Job ID       : 289876
Array task   : 2  →  protocol: gen_energy_B
Node         : aar018
Start time   : Fri Apr  3 01:19:17 CEST 2026
---------------------------------------------
Fri Apr  3 01:19:17 2026       
+-----------------------------------------------------------------------------------------+
| NVIDIA-SMI 560.35.03              Driver Version: 560.35.03      CUDA Version: 12.6     |
|-----------------------------------------+------------------------+----------------------+
| GPU  Name                 Persistence-M | Bus-Id          Disp.A | Volatile Uncorr. ECC |
| Fan  Temp   Perf          Pwr:Usage/Cap |           Memory-Usage | GPU-Util  Compute M. |
|                                         |                        |               MIG M. |
|=========================================+========================+======================|
|   0  NVIDIA A30                     Off |   00000000:65:00.0 Off |                    0 |
| N/A   61C    P0             45W /  165W |       1MiB /  24576MiB |      0%      Default |
|                                         |                        |             Disabled |
+-----------------------------------------+------------------------+----------------------+
                                                                                         
+-----------------------------------------------------------------------------------------+
| Processes:                                                                              |
---------------------------------------------
JAX devices: [cuda(id=0)]
GPU check passed: cuda:0
Output file  : /home/share_nfs/342-Projets_BGE/342.3-Gen-Chem/342.3.2-BioInfo/342.3.2.8-SeqModels/protein_design/colabdesign_energy_guidance/prg/PA_PB1/results/gen_energy_B.json
Running protocol: gen_energy_B ...
py3Dmol not installed
/home/share_nfs/342-Projets_BGE/342.3-Gen-Chem/342.3.2-BioInfo/342.3.2.8-SeqModels/protein_design/energy_model_params/PAPB1pep/PNB_2R_3lay_negbinom_energy_model_weights.json
[1/20] seed=0 ...
1 models [1] recycles 0 hard 0 soft 1 temp 1 loss 7.58 i_con 7.38 plddt 0.47 ptm 0.88 i_ptm 0.09 energy 7.38
2 models [1] recycles 0 hard 0 soft 1 temp 1 loss 7.65 i_con 7.46 plddt 0.57 ptm 0.88 i_ptm 0.10 energy 7.24
3 models [0] recycles 0 hard 0 soft 1 temp 1 loss 7.73 i_con 7.54 plddt 0.57 ptm 0.86 i_ptm 0.12 energy 7.03
4 models [0] recycles 0 hard 0 soft 1 temp 1 loss 7.33 i_con 7.15 plddt 0.60 ptm 0.86 i_ptm 0.14 energy 6.89
5 models [1] recycles 0 hard 0 soft 1 temp 1 loss 7.48 i_con 7.30 plddt 0.52 ptm 0.88 i_ptm 0.09 energy 6.80
6 models [1] recycles 0 hard 0 soft 1 temp 1 loss 6.70 i_con 6.52 plddt 0.51 ptm 0.88 i_ptm 0.09 energy 6.66
7 models [1] recycles 0 hard 0 soft 1 temp 1 loss 6.97 i_con 6.79 plddt 0.50 ptm 0.88 i_ptm 0.09 energy 6.59
8 models [0] recycles 0 hard 0 soft 1 temp 1 loss 6.23 i_con 6.05 plddt 0.50 ptm 0.86 i_ptm 0.11 energy 6.48
9 models [1] recycles 0 hard 0 soft 1 temp 1 loss 6.30 i_con 6.11 plddt 0.47 ptm 0.88 i_ptm 0.09 energy 6.51
10 models [0] recycles 0 hard 0 soft 1 temp 1 loss 5.35 i_con 5.16 plddt 0.39 ptm 0.87 i_ptm 0.10 energy 6.52
11 models [1] recycles 0 hard 0 soft 1 temp 1 loss 5.82 i_con 5.63 plddt 0.40 ptm 0.88 i_ptm 0.08 energy 6.59
12 models [1] recycles 0 hard 0 soft 1 temp 1 loss 5.95 i_con 5.76 plddt 0.45 ptm 0.88 i_ptm 0.09 energy 6.63
13 models [0] recycles 0 hard 0 soft 1 temp 1 loss 5.08 i_con 4.89 plddt 0.38 ptm 0.87 i_ptm 0.11 energy 6.54
14 models [1] recycles 0 hard 0 soft 1 temp 1 loss 5.79 i_con 5.61 plddt 0.44 ptm 0.88 i_ptm 0.08 energy 6.37
15 models [1] recycles 0 hard 0 soft 1 temp 1 loss 5.39 i_con 5.19 plddt 0.36 ptm 0.88 i_ptm 0.10 energy 6.50
16 models [1] recycles 0 hard 0 soft 1 temp 1 loss 5.37 i_con 5.18 plddt 0.35 ptm 0.88 i_ptm 0.10 energy 6.55
17 models [0] recycles 0 hard 0 soft 1 temp 1 loss 5.11 i_con 4.91 plddt 0.35 ptm 0.87 i_ptm 0.14 energy 6.88
18 models [0] recycles 0 hard 0 soft 1 temp 1 loss 5.11 i_con 4.92 plddt 0.37 ptm 0.87 i_ptm 0.18 energy 6.55
19 models [1] recycles 0 hard 0 soft 1 temp 1 loss 5.50 i_con 5.32 plddt 0.37 ptm 0.88 i_ptm 0.09 energy 6.24
20 models [1] recycles 0 hard 0 soft 1 temp 1 loss 5.44 i_con 5.25 plddt 0.39 ptm 0.88 i_ptm 0.10 energy 6.31
21 models [1] recycles 0 hard 0 soft 1 temp 1 loss 5.32 i_con 5.14 plddt 0.40 ptm 0.88 i_ptm 0.13 energy 6.04
22 models [0] recycles 0 hard 0 soft 1 temp 1 loss 5.06 i_con 4.89 plddt 0.37 ptm 0.87 i_ptm 0.18 energy 5.46
23 models [1] recycles 0 hard 0 soft 1 temp 1 loss 5.18 i_con 5.01 plddt 0.37 ptm 0.88 i_ptm 0.12 energy 5.17
24 models [1] recycles 0 hard 0 soft 1 temp 1 loss 5.24 i_con 5.07 plddt 0.35 ptm 0.88 i_ptm 0.16 energy 5.10
25 models [0] recycles 0 hard 0 soft 1 temp 1 loss 5.05 i_con 4.88 plddt 0.37 ptm 0.87 i_ptm 0.15 energy 5.27
26 models [1] recycles 0 hard 0 soft 1 temp 1 loss 5.31 i_con 5.15 plddt 0.36 ptm 0.88 i_ptm 0.11 energy 4.81
27 models [0] recycles 0 hard 0 soft 1 temp 1 loss 4.95 i_con 4.79 plddt 0.39 ptm 0.87 i_ptm 0.18 energy 4.81
28 models [1] recycles 0 hard 0 soft 1 temp 1 loss 5.48 i_con 5.33 plddt 0.36 ptm 0.88 i_ptm 0.10 energy 4.67
29 models [1] recycles 0 hard 0 soft 1 temp 1 loss 4.94 i_con 4.78 plddt 0.34 ptm 0.88 i_ptm 0.19 energy 4.75
30 models [0] recycles 0 hard 0 soft 1 temp 1 loss 4.71 i_con 4.56 plddt 0.40 ptm 0.87 i_ptm 0.23 energy 4.41
31 models [0] recycles 0 hard 0 soft 1 temp 1 loss 4.87 i_con 4.73 plddt 0.37 ptm 0.87 i_ptm 0.18 energy 3.83
32 models [1] recycles 0 hard 0 soft 1 temp 1 loss 4.73 i_con 4.59 plddt 0.36 ptm 0.88 i_ptm 0.22 energy 3.52
33 models [1] recycles 0 hard 0 soft 1 temp 1 loss 5.18 i_con 5.04 plddt 0.37 ptm 0.88 i_ptm 0.12 energy 3.55
34 models [0] recycles 0 hard 0 soft 1 temp 1 loss 4.68 i_con 4.54 plddt 0.40 ptm 0.87 i_ptm 0.21 energy 3.65
35 models [0] recycles 0 hard 0 soft 1 temp 1 loss 4.71 i_con 4.58 plddt 0.40 ptm 0.87 i_ptm 0.26 energy 3.22
36 models [0] recycles 0 hard 0 soft 1 temp 1 loss 4.85 i_con 4.73 plddt 0.40 ptm 0.87 i_ptm 0.21 energy 3.01
37 models [1] recycles 0 hard 0 soft 1 temp 1 loss 5.14 i_con 5.02 plddt 0.36 ptm 0.88 i_ptm 0.15 energy 2.73
38 models [1] recycles 0 hard 0 soft 1 temp 1 loss 5.36 i_con 5.24 plddt 0.36 ptm 0.88 i_ptm 0.12 energy 2.65
39 models [1] recycles 0 hard 0 soft 1 temp 1 loss 5.03 i_con 4.91 plddt 0.35 ptm 0.88 i_ptm 0.18 energy 2.70
40 models [1] recycles 0 hard 0 soft 1 temp 1 loss 4.67 i_con 4.56 plddt 0.36 ptm 0.88 i_ptm 0.23 energy 2.54
41 models [1] recycles 0 hard 0 soft 1 temp 1 loss 5.29 i_con 5.18 plddt 0.36 ptm 0.88 i_ptm 0.16 energy 2.32
42 models [0] recycles 0 hard 0 soft 1 temp 1 loss 4.61 i_con 4.50 plddt 0.40 ptm 0.87 i_ptm 0.22 energy 2.33
43 models [1] recycles 0 hard 0 soft 1 temp 1 loss 4.92 i_con 4.82 plddt 0.36 ptm 0.88 i_ptm 0.18 energy 1.92
44 models [1] recycles 0 hard 0 soft 1 temp 1 loss 4.96 i_con 4.85 plddt 0.34 ptm 0.88 i_ptm 0.18 energy 2.02
45 models [1] recycles 0 hard 0 soft 1 temp 1 loss 4.86 i_con 4.76 plddt 0.33 ptm 0.88 i_ptm 0.17 energy 1.64
46 models [1] recycles 0 hard 0 soft 1 temp 1 loss 5.02 i_con 4.92 plddt 0.34 ptm 0.88 i_ptm 0.17 energy 1.67
47 models [1] recycles 0 hard 0 soft 1 temp 1 loss 5.16 i_con 5.07 plddt 0.38 ptm 0.88 i_ptm 0.13 energy 1.28
48 models [0] recycles 0 hard 0 soft 1 temp 1 loss 4.57 i_con 4.49 plddt 0.41 ptm 0.87 i_ptm 0.23 energy 1.19
49 models [0] recycles 0 hard 0 soft 1 temp 1 loss 4.78 i_con 4.70 plddt 0.38 ptm 0.87 i_ptm 0.19 energy 1.07
50 models [0] recycles 0 hard 0 soft 1 temp 1 loss 4.55 i_con 4.48 plddt 0.41 ptm 0.87 i_ptm 0.22 energy 0.65
51 models [0] recycles 0 hard 0 soft 1 temp 1 loss 4.67 i_con 4.53 plddt 0.39 ptm 0.87 i_ptm 0.22 energy 0.75
52 models [0] recycles 0 hard 0 soft 1 temp 1 loss 4.64 i_con 4.53 plddt 0.38 ptm 0.87 i_ptm 0.25 energy 0.45
53 models [1] recycles 0 hard 0 soft 1 temp 1 loss 4.57 i_con 4.53 plddt 0.37 ptm 0.88 i_ptm 0.22 energy -0.29
54 models [1] recycles 0 hard 0 soft 1 temp 1 loss 4.91 i_con 4.91 plddt 0.36 ptm 0.88 i_ptm 0.17 energy -0.65
55 models [0] recycles 0 hard 0 soft 1 temp 1 loss 4.54 i_con 4.59 plddt 0.39 ptm 0.87 i_ptm 0.18 energy -1.17
56 models [0] recycles 0 hard 0 soft 1 temp 1 loss 4.52 i_con 4.57 plddt 0.38 ptm 0.87 i_ptm 0.22 energy -1.19
57 models [0] recycles 0 hard 0 soft 1 temp 1 loss 4.46 i_con 4.55 plddt 0.37 ptm 0.87 i_ptm 0.22 energy -1.53
58 models [0] recycles 0 hard 0 soft 1 temp 1 loss 4.32 i_con 4.43 plddt 0.39 ptm 0.87 i_ptm 0.24 energy -1.71
59 models [0] recycles 0 hard 0 soft 1 temp 1 loss 4.52 i_con 4.66 plddt 0.41 ptm 0.87 i_ptm 0.18 energy -2.07
60 models [0] recycles 0 hard 0 soft 1 temp 1 loss 4.30 i_con 4.47 plddt 0.39 ptm 0.87 i_ptm 0.22 energy -2.35
61 models [0] recycles 0 hard 0 soft 1 temp 1 loss 4.36 i_con 4.54 plddt 0.37 ptm 0.87 i_ptm 0.20 energy -2.40
62 models [0] recycles 0 hard 0 soft 1 temp 1 loss 4.04 i_con 4.26 plddt 0.39 ptm 0.87 i_ptm 0.24 energy -2.76
63 models [1] recycles 0 hard 0 soft 1 temp 1 loss 4.54 i_con 4.76 plddt 0.36 ptm 0.88 i_ptm 0.16 energy -2.84
64 models [1] recycles 0 hard 0 soft 1 temp 1 loss 4.32 i_con 4.55 plddt 0.36 ptm 0.88 i_ptm 0.20 energy -2.98
65 models [1] recycles 0 hard 0 soft 1 temp 1 loss 4.12 i_con 4.35 plddt 0.37 ptm 0.89 i_ptm 0.25 energy -2.97
66 models [0] recycles 0 hard 0 soft 1 temp 1 loss 4.05 i_con 4.29 plddt 0.37 ptm 0.87 i_ptm 0.24 energy -3.07
67 models [0] recycles 0 hard 0 soft 1 temp 1 loss 3.93 i_con 4.18 plddt 0.41 ptm 0.87 i_ptm 0.26 energy -3.08
68 models [0] recycles 0 hard 0 soft 1 temp 1 loss 4.07 i_con 4.32 plddt 0.40 ptm 0.87 i_ptm 0.24 energy -3.15
69 models [0] recycles 0 hard 0 soft 1 temp 1 loss 3.92 i_con 4.19 plddt 0.41 ptm 0.87 i_ptm 0.27 energy -3.28
70 models [1] recycles 0 hard 0 soft 1 temp 1 loss 3.97 i_con 4.26 plddt 0.39 ptm 0.89 i_ptm 0.25 energy -3.49
71 models [1] recycles 0 hard 0 soft 1 temp 1 loss 4.03 i_con 4.32 plddt 0.37 ptm 0.89 i_ptm 0.26 energy -3.51
72 models [0] recycles 0 hard 0 soft 1 temp 1 loss 3.76 i_con 4.05 plddt 0.42 ptm 0.87 i_ptm 0.29 energy -3.52
73 models [1] recycles 0 hard 0 soft 1 temp 1 loss 4.09 i_con 4.38 plddt 0.40 ptm 0.88 i_ptm 0.21 energy -3.53
74 models [0] recycles 0 hard 0 soft 1 temp 1 loss 4.29 i_con 4.59 plddt 0.45 ptm 0.87 i_ptm 0.22 energy -3.57
75 models [0] recycles 0 hard 0 soft 1 temp 1 loss 4.09 i_con 4.40 plddt 0.44 ptm 0.87 i_ptm 0.22 energy -3.71
76 models [0] recycles 0 hard 0 soft 1 temp 1 loss 3.80 i_con 4.12 plddt 0.45 ptm 0.87 i_ptm 0.26 energy -3.75
77 models [0] recycles 0 hard 0 soft 1 temp 1 loss 3.98 i_con 4.31 plddt 0.41 ptm 0.87 i_ptm 0.26 energy -3.89
78 models [0] recycles 0 hard 0 soft 1 temp 1 loss 3.93 i_con 4.25 plddt 0.41 ptm 0.87 i_ptm 0.23 energy -3.86
79 models [1] recycles 0 hard 0 soft 1 temp 1 loss 3.90 i_con 4.23 plddt 0.41 ptm 0.88 i_ptm 0.25 energy -3.81
80 models [1] recycles 0 hard 0 soft 1 temp 1 loss 3.92 i_con 4.24 plddt 0.39 ptm 0.89 i_ptm 0.24 energy -3.80
81 models [1] recycles 0 hard 0 soft 1 temp 1 loss 3.70 i_con 4.03 plddt 0.42 ptm 0.89 i_ptm 0.30 energy -3.88
82 models [1] recycles 0 hard 0 soft 1 temp 1 loss 3.82 i_con 4.15 plddt 0.40 ptm 0.89 i_ptm 0.29 energy -3.90
83 models [0] recycles 0 hard 0 soft 1 temp 1 loss 3.99 i_con 4.33 plddt 0.43 ptm 0.87 i_ptm 0.24 energy -3.96
84 models [1] recycles 0 hard 0 soft 1 temp 1 loss 3.87 i_con 4.21 plddt 0.42 ptm 0.89 i_ptm 0.29 energy -3.95
85 models [1] recycles 0 hard 0 soft 1 temp 1 loss 4.02 i_con 4.36 plddt 0.40 ptm 0.89 i_ptm 0.25 energy -3.98
86 models [1] recycles 0 hard 0 soft 1 temp 1 loss 3.83 i_con 4.17 plddt 0.41 ptm 0.89 i_ptm 0.28 energy -4.01
87 models [1] recycles 0 hard 0 soft 1 temp 1 loss 3.90 i_con 4.24 plddt 0.41 ptm 0.88 i_ptm 0.27 energy -4.07
88 models [0] recycles 0 hard 0 soft 1 temp 1 loss 3.98 i_con 4.32 plddt 0.44 ptm 0.87 i_ptm 0.23 energy -4.01
89 models [0] recycles 0 hard 0 soft 1 temp 1 loss 4.18 i_con 4.52 plddt 0.41 ptm 0.87 i_ptm 0.24 energy -4.07
90 models [0] recycles 0 hard 0 soft 1 temp 1 loss 3.97 i_con 4.31 plddt 0.41 ptm 0.87 i_ptm 0.24 energy -4.04
91 models [0] recycles 0 hard 0 soft 1 temp 1 loss 3.66 i_con 4.00 plddt 0.41 ptm 0.88 i_ptm 0.30 energy -4.05
92 models [0] recycles 0 hard 0 soft 1 temp 1 loss 3.69 i_con 4.04 plddt 0.42 ptm 0.87 i_ptm 0.32 energy -4.05
93 models [1] recycles 0 hard 0 soft 1 temp 1 loss 4.08 i_con 4.42 plddt 0.41 ptm 0.88 i_ptm 0.24 energy -3.95
94 models [0] recycles 0 hard 0 soft 1 temp 1 loss 3.82 i_con 4.17 plddt 0.43 ptm 0.87 i_ptm 0.29 energy -4.02
95 models [1] recycles 0 hard 0 soft 1 temp 1 loss 3.89 i_con 4.24 plddt 0.37 ptm 0.89 i_ptm 0.25 energy -4.18
96 models [1] recycles 0 hard 0 soft 1 temp 1 loss 3.73 i_con 4.08 plddt 0.44 ptm 0.89 i_ptm 0.29 energy -4.11
97 models [0] recycles 0 hard 0 soft 1 temp 1 loss 4.00 i_con 4.35 plddt 0.40 ptm 0.87 i_ptm 0.23 energy -4.13
98 models [0] recycles 0 hard 0 soft 1 temp 1 loss 4.08 i_con 4.43 plddt 0.38 ptm 0.87 i_ptm 0.23 energy -4.13
99 models [0] recycles 0 hard 0 soft 1 temp 1 loss 3.72 i_con 4.05 plddt 0.43 ptm 0.87 i_ptm 0.29 energy -3.93
100 models [0] recycles 0 hard 0 soft 1 temp 1 loss 3.81 i_con 4.17 plddt 0.42 ptm 0.87 i_ptm 0.29 energy -4.15
101 models [0] recycles 0 hard 0 soft 0 temp 1 loss 7.19 i_con 7.54 plddt 0.49 ptm 0.87 i_ptm 0.13 energy -19.74
102 models [1] recycles 0 hard 0 soft 0 temp 0.98 loss 6.70 i_con 7.04 plddt 0.48 ptm 0.88 i_ptm 0.10 energy -19.68
103 models [1] recycles 0 hard 0 soft 0 temp 0.96 loss 5.72 i_con 6.06 plddt 0.48 ptm 0.88 i_ptm 0.09 energy -19.54
104 models [0] recycles 0 hard 0 soft 0 temp 0.94 loss 4.14 i_con 4.46 plddt 0.38 ptm 0.87 i_ptm 0.23 energy -19.26
105 models [1] recycles 0 hard 0 soft 0 temp 0.92 loss 4.08 i_con 4.40 plddt 0.38 ptm 0.89 i_ptm 0.24 energy -19.20
106 models [1] recycles 0 hard 0 soft 0 temp 0.90 loss 3.65 i_con 3.98 plddt 0.44 ptm 0.89 i_ptm 0.34 energy -19.19
107 models [0] recycles 0 hard 0 soft 0 temp 0.88 loss 3.71 i_con 4.04 plddt 0.42 ptm 0.87 i_ptm 0.30 energy -19.44
108 models [0] recycles 0 hard 0 soft 0 temp 0.86 loss 3.37 i_con 3.71 plddt 0.44 ptm 0.88 i_ptm 0.43 energy -19.79
109 models [0] recycles 0 hard 0 soft 0 temp 0.84 loss 3.33 i_con 3.68 plddt 0.48 ptm 0.88 i_ptm 0.47 energy -19.85
110 models [1] recycles 0 hard 0 soft 0 temp 0.82 loss 3.47 i_con 3.82 plddt 0.47 ptm 0.89 i_ptm 0.39 energy -20.08
111 models [1] recycles 0 hard 0 soft 0 temp 0.80 loss 3.47 i_con 3.81 plddt 0.42 ptm 0.89 i_ptm 0.39 energy -19.93
112 models [0] recycles 0 hard 0 soft 0 temp 0.78 loss 3.34 i_con 3.69 plddt 0.46 ptm 0.88 i_ptm 0.44 energy -20.29
113 models [0] recycles 0 hard 0 soft 0 temp 0.76 loss 3.29 i_con 3.66 plddt 0.48 ptm 0.88 i_ptm 0.48 energy -20.90
114 models [1] recycles 0 hard 0 soft 0 temp 0.74 loss 3.09 i_con 3.47 plddt 0.48 ptm 0.90 i_ptm 0.51 energy -21.52
115 models [1] recycles 0 hard 0 soft 0 temp 0.72 loss 3.41 i_con 3.79 plddt 0.45 ptm 0.89 i_ptm 0.38 energy -21.73
116 models [1] recycles 0 hard 0 soft 0 temp 0.70 loss 3.43 i_con 3.81 plddt 0.43 ptm 0.89 i_ptm 0.39 energy -21.67
117 models [0] recycles 0 hard 0 soft 0 temp 0.68 loss 3.28 i_con 3.66 plddt 0.45 ptm 0.88 i_ptm 0.46 energy -21.72
118 models [0] recycles 0 hard 0 soft 0 temp 0.66 loss 3.23 i_con 3.62 plddt 0.47 ptm 0.88 i_ptm 0.46 energy -21.87
119 models [1] recycles 0 hard 0 soft 0 temp 0.64 loss 2.94 i_con 3.33 plddt 0.57 ptm 0.90 i_ptm 0.62 energy -21.65
120 models [0] recycles 0 hard 0 soft 0 temp 0.62 loss 3.19 i_con 3.57 plddt 0.48 ptm 0.88 i_ptm 0.50 energy -21.69
121 models [1] recycles 0 hard 0 soft 0 temp 0.60 loss 2.72 i_con 3.11 plddt 0.61 ptm 0.90 i_ptm 0.67 energy -21.59
122 models [0] recycles 0 hard 0 soft 0 temp 0.58 loss 2.89 i_con 3.27 plddt 0.56 ptm 0.89 i_ptm 0.62 energy -21.23
123 models [1] recycles 0 hard 0 soft 0 temp 0.56 loss 2.81 i_con 3.20 plddt 0.58 ptm 0.91 i_ptm 0.64 energy -21.51
124 models [0] recycles 0 hard 0 soft 0 temp 0.54 loss 2.87 i_con 3.25 plddt 0.55 ptm 0.89 i_ptm 0.60 energy -21.42
125 models [0] recycles 0 hard 0 soft 0 temp 0.52 loss 2.71 i_con 3.11 plddt 0.57 ptm 0.89 i_ptm 0.62 energy -22.19
126 models [0] recycles 0 hard 0 soft 0 temp 0.50 loss 2.78 i_con 3.19 plddt 0.58 ptm 0.89 i_ptm 0.64 energy -22.46
127 models [0] recycles 0 hard 0 soft 0 temp 0.48 loss 2.65 i_con 3.07 plddt 0.59 ptm 0.89 i_ptm 0.65 energy -22.85
128 models [1] recycles 0 hard 0 soft 0 temp 0.46 loss 2.91 i_con 3.33 plddt 0.55 ptm 0.90 i_ptm 0.61 energy -23.10
129 models [1] recycles 0 hard 0 soft 0 temp 0.44 loss 2.87 i_con 3.29 plddt 0.56 ptm 0.90 i_ptm 0.63 energy -23.05
130 models [1] recycles 0 hard 0 soft 0 temp 0.42 loss 2.65 i_con 3.07 plddt 0.61 ptm 0.90 i_ptm 0.65 energy -23.03
131 models [0] recycles 0 hard 0 soft 0 temp 0.40 loss 3.06 i_con 3.48 plddt 0.51 ptm 0.88 i_ptm 0.56 energy -23.16
132 models [0] recycles 0 hard 0 soft 0 temp 0.38 loss 2.86 i_con 3.28 plddt 0.56 ptm 0.88 i_ptm 0.61 energy -23.00
133 models [0] recycles 0 hard 0 soft 0 temp 0.36 loss 2.65 i_con 3.07 plddt 0.58 ptm 0.89 i_ptm 0.64 energy -23.19
134 models [0] recycles 0 hard 0 soft 0 temp 0.34 loss 2.73 i_con 3.16 plddt 0.56 ptm 0.89 i_ptm 0.61 energy -23.61
135 models [1] recycles 0 hard 0 soft 0 temp 0.32 loss 2.61 i_con 3.04 plddt 0.61 ptm 0.91 i_ptm 0.69 energy -23.79
136 models [1] recycles 0 hard 0 soft 0 temp 0.30 loss 2.47 i_con 2.91 plddt 0.63 ptm 0.91 i_ptm 0.72 energy -23.78
137 models [1] recycles 0 hard 0 soft 0 temp 0.28 loss 2.35 i_con 2.80 plddt 0.66 ptm 0.91 i_ptm 0.74 energy -24.20
138 models [1] recycles 0 hard 0 soft 0 temp 0.26 loss 2.36 i_con 2.81 plddt 0.66 ptm 0.91 i_ptm 0.75 energy -24.18
139 models [1] recycles 0 hard 0 soft 0 temp 0.24 loss 2.05 i_con 2.50 plddt 0.71 ptm 0.91 i_ptm 0.78 energy -24.23
140 models [1] recycles 0 hard 0 soft 0 temp 0.22 loss 2.11 i_con 2.57 plddt 0.70 ptm 0.91 i_ptm 0.77 energy -24.59
141 models [0] recycles 0 hard 0 soft 0 temp 0.20 loss 2.75 i_con 3.21 plddt 0.57 ptm 0.89 i_ptm 0.64 energy -25.12
142 models [0] recycles 0 hard 0 soft 0 temp 0.18 loss 2.71 i_con 3.18 plddt 0.57 ptm 0.89 i_ptm 0.62 energy -25.45
143 models [1] recycles 0 hard 0 soft 0 temp 0.16 loss 2.33 i_con 2.81 plddt 0.67 ptm 0.91 i_ptm 0.74 energy -25.67
144 models [0] recycles 0 hard 0 soft 0 temp 0.14 loss 2.66 i_con 3.13 plddt 0.59 ptm 0.89 i_ptm 0.67 energy -25.56
145 models [1] recycles 0 hard 0 soft 0 temp 0.12 loss 2.27 i_con 2.76 plddt 0.67 ptm 0.91 i_ptm 0.75 energy -26.14
146 models [1] recycles 0 hard 0 soft 0 temp 0.10 loss 2.01 i_con 2.51 plddt 0.73 ptm 0.92 i_ptm 0.80 energy -26.64
147 models [0] recycles 0 hard 0 soft 0 temp 0.08 loss 2.73 i_con 3.22 plddt 0.56 ptm 0.88 i_ptm 0.61 energy -26.77
148 models [1] recycles 0 hard 0 soft 0 temp 0.06 loss 2.08 i_con 2.60 plddt 0.71 ptm 0.91 i_ptm 0.79 energy -27.34
149 models [0] recycles 0 hard 0 soft 0 temp 0.04 loss 2.56 i_con 3.07 plddt 0.60 ptm 0.89 i_ptm 0.66 energy -27.59
150 models [1] recycles 0 hard 0 soft 0 temp 0.02 loss 2.22 i_con 2.74 plddt 0.69 ptm 0.91 i_ptm 0.77 energy -27.86
151 models [1] recycles 0 hard 1 soft 0 temp 0.00 loss 3.29 i_con 3.81 plddt 0.41 ptm 0.90 i_ptm 0.40 energy -2.91
152 models [1] recycles 0 hard 1 soft 0 temp 0.00 loss 3.29 i_con 3.81 plddt 0.41 ptm 0.90 i_ptm 0.40 energy -2.91
153 models [1] recycles 0 hard 1 soft 0 temp 0.00 loss 3.29 i_con 3.81 plddt 0.41 ptm 0.90 i_ptm 0.40 energy -2.91
154 models [0] recycles 0 hard 1 soft 0 temp 0.00 loss 3.41 i_con 3.93 plddt 0.40 ptm 0.88 i_ptm 0.34 energy -2.91
155 models [1] recycles 0 hard 1 soft 0 temp 0.00 loss 3.29 i_con 3.81 plddt 0.41 ptm 0.90 i_ptm 0.40 energy -2.91
156 models [1] recycles 0 hard 1 soft 0 temp 0.00 loss 3.29 i_con 3.81 plddt 0.41 ptm 0.90 i_ptm 0.40 energy -2.91
157 models [0] recycles 0 hard 1 soft 0 temp 0.00 loss 3.41 i_con 3.93 plddt 0.40 ptm 0.88 i_ptm 0.34 energy -2.91
158 models [0] recycles 0 hard 1 soft 0 temp 0.00 loss 3.41 i_con 3.93 plddt 0.40 ptm 0.88 i_ptm 0.34 energy -2.91
159 models [1] recycles 0 hard 1 soft 0 temp 0.00 loss 3.29 i_con 3.81 plddt 0.41 ptm 0.90 i_ptm 0.40 energy -2.91
160 models [1] recycles 0 hard 1 soft 0 temp 0.00 loss 3.29 i_con 3.81 plddt 0.41 ptm 0.90 i_ptm 0.40 energy -2.91
161 models [0] recycles 0 hard 1 soft 0 temp 0.00 loss 3.41 i_con 3.93 plddt 0.40 ptm 0.88 i_ptm 0.34 energy -2.91
162 models [1] recycles 0 hard 1 soft 0 temp 0.00 loss 3.29 i_con 3.81 plddt 0.41 ptm 0.90 i_ptm 0.40 energy -2.91
163 models [0] recycles 0 hard 1 soft 0 temp 0.00 loss 3.41 i_con 3.93 plddt 0.40 ptm 0.88 i_ptm 0.34 energy -2.91
164 models [1] recycles 0 hard 1 soft 0 temp 0.00 loss 3.29 i_con 3.81 plddt 0.41 ptm 0.90 i_ptm 0.40 energy -2.91
165 models [0] recycles 0 hard 1 soft 0 temp 0.00 loss 3.41 i_con 3.93 plddt 0.40 ptm 0.88 i_ptm 0.34 energy -2.91
166 models [1] recycles 0 hard 1 soft 0 temp 0.00 loss 3.29 i_con 3.81 plddt 0.41 ptm 0.90 i_ptm 0.40 energy -2.91
167 models [0] recycles 0 hard 1 soft 0 temp 0.00 loss 3.41 i_con 3.93 plddt 0.40 ptm 0.88 i_ptm 0.34 energy -2.91
168 models [0] recycles 0 hard 1 soft 0 temp 0.00 loss 3.41 i_con 3.93 plddt 0.40 ptm 0.88 i_ptm 0.34 energy -2.91
169 models [0] recycles 0 hard 1 soft 0 temp 0.00 loss 3.41 i_con 3.93 plddt 0.40 ptm 0.88 i_ptm 0.34 energy -2.91
170 models [1] recycles 0 hard 1 soft 0 temp 0.00 loss 3.29 i_con 3.81 plddt 0.41 ptm 0.90 i_ptm 0.40 energy -2.91
171 models [0] recycles 0 hard 1 soft 0 temp 0.00 loss 3.41 i_con 3.93 plddt 0.40 ptm 0.88 i_ptm 0.34 energy -2.91
172 models [1] recycles 0 hard 1 soft 0 temp 0.00 loss 3.29 i_con 3.81 plddt 0.41 ptm 0.90 i_ptm 0.40 energy -2.91
173 models [0] recycles 0 hard 1 soft 0 temp 0.00 loss 3.41 i_con 3.93 plddt 0.40 ptm 0.88 i_ptm 0.34 energy -2.91
174 models [0] recycles 0 hard 1 soft 0 temp 0.00 loss 3.41 i_con 3.93 plddt 0.40 ptm 0.88 i_ptm 0.34 energy -2.91
175 models [1] recycles 0 hard 1 soft 0 temp 0.00 loss 3.29 i_con 3.81 plddt 0.41 ptm 0.90 i_ptm 0.40 energy -2.91
176 models [1] recycles 0 hard 1 soft 0 temp 0.00 loss 3.29 i_con 3.81 plddt 0.41 ptm 0.90 i_ptm 0.40 energy -2.91
177 models [1] recycles 0 hard 1 soft 0 temp 0.00 loss 3.29 i_con 3.81 plddt 0.41 ptm 0.90 i_ptm 0.40 energy -2.91
178 models [0] recycles 0 hard 1 soft 0 temp 0.00 loss 3.41 i_con 3.93 plddt 0.40 ptm 0.88 i_ptm 0.34 energy -2.91
179 models [0] recycles 0 hard 1 soft 0 temp 0.00 loss 3.41 i_con 3.93 plddt 0.40 ptm 0.88 i_ptm 0.34 energy -2.91
180 models [1] recycles 0 hard 1 soft 0 temp 0.00 loss 3.29 i_con 3.81 plddt 0.41 ptm 0.90 i_ptm 0.40 energy -2.91
  seq=AAGSPGELLLALLCC  loss=3.2870  loss_af=3.8691  energy=-2.9104  i_ptm=0.4006
[2/20] seed=1 ...
1 models [0] recycles 0 hard 0 soft 1 temp 1 loss 8.09 i_con 7.90 plddt 0.56 ptm 0.86 i_ptm 0.13 energy 7.40
2 models [1] recycles 0 hard 0 soft 1 temp 1 loss 7.42 i_con 7.22 plddt 0.53 ptm 0.88 i_ptm 0.08 energy 7.30
3 models [0] recycles 0 hard 0 soft 1 temp 1 loss 7.41 i_con 7.22 plddt 0.52 ptm 0.86 i_ptm 0.12 energy 7.18
4 models [1] recycles 0 hard 0 soft 1 temp 1 loss 7.08 i_con 6.89 plddt 0.53 ptm 0.88 i_ptm 0.09 energy 7.06
5 models [0] recycles 0 hard 0 soft 1 temp 1 loss 6.93 i_con 6.75 plddt 0.58 ptm 0.86 i_ptm 0.13 energy 6.93
6 models [1] recycles 0 hard 0 soft 1 temp 1 loss 7.34 i_con 7.15 plddt 0.49 ptm 0.88 i_ptm 0.09 energy 6.86
7 models [1] recycles 0 hard 0 soft 1 temp 1 loss 7.04 i_con 6.85 plddt 0.51 ptm 0.88 i_ptm 0.08 energy 6.79
8 models [1] recycles 0 hard 0 soft 1 temp 1 loss 6.88 i_con 6.69 plddt 0.52 ptm 0.88 i_ptm 0.09 energy 6.81
9 models [1] recycles 0 hard 0 soft 1 temp 1 loss 6.30 i_con 6.11 plddt 0.52 ptm 0.88 i_ptm 0.08 energy 6.85
10 models [0] recycles 0 hard 0 soft 1 temp 1 loss 5.73 i_con 5.54 plddt 0.44 ptm 0.86 i_ptm 0.11 energy 7.00
11 models [1] recycles 0 hard 0 soft 1 temp 1 loss 6.29 i_con 6.10 plddt 0.48 ptm 0.88 i_ptm 0.07 energy 6.95
12 models [1] recycles 0 hard 0 soft 1 temp 1 loss 6.18 i_con 5.99 plddt 0.50 ptm 0.88 i_ptm 0.08 energy 6.74
13 models [1] recycles 0 hard 0 soft 1 temp 1 loss 6.04 i_con 5.85 plddt 0.50 ptm 0.88 i_ptm 0.08 energy 7.01
14 models [0] recycles 0 hard 0 soft 1 temp 1 loss 5.45 i_con 5.25 plddt 0.41 ptm 0.86 i_ptm 0.11 energy 7.06
15 models [0] recycles 0 hard 0 soft 1 temp 1 loss 4.97 i_con 4.77 plddt 0.34 ptm 0.86 i_ptm 0.15 energy 6.97
16 models [0] recycles 0 hard 0 soft 1 temp 1 loss 4.74 i_con 4.55 plddt 0.41 ptm 0.87 i_ptm 0.21 energy 6.45
17 models [0] recycles 0 hard 0 soft 1 temp 1 loss 4.68 i_con 4.49 plddt 0.36 ptm 0.87 i_ptm 0.19 energy 6.50
18 models [1] recycles 0 hard 0 soft 1 temp 1 loss 5.60 i_con 5.42 plddt 0.44 ptm 0.88 i_ptm 0.09 energy 5.93
19 models [1] recycles 0 hard 0 soft 1 temp 1 loss 5.84 i_con 5.65 plddt 0.43 ptm 0.88 i_ptm 0.08 energy 6.35
20 models [1] recycles 0 hard 0 soft 1 temp 1 loss 5.23 i_con 5.04 plddt 0.39 ptm 0.88 i_ptm 0.12 energy 6.66
21 models [0] recycles 0 hard 0 soft 1 temp 1 loss 4.62 i_con 4.42 plddt 0.38 ptm 0.87 i_ptm 0.20 energy 6.83
22 models [1] recycles 0 hard 0 soft 1 temp 1 loss 5.26 i_con 5.07 plddt 0.36 ptm 0.88 i_ptm 0.13 energy 6.32
23 models [1] recycles 0 hard 0 soft 1 temp 1 loss 5.27 i_con 5.08 plddt 0.35 ptm 0.88 i_ptm 0.14 energy 6.31
24 models [1] recycles 0 hard 0 soft 1 temp 1 loss 5.27 i_con 5.07 plddt 0.35 ptm 0.88 i_ptm 0.13 energy 6.57
25 models [0] recycles 0 hard 0 soft 1 temp 1 loss 4.73 i_con 4.55 plddt 0.40 ptm 0.87 i_ptm 0.23 energy 6.22
26 models [0] recycles 0 hard 0 soft 1 temp 1 loss 5.01 i_con 4.82 plddt 0.38 ptm 0.87 i_ptm 0.17 energy 6.51
27 models [1] recycles 0 hard 0 soft 1 temp 1 loss 5.45 i_con 5.26 plddt 0.37 ptm 0.88 i_ptm 0.10 energy 6.27
28 models [1] recycles 0 hard 0 soft 1 temp 1 loss 5.14 i_con 4.94 plddt 0.35 ptm 0.88 i_ptm 0.15 energy 6.51
29 models [1] recycles 0 hard 0 soft 1 temp 1 loss 5.19 i_con 5.00 plddt 0.41 ptm 0.88 i_ptm 0.13 energy 6.34
30 models [0] recycles 0 hard 0 soft 1 temp 1 loss 4.60 i_con 4.41 plddt 0.41 ptm 0.87 i_ptm 0.21 energy 6.62
31 models [0] recycles 0 hard 0 soft 1 temp 1 loss 4.75 i_con 4.56 plddt 0.38 ptm 0.87 i_ptm 0.20 energy 6.30
32 models [1] recycles 0 hard 0 soft 1 temp 1 loss 5.27 i_con 5.08 plddt 0.39 ptm 0.88 i_ptm 0.12 energy 6.58
33 models [0] recycles 0 hard 0 soft 1 temp 1 loss 4.66 i_con 4.47 plddt 0.40 ptm 0.87 i_ptm 0.22 energy 6.46
34 models [0] recycles 0 hard 0 soft 1 temp 1 loss 4.56 i_con 4.38 plddt 0.39 ptm 0.87 i_ptm 0.22 energy 5.87
35 models [0] recycles 0 hard 0 soft 1 temp 1 loss 4.68 i_con 4.50 plddt 0.38 ptm 0.87 i_ptm 0.19 energy 5.97
36 models [0] recycles 0 hard 0 soft 1 temp 1 loss 4.62 i_con 4.45 plddt 0.38 ptm 0.87 i_ptm 0.21 energy 5.67
37 models [0] recycles 0 hard 0 soft 1 temp 1 loss 4.48 i_con 4.30 plddt 0.37 ptm 0.87 i_ptm 0.23 energy 5.73
38 models [0] recycles 0 hard 0 soft 1 temp 1 loss 4.49 i_con 4.33 plddt 0.38 ptm 0.87 i_ptm 0.24 energy 5.24
39 models [1] recycles 0 hard 0 soft 1 temp 1 loss 5.39 i_con 5.22 plddt 0.41 ptm 0.88 i_ptm 0.09 energy 5.39
40 models [0] recycles 0 hard 0 soft 1 temp 1 loss 4.44 i_con 4.28 plddt 0.42 ptm 0.87 i_ptm 0.24 energy 5.33
41 models [0] recycles 0 hard 0 soft 1 temp 1 loss 4.87 i_con 4.70 plddt 0.35 ptm 0.87 i_ptm 0.16 energy 5.17
42 models [1] recycles 0 hard 0 soft 1 temp 1 loss 5.01 i_con 4.84 plddt 0.37 ptm 0.88 i_ptm 0.17 energy 5.15
43 models [1] recycles 0 hard 0 soft 1 temp 1 loss 5.41 i_con 5.24 plddt 0.39 ptm 0.88 i_ptm 0.11 energy 5.42
44 models [0] recycles 0 hard 0 soft 1 temp 1 loss 5.10 i_con 4.93 plddt 0.40 ptm 0.86 i_ptm 0.12 energy 5.38
45 models [0] recycles 0 hard 0 soft 1 temp 1 loss 4.45 i_con 4.28 plddt 0.39 ptm 0.87 i_ptm 0.25 energy 5.40
46 models [0] recycles 0 hard 0 soft 1 temp 1 loss 4.76 i_con 4.60 plddt 0.42 ptm 0.87 i_ptm 0.20 energy 5.04
47 models [0] recycles 0 hard 0 soft 1 temp 1 loss 4.54 i_con 4.37 plddt 0.37 ptm 0.87 i_ptm 0.19 energy 5.14
48 models [0] recycles 0 hard 0 soft 1 temp 1 loss 4.62 i_con 4.46 plddt 0.38 ptm 0.87 i_ptm 0.22 energy 4.91
49 models [0] recycles 0 hard 0 soft 1 temp 1 loss 4.69 i_con 4.53 plddt 0.39 ptm 0.87 i_ptm 0.19 energy 4.76
50 models [1] recycles 0 hard 0 soft 1 temp 1 loss 5.41 i_con 5.26 plddt 0.37 ptm 0.88 i_ptm 0.10 energy 4.58
51 models [1] recycles 0 hard 0 soft 1 temp 1 loss 5.18 i_con 4.67 plddt 0.36 ptm 0.88 i_ptm 0.18 energy 4.54
52 models [1] recycles 0 hard 0 soft 1 temp 1 loss 5.34 i_con 4.85 plddt 0.34 ptm 0.88 i_ptm 0.13 energy 4.17
53 models [1] recycles 0 hard 0 soft 1 temp 1 loss 5.11 i_con 4.69 plddt 0.33 ptm 0.88 i_ptm 0.17 energy 3.51
54 models [0] recycles 0 hard 0 soft 1 temp 1 loss 4.67 i_con 4.30 plddt 0.39 ptm 0.87 i_ptm 0.19 energy 3.10
55 models [0] recycles 0 hard 0 soft 1 temp 1 loss 4.65 i_con 4.37 plddt 0.40 ptm 0.87 i_ptm 0.19 energy 2.15
56 models [0] recycles 0 hard 0 soft 1 temp 1 loss 4.30 i_con 4.09 plddt 0.36 ptm 0.87 i_ptm 0.23 energy 1.44
57 models [0] recycles 0 hard 0 soft 1 temp 1 loss 4.19 i_con 4.04 plddt 0.41 ptm 0.87 i_ptm 0.25 energy 0.87
58 models [0] recycles 0 hard 0 soft 1 temp 1 loss 4.17 i_con 4.06 plddt 0.42 ptm 0.87 i_ptm 0.27 energy 0.45
59 models [0] recycles 0 hard 0 soft 1 temp 1 loss 4.17 i_con 4.11 plddt 0.41 ptm 0.87 i_ptm 0.24 energy -0.02
60 models [1] recycles 0 hard 0 soft 1 temp 1 loss 5.00 i_con 4.96 plddt 0.34 ptm 0.88 i_ptm 0.14 energy -0.18
61 models [1] recycles 0 hard 0 soft 1 temp 1 loss 4.62 i_con 4.60 plddt 0.33 ptm 0.88 i_ptm 0.19 energy -0.53
62 models [0] recycles 0 hard 0 soft 1 temp 1 loss 3.94 i_con 3.92 plddt 0.45 ptm 0.88 i_ptm 0.31 energy -0.35
63 models [0] recycles 0 hard 0 soft 1 temp 1 loss 4.09 i_con 4.12 plddt 0.45 ptm 0.87 i_ptm 0.28 energy -0.83
64 models [0] recycles 0 hard 0 soft 1 temp 1 loss 3.94 i_con 4.00 plddt 0.43 ptm 0.87 i_ptm 0.30 energy -1.13
65 models [1] recycles 0 hard 0 soft 1 temp 1 loss 4.23 i_con 4.31 plddt 0.38 ptm 0.89 i_ptm 0.21 energy -1.45
66 models [1] recycles 0 hard 0 soft 1 temp 1 loss 4.16 i_con 4.23 plddt 0.35 ptm 0.89 i_ptm 0.22 energy -1.37
67 models [0] recycles 0 hard 0 soft 1 temp 1 loss 3.80 i_con 3.89 plddt 0.43 ptm 0.87 i_ptm 0.33 energy -1.39
68 models [0] recycles 0 hard 0 soft 1 temp 1 loss 3.81 i_con 3.92 plddt 0.42 ptm 0.87 i_ptm 0.31 energy -1.71
69 models [1] recycles 0 hard 0 soft 1 temp 1 loss 4.07 i_con 4.19 plddt 0.37 ptm 0.89 i_ptm 0.24 energy -1.77
70 models [1] recycles 0 hard 0 soft 1 temp 1 loss 3.86 i_con 3.99 plddt 0.41 ptm 0.89 i_ptm 0.32 energy -1.89
71 models [1] recycles 0 hard 0 soft 1 temp 1 loss 4.64 i_con 4.73 plddt 0.35 ptm 0.88 i_ptm 0.17 energy -1.56
72 models [1] recycles 0 hard 0 soft 1 temp 1 loss 3.96 i_con 4.07 plddt 0.39 ptm 0.89 i_ptm 0.28 energy -1.71
73 models [0] recycles 0 hard 0 soft 1 temp 1 loss 3.84 i_con 3.98 plddt 0.41 ptm 0.88 i_ptm 0.29 energy -1.99
74 models [0] recycles 0 hard 0 soft 1 temp 1 loss 3.86 i_con 4.06 plddt 0.43 ptm 0.87 i_ptm 0.28 energy -2.48
75 models [1] recycles 0 hard 0 soft 1 temp 1 loss 3.76 i_con 3.96 plddt 0.40 ptm 0.89 i_ptm 0.33 energy -2.60
76 models [1] recycles 0 hard 0 soft 1 temp 1 loss 3.87 i_con 4.05 plddt 0.40 ptm 0.89 i_ptm 0.29 energy -2.41
77 models [1] recycles 0 hard 0 soft 1 temp 1 loss 3.65 i_con 3.85 plddt 0.42 ptm 0.89 i_ptm 0.38 energy -2.65
78 models [1] recycles 0 hard 0 soft 1 temp 1 loss 3.96 i_con 4.20 plddt 0.40 ptm 0.89 i_ptm 0.26 energy -2.93
79 models [0] recycles 0 hard 0 soft 1 temp 1 loss 3.69 i_con 3.94 plddt 0.43 ptm 0.88 i_ptm 0.33 energy -2.99
80 models [1] recycles 0 hard 0 soft 1 temp 1 loss 3.59 i_con 3.85 plddt 0.44 ptm 0.89 i_ptm 0.37 energy -3.19
81 models [0] recycles 0 hard 0 soft 1 temp 1 loss 3.55 i_con 3.80 plddt 0.43 ptm 0.88 i_ptm 0.34 energy -3.14
82 models [0] recycles 0 hard 0 soft 1 temp 1 loss 3.58 i_con 3.85 plddt 0.45 ptm 0.87 i_ptm 0.33 energy -3.29
83 models [1] recycles 0 hard 0 soft 1 temp 1 loss 3.52 i_con 3.81 plddt 0.45 ptm 0.89 i_ptm 0.39 energy -3.40
84 models [1] recycles 0 hard 0 soft 1 temp 1 loss 3.39 i_con 3.68 plddt 0.46 ptm 0.90 i_ptm 0.45 energy -3.52
85 models [1] recycles 0 hard 0 soft 1 temp 1 loss 3.49 i_con 3.79 plddt 0.44 ptm 0.89 i_ptm 0.39 energy -3.53
86 models [1] recycles 0 hard 0 soft 1 temp 1 loss 3.53 i_con 3.84 plddt 0.44 ptm 0.89 i_ptm 0.39 energy -3.59
87 models [1] recycles 0 hard 0 soft 1 temp 1 loss 3.43 i_con 3.73 plddt 0.47 ptm 0.89 i_ptm 0.42 energy -3.57
88 models [0] recycles 0 hard 0 soft 1 temp 1 loss 3.43 i_con 3.74 plddt 0.44 ptm 0.88 i_ptm 0.41 energy -3.68
89 models [1] recycles 0 hard 0 soft 1 temp 1 loss 3.61 i_con 3.93 plddt 0.42 ptm 0.89 i_ptm 0.36 energy -3.79
90 models [1] recycles 0 hard 0 soft 1 temp 1 loss 3.50 i_con 3.81 plddt 0.43 ptm 0.89 i_ptm 0.40 energy -3.59
91 models [0] recycles 0 hard 0 soft 1 temp 1 loss 3.41 i_con 3.72 plddt 0.45 ptm 0.88 i_ptm 0.40 energy -3.68
92 models [1] recycles 0 hard 0 soft 1 temp 1 loss 3.38 i_con 3.71 plddt 0.46 ptm 0.90 i_ptm 0.45 energy -3.85
93 models [1] recycles 0 hard 0 soft 1 temp 1 loss 3.76 i_con 4.06 plddt 0.40 ptm 0.89 i_ptm 0.31 energy -3.66
94 models [1] recycles 0 hard 0 soft 1 temp 1 loss 3.42 i_con 3.72 plddt 0.47 ptm 0.90 i_ptm 0.43 energy -3.53
95 models [0] recycles 0 hard 0 soft 1 temp 1 loss 3.45 i_con 3.77 plddt 0.46 ptm 0.88 i_ptm 0.43 energy -3.68
96 models [1] recycles 0 hard 0 soft 1 temp 1 loss 3.43 i_con 3.78 plddt 0.47 ptm 0.90 i_ptm 0.41 energy -3.95
97 models [0] recycles 0 hard 0 soft 1 temp 1 loss 3.23 i_con 3.56 plddt 0.48 ptm 0.88 i_ptm 0.53 energy -3.84
98 models [1] recycles 0 hard 0 soft 1 temp 1 loss 3.51 i_con 3.85 plddt 0.42 ptm 0.89 i_ptm 0.39 energy -3.97
99 models [1] recycles 0 hard 0 soft 1 temp 1 loss 3.48 i_con 3.81 plddt 0.46 ptm 0.89 i_ptm 0.40 energy -3.84
100 models [1] recycles 0 hard 0 soft 1 temp 1 loss 3.42 i_con 3.76 plddt 0.43 ptm 0.90 i_ptm 0.43 energy -3.95
101 models [0] recycles 0 hard 0 soft 0 temp 1 loss 4.78 i_con 5.05 plddt 0.41 ptm 0.87 i_ptm 0.21 energy -16.50
102 models [0] recycles 0 hard 0 soft 0 temp 0.98 loss 3.93 i_con 4.20 plddt 0.45 ptm 0.87 i_ptm 0.28 energy -16.32
103 models [0] recycles 0 hard 0 soft 0 temp 0.96 loss 3.68 i_con 3.95 plddt 0.47 ptm 0.88 i_ptm 0.39 energy -16.29
104 models [0] recycles 0 hard 0 soft 0 temp 0.94 loss 3.58 i_con 3.85 plddt 0.46 ptm 0.88 i_ptm 0.41 energy -16.42
105 models [1] recycles 0 hard 0 soft 0 temp 0.92 loss 3.70 i_con 3.97 plddt 0.39 ptm 0.89 i_ptm 0.34 energy -16.59
106 models [1] recycles 0 hard 0 soft 0 temp 0.90 loss 3.49 i_con 3.76 plddt 0.38 ptm 0.89 i_ptm 0.39 energy -16.64
107 models [1] recycles 0 hard 0 soft 0 temp 0.88 loss 3.26 i_con 3.56 plddt 0.49 ptm 0.90 i_ptm 0.49 energy -17.29
108 models [0] recycles 0 hard 0 soft 0 temp 0.86 loss 3.08 i_con 3.38 plddt 0.52 ptm 0.88 i_ptm 0.58 energy -17.61
109 models [1] recycles 0 hard 0 soft 0 temp 0.84 loss 3.06 i_con 3.39 plddt 0.51 ptm 0.90 i_ptm 0.54 energy -18.47
110 models [0] recycles 0 hard 0 soft 0 temp 0.82 loss 3.40 i_con 3.72 plddt 0.44 ptm 0.88 i_ptm 0.43 energy -19.22
111 models [1] recycles 0 hard 0 soft 0 temp 0.80 loss 2.95 i_con 3.29 plddt 0.56 ptm 0.90 i_ptm 0.59 energy -19.50
112 models [0] recycles 0 hard 0 soft 0 temp 0.78 loss 3.17 i_con 3.53 plddt 0.50 ptm 0.88 i_ptm 0.54 energy -20.21
113 models [0] recycles 0 hard 0 soft 0 temp 0.76 loss 3.13 i_con 3.48 plddt 0.49 ptm 0.88 i_ptm 0.51 energy -20.37
114 models [1] recycles 0 hard 0 soft 0 temp 0.74 loss 2.79 i_con 3.17 plddt 0.57 ptm 0.90 i_ptm 0.65 energy -21.10
115 models [0] recycles 0 hard 0 soft 0 temp 0.72 loss 3.03 i_con 3.41 plddt 0.52 ptm 0.89 i_ptm 0.54 energy -21.43
116 models [1] recycles 0 hard 0 soft 0 temp 0.70 loss 2.72 i_con 3.11 plddt 0.57 ptm 0.91 i_ptm 0.67 energy -21.77
117 models [0] recycles 0 hard 0 soft 0 temp 0.68 loss 2.96 i_con 3.35 plddt 0.52 ptm 0.88 i_ptm 0.60 energy -21.98
118 models [1] recycles 0 hard 0 soft 0 temp 0.66 loss 2.88 i_con 3.30 plddt 0.54 ptm 0.91 i_ptm 0.60 energy -22.90
119 models [1] recycles 0 hard 0 soft 0 temp 0.64 loss 2.76 i_con 3.18 plddt 0.57 ptm 0.90 i_ptm 0.65 energy -22.96
120 models [0] recycles 0 hard 0 soft 0 temp 0.62 loss 2.74 i_con 3.17 plddt 0.59 ptm 0.89 i_ptm 0.67 energy -23.46
121 models [0] recycles 0 hard 0 soft 0 temp 0.60 loss 2.58 i_con 3.03 plddt 0.60 ptm 0.89 i_ptm 0.69 energy -24.14
122 models [1] recycles 0 hard 0 soft 0 temp 0.58 loss 2.38 i_con 2.85 plddt 0.66 ptm 0.91 i_ptm 0.74 energy -24.79
123 models [0] recycles 0 hard 0 soft 0 temp 0.56 loss 2.81 i_con 3.27 plddt 0.56 ptm 0.89 i_ptm 0.61 energy -25.19
124 models [1] recycles 0 hard 0 soft 0 temp 0.54 loss 2.56 i_con 3.03 plddt 0.59 ptm 0.91 i_ptm 0.67 energy -25.92
125 models [1] recycles 0 hard 0 soft 0 temp 0.52 loss 2.44 i_con 2.93 plddt 0.62 ptm 0.91 i_ptm 0.71 energy -26.16
126 models [0] recycles 0 hard 0 soft 0 temp 0.50 loss 2.78 i_con 3.27 plddt 0.56 ptm 0.89 i_ptm 0.64 energy -26.51
127 models [1] recycles 0 hard 0 soft 0 temp 0.48 loss 2.61 i_con 3.11 plddt 0.56 ptm 0.91 i_ptm 0.64 energy -27.12
128 models [1] recycles 0 hard 0 soft 0 temp 0.46 loss 2.38 i_con 2.90 plddt 0.63 ptm 0.91 i_ptm 0.72 energy -27.53
129 models [0] recycles 0 hard 0 soft 0 temp 0.44 loss 2.47 i_con 2.99 plddt 0.62 ptm 0.89 i_ptm 0.70 energy -28.03
130 models [1] recycles 0 hard 0 soft 0 temp 0.42 loss 2.42 i_con 2.94 plddt 0.61 ptm 0.91 i_ptm 0.71 energy -28.15
131 models [0] recycles 0 hard 0 soft 0 temp 0.40 loss 2.58 i_con 3.11 plddt 0.58 ptm 0.89 i_ptm 0.67 energy -28.58
132 models [1] recycles 0 hard 0 soft 0 temp 0.38 loss 2.26 i_con 2.81 plddt 0.65 ptm 0.91 i_ptm 0.75 energy -29.38
133 models [0] recycles 0 hard 0 soft 0 temp 0.36 loss 2.40 i_con 2.96 plddt 0.63 ptm 0.89 i_ptm 0.70 energy -29.68
134 models [1] recycles 0 hard 0 soft 0 temp 0.34 loss 2.22 i_con 2.79 plddt 0.66 ptm 0.91 i_ptm 0.74 energy -30.29
135 models [0] recycles 0 hard 0 soft 0 temp 0.32 loss 2.34 i_con 2.91 plddt 0.63 ptm 0.89 i_ptm 0.71 energy -30.41
136 models [0] recycles 0 hard 0 soft 0 temp 0.30 loss 2.49 i_con 3.06 plddt 0.60 ptm 0.89 i_ptm 0.68 energy -30.41
137 models [0] recycles 0 hard 0 soft 0 temp 0.28 loss 2.31 i_con 2.90 plddt 0.64 ptm 0.89 i_ptm 0.72 energy -31.31
138 models [0] recycles 0 hard 0 soft 0 temp 0.26 loss 2.27 i_con 2.87 plddt 0.61 ptm 0.89 i_ptm 0.69 energy -31.93
139 models [0] recycles 0 hard 0 soft 0 temp 0.24 loss 2.34 i_con 2.95 plddt 0.61 ptm 0.89 i_ptm 0.70 energy -32.56
140 models [0] recycles 0 hard 0 soft 0 temp 0.22 loss 2.21 i_con 2.83 plddt 0.63 ptm 0.89 i_ptm 0.72 energy -32.91
141 models [0] recycles 0 hard 0 soft 0 temp 0.20 loss 2.35 i_con 2.98 plddt 0.61 ptm 0.89 i_ptm 0.70 energy -33.46
142 models [1] recycles 0 hard 0 soft 0 temp 0.18 loss 2.08 i_con 2.73 plddt 0.66 ptm 0.91 i_ptm 0.76 energy -33.98
143 models [1] recycles 0 hard 0 soft 0 temp 0.16 loss 1.90 i_con 2.56 plddt 0.68 ptm 0.91 i_ptm 0.79 energy -34.39
144 models [0] recycles 0 hard 0 soft 0 temp 0.14 loss 2.11 i_con 2.77 plddt 0.66 ptm 0.89 i_ptm 0.74 energy -34.44
145 models [0] recycles 0 hard 0 soft 0 temp 0.12 loss 2.39 i_con 3.05 plddt 0.59 ptm 0.89 i_ptm 0.66 energy -34.98
146 models [1] recycles 0 hard 0 soft 0 temp 0.10 loss 2.31 i_con 2.98 plddt 0.62 ptm 0.91 i_ptm 0.68 energy -35.56
147 models [1] recycles 0 hard 0 soft 0 temp 0.08 loss 1.98 i_con 2.66 plddt 0.69 ptm 0.91 i_ptm 0.76 energy -35.68
148 models [0] recycles 0 hard 0 soft 0 temp 0.06 loss 2.01 i_con 2.69 plddt 0.64 ptm 0.89 i_ptm 0.71 energy -35.67
149 models [0] recycles 0 hard 0 soft 0 temp 0.04 loss 2.07 i_con 2.74 plddt 0.64 ptm 0.89 i_ptm 0.71 energy -35.74
150 models [1] recycles 0 hard 0 soft 0 temp 0.02 loss 1.85 i_con 2.54 plddt 0.69 ptm 0.91 i_ptm 0.77 energy -36.28
151 models [0] recycles 0 hard 1 soft 0 temp 0.00 loss 2.37 i_con 3.33 plddt 0.50 ptm 0.89 i_ptm 0.64 energy -5.09
152 models [0] recycles 0 hard 1 soft 0 temp 0.00 loss 2.37 i_con 3.33 plddt 0.50 ptm 0.89 i_ptm 0.64 energy -5.09
153 models [0] recycles 0 hard 1 soft 0 temp 0.00 loss 2.37 i_con 3.33 plddt 0.50 ptm 0.89 i_ptm 0.64 energy -5.09
154 models [1] recycles 0 hard 1 soft 0 temp 0.00 loss 2.23 i_con 3.20 plddt 0.51 ptm 0.91 i_ptm 0.66 energy -5.09
155 models [1] recycles 0 hard 1 soft 0 temp 0.00 loss 2.23 i_con 3.20 plddt 0.51 ptm 0.91 i_ptm 0.66 energy -5.09
156 models [1] recycles 0 hard 1 soft 0 temp 0.00 loss 2.23 i_con 3.20 plddt 0.51 ptm 0.91 i_ptm 0.66 energy -5.09
157 models [0] recycles 0 hard 1 soft 0 temp 0.00 loss 2.37 i_con 3.33 plddt 0.50 ptm 0.89 i_ptm 0.64 energy -5.09
158 models [1] recycles 0 hard 1 soft 0 temp 0.00 loss 2.23 i_con 3.20 plddt 0.51 ptm 0.91 i_ptm 0.66 energy -5.09
159 models [0] recycles 0 hard 1 soft 0 temp 0.00 loss 2.37 i_con 3.33 plddt 0.50 ptm 0.89 i_ptm 0.64 energy -5.09
160 models [0] recycles 0 hard 1 soft 0 temp 0.00 loss 2.37 i_con 3.33 plddt 0.50 ptm 0.89 i_ptm 0.64 energy -5.09
161 models [0] recycles 0 hard 1 soft 0 temp 0.00 loss 2.37 i_con 3.33 plddt 0.50 ptm 0.89 i_ptm 0.64 energy -5.09
162 models [1] recycles 0 hard 1 soft 0 temp 0.00 loss 2.23 i_con 3.20 plddt 0.51 ptm 0.91 i_ptm 0.66 energy -5.09
163 models [0] recycles 0 hard 1 soft 0 temp 0.00 loss 2.37 i_con 3.33 plddt 0.50 ptm 0.89 i_ptm 0.64 energy -5.09
164 models [1] recycles 0 hard 1 soft 0 temp 0.00 loss 2.23 i_con 3.20 plddt 0.51 ptm 0.91 i_ptm 0.66 energy -5.09
165 models [1] recycles 0 hard 1 soft 0 temp 0.00 loss 2.23 i_con 3.20 plddt 0.51 ptm 0.91 i_ptm 0.66 energy -5.09
166 models [1] recycles 0 hard 1 soft 0 temp 0.00 loss 2.23 i_con 3.20 plddt 0.51 ptm 0.91 i_ptm 0.66 energy -5.09
167 models [0] recycles 0 hard 1 soft 0 temp 0.00 loss 2.37 i_con 3.33 plddt 0.50 ptm 0.89 i_ptm 0.64 energy -5.09
168 models [0] recycles 0 hard 1 soft 0 temp 0.00 loss 2.37 i_con 3.33 plddt 0.50 ptm 0.89 i_ptm 0.64 energy -5.09
169 models [1] recycles 0 hard 1 soft 0 temp 0.00 loss 2.23 i_con 3.20 plddt 0.51 ptm 0.91 i_ptm 0.66 energy -5.09
170 models [0] recycles 0 hard 1 soft 0 temp 0.00 loss 2.37 i_con 3.33 plddt 0.50 ptm 0.89 i_ptm 0.64 energy -5.09
171 models [1] recycles 0 hard 1 soft 0 temp 0.00 loss 2.23 i_con 3.20 plddt 0.51 ptm 0.91 i_ptm 0.66 energy -5.09
172 models [1] recycles 0 hard 1 soft 0 temp 0.00 loss 2.23 i_con 3.20 plddt 0.51 ptm 0.91 i_ptm 0.66 energy -5.09
173 models [0] recycles 0 hard 1 soft 0 temp 0.00 loss 2.37 i_con 3.33 plddt 0.50 ptm 0.89 i_ptm 0.64 energy -5.09
174 models [1] recycles 0 hard 1 soft 0 temp 0.00 loss 2.23 i_con 3.20 plddt 0.51 ptm 0.91 i_ptm 0.66 energy -5.09
175 models [1] recycles 0 hard 1 soft 0 temp 0.00 loss 2.23 i_con 3.20 plddt 0.51 ptm 0.91 i_ptm 0.66 energy -5.09
176 models [1] recycles 0 hard 1 soft 0 temp 0.00 loss 2.23 i_con 3.20 plddt 0.51 ptm 0.91 i_ptm 0.66 energy -5.09
177 models [0] recycles 0 hard 1 soft 0 temp 0.00 loss 2.37 i_con 3.33 plddt 0.50 ptm 0.89 i_ptm 0.64 energy -5.09
178 models [1] recycles 0 hard 1 soft 0 temp 0.00 loss 2.23 i_con 3.20 plddt 0.51 ptm 0.91 i_ptm 0.66 energy -5.09
179 models [1] recycles 0 hard 1 soft 0 temp 0.00 loss 2.23 i_con 3.20 plddt 0.51 ptm 0.91 i_ptm 0.66 energy -5.09
180 models [0] recycles 0 hard 1 soft 0 temp 0.00 loss 2.37 i_con 3.33 plddt 0.50 ptm 0.89 i_ptm 0.64 energy -5.09
  seq=AISGPALEVLYCMFE  loss=2.3663  loss_af=3.3838  energy=-5.0873  i_ptm=0.6353
[3/20] seed=2 ...
1 models [0] recycles 0 hard 0 soft 1 temp 1 loss 7.72 i_con 7.52 plddt 0.55 ptm 0.87 i_ptm 0.12 energy 7.37
2 models [1] recycles 0 hard 0 soft 1 temp 1 loss 7.53 i_con 7.33 plddt 0.54 ptm 0.88 i_ptm 0.10 energy 7.27
3 models [0] recycles 0 hard 0 soft 1 temp 1 loss 7.74 i_con 7.56 plddt 0.57 ptm 0.86 i_ptm 0.12 energy 7.14
4 models [1] recycles 0 hard 0 soft 1 temp 1 loss 7.51 i_con 7.33 plddt 0.56 ptm 0.88 i_ptm 0.09 energy 7.03
5 models [0] recycles 0 hard 0 soft 1 temp 1 loss 7.43 i_con 7.25 plddt 0.58 ptm 0.86 i_ptm 0.12 energy 6.88
6 models [1] recycles 0 hard 0 soft 1 temp 1 loss 7.16 i_con 6.98 plddt 0.51 ptm 0.88 i_ptm 0.09 energy 6.81
7 models [0] recycles 0 hard 0 soft 1 temp 1 loss 6.98 i_con 6.79 plddt 0.45 ptm 0.86 i_ptm 0.12 energy 6.73
8 models [1] recycles 0 hard 0 soft 1 temp 1 loss 6.76 i_con 6.58 plddt 0.52 ptm 0.88 i_ptm 0.09 energy 6.71
9 models [0] recycles 0 hard 0 soft 1 temp 1 loss 5.92 i_con 5.73 plddt 0.45 ptm 0.86 i_ptm 0.13 energy 6.73
10 models [0] recycles 0 hard 0 soft 1 temp 1 loss 5.44 i_con 5.24 plddt 0.40 ptm 0.87 i_ptm 0.14 energy 6.86
11 models [1] recycles 0 hard 0 soft 1 temp 1 loss 5.91 i_con 5.71 plddt 0.45 ptm 0.88 i_ptm 0.09 energy 7.00
12 models [0] recycles 0 hard 0 soft 1 temp 1 loss 5.42 i_con 5.22 plddt 0.42 ptm 0.86 i_ptm 0.12 energy 7.20
13 models [0] recycles 0 hard 0 soft 1 temp 1 loss 5.13 i_con 4.93 plddt 0.37 ptm 0.86 i_ptm 0.16 energy 7.02
14 models [0] recycles 0 hard 0 soft 1 temp 1 loss 5.35 i_con 5.16 plddt 0.41 ptm 0.87 i_ptm 0.11 energy 6.64
15 models [0] recycles 0 hard 0 soft 1 temp 1 loss 5.16 i_con 4.97 plddt 0.39 ptm 0.86 i_ptm 0.13 energy 6.60
16 models [1] recycles 0 hard 0 soft 1 temp 1 loss 5.73 i_con 5.54 plddt 0.42 ptm 0.88 i_ptm 0.09 energy 6.69
17 models [1] recycles 0 hard 0 soft 1 temp 1 loss 5.22 i_con 5.02 plddt 0.37 ptm 0.88 i_ptm 0.14 energy 6.72
18 models [0] recycles 0 hard 0 soft 1 temp 1 loss 4.86 i_con 4.67 plddt 0.41 ptm 0.87 i_ptm 0.18 energy 6.58
19 models [0] recycles 0 hard 0 soft 1 temp 1 loss 4.79 i_con 4.61 plddt 0.38 ptm 0.87 i_ptm 0.15 energy 6.04
20 models [0] recycles 0 hard 0 soft 1 temp 1 loss 5.01 i_con 4.83 plddt 0.39 ptm 0.87 i_ptm 0.16 energy 5.92
21 models [0] recycles 0 hard 0 soft 1 temp 1 loss 4.76 i_con 4.57 plddt 0.36 ptm 0.86 i_ptm 0.20 energy 6.22
22 models [0] recycles 0 hard 0 soft 1 temp 1 loss 4.83 i_con 4.65 plddt 0.35 ptm 0.87 i_ptm 0.18 energy 5.66
23 models [1] recycles 0 hard 0 soft 1 temp 1 loss 5.29 i_con 5.12 plddt 0.40 ptm 0.88 i_ptm 0.11 energy 5.53
24 models [1] recycles 0 hard 0 soft 1 temp 1 loss 5.79 i_con 5.63 plddt 0.42 ptm 0.88 i_ptm 0.09 energy 5.49
25 models [0] recycles 0 hard 0 soft 1 temp 1 loss 4.79 i_con 4.61 plddt 0.36 ptm 0.87 i_ptm 0.18 energy 5.65
26 models [1] recycles 0 hard 0 soft 1 temp 1 loss 5.69 i_con 5.52 plddt 0.38 ptm 0.88 i_ptm 0.10 energy 5.24
27 models [0] recycles 0 hard 0 soft 1 temp 1 loss 4.58 i_con 4.41 plddt 0.40 ptm 0.87 i_ptm 0.26 energy 5.53
28 models [0] recycles 0 hard 0 soft 1 temp 1 loss 4.62 i_con 4.45 plddt 0.38 ptm 0.87 i_ptm 0.21 energy 5.09
29 models [0] recycles 0 hard 0 soft 1 temp 1 loss 4.91 i_con 4.76 plddt 0.38 ptm 0.86 i_ptm 0.15 energy 4.60
30 models [0] recycles 0 hard 0 soft 1 temp 1 loss 4.59 i_con 4.44 plddt 0.38 ptm 0.87 i_ptm 0.22 energy 4.33
31 models [1] recycles 0 hard 0 soft 1 temp 1 loss 5.37 i_con 5.22 plddt 0.36 ptm 0.88 i_ptm 0.12 energy 4.32
32 models [1] recycles 0 hard 0 soft 1 temp 1 loss 5.11 i_con 4.96 plddt 0.35 ptm 0.88 i_ptm 0.18 energy 4.56
33 models [0] recycles 0 hard 0 soft 1 temp 1 loss 4.52 i_con 4.36 plddt 0.41 ptm 0.87 i_ptm 0.23 energy 4.73
34 models [1] recycles 0 hard 0 soft 1 temp 1 loss 5.80 i_con 5.66 plddt 0.45 ptm 0.88 i_ptm 0.09 energy 4.13
35 models [1] recycles 0 hard 0 soft 1 temp 1 loss 5.33 i_con 5.18 plddt 0.36 ptm 0.88 i_ptm 0.12 energy 4.22
36 models [0] recycles 0 hard 0 soft 1 temp 1 loss 5.22 i_con 5.09 plddt 0.41 ptm 0.86 i_ptm 0.13 energy 3.85
37 models [0] recycles 0 hard 0 soft 1 temp 1 loss 4.58 i_con 4.45 plddt 0.41 ptm 0.87 i_ptm 0.24 energy 3.83
38 models [0] recycles 0 hard 0 soft 1 temp 1 loss 4.53 i_con 4.40 plddt 0.38 ptm 0.87 i_ptm 0.22 energy 3.65
39 models [0] recycles 0 hard 0 soft 1 temp 1 loss 4.51 i_con 4.38 plddt 0.40 ptm 0.87 i_ptm 0.26 energy 3.53
40 models [1] recycles 0 hard 0 soft 1 temp 1 loss 5.45 i_con 5.32 plddt 0.39 ptm 0.88 i_ptm 0.10 energy 3.14
41 models [0] recycles 0 hard 0 soft 1 temp 1 loss 4.80 i_con 4.68 plddt 0.35 ptm 0.87 i_ptm 0.18 energy 3.17
42 models [1] recycles 0 hard 0 soft 1 temp 1 loss 5.17 i_con 5.04 plddt 0.35 ptm 0.88 i_ptm 0.12 energy 2.81
43 models [0] recycles 0 hard 0 soft 1 temp 1 loss 4.62 i_con 4.51 plddt 0.37 ptm 0.87 i_ptm 0.22 energy 2.62
44 models [1] recycles 0 hard 0 soft 1 temp 1 loss 5.04 i_con 4.93 plddt 0.34 ptm 0.88 i_ptm 0.14 energy 2.58
45 models [0] recycles 0 hard 0 soft 1 temp 1 loss 4.51 i_con 4.40 plddt 0.37 ptm 0.87 i_ptm 0.24 energy 2.36
46 models [0] recycles 0 hard 0 soft 1 temp 1 loss 4.61 i_con 4.50 plddt 0.42 ptm 0.87 i_ptm 0.20 energy 2.73
47 models [1] recycles 0 hard 0 soft 1 temp 1 loss 4.91 i_con 4.80 plddt 0.33 ptm 0.88 i_ptm 0.17 energy 2.34
48 models [1] recycles 0 hard 0 soft 1 temp 1 loss 4.86 i_con 4.75 plddt 0.37 ptm 0.88 i_ptm 0.20 energy 2.32
49 models [1] recycles 0 hard 0 soft 1 temp 1 loss 5.03 i_con 4.92 plddt 0.36 ptm 0.88 i_ptm 0.18 energy 2.13
50 models [1] recycles 0 hard 0 soft 1 temp 1 loss 5.15 i_con 5.04 plddt 0.39 ptm 0.88 i_ptm 0.16 energy 2.14
51 models [0] recycles 0 hard 0 soft 1 temp 1 loss 4.71 i_con 4.47 plddt 0.38 ptm 0.87 i_ptm 0.22 energy 1.78
52 models [0] recycles 0 hard 0 soft 1 temp 1 loss 4.72 i_con 4.54 plddt 0.39 ptm 0.86 i_ptm 0.19 energy 1.12
53 models [1] recycles 0 hard 0 soft 1 temp 1 loss 4.97 i_con 4.83 plddt 0.35 ptm 0.88 i_ptm 0.16 energy 0.75
54 models [1] recycles 0 hard 0 soft 1 temp 1 loss 4.74 i_con 4.67 plddt 0.36 ptm 0.88 i_ptm 0.18 energy 0.06
55 models [0] recycles 0 hard 0 soft 1 temp 1 loss 4.45 i_con 4.42 plddt 0.40 ptm 0.87 i_ptm 0.23 energy -0.27
56 models [1] recycles 0 hard 0 soft 1 temp 1 loss 5.28 i_con 5.29 plddt 0.37 ptm 0.88 i_ptm 0.11 energy -0.79
57 models [1] recycles 0 hard 0 soft 1 temp 1 loss 5.03 i_con 5.08 plddt 0.38 ptm 0.88 i_ptm 0.11 energy -1.06
58 models [0] recycles 0 hard 0 soft 1 temp 1 loss 4.10 i_con 4.19 plddt 0.39 ptm 0.87 i_ptm 0.22 energy -1.49
59 models [0] recycles 0 hard 0 soft 1 temp 1 loss 4.21 i_con 4.34 plddt 0.41 ptm 0.87 i_ptm 0.23 energy -1.90
60 models [1] recycles 0 hard 0 soft 1 temp 1 loss 4.59 i_con 4.74 plddt 0.38 ptm 0.88 i_ptm 0.19 energy -2.09
61 models [1] recycles 0 hard 0 soft 1 temp 1 loss 4.42 i_con 4.59 plddt 0.39 ptm 0.88 i_ptm 0.20 energy -2.29
62 models [1] recycles 0 hard 0 soft 1 temp 1 loss 4.48 i_con 4.64 plddt 0.35 ptm 0.88 i_ptm 0.17 energy -2.33
63 models [0] recycles 0 hard 0 soft 1 temp 1 loss 4.07 i_con 4.28 plddt 0.39 ptm 0.87 i_ptm 0.24 energy -2.62
64 models [1] recycles 0 hard 0 soft 1 temp 1 loss 4.48 i_con 4.69 plddt 0.37 ptm 0.88 i_ptm 0.16 energy -2.72
65 models [1] recycles 0 hard 0 soft 1 temp 1 loss 4.22 i_con 4.44 plddt 0.35 ptm 0.88 i_ptm 0.20 energy -2.81
66 models [0] recycles 0 hard 0 soft 1 temp 1 loss 3.94 i_con 4.16 plddt 0.36 ptm 0.87 i_ptm 0.24 energy -2.85
67 models [0] recycles 0 hard 0 soft 1 temp 1 loss 4.12 i_con 4.35 plddt 0.39 ptm 0.87 i_ptm 0.24 energy -2.92
68 models [1] recycles 0 hard 0 soft 1 temp 1 loss 4.16 i_con 4.41 plddt 0.35 ptm 0.88 i_ptm 0.21 energy -3.11
69 models [0] recycles 0 hard 0 soft 1 temp 1 loss 3.97 i_con 4.23 plddt 0.41 ptm 0.87 i_ptm 0.26 energy -3.21
70 models [1] recycles 0 hard 0 soft 1 temp 1 loss 4.43 i_con 4.70 plddt 0.35 ptm 0.88 i_ptm 0.16 energy -3.37
71 models [1] recycles 0 hard 0 soft 1 temp 1 loss 4.13 i_con 4.39 plddt 0.34 ptm 0.89 i_ptm 0.23 energy -3.30
72 models [1] recycles 0 hard 0 soft 1 temp 1 loss 3.98 i_con 4.25 plddt 0.36 ptm 0.88 i_ptm 0.24 energy -3.31
73 models [1] recycles 0 hard 0 soft 1 temp 1 loss 3.80 i_con 4.08 plddt 0.40 ptm 0.89 i_ptm 0.26 energy -3.45
74 models [1] recycles 0 hard 0 soft 1 temp 1 loss 3.98 i_con 4.28 plddt 0.36 ptm 0.89 i_ptm 0.24 energy -3.67
75 models [0] recycles 0 hard 0 soft 1 temp 1 loss 3.81 i_con 4.12 plddt 0.36 ptm 0.87 i_ptm 0.27 energy -3.74
76 models [1] recycles 0 hard 0 soft 1 temp 1 loss 4.27 i_con 4.60 plddt 0.34 ptm 0.88 i_ptm 0.20 energy -3.92
77 models [0] recycles 0 hard 0 soft 1 temp 1 loss 3.77 i_con 4.09 plddt 0.39 ptm 0.87 i_ptm 0.28 energy -3.87
78 models [0] recycles 0 hard 0 soft 1 temp 1 loss 3.70 i_con 4.05 plddt 0.42 ptm 0.87 i_ptm 0.28 energy -4.08
79 models [0] recycles 0 hard 0 soft 1 temp 1 loss 3.79 i_con 4.15 plddt 0.40 ptm 0.87 i_ptm 0.28 energy -4.23
80 models [1] recycles 0 hard 0 soft 1 temp 1 loss 3.69 i_con 4.05 plddt 0.35 ptm 0.89 i_ptm 0.28 energy -4.32
81 models [1] recycles 0 hard 0 soft 1 temp 1 loss 3.91 i_con 4.26 plddt 0.36 ptm 0.89 i_ptm 0.24 energy -4.13
82 models [1] recycles 0 hard 0 soft 1 temp 1 loss 3.77 i_con 4.13 plddt 0.37 ptm 0.89 i_ptm 0.27 energy -4.22
83 models [0] recycles 0 hard 0 soft 1 temp 1 loss 3.70 i_con 4.06 plddt 0.41 ptm 0.87 i_ptm 0.26 energy -4.15
84 models [1] recycles 0 hard 0 soft 1 temp 1 loss 3.88 i_con 4.23 plddt 0.38 ptm 0.89 i_ptm 0.24 energy -4.13
85 models [0] recycles 0 hard 0 soft 1 temp 1 loss 3.65 i_con 4.01 plddt 0.41 ptm 0.87 i_ptm 0.30 energy -4.20
86 models [0] recycles 0 hard 0 soft 1 temp 1 loss 3.88 i_con 4.26 plddt 0.41 ptm 0.87 i_ptm 0.25 energy -4.31
87 models [0] recycles 0 hard 0 soft 1 temp 1 loss 3.75 i_con 4.13 plddt 0.42 ptm 0.87 i_ptm 0.27 energy -4.46
88 models [0] recycles 0 hard 0 soft 1 temp 1 loss 3.67 i_con 4.07 plddt 0.41 ptm 0.87 i_ptm 0.30 energy -4.62
89 models [1] recycles 0 hard 0 soft 1 temp 1 loss 4.01 i_con 4.40 plddt 0.35 ptm 0.89 i_ptm 0.22 energy -4.56
90 models [1] recycles 0 hard 0 soft 1 temp 1 loss 3.67 i_con 4.07 plddt 0.40 ptm 0.89 i_ptm 0.27 energy -4.64
91 models [1] recycles 0 hard 0 soft 1 temp 1 loss 3.83 i_con 4.23 plddt 0.36 ptm 0.89 i_ptm 0.24 energy -4.63
92 models [0] recycles 0 hard 0 soft 1 temp 1 loss 3.77 i_con 4.18 plddt 0.38 ptm 0.87 i_ptm 0.26 energy -4.70
93 models [1] recycles 0 hard 0 soft 1 temp 1 loss 3.63 i_con 4.05 plddt 0.40 ptm 0.89 i_ptm 0.29 energy -4.81
94 models [0] recycles 0 hard 0 soft 1 temp 1 loss 3.67 i_con 4.09 plddt 0.40 ptm 0.87 i_ptm 0.26 energy -4.82
95 models [0] recycles 0 hard 0 soft 1 temp 1 loss 3.78 i_con 4.22 plddt 0.40 ptm 0.87 i_ptm 0.24 energy -4.98
96 models [1] recycles 0 hard 0 soft 1 temp 1 loss 3.96 i_con 4.39 plddt 0.38 ptm 0.88 i_ptm 0.22 energy -4.97
97 models [1] recycles 0 hard 0 soft 1 temp 1 loss 3.81 i_con 4.24 plddt 0.37 ptm 0.89 i_ptm 0.24 energy -4.84
98 models [0] recycles 0 hard 0 soft 1 temp 1 loss 3.98 i_con 4.41 plddt 0.37 ptm 0.87 i_ptm 0.19 energy -4.87
99 models [1] recycles 0 hard 0 soft 1 temp 1 loss 4.06 i_con 4.51 plddt 0.42 ptm 0.89 i_ptm 0.23 energy -5.10
100 models [1] recycles 0 hard 0 soft 1 temp 1 loss 3.75 i_con 4.20 plddt 0.42 ptm 0.89 i_ptm 0.26 energy -5.08
101 models [1] recycles 0 hard 0 soft 0 temp 1 loss 7.13 i_con 7.62 plddt 0.58 ptm 0.88 i_ptm 0.09 energy -26.65
102 models [0] recycles 0 hard 0 soft 0 temp 0.98 loss 5.09 i_con 5.57 plddt 0.43 ptm 0.87 i_ptm 0.17 energy -26.41
103 models [0] recycles 0 hard 0 soft 0 temp 0.96 loss 4.44 i_con 4.91 plddt 0.47 ptm 0.87 i_ptm 0.21 energy -26.15
104 models [1] recycles 0 hard 0 soft 0 temp 0.94 loss 4.99 i_con 5.46 plddt 0.51 ptm 0.88 i_ptm 0.10 energy -25.85
105 models [1] recycles 0 hard 0 soft 0 temp 0.92 loss 3.53 i_con 3.99 plddt 0.46 ptm 0.89 i_ptm 0.35 energy -25.24
106 models [0] recycles 0 hard 0 soft 0 temp 0.90 loss 3.39 i_con 3.83 plddt 0.49 ptm 0.88 i_ptm 0.39 energy -24.81
107 models [0] recycles 0 hard 0 soft 0 temp 0.88 loss 3.46 i_con 3.91 plddt 0.44 ptm 0.87 i_ptm 0.34 energy -24.92
108 models [0] recycles 0 hard 0 soft 0 temp 0.86 loss 3.29 i_con 3.74 plddt 0.45 ptm 0.88 i_ptm 0.42 energy -25.34
109 models [0] recycles 0 hard 0 soft 0 temp 0.84 loss 3.27 i_con 3.75 plddt 0.48 ptm 0.88 i_ptm 0.43 energy -26.85
110 models [0] recycles 0 hard 0 soft 0 temp 0.82 loss 3.20 i_con 3.70 plddt 0.44 ptm 0.88 i_ptm 0.43 energy -27.44
111 models [1] recycles 0 hard 0 soft 0 temp 0.80 loss 3.27 i_con 3.78 plddt 0.46 ptm 0.90 i_ptm 0.40 energy -28.27
112 models [1] recycles 0 hard 0 soft 0 temp 0.78 loss 3.20 i_con 3.72 plddt 0.47 ptm 0.89 i_ptm 0.42 energy -28.94
113 models [1] recycles 0 hard 0 soft 0 temp 0.76 loss 3.14 i_con 3.66 plddt 0.47 ptm 0.89 i_ptm 0.42 energy -28.90
114 models [1] recycles 0 hard 0 soft 0 temp 0.74 loss 3.06 i_con 3.58 plddt 0.48 ptm 0.89 i_ptm 0.50 energy -28.89
115 models [1] recycles 0 hard 0 soft 0 temp 0.72 loss 3.08 i_con 3.61 plddt 0.51 ptm 0.90 i_ptm 0.51 energy -28.79
116 models [0] recycles 0 hard 0 soft 0 temp 0.70 loss 3.04 i_con 3.57 plddt 0.49 ptm 0.88 i_ptm 0.52 energy -29.06
117 models [1] recycles 0 hard 0 soft 0 temp 0.68 loss 3.01 i_con 3.55 plddt 0.48 ptm 0.89 i_ptm 0.49 energy -29.67
118 models [1] recycles 0 hard 0 soft 0 temp 0.66 loss 2.98 i_con 3.52 plddt 0.49 ptm 0.90 i_ptm 0.49 energy -29.72
119 models [1] recycles 0 hard 0 soft 0 temp 0.64 loss 2.76 i_con 3.31 plddt 0.53 ptm 0.90 i_ptm 0.57 energy -29.74
120 models [1] recycles 0 hard 0 soft 0 temp 0.62 loss 2.43 i_con 2.99 plddt 0.62 ptm 0.91 i_ptm 0.66 energy -29.90
121 models [0] recycles 0 hard 0 soft 0 temp 0.60 loss 2.96 i_con 3.52 plddt 0.48 ptm 0.88 i_ptm 0.50 energy -30.15
122 models [0] recycles 0 hard 0 soft 0 temp 0.58 loss 3.04 i_con 3.59 plddt 0.49 ptm 0.88 i_ptm 0.48 energy -30.31
123 models [0] recycles 0 hard 0 soft 0 temp 0.56 loss 2.95 i_con 3.52 plddt 0.49 ptm 0.88 i_ptm 0.50 energy -30.77
124 models [0] recycles 0 hard 0 soft 0 temp 0.54 loss 2.78 i_con 3.37 plddt 0.52 ptm 0.89 i_ptm 0.57 energy -31.66
125 models [1] recycles 0 hard 0 soft 0 temp 0.52 loss 2.22 i_con 2.83 plddt 0.63 ptm 0.91 i_ptm 0.68 energy -32.22
126 models [1] recycles 0 hard 0 soft 0 temp 0.50 loss 2.45 i_con 3.06 plddt 0.59 ptm 0.90 i_ptm 0.65 energy -32.47
127 models [1] recycles 0 hard 0 soft 0 temp 0.48 loss 2.88 i_con 3.47 plddt 0.43 ptm 0.90 i_ptm 0.55 energy -32.39
128 models [1] recycles 0 hard 0 soft 0 temp 0.46 loss 2.72 i_con 3.32 plddt 0.51 ptm 0.90 i_ptm 0.55 energy -32.43
129 models [0] recycles 0 hard 0 soft 0 temp 0.44 loss 2.92 i_con 3.53 plddt 0.49 ptm 0.88 i_ptm 0.49 energy -32.98
130 models [1] recycles 0 hard 0 soft 0 temp 0.42 loss 2.79 i_con 3.42 plddt 0.51 ptm 0.90 i_ptm 0.55 energy -34.11
131 models [1] recycles 0 hard 0 soft 0 temp 0.40 loss 2.69 i_con 3.34 plddt 0.56 ptm 0.90 i_ptm 0.61 energy -34.31
132 models [1] recycles 0 hard 0 soft 0 temp 0.38 loss 2.60 i_con 3.25 plddt 0.52 ptm 0.90 i_ptm 0.59 energy -34.88
133 models [0] recycles 0 hard 0 soft 0 temp 0.36 loss 2.85 i_con 3.50 plddt 0.51 ptm 0.88 i_ptm 0.53 energy -35.08
134 models [1] recycles 0 hard 0 soft 0 temp 0.34 loss 2.25 i_con 2.92 plddt 0.63 ptm 0.90 i_ptm 0.69 energy -35.15
135 models [0] recycles 0 hard 0 soft 0 temp 0.32 loss 2.41 i_con 3.06 plddt 0.59 ptm 0.89 i_ptm 0.63 energy -34.67
136 models [0] recycles 0 hard 0 soft 0 temp 0.30 loss 2.75 i_con 3.41 plddt 0.54 ptm 0.88 i_ptm 0.56 energy -35.21
137 models [1] recycles 0 hard 0 soft 0 temp 0.28 loss 1.96 i_con 2.64 plddt 0.65 ptm 0.91 i_ptm 0.75 energy -35.71
138 models [0] recycles 0 hard 0 soft 0 temp 0.26 loss 2.72 i_con 3.39 plddt 0.49 ptm 0.88 i_ptm 0.55 energy -36.06
139 models [0] recycles 0 hard 0 soft 0 temp 0.24 loss 2.36 i_con 3.05 plddt 0.60 ptm 0.89 i_ptm 0.66 energy -36.24
140 models [0] recycles 0 hard 0 soft 0 temp 0.22 loss 2.37 i_con 3.07 plddt 0.59 ptm 0.89 i_ptm 0.67 energy -36.96
141 models [1] recycles 0 hard 0 soft 0 temp 0.20 loss 1.75 i_con 2.48 plddt 0.69 ptm 0.91 i_ptm 0.77 energy -37.70
142 models [1] recycles 0 hard 0 soft 0 temp 0.18 loss 1.93 i_con 2.66 plddt 0.68 ptm 0.91 i_ptm 0.75 energy -37.92
143 models [1] recycles 0 hard 0 soft 0 temp 0.16 loss 1.85 i_con 2.58 plddt 0.70 ptm 0.91 i_ptm 0.78 energy -38.05
144 models [0] recycles 0 hard 0 soft 0 temp 0.14 loss 2.62 i_con 3.35 plddt 0.55 ptm 0.89 i_ptm 0.60 energy -38.90
145 models [0] recycles 0 hard 0 soft 0 temp 0.12 loss 2.29 i_con 3.04 plddt 0.59 ptm 0.88 i_ptm 0.66 energy -39.50
146 models [1] recycles 0 hard 0 soft 0 temp 0.10 loss 1.78 i_con 2.53 plddt 0.70 ptm 0.91 i_ptm 0.76 energy -39.29
147 models [1] recycles 0 hard 0 soft 0 temp 0.08 loss 1.70 i_con 2.47 plddt 0.73 ptm 0.91 i_ptm 0.81 energy -39.96
148 models [1] recycles 0 hard 0 soft 0 temp 0.06 loss 1.64 i_con 2.42 plddt 0.72 ptm 0.92 i_ptm 0.81 energy -40.26
149 models [0] recycles 0 hard 0 soft 0 temp 0.04 loss 2.70 i_con 3.47 plddt 0.52 ptm 0.88 i_ptm 0.52 energy -40.95
150 models [1] recycles 0 hard 0 soft 0 temp 0.02 loss 1.61 i_con 2.41 plddt 0.74 ptm 0.91 i_ptm 0.82 energy -41.50
151 models [0] recycles 0 hard 1 soft 0 temp 0.00 loss 2.71 i_con 3.92 plddt 0.38 ptm 0.88 i_ptm 0.32 energy -6.35
152 models [0] recycles 0 hard 1 soft 0 temp 0.00 loss 2.71 i_con 3.92 plddt 0.38 ptm 0.88 i_ptm 0.32 energy -6.35
153 models [0] recycles 0 hard 1 soft 0 temp 0.00 loss 2.71 i_con 3.92 plddt 0.38 ptm 0.88 i_ptm 0.32 energy -6.35
154 models [0] recycles 0 hard 1 soft 0 temp 0.00 loss 2.71 i_con 3.92 plddt 0.38 ptm 0.88 i_ptm 0.32 energy -6.35
155 models [0] recycles 0 hard 1 soft 0 temp 0.00 loss 2.71 i_con 3.92 plddt 0.38 ptm 0.88 i_ptm 0.32 energy -6.35
156 models [0] recycles 0 hard 1 soft 0 temp 0.00 loss 2.71 i_con 3.92 plddt 0.38 ptm 0.88 i_ptm 0.32 energy -6.35
157 models [0] recycles 0 hard 1 soft 0 temp 0.00 loss 2.71 i_con 3.92 plddt 0.38 ptm 0.88 i_ptm 0.32 energy -6.35
158 models [0] recycles 0 hard 1 soft 0 temp 0.00 loss 2.71 i_con 3.92 plddt 0.38 ptm 0.88 i_ptm 0.32 energy -6.35
159 models [0] recycles 0 hard 1 soft 0 temp 0.00 loss 2.71 i_con 3.92 plddt 0.38 ptm 0.88 i_ptm 0.32 energy -6.35
160 models [0] recycles 0 hard 1 soft 0 temp 0.00 loss 2.71 i_con 3.92 plddt 0.38 ptm 0.88 i_ptm 0.32 energy -6.35
161 models [1] recycles 0 hard 1 soft 0 temp 0.00 loss 2.81 i_con 4.02 plddt 0.39 ptm 0.89 i_ptm 0.31 energy -6.35
162 models [1] recycles 0 hard 1 soft 0 temp 0.00 loss 2.81 i_con 4.02 plddt 0.39 ptm 0.89 i_ptm 0.31 energy -6.35
163 models [1] recycles 0 hard 1 soft 0 temp 0.00 loss 2.81 i_con 4.02 plddt 0.39 ptm 0.89 i_ptm 0.31 energy -6.35
164 models [1] recycles 0 hard 1 soft 0 temp 0.00 loss 2.81 i_con 4.02 plddt 0.39 ptm 0.89 i_ptm 0.31 energy -6.35
165 models [0] recycles 0 hard 1 soft 0 temp 0.00 loss 2.71 i_con 3.92 plddt 0.38 ptm 0.88 i_ptm 0.32 energy -6.35
166 models [1] recycles 0 hard 1 soft 0 temp 0.00 loss 2.81 i_con 4.02 plddt 0.39 ptm 0.89 i_ptm 0.31 energy -6.35
167 models [1] recycles 0 hard 1 soft 0 temp 0.00 loss 2.81 i_con 4.02 plddt 0.39 ptm 0.89 i_ptm 0.31 energy -6.35
168 models [0] recycles 0 hard 1 soft 0 temp 0.00 loss 2.71 i_con 3.92 plddt 0.38 ptm 0.88 i_ptm 0.32 energy -6.35
169 models [1] recycles 0 hard 1 soft 0 temp 0.00 loss 2.81 i_con 4.02 plddt 0.39 ptm 0.89 i_ptm 0.31 energy -6.35
170 models [1] recycles 0 hard 1 soft 0 temp 0.00 loss 2.81 i_con 4.02 plddt 0.39 ptm 0.89 i_ptm 0.31 energy -6.35
171 models [0] recycles 0 hard 1 soft 0 temp 0.00 loss 2.71 i_con 3.92 plddt 0.38 ptm 0.88 i_ptm 0.32 energy -6.35
172 models [1] recycles 0 hard 1 soft 0 temp 0.00 loss 2.81 i_con 4.02 plddt 0.39 ptm 0.89 i_ptm 0.31 energy -6.35
173 models [1] recycles 0 hard 1 soft 0 temp 0.00 loss 2.81 i_con 4.02 plddt 0.39 ptm 0.89 i_ptm 0.31 energy -6.35
174 models [1] recycles 0 hard 1 soft 0 temp 0.00 loss 2.81 i_con 4.02 plddt 0.39 ptm 0.89 i_ptm 0.31 energy -6.35
175 models [0] recycles 0 hard 1 soft 0 temp 0.00 loss 2.71 i_con 3.92 plddt 0.38 ptm 0.88 i_ptm 0.32 energy -6.35
176 models [1] recycles 0 hard 1 soft 0 temp 0.00 loss 2.81 i_con 4.02 plddt 0.39 ptm 0.89 i_ptm 0.31 energy -6.35
177 models [1] recycles 0 hard 1 soft 0 temp 0.00 loss 2.81 i_con 4.02 plddt 0.39 ptm 0.89 i_ptm 0.31 energy -6.35
178 models [1] recycles 0 hard 1 soft 0 temp 0.00 loss 2.81 i_con 4.02 plddt 0.39 ptm 0.89 i_ptm 0.31 energy -6.35
179 models [0] recycles 0 hard 1 soft 0 temp 0.00 loss 2.71 i_con 3.92 plddt 0.38 ptm 0.88 i_ptm 0.32 energy -6.35
180 models [0] recycles 0 hard 1 soft 0 temp 0.00 loss 2.71 i_con 3.92 plddt 0.38 ptm 0.88 i_ptm 0.32 energy -6.35
  seq=AWGGPDLLLNYLLFC  loss=2.7132  loss_af=3.9826  energy=-6.3472  i_ptm=0.3213
[4/20] seed=3 ...
1 models [0] recycles 0 hard 0 soft 1 temp 1 loss 7.75 i_con 7.55 plddt 0.56 ptm 0.86 i_ptm 0.12 energy 7.37
2 models [1] recycles 0 hard 0 soft 1 temp 1 loss 7.88 i_con 7.69 plddt 0.55 ptm 0.88 i_ptm 0.09 energy 7.22
3 models [1] recycles 0 hard 0 soft 1 temp 1 loss 7.53 i_con 7.34 plddt 0.52 ptm 0.88 i_ptm 0.09 energy 7.04
4 models [1] recycles 0 hard 0 soft 1 temp 1 loss 7.37 i_con 7.19 plddt 0.56 ptm 0.88 i_ptm 0.08 energy 6.85
5 models [1] recycles 0 hard 0 soft 1 temp 1 loss 7.14 i_con 6.96 plddt 0.55 ptm 0.88 i_ptm 0.09 energy 6.67
6 models [0] recycles 0 hard 0 soft 1 temp 1 loss 7.00 i_con 6.83 plddt 0.54 ptm 0.86 i_ptm 0.12 energy 6.47
7 models [0] recycles 0 hard 0 soft 1 temp 1 loss 6.42 i_con 6.25 plddt 0.50 ptm 0.86 i_ptm 0.12 energy 6.29
8 models [1] recycles 0 hard 0 soft 1 temp 1 loss 6.73 i_con 6.56 plddt 0.53 ptm 0.88 i_ptm 0.09 energy 6.10
9 models [0] recycles 0 hard 0 soft 1 temp 1 loss 5.89 i_con 5.72 plddt 0.43 ptm 0.86 i_ptm 0.12 energy 5.92
10 models [0] recycles 0 hard 0 soft 1 temp 1 loss 5.65 i_con 5.48 plddt 0.44 ptm 0.86 i_ptm 0.11 energy 5.81
11 models [1] recycles 0 hard 0 soft 1 temp 1 loss 5.72 i_con 5.56 plddt 0.49 ptm 0.88 i_ptm 0.08 energy 5.60
12 models [0] recycles 0 hard 0 soft 1 temp 1 loss 4.93 i_con 4.76 plddt 0.39 ptm 0.86 i_ptm 0.13 energy 5.45
13 models [0] recycles 0 hard 0 soft 1 temp 1 loss 5.15 i_con 4.97 plddt 0.39 ptm 0.86 i_ptm 0.11 energy 5.66
14 models [0] recycles 0 hard 0 soft 1 temp 1 loss 4.87 i_con 4.69 plddt 0.38 ptm 0.87 i_ptm 0.15 energy 6.21
15 models [1] recycles 0 hard 0 soft 1 temp 1 loss 5.80 i_con 5.62 plddt 0.44 ptm 0.88 i_ptm 0.09 energy 6.09
16 models [0] recycles 0 hard 0 soft 1 temp 1 loss 4.75 i_con 4.56 plddt 0.37 ptm 0.87 i_ptm 0.17 energy 6.08
17 models [1] recycles 0 hard 0 soft 1 temp 1 loss 5.65 i_con 5.46 plddt 0.42 ptm 0.88 i_ptm 0.10 energy 6.27
18 models [1] recycles 0 hard 0 soft 1 temp 1 loss 5.25 i_con 5.07 plddt 0.37 ptm 0.88 i_ptm 0.13 energy 6.02
19 models [0] recycles 0 hard 0 soft 1 temp 1 loss 4.89 i_con 4.71 plddt 0.35 ptm 0.87 i_ptm 0.15 energy 5.81
20 models [0] recycles 0 hard 0 soft 1 temp 1 loss 5.18 i_con 5.01 plddt 0.38 ptm 0.87 i_ptm 0.14 energy 5.43
21 models [0] recycles 0 hard 0 soft 1 temp 1 loss 4.72 i_con 4.55 plddt 0.37 ptm 0.87 i_ptm 0.18 energy 5.45
22 models [0] recycles 0 hard 0 soft 1 temp 1 loss 5.29 i_con 5.13 plddt 0.39 ptm 0.87 i_ptm 0.13 energy 5.11
23 models [1] recycles 0 hard 0 soft 1 temp 1 loss 5.43 i_con 5.26 plddt 0.41 ptm 0.88 i_ptm 0.09 energy 5.47
24 models [1] recycles 0 hard 0 soft 1 temp 1 loss 5.29 i_con 5.13 plddt 0.39 ptm 0.88 i_ptm 0.12 energy 5.35
25 models [0] recycles 0 hard 0 soft 1 temp 1 loss 5.70 i_con 5.53 plddt 0.44 ptm 0.87 i_ptm 0.12 energy 5.40
26 models [1] recycles 0 hard 0 soft 1 temp 1 loss 5.36 i_con 5.20 plddt 0.40 ptm 0.88 i_ptm 0.10 energy 5.09
27 models [0] recycles 0 hard 0 soft 1 temp 1 loss 4.72 i_con 4.56 plddt 0.39 ptm 0.87 i_ptm 0.21 energy 5.24
28 models [0] recycles 0 hard 0 soft 1 temp 1 loss 4.59 i_con 4.43 plddt 0.39 ptm 0.87 i_ptm 0.26 energy 5.01
29 models [1] recycles 0 hard 0 soft 1 temp 1 loss 5.36 i_con 5.20 plddt 0.39 ptm 0.88 i_ptm 0.11 energy 4.78
30 models [1] recycles 0 hard 0 soft 1 temp 1 loss 5.52 i_con 5.36 plddt 0.39 ptm 0.88 i_ptm 0.09 energy 4.92
31 models [1] recycles 0 hard 0 soft 1 temp 1 loss 5.12 i_con 4.96 plddt 0.36 ptm 0.89 i_ptm 0.16 energy 5.09
32 models [1] recycles 0 hard 0 soft 1 temp 1 loss 5.43 i_con 5.26 plddt 0.37 ptm 0.88 i_ptm 0.09 energy 5.43
33 models [1] recycles 0 hard 0 soft 1 temp 1 loss 5.53 i_con 5.37 plddt 0.40 ptm 0.88 i_ptm 0.09 energy 5.39
34 models [1] recycles 0 hard 0 soft 1 temp 1 loss 5.21 i_con 5.04 plddt 0.36 ptm 0.88 i_ptm 0.11 energy 5.62
35 models [1] recycles 0 hard 0 soft 1 temp 1 loss 5.82 i_con 5.65 plddt 0.40 ptm 0.88 i_ptm 0.08 energy 5.47
36 models [0] recycles 0 hard 0 soft 1 temp 1 loss 4.52 i_con 4.35 plddt 0.43 ptm 0.87 i_ptm 0.23 energy 5.80
37 models [1] recycles 0 hard 0 soft 1 temp 1 loss 5.25 i_con 5.07 plddt 0.37 ptm 0.88 i_ptm 0.12 energy 5.64
38 models [0] recycles 0 hard 0 soft 1 temp 1 loss 4.37 i_con 4.19 plddt 0.38 ptm 0.87 i_ptm 0.26 energy 5.60
39 models [1] recycles 0 hard 0 soft 1 temp 1 loss 5.07 i_con 4.89 plddt 0.36 ptm 0.88 i_ptm 0.16 energy 5.56
40 models [0] recycles 0 hard 0 soft 1 temp 1 loss 5.21 i_con 5.04 plddt 0.40 ptm 0.86 i_ptm 0.13 energy 5.37
41 models [0] recycles 0 hard 0 soft 1 temp 1 loss 4.88 i_con 4.71 plddt 0.38 ptm 0.87 i_ptm 0.22 energy 5.54
42 models [1] recycles 0 hard 0 soft 1 temp 1 loss 4.92 i_con 4.75 plddt 0.32 ptm 0.88 i_ptm 0.21 energy 5.12
43 models [1] recycles 0 hard 0 soft 1 temp 1 loss 5.05 i_con 4.88 plddt 0.38 ptm 0.88 i_ptm 0.16 energy 5.04
44 models [0] recycles 0 hard 0 soft 1 temp 1 loss 4.57 i_con 4.41 plddt 0.41 ptm 0.87 i_ptm 0.26 energy 4.95
45 models [0] recycles 0 hard 0 soft 1 temp 1 loss 4.80 i_con 4.65 plddt 0.39 ptm 0.87 i_ptm 0.19 energy 4.67
46 models [1] recycles 0 hard 0 soft 1 temp 1 loss 5.23 i_con 5.08 plddt 0.42 ptm 0.88 i_ptm 0.12 energy 4.61
47 models [1] recycles 0 hard 0 soft 1 temp 1 loss 5.78 i_con 5.63 plddt 0.42 ptm 0.88 i_ptm 0.08 energy 4.61
48 models [0] recycles 0 hard 0 soft 1 temp 1 loss 4.50 i_con 4.34 plddt 0.38 ptm 0.87 i_ptm 0.23 energy 4.81
49 models [0] recycles 0 hard 0 soft 1 temp 1 loss 4.73 i_con 4.57 plddt 0.39 ptm 0.87 i_ptm 0.22 energy 4.58
50 models [1] recycles 0 hard 0 soft 1 temp 1 loss 5.27 i_con 5.12 plddt 0.36 ptm 0.88 i_ptm 0.12 energy 4.49
51 models [0] recycles 0 hard 0 soft 1 temp 1 loss 5.02 i_con 4.51 plddt 0.41 ptm 0.87 i_ptm 0.20 energy 4.54
52 models [1] recycles 0 hard 0 soft 1 temp 1 loss 5.80 i_con 5.37 plddt 0.39 ptm 0.88 i_ptm 0.09 energy 3.77
53 models [1] recycles 0 hard 0 soft 1 temp 1 loss 5.56 i_con 5.19 plddt 0.37 ptm 0.88 i_ptm 0.13 energy 3.11
54 models [1] recycles 0 hard 0 soft 1 temp 1 loss 4.88 i_con 4.55 plddt 0.36 ptm 0.89 i_ptm 0.23 energy 2.60
55 models [0] recycles 0 hard 0 soft 1 temp 1 loss 4.66 i_con 4.40 plddt 0.40 ptm 0.87 i_ptm 0.22 energy 2.04
56 models [1] recycles 0 hard 0 soft 1 temp 1 loss 5.16 i_con 4.97 plddt 0.36 ptm 0.88 i_ptm 0.10 energy 1.25
57 models [0] recycles 0 hard 0 soft 1 temp 1 loss 4.59 i_con 4.44 plddt 0.43 ptm 0.87 i_ptm 0.21 energy 0.94
58 models [1] recycles 0 hard 0 soft 1 temp 1 loss 5.17 i_con 5.05 plddt 0.39 ptm 0.88 i_ptm 0.13 energy 0.63
59 models [1] recycles 0 hard 0 soft 1 temp 1 loss 4.53 i_con 4.42 plddt 0.35 ptm 0.89 i_ptm 0.20 energy 0.45
60 models [1] recycles 0 hard 0 soft 1 temp 1 loss 5.00 i_con 4.92 plddt 0.36 ptm 0.88 i_ptm 0.19 energy 0.13
61 models [1] recycles 0 hard 0 soft 1 temp 1 loss 5.10 i_con 5.06 plddt 0.40 ptm 0.88 i_ptm 0.13 energy -0.20
62 models [1] recycles 0 hard 0 soft 1 temp 1 loss 4.98 i_con 4.99 plddt 0.34 ptm 0.88 i_ptm 0.12 energy -0.67
63 models [1] recycles 0 hard 0 soft 1 temp 1 loss 4.89 i_con 4.92 plddt 0.33 ptm 0.88 i_ptm 0.15 energy -0.98
64 models [0] recycles 0 hard 0 soft 1 temp 1 loss 4.81 i_con 4.85 plddt 0.38 ptm 0.87 i_ptm 0.16 energy -1.07
65 models [0] recycles 0 hard 0 soft 1 temp 1 loss 4.30 i_con 4.37 plddt 0.40 ptm 0.87 i_ptm 0.21 energy -1.34
66 models [1] recycles 0 hard 0 soft 1 temp 1 loss 4.44 i_con 4.55 plddt 0.34 ptm 0.89 i_ptm 0.20 energy -1.72
67 models [0] recycles 0 hard 0 soft 1 temp 1 loss 4.33 i_con 4.44 plddt 0.39 ptm 0.87 i_ptm 0.19 energy -1.73
68 models [1] recycles 0 hard 0 soft 1 temp 1 loss 5.03 i_con 5.16 plddt 0.38 ptm 0.88 i_ptm 0.11 energy -1.91
69 models [0] recycles 0 hard 0 soft 1 temp 1 loss 3.91 i_con 4.03 plddt 0.41 ptm 0.87 i_ptm 0.27 energy -1.80
70 models [1] recycles 0 hard 0 soft 1 temp 1 loss 4.48 i_con 4.60 plddt 0.36 ptm 0.88 i_ptm 0.18 energy -1.88
71 models [1] recycles 0 hard 0 soft 1 temp 1 loss 4.63 i_con 4.76 plddt 0.34 ptm 0.88 i_ptm 0.19 energy -1.94
72 models [1] recycles 0 hard 0 soft 1 temp 1 loss 4.45 i_con 4.58 plddt 0.37 ptm 0.88 i_ptm 0.18 energy -1.90
73 models [0] recycles 0 hard 0 soft 1 temp 1 loss 5.00 i_con 5.13 plddt 0.43 ptm 0.87 i_ptm 0.14 energy -1.77
74 models [0] recycles 0 hard 0 soft 1 temp 1 loss 4.36 i_con 4.51 plddt 0.41 ptm 0.87 i_ptm 0.20 energy -2.02
75 models [0] recycles 0 hard 0 soft 1 temp 1 loss 4.26 i_con 4.43 plddt 0.39 ptm 0.87 i_ptm 0.21 energy -2.29
76 models [0] recycles 0 hard 0 soft 1 temp 1 loss 4.26 i_con 4.43 plddt 0.39 ptm 0.87 i_ptm 0.18 energy -2.33
77 models [0] recycles 0 hard 0 soft 1 temp 1 loss 4.04 i_con 4.22 plddt 0.40 ptm 0.87 i_ptm 0.23 energy -2.42
78 models [1] recycles 0 hard 0 soft 1 temp 1 loss 4.14 i_con 4.31 plddt 0.36 ptm 0.88 i_ptm 0.23 energy -2.37
79 models [0] recycles 0 hard 0 soft 1 temp 1 loss 3.99 i_con 4.18 plddt 0.40 ptm 0.87 i_ptm 0.22 energy -2.45
80 models [1] recycles 0 hard 0 soft 1 temp 1 loss 4.05 i_con 4.22 plddt 0.40 ptm 0.89 i_ptm 0.22 energy -2.35
81 models [0] recycles 0 hard 0 soft 1 temp 1 loss 4.10 i_con 4.30 plddt 0.42 ptm 0.87 i_ptm 0.25 energy -2.52
82 models [1] recycles 0 hard 0 soft 1 temp 1 loss 4.51 i_con 4.71 plddt 0.39 ptm 0.88 i_ptm 0.18 energy -2.65
83 models [1] recycles 0 hard 0 soft 1 temp 1 loss 4.02 i_con 4.23 plddt 0.37 ptm 0.89 i_ptm 0.24 energy -2.71
84 models [0] recycles 0 hard 0 soft 1 temp 1 loss 3.91 i_con 4.12 plddt 0.40 ptm 0.87 i_ptm 0.26 energy -2.76
85 models [0] recycles 0 hard 0 soft 1 temp 1 loss 3.81 i_con 4.03 plddt 0.41 ptm 0.87 i_ptm 0.29 energy -2.75
86 models [1] recycles 0 hard 0 soft 1 temp 1 loss 4.75 i_con 4.95 plddt 0.37 ptm 0.88 i_ptm 0.11 energy -2.69
87 models [1] recycles 0 hard 0 soft 1 temp 1 loss 4.69 i_con 4.91 plddt 0.36 ptm 0.88 i_ptm 0.13 energy -2.82
88 models [1] recycles 0 hard 0 soft 1 temp 1 loss 4.04 i_con 4.27 plddt 0.38 ptm 0.88 i_ptm 0.22 energy -2.93
89 models [0] recycles 0 hard 0 soft 1 temp 1 loss 3.99 i_con 4.22 plddt 0.40 ptm 0.87 i_ptm 0.24 energy -2.86
90 models [0] recycles 0 hard 0 soft 1 temp 1 loss 3.90 i_con 4.12 plddt 0.39 ptm 0.87 i_ptm 0.25 energy -2.78
91 models [0] recycles 0 hard 0 soft 1 temp 1 loss 4.05 i_con 4.29 plddt 0.41 ptm 0.87 i_ptm 0.22 energy -2.99
92 models [0] recycles 0 hard 0 soft 1 temp 1 loss 3.85 i_con 4.09 plddt 0.40 ptm 0.87 i_ptm 0.26 energy -2.99
93 models [1] recycles 0 hard 0 soft 1 temp 1 loss 4.50 i_con 4.73 plddt 0.37 ptm 0.88 i_ptm 0.14 energy -2.95
94 models [1] recycles 0 hard 0 soft 1 temp 1 loss 3.91 i_con 4.15 plddt 0.38 ptm 0.89 i_ptm 0.24 energy -3.06
95 models [1] recycles 0 hard 0 soft 1 temp 1 loss 4.04 i_con 4.27 plddt 0.36 ptm 0.88 i_ptm 0.22 energy -2.91
96 models [0] recycles 0 hard 0 soft 1 temp 1 loss 3.84 i_con 4.07 plddt 0.38 ptm 0.87 i_ptm 0.24 energy -2.96
97 models [1] recycles 0 hard 0 soft 1 temp 1 loss 4.33 i_con 4.57 plddt 0.35 ptm 0.88 i_ptm 0.16 energy -3.03
98 models [1] recycles 0 hard 0 soft 1 temp 1 loss 4.20 i_con 4.42 plddt 0.35 ptm 0.88 i_ptm 0.18 energy -2.89
99 models [1] recycles 0 hard 0 soft 1 temp 1 loss 4.26 i_con 4.50 plddt 0.36 ptm 0.89 i_ptm 0.17 energy -3.00
100 models [0] recycles 0 hard 0 soft 1 temp 1 loss 3.99 i_con 4.22 plddt 0.41 ptm 0.87 i_ptm 0.25 energy -2.90
101 models [0] recycles 0 hard 0 soft 0 temp 1 loss 5.72 i_con 6.04 plddt 0.45 ptm 0.87 i_ptm 0.13 energy -18.73
102 models [0] recycles 0 hard 0 soft 0 temp 0.98 loss 4.22 i_con 4.53 plddt 0.41 ptm 0.87 i_ptm 0.27 energy -18.51
103 models [1] recycles 0 hard 0 soft 0 temp 0.96 loss 6.05 i_con 6.37 plddt 0.48 ptm 0.88 i_ptm 0.09 energy -18.48
104 models [0] recycles 0 hard 0 soft 0 temp 0.94 loss 4.00 i_con 4.30 plddt 0.36 ptm 0.87 i_ptm 0.24 energy -18.30
105 models [0] recycles 0 hard 0 soft 0 temp 0.92 loss 3.55 i_con 3.86 plddt 0.40 ptm 0.87 i_ptm 0.31 energy -18.26
106 models [1] recycles 0 hard 0 soft 0 temp 0.90 loss 4.22 i_con 4.53 plddt 0.34 ptm 0.89 i_ptm 0.19 energy -18.79
107 models [0] recycles 0 hard 0 soft 0 temp 0.88 loss 3.44 i_con 3.76 plddt 0.40 ptm 0.87 i_ptm 0.35 energy -18.61
108 models [0] recycles 0 hard 0 soft 0 temp 0.86 loss 3.29 i_con 3.62 plddt 0.45 ptm 0.88 i_ptm 0.41 energy -19.25
109 models [0] recycles 0 hard 0 soft 0 temp 0.84 loss 3.15 i_con 3.50 plddt 0.46 ptm 0.88 i_ptm 0.44 energy -19.82
110 models [1] recycles 0 hard 0 soft 0 temp 0.82 loss 3.08 i_con 3.44 plddt 0.47 ptm 0.90 i_ptm 0.51 energy -20.41
111 models [0] recycles 0 hard 0 soft 0 temp 0.80 loss 2.96 i_con 3.32 plddt 0.50 ptm 0.88 i_ptm 0.52 energy -20.54
112 models [1] recycles 0 hard 0 soft 0 temp 0.78 loss 3.16 i_con 3.53 plddt 0.47 ptm 0.90 i_ptm 0.47 energy -20.89
113 models [1] recycles 0 hard 0 soft 0 temp 0.76 loss 2.99 i_con 3.37 plddt 0.48 ptm 0.90 i_ptm 0.50 energy -21.38
114 models [1] recycles 0 hard 0 soft 0 temp 0.74 loss 2.80 i_con 3.17 plddt 0.50 ptm 0.90 i_ptm 0.56 energy -21.49
115 models [0] recycles 0 hard 0 soft 0 temp 0.72 loss 3.26 i_con 3.64 plddt 0.43 ptm 0.88 i_ptm 0.40 energy -21.95
116 models [0] recycles 0 hard 0 soft 0 temp 0.70 loss 2.79 i_con 3.19 plddt 0.54 ptm 0.88 i_ptm 0.56 energy -22.33
117 models [0] recycles 0 hard 0 soft 0 temp 0.68 loss 2.93 i_con 3.33 plddt 0.48 ptm 0.88 i_ptm 0.50 energy -22.66
118 models [1] recycles 0 hard 0 soft 0 temp 0.66 loss 2.94 i_con 3.35 plddt 0.49 ptm 0.90 i_ptm 0.52 energy -22.84
119 models [0] recycles 0 hard 0 soft 0 temp 0.64 loss 3.04 i_con 3.46 plddt 0.46 ptm 0.88 i_ptm 0.49 energy -23.59
120 models [0] recycles 0 hard 0 soft 0 temp 0.62 loss 3.03 i_con 3.46 plddt 0.47 ptm 0.88 i_ptm 0.47 energy -24.12
121 models [0] recycles 0 hard 0 soft 0 temp 0.60 loss 2.88 i_con 3.33 plddt 0.50 ptm 0.88 i_ptm 0.53 energy -25.02
122 models [0] recycles 0 hard 0 soft 0 temp 0.58 loss 2.57 i_con 3.04 plddt 0.56 ptm 0.88 i_ptm 0.59 energy -25.91
123 models [0] recycles 0 hard 0 soft 0 temp 0.56 loss 2.87 i_con 3.35 plddt 0.49 ptm 0.88 i_ptm 0.51 energy -26.63
124 models [1] recycles 0 hard 0 soft 0 temp 0.54 loss 2.81 i_con 3.31 plddt 0.49 ptm 0.90 i_ptm 0.50 energy -27.43
125 models [0] recycles 0 hard 0 soft 0 temp 0.52 loss 2.77 i_con 3.28 plddt 0.51 ptm 0.88 i_ptm 0.53 energy -27.71
126 models [0] recycles 0 hard 0 soft 0 temp 0.50 loss 2.58 i_con 3.10 plddt 0.55 ptm 0.89 i_ptm 0.59 energy -28.40
127 models [0] recycles 0 hard 0 soft 0 temp 0.48 loss 2.68 i_con 3.20 plddt 0.52 ptm 0.88 i_ptm 0.58 energy -28.54
128 models [1] recycles 0 hard 0 soft 0 temp 0.46 loss 2.98 i_con 3.50 plddt 0.47 ptm 0.90 i_ptm 0.46 energy -28.79
129 models [1] recycles 0 hard 0 soft 0 temp 0.44 loss 2.70 i_con 3.24 plddt 0.51 ptm 0.90 i_ptm 0.57 energy -29.14
130 models [1] recycles 0 hard 0 soft 0 temp 0.42 loss 2.57 i_con 3.12 plddt 0.53 ptm 0.90 i_ptm 0.58 energy -29.68
131 models [1] recycles 0 hard 0 soft 0 temp 0.40 loss 2.49 i_con 3.04 plddt 0.53 ptm 0.90 i_ptm 0.59 energy -29.70
132 models [1] recycles 0 hard 0 soft 0 temp 0.38 loss 2.39 i_con 2.95 plddt 0.57 ptm 0.90 i_ptm 0.64 energy -29.82
133 models [0] recycles 0 hard 0 soft 0 temp 0.36 loss 2.68 i_con 3.24 plddt 0.53 ptm 0.88 i_ptm 0.54 energy -30.49
134 models [0] recycles 0 hard 0 soft 0 temp 0.34 loss 2.37 i_con 2.94 plddt 0.57 ptm 0.89 i_ptm 0.61 energy -30.64
135 models [1] recycles 0 hard 0 soft 0 temp 0.32 loss 2.29 i_con 2.88 plddt 0.58 ptm 0.90 i_ptm 0.66 energy -31.37
136 models [0] recycles 0 hard 0 soft 0 temp 0.30 loss 2.37 i_con 2.96 plddt 0.57 ptm 0.89 i_ptm 0.63 energy -31.77
137 models [0] recycles 0 hard 0 soft 0 temp 0.28 loss 2.55 i_con 3.15 plddt 0.53 ptm 0.88 i_ptm 0.58 energy -32.44
138 models [0] recycles 0 hard 0 soft 0 temp 0.26 loss 2.69 i_con 3.31 plddt 0.52 ptm 0.88 i_ptm 0.55 energy -33.07
139 models [0] recycles 0 hard 0 soft 0 temp 0.24 loss 2.63 i_con 3.23 plddt 0.52 ptm 0.88 i_ptm 0.55 energy -32.83
140 models [0] recycles 0 hard 0 soft 0 temp 0.22 loss 2.38 i_con 2.99 plddt 0.56 ptm 0.89 i_ptm 0.62 energy -33.04
141 models [1] recycles 0 hard 0 soft 0 temp 0.20 loss 2.21 i_con 2.84 plddt 0.59 ptm 0.90 i_ptm 0.68 energy -33.65
142 models [1] recycles 0 hard 0 soft 0 temp 0.18 loss 2.19 i_con 2.82 plddt 0.61 ptm 0.90 i_ptm 0.69 energy -33.65
143 models [0] recycles 0 hard 0 soft 0 temp 0.16 loss 2.42 i_con 3.04 plddt 0.54 ptm 0.89 i_ptm 0.60 energy -33.45
144 models [1] recycles 0 hard 0 soft 0 temp 0.14 loss 2.22 i_con 2.86 plddt 0.58 ptm 0.90 i_ptm 0.66 energy -33.83
145 models [1] recycles 0 hard 0 soft 0 temp 0.12 loss 2.27 i_con 2.91 plddt 0.57 ptm 0.91 i_ptm 0.67 energy -34.34
146 models [0] recycles 0 hard 0 soft 0 temp 0.10 loss 2.49 i_con 3.14 plddt 0.53 ptm 0.88 i_ptm 0.60 energy -34.81
147 models [1] recycles 0 hard 0 soft 0 temp 0.08 loss 1.93 i_con 2.58 plddt 0.61 ptm 0.91 i_ptm 0.70 energy -34.73
148 models [0] recycles 0 hard 0 soft 0 temp 0.06 loss 2.35 i_con 3.00 plddt 0.54 ptm 0.89 i_ptm 0.59 energy -34.81
149 models [1] recycles 0 hard 0 soft 0 temp 0.04 loss 2.10 i_con 2.76 plddt 0.60 ptm 0.91 i_ptm 0.70 energy -34.74
150 models [1] recycles 0 hard 0 soft 0 temp 0.02 loss 2.13 i_con 2.78 plddt 0.60 ptm 0.91 i_ptm 0.69 energy -34.56
151 models [0] recycles 0 hard 1 soft 0 temp 0.00 loss 3.95 i_con 4.42 plddt 0.32 ptm 0.87 i_ptm 0.20 energy -2.71
152 models [0] recycles 0 hard 1 soft 0 temp 0.00 loss 3.95 i_con 4.42 plddt 0.32 ptm 0.87 i_ptm 0.20 energy -2.71
153 models [0] recycles 0 hard 1 soft 0 temp 0.00 loss 3.95 i_con 4.42 plddt 0.32 ptm 0.87 i_ptm 0.20 energy -2.71
154 models [0] recycles 0 hard 1 soft 0 temp 0.00 loss 3.95 i_con 4.42 plddt 0.32 ptm 0.87 i_ptm 0.20 energy -2.71
155 models [0] recycles 0 hard 1 soft 0 temp 0.00 loss 3.95 i_con 4.42 plddt 0.32 ptm 0.87 i_ptm 0.20 energy -2.71
156 models [1] recycles 0 hard 1 soft 0 temp 0.00 loss 3.88 i_con 4.35 plddt 0.33 ptm 0.89 i_ptm 0.22 energy -2.71
157 models [0] recycles 0 hard 1 soft 0 temp 0.00 loss 3.95 i_con 4.42 plddt 0.32 ptm 0.87 i_ptm 0.20 energy -2.71
158 models [1] recycles 0 hard 1 soft 0 temp 0.00 loss 3.88 i_con 4.35 plddt 0.33 ptm 0.89 i_ptm 0.22 energy -2.71
159 models [0] recycles 0 hard 1 soft 0 temp 0.00 loss 3.95 i_con 4.42 plddt 0.32 ptm 0.87 i_ptm 0.20 energy -2.71
160 models [0] recycles 0 hard 1 soft 0 temp 0.00 loss 3.95 i_con 4.42 plddt 0.32 ptm 0.87 i_ptm 0.20 energy -2.71
161 models [1] recycles 0 hard 1 soft 0 temp 0.00 loss 3.88 i_con 4.35 plddt 0.33 ptm 0.89 i_ptm 0.22 energy -2.71
162 models [0] recycles 0 hard 1 soft 0 temp 0.00 loss 3.95 i_con 4.42 plddt 0.32 ptm 0.87 i_ptm 0.20 energy -2.71
163 models [0] recycles 0 hard 1 soft 0 temp 0.00 loss 3.95 i_con 4.42 plddt 0.32 ptm 0.87 i_ptm 0.20 energy -2.71
164 models [1] recycles 0 hard 1 soft 0 temp 0.00 loss 3.88 i_con 4.35 plddt 0.33 ptm 0.89 i_ptm 0.22 energy -2.71
165 models [0] recycles 0 hard 1 soft 0 temp 0.00 loss 3.95 i_con 4.42 plddt 0.32 ptm 0.87 i_ptm 0.20 energy -2.71
166 models [0] recycles 0 hard 1 soft 0 temp 0.00 loss 3.95 i_con 4.42 plddt 0.32 ptm 0.87 i_ptm 0.20 energy -2.71
167 models [0] recycles 0 hard 1 soft 0 temp 0.00 loss 3.95 i_con 4.42 plddt 0.32 ptm 0.87 i_ptm 0.20 energy -2.71
168 models [1] recycles 0 hard 1 soft 0 temp 0.00 loss 3.88 i_con 4.35 plddt 0.33 ptm 0.89 i_ptm 0.22 energy -2.71
169 models [0] recycles 0 hard 1 soft 0 temp 0.00 loss 3.95 i_con 4.42 plddt 0.32 ptm 0.87 i_ptm 0.20 energy -2.71
170 models [0] recycles 0 hard 1 soft 0 temp 0.00 loss 3.95 i_con 4.42 plddt 0.32 ptm 0.87 i_ptm 0.20 energy -2.71
171 models [0] recycles 0 hard 1 soft 0 temp 0.00 loss 3.95 i_con 4.42 plddt 0.32 ptm 0.87 i_ptm 0.20 energy -2.71
172 models [0] recycles 0 hard 1 soft 0 temp 0.00 loss 3.95 i_con 4.42 plddt 0.32 ptm 0.87 i_ptm 0.20 energy -2.71
173 models [0] recycles 0 hard 1 soft 0 temp 0.00 loss 3.95 i_con 4.42 plddt 0.32 ptm 0.87 i_ptm 0.20 energy -2.71
174 models [1] recycles 0 hard 1 soft 0 temp 0.00 loss 3.88 i_con 4.35 plddt 0.33 ptm 0.89 i_ptm 0.22 energy -2.71
175 models [0] recycles 0 hard 1 soft 0 temp 0.00 loss 3.95 i_con 4.42 plddt 0.32 ptm 0.87 i_ptm 0.20 energy -2.71
176 models [1] recycles 0 hard 1 soft 0 temp 0.00 loss 3.88 i_con 4.35 plddt 0.33 ptm 0.89 i_ptm 0.22 energy -2.71
177 models [0] recycles 0 hard 1 soft 0 temp 0.00 loss 3.95 i_con 4.42 plddt 0.32 ptm 0.87 i_ptm 0.20 energy -2.71
178 models [1] recycles 0 hard 1 soft 0 temp 0.00 loss 3.88 i_con 4.35 plddt 0.33 ptm 0.89 i_ptm 0.22 energy -2.71
179 models [1] recycles 0 hard 1 soft 0 temp 0.00 loss 3.88 i_con 4.35 plddt 0.33 ptm 0.89 i_ptm 0.22 energy -2.71
180 models [0] recycles 0 hard 1 soft 0 temp 0.00 loss 3.95 i_con 4.42 plddt 0.32 ptm 0.87 i_ptm 0.20 energy -2.71
  seq=AASGPDCQGLLLLFL  loss=3.9495  loss_af=4.4917  energy=-2.7107  i_ptm=0.2014
[5/20] seed=4 ...
1 models [1] recycles 0 hard 0 soft 1 temp 1 loss 7.69 i_con 7.50 plddt 0.53 ptm 0.88 i_ptm 0.09 energy 7.39
2 models [1] recycles 0 hard 0 soft 1 temp 1 loss 7.49 i_con 7.30 plddt 0.53 ptm 0.88 i_ptm 0.09 energy 7.19
3 models [1] recycles 0 hard 0 soft 1 temp 1 loss 7.57 i_con 7.39 plddt 0.59 ptm 0.88 i_ptm 0.09 energy 7.05
4 models [0] recycles 0 hard 0 soft 1 temp 1 loss 7.62 i_con 7.44 plddt 0.58 ptm 0.86 i_ptm 0.14 energy 6.90
5 models [1] recycles 0 hard 0 soft 1 temp 1 loss 7.36 i_con 7.17 plddt 0.54 ptm 0.88 i_ptm 0.09 energy 6.85
6 models [0] recycles 0 hard 0 soft 1 temp 1 loss 7.25 i_con 7.07 plddt 0.50 ptm 0.86 i_ptm 0.14 energy 6.75
7 models [0] recycles 0 hard 0 soft 1 temp 1 loss 6.20 i_con 6.02 plddt 0.49 ptm 0.86 i_ptm 0.11 energy 6.76
8 models [1] recycles 0 hard 0 soft 1 temp 1 loss 6.68 i_con 6.50 plddt 0.52 ptm 0.88 i_ptm 0.08 energy 6.88
9 models [1] recycles 0 hard 0 soft 1 temp 1 loss 6.54 i_con 6.34 plddt 0.48 ptm 0.88 i_ptm 0.08 energy 6.95
10 models [1] recycles 0 hard 0 soft 1 temp 1 loss 6.26 i_con 6.07 plddt 0.47 ptm 0.88 i_ptm 0.09 energy 7.12
11 models [1] recycles 0 hard 0 soft 1 temp 1 loss 6.06 i_con 5.86 plddt 0.49 ptm 0.88 i_ptm 0.08 energy 7.11
12 models [1] recycles 0 hard 0 soft 1 temp 1 loss 5.90 i_con 5.70 plddt 0.44 ptm 0.88 i_ptm 0.08 energy 6.94
13 models [0] recycles 0 hard 0 soft 1 temp 1 loss 5.68 i_con 5.48 plddt 0.38 ptm 0.86 i_ptm 0.13 energy 6.60
14 models [0] recycles 0 hard 0 soft 1 temp 1 loss 5.17 i_con 4.97 plddt 0.39 ptm 0.86 i_ptm 0.12 energy 6.67
15 models [1] recycles 0 hard 0 soft 1 temp 1 loss 5.97 i_con 5.78 plddt 0.44 ptm 0.88 i_ptm 0.08 energy 6.62
16 models [0] recycles 0 hard 0 soft 1 temp 1 loss 5.04 i_con 4.85 plddt 0.40 ptm 0.86 i_ptm 0.10 energy 6.58
17 models [1] recycles 0 hard 0 soft 1 temp 1 loss 6.06 i_con 5.87 plddt 0.44 ptm 0.88 i_ptm 0.08 energy 6.56
18 models [0] recycles 0 hard 0 soft 1 temp 1 loss 4.89 i_con 4.70 plddt 0.37 ptm 0.87 i_ptm 0.19 energy 6.41
19 models [1] recycles 0 hard 0 soft 1 temp 1 loss 5.87 i_con 5.68 plddt 0.41 ptm 0.88 i_ptm 0.09 energy 6.20
20 models [1] recycles 0 hard 0 soft 1 temp 1 loss 5.65 i_con 5.46 plddt 0.37 ptm 0.88 i_ptm 0.08 energy 6.07
21 models [1] recycles 0 hard 0 soft 1 temp 1 loss 5.10 i_con 4.92 plddt 0.39 ptm 0.88 i_ptm 0.16 energy 5.86
22 models [0] recycles 0 hard 0 soft 1 temp 1 loss 4.86 i_con 4.68 plddt 0.36 ptm 0.87 i_ptm 0.21 energy 5.75
23 models [0] recycles 0 hard 0 soft 1 temp 1 loss 5.19 i_con 5.02 plddt 0.35 ptm 0.87 i_ptm 0.18 energy 5.32
24 models [0] recycles 0 hard 0 soft 1 temp 1 loss 5.00 i_con 4.83 plddt 0.41 ptm 0.87 i_ptm 0.13 energy 5.11
25 models [1] recycles 0 hard 0 soft 1 temp 1 loss 5.68 i_con 5.53 plddt 0.42 ptm 0.88 i_ptm 0.09 energy 4.77
26 models [1] recycles 0 hard 0 soft 1 temp 1 loss 5.00 i_con 4.83 plddt 0.36 ptm 0.88 i_ptm 0.16 energy 5.02
27 models [0] recycles 0 hard 0 soft 1 temp 1 loss 4.89 i_con 4.73 plddt 0.39 ptm 0.87 i_ptm 0.19 energy 4.63
28 models [0] recycles 0 hard 0 soft 1 temp 1 loss 5.08 i_con 4.92 plddt 0.37 ptm 0.86 i_ptm 0.14 energy 4.63
29 models [1] recycles 0 hard 0 soft 1 temp 1 loss 5.59 i_con 5.44 plddt 0.39 ptm 0.88 i_ptm 0.09 energy 4.30
30 models [1] recycles 0 hard 0 soft 1 temp 1 loss 5.15 i_con 5.00 plddt 0.37 ptm 0.88 i_ptm 0.13 energy 4.45
31 models [1] recycles 0 hard 0 soft 1 temp 1 loss 5.15 i_con 5.00 plddt 0.35 ptm 0.88 i_ptm 0.14 energy 4.19
32 models [1] recycles 0 hard 0 soft 1 temp 1 loss 5.36 i_con 5.22 plddt 0.37 ptm 0.88 i_ptm 0.10 energy 3.97
33 models [0] recycles 0 hard 0 soft 1 temp 1 loss 4.94 i_con 4.79 plddt 0.37 ptm 0.87 i_ptm 0.23 energy 4.33
34 models [1] recycles 0 hard 0 soft 1 temp 1 loss 5.26 i_con 5.12 plddt 0.39 ptm 0.88 i_ptm 0.12 energy 3.84
35 models [1] recycles 0 hard 0 soft 1 temp 1 loss 4.81 i_con 4.68 plddt 0.35 ptm 0.88 i_ptm 0.22 energy 3.57
36 models [0] recycles 0 hard 0 soft 1 temp 1 loss 4.98 i_con 4.85 plddt 0.37 ptm 0.86 i_ptm 0.16 energy 3.58
37 models [0] recycles 0 hard 0 soft 1 temp 1 loss 4.78 i_con 4.65 plddt 0.38 ptm 0.87 i_ptm 0.19 energy 3.50
38 models [0] recycles 0 hard 0 soft 1 temp 1 loss 4.68 i_con 4.55 plddt 0.38 ptm 0.86 i_ptm 0.22 energy 2.91
39 models [0] recycles 0 hard 0 soft 1 temp 1 loss 4.78 i_con 4.66 plddt 0.38 ptm 0.87 i_ptm 0.21 energy 2.61
40 models [1] recycles 0 hard 0 soft 1 temp 1 loss 5.21 i_con 5.09 plddt 0.37 ptm 0.88 i_ptm 0.18 energy 2.91
41 models [0] recycles 0 hard 0 soft 1 temp 1 loss 4.75 i_con 4.63 plddt 0.40 ptm 0.87 i_ptm 0.22 energy 3.11
42 models [0] recycles 0 hard 0 soft 1 temp 1 loss 4.70 i_con 4.57 plddt 0.40 ptm 0.87 i_ptm 0.23 energy 3.26
43 models [1] recycles 0 hard 0 soft 1 temp 1 loss 5.70 i_con 5.59 plddt 0.40 ptm 0.88 i_ptm 0.09 energy 2.55
44 models [1] recycles 0 hard 0 soft 1 temp 1 loss 5.11 i_con 5.00 plddt 0.35 ptm 0.88 i_ptm 0.16 energy 2.57
45 models [0] recycles 0 hard 0 soft 1 temp 1 loss 5.07 i_con 4.96 plddt 0.40 ptm 0.87 i_ptm 0.14 energy 2.19
46 models [1] recycles 0 hard 0 soft 1 temp 1 loss 4.94 i_con 4.84 plddt 0.34 ptm 0.88 i_ptm 0.17 energy 1.79
47 models [0] recycles 0 hard 0 soft 1 temp 1 loss 4.41 i_con 4.32 plddt 0.40 ptm 0.87 i_ptm 0.26 energy 1.74
48 models [0] recycles 0 hard 0 soft 1 temp 1 loss 4.80 i_con 4.70 plddt 0.39 ptm 0.87 i_ptm 0.19 energy 1.83
49 models [1] recycles 0 hard 0 soft 1 temp 1 loss 5.25 i_con 5.16 plddt 0.36 ptm 0.88 i_ptm 0.12 energy 1.45
50 models [0] recycles 0 hard 0 soft 1 temp 1 loss 4.41 i_con 4.32 plddt 0.37 ptm 0.87 i_ptm 0.26 energy 1.38
51 models [0] recycles 0 hard 0 soft 1 temp 1 loss 4.70 i_con 4.55 plddt 0.37 ptm 0.87 i_ptm 0.23 energy 0.92
52 models [0] recycles 0 hard 0 soft 1 temp 1 loss 4.34 i_con 4.28 plddt 0.38 ptm 0.87 i_ptm 0.27 energy -0.02
53 models [1] recycles 0 hard 0 soft 1 temp 1 loss 4.74 i_con 4.75 plddt 0.37 ptm 0.88 i_ptm 0.20 energy -0.77
54 models [1] recycles 0 hard 0 soft 1 temp 1 loss 4.75 i_con 4.84 plddt 0.36 ptm 0.88 i_ptm 0.18 energy -1.52
55 models [1] recycles 0 hard 0 soft 1 temp 1 loss 4.71 i_con 4.87 plddt 0.40 ptm 0.88 i_ptm 0.16 energy -2.14
56 models [0] recycles 0 hard 0 soft 1 temp 1 loss 4.46 i_con 4.65 plddt 0.34 ptm 0.87 i_ptm 0.21 energy -2.57
57 models [0] recycles 0 hard 0 soft 1 temp 1 loss 4.15 i_con 4.34 plddt 0.34 ptm 0.87 i_ptm 0.26 energy -2.56
58 models [0] recycles 0 hard 0 soft 1 temp 1 loss 4.20 i_con 4.41 plddt 0.36 ptm 0.87 i_ptm 0.25 energy -2.73
59 models [0] recycles 0 hard 0 soft 1 temp 1 loss 4.00 i_con 4.20 plddt 0.40 ptm 0.87 i_ptm 0.27 energy -2.56
60 models [1] recycles 0 hard 0 soft 1 temp 1 loss 4.25 i_con 4.46 plddt 0.35 ptm 0.89 i_ptm 0.22 energy -2.77
61 models [0] recycles 0 hard 0 soft 1 temp 1 loss 3.84 i_con 4.08 plddt 0.39 ptm 0.87 i_ptm 0.28 energy -2.98
62 models [0] recycles 0 hard 0 soft 1 temp 1 loss 3.94 i_con 4.16 plddt 0.41 ptm 0.87 i_ptm 0.29 energy -2.81
63 models [1] recycles 0 hard 0 soft 1 temp 1 loss 4.35 i_con 4.59 plddt 0.36 ptm 0.88 i_ptm 0.23 energy -3.02
64 models [1] recycles 0 hard 0 soft 1 temp 1 loss 4.31 i_con 4.55 plddt 0.37 ptm 0.88 i_ptm 0.21 energy -3.00
65 models [0] recycles 0 hard 0 soft 1 temp 1 loss 4.04 i_con 4.30 plddt 0.39 ptm 0.87 i_ptm 0.29 energy -3.20
66 models [0] recycles 0 hard 0 soft 1 temp 1 loss 3.96 i_con 4.23 plddt 0.40 ptm 0.87 i_ptm 0.26 energy -3.25
67 models [1] recycles 0 hard 0 soft 1 temp 1 loss 4.38 i_con 4.64 plddt 0.37 ptm 0.88 i_ptm 0.20 energy -3.19
68 models [1] recycles 0 hard 0 soft 1 temp 1 loss 4.18 i_con 4.45 plddt 0.33 ptm 0.88 i_ptm 0.24 energy -3.32
69 models [1] recycles 0 hard 0 soft 1 temp 1 loss 3.98 i_con 4.24 plddt 0.40 ptm 0.89 i_ptm 0.29 energy -3.17
70 models [1] recycles 0 hard 0 soft 1 temp 1 loss 3.91 i_con 4.19 plddt 0.39 ptm 0.89 i_ptm 0.30 energy -3.46
71 models [0] recycles 0 hard 0 soft 1 temp 1 loss 3.80 i_con 4.06 plddt 0.39 ptm 0.87 i_ptm 0.30 energy -3.27
72 models [1] recycles 0 hard 0 soft 1 temp 1 loss 3.94 i_con 4.22 plddt 0.36 ptm 0.89 i_ptm 0.24 energy -3.41
73 models [1] recycles 0 hard 0 soft 1 temp 1 loss 4.05 i_con 4.36 plddt 0.35 ptm 0.89 i_ptm 0.25 energy -3.74
74 models [0] recycles 0 hard 0 soft 1 temp 1 loss 4.09 i_con 4.41 plddt 0.39 ptm 0.87 i_ptm 0.22 energy -3.80
75 models [0] recycles 0 hard 0 soft 1 temp 1 loss 3.97 i_con 4.31 plddt 0.40 ptm 0.87 i_ptm 0.25 energy -4.00
76 models [0] recycles 0 hard 0 soft 1 temp 1 loss 3.81 i_con 4.16 plddt 0.44 ptm 0.87 i_ptm 0.31 energy -4.03
77 models [0] recycles 0 hard 0 soft 1 temp 1 loss 3.85 i_con 4.17 plddt 0.41 ptm 0.87 i_ptm 0.25 energy -3.80
78 models [0] recycles 0 hard 0 soft 1 temp 1 loss 3.79 i_con 4.11 plddt 0.40 ptm 0.87 i_ptm 0.29 energy -3.84
79 models [1] recycles 0 hard 0 soft 1 temp 1 loss 4.07 i_con 4.40 plddt 0.35 ptm 0.88 i_ptm 0.24 energy -3.94
80 models [1] recycles 0 hard 0 soft 1 temp 1 loss 3.93 i_con 4.26 plddt 0.36 ptm 0.89 i_ptm 0.25 energy -4.01
81 models [0] recycles 0 hard 0 soft 1 temp 1 loss 3.72 i_con 4.08 plddt 0.41 ptm 0.87 i_ptm 0.30 energy -4.24
82 models [0] recycles 0 hard 0 soft 1 temp 1 loss 3.71 i_con 4.07 plddt 0.40 ptm 0.87 i_ptm 0.26 energy -4.12
83 models [1] recycles 0 hard 0 soft 1 temp 1 loss 3.87 i_con 4.24 plddt 0.38 ptm 0.89 i_ptm 0.26 energy -4.29
84 models [0] recycles 0 hard 0 soft 1 temp 1 loss 3.69 i_con 4.08 plddt 0.42 ptm 0.87 i_ptm 0.32 energy -4.49
85 models [1] recycles 0 hard 0 soft 1 temp 1 loss 4.06 i_con 4.43 plddt 0.35 ptm 0.88 i_ptm 0.23 energy -4.30
86 models [0] recycles 0 hard 0 soft 1 temp 1 loss 3.92 i_con 4.27 plddt 0.41 ptm 0.87 i_ptm 0.25 energy -4.11
87 models [1] recycles 0 hard 0 soft 1 temp 1 loss 4.07 i_con 4.44 plddt 0.36 ptm 0.88 i_ptm 0.23 energy -4.28
88 models [1] recycles 0 hard 0 soft 1 temp 1 loss 3.79 i_con 4.16 plddt 0.39 ptm 0.89 i_ptm 0.30 energy -4.30
89 models [0] recycles 0 hard 0 soft 1 temp 1 loss 3.64 i_con 4.00 plddt 0.42 ptm 0.88 i_ptm 0.33 energy -4.21
90 models [0] recycles 0 hard 0 soft 1 temp 1 loss 3.75 i_con 4.12 plddt 0.41 ptm 0.87 i_ptm 0.30 energy -4.29
91 models [1] recycles 0 hard 0 soft 1 temp 1 loss 3.91 i_con 4.30 plddt 0.36 ptm 0.89 i_ptm 0.26 energy -4.52
92 models [0] recycles 0 hard 0 soft 1 temp 1 loss 3.73 i_con 4.14 plddt 0.43 ptm 0.87 i_ptm 0.27 energy -4.61
93 models [1] recycles 0 hard 0 soft 1 temp 1 loss 3.85 i_con 4.25 plddt 0.35 ptm 0.88 i_ptm 0.24 energy -4.62
94 models [0] recycles 0 hard 0 soft 1 temp 1 loss 3.65 i_con 4.06 plddt 0.40 ptm 0.87 i_ptm 0.29 energy -4.69
95 models [1] recycles 0 hard 0 soft 1 temp 1 loss 3.79 i_con 4.19 plddt 0.36 ptm 0.89 i_ptm 0.28 energy -4.61
96 models [1] recycles 0 hard 0 soft 1 temp 1 loss 3.74 i_con 4.12 plddt 0.36 ptm 0.89 i_ptm 0.28 energy -4.48
97 models [0] recycles 0 hard 0 soft 1 temp 1 loss 3.71 i_con 4.12 plddt 0.41 ptm 0.87 i_ptm 0.29 energy -4.73
98 models [1] recycles 0 hard 0 soft 1 temp 1 loss 3.50 i_con 3.92 plddt 0.40 ptm 0.89 i_ptm 0.31 energy -4.76
99 models [0] recycles 0 hard 0 soft 1 temp 1 loss 3.47 i_con 3.87 plddt 0.40 ptm 0.87 i_ptm 0.33 energy -4.62
100 models [0] recycles 0 hard 0 soft 1 temp 1 loss 3.48 i_con 3.88 plddt 0.44 ptm 0.87 i_ptm 0.35 energy -4.58
101 models [0] recycles 0 hard 0 soft 0 temp 1 loss 6.48 i_con 6.98 plddt 0.62 ptm 0.87 i_ptm 0.11 energy -26.92
102 models [1] recycles 0 hard 0 soft 0 temp 0.98 loss 6.17 i_con 6.66 plddt 0.61 ptm 0.88 i_ptm 0.10 energy -26.61
103 models [0] recycles 0 hard 0 soft 0 temp 0.96 loss 3.94 i_con 4.41 plddt 0.44 ptm 0.87 i_ptm 0.29 energy -26.18
104 models [0] recycles 0 hard 0 soft 0 temp 0.94 loss 3.41 i_con 3.87 plddt 0.43 ptm 0.88 i_ptm 0.36 energy -25.93
105 models [1] recycles 0 hard 0 soft 0 temp 0.92 loss 3.53 i_con 4.00 plddt 0.43 ptm 0.89 i_ptm 0.31 energy -26.23
106 models [1] recycles 0 hard 0 soft 0 temp 0.90 loss 3.47 i_con 3.94 plddt 0.42 ptm 0.89 i_ptm 0.38 energy -26.19
107 models [1] recycles 0 hard 0 soft 0 temp 0.88 loss 3.38 i_con 3.86 plddt 0.40 ptm 0.89 i_ptm 0.36 energy -26.99
108 models [0] recycles 0 hard 0 soft 0 temp 0.86 loss 3.44 i_con 3.94 plddt 0.41 ptm 0.87 i_ptm 0.35 energy -27.90
109 models [1] recycles 0 hard 0 soft 0 temp 0.84 loss 3.26 i_con 3.76 plddt 0.39 ptm 0.89 i_ptm 0.41 energy -28.31
110 models [0] recycles 0 hard 0 soft 0 temp 0.82 loss 3.26 i_con 3.76 plddt 0.38 ptm 0.88 i_ptm 0.45 energy -28.27
111 models [0] recycles 0 hard 0 soft 0 temp 0.80 loss 3.37 i_con 3.88 plddt 0.41 ptm 0.87 i_ptm 0.35 energy -28.27
112 models [0] recycles 0 hard 0 soft 0 temp 0.78 loss 3.14 i_con 3.64 plddt 0.40 ptm 0.88 i_ptm 0.46 energy -28.34
113 models [1] recycles 0 hard 0 soft 0 temp 0.76 loss 3.26 i_con 3.77 plddt 0.41 ptm 0.89 i_ptm 0.38 energy -28.53
114 models [1] recycles 0 hard 0 soft 0 temp 0.74 loss 3.17 i_con 3.70 plddt 0.44 ptm 0.89 i_ptm 0.42 energy -29.48
115 models [1] recycles 0 hard 0 soft 0 temp 0.72 loss 3.24 i_con 3.78 plddt 0.44 ptm 0.89 i_ptm 0.43 energy -29.73
116 models [1] recycles 0 hard 0 soft 0 temp 0.70 loss 3.30 i_con 3.84 plddt 0.43 ptm 0.89 i_ptm 0.37 energy -29.86
117 models [0] recycles 0 hard 0 soft 0 temp 0.68 loss 3.17 i_con 3.72 plddt 0.41 ptm 0.88 i_ptm 0.43 energy -30.31
118 models [1] recycles 0 hard 0 soft 0 temp 0.66 loss 3.14 i_con 3.71 plddt 0.44 ptm 0.89 i_ptm 0.42 energy -31.40
119 models [0] recycles 0 hard 0 soft 0 temp 0.64 loss 3.22 i_con 3.81 plddt 0.40 ptm 0.87 i_ptm 0.41 energy -32.49
120 models [0] recycles 0 hard 0 soft 0 temp 0.62 loss 3.09 i_con 3.68 plddt 0.39 ptm 0.88 i_ptm 0.40 energy -32.68
121 models [1] recycles 0 hard 0 soft 0 temp 0.60 loss 2.79 i_con 3.40 plddt 0.44 ptm 0.90 i_ptm 0.50 energy -33.55
122 models [1] recycles 0 hard 0 soft 0 temp 0.58 loss 3.16 i_con 3.77 plddt 0.40 ptm 0.89 i_ptm 0.42 energy -33.11
123 models [0] recycles 0 hard 0 soft 0 temp 0.56 loss 3.14 i_con 3.75 plddt 0.39 ptm 0.88 i_ptm 0.43 energy -33.79
124 models [0] recycles 0 hard 0 soft 0 temp 0.54 loss 2.97 i_con 3.61 plddt 0.40 ptm 0.88 i_ptm 0.49 energy -35.03
125 models [1] recycles 0 hard 0 soft 0 temp 0.52 loss 2.76 i_con 3.41 plddt 0.44 ptm 0.90 i_ptm 0.54 energy -34.92
126 models [1] recycles 0 hard 0 soft 0 temp 0.50 loss 2.78 i_con 3.43 plddt 0.38 ptm 0.90 i_ptm 0.55 energy -35.40
127 models [0] recycles 0 hard 0 soft 0 temp 0.48 loss 2.90 i_con 3.56 plddt 0.43 ptm 0.88 i_ptm 0.52 energy -35.45
128 models [1] recycles 0 hard 0 soft 0 temp 0.46 loss 1.99 i_con 2.66 plddt 0.54 ptm 0.91 i_ptm 0.73 energy -35.88
129 models [0] recycles 0 hard 0 soft 0 temp 0.44 loss 2.97 i_con 3.63 plddt 0.40 ptm 0.88 i_ptm 0.46 energy -36.32
130 models [0] recycles 0 hard 0 soft 0 temp 0.42 loss 2.50 i_con 3.19 plddt 0.47 ptm 0.88 i_ptm 0.63 energy -36.82
131 models [1] recycles 0 hard 0 soft 0 temp 0.40 loss 2.48 i_con 3.16 plddt 0.43 ptm 0.90 i_ptm 0.64 energy -36.68
132 models [0] recycles 0 hard 0 soft 0 temp 0.38 loss 2.18 i_con 2.86 plddt 0.51 ptm 0.89 i_ptm 0.70 energy -36.48
133 models [0] recycles 0 hard 0 soft 0 temp 0.36 loss 2.63 i_con 3.32 plddt 0.44 ptm 0.88 i_ptm 0.60 energy -37.12
134 models [1] recycles 0 hard 0 soft 0 temp 0.34 loss 2.36 i_con 3.06 plddt 0.44 ptm 0.91 i_ptm 0.62 energy -37.66
135 models [0] recycles 0 hard 0 soft 0 temp 0.32 loss 2.08 i_con 2.79 plddt 0.51 ptm 0.89 i_ptm 0.71 energy -38.06
136 models [1] recycles 0 hard 0 soft 0 temp 0.30 loss 2.51 i_con 3.22 plddt 0.46 ptm 0.90 i_ptm 0.59 energy -38.05
137 models [1] recycles 0 hard 0 soft 0 temp 0.28 loss 2.80 i_con 3.50 plddt 0.41 ptm 0.90 i_ptm 0.49 energy -38.06
138 models [1] recycles 0 hard 0 soft 0 temp 0.26 loss 2.32 i_con 3.03 plddt 0.47 ptm 0.91 i_ptm 0.67 energy -38.07
139 models [1] recycles 0 hard 0 soft 0 temp 0.24 loss 2.77 i_con 3.48 plddt 0.46 ptm 0.90 i_ptm 0.50 energy -37.95
140 models [0] recycles 0 hard 0 soft 0 temp 0.22 loss 2.23 i_con 2.95 plddt 0.48 ptm 0.89 i_ptm 0.67 energy -38.36
141 models [1] recycles 0 hard 0 soft 0 temp 0.20 loss 2.08 i_con 2.80 plddt 0.49 ptm 0.90 i_ptm 0.68 energy -38.49
142 models [0] recycles 0 hard 0 soft 0 temp 0.18 loss 2.09 i_con 2.82 plddt 0.52 ptm 0.89 i_ptm 0.69 energy -38.81
143 models [0] recycles 0 hard 0 soft 0 temp 0.16 loss 2.13 i_con 2.87 plddt 0.50 ptm 0.89 i_ptm 0.69 energy -39.57
144 models [0] recycles 0 hard 0 soft 0 temp 0.14 loss 2.69 i_con 3.43 plddt 0.41 ptm 0.88 i_ptm 0.54 energy -39.99
145 models [1] recycles 0 hard 0 soft 0 temp 0.12 loss 1.79 i_con 2.53 plddt 0.53 ptm 0.91 i_ptm 0.73 energy -39.65
146 models [0] recycles 0 hard 0 soft 0 temp 0.10 loss 2.05 i_con 2.81 plddt 0.51 ptm 0.89 i_ptm 0.72 energy -40.61
147 models [0] recycles 0 hard 0 soft 0 temp 0.08 loss 1.89 i_con 2.66 plddt 0.52 ptm 0.89 i_ptm 0.70 energy -40.62
148 models [1] recycles 0 hard 0 soft 0 temp 0.06 loss 2.29 i_con 3.06 plddt 0.44 ptm 0.90 i_ptm 0.62 energy -41.54
149 models [0] recycles 0 hard 0 soft 0 temp 0.04 loss 1.91 i_con 2.70 plddt 0.53 ptm 0.89 i_ptm 0.73 energy -41.67
150 models [0] recycles 0 hard 0 soft 0 temp 0.02 loss 1.83 i_con 2.62 plddt 0.53 ptm 0.89 i_ptm 0.75 energy -41.74
151 models [0] recycles 0 hard 1 soft 0 temp 0.00 loss 2.96 i_con 3.96 plddt 0.36 ptm 0.88 i_ptm 0.31 energy -5.29
152 models [1] recycles 0 hard 1 soft 0 temp 0.00 loss 3.08 i_con 4.07 plddt 0.37 ptm 0.89 i_ptm 0.31 energy -5.29
153 models [0] recycles 0 hard 1 soft 0 temp 0.00 loss 2.96 i_con 3.96 plddt 0.36 ptm 0.88 i_ptm 0.31 energy -5.29
154 models [1] recycles 0 hard 1 soft 0 temp 0.00 loss 3.08 i_con 4.07 plddt 0.37 ptm 0.89 i_ptm 0.31 energy -5.29
155 models [1] recycles 0 hard 1 soft 0 temp 0.00 loss 3.08 i_con 4.07 plddt 0.37 ptm 0.89 i_ptm 0.31 energy -5.29
156 models [0] recycles 0 hard 1 soft 0 temp 0.00 loss 2.96 i_con 3.96 plddt 0.36 ptm 0.88 i_ptm 0.31 energy -5.29
157 models [1] recycles 0 hard 1 soft 0 temp 0.00 loss 3.08 i_con 4.07 plddt 0.37 ptm 0.89 i_ptm 0.31 energy -5.29
158 models [0] recycles 0 hard 1 soft 0 temp 0.00 loss 2.96 i_con 3.96 plddt 0.36 ptm 0.88 i_ptm 0.31 energy -5.29
159 models [0] recycles 0 hard 1 soft 0 temp 0.00 loss 2.96 i_con 3.96 plddt 0.36 ptm 0.88 i_ptm 0.31 energy -5.29
160 models [1] recycles 0 hard 1 soft 0 temp 0.00 loss 3.08 i_con 4.07 plddt 0.37 ptm 0.89 i_ptm 0.31 energy -5.29
161 models [0] recycles 0 hard 1 soft 0 temp 0.00 loss 2.96 i_con 3.96 plddt 0.36 ptm 0.88 i_ptm 0.31 energy -5.29
162 models [1] recycles 0 hard 1 soft 0 temp 0.00 loss 3.08 i_con 4.07 plddt 0.37 ptm 0.89 i_ptm 0.31 energy -5.29
163 models [1] recycles 0 hard 1 soft 0 temp 0.00 loss 3.08 i_con 4.07 plddt 0.37 ptm 0.89 i_ptm 0.31 energy -5.29
164 models [1] recycles 0 hard 1 soft 0 temp 0.00 loss 3.08 i_con 4.07 plddt 0.37 ptm 0.89 i_ptm 0.31 energy -5.29
165 models [1] recycles 0 hard 1 soft 0 temp 0.00 loss 3.08 i_con 4.07 plddt 0.37 ptm 0.89 i_ptm 0.31 energy -5.29
166 models [0] recycles 0 hard 1 soft 0 temp 0.00 loss 2.96 i_con 3.96 plddt 0.36 ptm 0.88 i_ptm 0.31 energy -5.29
167 models [1] recycles 0 hard 1 soft 0 temp 0.00 loss 3.08 i_con 4.07 plddt 0.37 ptm 0.89 i_ptm 0.31 energy -5.29
168 models [0] recycles 0 hard 1 soft 0 temp 0.00 loss 2.96 i_con 3.96 plddt 0.36 ptm 0.88 i_ptm 0.31 energy -5.29
169 models [1] recycles 0 hard 1 soft 0 temp 0.00 loss 3.08 i_con 4.07 plddt 0.37 ptm 0.89 i_ptm 0.31 energy -5.29
170 models [1] recycles 0 hard 1 soft 0 temp 0.00 loss 3.08 i_con 4.07 plddt 0.37 ptm 0.89 i_ptm 0.31 energy -5.29
171 models [1] recycles 0 hard 1 soft 0 temp 0.00 loss 3.08 i_con 4.07 plddt 0.37 ptm 0.89 i_ptm 0.31 energy -5.29
172 models [1] recycles 0 hard 1 soft 0 temp 0.00 loss 3.08 i_con 4.07 plddt 0.37 ptm 0.89 i_ptm 0.31 energy -5.29
173 models [0] recycles 0 hard 1 soft 0 temp 0.00 loss 2.96 i_con 3.96 plddt 0.36 ptm 0.88 i_ptm 0.31 energy -5.29
174 models [0] recycles 0 hard 1 soft 0 temp 0.00 loss 2.96 i_con 3.96 plddt 0.36 ptm 0.88 i_ptm 0.31 energy -5.29
175 models [1] recycles 0 hard 1 soft 0 temp 0.00 loss 3.08 i_con 4.07 plddt 0.37 ptm 0.89 i_ptm 0.31 energy -5.29
176 models [1] recycles 0 hard 1 soft 0 temp 0.00 loss 3.08 i_con 4.07 plddt 0.37 ptm 0.89 i_ptm 0.31 energy -5.29
177 models [1] recycles 0 hard 1 soft 0 temp 0.00 loss 3.08 i_con 4.07 plddt 0.37 ptm 0.89 i_ptm 0.31 energy -5.29
178 models [0] recycles 0 hard 1 soft 0 temp 0.00 loss 2.96 i_con 3.96 plddt 0.36 ptm 0.88 i_ptm 0.31 energy -5.29
179 models [0] recycles 0 hard 1 soft 0 temp 0.00 loss 2.96 i_con 3.96 plddt 0.36 ptm 0.88 i_ptm 0.31 energy -5.29
180 models [1] recycles 0 hard 1 soft 0 temp 0.00 loss 3.08 i_con 4.07 plddt 0.37 ptm 0.89 i_ptm 0.31 energy -5.29
  seq=SIGGGDALLNFLETL  loss=3.0796  loss_af=4.1375  energy=-5.2895  i_ptm=0.3138
[6/20] seed=5 ...
1 models [0] recycles 0 hard 0 soft 1 temp 1 loss 8.29 i_con 8.09 plddt 0.51 ptm 0.86 i_ptm 0.11 energy 7.39
2 models [0] recycles 0 hard 0 soft 1 temp 1 loss 7.64 i_con 7.45 plddt 0.52 ptm 0.87 i_ptm 0.12 energy 7.28
3 models [0] recycles 0 hard 0 soft 1 temp 1 loss 7.74 i_con 7.55 plddt 0.53 ptm 0.86 i_ptm 0.13 energy 7.15
4 models [0] recycles 0 hard 0 soft 1 temp 1 loss 7.29 i_con 7.10 plddt 0.54 ptm 0.86 i_ptm 0.12 energy 7.02
5 models [0] recycles 0 hard 0 soft 1 temp 1 loss 6.99 i_con 6.80 plddt 0.51 ptm 0.86 i_ptm 0.14 energy 6.95
6 models [1] recycles 0 hard 0 soft 1 temp 1 loss 7.51 i_con 7.33 plddt 0.56 ptm 0.88 i_ptm 0.09 energy 6.87
7 models [0] recycles 0 hard 0 soft 1 temp 1 loss 6.05 i_con 5.87 plddt 0.47 ptm 0.86 i_ptm 0.13 energy 6.78
8 models [1] recycles 0 hard 0 soft 1 temp 1 loss 6.82 i_con 6.63 plddt 0.49 ptm 0.88 i_ptm 0.08 energy 6.75
9 models [0] recycles 0 hard 0 soft 1 temp 1 loss 6.32 i_con 6.14 plddt 0.45 ptm 0.86 i_ptm 0.11 energy 6.67
10 models [1] recycles 0 hard 0 soft 1 temp 1 loss 6.64 i_con 6.45 plddt 0.48 ptm 0.88 i_ptm 0.08 energy 6.67
11 models [1] recycles 0 hard 0 soft 1 temp 1 loss 5.97 i_con 5.78 plddt 0.45 ptm 0.88 i_ptm 0.08 energy 6.55
12 models [1] recycles 0 hard 0 soft 1 temp 1 loss 6.10 i_con 5.93 plddt 0.52 ptm 0.88 i_ptm 0.08 energy 6.25
13 models [1] recycles 0 hard 0 soft 1 temp 1 loss 6.08 i_con 5.90 plddt 0.46 ptm 0.88 i_ptm 0.08 energy 6.28
14 models [0] recycles 0 hard 0 soft 1 temp 1 loss 5.51 i_con 5.34 plddt 0.47 ptm 0.87 i_ptm 0.11 energy 6.06
15 models [0] recycles 0 hard 0 soft 1 temp 1 loss 5.71 i_con 5.53 plddt 0.43 ptm 0.86 i_ptm 0.13 energy 6.05
16 models [0] recycles 0 hard 0 soft 1 temp 1 loss 5.13 i_con 4.95 plddt 0.38 ptm 0.87 i_ptm 0.13 energy 5.93
17 models [0] recycles 0 hard 0 soft 1 temp 1 loss 4.78 i_con 4.60 plddt 0.38 ptm 0.86 i_ptm 0.14 energy 5.91
18 models [0] recycles 0 hard 0 soft 1 temp 1 loss 4.72 i_con 4.54 plddt 0.39 ptm 0.87 i_ptm 0.19 energy 5.96
19 models [0] recycles 0 hard 0 soft 1 temp 1 loss 4.75 i_con 4.58 plddt 0.40 ptm 0.87 i_ptm 0.21 energy 5.85
20 models [0] recycles 0 hard 0 soft 1 temp 1 loss 4.81 i_con 4.63 plddt 0.38 ptm 0.86 i_ptm 0.14 energy 5.62
21 models [0] recycles 0 hard 0 soft 1 temp 1 loss 4.79 i_con 4.61 plddt 0.37 ptm 0.87 i_ptm 0.14 energy 5.50
22 models [1] recycles 0 hard 0 soft 1 temp 1 loss 6.23 i_con 6.07 plddt 0.45 ptm 0.88 i_ptm 0.08 energy 5.28
23 models [1] recycles 0 hard 0 soft 1 temp 1 loss 5.78 i_con 5.62 plddt 0.40 ptm 0.88 i_ptm 0.09 energy 4.88
24 models [1] recycles 0 hard 0 soft 1 temp 1 loss 5.67 i_con 5.52 plddt 0.51 ptm 0.88 i_ptm 0.08 energy 4.82
25 models [1] recycles 0 hard 0 soft 1 temp 1 loss 5.68 i_con 5.54 plddt 0.47 ptm 0.88 i_ptm 0.10 energy 4.58
26 models [0] recycles 0 hard 0 soft 1 temp 1 loss 4.70 i_con 4.56 plddt 0.39 ptm 0.87 i_ptm 0.20 energy 4.18
27 models [0] recycles 0 hard 0 soft 1 temp 1 loss 4.47 i_con 4.32 plddt 0.35 ptm 0.87 i_ptm 0.21 energy 4.30
28 models [1] recycles 0 hard 0 soft 1 temp 1 loss 5.88 i_con 5.74 plddt 0.48 ptm 0.88 i_ptm 0.08 energy 4.11
29 models [1] recycles 0 hard 0 soft 1 temp 1 loss 5.51 i_con 5.37 plddt 0.37 ptm 0.88 i_ptm 0.10 energy 4.00
30 models [0] recycles 0 hard 0 soft 1 temp 1 loss 4.63 i_con 4.50 plddt 0.39 ptm 0.87 i_ptm 0.21 energy 3.53
31 models [0] recycles 0 hard 0 soft 1 temp 1 loss 4.60 i_con 4.48 plddt 0.38 ptm 0.87 i_ptm 0.21 energy 3.35
32 models [1] recycles 0 hard 0 soft 1 temp 1 loss 5.61 i_con 5.49 plddt 0.41 ptm 0.88 i_ptm 0.09 energy 3.13
33 models [0] recycles 0 hard 0 soft 1 temp 1 loss 4.49 i_con 4.37 plddt 0.38 ptm 0.87 i_ptm 0.22 energy 2.74
34 models [1] recycles 0 hard 0 soft 1 temp 1 loss 5.94 i_con 5.84 plddt 0.44 ptm 0.88 i_ptm 0.08 energy 2.45
35 models [0] recycles 0 hard 0 soft 1 temp 1 loss 4.87 i_con 4.75 plddt 0.35 ptm 0.87 i_ptm 0.18 energy 2.48
36 models [0] recycles 0 hard 0 soft 1 temp 1 loss 4.50 i_con 4.39 plddt 0.39 ptm 0.87 i_ptm 0.23 energy 2.43
37 models [1] recycles 0 hard 0 soft 1 temp 1 loss 5.24 i_con 5.13 plddt 0.38 ptm 0.88 i_ptm 0.14 energy 2.43
38 models [0] recycles 0 hard 0 soft 1 temp 1 loss 4.38 i_con 4.27 plddt 0.41 ptm 0.87 i_ptm 0.26 energy 2.68
39 models [0] recycles 0 hard 0 soft 1 temp 1 loss 4.35 i_con 4.25 plddt 0.45 ptm 0.87 i_ptm 0.27 energy 2.43
40 models [1] recycles 0 hard 0 soft 1 temp 1 loss 5.19 i_con 5.07 plddt 0.38 ptm 0.88 i_ptm 0.14 energy 2.55
41 models [0] recycles 0 hard 0 soft 1 temp 1 loss 4.51 i_con 4.41 plddt 0.43 ptm 0.87 i_ptm 0.22 energy 2.48
42 models [0] recycles 0 hard 0 soft 1 temp 1 loss 4.23 i_con 4.13 plddt 0.38 ptm 0.87 i_ptm 0.25 energy 2.19
43 models [1] recycles 0 hard 0 soft 1 temp 1 loss 5.39 i_con 5.29 plddt 0.38 ptm 0.88 i_ptm 0.10 energy 1.94
44 models [1] recycles 0 hard 0 soft 1 temp 1 loss 4.80 i_con 4.70 plddt 0.38 ptm 0.89 i_ptm 0.19 energy 1.95
45 models [1] recycles 0 hard 0 soft 1 temp 1 loss 4.93 i_con 4.83 plddt 0.39 ptm 0.88 i_ptm 0.15 energy 2.04
46 models [0] recycles 0 hard 0 soft 1 temp 1 loss 4.37 i_con 4.27 plddt 0.42 ptm 0.87 i_ptm 0.28 energy 1.85
47 models [0] recycles 0 hard 0 soft 1 temp 1 loss 4.56 i_con 4.45 plddt 0.37 ptm 0.87 i_ptm 0.23 energy 2.18
48 models [1] recycles 0 hard 0 soft 1 temp 1 loss 5.17 i_con 5.08 plddt 0.40 ptm 0.88 i_ptm 0.20 energy 1.66
49 models [1] recycles 0 hard 0 soft 1 temp 1 loss 4.88 i_con 4.77 plddt 0.35 ptm 0.88 i_ptm 0.16 energy 2.03
50 models [0] recycles 0 hard 0 soft 1 temp 1 loss 4.45 i_con 4.36 plddt 0.39 ptm 0.87 i_ptm 0.25 energy 1.63
51 models [0] recycles 0 hard 0 soft 1 temp 1 loss 4.74 i_con 4.53 plddt 0.37 ptm 0.86 i_ptm 0.22 energy 1.45
52 models [0] recycles 0 hard 0 soft 1 temp 1 loss 4.43 i_con 4.30 plddt 0.41 ptm 0.87 i_ptm 0.25 energy 0.69
53 models [1] recycles 0 hard 0 soft 1 temp 1 loss 4.88 i_con 4.82 plddt 0.38 ptm 0.88 i_ptm 0.16 energy -0.02
54 models [0] recycles 0 hard 0 soft 1 temp 1 loss 4.27 i_con 4.27 plddt 0.41 ptm 0.87 i_ptm 0.24 energy -0.61
55 models [1] recycles 0 hard 0 soft 1 temp 1 loss 4.43 i_con 4.51 plddt 0.37 ptm 0.88 i_ptm 0.24 energy -1.38
56 models [0] recycles 0 hard 0 soft 1 temp 1 loss 3.99 i_con 4.10 plddt 0.43 ptm 0.87 i_ptm 0.27 energy -1.74
57 models [1] recycles 0 hard 0 soft 1 temp 1 loss 4.75 i_con 4.87 plddt 0.34 ptm 0.88 i_ptm 0.16 energy -1.89
58 models [1] recycles 0 hard 0 soft 1 temp 1 loss 4.27 i_con 4.43 plddt 0.35 ptm 0.88 i_ptm 0.22 energy -2.26
59 models [0] recycles 0 hard 0 soft 1 temp 1 loss 4.12 i_con 4.31 plddt 0.38 ptm 0.87 i_ptm 0.22 energy -2.52
60 models [1] recycles 0 hard 0 soft 1 temp 1 loss 4.32 i_con 4.51 plddt 0.39 ptm 0.88 i_ptm 0.20 energy -2.59
61 models [0] recycles 0 hard 0 soft 1 temp 1 loss 3.99 i_con 4.21 plddt 0.40 ptm 0.87 i_ptm 0.26 energy -2.80
62 models [0] recycles 0 hard 0 soft 1 temp 1 loss 4.01 i_con 4.25 plddt 0.41 ptm 0.87 i_ptm 0.28 energy -3.02
63 models [1] recycles 0 hard 0 soft 1 temp 1 loss 4.25 i_con 4.50 plddt 0.35 ptm 0.88 i_ptm 0.23 energy -3.19
64 models [0] recycles 0 hard 0 soft 1 temp 1 loss 3.92 i_con 4.17 plddt 0.39 ptm 0.87 i_ptm 0.25 energy -3.16
65 models [1] recycles 0 hard 0 soft 1 temp 1 loss 4.21 i_con 4.47 plddt 0.37 ptm 0.89 i_ptm 0.20 energy -3.28
66 models [1] recycles 0 hard 0 soft 1 temp 1 loss 4.11 i_con 4.39 plddt 0.38 ptm 0.88 i_ptm 0.22 energy -3.41
67 models [0] recycles 0 hard 0 soft 1 temp 1 loss 4.06 i_con 4.36 plddt 0.38 ptm 0.87 i_ptm 0.19 energy -3.56
68 models [1] recycles 0 hard 0 soft 1 temp 1 loss 4.15 i_con 4.45 plddt 0.32 ptm 0.88 i_ptm 0.20 energy -3.67
69 models [0] recycles 0 hard 0 soft 1 temp 1 loss 3.83 i_con 4.13 plddt 0.38 ptm 0.87 i_ptm 0.26 energy -3.68
70 models [0] recycles 0 hard 0 soft 1 temp 1 loss 3.68 i_con 3.99 plddt 0.40 ptm 0.87 i_ptm 0.28 energy -3.71
71 models [1] recycles 0 hard 0 soft 1 temp 1 loss 3.78 i_con 4.11 plddt 0.36 ptm 0.89 i_ptm 0.28 energy -3.94
72 models [0] recycles 0 hard 0 soft 1 temp 1 loss 3.47 i_con 3.80 plddt 0.40 ptm 0.87 i_ptm 0.34 energy -3.97
73 models [1] recycles 0 hard 0 soft 1 temp 1 loss 3.95 i_con 4.32 plddt 0.33 ptm 0.89 i_ptm 0.22 energy -4.31
74 models [0] recycles 0 hard 0 soft 1 temp 1 loss 3.66 i_con 4.04 plddt 0.39 ptm 0.87 i_ptm 0.29 energy -4.44
75 models [0] recycles 0 hard 0 soft 1 temp 1 loss 3.66 i_con 4.06 plddt 0.36 ptm 0.87 i_ptm 0.29 energy -4.64
76 models [0] recycles 0 hard 0 soft 1 temp 1 loss 3.58 i_con 3.98 plddt 0.39 ptm 0.87 i_ptm 0.31 energy -4.62
77 models [1] recycles 0 hard 0 soft 1 temp 1 loss 3.71 i_con 4.13 plddt 0.36 ptm 0.89 i_ptm 0.26 energy -4.79
78 models [0] recycles 0 hard 0 soft 1 temp 1 loss 3.46 i_con 3.89 plddt 0.38 ptm 0.88 i_ptm 0.31 energy -4.98
79 models [0] recycles 0 hard 0 soft 1 temp 1 loss 3.48 i_con 3.94 plddt 0.38 ptm 0.87 i_ptm 0.30 energy -5.17
80 models [0] recycles 0 hard 0 soft 1 temp 1 loss 3.41 i_con 3.88 plddt 0.39 ptm 0.87 i_ptm 0.32 energy -5.30
81 models [1] recycles 0 hard 0 soft 1 temp 1 loss 3.78 i_con 4.27 plddt 0.33 ptm 0.88 i_ptm 0.24 energy -5.50
82 models [1] recycles 0 hard 0 soft 1 temp 1 loss 3.53 i_con 4.01 plddt 0.39 ptm 0.89 i_ptm 0.31 energy -5.41
83 models [1] recycles 0 hard 0 soft 1 temp 1 loss 3.35 i_con 3.84 plddt 0.38 ptm 0.89 i_ptm 0.34 energy -5.47
84 models [0] recycles 0 hard 0 soft 1 temp 1 loss 3.37 i_con 3.86 plddt 0.40 ptm 0.87 i_ptm 0.38 energy -5.49
85 models [0] recycles 0 hard 0 soft 1 temp 1 loss 3.36 i_con 3.83 plddt 0.39 ptm 0.88 i_ptm 0.36 energy -5.34
86 models [1] recycles 0 hard 0 soft 1 temp 1 loss 3.59 i_con 4.09 plddt 0.36 ptm 0.89 i_ptm 0.31 energy -5.61
87 models [1] recycles 0 hard 0 soft 1 temp 1 loss 3.49 i_con 3.99 plddt 0.38 ptm 0.89 i_ptm 0.28 energy -5.61
88 models [1] recycles 0 hard 0 soft 1 temp 1 loss 3.81 i_con 4.32 plddt 0.33 ptm 0.89 i_ptm 0.21 energy -5.76
89 models [1] recycles 0 hard 0 soft 1 temp 1 loss 3.57 i_con 4.07 plddt 0.38 ptm 0.89 i_ptm 0.28 energy -5.65
90 models [1] recycles 0 hard 0 soft 1 temp 1 loss 3.62 i_con 4.12 plddt 0.38 ptm 0.89 i_ptm 0.27 energy -5.61
91 models [0] recycles 0 hard 0 soft 1 temp 1 loss 3.38 i_con 3.88 plddt 0.39 ptm 0.87 i_ptm 0.34 energy -5.57
92 models [1] recycles 0 hard 0 soft 1 temp 1 loss 3.55 i_con 4.06 plddt 0.37 ptm 0.89 i_ptm 0.29 energy -5.79
93 models [1] recycles 0 hard 0 soft 1 temp 1 loss 3.29 i_con 3.79 plddt 0.39 ptm 0.89 i_ptm 0.36 energy -5.69
94 models [0] recycles 0 hard 0 soft 1 temp 1 loss 3.25 i_con 3.76 plddt 0.40 ptm 0.88 i_ptm 0.41 energy -5.77
95 models [0] recycles 0 hard 0 soft 1 temp 1 loss 3.54 i_con 4.06 plddt 0.39 ptm 0.87 i_ptm 0.29 energy -5.84
96 models [1] recycles 0 hard 0 soft 1 temp 1 loss 3.57 i_con 4.08 plddt 0.40 ptm 0.89 i_ptm 0.28 energy -5.69
97 models [0] recycles 0 hard 0 soft 1 temp 1 loss 3.32 i_con 3.83 plddt 0.39 ptm 0.87 i_ptm 0.37 energy -5.65
98 models [0] recycles 0 hard 0 soft 1 temp 1 loss 3.36 i_con 3.88 plddt 0.42 ptm 0.87 i_ptm 0.33 energy -5.74
99 models [0] recycles 0 hard 0 soft 1 temp 1 loss 3.36 i_con 3.88 plddt 0.43 ptm 0.87 i_ptm 0.35 energy -5.84
100 models [1] recycles 0 hard 0 soft 1 temp 1 loss 3.38 i_con 3.90 plddt 0.39 ptm 0.89 i_ptm 0.34 energy -5.76
101 models [1] recycles 0 hard 0 soft 0 temp 1 loss 6.88 i_con 7.44 plddt 0.79 ptm 0.88 i_ptm 0.10 energy -29.19
102 models [0] recycles 0 hard 0 soft 0 temp 0.98 loss 4.27 i_con 4.79 plddt 0.44 ptm 0.87 i_ptm 0.25 energy -28.94
103 models [1] recycles 0 hard 0 soft 0 temp 0.96 loss 5.20 i_con 5.74 plddt 0.60 ptm 0.88 i_ptm 0.09 energy -28.94
104 models [1] recycles 0 hard 0 soft 0 temp 0.94 loss 3.52 i_con 4.04 plddt 0.43 ptm 0.89 i_ptm 0.32 energy -28.73
105 models [0] recycles 0 hard 0 soft 0 temp 0.92 loss 3.60 i_con 4.11 plddt 0.38 ptm 0.87 i_ptm 0.34 energy -28.59
106 models [1] recycles 0 hard 0 soft 0 temp 0.90 loss 3.48 i_con 4.00 plddt 0.37 ptm 0.89 i_ptm 0.34 energy -28.78
107 models [1] recycles 0 hard 0 soft 0 temp 0.88 loss 3.31 i_con 3.84 plddt 0.40 ptm 0.89 i_ptm 0.38 energy -29.10
108 models [0] recycles 0 hard 0 soft 0 temp 0.86 loss 3.25 i_con 3.79 plddt 0.43 ptm 0.88 i_ptm 0.40 energy -29.55
109 models [0] recycles 0 hard 0 soft 0 temp 0.84 loss 3.20 i_con 3.75 plddt 0.44 ptm 0.88 i_ptm 0.40 energy -30.23
110 models [1] recycles 0 hard 0 soft 0 temp 0.82 loss 3.19 i_con 3.75 plddt 0.42 ptm 0.90 i_ptm 0.43 energy -30.96
111 models [0] recycles 0 hard 0 soft 0 temp 0.80 loss 3.11 i_con 3.69 plddt 0.44 ptm 0.88 i_ptm 0.43 energy -31.86
112 models [0] recycles 0 hard 0 soft 0 temp 0.78 loss 2.99 i_con 3.59 plddt 0.44 ptm 0.88 i_ptm 0.48 energy -32.90
113 models [0] recycles 0 hard 0 soft 0 temp 0.76 loss 3.00 i_con 3.62 plddt 0.43 ptm 0.88 i_ptm 0.47 energy -34.19
114 models [1] recycles 0 hard 0 soft 0 temp 0.74 loss 2.99 i_con 3.63 plddt 0.44 ptm 0.90 i_ptm 0.43 energy -35.14
115 models [0] recycles 0 hard 0 soft 0 temp 0.72 loss 2.99 i_con 3.65 plddt 0.43 ptm 0.88 i_ptm 0.44 energy -36.02
116 models [0] recycles 0 hard 0 soft 0 temp 0.70 loss 3.05 i_con 3.72 plddt 0.41 ptm 0.88 i_ptm 0.44 energy -36.38
117 models [1] recycles 0 hard 0 soft 0 temp 0.68 loss 2.87 i_con 3.56 plddt 0.47 ptm 0.90 i_ptm 0.51 energy -37.47
118 models [0] recycles 0 hard 0 soft 0 temp 0.66 loss 2.93 i_con 3.63 plddt 0.45 ptm 0.88 i_ptm 0.45 energy -37.94
119 models [1] recycles 0 hard 0 soft 0 temp 0.64 loss 2.74 i_con 3.46 plddt 0.46 ptm 0.90 i_ptm 0.52 energy -38.63
120 models [1] recycles 0 hard 0 soft 0 temp 0.62 loss 2.83 i_con 3.56 plddt 0.47 ptm 0.90 i_ptm 0.52 energy -39.35
121 models [1] recycles 0 hard 0 soft 0 temp 0.60 loss 2.81 i_con 3.56 plddt 0.44 ptm 0.90 i_ptm 0.50 energy -40.20
122 models [1] recycles 0 hard 0 soft 0 temp 0.58 loss 2.74 i_con 3.52 plddt 0.46 ptm 0.90 i_ptm 0.52 energy -41.32
123 models [0] recycles 0 hard 0 soft 0 temp 0.56 loss 2.87 i_con 3.66 plddt 0.44 ptm 0.88 i_ptm 0.44 energy -41.82
124 models [1] recycles 0 hard 0 soft 0 temp 0.54 loss 2.66 i_con 3.45 plddt 0.47 ptm 0.90 i_ptm 0.54 energy -42.14
125 models [0] recycles 0 hard 0 soft 0 temp 0.52 loss 2.63 i_con 3.43 plddt 0.47 ptm 0.88 i_ptm 0.53 energy -42.66
126 models [0] recycles 0 hard 0 soft 0 temp 0.50 loss 2.70 i_con 3.52 plddt 0.47 ptm 0.88 i_ptm 0.50 energy -43.57
127 models [0] recycles 0 hard 0 soft 0 temp 0.48 loss 2.54 i_con 3.38 plddt 0.49 ptm 0.88 i_ptm 0.54 energy -44.56
128 models [0] recycles 0 hard 0 soft 0 temp 0.46 loss 2.56 i_con 3.42 plddt 0.49 ptm 0.88 i_ptm 0.53 energy -45.23
129 models [1] recycles 0 hard 0 soft 0 temp 0.44 loss 2.73 i_con 3.59 plddt 0.46 ptm 0.90 i_ptm 0.52 energy -45.78
130 models [1] recycles 0 hard 0 soft 0 temp 0.42 loss 2.56 i_con 3.43 plddt 0.47 ptm 0.90 i_ptm 0.50 energy -46.43
131 models [0] recycles 0 hard 0 soft 0 temp 0.40 loss 2.61 i_con 3.48 plddt 0.46 ptm 0.88 i_ptm 0.49 energy -46.22
132 models [1] recycles 0 hard 0 soft 0 temp 0.38 loss 2.52 i_con 3.41 plddt 0.48 ptm 0.90 i_ptm 0.57 energy -46.83
133 models [1] recycles 0 hard 0 soft 0 temp 0.36 loss 2.53 i_con 3.42 plddt 0.46 ptm 0.90 i_ptm 0.55 energy -47.19
134 models [1] recycles 0 hard 0 soft 0 temp 0.34 loss 2.59 i_con 3.49 plddt 0.48 ptm 0.90 i_ptm 0.53 energy -47.35
135 models [1] recycles 0 hard 0 soft 0 temp 0.32 loss 2.52 i_con 3.43 plddt 0.47 ptm 0.90 i_ptm 0.55 energy -48.32
136 models [1] recycles 0 hard 0 soft 0 temp 0.30 loss 2.36 i_con 3.29 plddt 0.51 ptm 0.90 i_ptm 0.60 energy -48.93
137 models [0] recycles 0 hard 0 soft 0 temp 0.28 loss 2.41 i_con 3.34 plddt 0.49 ptm 0.88 i_ptm 0.55 energy -49.17
138 models [1] recycles 0 hard 0 soft 0 temp 0.26 loss 2.41 i_con 3.36 plddt 0.47 ptm 0.90 i_ptm 0.59 energy -49.99
139 models [1] recycles 0 hard 0 soft 0 temp 0.24 loss 2.21 i_con 3.16 plddt 0.51 ptm 0.90 i_ptm 0.64 energy -49.97
140 models [0] recycles 0 hard 0 soft 0 temp 0.22 loss 2.38 i_con 3.33 plddt 0.48 ptm 0.88 i_ptm 0.53 energy -50.11
141 models [1] recycles 0 hard 0 soft 0 temp 0.20 loss 2.20 i_con 3.15 plddt 0.52 ptm 0.90 i_ptm 0.62 energy -50.15
142 models [1] recycles 0 hard 0 soft 0 temp 0.18 loss 1.86 i_con 2.82 plddt 0.56 ptm 0.91 i_ptm 0.67 energy -50.11
143 models [0] recycles 0 hard 0 soft 0 temp 0.16 loss 2.51 i_con 3.48 plddt 0.49 ptm 0.88 i_ptm 0.52 energy -51.00
144 models [1] recycles 0 hard 0 soft 0 temp 0.14 loss 2.09 i_con 3.07 plddt 0.54 ptm 0.91 i_ptm 0.67 energy -51.24
145 models [0] recycles 0 hard 0 soft 0 temp 0.12 loss 2.34 i_con 3.31 plddt 0.50 ptm 0.88 i_ptm 0.61 energy -51.20
146 models [1] recycles 0 hard 0 soft 0 temp 0.10 loss 2.25 i_con 3.23 plddt 0.52 ptm 0.90 i_ptm 0.63 energy -51.31
147 models [1] recycles 0 hard 0 soft 0 temp 0.08 loss 2.17 i_con 3.16 plddt 0.53 ptm 0.90 i_ptm 0.64 energy -51.76
148 models [1] recycles 0 hard 0 soft 0 temp 0.06 loss 2.25 i_con 3.24 plddt 0.51 ptm 0.90 i_ptm 0.61 energy -52.25
149 models [1] recycles 0 hard 0 soft 0 temp 0.04 loss 2.17 i_con 3.17 plddt 0.51 ptm 0.90 i_ptm 0.64 energy -52.36
150 models [0] recycles 0 hard 0 soft 0 temp 0.02 loss 2.32 i_con 3.32 plddt 0.49 ptm 0.88 i_ptm 0.57 energy -52.59
151 models [1] recycles 0 hard 1 soft 0 temp 0.00 loss 3.00 i_con 3.91 plddt 0.37 ptm 0.90 i_ptm 0.35 energy -4.85
152 models [1] recycles 0 hard 1 soft 0 temp 0.00 loss 3.00 i_con 3.91 plddt 0.37 ptm 0.90 i_ptm 0.35 energy -4.85
153 models [0] recycles 0 hard 1 soft 0 temp 0.00 loss 2.98 i_con 3.89 plddt 0.36 ptm 0.88 i_ptm 0.36 energy -4.85
154 models [0] recycles 0 hard 1 soft 0 temp 0.00 loss 2.98 i_con 3.89 plddt 0.36 ptm 0.88 i_ptm 0.36 energy -4.85
155 models [1] recycles 0 hard 1 soft 0 temp 0.00 loss 3.00 i_con 3.91 plddt 0.37 ptm 0.90 i_ptm 0.35 energy -4.85
156 models [1] recycles 0 hard 1 soft 0 temp 0.00 loss 3.00 i_con 3.91 plddt 0.37 ptm 0.90 i_ptm 0.35 energy -4.85
157 models [1] recycles 0 hard 1 soft 0 temp 0.00 loss 3.00 i_con 3.91 plddt 0.37 ptm 0.90 i_ptm 0.35 energy -4.85
158 models [1] recycles 0 hard 1 soft 0 temp 0.00 loss 3.00 i_con 3.91 plddt 0.37 ptm 0.90 i_ptm 0.35 energy -4.85
159 models [0] recycles 0 hard 1 soft 0 temp 0.00 loss 2.98 i_con 3.89 plddt 0.36 ptm 0.88 i_ptm 0.36 energy -4.85
160 models [0] recycles 0 hard 1 soft 0 temp 0.00 loss 2.98 i_con 3.89 plddt 0.36 ptm 0.88 i_ptm 0.36 energy -4.85
161 models [1] recycles 0 hard 1 soft 0 temp 0.00 loss 3.00 i_con 3.91 plddt 0.37 ptm 0.90 i_ptm 0.35 energy -4.85
162 models [0] recycles 0 hard 1 soft 0 temp 0.00 loss 2.98 i_con 3.89 plddt 0.36 ptm 0.88 i_ptm 0.36 energy -4.85
163 models [0] recycles 0 hard 1 soft 0 temp 0.00 loss 2.98 i_con 3.89 plddt 0.36 ptm 0.88 i_ptm 0.36 energy -4.85
164 models [1] recycles 0 hard 1 soft 0 temp 0.00 loss 3.00 i_con 3.91 plddt 0.37 ptm 0.90 i_ptm 0.35 energy -4.85
165 models [1] recycles 0 hard 1 soft 0 temp 0.00 loss 3.00 i_con 3.91 plddt 0.37 ptm 0.90 i_ptm 0.35 energy -4.85
166 models [1] recycles 0 hard 1 soft 0 temp 0.00 loss 3.00 i_con 3.91 plddt 0.37 ptm 0.90 i_ptm 0.35 energy -4.85
167 models [0] recycles 0 hard 1 soft 0 temp 0.00 loss 2.98 i_con 3.89 plddt 0.36 ptm 0.88 i_ptm 0.36 energy -4.85
168 models [0] recycles 0 hard 1 soft 0 temp 0.00 loss 2.98 i_con 3.89 plddt 0.36 ptm 0.88 i_ptm 0.36 energy -4.85
169 models [1] recycles 0 hard 1 soft 0 temp 0.00 loss 3.00 i_con 3.91 plddt 0.37 ptm 0.90 i_ptm 0.35 energy -4.85
170 models [1] recycles 0 hard 1 soft 0 temp 0.00 loss 3.00 i_con 3.91 plddt 0.37 ptm 0.90 i_ptm 0.35 energy -4.85
171 models [0] recycles 0 hard 1 soft 0 temp 0.00 loss 2.98 i_con 3.89 plddt 0.36 ptm 0.88 i_ptm 0.36 energy -4.85
172 models [1] recycles 0 hard 1 soft 0 temp 0.00 loss 3.00 i_con 3.91 plddt 0.37 ptm 0.90 i_ptm 0.35 energy -4.85
173 models [0] recycles 0 hard 1 soft 0 temp 0.00 loss 2.98 i_con 3.89 plddt 0.36 ptm 0.88 i_ptm 0.36 energy -4.85
174 models [0] recycles 0 hard 1 soft 0 temp 0.00 loss 2.98 i_con 3.89 plddt 0.36 ptm 0.88 i_ptm 0.36 energy -4.85
175 models [1] recycles 0 hard 1 soft 0 temp 0.00 loss 3.00 i_con 3.91 plddt 0.37 ptm 0.90 i_ptm 0.35 energy -4.85
176 models [1] recycles 0 hard 1 soft 0 temp 0.00 loss 3.00 i_con 3.91 plddt 0.37 ptm 0.90 i_ptm 0.35 energy -4.85
177 models [0] recycles 0 hard 1 soft 0 temp 0.00 loss 2.98 i_con 3.89 plddt 0.36 ptm 0.88 i_ptm 0.36 energy -4.85
178 models [0] recycles 0 hard 1 soft 0 temp 0.00 loss 2.98 i_con 3.89 plddt 0.36 ptm 0.88 i_ptm 0.36 energy -4.85
179 models [1] recycles 0 hard 1 soft 0 temp 0.00 loss 3.00 i_con 3.91 plddt 0.37 ptm 0.90 i_ptm 0.35 energy -4.85
180 models [1] recycles 0 hard 1 soft 0 temp 0.00 loss 3.00 i_con 3.91 plddt 0.37 ptm 0.90 i_ptm 0.35 energy -4.85
  seq=AWGGPCLLLNFLEEL  loss=3.0012  loss_af=3.9711  energy=-4.8496  i_ptm=0.3540
[7/20] seed=6 ...
1 models [1] recycles 0 hard 0 soft 1 temp 1 loss 7.66 i_con 7.47 plddt 0.51 ptm 0.88 i_ptm 0.09 energy 7.40
2 models [0] recycles 0 hard 0 soft 1 temp 1 loss 7.89 i_con 7.70 plddt 0.56 ptm 0.87 i_ptm 0.14 energy 7.21
3 models [1] recycles 0 hard 0 soft 1 temp 1 loss 7.74 i_con 7.55 plddt 0.55 ptm 0.88 i_ptm 0.09 energy 7.04
4 models [1] recycles 0 hard 0 soft 1 temp 1 loss 7.49 i_con 7.31 plddt 0.53 ptm 0.88 i_ptm 0.10 energy 6.80
5 models [1] recycles 0 hard 0 soft 1 temp 1 loss 7.20 i_con 7.02 plddt 0.54 ptm 0.88 i_ptm 0.09 energy 6.63
6 models [1] recycles 0 hard 0 soft 1 temp 1 loss 6.57 i_con 6.39 plddt 0.50 ptm 0.88 i_ptm 0.08 energy 6.48
7 models [1] recycles 0 hard 0 soft 1 temp 1 loss 6.33 i_con 6.15 plddt 0.48 ptm 0.88 i_ptm 0.09 energy 6.30
8 models [1] recycles 0 hard 0 soft 1 temp 1 loss 6.27 i_con 6.10 plddt 0.51 ptm 0.88 i_ptm 0.08 energy 6.13
9 models [1] recycles 0 hard 0 soft 1 temp 1 loss 6.30 i_con 6.13 plddt 0.50 ptm 0.88 i_ptm 0.08 energy 5.85
10 models [1] recycles 0 hard 0 soft 1 temp 1 loss 6.36 i_con 6.20 plddt 0.49 ptm 0.88 i_ptm 0.09 energy 5.58
11 models [1] recycles 0 hard 0 soft 1 temp 1 loss 5.89 i_con 5.73 plddt 0.44 ptm 0.88 i_ptm 0.09 energy 5.39
12 models [1] recycles 0 hard 0 soft 1 temp 1 loss 6.02 i_con 5.86 plddt 0.46 ptm 0.88 i_ptm 0.08 energy 5.57
13 models [0] recycles 0 hard 0 soft 1 temp 1 loss 5.38 i_con 5.21 plddt 0.39 ptm 0.87 i_ptm 0.11 energy 5.39
14 models [1] recycles 0 hard 0 soft 1 temp 1 loss 5.83 i_con 5.66 plddt 0.44 ptm 0.88 i_ptm 0.09 energy 5.74
15 models [1] recycles 0 hard 0 soft 1 temp 1 loss 5.83 i_con 5.65 plddt 0.41 ptm 0.88 i_ptm 0.09 energy 6.04
16 models [1] recycles 0 hard 0 soft 1 temp 1 loss 5.23 i_con 5.04 plddt 0.39 ptm 0.88 i_ptm 0.13 energy 6.46
17 models [0] recycles 0 hard 0 soft 1 temp 1 loss 4.60 i_con 4.42 plddt 0.41 ptm 0.87 i_ptm 0.22 energy 6.02
18 models [0] recycles 0 hard 0 soft 1 temp 1 loss 4.60 i_con 4.41 plddt 0.39 ptm 0.87 i_ptm 0.22 energy 6.44
19 models [0] recycles 0 hard 0 soft 1 temp 1 loss 4.75 i_con 4.57 plddt 0.41 ptm 0.87 i_ptm 0.19 energy 5.74
20 models [0] recycles 0 hard 0 soft 1 temp 1 loss 4.68 i_con 4.49 plddt 0.39 ptm 0.87 i_ptm 0.20 energy 6.22
21 models [1] recycles 0 hard 0 soft 1 temp 1 loss 5.10 i_con 4.91 plddt 0.35 ptm 0.88 i_ptm 0.15 energy 6.49
22 models [0] recycles 0 hard 0 soft 1 temp 1 loss 4.88 i_con 4.70 plddt 0.41 ptm 0.87 i_ptm 0.21 energy 6.18
23 models [1] recycles 0 hard 0 soft 1 temp 1 loss 5.38 i_con 5.19 plddt 0.38 ptm 0.88 i_ptm 0.12 energy 6.11
24 models [1] recycles 0 hard 0 soft 1 temp 1 loss 5.35 i_con 5.17 plddt 0.36 ptm 0.88 i_ptm 0.11 energy 6.14
25 models [0] recycles 0 hard 0 soft 1 temp 1 loss 4.67 i_con 4.49 plddt 0.39 ptm 0.87 i_ptm 0.20 energy 5.80
26 models [0] recycles 0 hard 0 soft 1 temp 1 loss 4.63 i_con 4.45 plddt 0.39 ptm 0.87 i_ptm 0.22 energy 5.85
27 models [1] recycles 0 hard 0 soft 1 temp 1 loss 5.53 i_con 5.35 plddt 0.41 ptm 0.88 i_ptm 0.10 energy 5.72
28 models [0] recycles 0 hard 0 soft 1 temp 1 loss 4.94 i_con 4.76 plddt 0.39 ptm 0.87 i_ptm 0.19 energy 5.92
29 models [1] recycles 0 hard 0 soft 1 temp 1 loss 5.26 i_con 5.07 plddt 0.35 ptm 0.88 i_ptm 0.13 energy 6.25
30 models [0] recycles 0 hard 0 soft 1 temp 1 loss 4.75 i_con 4.56 plddt 0.36 ptm 0.87 i_ptm 0.20 energy 6.24
31 models [1] recycles 0 hard 0 soft 1 temp 1 loss 5.43 i_con 5.25 plddt 0.37 ptm 0.88 i_ptm 0.10 energy 5.97
32 models [0] recycles 0 hard 0 soft 1 temp 1 loss 4.76 i_con 4.58 plddt 0.40 ptm 0.87 i_ptm 0.20 energy 5.99
33 models [1] recycles 0 hard 0 soft 1 temp 1 loss 5.39 i_con 5.21 plddt 0.39 ptm 0.88 i_ptm 0.10 energy 5.95
34 models [1] recycles 0 hard 0 soft 1 temp 1 loss 4.87 i_con 4.69 plddt 0.37 ptm 0.88 i_ptm 0.23 energy 5.85
35 models [0] recycles 0 hard 0 soft 1 temp 1 loss 4.50 i_con 4.32 plddt 0.39 ptm 0.87 i_ptm 0.27 energy 6.04
36 models [1] recycles 0 hard 0 soft 1 temp 1 loss 5.02 i_con 4.84 plddt 0.35 ptm 0.88 i_ptm 0.16 energy 5.50
37 models [0] recycles 0 hard 0 soft 1 temp 1 loss 4.59 i_con 4.43 plddt 0.43 ptm 0.87 i_ptm 0.24 energy 5.32
38 models [1] recycles 0 hard 0 soft 1 temp 1 loss 4.94 i_con 4.77 plddt 0.33 ptm 0.88 i_ptm 0.17 energy 4.87
39 models [1] recycles 0 hard 0 soft 1 temp 1 loss 5.18 i_con 5.02 plddt 0.38 ptm 0.88 i_ptm 0.14 energy 4.76
40 models [1] recycles 0 hard 0 soft 1 temp 1 loss 5.23 i_con 5.07 plddt 0.37 ptm 0.88 i_ptm 0.13 energy 4.74
41 models [0] recycles 0 hard 0 soft 1 temp 1 loss 4.56 i_con 4.41 plddt 0.38 ptm 0.87 i_ptm 0.23 energy 4.52
42 models [1] recycles 0 hard 0 soft 1 temp 1 loss 4.75 i_con 4.60 plddt 0.40 ptm 0.89 i_ptm 0.21 energy 4.35
43 models [0] recycles 0 hard 0 soft 1 temp 1 loss 4.86 i_con 4.72 plddt 0.39 ptm 0.87 i_ptm 0.19 energy 4.34
44 models [1] recycles 0 hard 0 soft 1 temp 1 loss 4.86 i_con 4.70 plddt 0.35 ptm 0.88 i_ptm 0.19 energy 4.52
45 models [0] recycles 0 hard 0 soft 1 temp 1 loss 4.58 i_con 4.44 plddt 0.39 ptm 0.87 i_ptm 0.23 energy 4.16
46 models [0] recycles 0 hard 0 soft 1 temp 1 loss 4.40 i_con 4.25 plddt 0.40 ptm 0.87 i_ptm 0.28 energy 4.46
47 models [0] recycles 0 hard 0 soft 1 temp 1 loss 4.62 i_con 4.48 plddt 0.43 ptm 0.87 i_ptm 0.22 energy 3.85
48 models [1] recycles 0 hard 0 soft 1 temp 1 loss 5.09 i_con 4.94 plddt 0.40 ptm 0.88 i_ptm 0.17 energy 4.14
49 models [1] recycles 0 hard 0 soft 1 temp 1 loss 5.02 i_con 4.88 plddt 0.39 ptm 0.88 i_ptm 0.16 energy 3.99
50 models [0] recycles 0 hard 0 soft 1 temp 1 loss 4.77 i_con 4.63 plddt 0.40 ptm 0.87 i_ptm 0.20 energy 3.84
51 models [0] recycles 0 hard 0 soft 1 temp 1 loss 4.65 i_con 4.21 plddt 0.39 ptm 0.87 i_ptm 0.25 energy 3.75
52 models [1] recycles 0 hard 0 soft 1 temp 1 loss 4.75 i_con 4.38 plddt 0.37 ptm 0.89 i_ptm 0.21 energy 3.06
53 models [0] recycles 0 hard 0 soft 1 temp 1 loss 4.61 i_con 4.30 plddt 0.41 ptm 0.87 i_ptm 0.25 energy 2.59
54 models [0] recycles 0 hard 0 soft 1 temp 1 loss 4.40 i_con 4.12 plddt 0.42 ptm 0.87 i_ptm 0.28 energy 2.25
55 models [0] recycles 0 hard 0 soft 1 temp 1 loss 4.73 i_con 4.51 plddt 0.42 ptm 0.87 i_ptm 0.23 energy 1.64
56 models [0] recycles 0 hard 0 soft 1 temp 1 loss 4.30 i_con 4.12 plddt 0.41 ptm 0.87 i_ptm 0.30 energy 1.15
57 models [0] recycles 0 hard 0 soft 1 temp 1 loss 4.10 i_con 4.01 plddt 0.41 ptm 0.87 i_ptm 0.29 energy 0.35
58 models [1] recycles 0 hard 0 soft 1 temp 1 loss 4.75 i_con 4.67 plddt 0.34 ptm 0.88 i_ptm 0.18 energy 0.06
59 models [0] recycles 0 hard 0 soft 1 temp 1 loss 4.29 i_con 4.24 plddt 0.41 ptm 0.87 i_ptm 0.28 energy -0.10
60 models [1] recycles 0 hard 0 soft 1 temp 1 loss 4.88 i_con 4.85 plddt 0.35 ptm 0.88 i_ptm 0.18 energy -0.30
61 models [0] recycles 0 hard 0 soft 1 temp 1 loss 4.50 i_con 4.48 plddt 0.39 ptm 0.87 i_ptm 0.24 energy -0.44
62 models [1] recycles 0 hard 0 soft 1 temp 1 loss 4.12 i_con 4.11 plddt 0.37 ptm 0.89 i_ptm 0.30 energy -0.62
63 models [1] recycles 0 hard 0 soft 1 temp 1 loss 4.37 i_con 4.40 plddt 0.36 ptm 0.88 i_ptm 0.23 energy -0.97
64 models [1] recycles 0 hard 0 soft 1 temp 1 loss 4.38 i_con 4.42 plddt 0.38 ptm 0.89 i_ptm 0.24 energy -0.94
65 models [1] recycles 0 hard 0 soft 1 temp 1 loss 4.25 i_con 4.33 plddt 0.36 ptm 0.89 i_ptm 0.23 energy -1.38
66 models [1] recycles 0 hard 0 soft 1 temp 1 loss 4.15 i_con 4.27 plddt 0.36 ptm 0.89 i_ptm 0.26 energy -1.89
67 models [1] recycles 0 hard 0 soft 1 temp 1 loss 4.21 i_con 4.36 plddt 0.36 ptm 0.88 i_ptm 0.24 energy -2.16
68 models [0] recycles 0 hard 0 soft 1 temp 1 loss 3.85 i_con 4.05 plddt 0.41 ptm 0.87 i_ptm 0.28 energy -2.53
69 models [1] recycles 0 hard 0 soft 1 temp 1 loss 5.35 i_con 5.55 plddt 0.42 ptm 0.88 i_ptm 0.08 energy -2.61
70 models [0] recycles 0 hard 0 soft 1 temp 1 loss 3.97 i_con 4.18 plddt 0.43 ptm 0.87 i_ptm 0.25 energy -2.60
71 models [0] recycles 0 hard 0 soft 1 temp 1 loss 4.09 i_con 4.30 plddt 0.40 ptm 0.87 i_ptm 0.28 energy -2.72
72 models [0] recycles 0 hard 0 soft 1 temp 1 loss 4.01 i_con 4.24 plddt 0.42 ptm 0.87 i_ptm 0.25 energy -2.86
73 models [1] recycles 0 hard 0 soft 1 temp 1 loss 4.45 i_con 4.69 plddt 0.37 ptm 0.88 i_ptm 0.18 energy -3.05
74 models [0] recycles 0 hard 0 soft 1 temp 1 loss 4.02 i_con 4.24 plddt 0.41 ptm 0.87 i_ptm 0.27 energy -2.77
75 models [0] recycles 0 hard 0 soft 1 temp 1 loss 3.93 i_con 4.18 plddt 0.40 ptm 0.87 i_ptm 0.26 energy -3.08
76 models [1] recycles 0 hard 0 soft 1 temp 1 loss 3.93 i_con 4.19 plddt 0.39 ptm 0.89 i_ptm 0.29 energy -3.18
77 models [0] recycles 0 hard 0 soft 1 temp 1 loss 3.66 i_con 3.93 plddt 0.45 ptm 0.87 i_ptm 0.32 energy -3.25
78 models [1] recycles 0 hard 0 soft 1 temp 1 loss 4.23 i_con 4.51 plddt 0.38 ptm 0.88 i_ptm 0.23 energy -3.48
79 models [0] recycles 0 hard 0 soft 1 temp 1 loss 3.83 i_con 4.10 plddt 0.41 ptm 0.87 i_ptm 0.28 energy -3.36
80 models [1] recycles 0 hard 0 soft 1 temp 1 loss 4.16 i_con 4.45 plddt 0.38 ptm 0.88 i_ptm 0.22 energy -3.55
81 models [0] recycles 0 hard 0 soft 1 temp 1 loss 3.61 i_con 3.90 plddt 0.44 ptm 0.88 i_ptm 0.33 energy -3.47
82 models [0] recycles 0 hard 0 soft 1 temp 1 loss 3.75 i_con 4.06 plddt 0.47 ptm 0.87 i_ptm 0.29 energy -3.63
83 models [0] recycles 0 hard 0 soft 1 temp 1 loss 3.95 i_con 4.26 plddt 0.41 ptm 0.87 i_ptm 0.28 energy -3.67
84 models [1] recycles 0 hard 0 soft 1 temp 1 loss 3.97 i_con 4.28 plddt 0.39 ptm 0.89 i_ptm 0.26 energy -3.71
85 models [0] recycles 0 hard 0 soft 1 temp 1 loss 3.87 i_con 4.19 plddt 0.41 ptm 0.87 i_ptm 0.28 energy -3.72
86 models [1] recycles 0 hard 0 soft 1 temp 1 loss 3.89 i_con 4.20 plddt 0.41 ptm 0.89 i_ptm 0.26 energy -3.73
87 models [0] recycles 0 hard 0 soft 1 temp 1 loss 3.55 i_con 3.86 plddt 0.45 ptm 0.87 i_ptm 0.35 energy -3.69
88 models [0] recycles 0 hard 0 soft 1 temp 1 loss 3.85 i_con 4.17 plddt 0.44 ptm 0.87 i_ptm 0.32 energy -3.83
89 models [0] recycles 0 hard 0 soft 1 temp 1 loss 3.70 i_con 4.03 plddt 0.45 ptm 0.87 i_ptm 0.34 energy -3.86
90 models [1] recycles 0 hard 0 soft 1 temp 1 loss 3.84 i_con 4.17 plddt 0.41 ptm 0.89 i_ptm 0.27 energy -3.81
91 models [1] recycles 0 hard 0 soft 1 temp 1 loss 3.70 i_con 4.04 plddt 0.42 ptm 0.89 i_ptm 0.30 energy -3.92
92 models [1] recycles 0 hard 0 soft 1 temp 1 loss 3.75 i_con 4.08 plddt 0.41 ptm 0.89 i_ptm 0.29 energy -3.88
93 models [1] recycles 0 hard 0 soft 1 temp 1 loss 3.90 i_con 4.25 plddt 0.39 ptm 0.89 i_ptm 0.26 energy -4.04
94 models [1] recycles 0 hard 0 soft 1 temp 1 loss 3.78 i_con 4.12 plddt 0.42 ptm 0.89 i_ptm 0.29 energy -3.94
95 models [0] recycles 0 hard 0 soft 1 temp 1 loss 3.58 i_con 3.93 plddt 0.43 ptm 0.87 i_ptm 0.35 energy -4.08
96 models [1] recycles 0 hard 0 soft 1 temp 1 loss 3.87 i_con 4.21 plddt 0.41 ptm 0.89 i_ptm 0.28 energy -4.00
97 models [0] recycles 0 hard 0 soft 1 temp 1 loss 3.43 i_con 3.77 plddt 0.42 ptm 0.88 i_ptm 0.37 energy -3.94
98 models [1] recycles 0 hard 0 soft 1 temp 1 loss 3.47 i_con 3.80 plddt 0.44 ptm 0.89 i_ptm 0.40 energy -3.87
99 models [0] recycles 0 hard 0 soft 1 temp 1 loss 3.57 i_con 3.89 plddt 0.44 ptm 0.88 i_ptm 0.36 energy -3.78
100 models [1] recycles 0 hard 0 soft 1 temp 1 loss 3.73 i_con 4.05 plddt 0.43 ptm 0.89 i_ptm 0.33 energy -3.82
101 models [1] recycles 0 hard 0 soft 0 temp 1 loss 8.02 i_con 8.39 plddt 0.59 ptm 0.88 i_ptm 0.12 energy -20.32
102 models [0] recycles 0 hard 0 soft 0 temp 0.98 loss 6.05 i_con 6.42 plddt 0.60 ptm 0.86 i_ptm 0.11 energy -20.24
103 models [0] recycles 0 hard 0 soft 0 temp 0.96 loss 6.29 i_con 6.64 plddt 0.56 ptm 0.86 i_ptm 0.11 energy -19.99
104 models [1] recycles 0 hard 0 soft 0 temp 0.94 loss 4.89 i_con 5.23 plddt 0.43 ptm 0.88 i_ptm 0.16 energy -19.76
105 models [1] recycles 0 hard 0 soft 0 temp 0.92 loss 3.64 i_con 3.98 plddt 0.45 ptm 0.89 i_ptm 0.34 energy -19.44
106 models [0] recycles 0 hard 0 soft 0 temp 0.90 loss 3.36 i_con 3.69 plddt 0.50 ptm 0.88 i_ptm 0.46 energy -19.12
107 models [0] recycles 0 hard 0 soft 0 temp 0.88 loss 3.55 i_con 3.88 plddt 0.44 ptm 0.88 i_ptm 0.38 energy -19.34
108 models [0] recycles 0 hard 0 soft 0 temp 0.86 loss 3.56 i_con 3.91 plddt 0.47 ptm 0.87 i_ptm 0.37 energy -19.76
109 models [1] recycles 0 hard 0 soft 0 temp 0.84 loss 3.07 i_con 3.44 plddt 0.55 ptm 0.90 i_ptm 0.54 energy -20.45
110 models [1] recycles 0 hard 0 soft 0 temp 0.82 loss 2.89 i_con 3.25 plddt 0.55 ptm 0.90 i_ptm 0.60 energy -20.40
111 models [0] recycles 0 hard 0 soft 0 temp 0.80 loss 3.22 i_con 3.59 plddt 0.49 ptm 0.88 i_ptm 0.46 energy -20.78
112 models [0] recycles 0 hard 0 soft 0 temp 0.78 loss 3.21 i_con 3.59 plddt 0.48 ptm 0.88 i_ptm 0.44 energy -21.57
113 models [0] recycles 0 hard 0 soft 0 temp 0.76 loss 3.10 i_con 3.50 plddt 0.52 ptm 0.88 i_ptm 0.50 energy -22.47
114 models [0] recycles 0 hard 0 soft 0 temp 0.74 loss 2.99 i_con 3.39 plddt 0.50 ptm 0.88 i_ptm 0.50 energy -22.79
115 models [0] recycles 0 hard 0 soft 0 temp 0.72 loss 3.11 i_con 3.53 plddt 0.50 ptm 0.88 i_ptm 0.50 energy -23.28
116 models [0] recycles 0 hard 0 soft 0 temp 0.70 loss 3.11 i_con 3.54 plddt 0.51 ptm 0.88 i_ptm 0.48 energy -24.09
117 models [0] recycles 0 hard 0 soft 0 temp 0.68 loss 3.00 i_con 3.45 plddt 0.51 ptm 0.88 i_ptm 0.55 energy -24.78
118 models [0] recycles 0 hard 0 soft 0 temp 0.66 loss 2.90 i_con 3.36 plddt 0.54 ptm 0.88 i_ptm 0.57 energy -25.29
119 models [1] recycles 0 hard 0 soft 0 temp 0.64 loss 2.75 i_con 3.22 plddt 0.56 ptm 0.90 i_ptm 0.61 energy -25.72
120 models [0] recycles 0 hard 0 soft 0 temp 0.62 loss 2.95 i_con 3.42 plddt 0.52 ptm 0.88 i_ptm 0.55 energy -25.55
121 models [0] recycles 0 hard 0 soft 0 temp 0.60 loss 2.83 i_con 3.30 plddt 0.50 ptm 0.88 i_ptm 0.57 energy -25.87
122 models [0] recycles 0 hard 0 soft 0 temp 0.58 loss 2.69 i_con 3.17 plddt 0.56 ptm 0.88 i_ptm 0.63 energy -26.30
123 models [1] recycles 0 hard 0 soft 0 temp 0.56 loss 2.78 i_con 3.27 plddt 0.52 ptm 0.90 i_ptm 0.56 energy -26.85
124 models [1] recycles 0 hard 0 soft 0 temp 0.54 loss 2.23 i_con 2.73 plddt 0.65 ptm 0.91 i_ptm 0.74 energy -26.97
125 models [0] recycles 0 hard 0 soft 0 temp 0.52 loss 2.72 i_con 3.22 plddt 0.54 ptm 0.89 i_ptm 0.62 energy -27.30
126 models [0] recycles 0 hard 0 soft 0 temp 0.50 loss 2.84 i_con 3.35 plddt 0.53 ptm 0.89 i_ptm 0.59 energy -27.90
127 models [0] recycles 0 hard 0 soft 0 temp 0.48 loss 2.77 i_con 3.29 plddt 0.56 ptm 0.89 i_ptm 0.61 energy -28.08
128 models [1] recycles 0 hard 0 soft 0 temp 0.46 loss 2.30 i_con 2.84 plddt 0.64 ptm 0.91 i_ptm 0.70 energy -28.75
129 models [1] recycles 0 hard 0 soft 0 temp 0.44 loss 2.28 i_con 2.82 plddt 0.64 ptm 0.91 i_ptm 0.73 energy -28.99
130 models [0] recycles 0 hard 0 soft 0 temp 0.42 loss 2.85 i_con 3.39 plddt 0.51 ptm 0.88 i_ptm 0.55 energy -29.17
131 models [1] recycles 0 hard 0 soft 0 temp 0.40 loss 2.31 i_con 2.87 plddt 0.62 ptm 0.91 i_ptm 0.72 energy -29.82
132 models [1] recycles 0 hard 0 soft 0 temp 0.38 loss 2.19 i_con 2.75 plddt 0.65 ptm 0.91 i_ptm 0.73 energy -29.86
133 models [1] recycles 0 hard 0 soft 0 temp 0.36 loss 2.20 i_con 2.77 plddt 0.64 ptm 0.91 i_ptm 0.74 energy -30.02
134 models [0] recycles 0 hard 0 soft 0 temp 0.34 loss 2.23 i_con 2.80 plddt 0.65 ptm 0.89 i_ptm 0.73 energy -30.23
135 models [1] recycles 0 hard 0 soft 0 temp 0.32 loss 2.28 i_con 2.86 plddt 0.63 ptm 0.91 i_ptm 0.72 energy -30.59
136 models [0] recycles 0 hard 0 soft 0 temp 0.30 loss 2.35 i_con 2.93 plddt 0.62 ptm 0.89 i_ptm 0.69 energy -30.97
137 models [1] recycles 0 hard 0 soft 0 temp 0.28 loss 2.37 i_con 2.95 plddt 0.60 ptm 0.90 i_ptm 0.67 energy -31.41
138 models [0] recycles 0 hard 0 soft 0 temp 0.26 loss 2.28 i_con 2.88 plddt 0.63 ptm 0.89 i_ptm 0.69 energy -31.45
139 models [1] recycles 0 hard 0 soft 0 temp 0.24 loss 1.96 i_con 2.57 plddt 0.69 ptm 0.91 i_ptm 0.76 energy -31.79
140 models [1] recycles 0 hard 0 soft 0 temp 0.22 loss 2.01 i_con 2.62 plddt 0.68 ptm 0.91 i_ptm 0.75 energy -32.14
141 models [0] recycles 0 hard 0 soft 0 temp 0.20 loss 2.36 i_con 2.97 plddt 0.61 ptm 0.89 i_ptm 0.71 energy -32.46
142 models [0] recycles 0 hard 0 soft 0 temp 0.18 loss 2.45 i_con 3.07 plddt 0.60 ptm 0.89 i_ptm 0.65 energy -33.22
143 models [1] recycles 0 hard 0 soft 0 temp 0.16 loss 2.41 i_con 3.05 plddt 0.61 ptm 0.91 i_ptm 0.68 energy -33.89
144 models [0] recycles 0 hard 0 soft 0 temp 0.14 loss 2.24 i_con 2.88 plddt 0.63 ptm 0.89 i_ptm 0.69 energy -33.76
145 models [0] recycles 0 hard 0 soft 0 temp 0.12 loss 2.30 i_con 2.94 plddt 0.62 ptm 0.89 i_ptm 0.70 energy -34.20
146 models [0] recycles 0 hard 0 soft 0 temp 0.10 loss 2.18 i_con 2.84 plddt 0.62 ptm 0.89 i_ptm 0.71 energy -34.93
147 models [0] recycles 0 hard 0 soft 0 temp 0.08 loss 2.40 i_con 3.07 plddt 0.59 ptm 0.89 i_ptm 0.65 energy -35.24
148 models [0] recycles 0 hard 0 soft 0 temp 0.06 loss 2.29 i_con 2.97 plddt 0.62 ptm 0.89 i_ptm 0.70 energy -35.98
149 models [0] recycles 0 hard 0 soft 0 temp 0.04 loss 2.27 i_con 2.95 plddt 0.63 ptm 0.89 i_ptm 0.69 energy -36.11
150 models [1] recycles 0 hard 0 soft 0 temp 0.02 loss 1.91 i_con 2.60 plddt 0.67 ptm 0.91 i_ptm 0.74 energy -36.22
151 models [0] recycles 0 hard 1 soft 0 temp 0.00 loss 3.35 i_con 3.81 plddt 0.42 ptm 0.88 i_ptm 0.39 energy -2.57
152 models [0] recycles 0 hard 1 soft 0 temp 0.00 loss 3.35 i_con 3.81 plddt 0.42 ptm 0.88 i_ptm 0.39 energy -2.57
153 models [1] recycles 0 hard 1 soft 0 temp 0.00 loss 3.62 i_con 4.07 plddt 0.38 ptm 0.89 i_ptm 0.32 energy -2.57
154 models [0] recycles 0 hard 1 soft 0 temp 0.00 loss 3.35 i_con 3.81 plddt 0.42 ptm 0.88 i_ptm 0.39 energy -2.57
155 models [1] recycles 0 hard 1 soft 0 temp 0.00 loss 3.62 i_con 4.07 plddt 0.38 ptm 0.89 i_ptm 0.32 energy -2.57
156 models [1] recycles 0 hard 1 soft 0 temp 0.00 loss 3.62 i_con 4.07 plddt 0.38 ptm 0.89 i_ptm 0.32 energy -2.57
157 models [0] recycles 0 hard 1 soft 0 temp 0.00 loss 3.35 i_con 3.81 plddt 0.42 ptm 0.88 i_ptm 0.39 energy -2.57
158 models [1] recycles 0 hard 1 soft 0 temp 0.00 loss 3.62 i_con 4.07 plddt 0.38 ptm 0.89 i_ptm 0.32 energy -2.57
159 models [1] recycles 0 hard 1 soft 0 temp 0.00 loss 3.62 i_con 4.07 plddt 0.38 ptm 0.89 i_ptm 0.32 energy -2.57
160 models [0] recycles 0 hard 1 soft 0 temp 0.00 loss 3.35 i_con 3.81 plddt 0.42 ptm 0.88 i_ptm 0.39 energy -2.57
161 models [1] recycles 0 hard 1 soft 0 temp 0.00 loss 3.62 i_con 4.07 plddt 0.38 ptm 0.89 i_ptm 0.32 energy -2.57
162 models [0] recycles 0 hard 1 soft 0 temp 0.00 loss 3.35 i_con 3.81 plddt 0.42 ptm 0.88 i_ptm 0.39 energy -2.57
163 models [1] recycles 0 hard 1 soft 0 temp 0.00 loss 3.62 i_con 4.07 plddt 0.38 ptm 0.89 i_ptm 0.32 energy -2.57
164 models [1] recycles 0 hard 1 soft 0 temp 0.00 loss 3.62 i_con 4.07 plddt 0.38 ptm 0.89 i_ptm 0.32 energy -2.57
165 models [0] recycles 0 hard 1 soft 0 temp 0.00 loss 3.35 i_con 3.81 plddt 0.42 ptm 0.88 i_ptm 0.39 energy -2.57
166 models [0] recycles 0 hard 1 soft 0 temp 0.00 loss 3.35 i_con 3.81 plddt 0.42 ptm 0.88 i_ptm 0.39 energy -2.57
167 models [1] recycles 0 hard 1 soft 0 temp 0.00 loss 3.62 i_con 4.07 plddt 0.38 ptm 0.89 i_ptm 0.32 energy -2.57
168 models [1] recycles 0 hard 1 soft 0 temp 0.00 loss 3.62 i_con 4.07 plddt 0.38 ptm 0.89 i_ptm 0.32 energy -2.57
169 models [0] recycles 0 hard 1 soft 0 temp 0.00 loss 3.35 i_con 3.81 plddt 0.42 ptm 0.88 i_ptm 0.39 energy -2.57
170 models [0] recycles 0 hard 1 soft 0 temp 0.00 loss 3.35 i_con 3.81 plddt 0.42 ptm 0.88 i_ptm 0.39 energy -2.57
171 models [1] recycles 0 hard 1 soft 0 temp 0.00 loss 3.62 i_con 4.07 plddt 0.38 ptm 0.89 i_ptm 0.32 energy -2.57
172 models [0] recycles 0 hard 1 soft 0 temp 0.00 loss 3.35 i_con 3.81 plddt 0.42 ptm 0.88 i_ptm 0.39 energy -2.57
173 models [1] recycles 0 hard 1 soft 0 temp 0.00 loss 3.62 i_con 4.07 plddt 0.38 ptm 0.89 i_ptm 0.32 energy -2.57
174 models [1] recycles 0 hard 1 soft 0 temp 0.00 loss 3.62 i_con 4.07 plddt 0.38 ptm 0.89 i_ptm 0.32 energy -2.57
175 models [0] recycles 0 hard 1 soft 0 temp 0.00 loss 3.35 i_con 3.81 plddt 0.42 ptm 0.88 i_ptm 0.39 energy -2.57
176 models [0] recycles 0 hard 1 soft 0 temp 0.00 loss 3.35 i_con 3.81 plddt 0.42 ptm 0.88 i_ptm 0.39 energy -2.57
177 models [1] recycles 0 hard 1 soft 0 temp 0.00 loss 3.62 i_con 4.07 plddt 0.38 ptm 0.89 i_ptm 0.32 energy -2.57
178 models [1] recycles 0 hard 1 soft 0 temp 0.00 loss 3.62 i_con 4.07 plddt 0.38 ptm 0.89 i_ptm 0.32 energy -2.57
179 models [1] recycles 0 hard 1 soft 0 temp 0.00 loss 3.62 i_con 4.07 plddt 0.38 ptm 0.89 i_ptm 0.32 energy -2.57
180 models [0] recycles 0 hard 1 soft 0 temp 0.00 loss 3.35 i_con 3.81 plddt 0.42 ptm 0.88 i_ptm 0.39 energy -2.57
  seq=AASGPALLVLLCMFL  loss=3.3507  loss_af=3.8639  energy=-2.5662  i_ptm=0.3869
[8/20] seed=7 ...
1 models [1] recycles 0 hard 0 soft 1 temp 1 loss 7.78 i_con 7.58 plddt 0.52 ptm 0.88 i_ptm 0.09 energy 7.40
2 models [0] recycles 0 hard 0 soft 1 temp 1 loss 8.10 i_con 7.92 plddt 0.60 ptm 0.86 i_ptm 0.12 energy 7.23
3 models [1] recycles 0 hard 0 soft 1 temp 1 loss 7.42 i_con 7.23 plddt 0.50 ptm 0.88 i_ptm 0.08 energy 7.14
4 models [0] recycles 0 hard 0 soft 1 temp 1 loss 6.86 i_con 6.67 plddt 0.53 ptm 0.86 i_ptm 0.12 energy 6.99
5 models [1] recycles 0 hard 0 soft 1 temp 1 loss 7.30 i_con 7.10 plddt 0.45 ptm 0.88 i_ptm 0.08 energy 6.91
6 models [0] recycles 0 hard 0 soft 1 temp 1 loss 6.96 i_con 6.78 plddt 0.55 ptm 0.86 i_ptm 0.13 energy 6.80
7 models [0] recycles 0 hard 0 soft 1 temp 1 loss 6.32 i_con 6.13 plddt 0.47 ptm 0.86 i_ptm 0.12 energy 6.74
8 models [1] recycles 0 hard 0 soft 1 temp 1 loss 6.63 i_con 6.44 plddt 0.51 ptm 0.88 i_ptm 0.09 energy 6.68
9 models [0] recycles 0 hard 0 soft 1 temp 1 loss 6.63 i_con 6.44 plddt 0.47 ptm 0.86 i_ptm 0.12 energy 6.65
10 models [1] recycles 0 hard 0 soft 1 temp 1 loss 6.10 i_con 5.92 plddt 0.50 ptm 0.88 i_ptm 0.08 energy 6.61
11 models [1] recycles 0 hard 0 soft 1 temp 1 loss 6.33 i_con 6.14 plddt 0.46 ptm 0.88 i_ptm 0.08 energy 6.59
12 models [1] recycles 0 hard 0 soft 1 temp 1 loss 6.06 i_con 5.87 plddt 0.44 ptm 0.88 i_ptm 0.09 energy 6.76
13 models [1] recycles 0 hard 0 soft 1 temp 1 loss 5.95 i_con 5.75 plddt 0.42 ptm 0.88 i_ptm 0.08 energy 7.07
14 models [1] recycles 0 hard 0 soft 1 temp 1 loss 5.86 i_con 5.67 plddt 0.43 ptm 0.88 i_ptm 0.09 energy 6.89
15 models [0] recycles 0 hard 0 soft 1 temp 1 loss 4.67 i_con 4.47 plddt 0.36 ptm 0.87 i_ptm 0.17 energy 6.71
16 models [1] recycles 0 hard 0 soft 1 temp 1 loss 5.61 i_con 5.42 plddt 0.40 ptm 0.88 i_ptm 0.10 energy 6.61
17 models [0] recycles 0 hard 0 soft 1 temp 1 loss 4.75 i_con 4.55 plddt 0.37 ptm 0.87 i_ptm 0.24 energy 6.76
18 models [1] recycles 0 hard 0 soft 1 temp 1 loss 5.60 i_con 5.40 plddt 0.41 ptm 0.88 i_ptm 0.10 energy 6.93
19 models [1] recycles 0 hard 0 soft 1 temp 1 loss 5.35 i_con 5.14 plddt 0.38 ptm 0.88 i_ptm 0.12 energy 7.10
20 models [0] recycles 0 hard 0 soft 1 temp 1 loss 5.04 i_con 4.84 plddt 0.36 ptm 0.87 i_ptm 0.16 energy 7.11
21 models [1] recycles 0 hard 0 soft 1 temp 1 loss 5.56 i_con 5.36 plddt 0.37 ptm 0.88 i_ptm 0.10 energy 6.98
22 models [1] recycles 0 hard 0 soft 1 temp 1 loss 5.57 i_con 5.38 plddt 0.41 ptm 0.88 i_ptm 0.11 energy 6.93
23 models [0] recycles 0 hard 0 soft 1 temp 1 loss 4.91 i_con 4.71 plddt 0.37 ptm 0.87 i_ptm 0.15 energy 6.95
24 models [1] recycles 0 hard 0 soft 1 temp 1 loss 5.24 i_con 5.05 plddt 0.39 ptm 0.88 i_ptm 0.11 energy 6.34
25 models [1] recycles 0 hard 0 soft 1 temp 1 loss 5.11 i_con 4.92 plddt 0.37 ptm 0.88 i_ptm 0.15 energy 6.73
26 models [1] recycles 0 hard 0 soft 1 temp 1 loss 5.38 i_con 5.19 plddt 0.47 ptm 0.88 i_ptm 0.10 energy 6.80
27 models [0] recycles 0 hard 0 soft 1 temp 1 loss 5.03 i_con 4.84 plddt 0.38 ptm 0.87 i_ptm 0.16 energy 6.29
28 models [0] recycles 0 hard 0 soft 1 temp 1 loss 4.90 i_con 4.72 plddt 0.38 ptm 0.87 i_ptm 0.17 energy 5.92
29 models [0] recycles 0 hard 0 soft 1 temp 1 loss 4.79 i_con 4.61 plddt 0.40 ptm 0.87 i_ptm 0.22 energy 5.83
30 models [1] recycles 0 hard 0 soft 1 temp 1 loss 5.26 i_con 5.08 plddt 0.35 ptm 0.88 i_ptm 0.13 energy 5.77
31 models [0] recycles 0 hard 0 soft 1 temp 1 loss 4.79 i_con 4.62 plddt 0.42 ptm 0.87 i_ptm 0.20 energy 5.81
32 models [1] recycles 0 hard 0 soft 1 temp 1 loss 5.17 i_con 4.99 plddt 0.36 ptm 0.88 i_ptm 0.13 energy 5.47
33 models [1] recycles 0 hard 0 soft 1 temp 1 loss 5.32 i_con 5.15 plddt 0.35 ptm 0.88 i_ptm 0.14 energy 5.25
34 models [0] recycles 0 hard 0 soft 1 temp 1 loss 4.59 i_con 4.42 plddt 0.38 ptm 0.87 i_ptm 0.24 energy 5.41
35 models [1] recycles 0 hard 0 soft 1 temp 1 loss 5.12 i_con 4.96 plddt 0.38 ptm 0.88 i_ptm 0.17 energy 5.05
36 models [0] recycles 0 hard 0 soft 1 temp 1 loss 4.69 i_con 4.54 plddt 0.41 ptm 0.87 i_ptm 0.24 energy 4.90
37 models [1] recycles 0 hard 0 soft 1 temp 1 loss 5.18 i_con 5.03 plddt 0.37 ptm 0.88 i_ptm 0.14 energy 4.69
38 models [1] recycles 0 hard 0 soft 1 temp 1 loss 5.05 i_con 4.90 plddt 0.38 ptm 0.88 i_ptm 0.18 energy 4.79
39 models [0] recycles 0 hard 0 soft 1 temp 1 loss 4.52 i_con 4.37 plddt 0.39 ptm 0.87 i_ptm 0.22 energy 4.51
40 models [1] recycles 0 hard 0 soft 1 temp 1 loss 4.67 i_con 4.51 plddt 0.35 ptm 0.89 i_ptm 0.22 energy 4.56
41 models [1] recycles 0 hard 0 soft 1 temp 1 loss 5.25 i_con 5.11 plddt 0.39 ptm 0.88 i_ptm 0.15 energy 4.00
42 models [1] recycles 0 hard 0 soft 1 temp 1 loss 4.92 i_con 4.77 plddt 0.35 ptm 0.88 i_ptm 0.19 energy 4.26
43 models [1] recycles 0 hard 0 soft 1 temp 1 loss 5.39 i_con 5.24 plddt 0.35 ptm 0.88 i_ptm 0.11 energy 4.27
44 models [0] recycles 0 hard 0 soft 1 temp 1 loss 4.57 i_con 4.43 plddt 0.40 ptm 0.87 i_ptm 0.23 energy 4.08
45 models [0] recycles 0 hard 0 soft 1 temp 1 loss 4.79 i_con 4.65 plddt 0.38 ptm 0.87 i_ptm 0.19 energy 3.56
46 models [1] recycles 0 hard 0 soft 1 temp 1 loss 5.30 i_con 5.17 plddt 0.36 ptm 0.88 i_ptm 0.13 energy 3.45
47 models [0] recycles 0 hard 0 soft 1 temp 1 loss 4.54 i_con 4.42 plddt 0.39 ptm 0.87 i_ptm 0.23 energy 2.96
48 models [1] recycles 0 hard 0 soft 1 temp 1 loss 4.91 i_con 4.79 plddt 0.39 ptm 0.88 i_ptm 0.19 energy 3.05
49 models [0] recycles 0 hard 0 soft 1 temp 1 loss 4.71 i_con 4.60 plddt 0.40 ptm 0.87 i_ptm 0.21 energy 2.78
50 models [0] recycles 0 hard 0 soft 1 temp 1 loss 4.95 i_con 4.83 plddt 0.36 ptm 0.87 i_ptm 0.16 energy 2.97
51 models [0] recycles 0 hard 0 soft 1 temp 1 loss 4.91 i_con 4.60 plddt 0.39 ptm 0.87 i_ptm 0.23 energy 2.51
52 models [1] recycles 0 hard 0 soft 1 temp 1 loss 5.18 i_con 4.91 plddt 0.39 ptm 0.88 i_ptm 0.19 energy 2.10
53 models [0] recycles 0 hard 0 soft 1 temp 1 loss 5.05 i_con 4.87 plddt 0.43 ptm 0.87 i_ptm 0.14 energy 1.24
54 models [1] recycles 0 hard 0 soft 1 temp 1 loss 4.87 i_con 4.76 plddt 0.37 ptm 0.88 i_ptm 0.21 energy 0.45
55 models [1] recycles 0 hard 0 soft 1 temp 1 loss 5.10 i_con 5.04 plddt 0.38 ptm 0.88 i_ptm 0.12 energy -0.09
56 models [1] recycles 0 hard 0 soft 1 temp 1 loss 4.75 i_con 4.74 plddt 0.40 ptm 0.88 i_ptm 0.18 energy -0.54
57 models [0] recycles 0 hard 0 soft 1 temp 1 loss 4.76 i_con 4.79 plddt 0.42 ptm 0.87 i_ptm 0.18 energy -0.85
58 models [0] recycles 0 hard 0 soft 1 temp 1 loss 4.78 i_con 4.78 plddt 0.41 ptm 0.87 i_ptm 0.19 energy -0.56
59 models [0] recycles 0 hard 0 soft 1 temp 1 loss 4.64 i_con 4.64 plddt 0.40 ptm 0.87 i_ptm 0.20 energy -0.60
60 models [1] recycles 0 hard 0 soft 1 temp 1 loss 5.05 i_con 5.06 plddt 0.37 ptm 0.88 i_ptm 0.12 energy -0.80
61 models [0] recycles 0 hard 0 soft 1 temp 1 loss 4.63 i_con 4.69 plddt 0.44 ptm 0.87 i_ptm 0.21 energy -1.15
62 models [1] recycles 0 hard 0 soft 1 temp 1 loss 4.74 i_con 4.80 plddt 0.40 ptm 0.89 i_ptm 0.18 energy -1.20
63 models [0] recycles 0 hard 0 soft 1 temp 1 loss 4.49 i_con 4.58 plddt 0.40 ptm 0.87 i_ptm 0.23 energy -1.56
64 models [0] recycles 0 hard 0 soft 1 temp 1 loss 4.36 i_con 4.45 plddt 0.42 ptm 0.87 i_ptm 0.25 energy -1.43
65 models [0] recycles 0 hard 0 soft 1 temp 1 loss 4.25 i_con 4.35 plddt 0.42 ptm 0.87 i_ptm 0.27 energy -1.55
66 models [1] recycles 0 hard 0 soft 1 temp 1 loss 4.66 i_con 4.78 plddt 0.35 ptm 0.88 i_ptm 0.17 energy -1.85
67 models [0] recycles 0 hard 0 soft 1 temp 1 loss 4.06 i_con 4.20 plddt 0.42 ptm 0.87 i_ptm 0.26 energy -1.98
68 models [1] recycles 0 hard 0 soft 1 temp 1 loss 4.55 i_con 4.71 plddt 0.37 ptm 0.88 i_ptm 0.21 energy -2.18
69 models [1] recycles 0 hard 0 soft 1 temp 1 loss 4.45 i_con 4.61 plddt 0.36 ptm 0.89 i_ptm 0.21 energy -2.29
70 models [1] recycles 0 hard 0 soft 1 temp 1 loss 4.70 i_con 4.85 plddt 0.35 ptm 0.88 i_ptm 0.17 energy -2.25
71 models [0] recycles 0 hard 0 soft 1 temp 1 loss 4.04 i_con 4.20 plddt 0.40 ptm 0.87 i_ptm 0.23 energy -2.22
72 models [1] recycles 0 hard 0 soft 1 temp 1 loss 4.26 i_con 4.41 plddt 0.34 ptm 0.89 i_ptm 0.23 energy -2.16
73 models [0] recycles 0 hard 0 soft 1 temp 1 loss 4.04 i_con 4.22 plddt 0.39 ptm 0.87 i_ptm 0.28 energy -2.41
74 models [0] recycles 0 hard 0 soft 1 temp 1 loss 4.44 i_con 4.61 plddt 0.38 ptm 0.87 i_ptm 0.18 energy -2.28
75 models [1] recycles 0 hard 0 soft 1 temp 1 loss 4.17 i_con 4.34 plddt 0.39 ptm 0.88 i_ptm 0.24 energy -2.35
76 models [1] recycles 0 hard 0 soft 1 temp 1 loss 4.10 i_con 4.27 plddt 0.40 ptm 0.89 i_ptm 0.26 energy -2.38
77 models [0] recycles 0 hard 0 soft 1 temp 1 loss 4.00 i_con 4.19 plddt 0.40 ptm 0.87 i_ptm 0.27 energy -2.45
78 models [1] recycles 0 hard 0 soft 1 temp 1 loss 4.40 i_con 4.59 plddt 0.40 ptm 0.88 i_ptm 0.20 energy -2.49
79 models [0] recycles 0 hard 0 soft 1 temp 1 loss 3.88 i_con 4.08 plddt 0.43 ptm 0.87 i_ptm 0.28 energy -2.59
80 models [0] recycles 0 hard 0 soft 1 temp 1 loss 3.85 i_con 4.07 plddt 0.40 ptm 0.87 i_ptm 0.28 energy -2.71
81 models [0] recycles 0 hard 0 soft 1 temp 1 loss 3.82 i_con 4.03 plddt 0.42 ptm 0.87 i_ptm 0.32 energy -2.65
82 models [1] recycles 0 hard 0 soft 1 temp 1 loss 4.30 i_con 4.51 plddt 0.38 ptm 0.88 i_ptm 0.22 energy -2.68
83 models [1] recycles 0 hard 0 soft 1 temp 1 loss 4.05 i_con 4.25 plddt 0.37 ptm 0.89 i_ptm 0.25 energy -2.68
84 models [0] recycles 0 hard 0 soft 1 temp 1 loss 3.92 i_con 4.13 plddt 0.42 ptm 0.87 i_ptm 0.27 energy -2.72
85 models [0] recycles 0 hard 0 soft 1 temp 1 loss 3.75 i_con 3.97 plddt 0.42 ptm 0.87 i_ptm 0.30 energy -2.75
86 models [1] recycles 0 hard 0 soft 1 temp 1 loss 4.16 i_con 4.40 plddt 0.38 ptm 0.88 i_ptm 0.23 energy -2.97
87 models [0] recycles 0 hard 0 soft 1 temp 1 loss 3.70 i_con 3.95 plddt 0.42 ptm 0.87 i_ptm 0.30 energy -3.09
88 models [1] recycles 0 hard 0 soft 1 temp 1 loss 3.87 i_con 4.12 plddt 0.37 ptm 0.89 i_ptm 0.25 energy -3.18
89 models [1] recycles 0 hard 0 soft 1 temp 1 loss 4.02 i_con 4.27 plddt 0.38 ptm 0.89 i_ptm 0.25 energy -3.13
90 models [1] recycles 0 hard 0 soft 1 temp 1 loss 3.95 i_con 4.21 plddt 0.39 ptm 0.88 i_ptm 0.26 energy -3.25
91 models [0] recycles 0 hard 0 soft 1 temp 1 loss 3.93 i_con 4.20 plddt 0.38 ptm 0.87 i_ptm 0.23 energy -3.32
92 models [1] recycles 0 hard 0 soft 1 temp 1 loss 3.83 i_con 4.10 plddt 0.38 ptm 0.89 i_ptm 0.27 energy -3.36
93 models [0] recycles 0 hard 0 soft 1 temp 1 loss 3.71 i_con 4.00 plddt 0.41 ptm 0.87 i_ptm 0.30 energy -3.47
94 models [0] recycles 0 hard 0 soft 1 temp 1 loss 3.77 i_con 4.05 plddt 0.40 ptm 0.87 i_ptm 0.26 energy -3.39
95 models [1] recycles 0 hard 0 soft 1 temp 1 loss 3.97 i_con 4.26 plddt 0.38 ptm 0.88 i_ptm 0.20 energy -3.52
96 models [0] recycles 0 hard 0 soft 1 temp 1 loss 3.70 i_con 4.00 plddt 0.39 ptm 0.87 i_ptm 0.28 energy -3.55
97 models [1] recycles 0 hard 0 soft 1 temp 1 loss 3.92 i_con 4.21 plddt 0.37 ptm 0.89 i_ptm 0.24 energy -3.58
98 models [1] recycles 0 hard 0 soft 1 temp 1 loss 3.93 i_con 4.25 plddt 0.35 ptm 0.89 i_ptm 0.23 energy -3.82
99 models [0] recycles 0 hard 0 soft 1 temp 1 loss 3.58 i_con 3.89 plddt 0.39 ptm 0.87 i_ptm 0.29 energy -3.76
100 models [0] recycles 0 hard 0 soft 1 temp 1 loss 3.70 i_con 4.04 plddt 0.39 ptm 0.87 i_ptm 0.27 energy -4.02
101 models [0] recycles 0 hard 0 soft 0 temp 1 loss 6.84 i_con 7.20 plddt 0.47 ptm 0.86 i_ptm 0.11 energy -20.91
102 models [0] recycles 0 hard 0 soft 0 temp 0.98 loss 6.38 i_con 6.74 plddt 0.49 ptm 0.87 i_ptm 0.13 energy -20.53
103 models [1] recycles 0 hard 0 soft 0 temp 0.96 loss 6.22 i_con 6.59 plddt 0.61 ptm 0.88 i_ptm 0.11 energy -20.28
104 models [1] recycles 0 hard 0 soft 0 temp 0.94 loss 5.29 i_con 5.65 plddt 0.50 ptm 0.88 i_ptm 0.10 energy -20.10
105 models [1] recycles 0 hard 0 soft 0 temp 0.92 loss 3.61 i_con 3.95 plddt 0.47 ptm 0.89 i_ptm 0.37 energy -19.79
106 models [0] recycles 0 hard 0 soft 0 temp 0.90 loss 3.55 i_con 3.89 plddt 0.44 ptm 0.88 i_ptm 0.38 energy -19.63
107 models [0] recycles 0 hard 0 soft 0 temp 0.88 loss 3.44 i_con 3.78 plddt 0.47 ptm 0.88 i_ptm 0.41 energy -19.99
108 models [0] recycles 0 hard 0 soft 0 temp 0.86 loss 3.37 i_con 3.74 plddt 0.45 ptm 0.88 i_ptm 0.44 energy -21.02
109 models [1] recycles 0 hard 0 soft 0 temp 0.84 loss 3.20 i_con 3.59 plddt 0.50 ptm 0.90 i_ptm 0.50 energy -21.88
110 models [0] recycles 0 hard 0 soft 0 temp 0.82 loss 3.32 i_con 3.70 plddt 0.46 ptm 0.88 i_ptm 0.41 energy -21.86
111 models [0] recycles 0 hard 0 soft 0 temp 0.80 loss 3.49 i_con 3.89 plddt 0.44 ptm 0.87 i_ptm 0.34 energy -22.70
112 models [0] recycles 0 hard 0 soft 0 temp 0.78 loss 3.12 i_con 3.54 plddt 0.52 ptm 0.88 i_ptm 0.49 energy -23.59
113 models [0] recycles 0 hard 0 soft 0 temp 0.76 loss 3.17 i_con 3.60 plddt 0.47 ptm 0.88 i_ptm 0.46 energy -24.09
114 models [1] recycles 0 hard 0 soft 0 temp 0.74 loss 2.77 i_con 3.22 plddt 0.55 ptm 0.90 i_ptm 0.58 energy -25.03
115 models [1] recycles 0 hard 0 soft 0 temp 0.72 loss 3.26 i_con 3.71 plddt 0.47 ptm 0.89 i_ptm 0.43 energy -25.20
116 models [1] recycles 0 hard 0 soft 0 temp 0.70 loss 2.44 i_con 2.90 plddt 0.63 ptm 0.91 i_ptm 0.70 energy -24.81
117 models [0] recycles 0 hard 0 soft 0 temp 0.68 loss 3.16 i_con 3.61 plddt 0.49 ptm 0.88 i_ptm 0.45 energy -24.77
118 models [0] recycles 0 hard 0 soft 0 temp 0.66 loss 2.93 i_con 3.39 plddt 0.51 ptm 0.88 i_ptm 0.57 energy -25.57
119 models [1] recycles 0 hard 0 soft 0 temp 0.64 loss 2.18 i_con 2.68 plddt 0.67 ptm 0.91 i_ptm 0.75 energy -26.34
120 models [1] recycles 0 hard 0 soft 0 temp 0.62 loss 2.11 i_con 2.61 plddt 0.70 ptm 0.91 i_ptm 0.76 energy -26.54
121 models [1] recycles 0 hard 0 soft 0 temp 0.60 loss 2.20 i_con 2.70 plddt 0.67 ptm 0.91 i_ptm 0.74 energy -26.70
122 models [0] recycles 0 hard 0 soft 0 temp 0.58 loss 2.85 i_con 3.35 plddt 0.54 ptm 0.89 i_ptm 0.57 energy -27.36
123 models [1] recycles 0 hard 0 soft 0 temp 0.56 loss 1.88 i_con 2.41 plddt 0.74 ptm 0.92 i_ptm 0.80 energy -27.53
124 models [1] recycles 0 hard 0 soft 0 temp 0.54 loss 2.21 i_con 2.73 plddt 0.66 ptm 0.91 i_ptm 0.76 energy -27.71
125 models [0] recycles 0 hard 0 soft 0 temp 0.52 loss 2.77 i_con 3.30 plddt 0.55 ptm 0.89 i_ptm 0.59 energy -28.36
126 models [0] recycles 0 hard 0 soft 0 temp 0.50 loss 2.65 i_con 3.18 plddt 0.58 ptm 0.89 i_ptm 0.62 energy -28.59
127 models [0] recycles 0 hard 0 soft 0 temp 0.48 loss 2.38 i_con 2.93 plddt 0.63 ptm 0.89 i_ptm 0.68 energy -29.02
128 models [0] recycles 0 hard 0 soft 0 temp 0.46 loss 2.36 i_con 2.92 plddt 0.63 ptm 0.89 i_ptm 0.72 energy -29.63
129 models [1] recycles 0 hard 0 soft 0 temp 0.44 loss 2.04 i_con 2.61 plddt 0.69 ptm 0.91 i_ptm 0.76 energy -30.05
130 models [1] recycles 0 hard 0 soft 0 temp 0.42 loss 2.00 i_con 2.57 plddt 0.69 ptm 0.91 i_ptm 0.77 energy -30.12
131 models [0] recycles 0 hard 0 soft 0 temp 0.40 loss 2.33 i_con 2.91 plddt 0.64 ptm 0.89 i_ptm 0.71 energy -30.93
132 models [0] recycles 0 hard 0 soft 0 temp 0.38 loss 2.25 i_con 2.83 plddt 0.64 ptm 0.89 i_ptm 0.71 energy -30.85
133 models [0] recycles 0 hard 0 soft 0 temp 0.36 loss 2.41 i_con 3.01 plddt 0.62 ptm 0.89 i_ptm 0.68 energy -31.45
134 models [0] recycles 0 hard 0 soft 0 temp 0.34 loss 2.43 i_con 3.02 plddt 0.60 ptm 0.89 i_ptm 0.69 energy -31.32
135 models [1] recycles 0 hard 0 soft 0 temp 0.32 loss 1.68 i_con 2.28 plddt 0.75 ptm 0.92 i_ptm 0.82 energy -31.64
136 models [0] recycles 0 hard 0 soft 0 temp 0.30 loss 2.36 i_con 2.98 plddt 0.62 ptm 0.89 i_ptm 0.69 energy -32.82
137 models [0] recycles 0 hard 0 soft 0 temp 0.28 loss 2.45 i_con 3.07 plddt 0.62 ptm 0.89 i_ptm 0.66 energy -32.95
138 models [1] recycles 0 hard 0 soft 0 temp 0.26 loss 1.98 i_con 2.60 plddt 0.69 ptm 0.91 i_ptm 0.76 energy -32.73
139 models [0] recycles 0 hard 0 soft 0 temp 0.24 loss 2.29 i_con 2.93 plddt 0.65 ptm 0.89 i_ptm 0.72 energy -33.70
140 models [1] recycles 0 hard 0 soft 0 temp 0.22 loss 1.85 i_con 2.50 plddt 0.72 ptm 0.91 i_ptm 0.79 energy -33.79
141 models [0] recycles 0 hard 0 soft 0 temp 0.20 loss 2.68 i_con 3.31 plddt 0.54 ptm 0.88 i_ptm 0.58 energy -34.20
142 models [1] recycles 0 hard 0 soft 0 temp 0.18 loss 1.70 i_con 2.36 plddt 0.74 ptm 0.91 i_ptm 0.81 energy -34.04
143 models [1] recycles 0 hard 0 soft 0 temp 0.16 loss 1.64 i_con 2.31 plddt 0.75 ptm 0.91 i_ptm 0.81 energy -34.85
144 models [1] recycles 0 hard 0 soft 0 temp 0.14 loss 1.67 i_con 2.35 plddt 0.74 ptm 0.91 i_ptm 0.80 energy -35.18
145 models [0] recycles 0 hard 0 soft 0 temp 0.12 loss 1.87 i_con 2.56 plddt 0.71 ptm 0.90 i_ptm 0.75 energy -36.06
146 models [1] recycles 0 hard 0 soft 0 temp 0.10 loss 1.51 i_con 2.21 plddt 0.75 ptm 0.92 i_ptm 0.81 energy -36.65
147 models [0] recycles 0 hard 0 soft 0 temp 0.08 loss 1.71 i_con 2.43 plddt 0.72 ptm 0.90 i_ptm 0.78 energy -37.57
148 models [0] recycles 0 hard 0 soft 0 temp 0.06 loss 1.88 i_con 2.60 plddt 0.70 ptm 0.89 i_ptm 0.76 energy -37.81
149 models [0] recycles 0 hard 0 soft 0 temp 0.04 loss 1.98 i_con 2.71 plddt 0.68 ptm 0.89 i_ptm 0.74 energy -38.03
150 models [0] recycles 0 hard 0 soft 0 temp 0.02 loss 1.80 i_con 2.55 plddt 0.72 ptm 0.90 i_ptm 0.78 energy -38.63
151 models [0] recycles 0 hard 1 soft 0 temp 0.00 loss 2.95 i_con 4.03 plddt 0.34 ptm 0.88 i_ptm 0.30 energy -5.69
152 models [1] recycles 0 hard 1 soft 0 temp 0.00 loss 2.85 i_con 3.93 plddt 0.37 ptm 0.89 i_ptm 0.32 energy -5.69
153 models [0] recycles 0 hard 1 soft 0 temp 0.00 loss 2.95 i_con 4.03 plddt 0.34 ptm 0.88 i_ptm 0.30 energy -5.69
154 models [0] recycles 0 hard 1 soft 0 temp 0.00 loss 2.95 i_con 4.03 plddt 0.34 ptm 0.88 i_ptm 0.30 energy -5.69
155 models [1] recycles 0 hard 1 soft 0 temp 0.00 loss 2.85 i_con 3.93 plddt 0.37 ptm 0.89 i_ptm 0.32 energy -5.69
156 models [0] recycles 0 hard 1 soft 0 temp 0.00 loss 2.95 i_con 4.03 plddt 0.34 ptm 0.88 i_ptm 0.30 energy -5.69
157 models [0] recycles 0 hard 1 soft 0 temp 0.00 loss 2.95 i_con 4.03 plddt 0.34 ptm 0.88 i_ptm 0.30 energy -5.69
158 models [0] recycles 0 hard 1 soft 0 temp 0.00 loss 2.95 i_con 4.03 plddt 0.34 ptm 0.88 i_ptm 0.30 energy -5.69
159 models [1] recycles 0 hard 1 soft 0 temp 0.00 loss 2.85 i_con 3.93 plddt 0.37 ptm 0.89 i_ptm 0.32 energy -5.69
160 models [0] recycles 0 hard 1 soft 0 temp 0.00 loss 2.95 i_con 4.03 plddt 0.34 ptm 0.88 i_ptm 0.30 energy -5.69
161 models [1] recycles 0 hard 1 soft 0 temp 0.00 loss 2.85 i_con 3.93 plddt 0.37 ptm 0.89 i_ptm 0.32 energy -5.69
162 models [1] recycles 0 hard 1 soft 0 temp 0.00 loss 2.85 i_con 3.93 plddt 0.37 ptm 0.89 i_ptm 0.32 energy -5.69
163 models [1] recycles 0 hard 1 soft 0 temp 0.00 loss 2.85 i_con 3.93 plddt 0.37 ptm 0.89 i_ptm 0.32 energy -5.69
164 models [1] recycles 0 hard 1 soft 0 temp 0.00 loss 2.85 i_con 3.93 plddt 0.37 ptm 0.89 i_ptm 0.32 energy -5.69
165 models [1] recycles 0 hard 1 soft 0 temp 0.00 loss 2.85 i_con 3.93 plddt 0.37 ptm 0.89 i_ptm 0.32 energy -5.69
166 models [0] recycles 0 hard 1 soft 0 temp 0.00 loss 2.95 i_con 4.03 plddt 0.34 ptm 0.88 i_ptm 0.30 energy -5.69
167 models [1] recycles 0 hard 1 soft 0 temp 0.00 loss 2.85 i_con 3.93 plddt 0.37 ptm 0.89 i_ptm 0.32 energy -5.69
168 models [0] recycles 0 hard 1 soft 0 temp 0.00 loss 2.95 i_con 4.03 plddt 0.34 ptm 0.88 i_ptm 0.30 energy -5.69
169 models [0] recycles 0 hard 1 soft 0 temp 0.00 loss 2.95 i_con 4.03 plddt 0.34 ptm 0.88 i_ptm 0.30 energy -5.69
170 models [0] recycles 0 hard 1 soft 0 temp 0.00 loss 2.95 i_con 4.03 plddt 0.34 ptm 0.88 i_ptm 0.30 energy -5.69
171 models [1] recycles 0 hard 1 soft 0 temp 0.00 loss 2.85 i_con 3.93 plddt 0.37 ptm 0.89 i_ptm 0.32 energy -5.69
172 models [1] recycles 0 hard 1 soft 0 temp 0.00 loss 2.85 i_con 3.93 plddt 0.37 ptm 0.89 i_ptm 0.32 energy -5.69
173 models [0] recycles 0 hard 1 soft 0 temp 0.00 loss 2.95 i_con 4.03 plddt 0.34 ptm 0.88 i_ptm 0.30 energy -5.69
174 models [0] recycles 0 hard 1 soft 0 temp 0.00 loss 2.95 i_con 4.03 plddt 0.34 ptm 0.88 i_ptm 0.30 energy -5.69
175 models [1] recycles 0 hard 1 soft 0 temp 0.00 loss 2.85 i_con 3.93 plddt 0.37 ptm 0.89 i_ptm 0.32 energy -5.69
176 models [1] recycles 0 hard 1 soft 0 temp 0.00 loss 2.85 i_con 3.93 plddt 0.37 ptm 0.89 i_ptm 0.32 energy -5.69
177 models [0] recycles 0 hard 1 soft 0 temp 0.00 loss 2.95 i_con 4.03 plddt 0.34 ptm 0.88 i_ptm 0.30 energy -5.69
178 models [0] recycles 0 hard 1 soft 0 temp 0.00 loss 2.95 i_con 4.03 plddt 0.34 ptm 0.88 i_ptm 0.30 energy -5.69
179 models [1] recycles 0 hard 1 soft 0 temp 0.00 loss 2.85 i_con 3.93 plddt 0.37 ptm 0.89 i_ptm 0.32 energy -5.69
180 models [1] recycles 0 hard 1 soft 0 temp 0.00 loss 2.85 i_con 3.93 plddt 0.37 ptm 0.89 i_ptm 0.32 energy -5.69
  seq=AAGGPPEALLYCLFC  loss=2.8519  loss_af=3.9907  energy=-5.6942  i_ptm=0.3236
[9/20] seed=8 ...
1 models [1] recycles 0 hard 0 soft 1 temp 1 loss 7.70 i_con 7.50 plddt 0.52 ptm 0.88 i_ptm 0.09 energy 7.40
2 models [0] recycles 0 hard 0 soft 1 temp 1 loss 7.72 i_con 7.53 plddt 0.54 ptm 0.87 i_ptm 0.14 energy 7.20
3 models [0] recycles 0 hard 0 soft 1 temp 1 loss 7.87 i_con 7.68 plddt 0.53 ptm 0.86 i_ptm 0.13 energy 7.08
4 models [1] recycles 0 hard 0 soft 1 temp 1 loss 7.61 i_con 7.43 plddt 0.56 ptm 0.88 i_ptm 0.08 energy 6.98
5 models [1] recycles 0 hard 0 soft 1 temp 1 loss 7.11 i_con 6.93 plddt 0.50 ptm 0.88 i_ptm 0.09 energy 6.77
6 models [1] recycles 0 hard 0 soft 1 temp 1 loss 7.23 i_con 7.05 plddt 0.56 ptm 0.88 i_ptm 0.09 energy 6.72
7 models [0] recycles 0 hard 0 soft 1 temp 1 loss 7.20 i_con 7.03 plddt 0.55 ptm 0.86 i_ptm 0.12 energy 6.56
8 models [0] recycles 0 hard 0 soft 1 temp 1 loss 6.13 i_con 5.95 plddt 0.47 ptm 0.86 i_ptm 0.14 energy 6.47
9 models [1] recycles 0 hard 0 soft 1 temp 1 loss 6.33 i_con 6.15 plddt 0.50 ptm 0.88 i_ptm 0.08 energy 6.36
10 models [1] recycles 0 hard 0 soft 1 temp 1 loss 6.56 i_con 6.39 plddt 0.52 ptm 0.88 i_ptm 0.07 energy 6.16
11 models [0] recycles 0 hard 0 soft 1 temp 1 loss 5.54 i_con 5.36 plddt 0.39 ptm 0.86 i_ptm 0.10 energy 5.84
12 models [1] recycles 0 hard 0 soft 1 temp 1 loss 5.93 i_con 5.77 plddt 0.46 ptm 0.88 i_ptm 0.08 energy 5.67
13 models [1] recycles 0 hard 0 soft 1 temp 1 loss 5.34 i_con 5.18 plddt 0.38 ptm 0.88 i_ptm 0.09 energy 5.30
14 models [1] recycles 0 hard 0 soft 1 temp 1 loss 5.54 i_con 5.37 plddt 0.42 ptm 0.88 i_ptm 0.09 energy 5.53
15 models [1] recycles 0 hard 0 soft 1 temp 1 loss 5.86 i_con 5.69 plddt 0.44 ptm 0.88 i_ptm 0.08 energy 5.63
16 models [0] recycles 0 hard 0 soft 1 temp 1 loss 4.93 i_con 4.76 plddt 0.40 ptm 0.87 i_ptm 0.19 energy 5.69
17 models [0] recycles 0 hard 0 soft 1 temp 1 loss 4.96 i_con 4.79 plddt 0.38 ptm 0.87 i_ptm 0.14 energy 5.56
18 models [0] recycles 0 hard 0 soft 1 temp 1 loss 4.52 i_con 4.35 plddt 0.39 ptm 0.87 i_ptm 0.24 energy 5.59
19 models [1] recycles 0 hard 0 soft 1 temp 1 loss 4.97 i_con 4.80 plddt 0.35 ptm 0.88 i_ptm 0.16 energy 5.13
20 models [0] recycles 0 hard 0 soft 1 temp 1 loss 4.86 i_con 4.69 plddt 0.36 ptm 0.87 i_ptm 0.16 energy 5.45
21 models [1] recycles 0 hard 0 soft 1 temp 1 loss 5.61 i_con 5.44 plddt 0.43 ptm 0.88 i_ptm 0.09 energy 5.50
22 models [0] recycles 0 hard 0 soft 1 temp 1 loss 4.88 i_con 4.71 plddt 0.39 ptm 0.87 i_ptm 0.19 energy 5.43
23 models [1] recycles 0 hard 0 soft 1 temp 1 loss 5.58 i_con 5.41 plddt 0.38 ptm 0.88 i_ptm 0.10 energy 5.42
24 models [0] recycles 0 hard 0 soft 1 temp 1 loss 4.77 i_con 4.60 plddt 0.40 ptm 0.87 i_ptm 0.18 energy 5.47
25 models [0] recycles 0 hard 0 soft 1 temp 1 loss 4.81 i_con 4.64 plddt 0.39 ptm 0.87 i_ptm 0.17 energy 5.50
26 models [1] recycles 0 hard 0 soft 1 temp 1 loss 5.33 i_con 5.16 plddt 0.39 ptm 0.88 i_ptm 0.11 energy 5.33
27 models [0] recycles 0 hard 0 soft 1 temp 1 loss 4.68 i_con 4.51 plddt 0.39 ptm 0.87 i_ptm 0.20 energy 5.53
28 models [1] recycles 0 hard 0 soft 1 temp 1 loss 5.48 i_con 5.31 plddt 0.35 ptm 0.88 i_ptm 0.10 energy 5.30
29 models [1] recycles 0 hard 0 soft 1 temp 1 loss 4.75 i_con 4.58 plddt 0.36 ptm 0.88 i_ptm 0.20 energy 5.55
30 models [1] recycles 0 hard 0 soft 1 temp 1 loss 5.17 i_con 4.99 plddt 0.35 ptm 0.88 i_ptm 0.16 energy 5.47
31 models [0] recycles 0 hard 0 soft 1 temp 1 loss 4.67 i_con 4.50 plddt 0.40 ptm 0.87 i_ptm 0.23 energy 5.56
32 models [0] recycles 0 hard 0 soft 1 temp 1 loss 4.54 i_con 4.38 plddt 0.41 ptm 0.87 i_ptm 0.26 energy 5.37
33 models [0] recycles 0 hard 0 soft 1 temp 1 loss 4.52 i_con 4.35 plddt 0.40 ptm 0.87 i_ptm 0.23 energy 5.33
34 models [1] recycles 0 hard 0 soft 1 temp 1 loss 5.45 i_con 5.29 plddt 0.39 ptm 0.88 i_ptm 0.11 energy 4.90
35 models [0] recycles 0 hard 0 soft 1 temp 1 loss 4.81 i_con 4.64 plddt 0.34 ptm 0.87 i_ptm 0.17 energy 5.10
36 models [0] recycles 0 hard 0 soft 1 temp 1 loss 4.46 i_con 4.30 plddt 0.40 ptm 0.87 i_ptm 0.24 energy 5.17
37 models [1] recycles 0 hard 0 soft 1 temp 1 loss 4.98 i_con 4.82 plddt 0.37 ptm 0.88 i_ptm 0.12 energy 4.82
38 models [1] recycles 0 hard 0 soft 1 temp 1 loss 4.85 i_con 4.69 plddt 0.37 ptm 0.88 i_ptm 0.18 energy 4.80
39 models [0] recycles 0 hard 0 soft 1 temp 1 loss 4.63 i_con 4.48 plddt 0.42 ptm 0.87 i_ptm 0.21 energy 4.73
40 models [1] recycles 0 hard 0 soft 1 temp 1 loss 5.15 i_con 4.98 plddt 0.37 ptm 0.88 i_ptm 0.14 energy 4.92
41 models [1] recycles 0 hard 0 soft 1 temp 1 loss 4.86 i_con 4.70 plddt 0.34 ptm 0.88 i_ptm 0.20 energy 4.58
42 models [0] recycles 0 hard 0 soft 1 temp 1 loss 4.71 i_con 4.57 plddt 0.40 ptm 0.87 i_ptm 0.22 energy 4.23
43 models [1] recycles 0 hard 0 soft 1 temp 1 loss 4.83 i_con 4.69 plddt 0.37 ptm 0.88 i_ptm 0.18 energy 4.27
44 models [0] recycles 0 hard 0 soft 1 temp 1 loss 4.53 i_con 4.39 plddt 0.43 ptm 0.87 i_ptm 0.22 energy 4.44
45 models [1] recycles 0 hard 0 soft 1 temp 1 loss 4.95 i_con 4.81 plddt 0.36 ptm 0.88 i_ptm 0.17 energy 4.00
46 models [0] recycles 0 hard 0 soft 1 temp 1 loss 4.99 i_con 4.84 plddt 0.35 ptm 0.87 i_ptm 0.20 energy 4.10
47 models [1] recycles 0 hard 0 soft 1 temp 1 loss 4.91 i_con 4.76 plddt 0.37 ptm 0.88 i_ptm 0.18 energy 4.07
48 models [0] recycles 0 hard 0 soft 1 temp 1 loss 4.61 i_con 4.48 plddt 0.42 ptm 0.87 i_ptm 0.22 energy 3.76
49 models [1] recycles 0 hard 0 soft 1 temp 1 loss 5.47 i_con 5.34 plddt 0.39 ptm 0.88 i_ptm 0.10 energy 3.66
50 models [0] recycles 0 hard 0 soft 1 temp 1 loss 4.57 i_con 4.44 plddt 0.40 ptm 0.87 i_ptm 0.23 energy 3.71
51 models [1] recycles 0 hard 0 soft 1 temp 1 loss 5.31 i_con 4.91 plddt 0.37 ptm 0.88 i_ptm 0.15 energy 3.35
52 models [1] recycles 0 hard 0 soft 1 temp 1 loss 5.32 i_con 4.99 plddt 0.38 ptm 0.88 i_ptm 0.16 energy 2.69
53 models [1] recycles 0 hard 0 soft 1 temp 1 loss 4.72 i_con 4.43 plddt 0.34 ptm 0.89 i_ptm 0.23 energy 2.23
54 models [1] recycles 0 hard 0 soft 1 temp 1 loss 4.78 i_con 4.55 plddt 0.35 ptm 0.88 i_ptm 0.19 energy 1.58
55 models [0] recycles 0 hard 0 soft 1 temp 1 loss 4.58 i_con 4.43 plddt 0.42 ptm 0.87 i_ptm 0.23 energy 0.97
56 models [0] recycles 0 hard 0 soft 1 temp 1 loss 4.97 i_con 4.81 plddt 0.37 ptm 0.87 i_ptm 0.17 energy 0.95
57 models [0] recycles 0 hard 0 soft 1 temp 1 loss 4.49 i_con 4.31 plddt 0.41 ptm 0.87 i_ptm 0.23 energy 1.16
58 models [1] recycles 0 hard 0 soft 1 temp 1 loss 4.67 i_con 4.54 plddt 0.31 ptm 0.88 i_ptm 0.21 energy 0.65
59 models [0] recycles 0 hard 0 soft 1 temp 1 loss 4.32 i_con 4.24 plddt 0.40 ptm 0.87 i_ptm 0.26 energy 0.25
60 models [1] recycles 0 hard 0 soft 1 temp 1 loss 4.81 i_con 4.75 plddt 0.39 ptm 0.88 i_ptm 0.17 energy -0.04
61 models [0] recycles 0 hard 0 soft 1 temp 1 loss 4.25 i_con 4.20 plddt 0.43 ptm 0.87 i_ptm 0.24 energy -0.12
62 models [1] recycles 0 hard 0 soft 1 temp 1 loss 4.91 i_con 4.89 plddt 0.39 ptm 0.88 i_ptm 0.17 energy -0.36
63 models [1] recycles 0 hard 0 soft 1 temp 1 loss 4.47 i_con 4.43 plddt 0.39 ptm 0.88 i_ptm 0.21 energy -0.25
64 models [1] recycles 0 hard 0 soft 1 temp 1 loss 4.28 i_con 4.28 plddt 0.36 ptm 0.89 i_ptm 0.24 energy -0.63
65 models [1] recycles 0 hard 0 soft 1 temp 1 loss 4.58 i_con 4.61 plddt 0.35 ptm 0.88 i_ptm 0.23 energy -0.91
66 models [0] recycles 0 hard 0 soft 1 temp 1 loss 4.73 i_con 4.77 plddt 0.44 ptm 0.87 i_ptm 0.16 energy -1.03
67 models [1] recycles 0 hard 0 soft 1 temp 1 loss 4.28 i_con 4.31 plddt 0.36 ptm 0.89 i_ptm 0.26 energy -0.94
68 models [1] recycles 0 hard 0 soft 1 temp 1 loss 4.37 i_con 4.42 plddt 0.36 ptm 0.89 i_ptm 0.22 energy -1.07
69 models [0] recycles 0 hard 0 soft 1 temp 1 loss 4.53 i_con 4.62 plddt 0.47 ptm 0.87 i_ptm 0.23 energy -1.37
70 models [0] recycles 0 hard 0 soft 1 temp 1 loss 4.32 i_con 4.44 plddt 0.41 ptm 0.87 i_ptm 0.24 energy -1.77
71 models [0] recycles 0 hard 0 soft 1 temp 1 loss 4.02 i_con 4.15 plddt 0.43 ptm 0.87 i_ptm 0.30 energy -1.93
72 models [0] recycles 0 hard 0 soft 1 temp 1 loss 4.18 i_con 4.32 plddt 0.40 ptm 0.87 i_ptm 0.26 energy -2.01
73 models [0] recycles 0 hard 0 soft 1 temp 1 loss 3.85 i_con 4.01 plddt 0.40 ptm 0.87 i_ptm 0.28 energy -2.14
74 models [1] recycles 0 hard 0 soft 1 temp 1 loss 4.15 i_con 4.32 plddt 0.36 ptm 0.89 i_ptm 0.23 energy -2.35
75 models [1] recycles 0 hard 0 soft 1 temp 1 loss 3.93 i_con 4.11 plddt 0.39 ptm 0.89 i_ptm 0.27 energy -2.43
76 models [0] recycles 0 hard 0 soft 1 temp 1 loss 3.65 i_con 3.85 plddt 0.40 ptm 0.87 i_ptm 0.30 energy -2.63
77 models [0] recycles 0 hard 0 soft 1 temp 1 loss 4.07 i_con 4.29 plddt 0.41 ptm 0.87 i_ptm 0.24 energy -2.71
78 models [1] recycles 0 hard 0 soft 1 temp 1 loss 3.99 i_con 4.21 plddt 0.37 ptm 0.88 i_ptm 0.25 energy -2.83
79 models [0] recycles 0 hard 0 soft 1 temp 1 loss 3.76 i_con 3.99 plddt 0.43 ptm 0.87 i_ptm 0.29 energy -2.88
80 models [0] recycles 0 hard 0 soft 1 temp 1 loss 3.84 i_con 4.08 plddt 0.44 ptm 0.87 i_ptm 0.30 energy -3.01
81 models [0] recycles 0 hard 0 soft 1 temp 1 loss 3.81 i_con 4.06 plddt 0.41 ptm 0.87 i_ptm 0.26 energy -3.06
82 models [0] recycles 0 hard 0 soft 1 temp 1 loss 3.76 i_con 4.02 plddt 0.38 ptm 0.87 i_ptm 0.30 energy -3.18
83 models [0] recycles 0 hard 0 soft 1 temp 1 loss 3.75 i_con 4.02 plddt 0.40 ptm 0.87 i_ptm 0.29 energy -3.26
84 models [1] recycles 0 hard 0 soft 1 temp 1 loss 4.10 i_con 4.37 plddt 0.36 ptm 0.88 i_ptm 0.23 energy -3.34
85 models [0] recycles 0 hard 0 soft 1 temp 1 loss 3.75 i_con 4.02 plddt 0.43 ptm 0.87 i_ptm 0.29 energy -3.32
86 models [0] recycles 0 hard 0 soft 1 temp 1 loss 3.63 i_con 3.92 plddt 0.45 ptm 0.87 i_ptm 0.29 energy -3.48
87 models [0] recycles 0 hard 0 soft 1 temp 1 loss 3.74 i_con 4.03 plddt 0.40 ptm 0.87 i_ptm 0.29 energy -3.52
88 models [0] recycles 0 hard 0 soft 1 temp 1 loss 3.58 i_con 3.91 plddt 0.45 ptm 0.87 i_ptm 0.33 energy -3.84
89 models [1] recycles 0 hard 0 soft 1 temp 1 loss 3.99 i_con 4.34 plddt 0.37 ptm 0.88 i_ptm 0.21 energy -4.13
90 models [1] recycles 0 hard 0 soft 1 temp 1 loss 3.79 i_con 4.15 plddt 0.40 ptm 0.89 i_ptm 0.27 energy -4.17
91 models [0] recycles 0 hard 0 soft 1 temp 1 loss 3.44 i_con 3.82 plddt 0.43 ptm 0.88 i_ptm 0.34 energy -4.34
92 models [1] recycles 0 hard 0 soft 1 temp 1 loss 3.64 i_con 4.03 plddt 0.38 ptm 0.89 i_ptm 0.30 energy -4.50
93 models [0] recycles 0 hard 0 soft 1 temp 1 loss 3.50 i_con 3.90 plddt 0.41 ptm 0.87 i_ptm 0.31 energy -4.66
94 models [1] recycles 0 hard 0 soft 1 temp 1 loss 3.67 i_con 4.09 plddt 0.37 ptm 0.89 i_ptm 0.25 energy -4.83
95 models [1] recycles 0 hard 0 soft 1 temp 1 loss 3.83 i_con 4.24 plddt 0.38 ptm 0.89 i_ptm 0.25 energy -4.74
96 models [0] recycles 0 hard 0 soft 1 temp 1 loss 3.55 i_con 3.96 plddt 0.43 ptm 0.87 i_ptm 0.31 energy -4.67
97 models [1] recycles 0 hard 0 soft 1 temp 1 loss 3.90 i_con 4.29 plddt 0.36 ptm 0.88 i_ptm 0.25 energy -4.61
98 models [0] recycles 0 hard 0 soft 1 temp 1 loss 3.53 i_con 3.95 plddt 0.43 ptm 0.87 i_ptm 0.30 energy -4.69
99 models [1] recycles 0 hard 0 soft 1 temp 1 loss 3.67 i_con 4.07 plddt 0.39 ptm 0.89 i_ptm 0.26 energy -4.63
100 models [1] recycles 0 hard 0 soft 1 temp 1 loss 3.69 i_con 4.10 plddt 0.39 ptm 0.89 i_ptm 0.25 energy -4.63
101 models [0] recycles 0 hard 0 soft 0 temp 1 loss 7.49 i_con 7.89 plddt 0.50 ptm 0.87 i_ptm 0.13 energy -22.40
102 models [0] recycles 0 hard 0 soft 0 temp 0.98 loss 6.88 i_con 7.27 plddt 0.47 ptm 0.86 i_ptm 0.14 energy -22.19
103 models [0] recycles 0 hard 0 soft 0 temp 0.96 loss 4.76 i_con 5.14 plddt 0.42 ptm 0.87 i_ptm 0.17 energy -21.75
104 models [1] recycles 0 hard 0 soft 0 temp 0.94 loss 4.63 i_con 4.99 plddt 0.35 ptm 0.88 i_ptm 0.14 energy -21.27
105 models [1] recycles 0 hard 0 soft 0 temp 0.92 loss 3.91 i_con 4.26 plddt 0.37 ptm 0.88 i_ptm 0.25 energy -20.68
106 models [0] recycles 0 hard 0 soft 0 temp 0.90 loss 3.46 i_con 3.82 plddt 0.46 ptm 0.88 i_ptm 0.37 energy -20.55
107 models [0] recycles 0 hard 0 soft 0 temp 0.88 loss 3.40 i_con 3.77 plddt 0.47 ptm 0.88 i_ptm 0.39 energy -21.17
108 models [0] recycles 0 hard 0 soft 0 temp 0.86 loss 3.29 i_con 3.68 plddt 0.43 ptm 0.88 i_ptm 0.41 energy -21.95
109 models [1] recycles 0 hard 0 soft 0 temp 0.84 loss 3.52 i_con 3.91 plddt 0.42 ptm 0.89 i_ptm 0.33 energy -22.70
110 models [1] recycles 0 hard 0 soft 0 temp 0.82 loss 3.11 i_con 3.52 plddt 0.51 ptm 0.90 i_ptm 0.51 energy -22.92
111 models [0] recycles 0 hard 0 soft 0 temp 0.80 loss 3.28 i_con 3.68 plddt 0.45 ptm 0.88 i_ptm 0.42 energy -22.75
112 models [0] recycles 0 hard 0 soft 0 temp 0.78 loss 3.21 i_con 3.63 plddt 0.45 ptm 0.88 i_ptm 0.44 energy -23.68
113 models [0] recycles 0 hard 0 soft 0 temp 0.76 loss 3.31 i_con 3.74 plddt 0.47 ptm 0.88 i_ptm 0.44 energy -24.57
114 models [0] recycles 0 hard 0 soft 0 temp 0.74 loss 3.20 i_con 3.66 plddt 0.43 ptm 0.88 i_ptm 0.41 energy -25.93
115 models [1] recycles 0 hard 0 soft 0 temp 0.72 loss 3.14 i_con 3.64 plddt 0.43 ptm 0.90 i_ptm 0.43 energy -27.50
116 models [1] recycles 0 hard 0 soft 0 temp 0.70 loss 3.13 i_con 3.63 plddt 0.46 ptm 0.89 i_ptm 0.42 energy -28.00
117 models [0] recycles 0 hard 0 soft 0 temp 0.68 loss 3.14 i_con 3.64 plddt 0.45 ptm 0.88 i_ptm 0.44 energy -28.17
118 models [0] recycles 0 hard 0 soft 0 temp 0.66 loss 3.11 i_con 3.65 plddt 0.44 ptm 0.88 i_ptm 0.42 energy -29.46
119 models [1] recycles 0 hard 0 soft 0 temp 0.64 loss 3.10 i_con 3.66 plddt 0.45 ptm 0.89 i_ptm 0.42 energy -30.70
120 models [0] recycles 0 hard 0 soft 0 temp 0.62 loss 3.12 i_con 3.70 plddt 0.43 ptm 0.88 i_ptm 0.40 energy -31.91
121 models [1] recycles 0 hard 0 soft 0 temp 0.60 loss 3.02 i_con 3.62 plddt 0.43 ptm 0.89 i_ptm 0.44 energy -32.70
122 models [0] recycles 0 hard 0 soft 0 temp 0.58 loss 3.01 i_con 3.62 plddt 0.47 ptm 0.88 i_ptm 0.42 energy -33.36
123 models [1] recycles 0 hard 0 soft 0 temp 0.56 loss 2.60 i_con 3.25 plddt 0.56 ptm 0.90 i_ptm 0.62 energy -34.81
124 models [0] recycles 0 hard 0 soft 0 temp 0.54 loss 2.98 i_con 3.62 plddt 0.45 ptm 0.88 i_ptm 0.43 energy -34.64
125 models [0] recycles 0 hard 0 soft 0 temp 0.52 loss 3.04 i_con 3.69 plddt 0.42 ptm 0.88 i_ptm 0.39 energy -35.53
126 models [0] recycles 0 hard 0 soft 0 temp 0.50 loss 2.87 i_con 3.55 plddt 0.46 ptm 0.88 i_ptm 0.45 energy -36.49
127 models [0] recycles 0 hard 0 soft 0 temp 0.48 loss 2.84 i_con 3.55 plddt 0.48 ptm 0.88 i_ptm 0.47 energy -37.91
128 models [0] recycles 0 hard 0 soft 0 temp 0.46 loss 2.87 i_con 3.59 plddt 0.46 ptm 0.88 i_ptm 0.45 energy -38.77
129 models [1] recycles 0 hard 0 soft 0 temp 0.44 loss 2.08 i_con 2.84 plddt 0.64 ptm 0.91 i_ptm 0.70 energy -40.03
130 models [0] recycles 0 hard 0 soft 0 temp 0.42 loss 2.35 i_con 3.10 plddt 0.59 ptm 0.89 i_ptm 0.64 energy -39.83
131 models [1] recycles 0 hard 0 soft 0 temp 0.40 loss 2.11 i_con 2.89 plddt 0.63 ptm 0.91 i_ptm 0.71 energy -40.58
132 models [1] recycles 0 hard 0 soft 0 temp 0.38 loss 1.63 i_con 2.41 plddt 0.73 ptm 0.91 i_ptm 0.78 energy -40.16
133 models [1] recycles 0 hard 0 soft 0 temp 0.36 loss 1.95 i_con 2.72 plddt 0.68 ptm 0.91 i_ptm 0.75 energy -40.50
134 models [0] recycles 0 hard 0 soft 0 temp 0.34 loss 2.76 i_con 3.54 plddt 0.49 ptm 0.88 i_ptm 0.50 energy -41.30
135 models [1] recycles 0 hard 0 soft 0 temp 0.32 loss 1.75 i_con 2.57 plddt 0.70 ptm 0.91 i_ptm 0.77 energy -42.05
136 models [1] recycles 0 hard 0 soft 0 temp 0.30 loss 1.75 i_con 2.56 plddt 0.68 ptm 0.91 i_ptm 0.75 energy -42.16
137 models [1] recycles 0 hard 0 soft 0 temp 0.28 loss 1.76 i_con 2.59 plddt 0.70 ptm 0.91 i_ptm 0.77 energy -42.93
138 models [0] recycles 0 hard 0 soft 0 temp 0.26 loss 2.54 i_con 3.35 plddt 0.55 ptm 0.89 i_ptm 0.59 energy -43.09
139 models [1] recycles 0 hard 0 soft 0 temp 0.24 loss 1.93 i_con 2.76 plddt 0.66 ptm 0.91 i_ptm 0.73 energy -43.24
140 models [0] recycles 0 hard 0 soft 0 temp 0.22 loss 2.66 i_con 3.48 plddt 0.47 ptm 0.88 i_ptm 0.51 energy -43.46
141 models [0] recycles 0 hard 0 soft 0 temp 0.20 loss 2.17 i_con 3.01 plddt 0.62 ptm 0.89 i_ptm 0.69 energy -43.94
142 models [0] recycles 0 hard 0 soft 0 temp 0.18 loss 2.34 i_con 3.18 plddt 0.59 ptm 0.89 i_ptm 0.64 energy -44.06
143 models [0] recycles 0 hard 0 soft 0 temp 0.16 loss 1.99 i_con 2.83 plddt 0.63 ptm 0.89 i_ptm 0.71 energy -43.96
144 models [0] recycles 0 hard 0 soft 0 temp 0.14 loss 2.17 i_con 3.01 plddt 0.62 ptm 0.89 i_ptm 0.70 energy -44.12
145 models [0] recycles 0 hard 0 soft 0 temp 0.12 loss 2.08 i_con 2.93 plddt 0.62 ptm 0.89 i_ptm 0.71 energy -44.01
146 models [1] recycles 0 hard 0 soft 0 temp 0.10 loss 1.75 i_con 2.61 plddt 0.70 ptm 0.91 i_ptm 0.77 energy -44.56
147 models [0] recycles 0 hard 0 soft 0 temp 0.08 loss 2.09 i_con 2.96 plddt 0.63 ptm 0.89 i_ptm 0.72 energy -45.10
148 models [1] recycles 0 hard 0 soft 0 temp 0.06 loss 1.42 i_con 2.31 plddt 0.75 ptm 0.92 i_ptm 0.80 energy -45.64
149 models [1] recycles 0 hard 0 soft 0 temp 0.04 loss 1.72 i_con 2.62 plddt 0.70 ptm 0.91 i_ptm 0.77 energy -46.51
150 models [1] recycles 0 hard 0 soft 0 temp 0.02 loss 1.65 i_con 2.55 plddt 0.71 ptm 0.91 i_ptm 0.78 energy -46.32
151 models [1] recycles 0 hard 1 soft 0 temp 0.00 loss 2.93 i_con 3.85 plddt 0.39 ptm 0.90 i_ptm 0.37 energy -4.94
152 models [1] recycles 0 hard 1 soft 0 temp 0.00 loss 2.93 i_con 3.85 plddt 0.39 ptm 0.90 i_ptm 0.37 energy -4.94
153 models [0] recycles 0 hard 1 soft 0 temp 0.00 loss 2.96 i_con 3.88 plddt 0.35 ptm 0.88 i_ptm 0.31 energy -4.94
154 models [1] recycles 0 hard 1 soft 0 temp 0.00 loss 2.93 i_con 3.85 plddt 0.39 ptm 0.90 i_ptm 0.37 energy -4.94
155 models [1] recycles 0 hard 1 soft 0 temp 0.00 loss 2.93 i_con 3.85 plddt 0.39 ptm 0.90 i_ptm 0.37 energy -4.94
156 models [0] recycles 0 hard 1 soft 0 temp 0.00 loss 2.96 i_con 3.88 plddt 0.35 ptm 0.88 i_ptm 0.31 energy -4.94
157 models [0] recycles 0 hard 1 soft 0 temp 0.00 loss 2.96 i_con 3.88 plddt 0.35 ptm 0.88 i_ptm 0.31 energy -4.94
158 models [0] recycles 0 hard 1 soft 0 temp 0.00 loss 2.96 i_con 3.88 plddt 0.35 ptm 0.88 i_ptm 0.31 energy -4.94
159 models [0] recycles 0 hard 1 soft 0 temp 0.00 loss 2.96 i_con 3.88 plddt 0.35 ptm 0.88 i_ptm 0.31 energy -4.94
160 models [1] recycles 0 hard 1 soft 0 temp 0.00 loss 2.93 i_con 3.85 plddt 0.39 ptm 0.90 i_ptm 0.37 energy -4.94
161 models [1] recycles 0 hard 1 soft 0 temp 0.00 loss 2.93 i_con 3.85 plddt 0.39 ptm 0.90 i_ptm 0.37 energy -4.94
162 models [0] recycles 0 hard 1 soft 0 temp 0.00 loss 2.96 i_con 3.88 plddt 0.35 ptm 0.88 i_ptm 0.31 energy -4.94
163 models [0] recycles 0 hard 1 soft 0 temp 0.00 loss 2.96 i_con 3.88 plddt 0.35 ptm 0.88 i_ptm 0.31 energy -4.94
164 models [0] recycles 0 hard 1 soft 0 temp 0.00 loss 2.96 i_con 3.88 plddt 0.35 ptm 0.88 i_ptm 0.31 energy -4.94
165 models [1] recycles 0 hard 1 soft 0 temp 0.00 loss 2.93 i_con 3.85 plddt 0.39 ptm 0.90 i_ptm 0.37 energy -4.94
166 models [1] recycles 0 hard 1 soft 0 temp 0.00 loss 2.93 i_con 3.85 plddt 0.39 ptm 0.90 i_ptm 0.37 energy -4.94
167 models [0] recycles 0 hard 1 soft 0 temp 0.00 loss 2.96 i_con 3.88 plddt 0.35 ptm 0.88 i_ptm 0.31 energy -4.94
168 models [0] recycles 0 hard 1 soft 0 temp 0.00 loss 2.96 i_con 3.88 plddt 0.35 ptm 0.88 i_ptm 0.31 energy -4.94
169 models [0] recycles 0 hard 1 soft 0 temp 0.00 loss 2.96 i_con 3.88 plddt 0.35 ptm 0.88 i_ptm 0.31 energy -4.94
170 models [1] recycles 0 hard 1 soft 0 temp 0.00 loss 2.93 i_con 3.85 plddt 0.39 ptm 0.90 i_ptm 0.37 energy -4.94
171 models [1] recycles 0 hard 1 soft 0 temp 0.00 loss 2.93 i_con 3.85 plddt 0.39 ptm 0.90 i_ptm 0.37 energy -4.94
172 models [1] recycles 0 hard 1 soft 0 temp 0.00 loss 2.93 i_con 3.85 plddt 0.39 ptm 0.90 i_ptm 0.37 energy -4.94
173 models [0] recycles 0 hard 1 soft 0 temp 0.00 loss 2.96 i_con 3.88 plddt 0.35 ptm 0.88 i_ptm 0.31 energy -4.94
174 models [1] recycles 0 hard 1 soft 0 temp 0.00 loss 2.93 i_con 3.85 plddt 0.39 ptm 0.90 i_ptm 0.37 energy -4.94
175 models [1] recycles 0 hard 1 soft 0 temp 0.00 loss 2.93 i_con 3.85 plddt 0.39 ptm 0.90 i_ptm 0.37 energy -4.94
176 models [1] recycles 0 hard 1 soft 0 temp 0.00 loss 2.93 i_con 3.85 plddt 0.39 ptm 0.90 i_ptm 0.37 energy -4.94
177 models [1] recycles 0 hard 1 soft 0 temp 0.00 loss 2.93 i_con 3.85 plddt 0.39 ptm 0.90 i_ptm 0.37 energy -4.94
178 models [0] recycles 0 hard 1 soft 0 temp 0.00 loss 2.96 i_con 3.88 plddt 0.35 ptm 0.88 i_ptm 0.31 energy -4.94
179 models [1] recycles 0 hard 1 soft 0 temp 0.00 loss 2.93 i_con 3.85 plddt 0.39 ptm 0.90 i_ptm 0.37 energy -4.94
180 models [0] recycles 0 hard 1 soft 0 temp 0.00 loss 2.96 i_con 3.88 plddt 0.35 ptm 0.88 i_ptm 0.31 energy -4.94
  seq=AWGGPGEALLLIMFC  loss=2.9583  loss_af=3.9455  energy=-4.9360  i_ptm=0.3130
[10/20] seed=9 ...
1 models [1] recycles 0 hard 0 soft 1 temp 1 loss 7.53 i_con 7.33 plddt 0.53 ptm 0.88 i_ptm 0.09 energy 7.37
2 models [0] recycles 0 hard 0 soft 1 temp 1 loss 7.63 i_con 7.44 plddt 0.58 ptm 0.86 i_ptm 0.12 energy 7.24
3 models [1] recycles 0 hard 0 soft 1 temp 1 loss 7.83 i_con 7.63 plddt 0.47 ptm 0.88 i_ptm 0.08 energy 7.14
4 models [0] recycles 0 hard 0 soft 1 temp 1 loss 7.04 i_con 6.86 plddt 0.57 ptm 0.87 i_ptm 0.13 energy 6.93
5 models [0] recycles 0 hard 0 soft 1 temp 1 loss 7.39 i_con 7.20 plddt 0.53 ptm 0.86 i_ptm 0.13 energy 6.85
6 models [0] recycles 0 hard 0 soft 1 temp 1 loss 6.63 i_con 6.45 plddt 0.54 ptm 0.86 i_ptm 0.12 energy 6.79
7 models [0] recycles 0 hard 0 soft 1 temp 1 loss 6.98 i_con 6.80 plddt 0.56 ptm 0.86 i_ptm 0.13 energy 6.77
8 models [0] recycles 0 hard 0 soft 1 temp 1 loss 6.15 i_con 5.96 plddt 0.46 ptm 0.86 i_ptm 0.12 energy 6.79
9 models [0] recycles 0 hard 0 soft 1 temp 1 loss 5.85 i_con 5.66 plddt 0.48 ptm 0.86 i_ptm 0.13 energy 6.93
10 models [1] recycles 0 hard 0 soft 1 temp 1 loss 6.41 i_con 6.22 plddt 0.47 ptm 0.88 i_ptm 0.08 energy 7.07
11 models [1] recycles 0 hard 0 soft 1 temp 1 loss 6.19 i_con 5.99 plddt 0.47 ptm 0.88 i_ptm 0.08 energy 7.35
12 models [1] recycles 0 hard 0 soft 1 temp 1 loss 6.18 i_con 5.98 plddt 0.46 ptm 0.88 i_ptm 0.08 energy 7.38
13 models [1] recycles 0 hard 0 soft 1 temp 1 loss 5.75 i_con 5.55 plddt 0.46 ptm 0.88 i_ptm 0.08 energy 7.56
14 models [0] recycles 0 hard 0 soft 1 temp 1 loss 4.82 i_con 4.60 plddt 0.37 ptm 0.86 i_ptm 0.15 energy 7.61
15 models [1] recycles 0 hard 0 soft 1 temp 1 loss 5.16 i_con 4.95 plddt 0.38 ptm 0.88 i_ptm 0.10 energy 7.25
16 models [0] recycles 0 hard 0 soft 1 temp 1 loss 5.23 i_con 5.02 plddt 0.42 ptm 0.87 i_ptm 0.13 energy 7.48
17 models [1] recycles 0 hard 0 soft 1 temp 1 loss 5.76 i_con 5.56 plddt 0.46 ptm 0.88 i_ptm 0.09 energy 7.57
18 models [0] recycles 0 hard 0 soft 1 temp 1 loss 4.70 i_con 4.49 plddt 0.37 ptm 0.87 i_ptm 0.17 energy 7.33
19 models [1] recycles 0 hard 0 soft 1 temp 1 loss 5.91 i_con 5.72 plddt 0.48 ptm 0.88 i_ptm 0.08 energy 6.78
20 models [1] recycles 0 hard 0 soft 1 temp 1 loss 5.32 i_con 5.12 plddt 0.39 ptm 0.88 i_ptm 0.11 energy 7.03
21 models [0] recycles 0 hard 0 soft 1 temp 1 loss 4.79 i_con 4.60 plddt 0.37 ptm 0.87 i_ptm 0.18 energy 6.78
22 models [0] recycles 0 hard 0 soft 1 temp 1 loss 4.62 i_con 4.43 plddt 0.38 ptm 0.87 i_ptm 0.21 energy 6.42
23 models [0] recycles 0 hard 0 soft 1 temp 1 loss 4.67 i_con 4.48 plddt 0.39 ptm 0.87 i_ptm 0.21 energy 6.41
24 models [1] recycles 0 hard 0 soft 1 temp 1 loss 5.23 i_con 5.04 plddt 0.38 ptm 0.89 i_ptm 0.13 energy 6.45
25 models [1] recycles 0 hard 0 soft 1 temp 1 loss 5.51 i_con 5.32 plddt 0.40 ptm 0.88 i_ptm 0.10 energy 6.66
26 models [1] recycles 0 hard 0 soft 1 temp 1 loss 5.16 i_con 4.97 plddt 0.35 ptm 0.88 i_ptm 0.16 energy 6.32
27 models [0] recycles 0 hard 0 soft 1 temp 1 loss 4.71 i_con 4.51 plddt 0.37 ptm 0.87 i_ptm 0.18 energy 6.57
28 models [1] recycles 0 hard 0 soft 1 temp 1 loss 5.31 i_con 5.12 plddt 0.40 ptm 0.88 i_ptm 0.12 energy 6.17
29 models [1] recycles 0 hard 0 soft 1 temp 1 loss 5.24 i_con 5.05 plddt 0.37 ptm 0.88 i_ptm 0.13 energy 6.23
30 models [0] recycles 0 hard 0 soft 1 temp 1 loss 4.63 i_con 4.45 plddt 0.39 ptm 0.87 i_ptm 0.21 energy 5.96
31 models [0] recycles 0 hard 0 soft 1 temp 1 loss 4.70 i_con 4.51 plddt 0.39 ptm 0.87 i_ptm 0.19 energy 6.20
32 models [1] recycles 0 hard 0 soft 1 temp 1 loss 5.05 i_con 4.86 plddt 0.36 ptm 0.89 i_ptm 0.16 energy 6.17
33 models [1] recycles 0 hard 0 soft 1 temp 1 loss 4.72 i_con 4.53 plddt 0.34 ptm 0.88 i_ptm 0.20 energy 6.18
34 models [1] recycles 0 hard 0 soft 1 temp 1 loss 5.16 i_con 4.98 plddt 0.35 ptm 0.88 i_ptm 0.13 energy 5.87
35 models [0] recycles 0 hard 0 soft 1 temp 1 loss 4.78 i_con 4.60 plddt 0.38 ptm 0.86 i_ptm 0.15 energy 5.86
36 models [1] recycles 0 hard 0 soft 1 temp 1 loss 5.43 i_con 5.25 plddt 0.36 ptm 0.88 i_ptm 0.10 energy 5.66
37 models [1] recycles 0 hard 0 soft 1 temp 1 loss 5.20 i_con 5.02 plddt 0.39 ptm 0.88 i_ptm 0.13 energy 5.85
38 models [0] recycles 0 hard 0 soft 1 temp 1 loss 4.73 i_con 4.55 plddt 0.36 ptm 0.87 i_ptm 0.18 energy 5.67
39 models [0] recycles 0 hard 0 soft 1 temp 1 loss 4.50 i_con 4.33 plddt 0.38 ptm 0.87 i_ptm 0.22 energy 5.60
40 models [0] recycles 0 hard 0 soft 1 temp 1 loss 4.78 i_con 4.62 plddt 0.39 ptm 0.86 i_ptm 0.19 energy 5.12
41 models [1] recycles 0 hard 0 soft 1 temp 1 loss 5.45 i_con 5.28 plddt 0.41 ptm 0.88 i_ptm 0.10 energy 5.32
42 models [0] recycles 0 hard 0 soft 1 temp 1 loss 4.57 i_con 4.40 plddt 0.38 ptm 0.87 i_ptm 0.21 energy 5.11
43 models [0] recycles 0 hard 0 soft 1 temp 1 loss 4.50 i_con 4.34 plddt 0.37 ptm 0.87 i_ptm 0.21 energy 5.09
44 models [1] recycles 0 hard 0 soft 1 temp 1 loss 5.24 i_con 5.09 plddt 0.38 ptm 0.88 i_ptm 0.12 energy 4.65
45 models [0] recycles 0 hard 0 soft 1 temp 1 loss 4.51 i_con 4.36 plddt 0.37 ptm 0.87 i_ptm 0.24 energy 4.29
46 models [0] recycles 0 hard 0 soft 1 temp 1 loss 4.76 i_con 4.62 plddt 0.37 ptm 0.86 i_ptm 0.17 energy 4.00
47 models [1] recycles 0 hard 0 soft 1 temp 1 loss 5.24 i_con 5.09 plddt 0.36 ptm 0.88 i_ptm 0.10 energy 3.85
48 models [0] recycles 0 hard 0 soft 1 temp 1 loss 4.70 i_con 4.56 plddt 0.38 ptm 0.87 i_ptm 0.17 energy 3.91
49 models [1] recycles 0 hard 0 soft 1 temp 1 loss 5.33 i_con 5.20 plddt 0.42 ptm 0.88 i_ptm 0.09 energy 3.83
50 models [1] recycles 0 hard 0 soft 1 temp 1 loss 5.42 i_con 5.29 plddt 0.40 ptm 0.88 i_ptm 0.09 energy 3.69
51 models [0] recycles 0 hard 0 soft 1 temp 1 loss 4.92 i_con 4.52 plddt 0.37 ptm 0.87 i_ptm 0.19 energy 3.45
52 models [1] recycles 0 hard 0 soft 1 temp 1 loss 5.46 i_con 5.09 plddt 0.37 ptm 0.88 i_ptm 0.12 energy 3.04
53 models [0] recycles 0 hard 0 soft 1 temp 1 loss 4.53 i_con 4.26 plddt 0.40 ptm 0.87 i_ptm 0.22 energy 2.07
54 models [0] recycles 0 hard 0 soft 1 temp 1 loss 4.67 i_con 4.45 plddt 0.39 ptm 0.87 i_ptm 0.20 energy 1.55
55 models [0] recycles 0 hard 0 soft 1 temp 1 loss 4.46 i_con 4.32 plddt 0.40 ptm 0.87 i_ptm 0.22 energy 0.83
56 models [1] recycles 0 hard 0 soft 1 temp 1 loss 5.20 i_con 5.12 plddt 0.38 ptm 0.88 i_ptm 0.11 energy 0.16
57 models [1] recycles 0 hard 0 soft 1 temp 1 loss 4.54 i_con 4.48 plddt 0.37 ptm 0.88 i_ptm 0.23 energy -0.11
58 models [0] recycles 0 hard 0 soft 1 temp 1 loss 4.28 i_con 4.23 plddt 0.39 ptm 0.87 i_ptm 0.23 energy -0.09
59 models [0] recycles 0 hard 0 soft 1 temp 1 loss 4.02 i_con 3.99 plddt 0.40 ptm 0.87 i_ptm 0.29 energy -0.31
60 models [1] recycles 0 hard 0 soft 1 temp 1 loss 4.35 i_con 4.34 plddt 0.34 ptm 0.89 i_ptm 0.22 energy -0.57
61 models [1] recycles 0 hard 0 soft 1 temp 1 loss 4.34 i_con 4.34 plddt 0.35 ptm 0.88 i_ptm 0.20 energy -0.61
62 models [1] recycles 0 hard 0 soft 1 temp 1 loss 4.10 i_con 4.12 plddt 0.41 ptm 0.88 i_ptm 0.26 energy -0.81
63 models [1] recycles 0 hard 0 soft 1 temp 1 loss 4.32 i_con 4.35 plddt 0.35 ptm 0.88 i_ptm 0.22 energy -0.97
64 models [1] recycles 0 hard 0 soft 1 temp 1 loss 4.00 i_con 4.03 plddt 0.39 ptm 0.89 i_ptm 0.27 energy -0.96
65 models [1] recycles 0 hard 0 soft 1 temp 1 loss 4.25 i_con 4.33 plddt 0.35 ptm 0.88 i_ptm 0.21 energy -1.39
66 models [0] recycles 0 hard 0 soft 1 temp 1 loss 3.83 i_con 3.90 plddt 0.38 ptm 0.87 i_ptm 0.30 energy -1.29
67 models [1] recycles 0 hard 0 soft 1 temp 1 loss 3.93 i_con 4.03 plddt 0.37 ptm 0.89 i_ptm 0.27 energy -1.64
68 models [1] recycles 0 hard 0 soft 1 temp 1 loss 3.94 i_con 4.05 plddt 0.40 ptm 0.89 i_ptm 0.28 energy -1.71
69 models [0] recycles 0 hard 0 soft 1 temp 1 loss 3.92 i_con 4.04 plddt 0.40 ptm 0.87 i_ptm 0.30 energy -1.79
70 models [0] recycles 0 hard 0 soft 1 temp 1 loss 3.86 i_con 4.00 plddt 0.38 ptm 0.87 i_ptm 0.27 energy -2.03
71 models [1] recycles 0 hard 0 soft 1 temp 1 loss 4.37 i_con 4.51 plddt 0.34 ptm 0.88 i_ptm 0.19 energy -2.15
72 models [1] recycles 0 hard 0 soft 1 temp 1 loss 4.07 i_con 4.21 plddt 0.34 ptm 0.88 i_ptm 0.23 energy -2.05
73 models [0] recycles 0 hard 0 soft 1 temp 1 loss 3.87 i_con 4.01 plddt 0.40 ptm 0.87 i_ptm 0.29 energy -1.95
74 models [0] recycles 0 hard 0 soft 1 temp 1 loss 3.73 i_con 3.90 plddt 0.43 ptm 0.87 i_ptm 0.31 energy -2.26
75 models [0] recycles 0 hard 0 soft 1 temp 1 loss 3.79 i_con 3.97 plddt 0.39 ptm 0.88 i_ptm 0.30 energy -2.41
76 models [0] recycles 0 hard 0 soft 1 temp 1 loss 3.80 i_con 3.99 plddt 0.40 ptm 0.87 i_ptm 0.29 energy -2.50
77 models [0] recycles 0 hard 0 soft 1 temp 1 loss 4.03 i_con 4.23 plddt 0.38 ptm 0.87 i_ptm 0.24 energy -2.62
78 models [1] recycles 0 hard 0 soft 1 temp 1 loss 4.19 i_con 4.40 plddt 0.36 ptm 0.88 i_ptm 0.21 energy -2.72
79 models [1] recycles 0 hard 0 soft 1 temp 1 loss 3.96 i_con 4.16 plddt 0.40 ptm 0.89 i_ptm 0.26 energy -2.65
80 models [0] recycles 0 hard 0 soft 1 temp 1 loss 3.79 i_con 4.00 plddt 0.41 ptm 0.87 i_ptm 0.30 energy -2.68
81 models [0] recycles 0 hard 0 soft 1 temp 1 loss 3.63 i_con 3.86 plddt 0.44 ptm 0.88 i_ptm 0.34 energy -2.79
82 models [1] recycles 0 hard 0 soft 1 temp 1 loss 3.99 i_con 4.22 plddt 0.37 ptm 0.89 i_ptm 0.26 energy -2.94
83 models [1] recycles 0 hard 0 soft 1 temp 1 loss 3.57 i_con 3.81 plddt 0.44 ptm 0.89 i_ptm 0.39 energy -2.96
84 models [0] recycles 0 hard 0 soft 1 temp 1 loss 3.86 i_con 4.10 plddt 0.41 ptm 0.87 i_ptm 0.32 energy -2.99
85 models [0] recycles 0 hard 0 soft 1 temp 1 loss 3.59 i_con 3.82 plddt 0.42 ptm 0.87 i_ptm 0.35 energy -2.96
86 models [0] recycles 0 hard 0 soft 1 temp 1 loss 3.74 i_con 4.00 plddt 0.42 ptm 0.87 i_ptm 0.33 energy -3.14
87 models [1] recycles 0 hard 0 soft 1 temp 1 loss 3.70 i_con 3.94 plddt 0.41 ptm 0.89 i_ptm 0.34 energy -3.02
88 models [1] recycles 0 hard 0 soft 1 temp 1 loss 3.77 i_con 4.03 plddt 0.40 ptm 0.89 i_ptm 0.30 energy -3.13
89 models [0] recycles 0 hard 0 soft 1 temp 1 loss 3.60 i_con 3.86 plddt 0.43 ptm 0.88 i_ptm 0.36 energy -3.18
90 models [1] recycles 0 hard 0 soft 1 temp 1 loss 3.62 i_con 3.88 plddt 0.43 ptm 0.89 i_ptm 0.35 energy -3.20
91 models [1] recycles 0 hard 0 soft 1 temp 1 loss 3.55 i_con 3.81 plddt 0.44 ptm 0.89 i_ptm 0.39 energy -3.18
92 models [0] recycles 0 hard 0 soft 1 temp 1 loss 4.05 i_con 4.29 plddt 0.41 ptm 0.87 i_ptm 0.24 energy -3.05
93 models [0] recycles 0 hard 0 soft 1 temp 1 loss 3.66 i_con 3.92 plddt 0.43 ptm 0.87 i_ptm 0.32 energy -3.15
94 models [0] recycles 0 hard 0 soft 1 temp 1 loss 3.84 i_con 4.10 plddt 0.40 ptm 0.87 i_ptm 0.27 energy -3.29
95 models [0] recycles 0 hard 0 soft 1 temp 1 loss 3.81 i_con 4.08 plddt 0.41 ptm 0.87 i_ptm 0.27 energy -3.29
96 models [1] recycles 0 hard 0 soft 1 temp 1 loss 3.63 i_con 3.90 plddt 0.43 ptm 0.89 i_ptm 0.36 energy -3.27
97 models [0] recycles 0 hard 0 soft 1 temp 1 loss 3.65 i_con 3.92 plddt 0.43 ptm 0.87 i_ptm 0.32 energy -3.23
98 models [1] recycles 0 hard 0 soft 1 temp 1 loss 3.82 i_con 4.08 plddt 0.40 ptm 0.89 i_ptm 0.29 energy -3.27
99 models [0] recycles 0 hard 0 soft 1 temp 1 loss 3.62 i_con 3.89 plddt 0.42 ptm 0.87 i_ptm 0.34 energy -3.26
100 models [0] recycles 0 hard 0 soft 1 temp 1 loss 3.63 i_con 3.90 plddt 0.45 ptm 0.88 i_ptm 0.37 energy -3.31
101 models [0] recycles 0 hard 0 soft 0 temp 1 loss 6.56 i_con 6.80 plddt 0.68 ptm 0.87 i_ptm 0.10 energy -13.29
102 models [1] recycles 0 hard 0 soft 0 temp 0.98 loss 7.58 i_con 7.81 plddt 0.68 ptm 0.88 i_ptm 0.09 energy -13.27
103 models [1] recycles 0 hard 0 soft 0 temp 0.96 loss 7.69 i_con 7.94 plddt 0.75 ptm 0.88 i_ptm 0.12 energy -13.33
104 models [1] recycles 0 hard 0 soft 0 temp 0.94 loss 6.60 i_con 6.84 plddt 0.72 ptm 0.88 i_ptm 0.09 energy -13.35
105 models [0] recycles 0 hard 0 soft 0 temp 0.92 loss 4.09 i_con 4.30 plddt 0.48 ptm 0.87 i_ptm 0.32 energy -13.30
106 models [1] recycles 0 hard 0 soft 0 temp 0.90 loss 5.23 i_con 5.45 plddt 0.56 ptm 0.88 i_ptm 0.10 energy -13.25
107 models [1] recycles 0 hard 0 soft 0 temp 0.88 loss 4.08 i_con 4.28 plddt 0.41 ptm 0.89 i_ptm 0.24 energy -13.22
108 models [0] recycles 0 hard 0 soft 0 temp 0.86 loss 3.54 i_con 3.74 plddt 0.44 ptm 0.88 i_ptm 0.42 energy -13.09
109 models [0] recycles 0 hard 0 soft 0 temp 0.84 loss 3.51 i_con 3.72 plddt 0.48 ptm 0.88 i_ptm 0.47 energy -13.14
110 models [1] recycles 0 hard 0 soft 0 temp 0.82 loss 3.56 i_con 3.77 plddt 0.44 ptm 0.89 i_ptm 0.42 energy -13.02
111 models [1] recycles 0 hard 0 soft 0 temp 0.80 loss 3.44 i_con 3.65 plddt 0.44 ptm 0.90 i_ptm 0.45 energy -13.12
112 models [1] recycles 0 hard 0 soft 0 temp 0.78 loss 3.59 i_con 3.79 plddt 0.39 ptm 0.89 i_ptm 0.40 energy -13.26
113 models [1] recycles 0 hard 0 soft 0 temp 0.76 loss 3.13 i_con 3.35 plddt 0.53 ptm 0.90 i_ptm 0.56 energy -13.37
114 models [0] recycles 0 hard 0 soft 0 temp 0.74 loss 3.26 i_con 3.48 plddt 0.51 ptm 0.88 i_ptm 0.54 energy -13.24
115 models [1] recycles 0 hard 0 soft 0 temp 0.72 loss 3.03 i_con 3.25 plddt 0.56 ptm 0.90 i_ptm 0.60 energy -13.23
116 models [0] recycles 0 hard 0 soft 0 temp 0.70 loss 3.33 i_con 3.54 plddt 0.47 ptm 0.88 i_ptm 0.52 energy -13.48
117 models [0] recycles 0 hard 0 soft 0 temp 0.68 loss 3.27 i_con 3.49 plddt 0.50 ptm 0.88 i_ptm 0.53 energy -13.51
118 models [1] recycles 0 hard 0 soft 0 temp 0.66 loss 3.33 i_con 3.55 plddt 0.47 ptm 0.90 i_ptm 0.52 energy -13.64
119 models [1] recycles 0 hard 0 soft 0 temp 0.64 loss 3.23 i_con 3.45 plddt 0.52 ptm 0.90 i_ptm 0.57 energy -13.54
120 models [1] recycles 0 hard 0 soft 0 temp 0.62 loss 3.21 i_con 3.43 plddt 0.50 ptm 0.90 i_ptm 0.54 energy -13.54
121 models [1] recycles 0 hard 0 soft 0 temp 0.60 loss 3.10 i_con 3.33 plddt 0.53 ptm 0.90 i_ptm 0.58 energy -13.81
122 models [0] recycles 0 hard 0 soft 0 temp 0.58 loss 3.10 i_con 3.33 plddt 0.52 ptm 0.89 i_ptm 0.59 energy -13.99
123 models [0] recycles 0 hard 0 soft 0 temp 0.56 loss 3.04 i_con 3.27 plddt 0.56 ptm 0.88 i_ptm 0.59 energy -14.11
124 models [1] recycles 0 hard 0 soft 0 temp 0.54 loss 3.04 i_con 3.28 plddt 0.53 ptm 0.90 i_ptm 0.58 energy -14.22
125 models [1] recycles 0 hard 0 soft 0 temp 0.52 loss 3.33 i_con 3.56 plddt 0.47 ptm 0.90 i_ptm 0.50 energy -14.15
126 models [1] recycles 0 hard 0 soft 0 temp 0.50 loss 3.02 i_con 3.26 plddt 0.57 ptm 0.90 i_ptm 0.65 energy -14.08
127 models [1] recycles 0 hard 0 soft 0 temp 0.48 loss 3.11 i_con 3.35 plddt 0.52 ptm 0.90 i_ptm 0.59 energy -14.27
128 models [1] recycles 0 hard 0 soft 0 temp 0.46 loss 3.02 i_con 3.26 plddt 0.55 ptm 0.90 i_ptm 0.61 energy -14.37
129 models [1] recycles 0 hard 0 soft 0 temp 0.44 loss 3.05 i_con 3.29 plddt 0.53 ptm 0.90 i_ptm 0.59 energy -14.40
130 models [1] recycles 0 hard 0 soft 0 temp 0.42 loss 2.99 i_con 3.24 plddt 0.56 ptm 0.90 i_ptm 0.65 energy -14.35
131 models [0] recycles 0 hard 0 soft 0 temp 0.40 loss 3.22 i_con 3.46 plddt 0.51 ptm 0.89 i_ptm 0.58 energy -14.35
132 models [0] recycles 0 hard 0 soft 0 temp 0.38 loss 3.19 i_con 3.44 plddt 0.54 ptm 0.89 i_ptm 0.56 energy -14.54
133 models [1] recycles 0 hard 0 soft 0 temp 0.36 loss 2.88 i_con 3.13 plddt 0.56 ptm 0.90 i_ptm 0.64 energy -14.56
134 models [1] recycles 0 hard 0 soft 0 temp 0.34 loss 2.82 i_con 3.07 plddt 0.62 ptm 0.91 i_ptm 0.69 energy -14.74
135 models [1] recycles 0 hard 0 soft 0 temp 0.32 loss 2.81 i_con 3.07 plddt 0.59 ptm 0.91 i_ptm 0.69 energy -14.73
136 models [0] recycles 0 hard 0 soft 0 temp 0.30 loss 3.02 i_con 3.27 plddt 0.53 ptm 0.89 i_ptm 0.60 energy -14.82
137 models [0] recycles 0 hard 0 soft 0 temp 0.28 loss 3.05 i_con 3.30 plddt 0.54 ptm 0.89 i_ptm 0.60 energy -14.89
138 models [0] recycles 0 hard 0 soft 0 temp 0.26 loss 2.89 i_con 3.15 plddt 0.59 ptm 0.89 i_ptm 0.67 energy -15.06
139 models [0] recycles 0 hard 0 soft 0 temp 0.24 loss 2.97 i_con 3.24 plddt 0.57 ptm 0.89 i_ptm 0.63 energy -15.32
140 models [1] recycles 0 hard 0 soft 0 temp 0.22 loss 2.97 i_con 3.23 plddt 0.58 ptm 0.91 i_ptm 0.68 energy -15.42
141 models [0] recycles 0 hard 0 soft 0 temp 0.20 loss 2.77 i_con 3.03 plddt 0.60 ptm 0.89 i_ptm 0.69 energy -15.35
142 models [0] recycles 0 hard 0 soft 0 temp 0.18 loss 2.83 i_con 3.10 plddt 0.58 ptm 0.89 i_ptm 0.64 energy -15.34
143 models [1] recycles 0 hard 0 soft 0 temp 0.16 loss 2.75 i_con 3.02 plddt 0.62 ptm 0.91 i_ptm 0.72 energy -15.38
144 models [0] recycles 0 hard 0 soft 0 temp 0.14 loss 2.66 i_con 2.94 plddt 0.63 ptm 0.89 i_ptm 0.71 energy -15.56
145 models [0] recycles 0 hard 0 soft 0 temp 0.12 loss 3.09 i_con 3.36 plddt 0.52 ptm 0.89 i_ptm 0.56 energy -15.79
146 models [1] recycles 0 hard 0 soft 0 temp 0.10 loss 2.60 i_con 2.88 plddt 0.66 ptm 0.91 i_ptm 0.75 energy -15.80
147 models [0] recycles 0 hard 0 soft 0 temp 0.08 loss 2.69 i_con 2.97 plddt 0.64 ptm 0.89 i_ptm 0.72 energy -15.72
148 models [1] recycles 0 hard 0 soft 0 temp 0.06 loss 2.35 i_con 2.64 plddt 0.70 ptm 0.91 i_ptm 0.81 energy -15.72
149 models [0] recycles 0 hard 0 soft 0 temp 0.04 loss 2.87 i_con 3.15 plddt 0.62 ptm 0.89 i_ptm 0.71 energy -15.75
150 models [1] recycles 0 hard 0 soft 0 temp 0.02 loss 2.07 i_con 2.37 plddt 0.78 ptm 0.92 i_ptm 0.87 energy -15.96
151 models [1] recycles 0 hard 1 soft 0 temp 0.00 loss 3.50 i_con 4.06 plddt 0.38 ptm 0.89 i_ptm 0.33 energy -3.09
152 models [0] recycles 0 hard 1 soft 0 temp 0.00 loss 3.38 i_con 3.94 plddt 0.42 ptm 0.88 i_ptm 0.37 energy -3.09
153 models [1] recycles 0 hard 1 soft 0 temp 0.00 loss 3.50 i_con 4.06 plddt 0.38 ptm 0.89 i_ptm 0.33 energy -3.09
154 models [0] recycles 0 hard 1 soft 0 temp 0.00 loss 3.38 i_con 3.94 plddt 0.42 ptm 0.88 i_ptm 0.37 energy -3.09
155 models [1] recycles 0 hard 1 soft 0 temp 0.00 loss 3.50 i_con 4.06 plddt 0.38 ptm 0.89 i_ptm 0.33 energy -3.09
156 models [0] recycles 0 hard 1 soft 0 temp 0.00 loss 3.38 i_con 3.94 plddt 0.42 ptm 0.88 i_ptm 0.37 energy -3.09
157 models [1] recycles 0 hard 1 soft 0 temp 0.00 loss 3.50 i_con 4.06 plddt 0.38 ptm 0.89 i_ptm 0.33 energy -3.09
158 models [1] recycles 0 hard 1 soft 0 temp 0.00 loss 3.50 i_con 4.06 plddt 0.38 ptm 0.89 i_ptm 0.33 energy -3.09
159 models [1] recycles 0 hard 1 soft 0 temp 0.00 loss 3.50 i_con 4.06 plddt 0.38 ptm 0.89 i_ptm 0.33 energy -3.09
160 models [0] recycles 0 hard 1 soft 0 temp 0.00 loss 3.38 i_con 3.94 plddt 0.42 ptm 0.88 i_ptm 0.37 energy -3.09
161 models [1] recycles 0 hard 1 soft 0 temp 0.00 loss 3.50 i_con 4.06 plddt 0.38 ptm 0.89 i_ptm 0.33 energy -3.09
162 models [0] recycles 0 hard 1 soft 0 temp 0.00 loss 3.38 i_con 3.94 plddt 0.42 ptm 0.88 i_ptm 0.37 energy -3.09
163 models [0] recycles 0 hard 1 soft 0 temp 0.00 loss 3.38 i_con 3.94 plddt 0.42 ptm 0.88 i_ptm 0.37 energy -3.09
164 models [0] recycles 0 hard 1 soft 0 temp 0.00 loss 3.38 i_con 3.94 plddt 0.42 ptm 0.88 i_ptm 0.37 energy -3.09
165 models [0] recycles 0 hard 1 soft 0 temp 0.00 loss 3.38 i_con 3.94 plddt 0.42 ptm 0.88 i_ptm 0.37 energy -3.09
166 models [1] recycles 0 hard 1 soft 0 temp 0.00 loss 3.50 i_con 4.06 plddt 0.38 ptm 0.89 i_ptm 0.33 energy -3.09
167 models [1] recycles 0 hard 1 soft 0 temp 0.00 loss 3.50 i_con 4.06 plddt 0.38 ptm 0.89 i_ptm 0.33 energy -3.09
168 models [1] recycles 0 hard 1 soft 0 temp 0.00 loss 3.50 i_con 4.06 plddt 0.38 ptm 0.89 i_ptm 0.33 energy -3.09
169 models [0] recycles 0 hard 1 soft 0 temp 0.00 loss 3.38 i_con 3.94 plddt 0.42 ptm 0.88 i_ptm 0.37 energy -3.09
170 models [1] recycles 0 hard 1 soft 0 temp 0.00 loss 3.50 i_con 4.06 plddt 0.38 ptm 0.89 i_ptm 0.33 energy -3.09
171 models [1] recycles 0 hard 1 soft 0 temp 0.00 loss 3.50 i_con 4.06 plddt 0.38 ptm 0.89 i_ptm 0.33 energy -3.09
172 models [0] recycles 0 hard 1 soft 0 temp 0.00 loss 3.38 i_con 3.94 plddt 0.42 ptm 0.88 i_ptm 0.37 energy -3.09
173 models [0] recycles 0 hard 1 soft 0 temp 0.00 loss 3.38 i_con 3.94 plddt 0.42 ptm 0.88 i_ptm 0.37 energy -3.09
174 models [1] recycles 0 hard 1 soft 0 temp 0.00 loss 3.50 i_con 4.06 plddt 0.38 ptm 0.89 i_ptm 0.33 energy -3.09
175 models [1] recycles 0 hard 1 soft 0 temp 0.00 loss 3.50 i_con 4.06 plddt 0.38 ptm 0.89 i_ptm 0.33 energy -3.09
176 models [0] recycles 0 hard 1 soft 0 temp 0.00 loss 3.38 i_con 3.94 plddt 0.42 ptm 0.88 i_ptm 0.37 energy -3.09
177 models [0] recycles 0 hard 1 soft 0 temp 0.00 loss 3.38 i_con 3.94 plddt 0.42 ptm 0.88 i_ptm 0.37 energy -3.09
178 models [0] recycles 0 hard 1 soft 0 temp 0.00 loss 3.38 i_con 3.94 plddt 0.42 ptm 0.88 i_ptm 0.37 energy -3.09
179 models [1] recycles 0 hard 1 soft 0 temp 0.00 loss 3.50 i_con 4.06 plddt 0.38 ptm 0.89 i_ptm 0.33 energy -3.09
180 models [1] recycles 0 hard 1 soft 0 temp 0.00 loss 3.50 i_con 4.06 plddt 0.38 ptm 0.89 i_ptm 0.33 energy -3.09
  seq=AARVGALEVLLCMLL  loss=3.5028  loss_af=4.1211  energy=-3.0916  i_ptm=0.3317
[11/20] seed=10 ...
1 models [1] recycles 0 hard 0 soft 1 temp 1 loss 7.78 i_con 7.58 plddt 0.57 ptm 0.88 i_ptm 0.10 energy 7.39
2 models [0] recycles 0 hard 0 soft 1 temp 1 loss 7.65 i_con 7.47 plddt 0.58 ptm 0.87 i_ptm 0.11 energy 7.23
3 models [0] recycles 0 hard 0 soft 1 temp 1 loss 7.46 i_con 7.27 plddt 0.59 ptm 0.86 i_ptm 0.13 energy 7.13
4 models [0] recycles 0 hard 0 soft 1 temp 1 loss 7.28 i_con 7.09 plddt 0.52 ptm 0.87 i_ptm 0.12 energy 7.01
5 models [0] recycles 0 hard 0 soft 1 temp 1 loss 6.92 i_con 6.74 plddt 0.54 ptm 0.86 i_ptm 0.11 energy 6.92
6 models [0] recycles 0 hard 0 soft 1 temp 1 loss 6.93 i_con 6.74 plddt 0.53 ptm 0.86 i_ptm 0.12 energy 6.84
7 models [1] recycles 0 hard 0 soft 1 temp 1 loss 6.94 i_con 6.75 plddt 0.49 ptm 0.88 i_ptm 0.08 energy 6.85
8 models [1] recycles 0 hard 0 soft 1 temp 1 loss 6.36 i_con 6.17 plddt 0.49 ptm 0.88 i_ptm 0.08 energy 6.83
9 models [0] recycles 0 hard 0 soft 1 temp 1 loss 5.95 i_con 5.76 plddt 0.47 ptm 0.87 i_ptm 0.12 energy 6.84
10 models [0] recycles 0 hard 0 soft 1 temp 1 loss 4.90 i_con 4.70 plddt 0.32 ptm 0.87 i_ptm 0.12 energy 6.96
11 models [0] recycles 0 hard 0 soft 1 temp 1 loss 5.18 i_con 4.98 plddt 0.42 ptm 0.87 i_ptm 0.10 energy 7.04
12 models [0] recycles 0 hard 0 soft 1 temp 1 loss 5.76 i_con 5.56 plddt 0.46 ptm 0.87 i_ptm 0.11 energy 7.35
13 models [1] recycles 0 hard 0 soft 1 temp 1 loss 5.93 i_con 5.73 plddt 0.46 ptm 0.88 i_ptm 0.08 energy 7.02
14 models [0] recycles 0 hard 0 soft 1 temp 1 loss 5.83 i_con 5.63 plddt 0.39 ptm 0.86 i_ptm 0.12 energy 6.80
15 models [1] recycles 0 hard 0 soft 1 temp 1 loss 5.49 i_con 5.30 plddt 0.38 ptm 0.88 i_ptm 0.09 energy 6.64
16 models [1] recycles 0 hard 0 soft 1 temp 1 loss 5.55 i_con 5.35 plddt 0.38 ptm 0.88 i_ptm 0.10 energy 7.15
17 models [1] recycles 0 hard 0 soft 1 temp 1 loss 5.20 i_con 4.98 plddt 0.36 ptm 0.88 i_ptm 0.13 energy 7.52
18 models [1] recycles 0 hard 0 soft 1 temp 1 loss 5.32 i_con 5.12 plddt 0.39 ptm 0.88 i_ptm 0.11 energy 7.23
19 models [0] recycles 0 hard 0 soft 1 temp 1 loss 4.98 i_con 4.77 plddt 0.34 ptm 0.87 i_ptm 0.16 energy 7.48
20 models [1] recycles 0 hard 0 soft 1 temp 1 loss 4.99 i_con 4.78 plddt 0.35 ptm 0.88 i_ptm 0.18 energy 7.10
21 models [1] recycles 0 hard 0 soft 1 temp 1 loss 4.85 i_con 4.65 plddt 0.35 ptm 0.88 i_ptm 0.21 energy 7.24
22 models [1] recycles 0 hard 0 soft 1 temp 1 loss 5.29 i_con 5.08 plddt 0.39 ptm 0.88 i_ptm 0.14 energy 7.45
23 models [1] recycles 0 hard 0 soft 1 temp 1 loss 5.41 i_con 5.21 plddt 0.38 ptm 0.88 i_ptm 0.12 energy 7.05
24 models [0] recycles 0 hard 0 soft 1 temp 1 loss 4.96 i_con 4.75 plddt 0.37 ptm 0.87 i_ptm 0.16 energy 7.12
25 models [0] recycles 0 hard 0 soft 1 temp 1 loss 4.54 i_con 4.34 plddt 0.37 ptm 0.87 i_ptm 0.21 energy 6.79
26 models [1] recycles 0 hard 0 soft 1 temp 1 loss 5.01 i_con 4.82 plddt 0.34 ptm 0.88 i_ptm 0.18 energy 6.29
27 models [1] recycles 0 hard 0 soft 1 temp 1 loss 5.33 i_con 5.14 plddt 0.36 ptm 0.88 i_ptm 0.12 energy 6.41
28 models [1] recycles 0 hard 0 soft 1 temp 1 loss 5.39 i_con 5.20 plddt 0.36 ptm 0.88 i_ptm 0.11 energy 6.17
29 models [0] recycles 0 hard 0 soft 1 temp 1 loss 4.84 i_con 4.66 plddt 0.37 ptm 0.87 i_ptm 0.20 energy 6.16
30 models [0] recycles 0 hard 0 soft 1 temp 1 loss 4.78 i_con 4.60 plddt 0.39 ptm 0.87 i_ptm 0.20 energy 5.99
31 models [0] recycles 0 hard 0 soft 1 temp 1 loss 4.30 i_con 4.12 plddt 0.39 ptm 0.87 i_ptm 0.24 energy 5.88
32 models [0] recycles 0 hard 0 soft 1 temp 1 loss 4.85 i_con 4.69 plddt 0.38 ptm 0.87 i_ptm 0.20 energy 5.14
33 models [1] recycles 0 hard 0 soft 1 temp 1 loss 5.05 i_con 4.88 plddt 0.35 ptm 0.89 i_ptm 0.15 energy 5.45
34 models [0] recycles 0 hard 0 soft 1 temp 1 loss 4.35 i_con 4.19 plddt 0.38 ptm 0.87 i_ptm 0.25 energy 4.99
35 models [1] recycles 0 hard 0 soft 1 temp 1 loss 5.01 i_con 4.84 plddt 0.35 ptm 0.88 i_ptm 0.16 energy 5.12
36 models [1] recycles 0 hard 0 soft 1 temp 1 loss 5.15 i_con 4.99 plddt 0.34 ptm 0.88 i_ptm 0.17 energy 4.60
37 models [0] recycles 0 hard 0 soft 1 temp 1 loss 4.66 i_con 4.51 plddt 0.37 ptm 0.87 i_ptm 0.22 energy 4.68
38 models [1] recycles 0 hard 0 soft 1 temp 1 loss 5.00 i_con 4.85 plddt 0.36 ptm 0.88 i_ptm 0.14 energy 4.41
39 models [0] recycles 0 hard 0 soft 1 temp 1 loss 4.61 i_con 4.47 plddt 0.37 ptm 0.87 i_ptm 0.21 energy 4.04
40 models [0] recycles 0 hard 0 soft 1 temp 1 loss 4.52 i_con 4.39 plddt 0.37 ptm 0.87 i_ptm 0.25 energy 3.65
41 models [1] recycles 0 hard 0 soft 1 temp 1 loss 4.75 i_con 4.61 plddt 0.36 ptm 0.88 i_ptm 0.21 energy 3.98
42 models [1] recycles 0 hard 0 soft 1 temp 1 loss 5.02 i_con 4.88 plddt 0.36 ptm 0.88 i_ptm 0.20 energy 3.79
43 models [0] recycles 0 hard 0 soft 1 temp 1 loss 4.43 i_con 4.30 plddt 0.39 ptm 0.87 i_ptm 0.21 energy 3.85
44 models [1] recycles 0 hard 0 soft 1 temp 1 loss 4.98 i_con 4.84 plddt 0.34 ptm 0.88 i_ptm 0.19 energy 3.63
45 models [0] recycles 0 hard 0 soft 1 temp 1 loss 4.37 i_con 4.24 plddt 0.40 ptm 0.87 i_ptm 0.25 energy 3.42
46 models [0] recycles 0 hard 0 soft 1 temp 1 loss 4.47 i_con 4.34 plddt 0.43 ptm 0.87 i_ptm 0.25 energy 3.33
47 models [1] recycles 0 hard 0 soft 1 temp 1 loss 5.04 i_con 4.91 plddt 0.36 ptm 0.88 i_ptm 0.16 energy 3.24
48 models [0] recycles 0 hard 0 soft 1 temp 1 loss 4.35 i_con 4.23 plddt 0.43 ptm 0.87 i_ptm 0.23 energy 3.26
49 models [0] recycles 0 hard 0 soft 1 temp 1 loss 4.56 i_con 4.44 plddt 0.40 ptm 0.87 i_ptm 0.25 energy 3.16
50 models [0] recycles 0 hard 0 soft 1 temp 1 loss 4.49 i_con 4.37 plddt 0.37 ptm 0.87 i_ptm 0.23 energy 2.76
51 models [1] recycles 0 hard 0 soft 1 temp 1 loss 5.02 i_con 4.69 plddt 0.37 ptm 0.88 i_ptm 0.20 energy 2.63
52 models [0] recycles 0 hard 0 soft 1 temp 1 loss 4.77 i_con 4.54 plddt 0.39 ptm 0.87 i_ptm 0.22 energy 1.70
53 models [1] recycles 0 hard 0 soft 1 temp 1 loss 4.93 i_con 4.74 plddt 0.35 ptm 0.88 i_ptm 0.18 energy 1.21
54 models [1] recycles 0 hard 0 soft 1 temp 1 loss 5.13 i_con 5.02 plddt 0.36 ptm 0.88 i_ptm 0.13 energy 0.41
55 models [0] recycles 0 hard 0 soft 1 temp 1 loss 4.49 i_con 4.45 plddt 0.36 ptm 0.87 i_ptm 0.21 energy -0.28
56 models [0] recycles 0 hard 0 soft 1 temp 1 loss 4.28 i_con 4.30 plddt 0.36 ptm 0.87 i_ptm 0.23 energy -0.94
57 models [0] recycles 0 hard 0 soft 1 temp 1 loss 3.97 i_con 4.09 plddt 0.41 ptm 0.87 i_ptm 0.30 energy -1.77
58 models [1] recycles 0 hard 0 soft 1 temp 1 loss 4.39 i_con 4.58 plddt 0.35 ptm 0.89 i_ptm 0.21 energy -2.49
59 models [1] recycles 0 hard 0 soft 1 temp 1 loss 4.56 i_con 4.77 plddt 0.35 ptm 0.88 i_ptm 0.16 energy -2.76
60 models [0] recycles 0 hard 0 soft 1 temp 1 loss 4.00 i_con 4.24 plddt 0.39 ptm 0.87 i_ptm 0.25 energy -3.01
61 models [0] recycles 0 hard 0 soft 1 temp 1 loss 4.04 i_con 4.28 plddt 0.42 ptm 0.87 i_ptm 0.23 energy -3.07
62 models [1] recycles 0 hard 0 soft 1 temp 1 loss 4.34 i_con 4.60 plddt 0.34 ptm 0.88 i_ptm 0.22 energy -3.26
63 models [0] recycles 0 hard 0 soft 1 temp 1 loss 3.92 i_con 4.18 plddt 0.39 ptm 0.87 i_ptm 0.24 energy -3.27
64 models [1] recycles 0 hard 0 soft 1 temp 1 loss 4.34 i_con 4.61 plddt 0.36 ptm 0.88 i_ptm 0.21 energy -3.33
65 models [1] recycles 0 hard 0 soft 1 temp 1 loss 4.16 i_con 4.43 plddt 0.36 ptm 0.89 i_ptm 0.23 energy -3.37
66 models [0] recycles 0 hard 0 soft 1 temp 1 loss 4.17 i_con 4.44 plddt 0.38 ptm 0.87 i_ptm 0.20 energy -3.39
67 models [0] recycles 0 hard 0 soft 1 temp 1 loss 3.80 i_con 4.08 plddt 0.39 ptm 0.87 i_ptm 0.26 energy -3.44
68 models [0] recycles 0 hard 0 soft 1 temp 1 loss 3.84 i_con 4.14 plddt 0.42 ptm 0.87 i_ptm 0.26 energy -3.57
69 models [0] recycles 0 hard 0 soft 1 temp 1 loss 3.68 i_con 3.99 plddt 0.39 ptm 0.87 i_ptm 0.27 energy -3.72
70 models [0] recycles 0 hard 0 soft 1 temp 1 loss 3.78 i_con 4.09 plddt 0.42 ptm 0.87 i_ptm 0.28 energy -3.68
71 models [1] recycles 0 hard 0 soft 1 temp 1 loss 3.90 i_con 4.22 plddt 0.37 ptm 0.89 i_ptm 0.24 energy -3.81
72 models [0] recycles 0 hard 0 soft 1 temp 1 loss 3.75 i_con 4.08 plddt 0.39 ptm 0.87 i_ptm 0.27 energy -3.89
73 models [0] recycles 0 hard 0 soft 1 temp 1 loss 3.73 i_con 4.06 plddt 0.41 ptm 0.87 i_ptm 0.26 energy -3.91
74 models [0] recycles 0 hard 0 soft 1 temp 1 loss 3.80 i_con 4.15 plddt 0.43 ptm 0.87 i_ptm 0.25 energy -4.06
75 models [1] recycles 0 hard 0 soft 1 temp 1 loss 4.04 i_con 4.39 plddt 0.36 ptm 0.88 i_ptm 0.22 energy -4.13
76 models [1] recycles 0 hard 0 soft 1 temp 1 loss 3.81 i_con 4.17 plddt 0.40 ptm 0.89 i_ptm 0.26 energy -4.23
77 models [1] recycles 0 hard 0 soft 1 temp 1 loss 3.62 i_con 3.97 plddt 0.43 ptm 0.89 i_ptm 0.31 energy -4.11
78 models [0] recycles 0 hard 0 soft 1 temp 1 loss 3.70 i_con 4.08 plddt 0.41 ptm 0.87 i_ptm 0.30 energy -4.34
79 models [0] recycles 0 hard 0 soft 1 temp 1 loss 3.64 i_con 4.02 plddt 0.41 ptm 0.87 i_ptm 0.28 energy -4.35
80 models [1] recycles 0 hard 0 soft 1 temp 1 loss 3.98 i_con 4.36 plddt 0.37 ptm 0.88 i_ptm 0.23 energy -4.47
81 models [1] recycles 0 hard 0 soft 1 temp 1 loss 3.80 i_con 4.19 plddt 0.38 ptm 0.89 i_ptm 0.26 energy -4.51
82 models [1] recycles 0 hard 0 soft 1 temp 1 loss 3.80 i_con 4.18 plddt 0.36 ptm 0.89 i_ptm 0.27 energy -4.44
83 models [0] recycles 0 hard 0 soft 1 temp 1 loss 3.57 i_con 3.98 plddt 0.40 ptm 0.87 i_ptm 0.29 energy -4.71
84 models [1] recycles 0 hard 0 soft 1 temp 1 loss 3.78 i_con 4.20 plddt 0.39 ptm 0.89 i_ptm 0.25 energy -4.86
85 models [0] recycles 0 hard 0 soft 1 temp 1 loss 3.83 i_con 4.25 plddt 0.39 ptm 0.87 i_ptm 0.25 energy -4.82
86 models [1] recycles 0 hard 0 soft 1 temp 1 loss 3.66 i_con 4.10 plddt 0.40 ptm 0.89 i_ptm 0.30 energy -5.00
87 models [1] recycles 0 hard 0 soft 1 temp 1 loss 3.58 i_con 4.02 plddt 0.42 ptm 0.89 i_ptm 0.29 energy -5.04
88 models [1] recycles 0 hard 0 soft 1 temp 1 loss 3.66 i_con 4.10 plddt 0.41 ptm 0.89 i_ptm 0.29 energy -5.02
89 models [1] recycles 0 hard 0 soft 1 temp 1 loss 3.59 i_con 4.02 plddt 0.41 ptm 0.89 i_ptm 0.30 energy -4.84
90 models [0] recycles 0 hard 0 soft 1 temp 1 loss 3.54 i_con 3.99 plddt 0.42 ptm 0.87 i_ptm 0.29 energy -5.10
91 models [1] recycles 0 hard 0 soft 1 temp 1 loss 3.56 i_con 4.00 plddt 0.39 ptm 0.89 i_ptm 0.31 energy -5.06
92 models [0] recycles 0 hard 0 soft 1 temp 1 loss 3.54 i_con 4.00 plddt 0.40 ptm 0.87 i_ptm 0.29 energy -5.16
93 models [1] recycles 0 hard 0 soft 1 temp 1 loss 3.50 i_con 3.97 plddt 0.44 ptm 0.89 i_ptm 0.33 energy -5.31
94 models [1] recycles 0 hard 0 soft 1 temp 1 loss 3.79 i_con 4.26 plddt 0.42 ptm 0.89 i_ptm 0.24 energy -5.30
95 models [1] recycles 0 hard 0 soft 1 temp 1 loss 3.59 i_con 4.04 plddt 0.42 ptm 0.89 i_ptm 0.31 energy -5.13
96 models [1] recycles 0 hard 0 soft 1 temp 1 loss 3.40 i_con 3.88 plddt 0.44 ptm 0.89 i_ptm 0.38 energy -5.36
97 models [0] recycles 0 hard 0 soft 1 temp 1 loss 3.47 i_con 3.93 plddt 0.42 ptm 0.87 i_ptm 0.33 energy -5.16
98 models [0] recycles 0 hard 0 soft 1 temp 1 loss 3.60 i_con 4.08 plddt 0.40 ptm 0.87 i_ptm 0.28 energy -5.38
99 models [1] recycles 0 hard 0 soft 1 temp 1 loss 3.39 i_con 3.88 plddt 0.42 ptm 0.89 i_ptm 0.35 energy -5.47
100 models [0] recycles 0 hard 0 soft 1 temp 1 loss 3.51 i_con 3.99 plddt 0.42 ptm 0.87 i_ptm 0.31 energy -5.35
101 models [0] recycles 0 hard 0 soft 0 temp 1 loss 6.97 i_con 7.45 plddt 0.54 ptm 0.87 i_ptm 0.13 energy -26.23
102 models [1] recycles 0 hard 0 soft 0 temp 0.98 loss 6.39 i_con 6.88 plddt 0.62 ptm 0.88 i_ptm 0.10 energy -26.04
103 models [0] recycles 0 hard 0 soft 0 temp 0.96 loss 3.90 i_con 4.36 plddt 0.48 ptm 0.87 i_ptm 0.31 energy -25.85
104 models [0] recycles 0 hard 0 soft 0 temp 0.94 loss 3.96 i_con 4.42 plddt 0.48 ptm 0.87 i_ptm 0.28 energy -25.75
105 models [1] recycles 0 hard 0 soft 0 temp 0.92 loss 3.70 i_con 4.16 plddt 0.46 ptm 0.89 i_ptm 0.29 energy -25.48
106 models [0] recycles 0 hard 0 soft 0 temp 0.90 loss 3.54 i_con 3.99 plddt 0.44 ptm 0.87 i_ptm 0.36 energy -25.21
107 models [0] recycles 0 hard 0 soft 0 temp 0.88 loss 3.41 i_con 3.86 plddt 0.47 ptm 0.88 i_ptm 0.38 energy -25.33
108 models [1] recycles 0 hard 0 soft 0 temp 0.86 loss 3.26 i_con 3.72 plddt 0.48 ptm 0.89 i_ptm 0.40 energy -25.58
109 models [0] recycles 0 hard 0 soft 0 temp 0.84 loss 3.27 i_con 3.71 plddt 0.42 ptm 0.88 i_ptm 0.42 energy -25.20
110 models [0] recycles 0 hard 0 soft 0 temp 0.82 loss 3.14 i_con 3.60 plddt 0.47 ptm 0.88 i_ptm 0.45 energy -25.73
111 models [1] recycles 0 hard 0 soft 0 temp 0.80 loss 3.40 i_con 3.86 plddt 0.41 ptm 0.89 i_ptm 0.38 energy -26.23
112 models [0] recycles 0 hard 0 soft 0 temp 0.78 loss 3.32 i_con 3.79 plddt 0.44 ptm 0.87 i_ptm 0.39 energy -26.39
113 models [1] recycles 0 hard 0 soft 0 temp 0.76 loss 2.98 i_con 3.48 plddt 0.46 ptm 0.90 i_ptm 0.49 energy -27.50
114 models [1] recycles 0 hard 0 soft 0 temp 0.74 loss 2.86 i_con 3.37 plddt 0.49 ptm 0.90 i_ptm 0.53 energy -28.37
115 models [0] recycles 0 hard 0 soft 0 temp 0.72 loss 3.12 i_con 3.64 plddt 0.43 ptm 0.88 i_ptm 0.40 energy -28.47
116 models [0] recycles 0 hard 0 soft 0 temp 0.70 loss 3.09 i_con 3.61 plddt 0.44 ptm 0.88 i_ptm 0.44 energy -29.14
117 models [0] recycles 0 hard 0 soft 0 temp 0.68 loss 3.04 i_con 3.58 plddt 0.44 ptm 0.88 i_ptm 0.42 energy -29.79
118 models [1] recycles 0 hard 0 soft 0 temp 0.66 loss 2.86 i_con 3.43 plddt 0.49 ptm 0.90 i_ptm 0.49 energy -30.62
119 models [1] recycles 0 hard 0 soft 0 temp 0.64 loss 2.80 i_con 3.38 plddt 0.48 ptm 0.90 i_ptm 0.48 energy -31.62
120 models [0] recycles 0 hard 0 soft 0 temp 0.62 loss 2.83 i_con 3.40 plddt 0.49 ptm 0.88 i_ptm 0.53 energy -31.23
121 models [1] recycles 0 hard 0 soft 0 temp 0.60 loss 2.96 i_con 3.53 plddt 0.45 ptm 0.90 i_ptm 0.47 energy -31.58
122 models [1] recycles 0 hard 0 soft 0 temp 0.58 loss 2.62 i_con 3.21 plddt 0.53 ptm 0.90 i_ptm 0.57 energy -31.72
123 models [1] recycles 0 hard 0 soft 0 temp 0.56 loss 2.71 i_con 3.30 plddt 0.50 ptm 0.90 i_ptm 0.55 energy -32.46
124 models [1] recycles 0 hard 0 soft 0 temp 0.54 loss 2.59 i_con 3.19 plddt 0.54 ptm 0.90 i_ptm 0.56 energy -32.31
125 models [1] recycles 0 hard 0 soft 0 temp 0.52 loss 2.85 i_con 3.46 plddt 0.48 ptm 0.90 i_ptm 0.48 energy -33.06
126 models [1] recycles 0 hard 0 soft 0 temp 0.50 loss 2.72 i_con 3.33 plddt 0.49 ptm 0.90 i_ptm 0.52 energy -33.37
127 models [0] recycles 0 hard 0 soft 0 temp 0.48 loss 2.83 i_con 3.45 plddt 0.49 ptm 0.88 i_ptm 0.53 energy -33.66
128 models [1] recycles 0 hard 0 soft 0 temp 0.46 loss 2.40 i_con 3.04 plddt 0.59 ptm 0.91 i_ptm 0.62 energy -34.26
129 models [0] recycles 0 hard 0 soft 0 temp 0.44 loss 2.73 i_con 3.38 plddt 0.53 ptm 0.88 i_ptm 0.55 energy -34.88
130 models [1] recycles 0 hard 0 soft 0 temp 0.42 loss 2.24 i_con 2.90 plddt 0.63 ptm 0.91 i_ptm 0.69 energy -34.79
131 models [1] recycles 0 hard 0 soft 0 temp 0.40 loss 2.24 i_con 2.90 plddt 0.62 ptm 0.91 i_ptm 0.68 energy -35.17
132 models [1] recycles 0 hard 0 soft 0 temp 0.38 loss 2.46 i_con 3.13 plddt 0.59 ptm 0.90 i_ptm 0.64 energy -35.43
133 models [0] recycles 0 hard 0 soft 0 temp 0.36 loss 2.72 i_con 3.39 plddt 0.52 ptm 0.89 i_ptm 0.58 energy -35.99
134 models [0] recycles 0 hard 0 soft 0 temp 0.34 loss 2.68 i_con 3.35 plddt 0.50 ptm 0.88 i_ptm 0.59 energy -35.97
135 models [1] recycles 0 hard 0 soft 0 temp 0.32 loss 2.11 i_con 2.81 plddt 0.62 ptm 0.91 i_ptm 0.69 energy -36.66
136 models [0] recycles 0 hard 0 soft 0 temp 0.30 loss 2.69 i_con 3.38 plddt 0.51 ptm 0.88 i_ptm 0.54 energy -36.63
137 models [1] recycles 0 hard 0 soft 0 temp 0.28 loss 2.15 i_con 2.85 plddt 0.63 ptm 0.91 i_ptm 0.69 energy -36.91
138 models [0] recycles 0 hard 0 soft 0 temp 0.26 loss 2.51 i_con 3.21 plddt 0.57 ptm 0.89 i_ptm 0.61 energy -37.22
139 models [0] recycles 0 hard 0 soft 0 temp 0.24 loss 2.61 i_con 3.31 plddt 0.55 ptm 0.88 i_ptm 0.60 energy -37.35
140 models [1] recycles 0 hard 0 soft 0 temp 0.22 loss 2.43 i_con 3.14 plddt 0.55 ptm 0.90 i_ptm 0.59 energy -37.87
141 models [1] recycles 0 hard 0 soft 0 temp 0.20 loss 2.20 i_con 2.93 plddt 0.63 ptm 0.91 i_ptm 0.69 energy -38.27
142 models [0] recycles 0 hard 0 soft 0 temp 0.18 loss 2.66 i_con 3.38 plddt 0.54 ptm 0.89 i_ptm 0.58 energy -38.61
143 models [1] recycles 0 hard 0 soft 0 temp 0.16 loss 2.41 i_con 3.16 plddt 0.57 ptm 0.91 i_ptm 0.61 energy -39.30
144 models [0] recycles 0 hard 0 soft 0 temp 0.14 loss 2.41 i_con 3.15 plddt 0.58 ptm 0.88 i_ptm 0.62 energy -39.10
145 models [1] recycles 0 hard 0 soft 0 temp 0.12 loss 1.67 i_con 2.42 plddt 0.70 ptm 0.91 i_ptm 0.76 energy -39.27
146 models [1] recycles 0 hard 0 soft 0 temp 0.10 loss 1.90 i_con 2.66 plddt 0.67 ptm 0.91 i_ptm 0.74 energy -39.62
147 models [1] recycles 0 hard 0 soft 0 temp 0.08 loss 2.13 i_con 2.89 plddt 0.63 ptm 0.91 i_ptm 0.70 energy -39.77
148 models [1] recycles 0 hard 0 soft 0 temp 0.06 loss 1.87 i_con 2.64 plddt 0.68 ptm 0.91 i_ptm 0.77 energy -40.06
149 models [1] recycles 0 hard 0 soft 0 temp 0.04 loss 2.19 i_con 2.96 plddt 0.62 ptm 0.90 i_ptm 0.68 energy -40.38
150 models [1] recycles 0 hard 0 soft 0 temp 0.02 loss 1.70 i_con 2.48 plddt 0.68 ptm 0.91 i_ptm 0.76 energy -40.58
151 models [0] recycles 0 hard 1 soft 0 temp 0.00 loss 3.23 i_con 4.07 plddt 0.39 ptm 0.88 i_ptm 0.31 energy -4.48
152 models [1] recycles 0 hard 1 soft 0 temp 0.00 loss 3.10 i_con 3.93 plddt 0.39 ptm 0.89 i_ptm 0.38 energy -4.48
153 models [1] recycles 0 hard 1 soft 0 temp 0.00 loss 3.10 i_con 3.93 plddt 0.39 ptm 0.89 i_ptm 0.38 energy -4.48
154 models [1] recycles 0 hard 1 soft 0 temp 0.00 loss 3.10 i_con 3.93 plddt 0.39 ptm 0.89 i_ptm 0.38 energy -4.48
155 models [1] recycles 0 hard 1 soft 0 temp 0.00 loss 3.10 i_con 3.93 plddt 0.39 ptm 0.89 i_ptm 0.38 energy -4.48
156 models [0] recycles 0 hard 1 soft 0 temp 0.00 loss 3.23 i_con 4.07 plddt 0.39 ptm 0.88 i_ptm 0.31 energy -4.48
157 models [0] recycles 0 hard 1 soft 0 temp 0.00 loss 3.23 i_con 4.07 plddt 0.39 ptm 0.88 i_ptm 0.31 energy -4.48
158 models [0] recycles 0 hard 1 soft 0 temp 0.00 loss 3.23 i_con 4.07 plddt 0.39 ptm 0.88 i_ptm 0.31 energy -4.48
159 models [0] recycles 0 hard 1 soft 0 temp 0.00 loss 3.23 i_con 4.07 plddt 0.39 ptm 0.88 i_ptm 0.31 energy -4.48
160 models [0] recycles 0 hard 1 soft 0 temp 0.00 loss 3.23 i_con 4.07 plddt 0.39 ptm 0.88 i_ptm 0.31 energy -4.48
161 models [0] recycles 0 hard 1 soft 0 temp 0.00 loss 3.23 i_con 4.07 plddt 0.39 ptm 0.88 i_ptm 0.31 energy -4.48
162 models [0] recycles 0 hard 1 soft 0 temp 0.00 loss 3.23 i_con 4.07 plddt 0.39 ptm 0.88 i_ptm 0.31 energy -4.48
163 models [0] recycles 0 hard 1 soft 0 temp 0.00 loss 3.23 i_con 4.07 plddt 0.39 ptm 0.88 i_ptm 0.31 energy -4.48
164 models [0] recycles 0 hard 1 soft 0 temp 0.00 loss 3.23 i_con 4.07 plddt 0.39 ptm 0.88 i_ptm 0.31 energy -4.48
165 models [0] recycles 0 hard 1 soft 0 temp 0.00 loss 3.23 i_con 4.07 plddt 0.39 ptm 0.88 i_ptm 0.31 energy -4.48
166 models [0] recycles 0 hard 1 soft 0 temp 0.00 loss 3.23 i_con 4.07 plddt 0.39 ptm 0.88 i_ptm 0.31 energy -4.48
167 models [1] recycles 0 hard 1 soft 0 temp 0.00 loss 3.10 i_con 3.93 plddt 0.39 ptm 0.89 i_ptm 0.38 energy -4.48
168 models [1] recycles 0 hard 1 soft 0 temp 0.00 loss 3.10 i_con 3.93 plddt 0.39 ptm 0.89 i_ptm 0.38 energy -4.48
169 models [1] recycles 0 hard 1 soft 0 temp 0.00 loss 3.10 i_con 3.93 plddt 0.39 ptm 0.89 i_ptm 0.38 energy -4.48
170 models [1] recycles 0 hard 1 soft 0 temp 0.00 loss 3.10 i_con 3.93 plddt 0.39 ptm 0.89 i_ptm 0.38 energy -4.48
171 models [1] recycles 0 hard 1 soft 0 temp 0.00 loss 3.10 i_con 3.93 plddt 0.39 ptm 0.89 i_ptm 0.38 energy -4.48
172 models [1] recycles 0 hard 1 soft 0 temp 0.00 loss 3.10 i_con 3.93 plddt 0.39 ptm 0.89 i_ptm 0.38 energy -4.48
173 models [1] recycles 0 hard 1 soft 0 temp 0.00 loss 3.10 i_con 3.93 plddt 0.39 ptm 0.89 i_ptm 0.38 energy -4.48
174 models [0] recycles 0 hard 1 soft 0 temp 0.00 loss 3.23 i_con 4.07 plddt 0.39 ptm 0.88 i_ptm 0.31 energy -4.48
175 models [1] recycles 0 hard 1 soft 0 temp 0.00 loss 3.10 i_con 3.93 plddt 0.39 ptm 0.89 i_ptm 0.38 energy -4.48
176 models [1] recycles 0 hard 1 soft 0 temp 0.00 loss 3.10 i_con 3.93 plddt 0.39 ptm 0.89 i_ptm 0.38 energy -4.48
177 models [1] recycles 0 hard 1 soft 0 temp 0.00 loss 3.10 i_con 3.93 plddt 0.39 ptm 0.89 i_ptm 0.38 energy -4.48
178 models [1] recycles 0 hard 1 soft 0 temp 0.00 loss 3.10 i_con 3.93 plddt 0.39 ptm 0.89 i_ptm 0.38 energy -4.48
179 models [0] recycles 0 hard 1 soft 0 temp 0.00 loss 3.23 i_con 4.07 plddt 0.39 ptm 0.88 i_ptm 0.31 energy -4.48
180 models [1] recycles 0 hard 1 soft 0 temp 0.00 loss 3.10 i_con 3.93 plddt 0.39 ptm 0.89 i_ptm 0.38 energy -4.48
  seq=AAGGPCALVNLLLFL  loss=3.0975  loss_af=3.9941  energy=-4.4830  i_ptm=0.3787
[12/20] seed=11 ...
1 models [0] recycles 0 hard 0 soft 1 temp 1 loss 7.67 i_con 7.48 plddt 0.58 ptm 0.87 i_ptm 0.13 energy 7.38
2 models [1] recycles 0 hard 0 soft 1 temp 1 loss 7.48 i_con 7.28 plddt 0.51 ptm 0.88 i_ptm 0.09 energy 7.27
3 models [0] recycles 0 hard 0 soft 1 temp 1 loss 7.50 i_con 7.31 plddt 0.54 ptm 0.86 i_ptm 0.13 energy 7.15
4 models [1] recycles 0 hard 0 soft 1 temp 1 loss 7.59 i_con 7.40 plddt 0.55 ptm 0.88 i_ptm 0.08 energy 7.12
5 models [0] recycles 0 hard 0 soft 1 temp 1 loss 7.04 i_con 6.85 plddt 0.54 ptm 0.86 i_ptm 0.13 energy 7.00
6 models [0] recycles 0 hard 0 soft 1 temp 1 loss 6.83 i_con 6.64 plddt 0.49 ptm 0.86 i_ptm 0.13 energy 6.98
7 models [0] recycles 0 hard 0 soft 1 temp 1 loss 6.60 i_con 6.41 plddt 0.52 ptm 0.86 i_ptm 0.12 energy 7.00
8 models [0] recycles 0 hard 0 soft 1 temp 1 loss 6.02 i_con 5.83 plddt 0.49 ptm 0.86 i_ptm 0.13 energy 7.01
9 models [0] recycles 0 hard 0 soft 1 temp 1 loss 5.80 i_con 5.60 plddt 0.44 ptm 0.86 i_ptm 0.12 energy 7.12
10 models [0] recycles 0 hard 0 soft 1 temp 1 loss 5.24 i_con 5.04 plddt 0.40 ptm 0.86 i_ptm 0.11 energy 7.28
11 models [0] recycles 0 hard 0 soft 1 temp 1 loss 5.90 i_con 5.70 plddt 0.41 ptm 0.86 i_ptm 0.10 energy 7.30
12 models [1] recycles 0 hard 0 soft 1 temp 1 loss 5.90 i_con 5.71 plddt 0.45 ptm 0.88 i_ptm 0.08 energy 6.96
13 models [1] recycles 0 hard 0 soft 1 temp 1 loss 6.35 i_con 6.16 plddt 0.46 ptm 0.88 i_ptm 0.08 energy 6.94
14 models [0] recycles 0 hard 0 soft 1 temp 1 loss 4.99 i_con 4.78 plddt 0.39 ptm 0.87 i_ptm 0.13 energy 7.17
15 models [0] recycles 0 hard 0 soft 1 temp 1 loss 4.78 i_con 4.57 plddt 0.37 ptm 0.87 i_ptm 0.21 energy 7.25
16 models [1] recycles 0 hard 0 soft 1 temp 1 loss 5.74 i_con 5.54 plddt 0.45 ptm 0.88 i_ptm 0.08 energy 6.89
17 models [0] recycles 0 hard 0 soft 1 temp 1 loss 4.95 i_con 4.74 plddt 0.35 ptm 0.87 i_ptm 0.17 energy 6.88
18 models [1] recycles 0 hard 0 soft 1 temp 1 loss 6.11 i_con 5.92 plddt 0.47 ptm 0.88 i_ptm 0.09 energy 6.70
19 models [1] recycles 0 hard 0 soft 1 temp 1 loss 5.73 i_con 5.53 plddt 0.40 ptm 0.88 i_ptm 0.09 energy 6.63
20 models [0] recycles 0 hard 0 soft 1 temp 1 loss 4.67 i_con 4.47 plddt 0.37 ptm 0.87 i_ptm 0.21 energy 6.55
21 models [0] recycles 0 hard 0 soft 1 temp 1 loss 5.20 i_con 5.01 plddt 0.36 ptm 0.87 i_ptm 0.13 energy 6.46
22 models [1] recycles 0 hard 0 soft 1 temp 1 loss 5.43 i_con 5.25 plddt 0.37 ptm 0.88 i_ptm 0.10 energy 5.97
23 models [1] recycles 0 hard 0 soft 1 temp 1 loss 5.20 i_con 5.02 plddt 0.38 ptm 0.88 i_ptm 0.17 energy 6.04
24 models [1] recycles 0 hard 0 soft 1 temp 1 loss 5.51 i_con 5.33 plddt 0.37 ptm 0.88 i_ptm 0.11 energy 5.98
25 models [0] recycles 0 hard 0 soft 1 temp 1 loss 4.48 i_con 4.30 plddt 0.41 ptm 0.87 i_ptm 0.29 energy 6.04
26 models [1] recycles 0 hard 0 soft 1 temp 1 loss 5.38 i_con 5.20 plddt 0.39 ptm 0.88 i_ptm 0.16 energy 6.01
27 models [0] recycles 0 hard 0 soft 1 temp 1 loss 5.23 i_con 5.06 plddt 0.40 ptm 0.87 i_ptm 0.14 energy 5.57
28 models [1] recycles 0 hard 0 soft 1 temp 1 loss 5.63 i_con 5.45 plddt 0.39 ptm 0.88 i_ptm 0.10 energy 5.64
29 models [1] recycles 0 hard 0 soft 1 temp 1 loss 5.04 i_con 4.88 plddt 0.37 ptm 0.88 i_ptm 0.14 energy 5.12
30 models [1] recycles 0 hard 0 soft 1 temp 1 loss 5.64 i_con 5.48 plddt 0.38 ptm 0.88 i_ptm 0.10 energy 4.75
31 models [1] recycles 0 hard 0 soft 1 temp 1 loss 5.18 i_con 5.02 plddt 0.34 ptm 0.88 i_ptm 0.15 energy 5.01
32 models [0] recycles 0 hard 0 soft 1 temp 1 loss 4.61 i_con 4.46 plddt 0.43 ptm 0.87 i_ptm 0.23 energy 4.82
33 models [1] recycles 0 hard 0 soft 1 temp 1 loss 4.88 i_con 4.74 plddt 0.38 ptm 0.88 i_ptm 0.19 energy 4.38
34 models [0] recycles 0 hard 0 soft 1 temp 1 loss 4.53 i_con 4.38 plddt 0.39 ptm 0.87 i_ptm 0.24 energy 4.41
35 models [1] recycles 0 hard 0 soft 1 temp 1 loss 5.22 i_con 5.07 plddt 0.38 ptm 0.88 i_ptm 0.12 energy 4.29
36 models [0] recycles 0 hard 0 soft 1 temp 1 loss 4.49 i_con 4.35 plddt 0.42 ptm 0.87 i_ptm 0.25 energy 3.80
37 models [1] recycles 0 hard 0 soft 1 temp 1 loss 5.37 i_con 5.24 plddt 0.39 ptm 0.88 i_ptm 0.13 energy 3.72
38 models [1] recycles 0 hard 0 soft 1 temp 1 loss 5.16 i_con 5.02 plddt 0.36 ptm 0.88 i_ptm 0.17 energy 3.46
39 models [1] recycles 0 hard 0 soft 1 temp 1 loss 5.12 i_con 4.99 plddt 0.37 ptm 0.88 i_ptm 0.17 energy 3.23
40 models [0] recycles 0 hard 0 soft 1 temp 1 loss 4.49 i_con 4.37 plddt 0.40 ptm 0.87 i_ptm 0.28 energy 3.10
41 models [0] recycles 0 hard 0 soft 1 temp 1 loss 4.55 i_con 4.43 plddt 0.41 ptm 0.87 i_ptm 0.25 energy 2.90
42 models [1] recycles 0 hard 0 soft 1 temp 1 loss 5.41 i_con 5.29 plddt 0.41 ptm 0.88 i_ptm 0.10 energy 3.04
43 models [1] recycles 0 hard 0 soft 1 temp 1 loss 4.92 i_con 4.80 plddt 0.35 ptm 0.88 i_ptm 0.19 energy 2.84
44 models [0] recycles 0 hard 0 soft 1 temp 1 loss 4.85 i_con 4.75 plddt 0.42 ptm 0.87 i_ptm 0.20 energy 2.47
45 models [0] recycles 0 hard 0 soft 1 temp 1 loss 4.75 i_con 4.64 plddt 0.41 ptm 0.87 i_ptm 0.25 energy 2.49
46 models [1] recycles 0 hard 0 soft 1 temp 1 loss 4.56 i_con 4.45 plddt 0.37 ptm 0.89 i_ptm 0.23 energy 2.08
47 models [0] recycles 0 hard 0 soft 1 temp 1 loss 4.53 i_con 4.43 plddt 0.44 ptm 0.87 i_ptm 0.28 energy 2.02
48 models [1] recycles 0 hard 0 soft 1 temp 1 loss 5.08 i_con 4.97 plddt 0.37 ptm 0.88 i_ptm 0.16 energy 2.15
49 models [0] recycles 0 hard 0 soft 1 temp 1 loss 4.31 i_con 4.22 plddt 0.41 ptm 0.87 i_ptm 0.25 energy 1.85
50 models [1] recycles 0 hard 0 soft 1 temp 1 loss 4.93 i_con 4.82 plddt 0.33 ptm 0.88 i_ptm 0.19 energy 2.07
51 models [0] recycles 0 hard 0 soft 1 temp 1 loss 4.44 i_con 4.23 plddt 0.39 ptm 0.87 i_ptm 0.26 energy 1.50
52 models [1] recycles 0 hard 0 soft 1 temp 1 loss 4.80 i_con 4.66 plddt 0.36 ptm 0.88 i_ptm 0.22 energy 0.72
53 models [1] recycles 0 hard 0 soft 1 temp 1 loss 4.60 i_con 4.55 plddt 0.33 ptm 0.88 i_ptm 0.23 energy -0.24
54 models [0] recycles 0 hard 0 soft 1 temp 1 loss 4.26 i_con 4.30 plddt 0.41 ptm 0.87 i_ptm 0.24 energy -1.04
55 models [1] recycles 0 hard 0 soft 1 temp 1 loss 4.51 i_con 4.54 plddt 0.39 ptm 0.89 i_ptm 0.22 energy -0.95
56 models [1] recycles 0 hard 0 soft 1 temp 1 loss 4.61 i_con 4.69 plddt 0.36 ptm 0.88 i_ptm 0.23 energy -1.48
57 models [0] recycles 0 hard 0 soft 1 temp 1 loss 4.76 i_con 4.90 plddt 0.45 ptm 0.87 i_ptm 0.19 energy -1.92
58 models [0] recycles 0 hard 0 soft 1 temp 1 loss 4.33 i_con 4.47 plddt 0.41 ptm 0.87 i_ptm 0.26 energy -1.97
59 models [0] recycles 0 hard 0 soft 1 temp 1 loss 4.37 i_con 4.49 plddt 0.39 ptm 0.87 i_ptm 0.24 energy -1.79
60 models [0] recycles 0 hard 0 soft 1 temp 1 loss 4.33 i_con 4.47 plddt 0.41 ptm 0.87 i_ptm 0.24 energy -1.90
61 models [0] recycles 0 hard 0 soft 1 temp 1 loss 4.28 i_con 4.46 plddt 0.42 ptm 0.87 i_ptm 0.26 energy -2.37
62 models [0] recycles 0 hard 0 soft 1 temp 1 loss 4.14 i_con 4.34 plddt 0.40 ptm 0.87 i_ptm 0.27 energy -2.59
63 models [1] recycles 0 hard 0 soft 1 temp 1 loss 4.41 i_con 4.64 plddt 0.35 ptm 0.88 i_ptm 0.21 energy -2.97
64 models [0] recycles 0 hard 0 soft 1 temp 1 loss 4.27 i_con 4.51 plddt 0.41 ptm 0.87 i_ptm 0.24 energy -2.95
65 models [0] recycles 0 hard 0 soft 1 temp 1 loss 4.23 i_con 4.47 plddt 0.43 ptm 0.87 i_ptm 0.25 energy -2.92
66 models [1] recycles 0 hard 0 soft 1 temp 1 loss 4.38 i_con 4.63 plddt 0.36 ptm 0.89 i_ptm 0.21 energy -3.10
67 models [0] recycles 0 hard 0 soft 1 temp 1 loss 4.32 i_con 4.57 plddt 0.39 ptm 0.87 i_ptm 0.23 energy -3.14
68 models [1] recycles 0 hard 0 soft 1 temp 1 loss 4.43 i_con 4.68 plddt 0.36 ptm 0.88 i_ptm 0.18 energy -3.08
69 models [0] recycles 0 hard 0 soft 1 temp 1 loss 4.14 i_con 4.39 plddt 0.40 ptm 0.87 i_ptm 0.26 energy -3.08
70 models [0] recycles 0 hard 0 soft 1 temp 1 loss 4.04 i_con 4.28 plddt 0.42 ptm 0.87 i_ptm 0.28 energy -2.99
71 models [0] recycles 0 hard 0 soft 1 temp 1 loss 4.17 i_con 4.40 plddt 0.41 ptm 0.87 i_ptm 0.25 energy -2.91
72 models [0] recycles 0 hard 0 soft 1 temp 1 loss 4.14 i_con 4.39 plddt 0.41 ptm 0.87 i_ptm 0.25 energy -3.11
73 models [0] recycles 0 hard 0 soft 1 temp 1 loss 4.15 i_con 4.41 plddt 0.44 ptm 0.87 i_ptm 0.25 energy -3.18
74 models [1] recycles 0 hard 0 soft 1 temp 1 loss 4.64 i_con 4.88 plddt 0.36 ptm 0.89 i_ptm 0.19 energy -3.04
75 models [1] recycles 0 hard 0 soft 1 temp 1 loss 4.25 i_con 4.51 plddt 0.35 ptm 0.89 i_ptm 0.24 energy -3.22
76 models [0] recycles 0 hard 0 soft 1 temp 1 loss 4.30 i_con 4.57 plddt 0.41 ptm 0.87 i_ptm 0.23 energy -3.33
77 models [0] recycles 0 hard 0 soft 1 temp 1 loss 4.61 i_con 4.86 plddt 0.38 ptm 0.87 i_ptm 0.17 energy -3.18
78 models [0] recycles 0 hard 0 soft 1 temp 1 loss 4.13 i_con 4.39 plddt 0.43 ptm 0.87 i_ptm 0.25 energy -3.13
79 models [1] recycles 0 hard 0 soft 1 temp 1 loss 4.48 i_con 4.72 plddt 0.37 ptm 0.88 i_ptm 0.22 energy -3.02
80 models [1] recycles 0 hard 0 soft 1 temp 1 loss 4.21 i_con 4.47 plddt 0.36 ptm 0.88 i_ptm 0.24 energy -3.24
81 models [0] recycles 0 hard 0 soft 1 temp 1 loss 4.59 i_con 4.86 plddt 0.43 ptm 0.87 i_ptm 0.17 energy -3.33
82 models [1] recycles 0 hard 0 soft 1 temp 1 loss 4.43 i_con 4.69 plddt 0.39 ptm 0.88 i_ptm 0.21 energy -3.22
83 models [0] recycles 0 hard 0 soft 1 temp 1 loss 4.65 i_con 4.92 plddt 0.40 ptm 0.86 i_ptm 0.20 energy -3.33
84 models [0] recycles 0 hard 0 soft 1 temp 1 loss 4.05 i_con 4.31 plddt 0.41 ptm 0.87 i_ptm 0.29 energy -3.22
85 models [1] recycles 0 hard 0 soft 1 temp 1 loss 4.30 i_con 4.57 plddt 0.36 ptm 0.88 i_ptm 0.23 energy -3.30
86 models [1] recycles 0 hard 0 soft 1 temp 1 loss 4.17 i_con 4.44 plddt 0.39 ptm 0.89 i_ptm 0.24 energy -3.33
87 models [1] recycles 0 hard 0 soft 1 temp 1 loss 4.37 i_con 4.64 plddt 0.36 ptm 0.89 i_ptm 0.23 energy -3.33
88 models [1] recycles 0 hard 0 soft 1 temp 1 loss 4.30 i_con 4.55 plddt 0.36 ptm 0.89 i_ptm 0.24 energy -3.17
89 models [0] recycles 0 hard 0 soft 1 temp 1 loss 4.89 i_con 5.17 plddt 0.37 ptm 0.87 i_ptm 0.15 energy -3.42
90 models [1] recycles 0 hard 0 soft 1 temp 1 loss 4.23 i_con 4.52 plddt 0.34 ptm 0.88 i_ptm 0.22 energy -3.58
91 models [0] recycles 0 hard 0 soft 1 temp 1 loss 4.61 i_con 4.90 plddt 0.45 ptm 0.87 i_ptm 0.20 energy -3.50
92 models [1] recycles 0 hard 0 soft 1 temp 1 loss 4.38 i_con 4.66 plddt 0.37 ptm 0.89 i_ptm 0.20 energy -3.46
93 models [0] recycles 0 hard 0 soft 1 temp 1 loss 4.45 i_con 4.73 plddt 0.43 ptm 0.87 i_ptm 0.20 energy -3.43
94 models [0] recycles 0 hard 0 soft 1 temp 1 loss 4.12 i_con 4.40 plddt 0.42 ptm 0.87 i_ptm 0.26 energy -3.42
95 models [0] recycles 0 hard 0 soft 1 temp 1 loss 4.31 i_con 4.58 plddt 0.41 ptm 0.87 i_ptm 0.23 energy -3.28
96 models [0] recycles 0 hard 0 soft 1 temp 1 loss 4.31 i_con 4.60 plddt 0.40 ptm 0.87 i_ptm 0.20 energy -3.43
97 models [0] recycles 0 hard 0 soft 1 temp 1 loss 3.99 i_con 4.26 plddt 0.41 ptm 0.87 i_ptm 0.28 energy -3.34
98 models [1] recycles 0 hard 0 soft 1 temp 1 loss 4.11 i_con 4.40 plddt 0.38 ptm 0.89 i_ptm 0.23 energy -3.54
99 models [1] recycles 0 hard 0 soft 1 temp 1 loss 3.98 i_con 4.26 plddt 0.39 ptm 0.89 i_ptm 0.27 energy -3.37
100 models [0] recycles 0 hard 0 soft 1 temp 1 loss 4.09 i_con 4.38 plddt 0.40 ptm 0.87 i_ptm 0.26 energy -3.50
101 models [0] recycles 0 hard 0 soft 0 temp 1 loss 6.99 i_con 7.32 plddt 0.67 ptm 0.87 i_ptm 0.14 energy -18.26
102 models [1] recycles 0 hard 0 soft 0 temp 0.98 loss 6.29 i_con 6.62 plddt 0.63 ptm 0.88 i_ptm 0.10 energy -18.09
103 models [1] recycles 0 hard 0 soft 0 temp 0.96 loss 5.85 i_con 6.16 plddt 0.52 ptm 0.88 i_ptm 0.09 energy -17.89
104 models [1] recycles 0 hard 0 soft 0 temp 0.94 loss 5.02 i_con 5.32 plddt 0.47 ptm 0.88 i_ptm 0.10 energy -17.64
105 models [1] recycles 0 hard 0 soft 0 temp 0.92 loss 4.28 i_con 4.56 plddt 0.36 ptm 0.88 i_ptm 0.22 energy -17.30
106 models [1] recycles 0 hard 0 soft 0 temp 0.90 loss 3.54 i_con 3.82 plddt 0.43 ptm 0.90 i_ptm 0.42 energy -16.96
107 models [0] recycles 0 hard 0 soft 0 temp 0.88 loss 3.71 i_con 4.00 plddt 0.43 ptm 0.88 i_ptm 0.37 energy -17.03
108 models [0] recycles 0 hard 0 soft 0 temp 0.86 loss 3.59 i_con 3.88 plddt 0.41 ptm 0.88 i_ptm 0.38 energy -17.32
109 models [1] recycles 0 hard 0 soft 0 temp 0.84 loss 3.50 i_con 3.81 plddt 0.42 ptm 0.89 i_ptm 0.42 energy -18.24
110 models [1] recycles 0 hard 0 soft 0 temp 0.82 loss 3.37 i_con 3.70 plddt 0.44 ptm 0.90 i_ptm 0.47 energy -18.91
111 models [0] recycles 0 hard 0 soft 0 temp 0.80 loss 3.44 i_con 3.78 plddt 0.42 ptm 0.88 i_ptm 0.39 energy -19.75
112 models [0] recycles 0 hard 0 soft 0 temp 0.78 loss 3.18 i_con 3.54 plddt 0.49 ptm 0.88 i_ptm 0.52 energy -20.85
113 models [0] recycles 0 hard 0 soft 0 temp 0.76 loss 3.19 i_con 3.57 plddt 0.48 ptm 0.88 i_ptm 0.49 energy -21.71
114 models [1] recycles 0 hard 0 soft 0 temp 0.74 loss 2.82 i_con 3.22 plddt 0.55 ptm 0.90 i_ptm 0.62 energy -22.25
115 models [0] recycles 0 hard 0 soft 0 temp 0.72 loss 3.11 i_con 3.51 plddt 0.52 ptm 0.88 i_ptm 0.54 energy -22.76
116 models [1] recycles 0 hard 0 soft 0 temp 0.70 loss 2.58 i_con 3.00 plddt 0.57 ptm 0.90 i_ptm 0.68 energy -23.16
117 models [1] recycles 0 hard 0 soft 0 temp 0.68 loss 2.99 i_con 3.40 plddt 0.43 ptm 0.90 i_ptm 0.58 energy -23.46
118 models [0] recycles 0 hard 0 soft 0 temp 0.66 loss 3.10 i_con 3.52 plddt 0.50 ptm 0.88 i_ptm 0.53 energy -23.38
119 models [0] recycles 0 hard 0 soft 0 temp 0.64 loss 3.10 i_con 3.52 plddt 0.45 ptm 0.88 i_ptm 0.51 energy -23.85
120 models [0] recycles 0 hard 0 soft 0 temp 0.62 loss 3.01 i_con 3.44 plddt 0.50 ptm 0.88 i_ptm 0.58 energy -24.10
121 models [0] recycles 0 hard 0 soft 0 temp 0.60 loss 2.71 i_con 3.17 plddt 0.57 ptm 0.89 i_ptm 0.64 energy -24.79
122 models [0] recycles 0 hard 0 soft 0 temp 0.58 loss 2.60 i_con 3.06 plddt 0.59 ptm 0.89 i_ptm 0.66 energy -25.19
123 models [1] recycles 0 hard 0 soft 0 temp 0.56 loss 2.55 i_con 3.02 plddt 0.58 ptm 0.91 i_ptm 0.67 energy -25.49
124 models [0] recycles 0 hard 0 soft 0 temp 0.54 loss 2.89 i_con 3.36 plddt 0.56 ptm 0.88 i_ptm 0.58 energy -25.67
125 models [1] recycles 0 hard 0 soft 0 temp 0.52 loss 2.87 i_con 3.33 plddt 0.53 ptm 0.90 i_ptm 0.60 energy -25.66
126 models [0] recycles 0 hard 0 soft 0 temp 0.50 loss 3.00 i_con 3.46 plddt 0.51 ptm 0.88 i_ptm 0.56 energy -25.46
127 models [1] recycles 0 hard 0 soft 0 temp 0.48 loss 2.36 i_con 2.84 plddt 0.63 ptm 0.91 i_ptm 0.72 energy -25.83
128 models [0] recycles 0 hard 0 soft 0 temp 0.46 loss 2.74 i_con 3.22 plddt 0.56 ptm 0.89 i_ptm 0.61 energy -26.45
129 models [0] recycles 0 hard 0 soft 0 temp 0.44 loss 2.75 i_con 3.23 plddt 0.54 ptm 0.89 i_ptm 0.62 energy -26.75
130 models [1] recycles 0 hard 0 soft 0 temp 0.42 loss 2.45 i_con 2.94 plddt 0.58 ptm 0.90 i_ptm 0.69 energy -27.05
131 models [0] recycles 0 hard 0 soft 0 temp 0.40 loss 2.60 i_con 3.10 plddt 0.55 ptm 0.89 i_ptm 0.62 energy -27.57
132 models [1] recycles 0 hard 0 soft 0 temp 0.38 loss 2.26 i_con 2.78 plddt 0.60 ptm 0.91 i_ptm 0.72 energy -28.20
133 models [1] recycles 0 hard 0 soft 0 temp 0.36 loss 2.28 i_con 2.82 plddt 0.60 ptm 0.91 i_ptm 0.70 energy -28.79
134 models [1] recycles 0 hard 0 soft 0 temp 0.34 loss 2.47 i_con 3.01 plddt 0.54 ptm 0.90 i_ptm 0.64 energy -29.28
135 models [1] recycles 0 hard 0 soft 0 temp 0.32 loss 2.25 i_con 2.80 plddt 0.61 ptm 0.91 i_ptm 0.72 energy -29.17
136 models [1] recycles 0 hard 0 soft 0 temp 0.30 loss 2.07 i_con 2.63 plddt 0.65 ptm 0.91 i_ptm 0.73 energy -29.60
137 models [0] recycles 0 hard 0 soft 0 temp 0.28 loss 2.47 i_con 3.02 plddt 0.57 ptm 0.89 i_ptm 0.65 energy -30.01
138 models [0] recycles 0 hard 0 soft 0 temp 0.26 loss 2.45 i_con 3.02 plddt 0.58 ptm 0.89 i_ptm 0.67 energy -30.30
139 models [1] recycles 0 hard 0 soft 0 temp 0.24 loss 2.36 i_con 2.94 plddt 0.59 ptm 0.91 i_ptm 0.71 energy -30.60
140 models [1] recycles 0 hard 0 soft 0 temp 0.22 loss 1.97 i_con 2.55 plddt 0.65 ptm 0.91 i_ptm 0.74 energy -30.83
141 models [1] recycles 0 hard 0 soft 0 temp 0.20 loss 2.24 i_con 2.83 plddt 0.59 ptm 0.91 i_ptm 0.70 energy -31.29
142 models [0] recycles 0 hard 0 soft 0 temp 0.18 loss 2.29 i_con 2.88 plddt 0.62 ptm 0.89 i_ptm 0.69 energy -31.35
143 models [0] recycles 0 hard 0 soft 0 temp 0.16 loss 2.29 i_con 2.88 plddt 0.61 ptm 0.89 i_ptm 0.68 energy -31.45
144 models [0] recycles 0 hard 0 soft 0 temp 0.14 loss 2.18 i_con 2.78 plddt 0.63 ptm 0.89 i_ptm 0.71 energy -31.59
145 models [1] recycles 0 hard 0 soft 0 temp 0.12 loss 2.12 i_con 2.73 plddt 0.63 ptm 0.91 i_ptm 0.72 energy -32.29
146 models [0] recycles 0 hard 0 soft 0 temp 0.10 loss 2.50 i_con 3.12 plddt 0.57 ptm 0.89 i_ptm 0.62 energy -33.13
147 models [1] recycles 0 hard 0 soft 0 temp 0.08 loss 2.16 i_con 2.80 plddt 0.60 ptm 0.91 i_ptm 0.72 energy -33.65
148 models [0] recycles 0 hard 0 soft 0 temp 0.06 loss 2.36 i_con 3.00 plddt 0.59 ptm 0.89 i_ptm 0.66 energy -34.09
149 models [1] recycles 0 hard 0 soft 0 temp 0.04 loss 2.75 i_con 3.38 plddt 0.42 ptm 0.90 i_ptm 0.59 energy -34.40
150 models [0] recycles 0 hard 0 soft 0 temp 0.02 loss 2.14 i_con 2.78 plddt 0.62 ptm 0.89 i_ptm 0.70 energy -34.31
151 models [1] recycles 0 hard 1 soft 0 temp 0.00 loss 3.03 i_con 3.96 plddt 0.38 ptm 0.90 i_ptm 0.35 energy -4.95
152 models [0] recycles 0 hard 1 soft 0 temp 0.00 loss 3.20 i_con 4.12 plddt 0.34 ptm 0.88 i_ptm 0.28 energy -4.95
153 models [0] recycles 0 hard 1 soft 0 temp 0.00 loss 3.20 i_con 4.12 plddt 0.34 ptm 0.88 i_ptm 0.28 energy -4.95
154 models [1] recycles 0 hard 1 soft 0 temp 0.00 loss 3.03 i_con 3.96 plddt 0.38 ptm 0.90 i_ptm 0.35 energy -4.95
155 models [1] recycles 0 hard 1 soft 0 temp 0.00 loss 3.03 i_con 3.96 plddt 0.38 ptm 0.90 i_ptm 0.35 energy -4.95
156 models [0] recycles 0 hard 1 soft 0 temp 0.00 loss 3.20 i_con 4.12 plddt 0.34 ptm 0.88 i_ptm 0.28 energy -4.95
157 models [0] recycles 0 hard 1 soft 0 temp 0.00 loss 3.20 i_con 4.12 plddt 0.34 ptm 0.88 i_ptm 0.28 energy -4.95
158 models [1] recycles 0 hard 1 soft 0 temp 0.00 loss 3.03 i_con 3.96 plddt 0.38 ptm 0.90 i_ptm 0.35 energy -4.95
159 models [1] recycles 0 hard 1 soft 0 temp 0.00 loss 3.03 i_con 3.96 plddt 0.38 ptm 0.90 i_ptm 0.35 energy -4.95
160 models [1] recycles 0 hard 1 soft 0 temp 0.00 loss 3.03 i_con 3.96 plddt 0.38 ptm 0.90 i_ptm 0.35 energy -4.95
161 models [1] recycles 0 hard 1 soft 0 temp 0.00 loss 3.03 i_con 3.96 plddt 0.38 ptm 0.90 i_ptm 0.35 energy -4.95
162 models [1] recycles 0 hard 1 soft 0 temp 0.00 loss 3.03 i_con 3.96 plddt 0.38 ptm 0.90 i_ptm 0.35 energy -4.95
163 models [0] recycles 0 hard 1 soft 0 temp 0.00 loss 3.20 i_con 4.12 plddt 0.34 ptm 0.88 i_ptm 0.28 energy -4.95
164 models [0] recycles 0 hard 1 soft 0 temp 0.00 loss 3.20 i_con 4.12 plddt 0.34 ptm 0.88 i_ptm 0.28 energy -4.95
165 models [1] recycles 0 hard 1 soft 0 temp 0.00 loss 3.03 i_con 3.96 plddt 0.38 ptm 0.90 i_ptm 0.35 energy -4.95
166 models [0] recycles 0 hard 1 soft 0 temp 0.00 loss 3.20 i_con 4.12 plddt 0.34 ptm 0.88 i_ptm 0.28 energy -4.95
167 models [0] recycles 0 hard 1 soft 0 temp 0.00 loss 3.20 i_con 4.12 plddt 0.34 ptm 0.88 i_ptm 0.28 energy -4.95
168 models [1] recycles 0 hard 1 soft 0 temp 0.00 loss 3.03 i_con 3.96 plddt 0.38 ptm 0.90 i_ptm 0.35 energy -4.95
169 models [1] recycles 0 hard 1 soft 0 temp 0.00 loss 3.03 i_con 3.96 plddt 0.38 ptm 0.90 i_ptm 0.35 energy -4.95
170 models [1] recycles 0 hard 1 soft 0 temp 0.00 loss 3.03 i_con 3.96 plddt 0.38 ptm 0.90 i_ptm 0.35 energy -4.95
171 models [1] recycles 0 hard 1 soft 0 temp 0.00 loss 3.03 i_con 3.96 plddt 0.38 ptm 0.90 i_ptm 0.35 energy -4.95
172 models [0] recycles 0 hard 1 soft 0 temp 0.00 loss 3.20 i_con 4.12 plddt 0.34 ptm 0.88 i_ptm 0.28 energy -4.95
173 models [0] recycles 0 hard 1 soft 0 temp 0.00 loss 3.20 i_con 4.12 plddt 0.34 ptm 0.88 i_ptm 0.28 energy -4.95
174 models [1] recycles 0 hard 1 soft 0 temp 0.00 loss 3.03 i_con 3.96 plddt 0.38 ptm 0.90 i_ptm 0.35 energy -4.95
175 models [1] recycles 0 hard 1 soft 0 temp 0.00 loss 3.03 i_con 3.96 plddt 0.38 ptm 0.90 i_ptm 0.35 energy -4.95
176 models [1] recycles 0 hard 1 soft 0 temp 0.00 loss 3.03 i_con 3.96 plddt 0.38 ptm 0.90 i_ptm 0.35 energy -4.95
177 models [1] recycles 0 hard 1 soft 0 temp 0.00 loss 3.03 i_con 3.96 plddt 0.38 ptm 0.90 i_ptm 0.35 energy -4.95
178 models [0] recycles 0 hard 1 soft 0 temp 0.00 loss 3.20 i_con 4.12 plddt 0.34 ptm 0.88 i_ptm 0.28 energy -4.95
179 models [0] recycles 0 hard 1 soft 0 temp 0.00 loss 3.20 i_con 4.12 plddt 0.34 ptm 0.88 i_ptm 0.28 energy -4.95
180 models [0] recycles 0 hard 1 soft 0 temp 0.00 loss 3.20 i_con 4.12 plddt 0.34 ptm 0.88 i_ptm 0.28 energy -4.95
  seq=AWAGPALLLLLVCEC  loss=3.1994  loss_af=4.1891  energy=-4.9483  i_ptm=0.2831
[13/20] seed=12 ...
1 models [0] recycles 0 hard 0 soft 1 temp 1 loss 7.82 i_con 7.62 plddt 0.53 ptm 0.86 i_ptm 0.12 energy 7.36
2 models [0] recycles 0 hard 0 soft 1 temp 1 loss 7.61 i_con 7.43 plddt 0.57 ptm 0.86 i_ptm 0.11 energy 7.21
3 models [0] recycles 0 hard 0 soft 1 temp 1 loss 7.35 i_con 7.17 plddt 0.55 ptm 0.86 i_ptm 0.13 energy 7.15
4 models [0] recycles 0 hard 0 soft 1 temp 1 loss 7.15 i_con 6.96 plddt 0.52 ptm 0.86 i_ptm 0.13 energy 7.05
5 models [0] recycles 0 hard 0 soft 1 temp 1 loss 6.66 i_con 6.47 plddt 0.55 ptm 0.86 i_ptm 0.13 energy 6.97
6 models [0] recycles 0 hard 0 soft 1 temp 1 loss 6.48 i_con 6.29 plddt 0.48 ptm 0.86 i_ptm 0.12 energy 6.90
7 models [0] recycles 0 hard 0 soft 1 temp 1 loss 6.20 i_con 6.01 plddt 0.46 ptm 0.86 i_ptm 0.13 energy 6.89
8 models [0] recycles 0 hard 0 soft 1 temp 1 loss 5.40 i_con 5.20 plddt 0.42 ptm 0.86 i_ptm 0.12 energy 7.01
9 models [0] recycles 0 hard 0 soft 1 temp 1 loss 5.42 i_con 5.22 plddt 0.43 ptm 0.86 i_ptm 0.12 energy 6.91
10 models [0] recycles 0 hard 0 soft 1 temp 1 loss 5.61 i_con 5.42 plddt 0.43 ptm 0.87 i_ptm 0.13 energy 6.88
11 models [1] recycles 0 hard 0 soft 1 temp 1 loss 6.04 i_con 5.85 plddt 0.47 ptm 0.88 i_ptm 0.08 energy 6.73
12 models [1] recycles 0 hard 0 soft 1 temp 1 loss 6.14 i_con 5.96 plddt 0.45 ptm 0.88 i_ptm 0.08 energy 6.20
13 models [0] recycles 0 hard 0 soft 1 temp 1 loss 5.11 i_con 4.92 plddt 0.36 ptm 0.87 i_ptm 0.11 energy 6.12
14 models [1] recycles 0 hard 0 soft 1 temp 1 loss 5.90 i_con 5.72 plddt 0.46 ptm 0.88 i_ptm 0.08 energy 5.90
15 models [0] recycles 0 hard 0 soft 1 temp 1 loss 4.94 i_con 4.76 plddt 0.34 ptm 0.86 i_ptm 0.14 energy 5.76
16 models [1] recycles 0 hard 0 soft 1 temp 1 loss 6.00 i_con 5.84 plddt 0.47 ptm 0.88 i_ptm 0.08 energy 5.46
17 models [0] recycles 0 hard 0 soft 1 temp 1 loss 5.23 i_con 5.06 plddt 0.39 ptm 0.87 i_ptm 0.12 energy 5.30
18 models [0] recycles 0 hard 0 soft 1 temp 1 loss 4.75 i_con 4.58 plddt 0.36 ptm 0.86 i_ptm 0.16 energy 5.04
19 models [0] recycles 0 hard 0 soft 1 temp 1 loss 4.86 i_con 4.70 plddt 0.34 ptm 0.86 i_ptm 0.15 energy 4.99
20 models [0] recycles 0 hard 0 soft 1 temp 1 loss 4.80 i_con 4.64 plddt 0.37 ptm 0.86 i_ptm 0.12 energy 4.99
21 models [0] recycles 0 hard 0 soft 1 temp 1 loss 4.81 i_con 4.64 plddt 0.36 ptm 0.86 i_ptm 0.16 energy 5.04
22 models [0] recycles 0 hard 0 soft 1 temp 1 loss 5.60 i_con 5.44 plddt 0.43 ptm 0.86 i_ptm 0.10 energy 4.87
23 models [0] recycles 0 hard 0 soft 1 temp 1 loss 4.91 i_con 4.74 plddt 0.36 ptm 0.87 i_ptm 0.16 energy 4.93
24 models [1] recycles 0 hard 0 soft 1 temp 1 loss 5.62 i_con 5.47 plddt 0.38 ptm 0.88 i_ptm 0.08 energy 4.56
25 models [0] recycles 0 hard 0 soft 1 temp 1 loss 4.85 i_con 4.69 plddt 0.35 ptm 0.87 i_ptm 0.16 energy 4.48
26 models [1] recycles 0 hard 0 soft 1 temp 1 loss 5.51 i_con 5.37 plddt 0.39 ptm 0.88 i_ptm 0.09 energy 4.17
27 models [0] recycles 0 hard 0 soft 1 temp 1 loss 4.57 i_con 4.42 plddt 0.35 ptm 0.87 i_ptm 0.19 energy 3.96
28 models [1] recycles 0 hard 0 soft 1 temp 1 loss 5.75 i_con 5.61 plddt 0.47 ptm 0.88 i_ptm 0.08 energy 4.25
29 models [0] recycles 0 hard 0 soft 1 temp 1 loss 4.80 i_con 4.65 plddt 0.36 ptm 0.86 i_ptm 0.16 energy 4.12
30 models [1] recycles 0 hard 0 soft 1 temp 1 loss 5.49 i_con 5.35 plddt 0.37 ptm 0.88 i_ptm 0.09 energy 3.76
31 models [0] recycles 0 hard 0 soft 1 temp 1 loss 4.67 i_con 4.54 plddt 0.35 ptm 0.87 i_ptm 0.21 energy 3.62
32 models [1] recycles 0 hard 0 soft 1 temp 1 loss 5.11 i_con 4.98 plddt 0.36 ptm 0.88 i_ptm 0.12 energy 3.34
33 models [1] recycles 0 hard 0 soft 1 temp 1 loss 5.56 i_con 5.44 plddt 0.40 ptm 0.88 i_ptm 0.08 energy 3.06
34 models [1] recycles 0 hard 0 soft 1 temp 1 loss 5.12 i_con 4.99 plddt 0.35 ptm 0.88 i_ptm 0.11 energy 3.28
35 models [0] recycles 0 hard 0 soft 1 temp 1 loss 4.63 i_con 4.51 plddt 0.37 ptm 0.87 i_ptm 0.22 energy 3.05
36 models [1] recycles 0 hard 0 soft 1 temp 1 loss 5.18 i_con 5.07 plddt 0.34 ptm 0.88 i_ptm 0.11 energy 2.40
37 models [1] recycles 0 hard 0 soft 1 temp 1 loss 4.90 i_con 4.79 plddt 0.36 ptm 0.88 i_ptm 0.15 energy 2.45
38 models [1] recycles 0 hard 0 soft 1 temp 1 loss 4.45 i_con 4.34 plddt 0.35 ptm 0.89 i_ptm 0.24 energy 2.30
39 models [0] recycles 0 hard 0 soft 1 temp 1 loss 4.15 i_con 4.03 plddt 0.37 ptm 0.87 i_ptm 0.29 energy 2.54
40 models [1] recycles 0 hard 0 soft 1 temp 1 loss 4.43 i_con 4.32 plddt 0.35 ptm 0.88 i_ptm 0.22 energy 2.54
41 models [1] recycles 0 hard 0 soft 1 temp 1 loss 4.64 i_con 4.52 plddt 0.36 ptm 0.89 i_ptm 0.21 energy 2.58
42 models [0] recycles 0 hard 0 soft 1 temp 1 loss 4.20 i_con 4.09 plddt 0.36 ptm 0.87 i_ptm 0.26 energy 2.21
43 models [1] recycles 0 hard 0 soft 1 temp 1 loss 4.59 i_con 4.48 plddt 0.35 ptm 0.89 i_ptm 0.19 energy 2.15
44 models [1] recycles 0 hard 0 soft 1 temp 1 loss 4.29 i_con 4.18 plddt 0.34 ptm 0.88 i_ptm 0.24 energy 2.14
45 models [0] recycles 0 hard 0 soft 1 temp 1 loss 4.02 i_con 3.93 plddt 0.41 ptm 0.87 i_ptm 0.32 energy 1.62
46 models [1] recycles 0 hard 0 soft 1 temp 1 loss 4.70 i_con 4.60 plddt 0.33 ptm 0.89 i_ptm 0.19 energy 1.61
47 models [0] recycles 0 hard 0 soft 1 temp 1 loss 4.12 i_con 4.03 plddt 0.39 ptm 0.87 i_ptm 0.29 energy 1.28
48 models [0] recycles 0 hard 0 soft 1 temp 1 loss 4.13 i_con 4.04 plddt 0.39 ptm 0.87 i_ptm 0.31 energy 1.21
49 models [0] recycles 0 hard 0 soft 1 temp 1 loss 3.99 i_con 3.91 plddt 0.38 ptm 0.87 i_ptm 0.32 energy 0.94
50 models [1] recycles 0 hard 0 soft 1 temp 1 loss 4.31 i_con 4.23 plddt 0.32 ptm 0.89 i_ptm 0.22 energy 0.64
51 models [0] recycles 0 hard 0 soft 1 temp 1 loss 4.18 i_con 4.06 plddt 0.37 ptm 0.87 i_ptm 0.29 energy 0.58
52 models [1] recycles 0 hard 0 soft 1 temp 1 loss 4.39 i_con 4.32 plddt 0.35 ptm 0.88 i_ptm 0.23 energy 0.01
53 models [1] recycles 0 hard 0 soft 1 temp 1 loss 4.13 i_con 4.13 plddt 0.35 ptm 0.89 i_ptm 0.24 energy -0.68
54 models [1] recycles 0 hard 0 soft 1 temp 1 loss 4.28 i_con 4.34 plddt 0.34 ptm 0.89 i_ptm 0.23 energy -1.22
55 models [0] recycles 0 hard 0 soft 1 temp 1 loss 3.87 i_con 3.96 plddt 0.38 ptm 0.87 i_ptm 0.34 energy -1.55
56 models [0] recycles 0 hard 0 soft 1 temp 1 loss 3.80 i_con 3.92 plddt 0.39 ptm 0.87 i_ptm 0.31 energy -1.82
57 models [0] recycles 0 hard 0 soft 1 temp 1 loss 3.71 i_con 3.87 plddt 0.40 ptm 0.88 i_ptm 0.35 energy -2.25
58 models [0] recycles 0 hard 0 soft 1 temp 1 loss 3.64 i_con 3.83 plddt 0.38 ptm 0.87 i_ptm 0.34 energy -2.50
59 models [0] recycles 0 hard 0 soft 1 temp 1 loss 3.74 i_con 3.94 plddt 0.37 ptm 0.87 i_ptm 0.33 energy -2.56
60 models [0] recycles 0 hard 0 soft 1 temp 1 loss 3.71 i_con 3.91 plddt 0.39 ptm 0.87 i_ptm 0.34 energy -2.61
61 models [0] recycles 0 hard 0 soft 1 temp 1 loss 3.81 i_con 4.02 plddt 0.37 ptm 0.87 i_ptm 0.29 energy -2.68
62 models [1] recycles 0 hard 0 soft 1 temp 1 loss 3.95 i_con 4.16 plddt 0.33 ptm 0.89 i_ptm 0.26 energy -2.78
63 models [0] recycles 0 hard 0 soft 1 temp 1 loss 3.91 i_con 4.12 plddt 0.39 ptm 0.87 i_ptm 0.31 energy -2.75
64 models [1] recycles 0 hard 0 soft 1 temp 1 loss 3.94 i_con 4.15 plddt 0.36 ptm 0.89 i_ptm 0.26 energy -2.79
65 models [1] recycles 0 hard 0 soft 1 temp 1 loss 3.70 i_con 3.92 plddt 0.37 ptm 0.89 i_ptm 0.30 energy -2.79
66 models [0] recycles 0 hard 0 soft 1 temp 1 loss 3.59 i_con 3.81 plddt 0.39 ptm 0.88 i_ptm 0.38 energy -2.91
67 models [0] recycles 0 hard 0 soft 1 temp 1 loss 3.54 i_con 3.79 plddt 0.38 ptm 0.88 i_ptm 0.36 energy -3.13
68 models [1] recycles 0 hard 0 soft 1 temp 1 loss 3.72 i_con 3.98 plddt 0.36 ptm 0.89 i_ptm 0.29 energy -3.19
69 models [1] recycles 0 hard 0 soft 1 temp 1 loss 3.78 i_con 4.06 plddt 0.38 ptm 0.89 i_ptm 0.27 energy -3.37
70 models [0] recycles 0 hard 0 soft 1 temp 1 loss 3.63 i_con 3.90 plddt 0.37 ptm 0.88 i_ptm 0.34 energy -3.35
71 models [0] recycles 0 hard 0 soft 1 temp 1 loss 3.47 i_con 3.76 plddt 0.39 ptm 0.87 i_ptm 0.37 energy -3.56
72 models [0] recycles 0 hard 0 soft 1 temp 1 loss 3.68 i_con 3.98 plddt 0.38 ptm 0.88 i_ptm 0.32 energy -3.70
73 models [0] recycles 0 hard 0 soft 1 temp 1 loss 3.52 i_con 3.84 plddt 0.37 ptm 0.88 i_ptm 0.35 energy -3.78
74 models [0] recycles 0 hard 0 soft 1 temp 1 loss 3.45 i_con 3.79 plddt 0.39 ptm 0.87 i_ptm 0.35 energy -3.97
75 models [1] recycles 0 hard 0 soft 1 temp 1 loss 3.55 i_con 3.89 plddt 0.37 ptm 0.89 i_ptm 0.34 energy -4.02
76 models [1] recycles 0 hard 0 soft 1 temp 1 loss 3.81 i_con 4.16 plddt 0.37 ptm 0.89 i_ptm 0.25 energy -4.06
77 models [0] recycles 0 hard 0 soft 1 temp 1 loss 3.44 i_con 3.79 plddt 0.37 ptm 0.88 i_ptm 0.40 energy -4.16
78 models [1] recycles 0 hard 0 soft 1 temp 1 loss 3.76 i_con 4.13 plddt 0.36 ptm 0.89 i_ptm 0.28 energy -4.28
79 models [0] recycles 0 hard 0 soft 1 temp 1 loss 3.44 i_con 3.81 plddt 0.39 ptm 0.88 i_ptm 0.40 energy -4.30
80 models [0] recycles 0 hard 0 soft 1 temp 1 loss 3.35 i_con 3.75 plddt 0.40 ptm 0.88 i_ptm 0.41 energy -4.56
81 models [1] recycles 0 hard 0 soft 1 temp 1 loss 3.66 i_con 4.07 plddt 0.40 ptm 0.89 i_ptm 0.30 energy -4.65
82 models [1] recycles 0 hard 0 soft 1 temp 1 loss 3.53 i_con 3.92 plddt 0.41 ptm 0.89 i_ptm 0.35 energy -4.52
83 models [1] recycles 0 hard 0 soft 1 temp 1 loss 3.45 i_con 3.85 plddt 0.37 ptm 0.89 i_ptm 0.35 energy -4.68
84 models [1] recycles 0 hard 0 soft 1 temp 1 loss 3.49 i_con 3.90 plddt 0.37 ptm 0.89 i_ptm 0.35 energy -4.73
85 models [1] recycles 0 hard 0 soft 1 temp 1 loss 3.60 i_con 4.02 plddt 0.41 ptm 0.89 i_ptm 0.33 energy -4.74
86 models [1] recycles 0 hard 0 soft 1 temp 1 loss 3.58 i_con 3.99 plddt 0.38 ptm 0.89 i_ptm 0.30 energy -4.73
87 models [0] recycles 0 hard 0 soft 1 temp 1 loss 3.43 i_con 3.85 plddt 0.40 ptm 0.88 i_ptm 0.40 energy -4.78
88 models [0] recycles 0 hard 0 soft 1 temp 1 loss 3.38 i_con 3.80 plddt 0.41 ptm 0.88 i_ptm 0.41 energy -4.76
89 models [0] recycles 0 hard 0 soft 1 temp 1 loss 3.32 i_con 3.75 plddt 0.40 ptm 0.88 i_ptm 0.40 energy -4.84
90 models [0] recycles 0 hard 0 soft 1 temp 1 loss 3.20 i_con 3.62 plddt 0.39 ptm 0.89 i_ptm 0.51 energy -4.82
91 models [1] recycles 0 hard 0 soft 1 temp 1 loss 3.60 i_con 4.02 plddt 0.38 ptm 0.89 i_ptm 0.31 energy -4.84
92 models [0] recycles 0 hard 0 soft 1 temp 1 loss 3.45 i_con 3.88 plddt 0.40 ptm 0.88 i_ptm 0.38 energy -4.91
93 models [0] recycles 0 hard 0 soft 1 temp 1 loss 3.30 i_con 3.73 plddt 0.41 ptm 0.88 i_ptm 0.43 energy -4.91
94 models [1] recycles 0 hard 0 soft 1 temp 1 loss 3.34 i_con 3.78 plddt 0.43 ptm 0.89 i_ptm 0.38 energy -5.04
95 models [1] recycles 0 hard 0 soft 1 temp 1 loss 3.51 i_con 3.94 plddt 0.37 ptm 0.89 i_ptm 0.33 energy -5.00
96 models [0] recycles 0 hard 0 soft 1 temp 1 loss 3.44 i_con 3.89 plddt 0.38 ptm 0.88 i_ptm 0.37 energy -5.14
97 models [1] recycles 0 hard 0 soft 1 temp 1 loss 3.39 i_con 3.85 plddt 0.40 ptm 0.89 i_ptm 0.37 energy -5.26
98 models [0] recycles 0 hard 0 soft 1 temp 1 loss 3.30 i_con 3.76 plddt 0.40 ptm 0.88 i_ptm 0.43 energy -5.19
99 models [0] recycles 0 hard 0 soft 1 temp 1 loss 3.39 i_con 3.85 plddt 0.38 ptm 0.88 i_ptm 0.36 energy -5.14
100 models [1] recycles 0 hard 0 soft 1 temp 1 loss 3.48 i_con 3.92 plddt 0.41 ptm 0.89 i_ptm 0.33 energy -5.02
101 models [1] recycles 0 hard 0 soft 0 temp 1 loss 6.17 i_con 6.69 plddt 0.46 ptm 0.88 i_ptm 0.10 energy -29.04
102 models [1] recycles 0 hard 0 soft 0 temp 0.98 loss 3.92 i_con 4.43 plddt 0.40 ptm 0.89 i_ptm 0.27 energy -28.79
103 models [0] recycles 0 hard 0 soft 0 temp 0.96 loss 3.47 i_con 3.98 plddt 0.42 ptm 0.88 i_ptm 0.36 energy -28.60
104 models [0] recycles 0 hard 0 soft 0 temp 0.94 loss 3.39 i_con 3.90 plddt 0.41 ptm 0.87 i_ptm 0.39 energy -28.63
105 models [0] recycles 0 hard 0 soft 0 temp 0.92 loss 3.19 i_con 3.72 plddt 0.42 ptm 0.88 i_ptm 0.45 energy -29.14
106 models [0] recycles 0 hard 0 soft 0 temp 0.90 loss 3.33 i_con 3.87 plddt 0.43 ptm 0.88 i_ptm 0.39 energy -29.80
107 models [0] recycles 0 hard 0 soft 0 temp 0.88 loss 3.28 i_con 3.83 plddt 0.42 ptm 0.88 i_ptm 0.43 energy -30.07
108 models [0] recycles 0 hard 0 soft 0 temp 0.86 loss 3.23 i_con 3.79 plddt 0.41 ptm 0.88 i_ptm 0.41 energy -30.92
109 models [0] recycles 0 hard 0 soft 0 temp 0.84 loss 3.16 i_con 3.73 plddt 0.42 ptm 0.88 i_ptm 0.41 energy -31.61
110 models [1] recycles 0 hard 0 soft 0 temp 0.82 loss 3.20 i_con 3.80 plddt 0.42 ptm 0.89 i_ptm 0.40 energy -33.03
111 models [0] recycles 0 hard 0 soft 0 temp 0.80 loss 3.13 i_con 3.73 plddt 0.41 ptm 0.87 i_ptm 0.41 energy -33.18
112 models [0] recycles 0 hard 0 soft 0 temp 0.78 loss 3.00 i_con 3.63 plddt 0.45 ptm 0.88 i_ptm 0.49 energy -34.11
113 models [1] recycles 0 hard 0 soft 0 temp 0.76 loss 3.05 i_con 3.68 plddt 0.42 ptm 0.90 i_ptm 0.46 energy -34.52
114 models [0] recycles 0 hard 0 soft 0 temp 0.74 loss 3.03 i_con 3.68 plddt 0.45 ptm 0.88 i_ptm 0.48 energy -35.43
115 models [0] recycles 0 hard 0 soft 0 temp 0.72 loss 3.00 i_con 3.66 plddt 0.45 ptm 0.88 i_ptm 0.48 energy -35.88
116 models [0] recycles 0 hard 0 soft 0 temp 0.70 loss 3.01 i_con 3.70 plddt 0.45 ptm 0.88 i_ptm 0.47 energy -37.35
117 models [0] recycles 0 hard 0 soft 0 temp 0.68 loss 2.94 i_con 3.65 plddt 0.44 ptm 0.88 i_ptm 0.49 energy -38.24
118 models [1] recycles 0 hard 0 soft 0 temp 0.66 loss 2.87 i_con 3.60 plddt 0.45 ptm 0.90 i_ptm 0.49 energy -38.89
119 models [1] recycles 0 hard 0 soft 0 temp 0.64 loss 2.96 i_con 3.69 plddt 0.48 ptm 0.89 i_ptm 0.47 energy -39.25
120 models [1] recycles 0 hard 0 soft 0 temp 0.62 loss 2.88 i_con 3.61 plddt 0.40 ptm 0.90 i_ptm 0.48 energy -39.38
121 models [1] recycles 0 hard 0 soft 0 temp 0.60 loss 2.98 i_con 3.73 plddt 0.40 ptm 0.90 i_ptm 0.42 energy -40.19
122 models [0] recycles 0 hard 0 soft 0 temp 0.58 loss 2.87 i_con 3.63 plddt 0.43 ptm 0.88 i_ptm 0.51 energy -40.55
123 models [1] recycles 0 hard 0 soft 0 temp 0.56 loss 2.75 i_con 3.52 plddt 0.47 ptm 0.90 i_ptm 0.54 energy -40.95
124 models [1] recycles 0 hard 0 soft 0 temp 0.54 loss 2.94 i_con 3.71 plddt 0.42 ptm 0.89 i_ptm 0.44 energy -41.44
125 models [1] recycles 0 hard 0 soft 0 temp 0.52 loss 2.85 i_con 3.63 plddt 0.42 ptm 0.90 i_ptm 0.45 energy -41.98
126 models [1] recycles 0 hard 0 soft 0 temp 0.50 loss 2.72 i_con 3.50 plddt 0.47 ptm 0.90 i_ptm 0.55 energy -41.88
127 models [1] recycles 0 hard 0 soft 0 temp 0.48 loss 2.85 i_con 3.64 plddt 0.46 ptm 0.90 i_ptm 0.51 energy -42.20
128 models [0] recycles 0 hard 0 soft 0 temp 0.46 loss 2.85 i_con 3.65 plddt 0.44 ptm 0.88 i_ptm 0.47 energy -42.59
129 models [0] recycles 0 hard 0 soft 0 temp 0.44 loss 2.73 i_con 3.55 plddt 0.46 ptm 0.88 i_ptm 0.52 energy -43.36
130 models [1] recycles 0 hard 0 soft 0 temp 0.42 loss 2.70 i_con 3.53 plddt 0.46 ptm 0.90 i_ptm 0.52 energy -44.08
131 models [0] recycles 0 hard 0 soft 0 temp 0.40 loss 2.76 i_con 3.59 plddt 0.45 ptm 0.88 i_ptm 0.52 energy -44.36
132 models [1] recycles 0 hard 0 soft 0 temp 0.38 loss 2.82 i_con 3.68 plddt 0.45 ptm 0.90 i_ptm 0.43 energy -46.03
133 models [1] recycles 0 hard 0 soft 0 temp 0.36 loss 2.60 i_con 3.46 plddt 0.48 ptm 0.90 i_ptm 0.55 energy -45.93
134 models [1] recycles 0 hard 0 soft 0 temp 0.34 loss 2.53 i_con 3.40 plddt 0.47 ptm 0.90 i_ptm 0.57 energy -46.24
135 models [1] recycles 0 hard 0 soft 0 temp 0.32 loss 2.70 i_con 3.58 plddt 0.47 ptm 0.90 i_ptm 0.52 energy -46.65
136 models [0] recycles 0 hard 0 soft 0 temp 0.30 loss 2.61 i_con 3.49 plddt 0.47 ptm 0.89 i_ptm 0.56 energy -46.83
137 models [1] recycles 0 hard 0 soft 0 temp 0.28 loss 2.56 i_con 3.46 plddt 0.48 ptm 0.90 i_ptm 0.55 energy -47.30
138 models [1] recycles 0 hard 0 soft 0 temp 0.26 loss 2.30 i_con 3.19 plddt 0.53 ptm 0.90 i_ptm 0.63 energy -47.27
139 models [0] recycles 0 hard 0 soft 0 temp 0.24 loss 2.69 i_con 3.59 plddt 0.48 ptm 0.88 i_ptm 0.54 energy -47.82
140 models [1] recycles 0 hard 0 soft 0 temp 0.22 loss 2.44 i_con 3.35 plddt 0.49 ptm 0.90 i_ptm 0.60 energy -48.23
141 models [0] recycles 0 hard 0 soft 0 temp 0.20 loss 2.48 i_con 3.41 plddt 0.50 ptm 0.88 i_ptm 0.58 energy -48.93
142 models [0] recycles 0 hard 0 soft 0 temp 0.18 loss 2.53 i_con 3.47 plddt 0.49 ptm 0.88 i_ptm 0.56 energy -49.24
143 models [0] recycles 0 hard 0 soft 0 temp 0.16 loss 2.46 i_con 3.41 plddt 0.48 ptm 0.89 i_ptm 0.59 energy -50.12
144 models [0] recycles 0 hard 0 soft 0 temp 0.14 loss 2.48 i_con 3.44 plddt 0.49 ptm 0.88 i_ptm 0.60 energy -50.40
145 models [1] recycles 0 hard 0 soft 0 temp 0.12 loss 2.42 i_con 3.39 plddt 0.50 ptm 0.90 i_ptm 0.57 energy -50.97
146 models [1] recycles 0 hard 0 soft 0 temp 0.10 loss 2.39 i_con 3.37 plddt 0.53 ptm 0.90 i_ptm 0.59 energy -51.13
147 models [0] recycles 0 hard 0 soft 0 temp 0.08 loss 2.52 i_con 3.49 plddt 0.47 ptm 0.88 i_ptm 0.58 energy -51.41
148 models [0] recycles 0 hard 0 soft 0 temp 0.06 loss 2.52 i_con 3.50 plddt 0.47 ptm 0.88 i_ptm 0.57 energy -51.43
149 models [0] recycles 0 hard 0 soft 0 temp 0.04 loss 2.40 i_con 3.38 plddt 0.49 ptm 0.89 i_ptm 0.59 energy -51.79
150 models [1] recycles 0 hard 0 soft 0 temp 0.02 loss 2.31 i_con 3.31 plddt 0.50 ptm 0.90 i_ptm 0.59 energy -52.50
151 models [0] recycles 0 hard 1 soft 0 temp 0.00 loss 2.99 i_con 3.71 plddt 0.40 ptm 0.88 i_ptm 0.46 energy -3.91
152 models [0] recycles 0 hard 1 soft 0 temp 0.00 loss 2.99 i_con 3.71 plddt 0.40 ptm 0.88 i_ptm 0.46 energy -3.91
153 models [1] recycles 0 hard 1 soft 0 temp 0.00 loss 2.84 i_con 3.57 plddt 0.43 ptm 0.90 i_ptm 0.51 energy -3.91
154 models [1] recycles 0 hard 1 soft 0 temp 0.00 loss 2.84 i_con 3.57 plddt 0.43 ptm 0.90 i_ptm 0.51 energy -3.91
155 models [0] recycles 0 hard 1 soft 0 temp 0.00 loss 2.99 i_con 3.71 plddt 0.40 ptm 0.88 i_ptm 0.46 energy -3.91
156 models [0] recycles 0 hard 1 soft 0 temp 0.00 loss 2.99 i_con 3.71 plddt 0.40 ptm 0.88 i_ptm 0.46 energy -3.91
157 models [1] recycles 0 hard 1 soft 0 temp 0.00 loss 2.84 i_con 3.57 plddt 0.43 ptm 0.90 i_ptm 0.51 energy -3.91
158 models [0] recycles 0 hard 1 soft 0 temp 0.00 loss 2.99 i_con 3.71 plddt 0.40 ptm 0.88 i_ptm 0.46 energy -3.91
159 models [0] recycles 0 hard 1 soft 0 temp 0.00 loss 2.99 i_con 3.71 plddt 0.40 ptm 0.88 i_ptm 0.46 energy -3.91
160 models [0] recycles 0 hard 1 soft 0 temp 0.00 loss 2.99 i_con 3.71 plddt 0.40 ptm 0.88 i_ptm 0.46 energy -3.91
161 models [1] recycles 0 hard 1 soft 0 temp 0.00 loss 2.84 i_con 3.57 plddt 0.43 ptm 0.90 i_ptm 0.51 energy -3.91
162 models [1] recycles 0 hard 1 soft 0 temp 0.00 loss 2.84 i_con 3.57 plddt 0.43 ptm 0.90 i_ptm 0.51 energy -3.91
163 models [1] recycles 0 hard 1 soft 0 temp 0.00 loss 2.84 i_con 3.57 plddt 0.43 ptm 0.90 i_ptm 0.51 energy -3.91
164 models [1] recycles 0 hard 1 soft 0 temp 0.00 loss 2.84 i_con 3.57 plddt 0.43 ptm 0.90 i_ptm 0.51 energy -3.91
165 models [0] recycles 0 hard 1 soft 0 temp 0.00 loss 2.99 i_con 3.71 plddt 0.40 ptm 0.88 i_ptm 0.46 energy -3.91
166 models [1] recycles 0 hard 1 soft 0 temp 0.00 loss 2.84 i_con 3.57 plddt 0.43 ptm 0.90 i_ptm 0.51 energy -3.91
167 models [1] recycles 0 hard 1 soft 0 temp 0.00 loss 2.84 i_con 3.57 plddt 0.43 ptm 0.90 i_ptm 0.51 energy -3.91
168 models [1] recycles 0 hard 1 soft 0 temp 0.00 loss 2.84 i_con 3.57 plddt 0.43 ptm 0.90 i_ptm 0.51 energy -3.91
169 models [0] recycles 0 hard 1 soft 0 temp 0.00 loss 2.99 i_con 3.71 plddt 0.40 ptm 0.88 i_ptm 0.46 energy -3.91
170 models [0] recycles 0 hard 1 soft 0 temp 0.00 loss 2.99 i_con 3.71 plddt 0.40 ptm 0.88 i_ptm 0.46 energy -3.91
171 models [0] recycles 0 hard 1 soft 0 temp 0.00 loss 2.99 i_con 3.71 plddt 0.40 ptm 0.88 i_ptm 0.46 energy -3.91
172 models [1] recycles 0 hard 1 soft 0 temp 0.00 loss 2.84 i_con 3.57 plddt 0.43 ptm 0.90 i_ptm 0.51 energy -3.91
173 models [1] recycles 0 hard 1 soft 0 temp 0.00 loss 2.84 i_con 3.57 plddt 0.43 ptm 0.90 i_ptm 0.51 energy -3.91
174 models [0] recycles 0 hard 1 soft 0 temp 0.00 loss 2.99 i_con 3.71 plddt 0.40 ptm 0.88 i_ptm 0.46 energy -3.91
175 models [0] recycles 0 hard 1 soft 0 temp 0.00 loss 2.99 i_con 3.71 plddt 0.40 ptm 0.88 i_ptm 0.46 energy -3.91
176 models [0] recycles 0 hard 1 soft 0 temp 0.00 loss 2.99 i_con 3.71 plddt 0.40 ptm 0.88 i_ptm 0.46 energy -3.91
177 models [1] recycles 0 hard 1 soft 0 temp 0.00 loss 2.84 i_con 3.57 plddt 0.43 ptm 0.90 i_ptm 0.51 energy -3.91
178 models [1] recycles 0 hard 1 soft 0 temp 0.00 loss 2.84 i_con 3.57 plddt 0.43 ptm 0.90 i_ptm 0.51 energy -3.91
179 models [1] recycles 0 hard 1 soft 0 temp 0.00 loss 2.84 i_con 3.57 plddt 0.43 ptm 0.90 i_ptm 0.51 energy -3.91
180 models [1] recycles 0 hard 1 soft 0 temp 0.00 loss 2.84 i_con 3.57 plddt 0.43 ptm 0.90 i_ptm 0.51 energy -3.91
  seq=NDIWLFLLLELELDL  loss=2.8410  loss_af=3.6231  energy=-3.9107  i_ptm=0.5139
[14/20] seed=13 ...
1 models [1] recycles 0 hard 0 soft 1 temp 1 loss 7.81 i_con 7.62 plddt 0.58 ptm 0.88 i_ptm 0.10 energy 7.43
2 models [0] recycles 0 hard 0 soft 1 temp 1 loss 7.53 i_con 7.35 plddt 0.59 ptm 0.86 i_ptm 0.12 energy 7.22
3 models [1] recycles 0 hard 0 soft 1 temp 1 loss 7.53 i_con 7.34 plddt 0.53 ptm 0.88 i_ptm 0.09 energy 7.12
4 models [0] recycles 0 hard 0 soft 1 temp 1 loss 7.28 i_con 7.09 plddt 0.51 ptm 0.86 i_ptm 0.11 energy 6.98
5 models [1] recycles 0 hard 0 soft 1 temp 1 loss 6.88 i_con 6.69 plddt 0.51 ptm 0.88 i_ptm 0.09 energy 6.90
6 models [0] recycles 0 hard 0 soft 1 temp 1 loss 6.49 i_con 6.30 plddt 0.49 ptm 0.86 i_ptm 0.12 energy 6.81
7 models [1] recycles 0 hard 0 soft 1 temp 1 loss 6.84 i_con 6.65 plddt 0.49 ptm 0.88 i_ptm 0.08 energy 6.76
8 models [0] recycles 0 hard 0 soft 1 temp 1 loss 6.39 i_con 6.21 plddt 0.47 ptm 0.86 i_ptm 0.13 energy 6.71
9 models [1] recycles 0 hard 0 soft 1 temp 1 loss 6.11 i_con 5.93 plddt 0.47 ptm 0.88 i_ptm 0.08 energy 6.79
10 models [1] recycles 0 hard 0 soft 1 temp 1 loss 6.14 i_con 5.95 plddt 0.47 ptm 0.88 i_ptm 0.08 energy 6.83
11 models [0] recycles 0 hard 0 soft 1 temp 1 loss 4.76 i_con 4.56 plddt 0.37 ptm 0.87 i_ptm 0.16 energy 6.64
12 models [0] recycles 0 hard 0 soft 1 temp 1 loss 5.56 i_con 5.37 plddt 0.44 ptm 0.86 i_ptm 0.12 energy 6.68
13 models [0] recycles 0 hard 0 soft 1 temp 1 loss 4.92 i_con 4.73 plddt 0.39 ptm 0.86 i_ptm 0.12 energy 6.44
14 models [0] recycles 0 hard 0 soft 1 temp 1 loss 4.96 i_con 4.77 plddt 0.39 ptm 0.87 i_ptm 0.12 energy 6.46
15 models [0] recycles 0 hard 0 soft 1 temp 1 loss 4.69 i_con 4.50 plddt 0.34 ptm 0.87 i_ptm 0.16 energy 6.29
16 models [0] recycles 0 hard 0 soft 1 temp 1 loss 4.24 i_con 4.06 plddt 0.38 ptm 0.87 i_ptm 0.25 energy 5.96
17 models [1] recycles 0 hard 0 soft 1 temp 1 loss 5.95 i_con 5.78 plddt 0.46 ptm 0.88 i_ptm 0.09 energy 5.64
18 models [1] recycles 0 hard 0 soft 1 temp 1 loss 6.03 i_con 5.86 plddt 0.47 ptm 0.88 i_ptm 0.09 energy 6.00
19 models [1] recycles 0 hard 0 soft 1 temp 1 loss 5.89 i_con 5.71 plddt 0.40 ptm 0.88 i_ptm 0.08 energy 5.94
20 models [0] recycles 0 hard 0 soft 1 temp 1 loss 4.63 i_con 4.44 plddt 0.35 ptm 0.87 i_ptm 0.20 energy 6.36
21 models [1] recycles 0 hard 0 soft 1 temp 1 loss 5.49 i_con 5.31 plddt 0.38 ptm 0.88 i_ptm 0.09 energy 5.92
22 models [1] recycles 0 hard 0 soft 1 temp 1 loss 5.43 i_con 5.26 plddt 0.40 ptm 0.88 i_ptm 0.09 energy 5.76
23 models [1] recycles 0 hard 0 soft 1 temp 1 loss 5.58 i_con 5.40 plddt 0.39 ptm 0.88 i_ptm 0.08 energy 6.01
24 models [0] recycles 0 hard 0 soft 1 temp 1 loss 4.56 i_con 4.39 plddt 0.37 ptm 0.87 i_ptm 0.21 energy 5.76
25 models [1] recycles 0 hard 0 soft 1 temp 1 loss 5.24 i_con 5.06 plddt 0.38 ptm 0.88 i_ptm 0.11 energy 5.55
26 models [0] recycles 0 hard 0 soft 1 temp 1 loss 4.42 i_con 4.24 plddt 0.40 ptm 0.87 i_ptm 0.26 energy 5.71
27 models [0] recycles 0 hard 0 soft 1 temp 1 loss 4.63 i_con 4.45 plddt 0.38 ptm 0.87 i_ptm 0.22 energy 5.67
28 models [1] recycles 0 hard 0 soft 1 temp 1 loss 5.24 i_con 5.08 plddt 0.36 ptm 0.88 i_ptm 0.10 energy 5.14
29 models [1] recycles 0 hard 0 soft 1 temp 1 loss 5.72 i_con 5.56 plddt 0.41 ptm 0.88 i_ptm 0.09 energy 4.98
30 models [0] recycles 0 hard 0 soft 1 temp 1 loss 4.44 i_con 4.28 plddt 0.38 ptm 0.87 i_ptm 0.26 energy 5.32
31 models [0] recycles 0 hard 0 soft 1 temp 1 loss 4.43 i_con 4.26 plddt 0.41 ptm 0.87 i_ptm 0.23 energy 5.37
32 models [0] recycles 0 hard 0 soft 1 temp 1 loss 4.87 i_con 4.71 plddt 0.37 ptm 0.87 i_ptm 0.20 energy 5.10
33 models [1] recycles 0 hard 0 soft 1 temp 1 loss 5.30 i_con 5.14 plddt 0.40 ptm 0.88 i_ptm 0.14 energy 4.60
34 models [1] recycles 0 hard 0 soft 1 temp 1 loss 5.37 i_con 5.21 plddt 0.38 ptm 0.88 i_ptm 0.10 energy 4.73
35 models [1] recycles 0 hard 0 soft 1 temp 1 loss 5.42 i_con 5.27 plddt 0.39 ptm 0.88 i_ptm 0.11 energy 4.69
36 models [0] recycles 0 hard 0 soft 1 temp 1 loss 4.66 i_con 4.50 plddt 0.39 ptm 0.87 i_ptm 0.19 energy 4.89
37 models [0] recycles 0 hard 0 soft 1 temp 1 loss 4.52 i_con 4.37 plddt 0.37 ptm 0.87 i_ptm 0.24 energy 4.69
38 models [0] recycles 0 hard 0 soft 1 temp 1 loss 4.36 i_con 4.22 plddt 0.41 ptm 0.87 i_ptm 0.26 energy 4.17
39 models [0] recycles 0 hard 0 soft 1 temp 1 loss 4.42 i_con 4.28 plddt 0.37 ptm 0.87 i_ptm 0.23 energy 4.05
40 models [1] recycles 0 hard 0 soft 1 temp 1 loss 5.15 i_con 5.01 plddt 0.38 ptm 0.88 i_ptm 0.14 energy 4.09
41 models [1] recycles 0 hard 0 soft 1 temp 1 loss 5.04 i_con 4.89 plddt 0.37 ptm 0.88 i_ptm 0.14 energy 4.20
42 models [1] recycles 0 hard 0 soft 1 temp 1 loss 4.95 i_con 4.79 plddt 0.32 ptm 0.88 i_ptm 0.16 energy 4.32
43 models [0] recycles 0 hard 0 soft 1 temp 1 loss 4.54 i_con 4.39 plddt 0.39 ptm 0.87 i_ptm 0.23 energy 4.44
44 models [1] recycles 0 hard 0 soft 1 temp 1 loss 4.98 i_con 4.83 plddt 0.34 ptm 0.88 i_ptm 0.13 energy 4.28
45 models [1] recycles 0 hard 0 soft 1 temp 1 loss 4.93 i_con 4.78 plddt 0.38 ptm 0.88 i_ptm 0.17 energy 4.27
46 models [0] recycles 0 hard 0 soft 1 temp 1 loss 4.41 i_con 4.26 plddt 0.36 ptm 0.87 i_ptm 0.22 energy 4.21
47 models [1] recycles 0 hard 0 soft 1 temp 1 loss 5.25 i_con 5.10 plddt 0.36 ptm 0.88 i_ptm 0.10 energy 4.06
48 models [1] recycles 0 hard 0 soft 1 temp 1 loss 4.45 i_con 4.30 plddt 0.35 ptm 0.89 i_ptm 0.22 energy 4.02
49 models [0] recycles 0 hard 0 soft 1 temp 1 loss 4.49 i_con 4.35 plddt 0.38 ptm 0.87 i_ptm 0.21 energy 3.91
50 models [0] recycles 0 hard 0 soft 1 temp 1 loss 4.45 i_con 4.32 plddt 0.38 ptm 0.87 i_ptm 0.23 energy 3.60
51 models [0] recycles 0 hard 0 soft 1 temp 1 loss 4.48 i_con 4.09 plddt 0.38 ptm 0.87 i_ptm 0.25 energy 3.29
52 models [1] recycles 0 hard 0 soft 1 temp 1 loss 5.07 i_con 4.75 plddt 0.31 ptm 0.88 i_ptm 0.15 energy 2.53
53 models [0] recycles 0 hard 0 soft 1 temp 1 loss 4.41 i_con 4.11 plddt 0.39 ptm 0.87 i_ptm 0.25 energy 2.37
54 models [0] recycles 0 hard 0 soft 1 temp 1 loss 4.41 i_con 4.18 plddt 0.36 ptm 0.87 i_ptm 0.23 energy 1.61
55 models [1] recycles 0 hard 0 soft 1 temp 1 loss 4.38 i_con 4.21 plddt 0.35 ptm 0.89 i_ptm 0.25 energy 1.05
56 models [1] recycles 0 hard 0 soft 1 temp 1 loss 4.44 i_con 4.31 plddt 0.36 ptm 0.88 i_ptm 0.22 energy 0.59
57 models [1] recycles 0 hard 0 soft 1 temp 1 loss 4.88 i_con 4.76 plddt 0.35 ptm 0.88 i_ptm 0.16 energy 0.58
58 models [0] recycles 0 hard 0 soft 1 temp 1 loss 4.13 i_con 4.03 plddt 0.36 ptm 0.87 i_ptm 0.27 energy 0.36
59 models [0] recycles 0 hard 0 soft 1 temp 1 loss 4.44 i_con 4.41 plddt 0.39 ptm 0.87 i_ptm 0.23 energy -0.30
60 models [1] recycles 0 hard 0 soft 1 temp 1 loss 4.49 i_con 4.45 plddt 0.36 ptm 0.89 i_ptm 0.21 energy -0.26
61 models [0] recycles 0 hard 0 soft 1 temp 1 loss 4.03 i_con 4.01 plddt 0.41 ptm 0.87 i_ptm 0.27 energy -0.38
62 models [0] recycles 0 hard 0 soft 1 temp 1 loss 4.13 i_con 4.14 plddt 0.39 ptm 0.87 i_ptm 0.24 energy -0.69
63 models [0] recycles 0 hard 0 soft 1 temp 1 loss 4.03 i_con 4.05 plddt 0.38 ptm 0.87 i_ptm 0.25 energy -0.79
64 models [1] recycles 0 hard 0 soft 1 temp 1 loss 4.29 i_con 4.33 plddt 0.34 ptm 0.88 i_ptm 0.22 energy -1.00
65 models [1] recycles 0 hard 0 soft 1 temp 1 loss 4.33 i_con 4.37 plddt 0.37 ptm 0.88 i_ptm 0.24 energy -1.04
66 models [0] recycles 0 hard 0 soft 1 temp 1 loss 4.16 i_con 4.18 plddt 0.37 ptm 0.87 i_ptm 0.23 energy -0.83
67 models [1] recycles 0 hard 0 soft 1 temp 1 loss 4.55 i_con 4.59 plddt 0.36 ptm 0.88 i_ptm 0.19 energy -1.03
68 models [0] recycles 0 hard 0 soft 1 temp 1 loss 3.94 i_con 4.00 plddt 0.40 ptm 0.87 i_ptm 0.27 energy -1.27
69 models [0] recycles 0 hard 0 soft 1 temp 1 loss 4.03 i_con 4.11 plddt 0.37 ptm 0.87 i_ptm 0.25 energy -1.47
70 models [1] recycles 0 hard 0 soft 1 temp 1 loss 4.50 i_con 4.56 plddt 0.32 ptm 0.88 i_ptm 0.18 energy -1.29
71 models [1] recycles 0 hard 0 soft 1 temp 1 loss 4.08 i_con 4.16 plddt 0.38 ptm 0.89 i_ptm 0.25 energy -1.42
72 models [1] recycles 0 hard 0 soft 1 temp 1 loss 4.25 i_con 4.35 plddt 0.37 ptm 0.88 i_ptm 0.23 energy -1.63
73 models [1] recycles 0 hard 0 soft 1 temp 1 loss 4.16 i_con 4.24 plddt 0.37 ptm 0.88 i_ptm 0.24 energy -1.46
74 models [0] recycles 0 hard 0 soft 1 temp 1 loss 4.02 i_con 4.13 plddt 0.37 ptm 0.87 i_ptm 0.26 energy -1.70
75 models [1] recycles 0 hard 0 soft 1 temp 1 loss 3.93 i_con 4.06 plddt 0.37 ptm 0.89 i_ptm 0.27 energy -1.93
76 models [1] recycles 0 hard 0 soft 1 temp 1 loss 3.93 i_con 4.09 plddt 0.38 ptm 0.89 i_ptm 0.29 energy -2.18
77 models [0] recycles 0 hard 0 soft 1 temp 1 loss 3.72 i_con 3.87 plddt 0.42 ptm 0.88 i_ptm 0.32 energy -2.07
78 models [0] recycles 0 hard 0 soft 1 temp 1 loss 3.87 i_con 4.03 plddt 0.40 ptm 0.87 i_ptm 0.29 energy -2.20
79 models [0] recycles 0 hard 0 soft 1 temp 1 loss 3.74 i_con 3.91 plddt 0.41 ptm 0.87 i_ptm 0.30 energy -2.34
80 models [1] recycles 0 hard 0 soft 1 temp 1 loss 4.03 i_con 4.22 plddt 0.38 ptm 0.88 i_ptm 0.27 energy -2.60
81 models [0] recycles 0 hard 0 soft 1 temp 1 loss 3.89 i_con 4.09 plddt 0.39 ptm 0.87 i_ptm 0.26 energy -2.62
82 models [1] recycles 0 hard 0 soft 1 temp 1 loss 3.89 i_con 4.10 plddt 0.38 ptm 0.89 i_ptm 0.27 energy -2.78
83 models [0] recycles 0 hard 0 soft 1 temp 1 loss 3.98 i_con 4.18 plddt 0.35 ptm 0.87 i_ptm 0.23 energy -2.68
84 models [1] recycles 0 hard 0 soft 1 temp 1 loss 3.75 i_con 3.95 plddt 0.44 ptm 0.89 i_ptm 0.34 energy -2.57
85 models [0] recycles 0 hard 0 soft 1 temp 1 loss 3.89 i_con 4.09 plddt 0.40 ptm 0.87 i_ptm 0.29 energy -2.56
86 models [1] recycles 0 hard 0 soft 1 temp 1 loss 3.46 i_con 3.68 plddt 0.48 ptm 0.89 i_ptm 0.46 energy -2.69
87 models [0] recycles 0 hard 0 soft 1 temp 1 loss 3.71 i_con 3.91 plddt 0.42 ptm 0.87 i_ptm 0.30 energy -2.51
88 models [0] recycles 0 hard 0 soft 1 temp 1 loss 3.65 i_con 3.88 plddt 0.41 ptm 0.88 i_ptm 0.34 energy -2.90
89 models [0] recycles 0 hard 0 soft 1 temp 1 loss 3.80 i_con 4.04 plddt 0.43 ptm 0.87 i_ptm 0.28 energy -2.96
90 models [1] recycles 0 hard 0 soft 1 temp 1 loss 3.95 i_con 4.18 plddt 0.41 ptm 0.89 i_ptm 0.24 energy -2.91
91 models [0] recycles 0 hard 0 soft 1 temp 1 loss 3.86 i_con 4.09 plddt 0.41 ptm 0.87 i_ptm 0.28 energy -2.85
92 models [1] recycles 0 hard 0 soft 1 temp 1 loss 3.82 i_con 4.04 plddt 0.41 ptm 0.89 i_ptm 0.29 energy -2.75
93 models [1] recycles 0 hard 0 soft 1 temp 1 loss 3.93 i_con 4.12 plddt 0.39 ptm 0.89 i_ptm 0.28 energy -2.54
94 models [0] recycles 0 hard 0 soft 1 temp 1 loss 3.84 i_con 4.08 plddt 0.39 ptm 0.87 i_ptm 0.25 energy -2.96
95 models [1] recycles 0 hard 0 soft 1 temp 1 loss 3.41 i_con 3.67 plddt 0.46 ptm 0.90 i_ptm 0.47 energy -3.09
96 models [0] recycles 0 hard 0 soft 1 temp 1 loss 3.91 i_con 4.16 plddt 0.40 ptm 0.87 i_ptm 0.25 energy -3.01
97 models [1] recycles 0 hard 0 soft 1 temp 1 loss 3.97 i_con 4.22 plddt 0.37 ptm 0.88 i_ptm 0.23 energy -3.12
98 models [0] recycles 0 hard 0 soft 1 temp 1 loss 3.72 i_con 3.95 plddt 0.40 ptm 0.87 i_ptm 0.32 energy -2.92
99 models [1] recycles 0 hard 0 soft 1 temp 1 loss 3.93 i_con 4.18 plddt 0.39 ptm 0.89 i_ptm 0.24 energy -3.13
100 models [1] recycles 0 hard 0 soft 1 temp 1 loss 3.69 i_con 3.94 plddt 0.42 ptm 0.89 i_ptm 0.34 energy -3.06
101 models [0] recycles 0 hard 0 soft 0 temp 1 loss 5.78 i_con 6.00 plddt 0.53 ptm 0.87 i_ptm 0.12 energy -13.30
102 models [1] recycles 0 hard 0 soft 0 temp 0.98 loss 6.46 i_con 6.68 plddt 0.55 ptm 0.88 i_ptm 0.09 energy -13.18
103 models [0] recycles 0 hard 0 soft 0 temp 0.96 loss 4.55 i_con 4.75 plddt 0.40 ptm 0.87 i_ptm 0.22 energy -13.04
104 models [1] recycles 0 hard 0 soft 0 temp 0.94 loss 5.39 i_con 5.60 plddt 0.51 ptm 0.88 i_ptm 0.10 energy -12.90
105 models [0] recycles 0 hard 0 soft 0 temp 0.92 loss 3.53 i_con 3.73 plddt 0.47 ptm 0.88 i_ptm 0.45 energy -12.80
106 models [1] recycles 0 hard 0 soft 0 temp 0.90 loss 3.45 i_con 3.66 plddt 0.45 ptm 0.89 i_ptm 0.42 energy -12.85
107 models [1] recycles 0 hard 0 soft 0 temp 0.88 loss 3.43 i_con 3.64 plddt 0.49 ptm 0.90 i_ptm 0.44 energy -12.93
108 models [0] recycles 0 hard 0 soft 0 temp 0.86 loss 3.41 i_con 3.62 plddt 0.48 ptm 0.88 i_ptm 0.47 energy -13.13
109 models [1] recycles 0 hard 0 soft 0 temp 0.84 loss 3.21 i_con 3.42 plddt 0.52 ptm 0.90 i_ptm 0.56 energy -13.23
110 models [0] recycles 0 hard 0 soft 0 temp 0.82 loss 3.38 i_con 3.59 plddt 0.47 ptm 0.88 i_ptm 0.49 energy -13.27
111 models [0] recycles 0 hard 0 soft 0 temp 0.80 loss 3.41 i_con 3.63 plddt 0.48 ptm 0.88 i_ptm 0.45 energy -13.62
112 models [0] recycles 0 hard 0 soft 0 temp 0.78 loss 3.28 i_con 3.51 plddt 0.49 ptm 0.88 i_ptm 0.51 energy -13.85
113 models [0] recycles 0 hard 0 soft 0 temp 0.76 loss 3.25 i_con 3.48 plddt 0.51 ptm 0.88 i_ptm 0.52 energy -14.16
114 models [1] recycles 0 hard 0 soft 0 temp 0.74 loss 2.81 i_con 3.05 plddt 0.57 ptm 0.91 i_ptm 0.66 energy -14.30
115 models [0] recycles 0 hard 0 soft 0 temp 0.72 loss 2.96 i_con 3.20 plddt 0.56 ptm 0.89 i_ptm 0.63 energy -14.53
116 models [0] recycles 0 hard 0 soft 0 temp 0.70 loss 3.13 i_con 3.37 plddt 0.52 ptm 0.89 i_ptm 0.56 energy -14.77
117 models [0] recycles 0 hard 0 soft 0 temp 0.68 loss 2.87 i_con 3.13 plddt 0.59 ptm 0.89 i_ptm 0.68 energy -15.05
118 models [1] recycles 0 hard 0 soft 0 temp 0.66 loss 2.77 i_con 3.04 plddt 0.59 ptm 0.91 i_ptm 0.67 energy -15.12
119 models [0] recycles 0 hard 0 soft 0 temp 0.64 loss 3.06 i_con 3.32 plddt 0.56 ptm 0.89 i_ptm 0.60 energy -15.11
120 models [1] recycles 0 hard 0 soft 0 temp 0.62 loss 3.03 i_con 3.28 plddt 0.54 ptm 0.90 i_ptm 0.62 energy -15.18
121 models [0] recycles 0 hard 0 soft 0 temp 0.60 loss 2.90 i_con 3.16 plddt 0.59 ptm 0.89 i_ptm 0.67 energy -15.22
122 models [0] recycles 0 hard 0 soft 0 temp 0.58 loss 3.09 i_con 3.35 plddt 0.56 ptm 0.89 i_ptm 0.62 energy -15.40
123 models [0] recycles 0 hard 0 soft 0 temp 0.56 loss 2.78 i_con 3.05 plddt 0.63 ptm 0.89 i_ptm 0.70 energy -15.36
124 models [0] recycles 0 hard 0 soft 0 temp 0.54 loss 2.59 i_con 2.86 plddt 0.64 ptm 0.89 i_ptm 0.73 energy -15.32
125 models [0] recycles 0 hard 0 soft 0 temp 0.52 loss 2.90 i_con 3.16 plddt 0.58 ptm 0.89 i_ptm 0.66 energy -15.43
126 models [0] recycles 0 hard 0 soft 0 temp 0.50 loss 2.40 i_con 2.68 plddt 0.70 ptm 0.90 i_ptm 0.76 energy -15.54
127 models [0] recycles 0 hard 0 soft 0 temp 0.48 loss 2.80 i_con 3.07 plddt 0.60 ptm 0.89 i_ptm 0.68 energy -15.68
128 models [1] recycles 0 hard 0 soft 0 temp 0.46 loss 2.28 i_con 2.56 plddt 0.70 ptm 0.91 i_ptm 0.78 energy -15.66
129 models [1] recycles 0 hard 0 soft 0 temp 0.44 loss 2.31 i_con 2.59 plddt 0.70 ptm 0.91 i_ptm 0.78 energy -15.79
130 models [1] recycles 0 hard 0 soft 0 temp 0.42 loss 2.14 i_con 2.43 plddt 0.74 ptm 0.91 i_ptm 0.80 energy -15.85
131 models [1] recycles 0 hard 0 soft 0 temp 0.40 loss 2.25 i_con 2.53 plddt 0.68 ptm 0.91 i_ptm 0.76 energy -15.99
132 models [1] recycles 0 hard 0 soft 0 temp 0.38 loss 2.13 i_con 2.42 plddt 0.72 ptm 0.91 i_ptm 0.79 energy -15.97
133 models [1] recycles 0 hard 0 soft 0 temp 0.36 loss 2.10 i_con 2.40 plddt 0.74 ptm 0.91 i_ptm 0.80 energy -16.14
134 models [1] recycles 0 hard 0 soft 0 temp 0.34 loss 2.25 i_con 2.55 plddt 0.70 ptm 0.91 i_ptm 0.79 energy -16.25
135 models [0] recycles 0 hard 0 soft 0 temp 0.32 loss 2.45 i_con 2.74 plddt 0.67 ptm 0.89 i_ptm 0.74 energy -16.14
136 models [0] recycles 0 hard 0 soft 0 temp 0.30 loss 2.26 i_con 2.56 plddt 0.69 ptm 0.90 i_ptm 0.76 energy -16.23
137 models [1] recycles 0 hard 0 soft 0 temp 0.28 loss 2.02 i_con 2.32 plddt 0.76 ptm 0.91 i_ptm 0.82 energy -16.14
138 models [1] recycles 0 hard 0 soft 0 temp 0.26 loss 1.99 i_con 2.29 plddt 0.75 ptm 0.91 i_ptm 0.82 energy -16.50
139 models [0] recycles 0 hard 0 soft 0 temp 0.24 loss 2.63 i_con 2.93 plddt 0.65 ptm 0.89 i_ptm 0.71 energy -16.62
140 models [1] recycles 0 hard 0 soft 0 temp 0.22 loss 2.14 i_con 2.45 plddt 0.73 ptm 0.91 i_ptm 0.79 energy -16.66
141 models [0] recycles 0 hard 0 soft 0 temp 0.20 loss 2.15 i_con 2.45 plddt 0.72 ptm 0.90 i_ptm 0.80 energy -16.79
142 models [0] recycles 0 hard 0 soft 0 temp 0.18 loss 2.56 i_con 2.86 plddt 0.67 ptm 0.89 i_ptm 0.75 energy -16.85
143 models [1] recycles 0 hard 0 soft 0 temp 0.16 loss 1.93 i_con 2.24 plddt 0.76 ptm 0.92 i_ptm 0.82 energy -16.63
144 models [0] recycles 0 hard 0 soft 0 temp 0.14 loss 2.44 i_con 2.75 plddt 0.67 ptm 0.89 i_ptm 0.75 energy -17.03
145 models [1] recycles 0 hard 0 soft 0 temp 0.12 loss 1.97 i_con 2.29 plddt 0.75 ptm 0.92 i_ptm 0.82 energy -17.04
146 models [1] recycles 0 hard 0 soft 0 temp 0.10 loss 1.86 i_con 2.19 plddt 0.77 ptm 0.92 i_ptm 0.83 energy -17.32
147 models [0] recycles 0 hard 0 soft 0 temp 0.08 loss 2.09 i_con 2.42 plddt 0.74 ptm 0.90 i_ptm 0.80 energy -17.47
148 models [1] recycles 0 hard 0 soft 0 temp 0.06 loss 1.84 i_con 2.17 plddt 0.78 ptm 0.92 i_ptm 0.83 energy -17.76
149 models [0] recycles 0 hard 0 soft 0 temp 0.04 loss 2.17 i_con 2.50 plddt 0.71 ptm 0.89 i_ptm 0.78 energy -17.89
150 models [0] recycles 0 hard 0 soft 0 temp 0.02 loss 2.26 i_con 2.59 plddt 0.70 ptm 0.90 i_ptm 0.76 energy -17.96
151 models [0] recycles 0 hard 1 soft 0 temp 0.00 loss 3.30 i_con 3.74 plddt 0.43 ptm 0.88 i_ptm 0.43 energy -2.50
152 models [0] recycles 0 hard 1 soft 0 temp 0.00 loss 3.30 i_con 3.74 plddt 0.43 ptm 0.88 i_ptm 0.43 energy -2.50
153 models [1] recycles 0 hard 1 soft 0 temp 0.00 loss 3.13 i_con 3.57 plddt 0.45 ptm 0.90 i_ptm 0.51 energy -2.50
154 models [0] recycles 0 hard 1 soft 0 temp 0.00 loss 3.30 i_con 3.74 plddt 0.43 ptm 0.88 i_ptm 0.43 energy -2.50
155 models [0] recycles 0 hard 1 soft 0 temp 0.00 loss 3.30 i_con 3.74 plddt 0.43 ptm 0.88 i_ptm 0.43 energy -2.50
156 models [1] recycles 0 hard 1 soft 0 temp 0.00 loss 3.13 i_con 3.57 plddt 0.45 ptm 0.90 i_ptm 0.51 energy -2.50
157 models [1] recycles 0 hard 1 soft 0 temp 0.00 loss 3.13 i_con 3.57 plddt 0.45 ptm 0.90 i_ptm 0.51 energy -2.50
158 models [0] recycles 0 hard 1 soft 0 temp 0.00 loss 3.30 i_con 3.74 plddt 0.43 ptm 0.88 i_ptm 0.43 energy -2.50
159 models [0] recycles 0 hard 1 soft 0 temp 0.00 loss 3.30 i_con 3.74 plddt 0.43 ptm 0.88 i_ptm 0.43 energy -2.50
160 models [1] recycles 0 hard 1 soft 0 temp 0.00 loss 3.13 i_con 3.57 plddt 0.45 ptm 0.90 i_ptm 0.51 energy -2.50
161 models [0] recycles 0 hard 1 soft 0 temp 0.00 loss 3.30 i_con 3.74 plddt 0.43 ptm 0.88 i_ptm 0.43 energy -2.50
162 models [0] recycles 0 hard 1 soft 0 temp 0.00 loss 3.30 i_con 3.74 plddt 0.43 ptm 0.88 i_ptm 0.43 energy -2.50
163 models [1] recycles 0 hard 1 soft 0 temp 0.00 loss 3.13 i_con 3.57 plddt 0.45 ptm 0.90 i_ptm 0.51 energy -2.50
164 models [0] recycles 0 hard 1 soft 0 temp 0.00 loss 3.30 i_con 3.74 plddt 0.43 ptm 0.88 i_ptm 0.43 energy -2.50
165 models [1] recycles 0 hard 1 soft 0 temp 0.00 loss 3.13 i_con 3.57 plddt 0.45 ptm 0.90 i_ptm 0.51 energy -2.50
166 models [0] recycles 0 hard 1 soft 0 temp 0.00 loss 3.30 i_con 3.74 plddt 0.43 ptm 0.88 i_ptm 0.43 energy -2.50
167 models [0] recycles 0 hard 1 soft 0 temp 0.00 loss 3.30 i_con 3.74 plddt 0.43 ptm 0.88 i_ptm 0.43 energy -2.50
168 models [0] recycles 0 hard 1 soft 0 temp 0.00 loss 3.30 i_con 3.74 plddt 0.43 ptm 0.88 i_ptm 0.43 energy -2.50
169 models [1] recycles 0 hard 1 soft 0 temp 0.00 loss 3.13 i_con 3.57 plddt 0.45 ptm 0.90 i_ptm 0.51 energy -2.50
170 models [1] recycles 0 hard 1 soft 0 temp 0.00 loss 3.13 i_con 3.57 plddt 0.45 ptm 0.90 i_ptm 0.51 energy -2.50
171 models [0] recycles 0 hard 1 soft 0 temp 0.00 loss 3.30 i_con 3.74 plddt 0.43 ptm 0.88 i_ptm 0.43 energy -2.50
172 models [0] recycles 0 hard 1 soft 0 temp 0.00 loss 3.30 i_con 3.74 plddt 0.43 ptm 0.88 i_ptm 0.43 energy -2.50
173 models [0] recycles 0 hard 1 soft 0 temp 0.00 loss 3.30 i_con 3.74 plddt 0.43 ptm 0.88 i_ptm 0.43 energy -2.50
174 models [0] recycles 0 hard 1 soft 0 temp 0.00 loss 3.30 i_con 3.74 plddt 0.43 ptm 0.88 i_ptm 0.43 energy -2.50
175 models [1] recycles 0 hard 1 soft 0 temp 0.00 loss 3.13 i_con 3.57 plddt 0.45 ptm 0.90 i_ptm 0.51 energy -2.50
176 models [1] recycles 0 hard 1 soft 0 temp 0.00 loss 3.13 i_con 3.57 plddt 0.45 ptm 0.90 i_ptm 0.51 energy -2.50
177 models [1] recycles 0 hard 1 soft 0 temp 0.00 loss 3.13 i_con 3.57 plddt 0.45 ptm 0.90 i_ptm 0.51 energy -2.50
178 models [1] recycles 0 hard 1 soft 0 temp 0.00 loss 3.13 i_con 3.57 plddt 0.45 ptm 0.90 i_ptm 0.51 energy -2.50
179 models [0] recycles 0 hard 1 soft 0 temp 0.00 loss 3.30 i_con 3.74 plddt 0.43 ptm 0.88 i_ptm 0.43 energy -2.50
180 models [1] recycles 0 hard 1 soft 0 temp 0.00 loss 3.13 i_con 3.57 plddt 0.45 ptm 0.90 i_ptm 0.51 energy -2.50
  seq=AASGPALEVLLCLFL  loss=3.1277  loss_af=3.6274  energy=-2.4985  i_ptm=0.5087
[15/20] seed=14 ...
1 models [1] recycles 0 hard 0 soft 1 temp 1 loss 7.82 i_con 7.63 plddt 0.56 ptm 0.88 i_ptm 0.09 energy 7.41
2 models [0] recycles 0 hard 0 soft 1 temp 1 loss 7.75 i_con 7.57 plddt 0.61 ptm 0.86 i_ptm 0.13 energy 7.21
3 models [1] recycles 0 hard 0 soft 1 temp 1 loss 7.68 i_con 7.49 plddt 0.53 ptm 0.88 i_ptm 0.10 energy 7.11
4 models [0] recycles 0 hard 0 soft 1 temp 1 loss 7.55 i_con 7.36 plddt 0.51 ptm 0.86 i_ptm 0.13 energy 6.97
5 models [0] recycles 0 hard 0 soft 1 temp 1 loss 7.27 i_con 7.09 plddt 0.53 ptm 0.86 i_ptm 0.12 energy 6.91
6 models [0] recycles 0 hard 0 soft 1 temp 1 loss 6.65 i_con 6.47 plddt 0.55 ptm 0.86 i_ptm 0.12 energy 6.77
7 models [1] recycles 0 hard 0 soft 1 temp 1 loss 7.02 i_con 6.84 plddt 0.52 ptm 0.88 i_ptm 0.08 energy 6.71
8 models [0] recycles 0 hard 0 soft 1 temp 1 loss 6.82 i_con 6.64 plddt 0.49 ptm 0.86 i_ptm 0.14 energy 6.54
9 models [1] recycles 0 hard 0 soft 1 temp 1 loss 6.45 i_con 6.27 plddt 0.50 ptm 0.88 i_ptm 0.09 energy 6.47
10 models [1] recycles 0 hard 0 soft 1 temp 1 loss 6.11 i_con 5.92 plddt 0.43 ptm 0.88 i_ptm 0.08 energy 6.35
11 models [1] recycles 0 hard 0 soft 1 temp 1 loss 5.91 i_con 5.74 plddt 0.46 ptm 0.88 i_ptm 0.08 energy 6.15
12 models [1] recycles 0 hard 0 soft 1 temp 1 loss 6.21 i_con 6.04 plddt 0.48 ptm 0.88 i_ptm 0.08 energy 5.87
13 models [0] recycles 0 hard 0 soft 1 temp 1 loss 5.58 i_con 5.41 plddt 0.44 ptm 0.86 i_ptm 0.11 energy 5.69
14 models [1] recycles 0 hard 0 soft 1 temp 1 loss 5.68 i_con 5.51 plddt 0.41 ptm 0.88 i_ptm 0.09 energy 5.48
15 models [0] recycles 0 hard 0 soft 1 temp 1 loss 4.82 i_con 4.65 plddt 0.40 ptm 0.87 i_ptm 0.20 energy 5.60
16 models [1] recycles 0 hard 0 soft 1 temp 1 loss 5.72 i_con 5.55 plddt 0.44 ptm 0.88 i_ptm 0.09 energy 5.76
17 models [1] recycles 0 hard 0 soft 1 temp 1 loss 5.32 i_con 5.14 plddt 0.39 ptm 0.88 i_ptm 0.10 energy 5.71
18 models [0] recycles 0 hard 0 soft 1 temp 1 loss 4.84 i_con 4.66 plddt 0.37 ptm 0.86 i_ptm 0.18 energy 5.77
19 models [0] recycles 0 hard 0 soft 1 temp 1 loss 4.72 i_con 4.54 plddt 0.40 ptm 0.87 i_ptm 0.21 energy 5.69
20 models [1] recycles 0 hard 0 soft 1 temp 1 loss 5.51 i_con 5.35 plddt 0.41 ptm 0.88 i_ptm 0.09 energy 5.12
21 models [0] recycles 0 hard 0 soft 1 temp 1 loss 4.88 i_con 4.72 plddt 0.35 ptm 0.87 i_ptm 0.14 energy 5.06
22 models [1] recycles 0 hard 0 soft 1 temp 1 loss 5.06 i_con 4.90 plddt 0.36 ptm 0.88 i_ptm 0.15 energy 4.59
23 models [1] recycles 0 hard 0 soft 1 temp 1 loss 5.14 i_con 4.99 plddt 0.38 ptm 0.88 i_ptm 0.12 energy 4.55
24 models [0] recycles 0 hard 0 soft 1 temp 1 loss 5.22 i_con 5.06 plddt 0.38 ptm 0.87 i_ptm 0.13 energy 4.88
25 models [0] recycles 0 hard 0 soft 1 temp 1 loss 4.50 i_con 4.34 plddt 0.38 ptm 0.87 i_ptm 0.25 energy 4.76
26 models [0] recycles 0 hard 0 soft 1 temp 1 loss 4.63 i_con 4.47 plddt 0.35 ptm 0.87 i_ptm 0.22 energy 4.83
27 models [1] recycles 0 hard 0 soft 1 temp 1 loss 5.14 i_con 4.98 plddt 0.36 ptm 0.88 i_ptm 0.15 energy 4.85
28 models [0] recycles 0 hard 0 soft 1 temp 1 loss 4.61 i_con 4.45 plddt 0.38 ptm 0.87 i_ptm 0.23 energy 4.71
29 models [1] recycles 0 hard 0 soft 1 temp 1 loss 5.21 i_con 5.06 plddt 0.38 ptm 0.88 i_ptm 0.14 energy 4.40
30 models [1] recycles 0 hard 0 soft 1 temp 1 loss 5.20 i_con 5.04 plddt 0.38 ptm 0.88 i_ptm 0.12 energy 4.84
31 models [0] recycles 0 hard 0 soft 1 temp 1 loss 4.43 i_con 4.28 plddt 0.39 ptm 0.87 i_ptm 0.28 energy 4.45
32 models [0] recycles 0 hard 0 soft 1 temp 1 loss 4.68 i_con 4.53 plddt 0.42 ptm 0.87 i_ptm 0.23 energy 4.41
33 models [0] recycles 0 hard 0 soft 1 temp 1 loss 4.72 i_con 4.58 plddt 0.38 ptm 0.87 i_ptm 0.25 energy 3.87
34 models [0] recycles 0 hard 0 soft 1 temp 1 loss 4.49 i_con 4.36 plddt 0.42 ptm 0.87 i_ptm 0.26 energy 3.64
35 models [0] recycles 0 hard 0 soft 1 temp 1 loss 4.57 i_con 4.44 plddt 0.42 ptm 0.87 i_ptm 0.20 energy 3.56
36 models [0] recycles 0 hard 0 soft 1 temp 1 loss 4.58 i_con 4.46 plddt 0.37 ptm 0.87 i_ptm 0.22 energy 2.98
37 models [0] recycles 0 hard 0 soft 1 temp 1 loss 4.40 i_con 4.29 plddt 0.41 ptm 0.87 i_ptm 0.24 energy 2.59
38 models [1] recycles 0 hard 0 soft 1 temp 1 loss 5.16 i_con 5.05 plddt 0.39 ptm 0.88 i_ptm 0.15 energy 2.52
39 models [0] recycles 0 hard 0 soft 1 temp 1 loss 4.66 i_con 4.54 plddt 0.39 ptm 0.87 i_ptm 0.23 energy 2.53
40 models [0] recycles 0 hard 0 soft 1 temp 1 loss 4.71 i_con 4.61 plddt 0.36 ptm 0.87 i_ptm 0.19 energy 1.91
41 models [1] recycles 0 hard 0 soft 1 temp 1 loss 4.91 i_con 4.81 plddt 0.36 ptm 0.88 i_ptm 0.17 energy 1.86
42 models [1] recycles 0 hard 0 soft 1 temp 1 loss 5.36 i_con 5.26 plddt 0.35 ptm 0.88 i_ptm 0.11 energy 1.56
43 models [1] recycles 0 hard 0 soft 1 temp 1 loss 5.16 i_con 5.06 plddt 0.37 ptm 0.88 i_ptm 0.12 energy 1.67
44 models [1] recycles 0 hard 0 soft 1 temp 1 loss 5.04 i_con 4.95 plddt 0.38 ptm 0.88 i_ptm 0.15 energy 1.59
45 models [1] recycles 0 hard 0 soft 1 temp 1 loss 5.02 i_con 4.92 plddt 0.34 ptm 0.88 i_ptm 0.15 energy 1.83
46 models [0] recycles 0 hard 0 soft 1 temp 1 loss 4.96 i_con 4.86 plddt 0.37 ptm 0.87 i_ptm 0.17 energy 1.79
47 models [0] recycles 0 hard 0 soft 1 temp 1 loss 4.43 i_con 4.33 plddt 0.38 ptm 0.87 i_ptm 0.24 energy 1.69
48 models [0] recycles 0 hard 0 soft 1 temp 1 loss 4.61 i_con 4.52 plddt 0.39 ptm 0.87 i_ptm 0.19 energy 1.27
49 models [1] recycles 0 hard 0 soft 1 temp 1 loss 5.28 i_con 5.19 plddt 0.38 ptm 0.88 i_ptm 0.09 energy 1.36
50 models [1] recycles 0 hard 0 soft 1 temp 1 loss 5.91 i_con 5.83 plddt 0.45 ptm 0.88 i_ptm 0.09 energy 1.41
51 models [1] recycles 0 hard 0 soft 1 temp 1 loss 4.99 i_con 4.80 plddt 0.35 ptm 0.88 i_ptm 0.20 energy 1.24
52 models [1] recycles 0 hard 0 soft 1 temp 1 loss 5.27 i_con 5.19 plddt 0.35 ptm 0.88 i_ptm 0.10 energy 0.20
53 models [0] recycles 0 hard 0 soft 1 temp 1 loss 4.68 i_con 4.59 plddt 0.37 ptm 0.87 i_ptm 0.19 energy 0.32
54 models [1] recycles 0 hard 0 soft 1 temp 1 loss 4.96 i_con 4.96 plddt 0.37 ptm 0.88 i_ptm 0.15 energy -0.61
55 models [1] recycles 0 hard 0 soft 1 temp 1 loss 4.84 i_con 4.90 plddt 0.35 ptm 0.88 i_ptm 0.14 energy -1.24
56 models [0] recycles 0 hard 0 soft 1 temp 1 loss 4.25 i_con 4.32 plddt 0.38 ptm 0.87 i_ptm 0.23 energy -1.29
57 models [0] recycles 0 hard 0 soft 1 temp 1 loss 4.30 i_con 4.38 plddt 0.39 ptm 0.87 i_ptm 0.24 energy -1.42
58 models [1] recycles 0 hard 0 soft 1 temp 1 loss 5.28 i_con 5.37 plddt 0.38 ptm 0.88 i_ptm 0.10 energy -1.58
59 models [1] recycles 0 hard 0 soft 1 temp 1 loss 4.91 i_con 5.03 plddt 0.36 ptm 0.88 i_ptm 0.13 energy -1.85
60 models [1] recycles 0 hard 0 soft 1 temp 1 loss 4.76 i_con 4.88 plddt 0.35 ptm 0.88 i_ptm 0.18 energy -1.91
61 models [0] recycles 0 hard 0 soft 1 temp 1 loss 4.71 i_con 4.85 plddt 0.35 ptm 0.87 i_ptm 0.14 energy -2.05
62 models [1] recycles 0 hard 0 soft 1 temp 1 loss 4.79 i_con 4.94 plddt 0.39 ptm 0.88 i_ptm 0.14 energy -2.09
63 models [1] recycles 0 hard 0 soft 1 temp 1 loss 4.80 i_con 4.96 plddt 0.39 ptm 0.88 i_ptm 0.15 energy -2.24
64 models [0] recycles 0 hard 0 soft 1 temp 1 loss 4.40 i_con 4.57 plddt 0.34 ptm 0.87 i_ptm 0.21 energy -2.33
65 models [0] recycles 0 hard 0 soft 1 temp 1 loss 4.23 i_con 4.41 plddt 0.37 ptm 0.87 i_ptm 0.23 energy -2.42
66 models [0] recycles 0 hard 0 soft 1 temp 1 loss 4.18 i_con 4.38 plddt 0.40 ptm 0.87 i_ptm 0.25 energy -2.62
67 models [1] recycles 0 hard 0 soft 1 temp 1 loss 4.27 i_con 4.47 plddt 0.36 ptm 0.88 i_ptm 0.19 energy -2.69
68 models [0] recycles 0 hard 0 soft 1 temp 1 loss 4.03 i_con 4.23 plddt 0.39 ptm 0.87 i_ptm 0.23 energy -2.64
69 models [1] recycles 0 hard 0 soft 1 temp 1 loss 4.33 i_con 4.55 plddt 0.35 ptm 0.88 i_ptm 0.17 energy -2.89
70 models [0] recycles 0 hard 0 soft 1 temp 1 loss 4.16 i_con 4.37 plddt 0.39 ptm 0.87 i_ptm 0.23 energy -2.72
71 models [0] recycles 0 hard 0 soft 1 temp 1 loss 4.07 i_con 4.31 plddt 0.43 ptm 0.87 i_ptm 0.24 energy -2.97
72 models [1] recycles 0 hard 0 soft 1 temp 1 loss 4.07 i_con 4.32 plddt 0.38 ptm 0.88 i_ptm 0.24 energy -3.08
73 models [0] recycles 0 hard 0 soft 1 temp 1 loss 3.79 i_con 4.04 plddt 0.44 ptm 0.87 i_ptm 0.30 energy -3.13
74 models [1] recycles 0 hard 0 soft 1 temp 1 loss 3.96 i_con 4.24 plddt 0.39 ptm 0.89 i_ptm 0.24 energy -3.41
75 models [1] recycles 0 hard 0 soft 1 temp 1 loss 4.17 i_con 4.45 plddt 0.36 ptm 0.88 i_ptm 0.25 energy -3.48
76 models [1] recycles 0 hard 0 soft 1 temp 1 loss 4.08 i_con 4.36 plddt 0.38 ptm 0.89 i_ptm 0.23 energy -3.47
77 models [1] recycles 0 hard 0 soft 1 temp 1 loss 3.92 i_con 4.21 plddt 0.37 ptm 0.89 i_ptm 0.27 energy -3.51
78 models [0] recycles 0 hard 0 soft 1 temp 1 loss 4.01 i_con 4.32 plddt 0.40 ptm 0.87 i_ptm 0.26 energy -3.73
79 models [1] recycles 0 hard 0 soft 1 temp 1 loss 4.10 i_con 4.42 plddt 0.37 ptm 0.88 i_ptm 0.22 energy -3.75
80 models [0] recycles 0 hard 0 soft 1 temp 1 loss 3.81 i_con 4.12 plddt 0.42 ptm 0.87 i_ptm 0.30 energy -3.66
81 models [0] recycles 0 hard 0 soft 1 temp 1 loss 3.78 i_con 4.09 plddt 0.44 ptm 0.87 i_ptm 0.28 energy -3.67
82 models [1] recycles 0 hard 0 soft 1 temp 1 loss 3.90 i_con 4.21 plddt 0.37 ptm 0.89 i_ptm 0.27 energy -3.73
83 models [0] recycles 0 hard 0 soft 1 temp 1 loss 3.97 i_con 4.30 plddt 0.41 ptm 0.87 i_ptm 0.26 energy -3.93
84 models [1] recycles 0 hard 0 soft 1 temp 1 loss 4.01 i_con 4.33 plddt 0.39 ptm 0.88 i_ptm 0.23 energy -3.80
85 models [1] recycles 0 hard 0 soft 1 temp 1 loss 3.98 i_con 4.31 plddt 0.38 ptm 0.89 i_ptm 0.25 energy -3.92
86 models [1] recycles 0 hard 0 soft 1 temp 1 loss 3.97 i_con 4.29 plddt 0.37 ptm 0.89 i_ptm 0.24 energy -3.81
87 models [1] recycles 0 hard 0 soft 1 temp 1 loss 4.11 i_con 4.45 plddt 0.35 ptm 0.88 i_ptm 0.21 energy -4.05
88 models [1] recycles 0 hard 0 soft 1 temp 1 loss 3.88 i_con 4.23 plddt 0.37 ptm 0.89 i_ptm 0.26 energy -4.13
89 models [1] recycles 0 hard 0 soft 1 temp 1 loss 4.04 i_con 4.39 plddt 0.38 ptm 0.88 i_ptm 0.22 energy -4.17
90 models [0] recycles 0 hard 0 soft 1 temp 1 loss 3.70 i_con 4.06 plddt 0.42 ptm 0.87 i_ptm 0.27 energy -4.19
91 models [1] recycles 0 hard 0 soft 1 temp 1 loss 3.76 i_con 4.12 plddt 0.38 ptm 0.89 i_ptm 0.27 energy -4.25
92 models [1] recycles 0 hard 0 soft 1 temp 1 loss 3.77 i_con 4.15 plddt 0.39 ptm 0.88 i_ptm 0.28 energy -4.34
93 models [1] recycles 0 hard 0 soft 1 temp 1 loss 3.62 i_con 4.01 plddt 0.38 ptm 0.89 i_ptm 0.33 energy -4.49
94 models [1] recycles 0 hard 0 soft 1 temp 1 loss 3.53 i_con 3.92 plddt 0.39 ptm 0.89 i_ptm 0.35 energy -4.48
95 models [0] recycles 0 hard 0 soft 1 temp 1 loss 3.53 i_con 3.93 plddt 0.38 ptm 0.87 i_ptm 0.35 energy -4.57
96 models [1] recycles 0 hard 0 soft 1 temp 1 loss 3.53 i_con 3.93 plddt 0.44 ptm 0.89 i_ptm 0.35 energy -4.53
97 models [0] recycles 0 hard 0 soft 1 temp 1 loss 3.61 i_con 4.02 plddt 0.43 ptm 0.87 i_ptm 0.29 energy -4.68
98 models [0] recycles 0 hard 0 soft 1 temp 1 loss 3.54 i_con 3.96 plddt 0.42 ptm 0.88 i_ptm 0.33 energy -4.80
99 models [0] recycles 0 hard 0 soft 1 temp 1 loss 3.55 i_con 3.96 plddt 0.39 ptm 0.87 i_ptm 0.31 energy -4.69
100 models [1] recycles 0 hard 0 soft 1 temp 1 loss 3.71 i_con 4.11 plddt 0.34 ptm 0.89 i_ptm 0.27 energy -4.73
101 models [0] recycles 0 hard 0 soft 0 temp 1 loss 6.68 i_con 7.15 plddt 0.63 ptm 0.86 i_ptm 0.14 energy -24.98
102 models [1] recycles 0 hard 0 soft 0 temp 0.98 loss 6.08 i_con 6.53 plddt 0.62 ptm 0.88 i_ptm 0.09 energy -24.69
103 models [0] recycles 0 hard 0 soft 0 temp 0.96 loss 4.57 i_con 5.00 plddt 0.45 ptm 0.87 i_ptm 0.20 energy -24.32
104 models [0] recycles 0 hard 0 soft 0 temp 0.94 loss 3.96 i_con 4.38 plddt 0.40 ptm 0.87 i_ptm 0.24 energy -23.99
105 models [0] recycles 0 hard 0 soft 0 temp 0.92 loss 3.82 i_con 4.24 plddt 0.41 ptm 0.87 i_ptm 0.28 energy -23.87
106 models [0] recycles 0 hard 0 soft 0 temp 0.90 loss 3.31 i_con 3.72 plddt 0.39 ptm 0.87 i_ptm 0.44 energy -23.57
107 models [0] recycles 0 hard 0 soft 0 temp 0.88 loss 3.43 i_con 3.85 plddt 0.42 ptm 0.88 i_ptm 0.41 energy -23.65
108 models [1] recycles 0 hard 0 soft 0 temp 0.86 loss 3.76 i_con 4.18 plddt 0.39 ptm 0.89 i_ptm 0.27 energy -23.99
109 models [0] recycles 0 hard 0 soft 0 temp 0.84 loss 3.19 i_con 3.60 plddt 0.42 ptm 0.88 i_ptm 0.47 energy -23.47
110 models [0] recycles 0 hard 0 soft 0 temp 0.82 loss 3.38 i_con 3.78 plddt 0.39 ptm 0.88 i_ptm 0.39 energy -23.39
111 models [0] recycles 0 hard 0 soft 0 temp 0.80 loss 3.36 i_con 3.77 plddt 0.40 ptm 0.87 i_ptm 0.40 energy -23.94
112 models [0] recycles 0 hard 0 soft 0 temp 0.78 loss 2.87 i_con 3.31 plddt 0.44 ptm 0.88 i_ptm 0.56 energy -25.04
113 models [0] recycles 0 hard 0 soft 0 temp 0.76 loss 2.71 i_con 3.16 plddt 0.49 ptm 0.89 i_ptm 0.59 energy -25.32
114 models [1] recycles 0 hard 0 soft 0 temp 0.74 loss 3.37 i_con 3.81 plddt 0.44 ptm 0.89 i_ptm 0.43 energy -25.08
115 models [1] recycles 0 hard 0 soft 0 temp 0.72 loss 2.86 i_con 3.32 plddt 0.56 ptm 0.90 i_ptm 0.61 energy -25.53
116 models [1] recycles 0 hard 0 soft 0 temp 0.70 loss 3.16 i_con 3.63 plddt 0.49 ptm 0.90 i_ptm 0.47 energy -25.78
117 models [1] recycles 0 hard 0 soft 0 temp 0.68 loss 3.07 i_con 3.55 plddt 0.50 ptm 0.90 i_ptm 0.54 energy -26.20
118 models [0] recycles 0 hard 0 soft 0 temp 0.66 loss 2.42 i_con 2.91 plddt 0.51 ptm 0.89 i_ptm 0.66 energy -26.98
119 models [1] recycles 0 hard 0 soft 0 temp 0.64 loss 2.74 i_con 3.23 plddt 0.57 ptm 0.90 i_ptm 0.63 energy -26.79
120 models [1] recycles 0 hard 0 soft 0 temp 0.62 loss 2.68 i_con 3.18 plddt 0.58 ptm 0.90 i_ptm 0.65 energy -26.85
121 models [1] recycles 0 hard 0 soft 0 temp 0.60 loss 2.60 i_con 3.10 plddt 0.60 ptm 0.91 i_ptm 0.69 energy -26.98
122 models [1] recycles 0 hard 0 soft 0 temp 0.58 loss 2.77 i_con 3.27 plddt 0.55 ptm 0.90 i_ptm 0.64 energy -27.31
123 models [1] recycles 0 hard 0 soft 0 temp 0.56 loss 2.49 i_con 3.01 plddt 0.61 ptm 0.91 i_ptm 0.68 energy -27.83
124 models [1] recycles 0 hard 0 soft 0 temp 0.54 loss 2.19 i_con 2.72 plddt 0.66 ptm 0.91 i_ptm 0.74 energy -28.28
125 models [1] recycles 0 hard 0 soft 0 temp 0.52 loss 2.82 i_con 3.35 plddt 0.52 ptm 0.90 i_ptm 0.60 energy -28.56
126 models [1] recycles 0 hard 0 soft 0 temp 0.50 loss 2.56 i_con 3.09 plddt 0.60 ptm 0.90 i_ptm 0.69 energy -28.63
127 models [0] recycles 0 hard 0 soft 0 temp 0.48 loss 3.11 i_con 3.64 plddt 0.46 ptm 0.88 i_ptm 0.45 energy -28.96
128 models [0] recycles 0 hard 0 soft 0 temp 0.46 loss 2.20 i_con 2.75 plddt 0.50 ptm 0.89 i_ptm 0.71 energy -30.00
129 models [0] recycles 0 hard 0 soft 0 temp 0.44 loss 2.18 i_con 2.73 plddt 0.49 ptm 0.89 i_ptm 0.69 energy -30.12
130 models [1] recycles 0 hard 0 soft 0 temp 0.42 loss 2.67 i_con 3.24 plddt 0.57 ptm 0.90 i_ptm 0.62 energy -30.67
131 models [1] recycles 0 hard 0 soft 0 temp 0.40 loss 2.49 i_con 3.07 plddt 0.60 ptm 0.91 i_ptm 0.69 energy -30.94
132 models [1] recycles 0 hard 0 soft 0 temp 0.38 loss 2.35 i_con 2.93 plddt 0.64 ptm 0.91 i_ptm 0.71 energy -31.17
133 models [1] recycles 0 hard 0 soft 0 temp 0.36 loss 2.31 i_con 2.91 plddt 0.62 ptm 0.91 i_ptm 0.72 energy -31.70
134 models [1] recycles 0 hard 0 soft 0 temp 0.34 loss 2.40 i_con 3.01 plddt 0.62 ptm 0.91 i_ptm 0.71 energy -32.21
135 models [1] recycles 0 hard 0 soft 0 temp 0.32 loss 2.27 i_con 2.88 plddt 0.63 ptm 0.91 i_ptm 0.74 energy -32.61
136 models [0] recycles 0 hard 0 soft 0 temp 0.30 loss 2.94 i_con 3.55 plddt 0.47 ptm 0.88 i_ptm 0.51 energy -33.30
137 models [1] recycles 0 hard 0 soft 0 temp 0.28 loss 2.15 i_con 2.80 plddt 0.65 ptm 0.91 i_ptm 0.75 energy -33.86
138 models [1] recycles 0 hard 0 soft 0 temp 0.26 loss 2.24 i_con 2.89 plddt 0.64 ptm 0.91 i_ptm 0.73 energy -34.40
139 models [1] recycles 0 hard 0 soft 0 temp 0.24 loss 2.71 i_con 3.35 plddt 0.52 ptm 0.90 i_ptm 0.60 energy -34.33
140 models [0] recycles 0 hard 0 soft 0 temp 0.22 loss 2.87 i_con 3.52 plddt 0.46 ptm 0.88 i_ptm 0.51 energy -35.21
141 models [0] recycles 0 hard 0 soft 0 temp 0.20 loss 2.70 i_con 3.37 plddt 0.55 ptm 0.88 i_ptm 0.62 energy -35.57
142 models [0] recycles 0 hard 0 soft 0 temp 0.18 loss 2.63 i_con 3.32 plddt 0.55 ptm 0.89 i_ptm 0.60 energy -36.76
143 models [1] recycles 0 hard 0 soft 0 temp 0.16 loss 2.17 i_con 2.87 plddt 0.63 ptm 0.91 i_ptm 0.73 energy -36.72
144 models [0] recycles 0 hard 0 soft 0 temp 0.14 loss 2.48 i_con 3.19 plddt 0.59 ptm 0.89 i_ptm 0.66 energy -37.28
145 models [1] recycles 0 hard 0 soft 0 temp 0.12 loss 1.79 i_con 2.53 plddt 0.71 ptm 0.91 i_ptm 0.80 energy -38.24
146 models [1] recycles 0 hard 0 soft 0 temp 0.10 loss 1.93 i_con 2.68 plddt 0.69 ptm 0.91 i_ptm 0.76 energy -38.58
147 models [0] recycles 0 hard 0 soft 0 temp 0.08 loss 2.45 i_con 3.18 plddt 0.60 ptm 0.89 i_ptm 0.68 energy -38.64
148 models [1] recycles 0 hard 0 soft 0 temp 0.06 loss 1.96 i_con 2.71 plddt 0.66 ptm 0.91 i_ptm 0.75 energy -39.48
149 models [0] recycles 0 hard 0 soft 0 temp 0.04 loss 2.48 i_con 3.22 plddt 0.59 ptm 0.89 i_ptm 0.67 energy -39.25
150 models [0] recycles 0 hard 0 soft 0 temp 0.02 loss 2.64 i_con 3.39 plddt 0.54 ptm 0.89 i_ptm 0.57 energy -39.39
151 models [0] recycles 0 hard 1 soft 0 temp 0.00 loss 2.93 i_con 3.98 plddt 0.40 ptm 0.88 i_ptm 0.36 energy -5.54
152 models [1] recycles 0 hard 1 soft 0 temp 0.00 loss 2.79 i_con 3.84 plddt 0.40 ptm 0.90 i_ptm 0.42 energy -5.54
153 models [0] recycles 0 hard 1 soft 0 temp 0.00 loss 2.93 i_con 3.98 plddt 0.40 ptm 0.88 i_ptm 0.36 energy -5.54
154 models [0] recycles 0 hard 1 soft 0 temp 0.00 loss 2.93 i_con 3.98 plddt 0.40 ptm 0.88 i_ptm 0.36 energy -5.54
155 models [1] recycles 0 hard 1 soft 0 temp 0.00 loss 2.79 i_con 3.84 plddt 0.40 ptm 0.90 i_ptm 0.42 energy -5.54
156 models [0] recycles 0 hard 1 soft 0 temp 0.00 loss 2.93 i_con 3.98 plddt 0.40 ptm 0.88 i_ptm 0.36 energy -5.54
157 models [1] recycles 0 hard 1 soft 0 temp 0.00 loss 2.79 i_con 3.84 plddt 0.40 ptm 0.90 i_ptm 0.42 energy -5.54
158 models [1] recycles 0 hard 1 soft 0 temp 0.00 loss 2.79 i_con 3.84 plddt 0.40 ptm 0.90 i_ptm 0.42 energy -5.54
159 models [1] recycles 0 hard 1 soft 0 temp 0.00 loss 2.79 i_con 3.84 plddt 0.40 ptm 0.90 i_ptm 0.42 energy -5.54
160 models [0] recycles 0 hard 1 soft 0 temp 0.00 loss 2.93 i_con 3.98 plddt 0.40 ptm 0.88 i_ptm 0.36 energy -5.54
161 models [1] recycles 0 hard 1 soft 0 temp 0.00 loss 2.79 i_con 3.84 plddt 0.40 ptm 0.90 i_ptm 0.42 energy -5.54
162 models [0] recycles 0 hard 1 soft 0 temp 0.00 loss 2.93 i_con 3.98 plddt 0.40 ptm 0.88 i_ptm 0.36 energy -5.54
163 models [1] recycles 0 hard 1 soft 0 temp 0.00 loss 2.79 i_con 3.84 plddt 0.40 ptm 0.90 i_ptm 0.42 energy -5.54
164 models [0] recycles 0 hard 1 soft 0 temp 0.00 loss 2.93 i_con 3.98 plddt 0.40 ptm 0.88 i_ptm 0.36 energy -5.54
165 models [0] recycles 0 hard 1 soft 0 temp 0.00 loss 2.93 i_con 3.98 plddt 0.40 ptm 0.88 i_ptm 0.36 energy -5.54
166 models [0] recycles 0 hard 1 soft 0 temp 0.00 loss 2.93 i_con 3.98 plddt 0.40 ptm 0.88 i_ptm 0.36 energy -5.54
167 models [0] recycles 0 hard 1 soft 0 temp 0.00 loss 2.93 i_con 3.98 plddt 0.40 ptm 0.88 i_ptm 0.36 energy -5.54
168 models [1] recycles 0 hard 1 soft 0 temp 0.00 loss 2.79 i_con 3.84 plddt 0.40 ptm 0.90 i_ptm 0.42 energy -5.54
169 models [0] recycles 0 hard 1 soft 0 temp 0.00 loss 2.93 i_con 3.98 plddt 0.40 ptm 0.88 i_ptm 0.36 energy -5.54
170 models [1] recycles 0 hard 1 soft 0 temp 0.00 loss 2.79 i_con 3.84 plddt 0.40 ptm 0.90 i_ptm 0.42 energy -5.54
171 models [0] recycles 0 hard 1 soft 0 temp 0.00 loss 2.93 i_con 3.98 plddt 0.40 ptm 0.88 i_ptm 0.36 energy -5.54
172 models [0] recycles 0 hard 1 soft 0 temp 0.00 loss 2.93 i_con 3.98 plddt 0.40 ptm 0.88 i_ptm 0.36 energy -5.54
173 models [1] recycles 0 hard 1 soft 0 temp 0.00 loss 2.79 i_con 3.84 plddt 0.40 ptm 0.90 i_ptm 0.42 energy -5.54
174 models [0] recycles 0 hard 1 soft 0 temp 0.00 loss 2.93 i_con 3.98 plddt 0.40 ptm 0.88 i_ptm 0.36 energy -5.54
175 models [0] recycles 0 hard 1 soft 0 temp 0.00 loss 2.93 i_con 3.98 plddt 0.40 ptm 0.88 i_ptm 0.36 energy -5.54
176 models [1] recycles 0 hard 1 soft 0 temp 0.00 loss 2.79 i_con 3.84 plddt 0.40 ptm 0.90 i_ptm 0.42 energy -5.54
177 models [0] recycles 0 hard 1 soft 0 temp 0.00 loss 2.93 i_con 3.98 plddt 0.40 ptm 0.88 i_ptm 0.36 energy -5.54
178 models [0] recycles 0 hard 1 soft 0 temp 0.00 loss 2.93 i_con 3.98 plddt 0.40 ptm 0.88 i_ptm 0.36 energy -5.54
179 models [1] recycles 0 hard 1 soft 0 temp 0.00 loss 2.79 i_con 3.84 plddt 0.40 ptm 0.90 i_ptm 0.42 energy -5.54
180 models [1] recycles 0 hard 1 soft 0 temp 0.00 loss 2.79 i_con 3.84 plddt 0.40 ptm 0.90 i_ptm 0.42 energy -5.54
  seq=AAGGADALLNFLMEC  loss=2.7914  loss_af=3.8999  energy=-5.5425  i_ptm=0.4165
[16/20] seed=15 ...
1 models [1] recycles 0 hard 0 soft 1 temp 1 loss 7.62 i_con 7.42 plddt 0.54 ptm 0.88 i_ptm 0.09 energy 7.39
2 models [0] recycles 0 hard 0 soft 1 temp 1 loss 7.79 i_con 7.60 plddt 0.58 ptm 0.86 i_ptm 0.11 energy 7.25
3 models [0] recycles 0 hard 0 soft 1 temp 1 loss 7.59 i_con 7.40 plddt 0.56 ptm 0.86 i_ptm 0.12 energy 7.17
4 models [0] recycles 0 hard 0 soft 1 temp 1 loss 7.75 i_con 7.57 plddt 0.54 ptm 0.87 i_ptm 0.13 energy 7.05
5 models [0] recycles 0 hard 0 soft 1 temp 1 loss 7.18 i_con 7.00 plddt 0.56 ptm 0.86 i_ptm 0.13 energy 6.93
6 models [1] recycles 0 hard 0 soft 1 temp 1 loss 6.92 i_con 6.73 plddt 0.49 ptm 0.88 i_ptm 0.09 energy 6.80
7 models [0] recycles 0 hard 0 soft 1 temp 1 loss 7.07 i_con 6.89 plddt 0.53 ptm 0.86 i_ptm 0.14 energy 6.73
8 models [0] recycles 0 hard 0 soft 1 temp 1 loss 6.13 i_con 5.94 plddt 0.51 ptm 0.87 i_ptm 0.13 energy 6.68
9 models [0] recycles 0 hard 0 soft 1 temp 1 loss 6.21 i_con 6.02 plddt 0.46 ptm 0.86 i_ptm 0.12 energy 6.72
10 models [0] recycles 0 hard 0 soft 1 temp 1 loss 5.49 i_con 5.30 plddt 0.44 ptm 0.86 i_ptm 0.11 energy 6.80
11 models [1] recycles 0 hard 0 soft 1 temp 1 loss 6.20 i_con 6.00 plddt 0.48 ptm 0.88 i_ptm 0.08 energy 7.04
12 models [1] recycles 0 hard 0 soft 1 temp 1 loss 6.03 i_con 5.83 plddt 0.44 ptm 0.88 i_ptm 0.08 energy 7.10
13 models [0] recycles 0 hard 0 soft 1 temp 1 loss 4.86 i_con 4.65 plddt 0.37 ptm 0.87 i_ptm 0.22 energy 7.11
14 models [1] recycles 0 hard 0 soft 1 temp 1 loss 6.33 i_con 6.13 plddt 0.45 ptm 0.88 i_ptm 0.08 energy 6.92
15 models [0] recycles 0 hard 0 soft 1 temp 1 loss 4.93 i_con 4.73 plddt 0.41 ptm 0.87 i_ptm 0.13 energy 6.93
16 models [0] recycles 0 hard 0 soft 1 temp 1 loss 5.06 i_con 4.86 plddt 0.39 ptm 0.86 i_ptm 0.11 energy 6.73
17 models [1] recycles 0 hard 0 soft 1 temp 1 loss 5.21 i_con 5.02 plddt 0.36 ptm 0.88 i_ptm 0.10 energy 6.38
18 models [0] recycles 0 hard 0 soft 1 temp 1 loss 4.87 i_con 4.67 plddt 0.37 ptm 0.86 i_ptm 0.18 energy 6.59
19 models [1] recycles 0 hard 0 soft 1 temp 1 loss 5.28 i_con 5.09 plddt 0.39 ptm 0.88 i_ptm 0.10 energy 6.35
20 models [1] recycles 0 hard 0 soft 1 temp 1 loss 5.14 i_con 4.95 plddt 0.37 ptm 0.88 i_ptm 0.15 energy 6.47
21 models [0] recycles 0 hard 0 soft 1 temp 1 loss 5.25 i_con 5.06 plddt 0.37 ptm 0.86 i_ptm 0.14 energy 6.31
22 models [0] recycles 0 hard 0 soft 1 temp 1 loss 4.61 i_con 4.43 plddt 0.37 ptm 0.87 i_ptm 0.23 energy 6.16
23 models [1] recycles 0 hard 0 soft 1 temp 1 loss 5.42 i_con 5.24 plddt 0.36 ptm 0.88 i_ptm 0.10 energy 5.66
24 models [1] recycles 0 hard 0 soft 1 temp 1 loss 5.40 i_con 5.22 plddt 0.40 ptm 0.88 i_ptm 0.14 energy 5.84
25 models [0] recycles 0 hard 0 soft 1 temp 1 loss 4.78 i_con 4.60 plddt 0.36 ptm 0.87 i_ptm 0.18 energy 5.79
26 models [0] recycles 0 hard 0 soft 1 temp 1 loss 4.76 i_con 4.59 plddt 0.38 ptm 0.87 i_ptm 0.17 energy 5.57
27 models [0] recycles 0 hard 0 soft 1 temp 1 loss 4.85 i_con 4.68 plddt 0.37 ptm 0.87 i_ptm 0.18 energy 5.43
28 models [0] recycles 0 hard 0 soft 1 temp 1 loss 4.59 i_con 4.42 plddt 0.39 ptm 0.87 i_ptm 0.21 energy 5.39
29 models [0] recycles 0 hard 0 soft 1 temp 1 loss 4.91 i_con 4.74 plddt 0.41 ptm 0.87 i_ptm 0.19 energy 5.19
30 models [1] recycles 0 hard 0 soft 1 temp 1 loss 5.54 i_con 5.37 plddt 0.39 ptm 0.88 i_ptm 0.10 energy 5.19
31 models [0] recycles 0 hard 0 soft 1 temp 1 loss 4.59 i_con 4.43 plddt 0.39 ptm 0.87 i_ptm 0.24 energy 5.36
32 models [0] recycles 0 hard 0 soft 1 temp 1 loss 5.04 i_con 4.87 plddt 0.37 ptm 0.87 i_ptm 0.16 energy 5.18
33 models [0] recycles 0 hard 0 soft 1 temp 1 loss 4.63 i_con 4.47 plddt 0.40 ptm 0.87 i_ptm 0.24 energy 4.99
34 models [1] recycles 0 hard 0 soft 1 temp 1 loss 5.36 i_con 5.20 plddt 0.35 ptm 0.88 i_ptm 0.11 energy 4.89
35 models [1] recycles 0 hard 0 soft 1 temp 1 loss 5.61 i_con 5.45 plddt 0.41 ptm 0.88 i_ptm 0.09 energy 4.83
36 models [0] recycles 0 hard 0 soft 1 temp 1 loss 4.91 i_con 4.76 plddt 0.38 ptm 0.87 i_ptm 0.21 energy 4.87
37 models [1] recycles 0 hard 0 soft 1 temp 1 loss 5.37 i_con 5.21 plddt 0.39 ptm 0.88 i_ptm 0.12 energy 4.74
38 models [0] recycles 0 hard 0 soft 1 temp 1 loss 4.87 i_con 4.72 plddt 0.39 ptm 0.87 i_ptm 0.22 energy 4.49
39 models [0] recycles 0 hard 0 soft 1 temp 1 loss 5.27 i_con 5.12 plddt 0.37 ptm 0.87 i_ptm 0.14 energy 4.34
40 models [1] recycles 0 hard 0 soft 1 temp 1 loss 5.29 i_con 5.13 plddt 0.35 ptm 0.88 i_ptm 0.11 energy 4.44
41 models [0] recycles 0 hard 0 soft 1 temp 1 loss 4.46 i_con 4.31 plddt 0.37 ptm 0.87 i_ptm 0.25 energy 4.22
42 models [0] recycles 0 hard 0 soft 1 temp 1 loss 4.72 i_con 4.58 plddt 0.36 ptm 0.87 i_ptm 0.18 energy 3.99
43 models [1] recycles 0 hard 0 soft 1 temp 1 loss 5.34 i_con 5.21 plddt 0.39 ptm 0.88 i_ptm 0.10 energy 3.78
44 models [0] recycles 0 hard 0 soft 1 temp 1 loss 4.68 i_con 4.54 plddt 0.38 ptm 0.87 i_ptm 0.22 energy 3.95
45 models [0] recycles 0 hard 0 soft 1 temp 1 loss 4.65 i_con 4.50 plddt 0.37 ptm 0.87 i_ptm 0.18 energy 3.96
46 models [0] recycles 0 hard 0 soft 1 temp 1 loss 4.65 i_con 4.51 plddt 0.37 ptm 0.87 i_ptm 0.21 energy 3.79
47 models [1] recycles 0 hard 0 soft 1 temp 1 loss 5.44 i_con 5.31 plddt 0.40 ptm 0.88 i_ptm 0.10 energy 3.72
48 models [1] recycles 0 hard 0 soft 1 temp 1 loss 5.33 i_con 5.19 plddt 0.36 ptm 0.88 i_ptm 0.12 energy 3.89
49 models [0] recycles 0 hard 0 soft 1 temp 1 loss 4.84 i_con 4.70 plddt 0.37 ptm 0.87 i_ptm 0.20 energy 3.81
50 models [1] recycles 0 hard 0 soft 1 temp 1 loss 4.93 i_con 4.80 plddt 0.37 ptm 0.88 i_ptm 0.20 energy 3.55
51 models [1] recycles 0 hard 0 soft 1 temp 1 loss 5.53 i_con 5.12 plddt 0.38 ptm 0.88 i_ptm 0.13 energy 3.43
52 models [0] recycles 0 hard 0 soft 1 temp 1 loss 5.27 i_con 4.89 plddt 0.35 ptm 0.87 i_ptm 0.13 energy 3.08
53 models [0] recycles 0 hard 0 soft 1 temp 1 loss 4.76 i_con 4.43 plddt 0.42 ptm 0.87 i_ptm 0.22 energy 2.76
54 models [0] recycles 0 hard 0 soft 1 temp 1 loss 4.74 i_con 4.47 plddt 0.37 ptm 0.87 i_ptm 0.21 energy 2.02
55 models [0] recycles 0 hard 0 soft 1 temp 1 loss 4.60 i_con 4.35 plddt 0.37 ptm 0.87 i_ptm 0.21 energy 1.78
56 models [0] recycles 0 hard 0 soft 1 temp 1 loss 4.47 i_con 4.26 plddt 0.39 ptm 0.86 i_ptm 0.22 energy 1.44
57 models [0] recycles 0 hard 0 soft 1 temp 1 loss 4.61 i_con 4.43 plddt 0.36 ptm 0.87 i_ptm 0.20 energy 1.19
58 models [0] recycles 0 hard 0 soft 1 temp 1 loss 4.27 i_con 4.15 plddt 0.40 ptm 0.87 i_ptm 0.25 energy 0.67
59 models [1] recycles 0 hard 0 soft 1 temp 1 loss 5.33 i_con 5.26 plddt 0.40 ptm 0.88 i_ptm 0.10 energy 0.02
60 models [0] recycles 0 hard 0 soft 1 temp 1 loss 4.29 i_con 4.22 plddt 0.40 ptm 0.87 i_ptm 0.24 energy 0.12
61 models [0] recycles 0 hard 0 soft 1 temp 1 loss 4.41 i_con 4.37 plddt 0.41 ptm 0.87 i_ptm 0.22 energy -0.21
62 models [1] recycles 0 hard 0 soft 1 temp 1 loss 4.88 i_con 4.86 plddt 0.34 ptm 0.88 i_ptm 0.12 energy -0.45
63 models [1] recycles 0 hard 0 soft 1 temp 1 loss 4.51 i_con 4.48 plddt 0.35 ptm 0.88 i_ptm 0.22 energy -0.34
64 models [1] recycles 0 hard 0 soft 1 temp 1 loss 4.78 i_con 4.73 plddt 0.36 ptm 0.89 i_ptm 0.16 energy -0.18
65 models [1] recycles 0 hard 0 soft 1 temp 1 loss 4.79 i_con 4.75 plddt 0.36 ptm 0.88 i_ptm 0.16 energy -0.21
66 models [1] recycles 0 hard 0 soft 1 temp 1 loss 4.59 i_con 4.54 plddt 0.34 ptm 0.88 i_ptm 0.20 energy -0.15
67 models [1] recycles 0 hard 0 soft 1 temp 1 loss 4.79 i_con 4.77 plddt 0.31 ptm 0.88 i_ptm 0.19 energy -0.47
68 models [1] recycles 0 hard 0 soft 1 temp 1 loss 4.61 i_con 4.60 plddt 0.34 ptm 0.88 i_ptm 0.19 energy -0.52
69 models [1] recycles 0 hard 0 soft 1 temp 1 loss 4.70 i_con 4.72 plddt 0.33 ptm 0.88 i_ptm 0.18 energy -0.85
70 models [0] recycles 0 hard 0 soft 1 temp 1 loss 4.18 i_con 4.22 plddt 0.38 ptm 0.87 i_ptm 0.25 energy -0.98
71 models [0] recycles 0 hard 0 soft 1 temp 1 loss 4.43 i_con 4.49 plddt 0.35 ptm 0.87 i_ptm 0.20 energy -1.19
72 models [0] recycles 0 hard 0 soft 1 temp 1 loss 4.15 i_con 4.23 plddt 0.44 ptm 0.87 i_ptm 0.27 energy -1.38
73 models [1] recycles 0 hard 0 soft 1 temp 1 loss 4.45 i_con 4.53 plddt 0.32 ptm 0.89 i_ptm 0.20 energy -1.51
74 models [1] recycles 0 hard 0 soft 1 temp 1 loss 4.84 i_con 4.92 plddt 0.34 ptm 0.88 i_ptm 0.11 energy -1.44
75 models [1] recycles 0 hard 0 soft 1 temp 1 loss 4.75 i_con 4.83 plddt 0.33 ptm 0.88 i_ptm 0.15 energy -1.44
76 models [1] recycles 0 hard 0 soft 1 temp 1 loss 4.11 i_con 4.17 plddt 0.37 ptm 0.89 i_ptm 0.27 energy -1.26
77 models [1] recycles 0 hard 0 soft 1 temp 1 loss 4.34 i_con 4.42 plddt 0.37 ptm 0.89 i_ptm 0.21 energy -1.48
78 models [1] recycles 0 hard 0 soft 1 temp 1 loss 4.18 i_con 4.27 plddt 0.36 ptm 0.88 i_ptm 0.24 energy -1.46
79 models [0] recycles 0 hard 0 soft 1 temp 1 loss 4.29 i_con 4.38 plddt 0.39 ptm 0.87 i_ptm 0.22 energy -1.53
80 models [1] recycles 0 hard 0 soft 1 temp 1 loss 4.18 i_con 4.28 plddt 0.33 ptm 0.89 i_ptm 0.23 energy -1.62
81 models [0] recycles 0 hard 0 soft 1 temp 1 loss 4.10 i_con 4.18 plddt 0.36 ptm 0.87 i_ptm 0.24 energy -1.49
82 models [1] recycles 0 hard 0 soft 1 temp 1 loss 4.02 i_con 4.14 plddt 0.35 ptm 0.89 i_ptm 0.25 energy -1.85
83 models [0] recycles 0 hard 0 soft 1 temp 1 loss 4.23 i_con 4.32 plddt 0.37 ptm 0.87 i_ptm 0.23 energy -1.54
84 models [1] recycles 0 hard 0 soft 1 temp 1 loss 4.30 i_con 4.42 plddt 0.33 ptm 0.88 i_ptm 0.23 energy -1.95
85 models [0] recycles 0 hard 0 soft 1 temp 1 loss 3.96 i_con 4.07 plddt 0.39 ptm 0.87 i_ptm 0.27 energy -1.70
86 models [1] recycles 0 hard 0 soft 1 temp 1 loss 4.50 i_con 4.63 plddt 0.33 ptm 0.88 i_ptm 0.16 energy -1.95
87 models [1] recycles 0 hard 0 soft 1 temp 1 loss 4.10 i_con 4.23 plddt 0.34 ptm 0.89 i_ptm 0.23 energy -1.97
88 models [1] recycles 0 hard 0 soft 1 temp 1 loss 4.13 i_con 4.26 plddt 0.36 ptm 0.89 i_ptm 0.24 energy -1.89
89 models [1] recycles 0 hard 0 soft 1 temp 1 loss 3.99 i_con 4.14 plddt 0.37 ptm 0.89 i_ptm 0.27 energy -2.10
90 models [1] recycles 0 hard 0 soft 1 temp 1 loss 4.52 i_con 4.69 plddt 0.32 ptm 0.88 i_ptm 0.14 energy -2.41
91 models [1] recycles 0 hard 0 soft 1 temp 1 loss 4.12 i_con 4.27 plddt 0.35 ptm 0.88 i_ptm 0.22 energy -2.23
92 models [0] recycles 0 hard 0 soft 1 temp 1 loss 3.88 i_con 4.04 plddt 0.39 ptm 0.87 i_ptm 0.30 energy -2.20
93 models [1] recycles 0 hard 0 soft 1 temp 1 loss 4.19 i_con 4.37 plddt 0.35 ptm 0.89 i_ptm 0.25 energy -2.40
94 models [1] recycles 0 hard 0 soft 1 temp 1 loss 4.34 i_con 4.51 plddt 0.34 ptm 0.88 i_ptm 0.20 energy -2.44
95 models [1] recycles 0 hard 0 soft 1 temp 1 loss 4.03 i_con 4.19 plddt 0.36 ptm 0.89 i_ptm 0.25 energy -2.21
96 models [1] recycles 0 hard 0 soft 1 temp 1 loss 3.97 i_con 4.13 plddt 0.38 ptm 0.89 i_ptm 0.28 energy -2.27
97 models [1] recycles 0 hard 0 soft 1 temp 1 loss 4.22 i_con 4.41 plddt 0.33 ptm 0.89 i_ptm 0.22 energy -2.59
98 models [0] recycles 0 hard 0 soft 1 temp 1 loss 4.18 i_con 4.37 plddt 0.40 ptm 0.87 i_ptm 0.23 energy -2.45
99 models [0] recycles 0 hard 0 soft 1 temp 1 loss 4.12 i_con 4.31 plddt 0.38 ptm 0.87 i_ptm 0.25 energy -2.52
100 models [0] recycles 0 hard 0 soft 1 temp 1 loss 4.00 i_con 4.19 plddt 0.40 ptm 0.87 i_ptm 0.26 energy -2.49
101 models [1] recycles 0 hard 0 soft 0 temp 1 loss 7.37 i_con 7.56 plddt 0.49 ptm 0.88 i_ptm 0.12 energy -12.32
102 models [1] recycles 0 hard 0 soft 0 temp 0.98 loss 7.25 i_con 7.45 plddt 0.55 ptm 0.88 i_ptm 0.12 energy -12.16
103 models [0] recycles 0 hard 0 soft 0 temp 0.96 loss 4.55 i_con 4.73 plddt 0.42 ptm 0.87 i_ptm 0.23 energy -11.87
104 models [1] recycles 0 hard 0 soft 0 temp 0.94 loss 4.96 i_con 5.14 plddt 0.41 ptm 0.88 i_ptm 0.14 energy -11.59
105 models [0] recycles 0 hard 0 soft 0 temp 0.92 loss 4.08 i_con 4.24 plddt 0.41 ptm 0.87 i_ptm 0.27 energy -11.35
106 models [0] recycles 0 hard 0 soft 0 temp 0.90 loss 4.00 i_con 4.17 plddt 0.42 ptm 0.87 i_ptm 0.32 energy -11.21
107 models [0] recycles 0 hard 0 soft 0 temp 0.88 loss 3.76 i_con 3.94 plddt 0.45 ptm 0.88 i_ptm 0.34 energy -11.50
108 models [0] recycles 0 hard 0 soft 0 temp 0.86 loss 3.69 i_con 3.88 plddt 0.42 ptm 0.88 i_ptm 0.41 energy -12.15
109 models [0] recycles 0 hard 0 soft 0 temp 0.84 loss 3.57 i_con 3.78 plddt 0.43 ptm 0.88 i_ptm 0.42 energy -13.11
110 models [0] recycles 0 hard 0 soft 0 temp 0.82 loss 3.67 i_con 3.88 plddt 0.44 ptm 0.87 i_ptm 0.39 energy -13.57
111 models [0] recycles 0 hard 0 soft 0 temp 0.80 loss 3.57 i_con 3.80 plddt 0.46 ptm 0.88 i_ptm 0.40 energy -14.24
112 models [0] recycles 0 hard 0 soft 0 temp 0.78 loss 3.51 i_con 3.75 plddt 0.48 ptm 0.88 i_ptm 0.46 energy -15.02
113 models [0] recycles 0 hard 0 soft 0 temp 0.76 loss 3.47 i_con 3.73 plddt 0.44 ptm 0.88 i_ptm 0.42 energy -15.72
114 models [1] recycles 0 hard 0 soft 0 temp 0.74 loss 3.51 i_con 3.78 plddt 0.43 ptm 0.89 i_ptm 0.43 energy -16.16
115 models [0] recycles 0 hard 0 soft 0 temp 0.72 loss 3.53 i_con 3.80 plddt 0.45 ptm 0.88 i_ptm 0.39 energy -16.46
116 models [1] recycles 0 hard 0 soft 0 temp 0.70 loss 3.36 i_con 3.65 plddt 0.48 ptm 0.90 i_ptm 0.50 energy -16.79
117 models [0] recycles 0 hard 0 soft 0 temp 0.68 loss 3.23 i_con 3.53 plddt 0.48 ptm 0.88 i_ptm 0.52 energy -17.36
118 models [1] recycles 0 hard 0 soft 0 temp 0.66 loss 3.12 i_con 3.43 plddt 0.51 ptm 0.90 i_ptm 0.57 energy -17.55
119 models [0] recycles 0 hard 0 soft 0 temp 0.64 loss 3.18 i_con 3.48 plddt 0.49 ptm 0.88 i_ptm 0.55 energy -17.69
120 models [0] recycles 0 hard 0 soft 0 temp 0.62 loss 3.26 i_con 3.57 plddt 0.48 ptm 0.88 i_ptm 0.50 energy -17.95
121 models [0] recycles 0 hard 0 soft 0 temp 0.60 loss 3.26 i_con 3.58 plddt 0.48 ptm 0.88 i_ptm 0.50 energy -18.37
122 models [0] recycles 0 hard 0 soft 0 temp 0.58 loss 3.19 i_con 3.52 plddt 0.48 ptm 0.88 i_ptm 0.52 energy -18.91
123 models [0] recycles 0 hard 0 soft 0 temp 0.56 loss 3.22 i_con 3.56 plddt 0.50 ptm 0.88 i_ptm 0.53 energy -19.51
124 models [0] recycles 0 hard 0 soft 0 temp 0.54 loss 3.14 i_con 3.50 plddt 0.50 ptm 0.88 i_ptm 0.51 energy -20.04
125 models [1] recycles 0 hard 0 soft 0 temp 0.52 loss 2.78 i_con 3.14 plddt 0.55 ptm 0.90 i_ptm 0.62 energy -20.44
126 models [1] recycles 0 hard 0 soft 0 temp 0.50 loss 2.98 i_con 3.34 plddt 0.52 ptm 0.90 i_ptm 0.59 energy -20.43
127 models [1] recycles 0 hard 0 soft 0 temp 0.48 loss 2.83 i_con 3.20 plddt 0.54 ptm 0.90 i_ptm 0.61 energy -20.69
128 models [0] recycles 0 hard 0 soft 0 temp 0.46 loss 2.94 i_con 3.31 plddt 0.53 ptm 0.89 i_ptm 0.58 energy -20.86
129 models [0] recycles 0 hard 0 soft 0 temp 0.44 loss 2.92 i_con 3.29 plddt 0.53 ptm 0.89 i_ptm 0.58 energy -21.09
130 models [0] recycles 0 hard 0 soft 0 temp 0.42 loss 3.09 i_con 3.47 plddt 0.50 ptm 0.88 i_ptm 0.53 energy -21.54
131 models [0] recycles 0 hard 0 soft 0 temp 0.40 loss 3.01 i_con 3.41 plddt 0.51 ptm 0.88 i_ptm 0.54 energy -22.26
132 models [0] recycles 0 hard 0 soft 0 temp 0.38 loss 2.91 i_con 3.31 plddt 0.53 ptm 0.88 i_ptm 0.61 energy -22.34
133 models [0] recycles 0 hard 0 soft 0 temp 0.36 loss 3.08 i_con 3.48 plddt 0.50 ptm 0.88 i_ptm 0.56 energy -22.50
134 models [1] recycles 0 hard 0 soft 0 temp 0.34 loss 3.05 i_con 3.46 plddt 0.48 ptm 0.90 i_ptm 0.56 energy -22.93
135 models [0] recycles 0 hard 0 soft 0 temp 0.32 loss 3.01 i_con 3.42 plddt 0.52 ptm 0.89 i_ptm 0.58 energy -22.89
136 models [0] recycles 0 hard 0 soft 0 temp 0.30 loss 2.91 i_con 3.33 plddt 0.53 ptm 0.88 i_ptm 0.61 energy -23.26
137 models [1] recycles 0 hard 0 soft 0 temp 0.28 loss 2.81 i_con 3.23 plddt 0.54 ptm 0.90 i_ptm 0.63 energy -23.59
138 models [1] recycles 0 hard 0 soft 0 temp 0.26 loss 2.71 i_con 3.14 plddt 0.54 ptm 0.90 i_ptm 0.67 energy -23.83
139 models [0] recycles 0 hard 0 soft 0 temp 0.24 loss 2.83 i_con 3.26 plddt 0.51 ptm 0.88 i_ptm 0.58 energy -24.08
140 models [0] recycles 0 hard 0 soft 0 temp 0.22 loss 2.72 i_con 3.16 plddt 0.54 ptm 0.88 i_ptm 0.61 energy -24.24
141 models [1] recycles 0 hard 0 soft 0 temp 0.20 loss 2.61 i_con 3.06 plddt 0.56 ptm 0.90 i_ptm 0.69 energy -24.68
142 models [1] recycles 0 hard 0 soft 0 temp 0.18 loss 2.44 i_con 2.90 plddt 0.59 ptm 0.91 i_ptm 0.70 energy -24.85
143 models [1] recycles 0 hard 0 soft 0 temp 0.16 loss 2.29 i_con 2.75 plddt 0.60 ptm 0.91 i_ptm 0.70 energy -24.88
144 models [0] recycles 0 hard 0 soft 0 temp 0.14 loss 2.82 i_con 3.28 plddt 0.52 ptm 0.88 i_ptm 0.61 energy -25.25
145 models [0] recycles 0 hard 0 soft 0 temp 0.12 loss 2.76 i_con 3.22 plddt 0.55 ptm 0.88 i_ptm 0.60 energy -25.30
146 models [1] recycles 0 hard 0 soft 0 temp 0.10 loss 2.47 i_con 2.94 plddt 0.58 ptm 0.91 i_ptm 0.69 energy -25.37
147 models [1] recycles 0 hard 0 soft 0 temp 0.08 loss 2.54 i_con 3.01 plddt 0.58 ptm 0.91 i_ptm 0.68 energy -25.47
148 models [0] recycles 0 hard 0 soft 0 temp 0.06 loss 2.65 i_con 3.12 plddt 0.56 ptm 0.89 i_ptm 0.62 energy -25.65
149 models [1] recycles 0 hard 0 soft 0 temp 0.04 loss 2.58 i_con 3.05 plddt 0.56 ptm 0.91 i_ptm 0.66 energy -25.78
150 models [0] recycles 0 hard 0 soft 0 temp 0.02 loss 2.61 i_con 3.08 plddt 0.54 ptm 0.89 i_ptm 0.62 energy -25.80
151 models [1] recycles 0 hard 1 soft 0 temp 0.00 loss 4.21 i_con 4.20 plddt 0.36 ptm 0.89 i_ptm 0.28 energy -0.29
152 models [1] recycles 0 hard 1 soft 0 temp 0.00 loss 4.21 i_con 4.20 plddt 0.36 ptm 0.89 i_ptm 0.28 energy -0.29
153 models [1] recycles 0 hard 1 soft 0 temp 0.00 loss 4.21 i_con 4.20 plddt 0.36 ptm 0.89 i_ptm 0.28 energy -0.29
154 models [1] recycles 0 hard 1 soft 0 temp 0.00 loss 4.21 i_con 4.20 plddt 0.36 ptm 0.89 i_ptm 0.28 energy -0.29
155 models [0] recycles 0 hard 1 soft 0 temp 0.00 loss 4.26 i_con 4.25 plddt 0.34 ptm 0.87 i_ptm 0.26 energy -0.29
156 models [1] recycles 0 hard 1 soft 0 temp 0.00 loss 4.21 i_con 4.20 plddt 0.36 ptm 0.89 i_ptm 0.28 energy -0.29
157 models [1] recycles 0 hard 1 soft 0 temp 0.00 loss 4.21 i_con 4.20 plddt 0.36 ptm 0.89 i_ptm 0.28 energy -0.29
158 models [1] recycles 0 hard 1 soft 0 temp 0.00 loss 4.21 i_con 4.20 plddt 0.36 ptm 0.89 i_ptm 0.28 energy -0.29
159 models [1] recycles 0 hard 1 soft 0 temp 0.00 loss 4.21 i_con 4.20 plddt 0.36 ptm 0.89 i_ptm 0.28 energy -0.29
160 models [1] recycles 0 hard 1 soft 0 temp 0.00 loss 4.21 i_con 4.20 plddt 0.36 ptm 0.89 i_ptm 0.28 energy -0.29
161 models [1] recycles 0 hard 1 soft 0 temp 0.00 loss 4.21 i_con 4.20 plddt 0.36 ptm 0.89 i_ptm 0.28 energy -0.29
162 models [1] recycles 0 hard 1 soft 0 temp 0.00 loss 4.21 i_con 4.20 plddt 0.36 ptm 0.89 i_ptm 0.28 energy -0.29
163 models [0] recycles 0 hard 1 soft 0 temp 0.00 loss 4.26 i_con 4.25 plddt 0.34 ptm 0.87 i_ptm 0.26 energy -0.29
164 models [0] recycles 0 hard 1 soft 0 temp 0.00 loss 4.26 i_con 4.25 plddt 0.34 ptm 0.87 i_ptm 0.26 energy -0.29
165 models [1] recycles 0 hard 1 soft 0 temp 0.00 loss 4.21 i_con 4.20 plddt 0.36 ptm 0.89 i_ptm 0.28 energy -0.29
166 models [0] recycles 0 hard 1 soft 0 temp 0.00 loss 4.26 i_con 4.25 plddt 0.34 ptm 0.87 i_ptm 0.26 energy -0.29
167 models [0] recycles 0 hard 1 soft 0 temp 0.00 loss 4.26 i_con 4.25 plddt 0.34 ptm 0.87 i_ptm 0.26 energy -0.29
168 models [0] recycles 0 hard 1 soft 0 temp 0.00 loss 4.26 i_con 4.25 plddt 0.34 ptm 0.87 i_ptm 0.26 energy -0.29
169 models [1] recycles 0 hard 1 soft 0 temp 0.00 loss 4.21 i_con 4.20 plddt 0.36 ptm 0.89 i_ptm 0.28 energy -0.29
170 models [0] recycles 0 hard 1 soft 0 temp 0.00 loss 4.26 i_con 4.25 plddt 0.34 ptm 0.87 i_ptm 0.26 energy -0.29
171 models [1] recycles 0 hard 1 soft 0 temp 0.00 loss 4.21 i_con 4.20 plddt 0.36 ptm 0.89 i_ptm 0.28 energy -0.29
172 models [0] recycles 0 hard 1 soft 0 temp 0.00 loss 4.26 i_con 4.25 plddt 0.34 ptm 0.87 i_ptm 0.26 energy -0.29
173 models [1] recycles 0 hard 1 soft 0 temp 0.00 loss 4.21 i_con 4.20 plddt 0.36 ptm 0.89 i_ptm 0.28 energy -0.29
174 models [0] recycles 0 hard 1 soft 0 temp 0.00 loss 4.26 i_con 4.25 plddt 0.34 ptm 0.87 i_ptm 0.26 energy -0.29
175 models [0] recycles 0 hard 1 soft 0 temp 0.00 loss 4.26 i_con 4.25 plddt 0.34 ptm 0.87 i_ptm 0.26 energy -0.29
176 models [0] recycles 0 hard 1 soft 0 temp 0.00 loss 4.26 i_con 4.25 plddt 0.34 ptm 0.87 i_ptm 0.26 energy -0.29
177 models [1] recycles 0 hard 1 soft 0 temp 0.00 loss 4.21 i_con 4.20 plddt 0.36 ptm 0.89 i_ptm 0.28 energy -0.29
178 models [0] recycles 0 hard 1 soft 0 temp 0.00 loss 4.26 i_con 4.25 plddt 0.34 ptm 0.87 i_ptm 0.26 energy -0.29
179 models [0] recycles 0 hard 1 soft 0 temp 0.00 loss 4.26 i_con 4.25 plddt 0.34 ptm 0.87 i_ptm 0.26 energy -0.29
180 models [1] recycles 0 hard 1 soft 0 temp 0.00 loss 4.21 i_con 4.20 plddt 0.36 ptm 0.89 i_ptm 0.28 energy -0.29
  seq=MHFGPDLLLLLMCCL  loss=4.2066  loss_af=4.2655  energy=-0.2945  i_ptm=0.2797
[17/20] seed=16 ...
1 models [0] recycles 0 hard 0 soft 1 temp 1 loss 7.80 i_con 7.61 plddt 0.55 ptm 0.86 i_ptm 0.14 energy 7.40
2 models [1] recycles 0 hard 0 soft 1 temp 1 loss 7.64 i_con 7.45 plddt 0.56 ptm 0.88 i_ptm 0.10 energy 7.29
3 models [0] recycles 0 hard 0 soft 1 temp 1 loss 7.63 i_con 7.45 plddt 0.60 ptm 0.86 i_ptm 0.11 energy 7.09
4 models [1] recycles 0 hard 0 soft 1 temp 1 loss 7.52 i_con 7.34 plddt 0.53 ptm 0.88 i_ptm 0.10 energy 6.94
5 models [1] recycles 0 hard 0 soft 1 temp 1 loss 7.17 i_con 6.98 plddt 0.51 ptm 0.88 i_ptm 0.09 energy 6.78
6 models [0] recycles 0 hard 0 soft 1 temp 1 loss 7.01 i_con 6.83 plddt 0.53 ptm 0.87 i_ptm 0.12 energy 6.66
7 models [1] recycles 0 hard 0 soft 1 temp 1 loss 6.33 i_con 6.15 plddt 0.50 ptm 0.88 i_ptm 0.09 energy 6.52
8 models [0] recycles 0 hard 0 soft 1 temp 1 loss 6.35 i_con 6.17 plddt 0.51 ptm 0.86 i_ptm 0.13 energy 6.43
9 models [1] recycles 0 hard 0 soft 1 temp 1 loss 6.44 i_con 6.26 plddt 0.48 ptm 0.88 i_ptm 0.08 energy 6.48
10 models [1] recycles 0 hard 0 soft 1 temp 1 loss 6.19 i_con 6.01 plddt 0.46 ptm 0.88 i_ptm 0.08 energy 6.47
11 models [0] recycles 0 hard 0 soft 1 temp 1 loss 5.49 i_con 5.30 plddt 0.42 ptm 0.86 i_ptm 0.11 energy 6.59
12 models [0] recycles 0 hard 0 soft 1 temp 1 loss 5.11 i_con 4.92 plddt 0.39 ptm 0.87 i_ptm 0.13 energy 6.55
13 models [0] recycles 0 hard 0 soft 1 temp 1 loss 4.73 i_con 4.54 plddt 0.33 ptm 0.86 i_ptm 0.13 energy 6.44
14 models [0] recycles 0 hard 0 soft 1 temp 1 loss 4.74 i_con 4.55 plddt 0.36 ptm 0.87 i_ptm 0.14 energy 6.39
15 models [1] recycles 0 hard 0 soft 1 temp 1 loss 5.96 i_con 5.78 plddt 0.46 ptm 0.88 i_ptm 0.09 energy 6.21
16 models [0] recycles 0 hard 0 soft 1 temp 1 loss 4.77 i_con 4.58 plddt 0.38 ptm 0.87 i_ptm 0.15 energy 6.35
17 models [1] recycles 0 hard 0 soft 1 temp 1 loss 5.66 i_con 5.48 plddt 0.39 ptm 0.88 i_ptm 0.08 energy 5.99
18 models [0] recycles 0 hard 0 soft 1 temp 1 loss 4.46 i_con 4.28 plddt 0.39 ptm 0.87 i_ptm 0.22 energy 6.22
19 models [1] recycles 0 hard 0 soft 1 temp 1 loss 5.82 i_con 5.63 plddt 0.44 ptm 0.88 i_ptm 0.09 energy 6.52
20 models [0] recycles 0 hard 0 soft 1 temp 1 loss 4.65 i_con 4.45 plddt 0.39 ptm 0.87 i_ptm 0.18 energy 6.48
21 models [0] recycles 0 hard 0 soft 1 temp 1 loss 4.53 i_con 4.35 plddt 0.38 ptm 0.87 i_ptm 0.20 energy 6.29
22 models [0] recycles 0 hard 0 soft 1 temp 1 loss 4.48 i_con 4.30 plddt 0.39 ptm 0.87 i_ptm 0.21 energy 5.90
23 models [1] recycles 0 hard 0 soft 1 temp 1 loss 5.25 i_con 5.07 plddt 0.37 ptm 0.88 i_ptm 0.12 energy 5.78
24 models [0] recycles 0 hard 0 soft 1 temp 1 loss 4.71 i_con 4.53 plddt 0.36 ptm 0.87 i_ptm 0.14 energy 5.95
25 models [1] recycles 0 hard 0 soft 1 temp 1 loss 5.28 i_con 5.10 plddt 0.38 ptm 0.88 i_ptm 0.11 energy 5.74
26 models [1] recycles 0 hard 0 soft 1 temp 1 loss 5.00 i_con 4.82 plddt 0.38 ptm 0.89 i_ptm 0.17 energy 5.75
27 models [1] recycles 0 hard 0 soft 1 temp 1 loss 5.20 i_con 5.02 plddt 0.38 ptm 0.88 i_ptm 0.14 energy 5.79
28 models [1] recycles 0 hard 0 soft 1 temp 1 loss 5.31 i_con 5.13 plddt 0.39 ptm 0.88 i_ptm 0.11 energy 6.13
29 models [0] recycles 0 hard 0 soft 1 temp 1 loss 4.45 i_con 4.26 plddt 0.39 ptm 0.87 i_ptm 0.24 energy 6.19
30 models [0] recycles 0 hard 0 soft 1 temp 1 loss 4.54 i_con 4.36 plddt 0.38 ptm 0.87 i_ptm 0.23 energy 5.62
31 models [1] recycles 0 hard 0 soft 1 temp 1 loss 5.06 i_con 4.88 plddt 0.34 ptm 0.88 i_ptm 0.18 energy 5.60
32 models [1] recycles 0 hard 0 soft 1 temp 1 loss 4.99 i_con 4.82 plddt 0.34 ptm 0.88 i_ptm 0.16 energy 5.41
33 models [0] recycles 0 hard 0 soft 1 temp 1 loss 4.55 i_con 4.39 plddt 0.42 ptm 0.87 i_ptm 0.21 energy 5.23
34 models [1] recycles 0 hard 0 soft 1 temp 1 loss 5.39 i_con 5.22 plddt 0.37 ptm 0.88 i_ptm 0.11 energy 5.22
35 models [1] recycles 0 hard 0 soft 1 temp 1 loss 4.96 i_con 4.79 plddt 0.35 ptm 0.88 i_ptm 0.17 energy 5.17
36 models [1] recycles 0 hard 0 soft 1 temp 1 loss 5.28 i_con 5.11 plddt 0.33 ptm 0.88 i_ptm 0.10 energy 5.39
37 models [1] recycles 0 hard 0 soft 1 temp 1 loss 4.84 i_con 4.68 plddt 0.36 ptm 0.88 i_ptm 0.19 energy 4.98
38 models [0] recycles 0 hard 0 soft 1 temp 1 loss 4.98 i_con 4.81 plddt 0.38 ptm 0.87 i_ptm 0.16 energy 5.20
39 models [1] recycles 0 hard 0 soft 1 temp 1 loss 5.26 i_con 5.10 plddt 0.36 ptm 0.88 i_ptm 0.12 energy 4.84
40 models [1] recycles 0 hard 0 soft 1 temp 1 loss 5.28 i_con 5.11 plddt 0.37 ptm 0.88 i_ptm 0.12 energy 5.04
41 models [1] recycles 0 hard 0 soft 1 temp 1 loss 5.20 i_con 5.03 plddt 0.36 ptm 0.88 i_ptm 0.15 energy 4.89
42 models [0] recycles 0 hard 0 soft 1 temp 1 loss 4.75 i_con 4.58 plddt 0.36 ptm 0.87 i_ptm 0.21 energy 5.01
43 models [1] recycles 0 hard 0 soft 1 temp 1 loss 4.69 i_con 4.53 plddt 0.35 ptm 0.89 i_ptm 0.22 energy 4.83
44 models [0] recycles 0 hard 0 soft 1 temp 1 loss 4.37 i_con 4.22 plddt 0.39 ptm 0.87 i_ptm 0.25 energy 4.85
45 models [0] recycles 0 hard 0 soft 1 temp 1 loss 4.48 i_con 4.33 plddt 0.38 ptm 0.87 i_ptm 0.23 energy 4.63
46 models [1] recycles 0 hard 0 soft 1 temp 1 loss 4.94 i_con 4.78 plddt 0.34 ptm 0.88 i_ptm 0.18 energy 4.61
47 models [0] recycles 0 hard 0 soft 1 temp 1 loss 4.39 i_con 4.24 plddt 0.40 ptm 0.87 i_ptm 0.27 energy 4.55
48 models [1] recycles 0 hard 0 soft 1 temp 1 loss 5.57 i_con 5.42 plddt 0.39 ptm 0.88 i_ptm 0.11 energy 4.38
49 models [0] recycles 0 hard 0 soft 1 temp 1 loss 4.66 i_con 4.52 plddt 0.40 ptm 0.87 i_ptm 0.24 energy 4.16
50 models [1] recycles 0 hard 0 soft 1 temp 1 loss 5.35 i_con 5.20 plddt 0.40 ptm 0.88 i_ptm 0.10 energy 4.24
51 models [1] recycles 0 hard 0 soft 1 temp 1 loss 5.32 i_con 4.84 plddt 0.40 ptm 0.88 i_ptm 0.15 energy 4.19
52 models [0] recycles 0 hard 0 soft 1 temp 1 loss 5.29 i_con 4.88 plddt 0.39 ptm 0.87 i_ptm 0.18 energy 3.51
53 models [0] recycles 0 hard 0 soft 1 temp 1 loss 4.78 i_con 4.40 plddt 0.38 ptm 0.87 i_ptm 0.25 energy 3.26
54 models [0] recycles 0 hard 0 soft 1 temp 1 loss 4.66 i_con 4.32 plddt 0.38 ptm 0.87 i_ptm 0.24 energy 2.73
55 models [0] recycles 0 hard 0 soft 1 temp 1 loss 4.61 i_con 4.32 plddt 0.42 ptm 0.87 i_ptm 0.25 energy 2.31
56 models [1] recycles 0 hard 0 soft 1 temp 1 loss 5.43 i_con 5.20 plddt 0.37 ptm 0.88 i_ptm 0.10 energy 1.62
57 models [1] recycles 0 hard 0 soft 1 temp 1 loss 5.00 i_con 4.81 plddt 0.36 ptm 0.88 i_ptm 0.17 energy 1.18
58 models [0] recycles 0 hard 0 soft 1 temp 1 loss 4.82 i_con 4.70 plddt 0.41 ptm 0.87 i_ptm 0.20 energy 0.66
59 models [1] recycles 0 hard 0 soft 1 temp 1 loss 5.02 i_con 4.91 plddt 0.38 ptm 0.88 i_ptm 0.17 energy 0.52
60 models [0] recycles 0 hard 0 soft 1 temp 1 loss 4.73 i_con 4.65 plddt 0.41 ptm 0.87 i_ptm 0.21 energy 0.20
61 models [0] recycles 0 hard 0 soft 1 temp 1 loss 5.00 i_con 4.91 plddt 0.39 ptm 0.86 i_ptm 0.13 energy 0.33
62 models [0] recycles 0 hard 0 soft 1 temp 1 loss 4.50 i_con 4.42 plddt 0.38 ptm 0.87 i_ptm 0.19 energy 0.20
63 models [0] recycles 0 hard 0 soft 1 temp 1 loss 4.37 i_con 4.31 plddt 0.40 ptm 0.87 i_ptm 0.24 energy -0.08
64 models [0] recycles 0 hard 0 soft 1 temp 1 loss 4.48 i_con 4.43 plddt 0.43 ptm 0.87 i_ptm 0.21 energy -0.06
65 models [0] recycles 0 hard 0 soft 1 temp 1 loss 4.72 i_con 4.70 plddt 0.39 ptm 0.87 i_ptm 0.17 energy -0.35
66 models [0] recycles 0 hard 0 soft 1 temp 1 loss 4.39 i_con 4.36 plddt 0.39 ptm 0.87 i_ptm 0.22 energy -0.36
67 models [1] recycles 0 hard 0 soft 1 temp 1 loss 4.83 i_con 4.84 plddt 0.35 ptm 0.88 i_ptm 0.13 energy -0.76
68 models [1] recycles 0 hard 0 soft 1 temp 1 loss 4.80 i_con 4.83 plddt 0.33 ptm 0.88 i_ptm 0.16 energy -0.96
69 models [0] recycles 0 hard 0 soft 1 temp 1 loss 4.07 i_con 4.11 plddt 0.41 ptm 0.87 i_ptm 0.27 energy -1.00
70 models [1] recycles 0 hard 0 soft 1 temp 1 loss 4.51 i_con 4.56 plddt 0.39 ptm 0.88 i_ptm 0.19 energy -1.09
71 models [1] recycles 0 hard 0 soft 1 temp 1 loss 4.53 i_con 4.62 plddt 0.35 ptm 0.88 i_ptm 0.20 energy -1.46
72 models [0] recycles 0 hard 0 soft 1 temp 1 loss 4.38 i_con 4.48 plddt 0.38 ptm 0.87 i_ptm 0.20 energy -1.57
73 models [0] recycles 0 hard 0 soft 1 temp 1 loss 4.25 i_con 4.37 plddt 0.37 ptm 0.87 i_ptm 0.21 energy -1.77
74 models [0] recycles 0 hard 0 soft 1 temp 1 loss 4.31 i_con 4.43 plddt 0.38 ptm 0.87 i_ptm 0.22 energy -1.88
75 models [0] recycles 0 hard 0 soft 1 temp 1 loss 4.00 i_con 4.15 plddt 0.45 ptm 0.87 i_ptm 0.28 energy -1.99
76 models [0] recycles 0 hard 0 soft 1 temp 1 loss 3.99 i_con 4.11 plddt 0.43 ptm 0.87 i_ptm 0.28 energy -1.77
77 models [0] recycles 0 hard 0 soft 1 temp 1 loss 3.89 i_con 4.05 plddt 0.41 ptm 0.87 i_ptm 0.31 energy -2.17
78 models [0] recycles 0 hard 0 soft 1 temp 1 loss 3.86 i_con 4.04 plddt 0.43 ptm 0.87 i_ptm 0.28 energy -2.32
79 models [0] recycles 0 hard 0 soft 1 temp 1 loss 4.07 i_con 4.27 plddt 0.47 ptm 0.87 i_ptm 0.23 energy -2.50
80 models [1] recycles 0 hard 0 soft 1 temp 1 loss 4.15 i_con 4.34 plddt 0.36 ptm 0.89 i_ptm 0.24 energy -2.58
81 models [1] recycles 0 hard 0 soft 1 temp 1 loss 4.20 i_con 4.38 plddt 0.37 ptm 0.88 i_ptm 0.23 energy -2.42
82 models [0] recycles 0 hard 0 soft 1 temp 1 loss 3.78 i_con 3.99 plddt 0.42 ptm 0.87 i_ptm 0.28 energy -2.71
83 models [1] recycles 0 hard 0 soft 1 temp 1 loss 3.94 i_con 4.16 plddt 0.43 ptm 0.89 i_ptm 0.29 energy -2.86
84 models [1] recycles 0 hard 0 soft 1 temp 1 loss 3.84 i_con 4.09 plddt 0.44 ptm 0.89 i_ptm 0.30 energy -2.97
85 models [0] recycles 0 hard 0 soft 1 temp 1 loss 3.73 i_con 3.98 plddt 0.45 ptm 0.87 i_ptm 0.29 energy -3.05
86 models [0] recycles 0 hard 0 soft 1 temp 1 loss 3.84 i_con 4.09 plddt 0.39 ptm 0.88 i_ptm 0.28 energy -3.10
87 models [0] recycles 0 hard 0 soft 1 temp 1 loss 3.69 i_con 3.95 plddt 0.43 ptm 0.88 i_ptm 0.36 energy -3.21
88 models [0] recycles 0 hard 0 soft 1 temp 1 loss 3.75 i_con 4.02 plddt 0.42 ptm 0.87 i_ptm 0.30 energy -3.23
89 models [0] recycles 0 hard 0 soft 1 temp 1 loss 3.79 i_con 4.07 plddt 0.42 ptm 0.87 i_ptm 0.29 energy -3.38
90 models [0] recycles 0 hard 0 soft 1 temp 1 loss 3.63 i_con 3.90 plddt 0.46 ptm 0.88 i_ptm 0.34 energy -3.28
91 models [1] recycles 0 hard 0 soft 1 temp 1 loss 3.73 i_con 4.01 plddt 0.44 ptm 0.89 i_ptm 0.34 energy -3.35
92 models [1] recycles 0 hard 0 soft 1 temp 1 loss 3.91 i_con 4.19 plddt 0.42 ptm 0.89 i_ptm 0.30 energy -3.44
93 models [0] recycles 0 hard 0 soft 1 temp 1 loss 3.63 i_con 3.92 plddt 0.42 ptm 0.87 i_ptm 0.33 energy -3.50
94 models [1] recycles 0 hard 0 soft 1 temp 1 loss 3.70 i_con 3.99 plddt 0.41 ptm 0.89 i_ptm 0.34 energy -3.50
95 models [0] recycles 0 hard 0 soft 1 temp 1 loss 4.09 i_con 4.39 plddt 0.38 ptm 0.87 i_ptm 0.23 energy -3.59
96 models [1] recycles 0 hard 0 soft 1 temp 1 loss 3.75 i_con 4.05 plddt 0.41 ptm 0.89 i_ptm 0.30 energy -3.58
97 models [1] recycles 0 hard 0 soft 1 temp 1 loss 3.62 i_con 3.93 plddt 0.43 ptm 0.89 i_ptm 0.37 energy -3.59
98 models [1] recycles 0 hard 0 soft 1 temp 1 loss 3.70 i_con 4.01 plddt 0.42 ptm 0.89 i_ptm 0.34 energy -3.68
99 models [1] recycles 0 hard 0 soft 1 temp 1 loss 3.73 i_con 4.04 plddt 0.41 ptm 0.89 i_ptm 0.32 energy -3.72
100 models [1] recycles 0 hard 0 soft 1 temp 1 loss 3.49 i_con 3.82 plddt 0.47 ptm 0.89 i_ptm 0.40 energy -3.83
101 models [0] recycles 0 hard 0 soft 0 temp 1 loss 5.85 i_con 6.10 plddt 0.52 ptm 0.86 i_ptm 0.15 energy -14.81
102 models [0] recycles 0 hard 0 soft 0 temp 0.98 loss 4.74 i_con 4.97 plddt 0.42 ptm 0.87 i_ptm 0.20 energy -14.43
103 models [0] recycles 0 hard 0 soft 0 temp 0.96 loss 4.78 i_con 5.00 plddt 0.42 ptm 0.87 i_ptm 0.18 energy -14.18
104 models [1] recycles 0 hard 0 soft 0 temp 0.94 loss 4.02 i_con 4.23 plddt 0.42 ptm 0.89 i_ptm 0.27 energy -13.83
105 models [0] recycles 0 hard 0 soft 0 temp 0.92 loss 3.68 i_con 3.90 plddt 0.46 ptm 0.87 i_ptm 0.35 energy -13.66
106 models [1] recycles 0 hard 0 soft 0 temp 0.90 loss 3.79 i_con 4.01 plddt 0.40 ptm 0.89 i_ptm 0.31 energy -14.08
107 models [1] recycles 0 hard 0 soft 0 temp 0.88 loss 3.46 i_con 3.68 plddt 0.48 ptm 0.90 i_ptm 0.47 energy -13.80
108 models [1] recycles 0 hard 0 soft 0 temp 0.86 loss 3.56 i_con 3.79 plddt 0.46 ptm 0.90 i_ptm 0.42 energy -14.10
109 models [1] recycles 0 hard 0 soft 0 temp 0.84 loss 3.47 i_con 3.70 plddt 0.46 ptm 0.89 i_ptm 0.48 energy -14.11
110 models [0] recycles 0 hard 0 soft 0 temp 0.82 loss 3.56 i_con 3.80 plddt 0.46 ptm 0.88 i_ptm 0.39 energy -14.37
111 models [1] recycles 0 hard 0 soft 0 temp 0.80 loss 3.39 i_con 3.65 plddt 0.50 ptm 0.90 i_ptm 0.47 energy -15.24
112 models [1] recycles 0 hard 0 soft 0 temp 0.78 loss 3.17 i_con 3.43 plddt 0.54 ptm 0.90 i_ptm 0.56 energy -15.46
113 models [1] recycles 0 hard 0 soft 0 temp 0.76 loss 3.36 i_con 3.62 plddt 0.49 ptm 0.90 i_ptm 0.48 energy -15.71
114 models [0] recycles 0 hard 0 soft 0 temp 0.74 loss 3.40 i_con 3.67 plddt 0.50 ptm 0.88 i_ptm 0.47 energy -16.02
115 models [0] recycles 0 hard 0 soft 0 temp 0.72 loss 3.53 i_con 3.80 plddt 0.44 ptm 0.88 i_ptm 0.42 energy -16.65
116 models [1] recycles 0 hard 0 soft 0 temp 0.70 loss 2.70 i_con 3.00 plddt 0.63 ptm 0.91 i_ptm 0.71 energy -16.85
117 models [0] recycles 0 hard 0 soft 0 temp 0.68 loss 3.31 i_con 3.59 plddt 0.49 ptm 0.88 i_ptm 0.48 energy -16.67
118 models [0] recycles 0 hard 0 soft 0 temp 0.66 loss 3.13 i_con 3.43 plddt 0.53 ptm 0.88 i_ptm 0.55 energy -17.11
119 models [1] recycles 0 hard 0 soft 0 temp 0.64 loss 3.01 i_con 3.32 plddt 0.54 ptm 0.90 i_ptm 0.60 energy -17.80
120 models [0] recycles 0 hard 0 soft 0 temp 0.62 loss 3.24 i_con 3.55 plddt 0.50 ptm 0.88 i_ptm 0.53 energy -17.99
121 models [0] recycles 0 hard 0 soft 0 temp 0.60 loss 3.02 i_con 3.34 plddt 0.53 ptm 0.89 i_ptm 0.58 energy -18.55
122 models [0] recycles 0 hard 0 soft 0 temp 0.58 loss 3.26 i_con 3.58 plddt 0.51 ptm 0.88 i_ptm 0.50 energy -18.72
123 models [0] recycles 0 hard 0 soft 0 temp 0.56 loss 3.01 i_con 3.35 plddt 0.54 ptm 0.89 i_ptm 0.58 energy -19.20
124 models [1] recycles 0 hard 0 soft 0 temp 0.54 loss 2.51 i_con 2.86 plddt 0.62 ptm 0.91 i_ptm 0.72 energy -19.41
125 models [1] recycles 0 hard 0 soft 0 temp 0.52 loss 2.81 i_con 3.16 plddt 0.60 ptm 0.91 i_ptm 0.65 energy -19.49
126 models [0] recycles 0 hard 0 soft 0 temp 0.50 loss 2.90 i_con 3.25 plddt 0.58 ptm 0.89 i_ptm 0.64 energy -19.82
127 models [1] recycles 0 hard 0 soft 0 temp 0.48 loss 2.59 i_con 2.95 plddt 0.61 ptm 0.90 i_ptm 0.69 energy -20.09
128 models [1] recycles 0 hard 0 soft 0 temp 0.46 loss 2.82 i_con 3.19 plddt 0.58 ptm 0.91 i_ptm 0.66 energy -20.53
129 models [0] recycles 0 hard 0 soft 0 temp 0.44 loss 2.65 i_con 3.02 plddt 0.62 ptm 0.89 i_ptm 0.69 energy -20.42
130 models [0] recycles 0 hard 0 soft 0 temp 0.42 loss 2.84 i_con 3.20 plddt 0.58 ptm 0.89 i_ptm 0.62 energy -20.53
131 models [0] recycles 0 hard 0 soft 0 temp 0.40 loss 2.53 i_con 2.90 plddt 0.61 ptm 0.89 i_ptm 0.69 energy -20.73
132 models [0] recycles 0 hard 0 soft 0 temp 0.38 loss 2.68 i_con 3.07 plddt 0.61 ptm 0.89 i_ptm 0.66 energy -21.69
133 models [0] recycles 0 hard 0 soft 0 temp 0.36 loss 2.64 i_con 3.03 plddt 0.59 ptm 0.89 i_ptm 0.68 energy -21.70
134 models [1] recycles 0 hard 0 soft 0 temp 0.34 loss 2.47 i_con 2.88 plddt 0.64 ptm 0.91 i_ptm 0.72 energy -22.59
135 models [1] recycles 0 hard 0 soft 0 temp 0.32 loss 2.42 i_con 2.84 plddt 0.66 ptm 0.91 i_ptm 0.74 energy -22.82
136 models [1] recycles 0 hard 0 soft 0 temp 0.30 loss 2.48 i_con 2.90 plddt 0.62 ptm 0.91 i_ptm 0.71 energy -23.06
137 models [1] recycles 0 hard 0 soft 0 temp 0.28 loss 2.14 i_con 2.58 plddt 0.70 ptm 0.91 i_ptm 0.78 energy -23.65
138 models [0] recycles 0 hard 0 soft 0 temp 0.26 loss 2.55 i_con 3.00 plddt 0.62 ptm 0.89 i_ptm 0.69 energy -24.33
139 models [0] recycles 0 hard 0 soft 0 temp 0.24 loss 2.25 i_con 2.71 plddt 0.66 ptm 0.89 i_ptm 0.75 energy -24.71
140 models [0] recycles 0 hard 0 soft 0 temp 0.22 loss 2.49 i_con 2.96 plddt 0.60 ptm 0.89 i_ptm 0.68 energy -25.18
141 models [1] recycles 0 hard 0 soft 0 temp 0.20 loss 2.05 i_con 2.53 plddt 0.69 ptm 0.91 i_ptm 0.78 energy -25.63
142 models [1] recycles 0 hard 0 soft 0 temp 0.18 loss 2.11 i_con 2.61 plddt 0.66 ptm 0.91 i_ptm 0.76 energy -26.72
143 models [0] recycles 0 hard 0 soft 0 temp 0.16 loss 2.23 i_con 2.74 plddt 0.66 ptm 0.89 i_ptm 0.75 energy -27.00
144 models [1] recycles 0 hard 0 soft 0 temp 0.14 loss 1.95 i_con 2.47 plddt 0.71 ptm 0.92 i_ptm 0.78 energy -27.35
145 models [0] recycles 0 hard 0 soft 0 temp 0.12 loss 2.51 i_con 3.03 plddt 0.60 ptm 0.89 i_ptm 0.66 energy -28.27
146 models [1] recycles 0 hard 0 soft 0 temp 0.10 loss 2.09 i_con 2.62 plddt 0.69 ptm 0.91 i_ptm 0.79 energy -28.28
147 models [0] recycles 0 hard 0 soft 0 temp 0.08 loss 2.48 i_con 3.02 plddt 0.60 ptm 0.89 i_ptm 0.68 energy -28.92
148 models [1] recycles 0 hard 0 soft 0 temp 0.06 loss 1.91 i_con 2.47 plddt 0.72 ptm 0.91 i_ptm 0.79 energy -29.42
149 models [1] recycles 0 hard 0 soft 0 temp 0.04 loss 2.05 i_con 2.61 plddt 0.70 ptm 0.91 i_ptm 0.77 energy -29.54
150 models [1] recycles 0 hard 0 soft 0 temp 0.02 loss 1.90 i_con 2.48 plddt 0.72 ptm 0.91 i_ptm 0.79 energy -30.07
151 models [1] recycles 0 hard 1 soft 0 temp 0.00 loss 2.67 i_con 3.58 plddt 0.48 ptm 0.90 i_ptm 0.54 energy -4.82
152 models [0] recycles 0 hard 1 soft 0 temp 0.00 loss 2.81 i_con 3.72 plddt 0.45 ptm 0.88 i_ptm 0.48 energy -4.82
153 models [1] recycles 0 hard 1 soft 0 temp 0.00 loss 2.67 i_con 3.58 plddt 0.48 ptm 0.90 i_ptm 0.54 energy -4.82
154 models [1] recycles 0 hard 1 soft 0 temp 0.00 loss 2.67 i_con 3.58 plddt 0.48 ptm 0.90 i_ptm 0.54 energy -4.82
155 models [1] recycles 0 hard 1 soft 0 temp 0.00 loss 2.67 i_con 3.58 plddt 0.48 ptm 0.90 i_ptm 0.54 energy -4.82
156 models [1] recycles 0 hard 1 soft 0 temp 0.00 loss 2.67 i_con 3.58 plddt 0.48 ptm 0.90 i_ptm 0.54 energy -4.82
157 models [0] recycles 0 hard 1 soft 0 temp 0.00 loss 2.81 i_con 3.72 plddt 0.45 ptm 0.88 i_ptm 0.48 energy -4.82
158 models [0] recycles 0 hard 1 soft 0 temp 0.00 loss 2.81 i_con 3.72 plddt 0.45 ptm 0.88 i_ptm 0.48 energy -4.82
159 models [0] recycles 0 hard 1 soft 0 temp 0.00 loss 2.81 i_con 3.72 plddt 0.45 ptm 0.88 i_ptm 0.48 energy -4.82
160 models [0] recycles 0 hard 1 soft 0 temp 0.00 loss 2.81 i_con 3.72 plddt 0.45 ptm 0.88 i_ptm 0.48 energy -4.82
161 models [0] recycles 0 hard 1 soft 0 temp 0.00 loss 2.81 i_con 3.72 plddt 0.45 ptm 0.88 i_ptm 0.48 energy -4.82
162 models [1] recycles 0 hard 1 soft 0 temp 0.00 loss 2.67 i_con 3.58 plddt 0.48 ptm 0.90 i_ptm 0.54 energy -4.82
163 models [0] recycles 0 hard 1 soft 0 temp 0.00 loss 2.81 i_con 3.72 plddt 0.45 ptm 0.88 i_ptm 0.48 energy -4.82
164 models [1] recycles 0 hard 1 soft 0 temp 0.00 loss 2.67 i_con 3.58 plddt 0.48 ptm 0.90 i_ptm 0.54 energy -4.82
165 models [1] recycles 0 hard 1 soft 0 temp 0.00 loss 2.67 i_con 3.58 plddt 0.48 ptm 0.90 i_ptm 0.54 energy -4.82
166 models [0] recycles 0 hard 1 soft 0 temp 0.00 loss 2.81 i_con 3.72 plddt 0.45 ptm 0.88 i_ptm 0.48 energy -4.82
167 models [0] recycles 0 hard 1 soft 0 temp 0.00 loss 2.81 i_con 3.72 plddt 0.45 ptm 0.88 i_ptm 0.48 energy -4.82
168 models [1] recycles 0 hard 1 soft 0 temp 0.00 loss 2.67 i_con 3.58 plddt 0.48 ptm 0.90 i_ptm 0.54 energy -4.82
169 models [1] recycles 0 hard 1 soft 0 temp 0.00 loss 2.67 i_con 3.58 plddt 0.48 ptm 0.90 i_ptm 0.54 energy -4.82
170 models [1] recycles 0 hard 1 soft 0 temp 0.00 loss 2.67 i_con 3.58 plddt 0.48 ptm 0.90 i_ptm 0.54 energy -4.82
171 models [1] recycles 0 hard 1 soft 0 temp 0.00 loss 2.67 i_con 3.58 plddt 0.48 ptm 0.90 i_ptm 0.54 energy -4.82
172 models [0] recycles 0 hard 1 soft 0 temp 0.00 loss 2.81 i_con 3.72 plddt 0.45 ptm 0.88 i_ptm 0.48 energy -4.82
173 models [0] recycles 0 hard 1 soft 0 temp 0.00 loss 2.81 i_con 3.72 plddt 0.45 ptm 0.88 i_ptm 0.48 energy -4.82
174 models [0] recycles 0 hard 1 soft 0 temp 0.00 loss 2.81 i_con 3.72 plddt 0.45 ptm 0.88 i_ptm 0.48 energy -4.82
175 models [0] recycles 0 hard 1 soft 0 temp 0.00 loss 2.81 i_con 3.72 plddt 0.45 ptm 0.88 i_ptm 0.48 energy -4.82
176 models [1] recycles 0 hard 1 soft 0 temp 0.00 loss 2.67 i_con 3.58 plddt 0.48 ptm 0.90 i_ptm 0.54 energy -4.82
177 models [1] recycles 0 hard 1 soft 0 temp 0.00 loss 2.67 i_con 3.58 plddt 0.48 ptm 0.90 i_ptm 0.54 energy -4.82
178 models [1] recycles 0 hard 1 soft 0 temp 0.00 loss 2.67 i_con 3.58 plddt 0.48 ptm 0.90 i_ptm 0.54 energy -4.82
179 models [1] recycles 0 hard 1 soft 0 temp 0.00 loss 2.67 i_con 3.58 plddt 0.48 ptm 0.90 i_ptm 0.54 energy -4.82
180 models [1] recycles 0 hard 1 soft 0 temp 0.00 loss 2.67 i_con 3.58 plddt 0.48 ptm 0.90 i_ptm 0.54 energy -4.82
  seq=AISGPALEVLLCLFC  loss=2.6655  loss_af=3.6297  energy=-4.8212  i_ptm=0.5432
[18/20] seed=17 ...
1 models [1] recycles 0 hard 0 soft 1 temp 1 loss 7.75 i_con 7.56 plddt 0.56 ptm 0.88 i_ptm 0.09 energy 7.38
2 models [1] recycles 0 hard 0 soft 1 temp 1 loss 7.51 i_con 7.32 plddt 0.54 ptm 0.88 i_ptm 0.08 energy 7.21
3 models [0] recycles 0 hard 0 soft 1 temp 1 loss 7.45 i_con 7.26 plddt 0.57 ptm 0.86 i_ptm 0.13 energy 7.02
4 models [1] recycles 0 hard 0 soft 1 temp 1 loss 7.25 i_con 7.06 plddt 0.50 ptm 0.88 i_ptm 0.09 energy 6.87
5 models [1] recycles 0 hard 0 soft 1 temp 1 loss 7.41 i_con 7.23 plddt 0.53 ptm 0.88 i_ptm 0.08 energy 6.77
6 models [1] recycles 0 hard 0 soft 1 temp 1 loss 6.82 i_con 6.65 plddt 0.57 ptm 0.88 i_ptm 0.08 energy 6.61
7 models [1] recycles 0 hard 0 soft 1 temp 1 loss 7.05 i_con 6.88 plddt 0.54 ptm 0.88 i_ptm 0.08 energy 6.50
8 models [1] recycles 0 hard 0 soft 1 temp 1 loss 6.79 i_con 6.62 plddt 0.53 ptm 0.88 i_ptm 0.08 energy 6.30
9 models [0] recycles 0 hard 0 soft 1 temp 1 loss 6.87 i_con 6.70 plddt 0.52 ptm 0.86 i_ptm 0.11 energy 6.09
10 models [0] recycles 0 hard 0 soft 1 temp 1 loss 6.35 i_con 6.17 plddt 0.44 ptm 0.86 i_ptm 0.13 energy 6.02
11 models [1] recycles 0 hard 0 soft 1 temp 1 loss 6.18 i_con 6.01 plddt 0.51 ptm 0.88 i_ptm 0.08 energy 5.93
12 models [1] recycles 0 hard 0 soft 1 temp 1 loss 5.98 i_con 5.81 plddt 0.52 ptm 0.88 i_ptm 0.09 energy 5.72
13 models [0] recycles 0 hard 0 soft 1 temp 1 loss 5.50 i_con 5.32 plddt 0.41 ptm 0.86 i_ptm 0.13 energy 5.68
14 models [1] recycles 0 hard 0 soft 1 temp 1 loss 5.99 i_con 5.82 plddt 0.43 ptm 0.88 i_ptm 0.09 energy 5.70
15 models [1] recycles 0 hard 0 soft 1 temp 1 loss 6.11 i_con 5.94 plddt 0.42 ptm 0.88 i_ptm 0.08 energy 5.41
16 models [1] recycles 0 hard 0 soft 1 temp 1 loss 6.07 i_con 5.91 plddt 0.43 ptm 0.88 i_ptm 0.09 energy 5.32
17 models [0] recycles 0 hard 0 soft 1 temp 1 loss 4.61 i_con 4.43 plddt 0.36 ptm 0.87 i_ptm 0.21 energy 5.57
18 models [1] recycles 0 hard 0 soft 1 temp 1 loss 5.85 i_con 5.68 plddt 0.43 ptm 0.88 i_ptm 0.08 energy 5.57
19 models [1] recycles 0 hard 0 soft 1 temp 1 loss 5.21 i_con 5.03 plddt 0.34 ptm 0.88 i_ptm 0.11 energy 5.70
20 models [1] recycles 0 hard 0 soft 1 temp 1 loss 5.40 i_con 5.23 plddt 0.39 ptm 0.88 i_ptm 0.10 energy 5.70
21 models [1] recycles 0 hard 0 soft 1 temp 1 loss 5.31 i_con 5.13 plddt 0.35 ptm 0.88 i_ptm 0.11 energy 5.70
22 models [0] recycles 0 hard 0 soft 1 temp 1 loss 4.76 i_con 4.59 plddt 0.41 ptm 0.87 i_ptm 0.22 energy 5.81
23 models [1] recycles 0 hard 0 soft 1 temp 1 loss 5.59 i_con 5.42 plddt 0.39 ptm 0.88 i_ptm 0.10 energy 5.36
24 models [0] recycles 0 hard 0 soft 1 temp 1 loss 5.00 i_con 4.83 plddt 0.39 ptm 0.87 i_ptm 0.20 energy 5.57
25 models [0] recycles 0 hard 0 soft 1 temp 1 loss 4.72 i_con 4.54 plddt 0.39 ptm 0.87 i_ptm 0.24 energy 5.83
26 models [1] recycles 0 hard 0 soft 1 temp 1 loss 5.31 i_con 5.14 plddt 0.36 ptm 0.88 i_ptm 0.17 energy 5.14
27 models [0] recycles 0 hard 0 soft 1 temp 1 loss 4.90 i_con 4.74 plddt 0.41 ptm 0.87 i_ptm 0.20 energy 5.07
28 models [0] recycles 0 hard 0 soft 1 temp 1 loss 4.89 i_con 4.72 plddt 0.36 ptm 0.87 i_ptm 0.22 energy 4.96
29 models [0] recycles 0 hard 0 soft 1 temp 1 loss 4.79 i_con 4.63 plddt 0.42 ptm 0.87 i_ptm 0.24 energy 4.76
30 models [1] recycles 0 hard 0 soft 1 temp 1 loss 5.17 i_con 5.02 plddt 0.38 ptm 0.88 i_ptm 0.19 energy 4.41
31 models [0] recycles 0 hard 0 soft 1 temp 1 loss 4.87 i_con 4.71 plddt 0.38 ptm 0.87 i_ptm 0.21 energy 4.62
32 models [0] recycles 0 hard 0 soft 1 temp 1 loss 5.10 i_con 4.95 plddt 0.41 ptm 0.86 i_ptm 0.15 energy 4.63
33 models [0] recycles 0 hard 0 soft 1 temp 1 loss 4.81 i_con 4.66 plddt 0.41 ptm 0.87 i_ptm 0.23 energy 4.52
34 models [1] recycles 0 hard 0 soft 1 temp 1 loss 5.04 i_con 4.89 plddt 0.34 ptm 0.88 i_ptm 0.21 energy 4.06
35 models [0] recycles 0 hard 0 soft 1 temp 1 loss 4.64 i_con 4.49 plddt 0.40 ptm 0.87 i_ptm 0.23 energy 4.15
36 models [0] recycles 0 hard 0 soft 1 temp 1 loss 4.91 i_con 4.77 plddt 0.38 ptm 0.86 i_ptm 0.22 energy 3.95
37 models [1] recycles 0 hard 0 soft 1 temp 1 loss 5.54 i_con 5.40 plddt 0.38 ptm 0.88 i_ptm 0.10 energy 3.88
38 models [1] recycles 0 hard 0 soft 1 temp 1 loss 5.42 i_con 5.28 plddt 0.40 ptm 0.88 i_ptm 0.12 energy 3.91
39 models [1] recycles 0 hard 0 soft 1 temp 1 loss 5.06 i_con 4.92 plddt 0.36 ptm 0.88 i_ptm 0.16 energy 3.72
40 models [0] recycles 0 hard 0 soft 1 temp 1 loss 4.77 i_con 4.64 plddt 0.44 ptm 0.87 i_ptm 0.21 energy 3.75
41 models [0] recycles 0 hard 0 soft 1 temp 1 loss 4.62 i_con 4.49 plddt 0.41 ptm 0.87 i_ptm 0.22 energy 3.55
42 models [1] recycles 0 hard 0 soft 1 temp 1 loss 5.31 i_con 5.19 plddt 0.40 ptm 0.88 i_ptm 0.13 energy 3.11
43 models [0] recycles 0 hard 0 soft 1 temp 1 loss 4.33 i_con 4.20 plddt 0.43 ptm 0.87 i_ptm 0.27 energy 3.54
44 models [0] recycles 0 hard 0 soft 1 temp 1 loss 4.72 i_con 4.60 plddt 0.37 ptm 0.87 i_ptm 0.23 energy 3.17
45 models [1] recycles 0 hard 0 soft 1 temp 1 loss 5.40 i_con 5.27 plddt 0.37 ptm 0.88 i_ptm 0.12 energy 3.43
46 models [1] recycles 0 hard 0 soft 1 temp 1 loss 5.22 i_con 5.10 plddt 0.36 ptm 0.88 i_ptm 0.17 energy 3.07
47 models [1] recycles 0 hard 0 soft 1 temp 1 loss 5.19 i_con 5.06 plddt 0.35 ptm 0.88 i_ptm 0.16 energy 3.17
48 models [0] recycles 0 hard 0 soft 1 temp 1 loss 4.79 i_con 4.66 plddt 0.38 ptm 0.87 i_ptm 0.20 energy 3.01
49 models [0] recycles 0 hard 0 soft 1 temp 1 loss 4.68 i_con 4.56 plddt 0.38 ptm 0.87 i_ptm 0.20 energy 2.73
50 models [0] recycles 0 hard 0 soft 1 temp 1 loss 4.36 i_con 4.25 plddt 0.41 ptm 0.87 i_ptm 0.24 energy 2.69
51 models [0] recycles 0 hard 0 soft 1 temp 1 loss 4.78 i_con 4.49 plddt 0.38 ptm 0.87 i_ptm 0.21 energy 2.30
52 models [1] recycles 0 hard 0 soft 1 temp 1 loss 5.16 i_con 4.92 plddt 0.38 ptm 0.88 i_ptm 0.20 energy 1.82
53 models [0] recycles 0 hard 0 soft 1 temp 1 loss 4.59 i_con 4.42 plddt 0.42 ptm 0.87 i_ptm 0.23 energy 1.10
54 models [0] recycles 0 hard 0 soft 1 temp 1 loss 4.51 i_con 4.45 plddt 0.38 ptm 0.87 i_ptm 0.22 energy 0.08
55 models [1] recycles 0 hard 0 soft 1 temp 1 loss 5.20 i_con 5.16 plddt 0.34 ptm 0.88 i_ptm 0.13 energy -0.25
56 models [1] recycles 0 hard 0 soft 1 temp 1 loss 4.97 i_con 4.98 plddt 0.35 ptm 0.88 i_ptm 0.14 energy -0.74
57 models [1] recycles 0 hard 0 soft 1 temp 1 loss 4.82 i_con 4.88 plddt 0.37 ptm 0.88 i_ptm 0.17 energy -1.29
58 models [1] recycles 0 hard 0 soft 1 temp 1 loss 4.90 i_con 4.98 plddt 0.37 ptm 0.88 i_ptm 0.13 energy -1.46
59 models [0] recycles 0 hard 0 soft 1 temp 1 loss 4.69 i_con 4.80 plddt 0.36 ptm 0.87 i_ptm 0.15 energy -1.77
60 models [0] recycles 0 hard 0 soft 1 temp 1 loss 4.80 i_con 4.91 plddt 0.43 ptm 0.86 i_ptm 0.16 energy -1.63
61 models [1] recycles 0 hard 0 soft 1 temp 1 loss 4.78 i_con 4.88 plddt 0.37 ptm 0.88 i_ptm 0.17 energy -1.64
62 models [1] recycles 0 hard 0 soft 1 temp 1 loss 5.08 i_con 5.21 plddt 0.39 ptm 0.88 i_ptm 0.11 energy -1.86
63 models [1] recycles 0 hard 0 soft 1 temp 1 loss 4.62 i_con 4.73 plddt 0.35 ptm 0.88 i_ptm 0.20 energy -1.76
64 models [0] recycles 0 hard 0 soft 1 temp 1 loss 4.24 i_con 4.38 plddt 0.42 ptm 0.87 i_ptm 0.25 energy -1.99
65 models [0] recycles 0 hard 0 soft 1 temp 1 loss 4.40 i_con 4.53 plddt 0.36 ptm 0.87 i_ptm 0.20 energy -1.94
66 models [1] recycles 0 hard 0 soft 1 temp 1 loss 4.35 i_con 4.50 plddt 0.37 ptm 0.88 i_ptm 0.23 energy -2.10
67 models [1] recycles 0 hard 0 soft 1 temp 1 loss 4.83 i_con 4.95 plddt 0.35 ptm 0.88 i_ptm 0.17 energy -1.90
68 models [0] recycles 0 hard 0 soft 1 temp 1 loss 4.19 i_con 4.33 plddt 0.38 ptm 0.87 i_ptm 0.26 energy -2.07
69 models [0] recycles 0 hard 0 soft 1 temp 1 loss 4.33 i_con 4.51 plddt 0.38 ptm 0.87 i_ptm 0.21 energy -2.44
70 models [0] recycles 0 hard 0 soft 1 temp 1 loss 4.07 i_con 4.25 plddt 0.40 ptm 0.87 i_ptm 0.22 energy -2.49
71 models [1] recycles 0 hard 0 soft 1 temp 1 loss 4.32 i_con 4.52 plddt 0.37 ptm 0.88 i_ptm 0.21 energy -2.63
72 models [1] recycles 0 hard 0 soft 1 temp 1 loss 3.97 i_con 4.18 plddt 0.36 ptm 0.89 i_ptm 0.23 energy -2.76
73 models [1] recycles 0 hard 0 soft 1 temp 1 loss 4.35 i_con 4.58 plddt 0.33 ptm 0.88 i_ptm 0.17 energy -2.94
74 models [1] recycles 0 hard 0 soft 1 temp 1 loss 4.21 i_con 4.44 plddt 0.35 ptm 0.88 i_ptm 0.20 energy -2.98
75 models [0] recycles 0 hard 0 soft 1 temp 1 loss 4.09 i_con 4.33 plddt 0.37 ptm 0.87 i_ptm 0.21 energy -3.06
76 models [1] recycles 0 hard 0 soft 1 temp 1 loss 4.02 i_con 4.27 plddt 0.36 ptm 0.89 i_ptm 0.23 energy -3.12
77 models [0] recycles 0 hard 0 soft 1 temp 1 loss 4.09 i_con 4.34 plddt 0.37 ptm 0.87 i_ptm 0.24 energy -3.21
78 models [1] recycles 0 hard 0 soft 1 temp 1 loss 3.74 i_con 4.01 plddt 0.41 ptm 0.89 i_ptm 0.30 energy -3.25
79 models [1] recycles 0 hard 0 soft 1 temp 1 loss 4.10 i_con 4.37 plddt 0.34 ptm 0.88 i_ptm 0.21 energy -3.32
80 models [1] recycles 0 hard 0 soft 1 temp 1 loss 4.59 i_con 4.88 plddt 0.39 ptm 0.88 i_ptm 0.12 energy -3.45
81 models [0] recycles 0 hard 0 soft 1 temp 1 loss 3.92 i_con 4.20 plddt 0.39 ptm 0.87 i_ptm 0.23 energy -3.43
82 models [0] recycles 0 hard 0 soft 1 temp 1 loss 3.87 i_con 4.15 plddt 0.43 ptm 0.87 i_ptm 0.26 energy -3.43
83 models [0] recycles 0 hard 0 soft 1 temp 1 loss 3.93 i_con 4.23 plddt 0.40 ptm 0.87 i_ptm 0.24 energy -3.55
84 models [0] recycles 0 hard 0 soft 1 temp 1 loss 3.77 i_con 4.07 plddt 0.39 ptm 0.88 i_ptm 0.27 energy -3.54
85 models [1] recycles 0 hard 0 soft 1 temp 1 loss 3.94 i_con 4.23 plddt 0.35 ptm 0.88 i_ptm 0.24 energy -3.62
86 models [0] recycles 0 hard 0 soft 1 temp 1 loss 3.78 i_con 4.10 plddt 0.41 ptm 0.87 i_ptm 0.28 energy -3.77
87 models [0] recycles 0 hard 0 soft 1 temp 1 loss 4.12 i_con 4.45 plddt 0.37 ptm 0.86 i_ptm 0.20 energy -3.89
88 models [0] recycles 0 hard 0 soft 1 temp 1 loss 3.88 i_con 4.20 plddt 0.42 ptm 0.87 i_ptm 0.26 energy -3.81
89 models [0] recycles 0 hard 0 soft 1 temp 1 loss 3.78 i_con 4.12 plddt 0.38 ptm 0.87 i_ptm 0.24 energy -3.95
90 models [0] recycles 0 hard 0 soft 1 temp 1 loss 4.08 i_con 4.40 plddt 0.37 ptm 0.87 i_ptm 0.19 energy -3.89
91 models [1] recycles 0 hard 0 soft 1 temp 1 loss 4.06 i_con 4.40 plddt 0.38 ptm 0.88 i_ptm 0.22 energy -3.99
92 models [1] recycles 0 hard 0 soft 1 temp 1 loss 3.93 i_con 4.27 plddt 0.35 ptm 0.88 i_ptm 0.23 energy -3.97
93 models [0] recycles 0 hard 0 soft 1 temp 1 loss 3.98 i_con 4.32 plddt 0.39 ptm 0.87 i_ptm 0.23 energy -3.98
94 models [1] recycles 0 hard 0 soft 1 temp 1 loss 4.10 i_con 4.44 plddt 0.36 ptm 0.89 i_ptm 0.22 energy -4.03
95 models [0] recycles 0 hard 0 soft 1 temp 1 loss 4.15 i_con 4.47 plddt 0.40 ptm 0.87 i_ptm 0.21 energy -3.88
96 models [1] recycles 0 hard 0 soft 1 temp 1 loss 3.80 i_con 4.13 plddt 0.37 ptm 0.89 i_ptm 0.24 energy -3.92
97 models [0] recycles 0 hard 0 soft 1 temp 1 loss 3.83 i_con 4.17 plddt 0.36 ptm 0.87 i_ptm 0.25 energy -4.02
98 models [1] recycles 0 hard 0 soft 1 temp 1 loss 4.03 i_con 4.37 plddt 0.35 ptm 0.88 i_ptm 0.21 energy -4.08
99 models [0] recycles 0 hard 0 soft 1 temp 1 loss 3.76 i_con 4.10 plddt 0.38 ptm 0.87 i_ptm 0.27 energy -4.06
100 models [0] recycles 0 hard 0 soft 1 temp 1 loss 3.72 i_con 4.07 plddt 0.40 ptm 0.87 i_ptm 0.27 energy -4.10
101 models [1] recycles 0 hard 0 soft 0 temp 1 loss 7.74 i_con 8.13 plddt 0.54 ptm 0.88 i_ptm 0.12 energy -21.67
102 models [1] recycles 0 hard 0 soft 0 temp 0.98 loss 7.28 i_con 7.66 plddt 0.56 ptm 0.88 i_ptm 0.12 energy -21.66
103 models [1] recycles 0 hard 0 soft 0 temp 0.96 loss 6.14 i_con 6.52 plddt 0.53 ptm 0.88 i_ptm 0.11 energy -21.42
104 models [1] recycles 0 hard 0 soft 0 temp 0.94 loss 5.22 i_con 5.60 plddt 0.47 ptm 0.88 i_ptm 0.09 energy -21.18
105 models [1] recycles 0 hard 0 soft 0 temp 0.92 loss 4.31 i_con 4.67 plddt 0.37 ptm 0.88 i_ptm 0.20 energy -20.91
106 models [0] recycles 0 hard 0 soft 0 temp 0.90 loss 3.93 i_con 4.28 plddt 0.38 ptm 0.87 i_ptm 0.25 energy -20.47
107 models [1] recycles 0 hard 0 soft 0 temp 0.88 loss 4.08 i_con 4.43 plddt 0.36 ptm 0.89 i_ptm 0.25 energy -20.48
108 models [1] recycles 0 hard 0 soft 0 temp 0.86 loss 4.15 i_con 4.50 plddt 0.37 ptm 0.89 i_ptm 0.22 energy -20.25
109 models [1] recycles 0 hard 0 soft 0 temp 0.84 loss 3.73 i_con 4.07 plddt 0.36 ptm 0.89 i_ptm 0.28 energy -19.91
110 models [1] recycles 0 hard 0 soft 0 temp 0.82 loss 3.75 i_con 4.09 plddt 0.38 ptm 0.89 i_ptm 0.30 energy -20.15
111 models [1] recycles 0 hard 0 soft 0 temp 0.80 loss 3.73 i_con 4.07 plddt 0.37 ptm 0.89 i_ptm 0.28 energy -20.37
112 models [1] recycles 0 hard 0 soft 0 temp 0.78 loss 3.63 i_con 3.97 plddt 0.37 ptm 0.88 i_ptm 0.29 energy -20.27
113 models [1] recycles 0 hard 0 soft 0 temp 0.76 loss 3.45 i_con 3.79 plddt 0.41 ptm 0.89 i_ptm 0.41 energy -20.08
114 models [1] recycles 0 hard 0 soft 0 temp 0.74 loss 3.73 i_con 4.08 plddt 0.37 ptm 0.89 i_ptm 0.29 energy -20.70
115 models [0] recycles 0 hard 0 soft 0 temp 0.72 loss 3.34 i_con 3.71 plddt 0.42 ptm 0.88 i_ptm 0.38 energy -21.30
116 models [1] recycles 0 hard 0 soft 0 temp 0.70 loss 3.47 i_con 3.85 plddt 0.44 ptm 0.89 i_ptm 0.40 energy -21.79
117 models [1] recycles 0 hard 0 soft 0 temp 0.68 loss 3.48 i_con 3.87 plddt 0.44 ptm 0.89 i_ptm 0.38 energy -22.05
118 models [0] recycles 0 hard 0 soft 0 temp 0.66 loss 3.36 i_con 3.74 plddt 0.43 ptm 0.88 i_ptm 0.37 energy -22.28
119 models [0] recycles 0 hard 0 soft 0 temp 0.64 loss 3.45 i_con 3.86 plddt 0.39 ptm 0.87 i_ptm 0.34 energy -23.16
120 models [0] recycles 0 hard 0 soft 0 temp 0.62 loss 3.29 i_con 3.70 plddt 0.41 ptm 0.87 i_ptm 0.37 energy -23.58
121 models [0] recycles 0 hard 0 soft 0 temp 0.60 loss 3.43 i_con 3.85 plddt 0.40 ptm 0.87 i_ptm 0.34 energy -23.96
122 models [0] recycles 0 hard 0 soft 0 temp 0.58 loss 3.39 i_con 3.82 plddt 0.38 ptm 0.87 i_ptm 0.33 energy -24.68
123 models [0] recycles 0 hard 0 soft 0 temp 0.56 loss 3.39 i_con 3.84 plddt 0.39 ptm 0.87 i_ptm 0.32 energy -25.12
124 models [0] recycles 0 hard 0 soft 0 temp 0.54 loss 3.27 i_con 3.73 plddt 0.40 ptm 0.88 i_ptm 0.39 energy -26.12
125 models [0] recycles 0 hard 0 soft 0 temp 0.52 loss 3.21 i_con 3.68 plddt 0.41 ptm 0.88 i_ptm 0.45 energy -26.64
126 models [1] recycles 0 hard 0 soft 0 temp 0.50 loss 3.42 i_con 3.91 plddt 0.42 ptm 0.89 i_ptm 0.37 energy -27.35
127 models [1] recycles 0 hard 0 soft 0 temp 0.48 loss 3.31 i_con 3.80 plddt 0.40 ptm 0.89 i_ptm 0.40 energy -27.49
128 models [0] recycles 0 hard 0 soft 0 temp 0.46 loss 3.24 i_con 3.75 plddt 0.40 ptm 0.88 i_ptm 0.36 energy -28.60
129 models [1] recycles 0 hard 0 soft 0 temp 0.44 loss 3.13 i_con 3.66 plddt 0.42 ptm 0.90 i_ptm 0.44 energy -29.31
130 models [1] recycles 0 hard 0 soft 0 temp 0.42 loss 3.32 i_con 3.85 plddt 0.41 ptm 0.89 i_ptm 0.37 energy -29.69
131 models [0] recycles 0 hard 0 soft 0 temp 0.40 loss 3.14 i_con 3.67 plddt 0.37 ptm 0.88 i_ptm 0.41 energy -29.84
132 models [0] recycles 0 hard 0 soft 0 temp 0.38 loss 3.15 i_con 3.70 plddt 0.42 ptm 0.88 i_ptm 0.41 energy -30.57
133 models [0] recycles 0 hard 0 soft 0 temp 0.36 loss 3.17 i_con 3.73 plddt 0.42 ptm 0.88 i_ptm 0.39 energy -31.25
134 models [0] recycles 0 hard 0 soft 0 temp 0.34 loss 3.16 i_con 3.73 plddt 0.39 ptm 0.87 i_ptm 0.38 energy -31.82
135 models [0] recycles 0 hard 0 soft 0 temp 0.32 loss 3.12 i_con 3.72 plddt 0.41 ptm 0.87 i_ptm 0.37 energy -32.71
136 models [0] recycles 0 hard 0 soft 0 temp 0.30 loss 2.96 i_con 3.57 plddt 0.42 ptm 0.88 i_ptm 0.46 energy -33.23
137 models [1] recycles 0 hard 0 soft 0 temp 0.28 loss 3.10 i_con 3.71 plddt 0.39 ptm 0.89 i_ptm 0.42 energy -33.81
138 models [1] recycles 0 hard 0 soft 0 temp 0.26 loss 2.84 i_con 3.46 plddt 0.43 ptm 0.90 i_ptm 0.52 energy -34.00
139 models [1] recycles 0 hard 0 soft 0 temp 0.24 loss 3.17 i_con 3.81 plddt 0.44 ptm 0.90 i_ptm 0.38 energy -34.55
140 models [1] recycles 0 hard 0 soft 0 temp 0.22 loss 3.09 i_con 3.72 plddt 0.41 ptm 0.90 i_ptm 0.41 energy -34.41
141 models [0] recycles 0 hard 0 soft 0 temp 0.20 loss 3.05 i_con 3.69 plddt 0.39 ptm 0.87 i_ptm 0.37 energy -35.16
142 models [1] recycles 0 hard 0 soft 0 temp 0.18 loss 3.08 i_con 3.72 plddt 0.42 ptm 0.89 i_ptm 0.46 energy -34.84
143 models [0] recycles 0 hard 0 soft 0 temp 0.16 loss 2.68 i_con 3.32 plddt 0.44 ptm 0.88 i_ptm 0.52 energy -35.07
144 models [0] recycles 0 hard 0 soft 0 temp 0.14 loss 2.84 i_con 3.48 plddt 0.41 ptm 0.88 i_ptm 0.44 energy -35.44
145 models [1] recycles 0 hard 0 soft 0 temp 0.12 loss 2.89 i_con 3.56 plddt 0.46 ptm 0.89 i_ptm 0.50 energy -36.20
146 models [0] recycles 0 hard 0 soft 0 temp 0.10 loss 2.77 i_con 3.43 plddt 0.43 ptm 0.88 i_ptm 0.55 energy -36.01
147 models [1] recycles 0 hard 0 soft 0 temp 0.08 loss 2.89 i_con 3.56 plddt 0.41 ptm 0.90 i_ptm 0.49 energy -36.25
148 models [0] recycles 0 hard 0 soft 0 temp 0.06 loss 3.01 i_con 3.68 plddt 0.41 ptm 0.88 i_ptm 0.41 energy -36.23
149 models [1] recycles 0 hard 0 soft 0 temp 0.04 loss 2.72 i_con 3.39 plddt 0.42 ptm 0.90 i_ptm 0.53 energy -36.44
150 models [0] recycles 0 hard 0 soft 0 temp 0.02 loss 2.82 i_con 3.49 plddt 0.44 ptm 0.88 i_ptm 0.51 energy -36.03
151 models [0] recycles 0 hard 1 soft 0 temp 0.00 loss 3.01 i_con 4.06 plddt 0.37 ptm 0.88 i_ptm 0.29 energy -5.56
152 models [0] recycles 0 hard 1 soft 0 temp 0.00 loss 3.01 i_con 4.06 plddt 0.37 ptm 0.88 i_ptm 0.29 energy -5.56
153 models [1] recycles 0 hard 1 soft 0 temp 0.00 loss 3.07 i_con 4.12 plddt 0.36 ptm 0.89 i_ptm 0.29 energy -5.56
154 models [1] recycles 0 hard 1 soft 0 temp 0.00 loss 3.07 i_con 4.12 plddt 0.36 ptm 0.89 i_ptm 0.29 energy -5.56
155 models [0] recycles 0 hard 1 soft 0 temp 0.00 loss 3.01 i_con 4.06 plddt 0.37 ptm 0.88 i_ptm 0.29 energy -5.56
156 models [0] recycles 0 hard 1 soft 0 temp 0.00 loss 3.01 i_con 4.06 plddt 0.37 ptm 0.88 i_ptm 0.29 energy -5.56
157 models [0] recycles 0 hard 1 soft 0 temp 0.00 loss 3.01 i_con 4.06 plddt 0.37 ptm 0.88 i_ptm 0.29 energy -5.56
158 models [0] recycles 0 hard 1 soft 0 temp 0.00 loss 3.01 i_con 4.06 plddt 0.37 ptm 0.88 i_ptm 0.29 energy -5.56
159 models [0] recycles 0 hard 1 soft 0 temp 0.00 loss 3.01 i_con 4.06 plddt 0.37 ptm 0.88 i_ptm 0.29 energy -5.56
160 models [0] recycles 0 hard 1 soft 0 temp 0.00 loss 3.01 i_con 4.06 plddt 0.37 ptm 0.88 i_ptm 0.29 energy -5.56
161 models [1] recycles 0 hard 1 soft 0 temp 0.00 loss 3.07 i_con 4.12 plddt 0.36 ptm 0.89 i_ptm 0.29 energy -5.56
162 models [1] recycles 0 hard 1 soft 0 temp 0.00 loss 3.07 i_con 4.12 plddt 0.36 ptm 0.89 i_ptm 0.29 energy -5.56
163 models [0] recycles 0 hard 1 soft 0 temp 0.00 loss 3.01 i_con 4.06 plddt 0.37 ptm 0.88 i_ptm 0.29 energy -5.56
164 models [0] recycles 0 hard 1 soft 0 temp 0.00 loss 3.01 i_con 4.06 plddt 0.37 ptm 0.88 i_ptm 0.29 energy -5.56
165 models [0] recycles 0 hard 1 soft 0 temp 0.00 loss 3.01 i_con 4.06 plddt 0.37 ptm 0.88 i_ptm 0.29 energy -5.56
166 models [1] recycles 0 hard 1 soft 0 temp 0.00 loss 3.07 i_con 4.12 plddt 0.36 ptm 0.89 i_ptm 0.29 energy -5.56
167 models [1] recycles 0 hard 1 soft 0 temp 0.00 loss 3.07 i_con 4.12 plddt 0.36 ptm 0.89 i_ptm 0.29 energy -5.56
168 models [1] recycles 0 hard 1 soft 0 temp 0.00 loss 3.07 i_con 4.12 plddt 0.36 ptm 0.89 i_ptm 0.29 energy -5.56
169 models [1] recycles 0 hard 1 soft 0 temp 0.00 loss 3.07 i_con 4.12 plddt 0.36 ptm 0.89 i_ptm 0.29 energy -5.56
170 models [1] recycles 0 hard 1 soft 0 temp 0.00 loss 3.07 i_con 4.12 plddt 0.36 ptm 0.89 i_ptm 0.29 energy -5.56
171 models [1] recycles 0 hard 1 soft 0 temp 0.00 loss 3.07 i_con 4.12 plddt 0.36 ptm 0.89 i_ptm 0.29 energy -5.56
172 models [1] recycles 0 hard 1 soft 0 temp 0.00 loss 3.07 i_con 4.12 plddt 0.36 ptm 0.89 i_ptm 0.29 energy -5.56
173 models [0] recycles 0 hard 1 soft 0 temp 0.00 loss 3.01 i_con 4.06 plddt 0.37 ptm 0.88 i_ptm 0.29 energy -5.56
174 models [1] recycles 0 hard 1 soft 0 temp 0.00 loss 3.07 i_con 4.12 plddt 0.36 ptm 0.89 i_ptm 0.29 energy -5.56
175 models [1] recycles 0 hard 1 soft 0 temp 0.00 loss 3.07 i_con 4.12 plddt 0.36 ptm 0.89 i_ptm 0.29 energy -5.56
176 models [0] recycles 0 hard 1 soft 0 temp 0.00 loss 3.01 i_con 4.06 plddt 0.37 ptm 0.88 i_ptm 0.29 energy -5.56
177 models [1] recycles 0 hard 1 soft 0 temp 0.00 loss 3.07 i_con 4.12 plddt 0.36 ptm 0.89 i_ptm 0.29 energy -5.56
178 models [1] recycles 0 hard 1 soft 0 temp 0.00 loss 3.07 i_con 4.12 plddt 0.36 ptm 0.89 i_ptm 0.29 energy -5.56
179 models [0] recycles 0 hard 1 soft 0 temp 0.00 loss 3.01 i_con 4.06 plddt 0.37 ptm 0.88 i_ptm 0.29 energy -5.56
180 models [1] recycles 0 hard 1 soft 0 temp 0.00 loss 3.07 i_con 4.12 plddt 0.36 ptm 0.89 i_ptm 0.29 energy -5.56
  seq=EIGGLDELLLYLCFC  loss=3.0670  loss_af=4.1789  energy=-5.5595  i_ptm=0.2920
[19/20] seed=18 ...
1 models [0] recycles 0 hard 0 soft 1 temp 1 loss 7.88 i_con 7.69 plddt 0.55 ptm 0.86 i_ptm 0.13 energy 7.35
2 models [0] recycles 0 hard 0 soft 1 temp 1 loss 7.90 i_con 7.71 plddt 0.55 ptm 0.86 i_ptm 0.12 energy 7.26
3 models [0] recycles 0 hard 0 soft 1 temp 1 loss 7.74 i_con 7.55 plddt 0.58 ptm 0.86 i_ptm 0.12 energy 7.16
4 models [0] recycles 0 hard 0 soft 1 temp 1 loss 6.97 i_con 6.79 plddt 0.55 ptm 0.86 i_ptm 0.12 energy 7.07
5 models [0] recycles 0 hard 0 soft 1 temp 1 loss 7.13 i_con 6.94 plddt 0.53 ptm 0.86 i_ptm 0.11 energy 7.04
6 models [1] recycles 0 hard 0 soft 1 temp 1 loss 7.05 i_con 6.86 plddt 0.52 ptm 0.88 i_ptm 0.09 energy 7.02
7 models [0] recycles 0 hard 0 soft 1 temp 1 loss 6.12 i_con 5.92 plddt 0.48 ptm 0.86 i_ptm 0.12 energy 7.08
8 models [0] recycles 0 hard 0 soft 1 temp 1 loss 6.25 i_con 6.05 plddt 0.43 ptm 0.86 i_ptm 0.12 energy 7.23
9 models [1] recycles 0 hard 0 soft 1 temp 1 loss 6.17 i_con 5.97 plddt 0.47 ptm 0.88 i_ptm 0.08 energy 7.42
10 models [0] recycles 0 hard 0 soft 1 temp 1 loss 4.69 i_con 4.48 plddt 0.37 ptm 0.87 i_ptm 0.19 energy 7.59
11 models [1] recycles 0 hard 0 soft 1 temp 1 loss 5.87 i_con 5.67 plddt 0.46 ptm 0.88 i_ptm 0.08 energy 7.40
12 models [1] recycles 0 hard 0 soft 1 temp 1 loss 5.89 i_con 5.68 plddt 0.44 ptm 0.88 i_ptm 0.08 energy 7.59
13 models [0] recycles 0 hard 0 soft 1 temp 1 loss 4.56 i_con 4.35 plddt 0.41 ptm 0.87 i_ptm 0.26 energy 7.81
14 models [1] recycles 0 hard 0 soft 1 temp 1 loss 5.46 i_con 5.25 plddt 0.41 ptm 0.88 i_ptm 0.11 energy 7.47
15 models [0] recycles 0 hard 0 soft 1 temp 1 loss 4.96 i_con 4.74 plddt 0.40 ptm 0.86 i_ptm 0.15 energy 7.70
16 models [1] recycles 0 hard 0 soft 1 temp 1 loss 5.26 i_con 5.05 plddt 0.40 ptm 0.88 i_ptm 0.13 energy 7.39
17 models [0] recycles 0 hard 0 soft 1 temp 1 loss 4.84 i_con 4.63 plddt 0.36 ptm 0.87 i_ptm 0.18 energy 7.51
18 models [1] recycles 0 hard 0 soft 1 temp 1 loss 5.66 i_con 5.45 plddt 0.42 ptm 0.88 i_ptm 0.10 energy 7.37
19 models [1] recycles 0 hard 0 soft 1 temp 1 loss 5.79 i_con 5.58 plddt 0.41 ptm 0.88 i_ptm 0.09 energy 7.59
20 models [1] recycles 0 hard 0 soft 1 temp 1 loss 5.23 i_con 5.01 plddt 0.38 ptm 0.88 i_ptm 0.12 energy 7.70
21 models [0] recycles 0 hard 0 soft 1 temp 1 loss 4.91 i_con 4.70 plddt 0.38 ptm 0.87 i_ptm 0.19 energy 7.41
22 models [0] recycles 0 hard 0 soft 1 temp 1 loss 4.69 i_con 4.48 plddt 0.38 ptm 0.87 i_ptm 0.20 energy 7.44
23 models [1] recycles 0 hard 0 soft 1 temp 1 loss 5.51 i_con 5.30 plddt 0.38 ptm 0.88 i_ptm 0.10 energy 7.12
24 models [1] recycles 0 hard 0 soft 1 temp 1 loss 5.35 i_con 5.15 plddt 0.38 ptm 0.88 i_ptm 0.10 energy 7.15
25 models [1] recycles 0 hard 0 soft 1 temp 1 loss 5.46 i_con 5.26 plddt 0.39 ptm 0.88 i_ptm 0.11 energy 7.16
26 models [1] recycles 0 hard 0 soft 1 temp 1 loss 5.03 i_con 4.83 plddt 0.40 ptm 0.88 i_ptm 0.19 energy 7.02
27 models [0] recycles 0 hard 0 soft 1 temp 1 loss 4.41 i_con 4.20 plddt 0.41 ptm 0.87 i_ptm 0.28 energy 7.37
28 models [1] recycles 0 hard 0 soft 1 temp 1 loss 5.40 i_con 5.20 plddt 0.37 ptm 0.88 i_ptm 0.10 energy 6.88
29 models [1] recycles 0 hard 0 soft 1 temp 1 loss 5.33 i_con 5.13 plddt 0.38 ptm 0.88 i_ptm 0.12 energy 6.95
30 models [0] recycles 0 hard 0 soft 1 temp 1 loss 4.49 i_con 4.29 plddt 0.39 ptm 0.87 i_ptm 0.22 energy 6.86
31 models [0] recycles 0 hard 0 soft 1 temp 1 loss 4.54 i_con 4.34 plddt 0.40 ptm 0.87 i_ptm 0.26 energy 6.83
32 models [0] recycles 0 hard 0 soft 1 temp 1 loss 4.68 i_con 4.49 plddt 0.39 ptm 0.87 i_ptm 0.20 energy 6.46
33 models [0] recycles 0 hard 0 soft 1 temp 1 loss 4.54 i_con 4.36 plddt 0.40 ptm 0.87 i_ptm 0.24 energy 6.02
34 models [1] recycles 0 hard 0 soft 1 temp 1 loss 5.33 i_con 5.15 plddt 0.38 ptm 0.88 i_ptm 0.11 energy 5.77
35 models [0] recycles 0 hard 0 soft 1 temp 1 loss 4.81 i_con 4.63 plddt 0.40 ptm 0.86 i_ptm 0.18 energy 5.69
36 models [0] recycles 0 hard 0 soft 1 temp 1 loss 4.60 i_con 4.43 plddt 0.40 ptm 0.87 i_ptm 0.21 energy 5.39
37 models [0] recycles 0 hard 0 soft 1 temp 1 loss 4.69 i_con 4.52 plddt 0.39 ptm 0.87 i_ptm 0.20 energy 5.54
38 models [0] recycles 0 hard 0 soft 1 temp 1 loss 4.65 i_con 4.49 plddt 0.38 ptm 0.87 i_ptm 0.23 energy 5.30
39 models [0] recycles 0 hard 0 soft 1 temp 1 loss 4.54 i_con 4.38 plddt 0.40 ptm 0.87 i_ptm 0.24 energy 5.19
40 models [0] recycles 0 hard 0 soft 1 temp 1 loss 4.58 i_con 4.41 plddt 0.39 ptm 0.87 i_ptm 0.24 energy 5.37
41 models [0] recycles 0 hard 0 soft 1 temp 1 loss 4.68 i_con 4.51 plddt 0.42 ptm 0.87 i_ptm 0.22 energy 5.17
42 models [0] recycles 0 hard 0 soft 1 temp 1 loss 4.34 i_con 4.18 plddt 0.38 ptm 0.87 i_ptm 0.24 energy 4.62
43 models [1] recycles 0 hard 0 soft 1 temp 1 loss 5.74 i_con 5.58 plddt 0.42 ptm 0.88 i_ptm 0.09 energy 4.84
44 models [1] recycles 0 hard 0 soft 1 temp 1 loss 5.39 i_con 5.22 plddt 0.36 ptm 0.88 i_ptm 0.10 energy 5.04
45 models [0] recycles 0 hard 0 soft 1 temp 1 loss 4.82 i_con 4.65 plddt 0.39 ptm 0.87 i_ptm 0.19 energy 5.29
46 models [0] recycles 0 hard 0 soft 1 temp 1 loss 4.42 i_con 4.26 plddt 0.37 ptm 0.87 i_ptm 0.23 energy 4.81
47 models [1] recycles 0 hard 0 soft 1 temp 1 loss 5.02 i_con 4.86 plddt 0.34 ptm 0.88 i_ptm 0.15 energy 4.68
48 models [0] recycles 0 hard 0 soft 1 temp 1 loss 4.30 i_con 4.15 plddt 0.37 ptm 0.87 i_ptm 0.25 energy 4.52
49 models [0] recycles 0 hard 0 soft 1 temp 1 loss 4.61 i_con 4.47 plddt 0.37 ptm 0.87 i_ptm 0.20 energy 3.97
50 models [1] recycles 0 hard 0 soft 1 temp 1 loss 4.79 i_con 4.64 plddt 0.33 ptm 0.88 i_ptm 0.14 energy 3.94
51 models [1] recycles 0 hard 0 soft 1 temp 1 loss 5.07 i_con 4.57 plddt 0.35 ptm 0.88 i_ptm 0.17 energy 4.40
52 models [0] recycles 0 hard 0 soft 1 temp 1 loss 4.81 i_con 4.39 plddt 0.37 ptm 0.87 i_ptm 0.20 energy 3.59
53 models [1] recycles 0 hard 0 soft 1 temp 1 loss 4.87 i_con 4.53 plddt 0.31 ptm 0.88 i_ptm 0.16 energy 2.67
54 models [0] recycles 0 hard 0 soft 1 temp 1 loss 4.52 i_con 4.24 plddt 0.37 ptm 0.87 i_ptm 0.23 energy 2.08
55 models [1] recycles 0 hard 0 soft 1 temp 1 loss 4.83 i_con 4.60 plddt 0.34 ptm 0.88 i_ptm 0.18 energy 1.64
56 models [1] recycles 0 hard 0 soft 1 temp 1 loss 4.94 i_con 4.71 plddt 0.33 ptm 0.88 i_ptm 0.14 energy 1.58
57 models [0] recycles 0 hard 0 soft 1 temp 1 loss 4.44 i_con 4.23 plddt 0.36 ptm 0.87 i_ptm 0.21 energy 1.45
58 models [1] recycles 0 hard 0 soft 1 temp 1 loss 4.95 i_con 4.81 plddt 0.35 ptm 0.88 i_ptm 0.15 energy 0.78
59 models [0] recycles 0 hard 0 soft 1 temp 1 loss 4.36 i_con 4.23 plddt 0.41 ptm 0.87 i_ptm 0.24 energy 0.72
60 models [0] recycles 0 hard 0 soft 1 temp 1 loss 4.40 i_con 4.35 plddt 0.38 ptm 0.87 i_ptm 0.22 energy -0.07
61 models [1] recycles 0 hard 0 soft 1 temp 1 loss 4.58 i_con 4.58 plddt 0.33 ptm 0.88 i_ptm 0.18 energy -0.64
62 models [1] recycles 0 hard 0 soft 1 temp 1 loss 4.33 i_con 4.33 plddt 0.33 ptm 0.89 i_ptm 0.20 energy -0.65
63 models [0] recycles 0 hard 0 soft 1 temp 1 loss 4.23 i_con 4.24 plddt 0.36 ptm 0.87 i_ptm 0.23 energy -0.68
64 models [1] recycles 0 hard 0 soft 1 temp 1 loss 4.59 i_con 4.66 plddt 0.33 ptm 0.88 i_ptm 0.16 energy -1.31
65 models [0] recycles 0 hard 0 soft 1 temp 1 loss 4.01 i_con 4.08 plddt 0.41 ptm 0.87 i_ptm 0.27 energy -1.30
66 models [1] recycles 0 hard 0 soft 1 temp 1 loss 4.30 i_con 4.43 plddt 0.35 ptm 0.88 i_ptm 0.20 energy -1.97
67 models [0] recycles 0 hard 0 soft 1 temp 1 loss 3.86 i_con 4.00 plddt 0.39 ptm 0.87 i_ptm 0.31 energy -2.02
68 models [0] recycles 0 hard 0 soft 1 temp 1 loss 3.82 i_con 4.01 plddt 0.37 ptm 0.87 i_ptm 0.27 energy -2.50
69 models [0] recycles 0 hard 0 soft 1 temp 1 loss 3.81 i_con 4.02 plddt 0.41 ptm 0.87 i_ptm 0.29 energy -2.72
70 models [1] recycles 0 hard 0 soft 1 temp 1 loss 4.13 i_con 4.32 plddt 0.36 ptm 0.88 i_ptm 0.22 energy -2.60
71 models [1] recycles 0 hard 0 soft 1 temp 1 loss 4.01 i_con 4.22 plddt 0.39 ptm 0.88 i_ptm 0.25 energy -2.68
72 models [1] recycles 0 hard 0 soft 1 temp 1 loss 4.23 i_con 4.41 plddt 0.34 ptm 0.88 i_ptm 0.19 energy -2.48
73 models [1] recycles 0 hard 0 soft 1 temp 1 loss 4.48 i_con 4.69 plddt 0.38 ptm 0.88 i_ptm 0.18 energy -2.72
74 models [0] recycles 0 hard 0 soft 1 temp 1 loss 4.00 i_con 4.19 plddt 0.38 ptm 0.87 i_ptm 0.24 energy -2.54
75 models [1] recycles 0 hard 0 soft 1 temp 1 loss 3.96 i_con 4.17 plddt 0.43 ptm 0.89 i_ptm 0.26 energy -2.77
76 models [1] recycles 0 hard 0 soft 1 temp 1 loss 3.87 i_con 4.09 plddt 0.41 ptm 0.89 i_ptm 0.27 energy -2.75
77 models [1] recycles 0 hard 0 soft 1 temp 1 loss 4.13 i_con 4.35 plddt 0.42 ptm 0.89 i_ptm 0.24 energy -2.80
78 models [1] recycles 0 hard 0 soft 1 temp 1 loss 3.76 i_con 3.99 plddt 0.42 ptm 0.89 i_ptm 0.29 energy -2.87
79 models [0] recycles 0 hard 0 soft 1 temp 1 loss 3.98 i_con 4.20 plddt 0.39 ptm 0.87 i_ptm 0.24 energy -2.86
80 models [0] recycles 0 hard 0 soft 1 temp 1 loss 3.62 i_con 3.86 plddt 0.40 ptm 0.88 i_ptm 0.33 energy -2.96
81 models [0] recycles 0 hard 0 soft 1 temp 1 loss 3.67 i_con 3.92 plddt 0.41 ptm 0.87 i_ptm 0.31 energy -3.11
82 models [1] recycles 0 hard 0 soft 1 temp 1 loss 4.08 i_con 4.34 plddt 0.36 ptm 0.88 i_ptm 0.22 energy -3.25
83 models [1] recycles 0 hard 0 soft 1 temp 1 loss 3.99 i_con 4.25 plddt 0.34 ptm 0.88 i_ptm 0.21 energy -3.24
84 models [1] recycles 0 hard 0 soft 1 temp 1 loss 3.64 i_con 3.91 plddt 0.41 ptm 0.89 i_ptm 0.32 energy -3.28
85 models [1] recycles 0 hard 0 soft 1 temp 1 loss 3.57 i_con 3.85 plddt 0.41 ptm 0.89 i_ptm 0.37 energy -3.33
86 models [1] recycles 0 hard 0 soft 1 temp 1 loss 3.64 i_con 3.91 plddt 0.41 ptm 0.89 i_ptm 0.36 energy -3.31
87 models [0] recycles 0 hard 0 soft 1 temp 1 loss 3.60 i_con 3.88 plddt 0.38 ptm 0.87 i_ptm 0.30 energy -3.39
88 models [0] recycles 0 hard 0 soft 1 temp 1 loss 3.66 i_con 3.93 plddt 0.41 ptm 0.87 i_ptm 0.29 energy -3.24
89 models [0] recycles 0 hard 0 soft 1 temp 1 loss 3.58 i_con 3.87 plddt 0.41 ptm 0.87 i_ptm 0.30 energy -3.44
90 models [1] recycles 0 hard 0 soft 1 temp 1 loss 3.69 i_con 3.98 plddt 0.43 ptm 0.89 i_ptm 0.33 energy -3.50
91 models [1] recycles 0 hard 0 soft 1 temp 1 loss 3.59 i_con 3.91 plddt 0.43 ptm 0.89 i_ptm 0.32 energy -3.70
92 models [1] recycles 0 hard 0 soft 1 temp 1 loss 3.76 i_con 4.07 plddt 0.38 ptm 0.89 i_ptm 0.27 energy -3.77
93 models [0] recycles 0 hard 0 soft 1 temp 1 loss 3.52 i_con 3.84 plddt 0.41 ptm 0.87 i_ptm 0.35 energy -3.78
94 models [0] recycles 0 hard 0 soft 1 temp 1 loss 3.62 i_con 3.94 plddt 0.40 ptm 0.87 i_ptm 0.29 energy -3.77
95 models [1] recycles 0 hard 0 soft 1 temp 1 loss 3.79 i_con 4.10 plddt 0.41 ptm 0.89 i_ptm 0.26 energy -3.66
96 models [1] recycles 0 hard 0 soft 1 temp 1 loss 3.56 i_con 3.88 plddt 0.43 ptm 0.89 i_ptm 0.32 energy -3.73
97 models [0] recycles 0 hard 0 soft 1 temp 1 loss 3.68 i_con 3.99 plddt 0.42 ptm 0.87 i_ptm 0.29 energy -3.69
98 models [1] recycles 0 hard 0 soft 1 temp 1 loss 4.05 i_con 4.37 plddt 0.34 ptm 0.88 i_ptm 0.17 energy -3.92
99 models [1] recycles 0 hard 0 soft 1 temp 1 loss 3.55 i_con 3.87 plddt 0.43 ptm 0.89 i_ptm 0.35 energy -3.76
100 models [0] recycles 0 hard 0 soft 1 temp 1 loss 3.54 i_con 3.86 plddt 0.43 ptm 0.87 i_ptm 0.33 energy -3.79
101 models [1] recycles 0 hard 0 soft 0 temp 1 loss 6.92 i_con 7.19 plddt 0.65 ptm 0.88 i_ptm 0.09 energy -15.28
102 models [1] recycles 0 hard 0 soft 0 temp 0.98 loss 6.04 i_con 6.30 plddt 0.64 ptm 0.88 i_ptm 0.10 energy -15.15
103 models [0] recycles 0 hard 0 soft 0 temp 0.96 loss 3.89 i_con 4.13 plddt 0.44 ptm 0.87 i_ptm 0.34 energy -14.90
104 models [0] recycles 0 hard 0 soft 0 temp 0.94 loss 3.68 i_con 3.92 plddt 0.48 ptm 0.88 i_ptm 0.39 energy -14.90
105 models [1] recycles 0 hard 0 soft 0 temp 0.92 loss 3.69 i_con 3.94 plddt 0.48 ptm 0.89 i_ptm 0.37 energy -15.14
106 models [1] recycles 0 hard 0 soft 0 temp 0.90 loss 3.76 i_con 4.01 plddt 0.44 ptm 0.89 i_ptm 0.31 energy -15.28
107 models [0] recycles 0 hard 0 soft 0 temp 0.88 loss 3.39 i_con 3.64 plddt 0.48 ptm 0.88 i_ptm 0.45 energy -15.37
108 models [1] recycles 0 hard 0 soft 0 temp 0.86 loss 3.42 i_con 3.68 plddt 0.51 ptm 0.90 i_ptm 0.46 energy -15.54
109 models [1] recycles 0 hard 0 soft 0 temp 0.84 loss 3.24 i_con 3.50 plddt 0.47 ptm 0.90 i_ptm 0.49 energy -15.74
110 models [0] recycles 0 hard 0 soft 0 temp 0.82 loss 3.31 i_con 3.58 plddt 0.47 ptm 0.88 i_ptm 0.47 energy -16.33
111 models [0] recycles 0 hard 0 soft 0 temp 0.80 loss 3.05 i_con 3.34 plddt 0.51 ptm 0.88 i_ptm 0.53 energy -16.62
112 models [1] recycles 0 hard 0 soft 0 temp 0.78 loss 3.04 i_con 3.34 plddt 0.51 ptm 0.90 i_ptm 0.54 energy -17.31
113 models [0] recycles 0 hard 0 soft 0 temp 0.76 loss 3.18 i_con 3.48 plddt 0.48 ptm 0.88 i_ptm 0.52 energy -17.48
114 models [0] recycles 0 hard 0 soft 0 temp 0.74 loss 3.09 i_con 3.40 plddt 0.50 ptm 0.88 i_ptm 0.53 energy -18.02
115 models [1] recycles 0 hard 0 soft 0 temp 0.72 loss 2.72 i_con 3.05 plddt 0.56 ptm 0.90 i_ptm 0.62 energy -18.39
116 models [0] recycles 0 hard 0 soft 0 temp 0.70 loss 3.00 i_con 3.33 plddt 0.51 ptm 0.88 i_ptm 0.56 energy -18.84
117 models [0] recycles 0 hard 0 soft 0 temp 0.68 loss 2.92 i_con 3.26 plddt 0.54 ptm 0.88 i_ptm 0.61 energy -19.32
118 models [1] recycles 0 hard 0 soft 0 temp 0.66 loss 2.68 i_con 3.03 plddt 0.56 ptm 0.90 i_ptm 0.66 energy -19.76
119 models [1] recycles 0 hard 0 soft 0 temp 0.64 loss 2.70 i_con 3.05 plddt 0.56 ptm 0.90 i_ptm 0.64 energy -19.99
120 models [0] recycles 0 hard 0 soft 0 temp 0.62 loss 2.86 i_con 3.22 plddt 0.53 ptm 0.89 i_ptm 0.60 energy -20.42
121 models [1] recycles 0 hard 0 soft 0 temp 0.60 loss 2.68 i_con 3.05 plddt 0.56 ptm 0.90 i_ptm 0.62 energy -20.76
122 models [1] recycles 0 hard 0 soft 0 temp 0.58 loss 2.56 i_con 2.94 plddt 0.60 ptm 0.91 i_ptm 0.68 energy -21.28
123 models [0] recycles 0 hard 0 soft 0 temp 0.56 loss 2.87 i_con 3.25 plddt 0.51 ptm 0.89 i_ptm 0.57 energy -21.69
124 models [1] recycles 0 hard 0 soft 0 temp 0.54 loss 2.66 i_con 3.06 plddt 0.56 ptm 0.90 i_ptm 0.65 energy -21.95
125 models [0] recycles 0 hard 0 soft 0 temp 0.52 loss 2.80 i_con 3.20 plddt 0.55 ptm 0.88 i_ptm 0.62 energy -22.25
126 models [0] recycles 0 hard 0 soft 0 temp 0.50 loss 2.74 i_con 3.15 plddt 0.55 ptm 0.89 i_ptm 0.62 energy -22.85
127 models [1] recycles 0 hard 0 soft 0 temp 0.48 loss 2.60 i_con 3.02 plddt 0.60 ptm 0.91 i_ptm 0.66 energy -22.95
128 models [0] recycles 0 hard 0 soft 0 temp 0.46 loss 2.68 i_con 3.09 plddt 0.56 ptm 0.89 i_ptm 0.62 energy -23.04
129 models [0] recycles 0 hard 0 soft 0 temp 0.44 loss 2.72 i_con 3.15 plddt 0.57 ptm 0.89 i_ptm 0.64 energy -23.59
130 models [0] recycles 0 hard 0 soft 0 temp 0.42 loss 2.72 i_con 3.15 plddt 0.55 ptm 0.89 i_ptm 0.65 energy -23.79
131 models [0] recycles 0 hard 0 soft 0 temp 0.40 loss 2.71 i_con 3.14 plddt 0.57 ptm 0.89 i_ptm 0.64 energy -23.99
132 models [0] recycles 0 hard 0 soft 0 temp 0.38 loss 2.57 i_con 3.02 plddt 0.58 ptm 0.89 i_ptm 0.65 energy -24.48
133 models [0] recycles 0 hard 0 soft 0 temp 0.36 loss 2.77 i_con 3.22 plddt 0.55 ptm 0.88 i_ptm 0.60 energy -24.87
134 models [0] recycles 0 hard 0 soft 0 temp 0.34 loss 2.53 i_con 3.00 plddt 0.60 ptm 0.89 i_ptm 0.67 energy -25.56
135 models [0] recycles 0 hard 0 soft 0 temp 0.32 loss 2.57 i_con 3.05 plddt 0.59 ptm 0.89 i_ptm 0.65 energy -26.12
136 models [0] recycles 0 hard 0 soft 0 temp 0.30 loss 2.61 i_con 3.10 plddt 0.60 ptm 0.89 i_ptm 0.68 energy -26.54
137 models [1] recycles 0 hard 0 soft 0 temp 0.28 loss 2.23 i_con 2.73 plddt 0.66 ptm 0.91 i_ptm 0.73 energy -26.90
138 models [1] recycles 0 hard 0 soft 0 temp 0.26 loss 2.41 i_con 2.92 plddt 0.62 ptm 0.91 i_ptm 0.69 energy -27.00
139 models [0] recycles 0 hard 0 soft 0 temp 0.24 loss 2.62 i_con 3.12 plddt 0.56 ptm 0.89 i_ptm 0.63 energy -26.94
140 models [1] recycles 0 hard 0 soft 0 temp 0.22 loss 2.35 i_con 2.86 plddt 0.61 ptm 0.91 i_ptm 0.71 energy -27.41
141 models [1] recycles 0 hard 0 soft 0 temp 0.20 loss 2.05 i_con 2.56 plddt 0.68 ptm 0.91 i_ptm 0.77 energy -27.35
142 models [1] recycles 0 hard 0 soft 0 temp 0.18 loss 2.26 i_con 2.78 plddt 0.67 ptm 0.91 i_ptm 0.73 energy -27.69
143 models [1] recycles 0 hard 0 soft 0 temp 0.16 loss 2.08 i_con 2.61 plddt 0.68 ptm 0.91 i_ptm 0.77 energy -27.81
144 models [0] recycles 0 hard 0 soft 0 temp 0.14 loss 2.32 i_con 2.84 plddt 0.66 ptm 0.89 i_ptm 0.72 energy -27.88
145 models [0] recycles 0 hard 0 soft 0 temp 0.12 loss 2.31 i_con 2.84 plddt 0.63 ptm 0.89 i_ptm 0.75 energy -28.40
146 models [0] recycles 0 hard 0 soft 0 temp 0.10 loss 2.47 i_con 3.00 plddt 0.60 ptm 0.89 i_ptm 0.69 energy -28.67
147 models [0] recycles 0 hard 0 soft 0 temp 0.08 loss 2.21 i_con 2.75 plddt 0.67 ptm 0.89 i_ptm 0.76 energy -28.94
148 models [1] recycles 0 hard 0 soft 0 temp 0.06 loss 1.95 i_con 2.50 plddt 0.70 ptm 0.91 i_ptm 0.78 energy -29.42
149 models [1] recycles 0 hard 0 soft 0 temp 0.04 loss 2.01 i_con 2.58 plddt 0.70 ptm 0.91 i_ptm 0.76 energy -29.84
150 models [0] recycles 0 hard 0 soft 0 temp 0.02 loss 2.27 i_con 2.83 plddt 0.64 ptm 0.89 i_ptm 0.73 energy -30.16
151 models [0] recycles 0 hard 1 soft 0 temp 0.00 loss 3.41 i_con 3.84 plddt 0.37 ptm 0.88 i_ptm 0.32 energy -2.49
152 models [1] recycles 0 hard 1 soft 0 temp 0.00 loss 3.51 i_con 3.95 plddt 0.35 ptm 0.89 i_ptm 0.31 energy -2.49
153 models [0] recycles 0 hard 1 soft 0 temp 0.00 loss 3.41 i_con 3.84 plddt 0.37 ptm 0.88 i_ptm 0.32 energy -2.49
154 models [1] recycles 0 hard 1 soft 0 temp 0.00 loss 3.51 i_con 3.95 plddt 0.35 ptm 0.89 i_ptm 0.31 energy -2.49
155 models [0] recycles 0 hard 1 soft 0 temp 0.00 loss 3.41 i_con 3.84 plddt 0.37 ptm 0.88 i_ptm 0.32 energy -2.49
156 models [1] recycles 0 hard 1 soft 0 temp 0.00 loss 3.51 i_con 3.95 plddt 0.35 ptm 0.89 i_ptm 0.31 energy -2.49
157 models [0] recycles 0 hard 1 soft 0 temp 0.00 loss 3.41 i_con 3.84 plddt 0.37 ptm 0.88 i_ptm 0.32 energy -2.49
158 models [1] recycles 0 hard 1 soft 0 temp 0.00 loss 3.51 i_con 3.95 plddt 0.35 ptm 0.89 i_ptm 0.31 energy -2.49
159 models [0] recycles 0 hard 1 soft 0 temp 0.00 loss 3.41 i_con 3.84 plddt 0.37 ptm 0.88 i_ptm 0.32 energy -2.49
160 models [1] recycles 0 hard 1 soft 0 temp 0.00 loss 3.51 i_con 3.95 plddt 0.35 ptm 0.89 i_ptm 0.31 energy -2.49
161 models [1] recycles 0 hard 1 soft 0 temp 0.00 loss 3.51 i_con 3.95 plddt 0.35 ptm 0.89 i_ptm 0.31 energy -2.49
162 models [0] recycles 0 hard 1 soft 0 temp 0.00 loss 3.41 i_con 3.84 plddt 0.37 ptm 0.88 i_ptm 0.32 energy -2.49
163 models [0] recycles 0 hard 1 soft 0 temp 0.00 loss 3.41 i_con 3.84 plddt 0.37 ptm 0.88 i_ptm 0.32 energy -2.49
164 models [1] recycles 0 hard 1 soft 0 temp 0.00 loss 3.51 i_con 3.95 plddt 0.35 ptm 0.89 i_ptm 0.31 energy -2.49
165 models [1] recycles 0 hard 1 soft 0 temp 0.00 loss 3.51 i_con 3.95 plddt 0.35 ptm 0.89 i_ptm 0.31 energy -2.49
166 models [0] recycles 0 hard 1 soft 0 temp 0.00 loss 3.41 i_con 3.84 plddt 0.37 ptm 0.88 i_ptm 0.32 energy -2.49
167 models [1] recycles 0 hard 1 soft 0 temp 0.00 loss 3.51 i_con 3.95 plddt 0.35 ptm 0.89 i_ptm 0.31 energy -2.49
168 models [0] recycles 0 hard 1 soft 0 temp 0.00 loss 3.41 i_con 3.84 plddt 0.37 ptm 0.88 i_ptm 0.32 energy -2.49
169 models [0] recycles 0 hard 1 soft 0 temp 0.00 loss 3.41 i_con 3.84 plddt 0.37 ptm 0.88 i_ptm 0.32 energy -2.49
170 models [0] recycles 0 hard 1 soft 0 temp 0.00 loss 3.41 i_con 3.84 plddt 0.37 ptm 0.88 i_ptm 0.32 energy -2.49
171 models [0] recycles 0 hard 1 soft 0 temp 0.00 loss 3.41 i_con 3.84 plddt 0.37 ptm 0.88 i_ptm 0.32 energy -2.49
172 models [0] recycles 0 hard 1 soft 0 temp 0.00 loss 3.41 i_con 3.84 plddt 0.37 ptm 0.88 i_ptm 0.32 energy -2.49
173 models [0] recycles 0 hard 1 soft 0 temp 0.00 loss 3.41 i_con 3.84 plddt 0.37 ptm 0.88 i_ptm 0.32 energy -2.49
174 models [0] recycles 0 hard 1 soft 0 temp 0.00 loss 3.41 i_con 3.84 plddt 0.37 ptm 0.88 i_ptm 0.32 energy -2.49
175 models [1] recycles 0 hard 1 soft 0 temp 0.00 loss 3.51 i_con 3.95 plddt 0.35 ptm 0.89 i_ptm 0.31 energy -2.49
176 models [1] recycles 0 hard 1 soft 0 temp 0.00 loss 3.51 i_con 3.95 plddt 0.35 ptm 0.89 i_ptm 0.31 energy -2.49
177 models [0] recycles 0 hard 1 soft 0 temp 0.00 loss 3.41 i_con 3.84 plddt 0.37 ptm 0.88 i_ptm 0.32 energy -2.49
178 models [1] recycles 0 hard 1 soft 0 temp 0.00 loss 3.51 i_con 3.95 plddt 0.35 ptm 0.89 i_ptm 0.31 energy -2.49
179 models [0] recycles 0 hard 1 soft 0 temp 0.00 loss 3.41 i_con 3.84 plddt 0.37 ptm 0.88 i_ptm 0.32 energy -2.49
180 models [0] recycles 0 hard 1 soft 0 temp 0.00 loss 3.41 i_con 3.84 plddt 0.37 ptm 0.88 i_ptm 0.32 energy -2.49
  seq=AASGPAEEVLLLMFL  loss=3.4097  loss_af=3.9077  energy=-2.4901  i_ptm=0.3214
[20/20] seed=19 ...
1 models [1] recycles 0 hard 0 soft 1 temp 1 loss 7.79 i_con 7.59 plddt 0.50 ptm 0.88 i_ptm 0.09 energy 7.39
2 models [1] recycles 0 hard 0 soft 1 temp 1 loss 7.60 i_con 7.41 plddt 0.52 ptm 0.88 i_ptm 0.09 energy 7.16
3 models [0] recycles 0 hard 0 soft 1 temp 1 loss 7.60 i_con 7.41 plddt 0.53 ptm 0.86 i_ptm 0.14 energy 6.94
4 models [1] recycles 0 hard 0 soft 1 temp 1 loss 7.53 i_con 7.35 plddt 0.53 ptm 0.88 i_ptm 0.09 energy 6.80
5 models [1] recycles 0 hard 0 soft 1 temp 1 loss 7.15 i_con 6.97 plddt 0.53 ptm 0.88 i_ptm 0.08 energy 6.57
6 models [1] recycles 0 hard 0 soft 1 temp 1 loss 7.34 i_con 7.16 plddt 0.57 ptm 0.88 i_ptm 0.08 energy 6.44
7 models [0] recycles 0 hard 0 soft 1 temp 1 loss 7.10 i_con 6.92 plddt 0.53 ptm 0.86 i_ptm 0.14 energy 6.31
8 models [0] recycles 0 hard 0 soft 1 temp 1 loss 6.75 i_con 6.57 plddt 0.49 ptm 0.86 i_ptm 0.12 energy 6.21
9 models [1] recycles 0 hard 0 soft 1 temp 1 loss 6.65 i_con 6.48 plddt 0.53 ptm 0.88 i_ptm 0.08 energy 6.05
10 models [1] recycles 0 hard 0 soft 1 temp 1 loss 6.37 i_con 6.20 plddt 0.47 ptm 0.88 i_ptm 0.09 energy 5.95
11 models [0] recycles 0 hard 0 soft 1 temp 1 loss 5.66 i_con 5.49 plddt 0.40 ptm 0.86 i_ptm 0.11 energy 5.72
12 models [1] recycles 0 hard 0 soft 1 temp 1 loss 6.20 i_con 6.04 plddt 0.51 ptm 0.88 i_ptm 0.09 energy 5.66
13 models [0] recycles 0 hard 0 soft 1 temp 1 loss 5.18 i_con 5.01 plddt 0.41 ptm 0.86 i_ptm 0.11 energy 5.47
14 models [0] recycles 0 hard 0 soft 1 temp 1 loss 5.00 i_con 4.82 plddt 0.38 ptm 0.86 i_ptm 0.12 energy 5.64
15 models [0] recycles 0 hard 0 soft 1 temp 1 loss 4.87 i_con 4.70 plddt 0.36 ptm 0.87 i_ptm 0.14 energy 5.40
16 models [1] recycles 0 hard 0 soft 1 temp 1 loss 5.43 i_con 5.27 plddt 0.40 ptm 0.88 i_ptm 0.09 energy 4.89
17 models [1] recycles 0 hard 0 soft 1 temp 1 loss 5.40 i_con 5.25 plddt 0.40 ptm 0.88 i_ptm 0.10 energy 4.59
18 models [0] recycles 0 hard 0 soft 1 temp 1 loss 5.11 i_con 4.96 plddt 0.41 ptm 0.86 i_ptm 0.12 energy 4.70
19 models [1] recycles 0 hard 0 soft 1 temp 1 loss 5.19 i_con 5.03 plddt 0.39 ptm 0.88 i_ptm 0.12 energy 5.01
20 models [0] recycles 0 hard 0 soft 1 temp 1 loss 4.55 i_con 4.40 plddt 0.38 ptm 0.87 i_ptm 0.21 energy 4.51
21 models [0] recycles 0 hard 0 soft 1 temp 1 loss 4.58 i_con 4.43 plddt 0.39 ptm 0.87 i_ptm 0.21 energy 4.46
22 models [0] recycles 0 hard 0 soft 1 temp 1 loss 4.54 i_con 4.40 plddt 0.37 ptm 0.87 i_ptm 0.23 energy 4.15
23 models [0] recycles 0 hard 0 soft 1 temp 1 loss 4.71 i_con 4.57 plddt 0.38 ptm 0.87 i_ptm 0.20 energy 3.86
24 models [1] recycles 0 hard 0 soft 1 temp 1 loss 5.14 i_con 5.00 plddt 0.36 ptm 0.88 i_ptm 0.14 energy 3.89
25 models [0] recycles 0 hard 0 soft 1 temp 1 loss 4.61 i_con 4.48 plddt 0.42 ptm 0.87 i_ptm 0.23 energy 3.96
26 models [1] recycles 0 hard 0 soft 1 temp 1 loss 5.09 i_con 4.95 plddt 0.38 ptm 0.88 i_ptm 0.15 energy 4.07
27 models [0] recycles 0 hard 0 soft 1 temp 1 loss 4.48 i_con 4.35 plddt 0.42 ptm 0.88 i_ptm 0.25 energy 3.94
28 models [1] recycles 0 hard 0 soft 1 temp 1 loss 5.25 i_con 5.11 plddt 0.36 ptm 0.88 i_ptm 0.12 energy 3.57
29 models [1] recycles 0 hard 0 soft 1 temp 1 loss 5.62 i_con 5.49 plddt 0.38 ptm 0.88 i_ptm 0.10 energy 3.28
30 models [0] recycles 0 hard 0 soft 1 temp 1 loss 4.45 i_con 4.32 plddt 0.41 ptm 0.87 i_ptm 0.24 energy 3.75
31 models [0] recycles 0 hard 0 soft 1 temp 1 loss 4.56 i_con 4.43 plddt 0.37 ptm 0.87 i_ptm 0.21 energy 3.59
32 models [1] recycles 0 hard 0 soft 1 temp 1 loss 4.97 i_con 4.83 plddt 0.40 ptm 0.88 i_ptm 0.18 energy 3.64
33 models [1] recycles 0 hard 0 soft 1 temp 1 loss 4.85 i_con 4.72 plddt 0.36 ptm 0.88 i_ptm 0.17 energy 3.64
34 models [1] recycles 0 hard 0 soft 1 temp 1 loss 5.21 i_con 5.09 plddt 0.38 ptm 0.88 i_ptm 0.13 energy 3.28
35 models [0] recycles 0 hard 0 soft 1 temp 1 loss 4.78 i_con 4.66 plddt 0.41 ptm 0.87 i_ptm 0.25 energy 3.14
36 models [0] recycles 0 hard 0 soft 1 temp 1 loss 4.78 i_con 4.65 plddt 0.38 ptm 0.87 i_ptm 0.20 energy 3.21
37 models [0] recycles 0 hard 0 soft 1 temp 1 loss 4.57 i_con 4.45 plddt 0.38 ptm 0.87 i_ptm 0.22 energy 2.82
38 models [0] recycles 0 hard 0 soft 1 temp 1 loss 4.58 i_con 4.47 plddt 0.40 ptm 0.87 i_ptm 0.23 energy 2.77
39 models [1] recycles 0 hard 0 soft 1 temp 1 loss 5.13 i_con 5.00 plddt 0.39 ptm 0.88 i_ptm 0.14 energy 3.20
40 models [0] recycles 0 hard 0 soft 1 temp 1 loss 4.59 i_con 4.47 plddt 0.38 ptm 0.87 i_ptm 0.26 energy 3.08
41 models [1] recycles 0 hard 0 soft 1 temp 1 loss 5.33 i_con 5.21 plddt 0.37 ptm 0.88 i_ptm 0.11 energy 2.96
42 models [0] recycles 0 hard 0 soft 1 temp 1 loss 4.43 i_con 4.30 plddt 0.39 ptm 0.87 i_ptm 0.24 energy 3.03
43 models [1] recycles 0 hard 0 soft 1 temp 1 loss 5.18 i_con 5.06 plddt 0.36 ptm 0.88 i_ptm 0.13 energy 2.61
44 models [0] recycles 0 hard 0 soft 1 temp 1 loss 4.77 i_con 4.67 plddt 0.41 ptm 0.87 i_ptm 0.20 energy 2.29
45 models [0] recycles 0 hard 0 soft 1 temp 1 loss 4.51 i_con 4.40 plddt 0.38 ptm 0.87 i_ptm 0.24 energy 2.31
46 models [0] recycles 0 hard 0 soft 1 temp 1 loss 4.57 i_con 4.46 plddt 0.37 ptm 0.87 i_ptm 0.24 energy 2.30
47 models [0] recycles 0 hard 0 soft 1 temp 1 loss 4.70 i_con 4.60 plddt 0.40 ptm 0.87 i_ptm 0.20 energy 2.02
48 models [0] recycles 0 hard 0 soft 1 temp 1 loss 4.59 i_con 4.49 plddt 0.37 ptm 0.87 i_ptm 0.21 energy 1.82
49 models [1] recycles 0 hard 0 soft 1 temp 1 loss 5.33 i_con 5.23 plddt 0.36 ptm 0.88 i_ptm 0.10 energy 1.75
50 models [1] recycles 0 hard 0 soft 1 temp 1 loss 4.94 i_con 4.85 plddt 0.38 ptm 0.89 i_ptm 0.16 energy 1.38
51 models [1] recycles 0 hard 0 soft 1 temp 1 loss 5.03 i_con 4.84 plddt 0.36 ptm 0.88 i_ptm 0.17 energy 1.27
52 models [0] recycles 0 hard 0 soft 1 temp 1 loss 4.81 i_con 4.69 plddt 0.36 ptm 0.87 i_ptm 0.18 energy 0.54
53 models [1] recycles 0 hard 0 soft 1 temp 1 loss 4.78 i_con 4.72 plddt 0.39 ptm 0.88 i_ptm 0.21 energy 0.03
54 models [1] recycles 0 hard 0 soft 1 temp 1 loss 5.22 i_con 5.18 plddt 0.37 ptm 0.88 i_ptm 0.10 energy -0.23
55 models [1] recycles 0 hard 0 soft 1 temp 1 loss 4.86 i_con 4.86 plddt 0.40 ptm 0.88 i_ptm 0.20 energy -0.64
56 models [1] recycles 0 hard 0 soft 1 temp 1 loss 4.97 i_con 5.01 plddt 0.35 ptm 0.88 i_ptm 0.13 energy -1.10
57 models [0] recycles 0 hard 0 soft 1 temp 1 loss 4.40 i_con 4.46 plddt 0.43 ptm 0.87 i_ptm 0.23 energy -1.18
58 models [0] recycles 0 hard 0 soft 1 temp 1 loss 4.26 i_con 4.34 plddt 0.40 ptm 0.87 i_ptm 0.22 energy -1.45
59 models [1] recycles 0 hard 0 soft 1 temp 1 loss 4.68 i_con 4.76 plddt 0.36 ptm 0.88 i_ptm 0.21 energy -1.38
60 models [0] recycles 0 hard 0 soft 1 temp 1 loss 4.58 i_con 4.70 plddt 0.43 ptm 0.87 i_ptm 0.19 energy -1.74
61 models [1] recycles 0 hard 0 soft 1 temp 1 loss 4.98 i_con 5.08 plddt 0.36 ptm 0.88 i_ptm 0.11 energy -1.59
62 models [1] recycles 0 hard 0 soft 1 temp 1 loss 4.58 i_con 4.68 plddt 0.35 ptm 0.89 i_ptm 0.20 energy -1.71
63 models [1] recycles 0 hard 0 soft 1 temp 1 loss 4.54 i_con 4.68 plddt 0.34 ptm 0.88 i_ptm 0.21 energy -2.02
64 models [0] recycles 0 hard 0 soft 1 temp 1 loss 4.41 i_con 4.56 plddt 0.39 ptm 0.87 i_ptm 0.22 energy -2.05
65 models [1] recycles 0 hard 0 soft 1 temp 1 loss 4.65 i_con 4.80 plddt 0.37 ptm 0.88 i_ptm 0.19 energy -2.17
66 models [0] recycles 0 hard 0 soft 1 temp 1 loss 4.33 i_con 4.50 plddt 0.41 ptm 0.87 i_ptm 0.21 energy -2.29
67 models [0] recycles 0 hard 0 soft 1 temp 1 loss 4.52 i_con 4.69 plddt 0.39 ptm 0.87 i_ptm 0.20 energy -2.24
68 models [0] recycles 0 hard 0 soft 1 temp 1 loss 4.23 i_con 4.39 plddt 0.41 ptm 0.87 i_ptm 0.22 energy -2.23
69 models [1] recycles 0 hard 0 soft 1 temp 1 loss 4.67 i_con 4.83 plddt 0.35 ptm 0.88 i_ptm 0.18 energy -2.28
70 models [1] recycles 0 hard 0 soft 1 temp 1 loss 4.84 i_con 5.01 plddt 0.35 ptm 0.88 i_ptm 0.13 energy -2.37
71 models [0] recycles 0 hard 0 soft 1 temp 1 loss 4.38 i_con 4.55 plddt 0.36 ptm 0.87 i_ptm 0.20 energy -2.32
72 models [1] recycles 0 hard 0 soft 1 temp 1 loss 4.57 i_con 4.75 plddt 0.37 ptm 0.88 i_ptm 0.19 energy -2.46
73 models [0] recycles 0 hard 0 soft 1 temp 1 loss 4.36 i_con 4.55 plddt 0.39 ptm 0.87 i_ptm 0.19 energy -2.53
74 models [1] recycles 0 hard 0 soft 1 temp 1 loss 4.47 i_con 4.66 plddt 0.33 ptm 0.88 i_ptm 0.15 energy -2.65
75 models [0] recycles 0 hard 0 soft 1 temp 1 loss 4.03 i_con 4.23 plddt 0.37 ptm 0.87 i_ptm 0.22 energy -2.62
76 models [0] recycles 0 hard 0 soft 1 temp 1 loss 4.10 i_con 4.32 plddt 0.37 ptm 0.87 i_ptm 0.24 energy -2.88
77 models [1] recycles 0 hard 0 soft 1 temp 1 loss 4.38 i_con 4.61 plddt 0.36 ptm 0.88 i_ptm 0.17 energy -2.96
78 models [0] recycles 0 hard 0 soft 1 temp 1 loss 3.98 i_con 4.24 plddt 0.41 ptm 0.87 i_ptm 0.25 energy -3.21
79 models [0] recycles 0 hard 0 soft 1 temp 1 loss 3.88 i_con 4.14 plddt 0.39 ptm 0.87 i_ptm 0.26 energy -3.20
80 models [0] recycles 0 hard 0 soft 1 temp 1 loss 3.83 i_con 4.11 plddt 0.39 ptm 0.87 i_ptm 0.27 energy -3.46
81 models [1] recycles 0 hard 0 soft 1 temp 1 loss 4.45 i_con 4.75 plddt 0.33 ptm 0.88 i_ptm 0.15 energy -3.67
82 models [1] recycles 0 hard 0 soft 1 temp 1 loss 4.18 i_con 4.50 plddt 0.38 ptm 0.88 i_ptm 0.20 energy -3.76
83 models [1] recycles 0 hard 0 soft 1 temp 1 loss 3.81 i_con 4.13 plddt 0.39 ptm 0.89 i_ptm 0.26 energy -3.76
84 models [0] recycles 0 hard 0 soft 1 temp 1 loss 4.11 i_con 4.44 plddt 0.37 ptm 0.87 i_ptm 0.18 energy -3.96
85 models [0] recycles 0 hard 0 soft 1 temp 1 loss 4.22 i_con 4.55 plddt 0.39 ptm 0.87 i_ptm 0.21 energy -3.85
86 models [0] recycles 0 hard 0 soft 1 temp 1 loss 3.74 i_con 4.06 plddt 0.40 ptm 0.87 i_ptm 0.26 energy -3.79
87 models [1] recycles 0 hard 0 soft 1 temp 1 loss 4.24 i_con 4.58 plddt 0.37 ptm 0.88 i_ptm 0.17 energy -4.04
88 models [1] recycles 0 hard 0 soft 1 temp 1 loss 3.96 i_con 4.30 plddt 0.37 ptm 0.89 i_ptm 0.22 energy -4.05
89 models [1] recycles 0 hard 0 soft 1 temp 1 loss 3.92 i_con 4.27 plddt 0.36 ptm 0.89 i_ptm 0.22 energy -4.13
90 models [0] recycles 0 hard 0 soft 1 temp 1 loss 3.92 i_con 4.28 plddt 0.39 ptm 0.87 i_ptm 0.22 energy -4.22
91 models [0] recycles 0 hard 0 soft 1 temp 1 loss 3.85 i_con 4.22 plddt 0.38 ptm 0.87 i_ptm 0.23 energy -4.40
92 models [0] recycles 0 hard 0 soft 1 temp 1 loss 3.78 i_con 4.17 plddt 0.38 ptm 0.87 i_ptm 0.24 energy -4.49
93 models [1] recycles 0 hard 0 soft 1 temp 1 loss 3.91 i_con 4.30 plddt 0.38 ptm 0.88 i_ptm 0.24 energy -4.46
94 models [1] recycles 0 hard 0 soft 1 temp 1 loss 3.67 i_con 4.05 plddt 0.38 ptm 0.89 i_ptm 0.29 energy -4.48
95 models [1] recycles 0 hard 0 soft 1 temp 1 loss 3.85 i_con 4.25 plddt 0.38 ptm 0.89 i_ptm 0.24 energy -4.64
96 models [1] recycles 0 hard 0 soft 1 temp 1 loss 3.96 i_con 4.36 plddt 0.36 ptm 0.88 i_ptm 0.22 energy -4.63
97 models [1] recycles 0 hard 0 soft 1 temp 1 loss 3.86 i_con 4.25 plddt 0.36 ptm 0.89 i_ptm 0.26 energy -4.55
98 models [1] recycles 0 hard 0 soft 1 temp 1 loss 3.93 i_con 4.33 plddt 0.35 ptm 0.89 i_ptm 0.23 energy -4.64
99 models [0] recycles 0 hard 0 soft 1 temp 1 loss 3.96 i_con 4.37 plddt 0.37 ptm 0.87 i_ptm 0.21 energy -4.71
100 models [1] recycles 0 hard 0 soft 1 temp 1 loss 3.74 i_con 4.15 plddt 0.37 ptm 0.88 i_ptm 0.26 energy -4.71
101 models [0] recycles 0 hard 0 soft 0 temp 1 loss 6.77 i_con 7.23 plddt 0.62 ptm 0.87 i_ptm 0.13 energy -24.75
102 models [1] recycles 0 hard 0 soft 0 temp 0.98 loss 6.83 i_con 7.28 plddt 0.58 ptm 0.88 i_ptm 0.11 energy -24.64
103 models [0] recycles 0 hard 0 soft 0 temp 0.96 loss 4.64 i_con 5.07 plddt 0.48 ptm 0.87 i_ptm 0.21 energy -24.32
104 models [0] recycles 0 hard 0 soft 0 temp 0.94 loss 3.73 i_con 4.16 plddt 0.46 ptm 0.87 i_ptm 0.31 energy -24.07
105 models [1] recycles 0 hard 0 soft 0 temp 0.92 loss 5.79 i_con 6.22 plddt 0.52 ptm 0.88 i_ptm 0.09 energy -24.05
106 models [0] recycles 0 hard 0 soft 0 temp 0.90 loss 3.54 i_con 3.96 plddt 0.41 ptm 0.87 i_ptm 0.31 energy -23.93
107 models [1] recycles 0 hard 0 soft 0 temp 0.88 loss 4.09 i_con 4.51 plddt 0.37 ptm 0.88 i_ptm 0.23 energy -23.96
108 models [1] recycles 0 hard 0 soft 0 temp 0.86 loss 3.41 i_con 3.83 plddt 0.46 ptm 0.89 i_ptm 0.37 energy -23.76
109 models [1] recycles 0 hard 0 soft 0 temp 0.84 loss 3.01 i_con 3.42 plddt 0.43 ptm 0.90 i_ptm 0.50 energy -23.63
110 models [0] recycles 0 hard 0 soft 0 temp 0.82 loss 3.30 i_con 3.73 plddt 0.44 ptm 0.88 i_ptm 0.42 energy -24.03
111 models [1] recycles 0 hard 0 soft 0 temp 0.80 loss 2.96 i_con 3.42 plddt 0.49 ptm 0.90 i_ptm 0.51 energy -25.23
112 models [0] recycles 0 hard 0 soft 0 temp 0.78 loss 3.22 i_con 3.67 plddt 0.46 ptm 0.88 i_ptm 0.41 energy -25.30
113 models [1] recycles 0 hard 0 soft 0 temp 0.76 loss 3.27 i_con 3.73 plddt 0.41 ptm 0.89 i_ptm 0.40 energy -25.80
114 models [1] recycles 0 hard 0 soft 0 temp 0.74 loss 2.97 i_con 3.44 plddt 0.49 ptm 0.90 i_ptm 0.51 energy -26.00
115 models [0] recycles 0 hard 0 soft 0 temp 0.72 loss 3.01 i_con 3.47 plddt 0.49 ptm 0.88 i_ptm 0.51 energy -25.82
116 models [0] recycles 0 hard 0 soft 0 temp 0.70 loss 3.18 i_con 3.66 plddt 0.44 ptm 0.88 i_ptm 0.42 energy -26.68
117 models [0] recycles 0 hard 0 soft 0 temp 0.68 loss 2.95 i_con 3.44 plddt 0.45 ptm 0.88 i_ptm 0.49 energy -27.24
118 models [1] recycles 0 hard 0 soft 0 temp 0.66 loss 2.52 i_con 3.05 plddt 0.59 ptm 0.90 i_ptm 0.65 energy -28.54
119 models [0] recycles 0 hard 0 soft 0 temp 0.64 loss 2.87 i_con 3.38 plddt 0.47 ptm 0.88 i_ptm 0.54 energy -28.19
120 models [0] recycles 0 hard 0 soft 0 temp 0.62 loss 2.91 i_con 3.43 plddt 0.48 ptm 0.88 i_ptm 0.54 energy -29.05
121 models [0] recycles 0 hard 0 soft 0 temp 0.60 loss 2.78 i_con 3.32 plddt 0.52 ptm 0.88 i_ptm 0.56 energy -29.44
122 models [0] recycles 0 hard 0 soft 0 temp 0.58 loss 2.72 i_con 3.27 plddt 0.55 ptm 0.88 i_ptm 0.60 energy -30.10
123 models [0] recycles 0 hard 0 soft 0 temp 0.56 loss 2.58 i_con 3.14 plddt 0.53 ptm 0.88 i_ptm 0.58 energy -30.37
124 models [1] recycles 0 hard 0 soft 0 temp 0.54 loss 2.17 i_con 2.75 plddt 0.64 ptm 0.91 i_ptm 0.70 energy -31.19
125 models [0] recycles 0 hard 0 soft 0 temp 0.52 loss 2.92 i_con 3.49 plddt 0.46 ptm 0.88 i_ptm 0.49 energy -31.06
126 models [0] recycles 0 hard 0 soft 0 temp 0.50 loss 2.64 i_con 3.23 plddt 0.57 ptm 0.89 i_ptm 0.62 energy -31.52
127 models [0] recycles 0 hard 0 soft 0 temp 0.48 loss 2.70 i_con 3.29 plddt 0.54 ptm 0.88 i_ptm 0.59 energy -31.87
128 models [1] recycles 0 hard 0 soft 0 temp 0.46 loss 2.23 i_con 2.83 plddt 0.64 ptm 0.91 i_ptm 0.71 energy -32.14
129 models [0] recycles 0 hard 0 soft 0 temp 0.44 loss 2.45 i_con 3.05 plddt 0.59 ptm 0.89 i_ptm 0.65 energy -32.47
130 models [1] recycles 0 hard 0 soft 0 temp 0.42 loss 2.18 i_con 2.80 plddt 0.64 ptm 0.91 i_ptm 0.70 energy -32.70
131 models [0] recycles 0 hard 0 soft 0 temp 0.40 loss 2.54 i_con 3.15 plddt 0.57 ptm 0.89 i_ptm 0.63 energy -32.73
132 models [0] recycles 0 hard 0 soft 0 temp 0.38 loss 2.65 i_con 3.25 plddt 0.58 ptm 0.89 i_ptm 0.61 energy -32.45
133 models [0] recycles 0 hard 0 soft 0 temp 0.36 loss 2.42 i_con 3.04 plddt 0.61 ptm 0.89 i_ptm 0.64 energy -33.14
134 models [0] recycles 0 hard 0 soft 0 temp 0.34 loss 2.29 i_con 2.92 plddt 0.62 ptm 0.89 i_ptm 0.70 energy -33.16
135 models [0] recycles 0 hard 0 soft 0 temp 0.32 loss 2.22 i_con 2.85 plddt 0.64 ptm 0.89 i_ptm 0.69 energy -33.54
136 models [1] recycles 0 hard 0 soft 0 temp 0.30 loss 2.26 i_con 2.91 plddt 0.61 ptm 0.91 i_ptm 0.68 energy -34.00
137 models [0] recycles 0 hard 0 soft 0 temp 0.28 loss 2.18 i_con 2.83 plddt 0.65 ptm 0.89 i_ptm 0.71 energy -34.26
138 models [0] recycles 0 hard 0 soft 0 temp 0.26 loss 2.63 i_con 3.28 plddt 0.55 ptm 0.88 i_ptm 0.59 energy -34.50
139 models [0] recycles 0 hard 0 soft 0 temp 0.24 loss 2.36 i_con 3.01 plddt 0.61 ptm 0.89 i_ptm 0.67 energy -34.57
140 models [1] recycles 0 hard 0 soft 0 temp 0.22 loss 1.73 i_con 2.39 plddt 0.73 ptm 0.91 i_ptm 0.78 energy -34.60
141 models [0] recycles 0 hard 0 soft 0 temp 0.20 loss 2.18 i_con 2.85 plddt 0.63 ptm 0.89 i_ptm 0.71 energy -35.22
142 models [0] recycles 0 hard 0 soft 0 temp 0.18 loss 2.25 i_con 2.92 plddt 0.65 ptm 0.89 i_ptm 0.69 energy -35.69
143 models [0] recycles 0 hard 0 soft 0 temp 0.16 loss 1.91 i_con 2.59 plddt 0.67 ptm 0.89 i_ptm 0.74 energy -35.66
144 models [1] recycles 0 hard 0 soft 0 temp 0.14 loss 1.72 i_con 2.42 plddt 0.72 ptm 0.91 i_ptm 0.79 energy -36.48
145 models [0] recycles 0 hard 0 soft 0 temp 0.12 loss 1.83 i_con 2.54 plddt 0.70 ptm 0.90 i_ptm 0.74 energy -36.97
146 models [0] recycles 0 hard 0 soft 0 temp 0.10 loss 1.92 i_con 2.63 plddt 0.67 ptm 0.89 i_ptm 0.73 energy -37.00
147 models [1] recycles 0 hard 0 soft 0 temp 0.08 loss 1.59 i_con 2.31 plddt 0.73 ptm 0.92 i_ptm 0.80 energy -37.26
148 models [0] recycles 0 hard 0 soft 0 temp 0.06 loss 2.25 i_con 2.96 plddt 0.63 ptm 0.89 i_ptm 0.68 energy -37.66
149 models [0] recycles 0 hard 0 soft 0 temp 0.04 loss 1.83 i_con 2.56 plddt 0.69 ptm 0.89 i_ptm 0.74 energy -37.72
150 models [0] recycles 0 hard 0 soft 0 temp 0.02 loss 1.99 i_con 2.73 plddt 0.64 ptm 0.89 i_ptm 0.71 energy -38.71
151 models [0] recycles 0 hard 1 soft 0 temp 0.00 loss 2.86 i_con 3.77 plddt 0.36 ptm 0.88 i_ptm 0.38 energy -4.85
152 models [1] recycles 0 hard 1 soft 0 temp 0.00 loss 2.50 i_con 3.42 plddt 0.48 ptm 0.90 i_ptm 0.57 energy -4.85
153 models [0] recycles 0 hard 1 soft 0 temp 0.00 loss 2.86 i_con 3.77 plddt 0.36 ptm 0.88 i_ptm 0.38 energy -4.85
154 models [0] recycles 0 hard 1 soft 0 temp 0.00 loss 2.86 i_con 3.77 plddt 0.36 ptm 0.88 i_ptm 0.38 energy -4.85
155 models [0] recycles 0 hard 1 soft 0 temp 0.00 loss 2.86 i_con 3.77 plddt 0.36 ptm 0.88 i_ptm 0.38 energy -4.85
156 models [1] recycles 0 hard 1 soft 0 temp 0.00 loss 2.50 i_con 3.42 plddt 0.48 ptm 0.90 i_ptm 0.57 energy -4.85
157 models [1] recycles 0 hard 1 soft 0 temp 0.00 loss 2.50 i_con 3.42 plddt 0.48 ptm 0.90 i_ptm 0.57 energy -4.85
158 models [0] recycles 0 hard 1 soft 0 temp 0.00 loss 2.86 i_con 3.77 plddt 0.36 ptm 0.88 i_ptm 0.38 energy -4.85
159 models [1] recycles 0 hard 1 soft 0 temp 0.00 loss 2.50 i_con 3.42 plddt 0.48 ptm 0.90 i_ptm 0.57 energy -4.85
160 models [1] recycles 0 hard 1 soft 0 temp 0.00 loss 2.50 i_con 3.42 plddt 0.48 ptm 0.90 i_ptm 0.57 energy -4.85
161 models [1] recycles 0 hard 1 soft 0 temp 0.00 loss 2.50 i_con 3.42 plddt 0.48 ptm 0.90 i_ptm 0.57 energy -4.85
162 models [0] recycles 0 hard 1 soft 0 temp 0.00 loss 2.86 i_con 3.77 plddt 0.36 ptm 0.88 i_ptm 0.38 energy -4.85
163 models [1] recycles 0 hard 1 soft 0 temp 0.00 loss 2.50 i_con 3.42 plddt 0.48 ptm 0.90 i_ptm 0.57 energy -4.85
164 models [0] recycles 0 hard 1 soft 0 temp 0.00 loss 2.86 i_con 3.77 plddt 0.36 ptm 0.88 i_ptm 0.38 energy -4.85
165 models [0] recycles 0 hard 1 soft 0 temp 0.00 loss 2.86 i_con 3.77 plddt 0.36 ptm 0.88 i_ptm 0.38 energy -4.85
166 models [0] recycles 0 hard 1 soft 0 temp 0.00 loss 2.86 i_con 3.77 plddt 0.36 ptm 0.88 i_ptm 0.38 energy -4.85
167 models [0] recycles 0 hard 1 soft 0 temp 0.00 loss 2.86 i_con 3.77 plddt 0.36 ptm 0.88 i_ptm 0.38 energy -4.85
168 models [0] recycles 0 hard 1 soft 0 temp 0.00 loss 2.86 i_con 3.77 plddt 0.36 ptm 0.88 i_ptm 0.38 energy -4.85
169 models [0] recycles 0 hard 1 soft 0 temp 0.00 loss 2.86 i_con 3.77 plddt 0.36 ptm 0.88 i_ptm 0.38 energy -4.85
170 models [0] recycles 0 hard 1 soft 0 temp 0.00 loss 2.86 i_con 3.77 plddt 0.36 ptm 0.88 i_ptm 0.38 energy -4.85
171 models [1] recycles 0 hard 1 soft 0 temp 0.00 loss 2.50 i_con 3.42 plddt 0.48 ptm 0.90 i_ptm 0.57 energy -4.85
172 models [0] recycles 0 hard 1 soft 0 temp 0.00 loss 2.86 i_con 3.77 plddt 0.36 ptm 0.88 i_ptm 0.38 energy -4.85
173 models [0] recycles 0 hard 1 soft 0 temp 0.00 loss 2.86 i_con 3.77 plddt 0.36 ptm 0.88 i_ptm 0.38 energy -4.85
174 models [1] recycles 0 hard 1 soft 0 temp 0.00 loss 2.50 i_con 3.42 plddt 0.48 ptm 0.90 i_ptm 0.57 energy -4.85
175 models [0] recycles 0 hard 1 soft 0 temp 0.00 loss 2.86 i_con 3.77 plddt 0.36 ptm 0.88 i_ptm 0.38 energy -4.85
176 models [1] recycles 0 hard 1 soft 0 temp 0.00 loss 2.50 i_con 3.42 plddt 0.48 ptm 0.90 i_ptm 0.57 energy -4.85
177 models [0] recycles 0 hard 1 soft 0 temp 0.00 loss 2.86 i_con 3.77 plddt 0.36 ptm 0.88 i_ptm 0.38 energy -4.85
178 models [0] recycles 0 hard 1 soft 0 temp 0.00 loss 2.86 i_con 3.77 plddt 0.36 ptm 0.88 i_ptm 0.38 energy -4.85
179 models [0] recycles 0 hard 1 soft 0 temp 0.00 loss 2.86 i_con 3.77 plddt 0.36 ptm 0.88 i_ptm 0.38 energy -4.85
180 models [0] recycles 0 hard 1 soft 0 temp 0.00 loss 2.86 i_con 3.77 plddt 0.36 ptm 0.88 i_ptm 0.38 energy -4.85
  seq=AAGGPCAALNYLLFQ  loss=2.8647  loss_af=3.8348  energy=-4.8506  i_ptm=0.3755

Saved 20 results to /home/share_nfs/342-Projets_BGE/342.3-Gen-Chem/342.3.2-BioInfo/342.3.2.8-SeqModels/protein_design/colabdesign_energy_guidance/prg/PA_PB1/results/gen_energy_B.json

================================================================================
SUMMARY
================================================================================
 seed  loss_total   loss_af    energy   i_ptm     ptm   plddt  seq
--------------------------------------------------------------------------------
    0      3.2870    3.8691   -2.9104  0.4006  0.8972  0.4081  AAGSPGELLLALLCC
    1      2.3663    3.3838   -5.0873  0.6353  0.8903  0.5029  AISGPALEVLYCMFE
    2      2.7132    3.9826   -6.3472  0.3213  0.8769  0.3797  AWGGPDLLLNYLLFC
    3      3.9495    4.4917   -2.7107  0.2014  0.8728  0.3156  AASGPDCQGLLLLFL
    4      3.0796    4.1375   -5.2895  0.3138  0.8922  0.3734  SIGGGDALLNFLETL
    5      3.0012    3.9711   -4.8496  0.3540  0.8954  0.3736  AWGGPCLLLNFLEEL
    6      3.3507    3.8639   -2.5662  0.3869  0.8806  0.4243  AASGPALLVLLCMFL
    7      2.8519    3.9907   -5.6942  0.3236  0.8941  0.3668  AAGGPPEALLYCLFC
    8      2.9583    3.9455   -4.9360  0.3130  0.8771  0.3524  AWGGPGEALLLIMFC
    9      3.5028    4.1211   -3.0916  0.3317  0.8944  0.3806  AARVGALEVLLCMLL
   10      3.0975    3.9941   -4.4830  0.3787  0.8946  0.3923  AAGGPCALVNLLLFL
   11      3.1994    4.1891   -4.9483  0.2831  0.8765  0.3404  AWAGPALLLLLVCEC
   12      2.8410    3.6231   -3.9107  0.5139  0.9022  0.4259  NDIWLFLLLELELDL
   13      3.1277    3.6274   -2.4985  0.5087  0.9021  0.4487  AASGPALEVLLCLFL
   14      2.7914    3.8999   -5.5425  0.4165  0.8972  0.3973  AAGGADALLNFLMEC
   15      4.2066    4.2655   -0.2945  0.2797  0.8921  0.3615  MHFGPDLLLLLMCCL
   16      2.6655    3.6297   -4.8212  0.5432  0.9029  0.4791  AISGPALEVLLCLFC
   17      3.0670    4.1789   -5.5595  0.2920  0.8918  0.3636  EIGGLDELLLYLCFC
   18      3.4097    3.9077   -2.4901  0.3214  0.8781  0.3653  AASGPAEEVLLLMFL
   19      2.8647    3.8348   -4.8506  0.3755  0.8796  0.3629  AAGGPCAALNYLLFQ
---------------------------------------------
End time : Fri Apr  3 05:30:12 CEST 2026
