Job ID       : 289877
Array task   : 3  →  protocol: gen_energy_C
Node         : aar018
Start time   : Fri Apr  3 05:30:16 CEST 2026
---------------------------------------------
Fri Apr  3 05:30:16 2026       
+-----------------------------------------------------------------------------------------+
| NVIDIA-SMI 560.35.03              Driver Version: 560.35.03      CUDA Version: 12.6     |
|-----------------------------------------+------------------------+----------------------+
| GPU  Name                 Persistence-M | Bus-Id          Disp.A | Volatile Uncorr. ECC |
| Fan  Temp   Perf          Pwr:Usage/Cap |           Memory-Usage | GPU-Util  Compute M. |
|                                         |                        |               MIG M. |
|=========================================+========================+======================|
|   0  NVIDIA A30                     Off |   00000000:65:00.0 Off |                    0 |
| N/A   60C    P0             45W /  165W |       1MiB /  24576MiB |      0%      Default |
|                                         |                        |             Disabled |
+-----------------------------------------+------------------------+----------------------+
                                                                                         
+-----------------------------------------------------------------------------------------+
| Processes:                                                                              |
---------------------------------------------
JAX devices: [cuda(id=0)]
GPU check passed: cuda:0
Output file  : /home/share_nfs/342-Projets_BGE/342.3-Gen-Chem/342.3.2-BioInfo/342.3.2.8-SeqModels/protein_design/colabdesign_energy_guidance/prg/PA_PB1/results/gen_energy_C.json
Running protocol: gen_energy_C ...
py3Dmol not installed
/home/share_nfs/342-Projets_BGE/342.3-Gen-Chem/342.3.2-BioInfo/342.3.2.8-SeqModels/protein_design/energy_model_params/PAPB1pep/PNB_2R_3lay_negbinom_energy_model_weights.json
[1/20] seed=0 ...
1 models [1] recycles 0 hard 0 soft 1 temp 1 loss 7.80 i_con 7.38 plddt 0.47 ptm 0.88 i_ptm 0.09 energy 7.38
2 models [1] recycles 0 hard 0 soft 1 temp 1 loss 7.87 i_con 7.47 plddt 0.56 ptm 0.88 i_ptm 0.10 energy 7.07
3 models [0] recycles 0 hard 0 soft 1 temp 1 loss 7.92 i_con 7.54 plddt 0.55 ptm 0.86 i_ptm 0.12 energy 6.67
4 models [0] recycles 0 hard 0 soft 1 temp 1 loss 7.52 i_con 7.16 plddt 0.60 ptm 0.86 i_ptm 0.14 energy 6.37
5 models [1] recycles 0 hard 0 soft 1 temp 1 loss 7.67 i_con 7.31 plddt 0.52 ptm 0.88 i_ptm 0.09 energy 6.11
6 models [1] recycles 0 hard 0 soft 1 temp 1 loss 6.90 i_con 6.57 plddt 0.51 ptm 0.88 i_ptm 0.09 energy 5.67
7 models [1] recycles 0 hard 0 soft 1 temp 1 loss 7.14 i_con 6.82 plddt 0.49 ptm 0.88 i_ptm 0.09 energy 5.39
8 models [0] recycles 0 hard 0 soft 1 temp 1 loss 6.44 i_con 6.14 plddt 0.51 ptm 0.86 i_ptm 0.11 energy 5.05
9 models [1] recycles 0 hard 0 soft 1 temp 1 loss 6.47 i_con 6.17 plddt 0.47 ptm 0.88 i_ptm 0.09 energy 4.84
10 models [0] recycles 0 hard 0 soft 1 temp 1 loss 5.67 i_con 5.38 plddt 0.41 ptm 0.87 i_ptm 0.10 energy 4.62
11 models [1] recycles 0 hard 0 soft 1 temp 1 loss 5.97 i_con 5.68 plddt 0.40 ptm 0.88 i_ptm 0.08 energy 4.53
12 models [1] recycles 0 hard 0 soft 1 temp 1 loss 6.06 i_con 5.79 plddt 0.45 ptm 0.88 i_ptm 0.09 energy 4.36
13 models [0] recycles 0 hard 0 soft 1 temp 1 loss 5.28 i_con 5.03 plddt 0.39 ptm 0.87 i_ptm 0.10 energy 3.93
14 models [1] recycles 0 hard 0 soft 1 temp 1 loss 5.97 i_con 5.72 plddt 0.46 ptm 0.88 i_ptm 0.08 energy 3.94
15 models [1] recycles 0 hard 0 soft 1 temp 1 loss 5.57 i_con 5.33 plddt 0.37 ptm 0.88 i_ptm 0.09 energy 3.63
16 models [1] recycles 0 hard 0 soft 1 temp 1 loss 5.61 i_con 5.37 plddt 0.36 ptm 0.88 i_ptm 0.09 energy 3.59
17 models [0] recycles 0 hard 0 soft 1 temp 1 loss 5.13 i_con 4.88 plddt 0.35 ptm 0.87 i_ptm 0.15 energy 3.69
18 models [0] recycles 0 hard 0 soft 1 temp 1 loss 5.03 i_con 4.81 plddt 0.35 ptm 0.87 i_ptm 0.18 energy 3.16
19 models [1] recycles 0 hard 0 soft 1 temp 1 loss 5.72 i_con 5.51 plddt 0.39 ptm 0.88 i_ptm 0.09 energy 2.92
20 models [1] recycles 0 hard 0 soft 1 temp 1 loss 5.44 i_con 5.23 plddt 0.39 ptm 0.88 i_ptm 0.09 energy 3.05
21 models [1] recycles 0 hard 0 soft 1 temp 1 loss 5.41 i_con 5.23 plddt 0.40 ptm 0.88 i_ptm 0.11 energy 2.39
22 models [0] recycles 0 hard 0 soft 1 temp 1 loss 4.93 i_con 4.76 plddt 0.37 ptm 0.87 i_ptm 0.22 energy 2.09
23 models [1] recycles 0 hard 0 soft 1 temp 1 loss 4.99 i_con 4.83 plddt 0.36 ptm 0.88 i_ptm 0.15 energy 1.74
24 models [1] recycles 0 hard 0 soft 1 temp 1 loss 5.15 i_con 5.01 plddt 0.34 ptm 0.88 i_ptm 0.17 energy 1.47
25 models [0] recycles 0 hard 0 soft 1 temp 1 loss 4.58 i_con 4.46 plddt 0.39 ptm 0.87 i_ptm 0.22 energy 1.31
26 models [1] recycles 0 hard 0 soft 1 temp 1 loss 5.35 i_con 5.22 plddt 0.36 ptm 0.88 i_ptm 0.11 energy 1.47
27 models [0] recycles 0 hard 0 soft 1 temp 1 loss 4.64 i_con 4.51 plddt 0.40 ptm 0.87 i_ptm 0.22 energy 1.52
28 models [1] recycles 0 hard 0 soft 1 temp 1 loss 5.19 i_con 5.04 plddt 0.37 ptm 0.88 i_ptm 0.14 energy 1.63
29 models [1] recycles 0 hard 0 soft 1 temp 1 loss 4.85 i_con 4.74 plddt 0.36 ptm 0.88 i_ptm 0.20 energy 0.76
30 models [0] recycles 0 hard 0 soft 1 temp 1 loss 4.44 i_con 4.37 plddt 0.40 ptm 0.87 i_ptm 0.25 energy 0.15
31 models [0] recycles 0 hard 0 soft 1 temp 1 loss 4.57 i_con 4.52 plddt 0.38 ptm 0.87 i_ptm 0.21 energy -0.12
32 models [1] recycles 0 hard 0 soft 1 temp 1 loss 4.51 i_con 4.45 plddt 0.37 ptm 0.89 i_ptm 0.24 energy -0.13
33 models [1] recycles 0 hard 0 soft 1 temp 1 loss 4.92 i_con 4.90 plddt 0.38 ptm 0.88 i_ptm 0.16 energy -0.88
34 models [0] recycles 0 hard 0 soft 1 temp 1 loss 4.44 i_con 4.42 plddt 0.41 ptm 0.87 i_ptm 0.24 energy -0.75
35 models [0] recycles 0 hard 0 soft 1 temp 1 loss 4.39 i_con 4.38 plddt 0.44 ptm 0.87 i_ptm 0.27 energy -0.86
36 models [0] recycles 0 hard 0 soft 1 temp 1 loss 4.49 i_con 4.46 plddt 0.40 ptm 0.87 i_ptm 0.25 energy -0.73
37 models [1] recycles 0 hard 0 soft 1 temp 1 loss 4.97 i_con 4.98 plddt 0.36 ptm 0.88 i_ptm 0.17 energy -1.45
38 models [1] recycles 0 hard 0 soft 1 temp 1 loss 5.02 i_con 5.04 plddt 0.36 ptm 0.88 i_ptm 0.19 energy -1.67
39 models [1] recycles 0 hard 0 soft 1 temp 1 loss 4.96 i_con 4.99 plddt 0.35 ptm 0.88 i_ptm 0.19 energy -1.99
40 models [1] recycles 0 hard 0 soft 1 temp 1 loss 4.42 i_con 4.47 plddt 0.38 ptm 0.88 i_ptm 0.26 energy -2.25
41 models [1] recycles 0 hard 0 soft 1 temp 1 loss 4.77 i_con 4.82 plddt 0.38 ptm 0.88 i_ptm 0.22 energy -2.23
42 models [0] recycles 0 hard 0 soft 1 temp 1 loss 4.32 i_con 4.39 plddt 0.40 ptm 0.87 i_ptm 0.25 energy -2.55
43 models [1] recycles 0 hard 0 soft 1 temp 1 loss 4.68 i_con 4.74 plddt 0.38 ptm 0.88 i_ptm 0.22 energy -2.42
44 models [1] recycles 0 hard 0 soft 1 temp 1 loss 4.61 i_con 4.68 plddt 0.36 ptm 0.88 i_ptm 0.23 energy -2.56
45 models [1] recycles 0 hard 0 soft 1 temp 1 loss 4.40 i_con 4.46 plddt 0.36 ptm 0.89 i_ptm 0.25 energy -2.55
46 models [1] recycles 0 hard 0 soft 1 temp 1 loss 4.61 i_con 4.68 plddt 0.36 ptm 0.88 i_ptm 0.22 energy -2.73
47 models [1] recycles 0 hard 0 soft 1 temp 1 loss 4.53 i_con 4.61 plddt 0.38 ptm 0.88 i_ptm 0.22 energy -2.85
48 models [0] recycles 0 hard 0 soft 1 temp 1 loss 4.58 i_con 4.66 plddt 0.42 ptm 0.87 i_ptm 0.24 energy -2.92
49 models [0] recycles 0 hard 0 soft 1 temp 1 loss 4.53 i_con 4.61 plddt 0.41 ptm 0.87 i_ptm 0.23 energy -2.80
50 models [0] recycles 0 hard 0 soft 1 temp 1 loss 4.18 i_con 4.25 plddt 0.41 ptm 0.87 i_ptm 0.27 energy -2.63
51 models [0] recycles 0 hard 0 soft 1 temp 1 loss 3.95 i_con 4.38 plddt 0.41 ptm 0.87 i_ptm 0.27 energy -2.48
52 models [0] recycles 0 hard 0 soft 1 temp 1 loss 3.68 i_con 4.14 plddt 0.40 ptm 0.87 i_ptm 0.32 energy -2.60
53 models [1] recycles 0 hard 0 soft 1 temp 1 loss 3.94 i_con 4.42 plddt 0.42 ptm 0.88 i_ptm 0.24 energy -2.68
54 models [1] recycles 0 hard 0 soft 1 temp 1 loss 4.30 i_con 4.83 plddt 0.35 ptm 0.88 i_ptm 0.20 energy -2.98
55 models [0] recycles 0 hard 0 soft 1 temp 1 loss 3.80 i_con 4.38 plddt 0.39 ptm 0.87 i_ptm 0.24 energy -3.21
56 models [0] recycles 0 hard 0 soft 1 temp 1 loss 3.84 i_con 4.45 plddt 0.39 ptm 0.87 i_ptm 0.26 energy -3.37
57 models [0] recycles 0 hard 0 soft 1 temp 1 loss 3.83 i_con 4.40 plddt 0.38 ptm 0.87 i_ptm 0.26 energy -3.16
58 models [0] recycles 0 hard 0 soft 1 temp 1 loss 3.53 i_con 4.17 plddt 0.39 ptm 0.87 i_ptm 0.29 energy -3.50
59 models [0] recycles 0 hard 0 soft 1 temp 1 loss 3.72 i_con 4.37 plddt 0.40 ptm 0.87 i_ptm 0.25 energy -3.57
60 models [0] recycles 0 hard 0 soft 1 temp 1 loss 3.54 i_con 4.22 plddt 0.40 ptm 0.87 i_ptm 0.28 energy -3.72
61 models [0] recycles 0 hard 0 soft 1 temp 1 loss 3.64 i_con 4.30 plddt 0.39 ptm 0.87 i_ptm 0.27 energy -3.63
62 models [0] recycles 0 hard 0 soft 1 temp 1 loss 3.42 i_con 4.13 plddt 0.40 ptm 0.87 i_ptm 0.30 energy -3.86
63 models [1] recycles 0 hard 0 soft 1 temp 1 loss 4.16 i_con 4.86 plddt 0.37 ptm 0.88 i_ptm 0.20 energy -3.78
64 models [1] recycles 0 hard 0 soft 1 temp 1 loss 3.83 i_con 4.55 plddt 0.39 ptm 0.88 i_ptm 0.24 energy -3.94
65 models [1] recycles 0 hard 0 soft 1 temp 1 loss 3.60 i_con 4.35 plddt 0.36 ptm 0.89 i_ptm 0.27 energy -4.08
66 models [0] recycles 0 hard 0 soft 1 temp 1 loss 3.65 i_con 4.43 plddt 0.39 ptm 0.87 i_ptm 0.25 energy -4.22
67 models [0] recycles 0 hard 0 soft 1 temp 1 loss 3.48 i_con 4.25 plddt 0.40 ptm 0.87 i_ptm 0.27 energy -4.17
68 models [0] recycles 0 hard 0 soft 1 temp 1 loss 3.56 i_con 4.34 plddt 0.41 ptm 0.87 i_ptm 0.27 energy -4.20
69 models [0] recycles 0 hard 0 soft 1 temp 1 loss 3.32 i_con 4.15 plddt 0.39 ptm 0.87 i_ptm 0.30 energy -4.43
70 models [1] recycles 0 hard 0 soft 1 temp 1 loss 3.68 i_con 4.54 plddt 0.34 ptm 0.89 i_ptm 0.24 energy -4.59
71 models [1] recycles 0 hard 0 soft 1 temp 1 loss 3.50 i_con 4.34 plddt 0.36 ptm 0.89 i_ptm 0.25 energy -4.54
72 models [0] recycles 0 hard 0 soft 1 temp 1 loss 3.22 i_con 4.05 plddt 0.42 ptm 0.87 i_ptm 0.31 energy -4.46
73 models [1] recycles 0 hard 0 soft 1 temp 1 loss 3.46 i_con 4.33 plddt 0.39 ptm 0.88 i_ptm 0.23 energy -4.63
74 models [0] recycles 0 hard 0 soft 1 temp 1 loss 3.49 i_con 4.36 plddt 0.43 ptm 0.87 i_ptm 0.30 energy -4.64
75 models [0] recycles 0 hard 0 soft 1 temp 1 loss 3.39 i_con 4.27 plddt 0.40 ptm 0.87 i_ptm 0.27 energy -4.70
76 models [0] recycles 0 hard 0 soft 1 temp 1 loss 3.24 i_con 4.13 plddt 0.38 ptm 0.87 i_ptm 0.26 energy -4.77
77 models [0] recycles 0 hard 0 soft 1 temp 1 loss 3.34 i_con 4.26 plddt 0.41 ptm 0.87 i_ptm 0.29 energy -4.93
78 models [0] recycles 0 hard 0 soft 1 temp 1 loss 3.33 i_con 4.26 plddt 0.39 ptm 0.87 i_ptm 0.26 energy -4.94
79 models [1] recycles 0 hard 0 soft 1 temp 1 loss 3.29 i_con 4.22 plddt 0.37 ptm 0.88 i_ptm 0.26 energy -4.99
80 models [1] recycles 0 hard 0 soft 1 temp 1 loss 3.33 i_con 4.26 plddt 0.36 ptm 0.89 i_ptm 0.25 energy -4.97
81 models [1] recycles 0 hard 0 soft 1 temp 1 loss 3.39 i_con 4.34 plddt 0.36 ptm 0.89 i_ptm 0.26 energy -5.06
82 models [1] recycles 0 hard 0 soft 1 temp 1 loss 3.20 i_con 4.15 plddt 0.36 ptm 0.89 i_ptm 0.28 energy -5.09
83 models [0] recycles 0 hard 0 soft 1 temp 1 loss 3.16 i_con 4.14 plddt 0.39 ptm 0.87 i_ptm 0.28 energy -5.16
84 models [1] recycles 0 hard 0 soft 1 temp 1 loss 3.31 i_con 4.27 plddt 0.37 ptm 0.89 i_ptm 0.29 energy -5.12
85 models [1] recycles 0 hard 0 soft 1 temp 1 loss 3.35 i_con 4.31 plddt 0.36 ptm 0.89 i_ptm 0.25 energy -5.12
86 models [1] recycles 0 hard 0 soft 1 temp 1 loss 3.21 i_con 4.15 plddt 0.39 ptm 0.89 i_ptm 0.27 energy -5.04
87 models [1] recycles 0 hard 0 soft 1 temp 1 loss 3.56 i_con 4.53 plddt 0.35 ptm 0.88 i_ptm 0.21 energy -5.17
88 models [0] recycles 0 hard 0 soft 1 temp 1 loss 3.18 i_con 4.15 plddt 0.40 ptm 0.87 i_ptm 0.27 energy -5.13
89 models [0] recycles 0 hard 0 soft 1 temp 1 loss 3.28 i_con 4.27 plddt 0.41 ptm 0.87 i_ptm 0.26 energy -5.24
90 models [0] recycles 0 hard 0 soft 1 temp 1 loss 3.14 i_con 4.12 plddt 0.39 ptm 0.87 i_ptm 0.27 energy -5.23
91 models [0] recycles 0 hard 0 soft 1 temp 1 loss 3.05 i_con 4.03 plddt 0.37 ptm 0.88 i_ptm 0.29 energy -5.21
92 models [0] recycles 0 hard 0 soft 1 temp 1 loss 3.17 i_con 4.17 plddt 0.38 ptm 0.87 i_ptm 0.29 energy -5.31
93 models [1] recycles 0 hard 0 soft 1 temp 1 loss 3.17 i_con 4.16 plddt 0.37 ptm 0.89 i_ptm 0.28 energy -5.30
94 models [0] recycles 0 hard 0 soft 1 temp 1 loss 3.14 i_con 4.14 plddt 0.38 ptm 0.87 i_ptm 0.28 energy -5.29
95 models [1] recycles 0 hard 0 soft 1 temp 1 loss 3.30 i_con 4.30 plddt 0.36 ptm 0.89 i_ptm 0.26 energy -5.34
96 models [1] recycles 0 hard 0 soft 1 temp 1 loss 3.24 i_con 4.25 plddt 0.37 ptm 0.89 i_ptm 0.26 energy -5.36
97 models [0] recycles 0 hard 0 soft 1 temp 1 loss 3.11 i_con 4.10 plddt 0.40 ptm 0.87 i_ptm 0.27 energy -5.25
98 models [0] recycles 0 hard 0 soft 1 temp 1 loss 3.11 i_con 4.13 plddt 0.38 ptm 0.87 i_ptm 0.27 energy -5.42
99 models [0] recycles 0 hard 0 soft 1 temp 1 loss 3.10 i_con 4.14 plddt 0.40 ptm 0.87 i_ptm 0.26 energy -5.46
100 models [0] recycles 0 hard 0 soft 1 temp 1 loss 2.97 i_con 4.02 plddt 0.40 ptm 0.87 i_ptm 0.32 energy -5.55
101 models [0] recycles 0 hard 0 soft 0 temp 1 loss 5.34 i_con 6.89 plddt 0.47 ptm 0.87 i_ptm 0.14 energy -32.03
102 models [1] recycles 0 hard 0 soft 0 temp 0.98 loss 5.33 i_con 6.89 plddt 0.63 ptm 0.88 i_ptm 0.10 energy -32.09
103 models [1] recycles 0 hard 0 soft 0 temp 0.96 loss 4.32 i_con 5.88 plddt 0.50 ptm 0.88 i_ptm 0.09 energy -32.05
104 models [0] recycles 0 hard 0 soft 0 temp 0.94 loss 2.98 i_con 4.51 plddt 0.39 ptm 0.87 i_ptm 0.27 energy -31.70
105 models [1] recycles 0 hard 0 soft 0 temp 0.92 loss 3.11 i_con 4.63 plddt 0.38 ptm 0.88 i_ptm 0.21 energy -31.70
106 models [1] recycles 0 hard 0 soft 0 temp 0.90 loss 2.48 i_con 3.99 plddt 0.42 ptm 0.89 i_ptm 0.32 energy -31.36
107 models [0] recycles 0 hard 0 soft 0 temp 0.88 loss 2.47 i_con 4.04 plddt 0.42 ptm 0.87 i_ptm 0.33 energy -32.48
108 models [0] recycles 0 hard 0 soft 0 temp 0.86 loss 2.31 i_con 3.96 plddt 0.42 ptm 0.87 i_ptm 0.34 energy -34.08
109 models [0] recycles 0 hard 0 soft 0 temp 0.84 loss 2.06 i_con 3.78 plddt 0.44 ptm 0.88 i_ptm 0.42 energy -35.43
110 models [1] recycles 0 hard 0 soft 0 temp 0.82 loss 2.21 i_con 3.99 plddt 0.37 ptm 0.89 i_ptm 0.33 energy -36.92
111 models [1] recycles 0 hard 0 soft 0 temp 0.80 loss 1.87 i_con 3.72 plddt 0.41 ptm 0.89 i_ptm 0.43 energy -38.14
112 models [0] recycles 0 hard 0 soft 0 temp 0.78 loss 1.85 i_con 3.72 plddt 0.42 ptm 0.88 i_ptm 0.42 energy -38.66
113 models [0] recycles 0 hard 0 soft 0 temp 0.76 loss 1.85 i_con 3.83 plddt 0.42 ptm 0.87 i_ptm 0.40 energy -40.88
114 models [1] recycles 0 hard 0 soft 0 temp 0.74 loss 1.72 i_con 3.79 plddt 0.41 ptm 0.90 i_ptm 0.39 energy -42.73
115 models [1] recycles 0 hard 0 soft 0 temp 0.72 loss 1.69 i_con 3.82 plddt 0.41 ptm 0.89 i_ptm 0.40 energy -43.68
116 models [1] recycles 0 hard 0 soft 0 temp 0.70 loss 1.61 i_con 3.80 plddt 0.43 ptm 0.89 i_ptm 0.39 energy -45.05
117 models [0] recycles 0 hard 0 soft 0 temp 0.68 loss 1.68 i_con 3.95 plddt 0.41 ptm 0.87 i_ptm 0.34 energy -46.59
118 models [0] recycles 0 hard 0 soft 0 temp 0.66 loss 1.51 i_con 3.84 plddt 0.41 ptm 0.87 i_ptm 0.39 energy -47.70
119 models [1] recycles 0 hard 0 soft 0 temp 0.64 loss 1.21 i_con 3.62 plddt 0.47 ptm 0.90 i_ptm 0.49 energy -49.38
120 models [0] recycles 0 hard 0 soft 0 temp 0.62 loss 1.33 i_con 3.80 plddt 0.42 ptm 0.88 i_ptm 0.43 energy -50.55
121 models [1] recycles 0 hard 0 soft 0 temp 0.60 loss 1.24 i_con 3.78 plddt 0.40 ptm 0.89 i_ptm 0.40 energy -52.19
122 models [0] recycles 0 hard 0 soft 0 temp 0.58 loss 1.15 i_con 3.74 plddt 0.40 ptm 0.88 i_ptm 0.43 energy -53.01
123 models [1] recycles 0 hard 0 soft 0 temp 0.56 loss 1.03 i_con 3.69 plddt 0.44 ptm 0.90 i_ptm 0.45 energy -54.29
124 models [0] recycles 0 hard 0 soft 0 temp 0.54 loss 0.94 i_con 3.66 plddt 0.42 ptm 0.88 i_ptm 0.46 energy -55.54
125 models [0] recycles 0 hard 0 soft 0 temp 0.52 loss 1.01 i_con 3.81 plddt 0.42 ptm 0.87 i_ptm 0.40 energy -57.12
126 models [0] recycles 0 hard 0 soft 0 temp 0.50 loss 0.87 i_con 3.74 plddt 0.43 ptm 0.88 i_ptm 0.43 energy -58.56
127 models [0] recycles 0 hard 0 soft 0 temp 0.48 loss 0.79 i_con 3.73 plddt 0.42 ptm 0.88 i_ptm 0.43 energy -59.95
128 models [1] recycles 0 hard 0 soft 0 temp 0.46 loss 0.67 i_con 3.67 plddt 0.42 ptm 0.90 i_ptm 0.45 energy -61.18
129 models [1] recycles 0 hard 0 soft 0 temp 0.44 loss 0.81 i_con 3.86 plddt 0.38 ptm 0.89 i_ptm 0.38 energy -62.17
130 models [1] recycles 0 hard 0 soft 0 temp 0.42 loss 0.73 i_con 3.80 plddt 0.40 ptm 0.89 i_ptm 0.38 energy -62.43
131 models [0] recycles 0 hard 0 soft 0 temp 0.40 loss 0.71 i_con 3.86 plddt 0.38 ptm 0.87 i_ptm 0.36 energy -64.15
132 models [0] recycles 0 hard 0 soft 0 temp 0.38 loss 0.55 i_con 3.79 plddt 0.41 ptm 0.87 i_ptm 0.40 energy -65.92
133 models [0] recycles 0 hard 0 soft 0 temp 0.36 loss 0.50 i_con 3.78 plddt 0.39 ptm 0.88 i_ptm 0.39 energy -66.98
134 models [0] recycles 0 hard 0 soft 0 temp 0.34 loss 0.38 i_con 3.78 plddt 0.42 ptm 0.88 i_ptm 0.46 energy -69.06
135 models [1] recycles 0 hard 0 soft 0 temp 0.32 loss 0.26 i_con 3.72 plddt 0.42 ptm 0.90 i_ptm 0.44 energy -70.28
136 models [1] recycles 0 hard 0 soft 0 temp 0.30 loss -0.04 i_con 3.51 plddt 0.45 ptm 0.90 i_ptm 0.49 energy -72.07
137 models [1] recycles 0 hard 0 soft 0 temp 0.28 loss 0.00 i_con 3.60 plddt 0.42 ptm 0.90 i_ptm 0.46 energy -73.10
138 models [1] recycles 0 hard 0 soft 0 temp 0.26 loss -0.38 i_con 3.31 plddt 0.50 ptm 0.91 i_ptm 0.58 energy -74.80
139 models [1] recycles 0 hard 0 soft 0 temp 0.24 loss -0.05 i_con 3.69 plddt 0.48 ptm 0.90 i_ptm 0.45 energy -75.86
140 models [1] recycles 0 hard 0 soft 0 temp 0.22 loss -0.26 i_con 3.53 plddt 0.48 ptm 0.90 i_ptm 0.49 energy -76.84
141 models [0] recycles 0 hard 0 soft 0 temp 0.20 loss -0.00 i_con 3.86 plddt 0.40 ptm 0.87 i_ptm 0.39 energy -78.41
142 models [0] recycles 0 hard 0 soft 0 temp 0.18 loss -0.14 i_con 3.78 plddt 0.43 ptm 0.87 i_ptm 0.40 energy -79.57
143 models [1] recycles 0 hard 0 soft 0 temp 0.16 loss -0.55 i_con 3.45 plddt 0.48 ptm 0.90 i_ptm 0.50 energy -81.20
144 models [0] recycles 0 hard 0 soft 0 temp 0.14 loss -0.16 i_con 3.87 plddt 0.38 ptm 0.88 i_ptm 0.34 energy -81.86
145 models [1] recycles 0 hard 0 soft 0 temp 0.12 loss -0.83 i_con 3.29 plddt 0.46 ptm 0.90 i_ptm 0.53 energy -83.42
146 models [1] recycles 0 hard 0 soft 0 temp 0.10 loss -0.81 i_con 3.39 plddt 0.50 ptm 0.90 i_ptm 0.53 energy -84.97
147 models [0] recycles 0 hard 0 soft 0 temp 0.08 loss -0.21 i_con 4.04 plddt 0.39 ptm 0.87 i_ptm 0.34 energy -86.16
148 models [1] recycles 0 hard 0 soft 0 temp 0.06 loss -0.84 i_con 3.44 plddt 0.46 ptm 0.90 i_ptm 0.54 energy -86.68
149 models [0] recycles 0 hard 0 soft 0 temp 0.04 loss -0.40 i_con 3.91 plddt 0.41 ptm 0.87 i_ptm 0.35 energy -87.33
150 models [1] recycles 0 hard 0 soft 0 temp 0.02 loss -0.84 i_con 3.53 plddt 0.49 ptm 0.90 i_ptm 0.48 energy -88.45
151 models [1] recycles 0 hard 1 soft 0 temp 0.00 loss 1.79 i_con 4.09 plddt 0.37 ptm 0.89 i_ptm 0.32 energy -4.72
152 models [1] recycles 0 hard 1 soft 0 temp 0.00 loss 1.79 i_con 4.09 plddt 0.37 ptm 0.89 i_ptm 0.32 energy -4.72
153 models [1] recycles 0 hard 1 soft 0 temp 0.00 loss 1.79 i_con 4.09 plddt 0.37 ptm 0.89 i_ptm 0.32 energy -4.72
154 models [0] recycles 0 hard 1 soft 0 temp 0.00 loss 1.71 i_con 4.00 plddt 0.37 ptm 0.88 i_ptm 0.31 energy -4.72
155 models [1] recycles 0 hard 1 soft 0 temp 0.00 loss 1.79 i_con 4.09 plddt 0.37 ptm 0.89 i_ptm 0.32 energy -4.72
156 models [1] recycles 0 hard 1 soft 0 temp 0.00 loss 1.79 i_con 4.09 plddt 0.37 ptm 0.89 i_ptm 0.32 energy -4.72
157 models [0] recycles 0 hard 1 soft 0 temp 0.00 loss 1.71 i_con 4.00 plddt 0.37 ptm 0.88 i_ptm 0.31 energy -4.72
158 models [0] recycles 0 hard 1 soft 0 temp 0.00 loss 1.71 i_con 4.00 plddt 0.37 ptm 0.88 i_ptm 0.31 energy -4.72
159 models [1] recycles 0 hard 1 soft 0 temp 0.00 loss 1.79 i_con 4.09 plddt 0.37 ptm 0.89 i_ptm 0.32 energy -4.72
160 models [1] recycles 0 hard 1 soft 0 temp 0.00 loss 1.79 i_con 4.09 plddt 0.37 ptm 0.89 i_ptm 0.32 energy -4.72
161 models [0] recycles 0 hard 1 soft 0 temp 0.00 loss 1.71 i_con 4.00 plddt 0.37 ptm 0.88 i_ptm 0.31 energy -4.72
162 models [1] recycles 0 hard 1 soft 0 temp 0.00 loss 1.79 i_con 4.09 plddt 0.37 ptm 0.89 i_ptm 0.32 energy -4.72
163 models [0] recycles 0 hard 1 soft 0 temp 0.00 loss 1.71 i_con 4.00 plddt 0.37 ptm 0.88 i_ptm 0.31 energy -4.72
164 models [1] recycles 0 hard 1 soft 0 temp 0.00 loss 1.79 i_con 4.09 plddt 0.37 ptm 0.89 i_ptm 0.32 energy -4.72
165 models [0] recycles 0 hard 1 soft 0 temp 0.00 loss 1.71 i_con 4.00 plddt 0.37 ptm 0.88 i_ptm 0.31 energy -4.72
166 models [1] recycles 0 hard 1 soft 0 temp 0.00 loss 1.79 i_con 4.09 plddt 0.37 ptm 0.89 i_ptm 0.32 energy -4.72
167 models [0] recycles 0 hard 1 soft 0 temp 0.00 loss 1.71 i_con 4.00 plddt 0.37 ptm 0.88 i_ptm 0.31 energy -4.72
168 models [0] recycles 0 hard 1 soft 0 temp 0.00 loss 1.71 i_con 4.00 plddt 0.37 ptm 0.88 i_ptm 0.31 energy -4.72
169 models [0] recycles 0 hard 1 soft 0 temp 0.00 loss 1.71 i_con 4.00 plddt 0.37 ptm 0.88 i_ptm 0.31 energy -4.72
170 models [1] recycles 0 hard 1 soft 0 temp 0.00 loss 1.79 i_con 4.09 plddt 0.37 ptm 0.89 i_ptm 0.32 energy -4.72
171 models [0] recycles 0 hard 1 soft 0 temp 0.00 loss 1.71 i_con 4.00 plddt 0.37 ptm 0.88 i_ptm 0.31 energy -4.72
172 models [1] recycles 0 hard 1 soft 0 temp 0.00 loss 1.79 i_con 4.09 plddt 0.37 ptm 0.89 i_ptm 0.32 energy -4.72
173 models [0] recycles 0 hard 1 soft 0 temp 0.00 loss 1.71 i_con 4.00 plddt 0.37 ptm 0.88 i_ptm 0.31 energy -4.72
174 models [0] recycles 0 hard 1 soft 0 temp 0.00 loss 1.71 i_con 4.00 plddt 0.37 ptm 0.88 i_ptm 0.31 energy -4.72
175 models [1] recycles 0 hard 1 soft 0 temp 0.00 loss 1.79 i_con 4.09 plddt 0.37 ptm 0.89 i_ptm 0.32 energy -4.72
176 models [1] recycles 0 hard 1 soft 0 temp 0.00 loss 1.79 i_con 4.09 plddt 0.37 ptm 0.89 i_ptm 0.32 energy -4.72
177 models [1] recycles 0 hard 1 soft 0 temp 0.00 loss 1.79 i_con 4.09 plddt 0.37 ptm 0.89 i_ptm 0.32 energy -4.72
178 models [0] recycles 0 hard 1 soft 0 temp 0.00 loss 1.71 i_con 4.00 plddt 0.37 ptm 0.88 i_ptm 0.31 energy -4.72
179 models [0] recycles 0 hard 1 soft 0 temp 0.00 loss 1.71 i_con 4.00 plddt 0.37 ptm 0.88 i_ptm 0.31 energy -4.72
180 models [1] recycles 0 hard 1 soft 0 temp 0.00 loss 1.79 i_con 4.09 plddt 0.37 ptm 0.89 i_ptm 0.32 energy -4.72
  seq=NWGSPAALLLFMCTC  loss=1.7891  loss_af=4.1479  energy=-4.7175  i_ptm=0.3194
[2/20] seed=1 ...
1 models [0] recycles 0 hard 0 soft 1 temp 1 loss 8.31 i_con 7.90 plddt 0.56 ptm 0.86 i_ptm 0.13 energy 7.40
2 models [1] recycles 0 hard 0 soft 1 temp 1 loss 7.63 i_con 7.23 plddt 0.53 ptm 0.88 i_ptm 0.08 energy 7.17
3 models [0] recycles 0 hard 0 soft 1 temp 1 loss 7.62 i_con 7.23 plddt 0.52 ptm 0.86 i_ptm 0.12 energy 6.85
4 models [1] recycles 0 hard 0 soft 1 temp 1 loss 7.28 i_con 6.90 plddt 0.53 ptm 0.88 i_ptm 0.09 energy 6.59
5 models [0] recycles 0 hard 0 soft 1 temp 1 loss 7.12 i_con 6.76 plddt 0.57 ptm 0.86 i_ptm 0.13 energy 6.28
6 models [1] recycles 0 hard 0 soft 1 temp 1 loss 7.53 i_con 7.18 plddt 0.49 ptm 0.88 i_ptm 0.09 energy 6.05
7 models [1] recycles 0 hard 0 soft 1 temp 1 loss 7.24 i_con 6.90 plddt 0.52 ptm 0.88 i_ptm 0.08 energy 5.68
8 models [1] recycles 0 hard 0 soft 1 temp 1 loss 7.08 i_con 6.76 plddt 0.52 ptm 0.88 i_ptm 0.09 energy 5.40
9 models [1] recycles 0 hard 0 soft 1 temp 1 loss 6.54 i_con 6.24 plddt 0.52 ptm 0.88 i_ptm 0.08 energy 5.15
10 models [0] recycles 0 hard 0 soft 1 temp 1 loss 5.88 i_con 5.57 plddt 0.42 ptm 0.86 i_ptm 0.11 energy 5.03
11 models [1] recycles 0 hard 0 soft 1 temp 1 loss 6.43 i_con 6.13 plddt 0.49 ptm 0.88 i_ptm 0.07 energy 4.89
12 models [1] recycles 0 hard 0 soft 1 temp 1 loss 6.34 i_con 6.05 plddt 0.48 ptm 0.88 i_ptm 0.08 energy 4.79
13 models [1] recycles 0 hard 0 soft 1 temp 1 loss 6.18 i_con 5.91 plddt 0.50 ptm 0.88 i_ptm 0.08 energy 4.53
14 models [0] recycles 0 hard 0 soft 1 temp 1 loss 5.56 i_con 5.28 plddt 0.40 ptm 0.86 i_ptm 0.11 energy 4.31
15 models [0] recycles 0 hard 0 soft 1 temp 1 loss 5.15 i_con 4.86 plddt 0.35 ptm 0.86 i_ptm 0.13 energy 4.49
16 models [0] recycles 0 hard 0 soft 1 temp 1 loss 4.86 i_con 4.57 plddt 0.41 ptm 0.87 i_ptm 0.21 energy 4.47
17 models [0] recycles 0 hard 0 soft 1 temp 1 loss 4.79 i_con 4.51 plddt 0.36 ptm 0.87 i_ptm 0.19 energy 4.35
18 models [1] recycles 0 hard 0 soft 1 temp 1 loss 5.73 i_con 5.49 plddt 0.46 ptm 0.88 i_ptm 0.09 energy 3.85
19 models [1] recycles 0 hard 0 soft 1 temp 1 loss 5.95 i_con 5.68 plddt 0.42 ptm 0.88 i_ptm 0.08 energy 4.28
20 models [1] recycles 0 hard 0 soft 1 temp 1 loss 5.41 i_con 5.11 plddt 0.40 ptm 0.88 i_ptm 0.11 energy 4.67
21 models [0] recycles 0 hard 0 soft 1 temp 1 loss 4.75 i_con 4.42 plddt 0.38 ptm 0.87 i_ptm 0.20 energy 5.21
22 models [1] recycles 0 hard 0 soft 1 temp 1 loss 5.37 i_con 5.09 plddt 0.36 ptm 0.88 i_ptm 0.13 energy 4.27
23 models [1] recycles 0 hard 0 soft 1 temp 1 loss 5.37 i_con 5.11 plddt 0.35 ptm 0.88 i_ptm 0.12 energy 3.78
24 models [1] recycles 0 hard 0 soft 1 temp 1 loss 5.41 i_con 5.19 plddt 0.35 ptm 0.88 i_ptm 0.11 energy 3.19
25 models [0] recycles 0 hard 0 soft 1 temp 1 loss 4.71 i_con 4.48 plddt 0.41 ptm 0.87 i_ptm 0.23 energy 3.46
26 models [0] recycles 0 hard 0 soft 1 temp 1 loss 5.02 i_con 4.80 plddt 0.37 ptm 0.87 i_ptm 0.17 energy 3.14
27 models [1] recycles 0 hard 0 soft 1 temp 1 loss 5.59 i_con 5.39 plddt 0.37 ptm 0.88 i_ptm 0.09 energy 2.79
28 models [1] recycles 0 hard 0 soft 1 temp 1 loss 5.14 i_con 4.93 plddt 0.35 ptm 0.88 i_ptm 0.16 energy 2.93
29 models [1] recycles 0 hard 0 soft 1 temp 1 loss 5.31 i_con 5.13 plddt 0.43 ptm 0.88 i_ptm 0.12 energy 2.42
30 models [0] recycles 0 hard 0 soft 1 temp 1 loss 4.63 i_con 4.44 plddt 0.40 ptm 0.87 i_ptm 0.21 energy 2.62
31 models [0] recycles 0 hard 0 soft 1 temp 1 loss 4.70 i_con 4.53 plddt 0.39 ptm 0.87 i_ptm 0.21 energy 2.25
32 models [1] recycles 0 hard 0 soft 1 temp 1 loss 5.25 i_con 5.07 plddt 0.39 ptm 0.88 i_ptm 0.12 energy 2.35
33 models [0] recycles 0 hard 0 soft 1 temp 1 loss 4.56 i_con 4.38 plddt 0.39 ptm 0.87 i_ptm 0.24 energy 2.23
34 models [0] recycles 0 hard 0 soft 1 temp 1 loss 4.52 i_con 4.38 plddt 0.41 ptm 0.87 i_ptm 0.24 energy 1.65
35 models [0] recycles 0 hard 0 soft 1 temp 1 loss 4.81 i_con 4.69 plddt 0.39 ptm 0.86 i_ptm 0.19 energy 1.19
36 models [0] recycles 0 hard 0 soft 1 temp 1 loss 4.46 i_con 4.33 plddt 0.40 ptm 0.87 i_ptm 0.23 energy 1.44
37 models [0] recycles 0 hard 0 soft 1 temp 1 loss 4.35 i_con 4.25 plddt 0.38 ptm 0.87 i_ptm 0.24 energy 0.76
38 models [0] recycles 0 hard 0 soft 1 temp 1 loss 4.46 i_con 4.39 plddt 0.38 ptm 0.87 i_ptm 0.24 energy 0.28
39 models [1] recycles 0 hard 0 soft 1 temp 1 loss 5.34 i_con 5.26 plddt 0.40 ptm 0.88 i_ptm 0.09 energy 0.32
40 models [0] recycles 0 hard 0 soft 1 temp 1 loss 4.36 i_con 4.29 plddt 0.42 ptm 0.87 i_ptm 0.25 energy 0.14
41 models [0] recycles 0 hard 0 soft 1 temp 1 loss 4.70 i_con 4.63 plddt 0.40 ptm 0.87 i_ptm 0.20 energy 0.13
42 models [1] recycles 0 hard 0 soft 1 temp 1 loss 4.88 i_con 4.81 plddt 0.36 ptm 0.88 i_ptm 0.18 energy 0.18
43 models [1] recycles 0 hard 0 soft 1 temp 1 loss 5.25 i_con 5.20 plddt 0.39 ptm 0.88 i_ptm 0.12 energy -0.10
44 models [0] recycles 0 hard 0 soft 1 temp 1 loss 5.02 i_con 4.98 plddt 0.39 ptm 0.86 i_ptm 0.13 energy -0.42
45 models [0] recycles 0 hard 0 soft 1 temp 1 loss 4.24 i_con 4.20 plddt 0.40 ptm 0.87 i_ptm 0.25 energy -0.35
46 models [0] recycles 0 hard 0 soft 1 temp 1 loss 4.67 i_con 4.65 plddt 0.41 ptm 0.87 i_ptm 0.18 energy -0.84
47 models [0] recycles 0 hard 0 soft 1 temp 1 loss 4.26 i_con 4.26 plddt 0.39 ptm 0.87 i_ptm 0.20 energy -1.05
48 models [0] recycles 0 hard 0 soft 1 temp 1 loss 4.16 i_con 4.16 plddt 0.41 ptm 0.87 i_ptm 0.25 energy -1.24
49 models [0] recycles 0 hard 0 soft 1 temp 1 loss 4.38 i_con 4.38 plddt 0.40 ptm 0.87 i_ptm 0.22 energy -1.29
50 models [1] recycles 0 hard 0 soft 1 temp 1 loss 5.13 i_con 5.14 plddt 0.37 ptm 0.88 i_ptm 0.12 energy -1.31
51 models [1] recycles 0 hard 0 soft 1 temp 1 loss 4.08 i_con 4.29 plddt 0.39 ptm 0.89 i_ptm 0.23 energy -1.35
52 models [1] recycles 0 hard 0 soft 1 temp 1 loss 4.43 i_con 4.69 plddt 0.35 ptm 0.88 i_ptm 0.17 energy -1.61
53 models [1] recycles 0 hard 0 soft 1 temp 1 loss 4.15 i_con 4.52 plddt 0.35 ptm 0.88 i_ptm 0.20 energy -2.14
54 models [0] recycles 0 hard 0 soft 1 temp 1 loss 3.83 i_con 4.27 plddt 0.42 ptm 0.87 i_ptm 0.24 energy -2.46
55 models [0] recycles 0 hard 0 soft 1 temp 1 loss 3.75 i_con 4.25 plddt 0.43 ptm 0.87 i_ptm 0.25 energy -2.78
56 models [0] recycles 0 hard 0 soft 1 temp 1 loss 3.55 i_con 4.05 plddt 0.41 ptm 0.87 i_ptm 0.29 energy -2.82
57 models [0] recycles 0 hard 0 soft 1 temp 1 loss 3.45 i_con 3.99 plddt 0.45 ptm 0.87 i_ptm 0.31 energy -2.98
58 models [0] recycles 0 hard 0 soft 1 temp 1 loss 3.42 i_con 3.96 plddt 0.43 ptm 0.87 i_ptm 0.32 energy -2.97
59 models [0] recycles 0 hard 0 soft 1 temp 1 loss 3.37 i_con 3.97 plddt 0.46 ptm 0.87 i_ptm 0.33 energy -3.27
60 models [1] recycles 0 hard 0 soft 1 temp 1 loss 3.84 i_con 4.47 plddt 0.40 ptm 0.88 i_ptm 0.21 energy -3.43
61 models [1] recycles 0 hard 0 soft 1 temp 1 loss 3.53 i_con 4.16 plddt 0.42 ptm 0.89 i_ptm 0.29 energy -3.46
62 models [0] recycles 0 hard 0 soft 1 temp 1 loss 3.23 i_con 3.88 plddt 0.45 ptm 0.88 i_ptm 0.34 energy -3.52
63 models [0] recycles 0 hard 0 soft 1 temp 1 loss 3.34 i_con 3.98 plddt 0.42 ptm 0.87 i_ptm 0.35 energy -3.48
64 models [0] recycles 0 hard 0 soft 1 temp 1 loss 3.18 i_con 3.87 plddt 0.46 ptm 0.88 i_ptm 0.38 energy -3.73
65 models [1] recycles 0 hard 0 soft 1 temp 1 loss 3.23 i_con 3.91 plddt 0.46 ptm 0.89 i_ptm 0.35 energy -3.64
66 models [1] recycles 0 hard 0 soft 1 temp 1 loss 3.28 i_con 4.00 plddt 0.41 ptm 0.89 i_ptm 0.30 energy -3.87
67 models [0] recycles 0 hard 0 soft 1 temp 1 loss 3.08 i_con 3.79 plddt 0.45 ptm 0.88 i_ptm 0.40 energy -3.80
68 models [0] recycles 0 hard 0 soft 1 temp 1 loss 3.02 i_con 3.75 plddt 0.45 ptm 0.88 i_ptm 0.39 energy -3.94
69 models [1] recycles 0 hard 0 soft 1 temp 1 loss 3.43 i_con 4.20 plddt 0.40 ptm 0.89 i_ptm 0.27 energy -4.14
70 models [1] recycles 0 hard 0 soft 1 temp 1 loss 3.15 i_con 3.90 plddt 0.46 ptm 0.89 i_ptm 0.37 energy -4.02
71 models [1] recycles 0 hard 0 soft 1 temp 1 loss 3.81 i_con 4.53 plddt 0.37 ptm 0.88 i_ptm 0.20 energy -3.94
72 models [1] recycles 0 hard 0 soft 1 temp 1 loss 3.30 i_con 4.00 plddt 0.41 ptm 0.89 i_ptm 0.33 energy -3.83
73 models [0] recycles 0 hard 0 soft 1 temp 1 loss 3.17 i_con 3.93 plddt 0.43 ptm 0.88 i_ptm 0.31 energy -4.07
74 models [0] recycles 0 hard 0 soft 1 temp 1 loss 3.18 i_con 3.96 plddt 0.45 ptm 0.88 i_ptm 0.32 energy -4.17
75 models [1] recycles 0 hard 0 soft 1 temp 1 loss 3.09 i_con 3.90 plddt 0.44 ptm 0.89 i_ptm 0.38 energy -4.32
76 models [1] recycles 0 hard 0 soft 1 temp 1 loss 3.26 i_con 4.08 plddt 0.41 ptm 0.89 i_ptm 0.31 energy -4.39
77 models [1] recycles 0 hard 0 soft 1 temp 1 loss 3.04 i_con 3.88 plddt 0.43 ptm 0.89 i_ptm 0.39 energy -4.46
78 models [1] recycles 0 hard 0 soft 1 temp 1 loss 3.62 i_con 4.47 plddt 0.38 ptm 0.88 i_ptm 0.23 energy -4.56
79 models [0] recycles 0 hard 0 soft 1 temp 1 loss 3.27 i_con 4.14 plddt 0.43 ptm 0.87 i_ptm 0.26 energy -4.64
80 models [1] recycles 0 hard 0 soft 1 temp 1 loss 3.18 i_con 4.05 plddt 0.44 ptm 0.89 i_ptm 0.31 energy -4.63
81 models [0] recycles 0 hard 0 soft 1 temp 1 loss 3.08 i_con 3.94 plddt 0.43 ptm 0.88 i_ptm 0.31 energy -4.59
82 models [0] recycles 0 hard 0 soft 1 temp 1 loss 3.21 i_con 4.10 plddt 0.46 ptm 0.87 i_ptm 0.28 energy -4.75
83 models [1] recycles 0 hard 0 soft 1 temp 1 loss 3.15 i_con 4.05 plddt 0.42 ptm 0.89 i_ptm 0.33 energy -4.79
84 models [1] recycles 0 hard 0 soft 1 temp 1 loss 2.97 i_con 3.87 plddt 0.44 ptm 0.89 i_ptm 0.39 energy -4.76
85 models [1] recycles 0 hard 0 soft 1 temp 1 loss 3.16 i_con 4.08 plddt 0.40 ptm 0.89 i_ptm 0.29 energy -4.92
86 models [1] recycles 0 hard 0 soft 1 temp 1 loss 3.07 i_con 3.99 plddt 0.41 ptm 0.89 i_ptm 0.32 energy -4.90
87 models [1] recycles 0 hard 0 soft 1 temp 1 loss 2.98 i_con 3.90 plddt 0.46 ptm 0.89 i_ptm 0.36 energy -4.86
88 models [0] recycles 0 hard 0 soft 1 temp 1 loss 2.88 i_con 3.84 plddt 0.43 ptm 0.88 i_ptm 0.35 energy -5.08
89 models [1] recycles 0 hard 0 soft 1 temp 1 loss 3.37 i_con 4.34 plddt 0.40 ptm 0.89 i_ptm 0.25 energy -5.17
90 models [1] recycles 0 hard 0 soft 1 temp 1 loss 3.01 i_con 3.95 plddt 0.39 ptm 0.89 i_ptm 0.34 energy -5.04
91 models [0] recycles 0 hard 0 soft 1 temp 1 loss 2.85 i_con 3.85 plddt 0.42 ptm 0.88 i_ptm 0.34 energy -5.27
92 models [1] recycles 0 hard 0 soft 1 temp 1 loss 2.96 i_con 4.00 plddt 0.42 ptm 0.89 i_ptm 0.34 energy -5.46
93 models [1] recycles 0 hard 0 soft 1 temp 1 loss 3.37 i_con 4.38 plddt 0.37 ptm 0.88 i_ptm 0.23 energy -5.39
94 models [1] recycles 0 hard 0 soft 1 temp 1 loss 3.09 i_con 4.12 plddt 0.42 ptm 0.89 i_ptm 0.31 energy -5.43
95 models [0] recycles 0 hard 0 soft 1 temp 1 loss 3.01 i_con 4.04 plddt 0.43 ptm 0.87 i_ptm 0.30 energy -5.42
96 models [1] recycles 0 hard 0 soft 1 temp 1 loss 2.99 i_con 3.99 plddt 0.45 ptm 0.89 i_ptm 0.33 energy -5.27
97 models [0] recycles 0 hard 0 soft 1 temp 1 loss 2.94 i_con 3.92 plddt 0.42 ptm 0.87 i_ptm 0.34 energy -5.20
98 models [1] recycles 0 hard 0 soft 1 temp 1 loss 3.10 i_con 4.08 plddt 0.37 ptm 0.89 i_ptm 0.27 energy -5.22
99 models [1] recycles 0 hard 0 soft 1 temp 1 loss 3.12 i_con 4.10 plddt 0.41 ptm 0.89 i_ptm 0.28 energy -5.22
100 models [1] recycles 0 hard 0 soft 1 temp 1 loss 2.85 i_con 3.85 plddt 0.42 ptm 0.89 i_ptm 0.39 energy -5.31
101 models [0] recycles 0 hard 0 soft 0 temp 1 loss 5.73 i_con 7.09 plddt 0.49 ptm 0.87 i_ptm 0.12 energy -28.21
102 models [0] recycles 0 hard 0 soft 0 temp 0.98 loss 3.73 i_con 5.09 plddt 0.46 ptm 0.87 i_ptm 0.21 energy -28.27
103 models [0] recycles 0 hard 0 soft 0 temp 0.96 loss 3.64 i_con 5.00 plddt 0.45 ptm 0.87 i_ptm 0.23 energy -28.41
104 models [0] recycles 0 hard 0 soft 0 temp 0.94 loss 3.13 i_con 4.49 plddt 0.46 ptm 0.87 i_ptm 0.28 energy -28.23
105 models [1] recycles 0 hard 0 soft 0 temp 0.92 loss 4.43 i_con 5.79 plddt 0.46 ptm 0.88 i_ptm 0.11 energy -28.43
106 models [1] recycles 0 hard 0 soft 0 temp 0.90 loss 2.76 i_con 4.13 plddt 0.44 ptm 0.89 i_ptm 0.29 energy -28.45
107 models [1] recycles 0 hard 0 soft 0 temp 0.88 loss 2.87 i_con 4.26 plddt 0.45 ptm 0.89 i_ptm 0.27 energy -28.80
108 models [0] recycles 0 hard 0 soft 0 temp 0.86 loss 2.45 i_con 3.85 plddt 0.43 ptm 0.87 i_ptm 0.37 energy -29.24
109 models [1] recycles 0 hard 0 soft 0 temp 0.84 loss 2.38 i_con 3.90 plddt 0.44 ptm 0.89 i_ptm 0.36 energy -31.44
110 models [0] recycles 0 hard 0 soft 0 temp 0.82 loss 2.43 i_con 4.01 plddt 0.40 ptm 0.88 i_ptm 0.31 energy -32.68
111 models [1] recycles 0 hard 0 soft 0 temp 0.80 loss 2.16 i_con 3.81 plddt 0.48 ptm 0.89 i_ptm 0.39 energy -33.93
112 models [0] recycles 0 hard 0 soft 0 temp 0.78 loss 2.21 i_con 3.92 plddt 0.43 ptm 0.87 i_ptm 0.36 energy -35.26
113 models [0] recycles 0 hard 0 soft 0 temp 0.76 loss 1.93 i_con 3.73 plddt 0.46 ptm 0.88 i_ptm 0.42 energy -36.93
114 models [1] recycles 0 hard 0 soft 0 temp 0.74 loss 1.85 i_con 3.72 plddt 0.46 ptm 0.89 i_ptm 0.45 energy -38.47
115 models [0] recycles 0 hard 0 soft 0 temp 0.72 loss 2.04 i_con 3.93 plddt 0.43 ptm 0.88 i_ptm 0.32 energy -38.91
116 models [1] recycles 0 hard 0 soft 0 temp 0.70 loss 1.96 i_con 3.93 plddt 0.42 ptm 0.89 i_ptm 0.33 energy -40.62
117 models [0] recycles 0 hard 0 soft 0 temp 0.68 loss 1.74 i_con 3.79 plddt 0.44 ptm 0.88 i_ptm 0.41 energy -42.02
118 models [1] recycles 0 hard 0 soft 0 temp 0.66 loss 1.59 i_con 3.72 plddt 0.49 ptm 0.90 i_ptm 0.47 energy -43.64
119 models [1] recycles 0 hard 0 soft 0 temp 0.64 loss 1.32 i_con 3.53 plddt 0.53 ptm 0.90 i_ptm 0.56 energy -45.08
120 models [0] recycles 0 hard 0 soft 0 temp 0.62 loss 1.35 i_con 3.59 plddt 0.52 ptm 0.89 i_ptm 0.56 energy -45.81
121 models [0] recycles 0 hard 0 soft 0 temp 0.60 loss 1.37 i_con 3.67 plddt 0.47 ptm 0.88 i_ptm 0.50 energy -47.01
122 models [1] recycles 0 hard 0 soft 0 temp 0.58 loss 1.39 i_con 3.74 plddt 0.51 ptm 0.89 i_ptm 0.45 energy -47.95
123 models [0] recycles 0 hard 0 soft 0 temp 0.56 loss 1.25 i_con 3.65 plddt 0.50 ptm 0.88 i_ptm 0.48 energy -49.02
124 models [1] recycles 0 hard 0 soft 0 temp 0.54 loss 1.26 i_con 3.70 plddt 0.47 ptm 0.90 i_ptm 0.45 energy -49.86
125 models [1] recycles 0 hard 0 soft 0 temp 0.52 loss 0.96 i_con 3.48 plddt 0.52 ptm 0.90 i_ptm 0.55 energy -51.25
126 models [0] recycles 0 hard 0 soft 0 temp 0.50 loss 1.15 i_con 3.69 plddt 0.49 ptm 0.88 i_ptm 0.50 energy -51.80
127 models [1] recycles 0 hard 0 soft 0 temp 0.48 loss 1.05 i_con 3.65 plddt 0.48 ptm 0.90 i_ptm 0.50 energy -52.96
128 models [1] recycles 0 hard 0 soft 0 temp 0.46 loss 0.68 i_con 3.34 plddt 0.54 ptm 0.90 i_ptm 0.61 energy -54.06
129 models [0] recycles 0 hard 0 soft 0 temp 0.44 loss 0.58 i_con 3.26 plddt 0.58 ptm 0.89 i_ptm 0.64 energy -54.45
130 models [1] recycles 0 hard 0 soft 0 temp 0.42 loss 0.56 i_con 3.27 plddt 0.55 ptm 0.90 i_ptm 0.63 energy -55.16
131 models [0] recycles 0 hard 0 soft 0 temp 0.40 loss 0.75 i_con 3.46 plddt 0.52 ptm 0.88 i_ptm 0.58 energy -55.15
132 models [1] recycles 0 hard 0 soft 0 temp 0.38 loss 0.49 i_con 3.27 plddt 0.57 ptm 0.91 i_ptm 0.65 energy -56.42
133 models [0] recycles 0 hard 0 soft 0 temp 0.36 loss 0.74 i_con 3.55 plddt 0.50 ptm 0.88 i_ptm 0.53 energy -57.17
134 models [1] recycles 0 hard 0 soft 0 temp 0.34 loss 0.25 i_con 3.09 plddt 0.61 ptm 0.91 i_ptm 0.69 energy -57.62
135 models [0] recycles 0 hard 0 soft 0 temp 0.32 loss 0.57 i_con 3.47 plddt 0.54 ptm 0.88 i_ptm 0.58 energy -58.82
136 models [0] recycles 0 hard 0 soft 0 temp 0.30 loss 0.44 i_con 3.34 plddt 0.56 ptm 0.89 i_ptm 0.62 energy -58.84
137 models [0] recycles 0 hard 0 soft 0 temp 0.28 loss 0.39 i_con 3.35 plddt 0.59 ptm 0.89 i_ptm 0.64 energy -59.98
138 models [0] recycles 0 hard 0 soft 0 temp 0.26 loss 0.27 i_con 3.23 plddt 0.57 ptm 0.89 i_ptm 0.64 energy -60.10
139 models [0] recycles 0 hard 0 soft 0 temp 0.24 loss 0.29 i_con 3.30 plddt 0.55 ptm 0.89 i_ptm 0.64 energy -61.13
140 models [0] recycles 0 hard 0 soft 0 temp 0.22 loss 0.14 i_con 3.19 plddt 0.57 ptm 0.89 i_ptm 0.64 energy -61.82
141 models [0] recycles 0 hard 0 soft 0 temp 0.20 loss 0.32 i_con 3.38 plddt 0.55 ptm 0.88 i_ptm 0.59 energy -62.14
142 models [1] recycles 0 hard 0 soft 0 temp 0.18 loss -0.19 i_con 2.93 plddt 0.65 ptm 0.91 i_ptm 0.73 energy -63.15
143 models [1] recycles 0 hard 0 soft 0 temp 0.16 loss -0.53 i_con 2.66 plddt 0.68 ptm 0.91 i_ptm 0.80 energy -64.46
144 models [0] recycles 0 hard 0 soft 0 temp 0.14 loss -0.17 i_con 3.03 plddt 0.64 ptm 0.89 i_ptm 0.72 energy -64.71
145 models [0] recycles 0 hard 0 soft 0 temp 0.12 loss 0.03 i_con 3.27 plddt 0.58 ptm 0.89 i_ptm 0.63 energy -65.55
146 models [1] recycles 0 hard 0 soft 0 temp 0.10 loss -0.21 i_con 3.08 plddt 0.62 ptm 0.91 i_ptm 0.68 energy -66.48
147 models [1] recycles 0 hard 0 soft 0 temp 0.08 loss -0.27 i_con 3.03 plddt 0.62 ptm 0.91 i_ptm 0.71 energy -66.74
148 models [0] recycles 0 hard 0 soft 0 temp 0.06 loss -0.33 i_con 2.99 plddt 0.62 ptm 0.89 i_ptm 0.71 energy -67.08
149 models [0] recycles 0 hard 0 soft 0 temp 0.04 loss -0.29 i_con 3.05 plddt 0.60 ptm 0.89 i_ptm 0.67 energy -67.64
150 models [1] recycles 0 hard 0 soft 0 temp 0.02 loss -0.40 i_con 2.97 plddt 0.63 ptm 0.91 i_ptm 0.72 energy -68.19
151 models [0] recycles 0 hard 1 soft 0 temp 0.00 loss 0.79 i_con 3.76 plddt 0.43 ptm 0.88 i_ptm 0.43 energy -6.07
152 models [0] recycles 0 hard 1 soft 0 temp 0.00 loss 0.79 i_con 3.76 plddt 0.43 ptm 0.88 i_ptm 0.43 energy -6.07
153 models [0] recycles 0 hard 1 soft 0 temp 0.00 loss 0.79 i_con 3.76 plddt 0.43 ptm 0.88 i_ptm 0.43 energy -6.07
154 models [1] recycles 0 hard 1 soft 0 temp 0.00 loss 0.42 i_con 3.41 plddt 0.51 ptm 0.91 i_ptm 0.62 energy -6.07
155 models [1] recycles 0 hard 1 soft 0 temp 0.00 loss 0.42 i_con 3.41 plddt 0.51 ptm 0.91 i_ptm 0.62 energy -6.07
156 models [1] recycles 0 hard 1 soft 0 temp 0.00 loss 0.42 i_con 3.41 plddt 0.51 ptm 0.91 i_ptm 0.62 energy -6.07
157 models [0] recycles 0 hard 1 soft 0 temp 0.00 loss 0.79 i_con 3.76 plddt 0.43 ptm 0.88 i_ptm 0.43 energy -6.07
158 models [1] recycles 0 hard 1 soft 0 temp 0.00 loss 0.42 i_con 3.41 plddt 0.51 ptm 0.91 i_ptm 0.62 energy -6.07
159 models [0] recycles 0 hard 1 soft 0 temp 0.00 loss 0.79 i_con 3.76 plddt 0.43 ptm 0.88 i_ptm 0.43 energy -6.07
160 models [0] recycles 0 hard 1 soft 0 temp 0.00 loss 0.79 i_con 3.76 plddt 0.43 ptm 0.88 i_ptm 0.43 energy -6.07
161 models [0] recycles 0 hard 1 soft 0 temp 0.00 loss 0.79 i_con 3.76 plddt 0.43 ptm 0.88 i_ptm 0.43 energy -6.07
162 models [1] recycles 0 hard 1 soft 0 temp 0.00 loss 0.42 i_con 3.41 plddt 0.51 ptm 0.91 i_ptm 0.62 energy -6.07
163 models [0] recycles 0 hard 1 soft 0 temp 0.00 loss 0.79 i_con 3.76 plddt 0.43 ptm 0.88 i_ptm 0.43 energy -6.07
164 models [1] recycles 0 hard 1 soft 0 temp 0.00 loss 0.42 i_con 3.41 plddt 0.51 ptm 0.91 i_ptm 0.62 energy -6.07
165 models [1] recycles 0 hard 1 soft 0 temp 0.00 loss 0.42 i_con 3.41 plddt 0.51 ptm 0.91 i_ptm 0.62 energy -6.07
166 models [1] recycles 0 hard 1 soft 0 temp 0.00 loss 0.42 i_con 3.41 plddt 0.51 ptm 0.91 i_ptm 0.62 energy -6.07
167 models [0] recycles 0 hard 1 soft 0 temp 0.00 loss 0.79 i_con 3.76 plddt 0.43 ptm 0.88 i_ptm 0.43 energy -6.07
168 models [0] recycles 0 hard 1 soft 0 temp 0.00 loss 0.79 i_con 3.76 plddt 0.43 ptm 0.88 i_ptm 0.43 energy -6.07
169 models [1] recycles 0 hard 1 soft 0 temp 0.00 loss 0.42 i_con 3.41 plddt 0.51 ptm 0.91 i_ptm 0.62 energy -6.07
170 models [0] recycles 0 hard 1 soft 0 temp 0.00 loss 0.79 i_con 3.76 plddt 0.43 ptm 0.88 i_ptm 0.43 energy -6.07
171 models [1] recycles 0 hard 1 soft 0 temp 0.00 loss 0.42 i_con 3.41 plddt 0.51 ptm 0.91 i_ptm 0.62 energy -6.07
172 models [1] recycles 0 hard 1 soft 0 temp 0.00 loss 0.42 i_con 3.41 plddt 0.51 ptm 0.91 i_ptm 0.62 energy -6.07
173 models [0] recycles 0 hard 1 soft 0 temp 0.00 loss 0.79 i_con 3.76 plddt 0.43 ptm 0.88 i_ptm 0.43 energy -6.07
174 models [1] recycles 0 hard 1 soft 0 temp 0.00 loss 0.42 i_con 3.41 plddt 0.51 ptm 0.91 i_ptm 0.62 energy -6.07
175 models [1] recycles 0 hard 1 soft 0 temp 0.00 loss 0.42 i_con 3.41 plddt 0.51 ptm 0.91 i_ptm 0.62 energy -6.07
176 models [1] recycles 0 hard 1 soft 0 temp 0.00 loss 0.42 i_con 3.41 plddt 0.51 ptm 0.91 i_ptm 0.62 energy -6.07
177 models [0] recycles 0 hard 1 soft 0 temp 0.00 loss 0.79 i_con 3.76 plddt 0.43 ptm 0.88 i_ptm 0.43 energy -6.07
178 models [1] recycles 0 hard 1 soft 0 temp 0.00 loss 0.42 i_con 3.41 plddt 0.51 ptm 0.91 i_ptm 0.62 energy -6.07
179 models [1] recycles 0 hard 1 soft 0 temp 0.00 loss 0.42 i_con 3.41 plddt 0.51 ptm 0.91 i_ptm 0.62 energy -6.07
180 models [0] recycles 0 hard 1 soft 0 temp 0.00 loss 0.79 i_con 3.76 plddt 0.43 ptm 0.88 i_ptm 0.43 energy -6.07
  seq=LWSGPALEVLYYLFC  loss=0.7873  loss_af=3.8218  energy=-6.0690  i_ptm=0.4296
[3/20] seed=2 ...
1 models [0] recycles 0 hard 0 soft 1 temp 1 loss 7.94 i_con 7.52 plddt 0.55 ptm 0.87 i_ptm 0.12 energy 7.37
2 models [1] recycles 0 hard 0 soft 1 temp 1 loss 7.75 i_con 7.34 plddt 0.54 ptm 0.88 i_ptm 0.10 energy 7.15
3 models [0] recycles 0 hard 0 soft 1 temp 1 loss 7.95 i_con 7.56 plddt 0.57 ptm 0.86 i_ptm 0.12 energy 6.87
4 models [1] recycles 0 hard 0 soft 1 temp 1 loss 7.71 i_con 7.34 plddt 0.57 ptm 0.88 i_ptm 0.09 energy 6.61
5 models [0] recycles 0 hard 0 soft 1 temp 1 loss 7.63 i_con 7.28 plddt 0.59 ptm 0.86 i_ptm 0.12 energy 6.27
6 models [1] recycles 0 hard 0 soft 1 temp 1 loss 7.35 i_con 7.00 plddt 0.50 ptm 0.88 i_ptm 0.09 energy 6.03
7 models [0] recycles 0 hard 0 soft 1 temp 1 loss 7.20 i_con 6.86 plddt 0.45 ptm 0.86 i_ptm 0.12 energy 5.78
8 models [1] recycles 0 hard 0 soft 1 temp 1 loss 6.98 i_con 6.64 plddt 0.50 ptm 0.88 i_ptm 0.09 energy 5.64
9 models [0] recycles 0 hard 0 soft 1 temp 1 loss 6.16 i_con 5.83 plddt 0.46 ptm 0.86 i_ptm 0.13 energy 5.52
10 models [0] recycles 0 hard 0 soft 1 temp 1 loss 5.56 i_con 5.22 plddt 0.40 ptm 0.87 i_ptm 0.14 energy 5.55
11 models [1] recycles 0 hard 0 soft 1 temp 1 loss 6.08 i_con 5.74 plddt 0.46 ptm 0.88 i_ptm 0.09 energy 5.66
12 models [0] recycles 0 hard 0 soft 1 temp 1 loss 5.45 i_con 5.10 plddt 0.40 ptm 0.86 i_ptm 0.12 energy 5.82
13 models [0] recycles 0 hard 0 soft 1 temp 1 loss 5.24 i_con 4.91 plddt 0.36 ptm 0.86 i_ptm 0.14 energy 5.46
14 models [0] recycles 0 hard 0 soft 1 temp 1 loss 5.26 i_con 4.95 plddt 0.42 ptm 0.87 i_ptm 0.12 energy 5.05
15 models [0] recycles 0 hard 0 soft 1 temp 1 loss 5.27 i_con 4.97 plddt 0.38 ptm 0.86 i_ptm 0.12 energy 4.75
16 models [1] recycles 0 hard 0 soft 1 temp 1 loss 5.86 i_con 5.56 plddt 0.44 ptm 0.88 i_ptm 0.09 energy 4.89
17 models [1] recycles 0 hard 0 soft 1 temp 1 loss 5.37 i_con 5.05 plddt 0.37 ptm 0.88 i_ptm 0.13 energy 4.96
18 models [0] recycles 0 hard 0 soft 1 temp 1 loss 4.74 i_con 4.43 plddt 0.42 ptm 0.87 i_ptm 0.17 energy 5.04
19 models [0] recycles 0 hard 0 soft 1 temp 1 loss 4.89 i_con 4.61 plddt 0.39 ptm 0.87 i_ptm 0.13 energy 4.45
20 models [0] recycles 0 hard 0 soft 1 temp 1 loss 5.06 i_con 4.79 plddt 0.38 ptm 0.87 i_ptm 0.15 energy 4.13
21 models [0] recycles 0 hard 0 soft 1 temp 1 loss 4.79 i_con 4.52 plddt 0.35 ptm 0.86 i_ptm 0.18 energy 4.02
22 models [0] recycles 0 hard 0 soft 1 temp 1 loss 4.93 i_con 4.69 plddt 0.36 ptm 0.87 i_ptm 0.15 energy 3.48
23 models [1] recycles 0 hard 0 soft 1 temp 1 loss 5.63 i_con 5.42 plddt 0.43 ptm 0.88 i_ptm 0.09 energy 3.03
24 models [1] recycles 0 hard 0 soft 1 temp 1 loss 5.82 i_con 5.61 plddt 0.46 ptm 0.88 i_ptm 0.08 energy 3.14
25 models [0] recycles 0 hard 0 soft 1 temp 1 loss 4.74 i_con 4.52 plddt 0.37 ptm 0.87 i_ptm 0.17 energy 3.16
26 models [1] recycles 0 hard 0 soft 1 temp 1 loss 6.00 i_con 5.82 plddt 0.44 ptm 0.88 i_ptm 0.08 energy 2.65
27 models [0] recycles 0 hard 0 soft 1 temp 1 loss 4.65 i_con 4.45 plddt 0.39 ptm 0.87 i_ptm 0.21 energy 2.73
28 models [0] recycles 0 hard 0 soft 1 temp 1 loss 4.63 i_con 4.45 plddt 0.37 ptm 0.87 i_ptm 0.17 energy 2.46
29 models [0] recycles 0 hard 0 soft 1 temp 1 loss 4.85 i_con 4.68 plddt 0.38 ptm 0.86 i_ptm 0.14 energy 2.25
30 models [0] recycles 0 hard 0 soft 1 temp 1 loss 4.59 i_con 4.43 plddt 0.37 ptm 0.87 i_ptm 0.20 energy 1.94
31 models [1] recycles 0 hard 0 soft 1 temp 1 loss 5.68 i_con 5.52 plddt 0.40 ptm 0.88 i_ptm 0.09 energy 2.04
32 models [1] recycles 0 hard 0 soft 1 temp 1 loss 5.37 i_con 5.21 plddt 0.36 ptm 0.88 i_ptm 0.09 energy 2.07
33 models [0] recycles 0 hard 0 soft 1 temp 1 loss 4.46 i_con 4.30 plddt 0.39 ptm 0.87 i_ptm 0.20 energy 1.95
34 models [1] recycles 0 hard 0 soft 1 temp 1 loss 5.96 i_con 5.83 plddt 0.46 ptm 0.88 i_ptm 0.09 energy 1.51
35 models [1] recycles 0 hard 0 soft 1 temp 1 loss 5.27 i_con 5.14 plddt 0.41 ptm 0.88 i_ptm 0.10 energy 1.43
36 models [0] recycles 0 hard 0 soft 1 temp 1 loss 5.04 i_con 4.91 plddt 0.37 ptm 0.86 i_ptm 0.13 energy 1.31
37 models [0] recycles 0 hard 0 soft 1 temp 1 loss 4.63 i_con 4.50 plddt 0.38 ptm 0.87 i_ptm 0.18 energy 1.42
38 models [0] recycles 0 hard 0 soft 1 temp 1 loss 4.56 i_con 4.44 plddt 0.36 ptm 0.87 i_ptm 0.19 energy 1.12
39 models [0] recycles 0 hard 0 soft 1 temp 1 loss 4.56 i_con 4.43 plddt 0.40 ptm 0.87 i_ptm 0.24 energy 1.33
40 models [1] recycles 0 hard 0 soft 1 temp 1 loss 5.36 i_con 5.25 plddt 0.39 ptm 0.88 i_ptm 0.10 energy 0.84
41 models [0] recycles 0 hard 0 soft 1 temp 1 loss 4.57 i_con 4.46 plddt 0.37 ptm 0.87 i_ptm 0.21 energy 0.88
42 models [1] recycles 0 hard 0 soft 1 temp 1 loss 5.03 i_con 4.92 plddt 0.34 ptm 0.88 i_ptm 0.13 energy 0.99
43 models [0] recycles 0 hard 0 soft 1 temp 1 loss 4.57 i_con 4.45 plddt 0.38 ptm 0.87 i_ptm 0.23 energy 1.04
44 models [1] recycles 0 hard 0 soft 1 temp 1 loss 5.03 i_con 4.92 plddt 0.34 ptm 0.88 i_ptm 0.12 energy 0.78
45 models [0] recycles 0 hard 0 soft 1 temp 1 loss 4.45 i_con 4.35 plddt 0.38 ptm 0.87 i_ptm 0.25 energy 0.72
46 models [0] recycles 0 hard 0 soft 1 temp 1 loss 4.37 i_con 4.29 plddt 0.40 ptm 0.87 i_ptm 0.22 energy 0.57
47 models [1] recycles 0 hard 0 soft 1 temp 1 loss 4.80 i_con 4.72 plddt 0.32 ptm 0.88 i_ptm 0.16 energy 0.21
48 models [1] recycles 0 hard 0 soft 1 temp 1 loss 4.69 i_con 4.61 plddt 0.35 ptm 0.88 i_ptm 0.21 energy 0.45
49 models [1] recycles 0 hard 0 soft 1 temp 1 loss 4.71 i_con 4.64 plddt 0.38 ptm 0.88 i_ptm 0.23 energy 0.29
50 models [1] recycles 0 hard 0 soft 1 temp 1 loss 4.72 i_con 4.64 plddt 0.38 ptm 0.88 i_ptm 0.20 energy 0.41
51 models [0] recycles 0 hard 0 soft 1 temp 1 loss 4.34 i_con 4.21 plddt 0.39 ptm 0.87 i_ptm 0.25 energy 0.34
52 models [0] recycles 0 hard 0 soft 1 temp 1 loss 4.28 i_con 4.28 plddt 0.39 ptm 0.87 i_ptm 0.22 energy -0.31
53 models [1] recycles 0 hard 0 soft 1 temp 1 loss 4.61 i_con 4.66 plddt 0.35 ptm 0.88 i_ptm 0.18 energy -0.54
54 models [1] recycles 0 hard 0 soft 1 temp 1 loss 4.25 i_con 4.41 plddt 0.37 ptm 0.88 i_ptm 0.21 energy -1.14
55 models [0] recycles 0 hard 0 soft 1 temp 1 loss 4.06 i_con 4.31 plddt 0.38 ptm 0.87 i_ptm 0.23 energy -1.58
56 models [1] recycles 0 hard 0 soft 1 temp 1 loss 4.60 i_con 4.90 plddt 0.34 ptm 0.88 i_ptm 0.15 energy -1.81
57 models [1] recycles 0 hard 0 soft 1 temp 1 loss 4.43 i_con 4.81 plddt 0.36 ptm 0.88 i_ptm 0.16 energy -2.20
58 models [0] recycles 0 hard 0 soft 1 temp 1 loss 3.54 i_con 3.95 plddt 0.40 ptm 0.87 i_ptm 0.30 energy -2.34
59 models [0] recycles 0 hard 0 soft 1 temp 1 loss 3.49 i_con 3.96 plddt 0.44 ptm 0.87 i_ptm 0.33 energy -2.62
60 models [1] recycles 0 hard 0 soft 1 temp 1 loss 3.63 i_con 4.14 plddt 0.43 ptm 0.89 i_ptm 0.29 energy -2.82
61 models [1] recycles 0 hard 0 soft 1 temp 1 loss 3.61 i_con 4.15 plddt 0.42 ptm 0.89 i_ptm 0.30 energy -2.99
62 models [1] recycles 0 hard 0 soft 1 temp 1 loss 3.83 i_con 4.40 plddt 0.39 ptm 0.89 i_ptm 0.22 energy -3.12
63 models [0] recycles 0 hard 0 soft 1 temp 1 loss 3.34 i_con 3.91 plddt 0.44 ptm 0.87 i_ptm 0.33 energy -3.13
64 models [1] recycles 0 hard 0 soft 1 temp 1 loss 3.61 i_con 4.23 plddt 0.41 ptm 0.89 i_ptm 0.27 energy -3.41
65 models [1] recycles 0 hard 0 soft 1 temp 1 loss 3.60 i_con 4.22 plddt 0.41 ptm 0.89 i_ptm 0.27 energy -3.44
66 models [0] recycles 0 hard 0 soft 1 temp 1 loss 3.20 i_con 3.85 plddt 0.41 ptm 0.88 i_ptm 0.36 energy -3.56
67 models [0] recycles 0 hard 0 soft 1 temp 1 loss 3.31 i_con 4.00 plddt 0.44 ptm 0.87 i_ptm 0.32 energy -3.71
68 models [1] recycles 0 hard 0 soft 1 temp 1 loss 3.18 i_con 3.92 plddt 0.45 ptm 0.89 i_ptm 0.35 energy -3.96
69 models [0] recycles 0 hard 0 soft 1 temp 1 loss 3.23 i_con 3.99 plddt 0.45 ptm 0.87 i_ptm 0.34 energy -4.06
70 models [1] recycles 0 hard 0 soft 1 temp 1 loss 3.46 i_con 4.25 plddt 0.40 ptm 0.89 i_ptm 0.27 energy -4.25
71 models [1] recycles 0 hard 0 soft 1 temp 1 loss 3.27 i_con 4.03 plddt 0.41 ptm 0.89 i_ptm 0.34 energy -4.12
72 models [1] recycles 0 hard 0 soft 1 temp 1 loss 3.16 i_con 3.94 plddt 0.43 ptm 0.89 i_ptm 0.37 energy -4.18
73 models [1] recycles 0 hard 0 soft 1 temp 1 loss 3.32 i_con 4.10 plddt 0.41 ptm 0.89 i_ptm 0.32 energy -4.20
74 models [1] recycles 0 hard 0 soft 1 temp 1 loss 3.26 i_con 4.07 plddt 0.42 ptm 0.89 i_ptm 0.32 energy -4.33
75 models [0] recycles 0 hard 0 soft 1 temp 1 loss 3.12 i_con 3.92 plddt 0.43 ptm 0.88 i_ptm 0.36 energy -4.29
76 models [1] recycles 0 hard 0 soft 1 temp 1 loss 3.31 i_con 4.14 plddt 0.43 ptm 0.89 i_ptm 0.31 energy -4.44
77 models [0] recycles 0 hard 0 soft 1 temp 1 loss 3.03 i_con 3.85 plddt 0.44 ptm 0.88 i_ptm 0.36 energy -4.40
78 models [0] recycles 0 hard 0 soft 1 temp 1 loss 3.14 i_con 3.99 plddt 0.43 ptm 0.87 i_ptm 0.32 energy -4.55
79 models [0] recycles 0 hard 0 soft 1 temp 1 loss 3.01 i_con 3.88 plddt 0.42 ptm 0.87 i_ptm 0.36 energy -4.65
80 models [1] recycles 0 hard 0 soft 1 temp 1 loss 3.09 i_con 3.99 plddt 0.41 ptm 0.89 i_ptm 0.34 energy -4.79
81 models [1] recycles 0 hard 0 soft 1 temp 1 loss 3.20 i_con 4.08 plddt 0.42 ptm 0.89 i_ptm 0.34 energy -4.70
82 models [1] recycles 0 hard 0 soft 1 temp 1 loss 3.24 i_con 4.11 plddt 0.40 ptm 0.89 i_ptm 0.29 energy -4.66
83 models [0] recycles 0 hard 0 soft 1 temp 1 loss 2.98 i_con 3.86 plddt 0.43 ptm 0.87 i_ptm 0.36 energy -4.71
84 models [1] recycles 0 hard 0 soft 1 temp 1 loss 3.24 i_con 4.15 plddt 0.42 ptm 0.89 i_ptm 0.30 energy -4.84
85 models [0] recycles 0 hard 0 soft 1 temp 1 loss 3.01 i_con 3.90 plddt 0.42 ptm 0.87 i_ptm 0.37 energy -4.72
86 models [0] recycles 0 hard 0 soft 1 temp 1 loss 3.14 i_con 4.05 plddt 0.42 ptm 0.87 i_ptm 0.33 energy -4.84
87 models [0] recycles 0 hard 0 soft 1 temp 1 loss 3.07 i_con 4.00 plddt 0.44 ptm 0.87 i_ptm 0.34 energy -4.95
88 models [0] recycles 0 hard 0 soft 1 temp 1 loss 3.01 i_con 3.95 plddt 0.42 ptm 0.88 i_ptm 0.37 energy -4.99
89 models [1] recycles 0 hard 0 soft 1 temp 1 loss 3.12 i_con 4.05 plddt 0.42 ptm 0.89 i_ptm 0.33 energy -4.94
90 models [1] recycles 0 hard 0 soft 1 temp 1 loss 2.86 i_con 3.78 plddt 0.46 ptm 0.89 i_ptm 0.42 energy -4.83
91 models [1] recycles 0 hard 0 soft 1 temp 1 loss 2.95 i_con 3.86 plddt 0.42 ptm 0.89 i_ptm 0.38 energy -4.88
92 models [0] recycles 0 hard 0 soft 1 temp 1 loss 3.13 i_con 4.06 plddt 0.39 ptm 0.88 i_ptm 0.33 energy -4.94
93 models [1] recycles 0 hard 0 soft 1 temp 1 loss 3.06 i_con 4.01 plddt 0.43 ptm 0.89 i_ptm 0.34 energy -5.02
94 models [0] recycles 0 hard 0 soft 1 temp 1 loss 3.00 i_con 3.94 plddt 0.43 ptm 0.87 i_ptm 0.34 energy -4.97
95 models [0] recycles 0 hard 0 soft 1 temp 1 loss 3.16 i_con 4.13 plddt 0.41 ptm 0.87 i_ptm 0.31 energy -5.16
96 models [1] recycles 0 hard 0 soft 1 temp 1 loss 3.22 i_con 4.17 plddt 0.42 ptm 0.89 i_ptm 0.29 energy -5.06
97 models [1] recycles 0 hard 0 soft 1 temp 1 loss 3.09 i_con 4.02 plddt 0.41 ptm 0.89 i_ptm 0.34 energy -4.94
98 models [0] recycles 0 hard 0 soft 1 temp 1 loss 3.28 i_con 4.17 plddt 0.41 ptm 0.87 i_ptm 0.29 energy -4.73
99 models [1] recycles 0 hard 0 soft 1 temp 1 loss 3.19 i_con 4.14 plddt 0.45 ptm 0.89 i_ptm 0.32 energy -5.03
100 models [1] recycles 0 hard 0 soft 1 temp 1 loss 3.24 i_con 4.19 plddt 0.44 ptm 0.89 i_ptm 0.30 energy -5.06
101 models [1] recycles 0 hard 0 soft 0 temp 1 loss 5.55 i_con 6.85 plddt 0.45 ptm 0.88 i_ptm 0.09 energy -27.14
102 models [0] recycles 0 hard 0 soft 0 temp 0.98 loss 4.37 i_con 5.66 plddt 0.42 ptm 0.87 i_ptm 0.14 energy -26.96
103 models [0] recycles 0 hard 0 soft 0 temp 0.96 loss 3.14 i_con 4.42 plddt 0.39 ptm 0.87 i_ptm 0.26 energy -26.81
104 models [1] recycles 0 hard 0 soft 0 temp 0.94 loss 3.71 i_con 5.02 plddt 0.38 ptm 0.88 i_ptm 0.12 energy -27.31
105 models [1] recycles 0 hard 0 soft 0 temp 0.92 loss 2.86 i_con 4.15 plddt 0.43 ptm 0.89 i_ptm 0.32 energy -27.02
106 models [0] recycles 0 hard 0 soft 0 temp 0.90 loss 2.61 i_con 3.94 plddt 0.42 ptm 0.87 i_ptm 0.35 energy -27.65
107 models [0] recycles 0 hard 0 soft 0 temp 0.88 loss 2.60 i_con 4.00 plddt 0.41 ptm 0.87 i_ptm 0.30 energy -29.28
108 models [0] recycles 0 hard 0 soft 0 temp 0.86 loss 2.44 i_con 3.93 plddt 0.41 ptm 0.87 i_ptm 0.32 energy -30.96
109 models [0] recycles 0 hard 0 soft 0 temp 0.84 loss 2.40 i_con 3.98 plddt 0.46 ptm 0.88 i_ptm 0.37 energy -32.73
110 models [0] recycles 0 hard 0 soft 0 temp 0.82 loss 2.18 i_con 3.82 plddt 0.47 ptm 0.88 i_ptm 0.43 energy -33.77
111 models [1] recycles 0 hard 0 soft 0 temp 0.80 loss 2.26 i_con 3.94 plddt 0.42 ptm 0.89 i_ptm 0.33 energy -34.73
112 models [1] recycles 0 hard 0 soft 0 temp 0.78 loss 2.02 i_con 3.73 plddt 0.50 ptm 0.89 i_ptm 0.45 energy -35.11
113 models [1] recycles 0 hard 0 soft 0 temp 0.76 loss 1.89 i_con 3.66 plddt 0.50 ptm 0.89 i_ptm 0.41 energy -36.44
114 models [1] recycles 0 hard 0 soft 0 temp 0.74 loss 1.90 i_con 3.72 plddt 0.48 ptm 0.89 i_ptm 0.46 energy -37.50
115 models [1] recycles 0 hard 0 soft 0 temp 0.72 loss 1.81 i_con 3.69 plddt 0.48 ptm 0.90 i_ptm 0.45 energy -38.56
116 models [0] recycles 0 hard 0 soft 0 temp 0.70 loss 1.82 i_con 3.73 plddt 0.49 ptm 0.88 i_ptm 0.47 energy -39.24
117 models [1] recycles 0 hard 0 soft 0 temp 0.68 loss 1.68 i_con 3.66 plddt 0.46 ptm 0.90 i_ptm 0.48 energy -40.59
118 models [1] recycles 0 hard 0 soft 0 temp 0.66 loss 1.82 i_con 3.85 plddt 0.46 ptm 0.89 i_ptm 0.40 energy -41.60
119 models [1] recycles 0 hard 0 soft 0 temp 0.64 loss 1.47 i_con 3.57 plddt 0.49 ptm 0.90 i_ptm 0.52 energy -43.04
120 models [1] recycles 0 hard 0 soft 0 temp 0.62 loss 1.48 i_con 3.66 plddt 0.49 ptm 0.90 i_ptm 0.46 energy -44.63
121 models [0] recycles 0 hard 0 soft 0 temp 0.60 loss 1.40 i_con 3.64 plddt 0.49 ptm 0.88 i_ptm 0.48 energy -45.89
122 models [0] recycles 0 hard 0 soft 0 temp 0.58 loss 1.24 i_con 3.54 plddt 0.56 ptm 0.88 i_ptm 0.52 energy -46.90
123 models [0] recycles 0 hard 0 soft 0 temp 0.56 loss 1.25 i_con 3.58 plddt 0.51 ptm 0.88 i_ptm 0.50 energy -47.46
124 models [0] recycles 0 hard 0 soft 0 temp 0.54 loss 1.18 i_con 3.56 plddt 0.53 ptm 0.88 i_ptm 0.51 energy -48.55
125 models [1] recycles 0 hard 0 soft 0 temp 0.52 loss 1.02 i_con 3.45 plddt 0.52 ptm 0.90 i_ptm 0.53 energy -49.71
126 models [1] recycles 0 hard 0 soft 0 temp 0.50 loss 0.83 i_con 3.33 plddt 0.57 ptm 0.90 i_ptm 0.62 energy -50.82
127 models [1] recycles 0 hard 0 soft 0 temp 0.48 loss 0.90 i_con 3.45 plddt 0.53 ptm 0.90 i_ptm 0.60 energy -51.88
128 models [1] recycles 0 hard 0 soft 0 temp 0.46 loss 1.08 i_con 3.68 plddt 0.47 ptm 0.89 i_ptm 0.46 energy -53.06
129 models [0] recycles 0 hard 0 soft 0 temp 0.44 loss 0.98 i_con 3.62 plddt 0.52 ptm 0.88 i_ptm 0.49 energy -53.92
130 models [1] recycles 0 hard 0 soft 0 temp 0.42 loss 0.76 i_con 3.45 plddt 0.57 ptm 0.90 i_ptm 0.56 energy -54.71
131 models [1] recycles 0 hard 0 soft 0 temp 0.40 loss 0.64 i_con 3.36 plddt 0.55 ptm 0.90 i_ptm 0.61 energy -55.28
132 models [1] recycles 0 hard 0 soft 0 temp 0.38 loss 0.86 i_con 3.63 plddt 0.51 ptm 0.90 i_ptm 0.50 energy -56.30
133 models [0] recycles 0 hard 0 soft 0 temp 0.36 loss 0.71 i_con 3.53 plddt 0.53 ptm 0.88 i_ptm 0.55 energy -57.27
134 models [1] recycles 0 hard 0 soft 0 temp 0.34 loss 0.68 i_con 3.52 plddt 0.52 ptm 0.90 i_ptm 0.52 energy -57.77
135 models [0] recycles 0 hard 0 soft 0 temp 0.32 loss 0.72 i_con 3.61 plddt 0.52 ptm 0.88 i_ptm 0.48 energy -58.88
136 models [0] recycles 0 hard 0 soft 0 temp 0.30 loss 0.83 i_con 3.75 plddt 0.47 ptm 0.88 i_ptm 0.43 energy -59.53
137 models [1] recycles 0 hard 0 soft 0 temp 0.28 loss 0.46 i_con 3.44 plddt 0.52 ptm 0.90 i_ptm 0.56 energy -60.63
138 models [0] recycles 0 hard 0 soft 0 temp 0.26 loss 0.53 i_con 3.52 plddt 0.49 ptm 0.88 i_ptm 0.55 energy -60.96
139 models [0] recycles 0 hard 0 soft 0 temp 0.24 loss 0.25 i_con 3.32 plddt 0.58 ptm 0.89 i_ptm 0.62 energy -62.17
140 models [0] recycles 0 hard 0 soft 0 temp 0.22 loss 0.23 i_con 3.35 plddt 0.57 ptm 0.89 i_ptm 0.62 energy -63.12
141 models [1] recycles 0 hard 0 soft 0 temp 0.20 loss 0.25 i_con 3.39 plddt 0.51 ptm 0.90 i_ptm 0.59 energy -63.83
142 models [1] recycles 0 hard 0 soft 0 temp 0.18 loss 0.22 i_con 3.42 plddt 0.52 ptm 0.90 i_ptm 0.57 energy -64.92
143 models [1] recycles 0 hard 0 soft 0 temp 0.16 loss 0.28 i_con 3.52 plddt 0.51 ptm 0.90 i_ptm 0.52 energy -65.79
144 models [0] recycles 0 hard 0 soft 0 temp 0.14 loss 0.27 i_con 3.56 plddt 0.50 ptm 0.88 i_ptm 0.52 energy -66.85
145 models [0] recycles 0 hard 0 soft 0 temp 0.12 loss 0.20 i_con 3.55 plddt 0.48 ptm 0.88 i_ptm 0.50 energy -68.12
146 models [1] recycles 0 hard 0 soft 0 temp 0.10 loss 0.13 i_con 3.52 plddt 0.53 ptm 0.90 i_ptm 0.56 energy -68.80
147 models [1] recycles 0 hard 0 soft 0 temp 0.08 loss -0.11 i_con 3.34 plddt 0.55 ptm 0.90 i_ptm 0.61 energy -70.04
148 models [1] recycles 0 hard 0 soft 0 temp 0.06 loss -0.45 i_con 3.07 plddt 0.60 ptm 0.91 i_ptm 0.70 energy -71.16
149 models [0] recycles 0 hard 0 soft 0 temp 0.04 loss -0.25 i_con 3.29 plddt 0.57 ptm 0.89 i_ptm 0.60 energy -71.67
150 models [1] recycles 0 hard 0 soft 0 temp 0.02 loss -0.25 i_con 3.32 plddt 0.58 ptm 0.90 i_ptm 0.61 energy -72.20
151 models [0] recycles 0 hard 1 soft 0 temp 0.00 loss 1.28 i_con 3.95 plddt 0.39 ptm 0.88 i_ptm 0.36 energy -5.46
152 models [0] recycles 0 hard 1 soft 0 temp 0.00 loss 1.28 i_con 3.95 plddt 0.39 ptm 0.88 i_ptm 0.36 energy -5.46
153 models [0] recycles 0 hard 1 soft 0 temp 0.00 loss 1.28 i_con 3.95 plddt 0.39 ptm 0.88 i_ptm 0.36 energy -5.46
154 models [0] recycles 0 hard 1 soft 0 temp 0.00 loss 1.28 i_con 3.95 plddt 0.39 ptm 0.88 i_ptm 0.36 energy -5.46
155 models [0] recycles 0 hard 1 soft 0 temp 0.00 loss 1.28 i_con 3.95 plddt 0.39 ptm 0.88 i_ptm 0.36 energy -5.46
156 models [0] recycles 0 hard 1 soft 0 temp 0.00 loss 1.28 i_con 3.95 plddt 0.39 ptm 0.88 i_ptm 0.36 energy -5.46
157 models [0] recycles 0 hard 1 soft 0 temp 0.00 loss 1.28 i_con 3.95 plddt 0.39 ptm 0.88 i_ptm 0.36 energy -5.46
158 models [0] recycles 0 hard 1 soft 0 temp 0.00 loss 1.28 i_con 3.95 plddt 0.39 ptm 0.88 i_ptm 0.36 energy -5.46
159 models [0] recycles 0 hard 1 soft 0 temp 0.00 loss 1.28 i_con 3.95 plddt 0.39 ptm 0.88 i_ptm 0.36 energy -5.46
160 models [0] recycles 0 hard 1 soft 0 temp 0.00 loss 1.28 i_con 3.95 plddt 0.39 ptm 0.88 i_ptm 0.36 energy -5.46
161 models [1] recycles 0 hard 1 soft 0 temp 0.00 loss 1.12 i_con 3.79 plddt 0.42 ptm 0.90 i_ptm 0.44 energy -5.46
162 models [1] recycles 0 hard 1 soft 0 temp 0.00 loss 1.12 i_con 3.79 plddt 0.42 ptm 0.90 i_ptm 0.44 energy -5.46
163 models [1] recycles 0 hard 1 soft 0 temp 0.00 loss 1.12 i_con 3.79 plddt 0.42 ptm 0.90 i_ptm 0.44 energy -5.46
164 models [1] recycles 0 hard 1 soft 0 temp 0.00 loss 1.12 i_con 3.79 plddt 0.42 ptm 0.90 i_ptm 0.44 energy -5.46
165 models [0] recycles 0 hard 1 soft 0 temp 0.00 loss 1.28 i_con 3.95 plddt 0.39 ptm 0.88 i_ptm 0.36 energy -5.46
166 models [1] recycles 0 hard 1 soft 0 temp 0.00 loss 1.12 i_con 3.79 plddt 0.42 ptm 0.90 i_ptm 0.44 energy -5.46
167 models [1] recycles 0 hard 1 soft 0 temp 0.00 loss 1.12 i_con 3.79 plddt 0.42 ptm 0.90 i_ptm 0.44 energy -5.46
168 models [0] recycles 0 hard 1 soft 0 temp 0.00 loss 1.28 i_con 3.95 plddt 0.39 ptm 0.88 i_ptm 0.36 energy -5.46
169 models [1] recycles 0 hard 1 soft 0 temp 0.00 loss 1.12 i_con 3.79 plddt 0.42 ptm 0.90 i_ptm 0.44 energy -5.46
170 models [1] recycles 0 hard 1 soft 0 temp 0.00 loss 1.12 i_con 3.79 plddt 0.42 ptm 0.90 i_ptm 0.44 energy -5.46
171 models [0] recycles 0 hard 1 soft 0 temp 0.00 loss 1.28 i_con 3.95 plddt 0.39 ptm 0.88 i_ptm 0.36 energy -5.46
172 models [1] recycles 0 hard 1 soft 0 temp 0.00 loss 1.12 i_con 3.79 plddt 0.42 ptm 0.90 i_ptm 0.44 energy -5.46
173 models [1] recycles 0 hard 1 soft 0 temp 0.00 loss 1.12 i_con 3.79 plddt 0.42 ptm 0.90 i_ptm 0.44 energy -5.46
174 models [1] recycles 0 hard 1 soft 0 temp 0.00 loss 1.12 i_con 3.79 plddt 0.42 ptm 0.90 i_ptm 0.44 energy -5.46
175 models [0] recycles 0 hard 1 soft 0 temp 0.00 loss 1.28 i_con 3.95 plddt 0.39 ptm 0.88 i_ptm 0.36 energy -5.46
176 models [1] recycles 0 hard 1 soft 0 temp 0.00 loss 1.12 i_con 3.79 plddt 0.42 ptm 0.90 i_ptm 0.44 energy -5.46
177 models [1] recycles 0 hard 1 soft 0 temp 0.00 loss 1.12 i_con 3.79 plddt 0.42 ptm 0.90 i_ptm 0.44 energy -5.46
178 models [1] recycles 0 hard 1 soft 0 temp 0.00 loss 1.12 i_con 3.79 plddt 0.42 ptm 0.90 i_ptm 0.44 energy -5.46
179 models [0] recycles 0 hard 1 soft 0 temp 0.00 loss 1.28 i_con 3.95 plddt 0.39 ptm 0.88 i_ptm 0.36 energy -5.46
180 models [0] recycles 0 hard 1 soft 0 temp 0.00 loss 1.28 i_con 3.95 plddt 0.39 ptm 0.88 i_ptm 0.36 energy -5.46
  seq=EIGGPALEVFLCCFC  loss=1.2782  loss_af=4.0080  energy=-5.4597  i_ptm=0.3640
[4/20] seed=3 ...
1 models [0] recycles 0 hard 0 soft 1 temp 1 loss 7.97 i_con 7.55 plddt 0.56 ptm 0.86 i_ptm 0.12 energy 7.37
2 models [1] recycles 0 hard 0 soft 1 temp 1 loss 8.09 i_con 7.69 plddt 0.55 ptm 0.88 i_ptm 0.09 energy 7.10
3 models [1] recycles 0 hard 0 soft 1 temp 1 loss 7.72 i_con 7.33 plddt 0.51 ptm 0.88 i_ptm 0.09 energy 6.71
4 models [1] recycles 0 hard 0 soft 1 temp 1 loss 7.57 i_con 7.21 plddt 0.55 ptm 0.88 i_ptm 0.08 energy 6.35
5 models [1] recycles 0 hard 0 soft 1 temp 1 loss 7.34 i_con 7.00 plddt 0.56 ptm 0.88 i_ptm 0.09 energy 5.93
6 models [0] recycles 0 hard 0 soft 1 temp 1 loss 7.20 i_con 6.88 plddt 0.54 ptm 0.86 i_ptm 0.12 energy 5.51
7 models [0] recycles 0 hard 0 soft 1 temp 1 loss 6.62 i_con 6.31 plddt 0.50 ptm 0.86 i_ptm 0.12 energy 5.11
8 models [1] recycles 0 hard 0 soft 1 temp 1 loss 6.90 i_con 6.62 plddt 0.55 ptm 0.88 i_ptm 0.09 energy 4.74
9 models [0] recycles 0 hard 0 soft 1 temp 1 loss 6.04 i_con 5.77 plddt 0.43 ptm 0.86 i_ptm 0.12 energy 4.30
10 models [0] recycles 0 hard 0 soft 1 temp 1 loss 5.90 i_con 5.63 plddt 0.42 ptm 0.86 i_ptm 0.12 energy 4.09
11 models [1] recycles 0 hard 0 soft 1 temp 1 loss 5.85 i_con 5.60 plddt 0.51 ptm 0.88 i_ptm 0.08 energy 3.99
12 models [0] recycles 0 hard 0 soft 1 temp 1 loss 5.22 i_con 4.97 plddt 0.40 ptm 0.86 i_ptm 0.13 energy 3.81
13 models [0] recycles 0 hard 0 soft 1 temp 1 loss 5.42 i_con 5.16 plddt 0.39 ptm 0.86 i_ptm 0.11 energy 3.95
14 models [0] recycles 0 hard 0 soft 1 temp 1 loss 5.04 i_con 4.77 plddt 0.39 ptm 0.87 i_ptm 0.14 energy 4.22
15 models [1] recycles 0 hard 0 soft 1 temp 1 loss 5.86 i_con 5.59 plddt 0.44 ptm 0.88 i_ptm 0.09 energy 4.28
16 models [0] recycles 0 hard 0 soft 1 temp 1 loss 4.96 i_con 4.70 plddt 0.39 ptm 0.87 i_ptm 0.16 energy 4.02
17 models [1] recycles 0 hard 0 soft 1 temp 1 loss 5.72 i_con 5.44 plddt 0.41 ptm 0.88 i_ptm 0.10 energy 4.32
18 models [1] recycles 0 hard 0 soft 1 temp 1 loss 5.28 i_con 5.03 plddt 0.37 ptm 0.88 i_ptm 0.14 energy 3.91
19 models [0] recycles 0 hard 0 soft 1 temp 1 loss 4.84 i_con 4.62 plddt 0.37 ptm 0.87 i_ptm 0.19 energy 3.08
20 models [0] recycles 0 hard 0 soft 1 temp 1 loss 5.13 i_con 4.93 plddt 0.39 ptm 0.87 i_ptm 0.15 energy 2.86
21 models [0] recycles 0 hard 0 soft 1 temp 1 loss 4.74 i_con 4.52 plddt 0.38 ptm 0.87 i_ptm 0.21 energy 3.26
22 models [0] recycles 0 hard 0 soft 1 temp 1 loss 5.14 i_con 4.95 plddt 0.38 ptm 0.87 i_ptm 0.16 energy 2.62
23 models [1] recycles 0 hard 0 soft 1 temp 1 loss 5.64 i_con 5.44 plddt 0.41 ptm 0.88 i_ptm 0.09 energy 2.83
24 models [1] recycles 0 hard 0 soft 1 temp 1 loss 5.44 i_con 5.26 plddt 0.39 ptm 0.88 i_ptm 0.12 energy 2.43
25 models [0] recycles 0 hard 0 soft 1 temp 1 loss 5.48 i_con 5.30 plddt 0.41 ptm 0.87 i_ptm 0.13 energy 2.29
26 models [1] recycles 0 hard 0 soft 1 temp 1 loss 5.29 i_con 5.12 plddt 0.39 ptm 0.88 i_ptm 0.11 energy 2.34
27 models [0] recycles 0 hard 0 soft 1 temp 1 loss 4.88 i_con 4.72 plddt 0.39 ptm 0.87 i_ptm 0.19 energy 2.15
28 models [0] recycles 0 hard 0 soft 1 temp 1 loss 4.66 i_con 4.49 plddt 0.38 ptm 0.87 i_ptm 0.24 energy 2.13
29 models [1] recycles 0 hard 0 soft 1 temp 1 loss 5.41 i_con 5.26 plddt 0.38 ptm 0.88 i_ptm 0.11 energy 1.83
30 models [1] recycles 0 hard 0 soft 1 temp 1 loss 5.52 i_con 5.39 plddt 0.39 ptm 0.88 i_ptm 0.09 energy 1.37
31 models [1] recycles 0 hard 0 soft 1 temp 1 loss 5.08 i_con 4.94 plddt 0.39 ptm 0.88 i_ptm 0.17 energy 1.58
32 models [1] recycles 0 hard 0 soft 1 temp 1 loss 5.40 i_con 5.27 plddt 0.36 ptm 0.88 i_ptm 0.09 energy 1.22
33 models [1] recycles 0 hard 0 soft 1 temp 1 loss 5.58 i_con 5.46 plddt 0.39 ptm 0.88 i_ptm 0.09 energy 1.13
34 models [1] recycles 0 hard 0 soft 1 temp 1 loss 5.21 i_con 5.07 plddt 0.36 ptm 0.88 i_ptm 0.12 energy 1.48
35 models [1] recycles 0 hard 0 soft 1 temp 1 loss 5.78 i_con 5.67 plddt 0.39 ptm 0.88 i_ptm 0.08 energy 0.92
36 models [0] recycles 0 hard 0 soft 1 temp 1 loss 4.36 i_con 4.27 plddt 0.43 ptm 0.87 i_ptm 0.26 energy 0.54
37 models [1] recycles 0 hard 0 soft 1 temp 1 loss 5.11 i_con 5.04 plddt 0.36 ptm 0.88 i_ptm 0.12 energy 0.17
38 models [0] recycles 0 hard 0 soft 1 temp 1 loss 4.37 i_con 4.30 plddt 0.38 ptm 0.87 i_ptm 0.26 energy 0.17
39 models [1] recycles 0 hard 0 soft 1 temp 1 loss 4.91 i_con 4.84 plddt 0.36 ptm 0.88 i_ptm 0.18 energy 0.07
40 models [0] recycles 0 hard 0 soft 1 temp 1 loss 5.12 i_con 5.06 plddt 0.40 ptm 0.86 i_ptm 0.14 energy -0.07
41 models [0] recycles 0 hard 0 soft 1 temp 1 loss 4.93 i_con 4.86 plddt 0.38 ptm 0.87 i_ptm 0.21 energy 0.09
42 models [1] recycles 0 hard 0 soft 1 temp 1 loss 4.82 i_con 4.76 plddt 0.36 ptm 0.88 i_ptm 0.22 energy -0.06
43 models [1] recycles 0 hard 0 soft 1 temp 1 loss 4.85 i_con 4.78 plddt 0.37 ptm 0.88 i_ptm 0.19 energy 0.11
44 models [0] recycles 0 hard 0 soft 1 temp 1 loss 4.55 i_con 4.50 plddt 0.43 ptm 0.87 i_ptm 0.26 energy -0.16
45 models [0] recycles 0 hard 0 soft 1 temp 1 loss 4.64 i_con 4.59 plddt 0.39 ptm 0.87 i_ptm 0.20 energy -0.10
46 models [1] recycles 0 hard 0 soft 1 temp 1 loss 5.20 i_con 5.16 plddt 0.41 ptm 0.88 i_ptm 0.11 energy -0.30
47 models [1] recycles 0 hard 0 soft 1 temp 1 loss 5.55 i_con 5.50 plddt 0.41 ptm 0.88 i_ptm 0.09 energy -0.22
48 models [0] recycles 0 hard 0 soft 1 temp 1 loss 4.49 i_con 4.44 plddt 0.40 ptm 0.87 i_ptm 0.23 energy -0.20
49 models [0] recycles 0 hard 0 soft 1 temp 1 loss 4.58 i_con 4.54 plddt 0.40 ptm 0.87 i_ptm 0.23 energy -0.34
50 models [1] recycles 0 hard 0 soft 1 temp 1 loss 4.91 i_con 4.86 plddt 0.35 ptm 0.88 i_ptm 0.16 energy -0.29
51 models [0] recycles 0 hard 0 soft 1 temp 1 loss 4.64 i_con 4.64 plddt 0.44 ptm 0.87 i_ptm 0.21 energy -0.30
52 models [1] recycles 0 hard 0 soft 1 temp 1 loss 5.10 i_con 5.17 plddt 0.36 ptm 0.88 i_ptm 0.11 energy -0.69
53 models [1] recycles 0 hard 0 soft 1 temp 1 loss 4.72 i_con 4.88 plddt 0.37 ptm 0.88 i_ptm 0.20 energy -1.13
54 models [1] recycles 0 hard 0 soft 1 temp 1 loss 4.13 i_con 4.35 plddt 0.37 ptm 0.89 i_ptm 0.26 energy -1.42
55 models [0] recycles 0 hard 0 soft 1 temp 1 loss 4.29 i_con 4.50 plddt 0.40 ptm 0.87 i_ptm 0.24 energy -1.39
56 models [1] recycles 0 hard 0 soft 1 temp 1 loss 4.43 i_con 4.74 plddt 0.38 ptm 0.88 i_ptm 0.19 energy -1.87
57 models [0] recycles 0 hard 0 soft 1 temp 1 loss 3.95 i_con 4.30 plddt 0.42 ptm 0.87 i_ptm 0.25 energy -2.04
58 models [1] recycles 0 hard 0 soft 1 temp 1 loss 4.14 i_con 4.51 plddt 0.36 ptm 0.88 i_ptm 0.23 energy -2.17
59 models [1] recycles 0 hard 0 soft 1 temp 1 loss 3.87 i_con 4.27 plddt 0.35 ptm 0.89 i_ptm 0.24 energy -2.33
60 models [1] recycles 0 hard 0 soft 1 temp 1 loss 4.18 i_con 4.62 plddt 0.38 ptm 0.88 i_ptm 0.22 energy -2.49
61 models [1] recycles 0 hard 0 soft 1 temp 1 loss 4.24 i_con 4.70 plddt 0.39 ptm 0.88 i_ptm 0.18 energy -2.61
62 models [1] recycles 0 hard 0 soft 1 temp 1 loss 4.16 i_con 4.63 plddt 0.35 ptm 0.88 i_ptm 0.21 energy -2.70
63 models [1] recycles 0 hard 0 soft 1 temp 1 loss 4.23 i_con 4.71 plddt 0.34 ptm 0.88 i_ptm 0.19 energy -2.74
64 models [0] recycles 0 hard 0 soft 1 temp 1 loss 4.03 i_con 4.54 plddt 0.41 ptm 0.87 i_ptm 0.22 energy -2.87
65 models [0] recycles 0 hard 0 soft 1 temp 1 loss 3.76 i_con 4.27 plddt 0.40 ptm 0.87 i_ptm 0.24 energy -2.83
66 models [1] recycles 0 hard 0 soft 1 temp 1 loss 3.92 i_con 4.47 plddt 0.35 ptm 0.89 i_ptm 0.23 energy -3.06
67 models [0] recycles 0 hard 0 soft 1 temp 1 loss 3.68 i_con 4.25 plddt 0.38 ptm 0.87 i_ptm 0.23 energy -3.18
68 models [1] recycles 0 hard 0 soft 1 temp 1 loss 4.37 i_con 4.95 plddt 0.38 ptm 0.88 i_ptm 0.14 energy -3.25
69 models [0] recycles 0 hard 0 soft 1 temp 1 loss 3.38 i_con 3.98 plddt 0.43 ptm 0.87 i_ptm 0.30 energy -3.27
70 models [1] recycles 0 hard 0 soft 1 temp 1 loss 3.75 i_con 4.39 plddt 0.36 ptm 0.89 i_ptm 0.23 energy -3.48
71 models [1] recycles 0 hard 0 soft 1 temp 1 loss 3.76 i_con 4.39 plddt 0.37 ptm 0.88 i_ptm 0.24 energy -3.50
72 models [1] recycles 0 hard 0 soft 1 temp 1 loss 3.62 i_con 4.25 plddt 0.37 ptm 0.89 i_ptm 0.24 energy -3.43
73 models [0] recycles 0 hard 0 soft 1 temp 1 loss 3.77 i_con 4.42 plddt 0.38 ptm 0.87 i_ptm 0.20 energy -3.53
74 models [0] recycles 0 hard 0 soft 1 temp 1 loss 3.37 i_con 4.02 plddt 0.39 ptm 0.87 i_ptm 0.29 energy -3.58
75 models [0] recycles 0 hard 0 soft 1 temp 1 loss 3.40 i_con 4.10 plddt 0.39 ptm 0.87 i_ptm 0.26 energy -3.81
76 models [0] recycles 0 hard 0 soft 1 temp 1 loss 3.34 i_con 4.06 plddt 0.40 ptm 0.87 i_ptm 0.24 energy -3.90
77 models [0] recycles 0 hard 0 soft 1 temp 1 loss 3.17 i_con 3.90 plddt 0.42 ptm 0.87 i_ptm 0.32 energy -3.94
78 models [1] recycles 0 hard 0 soft 1 temp 1 loss 3.40 i_con 4.15 plddt 0.38 ptm 0.88 i_ptm 0.24 energy -4.10
79 models [0] recycles 0 hard 0 soft 1 temp 1 loss 3.31 i_con 4.08 plddt 0.38 ptm 0.87 i_ptm 0.24 energy -4.12
80 models [1] recycles 0 hard 0 soft 1 temp 1 loss 3.25 i_con 4.05 plddt 0.43 ptm 0.89 i_ptm 0.31 energy -4.26
81 models [0] recycles 0 hard 0 soft 1 temp 1 loss 3.35 i_con 4.17 plddt 0.40 ptm 0.87 i_ptm 0.28 energy -4.42
82 models [1] recycles 0 hard 0 soft 1 temp 1 loss 3.85 i_con 4.67 plddt 0.35 ptm 0.88 i_ptm 0.19 energy -4.43
83 models [1] recycles 0 hard 0 soft 1 temp 1 loss 3.31 i_con 4.14 plddt 0.39 ptm 0.89 i_ptm 0.28 energy -4.49
84 models [0] recycles 0 hard 0 soft 1 temp 1 loss 3.12 i_con 4.01 plddt 0.41 ptm 0.87 i_ptm 0.29 energy -4.76
85 models [0] recycles 0 hard 0 soft 1 temp 1 loss 3.01 i_con 3.93 plddt 0.44 ptm 0.87 i_ptm 0.30 energy -4.90
86 models [1] recycles 0 hard 0 soft 1 temp 1 loss 3.67 i_con 4.60 plddt 0.36 ptm 0.88 i_ptm 0.16 energy -4.94
87 models [1] recycles 0 hard 0 soft 1 temp 1 loss 3.70 i_con 4.63 plddt 0.35 ptm 0.88 i_ptm 0.16 energy -5.00
88 models [1] recycles 0 hard 0 soft 1 temp 1 loss 3.23 i_con 4.15 plddt 0.40 ptm 0.89 i_ptm 0.24 energy -4.94
89 models [0] recycles 0 hard 0 soft 1 temp 1 loss 3.11 i_con 4.03 plddt 0.42 ptm 0.87 i_ptm 0.27 energy -4.89
90 models [0] recycles 0 hard 0 soft 1 temp 1 loss 3.00 i_con 3.98 plddt 0.38 ptm 0.87 i_ptm 0.27 energy -5.18
91 models [0] recycles 0 hard 0 soft 1 temp 1 loss 3.25 i_con 4.24 plddt 0.36 ptm 0.87 i_ptm 0.23 energy -5.24
92 models [0] recycles 0 hard 0 soft 1 temp 1 loss 3.09 i_con 4.04 plddt 0.37 ptm 0.87 i_ptm 0.25 energy -5.10
93 models [1] recycles 0 hard 0 soft 1 temp 1 loss 3.75 i_con 4.72 plddt 0.37 ptm 0.88 i_ptm 0.15 energy -5.16
94 models [1] recycles 0 hard 0 soft 1 temp 1 loss 3.05 i_con 4.04 plddt 0.41 ptm 0.89 i_ptm 0.29 energy -5.24
95 models [1] recycles 0 hard 0 soft 1 temp 1 loss 3.20 i_con 4.16 plddt 0.39 ptm 0.89 i_ptm 0.26 energy -5.12
96 models [0] recycles 0 hard 0 soft 1 temp 1 loss 3.19 i_con 4.19 plddt 0.37 ptm 0.87 i_ptm 0.25 energy -5.30
97 models [1] recycles 0 hard 0 soft 1 temp 1 loss 3.34 i_con 4.36 plddt 0.36 ptm 0.88 i_ptm 0.23 energy -5.40
98 models [1] recycles 0 hard 0 soft 1 temp 1 loss 3.18 i_con 4.19 plddt 0.37 ptm 0.89 i_ptm 0.23 energy -5.33
99 models [1] recycles 0 hard 0 soft 1 temp 1 loss 3.22 i_con 4.27 plddt 0.36 ptm 0.89 i_ptm 0.22 energy -5.57
100 models [0] recycles 0 hard 0 soft 1 temp 1 loss 3.28 i_con 4.31 plddt 0.37 ptm 0.87 i_ptm 0.22 energy -5.47
101 models [0] recycles 0 hard 0 soft 0 temp 1 loss 6.22 i_con 7.51 plddt 0.47 ptm 0.87 i_ptm 0.16 energy -26.90
102 models [0] recycles 0 hard 0 soft 0 temp 0.98 loss 4.67 i_con 5.99 plddt 0.51 ptm 0.87 i_ptm 0.13 energy -27.25
103 models [1] recycles 0 hard 0 soft 0 temp 0.96 loss 5.70 i_con 7.01 plddt 0.53 ptm 0.88 i_ptm 0.10 energy -27.11
104 models [0] recycles 0 hard 0 soft 0 temp 0.94 loss 3.56 i_con 4.85 plddt 0.42 ptm 0.87 i_ptm 0.20 energy -27.05
105 models [0] recycles 0 hard 0 soft 0 temp 0.92 loss 2.67 i_con 3.97 plddt 0.44 ptm 0.88 i_ptm 0.34 energy -27.04
106 models [1] recycles 0 hard 0 soft 0 temp 0.90 loss 3.88 i_con 5.26 plddt 0.42 ptm 0.88 i_ptm 0.11 energy -28.67
107 models [0] recycles 0 hard 0 soft 0 temp 0.88 loss 2.64 i_con 4.01 plddt 0.41 ptm 0.87 i_ptm 0.30 energy -28.48
108 models [0] recycles 0 hard 0 soft 0 temp 0.86 loss 2.58 i_con 4.00 plddt 0.43 ptm 0.87 i_ptm 0.29 energy -29.69
109 models [0] recycles 0 hard 0 soft 0 temp 0.84 loss 2.39 i_con 3.89 plddt 0.40 ptm 0.87 i_ptm 0.34 energy -31.07
110 models [1] recycles 0 hard 0 soft 0 temp 0.82 loss 2.49 i_con 4.05 plddt 0.41 ptm 0.89 i_ptm 0.30 energy -32.54
111 models [0] recycles 0 hard 0 soft 0 temp 0.80 loss 2.25 i_con 3.86 plddt 0.44 ptm 0.88 i_ptm 0.36 energy -33.23
112 models [1] recycles 0 hard 0 soft 0 temp 0.78 loss 2.39 i_con 4.07 plddt 0.43 ptm 0.89 i_ptm 0.32 energy -34.77
113 models [1] recycles 0 hard 0 soft 0 temp 0.76 loss 2.22 i_con 3.94 plddt 0.41 ptm 0.89 i_ptm 0.33 energy -35.53
114 models [1] recycles 0 hard 0 soft 0 temp 0.74 loss 1.95 i_con 3.77 plddt 0.43 ptm 0.89 i_ptm 0.37 energy -37.41
115 models [0] recycles 0 hard 0 soft 0 temp 0.72 loss 2.01 i_con 3.91 plddt 0.41 ptm 0.87 i_ptm 0.34 energy -39.19
116 models [0] recycles 0 hard 0 soft 0 temp 0.70 loss 1.86 i_con 3.84 plddt 0.43 ptm 0.87 i_ptm 0.36 energy -40.69
117 models [0] recycles 0 hard 0 soft 0 temp 0.68 loss 1.81 i_con 3.87 plddt 0.41 ptm 0.87 i_ptm 0.37 energy -42.36
118 models [1] recycles 0 hard 0 soft 0 temp 0.66 loss 1.66 i_con 3.80 plddt 0.41 ptm 0.89 i_ptm 0.38 energy -44.07
119 models [0] recycles 0 hard 0 soft 0 temp 0.64 loss 1.75 i_con 3.89 plddt 0.40 ptm 0.87 i_ptm 0.35 energy -43.91
120 models [0] recycles 0 hard 0 soft 0 temp 0.62 loss 1.44 i_con 3.67 plddt 0.50 ptm 0.88 i_ptm 0.46 energy -45.54
121 models [0] recycles 0 hard 0 soft 0 temp 0.60 loss 1.31 i_con 3.62 plddt 0.49 ptm 0.88 i_ptm 0.47 energy -47.29
122 models [0] recycles 0 hard 0 soft 0 temp 0.58 loss 1.34 i_con 3.74 plddt 0.42 ptm 0.87 i_ptm 0.39 energy -49.14
123 models [0] recycles 0 hard 0 soft 0 temp 0.56 loss 1.28 i_con 3.75 plddt 0.46 ptm 0.88 i_ptm 0.44 energy -50.49
124 models [1] recycles 0 hard 0 soft 0 temp 0.54 loss 1.17 i_con 3.70 plddt 0.47 ptm 0.89 i_ptm 0.39 energy -51.54
125 models [0] recycles 0 hard 0 soft 0 temp 0.52 loss 0.87 i_con 3.43 plddt 0.55 ptm 0.88 i_ptm 0.57 energy -52.14
126 models [0] recycles 0 hard 0 soft 0 temp 0.50 loss 1.13 i_con 3.76 plddt 0.49 ptm 0.88 i_ptm 0.44 energy -53.55
127 models [0] recycles 0 hard 0 soft 0 temp 0.48 loss 1.01 i_con 3.70 plddt 0.49 ptm 0.88 i_ptm 0.45 energy -54.66
128 models [1] recycles 0 hard 0 soft 0 temp 0.46 loss 1.26 i_con 4.01 plddt 0.44 ptm 0.89 i_ptm 0.32 energy -55.99
129 models [1] recycles 0 hard 0 soft 0 temp 0.44 loss 0.82 i_con 3.62 plddt 0.50 ptm 0.90 i_ptm 0.47 energy -57.03
130 models [1] recycles 0 hard 0 soft 0 temp 0.42 loss 0.76 i_con 3.60 plddt 0.50 ptm 0.90 i_ptm 0.48 energy -57.84
131 models [1] recycles 0 hard 0 soft 0 temp 0.40 loss 0.72 i_con 3.59 plddt 0.41 ptm 0.89 i_ptm 0.45 energy -58.63
132 models [1] recycles 0 hard 0 soft 0 temp 0.38 loss 0.56 i_con 3.47 plddt 0.54 ptm 0.90 i_ptm 0.54 energy -59.03
133 models [0] recycles 0 hard 0 soft 0 temp 0.36 loss 0.69 i_con 3.65 plddt 0.51 ptm 0.88 i_ptm 0.48 energy -60.08
134 models [0] recycles 0 hard 0 soft 0 temp 0.34 loss 0.49 i_con 3.50 plddt 0.50 ptm 0.88 i_ptm 0.50 energy -61.18
135 models [1] recycles 0 hard 0 soft 0 temp 0.32 loss 0.53 i_con 3.61 plddt 0.50 ptm 0.90 i_ptm 0.50 energy -62.50
136 models [0] recycles 0 hard 0 soft 0 temp 0.30 loss 0.44 i_con 3.53 plddt 0.53 ptm 0.88 i_ptm 0.53 energy -62.92
137 models [0] recycles 0 hard 0 soft 0 temp 0.28 loss 0.38 i_con 3.54 plddt 0.49 ptm 0.88 i_ptm 0.53 energy -64.16
138 models [0] recycles 0 hard 0 soft 0 temp 0.26 loss 0.43 i_con 3.64 plddt 0.50 ptm 0.88 i_ptm 0.48 energy -65.34
139 models [0] recycles 0 hard 0 soft 0 temp 0.24 loss 0.06 i_con 3.28 plddt 0.59 ptm 0.88 i_ptm 0.62 energy -65.27
140 models [0] recycles 0 hard 0 soft 0 temp 0.22 loss -0.16 i_con 3.13 plddt 0.61 ptm 0.89 i_ptm 0.67 energy -66.44
141 models [1] recycles 0 hard 0 soft 0 temp 0.20 loss 0.18 i_con 3.50 plddt 0.51 ptm 0.90 i_ptm 0.57 energy -67.25
142 models [1] recycles 0 hard 0 soft 0 temp 0.18 loss 0.09 i_con 3.43 plddt 0.54 ptm 0.90 i_ptm 0.60 energy -67.66
143 models [0] recycles 0 hard 0 soft 0 temp 0.16 loss -0.19 i_con 3.19 plddt 0.59 ptm 0.89 i_ptm 0.63 energy -68.33
144 models [1] recycles 0 hard 0 soft 0 temp 0.14 loss -0.39 i_con 3.01 plddt 0.61 ptm 0.91 i_ptm 0.69 energy -68.80
145 models [1] recycles 0 hard 0 soft 0 temp 0.12 loss -0.63 i_con 2.82 plddt 0.67 ptm 0.91 i_ptm 0.75 energy -69.59
146 models [0] recycles 0 hard 0 soft 0 temp 0.10 loss -0.08 i_con 3.38 plddt 0.56 ptm 0.89 i_ptm 0.60 energy -69.93
147 models [1] recycles 0 hard 0 soft 0 temp 0.08 loss -0.31 i_con 3.18 plddt 0.60 ptm 0.91 i_ptm 0.66 energy -70.69
148 models [0] recycles 0 hard 0 soft 0 temp 0.06 loss -0.05 i_con 3.45 plddt 0.51 ptm 0.89 i_ptm 0.55 energy -71.02
149 models [1] recycles 0 hard 0 soft 0 temp 0.04 loss -0.45 i_con 3.06 plddt 0.61 ptm 0.91 i_ptm 0.68 energy -71.03
150 models [1] recycles 0 hard 0 soft 0 temp 0.02 loss -0.79 i_con 2.74 plddt 0.69 ptm 0.91 i_ptm 0.77 energy -71.34
151 models [0] recycles 0 hard 1 soft 0 temp 0.00 loss 1.04 i_con 3.90 plddt 0.39 ptm 0.88 i_ptm 0.36 energy -5.85
152 models [0] recycles 0 hard 1 soft 0 temp 0.00 loss 1.04 i_con 3.90 plddt 0.39 ptm 0.88 i_ptm 0.36 energy -5.85
153 models [0] recycles 0 hard 1 soft 0 temp 0.00 loss 1.04 i_con 3.90 plddt 0.39 ptm 0.88 i_ptm 0.36 energy -5.85
154 models [0] recycles 0 hard 1 soft 0 temp 0.00 loss 1.04 i_con 3.90 plddt 0.39 ptm 0.88 i_ptm 0.36 energy -5.85
155 models [0] recycles 0 hard 1 soft 0 temp 0.00 loss 1.04 i_con 3.90 plddt 0.39 ptm 0.88 i_ptm 0.36 energy -5.85
156 models [1] recycles 0 hard 1 soft 0 temp 0.00 loss 0.67 i_con 3.55 plddt 0.46 ptm 0.90 i_ptm 0.55 energy -5.85
157 models [0] recycles 0 hard 1 soft 0 temp 0.00 loss 1.04 i_con 3.90 plddt 0.39 ptm 0.88 i_ptm 0.36 energy -5.85
158 models [1] recycles 0 hard 1 soft 0 temp 0.00 loss 0.67 i_con 3.55 plddt 0.46 ptm 0.90 i_ptm 0.55 energy -5.85
159 models [0] recycles 0 hard 1 soft 0 temp 0.00 loss 1.04 i_con 3.90 plddt 0.39 ptm 0.88 i_ptm 0.36 energy -5.85
160 models [0] recycles 0 hard 1 soft 0 temp 0.00 loss 1.04 i_con 3.90 plddt 0.39 ptm 0.88 i_ptm 0.36 energy -5.85
161 models [1] recycles 0 hard 1 soft 0 temp 0.00 loss 0.67 i_con 3.55 plddt 0.46 ptm 0.90 i_ptm 0.55 energy -5.85
162 models [0] recycles 0 hard 1 soft 0 temp 0.00 loss 1.04 i_con 3.90 plddt 0.39 ptm 0.88 i_ptm 0.36 energy -5.85
163 models [0] recycles 0 hard 1 soft 0 temp 0.00 loss 1.04 i_con 3.90 plddt 0.39 ptm 0.88 i_ptm 0.36 energy -5.85
164 models [1] recycles 0 hard 1 soft 0 temp 0.00 loss 0.67 i_con 3.55 plddt 0.46 ptm 0.90 i_ptm 0.55 energy -5.85
165 models [0] recycles 0 hard 1 soft 0 temp 0.00 loss 1.04 i_con 3.90 plddt 0.39 ptm 0.88 i_ptm 0.36 energy -5.85
166 models [0] recycles 0 hard 1 soft 0 temp 0.00 loss 1.04 i_con 3.90 plddt 0.39 ptm 0.88 i_ptm 0.36 energy -5.85
167 models [0] recycles 0 hard 1 soft 0 temp 0.00 loss 1.04 i_con 3.90 plddt 0.39 ptm 0.88 i_ptm 0.36 energy -5.85
168 models [1] recycles 0 hard 1 soft 0 temp 0.00 loss 0.67 i_con 3.55 plddt 0.46 ptm 0.90 i_ptm 0.55 energy -5.85
169 models [0] recycles 0 hard 1 soft 0 temp 0.00 loss 1.04 i_con 3.90 plddt 0.39 ptm 0.88 i_ptm 0.36 energy -5.85
170 models [0] recycles 0 hard 1 soft 0 temp 0.00 loss 1.04 i_con 3.90 plddt 0.39 ptm 0.88 i_ptm 0.36 energy -5.85
171 models [0] recycles 0 hard 1 soft 0 temp 0.00 loss 1.04 i_con 3.90 plddt 0.39 ptm 0.88 i_ptm 0.36 energy -5.85
172 models [0] recycles 0 hard 1 soft 0 temp 0.00 loss 1.04 i_con 3.90 plddt 0.39 ptm 0.88 i_ptm 0.36 energy -5.85
173 models [0] recycles 0 hard 1 soft 0 temp 0.00 loss 1.04 i_con 3.90 plddt 0.39 ptm 0.88 i_ptm 0.36 energy -5.85
174 models [1] recycles 0 hard 1 soft 0 temp 0.00 loss 0.67 i_con 3.55 plddt 0.46 ptm 0.90 i_ptm 0.55 energy -5.85
175 models [0] recycles 0 hard 1 soft 0 temp 0.00 loss 1.04 i_con 3.90 plddt 0.39 ptm 0.88 i_ptm 0.36 energy -5.85
176 models [1] recycles 0 hard 1 soft 0 temp 0.00 loss 0.67 i_con 3.55 plddt 0.46 ptm 0.90 i_ptm 0.55 energy -5.85
177 models [0] recycles 0 hard 1 soft 0 temp 0.00 loss 1.04 i_con 3.90 plddt 0.39 ptm 0.88 i_ptm 0.36 energy -5.85
178 models [1] recycles 0 hard 1 soft 0 temp 0.00 loss 0.67 i_con 3.55 plddt 0.46 ptm 0.90 i_ptm 0.55 energy -5.85
179 models [1] recycles 0 hard 1 soft 0 temp 0.00 loss 0.67 i_con 3.55 plddt 0.46 ptm 0.90 i_ptm 0.55 energy -5.85
180 models [0] recycles 0 hard 1 soft 0 temp 0.00 loss 1.04 i_con 3.90 plddt 0.39 ptm 0.88 i_ptm 0.36 energy -5.85
  seq=LWGGPAAELLYYLFC  loss=1.0384  loss_af=3.9650  energy=-5.8533  i_ptm=0.3575
[5/20] seed=4 ...
1 models [1] recycles 0 hard 0 soft 1 temp 1 loss 7.92 i_con 7.50 plddt 0.53 ptm 0.88 i_ptm 0.09 energy 7.39
2 models [1] recycles 0 hard 0 soft 1 temp 1 loss 7.70 i_con 7.31 plddt 0.53 ptm 0.88 i_ptm 0.09 energy 6.99
3 models [1] recycles 0 hard 0 soft 1 temp 1 loss 7.77 i_con 7.40 plddt 0.59 ptm 0.88 i_ptm 0.09 energy 6.61
4 models [0] recycles 0 hard 0 soft 1 temp 1 loss 7.82 i_con 7.47 plddt 0.58 ptm 0.86 i_ptm 0.14 energy 6.22
5 models [1] recycles 0 hard 0 soft 1 temp 1 loss 7.55 i_con 7.20 plddt 0.54 ptm 0.88 i_ptm 0.09 energy 5.97
6 models [0] recycles 0 hard 0 soft 1 temp 1 loss 7.46 i_con 7.13 plddt 0.50 ptm 0.86 i_ptm 0.14 energy 5.60
7 models [0] recycles 0 hard 0 soft 1 temp 1 loss 6.54 i_con 6.22 plddt 0.49 ptm 0.86 i_ptm 0.11 energy 5.37
8 models [1] recycles 0 hard 0 soft 1 temp 1 loss 6.93 i_con 6.61 plddt 0.52 ptm 0.88 i_ptm 0.08 energy 5.32
9 models [1] recycles 0 hard 0 soft 1 temp 1 loss 6.82 i_con 6.51 plddt 0.51 ptm 0.88 i_ptm 0.08 energy 5.15
10 models [1] recycles 0 hard 0 soft 1 temp 1 loss 6.49 i_con 6.19 plddt 0.48 ptm 0.88 i_ptm 0.09 energy 5.08
11 models [1] recycles 0 hard 0 soft 1 temp 1 loss 6.22 i_con 5.92 plddt 0.49 ptm 0.88 i_ptm 0.08 energy 4.96
12 models [1] recycles 0 hard 0 soft 1 temp 1 loss 5.99 i_con 5.70 plddt 0.45 ptm 0.88 i_ptm 0.08 energy 4.69
13 models [0] recycles 0 hard 0 soft 1 temp 1 loss 5.79 i_con 5.52 plddt 0.38 ptm 0.86 i_ptm 0.12 energy 4.19
14 models [0] recycles 0 hard 0 soft 1 temp 1 loss 5.28 i_con 5.03 plddt 0.40 ptm 0.86 i_ptm 0.12 energy 3.95
15 models [1] recycles 0 hard 0 soft 1 temp 1 loss 6.10 i_con 5.85 plddt 0.46 ptm 0.88 i_ptm 0.08 energy 3.85
16 models [0] recycles 0 hard 0 soft 1 temp 1 loss 4.99 i_con 4.77 plddt 0.39 ptm 0.86 i_ptm 0.11 energy 3.35
17 models [1] recycles 0 hard 0 soft 1 temp 1 loss 6.10 i_con 5.90 plddt 0.45 ptm 0.88 i_ptm 0.08 energy 2.99
18 models [0] recycles 0 hard 0 soft 1 temp 1 loss 4.98 i_con 4.79 plddt 0.37 ptm 0.87 i_ptm 0.19 energy 2.45
19 models [1] recycles 0 hard 0 soft 1 temp 1 loss 5.90 i_con 5.72 plddt 0.41 ptm 0.88 i_ptm 0.09 energy 2.36
20 models [1] recycles 0 hard 0 soft 1 temp 1 loss 5.70 i_con 5.53 plddt 0.38 ptm 0.88 i_ptm 0.08 energy 2.06
21 models [1] recycles 0 hard 0 soft 1 temp 1 loss 5.14 i_con 4.98 plddt 0.40 ptm 0.88 i_ptm 0.13 energy 1.96
22 models [0] recycles 0 hard 0 soft 1 temp 1 loss 5.03 i_con 4.88 plddt 0.35 ptm 0.87 i_ptm 0.19 energy 1.62
23 models [0] recycles 0 hard 0 soft 1 temp 1 loss 5.17 i_con 5.03 plddt 0.36 ptm 0.87 i_ptm 0.18 energy 1.56
24 models [0] recycles 0 hard 0 soft 1 temp 1 loss 4.83 i_con 4.71 plddt 0.39 ptm 0.87 i_ptm 0.15 energy 1.32
25 models [1] recycles 0 hard 0 soft 1 temp 1 loss 5.61 i_con 5.48 plddt 0.39 ptm 0.88 i_ptm 0.10 energy 1.36
26 models [1] recycles 0 hard 0 soft 1 temp 1 loss 4.91 i_con 4.78 plddt 0.35 ptm 0.88 i_ptm 0.16 energy 1.15
27 models [0] recycles 0 hard 0 soft 1 temp 1 loss 4.60 i_con 4.49 plddt 0.42 ptm 0.87 i_ptm 0.23 energy 0.93
28 models [0] recycles 0 hard 0 soft 1 temp 1 loss 4.88 i_con 4.77 plddt 0.35 ptm 0.86 i_ptm 0.16 energy 0.90
29 models [1] recycles 0 hard 0 soft 1 temp 1 loss 5.18 i_con 5.09 plddt 0.37 ptm 0.88 i_ptm 0.13 energy 0.65
30 models [1] recycles 0 hard 0 soft 1 temp 1 loss 4.99 i_con 4.94 plddt 0.38 ptm 0.88 i_ptm 0.17 energy -0.12
31 models [1] recycles 0 hard 0 soft 1 temp 1 loss 4.89 i_con 4.85 plddt 0.40 ptm 0.88 i_ptm 0.16 energy -0.40
32 models [1] recycles 0 hard 0 soft 1 temp 1 loss 4.94 i_con 4.90 plddt 0.37 ptm 0.88 i_ptm 0.16 energy -0.42
33 models [0] recycles 0 hard 0 soft 1 temp 1 loss 4.42 i_con 4.40 plddt 0.40 ptm 0.87 i_ptm 0.29 energy -0.88
34 models [1] recycles 0 hard 0 soft 1 temp 1 loss 4.74 i_con 4.74 plddt 0.37 ptm 0.88 i_ptm 0.19 energy -1.29
35 models [1] recycles 0 hard 0 soft 1 temp 1 loss 4.39 i_con 4.40 plddt 0.39 ptm 0.88 i_ptm 0.24 energy -1.53
36 models [0] recycles 0 hard 0 soft 1 temp 1 loss 4.35 i_con 4.37 plddt 0.42 ptm 0.87 i_ptm 0.26 energy -1.64
37 models [0] recycles 0 hard 0 soft 1 temp 1 loss 4.46 i_con 4.49 plddt 0.39 ptm 0.87 i_ptm 0.21 energy -1.70
38 models [0] recycles 0 hard 0 soft 1 temp 1 loss 4.36 i_con 4.39 plddt 0.42 ptm 0.87 i_ptm 0.25 energy -1.86
39 models [0] recycles 0 hard 0 soft 1 temp 1 loss 4.25 i_con 4.30 plddt 0.39 ptm 0.87 i_ptm 0.26 energy -2.33
40 models [1] recycles 0 hard 0 soft 1 temp 1 loss 4.67 i_con 4.72 plddt 0.39 ptm 0.88 i_ptm 0.22 energy -2.31
41 models [0] recycles 0 hard 0 soft 1 temp 1 loss 4.39 i_con 4.45 plddt 0.44 ptm 0.87 i_ptm 0.25 energy -2.32
42 models [0] recycles 0 hard 0 soft 1 temp 1 loss 4.26 i_con 4.31 plddt 0.42 ptm 0.87 i_ptm 0.25 energy -2.13
43 models [1] recycles 0 hard 0 soft 1 temp 1 loss 4.96 i_con 5.02 plddt 0.38 ptm 0.88 i_ptm 0.18 energy -2.36
44 models [1] recycles 0 hard 0 soft 1 temp 1 loss 4.67 i_con 4.74 plddt 0.36 ptm 0.88 i_ptm 0.19 energy -2.65
45 models [0] recycles 0 hard 0 soft 1 temp 1 loss 4.51 i_con 4.59 plddt 0.43 ptm 0.87 i_ptm 0.22 energy -2.70
46 models [1] recycles 0 hard 0 soft 1 temp 1 loss 4.33 i_con 4.40 plddt 0.36 ptm 0.89 i_ptm 0.26 energy -2.70
47 models [0] recycles 0 hard 0 soft 1 temp 1 loss 4.09 i_con 4.18 plddt 0.44 ptm 0.87 i_ptm 0.30 energy -2.92
48 models [0] recycles 0 hard 0 soft 1 temp 1 loss 4.45 i_con 4.54 plddt 0.45 ptm 0.87 i_ptm 0.23 energy -2.81
49 models [1] recycles 0 hard 0 soft 1 temp 1 loss 4.56 i_con 4.64 plddt 0.38 ptm 0.88 i_ptm 0.22 energy -2.84
50 models [0] recycles 0 hard 0 soft 1 temp 1 loss 4.05 i_con 4.13 plddt 0.40 ptm 0.87 i_ptm 0.30 energy -2.98
51 models [0] recycles 0 hard 0 soft 1 temp 1 loss 3.91 i_con 4.46 plddt 0.40 ptm 0.87 i_ptm 0.28 energy -3.04
52 models [0] recycles 0 hard 0 soft 1 temp 1 loss 3.48 i_con 4.13 plddt 0.42 ptm 0.87 i_ptm 0.33 energy -3.53
53 models [1] recycles 0 hard 0 soft 1 temp 1 loss 3.70 i_con 4.41 plddt 0.38 ptm 0.88 i_ptm 0.26 energy -3.89
54 models [1] recycles 0 hard 0 soft 1 temp 1 loss 3.81 i_con 4.57 plddt 0.34 ptm 0.88 i_ptm 0.23 energy -4.13
55 models [1] recycles 0 hard 0 soft 1 temp 1 loss 3.79 i_con 4.57 plddt 0.39 ptm 0.89 i_ptm 0.24 energy -4.24
56 models [0] recycles 0 hard 0 soft 1 temp 1 loss 3.95 i_con 4.74 plddt 0.35 ptm 0.87 i_ptm 0.20 energy -4.29
57 models [0] recycles 0 hard 0 soft 1 temp 1 loss 3.57 i_con 4.37 plddt 0.37 ptm 0.87 i_ptm 0.29 energy -4.32
58 models [0] recycles 0 hard 0 soft 1 temp 1 loss 3.58 i_con 4.43 plddt 0.37 ptm 0.87 i_ptm 0.26 energy -4.58
59 models [0] recycles 0 hard 0 soft 1 temp 1 loss 3.39 i_con 4.27 plddt 0.40 ptm 0.87 i_ptm 0.28 energy -4.68
60 models [1] recycles 0 hard 0 soft 1 temp 1 loss 3.45 i_con 4.36 plddt 0.39 ptm 0.89 i_ptm 0.26 energy -4.83
61 models [0] recycles 0 hard 0 soft 1 temp 1 loss 3.28 i_con 4.21 plddt 0.41 ptm 0.87 i_ptm 0.28 energy -4.94
62 models [0] recycles 0 hard 0 soft 1 temp 1 loss 3.33 i_con 4.27 plddt 0.39 ptm 0.87 i_ptm 0.28 energy -5.00
63 models [1] recycles 0 hard 0 soft 1 temp 1 loss 3.52 i_con 4.50 plddt 0.37 ptm 0.89 i_ptm 0.24 energy -5.21
64 models [1] recycles 0 hard 0 soft 1 temp 1 loss 3.58 i_con 4.59 plddt 0.38 ptm 0.88 i_ptm 0.22 energy -5.34
65 models [0] recycles 0 hard 0 soft 1 temp 1 loss 3.50 i_con 4.49 plddt 0.40 ptm 0.87 i_ptm 0.27 energy -5.22
66 models [0] recycles 0 hard 0 soft 1 temp 1 loss 3.26 i_con 4.26 plddt 0.43 ptm 0.87 i_ptm 0.27 energy -5.29
67 models [1] recycles 0 hard 0 soft 1 temp 1 loss 3.64 i_con 4.66 plddt 0.38 ptm 0.88 i_ptm 0.21 energy -5.41
68 models [1] recycles 0 hard 0 soft 1 temp 1 loss 3.44 i_con 4.46 plddt 0.32 ptm 0.88 i_ptm 0.25 energy -5.43
69 models [1] recycles 0 hard 0 soft 1 temp 1 loss 3.28 i_con 4.32 plddt 0.37 ptm 0.89 i_ptm 0.29 energy -5.53
70 models [1] recycles 0 hard 0 soft 1 temp 1 loss 3.18 i_con 4.23 plddt 0.36 ptm 0.89 i_ptm 0.31 energy -5.59
71 models [0] recycles 0 hard 0 soft 1 temp 1 loss 3.21 i_con 4.29 plddt 0.37 ptm 0.87 i_ptm 0.25 energy -5.73
72 models [1] recycles 0 hard 0 soft 1 temp 1 loss 3.17 i_con 4.28 plddt 0.36 ptm 0.89 i_ptm 0.25 energy -5.87
73 models [1] recycles 0 hard 0 soft 1 temp 1 loss 3.19 i_con 4.30 plddt 0.37 ptm 0.89 i_ptm 0.28 energy -5.83
74 models [0] recycles 0 hard 0 soft 1 temp 1 loss 3.44 i_con 4.56 plddt 0.40 ptm 0.87 i_ptm 0.24 energy -5.91
75 models [0] recycles 0 hard 0 soft 1 temp 1 loss 3.14 i_con 4.29 plddt 0.43 ptm 0.87 i_ptm 0.25 energy -6.06
76 models [0] recycles 0 hard 0 soft 1 temp 1 loss 3.02 i_con 4.21 plddt 0.44 ptm 0.87 i_ptm 0.32 energy -6.19
77 models [0] recycles 0 hard 0 soft 1 temp 1 loss 3.24 i_con 4.41 plddt 0.41 ptm 0.87 i_ptm 0.22 energy -6.14
78 models [0] recycles 0 hard 0 soft 1 temp 1 loss 3.04 i_con 4.22 plddt 0.41 ptm 0.87 i_ptm 0.30 energy -6.17
79 models [1] recycles 0 hard 0 soft 1 temp 1 loss 3.06 i_con 4.23 plddt 0.40 ptm 0.89 i_ptm 0.29 energy -6.19
80 models [1] recycles 0 hard 0 soft 1 temp 1 loss 2.96 i_con 4.13 plddt 0.40 ptm 0.89 i_ptm 0.31 energy -6.18
81 models [0] recycles 0 hard 0 soft 1 temp 1 loss 3.02 i_con 4.21 plddt 0.42 ptm 0.87 i_ptm 0.29 energy -6.24
82 models [0] recycles 0 hard 0 soft 1 temp 1 loss 3.16 i_con 4.38 plddt 0.38 ptm 0.87 i_ptm 0.26 energy -6.37
83 models [1] recycles 0 hard 0 soft 1 temp 1 loss 2.95 i_con 4.15 plddt 0.42 ptm 0.89 i_ptm 0.30 energy -6.29
84 models [0] recycles 0 hard 0 soft 1 temp 1 loss 2.92 i_con 4.14 plddt 0.41 ptm 0.87 i_ptm 0.34 energy -6.38
85 models [1] recycles 0 hard 0 soft 1 temp 1 loss 3.19 i_con 4.42 plddt 0.37 ptm 0.89 i_ptm 0.26 energy -6.46
86 models [0] recycles 0 hard 0 soft 1 temp 1 loss 3.16 i_con 4.40 plddt 0.41 ptm 0.87 i_ptm 0.23 energy -6.51
87 models [1] recycles 0 hard 0 soft 1 temp 1 loss 3.24 i_con 4.47 plddt 0.36 ptm 0.88 i_ptm 0.24 energy -6.47
88 models [1] recycles 0 hard 0 soft 1 temp 1 loss 3.08 i_con 4.32 plddt 0.37 ptm 0.89 i_ptm 0.28 energy -6.47
89 models [0] recycles 0 hard 0 soft 1 temp 1 loss 2.94 i_con 4.21 plddt 0.41 ptm 0.87 i_ptm 0.28 energy -6.68
90 models [0] recycles 0 hard 0 soft 1 temp 1 loss 3.27 i_con 4.54 plddt 0.40 ptm 0.87 i_ptm 0.23 energy -6.64
91 models [1] recycles 0 hard 0 soft 1 temp 1 loss 3.07 i_con 4.36 plddt 0.37 ptm 0.89 i_ptm 0.26 energy -6.75
92 models [0] recycles 0 hard 0 soft 1 temp 1 loss 3.07 i_con 4.34 plddt 0.42 ptm 0.87 i_ptm 0.26 energy -6.64
93 models [1] recycles 0 hard 0 soft 1 temp 1 loss 3.01 i_con 4.28 plddt 0.39 ptm 0.88 i_ptm 0.25 energy -6.64
94 models [0] recycles 0 hard 0 soft 1 temp 1 loss 3.03 i_con 4.30 plddt 0.40 ptm 0.87 i_ptm 0.25 energy -6.62
95 models [1] recycles 0 hard 0 soft 1 temp 1 loss 3.26 i_con 4.51 plddt 0.35 ptm 0.88 i_ptm 0.24 energy -6.61
96 models [1] recycles 0 hard 0 soft 1 temp 1 loss 3.21 i_con 4.49 plddt 0.37 ptm 0.88 i_ptm 0.25 energy -6.70
97 models [0] recycles 0 hard 0 soft 1 temp 1 loss 3.06 i_con 4.33 plddt 0.42 ptm 0.87 i_ptm 0.27 energy -6.64
98 models [1] recycles 0 hard 0 soft 1 temp 1 loss 2.88 i_con 4.18 plddt 0.39 ptm 0.89 i_ptm 0.29 energy -6.84
99 models [0] recycles 0 hard 0 soft 1 temp 1 loss 2.90 i_con 4.21 plddt 0.40 ptm 0.87 i_ptm 0.28 energy -6.86
100 models [0] recycles 0 hard 0 soft 1 temp 1 loss 2.84 i_con 4.17 plddt 0.43 ptm 0.87 i_ptm 0.31 energy -6.95
101 models [0] recycles 0 hard 0 soft 0 temp 1 loss 4.93 i_con 6.70 plddt 0.65 ptm 0.87 i_ptm 0.11 energy -36.08
102 models [1] recycles 0 hard 0 soft 0 temp 0.98 loss 4.30 i_con 6.06 plddt 0.56 ptm 0.88 i_ptm 0.10 energy -36.01
103 models [0] recycles 0 hard 0 soft 0 temp 0.96 loss 2.65 i_con 4.39 plddt 0.40 ptm 0.87 i_ptm 0.31 energy -35.95
104 models [0] recycles 0 hard 0 soft 0 temp 0.94 loss 2.14 i_con 3.89 plddt 0.41 ptm 0.88 i_ptm 0.39 energy -36.25
105 models [1] recycles 0 hard 0 soft 0 temp 0.92 loss 2.40 i_con 4.21 plddt 0.39 ptm 0.89 i_ptm 0.30 energy -37.44
106 models [1] recycles 0 hard 0 soft 0 temp 0.90 loss 2.20 i_con 4.04 plddt 0.42 ptm 0.89 i_ptm 0.33 energy -37.87
107 models [1] recycles 0 hard 0 soft 0 temp 0.88 loss 2.15 i_con 4.05 plddt 0.40 ptm 0.89 i_ptm 0.33 energy -39.39
108 models [0] recycles 0 hard 0 soft 0 temp 0.86 loss 2.05 i_con 4.05 plddt 0.38 ptm 0.87 i_ptm 0.37 energy -41.26
109 models [1] recycles 0 hard 0 soft 0 temp 0.84 loss 1.87 i_con 3.98 plddt 0.40 ptm 0.89 i_ptm 0.39 energy -43.22
110 models [0] recycles 0 hard 0 soft 0 temp 0.82 loss 1.79 i_con 3.96 plddt 0.39 ptm 0.88 i_ptm 0.40 energy -44.57
111 models [0] recycles 0 hard 0 soft 0 temp 0.80 loss 1.63 i_con 3.88 plddt 0.40 ptm 0.88 i_ptm 0.42 energy -46.08
112 models [0] recycles 0 hard 0 soft 0 temp 0.78 loss 1.58 i_con 3.90 plddt 0.39 ptm 0.88 i_ptm 0.39 energy -47.57
113 models [1] recycles 0 hard 0 soft 0 temp 0.76 loss 1.57 i_con 3.97 plddt 0.39 ptm 0.89 i_ptm 0.35 energy -49.29
114 models [1] recycles 0 hard 0 soft 0 temp 0.74 loss 1.41 i_con 3.83 plddt 0.42 ptm 0.89 i_ptm 0.41 energy -49.46
115 models [1] recycles 0 hard 0 soft 0 temp 0.72 loss 1.50 i_con 3.95 plddt 0.40 ptm 0.89 i_ptm 0.38 energy -50.10
116 models [1] recycles 0 hard 0 soft 0 temp 0.70 loss 1.57 i_con 4.10 plddt 0.39 ptm 0.89 i_ptm 0.31 energy -51.81
117 models [0] recycles 0 hard 0 soft 0 temp 0.68 loss 1.35 i_con 3.91 plddt 0.39 ptm 0.88 i_ptm 0.43 energy -52.50
118 models [1] recycles 0 hard 0 soft 0 temp 0.66 loss 1.22 i_con 3.88 plddt 0.44 ptm 0.89 i_ptm 0.42 energy -54.48
119 models [0] recycles 0 hard 0 soft 0 temp 0.64 loss 1.13 i_con 3.84 plddt 0.39 ptm 0.88 i_ptm 0.42 energy -55.59
120 models [0] recycles 0 hard 0 soft 0 temp 0.62 loss 1.02 i_con 3.83 plddt 0.40 ptm 0.88 i_ptm 0.38 energy -57.57
121 models [1] recycles 0 hard 0 soft 0 temp 0.60 loss 1.09 i_con 3.99 plddt 0.38 ptm 0.89 i_ptm 0.36 energy -59.21
122 models [1] recycles 0 hard 0 soft 0 temp 0.58 loss 0.87 i_con 3.86 plddt 0.40 ptm 0.89 i_ptm 0.38 energy -61.06
123 models [0] recycles 0 hard 0 soft 0 temp 0.56 loss 0.85 i_con 3.87 plddt 0.37 ptm 0.88 i_ptm 0.44 energy -61.64
124 models [0] recycles 0 hard 0 soft 0 temp 0.54 loss 0.79 i_con 3.92 plddt 0.40 ptm 0.88 i_ptm 0.43 energy -63.73
125 models [1] recycles 0 hard 0 soft 0 temp 0.52 loss 0.66 i_con 3.88 plddt 0.43 ptm 0.89 i_ptm 0.42 energy -65.62
126 models [1] recycles 0 hard 0 soft 0 temp 0.50 loss 0.68 i_con 3.94 plddt 0.38 ptm 0.89 i_ptm 0.38 energy -66.46
127 models [0] recycles 0 hard 0 soft 0 temp 0.48 loss 0.69 i_con 3.96 plddt 0.41 ptm 0.87 i_ptm 0.37 energy -66.67
128 models [1] recycles 0 hard 0 soft 0 temp 0.46 loss 0.55 i_con 3.84 plddt 0.41 ptm 0.89 i_ptm 0.42 energy -67.10
129 models [0] recycles 0 hard 0 soft 0 temp 0.44 loss 0.48 i_con 3.85 plddt 0.41 ptm 0.88 i_ptm 0.41 energy -68.56
130 models [0] recycles 0 hard 0 soft 0 temp 0.42 loss 0.46 i_con 3.89 plddt 0.41 ptm 0.87 i_ptm 0.42 energy -69.65
131 models [1] recycles 0 hard 0 soft 0 temp 0.40 loss 0.34 i_con 3.86 plddt 0.44 ptm 0.89 i_ptm 0.42 energy -71.59
132 models [0] recycles 0 hard 0 soft 0 temp 0.38 loss 0.40 i_con 3.97 plddt 0.40 ptm 0.87 i_ptm 0.37 energy -72.71
133 models [0] recycles 0 hard 0 soft 0 temp 0.36 loss 0.18 i_con 3.85 plddt 0.45 ptm 0.88 i_ptm 0.45 energy -74.50
134 models [1] recycles 0 hard 0 soft 0 temp 0.34 loss 0.14 i_con 3.88 plddt 0.37 ptm 0.89 i_ptm 0.39 energy -75.99
135 models [0] recycles 0 hard 0 soft 0 temp 0.32 loss 0.13 i_con 3.88 plddt 0.39 ptm 0.87 i_ptm 0.41 energy -76.30
136 models [1] recycles 0 hard 0 soft 0 temp 0.30 loss 0.06 i_con 3.91 plddt 0.43 ptm 0.89 i_ptm 0.39 energy -78.15
137 models [1] recycles 0 hard 0 soft 0 temp 0.28 loss 0.05 i_con 3.95 plddt 0.39 ptm 0.89 i_ptm 0.39 energy -79.26
138 models [1] recycles 0 hard 0 soft 0 temp 0.26 loss -0.21 i_con 3.75 plddt 0.47 ptm 0.90 i_ptm 0.48 energy -80.19
139 models [1] recycles 0 hard 0 soft 0 temp 0.24 loss -0.05 i_con 3.96 plddt 0.39 ptm 0.89 i_ptm 0.37 energy -81.52
140 models [0] recycles 0 hard 0 soft 0 temp 0.22 loss -0.18 i_con 3.90 plddt 0.37 ptm 0.87 i_ptm 0.39 energy -82.80
141 models [1] recycles 0 hard 0 soft 0 temp 0.20 loss -0.28 i_con 3.90 plddt 0.39 ptm 0.89 i_ptm 0.40 energy -84.88
142 models [0] recycles 0 hard 0 soft 0 temp 0.18 loss -0.23 i_con 3.99 plddt 0.41 ptm 0.87 i_ptm 0.37 energy -85.61
143 models [0] recycles 0 hard 0 soft 0 temp 0.16 loss -0.18 i_con 4.11 plddt 0.39 ptm 0.87 i_ptm 0.34 energy -86.95
144 models [0] recycles 0 hard 0 soft 0 temp 0.14 loss -0.48 i_con 3.85 plddt 0.42 ptm 0.88 i_ptm 0.44 energy -87.74
145 models [1] recycles 0 hard 0 soft 0 temp 0.12 loss -0.78 i_con 3.60 plddt 0.42 ptm 0.90 i_ptm 0.50 energy -88.76
146 models [0] recycles 0 hard 0 soft 0 temp 0.10 loss -0.65 i_con 3.79 plddt 0.40 ptm 0.88 i_ptm 0.45 energy -89.92
147 models [0] recycles 0 hard 0 soft 0 temp 0.08 loss -0.53 i_con 3.96 plddt 0.41 ptm 0.87 i_ptm 0.36 energy -90.99
148 models [1] recycles 0 hard 0 soft 0 temp 0.06 loss -0.60 i_con 3.92 plddt 0.42 ptm 0.89 i_ptm 0.42 energy -91.44
149 models [0] recycles 0 hard 0 soft 0 temp 0.04 loss -0.68 i_con 3.90 plddt 0.39 ptm 0.88 i_ptm 0.41 energy -92.73
150 models [0] recycles 0 hard 0 soft 0 temp 0.02 loss -0.64 i_con 4.01 plddt 0.41 ptm 0.88 i_ptm 0.38 energy -94.27
151 models [0] recycles 0 hard 1 soft 0 temp 0.00 loss 0.30 i_con 4.22 plddt 0.33 ptm 0.88 i_ptm 0.27 energy -7.97
152 models [1] recycles 0 hard 1 soft 0 temp 0.00 loss 0.59 i_con 4.51 plddt 0.33 ptm 0.89 i_ptm 0.24 energy -7.97
153 models [0] recycles 0 hard 1 soft 0 temp 0.00 loss 0.30 i_con 4.22 plddt 0.33 ptm 0.88 i_ptm 0.27 energy -7.97
154 models [1] recycles 0 hard 1 soft 0 temp 0.00 loss 0.59 i_con 4.51 plddt 0.33 ptm 0.89 i_ptm 0.24 energy -7.97
155 models [1] recycles 0 hard 1 soft 0 temp 0.00 loss 0.59 i_con 4.51 plddt 0.33 ptm 0.89 i_ptm 0.24 energy -7.97
156 models [0] recycles 0 hard 1 soft 0 temp 0.00 loss 0.30 i_con 4.22 plddt 0.33 ptm 0.88 i_ptm 0.27 energy -7.97
157 models [1] recycles 0 hard 1 soft 0 temp 0.00 loss 0.59 i_con 4.51 plddt 0.33 ptm 0.89 i_ptm 0.24 energy -7.97
158 models [0] recycles 0 hard 1 soft 0 temp 0.00 loss 0.30 i_con 4.22 plddt 0.33 ptm 0.88 i_ptm 0.27 energy -7.97
159 models [0] recycles 0 hard 1 soft 0 temp 0.00 loss 0.30 i_con 4.22 plddt 0.33 ptm 0.88 i_ptm 0.27 energy -7.97
160 models [1] recycles 0 hard 1 soft 0 temp 0.00 loss 0.59 i_con 4.51 plddt 0.33 ptm 0.89 i_ptm 0.24 energy -7.97
161 models [0] recycles 0 hard 1 soft 0 temp 0.00 loss 0.30 i_con 4.22 plddt 0.33 ptm 0.88 i_ptm 0.27 energy -7.97
162 models [1] recycles 0 hard 1 soft 0 temp 0.00 loss 0.59 i_con 4.51 plddt 0.33 ptm 0.89 i_ptm 0.24 energy -7.97
163 models [1] recycles 0 hard 1 soft 0 temp 0.00 loss 0.59 i_con 4.51 plddt 0.33 ptm 0.89 i_ptm 0.24 energy -7.97
164 models [1] recycles 0 hard 1 soft 0 temp 0.00 loss 0.59 i_con 4.51 plddt 0.33 ptm 0.89 i_ptm 0.24 energy -7.97
165 models [1] recycles 0 hard 1 soft 0 temp 0.00 loss 0.59 i_con 4.51 plddt 0.33 ptm 0.89 i_ptm 0.24 energy -7.97
166 models [0] recycles 0 hard 1 soft 0 temp 0.00 loss 0.30 i_con 4.22 plddt 0.33 ptm 0.88 i_ptm 0.27 energy -7.97
167 models [1] recycles 0 hard 1 soft 0 temp 0.00 loss 0.59 i_con 4.51 plddt 0.33 ptm 0.89 i_ptm 0.24 energy -7.97
168 models [0] recycles 0 hard 1 soft 0 temp 0.00 loss 0.30 i_con 4.22 plddt 0.33 ptm 0.88 i_ptm 0.27 energy -7.97
169 models [1] recycles 0 hard 1 soft 0 temp 0.00 loss 0.59 i_con 4.51 plddt 0.33 ptm 0.89 i_ptm 0.24 energy -7.97
170 models [1] recycles 0 hard 1 soft 0 temp 0.00 loss 0.59 i_con 4.51 plddt 0.33 ptm 0.89 i_ptm 0.24 energy -7.97
171 models [1] recycles 0 hard 1 soft 0 temp 0.00 loss 0.59 i_con 4.51 plddt 0.33 ptm 0.89 i_ptm 0.24 energy -7.97
172 models [1] recycles 0 hard 1 soft 0 temp 0.00 loss 0.59 i_con 4.51 plddt 0.33 ptm 0.89 i_ptm 0.24 energy -7.97
173 models [0] recycles 0 hard 1 soft 0 temp 0.00 loss 0.30 i_con 4.22 plddt 0.33 ptm 0.88 i_ptm 0.27 energy -7.97
174 models [0] recycles 0 hard 1 soft 0 temp 0.00 loss 0.30 i_con 4.22 plddt 0.33 ptm 0.88 i_ptm 0.27 energy -7.97
175 models [1] recycles 0 hard 1 soft 0 temp 0.00 loss 0.59 i_con 4.51 plddt 0.33 ptm 0.89 i_ptm 0.24 energy -7.97
176 models [1] recycles 0 hard 1 soft 0 temp 0.00 loss 0.59 i_con 4.51 plddt 0.33 ptm 0.89 i_ptm 0.24 energy -7.97
177 models [1] recycles 0 hard 1 soft 0 temp 0.00 loss 0.59 i_con 4.51 plddt 0.33 ptm 0.89 i_ptm 0.24 energy -7.97
178 models [0] recycles 0 hard 1 soft 0 temp 0.00 loss 0.30 i_con 4.22 plddt 0.33 ptm 0.88 i_ptm 0.27 energy -7.97
179 models [0] recycles 0 hard 1 soft 0 temp 0.00 loss 0.30 i_con 4.22 plddt 0.33 ptm 0.88 i_ptm 0.27 energy -7.97
180 models [1] recycles 0 hard 1 soft 0 temp 0.00 loss 0.59 i_con 4.51 plddt 0.33 ptm 0.89 i_ptm 0.24 energy -7.97
  seq=NIWGLAALLNFQGTC  loss=0.5881  loss_af=4.5736  energy=-7.9709  i_ptm=0.2416
[6/20] seed=5 ...
1 models [0] recycles 0 hard 0 soft 1 temp 1 loss 8.51 i_con 8.09 plddt 0.51 ptm 0.86 i_ptm 0.11 energy 7.39
2 models [0] recycles 0 hard 0 soft 1 temp 1 loss 7.84 i_con 7.43 plddt 0.52 ptm 0.87 i_ptm 0.12 energy 7.12
3 models [0] recycles 0 hard 0 soft 1 temp 1 loss 7.95 i_con 7.56 plddt 0.53 ptm 0.86 i_ptm 0.13 energy 6.86
4 models [0] recycles 0 hard 0 soft 1 temp 1 loss 7.48 i_con 7.11 plddt 0.54 ptm 0.86 i_ptm 0.12 energy 6.57
5 models [0] recycles 0 hard 0 soft 1 temp 1 loss 7.17 i_con 6.81 plddt 0.51 ptm 0.86 i_ptm 0.14 energy 6.35
6 models [1] recycles 0 hard 0 soft 1 temp 1 loss 7.71 i_con 7.36 plddt 0.56 ptm 0.88 i_ptm 0.09 energy 6.10
7 models [0] recycles 0 hard 0 soft 1 temp 1 loss 6.24 i_con 5.90 plddt 0.47 ptm 0.86 i_ptm 0.13 energy 5.79
8 models [1] recycles 0 hard 0 soft 1 temp 1 loss 6.99 i_con 6.66 plddt 0.50 ptm 0.88 i_ptm 0.08 energy 5.61
9 models [0] recycles 0 hard 0 soft 1 temp 1 loss 6.56 i_con 6.24 plddt 0.46 ptm 0.86 i_ptm 0.11 energy 5.35
10 models [1] recycles 0 hard 0 soft 1 temp 1 loss 6.76 i_con 6.45 plddt 0.52 ptm 0.88 i_ptm 0.08 energy 5.25
11 models [1] recycles 0 hard 0 soft 1 temp 1 loss 6.08 i_con 5.79 plddt 0.45 ptm 0.88 i_ptm 0.08 energy 4.84
12 models [1] recycles 0 hard 0 soft 1 temp 1 loss 6.23 i_con 5.97 plddt 0.50 ptm 0.88 i_ptm 0.08 energy 4.40
13 models [1] recycles 0 hard 0 soft 1 temp 1 loss 6.09 i_con 5.83 plddt 0.47 ptm 0.88 i_ptm 0.08 energy 4.05
14 models [0] recycles 0 hard 0 soft 1 temp 1 loss 5.65 i_con 5.42 plddt 0.46 ptm 0.87 i_ptm 0.11 energy 3.43
15 models [0] recycles 0 hard 0 soft 1 temp 1 loss 5.95 i_con 5.73 plddt 0.42 ptm 0.86 i_ptm 0.13 energy 3.18
16 models [0] recycles 0 hard 0 soft 1 temp 1 loss 5.12 i_con 4.92 plddt 0.36 ptm 0.87 i_ptm 0.13 energy 2.81
17 models [0] recycles 0 hard 0 soft 1 temp 1 loss 5.03 i_con 4.83 plddt 0.39 ptm 0.86 i_ptm 0.13 energy 2.62
18 models [0] recycles 0 hard 0 soft 1 temp 1 loss 4.89 i_con 4.71 plddt 0.37 ptm 0.87 i_ptm 0.17 energy 2.27
19 models [0] recycles 0 hard 0 soft 1 temp 1 loss 4.88 i_con 4.71 plddt 0.37 ptm 0.87 i_ptm 0.19 energy 2.04
20 models [0] recycles 0 hard 0 soft 1 temp 1 loss 5.36 i_con 5.20 plddt 0.40 ptm 0.86 i_ptm 0.12 energy 1.94
21 models [0] recycles 0 hard 0 soft 1 temp 1 loss 4.62 i_con 4.47 plddt 0.35 ptm 0.87 i_ptm 0.15 energy 1.71
22 models [1] recycles 0 hard 0 soft 1 temp 1 loss 6.03 i_con 5.91 plddt 0.46 ptm 0.88 i_ptm 0.08 energy 1.39
23 models [1] recycles 0 hard 0 soft 1 temp 1 loss 5.26 i_con 5.13 plddt 0.36 ptm 0.88 i_ptm 0.11 energy 1.28
24 models [1] recycles 0 hard 0 soft 1 temp 1 loss 5.17 i_con 5.06 plddt 0.40 ptm 0.88 i_ptm 0.10 energy 0.94
25 models [1] recycles 0 hard 0 soft 1 temp 1 loss 5.36 i_con 5.28 plddt 0.42 ptm 0.88 i_ptm 0.10 energy 0.38
26 models [0] recycles 0 hard 0 soft 1 temp 1 loss 4.82 i_con 4.77 plddt 0.36 ptm 0.87 i_ptm 0.18 energy -0.24
27 models [0] recycles 0 hard 0 soft 1 temp 1 loss 4.38 i_con 4.34 plddt 0.35 ptm 0.87 i_ptm 0.24 energy -0.55
28 models [1] recycles 0 hard 0 soft 1 temp 1 loss 4.84 i_con 4.84 plddt 0.38 ptm 0.88 i_ptm 0.13 energy -1.18
29 models [1] recycles 0 hard 0 soft 1 temp 1 loss 4.95 i_con 4.97 plddt 0.35 ptm 0.88 i_ptm 0.11 energy -1.79
30 models [0] recycles 0 hard 0 soft 1 temp 1 loss 4.44 i_con 4.48 plddt 0.40 ptm 0.87 i_ptm 0.25 energy -2.03
31 models [0] recycles 0 hard 0 soft 1 temp 1 loss 4.38 i_con 4.43 plddt 0.42 ptm 0.87 i_ptm 0.22 energy -2.17
32 models [1] recycles 0 hard 0 soft 1 temp 1 loss 4.81 i_con 4.85 plddt 0.34 ptm 0.89 i_ptm 0.16 energy -2.14
33 models [0] recycles 0 hard 0 soft 1 temp 1 loss 4.29 i_con 4.34 plddt 0.37 ptm 0.87 i_ptm 0.25 energy -2.38
34 models [1] recycles 0 hard 0 soft 1 temp 1 loss 5.34 i_con 5.39 plddt 0.36 ptm 0.88 i_ptm 0.09 energy -2.43
35 models [0] recycles 0 hard 0 soft 1 temp 1 loss 4.52 i_con 4.58 plddt 0.37 ptm 0.87 i_ptm 0.23 energy -2.50
36 models [0] recycles 0 hard 0 soft 1 temp 1 loss 4.16 i_con 4.22 plddt 0.41 ptm 0.87 i_ptm 0.29 energy -2.44
37 models [1] recycles 0 hard 0 soft 1 temp 1 loss 4.22 i_con 4.28 plddt 0.41 ptm 0.89 i_ptm 0.28 energy -2.47
38 models [0] recycles 0 hard 0 soft 1 temp 1 loss 4.28 i_con 4.35 plddt 0.42 ptm 0.87 i_ptm 0.27 energy -2.55
39 models [0] recycles 0 hard 0 soft 1 temp 1 loss 4.11 i_con 4.18 plddt 0.43 ptm 0.87 i_ptm 0.31 energy -2.52
40 models [1] recycles 0 hard 0 soft 1 temp 1 loss 4.36 i_con 4.43 plddt 0.41 ptm 0.88 i_ptm 0.23 energy -2.61
41 models [0] recycles 0 hard 0 soft 1 temp 1 loss 4.20 i_con 4.28 plddt 0.43 ptm 0.87 i_ptm 0.26 energy -2.71
42 models [0] recycles 0 hard 0 soft 1 temp 1 loss 3.86 i_con 3.93 plddt 0.39 ptm 0.87 i_ptm 0.34 energy -2.69
43 models [1] recycles 0 hard 0 soft 1 temp 1 loss 4.37 i_con 4.45 plddt 0.35 ptm 0.89 i_ptm 0.22 energy -2.73
44 models [1] recycles 0 hard 0 soft 1 temp 1 loss 4.10 i_con 4.18 plddt 0.40 ptm 0.89 i_ptm 0.27 energy -2.77
45 models [1] recycles 0 hard 0 soft 1 temp 1 loss 4.23 i_con 4.31 plddt 0.40 ptm 0.88 i_ptm 0.24 energy -2.89
46 models [0] recycles 0 hard 0 soft 1 temp 1 loss 3.87 i_con 3.96 plddt 0.39 ptm 0.88 i_ptm 0.34 energy -3.05
47 models [0] recycles 0 hard 0 soft 1 temp 1 loss 4.02 i_con 4.12 plddt 0.40 ptm 0.87 i_ptm 0.29 energy -3.10
48 models [1] recycles 0 hard 0 soft 1 temp 1 loss 4.32 i_con 4.43 plddt 0.38 ptm 0.89 i_ptm 0.24 energy -3.28
49 models [1] recycles 0 hard 0 soft 1 temp 1 loss 4.12 i_con 4.22 plddt 0.40 ptm 0.89 i_ptm 0.25 energy -3.22
50 models [0] recycles 0 hard 0 soft 1 temp 1 loss 3.90 i_con 4.00 plddt 0.40 ptm 0.87 i_ptm 0.33 energy -3.31
51 models [0] recycles 0 hard 0 soft 1 temp 1 loss 3.46 i_con 4.08 plddt 0.38 ptm 0.87 i_ptm 0.33 energy -3.42
52 models [0] recycles 0 hard 0 soft 1 temp 1 loss 3.30 i_con 3.98 plddt 0.38 ptm 0.87 i_ptm 0.30 energy -3.70
53 models [1] recycles 0 hard 0 soft 1 temp 1 loss 3.57 i_con 4.30 plddt 0.37 ptm 0.88 i_ptm 0.24 energy -3.97
54 models [0] recycles 0 hard 0 soft 1 temp 1 loss 3.37 i_con 4.13 plddt 0.36 ptm 0.87 i_ptm 0.27 energy -4.13
55 models [1] recycles 0 hard 0 soft 1 temp 1 loss 3.39 i_con 4.18 plddt 0.37 ptm 0.89 i_ptm 0.28 energy -4.25
56 models [0] recycles 0 hard 0 soft 1 temp 1 loss 3.14 i_con 3.97 plddt 0.40 ptm 0.88 i_ptm 0.33 energy -4.48
57 models [1] recycles 0 hard 0 soft 1 temp 1 loss 3.35 i_con 4.21 plddt 0.37 ptm 0.89 i_ptm 0.28 energy -4.64
58 models [1] recycles 0 hard 0 soft 1 temp 1 loss 3.20 i_con 4.11 plddt 0.38 ptm 0.89 i_ptm 0.28 energy -4.84
59 models [0] recycles 0 hard 0 soft 1 temp 1 loss 3.08 i_con 4.02 plddt 0.38 ptm 0.87 i_ptm 0.34 energy -5.03
60 models [1] recycles 0 hard 0 soft 1 temp 1 loss 3.16 i_con 4.12 plddt 0.42 ptm 0.89 i_ptm 0.29 energy -5.10
61 models [0] recycles 0 hard 0 soft 1 temp 1 loss 3.02 i_con 3.99 plddt 0.38 ptm 0.87 i_ptm 0.35 energy -5.16
62 models [0] recycles 0 hard 0 soft 1 temp 1 loss 2.94 i_con 3.93 plddt 0.39 ptm 0.88 i_ptm 0.39 energy -5.27
63 models [1] recycles 0 hard 0 soft 1 temp 1 loss 2.97 i_con 4.01 plddt 0.38 ptm 0.89 i_ptm 0.33 energy -5.47
64 models [0] recycles 0 hard 0 soft 1 temp 1 loss 2.98 i_con 4.02 plddt 0.37 ptm 0.87 i_ptm 0.33 energy -5.51
65 models [1] recycles 0 hard 0 soft 1 temp 1 loss 3.10 i_con 4.15 plddt 0.39 ptm 0.89 i_ptm 0.28 energy -5.56
66 models [1] recycles 0 hard 0 soft 1 temp 1 loss 3.10 i_con 4.15 plddt 0.37 ptm 0.89 i_ptm 0.27 energy -5.58
67 models [0] recycles 0 hard 0 soft 1 temp 1 loss 3.03 i_con 4.11 plddt 0.36 ptm 0.87 i_ptm 0.31 energy -5.69
68 models [1] recycles 0 hard 0 soft 1 temp 1 loss 3.21 i_con 4.27 plddt 0.35 ptm 0.89 i_ptm 0.26 energy -5.62
69 models [0] recycles 0 hard 0 soft 1 temp 1 loss 2.81 i_con 3.90 plddt 0.38 ptm 0.88 i_ptm 0.39 energy -5.74
70 models [0] recycles 0 hard 0 soft 1 temp 1 loss 2.94 i_con 4.05 plddt 0.39 ptm 0.87 i_ptm 0.34 energy -5.84
71 models [1] recycles 0 hard 0 soft 1 temp 1 loss 3.07 i_con 4.15 plddt 0.39 ptm 0.89 i_ptm 0.29 energy -5.72
72 models [0] recycles 0 hard 0 soft 1 temp 1 loss 2.75 i_con 3.86 plddt 0.40 ptm 0.87 i_ptm 0.39 energy -5.81
73 models [1] recycles 0 hard 0 soft 1 temp 1 loss 3.13 i_con 4.27 plddt 0.38 ptm 0.89 i_ptm 0.26 energy -5.98
74 models [0] recycles 0 hard 0 soft 1 temp 1 loss 2.99 i_con 4.11 plddt 0.36 ptm 0.87 i_ptm 0.32 energy -5.91
75 models [0] recycles 0 hard 0 soft 1 temp 1 loss 2.94 i_con 4.04 plddt 0.39 ptm 0.88 i_ptm 0.36 energy -5.83
76 models [0] recycles 0 hard 0 soft 1 temp 1 loss 2.94 i_con 4.07 plddt 0.38 ptm 0.87 i_ptm 0.33 energy -5.97
77 models [1] recycles 0 hard 0 soft 1 temp 1 loss 3.06 i_con 4.15 plddt 0.38 ptm 0.89 i_ptm 0.31 energy -5.78
78 models [0] recycles 0 hard 0 soft 1 temp 1 loss 2.91 i_con 4.05 plddt 0.38 ptm 0.88 i_ptm 0.33 energy -6.01
79 models [0] recycles 0 hard 0 soft 1 temp 1 loss 2.94 i_con 4.06 plddt 0.40 ptm 0.87 i_ptm 0.32 energy -5.91
80 models [0] recycles 0 hard 0 soft 1 temp 1 loss 2.87 i_con 4.04 plddt 0.39 ptm 0.87 i_ptm 0.31 energy -6.13
81 models [1] recycles 0 hard 0 soft 1 temp 1 loss 3.25 i_con 4.39 plddt 0.38 ptm 0.88 i_ptm 0.23 energy -6.03
82 models [1] recycles 0 hard 0 soft 1 temp 1 loss 2.91 i_con 4.05 plddt 0.39 ptm 0.89 i_ptm 0.34 energy -6.00
83 models [1] recycles 0 hard 0 soft 1 temp 1 loss 2.93 i_con 4.11 plddt 0.38 ptm 0.89 i_ptm 0.30 energy -6.21
84 models [0] recycles 0 hard 0 soft 1 temp 1 loss 2.72 i_con 3.90 plddt 0.43 ptm 0.88 i_ptm 0.41 energy -6.15
85 models [0] recycles 0 hard 0 soft 1 temp 1 loss 2.71 i_con 3.88 plddt 0.40 ptm 0.88 i_ptm 0.37 energy -6.17
86 models [1] recycles 0 hard 0 soft 1 temp 1 loss 2.94 i_con 4.14 plddt 0.37 ptm 0.89 i_ptm 0.29 energy -6.30
87 models [1] recycles 0 hard 0 soft 1 temp 1 loss 2.91 i_con 4.09 plddt 0.39 ptm 0.89 i_ptm 0.30 energy -6.23
88 models [1] recycles 0 hard 0 soft 1 temp 1 loss 3.08 i_con 4.25 plddt 0.34 ptm 0.89 i_ptm 0.26 energy -6.18
89 models [1] recycles 0 hard 0 soft 1 temp 1 loss 3.09 i_con 4.23 plddt 0.38 ptm 0.89 i_ptm 0.29 energy -5.99
90 models [1] recycles 0 hard 0 soft 1 temp 1 loss 3.07 i_con 4.25 plddt 0.38 ptm 0.89 i_ptm 0.28 energy -6.24
91 models [0] recycles 0 hard 0 soft 1 temp 1 loss 2.70 i_con 3.89 plddt 0.40 ptm 0.88 i_ptm 0.42 energy -6.27
92 models [1] recycles 0 hard 0 soft 1 temp 1 loss 2.88 i_con 4.10 plddt 0.37 ptm 0.89 i_ptm 0.29 energy -6.40
93 models [1] recycles 0 hard 0 soft 1 temp 1 loss 2.75 i_con 3.97 plddt 0.39 ptm 0.89 i_ptm 0.34 energy -6.41
94 models [0] recycles 0 hard 0 soft 1 temp 1 loss 2.69 i_con 3.93 plddt 0.42 ptm 0.88 i_ptm 0.37 energy -6.50
95 models [0] recycles 0 hard 0 soft 1 temp 1 loss 2.90 i_con 4.15 plddt 0.39 ptm 0.87 i_ptm 0.32 energy -6.58
96 models [1] recycles 0 hard 0 soft 1 temp 1 loss 2.91 i_con 4.14 plddt 0.39 ptm 0.89 i_ptm 0.30 energy -6.46
97 models [0] recycles 0 hard 0 soft 1 temp 1 loss 2.67 i_con 3.95 plddt 0.37 ptm 0.87 i_ptm 0.38 energy -6.71
98 models [0] recycles 0 hard 0 soft 1 temp 1 loss 2.68 i_con 3.94 plddt 0.40 ptm 0.87 i_ptm 0.35 energy -6.62
99 models [0] recycles 0 hard 0 soft 1 temp 1 loss 2.60 i_con 3.91 plddt 0.41 ptm 0.88 i_ptm 0.39 energy -6.83
100 models [1] recycles 0 hard 0 soft 1 temp 1 loss 2.83 i_con 4.11 plddt 0.38 ptm 0.89 i_ptm 0.31 energy -6.69
101 models [1] recycles 0 hard 0 soft 0 temp 1 loss 4.03 i_con 6.00 plddt 0.62 ptm 0.88 i_ptm 0.09 energy -40.18
102 models [0] recycles 0 hard 0 soft 0 temp 0.98 loss 2.81 i_con 4.75 plddt 0.40 ptm 0.87 i_ptm 0.27 energy -40.01
103 models [1] recycles 0 hard 0 soft 0 temp 0.96 loss 3.64 i_con 5.60 plddt 0.45 ptm 0.88 i_ptm 0.10 energy -40.32
104 models [1] recycles 0 hard 0 soft 0 temp 0.94 loss 2.44 i_con 4.39 plddt 0.38 ptm 0.88 i_ptm 0.25 energy -40.37
105 models [0] recycles 0 hard 0 soft 0 temp 0.92 loss 2.11 i_con 4.09 plddt 0.37 ptm 0.87 i_ptm 0.35 energy -40.96
106 models [1] recycles 0 hard 0 soft 0 temp 0.90 loss 2.04 i_con 4.10 plddt 0.38 ptm 0.89 i_ptm 0.32 energy -42.45
107 models [1] recycles 0 hard 0 soft 0 temp 0.88 loss 1.86 i_con 3.99 plddt 0.41 ptm 0.89 i_ptm 0.36 energy -43.87
108 models [0] recycles 0 hard 0 soft 0 temp 0.86 loss 1.72 i_con 3.92 plddt 0.38 ptm 0.88 i_ptm 0.40 energy -45.29
109 models [0] recycles 0 hard 0 soft 0 temp 0.84 loss 1.50 i_con 3.80 plddt 0.41 ptm 0.88 i_ptm 0.41 energy -47.25
110 models [1] recycles 0 hard 0 soft 0 temp 0.82 loss 1.65 i_con 4.05 plddt 0.39 ptm 0.89 i_ptm 0.33 energy -49.29
111 models [0] recycles 0 hard 0 soft 0 temp 0.80 loss 1.29 i_con 3.75 plddt 0.40 ptm 0.88 i_ptm 0.46 energy -50.56
112 models [0] recycles 0 hard 0 soft 0 temp 0.78 loss 1.22 i_con 3.78 plddt 0.40 ptm 0.88 i_ptm 0.45 energy -52.58
113 models [0] recycles 0 hard 0 soft 0 temp 0.76 loss 1.19 i_con 3.83 plddt 0.38 ptm 0.88 i_ptm 0.41 energy -54.08
114 models [1] recycles 0 hard 0 soft 0 temp 0.74 loss 1.32 i_con 4.07 plddt 0.40 ptm 0.89 i_ptm 0.33 energy -56.18
115 models [0] recycles 0 hard 0 soft 0 temp 0.72 loss 0.96 i_con 3.78 plddt 0.40 ptm 0.88 i_ptm 0.45 energy -57.59
116 models [0] recycles 0 hard 0 soft 0 temp 0.70 loss 0.86 i_con 3.75 plddt 0.39 ptm 0.88 i_ptm 0.48 energy -58.97
117 models [1] recycles 0 hard 0 soft 0 temp 0.68 loss 0.80 i_con 3.77 plddt 0.39 ptm 0.90 i_ptm 0.44 energy -60.60
118 models [0] recycles 0 hard 0 soft 0 temp 0.66 loss 0.64 i_con 3.65 plddt 0.41 ptm 0.88 i_ptm 0.49 energy -61.22
119 models [1] recycles 0 hard 0 soft 0 temp 0.64 loss 0.83 i_con 3.91 plddt 0.40 ptm 0.90 i_ptm 0.37 energy -62.68
120 models [1] recycles 0 hard 0 soft 0 temp 0.62 loss 0.50 i_con 3.66 plddt 0.41 ptm 0.90 i_ptm 0.48 energy -64.29
121 models [1] recycles 0 hard 0 soft 0 temp 0.60 loss 0.71 i_con 3.91 plddt 0.38 ptm 0.89 i_ptm 0.38 energy -65.40
122 models [1] recycles 0 hard 0 soft 0 temp 0.58 loss 0.48 i_con 3.76 plddt 0.37 ptm 0.90 i_ptm 0.45 energy -66.83
123 models [0] recycles 0 hard 0 soft 0 temp 0.56 loss 0.24 i_con 3.59 plddt 0.41 ptm 0.88 i_ptm 0.53 energy -68.16
124 models [1] recycles 0 hard 0 soft 0 temp 0.54 loss 0.28 i_con 3.65 plddt 0.42 ptm 0.90 i_ptm 0.49 energy -68.56
125 models [0] recycles 0 hard 0 soft 0 temp 0.52 loss 0.23 i_con 3.66 plddt 0.41 ptm 0.88 i_ptm 0.52 energy -69.71
126 models [0] recycles 0 hard 0 soft 0 temp 0.50 loss 0.04 i_con 3.53 plddt 0.41 ptm 0.88 i_ptm 0.54 energy -71.02
127 models [0] recycles 0 hard 0 soft 0 temp 0.48 loss -0.21 i_con 3.35 plddt 0.42 ptm 0.88 i_ptm 0.59 energy -72.53
128 models [0] recycles 0 hard 0 soft 0 temp 0.46 loss -0.09 i_con 3.57 plddt 0.42 ptm 0.89 i_ptm 0.56 energy -74.22
129 models [1] recycles 0 hard 0 soft 0 temp 0.44 loss 0.02 i_con 3.73 plddt 0.42 ptm 0.90 i_ptm 0.48 energy -75.36
130 models [1] recycles 0 hard 0 soft 0 temp 0.42 loss -0.33 i_con 3.41 plddt 0.40 ptm 0.90 i_ptm 0.53 energy -75.97
131 models [0] recycles 0 hard 0 soft 0 temp 0.40 loss -0.07 i_con 3.73 plddt 0.41 ptm 0.88 i_ptm 0.43 energy -77.36
132 models [1] recycles 0 hard 0 soft 0 temp 0.38 loss -0.37 i_con 3.53 plddt 0.43 ptm 0.90 i_ptm 0.53 energy -78.96
133 models [1] recycles 0 hard 0 soft 0 temp 0.36 loss -0.87 i_con 3.07 plddt 0.47 ptm 0.91 i_ptm 0.67 energy -79.84
134 models [1] recycles 0 hard 0 soft 0 temp 0.34 loss -0.70 i_con 3.29 plddt 0.45 ptm 0.90 i_ptm 0.59 energy -81.09
135 models [1] recycles 0 hard 0 soft 0 temp 0.32 loss -0.54 i_con 3.51 plddt 0.42 ptm 0.90 i_ptm 0.52 energy -82.09
136 models [1] recycles 0 hard 0 soft 0 temp 0.30 loss -0.49 i_con 3.58 plddt 0.40 ptm 0.90 i_ptm 0.54 energy -82.58
137 models [0] recycles 0 hard 0 soft 0 temp 0.28 loss -0.57 i_con 3.53 plddt 0.40 ptm 0.88 i_ptm 0.54 energy -83.25
138 models [1] recycles 0 hard 0 soft 0 temp 0.26 loss -0.91 i_con 3.26 plddt 0.44 ptm 0.90 i_ptm 0.62 energy -84.57
139 models [1] recycles 0 hard 0 soft 0 temp 0.24 loss -1.07 i_con 3.14 plddt 0.46 ptm 0.90 i_ptm 0.65 energy -85.33
140 models [0] recycles 0 hard 0 soft 0 temp 0.22 loss -0.63 i_con 3.65 plddt 0.42 ptm 0.88 i_ptm 0.51 energy -86.66
141 models [1] recycles 0 hard 0 soft 0 temp 0.20 loss -0.80 i_con 3.50 plddt 0.44 ptm 0.90 i_ptm 0.52 energy -87.16
142 models [1] recycles 0 hard 0 soft 0 temp 0.18 loss -1.30 i_con 3.02 plddt 0.47 ptm 0.91 i_ptm 0.68 energy -87.47
143 models [0] recycles 0 hard 0 soft 0 temp 0.16 loss -0.59 i_con 3.76 plddt 0.40 ptm 0.88 i_ptm 0.49 energy -88.29
144 models [1] recycles 0 hard 0 soft 0 temp 0.14 loss -1.20 i_con 3.21 plddt 0.46 ptm 0.91 i_ptm 0.64 energy -89.28
145 models [0] recycles 0 hard 0 soft 0 temp 0.12 loss -1.12 i_con 3.34 plddt 0.45 ptm 0.89 i_ptm 0.64 energy -90.16
146 models [1] recycles 0 hard 0 soft 0 temp 0.10 loss -1.16 i_con 3.35 plddt 0.46 ptm 0.91 i_ptm 0.61 energy -91.12
147 models [1] recycles 0 hard 0 soft 0 temp 0.08 loss -1.37 i_con 3.16 plddt 0.45 ptm 0.90 i_ptm 0.64 energy -91.85
148 models [1] recycles 0 hard 0 soft 0 temp 0.06 loss -1.44 i_con 3.10 plddt 0.47 ptm 0.91 i_ptm 0.64 energy -91.85
149 models [1] recycles 0 hard 0 soft 0 temp 0.04 loss -1.17 i_con 3.39 plddt 0.44 ptm 0.90 i_ptm 0.57 energy -92.44
150 models [0] recycles 0 hard 0 soft 0 temp 0.02 loss -0.71 i_con 3.87 plddt 0.39 ptm 0.88 i_ptm 0.40 energy -92.95
151 models [1] recycles 0 hard 1 soft 0 temp 0.00 loss 0.19 i_con 3.93 plddt 0.38 ptm 0.90 i_ptm 0.40 energy -7.60
152 models [1] recycles 0 hard 1 soft 0 temp 0.00 loss 0.19 i_con 3.93 plddt 0.38 ptm 0.90 i_ptm 0.40 energy -7.60
153 models [0] recycles 0 hard 1 soft 0 temp 0.00 loss 0.09 i_con 3.83 plddt 0.37 ptm 0.88 i_ptm 0.43 energy -7.60
154 models [0] recycles 0 hard 1 soft 0 temp 0.00 loss 0.09 i_con 3.83 plddt 0.37 ptm 0.88 i_ptm 0.43 energy -7.60
155 models [1] recycles 0 hard 1 soft 0 temp 0.00 loss 0.19 i_con 3.93 plddt 0.38 ptm 0.90 i_ptm 0.40 energy -7.60
156 models [1] recycles 0 hard 1 soft 0 temp 0.00 loss 0.19 i_con 3.93 plddt 0.38 ptm 0.90 i_ptm 0.40 energy -7.60
157 models [1] recycles 0 hard 1 soft 0 temp 0.00 loss 0.19 i_con 3.93 plddt 0.38 ptm 0.90 i_ptm 0.40 energy -7.60
158 models [1] recycles 0 hard 1 soft 0 temp 0.00 loss 0.19 i_con 3.93 plddt 0.38 ptm 0.90 i_ptm 0.40 energy -7.60
159 models [0] recycles 0 hard 1 soft 0 temp 0.00 loss 0.09 i_con 3.83 plddt 0.37 ptm 0.88 i_ptm 0.43 energy -7.60
160 models [0] recycles 0 hard 1 soft 0 temp 0.00 loss 0.09 i_con 3.83 plddt 0.37 ptm 0.88 i_ptm 0.43 energy -7.60
161 models [1] recycles 0 hard 1 soft 0 temp 0.00 loss 0.19 i_con 3.93 plddt 0.38 ptm 0.90 i_ptm 0.40 energy -7.60
162 models [0] recycles 0 hard 1 soft 0 temp 0.00 loss 0.09 i_con 3.83 plddt 0.37 ptm 0.88 i_ptm 0.43 energy -7.60
163 models [0] recycles 0 hard 1 soft 0 temp 0.00 loss 0.09 i_con 3.83 plddt 0.37 ptm 0.88 i_ptm 0.43 energy -7.60
164 models [1] recycles 0 hard 1 soft 0 temp 0.00 loss 0.19 i_con 3.93 plddt 0.38 ptm 0.90 i_ptm 0.40 energy -7.60
165 models [1] recycles 0 hard 1 soft 0 temp 0.00 loss 0.19 i_con 3.93 plddt 0.38 ptm 0.90 i_ptm 0.40 energy -7.60
166 models [1] recycles 0 hard 1 soft 0 temp 0.00 loss 0.19 i_con 3.93 plddt 0.38 ptm 0.90 i_ptm 0.40 energy -7.60
167 models [0] recycles 0 hard 1 soft 0 temp 0.00 loss 0.09 i_con 3.83 plddt 0.37 ptm 0.88 i_ptm 0.43 energy -7.60
168 models [0] recycles 0 hard 1 soft 0 temp 0.00 loss 0.09 i_con 3.83 plddt 0.37 ptm 0.88 i_ptm 0.43 energy -7.60
169 models [1] recycles 0 hard 1 soft 0 temp 0.00 loss 0.19 i_con 3.93 plddt 0.38 ptm 0.90 i_ptm 0.40 energy -7.60
170 models [1] recycles 0 hard 1 soft 0 temp 0.00 loss 0.19 i_con 3.93 plddt 0.38 ptm 0.90 i_ptm 0.40 energy -7.60
171 models [0] recycles 0 hard 1 soft 0 temp 0.00 loss 0.09 i_con 3.83 plddt 0.37 ptm 0.88 i_ptm 0.43 energy -7.60
172 models [1] recycles 0 hard 1 soft 0 temp 0.00 loss 0.19 i_con 3.93 plddt 0.38 ptm 0.90 i_ptm 0.40 energy -7.60
173 models [0] recycles 0 hard 1 soft 0 temp 0.00 loss 0.09 i_con 3.83 plddt 0.37 ptm 0.88 i_ptm 0.43 energy -7.60
174 models [0] recycles 0 hard 1 soft 0 temp 0.00 loss 0.09 i_con 3.83 plddt 0.37 ptm 0.88 i_ptm 0.43 energy -7.60
175 models [1] recycles 0 hard 1 soft 0 temp 0.00 loss 0.19 i_con 3.93 plddt 0.38 ptm 0.90 i_ptm 0.40 energy -7.60
176 models [1] recycles 0 hard 1 soft 0 temp 0.00 loss 0.19 i_con 3.93 plddt 0.38 ptm 0.90 i_ptm 0.40 energy -7.60
177 models [0] recycles 0 hard 1 soft 0 temp 0.00 loss 0.09 i_con 3.83 plddt 0.37 ptm 0.88 i_ptm 0.43 energy -7.60
178 models [0] recycles 0 hard 1 soft 0 temp 0.00 loss 0.09 i_con 3.83 plddt 0.37 ptm 0.88 i_ptm 0.43 energy -7.60
179 models [1] recycles 0 hard 1 soft 0 temp 0.00 loss 0.19 i_con 3.93 plddt 0.38 ptm 0.90 i_ptm 0.40 energy -7.60
180 models [1] recycles 0 hard 1 soft 0 temp 0.00 loss 0.19 i_con 3.93 plddt 0.38 ptm 0.90 i_ptm 0.40 energy -7.60
  seq=NWTGLEWLLNFGGDC  loss=0.1938  loss_af=3.9937  energy=-7.5998  i_ptm=0.4016
[7/20] seed=6 ...
1 models [1] recycles 0 hard 0 soft 1 temp 1 loss 7.88 i_con 7.47 plddt 0.51 ptm 0.88 i_ptm 0.09 energy 7.40
2 models [0] recycles 0 hard 0 soft 1 temp 1 loss 8.11 i_con 7.71 plddt 0.54 ptm 0.87 i_ptm 0.14 energy 7.02
3 models [1] recycles 0 hard 0 soft 1 temp 1 loss 7.95 i_con 7.57 plddt 0.55 ptm 0.88 i_ptm 0.09 energy 6.70
4 models [1] recycles 0 hard 0 soft 1 temp 1 loss 7.68 i_con 7.32 plddt 0.53 ptm 0.88 i_ptm 0.10 energy 6.21
5 models [1] recycles 0 hard 0 soft 1 temp 1 loss 7.39 i_con 7.05 plddt 0.53 ptm 0.88 i_ptm 0.09 energy 5.79
6 models [1] recycles 0 hard 0 soft 1 temp 1 loss 6.74 i_con 6.42 plddt 0.50 ptm 0.88 i_ptm 0.08 energy 5.41
7 models [1] recycles 0 hard 0 soft 1 temp 1 loss 6.51 i_con 6.20 plddt 0.49 ptm 0.88 i_ptm 0.09 energy 5.06
8 models [1] recycles 0 hard 0 soft 1 temp 1 loss 6.46 i_con 6.17 plddt 0.52 ptm 0.88 i_ptm 0.08 energy 4.75
9 models [1] recycles 0 hard 0 soft 1 temp 1 loss 6.50 i_con 6.22 plddt 0.50 ptm 0.88 i_ptm 0.08 energy 4.44
10 models [1] recycles 0 hard 0 soft 1 temp 1 loss 6.53 i_con 6.28 plddt 0.50 ptm 0.88 i_ptm 0.09 energy 4.09
11 models [1] recycles 0 hard 0 soft 1 temp 1 loss 6.04 i_con 5.80 plddt 0.45 ptm 0.88 i_ptm 0.09 energy 3.67
12 models [1] recycles 0 hard 0 soft 1 temp 1 loss 6.13 i_con 5.90 plddt 0.46 ptm 0.88 i_ptm 0.08 energy 3.46
13 models [0] recycles 0 hard 0 soft 1 temp 1 loss 5.59 i_con 5.38 plddt 0.40 ptm 0.86 i_ptm 0.11 energy 3.09
14 models [1] recycles 0 hard 0 soft 1 temp 1 loss 6.09 i_con 5.87 plddt 0.46 ptm 0.88 i_ptm 0.09 energy 3.36
15 models [1] recycles 0 hard 0 soft 1 temp 1 loss 6.15 i_con 5.92 plddt 0.44 ptm 0.88 i_ptm 0.08 energy 3.51
16 models [1] recycles 0 hard 0 soft 1 temp 1 loss 5.33 i_con 5.08 plddt 0.40 ptm 0.88 i_ptm 0.12 energy 3.90
17 models [0] recycles 0 hard 0 soft 1 temp 1 loss 4.82 i_con 4.58 plddt 0.40 ptm 0.87 i_ptm 0.21 energy 3.65
18 models [0] recycles 0 hard 0 soft 1 temp 1 loss 4.66 i_con 4.40 plddt 0.37 ptm 0.87 i_ptm 0.21 energy 3.78
19 models [0] recycles 0 hard 0 soft 1 temp 1 loss 4.79 i_con 4.57 plddt 0.40 ptm 0.87 i_ptm 0.19 energy 3.22
20 models [0] recycles 0 hard 0 soft 1 temp 1 loss 4.65 i_con 4.41 plddt 0.39 ptm 0.87 i_ptm 0.19 energy 3.52
21 models [1] recycles 0 hard 0 soft 1 temp 1 loss 5.33 i_con 5.10 plddt 0.36 ptm 0.88 i_ptm 0.12 energy 3.45
22 models [0] recycles 0 hard 0 soft 1 temp 1 loss 4.85 i_con 4.66 plddt 0.40 ptm 0.87 i_ptm 0.18 energy 2.71
23 models [1] recycles 0 hard 0 soft 1 temp 1 loss 5.56 i_con 5.40 plddt 0.39 ptm 0.88 i_ptm 0.09 energy 2.06
24 models [1] recycles 0 hard 0 soft 1 temp 1 loss 5.58 i_con 5.42 plddt 0.40 ptm 0.88 i_ptm 0.09 energy 2.00
25 models [0] recycles 0 hard 0 soft 1 temp 1 loss 4.67 i_con 4.53 plddt 0.37 ptm 0.87 i_ptm 0.18 energy 1.56
26 models [0] recycles 0 hard 0 soft 1 temp 1 loss 4.64 i_con 4.50 plddt 0.39 ptm 0.87 i_ptm 0.20 energy 1.73
27 models [1] recycles 0 hard 0 soft 1 temp 1 loss 5.60 i_con 5.46 plddt 0.45 ptm 0.88 i_ptm 0.10 energy 1.58
28 models [0] recycles 0 hard 0 soft 1 temp 1 loss 5.00 i_con 4.88 plddt 0.39 ptm 0.87 i_ptm 0.16 energy 1.17
29 models [1] recycles 0 hard 0 soft 1 temp 1 loss 5.41 i_con 5.26 plddt 0.38 ptm 0.88 i_ptm 0.11 energy 1.63
30 models [0] recycles 0 hard 0 soft 1 temp 1 loss 4.67 i_con 4.56 plddt 0.37 ptm 0.87 i_ptm 0.19 energy 0.93
31 models [1] recycles 0 hard 0 soft 1 temp 1 loss 5.51 i_con 5.42 plddt 0.38 ptm 0.88 i_ptm 0.09 energy 0.71
32 models [0] recycles 0 hard 0 soft 1 temp 1 loss 4.68 i_con 4.61 plddt 0.39 ptm 0.87 i_ptm 0.19 energy 0.22
33 models [1] recycles 0 hard 0 soft 1 temp 1 loss 5.37 i_con 5.30 plddt 0.39 ptm 0.88 i_ptm 0.10 energy 0.28
34 models [1] recycles 0 hard 0 soft 1 temp 1 loss 4.87 i_con 4.81 plddt 0.37 ptm 0.88 i_ptm 0.22 energy -0.01
35 models [0] recycles 0 hard 0 soft 1 temp 1 loss 4.51 i_con 4.46 plddt 0.41 ptm 0.87 i_ptm 0.25 energy -0.23
36 models [1] recycles 0 hard 0 soft 1 temp 1 loss 5.13 i_con 5.09 plddt 0.38 ptm 0.88 i_ptm 0.11 energy -0.32
37 models [0] recycles 0 hard 0 soft 1 temp 1 loss 4.53 i_con 4.49 plddt 0.42 ptm 0.87 i_ptm 0.23 energy -0.37
38 models [1] recycles 0 hard 0 soft 1 temp 1 loss 4.78 i_con 4.74 plddt 0.32 ptm 0.88 i_ptm 0.16 energy -0.66
39 models [1] recycles 0 hard 0 soft 1 temp 1 loss 4.97 i_con 4.98 plddt 0.39 ptm 0.88 i_ptm 0.13 energy -1.33
40 models [1] recycles 0 hard 0 soft 1 temp 1 loss 5.00 i_con 5.02 plddt 0.38 ptm 0.88 i_ptm 0.13 energy -1.53
41 models [0] recycles 0 hard 0 soft 1 temp 1 loss 4.39 i_con 4.41 plddt 0.39 ptm 0.87 i_ptm 0.23 energy -1.64
42 models [1] recycles 0 hard 0 soft 1 temp 1 loss 4.73 i_con 4.76 plddt 0.40 ptm 0.88 i_ptm 0.19 energy -1.73
43 models [0] recycles 0 hard 0 soft 1 temp 1 loss 4.53 i_con 4.56 plddt 0.37 ptm 0.87 i_ptm 0.20 energy -1.81
44 models [1] recycles 0 hard 0 soft 1 temp 1 loss 4.74 i_con 4.77 plddt 0.35 ptm 0.88 i_ptm 0.20 energy -1.85
45 models [0] recycles 0 hard 0 soft 1 temp 1 loss 4.31 i_con 4.34 plddt 0.39 ptm 0.87 i_ptm 0.23 energy -1.94
46 models [0] recycles 0 hard 0 soft 1 temp 1 loss 4.24 i_con 4.28 plddt 0.41 ptm 0.87 i_ptm 0.26 energy -1.93
47 models [0] recycles 0 hard 0 soft 1 temp 1 loss 4.24 i_con 4.27 plddt 0.42 ptm 0.87 i_ptm 0.24 energy -1.73
48 models [1] recycles 0 hard 0 soft 1 temp 1 loss 4.72 i_con 4.76 plddt 0.39 ptm 0.88 i_ptm 0.19 energy -2.02
49 models [1] recycles 0 hard 0 soft 1 temp 1 loss 4.62 i_con 4.66 plddt 0.34 ptm 0.88 i_ptm 0.18 energy -2.08
50 models [0] recycles 0 hard 0 soft 1 temp 1 loss 4.34 i_con 4.39 plddt 0.43 ptm 0.87 i_ptm 0.24 energy -2.15
51 models [0] recycles 0 hard 0 soft 1 temp 1 loss 3.86 i_con 4.21 plddt 0.39 ptm 0.87 i_ptm 0.24 energy -2.09
52 models [1] recycles 0 hard 0 soft 1 temp 1 loss 4.06 i_con 4.46 plddt 0.37 ptm 0.89 i_ptm 0.20 energy -2.35
53 models [0] recycles 0 hard 0 soft 1 temp 1 loss 3.97 i_con 4.41 plddt 0.42 ptm 0.87 i_ptm 0.22 energy -2.49
54 models [0] recycles 0 hard 0 soft 1 temp 1 loss 3.81 i_con 4.24 plddt 0.41 ptm 0.87 i_ptm 0.25 energy -2.46
55 models [0] recycles 0 hard 0 soft 1 temp 1 loss 4.11 i_con 4.53 plddt 0.41 ptm 0.87 i_ptm 0.22 energy -2.41
56 models [0] recycles 0 hard 0 soft 1 temp 1 loss 3.68 i_con 4.15 plddt 0.40 ptm 0.87 i_ptm 0.27 energy -2.66
57 models [0] recycles 0 hard 0 soft 1 temp 1 loss 3.66 i_con 4.15 plddt 0.40 ptm 0.87 i_ptm 0.26 energy -2.74
58 models [1] recycles 0 hard 0 soft 1 temp 1 loss 4.10 i_con 4.62 plddt 0.34 ptm 0.88 i_ptm 0.20 energy -2.90
59 models [0] recycles 0 hard 0 soft 1 temp 1 loss 3.75 i_con 4.29 plddt 0.41 ptm 0.87 i_ptm 0.26 energy -3.00
60 models [1] recycles 0 hard 0 soft 1 temp 1 loss 4.69 i_con 5.24 plddt 0.41 ptm 0.88 i_ptm 0.10 energy -3.06
61 models [0] recycles 0 hard 0 soft 1 temp 1 loss 4.18 i_con 4.72 plddt 0.38 ptm 0.87 i_ptm 0.20 energy -3.04
62 models [1] recycles 0 hard 0 soft 1 temp 1 loss 3.97 i_con 4.51 plddt 0.33 ptm 0.88 i_ptm 0.24 energy -3.04
63 models [1] recycles 0 hard 0 soft 1 temp 1 loss 4.06 i_con 4.62 plddt 0.35 ptm 0.88 i_ptm 0.21 energy -3.12
64 models [1] recycles 0 hard 0 soft 1 temp 1 loss 4.30 i_con 4.87 plddt 0.38 ptm 0.88 i_ptm 0.19 energy -3.19
65 models [1] recycles 0 hard 0 soft 1 temp 1 loss 4.01 i_con 4.62 plddt 0.36 ptm 0.88 i_ptm 0.20 energy -3.35
66 models [1] recycles 0 hard 0 soft 1 temp 1 loss 4.10 i_con 4.74 plddt 0.36 ptm 0.88 i_ptm 0.21 energy -3.49
67 models [1] recycles 0 hard 0 soft 1 temp 1 loss 3.65 i_con 4.29 plddt 0.36 ptm 0.88 i_ptm 0.24 energy -3.50
68 models [0] recycles 0 hard 0 soft 1 temp 1 loss 3.68 i_con 4.35 plddt 0.39 ptm 0.87 i_ptm 0.22 energy -3.68
69 models [1] recycles 0 hard 0 soft 1 temp 1 loss 4.35 i_con 5.05 plddt 0.38 ptm 0.88 i_ptm 0.12 energy -3.79
70 models [0] recycles 0 hard 0 soft 1 temp 1 loss 3.69 i_con 4.46 plddt 0.39 ptm 0.87 i_ptm 0.20 energy -4.13
71 models [0] recycles 0 hard 0 soft 1 temp 1 loss 3.62 i_con 4.41 plddt 0.37 ptm 0.87 i_ptm 0.23 energy -4.27
72 models [0] recycles 0 hard 0 soft 1 temp 1 loss 3.53 i_con 4.34 plddt 0.41 ptm 0.87 i_ptm 0.22 energy -4.33
73 models [1] recycles 0 hard 0 soft 1 temp 1 loss 3.43 i_con 4.24 plddt 0.39 ptm 0.88 i_ptm 0.23 energy -4.39
74 models [0] recycles 0 hard 0 soft 1 temp 1 loss 3.30 i_con 4.12 plddt 0.39 ptm 0.87 i_ptm 0.27 energy -4.38
75 models [0] recycles 0 hard 0 soft 1 temp 1 loss 3.31 i_con 4.17 plddt 0.38 ptm 0.87 i_ptm 0.23 energy -4.60
76 models [1] recycles 0 hard 0 soft 1 temp 1 loss 3.19 i_con 4.12 plddt 0.35 ptm 0.89 i_ptm 0.29 energy -4.94
77 models [0] recycles 0 hard 0 soft 1 temp 1 loss 3.02 i_con 4.02 plddt 0.41 ptm 0.87 i_ptm 0.26 energy -5.30
78 models [1] recycles 0 hard 0 soft 1 temp 1 loss 3.20 i_con 4.18 plddt 0.35 ptm 0.88 i_ptm 0.24 energy -5.22
79 models [0] recycles 0 hard 0 soft 1 temp 1 loss 3.08 i_con 4.09 plddt 0.36 ptm 0.87 i_ptm 0.25 energy -5.37
80 models [1] recycles 0 hard 0 soft 1 temp 1 loss 3.16 i_con 4.18 plddt 0.35 ptm 0.88 i_ptm 0.23 energy -5.42
81 models [0] recycles 0 hard 0 soft 1 temp 1 loss 2.83 i_con 3.86 plddt 0.40 ptm 0.87 i_ptm 0.32 energy -5.49
82 models [0] recycles 0 hard 0 soft 1 temp 1 loss 2.94 i_con 4.02 plddt 0.39 ptm 0.87 i_ptm 0.25 energy -5.70
83 models [0] recycles 0 hard 0 soft 1 temp 1 loss 3.03 i_con 4.10 plddt 0.37 ptm 0.87 i_ptm 0.28 energy -5.67
84 models [1] recycles 0 hard 0 soft 1 temp 1 loss 2.90 i_con 4.02 plddt 0.36 ptm 0.89 i_ptm 0.30 energy -5.90
85 models [0] recycles 0 hard 0 soft 1 temp 1 loss 2.86 i_con 4.00 plddt 0.38 ptm 0.87 i_ptm 0.28 energy -5.98
86 models [1] recycles 0 hard 0 soft 1 temp 1 loss 2.70 i_con 3.84 plddt 0.40 ptm 0.89 i_ptm 0.34 energy -6.01
87 models [0] recycles 0 hard 0 soft 1 temp 1 loss 2.78 i_con 3.91 plddt 0.39 ptm 0.87 i_ptm 0.32 energy -5.95
88 models [0] recycles 0 hard 0 soft 1 temp 1 loss 2.88 i_con 4.08 plddt 0.39 ptm 0.87 i_ptm 0.27 energy -6.30
89 models [0] recycles 0 hard 0 soft 1 temp 1 loss 2.74 i_con 3.97 plddt 0.38 ptm 0.87 i_ptm 0.28 energy -6.47
90 models [1] recycles 0 hard 0 soft 1 temp 1 loss 2.74 i_con 4.00 plddt 0.37 ptm 0.89 i_ptm 0.31 energy -6.62
91 models [1] recycles 0 hard 0 soft 1 temp 1 loss 2.77 i_con 4.02 plddt 0.36 ptm 0.89 i_ptm 0.30 energy -6.60
92 models [1] recycles 0 hard 0 soft 1 temp 1 loss 2.70 i_con 3.98 plddt 0.39 ptm 0.89 i_ptm 0.31 energy -6.75
93 models [1] recycles 0 hard 0 soft 1 temp 1 loss 3.04 i_con 4.36 plddt 0.35 ptm 0.88 i_ptm 0.24 energy -6.95
94 models [1] recycles 0 hard 0 soft 1 temp 1 loss 2.74 i_con 4.03 plddt 0.39 ptm 0.89 i_ptm 0.29 energy -6.75
95 models [0] recycles 0 hard 0 soft 1 temp 1 loss 2.55 i_con 3.86 plddt 0.39 ptm 0.87 i_ptm 0.32 energy -6.87
96 models [1] recycles 0 hard 0 soft 1 temp 1 loss 2.69 i_con 4.04 plddt 0.39 ptm 0.89 i_ptm 0.31 energy -7.07
97 models [0] recycles 0 hard 0 soft 1 temp 1 loss 2.44 i_con 3.79 plddt 0.37 ptm 0.87 i_ptm 0.34 energy -7.07
98 models [1] recycles 0 hard 0 soft 1 temp 1 loss 2.63 i_con 4.01 plddt 0.36 ptm 0.89 i_ptm 0.31 energy -7.24
99 models [0] recycles 0 hard 0 soft 1 temp 1 loss 2.61 i_con 4.01 plddt 0.38 ptm 0.87 i_ptm 0.29 energy -7.28
100 models [1] recycles 0 hard 0 soft 1 temp 1 loss 2.66 i_con 4.06 plddt 0.40 ptm 0.89 i_ptm 0.30 energy -7.25
101 models [1] recycles 0 hard 0 soft 0 temp 1 loss 6.24 i_con 7.87 plddt 0.46 ptm 0.88 i_ptm 0.16 energy -33.65
102 models [0] recycles 0 hard 0 soft 0 temp 0.98 loss 5.29 i_con 6.97 plddt 0.52 ptm 0.87 i_ptm 0.14 energy -34.61
103 models [0] recycles 0 hard 0 soft 0 temp 0.96 loss 5.51 i_con 7.20 plddt 0.64 ptm 0.86 i_ptm 0.13 energy -34.39
104 models [1] recycles 0 hard 0 soft 0 temp 0.94 loss 5.23 i_con 6.94 plddt 0.67 ptm 0.88 i_ptm 0.10 energy -34.81
105 models [1] recycles 0 hard 0 soft 0 temp 0.92 loss 4.80 i_con 6.50 plddt 0.63 ptm 0.88 i_ptm 0.11 energy -34.86
106 models [0] recycles 0 hard 0 soft 0 temp 0.90 loss 2.55 i_con 4.24 plddt 0.48 ptm 0.87 i_ptm 0.34 energy -34.85
107 models [0] recycles 0 hard 0 soft 0 temp 0.88 loss 2.61 i_con 4.32 plddt 0.40 ptm 0.87 i_ptm 0.26 energy -35.47
108 models [0] recycles 0 hard 0 soft 0 temp 0.86 loss 2.37 i_con 4.12 plddt 0.45 ptm 0.87 i_ptm 0.34 energy -36.02
109 models [1] recycles 0 hard 0 soft 0 temp 0.84 loss 2.39 i_con 4.18 plddt 0.44 ptm 0.89 i_ptm 0.29 energy -37.01
110 models [1] recycles 0 hard 0 soft 0 temp 0.82 loss 2.00 i_con 3.80 plddt 0.40 ptm 0.89 i_ptm 0.41 energy -37.12
111 models [0] recycles 0 hard 0 soft 0 temp 0.80 loss 2.17 i_con 4.01 plddt 0.41 ptm 0.87 i_ptm 0.29 energy -38.07
112 models [0] recycles 0 hard 0 soft 0 temp 0.78 loss 1.99 i_con 3.92 plddt 0.39 ptm 0.87 i_ptm 0.26 energy -39.86
113 models [0] recycles 0 hard 0 soft 0 temp 0.76 loss 1.73 i_con 3.77 plddt 0.41 ptm 0.87 i_ptm 0.40 energy -42.00
114 models [0] recycles 0 hard 0 soft 0 temp 0.74 loss 1.83 i_con 3.93 plddt 0.38 ptm 0.87 i_ptm 0.33 energy -43.14
115 models [0] recycles 0 hard 0 soft 0 temp 0.72 loss 1.77 i_con 3.95 plddt 0.42 ptm 0.87 i_ptm 0.31 energy -44.84
116 models [0] recycles 0 hard 0 soft 0 temp 0.70 loss 1.68 i_con 3.92 plddt 0.39 ptm 0.87 i_ptm 0.32 energy -45.98
117 models [0] recycles 0 hard 0 soft 0 temp 0.68 loss 1.37 i_con 3.70 plddt 0.42 ptm 0.88 i_ptm 0.44 energy -47.81
118 models [0] recycles 0 hard 0 soft 0 temp 0.66 loss 1.22 i_con 3.62 plddt 0.41 ptm 0.88 i_ptm 0.44 energy -49.18
119 models [1] recycles 0 hard 0 soft 0 temp 0.64 loss 1.34 i_con 3.79 plddt 0.40 ptm 0.89 i_ptm 0.38 energy -50.30
120 models [0] recycles 0 hard 0 soft 0 temp 0.62 loss 1.46 i_con 3.92 plddt 0.42 ptm 0.88 i_ptm 0.35 energy -50.37
121 models [0] recycles 0 hard 0 soft 0 temp 0.60 loss 1.18 i_con 3.70 plddt 0.38 ptm 0.88 i_ptm 0.43 energy -51.64
122 models [0] recycles 0 hard 0 soft 0 temp 0.58 loss 1.13 i_con 3.70 plddt 0.41 ptm 0.88 i_ptm 0.42 energy -52.48
123 models [1] recycles 0 hard 0 soft 0 temp 0.56 loss 1.29 i_con 3.90 plddt 0.39 ptm 0.89 i_ptm 0.35 energy -53.32
124 models [1] recycles 0 hard 0 soft 0 temp 0.54 loss 0.65 i_con 3.28 plddt 0.53 ptm 0.90 i_ptm 0.59 energy -53.43
125 models [0] recycles 0 hard 0 soft 0 temp 0.52 loss 1.05 i_con 3.67 plddt 0.39 ptm 0.88 i_ptm 0.47 energy -53.61
126 models [0] recycles 0 hard 0 soft 0 temp 0.50 loss 0.34 i_con 3.04 plddt 0.48 ptm 0.89 i_ptm 0.61 energy -55.05
127 models [0] recycles 0 hard 0 soft 0 temp 0.48 loss 0.69 i_con 3.43 plddt 0.42 ptm 0.88 i_ptm 0.50 energy -55.94
128 models [1] recycles 0 hard 0 soft 0 temp 0.46 loss 0.67 i_con 3.42 plddt 0.43 ptm 0.90 i_ptm 0.51 energy -56.20
129 models [1] recycles 0 hard 0 soft 0 temp 0.44 loss 0.13 i_con 2.92 plddt 0.48 ptm 0.90 i_ptm 0.63 energy -56.87
130 models [0] recycles 0 hard 0 soft 0 temp 0.42 loss 0.73 i_con 3.51 plddt 0.42 ptm 0.88 i_ptm 0.48 energy -56.78
131 models [1] recycles 0 hard 0 soft 0 temp 0.40 loss 0.74 i_con 3.58 plddt 0.40 ptm 0.90 i_ptm 0.50 energy -58.02
132 models [1] recycles 0 hard 0 soft 0 temp 0.38 loss 0.36 i_con 3.21 plddt 0.43 ptm 0.90 i_ptm 0.55 energy -58.14
133 models [1] recycles 0 hard 0 soft 0 temp 0.36 loss -0.13 i_con 2.73 plddt 0.50 ptm 0.91 i_ptm 0.68 energy -58.16
134 models [0] recycles 0 hard 0 soft 0 temp 0.34 loss -0.04 i_con 2.85 plddt 0.47 ptm 0.89 i_ptm 0.68 energy -58.94
135 models [1] recycles 0 hard 0 soft 0 temp 0.32 loss -0.20 i_con 2.73 plddt 0.50 ptm 0.90 i_ptm 0.67 energy -59.68
136 models [0] recycles 0 hard 0 soft 0 temp 0.30 loss -0.01 i_con 2.95 plddt 0.44 ptm 0.89 i_ptm 0.62 energy -60.23
137 models [1] recycles 0 hard 0 soft 0 temp 0.28 loss -0.16 i_con 2.81 plddt 0.47 ptm 0.90 i_ptm 0.64 energy -60.52
138 models [0] recycles 0 hard 0 soft 0 temp 0.26 loss 0.02 i_con 3.01 plddt 0.45 ptm 0.88 i_ptm 0.61 energy -61.03
139 models [1] recycles 0 hard 0 soft 0 temp 0.24 loss -0.14 i_con 2.89 plddt 0.47 ptm 0.90 i_ptm 0.64 energy -61.82
140 models [1] recycles 0 hard 0 soft 0 temp 0.22 loss -0.61 i_con 2.45 plddt 0.53 ptm 0.91 i_ptm 0.76 energy -62.28
141 models [0] recycles 0 hard 0 soft 0 temp 0.20 loss 0.29 i_con 3.39 plddt 0.44 ptm 0.89 i_ptm 0.53 energy -63.11
142 models [0] recycles 0 hard 0 soft 0 temp 0.18 loss -0.07 i_con 3.06 plddt 0.47 ptm 0.89 i_ptm 0.63 energy -63.63
143 models [1] recycles 0 hard 0 soft 0 temp 0.16 loss 0.31 i_con 3.47 plddt 0.43 ptm 0.90 i_ptm 0.50 energy -64.41
144 models [0] recycles 0 hard 0 soft 0 temp 0.14 loss -0.16 i_con 3.02 plddt 0.49 ptm 0.89 i_ptm 0.64 energy -64.60
145 models [0] recycles 0 hard 0 soft 0 temp 0.12 loss -0.39 i_con 2.80 plddt 0.49 ptm 0.89 i_ptm 0.71 energy -64.81
146 models [0] recycles 0 hard 0 soft 0 temp 0.10 loss -0.46 i_con 2.75 plddt 0.53 ptm 0.89 i_ptm 0.73 energy -65.19
147 models [0] recycles 0 hard 0 soft 0 temp 0.08 loss -0.59 i_con 2.67 plddt 0.50 ptm 0.89 i_ptm 0.72 energy -66.23
148 models [0] recycles 0 hard 0 soft 0 temp 0.06 loss -0.10 i_con 3.17 plddt 0.45 ptm 0.89 i_ptm 0.59 energy -66.50
149 models [0] recycles 0 hard 0 soft 0 temp 0.04 loss 0.55 i_con 3.83 plddt 0.41 ptm 0.87 i_ptm 0.37 energy -66.95
150 models [1] recycles 0 hard 0 soft 0 temp 0.02 loss -0.69 i_con 2.64 plddt 0.52 ptm 0.91 i_ptm 0.70 energy -67.60
151 models [0] recycles 0 hard 1 soft 0 temp 0.00 loss -0.08 i_con 3.99 plddt 0.34 ptm 0.88 i_ptm 0.29 energy -8.28
152 models [0] recycles 0 hard 1 soft 0 temp 0.00 loss -0.08 i_con 3.99 plddt 0.34 ptm 0.88 i_ptm 0.29 energy -8.28
153 models [1] recycles 0 hard 1 soft 0 temp 0.00 loss -0.06 i_con 4.01 plddt 0.37 ptm 0.89 i_ptm 0.34 energy -8.28
154 models [0] recycles 0 hard 1 soft 0 temp 0.00 loss -0.08 i_con 3.99 plddt 0.34 ptm 0.88 i_ptm 0.29 energy -8.28
155 models [1] recycles 0 hard 1 soft 0 temp 0.00 loss -0.06 i_con 4.01 plddt 0.37 ptm 0.89 i_ptm 0.34 energy -8.28
156 models [1] recycles 0 hard 1 soft 0 temp 0.00 loss -0.06 i_con 4.01 plddt 0.37 ptm 0.89 i_ptm 0.34 energy -8.28
157 models [0] recycles 0 hard 1 soft 0 temp 0.00 loss -0.08 i_con 3.99 plddt 0.34 ptm 0.88 i_ptm 0.29 energy -8.28
158 models [1] recycles 0 hard 1 soft 0 temp 0.00 loss -0.06 i_con 4.01 plddt 0.37 ptm 0.89 i_ptm 0.34 energy -8.28
159 models [1] recycles 0 hard 1 soft 0 temp 0.00 loss -0.06 i_con 4.01 plddt 0.37 ptm 0.89 i_ptm 0.34 energy -8.28
160 models [0] recycles 0 hard 1 soft 0 temp 0.00 loss -0.08 i_con 3.99 plddt 0.34 ptm 0.88 i_ptm 0.29 energy -8.28
161 models [1] recycles 0 hard 1 soft 0 temp 0.00 loss -0.06 i_con 4.01 plddt 0.37 ptm 0.89 i_ptm 0.34 energy -8.28
162 models [0] recycles 0 hard 1 soft 0 temp 0.00 loss -0.08 i_con 3.99 plddt 0.34 ptm 0.88 i_ptm 0.29 energy -8.28
163 models [1] recycles 0 hard 1 soft 0 temp 0.00 loss -0.06 i_con 4.01 plddt 0.37 ptm 0.89 i_ptm 0.34 energy -8.28
164 models [1] recycles 0 hard 1 soft 0 temp 0.00 loss -0.06 i_con 4.01 plddt 0.37 ptm 0.89 i_ptm 0.34 energy -8.28
165 models [0] recycles 0 hard 1 soft 0 temp 0.00 loss -0.08 i_con 3.99 plddt 0.34 ptm 0.88 i_ptm 0.29 energy -8.28
166 models [0] recycles 0 hard 1 soft 0 temp 0.00 loss -0.08 i_con 3.99 plddt 0.34 ptm 0.88 i_ptm 0.29 energy -8.28
167 models [1] recycles 0 hard 1 soft 0 temp 0.00 loss -0.06 i_con 4.01 plddt 0.37 ptm 0.89 i_ptm 0.34 energy -8.28
168 models [1] recycles 0 hard 1 soft 0 temp 0.00 loss -0.06 i_con 4.01 plddt 0.37 ptm 0.89 i_ptm 0.34 energy -8.28
169 models [0] recycles 0 hard 1 soft 0 temp 0.00 loss -0.08 i_con 3.99 plddt 0.34 ptm 0.88 i_ptm 0.29 energy -8.28
170 models [0] recycles 0 hard 1 soft 0 temp 0.00 loss -0.08 i_con 3.99 plddt 0.34 ptm 0.88 i_ptm 0.29 energy -8.28
171 models [1] recycles 0 hard 1 soft 0 temp 0.00 loss -0.06 i_con 4.01 plddt 0.37 ptm 0.89 i_ptm 0.34 energy -8.28
172 models [0] recycles 0 hard 1 soft 0 temp 0.00 loss -0.08 i_con 3.99 plddt 0.34 ptm 0.88 i_ptm 0.29 energy -8.28
173 models [1] recycles 0 hard 1 soft 0 temp 0.00 loss -0.06 i_con 4.01 plddt 0.37 ptm 0.89 i_ptm 0.34 energy -8.28
174 models [1] recycles 0 hard 1 soft 0 temp 0.00 loss -0.06 i_con 4.01 plddt 0.37 ptm 0.89 i_ptm 0.34 energy -8.28
175 models [0] recycles 0 hard 1 soft 0 temp 0.00 loss -0.08 i_con 3.99 plddt 0.34 ptm 0.88 i_ptm 0.29 energy -8.28
176 models [0] recycles 0 hard 1 soft 0 temp 0.00 loss -0.08 i_con 3.99 plddt 0.34 ptm 0.88 i_ptm 0.29 energy -8.28
177 models [1] recycles 0 hard 1 soft 0 temp 0.00 loss -0.06 i_con 4.01 plddt 0.37 ptm 0.89 i_ptm 0.34 energy -8.28
178 models [1] recycles 0 hard 1 soft 0 temp 0.00 loss -0.06 i_con 4.01 plddt 0.37 ptm 0.89 i_ptm 0.34 energy -8.28
179 models [1] recycles 0 hard 1 soft 0 temp 0.00 loss -0.06 i_con 4.01 plddt 0.37 ptm 0.89 i_ptm 0.34 energy -8.28
180 models [0] recycles 0 hard 1 soft 0 temp 0.00 loss -0.08 i_con 3.99 plddt 0.34 ptm 0.88 i_ptm 0.29 energy -8.28
  seq=LWGGACCALNYIMFC  loss=-0.0798  loss_af=4.0580  energy=-8.2755  i_ptm=0.2884
[8/20] seed=7 ...
1 models [1] recycles 0 hard 0 soft 1 temp 1 loss 8.00 i_con 7.58 plddt 0.52 ptm 0.88 i_ptm 0.09 energy 7.40
2 models [0] recycles 0 hard 0 soft 1 temp 1 loss 8.31 i_con 7.92 plddt 0.60 ptm 0.86 i_ptm 0.12 energy 7.04
3 models [1] recycles 0 hard 0 soft 1 temp 1 loss 7.64 i_con 7.26 plddt 0.50 ptm 0.88 i_ptm 0.08 energy 6.78
4 models [0] recycles 0 hard 0 soft 1 temp 1 loss 7.06 i_con 6.69 plddt 0.53 ptm 0.86 i_ptm 0.12 energy 6.44
5 models [1] recycles 0 hard 0 soft 1 temp 1 loss 7.50 i_con 7.13 plddt 0.46 ptm 0.88 i_ptm 0.08 energy 6.20
6 models [0] recycles 0 hard 0 soft 1 temp 1 loss 7.16 i_con 6.82 plddt 0.55 ptm 0.86 i_ptm 0.13 energy 5.86
7 models [0] recycles 0 hard 0 soft 1 temp 1 loss 6.51 i_con 6.18 plddt 0.47 ptm 0.86 i_ptm 0.12 energy 5.61
8 models [1] recycles 0 hard 0 soft 1 temp 1 loss 6.85 i_con 6.53 plddt 0.51 ptm 0.88 i_ptm 0.09 energy 5.44
9 models [0] recycles 0 hard 0 soft 1 temp 1 loss 6.81 i_con 6.50 plddt 0.47 ptm 0.86 i_ptm 0.12 energy 5.20
10 models [1] recycles 0 hard 0 soft 1 temp 1 loss 6.30 i_con 6.00 plddt 0.50 ptm 0.88 i_ptm 0.08 energy 4.95
11 models [1] recycles 0 hard 0 soft 1 temp 1 loss 6.58 i_con 6.29 plddt 0.48 ptm 0.88 i_ptm 0.08 energy 4.73
12 models [1] recycles 0 hard 0 soft 1 temp 1 loss 6.20 i_con 5.90 plddt 0.43 ptm 0.88 i_ptm 0.08 energy 4.72
13 models [1] recycles 0 hard 0 soft 1 temp 1 loss 6.13 i_con 5.83 plddt 0.44 ptm 0.88 i_ptm 0.08 energy 4.80
14 models [1] recycles 0 hard 0 soft 1 temp 1 loss 5.86 i_con 5.55 plddt 0.42 ptm 0.88 i_ptm 0.09 energy 4.88
15 models [0] recycles 0 hard 0 soft 1 temp 1 loss 4.83 i_con 4.54 plddt 0.38 ptm 0.87 i_ptm 0.18 energy 4.44
16 models [1] recycles 0 hard 0 soft 1 temp 1 loss 5.63 i_con 5.35 plddt 0.39 ptm 0.88 i_ptm 0.12 energy 4.42
17 models [0] recycles 0 hard 0 soft 1 temp 1 loss 4.94 i_con 4.64 plddt 0.37 ptm 0.87 i_ptm 0.23 energy 4.58
18 models [1] recycles 0 hard 0 soft 1 temp 1 loss 5.64 i_con 5.36 plddt 0.41 ptm 0.88 i_ptm 0.10 energy 4.57
19 models [1] recycles 0 hard 0 soft 1 temp 1 loss 5.39 i_con 5.10 plddt 0.37 ptm 0.88 i_ptm 0.11 energy 4.48
20 models [0] recycles 0 hard 0 soft 1 temp 1 loss 4.96 i_con 4.66 plddt 0.36 ptm 0.87 i_ptm 0.17 energy 4.62
21 models [1] recycles 0 hard 0 soft 1 temp 1 loss 5.60 i_con 5.31 plddt 0.38 ptm 0.88 i_ptm 0.10 energy 4.40
22 models [1] recycles 0 hard 0 soft 1 temp 1 loss 5.67 i_con 5.43 plddt 0.39 ptm 0.88 i_ptm 0.11 energy 3.77
23 models [0] recycles 0 hard 0 soft 1 temp 1 loss 4.84 i_con 4.59 plddt 0.40 ptm 0.87 i_ptm 0.18 energy 3.75
24 models [1] recycles 0 hard 0 soft 1 temp 1 loss 5.55 i_con 5.32 plddt 0.41 ptm 0.88 i_ptm 0.09 energy 3.44
25 models [1] recycles 0 hard 0 soft 1 temp 1 loss 5.17 i_con 4.93 plddt 0.36 ptm 0.88 i_ptm 0.12 energy 3.65
26 models [1] recycles 0 hard 0 soft 1 temp 1 loss 5.40 i_con 5.15 plddt 0.44 ptm 0.88 i_ptm 0.10 energy 3.81
27 models [0] recycles 0 hard 0 soft 1 temp 1 loss 5.10 i_con 4.86 plddt 0.38 ptm 0.87 i_ptm 0.15 energy 3.44
28 models [0] recycles 0 hard 0 soft 1 temp 1 loss 5.02 i_con 4.82 plddt 0.38 ptm 0.87 i_ptm 0.16 energy 2.85
29 models [0] recycles 0 hard 0 soft 1 temp 1 loss 4.80 i_con 4.62 plddt 0.39 ptm 0.87 i_ptm 0.22 energy 2.48
30 models [1] recycles 0 hard 0 soft 1 temp 1 loss 5.29 i_con 5.11 plddt 0.35 ptm 0.88 i_ptm 0.11 energy 2.44
31 models [0] recycles 0 hard 0 soft 1 temp 1 loss 4.71 i_con 4.55 plddt 0.40 ptm 0.87 i_ptm 0.19 energy 2.03
32 models [1] recycles 0 hard 0 soft 1 temp 1 loss 5.39 i_con 5.24 plddt 0.36 ptm 0.88 i_ptm 0.10 energy 1.66
33 models [1] recycles 0 hard 0 soft 1 temp 1 loss 5.27 i_con 5.10 plddt 0.35 ptm 0.88 i_ptm 0.13 energy 1.96
34 models [0] recycles 0 hard 0 soft 1 temp 1 loss 4.61 i_con 4.45 plddt 0.38 ptm 0.87 i_ptm 0.24 energy 1.94
35 models [1] recycles 0 hard 0 soft 1 temp 1 loss 5.09 i_con 4.94 plddt 0.37 ptm 0.88 i_ptm 0.17 energy 1.71
36 models [0] recycles 0 hard 0 soft 1 temp 1 loss 4.67 i_con 4.54 plddt 0.42 ptm 0.87 i_ptm 0.24 energy 1.55
37 models [1] recycles 0 hard 0 soft 1 temp 1 loss 5.24 i_con 5.09 plddt 0.36 ptm 0.88 i_ptm 0.12 energy 1.59
38 models [1] recycles 0 hard 0 soft 1 temp 1 loss 5.02 i_con 4.89 plddt 0.37 ptm 0.88 i_ptm 0.18 energy 1.37
39 models [0] recycles 0 hard 0 soft 1 temp 1 loss 4.60 i_con 4.48 plddt 0.38 ptm 0.87 i_ptm 0.22 energy 1.29
40 models [1] recycles 0 hard 0 soft 1 temp 1 loss 4.78 i_con 4.64 plddt 0.35 ptm 0.89 i_ptm 0.19 energy 1.41
41 models [1] recycles 0 hard 0 soft 1 temp 1 loss 5.16 i_con 5.05 plddt 0.40 ptm 0.88 i_ptm 0.16 energy 0.90
42 models [1] recycles 0 hard 0 soft 1 temp 1 loss 5.01 i_con 4.89 plddt 0.34 ptm 0.88 i_ptm 0.16 energy 1.08
43 models [1] recycles 0 hard 0 soft 1 temp 1 loss 5.35 i_con 5.23 plddt 0.35 ptm 0.88 i_ptm 0.10 energy 1.15
44 models [0] recycles 0 hard 0 soft 1 temp 1 loss 4.53 i_con 4.42 plddt 0.41 ptm 0.87 i_ptm 0.24 energy 0.97
45 models [0] recycles 0 hard 0 soft 1 temp 1 loss 4.69 i_con 4.59 plddt 0.38 ptm 0.87 i_ptm 0.20 energy 0.87
46 models [1] recycles 0 hard 0 soft 1 temp 1 loss 5.30 i_con 5.20 plddt 0.37 ptm 0.88 i_ptm 0.12 energy 0.76
47 models [0] recycles 0 hard 0 soft 1 temp 1 loss 4.58 i_con 4.50 plddt 0.39 ptm 0.87 i_ptm 0.21 energy 0.42
48 models [1] recycles 0 hard 0 soft 1 temp 1 loss 5.02 i_con 4.93 plddt 0.40 ptm 0.88 i_ptm 0.17 energy 0.57
49 models [0] recycles 0 hard 0 soft 1 temp 1 loss 4.80 i_con 4.72 plddt 0.40 ptm 0.87 i_ptm 0.19 energy 0.34
50 models [0] recycles 0 hard 0 soft 1 temp 1 loss 4.72 i_con 4.64 plddt 0.37 ptm 0.87 i_ptm 0.19 energy 0.37
51 models [0] recycles 0 hard 0 soft 1 temp 1 loss 4.57 i_con 4.49 plddt 0.38 ptm 0.87 i_ptm 0.24 energy 0.08
52 models [1] recycles 0 hard 0 soft 1 temp 1 loss 5.01 i_con 5.06 plddt 0.39 ptm 0.88 i_ptm 0.17 energy -0.57
53 models [0] recycles 0 hard 0 soft 1 temp 1 loss 4.51 i_con 4.69 plddt 0.42 ptm 0.87 i_ptm 0.16 energy -1.18
54 models [1] recycles 0 hard 0 soft 1 temp 1 loss 4.64 i_con 4.84 plddt 0.36 ptm 0.88 i_ptm 0.20 energy -1.37
55 models [1] recycles 0 hard 0 soft 1 temp 1 loss 4.77 i_con 5.08 plddt 0.38 ptm 0.88 i_ptm 0.10 energy -1.84
56 models [1] recycles 0 hard 0 soft 1 temp 1 loss 4.69 i_con 4.98 plddt 0.41 ptm 0.88 i_ptm 0.16 energy -1.71
57 models [0] recycles 0 hard 0 soft 1 temp 1 loss 4.34 i_con 4.69 plddt 0.42 ptm 0.87 i_ptm 0.20 energy -2.08
58 models [0] recycles 0 hard 0 soft 1 temp 1 loss 4.28 i_con 4.63 plddt 0.41 ptm 0.87 i_ptm 0.22 energy -2.02
59 models [0] recycles 0 hard 0 soft 1 temp 1 loss 4.05 i_con 4.41 plddt 0.40 ptm 0.87 i_ptm 0.24 energy -2.11
60 models [1] recycles 0 hard 0 soft 1 temp 1 loss 4.73 i_con 5.14 plddt 0.39 ptm 0.88 i_ptm 0.13 energy -2.34
61 models [0] recycles 0 hard 0 soft 1 temp 1 loss 4.07 i_con 4.48 plddt 0.43 ptm 0.87 i_ptm 0.24 energy -2.34
62 models [1] recycles 0 hard 0 soft 1 temp 1 loss 4.44 i_con 4.86 plddt 0.40 ptm 0.89 i_ptm 0.17 energy -2.38
63 models [0] recycles 0 hard 0 soft 1 temp 1 loss 3.90 i_con 4.33 plddt 0.39 ptm 0.87 i_ptm 0.27 energy -2.49
64 models [0] recycles 0 hard 0 soft 1 temp 1 loss 3.82 i_con 4.26 plddt 0.42 ptm 0.87 i_ptm 0.26 energy -2.50
65 models [0] recycles 0 hard 0 soft 1 temp 1 loss 3.83 i_con 4.27 plddt 0.40 ptm 0.87 i_ptm 0.29 energy -2.53
66 models [1] recycles 0 hard 0 soft 1 temp 1 loss 4.13 i_con 4.62 plddt 0.35 ptm 0.88 i_ptm 0.21 energy -2.73
67 models [0] recycles 0 hard 0 soft 1 temp 1 loss 3.83 i_con 4.33 plddt 0.44 ptm 0.87 i_ptm 0.24 energy -2.77
68 models [1] recycles 0 hard 0 soft 1 temp 1 loss 4.37 i_con 4.85 plddt 0.38 ptm 0.88 i_ptm 0.18 energy -2.69
69 models [1] recycles 0 hard 0 soft 1 temp 1 loss 4.13 i_con 4.66 plddt 0.36 ptm 0.89 i_ptm 0.22 energy -2.94
70 models [1] recycles 0 hard 0 soft 1 temp 1 loss 4.40 i_con 4.95 plddt 0.37 ptm 0.88 i_ptm 0.17 energy -3.06
71 models [0] recycles 0 hard 0 soft 1 temp 1 loss 3.61 i_con 4.17 plddt 0.39 ptm 0.87 i_ptm 0.24 energy -3.11
72 models [1] recycles 0 hard 0 soft 1 temp 1 loss 3.92 i_con 4.53 plddt 0.34 ptm 0.89 i_ptm 0.21 energy -3.34
73 models [0] recycles 0 hard 0 soft 1 temp 1 loss 3.66 i_con 4.28 plddt 0.38 ptm 0.87 i_ptm 0.27 energy -3.41
74 models [0] recycles 0 hard 0 soft 1 temp 1 loss 4.02 i_con 4.65 plddt 0.41 ptm 0.87 i_ptm 0.18 energy -3.44
75 models [1] recycles 0 hard 0 soft 1 temp 1 loss 3.82 i_con 4.48 plddt 0.39 ptm 0.88 i_ptm 0.22 energy -3.57
76 models [1] recycles 0 hard 0 soft 1 temp 1 loss 3.54 i_con 4.22 plddt 0.42 ptm 0.89 i_ptm 0.26 energy -3.70
77 models [0] recycles 0 hard 0 soft 1 temp 1 loss 3.29 i_con 4.03 plddt 0.42 ptm 0.87 i_ptm 0.30 energy -3.95
78 models [1] recycles 0 hard 0 soft 1 temp 1 loss 3.54 i_con 4.32 plddt 0.38 ptm 0.89 i_ptm 0.24 energy -4.23
79 models [0] recycles 0 hard 0 soft 1 temp 1 loss 3.24 i_con 4.07 plddt 0.42 ptm 0.87 i_ptm 0.29 energy -4.47
80 models [0] recycles 0 hard 0 soft 1 temp 1 loss 3.24 i_con 4.12 plddt 0.41 ptm 0.87 i_ptm 0.26 energy -4.70
81 models [0] recycles 0 hard 0 soft 1 temp 1 loss 3.16 i_con 4.03 plddt 0.43 ptm 0.87 i_ptm 0.33 energy -4.67
82 models [1] recycles 0 hard 0 soft 1 temp 1 loss 3.59 i_con 4.52 plddt 0.39 ptm 0.88 i_ptm 0.22 energy -4.94
83 models [1] recycles 0 hard 0 soft 1 temp 1 loss 3.22 i_con 4.13 plddt 0.37 ptm 0.89 i_ptm 0.28 energy -4.90
84 models [0] recycles 0 hard 0 soft 1 temp 1 loss 3.19 i_con 4.10 plddt 0.45 ptm 0.87 i_ptm 0.27 energy -4.84
85 models [0] recycles 0 hard 0 soft 1 temp 1 loss 3.08 i_con 4.04 plddt 0.42 ptm 0.87 i_ptm 0.29 energy -5.09
86 models [1] recycles 0 hard 0 soft 1 temp 1 loss 3.35 i_con 4.33 plddt 0.38 ptm 0.88 i_ptm 0.23 energy -5.19
87 models [0] recycles 0 hard 0 soft 1 temp 1 loss 2.99 i_con 3.99 plddt 0.42 ptm 0.87 i_ptm 0.30 energy -5.26
88 models [1] recycles 0 hard 0 soft 1 temp 1 loss 3.25 i_con 4.28 plddt 0.37 ptm 0.88 i_ptm 0.25 energy -5.46
89 models [1] recycles 0 hard 0 soft 1 temp 1 loss 3.22 i_con 4.25 plddt 0.39 ptm 0.89 i_ptm 0.26 energy -5.50
90 models [1] recycles 0 hard 0 soft 1 temp 1 loss 3.14 i_con 4.17 plddt 0.39 ptm 0.89 i_ptm 0.27 energy -5.44
91 models [0] recycles 0 hard 0 soft 1 temp 1 loss 3.11 i_con 4.16 plddt 0.37 ptm 0.87 i_ptm 0.26 energy -5.55
92 models [1] recycles 0 hard 0 soft 1 temp 1 loss 2.93 i_con 3.93 plddt 0.39 ptm 0.89 i_ptm 0.32 energy -5.34
93 models [0] recycles 0 hard 0 soft 1 temp 1 loss 2.96 i_con 4.03 plddt 0.40 ptm 0.87 i_ptm 0.31 energy -5.61
94 models [0] recycles 0 hard 0 soft 1 temp 1 loss 2.92 i_con 4.00 plddt 0.40 ptm 0.87 i_ptm 0.31 energy -5.68
95 models [1] recycles 0 hard 0 soft 1 temp 1 loss 3.00 i_con 4.08 plddt 0.38 ptm 0.89 i_ptm 0.26 energy -5.70
96 models [0] recycles 0 hard 0 soft 1 temp 1 loss 2.92 i_con 4.04 plddt 0.40 ptm 0.87 i_ptm 0.29 energy -5.90
97 models [1] recycles 0 hard 0 soft 1 temp 1 loss 2.93 i_con 4.05 plddt 0.38 ptm 0.89 i_ptm 0.28 energy -5.92
98 models [1] recycles 0 hard 0 soft 1 temp 1 loss 2.91 i_con 4.05 plddt 0.37 ptm 0.89 i_ptm 0.28 energy -6.05
99 models [0] recycles 0 hard 0 soft 1 temp 1 loss 2.76 i_con 3.90 plddt 0.40 ptm 0.87 i_ptm 0.31 energy -6.01
100 models [0] recycles 0 hard 0 soft 1 temp 1 loss 2.90 i_con 4.07 plddt 0.41 ptm 0.87 i_ptm 0.27 energy -6.13
101 models [0] recycles 0 hard 0 soft 0 temp 1 loss 5.73 i_con 7.08 plddt 0.54 ptm 0.86 i_ptm 0.12 energy -27.99
102 models [0] recycles 0 hard 0 soft 0 temp 0.98 loss 4.58 i_con 5.92 plddt 0.49 ptm 0.87 i_ptm 0.13 energy -27.82
103 models [1] recycles 0 hard 0 soft 0 temp 0.96 loss 5.06 i_con 6.41 plddt 0.57 ptm 0.88 i_ptm 0.11 energy -27.75
104 models [1] recycles 0 hard 0 soft 0 temp 0.94 loss 4.31 i_con 5.64 plddt 0.45 ptm 0.88 i_ptm 0.10 energy -27.65
105 models [1] recycles 0 hard 0 soft 0 temp 0.92 loss 3.03 i_con 4.37 plddt 0.40 ptm 0.89 i_ptm 0.25 energy -27.85
106 models [0] recycles 0 hard 0 soft 0 temp 0.90 loss 2.47 i_con 3.81 plddt 0.41 ptm 0.87 i_ptm 0.36 energy -27.91
107 models [0] recycles 0 hard 0 soft 0 temp 0.88 loss 2.39 i_con 3.81 plddt 0.40 ptm 0.88 i_ptm 0.35 energy -29.75
108 models [0] recycles 0 hard 0 soft 0 temp 0.86 loss 2.42 i_con 3.94 plddt 0.43 ptm 0.87 i_ptm 0.30 energy -31.58
109 models [1] recycles 0 hard 0 soft 0 temp 0.84 loss 2.28 i_con 3.88 plddt 0.45 ptm 0.89 i_ptm 0.38 energy -33.02
110 models [0] recycles 0 hard 0 soft 0 temp 0.82 loss 2.09 i_con 3.72 plddt 0.43 ptm 0.88 i_ptm 0.39 energy -33.69
111 models [0] recycles 0 hard 0 soft 0 temp 0.80 loss 2.18 i_con 3.89 plddt 0.44 ptm 0.87 i_ptm 0.36 energy -35.38
112 models [0] recycles 0 hard 0 soft 0 temp 0.78 loss 1.95 i_con 3.73 plddt 0.45 ptm 0.88 i_ptm 0.40 energy -36.72
113 models [0] recycles 0 hard 0 soft 0 temp 0.76 loss 1.80 i_con 3.68 plddt 0.45 ptm 0.88 i_ptm 0.42 energy -38.59
114 models [1] recycles 0 hard 0 soft 0 temp 0.74 loss 1.68 i_con 3.63 plddt 0.46 ptm 0.90 i_ptm 0.43 energy -39.96
115 models [1] recycles 0 hard 0 soft 0 temp 0.72 loss 2.04 i_con 4.02 plddt 0.44 ptm 0.89 i_ptm 0.32 energy -40.76
116 models [1] recycles 0 hard 0 soft 0 temp 0.70 loss 1.77 i_con 3.80 plddt 0.43 ptm 0.89 i_ptm 0.36 energy -41.73
117 models [0] recycles 0 hard 0 soft 0 temp 0.68 loss 1.58 i_con 3.63 plddt 0.47 ptm 0.88 i_ptm 0.44 energy -41.94
118 models [0] recycles 0 hard 0 soft 0 temp 0.66 loss 1.53 i_con 3.67 plddt 0.45 ptm 0.88 i_ptm 0.42 energy -43.94
119 models [1] recycles 0 hard 0 soft 0 temp 0.64 loss 1.39 i_con 3.62 plddt 0.46 ptm 0.90 i_ptm 0.44 energy -45.66
120 models [1] recycles 0 hard 0 soft 0 temp 0.62 loss 1.17 i_con 3.44 plddt 0.49 ptm 0.90 i_ptm 0.49 energy -46.47
121 models [1] recycles 0 hard 0 soft 0 temp 0.60 loss 1.15 i_con 3.48 plddt 0.51 ptm 0.90 i_ptm 0.52 energy -47.66
122 models [0] recycles 0 hard 0 soft 0 temp 0.58 loss 1.28 i_con 3.64 plddt 0.49 ptm 0.88 i_ptm 0.49 energy -48.19
123 models [1] recycles 0 hard 0 soft 0 temp 0.56 loss 0.88 i_con 3.30 plddt 0.56 ptm 0.90 i_ptm 0.60 energy -49.38
124 models [1] recycles 0 hard 0 soft 0 temp 0.54 loss 0.83 i_con 3.30 plddt 0.54 ptm 0.90 i_ptm 0.61 energy -50.28
125 models [0] recycles 0 hard 0 soft 0 temp 0.52 loss 1.09 i_con 3.59 plddt 0.50 ptm 0.88 i_ptm 0.46 energy -51.02
126 models [0] recycles 0 hard 0 soft 0 temp 0.50 loss 1.01 i_con 3.55 plddt 0.53 ptm 0.88 i_ptm 0.52 energy -51.63
127 models [0] recycles 0 hard 0 soft 0 temp 0.48 loss 1.05 i_con 3.62 plddt 0.51 ptm 0.88 i_ptm 0.48 energy -52.40
128 models [0] recycles 0 hard 0 soft 0 temp 0.46 loss 0.77 i_con 3.39 plddt 0.55 ptm 0.88 i_ptm 0.57 energy -53.21
129 models [1] recycles 0 hard 0 soft 0 temp 0.44 loss 0.98 i_con 3.63 plddt 0.49 ptm 0.89 i_ptm 0.44 energy -54.09
130 models [1] recycles 0 hard 0 soft 0 temp 0.42 loss 0.51 i_con 3.18 plddt 0.57 ptm 0.90 i_ptm 0.62 energy -54.28
131 models [0] recycles 0 hard 0 soft 0 temp 0.40 loss 0.75 i_con 3.44 plddt 0.54 ptm 0.89 i_ptm 0.56 energy -54.80
132 models [0] recycles 0 hard 0 soft 0 temp 0.38 loss 0.59 i_con 3.35 plddt 0.55 ptm 0.88 i_ptm 0.54 energy -56.06
133 models [0] recycles 0 hard 0 soft 0 temp 0.36 loss 0.64 i_con 3.46 plddt 0.53 ptm 0.88 i_ptm 0.54 energy -57.20
134 models [0] recycles 0 hard 0 soft 0 temp 0.34 loss 0.72 i_con 3.61 plddt 0.50 ptm 0.88 i_ptm 0.42 energy -58.79
135 models [1] recycles 0 hard 0 soft 0 temp 0.32 loss 0.20 i_con 3.11 plddt 0.60 ptm 0.91 i_ptm 0.65 energy -59.03
136 models [0] recycles 0 hard 0 soft 0 temp 0.30 loss 0.50 i_con 3.42 plddt 0.54 ptm 0.88 i_ptm 0.58 energy -59.37
137 models [0] recycles 0 hard 0 soft 0 temp 0.28 loss 0.56 i_con 3.50 plddt 0.51 ptm 0.88 i_ptm 0.50 energy -59.84
138 models [1] recycles 0 hard 0 soft 0 temp 0.26 loss 0.18 i_con 3.17 plddt 0.59 ptm 0.90 i_ptm 0.65 energy -60.69
139 models [0] recycles 0 hard 0 soft 0 temp 0.24 loss 0.29 i_con 3.32 plddt 0.56 ptm 0.88 i_ptm 0.61 energy -61.54
140 models [1] recycles 0 hard 0 soft 0 temp 0.22 loss 0.10 i_con 3.18 plddt 0.58 ptm 0.91 i_ptm 0.65 energy -62.43
141 models [0] recycles 0 hard 0 soft 0 temp 0.20 loss 0.34 i_con 3.47 plddt 0.54 ptm 0.88 i_ptm 0.49 energy -63.68
142 models [1] recycles 0 hard 0 soft 0 temp 0.18 loss 0.08 i_con 3.23 plddt 0.57 ptm 0.90 i_ptm 0.65 energy -63.93
143 models [1] recycles 0 hard 0 soft 0 temp 0.16 loss -0.04 i_con 3.15 plddt 0.58 ptm 0.90 i_ptm 0.60 energy -64.64
144 models [1] recycles 0 hard 0 soft 0 temp 0.14 loss -0.02 i_con 3.19 plddt 0.58 ptm 0.90 i_ptm 0.63 energy -64.98
145 models [0] recycles 0 hard 0 soft 0 temp 0.12 loss 0.11 i_con 3.34 plddt 0.55 ptm 0.88 i_ptm 0.57 energy -65.43
146 models [1] recycles 0 hard 0 soft 0 temp 0.10 loss -0.07 i_con 3.22 plddt 0.56 ptm 0.91 i_ptm 0.65 energy -66.78
147 models [0] recycles 0 hard 0 soft 0 temp 0.08 loss -0.17 i_con 3.18 plddt 0.61 ptm 0.89 i_ptm 0.63 energy -67.78
148 models [0] recycles 0 hard 0 soft 0 temp 0.06 loss -0.02 i_con 3.37 plddt 0.57 ptm 0.89 i_ptm 0.60 energy -68.60
149 models [0] recycles 0 hard 0 soft 0 temp 0.04 loss -0.21 i_con 3.24 plddt 0.59 ptm 0.88 i_ptm 0.60 energy -69.78
150 models [0] recycles 0 hard 0 soft 0 temp 0.02 loss -0.11 i_con 3.38 plddt 0.56 ptm 0.89 i_ptm 0.58 energy -70.70
151 models [0] recycles 0 hard 1 soft 0 temp 0.00 loss 0.55 i_con 4.30 plddt 0.32 ptm 0.87 i_ptm 0.24 energy -7.62
152 models [1] recycles 0 hard 1 soft 0 temp 0.00 loss 0.24 i_con 3.99 plddt 0.34 ptm 0.89 i_ptm 0.29 energy -7.62
153 models [0] recycles 0 hard 1 soft 0 temp 0.00 loss 0.55 i_con 4.30 plddt 0.32 ptm 0.87 i_ptm 0.24 energy -7.62
154 models [0] recycles 0 hard 1 soft 0 temp 0.00 loss 0.55 i_con 4.30 plddt 0.32 ptm 0.87 i_ptm 0.24 energy -7.62
155 models [1] recycles 0 hard 1 soft 0 temp 0.00 loss 0.24 i_con 3.99 plddt 0.34 ptm 0.89 i_ptm 0.29 energy -7.62
156 models [0] recycles 0 hard 1 soft 0 temp 0.00 loss 0.55 i_con 4.30 plddt 0.32 ptm 0.87 i_ptm 0.24 energy -7.62
157 models [0] recycles 0 hard 1 soft 0 temp 0.00 loss 0.55 i_con 4.30 plddt 0.32 ptm 0.87 i_ptm 0.24 energy -7.62
158 models [0] recycles 0 hard 1 soft 0 temp 0.00 loss 0.55 i_con 4.30 plddt 0.32 ptm 0.87 i_ptm 0.24 energy -7.62
159 models [1] recycles 0 hard 1 soft 0 temp 0.00 loss 0.24 i_con 3.99 plddt 0.34 ptm 0.89 i_ptm 0.29 energy -7.62
160 models [0] recycles 0 hard 1 soft 0 temp 0.00 loss 0.55 i_con 4.30 plddt 0.32 ptm 0.87 i_ptm 0.24 energy -7.62
161 models [1] recycles 0 hard 1 soft 0 temp 0.00 loss 0.24 i_con 3.99 plddt 0.34 ptm 0.89 i_ptm 0.29 energy -7.62
162 models [1] recycles 0 hard 1 soft 0 temp 0.00 loss 0.24 i_con 3.99 plddt 0.34 ptm 0.89 i_ptm 0.29 energy -7.62
163 models [1] recycles 0 hard 1 soft 0 temp 0.00 loss 0.24 i_con 3.99 plddt 0.34 ptm 0.89 i_ptm 0.29 energy -7.62
164 models [1] recycles 0 hard 1 soft 0 temp 0.00 loss 0.24 i_con 3.99 plddt 0.34 ptm 0.89 i_ptm 0.29 energy -7.62
165 models [1] recycles 0 hard 1 soft 0 temp 0.00 loss 0.24 i_con 3.99 plddt 0.34 ptm 0.89 i_ptm 0.29 energy -7.62
166 models [0] recycles 0 hard 1 soft 0 temp 0.00 loss 0.55 i_con 4.30 plddt 0.32 ptm 0.87 i_ptm 0.24 energy -7.62
167 models [1] recycles 0 hard 1 soft 0 temp 0.00 loss 0.24 i_con 3.99 plddt 0.34 ptm 0.89 i_ptm 0.29 energy -7.62
168 models [0] recycles 0 hard 1 soft 0 temp 0.00 loss 0.55 i_con 4.30 plddt 0.32 ptm 0.87 i_ptm 0.24 energy -7.62
169 models [0] recycles 0 hard 1 soft 0 temp 0.00 loss 0.55 i_con 4.30 plddt 0.32 ptm 0.87 i_ptm 0.24 energy -7.62
170 models [0] recycles 0 hard 1 soft 0 temp 0.00 loss 0.55 i_con 4.30 plddt 0.32 ptm 0.87 i_ptm 0.24 energy -7.62
171 models [1] recycles 0 hard 1 soft 0 temp 0.00 loss 0.24 i_con 3.99 plddt 0.34 ptm 0.89 i_ptm 0.29 energy -7.62
172 models [1] recycles 0 hard 1 soft 0 temp 0.00 loss 0.24 i_con 3.99 plddt 0.34 ptm 0.89 i_ptm 0.29 energy -7.62
173 models [0] recycles 0 hard 1 soft 0 temp 0.00 loss 0.55 i_con 4.30 plddt 0.32 ptm 0.87 i_ptm 0.24 energy -7.62
174 models [0] recycles 0 hard 1 soft 0 temp 0.00 loss 0.55 i_con 4.30 plddt 0.32 ptm 0.87 i_ptm 0.24 energy -7.62
175 models [1] recycles 0 hard 1 soft 0 temp 0.00 loss 0.24 i_con 3.99 plddt 0.34 ptm 0.89 i_ptm 0.29 energy -7.62
176 models [1] recycles 0 hard 1 soft 0 temp 0.00 loss 0.24 i_con 3.99 plddt 0.34 ptm 0.89 i_ptm 0.29 energy -7.62
177 models [0] recycles 0 hard 1 soft 0 temp 0.00 loss 0.55 i_con 4.30 plddt 0.32 ptm 0.87 i_ptm 0.24 energy -7.62
178 models [0] recycles 0 hard 1 soft 0 temp 0.00 loss 0.55 i_con 4.30 plddt 0.32 ptm 0.87 i_ptm 0.24 energy -7.62
179 models [1] recycles 0 hard 1 soft 0 temp 0.00 loss 0.24 i_con 3.99 plddt 0.34 ptm 0.89 i_ptm 0.29 energy -7.62
180 models [1] recycles 0 hard 1 soft 0 temp 0.00 loss 0.24 i_con 3.99 plddt 0.34 ptm 0.89 i_ptm 0.29 energy -7.62
  seq=AIGGPPEDLLYCLFC  loss=0.2430  loss_af=4.0552  energy=-7.6243  i_ptm=0.2901
[9/20] seed=8 ...
1 models [1] recycles 0 hard 0 soft 1 temp 1 loss 7.92 i_con 7.50 plddt 0.52 ptm 0.88 i_ptm 0.09 energy 7.40
2 models [0] recycles 0 hard 0 soft 1 temp 1 loss 7.95 i_con 7.55 plddt 0.54 ptm 0.87 i_ptm 0.14 energy 6.98
3 models [0] recycles 0 hard 0 soft 1 temp 1 loss 8.07 i_con 7.69 plddt 0.53 ptm 0.86 i_ptm 0.13 energy 6.72
4 models [1] recycles 0 hard 0 soft 1 temp 1 loss 7.80 i_con 7.43 plddt 0.56 ptm 0.88 i_ptm 0.08 energy 6.46
5 models [1] recycles 0 hard 0 soft 1 temp 1 loss 7.32 i_con 6.97 plddt 0.49 ptm 0.88 i_ptm 0.09 energy 5.98
6 models [1] recycles 0 hard 0 soft 1 temp 1 loss 7.28 i_con 6.95 plddt 0.54 ptm 0.88 i_ptm 0.09 energy 5.71
7 models [0] recycles 0 hard 0 soft 1 temp 1 loss 7.24 i_con 6.93 plddt 0.54 ptm 0.86 i_ptm 0.12 energy 5.36
8 models [0] recycles 0 hard 0 soft 1 temp 1 loss 6.07 i_con 5.77 plddt 0.46 ptm 0.86 i_ptm 0.14 energy 5.06
9 models [1] recycles 0 hard 0 soft 1 temp 1 loss 6.33 i_con 6.03 plddt 0.47 ptm 0.88 i_ptm 0.08 energy 4.90
10 models [1] recycles 0 hard 0 soft 1 temp 1 loss 6.55 i_con 6.27 plddt 0.52 ptm 0.88 i_ptm 0.07 energy 4.57
11 models [0] recycles 0 hard 0 soft 1 temp 1 loss 5.43 i_con 5.17 plddt 0.39 ptm 0.86 i_ptm 0.10 energy 4.13
12 models [1] recycles 0 hard 0 soft 1 temp 1 loss 5.97 i_con 5.71 plddt 0.46 ptm 0.88 i_ptm 0.08 energy 4.10
13 models [1] recycles 0 hard 0 soft 1 temp 1 loss 5.40 i_con 5.14 plddt 0.37 ptm 0.88 i_ptm 0.10 energy 3.93
14 models [1] recycles 0 hard 0 soft 1 temp 1 loss 5.59 i_con 5.33 plddt 0.40 ptm 0.88 i_ptm 0.10 energy 4.13
15 models [1] recycles 0 hard 0 soft 1 temp 1 loss 5.90 i_con 5.63 plddt 0.44 ptm 0.88 i_ptm 0.08 energy 4.16
16 models [0] recycles 0 hard 0 soft 1 temp 1 loss 5.10 i_con 4.83 plddt 0.39 ptm 0.87 i_ptm 0.18 energy 4.11
17 models [0] recycles 0 hard 0 soft 1 temp 1 loss 5.04 i_con 4.80 plddt 0.37 ptm 0.87 i_ptm 0.14 energy 3.59
18 models [0] recycles 0 hard 0 soft 1 temp 1 loss 4.62 i_con 4.39 plddt 0.38 ptm 0.87 i_ptm 0.24 energy 3.51
19 models [1] recycles 0 hard 0 soft 1 temp 1 loss 5.12 i_con 4.91 plddt 0.34 ptm 0.88 i_ptm 0.14 energy 2.96
20 models [0] recycles 0 hard 0 soft 1 temp 1 loss 4.87 i_con 4.65 plddt 0.35 ptm 0.87 i_ptm 0.16 energy 3.03
21 models [1] recycles 0 hard 0 soft 1 temp 1 loss 5.61 i_con 5.41 plddt 0.44 ptm 0.88 i_ptm 0.09 energy 3.06
22 models [0] recycles 0 hard 0 soft 1 temp 1 loss 4.89 i_con 4.70 plddt 0.38 ptm 0.87 i_ptm 0.20 energy 2.60
23 models [1] recycles 0 hard 0 soft 1 temp 1 loss 5.48 i_con 5.30 plddt 0.38 ptm 0.88 i_ptm 0.11 energy 2.50
24 models [0] recycles 0 hard 0 soft 1 temp 1 loss 4.77 i_con 4.57 plddt 0.37 ptm 0.87 i_ptm 0.20 energy 2.64
25 models [0] recycles 0 hard 0 soft 1 temp 1 loss 4.76 i_con 4.59 plddt 0.38 ptm 0.87 i_ptm 0.19 energy 2.29
26 models [1] recycles 0 hard 0 soft 1 temp 1 loss 5.11 i_con 4.94 plddt 0.36 ptm 0.88 i_ptm 0.15 energy 2.06
27 models [0] recycles 0 hard 0 soft 1 temp 1 loss 4.49 i_con 4.35 plddt 0.42 ptm 0.87 i_ptm 0.23 energy 1.58
28 models [1] recycles 0 hard 0 soft 1 temp 1 loss 5.34 i_con 5.20 plddt 0.34 ptm 0.88 i_ptm 0.11 energy 1.55
29 models [1] recycles 0 hard 0 soft 1 temp 1 loss 4.61 i_con 4.48 plddt 0.37 ptm 0.88 i_ptm 0.22 energy 1.46
30 models [1] recycles 0 hard 0 soft 1 temp 1 loss 5.10 i_con 4.98 plddt 0.36 ptm 0.88 i_ptm 0.17 energy 1.27
31 models [0] recycles 0 hard 0 soft 1 temp 1 loss 4.37 i_con 4.25 plddt 0.40 ptm 0.87 i_ptm 0.25 energy 1.06
32 models [0] recycles 0 hard 0 soft 1 temp 1 loss 4.33 i_con 4.25 plddt 0.42 ptm 0.87 i_ptm 0.28 energy 0.37
33 models [0] recycles 0 hard 0 soft 1 temp 1 loss 4.31 i_con 4.24 plddt 0.41 ptm 0.87 i_ptm 0.26 energy 0.25
34 models [1] recycles 0 hard 0 soft 1 temp 1 loss 5.04 i_con 4.97 plddt 0.38 ptm 0.88 i_ptm 0.17 energy 0.05
35 models [0] recycles 0 hard 0 soft 1 temp 1 loss 4.63 i_con 4.57 plddt 0.35 ptm 0.87 i_ptm 0.18 energy -0.06
36 models [0] recycles 0 hard 0 soft 1 temp 1 loss 4.31 i_con 4.25 plddt 0.40 ptm 0.87 i_ptm 0.25 energy 0.02
37 models [1] recycles 0 hard 0 soft 1 temp 1 loss 4.77 i_con 4.71 plddt 0.37 ptm 0.88 i_ptm 0.16 energy -0.11
38 models [1] recycles 0 hard 0 soft 1 temp 1 loss 4.66 i_con 4.62 plddt 0.38 ptm 0.89 i_ptm 0.21 energy -0.33
39 models [0] recycles 0 hard 0 soft 1 temp 1 loss 4.56 i_con 4.54 plddt 0.41 ptm 0.87 i_ptm 0.21 energy -0.76
40 models [1] recycles 0 hard 0 soft 1 temp 1 loss 4.97 i_con 4.93 plddt 0.37 ptm 0.88 i_ptm 0.16 energy -0.60
41 models [1] recycles 0 hard 0 soft 1 temp 1 loss 4.55 i_con 4.52 plddt 0.36 ptm 0.88 i_ptm 0.23 energy -0.60
42 models [0] recycles 0 hard 0 soft 1 temp 1 loss 4.53 i_con 4.52 plddt 0.41 ptm 0.87 i_ptm 0.24 energy -1.12
43 models [1] recycles 0 hard 0 soft 1 temp 1 loss 4.59 i_con 4.58 plddt 0.38 ptm 0.88 i_ptm 0.21 energy -0.93
44 models [0] recycles 0 hard 0 soft 1 temp 1 loss 4.20 i_con 4.21 plddt 0.42 ptm 0.87 i_ptm 0.26 energy -1.26
45 models [1] recycles 0 hard 0 soft 1 temp 1 loss 4.63 i_con 4.64 plddt 0.37 ptm 0.88 i_ptm 0.21 energy -1.49
46 models [0] recycles 0 hard 0 soft 1 temp 1 loss 4.55 i_con 4.57 plddt 0.40 ptm 0.87 i_ptm 0.25 energy -1.56
47 models [1] recycles 0 hard 0 soft 1 temp 1 loss 4.54 i_con 4.53 plddt 0.39 ptm 0.88 i_ptm 0.23 energy -1.16
48 models [0] recycles 0 hard 0 soft 1 temp 1 loss 4.31 i_con 4.32 plddt 0.43 ptm 0.87 i_ptm 0.26 energy -1.29
49 models [1] recycles 0 hard 0 soft 1 temp 1 loss 5.04 i_con 5.04 plddt 0.36 ptm 0.88 i_ptm 0.12 energy -1.33
50 models [0] recycles 0 hard 0 soft 1 temp 1 loss 4.25 i_con 4.28 plddt 0.41 ptm 0.87 i_ptm 0.25 energy -1.65
51 models [1] recycles 0 hard 0 soft 1 temp 1 loss 4.38 i_con 4.67 plddt 0.36 ptm 0.89 i_ptm 0.21 energy -1.77
52 models [1] recycles 0 hard 0 soft 1 temp 1 loss 4.47 i_con 4.84 plddt 0.37 ptm 0.89 i_ptm 0.21 energy -2.14
53 models [1] recycles 0 hard 0 soft 1 temp 1 loss 3.92 i_con 4.27 plddt 0.39 ptm 0.89 i_ptm 0.27 energy -2.05
54 models [1] recycles 0 hard 0 soft 1 temp 1 loss 4.07 i_con 4.47 plddt 0.38 ptm 0.88 i_ptm 0.22 energy -2.31
55 models [0] recycles 0 hard 0 soft 1 temp 1 loss 4.06 i_con 4.49 plddt 0.39 ptm 0.87 i_ptm 0.25 energy -2.47
56 models [0] recycles 0 hard 0 soft 1 temp 1 loss 4.09 i_con 4.52 plddt 0.41 ptm 0.87 i_ptm 0.24 energy -2.40
57 models [0] recycles 0 hard 0 soft 1 temp 1 loss 3.66 i_con 4.10 plddt 0.42 ptm 0.87 i_ptm 0.30 energy -2.47
58 models [1] recycles 0 hard 0 soft 1 temp 1 loss 3.97 i_con 4.41 plddt 0.35 ptm 0.89 i_ptm 0.25 energy -2.52
59 models [0] recycles 0 hard 0 soft 1 temp 1 loss 3.64 i_con 4.11 plddt 0.41 ptm 0.87 i_ptm 0.32 energy -2.66
60 models [1] recycles 0 hard 0 soft 1 temp 1 loss 4.21 i_con 4.67 plddt 0.37 ptm 0.88 i_ptm 0.22 energy -2.62
61 models [0] recycles 0 hard 0 soft 1 temp 1 loss 3.62 i_con 4.12 plddt 0.45 ptm 0.87 i_ptm 0.28 energy -2.74
62 models [1] recycles 0 hard 0 soft 1 temp 1 loss 4.05 i_con 4.56 plddt 0.38 ptm 0.89 i_ptm 0.24 energy -2.87
63 models [1] recycles 0 hard 0 soft 1 temp 1 loss 3.83 i_con 4.36 plddt 0.42 ptm 0.88 i_ptm 0.26 energy -2.92
64 models [1] recycles 0 hard 0 soft 1 temp 1 loss 3.71 i_con 4.22 plddt 0.38 ptm 0.89 i_ptm 0.26 energy -2.84
65 models [1] recycles 0 hard 0 soft 1 temp 1 loss 3.89 i_con 4.44 plddt 0.37 ptm 0.88 i_ptm 0.28 energy -3.05
66 models [0] recycles 0 hard 0 soft 1 temp 1 loss 3.89 i_con 4.46 plddt 0.44 ptm 0.87 i_ptm 0.23 energy -3.12
67 models [1] recycles 0 hard 0 soft 1 temp 1 loss 3.68 i_con 4.26 plddt 0.39 ptm 0.89 i_ptm 0.29 energy -3.21
68 models [1] recycles 0 hard 0 soft 1 temp 1 loss 3.76 i_con 4.36 plddt 0.38 ptm 0.89 i_ptm 0.26 energy -3.29
69 models [0] recycles 0 hard 0 soft 1 temp 1 loss 3.85 i_con 4.44 plddt 0.41 ptm 0.87 i_ptm 0.26 energy -3.25
70 models [0] recycles 0 hard 0 soft 1 temp 1 loss 3.53 i_con 4.14 plddt 0.41 ptm 0.87 i_ptm 0.29 energy -3.37
71 models [0] recycles 0 hard 0 soft 1 temp 1 loss 3.60 i_con 4.22 plddt 0.44 ptm 0.87 i_ptm 0.29 energy -3.35
72 models [0] recycles 0 hard 0 soft 1 temp 1 loss 3.67 i_con 4.29 plddt 0.42 ptm 0.87 i_ptm 0.29 energy -3.38
73 models [0] recycles 0 hard 0 soft 1 temp 1 loss 3.50 i_con 4.16 plddt 0.40 ptm 0.87 i_ptm 0.27 energy -3.62
74 models [1] recycles 0 hard 0 soft 1 temp 1 loss 3.62 i_con 4.34 plddt 0.38 ptm 0.89 i_ptm 0.26 energy -3.88
75 models [1] recycles 0 hard 0 soft 1 temp 1 loss 3.29 i_con 3.99 plddt 0.44 ptm 0.89 i_ptm 0.33 energy -3.74
76 models [0] recycles 0 hard 0 soft 1 temp 1 loss 3.09 i_con 3.85 plddt 0.44 ptm 0.88 i_ptm 0.36 energy -4.08
77 models [0] recycles 0 hard 0 soft 1 temp 1 loss 3.73 i_con 4.55 plddt 0.43 ptm 0.87 i_ptm 0.24 energy -4.40
78 models [1] recycles 0 hard 0 soft 1 temp 1 loss 3.45 i_con 4.23 plddt 0.40 ptm 0.88 i_ptm 0.27 energy -4.23
79 models [0] recycles 0 hard 0 soft 1 temp 1 loss 3.16 i_con 3.94 plddt 0.42 ptm 0.87 i_ptm 0.34 energy -4.19
80 models [0] recycles 0 hard 0 soft 1 temp 1 loss 3.32 i_con 4.14 plddt 0.45 ptm 0.87 i_ptm 0.29 energy -4.39
81 models [0] recycles 0 hard 0 soft 1 temp 1 loss 3.24 i_con 4.04 plddt 0.40 ptm 0.87 i_ptm 0.31 energy -4.32
82 models [0] recycles 0 hard 0 soft 1 temp 1 loss 3.21 i_con 4.05 plddt 0.38 ptm 0.87 i_ptm 0.30 energy -4.48
83 models [0] recycles 0 hard 0 soft 1 temp 1 loss 3.10 i_con 3.94 plddt 0.42 ptm 0.87 i_ptm 0.35 energy -4.50
84 models [1] recycles 0 hard 0 soft 1 temp 1 loss 3.25 i_con 4.11 plddt 0.39 ptm 0.89 i_ptm 0.29 energy -4.63
85 models [0] recycles 0 hard 0 soft 1 temp 1 loss 3.02 i_con 3.90 plddt 0.45 ptm 0.88 i_ptm 0.36 energy -4.67
86 models [0] recycles 0 hard 0 soft 1 temp 1 loss 3.11 i_con 3.99 plddt 0.43 ptm 0.87 i_ptm 0.31 energy -4.67
87 models [0] recycles 0 hard 0 soft 1 temp 1 loss 3.14 i_con 4.01 plddt 0.43 ptm 0.87 i_ptm 0.33 energy -4.65
88 models [0] recycles 0 hard 0 soft 1 temp 1 loss 3.12 i_con 4.03 plddt 0.45 ptm 0.87 i_ptm 0.33 energy -4.82
89 models [1] recycles 0 hard 0 soft 1 temp 1 loss 3.31 i_con 4.21 plddt 0.40 ptm 0.89 i_ptm 0.29 energy -4.81
90 models [1] recycles 0 hard 0 soft 1 temp 1 loss 3.21 i_con 4.13 plddt 0.40 ptm 0.89 i_ptm 0.29 energy -4.88
91 models [0] recycles 0 hard 0 soft 1 temp 1 loss 3.02 i_con 3.95 plddt 0.45 ptm 0.88 i_ptm 0.35 energy -4.94
92 models [1] recycles 0 hard 0 soft 1 temp 1 loss 3.13 i_con 4.08 plddt 0.40 ptm 0.89 i_ptm 0.31 energy -5.06
93 models [0] recycles 0 hard 0 soft 1 temp 1 loss 3.01 i_con 4.00 plddt 0.41 ptm 0.87 i_ptm 0.35 energy -5.24
94 models [1] recycles 0 hard 0 soft 1 temp 1 loss 3.26 i_con 4.22 plddt 0.39 ptm 0.89 i_ptm 0.28 energy -5.11
95 models [1] recycles 0 hard 0 soft 1 temp 1 loss 3.15 i_con 4.13 plddt 0.40 ptm 0.89 i_ptm 0.29 energy -5.20
96 models [0] recycles 0 hard 0 soft 1 temp 1 loss 3.05 i_con 4.02 plddt 0.43 ptm 0.87 i_ptm 0.33 energy -5.14
97 models [1] recycles 0 hard 0 soft 1 temp 1 loss 3.16 i_con 4.14 plddt 0.41 ptm 0.89 i_ptm 0.31 energy -5.20
98 models [0] recycles 0 hard 0 soft 1 temp 1 loss 3.00 i_con 4.02 plddt 0.44 ptm 0.87 i_ptm 0.33 energy -5.37
99 models [1] recycles 0 hard 0 soft 1 temp 1 loss 3.22 i_con 4.20 plddt 0.38 ptm 0.89 i_ptm 0.28 energy -5.22
100 models [1] recycles 0 hard 0 soft 1 temp 1 loss 3.21 i_con 4.17 plddt 0.39 ptm 0.89 i_ptm 0.28 energy -5.14
101 models [0] recycles 0 hard 0 soft 0 temp 1 loss 6.87 i_con 8.09 plddt 0.52 ptm 0.87 i_ptm 0.14 energy -25.40
102 models [0] recycles 0 hard 0 soft 0 temp 0.98 loss 6.39 i_con 7.63 plddt 0.54 ptm 0.86 i_ptm 0.15 energy -25.82
103 models [0] recycles 0 hard 0 soft 0 temp 0.96 loss 5.84 i_con 7.10 plddt 0.56 ptm 0.86 i_ptm 0.12 energy -25.98
104 models [1] recycles 0 hard 0 soft 0 temp 0.94 loss 4.93 i_con 6.19 plddt 0.52 ptm 0.88 i_ptm 0.09 energy -26.05
105 models [1] recycles 0 hard 0 soft 0 temp 0.92 loss 4.74 i_con 5.99 plddt 0.52 ptm 0.88 i_ptm 0.09 energy -25.98
106 models [0] recycles 0 hard 0 soft 0 temp 0.90 loss 2.67 i_con 3.92 plddt 0.50 ptm 0.88 i_ptm 0.38 energy -26.04
107 models [0] recycles 0 hard 0 soft 0 temp 0.88 loss 2.69 i_con 4.00 plddt 0.50 ptm 0.88 i_ptm 0.42 energy -27.09
108 models [0] recycles 0 hard 0 soft 0 temp 0.86 loss 2.43 i_con 3.79 plddt 0.48 ptm 0.88 i_ptm 0.44 energy -28.32
109 models [1] recycles 0 hard 0 soft 0 temp 0.84 loss 2.90 i_con 4.33 plddt 0.41 ptm 0.89 i_ptm 0.26 energy -29.73
110 models [1] recycles 0 hard 0 soft 0 temp 0.82 loss 2.37 i_con 3.81 plddt 0.49 ptm 0.90 i_ptm 0.42 energy -29.92
111 models [0] recycles 0 hard 0 soft 0 temp 0.80 loss 2.16 i_con 3.65 plddt 0.41 ptm 0.88 i_ptm 0.47 energy -30.81
112 models [0] recycles 0 hard 0 soft 0 temp 0.78 loss 2.32 i_con 3.82 plddt 0.47 ptm 0.88 i_ptm 0.44 energy -31.08
113 models [0] recycles 0 hard 0 soft 0 temp 0.76 loss 2.28 i_con 3.87 plddt 0.43 ptm 0.88 i_ptm 0.43 energy -32.83
114 models [0] recycles 0 hard 0 soft 0 temp 0.74 loss 2.05 i_con 3.67 plddt 0.44 ptm 0.88 i_ptm 0.45 energy -33.40
115 models [1] recycles 0 hard 0 soft 0 temp 0.72 loss 2.10 i_con 3.78 plddt 0.42 ptm 0.89 i_ptm 0.39 energy -34.75
116 models [1] recycles 0 hard 0 soft 0 temp 0.70 loss 2.19 i_con 3.93 plddt 0.41 ptm 0.89 i_ptm 0.37 energy -35.89
117 models [0] recycles 0 hard 0 soft 0 temp 0.68 loss 2.03 i_con 3.78 plddt 0.45 ptm 0.88 i_ptm 0.43 energy -36.13
118 models [0] recycles 0 hard 0 soft 0 temp 0.66 loss 1.98 i_con 3.82 plddt 0.44 ptm 0.88 i_ptm 0.42 energy -38.03
119 models [1] recycles 0 hard 0 soft 0 temp 0.64 loss 2.07 i_con 4.01 plddt 0.41 ptm 0.89 i_ptm 0.33 energy -39.95
120 models [0] recycles 0 hard 0 soft 0 temp 0.62 loss 1.73 i_con 3.71 plddt 0.45 ptm 0.88 i_ptm 0.44 energy -40.74
121 models [1] recycles 0 hard 0 soft 0 temp 0.60 loss 1.72 i_con 3.79 plddt 0.44 ptm 0.89 i_ptm 0.41 energy -42.49
122 models [0] recycles 0 hard 0 soft 0 temp 0.58 loss 1.45 i_con 3.57 plddt 0.41 ptm 0.88 i_ptm 0.49 energy -43.57
123 models [1] recycles 0 hard 0 soft 0 temp 0.56 loss 1.60 i_con 3.73 plddt 0.45 ptm 0.89 i_ptm 0.43 energy -43.57
124 models [0] recycles 0 hard 0 soft 0 temp 0.54 loss 1.64 i_con 3.79 plddt 0.44 ptm 0.88 i_ptm 0.40 energy -44.10
125 models [0] recycles 0 hard 0 soft 0 temp 0.52 loss 1.63 i_con 3.86 plddt 0.42 ptm 0.88 i_ptm 0.37 energy -45.71
126 models [0] recycles 0 hard 0 soft 0 temp 0.50 loss 1.38 i_con 3.70 plddt 0.47 ptm 0.88 i_ptm 0.44 energy -47.46
127 models [0] recycles 0 hard 0 soft 0 temp 0.48 loss 1.32 i_con 3.73 plddt 0.46 ptm 0.88 i_ptm 0.43 energy -49.14
128 models [0] recycles 0 hard 0 soft 0 temp 0.46 loss 1.23 i_con 3.71 plddt 0.43 ptm 0.87 i_ptm 0.40 energy -50.84
129 models [1] recycles 0 hard 0 soft 0 temp 0.44 loss 0.94 i_con 3.52 plddt 0.50 ptm 0.90 i_ptm 0.48 energy -52.73
130 models [0] recycles 0 hard 0 soft 0 temp 0.42 loss 0.94 i_con 3.61 plddt 0.48 ptm 0.88 i_ptm 0.49 energy -54.35
131 models [1] recycles 0 hard 0 soft 0 temp 0.40 loss 1.14 i_con 3.87 plddt 0.41 ptm 0.89 i_ptm 0.37 energy -55.85
132 models [1] recycles 0 hard 0 soft 0 temp 0.38 loss 1.04 i_con 3.83 plddt 0.42 ptm 0.89 i_ptm 0.37 energy -56.94
133 models [1] recycles 0 hard 0 soft 0 temp 0.36 loss 0.84 i_con 3.63 plddt 0.47 ptm 0.90 i_ptm 0.50 energy -56.79
134 models [0] recycles 0 hard 0 soft 0 temp 0.34 loss 0.93 i_con 3.70 plddt 0.48 ptm 0.88 i_ptm 0.46 energy -56.50
135 models [1] recycles 0 hard 0 soft 0 temp 0.32 loss 0.88 i_con 3.71 plddt 0.47 ptm 0.89 i_ptm 0.45 energy -57.70
136 models [1] recycles 0 hard 0 soft 0 temp 0.30 loss 0.69 i_con 3.56 plddt 0.48 ptm 0.90 i_ptm 0.51 energy -58.52
137 models [1] recycles 0 hard 0 soft 0 temp 0.28 loss 0.69 i_con 3.55 plddt 0.49 ptm 0.90 i_ptm 0.50 energy -58.23
138 models [0] recycles 0 hard 0 soft 0 temp 0.26 loss 0.97 i_con 3.84 plddt 0.43 ptm 0.88 i_ptm 0.39 energy -58.54
139 models [1] recycles 0 hard 0 soft 0 temp 0.24 loss 0.84 i_con 3.78 plddt 0.41 ptm 0.89 i_ptm 0.41 energy -59.84
140 models [0] recycles 0 hard 0 soft 0 temp 0.22 loss 0.53 i_con 3.56 plddt 0.48 ptm 0.88 i_ptm 0.51 energy -61.62
141 models [0] recycles 0 hard 0 soft 0 temp 0.20 loss 0.75 i_con 3.80 plddt 0.44 ptm 0.87 i_ptm 0.38 energy -62.20
142 models [0] recycles 0 hard 0 soft 0 temp 0.18 loss 0.57 i_con 3.67 plddt 0.46 ptm 0.88 i_ptm 0.44 energy -63.15
143 models [0] recycles 0 hard 0 soft 0 temp 0.16 loss 0.36 i_con 3.53 plddt 0.52 ptm 0.88 i_ptm 0.52 energy -64.33
144 models [0] recycles 0 hard 0 soft 0 temp 0.14 loss 0.34 i_con 3.57 plddt 0.52 ptm 0.88 i_ptm 0.54 energy -65.38
145 models [0] recycles 0 hard 0 soft 0 temp 0.12 loss 0.37 i_con 3.65 plddt 0.46 ptm 0.88 i_ptm 0.49 energy -66.81
146 models [1] recycles 0 hard 0 soft 0 temp 0.10 loss 0.23 i_con 3.61 plddt 0.49 ptm 0.90 i_ptm 0.44 energy -68.52
147 models [0] recycles 0 hard 0 soft 0 temp 0.08 loss -0.01 i_con 3.38 plddt 0.52 ptm 0.88 i_ptm 0.57 energy -68.77
148 models [1] recycles 0 hard 0 soft 0 temp 0.06 loss 0.51 i_con 3.96 plddt 0.43 ptm 0.89 i_ptm 0.34 energy -70.28
149 models [1] recycles 0 hard 0 soft 0 temp 0.04 loss 0.25 i_con 3.77 plddt 0.45 ptm 0.89 i_ptm 0.40 energy -71.37
150 models [1] recycles 0 hard 0 soft 0 temp 0.02 loss 0.26 i_con 3.78 plddt 0.44 ptm 0.89 i_ptm 0.41 energy -71.43
151 models [1] recycles 0 hard 1 soft 0 temp 0.00 loss 1.19 i_con 3.74 plddt 0.44 ptm 0.90 i_ptm 0.44 energy -5.21
152 models [1] recycles 0 hard 1 soft 0 temp 0.00 loss 1.19 i_con 3.74 plddt 0.44 ptm 0.90 i_ptm 0.44 energy -5.21
153 models [0] recycles 0 hard 1 soft 0 temp 0.00 loss 1.38 i_con 3.93 plddt 0.40 ptm 0.88 i_ptm 0.33 energy -5.21
154 models [1] recycles 0 hard 1 soft 0 temp 0.00 loss 1.19 i_con 3.74 plddt 0.44 ptm 0.90 i_ptm 0.44 energy -5.21
155 models [1] recycles 0 hard 1 soft 0 temp 0.00 loss 1.19 i_con 3.74 plddt 0.44 ptm 0.90 i_ptm 0.44 energy -5.21
156 models [0] recycles 0 hard 1 soft 0 temp 0.00 loss 1.38 i_con 3.93 plddt 0.40 ptm 0.88 i_ptm 0.33 energy -5.21
157 models [0] recycles 0 hard 1 soft 0 temp 0.00 loss 1.38 i_con 3.93 plddt 0.40 ptm 0.88 i_ptm 0.33 energy -5.21
158 models [0] recycles 0 hard 1 soft 0 temp 0.00 loss 1.38 i_con 3.93 plddt 0.40 ptm 0.88 i_ptm 0.33 energy -5.21
159 models [0] recycles 0 hard 1 soft 0 temp 0.00 loss 1.38 i_con 3.93 plddt 0.40 ptm 0.88 i_ptm 0.33 energy -5.21
160 models [1] recycles 0 hard 1 soft 0 temp 0.00 loss 1.19 i_con 3.74 plddt 0.44 ptm 0.90 i_ptm 0.44 energy -5.21
161 models [1] recycles 0 hard 1 soft 0 temp 0.00 loss 1.19 i_con 3.74 plddt 0.44 ptm 0.90 i_ptm 0.44 energy -5.21
162 models [0] recycles 0 hard 1 soft 0 temp 0.00 loss 1.38 i_con 3.93 plddt 0.40 ptm 0.88 i_ptm 0.33 energy -5.21
163 models [0] recycles 0 hard 1 soft 0 temp 0.00 loss 1.38 i_con 3.93 plddt 0.40 ptm 0.88 i_ptm 0.33 energy -5.21
164 models [0] recycles 0 hard 1 soft 0 temp 0.00 loss 1.38 i_con 3.93 plddt 0.40 ptm 0.88 i_ptm 0.33 energy -5.21
165 models [1] recycles 0 hard 1 soft 0 temp 0.00 loss 1.19 i_con 3.74 plddt 0.44 ptm 0.90 i_ptm 0.44 energy -5.21
166 models [1] recycles 0 hard 1 soft 0 temp 0.00 loss 1.19 i_con 3.74 plddt 0.44 ptm 0.90 i_ptm 0.44 energy -5.21
167 models [0] recycles 0 hard 1 soft 0 temp 0.00 loss 1.38 i_con 3.93 plddt 0.40 ptm 0.88 i_ptm 0.33 energy -5.21
168 models [0] recycles 0 hard 1 soft 0 temp 0.00 loss 1.38 i_con 3.93 plddt 0.40 ptm 0.88 i_ptm 0.33 energy -5.21
169 models [0] recycles 0 hard 1 soft 0 temp 0.00 loss 1.38 i_con 3.93 plddt 0.40 ptm 0.88 i_ptm 0.33 energy -5.21
170 models [1] recycles 0 hard 1 soft 0 temp 0.00 loss 1.19 i_con 3.74 plddt 0.44 ptm 0.90 i_ptm 0.44 energy -5.21
171 models [1] recycles 0 hard 1 soft 0 temp 0.00 loss 1.19 i_con 3.74 plddt 0.44 ptm 0.90 i_ptm 0.44 energy -5.21
172 models [1] recycles 0 hard 1 soft 0 temp 0.00 loss 1.19 i_con 3.74 plddt 0.44 ptm 0.90 i_ptm 0.44 energy -5.21
173 models [0] recycles 0 hard 1 soft 0 temp 0.00 loss 1.38 i_con 3.93 plddt 0.40 ptm 0.88 i_ptm 0.33 energy -5.21
174 models [1] recycles 0 hard 1 soft 0 temp 0.00 loss 1.19 i_con 3.74 plddt 0.44 ptm 0.90 i_ptm 0.44 energy -5.21
175 models [1] recycles 0 hard 1 soft 0 temp 0.00 loss 1.19 i_con 3.74 plddt 0.44 ptm 0.90 i_ptm 0.44 energy -5.21
176 models [1] recycles 0 hard 1 soft 0 temp 0.00 loss 1.19 i_con 3.74 plddt 0.44 ptm 0.90 i_ptm 0.44 energy -5.21
177 models [1] recycles 0 hard 1 soft 0 temp 0.00 loss 1.19 i_con 3.74 plddt 0.44 ptm 0.90 i_ptm 0.44 energy -5.21
178 models [0] recycles 0 hard 1 soft 0 temp 0.00 loss 1.38 i_con 3.93 plddt 0.40 ptm 0.88 i_ptm 0.33 energy -5.21
179 models [1] recycles 0 hard 1 soft 0 temp 0.00 loss 1.19 i_con 3.74 plddt 0.44 ptm 0.90 i_ptm 0.44 energy -5.21
180 models [0] recycles 0 hard 1 soft 0 temp 0.00 loss 1.38 i_con 3.93 plddt 0.40 ptm 0.88 i_ptm 0.33 energy -5.21
  seq=AWGGPAGVLLYYLFC  loss=1.3814  loss_af=3.9885  energy=-5.2142  i_ptm=0.3274
[10/20] seed=9 ...
1 models [1] recycles 0 hard 0 soft 1 temp 1 loss 7.75 i_con 7.33 plddt 0.53 ptm 0.88 i_ptm 0.09 energy 7.37
2 models [0] recycles 0 hard 0 soft 1 temp 1 loss 7.84 i_con 7.44 plddt 0.58 ptm 0.86 i_ptm 0.12 energy 7.07
3 models [1] recycles 0 hard 0 soft 1 temp 1 loss 8.03 i_con 7.64 plddt 0.47 ptm 0.88 i_ptm 0.08 energy 6.81
4 models [0] recycles 0 hard 0 soft 1 temp 1 loss 7.23 i_con 6.87 plddt 0.57 ptm 0.87 i_ptm 0.13 energy 6.35
5 models [0] recycles 0 hard 0 soft 1 temp 1 loss 7.58 i_con 7.22 plddt 0.54 ptm 0.86 i_ptm 0.13 energy 6.11
6 models [0] recycles 0 hard 0 soft 1 temp 1 loss 6.85 i_con 6.51 plddt 0.55 ptm 0.86 i_ptm 0.12 energy 5.87
7 models [0] recycles 0 hard 0 soft 1 temp 1 loss 7.22 i_con 6.89 plddt 0.55 ptm 0.86 i_ptm 0.13 energy 5.69
8 models [0] recycles 0 hard 0 soft 1 temp 1 loss 6.44 i_con 6.12 plddt 0.49 ptm 0.86 i_ptm 0.12 energy 5.46
9 models [0] recycles 0 hard 0 soft 1 temp 1 loss 6.15 i_con 5.83 plddt 0.48 ptm 0.86 i_ptm 0.13 energy 5.40
10 models [1] recycles 0 hard 0 soft 1 temp 1 loss 6.67 i_con 6.34 plddt 0.45 ptm 0.88 i_ptm 0.08 energy 5.49
11 models [1] recycles 0 hard 0 soft 1 temp 1 loss 6.39 i_con 6.05 plddt 0.48 ptm 0.88 i_ptm 0.08 energy 5.79
12 models [1] recycles 0 hard 0 soft 1 temp 1 loss 6.42 i_con 6.08 plddt 0.47 ptm 0.88 i_ptm 0.07 energy 5.65
13 models [1] recycles 0 hard 0 soft 1 temp 1 loss 6.04 i_con 5.70 plddt 0.48 ptm 0.88 i_ptm 0.08 energy 5.87
14 models [0] recycles 0 hard 0 soft 1 temp 1 loss 4.99 i_con 4.62 plddt 0.39 ptm 0.86 i_ptm 0.14 energy 6.21
15 models [1] recycles 0 hard 0 soft 1 temp 1 loss 5.40 i_con 5.06 plddt 0.41 ptm 0.88 i_ptm 0.10 energy 5.74
16 models [0] recycles 0 hard 0 soft 1 temp 1 loss 5.37 i_con 5.02 plddt 0.41 ptm 0.87 i_ptm 0.13 energy 5.82
17 models [1] recycles 0 hard 0 soft 1 temp 1 loss 6.06 i_con 5.72 plddt 0.48 ptm 0.88 i_ptm 0.09 energy 5.83
18 models [0] recycles 0 hard 0 soft 1 temp 1 loss 4.78 i_con 4.44 plddt 0.37 ptm 0.87 i_ptm 0.19 energy 5.41
19 models [1] recycles 0 hard 0 soft 1 temp 1 loss 6.11 i_con 5.84 plddt 0.49 ptm 0.88 i_ptm 0.08 energy 4.49
20 models [1] recycles 0 hard 0 soft 1 temp 1 loss 5.50 i_con 5.23 plddt 0.41 ptm 0.88 i_ptm 0.10 energy 4.22
21 models [0] recycles 0 hard 0 soft 1 temp 1 loss 4.84 i_con 4.57 plddt 0.39 ptm 0.87 i_ptm 0.18 energy 4.17
22 models [0] recycles 0 hard 0 soft 1 temp 1 loss 4.52 i_con 4.29 plddt 0.38 ptm 0.87 i_ptm 0.23 energy 3.53
23 models [0] recycles 0 hard 0 soft 1 temp 1 loss 4.66 i_con 4.42 plddt 0.39 ptm 0.87 i_ptm 0.22 energy 3.54
24 models [1] recycles 0 hard 0 soft 1 temp 1 loss 5.39 i_con 5.17 plddt 0.38 ptm 0.88 i_ptm 0.10 energy 3.15
25 models [1] recycles 0 hard 0 soft 1 temp 1 loss 5.79 i_con 5.56 plddt 0.41 ptm 0.88 i_ptm 0.09 energy 3.34
26 models [1] recycles 0 hard 0 soft 1 temp 1 loss 5.33 i_con 5.10 plddt 0.36 ptm 0.88 i_ptm 0.14 energy 3.21
27 models [0] recycles 0 hard 0 soft 1 temp 1 loss 4.69 i_con 4.48 plddt 0.37 ptm 0.87 i_ptm 0.18 energy 2.95
28 models [1] recycles 0 hard 0 soft 1 temp 1 loss 5.32 i_con 5.12 plddt 0.40 ptm 0.88 i_ptm 0.12 energy 2.77
29 models [1] recycles 0 hard 0 soft 1 temp 1 loss 5.35 i_con 5.16 plddt 0.37 ptm 0.88 i_ptm 0.11 energy 2.58
30 models [0] recycles 0 hard 0 soft 1 temp 1 loss 4.84 i_con 4.64 plddt 0.38 ptm 0.87 i_ptm 0.20 energy 2.75
31 models [0] recycles 0 hard 0 soft 1 temp 1 loss 4.75 i_con 4.56 plddt 0.37 ptm 0.87 i_ptm 0.18 energy 2.57
32 models [1] recycles 0 hard 0 soft 1 temp 1 loss 5.06 i_con 4.88 plddt 0.36 ptm 0.88 i_ptm 0.16 energy 2.42
33 models [1] recycles 0 hard 0 soft 1 temp 1 loss 4.68 i_con 4.51 plddt 0.34 ptm 0.88 i_ptm 0.20 energy 2.09
34 models [1] recycles 0 hard 0 soft 1 temp 1 loss 5.17 i_con 5.01 plddt 0.35 ptm 0.88 i_ptm 0.13 energy 1.88
35 models [0] recycles 0 hard 0 soft 1 temp 1 loss 4.77 i_con 4.61 plddt 0.38 ptm 0.86 i_ptm 0.14 energy 1.80
36 models [1] recycles 0 hard 0 soft 1 temp 1 loss 5.30 i_con 5.15 plddt 0.35 ptm 0.88 i_ptm 0.10 energy 1.63
37 models [1] recycles 0 hard 0 soft 1 temp 1 loss 5.20 i_con 5.06 plddt 0.40 ptm 0.88 i_ptm 0.12 energy 1.54
38 models [0] recycles 0 hard 0 soft 1 temp 1 loss 4.86 i_con 4.72 plddt 0.37 ptm 0.87 i_ptm 0.16 energy 1.67
39 models [0] recycles 0 hard 0 soft 1 temp 1 loss 4.62 i_con 4.49 plddt 0.39 ptm 0.87 i_ptm 0.21 energy 1.33
40 models [0] recycles 0 hard 0 soft 1 temp 1 loss 4.82 i_con 4.72 plddt 0.40 ptm 0.86 i_ptm 0.18 energy 0.95
41 models [1] recycles 0 hard 0 soft 1 temp 1 loss 5.43 i_con 5.33 plddt 0.42 ptm 0.88 i_ptm 0.10 energy 0.89
42 models [0] recycles 0 hard 0 soft 1 temp 1 loss 4.56 i_con 4.46 plddt 0.38 ptm 0.87 i_ptm 0.20 energy 0.64
43 models [0] recycles 0 hard 0 soft 1 temp 1 loss 4.49 i_con 4.39 plddt 0.37 ptm 0.87 i_ptm 0.21 energy 0.65
44 models [1] recycles 0 hard 0 soft 1 temp 1 loss 5.22 i_con 5.13 plddt 0.40 ptm 0.88 i_ptm 0.13 energy 0.60
45 models [0] recycles 0 hard 0 soft 1 temp 1 loss 4.45 i_con 4.37 plddt 0.38 ptm 0.87 i_ptm 0.26 energy 0.38
46 models [0] recycles 0 hard 0 soft 1 temp 1 loss 4.69 i_con 4.62 plddt 0.36 ptm 0.87 i_ptm 0.19 energy 0.09
47 models [1] recycles 0 hard 0 soft 1 temp 1 loss 5.14 i_con 5.09 plddt 0.36 ptm 0.88 i_ptm 0.11 energy -0.15
48 models [0] recycles 0 hard 0 soft 1 temp 1 loss 4.43 i_con 4.39 plddt 0.39 ptm 0.87 i_ptm 0.21 energy -0.31
49 models [1] recycles 0 hard 0 soft 1 temp 1 loss 5.05 i_con 5.02 plddt 0.41 ptm 0.88 i_ptm 0.10 energy -0.66
50 models [1] recycles 0 hard 0 soft 1 temp 1 loss 5.04 i_con 5.02 plddt 0.38 ptm 0.88 i_ptm 0.12 energy -0.77
51 models [0] recycles 0 hard 0 soft 1 temp 1 loss 4.23 i_con 4.33 plddt 0.37 ptm 0.87 i_ptm 0.21 energy -0.77
52 models [1] recycles 0 hard 0 soft 1 temp 1 loss 4.81 i_con 4.97 plddt 0.35 ptm 0.88 i_ptm 0.12 energy -1.10
53 models [0] recycles 0 hard 0 soft 1 temp 1 loss 3.92 i_con 4.14 plddt 0.41 ptm 0.87 i_ptm 0.26 energy -1.39
54 models [0] recycles 0 hard 0 soft 1 temp 1 loss 4.22 i_con 4.45 plddt 0.37 ptm 0.87 i_ptm 0.21 energy -1.47
55 models [0] recycles 0 hard 0 soft 1 temp 1 loss 3.86 i_con 4.16 plddt 0.39 ptm 0.87 i_ptm 0.24 energy -1.83
56 models [1] recycles 0 hard 0 soft 1 temp 1 loss 4.55 i_con 4.84 plddt 0.34 ptm 0.88 i_ptm 0.15 energy -1.81
57 models [1] recycles 0 hard 0 soft 1 temp 1 loss 4.04 i_con 4.38 plddt 0.38 ptm 0.88 i_ptm 0.24 energy -2.03
58 models [0] recycles 0 hard 0 soft 1 temp 1 loss 3.95 i_con 4.30 plddt 0.38 ptm 0.87 i_ptm 0.22 energy -2.05
59 models [0] recycles 0 hard 0 soft 1 temp 1 loss 3.65 i_con 4.05 plddt 0.41 ptm 0.87 i_ptm 0.28 energy -2.31
60 models [1] recycles 0 hard 0 soft 1 temp 1 loss 4.08 i_con 4.50 plddt 0.35 ptm 0.89 i_ptm 0.21 energy -2.46
61 models [1] recycles 0 hard 0 soft 1 temp 1 loss 3.95 i_con 4.39 plddt 0.37 ptm 0.88 i_ptm 0.22 energy -2.47
62 models [1] recycles 0 hard 0 soft 1 temp 1 loss 3.77 i_con 4.24 plddt 0.40 ptm 0.88 i_ptm 0.25 energy -2.65
63 models [1] recycles 0 hard 0 soft 1 temp 1 loss 4.00 i_con 4.43 plddt 0.36 ptm 0.88 i_ptm 0.25 energy -2.48
64 models [1] recycles 0 hard 0 soft 1 temp 1 loss 3.73 i_con 4.23 plddt 0.40 ptm 0.89 i_ptm 0.25 energy -2.80
65 models [1] recycles 0 hard 0 soft 1 temp 1 loss 3.89 i_con 4.41 plddt 0.38 ptm 0.88 i_ptm 0.23 energy -2.89
66 models [0] recycles 0 hard 0 soft 1 temp 1 loss 3.57 i_con 4.08 plddt 0.36 ptm 0.87 i_ptm 0.27 energy -2.90
67 models [1] recycles 0 hard 0 soft 1 temp 1 loss 3.78 i_con 4.32 plddt 0.36 ptm 0.89 i_ptm 0.25 energy -3.00
68 models [1] recycles 0 hard 0 soft 1 temp 1 loss 3.69 i_con 4.24 plddt 0.40 ptm 0.89 i_ptm 0.27 energy -3.05
69 models [0] recycles 0 hard 0 soft 1 temp 1 loss 3.56 i_con 4.13 plddt 0.40 ptm 0.87 i_ptm 0.28 energy -3.18
70 models [0] recycles 0 hard 0 soft 1 temp 1 loss 3.57 i_con 4.13 plddt 0.38 ptm 0.87 i_ptm 0.25 energy -3.09
71 models [1] recycles 0 hard 0 soft 1 temp 1 loss 4.04 i_con 4.62 plddt 0.36 ptm 0.88 i_ptm 0.21 energy -3.25
72 models [1] recycles 0 hard 0 soft 1 temp 1 loss 3.69 i_con 4.29 plddt 0.35 ptm 0.88 i_ptm 0.24 energy -3.33
73 models [0] recycles 0 hard 0 soft 1 temp 1 loss 3.35 i_con 3.98 plddt 0.43 ptm 0.87 i_ptm 0.34 energy -3.40
74 models [0] recycles 0 hard 0 soft 1 temp 1 loss 3.24 i_con 3.88 plddt 0.44 ptm 0.87 i_ptm 0.35 energy -3.49
75 models [0] recycles 0 hard 0 soft 1 temp 1 loss 3.32 i_con 3.97 plddt 0.43 ptm 0.88 i_ptm 0.32 energy -3.53
76 models [0] recycles 0 hard 0 soft 1 temp 1 loss 3.23 i_con 3.90 plddt 0.43 ptm 0.87 i_ptm 0.35 energy -3.65
77 models [0] recycles 0 hard 0 soft 1 temp 1 loss 3.48 i_con 4.17 plddt 0.41 ptm 0.87 i_ptm 0.27 energy -3.75
78 models [1] recycles 0 hard 0 soft 1 temp 1 loss 3.48 i_con 4.17 plddt 0.45 ptm 0.89 i_ptm 0.31 energy -3.76
79 models [1] recycles 0 hard 0 soft 1 temp 1 loss 3.22 i_con 3.93 plddt 0.43 ptm 0.89 i_ptm 0.31 energy -3.84
80 models [0] recycles 0 hard 0 soft 1 temp 1 loss 3.39 i_con 4.12 plddt 0.42 ptm 0.87 i_ptm 0.30 energy -3.93
81 models [0] recycles 0 hard 0 soft 1 temp 1 loss 3.13 i_con 3.87 plddt 0.44 ptm 0.88 i_ptm 0.36 energy -4.01
82 models [1] recycles 0 hard 0 soft 1 temp 1 loss 3.41 i_con 4.17 plddt 0.40 ptm 0.89 i_ptm 0.30 energy -4.07
83 models [1] recycles 0 hard 0 soft 1 temp 1 loss 3.11 i_con 3.86 plddt 0.45 ptm 0.89 i_ptm 0.38 energy -4.06
84 models [0] recycles 0 hard 0 soft 1 temp 1 loss 3.56 i_con 4.34 plddt 0.39 ptm 0.87 i_ptm 0.27 energy -4.20
85 models [0] recycles 0 hard 0 soft 1 temp 1 loss 3.11 i_con 3.89 plddt 0.42 ptm 0.87 i_ptm 0.35 energy -4.15
86 models [0] recycles 0 hard 0 soft 1 temp 1 loss 3.39 i_con 4.18 plddt 0.41 ptm 0.87 i_ptm 0.30 energy -4.25
87 models [1] recycles 0 hard 0 soft 1 temp 1 loss 3.17 i_con 3.97 plddt 0.41 ptm 0.89 i_ptm 0.35 energy -4.27
88 models [1] recycles 0 hard 0 soft 1 temp 1 loss 2.99 i_con 3.80 plddt 0.45 ptm 0.89 i_ptm 0.42 energy -4.31
89 models [0] recycles 0 hard 0 soft 1 temp 1 loss 3.07 i_con 3.91 plddt 0.43 ptm 0.88 i_ptm 0.35 energy -4.48
90 models [1] recycles 0 hard 0 soft 1 temp 1 loss 2.91 i_con 3.78 plddt 0.46 ptm 0.89 i_ptm 0.43 energy -4.63
91 models [1] recycles 0 hard 0 soft 1 temp 1 loss 2.91 i_con 3.78 plddt 0.46 ptm 0.90 i_ptm 0.43 energy -4.65
92 models [0] recycles 0 hard 0 soft 1 temp 1 loss 3.25 i_con 4.15 plddt 0.41 ptm 0.87 i_ptm 0.28 energy -4.81
93 models [0] recycles 0 hard 0 soft 1 temp 1 loss 3.13 i_con 4.04 plddt 0.40 ptm 0.87 i_ptm 0.30 energy -4.88
94 models [0] recycles 0 hard 0 soft 1 temp 1 loss 3.45 i_con 4.40 plddt 0.35 ptm 0.87 i_ptm 0.24 energy -5.08
95 models [0] recycles 0 hard 0 soft 1 temp 1 loss 3.27 i_con 4.24 plddt 0.38 ptm 0.87 i_ptm 0.26 energy -5.16
96 models [1] recycles 0 hard 0 soft 1 temp 1 loss 3.06 i_con 4.05 plddt 0.43 ptm 0.89 i_ptm 0.34 energy -5.21
97 models [0] recycles 0 hard 0 soft 1 temp 1 loss 3.22 i_con 4.22 plddt 0.38 ptm 0.87 i_ptm 0.28 energy -5.34
98 models [1] recycles 0 hard 0 soft 1 temp 1 loss 2.91 i_con 3.92 plddt 0.43 ptm 0.89 i_ptm 0.38 energy -5.31
99 models [0] recycles 0 hard 0 soft 1 temp 1 loss 3.06 i_con 4.09 plddt 0.41 ptm 0.87 i_ptm 0.30 energy -5.48
100 models [0] recycles 0 hard 0 soft 1 temp 1 loss 2.97 i_con 4.01 plddt 0.44 ptm 0.87 i_ptm 0.36 energy -5.49
101 models [0] recycles 0 hard 0 soft 0 temp 1 loss 5.48 i_con 6.70 plddt 0.52 ptm 0.87 i_ptm 0.13 energy -25.37
102 models [1] recycles 0 hard 0 soft 0 temp 0.98 loss 5.12 i_con 6.34 plddt 0.49 ptm 0.88 i_ptm 0.10 energy -25.32
103 models [1] recycles 0 hard 0 soft 0 temp 0.96 loss 5.15 i_con 6.36 plddt 0.50 ptm 0.88 i_ptm 0.09 energy -25.31
104 models [1] recycles 0 hard 0 soft 0 temp 0.94 loss 3.47 i_con 4.68 plddt 0.41 ptm 0.89 i_ptm 0.21 energy -25.26
105 models [0] recycles 0 hard 0 soft 0 temp 0.92 loss 2.83 i_con 4.04 plddt 0.45 ptm 0.87 i_ptm 0.35 energy -25.15
106 models [1] recycles 0 hard 0 soft 0 temp 0.90 loss 2.69 i_con 3.94 plddt 0.44 ptm 0.89 i_ptm 0.40 energy -26.00
107 models [1] recycles 0 hard 0 soft 0 temp 0.88 loss 3.07 i_con 4.36 plddt 0.43 ptm 0.89 i_ptm 0.24 energy -27.06
108 models [0] recycles 0 hard 0 soft 0 temp 0.86 loss 2.56 i_con 3.88 plddt 0.44 ptm 0.88 i_ptm 0.40 energy -27.48
109 models [0] recycles 0 hard 0 soft 0 temp 0.84 loss 2.51 i_con 3.88 plddt 0.43 ptm 0.88 i_ptm 0.38 energy -28.56
110 models [1] recycles 0 hard 0 soft 0 temp 0.82 loss 2.51 i_con 3.95 plddt 0.42 ptm 0.89 i_ptm 0.41 energy -29.89
111 models [1] recycles 0 hard 0 soft 0 temp 0.80 loss 2.29 i_con 3.79 plddt 0.43 ptm 0.89 i_ptm 0.42 energy -31.05
112 models [1] recycles 0 hard 0 soft 0 temp 0.78 loss 2.23 i_con 3.77 plddt 0.43 ptm 0.89 i_ptm 0.40 energy -31.99
113 models [1] recycles 0 hard 0 soft 0 temp 0.76 loss 2.06 i_con 3.66 plddt 0.48 ptm 0.89 i_ptm 0.48 energy -32.95
114 models [0] recycles 0 hard 0 soft 0 temp 0.74 loss 2.22 i_con 3.85 plddt 0.43 ptm 0.88 i_ptm 0.37 energy -33.68
115 models [1] recycles 0 hard 0 soft 0 temp 0.72 loss 1.80 i_con 3.52 plddt 0.51 ptm 0.90 i_ptm 0.56 energy -35.25
116 models [0] recycles 0 hard 0 soft 0 temp 0.70 loss 2.00 i_con 3.76 plddt 0.43 ptm 0.88 i_ptm 0.42 energy -36.37
117 models [0] recycles 0 hard 0 soft 0 temp 0.68 loss 1.94 i_con 3.78 plddt 0.44 ptm 0.88 i_ptm 0.42 energy -37.97
118 models [1] recycles 0 hard 0 soft 0 temp 0.66 loss 1.70 i_con 3.62 plddt 0.47 ptm 0.90 i_ptm 0.50 energy -39.53
119 models [1] recycles 0 hard 0 soft 0 temp 0.64 loss 1.56 i_con 3.55 plddt 0.52 ptm 0.90 i_ptm 0.56 energy -40.63
120 models [1] recycles 0 hard 0 soft 0 temp 0.62 loss 1.66 i_con 3.68 plddt 0.47 ptm 0.89 i_ptm 0.47 energy -41.45
121 models [1] recycles 0 hard 0 soft 0 temp 0.60 loss 1.50 i_con 3.57 plddt 0.50 ptm 0.90 i_ptm 0.52 energy -42.42
122 models [0] recycles 0 hard 0 soft 0 temp 0.58 loss 1.44 i_con 3.56 plddt 0.51 ptm 0.88 i_ptm 0.54 energy -43.31
123 models [0] recycles 0 hard 0 soft 0 temp 0.56 loss 1.58 i_con 3.73 plddt 0.45 ptm 0.88 i_ptm 0.46 energy -43.97
124 models [1] recycles 0 hard 0 soft 0 temp 0.54 loss 1.24 i_con 3.46 plddt 0.53 ptm 0.90 i_ptm 0.56 energy -45.19
125 models [1] recycles 0 hard 0 soft 0 temp 0.52 loss 1.13 i_con 3.39 plddt 0.55 ptm 0.90 i_ptm 0.60 energy -45.99
126 models [1] recycles 0 hard 0 soft 0 temp 0.50 loss 1.08 i_con 3.38 plddt 0.57 ptm 0.90 i_ptm 0.62 energy -46.81
127 models [1] recycles 0 hard 0 soft 0 temp 0.48 loss 0.84 i_con 3.17 plddt 0.59 ptm 0.90 i_ptm 0.67 energy -47.53
128 models [1] recycles 0 hard 0 soft 0 temp 0.46 loss 0.95 i_con 3.32 plddt 0.58 ptm 0.90 i_ptm 0.64 energy -48.34
129 models [1] recycles 0 hard 0 soft 0 temp 0.44 loss 0.78 i_con 3.20 plddt 0.59 ptm 0.91 i_ptm 0.65 energy -49.19
130 models [1] recycles 0 hard 0 soft 0 temp 0.42 loss 0.87 i_con 3.33 plddt 0.55 ptm 0.90 i_ptm 0.62 energy -50.09
131 models [0] recycles 0 hard 0 soft 0 temp 0.40 loss 1.07 i_con 3.57 plddt 0.51 ptm 0.88 i_ptm 0.52 energy -51.05
132 models [0] recycles 0 hard 0 soft 0 temp 0.38 loss 0.88 i_con 3.44 plddt 0.55 ptm 0.89 i_ptm 0.57 energy -52.03
133 models [1] recycles 0 hard 0 soft 0 temp 0.36 loss 0.35 i_con 2.92 plddt 0.61 ptm 0.91 i_ptm 0.70 energy -52.26
134 models [1] recycles 0 hard 0 soft 0 temp 0.34 loss 0.57 i_con 3.19 plddt 0.61 ptm 0.91 i_ptm 0.64 energy -53.17
135 models [1] recycles 0 hard 0 soft 0 temp 0.32 loss 0.30 i_con 2.95 plddt 0.63 ptm 0.91 i_ptm 0.72 energy -53.76
136 models [0] recycles 0 hard 0 soft 0 temp 0.30 loss 0.85 i_con 3.56 plddt 0.52 ptm 0.88 i_ptm 0.52 energy -55.10
137 models [0] recycles 0 hard 0 soft 0 temp 0.28 loss 0.71 i_con 3.46 plddt 0.53 ptm 0.89 i_ptm 0.59 energy -55.80
138 models [0] recycles 0 hard 0 soft 0 temp 0.26 loss 0.33 i_con 3.13 plddt 0.62 ptm 0.89 i_ptm 0.69 energy -56.78
139 models [0] recycles 0 hard 0 soft 0 temp 0.24 loss 0.60 i_con 3.41 plddt 0.55 ptm 0.89 i_ptm 0.59 energy -57.09
140 models [1] recycles 0 hard 0 soft 0 temp 0.22 loss 0.14 i_con 3.01 plddt 0.64 ptm 0.91 i_ptm 0.74 energy -58.09
141 models [0] recycles 0 hard 0 soft 0 temp 0.20 loss 0.20 i_con 3.12 plddt 0.60 ptm 0.89 i_ptm 0.68 energy -59.25
142 models [0] recycles 0 hard 0 soft 0 temp 0.18 loss -0.08 i_con 2.89 plddt 0.67 ptm 0.89 i_ptm 0.76 energy -60.10
143 models [1] recycles 0 hard 0 soft 0 temp 0.16 loss -0.27 i_con 2.71 plddt 0.70 ptm 0.91 i_ptm 0.79 energy -60.31
144 models [0] recycles 0 hard 0 soft 0 temp 0.14 loss 0.28 i_con 3.31 plddt 0.55 ptm 0.89 i_ptm 0.61 energy -61.48
145 models [0] recycles 0 hard 0 soft 0 temp 0.12 loss 0.18 i_con 3.23 plddt 0.59 ptm 0.89 i_ptm 0.65 energy -61.84
146 models [1] recycles 0 hard 0 soft 0 temp 0.10 loss -0.24 i_con 2.85 plddt 0.67 ptm 0.91 i_ptm 0.75 energy -62.43
147 models [0] recycles 0 hard 0 soft 0 temp 0.08 loss 0.32 i_con 3.41 plddt 0.53 ptm 0.88 i_ptm 0.56 energy -62.64
148 models [1] recycles 0 hard 0 soft 0 temp 0.06 loss -0.65 i_con 2.45 plddt 0.75 ptm 0.91 i_ptm 0.82 energy -62.61
149 models [0] recycles 0 hard 0 soft 0 temp 0.04 loss 0.01 i_con 3.16 plddt 0.62 ptm 0.89 i_ptm 0.70 energy -63.77
150 models [1] recycles 0 hard 0 soft 0 temp 0.02 loss -0.74 i_con 2.45 plddt 0.74 ptm 0.91 i_ptm 0.83 energy -64.33
151 models [1] recycles 0 hard 1 soft 0 temp 0.00 loss -0.01 i_con 3.16 plddt 0.54 ptm 0.91 i_ptm 0.68 energy -6.44
152 models [0] recycles 0 hard 1 soft 0 temp 0.00 loss 0.40 i_con 3.56 plddt 0.45 ptm 0.89 i_ptm 0.53 energy -6.44
153 models [1] recycles 0 hard 1 soft 0 temp 0.00 loss -0.01 i_con 3.16 plddt 0.54 ptm 0.91 i_ptm 0.68 energy -6.44
154 models [0] recycles 0 hard 1 soft 0 temp 0.00 loss 0.40 i_con 3.56 plddt 0.45 ptm 0.89 i_ptm 0.53 energy -6.44
155 models [1] recycles 0 hard 1 soft 0 temp 0.00 loss -0.01 i_con 3.16 plddt 0.54 ptm 0.91 i_ptm 0.68 energy -6.44
156 models [0] recycles 0 hard 1 soft 0 temp 0.00 loss 0.40 i_con 3.56 plddt 0.45 ptm 0.89 i_ptm 0.53 energy -6.44
157 models [1] recycles 0 hard 1 soft 0 temp 0.00 loss -0.01 i_con 3.16 plddt 0.54 ptm 0.91 i_ptm 0.68 energy -6.44
158 models [1] recycles 0 hard 1 soft 0 temp 0.00 loss -0.01 i_con 3.16 plddt 0.54 ptm 0.91 i_ptm 0.68 energy -6.44
159 models [1] recycles 0 hard 1 soft 0 temp 0.00 loss -0.01 i_con 3.16 plddt 0.54 ptm 0.91 i_ptm 0.68 energy -6.44
160 models [0] recycles 0 hard 1 soft 0 temp 0.00 loss 0.40 i_con 3.56 plddt 0.45 ptm 0.89 i_ptm 0.53 energy -6.44
161 models [1] recycles 0 hard 1 soft 0 temp 0.00 loss -0.01 i_con 3.16 plddt 0.54 ptm 0.91 i_ptm 0.68 energy -6.44
162 models [0] recycles 0 hard 1 soft 0 temp 0.00 loss 0.40 i_con 3.56 plddt 0.45 ptm 0.89 i_ptm 0.53 energy -6.44
163 models [0] recycles 0 hard 1 soft 0 temp 0.00 loss 0.40 i_con 3.56 plddt 0.45 ptm 0.89 i_ptm 0.53 energy -6.44
164 models [0] recycles 0 hard 1 soft 0 temp 0.00 loss 0.40 i_con 3.56 plddt 0.45 ptm 0.89 i_ptm 0.53 energy -6.44
165 models [0] recycles 0 hard 1 soft 0 temp 0.00 loss 0.40 i_con 3.56 plddt 0.45 ptm 0.89 i_ptm 0.53 energy -6.44
166 models [1] recycles 0 hard 1 soft 0 temp 0.00 loss -0.01 i_con 3.16 plddt 0.54 ptm 0.91 i_ptm 0.68 energy -6.44
167 models [1] recycles 0 hard 1 soft 0 temp 0.00 loss -0.01 i_con 3.16 plddt 0.54 ptm 0.91 i_ptm 0.68 energy -6.44
168 models [1] recycles 0 hard 1 soft 0 temp 0.00 loss -0.01 i_con 3.16 plddt 0.54 ptm 0.91 i_ptm 0.68 energy -6.44
169 models [0] recycles 0 hard 1 soft 0 temp 0.00 loss 0.40 i_con 3.56 plddt 0.45 ptm 0.89 i_ptm 0.53 energy -6.44
170 models [1] recycles 0 hard 1 soft 0 temp 0.00 loss -0.01 i_con 3.16 plddt 0.54 ptm 0.91 i_ptm 0.68 energy -6.44
171 models [1] recycles 0 hard 1 soft 0 temp 0.00 loss -0.01 i_con 3.16 plddt 0.54 ptm 0.91 i_ptm 0.68 energy -6.44
172 models [0] recycles 0 hard 1 soft 0 temp 0.00 loss 0.40 i_con 3.56 plddt 0.45 ptm 0.89 i_ptm 0.53 energy -6.44
173 models [0] recycles 0 hard 1 soft 0 temp 0.00 loss 0.40 i_con 3.56 plddt 0.45 ptm 0.89 i_ptm 0.53 energy -6.44
174 models [1] recycles 0 hard 1 soft 0 temp 0.00 loss -0.01 i_con 3.16 plddt 0.54 ptm 0.91 i_ptm 0.68 energy -6.44
175 models [1] recycles 0 hard 1 soft 0 temp 0.00 loss -0.01 i_con 3.16 plddt 0.54 ptm 0.91 i_ptm 0.68 energy -6.44
176 models [0] recycles 0 hard 1 soft 0 temp 0.00 loss 0.40 i_con 3.56 plddt 0.45 ptm 0.89 i_ptm 0.53 energy -6.44
177 models [0] recycles 0 hard 1 soft 0 temp 0.00 loss 0.40 i_con 3.56 plddt 0.45 ptm 0.89 i_ptm 0.53 energy -6.44
178 models [0] recycles 0 hard 1 soft 0 temp 0.00 loss 0.40 i_con 3.56 plddt 0.45 ptm 0.89 i_ptm 0.53 energy -6.44
179 models [1] recycles 0 hard 1 soft 0 temp 0.00 loss -0.01 i_con 3.16 plddt 0.54 ptm 0.91 i_ptm 0.68 energy -6.44
180 models [1] recycles 0 hard 1 soft 0 temp 0.00 loss -0.01 i_con 3.16 plddt 0.54 ptm 0.91 i_ptm 0.68 energy -6.44
  seq=AISGPALEVLYCIFC  loss=-0.0125  loss_af=3.2058  energy=-6.4367  i_ptm=0.6783
[11/20] seed=10 ...
1 models [1] recycles 0 hard 0 soft 1 temp 1 loss 8.00 i_con 7.58 plddt 0.57 ptm 0.88 i_ptm 0.10 energy 7.39
2 models [0] recycles 0 hard 0 soft 1 temp 1 loss 7.86 i_con 7.47 plddt 0.58 ptm 0.87 i_ptm 0.11 energy 7.05
3 models [0] recycles 0 hard 0 soft 1 temp 1 loss 7.65 i_con 7.27 plddt 0.58 ptm 0.86 i_ptm 0.13 energy 6.79
4 models [0] recycles 0 hard 0 soft 1 temp 1 loss 7.50 i_con 7.13 plddt 0.51 ptm 0.87 i_ptm 0.12 energy 6.52
5 models [0] recycles 0 hard 0 soft 1 temp 1 loss 7.13 i_con 6.77 plddt 0.55 ptm 0.86 i_ptm 0.11 energy 6.35
6 models [0] recycles 0 hard 0 soft 1 temp 1 loss 7.13 i_con 6.78 plddt 0.53 ptm 0.86 i_ptm 0.12 energy 6.14
7 models [1] recycles 0 hard 0 soft 1 temp 1 loss 7.14 i_con 6.79 plddt 0.49 ptm 0.88 i_ptm 0.08 energy 6.04
8 models [1] recycles 0 hard 0 soft 1 temp 1 loss 6.58 i_con 6.24 plddt 0.50 ptm 0.88 i_ptm 0.08 energy 5.83
9 models [0] recycles 0 hard 0 soft 1 temp 1 loss 6.18 i_con 5.84 plddt 0.49 ptm 0.87 i_ptm 0.12 energy 5.74
10 models [0] recycles 0 hard 0 soft 1 temp 1 loss 5.25 i_con 4.90 plddt 0.34 ptm 0.87 i_ptm 0.12 energy 5.74
11 models [0] recycles 0 hard 0 soft 1 temp 1 loss 5.67 i_con 5.33 plddt 0.47 ptm 0.86 i_ptm 0.10 energy 5.73
12 models [0] recycles 0 hard 0 soft 1 temp 1 loss 5.91 i_con 5.56 plddt 0.46 ptm 0.87 i_ptm 0.11 energy 6.00
13 models [1] recycles 0 hard 0 soft 1 temp 1 loss 6.12 i_con 5.80 plddt 0.47 ptm 0.88 i_ptm 0.08 energy 5.45
14 models [0] recycles 0 hard 0 soft 1 temp 1 loss 5.94 i_con 5.63 plddt 0.38 ptm 0.86 i_ptm 0.12 energy 4.96
15 models [1] recycles 0 hard 0 soft 1 temp 1 loss 5.69 i_con 5.37 plddt 0.39 ptm 0.88 i_ptm 0.09 energy 5.19
16 models [1] recycles 0 hard 0 soft 1 temp 1 loss 5.74 i_con 5.40 plddt 0.40 ptm 0.88 i_ptm 0.10 energy 5.58
17 models [1] recycles 0 hard 0 soft 1 temp 1 loss 5.33 i_con 5.00 plddt 0.37 ptm 0.88 i_ptm 0.12 energy 5.42
18 models [1] recycles 0 hard 0 soft 1 temp 1 loss 5.44 i_con 5.12 plddt 0.39 ptm 0.88 i_ptm 0.11 energy 5.21
19 models [0] recycles 0 hard 0 soft 1 temp 1 loss 5.12 i_con 4.80 plddt 0.35 ptm 0.87 i_ptm 0.16 energy 5.07
20 models [1] recycles 0 hard 0 soft 1 temp 1 loss 5.04 i_con 4.76 plddt 0.34 ptm 0.88 i_ptm 0.18 energy 4.46
21 models [1] recycles 0 hard 0 soft 1 temp 1 loss 4.91 i_con 4.63 plddt 0.36 ptm 0.88 i_ptm 0.21 energy 4.35
22 models [1] recycles 0 hard 0 soft 1 temp 1 loss 5.41 i_con 5.14 plddt 0.42 ptm 0.88 i_ptm 0.13 energy 4.11
23 models [1] recycles 0 hard 0 soft 1 temp 1 loss 5.50 i_con 5.26 plddt 0.38 ptm 0.88 i_ptm 0.11 energy 3.47
24 models [0] recycles 0 hard 0 soft 1 temp 1 loss 4.96 i_con 4.73 plddt 0.37 ptm 0.87 i_ptm 0.17 energy 3.30
25 models [0] recycles 0 hard 0 soft 1 temp 1 loss 4.52 i_con 4.32 plddt 0.38 ptm 0.87 i_ptm 0.23 energy 2.80
26 models [1] recycles 0 hard 0 soft 1 temp 1 loss 4.97 i_con 4.81 plddt 0.36 ptm 0.88 i_ptm 0.18 energy 2.05
27 models [1] recycles 0 hard 0 soft 1 temp 1 loss 5.37 i_con 5.21 plddt 0.36 ptm 0.88 i_ptm 0.12 energy 1.99
28 models [1] recycles 0 hard 0 soft 1 temp 1 loss 5.50 i_con 5.34 plddt 0.38 ptm 0.88 i_ptm 0.10 energy 1.99
29 models [0] recycles 0 hard 0 soft 1 temp 1 loss 4.88 i_con 4.71 plddt 0.37 ptm 0.87 i_ptm 0.21 energy 1.96
30 models [0] recycles 0 hard 0 soft 1 temp 1 loss 4.68 i_con 4.55 plddt 0.40 ptm 0.87 i_ptm 0.21 energy 1.45
31 models [0] recycles 0 hard 0 soft 1 temp 1 loss 4.31 i_con 4.19 plddt 0.40 ptm 0.87 i_ptm 0.26 energy 1.13
32 models [0] recycles 0 hard 0 soft 1 temp 1 loss 4.81 i_con 4.73 plddt 0.39 ptm 0.87 i_ptm 0.21 energy 0.37
33 models [1] recycles 0 hard 0 soft 1 temp 1 loss 4.94 i_con 4.87 plddt 0.35 ptm 0.89 i_ptm 0.15 energy 0.09
34 models [0] recycles 0 hard 0 soft 1 temp 1 loss 4.37 i_con 4.32 plddt 0.39 ptm 0.87 i_ptm 0.24 energy -0.24
35 models [1] recycles 0 hard 0 soft 1 temp 1 loss 4.85 i_con 4.81 plddt 0.34 ptm 0.88 i_ptm 0.16 energy -0.38
36 models [1] recycles 0 hard 0 soft 1 temp 1 loss 5.11 i_con 5.09 plddt 0.36 ptm 0.88 i_ptm 0.16 energy -0.90
37 models [0] recycles 0 hard 0 soft 1 temp 1 loss 4.44 i_con 4.44 plddt 0.36 ptm 0.87 i_ptm 0.22 energy -1.31
38 models [1] recycles 0 hard 0 soft 1 temp 1 loss 4.89 i_con 4.90 plddt 0.38 ptm 0.88 i_ptm 0.14 energy -1.37
39 models [0] recycles 0 hard 0 soft 1 temp 1 loss 4.25 i_con 4.28 plddt 0.39 ptm 0.87 i_ptm 0.24 energy -1.73
40 models [0] recycles 0 hard 0 soft 1 temp 1 loss 4.20 i_con 4.24 plddt 0.40 ptm 0.87 i_ptm 0.29 energy -2.00
41 models [1] recycles 0 hard 0 soft 1 temp 1 loss 4.26 i_con 4.29 plddt 0.38 ptm 0.88 i_ptm 0.25 energy -1.78
42 models [1] recycles 0 hard 0 soft 1 temp 1 loss 4.45 i_con 4.50 plddt 0.39 ptm 0.88 i_ptm 0.24 energy -2.09
43 models [0] recycles 0 hard 0 soft 1 temp 1 loss 4.03 i_con 4.08 plddt 0.43 ptm 0.87 i_ptm 0.29 energy -2.07
44 models [1] recycles 0 hard 0 soft 1 temp 1 loss 4.72 i_con 4.76 plddt 0.36 ptm 0.88 i_ptm 0.20 energy -2.18
45 models [0] recycles 0 hard 0 soft 1 temp 1 loss 4.14 i_con 4.20 plddt 0.43 ptm 0.87 i_ptm 0.27 energy -2.28
46 models [0] recycles 0 hard 0 soft 1 temp 1 loss 4.08 i_con 4.13 plddt 0.47 ptm 0.87 i_ptm 0.30 energy -2.22
47 models [1] recycles 0 hard 0 soft 1 temp 1 loss 4.73 i_con 4.78 plddt 0.38 ptm 0.88 i_ptm 0.18 energy -2.20
48 models [0] recycles 0 hard 0 soft 1 temp 1 loss 4.17 i_con 4.23 plddt 0.45 ptm 0.87 i_ptm 0.25 energy -2.29
49 models [0] recycles 0 hard 0 soft 1 temp 1 loss 4.21 i_con 4.27 plddt 0.41 ptm 0.87 i_ptm 0.28 energy -2.33
50 models [0] recycles 0 hard 0 soft 1 temp 1 loss 4.20 i_con 4.27 plddt 0.40 ptm 0.87 i_ptm 0.27 energy -2.52
51 models [1] recycles 0 hard 0 soft 1 temp 1 loss 4.09 i_con 4.54 plddt 0.39 ptm 0.89 i_ptm 0.24 energy -2.53
52 models [0] recycles 0 hard 0 soft 1 temp 1 loss 3.86 i_con 4.36 plddt 0.41 ptm 0.87 i_ptm 0.24 energy -2.78
53 models [1] recycles 0 hard 0 soft 1 temp 1 loss 4.06 i_con 4.56 plddt 0.38 ptm 0.88 i_ptm 0.22 energy -2.82
54 models [1] recycles 0 hard 0 soft 1 temp 1 loss 4.43 i_con 4.96 plddt 0.39 ptm 0.88 i_ptm 0.18 energy -2.98
55 models [0] recycles 0 hard 0 soft 1 temp 1 loss 3.82 i_con 4.40 plddt 0.39 ptm 0.87 i_ptm 0.24 energy -3.21
56 models [0] recycles 0 hard 0 soft 1 temp 1 loss 3.63 i_con 4.25 plddt 0.37 ptm 0.87 i_ptm 0.25 energy -3.42
57 models [0] recycles 0 hard 0 soft 1 temp 1 loss 3.45 i_con 4.11 plddt 0.39 ptm 0.87 i_ptm 0.29 energy -3.59
58 models [1] recycles 0 hard 0 soft 1 temp 1 loss 3.77 i_con 4.46 plddt 0.35 ptm 0.89 i_ptm 0.23 energy -3.77
59 models [1] recycles 0 hard 0 soft 1 temp 1 loss 3.96 i_con 4.69 plddt 0.35 ptm 0.88 i_ptm 0.18 energy -3.94
60 models [0] recycles 0 hard 0 soft 1 temp 1 loss 3.47 i_con 4.25 plddt 0.40 ptm 0.87 i_ptm 0.26 energy -4.23
61 models [0] recycles 0 hard 0 soft 1 temp 1 loss 3.46 i_con 4.32 plddt 0.43 ptm 0.87 i_ptm 0.25 energy -4.55
62 models [1] recycles 0 hard 0 soft 1 temp 1 loss 3.39 i_con 4.26 plddt 0.36 ptm 0.88 i_ptm 0.27 energy -4.69
63 models [0] recycles 0 hard 0 soft 1 temp 1 loss 3.28 i_con 4.19 plddt 0.40 ptm 0.87 i_ptm 0.25 energy -4.86
64 models [1] recycles 0 hard 0 soft 1 temp 1 loss 3.67 i_con 4.59 plddt 0.35 ptm 0.88 i_ptm 0.21 energy -4.89
65 models [1] recycles 0 hard 0 soft 1 temp 1 loss 3.51 i_con 4.42 plddt 0.36 ptm 0.89 i_ptm 0.24 energy -4.85
66 models [0] recycles 0 hard 0 soft 1 temp 1 loss 3.54 i_con 4.46 plddt 0.38 ptm 0.87 i_ptm 0.21 energy -4.95
67 models [0] recycles 0 hard 0 soft 1 temp 1 loss 3.16 i_con 4.10 plddt 0.43 ptm 0.87 i_ptm 0.25 energy -5.00
68 models [0] recycles 0 hard 0 soft 1 temp 1 loss 3.23 i_con 4.14 plddt 0.45 ptm 0.87 i_ptm 0.27 energy -4.86
69 models [0] recycles 0 hard 0 soft 1 temp 1 loss 3.20 i_con 4.16 plddt 0.37 ptm 0.87 i_ptm 0.24 energy -5.12
70 models [0] recycles 0 hard 0 soft 1 temp 1 loss 3.39 i_con 4.32 plddt 0.42 ptm 0.87 i_ptm 0.24 energy -4.98
71 models [1] recycles 0 hard 0 soft 1 temp 1 loss 3.46 i_con 4.43 plddt 0.36 ptm 0.88 i_ptm 0.22 energy -5.15
72 models [0] recycles 0 hard 0 soft 1 temp 1 loss 3.24 i_con 4.25 plddt 0.41 ptm 0.87 i_ptm 0.25 energy -5.35
73 models [0] recycles 0 hard 0 soft 1 temp 1 loss 3.23 i_con 4.19 plddt 0.43 ptm 0.87 i_ptm 0.25 energy -5.10
74 models [0] recycles 0 hard 0 soft 1 temp 1 loss 3.37 i_con 4.40 plddt 0.44 ptm 0.87 i_ptm 0.22 energy -5.46
75 models [1] recycles 0 hard 0 soft 1 temp 1 loss 3.71 i_con 4.68 plddt 0.39 ptm 0.88 i_ptm 0.19 energy -5.14
76 models [1] recycles 0 hard 0 soft 1 temp 1 loss 3.34 i_con 4.34 plddt 0.39 ptm 0.89 i_ptm 0.24 energy -5.30
77 models [1] recycles 0 hard 0 soft 1 temp 1 loss 3.24 i_con 4.25 plddt 0.40 ptm 0.89 i_ptm 0.26 energy -5.36
78 models [0] recycles 0 hard 0 soft 1 temp 1 loss 3.42 i_con 4.48 plddt 0.39 ptm 0.87 i_ptm 0.24 energy -5.60
79 models [0] recycles 0 hard 0 soft 1 temp 1 loss 3.16 i_con 4.21 plddt 0.39 ptm 0.87 i_ptm 0.25 energy -5.52
80 models [1] recycles 0 hard 0 soft 1 temp 1 loss 3.81 i_con 4.83 plddt 0.35 ptm 0.88 i_ptm 0.19 energy -5.44
81 models [1] recycles 0 hard 0 soft 1 temp 1 loss 3.33 i_con 4.32 plddt 0.38 ptm 0.89 i_ptm 0.24 energy -5.28
82 models [1] recycles 0 hard 0 soft 1 temp 1 loss 3.20 i_con 4.25 plddt 0.40 ptm 0.89 i_ptm 0.26 energy -5.59
83 models [0] recycles 0 hard 0 soft 1 temp 1 loss 3.01 i_con 4.09 plddt 0.40 ptm 0.87 i_ptm 0.29 energy -5.71
84 models [1] recycles 0 hard 0 soft 1 temp 1 loss 3.13 i_con 4.27 plddt 0.39 ptm 0.89 i_ptm 0.24 energy -6.04
85 models [0] recycles 0 hard 0 soft 1 temp 1 loss 3.10 i_con 4.22 plddt 0.38 ptm 0.87 i_ptm 0.26 energy -5.91
86 models [1] recycles 0 hard 0 soft 1 temp 1 loss 2.89 i_con 4.09 plddt 0.41 ptm 0.89 i_ptm 0.30 energy -6.29
87 models [1] recycles 0 hard 0 soft 1 temp 1 loss 2.84 i_con 4.06 plddt 0.41 ptm 0.89 i_ptm 0.29 energy -6.37
88 models [1] recycles 0 hard 0 soft 1 temp 1 loss 2.88 i_con 4.12 plddt 0.41 ptm 0.89 i_ptm 0.29 energy -6.48
89 models [1] recycles 0 hard 0 soft 1 temp 1 loss 2.89 i_con 4.10 plddt 0.40 ptm 0.89 i_ptm 0.29 energy -6.34
90 models [0] recycles 0 hard 0 soft 1 temp 1 loss 2.81 i_con 4.04 plddt 0.42 ptm 0.87 i_ptm 0.30 energy -6.44
91 models [1] recycles 0 hard 0 soft 1 temp 1 loss 2.60 i_con 3.87 plddt 0.43 ptm 0.90 i_ptm 0.37 energy -6.66
92 models [0] recycles 0 hard 0 soft 1 temp 1 loss 2.95 i_con 4.17 plddt 0.39 ptm 0.87 i_ptm 0.26 energy -6.38
93 models [1] recycles 0 hard 0 soft 1 temp 1 loss 2.77 i_con 4.04 plddt 0.43 ptm 0.89 i_ptm 0.32 energy -6.63
94 models [1] recycles 0 hard 0 soft 1 temp 1 loss 3.20 i_con 4.48 plddt 0.41 ptm 0.88 i_ptm 0.22 energy -6.68
95 models [1] recycles 0 hard 0 soft 1 temp 1 loss 2.79 i_con 4.04 plddt 0.43 ptm 0.89 i_ptm 0.31 energy -6.57
96 models [1] recycles 0 hard 0 soft 1 temp 1 loss 2.59 i_con 3.87 plddt 0.45 ptm 0.89 i_ptm 0.39 energy -6.70
97 models [0] recycles 0 hard 0 soft 1 temp 1 loss 2.78 i_con 4.05 plddt 0.42 ptm 0.87 i_ptm 0.30 energy -6.67
98 models [0] recycles 0 hard 0 soft 1 temp 1 loss 2.98 i_con 4.28 plddt 0.39 ptm 0.87 i_ptm 0.24 energy -6.82
99 models [1] recycles 0 hard 0 soft 1 temp 1 loss 2.87 i_con 4.15 plddt 0.38 ptm 0.89 i_ptm 0.28 energy -6.69
100 models [0] recycles 0 hard 0 soft 1 temp 1 loss 2.77 i_con 4.05 plddt 0.41 ptm 0.87 i_ptm 0.28 energy -6.68
101 models [0] recycles 0 hard 0 soft 0 temp 1 loss 5.40 i_con 7.12 plddt 0.65 ptm 0.87 i_ptm 0.11 energy -35.18
102 models [1] recycles 0 hard 0 soft 0 temp 0.98 loss 5.23 i_con 6.97 plddt 0.67 ptm 0.88 i_ptm 0.10 energy -35.48
103 models [0] recycles 0 hard 0 soft 0 temp 0.96 loss 2.70 i_con 4.44 plddt 0.50 ptm 0.87 i_ptm 0.29 energy -35.67
104 models [0] recycles 0 hard 0 soft 0 temp 0.94 loss 2.72 i_con 4.47 plddt 0.49 ptm 0.87 i_ptm 0.27 energy -35.86
105 models [1] recycles 0 hard 0 soft 0 temp 0.92 loss 2.37 i_con 4.12 plddt 0.46 ptm 0.89 i_ptm 0.29 energy -35.94
106 models [0] recycles 0 hard 0 soft 0 temp 0.90 loss 2.22 i_con 3.96 plddt 0.46 ptm 0.87 i_ptm 0.37 energy -35.88
107 models [0] recycles 0 hard 0 soft 0 temp 0.88 loss 2.19 i_con 3.97 plddt 0.44 ptm 0.87 i_ptm 0.33 energy -36.66
108 models [1] recycles 0 hard 0 soft 0 temp 0.86 loss 2.05 i_con 3.89 plddt 0.45 ptm 0.89 i_ptm 0.36 energy -37.90
109 models [0] recycles 0 hard 0 soft 0 temp 0.84 loss 1.86 i_con 3.71 plddt 0.44 ptm 0.88 i_ptm 0.42 energy -38.10
110 models [0] recycles 0 hard 0 soft 0 temp 0.82 loss 1.75 i_con 3.68 plddt 0.49 ptm 0.88 i_ptm 0.45 energy -39.60
111 models [1] recycles 0 hard 0 soft 0 temp 0.80 loss 1.57 i_con 3.58 plddt 0.50 ptm 0.90 i_ptm 0.48 energy -41.17
112 models [0] recycles 0 hard 0 soft 0 temp 0.78 loss 1.87 i_con 3.90 plddt 0.44 ptm 0.87 i_ptm 0.36 energy -41.63
113 models [1] recycles 0 hard 0 soft 0 temp 0.76 loss 1.75 i_con 3.84 plddt 0.42 ptm 0.89 i_ptm 0.36 energy -42.98
114 models [1] recycles 0 hard 0 soft 0 temp 0.74 loss 1.05 i_con 3.19 plddt 0.53 ptm 0.90 i_ptm 0.60 energy -43.68
115 models [0] recycles 0 hard 0 soft 0 temp 0.72 loss 1.48 i_con 3.66 plddt 0.47 ptm 0.88 i_ptm 0.44 energy -44.78
116 models [0] recycles 0 hard 0 soft 0 temp 0.70 loss 1.51 i_con 3.78 plddt 0.44 ptm 0.88 i_ptm 0.40 energy -46.50
117 models [0] recycles 0 hard 0 soft 0 temp 0.68 loss 1.09 i_con 3.44 plddt 0.52 ptm 0.88 i_ptm 0.53 energy -47.89
118 models [1] recycles 0 hard 0 soft 0 temp 0.66 loss 1.06 i_con 3.49 plddt 0.50 ptm 0.90 i_ptm 0.50 energy -49.57
119 models [1] recycles 0 hard 0 soft 0 temp 0.64 loss 1.01 i_con 3.46 plddt 0.49 ptm 0.90 i_ptm 0.49 energy -50.04
120 models [0] recycles 0 hard 0 soft 0 temp 0.62 loss 1.02 i_con 3.51 plddt 0.50 ptm 0.88 i_ptm 0.51 energy -50.79
121 models [1] recycles 0 hard 0 soft 0 temp 0.60 loss 0.81 i_con 3.34 plddt 0.55 ptm 0.90 i_ptm 0.55 energy -51.49
122 models [1] recycles 0 hard 0 soft 0 temp 0.58 loss 0.68 i_con 3.22 plddt 0.54 ptm 0.90 i_ptm 0.61 energy -51.84
123 models [1] recycles 0 hard 0 soft 0 temp 0.56 loss 0.47 i_con 3.10 plddt 0.58 ptm 0.90 i_ptm 0.63 energy -53.38
124 models [1] recycles 0 hard 0 soft 0 temp 0.54 loss 0.42 i_con 3.11 plddt 0.58 ptm 0.90 i_ptm 0.61 energy -54.67
125 models [1] recycles 0 hard 0 soft 0 temp 0.52 loss 0.78 i_con 3.52 plddt 0.50 ptm 0.90 i_ptm 0.52 energy -55.84
126 models [1] recycles 0 hard 0 soft 0 temp 0.50 loss 0.40 i_con 3.20 plddt 0.58 ptm 0.90 i_ptm 0.62 energy -56.79
127 models [0] recycles 0 hard 0 soft 0 temp 0.48 loss 0.79 i_con 3.63 plddt 0.46 ptm 0.88 i_ptm 0.48 energy -57.77
128 models [1] recycles 0 hard 0 soft 0 temp 0.46 loss 0.54 i_con 3.43 plddt 0.55 ptm 0.90 i_ptm 0.53 energy -58.65
129 models [0] recycles 0 hard 0 soft 0 temp 0.44 loss 0.63 i_con 3.51 plddt 0.51 ptm 0.88 i_ptm 0.50 energy -58.54
130 models [1] recycles 0 hard 0 soft 0 temp 0.42 loss 0.22 i_con 3.18 plddt 0.56 ptm 0.91 i_ptm 0.60 energy -59.96
131 models [1] recycles 0 hard 0 soft 0 temp 0.40 loss 0.18 i_con 3.16 plddt 0.57 ptm 0.91 i_ptm 0.62 energy -60.57
132 models [1] recycles 0 hard 0 soft 0 temp 0.38 loss 0.17 i_con 3.17 plddt 0.61 ptm 0.91 i_ptm 0.65 energy -60.63
133 models [0] recycles 0 hard 0 soft 0 temp 0.36 loss 0.57 i_con 3.59 plddt 0.46 ptm 0.88 i_ptm 0.46 energy -61.53
134 models [0] recycles 0 hard 0 soft 0 temp 0.34 loss 0.31 i_con 3.42 plddt 0.50 ptm 0.88 i_ptm 0.54 energy -63.22
135 models [1] recycles 0 hard 0 soft 0 temp 0.32 loss -0.21 i_con 2.99 plddt 0.59 ptm 0.90 i_ptm 0.64 energy -64.77
136 models [0] recycles 0 hard 0 soft 0 temp 0.30 loss 0.34 i_con 3.59 plddt 0.48 ptm 0.88 i_ptm 0.49 energy -66.03
137 models [1] recycles 0 hard 0 soft 0 temp 0.28 loss -0.25 i_con 3.08 plddt 0.59 ptm 0.91 i_ptm 0.64 energy -67.42
138 models [0] recycles 0 hard 0 soft 0 temp 0.26 loss -0.04 i_con 3.35 plddt 0.50 ptm 0.88 i_ptm 0.54 energy -68.82
139 models [0] recycles 0 hard 0 soft 0 temp 0.24 loss 0.14 i_con 3.60 plddt 0.49 ptm 0.88 i_ptm 0.47 energy -70.09
140 models [1] recycles 0 hard 0 soft 0 temp 0.22 loss -0.27 i_con 3.27 plddt 0.55 ptm 0.90 i_ptm 0.57 energy -71.58
141 models [1] recycles 0 hard 0 soft 0 temp 0.20 loss -0.63 i_con 2.95 plddt 0.61 ptm 0.91 i_ptm 0.65 energy -72.47
142 models [0] recycles 0 hard 0 soft 0 temp 0.18 loss -0.10 i_con 3.55 plddt 0.51 ptm 0.88 i_ptm 0.53 energy -73.86
143 models [1] recycles 0 hard 0 soft 0 temp 0.16 loss -0.03 i_con 3.64 plddt 0.48 ptm 0.90 i_ptm 0.45 energy -74.46
144 models [0] recycles 0 hard 0 soft 0 temp 0.14 loss -0.22 i_con 3.46 plddt 0.49 ptm 0.88 i_ptm 0.49 energy -74.61
145 models [1] recycles 0 hard 0 soft 0 temp 0.12 loss -0.77 i_con 2.97 plddt 0.61 ptm 0.91 i_ptm 0.69 energy -75.64
146 models [1] recycles 0 hard 0 soft 0 temp 0.10 loss -0.90 i_con 2.88 plddt 0.62 ptm 0.90 i_ptm 0.70 energy -76.32
147 models [1] recycles 0 hard 0 soft 0 temp 0.08 loss -0.69 i_con 3.11 plddt 0.62 ptm 0.91 i_ptm 0.66 energy -76.81
148 models [1] recycles 0 hard 0 soft 0 temp 0.06 loss -0.98 i_con 2.86 plddt 0.64 ptm 0.91 i_ptm 0.72 energy -77.37
149 models [1] recycles 0 hard 0 soft 0 temp 0.04 loss -1.17 i_con 2.72 plddt 0.65 ptm 0.91 i_ptm 0.72 energy -78.45
150 models [1] recycles 0 hard 0 soft 0 temp 0.02 loss -1.22 i_con 2.71 plddt 0.65 ptm 0.91 i_ptm 0.74 energy -79.43
151 models [0] recycles 0 hard 1 soft 0 temp 0.00 loss 0.16 i_con 4.01 plddt 0.34 ptm 0.88 i_ptm 0.28 energy -7.84
152 models [1] recycles 0 hard 1 soft 0 temp 0.00 loss -0.00 i_con 3.85 plddt 0.39 ptm 0.90 i_ptm 0.39 energy -7.84
153 models [1] recycles 0 hard 1 soft 0 temp 0.00 loss -0.00 i_con 3.85 plddt 0.39 ptm 0.90 i_ptm 0.39 energy -7.84
154 models [1] recycles 0 hard 1 soft 0 temp 0.00 loss -0.00 i_con 3.85 plddt 0.39 ptm 0.90 i_ptm 0.39 energy -7.84
155 models [1] recycles 0 hard 1 soft 0 temp 0.00 loss -0.00 i_con 3.85 plddt 0.39 ptm 0.90 i_ptm 0.39 energy -7.84
156 models [0] recycles 0 hard 1 soft 0 temp 0.00 loss 0.16 i_con 4.01 plddt 0.34 ptm 0.88 i_ptm 0.28 energy -7.84
157 models [0] recycles 0 hard 1 soft 0 temp 0.00 loss 0.16 i_con 4.01 plddt 0.34 ptm 0.88 i_ptm 0.28 energy -7.84
158 models [0] recycles 0 hard 1 soft 0 temp 0.00 loss 0.16 i_con 4.01 plddt 0.34 ptm 0.88 i_ptm 0.28 energy -7.84
159 models [0] recycles 0 hard 1 soft 0 temp 0.00 loss 0.16 i_con 4.01 plddt 0.34 ptm 0.88 i_ptm 0.28 energy -7.84
160 models [0] recycles 0 hard 1 soft 0 temp 0.00 loss 0.16 i_con 4.01 plddt 0.34 ptm 0.88 i_ptm 0.28 energy -7.84
161 models [0] recycles 0 hard 1 soft 0 temp 0.00 loss 0.16 i_con 4.01 plddt 0.34 ptm 0.88 i_ptm 0.28 energy -7.84
162 models [0] recycles 0 hard 1 soft 0 temp 0.00 loss 0.16 i_con 4.01 plddt 0.34 ptm 0.88 i_ptm 0.28 energy -7.84
163 models [0] recycles 0 hard 1 soft 0 temp 0.00 loss 0.16 i_con 4.01 plddt 0.34 ptm 0.88 i_ptm 0.28 energy -7.84
164 models [0] recycles 0 hard 1 soft 0 temp 0.00 loss 0.16 i_con 4.01 plddt 0.34 ptm 0.88 i_ptm 0.28 energy -7.84
165 models [0] recycles 0 hard 1 soft 0 temp 0.00 loss 0.16 i_con 4.01 plddt 0.34 ptm 0.88 i_ptm 0.28 energy -7.84
166 models [0] recycles 0 hard 1 soft 0 temp 0.00 loss 0.16 i_con 4.01 plddt 0.34 ptm 0.88 i_ptm 0.28 energy -7.84
167 models [1] recycles 0 hard 1 soft 0 temp 0.00 loss -0.00 i_con 3.85 plddt 0.39 ptm 0.90 i_ptm 0.39 energy -7.84
168 models [1] recycles 0 hard 1 soft 0 temp 0.00 loss -0.00 i_con 3.85 plddt 0.39 ptm 0.90 i_ptm 0.39 energy -7.84
169 models [1] recycles 0 hard 1 soft 0 temp 0.00 loss -0.00 i_con 3.85 plddt 0.39 ptm 0.90 i_ptm 0.39 energy -7.84
170 models [1] recycles 0 hard 1 soft 0 temp 0.00 loss -0.00 i_con 3.85 plddt 0.39 ptm 0.90 i_ptm 0.39 energy -7.84
171 models [1] recycles 0 hard 1 soft 0 temp 0.00 loss -0.00 i_con 3.85 plddt 0.39 ptm 0.90 i_ptm 0.39 energy -7.84
172 models [1] recycles 0 hard 1 soft 0 temp 0.00 loss -0.00 i_con 3.85 plddt 0.39 ptm 0.90 i_ptm 0.39 energy -7.84
173 models [1] recycles 0 hard 1 soft 0 temp 0.00 loss -0.00 i_con 3.85 plddt 0.39 ptm 0.90 i_ptm 0.39 energy -7.84
174 models [0] recycles 0 hard 1 soft 0 temp 0.00 loss 0.16 i_con 4.01 plddt 0.34 ptm 0.88 i_ptm 0.28 energy -7.84
175 models [1] recycles 0 hard 1 soft 0 temp 0.00 loss -0.00 i_con 3.85 plddt 0.39 ptm 0.90 i_ptm 0.39 energy -7.84
176 models [1] recycles 0 hard 1 soft 0 temp 0.00 loss -0.00 i_con 3.85 plddt 0.39 ptm 0.90 i_ptm 0.39 energy -7.84
177 models [1] recycles 0 hard 1 soft 0 temp 0.00 loss -0.00 i_con 3.85 plddt 0.39 ptm 0.90 i_ptm 0.39 energy -7.84
178 models [1] recycles 0 hard 1 soft 0 temp 0.00 loss -0.00 i_con 3.85 plddt 0.39 ptm 0.90 i_ptm 0.39 energy -7.84
179 models [0] recycles 0 hard 1 soft 0 temp 0.00 loss 0.16 i_con 4.01 plddt 0.34 ptm 0.88 i_ptm 0.28 energy -7.84
180 models [1] recycles 0 hard 1 soft 0 temp 0.00 loss -0.00 i_con 3.85 plddt 0.39 ptm 0.90 i_ptm 0.39 energy -7.84
  seq=AIGGPCAQLNYLLFC  loss=-0.0045  loss_af=3.9144  energy=-7.8378  i_ptm=0.3949
[12/20] seed=11 ...
1 models [0] recycles 0 hard 0 soft 1 temp 1 loss 7.89 i_con 7.48 plddt 0.58 ptm 0.87 i_ptm 0.13 energy 7.38
2 models [1] recycles 0 hard 0 soft 1 temp 1 loss 7.69 i_con 7.29 plddt 0.51 ptm 0.88 i_ptm 0.09 energy 7.15
3 models [0] recycles 0 hard 0 soft 1 temp 1 loss 7.72 i_con 7.33 plddt 0.54 ptm 0.86 i_ptm 0.13 energy 6.84
4 models [1] recycles 0 hard 0 soft 1 temp 1 loss 7.79 i_con 7.41 plddt 0.54 ptm 0.88 i_ptm 0.08 energy 6.67
5 models [0] recycles 0 hard 0 soft 1 temp 1 loss 7.25 i_con 6.89 plddt 0.54 ptm 0.86 i_ptm 0.13 energy 6.32
6 models [0] recycles 0 hard 0 soft 1 temp 1 loss 7.08 i_con 6.73 plddt 0.49 ptm 0.86 i_ptm 0.13 energy 6.08
7 models [0] recycles 0 hard 0 soft 1 temp 1 loss 6.80 i_con 6.46 plddt 0.52 ptm 0.86 i_ptm 0.12 energy 5.92
8 models [0] recycles 0 hard 0 soft 1 temp 1 loss 6.27 i_con 5.94 plddt 0.50 ptm 0.86 i_ptm 0.13 energy 5.77
9 models [0] recycles 0 hard 0 soft 1 temp 1 loss 6.14 i_con 5.80 plddt 0.46 ptm 0.86 i_ptm 0.12 energy 5.73
10 models [0] recycles 0 hard 0 soft 1 temp 1 loss 5.48 i_con 5.13 plddt 0.40 ptm 0.86 i_ptm 0.11 energy 5.70
11 models [0] recycles 0 hard 0 soft 1 temp 1 loss 6.03 i_con 5.68 plddt 0.41 ptm 0.86 i_ptm 0.10 energy 5.75
12 models [1] recycles 0 hard 0 soft 1 temp 1 loss 6.01 i_con 5.69 plddt 0.45 ptm 0.88 i_ptm 0.08 energy 5.26
13 models [1] recycles 0 hard 0 soft 1 temp 1 loss 6.46 i_con 6.15 plddt 0.46 ptm 0.88 i_ptm 0.08 energy 5.20
14 models [0] recycles 0 hard 0 soft 1 temp 1 loss 5.19 i_con 4.87 plddt 0.39 ptm 0.87 i_ptm 0.12 energy 5.27
15 models [0] recycles 0 hard 0 soft 1 temp 1 loss 4.88 i_con 4.56 plddt 0.37 ptm 0.87 i_ptm 0.22 energy 5.20
16 models [1] recycles 0 hard 0 soft 1 temp 1 loss 5.73 i_con 5.45 plddt 0.43 ptm 0.88 i_ptm 0.08 energy 4.38
17 models [0] recycles 0 hard 0 soft 1 temp 1 loss 4.95 i_con 4.67 plddt 0.38 ptm 0.87 i_ptm 0.21 energy 4.30
18 models [1] recycles 0 hard 0 soft 1 temp 1 loss 6.06 i_con 5.80 plddt 0.45 ptm 0.88 i_ptm 0.09 energy 4.05
19 models [1] recycles 0 hard 0 soft 1 temp 1 loss 5.69 i_con 5.44 plddt 0.39 ptm 0.88 i_ptm 0.09 energy 3.91
20 models [0] recycles 0 hard 0 soft 1 temp 1 loss 4.71 i_con 4.46 plddt 0.38 ptm 0.87 i_ptm 0.23 energy 3.93
21 models [0] recycles 0 hard 0 soft 1 temp 1 loss 5.28 i_con 5.03 plddt 0.37 ptm 0.87 i_ptm 0.14 energy 3.84
22 models [1] recycles 0 hard 0 soft 1 temp 1 loss 5.50 i_con 5.28 plddt 0.37 ptm 0.88 i_ptm 0.11 energy 3.26
23 models [1] recycles 0 hard 0 soft 1 temp 1 loss 5.25 i_con 5.01 plddt 0.38 ptm 0.88 i_ptm 0.17 energy 3.68
24 models [1] recycles 0 hard 0 soft 1 temp 1 loss 5.51 i_con 5.28 plddt 0.37 ptm 0.88 i_ptm 0.11 energy 3.31
25 models [0] recycles 0 hard 0 soft 1 temp 1 loss 4.55 i_con 4.35 plddt 0.39 ptm 0.87 i_ptm 0.27 energy 2.83
26 models [1] recycles 0 hard 0 soft 1 temp 1 loss 5.24 i_con 5.05 plddt 0.38 ptm 0.88 i_ptm 0.16 energy 2.54
27 models [0] recycles 0 hard 0 soft 1 temp 1 loss 5.16 i_con 5.00 plddt 0.40 ptm 0.87 i_ptm 0.14 energy 1.97
28 models [1] recycles 0 hard 0 soft 1 temp 1 loss 5.48 i_con 5.33 plddt 0.39 ptm 0.88 i_ptm 0.10 energy 1.87
29 models [1] recycles 0 hard 0 soft 1 temp 1 loss 5.05 i_con 4.92 plddt 0.36 ptm 0.88 i_ptm 0.12 energy 1.34
30 models [1] recycles 0 hard 0 soft 1 temp 1 loss 5.36 i_con 5.25 plddt 0.38 ptm 0.88 i_ptm 0.11 energy 0.95
31 models [1] recycles 0 hard 0 soft 1 temp 1 loss 4.89 i_con 4.79 plddt 0.34 ptm 0.88 i_ptm 0.18 energy 0.63
32 models [0] recycles 0 hard 0 soft 1 temp 1 loss 4.36 i_con 4.28 plddt 0.44 ptm 0.87 i_ptm 0.28 energy 0.51
33 models [1] recycles 0 hard 0 soft 1 temp 1 loss 4.68 i_con 4.60 plddt 0.36 ptm 0.89 i_ptm 0.20 energy 0.32
34 models [0] recycles 0 hard 0 soft 1 temp 1 loss 4.39 i_con 4.33 plddt 0.38 ptm 0.87 i_ptm 0.25 energy 0.08
35 models [1] recycles 0 hard 0 soft 1 temp 1 loss 5.13 i_con 5.08 plddt 0.36 ptm 0.88 i_ptm 0.15 energy -0.32
36 models [0] recycles 0 hard 0 soft 1 temp 1 loss 4.34 i_con 4.32 plddt 0.42 ptm 0.87 i_ptm 0.26 energy -0.67
37 models [1] recycles 0 hard 0 soft 1 temp 1 loss 5.04 i_con 5.00 plddt 0.39 ptm 0.88 i_ptm 0.17 energy -0.61
38 models [1] recycles 0 hard 0 soft 1 temp 1 loss 4.81 i_con 4.81 plddt 0.33 ptm 0.88 i_ptm 0.20 energy -1.25
39 models [1] recycles 0 hard 0 soft 1 temp 1 loss 4.71 i_con 4.72 plddt 0.38 ptm 0.88 i_ptm 0.22 energy -1.28
40 models [0] recycles 0 hard 0 soft 1 temp 1 loss 4.32 i_con 4.34 plddt 0.40 ptm 0.87 i_ptm 0.29 energy -1.62
41 models [0] recycles 0 hard 0 soft 1 temp 1 loss 4.22 i_con 4.25 plddt 0.41 ptm 0.87 i_ptm 0.29 energy -1.61
42 models [1] recycles 0 hard 0 soft 1 temp 1 loss 5.03 i_con 5.05 plddt 0.39 ptm 0.88 i_ptm 0.12 energy -1.78
43 models [1] recycles 0 hard 0 soft 1 temp 1 loss 4.40 i_con 4.44 plddt 0.37 ptm 0.89 i_ptm 0.25 energy -2.13
44 models [0] recycles 0 hard 0 soft 1 temp 1 loss 4.55 i_con 4.62 plddt 0.42 ptm 0.87 i_ptm 0.23 energy -2.52
45 models [0] recycles 0 hard 0 soft 1 temp 1 loss 4.32 i_con 4.38 plddt 0.41 ptm 0.87 i_ptm 0.30 energy -2.35
46 models [1] recycles 0 hard 0 soft 1 temp 1 loss 4.32 i_con 4.38 plddt 0.35 ptm 0.89 i_ptm 0.24 energy -2.43
47 models [0] recycles 0 hard 0 soft 1 temp 1 loss 4.04 i_con 4.11 plddt 0.44 ptm 0.87 i_ptm 0.31 energy -2.48
48 models [1] recycles 0 hard 0 soft 1 temp 1 loss 4.53 i_con 4.60 plddt 0.37 ptm 0.88 i_ptm 0.22 energy -2.52
49 models [0] recycles 0 hard 0 soft 1 temp 1 loss 4.22 i_con 4.29 plddt 0.38 ptm 0.87 i_ptm 0.24 energy -2.63
50 models [1] recycles 0 hard 0 soft 1 temp 1 loss 4.41 i_con 4.46 plddt 0.39 ptm 0.88 i_ptm 0.26 energy -2.34
51 models [0] recycles 0 hard 0 soft 1 temp 1 loss 3.77 i_con 4.21 plddt 0.39 ptm 0.87 i_ptm 0.28 energy -2.49
52 models [1] recycles 0 hard 0 soft 1 temp 1 loss 3.94 i_con 4.44 plddt 0.36 ptm 0.89 i_ptm 0.25 energy -2.85
53 models [1] recycles 0 hard 0 soft 1 temp 1 loss 3.82 i_con 4.38 plddt 0.36 ptm 0.89 i_ptm 0.27 energy -3.13
54 models [0] recycles 0 hard 0 soft 1 temp 1 loss 3.66 i_con 4.28 plddt 0.40 ptm 0.87 i_ptm 0.24 energy -3.36
55 models [1] recycles 0 hard 0 soft 1 temp 1 loss 3.77 i_con 4.40 plddt 0.40 ptm 0.89 i_ptm 0.25 energy -3.45
56 models [1] recycles 0 hard 0 soft 1 temp 1 loss 3.79 i_con 4.46 plddt 0.36 ptm 0.88 i_ptm 0.26 energy -3.64
57 models [0] recycles 0 hard 0 soft 1 temp 1 loss 4.21 i_con 4.91 plddt 0.45 ptm 0.87 i_ptm 0.22 energy -3.78
58 models [0] recycles 0 hard 0 soft 1 temp 1 loss 3.81 i_con 4.48 plddt 0.40 ptm 0.87 i_ptm 0.26 energy -3.68
59 models [0] recycles 0 hard 0 soft 1 temp 1 loss 3.81 i_con 4.50 plddt 0.39 ptm 0.87 i_ptm 0.23 energy -3.77
60 models [0] recycles 0 hard 0 soft 1 temp 1 loss 3.72 i_con 4.44 plddt 0.42 ptm 0.87 i_ptm 0.24 energy -3.87
61 models [0] recycles 0 hard 0 soft 1 temp 1 loss 3.59 i_con 4.35 plddt 0.39 ptm 0.87 i_ptm 0.28 energy -4.11
62 models [0] recycles 0 hard 0 soft 1 temp 1 loss 3.88 i_con 4.68 plddt 0.39 ptm 0.87 i_ptm 0.24 energy -4.29
63 models [1] recycles 0 hard 0 soft 1 temp 1 loss 3.63 i_con 4.43 plddt 0.34 ptm 0.88 i_ptm 0.25 energy -4.36
64 models [0] recycles 0 hard 0 soft 1 temp 1 loss 3.82 i_con 4.65 plddt 0.40 ptm 0.87 i_ptm 0.22 energy -4.46
65 models [0] recycles 0 hard 0 soft 1 temp 1 loss 3.63 i_con 4.48 plddt 0.43 ptm 0.87 i_ptm 0.25 energy -4.52
66 models [1] recycles 0 hard 0 soft 1 temp 1 loss 3.47 i_con 4.32 plddt 0.37 ptm 0.89 i_ptm 0.26 energy -4.58
67 models [0] recycles 0 hard 0 soft 1 temp 1 loss 3.57 i_con 4.43 plddt 0.40 ptm 0.87 i_ptm 0.25 energy -4.60
68 models [1] recycles 0 hard 0 soft 1 temp 1 loss 3.54 i_con 4.40 plddt 0.38 ptm 0.89 i_ptm 0.23 energy -4.61
69 models [0] recycles 0 hard 0 soft 1 temp 1 loss 3.50 i_con 4.37 plddt 0.39 ptm 0.87 i_ptm 0.26 energy -4.66
70 models [0] recycles 0 hard 0 soft 1 temp 1 loss 3.40 i_con 4.29 plddt 0.38 ptm 0.87 i_ptm 0.26 energy -4.76
71 models [0] recycles 0 hard 0 soft 1 temp 1 loss 3.55 i_con 4.45 plddt 0.40 ptm 0.87 i_ptm 0.23 energy -4.82
72 models [0] recycles 0 hard 0 soft 1 temp 1 loss 3.67 i_con 4.58 plddt 0.39 ptm 0.87 i_ptm 0.24 energy -4.86
73 models [0] recycles 0 hard 0 soft 1 temp 1 loss 3.38 i_con 4.31 plddt 0.44 ptm 0.87 i_ptm 0.26 energy -4.91
74 models [1] recycles 0 hard 0 soft 1 temp 1 loss 3.62 i_con 4.55 plddt 0.37 ptm 0.89 i_ptm 0.22 energy -4.97
75 models [1] recycles 0 hard 0 soft 1 temp 1 loss 3.31 i_con 4.24 plddt 0.37 ptm 0.89 i_ptm 0.27 energy -4.96
76 models [0] recycles 0 hard 0 soft 1 temp 1 loss 3.54 i_con 4.46 plddt 0.39 ptm 0.87 i_ptm 0.24 energy -4.93
77 models [0] recycles 0 hard 0 soft 1 temp 1 loss 3.59 i_con 4.54 plddt 0.40 ptm 0.87 i_ptm 0.23 energy -5.04
78 models [0] recycles 0 hard 0 soft 1 temp 1 loss 3.44 i_con 4.40 plddt 0.40 ptm 0.87 i_ptm 0.25 energy -5.08
79 models [1] recycles 0 hard 0 soft 1 temp 1 loss 3.39 i_con 4.35 plddt 0.38 ptm 0.88 i_ptm 0.25 energy -5.10
80 models [1] recycles 0 hard 0 soft 1 temp 1 loss 3.31 i_con 4.27 plddt 0.38 ptm 0.88 i_ptm 0.27 energy -5.10
81 models [0] recycles 0 hard 0 soft 1 temp 1 loss 3.68 i_con 4.62 plddt 0.40 ptm 0.87 i_ptm 0.22 energy -4.98
82 models [1] recycles 0 hard 0 soft 1 temp 1 loss 3.43 i_con 4.40 plddt 0.37 ptm 0.89 i_ptm 0.25 energy -5.15
83 models [0] recycles 0 hard 0 soft 1 temp 1 loss 3.79 i_con 4.75 plddt 0.39 ptm 0.87 i_ptm 0.22 energy -5.12
84 models [0] recycles 0 hard 0 soft 1 temp 1 loss 3.47 i_con 4.44 plddt 0.38 ptm 0.87 i_ptm 0.27 energy -5.15
85 models [1] recycles 0 hard 0 soft 1 temp 1 loss 3.44 i_con 4.41 plddt 0.37 ptm 0.89 i_ptm 0.26 energy -5.18
86 models [1] recycles 0 hard 0 soft 1 temp 1 loss 3.37 i_con 4.34 plddt 0.39 ptm 0.89 i_ptm 0.25 energy -5.16
87 models [1] recycles 0 hard 0 soft 1 temp 1 loss 3.62 i_con 4.57 plddt 0.36 ptm 0.89 i_ptm 0.24 energy -5.06
88 models [1] recycles 0 hard 0 soft 1 temp 1 loss 3.45 i_con 4.35 plddt 0.37 ptm 0.89 i_ptm 0.27 energy -4.81
89 models [0] recycles 0 hard 0 soft 1 temp 1 loss 3.58 i_con 4.54 plddt 0.37 ptm 0.87 i_ptm 0.22 energy -5.11
90 models [1] recycles 0 hard 0 soft 1 temp 1 loss 3.25 i_con 4.22 plddt 0.36 ptm 0.89 i_ptm 0.27 energy -5.16
91 models [0] recycles 0 hard 0 soft 1 temp 1 loss 3.59 i_con 4.57 plddt 0.43 ptm 0.87 i_ptm 0.24 energy -5.17
92 models [1] recycles 0 hard 0 soft 1 temp 1 loss 3.39 i_con 4.38 plddt 0.38 ptm 0.89 i_ptm 0.24 energy -5.28
93 models [0] recycles 0 hard 0 soft 1 temp 1 loss 3.23 i_con 4.23 plddt 0.41 ptm 0.87 i_ptm 0.25 energy -5.31
94 models [0] recycles 0 hard 0 soft 1 temp 1 loss 3.28 i_con 4.31 plddt 0.42 ptm 0.87 i_ptm 0.28 energy -5.43
95 models [0] recycles 0 hard 0 soft 1 temp 1 loss 3.39 i_con 4.41 plddt 0.37 ptm 0.87 i_ptm 0.25 energy -5.41
96 models [0] recycles 0 hard 0 soft 1 temp 1 loss 3.35 i_con 4.40 plddt 0.39 ptm 0.87 i_ptm 0.24 energy -5.54
97 models [0] recycles 0 hard 0 soft 1 temp 1 loss 3.28 i_con 4.34 plddt 0.37 ptm 0.87 i_ptm 0.26 energy -5.59
98 models [1] recycles 0 hard 0 soft 1 temp 1 loss 3.15 i_con 4.20 plddt 0.37 ptm 0.89 i_ptm 0.28 energy -5.60
99 models [1] recycles 0 hard 0 soft 1 temp 1 loss 3.22 i_con 4.29 plddt 0.39 ptm 0.89 i_ptm 0.26 energy -5.64
100 models [0] recycles 0 hard 0 soft 1 temp 1 loss 3.19 i_con 4.26 plddt 0.39 ptm 0.87 i_ptm 0.28 energy -5.63
101 models [0] recycles 0 hard 0 soft 0 temp 1 loss 5.96 i_con 7.41 plddt 0.48 ptm 0.87 i_ptm 0.16 energy -30.04
102 models [1] recycles 0 hard 0 soft 0 temp 0.98 loss 5.30 i_con 6.76 plddt 0.57 ptm 0.88 i_ptm 0.09 energy -29.96
103 models [1] recycles 0 hard 0 soft 0 temp 0.96 loss 4.89 i_con 6.33 plddt 0.47 ptm 0.88 i_ptm 0.09 energy -29.80
104 models [1] recycles 0 hard 0 soft 0 temp 0.94 loss 4.48 i_con 5.92 plddt 0.49 ptm 0.88 i_ptm 0.10 energy -29.83
105 models [1] recycles 0 hard 0 soft 0 temp 0.92 loss 3.76 i_con 5.18 plddt 0.37 ptm 0.88 i_ptm 0.11 energy -29.68
106 models [1] recycles 0 hard 0 soft 0 temp 0.90 loss 2.89 i_con 4.31 plddt 0.40 ptm 0.89 i_ptm 0.27 energy -29.48
107 models [0] recycles 0 hard 0 soft 0 temp 0.88 loss 2.66 i_con 4.07 plddt 0.39 ptm 0.87 i_ptm 0.35 energy -29.47
108 models [0] recycles 0 hard 0 soft 0 temp 0.86 loss 2.41 i_con 3.89 plddt 0.42 ptm 0.88 i_ptm 0.40 energy -30.88
109 models [1] recycles 0 hard 0 soft 0 temp 0.84 loss 2.27 i_con 3.84 plddt 0.43 ptm 0.89 i_ptm 0.39 energy -32.53
110 models [1] recycles 0 hard 0 soft 0 temp 0.82 loss 2.28 i_con 3.93 plddt 0.38 ptm 0.89 i_ptm 0.37 energy -34.16
111 models [0] recycles 0 hard 0 soft 0 temp 0.80 loss 2.14 i_con 3.85 plddt 0.40 ptm 0.88 i_ptm 0.37 energy -35.35
112 models [0] recycles 0 hard 0 soft 0 temp 0.78 loss 1.90 i_con 3.70 plddt 0.44 ptm 0.88 i_ptm 0.47 energy -37.10
113 models [0] recycles 0 hard 0 soft 0 temp 0.76 loss 1.86 i_con 3.74 plddt 0.44 ptm 0.88 i_ptm 0.42 energy -38.80
114 models [1] recycles 0 hard 0 soft 0 temp 0.74 loss 1.77 i_con 3.73 plddt 0.45 ptm 0.89 i_ptm 0.44 energy -40.30
115 models [0] recycles 0 hard 0 soft 0 temp 0.72 loss 1.80 i_con 3.83 plddt 0.43 ptm 0.88 i_ptm 0.40 energy -41.70
116 models [1] recycles 0 hard 0 soft 0 temp 0.70 loss 1.62 i_con 3.72 plddt 0.43 ptm 0.90 i_ptm 0.47 energy -43.12
117 models [1] recycles 0 hard 0 soft 0 temp 0.68 loss 1.17 i_con 3.37 plddt 0.51 ptm 0.90 i_ptm 0.59 energy -44.87
118 models [0] recycles 0 hard 0 soft 0 temp 0.66 loss 1.58 i_con 3.79 plddt 0.44 ptm 0.88 i_ptm 0.46 energy -45.43
119 models [0] recycles 0 hard 0 soft 0 temp 0.64 loss 1.39 i_con 3.67 plddt 0.42 ptm 0.88 i_ptm 0.49 energy -46.72
120 models [0] recycles 0 hard 0 soft 0 temp 0.62 loss 1.23 i_con 3.60 plddt 0.45 ptm 0.88 i_ptm 0.50 energy -48.44
121 models [0] recycles 0 hard 0 soft 0 temp 0.60 loss 1.29 i_con 3.74 plddt 0.44 ptm 0.88 i_ptm 0.46 energy -50.14
122 models [0] recycles 0 hard 0 soft 0 temp 0.58 loss 1.06 i_con 3.61 plddt 0.48 ptm 0.88 i_ptm 0.52 energy -52.07
123 models [1] recycles 0 hard 0 soft 0 temp 0.56 loss 0.92 i_con 3.54 plddt 0.48 ptm 0.90 i_ptm 0.54 energy -53.43
124 models [0] recycles 0 hard 0 soft 0 temp 0.54 loss 1.00 i_con 3.66 plddt 0.46 ptm 0.88 i_ptm 0.46 energy -54.34
125 models [1] recycles 0 hard 0 soft 0 temp 0.52 loss 0.62 i_con 3.28 plddt 0.52 ptm 0.90 i_ptm 0.61 energy -54.09
126 models [0] recycles 0 hard 0 soft 0 temp 0.50 loss 0.94 i_con 3.61 plddt 0.46 ptm 0.88 i_ptm 0.52 energy -54.55
127 models [1] recycles 0 hard 0 soft 0 temp 0.48 loss 0.69 i_con 3.44 plddt 0.47 ptm 0.90 i_ptm 0.55 energy -56.09
128 models [0] recycles 0 hard 0 soft 0 temp 0.46 loss 0.87 i_con 3.66 plddt 0.43 ptm 0.88 i_ptm 0.46 energy -57.02
129 models [0] recycles 0 hard 0 soft 0 temp 0.44 loss 0.72 i_con 3.57 plddt 0.45 ptm 0.88 i_ptm 0.53 energy -58.00
130 models [1] recycles 0 hard 0 soft 0 temp 0.42 loss 0.55 i_con 3.44 plddt 0.48 ptm 0.90 i_ptm 0.55 energy -58.81
131 models [0] recycles 0 hard 0 soft 0 temp 0.40 loss 0.67 i_con 3.60 plddt 0.45 ptm 0.88 i_ptm 0.50 energy -59.61
132 models [1] recycles 0 hard 0 soft 0 temp 0.38 loss 0.21 i_con 3.15 plddt 0.52 ptm 0.90 i_ptm 0.62 energy -59.74
133 models [1] recycles 0 hard 0 soft 0 temp 0.36 loss 0.06 i_con 3.04 plddt 0.53 ptm 0.90 i_ptm 0.63 energy -60.37
134 models [1] recycles 0 hard 0 soft 0 temp 0.34 loss 0.21 i_con 3.21 plddt 0.52 ptm 0.90 i_ptm 0.61 energy -61.13
135 models [1] recycles 0 hard 0 soft 0 temp 0.32 loss 0.24 i_con 3.29 plddt 0.50 ptm 0.90 i_ptm 0.61 energy -61.97
136 models [1] recycles 0 hard 0 soft 0 temp 0.30 loss 0.09 i_con 3.15 plddt 0.55 ptm 0.90 i_ptm 0.64 energy -62.12
137 models [0] recycles 0 hard 0 soft 0 temp 0.28 loss 0.48 i_con 3.57 plddt 0.44 ptm 0.88 i_ptm 0.52 energy -63.03
138 models [0] recycles 0 hard 0 soft 0 temp 0.26 loss 0.15 i_con 3.32 plddt 0.50 ptm 0.88 i_ptm 0.60 energy -64.37
139 models [1] recycles 0 hard 0 soft 0 temp 0.24 loss -0.34 i_con 2.89 plddt 0.58 ptm 0.91 i_ptm 0.70 energy -65.39
140 models [1] recycles 0 hard 0 soft 0 temp 0.22 loss 0.06 i_con 3.33 plddt 0.51 ptm 0.90 i_ptm 0.60 energy -66.39
141 models [1] recycles 0 hard 0 soft 0 temp 0.20 loss -0.09 i_con 3.19 plddt 0.52 ptm 0.91 i_ptm 0.63 energy -66.57
142 models [0] recycles 0 hard 0 soft 0 temp 0.18 loss 0.43 i_con 3.73 plddt 0.45 ptm 0.88 i_ptm 0.43 energy -67.15
143 models [0] recycles 0 hard 0 soft 0 temp 0.16 loss 0.11 i_con 3.50 plddt 0.49 ptm 0.88 i_ptm 0.55 energy -68.66
144 models [0] recycles 0 hard 0 soft 0 temp 0.14 loss 0.02 i_con 3.46 plddt 0.50 ptm 0.88 i_ptm 0.56 energy -69.73
145 models [1] recycles 0 hard 0 soft 0 temp 0.12 loss -0.42 i_con 3.07 plddt 0.58 ptm 0.91 i_ptm 0.67 energy -70.59
146 models [0] recycles 0 hard 0 soft 0 temp 0.10 loss -0.24 i_con 3.29 plddt 0.52 ptm 0.89 i_ptm 0.58 energy -71.53
147 models [1] recycles 0 hard 0 soft 0 temp 0.08 loss -0.75 i_con 2.81 plddt 0.55 ptm 0.91 i_ptm 0.68 energy -72.07
148 models [0] recycles 0 hard 0 soft 0 temp 0.06 loss -0.06 i_con 3.52 plddt 0.48 ptm 0.88 i_ptm 0.55 energy -72.72
149 models [1] recycles 0 hard 0 soft 0 temp 0.04 loss -0.40 i_con 3.25 plddt 0.52 ptm 0.90 i_ptm 0.60 energy -73.85
150 models [0] recycles 0 hard 0 soft 0 temp 0.02 loss -0.21 i_con 3.45 plddt 0.48 ptm 0.88 i_ptm 0.56 energy -74.25
151 models [1] recycles 0 hard 1 soft 0 temp 0.00 loss 0.88 i_con 4.15 plddt 0.37 ptm 0.89 i_ptm 0.30 energy -6.67
152 models [0] recycles 0 hard 1 soft 0 temp 0.00 loss 0.82 i_con 4.09 plddt 0.39 ptm 0.88 i_ptm 0.32 energy -6.67
153 models [0] recycles 0 hard 1 soft 0 temp 0.00 loss 0.82 i_con 4.09 plddt 0.39 ptm 0.88 i_ptm 0.32 energy -6.67
154 models [1] recycles 0 hard 1 soft 0 temp 0.00 loss 0.88 i_con 4.15 plddt 0.37 ptm 0.89 i_ptm 0.30 energy -6.67
155 models [1] recycles 0 hard 1 soft 0 temp 0.00 loss 0.88 i_con 4.15 plddt 0.37 ptm 0.89 i_ptm 0.30 energy -6.67
156 models [0] recycles 0 hard 1 soft 0 temp 0.00 loss 0.82 i_con 4.09 plddt 0.39 ptm 0.88 i_ptm 0.32 energy -6.67
157 models [0] recycles 0 hard 1 soft 0 temp 0.00 loss 0.82 i_con 4.09 plddt 0.39 ptm 0.88 i_ptm 0.32 energy -6.67
158 models [1] recycles 0 hard 1 soft 0 temp 0.00 loss 0.88 i_con 4.15 plddt 0.37 ptm 0.89 i_ptm 0.30 energy -6.67
159 models [1] recycles 0 hard 1 soft 0 temp 0.00 loss 0.88 i_con 4.15 plddt 0.37 ptm 0.89 i_ptm 0.30 energy -6.67
160 models [1] recycles 0 hard 1 soft 0 temp 0.00 loss 0.88 i_con 4.15 plddt 0.37 ptm 0.89 i_ptm 0.30 energy -6.67
161 models [1] recycles 0 hard 1 soft 0 temp 0.00 loss 0.88 i_con 4.15 plddt 0.37 ptm 0.89 i_ptm 0.30 energy -6.67
162 models [1] recycles 0 hard 1 soft 0 temp 0.00 loss 0.88 i_con 4.15 plddt 0.37 ptm 0.89 i_ptm 0.30 energy -6.67
163 models [0] recycles 0 hard 1 soft 0 temp 0.00 loss 0.82 i_con 4.09 plddt 0.39 ptm 0.88 i_ptm 0.32 energy -6.67
164 models [0] recycles 0 hard 1 soft 0 temp 0.00 loss 0.82 i_con 4.09 plddt 0.39 ptm 0.88 i_ptm 0.32 energy -6.67
165 models [1] recycles 0 hard 1 soft 0 temp 0.00 loss 0.88 i_con 4.15 plddt 0.37 ptm 0.89 i_ptm 0.30 energy -6.67
166 models [0] recycles 0 hard 1 soft 0 temp 0.00 loss 0.82 i_con 4.09 plddt 0.39 ptm 0.88 i_ptm 0.32 energy -6.67
167 models [0] recycles 0 hard 1 soft 0 temp 0.00 loss 0.82 i_con 4.09 plddt 0.39 ptm 0.88 i_ptm 0.32 energy -6.67
168 models [1] recycles 0 hard 1 soft 0 temp 0.00 loss 0.88 i_con 4.15 plddt 0.37 ptm 0.89 i_ptm 0.30 energy -6.67
169 models [1] recycles 0 hard 1 soft 0 temp 0.00 loss 0.88 i_con 4.15 plddt 0.37 ptm 0.89 i_ptm 0.30 energy -6.67
170 models [1] recycles 0 hard 1 soft 0 temp 0.00 loss 0.88 i_con 4.15 plddt 0.37 ptm 0.89 i_ptm 0.30 energy -6.67
171 models [1] recycles 0 hard 1 soft 0 temp 0.00 loss 0.88 i_con 4.15 plddt 0.37 ptm 0.89 i_ptm 0.30 energy -6.67
172 models [0] recycles 0 hard 1 soft 0 temp 0.00 loss 0.82 i_con 4.09 plddt 0.39 ptm 0.88 i_ptm 0.32 energy -6.67
173 models [0] recycles 0 hard 1 soft 0 temp 0.00 loss 0.82 i_con 4.09 plddt 0.39 ptm 0.88 i_ptm 0.32 energy -6.67
174 models [1] recycles 0 hard 1 soft 0 temp 0.00 loss 0.88 i_con 4.15 plddt 0.37 ptm 0.89 i_ptm 0.30 energy -6.67
175 models [1] recycles 0 hard 1 soft 0 temp 0.00 loss 0.88 i_con 4.15 plddt 0.37 ptm 0.89 i_ptm 0.30 energy -6.67
176 models [1] recycles 0 hard 1 soft 0 temp 0.00 loss 0.88 i_con 4.15 plddt 0.37 ptm 0.89 i_ptm 0.30 energy -6.67
177 models [1] recycles 0 hard 1 soft 0 temp 0.00 loss 0.88 i_con 4.15 plddt 0.37 ptm 0.89 i_ptm 0.30 energy -6.67
178 models [0] recycles 0 hard 1 soft 0 temp 0.00 loss 0.82 i_con 4.09 plddt 0.39 ptm 0.88 i_ptm 0.32 energy -6.67
179 models [0] recycles 0 hard 1 soft 0 temp 0.00 loss 0.82 i_con 4.09 plddt 0.39 ptm 0.88 i_ptm 0.32 energy -6.67
180 models [0] recycles 0 hard 1 soft 0 temp 0.00 loss 0.82 i_con 4.09 plddt 0.39 ptm 0.88 i_ptm 0.32 energy -6.67
  seq=NWWSPALLLLFGCTC  loss=0.8213  loss_af=4.1552  energy=-6.6678  i_ptm=0.3172
[13/20] seed=12 ...
1 models [0] recycles 0 hard 0 soft 1 temp 1 loss 8.04 i_con 7.62 plddt 0.53 ptm 0.86 i_ptm 0.12 energy 7.36
2 models [0] recycles 0 hard 0 soft 1 temp 1 loss 7.83 i_con 7.43 plddt 0.57 ptm 0.86 i_ptm 0.11 energy 7.08
3 models [0] recycles 0 hard 0 soft 1 temp 1 loss 7.56 i_con 7.17 plddt 0.55 ptm 0.86 i_ptm 0.13 energy 6.90
4 models [0] recycles 0 hard 0 soft 1 temp 1 loss 7.36 i_con 6.98 plddt 0.52 ptm 0.86 i_ptm 0.13 energy 6.69
5 models [0] recycles 0 hard 0 soft 1 temp 1 loss 6.87 i_con 6.50 plddt 0.55 ptm 0.86 i_ptm 0.13 energy 6.48
6 models [0] recycles 0 hard 0 soft 1 temp 1 loss 6.70 i_con 6.34 plddt 0.49 ptm 0.86 i_ptm 0.12 energy 6.29
7 models [0] recycles 0 hard 0 soft 1 temp 1 loss 6.54 i_con 6.18 plddt 0.46 ptm 0.86 i_ptm 0.13 energy 6.17
8 models [0] recycles 0 hard 0 soft 1 temp 1 loss 5.58 i_con 5.21 plddt 0.41 ptm 0.86 i_ptm 0.12 energy 6.29
9 models [0] recycles 0 hard 0 soft 1 temp 1 loss 5.61 i_con 5.25 plddt 0.44 ptm 0.86 i_ptm 0.12 energy 6.10
10 models [0] recycles 0 hard 0 soft 1 temp 1 loss 5.76 i_con 5.40 plddt 0.43 ptm 0.87 i_ptm 0.13 energy 5.99
11 models [1] recycles 0 hard 0 soft 1 temp 1 loss 6.16 i_con 5.82 plddt 0.47 ptm 0.88 i_ptm 0.08 energy 5.68
12 models [1] recycles 0 hard 0 soft 1 temp 1 loss 6.25 i_con 5.93 plddt 0.43 ptm 0.88 i_ptm 0.07 energy 5.31
13 models [0] recycles 0 hard 0 soft 1 temp 1 loss 5.16 i_con 4.84 plddt 0.35 ptm 0.87 i_ptm 0.12 energy 5.06
14 models [1] recycles 0 hard 0 soft 1 temp 1 loss 6.00 i_con 5.72 plddt 0.47 ptm 0.88 i_ptm 0.08 energy 4.54
15 models [0] recycles 0 hard 0 soft 1 temp 1 loss 5.05 i_con 4.77 plddt 0.33 ptm 0.86 i_ptm 0.14 energy 4.32
16 models [1] recycles 0 hard 0 soft 1 temp 1 loss 6.10 i_con 5.86 plddt 0.47 ptm 0.88 i_ptm 0.08 energy 3.88
17 models [0] recycles 0 hard 0 soft 1 temp 1 loss 5.29 i_con 5.05 plddt 0.39 ptm 0.87 i_ptm 0.12 energy 3.63
18 models [0] recycles 0 hard 0 soft 1 temp 1 loss 4.88 i_con 4.65 plddt 0.35 ptm 0.86 i_ptm 0.14 energy 3.33
19 models [0] recycles 0 hard 0 soft 1 temp 1 loss 4.98 i_con 4.75 plddt 0.34 ptm 0.86 i_ptm 0.13 energy 3.17
20 models [0] recycles 0 hard 0 soft 1 temp 1 loss 4.83 i_con 4.63 plddt 0.35 ptm 0.86 i_ptm 0.12 energy 2.67
21 models [0] recycles 0 hard 0 soft 1 temp 1 loss 4.91 i_con 4.71 plddt 0.33 ptm 0.86 i_ptm 0.15 energy 2.66
22 models [0] recycles 0 hard 0 soft 1 temp 1 loss 5.68 i_con 5.50 plddt 0.43 ptm 0.86 i_ptm 0.11 energy 2.43
23 models [0] recycles 0 hard 0 soft 1 temp 1 loss 4.98 i_con 4.80 plddt 0.37 ptm 0.87 i_ptm 0.16 energy 2.42
24 models [1] recycles 0 hard 0 soft 1 temp 1 loss 5.60 i_con 5.44 plddt 0.38 ptm 0.88 i_ptm 0.09 energy 1.97
25 models [0] recycles 0 hard 0 soft 1 temp 1 loss 4.76 i_con 4.61 plddt 0.35 ptm 0.87 i_ptm 0.16 energy 1.70
26 models [1] recycles 0 hard 0 soft 1 temp 1 loss 5.27 i_con 5.15 plddt 0.37 ptm 0.88 i_ptm 0.10 energy 1.09
27 models [0] recycles 0 hard 0 soft 1 temp 1 loss 4.47 i_con 4.37 plddt 0.38 ptm 0.87 i_ptm 0.22 energy 0.76
28 models [1] recycles 0 hard 0 soft 1 temp 1 loss 5.27 i_con 5.18 plddt 0.41 ptm 0.88 i_ptm 0.08 energy 0.59
29 models [0] recycles 0 hard 0 soft 1 temp 1 loss 4.61 i_con 4.53 plddt 0.34 ptm 0.86 i_ptm 0.19 energy 0.31
30 models [1] recycles 0 hard 0 soft 1 temp 1 loss 4.98 i_con 4.92 plddt 0.33 ptm 0.88 i_ptm 0.13 energy -0.18
31 models [0] recycles 0 hard 0 soft 1 temp 1 loss 4.46 i_con 4.43 plddt 0.35 ptm 0.87 i_ptm 0.22 energy -0.54
32 models [1] recycles 0 hard 0 soft 1 temp 1 loss 4.82 i_con 4.80 plddt 0.36 ptm 0.88 i_ptm 0.14 energy -0.87
33 models [1] recycles 0 hard 0 soft 1 temp 1 loss 5.11 i_con 5.10 plddt 0.35 ptm 0.88 i_ptm 0.08 energy -0.93
34 models [1] recycles 0 hard 0 soft 1 temp 1 loss 4.77 i_con 4.74 plddt 0.34 ptm 0.88 i_ptm 0.15 energy -0.80
35 models [0] recycles 0 hard 0 soft 1 temp 1 loss 4.33 i_con 4.34 plddt 0.39 ptm 0.87 i_ptm 0.23 energy -1.33
36 models [1] recycles 0 hard 0 soft 1 temp 1 loss 4.84 i_con 4.84 plddt 0.34 ptm 0.88 i_ptm 0.13 energy -1.45
37 models [1] recycles 0 hard 0 soft 1 temp 1 loss 4.73 i_con 4.74 plddt 0.36 ptm 0.88 i_ptm 0.17 energy -1.47
38 models [1] recycles 0 hard 0 soft 1 temp 1 loss 4.73 i_con 4.74 plddt 0.35 ptm 0.88 i_ptm 0.19 energy -1.49
39 models [0] recycles 0 hard 0 soft 1 temp 1 loss 4.36 i_con 4.38 plddt 0.37 ptm 0.87 i_ptm 0.23 energy -1.59
40 models [1] recycles 0 hard 0 soft 1 temp 1 loss 4.96 i_con 4.98 plddt 0.36 ptm 0.88 i_ptm 0.13 energy -1.66
41 models [1] recycles 0 hard 0 soft 1 temp 1 loss 5.02 i_con 5.05 plddt 0.37 ptm 0.88 i_ptm 0.16 energy -1.86
42 models [0] recycles 0 hard 0 soft 1 temp 1 loss 4.69 i_con 4.72 plddt 0.36 ptm 0.87 i_ptm 0.18 energy -1.99
43 models [1] recycles 0 hard 0 soft 1 temp 1 loss 4.87 i_con 4.90 plddt 0.36 ptm 0.88 i_ptm 0.13 energy -2.00
44 models [1] recycles 0 hard 0 soft 1 temp 1 loss 4.41 i_con 4.45 plddt 0.34 ptm 0.88 i_ptm 0.22 energy -2.18
45 models [0] recycles 0 hard 0 soft 1 temp 1 loss 4.25 i_con 4.31 plddt 0.42 ptm 0.87 i_ptm 0.25 energy -2.33
46 models [1] recycles 0 hard 0 soft 1 temp 1 loss 4.92 i_con 4.98 plddt 0.34 ptm 0.88 i_ptm 0.12 energy -2.48
47 models [0] recycles 0 hard 0 soft 1 temp 1 loss 4.39 i_con 4.45 plddt 0.38 ptm 0.87 i_ptm 0.22 energy -2.50
48 models [0] recycles 0 hard 0 soft 1 temp 1 loss 4.65 i_con 4.72 plddt 0.39 ptm 0.87 i_ptm 0.20 energy -2.59
49 models [0] recycles 0 hard 0 soft 1 temp 1 loss 4.35 i_con 4.42 plddt 0.39 ptm 0.87 i_ptm 0.23 energy -2.59
50 models [1] recycles 0 hard 0 soft 1 temp 1 loss 4.74 i_con 4.81 plddt 0.34 ptm 0.88 i_ptm 0.16 energy -2.60
51 models [0] recycles 0 hard 0 soft 1 temp 1 loss 3.89 i_con 4.38 plddt 0.36 ptm 0.87 i_ptm 0.23 energy -2.78
52 models [1] recycles 0 hard 0 soft 1 temp 1 loss 4.07 i_con 4.60 plddt 0.36 ptm 0.88 i_ptm 0.19 energy -3.01
53 models [1] recycles 0 hard 0 soft 1 temp 1 loss 3.81 i_con 4.39 plddt 0.39 ptm 0.89 i_ptm 0.22 energy -3.22
54 models [1] recycles 0 hard 0 soft 1 temp 1 loss 3.81 i_con 4.45 plddt 0.38 ptm 0.89 i_ptm 0.21 energy -3.54
55 models [0] recycles 0 hard 0 soft 1 temp 1 loss 3.50 i_con 4.19 plddt 0.40 ptm 0.87 i_ptm 0.27 energy -3.75
56 models [0] recycles 0 hard 0 soft 1 temp 1 loss 3.34 i_con 4.05 plddt 0.42 ptm 0.87 i_ptm 0.30 energy -3.87
57 models [0] recycles 0 hard 0 soft 1 temp 1 loss 3.38 i_con 4.10 plddt 0.41 ptm 0.87 i_ptm 0.28 energy -3.91
58 models [0] recycles 0 hard 0 soft 1 temp 1 loss 3.37 i_con 4.13 plddt 0.40 ptm 0.87 i_ptm 0.26 energy -4.09
59 models [0] recycles 0 hard 0 soft 1 temp 1 loss 3.48 i_con 4.28 plddt 0.39 ptm 0.87 i_ptm 0.24 energy -4.29
60 models [0] recycles 0 hard 0 soft 1 temp 1 loss 3.28 i_con 4.10 plddt 0.40 ptm 0.87 i_ptm 0.30 energy -4.42
61 models [0] recycles 0 hard 0 soft 1 temp 1 loss 3.31 i_con 4.15 plddt 0.38 ptm 0.87 i_ptm 0.28 energy -4.51
62 models [1] recycles 0 hard 0 soft 1 temp 1 loss 3.28 i_con 4.13 plddt 0.38 ptm 0.89 i_ptm 0.30 energy -4.58
63 models [0] recycles 0 hard 0 soft 1 temp 1 loss 3.47 i_con 4.35 plddt 0.38 ptm 0.87 i_ptm 0.25 energy -4.68
64 models [1] recycles 0 hard 0 soft 1 temp 1 loss 2.93 i_con 3.84 plddt 0.45 ptm 0.89 i_ptm 0.43 energy -4.85
65 models [1] recycles 0 hard 0 soft 1 temp 1 loss 2.81 i_con 3.74 plddt 0.48 ptm 0.89 i_ptm 0.44 energy -4.88
66 models [0] recycles 0 hard 0 soft 1 temp 1 loss 2.92 i_con 3.83 plddt 0.45 ptm 0.88 i_ptm 0.42 energy -4.79
67 models [0] recycles 0 hard 0 soft 1 temp 1 loss 3.00 i_con 3.92 plddt 0.43 ptm 0.88 i_ptm 0.37 energy -4.91
68 models [1] recycles 0 hard 0 soft 1 temp 1 loss 2.98 i_con 3.94 plddt 0.41 ptm 0.89 i_ptm 0.37 energy -5.10
69 models [1] recycles 0 hard 0 soft 1 temp 1 loss 3.35 i_con 4.28 plddt 0.39 ptm 0.89 i_ptm 0.26 energy -4.95
70 models [0] recycles 0 hard 0 soft 1 temp 1 loss 3.01 i_con 3.98 plddt 0.42 ptm 0.88 i_ptm 0.34 energy -5.12
71 models [0] recycles 0 hard 0 soft 1 temp 1 loss 2.83 i_con 3.81 plddt 0.44 ptm 0.87 i_ptm 0.42 energy -5.15
72 models [0] recycles 0 hard 0 soft 1 temp 1 loss 3.21 i_con 4.19 plddt 0.38 ptm 0.88 i_ptm 0.31 energy -5.21
73 models [0] recycles 0 hard 0 soft 1 temp 1 loss 3.01 i_con 4.02 plddt 0.41 ptm 0.87 i_ptm 0.36 energy -5.35
74 models [0] recycles 0 hard 0 soft 1 temp 1 loss 2.81 i_con 3.83 plddt 0.46 ptm 0.87 i_ptm 0.40 energy -5.36
75 models [1] recycles 0 hard 0 soft 1 temp 1 loss 2.59 i_con 3.64 plddt 0.48 ptm 0.90 i_ptm 0.49 energy -5.51
76 models [1] recycles 0 hard 0 soft 1 temp 1 loss 2.97 i_con 4.00 plddt 0.43 ptm 0.89 i_ptm 0.35 energy -5.45
77 models [0] recycles 0 hard 0 soft 1 temp 1 loss 2.93 i_con 3.99 plddt 0.40 ptm 0.87 i_ptm 0.36 energy -5.58
78 models [1] recycles 0 hard 0 soft 1 temp 1 loss 2.87 i_con 3.91 plddt 0.43 ptm 0.89 i_ptm 0.37 energy -5.47
79 models [0] recycles 0 hard 0 soft 1 temp 1 loss 3.07 i_con 4.13 plddt 0.39 ptm 0.87 i_ptm 0.31 energy -5.61
80 models [0] recycles 0 hard 0 soft 1 temp 1 loss 2.80 i_con 3.84 plddt 0.44 ptm 0.88 i_ptm 0.41 energy -5.48
81 models [1] recycles 0 hard 0 soft 1 temp 1 loss 2.58 i_con 3.67 plddt 0.51 ptm 0.90 i_ptm 0.49 energy -5.67
82 models [1] recycles 0 hard 0 soft 1 temp 1 loss 2.59 i_con 3.66 plddt 0.48 ptm 0.89 i_ptm 0.47 energy -5.60
83 models [1] recycles 0 hard 0 soft 1 temp 1 loss 2.66 i_con 3.75 plddt 0.46 ptm 0.90 i_ptm 0.44 energy -5.71
84 models [1] recycles 0 hard 0 soft 1 temp 1 loss 2.54 i_con 3.62 plddt 0.48 ptm 0.90 i_ptm 0.51 energy -5.64
85 models [1] recycles 0 hard 0 soft 1 temp 1 loss 2.42 i_con 3.52 plddt 0.51 ptm 0.90 i_ptm 0.55 energy -5.75
86 models [1] recycles 0 hard 0 soft 1 temp 1 loss 2.67 i_con 3.75 plddt 0.48 ptm 0.90 i_ptm 0.43 energy -5.66
87 models [0] recycles 0 hard 0 soft 1 temp 1 loss 3.02 i_con 4.12 plddt 0.37 ptm 0.87 i_ptm 0.29 energy -5.84
88 models [0] recycles 0 hard 0 soft 1 temp 1 loss 2.80 i_con 3.90 plddt 0.43 ptm 0.88 i_ptm 0.39 energy -5.79
89 models [0] recycles 0 hard 0 soft 1 temp 1 loss 2.42 i_con 3.54 plddt 0.49 ptm 0.88 i_ptm 0.53 energy -5.84
90 models [0] recycles 0 hard 0 soft 1 temp 1 loss 2.53 i_con 3.63 plddt 0.46 ptm 0.89 i_ptm 0.56 energy -5.80
91 models [1] recycles 0 hard 0 soft 1 temp 1 loss 3.17 i_con 4.24 plddt 0.39 ptm 0.89 i_ptm 0.28 energy -5.67
92 models [0] recycles 0 hard 0 soft 1 temp 1 loss 2.79 i_con 3.90 plddt 0.43 ptm 0.88 i_ptm 0.39 energy -5.84
93 models [0] recycles 0 hard 0 soft 1 temp 1 loss 2.78 i_con 3.88 plddt 0.44 ptm 0.88 i_ptm 0.40 energy -5.75
94 models [1] recycles 0 hard 0 soft 1 temp 1 loss 2.69 i_con 3.82 plddt 0.45 ptm 0.89 i_ptm 0.43 energy -5.93
95 models [1] recycles 0 hard 0 soft 1 temp 1 loss 2.62 i_con 3.73 plddt 0.45 ptm 0.89 i_ptm 0.47 energy -5.83
96 models [0] recycles 0 hard 0 soft 1 temp 1 loss 2.97 i_con 4.09 plddt 0.42 ptm 0.87 i_ptm 0.36 energy -5.92
97 models [1] recycles 0 hard 0 soft 1 temp 1 loss 2.48 i_con 3.64 plddt 0.50 ptm 0.90 i_ptm 0.50 energy -6.04
98 models [0] recycles 0 hard 0 soft 1 temp 1 loss 2.81 i_con 3.95 plddt 0.40 ptm 0.88 i_ptm 0.37 energy -6.00
99 models [0] recycles 0 hard 0 soft 1 temp 1 loss 2.79 i_con 3.92 plddt 0.42 ptm 0.88 i_ptm 0.39 energy -5.95
100 models [1] recycles 0 hard 0 soft 1 temp 1 loss 2.93 i_con 4.07 plddt 0.42 ptm 0.89 i_ptm 0.32 energy -6.01
101 models [1] recycles 0 hard 0 soft 0 temp 1 loss 5.08 i_con 6.73 plddt 0.70 ptm 0.88 i_ptm 0.09 energy -33.57
102 models [1] recycles 0 hard 0 soft 0 temp 0.98 loss 3.73 i_con 5.36 plddt 0.57 ptm 0.88 i_ptm 0.11 energy -33.63
103 models [0] recycles 0 hard 0 soft 0 temp 0.96 loss 2.49 i_con 4.11 plddt 0.47 ptm 0.87 i_ptm 0.37 energy -33.34
104 models [0] recycles 0 hard 0 soft 0 temp 0.94 loss 2.49 i_con 4.11 plddt 0.40 ptm 0.87 i_ptm 0.33 energy -33.70
105 models [0] recycles 0 hard 0 soft 0 temp 0.92 loss 2.21 i_con 3.90 plddt 0.45 ptm 0.87 i_ptm 0.43 energy -35.09
106 models [0] recycles 0 hard 0 soft 0 temp 0.90 loss 2.07 i_con 3.85 plddt 0.48 ptm 0.88 i_ptm 0.45 energy -36.61
107 models [0] recycles 0 hard 0 soft 0 temp 0.88 loss 1.85 i_con 3.68 plddt 0.49 ptm 0.88 i_ptm 0.52 energy -37.69
108 models [0] recycles 0 hard 0 soft 0 temp 0.86 loss 1.84 i_con 3.73 plddt 0.47 ptm 0.88 i_ptm 0.52 energy -38.90
109 models [0] recycles 0 hard 0 soft 0 temp 0.84 loss 1.55 i_con 3.53 plddt 0.52 ptm 0.88 i_ptm 0.56 energy -40.61
110 models [1] recycles 0 hard 0 soft 0 temp 0.82 loss 1.25 i_con 3.31 plddt 0.56 ptm 0.90 i_ptm 0.66 energy -42.08
111 models [0] recycles 0 hard 0 soft 0 temp 0.80 loss 1.75 i_con 3.82 plddt 0.45 ptm 0.88 i_ptm 0.43 energy -42.59
112 models [0] recycles 0 hard 0 soft 0 temp 0.78 loss 1.43 i_con 3.60 plddt 0.51 ptm 0.88 i_ptm 0.56 energy -44.42
113 models [1] recycles 0 hard 0 soft 0 temp 0.76 loss 0.98 i_con 3.23 plddt 0.59 ptm 0.91 i_ptm 0.67 energy -45.71
114 models [0] recycles 0 hard 0 soft 0 temp 0.74 loss 1.67 i_con 3.94 plddt 0.40 ptm 0.88 i_ptm 0.43 energy -46.74
115 models [0] recycles 0 hard 0 soft 0 temp 0.72 loss 1.21 i_con 3.56 plddt 0.55 ptm 0.89 i_ptm 0.60 energy -47.99
116 models [0] recycles 0 hard 0 soft 0 temp 0.70 loss 1.04 i_con 3.47 plddt 0.53 ptm 0.88 i_ptm 0.62 energy -49.58
117 models [0] recycles 0 hard 0 soft 0 temp 0.68 loss 1.15 i_con 3.64 plddt 0.50 ptm 0.88 i_ptm 0.58 energy -50.68
118 models [1] recycles 0 hard 0 soft 0 temp 0.66 loss 0.64 i_con 3.20 plddt 0.60 ptm 0.91 i_ptm 0.67 energy -51.98
119 models [1] recycles 0 hard 0 soft 0 temp 0.64 loss 0.88 i_con 3.50 plddt 0.56 ptm 0.90 i_ptm 0.59 energy -53.31
120 models [1] recycles 0 hard 0 soft 0 temp 0.62 loss 0.86 i_con 3.48 plddt 0.54 ptm 0.90 i_ptm 0.61 energy -53.33
121 models [1] recycles 0 hard 0 soft 0 temp 0.60 loss 0.95 i_con 3.62 plddt 0.49 ptm 0.90 i_ptm 0.51 energy -54.32
122 models [0] recycles 0 hard 0 soft 0 temp 0.58 loss 0.87 i_con 3.58 plddt 0.49 ptm 0.88 i_ptm 0.57 energy -55.14
123 models [1] recycles 0 hard 0 soft 0 temp 0.56 loss 0.68 i_con 3.46 plddt 0.53 ptm 0.90 i_ptm 0.58 energy -56.59
124 models [1] recycles 0 hard 0 soft 0 temp 0.54 loss 0.38 i_con 3.18 plddt 0.61 ptm 0.90 i_ptm 0.70 energy -56.83
125 models [1] recycles 0 hard 0 soft 0 temp 0.52 loss 0.24 i_con 3.08 plddt 0.62 ptm 0.91 i_ptm 0.72 energy -57.63
126 models [1] recycles 0 hard 0 soft 0 temp 0.50 loss 0.46 i_con 3.36 plddt 0.55 ptm 0.90 i_ptm 0.65 energy -58.81
127 models [1] recycles 0 hard 0 soft 0 temp 0.48 loss 0.37 i_con 3.34 plddt 0.57 ptm 0.90 i_ptm 0.66 energy -60.39
128 models [0] recycles 0 hard 0 soft 0 temp 0.46 loss 0.46 i_con 3.49 plddt 0.50 ptm 0.89 i_ptm 0.57 energy -61.66
129 models [0] recycles 0 hard 0 soft 0 temp 0.44 loss 0.65 i_con 3.71 plddt 0.47 ptm 0.88 i_ptm 0.51 energy -62.19
130 models [1] recycles 0 hard 0 soft 0 temp 0.42 loss 0.13 i_con 3.23 plddt 0.58 ptm 0.91 i_ptm 0.67 energy -62.98
131 models [0] recycles 0 hard 0 soft 0 temp 0.40 loss 0.25 i_con 3.41 plddt 0.53 ptm 0.89 i_ptm 0.65 energy -64.23
132 models [1] recycles 0 hard 0 soft 0 temp 0.38 loss 0.27 i_con 3.51 plddt 0.52 ptm 0.90 i_ptm 0.54 energy -65.81
133 models [1] recycles 0 hard 0 soft 0 temp 0.36 loss 0.02 i_con 3.30 plddt 0.57 ptm 0.91 i_ptm 0.69 energy -66.44
134 models [1] recycles 0 hard 0 soft 0 temp 0.34 loss -0.29 i_con 3.04 plddt 0.59 ptm 0.91 i_ptm 0.69 energy -67.50
135 models [1] recycles 0 hard 0 soft 0 temp 0.32 loss 0.04 i_con 3.42 plddt 0.53 ptm 0.90 i_ptm 0.58 energy -68.57
136 models [0] recycles 0 hard 0 soft 0 temp 0.30 loss -0.13 i_con 3.29 plddt 0.57 ptm 0.89 i_ptm 0.67 energy -69.32
137 models [1] recycles 0 hard 0 soft 0 temp 0.28 loss -0.47 i_con 3.04 plddt 0.61 ptm 0.91 i_ptm 0.69 energy -70.87
138 models [1] recycles 0 hard 0 soft 0 temp 0.26 loss -0.42 i_con 3.09 plddt 0.61 ptm 0.91 i_ptm 0.70 energy -71.11
139 models [0] recycles 0 hard 0 soft 0 temp 0.24 loss 0.15 i_con 3.73 plddt 0.51 ptm 0.88 i_ptm 0.54 energy -72.55
140 models [1] recycles 0 hard 0 soft 0 temp 0.22 loss -0.22 i_con 3.37 plddt 0.54 ptm 0.91 i_ptm 0.64 energy -72.71
141 models [0] recycles 0 hard 0 soft 0 temp 0.20 loss -0.41 i_con 3.27 plddt 0.59 ptm 0.89 i_ptm 0.68 energy -74.40
142 models [0] recycles 0 hard 0 soft 0 temp 0.18 loss -0.47 i_con 3.25 plddt 0.58 ptm 0.89 i_ptm 0.67 energy -75.34
143 models [0] recycles 0 hard 0 soft 0 temp 0.16 loss -0.70 i_con 3.05 plddt 0.62 ptm 0.89 i_ptm 0.72 energy -75.87
144 models [0] recycles 0 hard 0 soft 0 temp 0.14 loss -0.47 i_con 3.29 plddt 0.58 ptm 0.88 i_ptm 0.68 energy -76.14
145 models [1] recycles 0 hard 0 soft 0 temp 0.12 loss -0.56 i_con 3.24 plddt 0.58 ptm 0.91 i_ptm 0.67 energy -76.95
146 models [1] recycles 0 hard 0 soft 0 temp 0.10 loss -0.64 i_con 3.21 plddt 0.58 ptm 0.91 i_ptm 0.64 energy -77.89
147 models [0] recycles 0 hard 0 soft 0 temp 0.08 loss -0.82 i_con 3.10 plddt 0.60 ptm 0.89 i_ptm 0.72 energy -79.33
148 models [0] recycles 0 hard 0 soft 0 temp 0.06 loss -0.09 i_con 3.86 plddt 0.44 ptm 0.88 i_ptm 0.44 energy -80.08
149 models [0] recycles 0 hard 0 soft 0 temp 0.04 loss -0.82 i_con 3.14 plddt 0.60 ptm 0.89 i_ptm 0.72 energy -80.09
150 models [1] recycles 0 hard 0 soft 0 temp 0.02 loss -0.25 i_con 3.76 plddt 0.44 ptm 0.89 i_ptm 0.45 energy -81.25
151 models [0] recycles 0 hard 1 soft 0 temp 0.00 loss 0.83 i_con 4.06 plddt 0.38 ptm 0.88 i_ptm 0.36 energy -6.58
152 models [0] recycles 0 hard 1 soft 0 temp 0.00 loss 0.83 i_con 4.06 plddt 0.38 ptm 0.88 i_ptm 0.36 energy -6.58
153 models [1] recycles 0 hard 1 soft 0 temp 0.00 loss 0.74 i_con 3.97 plddt 0.39 ptm 0.90 i_ptm 0.41 energy -6.58
154 models [1] recycles 0 hard 1 soft 0 temp 0.00 loss 0.74 i_con 3.97 plddt 0.39 ptm 0.90 i_ptm 0.41 energy -6.58
155 models [0] recycles 0 hard 1 soft 0 temp 0.00 loss 0.83 i_con 4.06 plddt 0.38 ptm 0.88 i_ptm 0.36 energy -6.58
156 models [0] recycles 0 hard 1 soft 0 temp 0.00 loss 0.83 i_con 4.06 plddt 0.38 ptm 0.88 i_ptm 0.36 energy -6.58
157 models [1] recycles 0 hard 1 soft 0 temp 0.00 loss 0.74 i_con 3.97 plddt 0.39 ptm 0.90 i_ptm 0.41 energy -6.58
158 models [0] recycles 0 hard 1 soft 0 temp 0.00 loss 0.83 i_con 4.06 plddt 0.38 ptm 0.88 i_ptm 0.36 energy -6.58
159 models [0] recycles 0 hard 1 soft 0 temp 0.00 loss 0.83 i_con 4.06 plddt 0.38 ptm 0.88 i_ptm 0.36 energy -6.58
160 models [0] recycles 0 hard 1 soft 0 temp 0.00 loss 0.83 i_con 4.06 plddt 0.38 ptm 0.88 i_ptm 0.36 energy -6.58
161 models [1] recycles 0 hard 1 soft 0 temp 0.00 loss 0.74 i_con 3.97 plddt 0.39 ptm 0.90 i_ptm 0.41 energy -6.58
162 models [1] recycles 0 hard 1 soft 0 temp 0.00 loss 0.74 i_con 3.97 plddt 0.39 ptm 0.90 i_ptm 0.41 energy -6.58
163 models [1] recycles 0 hard 1 soft 0 temp 0.00 loss 0.74 i_con 3.97 plddt 0.39 ptm 0.90 i_ptm 0.41 energy -6.58
164 models [1] recycles 0 hard 1 soft 0 temp 0.00 loss 0.74 i_con 3.97 plddt 0.39 ptm 0.90 i_ptm 0.41 energy -6.58
165 models [0] recycles 0 hard 1 soft 0 temp 0.00 loss 0.83 i_con 4.06 plddt 0.38 ptm 0.88 i_ptm 0.36 energy -6.58
166 models [1] recycles 0 hard 1 soft 0 temp 0.00 loss 0.74 i_con 3.97 plddt 0.39 ptm 0.90 i_ptm 0.41 energy -6.58
167 models [1] recycles 0 hard 1 soft 0 temp 0.00 loss 0.74 i_con 3.97 plddt 0.39 ptm 0.90 i_ptm 0.41 energy -6.58
168 models [1] recycles 0 hard 1 soft 0 temp 0.00 loss 0.74 i_con 3.97 plddt 0.39 ptm 0.90 i_ptm 0.41 energy -6.58
169 models [0] recycles 0 hard 1 soft 0 temp 0.00 loss 0.83 i_con 4.06 plddt 0.38 ptm 0.88 i_ptm 0.36 energy -6.58
170 models [0] recycles 0 hard 1 soft 0 temp 0.00 loss 0.83 i_con 4.06 plddt 0.38 ptm 0.88 i_ptm 0.36 energy -6.58
171 models [0] recycles 0 hard 1 soft 0 temp 0.00 loss 0.83 i_con 4.06 plddt 0.38 ptm 0.88 i_ptm 0.36 energy -6.58
172 models [1] recycles 0 hard 1 soft 0 temp 0.00 loss 0.74 i_con 3.97 plddt 0.39 ptm 0.90 i_ptm 0.41 energy -6.58
173 models [1] recycles 0 hard 1 soft 0 temp 0.00 loss 0.74 i_con 3.97 plddt 0.39 ptm 0.90 i_ptm 0.41 energy -6.58
174 models [0] recycles 0 hard 1 soft 0 temp 0.00 loss 0.83 i_con 4.06 plddt 0.38 ptm 0.88 i_ptm 0.36 energy -6.58
175 models [0] recycles 0 hard 1 soft 0 temp 0.00 loss 0.83 i_con 4.06 plddt 0.38 ptm 0.88 i_ptm 0.36 energy -6.58
176 models [0] recycles 0 hard 1 soft 0 temp 0.00 loss 0.83 i_con 4.06 plddt 0.38 ptm 0.88 i_ptm 0.36 energy -6.58
177 models [1] recycles 0 hard 1 soft 0 temp 0.00 loss 0.74 i_con 3.97 plddt 0.39 ptm 0.90 i_ptm 0.41 energy -6.58
178 models [1] recycles 0 hard 1 soft 0 temp 0.00 loss 0.74 i_con 3.97 plddt 0.39 ptm 0.90 i_ptm 0.41 energy -6.58
179 models [1] recycles 0 hard 1 soft 0 temp 0.00 loss 0.74 i_con 3.97 plddt 0.39 ptm 0.90 i_ptm 0.41 energy -6.58
180 models [1] recycles 0 hard 1 soft 0 temp 0.00 loss 0.74 i_con 3.97 plddt 0.39 ptm 0.90 i_ptm 0.41 energy -6.58
  seq=NIAGLDLLLNLCLDC  loss=0.7391  loss_af=4.0274  energy=-6.5765  i_ptm=0.4065
[14/20] seed=13 ...
1 models [1] recycles 0 hard 0 soft 1 temp 1 loss 8.04 i_con 7.62 plddt 0.58 ptm 0.88 i_ptm 0.10 energy 7.43
2 models [0] recycles 0 hard 0 soft 1 temp 1 loss 7.76 i_con 7.36 plddt 0.58 ptm 0.86 i_ptm 0.12 energy 7.01
3 models [1] recycles 0 hard 0 soft 1 temp 1 loss 7.74 i_con 7.35 plddt 0.53 ptm 0.88 i_ptm 0.09 energy 6.77
4 models [0] recycles 0 hard 0 soft 1 temp 1 loss 7.49 i_con 7.12 plddt 0.51 ptm 0.86 i_ptm 0.11 energy 6.41
5 models [1] recycles 0 hard 0 soft 1 temp 1 loss 7.08 i_con 6.72 plddt 0.50 ptm 0.88 i_ptm 0.09 energy 6.17
6 models [0] recycles 0 hard 0 soft 1 temp 1 loss 6.69 i_con 6.34 plddt 0.49 ptm 0.86 i_ptm 0.12 energy 5.89
7 models [1] recycles 0 hard 0 soft 1 temp 1 loss 7.04 i_con 6.70 plddt 0.48 ptm 0.88 i_ptm 0.08 energy 5.72
8 models [0] recycles 0 hard 0 soft 1 temp 1 loss 6.60 i_con 6.28 plddt 0.48 ptm 0.86 i_ptm 0.13 energy 5.43
9 models [1] recycles 0 hard 0 soft 1 temp 1 loss 6.30 i_con 5.98 plddt 0.48 ptm 0.88 i_ptm 0.08 energy 5.36
10 models [1] recycles 0 hard 0 soft 1 temp 1 loss 6.31 i_con 6.00 plddt 0.48 ptm 0.88 i_ptm 0.08 energy 5.23
11 models [0] recycles 0 hard 0 soft 1 temp 1 loss 4.90 i_con 4.58 plddt 0.35 ptm 0.86 i_ptm 0.15 energy 5.09
12 models [0] recycles 0 hard 0 soft 1 temp 1 loss 5.59 i_con 5.26 plddt 0.43 ptm 0.86 i_ptm 0.12 energy 5.49
13 models [0] recycles 0 hard 0 soft 1 temp 1 loss 4.95 i_con 4.63 plddt 0.39 ptm 0.86 i_ptm 0.14 energy 5.29
14 models [0] recycles 0 hard 0 soft 1 temp 1 loss 4.92 i_con 4.61 plddt 0.39 ptm 0.87 i_ptm 0.14 energy 4.96
15 models [0] recycles 0 hard 0 soft 1 temp 1 loss 4.79 i_con 4.49 plddt 0.34 ptm 0.87 i_ptm 0.15 energy 4.61
16 models [0] recycles 0 hard 0 soft 1 temp 1 loss 4.37 i_con 4.10 plddt 0.39 ptm 0.87 i_ptm 0.25 energy 4.31
17 models [1] recycles 0 hard 0 soft 1 temp 1 loss 6.05 i_con 5.80 plddt 0.45 ptm 0.88 i_ptm 0.09 energy 3.98
18 models [1] recycles 0 hard 0 soft 1 temp 1 loss 6.26 i_con 6.00 plddt 0.48 ptm 0.88 i_ptm 0.09 energy 4.13
19 models [1] recycles 0 hard 0 soft 1 temp 1 loss 6.00 i_con 5.76 plddt 0.42 ptm 0.88 i_ptm 0.08 energy 3.65
20 models [0] recycles 0 hard 0 soft 1 temp 1 loss 4.63 i_con 4.38 plddt 0.36 ptm 0.87 i_ptm 0.20 energy 3.74
21 models [1] recycles 0 hard 0 soft 1 temp 1 loss 5.73 i_con 5.51 plddt 0.41 ptm 0.88 i_ptm 0.09 energy 3.27
22 models [1] recycles 0 hard 0 soft 1 temp 1 loss 5.63 i_con 5.41 plddt 0.44 ptm 0.88 i_ptm 0.09 energy 3.35
23 models [1] recycles 0 hard 0 soft 1 temp 1 loss 5.68 i_con 5.46 plddt 0.39 ptm 0.88 i_ptm 0.08 energy 3.09
24 models [0] recycles 0 hard 0 soft 1 temp 1 loss 4.60 i_con 4.38 plddt 0.37 ptm 0.87 i_ptm 0.21 energy 3.14
25 models [1] recycles 0 hard 0 soft 1 temp 1 loss 5.30 i_con 5.11 plddt 0.37 ptm 0.88 i_ptm 0.11 energy 2.55
26 models [0] recycles 0 hard 0 soft 1 temp 1 loss 4.51 i_con 4.30 plddt 0.39 ptm 0.87 i_ptm 0.24 energy 2.94
27 models [0] recycles 0 hard 0 soft 1 temp 1 loss 4.60 i_con 4.42 plddt 0.37 ptm 0.87 i_ptm 0.21 energy 2.44
28 models [1] recycles 0 hard 0 soft 1 temp 1 loss 5.30 i_con 5.13 plddt 0.36 ptm 0.88 i_ptm 0.10 energy 2.14
29 models [1] recycles 0 hard 0 soft 1 temp 1 loss 5.79 i_con 5.62 plddt 0.42 ptm 0.88 i_ptm 0.09 energy 2.15
30 models [0] recycles 0 hard 0 soft 1 temp 1 loss 4.49 i_con 4.30 plddt 0.38 ptm 0.87 i_ptm 0.26 energy 2.60
31 models [0] recycles 0 hard 0 soft 1 temp 1 loss 4.38 i_con 4.22 plddt 0.42 ptm 0.87 i_ptm 0.23 energy 2.12
32 models [0] recycles 0 hard 0 soft 1 temp 1 loss 4.84 i_con 4.70 plddt 0.38 ptm 0.87 i_ptm 0.19 energy 1.59
33 models [1] recycles 0 hard 0 soft 1 temp 1 loss 5.23 i_con 5.09 plddt 0.40 ptm 0.88 i_ptm 0.14 energy 1.46
34 models [1] recycles 0 hard 0 soft 1 temp 1 loss 5.43 i_con 5.30 plddt 0.37 ptm 0.88 i_ptm 0.10 energy 1.36
35 models [1] recycles 0 hard 0 soft 1 temp 1 loss 5.37 i_con 5.25 plddt 0.39 ptm 0.88 i_ptm 0.11 energy 1.27
36 models [0] recycles 0 hard 0 soft 1 temp 1 loss 4.65 i_con 4.53 plddt 0.40 ptm 0.87 i_ptm 0.18 energy 1.19
37 models [0] recycles 0 hard 0 soft 1 temp 1 loss 4.51 i_con 4.39 plddt 0.36 ptm 0.87 i_ptm 0.22 energy 1.13
38 models [0] recycles 0 hard 0 soft 1 temp 1 loss 4.31 i_con 4.20 plddt 0.40 ptm 0.87 i_ptm 0.26 energy 0.83
39 models [0] recycles 0 hard 0 soft 1 temp 1 loss 4.40 i_con 4.30 plddt 0.38 ptm 0.87 i_ptm 0.23 energy 0.75
40 models [1] recycles 0 hard 0 soft 1 temp 1 loss 5.03 i_con 4.93 plddt 0.38 ptm 0.88 i_ptm 0.16 energy 0.83
41 models [1] recycles 0 hard 0 soft 1 temp 1 loss 4.93 i_con 4.83 plddt 0.38 ptm 0.88 i_ptm 0.15 energy 0.78
42 models [1] recycles 0 hard 0 soft 1 temp 1 loss 4.81 i_con 4.71 plddt 0.34 ptm 0.88 i_ptm 0.17 energy 0.64
43 models [0] recycles 0 hard 0 soft 1 temp 1 loss 4.45 i_con 4.35 plddt 0.39 ptm 0.87 i_ptm 0.23 energy 0.77
44 models [1] recycles 0 hard 0 soft 1 temp 1 loss 4.75 i_con 4.67 plddt 0.32 ptm 0.88 i_ptm 0.14 energy 0.20
45 models [1] recycles 0 hard 0 soft 1 temp 1 loss 4.54 i_con 4.46 plddt 0.36 ptm 0.88 i_ptm 0.21 energy 0.25
46 models [0] recycles 0 hard 0 soft 1 temp 1 loss 4.30 i_con 4.22 plddt 0.36 ptm 0.87 i_ptm 0.23 energy 0.19
47 models [1] recycles 0 hard 0 soft 1 temp 1 loss 5.16 i_con 5.09 plddt 0.36 ptm 0.88 i_ptm 0.11 energy 0.04
48 models [1] recycles 0 hard 0 soft 1 temp 1 loss 4.39 i_con 4.33 plddt 0.34 ptm 0.89 i_ptm 0.22 energy -0.18
49 models [0] recycles 0 hard 0 soft 1 temp 1 loss 4.74 i_con 4.70 plddt 0.38 ptm 0.87 i_ptm 0.18 energy -0.41
50 models [0] recycles 0 hard 0 soft 1 temp 1 loss 4.57 i_con 4.52 plddt 0.37 ptm 0.87 i_ptm 0.20 energy -0.29
51 models [0] recycles 0 hard 0 soft 1 temp 1 loss 4.21 i_con 4.21 plddt 0.39 ptm 0.87 i_ptm 0.23 energy -0.27
52 models [1] recycles 0 hard 0 soft 1 temp 1 loss 4.76 i_con 4.85 plddt 0.34 ptm 0.88 i_ptm 0.15 energy -0.76
53 models [0] recycles 0 hard 0 soft 1 temp 1 loss 4.18 i_con 4.26 plddt 0.40 ptm 0.87 i_ptm 0.23 energy -0.69
54 models [0] recycles 0 hard 0 soft 1 temp 1 loss 4.13 i_con 4.28 plddt 0.40 ptm 0.87 i_ptm 0.23 energy -1.06
55 models [1] recycles 0 hard 0 soft 1 temp 1 loss 4.10 i_con 4.27 plddt 0.36 ptm 0.89 i_ptm 0.25 energy -1.20
56 models [1] recycles 0 hard 0 soft 1 temp 1 loss 4.10 i_con 4.33 plddt 0.36 ptm 0.88 i_ptm 0.23 energy -1.51
57 models [1] recycles 0 hard 0 soft 1 temp 1 loss 4.62 i_con 4.86 plddt 0.36 ptm 0.88 i_ptm 0.17 energy -1.55
58 models [0] recycles 0 hard 0 soft 1 temp 1 loss 3.86 i_con 4.16 plddt 0.35 ptm 0.87 i_ptm 0.24 energy -1.84
59 models [0] recycles 0 hard 0 soft 1 temp 1 loss 4.30 i_con 4.65 plddt 0.38 ptm 0.87 i_ptm 0.21 energy -2.02
60 models [1] recycles 0 hard 0 soft 1 temp 1 loss 4.20 i_con 4.51 plddt 0.37 ptm 0.89 i_ptm 0.21 energy -1.85
61 models [0] recycles 0 hard 0 soft 1 temp 1 loss 3.91 i_con 4.26 plddt 0.38 ptm 0.87 i_ptm 0.24 energy -2.04
62 models [0] recycles 0 hard 0 soft 1 temp 1 loss 3.97 i_con 4.34 plddt 0.39 ptm 0.87 i_ptm 0.23 energy -2.16
63 models [0] recycles 0 hard 0 soft 1 temp 1 loss 3.75 i_con 4.11 plddt 0.38 ptm 0.87 i_ptm 0.24 energy -2.11
64 models [1] recycles 0 hard 0 soft 1 temp 1 loss 4.07 i_con 4.42 plddt 0.35 ptm 0.88 i_ptm 0.22 energy -2.03
65 models [1] recycles 0 hard 0 soft 1 temp 1 loss 4.06 i_con 4.45 plddt 0.37 ptm 0.88 i_ptm 0.22 energy -2.25
66 models [0] recycles 0 hard 0 soft 1 temp 1 loss 4.07 i_con 4.49 plddt 0.38 ptm 0.87 i_ptm 0.18 energy -2.38
67 models [1] recycles 0 hard 0 soft 1 temp 1 loss 4.34 i_con 4.77 plddt 0.38 ptm 0.88 i_ptm 0.17 energy -2.44
68 models [0] recycles 0 hard 0 soft 1 temp 1 loss 3.64 i_con 4.07 plddt 0.41 ptm 0.87 i_ptm 0.26 energy -2.47
69 models [0] recycles 0 hard 0 soft 1 temp 1 loss 3.65 i_con 4.09 plddt 0.39 ptm 0.87 i_ptm 0.27 energy -2.49
70 models [1] recycles 0 hard 0 soft 1 temp 1 loss 4.05 i_con 4.53 plddt 0.34 ptm 0.88 i_ptm 0.19 energy -2.72
71 models [1] recycles 0 hard 0 soft 1 temp 1 loss 3.69 i_con 4.19 plddt 0.39 ptm 0.89 i_ptm 0.25 energy -2.83
72 models [1] recycles 0 hard 0 soft 1 temp 1 loss 3.86 i_con 4.34 plddt 0.39 ptm 0.88 i_ptm 0.25 energy -2.73
73 models [1] recycles 0 hard 0 soft 1 temp 1 loss 3.73 i_con 4.22 plddt 0.39 ptm 0.89 i_ptm 0.26 energy -2.76
74 models [0] recycles 0 hard 0 soft 1 temp 1 loss 3.65 i_con 4.17 plddt 0.38 ptm 0.87 i_ptm 0.26 energy -2.90
75 models [1] recycles 0 hard 0 soft 1 temp 1 loss 3.56 i_con 4.07 plddt 0.37 ptm 0.89 i_ptm 0.28 energy -2.87
76 models [1] recycles 0 hard 0 soft 1 temp 1 loss 3.69 i_con 4.21 plddt 0.39 ptm 0.89 i_ptm 0.28 energy -2.92
77 models [0] recycles 0 hard 0 soft 1 temp 1 loss 3.36 i_con 3.90 plddt 0.41 ptm 0.88 i_ptm 0.29 energy -3.02
78 models [0] recycles 0 hard 0 soft 1 temp 1 loss 3.42 i_con 3.98 plddt 0.40 ptm 0.87 i_ptm 0.29 energy -3.10
79 models [0] recycles 0 hard 0 soft 1 temp 1 loss 3.39 i_con 4.00 plddt 0.41 ptm 0.87 i_ptm 0.28 energy -3.36
80 models [1] recycles 0 hard 0 soft 1 temp 1 loss 3.45 i_con 4.10 plddt 0.39 ptm 0.89 i_ptm 0.30 energy -3.54
81 models [0] recycles 0 hard 0 soft 1 temp 1 loss 3.57 i_con 4.22 plddt 0.37 ptm 0.87 i_ptm 0.25 energy -3.56
82 models [1] recycles 0 hard 0 soft 1 temp 1 loss 3.21 i_con 3.89 plddt 0.42 ptm 0.89 i_ptm 0.36 energy -3.67
83 models [0] recycles 0 hard 0 soft 1 temp 1 loss 3.46 i_con 4.13 plddt 0.38 ptm 0.87 i_ptm 0.26 energy -3.66
84 models [1] recycles 0 hard 0 soft 1 temp 1 loss 3.35 i_con 4.01 plddt 0.44 ptm 0.89 i_ptm 0.34 energy -3.58
85 models [0] recycles 0 hard 0 soft 1 temp 1 loss 3.41 i_con 4.09 plddt 0.41 ptm 0.87 i_ptm 0.31 energy -3.71
86 models [1] recycles 0 hard 0 soft 1 temp 1 loss 3.28 i_con 3.95 plddt 0.44 ptm 0.89 i_ptm 0.36 energy -3.63
87 models [0] recycles 0 hard 0 soft 1 temp 1 loss 3.19 i_con 3.88 plddt 0.42 ptm 0.87 i_ptm 0.32 energy -3.71
88 models [0] recycles 0 hard 0 soft 1 temp 1 loss 3.28 i_con 3.94 plddt 0.42 ptm 0.88 i_ptm 0.36 energy -3.58
89 models [0] recycles 0 hard 0 soft 1 temp 1 loss 3.31 i_con 4.01 plddt 0.43 ptm 0.87 i_ptm 0.31 energy -3.79
90 models [1] recycles 0 hard 0 soft 1 temp 1 loss 3.66 i_con 4.35 plddt 0.41 ptm 0.88 i_ptm 0.22 energy -3.74
91 models [0] recycles 0 hard 0 soft 1 temp 1 loss 3.40 i_con 4.09 plddt 0.43 ptm 0.87 i_ptm 0.28 energy -3.72
92 models [1] recycles 0 hard 0 soft 1 temp 1 loss 3.31 i_con 3.99 plddt 0.42 ptm 0.89 i_ptm 0.33 energy -3.71
93 models [1] recycles 0 hard 0 soft 1 temp 1 loss 3.49 i_con 4.17 plddt 0.40 ptm 0.89 i_ptm 0.27 energy -3.71
94 models [0] recycles 0 hard 0 soft 1 temp 1 loss 3.39 i_con 4.11 plddt 0.38 ptm 0.87 i_ptm 0.28 energy -3.86
95 models [1] recycles 0 hard 0 soft 1 temp 1 loss 2.98 i_con 3.74 plddt 0.45 ptm 0.90 i_ptm 0.47 energy -4.05
96 models [0] recycles 0 hard 0 soft 1 temp 1 loss 3.35 i_con 4.12 plddt 0.43 ptm 0.87 i_ptm 0.30 energy -4.14
97 models [1] recycles 0 hard 0 soft 1 temp 1 loss 3.52 i_con 4.29 plddt 0.38 ptm 0.89 i_ptm 0.24 energy -4.15
98 models [0] recycles 0 hard 0 soft 1 temp 1 loss 3.21 i_con 3.95 plddt 0.41 ptm 0.87 i_ptm 0.33 energy -4.00
99 models [1] recycles 0 hard 0 soft 1 temp 1 loss 3.38 i_con 4.16 plddt 0.40 ptm 0.89 i_ptm 0.27 energy -4.20
100 models [1] recycles 0 hard 0 soft 1 temp 1 loss 3.29 i_con 4.05 plddt 0.41 ptm 0.89 i_ptm 0.31 energy -4.10
101 models [0] recycles 0 hard 0 soft 0 temp 1 loss 5.52 i_con 6.33 plddt 0.45 ptm 0.87 i_ptm 0.12 energy -17.28
102 models [1] recycles 0 hard 0 soft 0 temp 0.98 loss 6.29 i_con 7.10 plddt 0.47 ptm 0.88 i_ptm 0.09 energy -17.16
103 models [0] recycles 0 hard 0 soft 0 temp 0.96 loss 4.34 i_con 5.14 plddt 0.42 ptm 0.87 i_ptm 0.19 energy -17.17
104 models [1] recycles 0 hard 0 soft 0 temp 0.94 loss 5.37 i_con 6.18 plddt 0.56 ptm 0.88 i_ptm 0.10 energy -17.00
105 models [0] recycles 0 hard 0 soft 0 temp 0.92 loss 3.17 i_con 3.97 plddt 0.46 ptm 0.88 i_ptm 0.37 energy -17.10
106 models [1] recycles 0 hard 0 soft 0 temp 0.90 loss 3.15 i_con 3.97 plddt 0.42 ptm 0.89 i_ptm 0.32 energy -17.61
107 models [1] recycles 0 hard 0 soft 0 temp 0.88 loss 3.40 i_con 4.24 plddt 0.42 ptm 0.89 i_ptm 0.28 energy -17.84
108 models [0] recycles 0 hard 0 soft 0 temp 0.86 loss 3.04 i_con 3.88 plddt 0.44 ptm 0.87 i_ptm 0.35 energy -18.02
109 models [1] recycles 0 hard 0 soft 0 temp 0.84 loss 2.92 i_con 3.85 plddt 0.44 ptm 0.89 i_ptm 0.40 energy -19.72
110 models [0] recycles 0 hard 0 soft 0 temp 0.82 loss 2.87 i_con 3.84 plddt 0.45 ptm 0.87 i_ptm 0.38 energy -20.46
111 models [0] recycles 0 hard 0 soft 0 temp 0.80 loss 2.91 i_con 3.96 plddt 0.43 ptm 0.87 i_ptm 0.32 energy -22.09
112 models [0] recycles 0 hard 0 soft 0 temp 0.78 loss 2.76 i_con 3.89 plddt 0.43 ptm 0.88 i_ptm 0.34 energy -23.60
113 models [0] recycles 0 hard 0 soft 0 temp 0.76 loss 2.57 i_con 3.77 plddt 0.45 ptm 0.87 i_ptm 0.38 energy -25.10
114 models [1] recycles 0 hard 0 soft 0 temp 0.74 loss 2.47 i_con 3.76 plddt 0.43 ptm 0.89 i_ptm 0.40 energy -27.01
115 models [0] recycles 0 hard 0 soft 0 temp 0.72 loss 2.50 i_con 3.84 plddt 0.43 ptm 0.88 i_ptm 0.37 energy -27.82
116 models [0] recycles 0 hard 0 soft 0 temp 0.70 loss 2.40 i_con 3.80 plddt 0.47 ptm 0.88 i_ptm 0.42 energy -28.92
117 models [0] recycles 0 hard 0 soft 0 temp 0.68 loss 2.18 i_con 3.64 plddt 0.48 ptm 0.88 i_ptm 0.49 energy -30.07
118 models [1] recycles 0 hard 0 soft 0 temp 0.66 loss 2.11 i_con 3.61 plddt 0.47 ptm 0.90 i_ptm 0.50 energy -31.08
119 models [0] recycles 0 hard 0 soft 0 temp 0.64 loss 1.93 i_con 3.48 plddt 0.55 ptm 0.88 i_ptm 0.55 energy -31.97
120 models [1] recycles 0 hard 0 soft 0 temp 0.62 loss 2.21 i_con 3.80 plddt 0.44 ptm 0.89 i_ptm 0.39 energy -32.80
121 models [0] recycles 0 hard 0 soft 0 temp 0.60 loss 1.99 i_con 3.60 plddt 0.50 ptm 0.88 i_ptm 0.51 energy -33.28
122 models [0] recycles 0 hard 0 soft 0 temp 0.58 loss 2.00 i_con 3.67 plddt 0.49 ptm 0.88 i_ptm 0.48 energy -34.45
123 models [0] recycles 0 hard 0 soft 0 temp 0.56 loss 1.72 i_con 3.47 plddt 0.53 ptm 0.89 i_ptm 0.57 energy -35.98
124 models [0] recycles 0 hard 0 soft 0 temp 0.54 loss 1.55 i_con 3.35 plddt 0.56 ptm 0.89 i_ptm 0.60 energy -36.86
125 models [0] recycles 0 hard 0 soft 0 temp 0.52 loss 1.69 i_con 3.53 plddt 0.52 ptm 0.89 i_ptm 0.57 energy -37.66
126 models [0] recycles 0 hard 0 soft 0 temp 0.50 loss 1.50 i_con 3.39 plddt 0.58 ptm 0.89 i_ptm 0.60 energy -38.66
127 models [0] recycles 0 hard 0 soft 0 temp 0.48 loss 1.42 i_con 3.32 plddt 0.57 ptm 0.89 i_ptm 0.61 energy -38.86
128 models [1] recycles 0 hard 0 soft 0 temp 0.46 loss 1.16 i_con 3.12 plddt 0.60 ptm 0.91 i_ptm 0.70 energy -39.89
129 models [1] recycles 0 hard 0 soft 0 temp 0.44 loss 1.10 i_con 3.09 plddt 0.61 ptm 0.91 i_ptm 0.69 energy -40.52
130 models [1] recycles 0 hard 0 soft 0 temp 0.42 loss 1.05 i_con 3.06 plddt 0.64 ptm 0.91 i_ptm 0.70 energy -40.81
131 models [1] recycles 0 hard 0 soft 0 temp 0.40 loss 1.03 i_con 3.07 plddt 0.59 ptm 0.90 i_ptm 0.67 energy -41.66
132 models [1] recycles 0 hard 0 soft 0 temp 0.38 loss 0.84 i_con 2.94 plddt 0.63 ptm 0.91 i_ptm 0.70 energy -42.77
133 models [1] recycles 0 hard 0 soft 0 temp 0.36 loss 1.02 i_con 3.17 plddt 0.60 ptm 0.91 i_ptm 0.67 energy -43.69
134 models [1] recycles 0 hard 0 soft 0 temp 0.34 loss 0.84 i_con 3.00 plddt 0.62 ptm 0.91 i_ptm 0.71 energy -43.92
135 models [0] recycles 0 hard 0 soft 0 temp 0.32 loss 0.79 i_con 3.01 plddt 0.63 ptm 0.89 i_ptm 0.69 energy -45.16
136 models [0] recycles 0 hard 0 soft 0 temp 0.30 loss 0.82 i_con 3.07 plddt 0.63 ptm 0.89 i_ptm 0.69 energy -45.86
137 models [1] recycles 0 hard 0 soft 0 temp 0.28 loss 0.47 i_con 2.78 plddt 0.69 ptm 0.91 i_ptm 0.75 energy -46.74
138 models [1] recycles 0 hard 0 soft 0 temp 0.26 loss 0.36 i_con 2.68 plddt 0.68 ptm 0.91 i_ptm 0.78 energy -47.04
139 models [0] recycles 0 hard 0 soft 0 temp 0.24 loss 0.54 i_con 2.89 plddt 0.66 ptm 0.89 i_ptm 0.74 energy -47.78
140 models [1] recycles 0 hard 0 soft 0 temp 0.22 loss 0.53 i_con 2.91 plddt 0.65 ptm 0.91 i_ptm 0.72 energy -48.12
141 models [0] recycles 0 hard 0 soft 0 temp 0.20 loss 0.47 i_con 2.88 plddt 0.66 ptm 0.89 i_ptm 0.72 energy -48.90
142 models [0] recycles 0 hard 0 soft 0 temp 0.18 loss 0.82 i_con 3.27 plddt 0.59 ptm 0.89 i_ptm 0.64 energy -49.85
143 models [1] recycles 0 hard 0 soft 0 temp 0.16 loss 0.16 i_con 2.65 plddt 0.69 ptm 0.91 i_ptm 0.76 energy -50.48
144 models [0] recycles 0 hard 0 soft 0 temp 0.14 loss 0.60 i_con 3.13 plddt 0.59 ptm 0.89 i_ptm 0.67 energy -51.29
145 models [1] recycles 0 hard 0 soft 0 temp 0.12 loss -0.02 i_con 2.56 plddt 0.72 ptm 0.92 i_ptm 0.79 energy -52.21
146 models [1] recycles 0 hard 0 soft 0 temp 0.10 loss -0.00 i_con 2.61 plddt 0.71 ptm 0.91 i_ptm 0.77 energy -52.85
147 models [0] recycles 0 hard 0 soft 0 temp 0.08 loss 0.50 i_con 3.14 plddt 0.61 ptm 0.89 i_ptm 0.67 energy -53.70
148 models [1] recycles 0 hard 0 soft 0 temp 0.06 loss -0.19 i_con 2.50 plddt 0.72 ptm 0.91 i_ptm 0.80 energy -54.51
149 models [0] recycles 0 hard 0 soft 0 temp 0.04 loss 0.17 i_con 2.92 plddt 0.64 ptm 0.89 i_ptm 0.72 energy -55.76
150 models [0] recycles 0 hard 0 soft 0 temp 0.02 loss 0.14 i_con 2.95 plddt 0.64 ptm 0.89 i_ptm 0.71 energy -56.96
151 models [0] recycles 0 hard 1 soft 0 temp 0.00 loss 1.70 i_con 3.80 plddt 0.42 ptm 0.88 i_ptm 0.43 energy -4.30
152 models [0] recycles 0 hard 1 soft 0 temp 0.00 loss 1.70 i_con 3.80 plddt 0.42 ptm 0.88 i_ptm 0.43 energy -4.30
153 models [1] recycles 0 hard 1 soft 0 temp 0.00 loss 1.68 i_con 3.77 plddt 0.43 ptm 0.90 i_ptm 0.43 energy -4.30
154 models [0] recycles 0 hard 1 soft 0 temp 0.00 loss 1.70 i_con 3.80 plddt 0.42 ptm 0.88 i_ptm 0.43 energy -4.30
155 models [0] recycles 0 hard 1 soft 0 temp 0.00 loss 1.70 i_con 3.80 plddt 0.42 ptm 0.88 i_ptm 0.43 energy -4.30
156 models [1] recycles 0 hard 1 soft 0 temp 0.00 loss 1.68 i_con 3.77 plddt 0.43 ptm 0.90 i_ptm 0.43 energy -4.30
157 models [1] recycles 0 hard 1 soft 0 temp 0.00 loss 1.68 i_con 3.77 plddt 0.43 ptm 0.90 i_ptm 0.43 energy -4.30
158 models [0] recycles 0 hard 1 soft 0 temp 0.00 loss 1.70 i_con 3.80 plddt 0.42 ptm 0.88 i_ptm 0.43 energy -4.30
159 models [0] recycles 0 hard 1 soft 0 temp 0.00 loss 1.70 i_con 3.80 plddt 0.42 ptm 0.88 i_ptm 0.43 energy -4.30
160 models [1] recycles 0 hard 1 soft 0 temp 0.00 loss 1.68 i_con 3.77 plddt 0.43 ptm 0.90 i_ptm 0.43 energy -4.30
161 models [0] recycles 0 hard 1 soft 0 temp 0.00 loss 1.70 i_con 3.80 plddt 0.42 ptm 0.88 i_ptm 0.43 energy -4.30
162 models [0] recycles 0 hard 1 soft 0 temp 0.00 loss 1.70 i_con 3.80 plddt 0.42 ptm 0.88 i_ptm 0.43 energy -4.30
163 models [1] recycles 0 hard 1 soft 0 temp 0.00 loss 1.68 i_con 3.77 plddt 0.43 ptm 0.90 i_ptm 0.43 energy -4.30
164 models [0] recycles 0 hard 1 soft 0 temp 0.00 loss 1.70 i_con 3.80 plddt 0.42 ptm 0.88 i_ptm 0.43 energy -4.30
165 models [1] recycles 0 hard 1 soft 0 temp 0.00 loss 1.68 i_con 3.77 plddt 0.43 ptm 0.90 i_ptm 0.43 energy -4.30
166 models [0] recycles 0 hard 1 soft 0 temp 0.00 loss 1.70 i_con 3.80 plddt 0.42 ptm 0.88 i_ptm 0.43 energy -4.30
167 models [0] recycles 0 hard 1 soft 0 temp 0.00 loss 1.70 i_con 3.80 plddt 0.42 ptm 0.88 i_ptm 0.43 energy -4.30
168 models [0] recycles 0 hard 1 soft 0 temp 0.00 loss 1.70 i_con 3.80 plddt 0.42 ptm 0.88 i_ptm 0.43 energy -4.30
169 models [1] recycles 0 hard 1 soft 0 temp 0.00 loss 1.68 i_con 3.77 plddt 0.43 ptm 0.90 i_ptm 0.43 energy -4.30
170 models [1] recycles 0 hard 1 soft 0 temp 0.00 loss 1.68 i_con 3.77 plddt 0.43 ptm 0.90 i_ptm 0.43 energy -4.30
171 models [0] recycles 0 hard 1 soft 0 temp 0.00 loss 1.70 i_con 3.80 plddt 0.42 ptm 0.88 i_ptm 0.43 energy -4.30
172 models [0] recycles 0 hard 1 soft 0 temp 0.00 loss 1.70 i_con 3.80 plddt 0.42 ptm 0.88 i_ptm 0.43 energy -4.30
173 models [0] recycles 0 hard 1 soft 0 temp 0.00 loss 1.70 i_con 3.80 plddt 0.42 ptm 0.88 i_ptm 0.43 energy -4.30
174 models [0] recycles 0 hard 1 soft 0 temp 0.00 loss 1.70 i_con 3.80 plddt 0.42 ptm 0.88 i_ptm 0.43 energy -4.30
175 models [1] recycles 0 hard 1 soft 0 temp 0.00 loss 1.68 i_con 3.77 plddt 0.43 ptm 0.90 i_ptm 0.43 energy -4.30
176 models [1] recycles 0 hard 1 soft 0 temp 0.00 loss 1.68 i_con 3.77 plddt 0.43 ptm 0.90 i_ptm 0.43 energy -4.30
177 models [1] recycles 0 hard 1 soft 0 temp 0.00 loss 1.68 i_con 3.77 plddt 0.43 ptm 0.90 i_ptm 0.43 energy -4.30
178 models [1] recycles 0 hard 1 soft 0 temp 0.00 loss 1.68 i_con 3.77 plddt 0.43 ptm 0.90 i_ptm 0.43 energy -4.30
179 models [0] recycles 0 hard 1 soft 0 temp 0.00 loss 1.70 i_con 3.80 plddt 0.42 ptm 0.88 i_ptm 0.43 energy -4.30
180 models [1] recycles 0 hard 1 soft 0 temp 0.00 loss 1.68 i_con 3.77 plddt 0.43 ptm 0.90 i_ptm 0.43 energy -4.30
  seq=LIGGPALEVLLCLFC  loss=1.6783  loss_af=3.8297  energy=-4.3029  i_ptm=0.4293
[15/20] seed=14 ...
1 models [1] recycles 0 hard 0 soft 1 temp 1 loss 8.05 i_con 7.63 plddt 0.56 ptm 0.88 i_ptm 0.09 energy 7.41
2 models [0] recycles 0 hard 0 soft 1 temp 1 loss 7.96 i_con 7.57 plddt 0.61 ptm 0.86 i_ptm 0.13 energy 7.00
3 models [1] recycles 0 hard 0 soft 1 temp 1 loss 7.89 i_con 7.50 plddt 0.53 ptm 0.88 i_ptm 0.10 energy 6.73
4 models [0] recycles 0 hard 0 soft 1 temp 1 loss 7.75 i_con 7.39 plddt 0.51 ptm 0.86 i_ptm 0.13 energy 6.36
5 models [0] recycles 0 hard 0 soft 1 temp 1 loss 7.46 i_con 7.11 plddt 0.53 ptm 0.86 i_ptm 0.12 energy 6.16
6 models [0] recycles 0 hard 0 soft 1 temp 1 loss 6.83 i_con 6.49 plddt 0.56 ptm 0.86 i_ptm 0.12 energy 5.84
7 models [1] recycles 0 hard 0 soft 1 temp 1 loss 7.22 i_con 6.89 plddt 0.49 ptm 0.88 i_ptm 0.08 energy 5.64
8 models [0] recycles 0 hard 0 soft 1 temp 1 loss 7.07 i_con 6.76 plddt 0.49 ptm 0.86 i_ptm 0.14 energy 5.32
9 models [1] recycles 0 hard 0 soft 1 temp 1 loss 6.69 i_con 6.39 plddt 0.54 ptm 0.88 i_ptm 0.09 energy 5.13
10 models [1] recycles 0 hard 0 soft 1 temp 1 loss 6.38 i_con 6.08 plddt 0.46 ptm 0.88 i_ptm 0.08 energy 4.93
11 models [1] recycles 0 hard 0 soft 1 temp 1 loss 6.07 i_con 5.78 plddt 0.46 ptm 0.88 i_ptm 0.08 energy 4.64
12 models [1] recycles 0 hard 0 soft 1 temp 1 loss 6.30 i_con 6.04 plddt 0.49 ptm 0.88 i_ptm 0.08 energy 4.21
13 models [0] recycles 0 hard 0 soft 1 temp 1 loss 5.46 i_con 5.21 plddt 0.42 ptm 0.86 i_ptm 0.11 energy 3.82
14 models [1] recycles 0 hard 0 soft 1 temp 1 loss 5.78 i_con 5.55 plddt 0.43 ptm 0.88 i_ptm 0.09 energy 3.44
15 models [0] recycles 0 hard 0 soft 1 temp 1 loss 4.98 i_con 4.75 plddt 0.37 ptm 0.87 i_ptm 0.18 energy 3.44
16 models [1] recycles 0 hard 0 soft 1 temp 1 loss 5.76 i_con 5.55 plddt 0.45 ptm 0.88 i_ptm 0.09 energy 3.23
17 models [1] recycles 0 hard 0 soft 1 temp 1 loss 5.52 i_con 5.31 plddt 0.41 ptm 0.88 i_ptm 0.09 energy 2.91
18 models [0] recycles 0 hard 0 soft 1 temp 1 loss 5.04 i_con 4.84 plddt 0.39 ptm 0.86 i_ptm 0.14 energy 2.79
19 models [0] recycles 0 hard 0 soft 1 temp 1 loss 4.72 i_con 4.53 plddt 0.37 ptm 0.87 i_ptm 0.18 energy 2.62
20 models [1] recycles 0 hard 0 soft 1 temp 1 loss 5.63 i_con 5.45 plddt 0.45 ptm 0.88 i_ptm 0.08 energy 2.57
21 models [0] recycles 0 hard 0 soft 1 temp 1 loss 4.81 i_con 4.64 plddt 0.35 ptm 0.87 i_ptm 0.14 energy 2.08
22 models [1] recycles 0 hard 0 soft 1 temp 1 loss 5.39 i_con 5.23 plddt 0.42 ptm 0.88 i_ptm 0.09 energy 2.00
23 models [1] recycles 0 hard 0 soft 1 temp 1 loss 5.30 i_con 5.14 plddt 0.39 ptm 0.88 i_ptm 0.10 energy 1.87
24 models [0] recycles 0 hard 0 soft 1 temp 1 loss 5.06 i_con 4.92 plddt 0.38 ptm 0.87 i_ptm 0.14 energy 1.70
25 models [0] recycles 0 hard 0 soft 1 temp 1 loss 4.52 i_con 4.37 plddt 0.36 ptm 0.87 i_ptm 0.22 energy 1.55
26 models [0] recycles 0 hard 0 soft 1 temp 1 loss 4.69 i_con 4.57 plddt 0.36 ptm 0.87 i_ptm 0.20 energy 1.16
27 models [1] recycles 0 hard 0 soft 1 temp 1 loss 5.14 i_con 5.02 plddt 0.37 ptm 0.88 i_ptm 0.12 energy 1.10
28 models [0] recycles 0 hard 0 soft 1 temp 1 loss 4.67 i_con 4.57 plddt 0.39 ptm 0.87 i_ptm 0.20 energy 0.62
29 models [1] recycles 0 hard 0 soft 1 temp 1 loss 5.27 i_con 5.17 plddt 0.40 ptm 0.88 i_ptm 0.10 energy 0.83
30 models [1] recycles 0 hard 0 soft 1 temp 1 loss 5.31 i_con 5.21 plddt 0.39 ptm 0.88 i_ptm 0.10 energy 0.77
31 models [0] recycles 0 hard 0 soft 1 temp 1 loss 4.41 i_con 4.32 plddt 0.39 ptm 0.87 i_ptm 0.24 energy 0.52
32 models [0] recycles 0 hard 0 soft 1 temp 1 loss 4.47 i_con 4.38 plddt 0.41 ptm 0.87 i_ptm 0.22 energy 0.61
33 models [0] recycles 0 hard 0 soft 1 temp 1 loss 4.68 i_con 4.61 plddt 0.36 ptm 0.87 i_ptm 0.19 energy 0.16
34 models [0] recycles 0 hard 0 soft 1 temp 1 loss 4.42 i_con 4.37 plddt 0.41 ptm 0.87 i_ptm 0.24 energy -0.33
35 models [0] recycles 0 hard 0 soft 1 temp 1 loss 4.43 i_con 4.38 plddt 0.39 ptm 0.87 i_ptm 0.19 energy -0.27
36 models [0] recycles 0 hard 0 soft 1 temp 1 loss 4.51 i_con 4.48 plddt 0.36 ptm 0.87 i_ptm 0.19 energy -0.85
37 models [0] recycles 0 hard 0 soft 1 temp 1 loss 4.33 i_con 4.32 plddt 0.38 ptm 0.87 i_ptm 0.21 energy -1.04
38 models [1] recycles 0 hard 0 soft 1 temp 1 loss 4.96 i_con 4.95 plddt 0.35 ptm 0.88 i_ptm 0.16 energy -1.07
39 models [0] recycles 0 hard 0 soft 1 temp 1 loss 4.50 i_con 4.49 plddt 0.38 ptm 0.87 i_ptm 0.23 energy -1.10
40 models [0] recycles 0 hard 0 soft 1 temp 1 loss 4.58 i_con 4.58 plddt 0.36 ptm 0.87 i_ptm 0.20 energy -1.26
41 models [1] recycles 0 hard 0 soft 1 temp 1 loss 4.71 i_con 4.71 plddt 0.35 ptm 0.88 i_ptm 0.17 energy -1.43
42 models [1] recycles 0 hard 0 soft 1 temp 1 loss 5.14 i_con 5.14 plddt 0.37 ptm 0.88 i_ptm 0.12 energy -1.17
43 models [1] recycles 0 hard 0 soft 1 temp 1 loss 4.99 i_con 5.01 plddt 0.38 ptm 0.88 i_ptm 0.17 energy -1.50
44 models [1] recycles 0 hard 0 soft 1 temp 1 loss 4.85 i_con 4.86 plddt 0.38 ptm 0.88 i_ptm 0.17 energy -1.32
45 models [1] recycles 0 hard 0 soft 1 temp 1 loss 4.80 i_con 4.80 plddt 0.34 ptm 0.88 i_ptm 0.18 energy -1.32
46 models [0] recycles 0 hard 0 soft 1 temp 1 loss 4.67 i_con 4.69 plddt 0.37 ptm 0.87 i_ptm 0.21 energy -1.51
47 models [0] recycles 0 hard 0 soft 1 temp 1 loss 4.18 i_con 4.19 plddt 0.38 ptm 0.87 i_ptm 0.25 energy -1.49
48 models [0] recycles 0 hard 0 soft 1 temp 1 loss 4.39 i_con 4.41 plddt 0.40 ptm 0.87 i_ptm 0.23 energy -1.58
49 models [1] recycles 0 hard 0 soft 1 temp 1 loss 4.86 i_con 4.89 plddt 0.39 ptm 0.88 i_ptm 0.12 energy -1.84
50 models [1] recycles 0 hard 0 soft 1 temp 1 loss 5.54 i_con 5.58 plddt 0.41 ptm 0.88 i_ptm 0.10 energy -1.93
51 models [1] recycles 0 hard 0 soft 1 temp 1 loss 4.42 i_con 4.77 plddt 0.37 ptm 0.88 i_ptm 0.21 energy -2.08
52 models [1] recycles 0 hard 0 soft 1 temp 1 loss 4.72 i_con 5.14 plddt 0.41 ptm 0.88 i_ptm 0.14 energy -2.39
53 models [0] recycles 0 hard 0 soft 1 temp 1 loss 3.96 i_con 4.42 plddt 0.38 ptm 0.87 i_ptm 0.23 energy -2.63
54 models [1] recycles 0 hard 0 soft 1 temp 1 loss 4.31 i_con 4.79 plddt 0.37 ptm 0.88 i_ptm 0.19 energy -2.70
55 models [1] recycles 0 hard 0 soft 1 temp 1 loss 3.89 i_con 4.40 plddt 0.38 ptm 0.89 i_ptm 0.21 energy -2.83
56 models [0] recycles 0 hard 0 soft 1 temp 1 loss 3.62 i_con 4.16 plddt 0.38 ptm 0.87 i_ptm 0.26 energy -2.98
57 models [0] recycles 0 hard 0 soft 1 temp 1 loss 3.64 i_con 4.21 plddt 0.41 ptm 0.87 i_ptm 0.27 energy -3.11
58 models [1] recycles 0 hard 0 soft 1 temp 1 loss 4.16 i_con 4.75 plddt 0.37 ptm 0.88 i_ptm 0.17 energy -3.28
59 models [1] recycles 0 hard 0 soft 1 temp 1 loss 4.01 i_con 4.61 plddt 0.38 ptm 0.88 i_ptm 0.19 energy -3.33
60 models [1] recycles 0 hard 0 soft 1 temp 1 loss 3.67 i_con 4.35 plddt 0.37 ptm 0.89 i_ptm 0.24 energy -3.69
61 models [0] recycles 0 hard 0 soft 1 temp 1 loss 3.71 i_con 4.45 plddt 0.36 ptm 0.87 i_ptm 0.21 energy -4.02
62 models [1] recycles 0 hard 0 soft 1 temp 1 loss 3.48 i_con 4.29 plddt 0.35 ptm 0.88 i_ptm 0.25 energy -4.35
63 models [1] recycles 0 hard 0 soft 1 temp 1 loss 3.54 i_con 4.42 plddt 0.38 ptm 0.88 i_ptm 0.23 energy -4.69
64 models [0] recycles 0 hard 0 soft 1 temp 1 loss 3.33 i_con 4.19 plddt 0.35 ptm 0.87 i_ptm 0.26 energy -4.65
65 models [0] recycles 0 hard 0 soft 1 temp 1 loss 3.15 i_con 4.07 plddt 0.38 ptm 0.87 i_ptm 0.27 energy -4.93
66 models [0] recycles 0 hard 0 soft 1 temp 1 loss 3.10 i_con 4.10 plddt 0.39 ptm 0.87 i_ptm 0.28 energy -5.30
67 models [1] recycles 0 hard 0 soft 1 temp 1 loss 3.27 i_con 4.32 plddt 0.37 ptm 0.88 i_ptm 0.22 energy -5.57
68 models [0] recycles 0 hard 0 soft 1 temp 1 loss 3.18 i_con 4.19 plddt 0.36 ptm 0.87 i_ptm 0.23 energy -5.38
69 models [1] recycles 0 hard 0 soft 1 temp 1 loss 3.37 i_con 4.43 plddt 0.36 ptm 0.88 i_ptm 0.20 energy -5.65
70 models [0] recycles 0 hard 0 soft 1 temp 1 loss 3.12 i_con 4.14 plddt 0.38 ptm 0.87 i_ptm 0.22 energy -5.42
71 models [0] recycles 0 hard 0 soft 1 temp 1 loss 3.13 i_con 4.22 plddt 0.40 ptm 0.87 i_ptm 0.22 energy -5.76
72 models [1] recycles 0 hard 0 soft 1 temp 1 loss 2.95 i_con 4.06 plddt 0.39 ptm 0.89 i_ptm 0.28 energy -5.86
73 models [0] recycles 0 hard 0 soft 1 temp 1 loss 2.71 i_con 3.81 plddt 0.40 ptm 0.87 i_ptm 0.33 energy -5.82
74 models [1] recycles 0 hard 0 soft 1 temp 1 loss 2.86 i_con 4.01 plddt 0.38 ptm 0.89 i_ptm 0.27 energy -6.07
75 models [1] recycles 0 hard 0 soft 1 temp 1 loss 3.14 i_con 4.26 plddt 0.36 ptm 0.88 i_ptm 0.24 energy -5.91
76 models [1] recycles 0 hard 0 soft 1 temp 1 loss 2.98 i_con 4.12 plddt 0.38 ptm 0.89 i_ptm 0.27 energy -6.01
77 models [1] recycles 0 hard 0 soft 1 temp 1 loss 2.90 i_con 4.04 plddt 0.35 ptm 0.89 i_ptm 0.28 energy -6.06
78 models [0] recycles 0 hard 0 soft 1 temp 1 loss 2.88 i_con 4.00 plddt 0.38 ptm 0.87 i_ptm 0.30 energy -5.91
79 models [1] recycles 0 hard 0 soft 1 temp 1 loss 2.91 i_con 4.10 plddt 0.36 ptm 0.89 i_ptm 0.25 energy -6.28
80 models [0] recycles 0 hard 0 soft 1 temp 1 loss 2.77 i_con 3.90 plddt 0.40 ptm 0.87 i_ptm 0.30 energy -5.98
81 models [0] recycles 0 hard 0 soft 1 temp 1 loss 2.74 i_con 3.95 plddt 0.39 ptm 0.87 i_ptm 0.32 energy -6.37
82 models [1] recycles 0 hard 0 soft 1 temp 1 loss 2.86 i_con 4.07 plddt 0.36 ptm 0.89 i_ptm 0.27 energy -6.37
83 models [0] recycles 0 hard 0 soft 1 temp 1 loss 2.92 i_con 4.12 plddt 0.35 ptm 0.87 i_ptm 0.27 energy -6.35
84 models [1] recycles 0 hard 0 soft 1 temp 1 loss 2.89 i_con 4.13 plddt 0.34 ptm 0.88 i_ptm 0.27 energy -6.52
85 models [1] recycles 0 hard 0 soft 1 temp 1 loss 2.87 i_con 4.10 plddt 0.37 ptm 0.89 i_ptm 0.26 energy -6.47
86 models [1] recycles 0 hard 0 soft 1 temp 1 loss 2.81 i_con 4.03 plddt 0.36 ptm 0.89 i_ptm 0.28 energy -6.41
87 models [1] recycles 0 hard 0 soft 1 temp 1 loss 3.00 i_con 4.25 plddt 0.35 ptm 0.88 i_ptm 0.22 energy -6.58
88 models [1] recycles 0 hard 0 soft 1 temp 1 loss 2.85 i_con 4.09 plddt 0.35 ptm 0.89 i_ptm 0.26 energy -6.49
89 models [1] recycles 0 hard 0 soft 1 temp 1 loss 3.07 i_con 4.32 plddt 0.34 ptm 0.88 i_ptm 0.22 energy -6.57
90 models [0] recycles 0 hard 0 soft 1 temp 1 loss 2.72 i_con 3.95 plddt 0.39 ptm 0.87 i_ptm 0.30 energy -6.46
91 models [1] recycles 0 hard 0 soft 1 temp 1 loss 2.84 i_con 4.15 plddt 0.36 ptm 0.89 i_ptm 0.25 energy -6.84
92 models [1] recycles 0 hard 0 soft 1 temp 1 loss 2.82 i_con 4.09 plddt 0.37 ptm 0.88 i_ptm 0.26 energy -6.69
93 models [1] recycles 0 hard 0 soft 1 temp 1 loss 2.68 i_con 3.94 plddt 0.36 ptm 0.89 i_ptm 0.29 energy -6.66
94 models [1] recycles 0 hard 0 soft 1 temp 1 loss 2.63 i_con 3.97 plddt 0.38 ptm 0.89 i_ptm 0.30 energy -7.00
95 models [0] recycles 0 hard 0 soft 1 temp 1 loss 2.62 i_con 3.96 plddt 0.35 ptm 0.87 i_ptm 0.30 energy -7.02
96 models [1] recycles 0 hard 0 soft 1 temp 1 loss 2.75 i_con 4.09 plddt 0.35 ptm 0.89 i_ptm 0.28 energy -7.02
97 models [0] recycles 0 hard 0 soft 1 temp 1 loss 2.76 i_con 4.10 plddt 0.37 ptm 0.87 i_ptm 0.24 energy -7.02
98 models [0] recycles 0 hard 0 soft 1 temp 1 loss 2.68 i_con 4.06 plddt 0.36 ptm 0.88 i_ptm 0.27 energy -7.23
99 models [0] recycles 0 hard 0 soft 1 temp 1 loss 2.58 i_con 3.97 plddt 0.36 ptm 0.87 i_ptm 0.28 energy -7.26
100 models [1] recycles 0 hard 0 soft 1 temp 1 loss 2.67 i_con 4.05 plddt 0.34 ptm 0.89 i_ptm 0.26 energy -7.27
101 models [0] recycles 0 hard 0 soft 0 temp 1 loss 5.32 i_con 7.01 plddt 0.62 ptm 0.86 i_ptm 0.13 energy -34.66
102 models [1] recycles 0 hard 0 soft 0 temp 0.98 loss 4.78 i_con 6.49 plddt 0.72 ptm 0.88 i_ptm 0.09 energy -34.77
103 models [0] recycles 0 hard 0 soft 0 temp 0.96 loss 3.25 i_con 4.93 plddt 0.39 ptm 0.87 i_ptm 0.21 energy -34.72
104 models [0] recycles 0 hard 0 soft 0 temp 0.94 loss 2.46 i_con 4.15 plddt 0.41 ptm 0.87 i_ptm 0.29 energy -34.99
105 models [0] recycles 0 hard 0 soft 0 temp 0.92 loss 2.53 i_con 4.25 plddt 0.41 ptm 0.87 i_ptm 0.26 energy -35.68
106 models [0] recycles 0 hard 0 soft 0 temp 0.90 loss 2.18 i_con 3.95 plddt 0.42 ptm 0.87 i_ptm 0.33 energy -36.68
107 models [0] recycles 0 hard 0 soft 0 temp 0.88 loss 2.06 i_con 3.90 plddt 0.42 ptm 0.87 i_ptm 0.35 energy -37.84
108 models [1] recycles 0 hard 0 soft 0 temp 0.86 loss 2.15 i_con 4.04 plddt 0.40 ptm 0.89 i_ptm 0.31 energy -38.99
109 models [0] recycles 0 hard 0 soft 0 temp 0.84 loss 2.05 i_con 3.96 plddt 0.40 ptm 0.88 i_ptm 0.33 energy -39.41
110 models [0] recycles 0 hard 0 soft 0 temp 0.82 loss 1.79 i_con 3.78 plddt 0.39 ptm 0.88 i_ptm 0.39 energy -41.07
111 models [0] recycles 0 hard 0 soft 0 temp 0.80 loss 1.46 i_con 3.56 plddt 0.47 ptm 0.88 i_ptm 0.47 energy -43.08
112 models [0] recycles 0 hard 0 soft 0 temp 0.78 loss 1.49 i_con 3.67 plddt 0.45 ptm 0.87 i_ptm 0.43 energy -44.66
113 models [0] recycles 0 hard 0 soft 0 temp 0.76 loss 1.66 i_con 3.90 plddt 0.42 ptm 0.88 i_ptm 0.37 energy -45.89
114 models [1] recycles 0 hard 0 soft 0 temp 0.74 loss 1.68 i_con 3.96 plddt 0.37 ptm 0.89 i_ptm 0.33 energy -46.80
115 models [1] recycles 0 hard 0 soft 0 temp 0.72 loss 1.37 i_con 3.73 plddt 0.42 ptm 0.89 i_ptm 0.39 energy -48.32
116 models [1] recycles 0 hard 0 soft 0 temp 0.70 loss 1.20 i_con 3.65 plddt 0.50 ptm 0.90 i_ptm 0.45 energy -49.88
117 models [1] recycles 0 hard 0 soft 0 temp 0.68 loss 1.30 i_con 3.75 plddt 0.44 ptm 0.89 i_ptm 0.42 energy -50.09
118 models [0] recycles 0 hard 0 soft 0 temp 0.66 loss 1.14 i_con 3.59 plddt 0.50 ptm 0.88 i_ptm 0.48 energy -50.11
119 models [1] recycles 0 hard 0 soft 0 temp 0.64 loss 1.51 i_con 4.01 plddt 0.40 ptm 0.89 i_ptm 0.29 energy -51.20
120 models [1] recycles 0 hard 0 soft 0 temp 0.62 loss 1.29 i_con 3.82 plddt 0.38 ptm 0.89 i_ptm 0.39 energy -51.85
121 models [1] recycles 0 hard 0 soft 0 temp 0.60 loss 0.91 i_con 3.49 plddt 0.51 ptm 0.90 i_ptm 0.51 energy -52.63
122 models [1] recycles 0 hard 0 soft 0 temp 0.58 loss 1.20 i_con 3.79 plddt 0.38 ptm 0.89 i_ptm 0.39 energy -53.14
123 models [1] recycles 0 hard 0 soft 0 temp 0.56 loss 0.71 i_con 3.37 plddt 0.52 ptm 0.90 i_ptm 0.54 energy -54.22
124 models [1] recycles 0 hard 0 soft 0 temp 0.54 loss 0.95 i_con 3.62 plddt 0.43 ptm 0.89 i_ptm 0.45 energy -54.44
125 models [1] recycles 0 hard 0 soft 0 temp 0.52 loss 1.01 i_con 3.71 plddt 0.41 ptm 0.89 i_ptm 0.42 energy -55.22
126 models [1] recycles 0 hard 0 soft 0 temp 0.50 loss 1.04 i_con 3.79 plddt 0.37 ptm 0.89 i_ptm 0.41 energy -56.26
127 models [0] recycles 0 hard 0 soft 0 temp 0.48 loss 1.03 i_con 3.84 plddt 0.42 ptm 0.87 i_ptm 0.36 energy -57.44
128 models [0] recycles 0 hard 0 soft 0 temp 0.46 loss 0.86 i_con 3.74 plddt 0.45 ptm 0.88 i_ptm 0.38 energy -58.80
129 models [0] recycles 0 hard 0 soft 0 temp 0.44 loss 0.79 i_con 3.72 plddt 0.47 ptm 0.88 i_ptm 0.38 energy -59.62
130 models [1] recycles 0 hard 0 soft 0 temp 0.42 loss 0.62 i_con 3.63 plddt 0.48 ptm 0.90 i_ptm 0.47 energy -61.17
131 models [1] recycles 0 hard 0 soft 0 temp 0.40 loss 0.69 i_con 3.75 plddt 0.43 ptm 0.89 i_ptm 0.37 energy -62.31
132 models [1] recycles 0 hard 0 soft 0 temp 0.38 loss 0.22 i_con 3.29 plddt 0.55 ptm 0.90 i_ptm 0.57 energy -62.28
133 models [1] recycles 0 hard 0 soft 0 temp 0.36 loss 0.30 i_con 3.41 plddt 0.50 ptm 0.90 i_ptm 0.56 energy -63.19
134 models [1] recycles 0 hard 0 soft 0 temp 0.34 loss 0.27 i_con 3.41 plddt 0.53 ptm 0.90 i_ptm 0.52 energy -63.83
135 models [1] recycles 0 hard 0 soft 0 temp 0.32 loss -0.04 i_con 3.11 plddt 0.58 ptm 0.90 i_ptm 0.65 energy -63.70
136 models [0] recycles 0 hard 0 soft 0 temp 0.30 loss 0.38 i_con 3.55 plddt 0.48 ptm 0.88 i_ptm 0.48 energy -64.54
137 models [1] recycles 0 hard 0 soft 0 temp 0.28 loss -0.18 i_con 3.08 plddt 0.60 ptm 0.91 i_ptm 0.65 energy -66.06
138 models [1] recycles 0 hard 0 soft 0 temp 0.26 loss 0.24 i_con 3.54 plddt 0.42 ptm 0.90 i_ptm 0.46 energy -67.25
139 models [1] recycles 0 hard 0 soft 0 temp 0.24 loss -0.22 i_con 3.14 plddt 0.58 ptm 0.90 i_ptm 0.62 energy -68.15
140 models [0] recycles 0 hard 0 soft 0 temp 0.22 loss 0.05 i_con 3.41 plddt 0.49 ptm 0.88 i_ptm 0.51 energy -68.21
141 models [0] recycles 0 hard 0 soft 0 temp 0.20 loss -0.06 i_con 3.39 plddt 0.55 ptm 0.88 i_ptm 0.56 energy -69.94
142 models [0] recycles 0 hard 0 soft 0 temp 0.18 loss -0.19 i_con 3.33 plddt 0.56 ptm 0.89 i_ptm 0.57 energy -71.21
143 models [1] recycles 0 hard 0 soft 0 temp 0.16 loss 0.23 i_con 3.81 plddt 0.43 ptm 0.89 i_ptm 0.37 energy -72.86
144 models [0] recycles 0 hard 0 soft 0 temp 0.14 loss -0.04 i_con 3.57 plddt 0.49 ptm 0.88 i_ptm 0.48 energy -73.14
145 models [1] recycles 0 hard 0 soft 0 temp 0.12 loss -0.10 i_con 3.51 plddt 0.50 ptm 0.90 i_ptm 0.52 energy -73.17
146 models [1] recycles 0 hard 0 soft 0 temp 0.10 loss -0.01 i_con 3.67 plddt 0.50 ptm 0.90 i_ptm 0.45 energy -74.53
147 models [0] recycles 0 hard 0 soft 0 temp 0.08 loss -0.14 i_con 3.52 plddt 0.50 ptm 0.88 i_ptm 0.51 energy -74.19
148 models [1] recycles 0 hard 0 soft 0 temp 0.06 loss -0.77 i_con 2.95 plddt 0.61 ptm 0.91 i_ptm 0.70 energy -75.18
149 models [0] recycles 0 hard 0 soft 0 temp 0.04 loss -0.26 i_con 3.49 plddt 0.51 ptm 0.88 i_ptm 0.51 energy -75.93
150 models [0] recycles 0 hard 0 soft 0 temp 0.02 loss -0.31 i_con 3.51 plddt 0.48 ptm 0.88 i_ptm 0.45 energy -77.35
151 models [0] recycles 0 hard 1 soft 0 temp 0.00 loss 0.16 i_con 4.01 plddt 0.34 ptm 0.88 i_ptm 0.28 energy -7.84
152 models [1] recycles 0 hard 1 soft 0 temp 0.00 loss -0.00 i_con 3.85 plddt 0.39 ptm 0.90 i_ptm 0.39 energy -7.84
153 models [0] recycles 0 hard 1 soft 0 temp 0.00 loss 0.16 i_con 4.01 plddt 0.34 ptm 0.88 i_ptm 0.28 energy -7.84
154 models [0] recycles 0 hard 1 soft 0 temp 0.00 loss 0.16 i_con 4.01 plddt 0.34 ptm 0.88 i_ptm 0.28 energy -7.84
155 models [1] recycles 0 hard 1 soft 0 temp 0.00 loss -0.00 i_con 3.85 plddt 0.39 ptm 0.90 i_ptm 0.39 energy -7.84
156 models [0] recycles 0 hard 1 soft 0 temp 0.00 loss 0.16 i_con 4.01 plddt 0.34 ptm 0.88 i_ptm 0.28 energy -7.84
157 models [1] recycles 0 hard 1 soft 0 temp 0.00 loss -0.00 i_con 3.85 plddt 0.39 ptm 0.90 i_ptm 0.39 energy -7.84
158 models [1] recycles 0 hard 1 soft 0 temp 0.00 loss -0.00 i_con 3.85 plddt 0.39 ptm 0.90 i_ptm 0.39 energy -7.84
159 models [1] recycles 0 hard 1 soft 0 temp 0.00 loss -0.00 i_con 3.85 plddt 0.39 ptm 0.90 i_ptm 0.39 energy -7.84
160 models [0] recycles 0 hard 1 soft 0 temp 0.00 loss 0.16 i_con 4.01 plddt 0.34 ptm 0.88 i_ptm 0.28 energy -7.84
161 models [1] recycles 0 hard 1 soft 0 temp 0.00 loss -0.00 i_con 3.85 plddt 0.39 ptm 0.90 i_ptm 0.39 energy -7.84
162 models [0] recycles 0 hard 1 soft 0 temp 0.00 loss 0.16 i_con 4.01 plddt 0.34 ptm 0.88 i_ptm 0.28 energy -7.84
163 models [1] recycles 0 hard 1 soft 0 temp 0.00 loss -0.00 i_con 3.85 plddt 0.39 ptm 0.90 i_ptm 0.39 energy -7.84
164 models [0] recycles 0 hard 1 soft 0 temp 0.00 loss 0.16 i_con 4.01 plddt 0.34 ptm 0.88 i_ptm 0.28 energy -7.84
165 models [0] recycles 0 hard 1 soft 0 temp 0.00 loss 0.16 i_con 4.01 plddt 0.34 ptm 0.88 i_ptm 0.28 energy -7.84
166 models [0] recycles 0 hard 1 soft 0 temp 0.00 loss 0.16 i_con 4.01 plddt 0.34 ptm 0.88 i_ptm 0.28 energy -7.84
167 models [0] recycles 0 hard 1 soft 0 temp 0.00 loss 0.16 i_con 4.01 plddt 0.34 ptm 0.88 i_ptm 0.28 energy -7.84
168 models [1] recycles 0 hard 1 soft 0 temp 0.00 loss -0.00 i_con 3.85 plddt 0.39 ptm 0.90 i_ptm 0.39 energy -7.84
169 models [0] recycles 0 hard 1 soft 0 temp 0.00 loss 0.16 i_con 4.01 plddt 0.34 ptm 0.88 i_ptm 0.28 energy -7.84
170 models [1] recycles 0 hard 1 soft 0 temp 0.00 loss -0.00 i_con 3.85 plddt 0.39 ptm 0.90 i_ptm 0.39 energy -7.84
171 models [0] recycles 0 hard 1 soft 0 temp 0.00 loss 0.16 i_con 4.01 plddt 0.34 ptm 0.88 i_ptm 0.28 energy -7.84
172 models [0] recycles 0 hard 1 soft 0 temp 0.00 loss 0.16 i_con 4.01 plddt 0.34 ptm 0.88 i_ptm 0.28 energy -7.84
173 models [1] recycles 0 hard 1 soft 0 temp 0.00 loss -0.00 i_con 3.85 plddt 0.39 ptm 0.90 i_ptm 0.39 energy -7.84
174 models [0] recycles 0 hard 1 soft 0 temp 0.00 loss 0.16 i_con 4.01 plddt 0.34 ptm 0.88 i_ptm 0.28 energy -7.84
175 models [0] recycles 0 hard 1 soft 0 temp 0.00 loss 0.16 i_con 4.01 plddt 0.34 ptm 0.88 i_ptm 0.28 energy -7.84
176 models [1] recycles 0 hard 1 soft 0 temp 0.00 loss -0.00 i_con 3.85 plddt 0.39 ptm 0.90 i_ptm 0.39 energy -7.84
177 models [0] recycles 0 hard 1 soft 0 temp 0.00 loss 0.16 i_con 4.01 plddt 0.34 ptm 0.88 i_ptm 0.28 energy -7.84
178 models [0] recycles 0 hard 1 soft 0 temp 0.00 loss 0.16 i_con 4.01 plddt 0.34 ptm 0.88 i_ptm 0.28 energy -7.84
179 models [1] recycles 0 hard 1 soft 0 temp 0.00 loss -0.00 i_con 3.85 plddt 0.39 ptm 0.90 i_ptm 0.39 energy -7.84
180 models [1] recycles 0 hard 1 soft 0 temp 0.00 loss -0.00 i_con 3.85 plddt 0.39 ptm 0.90 i_ptm 0.39 energy -7.84
  seq=AIGGPCAQLNYLLFC  loss=-0.0045  loss_af=3.9144  energy=-7.8378  i_ptm=0.3949
[16/20] seed=15 ...
1 models [1] recycles 0 hard 0 soft 1 temp 1 loss 7.84 i_con 7.42 plddt 0.54 ptm 0.88 i_ptm 0.09 energy 7.39
2 models [0] recycles 0 hard 0 soft 1 temp 1 loss 8.01 i_con 7.61 plddt 0.57 ptm 0.86 i_ptm 0.11 energy 7.05
3 models [0] recycles 0 hard 0 soft 1 temp 1 loss 7.79 i_con 7.41 plddt 0.56 ptm 0.86 i_ptm 0.12 energy 6.82
4 models [0] recycles 0 hard 0 soft 1 temp 1 loss 7.96 i_con 7.59 plddt 0.54 ptm 0.87 i_ptm 0.13 energy 6.54
5 models [0] recycles 0 hard 0 soft 1 temp 1 loss 7.36 i_con 7.00 plddt 0.57 ptm 0.86 i_ptm 0.13 energy 6.27
6 models [1] recycles 0 hard 0 soft 1 temp 1 loss 7.12 i_con 6.77 plddt 0.49 ptm 0.88 i_ptm 0.09 energy 6.01
7 models [0] recycles 0 hard 0 soft 1 temp 1 loss 7.26 i_con 6.93 plddt 0.53 ptm 0.86 i_ptm 0.14 energy 5.69
8 models [0] recycles 0 hard 0 soft 1 temp 1 loss 6.39 i_con 6.07 plddt 0.53 ptm 0.87 i_ptm 0.13 energy 5.47
9 models [0] recycles 0 hard 0 soft 1 temp 1 loss 6.41 i_con 6.09 plddt 0.46 ptm 0.86 i_ptm 0.12 energy 5.41
10 models [0] recycles 0 hard 0 soft 1 temp 1 loss 5.81 i_con 5.49 plddt 0.46 ptm 0.86 i_ptm 0.11 energy 5.32
11 models [1] recycles 0 hard 0 soft 1 temp 1 loss 6.39 i_con 6.08 plddt 0.49 ptm 0.88 i_ptm 0.08 energy 5.29
12 models [1] recycles 0 hard 0 soft 1 temp 1 loss 6.16 i_con 5.85 plddt 0.44 ptm 0.88 i_ptm 0.08 energy 5.05
13 models [0] recycles 0 hard 0 soft 1 temp 1 loss 4.92 i_con 4.62 plddt 0.37 ptm 0.87 i_ptm 0.22 energy 4.88
14 models [1] recycles 0 hard 0 soft 1 temp 1 loss 6.46 i_con 6.18 plddt 0.46 ptm 0.88 i_ptm 0.08 energy 4.46
15 models [0] recycles 0 hard 0 soft 1 temp 1 loss 4.92 i_con 4.64 plddt 0.39 ptm 0.87 i_ptm 0.14 energy 4.35
16 models [0] recycles 0 hard 0 soft 1 temp 1 loss 5.08 i_con 4.82 plddt 0.38 ptm 0.86 i_ptm 0.14 energy 3.87
17 models [1] recycles 0 hard 0 soft 1 temp 1 loss 5.26 i_con 5.04 plddt 0.35 ptm 0.88 i_ptm 0.10 energy 3.22
18 models [0] recycles 0 hard 0 soft 1 temp 1 loss 4.83 i_con 4.62 plddt 0.38 ptm 0.86 i_ptm 0.20 energy 3.00
19 models [1] recycles 0 hard 0 soft 1 temp 1 loss 5.31 i_con 5.11 plddt 0.38 ptm 0.88 i_ptm 0.10 energy 2.65
20 models [1] recycles 0 hard 0 soft 1 temp 1 loss 5.07 i_con 4.88 plddt 0.38 ptm 0.88 i_ptm 0.16 energy 2.60
21 models [0] recycles 0 hard 0 soft 1 temp 1 loss 4.94 i_con 4.75 plddt 0.36 ptm 0.87 i_ptm 0.17 energy 2.48
22 models [0] recycles 0 hard 0 soft 1 temp 1 loss 4.34 i_con 4.16 plddt 0.42 ptm 0.87 i_ptm 0.31 energy 2.32
23 models [1] recycles 0 hard 0 soft 1 temp 1 loss 5.17 i_con 5.01 plddt 0.35 ptm 0.88 i_ptm 0.12 energy 1.98
24 models [1] recycles 0 hard 0 soft 1 temp 1 loss 5.13 i_con 4.99 plddt 0.38 ptm 0.88 i_ptm 0.17 energy 1.65
25 models [0] recycles 0 hard 0 soft 1 temp 1 loss 4.62 i_con 4.49 plddt 0.36 ptm 0.87 i_ptm 0.22 energy 1.38
26 models [0] recycles 0 hard 0 soft 1 temp 1 loss 4.50 i_con 4.39 plddt 0.43 ptm 0.87 i_ptm 0.23 energy 1.04
27 models [0] recycles 0 hard 0 soft 1 temp 1 loss 4.43 i_con 4.32 plddt 0.41 ptm 0.87 i_ptm 0.24 energy 1.06
28 models [0] recycles 0 hard 0 soft 1 temp 1 loss 4.47 i_con 4.37 plddt 0.40 ptm 0.87 i_ptm 0.24 energy 0.73
29 models [0] recycles 0 hard 0 soft 1 temp 1 loss 4.58 i_con 4.50 plddt 0.41 ptm 0.87 i_ptm 0.23 energy 0.38
30 models [1] recycles 0 hard 0 soft 1 temp 1 loss 5.20 i_con 5.12 plddt 0.37 ptm 0.88 i_ptm 0.15 energy 0.31
31 models [0] recycles 0 hard 0 soft 1 temp 1 loss 4.28 i_con 4.22 plddt 0.42 ptm 0.87 i_ptm 0.29 energy 0.06
32 models [0] recycles 0 hard 0 soft 1 temp 1 loss 4.59 i_con 4.54 plddt 0.40 ptm 0.87 i_ptm 0.23 energy -0.21
33 models [0] recycles 0 hard 0 soft 1 temp 1 loss 4.31 i_con 4.26 plddt 0.42 ptm 0.87 i_ptm 0.28 energy -0.09
34 models [1] recycles 0 hard 0 soft 1 temp 1 loss 4.86 i_con 4.83 plddt 0.35 ptm 0.88 i_ptm 0.17 energy -0.65
35 models [1] recycles 0 hard 0 soft 1 temp 1 loss 5.30 i_con 5.28 plddt 0.36 ptm 0.88 i_ptm 0.10 energy -0.91
36 models [0] recycles 0 hard 0 soft 1 temp 1 loss 4.39 i_con 4.38 plddt 0.40 ptm 0.87 i_ptm 0.26 energy -0.98
37 models [1] recycles 0 hard 0 soft 1 temp 1 loss 5.30 i_con 5.29 plddt 0.39 ptm 0.88 i_ptm 0.13 energy -1.05
38 models [0] recycles 0 hard 0 soft 1 temp 1 loss 4.57 i_con 4.59 plddt 0.39 ptm 0.87 i_ptm 0.24 energy -1.69
39 models [0] recycles 0 hard 0 soft 1 temp 1 loss 4.93 i_con 4.95 plddt 0.37 ptm 0.87 i_ptm 0.17 energy -1.53
40 models [1] recycles 0 hard 0 soft 1 temp 1 loss 4.95 i_con 4.96 plddt 0.35 ptm 0.88 i_ptm 0.16 energy -1.55
41 models [0] recycles 0 hard 0 soft 1 temp 1 loss 4.30 i_con 4.32 plddt 0.38 ptm 0.87 i_ptm 0.25 energy -1.64
42 models [0] recycles 0 hard 0 soft 1 temp 1 loss 4.47 i_con 4.50 plddt 0.38 ptm 0.87 i_ptm 0.23 energy -1.89
43 models [1] recycles 0 hard 0 soft 1 temp 1 loss 5.10 i_con 5.14 plddt 0.38 ptm 0.88 i_ptm 0.14 energy -1.97
44 models [0] recycles 0 hard 0 soft 1 temp 1 loss 4.30 i_con 4.34 plddt 0.40 ptm 0.87 i_ptm 0.26 energy -1.97
45 models [0] recycles 0 hard 0 soft 1 temp 1 loss 4.39 i_con 4.43 plddt 0.42 ptm 0.87 i_ptm 0.23 energy -2.01
46 models [0] recycles 0 hard 0 soft 1 temp 1 loss 4.14 i_con 4.20 plddt 0.39 ptm 0.87 i_ptm 0.26 energy -2.29
47 models [1] recycles 0 hard 0 soft 1 temp 1 loss 4.78 i_con 4.83 plddt 0.38 ptm 0.88 i_ptm 0.19 energy -2.21
48 models [1] recycles 0 hard 0 soft 1 temp 1 loss 5.00 i_con 5.06 plddt 0.37 ptm 0.88 i_ptm 0.16 energy -2.44
49 models [0] recycles 0 hard 0 soft 1 temp 1 loss 4.48 i_con 4.55 plddt 0.41 ptm 0.87 i_ptm 0.25 energy -2.48
50 models [1] recycles 0 hard 0 soft 1 temp 1 loss 4.51 i_con 4.58 plddt 0.39 ptm 0.88 i_ptm 0.22 energy -2.62
51 models [1] recycles 0 hard 0 soft 1 temp 1 loss 4.40 i_con 4.88 plddt 0.37 ptm 0.88 i_ptm 0.17 energy -2.73
52 models [0] recycles 0 hard 0 soft 1 temp 1 loss 3.97 i_con 4.48 plddt 0.36 ptm 0.87 i_ptm 0.23 energy -2.85
53 models [0] recycles 0 hard 0 soft 1 temp 1 loss 3.76 i_con 4.26 plddt 0.40 ptm 0.88 i_ptm 0.26 energy -2.81
54 models [0] recycles 0 hard 0 soft 1 temp 1 loss 3.74 i_con 4.30 plddt 0.37 ptm 0.87 i_ptm 0.25 energy -3.09
55 models [0] recycles 0 hard 0 soft 1 temp 1 loss 3.76 i_con 4.30 plddt 0.36 ptm 0.87 i_ptm 0.25 energy -3.02
56 models [0] recycles 0 hard 0 soft 1 temp 1 loss 3.62 i_con 4.22 plddt 0.42 ptm 0.87 i_ptm 0.27 energy -3.29
57 models [0] recycles 0 hard 0 soft 1 temp 1 loss 3.88 i_con 4.44 plddt 0.39 ptm 0.87 i_ptm 0.25 energy -3.12
58 models [0] recycles 0 hard 0 soft 1 temp 1 loss 3.57 i_con 4.18 plddt 0.43 ptm 0.87 i_ptm 0.31 energy -3.34
59 models [1] recycles 0 hard 0 soft 1 temp 1 loss 3.88 i_con 4.54 plddt 0.37 ptm 0.88 i_ptm 0.22 energy -3.57
60 models [0] recycles 0 hard 0 soft 1 temp 1 loss 3.68 i_con 4.32 plddt 0.41 ptm 0.87 i_ptm 0.26 energy -3.48
61 models [0] recycles 0 hard 0 soft 1 temp 1 loss 3.64 i_con 4.24 plddt 0.42 ptm 0.87 i_ptm 0.28 energy -3.32
62 models [1] recycles 0 hard 0 soft 1 temp 1 loss 3.76 i_con 4.44 plddt 0.37 ptm 0.89 i_ptm 0.24 energy -3.69
63 models [1] recycles 0 hard 0 soft 1 temp 1 loss 3.64 i_con 4.35 plddt 0.38 ptm 0.89 i_ptm 0.26 energy -3.87
64 models [1] recycles 0 hard 0 soft 1 temp 1 loss 3.57 i_con 4.28 plddt 0.36 ptm 0.89 i_ptm 0.27 energy -3.83
65 models [1] recycles 0 hard 0 soft 1 temp 1 loss 3.67 i_con 4.40 plddt 0.36 ptm 0.89 i_ptm 0.25 energy -3.97
66 models [1] recycles 0 hard 0 soft 1 temp 1 loss 3.67 i_con 4.43 plddt 0.40 ptm 0.89 i_ptm 0.24 energy -4.11
67 models [1] recycles 0 hard 0 soft 1 temp 1 loss 3.82 i_con 4.58 plddt 0.34 ptm 0.88 i_ptm 0.25 energy -4.14
68 models [1] recycles 0 hard 0 soft 1 temp 1 loss 3.55 i_con 4.33 plddt 0.36 ptm 0.88 i_ptm 0.25 energy -4.20
69 models [1] recycles 0 hard 0 soft 1 temp 1 loss 3.63 i_con 4.42 plddt 0.37 ptm 0.88 i_ptm 0.26 energy -4.27
70 models [0] recycles 0 hard 0 soft 1 temp 1 loss 3.44 i_con 4.23 plddt 0.41 ptm 0.87 i_ptm 0.28 energy -4.22
71 models [0] recycles 0 hard 0 soft 1 temp 1 loss 3.75 i_con 4.56 plddt 0.38 ptm 0.87 i_ptm 0.21 energy -4.35
72 models [0] recycles 0 hard 0 soft 1 temp 1 loss 3.37 i_con 4.18 plddt 0.40 ptm 0.87 i_ptm 0.27 energy -4.33
73 models [1] recycles 0 hard 0 soft 1 temp 1 loss 3.43 i_con 4.25 plddt 0.36 ptm 0.89 i_ptm 0.28 energy -4.39
74 models [1] recycles 0 hard 0 soft 1 temp 1 loss 3.84 i_con 4.66 plddt 0.36 ptm 0.88 i_ptm 0.20 energy -4.43
75 models [1] recycles 0 hard 0 soft 1 temp 1 loss 3.75 i_con 4.55 plddt 0.34 ptm 0.88 i_ptm 0.22 energy -4.34
76 models [1] recycles 0 hard 0 soft 1 temp 1 loss 3.47 i_con 4.29 plddt 0.38 ptm 0.89 i_ptm 0.28 energy -4.43
77 models [1] recycles 0 hard 0 soft 1 temp 1 loss 3.51 i_con 4.37 plddt 0.38 ptm 0.89 i_ptm 0.26 energy -4.59
78 models [1] recycles 0 hard 0 soft 1 temp 1 loss 3.57 i_con 4.43 plddt 0.37 ptm 0.88 i_ptm 0.23 energy -4.60
79 models [0] recycles 0 hard 0 soft 1 temp 1 loss 3.37 i_con 4.24 plddt 0.41 ptm 0.87 i_ptm 0.26 energy -4.66
80 models [1] recycles 0 hard 0 soft 1 temp 1 loss 3.46 i_con 4.35 plddt 0.34 ptm 0.89 i_ptm 0.24 energy -4.77
81 models [0] recycles 0 hard 0 soft 1 temp 1 loss 3.23 i_con 4.12 plddt 0.42 ptm 0.87 i_ptm 0.26 energy -4.77
82 models [1] recycles 0 hard 0 soft 1 temp 1 loss 3.13 i_con 4.06 plddt 0.38 ptm 0.89 i_ptm 0.29 energy -4.97
83 models [0] recycles 0 hard 0 soft 1 temp 1 loss 3.32 i_con 4.24 plddt 0.38 ptm 0.87 i_ptm 0.24 energy -4.94
84 models [1] recycles 0 hard 0 soft 1 temp 1 loss 3.44 i_con 4.38 plddt 0.34 ptm 0.89 i_ptm 0.26 energy -5.05
85 models [0] recycles 0 hard 0 soft 1 temp 1 loss 3.14 i_con 4.08 plddt 0.39 ptm 0.87 i_ptm 0.27 energy -5.00
86 models [1] recycles 0 hard 0 soft 1 temp 1 loss 3.52 i_con 4.47 plddt 0.34 ptm 0.88 i_ptm 0.22 energy -5.04
87 models [1] recycles 0 hard 0 soft 1 temp 1 loss 3.24 i_con 4.19 plddt 0.34 ptm 0.89 i_ptm 0.26 energy -5.04
88 models [1] recycles 0 hard 0 soft 1 temp 1 loss 3.29 i_con 4.23 plddt 0.36 ptm 0.89 i_ptm 0.26 energy -5.02
89 models [1] recycles 0 hard 0 soft 1 temp 1 loss 3.20 i_con 4.14 plddt 0.35 ptm 0.89 i_ptm 0.28 energy -5.03
90 models [1] recycles 0 hard 0 soft 1 temp 1 loss 3.78 i_con 4.73 plddt 0.32 ptm 0.88 i_ptm 0.15 energy -5.08
91 models [1] recycles 0 hard 0 soft 1 temp 1 loss 3.18 i_con 4.09 plddt 0.37 ptm 0.89 i_ptm 0.28 energy -4.87
92 models [0] recycles 0 hard 0 soft 1 temp 1 loss 3.06 i_con 4.03 plddt 0.39 ptm 0.87 i_ptm 0.30 energy -5.12
93 models [1] recycles 0 hard 0 soft 1 temp 1 loss 3.27 i_con 4.26 plddt 0.36 ptm 0.89 i_ptm 0.27 energy -5.28
94 models [1] recycles 0 hard 0 soft 1 temp 1 loss 3.57 i_con 4.56 plddt 0.35 ptm 0.88 i_ptm 0.21 energy -5.28
95 models [1] recycles 0 hard 0 soft 1 temp 1 loss 3.21 i_con 4.18 plddt 0.36 ptm 0.89 i_ptm 0.29 energy -5.15
96 models [1] recycles 0 hard 0 soft 1 temp 1 loss 3.19 i_con 4.14 plddt 0.37 ptm 0.89 i_ptm 0.27 energy -5.07
97 models [1] recycles 0 hard 0 soft 1 temp 1 loss 3.31 i_con 4.27 plddt 0.34 ptm 0.89 i_ptm 0.25 energy -5.12
98 models [0] recycles 0 hard 0 soft 1 temp 1 loss 3.29 i_con 4.27 plddt 0.40 ptm 0.87 i_ptm 0.26 energy -5.18
99 models [0] recycles 0 hard 0 soft 1 temp 1 loss 3.20 i_con 4.20 plddt 0.37 ptm 0.87 i_ptm 0.27 energy -5.33
100 models [0] recycles 0 hard 0 soft 1 temp 1 loss 3.11 i_con 4.12 plddt 0.39 ptm 0.87 i_ptm 0.29 energy -5.34
101 models [1] recycles 0 hard 0 soft 0 temp 1 loss 5.70 i_con 7.26 plddt 0.65 ptm 0.88 i_ptm 0.09 energy -31.86
102 models [1] recycles 0 hard 0 soft 0 temp 0.98 loss 5.23 i_con 6.78 plddt 0.65 ptm 0.88 i_ptm 0.10 energy -31.86
103 models [0] recycles 0 hard 0 soft 0 temp 0.96 loss 2.58 i_con 4.11 plddt 0.45 ptm 0.87 i_ptm 0.35 energy -31.69
104 models [1] recycles 0 hard 0 soft 0 temp 0.94 loss 2.44 i_con 3.99 plddt 0.45 ptm 0.89 i_ptm 0.34 energy -32.04
105 models [0] recycles 0 hard 0 soft 0 temp 0.92 loss 2.33 i_con 3.89 plddt 0.43 ptm 0.87 i_ptm 0.40 energy -32.37
106 models [0] recycles 0 hard 0 soft 0 temp 0.90 loss 2.28 i_con 3.88 plddt 0.42 ptm 0.88 i_ptm 0.40 energy -33.27
107 models [0] recycles 0 hard 0 soft 0 temp 0.88 loss 2.12 i_con 3.77 plddt 0.43 ptm 0.88 i_ptm 0.40 energy -34.17
108 models [0] recycles 0 hard 0 soft 0 temp 0.86 loss 2.08 i_con 3.81 plddt 0.41 ptm 0.88 i_ptm 0.40 energy -35.66
109 models [0] recycles 0 hard 0 soft 0 temp 0.84 loss 1.79 i_con 3.59 plddt 0.44 ptm 0.88 i_ptm 0.49 energy -36.99
110 models [0] recycles 0 hard 0 soft 0 temp 0.82 loss 1.93 i_con 3.77 plddt 0.41 ptm 0.87 i_ptm 0.40 energy -38.04
111 models [0] recycles 0 hard 0 soft 0 temp 0.80 loss 1.67 i_con 3.62 plddt 0.45 ptm 0.88 i_ptm 0.46 energy -40.04
112 models [0] recycles 0 hard 0 soft 0 temp 0.78 loss 1.61 i_con 3.64 plddt 0.44 ptm 0.88 i_ptm 0.51 energy -41.87
113 models [0] recycles 0 hard 0 soft 0 temp 0.76 loss 1.56 i_con 3.68 plddt 0.45 ptm 0.88 i_ptm 0.45 energy -43.40
114 models [1] recycles 0 hard 0 soft 0 temp 0.74 loss 1.38 i_con 3.53 plddt 0.47 ptm 0.90 i_ptm 0.53 energy -43.95
115 models [0] recycles 0 hard 0 soft 0 temp 0.72 loss 1.70 i_con 3.87 plddt 0.40 ptm 0.88 i_ptm 0.37 energy -44.62
116 models [1] recycles 0 hard 0 soft 0 temp 0.70 loss 1.26 i_con 3.49 plddt 0.47 ptm 0.90 i_ptm 0.52 energy -45.64
117 models [0] recycles 0 hard 0 soft 0 temp 0.68 loss 1.18 i_con 3.49 plddt 0.48 ptm 0.88 i_ptm 0.53 energy -47.08
118 models [1] recycles 0 hard 0 soft 0 temp 0.66 loss 1.12 i_con 3.50 plddt 0.47 ptm 0.90 i_ptm 0.50 energy -48.69
119 models [0] recycles 0 hard 0 soft 0 temp 0.64 loss 1.17 i_con 3.63 plddt 0.44 ptm 0.88 i_ptm 0.49 energy -50.18
120 models [0] recycles 0 hard 0 soft 0 temp 0.62 loss 0.91 i_con 3.42 plddt 0.47 ptm 0.88 i_ptm 0.52 energy -51.19
121 models [0] recycles 0 hard 0 soft 0 temp 0.60 loss 1.08 i_con 3.61 plddt 0.47 ptm 0.88 i_ptm 0.49 energy -51.53
122 models [0] recycles 0 hard 0 soft 0 temp 0.58 loss 0.79 i_con 3.39 plddt 0.49 ptm 0.88 i_ptm 0.56 energy -53.15
123 models [0] recycles 0 hard 0 soft 0 temp 0.56 loss 0.52 i_con 3.21 plddt 0.52 ptm 0.88 i_ptm 0.59 energy -54.73
124 models [0] recycles 0 hard 0 soft 0 temp 0.54 loss 0.72 i_con 3.46 plddt 0.46 ptm 0.88 i_ptm 0.51 energy -55.84
125 models [1] recycles 0 hard 0 soft 0 temp 0.52 loss 0.43 i_con 3.21 plddt 0.52 ptm 0.90 i_ptm 0.60 energy -56.54
126 models [1] recycles 0 hard 0 soft 0 temp 0.50 loss 0.72 i_con 3.53 plddt 0.45 ptm 0.90 i_ptm 0.49 energy -57.38
127 models [1] recycles 0 hard 0 soft 0 temp 0.48 loss 0.32 i_con 3.20 plddt 0.51 ptm 0.90 i_ptm 0.59 energy -58.63
128 models [0] recycles 0 hard 0 soft 0 temp 0.46 loss 0.42 i_con 3.37 plddt 0.50 ptm 0.88 i_ptm 0.56 energy -59.97
129 models [0] recycles 0 hard 0 soft 0 temp 0.44 loss 0.33 i_con 3.31 plddt 0.50 ptm 0.89 i_ptm 0.58 energy -60.59
130 models [0] recycles 0 hard 0 soft 0 temp 0.42 loss 0.10 i_con 3.15 plddt 0.54 ptm 0.89 i_ptm 0.63 energy -62.05
131 models [0] recycles 0 hard 0 soft 0 temp 0.40 loss 0.32 i_con 3.44 plddt 0.49 ptm 0.88 i_ptm 0.55 energy -63.36
132 models [0] recycles 0 hard 0 soft 0 temp 0.38 loss 0.36 i_con 3.54 plddt 0.47 ptm 0.88 i_ptm 0.52 energy -64.70
133 models [0] recycles 0 hard 0 soft 0 temp 0.36 loss 0.34 i_con 3.56 plddt 0.45 ptm 0.88 i_ptm 0.52 energy -65.53
134 models [1] recycles 0 hard 0 soft 0 temp 0.34 loss 0.07 i_con 3.33 plddt 0.48 ptm 0.90 i_ptm 0.54 energy -66.15
135 models [0] recycles 0 hard 0 soft 0 temp 0.32 loss 0.41 i_con 3.70 plddt 0.43 ptm 0.88 i_ptm 0.44 energy -66.99
136 models [0] recycles 0 hard 0 soft 0 temp 0.30 loss 0.31 i_con 3.69 plddt 0.44 ptm 0.88 i_ptm 0.45 energy -68.58
137 models [1] recycles 0 hard 0 soft 0 temp 0.28 loss -0.11 i_con 3.34 plddt 0.48 ptm 0.90 i_ptm 0.55 energy -70.17
138 models [1] recycles 0 hard 0 soft 0 temp 0.26 loss -0.30 i_con 3.21 plddt 0.49 ptm 0.90 i_ptm 0.59 energy -71.05
139 models [0] recycles 0 hard 0 soft 0 temp 0.24 loss -0.08 i_con 3.49 plddt 0.46 ptm 0.88 i_ptm 0.53 energy -72.45
140 models [0] recycles 0 hard 0 soft 0 temp 0.22 loss -0.01 i_con 3.64 plddt 0.44 ptm 0.88 i_ptm 0.44 energy -74.04
141 models [1] recycles 0 hard 0 soft 0 temp 0.20 loss -0.16 i_con 3.57 plddt 0.45 ptm 0.90 i_ptm 0.48 energy -75.56
142 models [1] recycles 0 hard 0 soft 0 temp 0.18 loss -0.48 i_con 3.29 plddt 0.49 ptm 0.90 i_ptm 0.57 energy -76.37
143 models [1] recycles 0 hard 0 soft 0 temp 0.16 loss -0.44 i_con 3.38 plddt 0.51 ptm 0.90 i_ptm 0.55 energy -77.31
144 models [0] recycles 0 hard 0 soft 0 temp 0.14 loss -0.40 i_con 3.42 plddt 0.48 ptm 0.88 i_ptm 0.55 energy -77.43
145 models [0] recycles 0 hard 0 soft 0 temp 0.12 loss -0.16 i_con 3.70 plddt 0.44 ptm 0.88 i_ptm 0.44 energy -78.29
146 models [1] recycles 0 hard 0 soft 0 temp 0.10 loss -0.49 i_con 3.38 plddt 0.50 ptm 0.90 i_ptm 0.55 energy -78.39
147 models [1] recycles 0 hard 0 soft 0 temp 0.08 loss -0.48 i_con 3.42 plddt 0.49 ptm 0.90 i_ptm 0.53 energy -79.15
148 models [0] recycles 0 hard 0 soft 0 temp 0.06 loss -0.47 i_con 3.49 plddt 0.50 ptm 0.88 i_ptm 0.56 energy -80.37
149 models [1] recycles 0 hard 0 soft 0 temp 0.04 loss -0.86 i_con 3.15 plddt 0.54 ptm 0.91 i_ptm 0.61 energy -81.01
150 models [0] recycles 0 hard 0 soft 0 temp 0.02 loss -0.55 i_con 3.49 plddt 0.47 ptm 0.88 i_ptm 0.53 energy -81.98
151 models [1] recycles 0 hard 1 soft 0 temp 0.00 loss 1.09 i_con 3.82 plddt 0.38 ptm 0.90 i_ptm 0.39 energy -5.59
152 models [1] recycles 0 hard 1 soft 0 temp 0.00 loss 1.09 i_con 3.82 plddt 0.38 ptm 0.90 i_ptm 0.39 energy -5.59
153 models [1] recycles 0 hard 1 soft 0 temp 0.00 loss 1.09 i_con 3.82 plddt 0.38 ptm 0.90 i_ptm 0.39 energy -5.59
154 models [1] recycles 0 hard 1 soft 0 temp 0.00 loss 1.09 i_con 3.82 plddt 0.38 ptm 0.90 i_ptm 0.39 energy -5.59
155 models [0] recycles 0 hard 1 soft 0 temp 0.00 loss 1.22 i_con 3.95 plddt 0.33 ptm 0.88 i_ptm 0.32 energy -5.59
156 models [1] recycles 0 hard 1 soft 0 temp 0.00 loss 1.09 i_con 3.82 plddt 0.38 ptm 0.90 i_ptm 0.39 energy -5.59
157 models [1] recycles 0 hard 1 soft 0 temp 0.00 loss 1.09 i_con 3.82 plddt 0.38 ptm 0.90 i_ptm 0.39 energy -5.59
158 models [1] recycles 0 hard 1 soft 0 temp 0.00 loss 1.09 i_con 3.82 plddt 0.38 ptm 0.90 i_ptm 0.39 energy -5.59
159 models [1] recycles 0 hard 1 soft 0 temp 0.00 loss 1.09 i_con 3.82 plddt 0.38 ptm 0.90 i_ptm 0.39 energy -5.59
160 models [1] recycles 0 hard 1 soft 0 temp 0.00 loss 1.09 i_con 3.82 plddt 0.38 ptm 0.90 i_ptm 0.39 energy -5.59
161 models [1] recycles 0 hard 1 soft 0 temp 0.00 loss 1.09 i_con 3.82 plddt 0.38 ptm 0.90 i_ptm 0.39 energy -5.59
162 models [1] recycles 0 hard 1 soft 0 temp 0.00 loss 1.09 i_con 3.82 plddt 0.38 ptm 0.90 i_ptm 0.39 energy -5.59
163 models [0] recycles 0 hard 1 soft 0 temp 0.00 loss 1.22 i_con 3.95 plddt 0.33 ptm 0.88 i_ptm 0.32 energy -5.59
164 models [0] recycles 0 hard 1 soft 0 temp 0.00 loss 1.22 i_con 3.95 plddt 0.33 ptm 0.88 i_ptm 0.32 energy -5.59
165 models [1] recycles 0 hard 1 soft 0 temp 0.00 loss 1.09 i_con 3.82 plddt 0.38 ptm 0.90 i_ptm 0.39 energy -5.59
166 models [0] recycles 0 hard 1 soft 0 temp 0.00 loss 1.22 i_con 3.95 plddt 0.33 ptm 0.88 i_ptm 0.32 energy -5.59
167 models [0] recycles 0 hard 1 soft 0 temp 0.00 loss 1.22 i_con 3.95 plddt 0.33 ptm 0.88 i_ptm 0.32 energy -5.59
168 models [0] recycles 0 hard 1 soft 0 temp 0.00 loss 1.22 i_con 3.95 plddt 0.33 ptm 0.88 i_ptm 0.32 energy -5.59
169 models [1] recycles 0 hard 1 soft 0 temp 0.00 loss 1.09 i_con 3.82 plddt 0.38 ptm 0.90 i_ptm 0.39 energy -5.59
170 models [0] recycles 0 hard 1 soft 0 temp 0.00 loss 1.22 i_con 3.95 plddt 0.33 ptm 0.88 i_ptm 0.32 energy -5.59
171 models [1] recycles 0 hard 1 soft 0 temp 0.00 loss 1.09 i_con 3.82 plddt 0.38 ptm 0.90 i_ptm 0.39 energy -5.59
172 models [0] recycles 0 hard 1 soft 0 temp 0.00 loss 1.22 i_con 3.95 plddt 0.33 ptm 0.88 i_ptm 0.32 energy -5.59
173 models [1] recycles 0 hard 1 soft 0 temp 0.00 loss 1.09 i_con 3.82 plddt 0.38 ptm 0.90 i_ptm 0.39 energy -5.59
174 models [0] recycles 0 hard 1 soft 0 temp 0.00 loss 1.22 i_con 3.95 plddt 0.33 ptm 0.88 i_ptm 0.32 energy -5.59
175 models [0] recycles 0 hard 1 soft 0 temp 0.00 loss 1.22 i_con 3.95 plddt 0.33 ptm 0.88 i_ptm 0.32 energy -5.59
176 models [0] recycles 0 hard 1 soft 0 temp 0.00 loss 1.22 i_con 3.95 plddt 0.33 ptm 0.88 i_ptm 0.32 energy -5.59
177 models [1] recycles 0 hard 1 soft 0 temp 0.00 loss 1.09 i_con 3.82 plddt 0.38 ptm 0.90 i_ptm 0.39 energy -5.59
178 models [0] recycles 0 hard 1 soft 0 temp 0.00 loss 1.22 i_con 3.95 plddt 0.33 ptm 0.88 i_ptm 0.32 energy -5.59
179 models [0] recycles 0 hard 1 soft 0 temp 0.00 loss 1.22 i_con 3.95 plddt 0.33 ptm 0.88 i_ptm 0.32 energy -5.59
180 models [1] recycles 0 hard 1 soft 0 temp 0.00 loss 1.09 i_con 3.82 plddt 0.38 ptm 0.90 i_ptm 0.39 energy -5.59
  seq=LDGSPALLLLFQCEC  loss=1.0900  loss_af=3.8858  energy=-5.5917  i_ptm=0.3851
[17/20] seed=16 ...
1 models [0] recycles 0 hard 0 soft 1 temp 1 loss 8.02 i_con 7.61 plddt 0.55 ptm 0.86 i_ptm 0.14 energy 7.40
2 models [1] recycles 0 hard 0 soft 1 temp 1 loss 7.86 i_con 7.46 plddt 0.56 ptm 0.88 i_ptm 0.10 energy 7.17
3 models [0] recycles 0 hard 0 soft 1 temp 1 loss 7.82 i_con 7.44 plddt 0.59 ptm 0.86 i_ptm 0.11 energy 6.78
4 models [1] recycles 0 hard 0 soft 1 temp 1 loss 7.71 i_con 7.34 plddt 0.53 ptm 0.88 i_ptm 0.10 energy 6.50
5 models [1] recycles 0 hard 0 soft 1 temp 1 loss 7.37 i_con 7.01 plddt 0.53 ptm 0.88 i_ptm 0.09 energy 6.10
6 models [0] recycles 0 hard 0 soft 1 temp 1 loss 7.22 i_con 6.88 plddt 0.51 ptm 0.87 i_ptm 0.12 energy 5.80
7 models [1] recycles 0 hard 0 soft 1 temp 1 loss 6.56 i_con 6.23 plddt 0.50 ptm 0.88 i_ptm 0.09 energy 5.56
8 models [0] recycles 0 hard 0 soft 1 temp 1 loss 6.67 i_con 6.36 plddt 0.51 ptm 0.86 i_ptm 0.13 energy 5.31
9 models [1] recycles 0 hard 0 soft 1 temp 1 loss 6.68 i_con 6.37 plddt 0.49 ptm 0.88 i_ptm 0.08 energy 5.23
10 models [1] recycles 0 hard 0 soft 1 temp 1 loss 6.41 i_con 6.10 plddt 0.47 ptm 0.88 i_ptm 0.08 energy 5.07
11 models [0] recycles 0 hard 0 soft 1 temp 1 loss 5.54 i_con 5.23 plddt 0.41 ptm 0.86 i_ptm 0.11 energy 4.97
12 models [0] recycles 0 hard 0 soft 1 temp 1 loss 5.12 i_con 4.81 plddt 0.40 ptm 0.87 i_ptm 0.15 energy 4.87
13 models [0] recycles 0 hard 0 soft 1 temp 1 loss 4.85 i_con 4.55 plddt 0.34 ptm 0.86 i_ptm 0.13 energy 4.51
14 models [0] recycles 0 hard 0 soft 1 temp 1 loss 4.88 i_con 4.59 plddt 0.37 ptm 0.87 i_ptm 0.13 energy 4.62
15 models [1] recycles 0 hard 0 soft 1 temp 1 loss 6.09 i_con 5.82 plddt 0.47 ptm 0.88 i_ptm 0.09 energy 4.33
16 models [0] recycles 0 hard 0 soft 1 temp 1 loss 4.95 i_con 4.67 plddt 0.41 ptm 0.87 i_ptm 0.13 energy 4.49
17 models [1] recycles 0 hard 0 soft 1 temp 1 loss 5.88 i_con 5.59 plddt 0.40 ptm 0.88 i_ptm 0.08 energy 4.53
18 models [0] recycles 0 hard 0 soft 1 temp 1 loss 4.71 i_con 4.41 plddt 0.37 ptm 0.87 i_ptm 0.18 energy 4.71
19 models [1] recycles 0 hard 0 soft 1 temp 1 loss 5.89 i_con 5.61 plddt 0.43 ptm 0.88 i_ptm 0.09 energy 4.57
20 models [0] recycles 0 hard 0 soft 1 temp 1 loss 4.80 i_con 4.52 plddt 0.39 ptm 0.87 i_ptm 0.16 energy 4.41
21 models [0] recycles 0 hard 0 soft 1 temp 1 loss 4.65 i_con 4.39 plddt 0.37 ptm 0.87 i_ptm 0.19 energy 4.13
22 models [0] recycles 0 hard 0 soft 1 temp 1 loss 4.52 i_con 4.26 plddt 0.39 ptm 0.87 i_ptm 0.21 energy 3.93
23 models [1] recycles 0 hard 0 soft 1 temp 1 loss 5.43 i_con 5.20 plddt 0.40 ptm 0.88 i_ptm 0.11 energy 3.33
24 models [0] recycles 0 hard 0 soft 1 temp 1 loss 4.79 i_con 4.54 plddt 0.36 ptm 0.87 i_ptm 0.14 energy 3.58
25 models [1] recycles 0 hard 0 soft 1 temp 1 loss 5.43 i_con 5.21 plddt 0.40 ptm 0.88 i_ptm 0.09 energy 3.17
26 models [1] recycles 0 hard 0 soft 1 temp 1 loss 5.15 i_con 4.93 plddt 0.40 ptm 0.89 i_ptm 0.14 energy 3.11
27 models [1] recycles 0 hard 0 soft 1 temp 1 loss 5.34 i_con 5.13 plddt 0.38 ptm 0.88 i_ptm 0.13 energy 2.91
28 models [1] recycles 0 hard 0 soft 1 temp 1 loss 5.46 i_con 5.25 plddt 0.41 ptm 0.88 i_ptm 0.10 energy 3.08
29 models [0] recycles 0 hard 0 soft 1 temp 1 loss 4.47 i_con 4.25 plddt 0.39 ptm 0.87 i_ptm 0.24 energy 3.06
30 models [0] recycles 0 hard 0 soft 1 temp 1 loss 4.59 i_con 4.40 plddt 0.38 ptm 0.87 i_ptm 0.23 energy 2.49
31 models [1] recycles 0 hard 0 soft 1 temp 1 loss 5.01 i_con 4.82 plddt 0.35 ptm 0.88 i_ptm 0.19 energy 2.47
32 models [1] recycles 0 hard 0 soft 1 temp 1 loss 5.00 i_con 4.83 plddt 0.35 ptm 0.88 i_ptm 0.15 energy 2.05
33 models [0] recycles 0 hard 0 soft 1 temp 1 loss 4.54 i_con 4.38 plddt 0.43 ptm 0.87 i_ptm 0.22 energy 2.07
34 models [1] recycles 0 hard 0 soft 1 temp 1 loss 5.42 i_con 5.27 plddt 0.37 ptm 0.88 i_ptm 0.10 energy 1.79
35 models [1] recycles 0 hard 0 soft 1 temp 1 loss 4.96 i_con 4.81 plddt 0.35 ptm 0.88 i_ptm 0.17 energy 1.63
36 models [1] recycles 0 hard 0 soft 1 temp 1 loss 5.21 i_con 5.07 plddt 0.33 ptm 0.88 i_ptm 0.11 energy 1.53
37 models [1] recycles 0 hard 0 soft 1 temp 1 loss 4.73 i_con 4.61 plddt 0.38 ptm 0.88 i_ptm 0.20 energy 1.14
38 models [0] recycles 0 hard 0 soft 1 temp 1 loss 5.15 i_con 5.03 plddt 0.37 ptm 0.87 i_ptm 0.14 energy 1.17
39 models [1] recycles 0 hard 0 soft 1 temp 1 loss 5.30 i_con 5.19 plddt 0.37 ptm 0.88 i_ptm 0.11 energy 1.05
40 models [1] recycles 0 hard 0 soft 1 temp 1 loss 5.32 i_con 5.20 plddt 0.36 ptm 0.88 i_ptm 0.11 energy 1.16
41 models [1] recycles 0 hard 0 soft 1 temp 1 loss 5.02 i_con 4.92 plddt 0.39 ptm 0.88 i_ptm 0.17 energy 0.78
42 models [0] recycles 0 hard 0 soft 1 temp 1 loss 4.84 i_con 4.74 plddt 0.37 ptm 0.87 i_ptm 0.20 energy 0.81
43 models [1] recycles 0 hard 0 soft 1 temp 1 loss 4.56 i_con 4.46 plddt 0.36 ptm 0.89 i_ptm 0.24 energy 0.68
44 models [0] recycles 0 hard 0 soft 1 temp 1 loss 4.37 i_con 4.28 plddt 0.40 ptm 0.87 i_ptm 0.24 energy 0.41
45 models [0] recycles 0 hard 0 soft 1 temp 1 loss 4.45 i_con 4.37 plddt 0.38 ptm 0.87 i_ptm 0.23 energy 0.32
46 models [1] recycles 0 hard 0 soft 1 temp 1 loss 4.66 i_con 4.56 plddt 0.36 ptm 0.88 i_ptm 0.20 energy 0.54
47 models [0] recycles 0 hard 0 soft 1 temp 1 loss 4.39 i_con 4.30 plddt 0.42 ptm 0.87 i_ptm 0.26 energy 0.53
48 models [1] recycles 0 hard 0 soft 1 temp 1 loss 5.35 i_con 5.28 plddt 0.41 ptm 0.88 i_ptm 0.12 energy 0.23
49 models [0] recycles 0 hard 0 soft 1 temp 1 loss 4.72 i_con 4.67 plddt 0.42 ptm 0.87 i_ptm 0.23 energy -0.07
50 models [1] recycles 0 hard 0 soft 1 temp 1 loss 5.09 i_con 5.02 plddt 0.38 ptm 0.88 i_ptm 0.14 energy 0.03
51 models [1] recycles 0 hard 0 soft 1 temp 1 loss 4.79 i_con 4.69 plddt 0.41 ptm 0.88 i_ptm 0.19 energy 0.21
52 models [0] recycles 0 hard 0 soft 1 temp 1 loss 4.98 i_con 4.94 plddt 0.40 ptm 0.87 i_ptm 0.18 energy -0.12
53 models [0] recycles 0 hard 0 soft 1 temp 1 loss 4.47 i_con 4.48 plddt 0.41 ptm 0.87 i_ptm 0.23 energy -0.33
54 models [0] recycles 0 hard 0 soft 1 temp 1 loss 4.34 i_con 4.36 plddt 0.41 ptm 0.87 i_ptm 0.24 energy -0.39
55 models [0] recycles 0 hard 0 soft 1 temp 1 loss 4.31 i_con 4.39 plddt 0.43 ptm 0.87 i_ptm 0.25 energy -0.66
56 models [1] recycles 0 hard 0 soft 1 temp 1 loss 4.97 i_con 5.10 plddt 0.37 ptm 0.88 i_ptm 0.11 energy -0.96
57 models [1] recycles 0 hard 0 soft 1 temp 1 loss 4.61 i_con 4.79 plddt 0.36 ptm 0.88 i_ptm 0.17 energy -1.21
58 models [0] recycles 0 hard 0 soft 1 temp 1 loss 4.33 i_con 4.56 plddt 0.37 ptm 0.87 i_ptm 0.21 energy -1.43
59 models [1] recycles 0 hard 0 soft 1 temp 1 loss 4.45 i_con 4.65 plddt 0.37 ptm 0.89 i_ptm 0.19 energy -1.32
60 models [0] recycles 0 hard 0 soft 1 temp 1 loss 4.13 i_con 4.36 plddt 0.41 ptm 0.87 i_ptm 0.24 energy -1.47
61 models [0] recycles 0 hard 0 soft 1 temp 1 loss 4.33 i_con 4.55 plddt 0.36 ptm 0.87 i_ptm 0.17 energy -1.43
62 models [0] recycles 0 hard 0 soft 1 temp 1 loss 3.97 i_con 4.27 plddt 0.37 ptm 0.87 i_ptm 0.20 energy -1.86
63 models [0] recycles 0 hard 0 soft 1 temp 1 loss 3.76 i_con 4.13 plddt 0.39 ptm 0.87 i_ptm 0.26 energy -2.14
64 models [0] recycles 0 hard 0 soft 1 temp 1 loss 3.69 i_con 4.06 plddt 0.44 ptm 0.87 i_ptm 0.25 energy -2.14
65 models [0] recycles 0 hard 0 soft 1 temp 1 loss 3.87 i_con 4.29 plddt 0.40 ptm 0.87 i_ptm 0.23 energy -2.40
66 models [0] recycles 0 hard 0 soft 1 temp 1 loss 3.75 i_con 4.19 plddt 0.38 ptm 0.87 i_ptm 0.24 energy -2.55
67 models [1] recycles 0 hard 0 soft 1 temp 1 loss 3.60 i_con 4.06 plddt 0.40 ptm 0.89 i_ptm 0.27 energy -2.57
68 models [1] recycles 0 hard 0 soft 1 temp 1 loss 3.78 i_con 4.29 plddt 0.40 ptm 0.89 i_ptm 0.26 energy -2.88
69 models [0] recycles 0 hard 0 soft 1 temp 1 loss 3.38 i_con 3.92 plddt 0.42 ptm 0.88 i_ptm 0.33 energy -3.02
70 models [1] recycles 0 hard 0 soft 1 temp 1 loss 3.41 i_con 3.98 plddt 0.44 ptm 0.89 i_ptm 0.33 energy -3.16
71 models [1] recycles 0 hard 0 soft 1 temp 1 loss 3.55 i_con 4.15 plddt 0.41 ptm 0.89 i_ptm 0.30 energy -3.33
72 models [0] recycles 0 hard 0 soft 1 temp 1 loss 3.49 i_con 4.13 plddt 0.41 ptm 0.87 i_ptm 0.28 energy -3.52
73 models [0] recycles 0 hard 0 soft 1 temp 1 loss 3.40 i_con 4.07 plddt 0.41 ptm 0.87 i_ptm 0.30 energy -3.61
74 models [0] recycles 0 hard 0 soft 1 temp 1 loss 3.34 i_con 4.03 plddt 0.44 ptm 0.87 i_ptm 0.30 energy -3.71
75 models [0] recycles 0 hard 0 soft 1 temp 1 loss 3.34 i_con 4.03 plddt 0.44 ptm 0.87 i_ptm 0.35 energy -3.72
76 models [0] recycles 0 hard 0 soft 1 temp 1 loss 3.29 i_con 4.01 plddt 0.43 ptm 0.87 i_ptm 0.34 energy -3.87
77 models [0] recycles 0 hard 0 soft 1 temp 1 loss 3.22 i_con 3.94 plddt 0.44 ptm 0.87 i_ptm 0.34 energy -3.86
78 models [0] recycles 0 hard 0 soft 1 temp 1 loss 3.15 i_con 3.90 plddt 0.43 ptm 0.88 i_ptm 0.34 energy -4.03
79 models [0] recycles 0 hard 0 soft 1 temp 1 loss 3.32 i_con 4.08 plddt 0.44 ptm 0.87 i_ptm 0.27 energy -4.08
80 models [1] recycles 0 hard 0 soft 1 temp 1 loss 3.36 i_con 4.12 plddt 0.41 ptm 0.89 i_ptm 0.29 energy -4.09
81 models [1] recycles 0 hard 0 soft 1 temp 1 loss 3.22 i_con 3.99 plddt 0.42 ptm 0.89 i_ptm 0.35 energy -4.12
82 models [0] recycles 0 hard 0 soft 1 temp 1 loss 3.11 i_con 3.86 plddt 0.43 ptm 0.88 i_ptm 0.34 energy -4.05
83 models [1] recycles 0 hard 0 soft 1 temp 1 loss 3.25 i_con 4.02 plddt 0.45 ptm 0.89 i_ptm 0.34 energy -4.12
84 models [1] recycles 0 hard 0 soft 1 temp 1 loss 3.27 i_con 4.05 plddt 0.45 ptm 0.89 i_ptm 0.32 energy -4.22
85 models [0] recycles 0 hard 0 soft 1 temp 1 loss 3.21 i_con 4.00 plddt 0.46 ptm 0.87 i_ptm 0.32 energy -4.25
86 models [0] recycles 0 hard 0 soft 1 temp 1 loss 3.38 i_con 4.19 plddt 0.39 ptm 0.87 i_ptm 0.27 energy -4.35
87 models [0] recycles 0 hard 0 soft 1 temp 1 loss 3.17 i_con 4.00 plddt 0.43 ptm 0.87 i_ptm 0.33 energy -4.42
88 models [0] recycles 0 hard 0 soft 1 temp 1 loss 3.31 i_con 4.15 plddt 0.42 ptm 0.87 i_ptm 0.28 energy -4.50
89 models [0] recycles 0 hard 0 soft 1 temp 1 loss 3.31 i_con 4.17 plddt 0.41 ptm 0.87 i_ptm 0.27 energy -4.56
90 models [0] recycles 0 hard 0 soft 1 temp 1 loss 3.15 i_con 4.01 plddt 0.45 ptm 0.88 i_ptm 0.32 energy -4.53
91 models [1] recycles 0 hard 0 soft 1 temp 1 loss 3.18 i_con 4.05 plddt 0.43 ptm 0.89 i_ptm 0.34 energy -4.67
92 models [1] recycles 0 hard 0 soft 1 temp 1 loss 3.32 i_con 4.18 plddt 0.42 ptm 0.89 i_ptm 0.31 energy -4.57
93 models [0] recycles 0 hard 0 soft 1 temp 1 loss 3.15 i_con 3.98 plddt 0.42 ptm 0.87 i_ptm 0.32 energy -4.45
94 models [1] recycles 0 hard 0 soft 1 temp 1 loss 3.18 i_con 3.99 plddt 0.41 ptm 0.89 i_ptm 0.35 energy -4.35
95 models [0] recycles 0 hard 0 soft 1 temp 1 loss 3.60 i_con 4.44 plddt 0.37 ptm 0.87 i_ptm 0.22 energy -4.49
96 models [1] recycles 0 hard 0 soft 1 temp 1 loss 3.24 i_con 4.10 plddt 0.40 ptm 0.89 i_ptm 0.29 energy -4.59
97 models [1] recycles 0 hard 0 soft 1 temp 1 loss 3.17 i_con 4.06 plddt 0.41 ptm 0.89 i_ptm 0.33 energy -4.76
98 models [1] recycles 0 hard 0 soft 1 temp 1 loss 3.19 i_con 4.05 plddt 0.41 ptm 0.89 i_ptm 0.34 energy -4.62
99 models [1] recycles 0 hard 0 soft 1 temp 1 loss 3.28 i_con 4.11 plddt 0.39 ptm 0.89 i_ptm 0.30 energy -4.49
100 models [1] recycles 0 hard 0 soft 1 temp 1 loss 2.98 i_con 3.87 plddt 0.47 ptm 0.89 i_ptm 0.38 energy -4.69
101 models [0] recycles 0 hard 0 soft 0 temp 1 loss 4.62 i_con 5.68 plddt 0.45 ptm 0.86 i_ptm 0.18 energy -22.22
102 models [0] recycles 0 hard 0 soft 0 temp 0.98 loss 3.83 i_con 4.87 plddt 0.44 ptm 0.87 i_ptm 0.21 energy -22.02
103 models [0] recycles 0 hard 0 soft 0 temp 0.96 loss 4.27 i_con 5.31 plddt 0.45 ptm 0.87 i_ptm 0.14 energy -22.01
104 models [1] recycles 0 hard 0 soft 0 temp 0.94 loss 3.44 i_con 4.47 plddt 0.42 ptm 0.89 i_ptm 0.24 energy -21.86
105 models [0] recycles 0 hard 0 soft 0 temp 0.92 loss 2.96 i_con 4.02 plddt 0.47 ptm 0.87 i_ptm 0.34 energy -22.12
106 models [1] recycles 0 hard 0 soft 0 temp 0.90 loss 3.26 i_con 4.37 plddt 0.36 ptm 0.89 i_ptm 0.25 energy -23.50
107 models [1] recycles 0 hard 0 soft 0 temp 0.88 loss 2.70 i_con 3.83 plddt 0.47 ptm 0.89 i_ptm 0.41 energy -23.62
108 models [1] recycles 0 hard 0 soft 0 temp 0.86 loss 2.67 i_con 3.85 plddt 0.46 ptm 0.90 i_ptm 0.41 energy -24.69
109 models [1] recycles 0 hard 0 soft 0 temp 0.84 loss 2.58 i_con 3.81 plddt 0.45 ptm 0.89 i_ptm 0.43 energy -25.59
110 models [0] recycles 0 hard 0 soft 0 temp 0.82 loss 2.52 i_con 3.84 plddt 0.47 ptm 0.88 i_ptm 0.40 energy -27.50
111 models [1] recycles 0 hard 0 soft 0 temp 0.80 loss 2.35 i_con 3.74 plddt 0.49 ptm 0.90 i_ptm 0.44 energy -28.89
112 models [1] recycles 0 hard 0 soft 0 temp 0.78 loss 2.13 i_con 3.59 plddt 0.49 ptm 0.90 i_ptm 0.51 energy -30.28
113 models [1] recycles 0 hard 0 soft 0 temp 0.76 loss 2.23 i_con 3.75 plddt 0.47 ptm 0.90 i_ptm 0.44 energy -31.29
114 models [0] recycles 0 hard 0 soft 0 temp 0.74 loss 2.14 i_con 3.69 plddt 0.51 ptm 0.88 i_ptm 0.49 energy -32.01
115 models [0] recycles 0 hard 0 soft 0 temp 0.72 loss 2.17 i_con 3.78 plddt 0.46 ptm 0.88 i_ptm 0.43 energy -33.27
116 models [1] recycles 0 hard 0 soft 0 temp 0.70 loss 1.94 i_con 3.61 plddt 0.50 ptm 0.90 i_ptm 0.55 energy -34.41
117 models [0] recycles 0 hard 0 soft 0 temp 0.68 loss 1.97 i_con 3.69 plddt 0.50 ptm 0.88 i_ptm 0.46 energy -35.28
118 models [0] recycles 0 hard 0 soft 0 temp 0.66 loss 1.81 i_con 3.59 plddt 0.50 ptm 0.88 i_ptm 0.50 energy -36.52
119 models [1] recycles 0 hard 0 soft 0 temp 0.64 loss 1.60 i_con 3.43 plddt 0.52 ptm 0.90 i_ptm 0.58 energy -37.56
120 models [0] recycles 0 hard 0 soft 0 temp 0.62 loss 1.69 i_con 3.56 plddt 0.51 ptm 0.88 i_ptm 0.53 energy -38.40
121 models [0] recycles 0 hard 0 soft 0 temp 0.60 loss 1.69 i_con 3.63 plddt 0.48 ptm 0.88 i_ptm 0.50 energy -39.75
122 models [0] recycles 0 hard 0 soft 0 temp 0.58 loss 1.56 i_con 3.54 plddt 0.51 ptm 0.88 i_ptm 0.51 energy -40.45
123 models [0] recycles 0 hard 0 soft 0 temp 0.56 loss 1.45 i_con 3.47 plddt 0.55 ptm 0.89 i_ptm 0.56 energy -41.37
124 models [1] recycles 0 hard 0 soft 0 temp 0.54 loss 1.04 i_con 3.10 plddt 0.58 ptm 0.91 i_ptm 0.70 energy -42.03
125 models [1] recycles 0 hard 0 soft 0 temp 0.52 loss 1.39 i_con 3.49 plddt 0.53 ptm 0.90 i_ptm 0.57 energy -42.94
126 models [0] recycles 0 hard 0 soft 0 temp 0.50 loss 1.25 i_con 3.38 plddt 0.56 ptm 0.89 i_ptm 0.62 energy -43.39
127 models [1] recycles 0 hard 0 soft 0 temp 0.48 loss 0.86 i_con 3.02 plddt 0.60 ptm 0.91 i_ptm 0.70 energy -43.97
128 models [1] recycles 0 hard 0 soft 0 temp 0.46 loss 0.94 i_con 3.13 plddt 0.61 ptm 0.91 i_ptm 0.68 energy -44.68
129 models [0] recycles 0 hard 0 soft 0 temp 0.44 loss 0.73 i_con 2.96 plddt 0.65 ptm 0.90 i_ptm 0.73 energy -45.34
130 models [0] recycles 0 hard 0 soft 0 temp 0.42 loss 1.14 i_con 3.39 plddt 0.55 ptm 0.89 i_ptm 0.60 energy -46.03
131 models [0] recycles 0 hard 0 soft 0 temp 0.40 loss 0.54 i_con 2.85 plddt 0.63 ptm 0.89 i_ptm 0.71 energy -46.91
132 models [0] recycles 0 hard 0 soft 0 temp 0.38 loss 0.92 i_con 3.28 plddt 0.57 ptm 0.89 i_ptm 0.62 energy -47.96
133 models [0] recycles 0 hard 0 soft 0 temp 0.36 loss 0.62 i_con 3.01 plddt 0.60 ptm 0.89 i_ptm 0.70 energy -48.50
134 models [1] recycles 0 hard 0 soft 0 temp 0.34 loss 0.35 i_con 2.80 plddt 0.66 ptm 0.91 i_ptm 0.75 energy -49.57
135 models [1] recycles 0 hard 0 soft 0 temp 0.32 loss 0.18 i_con 2.65 plddt 0.70 ptm 0.91 i_ptm 0.79 energy -49.99
136 models [1] recycles 0 hard 0 soft 0 temp 0.30 loss 0.59 i_con 3.11 plddt 0.60 ptm 0.91 i_ptm 0.68 energy -51.24
137 models [1] recycles 0 hard 0 soft 0 temp 0.28 loss -0.18 i_con 2.37 plddt 0.74 ptm 0.92 i_ptm 0.82 energy -51.67
138 models [0] recycles 0 hard 0 soft 0 temp 0.26 loss 0.75 i_con 3.34 plddt 0.54 ptm 0.88 i_ptm 0.60 energy -52.61
139 models [0] recycles 0 hard 0 soft 0 temp 0.24 loss 0.31 i_con 2.92 plddt 0.66 ptm 0.89 i_ptm 0.73 energy -53.06
140 models [0] recycles 0 hard 0 soft 0 temp 0.22 loss 0.39 i_con 3.03 plddt 0.62 ptm 0.89 i_ptm 0.69 energy -53.65
141 models [1] recycles 0 hard 0 soft 0 temp 0.20 loss -0.13 i_con 2.58 plddt 0.71 ptm 0.91 i_ptm 0.80 energy -54.67
142 models [1] recycles 0 hard 0 soft 0 temp 0.18 loss -0.25 i_con 2.51 plddt 0.70 ptm 0.91 i_ptm 0.79 energy -55.79
143 models [0] recycles 0 hard 0 soft 0 temp 0.16 loss -0.01 i_con 2.80 plddt 0.65 ptm 0.89 i_ptm 0.74 energy -57.02
144 models [1] recycles 0 hard 0 soft 0 temp 0.14 loss -0.35 i_con 2.52 plddt 0.73 ptm 0.92 i_ptm 0.80 energy -57.99
145 models [0] recycles 0 hard 0 soft 0 temp 0.12 loss 0.23 i_con 3.14 plddt 0.60 ptm 0.89 i_ptm 0.66 energy -58.90
146 models [1] recycles 0 hard 0 soft 0 temp 0.10 loss -0.20 i_con 2.74 plddt 0.68 ptm 0.91 i_ptm 0.79 energy -59.49
147 models [0] recycles 0 hard 0 soft 0 temp 0.08 loss 0.01 i_con 3.00 plddt 0.61 ptm 0.89 i_ptm 0.69 energy -60.56
148 models [1] recycles 0 hard 0 soft 0 temp 0.06 loss -0.40 i_con 2.66 plddt 0.71 ptm 0.91 i_ptm 0.79 energy -61.66
149 models [1] recycles 0 hard 0 soft 0 temp 0.04 loss -0.27 i_con 2.82 plddt 0.67 ptm 0.91 i_ptm 0.75 energy -62.45
150 models [1] recycles 0 hard 0 soft 0 temp 0.02 loss -0.52 i_con 2.58 plddt 0.70 ptm 0.91 i_ptm 0.79 energy -62.61
151 models [1] recycles 0 hard 1 soft 0 temp 0.00 loss -0.01 i_con 3.16 plddt 0.54 ptm 0.91 i_ptm 0.68 energy -6.44
152 models [0] recycles 0 hard 1 soft 0 temp 0.00 loss 0.40 i_con 3.56 plddt 0.45 ptm 0.89 i_ptm 0.53 energy -6.44
153 models [1] recycles 0 hard 1 soft 0 temp 0.00 loss -0.01 i_con 3.16 plddt 0.54 ptm 0.91 i_ptm 0.68 energy -6.44
154 models [1] recycles 0 hard 1 soft 0 temp 0.00 loss -0.01 i_con 3.16 plddt 0.54 ptm 0.91 i_ptm 0.68 energy -6.44
155 models [1] recycles 0 hard 1 soft 0 temp 0.00 loss -0.01 i_con 3.16 plddt 0.54 ptm 0.91 i_ptm 0.68 energy -6.44
156 models [1] recycles 0 hard 1 soft 0 temp 0.00 loss -0.01 i_con 3.16 plddt 0.54 ptm 0.91 i_ptm 0.68 energy -6.44
157 models [0] recycles 0 hard 1 soft 0 temp 0.00 loss 0.40 i_con 3.56 plddt 0.45 ptm 0.89 i_ptm 0.53 energy -6.44
158 models [0] recycles 0 hard 1 soft 0 temp 0.00 loss 0.40 i_con 3.56 plddt 0.45 ptm 0.89 i_ptm 0.53 energy -6.44
159 models [0] recycles 0 hard 1 soft 0 temp 0.00 loss 0.40 i_con 3.56 plddt 0.45 ptm 0.89 i_ptm 0.53 energy -6.44
160 models [0] recycles 0 hard 1 soft 0 temp 0.00 loss 0.40 i_con 3.56 plddt 0.45 ptm 0.89 i_ptm 0.53 energy -6.44
161 models [0] recycles 0 hard 1 soft 0 temp 0.00 loss 0.40 i_con 3.56 plddt 0.45 ptm 0.89 i_ptm 0.53 energy -6.44
162 models [1] recycles 0 hard 1 soft 0 temp 0.00 loss -0.01 i_con 3.16 plddt 0.54 ptm 0.91 i_ptm 0.68 energy -6.44
163 models [0] recycles 0 hard 1 soft 0 temp 0.00 loss 0.40 i_con 3.56 plddt 0.45 ptm 0.89 i_ptm 0.53 energy -6.44
164 models [1] recycles 0 hard 1 soft 0 temp 0.00 loss -0.01 i_con 3.16 plddt 0.54 ptm 0.91 i_ptm 0.68 energy -6.44
165 models [1] recycles 0 hard 1 soft 0 temp 0.00 loss -0.01 i_con 3.16 plddt 0.54 ptm 0.91 i_ptm 0.68 energy -6.44
166 models [0] recycles 0 hard 1 soft 0 temp 0.00 loss 0.40 i_con 3.56 plddt 0.45 ptm 0.89 i_ptm 0.53 energy -6.44
167 models [0] recycles 0 hard 1 soft 0 temp 0.00 loss 0.40 i_con 3.56 plddt 0.45 ptm 0.89 i_ptm 0.53 energy -6.44
168 models [1] recycles 0 hard 1 soft 0 temp 0.00 loss -0.01 i_con 3.16 plddt 0.54 ptm 0.91 i_ptm 0.68 energy -6.44
169 models [1] recycles 0 hard 1 soft 0 temp 0.00 loss -0.01 i_con 3.16 plddt 0.54 ptm 0.91 i_ptm 0.68 energy -6.44
170 models [1] recycles 0 hard 1 soft 0 temp 0.00 loss -0.01 i_con 3.16 plddt 0.54 ptm 0.91 i_ptm 0.68 energy -6.44
171 models [1] recycles 0 hard 1 soft 0 temp 0.00 loss -0.01 i_con 3.16 plddt 0.54 ptm 0.91 i_ptm 0.68 energy -6.44
172 models [0] recycles 0 hard 1 soft 0 temp 0.00 loss 0.40 i_con 3.56 plddt 0.45 ptm 0.89 i_ptm 0.53 energy -6.44
173 models [0] recycles 0 hard 1 soft 0 temp 0.00 loss 0.40 i_con 3.56 plddt 0.45 ptm 0.89 i_ptm 0.53 energy -6.44
174 models [0] recycles 0 hard 1 soft 0 temp 0.00 loss 0.40 i_con 3.56 plddt 0.45 ptm 0.89 i_ptm 0.53 energy -6.44
175 models [0] recycles 0 hard 1 soft 0 temp 0.00 loss 0.40 i_con 3.56 plddt 0.45 ptm 0.89 i_ptm 0.53 energy -6.44
176 models [1] recycles 0 hard 1 soft 0 temp 0.00 loss -0.01 i_con 3.16 plddt 0.54 ptm 0.91 i_ptm 0.68 energy -6.44
177 models [1] recycles 0 hard 1 soft 0 temp 0.00 loss -0.01 i_con 3.16 plddt 0.54 ptm 0.91 i_ptm 0.68 energy -6.44
178 models [1] recycles 0 hard 1 soft 0 temp 0.00 loss -0.01 i_con 3.16 plddt 0.54 ptm 0.91 i_ptm 0.68 energy -6.44
179 models [1] recycles 0 hard 1 soft 0 temp 0.00 loss -0.01 i_con 3.16 plddt 0.54 ptm 0.91 i_ptm 0.68 energy -6.44
180 models [1] recycles 0 hard 1 soft 0 temp 0.00 loss -0.01 i_con 3.16 plddt 0.54 ptm 0.91 i_ptm 0.68 energy -6.44
  seq=AISGPALEVLYCIFC  loss=-0.0125  loss_af=3.2058  energy=-6.4367  i_ptm=0.6783
[18/20] seed=17 ...
1 models [1] recycles 0 hard 0 soft 1 temp 1 loss 7.97 i_con 7.56 plddt 0.56 ptm 0.88 i_ptm 0.09 energy 7.38
2 models [1] recycles 0 hard 0 soft 1 temp 1 loss 7.73 i_con 7.34 plddt 0.54 ptm 0.88 i_ptm 0.08 energy 6.98
3 models [0] recycles 0 hard 0 soft 1 temp 1 loss 7.64 i_con 7.27 plddt 0.57 ptm 0.86 i_ptm 0.13 energy 6.56
4 models [1] recycles 0 hard 0 soft 1 temp 1 loss 7.46 i_con 7.10 plddt 0.50 ptm 0.88 i_ptm 0.09 energy 6.23
5 models [1] recycles 0 hard 0 soft 1 temp 1 loss 7.60 i_con 7.26 plddt 0.53 ptm 0.88 i_ptm 0.08 energy 5.89
6 models [1] recycles 0 hard 0 soft 1 temp 1 loss 7.02 i_con 6.70 plddt 0.58 ptm 0.88 i_ptm 0.08 energy 5.47
7 models [1] recycles 0 hard 0 soft 1 temp 1 loss 7.23 i_con 6.92 plddt 0.54 ptm 0.88 i_ptm 0.08 energy 5.20
8 models [1] recycles 0 hard 0 soft 1 temp 1 loss 6.97 i_con 6.68 plddt 0.53 ptm 0.88 i_ptm 0.09 energy 4.84
9 models [0] recycles 0 hard 0 soft 1 temp 1 loss 7.10 i_con 6.82 plddt 0.52 ptm 0.86 i_ptm 0.11 energy 4.59
10 models [0] recycles 0 hard 0 soft 1 temp 1 loss 6.48 i_con 6.21 plddt 0.45 ptm 0.86 i_ptm 0.13 energy 4.39
11 models [1] recycles 0 hard 0 soft 1 temp 1 loss 6.30 i_con 6.04 plddt 0.48 ptm 0.88 i_ptm 0.08 energy 4.20
12 models [1] recycles 0 hard 0 soft 1 temp 1 loss 6.15 i_con 5.90 plddt 0.52 ptm 0.88 i_ptm 0.09 energy 3.96
13 models [0] recycles 0 hard 0 soft 1 temp 1 loss 5.64 i_con 5.38 plddt 0.40 ptm 0.86 i_ptm 0.13 energy 3.88
14 models [1] recycles 0 hard 0 soft 1 temp 1 loss 6.06 i_con 5.82 plddt 0.42 ptm 0.88 i_ptm 0.09 energy 3.65
15 models [1] recycles 0 hard 0 soft 1 temp 1 loss 6.18 i_con 5.97 plddt 0.43 ptm 0.88 i_ptm 0.08 energy 3.10
16 models [1] recycles 0 hard 0 soft 1 temp 1 loss 6.22 i_con 6.04 plddt 0.44 ptm 0.88 i_ptm 0.08 energy 2.61
17 models [0] recycles 0 hard 0 soft 1 temp 1 loss 4.70 i_con 4.53 plddt 0.31 ptm 0.87 i_ptm 0.16 energy 2.08
18 models [1] recycles 0 hard 0 soft 1 temp 1 loss 5.99 i_con 5.83 plddt 0.46 ptm 0.88 i_ptm 0.08 energy 1.96
19 models [1] recycles 0 hard 0 soft 1 temp 1 loss 5.59 i_con 5.46 plddt 0.36 ptm 0.88 i_ptm 0.09 energy 1.38
20 models [1] recycles 0 hard 0 soft 1 temp 1 loss 5.57 i_con 5.45 plddt 0.41 ptm 0.88 i_ptm 0.09 energy 1.17
21 models [1] recycles 0 hard 0 soft 1 temp 1 loss 5.58 i_con 5.48 plddt 0.37 ptm 0.88 i_ptm 0.09 energy 0.84
22 models [0] recycles 0 hard 0 soft 1 temp 1 loss 4.76 i_con 4.67 plddt 0.35 ptm 0.86 i_ptm 0.15 energy 0.49
23 models [1] recycles 0 hard 0 soft 1 temp 1 loss 5.63 i_con 5.57 plddt 0.42 ptm 0.88 i_ptm 0.09 energy -0.02
24 models [0] recycles 0 hard 0 soft 1 temp 1 loss 5.35 i_con 5.31 plddt 0.37 ptm 0.86 i_ptm 0.11 energy -0.32
25 models [0] recycles 0 hard 0 soft 1 temp 1 loss 4.76 i_con 4.71 plddt 0.36 ptm 0.86 i_ptm 0.18 energy -0.24
26 models [1] recycles 0 hard 0 soft 1 temp 1 loss 5.16 i_con 5.11 plddt 0.34 ptm 0.88 i_ptm 0.14 energy -0.19
27 models [0] recycles 0 hard 0 soft 1 temp 1 loss 4.82 i_con 4.78 plddt 0.35 ptm 0.87 i_ptm 0.16 energy -0.39
28 models [0] recycles 0 hard 0 soft 1 temp 1 loss 4.72 i_con 4.69 plddt 0.33 ptm 0.87 i_ptm 0.18 energy -0.60
29 models [0] recycles 0 hard 0 soft 1 temp 1 loss 4.64 i_con 4.61 plddt 0.37 ptm 0.87 i_ptm 0.18 energy -0.64
30 models [1] recycles 0 hard 0 soft 1 temp 1 loss 5.11 i_con 5.10 plddt 0.36 ptm 0.88 i_ptm 0.13 energy -1.07
31 models [0] recycles 0 hard 0 soft 1 temp 1 loss 4.72 i_con 4.69 plddt 0.35 ptm 0.86 i_ptm 0.17 energy -0.74
32 models [0] recycles 0 hard 0 soft 1 temp 1 loss 5.50 i_con 5.51 plddt 0.39 ptm 0.86 i_ptm 0.12 energy -1.38
33 models [0] recycles 0 hard 0 soft 1 temp 1 loss 4.47 i_con 4.48 plddt 0.33 ptm 0.87 i_ptm 0.22 energy -1.56
34 models [1] recycles 0 hard 0 soft 1 temp 1 loss 4.70 i_con 4.72 plddt 0.32 ptm 0.88 i_ptm 0.20 energy -1.58
35 models [0] recycles 0 hard 0 soft 1 temp 1 loss 4.36 i_con 4.38 plddt 0.41 ptm 0.87 i_ptm 0.24 energy -1.58
36 models [0] recycles 0 hard 0 soft 1 temp 1 loss 4.26 i_con 4.28 plddt 0.38 ptm 0.87 i_ptm 0.23 energy -1.47
37 models [1] recycles 0 hard 0 soft 1 temp 1 loss 4.91 i_con 4.92 plddt 0.37 ptm 0.89 i_ptm 0.15 energy -1.38
38 models [1] recycles 0 hard 0 soft 1 temp 1 loss 4.82 i_con 4.84 plddt 0.36 ptm 0.88 i_ptm 0.17 energy -1.66
39 models [1] recycles 0 hard 0 soft 1 temp 1 loss 4.47 i_con 4.49 plddt 0.36 ptm 0.89 i_ptm 0.22 energy -1.66
40 models [0] recycles 0 hard 0 soft 1 temp 1 loss 4.43 i_con 4.46 plddt 0.43 ptm 0.87 i_ptm 0.23 energy -1.72
41 models [0] recycles 0 hard 0 soft 1 temp 1 loss 4.35 i_con 4.39 plddt 0.41 ptm 0.87 i_ptm 0.21 energy -1.91
42 models [1] recycles 0 hard 0 soft 1 temp 1 loss 4.57 i_con 4.60 plddt 0.36 ptm 0.88 i_ptm 0.22 energy -2.00
43 models [0] recycles 0 hard 0 soft 1 temp 1 loss 4.11 i_con 4.16 plddt 0.42 ptm 0.87 i_ptm 0.29 energy -2.21
44 models [0] recycles 0 hard 0 soft 1 temp 1 loss 4.18 i_con 4.24 plddt 0.43 ptm 0.87 i_ptm 0.25 energy -2.33
45 models [1] recycles 0 hard 0 soft 1 temp 1 loss 4.71 i_con 4.76 plddt 0.34 ptm 0.88 i_ptm 0.20 energy -2.32
46 models [1] recycles 0 hard 0 soft 1 temp 1 loss 4.46 i_con 4.51 plddt 0.38 ptm 0.88 i_ptm 0.24 energy -2.31
47 models [1] recycles 0 hard 0 soft 1 temp 1 loss 4.40 i_con 4.45 plddt 0.34 ptm 0.88 i_ptm 0.23 energy -2.46
48 models [0] recycles 0 hard 0 soft 1 temp 1 loss 4.30 i_con 4.37 plddt 0.39 ptm 0.87 i_ptm 0.24 energy -2.66
49 models [0] recycles 0 hard 0 soft 1 temp 1 loss 4.14 i_con 4.22 plddt 0.39 ptm 0.87 i_ptm 0.27 energy -2.70
50 models [0] recycles 0 hard 0 soft 1 temp 1 loss 3.91 i_con 3.99 plddt 0.41 ptm 0.88 i_ptm 0.30 energy -2.74
51 models [0] recycles 0 hard 0 soft 1 temp 1 loss 3.77 i_con 4.29 plddt 0.45 ptm 0.87 i_ptm 0.24 energy -2.86
52 models [1] recycles 0 hard 0 soft 1 temp 1 loss 3.79 i_con 4.34 plddt 0.39 ptm 0.89 i_ptm 0.28 energy -3.07
53 models [0] recycles 0 hard 0 soft 1 temp 1 loss 3.56 i_con 4.17 plddt 0.47 ptm 0.87 i_ptm 0.27 energy -3.31
54 models [0] recycles 0 hard 0 soft 1 temp 1 loss 3.59 i_con 4.21 plddt 0.43 ptm 0.87 i_ptm 0.26 energy -3.38
55 models [1] recycles 0 hard 0 soft 1 temp 1 loss 3.94 i_con 4.59 plddt 0.37 ptm 0.89 i_ptm 0.22 energy -3.55
56 models [1] recycles 0 hard 0 soft 1 temp 1 loss 3.67 i_con 4.36 plddt 0.38 ptm 0.88 i_ptm 0.24 energy -3.73
57 models [1] recycles 0 hard 0 soft 1 temp 1 loss 3.53 i_con 4.25 plddt 0.42 ptm 0.88 i_ptm 0.26 energy -3.88
58 models [1] recycles 0 hard 0 soft 1 temp 1 loss 3.81 i_con 4.57 plddt 0.36 ptm 0.88 i_ptm 0.20 energy -4.11
59 models [0] recycles 0 hard 0 soft 1 temp 1 loss 3.55 i_con 4.35 plddt 0.43 ptm 0.87 i_ptm 0.28 energy -4.25
60 models [0] recycles 0 hard 0 soft 1 temp 1 loss 3.53 i_con 4.35 plddt 0.44 ptm 0.87 i_ptm 0.26 energy -4.34
61 models [1] recycles 0 hard 0 soft 1 temp 1 loss 3.46 i_con 4.30 plddt 0.40 ptm 0.89 i_ptm 0.25 energy -4.52
62 models [1] recycles 0 hard 0 soft 1 temp 1 loss 3.63 i_con 4.48 plddt 0.36 ptm 0.88 i_ptm 0.21 energy -4.59
63 models [1] recycles 0 hard 0 soft 1 temp 1 loss 3.33 i_con 4.19 plddt 0.41 ptm 0.88 i_ptm 0.27 energy -4.59
64 models [0] recycles 0 hard 0 soft 1 temp 1 loss 3.23 i_con 4.12 plddt 0.43 ptm 0.87 i_ptm 0.27 energy -4.71
65 models [0] recycles 0 hard 0 soft 1 temp 1 loss 3.23 i_con 4.15 plddt 0.43 ptm 0.87 i_ptm 0.25 energy -4.91
66 models [1] recycles 0 hard 0 soft 1 temp 1 loss 3.25 i_con 4.20 plddt 0.39 ptm 0.89 i_ptm 0.27 energy -5.05
67 models [1] recycles 0 hard 0 soft 1 temp 1 loss 3.30 i_con 4.25 plddt 0.36 ptm 0.89 i_ptm 0.27 energy -5.05
68 models [0] recycles 0 hard 0 soft 1 temp 1 loss 3.14 i_con 4.10 plddt 0.39 ptm 0.87 i_ptm 0.28 energy -5.11
69 models [0] recycles 0 hard 0 soft 1 temp 1 loss 3.33 i_con 4.33 plddt 0.41 ptm 0.87 i_ptm 0.24 energy -5.34
70 models [0] recycles 0 hard 0 soft 1 temp 1 loss 3.07 i_con 4.08 plddt 0.43 ptm 0.87 i_ptm 0.28 energy -5.34
71 models [1] recycles 0 hard 0 soft 1 temp 1 loss 3.27 i_con 4.25 plddt 0.39 ptm 0.89 i_ptm 0.28 energy -5.20
72 models [1] recycles 0 hard 0 soft 1 temp 1 loss 3.01 i_con 4.01 plddt 0.43 ptm 0.89 i_ptm 0.35 energy -5.27
73 models [1] recycles 0 hard 0 soft 1 temp 1 loss 3.45 i_con 4.47 plddt 0.37 ptm 0.88 i_ptm 0.19 energy -5.41
74 models [1] recycles 0 hard 0 soft 1 temp 1 loss 3.05 i_con 4.07 plddt 0.42 ptm 0.89 i_ptm 0.30 energy -5.37
75 models [0] recycles 0 hard 0 soft 1 temp 1 loss 3.14 i_con 4.18 plddt 0.43 ptm 0.87 i_ptm 0.26 energy -5.48
76 models [1] recycles 0 hard 0 soft 1 temp 1 loss 3.02 i_con 4.11 plddt 0.41 ptm 0.89 i_ptm 0.28 energy -5.71
77 models [0] recycles 0 hard 0 soft 1 temp 1 loss 2.85 i_con 3.95 plddt 0.44 ptm 0.88 i_ptm 0.33 energy -5.81
78 models [1] recycles 0 hard 0 soft 1 temp 1 loss 2.76 i_con 3.92 plddt 0.41 ptm 0.89 i_ptm 0.36 energy -6.06
79 models [1] recycles 0 hard 0 soft 1 temp 1 loss 3.02 i_con 4.20 plddt 0.41 ptm 0.89 i_ptm 0.28 energy -6.20
80 models [1] recycles 0 hard 0 soft 1 temp 1 loss 3.08 i_con 4.29 plddt 0.41 ptm 0.89 i_ptm 0.27 energy -6.35
81 models [0] recycles 0 hard 0 soft 1 temp 1 loss 2.80 i_con 4.03 plddt 0.41 ptm 0.87 i_ptm 0.28 energy -6.42
82 models [0] recycles 0 hard 0 soft 1 temp 1 loss 2.66 i_con 3.92 plddt 0.45 ptm 0.87 i_ptm 0.34 energy -6.55
83 models [0] recycles 0 hard 0 soft 1 temp 1 loss 2.96 i_con 4.24 plddt 0.43 ptm 0.87 i_ptm 0.28 energy -6.67
84 models [0] recycles 0 hard 0 soft 1 temp 1 loss 2.73 i_con 4.02 plddt 0.39 ptm 0.87 i_ptm 0.30 energy -6.76
85 models [1] recycles 0 hard 0 soft 1 temp 1 loss 2.76 i_con 4.05 plddt 0.41 ptm 0.89 i_ptm 0.32 energy -6.76
86 models [0] recycles 0 hard 0 soft 1 temp 1 loss 2.77 i_con 4.05 plddt 0.42 ptm 0.87 i_ptm 0.29 energy -6.69
87 models [0] recycles 0 hard 0 soft 1 temp 1 loss 3.08 i_con 4.36 plddt 0.39 ptm 0.87 i_ptm 0.25 energy -6.71
88 models [0] recycles 0 hard 0 soft 1 temp 1 loss 2.75 i_con 4.05 plddt 0.44 ptm 0.87 i_ptm 0.31 energy -6.77
89 models [0] recycles 0 hard 0 soft 1 temp 1 loss 2.69 i_con 3.97 plddt 0.41 ptm 0.87 i_ptm 0.31 energy -6.68
90 models [0] recycles 0 hard 0 soft 1 temp 1 loss 2.82 i_con 4.13 plddt 0.42 ptm 0.87 i_ptm 0.27 energy -6.87
91 models [1] recycles 0 hard 0 soft 1 temp 1 loss 2.83 i_con 4.14 plddt 0.44 ptm 0.89 i_ptm 0.31 energy -6.83
92 models [1] recycles 0 hard 0 soft 1 temp 1 loss 2.82 i_con 4.12 plddt 0.42 ptm 0.89 i_ptm 0.30 energy -6.81
93 models [0] recycles 0 hard 0 soft 1 temp 1 loss 2.76 i_con 4.05 plddt 0.43 ptm 0.87 i_ptm 0.30 energy -6.73
94 models [1] recycles 0 hard 0 soft 1 temp 1 loss 2.78 i_con 4.08 plddt 0.41 ptm 0.89 i_ptm 0.32 energy -6.82
95 models [0] recycles 0 hard 0 soft 1 temp 1 loss 3.21 i_con 4.52 plddt 0.42 ptm 0.87 i_ptm 0.21 energy -6.84
96 models [1] recycles 0 hard 0 soft 1 temp 1 loss 2.69 i_con 4.00 plddt 0.45 ptm 0.89 i_ptm 0.34 energy -6.83
97 models [0] recycles 0 hard 0 soft 1 temp 1 loss 2.68 i_con 3.97 plddt 0.41 ptm 0.87 i_ptm 0.33 energy -6.76
98 models [1] recycles 0 hard 0 soft 1 temp 1 loss 2.77 i_con 4.10 plddt 0.42 ptm 0.89 i_ptm 0.31 energy -6.92
99 models [0] recycles 0 hard 0 soft 1 temp 1 loss 2.69 i_con 4.00 plddt 0.42 ptm 0.87 i_ptm 0.30 energy -6.86
100 models [0] recycles 0 hard 0 soft 1 temp 1 loss 2.64 i_con 3.95 plddt 0.41 ptm 0.87 i_ptm 0.31 energy -6.86
101 models [1] recycles 0 hard 0 soft 0 temp 1 loss 5.57 i_con 7.19 plddt 0.61 ptm 0.88 i_ptm 0.11 energy -33.23
102 models [1] recycles 0 hard 0 soft 0 temp 0.98 loss 3.81 i_con 5.40 plddt 0.45 ptm 0.88 i_ptm 0.10 energy -33.06
103 models [1] recycles 0 hard 0 soft 0 temp 0.96 loss 2.98 i_con 4.56 plddt 0.40 ptm 0.88 i_ptm 0.23 energy -32.72
104 models [1] recycles 0 hard 0 soft 0 temp 0.94 loss 2.78 i_con 4.36 plddt 0.36 ptm 0.88 i_ptm 0.24 energy -32.84
105 models [1] recycles 0 hard 0 soft 0 temp 0.92 loss 2.56 i_con 4.16 plddt 0.40 ptm 0.89 i_ptm 0.29 energy -33.34
106 models [0] recycles 0 hard 0 soft 0 temp 0.90 loss 2.31 i_con 3.98 plddt 0.37 ptm 0.88 i_ptm 0.32 energy -34.83
107 models [1] recycles 0 hard 0 soft 0 temp 0.88 loss 2.28 i_con 4.03 plddt 0.40 ptm 0.89 i_ptm 0.34 energy -36.22
108 models [1] recycles 0 hard 0 soft 0 temp 0.86 loss 2.41 i_con 4.19 plddt 0.40 ptm 0.89 i_ptm 0.28 energy -36.79
109 models [1] recycles 0 hard 0 soft 0 temp 0.84 loss 2.40 i_con 4.21 plddt 0.34 ptm 0.88 i_ptm 0.27 energy -37.56
110 models [1] recycles 0 hard 0 soft 0 temp 0.82 loss 2.05 i_con 3.94 plddt 0.40 ptm 0.89 i_ptm 0.37 energy -39.12
111 models [1] recycles 0 hard 0 soft 0 temp 0.80 loss 1.98 i_con 3.94 plddt 0.39 ptm 0.89 i_ptm 0.36 energy -40.44
112 models [1] recycles 0 hard 0 soft 0 temp 0.78 loss 1.83 i_con 3.88 plddt 0.40 ptm 0.89 i_ptm 0.37 energy -42.12
113 models [1] recycles 0 hard 0 soft 0 temp 0.76 loss 1.50 i_con 3.64 plddt 0.43 ptm 0.90 i_ptm 0.48 energy -44.00
114 models [1] recycles 0 hard 0 soft 0 temp 0.74 loss 1.61 i_con 3.81 plddt 0.39 ptm 0.90 i_ptm 0.41 energy -45.08
115 models [0] recycles 0 hard 0 soft 0 temp 0.72 loss 1.61 i_con 3.86 plddt 0.42 ptm 0.88 i_ptm 0.36 energy -46.25
116 models [1] recycles 0 hard 0 soft 0 temp 0.70 loss 1.50 i_con 3.84 plddt 0.40 ptm 0.90 i_ptm 0.41 energy -48.15
117 models [1] recycles 0 hard 0 soft 0 temp 0.68 loss 1.57 i_con 3.93 plddt 0.39 ptm 0.89 i_ptm 0.37 energy -48.49
118 models [0] recycles 0 hard 0 soft 0 temp 0.66 loss 1.34 i_con 3.74 plddt 0.38 ptm 0.88 i_ptm 0.43 energy -49.31
119 models [0] recycles 0 hard 0 soft 0 temp 0.64 loss 0.96 i_con 3.43 plddt 0.46 ptm 0.88 i_ptm 0.56 energy -50.55
120 models [0] recycles 0 hard 0 soft 0 temp 0.62 loss 1.27 i_con 3.74 plddt 0.39 ptm 0.88 i_ptm 0.41 energy -50.75
121 models [0] recycles 0 hard 0 soft 0 temp 0.60 loss 1.17 i_con 3.71 plddt 0.43 ptm 0.88 i_ptm 0.45 energy -51.97
122 models [0] recycles 0 hard 0 soft 0 temp 0.58 loss 0.96 i_con 3.60 plddt 0.41 ptm 0.88 i_ptm 0.47 energy -53.91
123 models [0] recycles 0 hard 0 soft 0 temp 0.56 loss 0.93 i_con 3.60 plddt 0.38 ptm 0.88 i_ptm 0.48 energy -54.52
124 models [0] recycles 0 hard 0 soft 0 temp 0.54 loss 0.52 i_con 3.22 plddt 0.46 ptm 0.88 i_ptm 0.62 energy -55.16
125 models [0] recycles 0 hard 0 soft 0 temp 0.52 loss 0.45 i_con 3.18 plddt 0.46 ptm 0.88 i_ptm 0.61 energy -55.53
126 models [1] recycles 0 hard 0 soft 0 temp 0.50 loss 1.23 i_con 3.98 plddt 0.43 ptm 0.89 i_ptm 0.35 energy -56.15
127 models [1] recycles 0 hard 0 soft 0 temp 0.48 loss 0.56 i_con 3.37 plddt 0.44 ptm 0.90 i_ptm 0.57 energy -57.19
128 models [0] recycles 0 hard 0 soft 0 temp 0.46 loss 0.66 i_con 3.48 plddt 0.41 ptm 0.88 i_ptm 0.51 energy -57.56
129 models [1] recycles 0 hard 0 soft 0 temp 0.44 loss 0.96 i_con 3.80 plddt 0.42 ptm 0.90 i_ptm 0.41 energy -58.01
130 models [1] recycles 0 hard 0 soft 0 temp 0.42 loss 0.88 i_con 3.75 plddt 0.41 ptm 0.90 i_ptm 0.46 energy -58.49
131 models [0] recycles 0 hard 0 soft 0 temp 0.40 loss 0.34 i_con 3.23 plddt 0.44 ptm 0.89 i_ptm 0.61 energy -58.76
132 models [0] recycles 0 hard 0 soft 0 temp 0.38 loss 0.38 i_con 3.28 plddt 0.46 ptm 0.89 i_ptm 0.60 energy -59.14
133 models [0] recycles 0 hard 0 soft 0 temp 0.36 loss -0.15 i_con 2.78 plddt 0.50 ptm 0.89 i_ptm 0.72 energy -59.64
134 models [0] recycles 0 hard 0 soft 0 temp 0.34 loss 0.26 i_con 3.23 plddt 0.47 ptm 0.88 i_ptm 0.61 energy -60.45
135 models [0] recycles 0 hard 0 soft 0 temp 0.32 loss 0.06 i_con 3.04 plddt 0.49 ptm 0.89 i_ptm 0.64 energy -60.61
136 models [0] recycles 0 hard 0 soft 0 temp 0.30 loss -0.35 i_con 2.64 plddt 0.51 ptm 0.89 i_ptm 0.67 energy -60.81
137 models [1] recycles 0 hard 0 soft 0 temp 0.28 loss 0.46 i_con 3.51 plddt 0.51 ptm 0.90 i_ptm 0.51 energy -61.87
138 models [1] recycles 0 hard 0 soft 0 temp 0.26 loss -0.05 i_con 3.03 plddt 0.48 ptm 0.90 i_ptm 0.63 energy -62.46
139 models [1] recycles 0 hard 0 soft 0 temp 0.24 loss 0.63 i_con 3.73 plddt 0.47 ptm 0.90 i_ptm 0.46 energy -63.14
140 models [1] recycles 0 hard 0 soft 0 temp 0.22 loss 0.06 i_con 3.20 plddt 0.48 ptm 0.90 i_ptm 0.58 energy -63.83
141 models [0] recycles 0 hard 0 soft 0 temp 0.20 loss -0.42 i_con 2.74 plddt 0.54 ptm 0.89 i_ptm 0.70 energy -64.02
142 models [1] recycles 0 hard 0 soft 0 temp 0.18 loss 0.21 i_con 3.37 plddt 0.44 ptm 0.90 i_ptm 0.56 energy -64.28
143 models [0] recycles 0 hard 0 soft 0 temp 0.16 loss -0.68 i_con 2.52 plddt 0.53 ptm 0.89 i_ptm 0.73 energy -65.03
144 models [0] recycles 0 hard 0 soft 0 temp 0.14 loss -0.41 i_con 2.85 plddt 0.48 ptm 0.89 i_ptm 0.71 energy -66.10
145 models [1] recycles 0 hard 0 soft 0 temp 0.12 loss -0.57 i_con 2.72 plddt 0.51 ptm 0.91 i_ptm 0.70 energy -66.81
146 models [0] recycles 0 hard 0 soft 0 temp 0.10 loss -0.90 i_con 2.43 plddt 0.53 ptm 0.90 i_ptm 0.76 energy -67.51
147 models [1] recycles 0 hard 0 soft 0 temp 0.08 loss -0.19 i_con 3.21 plddt 0.45 ptm 0.90 i_ptm 0.59 energy -69.20
148 models [0] recycles 0 hard 0 soft 0 temp 0.06 loss -0.67 i_con 2.75 plddt 0.51 ptm 0.89 i_ptm 0.72 energy -69.29
149 models [1] recycles 0 hard 0 soft 0 temp 0.04 loss 0.21 i_con 3.65 plddt 0.42 ptm 0.90 i_ptm 0.45 energy -70.08
150 models [0] recycles 0 hard 0 soft 0 temp 0.02 loss -0.87 i_con 2.61 plddt 0.53 ptm 0.89 i_ptm 0.76 energy -70.38
151 models [0] recycles 0 hard 1 soft 0 temp 0.00 loss 0.55 i_con 4.00 plddt 0.39 ptm 0.88 i_ptm 0.31 energy -7.03
152 models [0] recycles 0 hard 1 soft 0 temp 0.00 loss 0.55 i_con 4.00 plddt 0.39 ptm 0.88 i_ptm 0.31 energy -7.03
153 models [1] recycles 0 hard 1 soft 0 temp 0.00 loss 0.68 i_con 4.13 plddt 0.39 ptm 0.89 i_ptm 0.31 energy -7.03
154 models [1] recycles 0 hard 1 soft 0 temp 0.00 loss 0.68 i_con 4.13 plddt 0.39 ptm 0.89 i_ptm 0.31 energy -7.03
155 models [0] recycles 0 hard 1 soft 0 temp 0.00 loss 0.55 i_con 4.00 plddt 0.39 ptm 0.88 i_ptm 0.31 energy -7.03
156 models [0] recycles 0 hard 1 soft 0 temp 0.00 loss 0.55 i_con 4.00 plddt 0.39 ptm 0.88 i_ptm 0.31 energy -7.03
157 models [0] recycles 0 hard 1 soft 0 temp 0.00 loss 0.55 i_con 4.00 plddt 0.39 ptm 0.88 i_ptm 0.31 energy -7.03
158 models [0] recycles 0 hard 1 soft 0 temp 0.00 loss 0.55 i_con 4.00 plddt 0.39 ptm 0.88 i_ptm 0.31 energy -7.03
159 models [0] recycles 0 hard 1 soft 0 temp 0.00 loss 0.55 i_con 4.00 plddt 0.39 ptm 0.88 i_ptm 0.31 energy -7.03
160 models [0] recycles 0 hard 1 soft 0 temp 0.00 loss 0.55 i_con 4.00 plddt 0.39 ptm 0.88 i_ptm 0.31 energy -7.03
161 models [1] recycles 0 hard 1 soft 0 temp 0.00 loss 0.68 i_con 4.13 plddt 0.39 ptm 0.89 i_ptm 0.31 energy -7.03
162 models [1] recycles 0 hard 1 soft 0 temp 0.00 loss 0.68 i_con 4.13 plddt 0.39 ptm 0.89 i_ptm 0.31 energy -7.03
163 models [0] recycles 0 hard 1 soft 0 temp 0.00 loss 0.55 i_con 4.00 plddt 0.39 ptm 0.88 i_ptm 0.31 energy -7.03
164 models [0] recycles 0 hard 1 soft 0 temp 0.00 loss 0.55 i_con 4.00 plddt 0.39 ptm 0.88 i_ptm 0.31 energy -7.03
165 models [0] recycles 0 hard 1 soft 0 temp 0.00 loss 0.55 i_con 4.00 plddt 0.39 ptm 0.88 i_ptm 0.31 energy -7.03
166 models [1] recycles 0 hard 1 soft 0 temp 0.00 loss 0.68 i_con 4.13 plddt 0.39 ptm 0.89 i_ptm 0.31 energy -7.03
167 models [1] recycles 0 hard 1 soft 0 temp 0.00 loss 0.68 i_con 4.13 plddt 0.39 ptm 0.89 i_ptm 0.31 energy -7.03
168 models [1] recycles 0 hard 1 soft 0 temp 0.00 loss 0.68 i_con 4.13 plddt 0.39 ptm 0.89 i_ptm 0.31 energy -7.03
169 models [1] recycles 0 hard 1 soft 0 temp 0.00 loss 0.68 i_con 4.13 plddt 0.39 ptm 0.89 i_ptm 0.31 energy -7.03
170 models [1] recycles 0 hard 1 soft 0 temp 0.00 loss 0.68 i_con 4.13 plddt 0.39 ptm 0.89 i_ptm 0.31 energy -7.03
171 models [1] recycles 0 hard 1 soft 0 temp 0.00 loss 0.68 i_con 4.13 plddt 0.39 ptm 0.89 i_ptm 0.31 energy -7.03
172 models [1] recycles 0 hard 1 soft 0 temp 0.00 loss 0.68 i_con 4.13 plddt 0.39 ptm 0.89 i_ptm 0.31 energy -7.03
173 models [0] recycles 0 hard 1 soft 0 temp 0.00 loss 0.55 i_con 4.00 plddt 0.39 ptm 0.88 i_ptm 0.31 energy -7.03
174 models [1] recycles 0 hard 1 soft 0 temp 0.00 loss 0.68 i_con 4.13 plddt 0.39 ptm 0.89 i_ptm 0.31 energy -7.03
175 models [1] recycles 0 hard 1 soft 0 temp 0.00 loss 0.68 i_con 4.13 plddt 0.39 ptm 0.89 i_ptm 0.31 energy -7.03
176 models [0] recycles 0 hard 1 soft 0 temp 0.00 loss 0.55 i_con 4.00 plddt 0.39 ptm 0.88 i_ptm 0.31 energy -7.03
177 models [1] recycles 0 hard 1 soft 0 temp 0.00 loss 0.68 i_con 4.13 plddt 0.39 ptm 0.89 i_ptm 0.31 energy -7.03
178 models [1] recycles 0 hard 1 soft 0 temp 0.00 loss 0.68 i_con 4.13 plddt 0.39 ptm 0.89 i_ptm 0.31 energy -7.03
179 models [0] recycles 0 hard 1 soft 0 temp 0.00 loss 0.55 i_con 4.00 plddt 0.39 ptm 0.88 i_ptm 0.31 energy -7.03
180 models [1] recycles 0 hard 1 soft 0 temp 0.00 loss 0.68 i_con 4.13 plddt 0.39 ptm 0.89 i_ptm 0.31 energy -7.03
  seq=EIGGLDAMLNYLLFC  loss=0.6768  loss_af=4.1893  energy=-7.0251  i_ptm=0.3075
[19/20] seed=18 ...
1 models [0] recycles 0 hard 0 soft 1 temp 1 loss 8.10 i_con 7.69 plddt 0.55 ptm 0.86 i_ptm 0.13 energy 7.35
2 models [0] recycles 0 hard 0 soft 1 temp 1 loss 8.11 i_con 7.70 plddt 0.55 ptm 0.86 i_ptm 0.12 energy 7.13
3 models [0] recycles 0 hard 0 soft 1 temp 1 loss 7.96 i_con 7.57 plddt 0.58 ptm 0.86 i_ptm 0.12 energy 6.88
4 models [0] recycles 0 hard 0 soft 1 temp 1 loss 7.21 i_con 6.84 plddt 0.56 ptm 0.86 i_ptm 0.12 energy 6.63
5 models [0] recycles 0 hard 0 soft 1 temp 1 loss 7.34 i_con 6.96 plddt 0.53 ptm 0.86 i_ptm 0.11 energy 6.51
6 models [1] recycles 0 hard 0 soft 1 temp 1 loss 7.24 i_con 6.88 plddt 0.53 ptm 0.88 i_ptm 0.09 energy 6.35
7 models [0] recycles 0 hard 0 soft 1 temp 1 loss 6.37 i_con 6.00 plddt 0.48 ptm 0.86 i_ptm 0.12 energy 6.20
8 models [0] recycles 0 hard 0 soft 1 temp 1 loss 6.53 i_con 6.16 plddt 0.44 ptm 0.86 i_ptm 0.12 energy 6.22
9 models [1] recycles 0 hard 0 soft 1 temp 1 loss 6.41 i_con 6.04 plddt 0.49 ptm 0.88 i_ptm 0.08 energy 6.35
10 models [0] recycles 0 hard 0 soft 1 temp 1 loss 4.91 i_con 4.53 plddt 0.37 ptm 0.87 i_ptm 0.18 energy 6.36
11 models [1] recycles 0 hard 0 soft 1 temp 1 loss 6.10 i_con 5.75 plddt 0.48 ptm 0.88 i_ptm 0.08 energy 6.04
12 models [1] recycles 0 hard 0 soft 1 temp 1 loss 6.05 i_con 5.70 plddt 0.44 ptm 0.88 i_ptm 0.08 energy 5.96
13 models [0] recycles 0 hard 0 soft 1 temp 1 loss 4.70 i_con 4.35 plddt 0.40 ptm 0.87 i_ptm 0.26 energy 5.89
14 models [1] recycles 0 hard 0 soft 1 temp 1 loss 5.69 i_con 5.36 plddt 0.40 ptm 0.88 i_ptm 0.09 energy 5.31
15 models [0] recycles 0 hard 0 soft 1 temp 1 loss 4.99 i_con 4.65 plddt 0.37 ptm 0.86 i_ptm 0.14 energy 5.47
16 models [1] recycles 0 hard 0 soft 1 temp 1 loss 5.54 i_con 5.21 plddt 0.40 ptm 0.88 i_ptm 0.11 energy 5.40
17 models [0] recycles 0 hard 0 soft 1 temp 1 loss 4.92 i_con 4.60 plddt 0.34 ptm 0.87 i_ptm 0.18 energy 4.95
18 models [1] recycles 0 hard 0 soft 1 temp 1 loss 5.72 i_con 5.46 plddt 0.42 ptm 0.88 i_ptm 0.09 energy 4.20
19 models [1] recycles 0 hard 0 soft 1 temp 1 loss 5.94 i_con 5.67 plddt 0.43 ptm 0.88 i_ptm 0.09 energy 4.31
20 models [1] recycles 0 hard 0 soft 1 temp 1 loss 5.31 i_con 5.06 plddt 0.35 ptm 0.88 i_ptm 0.10 energy 3.67
21 models [0] recycles 0 hard 0 soft 1 temp 1 loss 4.84 i_con 4.59 plddt 0.37 ptm 0.87 i_ptm 0.19 energy 3.77
22 models [0] recycles 0 hard 0 soft 1 temp 1 loss 4.67 i_con 4.47 plddt 0.39 ptm 0.87 i_ptm 0.21 energy 2.88
23 models [1] recycles 0 hard 0 soft 1 temp 1 loss 5.66 i_con 5.48 plddt 0.41 ptm 0.88 i_ptm 0.09 energy 2.23
24 models [1] recycles 0 hard 0 soft 1 temp 1 loss 5.30 i_con 5.13 plddt 0.37 ptm 0.88 i_ptm 0.11 energy 2.25
25 models [1] recycles 0 hard 0 soft 1 temp 1 loss 5.58 i_con 5.40 plddt 0.40 ptm 0.88 i_ptm 0.09 energy 2.32
26 models [1] recycles 0 hard 0 soft 1 temp 1 loss 5.08 i_con 4.91 plddt 0.39 ptm 0.88 i_ptm 0.19 energy 2.35
27 models [0] recycles 0 hard 0 soft 1 temp 1 loss 4.43 i_con 4.24 plddt 0.40 ptm 0.87 i_ptm 0.27 energy 2.50
28 models [1] recycles 0 hard 0 soft 1 temp 1 loss 5.38 i_con 5.23 plddt 0.36 ptm 0.88 i_ptm 0.10 energy 1.75
29 models [1] recycles 0 hard 0 soft 1 temp 1 loss 5.32 i_con 5.15 plddt 0.37 ptm 0.88 i_ptm 0.13 energy 2.24
30 models [0] recycles 0 hard 0 soft 1 temp 1 loss 4.33 i_con 4.20 plddt 0.40 ptm 0.87 i_ptm 0.27 energy 1.42
31 models [0] recycles 0 hard 0 soft 1 temp 1 loss 4.49 i_con 4.38 plddt 0.39 ptm 0.87 i_ptm 0.25 energy 0.95
32 models [0] recycles 0 hard 0 soft 1 temp 1 loss 4.30 i_con 4.17 plddt 0.39 ptm 0.87 i_ptm 0.28 energy 1.21
33 models [0] recycles 0 hard 0 soft 1 temp 1 loss 4.25 i_con 4.16 plddt 0.41 ptm 0.87 i_ptm 0.27 energy 0.69
34 models [1] recycles 0 hard 0 soft 1 temp 1 loss 5.14 i_con 5.03 plddt 0.36 ptm 0.88 i_ptm 0.11 energy 0.87
35 models [0] recycles 0 hard 0 soft 1 temp 1 loss 4.55 i_con 4.46 plddt 0.38 ptm 0.87 i_ptm 0.22 energy 0.59
36 models [0] recycles 0 hard 0 soft 1 temp 1 loss 4.34 i_con 4.27 plddt 0.42 ptm 0.87 i_ptm 0.26 energy 0.27
37 models [0] recycles 0 hard 0 soft 1 temp 1 loss 4.35 i_con 4.28 plddt 0.39 ptm 0.87 i_ptm 0.24 energy 0.20
38 models [0] recycles 0 hard 0 soft 1 temp 1 loss 4.35 i_con 4.30 plddt 0.40 ptm 0.87 i_ptm 0.25 energy -0.09
39 models [0] recycles 0 hard 0 soft 1 temp 1 loss 4.37 i_con 4.30 plddt 0.39 ptm 0.87 i_ptm 0.26 energy 0.17
40 models [0] recycles 0 hard 0 soft 1 temp 1 loss 4.32 i_con 4.29 plddt 0.39 ptm 0.87 i_ptm 0.26 energy -0.51
41 models [0] recycles 0 hard 0 soft 1 temp 1 loss 4.34 i_con 4.31 plddt 0.40 ptm 0.87 i_ptm 0.23 energy -0.57
42 models [0] recycles 0 hard 0 soft 1 temp 1 loss 4.10 i_con 4.05 plddt 0.36 ptm 0.87 i_ptm 0.27 energy -0.26
43 models [1] recycles 0 hard 0 soft 1 temp 1 loss 5.26 i_con 5.24 plddt 0.38 ptm 0.88 i_ptm 0.10 energy -0.71
44 models [1] recycles 0 hard 0 soft 1 temp 1 loss 4.78 i_con 4.74 plddt 0.33 ptm 0.88 i_ptm 0.13 energy -0.54
45 models [0] recycles 0 hard 0 soft 1 temp 1 loss 4.37 i_con 4.34 plddt 0.39 ptm 0.87 i_ptm 0.24 energy -0.63
46 models [0] recycles 0 hard 0 soft 1 temp 1 loss 4.24 i_con 4.22 plddt 0.40 ptm 0.87 i_ptm 0.24 energy -0.87
47 models [1] recycles 0 hard 0 soft 1 temp 1 loss 4.80 i_con 4.76 plddt 0.34 ptm 0.88 i_ptm 0.17 energy -0.62
48 models [0] recycles 0 hard 0 soft 1 temp 1 loss 4.08 i_con 4.07 plddt 0.41 ptm 0.87 i_ptm 0.29 energy -1.02
49 models [0] recycles 0 hard 0 soft 1 temp 1 loss 4.22 i_con 4.21 plddt 0.39 ptm 0.87 i_ptm 0.26 energy -1.09
50 models [1] recycles 0 hard 0 soft 1 temp 1 loss 4.71 i_con 4.70 plddt 0.34 ptm 0.88 i_ptm 0.18 energy -1.17
51 models [1] recycles 0 hard 0 soft 1 temp 1 loss 4.65 i_con 4.81 plddt 0.37 ptm 0.88 i_ptm 0.17 energy -1.11
52 models [0] recycles 0 hard 0 soft 1 temp 1 loss 4.15 i_con 4.40 plddt 0.38 ptm 0.87 i_ptm 0.25 energy -1.54
53 models [1] recycles 0 hard 0 soft 1 temp 1 loss 4.26 i_con 4.57 plddt 0.31 ptm 0.88 i_ptm 0.18 energy -1.89
54 models [0] recycles 0 hard 0 soft 1 temp 1 loss 3.82 i_con 4.14 plddt 0.39 ptm 0.87 i_ptm 0.28 energy -1.90
55 models [1] recycles 0 hard 0 soft 1 temp 1 loss 4.50 i_con 4.87 plddt 0.36 ptm 0.88 i_ptm 0.15 energy -2.17
56 models [1] recycles 0 hard 0 soft 1 temp 1 loss 4.38 i_con 4.74 plddt 0.36 ptm 0.88 i_ptm 0.16 energy -2.15
57 models [0] recycles 0 hard 0 soft 1 temp 1 loss 3.75 i_con 4.12 plddt 0.41 ptm 0.87 i_ptm 0.25 energy -2.15
58 models [1] recycles 0 hard 0 soft 1 temp 1 loss 4.40 i_con 4.81 plddt 0.39 ptm 0.88 i_ptm 0.18 energy -2.36
59 models [0] recycles 0 hard 0 soft 1 temp 1 loss 3.70 i_con 4.10 plddt 0.42 ptm 0.87 i_ptm 0.28 energy -2.30
60 models [0] recycles 0 hard 0 soft 1 temp 1 loss 3.84 i_con 4.26 plddt 0.40 ptm 0.87 i_ptm 0.25 energy -2.42
61 models [1] recycles 0 hard 0 soft 1 temp 1 loss 4.10 i_con 4.52 plddt 0.35 ptm 0.88 i_ptm 0.22 energy -2.44
62 models [1] recycles 0 hard 0 soft 1 temp 1 loss 4.10 i_con 4.53 plddt 0.33 ptm 0.88 i_ptm 0.19 energy -2.46
63 models [0] recycles 0 hard 0 soft 1 temp 1 loss 3.82 i_con 4.29 plddt 0.40 ptm 0.87 i_ptm 0.25 energy -2.65
64 models [1] recycles 0 hard 0 soft 1 temp 1 loss 4.24 i_con 4.71 plddt 0.34 ptm 0.88 i_ptm 0.17 energy -2.65
65 models [0] recycles 0 hard 0 soft 1 temp 1 loss 3.64 i_con 4.14 plddt 0.42 ptm 0.87 i_ptm 0.28 energy -2.80
66 models [1] recycles 0 hard 0 soft 1 temp 1 loss 3.98 i_con 4.52 plddt 0.38 ptm 0.88 i_ptm 0.20 energy -3.02
67 models [0] recycles 0 hard 0 soft 1 temp 1 loss 3.48 i_con 4.02 plddt 0.38 ptm 0.87 i_ptm 0.31 energy -3.05
68 models [0] recycles 0 hard 0 soft 1 temp 1 loss 3.49 i_con 4.08 plddt 0.41 ptm 0.87 i_ptm 0.28 energy -3.25
69 models [0] recycles 0 hard 0 soft 1 temp 1 loss 3.56 i_con 4.18 plddt 0.41 ptm 0.87 i_ptm 0.29 energy -3.41
70 models [1] recycles 0 hard 0 soft 1 temp 1 loss 3.78 i_con 4.43 plddt 0.38 ptm 0.88 i_ptm 0.21 energy -3.56
71 models [1] recycles 0 hard 0 soft 1 temp 1 loss 3.79 i_con 4.44 plddt 0.37 ptm 0.88 i_ptm 0.23 energy -3.54
72 models [1] recycles 0 hard 0 soft 1 temp 1 loss 3.81 i_con 4.49 plddt 0.36 ptm 0.88 i_ptm 0.21 energy -3.75
73 models [1] recycles 0 hard 0 soft 1 temp 1 loss 3.86 i_con 4.54 plddt 0.40 ptm 0.88 i_ptm 0.22 energy -3.68
74 models [0] recycles 0 hard 0 soft 1 temp 1 loss 3.56 i_con 4.30 plddt 0.42 ptm 0.87 i_ptm 0.26 energy -3.96
75 models [1] recycles 0 hard 0 soft 1 temp 1 loss 3.73 i_con 4.47 plddt 0.39 ptm 0.89 i_ptm 0.22 energy -3.98
76 models [1] recycles 0 hard 0 soft 1 temp 1 loss 3.52 i_con 4.26 plddt 0.40 ptm 0.89 i_ptm 0.24 energy -3.99
77 models [1] recycles 0 hard 0 soft 1 temp 1 loss 3.65 i_con 4.41 plddt 0.38 ptm 0.88 i_ptm 0.23 energy -4.11
78 models [1] recycles 0 hard 0 soft 1 temp 1 loss 3.47 i_con 4.22 plddt 0.40 ptm 0.89 i_ptm 0.27 energy -4.06
79 models [0] recycles 0 hard 0 soft 1 temp 1 loss 3.31 i_con 4.08 plddt 0.39 ptm 0.87 i_ptm 0.29 energy -4.15
80 models [0] recycles 0 hard 0 soft 1 temp 1 loss 3.09 i_con 3.88 plddt 0.40 ptm 0.88 i_ptm 0.35 energy -4.24
81 models [0] recycles 0 hard 0 soft 1 temp 1 loss 3.06 i_con 3.86 plddt 0.41 ptm 0.88 i_ptm 0.36 energy -4.31
82 models [1] recycles 0 hard 0 soft 1 temp 1 loss 3.70 i_con 4.54 plddt 0.37 ptm 0.88 i_ptm 0.18 energy -4.52
83 models [1] recycles 0 hard 0 soft 1 temp 1 loss 3.46 i_con 4.30 plddt 0.36 ptm 0.88 i_ptm 0.22 energy -4.53
84 models [1] recycles 0 hard 0 soft 1 temp 1 loss 3.35 i_con 4.21 plddt 0.39 ptm 0.88 i_ptm 0.26 energy -4.57
85 models [1] recycles 0 hard 0 soft 1 temp 1 loss 3.33 i_con 4.17 plddt 0.40 ptm 0.88 i_ptm 0.27 energy -4.50
86 models [1] recycles 0 hard 0 soft 1 temp 1 loss 3.29 i_con 4.16 plddt 0.39 ptm 0.89 i_ptm 0.29 energy -4.70
87 models [0] recycles 0 hard 0 soft 1 temp 1 loss 3.03 i_con 3.91 plddt 0.40 ptm 0.88 i_ptm 0.33 energy -4.70
88 models [0] recycles 0 hard 0 soft 1 temp 1 loss 3.17 i_con 4.04 plddt 0.41 ptm 0.87 i_ptm 0.29 energy -4.63
89 models [0] recycles 0 hard 0 soft 1 temp 1 loss 3.03 i_con 3.94 plddt 0.39 ptm 0.87 i_ptm 0.31 energy -4.84
90 models [1] recycles 0 hard 0 soft 1 temp 1 loss 3.07 i_con 4.01 plddt 0.41 ptm 0.89 i_ptm 0.31 energy -4.95
91 models [1] recycles 0 hard 0 soft 1 temp 1 loss 3.19 i_con 4.13 plddt 0.39 ptm 0.89 i_ptm 0.26 energy -4.98
92 models [1] recycles 0 hard 0 soft 1 temp 1 loss 3.29 i_con 4.23 plddt 0.37 ptm 0.88 i_ptm 0.25 energy -5.01
93 models [0] recycles 0 hard 0 soft 1 temp 1 loss 2.98 i_con 3.93 plddt 0.39 ptm 0.87 i_ptm 0.35 energy -5.06
94 models [0] recycles 0 hard 0 soft 1 temp 1 loss 3.11 i_con 4.09 plddt 0.40 ptm 0.87 i_ptm 0.28 energy -5.16
95 models [1] recycles 0 hard 0 soft 1 temp 1 loss 3.13 i_con 4.11 plddt 0.41 ptm 0.89 i_ptm 0.28 energy -5.20
96 models [1] recycles 0 hard 0 soft 1 temp 1 loss 2.97 i_con 3.95 plddt 0.41 ptm 0.89 i_ptm 0.34 energy -5.17
97 models [0] recycles 0 hard 0 soft 1 temp 1 loss 3.07 i_con 4.02 plddt 0.41 ptm 0.87 i_ptm 0.33 energy -5.04
98 models [1] recycles 0 hard 0 soft 1 temp 1 loss 3.32 i_con 4.26 plddt 0.37 ptm 0.89 i_ptm 0.23 energy -4.99
99 models [1] recycles 0 hard 0 soft 1 temp 1 loss 3.10 i_con 4.09 plddt 0.38 ptm 0.89 i_ptm 0.28 energy -5.24
100 models [0] recycles 0 hard 0 soft 1 temp 1 loss 2.99 i_con 4.01 plddt 0.42 ptm 0.87 i_ptm 0.31 energy -5.37
101 models [1] recycles 0 hard 0 soft 0 temp 1 loss 5.46 i_con 6.83 plddt 0.48 ptm 0.88 i_ptm 0.09 energy -28.41
102 models [1] recycles 0 hard 0 soft 0 temp 0.98 loss 4.99 i_con 6.38 plddt 0.48 ptm 0.88 i_ptm 0.10 energy -28.80
103 models [0] recycles 0 hard 0 soft 0 temp 0.96 loss 2.90 i_con 4.28 plddt 0.39 ptm 0.87 i_ptm 0.27 energy -28.88
104 models [0] recycles 0 hard 0 soft 0 temp 0.94 loss 2.47 i_con 3.91 plddt 0.44 ptm 0.88 i_ptm 0.38 energy -29.90
105 models [1] recycles 0 hard 0 soft 0 temp 0.92 loss 3.08 i_con 4.56 plddt 0.40 ptm 0.88 i_ptm 0.22 energy -30.94
106 models [1] recycles 0 hard 0 soft 0 temp 0.90 loss 2.84 i_con 4.34 plddt 0.39 ptm 0.89 i_ptm 0.26 energy -31.18
107 models [0] recycles 0 hard 0 soft 0 temp 0.88 loss 2.24 i_con 3.79 plddt 0.47 ptm 0.87 i_ptm 0.38 energy -31.93
108 models [1] recycles 0 hard 0 soft 0 temp 0.86 loss 2.57 i_con 4.14 plddt 0.41 ptm 0.89 i_ptm 0.26 energy -32.65
109 models [1] recycles 0 hard 0 soft 0 temp 0.84 loss 2.22 i_con 3.81 plddt 0.40 ptm 0.89 i_ptm 0.35 energy -33.03
110 models [0] recycles 0 hard 0 soft 0 temp 0.82 loss 2.15 i_con 3.79 plddt 0.43 ptm 0.87 i_ptm 0.39 energy -33.87
111 models [0] recycles 0 hard 0 soft 0 temp 0.80 loss 1.94 i_con 3.62 plddt 0.50 ptm 0.88 i_ptm 0.49 energy -34.66
112 models [1] recycles 0 hard 0 soft 0 temp 0.78 loss 2.03 i_con 3.75 plddt 0.45 ptm 0.89 i_ptm 0.41 energy -35.39
113 models [0] recycles 0 hard 0 soft 0 temp 0.76 loss 1.95 i_con 3.72 plddt 0.42 ptm 0.87 i_ptm 0.39 energy -36.49
114 models [0] recycles 0 hard 0 soft 0 temp 0.74 loss 1.74 i_con 3.58 plddt 0.47 ptm 0.88 i_ptm 0.47 energy -37.78
115 models [1] recycles 0 hard 0 soft 0 temp 0.72 loss 1.62 i_con 3.52 plddt 0.48 ptm 0.90 i_ptm 0.51 energy -38.98
116 models [0] recycles 0 hard 0 soft 0 temp 0.70 loss 1.61 i_con 3.56 plddt 0.49 ptm 0.88 i_ptm 0.49 energy -39.86
117 models [0] recycles 0 hard 0 soft 0 temp 0.68 loss 1.61 i_con 3.60 plddt 0.42 ptm 0.88 i_ptm 0.41 energy -40.97
118 models [1] recycles 0 hard 0 soft 0 temp 0.66 loss 1.47 i_con 3.54 plddt 0.45 ptm 0.89 i_ptm 0.45 energy -42.46
119 models [1] recycles 0 hard 0 soft 0 temp 0.64 loss 1.42 i_con 3.55 plddt 0.46 ptm 0.90 i_ptm 0.48 energy -43.58
120 models [0] recycles 0 hard 0 soft 0 temp 0.62 loss 1.43 i_con 3.59 plddt 0.45 ptm 0.88 i_ptm 0.40 energy -44.30
121 models [1] recycles 0 hard 0 soft 0 temp 0.60 loss 1.40 i_con 3.64 plddt 0.45 ptm 0.89 i_ptm 0.44 energy -45.75
122 models [1] recycles 0 hard 0 soft 0 temp 0.58 loss 1.46 i_con 3.72 plddt 0.44 ptm 0.89 i_ptm 0.43 energy -46.38
123 models [0] recycles 0 hard 0 soft 0 temp 0.56 loss 1.32 i_con 3.62 plddt 0.43 ptm 0.88 i_ptm 0.41 energy -47.20
124 models [1] recycles 0 hard 0 soft 0 temp 0.54 loss 1.22 i_con 3.59 plddt 0.45 ptm 0.90 i_ptm 0.53 energy -48.44
125 models [0] recycles 0 hard 0 soft 0 temp 0.52 loss 1.11 i_con 3.55 plddt 0.44 ptm 0.88 i_ptm 0.39 energy -49.86
126 models [0] recycles 0 hard 0 soft 0 temp 0.50 loss 0.83 i_con 3.33 plddt 0.52 ptm 0.88 i_ptm 0.55 energy -50.98
127 models [1] recycles 0 hard 0 soft 0 temp 0.48 loss 0.90 i_con 3.44 plddt 0.51 ptm 0.90 i_ptm 0.55 energy -51.86
128 models [0] recycles 0 hard 0 soft 0 temp 0.46 loss 1.01 i_con 3.60 plddt 0.46 ptm 0.88 i_ptm 0.46 energy -52.87
129 models [0] recycles 0 hard 0 soft 0 temp 0.44 loss 0.98 i_con 3.60 plddt 0.44 ptm 0.88 i_ptm 0.43 energy -53.51
130 models [0] recycles 0 hard 0 soft 0 temp 0.42 loss 0.90 i_con 3.54 plddt 0.48 ptm 0.88 i_ptm 0.50 energy -53.97
131 models [0] recycles 0 hard 0 soft 0 temp 0.40 loss 0.88 i_con 3.58 plddt 0.48 ptm 0.88 i_ptm 0.46 energy -55.16
132 models [0] recycles 0 hard 0 soft 0 temp 0.38 loss 0.82 i_con 3.57 plddt 0.42 ptm 0.88 i_ptm 0.39 energy -56.15
133 models [0] recycles 0 hard 0 soft 0 temp 0.36 loss 0.81 i_con 3.60 plddt 0.44 ptm 0.87 i_ptm 0.41 energy -56.91
134 models [0] recycles 0 hard 0 soft 0 temp 0.34 loss 0.74 i_con 3.56 plddt 0.46 ptm 0.88 i_ptm 0.48 energy -57.44
135 models [0] recycles 0 hard 0 soft 0 temp 0.32 loss 0.69 i_con 3.57 plddt 0.42 ptm 0.88 i_ptm 0.38 energy -58.64
136 models [0] recycles 0 hard 0 soft 0 temp 0.30 loss 0.74 i_con 3.67 plddt 0.43 ptm 0.87 i_ptm 0.37 energy -59.64
137 models [1] recycles 0 hard 0 soft 0 temp 0.28 loss 0.46 i_con 3.45 plddt 0.52 ptm 0.90 i_ptm 0.55 energy -60.77
138 models [1] recycles 0 hard 0 soft 0 temp 0.26 loss 0.16 i_con 3.22 plddt 0.57 ptm 0.90 i_ptm 0.63 energy -62.08
139 models [0] recycles 0 hard 0 soft 0 temp 0.24 loss 0.53 i_con 3.61 plddt 0.42 ptm 0.88 i_ptm 0.41 energy -62.65
140 models [1] recycles 0 hard 0 soft 0 temp 0.22 loss 0.52 i_con 3.68 plddt 0.46 ptm 0.89 i_ptm 0.43 energy -64.16
141 models [1] recycles 0 hard 0 soft 0 temp 0.20 loss 0.24 i_con 3.41 plddt 0.50 ptm 0.90 i_ptm 0.58 energy -64.24
142 models [1] recycles 0 hard 0 soft 0 temp 0.18 loss 0.23 i_con 3.44 plddt 0.50 ptm 0.90 i_ptm 0.54 energy -65.12
143 models [1] recycles 0 hard 0 soft 0 temp 0.16 loss -0.13 i_con 3.13 plddt 0.51 ptm 0.90 i_ptm 0.62 energy -66.24
144 models [0] recycles 0 hard 0 soft 0 temp 0.14 loss 0.35 i_con 3.62 plddt 0.41 ptm 0.88 i_ptm 0.39 energy -66.65
145 models [0] recycles 0 hard 0 soft 0 temp 0.12 loss 0.30 i_con 3.65 plddt 0.48 ptm 0.88 i_ptm 0.47 energy -68.01
146 models [0] recycles 0 hard 0 soft 0 temp 0.10 loss 0.24 i_con 3.60 plddt 0.41 ptm 0.88 i_ptm 0.39 energy -68.34
147 models [0] recycles 0 hard 0 soft 0 temp 0.08 loss 0.13 i_con 3.56 plddt 0.47 ptm 0.88 i_ptm 0.47 energy -69.76
148 models [1] recycles 0 hard 0 soft 0 temp 0.06 loss -0.30 i_con 3.20 plddt 0.55 ptm 0.90 i_ptm 0.63 energy -70.84
149 models [1] recycles 0 hard 0 soft 0 temp 0.04 loss -0.30 i_con 3.24 plddt 0.56 ptm 0.90 i_ptm 0.61 energy -71.68
150 models [0] recycles 0 hard 0 soft 0 temp 0.02 loss -0.03 i_con 3.50 plddt 0.49 ptm 0.88 i_ptm 0.54 energy -71.67
151 models [0] recycles 0 hard 1 soft 0 temp 0.00 loss 1.18 i_con 3.81 plddt 0.39 ptm 0.88 i_ptm 0.39 energy -5.38
152 models [1] recycles 0 hard 1 soft 0 temp 0.00 loss 1.16 i_con 3.79 plddt 0.39 ptm 0.90 i_ptm 0.40 energy -5.38
153 models [0] recycles 0 hard 1 soft 0 temp 0.00 loss 1.18 i_con 3.81 plddt 0.39 ptm 0.88 i_ptm 0.39 energy -5.38
154 models [1] recycles 0 hard 1 soft 0 temp 0.00 loss 1.16 i_con 3.79 plddt 0.39 ptm 0.90 i_ptm 0.40 energy -5.38
155 models [0] recycles 0 hard 1 soft 0 temp 0.00 loss 1.18 i_con 3.81 plddt 0.39 ptm 0.88 i_ptm 0.39 energy -5.38
156 models [1] recycles 0 hard 1 soft 0 temp 0.00 loss 1.16 i_con 3.79 plddt 0.39 ptm 0.90 i_ptm 0.40 energy -5.38
157 models [0] recycles 0 hard 1 soft 0 temp 0.00 loss 1.18 i_con 3.81 plddt 0.39 ptm 0.88 i_ptm 0.39 energy -5.38
158 models [1] recycles 0 hard 1 soft 0 temp 0.00 loss 1.16 i_con 3.79 plddt 0.39 ptm 0.90 i_ptm 0.40 energy -5.38
159 models [0] recycles 0 hard 1 soft 0 temp 0.00 loss 1.18 i_con 3.81 plddt 0.39 ptm 0.88 i_ptm 0.39 energy -5.38
160 models [1] recycles 0 hard 1 soft 0 temp 0.00 loss 1.16 i_con 3.79 plddt 0.39 ptm 0.90 i_ptm 0.40 energy -5.38
161 models [1] recycles 0 hard 1 soft 0 temp 0.00 loss 1.16 i_con 3.79 plddt 0.39 ptm 0.90 i_ptm 0.40 energy -5.38
162 models [0] recycles 0 hard 1 soft 0 temp 0.00 loss 1.18 i_con 3.81 plddt 0.39 ptm 0.88 i_ptm 0.39 energy -5.38
163 models [0] recycles 0 hard 1 soft 0 temp 0.00 loss 1.18 i_con 3.81 plddt 0.39 ptm 0.88 i_ptm 0.39 energy -5.38
164 models [1] recycles 0 hard 1 soft 0 temp 0.00 loss 1.16 i_con 3.79 plddt 0.39 ptm 0.90 i_ptm 0.40 energy -5.38
165 models [1] recycles 0 hard 1 soft 0 temp 0.00 loss 1.16 i_con 3.79 plddt 0.39 ptm 0.90 i_ptm 0.40 energy -5.38
166 models [0] recycles 0 hard 1 soft 0 temp 0.00 loss 1.18 i_con 3.81 plddt 0.39 ptm 0.88 i_ptm 0.39 energy -5.38
167 models [1] recycles 0 hard 1 soft 0 temp 0.00 loss 1.16 i_con 3.79 plddt 0.39 ptm 0.90 i_ptm 0.40 energy -5.38
168 models [0] recycles 0 hard 1 soft 0 temp 0.00 loss 1.18 i_con 3.81 plddt 0.39 ptm 0.88 i_ptm 0.39 energy -5.38
169 models [0] recycles 0 hard 1 soft 0 temp 0.00 loss 1.18 i_con 3.81 plddt 0.39 ptm 0.88 i_ptm 0.39 energy -5.38
170 models [0] recycles 0 hard 1 soft 0 temp 0.00 loss 1.18 i_con 3.81 plddt 0.39 ptm 0.88 i_ptm 0.39 energy -5.38
171 models [0] recycles 0 hard 1 soft 0 temp 0.00 loss 1.18 i_con 3.81 plddt 0.39 ptm 0.88 i_ptm 0.39 energy -5.38
172 models [0] recycles 0 hard 1 soft 0 temp 0.00 loss 1.18 i_con 3.81 plddt 0.39 ptm 0.88 i_ptm 0.39 energy -5.38
173 models [0] recycles 0 hard 1 soft 0 temp 0.00 loss 1.18 i_con 3.81 plddt 0.39 ptm 0.88 i_ptm 0.39 energy -5.38
174 models [0] recycles 0 hard 1 soft 0 temp 0.00 loss 1.18 i_con 3.81 plddt 0.39 ptm 0.88 i_ptm 0.39 energy -5.38
175 models [1] recycles 0 hard 1 soft 0 temp 0.00 loss 1.16 i_con 3.79 plddt 0.39 ptm 0.90 i_ptm 0.40 energy -5.38
176 models [1] recycles 0 hard 1 soft 0 temp 0.00 loss 1.16 i_con 3.79 plddt 0.39 ptm 0.90 i_ptm 0.40 energy -5.38
177 models [0] recycles 0 hard 1 soft 0 temp 0.00 loss 1.18 i_con 3.81 plddt 0.39 ptm 0.88 i_ptm 0.39 energy -5.38
178 models [1] recycles 0 hard 1 soft 0 temp 0.00 loss 1.16 i_con 3.79 plddt 0.39 ptm 0.90 i_ptm 0.40 energy -5.38
179 models [0] recycles 0 hard 1 soft 0 temp 0.00 loss 1.18 i_con 3.81 plddt 0.39 ptm 0.88 i_ptm 0.39 energy -5.38
180 models [0] recycles 0 hard 1 soft 0 temp 0.00 loss 1.18 i_con 3.81 plddt 0.39 ptm 0.88 i_ptm 0.39 energy -5.38
  seq=DASGACADVMWLLFC  loss=1.1809  loss_af=3.8698  energy=-5.3778  i_ptm=0.3858
[20/20] seed=19 ...
1 models [1] recycles 0 hard 0 soft 1 temp 1 loss 8.01 i_con 7.59 plddt 0.50 ptm 0.88 i_ptm 0.09 energy 7.39
2 models [1] recycles 0 hard 0 soft 1 temp 1 loss 7.81 i_con 7.41 plddt 0.52 ptm 0.88 i_ptm 0.09 energy 6.91
3 models [0] recycles 0 hard 0 soft 1 temp 1 loss 7.82 i_con 7.45 plddt 0.53 ptm 0.86 i_ptm 0.14 energy 6.48
4 models [1] recycles 0 hard 0 soft 1 temp 1 loss 7.72 i_con 7.36 plddt 0.53 ptm 0.88 i_ptm 0.09 energy 6.19
5 models [1] recycles 0 hard 0 soft 1 temp 1 loss 7.34 i_con 7.01 plddt 0.53 ptm 0.88 i_ptm 0.08 energy 5.71
6 models [1] recycles 0 hard 0 soft 1 temp 1 loss 7.51 i_con 7.20 plddt 0.57 ptm 0.88 i_ptm 0.08 energy 5.39
7 models [0] recycles 0 hard 0 soft 1 temp 1 loss 7.29 i_con 6.99 plddt 0.53 ptm 0.86 i_ptm 0.14 energy 5.10
8 models [0] recycles 0 hard 0 soft 1 temp 1 loss 6.92 i_con 6.63 plddt 0.51 ptm 0.86 i_ptm 0.12 energy 4.83
9 models [1] recycles 0 hard 0 soft 1 temp 1 loss 6.88 i_con 6.60 plddt 0.53 ptm 0.88 i_ptm 0.08 energy 4.59
10 models [1] recycles 0 hard 0 soft 1 temp 1 loss 6.46 i_con 6.18 plddt 0.44 ptm 0.88 i_ptm 0.09 energy 4.41
11 models [0] recycles 0 hard 0 soft 1 temp 1 loss 5.93 i_con 5.67 plddt 0.43 ptm 0.86 i_ptm 0.12 energy 4.12
12 models [1] recycles 0 hard 0 soft 1 temp 1 loss 6.34 i_con 6.09 plddt 0.51 ptm 0.88 i_ptm 0.09 energy 4.03
13 models [0] recycles 0 hard 0 soft 1 temp 1 loss 5.35 i_con 5.10 plddt 0.42 ptm 0.86 i_ptm 0.12 energy 3.75
14 models [0] recycles 0 hard 0 soft 1 temp 1 loss 4.90 i_con 4.66 plddt 0.38 ptm 0.86 i_ptm 0.15 energy 3.59
15 models [0] recycles 0 hard 0 soft 1 temp 1 loss 5.01 i_con 4.77 plddt 0.36 ptm 0.87 i_ptm 0.13 energy 3.59
16 models [1] recycles 0 hard 0 soft 1 temp 1 loss 5.49 i_con 5.25 plddt 0.42 ptm 0.88 i_ptm 0.09 energy 3.51
17 models [1] recycles 0 hard 0 soft 1 temp 1 loss 5.43 i_con 5.20 plddt 0.39 ptm 0.88 i_ptm 0.10 energy 3.44
18 models [0] recycles 0 hard 0 soft 1 temp 1 loss 5.27 i_con 5.05 plddt 0.41 ptm 0.86 i_ptm 0.12 energy 3.25
19 models [1] recycles 0 hard 0 soft 1 temp 1 loss 5.20 i_con 4.97 plddt 0.37 ptm 0.88 i_ptm 0.13 energy 3.43
20 models [0] recycles 0 hard 0 soft 1 temp 1 loss 4.67 i_con 4.46 plddt 0.38 ptm 0.87 i_ptm 0.20 energy 2.85
21 models [0] recycles 0 hard 0 soft 1 temp 1 loss 4.63 i_con 4.46 plddt 0.39 ptm 0.87 i_ptm 0.21 energy 2.31
22 models [0] recycles 0 hard 0 soft 1 temp 1 loss 4.53 i_con 4.36 plddt 0.37 ptm 0.87 i_ptm 0.23 energy 1.97
23 models [0] recycles 0 hard 0 soft 1 temp 1 loss 4.81 i_con 4.67 plddt 0.37 ptm 0.87 i_ptm 0.18 energy 1.51
24 models [1] recycles 0 hard 0 soft 1 temp 1 loss 5.06 i_con 4.92 plddt 0.38 ptm 0.88 i_ptm 0.14 energy 1.56
25 models [0] recycles 0 hard 0 soft 1 temp 1 loss 4.79 i_con 4.64 plddt 0.41 ptm 0.87 i_ptm 0.21 energy 1.68
26 models [1] recycles 0 hard 0 soft 1 temp 1 loss 5.13 i_con 4.99 plddt 0.36 ptm 0.88 i_ptm 0.13 energy 1.46
27 models [0] recycles 0 hard 0 soft 1 temp 1 loss 4.42 i_con 4.29 plddt 0.41 ptm 0.87 i_ptm 0.24 energy 1.39
28 models [1] recycles 0 hard 0 soft 1 temp 1 loss 5.27 i_con 5.16 plddt 0.36 ptm 0.88 i_ptm 0.11 energy 0.91
29 models [1] recycles 0 hard 0 soft 1 temp 1 loss 5.57 i_con 5.48 plddt 0.39 ptm 0.88 i_ptm 0.09 energy 0.60
30 models [0] recycles 0 hard 0 soft 1 temp 1 loss 4.46 i_con 4.36 plddt 0.41 ptm 0.87 i_ptm 0.24 energy 0.88
31 models [0] recycles 0 hard 0 soft 1 temp 1 loss 4.46 i_con 4.39 plddt 0.37 ptm 0.87 i_ptm 0.22 energy 0.11
32 models [1] recycles 0 hard 0 soft 1 temp 1 loss 4.92 i_con 4.86 plddt 0.39 ptm 0.88 i_ptm 0.17 energy 0.01
33 models [1] recycles 0 hard 0 soft 1 temp 1 loss 4.84 i_con 4.80 plddt 0.36 ptm 0.88 i_ptm 0.14 energy -0.48
34 models [1] recycles 0 hard 0 soft 1 temp 1 loss 5.25 i_con 5.24 plddt 0.40 ptm 0.88 i_ptm 0.10 energy -0.89
35 models [0] recycles 0 hard 0 soft 1 temp 1 loss 4.53 i_con 4.52 plddt 0.40 ptm 0.87 i_ptm 0.24 energy -0.96
36 models [0] recycles 0 hard 0 soft 1 temp 1 loss 4.57 i_con 4.53 plddt 0.40 ptm 0.87 i_ptm 0.22 energy -0.50
37 models [0] recycles 0 hard 0 soft 1 temp 1 loss 4.40 i_con 4.38 plddt 0.38 ptm 0.87 i_ptm 0.23 energy -0.84
38 models [0] recycles 0 hard 0 soft 1 temp 1 loss 4.52 i_con 4.50 plddt 0.40 ptm 0.87 i_ptm 0.23 energy -0.86
39 models [1] recycles 0 hard 0 soft 1 temp 1 loss 4.99 i_con 4.96 plddt 0.39 ptm 0.88 i_ptm 0.13 energy -0.63
40 models [0] recycles 0 hard 0 soft 1 temp 1 loss 4.33 i_con 4.30 plddt 0.38 ptm 0.87 i_ptm 0.27 energy -0.57
41 models [1] recycles 0 hard 0 soft 1 temp 1 loss 5.14 i_con 5.11 plddt 0.37 ptm 0.88 i_ptm 0.10 energy -0.68
42 models [0] recycles 0 hard 0 soft 1 temp 1 loss 4.27 i_con 4.24 plddt 0.40 ptm 0.87 i_ptm 0.26 energy -0.58
43 models [1] recycles 0 hard 0 soft 1 temp 1 loss 5.12 i_con 5.11 plddt 0.36 ptm 0.88 i_ptm 0.13 energy -1.23
44 models [0] recycles 0 hard 0 soft 1 temp 1 loss 4.33 i_con 4.34 plddt 0.41 ptm 0.87 i_ptm 0.27 energy -1.38
45 models [0] recycles 0 hard 0 soft 1 temp 1 loss 4.21 i_con 4.22 plddt 0.38 ptm 0.87 i_ptm 0.27 energy -1.39
46 models [0] recycles 0 hard 0 soft 1 temp 1 loss 4.24 i_con 4.26 plddt 0.39 ptm 0.87 i_ptm 0.27 energy -1.68
47 models [0] recycles 0 hard 0 soft 1 temp 1 loss 4.40 i_con 4.43 plddt 0.41 ptm 0.87 i_ptm 0.24 energy -1.66
48 models [0] recycles 0 hard 0 soft 1 temp 1 loss 4.18 i_con 4.20 plddt 0.41 ptm 0.87 i_ptm 0.28 energy -1.71
49 models [1] recycles 0 hard 0 soft 1 temp 1 loss 5.06 i_con 5.10 plddt 0.36 ptm 0.88 i_ptm 0.12 energy -2.04
50 models [1] recycles 0 hard 0 soft 1 temp 1 loss 4.89 i_con 4.92 plddt 0.40 ptm 0.88 i_ptm 0.16 energy -1.97
51 models [1] recycles 0 hard 0 soft 1 temp 1 loss 4.29 i_con 4.66 plddt 0.35 ptm 0.88 i_ptm 0.21 energy -2.15
52 models [0] recycles 0 hard 0 soft 1 temp 1 loss 4.14 i_con 4.54 plddt 0.38 ptm 0.87 i_ptm 0.24 energy -2.36
53 models [1] recycles 0 hard 0 soft 1 temp 1 loss 4.31 i_con 4.71 plddt 0.40 ptm 0.88 i_ptm 0.20 energy -2.26
54 models [1] recycles 0 hard 0 soft 1 temp 1 loss 4.57 i_con 4.99 plddt 0.36 ptm 0.88 i_ptm 0.14 energy -2.39
55 models [1] recycles 0 hard 0 soft 1 temp 1 loss 4.37 i_con 4.82 plddt 0.39 ptm 0.88 i_ptm 0.21 energy -2.55
56 models [1] recycles 0 hard 0 soft 1 temp 1 loss 4.54 i_con 4.97 plddt 0.36 ptm 0.88 i_ptm 0.15 energy -2.46
57 models [0] recycles 0 hard 0 soft 1 temp 1 loss 3.79 i_con 4.24 plddt 0.43 ptm 0.87 i_ptm 0.30 energy -2.54
58 models [0] recycles 0 hard 0 soft 1 temp 1 loss 3.61 i_con 4.05 plddt 0.42 ptm 0.87 i_ptm 0.32 energy -2.51
59 models [1] recycles 0 hard 0 soft 1 temp 1 loss 4.21 i_con 4.69 plddt 0.36 ptm 0.88 i_ptm 0.21 energy -2.73
60 models [0] recycles 0 hard 0 soft 1 temp 1 loss 3.98 i_con 4.47 plddt 0.44 ptm 0.87 i_ptm 0.26 energy -2.72
61 models [1] recycles 0 hard 0 soft 1 temp 1 loss 4.41 i_con 4.88 plddt 0.38 ptm 0.88 i_ptm 0.14 energy -2.69
62 models [1] recycles 0 hard 0 soft 1 temp 1 loss 3.94 i_con 4.44 plddt 0.38 ptm 0.89 i_ptm 0.23 energy -2.86
63 models [1] recycles 0 hard 0 soft 1 temp 1 loss 3.98 i_con 4.47 plddt 0.35 ptm 0.88 i_ptm 0.23 energy -2.75
64 models [0] recycles 0 hard 0 soft 1 temp 1 loss 3.85 i_con 4.38 plddt 0.40 ptm 0.87 i_ptm 0.29 energy -2.96
65 models [1] recycles 0 hard 0 soft 1 temp 1 loss 3.83 i_con 4.41 plddt 0.38 ptm 0.88 i_ptm 0.25 energy -3.22
66 models [0] recycles 0 hard 0 soft 1 temp 1 loss 3.61 i_con 4.17 plddt 0.41 ptm 0.87 i_ptm 0.29 energy -3.13
67 models [0] recycles 0 hard 0 soft 1 temp 1 loss 3.81 i_con 4.44 plddt 0.38 ptm 0.87 i_ptm 0.27 energy -3.44
68 models [0] recycles 0 hard 0 soft 1 temp 1 loss 3.64 i_con 4.31 plddt 0.41 ptm 0.87 i_ptm 0.26 energy -3.61
69 models [1] recycles 0 hard 0 soft 1 temp 1 loss 3.81 i_con 4.47 plddt 0.38 ptm 0.88 i_ptm 0.23 energy -3.63
70 models [1] recycles 0 hard 0 soft 1 temp 1 loss 3.89 i_con 4.55 plddt 0.34 ptm 0.89 i_ptm 0.21 energy -3.60
71 models [0] recycles 0 hard 0 soft 1 temp 1 loss 3.56 i_con 4.25 plddt 0.41 ptm 0.87 i_ptm 0.29 energy -3.73
72 models [1] recycles 0 hard 0 soft 1 temp 1 loss 3.81 i_con 4.52 plddt 0.38 ptm 0.88 i_ptm 0.25 energy -3.87
73 models [0] recycles 0 hard 0 soft 1 temp 1 loss 3.48 i_con 4.23 plddt 0.40 ptm 0.87 i_ptm 0.32 energy -4.02
74 models [1] recycles 0 hard 0 soft 1 temp 1 loss 3.68 i_con 4.42 plddt 0.36 ptm 0.88 i_ptm 0.24 energy -3.98
75 models [0] recycles 0 hard 0 soft 1 temp 1 loss 3.45 i_con 4.19 plddt 0.39 ptm 0.87 i_ptm 0.26 energy -3.97
76 models [0] recycles 0 hard 0 soft 1 temp 1 loss 3.39 i_con 4.18 plddt 0.41 ptm 0.87 i_ptm 0.30 energy -4.22
77 models [1] recycles 0 hard 0 soft 1 temp 1 loss 3.75 i_con 4.47 plddt 0.39 ptm 0.88 i_ptm 0.22 energy -3.91
78 models [0] recycles 0 hard 0 soft 1 temp 1 loss 3.42 i_con 4.23 plddt 0.41 ptm 0.87 i_ptm 0.29 energy -4.30
79 models [0] recycles 0 hard 0 soft 1 temp 1 loss 3.33 i_con 4.06 plddt 0.42 ptm 0.87 i_ptm 0.32 energy -3.95
80 models [0] recycles 0 hard 0 soft 1 temp 1 loss 3.33 i_con 4.14 plddt 0.41 ptm 0.87 i_ptm 0.30 energy -4.33
81 models [1] recycles 0 hard 0 soft 1 temp 1 loss 3.77 i_con 4.59 plddt 0.36 ptm 0.89 i_ptm 0.22 energy -4.42
82 models [1] recycles 0 hard 0 soft 1 temp 1 loss 3.86 i_con 4.65 plddt 0.39 ptm 0.88 i_ptm 0.20 energy -4.26
83 models [1] recycles 0 hard 0 soft 1 temp 1 loss 3.41 i_con 4.20 plddt 0.40 ptm 0.89 i_ptm 0.28 energy -4.25
84 models [0] recycles 0 hard 0 soft 1 temp 1 loss 3.63 i_con 4.49 plddt 0.41 ptm 0.87 i_ptm 0.23 energy -4.59
85 models [0] recycles 0 hard 0 soft 1 temp 1 loss 3.55 i_con 4.39 plddt 0.44 ptm 0.87 i_ptm 0.28 energy -4.48
86 models [0] recycles 0 hard 0 soft 1 temp 1 loss 3.14 i_con 4.00 plddt 0.44 ptm 0.88 i_ptm 0.33 energy -4.58
87 models [1] recycles 0 hard 0 soft 1 temp 1 loss 3.48 i_con 4.34 plddt 0.39 ptm 0.88 i_ptm 0.23 energy -4.57
88 models [1] recycles 0 hard 0 soft 1 temp 1 loss 3.46 i_con 4.30 plddt 0.38 ptm 0.89 i_ptm 0.24 energy -4.48
89 models [1] recycles 0 hard 0 soft 1 temp 1 loss 3.44 i_con 4.27 plddt 0.37 ptm 0.89 i_ptm 0.24 energy -4.48
90 models [0] recycles 0 hard 0 soft 1 temp 1 loss 3.36 i_con 4.23 plddt 0.40 ptm 0.87 i_ptm 0.26 energy -4.64
91 models [0] recycles 0 hard 0 soft 1 temp 1 loss 3.29 i_con 4.18 plddt 0.42 ptm 0.87 i_ptm 0.29 energy -4.74
92 models [0] recycles 0 hard 0 soft 1 temp 1 loss 3.24 i_con 4.12 plddt 0.39 ptm 0.87 i_ptm 0.30 energy -4.70
93 models [1] recycles 0 hard 0 soft 1 temp 1 loss 3.45 i_con 4.33 plddt 0.36 ptm 0.88 i_ptm 0.23 energy -4.74
94 models [1] recycles 0 hard 0 soft 1 temp 1 loss 3.18 i_con 4.06 plddt 0.40 ptm 0.89 i_ptm 0.30 energy -4.67
95 models [1] recycles 0 hard 0 soft 1 temp 1 loss 3.36 i_con 4.23 plddt 0.38 ptm 0.89 i_ptm 0.24 energy -4.66
96 models [1] recycles 0 hard 0 soft 1 temp 1 loss 3.53 i_con 4.41 plddt 0.36 ptm 0.88 i_ptm 0.19 energy -4.74
97 models [1] recycles 0 hard 0 soft 1 temp 1 loss 3.13 i_con 3.99 plddt 0.40 ptm 0.89 i_ptm 0.32 energy -4.63
98 models [1] recycles 0 hard 0 soft 1 temp 1 loss 3.11 i_con 4.00 plddt 0.41 ptm 0.89 i_ptm 0.32 energy -4.76
99 models [0] recycles 0 hard 0 soft 1 temp 1 loss 3.24 i_con 4.10 plddt 0.38 ptm 0.87 i_ptm 0.30 energy -4.61
100 models [1] recycles 0 hard 0 soft 1 temp 1 loss 3.07 i_con 3.97 plddt 0.38 ptm 0.89 i_ptm 0.32 energy -4.80
101 models [0] recycles 0 hard 0 soft 0 temp 1 loss 4.49 i_con 5.73 plddt 0.40 ptm 0.87 i_ptm 0.18 energy -26.07
102 models [1] recycles 0 hard 0 soft 0 temp 0.98 loss 5.69 i_con 6.94 plddt 0.48 ptm 0.88 i_ptm 0.13 energy -25.95
103 models [0] recycles 0 hard 0 soft 0 temp 0.96 loss 3.90 i_con 5.13 plddt 0.38 ptm 0.87 i_ptm 0.23 energy -25.99
104 models [0] recycles 0 hard 0 soft 0 temp 0.94 loss 3.18 i_con 4.42 plddt 0.42 ptm 0.87 i_ptm 0.26 energy -26.02
105 models [1] recycles 0 hard 0 soft 0 temp 0.92 loss 3.53 i_con 4.78 plddt 0.33 ptm 0.89 i_ptm 0.18 energy -26.36
106 models [0] recycles 0 hard 0 soft 0 temp 0.90 loss 2.96 i_con 4.20 plddt 0.33 ptm 0.87 i_ptm 0.26 energy -26.14
107 models [1] recycles 0 hard 0 soft 0 temp 0.88 loss 2.92 i_con 4.20 plddt 0.38 ptm 0.89 i_ptm 0.27 energy -26.90
108 models [1] recycles 0 hard 0 soft 0 temp 0.86 loss 2.71 i_con 4.01 plddt 0.37 ptm 0.89 i_ptm 0.28 energy -27.26
109 models [1] recycles 0 hard 0 soft 0 temp 0.84 loss 2.50 i_con 3.84 plddt 0.39 ptm 0.89 i_ptm 0.37 energy -28.06
110 models [0] recycles 0 hard 0 soft 0 temp 0.82 loss 2.49 i_con 3.87 plddt 0.39 ptm 0.87 i_ptm 0.40 energy -28.79
111 models [1] recycles 0 hard 0 soft 0 temp 0.80 loss 2.42 i_con 3.86 plddt 0.38 ptm 0.89 i_ptm 0.37 energy -30.02
112 models [0] recycles 0 hard 0 soft 0 temp 0.78 loss 2.30 i_con 3.78 plddt 0.37 ptm 0.88 i_ptm 0.38 energy -30.96
113 models [1] recycles 0 hard 0 soft 0 temp 0.76 loss 2.17 i_con 3.70 plddt 0.40 ptm 0.89 i_ptm 0.41 energy -31.81
114 models [1] recycles 0 hard 0 soft 0 temp 0.74 loss 2.20 i_con 3.77 plddt 0.38 ptm 0.90 i_ptm 0.39 energy -32.67
115 models [0] recycles 0 hard 0 soft 0 temp 0.72 loss 2.07 i_con 3.73 plddt 0.38 ptm 0.88 i_ptm 0.39 energy -34.38
116 models [0] recycles 0 hard 0 soft 0 temp 0.70 loss 2.04 i_con 3.77 plddt 0.40 ptm 0.88 i_ptm 0.42 energy -35.85
117 models [0] recycles 0 hard 0 soft 0 temp 0.68 loss 1.80 i_con 3.61 plddt 0.42 ptm 0.88 i_ptm 0.45 energy -37.34
118 models [1] recycles 0 hard 0 soft 0 temp 0.66 loss 1.71 i_con 3.57 plddt 0.42 ptm 0.89 i_ptm 0.46 energy -38.32
119 models [0] recycles 0 hard 0 soft 0 temp 0.64 loss 1.74 i_con 3.64 plddt 0.41 ptm 0.88 i_ptm 0.43 energy -39.14
120 models [0] recycles 0 hard 0 soft 0 temp 0.62 loss 1.63 i_con 3.56 plddt 0.40 ptm 0.88 i_ptm 0.50 energy -39.94
121 models [0] recycles 0 hard 0 soft 0 temp 0.60 loss 1.52 i_con 3.48 plddt 0.43 ptm 0.88 i_ptm 0.54 energy -40.44
122 models [0] recycles 0 hard 0 soft 0 temp 0.58 loss 1.73 i_con 3.73 plddt 0.42 ptm 0.88 i_ptm 0.41 energy -41.16
123 models [0] recycles 0 hard 0 soft 0 temp 0.56 loss 1.38 i_con 3.44 plddt 0.42 ptm 0.88 i_ptm 0.55 energy -42.29
124 models [1] recycles 0 hard 0 soft 0 temp 0.54 loss 1.56 i_con 3.67 plddt 0.41 ptm 0.89 i_ptm 0.43 energy -43.55
125 models [0] recycles 0 hard 0 soft 0 temp 0.52 loss 1.51 i_con 3.67 plddt 0.39 ptm 0.88 i_ptm 0.47 energy -44.44
126 models [0] recycles 0 hard 0 soft 0 temp 0.50 loss 1.39 i_con 3.61 plddt 0.40 ptm 0.88 i_ptm 0.50 energy -45.49
127 models [0] recycles 0 hard 0 soft 0 temp 0.48 loss 1.31 i_con 3.58 plddt 0.39 ptm 0.88 i_ptm 0.47 energy -46.65
128 models [1] recycles 0 hard 0 soft 0 temp 0.46 loss 1.41 i_con 3.73 plddt 0.39 ptm 0.90 i_ptm 0.42 energy -47.70
129 models [0] recycles 0 hard 0 soft 0 temp 0.44 loss 1.21 i_con 3.59 plddt 0.37 ptm 0.88 i_ptm 0.46 energy -48.85
130 models [1] recycles 0 hard 0 soft 0 temp 0.42 loss 1.08 i_con 3.48 plddt 0.43 ptm 0.90 i_ptm 0.52 energy -49.12
131 models [0] recycles 0 hard 0 soft 0 temp 0.40 loss 0.89 i_con 3.34 plddt 0.45 ptm 0.88 i_ptm 0.57 energy -49.90
132 models [0] recycles 0 hard 0 soft 0 temp 0.38 loss 1.17 i_con 3.64 plddt 0.39 ptm 0.88 i_ptm 0.43 energy -50.76
133 models [0] recycles 0 hard 0 soft 0 temp 0.36 loss 1.24 i_con 3.76 plddt 0.41 ptm 0.88 i_ptm 0.41 energy -51.73
134 models [0] recycles 0 hard 0 soft 0 temp 0.34 loss 1.06 i_con 3.62 plddt 0.38 ptm 0.88 i_ptm 0.45 energy -52.47
135 models [0] recycles 0 hard 0 soft 0 temp 0.32 loss 0.82 i_con 3.43 plddt 0.41 ptm 0.88 i_ptm 0.51 energy -53.30
136 models [1] recycles 0 hard 0 soft 0 temp 0.30 loss 1.07 i_con 3.70 plddt 0.40 ptm 0.90 i_ptm 0.46 energy -53.78
137 models [0] recycles 0 hard 0 soft 0 temp 0.28 loss 0.80 i_con 3.44 plddt 0.43 ptm 0.88 i_ptm 0.56 energy -53.94
138 models [0] recycles 0 hard 0 soft 0 temp 0.26 loss 0.98 i_con 3.65 plddt 0.39 ptm 0.88 i_ptm 0.42 energy -54.64
139 models [0] recycles 0 hard 0 soft 0 temp 0.24 loss 1.00 i_con 3.71 plddt 0.41 ptm 0.88 i_ptm 0.43 energy -55.37
140 models [1] recycles 0 hard 0 soft 0 temp 0.22 loss 0.94 i_con 3.73 plddt 0.42 ptm 0.90 i_ptm 0.44 energy -56.82
141 models [0] recycles 0 hard 0 soft 0 temp 0.20 loss 0.49 i_con 3.30 plddt 0.45 ptm 0.88 i_ptm 0.57 energy -57.42
142 models [0] recycles 0 hard 0 soft 0 temp 0.18 loss 0.53 i_con 3.36 plddt 0.45 ptm 0.88 i_ptm 0.58 energy -57.61
143 models [0] recycles 0 hard 0 soft 0 temp 0.16 loss 0.23 i_con 3.07 plddt 0.46 ptm 0.88 i_ptm 0.62 energy -57.96
144 models [1] recycles 0 hard 0 soft 0 temp 0.14 loss 0.57 i_con 3.42 plddt 0.42 ptm 0.90 i_ptm 0.55 energy -58.21
145 models [0] recycles 0 hard 0 soft 0 temp 0.12 loss 0.39 i_con 3.24 plddt 0.44 ptm 0.89 i_ptm 0.59 energy -58.14
146 models [0] recycles 0 hard 0 soft 0 temp 0.10 loss -0.18 i_con 2.68 plddt 0.51 ptm 0.89 i_ptm 0.70 energy -58.15
147 models [1] recycles 0 hard 0 soft 0 temp 0.08 loss 0.30 i_con 3.17 plddt 0.45 ptm 0.90 i_ptm 0.63 energy -58.43
148 models [0] recycles 0 hard 0 soft 0 temp 0.06 loss -0.16 i_con 2.72 plddt 0.50 ptm 0.89 i_ptm 0.70 energy -58.61
149 models [0] recycles 0 hard 0 soft 0 temp 0.04 loss 0.49 i_con 3.41 plddt 0.42 ptm 0.88 i_ptm 0.53 energy -59.55
150 models [0] recycles 0 hard 0 soft 0 temp 0.02 loss -0.17 i_con 2.76 plddt 0.48 ptm 0.89 i_ptm 0.65 energy -59.73
151 models [0] recycles 0 hard 1 soft 0 temp 0.00 loss 1.67 i_con 3.81 plddt 0.35 ptm 0.88 i_ptm 0.39 energy -4.40
152 models [1] recycles 0 hard 1 soft 0 temp 0.00 loss 1.86 i_con 3.99 plddt 0.35 ptm 0.89 i_ptm 0.31 energy -4.40
153 models [0] recycles 0 hard 1 soft 0 temp 0.00 loss 1.67 i_con 3.81 plddt 0.35 ptm 0.88 i_ptm 0.39 energy -4.40
154 models [0] recycles 0 hard 1 soft 0 temp 0.00 loss 1.67 i_con 3.81 plddt 0.35 ptm 0.88 i_ptm 0.39 energy -4.40
155 models [0] recycles 0 hard 1 soft 0 temp 0.00 loss 1.67 i_con 3.81 plddt 0.35 ptm 0.88 i_ptm 0.39 energy -4.40
156 models [1] recycles 0 hard 1 soft 0 temp 0.00 loss 1.86 i_con 3.99 plddt 0.35 ptm 0.89 i_ptm 0.31 energy -4.40
157 models [1] recycles 0 hard 1 soft 0 temp 0.00 loss 1.86 i_con 3.99 plddt 0.35 ptm 0.89 i_ptm 0.31 energy -4.40
158 models [0] recycles 0 hard 1 soft 0 temp 0.00 loss 1.67 i_con 3.81 plddt 0.35 ptm 0.88 i_ptm 0.39 energy -4.40
159 models [1] recycles 0 hard 1 soft 0 temp 0.00 loss 1.86 i_con 3.99 plddt 0.35 ptm 0.89 i_ptm 0.31 energy -4.40
160 models [1] recycles 0 hard 1 soft 0 temp 0.00 loss 1.86 i_con 3.99 plddt 0.35 ptm 0.89 i_ptm 0.31 energy -4.40
161 models [1] recycles 0 hard 1 soft 0 temp 0.00 loss 1.86 i_con 3.99 plddt 0.35 ptm 0.89 i_ptm 0.31 energy -4.40
162 models [0] recycles 0 hard 1 soft 0 temp 0.00 loss 1.67 i_con 3.81 plddt 0.35 ptm 0.88 i_ptm 0.39 energy -4.40
163 models [1] recycles 0 hard 1 soft 0 temp 0.00 loss 1.86 i_con 3.99 plddt 0.35 ptm 0.89 i_ptm 0.31 energy -4.40
164 models [0] recycles 0 hard 1 soft 0 temp 0.00 loss 1.67 i_con 3.81 plddt 0.35 ptm 0.88 i_ptm 0.39 energy -4.40
165 models [0] recycles 0 hard 1 soft 0 temp 0.00 loss 1.67 i_con 3.81 plddt 0.35 ptm 0.88 i_ptm 0.39 energy -4.40
166 models [0] recycles 0 hard 1 soft 0 temp 0.00 loss 1.67 i_con 3.81 plddt 0.35 ptm 0.88 i_ptm 0.39 energy -4.40
167 models [0] recycles 0 hard 1 soft 0 temp 0.00 loss 1.67 i_con 3.81 plddt 0.35 ptm 0.88 i_ptm 0.39 energy -4.40
168 models [0] recycles 0 hard 1 soft 0 temp 0.00 loss 1.67 i_con 3.81 plddt 0.35 ptm 0.88 i_ptm 0.39 energy -4.40
169 models [0] recycles 0 hard 1 soft 0 temp 0.00 loss 1.67 i_con 3.81 plddt 0.35 ptm 0.88 i_ptm 0.39 energy -4.40
170 models [0] recycles 0 hard 1 soft 0 temp 0.00 loss 1.67 i_con 3.81 plddt 0.35 ptm 0.88 i_ptm 0.39 energy -4.40
171 models [1] recycles 0 hard 1 soft 0 temp 0.00 loss 1.86 i_con 3.99 plddt 0.35 ptm 0.89 i_ptm 0.31 energy -4.40
172 models [0] recycles 0 hard 1 soft 0 temp 0.00 loss 1.67 i_con 3.81 plddt 0.35 ptm 0.88 i_ptm 0.39 energy -4.40
173 models [0] recycles 0 hard 1 soft 0 temp 0.00 loss 1.67 i_con 3.81 plddt 0.35 ptm 0.88 i_ptm 0.39 energy -4.40
174 models [1] recycles 0 hard 1 soft 0 temp 0.00 loss 1.86 i_con 3.99 plddt 0.35 ptm 0.89 i_ptm 0.31 energy -4.40
175 models [0] recycles 0 hard 1 soft 0 temp 0.00 loss 1.67 i_con 3.81 plddt 0.35 ptm 0.88 i_ptm 0.39 energy -4.40
176 models [1] recycles 0 hard 1 soft 0 temp 0.00 loss 1.86 i_con 3.99 plddt 0.35 ptm 0.89 i_ptm 0.31 energy -4.40
177 models [0] recycles 0 hard 1 soft 0 temp 0.00 loss 1.67 i_con 3.81 plddt 0.35 ptm 0.88 i_ptm 0.39 energy -4.40
178 models [0] recycles 0 hard 1 soft 0 temp 0.00 loss 1.67 i_con 3.81 plddt 0.35 ptm 0.88 i_ptm 0.39 energy -4.40
179 models [0] recycles 0 hard 1 soft 0 temp 0.00 loss 1.67 i_con 3.81 plddt 0.35 ptm 0.88 i_ptm 0.39 energy -4.40
180 models [0] recycles 0 hard 1 soft 0 temp 0.00 loss 1.67 i_con 3.81 plddt 0.35 ptm 0.88 i_ptm 0.39 energy -4.40
  seq=DDGGADIMLWWLMEC  loss=1.6723  loss_af=3.8713  energy=-4.3981  i_ptm=0.3906

Saved 20 results to /home/share_nfs/342-Projets_BGE/342.3-Gen-Chem/342.3.2-BioInfo/342.3.2.8-SeqModels/protein_design/colabdesign_energy_guidance/prg/PA_PB1/results/gen_energy_C.json

================================================================================
SUMMARY
================================================================================
 seed  loss_total   loss_af    energy   i_ptm     ptm   plddt  seq
--------------------------------------------------------------------------------
    0      1.7891    4.1479   -4.7175  0.3194  0.8936  0.3726  NWGSPAALLLFMCTC
    1      0.7873    3.8218   -6.0690  0.4296  0.8823  0.4251  LWSGPALEVLYYLFC
    2      1.2782    4.0080   -5.4597  0.3640  0.8785  0.3871  EIGGPALEVFLCCFC
    3      1.0384    3.9650   -5.8533  0.3575  0.8789  0.3917  LWGGPAAELLYYLFC
    4      0.5881    4.5736   -7.9709  0.2416  0.8891  0.3281  NIWGLAALLNFQGTC
    5      0.1938    3.9937   -7.5998  0.4016  0.8974  0.3762  NWTGLEWLLNFGGDC
    6     -0.0798    4.0580   -8.2755  0.2884  0.8759  0.3435  LWGGACCALNYIMFC
    7      0.2430    4.0552   -7.6243  0.2901  0.8929  0.3422  AIGGPPEDLLYCLFC
    8      1.3814    3.9885   -5.2142  0.3274  0.8774  0.4005  AWGGPAGVLLYYLFC
    9     -0.0125    3.2058   -6.4367  0.6783  0.9095  0.5390  AISGPALEVLYCIFC
   10     -0.0045    3.9144   -7.8378  0.3949  0.8965  0.3871  AIGGPCAQLNYLLFC
   11      0.8213    4.1552   -6.6678  0.3172  0.8781  0.3874  NWWSPALLLLFGCTC
   12      0.7391    4.0274   -6.5765  0.4065  0.8975  0.3896  NIAGLDLLLNLCLDC
   13      1.6783    3.8297   -4.3029  0.4293  0.8983  0.4274  LIGGPALEVLLCLFC
   14     -0.0045    3.9144   -7.8378  0.3949  0.8965  0.3871  AIGGPCAQLNYLLFC
   15      1.0900    3.8858   -5.5917  0.3851  0.8971  0.3816  LDGSPALLLLFQCEC
   16     -0.0125    3.2058   -6.4367  0.6783  0.9095  0.5390  AISGPALEVLYCIFC
   17      0.6768    4.1893   -7.0251  0.3075  0.8928  0.3884  EIGGLDAMLNYLLFC
   18      1.1809    3.8698   -5.3778  0.3858  0.8803  0.3938  DASGACADVMWLLFC
   19      1.6723    3.8713   -4.3981  0.3906  0.8797  0.3497  DDGGADIMLWWLMEC
---------------------------------------------
End time : Fri Apr  3 09:41:19 CEST 2026
