population,sequence,sigma_repliche,z_ensemble_mean,hamming_dist_to_training,var_x_given_a,alpha
bli,FDFNPYMLLLKLPAQ,0.6013350486755371,0.013249600306153297,0,,
bli,FDQNPWLLFLKMPYQ,0.7366052865982056,-1.3250163793563843,0,,
bli,IDFNPYLLFLKVPAQ,0.3582218885421753,-0.8188946843147278,0,,
bli,IDYNPWLLFLTRPQQ,0.23515066504478455,-2.0463082790374756,0,,
bli,IDYNPYLLFLKQPKQ,0.27092376351356506,-2.057220935821533,0,,
bli,LDFNPWFVFLKVPAQ,0.7859398126602173,-0.41475024819374084,0,,
bli,LDFNPWLLFLKLPAQ,0.5362104773521423,-1.42738938331604,0,,
bli,LDFNPYLIFLKMPAQ,0.6076698899269104,-0.15491883456707,0,,
bli,MDFNPWLLFLKVPAQ,1.0279816389083862,-0.7498329281806946,0,,
bli,MDFNPWMLFLKLPAQ,1.0255495309829712,-0.7172621488571167,0,,
bli,MDFNPYLLFLKKPKQ,0.258556991815567,-1.918524146080017,0,,
bli,MDFNPYLLFLRKPSQ,0.23972088098526,-1.8771765232086182,0,,
bli,MDWNPLLLHLKRPAQ,0.6331381797790527,0.524528980255127,2,,
bli,QDINPYLLFLKRPTQ,0.10008299350738525,-1.3028632402420044,0,,
bli,QDMNPYLLFLWKPKQ,0.15706486999988556,-1.5842573642730713,0,,
bli,QDYNPYLLFLKKPKQ,0.20283395051956177,-1.389714241027832,0,,
bli,TDYNPWLLFLKQPEQ,0.5347762107849121,-1.8717079162597656,0,,
bli,VDFNPWLLFLKLPAQ,0.1411556899547577,-1.8077175617218018,0,,
bli,VDFNPWLLFLKVPAQ,0.212242990732193,-1.969812035560608,0,,
bli,VDYNPWLLFLRKPKQ,0.243710458278656,-1.4013217687606812,0,,
bli,WDMNPWLLFLKLPRQ,0.37929290533065796,-1.0626775026321411,1,,
bli,WDYNPWLLFLRQPQQ,0.22982798516750336,-1.9190073013305664,0,,
bli,YDINPYLLFLKKPQQ,0.1371922492980957,-1.8831838369369507,0,,
cluster_representative,VDYNPWLLFLAQPWQ,0.18647412955760956,-1.9635730981826782,0,,
cluster_representative,MDFNPWLLFLKVPAQ,1.0279816389083862,-0.7498329281806946,0,,
cluster_representative,QDYNPYLLFLKKPKQ,0.20283395051956177,-1.389714241027832,0,,
cluster_representative,YDVNPYLLFLSQPRQ,1.8183815479278564,0.2928154170513153,0,,
cluster_representative,QDLNPWLLFLRLPVQ,0.13633917272090912,-1.4718620777130127,0,,
cluster_representative,FDFNPYMLLLKLPAQ,0.6013350486755371,0.013249600306153297,0,,
cluster_representative,GDRNPKGRRRKRPAQ,0.3621911108493805,0.7629600763320923,0,,
cluster_representative,LDFNPYFVFLKFPAQ,0.6095522046089172,0.02535880170762539,0,,
cluster_representative,MDYNPLLLFLRRPLQ,0.4292070269584656,1.1686079502105713,0,,
cluster_representative,YDMNPWLLFLQRPKQ,0.8931036591529846,0.6550900936126709,0,,
cluster_representative,VDINPYLLFLQYPIQ,1.0648458003997803,-0.38788729906082153,0,,
cluster_representative,GGQESEEEEEERAGA,0.6456208825111389,1.8184478282928467,0,,
cluster_representative,IDINPWLLFLYKPQQ,1.1280518770217896,-0.9415206909179688,0,,
cluster_representative,FDWNPFLVLLKVPAQ,0.680816113948822,0.7969459891319275,0,,
cluster_representative,GDSNPRRSRRKGPAQ,0.4867855906486511,0.9634691476821899,0,,
cluster_representative,GDGNPRGGGGKGRRR,0.6576290130615234,1.2568604946136475,0,,
cluster_representative,VDLNPWLVWLKLPAQ,0.5953567624092102,0.07880900800228119,0,,
cluster_representative,VDGGPLLLFLSGPVQ,1.4462318420410156,-0.6965194940567017,0,,
cluster_representative,GDGNPREEGEERAGA,0.6182030439376831,1.7580463886260986,0,,
cluster_representative,RDGNPKRGEEERAGA,0.6844217777252197,1.8308109045028687,0,,
dirichlet,,0.6469231843948364,1.8936679363250732,9,0.11919840425252914,0.049999999999999996
dirichlet,,0.4430343210697174,1.7620792388916016,11,0.26088839769363403,0.049999999999999996
dirichlet,,0.6519665122032166,1.4936949014663696,10,0.16018249094486237,0.049999999999999996
dirichlet,,0.306516170501709,1.2444993257522583,11,0.12035302817821503,0.049999999999999996
dirichlet,,0.3390883803367615,1.253462553024292,11,0.07015950977802277,0.049999999999999996
dirichlet,,0.44098931550979614,1.5725172758102417,10,0.08460256457328796,0.049999999999999996
dirichlet,,0.39898261427879333,1.8003489971160889,11,0.09481728821992874,0.049999999999999996
dirichlet,,0.6385774612426758,1.43057382106781,11,0.20161542296409607,0.049999999999999996
dirichlet,,0.4743748903274536,1.4619548320770264,11,0.12697012722492218,0.049999999999999996
dirichlet,,0.3090566098690033,1.6619975566864014,11,0.12760920822620392,0.049999999999999996
dirichlet,,0.3831574320793152,1.813940405845642,10,0.11129409819841385,0.049999999999999996
dirichlet,,0.4835614264011383,1.730099081993103,12,0.12811709940433502,0.049999999999999996
dirichlet,,0.42478689551353455,1.6146271228790283,11,0.07919975370168686,0.049999999999999996
dirichlet,,0.4043330252170563,0.8616717457771301,11,0.08939799666404724,0.049999999999999996
dirichlet,,0.5985326766967773,2.1859662532806396,11,0.1298229843378067,0.049999999999999996
dirichlet,,0.31216877698898315,1.2767059803009033,11,0.0940537378191948,0.049999999999999996
dirichlet,,0.41579675674438477,0.9182397127151489,10,0.11865361034870148,0.049999999999999996
dirichlet,,0.5241773128509521,0.7914435267448425,10,0.06228169798851013,0.049999999999999996
dirichlet,,0.654035210609436,1.3812916278839111,10,0.11731719970703125,0.049999999999999996
dirichlet,,0.33061683177948,1.4938974380493164,11,0.1216178610920906,0.049999999999999996
dirichlet,,0.3405187129974365,1.2271708250045776,11,0.08177487552165985,0.049999999999999996
dirichlet,,0.39805319905281067,1.4071203470230103,11,0.13589534163475037,0.049999999999999996
dirichlet,,0.49366480112075806,1.3792235851287842,11,0.11590541899204254,0.049999999999999996
dirichlet,,0.47402170300483704,1.5278626680374146,10,0.2114921659231186,0.049999999999999996
dirichlet,,0.8167577385902405,2.362119197845459,10,0.07572560012340546,0.049999999999999996
dirichlet,,0.4955950379371643,1.3108086585998535,11,0.13953161239624023,0.049999999999999996
dirichlet,,0.545665979385376,1.0666865110397339,11,0.07777848839759827,0.049999999999999996
dirichlet,,0.36714866757392883,1.4970782995224,12,0.14697980880737305,0.049999999999999996
dirichlet,,0.815872848033905,1.73202645778656,10,0.12067760527133942,0.049999999999999996
dirichlet,,0.7110021114349365,2.1564218997955322,11,0.09285213053226471,0.049999999999999996
dirichlet,,0.5816338062286377,1.589621901512146,11,0.061567265540361404,0.049999999999999996
dirichlet,,0.43877822160720825,1.8988115787506104,9,0.10775738954544067,0.049999999999999996
dirichlet,,0.4416278600692749,1.7533559799194336,9,0.04450288042426109,0.049999999999999996
dirichlet,,0.400617778301239,1.247192144393921,11,0.10219214111566544,0.049999999999999996
dirichlet,,0.3787364363670349,0.9870439767837524,11,0.2104070782661438,0.049999999999999996
dirichlet,,0.5539969801902771,1.6366218328475952,9,0.2004627287387848,0.049999999999999996
dirichlet,,0.5922361016273499,1.8408153057098389,11,0.09771448373794556,0.049999999999999996
dirichlet,,0.36779266595840454,2.082043409347534,10,0.20003408193588257,0.049999999999999996
dirichlet,,0.39181429147720337,2.4512290954589844,12,0.1357583999633789,0.049999999999999996
dirichlet,,0.4482605457305908,0.9399479627609253,8,0.2054482400417328,0.049999999999999996
dirichlet,,0.38475003838539124,0.8685302734375,9,0.141149640083313,0.049999999999999996
dirichlet,,0.6602186560630798,1.5274754762649536,11,0.07661318778991699,0.049999999999999996
dirichlet,,0.5101718306541443,1.623281478881836,11,0.27039334177970886,0.049999999999999996
dirichlet,,0.5826752781867981,1.9831403493881226,11,0.07835961878299713,0.049999999999999996
dirichlet,,0.5871105194091797,1.7084200382232666,11,0.07159867137670517,0.049999999999999996
dirichlet,,0.2695969045162201,1.64836847782135,12,0.21503989398479462,0.049999999999999996
dirichlet,,0.4736328721046448,1.5024492740631104,9,0.11174130439758301,0.049999999999999996
dirichlet,,0.404502809047699,1.4324369430541992,10,0.08270604908466339,0.049999999999999996
dirichlet,,0.4786531627178192,1.342610478401184,10,0.12974414229393005,0.049999999999999996
dirichlet,,0.6202113032341003,1.122268557548523,10,0.13526618480682373,0.049999999999999996
dirichlet,,0.44211846590042114,1.8295319080352783,9,0.06966805458068848,0.049999999999999996
dirichlet,,0.31723910570144653,0.949018120765686,11,0.07761724293231964,0.049999999999999996
dirichlet,,0.5680574178695679,1.9172149896621704,9,0.04476022347807884,0.049999999999999996
dirichlet,,0.5026395916938782,1.8510280847549438,10,0.23372268676757812,0.049999999999999996
dirichlet,,0.7276355028152466,1.5938606262207031,10,0.1132163405418396,0.049999999999999996
dirichlet,,0.434007853269577,1.1975090503692627,9,0.16222889721393585,0.049999999999999996
dirichlet,,0.5801918506622314,1.8544073104858398,11,0.10507123172283173,0.049999999999999996
dirichlet,,0.4607675075531006,1.3532278537750244,10,0.13771504163742065,0.049999999999999996
dirichlet,,0.5324597954750061,2.0344595909118652,9,0.15683357417583466,0.049999999999999996
dirichlet,,0.49555954337120056,1.3906515836715698,11,0.12851765751838684,0.049999999999999996
dirichlet,,0.5425299406051636,1.3181830644607544,10,0.07424192875623703,0.049999999999999996
dirichlet,,0.6015723347663879,1.4206888675689697,11,0.19676904380321503,0.049999999999999996
dirichlet,,0.43200063705444336,1.0886857509613037,11,0.09981125593185425,0.049999999999999996
dirichlet,,0.6530953645706177,1.8416073322296143,11,0.08381165564060211,0.049999999999999996
dirichlet,,0.5644151568412781,1.8819963932037354,12,0.144869863986969,0.049999999999999996
dirichlet,,0.44253596663475037,1.788389801979065,10,0.14334210753440857,0.049999999999999996
dirichlet,,0.49779340624809265,1.2168266773223877,8,0.1644042283296585,0.049999999999999996
dirichlet,,0.548406183719635,1.0189392566680908,10,0.1550586223602295,0.049999999999999996
dirichlet,,0.4845629930496216,1.0581597089767456,11,0.25141245126724243,0.049999999999999996
dirichlet,,0.38720619678497314,1.3967245817184448,10,0.1372774988412857,0.049999999999999996
dirichlet,,0.599692702293396,1.5786024332046509,12,0.06108393147587776,0.049999999999999996
dirichlet,,0.5235544443130493,1.5054014921188354,9,0.10516457259654999,0.049999999999999996
dirichlet,,0.7124724388122559,1.2788652181625366,10,0.2025538980960846,0.049999999999999996
dirichlet,,0.4120694696903229,0.9756315350532532,10,0.1950705200433731,0.049999999999999996
dirichlet,,0.5138959288597107,1.9525163173675537,10,0.1670568585395813,0.049999999999999996
dirichlet,,0.4572051465511322,0.6851537823677063,11,0.12263718992471695,0.049999999999999996
dirichlet,,0.4604959189891815,1.3317625522613525,12,0.10277000814676285,0.049999999999999996
dirichlet,,0.46237844228744507,1.3169301748275757,11,0.21053224802017212,0.049999999999999996
dirichlet,,0.3949529826641083,1.3251454830169678,10,0.29656702280044556,0.049999999999999996
dirichlet,,0.5132100582122803,1.8315376043319702,10,0.17520172894001007,0.049999999999999996
dirichlet,,0.6766295433044434,1.8203226327896118,11,0.07495418190956116,0.049999999999999996
dirichlet,,0.6564006805419922,1.7575314044952393,10,0.12116684764623642,0.049999999999999996
dirichlet,,0.27449697256088257,1.352184772491455,11,0.12721601128578186,0.049999999999999996
dirichlet,,0.5345284342765808,1.5682650804519653,10,0.19114243984222412,0.049999999999999996
dirichlet,,0.39654073119163513,1.2922648191452026,11,0.12232350558042526,0.049999999999999996
dirichlet,,0.5284118056297302,1.4197196960449219,11,0.1684487760066986,0.049999999999999996
dirichlet,,0.3992452919483185,1.812130331993103,11,0.1140962690114975,0.049999999999999996
dirichlet,,0.3863971531391144,1.3540102243423462,10,0.13801831007003784,0.049999999999999996
dirichlet,,0.43708372116088867,1.541872262954712,12,0.10197599977254868,0.049999999999999996
dirichlet,,0.48761749267578125,1.813473105430603,12,0.20217649638652802,0.049999999999999996
dirichlet,,0.5967581272125244,1.2980566024780273,10,0.13797909021377563,0.049999999999999996
dirichlet,,0.5900574922561646,1.1561224460601807,10,0.08998987823724747,0.049999999999999996
dirichlet,,0.3637184798717499,0.8452043533325195,11,0.16275227069854736,0.049999999999999996
dirichlet,,0.5256739854812622,1.2382736206054688,10,0.13508328795433044,0.049999999999999996
dirichlet,,0.3571470379829407,1.2123146057128906,9,0.1084091067314148,0.049999999999999996
dirichlet,,0.8902650475502014,1.5040630102157593,11,0.10526655614376068,0.049999999999999996
dirichlet,,0.39634600281715393,1.0751903057098389,9,0.21617048978805542,0.049999999999999996
dirichlet,,0.39396634697914124,1.2205638885498047,11,0.09291641414165497,0.049999999999999996
dirichlet,,0.38730454444885254,1.320292353630066,11,0.04801043123006821,0.049999999999999996
dirichlet,,0.4241838753223419,1.2972276210784912,11,0.06791762262582779,0.049999999999999996
dirichlet,,0.4003613293170929,1.913124680519104,11,0.2248367965221405,0.049999999999999996
dirichlet,,0.5440974235534668,1.346008062362671,10,0.17006629705429077,0.049999999999999996
dirichlet,,0.4534686803817749,1.498920202255249,10,0.1728830635547638,0.049999999999999996
dirichlet,,0.6064777970314026,1.02731454372406,8,0.12550489604473114,0.049999999999999996
dirichlet,,0.6546661257743835,1.9632976055145264,11,0.15084299445152283,0.049999999999999996
dirichlet,,0.5062545537948608,1.9955717325210571,12,0.09531988203525543,0.049999999999999996
dirichlet,,0.4991948902606964,1.3787699937820435,10,0.15128090977668762,0.049999999999999996
dirichlet,,0.35905182361602783,1.0857280492782593,10,0.16533814370632172,0.049999999999999996
dirichlet,,0.35850536823272705,0.9406517744064331,9,0.09493307024240494,0.049999999999999996
dirichlet,,0.46450546383857727,1.1384589672088623,10,0.12131159007549286,0.049999999999999996
dirichlet,,0.36047878861427307,0.9896658062934875,10,0.12099966406822205,0.049999999999999996
dirichlet,,0.5166927576065063,1.4119889736175537,11,0.10111285001039505,0.049999999999999996
dirichlet,,0.6173610687255859,1.3661277294158936,12,0.11442239582538605,0.049999999999999996
dirichlet,,0.6982586979866028,1.2318540811538696,11,0.2227250635623932,0.049999999999999996
dirichlet,,0.5925421118736267,1.5861332416534424,9,0.16242125630378723,0.049999999999999996
dirichlet,,0.4967153072357178,1.3501334190368652,11,0.2531726360321045,0.049999999999999996
dirichlet,,0.582068145275116,1.7960163354873657,10,0.08609531819820404,0.049999999999999996
dirichlet,,0.5281363725662231,1.8550682067871094,9,0.19107955694198608,0.049999999999999996
dirichlet,,0.5022411942481995,1.2186167240142822,10,0.09356751292943954,0.049999999999999996
dirichlet,,0.7831239104270935,1.7421720027923584,11,0.0845978632569313,0.049999999999999996
dirichlet,,0.27941566705703735,0.7475413680076599,10,0.18022975325584412,0.049999999999999996
dirichlet,,0.4341636896133423,1.6675760746002197,11,0.08042644709348679,0.049999999999999996
dirichlet,,0.48483806848526,1.344038724899292,12,0.06651319563388824,0.049999999999999996
dirichlet,,0.4384424090385437,1.4756419658660889,10,0.07978890836238861,0.049999999999999996
dirichlet,,0.3261208236217499,1.8995139598846436,10,0.07708166539669037,0.049999999999999996
dirichlet,,0.40485426783561707,1.914812445640564,11,0.15663304924964905,0.049999999999999996
dirichlet,,0.4530739188194275,1.9761631488800049,11,0.09715963900089264,0.049999999999999996
dirichlet,,0.3551257252693176,1.2579395771026611,11,0.15509960055351257,0.049999999999999996
dirichlet,,0.2770567536354065,1.043534755706787,10,0.2942001521587372,0.049999999999999996
dirichlet,,0.4495689868927002,1.4663712978363037,12,0.1219402626156807,0.049999999999999996
dirichlet,,0.35385528206825256,1.3483303785324097,11,0.15423651039600372,0.049999999999999996
dirichlet,,0.482633113861084,1.842736005783081,12,0.11187537014484406,0.049999999999999996
dirichlet,,0.22260232269763947,1.3837721347808838,8,0.08255437016487122,0.049999999999999996
dirichlet,,0.5282443761825562,0.861880898475647,11,0.08244733512401581,0.049999999999999996
dirichlet,,0.5078423619270325,1.8603813648223877,11,0.14360827207565308,0.049999999999999996
dirichlet,,0.28538206219673157,1.1253631114959717,10,0.0689731240272522,0.049999999999999996
dirichlet,,0.37178465723991394,1.6869640350341797,11,0.06621286273002625,0.049999999999999996
dirichlet,,0.4959177076816559,1.4312946796417236,11,0.1480989009141922,0.049999999999999996
dirichlet,,0.30854204297065735,1.593248724937439,11,0.1892329454421997,0.049999999999999996
dirichlet,,0.647566020488739,1.989223837852478,11,0.08075199276208878,0.049999999999999996
dirichlet,,0.5446841716766357,1.6106313467025757,11,0.13203781843185425,0.049999999999999996
dirichlet,,0.6341822147369385,1.9019367694854736,10,0.27487051486968994,0.049999999999999996
dirichlet,,0.3522387742996216,1.3970799446105957,10,0.18750110268592834,0.049999999999999996
dirichlet,,0.5582036375999451,1.5454241037368774,10,0.17045271396636963,0.049999999999999996
dirichlet,,0.5488290190696716,2.7771213054656982,10,0.09470558166503906,0.049999999999999996
dirichlet,,0.3421517312526703,0.6843129396438599,11,0.09821082651615143,0.049999999999999996
dirichlet,,0.3419213891029358,0.6851113438606262,11,0.15673932433128357,0.049999999999999996
dirichlet,,0.43251022696495056,1.5530235767364502,10,0.14691360294818878,0.049999999999999996
dirichlet,,0.4583818018436432,0.7959209680557251,10,0.1831832230091095,0.049999999999999996
dirichlet,,0.6596276164054871,1.4233227968215942,10,0.08216604590415955,0.049999999999999996
dirichlet,,0.5529605150222778,1.2963716983795166,10,0.07134946435689926,0.049999999999999996
dirichlet,,0.46212708950042725,2.111764430999756,10,0.19952526688575745,0.049999999999999996
dirichlet,,0.3641516864299774,1.2895030975341797,11,0.15385328233242035,0.049999999999999996
dirichlet,,0.7204697132110596,1.874084711074829,9,0.07691209018230438,0.049999999999999996
dirichlet,,0.5912697911262512,1.6998037099838257,11,0.14958764612674713,0.049999999999999996
dirichlet,,0.5793913006782532,1.780085802078247,11,0.06058608740568161,0.049999999999999996
dirichlet,,0.3231129050254822,0.6423872113227844,9,0.11382852494716644,0.049999999999999996
dirichlet,,0.515232264995575,0.8991211652755737,10,0.14372411370277405,0.049999999999999996
dirichlet,,0.32129594683647156,1.868324875831604,10,0.112795889377594,0.049999999999999996
dirichlet,,0.4946432113647461,1.587335228919983,11,0.11868269741535187,0.049999999999999996
dirichlet,,0.4814792275428772,1.6471726894378662,11,0.1298166960477829,0.049999999999999996
dirichlet,,0.3212113380432129,2.049426317214966,11,0.24524646997451782,0.049999999999999996
dirichlet,,0.5414829254150391,1.7770931720733643,11,0.07632361352443695,0.049999999999999996
dirichlet,,0.4793478846549988,1.710181474685669,11,0.12075397372245789,0.049999999999999996
dirichlet,,0.6651297807693481,1.5706923007965088,12,0.07232409715652466,0.049999999999999996
dirichlet,,0.4543626606464386,1.114289402961731,10,0.16478216648101807,0.049999999999999996
dirichlet,,0.4344879388809204,0.7093855738639832,8,0.10940729081630707,0.049999999999999996
dirichlet,,0.6410534381866455,2.161912441253662,10,0.09533584117889404,0.049999999999999996
dirichlet,,0.45254120230674744,2.227022647857666,12,0.11340254545211792,0.049999999999999996
dirichlet,,0.569598376750946,1.4752986431121826,12,0.13800981640815735,0.049999999999999996
dirichlet,,0.5222607254981995,2.130852222442627,11,0.1433953493833542,0.049999999999999996
dirichlet,,0.36869606375694275,1.6017252206802368,11,0.14886361360549927,0.049999999999999996
dirichlet,,0.46409663558006287,1.5722808837890625,10,0.11375240981578827,0.049999999999999996
dirichlet,,0.5103361010551453,0.7654762268066406,11,0.1178155466914177,0.049999999999999996
dirichlet,,0.4666505455970764,0.7336782217025757,9,0.1753557026386261,0.049999999999999996
dirichlet,,0.5320891737937927,1.949231505393982,10,0.1276659220457077,0.049999999999999996
dirichlet,,0.46374261379241943,1.0419756174087524,11,0.13020871579647064,0.049999999999999996
dirichlet,,0.2984107434749603,1.177336573600769,8,0.2339758425951004,0.049999999999999996
dirichlet,,0.4112359285354614,1.8050321340560913,11,0.16202601790428162,0.049999999999999996
dirichlet,,0.5648768544197083,1.5713894367218018,11,0.11740246415138245,0.049999999999999996
dirichlet,,0.6593567728996277,1.1514687538146973,10,0.2475697100162506,0.049999999999999996
dirichlet,,0.465222030878067,1.6280145645141602,11,0.1500242054462433,0.049999999999999996
dirichlet,,0.472943514585495,1.455381989479065,11,0.09926016628742218,0.049999999999999996
dirichlet,,0.5014429092407227,1.332531213760376,11,0.07890117913484573,0.049999999999999996
dirichlet,,0.5375630259513855,1.7952229976654053,10,0.19468165934085846,0.049999999999999996
dirichlet,,0.46618643403053284,1.773290991783142,10,0.11764459311962128,0.049999999999999996
dirichlet,,0.3840380609035492,1.563166856765747,11,0.061681490391492844,0.049999999999999996
dirichlet,,0.6260510683059692,1.8274730443954468,10,0.09142422676086426,0.049999999999999996
dirichlet,,0.5495274662971497,1.2847695350646973,8,0.08258241415023804,0.049999999999999996
dirichlet,,0.530724823474884,1.664953589439392,11,0.22490805387496948,0.049999999999999996
dirichlet,,0.5025224089622498,1.2167272567749023,8,0.09489062428474426,0.049999999999999996
dirichlet,,0.5369689464569092,1.8393735885620117,10,0.08584663271903992,0.049999999999999996
dirichlet,,0.47464174032211304,1.313319444656372,11,0.10215948522090912,0.049999999999999996
dirichlet,,0.44498375058174133,1.4980500936508179,10,0.04547809809446335,0.049999999999999996
dirichlet,,0.5230108499526978,1.0644179582595825,10,0.1530032902956009,0.049999999999999996
dirichlet,,0.7091807126998901,1.640785574913025,10,0.11686964333057404,0.049999999999999996
dirichlet,,0.4433961808681488,2.1118032932281494,11,0.13789837062358856,0.049999999999999996
dirichlet,,0.534355103969574,1.073085069656372,10,0.1048210859298706,0.049999999999999996
dirichlet,,0.4927048683166504,1.3462258577346802,11,0.1468125879764557,0.049999999999999996
dirichlet,,0.6720791459083557,2.0542731285095215,10,0.08449363708496094,0.049999999999999996
dirichlet,,0.6583789587020874,1.517348051071167,10,0.15646155178546906,0.049999999999999996
dirichlet,,0.30891507863998413,1.5190192461013794,11,0.06950058043003082,0.049999999999999996
dirichlet,,0.2754819095134735,1.730437994003296,11,0.07859482616186142,0.049999999999999996
dirichlet,,0.5739978551864624,1.8452972173690796,11,0.13445569574832916,0.049999999999999996
dirichlet,,0.5140331387519836,1.8633235692977905,11,0.09288747608661652,0.049999999999999996
dirichlet,,0.4857986569404602,1.2948675155639648,8,0.178560271859169,0.049999999999999996
dirichlet,,0.5906690955162048,1.6592175960540771,9,0.05941248685121536,0.049999999999999996
dirichlet,,0.49030250310897827,0.704811692237854,9,0.1592431366443634,0.049999999999999996
dirichlet,,0.47907769680023193,1.8668429851531982,11,0.23068758845329285,0.049999999999999996
dirichlet,,0.8014918565750122,1.2287428379058838,11,0.11139100790023804,0.049999999999999996
dirichlet,,0.49875161051750183,1.291879653930664,11,0.1230674758553505,0.049999999999999996
dirichlet,,0.47258928418159485,1.598833441734314,10,0.19756203889846802,0.049999999999999996
dirichlet,,0.4320073425769806,1.7499099969863892,11,0.168355792760849,0.049999999999999996
dirichlet,,0.5012915730476379,1.820831060409546,11,0.098780557513237,0.049999999999999996
dirichlet,,0.5078202486038208,1.510995626449585,9,0.18787163496017456,0.049999999999999996
dirichlet,,0.4471747577190399,1.7174104452133179,11,0.09915263950824738,0.049999999999999996
dirichlet,,0.45134422183036804,1.5439798831939697,11,0.0839138925075531,0.049999999999999996
dirichlet,,0.5000079274177551,1.54081392288208,9,0.08316589891910553,0.049999999999999996
dirichlet,,0.5177949666976929,2.024379014968872,10,0.10796336829662323,0.049999999999999996
dirichlet,,0.5881450176239014,1.828173041343689,12,0.16833320260047913,0.049999999999999996
dirichlet,,0.5048021078109741,1.6465682983398438,11,0.08384662121534348,0.049999999999999996
dirichlet,,0.5072760581970215,1.422768235206604,11,0.20982962846755981,0.049999999999999996
dirichlet,,0.3042057156562805,1.5257097482681274,11,0.0711444616317749,0.049999999999999996
dirichlet,,0.4686095714569092,1.6139335632324219,11,0.09528407454490662,0.049999999999999996
dirichlet,,0.46055495738983154,1.0916967391967773,10,0.1549919694662094,0.049999999999999996
dirichlet,,0.3552308678627014,1.6277830600738525,10,0.10667108744382858,0.049999999999999996
dirichlet,,0.3181774914264679,1.5119915008544922,11,0.07598409056663513,0.049999999999999996
dirichlet,,0.6909878253936768,1.384671926498413,10,0.09713704884052277,0.049999999999999996
dirichlet,,0.7075947523117065,2.0080628395080566,11,0.09458604454994202,0.049999999999999996
dirichlet,,0.4812970459461212,1.500569224357605,11,0.1729547679424286,0.049999999999999996
dirichlet,,0.63027024269104,1.4658359289169312,10,0.10051626712083817,0.049999999999999996
dirichlet,,0.5973026156425476,1.2882895469665527,11,0.1323813498020172,0.049999999999999996
dirichlet,,0.5772779583930969,2.0888285636901855,11,0.06938649713993073,0.049999999999999996
dirichlet,,0.5170160531997681,1.3671083450317383,11,0.1700901985168457,0.049999999999999996
dirichlet,,0.4194791316986084,1.9223114252090454,12,0.07150956988334656,0.049999999999999996
dirichlet,,0.4627528190612793,1.251484990119934,9,0.13799446821212769,0.049999999999999996
dirichlet,,0.47133171558380127,2.083846092224121,10,0.13451088964939117,0.049999999999999996
dirichlet,,0.528026819229126,1.2642786502838135,10,0.12691958248615265,0.049999999999999996
dirichlet,,0.5336459279060364,1.4752897024154663,11,0.14519593119621277,0.049999999999999996
dirichlet,,0.6159577369689941,1.7125886678695679,11,0.3010014295578003,0.049999999999999996
dirichlet,,0.4709213376045227,1.840897798538208,11,0.18255162239074707,0.049999999999999996
dirichlet,,0.6734727621078491,1.4362493753433228,11,0.07985788583755493,0.049999999999999996
dirichlet,,0.40190431475639343,1.218467116355896,10,0.15642185509204865,0.049999999999999996
dirichlet,,0.468218594789505,1.4389398097991943,11,0.16244842112064362,0.049999999999999996
dirichlet,,0.30378279089927673,2.052816152572632,10,0.06965196132659912,0.049999999999999996
dirichlet,,0.4597117602825165,2.0253701210021973,10,0.20149901509284973,0.049999999999999996
dirichlet,,0.4856313467025757,1.5148658752441406,11,0.21488144993782043,0.049999999999999996
dirichlet,,0.344167560338974,1.105348825454712,9,0.08667053282260895,0.049999999999999996
dirichlet,,0.43149757385253906,1.339267373085022,11,0.13949744403362274,0.049999999999999996
dirichlet,,0.5472066402435303,2.0404107570648193,11,0.2189137041568756,0.049999999999999996
dirichlet,,0.5040042400360107,1.788671851158142,12,0.09633947908878326,0.049999999999999996
dirichlet,,0.6060189008712769,1.2297054529190063,9,0.12363586574792862,0.049999999999999996
dirichlet,,0.47229692339897156,0.43673616647720337,10,0.2693396210670471,0.049999999999999996
dirichlet,,0.3430638313293457,1.5885788202285767,11,0.06031690910458565,0.049999999999999996
dirichlet,,0.6347639560699463,1.994574785232544,10,0.08273189514875412,0.049999999999999996
dirichlet,,0.37771889567375183,1.5446014404296875,11,0.2649010419845581,0.049999999999999996
dirichlet,,0.5226693749427795,2.5109076499938965,11,0.14894431829452515,0.049999999999999996
dirichlet,,0.3724896013736725,1.2167017459869385,10,0.17089784145355225,0.049999999999999996
dirichlet,,0.43812695145606995,1.9684734344482422,11,0.07506723701953888,0.049999999999999996
dirichlet,,0.47185856103897095,0.9681104421615601,10,0.23167996108531952,0.049999999999999996
dirichlet,,0.42083433270454407,2.2339112758636475,9,0.18809086084365845,0.049999999999999996
dirichlet,,0.7218012809753418,2.5970680713653564,9,0.09491270780563354,0.049999999999999996
dirichlet,,0.4830382168292999,1.044945240020752,9,0.18210461735725403,0.049999999999999996
dirichlet,,0.4345943033695221,1.3183521032333374,10,0.10166648030281067,0.049999999999999996
dirichlet,,0.35558104515075684,1.587796926498413,10,0.10407012701034546,0.049999999999999996
dirichlet,,0.5722078680992126,1.3955856561660767,10,0.07258651405572891,0.049999999999999996
dirichlet,,0.4576765298843384,0.9137107729911804,11,0.1144728809595108,0.049999999999999996
dirichlet,,0.4026901423931122,1.377807855606079,12,0.28772425651550293,0.049999999999999996
dirichlet,,0.4562535583972931,1.2834625244140625,11,0.26141947507858276,0.049999999999999996
dirichlet,,0.5610724091529846,1.489715814590454,10,0.11117275059223175,0.049999999999999996
dirichlet,,0.40306445956230164,0.7871551513671875,9,0.13822683691978455,0.049999999999999996
dirichlet,,0.4985363185405731,1.2768652439117432,11,0.121797114610672,0.049999999999999996
dirichlet,,0.5915611982345581,1.6368274688720703,10,0.0849045068025589,0.049999999999999996
dirichlet,,0.4490693211555481,0.8376410603523254,8,0.05592944473028183,0.049999999999999996
dirichlet,,0.4006211459636688,1.4525165557861328,11,0.18851888179779053,0.049999999999999996
dirichlet,,0.4219537377357483,1.616593599319458,11,0.15252023935317993,0.049999999999999996
dirichlet,,0.40096694231033325,1.784594178199768,11,0.14786747097969055,0.049999999999999996
dirichlet,,0.2897648811340332,0.5437062978744507,10,0.12588050961494446,0.049999999999999996
dirichlet,,0.540183961391449,1.2241249084472656,10,0.20803925395011902,0.049999999999999996
dirichlet,,0.5761076211929321,1.7083814144134521,10,0.08526936173439026,0.049999999999999996
dirichlet,,0.46684136986732483,1.1650501489639282,10,0.119556725025177,0.049999999999999996
dirichlet,,0.5484795570373535,1.3606395721435547,11,0.17340633273124695,0.049999999999999996
dirichlet,,0.6198330521583557,1.0303120613098145,10,0.11707014590501785,0.049999999999999996
dirichlet,,0.6385101675987244,2.1186063289642334,10,0.11092658340930939,0.049999999999999996
dirichlet,,0.6822893023490906,1.9199901819229126,11,0.10651199519634247,0.049999999999999996
dirichlet,,0.5662797093391418,1.5218855142593384,10,0.1116989329457283,0.049999999999999996
dirichlet,,0.6511421799659729,2.3664469718933105,11,0.11321014910936356,0.049999999999999996
dirichlet,,0.4527438282966614,2.243779420852661,10,0.10286518931388855,0.049999999999999996
dirichlet,,0.3205792307853699,0.9382410049438477,10,0.10592937469482422,0.049999999999999996
dirichlet,,0.723832368850708,1.3237560987472534,10,0.1473485231399536,0.049999999999999996
dirichlet,,0.5571072697639465,1.7732572555541992,10,0.09108934551477432,0.049999999999999996
dirichlet,,0.528051495552063,2.259631395339966,10,0.1496119648218155,0.049999999999999996
dirichlet,,0.5830011963844299,1.848753571510315,10,0.19291278719902039,0.049999999999999996
dirichlet,,0.4480896592140198,1.304692029953003,12,0.14525586366653442,0.049999999999999996
dirichlet,,0.33342719078063965,1.8461320400238037,10,0.09807023406028748,0.049999999999999996
dirichlet,,0.43681249022483826,1.1712372303009033,10,0.2182345986366272,0.049999999999999996
dirichlet,,0.5822055339813232,1.1534759998321533,10,0.12077045440673828,0.049999999999999996
dirichlet,,0.3459447920322418,1.4017800092697144,9,0.1656774878501892,0.049999999999999996
dirichlet,,0.5841542482376099,1.4885777235031128,11,0.13656309247016907,0.049999999999999996
dirichlet,,0.5163003206253052,1.455765962600708,11,0.13531209528446198,0.049999999999999996
dirichlet,,0.6487410664558411,1.706475853919983,10,0.08818420767784119,0.049999999999999996
dirichlet,,0.48307350277900696,1.2643492221832275,10,0.12097707390785217,0.049999999999999996
dirichlet,,0.4766959846019745,1.6597274541854858,12,0.17159444093704224,0.049999999999999996
dirichlet,,0.5770261287689209,1.8083086013793945,11,0.112566277384758,0.049999999999999996
dirichlet,,0.4167589247226715,0.77805095911026,9,0.10051405429840088,0.049999999999999996
dirichlet,,0.6636170148849487,1.6677789688110352,11,0.1361972540616989,0.049999999999999996
dirichlet,,0.395643413066864,1.2686970233917236,11,0.11249048262834549,0.049999999999999996
dirichlet,,0.4156179428100586,1.677630066871643,9,0.08001735806465149,0.049999999999999996
dirichlet,,0.7011982798576355,2.3891706466674805,11,0.25315457582473755,0.049999999999999996
dirichlet,,0.5081163644790649,2.1060092449188232,12,0.17549732327461243,0.049999999999999996
dirichlet,,0.5148914456367493,1.9302027225494385,10,0.08078963309526443,0.049999999999999996
dirichlet,,0.4637497365474701,1.314531683921814,10,0.10160920023918152,0.049999999999999996
dirichlet,,0.3996641933917999,1.7542765140533447,10,0.13738125562667847,0.049999999999999996
dirichlet,,0.6676839590072632,0.7366819977760315,10,0.15433970093727112,0.049999999999999996
dirichlet,,0.8050177097320557,1.482690453529358,10,0.07845404744148254,0.049999999999999996
dirichlet,,0.45648840069770813,2.258044719696045,10,0.14804500341415405,0.049999999999999996
dirichlet,,0.47739699482917786,1.194311261177063,9,0.10971863567829132,0.049999999999999996
dirichlet,,0.4166581928730011,1.747666358947754,11,0.09489154070615768,0.049999999999999996
dirichlet,,0.48533108830451965,0.9115713238716125,10,0.10672521591186523,0.049999999999999996
dirichlet,,0.5454794764518738,1.4353454113006592,11,0.08503086864948273,0.049999999999999996
dirichlet,,0.44086846709251404,1.2594451904296875,9,0.1622142791748047,0.049999999999999996
dirichlet,,0.6609838604927063,1.7342109680175781,10,0.08613894879817963,0.049999999999999996
dirichlet,,0.7671672105789185,1.7248579263687134,10,0.08122117817401886,0.049999999999999996
dirichlet,,0.41266557574272156,1.6720104217529297,10,0.12550488114356995,0.049999999999999996
dirichlet,,0.476657509803772,1.6140344142913818,11,0.18517236411571503,0.049999999999999996
dirichlet,,0.5509116053581238,1.5708186626434326,9,0.09580622613430023,0.049999999999999996
dirichlet,,0.4537472128868103,2.110696315765381,10,0.11843770742416382,0.049999999999999996
dirichlet,,0.7318598628044128,1.9973533153533936,11,0.15330295264720917,0.049999999999999996
dirichlet,,0.5391397476196289,1.3093373775482178,9,0.14846275746822357,0.049999999999999996
dirichlet,,0.43672823905944824,2.2850911617279053,11,0.16313573718070984,0.049999999999999996
dirichlet,,0.5131551027297974,1.6142024993896484,10,0.1712396889925003,0.049999999999999996
dirichlet,,0.49389079213142395,1.1064870357513428,10,0.10980680584907532,0.049999999999999996
dirichlet,,0.5514804720878601,1.7884318828582764,10,0.09196572005748749,0.049999999999999996
dirichlet,,0.5597637891769409,1.9732038974761963,10,0.1690557599067688,0.049999999999999996
dirichlet,,0.3656877279281616,1.5518938302993774,10,0.06683474779129028,0.049999999999999996
dirichlet,,0.5935277938842773,1.0345244407653809,9,0.0815482810139656,0.049999999999999996
dirichlet,,0.5008158087730408,2.001779556274414,10,0.1540326476097107,0.049999999999999996
dirichlet,,0.5890081524848938,1.3789277076721191,11,0.07389037311077118,0.049999999999999996
dirichlet,,0.6891822218894958,1.1485580205917358,11,0.17449535429477692,0.049999999999999996
dirichlet,,0.4013347625732422,1.2044897079467773,10,0.1617685705423355,0.049999999999999996
dirichlet,,0.47942277789115906,1.6082175970077515,10,0.137799471616745,0.049999999999999996
dirichlet,,0.4051647186279297,1.9493335485458374,10,0.18749317526817322,0.049999999999999996
dirichlet,,0.5973392724990845,2.2520861625671387,12,0.2147504985332489,0.049999999999999996
dirichlet,,0.49454614520072937,1.3376882076263428,10,0.06598132848739624,0.049999999999999996
dirichlet,,0.44376397132873535,1.8210217952728271,11,0.11874178051948547,0.049999999999999996
dirichlet,,0.5018592476844788,1.1534096002578735,10,0.07578903436660767,0.049999999999999996
dirichlet,,0.6469697952270508,1.740468978881836,11,0.277677059173584,0.049999999999999996
dirichlet,,0.469034880399704,1.0365538597106934,11,0.23822060227394104,0.049999999999999996
dirichlet,,0.6521419286727905,2.1297109127044678,11,0.13684791326522827,0.049999999999999996
dirichlet,,0.5076645016670227,2.4123268127441406,11,0.07439939677715302,0.049999999999999996
dirichlet,,0.5511094927787781,1.4886646270751953,10,0.0576944537460804,0.049999999999999996
dirichlet,,0.31189650297164917,1.6743024587631226,9,0.05947280675172806,0.049999999999999996
dirichlet,,0.419883668422699,1.0659228563308716,8,0.12463061511516571,0.049999999999999996
dirichlet,,0.6930108070373535,1.9477055072784424,10,0.06836564838886261,0.049999999999999996
dirichlet,,0.6125301718711853,0.8784024119377136,11,0.0991046354174614,0.049999999999999996
dirichlet,,0.4972773790359497,0.9054353833198547,11,0.09900900721549988,0.049999999999999996
dirichlet,,0.5446996688842773,1.398183822631836,11,0.07059569656848907,0.049999999999999996
dirichlet,,0.7733892202377319,1.7410730123519897,11,0.0950554758310318,0.049999999999999996
dirichlet,,0.49734050035476685,1.4882011413574219,10,0.15248893201351166,0.049999999999999996
dirichlet,,0.4266563057899475,1.6561651229858398,10,0.21279272437095642,0.049999999999999996
dirichlet,,0.6760615110397339,1.6586697101593018,11,0.12208519876003265,0.049999999999999996
dirichlet,,0.7139968276023865,2.5546233654022217,10,0.12795418500900269,0.049999999999999996
dirichlet,,0.414470374584198,1.6482124328613281,10,0.12432846426963806,0.049999999999999996
dirichlet,,0.5461450815200806,2.059816598892212,11,0.19897857308387756,0.049999999999999996
dirichlet,,0.46167102456092834,1.4956468343734741,12,0.10701292753219604,0.049999999999999996
dirichlet,,0.447525292634964,1.6582555770874023,11,0.13049790263175964,0.049999999999999996
dirichlet,,0.5116063356399536,1.6066715717315674,11,0.10324575752019882,0.049999999999999996
dirichlet,,0.5924741625785828,1.4268662929534912,10,0.09377522021532059,0.049999999999999996
dirichlet,,0.45969343185424805,1.5044705867767334,10,0.34750938415527344,0.049999999999999996
dirichlet,,0.605125904083252,1.4625186920166016,11,0.06393596529960632,0.049999999999999996
dirichlet,,0.39493393898010254,1.3993011713027954,10,0.1204901933670044,0.049999999999999996
dirichlet,,0.3863300383090973,1.307667851448059,11,0.136842280626297,0.049999999999999996
dirichlet,,0.3228127360343933,1.2650777101516724,9,0.1449935883283615,0.049999999999999996
dirichlet,,0.6270383596420288,0.7915034890174866,11,0.20094957947731018,0.049999999999999996
dirichlet,,0.5581845641136169,1.1868398189544678,11,0.09292374551296234,0.049999999999999996
dirichlet,,0.6252266764640808,1.8962163925170898,10,0.10401016473770142,0.049999999999999996
dirichlet,,0.4127988815307617,2.005995273590088,8,0.0949595496058464,0.049999999999999996
dirichlet,,0.4178680181503296,1.1231515407562256,9,0.11369064450263977,0.049999999999999996
dirichlet,,0.32936200499534607,1.676938772201538,9,0.19564154744148254,0.049999999999999996
dirichlet,,0.5883747935295105,1.268027663230896,10,0.1663423627614975,0.049999999999999996
dirichlet,,0.7095115780830383,0.9304216504096985,9,0.13348829746246338,0.049999999999999996
dirichlet,,0.4041242003440857,1.6637235879898071,10,0.17447446286678314,0.049999999999999996
dirichlet,,0.42004066705703735,1.2818224430084229,10,0.08913198113441467,0.049999999999999996
dirichlet,,0.6207478046417236,1.176629662513733,12,0.10162348300218582,0.049999999999999996
dirichlet,,0.561216413974762,1.655016541481018,11,0.061979033052921295,0.049999999999999996
dirichlet,,0.6361625790596008,2.2266602516174316,11,0.06972147524356842,0.049999999999999996
dirichlet,,0.5361531376838684,2.0864450931549072,11,0.329922616481781,0.049999999999999996
dirichlet,,0.3813702166080475,1.5586788654327393,10,0.21274420619010925,0.049999999999999996
dirichlet,,0.5428347587585449,1.1786630153656006,10,0.10351508855819702,0.049999999999999996
dirichlet,,0.4142029583454132,1.9285151958465576,10,0.1181505024433136,0.049999999999999996
dirichlet,,0.33321353793144226,1.1448860168457031,10,0.059768952429294586,0.049999999999999996
dirichlet,,0.41607722640037537,1.2535624504089355,11,0.09523098170757294,0.049999999999999996
dirichlet,,0.5913546085357666,1.3104279041290283,10,0.13079357147216797,0.049999999999999996
dirichlet,,0.38426104187965393,1.1294013261795044,11,0.13940533995628357,0.049999999999999996
dirichlet,,0.3904009759426117,1.485318899154663,10,0.09022313356399536,0.049999999999999996
dirichlet,,0.288678914308548,1.3719305992126465,11,0.1629258096218109,0.049999999999999996
dirichlet,,0.36538177728652954,1.344994068145752,10,0.18615877628326416,0.049999999999999996
dirichlet,,0.3970412313938141,1.4321646690368652,12,0.08775167912244797,0.049999999999999996
dirichlet,,0.3856251537799835,1.2303540706634521,10,0.11027289927005768,0.049999999999999996
dirichlet,,0.29512956738471985,1.864698052406311,10,0.07196887582540512,0.049999999999999996
dirichlet,,0.4310723841190338,1.0167427062988281,9,0.1045071929693222,0.06667607160816619
dirichlet,,0.4300282597541809,2.103165626525879,10,0.26094651222229004,0.06667607160816619
dirichlet,,0.4409155249595642,1.0730234384536743,10,0.11661550402641296,0.06667607160816619
dirichlet,,0.5239731669425964,0.7628417611122131,9,0.11720853298902512,0.06667607160816619
dirichlet,,0.404460072517395,1.8957672119140625,11,0.22231489419937134,0.06667607160816619
dirichlet,,0.516307532787323,1.6744064092636108,10,0.2547769844532013,0.06667607160816619
dirichlet,,0.5000907182693481,2.0983550548553467,11,0.1575240194797516,0.06667607160816619
dirichlet,,0.38029590249061584,0.7148498296737671,10,0.09266948699951172,0.06667607160816619
dirichlet,,0.520775318145752,1.6433887481689453,11,0.12449225783348083,0.06667607160816619
dirichlet,,0.5886807441711426,1.9491329193115234,10,0.15206846594810486,0.06667607160816619
dirichlet,,0.40116313099861145,2.1072709560394287,11,0.13458558917045593,0.06667607160816619
dirichlet,,0.3148234188556671,0.5004998445510864,10,0.16132637858390808,0.06667607160816619
dirichlet,,0.30135858058929443,0.8302680850028992,11,0.16943085193634033,0.06667607160816619
dirichlet,,0.5208715200424194,1.52472984790802,10,0.1604745090007782,0.06667607160816619
dirichlet,,0.5186063647270203,2.186882495880127,11,0.1506747305393219,0.06667607160816619
dirichlet,,0.6344144940376282,1.4698172807693481,11,0.0970611423254013,0.06667607160816619
dirichlet,,0.45572835206985474,1.4451830387115479,10,0.14709241688251495,0.06667607160816619
dirichlet,,0.47424960136413574,1.7362594604492188,11,0.08508485555648804,0.06667607160816619
dirichlet,,0.48628267645835876,1.699594497680664,11,0.13040831685066223,0.06667607160816619
dirichlet,,0.5127358436584473,1.9862596988677979,11,0.11565715074539185,0.06667607160816619
dirichlet,,0.5406882762908936,1.1873252391815186,10,0.13819415867328644,0.06667607160816619
dirichlet,,0.3750149607658386,1.1453831195831299,11,0.2494867444038391,0.06667607160816619
dirichlet,,0.6092169284820557,2.164983034133911,9,0.18557101488113403,0.06667607160816619
dirichlet,,0.3258230686187744,0.8729183077812195,11,0.17099454998970032,0.06667607160816619
dirichlet,,0.5108339786529541,1.6484954357147217,10,0.08480992913246155,0.06667607160816619
dirichlet,,0.32539257407188416,1.036765217781067,9,0.11662142723798752,0.06667607160816619
dirichlet,,0.4683260917663574,1.6029624938964844,12,0.20297697186470032,0.06667607160816619
dirichlet,,0.49671515822410583,1.3850964307785034,11,0.18547877669334412,0.06667607160816619
dirichlet,,0.400762140750885,1.7704036235809326,11,0.15344297885894775,0.06667607160816619
dirichlet,,0.3018614649772644,1.3209339380264282,10,0.10326852649450302,0.06667607160816619
dirichlet,,0.3742353320121765,2.2386367321014404,11,0.11918047070503235,0.06667607160816619
dirichlet,,0.39194485545158386,1.2191466093063354,11,0.151589497923851,0.06667607160816619
dirichlet,,0.4481807053089142,1.4645236730575562,11,0.25248947739601135,0.06667607160816619
dirichlet,,0.5493257641792297,1.2061034440994263,10,0.10030023753643036,0.06667607160816619
dirichlet,,0.4539998769760132,1.5607883930206299,11,0.15299513936042786,0.06667607160816619
dirichlet,,0.4330170154571533,1.141494631767273,11,0.14583951234817505,0.06667607160816619
dirichlet,,0.5519354343414307,2.102175235748291,12,0.28817054629325867,0.06667607160816619
dirichlet,,0.5585328936576843,0.9757131338119507,10,0.1411411464214325,0.06667607160816619
dirichlet,,0.3960992097854614,1.3596121072769165,11,0.11525290459394455,0.06667607160816619
dirichlet,,0.43308794498443604,0.9187515377998352,11,0.1112731322646141,0.06667607160816619
dirichlet,,0.3803982436656952,1.3533973693847656,10,0.23561450839042664,0.06667607160816619
dirichlet,,0.6078557968139648,1.3131636381149292,11,0.23257029056549072,0.06667607160816619
dirichlet,,0.5607116222381592,1.2906427383422852,10,0.16049617528915405,0.06667607160816619
dirichlet,,0.6805887818336487,1.123008370399475,11,0.12220537662506104,0.06667607160816619
dirichlet,,0.37288621068000793,0.6648311614990234,8,0.1895790547132492,0.06667607160816619
dirichlet,,0.4446210563182831,1.1448695659637451,10,0.18206536769866943,0.06667607160816619
dirichlet,,0.5423706769943237,1.7373065948486328,10,0.2079666554927826,0.06667607160816619
dirichlet,,0.47534188628196716,1.6091285943984985,9,0.17405124008655548,0.06667607160816619
dirichlet,,0.4367850124835968,1.5595285892486572,10,0.12266214936971664,0.06667607160816619
dirichlet,,0.5288910269737244,1.495849609375,8,0.12880079448223114,0.06667607160816619
dirichlet,,0.4903823137283325,1.1138850450515747,9,0.1883811056613922,0.06667607160816619
dirichlet,,0.3641422986984253,2.12607741355896,10,0.13978177309036255,0.06667607160816619
dirichlet,,0.39936259388923645,1.675675630569458,11,0.11125510931015015,0.06667607160816619
dirichlet,,0.6257140040397644,2.0566515922546387,11,0.1599126011133194,0.06667607160816619
dirichlet,,0.3715372383594513,1.486215353012085,11,0.07759909331798553,0.06667607160816619
dirichlet,,0.4572441279888153,1.7983055114746094,9,0.1685410737991333,0.06667607160816619
dirichlet,,0.6598608493804932,1.673107385635376,11,0.15473845601081848,0.06667607160816619
dirichlet,,0.4049515724182129,2.042907953262329,11,0.14645525813102722,0.06667607160816619
dirichlet,,0.40190207958221436,2.05484676361084,12,0.16680395603179932,0.06667607160816619
dirichlet,,0.36392807960510254,1.9648196697235107,11,0.09344953298568726,0.06667607160816619
dirichlet,,0.6453447937965393,1.9900550842285156,9,0.11008581519126892,0.06667607160816619
dirichlet,,0.2969358265399933,1.1990220546722412,11,0.06371601670980453,0.06667607160816619
dirichlet,,0.496332585811615,1.435888648033142,11,0.08127366006374359,0.06667607160816619
dirichlet,,0.4379805624485016,2.0969789028167725,10,0.22053617238998413,0.06667607160816619
dirichlet,,0.3049446642398834,1.5122406482696533,11,0.2655346095561981,0.06667607160816619
dirichlet,,0.35780298709869385,0.9760892987251282,9,0.1924300491809845,0.06667607160816619
dirichlet,,0.5530439019203186,1.3485372066497803,11,0.13421247899532318,0.06667607160816619
dirichlet,,0.3791198432445526,1.6180171966552734,10,0.16374346613883972,0.06667607160816619
dirichlet,,0.34038910269737244,1.6467275619506836,10,0.13325235247612,0.06667607160816619
dirichlet,,0.4526500105857849,1.6389057636260986,11,0.1120210811495781,0.06667607160816619
dirichlet,,0.593034565448761,2.1559503078460693,11,0.15220847725868225,0.06667607160816619
dirichlet,,0.37962764501571655,1.3315378427505493,11,0.1337566077709198,0.06667607160816619
dirichlet,,0.6200374364852905,1.0265175104141235,10,0.13125815987586975,0.06667607160816619
dirichlet,,0.47376808524131775,1.483082890510559,10,0.18354007601737976,0.06667607160816619
dirichlet,,0.4765901565551758,1.3784053325653076,10,0.1473565399646759,0.06667607160816619
dirichlet,,0.40369707345962524,0.922563374042511,11,0.15360692143440247,0.06667607160816619
dirichlet,,0.4526953101158142,1.4128504991531372,11,0.10801675915718079,0.06667607160816619
dirichlet,,0.6035508513450623,2.1636862754821777,10,0.09851856529712677,0.06667607160816619
dirichlet,,0.5890827775001526,1.776163101196289,11,0.22427310049533844,0.06667607160816619
dirichlet,,0.5355561971664429,0.8707486987113953,10,0.17253434658050537,0.06667607160816619
dirichlet,,0.615104079246521,2.1386423110961914,11,0.09723390638828278,0.06667607160816619
dirichlet,,0.41475406289100647,0.831853985786438,10,0.12387807667255402,0.06667607160816619
dirichlet,,0.5219383239746094,1.1649909019470215,10,0.1984775960445404,0.06667607160816619
dirichlet,,0.3513821065425873,1.0839555263519287,10,0.05019596219062805,0.06667607160816619
dirichlet,,0.5798615217208862,1.0885157585144043,10,0.08399102091789246,0.06667607160816619
dirichlet,,0.5613114237785339,1.0072195529937744,11,0.10455901175737381,0.06667607160816619
dirichlet,,0.29577168822288513,1.2663429975509644,10,0.1637951135635376,0.06667607160816619
dirichlet,,0.26973164081573486,1.2557729482650757,11,0.11682464927434921,0.06667607160816619
dirichlet,,0.4672433137893677,1.4899877309799194,11,0.1259213238954544,0.06667607160816619
dirichlet,,0.2902720868587494,0.7890294194221497,10,0.18130411207675934,0.06667607160816619
dirichlet,,0.5439879894256592,1.8544641733169556,10,0.3124597370624542,0.06667607160816619
dirichlet,,0.5103387832641602,1.0200891494750977,10,0.19069594144821167,0.06667607160816619
dirichlet,,0.3981053829193115,1.4959229230880737,11,0.10893770307302475,0.06667607160816619
dirichlet,,0.6112171411514282,1.2541656494140625,11,0.1465829759836197,0.06667607160816619
dirichlet,,0.7320926189422607,2.125662326812744,10,0.17560777068138123,0.06667607160816619
dirichlet,,0.5519183874130249,1.9594825506210327,10,0.10439657419919968,0.06667607160816619
dirichlet,,0.5293742418289185,1.3664557933807373,10,0.1659800112247467,0.06667607160816619
dirichlet,,0.5178752541542053,1.6006542444229126,11,0.0671636089682579,0.06667607160816619
dirichlet,,0.6106858849525452,1.011344075202942,9,0.1856347918510437,0.06667607160816619
dirichlet,,0.6193979978561401,1.5494955778121948,11,0.08816689997911453,0.06667607160816619
dirichlet,,0.39551234245300293,1.5985187292099,12,0.2758573293685913,0.06667607160816619
dirichlet,,0.44296255707740784,1.2756158113479614,8,0.08320225775241852,0.06667607160816619
dirichlet,,0.3899969458580017,0.9191587567329407,9,0.20145471394062042,0.06667607160816619
dirichlet,,0.45964860916137695,1.0543406009674072,11,0.07586401700973511,0.06667607160816619
dirichlet,,0.3929611146450043,1.395887851715088,10,0.13865095376968384,0.06667607160816619
dirichlet,,0.4815095365047455,1.338974118232727,10,0.08358573913574219,0.06667607160816619
dirichlet,,0.3252008557319641,0.7971112728118896,7,0.1022292971611023,0.06667607160816619
dirichlet,,0.49313676357269287,1.8628175258636475,11,0.27951645851135254,0.06667607160816619
dirichlet,,0.7710365653038025,1.4324519634246826,11,0.07429423928260803,0.06667607160816619
dirichlet,,0.5106907486915588,1.0368832349777222,10,0.10179965198040009,0.06667607160816619
dirichlet,,0.5061817765235901,1.5987448692321777,11,0.14476600289344788,0.06667607160816619
dirichlet,,0.5933602452278137,2.0163631439208984,9,0.2003764659166336,0.06667607160816619
dirichlet,,0.23098468780517578,1.0715073347091675,11,0.08543461561203003,0.06667607160816619
dirichlet,,0.439606636762619,1.5984418392181396,10,0.11401528120040894,0.06667607160816619
dirichlet,,0.5421037673950195,1.621090292930603,11,0.12999363243579865,0.06667607160816619
dirichlet,,0.572971522808075,1.9840377569198608,11,0.14396092295646667,0.06667607160816619
dirichlet,,0.35022595524787903,1.7161266803741455,10,0.09956663846969604,0.06667607160816619
dirichlet,,0.4100532531738281,0.966396152973175,9,0.0940869152545929,0.06667607160816619
dirichlet,,0.6303262710571289,2.0692553520202637,11,0.17219874262809753,0.06667607160816619
dirichlet,,0.47620224952697754,1.7490742206573486,10,0.1025737076997757,0.06667607160816619
dirichlet,,0.5111212730407715,1.5060770511627197,9,0.22370852530002594,0.06667607160816619
dirichlet,,0.5761877298355103,1.8207820653915405,8,0.24290460348129272,0.06667607160816619
dirichlet,,0.49172303080558777,1.1452651023864746,11,0.12648046016693115,0.06667607160816619
dirichlet,,0.47882330417633057,1.2129578590393066,9,0.21005858480930328,0.06667607160816619
dirichlet,,0.6053354740142822,1.8128817081451416,11,0.20033392310142517,0.06667607160816619
dirichlet,,0.49408480525016785,2.100421905517578,11,0.08150394260883331,0.06667607160816619
dirichlet,,0.43364930152893066,2.0004401206970215,10,0.10939677059650421,0.06667607160816619
dirichlet,,0.4999109208583832,1.5463725328445435,10,0.15291380882263184,0.06667607160816619
dirichlet,,0.5283901691436768,1.0650098323822021,10,0.12989023327827454,0.06667607160816619
dirichlet,,0.45578137040138245,1.6224244832992554,11,0.1579596847295761,0.06667607160816619
dirichlet,,0.42207351326942444,1.6504881381988525,10,0.14025618135929108,0.06667607160816619
dirichlet,,0.4086947739124298,0.9191855192184448,9,0.21407413482666016,0.06667607160816619
dirichlet,,0.5558130145072937,1.9039385318756104,10,0.0669221431016922,0.06667607160816619
dirichlet,,0.476703017950058,1.6918538808822632,11,0.10399413108825684,0.06667607160816619
dirichlet,,0.4856575131416321,1.987328290939331,11,0.1285575032234192,0.06667607160816619
dirichlet,,0.5306549072265625,1.1420928239822388,10,0.08771796524524689,0.06667607160816619
dirichlet,,0.4033265709877014,1.5229239463806152,11,0.13074013590812683,0.06667607160816619
dirichlet,,0.5279526710510254,1.0721008777618408,11,0.09864640235900879,0.06667607160816619
dirichlet,,0.7518758177757263,1.7590436935424805,10,0.27962812781333923,0.06667607160816619
dirichlet,,0.47472888231277466,1.490670919418335,10,0.26199156045913696,0.06667607160816619
dirichlet,,0.44688063859939575,1.5190792083740234,10,0.10093002021312714,0.06667607160816619
dirichlet,,0.3535015881061554,1.1528522968292236,10,0.09693692624568939,0.06667607160816619
dirichlet,,0.5529889464378357,2.10520601272583,10,0.10537465661764145,0.06667607160816619
dirichlet,,0.45339125394821167,1.3560987710952759,9,0.21602976322174072,0.06667607160816619
dirichlet,,0.5550029873847961,1.7062286138534546,11,0.12537282705307007,0.06667607160816619
dirichlet,,0.2655410170555115,1.1381505727767944,11,0.16077810525894165,0.06667607160816619
dirichlet,,0.4282657206058502,1.327567458152771,11,0.1338948905467987,0.06667607160816619
dirichlet,,0.5273688435554504,1.9524595737457275,10,0.21814006567001343,0.06667607160816619
dirichlet,,0.5254532098770142,0.9798134565353394,10,0.1513843834400177,0.06667607160816619
dirichlet,,0.27929797768592834,0.8486119508743286,10,0.18864813446998596,0.06667607160816619
dirichlet,,0.3817519247531891,1.7755581140518188,10,0.16178807616233826,0.06667607160816619
dirichlet,,0.3615579307079315,1.200751543045044,10,0.11779598891735077,0.06667607160816619
dirichlet,,0.38607531785964966,1.4893443584442139,11,0.1064387708902359,0.06667607160816619
dirichlet,,0.5241836309432983,1.5240448713302612,10,0.1335274875164032,0.06667607160816619
dirichlet,,0.41675689816474915,1.166424036026001,10,0.1728144735097885,0.06667607160816619
dirichlet,,0.7262824773788452,1.704575777053833,11,0.11812206357717514,0.06667607160816619
dirichlet,,0.3628743290901184,1.1463029384613037,9,0.13130755722522736,0.06667607160816619
dirichlet,,0.4017585515975952,1.4185912609100342,9,0.11701057851314545,0.06667607160816619
dirichlet,,0.5829005837440491,1.0483654737472534,11,0.10126681625843048,0.06667607160816619
dirichlet,,0.4959195852279663,1.4352138042449951,9,0.11847485601902008,0.06667607160816619
dirichlet,,0.3920881450176239,1.6097694635391235,10,0.11788997054100037,0.06667607160816619
dirichlet,,0.5116847157478333,2.1136868000030518,11,0.20041120052337646,0.06667607160816619
dirichlet,,0.5318809747695923,0.6856431365013123,11,0.19975949823856354,0.06667607160816619
dirichlet,,0.6015248894691467,1.7445961236953735,10,0.26175883412361145,0.06667607160816619
dirichlet,,0.46674638986587524,1.4886783361434937,12,0.17510652542114258,0.06667607160816619
dirichlet,,0.4596884548664093,1.632279634475708,11,0.13516245782375336,0.06667607160816619
dirichlet,,0.2618924081325531,1.1848795413970947,11,0.1601479947566986,0.06667607160816619
dirichlet,,0.6640888452529907,2.0560364723205566,11,0.1723739206790924,0.06667607160816619
dirichlet,,0.35176190733909607,1.4717013835906982,9,0.15669357776641846,0.06667607160816619
dirichlet,,0.6841503381729126,1.8245099782943726,10,0.11626296490430832,0.06667607160816619
dirichlet,,0.48078837990760803,2.049575090408325,10,0.13115933537483215,0.06667607160816619
dirichlet,,0.4222000539302826,1.3843681812286377,10,0.12829801440238953,0.06667607160816619
dirichlet,,0.25148627161979675,1.3189153671264648,10,0.0744057297706604,0.06667607160816619
dirichlet,,0.421649694442749,1.8372423648834229,10,0.07884146273136139,0.06667607160816619
dirichlet,,0.4629589915275574,1.4899989366531372,9,0.12274068593978882,0.06667607160816619
dirichlet,,0.36078503727912903,1.1785832643508911,12,0.13134658336639404,0.06667607160816619
dirichlet,,0.4359257221221924,1.4969005584716797,8,0.09816945344209671,0.06667607160816619
dirichlet,,0.35728344321250916,0.895691990852356,10,0.19384150207042694,0.06667607160816619
dirichlet,,0.457567423582077,1.1931337118148804,9,0.10165524482727051,0.06667607160816619
dirichlet,,0.6647025942802429,1.6889231204986572,10,0.11891945451498032,0.06667607160816619
dirichlet,,0.6146115064620972,2.087745189666748,11,0.10994186252355576,0.06667607160816619
dirichlet,,0.2580467760562897,0.5907281637191772,11,0.22883707284927368,0.06667607160816619
dirichlet,,0.47693371772766113,1.9953664541244507,11,0.14310184121131897,0.06667607160816619
dirichlet,,0.4080698490142822,1.1189125776290894,9,0.16962003707885742,0.06667607160816619
dirichlet,,0.42029058933258057,1.7388032674789429,10,0.14293412864208221,0.06667607160816619
dirichlet,,0.4602892994880676,1.0703481435775757,12,0.130161315202713,0.06667607160816619
dirichlet,,0.3572884798049927,1.2686342000961304,11,0.13170212507247925,0.06667607160816619
dirichlet,,0.48592835664749146,1.568350911140442,11,0.12377119064331055,0.06667607160816619
dirichlet,,0.4646896421909332,1.4525856971740723,11,0.14877241849899292,0.06667607160816619
dirichlet,,0.6611289978027344,2.2956111431121826,11,0.1490851491689682,0.06667607160816619
dirichlet,,0.4967559278011322,2.250465154647827,10,0.14307792484760284,0.06667607160816619
dirichlet,,0.5021957159042358,1.3959410190582275,11,0.10497377812862396,0.06667607160816619
dirichlet,,0.5218307375907898,1.5725557804107666,8,0.09677520394325256,0.06667607160816619
dirichlet,,0.4351175129413605,1.6552362442016602,12,0.1371738463640213,0.06667607160816619
dirichlet,,0.4344259798526764,1.5260894298553467,8,0.08957993984222412,0.06667607160816619
dirichlet,,0.5283437371253967,2.0739071369171143,12,0.14874771237373352,0.06667607160816619
dirichlet,,0.21577109396457672,1.0693790912628174,10,0.08055239915847778,0.06667607160816619
dirichlet,,0.6708677411079407,2.315585136413574,9,0.13071638345718384,0.06667607160816619
dirichlet,,0.46976998448371887,1.5296249389648438,12,0.19982406497001648,0.06667607160816619
dirichlet,,0.5438873767852783,1.8863060474395752,11,0.1593128740787506,0.06667607160816619
dirichlet,,0.5580746531486511,1.578997254371643,10,0.13455066084861755,0.06667607160816619
dirichlet,,0.4776456952095032,1.3463711738586426,11,0.2034982591867447,0.06667607160816619
dirichlet,,0.3307555317878723,1.6306902170181274,9,0.08570173382759094,0.06667607160816619
dirichlet,,0.4956384599208832,1.7514632940292358,11,0.2884671688079834,0.06667607160816619
dirichlet,,0.42700904607772827,0.8772457838058472,9,0.1945050060749054,0.06667607160816619
dirichlet,,0.4240713119506836,1.4710981845855713,12,0.14492812752723694,0.06667607160816619
dirichlet,,0.42523983120918274,1.5295331478118896,11,0.07015211880207062,0.06667607160816619
dirichlet,,0.5109665989875793,1.5393198728561401,10,0.11166796088218689,0.06667607160816619
dirichlet,,0.48959359526634216,1.6036198139190674,11,0.16213253140449524,0.06667607160816619
dirichlet,,0.4560103416442871,2.086355686187744,11,0.13974729180335999,0.06667607160816619
dirichlet,,0.5045413970947266,1.2131649255752563,9,0.15717613697052002,0.06667607160816619
dirichlet,,0.5480020046234131,0.9637524485588074,11,0.19424429535865784,0.06667607160816619
dirichlet,,0.5200722813606262,1.8721805810928345,11,0.12852226197719574,0.06667607160816619
dirichlet,,0.35690242052078247,1.1943488121032715,8,0.10431773960590363,0.06667607160816619
dirichlet,,0.49656403064727783,1.3676124811172485,11,0.18139855563640594,0.06667607160816619
dirichlet,,0.30801787972450256,1.9131505489349365,11,0.10302659869194031,0.06667607160816619
dirichlet,,0.555671751499176,1.2170027494430542,9,0.08140861988067627,0.06667607160816619
dirichlet,,0.5151327848434448,1.8933172225952148,10,0.15977218747138977,0.06667607160816619
dirichlet,,0.5008834600448608,1.8048760890960693,12,0.10258800536394119,0.06667607160816619
dirichlet,,0.5384814739227295,1.6353743076324463,11,0.10468284785747528,0.06667607160816619
dirichlet,,0.6660142540931702,1.4988648891448975,10,0.1910315603017807,0.06667607160816619
dirichlet,,0.39170119166374207,0.9693381190299988,9,0.12846097350120544,0.06667607160816619
dirichlet,,0.6189095973968506,1.3977811336517334,12,0.07848265767097473,0.06667607160816619
dirichlet,,0.3946448862552643,1.4405629634857178,11,0.1246628537774086,0.06667607160816619
dirichlet,,0.3922690749168396,1.7523844242095947,11,0.09276704490184784,0.06667607160816619
dirichlet,,0.37975093722343445,0.6932392716407776,10,0.14311346411705017,0.06667607160816619
dirichlet,,0.28026095032691956,1.6682624816894531,11,0.1479397565126419,0.06667607160816619
dirichlet,,0.5602385401725769,1.5724326372146606,10,0.21778540313243866,0.06667607160816619
dirichlet,,0.7200290560722351,1.3951301574707031,11,0.14158201217651367,0.06667607160816619
dirichlet,,0.5934742093086243,1.500756859779358,10,0.11271484941244125,0.06667607160816619
dirichlet,,0.4149901270866394,1.3532456159591675,11,0.18864086270332336,0.06667607160816619
dirichlet,,0.515458881855011,1.468765139579773,10,0.08948516845703125,0.06667607160816619
dirichlet,,0.5027351975440979,1.6552455425262451,10,0.14167378842830658,0.06667607160816619
dirichlet,,0.44191548228263855,1.709811806678772,10,0.1697893738746643,0.06667607160816619
dirichlet,,0.35200628638267517,1.6062819957733154,11,0.18389110267162323,0.06667607160816619
dirichlet,,0.36173200607299805,1.5774714946746826,10,0.07906429469585419,0.06667607160816619
dirichlet,,0.6385288238525391,1.679944396018982,10,0.23195084929466248,0.06667607160816619
dirichlet,,0.4940139055252075,1.5553216934204102,10,0.09060537070035934,0.06667607160816619
dirichlet,,0.432074636220932,1.4707667827606201,12,0.1432378590106964,0.06667607160816619
dirichlet,,0.4390096366405487,1.8356752395629883,9,0.10739203542470932,0.06667607160816619
dirichlet,,0.47499537467956543,1.6527665853500366,10,0.08976306021213531,0.06667607160816619
dirichlet,,0.5229535102844238,1.4586082696914673,10,0.11893816292285919,0.06667607160816619
dirichlet,,0.45552322268486023,1.9857937097549438,11,0.12514261901378632,0.06667607160816619
dirichlet,,0.6579865217208862,1.93740975856781,11,0.09273269772529602,0.06667607160816619
dirichlet,,0.5027886033058167,2.490551471710205,12,0.16084012389183044,0.06667607160816619
dirichlet,,0.653391420841217,1.576400876045227,10,0.07900669425725937,0.06667607160816619
dirichlet,,0.3892868459224701,1.3038063049316406,9,0.0958477258682251,0.06667607160816619
dirichlet,,0.2746112048625946,1.0026782751083374,11,0.1499551236629486,0.06667607160816619
dirichlet,,0.4965185523033142,1.4894497394561768,11,0.09812499582767487,0.06667607160816619
dirichlet,,0.4317379295825958,1.3931719064712524,11,0.12053456902503967,0.06667607160816619
dirichlet,,0.440040647983551,1.4067667722702026,10,0.0697547048330307,0.06667607160816619
dirichlet,,0.3986265957355499,1.6319926977157593,11,0.13847042620182037,0.06667607160816619
dirichlet,,0.6221268177032471,1.4951303005218506,11,0.21784476935863495,0.06667607160816619
dirichlet,,0.444594144821167,2.043520450592041,10,0.23045247793197632,0.06667607160816619
dirichlet,,0.38131025433540344,1.0905362367630005,9,0.2993267774581909,0.06667607160816619
dirichlet,,0.5634511113166809,1.5508683919906616,10,0.14992111921310425,0.06667607160816619
dirichlet,,0.554097592830658,2.3080334663391113,11,0.07920564711093903,0.06667607160816619
dirichlet,,0.455611914396286,1.908439040184021,11,0.14823532104492188,0.06667607160816619
dirichlet,,0.31720250844955444,1.7442758083343506,11,0.1025209128856659,0.06667607160816619
dirichlet,,0.4884389638900757,1.7691653966903687,10,0.172734797000885,0.06667607160816619
dirichlet,,0.39323553442955017,1.3083021640777588,11,0.15630219876766205,0.06667607160816619
dirichlet,,0.5158916711807251,1.1495920419692993,11,0.11492377519607544,0.06667607160816619
dirichlet,,0.36339271068573,1.5069926977157593,10,0.11538675427436829,0.06667607160816619
dirichlet,,0.3729040324687958,1.3671598434448242,11,0.11604294180870056,0.06667607160816619
dirichlet,,0.4465807378292084,1.5477087497711182,10,0.12512294948101044,0.06667607160816619
dirichlet,,0.5101672410964966,2.227896213531494,12,0.17584538459777832,0.06667607160816619
dirichlet,,0.37994953989982605,1.220807433128357,10,0.16744208335876465,0.06667607160816619
dirichlet,,0.5119024515151978,1.1349704265594482,10,0.16160455346107483,0.06667607160816619
dirichlet,,0.5060786604881287,1.5805938243865967,11,0.19294562935829163,0.06667607160816619
dirichlet,,0.3656410276889801,1.5567823648452759,11,0.17298786342144012,0.06667607160816619
dirichlet,,0.36538082361221313,1.2362151145935059,10,0.15249578654766083,0.06667607160816619
dirichlet,,0.397789865732193,1.8867425918579102,11,0.0837092325091362,0.06667607160816619
dirichlet,,0.618327796459198,1.335776686668396,10,0.1481386125087738,0.06667607160816619
dirichlet,,0.40931975841522217,1.5172358751296997,10,0.062404513359069824,0.06667607160816619
dirichlet,,0.4642569124698639,1.4719102382659912,10,0.1025335043668747,0.06667607160816619
dirichlet,,0.4153302311897278,1.3459463119506836,11,0.12504369020462036,0.06667607160816619
dirichlet,,0.4097335636615753,1.6086418628692627,11,0.10553163290023804,0.06667607160816619
dirichlet,,0.3901212811470032,1.6250816583633423,11,0.15161286294460297,0.06667607160816619
dirichlet,,0.583859920501709,1.6193523406982422,11,0.1766490638256073,0.06667607160816619
dirichlet,,0.48149940371513367,1.2254573106765747,11,0.1463603973388672,0.06667607160816619
dirichlet,,0.31773683428764343,1.2398858070373535,10,0.12790970504283905,0.06667607160816619
dirichlet,,0.5498390793800354,1.8275597095489502,10,0.21769163012504578,0.06667607160816619
dirichlet,,0.3487588167190552,1.190018653869629,11,0.1969788521528244,0.06667607160816619
dirichlet,,0.3007512390613556,0.5404956340789795,10,0.2330525815486908,0.06667607160816619
dirichlet,,0.4741513133049011,1.2772077322006226,11,0.1629621535539627,0.06667607160816619
dirichlet,,0.6145687103271484,1.80465829372406,11,0.176829993724823,0.06667607160816619
dirichlet,,0.3558378219604492,1.239911437034607,11,0.11529065668582916,0.06667607160816619
dirichlet,,0.3090287744998932,1.5820854902267456,10,0.1323717087507248,0.06667607160816619
dirichlet,,0.5958262085914612,1.5150394439697266,11,0.12694931030273438,0.06667607160816619
dirichlet,,0.5947604775428772,1.4358913898468018,11,0.09608496725559235,0.06667607160816619
dirichlet,,0.5038130283355713,1.2591140270233154,9,0.18934088945388794,0.06667607160816619
dirichlet,,0.2719132900238037,1.2822474241256714,10,0.16502507030963898,0.06667607160816619
dirichlet,,0.5440163612365723,2.055722713470459,11,0.22036637365818024,0.06667607160816619
dirichlet,,0.4357570707798004,1.0104035139083862,11,0.2534080743789673,0.06667607160816619
dirichlet,,0.4064238667488098,1.9847519397735596,11,0.07340621203184128,0.06667607160816619
dirichlet,,0.5801337361335754,1.9343633651733398,11,0.08992164582014084,0.06667607160816619
dirichlet,,0.5649296045303345,1.7215980291366577,9,0.17796500027179718,0.06667607160816619
dirichlet,,0.31439682841300964,1.510972023010254,11,0.1372929811477661,0.06667607160816619
dirichlet,,0.5527731776237488,0.9329603314399719,10,0.18771269917488098,0.06667607160816619
dirichlet,,0.4780140221118927,0.8852540254592896,11,0.15496870875358582,0.06667607160816619
dirichlet,,0.38288426399230957,0.5596374273300171,12,0.10806135833263397,0.06667607160816619
dirichlet,,0.3651818335056305,1.3916501998901367,11,0.08048908412456512,0.06667607160816619
dirichlet,,0.7230918407440186,1.8084999322891235,11,0.11270003020763397,0.06667607160816619
dirichlet,,0.3976159989833832,1.1346651315689087,11,0.1567697525024414,0.06667607160816619
dirichlet,,0.679185688495636,2.209916353225708,11,0.23886363208293915,0.06667607160816619
dirichlet,,0.44873955845832825,1.6132522821426392,11,0.13779199123382568,0.06667607160816619
dirichlet,,0.41823017597198486,1.7843109369277954,11,0.12002915143966675,0.06667607160816619
dirichlet,,0.5855014324188232,2.007861852645874,10,0.16159942746162415,0.06667607160816619
dirichlet,,0.4362942576408386,0.7060935497283936,12,0.1809934377670288,0.06667607160816619
dirichlet,,0.5034324526786804,1.6172864437103271,10,0.22774778306484222,0.06667607160816619
dirichlet,,0.4364610016345978,0.9271332025527954,10,0.17351341247558594,0.06667607160816619
dirichlet,,0.4671306908130646,1.8313395977020264,10,0.17641626298427582,0.06667607160816619
dirichlet,,0.6511917114257812,1.5452115535736084,11,0.12441183626651764,0.06667607160816619
dirichlet,,0.29129457473754883,1.6660019159317017,11,0.09632237255573273,0.06667607160816619
dirichlet,,0.4208090305328369,1.5463230609893799,9,0.10573301464319229,0.06667607160816619
dirichlet,,0.3309662938117981,2.0794031620025635,12,0.0866500735282898,0.06667607160816619
dirichlet,,0.3766774833202362,1.0114487409591675,10,0.16790398955345154,0.06667607160816619
dirichlet,,0.5429942607879639,1.7222983837127686,11,0.1514742076396942,0.06667607160816619
dirichlet,,0.4100249409675598,0.8325678706169128,8,0.09644939005374908,0.06667607160816619
dirichlet,,0.36735430359840393,1.6675093173980713,11,0.10091923177242279,0.06667607160816619
dirichlet,,0.6115086078643799,1.771156668663025,11,0.08854731172323227,0.06667607160816619
dirichlet,,0.39535751938819885,0.7698227763175964,11,0.21121011674404144,0.06667607160816619
dirichlet,,0.36501798033714294,1.1944818496704102,11,0.07073134183883667,0.06667607160816619
dirichlet,,0.5792030096054077,1.662292718887329,11,0.15872550010681152,0.06667607160816619
dirichlet,,0.40983039140701294,1.6861498355865479,9,0.17381763458251953,0.06667607160816619
dirichlet,,0.3284919261932373,1.6969757080078125,9,0.1644420623779297,0.06667607160816619
dirichlet,,0.41174352169036865,1.601243019104004,11,0.11540696024894714,0.06667607160816619
dirichlet,,0.4417877495288849,1.5174185037612915,11,0.1262466311454773,0.06667607160816619
dirichlet,,0.366873174905777,1.2399240732192993,11,0.11487847566604614,0.06667607160816619
dirichlet,,0.6534679532051086,1.4470012187957764,10,0.1960938274860382,0.06667607160816619
dirichlet,,0.30679643154144287,1.133455514907837,10,0.20205077528953552,0.06667607160816619
dirichlet,,0.5690798759460449,1.5449268817901611,10,0.11679805815219879,0.06667607160816619
dirichlet,,0.3336542546749115,1.7249088287353516,11,0.05047944560647011,0.06667607160816619
dirichlet,,0.4326639473438263,0.9416966438293457,11,0.17465300858020782,0.06667607160816619
dirichlet,,0.37475088238716125,1.2858226299285889,10,0.10856721550226212,0.06667607160816619
dirichlet,,0.4531960189342499,1.1401090621948242,10,0.13000383973121643,0.06667607160816619
dirichlet,,0.28883111476898193,0.9243676066398621,10,0.13987654447555542,0.06667607160816619
dirichlet,,0.49009841680526733,1.4957683086395264,9,0.12013722211122513,0.06667607160816619
dirichlet,,0.39437708258628845,1.1796588897705078,11,0.0566423162817955,0.06667607160816619
dirichlet,,0.6149707436561584,1.3955186605453491,10,0.11112936586141586,0.06667607160816619
dirichlet,,0.3643566370010376,0.9978958368301392,10,0.1693401038646698,0.06667607160816619
dirichlet,,0.3482803702354431,1.7884525060653687,12,0.12257147580385208,0.06667607160816619
dirichlet,,0.5031856298446655,1.5886965990066528,10,0.09528826922178268,0.06667607160816619
dirichlet,,0.40892642736434937,1.3122658729553223,9,0.13782110810279846,0.06667607160816619
dirichlet,,0.525499701499939,1.4826457500457764,10,0.11349058151245117,0.06667607160816619
dirichlet,,0.4649035930633545,2.2576470375061035,10,0.1285397857427597,0.06667607160816619
dirichlet,,0.5341483950614929,1.308037281036377,12,0.07944347709417343,0.06667607160816619
dirichlet,,0.5077022314071655,0.9637265205383301,11,0.15603849291801453,0.06667607160816619
dirichlet,,0.508473813533783,1.8272192478179932,10,0.26407185196876526,0.06667607160816619
dirichlet,,0.4955364167690277,1.8429043292999268,11,0.2106822431087494,0.06667607160816619
dirichlet,,0.5681372284889221,1.5449821949005127,11,0.13373233377933502,0.06667607160816619
dirichlet,,0.35927268862724304,1.634423851966858,10,0.272189736366272,0.06667607160816619
dirichlet,,0.5352225303649902,1.2441481351852417,10,0.26213037967681885,0.06667607160816619
dirichlet,,0.3734506070613861,0.5037735104560852,9,0.18782705068588257,0.06667607160816619
dirichlet,,0.2514837086200714,1.027319312095642,10,0.19621320068836212,0.06667607160816619
dirichlet,,0.6105902194976807,1.5016740560531616,11,0.1350773721933365,0.06667607160816619
dirichlet,,0.37963008880615234,0.986395537853241,11,0.14353832602500916,0.06667607160816619
dirichlet,,0.31145331263542175,1.7168986797332764,10,0.22181090712547302,0.06667607160816619
dirichlet,,0.3472146689891815,1.903182029724121,12,0.1342998445034027,0.06667607160816619
dirichlet,,0.4585054814815521,0.9079306721687317,10,0.18874484300613403,0.06667607160816619
dirichlet,,0.4749935269355774,1.2587814331054688,10,0.13658131659030914,0.06667607160816619
dirichlet,,0.4418799877166748,1.6373908519744873,11,0.07975725084543228,0.06667607160816619
dirichlet,,0.3978651463985443,1.8474156856536865,12,0.08224703371524811,0.06667607160816619
dirichlet,,0.5403991341590881,0.9651185870170593,9,0.08882539719343185,0.06667607160816619
dirichlet,,0.4556592106819153,1.5737817287445068,11,0.12970757484436035,0.06667607160816619
dirichlet,,0.5413098931312561,2.0828962326049805,12,0.12344209849834442,0.06667607160816619
dirichlet,,0.7076154351234436,1.4593532085418701,10,0.1596553921699524,0.06667607160816619
dirichlet,,0.5213713645935059,1.5523041486740112,12,0.11273612827062607,0.06667607160816619
dirichlet,,0.6843259930610657,1.8987064361572266,11,0.11654649674892426,0.06667607160816619
dirichlet,,0.4109380543231964,0.9945448040962219,12,0.20155540108680725,0.06667607160816619
dirichlet,,0.6193013787269592,1.6946232318878174,10,0.19902044534683228,0.06667607160816619
dirichlet,,0.3345329165458679,1.7019497156143188,11,0.10372917354106903,0.06667607160816619
dirichlet,,0.5873332619667053,0.8471922874450684,9,0.14462488889694214,0.06667607160816619
dirichlet,,0.4033585488796234,1.1161327362060547,10,0.1970207393169403,0.06667607160816619
dirichlet,,0.445715069770813,0.778496265411377,10,0.1468750536441803,0.06667607160816619
dirichlet,,0.4651760458946228,1.340743064880371,11,0.22291937470436096,0.06667607160816619
dirichlet,,0.3563733994960785,1.538982629776001,10,0.12421891838312149,0.06667607160816619
dirichlet,,0.5412905216217041,2.2128798961639404,11,0.12027512490749359,0.06667607160816619
dirichlet,,0.38323062658309937,1.018028736114502,10,0.21555520594120026,0.06667607160816619
dirichlet,,0.6210166215896606,2.2740445137023926,11,0.17884083092212677,0.06667607160816619
dirichlet,,0.41421717405319214,1.3991186618804932,9,0.12337570637464523,0.06667607160816619
dirichlet,,0.4518163502216339,1.680039644241333,12,0.09033657610416412,0.06667607160816619
dirichlet,,0.43067508935928345,1.4863795042037964,8,0.11847590655088425,0.06667607160816619
dirichlet,,0.6184101104736328,1.5296474695205688,10,0.10775300115346909,0.06667607160816619
dirichlet,,0.577556848526001,1.5269124507904053,10,0.15951618552207947,0.06667607160816619
dirichlet,,0.3689987063407898,1.423831582069397,10,0.10343677550554276,0.06667607160816619
dirichlet,,0.48395881056785583,1.7024624347686768,8,0.11487215012311935,0.06667607160816619
dirichlet,,0.5080102682113647,1.730865716934204,11,0.1316089928150177,0.06667607160816619
dirichlet,,0.5094705820083618,2.015958309173584,10,0.16268590092658997,0.06667607160816619
dirichlet,,0.3481181561946869,1.2950340509414673,11,0.13984723389148712,0.06667607160816619
dirichlet,,0.4243069887161255,2.164250612258911,10,0.16985903680324554,0.06667607160816619
dirichlet,,0.6571052670478821,1.1961381435394287,10,0.1025237888097763,0.06667607160816619
dirichlet,,0.7909702062606812,1.48115074634552,11,0.15588140487670898,0.06667607160816619
dirichlet,,0.4485971927642822,1.6545791625976562,10,0.24084146320819855,0.06667607160816619
dirichlet,,0.5883907675743103,1.5947821140289307,9,0.186705082654953,0.06667607160816619
dirichlet,,0.26889973878860474,0.9507988691329956,10,0.09797308593988419,0.06667607160816619
dirichlet,,0.42432069778442383,1.434385895729065,11,0.2071426808834076,0.06667607160816619
dirichlet,,0.5040717124938965,1.5342800617218018,10,0.12072388827800751,0.06667607160816619
dirichlet,,0.4948388934135437,0.8087090253829956,10,0.13632524013519287,0.06667607160816619
dirichlet,,0.584459125995636,1.731215476989746,9,0.10596870630979538,0.06667607160816619
dirichlet,,0.7183840870857239,1.7064712047576904,10,0.1863749474287033,0.08891397050194613
dirichlet,,0.31520041823387146,1.897129774093628,11,0.16150076687335968,0.08891397050194613
dirichlet,,0.45544061064720154,1.9127371311187744,11,0.06948844343423843,0.08891397050194613
dirichlet,,0.5756751298904419,1.3412994146347046,10,0.25798532366752625,0.08891397050194613
dirichlet,,0.4061136245727539,1.4454256296157837,11,0.13596463203430176,0.08891397050194613
dirichlet,,0.5380452275276184,1.7818033695220947,10,0.16346366703510284,0.08891397050194613
dirichlet,,0.490423321723938,1.5168462991714478,10,0.19260865449905396,0.08891397050194613
dirichlet,,0.43867307901382446,1.3125689029693604,10,0.15109863877296448,0.08891397050194613
dirichlet,,0.41814088821411133,1.2695245742797852,10,0.21394026279449463,0.08891397050194613
dirichlet,,0.4213782250881195,1.246049165725708,10,0.12975353002548218,0.08891397050194613
dirichlet,,0.5540594458580017,1.30331289768219,11,0.1449151635169983,0.08891397050194613
dirichlet,,0.4044501781463623,0.9161497950553894,11,0.14572040736675262,0.08891397050194613
dirichlet,,0.30857938528060913,1.298523187637329,10,0.08606095612049103,0.08891397050194613
dirichlet,,0.5370191931724548,1.281677007675171,10,0.15488609671592712,0.08891397050194613
dirichlet,,0.37009868025779724,0.8602350354194641,11,0.14741680026054382,0.08891397050194613
dirichlet,,0.21487607061862946,1.5214788913726807,11,0.1821732372045517,0.08891397050194613
dirichlet,,0.6183140277862549,1.6408113241195679,10,0.19474419951438904,0.08891397050194613
dirichlet,,0.6266316771507263,1.9225858449935913,11,0.28066861629486084,0.08891397050194613
dirichlet,,0.416731059551239,1.3439210653305054,9,0.07340654730796814,0.08891397050194613
dirichlet,,0.2920422852039337,1.4421019554138184,11,0.11606467515230179,0.08891397050194613
dirichlet,,0.44686567783355713,1.3078937530517578,10,0.14699137210845947,0.08891397050194613
dirichlet,,0.38954848051071167,0.9205484390258789,10,0.1646028459072113,0.08891397050194613
dirichlet,,0.21961112320423126,1.1818501949310303,10,0.12717558443546295,0.08891397050194613
dirichlet,,0.5334072709083557,2.4274215698242188,11,0.17972493171691895,0.08891397050194613
dirichlet,,0.49828794598579407,1.815233826637268,11,0.1955520361661911,0.08891397050194613
dirichlet,,0.4429883062839508,1.5955307483673096,10,0.1276993304491043,0.08891397050194613
dirichlet,,0.2970370054244995,1.4402774572372437,11,0.26834630966186523,0.08891397050194613
dirichlet,,0.554902195930481,1.3847230672836304,9,0.1809408962726593,0.08891397050194613
dirichlet,,0.6616632342338562,1.763069748878479,12,0.19541800022125244,0.08891397050194613
dirichlet,,0.35882699489593506,1.5892224311828613,10,0.11832833290100098,0.08891397050194613
dirichlet,,0.3773265480995178,1.315922737121582,12,0.10763326287269592,0.08891397050194613
dirichlet,,0.24931849539279938,0.9506624937057495,11,0.09423945844173431,0.08891397050194613
dirichlet,,0.36985430121421814,0.9404616355895996,10,0.1740448772907257,0.08891397050194613
dirichlet,,0.306736022233963,0.615613579750061,11,0.18840426206588745,0.08891397050194613
dirichlet,,0.5490603446960449,1.0662785768508911,9,0.12726794183254242,0.08891397050194613
dirichlet,,0.26046815514564514,1.285430669784546,11,0.17021097242832184,0.08891397050194613
dirichlet,,0.3524100184440613,1.3322327136993408,12,0.12047570198774338,0.08891397050194613
dirichlet,,0.534831166267395,1.347074270248413,12,0.07676161825656891,0.08891397050194613
dirichlet,,0.4373415410518646,0.9586450457572937,12,0.07035478949546814,0.08891397050194613
dirichlet,,0.7085738182067871,1.3238835334777832,9,0.22168822586536407,0.08891397050194613
dirichlet,,0.5404369235038757,1.3280315399169922,12,0.12115693837404251,0.08891397050194613
dirichlet,,0.5757923722267151,1.781481146812439,9,0.2296866476535797,0.08891397050194613
dirichlet,,0.5203069448471069,1.3216259479522705,11,0.19873949885368347,0.08891397050194613
dirichlet,,0.2748216390609741,1.875462293624878,9,0.14153437316417694,0.08891397050194613
dirichlet,,0.3842965066432953,1.6238702535629272,11,0.13157585263252258,0.08891397050194613
dirichlet,,0.7073301076889038,1.967185616493225,11,0.11971350014209747,0.08891397050194613
dirichlet,,0.7892453074455261,1.7080104351043701,10,0.14823377132415771,0.08891397050194613
dirichlet,,0.4938252866268158,1.5442274808883667,11,0.2613578736782074,0.08891397050194613
dirichlet,,0.2381165325641632,1.2766609191894531,10,0.07653985917568207,0.08891397050194613
dirichlet,,0.26651448011398315,1.057769536972046,10,0.15699416399002075,0.08891397050194613
dirichlet,,0.6338424682617188,1.6483192443847656,11,0.23222793638706207,0.08891397050194613
dirichlet,,0.5736958980560303,1.1717368364334106,10,0.0987701267004013,0.08891397050194613
dirichlet,,0.4070430397987366,0.9012134671211243,9,0.19769547879695892,0.08891397050194613
dirichlet,,0.4589383602142334,0.8490647077560425,10,0.1967921108007431,0.08891397050194613
dirichlet,,0.30701473355293274,0.7997034788131714,9,0.15799681842327118,0.08891397050194613
dirichlet,,0.5627962946891785,1.1653649806976318,11,0.11450129002332687,0.08891397050194613
dirichlet,,0.4762379229068756,1.2890839576721191,11,0.14306846261024475,0.08891397050194613
dirichlet,,0.5110210180282593,1.5992375612258911,9,0.1493208408355713,0.08891397050194613
dirichlet,,0.46842122077941895,0.814651370048523,10,0.18312111496925354,0.08891397050194613
dirichlet,,0.36527684330940247,0.9628389477729797,11,0.14898371696472168,0.08891397050194613
dirichlet,,0.4181857705116272,1.7939281463623047,11,0.17304573953151703,0.08891397050194613
dirichlet,,0.35097572207450867,1.2905387878417969,11,0.1963941901922226,0.08891397050194613
dirichlet,,0.41491296887397766,0.9832853078842163,11,0.19120456278324127,0.08891397050194613
dirichlet,,0.3805801272392273,1.6674808263778687,11,0.19784791767597198,0.08891397050194613
dirichlet,,0.27761518955230713,1.2664480209350586,10,0.15200653672218323,0.08891397050194613
dirichlet,,0.3653946816921234,0.9245477914810181,12,0.15401798486709595,0.08891397050194613
dirichlet,,0.35672786831855774,1.2114053964614868,11,0.1422998309135437,0.08891397050194613
dirichlet,,0.5020352602005005,1.7065703868865967,11,0.23613157868385315,0.08891397050194613
dirichlet,,0.36445799469947815,1.1089330911636353,9,0.07088681310415268,0.08891397050194613
dirichlet,,0.4876801073551178,2.239949941635132,10,0.19966435432434082,0.08891397050194613
dirichlet,,0.3878553509712219,1.228209137916565,10,0.176327645778656,0.08891397050194613
dirichlet,,0.37860819697380066,1.8761526346206665,11,0.14320766925811768,0.08891397050194613
dirichlet,,0.4317898750305176,1.8148138523101807,11,0.1640237271785736,0.08891397050194613
dirichlet,,0.40886080265045166,1.4114463329315186,9,0.14224180579185486,0.08891397050194613
dirichlet,,0.5147468447685242,1.1707710027694702,10,0.2216159999370575,0.08891397050194613
dirichlet,,0.3314872980117798,1.198087453842163,10,0.28901195526123047,0.08891397050194613
dirichlet,,0.4661943018436432,1.2661237716674805,10,0.19363850355148315,0.08891397050194613
dirichlet,,0.35134661197662354,1.7038427591323853,11,0.24823616445064545,0.08891397050194613
dirichlet,,0.5217454433441162,1.7301185131072998,10,0.28184860944747925,0.08891397050194613
dirichlet,,0.2843201160430908,1.091003656387329,8,0.1955365538597107,0.08891397050194613
dirichlet,,0.35742413997650146,1.8125455379486084,10,0.10986495018005371,0.08891397050194613
dirichlet,,0.5601237416267395,1.454961895942688,9,0.1112748458981514,0.08891397050194613
dirichlet,,0.495432049036026,1.661240577697754,10,0.19073496758937836,0.08891397050194613
dirichlet,,0.46391841769218445,1.318480372428894,11,0.17219407856464386,0.08891397050194613
dirichlet,,0.5263246297836304,1.779090166091919,10,0.12800423800945282,0.08891397050194613
dirichlet,,0.30350545048713684,0.9472559094429016,12,0.0860995203256607,0.08891397050194613
dirichlet,,0.2840341329574585,1.4164657592773438,11,0.07951116561889648,0.08891397050194613
dirichlet,,0.3823864459991455,1.1280597448349,11,0.10786355286836624,0.08891397050194613
dirichlet,,0.4982585310935974,1.818651556968689,11,0.32481586933135986,0.08891397050194613
dirichlet,,0.33034566044807434,1.137020230293274,10,0.18194901943206787,0.08891397050194613
dirichlet,,0.3428601920604706,1.363675832748413,10,0.1412571668624878,0.08891397050194613
dirichlet,,0.4338169991970062,1.2553883790969849,10,0.08919117599725723,0.08891397050194613
dirichlet,,0.44383352994918823,1.7939069271087646,10,0.2673380970954895,0.08891397050194613
dirichlet,,0.3285439610481262,1.1760715246200562,10,0.1347137838602066,0.08891397050194613
dirichlet,,0.5906590223312378,1.3551509380340576,9,0.18226966261863708,0.08891397050194613
dirichlet,,0.543520987033844,1.3158303499221802,9,0.14759917557239532,0.08891397050194613
dirichlet,,0.2109629362821579,1.1629164218902588,12,0.09773487597703934,0.08891397050194613
dirichlet,,0.40062403678894043,1.4052894115447998,10,0.2747187614440918,0.08891397050194613
dirichlet,,0.4747336208820343,1.6054461002349854,9,0.19533395767211914,0.08891397050194613
dirichlet,,0.22151431441307068,1.7778018712997437,11,0.17597182095050812,0.08891397050194613
dirichlet,,0.5321893095970154,1.7687499523162842,11,0.17453140020370483,0.08891397050194613
dirichlet,,0.556388795375824,0.942213237285614,10,0.08500796556472778,0.08891397050194613
dirichlet,,0.37938690185546875,0.9315896034240723,11,0.1033392995595932,0.08891397050194613
dirichlet,,0.35118988156318665,1.8518848419189453,10,0.11690809577703476,0.08891397050194613
dirichlet,,0.38183730840682983,1.503296971321106,11,0.1494554877281189,0.08891397050194613
dirichlet,,0.6428928375244141,1.6697486639022827,10,0.1708378940820694,0.08891397050194613
dirichlet,,0.4160239100456238,1.3225867748260498,9,0.13114477694034576,0.08891397050194613
dirichlet,,0.44199439883232117,1.008691430091858,10,0.15871742367744446,0.08891397050194613
dirichlet,,0.3726608157157898,1.6347897052764893,8,0.26134422421455383,0.08891397050194613
dirichlet,,0.4371270537376404,1.5101635456085205,11,0.1514250785112381,0.08891397050194613
dirichlet,,0.48663386702537537,1.625110387802124,10,0.15865150094032288,0.08891397050194613
dirichlet,,0.4494611918926239,1.5167027711868286,11,0.24827972054481506,0.08891397050194613
dirichlet,,0.5280123949050903,2.0445194244384766,9,0.15210197865962982,0.08891397050194613
dirichlet,,0.4921553134918213,0.7123488783836365,11,0.14831918478012085,0.08891397050194613
dirichlet,,0.4968484938144684,0.6647347211837769,11,0.1860366314649582,0.08891397050194613
dirichlet,,0.36128532886505127,1.386235237121582,11,0.11174166202545166,0.08891397050194613
dirichlet,,0.5690081715583801,1.6814048290252686,11,0.16816547513008118,0.08891397050194613
dirichlet,,0.540197491645813,1.01499342918396,11,0.17815715074539185,0.08891397050194613
dirichlet,,0.42540243268013,1.3879170417785645,9,0.19522741436958313,0.08891397050194613
dirichlet,,0.4567418694496155,1.362077236175537,11,0.12941724061965942,0.08891397050194613
dirichlet,,0.2968437969684601,1.1713635921478271,10,0.17083260416984558,0.08891397050194613
dirichlet,,0.41249901056289673,1.2118209600448608,10,0.19693350791931152,0.08891397050194613
dirichlet,,0.45701920986175537,1.262606143951416,10,0.1805393397808075,0.08891397050194613
dirichlet,,0.3494669198989868,1.3336920738220215,11,0.14900706708431244,0.08891397050194613
dirichlet,,0.30356746912002563,1.4854881763458252,10,0.14095129072666168,0.08891397050194613
dirichlet,,0.2685272693634033,0.948032021522522,11,0.18442974984645844,0.08891397050194613
dirichlet,,0.4512687623500824,2.0047428607940674,10,0.19186341762542725,0.08891397050194613
dirichlet,,0.4531143009662628,1.7603343725204468,10,0.10669925808906555,0.08891397050194613
dirichlet,,0.427973210811615,1.520782232284546,11,0.12884438037872314,0.08891397050194613
dirichlet,,0.49502333998680115,1.7100118398666382,11,0.11191096901893616,0.08891397050194613
dirichlet,,0.3006421625614166,1.3172377347946167,12,0.2033596634864807,0.08891397050194613
dirichlet,,0.2781183421611786,1.2584264278411865,10,0.12931257486343384,0.08891397050194613
dirichlet,,0.4696650505065918,1.3255841732025146,11,0.15557320415973663,0.08891397050194613
dirichlet,,0.3625650703907013,1.180063009262085,10,0.15456996858119965,0.08891397050194613
dirichlet,,0.6968700885772705,2.0473878383636475,11,0.15104734897613525,0.08891397050194613
dirichlet,,0.37278151512145996,0.7585638165473938,11,0.1922455132007599,0.08891397050194613
dirichlet,,0.3477652668952942,1.559772253036499,11,0.0825946107506752,0.08891397050194613
dirichlet,,0.5456207394599915,1.3475053310394287,12,0.19054089486598969,0.08891397050194613
dirichlet,,0.2929540276527405,1.000441312789917,10,0.12084430456161499,0.08891397050194613
dirichlet,,0.4289255440235138,1.0933430194854736,10,0.12359844148159027,0.08891397050194613
dirichlet,,0.365790992975235,1.7734264135360718,11,0.23618555068969727,0.08891397050194613
dirichlet,,0.5340647101402283,1.7152618169784546,9,0.09901341795921326,0.08891397050194613
dirichlet,,0.5704919695854187,1.3461081981658936,11,0.16316230595111847,0.08891397050194613
dirichlet,,0.4113852381706238,1.664315938949585,10,0.16759292781352997,0.08891397050194613
dirichlet,,0.5157538056373596,1.378445029258728,10,0.18220961093902588,0.08891397050194613
dirichlet,,0.4164975881576538,1.348518967628479,10,0.10197766125202179,0.08891397050194613
dirichlet,,0.4098014831542969,0.7240221500396729,11,0.13390591740608215,0.08891397050194613
dirichlet,,0.49097713828086853,0.9597204923629761,11,0.17304196953773499,0.08891397050194613
dirichlet,,0.35848063230514526,1.3074299097061157,9,0.10742831230163574,0.08891397050194613
dirichlet,,0.36255791783332825,1.8992998600006104,12,0.18825072050094604,0.08891397050194613
dirichlet,,0.3526533544063568,1.6519113779067993,8,0.16331759095191956,0.08891397050194613
dirichlet,,0.2664090692996979,1.398329496383667,10,0.13751810789108276,0.08891397050194613
dirichlet,,0.5352690815925598,1.511395812034607,8,0.1693129539489746,0.08891397050194613
dirichlet,,0.39895156025886536,2.006046772003174,11,0.08455122262239456,0.08891397050194613
dirichlet,,0.4011324346065521,0.763331413269043,9,0.15943709015846252,0.08891397050194613
dirichlet,,0.4160686731338501,0.9087337255477905,10,0.1563909947872162,0.08891397050194613
dirichlet,,0.4326286315917969,1.3380391597747803,11,0.22608542442321777,0.08891397050194613
dirichlet,,0.4545413851737976,1.1898425817489624,11,0.10840398073196411,0.08891397050194613
dirichlet,,0.3647047281265259,1.3023664951324463,11,0.2002168595790863,0.08891397050194613
dirichlet,,0.361752986907959,1.1592893600463867,10,0.1769632250070572,0.08891397050194613
dirichlet,,0.3137483596801758,1.5233685970306396,11,0.07608877122402191,0.08891397050194613
dirichlet,,0.3251948952674866,1.509217619895935,9,0.19315052032470703,0.08891397050194613
dirichlet,,0.5058310031890869,1.339703917503357,11,0.3011702299118042,0.08891397050194613
dirichlet,,0.4332345128059387,1.168893575668335,11,0.09538620710372925,0.08891397050194613
dirichlet,,0.512775719165802,1.1907358169555664,11,0.09600365906953812,0.08891397050194613
dirichlet,,0.32604172825813293,0.37875622510910034,11,0.1312105804681778,0.08891397050194613
dirichlet,,0.44024789333343506,1.7819833755493164,10,0.128091961145401,0.08891397050194613
dirichlet,,0.4005373418331146,1.421865701675415,10,0.2370990663766861,0.08891397050194613
dirichlet,,0.5049304962158203,1.4319278001785278,9,0.23268553614616394,0.08891397050194613
dirichlet,,0.32252663373947144,1.0351860523223877,10,0.1608697474002838,0.08891397050194613
dirichlet,,0.29294753074645996,1.594523310661316,10,0.16229280829429626,0.08891397050194613
dirichlet,,0.3841884434223175,1.0463364124298096,11,0.07987624406814575,0.08891397050194613
dirichlet,,0.3811338245868683,0.5641414523124695,10,0.17402034997940063,0.08891397050194613
dirichlet,,0.457920640707016,1.6325753927230835,10,0.15459299087524414,0.08891397050194613
dirichlet,,0.2233067899942398,1.3611854314804077,11,0.1350124031305313,0.08891397050194613
dirichlet,,0.3692318797111511,1.5571261644363403,10,0.09040166437625885,0.08891397050194613
dirichlet,,0.4685254693031311,1.3504254817962646,11,0.12921404838562012,0.08891397050194613
dirichlet,,0.4002378284931183,1.7270901203155518,9,0.162042498588562,0.08891397050194613
dirichlet,,0.49907365441322327,1.0641604661941528,11,0.11828003823757172,0.08891397050194613
dirichlet,,0.4290848970413208,1.6026474237442017,9,0.16011355817317963,0.08891397050194613
dirichlet,,0.3801696300506592,1.2217117547988892,11,0.1383066028356552,0.08891397050194613
dirichlet,,0.370433509349823,1.3359391689300537,9,0.24877667427062988,0.08891397050194613
dirichlet,,0.5364156365394592,1.5579240322113037,10,0.11785677075386047,0.08891397050194613
dirichlet,,0.3497486114501953,1.319078803062439,9,0.15239308774471283,0.08891397050194613
dirichlet,,0.26022982597351074,1.3889753818511963,11,0.21738529205322266,0.08891397050194613
dirichlet,,0.45949846506118774,1.1789785623550415,10,0.0970238521695137,0.08891397050194613
dirichlet,,0.266097754240036,1.7170917987823486,12,0.2710651159286499,0.08891397050194613
dirichlet,,0.49879345297813416,0.8129010200500488,8,0.2532857656478882,0.08891397050194613
dirichlet,,0.3457058370113373,1.350158452987671,11,0.16882634162902832,0.08891397050194613
dirichlet,,0.32952219247817993,0.8399897813796997,10,0.15657806396484375,0.08891397050194613
dirichlet,,0.4031901955604553,1.6952409744262695,11,0.16902267932891846,0.08891397050194613
dirichlet,,0.5853815078735352,1.052037239074707,10,0.15032649040222168,0.08891397050194613
dirichlet,,0.3340923488140106,1.1087099313735962,11,0.18313485383987427,0.08891397050194613
dirichlet,,0.4894893169403076,1.2961058616638184,11,0.11529956758022308,0.08891397050194613
dirichlet,,0.3994711637496948,1.7195758819580078,9,0.21438787877559662,0.08891397050194613
dirichlet,,0.42983415722846985,1.3022081851959229,10,0.16530576348304749,0.08891397050194613
dirichlet,,0.4021858870983124,1.3209571838378906,10,0.13162484765052795,0.08891397050194613
dirichlet,,0.5304995179176331,1.3048588037490845,10,0.14825230836868286,0.08891397050194613
dirichlet,,0.3132971525192261,1.8763506412506104,10,0.19186607003211975,0.08891397050194613
dirichlet,,0.4870402216911316,1.5447598695755005,11,0.151127427816391,0.08891397050194613
dirichlet,,0.2660619616508484,1.846780776977539,12,0.12610158324241638,0.08891397050194613
dirichlet,,0.39314785599708557,1.3314075469970703,11,0.11263248324394226,0.08891397050194613
dirichlet,,0.3990100026130676,0.9409725069999695,9,0.12836965918540955,0.08891397050194613
dirichlet,,0.5405393242835999,1.4154630899429321,9,0.17028874158859253,0.08891397050194613
dirichlet,,0.4518011510372162,0.8442113995552063,10,0.21108055114746094,0.08891397050194613
dirichlet,,0.3712034821510315,1.4285660982131958,10,0.12290246784687042,0.08891397050194613
dirichlet,,0.3119296729564667,1.172426462173462,10,0.1567336916923523,0.08891397050194613
dirichlet,,0.5027402639389038,1.3753468990325928,11,0.11139729619026184,0.08891397050194613
dirichlet,,0.42367660999298096,0.8556200265884399,11,0.15738049149513245,0.08891397050194613
dirichlet,,0.37017980217933655,1.0465229749679565,11,0.12309218943119049,0.08891397050194613
dirichlet,,0.3627256155014038,1.4896090030670166,9,0.1090313270688057,0.08891397050194613
dirichlet,,0.45122018456459045,1.1989033222198486,11,0.26137715578079224,0.08891397050194613
dirichlet,,0.4387813210487366,1.7615267038345337,10,0.1365470141172409,0.08891397050194613
dirichlet,,0.5838911533355713,1.972593069076538,11,0.21933427453041077,0.08891397050194613
dirichlet,,0.5111385583877563,1.218994140625,11,0.16584500670433044,0.08891397050194613
dirichlet,,0.515653133392334,1.0178173780441284,10,0.20141060650348663,0.08891397050194613
dirichlet,,0.7439798712730408,1.5664162635803223,12,0.13784927129745483,0.08891397050194613
dirichlet,,0.440550297498703,1.8633670806884766,11,0.16816666722297668,0.08891397050194613
dirichlet,,0.5194861888885498,0.965490996837616,11,0.10127033293247223,0.08891397050194613
dirichlet,,0.42592284083366394,1.5243031978607178,11,0.11396133899688721,0.08891397050194613
dirichlet,,0.4338347911834717,1.572058081626892,9,0.2536488473415375,0.08891397050194613
dirichlet,,0.37833625078201294,1.2050201892852783,11,0.15768471360206604,0.08891397050194613
dirichlet,,0.5101813673973083,1.537787675857544,10,0.08355593681335449,0.08891397050194613
dirichlet,,0.37769970297813416,1.1227680444717407,8,0.1901688575744629,0.08891397050194613
dirichlet,,0.5185227394104004,1.3696250915527344,10,0.27416151762008667,0.08891397050194613
dirichlet,,0.36535802483558655,1.687920331954956,10,0.12069718539714813,0.08891397050194613
dirichlet,,0.593635618686676,1.4475762844085693,10,0.19652336835861206,0.08891397050194613
dirichlet,,0.549325168132782,1.468479871749878,12,0.12686622142791748,0.08891397050194613
dirichlet,,0.34886977076530457,0.8636447787284851,9,0.21085546910762787,0.08891397050194613
dirichlet,,0.3744916617870331,1.294699788093567,8,0.32242316007614136,0.08891397050194613
dirichlet,,0.3044392764568329,1.3685061931610107,11,0.21845591068267822,0.08891397050194613
dirichlet,,0.32008469104766846,0.9709763526916504,11,0.17703048884868622,0.08891397050194613
dirichlet,,0.42564553022384644,1.486311674118042,10,0.09991663694381714,0.08891397050194613
dirichlet,,0.35548511147499084,1.6087477207183838,11,0.1374293863773346,0.08891397050194613
dirichlet,,0.5143730044364929,1.2906805276870728,10,0.09472715109586716,0.08891397050194613
dirichlet,,0.42870837450027466,1.4254878759384155,12,0.17880310118198395,0.08891397050194613
dirichlet,,0.3620104193687439,1.3121994733810425,12,0.20247702300548553,0.08891397050194613
dirichlet,,0.4410652816295624,1.573014259338379,11,0.11871568113565445,0.08891397050194613
dirichlet,,0.626581609249115,2.329249143600464,10,0.24115526676177979,0.08891397050194613
dirichlet,,0.7016958594322205,2.1389942169189453,11,0.13146577775478363,0.08891397050194613
dirichlet,,0.40050452947616577,1.4683669805526733,10,0.16172583401203156,0.08891397050194613
dirichlet,,0.2630811631679535,0.4852677881717682,10,0.14799875020980835,0.08891397050194613
dirichlet,,0.3386952877044678,1.3916747570037842,11,0.14630600810050964,0.08891397050194613
dirichlet,,0.5308362245559692,1.9200693368911743,11,0.16746190190315247,0.08891397050194613
dirichlet,,0.49516603350639343,0.9893893003463745,10,0.13887357711791992,0.08891397050194613
dirichlet,,0.448157399892807,1.6503639221191406,11,0.2595660090446472,0.08891397050194613
dirichlet,,0.26442739367485046,1.1192764043807983,10,0.10095828771591187,0.08891397050194613
dirichlet,,0.3938475251197815,1.3026670217514038,9,0.16512516140937805,0.08891397050194613
dirichlet,,0.4169572591781616,1.434395432472229,11,0.14915667474269867,0.08891397050194613
dirichlet,,0.48174622654914856,1.7590501308441162,10,0.18225470185279846,0.08891397050194613
dirichlet,,0.5138556957244873,1.677459478378296,10,0.1475476324558258,0.08891397050194613
dirichlet,,0.3697870075702667,1.2906205654144287,10,0.20309865474700928,0.08891397050194613
dirichlet,,0.7311990857124329,1.8539959192276,10,0.08712504804134369,0.08891397050194613
dirichlet,,0.45866701006889343,1.472923755645752,11,0.1920246183872223,0.08891397050194613
dirichlet,,0.37971195578575134,1.2538200616836548,11,0.19774439930915833,0.08891397050194613
dirichlet,,0.5015091300010681,1.105043649673462,11,0.11160147190093994,0.08891397050194613
dirichlet,,0.40664273500442505,1.5587819814682007,12,0.1566493809223175,0.08891397050194613
dirichlet,,0.3899972438812256,0.5547899007797241,10,0.12579135596752167,0.08891397050194613
dirichlet,,0.36579927802085876,1.835073471069336,11,0.17106890678405762,0.08891397050194613
dirichlet,,0.5674964189529419,1.7141120433807373,10,0.16974714398384094,0.08891397050194613
dirichlet,,0.571230947971344,0.8715295791625977,10,0.1050586998462677,0.08891397050194613
dirichlet,,0.2690770626068115,1.34929621219635,11,0.18644359707832336,0.08891397050194613
dirichlet,,0.5649226307868958,1.777388572692871,11,0.14458125829696655,0.08891397050194613
dirichlet,,0.48541319370269775,1.10514497756958,10,0.19024060666561127,0.08891397050194613
dirichlet,,0.41796034574508667,1.552546501159668,11,0.08523835241794586,0.08891397050194613
dirichlet,,0.5371975302696228,1.4877225160598755,11,0.15857811272144318,0.08891397050194613
dirichlet,,0.44574421644210815,1.7437660694122314,10,0.14571548998355865,0.08891397050194613
dirichlet,,0.5384466648101807,1.6473057270050049,10,0.12314942479133606,0.08891397050194613
dirichlet,,0.4202530086040497,2.14399790763855,11,0.10715855658054352,0.08891397050194613
dirichlet,,0.34326207637786865,1.5167820453643799,11,0.22927626967430115,0.08891397050194613
dirichlet,,0.5996604561805725,1.6072003841400146,11,0.17484983801841736,0.08891397050194613
dirichlet,,0.46567389369010925,0.9625412821769714,11,0.17162883281707764,0.08891397050194613
dirichlet,,0.4174669086933136,1.3034619092941284,10,0.2229178100824356,0.08891397050194613
dirichlet,,0.47288548946380615,1.3548862934112549,9,0.1478031426668167,0.08891397050194613
dirichlet,,0.3192073106765747,1.7641664743423462,10,0.1483357697725296,0.08891397050194613
dirichlet,,0.5436204671859741,0.8399903178215027,10,0.19698107242584229,0.08891397050194613
dirichlet,,0.3540979027748108,1.200681209564209,10,0.21133217215538025,0.08891397050194613
dirichlet,,0.5269380211830139,0.8894387483596802,11,0.08606506139039993,0.08891397050194613
dirichlet,,0.4142884314060211,1.2550113201141357,11,0.18072161078453064,0.08891397050194613
dirichlet,,0.4122907519340515,1.4699573516845703,11,0.13897103071212769,0.08891397050194613
dirichlet,,0.2566547095775604,1.8649173974990845,10,0.17766298353672028,0.08891397050194613
dirichlet,,0.3780474364757538,1.3363144397735596,9,0.20142751932144165,0.08891397050194613
dirichlet,,0.5048508644104004,1.3391942977905273,11,0.17555752396583557,0.08891397050194613
dirichlet,,0.42771637439727783,1.062965750694275,11,0.1872345507144928,0.08891397050194613
dirichlet,,0.5541566610336304,1.0366883277893066,11,0.14436960220336914,0.08891397050194613
dirichlet,,0.6437810063362122,1.6949354410171509,10,0.14370472729206085,0.08891397050194613
dirichlet,,0.44071024656295776,1.4931007623672485,11,0.14844971895217896,0.08891397050194613
dirichlet,,0.4410999119281769,1.4261448383331299,11,0.24277858436107635,0.08891397050194613
dirichlet,,0.3969871401786804,1.5533732175827026,10,0.14697211980819702,0.08891397050194613
dirichlet,,0.2729550302028656,1.068376064300537,8,0.36002570390701294,0.08891397050194613
dirichlet,,0.41325658559799194,0.9321948885917664,10,0.18857750296592712,0.08891397050194613
dirichlet,,0.5145796537399292,1.5600953102111816,11,0.20053014159202576,0.08891397050194613
dirichlet,,0.4598550796508789,1.8106415271759033,11,0.19614042341709137,0.08891397050194613
dirichlet,,0.7907663583755493,1.710313081741333,12,0.10503211617469788,0.08891397050194613
dirichlet,,0.5053237080574036,1.8415371179580688,10,0.18698087334632874,0.08891397050194613
dirichlet,,0.5395926237106323,1.390479564666748,11,0.15580226480960846,0.08891397050194613
dirichlet,,0.3165304958820343,1.1846556663513184,11,0.11652985215187073,0.08891397050194613
dirichlet,,0.31214383244514465,1.6231918334960938,10,0.14165039360523224,0.08891397050194613
dirichlet,,0.4105859398841858,1.7311828136444092,9,0.2386915683746338,0.08891397050194613
dirichlet,,0.3763291835784912,0.9455686807632446,10,0.1572381556034088,0.08891397050194613
dirichlet,,0.4557779133319855,1.6850601434707642,11,0.19849996268749237,0.08891397050194613
dirichlet,,0.3909090459346771,1.9982826709747314,11,0.17244669795036316,0.08891397050194613
dirichlet,,0.4617692530155182,1.9108673334121704,9,0.20960424840450287,0.08891397050194613
dirichlet,,0.4798782169818878,0.8668220639228821,11,0.1361294537782669,0.08891397050194613
dirichlet,,0.7233710289001465,1.4118938446044922,10,0.18271733820438385,0.08891397050194613
dirichlet,,0.43473848700523376,2.0569961071014404,9,0.18448783457279205,0.08891397050194613
dirichlet,,0.3534753918647766,1.1400401592254639,10,0.1275361180305481,0.08891397050194613
dirichlet,,0.5559159517288208,1.4173482656478882,10,0.07948452234268188,0.08891397050194613
dirichlet,,0.4467301070690155,1.0138907432556152,10,0.18466340005397797,0.08891397050194613
dirichlet,,0.3219550848007202,1.648625135421753,10,0.12275558710098267,0.08891397050194613
dirichlet,,0.45201703906059265,0.8257315754890442,9,0.15732336044311523,0.08891397050194613
dirichlet,,0.342881977558136,1.2303173542022705,11,0.19175803661346436,0.08891397050194613
dirichlet,,0.5417376756668091,1.2815375328063965,11,0.13337817788124084,0.08891397050194613
dirichlet,,0.5083093643188477,1.620159387588501,10,0.13598038256168365,0.08891397050194613
dirichlet,,0.3668765425682068,2.011666774749756,10,0.13913728296756744,0.08891397050194613
dirichlet,,0.43145909905433655,0.9788733720779419,10,0.14082473516464233,0.08891397050194613
dirichlet,,0.39002925157546997,0.7825011014938354,10,0.1273033767938614,0.08891397050194613
dirichlet,,0.5151642560958862,1.4271472692489624,10,0.1911686211824417,0.08891397050194613
dirichlet,,0.6312088370323181,1.1062812805175781,9,0.16394105553627014,0.08891397050194613
dirichlet,,0.33239373564720154,1.4140193462371826,9,0.16374927759170532,0.08891397050194613
dirichlet,,0.2486196756362915,1.7705128192901611,11,0.1259472519159317,0.08891397050194613
dirichlet,,0.44568222761154175,0.6741054058074951,10,0.17656201124191284,0.08891397050194613
dirichlet,,0.35308006405830383,1.8468382358551025,11,0.2858600914478302,0.08891397050194613
dirichlet,,0.2322947233915329,1.3846324682235718,11,0.13298311829566956,0.08891397050194613
dirichlet,,0.4094327390193939,1.4783847332000732,10,0.2596755623817444,0.08891397050194613
dirichlet,,0.4333077371120453,1.0763052701950073,10,0.10869330167770386,0.08891397050194613
dirichlet,,0.41374894976615906,1.4173266887664795,11,0.2001984864473343,0.08891397050194613
dirichlet,,0.4961072504520416,1.465665578842163,12,0.18997853994369507,0.08891397050194613
dirichlet,,0.41727760434150696,1.0140178203582764,10,0.1707717925310135,0.08891397050194613
dirichlet,,0.4524156451225281,1.344504475593567,10,0.14271552860736847,0.08891397050194613
dirichlet,,0.44897252321243286,1.7353456020355225,10,0.14195717871189117,0.08891397050194613
dirichlet,,0.5530562996864319,1.2220325469970703,11,0.18547981977462769,0.08891397050194613
dirichlet,,0.3406801223754883,2.1476192474365234,11,0.21186523139476776,0.08891397050194613
dirichlet,,0.40743356943130493,1.2717344760894775,9,0.16450592875480652,0.08891397050194613
dirichlet,,0.3215988576412201,1.3193321228027344,10,0.29598045349121094,0.08891397050194613
dirichlet,,0.5727200508117676,1.4018867015838623,11,0.1624954640865326,0.08891397050194613
dirichlet,,0.5988624095916748,1.973700761795044,11,0.21918362379074097,0.08891397050194613
dirichlet,,0.49050605297088623,1.1994343996047974,11,0.19024673104286194,0.08891397050194613
dirichlet,,0.5354966521263123,0.9270411729812622,11,0.07360658794641495,0.08891397050194613
dirichlet,,0.5252298712730408,0.8214752078056335,11,0.22861169278621674,0.08891397050194613
dirichlet,,0.35438910126686096,0.9557567834854126,11,0.13030293583869934,0.08891397050194613
dirichlet,,0.39725461602211,1.1396543979644775,10,0.18332353234291077,0.08891397050194613
dirichlet,,0.3377452492713928,1.0672569274902344,11,0.14558854699134827,0.08891397050194613
dirichlet,,0.5933583378791809,1.506382703781128,10,0.11280344426631927,0.08891397050194613
dirichlet,,0.4773271381855011,1.2883329391479492,11,0.13627052307128906,0.08891397050194613
dirichlet,,0.41899994015693665,1.4629820585250854,10,0.08599619567394257,0.08891397050194613
dirichlet,,0.4635952115058899,0.8784599304199219,10,0.1388518214225769,0.08891397050194613
dirichlet,,0.4654201567173004,1.2816717624664307,11,0.1205882877111435,0.08891397050194613
dirichlet,,0.4128871560096741,1.4800605773925781,11,0.16928258538246155,0.08891397050194613
dirichlet,,0.37163591384887695,1.1411672830581665,10,0.1558200716972351,0.08891397050194613
dirichlet,,0.3889135420322418,1.574941873550415,11,0.1068907231092453,0.08891397050194613
dirichlet,,0.27793964743614197,1.2166056632995605,10,0.12412243336439133,0.08891397050194613
dirichlet,,0.3329564034938812,1.3115873336791992,10,0.13461777567863464,0.08891397050194613
dirichlet,,0.4956158995628357,1.390557050704956,11,0.16398866474628448,0.08891397050194613
dirichlet,,0.32876789569854736,1.4963964223861694,11,0.18606781959533691,0.08891397050194613
dirichlet,,0.23467741906642914,1.0199589729309082,11,0.09878291189670563,0.08891397050194613
dirichlet,,0.4043656587600708,1.381316065788269,10,0.09280504286289215,0.08891397050194613
dirichlet,,0.3718361258506775,1.2104194164276123,11,0.14738479256629944,0.08891397050194613
dirichlet,,0.47433432936668396,1.3772603273391724,11,0.10170167684555054,0.08891397050194613
dirichlet,,0.460738867521286,0.7215539216995239,10,0.11174242943525314,0.08891397050194613
dirichlet,,0.48146650195121765,1.5931707620620728,11,0.15156517922878265,0.08891397050194613
dirichlet,,0.3234366178512573,1.0229213237762451,11,0.1619967520236969,0.08891397050194613
dirichlet,,0.44956764578819275,1.485893726348877,11,0.1385369896888733,0.08891397050194613
dirichlet,,0.34801432490348816,1.111566424369812,11,0.14906388521194458,0.08891397050194613
dirichlet,,0.3120902478694916,1.527677297592163,11,0.12061526626348495,0.08891397050194613
dirichlet,,0.41183263063430786,1.5767953395843506,10,0.19052532315254211,0.08891397050194613
dirichlet,,0.417887419462204,1.6202833652496338,11,0.12578566372394562,0.08891397050194613
dirichlet,,0.32884758710861206,1.33225417137146,11,0.1453215479850769,0.08891397050194613
dirichlet,,0.3673170506954193,1.6829612255096436,11,0.15592540800571442,0.08891397050194613
dirichlet,,0.31103426218032837,1.4550323486328125,10,0.09226612001657486,0.08891397050194613
dirichlet,,0.23961132764816284,1.5714261531829834,11,0.0954798012971878,0.08891397050194613
dirichlet,,0.35419562458992004,1.5741245746612549,11,0.1356111317873001,0.08891397050194613
dirichlet,,0.24998228251934052,1.676226019859314,10,0.17405174672603607,0.08891397050194613
dirichlet,,0.2946678400039673,1.346798300743103,9,0.18079370260238647,0.08891397050194613
dirichlet,,0.5348981022834778,1.7923427820205688,11,0.1787673979997635,0.08891397050194613
dirichlet,,0.3256160318851471,1.7105729579925537,11,0.14817050099372864,0.08891397050194613
dirichlet,,0.28961655497550964,0.8938443064689636,11,0.20047058165073395,0.08891397050194613
dirichlet,,0.5042229890823364,0.8904749751091003,11,0.2498331069946289,0.08891397050194613
dirichlet,,0.35440120100975037,1.1064720153808594,10,0.21091486513614655,0.08891397050194613
dirichlet,,0.2937200963497162,1.8042833805084229,11,0.16097399592399597,0.08891397050194613
dirichlet,,0.5546232461929321,1.6590445041656494,10,0.15416985750198364,0.08891397050194613
dirichlet,,0.43686747550964355,1.4794062376022339,10,0.2211925983428955,0.08891397050194613
dirichlet,,0.4395388662815094,1.9287941455841064,10,0.15291579067707062,0.08891397050194613
dirichlet,,0.14344969391822815,1.3557593822479248,11,0.14392127096652985,0.08891397050194613
dirichlet,,0.5614859461784363,1.698476791381836,10,0.2801145017147064,0.08891397050194613
dirichlet,,0.23989570140838623,1.3240907192230225,11,0.08267496526241302,0.08891397050194613
dirichlet,,0.44174063205718994,0.933436393737793,11,0.12392456084489822,0.08891397050194613
dirichlet,,0.32936540246009827,1.5477790832519531,8,0.1143047884106636,0.08891397050194613
dirichlet,,0.645108699798584,1.4452967643737793,11,0.14154723286628723,0.08891397050194613
dirichlet,,0.445728600025177,1.2061082124710083,10,0.16195282340049744,0.08891397050194613
dirichlet,,0.4181886315345764,1.8213424682617188,10,0.14955756068229675,0.08891397050194613
dirichlet,,0.4475739300251007,1.6179720163345337,11,0.16161280870437622,0.08891397050194613
dirichlet,,0.5049275755882263,1.2904807329177856,11,0.1422117054462433,0.08891397050194613
dirichlet,,0.39397162199020386,1.6879221200942993,12,0.14466825127601624,0.08891397050194613
dirichlet,,0.503863513469696,1.7949247360229492,11,0.16215720772743225,0.08891397050194613
dirichlet,,0.4786832928657532,1.5503710508346558,11,0.1821540892124176,0.08891397050194613
dirichlet,,0.2081725001335144,0.6776602864265442,10,0.18727585673332214,0.08891397050194613
dirichlet,,0.46939605474472046,1.4382407665252686,10,0.20733919739723206,0.08891397050194613
dirichlet,,0.6367010474205017,1.4682475328445435,10,0.13775254786014557,0.08891397050194613
dirichlet,,0.41944777965545654,1.3411850929260254,10,0.1544426828622818,0.08891397050194613
dirichlet,,0.49189072847366333,1.500522494316101,9,0.33168643712997437,0.11856868528308274
dirichlet,,0.3259279429912567,0.7917085289955139,9,0.16857761144638062,0.11856868528308274
dirichlet,,0.37005797028541565,1.364544153213501,11,0.13968881964683533,0.11856868528308274
dirichlet,,0.3672400712966919,1.1840193271636963,11,0.1623196303844452,0.11856868528308274
dirichlet,,0.18793191015720367,0.6625438928604126,9,0.23767909407615662,0.11856868528308274
dirichlet,,0.41322264075279236,1.0580250024795532,10,0.16234788298606873,0.11856868528308274
dirichlet,,0.39072176814079285,1.172938346862793,11,0.18124687671661377,0.11856868528308274
dirichlet,,0.5612330436706543,1.1613788604736328,12,0.2564335763454437,0.11856868528308274
dirichlet,,0.560977041721344,1.7403408288955688,11,0.13405704498291016,0.11856868528308274
dirichlet,,0.3574780225753784,1.3219664096832275,9,0.16703590750694275,0.11856868528308274
dirichlet,,0.4743960201740265,1.2031022310256958,10,0.1653796136379242,0.11856868528308274
dirichlet,,0.3467406630516052,1.5566182136535645,10,0.21230942010879517,0.11856868528308274
dirichlet,,0.4627488851547241,1.6714274883270264,9,0.10439006239175797,0.11856868528308274
dirichlet,,0.3360483944416046,1.145249605178833,10,0.19428177177906036,0.11856868528308274
dirichlet,,0.39379605650901794,1.1467024087905884,11,0.12916935980319977,0.11856868528308274
dirichlet,,0.3289237320423126,1.385317325592041,11,0.21662545204162598,0.11856868528308274
dirichlet,,0.43288615345954895,1.343396782875061,11,0.28076672554016113,0.11856868528308274
dirichlet,,0.30541402101516724,1.3922946453094482,11,0.13114386796951294,0.11856868528308274
dirichlet,,0.4463089406490326,1.4410948753356934,11,0.1408076286315918,0.11856868528308274
dirichlet,,0.4170714020729065,1.732751488685608,9,0.23534539341926575,0.11856868528308274
dirichlet,,0.35862624645233154,1.508089303970337,11,0.13279902935028076,0.11856868528308274
dirichlet,,0.3482946455478668,1.4246042966842651,11,0.16889387369155884,0.11856868528308274
dirichlet,,0.3108532130718231,1.588896632194519,10,0.12150504440069199,0.11856868528308274
dirichlet,,0.39093008637428284,1.5269808769226074,9,0.13622121512889862,0.11856868528308274
dirichlet,,0.43114638328552246,1.127532958984375,10,0.16773134469985962,0.11856868528308274
dirichlet,,0.37349939346313477,1.531633734703064,11,0.13699571788311005,0.11856868528308274
dirichlet,,0.3782973289489746,1.428810715675354,12,0.19530975818634033,0.11856868528308274
dirichlet,,0.47473853826522827,1.2268730401992798,11,0.2690712809562683,0.11856868528308274
dirichlet,,0.43649280071258545,1.4319355487823486,11,0.12842772901058197,0.11856868528308274
dirichlet,,0.3940030038356781,1.5315790176391602,11,0.13893988728523254,0.11856868528308274
dirichlet,,0.37190067768096924,1.204959511756897,10,0.2174675166606903,0.11856868528308274
dirichlet,,0.5240515470504761,1.2819138765335083,9,0.16643798351287842,0.11856868528308274
dirichlet,,0.4170007109642029,1.3204880952835083,10,0.1412046104669571,0.11856868528308274
dirichlet,,0.481157124042511,1.5616352558135986,10,0.19400474429130554,0.11856868528308274
dirichlet,,0.438519150018692,1.4435477256774902,10,0.19224420189857483,0.11856868528308274
dirichlet,,0.27749118208885193,1.3852413892745972,11,0.132352814078331,0.11856868528308274
dirichlet,,0.3855680525302887,1.4065473079681396,11,0.1389770805835724,0.11856868528308274
dirichlet,,0.3197726607322693,0.9533215761184692,10,0.11437702178955078,0.11856868528308274
dirichlet,,0.3687172830104828,1.5285637378692627,11,0.18917754292488098,0.11856868528308274
dirichlet,,0.32740649580955505,1.7042686939239502,10,0.2753530740737915,0.11856868528308274
dirichlet,,0.3498300611972809,1.2126553058624268,10,0.1823004186153412,0.11856868528308274
dirichlet,,0.41696593165397644,1.268202543258667,10,0.13821613788604736,0.11856868528308274
dirichlet,,0.42541220784187317,1.3592993021011353,11,0.16063374280929565,0.11856868528308274
dirichlet,,0.4499511122703552,1.5236947536468506,11,0.17942675948143005,0.11856868528308274
dirichlet,,0.41003182530403137,1.552813172340393,10,0.1263996958732605,0.11856868528308274
dirichlet,,0.5593536496162415,1.9092000722885132,12,0.11351846903562546,0.11856868528308274
dirichlet,,0.6820909380912781,1.8524020910263062,11,0.2152351289987564,0.11856868528308274
dirichlet,,0.35504549741744995,1.5414655208587646,12,0.17990386486053467,0.11856868528308274
dirichlet,,0.4392679035663605,0.7316843867301941,10,0.15612433850765228,0.11856868528308274
dirichlet,,0.32795587182044983,1.0455353260040283,10,0.13660988211631775,0.11856868528308274
dirichlet,,0.5808368921279907,1.2893588542938232,10,0.20132902264595032,0.11856868528308274
dirichlet,,0.5075366497039795,1.337981939315796,10,0.19147931039333344,0.11856868528308274
dirichlet,,0.3802066743373871,1.7318365573883057,12,0.22930970788002014,0.11856868528308274
dirichlet,,0.3334716260433197,1.530348539352417,9,0.14610376954078674,0.11856868528308274
dirichlet,,0.5171579718589783,0.8895692825317383,10,0.19536788761615753,0.11856868528308274
dirichlet,,0.3668132722377777,1.0075032711029053,11,0.21682564914226532,0.11856868528308274
dirichlet,,0.5371747612953186,1.0621103048324585,10,0.21116815507411957,0.11856868528308274
dirichlet,,0.27913403511047363,1.3466471433639526,9,0.20302748680114746,0.11856868528308274
dirichlet,,0.28624585270881653,1.523982286453247,12,0.21132275462150574,0.11856868528308274
dirichlet,,0.4286533296108246,1.0533689260482788,10,0.14552605152130127,0.11856868528308274
dirichlet,,0.29262274503707886,1.5244616270065308,11,0.1184738427400589,0.11856868528308274
dirichlet,,0.46108928322792053,1.3825483322143555,10,0.1448928713798523,0.11856868528308274
dirichlet,,0.5485330820083618,1.2426754236221313,9,0.1970573365688324,0.11856868528308274
dirichlet,,0.49534282088279724,0.8394525647163391,10,0.1880183219909668,0.11856868528308274
dirichlet,,0.38315585255622864,1.293748140335083,11,0.15230539441108704,0.11856868528308274
dirichlet,,0.48179835081100464,1.446702241897583,10,0.1566207855939865,0.11856868528308274
dirichlet,,0.390794575214386,1.372190237045288,11,0.10885365307331085,0.11856868528308274
dirichlet,,0.3353053331375122,0.9180538058280945,10,0.21181774139404297,0.11856868528308274
dirichlet,,0.2881714105606079,1.481929898262024,9,0.09387098997831345,0.11856868528308274
dirichlet,,0.41378381848335266,0.9066454172134399,11,0.16398727893829346,0.11856868528308274
dirichlet,,0.458149790763855,1.7309694290161133,11,0.2078789621591568,0.11856868528308274
dirichlet,,0.41622841358184814,1.6547701358795166,11,0.09528964757919312,0.11856868528308274
dirichlet,,0.49956366419792175,1.6700108051300049,12,0.2044312059879303,0.11856868528308274
dirichlet,,0.3491247892379761,1.0380961894989014,10,0.16612738370895386,0.11856868528308274
dirichlet,,0.40461212396621704,1.7715160846710205,11,0.23838181793689728,0.11856868528308274
dirichlet,,0.39556020498275757,1.48261296749115,11,0.13950344920158386,0.11856868528308274
dirichlet,,0.5369633436203003,1.187693476676941,11,0.16821911931037903,0.11856868528308274
dirichlet,,0.5078204274177551,1.3827006816864014,10,0.17931529879570007,0.11856868528308274
dirichlet,,0.4870547652244568,1.3568607568740845,11,0.21308276057243347,0.11856868528308274
dirichlet,,0.38007205724716187,1.1702210903167725,11,0.14749634265899658,0.11856868528308274
dirichlet,,0.2648148536682129,1.4986920356750488,12,0.1452530324459076,0.11856868528308274
dirichlet,,0.3669978976249695,1.344613790512085,10,0.13776253163814545,0.11856868528308274
dirichlet,,0.3891725242137909,1.3333494663238525,11,0.1221228763461113,0.11856868528308274
dirichlet,,0.45988932251930237,1.3652684688568115,11,0.18516868352890015,0.11856868528308274
dirichlet,,0.33672088384628296,1.0945559740066528,10,0.1428745687007904,0.11856868528308274
dirichlet,,0.2633984684944153,0.8000189661979675,10,0.15211918950080872,0.11856868528308274
dirichlet,,0.5256687998771667,1.71533203125,12,0.13962019979953766,0.11856868528308274
dirichlet,,0.4446566700935364,1.2821731567382812,11,0.21198773384094238,0.11856868528308274
dirichlet,,0.5053749084472656,1.521252155303955,10,0.1502809375524521,0.11856868528308274
dirichlet,,0.40792518854141235,1.4363203048706055,7,0.15743592381477356,0.11856868528308274
dirichlet,,0.4609907269477844,1.7828340530395508,10,0.11559712141752243,0.11856868528308274
dirichlet,,0.45275890827178955,1.5463347434997559,12,0.07437603175640106,0.11856868528308274
dirichlet,,0.5696200132369995,1.4163763523101807,10,0.20096857845783234,0.11856868528308274
dirichlet,,0.4968472123146057,1.724700927734375,11,0.2061363309621811,0.11856868528308274
dirichlet,,0.4512616693973541,0.8466076850891113,10,0.14328467845916748,0.11856868528308274
dirichlet,,0.3817063868045807,1.1414073705673218,11,0.18408851325511932,0.11856868528308274
dirichlet,,0.5491603016853333,1.6188297271728516,10,0.24563731253147125,0.11856868528308274
dirichlet,,0.3603130280971527,1.2872464656829834,11,0.22999882698059082,0.11856868528308274
dirichlet,,0.48804140090942383,1.3097281455993652,11,0.1423821598291397,0.11856868528308274
dirichlet,,0.41623455286026,1.4441640377044678,11,0.0890706479549408,0.11856868528308274
dirichlet,,0.38781723380088806,1.338636040687561,10,0.17449793219566345,0.11856868528308274
dirichlet,,0.5163587331771851,1.4603374004364014,12,0.20826455950737,0.11856868528308274
dirichlet,,0.34194818139076233,1.2121187448501587,11,0.16420462727546692,0.11856868528308274
dirichlet,,0.4436480700969696,1.2688320875167847,11,0.1797693520784378,0.11856868528308274
dirichlet,,0.38192903995513916,1.647589087486267,10,0.24560190737247467,0.11856868528308274
dirichlet,,0.46113288402557373,1.3498752117156982,10,0.21591396629810333,0.11856868528308274
dirichlet,,0.37533241510391235,0.7882795333862305,11,0.14851520955562592,0.11856868528308274
dirichlet,,0.40114668011665344,1.226893663406372,10,0.13792483508586884,0.11856868528308274
dirichlet,,0.2695741355419159,1.4330971240997314,10,0.1971099078655243,0.11856868528308274
dirichlet,,0.5641027688980103,1.384130835533142,10,0.11183609813451767,0.11856868528308274
dirichlet,,0.29080072045326233,1.2077631950378418,11,0.12945184111595154,0.11856868528308274
dirichlet,,0.4399186372756958,1.4254150390625,10,0.14861394464969635,0.11856868528308274
dirichlet,,0.48082560300827026,1.244640588760376,10,0.19061246514320374,0.11856868528308274
dirichlet,,0.32572701573371887,0.5380878448486328,10,0.17839136719703674,0.11856868528308274
dirichlet,,0.436428964138031,1.171687364578247,11,0.1649755835533142,0.11856868528308274
dirichlet,,0.43463069200515747,1.1443407535552979,10,0.14044462144374847,0.11856868528308274
dirichlet,,0.3160722255706787,1.4016402959823608,11,0.15554015338420868,0.11856868528308274
dirichlet,,0.2948828637599945,1.3643791675567627,10,0.18840189278125763,0.11856868528308274
dirichlet,,0.5350125432014465,1.248227834701538,11,0.16252285242080688,0.11856868528308274
dirichlet,,0.3655588924884796,1.5599744319915771,11,0.1257210522890091,0.11856868528308274
dirichlet,,0.3545803129673004,1.323563814163208,10,0.24381473660469055,0.11856868528308274
dirichlet,,0.34691256284713745,0.3853582441806793,10,0.31395477056503296,0.11856868528308274
dirichlet,,0.5738436579704285,0.8895701169967651,11,0.15278533101081848,0.11856868528308274
dirichlet,,0.39303725957870483,1.352140188217163,10,0.12940971553325653,0.11856868528308274
dirichlet,,0.47439590096473694,1.1287808418273926,11,0.20813274383544922,0.11856868528308274
dirichlet,,0.44437313079833984,0.8338485956192017,10,0.19920676946640015,0.11856868528308274
dirichlet,,0.427916020154953,1.2235667705535889,10,0.09821303188800812,0.11856868528308274
dirichlet,,0.44604766368865967,1.3084611892700195,9,0.17039012908935547,0.11856868528308274
dirichlet,,0.3588349521160126,1.079973578453064,10,0.286426842212677,0.11856868528308274
dirichlet,,0.5111170411109924,1.8733810186386108,11,0.34447717666625977,0.11856868528308274
dirichlet,,0.32424992322921753,1.56946861743927,11,0.14101949334144592,0.11856868528308274
dirichlet,,0.4239565134048462,1.1501202583312988,10,0.1460912525653839,0.11856868528308274
dirichlet,,0.5770283937454224,1.4818391799926758,9,0.16347073018550873,0.11856868528308274
dirichlet,,0.4034791588783264,1.2677286863327026,11,0.1324872076511383,0.11856868528308274
dirichlet,,0.5067981481552124,2.0018229484558105,11,0.13684627413749695,0.11856868528308274
dirichlet,,0.4347260296344757,1.6927096843719482,10,0.14595967531204224,0.11856868528308274
dirichlet,,0.4223422110080719,1.5070874691009521,11,0.21906974911689758,0.11856868528308274
dirichlet,,0.3199087381362915,1.5916472673416138,12,0.1653241515159607,0.11856868528308274
dirichlet,,0.3880716562271118,1.6384003162384033,10,0.22509048879146576,0.11856868528308274
dirichlet,,0.49316924810409546,1.6129623651504517,10,0.14488807320594788,0.11856868528308274
dirichlet,,0.3361753523349762,1.0981099605560303,9,0.16695889830589294,0.11856868528308274
dirichlet,,0.3006444275379181,1.2636401653289795,10,0.23627090454101562,0.11856868528308274
dirichlet,,0.40023237466812134,2.0355684757232666,11,0.1714039146900177,0.11856868528308274
dirichlet,,0.3330595791339874,1.267881989479065,10,0.18782031536102295,0.11856868528308274
dirichlet,,0.4777054786682129,0.9914776682853699,10,0.18892014026641846,0.11856868528308274
dirichlet,,0.4827623665332794,1.387948989868164,9,0.15214473009109497,0.11856868528308274
dirichlet,,0.40357691049575806,1.518352746963501,10,0.14266012609004974,0.11856868528308274
dirichlet,,0.4231879413127899,1.7511539459228516,10,0.12740764021873474,0.11856868528308274
dirichlet,,0.38328996300697327,0.859017014503479,8,0.13864965736865997,0.11856868528308274
dirichlet,,0.3114447593688965,1.31427800655365,10,0.10473152995109558,0.11856868528308274
dirichlet,,0.4161018431186676,1.5334374904632568,10,0.21661970019340515,0.11856868528308274
dirichlet,,0.3522551357746124,1.7005360126495361,10,0.188853919506073,0.11856868528308274
dirichlet,,0.3889113962650299,1.3173904418945312,11,0.24483555555343628,0.11856868528308274
dirichlet,,0.461917519569397,1.3960822820663452,9,0.2479858100414276,0.11856868528308274
dirichlet,,0.46743854880332947,1.316720724105835,11,0.20011144876480103,0.11856868528308274
dirichlet,,0.3419681787490845,1.8559916019439697,9,0.1739470660686493,0.11856868528308274
dirichlet,,0.5598530769348145,1.842220664024353,12,0.19308589398860931,0.11856868528308274
dirichlet,,0.3089902698993683,1.1850837469100952,11,0.23329304158687592,0.11856868528308274
dirichlet,,0.4330686330795288,1.1164168119430542,9,0.203840970993042,0.11856868528308274
dirichlet,,0.4034448564052582,1.2751471996307373,11,0.13476940989494324,0.11856868528308274
dirichlet,,0.4204525351524353,1.6496139764785767,12,0.22909493744373322,0.11856868528308274
dirichlet,,0.42202961444854736,1.3178855180740356,10,0.2339894026517868,0.11856868528308274
dirichlet,,0.34771543741226196,1.115000605583191,10,0.08725075423717499,0.11856868528308274
dirichlet,,0.46807533502578735,1.2130951881408691,9,0.17307007312774658,0.11856868528308274
dirichlet,,0.13650068640708923,1.0924899578094482,10,0.14771556854248047,0.11856868528308274
dirichlet,,0.5204554200172424,1.0668143033981323,10,0.18936552107334137,0.11856868528308274
dirichlet,,0.2771618664264679,1.4959709644317627,9,0.1176457554101944,0.11856868528308274
dirichlet,,0.5358655452728271,1.812862753868103,11,0.19200259447097778,0.11856868528308274
dirichlet,,0.4751836657524109,1.1962016820907593,11,0.1482509970664978,0.11856868528308274
dirichlet,,0.2628823220729828,1.2597332000732422,10,0.14711859822273254,0.11856868528308274
dirichlet,,0.5262175798416138,2.053823232650757,11,0.1956196129322052,0.11856868528308274
dirichlet,,0.3924811780452728,1.2380988597869873,11,0.10189665853977203,0.11856868528308274
dirichlet,,0.366650253534317,1.2433230876922607,10,0.11881936341524124,0.11856868528308274
dirichlet,,0.3074791133403778,1.4708950519561768,10,0.19722843170166016,0.11856868528308274
dirichlet,,0.36389249563217163,1.164916753768921,10,0.17638063430786133,0.11856868528308274
dirichlet,,0.33984196186065674,1.2578238248825073,10,0.26375478506088257,0.11856868528308274
dirichlet,,0.5198584198951721,1.520900845527649,11,0.21974006295204163,0.11856868528308274
dirichlet,,0.5518656373023987,1.750211477279663,11,0.2337135374546051,0.11856868528308274
dirichlet,,0.38078364729881287,1.2743204832077026,9,0.17587092518806458,0.11856868528308274
dirichlet,,0.4774394929409027,1.6451137065887451,11,0.15576016902923584,0.11856868528308274
dirichlet,,0.4486025273799896,1.49276602268219,11,0.25094443559646606,0.11856868528308274
dirichlet,,0.3029346764087677,1.1600435972213745,10,0.12322086095809937,0.11856868528308274
dirichlet,,0.5590630769729614,1.35592520236969,11,0.24292457103729248,0.11856868528308274
dirichlet,,0.3485642373561859,1.650284767150879,11,0.2432692050933838,0.11856868528308274
dirichlet,,0.26938357949256897,1.042913556098938,10,0.1899542510509491,0.11856868528308274
dirichlet,,0.5223560333251953,1.470650315284729,10,0.1318683624267578,0.11856868528308274
dirichlet,,0.3038776218891144,0.8005459904670715,10,0.22156108915805817,0.11856868528308274
dirichlet,,0.373867928981781,0.9821254014968872,11,0.15358978509902954,0.11856868528308274
dirichlet,,0.43790504336357117,0.9539786577224731,10,0.1799657642841339,0.11856868528308274
dirichlet,,0.4553461968898773,1.7761863470077515,11,0.12080083787441254,0.11856868528308274
dirichlet,,0.29919108748435974,1.4333339929580688,11,0.25505656003952026,0.11856868528308274
dirichlet,,0.41363340616226196,1.7098824977874756,11,0.2087598443031311,0.11856868528308274
dirichlet,,0.4623638093471527,1.996976613998413,12,0.1485108584165573,0.11856868528308274
dirichlet,,0.403762549161911,1.156617283821106,9,0.13632912933826447,0.11856868528308274
dirichlet,,0.37376776337623596,1.404063105583191,10,0.24586623907089233,0.11856868528308274
dirichlet,,0.4108145833015442,1.5434948205947876,11,0.21814197301864624,0.11856868528308274
dirichlet,,0.2752768397331238,0.44772249460220337,8,0.25942787528038025,0.11856868528308274
dirichlet,,0.28048354387283325,0.9917796850204468,10,0.24670180678367615,0.11856868528308274
dirichlet,,0.2949160635471344,1.487479567527771,10,0.15778513252735138,0.11856868528308274
dirichlet,,0.5106093287467957,1.3403502702713013,10,0.1410083770751953,0.11856868528308274
dirichlet,,0.4157017767429352,1.457924723625183,11,0.1571841984987259,0.11856868528308274
dirichlet,,0.45865893363952637,1.4123941659927368,11,0.1381438672542572,0.11856868528308274
dirichlet,,0.3769558072090149,0.9017975926399231,10,0.18305295705795288,0.11856868528308274
dirichlet,,0.40618789196014404,1.6233593225479126,10,0.20092791318893433,0.11856868528308274
dirichlet,,0.37707826495170593,1.4432001113891602,10,0.2010110765695572,0.11856868528308274
dirichlet,,0.5217205286026001,1.385655164718628,10,0.12231495976448059,0.11856868528308274
dirichlet,,0.4510844051837921,1.4892321825027466,8,0.2302766889333725,0.11856868528308274
dirichlet,,0.39859524369239807,1.1226717233657837,10,0.1481696516275406,0.11856868528308274
dirichlet,,0.42891231179237366,1.429157018661499,11,0.172817200422287,0.11856868528308274
dirichlet,,0.5236591696739197,1.3177735805511475,12,0.1697344332933426,0.11856868528308274
dirichlet,,0.23599733412265778,1.0181084871292114,12,0.09530283510684967,0.11856868528308274
dirichlet,,0.36324334144592285,1.1320075988769531,9,0.321901798248291,0.11856868528308274
dirichlet,,0.4585253894329071,1.26083242893219,10,0.15755410492420197,0.11856868528308274
dirichlet,,0.4528219997882843,1.4465699195861816,10,0.21980133652687073,0.11856868528308274
dirichlet,,0.5117679834365845,1.3536776304244995,11,0.19438742101192474,0.11856868528308274
dirichlet,,0.5699973106384277,1.7619282007217407,9,0.1201590970158577,0.11856868528308274
dirichlet,,0.5830923318862915,1.7306560277938843,9,0.31210702657699585,0.11856868528308274
dirichlet,,0.3414473235607147,1.399350881576538,11,0.11063309013843536,0.11856868528308274
dirichlet,,0.3250325322151184,1.016562819480896,11,0.19632941484451294,0.11856868528308274
dirichlet,,0.4119437336921692,1.0212938785552979,10,0.1311231553554535,0.11856868528308274
dirichlet,,0.5399383902549744,1.2204614877700806,11,0.1516273319721222,0.11856868528308274
dirichlet,,0.29251253604888916,1.3377132415771484,9,0.24773094058036804,0.11856868528308274
dirichlet,,0.2604560852050781,1.2897647619247437,11,0.17576822638511658,0.11856868528308274
dirichlet,,0.2966163754463196,1.4485445022583008,11,0.14962893724441528,0.11856868528308274
dirichlet,,0.39130809903144836,1.1483492851257324,9,0.0912105143070221,0.11856868528308274
dirichlet,,0.36719468235969543,1.1294915676116943,11,0.10282479226589203,0.11856868528308274
dirichlet,,0.4225492775440216,1.3086680173873901,11,0.188053697347641,0.11856868528308274
dirichlet,,0.3666873574256897,1.2298825979232788,12,0.13296201825141907,0.11856868528308274
dirichlet,,0.4635423719882965,1.0664408206939697,11,0.176584392786026,0.11856868528308274
dirichlet,,0.18836338818073273,1.505426287651062,11,0.1397460550069809,0.11856868528308274
dirichlet,,0.3332594037055969,1.239732265472412,11,0.20832474529743195,0.11856868528308274
dirichlet,,0.4188110828399658,1.3291847705841064,11,0.18307052552700043,0.11856868528308274
dirichlet,,0.48094442486763,0.5541534423828125,10,0.2666427493095398,0.11856868528308274
dirichlet,,0.6397499442100525,1.0104085206985474,8,0.14914628863334656,0.11856868528308274
dirichlet,,0.3537801206111908,1.5166394710540771,11,0.16768845915794373,0.11856868528308274
dirichlet,,0.5287123918533325,2.0025346279144287,11,0.15254084765911102,0.11856868528308274
dirichlet,,0.5030831694602966,1.5610387325286865,11,0.2082473337650299,0.11856868528308274
dirichlet,,0.38860365748405457,1.0685558319091797,10,0.22573959827423096,0.11856868528308274
dirichlet,,0.42601412534713745,1.1157563924789429,11,0.2578500211238861,0.11856868528308274
dirichlet,,0.38882115483283997,1.2018938064575195,10,0.1841488927602768,0.11856868528308274
dirichlet,,0.5559450387954712,1.2706249952316284,11,0.17733058333396912,0.11856868528308274
dirichlet,,0.5378913283348083,1.188212513923645,10,0.13469937443733215,0.11856868528308274
dirichlet,,0.4545615017414093,1.5079108476638794,10,0.16436758637428284,0.11856868528308274
dirichlet,,0.4536072015762329,0.745436429977417,9,0.20806139707565308,0.11856868528308274
dirichlet,,0.3919071853160858,0.8843265771865845,11,0.2063671499490738,0.11856868528308274
dirichlet,,0.48696041107177734,1.3137824535369873,11,0.11251546442508698,0.11856868528308274
dirichlet,,0.33620020747184753,0.8853946924209595,10,0.18112532794475555,0.11856868528308274
dirichlet,,0.3503381311893463,1.2343322038650513,10,0.14263403415679932,0.11856868528308274
dirichlet,,0.34309399127960205,0.9298771023750305,11,0.22128011286258698,0.11856868528308274
dirichlet,,0.3726705312728882,1.2185710668563843,10,0.19130603969097137,0.11856868528308274
dirichlet,,0.33044198155403137,0.930899441242218,10,0.24701082706451416,0.11856868528308274
dirichlet,,0.47750765085220337,1.6164934635162354,11,0.1581006944179535,0.11856868528308274
dirichlet,,0.4146692752838135,0.9845925569534302,11,0.14748841524124146,0.11856868528308274
dirichlet,,0.3083396553993225,1.7884775400161743,10,0.12218226492404938,0.11856868528308274
dirichlet,,0.394773930311203,1.6962792873382568,10,0.19272053241729736,0.11856868528308274
dirichlet,,0.3687796890735626,0.4429042935371399,11,0.16621863842010498,0.11856868528308274
dirichlet,,0.3226158916950226,1.2644721269607544,10,0.1429090052843094,0.11856868528308274
dirichlet,,0.3683725893497467,1.356791377067566,10,0.1495838463306427,0.11856868528308274
dirichlet,,0.29855209589004517,1.458985686302185,9,0.1316993236541748,0.11856868528308274
dirichlet,,0.42133766412734985,1.8824968338012695,11,0.17948484420776367,0.11856868528308274
dirichlet,,0.41864651441574097,0.6893343925476074,10,0.1512354016304016,0.11856868528308274
dirichlet,,0.3753792643547058,1.1691310405731201,12,0.1677306890487671,0.11856868528308274
dirichlet,,0.5108200907707214,2.026524543762207,11,0.14397023618221283,0.11856868528308274
dirichlet,,0.2273699790239334,1.3006646633148193,11,0.1453016996383667,0.11856868528308274
dirichlet,,0.43144795298576355,1.0873353481292725,10,0.12724515795707703,0.11856868528308274
dirichlet,,0.3951275050640106,1.3070977926254272,9,0.10840769112110138,0.11856868528308274
dirichlet,,0.5649067759513855,1.4785292148590088,11,0.16460999846458435,0.11856868528308274
dirichlet,,0.48713570833206177,1.4214295148849487,9,0.24550770223140717,0.11856868528308274
dirichlet,,0.48740625381469727,0.8743195533752441,9,0.29339659214019775,0.11856868528308274
dirichlet,,0.24365073442459106,1.9745357036590576,10,0.0895007997751236,0.11856868528308274
dirichlet,,0.3720150887966156,1.4783003330230713,10,0.14448530972003937,0.11856868528308274
dirichlet,,0.2861103415489197,1.4076526165008545,11,0.1563296914100647,0.11856868528308274
dirichlet,,0.4086754322052002,1.5481350421905518,10,0.18587733805179596,0.11856868528308274
dirichlet,,0.23892830312252045,1.0034825801849365,10,0.17304639518260956,0.11856868528308274
dirichlet,,0.3505679666996002,0.4857408404350281,9,0.18666605651378632,0.11856868528308274
dirichlet,,0.2426615059375763,1.1314830780029297,12,0.11439061164855957,0.11856868528308274
dirichlet,,0.46187469363212585,1.3142693042755127,11,0.13164278864860535,0.11856868528308274
dirichlet,,0.47870561480522156,1.3062422275543213,12,0.14942355453968048,0.11856868528308274
dirichlet,,0.47673749923706055,1.3125110864639282,10,0.15728577971458435,0.11856868528308274
dirichlet,,0.5272651314735413,1.7815587520599365,11,0.1480858325958252,0.11856868528308274
dirichlet,,0.2754433751106262,1.4638361930847168,12,0.2344433069229126,0.11856868528308274
dirichlet,,0.272281289100647,0.8171342611312866,10,0.1350376009941101,0.11856868528308274
dirichlet,,0.4817751348018646,0.9946513175964355,11,0.10914032906293869,0.11856868528308274
dirichlet,,0.30506840348243713,1.1196746826171875,10,0.12930828332901,0.11856868528308274
dirichlet,,0.5055344104766846,1.6179721355438232,10,0.1080402061343193,0.11856868528308274
dirichlet,,0.2977725863456726,1.529649019241333,11,0.26190057396888733,0.11856868528308274
dirichlet,,0.48587241768836975,1.7286638021469116,10,0.16620314121246338,0.11856868528308274
dirichlet,,0.40272367000579834,1.0604428052902222,10,0.22318525612354279,0.11856868528308274
dirichlet,,0.3269491493701935,0.9616974592208862,11,0.20621095597743988,0.11856868528308274
dirichlet,,0.3078573942184448,1.3592286109924316,11,0.15633228421211243,0.11856868528308274
dirichlet,,0.3269045948982239,1.240871787071228,11,0.16851967573165894,0.11856868528308274
dirichlet,,0.5060819983482361,1.510038137435913,11,0.10602422058582306,0.11856868528308274
dirichlet,,0.23333656787872314,1.564967155456543,10,0.136374831199646,0.11856868528308274
dirichlet,,0.45662692189216614,1.7602134943008423,11,0.12318423390388489,0.11856868528308274
dirichlet,,0.48129844665527344,1.034179449081421,11,0.1659451127052307,0.11856868528308274
dirichlet,,0.43701645731925964,1.2666741609573364,10,0.13194510340690613,0.11856868528308274
dirichlet,,0.351837158203125,1.474562644958496,9,0.12735676765441895,0.11856868528308274
dirichlet,,0.4034394323825836,1.2916553020477295,12,0.18549856543540955,0.11856868528308274
dirichlet,,0.3057793080806732,1.092901587486267,11,0.06354288011789322,0.11856868528308274
dirichlet,,0.3308316171169281,1.6520111560821533,11,0.23936240375041962,0.11856868528308274
dirichlet,,0.5123660564422607,1.7475721836090088,11,0.250763475894928,0.11856868528308274
dirichlet,,0.5168095827102661,1.4089425802230835,10,0.12557539343833923,0.11856868528308274
dirichlet,,0.2796599566936493,1.336560606956482,11,0.23675993084907532,0.11856868528308274
dirichlet,,0.43118181824684143,1.3383710384368896,12,0.11914682388305664,0.11856868528308274
dirichlet,,0.39352884888648987,1.4218149185180664,11,0.18037691712379456,0.11856868528308274
dirichlet,,0.42467430233955383,1.8182716369628906,9,0.23418012261390686,0.11856868528308274
dirichlet,,0.5768969655036926,1.8421096801757812,10,0.15186232328414917,0.11856868528308274
dirichlet,,0.3949650824069977,1.7612295150756836,11,0.12680944800376892,0.11856868528308274
dirichlet,,0.48499706387519836,1.3154375553131104,11,0.11921561509370804,0.11856868528308274
dirichlet,,0.36820146441459656,1.5145270824432373,11,0.1422574818134308,0.11856868528308274
dirichlet,,0.49351468682289124,1.23569655418396,10,0.1762949377298355,0.11856868528308274
dirichlet,,0.473209023475647,1.6874313354492188,10,0.16898523271083832,0.11856868528308274
dirichlet,,0.5338969230651855,1.5851740837097168,10,0.2367032915353775,0.11856868528308274
dirichlet,,0.3420734703540802,1.0637736320495605,10,0.15784603357315063,0.11856868528308274
dirichlet,,0.25194841623306274,0.9047622680664062,10,0.16630476713180542,0.11856868528308274
dirichlet,,0.37049785256385803,1.2698605060577393,11,0.14886556565761566,0.11856868528308274
dirichlet,,0.39980536699295044,1.1311049461364746,10,0.15671809017658234,0.11856868528308274
dirichlet,,0.3764720857143402,1.2613719701766968,9,0.2843943238258362,0.11856868528308274
dirichlet,,0.4003024399280548,0.826208233833313,10,0.23114240169525146,0.11856868528308274
dirichlet,,0.32656943798065186,1.1240742206573486,10,0.11960118263959885,0.11856868528308274
dirichlet,,0.3354392945766449,1.3607159852981567,11,0.13484004139900208,0.11856868528308274
dirichlet,,0.5727875828742981,1.4687410593032837,10,0.1612449735403061,0.11856868528308274
dirichlet,,0.4302005171775818,1.4038294553756714,10,0.20545358955860138,0.11856868528308274
dirichlet,,0.4122432470321655,1.447751760482788,10,0.21647486090660095,0.11856868528308274
dirichlet,,0.25184547901153564,1.013566017150879,11,0.08750267326831818,0.11856868528308274
dirichlet,,0.5721029043197632,1.785620927810669,10,0.15266461670398712,0.11856868528308274
dirichlet,,0.5114609003067017,1.5838927030563354,11,0.19557613134384155,0.11856868528308274
dirichlet,,0.40273529291152954,1.4098032712936401,11,0.19490580260753632,0.11856868528308274
dirichlet,,0.24064165353775024,0.9624967575073242,11,0.1931881606578827,0.11856868528308274
dirichlet,,0.4006805717945099,1.0092324018478394,10,0.12057603895664215,0.11856868528308274
dirichlet,,0.45473119616508484,1.799473524093628,12,0.10457409173250198,0.11856868528308274
dirichlet,,0.37569907307624817,1.4211257696151733,12,0.14956316351890564,0.11856868528308274
dirichlet,,0.43335261940956116,1.4623003005981445,10,0.12663939595222473,0.11856868528308274
dirichlet,,0.5312409996986389,1.40431547164917,10,0.20155254006385803,0.11856868528308274
dirichlet,,0.37392884492874146,0.9825128316879272,10,0.18142038583755493,0.11856868528308274
dirichlet,,0.3755066990852356,1.0276098251342773,10,0.14379803836345673,0.11856868528308274
dirichlet,,0.5084425806999207,1.3671084642410278,11,0.20026788115501404,0.11856868528308274
dirichlet,,0.38380441069602966,1.7006635665893555,12,0.1747896671295166,0.11856868528308274
dirichlet,,0.44422250986099243,1.387040376663208,10,0.1750299334526062,0.11856868528308274
dirichlet,,0.39927783608436584,1.3222602605819702,12,0.21076616644859314,0.11856868528308274
dirichlet,,0.40813085436820984,1.2833068370819092,11,0.22045016288757324,0.11856868528308274
dirichlet,,0.28955867886543274,1.1550798416137695,11,0.16154661774635315,0.11856868528308274
dirichlet,,0.3968900144100189,1.1174957752227783,11,0.1694028228521347,0.11856868528308274
dirichlet,,0.6294659972190857,1.1341205835342407,8,0.13387387990951538,0.11856868528308274
dirichlet,,0.3765338659286499,1.4289133548736572,10,0.20094411075115204,0.11856868528308274
dirichlet,,0.3030417561531067,1.320858120918274,11,0.12408198416233063,0.11856868528308274
dirichlet,,0.4761967360973358,1.2443158626556396,10,0.11239803582429886,0.11856868528308274
dirichlet,,0.5273685455322266,1.5772805213928223,10,0.1379697173833847,0.11856868528308274
dirichlet,,0.3397509455680847,0.9906582832336426,10,0.3492732644081116,0.11856868528308274
dirichlet,,0.3564562201499939,1.2170250415802002,10,0.2777790427207947,0.11856868528308274
dirichlet,,0.4314226508140564,1.6733449697494507,11,0.15936055779457092,0.11856868528308274
dirichlet,,0.4848993420600891,1.6757923364639282,11,0.1620509922504425,0.11856868528308274
dirichlet,,0.4847368896007538,1.7450002431869507,8,0.17277947068214417,0.11856868528308274
dirichlet,,0.3017660975456238,1.1648166179656982,11,0.15357263386249542,0.11856868528308274
dirichlet,,0.38360196352005005,1.1279293298721313,11,0.17027878761291504,0.11856868528308274
dirichlet,,0.48006245493888855,1.4649155139923096,10,0.13950082659721375,0.11856868528308274
dirichlet,,0.2916576564311981,0.9829338788986206,10,0.14079442620277405,0.11856868528308274
dirichlet,,0.3875736594200134,1.4550175666809082,9,0.16066887974739075,0.11856868528308274
dirichlet,,0.2758256196975708,1.0802112817764282,11,0.11856797337532043,0.11856868528308274
dirichlet,,0.5546858310699463,1.1112730503082275,10,0.18006521463394165,0.11856868528308274
dirichlet,,0.43847131729125977,1.1490614414215088,10,0.20051269233226776,0.11856868528308274
dirichlet,,0.5055339932441711,1.46895432472229,10,0.12304980307817459,0.11856868528308274
dirichlet,,0.3212776780128479,1.400712251663208,10,0.19950729608535767,0.11856868528308274
dirichlet,,0.4258647859096527,1.2685725688934326,10,0.17739272117614746,0.11856868528308274
dirichlet,,0.378904789686203,1.5643104314804077,11,0.1374303698539734,0.11856868528308274
dirichlet,,0.3161577880382538,1.2497646808624268,9,0.12123888731002808,0.11856868528308274
dirichlet,,0.3576977849006653,1.3091717958450317,11,0.10011149942874908,0.11856868528308274
dirichlet,,0.3919859528541565,1.5390141010284424,11,0.14815925061702728,0.11856868528308274
dirichlet,,0.5217227339744568,0.909199595451355,10,0.1303955465555191,0.11856868528308274
dirichlet,,0.3289282023906708,1.0863535404205322,10,0.14255453646183014,0.11856868528308274
dirichlet,,0.4374240040779114,1.6789354085922241,10,0.16104388236999512,0.11856868528308274
dirichlet,,0.49327555298805237,1.4413723945617676,11,0.3168621063232422,0.11856868528308274
dirichlet,,0.36647987365722656,1.7514104843139648,11,0.08289873600006104,0.11856868528308274
dirichlet,,0.4681606590747833,1.482488989830017,10,0.19080042839050293,0.11856868528308274
dirichlet,,0.4953942596912384,1.541407585144043,10,0.15312179923057556,0.11856868528308274
dirichlet,,0.46258899569511414,1.4409490823745728,10,0.13563168048858643,0.11856868528308274
dirichlet,,0.36178910732269287,1.3837188482284546,10,0.1873174011707306,0.11856868528308274
dirichlet,,0.4454159736633301,1.6037330627441406,10,0.17033205926418304,0.11856868528308274
dirichlet,,0.47486066818237305,1.1551895141601562,10,0.14239907264709473,0.11856868528308274
dirichlet,,0.5106815695762634,2.144178867340088,11,0.23540659248828888,0.11856868528308274
dirichlet,,0.46561452746391296,1.4889721870422363,11,0.23241004347801208,0.11856868528308274
dirichlet,,0.31985414028167725,1.4247124195098877,10,0.11793356388807297,0.11856868528308274
dirichlet,,0.43448013067245483,1.4533950090408325,10,0.17062163352966309,0.11856868528308274
dirichlet,,0.298052579164505,0.7532011270523071,10,0.17581987380981445,0.11856868528308274
dirichlet,,0.3919401168823242,1.1964569091796875,10,0.17048227787017822,0.11856868528308274
dirichlet,,0.5025666952133179,1.2558696269989014,10,0.12760791182518005,0.11856868528308274
dirichlet,,0.3667230010032654,1.4421426057815552,11,0.18091602623462677,0.11856868528308274
dirichlet,,0.3926444947719574,1.2068043947219849,11,0.18471050262451172,0.11856868528308274
dirichlet,,0.33053892850875854,1.295220136642456,11,0.1546090841293335,0.11856868528308274
dirichlet,,0.41941577196121216,0.7894597053527832,10,0.16359320282936096,0.11856868528308274
dirichlet,,0.2514733672142029,1.3236825466156006,11,0.24137616157531738,0.11856868528308274
dirichlet,,0.4591151773929596,0.8714680671691895,12,0.163796067237854,0.11856868528308274
dirichlet,,0.31445860862731934,1.0452191829681396,10,0.17612066864967346,0.11856868528308274
dirichlet,,0.5363203883171082,1.5318090915679932,10,0.1541164219379425,0.11856868528308274
dirichlet,,0.5985367894172668,1.094543218612671,11,0.23244982957839966,0.11856868528308274
dirichlet,,0.3534550368785858,1.0731382369995117,11,0.14449957013130188,0.11856868528308274
dirichlet,,0.40925487875938416,1.0537863969802856,10,0.16384410858154297,0.11856868528308274
dirichlet,,0.45552629232406616,1.3175859451293945,11,0.2523147165775299,0.11856868528308274
dirichlet,,0.43617573380470276,1.1590222120285034,11,0.14572975039482117,0.11856868528308274
dirichlet,,0.35832932591438293,0.9150894284248352,10,0.13958114385604858,0.11856868528308274
dirichlet,,0.4907777011394501,1.0867562294006348,10,0.2522627115249634,0.15811388300841894
dirichlet,,0.5103155970573425,1.4347002506256104,10,0.13540403544902802,0.15811388300841894
dirichlet,,0.3412991464138031,1.4336684942245483,11,0.2049601525068283,0.15811388300841894
dirichlet,,0.38279464840888977,1.2450252771377563,11,0.18861320614814758,0.15811388300841894
dirichlet,,0.37471503019332886,1.546518087387085,10,0.1975840926170349,0.15811388300841894
dirichlet,,0.3815002143383026,1.359879732131958,10,0.18667954206466675,0.15811388300841894
dirichlet,,0.30778175592422485,1.5047274827957153,10,0.13409987092018127,0.15811388300841894
dirichlet,,0.3948687016963959,1.4932118654251099,11,0.19197043776512146,0.15811388300841894
dirichlet,,0.318132609128952,1.0241602659225464,10,0.189062237739563,0.15811388300841894
dirichlet,,0.44289630651474,1.3932807445526123,10,0.14994151890277863,0.15811388300841894
dirichlet,,0.3670129179954529,1.0115978717803955,10,0.17093628644943237,0.15811388300841894
dirichlet,,0.5001795887947083,1.3662946224212646,12,0.1790446937084198,0.15811388300841894
dirichlet,,0.4856507480144501,1.7841427326202393,9,0.21275538206100464,0.15811388300841894
dirichlet,,0.35505211353302,1.619910478591919,11,0.2942972779273987,0.15811388300841894
dirichlet,,0.40803205966949463,1.4758951663970947,10,0.1764296442270279,0.15811388300841894
dirichlet,,0.4577949047088623,1.4009809494018555,10,0.1796238124370575,0.15811388300841894
dirichlet,,0.39998292922973633,1.1043200492858887,10,0.21414561569690704,0.15811388300841894
dirichlet,,0.3563104569911957,1.3573487997055054,11,0.1619054079055786,0.15811388300841894
dirichlet,,0.44403719902038574,1.2718613147735596,12,0.24110014736652374,0.15811388300841894
dirichlet,,0.3815752863883972,0.8618860244750977,10,0.15711085498332977,0.15811388300841894
dirichlet,,0.37951359152793884,0.8796218037605286,11,0.11279228329658508,0.15811388300841894
dirichlet,,0.43092843890190125,1.759398102760315,10,0.22530017793178558,0.15811388300841894
dirichlet,,0.3501977324485779,1.0569384098052979,11,0.1716727465391159,0.15811388300841894
dirichlet,,0.2952214777469635,1.4247097969055176,11,0.1434524953365326,0.15811388300841894
dirichlet,,0.34948551654815674,0.881700873374939,10,0.30159997940063477,0.15811388300841894
dirichlet,,0.3894278407096863,1.2797988653182983,11,0.22473083436489105,0.15811388300841894
dirichlet,,0.3877404034137726,1.2732855081558228,10,0.15650030970573425,0.15811388300841894
dirichlet,,0.4654298424720764,1.0458015203475952,10,0.11280566453933716,0.15811388300841894
dirichlet,,0.30807897448539734,1.3850294351577759,11,0.1824624240398407,0.15811388300841894
dirichlet,,0.30172887444496155,1.095689058303833,10,0.1786879152059555,0.15811388300841894
dirichlet,,0.49532440304756165,1.2055022716522217,9,0.24407225847244263,0.15811388300841894
dirichlet,,0.3612913489341736,0.8486765027046204,11,0.14245635271072388,0.15811388300841894
dirichlet,,0.33677446842193604,0.9196113348007202,12,0.16888463497161865,0.15811388300841894
dirichlet,,0.30856403708457947,1.21811044216156,11,0.23206518590450287,0.15811388300841894
dirichlet,,0.3900481164455414,1.1357064247131348,11,0.17617064714431763,0.15811388300841894
dirichlet,,0.4769289493560791,0.771065354347229,10,0.14673466980457306,0.15811388300841894
dirichlet,,0.516802191734314,1.3059988021850586,11,0.08676794171333313,0.15811388300841894
dirichlet,,0.43550509214401245,1.1503371000289917,10,0.1631462723016739,0.15811388300841894
dirichlet,,0.576241135597229,1.0183426141738892,10,0.09852934628725052,0.15811388300841894
dirichlet,,0.3416551947593689,1.1301156282424927,10,0.1615852415561676,0.15811388300841894
dirichlet,,0.25170257687568665,1.0516870021820068,10,0.1424093246459961,0.15811388300841894
dirichlet,,0.4672839641571045,1.175382137298584,10,0.21879792213439941,0.15811388300841894
dirichlet,,0.2793489396572113,1.0392754077911377,11,0.1905069351196289,0.15811388300841894
dirichlet,,0.4340752065181732,1.591937780380249,11,0.18074418604373932,0.15811388300841894
dirichlet,,0.4351680278778076,1.4398990869522095,10,0.29147088527679443,0.15811388300841894
dirichlet,,0.21808280050754547,1.0636014938354492,10,0.1412222981452942,0.15811388300841894
dirichlet,,0.4415989816188812,1.4663159847259521,12,0.13462737202644348,0.15811388300841894
dirichlet,,0.3840290904045105,1.3774950504302979,10,0.26060807704925537,0.15811388300841894
dirichlet,,0.4394945204257965,0.9397033452987671,9,0.2208491712808609,0.15811388300841894
dirichlet,,0.4011326730251312,1.0131298303604126,10,0.1864819973707199,0.15811388300841894
dirichlet,,0.3108203113079071,1.5216846466064453,10,0.20145246386528015,0.15811388300841894
dirichlet,,0.27033254504203796,0.8921428918838501,11,0.2581051290035248,0.15811388300841894
dirichlet,,0.41103044152259827,0.9599846601486206,11,0.17293673753738403,0.15811388300841894
dirichlet,,0.3962751030921936,1.0829490423202515,11,0.11939985305070877,0.15811388300841894
dirichlet,,0.23635916411876678,1.5374634265899658,10,0.30293941497802734,0.15811388300841894
dirichlet,,0.44154709577560425,1.613136887550354,11,0.22671514749526978,0.15811388300841894
dirichlet,,0.22114305198192596,1.4261224269866943,12,0.2292632758617401,0.15811388300841894
dirichlet,,0.3069557845592499,1.588667631149292,11,0.1811816245317459,0.15811388300841894
dirichlet,,0.4967654347419739,1.0443118810653687,9,0.2145259976387024,0.15811388300841894
dirichlet,,0.4259655475616455,0.80823814868927,11,0.1672055572271347,0.15811388300841894
dirichlet,,0.28387001156806946,1.528862714767456,11,0.15427207946777344,0.15811388300841894
dirichlet,,0.49213454127311707,1.677564263343811,11,0.16646558046340942,0.15811388300841894
dirichlet,,0.4000520706176758,1.0686389207839966,11,0.17256753146648407,0.15811388300841894
dirichlet,,0.3494485318660736,0.9856542348861694,10,0.24182933568954468,0.15811388300841894
dirichlet,,0.3393789231777191,1.2270514965057373,11,0.14289891719818115,0.15811388300841894
dirichlet,,0.3523106575012207,0.9764236211776733,10,0.10032062977552414,0.15811388300841894
dirichlet,,0.34211400151252747,1.9589096307754517,10,0.1334805190563202,0.15811388300841894
dirichlet,,0.3896521031856537,1.2814908027648926,11,0.17671942710876465,0.15811388300841894
dirichlet,,0.3640292286872864,1.7858473062515259,11,0.23059982061386108,0.15811388300841894
dirichlet,,0.23369280993938446,1.1176471710205078,11,0.1436290591955185,0.15811388300841894
dirichlet,,0.3906778395175934,0.42214149236679077,11,0.18542085587978363,0.15811388300841894
dirichlet,,0.28960132598876953,1.2332439422607422,11,0.15167483687400818,0.15811388300841894
dirichlet,,0.40784400701522827,1.355442762374878,10,0.1243196353316307,0.15811388300841894
dirichlet,,0.22904257476329803,0.8400368690490723,10,0.13298235833644867,0.15811388300841894
dirichlet,,0.4102923572063446,0.7921618819236755,11,0.16284774243831635,0.15811388300841894
dirichlet,,0.2896483838558197,1.4079926013946533,9,0.2232426404953003,0.15811388300841894
dirichlet,,0.31590601801872253,1.1327311992645264,11,0.14420124888420105,0.15811388300841894
dirichlet,,0.44733259081840515,1.0448843240737915,11,0.160171777009964,0.15811388300841894
dirichlet,,0.3771023750305176,1.497994065284729,12,0.22777122259140015,0.15811388300841894
dirichlet,,0.41275930404663086,1.3097761869430542,10,0.1507073938846588,0.15811388300841894
dirichlet,,0.3315640687942505,0.9516587257385254,11,0.11946308612823486,0.15811388300841894
dirichlet,,0.5005621910095215,1.1096093654632568,11,0.18690846860408783,0.15811388300841894
dirichlet,,0.29195109009742737,1.399601697921753,11,0.253255158662796,0.15811388300841894
dirichlet,,0.3746786415576935,1.2268942594528198,11,0.2575567066669464,0.15811388300841894
dirichlet,,0.44119223952293396,1.4942604303359985,11,0.147359699010849,0.15811388300841894
dirichlet,,0.3727588653564453,1.5624706745147705,10,0.19819900393486023,0.15811388300841894
dirichlet,,0.4846456050872803,1.44040846824646,11,0.22420455515384674,0.15811388300841894
dirichlet,,0.2769789695739746,0.9978731274604797,11,0.2090236246585846,0.15811388300841894
dirichlet,,0.3846384882926941,1.4858853816986084,11,0.25165700912475586,0.15811388300841894
dirichlet,,0.29328933358192444,1.4021685123443604,11,0.1447218656539917,0.15811388300841894
dirichlet,,0.6008701920509338,1.551612138748169,11,0.18040403723716736,0.15811388300841894
dirichlet,,0.4205729067325592,1.6427332162857056,10,0.23989364504814148,0.15811388300841894
dirichlet,,0.45767614245414734,1.2984473705291748,10,0.2059982717037201,0.15811388300841894
dirichlet,,0.2744424045085907,0.8430597186088562,8,0.2773072123527527,0.15811388300841894
dirichlet,,0.5082448720932007,1.435392141342163,11,0.18254801630973816,0.15811388300841894
dirichlet,,0.3358490467071533,0.7592321634292603,9,0.13451364636421204,0.15811388300841894
dirichlet,,0.33965837955474854,1.016271710395813,10,0.1933332085609436,0.15811388300841894
dirichlet,,0.5289996266365051,1.9129234552383423,11,0.2716670632362366,0.15811388300841894
dirichlet,,0.46277564764022827,1.0457751750946045,11,0.17905035614967346,0.15811388300841894
dirichlet,,0.44458895921707153,1.224865436553955,12,0.2464495748281479,0.15811388300841894
dirichlet,,0.21535085141658783,1.415658712387085,10,0.18291164934635162,0.15811388300841894
dirichlet,,0.4011306166648865,1.2391148805618286,11,0.1653459072113037,0.15811388300841894
dirichlet,,0.4427194893360138,1.3323934078216553,11,0.15538832545280457,0.15811388300841894
dirichlet,,0.40399131178855896,1.308807611465454,11,0.18072301149368286,0.15811388300841894
dirichlet,,0.4636102318763733,1.323637843132019,11,0.14751332998275757,0.15811388300841894
dirichlet,,0.39923959970474243,0.8265587687492371,10,0.16496507823467255,0.15811388300841894
dirichlet,,0.30590739846229553,1.3815834522247314,11,0.1849050670862198,0.15811388300841894
dirichlet,,0.46573951840400696,0.995850682258606,10,0.15277588367462158,0.15811388300841894
dirichlet,,0.33887147903442383,0.9780658483505249,10,0.1581680178642273,0.15811388300841894
dirichlet,,0.35666611790657043,1.0494849681854248,8,0.157848060131073,0.15811388300841894
dirichlet,,0.47215983271598816,1.1572526693344116,10,0.30847471952438354,0.15811388300841894
dirichlet,,0.44058817625045776,1.4267337322235107,11,0.1578485667705536,0.15811388300841894
dirichlet,,0.327161580324173,1.2699429988861084,10,0.17776796221733093,0.15811388300841894
dirichlet,,0.5374882817268372,1.428723692893982,11,0.14193832874298096,0.15811388300841894
dirichlet,,0.3855954706668854,0.6652494668960571,10,0.11024563759565353,0.15811388300841894
dirichlet,,0.329020619392395,1.3396557569503784,10,0.21870151162147522,0.15811388300841894
dirichlet,,0.3485458493232727,1.3745030164718628,11,0.16784971952438354,0.15811388300841894
dirichlet,,0.277614027261734,1.633945107460022,11,0.16832797229290009,0.15811388300841894
dirichlet,,0.37508222460746765,1.0533678531646729,11,0.14727260172367096,0.15811388300841894
dirichlet,,0.4282941520214081,0.694132924079895,9,0.19635258615016937,0.15811388300841894
dirichlet,,0.2888603210449219,1.000734567642212,11,0.16206583380699158,0.15811388300841894
dirichlet,,0.4111271798610687,1.4295122623443604,10,0.16929744184017181,0.15811388300841894
dirichlet,,0.47619909048080444,1.862033486366272,11,0.1584286391735077,0.15811388300841894
dirichlet,,0.4829855263233185,1.1863645315170288,9,0.11986499279737473,0.15811388300841894
dirichlet,,0.3235720992088318,1.2553696632385254,10,0.19600768387317657,0.15811388300841894
dirichlet,,0.3427237272262573,0.7197011709213257,8,0.2040005922317505,0.15811388300841894
dirichlet,,0.398566335439682,1.326719045639038,11,0.16626136004924774,0.15811388300841894
dirichlet,,0.31100791692733765,1.5645982027053833,10,0.17320576310157776,0.15811388300841894
dirichlet,,0.24478758871555328,1.387274146080017,12,0.16102728247642517,0.15811388300841894
dirichlet,,0.418258935213089,1.7570648193359375,11,0.21264207363128662,0.15811388300841894
dirichlet,,0.4214871823787689,1.4052181243896484,12,0.14029669761657715,0.15811388300841894
dirichlet,,0.5576090812683105,1.7956100702285767,11,0.20690470933914185,0.15811388300841894
dirichlet,,0.3640316426753998,1.0465179681777954,10,0.15356412529945374,0.15811388300841894
dirichlet,,0.4845484793186188,1.1230289936065674,10,0.12330520153045654,0.15811388300841894
dirichlet,,0.43862390518188477,1.4237964153289795,10,0.20172534883022308,0.15811388300841894
dirichlet,,0.5320165753364563,1.1124428510665894,10,0.17150041460990906,0.15811388300841894
dirichlet,,0.3737950921058655,1.465165376663208,9,0.19488409161567688,0.15811388300841894
dirichlet,,0.4901657700538635,1.7655473947525024,10,0.2391728311777115,0.15811388300841894
dirichlet,,0.38526973128318787,1.3589767217636108,10,0.1910688430070877,0.15811388300841894
dirichlet,,0.4596077799797058,1.1196119785308838,11,0.11310900747776031,0.15811388300841894
dirichlet,,0.28706037998199463,0.9844323992729187,10,0.11012553423643112,0.15811388300841894
dirichlet,,0.2778857350349426,1.4746066331863403,12,0.12910468876361847,0.15811388300841894
dirichlet,,0.33106645941734314,1.3822628259658813,11,0.17148706316947937,0.15811388300841894
dirichlet,,0.33059611916542053,1.0417354106903076,11,0.1564166396856308,0.15811388300841894
dirichlet,,0.2945513129234314,1.1123974323272705,10,0.19855667650699615,0.15811388300841894
dirichlet,,0.48909229040145874,1.4357008934020996,8,0.24178555607795715,0.15811388300841894
dirichlet,,0.5700207948684692,1.0366898775100708,10,0.17988069355487823,0.15811388300841894
dirichlet,,0.39485809206962585,1.3736629486083984,10,0.13737326860427856,0.15811388300841894
dirichlet,,0.3303675651550293,1.3040093183517456,10,0.1786409616470337,0.15811388300841894
dirichlet,,0.4503391683101654,1.3190059661865234,11,0.15643411874771118,0.15811388300841894
dirichlet,,0.3371967077255249,1.2533760070800781,11,0.1301519274711609,0.15811388300841894
dirichlet,,0.33817046880722046,1.2320739030838013,10,0.16297318041324615,0.15811388300841894
dirichlet,,0.4234688878059387,1.5998072624206543,11,0.2624155879020691,0.15811388300841894
dirichlet,,0.37539345026016235,1.5167949199676514,10,0.20734061300754547,0.15811388300841894
dirichlet,,0.38825201988220215,1.037979006767273,11,0.23467420041561127,0.15811388300841894
dirichlet,,0.3157177269458771,1.0450389385223389,11,0.16378358006477356,0.15811388300841894
dirichlet,,0.23755185306072235,0.8658388257026672,12,0.18949829041957855,0.15811388300841894
dirichlet,,0.3853782117366791,1.338324785232544,10,0.12544170022010803,0.15811388300841894
dirichlet,,0.3939951956272125,1.0109046697616577,11,0.21031367778778076,0.15811388300841894
dirichlet,,0.2591395676136017,1.4114923477172852,8,0.2063279002904892,0.15811388300841894
dirichlet,,0.6050961017608643,1.1775493621826172,10,0.24686026573181152,0.15811388300841894
dirichlet,,0.3730211853981018,1.2174079418182373,10,0.18242564797401428,0.15811388300841894
dirichlet,,0.4996846914291382,1.4155066013336182,10,0.24857383966445923,0.15811388300841894
dirichlet,,0.3718450665473938,1.5898349285125732,11,0.18890506029129028,0.15811388300841894
dirichlet,,0.5591049194335938,0.7991830110549927,10,0.18355455994606018,0.15811388300841894
dirichlet,,0.29829317331314087,1.3893049955368042,10,0.17251043021678925,0.15811388300841894
dirichlet,,0.4927044212818146,1.6459197998046875,11,0.22048285603523254,0.15811388300841894
dirichlet,,0.480766236782074,1.5083990097045898,12,0.13135212659835815,0.15811388300841894
dirichlet,,0.3443736135959625,0.8750808835029602,10,0.18342143297195435,0.15811388300841894
dirichlet,,0.36713653802871704,1.5253169536590576,10,0.24974633753299713,0.15811388300841894
dirichlet,,0.4013373851776123,1.6371641159057617,11,0.1434003859758377,0.15811388300841894
dirichlet,,0.2846980690956116,1.0922185182571411,9,0.19803626835346222,0.15811388300841894
dirichlet,,0.3650757074356079,0.972861647605896,11,0.16274426877498627,0.15811388300841894
dirichlet,,0.3386079967021942,0.7910434007644653,10,0.1467098891735077,0.15811388300841894
dirichlet,,0.39639320969581604,1.6340755224227905,11,0.21439307928085327,0.15811388300841894
dirichlet,,0.31871187686920166,1.6558183431625366,11,0.19810108840465546,0.15811388300841894
dirichlet,,0.2974468767642975,1.67616868019104,10,0.14626066386699677,0.15811388300841894
dirichlet,,0.5649690628051758,1.9343087673187256,10,0.16697810590267181,0.15811388300841894
dirichlet,,0.5454122424125671,0.682399570941925,10,0.25950875878334045,0.15811388300841894
dirichlet,,0.37562012672424316,1.2257667779922485,11,0.16717326641082764,0.15811388300841894
dirichlet,,0.4464574456214905,1.4152814149856567,12,0.1783979833126068,0.15811388300841894
dirichlet,,0.26841267943382263,1.0986117124557495,11,0.11329329013824463,0.15811388300841894
dirichlet,,0.4610025882720947,1.3526079654693604,10,0.15022748708724976,0.15811388300841894
dirichlet,,0.4217650592327118,1.1171152591705322,10,0.20221304893493652,0.15811388300841894
dirichlet,,0.2787525951862335,1.2984991073608398,10,0.16904985904693604,0.15811388300841894
dirichlet,,0.2861359715461731,1.1366831064224243,10,0.14623093605041504,0.15811388300841894
dirichlet,,0.4345671236515045,1.2338007688522339,11,0.15483358502388,0.15811388300841894
dirichlet,,0.4876708686351776,1.8560028076171875,10,0.2171071320772171,0.15811388300841894
dirichlet,,0.3221028745174408,0.617393434047699,8,0.24408984184265137,0.15811388300841894
dirichlet,,0.2615043818950653,0.7529269456863403,10,0.222889244556427,0.15811388300841894
dirichlet,,0.5218156576156616,1.6238439083099365,11,0.16726616024971008,0.15811388300841894
dirichlet,,0.3056272268295288,1.1968141794204712,11,0.11301295459270477,0.15811388300841894
dirichlet,,0.6286446452140808,1.7736074924468994,9,0.21224698424339294,0.15811388300841894
dirichlet,,0.2570764422416687,1.0945382118225098,9,0.19583666324615479,0.15811388300841894
dirichlet,,0.3431839942932129,1.0655417442321777,10,0.18555551767349243,0.15811388300841894
dirichlet,,0.37484344840049744,1.1654736995697021,11,0.10490195453166962,0.15811388300841894
dirichlet,,0.45643168687820435,1.5208770036697388,11,0.19960778951644897,0.15811388300841894
dirichlet,,0.3577331006526947,1.6212453842163086,10,0.21686185896396637,0.15811388300841894
dirichlet,,0.3825777769088745,1.3097950220108032,11,0.1949853003025055,0.15811388300841894
dirichlet,,0.5475928783416748,1.459745168685913,10,0.10635873675346375,0.15811388300841894
dirichlet,,0.2821718454360962,1.6938002109527588,11,0.19963976740837097,0.15811388300841894
dirichlet,,0.4615887701511383,0.8248716592788696,11,0.13327479362487793,0.15811388300841894
dirichlet,,0.3297376036643982,1.1342138051986694,11,0.28575581312179565,0.15811388300841894
dirichlet,,0.48768314719200134,1.0983517169952393,9,0.17421332001686096,0.15811388300841894
dirichlet,,0.3795180320739746,1.109259009361267,9,0.16520492732524872,0.15811388300841894
dirichlet,,0.40599876642227173,0.8259762525558472,10,0.15458053350448608,0.15811388300841894
dirichlet,,0.36326348781585693,0.6569487452507019,11,0.21985498070716858,0.15811388300841894
dirichlet,,0.2997185289859772,1.159603238105774,11,0.22026905417442322,0.15811388300841894
dirichlet,,0.3385763466358185,1.1612169742584229,10,0.16480344533920288,0.15811388300841894
dirichlet,,0.2290547639131546,1.5538103580474854,10,0.16991053521633148,0.15811388300841894
dirichlet,,0.27349990606307983,1.032200813293457,11,0.13313645124435425,0.15811388300841894
dirichlet,,0.3571774363517761,1.3516417741775513,10,0.11740665137767792,0.15811388300841894
dirichlet,,0.339312881231308,0.8145195841789246,9,0.13447213172912598,0.15811388300841894
dirichlet,,0.346037894487381,0.8958083987236023,10,0.16706010699272156,0.15811388300841894
dirichlet,,0.5327328443527222,1.4080414772033691,11,0.18725241720676422,0.15811388300841894
dirichlet,,0.24634039402008057,0.9332422018051147,11,0.26088523864746094,0.15811388300841894
dirichlet,,0.3278956413269043,1.220029354095459,10,0.21016377210617065,0.15811388300841894
dirichlet,,0.3204621970653534,0.7860092520713806,11,0.18504846096038818,0.15811388300841894
dirichlet,,0.518179178237915,1.1934802532196045,11,0.1583925038576126,0.15811388300841894
dirichlet,,0.3211110532283783,0.9665073156356812,10,0.17446012794971466,0.15811388300841894
dirichlet,,0.31623461842536926,1.5418827533721924,11,0.17419996857643127,0.15811388300841894
dirichlet,,0.3385319709777832,1.0922343730926514,11,0.23527446389198303,0.15811388300841894
dirichlet,,0.38695329427719116,1.0784422159194946,11,0.1911110281944275,0.15811388300841894
dirichlet,,0.32836881279945374,1.097891092300415,12,0.1937168687582016,0.15811388300841894
dirichlet,,0.4072372615337372,1.1818073987960815,11,0.17752525210380554,0.15811388300841894
dirichlet,,0.3779236674308777,1.2627265453338623,10,0.17211410403251648,0.15811388300841894
dirichlet,,0.5629813075065613,1.5321422815322876,12,0.18029145896434784,0.15811388300841894
dirichlet,,0.3287184536457062,1.2153186798095703,11,0.22315964102745056,0.15811388300841894
dirichlet,,0.37013012170791626,1.36508309841156,10,0.20560038089752197,0.15811388300841894
dirichlet,,0.34561610221862793,1.0871628522872925,10,0.14121106266975403,0.15811388300841894
dirichlet,,0.4107743203639984,1.191458821296692,11,0.1770957112312317,0.15811388300841894
dirichlet,,0.4151524603366852,1.1980361938476562,11,0.1614016741514206,0.15811388300841894
dirichlet,,0.2931857407093048,1.0162616968154907,12,0.18919456005096436,0.15811388300841894
dirichlet,,0.4234326481819153,1.8115787506103516,10,0.21702811121940613,0.15811388300841894
dirichlet,,0.35850614309310913,1.344399333000183,9,0.11006440222263336,0.15811388300841894
dirichlet,,0.2869412302970886,1.289686918258667,11,0.18826565146446228,0.15811388300841894
dirichlet,,0.42196473479270935,0.9513763189315796,11,0.23824115097522736,0.15811388300841894
dirichlet,,0.2770587205886841,0.8075477480888367,10,0.1902475357055664,0.15811388300841894
dirichlet,,0.2991207540035248,1.5865724086761475,10,0.19762417674064636,0.15811388300841894
dirichlet,,0.4031146168708801,1.4604262113571167,10,0.22523431479930878,0.15811388300841894
dirichlet,,0.4894235134124756,1.18021821975708,10,0.16283643245697021,0.15811388300841894
dirichlet,,0.36764538288116455,1.1850574016571045,10,0.16166427731513977,0.15811388300841894
dirichlet,,0.4202014207839966,1.4124019145965576,11,0.15262451767921448,0.15811388300841894
dirichlet,,0.30873197317123413,1.1547261476516724,11,0.1774464249610901,0.15811388300841894
dirichlet,,0.4616232216358185,1.4448487758636475,11,0.1777341663837433,0.15811388300841894
dirichlet,,0.33554163575172424,1.027855396270752,11,0.10838615149259567,0.15811388300841894
dirichlet,,0.45979344844818115,0.8887736201286316,10,0.15228140354156494,0.15811388300841894
dirichlet,,0.2272878885269165,0.9304835200309753,9,0.23006141185760498,0.15811388300841894
dirichlet,,0.4054047763347626,0.7715626955032349,11,0.1593332588672638,0.15811388300841894
dirichlet,,0.5262875556945801,0.8009637594223022,11,0.1342185139656067,0.15811388300841894
dirichlet,,0.4368983209133148,1.8059943914413452,11,0.22907613217830658,0.15811388300841894
dirichlet,,0.3696483075618744,0.7039462327957153,10,0.26085907220840454,0.15811388300841894
dirichlet,,0.26242226362228394,1.6025373935699463,11,0.27309271693229675,0.15811388300841894
dirichlet,,0.34925875067710876,1.3930612802505493,12,0.14770767092704773,0.15811388300841894
dirichlet,,0.3111375868320465,1.0233672857284546,12,0.14416565001010895,0.15811388300841894
dirichlet,,0.49857622385025024,0.9347594380378723,11,0.14925989508628845,0.15811388300841894
dirichlet,,0.2841525375843048,1.0057990550994873,9,0.1954297125339508,0.15811388300841894
dirichlet,,0.3924337327480316,1.674165964126587,10,0.17433670163154602,0.15811388300841894
dirichlet,,0.4841301441192627,1.3122148513793945,10,0.21695543825626373,0.15811388300841894
dirichlet,,0.5145480632781982,1.3857333660125732,11,0.18222755193710327,0.15811388300841894
dirichlet,,0.3196815550327301,1.384197473526001,10,0.1292799711227417,0.15811388300841894
dirichlet,,0.4219528138637543,1.1682683229446411,10,0.1612415313720703,0.15811388300841894
dirichlet,,0.4456474483013153,1.0282166004180908,11,0.17900995910167694,0.15811388300841894
dirichlet,,0.4201259911060333,1.0622005462646484,11,0.12935295701026917,0.15811388300841894
dirichlet,,0.3183947801589966,0.33751633763313293,8,0.24330860376358032,0.15811388300841894
dirichlet,,0.3608662188053131,1.214943528175354,12,0.16824987530708313,0.15811388300841894
dirichlet,,0.3737531304359436,1.5588014125823975,10,0.18871212005615234,0.15811388300841894
dirichlet,,0.35071539878845215,1.228804349899292,11,0.18854692578315735,0.15811388300841894
dirichlet,,0.2959933876991272,1.0172888040542603,10,0.1734313666820526,0.15811388300841894
dirichlet,,0.4658586084842682,1.431370496749878,10,0.10933087766170502,0.15811388300841894
dirichlet,,0.39759472012519836,1.0286552906036377,11,0.11355066299438477,0.15811388300841894
dirichlet,,0.39975297451019287,1.715780258178711,10,0.16147486865520477,0.15811388300841894
dirichlet,,0.3993930518627167,1.2310055494308472,8,0.14748308062553406,0.15811388300841894
dirichlet,,0.463576078414917,2.0671582221984863,11,0.20749635994434357,0.15811388300841894
dirichlet,,0.4234219193458557,1.0488063097000122,10,0.23875059187412262,0.15811388300841894
dirichlet,,0.3749798834323883,0.9535304307937622,11,0.13957566022872925,0.15811388300841894
dirichlet,,0.3566480576992035,1.3706201314926147,11,0.18367713689804077,0.15811388300841894
dirichlet,,0.4138890504837036,1.7133305072784424,10,0.2827787399291992,0.15811388300841894
dirichlet,,0.44351884722709656,1.1992030143737793,11,0.17668256163597107,0.15811388300841894
dirichlet,,0.3954107463359833,1.4493801593780518,12,0.26267698407173157,0.15811388300841894
dirichlet,,0.3146866261959076,1.51564621925354,11,0.15888336300849915,0.15811388300841894
dirichlet,,0.3287416398525238,1.0345032215118408,9,0.12989366054534912,0.15811388300841894
dirichlet,,0.35579821467399597,1.087038278579712,11,0.23640349507331848,0.15811388300841894
dirichlet,,0.41184255480766296,1.2213551998138428,11,0.18201430141925812,0.15811388300841894
dirichlet,,0.3367411494255066,0.7705056667327881,10,0.2031664103269577,0.15811388300841894
dirichlet,,0.42046472430229187,1.4403012990951538,11,0.12391425669193268,0.15811388300841894
dirichlet,,0.38095250725746155,1.221456527709961,9,0.18189358711242676,0.15811388300841894
dirichlet,,0.2108890563249588,1.37832772731781,11,0.17729103565216064,0.15811388300841894
dirichlet,,0.39721614122390747,1.2943332195281982,11,0.186519056558609,0.15811388300841894
dirichlet,,0.29344549775123596,0.9008554220199585,10,0.22458301484584808,0.15811388300841894
dirichlet,,0.28938859701156616,1.2134872674942017,8,0.2193201780319214,0.15811388300841894
dirichlet,,0.3936760127544403,1.0107985734939575,11,0.1995636522769928,0.15811388300841894
dirichlet,,0.39115869998931885,1.623286485671997,10,0.26421505212783813,0.15811388300841894
dirichlet,,0.3233543634414673,0.9989892840385437,10,0.22799217700958252,0.15811388300841894
dirichlet,,0.271524041891098,1.1831237077713013,12,0.23287618160247803,0.15811388300841894
dirichlet,,0.3975456655025482,1.6162573099136353,11,0.1514407843351364,0.15811388300841894
dirichlet,,0.2625862956047058,1.0105068683624268,11,0.13635390996932983,0.15811388300841894
dirichlet,,0.445849746465683,1.473203420639038,10,0.1623171716928482,0.15811388300841894
dirichlet,,0.4567311704158783,1.327446699142456,11,0.17099754512310028,0.15811388300841894
dirichlet,,0.36845076084136963,1.199144959449768,11,0.2036675065755844,0.15811388300841894
dirichlet,,0.4199400544166565,2.2101497650146484,12,0.38333308696746826,0.15811388300841894
dirichlet,,0.3532164394855499,0.8898787498474121,10,0.15091043710708618,0.15811388300841894
dirichlet,,0.4153323173522949,0.9804242253303528,11,0.23441752791404724,0.15811388300841894
dirichlet,,0.491738885641098,1.1810898780822754,10,0.24108800292015076,0.15811388300841894
dirichlet,,0.38918256759643555,0.9545024037361145,10,0.1393655240535736,0.15811388300841894
dirichlet,,0.3417394757270813,1.5193394422531128,11,0.22674545645713806,0.15811388300841894
dirichlet,,0.26218563318252563,0.6532772779464722,12,0.22750814259052277,0.15811388300841894
dirichlet,,0.30681711435317993,1.4609739780426025,11,0.20324528217315674,0.15811388300841894
dirichlet,,0.2754020690917969,1.0246174335479736,11,0.16009530425071716,0.15811388300841894
dirichlet,,0.46191316843032837,1.1668494939804077,11,0.1524391770362854,0.15811388300841894
dirichlet,,0.628566563129425,1.7817195653915405,9,0.14163219928741455,0.15811388300841894
dirichlet,,0.3590071499347687,1.1189935207366943,10,0.2549865245819092,0.15811388300841894
dirichlet,,0.4199979901313782,0.9745136499404907,9,0.11577469110488892,0.15811388300841894
dirichlet,,0.42355790734291077,1.3208868503570557,9,0.16698186099529266,0.15811388300841894
dirichlet,,0.5146834254264832,1.2287055253982544,11,0.2121930569410324,0.15811388300841894
dirichlet,,0.39669567346572876,0.6052266359329224,11,0.09783974289894104,0.15811388300841894
dirichlet,,0.32685983180999756,1.9319746494293213,11,0.1564997136592865,0.15811388300841894
dirichlet,,0.6379622220993042,2.0091123580932617,11,0.1933685839176178,0.15811388300841894
dirichlet,,0.24195852875709534,1.158608078956604,11,0.23480632901191711,0.15811388300841894
dirichlet,,0.37411805987358093,1.0465152263641357,10,0.1895207315683365,0.15811388300841894
dirichlet,,0.3914852738380432,1.3795874118804932,11,0.2142145335674286,0.15811388300841894
dirichlet,,0.368745893239975,1.1735302209854126,11,0.24941542744636536,0.15811388300841894
dirichlet,,0.4734668433666229,1.1272938251495361,10,0.22849681973457336,0.15811388300841894
dirichlet,,0.2790399491786957,1.5889337062835693,9,0.16070765256881714,0.15811388300841894
dirichlet,,0.42755433917045593,1.1533124446868896,10,0.15118087828159332,0.15811388300841894
dirichlet,,0.19291560351848602,1.5536367893218994,10,0.17027397453784943,0.15811388300841894
dirichlet,,0.591498076915741,1.60426926612854,11,0.1422376185655594,0.15811388300841894
dirichlet,,0.4990413188934326,1.6026642322540283,10,0.1666654497385025,0.15811388300841894
dirichlet,,0.3372011184692383,1.3366361856460571,9,0.1991981565952301,0.15811388300841894
dirichlet,,0.39560964703559875,1.160317063331604,9,0.22601239383220673,0.15811388300841894
dirichlet,,0.5663151741027832,1.1691950559616089,10,0.09193956106901169,0.15811388300841894
dirichlet,,0.35841086506843567,1.2615026235580444,10,0.14123231172561646,0.15811388300841894
dirichlet,,0.30115845799446106,1.0962982177734375,9,0.15740042924880981,0.15811388300841894
dirichlet,,0.5073811411857605,1.2047855854034424,10,0.2750632166862488,0.15811388300841894
dirichlet,,0.404523104429245,0.9768028259277344,10,0.19718725979328156,0.15811388300841894
dirichlet,,0.262961208820343,1.3658453226089478,11,0.18773114681243896,0.15811388300841894
dirichlet,,0.45982855558395386,1.491731882095337,10,0.20453950762748718,0.15811388300841894
dirichlet,,0.3738154470920563,1.2889132499694824,12,0.14639511704444885,0.15811388300841894
dirichlet,,0.25842440128326416,0.5118293166160583,10,0.1523243486881256,0.15811388300841894
dirichlet,,0.37094977498054504,1.571052074432373,12,0.17808878421783447,0.15811388300841894
dirichlet,,0.43524572253227234,1.2770243883132935,11,0.16911578178405762,0.15811388300841894
dirichlet,,0.22318723797798157,0.7130663394927979,10,0.12473692744970322,0.15811388300841894
dirichlet,,0.3356406092643738,1.324020504951477,10,0.17761462926864624,0.15811388300841894
dirichlet,,0.4795379936695099,1.6943185329437256,11,0.21511542797088623,0.15811388300841894
dirichlet,,0.41926562786102295,1.2200201749801636,11,0.1097240298986435,0.15811388300841894
dirichlet,,0.41407451033592224,1.227908968925476,11,0.205656498670578,0.15811388300841894
dirichlet,,0.3067184388637543,1.1649657487869263,11,0.12184246629476547,0.15811388300841894
dirichlet,,0.4551060199737549,1.1777803897857666,11,0.1700543314218521,0.15811388300841894
dirichlet,,0.33727845549583435,1.365271806716919,9,0.14599354565143585,0.15811388300841894
dirichlet,,0.3584834635257721,1.1694421768188477,10,0.14426666498184204,0.15811388300841894
dirichlet,,0.3301524817943573,0.7675682306289673,10,0.1989617943763733,0.15811388300841894
dirichlet,,0.4159606695175171,1.4475927352905273,11,0.1827223002910614,0.15811388300841894
dirichlet,,0.30208534002304077,1.1652112007141113,11,0.2096032202243805,0.15811388300841894
dirichlet,,0.42104262113571167,1.6036016941070557,10,0.2399226278066635,0.15811388300841894
dirichlet,,0.3600819408893585,1.8170058727264404,11,0.1334947645664215,0.15811388300841894
dirichlet,,0.5359196066856384,1.7850239276885986,11,0.34668558835983276,0.15811388300841894
dirichlet,,0.39621272683143616,1.4658061265945435,12,0.12324191629886627,0.15811388300841894
dirichlet,,0.34908777475357056,1.6328370571136475,11,0.18115410208702087,0.15811388300841894
dirichlet,,0.36951902508735657,1.5753275156021118,10,0.13920354843139648,0.15811388300841894
dirichlet,,0.4324435591697693,1.0477522611618042,11,0.1842469871044159,0.15811388300841894
dirichlet,,0.5128796100616455,1.2908519506454468,10,0.20634499192237854,0.15811388300841894
dirichlet,,0.28095167875289917,0.8528954386711121,11,0.17097337543964386,0.15811388300841894
dirichlet,,0.28617870807647705,1.6445248126983643,11,0.22137156128883362,0.15811388300841894
dirichlet,,0.45563805103302,1.618247628211975,11,0.22196339070796967,0.15811388300841894
dirichlet,,0.6628009676933289,1.8529577255249023,10,0.21953970193862915,0.15811388300841894
dirichlet,,0.3591321110725403,1.5264419317245483,8,0.2478986233472824,0.15811388300841894
dirichlet,,0.4373427629470825,1.0219528675079346,10,0.11787357926368713,0.15811388300841894
dirichlet,,0.390055775642395,1.2544617652893066,9,0.26127809286117554,0.15811388300841894
dirichlet,,0.4804253578186035,1.046614170074463,11,0.18417471647262573,0.15811388300841894
dirichlet,,0.3512086272239685,1.5167701244354248,10,0.2196212112903595,0.15811388300841894
dirichlet,,0.42444244027137756,1.0102487802505493,11,0.1247723326086998,0.15811388300841894
dirichlet,,0.42193230986595154,1.199767827987671,11,0.16335934400558472,0.15811388300841894
dirichlet,,0.2889960706233978,0.7801481485366821,11,0.23639552295207977,0.15811388300841894
dirichlet,,0.43538805842399597,1.3310993909835815,11,0.2505006194114685,0.15811388300841894
dirichlet,,0.4794929623603821,1.980828881263733,11,0.1680445671081543,0.15811388300841894
dirichlet,,0.23310749232769012,1.3525372743606567,9,0.1760753095149994,0.15811388300841894
dirichlet,,0.3238474428653717,1.4375693798065186,11,0.1705811470746994,0.15811388300841894
dirichlet,,0.40088850259780884,0.6980656385421753,11,0.18470826745033264,0.15811388300841894
dirichlet,,0.4111299514770508,1.4092353582382202,11,0.19038739800453186,0.15811388300841894
dirichlet,,0.45368629693984985,1.4359790086746216,11,0.21293844282627106,0.15811388300841894
dirichlet,,0.19252917170524597,1.301415205001831,11,0.12841247022151947,0.15811388300841894
dirichlet,,0.41481953859329224,1.288451910018921,11,0.12650570273399353,0.15811388300841894
dirichlet,,0.2728622257709503,0.858718991279602,11,0.23659685254096985,0.15811388300841894
dirichlet,,0.4024871587753296,0.7894872426986694,10,0.11181159317493439,0.15811388300841894
dirichlet,,0.2888054847717285,1.3287837505340576,11,0.16669347882270813,0.15811388300841894
dirichlet,,0.3820231854915619,1.4369103908538818,11,0.12699060142040253,0.15811388300841894
dirichlet,,0.46587255597114563,1.3406379222869873,11,0.12426073849201202,0.15811388300841894
dirichlet,,0.2949828803539276,1.026214599609375,11,0.12429846823215485,0.15811388300841894
dirichlet,,0.4486636221408844,0.8577741384506226,12,0.2038969099521637,0.15811388300841894
dirichlet,,0.3772641122341156,1.4580469131469727,11,0.17388683557510376,0.15811388300841894
dirichlet,,0.38570278882980347,1.1345148086547852,12,0.20080967247486115,0.15811388300841894
dirichlet,,0.33185911178588867,1.0725961923599243,11,0.12170396745204926,0.15811388300841894
dirichlet,,0.5708886384963989,1.8629636764526367,11,0.19825780391693115,0.15811388300841894
dirichlet,,0.33854928612709045,1.0555914640426636,10,0.09719345718622208,0.15811388300841894
dirichlet,,0.3452775776386261,1.4851771593093872,11,0.33164748549461365,0.15811388300841894
dirichlet,,0.363611102104187,0.9211124181747437,10,0.18948611617088318,0.15811388300841894
dirichlet,,0.31999850273132324,1.629087209701538,10,0.20594638586044312,0.15811388300841894
dirichlet,,0.4028657078742981,1.2036433219909668,11,0.2178548127412796,0.15811388300841894
dirichlet,,0.4687698781490326,1.4232444763183594,10,0.10790232568979263,0.15811388300841894
dirichlet,,0.23661980032920837,1.575278878211975,11,0.19631284475326538,0.15811388300841894
dirichlet,,0.49654197692871094,1.299214482307434,10,0.12563341856002808,0.21084825171429109
dirichlet,,0.42998942732810974,1.5756537914276123,11,0.1938600093126297,0.21084825171429109
dirichlet,,0.31973162293434143,0.6939016580581665,11,0.20978030562400818,0.21084825171429109
dirichlet,,0.4346696138381958,1.7189853191375732,11,0.16255296766757965,0.21084825171429109
dirichlet,,0.4108434319496155,0.9568243026733398,11,0.2014535814523697,0.21084825171429109
dirichlet,,0.3689079284667969,0.9540542364120483,9,0.13886375725269318,0.21084825171429109
dirichlet,,0.2540091872215271,1.380862832069397,11,0.15109190344810486,0.21084825171429109
dirichlet,,0.41757941246032715,1.3474061489105225,11,0.1931120753288269,0.21084825171429109
dirichlet,,0.3059978187084198,1.456413745880127,11,0.19050975143909454,0.21084825171429109
dirichlet,,0.22019922733306885,1.0465974807739258,11,0.1824994534254074,0.21084825171429109
dirichlet,,0.3082902133464813,1.122816801071167,10,0.13920898735523224,0.21084825171429109
dirichlet,,0.4405253827571869,1.7333452701568604,11,0.2377942055463791,0.21084825171429109
dirichlet,,0.3030160367488861,1.47518789768219,11,0.20417408645153046,0.21084825171429109
dirichlet,,0.36687687039375305,1.6838829517364502,10,0.1774415373802185,0.21084825171429109
dirichlet,,0.3196500241756439,1.0303713083267212,9,0.13574860990047455,0.21084825171429109
dirichlet,,0.3790329098701477,0.7965391874313354,10,0.19859956204891205,0.21084825171429109
dirichlet,,0.24277572333812714,1.134586215019226,10,0.1841813623905182,0.21084825171429109
dirichlet,,0.2899388372898102,0.7966703176498413,10,0.19310182332992554,0.21084825171429109
dirichlet,,0.5099418759346008,1.3914902210235596,11,0.2747940123081207,0.21084825171429109
dirichlet,,0.32850009202957153,1.4655954837799072,10,0.17524202167987823,0.21084825171429109
dirichlet,,0.4030006527900696,1.3026577234268188,11,0.2182077169418335,0.21084825171429109
dirichlet,,0.3437209725379944,1.4292923212051392,10,0.2130480855703354,0.21084825171429109
dirichlet,,0.4385879933834076,1.3811309337615967,10,0.26760032773017883,0.21084825171429109
dirichlet,,0.389631062746048,1.2231626510620117,10,0.23452763259410858,0.21084825171429109
dirichlet,,0.3299877345561981,1.197066068649292,9,0.27781325578689575,0.21084825171429109
dirichlet,,0.3452173173427582,1.164782166481018,11,0.2275150716304779,0.21084825171429109
dirichlet,,0.3867323398590088,1.1441210508346558,11,0.23909123241901398,0.21084825171429109
dirichlet,,0.3688182532787323,1.2673667669296265,11,0.19362330436706543,0.21084825171429109
dirichlet,,0.31727471947669983,0.9777923822402954,9,0.14745108783245087,0.21084825171429109
dirichlet,,0.3386844992637634,1.031112790107727,10,0.3479114770889282,0.21084825171429109
dirichlet,,0.36525607109069824,1.2830170392990112,11,0.1702224612236023,0.21084825171429109
dirichlet,,0.25298628211021423,1.2200043201446533,11,0.18865549564361572,0.21084825171429109
dirichlet,,0.3421071767807007,1.2053511142730713,10,0.22945833206176758,0.21084825171429109
dirichlet,,0.4786781072616577,1.5394814014434814,11,0.2352592945098877,0.21084825171429109
dirichlet,,0.35806143283843994,1.1780998706817627,10,0.2005784958600998,0.21084825171429109
dirichlet,,0.4809706211090088,1.355254888534546,11,0.2940312922000885,0.21084825171429109
dirichlet,,0.4340219795703888,1.5623668432235718,11,0.26691949367523193,0.21084825171429109
dirichlet,,0.48473474383354187,1.5460458993911743,10,0.2514517307281494,0.21084825171429109
dirichlet,,0.3765634596347809,0.8206056356430054,11,0.16176459193229675,0.21084825171429109
dirichlet,,0.33968639373779297,1.1670268774032593,11,0.3272048234939575,0.21084825171429109
dirichlet,,0.321222722530365,0.9945885539054871,11,0.18002896010875702,0.21084825171429109
dirichlet,,0.32768532633781433,0.8051254153251648,11,0.22453726828098297,0.21084825171429109
dirichlet,,0.25225144624710083,1.208928108215332,11,0.14841648936271667,0.21084825171429109
dirichlet,,0.4973248541355133,1.1897304058074951,11,0.15588858723640442,0.21084825171429109
dirichlet,,0.403489351272583,1.2886260747909546,10,0.2000981867313385,0.21084825171429109
dirichlet,,0.396957129240036,1.323744535446167,10,0.1374637484550476,0.21084825171429109
dirichlet,,0.3537304997444153,1.1505718231201172,11,0.1355804204940796,0.21084825171429109
dirichlet,,0.4555843770503998,1.388199806213379,10,0.14104244112968445,0.21084825171429109
dirichlet,,0.4632236957550049,1.5066438913345337,10,0.21995630860328674,0.21084825171429109
dirichlet,,0.37239307165145874,1.0346251726150513,11,0.20879337191581726,0.21084825171429109
dirichlet,,0.35255753993988037,1.1720067262649536,11,0.2844872772693634,0.21084825171429109
dirichlet,,0.4520862102508545,1.342706322669983,11,0.2309650182723999,0.21084825171429109
dirichlet,,0.33291223645210266,1.137121558189392,10,0.22604554891586304,0.21084825171429109
dirichlet,,0.31702369451522827,1.2935889959335327,10,0.10613512992858887,0.21084825171429109
dirichlet,,0.4320281147956848,1.3512202501296997,11,0.15506739914417267,0.21084825171429109
dirichlet,,0.32953527569770813,0.9946433901786804,10,0.14329993724822998,0.21084825171429109
dirichlet,,0.4070085883140564,0.8347568511962891,9,0.26640695333480835,0.21084825171429109
dirichlet,,0.3468317985534668,1.2859524488449097,10,0.1378607600927353,0.21084825171429109
dirichlet,,0.29476529359817505,1.17299485206604,12,0.17901679873466492,0.21084825171429109
dirichlet,,0.40619999170303345,1.1683512926101685,11,0.24549241364002228,0.21084825171429109
dirichlet,,0.5510709285736084,1.2751545906066895,11,0.13736671209335327,0.21084825171429109
dirichlet,,0.4616115689277649,0.9446783065795898,10,0.17970992624759674,0.21084825171429109
dirichlet,,0.46251180768013,1.1062744855880737,9,0.18893133103847504,0.21084825171429109
dirichlet,,0.3840486407279968,1.1774506568908691,8,0.20750018954277039,0.21084825171429109
dirichlet,,0.45374640822410583,1.421239972114563,11,0.17802923917770386,0.21084825171429109
dirichlet,,0.4309878945350647,1.1177040338516235,9,0.23871462047100067,0.21084825171429109
dirichlet,,0.28203511238098145,0.9414534568786621,11,0.2054239809513092,0.21084825171429109
dirichlet,,0.2018664926290512,1.3194196224212646,9,0.21839284896850586,0.21084825171429109
dirichlet,,0.4533950686454773,1.1576159000396729,11,0.16340473294258118,0.21084825171429109
dirichlet,,0.47252508997917175,1.4258463382720947,11,0.18238431215286255,0.21084825171429109
dirichlet,,0.4823608696460724,1.412964940071106,11,0.15498539805412292,0.21084825171429109
dirichlet,,0.4033275246620178,0.9578081965446472,11,0.17051714658737183,0.21084825171429109
dirichlet,,0.19397573173046112,0.8728294372558594,10,0.12314395606517792,0.21084825171429109
dirichlet,,0.45712414383888245,1.1430047750473022,11,0.19825586676597595,0.21084825171429109
dirichlet,,0.2681531012058258,1.0202059745788574,11,0.13006529211997986,0.21084825171429109
dirichlet,,0.30133968591690063,1.195899248123169,10,0.14005133509635925,0.21084825171429109
dirichlet,,0.4297657907009125,1.2470860481262207,11,0.1905471831560135,0.21084825171429109
dirichlet,,0.46810442209243774,0.8091139793395996,10,0.30309411883354187,0.21084825171429109
dirichlet,,0.39037609100341797,1.2882802486419678,11,0.1501014083623886,0.21084825171429109
dirichlet,,0.38130640983581543,1.2317978143692017,11,0.15580524504184723,0.21084825171429109
dirichlet,,0.31969359517097473,0.921500563621521,11,0.17224368453025818,0.21084825171429109
dirichlet,,0.39788195490837097,1.2815160751342773,11,0.15712907910346985,0.21084825171429109
dirichlet,,0.34589654207229614,0.9262439608573914,9,0.2644680142402649,0.21084825171429109
dirichlet,,0.2573908865451813,1.0378196239471436,9,0.13760700821876526,0.21084825171429109
dirichlet,,0.37572914361953735,1.4473636150360107,10,0.14105075597763062,0.21084825171429109
dirichlet,,0.3262247145175934,1.0799700021743774,11,0.16319270431995392,0.21084825171429109
dirichlet,,0.312213659286499,1.1677577495574951,11,0.08918998390436172,0.21084825171429109
dirichlet,,0.49952107667922974,1.5202430486679077,11,0.26118358969688416,0.21084825171429109
dirichlet,,0.3809655010700226,1.237054705619812,10,0.18253099918365479,0.21084825171429109
dirichlet,,0.41925889253616333,1.2218068838119507,11,0.198817640542984,0.21084825171429109
dirichlet,,0.24629643559455872,1.0348632335662842,10,0.2118731141090393,0.21084825171429109
dirichlet,,0.3674803376197815,1.32942795753479,11,0.14473547041416168,0.21084825171429109
dirichlet,,0.3471577763557434,1.1248676776885986,10,0.16182297468185425,0.21084825171429109
dirichlet,,0.3682693839073181,1.3468143939971924,11,0.14266502857208252,0.21084825171429109
dirichlet,,0.2760714590549469,1.3850558996200562,11,0.2541891634464264,0.21084825171429109
dirichlet,,0.4439789950847626,1.4807207584381104,11,0.16563692688941956,0.21084825171429109
dirichlet,,0.39210906624794006,0.9396179914474487,11,0.17558740079402924,0.21084825171429109
dirichlet,,0.4937097728252411,1.0931309461593628,11,0.1958790421485901,0.21084825171429109
dirichlet,,0.4198167026042938,1.0737698078155518,11,0.21483756601810455,0.21084825171429109
dirichlet,,0.3397779166698456,0.7626338601112366,10,0.2211294174194336,0.21084825171429109
dirichlet,,0.40828847885131836,1.1201984882354736,11,0.14050990343093872,0.21084825171429109
dirichlet,,0.3271476626396179,1.3931790590286255,12,0.2567693591117859,0.21084825171429109
dirichlet,,0.2574760913848877,1.4622275829315186,10,0.21449768543243408,0.21084825171429109
dirichlet,,0.46036484837532043,1.1924266815185547,11,0.1400817334651947,0.21084825171429109
dirichlet,,0.46153050661087036,1.413950800895691,12,0.15651726722717285,0.21084825171429109
dirichlet,,0.47669532895088196,1.2184845209121704,10,0.20442891120910645,0.21084825171429109
dirichlet,,0.35297730565071106,1.1940982341766357,11,0.15224814414978027,0.21084825171429109
dirichlet,,0.36967819929122925,1.3907878398895264,11,0.2419237345457077,0.21084825171429109
dirichlet,,0.4312688410282135,1.4960412979125977,10,0.19383572041988373,0.21084825171429109
dirichlet,,0.36427274346351624,1.2783385515213013,11,0.17004600167274475,0.21084825171429109
dirichlet,,0.471238911151886,1.3836654424667358,10,0.19961172342300415,0.21084825171429109
dirichlet,,0.33875641226768494,1.0749398469924927,11,0.14690689742565155,0.21084825171429109
dirichlet,,0.5091288685798645,1.580212950706482,11,0.15253964066505432,0.21084825171429109
dirichlet,,0.3078729212284088,1.2986884117126465,10,0.15750634670257568,0.21084825171429109
dirichlet,,0.3825363218784332,1.1750012636184692,10,0.22865581512451172,0.21084825171429109
dirichlet,,0.4073384404182434,0.6649447083473206,9,0.1883392184972763,0.21084825171429109
dirichlet,,0.3466649651527405,1.1402392387390137,10,0.13053181767463684,0.21084825171429109
dirichlet,,0.374738484621048,1.0113093852996826,11,0.15125763416290283,0.21084825171429109
dirichlet,,0.24993857741355896,0.8417946100234985,10,0.2448335736989975,0.21084825171429109
dirichlet,,0.4285096824169159,1.0408613681793213,11,0.1944470852613449,0.21084825171429109
dirichlet,,0.43491703271865845,1.3742254972457886,10,0.1627931296825409,0.21084825171429109
dirichlet,,0.4514164328575134,1.306856393814087,10,0.159124493598938,0.21084825171429109
dirichlet,,0.35876700282096863,1.2952724695205688,9,0.21789540350437164,0.21084825171429109
dirichlet,,0.3586752116680145,1.4936764240264893,10,0.13991393148899078,0.21084825171429109
dirichlet,,0.31629619002342224,1.0031805038452148,10,0.21252398192882538,0.21084825171429109
dirichlet,,0.27464914321899414,1.8229637145996094,11,0.16918280720710754,0.21084825171429109
dirichlet,,0.4409387409687042,1.5638635158538818,10,0.12877564132213593,0.21084825171429109
dirichlet,,0.41060641407966614,0.7614246010780334,11,0.19672635197639465,0.21084825171429109
dirichlet,,0.3165954351425171,1.0848973989486694,10,0.12417655438184738,0.21084825171429109
dirichlet,,0.25310492515563965,1.092258095741272,9,0.2045057862997055,0.21084825171429109
dirichlet,,0.45110568404197693,1.3037939071655273,12,0.2053699940443039,0.21084825171429109
dirichlet,,0.2830296754837036,0.9528309106826782,11,0.2338384985923767,0.21084825171429109
dirichlet,,0.4276350140571594,0.8961533308029175,9,0.19144949316978455,0.21084825171429109
dirichlet,,0.45833688974380493,1.4343211650848389,10,0.16313597559928894,0.21084825171429109
dirichlet,,0.40085962414741516,1.2691154479980469,10,0.2820341885089874,0.21084825171429109
dirichlet,,0.49815574288368225,0.9660768508911133,11,0.22888070344924927,0.21084825171429109
dirichlet,,0.3539641201496124,0.9711617231369019,10,0.2590828537940979,0.21084825171429109
dirichlet,,0.5144994854927063,1.3695098161697388,9,0.27162110805511475,0.21084825171429109
dirichlet,,0.37924447655677795,1.2415382862091064,12,0.1771836280822754,0.21084825171429109
dirichlet,,0.2964378893375397,1.3036688566207886,12,0.1711893379688263,0.21084825171429109
dirichlet,,0.3887465000152588,1.171374797821045,10,0.19319412112236023,0.21084825171429109
dirichlet,,0.29475682973861694,1.5123069286346436,11,0.1840372383594513,0.21084825171429109
dirichlet,,0.30405765771865845,1.4281467199325562,10,0.25186848640441895,0.21084825171429109
dirichlet,,0.21068668365478516,1.4136000871658325,10,0.23587453365325928,0.21084825171429109
dirichlet,,0.32276490330696106,1.1674095392227173,11,0.3581744432449341,0.21084825171429109
dirichlet,,0.3731113076210022,0.902012050151825,11,0.17622505128383636,0.21084825171429109
dirichlet,,0.3414372205734253,1.1781055927276611,10,0.3017629086971283,0.21084825171429109
dirichlet,,0.30515289306640625,1.555612325668335,10,0.17312082648277283,0.21084825171429109
dirichlet,,0.41319456696510315,1.427561640739441,11,0.2402793914079666,0.21084825171429109
dirichlet,,0.26250872015953064,1.116111397743225,11,0.24484625458717346,0.21084825171429109
dirichlet,,0.37014415860176086,1.0090563297271729,11,0.17027084529399872,0.21084825171429109
dirichlet,,0.37314656376838684,1.1617473363876343,12,0.18001557886600494,0.21084825171429109
dirichlet,,0.406840056180954,1.3202208280563354,9,0.25386956334114075,0.21084825171429109
dirichlet,,0.38741570711135864,1.1060267686843872,9,0.1700442135334015,0.21084825171429109
dirichlet,,0.3745015263557434,1.0554654598236084,9,0.17791205644607544,0.21084825171429109
dirichlet,,0.350399374961853,1.2593519687652588,10,0.21791747212409973,0.21084825171429109
dirichlet,,0.260644793510437,0.9441725611686707,10,0.2532115578651428,0.21084825171429109
dirichlet,,0.37868592143058777,1.474779725074768,11,0.13045012950897217,0.21084825171429109
dirichlet,,0.2629542648792267,0.9469032287597656,11,0.17247620224952698,0.21084825171429109
dirichlet,,0.4046350419521332,1.6668195724487305,11,0.16882796585559845,0.21084825171429109
dirichlet,,0.5899096727371216,1.3292412757873535,10,0.17406681180000305,0.21084825171429109
dirichlet,,0.2982136309146881,1.135967493057251,10,0.18035751581192017,0.21084825171429109
dirichlet,,0.5082575082778931,1.1267602443695068,9,0.18740315735340118,0.21084825171429109
dirichlet,,0.3342059254646301,1.041121244430542,10,0.19498291611671448,0.21084825171429109
dirichlet,,0.3167983889579773,1.1069849729537964,11,0.2302427589893341,0.21084825171429109
dirichlet,,0.30445441603660583,0.922336220741272,11,0.17727388441562653,0.21084825171429109
dirichlet,,0.44600874185562134,1.1320374011993408,10,0.18511554598808289,0.21084825171429109
dirichlet,,0.4306448996067047,1.0306215286254883,10,0.16967985033988953,0.21084825171429109
dirichlet,,0.28696632385253906,1.2665832042694092,10,0.19294163584709167,0.21084825171429109
dirichlet,,0.363926500082016,1.00697660446167,12,0.168657585978508,0.21084825171429109
dirichlet,,0.35925227403640747,1.0645339488983154,10,0.1988549828529358,0.21084825171429109
dirichlet,,0.3206024169921875,0.9962476491928101,10,0.16174949705600739,0.21084825171429109
dirichlet,,0.4304390549659729,1.2223141193389893,10,0.2947715222835541,0.21084825171429109
dirichlet,,0.29865676164627075,1.0691173076629639,11,0.1511741429567337,0.21084825171429109
dirichlet,,0.3496231436729431,1.1371023654937744,10,0.24456532299518585,0.21084825171429109
dirichlet,,0.3024219274520874,1.505566954612732,10,0.2636013627052307,0.21084825171429109
dirichlet,,0.48334503173828125,0.8817030787467957,10,0.13984191417694092,0.21084825171429109
dirichlet,,0.38180288672447205,1.230055332183838,10,0.18816620111465454,0.21084825171429109
dirichlet,,0.5057874321937561,1.8161680698394775,10,0.28795528411865234,0.21084825171429109
dirichlet,,0.34120428562164307,1.0914041996002197,10,0.1495421826839447,0.21084825171429109
dirichlet,,0.38927245140075684,1.4211761951446533,8,0.16130805015563965,0.21084825171429109
dirichlet,,0.5449309945106506,0.9971402883529663,10,0.21228313446044922,0.21084825171429109
dirichlet,,0.43068253993988037,1.5458354949951172,10,0.1881585717201233,0.21084825171429109
dirichlet,,0.35920992493629456,1.1126681566238403,11,0.16470713913440704,0.21084825171429109
dirichlet,,0.40289604663848877,1.1414740085601807,11,0.19108812510967255,0.21084825171429109
dirichlet,,0.3672131597995758,0.674975574016571,10,0.23191165924072266,0.21084825171429109
dirichlet,,0.33708250522613525,0.9891382455825806,10,0.1725451946258545,0.21084825171429109
dirichlet,,0.37382814288139343,1.2861661911010742,10,0.13150745630264282,0.21084825171429109
dirichlet,,0.5376170873641968,1.5325075387954712,10,0.23431378602981567,0.21084825171429109
dirichlet,,0.30032673478126526,1.193253755569458,10,0.16466018557548523,0.21084825171429109
dirichlet,,0.3185999095439911,0.7695320844650269,10,0.1775762438774109,0.21084825171429109
dirichlet,,0.35035908222198486,1.2962552309036255,8,0.1289147138595581,0.21084825171429109
dirichlet,,0.3685913383960724,1.7845830917358398,11,0.15484508872032166,0.21084825171429109
dirichlet,,0.2862705886363983,1.0752016305923462,11,0.1897437870502472,0.21084825171429109
dirichlet,,0.28477922081947327,0.7412347793579102,10,0.2057819366455078,0.21084825171429109
dirichlet,,0.32116588950157166,0.9055482149124146,9,0.19599294662475586,0.21084825171429109
dirichlet,,0.33677464723587036,1.6573851108551025,10,0.17523184418678284,0.21084825171429109
dirichlet,,0.2997061610221863,1.294018030166626,10,0.17290371656417847,0.21084825171429109
dirichlet,,0.3575723469257355,1.0465160608291626,10,0.16490676999092102,0.21084825171429109
dirichlet,,0.43018215894699097,1.1705899238586426,12,0.23243451118469238,0.21084825171429109
dirichlet,,0.2772284150123596,1.0546875,10,0.1459660530090332,0.21084825171429109
dirichlet,,0.4291874170303345,0.9048718214035034,10,0.14998044073581696,0.21084825171429109
dirichlet,,0.4241284132003784,1.3650727272033691,11,0.22619542479515076,0.21084825171429109
dirichlet,,0.31180527806282043,1.1454041004180908,10,0.25491178035736084,0.21084825171429109
dirichlet,,0.39496177434921265,1.279191255569458,10,0.1588689684867859,0.21084825171429109
dirichlet,,0.41210663318634033,1.0005614757537842,10,0.21050065755844116,0.21084825171429109
dirichlet,,0.4462791085243225,1.2900389432907104,10,0.15617531538009644,0.21084825171429109
dirichlet,,0.3503068685531616,1.066615104675293,10,0.14172446727752686,0.21084825171429109
dirichlet,,0.47677817940711975,1.1427807807922363,10,0.12864215672016144,0.21084825171429109
dirichlet,,0.36889636516571045,1.392018437385559,10,0.29193732142448425,0.21084825171429109
dirichlet,,0.4377106726169586,0.8867568969726562,10,0.31592655181884766,0.21084825171429109
dirichlet,,0.3557368814945221,1.1064786911010742,11,0.24509096145629883,0.21084825171429109
dirichlet,,0.24879299104213715,1.2385883331298828,10,0.12145712226629257,0.21084825171429109
dirichlet,,0.31349778175354004,1.5141772031784058,12,0.14355164766311646,0.21084825171429109
dirichlet,,0.39566555619239807,1.4574980735778809,11,0.25818365812301636,0.21084825171429109
dirichlet,,0.3871755003929138,1.3077380657196045,8,0.21133525669574738,0.21084825171429109
dirichlet,,0.3693177103996277,1.3689249753952026,10,0.2536954879760742,0.21084825171429109
dirichlet,,0.2468816041946411,1.0300822257995605,11,0.16809584200382233,0.21084825171429109
dirichlet,,0.4773590862751007,1.4713537693023682,12,0.2073516845703125,0.21084825171429109
dirichlet,,0.39363089203834534,0.9837468266487122,11,0.1344318389892578,0.21084825171429109
dirichlet,,0.25651586055755615,0.9143596887588501,9,0.15333665907382965,0.21084825171429109
dirichlet,,0.35309499502182007,1.2558791637420654,10,0.1974746435880661,0.21084825171429109
dirichlet,,0.3860509395599365,1.102847695350647,11,0.17637541890144348,0.21084825171429109
dirichlet,,0.2844344973564148,1.536991834640503,10,0.11744429171085358,0.21084825171429109
dirichlet,,0.36224785447120667,1.0394222736358643,10,0.17155736684799194,0.21084825171429109
dirichlet,,0.44146212935447693,1.023052453994751,10,0.2796355187892914,0.21084825171429109
dirichlet,,0.3962882161140442,0.6716502904891968,10,0.18116983771324158,0.21084825171429109
dirichlet,,0.34585925936698914,1.2653155326843262,10,0.20850080251693726,0.21084825171429109
dirichlet,,0.2621822953224182,1.0907539129257202,11,0.1108769103884697,0.21084825171429109
dirichlet,,0.3866618275642395,1.0445168018341064,12,0.163360133767128,0.21084825171429109
dirichlet,,0.3219056725502014,1.2617413997650146,11,0.16040807962417603,0.21084825171429109
dirichlet,,0.3719940483570099,1.4102064371109009,11,0.12080445885658264,0.21084825171429109
dirichlet,,0.4712080955505371,1.0301988124847412,10,0.17438465356826782,0.21084825171429109
dirichlet,,0.273576557636261,1.1125952005386353,9,0.26359280943870544,0.21084825171429109
dirichlet,,0.4021513760089874,1.4096144437789917,12,0.2397756576538086,0.21084825171429109
dirichlet,,0.43345147371292114,1.1550177335739136,11,0.13030587136745453,0.21084825171429109
dirichlet,,0.3742593824863434,1.4550058841705322,11,0.15337729454040527,0.21084825171429109
dirichlet,,0.2388090193271637,0.8841843605041504,10,0.15917524695396423,0.21084825171429109
dirichlet,,0.35234320163726807,1.1863634586334229,10,0.13836368918418884,0.21084825171429109
dirichlet,,0.305752158164978,1.3232975006103516,9,0.1585635393857956,0.21084825171429109
dirichlet,,0.4211072027683258,1.58135986328125,11,0.1368328481912613,0.21084825171429109
dirichlet,,0.39781883358955383,1.0828888416290283,11,0.17286249995231628,0.21084825171429109
dirichlet,,0.3482479751110077,1.6129766702651978,10,0.16727504134178162,0.21084825171429109
dirichlet,,0.4853990077972412,1.1337265968322754,11,0.1815049648284912,0.21084825171429109
dirichlet,,0.39647945761680603,1.3510456085205078,11,0.20728448033332825,0.21084825171429109
dirichlet,,0.2977723479270935,0.593299925327301,11,0.2239292860031128,0.21084825171429109
dirichlet,,0.42881879210472107,1.5061330795288086,11,0.25305667519569397,0.21084825171429109
dirichlet,,0.42514723539352417,1.2969658374786377,12,0.1535722315311432,0.21084825171429109
dirichlet,,0.3916660249233246,1.5636155605316162,11,0.22238168120384216,0.21084825171429109
dirichlet,,0.3510948419570923,1.065349817276001,11,0.13254201412200928,0.21084825171429109
dirichlet,,0.4323679804801941,1.4151877164840698,11,0.24180838465690613,0.21084825171429109
dirichlet,,0.4584972560405731,1.3809694051742554,10,0.14090822637081146,0.21084825171429109
dirichlet,,0.5106765627861023,1.1377594470977783,10,0.1048310399055481,0.21084825171429109
dirichlet,,0.2157721370458603,1.2054526805877686,8,0.22538959980010986,0.21084825171429109
dirichlet,,0.4400404095649719,1.4524073600769043,11,0.21922284364700317,0.21084825171429109
dirichlet,,0.348836213350296,1.4098504781723022,9,0.1355278044939041,0.21084825171429109
dirichlet,,0.4079451262950897,1.2176146507263184,8,0.15274423360824585,0.21084825171429109
dirichlet,,0.3272390365600586,1.4704773426055908,10,0.20437978208065033,0.21084825171429109
dirichlet,,0.39722132682800293,1.0082746744155884,9,0.10333047062158585,0.21084825171429109
dirichlet,,0.3401779532432556,1.1326240301132202,9,0.16160908341407776,0.21084825171429109
dirichlet,,0.3506248891353607,1.3290748596191406,11,0.2622137665748596,0.21084825171429109
dirichlet,,0.28766778111457825,1.5432099103927612,11,0.24621470272541046,0.21084825171429109
dirichlet,,0.2716532349586487,1.4750685691833496,10,0.20370149612426758,0.21084825171429109
dirichlet,,0.33241406083106995,0.6482951641082764,10,0.2696945071220398,0.21084825171429109
dirichlet,,0.34435564279556274,1.1576319932937622,10,0.18806862831115723,0.21084825171429109
dirichlet,,0.3765402138233185,1.3330185413360596,11,0.19420716166496277,0.21084825171429109
dirichlet,,0.3573133051395416,1.0244450569152832,10,0.20225150883197784,0.21084825171429109
dirichlet,,0.3531096279621124,0.9212551116943359,10,0.23770757019519806,0.21084825171429109
dirichlet,,0.5012223124504089,1.4364941120147705,11,0.16259783506393433,0.21084825171429109
dirichlet,,0.3725878894329071,0.9450933337211609,10,0.17330387234687805,0.21084825171429109
dirichlet,,0.331701397895813,1.279444932937622,10,0.14410176873207092,0.21084825171429109
dirichlet,,0.5085685849189758,1.9828218221664429,10,0.2453942894935608,0.21084825171429109
dirichlet,,0.38748177886009216,1.2753535509109497,10,0.30942070484161377,0.21084825171429109
dirichlet,,0.35801810026168823,1.051271915435791,10,0.16764184832572937,0.21084825171429109
dirichlet,,0.44121646881103516,0.8320075869560242,11,0.1929931640625,0.21084825171429109
dirichlet,,0.33999064564704895,0.7632879614830017,10,0.22497226297855377,0.21084825171429109
dirichlet,,0.3284260332584381,1.0137659311294556,10,0.2368314564228058,0.21084825171429109
dirichlet,,0.3938198387622833,1.18894362449646,10,0.18179522454738617,0.21084825171429109
dirichlet,,0.5178470611572266,1.4923449754714966,9,0.23039250075817108,0.21084825171429109
dirichlet,,0.274046927690506,1.4382030963897705,10,0.2428659200668335,0.21084825171429109
dirichlet,,0.37330853939056396,1.3121354579925537,10,0.25040242075920105,0.21084825171429109
dirichlet,,0.29583948850631714,0.7568979263305664,10,0.26533862948417664,0.21084825171429109
dirichlet,,0.2488367110490799,0.8786787986755371,10,0.14894428849220276,0.21084825171429109
dirichlet,,0.29413077235221863,1.4700247049331665,10,0.2863616943359375,0.21084825171429109
dirichlet,,0.4355784058570862,1.0750614404678345,10,0.17180706560611725,0.21084825171429109
dirichlet,,0.3579714298248291,0.8700021505355835,11,0.2155648022890091,0.21084825171429109
dirichlet,,0.3189173936843872,0.9011948704719543,10,0.19799165427684784,0.21084825171429109
dirichlet,,0.2896997928619385,1.5508644580841064,12,0.16141292452812195,0.21084825171429109
dirichlet,,0.3996270000934601,1.2655720710754395,11,0.17559024691581726,0.21084825171429109
dirichlet,,0.424477756023407,1.3990229368209839,10,0.22387471795082092,0.21084825171429109
dirichlet,,0.24876049160957336,0.7853528261184692,11,0.2043384164571762,0.21084825171429109
dirichlet,,0.34075474739074707,0.8144019246101379,11,0.19616813957691193,0.21084825171429109
dirichlet,,0.4531634449958801,1.1389485597610474,10,0.1897527277469635,0.21084825171429109
dirichlet,,0.4067661464214325,1.186450481414795,10,0.16371563076972961,0.21084825171429109
dirichlet,,0.601814866065979,0.8473722338676453,10,0.26463577151298523,0.21084825171429109
dirichlet,,0.37660276889801025,1.5423961877822876,9,0.19474537670612335,0.21084825171429109
dirichlet,,0.27028241753578186,1.1909253597259521,11,0.15725764632225037,0.21084825171429109
dirichlet,,0.35290563106536865,1.6091349124908447,9,0.1246422827243805,0.21084825171429109
dirichlet,,0.3066825568675995,1.0411897897720337,10,0.289054811000824,0.21084825171429109
dirichlet,,0.40637627243995667,1.1108901500701904,11,0.17700651288032532,0.21084825171429109
dirichlet,,0.3855586051940918,1.1058003902435303,9,0.14729620516300201,0.21084825171429109
dirichlet,,0.3852522075176239,0.877721905708313,10,0.13560989499092102,0.21084825171429109
dirichlet,,0.2854463756084442,1.382373571395874,12,0.1325831562280655,0.21084825171429109
dirichlet,,0.36811381578445435,1.3273098468780518,10,0.12396688014268875,0.21084825171429109
dirichlet,,0.42607519030570984,1.1144160032272339,9,0.19350840151309967,0.21084825171429109
dirichlet,,0.37601199746131897,1.6349706649780273,11,0.2158510833978653,0.21084825171429109
dirichlet,,0.28563302755355835,1.1065595149993896,11,0.1917358934879303,0.21084825171429109
dirichlet,,0.3287685215473175,1.1557446718215942,11,0.13904105126857758,0.21084825171429109
dirichlet,,0.2467806488275528,1.2909631729125977,11,0.17782501876354218,0.21084825171429109
dirichlet,,0.4103284478187561,1.285510540008545,11,0.3519584536552429,0.21084825171429109
dirichlet,,0.40951380133628845,1.7182410955429077,10,0.2045554220676422,0.21084825171429109
dirichlet,,0.25138574838638306,1.0320085287094116,10,0.1262194812297821,0.21084825171429109
dirichlet,,0.38118094205856323,1.1602116823196411,9,0.2105794996023178,0.21084825171429109
dirichlet,,0.4000115990638733,1.5025935173034668,9,0.2063431441783905,0.21084825171429109
dirichlet,,0.24879190325737,1.0198407173156738,10,0.1848210096359253,0.21084825171429109
dirichlet,,0.436683714389801,0.7579643130302429,11,0.1570492386817932,0.21084825171429109
dirichlet,,0.2309405654668808,0.9934450387954712,8,0.20742902159690857,0.21084825171429109
dirichlet,,0.25660228729248047,1.37856924533844,11,0.16391521692276,0.21084825171429109
dirichlet,,0.45636793971061707,1.31532883644104,11,0.2778978943824768,0.21084825171429109
dirichlet,,0.4473402500152588,1.2070423364639282,11,0.19540199637413025,0.21084825171429109
dirichlet,,0.5110035538673401,1.4917628765106201,9,0.14274173974990845,0.21084825171429109
dirichlet,,0.3772500157356262,1.2591981887817383,11,0.19800806045532227,0.21084825171429109
dirichlet,,0.2814564108848572,1.3714762926101685,10,0.18435639142990112,0.21084825171429109
dirichlet,,0.3119080066680908,1.2529665231704712,11,0.2164984941482544,0.21084825171429109
dirichlet,,0.2848988473415375,0.9150713682174683,10,0.20734286308288574,0.21084825171429109
dirichlet,,0.3266139626502991,1.2092468738555908,10,0.1764681041240692,0.21084825171429109
dirichlet,,0.23284925520420074,1.3144344091415405,11,0.21852800250053406,0.21084825171429109
dirichlet,,0.4061012864112854,1.332741141319275,11,0.29941490292549133,0.21084825171429109
dirichlet,,0.25803321599960327,1.4445405006408691,11,0.15814468264579773,0.21084825171429109
dirichlet,,0.30350515246391296,1.572471022605896,11,0.22282400727272034,0.21084825171429109
dirichlet,,0.44928106665611267,1.048075556755066,11,0.1743755042552948,0.21084825171429109
dirichlet,,0.4426286816596985,0.6805257201194763,11,0.1906854808330536,0.21084825171429109
dirichlet,,0.45042550563812256,0.816102147102356,10,0.17840129137039185,0.21084825171429109
dirichlet,,0.2556069493293762,0.9663074612617493,10,0.18536590039730072,0.21084825171429109
dirichlet,,0.38745492696762085,1.251479148864746,11,0.1572161316871643,0.21084825171429109
dirichlet,,0.32111459970474243,1.2439758777618408,10,0.21722276508808136,0.21084825171429109
dirichlet,,0.32233986258506775,1.2730516195297241,11,0.1963428258895874,0.21084825171429109
dirichlet,,0.3200940489768982,1.5953764915466309,11,0.268837571144104,0.21084825171429109
dirichlet,,0.3323960304260254,0.9452656507492065,11,0.19928894937038422,0.21084825171429109
dirichlet,,0.3602198660373688,1.0497967004776,10,0.22637209296226501,0.21084825171429109
dirichlet,,0.3556196391582489,1.3591560125350952,11,0.18614858388900757,0.21084825171429109
dirichlet,,0.4220680296421051,1.3219139575958252,9,0.15009573101997375,0.21084825171429109
dirichlet,,0.2670162320137024,1.3452695608139038,11,0.18289010226726532,0.21084825171429109
dirichlet,,0.41813257336616516,0.8062320947647095,10,0.1755688488483429,0.21084825171429109
dirichlet,,0.40369611978530884,1.2922645807266235,11,0.12221895158290863,0.21084825171429109
dirichlet,,0.38342997431755066,0.9309310913085938,11,0.1571437418460846,0.21084825171429109
dirichlet,,0.29205214977264404,1.6032865047454834,12,0.1233903169631958,0.21084825171429109
dirichlet,,0.2905189096927643,1.041573405265808,10,0.17264050245285034,0.21084825171429109
dirichlet,,0.3585725724697113,1.3017349243164062,11,0.29672640562057495,0.21084825171429109
dirichlet,,0.3717898726463318,1.477935552597046,11,0.15350747108459473,0.21084825171429109
dirichlet,,0.4366898238658905,0.9783865213394165,11,0.20111460983753204,0.21084825171429109
dirichlet,,0.45645758509635925,1.4153140783309937,10,0.16257116198539734,0.21084825171429109
dirichlet,,0.2310958057641983,1.2298548221588135,11,0.21269792318344116,0.21084825171429109
dirichlet,,0.2438652068376541,1.1592437028884888,10,0.1991797685623169,0.21084825171429109
dirichlet,,0.3084472715854645,1.345646858215332,10,0.20020736753940582,0.21084825171429109
dirichlet,,0.3740953505039215,1.1235690116882324,11,0.1396554708480835,0.21084825171429109
dirichlet,,0.3502274453639984,1.044542670249939,12,0.18351039290428162,0.21084825171429109
dirichlet,,0.30201786756515503,1.1588104963302612,10,0.209995836019516,0.21084825171429109
dirichlet,,0.2757335603237152,1.6647160053253174,11,0.24106146395206451,0.21084825171429109
dirichlet,,0.47109392285346985,1.2934972047805786,10,0.18347355723381042,0.21084825171429109
dirichlet,,0.2529280483722687,0.871880054473877,10,0.24414610862731934,0.21084825171429109
dirichlet,,0.39751821756362915,0.9663029909133911,11,0.2206839919090271,0.21084825171429109
dirichlet,,0.3488231599330902,1.2651464939117432,10,0.1902776062488556,0.21084825171429109
dirichlet,,0.45805421471595764,1.3824127912521362,11,0.25141793489456177,0.21084825171429109
dirichlet,,0.3085407316684723,1.133021354675293,10,0.17073489725589752,0.21084825171429109
dirichlet,,0.3794601559638977,1.0178155899047852,10,0.25525760650634766,0.21084825171429109
dirichlet,,0.4302453100681305,1.5224024057388306,10,0.2453424334526062,0.21084825171429109
dirichlet,,0.3507543206214905,1.8090965747833252,11,0.17707094550132751,0.21084825171429109
dirichlet,,0.37607085704803467,1.051593542098999,10,0.1986188441514969,0.21084825171429109
dirichlet,,0.3394428491592407,1.084119200706482,9,0.15290306508541107,0.21084825171429109
dirichlet,,0.30170583724975586,1.059783697128296,10,0.17510895431041718,0.21084825171429109
dirichlet,,0.36395272612571716,1.2394484281539917,8,0.1612347662448883,0.21084825171429109
dirichlet,,0.31124138832092285,1.2783262729644775,11,0.20055440068244934,0.21084825171429109
dirichlet,,0.2875517010688782,1.0694067478179932,10,0.1652522087097168,0.21084825171429109
dirichlet,,0.30739280581474304,1.0164703130722046,10,0.1767725944519043,0.21084825171429109
dirichlet,,0.2846998870372772,1.1560698747634888,12,0.18705520033836365,0.21084825171429109
dirichlet,,0.47415632009506226,0.7506906986236572,11,0.17060083150863647,0.21084825171429109
dirichlet,,0.3438304364681244,1.1892930269241333,11,0.216964453458786,0.21084825171429109
dirichlet,,0.3919437527656555,1.1506378650665283,11,0.1597052812576294,0.21084825171429109
dirichlet,,0.28008148074150085,1.5289762020111084,10,0.21842554211616516,0.21084825171429109
dirichlet,,0.4013272821903229,1.061888575553894,10,0.17607291042804718,0.21084825171429109
dirichlet,,0.39857107400894165,1.0204863548278809,10,0.15621036291122437,0.21084825171429109
dirichlet,,0.3514445424079895,1.0724318027496338,11,0.17925214767456055,0.21084825171429109
dirichlet,,0.29436689615249634,0.720575213432312,9,0.18656188249588013,0.21084825171429109
dirichlet,,0.4299972951412201,1.3235841989517212,10,0.31213340163230896,0.21084825171429109
dirichlet,,0.29308804869651794,1.549534559249878,11,0.2451724112033844,0.21084825171429109
dirichlet,,0.26919007301330566,1.1465036869049072,8,0.20258641242980957,0.21084825171429109
dirichlet,,0.4084191918373108,1.3131765127182007,10,0.20373722910881042,0.21084825171429109
dirichlet,,0.41855865716934204,1.6514952182769775,9,0.2013261467218399,0.21084825171429109
dirichlet,,0.46257275342941284,1.5502105951309204,11,0.18574212491512299,0.21084825171429109
dirichlet,,0.3570082485675812,1.644268274307251,11,0.26982375979423523,0.21084825171429109
dirichlet,,0.4032440781593323,1.5044453144073486,11,0.15803948044776917,0.21084825171429109
dirichlet,,0.4412880539894104,1.4304659366607666,11,0.12956947088241577,0.21084825171429109
dirichlet,,0.4092377722263336,1.03775954246521,9,0.3107834756374359,0.21084825171429109
dirichlet,,0.33712735772132874,0.9906967282295227,11,0.2332654893398285,0.21084825171429109
dirichlet,,0.3730362057685852,1.4260774850845337,10,0.2503531575202942,0.21084825171429109
dirichlet,,0.28055626153945923,1.0913867950439453,10,0.17229942977428436,0.21084825171429109
dirichlet,,0.3255516588687897,1.0650346279144287,9,0.17292526364326477,0.21084825171429109
dirichlet,,0.2750939726829529,0.7279095649719238,10,0.20555388927459717,0.21084825171429109
dirichlet,,0.4159049391746521,1.2300684452056885,11,0.27064749598503113,0.21084825171429109
dirichlet,,0.4164307713508606,1.4475762844085693,11,0.15340235829353333,0.2811706625951745
dirichlet,,0.2551078796386719,1.2580087184906006,11,0.1585696041584015,0.2811706625951745
dirichlet,,0.3135017156600952,1.522160291671753,10,0.1711365282535553,0.2811706625951745
dirichlet,,0.2800392210483551,1.0308345556259155,11,0.2340223342180252,0.2811706625951745
dirichlet,,0.3441656529903412,1.0570045709609985,10,0.12066248804330826,0.2811706625951745
dirichlet,,0.3961058557033539,1.085191249847412,10,0.22085139155387878,0.2811706625951745
dirichlet,,0.5107625722885132,1.190014123916626,10,0.19954195618629456,0.2811706625951745
dirichlet,,0.31054502725601196,1.5328706502914429,12,0.13680747151374817,0.2811706625951745
dirichlet,,0.24080458283424377,1.3306169509887695,11,0.25226038694381714,0.2811706625951745
dirichlet,,0.35752516984939575,1.0010230541229248,9,0.23131385445594788,0.2811706625951745
dirichlet,,0.33796340227127075,0.877278208732605,11,0.16534952819347382,0.2811706625951745
dirichlet,,0.31077703833580017,1.33629310131073,10,0.15164369344711304,0.2811706625951745
dirichlet,,0.3780018985271454,1.3377975225448608,9,0.21912094950675964,0.2811706625951745
dirichlet,,0.37451431155204773,1.1919200420379639,12,0.19872435927391052,0.2811706625951745
dirichlet,,0.33060380816459656,1.0096256732940674,11,0.1673775315284729,0.2811706625951745
dirichlet,,0.34224608540534973,0.9185781478881836,10,0.17175257205963135,0.2811706625951745
dirichlet,,0.27110645174980164,1.1417040824890137,11,0.18207332491874695,0.2811706625951745
dirichlet,,0.33431652188301086,1.346747636795044,10,0.24894803762435913,0.2811706625951745
dirichlet,,0.3946848213672638,1.3831509351730347,10,0.2106771469116211,0.2811706625951745
dirichlet,,0.3078877627849579,1.0639106035232544,11,0.16912326216697693,0.2811706625951745
dirichlet,,0.2855604588985443,1.2309410572052002,10,0.13718296587467194,0.2811706625951745
dirichlet,,0.3450258672237396,1.0127723217010498,7,0.19571590423583984,0.2811706625951745
dirichlet,,0.32183268666267395,1.0856497287750244,11,0.2522849440574646,0.2811706625951745
dirichlet,,0.42270103096961975,1.569692850112915,10,0.16415244340896606,0.2811706625951745
dirichlet,,0.4829314649105072,1.510655164718628,11,0.24260801076889038,0.2811706625951745
dirichlet,,0.3053648769855499,1.2884100675582886,10,0.28793707489967346,0.2811706625951745
dirichlet,,0.26701420545578003,1.1679315567016602,12,0.15545296669006348,0.2811706625951745
dirichlet,,0.3824789524078369,1.1039881706237793,11,0.20418275892734528,0.2811706625951745
dirichlet,,0.28313085436820984,1.0414682626724243,11,0.17037075757980347,0.2811706625951745
dirichlet,,0.3960455060005188,0.9559270739555359,9,0.1502150148153305,0.2811706625951745
dirichlet,,0.41395002603530884,1.1218445301055908,11,0.17529325187206268,0.2811706625951745
dirichlet,,0.3273411691188812,1.2002909183502197,9,0.20708107948303223,0.2811706625951745
dirichlet,,0.38546621799468994,1.0853450298309326,9,0.18752799928188324,0.2811706625951745
dirichlet,,0.3674330711364746,1.4755467176437378,11,0.22853845357894897,0.2811706625951745
dirichlet,,0.395601361989975,0.8829119801521301,11,0.22087496519088745,0.2811706625951745
dirichlet,,0.4012163579463959,1.0854737758636475,11,0.14727315306663513,0.2811706625951745
dirichlet,,0.37115541100502014,0.859289824962616,9,0.26896119117736816,0.2811706625951745
dirichlet,,0.3377513885498047,1.1385939121246338,11,0.28594833612442017,0.2811706625951745
dirichlet,,0.3950435519218445,1.5483839511871338,11,0.35694649815559387,0.2811706625951745
dirichlet,,0.3149549961090088,0.9503539204597473,10,0.1512860357761383,0.2811706625951745
dirichlet,,0.3753933906555176,1.3236194849014282,10,0.22127000987529755,0.2811706625951745
dirichlet,,0.35602325201034546,0.9575480222702026,11,0.17845232784748077,0.2811706625951745
dirichlet,,0.4761337637901306,1.3322784900665283,9,0.18088312447071075,0.2811706625951745
dirichlet,,0.4503561854362488,0.8137986063957214,11,0.309334933757782,0.2811706625951745
dirichlet,,0.3245561718940735,1.3393362760543823,11,0.19493705034255981,0.2811706625951745
dirichlet,,0.4768085181713104,1.520058274269104,11,0.1551046371459961,0.2811706625951745
dirichlet,,0.2865053117275238,0.9775195121765137,10,0.25034433603286743,0.2811706625951745
dirichlet,,0.23855145275592804,1.622155785560608,10,0.15500704944133759,0.2811706625951745
dirichlet,,0.4315062463283539,1.2892524003982544,11,0.14305362105369568,0.2811706625951745
dirichlet,,0.35863202810287476,1.1260452270507812,12,0.22094136476516724,0.2811706625951745
dirichlet,,0.3884253203868866,1.0154874324798584,10,0.26067012548446655,0.2811706625951745
dirichlet,,0.29221808910369873,1.3366296291351318,10,0.2319362461566925,0.2811706625951745
dirichlet,,0.3842845559120178,1.1610257625579834,11,0.27043431997299194,0.2811706625951745
dirichlet,,0.4390614628791809,1.1593397855758667,10,0.1953609585762024,0.2811706625951745
dirichlet,,0.2695833742618561,0.9158622622489929,11,0.303190678358078,0.2811706625951745
dirichlet,,0.3279953896999359,1.1926788091659546,10,0.13604319095611572,0.2811706625951745
dirichlet,,0.33766892552375793,1.3748445510864258,10,0.19117705523967743,0.2811706625951745
dirichlet,,0.2952224910259247,1.405110478401184,11,0.2064690887928009,0.2811706625951745
dirichlet,,0.357897013425827,1.2905082702636719,11,0.15871283411979675,0.2811706625951745
dirichlet,,0.29535046219825745,1.2253544330596924,11,0.1526700258255005,0.2811706625951745
dirichlet,,0.3530201017856598,1.3383580446243286,11,0.23864124715328217,0.2811706625951745
dirichlet,,0.32349443435668945,1.3151650428771973,11,0.20744237303733826,0.2811706625951745
dirichlet,,0.3453102111816406,0.6559244394302368,9,0.2268383949995041,0.2811706625951745
dirichlet,,0.2086033672094345,1.2366044521331787,10,0.2410503327846527,0.2811706625951745
dirichlet,,0.46432727575302124,1.4456262588500977,12,0.2285226434469223,0.2811706625951745
dirichlet,,0.2065224051475525,0.9748190641403198,10,0.1718902587890625,0.2811706625951745
dirichlet,,0.35656821727752686,1.0305711030960083,11,0.1918928623199463,0.2811706625951745
dirichlet,,0.31622764468193054,1.054335117340088,11,0.19753658771514893,0.2811706625951745
dirichlet,,0.41066741943359375,1.1304242610931396,11,0.16777215898036957,0.2811706625951745
dirichlet,,0.30258309841156006,0.8248487710952759,10,0.22637513279914856,0.2811706625951745
dirichlet,,0.30380532145500183,0.4431858956813812,11,0.20690149068832397,0.2811706625951745
dirichlet,,0.40683290362358093,1.2424142360687256,9,0.32060980796813965,0.2811706625951745
dirichlet,,0.3406026363372803,0.9070016741752625,10,0.25893813371658325,0.2811706625951745
dirichlet,,0.3592348098754883,1.2727200984954834,8,0.1716148853302002,0.2811706625951745
dirichlet,,0.3557821214199066,1.3786907196044922,11,0.24475635588169098,0.2811706625951745
dirichlet,,0.3988568186759949,1.2707818746566772,10,0.20333470404148102,0.2811706625951745
dirichlet,,0.4451482594013214,1.2864519357681274,11,0.17829516530036926,0.2811706625951745
dirichlet,,0.31980448961257935,1.1690673828125,9,0.17771993577480316,0.2811706625951745
dirichlet,,0.3216172158718109,1.0495288372039795,10,0.2038397341966629,0.2811706625951745
dirichlet,,0.43491145968437195,1.2465403079986572,10,0.31417185068130493,0.2811706625951745
dirichlet,,0.4852723181247711,0.4341903626918793,11,0.2796412408351898,0.2811706625951745
dirichlet,,0.4825398027896881,0.9045805931091309,11,0.18398837745189667,0.2811706625951745
dirichlet,,0.46121883392333984,1.4789328575134277,11,0.25070416927337646,0.2811706625951745
dirichlet,,0.24258214235305786,0.9688812494277954,11,0.2189132422208786,0.2811706625951745
dirichlet,,0.3366623818874359,1.208754301071167,11,0.26520299911499023,0.2811706625951745
dirichlet,,0.3876713216304779,1.274497151374817,11,0.1686728596687317,0.2811706625951745
dirichlet,,0.37135013937950134,1.075793981552124,11,0.2764798104763031,0.2811706625951745
dirichlet,,0.24300962686538696,1.124636173248291,12,0.315466970205307,0.2811706625951745
dirichlet,,0.3142200708389282,1.6427268981933594,10,0.17989060282707214,0.2811706625951745
dirichlet,,0.3266613781452179,1.4385823011398315,11,0.21085309982299805,0.2811706625951745
dirichlet,,0.4191831350326538,0.9084773063659668,10,0.15043295919895172,0.2811706625951745
dirichlet,,0.26715540885925293,1.1463823318481445,11,0.11467824131250381,0.2811706625951745
dirichlet,,0.33571571111679077,1.5936163663864136,10,0.18407683074474335,0.2811706625951745
dirichlet,,0.28301844000816345,1.3173807859420776,10,0.1785222738981247,0.2811706625951745
dirichlet,,0.5029246807098389,1.5817339420318604,12,0.21026991307735443,0.2811706625951745
dirichlet,,0.41107094287872314,0.8129323720932007,11,0.19610115885734558,0.2811706625951745
dirichlet,,0.3479766547679901,1.2910878658294678,10,0.368598997592926,0.2811706625951745
dirichlet,,0.4869365394115448,1.0426838397979736,11,0.180486261844635,0.2811706625951745
dirichlet,,0.4829634428024292,0.9325069189071655,11,0.15329137444496155,0.2811706625951745
dirichlet,,0.39030879735946655,1.4356248378753662,11,0.23059071600437164,0.2811706625951745
dirichlet,,0.4966156780719757,1.5107518434524536,10,0.21293504536151886,0.2811706625951745
dirichlet,,0.3715130388736725,1.138176441192627,11,0.25920915603637695,0.2811706625951745
dirichlet,,0.32076296210289,0.9571583867073059,10,0.2623206079006195,0.2811706625951745
dirichlet,,0.26666775345802307,1.3433037996292114,10,0.2144099771976471,0.2811706625951745
dirichlet,,0.38025495409965515,0.8113423585891724,9,0.3066125214099884,0.2811706625951745
dirichlet,,0.27454516291618347,1.1486201286315918,10,0.12162289023399353,0.2811706625951745
dirichlet,,0.3475850820541382,0.9696943163871765,11,0.13182121515274048,0.2811706625951745
dirichlet,,0.32615697383880615,1.1928220987319946,11,0.16867253184318542,0.2811706625951745
dirichlet,,0.2968445420265198,1.4542429447174072,11,0.19795075058937073,0.2811706625951745
dirichlet,,0.3894159197807312,1.6744804382324219,10,0.22566261887550354,0.2811706625951745
dirichlet,,0.3382830023765564,1.218054175376892,11,0.18237635493278503,0.2811706625951745
dirichlet,,0.2176976203918457,1.0576629638671875,11,0.2010059803724289,0.2811706625951745
dirichlet,,0.2602974772453308,1.0800292491912842,11,0.11658379435539246,0.2811706625951745
dirichlet,,0.34247371554374695,1.4367718696594238,12,0.12872803211212158,0.2811706625951745
dirichlet,,0.4711829721927643,0.9522610902786255,11,0.33428800106048584,0.2811706625951745
dirichlet,,0.4071459174156189,1.1200697422027588,11,0.15674597024917603,0.2811706625951745
dirichlet,,0.435263454914093,1.1917388439178467,11,0.2708369493484497,0.2811706625951745
dirichlet,,0.3088144063949585,1.1236244440078735,11,0.1778344213962555,0.2811706625951745
dirichlet,,0.35718268156051636,1.0292909145355225,10,0.20656892657279968,0.2811706625951745
dirichlet,,0.2849649488925934,1.770874261856079,10,0.1559535562992096,0.2811706625951745
dirichlet,,0.2924925684928894,1.226273775100708,12,0.22036395967006683,0.2811706625951745
dirichlet,,0.5810971260070801,1.5660749673843384,11,0.19092237949371338,0.2811706625951745
dirichlet,,0.3631313443183899,1.421708106994629,11,0.19925495982170105,0.2811706625951745
dirichlet,,0.33817580342292786,1.223930835723877,10,0.22913464903831482,0.2811706625951745
dirichlet,,0.25566771626472473,1.4573901891708374,11,0.2354162335395813,0.2811706625951745
dirichlet,,0.4014081656932831,0.9725737571716309,11,0.30539870262145996,0.2811706625951745
dirichlet,,0.28131070733070374,1.326019048690796,10,0.20315638184547424,0.2811706625951745
dirichlet,,0.47886207699775696,1.043554425239563,10,0.1997298002243042,0.2811706625951745
dirichlet,,0.3847624957561493,1.453094244003296,11,0.15179991722106934,0.2811706625951745
dirichlet,,0.4709969460964203,1.2574148178100586,11,0.1949186474084854,0.2811706625951745
dirichlet,,0.3458430767059326,0.8412778973579407,10,0.15547078847885132,0.2811706625951745
dirichlet,,0.47903814911842346,1.3683257102966309,10,0.11484446376562119,0.2811706625951745
dirichlet,,0.266090452671051,1.1427929401397705,10,0.20500189065933228,0.2811706625951745
dirichlet,,0.2496175616979599,1.2487519979476929,10,0.30062711238861084,0.2811706625951745
dirichlet,,0.23431788384914398,1.3218051195144653,10,0.2404521405696869,0.2811706625951745
dirichlet,,0.3950464427471161,1.4867891073226929,10,0.20469215512275696,0.2811706625951745
dirichlet,,0.5073630213737488,1.129624605178833,12,0.14299355447292328,0.2811706625951745
dirichlet,,0.4042423367500305,1.0372636318206787,10,0.27996841073036194,0.2811706625951745
dirichlet,,0.34088563919067383,1.096272587776184,11,0.23011523485183716,0.2811706625951745
dirichlet,,0.422586590051651,1.1160393953323364,11,0.24070978164672852,0.2811706625951745
dirichlet,,0.3990910053253174,1.441965103149414,10,0.25766247510910034,0.2811706625951745
dirichlet,,0.42207223176956177,1.159559965133667,10,0.15272173285484314,0.2811706625951745
dirichlet,,0.29359811544418335,0.9691752195358276,10,0.15040090680122375,0.2811706625951745
dirichlet,,0.24427905678749084,0.8818804025650024,9,0.1794862449169159,0.2811706625951745
dirichlet,,0.33456212282180786,0.8019679188728333,11,0.14760836958885193,0.2811706625951745
dirichlet,,0.36855414509773254,1.0870941877365112,9,0.3031991720199585,0.2811706625951745
dirichlet,,0.28150880336761475,1.391319990158081,10,0.2413971722126007,0.2811706625951745
dirichlet,,0.360257625579834,0.9849601984024048,10,0.17369897663593292,0.2811706625951745
dirichlet,,0.38602975010871887,1.2312757968902588,11,0.271356463432312,0.2811706625951745
dirichlet,,0.24340355396270752,1.2187392711639404,10,0.20931106805801392,0.2811706625951745
dirichlet,,0.455085813999176,1.285110354423523,10,0.24629728496074677,0.2811706625951745
dirichlet,,0.34127548336982727,1.3463654518127441,11,0.15171749889850616,0.2811706625951745
dirichlet,,0.41044217348098755,1.642685890197754,10,0.16437256336212158,0.2811706625951745
dirichlet,,0.4385755658149719,1.2281596660614014,10,0.25776004791259766,0.2811706625951745
dirichlet,,0.2570628821849823,1.4481942653656006,11,0.20972713828086853,0.2811706625951745
dirichlet,,0.37950626015663147,1.2383371591567993,10,0.25974202156066895,0.2811706625951745
dirichlet,,0.29323482513427734,1.4036129713058472,11,0.22049565613269806,0.2811706625951745
dirichlet,,0.40239498019218445,1.0680121183395386,10,0.1859031617641449,0.2811706625951745
dirichlet,,0.4272330403327942,0.8810329437255859,10,0.19904351234436035,0.2811706625951745
dirichlet,,0.4442930817604065,1.6285982131958008,11,0.17653557658195496,0.2811706625951745
dirichlet,,0.2993103563785553,1.2996526956558228,11,0.21821866929531097,0.2811706625951745
dirichlet,,0.4164963364601135,1.0137115716934204,10,0.14615383744239807,0.2811706625951745
dirichlet,,0.3800169825553894,0.94874107837677,11,0.16391846537590027,0.2811706625951745
dirichlet,,0.32505059242248535,1.1167713403701782,10,0.1923893392086029,0.2811706625951745
dirichlet,,0.2566104233264923,1.4146268367767334,11,0.23058605194091797,0.2811706625951745
dirichlet,,0.3631213903427124,1.1829979419708252,10,0.25626304745674133,0.2811706625951745
dirichlet,,0.2891559302806854,1.1198514699935913,11,0.1915445178747177,0.2811706625951745
dirichlet,,0.4295653700828552,1.2641198635101318,10,0.1414145529270172,0.2811706625951745
dirichlet,,0.34771254658699036,1.1387802362442017,10,0.2967134714126587,0.2811706625951745
dirichlet,,0.32241740822792053,1.1971124410629272,10,0.23654842376708984,0.2811706625951745
dirichlet,,0.21695175766944885,1.1433396339416504,9,0.11288441717624664,0.2811706625951745
dirichlet,,0.3362596333026886,1.3651372194290161,11,0.25507503747940063,0.2811706625951745
dirichlet,,0.37571609020233154,1.1911945343017578,11,0.19238325953483582,0.2811706625951745
dirichlet,,0.3246912360191345,1.0253489017486572,10,0.16322946548461914,0.2811706625951745
dirichlet,,0.288961797952652,1.0293368101119995,11,0.27206647396087646,0.2811706625951745
dirichlet,,0.2958628237247467,0.7834612727165222,9,0.1829080581665039,0.2811706625951745
dirichlet,,0.3891352713108063,0.9524752497673035,11,0.2642069458961487,0.2811706625951745
dirichlet,,0.30746203660964966,1.200165033340454,10,0.22544953227043152,0.2811706625951745
dirichlet,,0.33901187777519226,1.124759554862976,9,0.220984548330307,0.2811706625951745
dirichlet,,0.2942635715007782,0.9615724682807922,11,0.2324819713830948,0.2811706625951745
dirichlet,,0.35067257285118103,0.9592278599739075,8,0.22157061100006104,0.2811706625951745
dirichlet,,0.3553541600704193,1.3041573762893677,10,0.20131626725196838,0.2811706625951745
dirichlet,,0.40908077359199524,1.0977723598480225,11,0.2508605122566223,0.2811706625951745
dirichlet,,0.4652111828327179,0.7507036328315735,11,0.18733933568000793,0.2811706625951745
dirichlet,,0.299460768699646,1.1413536071777344,10,0.22202637791633606,0.2811706625951745
dirichlet,,0.39256441593170166,1.3821399211883545,11,0.1268230378627777,0.2811706625951745
dirichlet,,0.3061012625694275,0.8215850591659546,11,0.14435428380966187,0.2811706625951745
dirichlet,,0.29721951484680176,1.2499334812164307,10,0.2676955759525299,0.2811706625951745
dirichlet,,0.41210296750068665,0.9979978799819946,11,0.22790057957172394,0.2811706625951745
dirichlet,,0.34491994976997375,1.478832721710205,11,0.17223864793777466,0.2811706625951745
dirichlet,,0.37219303846359253,0.9981694221496582,11,0.1731690764427185,0.2811706625951745
dirichlet,,0.3421134650707245,1.1828101873397827,10,0.19325053691864014,0.2811706625951745
dirichlet,,0.3410683572292328,0.8865659832954407,10,0.17681598663330078,0.2811706625951745
dirichlet,,0.37999534606933594,1.4181694984436035,11,0.2054193764925003,0.2811706625951745
dirichlet,,0.45802879333496094,1.7374576330184937,10,0.21503421664237976,0.2811706625951745
dirichlet,,0.323290079832077,1.078747034072876,10,0.1911322921514511,0.2811706625951745
dirichlet,,0.34754857420921326,1.1367110013961792,10,0.1344255805015564,0.2811706625951745
dirichlet,,0.3107748329639435,0.8918169140815735,11,0.18586954474449158,0.2811706625951745
dirichlet,,0.26029524207115173,0.8707287907600403,10,0.21163181960582733,0.2811706625951745
dirichlet,,0.27144014835357666,1.1872079372406006,11,0.2482280135154724,0.2811706625951745
dirichlet,,0.325990229845047,1.0457122325897217,11,0.24373242259025574,0.2811706625951745
dirichlet,,0.4227503538131714,0.5669242739677429,9,0.18565508723258972,0.2811706625951745
dirichlet,,0.3878968358039856,1.3019142150878906,12,0.26023024320602417,0.2811706625951745
dirichlet,,0.2654389441013336,1.108127474784851,9,0.1929943859577179,0.2811706625951745
dirichlet,,0.4923396110534668,1.053802728652954,11,0.1372770369052887,0.2811706625951745
dirichlet,,0.36438044905662537,1.1555845737457275,10,0.17167940735816956,0.2811706625951745
dirichlet,,0.2244207113981247,1.3680044412612915,10,0.2459738850593567,0.2811706625951745
dirichlet,,0.39270609617233276,0.8001636266708374,10,0.1524468958377838,0.2811706625951745
dirichlet,,0.37858468294143677,1.2128984928131104,11,0.2455759048461914,0.2811706625951745
dirichlet,,0.28621336817741394,0.9943692088127136,10,0.18466505408287048,0.2811706625951745
dirichlet,,0.5112137198448181,1.4154186248779297,11,0.19812388718128204,0.2811706625951745
dirichlet,,0.2571593225002289,1.1230144500732422,10,0.271391361951828,0.2811706625951745
dirichlet,,0.2783372104167938,1.255574345588684,8,0.18751117587089539,0.2811706625951745
dirichlet,,0.3732600808143616,1.5671393871307373,8,0.1514310985803604,0.2811706625951745
dirichlet,,0.3171166777610779,1.062686800956726,11,0.1849600076675415,0.2811706625951745
dirichlet,,0.46235164999961853,1.0774577856063843,10,0.1878185272216797,0.2811706625951745
dirichlet,,0.33300143480300903,1.0427968502044678,9,0.21011172235012054,0.2811706625951745
dirichlet,,0.3656776249408722,0.6922169923782349,11,0.20680230855941772,0.2811706625951745
dirichlet,,0.3473188281059265,1.4618228673934937,10,0.21490392088890076,0.2811706625951745
dirichlet,,0.25916388630867004,1.057601809501648,11,0.23342348635196686,0.2811706625951745
dirichlet,,0.3657499849796295,1.0541306734085083,11,0.25049999356269836,0.2811706625951745
dirichlet,,0.40084147453308105,1.0450340509414673,10,0.16824913024902344,0.2811706625951745
dirichlet,,0.34331247210502625,1.4447100162506104,10,0.16023001074790955,0.2811706625951745
dirichlet,,0.46493855118751526,1.3761119842529297,11,0.20905578136444092,0.2811706625951745
dirichlet,,0.2767322361469269,1.4344565868377686,9,0.1708798110485077,0.2811706625951745
dirichlet,,0.3584541082382202,1.0182530879974365,12,0.23635491728782654,0.2811706625951745
dirichlet,,0.3434680700302124,1.510322093963623,10,0.17469453811645508,0.2811706625951745
dirichlet,,0.35933712124824524,0.8578152656555176,10,0.1301574409008026,0.2811706625951745
dirichlet,,0.2734582722187042,1.3471852540969849,11,0.1745079755783081,0.2811706625951745
dirichlet,,0.32369285821914673,1.2089548110961914,11,0.16867642104625702,0.2811706625951745
dirichlet,,0.23918087780475616,1.375854253768921,9,0.14675872027873993,0.2811706625951745
dirichlet,,0.42488643527030945,1.819761037826538,11,0.2570672631263733,0.2811706625951745
dirichlet,,0.4114970266819,1.7809944152832031,11,0.22135736048221588,0.2811706625951745
dirichlet,,0.3456423878669739,1.1248372793197632,10,0.2029845118522644,0.2811706625951745
dirichlet,,0.36450162529945374,1.7075363397598267,10,0.2559899389743805,0.2811706625951745
dirichlet,,0.344748854637146,1.2348964214324951,11,0.16665594279766083,0.2811706625951745
dirichlet,,0.4354229271411896,1.082421064376831,10,0.24184264242649078,0.2811706625951745
dirichlet,,0.26895850896835327,1.149388074874878,11,0.2276509404182434,0.2811706625951745
dirichlet,,0.3367512822151184,1.1658532619476318,10,0.24897229671478271,0.2811706625951745
dirichlet,,0.2963182330131531,0.8309853672981262,11,0.15005256235599518,0.2811706625951745
dirichlet,,0.3742811679840088,0.9792999029159546,11,0.14199134707450867,0.2811706625951745
dirichlet,,0.41383177042007446,1.2936134338378906,10,0.24945680797100067,0.2811706625951745
dirichlet,,0.26076245307922363,1.3541109561920166,11,0.15748047828674316,0.2811706625951745
dirichlet,,0.40434467792510986,0.9586707949638367,11,0.17159052193164825,0.2811706625951745
dirichlet,,0.3808838129043579,1.3291376829147339,10,0.1486731469631195,0.2811706625951745
dirichlet,,0.4154430329799652,1.137264370918274,10,0.3481249213218689,0.2811706625951745
dirichlet,,0.4093968868255615,0.9196747541427612,11,0.20323503017425537,0.2811706625951745
dirichlet,,0.5281187295913696,1.2581933736801147,11,0.14980997145175934,0.2811706625951745
dirichlet,,0.36382365226745605,1.3345285654067993,11,0.29085397720336914,0.2811706625951745
dirichlet,,0.36445361375808716,1.432905912399292,10,0.22218646109104156,0.2811706625951745
dirichlet,,0.34453490376472473,1.7364492416381836,11,0.3260585069656372,0.2811706625951745
dirichlet,,0.3227112889289856,1.1691097021102905,10,0.14291879534721375,0.2811706625951745
dirichlet,,0.3522671163082123,1.018523931503296,11,0.1558530330657959,0.2811706625951745
dirichlet,,0.39064863324165344,1.2601664066314697,10,0.22941605746746063,0.2811706625951745
dirichlet,,0.30269163846969604,1.0944316387176514,10,0.20904438197612762,0.2811706625951745
dirichlet,,0.34763407707214355,1.2666425704956055,11,0.20268552005290985,0.2811706625951745
dirichlet,,0.25986045598983765,0.9681888818740845,11,0.21048036217689514,0.2811706625951745
dirichlet,,0.3456283509731293,1.2344651222229004,11,0.1869688779115677,0.2811706625951745
dirichlet,,0.4124419391155243,1.0462762117385864,10,0.22734826803207397,0.2811706625951745
dirichlet,,0.222657710313797,1.4575717449188232,11,0.22189635038375854,0.2811706625951745
dirichlet,,0.41727858781814575,1.3852596282958984,10,0.3113371729850769,0.2811706625951745
dirichlet,,0.2968103885650635,1.3835381269454956,11,0.253326416015625,0.2811706625951745
dirichlet,,0.3782421946525574,0.9824517965316772,11,0.13047155737876892,0.2811706625951745
dirichlet,,0.2392333447933197,1.0270614624023438,11,0.19093558192253113,0.2811706625951745
dirichlet,,0.4926280379295349,0.9559664726257324,10,0.27453213930130005,0.2811706625951745
dirichlet,,0.35054585337638855,1.1412105560302734,11,0.23644013702869415,0.2811706625951745
dirichlet,,0.21321751177310944,1.1442906856536865,10,0.2200566828250885,0.2811706625951745
dirichlet,,0.48758000135421753,1.5592434406280518,11,0.17383664846420288,0.2811706625951745
dirichlet,,0.4278329610824585,1.3833210468292236,9,0.13225525617599487,0.2811706625951745
dirichlet,,0.4207670986652374,1.0974748134613037,11,0.30718785524368286,0.2811706625951745
dirichlet,,0.3398895561695099,1.2884368896484375,11,0.14968648552894592,0.2811706625951745
dirichlet,,0.5151351094245911,1.2001348733901978,10,0.18962031602859497,0.2811706625951745
dirichlet,,0.32231175899505615,1.4452661275863647,11,0.2551526725292206,0.2811706625951745
dirichlet,,0.3821999132633209,1.3323111534118652,10,0.21342036128044128,0.2811706625951745
dirichlet,,0.47438183426856995,1.000234842300415,11,0.20773598551750183,0.2811706625951745
dirichlet,,0.3828573524951935,1.3124456405639648,11,0.14500471949577332,0.2811706625951745
dirichlet,,0.35627996921539307,1.1182453632354736,10,0.2044103741645813,0.2811706625951745
dirichlet,,0.3124513626098633,1.4398506879806519,11,0.14693768322467804,0.2811706625951745
dirichlet,,0.28366008400917053,1.4607884883880615,9,0.12746426463127136,0.2811706625951745
dirichlet,,0.3242182433605194,1.1918212175369263,11,0.19761358201503754,0.2811706625951745
dirichlet,,0.29743415117263794,1.2630934715270996,11,0.15237948298454285,0.2811706625951745
dirichlet,,0.45267975330352783,1.2275751829147339,9,0.3241121172904968,0.2811706625951745
dirichlet,,0.39796438813209534,0.8600345849990845,11,0.14365814626216888,0.2811706625951745
dirichlet,,0.4020841419696808,0.9518369436264038,10,0.22336933016777039,0.2811706625951745
dirichlet,,0.4810510575771332,0.9623801112174988,11,0.1880842000246048,0.2811706625951745
dirichlet,,0.33310675621032715,1.036859393119812,9,0.2633552849292755,0.2811706625951745
dirichlet,,0.3600476384162903,1.460312843322754,11,0.22125037014484406,0.2811706625951745
dirichlet,,0.43124815821647644,1.4282835721969604,11,0.19321420788764954,0.2811706625951745
dirichlet,,0.2949432134628296,1.625343918800354,10,0.17521125078201294,0.2811706625951745
dirichlet,,0.4717329740524292,0.7762112021446228,10,0.1428907811641693,0.2811706625951745
dirichlet,,0.3457954525947571,0.8465473055839539,10,0.2577686309814453,0.2811706625951745
dirichlet,,0.19991116225719452,1.250793695449829,11,0.11010324954986572,0.2811706625951745
dirichlet,,0.26029136776924133,1.0065796375274658,11,0.1886574625968933,0.2811706625951745
dirichlet,,0.383164644241333,0.9940818548202515,10,0.2374173104763031,0.2811706625951745
dirichlet,,0.37698185443878174,1.367344617843628,10,0.18480882048606873,0.2811706625951745
dirichlet,,0.4202980101108551,1.5524787902832031,12,0.24181731045246124,0.2811706625951745
dirichlet,,0.20660337805747986,1.0472241640090942,12,0.26348254084587097,0.2811706625951745
dirichlet,,0.33371689915657043,1.2146453857421875,10,0.23061317205429077,0.2811706625951745
dirichlet,,0.38413628935813904,1.368118166923523,11,0.2462174892425537,0.2811706625951745
dirichlet,,0.29943224787712097,1.0641205310821533,11,0.18747583031654358,0.2811706625951745
dirichlet,,0.32403379678726196,1.4593288898468018,11,0.20757538080215454,0.2811706625951745
dirichlet,,0.4573367238044739,1.2844616174697876,10,0.2283182591199875,0.2811706625951745
dirichlet,,0.3236522376537323,1.0004746913909912,10,0.14165833592414856,0.2811706625951745
dirichlet,,0.3603071868419647,1.2452980279922485,11,0.23684191703796387,0.2811706625951745
dirichlet,,0.2734423279762268,1.1257654428482056,10,0.2282613068819046,0.2811706625951745
dirichlet,,0.24418595433235168,1.4269015789031982,11,0.19080819189548492,0.2811706625951745
dirichlet,,0.35796254873275757,1.004024624824524,9,0.1866709142923355,0.2811706625951745
dirichlet,,0.3121936619281769,1.3368251323699951,10,0.36014634370803833,0.2811706625951745
dirichlet,,0.15355932712554932,0.9570227861404419,11,0.15004777908325195,0.2811706625951745
dirichlet,,0.2358509600162506,1.3505337238311768,10,0.12852206826210022,0.2811706625951745
dirichlet,,0.33198538422584534,1.5759190320968628,11,0.17203998565673828,0.2811706625951745
dirichlet,,0.47364023327827454,1.2405211925506592,11,0.16261941194534302,0.2811706625951745
dirichlet,,0.320986270904541,1.1895860433578491,10,0.13394060730934143,0.2811706625951745
dirichlet,,0.2783004939556122,1.2341362237930298,9,0.23944245278835297,0.2811706625951745
dirichlet,,0.46110883355140686,1.3662781715393066,10,0.19618666172027588,0.2811706625951745
dirichlet,,0.4342423379421234,1.5552116632461548,11,0.22428613901138306,0.2811706625951745
dirichlet,,0.35580533742904663,1.073266863822937,10,0.1475616693496704,0.2811706625951745
dirichlet,,0.4282546639442444,1.2820260524749756,9,0.1888883411884308,0.2811706625951745
dirichlet,,0.27530187368392944,1.2434360980987549,11,0.20860210061073303,0.2811706625951745
dirichlet,,0.3693197965621948,1.2627637386322021,11,0.14847049117088318,0.2811706625951745
dirichlet,,0.3127657175064087,1.2579530477523804,11,0.18154430389404297,0.2811706625951745
dirichlet,,0.4157807528972626,0.7225012183189392,10,0.18662750720977783,0.2811706625951745
dirichlet,,0.30068421363830566,1.5741264820098877,10,0.15808852016925812,0.2811706625951745
dirichlet,,0.40969711542129517,0.9886687397956848,10,0.18532264232635498,0.2811706625951745
dirichlet,,0.3678474426269531,1.5408704280853271,10,0.19880419969558716,0.2811706625951745
dirichlet,,0.35225823521614075,0.91731196641922,9,0.23783373832702637,0.2811706625951745
dirichlet,,0.3057861030101776,0.9715633392333984,10,0.1632022261619568,0.2811706625951745
dirichlet,,0.3283301293849945,1.2796679735183716,11,0.1456976979970932,0.2811706625951745
dirichlet,,0.3883778154850006,0.98981773853302,11,0.17064118385314941,0.2811706625951745
dirichlet,,0.37504222989082336,0.6888275146484375,12,0.15178737044334412,0.2811706625951745
dirichlet,,0.3468674123287201,0.8622626066207886,11,0.22388619184494019,0.2811706625951745
dirichlet,,0.33586809039115906,1.2828577756881714,10,0.23776277899742126,0.2811706625951745
dirichlet,,0.32816338539123535,1.001373052597046,11,0.21368199586868286,0.2811706625951745
dirichlet,,0.24854020774364471,0.7908288240432739,10,0.1878180205821991,0.2811706625951745
dirichlet,,0.2591952383518219,1.0356212854385376,11,0.24898529052734375,0.2811706625951745
dirichlet,,0.231466606259346,0.7453182935714722,10,0.20838266611099243,0.2811706625951745
dirichlet,,0.1774975210428238,0.8998683094978333,9,0.20187042653560638,0.2811706625951745
dirichlet,,0.25929591059684753,1.401973843574524,11,0.2928992509841919,0.2811706625951745
dirichlet,,0.27271950244903564,1.1795427799224854,11,0.21305730938911438,0.2811706625951745
dirichlet,,0.34250202775001526,1.092857003211975,11,0.15301702916622162,0.2811706625951745
dirichlet,,0.4245399832725525,1.2818522453308105,11,0.23097871243953705,0.2811706625951745
dirichlet,,0.45832908153533936,1.0570772886276245,10,0.20632842183113098,0.2811706625951745
dirichlet,,0.45431798696517944,1.5377930402755737,10,0.274610698223114,0.2811706625951745
dirichlet,,0.4889141619205475,0.9602475166320801,10,0.28622227907180786,0.2811706625951745
dirichlet,,0.30840060114860535,1.1727904081344604,11,0.2242688536643982,0.2811706625951745
dirichlet,,0.35860639810562134,1.1627055406570435,10,0.12210406363010406,0.2811706625951745
dirichlet,,0.3242858350276947,1.1570512056350708,9,0.1631290465593338,0.2811706625951745
dirichlet,,0.4619963765144348,1.3035085201263428,11,0.16470077633857727,0.2811706625951745
dirichlet,,0.2645948529243469,1.274997353553772,10,0.12527018785476685,0.2811706625951745
dirichlet,,0.27043813467025757,1.3141365051269531,10,0.319338321685791,0.2811706625951745
dirichlet,,0.2424618899822235,1.0739338397979736,9,0.301479697227478,0.2811706625951745
dirichlet,,0.44599899649620056,1.1800824403762817,11,0.1808893084526062,0.2811706625951745
dirichlet,,0.5502841472625732,1.4486911296844482,11,0.2427813708782196,0.2811706625951745
dirichlet,,0.3887161612510681,0.9983139038085938,10,0.23220372200012207,0.2811706625951745
dirichlet,,0.4183904826641083,1.0680124759674072,10,0.20462347567081451,0.2811706625951745
dirichlet,,0.357003778219223,0.871902346611023,11,0.175578773021698,0.2811706625951745
dirichlet,,0.290758341550827,1.2508928775787354,10,0.21743595600128174,0.2811706625951745
dirichlet,,0.3243459165096283,1.0040055513381958,10,0.24393916130065918,0.2811706625951745
dirichlet,,0.4559769630432129,0.8636707067489624,10,0.1684809923171997,0.2811706625951745
dirichlet,,0.43858882784843445,1.041121482849121,11,0.21783795952796936,0.2811706625951745
dirichlet,,0.3645808696746826,1.495844841003418,11,0.1756819486618042,0.2811706625951745
dirichlet,,0.4218292832374573,0.8833745121955872,10,0.13946281373500824,0.2811706625951745
dirichlet,,0.4066202640533447,1.2658624649047852,10,0.23304243385791779,0.2811706625951745
dirichlet,,0.416871041059494,1.5126718282699585,10,0.20083928108215332,0.2811706625951745
dirichlet,,0.4126186668872833,0.7858036756515503,9,0.11927729099988937,0.2811706625951745
dirichlet,,0.30954742431640625,1.210693120956421,10,0.2941907048225403,0.2811706625951745
dirichlet,,0.5035578012466431,1.3329509496688843,11,0.2505525052547455,0.2811706625951745
dirichlet,,0.34122154116630554,1.1145451068878174,11,0.14560648798942566,0.2811706625951745
dirichlet,,0.39688658714294434,1.191070795059204,10,0.1467236429452896,0.2811706625951745
dirichlet,,0.40866580605506897,1.218360424041748,10,0.19212360680103302,0.2811706625951745
dirichlet,,0.3587886691093445,1.3846609592437744,10,0.1733967363834381,0.2811706625951745
dirichlet,,0.43767982721328735,0.6796995997428894,10,0.20800121128559113,0.2811706625951745
dirichlet,,0.41467201709747314,1.6276347637176514,10,0.21319067478179932,0.2811706625951745
dirichlet,,0.3233647048473358,0.7616900205612183,10,0.15332183241844177,0.2811706625951745
dirichlet,,0.2928192913532257,1.4144806861877441,10,0.13602173328399658,0.2811706625951745
dirichlet,,0.5100789666175842,1.1165060997009277,10,0.19004598259925842,0.2811706625951745
dirichlet,,0.3956996500492096,1.344419240951538,10,0.20678484439849854,0.2811706625951745
dirichlet,,0.30900561809539795,1.0263912677764893,11,0.1875884234905243,0.2811706625951745
dirichlet,,0.31182411313056946,0.9845234751701355,10,0.23876290023326874,0.2811706625951745
dirichlet,,0.3319692313671112,1.2307244539260864,9,0.19967234134674072,0.2811706625951745
dirichlet,,0.3614298403263092,1.6127967834472656,12,0.2493724524974823,0.2811706625951745
dirichlet,,0.3652356266975403,0.7890826463699341,10,0.21387042105197906,0.2811706625951745
dirichlet,,0.3753329813480377,1.2642595767974854,10,0.14265984296798706,0.2811706625951745
dirichlet,,0.4419533610343933,1.129068374633789,11,0.22060328722000122,0.2811706625951745
dirichlet,,0.2802211344242096,1.2835800647735596,11,0.2804628908634186,0.2811706625951745
dirichlet,,0.5236092805862427,1.270668387413025,11,0.19683262705802917,0.2811706625951745
dirichlet,,0.4238513112068176,1.1974647045135498,10,0.12953917682170868,0.2811706625951745
dirichlet,,0.3327573835849762,0.9536355137825012,10,0.23934710025787354,0.2811706625951745
dirichlet,,0.5541903376579285,1.4191731214523315,11,0.21551857888698578,0.2811706625951745
dirichlet,,0.32500559091567993,1.279226303100586,9,0.24142451584339142,0.2811706625951745
dirichlet,,0.32391631603240967,1.3167593479156494,10,0.12470925599336624,0.2811706625951745
dirichlet,,0.30862361192703247,1.080967664718628,11,0.2065255343914032,0.2811706625951745
dirichlet,,0.3336068093776703,0.699392557144165,11,0.2323509305715561,0.2811706625951745
dirichlet,,0.3906055688858032,1.2359910011291504,11,0.3064385950565338,0.2811706625951745
dirichlet,,0.34834039211273193,0.885572612285614,9,0.17483854293823242,0.2811706625951745
dirichlet,,0.41694125533103943,1.426645278930664,11,0.17173992097377777,0.2811706625951745
dirichlet,,0.23536112904548645,1.4294565916061401,11,0.2137652039527893,0.2811706625951745
dirichlet,,0.3581381142139435,1.1289594173431396,10,0.22302499413490295,0.2811706625951745
dirichlet,,0.37573301792144775,1.326865315437317,10,0.24154555797576904,0.2811706625951745
dirichlet,,0.417581707239151,1.1811549663543701,10,0.20749810338020325,0.2811706625951745
dirichlet,,0.2661699056625366,1.256569266319275,8,0.19572556018829346,0.3749471046662279
dirichlet,,0.26527139544487,1.3231098651885986,10,0.26403099298477173,0.3749471046662279
dirichlet,,0.3052324652671814,1.0402506589889526,11,0.25716352462768555,0.3749471046662279
dirichlet,,0.40274545550346375,1.320939064025879,10,0.178177148103714,0.3749471046662279
dirichlet,,0.3805198073387146,1.3134924173355103,11,0.2098703235387802,0.3749471046662279
dirichlet,,0.17288902401924133,1.0299495458602905,11,0.20327870547771454,0.3749471046662279
dirichlet,,0.40329477190971375,0.8908088803291321,10,0.22286194562911987,0.3749471046662279
dirichlet,,0.3741360604763031,1.4296627044677734,11,0.23447421193122864,0.3749471046662279
dirichlet,,0.3845861554145813,0.9741425514221191,10,0.16931168735027313,0.3749471046662279
dirichlet,,0.30174678564071655,1.2447283267974854,10,0.22036448121070862,0.3749471046662279
dirichlet,,0.39191555976867676,1.4328300952911377,10,0.20252388715744019,0.3749471046662279
dirichlet,,0.3724853992462158,1.2399450540542603,10,0.2385963797569275,0.3749471046662279
dirichlet,,0.36907002329826355,0.7479163408279419,11,0.1469952017068863,0.3749471046662279
dirichlet,,0.391613632440567,1.3985893726348877,9,0.2168811708688736,0.3749471046662279
dirichlet,,0.3258148431777954,1.2625387907028198,11,0.21116554737091064,0.3749471046662279
dirichlet,,0.2973669767379761,1.0914509296417236,11,0.2909259796142578,0.3749471046662279
dirichlet,,0.24000994861125946,0.9524437785148621,9,0.1304049789905548,0.3749471046662279
dirichlet,,0.2478664219379425,0.9466463923454285,11,0.11259353160858154,0.3749471046662279
dirichlet,,0.2580494284629822,1.0799832344055176,11,0.11101807653903961,0.3749471046662279
dirichlet,,0.3302595913410187,1.381007432937622,10,0.12457434833049774,0.3749471046662279
dirichlet,,0.2965395450592041,1.245163083076477,11,0.1706768274307251,0.3749471046662279
dirichlet,,0.25655993819236755,1.119153380393982,11,0.19766420125961304,0.3749471046662279
dirichlet,,0.33714762330055237,1.1694015264511108,10,0.22594299912452698,0.3749471046662279
dirichlet,,0.3737015426158905,1.4474594593048096,11,0.20319218933582306,0.3749471046662279
dirichlet,,0.2551852762699127,0.8681452870368958,11,0.2195429503917694,0.3749471046662279
dirichlet,,0.48318591713905334,0.7133995294570923,10,0.3510892391204834,0.3749471046662279
dirichlet,,0.4815896451473236,1.5159956216812134,11,0.15394096076488495,0.3749471046662279
dirichlet,,0.24397417902946472,0.9565446972846985,10,0.23899489641189575,0.3749471046662279
dirichlet,,0.49223393201828003,1.0397778749465942,9,0.2177901268005371,0.3749471046662279
dirichlet,,0.3894728720188141,0.7041162848472595,8,0.25197654962539673,0.3749471046662279
dirichlet,,0.4348469078540802,1.2081067562103271,10,0.31238338351249695,0.3749471046662279
dirichlet,,0.3398416042327881,1.14613938331604,10,0.19478121399879456,0.3749471046662279
dirichlet,,0.3010546565055847,1.071308970451355,10,0.16316629946231842,0.3749471046662279
dirichlet,,0.39317184686660767,1.3189457654953003,11,0.1609036922454834,0.3749471046662279
dirichlet,,0.32100710272789,1.0663673877716064,10,0.2531132102012634,0.3749471046662279
dirichlet,,0.36893466114997864,1.268003225326538,10,0.1771027147769928,0.3749471046662279
dirichlet,,0.3099980056285858,0.881680965423584,10,0.12431072443723679,0.3749471046662279
dirichlet,,0.2889372408390045,1.326161503791809,11,0.2367243617773056,0.3749471046662279
dirichlet,,0.14328229427337646,1.1310220956802368,10,0.14949041604995728,0.3749471046662279
dirichlet,,0.41604137420654297,1.2064955234527588,10,0.22049608826637268,0.3749471046662279
dirichlet,,0.33223778009414673,1.4006733894348145,9,0.1820470541715622,0.3749471046662279
dirichlet,,0.3502871096134186,1.1646034717559814,10,0.18705618381500244,0.3749471046662279
dirichlet,,0.27982887625694275,1.0912597179412842,11,0.25188347697257996,0.3749471046662279
dirichlet,,0.3408021926879883,0.910040557384491,11,0.19043970108032227,0.3749471046662279
dirichlet,,0.22412525117397308,1.3935531377792358,11,0.22480934858322144,0.3749471046662279
dirichlet,,0.36119750142097473,0.9067491292953491,9,0.21077124774456024,0.3749471046662279
dirichlet,,0.39488154649734497,1.043715238571167,10,0.1377173662185669,0.3749471046662279
dirichlet,,0.3776772618293762,0.9752548933029175,10,0.1961422860622406,0.3749471046662279
dirichlet,,0.25354599952697754,0.9307900667190552,11,0.21598055958747864,0.3749471046662279
dirichlet,,0.42209556698799133,1.1768985986709595,10,0.24484825134277344,0.3749471046662279
dirichlet,,0.2806107997894287,1.3177986145019531,9,0.13752949237823486,0.3749471046662279
dirichlet,,0.4212263822555542,1.218255877494812,10,0.1950284242630005,0.3749471046662279
dirichlet,,0.2127855271100998,0.8185421228408813,9,0.16276678442955017,0.3749471046662279
dirichlet,,0.35735848546028137,0.9501722455024719,9,0.23301829397678375,0.3749471046662279
dirichlet,,0.39999324083328247,1.4161145687103271,11,0.21849381923675537,0.3749471046662279
dirichlet,,0.3199389576911926,1.1212228536605835,9,0.19467248022556305,0.3749471046662279
dirichlet,,0.38678300380706787,1.1889744997024536,10,0.1834031641483307,0.3749471046662279
dirichlet,,0.3131248354911804,1.0817430019378662,10,0.3777011036872864,0.3749471046662279
dirichlet,,0.2581431567668915,1.1340630054473877,11,0.185654878616333,0.3749471046662279
dirichlet,,0.4400597810745239,0.9703137278556824,10,0.15317125618457794,0.3749471046662279
dirichlet,,0.3520326018333435,1.1290667057037354,10,0.24846690893173218,0.3749471046662279
dirichlet,,0.3185090124607086,1.295884132385254,12,0.24092422425746918,0.3749471046662279
dirichlet,,0.19025658071041107,1.0005199909210205,10,0.21199730038642883,0.3749471046662279
dirichlet,,0.35406598448753357,1.6327333450317383,12,0.24404360353946686,0.3749471046662279
dirichlet,,0.321784108877182,0.8337046504020691,11,0.20731204748153687,0.3749471046662279
dirichlet,,0.3098347783088684,1.150024652481079,11,0.21065381169319153,0.3749471046662279
dirichlet,,0.4227290451526642,1.0131038427352905,10,0.26779383420944214,0.3749471046662279
dirichlet,,0.4127425253391266,0.971731960773468,10,0.18169857561588287,0.3749471046662279
dirichlet,,0.2605000138282776,1.2502305507659912,9,0.2348295897245407,0.3749471046662279
dirichlet,,0.2725881338119507,0.9350153207778931,10,0.25102531909942627,0.3749471046662279
dirichlet,,0.40407586097717285,0.9278985261917114,11,0.12927649915218353,0.3749471046662279
dirichlet,,0.26567018032073975,0.7859858274459839,10,0.1951848864555359,0.3749471046662279
dirichlet,,0.43542203307151794,1.1357265710830688,10,0.18846926093101501,0.3749471046662279
dirichlet,,0.43640005588531494,1.1484148502349854,10,0.22359484434127808,0.3749471046662279
dirichlet,,0.48017066717147827,1.4195884466171265,11,0.22799542546272278,0.3749471046662279
dirichlet,,0.45187675952911377,1.0312178134918213,9,0.18582484126091003,0.3749471046662279
dirichlet,,0.28838881850242615,1.0937939882278442,10,0.13701999187469482,0.3749471046662279
dirichlet,,0.3547181785106659,1.1784225702285767,11,0.2268184870481491,0.3749471046662279
dirichlet,,0.4141053557395935,1.1132668256759644,12,0.18262769281864166,0.3749471046662279
dirichlet,,0.2618609070777893,1.5099217891693115,11,0.22141198813915253,0.3749471046662279
dirichlet,,0.25200164318084717,1.3011239767074585,8,0.2568574845790863,0.3749471046662279
dirichlet,,0.46750226616859436,1.210715651512146,12,0.1810278594493866,0.3749471046662279
dirichlet,,0.3201056122779846,1.0168415307998657,11,0.1694389432668686,0.3749471046662279
dirichlet,,0.3681376874446869,1.4363383054733276,11,0.3132646083831787,0.3749471046662279
dirichlet,,0.3495584726333618,0.9262959361076355,10,0.14916041493415833,0.3749471046662279
dirichlet,,0.4575198292732239,1.4459251165390015,10,0.18572643399238586,0.3749471046662279
dirichlet,,0.32774877548217773,1.066017508506775,10,0.2563641667366028,0.3749471046662279
dirichlet,,0.381219744682312,1.0063540935516357,9,0.2511213421821594,0.3749471046662279
dirichlet,,0.2610889971256256,1.1478331089019775,9,0.2522183060646057,0.3749471046662279
dirichlet,,0.33574211597442627,1.0512146949768066,10,0.15016403794288635,0.3749471046662279
dirichlet,,0.3926377594470978,1.001811146736145,10,0.2880032956600189,0.3749471046662279
dirichlet,,0.43201470375061035,1.3063442707061768,11,0.1984451711177826,0.3749471046662279
dirichlet,,0.42330825328826904,0.8803859949111938,10,0.2001640498638153,0.3749471046662279
dirichlet,,0.2896193265914917,0.8902450799942017,11,0.13092422485351562,0.3749471046662279
dirichlet,,0.34302783012390137,1.017020583152771,11,0.16129404306411743,0.3749471046662279
dirichlet,,0.47527244687080383,1.320685625076294,11,0.24467986822128296,0.3749471046662279
dirichlet,,0.34803667664527893,1.3101177215576172,10,0.2205106019973755,0.3749471046662279
dirichlet,,0.2989189922809601,1.1504801511764526,11,0.1543460190296173,0.3749471046662279
dirichlet,,0.26171639561653137,0.9344795942306519,11,0.16264179348945618,0.3749471046662279
dirichlet,,0.5082647204399109,1.618691086769104,10,0.20285141468048096,0.3749471046662279
dirichlet,,0.3195267915725708,1.5606639385223389,10,0.28386831283569336,0.3749471046662279
dirichlet,,0.3942931592464447,1.2573587894439697,11,0.31657642126083374,0.3749471046662279
dirichlet,,0.2623223066329956,1.1418081521987915,10,0.1451634168624878,0.3749471046662279
dirichlet,,0.3782518208026886,0.8461161851882935,12,0.1532333493232727,0.3749471046662279
dirichlet,,0.41281676292419434,1.4617483615875244,10,0.24556738138198853,0.3749471046662279
dirichlet,,0.4264257848262787,0.9909785985946655,11,0.21800512075424194,0.3749471046662279
dirichlet,,0.2808842360973358,1.0934523344039917,12,0.19164273142814636,0.3749471046662279
dirichlet,,0.35357144474983215,1.2858608961105347,11,0.16196060180664062,0.3749471046662279
dirichlet,,0.41969946026802063,0.6781378388404846,11,0.20265191793441772,0.3749471046662279
dirichlet,,0.40186604857444763,1.2488130331039429,11,0.32669883966445923,0.3749471046662279
dirichlet,,0.3706911504268646,1.4783962965011597,10,0.1838894933462143,0.3749471046662279
dirichlet,,0.3914734125137329,1.189457893371582,11,0.15877972543239594,0.3749471046662279
dirichlet,,0.2551805078983307,1.2702977657318115,10,0.16920176148414612,0.3749471046662279
dirichlet,,0.3348695635795593,1.052183985710144,8,0.24684473872184753,0.3749471046662279
dirichlet,,0.2653440237045288,1.31387197971344,10,0.2283930629491806,0.3749471046662279
dirichlet,,0.36616581678390503,1.5788835287094116,10,0.33023184537887573,0.3749471046662279
dirichlet,,0.38891223073005676,0.7931639552116394,10,0.2926720380783081,0.3749471046662279
dirichlet,,0.3668571710586548,1.5333963632583618,11,0.13936103880405426,0.3749471046662279
dirichlet,,0.25854256749153137,1.1049095392227173,11,0.22333674132823944,0.3749471046662279
dirichlet,,0.357957661151886,0.9146979451179504,10,0.1672942340373993,0.3749471046662279
dirichlet,,0.30381330847740173,0.973868191242218,10,0.24687576293945312,0.3749471046662279
dirichlet,,0.2825644910335541,0.7991718053817749,9,0.18768827617168427,0.3749471046662279
dirichlet,,0.43942540884017944,1.2059130668640137,10,0.31781136989593506,0.3749471046662279
dirichlet,,0.303731769323349,1.1831731796264648,11,0.1619473397731781,0.3749471046662279
dirichlet,,0.4066048264503479,0.9210391044616699,11,0.1693674623966217,0.3749471046662279
dirichlet,,0.38973870873451233,1.5328795909881592,10,0.24448350071907043,0.3749471046662279
dirichlet,,0.2804983854293823,1.2390000820159912,10,0.20363092422485352,0.3749471046662279
dirichlet,,0.29931312799453735,1.0464715957641602,11,0.18014100193977356,0.3749471046662279
dirichlet,,0.29649800062179565,0.789272665977478,11,0.2091633826494217,0.3749471046662279
dirichlet,,0.3948332965373993,1.1024497747421265,11,0.22851279377937317,0.3749471046662279
dirichlet,,0.5279842019081116,1.3606408834457397,10,0.3009510636329651,0.3749471046662279
dirichlet,,0.45820000767707825,1.396904468536377,11,0.2195524424314499,0.3749471046662279
dirichlet,,0.21952198445796967,1.0738139152526855,11,0.17650073766708374,0.3749471046662279
dirichlet,,0.40294745564460754,0.7651259899139404,10,0.3024713695049286,0.3749471046662279
dirichlet,,0.3869398236274719,1.2801992893218994,10,0.11794889718294144,0.3749471046662279
dirichlet,,0.3606034219264984,1.442905306816101,10,0.2458515465259552,0.3749471046662279
dirichlet,,0.3289876878261566,1.414827585220337,11,0.16581933200359344,0.3749471046662279
dirichlet,,0.32365715503692627,1.0176591873168945,10,0.243736132979393,0.3749471046662279
dirichlet,,0.19143462181091309,0.4904887080192566,11,0.16736382246017456,0.3749471046662279
dirichlet,,0.19148339331150055,0.8889696002006531,10,0.18577852845191956,0.3749471046662279
dirichlet,,0.38257694244384766,1.31534743309021,11,0.18206577003002167,0.3749471046662279
dirichlet,,0.38411152362823486,0.8619044423103333,11,0.20040449500083923,0.3749471046662279
dirichlet,,0.3147222101688385,0.9342689514160156,10,0.22773724794387817,0.3749471046662279
dirichlet,,0.2934739887714386,1.397814393043518,11,0.22398032248020172,0.3749471046662279
dirichlet,,0.3096436560153961,0.9129376411437988,11,0.27557462453842163,0.3749471046662279
dirichlet,,0.4473085105419159,1.4721357822418213,10,0.14989256858825684,0.3749471046662279
dirichlet,,0.27502697706222534,0.7448281049728394,11,0.17448940873146057,0.3749471046662279
dirichlet,,0.20819354057312012,1.0289416313171387,10,0.15970180928707123,0.3749471046662279
dirichlet,,0.3231132924556732,0.9499797821044922,11,0.2406126707792282,0.3749471046662279
dirichlet,,0.3288653790950775,0.8612734079360962,9,0.22660738229751587,0.3749471046662279
dirichlet,,0.4401092827320099,1.3010014295578003,11,0.19426335394382477,0.3749471046662279
dirichlet,,0.37395042181015015,1.1331318616867065,11,0.18337151408195496,0.3749471046662279
dirichlet,,0.2972354590892792,1.3511241674423218,11,0.2423241138458252,0.3749471046662279
dirichlet,,0.44458726048469543,1.3665075302124023,9,0.2748858332633972,0.3749471046662279
dirichlet,,0.3930251896381378,1.2949392795562744,9,0.29326295852661133,0.3749471046662279
dirichlet,,0.3736650347709656,0.8962257504463196,12,0.23423051834106445,0.3749471046662279
dirichlet,,0.49441447854042053,1.2124687433242798,10,0.24229085445404053,0.3749471046662279
dirichlet,,0.38353198766708374,1.1867172718048096,11,0.29133689403533936,0.3749471046662279
dirichlet,,0.2693801522254944,1.6012792587280273,8,0.13416337966918945,0.3749471046662279
dirichlet,,0.33262404799461365,0.8587386012077332,11,0.14792919158935547,0.3749471046662279
dirichlet,,0.3139033615589142,1.1201401948928833,10,0.264068603515625,0.3749471046662279
dirichlet,,0.33822089433670044,1.3937866687774658,11,0.2444961965084076,0.3749471046662279
dirichlet,,0.38581207394599915,1.3005653619766235,11,0.10903257131576538,0.3749471046662279
dirichlet,,0.2788691222667694,1.2216029167175293,9,0.22214177250862122,0.3749471046662279
dirichlet,,0.3114571273326874,1.0509328842163086,11,0.20611239969730377,0.3749471046662279
dirichlet,,0.3828997313976288,0.9654847383499146,10,0.2218591272830963,0.3749471046662279
dirichlet,,0.34086915850639343,1.5766534805297852,11,0.16860784590244293,0.3749471046662279
dirichlet,,0.35041970014572144,1.284953236579895,9,0.24371857941150665,0.3749471046662279
dirichlet,,0.47970250248908997,1.8843990564346313,11,0.18825635313987732,0.3749471046662279
dirichlet,,0.26020675897598267,1.4761558771133423,10,0.20282626152038574,0.3749471046662279
dirichlet,,0.32548975944519043,0.9139646291732788,9,0.20539581775665283,0.3749471046662279
dirichlet,,0.43819698691368103,1.0592466592788696,10,0.19985520839691162,0.3749471046662279
dirichlet,,0.36675575375556946,1.0803735256195068,11,0.21128475666046143,0.3749471046662279
dirichlet,,0.39525818824768066,0.8916517496109009,10,0.1879754662513733,0.3749471046662279
dirichlet,,0.3434526324272156,1.0061805248260498,9,0.25803953409194946,0.3749471046662279
dirichlet,,0.3796069324016571,1.2641496658325195,9,0.3442190885543823,0.3749471046662279
dirichlet,,0.44416284561157227,1.5156790018081665,10,0.25592777132987976,0.3749471046662279
dirichlet,,0.37982597947120667,1.0170003175735474,9,0.2448122799396515,0.3749471046662279
dirichlet,,0.3617544174194336,1.1788957118988037,10,0.1565428376197815,0.3749471046662279
dirichlet,,0.367887407541275,1.1258829832077026,11,0.25618433952331543,0.3749471046662279
dirichlet,,0.19704358279705048,1.1715307235717773,10,0.18448004126548767,0.3749471046662279
dirichlet,,0.3221077024936676,0.8038873672485352,10,0.13053564727306366,0.3749471046662279
dirichlet,,0.3582199513912201,1.5479028224945068,10,0.1689409613609314,0.3749471046662279
dirichlet,,0.48388540744781494,1.2207553386688232,8,0.19183090329170227,0.3749471046662279
dirichlet,,0.41622450947761536,1.1438488960266113,11,0.24038712680339813,0.3749471046662279
dirichlet,,0.40504559874534607,1.3470304012298584,11,0.1849060207605362,0.3749471046662279
dirichlet,,0.3098084330558777,1.2711859941482544,11,0.1610104888677597,0.3749471046662279
dirichlet,,0.3308122456073761,1.0368165969848633,11,0.17182627320289612,0.3749471046662279
dirichlet,,0.2913874387741089,1.25901460647583,11,0.22588148713111877,0.3749471046662279
dirichlet,,0.33718034625053406,1.0395094156265259,12,0.22581198811531067,0.3749471046662279
dirichlet,,0.30241695046424866,1.0383946895599365,10,0.16188225150108337,0.3749471046662279
dirichlet,,0.2959246039390564,1.304254174232483,11,0.18481966853141785,0.3749471046662279
dirichlet,,0.31186017394065857,1.1283910274505615,10,0.18677720427513123,0.3749471046662279
dirichlet,,0.22247539460659027,1.2357118129730225,10,0.24059954285621643,0.3749471046662279
dirichlet,,0.280953586101532,0.8492919206619263,11,0.1563008576631546,0.3749471046662279
dirichlet,,0.26374027132987976,1.008209228515625,11,0.18055835366249084,0.3749471046662279
dirichlet,,0.39974966645240784,1.2760332822799683,10,0.29066234827041626,0.3749471046662279
dirichlet,,0.30665478110313416,0.9438486099243164,10,0.1351785510778427,0.3749471046662279
dirichlet,,0.3058401644229889,1.5663998126983643,10,0.16863000392913818,0.3749471046662279
dirichlet,,0.37200891971588135,1.0574336051940918,11,0.2118799388408661,0.3749471046662279
dirichlet,,0.2794419825077057,1.2970300912857056,10,0.14181795716285706,0.3749471046662279
dirichlet,,0.33321842551231384,1.3203668594360352,12,0.21281179785728455,0.3749471046662279
dirichlet,,0.4137508273124695,1.1754404306411743,9,0.25387752056121826,0.3749471046662279
dirichlet,,0.24271966516971588,0.7181810140609741,10,0.16310632228851318,0.3749471046662279
dirichlet,,0.37544870376586914,1.2753326892852783,9,0.12534251809120178,0.3749471046662279
dirichlet,,0.38073334097862244,1.3135114908218384,11,0.2194889485836029,0.3749471046662279
dirichlet,,0.3020392954349518,1.1138174533843994,10,0.27326568961143494,0.3749471046662279
dirichlet,,0.3589431047439575,1.5564534664154053,11,0.21129350364208221,0.3749471046662279
dirichlet,,0.2864082455635071,1.1820610761642456,11,0.21874243021011353,0.3749471046662279
dirichlet,,0.33086249232292175,1.284643292427063,8,0.2423408031463623,0.3749471046662279
dirichlet,,0.3845304250717163,1.2823231220245361,12,0.2032725214958191,0.3749471046662279
dirichlet,,0.2664787769317627,0.6460446119308472,12,0.2003442794084549,0.3749471046662279
dirichlet,,0.4729863107204437,0.930564284324646,12,0.1294533610343933,0.3749471046662279
dirichlet,,0.35481977462768555,0.8806659579277039,11,0.22082670032978058,0.3749471046662279
dirichlet,,0.36194583773612976,0.7683030366897583,9,0.1733751893043518,0.3749471046662279
dirichlet,,0.35904374718666077,1.0971320867538452,11,0.2665865421295166,0.3749471046662279
dirichlet,,0.3279733657836914,1.037917971611023,9,0.2312379777431488,0.3749471046662279
dirichlet,,0.33093151450157166,0.850638747215271,10,0.16204535961151123,0.3749471046662279
dirichlet,,0.2758404612541199,0.9549182653427124,8,0.3348223567008972,0.3749471046662279
dirichlet,,0.43063607811927795,1.6328405141830444,9,0.23836112022399902,0.3749471046662279
dirichlet,,0.4405372142791748,0.7566928863525391,11,0.2704962193965912,0.3749471046662279
dirichlet,,0.27709606289863586,1.0728689432144165,11,0.2393244206905365,0.3749471046662279
dirichlet,,0.2983364164829254,1.0354222059249878,10,0.21236355602741241,0.3749471046662279
dirichlet,,0.2896869480609894,0.8544496297836304,10,0.20777013897895813,0.3749471046662279
dirichlet,,0.3873542547225952,1.1883304119110107,11,0.2633383274078369,0.3749471046662279
dirichlet,,0.4131220579147339,1.3476048707962036,10,0.22335705161094666,0.3749471046662279
dirichlet,,0.4126046299934387,1.1112191677093506,10,0.21282067894935608,0.3749471046662279
dirichlet,,0.38966450095176697,1.2634730339050293,10,0.19249969720840454,0.3749471046662279
dirichlet,,0.41903436183929443,0.9047967791557312,10,0.23085564374923706,0.3749471046662279
dirichlet,,0.3010867238044739,1.0741444826126099,11,0.22448551654815674,0.3749471046662279
dirichlet,,0.24198392033576965,1.1381208896636963,11,0.26890799403190613,0.3749471046662279
dirichlet,,0.28827551007270813,1.1507270336151123,10,0.11682067811489105,0.3749471046662279
dirichlet,,0.32382962107658386,1.2883543968200684,11,0.1397286057472229,0.3749471046662279
dirichlet,,0.437823086977005,1.0086352825164795,8,0.16713055968284607,0.3749471046662279
dirichlet,,0.3835069537162781,0.8473987579345703,11,0.16213491559028625,0.3749471046662279
dirichlet,,0.33323484659194946,1.5019677877426147,10,0.23603330552577972,0.3749471046662279
dirichlet,,0.2932639718055725,1.236690878868103,11,0.20717990398406982,0.3749471046662279
dirichlet,,0.3707430958747864,1.0154674053192139,11,0.1814666986465454,0.3749471046662279
dirichlet,,0.24567750096321106,1.5023109912872314,11,0.13018962740898132,0.3749471046662279
dirichlet,,0.426983505487442,1.276654839515686,10,0.18689468502998352,0.3749471046662279
dirichlet,,0.27324169874191284,1.3271156549453735,10,0.19733861088752747,0.3749471046662279
dirichlet,,0.30580511689186096,1.2247207164764404,10,0.242794930934906,0.3749471046662279
dirichlet,,0.29481562972068787,0.973399817943573,8,0.19623365998268127,0.3749471046662279
dirichlet,,0.3150130808353424,1.0501964092254639,11,0.1440732479095459,0.3749471046662279
dirichlet,,0.2092416137456894,1.4213135242462158,12,0.16691015660762787,0.3749471046662279
dirichlet,,0.5183097124099731,1.0511257648468018,11,0.2619269788265228,0.3749471046662279
dirichlet,,0.27755823731422424,1.0766257047653198,12,0.2210259735584259,0.3749471046662279
dirichlet,,0.34467458724975586,1.147430658340454,9,0.24303077161312103,0.3749471046662279
dirichlet,,0.3704124689102173,1.259483814239502,11,0.2042546570301056,0.3749471046662279
dirichlet,,0.3256615698337555,0.9802032709121704,10,0.22564911842346191,0.3749471046662279
dirichlet,,0.33111146092414856,0.9970250129699707,10,0.18732354044914246,0.3749471046662279
dirichlet,,0.2500486969947815,0.9593601226806641,10,0.1274227797985077,0.3749471046662279
dirichlet,,0.3747888505458832,0.9538666009902954,9,0.21111871302127838,0.3749471046662279
dirichlet,,0.3099839985370636,1.3190228939056396,11,0.2422773838043213,0.3749471046662279
dirichlet,,0.3883354663848877,1.1036615371704102,11,0.2540322542190552,0.3749471046662279
dirichlet,,0.35295599699020386,0.9699215888977051,11,0.2116781622171402,0.3749471046662279
dirichlet,,0.4618673026561737,1.0243433713912964,10,0.16220127046108246,0.3749471046662279
dirichlet,,0.2912379503250122,1.4030039310455322,11,0.24424335360527039,0.3749471046662279
dirichlet,,0.25241518020629883,0.918289840221405,10,0.2220781296491623,0.3749471046662279
dirichlet,,0.2620195746421814,0.8703594207763672,10,0.19568637013435364,0.3749471046662279
dirichlet,,0.2601994276046753,1.2673759460449219,12,0.22675567865371704,0.3749471046662279
dirichlet,,0.4283357262611389,1.0534818172454834,11,0.2336474508047104,0.3749471046662279
dirichlet,,0.33413422107696533,1.1401779651641846,11,0.29783886671066284,0.3749471046662279
dirichlet,,0.3537077307701111,1.291229486465454,10,0.19356179237365723,0.3749471046662279
dirichlet,,0.3347274363040924,0.947647750377655,8,0.14219513535499573,0.3749471046662279
dirichlet,,0.30677512288093567,1.2399113178253174,12,0.2011696696281433,0.3749471046662279
dirichlet,,0.3971739113330841,1.218496322631836,11,0.21483412384986877,0.3749471046662279
dirichlet,,0.39949434995651245,0.8688730001449585,11,0.18235963582992554,0.3749471046662279
dirichlet,,0.3340418338775635,0.9952080845832825,11,0.2660210132598877,0.3749471046662279
dirichlet,,0.2761863172054291,1.0333969593048096,11,0.15859729051589966,0.3749471046662279
dirichlet,,0.2998320460319519,1.264669418334961,11,0.19632937014102936,0.3749471046662279
dirichlet,,0.2792465388774872,0.959771454334259,11,0.2658039927482605,0.3749471046662279
dirichlet,,0.31957900524139404,0.848965048789978,11,0.2384871393442154,0.3749471046662279
dirichlet,,0.28403007984161377,0.9363528490066528,10,0.1641143560409546,0.3749471046662279
dirichlet,,0.23557938635349274,0.8782896995544434,10,0.35448694229125977,0.3749471046662279
dirichlet,,0.3308352530002594,1.1551984548568726,9,0.1859297752380371,0.3749471046662279
dirichlet,,0.32697537541389465,1.3080899715423584,10,0.17719195783138275,0.3749471046662279
dirichlet,,0.26904740929603577,1.347458004951477,10,0.21634624898433685,0.3749471046662279
dirichlet,,0.3119513988494873,1.3229026794433594,11,0.11835438013076782,0.3749471046662279
dirichlet,,0.37033307552337646,1.3489534854888916,11,0.21442152559757233,0.3749471046662279
dirichlet,,0.30949172377586365,1.1061466932296753,10,0.19902999699115753,0.3749471046662279
dirichlet,,0.3179018199443817,1.6219648122787476,11,0.22219505906105042,0.3749471046662279
dirichlet,,0.22566673159599304,0.9118841290473938,9,0.27037835121154785,0.3749471046662279
dirichlet,,0.2897193431854248,0.7985897660255432,10,0.14506036043167114,0.3749471046662279
dirichlet,,0.23093098402023315,1.379314661026001,9,0.21923840045928955,0.3749471046662279
dirichlet,,0.2619711756706238,0.988286018371582,10,0.24770796298980713,0.3749471046662279
dirichlet,,0.3557167947292328,1.3021165132522583,11,0.21975059807300568,0.3749471046662279
dirichlet,,0.3788774907588959,0.8363960981369019,11,0.19947388768196106,0.3749471046662279
dirichlet,,0.3019878566265106,1.048821210861206,9,0.1871599555015564,0.3749471046662279
dirichlet,,0.3913101553916931,0.9109510183334351,10,0.1758144199848175,0.3749471046662279
dirichlet,,0.2650586664676666,1.2502846717834473,10,0.21577772498130798,0.3749471046662279
dirichlet,,0.2629612684249878,1.1038000583648682,11,0.28999558091163635,0.3749471046662279
dirichlet,,0.34283721446990967,1.2642219066619873,11,0.23011036217212677,0.3749471046662279
dirichlet,,0.44242408871650696,1.151458740234375,10,0.26680463552474976,0.3749471046662279
dirichlet,,0.39752423763275146,1.181044578552246,11,0.2656881809234619,0.3749471046662279
dirichlet,,0.3568503260612488,1.548158049583435,11,0.27849307656288147,0.3749471046662279
dirichlet,,0.28325697779655457,1.4011456966400146,10,0.21407651901245117,0.3749471046662279
dirichlet,,0.3455377221107483,0.8987463712692261,10,0.23437780141830444,0.3749471046662279
dirichlet,,0.25017866492271423,1.1729519367218018,11,0.2673605680465698,0.3749471046662279
dirichlet,,0.28530317544937134,0.9685362577438354,12,0.20627987384796143,0.3749471046662279
dirichlet,,0.2644788324832916,1.3814735412597656,12,0.1949998438358307,0.3749471046662279
dirichlet,,0.37416690587997437,1.3387870788574219,10,0.20566366612911224,0.3749471046662279
dirichlet,,0.3065967559814453,1.1012330055236816,10,0.1633758544921875,0.3749471046662279
dirichlet,,0.31884604692459106,0.998263955116272,10,0.21072101593017578,0.3749471046662279
dirichlet,,0.368630975484848,0.8320438265800476,11,0.2190616875886917,0.3749471046662279
dirichlet,,0.2514970600605011,0.8153327703475952,11,0.17342743277549744,0.3749471046662279
dirichlet,,0.29418766498565674,1.2293912172317505,10,0.14276112616062164,0.3749471046662279
dirichlet,,0.23572313785552979,0.8877260088920593,10,0.127780944108963,0.3749471046662279
dirichlet,,0.304909348487854,1.3316824436187744,11,0.2710520625114441,0.3749471046662279
dirichlet,,0.33632153272628784,0.9976582527160645,10,0.20266398787498474,0.3749471046662279
dirichlet,,0.34050628542900085,1.1801049709320068,10,0.1794411838054657,0.3749471046662279
dirichlet,,0.3254515528678894,1.1584829092025757,10,0.32073158025741577,0.3749471046662279
dirichlet,,0.3767431974411011,0.9612636566162109,10,0.2186053842306137,0.3749471046662279
dirichlet,,0.4113774299621582,1.029685139656067,11,0.1877347230911255,0.3749471046662279
dirichlet,,0.3045614957809448,1.2378642559051514,11,0.22815415263175964,0.3749471046662279
dirichlet,,0.3518429696559906,1.369070291519165,10,0.2629939019680023,0.3749471046662279
dirichlet,,0.3759526312351227,1.0883451700210571,11,0.20226535201072693,0.3749471046662279
dirichlet,,0.5049167275428772,1.1312448978424072,11,0.12164724618196487,0.3749471046662279
dirichlet,,0.31789806485176086,1.1865483522415161,10,0.22782665491104126,0.3749471046662279
dirichlet,,0.24398955702781677,1.3227522373199463,10,0.2116689682006836,0.3749471046662279
dirichlet,,0.3109889030456543,1.0381581783294678,11,0.2270098477602005,0.3749471046662279
dirichlet,,0.3352193832397461,1.2753976583480835,11,0.19520790874958038,0.3749471046662279
dirichlet,,0.3303986191749573,1.2405121326446533,11,0.19787836074829102,0.3749471046662279
dirichlet,,0.25719448924064636,1.2681618928909302,10,0.22073474526405334,0.3749471046662279
dirichlet,,0.3198050260543823,1.2510920763015747,11,0.23173736035823822,0.3749471046662279
dirichlet,,0.3405971825122833,1.2814220190048218,11,0.207357257604599,0.3749471046662279
dirichlet,,0.2524958550930023,1.4206030368804932,11,0.271862268447876,0.3749471046662279
dirichlet,,0.32791629433631897,1.3863532543182373,11,0.22125309705734253,0.3749471046662279
dirichlet,,0.3544143736362457,1.2729607820510864,11,0.19966378808021545,0.3749471046662279
dirichlet,,0.23906902968883514,0.9135611653327942,10,0.20857132971286774,0.3749471046662279
dirichlet,,0.307237833738327,1.137999176979065,10,0.23942245543003082,0.3749471046662279
dirichlet,,0.24634097516536713,1.126343011856079,11,0.20959588885307312,0.3749471046662279
dirichlet,,0.34812524914741516,1.4977294206619263,10,0.27405479550361633,0.3749471046662279
dirichlet,,0.3572084903717041,0.9034683108329773,8,0.27809613943099976,0.3749471046662279
dirichlet,,0.40357545018196106,1.1437124013900757,11,0.2604721486568451,0.3749471046662279
dirichlet,,0.27995702624320984,1.0547746419906616,12,0.21716254949569702,0.3749471046662279
dirichlet,,0.22153204679489136,0.9909806251525879,8,0.17922204732894897,0.3749471046662279
dirichlet,,0.3198845386505127,0.9488490223884583,11,0.22498475015163422,0.3749471046662279
dirichlet,,0.5246680974960327,1.035587191581726,10,0.1999400556087494,0.3749471046662279
dirichlet,,0.3467709422111511,1.0791113376617432,10,0.22650843858718872,0.3749471046662279
dirichlet,,0.4100937843322754,1.347270131111145,11,0.22602371871471405,0.3749471046662279
dirichlet,,0.32579511404037476,1.3554375171661377,10,0.16380567848682404,0.3749471046662279
dirichlet,,0.3472518026828766,0.7301982641220093,10,0.13789139688014984,0.3749471046662279
dirichlet,,0.38584139943122864,0.603889524936676,12,0.18603211641311646,0.3749471046662279
dirichlet,,0.3569546639919281,0.8002313375473022,10,0.19148960709571838,0.3749471046662279
dirichlet,,0.19222457706928253,1.5256521701812744,12,0.2789902091026306,0.3749471046662279
dirichlet,,0.38411012291908264,1.4224191904067993,10,0.25884121656417847,0.3749471046662279
dirichlet,,0.3539227545261383,0.7507175803184509,11,0.2571995258331299,0.3749471046662279
dirichlet,,0.22344741225242615,1.0265238285064697,11,0.1385926902294159,0.3749471046662279
dirichlet,,0.39085301756858826,1.1144757270812988,9,0.28135791420936584,0.3749471046662279
dirichlet,,0.34636250138282776,0.7616807222366333,12,0.15855258703231812,0.3749471046662279
dirichlet,,0.3266788125038147,1.4399598836898804,11,0.2529674768447876,0.3749471046662279
dirichlet,,0.29809024930000305,1.2465345859527588,11,0.24140098690986633,0.3749471046662279
dirichlet,,0.27590566873550415,0.9913676977157593,11,0.23398447036743164,0.3749471046662279
dirichlet,,0.2543084919452667,0.6965946555137634,8,0.26275643706321716,0.3749471046662279
dirichlet,,0.27583128213882446,1.0759165287017822,10,0.11722134053707123,0.3749471046662279
dirichlet,,0.35803550481796265,1.0347344875335693,10,0.23044130206108093,0.3749471046662279
dirichlet,,0.3413313627243042,1.1783645153045654,11,0.17043893039226532,0.3749471046662279
dirichlet,,0.2835938036441803,1.4224536418914795,10,0.26357582211494446,0.3749471046662279
dirichlet,,0.4237627685070038,0.7201907634735107,9,0.2979731559753418,0.3749471046662279
dirichlet,,0.3281680941581726,1.2201876640319824,9,0.20300376415252686,0.3749471046662279
dirichlet,,0.25717785954475403,1.192023515701294,9,0.23189577460289001,0.3749471046662279
dirichlet,,0.3910744786262512,1.4394538402557373,11,0.24262326955795288,0.3749471046662279
dirichlet,,0.2943839132785797,1.188673496246338,10,0.20216262340545654,0.3749471046662279
dirichlet,,0.3767794370651245,1.220104455947876,12,0.24023902416229248,0.3749471046662279
dirichlet,,0.3071656823158264,0.8739420175552368,10,0.11027003824710846,0.3749471046662279
dirichlet,,0.3528587520122528,0.658527672290802,10,0.17884042859077454,0.3749471046662279
dirichlet,,0.2634461522102356,0.6936217546463013,11,0.1936226636171341,0.3749471046662279
dirichlet,,0.34535181522369385,1.0605974197387695,10,0.21595996618270874,0.3749471046662279
dirichlet,,0.2668352723121643,0.9870893359184265,10,0.26044929027557373,0.3749471046662279
dirichlet,,0.2666034996509552,1.2598106861114502,10,0.1664576381444931,0.3749471046662279
dirichlet,,0.4032617211341858,1.211353063583374,10,0.22664585709571838,0.3749471046662279
dirichlet,,0.32349154353141785,1.3584792613983154,11,0.28967294096946716,0.3749471046662279
dirichlet,,0.4346398115158081,1.4462321996688843,10,0.1872548758983612,0.3749471046662279
dirichlet,,0.2860799729824066,1.3441225290298462,10,0.16067653894424438,0.3749471046662279
dirichlet,,0.31746211647987366,1.4906044006347656,10,0.1726931631565094,0.3749471046662279
dirichlet,,0.34112420678138733,0.909351646900177,10,0.1961820423603058,0.3749471046662279
dirichlet,,0.2566327750682831,0.7968169450759888,10,0.22695201635360718,0.3749471046662279
dirichlet,,0.5277286767959595,1.3735089302062988,11,0.22860123217105865,0.3749471046662279
dirichlet,,0.3676251769065857,1.1488368511199951,10,0.24854636192321777,0.3749471046662279
dirichlet,,0.26546478271484375,0.916406512260437,11,0.21372643113136292,0.3749471046662279
dirichlet,,0.308276504278183,1.4130222797393799,9,0.22555753588676453,0.3749471046662279
dirichlet,,0.3838239908218384,1.1805016994476318,10,0.24440698325634003,0.3749471046662279
dirichlet,,0.42698538303375244,1.4374333620071411,10,0.2509317696094513,0.3749471046662279
dirichlet,,0.3799279034137726,1.3891382217407227,11,0.17793285846710205,0.3749471046662279
dirichlet,,0.3252990245819092,1.027106523513794,10,0.337287962436676,0.3749471046662279
dirichlet,,0.27778327465057373,1.0978554487228394,11,0.23917537927627563,0.3749471046662279
dirichlet,,0.33924826979637146,1.43967604637146,11,0.18963277339935303,0.3749471046662279
dirichlet,,0.37353914976119995,1.1249926090240479,11,0.16325300931930542,0.3749471046662279
dirichlet,,0.2605982720851898,0.9520346522331238,11,0.2742316722869873,0.3749471046662279
dirichlet,,0.32660865783691406,1.1969366073608398,11,0.23826999962329865,0.3749471046662279
dirichlet,,0.29304853081703186,0.7347452044487,12,0.22718830406665802,0.3749471046662279
dirichlet,,0.31753650307655334,1.1767786741256714,10,0.14818798005580902,0.3749471046662279
dirichlet,,0.3047425150871277,0.8907119631767273,9,0.14787136018276215,0.3749471046662279
dirichlet,,0.3121624290943146,1.1508204936981201,11,0.21922150254249573,0.3749471046662279
dirichlet,,0.35140934586524963,1.3775334358215332,9,0.23518434166908264,0.3749471046662279
dirichlet,,0.36419644951820374,1.095229983329773,11,0.2273988425731659,0.3749471046662279
dirichlet,,0.26852649450302124,1.3072781562805176,9,0.204994797706604,0.3749471046662279
dirichlet,,0.25867128372192383,1.0641206502914429,11,0.20502491295337677,0.3749471046662279
dirichlet,,0.31765007972717285,0.8770562410354614,9,0.19426919519901276,0.3749471046662279
dirichlet,,0.3688179850578308,1.1824150085449219,10,0.28515419363975525,0.49999999999999994
dirichlet,,0.43544965982437134,0.9330240488052368,10,0.13834929466247559,0.49999999999999994
dirichlet,,0.2681238353252411,0.8163026571273804,11,0.20897522568702698,0.49999999999999994
dirichlet,,0.3941301107406616,1.319040060043335,11,0.13123004138469696,0.49999999999999994
dirichlet,,0.32450199127197266,1.1732873916625977,12,0.16427257657051086,0.49999999999999994
dirichlet,,0.2799370288848877,0.9333345293998718,10,0.17105823755264282,0.49999999999999994
dirichlet,,0.3731004595756531,1.4087327718734741,11,0.24478958547115326,0.49999999999999994
dirichlet,,0.4296565353870392,1.1482354402542114,11,0.21968470513820648,0.49999999999999994
dirichlet,,0.4175466299057007,0.6906436085700989,10,0.13240015506744385,0.49999999999999994
dirichlet,,0.33617258071899414,0.8960573077201843,11,0.22253580391407013,0.49999999999999994
dirichlet,,0.38801679015159607,1.095943808555603,12,0.24066179990768433,0.49999999999999994
dirichlet,,0.2414601892232895,1.0419079065322876,10,0.23008812963962555,0.49999999999999994
dirichlet,,0.33671143651008606,1.071685791015625,10,0.22950536012649536,0.49999999999999994
dirichlet,,0.32959094643592834,1.0967059135437012,9,0.16634872555732727,0.49999999999999994
dirichlet,,0.20812445878982544,1.2862812280654907,12,0.17621731758117676,0.49999999999999994
dirichlet,,0.3035818934440613,1.0195308923721313,10,0.19398614764213562,0.49999999999999994
dirichlet,,0.32290396094322205,0.948589026927948,11,0.22269104421138763,0.49999999999999994
dirichlet,,0.31832870841026306,1.2997214794158936,12,0.22040383517742157,0.49999999999999994
dirichlet,,0.30743539333343506,0.9991607666015625,9,0.25555914640426636,0.49999999999999994
dirichlet,,0.359215646982193,1.2480214834213257,11,0.22161243855953217,0.49999999999999994
dirichlet,,0.4285527169704437,1.2236053943634033,11,0.2223331332206726,0.49999999999999994
dirichlet,,0.3473200500011444,0.9033527374267578,10,0.22520729899406433,0.49999999999999994
dirichlet,,0.415823757648468,1.2349236011505127,9,0.35021498799324036,0.49999999999999994
dirichlet,,0.32368746399879456,0.9950385093688965,10,0.1645420640707016,0.49999999999999994
dirichlet,,0.3652367889881134,0.8239405751228333,10,0.27748703956604004,0.49999999999999994
dirichlet,,0.2919096350669861,0.9960150718688965,10,0.2404310703277588,0.49999999999999994
dirichlet,,0.287442684173584,1.2633930444717407,11,0.19703902304172516,0.49999999999999994
dirichlet,,0.29469653964042664,1.2781108617782593,11,0.2396000325679779,0.49999999999999994
dirichlet,,0.34801989793777466,1.1593105792999268,11,0.1737566590309143,0.49999999999999994
dirichlet,,0.3297463059425354,0.9984747767448425,11,0.21868696808815002,0.49999999999999994
dirichlet,,0.3826754093170166,0.8707822561264038,11,0.18162749707698822,0.49999999999999994
dirichlet,,0.3805336356163025,1.0860074758529663,10,0.2865414023399353,0.49999999999999994
dirichlet,,0.1846514791250229,1.237221360206604,11,0.15757054090499878,0.49999999999999994
dirichlet,,0.21760179102420807,0.7804558277130127,10,0.23581454157829285,0.49999999999999994
dirichlet,,0.19955214858055115,1.0151360034942627,10,0.19872987270355225,0.49999999999999994
dirichlet,,0.22264130413532257,1.277753472328186,11,0.168422132730484,0.49999999999999994
dirichlet,,0.2973383367061615,1.5009772777557373,10,0.16627538204193115,0.49999999999999994
dirichlet,,0.4336472451686859,0.9536546468734741,10,0.16923172771930695,0.49999999999999994
dirichlet,,0.2847682237625122,1.1451846361160278,11,0.16821245849132538,0.49999999999999994
dirichlet,,0.36686453223228455,0.9592889547348022,11,0.17017081379890442,0.49999999999999994
dirichlet,,0.32248401641845703,1.197345495223999,11,0.20130804181098938,0.49999999999999994
dirichlet,,0.3036220669746399,1.1609472036361694,10,0.16701656579971313,0.49999999999999994
dirichlet,,0.27654027938842773,1.1280063390731812,11,0.16846579313278198,0.49999999999999994
dirichlet,,0.2643379271030426,0.9956715703010559,11,0.1999618113040924,0.49999999999999994
dirichlet,,0.28921300172805786,1.2999274730682373,11,0.19060228765010834,0.49999999999999994
dirichlet,,0.31820279359817505,1.4451706409454346,10,0.2989937365055084,0.49999999999999994
dirichlet,,0.4888105094432831,1.1430144309997559,11,0.20874063670635223,0.49999999999999994
dirichlet,,0.21203497052192688,1.1187212467193604,10,0.2436520755290985,0.49999999999999994
dirichlet,,0.41636860370635986,1.1532466411590576,10,0.1665932536125183,0.49999999999999994
dirichlet,,0.3376213014125824,0.9890740513801575,10,0.2823445200920105,0.49999999999999994
dirichlet,,0.36117056012153625,1.2712721824645996,9,0.15471762418746948,0.49999999999999994
dirichlet,,0.2881930470466614,0.9828799962997437,11,0.20619703829288483,0.49999999999999994
dirichlet,,0.23994940519332886,1.2382605075836182,9,0.21181634068489075,0.49999999999999994
dirichlet,,0.42671775817871094,1.1249140501022339,12,0.20029905438423157,0.49999999999999994
dirichlet,,0.2873466908931732,1.0588011741638184,11,0.20002293586730957,0.49999999999999994
dirichlet,,0.25781700015068054,0.892471194267273,9,0.19450215995311737,0.49999999999999994
dirichlet,,0.49348020553588867,1.1542757749557495,11,0.1948275864124298,0.49999999999999994
dirichlet,,0.30205774307250977,1.1400179862976074,10,0.14375826716423035,0.49999999999999994
dirichlet,,0.35101428627967834,1.1844512224197388,12,0.2022169530391693,0.49999999999999994
dirichlet,,0.21042023599147797,1.1014207601547241,10,0.2214130461215973,0.49999999999999994
dirichlet,,0.24699565768241882,0.9572135210037231,10,0.20090968906879425,0.49999999999999994
dirichlet,,0.2877373993396759,1.0165832042694092,10,0.2306656837463379,0.49999999999999994
dirichlet,,0.3994542360305786,1.3017005920410156,8,0.3010035753250122,0.49999999999999994
dirichlet,,0.33177247643470764,1.2453982830047607,10,0.1662411093711853,0.49999999999999994
dirichlet,,0.38729095458984375,1.0653250217437744,10,0.2070697546005249,0.49999999999999994
dirichlet,,0.4118138253688812,0.8782757520675659,10,0.23470661044120789,0.49999999999999994
dirichlet,,0.37343859672546387,1.3867518901824951,11,0.2585209310054779,0.49999999999999994
dirichlet,,0.35351014137268066,1.2719306945800781,10,0.3189477324485779,0.49999999999999994
dirichlet,,0.22533275187015533,0.940074622631073,9,0.16645170748233795,0.49999999999999994
dirichlet,,0.29579201340675354,1.0622386932373047,11,0.16489973664283752,0.49999999999999994
dirichlet,,0.3722233772277832,1.4696574211120605,12,0.26161032915115356,0.49999999999999994
dirichlet,,0.33955612778663635,0.9711132049560547,11,0.1706305593252182,0.49999999999999994
dirichlet,,0.3979620635509491,1.0179352760314941,11,0.2729344367980957,0.49999999999999994
dirichlet,,0.3320813775062561,1.0529838800430298,11,0.19218000769615173,0.49999999999999994
dirichlet,,0.25541990995407104,1.3009006977081299,12,0.22241537272930145,0.49999999999999994
dirichlet,,0.26185664534568787,1.1822426319122314,11,0.17133520543575287,0.49999999999999994
dirichlet,,0.28216391801834106,1.1283577680587769,11,0.25199824571609497,0.49999999999999994
dirichlet,,0.26219332218170166,1.3374253511428833,11,0.24385882914066315,0.49999999999999994
dirichlet,,0.215173602104187,0.9637594223022461,8,0.2549682557582855,0.49999999999999994
dirichlet,,0.38242778182029724,1.0402159690856934,12,0.24021299183368683,0.49999999999999994
dirichlet,,0.31166085600852966,0.9523890614509583,11,0.25275665521621704,0.49999999999999994
dirichlet,,0.3611982464790344,1.283966302871704,9,0.16805897653102875,0.49999999999999994
dirichlet,,0.26687926054000854,1.070407509803772,10,0.22120627760887146,0.49999999999999994
dirichlet,,0.24701648950576782,0.9763718843460083,11,0.1251087486743927,0.49999999999999994
dirichlet,,0.2899363040924072,1.3350461721420288,10,0.23719054460525513,0.49999999999999994
dirichlet,,0.2886524498462677,1.4214434623718262,11,0.2711690068244934,0.49999999999999994
dirichlet,,0.40777459740638733,1.399348497390747,10,0.24126969277858734,0.49999999999999994
dirichlet,,0.3323380947113037,1.1329772472381592,11,0.21300853788852692,0.49999999999999994
dirichlet,,0.2660701870918274,1.1654887199401855,9,0.2504734992980957,0.49999999999999994
dirichlet,,0.3107968270778656,1.2820384502410889,10,0.24469733238220215,0.49999999999999994
dirichlet,,0.3215794563293457,1.02789306640625,11,0.20848533511161804,0.49999999999999994
dirichlet,,0.3046267330646515,1.0588419437408447,11,0.21625511348247528,0.49999999999999994
dirichlet,,0.21701925992965698,0.9053741693496704,11,0.22266849875450134,0.49999999999999994
dirichlet,,0.28292930126190186,0.7585552334785461,11,0.21959517896175385,0.49999999999999994
dirichlet,,0.29269564151763916,1.3333790302276611,10,0.20142605900764465,0.49999999999999994
dirichlet,,0.4007222652435303,0.8302487134933472,10,0.343601793050766,0.49999999999999994
dirichlet,,0.34732338786125183,1.3293389081954956,10,0.27256837487220764,0.49999999999999994
dirichlet,,0.2330053448677063,1.0202577114105225,11,0.39104199409484863,0.49999999999999994
dirichlet,,0.3103806972503662,0.929679274559021,11,0.17693284153938293,0.49999999999999994
dirichlet,,0.37491118907928467,1.3396728038787842,10,0.21712954342365265,0.49999999999999994
dirichlet,,0.3367767333984375,1.079452395439148,9,0.23346661031246185,0.49999999999999994
dirichlet,,0.20647527277469635,0.7306400537490845,8,0.23556549847126007,0.49999999999999994
dirichlet,,0.3923724889755249,1.0068002939224243,11,0.32288968563079834,0.49999999999999994
dirichlet,,0.34066447615623474,1.3640683889389038,12,0.3121480941772461,0.49999999999999994
dirichlet,,0.39455991983413696,1.0424327850341797,11,0.21978121995925903,0.49999999999999994
dirichlet,,0.3085244596004486,0.9590002298355103,11,0.1962631791830063,0.49999999999999994
dirichlet,,0.31750473380088806,1.1582614183425903,11,0.15518911182880402,0.49999999999999994
dirichlet,,0.24628424644470215,1.1617645025253296,11,0.18333792686462402,0.49999999999999994
dirichlet,,0.3083702325820923,1.0707764625549316,10,0.22646048665046692,0.49999999999999994
dirichlet,,0.28201529383659363,1.0186965465545654,11,0.20474869012832642,0.49999999999999994
dirichlet,,0.2873554527759552,0.9822303652763367,11,0.21394193172454834,0.49999999999999994
dirichlet,,0.32230356335639954,1.280097246170044,10,0.17601902782917023,0.49999999999999994
dirichlet,,0.289764404296875,0.9148524403572083,9,0.22598987817764282,0.49999999999999994
dirichlet,,0.2712167799472809,1.164526104927063,13,0.3021583557128906,0.49999999999999994
dirichlet,,0.3337199091911316,1.2020752429962158,11,0.2701185345649719,0.49999999999999994
dirichlet,,0.42036959528923035,0.7736979722976685,9,0.23043644428253174,0.49999999999999994
dirichlet,,0.3405984938144684,1.1118457317352295,11,0.18134301900863647,0.49999999999999994
dirichlet,,0.37778666615486145,0.9647690057754517,9,0.24586158990859985,0.49999999999999994
dirichlet,,0.40050560235977173,1.0332372188568115,11,0.18995946645736694,0.49999999999999994
dirichlet,,0.37909650802612305,1.3372509479522705,11,0.3221840262413025,0.49999999999999994
dirichlet,,0.25505006313323975,1.2071529626846313,11,0.18983596563339233,0.49999999999999994
dirichlet,,0.3488718867301941,1.1025283336639404,10,0.23309889435768127,0.49999999999999994
dirichlet,,0.3816641569137573,0.8102184534072876,10,0.22454410791397095,0.49999999999999994
dirichlet,,0.32843488454818726,1.1768364906311035,10,0.22553139925003052,0.49999999999999994
dirichlet,,0.23106978833675385,1.2398639917373657,10,0.22254939377307892,0.49999999999999994
dirichlet,,0.22814901173114777,0.8831244707107544,9,0.19074010848999023,0.49999999999999994
dirichlet,,0.33861005306243896,1.0259826183319092,11,0.2698618173599243,0.49999999999999994
dirichlet,,0.22843798995018005,1.1739238500595093,11,0.16830900311470032,0.49999999999999994
dirichlet,,0.425523579120636,1.3250482082366943,11,0.23280435800552368,0.49999999999999994
dirichlet,,0.4381262958049774,0.9426145553588867,10,0.26883047819137573,0.49999999999999994
dirichlet,,0.342722624540329,1.2545948028564453,9,0.29457154870033264,0.49999999999999994
dirichlet,,0.3420039713382721,0.9690362811088562,11,0.17272712290287018,0.49999999999999994
dirichlet,,0.3870253562927246,0.7459714412689209,11,0.24947041273117065,0.49999999999999994
dirichlet,,0.3437304198741913,0.9938437342643738,11,0.20068609714508057,0.49999999999999994
dirichlet,,0.424363911151886,0.7694228887557983,11,0.16424447298049927,0.49999999999999994
dirichlet,,0.2888168394565582,0.8754259347915649,11,0.24929633736610413,0.49999999999999994
dirichlet,,0.282376229763031,0.9841305613517761,9,0.23620273172855377,0.49999999999999994
dirichlet,,0.4387870728969574,1.0881760120391846,11,0.17817753553390503,0.49999999999999994
dirichlet,,0.3254088759422302,1.1020987033843994,10,0.2945042550563812,0.49999999999999994
dirichlet,,0.4599689245223999,1.0769474506378174,10,0.22147226333618164,0.49999999999999994
dirichlet,,0.21239766478538513,1.1151491403579712,10,0.29422932863235474,0.49999999999999994
dirichlet,,0.43321216106414795,0.8977761268615723,11,0.2720552682876587,0.49999999999999994
dirichlet,,0.3919227421283722,0.6825554370880127,9,0.24707122147083282,0.49999999999999994
dirichlet,,0.38123536109924316,1.1248077154159546,10,0.2661489248275757,0.49999999999999994
dirichlet,,0.3068890869617462,0.9887961149215698,10,0.21022945642471313,0.49999999999999994
dirichlet,,0.40187740325927734,0.9461296796798706,12,0.26490452885627747,0.49999999999999994
dirichlet,,0.33370548486709595,1.1082043647766113,10,0.24102695286273956,0.49999999999999994
dirichlet,,0.3124942183494568,1.142128586769104,10,0.23628680408000946,0.49999999999999994
dirichlet,,0.39033135771751404,1.152288794517517,11,0.18390195071697235,0.49999999999999994
dirichlet,,0.4797722399234772,0.927620530128479,9,0.24217762053012848,0.49999999999999994
dirichlet,,0.4012645184993744,1.1562585830688477,11,0.2824722230434418,0.49999999999999994
dirichlet,,0.29628726840019226,1.0176515579223633,10,0.29919666051864624,0.49999999999999994
dirichlet,,0.2753567099571228,1.247580885887146,11,0.15196934342384338,0.49999999999999994
dirichlet,,0.18052856624126434,0.9616612195968628,11,0.23353302478790283,0.49999999999999994
dirichlet,,0.42470547556877136,1.0940006971359253,11,0.22218568623065948,0.49999999999999994
dirichlet,,0.41527459025382996,1.1529687643051147,11,0.1973448395729065,0.49999999999999994
dirichlet,,0.3083854019641876,1.045011043548584,10,0.23365020751953125,0.49999999999999994
dirichlet,,0.3910679519176483,1.0462172031402588,11,0.1770705282688141,0.49999999999999994
dirichlet,,0.3610248565673828,1.3110688924789429,9,0.23235994577407837,0.49999999999999994
dirichlet,,0.3863729238510132,1.3529510498046875,11,0.20520496368408203,0.49999999999999994
dirichlet,,0.28336963057518005,1.3468960523605347,11,0.2952388525009155,0.49999999999999994
dirichlet,,0.30814534425735474,1.2447006702423096,11,0.13971155881881714,0.49999999999999994
dirichlet,,0.24354813992977142,1.5539696216583252,11,0.3080277442932129,0.49999999999999994
dirichlet,,0.367841511964798,1.2210701704025269,10,0.18400372564792633,0.49999999999999994
dirichlet,,0.27785465121269226,1.123095154762268,10,0.32421207427978516,0.49999999999999994
dirichlet,,0.25221771001815796,1.1796183586120605,11,0.2061651200056076,0.49999999999999994
dirichlet,,0.2139568030834198,0.868946373462677,10,0.19955472648143768,0.49999999999999994
dirichlet,,0.23605689406394958,1.3757489919662476,10,0.16400010883808136,0.49999999999999994
dirichlet,,0.3221701979637146,1.13937509059906,10,0.17540323734283447,0.49999999999999994
dirichlet,,0.3650129735469818,1.1388663053512573,10,0.16372722387313843,0.49999999999999994
dirichlet,,0.2920190691947937,1.1358625888824463,11,0.2297532856464386,0.49999999999999994
dirichlet,,0.2715005874633789,1.0818309783935547,10,0.19469736516475677,0.49999999999999994
dirichlet,,0.2898200452327728,0.8087016940116882,10,0.16448570787906647,0.49999999999999994
dirichlet,,0.4424738585948944,0.7987111210823059,9,0.21975521743297577,0.49999999999999994
dirichlet,,0.4222683608531952,0.9993131756782532,11,0.23840966820716858,0.49999999999999994
dirichlet,,0.3493991792201996,1.0969727039337158,11,0.19204682111740112,0.49999999999999994
dirichlet,,0.2948914170265198,0.7859798669815063,10,0.24952098727226257,0.49999999999999994
dirichlet,,0.34863224625587463,0.9563392400741577,11,0.2304779589176178,0.49999999999999994
dirichlet,,0.42408645153045654,1.3633896112442017,11,0.17160025238990784,0.49999999999999994
dirichlet,,0.35716333985328674,0.9320031404495239,11,0.21749559044837952,0.49999999999999994
dirichlet,,0.3061975836753845,1.3248509168624878,10,0.24052080512046814,0.49999999999999994
dirichlet,,0.3281734585762024,1.079537272453308,9,0.28105100989341736,0.49999999999999994
dirichlet,,0.34022608399391174,1.0488557815551758,11,0.19209617376327515,0.49999999999999994
dirichlet,,0.33424580097198486,0.9975911378860474,10,0.26681017875671387,0.49999999999999994
dirichlet,,0.38038837909698486,1.09372878074646,11,0.17853429913520813,0.49999999999999994
dirichlet,,0.299302875995636,0.8589012026786804,11,0.2522030472755432,0.49999999999999994
dirichlet,,0.27532505989074707,1.2247812747955322,10,0.15859650075435638,0.49999999999999994
dirichlet,,0.3498706817626953,1.3361485004425049,11,0.21718455851078033,0.49999999999999994
dirichlet,,0.29438623785972595,1.2618303298950195,12,0.22282147407531738,0.49999999999999994
dirichlet,,0.4248487949371338,0.8843948245048523,11,0.1874784529209137,0.49999999999999994
dirichlet,,0.39266905188560486,1.3823862075805664,11,0.2343280166387558,0.49999999999999994
dirichlet,,0.30848702788352966,1.0745384693145752,9,0.194850355386734,0.49999999999999994
dirichlet,,0.36420372128486633,1.2183071374893188,11,0.21781624853610992,0.49999999999999994
dirichlet,,0.24691849946975708,1.4097858667373657,11,0.15612056851387024,0.49999999999999994
dirichlet,,0.29841282963752747,1.3687379360198975,10,0.2603132724761963,0.49999999999999994
dirichlet,,0.3562661409378052,1.3874620199203491,11,0.21403749287128448,0.49999999999999994
dirichlet,,0.38029542565345764,1.1436971426010132,10,0.2113530933856964,0.49999999999999994
dirichlet,,0.34160029888153076,1.0402283668518066,9,0.19719184935092926,0.49999999999999994
dirichlet,,0.3623976409435272,1.7327817678451538,10,0.20938661694526672,0.49999999999999994
dirichlet,,0.363946795463562,1.31906259059906,9,0.30977028608322144,0.49999999999999994
dirichlet,,0.2686605155467987,0.7176820039749146,10,0.23222488164901733,0.49999999999999994
dirichlet,,0.3875008821487427,1.0943858623504639,10,0.2530735433101654,0.49999999999999994
dirichlet,,0.3177005350589752,1.2967596054077148,10,0.22138243913650513,0.49999999999999994
dirichlet,,0.32307156920433044,1.4094690084457397,10,0.1504601091146469,0.49999999999999994
dirichlet,,0.24327349662780762,1.3261661529541016,11,0.2709530293941498,0.49999999999999994
dirichlet,,0.3417249023914337,1.0100629329681396,10,0.14305801689624786,0.49999999999999994
dirichlet,,0.4089934229850769,1.2625081539154053,10,0.21995900571346283,0.49999999999999994
dirichlet,,0.29321545362472534,1.2602590322494507,10,0.27910301089286804,0.49999999999999994
dirichlet,,0.38380929827690125,1.118403673171997,10,0.20839905738830566,0.49999999999999994
dirichlet,,0.3847863972187042,0.94915771484375,11,0.16954979300498962,0.49999999999999994
dirichlet,,0.29789552092552185,0.8473113775253296,10,0.17495925724506378,0.49999999999999994
dirichlet,,0.2904522120952606,1.3111121654510498,12,0.1755019724369049,0.49999999999999994
dirichlet,,0.3254932463169098,1.2818526029586792,10,0.24577564001083374,0.49999999999999994
dirichlet,,0.33087560534477234,1.2765125036239624,11,0.24215900897979736,0.49999999999999994
dirichlet,,0.37223345041275024,1.2355380058288574,11,0.15170004963874817,0.49999999999999994
dirichlet,,0.33740314841270447,0.8856010437011719,10,0.194865882396698,0.49999999999999994
dirichlet,,0.37530502676963806,0.9022922515869141,11,0.2001609057188034,0.49999999999999994
dirichlet,,0.31670650839805603,0.9610339403152466,11,0.2400309145450592,0.49999999999999994
dirichlet,,0.3342059552669525,1.0893242359161377,11,0.14033374190330505,0.49999999999999994
dirichlet,,0.269771009683609,1.0011519193649292,10,0.27392005920410156,0.49999999999999994
dirichlet,,0.3288818895816803,0.9629000425338745,10,0.21277564764022827,0.49999999999999994
dirichlet,,0.3711252808570862,0.8441669344902039,10,0.1796724647283554,0.49999999999999994
dirichlet,,0.32986003160476685,0.9772278070449829,11,0.20572854578495026,0.49999999999999994
dirichlet,,0.41299185156822205,1.0839027166366577,11,0.24079854786396027,0.49999999999999994
dirichlet,,0.4413597583770752,0.9978033900260925,9,0.26499998569488525,0.49999999999999994
dirichlet,,0.2966684103012085,0.9729235768318176,11,0.24980317056179047,0.49999999999999994
dirichlet,,0.3250904381275177,0.9911460876464844,12,0.22887371480464935,0.49999999999999994
dirichlet,,0.3251715898513794,1.2036395072937012,10,0.18071961402893066,0.49999999999999994
dirichlet,,0.31876781582832336,0.8939914703369141,12,0.1922604739665985,0.49999999999999994
dirichlet,,0.33808064460754395,0.8453997373580933,11,0.18512848019599915,0.49999999999999994
dirichlet,,0.253587007522583,0.8475040197372437,11,0.176917165517807,0.49999999999999994
dirichlet,,0.3724677860736847,1.1525299549102783,11,0.26151224970817566,0.49999999999999994
dirichlet,,0.3969779908657074,1.0733424425125122,10,0.2590116560459137,0.49999999999999994
dirichlet,,0.3951084315776825,0.8714237213134766,11,0.1874966025352478,0.49999999999999994
dirichlet,,0.22215501964092255,1.297757625579834,9,0.1945340633392334,0.49999999999999994
dirichlet,,0.2984013557434082,1.3148767948150635,11,0.20672358572483063,0.49999999999999994
dirichlet,,0.2990190088748932,0.7647833824157715,11,0.25765007734298706,0.49999999999999994
dirichlet,,0.3363916277885437,1.2942259311676025,10,0.3053862750530243,0.49999999999999994
dirichlet,,0.4800974428653717,1.2191399335861206,11,0.18775351345539093,0.49999999999999994
dirichlet,,0.3229479193687439,1.2561732530593872,10,0.24888725578784943,0.49999999999999994
dirichlet,,0.25631609559059143,1.2484923601150513,10,0.271314412355423,0.49999999999999994
dirichlet,,0.36189350485801697,1.0150185823440552,11,0.1366674154996872,0.49999999999999994
dirichlet,,0.4475846290588379,1.3156664371490479,10,0.2707497477531433,0.49999999999999994
dirichlet,,0.3357130289077759,1.0807114839553833,10,0.14579832553863525,0.49999999999999994
dirichlet,,0.2973819673061371,1.2875401973724365,12,0.22544676065444946,0.49999999999999994
dirichlet,,0.38094064593315125,0.7105783224105835,10,0.1567850112915039,0.49999999999999994
dirichlet,,0.2800970673561096,1.2442454099655151,11,0.2741341292858124,0.49999999999999994
dirichlet,,0.2807638347148895,0.9246710538864136,11,0.15453147888183594,0.49999999999999994
dirichlet,,0.3363070487976074,1.2669340372085571,10,0.19943547248840332,0.49999999999999994
dirichlet,,0.25589144229888916,0.6517029404640198,11,0.1542423963546753,0.49999999999999994
dirichlet,,0.3310423791408539,1.1590497493743896,11,0.25299686193466187,0.49999999999999994
dirichlet,,0.42052704095840454,1.3210810422897339,11,0.17591217160224915,0.49999999999999994
dirichlet,,0.17050155997276306,1.0792462825775146,9,0.1519027054309845,0.49999999999999994
dirichlet,,0.35228532552719116,1.1946691274642944,11,0.18006736040115356,0.49999999999999994
dirichlet,,0.1823248714208603,1.156963586807251,11,0.24826839566230774,0.49999999999999994
dirichlet,,0.4059793949127197,1.1094434261322021,9,0.172272726893425,0.49999999999999994
dirichlet,,0.3777030408382416,1.1443220376968384,11,0.2730725407600403,0.49999999999999994
dirichlet,,0.26226651668548584,1.0725376605987549,10,0.21590524911880493,0.49999999999999994
dirichlet,,0.38903290033340454,0.7188657522201538,10,0.16685913503170013,0.49999999999999994
dirichlet,,0.262909471988678,1.1712602376937866,10,0.18563388288021088,0.49999999999999994
dirichlet,,0.2883506715297699,0.8434257507324219,10,0.23805731534957886,0.49999999999999994
dirichlet,,0.29763734340667725,0.9100338220596313,10,0.2055138349533081,0.49999999999999994
dirichlet,,0.29783937335014343,0.7594128251075745,9,0.1683865785598755,0.49999999999999994
dirichlet,,0.3690582513809204,1.196473240852356,11,0.26255542039871216,0.49999999999999994
dirichlet,,0.25036779046058655,1.2567057609558105,10,0.1878751814365387,0.49999999999999994
dirichlet,,0.4217747151851654,1.247715711593628,11,0.1445128619670868,0.49999999999999994
dirichlet,,0.37501031160354614,1.0994982719421387,9,0.17618024349212646,0.49999999999999994
dirichlet,,0.27920711040496826,1.2806766033172607,11,0.23331889510154724,0.49999999999999994
dirichlet,,0.2626591920852661,0.9490476846694946,10,0.11359342932701111,0.49999999999999994
dirichlet,,0.38229745626449585,1.176385760307312,11,0.21080651879310608,0.49999999999999994
dirichlet,,0.3989270031452179,1.1330387592315674,12,0.19171299040317535,0.49999999999999994
dirichlet,,0.34600070118904114,1.2991456985473633,11,0.363711953163147,0.49999999999999994
dirichlet,,0.33280622959136963,1.0890330076217651,10,0.1917528212070465,0.49999999999999994
dirichlet,,0.32174497842788696,1.0229400396347046,10,0.2219138890504837,0.49999999999999994
dirichlet,,0.36414921283721924,0.8629005551338196,10,0.18220201134681702,0.49999999999999994
dirichlet,,0.3799218237400055,1.0403587818145752,11,0.19980567693710327,0.49999999999999994
dirichlet,,0.35464781522750854,1.236101508140564,11,0.2094908356666565,0.49999999999999994
dirichlet,,0.427072674036026,1.1007381677627563,10,0.22588345408439636,0.49999999999999994
dirichlet,,0.31301021575927734,1.438647985458374,11,0.2875673770904541,0.49999999999999994
dirichlet,,0.4473959803581238,1.0140208005905151,10,0.22928094863891602,0.49999999999999994
dirichlet,,0.2836170494556427,1.1361429691314697,10,0.1605949103832245,0.49999999999999994
dirichlet,,0.37277090549468994,0.8987500071525574,12,0.18249531090259552,0.49999999999999994
dirichlet,,0.2926550507545471,0.9571443796157837,10,0.2042006254196167,0.49999999999999994
dirichlet,,0.3670717179775238,0.9529339671134949,11,0.20760449767112732,0.49999999999999994
dirichlet,,0.30179673433303833,1.1206094026565552,11,0.2218279242515564,0.49999999999999994
dirichlet,,0.34975874423980713,1.06764817237854,11,0.2660013437271118,0.49999999999999994
dirichlet,,0.3639069199562073,1.6871802806854248,11,0.1975034475326538,0.49999999999999994
dirichlet,,0.31278935074806213,0.6937366724014282,8,0.25120359659194946,0.49999999999999994
dirichlet,,0.36741212010383606,1.1416692733764648,10,0.1432056576013565,0.49999999999999994
dirichlet,,0.3237428665161133,1.0500423908233643,10,0.22285842895507812,0.49999999999999994
dirichlet,,0.44960102438926697,1.1655066013336182,11,0.24557599425315857,0.49999999999999994
dirichlet,,0.34969621896743774,0.906533420085907,10,0.1315334290266037,0.49999999999999994
dirichlet,,0.38261958956718445,0.9773529767990112,9,0.23633240163326263,0.49999999999999994
dirichlet,,0.3220299780368805,1.6620773077011108,11,0.248367577791214,0.49999999999999994
dirichlet,,0.3239615559577942,0.7024070024490356,11,0.23690488934516907,0.49999999999999994
dirichlet,,0.3170534372329712,1.0235399007797241,9,0.20532211661338806,0.49999999999999994
dirichlet,,0.3746614158153534,1.6106529235839844,10,0.21133118867874146,0.49999999999999994
dirichlet,,0.374887079000473,0.950534462928772,11,0.1698525846004486,0.49999999999999994
dirichlet,,0.3061460554599762,1.3589746952056885,10,0.24404624104499817,0.49999999999999994
dirichlet,,0.3633415102958679,0.9049261808395386,10,0.19764070212841034,0.49999999999999994
dirichlet,,0.28965315222740173,1.3393443822860718,11,0.22194814682006836,0.49999999999999994
dirichlet,,0.34489545226097107,1.0376560688018799,11,0.1840941458940506,0.49999999999999994
dirichlet,,0.2791866064071655,1.4359347820281982,12,0.21645338833332062,0.49999999999999994
dirichlet,,0.3323165774345398,0.6380437612533569,10,0.2155364751815796,0.49999999999999994
dirichlet,,0.2834635078907013,1.1080070734024048,11,0.16504141688346863,0.49999999999999994
dirichlet,,0.2409115880727768,1.1555697917938232,10,0.26014280319213867,0.49999999999999994
dirichlet,,0.21983948349952698,1.0958778858184814,8,0.19582167267799377,0.49999999999999994
dirichlet,,0.28108954429626465,0.9431791305541992,10,0.242721289396286,0.49999999999999994
dirichlet,,0.34727054834365845,1.3099281787872314,11,0.22497406601905823,0.49999999999999994
dirichlet,,0.42523178458213806,1.031766653060913,10,0.18060487508773804,0.49999999999999994
dirichlet,,0.21789781749248505,0.9046428799629211,11,0.19401609897613525,0.49999999999999994
dirichlet,,0.25650545954704285,1.1301101446151733,10,0.24401137232780457,0.49999999999999994
dirichlet,,0.3898920714855194,1.0381672382354736,11,0.20013543963432312,0.49999999999999994
dirichlet,,0.28654786944389343,0.9469320178031921,10,0.18585848808288574,0.49999999999999994
dirichlet,,0.2579752504825592,1.2146648168563843,10,0.16955158114433289,0.49999999999999994
dirichlet,,0.33419474959373474,0.8538331985473633,11,0.17386165261268616,0.49999999999999994
dirichlet,,0.2989327013492584,1.3315223455429077,11,0.32566699385643005,0.49999999999999994
dirichlet,,0.26125431060791016,1.5118569135665894,10,0.13206955790519714,0.49999999999999994
dirichlet,,0.4250357449054718,1.4917843341827393,11,0.2733483910560608,0.49999999999999994
dirichlet,,0.4417305886745453,1.027360200881958,10,0.19900697469711304,0.49999999999999994
dirichlet,,0.24287070333957672,1.1063601970672607,11,0.13685818016529083,0.49999999999999994
dirichlet,,0.3228829801082611,1.2316930294036865,10,0.2847304344177246,0.49999999999999994
dirichlet,,0.30476537346839905,0.9831402897834778,10,0.1782718002796173,0.49999999999999994
dirichlet,,0.4574611186981201,1.0605096817016602,9,0.2615216076374054,0.49999999999999994
dirichlet,,0.32398730516433716,0.9231136441230774,11,0.17587345838546753,0.49999999999999994
dirichlet,,0.320602148771286,1.0757553577423096,11,0.18325646221637726,0.49999999999999994
dirichlet,,0.3404509127140045,0.9175726771354675,11,0.19704902172088623,0.49999999999999994
dirichlet,,0.3058547377586365,1.3318631649017334,10,0.24370384216308594,0.49999999999999994
dirichlet,,0.30021050572395325,1.028721570968628,11,0.22535261511802673,0.49999999999999994
dirichlet,,0.35709598660469055,1.2488934993743896,11,0.2458273321390152,0.49999999999999994
dirichlet,,0.2721918225288391,1.0294103622436523,10,0.2013954222202301,0.49999999999999994
dirichlet,,0.31601136922836304,1.0087192058563232,10,0.34394508600234985,0.49999999999999994
dirichlet,,0.333186537027359,1.106673002243042,10,0.27838003635406494,0.49999999999999994
dirichlet,,0.27888908982276917,1.0015829801559448,9,0.16292917728424072,0.49999999999999994
dirichlet,,0.2752450704574585,0.6833940744400024,11,0.16508764028549194,0.49999999999999994
dirichlet,,0.3253135681152344,1.1436054706573486,11,0.175627201795578,0.49999999999999994
dirichlet,,0.3065820038318634,1.21115243434906,11,0.21164396405220032,0.49999999999999994
dirichlet,,0.31782376766204834,1.3877451419830322,11,0.21348237991333008,0.49999999999999994
dirichlet,,0.30224257707595825,0.6916862726211548,10,0.12824609875679016,0.49999999999999994
dirichlet,,0.304703950881958,1.3056340217590332,9,0.2753155827522278,0.49999999999999994
dirichlet,,0.32536524534225464,1.5396302938461304,10,0.2805037200450897,0.49999999999999994
dirichlet,,0.3030880391597748,0.8688511848449707,9,0.2212352454662323,0.49999999999999994
dirichlet,,0.3145393431186676,1.6577733755111694,10,0.3888325095176697,0.49999999999999994
dirichlet,,0.3247043490409851,1.1293745040893555,9,0.2662149965763092,0.49999999999999994
dirichlet,,0.312277227640152,0.7634229063987732,10,0.197720006108284,0.49999999999999994
dirichlet,,0.24063926935195923,1.2572925090789795,10,0.21741865575313568,0.49999999999999994
dirichlet,,0.30284351110458374,1.3141275644302368,10,0.17287099361419678,0.49999999999999994
dirichlet,,0.4194585978984833,1.4443272352218628,10,0.26743316650390625,0.49999999999999994
dirichlet,,0.3157590627670288,1.0966914892196655,11,0.2396220862865448,0.49999999999999994
dirichlet,,0.29749640822410583,0.8827589154243469,11,0.12990084290504456,0.49999999999999994
dirichlet,,0.2973737120628357,1.1415461301803589,10,0.2342233955860138,0.49999999999999994
dirichlet,,0.3733423352241516,0.9048126935958862,10,0.1463579535484314,0.49999999999999994
dirichlet,,0.2592981457710266,0.9477267265319824,10,0.24295058846473694,0.49999999999999994
dirichlet,,0.2877722978591919,0.9858476519584656,10,0.20049580931663513,0.49999999999999994
dirichlet,,0.29545608162879944,1.052367091178894,11,0.25144684314727783,0.49999999999999994
dirichlet,,0.3501090705394745,1.1685631275177002,10,0.2437807321548462,0.49999999999999994
dirichlet,,0.3537081480026245,0.8860494494438171,10,0.1896176040172577,0.49999999999999994
dirichlet,,0.213397815823555,1.2737596035003662,9,0.26733461022377014,0.49999999999999994
dirichlet,,0.3548271656036377,1.5563024282455444,10,0.23682397603988647,0.49999999999999994
dirichlet,,0.38122624158859253,0.8139082789421082,10,0.19213953614234924,0.49999999999999994
dirichlet,,0.26398101449012756,1.1776081323623657,11,0.1919005811214447,0.49999999999999994
dirichlet,,0.3957216441631317,1.6577659845352173,11,0.21471834182739258,0.49999999999999994
dirichlet,,0.30375030636787415,1.1706717014312744,10,0.18305933475494385,0.49999999999999994
dirichlet,,0.3487570285797119,1.0949718952178955,11,0.1538870930671692,0.49999999999999994
dirichlet,,0.23038843274116516,1.253013014793396,10,0.24248477816581726,0.49999999999999994
dirichlet,,0.29642146825790405,1.0863957405090332,11,0.28762221336364746,0.49999999999999994
dirichlet,,0.26432937383651733,1.2273170948028564,10,0.21437770128250122,0.49999999999999994
dirichlet,,0.1553976833820343,0.8573735952377319,10,0.2687148451805115,0.49999999999999994
dirichlet,,0.3967922627925873,1.3024309873580933,10,0.24211812019348145,0.49999999999999994
dirichlet,,0.2716551423072815,1.0287200212478638,11,0.23092755675315857,0.49999999999999994
dirichlet,,0.273842990398407,1.156120777130127,11,0.13622194528579712,0.49999999999999994
dirichlet,,0.3734791874885559,1.2433538436889648,12,0.1822376549243927,0.49999999999999994
dirichlet,,0.2825673520565033,1.1498970985412598,10,0.22884398698806763,0.49999999999999994
dirichlet,,0.3381793797016144,1.0087368488311768,10,0.2024846374988556,0.49999999999999994
dirichlet,,0.30066508054733276,1.4848597049713135,11,0.23373815417289734,0.49999999999999994
dirichlet,,0.4330306351184845,1.488467812538147,11,0.2766017019748688,0.49999999999999994
dirichlet,,0.2714732587337494,1.027381181716919,10,0.16819703578948975,0.49999999999999994
dirichlet,,0.31165775656700134,1.0484336614608765,10,0.10577411204576492,0.49999999999999994
dirichlet,,0.3567366302013397,1.1513677835464478,10,0.26391470432281494,0.49999999999999994
dirichlet,,0.32528164982795715,0.7974587678909302,10,0.22371986508369446,0.49999999999999994
dirichlet,,0.24291175603866577,1.0445125102996826,10,0.20803815126419067,0.49999999999999994
dirichlet,,0.3941337466239929,1.3108241558074951,9,0.3260556757450104,0.49999999999999994
dirichlet,,0.5451192855834961,1.3499118089675903,11,0.20737633109092712,0.49999999999999994
dirichlet,,0.2883916199207306,1.5842069387435913,11,0.17961978912353516,0.49999999999999994
dirichlet,,0.2469537854194641,1.2785074710845947,10,0.22967593371868134,0.49999999999999994
dirichlet,,0.3082006871700287,1.2708702087402344,10,0.2468445897102356,0.49999999999999994
dirichlet,,0.398379921913147,1.2196120023727417,9,0.2913653254508972,0.49999999999999994
dirichlet,,0.27937015891075134,1.2390903234481812,11,0.1928921937942505,0.49999999999999994
dirichlet,,0.3224529027938843,1.087332010269165,11,0.2722541093826294,0.49999999999999994
dirichlet,,0.30529430508613586,1.077101469039917,10,0.201576367020607,0.49999999999999994
dirichlet,,0.3433999717235565,1.2905093431472778,10,0.25772932171821594,0.49999999999999994
dirichlet,,0.36677271127700806,0.9442706108093262,11,0.2276129275560379,0.49999999999999994
dirichlet,,0.40657806396484375,1.0695046186447144,11,0.1337566375732422,0.49999999999999994
dirichlet,,0.33956557512283325,1.3818812370300293,10,0.258989155292511,0.49999999999999994
dirichlet,,0.3357263207435608,1.2933465242385864,9,0.28799206018447876,0.49999999999999994
dirichlet,,0.420535147190094,1.2628514766693115,11,0.2268238663673401,0.49999999999999994
dirichlet,,0.3526573181152344,1.021479845046997,10,0.22829438745975494,0.49999999999999994
dirichlet,,0.4029131531715393,1.1364567279815674,11,0.2098800539970398,0.49999999999999994
dirichlet,,0.29123827815055847,1.1152466535568237,10,0.19058705866336823,0.49999999999999994
dirichlet,,0.22388003766536713,0.8935734629631042,10,0.20907427370548248,0.49999999999999994
dirichlet,,0.42369475960731506,1.1860240697860718,10,0.2216552495956421,0.6667607160816619
dirichlet,,0.38335296511650085,1.3030853271484375,10,0.23382368683815002,0.6667607160816619
dirichlet,,0.41113802790641785,1.242227554321289,11,0.2297777533531189,0.6667607160816619
dirichlet,,0.38875699043273926,1.0666897296905518,10,0.2092956304550171,0.6667607160816619
dirichlet,,0.24258694052696228,0.8555375337600708,10,0.32145410776138306,0.6667607160816619
dirichlet,,0.27353230118751526,1.2160186767578125,11,0.202562615275383,0.6667607160816619
dirichlet,,0.374297559261322,1.101952314376831,10,0.2119457721710205,0.6667607160816619
dirichlet,,0.3496226966381073,1.3371000289916992,11,0.15001504123210907,0.6667607160816619
dirichlet,,0.3380565047264099,0.9736825823783875,9,0.18351881206035614,0.6667607160816619
dirichlet,,0.3229259252548218,0.8833522796630859,10,0.24206557869911194,0.6667607160816619
dirichlet,,0.3576991856098175,1.0225995779037476,10,0.24503904581069946,0.6667607160816619
dirichlet,,0.3865114152431488,1.162492275238037,11,0.20615306496620178,0.6667607160816619
dirichlet,,0.26178786158561707,1.0947115421295166,11,0.19323784112930298,0.6667607160816619
dirichlet,,0.32409295439720154,1.2002252340316772,10,0.24655315279960632,0.6667607160816619
dirichlet,,0.3657487630844116,1.199020266532898,10,0.3270173668861389,0.6667607160816619
dirichlet,,0.31946536898612976,1.4396120309829712,12,0.3157859146595001,0.6667607160816619
dirichlet,,0.41179224848747253,1.0515987873077393,11,0.29353630542755127,0.6667607160816619
dirichlet,,0.4169867932796478,0.5611788034439087,11,0.19840580224990845,0.6667607160816619
dirichlet,,0.36111271381378174,0.9494843482971191,10,0.26043182611465454,0.6667607160816619
dirichlet,,0.3318011164665222,0.9842413663864136,9,0.20875710248947144,0.6667607160816619
dirichlet,,0.28587329387664795,0.9718546867370605,9,0.1568722128868103,0.6667607160816619
dirichlet,,0.297738641500473,1.0455901622772217,10,0.17412742972373962,0.6667607160816619
dirichlet,,0.3027936518192291,1.1652679443359375,11,0.27508801221847534,0.6667607160816619
dirichlet,,0.23368802666664124,1.0711638927459717,11,0.24852372705936432,0.6667607160816619
dirichlet,,0.3020623028278351,0.8659569025039673,10,0.2749750018119812,0.6667607160816619
dirichlet,,0.2609117329120636,1.1122678518295288,11,0.27774274349212646,0.6667607160816619
dirichlet,,0.2301359474658966,1.1615523099899292,10,0.17051173746585846,0.6667607160816619
dirichlet,,0.3306390941143036,1.0886828899383545,11,0.2929287254810333,0.6667607160816619
dirichlet,,0.3047427237033844,1.2004165649414062,11,0.1534585952758789,0.6667607160816619
dirichlet,,0.29332712292671204,1.3558380603790283,11,0.2162020057439804,0.6667607160816619
dirichlet,,0.24615347385406494,0.8825834393501282,10,0.11800549924373627,0.6667607160816619
dirichlet,,0.38177546858787537,0.7176433801651001,11,0.27294301986694336,0.6667607160816619
dirichlet,,0.25347697734832764,1.2223308086395264,9,0.21757975220680237,0.6667607160816619
dirichlet,,0.29485782980918884,0.995177149772644,11,0.25201475620269775,0.6667607160816619
dirichlet,,0.33400478959083557,1.067211627960205,11,0.2177501618862152,0.6667607160816619
dirichlet,,0.3439990282058716,1.1884933710098267,11,0.284959077835083,0.6667607160816619
dirichlet,,0.33618366718292236,0.9348703622817993,11,0.2680911719799042,0.6667607160816619
dirichlet,,0.305273175239563,1.0491394996643066,11,0.14728319644927979,0.6667607160816619
dirichlet,,0.19150416553020477,0.7845126390457153,10,0.2018265426158905,0.6667607160816619
dirichlet,,0.3183702230453491,1.1708382368087769,10,0.262005478143692,0.6667607160816619
dirichlet,,0.2175540328025818,1.2866649627685547,11,0.23867706954479218,0.6667607160816619
dirichlet,,0.2864578366279602,1.172431468963623,7,0.15570348501205444,0.6667607160816619
dirichlet,,0.39623522758483887,1.1763036251068115,11,0.2925676703453064,0.6667607160816619
dirichlet,,0.3875637948513031,1.2788915634155273,11,0.2644687592983246,0.6667607160816619
dirichlet,,0.36964935064315796,0.8337575793266296,9,0.15828755497932434,0.6667607160816619
dirichlet,,0.31127500534057617,1.081329107284546,11,0.12723198533058167,0.6667607160816619
dirichlet,,0.2660827040672302,0.9163978695869446,11,0.2374078929424286,0.6667607160816619
dirichlet,,0.33338409662246704,1.1766746044158936,11,0.23432061076164246,0.6667607160816619
dirichlet,,0.27739354968070984,1.3398908376693726,11,0.30299848318099976,0.6667607160816619
dirichlet,,0.370535284280777,1.3554186820983887,10,0.2215709388256073,0.6667607160816619
dirichlet,,0.38951656222343445,1.4334242343902588,11,0.2583886981010437,0.6667607160816619
dirichlet,,0.3171847462654114,0.9324056506156921,10,0.23259776830673218,0.6667607160816619
dirichlet,,0.24721969664096832,1.2005650997161865,11,0.3171911835670471,0.6667607160816619
dirichlet,,0.2500416338443756,1.3990459442138672,10,0.24523773789405823,0.6667607160816619
dirichlet,,0.4281444549560547,1.0348849296569824,10,0.21166160702705383,0.6667607160816619
dirichlet,,0.28059646487236023,1.07509446144104,11,0.1282537281513214,0.6667607160816619
dirichlet,,0.3217328190803528,1.2631157636642456,11,0.25781410932540894,0.6667607160816619
dirichlet,,0.2239396572113037,1.0013256072998047,11,0.25269779562950134,0.6667607160816619
dirichlet,,0.19864201545715332,0.9708353281021118,11,0.1622549146413803,0.6667607160816619
dirichlet,,0.30495479702949524,1.1163462400436401,11,0.17563065886497498,0.6667607160816619
dirichlet,,0.25280359387397766,1.260926365852356,11,0.1971089392900467,0.6667607160816619
dirichlet,,0.3100391626358032,1.1116713285446167,10,0.2502695918083191,0.6667607160816619
dirichlet,,0.2946871519088745,1.382041573524475,11,0.2973141372203827,0.6667607160816619
dirichlet,,0.27909836173057556,0.9490157961845398,10,0.19976289570331573,0.6667607160816619
dirichlet,,0.31710219383239746,1.2248064279556274,9,0.18435868620872498,0.6667607160816619
dirichlet,,0.34048378467559814,0.9392585754394531,10,0.2045908272266388,0.6667607160816619
dirichlet,,0.3765982389450073,1.107985258102417,10,0.17437461018562317,0.6667607160816619
dirichlet,,0.2733536660671234,1.2401416301727295,11,0.21371214091777802,0.6667607160816619
dirichlet,,0.2525234818458557,1.1382911205291748,11,0.2030138373374939,0.6667607160816619
dirichlet,,0.408758282661438,1.4252694845199585,9,0.23924878239631653,0.6667607160816619
dirichlet,,0.28518539667129517,1.1058003902435303,9,0.28925198316574097,0.6667607160816619
dirichlet,,0.3542518615722656,1.0361249446868896,11,0.24370089173316956,0.6667607160816619
dirichlet,,0.2736203968524933,1.4113514423370361,10,0.20012018084526062,0.6667607160816619
dirichlet,,0.275258868932724,1.1455625295639038,10,0.16596931219100952,0.6667607160816619
dirichlet,,0.3951607644557953,0.9956582188606262,12,0.19636310636997223,0.6667607160816619
dirichlet,,0.2522779107093811,0.8035752177238464,11,0.24630722403526306,0.6667607160816619
dirichlet,,0.3527282178401947,1.1259472370147705,10,0.30955877900123596,0.6667607160816619
dirichlet,,0.266890287399292,1.1908810138702393,11,0.23753038048744202,0.6667607160816619
dirichlet,,0.3567642867565155,1.0057122707366943,11,0.22924911975860596,0.6667607160816619
dirichlet,,0.3124983608722687,1.071396827697754,12,0.2370959222316742,0.6667607160816619
dirichlet,,0.43939638137817383,1.0625501871109009,10,0.16832055151462555,0.6667607160816619
dirichlet,,0.2724432945251465,1.1346005201339722,11,0.18558430671691895,0.6667607160816619
dirichlet,,0.3522335886955261,0.9394973516464233,10,0.22252263128757477,0.6667607160816619
dirichlet,,0.26928210258483887,1.1275579929351807,11,0.26843446493148804,0.6667607160816619
dirichlet,,0.34240853786468506,1.2741695642471313,9,0.23192203044891357,0.6667607160816619
dirichlet,,0.4435488283634186,1.2143545150756836,10,0.3155584931373596,0.6667607160816619
dirichlet,,0.31657853722572327,0.9227890968322754,9,0.20481497049331665,0.6667607160816619
dirichlet,,0.3408745527267456,0.7791184186935425,10,0.24095112085342407,0.6667607160816619
dirichlet,,0.19893208146095276,0.9387848973274231,11,0.24344375729560852,0.6667607160816619
dirichlet,,0.37311261892318726,1.1331425905227661,11,0.15613648295402527,0.6667607160816619
dirichlet,,0.26559534668922424,1.0638409852981567,10,0.2218380868434906,0.6667607160816619
dirichlet,,0.3740277886390686,1.2291558980941772,10,0.2093309462070465,0.6667607160816619
dirichlet,,0.22696949541568756,1.2207884788513184,10,0.19971433281898499,0.6667607160816619
dirichlet,,0.3749537467956543,1.1196043491363525,11,0.15575891733169556,0.6667607160816619
dirichlet,,0.3594316840171814,1.201977014541626,10,0.20509707927703857,0.6667607160816619
dirichlet,,0.30630555748939514,1.0279405117034912,10,0.21991193294525146,0.6667607160816619
dirichlet,,0.3479807674884796,0.5638111233711243,10,0.1960393786430359,0.6667607160816619
dirichlet,,0.28762999176979065,1.0506923198699951,11,0.27258744835853577,0.6667607160816619
dirichlet,,0.27042824029922485,0.8447089195251465,12,0.1704769879579544,0.6667607160816619
dirichlet,,0.3114813566207886,1.056825041770935,11,0.18241532146930695,0.6667607160816619
dirichlet,,0.2952214181423187,1.0600831508636475,11,0.24228708446025848,0.6667607160816619
dirichlet,,0.2633846402168274,0.9594076871871948,10,0.1681840419769287,0.6667607160816619
dirichlet,,0.21097896993160248,1.1391589641571045,9,0.28419533371925354,0.6667607160816619
dirichlet,,0.2676715552806854,0.890632152557373,11,0.20347747206687927,0.6667607160816619
dirichlet,,0.36057162284851074,1.0387123823165894,11,0.20862522721290588,0.6667607160816619
dirichlet,,0.2624916732311249,1.2574447393417358,10,0.2398804873228073,0.6667607160816619
dirichlet,,0.3290196657180786,1.0558611154556274,9,0.19720244407653809,0.6667607160816619
dirichlet,,0.31477412581443787,1.3258812427520752,11,0.19626125693321228,0.6667607160816619
dirichlet,,0.32207879424095154,1.1835979223251343,11,0.35884109139442444,0.6667607160816619
dirichlet,,0.3263782858848572,1.068978190422058,10,0.23901306092739105,0.6667607160816619
dirichlet,,0.27748921513557434,1.2528437376022339,12,0.23823140561580658,0.6667607160816619
dirichlet,,0.360479474067688,1.1411408185958862,8,0.14561302959918976,0.6667607160816619
dirichlet,,0.3311880826950073,1.0184203386306763,10,0.2711744010448456,0.6667607160816619
dirichlet,,0.26840531826019287,0.9183675050735474,9,0.20091360807418823,0.6667607160816619
dirichlet,,0.25066184997558594,1.375199556350708,11,0.23552706837654114,0.6667607160816619
dirichlet,,0.35221579670906067,1.3769817352294922,12,0.2774363160133362,0.6667607160816619
dirichlet,,0.31901195645332336,1.0720555782318115,9,0.19836613535881042,0.6667607160816619
dirichlet,,0.3046107590198517,0.9509193301200867,10,0.22346675395965576,0.6667607160816619
dirichlet,,0.33849218487739563,0.9003741145133972,11,0.20537406206130981,0.6667607160816619
dirichlet,,0.3769420087337494,1.060712456703186,11,0.21088773012161255,0.6667607160816619
dirichlet,,0.34446635842323303,1.1260888576507568,11,0.2535518407821655,0.6667607160816619
dirichlet,,0.330837607383728,1.0164295434951782,10,0.2142287939786911,0.6667607160816619
dirichlet,,0.3644426763057709,0.8884592056274414,11,0.23265182971954346,0.6667607160816619
dirichlet,,0.27518928050994873,1.236541986465454,11,0.1554163545370102,0.6667607160816619
dirichlet,,0.3202354311943054,0.9385032653808594,10,0.19952961802482605,0.6667607160816619
dirichlet,,0.4673057496547699,1.3770458698272705,9,0.2266416698694229,0.6667607160816619
dirichlet,,0.3209460377693176,1.2022215127944946,11,0.17877933382987976,0.6667607160816619
dirichlet,,0.3245142698287964,1.5280468463897705,11,0.17945349216461182,0.6667607160816619
dirichlet,,0.3476526141166687,0.9687108993530273,10,0.18529632687568665,0.6667607160816619
dirichlet,,0.32452884316444397,0.881362795829773,11,0.2927411198616028,0.6667607160816619
dirichlet,,0.24278931319713593,0.8595004081726074,11,0.20145872235298157,0.6667607160816619
dirichlet,,0.31015339493751526,0.6329925060272217,11,0.1762651652097702,0.6667607160816619
dirichlet,,0.29248708486557007,0.9800124168395996,11,0.16302010416984558,0.6667607160816619
dirichlet,,0.1642579883337021,1.1647039651870728,10,0.19614076614379883,0.6667607160816619
dirichlet,,0.31886839866638184,0.9712955355644226,10,0.24942293763160706,0.6667607160816619
dirichlet,,0.3331409692764282,1.133641004562378,10,0.19599711894989014,0.6667607160816619
dirichlet,,0.23336131870746613,0.9053412675857544,11,0.25521406531333923,0.6667607160816619
dirichlet,,0.35872912406921387,1.3074133396148682,11,0.2579423785209656,0.6667607160816619
dirichlet,,0.362496018409729,0.9901753664016724,11,0.25559428334236145,0.6667607160816619
dirichlet,,0.33217835426330566,1.0117037296295166,10,0.22499516606330872,0.6667607160816619
dirichlet,,0.2898167073726654,0.7766982316970825,11,0.2076776772737503,0.6667607160816619
dirichlet,,0.4044474959373474,1.1947003602981567,11,0.26458996534347534,0.6667607160816619
dirichlet,,0.3278619349002838,0.9705498814582825,9,0.14913678169250488,0.6667607160816619
dirichlet,,0.353621244430542,1.2858901023864746,10,0.23024937510490417,0.6667607160816619
dirichlet,,0.2794434428215027,1.09212064743042,11,0.2944014072418213,0.6667607160816619
dirichlet,,0.2228473722934723,0.8592751622200012,9,0.16592100262641907,0.6667607160816619
dirichlet,,0.3390008807182312,1.1880801916122437,11,0.2349580079317093,0.6667607160816619
dirichlet,,0.26332882046699524,1.1270267963409424,10,0.2063906341791153,0.6667607160816619
dirichlet,,0.35768231749534607,0.8318924903869629,11,0.18468749523162842,0.6667607160816619
dirichlet,,0.2622213363647461,1.2393653392791748,11,0.19616109132766724,0.6667607160816619
dirichlet,,0.21581663191318512,0.9473462104797363,11,0.2150825560092926,0.6667607160816619
dirichlet,,0.32490161061286926,1.0936267375946045,10,0.23673862218856812,0.6667607160816619
dirichlet,,0.3148569166660309,1.2093271017074585,10,0.24127748608589172,0.6667607160816619
dirichlet,,0.37015724182128906,1.1862117052078247,11,0.30656754970550537,0.6667607160816619
dirichlet,,0.23171967267990112,0.7761558890342712,11,0.17075574398040771,0.6667607160816619
dirichlet,,0.4233894944190979,1.1940208673477173,10,0.24045884609222412,0.6667607160816619
dirichlet,,0.3638405203819275,1.1036077737808228,10,0.25219255685806274,0.6667607160816619
dirichlet,,0.4157874584197998,1.0704450607299805,12,0.25306299328804016,0.6667607160816619
dirichlet,,0.35764724016189575,1.0846515893936157,10,0.2079348862171173,0.6667607160816619
dirichlet,,0.33090394735336304,1.1321266889572144,10,0.26671165227890015,0.6667607160816619
dirichlet,,0.3388473093509674,1.2934319972991943,10,0.13603542745113373,0.6667607160816619
dirichlet,,0.3336152136325836,0.8016529083251953,10,0.20616744458675385,0.6667607160816619
dirichlet,,0.3564743101596832,1.1310107707977295,10,0.199697345495224,0.6667607160816619
dirichlet,,0.3051707148551941,0.825653076171875,9,0.16225886344909668,0.6667607160816619
dirichlet,,0.2665101885795593,0.8669648170471191,8,0.24879413843154907,0.6667607160816619
dirichlet,,0.3695334792137146,0.841727614402771,10,0.1941661834716797,0.6667607160816619
dirichlet,,0.3626489043235779,1.2914574146270752,12,0.15430419147014618,0.6667607160816619
dirichlet,,0.4318222105503082,1.0323412418365479,10,0.2380349040031433,0.6667607160816619
dirichlet,,0.37132230401039124,1.429121971130371,11,0.1817290335893631,0.6667607160816619
dirichlet,,0.26487985253334045,0.9463542699813843,10,0.2730296552181244,0.6667607160816619
dirichlet,,0.25776979327201843,0.9248771667480469,10,0.21460241079330444,0.6667607160816619
dirichlet,,0.20170597732067108,1.0448890924453735,11,0.26284554600715637,0.6667607160816619
dirichlet,,0.27555203437805176,0.9963177442550659,11,0.16847088932991028,0.6667607160816619
dirichlet,,0.2973317801952362,1.2577626705169678,9,0.19584478437900543,0.6667607160816619
dirichlet,,0.3170628845691681,1.0106220245361328,9,0.2722778916358948,0.6667607160816619
dirichlet,,0.36310067772865295,1.0434644222259521,11,0.2873488664627075,0.6667607160816619
dirichlet,,0.26767194271087646,1.3384292125701904,10,0.2401849627494812,0.6667607160816619
dirichlet,,0.31957462430000305,0.9897762537002563,11,0.18189772963523865,0.6667607160816619
dirichlet,,0.37144961953163147,1.13096022605896,9,0.1532587707042694,0.6667607160816619
dirichlet,,0.3328578472137451,0.9731547236442566,10,0.1693423092365265,0.6667607160816619
dirichlet,,0.30735281109809875,1.1175984144210815,10,0.196283757686615,0.6667607160816619
dirichlet,,0.36295709013938904,1.2812868356704712,9,0.27718672156333923,0.6667607160816619
dirichlet,,0.3818676173686981,0.953546404838562,11,0.20026454329490662,0.6667607160816619
dirichlet,,0.288804292678833,1.007328748703003,10,0.2546573281288147,0.6667607160816619
dirichlet,,0.31432196497917175,1.0595074892044067,11,0.24034050107002258,0.6667607160816619
dirichlet,,0.5350309610366821,1.1098411083221436,10,0.11256339401006699,0.6667607160816619
dirichlet,,0.39268964529037476,1.086076021194458,11,0.18311338126659393,0.6667607160816619
dirichlet,,0.2991766631603241,1.3455462455749512,10,0.2364274561405182,0.6667607160816619
dirichlet,,0.2861962616443634,0.8373947143554688,10,0.239641934633255,0.6667607160816619
dirichlet,,0.3439812958240509,1.0157625675201416,11,0.21657517552375793,0.6667607160816619
dirichlet,,0.2282344102859497,0.9861363172531128,11,0.21400563418865204,0.6667607160816619
dirichlet,,0.33862632513046265,1.1232404708862305,11,0.21613773703575134,0.6667607160816619
dirichlet,,0.24747802317142487,1.2106897830963135,11,0.2299344539642334,0.6667607160816619
dirichlet,,0.25738877058029175,1.2636935710906982,11,0.15128272771835327,0.6667607160816619
dirichlet,,0.32579824328422546,1.2054219245910645,11,0.23760119080543518,0.6667607160816619
dirichlet,,0.3461018204689026,0.9706535339355469,10,0.23595333099365234,0.6667607160816619
dirichlet,,0.3971710205078125,1.1368377208709717,12,0.19017541408538818,0.6667607160816619
dirichlet,,0.3650193512439728,1.076052188873291,10,0.2014305293560028,0.6667607160816619
dirichlet,,0.29658010601997375,1.3781726360321045,11,0.19459640979766846,0.6667607160816619
dirichlet,,0.4540942311286926,1.0830376148223877,11,0.1659579873085022,0.6667607160816619
dirichlet,,0.36527472734451294,1.3126766681671143,10,0.2713916301727295,0.6667607160816619
dirichlet,,0.2851039171218872,0.8700626492500305,10,0.25356292724609375,0.6667607160816619
dirichlet,,0.3499956727027893,0.9859374761581421,9,0.21479827165603638,0.6667607160816619
dirichlet,,0.2869025468826294,0.9709504246711731,11,0.19389814138412476,0.6667607160816619
dirichlet,,0.2921594977378845,1.0594216585159302,9,0.21203969419002533,0.6667607160816619
dirichlet,,0.3357728123664856,1.068760871887207,11,0.1691868156194687,0.6667607160816619
dirichlet,,0.34400269389152527,1.2003170251846313,10,0.25151827931404114,0.6667607160816619
dirichlet,,0.2096433788537979,1.0452369451522827,11,0.22967974841594696,0.6667607160816619
dirichlet,,0.28493866324424744,1.2100563049316406,11,0.19909287989139557,0.6667607160816619
dirichlet,,0.3025391101837158,0.9987481832504272,9,0.19030404090881348,0.6667607160816619
dirichlet,,0.30841678380966187,1.2657887935638428,12,0.26963046193122864,0.6667607160816619
dirichlet,,0.28292086720466614,0.95672607421875,11,0.25107741355895996,0.6667607160816619
dirichlet,,0.3642497956752777,1.1588462591171265,10,0.25452274084091187,0.6667607160816619
dirichlet,,0.2733784019947052,0.9453852772712708,11,0.23202264308929443,0.6667607160816619
dirichlet,,0.2934204936027527,1.2824429273605347,9,0.2698567509651184,0.6667607160816619
dirichlet,,0.2994668185710907,1.2155210971832275,10,0.21869435906410217,0.6667607160816619
dirichlet,,0.2585905194282532,0.9301342964172363,11,0.21784204244613647,0.6667607160816619
dirichlet,,0.3337741196155548,1.0681283473968506,10,0.21601051092147827,0.6667607160816619
dirichlet,,0.3370336890220642,1.0881414413452148,11,0.1725834608078003,0.6667607160816619
dirichlet,,0.25828835368156433,0.893642783164978,11,0.19925856590270996,0.6667607160816619
dirichlet,,0.3227825164794922,0.9091861844062805,10,0.1921520233154297,0.6667607160816619
dirichlet,,0.35956987738609314,1.2549256086349487,11,0.2668273448944092,0.6667607160816619
dirichlet,,0.366858571767807,1.3337044715881348,10,0.2796992063522339,0.6667607160816619
dirichlet,,0.36532318592071533,1.181307077407837,12,0.2024346888065338,0.6667607160816619
dirichlet,,0.2715175151824951,0.9410666227340698,10,0.22691768407821655,0.6667607160816619
dirichlet,,0.320186048746109,1.0701243877410889,12,0.20277804136276245,0.6667607160816619
dirichlet,,0.284659206867218,1.029556393623352,10,0.25915074348449707,0.6667607160816619
dirichlet,,0.3198612630367279,0.9484103322029114,11,0.2316770851612091,0.6667607160816619
dirichlet,,0.31847044825553894,1.1412334442138672,10,0.29155489802360535,0.6667607160816619
dirichlet,,0.3940547704696655,0.9400839805603027,11,0.41712552309036255,0.6667607160816619
dirichlet,,0.2519533932209015,1.405267357826233,11,0.28301146626472473,0.6667607160816619
dirichlet,,0.29040443897247314,1.2584898471832275,10,0.17329779267311096,0.6667607160816619
dirichlet,,0.29438233375549316,1.051447868347168,9,0.2500400245189667,0.6667607160816619
dirichlet,,0.38535603880882263,1.4746648073196411,11,0.2845817804336548,0.6667607160816619
dirichlet,,0.3553723394870758,0.9295721054077148,11,0.247420996427536,0.6667607160816619
dirichlet,,0.32477518916130066,1.1970462799072266,11,0.17107149958610535,0.6667607160816619
dirichlet,,0.25835543870925903,1.209162950515747,9,0.2139650136232376,0.6667607160816619
dirichlet,,0.36407068371772766,0.9650355577468872,9,0.3335387408733368,0.6667607160816619
dirichlet,,0.2752456068992615,0.7093812227249146,9,0.25971633195877075,0.6667607160816619
dirichlet,,0.384612113237381,1.2082279920578003,11,0.3094938397407532,0.6667607160816619
dirichlet,,0.24075594544410706,1.1103096008300781,10,0.1945507526397705,0.6667607160816619
dirichlet,,0.29646769165992737,0.9661341905593872,8,0.25255486369132996,0.6667607160816619
dirichlet,,0.3861619830131531,0.78962641954422,12,0.1942782998085022,0.6667607160816619
dirichlet,,0.3343273997306824,0.9848923683166504,11,0.24038982391357422,0.6667607160816619
dirichlet,,0.3091273903846741,1.0297350883483887,11,0.23659099638462067,0.6667607160816619
dirichlet,,0.2761094272136688,0.8642717599868774,11,0.16990059614181519,0.6667607160816619
dirichlet,,0.36711984872817993,0.9672840237617493,10,0.2208230048418045,0.6667607160816619
dirichlet,,0.33193719387054443,1.0638728141784668,10,0.20046240091323853,0.6667607160816619
dirichlet,,0.36372947692871094,1.284454345703125,11,0.16463781893253326,0.6667607160816619
dirichlet,,0.32686054706573486,1.2248551845550537,11,0.20180442929267883,0.6667607160816619
dirichlet,,0.41122913360595703,1.248092532157898,10,0.2877398729324341,0.6667607160816619
dirichlet,,0.2094728797674179,0.9390056729316711,11,0.18951892852783203,0.6667607160816619
dirichlet,,0.32609283924102783,1.070453405380249,11,0.22632601857185364,0.6667607160816619
dirichlet,,0.19641326367855072,1.0905210971832275,10,0.21685779094696045,0.6667607160816619
dirichlet,,0.36987319588661194,0.7202370166778564,9,0.19966280460357666,0.6667607160816619
dirichlet,,0.3341977298259735,1.1510430574417114,9,0.21368193626403809,0.6667607160816619
dirichlet,,0.27474236488342285,0.8921300768852234,10,0.18042141199111938,0.6667607160816619
dirichlet,,0.20375853776931763,1.25419282913208,12,0.2629961371421814,0.6667607160816619
dirichlet,,0.35616809129714966,0.8572052121162415,11,0.19491493701934814,0.6667607160816619
dirichlet,,0.221443772315979,1.5036512613296509,10,0.17584992945194244,0.6667607160816619
dirichlet,,0.22521881759166718,1.4564056396484375,10,0.1691456437110901,0.6667607160816619
dirichlet,,0.483656108379364,1.3854705095291138,12,0.2308844029903412,0.6667607160816619
dirichlet,,0.24973075091838837,0.984512984752655,11,0.2164722979068756,0.6667607160816619
dirichlet,,0.36233100295066833,0.9354321360588074,10,0.23712755739688873,0.6667607160816619
dirichlet,,0.2978772521018982,0.947068989276886,10,0.2226143777370453,0.6667607160816619
dirichlet,,0.4681238830089569,1.1963673830032349,11,0.24424633383750916,0.6667607160816619
dirichlet,,0.2794278562068939,1.0113725662231445,10,0.2519230246543884,0.6667607160816619
dirichlet,,0.21491192281246185,1.0309253931045532,10,0.24466657638549805,0.6667607160816619
dirichlet,,0.27733945846557617,1.3216102123260498,10,0.24888259172439575,0.6667607160816619
dirichlet,,0.33944326639175415,0.926895022392273,11,0.19360461831092834,0.6667607160816619
dirichlet,,0.2446468621492386,0.8866667747497559,9,0.15090855956077576,0.6667607160816619
dirichlet,,0.3887699842453003,0.7972778677940369,11,0.31798532605171204,0.6667607160816619
dirichlet,,0.32064369320869446,0.8114998936653137,11,0.26751431822776794,0.6667607160816619
dirichlet,,0.22589214146137238,1.1723167896270752,11,0.2726815342903137,0.6667607160816619
dirichlet,,0.3825914263725281,0.9721517562866211,10,0.1673436164855957,0.6667607160816619
dirichlet,,0.3417496085166931,1.0961753129959106,11,0.17839667201042175,0.6667607160816619
dirichlet,,0.25098124146461487,1.1734336614608765,12,0.20184633135795593,0.6667607160816619
dirichlet,,0.29998016357421875,1.249866247177124,12,0.30950528383255005,0.6667607160816619
dirichlet,,0.4063071012496948,0.7898415327072144,10,0.19890570640563965,0.6667607160816619
dirichlet,,0.41394177079200745,0.9813010096549988,9,0.18529896438121796,0.6667607160816619
dirichlet,,0.3840583860874176,1.0961825847625732,11,0.18731200695037842,0.6667607160816619
dirichlet,,0.38229480385780334,0.8780105710029602,9,0.26194852590560913,0.6667607160816619
dirichlet,,0.3121921122074127,1.1021602153778076,10,0.251928448677063,0.6667607160816619
dirichlet,,0.25022491812705994,1.3151379823684692,11,0.1618892252445221,0.6667607160816619
dirichlet,,0.35524651408195496,1.1468340158462524,10,0.18426702916622162,0.6667607160816619
dirichlet,,0.3850060999393463,1.1527109146118164,10,0.2268558293581009,0.6667607160816619
dirichlet,,0.27037516236305237,1.2415436506271362,9,0.18146033585071564,0.6667607160816619
dirichlet,,0.300254225730896,1.0910149812698364,12,0.20667752623558044,0.6667607160816619
dirichlet,,0.23580150306224823,1.2371212244033813,11,0.16322362422943115,0.6667607160816619
dirichlet,,0.3157540559768677,1.1323102712631226,11,0.22915004193782806,0.6667607160816619
dirichlet,,0.2665753662586212,1.1635987758636475,12,0.16590428352355957,0.6667607160816619
dirichlet,,0.3386977016925812,1.0295354127883911,10,0.22016842663288116,0.6667607160816619
dirichlet,,0.2770075500011444,1.0822198390960693,9,0.24751392006874084,0.6667607160816619
dirichlet,,0.2821801006793976,1.2368642091751099,12,0.16704049706459045,0.6667607160816619
dirichlet,,0.20495977997779846,0.9625924229621887,12,0.22753174602985382,0.6667607160816619
dirichlet,,0.30591922998428345,1.2592427730560303,11,0.25935226678848267,0.6667607160816619
dirichlet,,0.2596035897731781,1.1252915859222412,11,0.2897941768169403,0.6667607160816619
dirichlet,,0.3667045533657074,1.5329551696777344,11,0.19145505130290985,0.6667607160816619
dirichlet,,0.47548893094062805,1.1204473972320557,10,0.18633954226970673,0.6667607160816619
dirichlet,,0.30292364954948425,1.1171704530715942,10,0.24243757128715515,0.6667607160816619
dirichlet,,0.33592528104782104,1.2005373239517212,11,0.18446661531925201,0.6667607160816619
dirichlet,,0.3503023087978363,1.0197381973266602,11,0.32028716802597046,0.6667607160816619
dirichlet,,0.2930517792701721,1.067813754081726,10,0.2619706690311432,0.6667607160816619
dirichlet,,0.29061058163642883,1.447248935699463,11,0.20443254709243774,0.6667607160816619
dirichlet,,0.31586477160453796,1.032743215560913,11,0.2940588593482971,0.6667607160816619
dirichlet,,0.4211258888244629,0.9416325688362122,12,0.20228666067123413,0.6667607160816619
dirichlet,,0.37479859590530396,1.1663305759429932,11,0.2171330600976944,0.6667607160816619
dirichlet,,0.36309921741485596,1.2272794246673584,11,0.25228017568588257,0.6667607160816619
dirichlet,,0.3286570608615875,1.0724880695343018,10,0.30065593123435974,0.6667607160816619
dirichlet,,0.284374862909317,0.9192020297050476,11,0.19872727990150452,0.6667607160816619
dirichlet,,0.27966171503067017,1.0662001371383667,11,0.18881367146968842,0.6667607160816619
dirichlet,,0.4157564043998718,0.9940122365951538,10,0.1939830631017685,0.6667607160816619
dirichlet,,0.4335286617279053,1.1768540143966675,11,0.2386574149131775,0.6667607160816619
dirichlet,,0.35018646717071533,1.046720266342163,10,0.3070284128189087,0.6667607160816619
dirichlet,,0.34311622381210327,1.1321661472320557,11,0.26070016622543335,0.6667607160816619
dirichlet,,0.3651653826236725,0.9686168432235718,11,0.24143709242343903,0.6667607160816619
dirichlet,,0.3249492347240448,1.0322577953338623,10,0.2255593240261078,0.6667607160816619
dirichlet,,0.27377641201019287,1.1697474718093872,11,0.20421697199344635,0.6667607160816619
dirichlet,,0.36240750551223755,0.9738513827323914,10,0.25785690546035767,0.6667607160816619
dirichlet,,0.4112642705440521,0.8629473447799683,11,0.17674031853675842,0.6667607160816619
dirichlet,,0.29686760902404785,0.876863956451416,9,0.2349705696105957,0.6667607160816619
dirichlet,,0.27350056171417236,0.9952157139778137,11,0.302264928817749,0.6667607160816619
dirichlet,,0.2622491419315338,1.272174596786499,10,0.18418416380882263,0.6667607160816619
dirichlet,,0.3271302580833435,1.0384876728057861,10,0.29166680574417114,0.6667607160816619
dirichlet,,0.292645126581192,0.8938325643539429,11,0.3018738329410553,0.6667607160816619
dirichlet,,0.27407822012901306,1.1624847650527954,11,0.21866880357265472,0.6667607160816619
dirichlet,,0.4629528224468231,1.1701643466949463,11,0.19714611768722534,0.6667607160816619
dirichlet,,0.281956285238266,1.1176908016204834,9,0.26203304529190063,0.6667607160816619
dirichlet,,0.3009115755558014,1.0794512033462524,11,0.2005237340927124,0.6667607160816619
dirichlet,,0.27170053124427795,1.0919686555862427,11,0.23852097988128662,0.6667607160816619
dirichlet,,0.2165779024362564,1.101476788520813,9,0.2891808748245239,0.6667607160816619
dirichlet,,0.33460912108421326,1.1115695238113403,11,0.16763627529144287,0.6667607160816619
dirichlet,,0.2688049077987671,1.1618726253509521,11,0.20123928785324097,0.6667607160816619
dirichlet,,0.2831569015979767,1.1658785343170166,9,0.2637835144996643,0.6667607160816619
dirichlet,,0.4513067305088043,0.9458948969841003,11,0.2481764554977417,0.6667607160816619
dirichlet,,0.3379017114639282,1.2138473987579346,10,0.23439660668373108,0.6667607160816619
dirichlet,,0.32024163007736206,0.949720025062561,10,0.26323604583740234,0.6667607160816619
dirichlet,,0.37679237127304077,1.1677863597869873,10,0.2618224024772644,0.6667607160816619
dirichlet,,0.4155891537666321,1.1706100702285767,10,0.23053129017353058,0.6667607160816619
dirichlet,,0.29312664270401,1.2565829753875732,11,0.23027624189853668,0.6667607160816619
dirichlet,,0.2914813160896301,0.9695266485214233,10,0.19127187132835388,0.6667607160816619
dirichlet,,0.3801385760307312,0.9343137741088867,8,0.20436185598373413,0.6667607160816619
dirichlet,,0.2651997208595276,0.8704553842544556,10,0.23593157529830933,0.6667607160816619
dirichlet,,0.31438928842544556,0.930820107460022,11,0.1618424952030182,0.6667607160816619
dirichlet,,0.3413524329662323,1.026241421699524,11,0.25318488478660583,0.6667607160816619
dirichlet,,0.34874027967453003,1.1399304866790771,10,0.2571271061897278,0.6667607160816619
dirichlet,,0.27535486221313477,1.2871215343475342,11,0.26128000020980835,0.6667607160816619
dirichlet,,0.38309308886528015,1.2404139041900635,9,0.2850366234779358,0.6667607160816619
dirichlet,,0.3705539405345917,1.0182825326919556,11,0.226845383644104,0.6667607160816619
dirichlet,,0.41577181220054626,1.05571448802948,11,0.24433329701423645,0.6667607160816619
dirichlet,,0.3382120728492737,1.094797134399414,9,0.2022748589515686,0.6667607160816619
dirichlet,,0.34414514899253845,0.9342461824417114,11,0.3255305290222168,0.6667607160816619
dirichlet,,0.2659069001674652,0.7352375388145447,10,0.17469719052314758,0.6667607160816619
dirichlet,,0.2657218277454376,1.0900378227233887,11,0.20865729451179504,0.6667607160816619
dirichlet,,0.30296069383621216,1.3929994106292725,10,0.20538294315338135,0.6667607160816619
dirichlet,,0.2924322187900543,1.7223131656646729,10,0.21954436600208282,0.6667607160816619
dirichlet,,0.365783154964447,1.281151294708252,10,0.2323368340730667,0.6667607160816619
dirichlet,,0.31778067350387573,1.027588129043579,10,0.24253632128238678,0.6667607160816619
dirichlet,,0.3003018796443939,1.0991628170013428,11,0.16379572451114655,0.6667607160816619
dirichlet,,0.5481587648391724,1.2174936532974243,11,0.2114146649837494,0.6667607160816619
dirichlet,,0.34939074516296387,1.18570876121521,11,0.20047685503959656,0.6667607160816619
dirichlet,,0.33819228410720825,1.0663758516311646,10,0.2463601529598236,0.6667607160816619
dirichlet,,0.3205045163631439,1.0648021697998047,10,0.27679407596588135,0.6667607160816619
dirichlet,,0.26198217272758484,1.2027747631072998,12,0.18014052510261536,0.6667607160816619
dirichlet,,0.3104718327522278,1.1178706884384155,11,0.2756116986274719,0.6667607160816619
dirichlet,,0.3074115514755249,1.3745779991149902,10,0.2384651005268097,0.6667607160816619
dirichlet,,0.28354084491729736,0.9700988531112671,10,0.1252962052822113,0.6667607160816619
dirichlet,,0.3282938301563263,1.2303203344345093,10,0.2047264128923416,0.6667607160816619
dirichlet,,0.34907492995262146,1.1177352666854858,10,0.2515668570995331,0.6667607160816619
dirichlet,,0.3186422288417816,1.418506145477295,11,0.18878382444381714,0.6667607160816619
dirichlet,,0.4191679358482361,0.9590275883674622,12,0.3045141100883484,0.6667607160816619
dirichlet,,0.291212260723114,1.1203025579452515,10,0.2610071897506714,0.6667607160816619
dirichlet,,0.40303248167037964,1.1364071369171143,10,0.27946755290031433,0.6667607160816619
dirichlet,,0.2894124388694763,1.0154578685760498,10,0.239626944065094,0.6667607160816619
dirichlet,,0.3282841742038727,1.0628814697265625,11,0.2702609896659851,0.6667607160816619
dirichlet,,0.34137052297592163,1.1575852632522583,10,0.2024332731962204,0.6667607160816619
dirichlet,,0.44928792119026184,1.2555752992630005,9,0.1909039467573166,0.6667607160816619
dirichlet,,0.3498055934906006,1.2591326236724854,11,0.21546678245067596,0.6667607160816619
dirichlet,,0.3411870300769806,1.244724988937378,10,0.36305394768714905,0.6667607160816619
dirichlet,,0.2830215096473694,1.1971921920776367,10,0.25585541129112244,0.6667607160816619
dirichlet,,0.2913774847984314,1.212524175643921,11,0.21003782749176025,0.6667607160816619
dirichlet,,0.27837029099464417,1.0222417116165161,11,0.23308342695236206,0.6667607160816619
dirichlet,,0.3282315135002136,1.3073714971542358,10,0.20948755741119385,0.6667607160816619
dirichlet,,0.2950958013534546,1.2298471927642822,8,0.17380595207214355,0.6667607160816619
dirichlet,,0.38731610774993896,1.1891006231307983,10,0.23702067136764526,0.6667607160816619
dirichlet,,0.3410966694355011,0.7621418237686157,10,0.2287083864212036,0.6667607160816619
dirichlet,,0.292884886264801,1.266209363937378,10,0.19849294424057007,0.6667607160816619
dirichlet,,0.32910579442977905,1.0854403972625732,11,0.2318691909313202,0.6667607160816619
dirichlet,,0.32476532459259033,0.9735754132270813,11,0.1586633026599884,0.6667607160816619
dirichlet,,0.40442848205566406,0.9320456385612488,11,0.18274906277656555,0.6667607160816619
dirichlet,,0.37687578797340393,1.25430428981781,10,0.335458368062973,0.6667607160816619
dirichlet,,0.3567769229412079,1.2272059917449951,11,0.28541016578674316,0.6667607160816619
dirichlet,,0.38209688663482666,0.9515328407287598,10,0.2890922427177429,0.6667607160816619
dirichlet,,0.2665032148361206,1.1220638751983643,11,0.22996853291988373,0.6667607160816619
dirichlet,,0.334592342376709,0.9049423336982727,12,0.2923535108566284,0.6667607160816619
dirichlet,,0.2929772734642029,0.8139613270759583,11,0.24057239294052124,0.6667607160816619
dirichlet,,0.3300299346446991,0.9368478655815125,10,0.198873370885849,0.6667607160816619
dirichlet,,0.2688247561454773,0.9687182307243347,11,0.22879233956336975,0.6667607160816619
dirichlet,,0.26249414682388306,0.9801537394523621,10,0.1684775948524475,0.6667607160816619
dirichlet,,0.32428115606307983,1.0518690347671509,11,0.25126326084136963,0.6667607160816619
dirichlet,,0.3129415512084961,1.1321547031402588,10,0.2719218134880066,0.8891397050194613
dirichlet,,0.33075273036956787,0.7715055346488953,10,0.2816646099090576,0.8891397050194613
dirichlet,,0.27830493450164795,0.9599665403366089,10,0.19543585181236267,0.8891397050194613
dirichlet,,0.3276764750480652,1.1658904552459717,12,0.17455504834651947,0.8891397050194613
dirichlet,,0.4116190969944,0.8261777758598328,10,0.22290772199630737,0.8891397050194613
dirichlet,,0.4308687746524811,1.0283085107803345,11,0.17578552663326263,0.8891397050194613
dirichlet,,0.29208794236183167,1.3059306144714355,11,0.3166007995605469,0.8891397050194613
dirichlet,,0.3154663145542145,1.1628482341766357,12,0.21235910058021545,0.8891397050194613
dirichlet,,0.27139559388160706,1.3023020029067993,10,0.23488736152648926,0.8891397050194613
dirichlet,,0.4084189534187317,1.1413830518722534,10,0.194896399974823,0.8891397050194613
dirichlet,,0.3252517282962799,1.3871021270751953,12,0.2522284686565399,0.8891397050194613
dirichlet,,0.25175759196281433,1.1863372325897217,11,0.3335409164428711,0.8891397050194613
dirichlet,,0.35136541724205017,0.8118451237678528,9,0.2111552208662033,0.8891397050194613
dirichlet,,0.3319953680038452,1.3005598783493042,11,0.17545253038406372,0.8891397050194613
dirichlet,,0.40485575795173645,0.8272577524185181,10,0.19620251655578613,0.8891397050194613
dirichlet,,0.34402957558631897,1.0847747325897217,11,0.25541478395462036,0.8891397050194613
dirichlet,,0.3248210847377777,0.883757472038269,11,0.1989942491054535,0.8891397050194613
dirichlet,,0.3131161034107208,1.080992579460144,12,0.2690122127532959,0.8891397050194613
dirichlet,,0.3394782543182373,1.2088305950164795,11,0.25988084077835083,0.8891397050194613
dirichlet,,0.21560092270374298,1.3608038425445557,9,0.25530895590782166,0.8891397050194613
dirichlet,,0.390005886554718,1.2327569723129272,10,0.13682100176811218,0.8891397050194613
dirichlet,,0.29954245686531067,1.1729023456573486,9,0.1602683961391449,0.8891397050194613
dirichlet,,0.3610854148864746,0.8759347796440125,10,0.23055872321128845,0.8891397050194613
dirichlet,,0.2892850637435913,1.1568939685821533,11,0.15150122344493866,0.8891397050194613
dirichlet,,0.3126260042190552,1.052478313446045,10,0.25468531250953674,0.8891397050194613
dirichlet,,0.2976994216442108,1.125452995300293,9,0.2025766670703888,0.8891397050194613
dirichlet,,0.37821465730667114,0.9363663792610168,10,0.20647688210010529,0.8891397050194613
dirichlet,,0.3079565465450287,1.1754971742630005,10,0.2190210223197937,0.8891397050194613
dirichlet,,0.39065322279930115,0.8894936442375183,11,0.1613444983959198,0.8891397050194613
dirichlet,,0.40952640771865845,1.219750165939331,11,0.14381036162376404,0.8891397050194613
dirichlet,,0.35626399517059326,1.4290568828582764,12,0.22652475535869598,0.8891397050194613
dirichlet,,0.26593056321144104,0.8799833059310913,10,0.2239449918270111,0.8891397050194613
dirichlet,,0.2550930976867676,0.9144923090934753,9,0.24102404713630676,0.8891397050194613
dirichlet,,0.2625100910663605,1.0783592462539673,12,0.2879168391227722,0.8891397050194613
dirichlet,,0.26129645109176636,1.200102686882019,10,0.31901973485946655,0.8891397050194613
dirichlet,,0.3297135531902313,1.0673059225082397,11,0.24030649662017822,0.8891397050194613
dirichlet,,0.3006840944290161,1.2575304508209229,11,0.2392226904630661,0.8891397050194613
dirichlet,,0.3292814791202545,1.1029618978500366,11,0.15530012547969818,0.8891397050194613
dirichlet,,0.403125524520874,0.985602080821991,12,0.22951337695121765,0.8891397050194613
dirichlet,,0.35787999629974365,1.0529617071151733,11,0.20376119017601013,0.8891397050194613
dirichlet,,0.4163624346256256,0.9641642570495605,9,0.17147645354270935,0.8891397050194613
dirichlet,,0.350925087928772,0.9850988388061523,10,0.16834764182567596,0.8891397050194613
dirichlet,,0.358373761177063,0.8907210230827332,11,0.2285824418067932,0.8891397050194613
dirichlet,,0.28572970628738403,1.2172783613204956,11,0.20713576674461365,0.8891397050194613
dirichlet,,0.316714882850647,1.0661793947219849,10,0.22302187979221344,0.8891397050194613
dirichlet,,0.3623304069042206,1.3201043605804443,11,0.25782936811447144,0.8891397050194613
dirichlet,,0.3326089382171631,0.9401870965957642,11,0.1828152984380722,0.8891397050194613
dirichlet,,0.3721214234828949,0.8930222392082214,11,0.22166608273983002,0.8891397050194613
dirichlet,,0.35799768567085266,1.4735465049743652,10,0.1824990063905716,0.8891397050194613
dirichlet,,0.2684900760650635,1.286512851715088,11,0.2585713565349579,0.8891397050194613
dirichlet,,0.35834071040153503,1.0433871746063232,11,0.18297123908996582,0.8891397050194613
dirichlet,,0.36496686935424805,0.9996544718742371,10,0.14239048957824707,0.8891397050194613
dirichlet,,0.38559702038764954,0.8796054124832153,11,0.27339786291122437,0.8891397050194613
dirichlet,,0.3387770652770996,0.9181841611862183,9,0.2070201188325882,0.8891397050194613
dirichlet,,0.35703083872795105,1.0353965759277344,10,0.23981299996376038,0.8891397050194613
dirichlet,,0.2806015908718109,1.2050254344940186,10,0.25476735830307007,0.8891397050194613
dirichlet,,0.3655593693256378,1.2974737882614136,10,0.22642040252685547,0.8891397050194613
dirichlet,,0.31554433703422546,1.075242280960083,10,0.21284034848213196,0.8891397050194613
dirichlet,,0.24882996082305908,1.095918893814087,10,0.25160717964172363,0.8891397050194613
dirichlet,,0.2251189947128296,0.967269241809845,10,0.2369747757911682,0.8891397050194613
dirichlet,,0.3364572525024414,1.1556013822555542,10,0.20677241683006287,0.8891397050194613
dirichlet,,0.2849041521549225,1.201388955116272,11,0.19536912441253662,0.8891397050194613
dirichlet,,0.36558935046195984,0.9698082804679871,10,0.20208054780960083,0.8891397050194613
dirichlet,,0.40782615542411804,0.9218354225158691,11,0.19886288046836853,0.8891397050194613
dirichlet,,0.372415691614151,0.8888049125671387,10,0.16003280878067017,0.8891397050194613
dirichlet,,0.4077531099319458,1.3025180101394653,11,0.2202470600605011,0.8891397050194613
dirichlet,,0.3517574965953827,1.0533881187438965,11,0.1483919471502304,0.8891397050194613
dirichlet,,0.25794684886932373,1.1692628860473633,11,0.17375099658966064,0.8891397050194613
dirichlet,,0.29487937688827515,0.9032639265060425,10,0.3157641291618347,0.8891397050194613
dirichlet,,0.2757856547832489,0.6931248307228088,11,0.2519806921482086,0.8891397050194613
dirichlet,,0.3754768967628479,1.1253113746643066,11,0.2638981342315674,0.8891397050194613
dirichlet,,0.28216442465782166,1.0823233127593994,11,0.19886639714241028,0.8891397050194613
dirichlet,,0.25353574752807617,1.1080663204193115,10,0.267244815826416,0.8891397050194613
dirichlet,,0.2884386479854584,1.2556517124176025,10,0.24355992674827576,0.8891397050194613
dirichlet,,0.3770046532154083,0.8384959101676941,10,0.21923905611038208,0.8891397050194613
dirichlet,,0.3462751507759094,0.9936602711677551,10,0.18951904773712158,0.8891397050194613
dirichlet,,0.352090448141098,0.8918348550796509,11,0.2388664335012436,0.8891397050194613
dirichlet,,0.3509257435798645,1.0880666971206665,11,0.31589868664741516,0.8891397050194613
dirichlet,,0.34466874599456787,0.9798449277877808,11,0.2753247022628784,0.8891397050194613
dirichlet,,0.28367310762405396,1.0309913158416748,11,0.19161029160022736,0.8891397050194613
dirichlet,,0.2904883921146393,0.8355717658996582,10,0.20385541021823883,0.8891397050194613
dirichlet,,0.22243431210517883,1.320281744003296,11,0.19923719763755798,0.8891397050194613
dirichlet,,0.34954869747161865,1.3252671957015991,11,0.24005058407783508,0.8891397050194613
dirichlet,,0.3635568618774414,1.0300414562225342,11,0.1893032044172287,0.8891397050194613
dirichlet,,0.23885409533977509,1.091991662979126,11,0.2051028311252594,0.8891397050194613
dirichlet,,0.3496209383010864,1.0266655683517456,12,0.16575461626052856,0.8891397050194613
dirichlet,,0.34230950474739075,1.2732993364334106,11,0.19499313831329346,0.8891397050194613
dirichlet,,0.39807578921318054,1.1252996921539307,11,0.21576818823814392,0.8891397050194613
dirichlet,,0.2826533019542694,1.1159600019454956,12,0.21951331198215485,0.8891397050194613
dirichlet,,0.2940135896205902,1.046912431716919,11,0.28685393929481506,0.8891397050194613
dirichlet,,0.28660517930984497,1.1004239320755005,10,0.23032091557979584,0.8891397050194613
dirichlet,,0.2778485119342804,0.9811803698539734,11,0.20795325934886932,0.8891397050194613
dirichlet,,0.2792539894580841,0.9602926969528198,10,0.2178727388381958,0.8891397050194613
dirichlet,,0.2775217294692993,1.0182403326034546,10,0.31877273321151733,0.8891397050194613
dirichlet,,0.2069445550441742,1.1590548753738403,10,0.2560720145702362,0.8891397050194613
dirichlet,,0.383877694606781,1.167102575302124,8,0.20162487030029297,0.8891397050194613
dirichlet,,0.35344597697257996,1.0663490295410156,11,0.15374477207660675,0.8891397050194613
dirichlet,,0.35645726323127747,0.9542354345321655,11,0.29046958684921265,0.8891397050194613
dirichlet,,0.25321832299232483,1.3873655796051025,12,0.2147836983203888,0.8891397050194613
dirichlet,,0.31839823722839355,1.3551855087280273,9,0.2004711627960205,0.8891397050194613
dirichlet,,0.29018333554267883,1.005081057548523,10,0.18653294444084167,0.8891397050194613
dirichlet,,0.3299769163131714,1.1226164102554321,10,0.2180950790643692,0.8891397050194613
dirichlet,,0.43235650658607483,1.1969544887542725,12,0.26090365648269653,0.8891397050194613
dirichlet,,0.32604390382766724,0.9760033488273621,10,0.17750878632068634,0.8891397050194613
dirichlet,,0.313628226518631,0.9656073451042175,10,0.28954997658729553,0.8891397050194613
dirichlet,,0.39023303985595703,1.1756654977798462,10,0.23771020770072937,0.8891397050194613
dirichlet,,0.3593234717845917,0.9359875917434692,10,0.1761631816625595,0.8891397050194613
dirichlet,,0.29991060495376587,1.451245665550232,10,0.36820748448371887,0.8891397050194613
dirichlet,,0.3386760950088501,0.8039326667785645,9,0.33145925402641296,0.8891397050194613
dirichlet,,0.41054773330688477,0.9802581667900085,11,0.3450646996498108,0.8891397050194613
dirichlet,,0.284858763217926,0.9918190240859985,10,0.3286829888820648,0.8891397050194613
dirichlet,,0.2073393166065216,1.0947209596633911,9,0.2621861696243286,0.8891397050194613
dirichlet,,0.28291380405426025,1.2120168209075928,12,0.21582606434822083,0.8891397050194613
dirichlet,,0.25091031193733215,1.1829936504364014,11,0.23749610781669617,0.8891397050194613
dirichlet,,0.28653207421302795,1.1009385585784912,11,0.18868371844291687,0.8891397050194613
dirichlet,,0.35605156421661377,1.0883476734161377,11,0.16836616396903992,0.8891397050194613
dirichlet,,0.24861830472946167,0.9458355903625488,11,0.25377416610717773,0.8891397050194613
dirichlet,,0.36756470799446106,0.9059079885482788,9,0.2730151414871216,0.8891397050194613
dirichlet,,0.3160141110420227,0.941360592842102,10,0.19425246119499207,0.8891397050194613
dirichlet,,0.27158108353614807,0.9786127209663391,10,0.18271209299564362,0.8891397050194613
dirichlet,,0.3051958382129669,1.5191272497177124,11,0.3770848512649536,0.8891397050194613
dirichlet,,0.3790195882320404,0.7785353064537048,9,0.17791247367858887,0.8891397050194613
dirichlet,,0.2830461263656616,1.3096930980682373,12,0.28235164284706116,0.8891397050194613
dirichlet,,0.3257875442504883,1.2870051860809326,11,0.20305956900119781,0.8891397050194613
dirichlet,,0.22639594972133636,1.0832889080047607,12,0.304268479347229,0.8891397050194613
dirichlet,,0.33356595039367676,1.0534355640411377,10,0.22420865297317505,0.8891397050194613
dirichlet,,0.35466620326042175,0.7201875448226929,10,0.19052787125110626,0.8891397050194613
dirichlet,,0.3592148423194885,1.005975604057312,10,0.22413083910942078,0.8891397050194613
dirichlet,,0.4096790850162506,1.4489338397979736,11,0.31178200244903564,0.8891397050194613
dirichlet,,0.2699456512928009,1.1573976278305054,11,0.2298668920993805,0.8891397050194613
dirichlet,,0.3421097993850708,0.9970801472663879,11,0.19491736590862274,0.8891397050194613
dirichlet,,0.3769821524620056,1.2940149307250977,11,0.3236146867275238,0.8891397050194613
dirichlet,,0.33014869689941406,1.0140451192855835,9,0.12722855806350708,0.8891397050194613
dirichlet,,0.27941155433654785,0.9102684855461121,10,0.20802536606788635,0.8891397050194613
dirichlet,,0.2861837148666382,0.8027057647705078,10,0.213710218667984,0.8891397050194613
dirichlet,,0.36575764417648315,0.9630300402641296,10,0.14841705560684204,0.8891397050194613
dirichlet,,0.28272995352745056,1.1944438219070435,10,0.20166051387786865,0.8891397050194613
dirichlet,,0.38800472021102905,1.0319609642028809,10,0.26099085807800293,0.8891397050194613
dirichlet,,0.31828609108924866,1.0110629796981812,10,0.20462097227573395,0.8891397050194613
dirichlet,,0.25853440165519714,1.133229374885559,11,0.22570103406906128,0.8891397050194613
dirichlet,,0.28828707337379456,1.170824408531189,11,0.25208136439323425,0.8891397050194613
dirichlet,,0.3909941017627716,1.1672425270080566,9,0.19353632628917694,0.8891397050194613
dirichlet,,0.3007325530052185,0.9718599319458008,11,0.24392014741897583,0.8891397050194613
dirichlet,,0.36396825313568115,0.9967945218086243,12,0.21747326850891113,0.8891397050194613
dirichlet,,0.23945580422878265,1.3304884433746338,9,0.27333253622055054,0.8891397050194613
dirichlet,,0.34885573387145996,1.1253321170806885,10,0.2579271197319031,0.8891397050194613
dirichlet,,0.328443318605423,1.0297715663909912,11,0.30695202946662903,0.8891397050194613
dirichlet,,0.3196926414966583,0.8993523716926575,10,0.23964855074882507,0.8891397050194613
dirichlet,,0.2565886378288269,1.227368712425232,10,0.17670661211013794,0.8891397050194613
dirichlet,,0.2472282350063324,1.1385735273361206,12,0.17857705056667328,0.8891397050194613
dirichlet,,0.3481263518333435,1.205288290977478,11,0.2395956665277481,0.8891397050194613
dirichlet,,0.34079763293266296,1.1206889152526855,11,0.2582651376724243,0.8891397050194613
dirichlet,,0.41939443349838257,0.9780864715576172,10,0.2368980050086975,0.8891397050194613
dirichlet,,0.3939181864261627,0.9425179362297058,10,0.25402748584747314,0.8891397050194613
dirichlet,,0.2576510012149811,1.009555697441101,8,0.28429466485977173,0.8891397050194613
dirichlet,,0.431761234998703,1.1092450618743896,11,0.24574433267116547,0.8891397050194613
dirichlet,,0.35998570919036865,1.1552225351333618,9,0.2700955271720886,0.8891397050194613
dirichlet,,0.3965168297290802,1.0739482641220093,11,0.2216186821460724,0.8891397050194613
dirichlet,,0.22011063992977142,0.8921056985855103,11,0.2538367807865143,0.8891397050194613
dirichlet,,0.25204998254776,1.1293967962265015,12,0.12363789975643158,0.8891397050194613
dirichlet,,0.3355148136615753,1.141895055770874,11,0.24469806253910065,0.8891397050194613
dirichlet,,0.3315059542655945,1.020463466644287,9,0.27898383140563965,0.8891397050194613
dirichlet,,0.3168916404247284,1.0930442810058594,11,0.2888242304325104,0.8891397050194613
dirichlet,,0.2886303663253784,1.277381181716919,11,0.18188464641571045,0.8891397050194613
dirichlet,,0.3216434717178345,1.142821192741394,10,0.18914082646369934,0.8891397050194613
dirichlet,,0.37457889318466187,1.2178610563278198,10,0.23593807220458984,0.8891397050194613
dirichlet,,0.33608633279800415,1.1178561449050903,10,0.18985846638679504,0.8891397050194613
dirichlet,,0.4240244925022125,0.9514373540878296,11,0.1818191111087799,0.8891397050194613
dirichlet,,0.3047555088996887,1.0393706560134888,11,0.23658403754234314,0.8891397050194613
dirichlet,,0.3081457316875458,1.2258356809616089,11,0.22884182631969452,0.8891397050194613
dirichlet,,0.39827948808670044,1.1562215089797974,11,0.23244589567184448,0.8891397050194613
dirichlet,,0.3145579993724823,1.1399320363998413,11,0.25806933641433716,0.8891397050194613
dirichlet,,0.30283814668655396,1.0661449432373047,9,0.2530134618282318,0.8891397050194613
dirichlet,,0.3347375988960266,0.9580936431884766,10,0.18458624184131622,0.8891397050194613
dirichlet,,0.24688036739826202,0.951758086681366,10,0.19182589650154114,0.8891397050194613
dirichlet,,0.331994891166687,1.2083539962768555,9,0.27123796939849854,0.8891397050194613
dirichlet,,0.3261945843696594,1.1655253171920776,12,0.19450229406356812,0.8891397050194613
dirichlet,,0.26529043912887573,0.9199897050857544,11,0.1833288073539734,0.8891397050194613
dirichlet,,0.38601258397102356,1.0938595533370972,10,0.2672419846057892,0.8891397050194613
dirichlet,,0.2995332181453705,0.8693496584892273,10,0.23258033394813538,0.8891397050194613
dirichlet,,0.3248974680900574,1.136972427368164,11,0.16452458500862122,0.8891397050194613
dirichlet,,0.2856235206127167,1.0114195346832275,11,0.23975369334220886,0.8891397050194613
dirichlet,,0.31142833828926086,0.837949275970459,11,0.19423943758010864,0.8891397050194613
dirichlet,,0.27179670333862305,1.4366862773895264,11,0.3082612454891205,0.8891397050194613
dirichlet,,0.23951829969882965,1.08616304397583,9,0.32569271326065063,0.8891397050194613
dirichlet,,0.3471197485923767,1.0115082263946533,10,0.21942144632339478,0.8891397050194613
dirichlet,,0.23784247040748596,1.009098768234253,9,0.2550565004348755,0.8891397050194613
dirichlet,,0.3992365896701813,1.30731201171875,8,0.21615545451641083,0.8891397050194613
dirichlet,,0.321371853351593,0.9637936353683472,9,0.29574325680732727,0.8891397050194613
dirichlet,,0.31692376732826233,1.0891104936599731,11,0.23464110493659973,0.8891397050194613
dirichlet,,0.3221414387226105,1.206122636795044,10,0.2459307312965393,0.8891397050194613
dirichlet,,0.35945913195610046,0.9228161573410034,11,0.2411620318889618,0.8891397050194613
dirichlet,,0.2352876514196396,1.2310733795166016,10,0.18549099564552307,0.8891397050194613
dirichlet,,0.4306931495666504,1.0388396978378296,10,0.22984549403190613,0.8891397050194613
dirichlet,,0.34860026836395264,1.346219778060913,11,0.3241981863975525,0.8891397050194613
dirichlet,,0.3298470079898834,1.044204831123352,12,0.1979713886976242,0.8891397050194613
dirichlet,,0.24223123490810394,1.1183021068572998,12,0.1701323688030243,0.8891397050194613
dirichlet,,0.46030566096305847,1.1994645595550537,11,0.326663076877594,0.8891397050194613
dirichlet,,0.2829776406288147,1.0850129127502441,11,0.26607537269592285,0.8891397050194613
dirichlet,,0.2806491553783417,0.9846256971359253,11,0.21937024593353271,0.8891397050194613
dirichlet,,0.3563579022884369,1.1879334449768066,10,0.26447972655296326,0.8891397050194613
dirichlet,,0.3023354709148407,0.9624142646789551,10,0.1466292291879654,0.8891397050194613
dirichlet,,0.3238377273082733,0.9723274111747742,10,0.2169838398694992,0.8891397050194613
dirichlet,,0.2603825628757477,0.9693410992622375,12,0.18920044600963593,0.8891397050194613
dirichlet,,0.28265881538391113,1.156753659248352,10,0.19272732734680176,0.8891397050194613
dirichlet,,0.36761319637298584,1.188539981842041,9,0.22924816608428955,0.8891397050194613
dirichlet,,0.30410391092300415,1.0419888496398926,10,0.2628691494464874,0.8891397050194613
dirichlet,,0.3363969624042511,1.059816598892212,12,0.16328513622283936,0.8891397050194613
dirichlet,,0.27048757672309875,0.8831580281257629,11,0.2627456486225128,0.8891397050194613
dirichlet,,0.2771050035953522,1.0469197034835815,10,0.18134887516498566,0.8891397050194613
dirichlet,,0.34178319573402405,1.0150911808013916,9,0.17734551429748535,0.8891397050194613
dirichlet,,0.32061734795570374,1.2522480487823486,11,0.19986513257026672,0.8891397050194613
dirichlet,,0.33009177446365356,1.048973798751831,10,0.18651099503040314,0.8891397050194613
dirichlet,,0.2860082685947418,1.0616066455841064,11,0.20355096459388733,0.8891397050194613
dirichlet,,0.30745628476142883,1.1331051588058472,11,0.24802711606025696,0.8891397050194613
dirichlet,,0.3431663513183594,1.0268347263336182,10,0.26081883907318115,0.8891397050194613
dirichlet,,0.3128628432750702,0.9340205192565918,11,0.19883877038955688,0.8891397050194613
dirichlet,,0.26891830563545227,1.1682933568954468,10,0.24531032145023346,0.8891397050194613
dirichlet,,0.2751361131668091,1.114980936050415,11,0.18217360973358154,0.8891397050194613
dirichlet,,0.3154382109642029,0.9940141439437866,11,0.2197837084531784,0.8891397050194613
dirichlet,,0.25923749804496765,0.9897425770759583,11,0.21325580775737762,0.8891397050194613
dirichlet,,0.2543492913246155,1.0181127786636353,9,0.23230090737342834,0.8891397050194613
dirichlet,,0.28232017159461975,1.2277600765228271,11,0.22451993823051453,0.8891397050194613
dirichlet,,0.41251903772354126,1.0233604907989502,11,0.17780286073684692,0.8891397050194613
dirichlet,,0.3229908347129822,1.1084773540496826,11,0.16684000194072723,0.8891397050194613
dirichlet,,0.2743261158466339,0.9792889356613159,11,0.18010924756526947,0.8891397050194613
dirichlet,,0.2693682909011841,1.2110450267791748,11,0.22159157693386078,0.8891397050194613
dirichlet,,0.3851267099380493,1.3838703632354736,11,0.16826486587524414,0.8891397050194613
dirichlet,,0.3335823714733124,1.1105796098709106,11,0.21658076345920563,0.8891397050194613
dirichlet,,0.34427133202552795,1.0142511129379272,10,0.2168257087469101,0.8891397050194613
dirichlet,,0.3690962493419647,0.9518426060676575,10,0.17104372382164001,0.8891397050194613
dirichlet,,0.27637773752212524,1.2590385675430298,10,0.17790637910366058,0.8891397050194613
dirichlet,,0.26255887746810913,1.0307327508926392,10,0.22415490448474884,0.8891397050194613
dirichlet,,0.25756075978279114,1.2124121189117432,11,0.253166139125824,0.8891397050194613
dirichlet,,0.41823628544807434,1.021664023399353,12,0.17404913902282715,0.8891397050194613
dirichlet,,0.3831469714641571,1.0249749422073364,10,0.22508159279823303,0.8891397050194613
dirichlet,,0.36312514543533325,0.9682103991508484,10,0.2714084982872009,0.8891397050194613
dirichlet,,0.32022207975387573,1.0668426752090454,10,0.307691752910614,0.8891397050194613
dirichlet,,0.2978740632534027,0.918758749961853,10,0.2493043690919876,0.8891397050194613
dirichlet,,0.3640153408050537,1.066514492034912,11,0.19842782616615295,0.8891397050194613
dirichlet,,0.2965766489505768,1.0881098508834839,11,0.23871499300003052,0.8891397050194613
dirichlet,,0.22203755378723145,1.1202231645584106,11,0.2064935714006424,0.8891397050194613
dirichlet,,0.44853338599205017,0.937639594078064,11,0.2514770030975342,0.8891397050194613
dirichlet,,0.3990524411201477,0.9278966188430786,11,0.19068443775177002,0.8891397050194613
dirichlet,,0.30425068736076355,0.8403393030166626,10,0.16646510362625122,0.8891397050194613
dirichlet,,0.36769118905067444,1.3778929710388184,11,0.13857506215572357,0.8891397050194613
dirichlet,,0.3735184073448181,1.0713512897491455,10,0.17399844527244568,0.8891397050194613
dirichlet,,0.27837321162223816,1.1185013055801392,11,0.37105706334114075,0.8891397050194613
dirichlet,,0.3549758195877075,0.8672400712966919,9,0.20862922072410583,0.8891397050194613
dirichlet,,0.329298198223114,1.0625526905059814,11,0.1893053650856018,0.8891397050194613
dirichlet,,0.1990211308002472,0.9188319444656372,10,0.2174261510372162,0.8891397050194613
dirichlet,,0.2447858601808548,1.4479591846466064,9,0.24445433914661407,0.8891397050194613
dirichlet,,0.3099774122238159,1.391784906387329,11,0.24483926594257355,0.8891397050194613
dirichlet,,0.2496151179075241,0.6784151196479797,9,0.18886232376098633,0.8891397050194613
dirichlet,,0.3662908375263214,1.1135956048965454,11,0.2721458375453949,0.8891397050194613
dirichlet,,0.2667897045612335,1.1893188953399658,11,0.21350471675395966,0.8891397050194613
dirichlet,,0.2768804430961609,0.7918599843978882,10,0.18268418312072754,0.8891397050194613
dirichlet,,0.29029273986816406,0.9743882417678833,10,0.1743651181459427,0.8891397050194613
dirichlet,,0.3383985161781311,1.510729432106018,11,0.23396320641040802,0.8891397050194613
dirichlet,,0.30912116169929504,1.3527987003326416,10,0.16594702005386353,0.8891397050194613
dirichlet,,0.42881691455841064,0.8933440446853638,10,0.24762903153896332,0.8891397050194613
dirichlet,,0.24203135073184967,1.2862602472305298,9,0.19104015827178955,0.8891397050194613
dirichlet,,0.28251200914382935,0.9992480278015137,11,0.27393239736557007,0.8891397050194613
dirichlet,,0.3221333920955658,1.000096082687378,10,0.19618059694766998,0.8891397050194613
dirichlet,,0.2560493052005768,1.329956293106079,10,0.1818128228187561,0.8891397050194613
dirichlet,,0.269702285528183,0.9305390119552612,10,0.15749147534370422,0.8891397050194613
dirichlet,,0.3614116311073303,0.9150816202163696,11,0.2233184576034546,0.8891397050194613
dirichlet,,0.3495115637779236,1.2759687900543213,10,0.24961987137794495,0.8891397050194613
dirichlet,,0.24153338372707367,0.8897045254707336,10,0.2143324464559555,0.8891397050194613
dirichlet,,0.36807340383529663,1.2414755821228027,11,0.16650758683681488,0.8891397050194613
dirichlet,,0.31757208704948425,0.9972007870674133,11,0.20651014149188995,0.8891397050194613
dirichlet,,0.2769818902015686,1.2495415210723877,10,0.2581537365913391,0.8891397050194613
dirichlet,,0.2667810916900635,0.9980307817459106,12,0.1930294930934906,0.8891397050194613
dirichlet,,0.30094629526138306,0.8430483937263489,10,0.24879324436187744,0.8891397050194613
dirichlet,,0.3454781174659729,0.8786266446113586,11,0.26065564155578613,0.8891397050194613
dirichlet,,0.21449853479862213,0.9392587542533875,10,0.23606300354003906,0.8891397050194613
dirichlet,,0.3450844883918762,1.0636709928512573,11,0.2409629225730896,0.8891397050194613
dirichlet,,0.34857282042503357,1.192602515220642,11,0.2085309624671936,0.8891397050194613
dirichlet,,0.2998666763305664,0.9040297269821167,11,0.21971595287322998,0.8891397050194613
dirichlet,,0.30283382534980774,0.9523884057998657,11,0.1666640043258667,0.8891397050194613
dirichlet,,0.38919755816459656,1.263000249862671,11,0.198081374168396,0.8891397050194613
dirichlet,,0.319808691740036,1.0471742153167725,11,0.2222023606300354,0.8891397050194613
dirichlet,,0.2777390778064728,1.0235564708709717,10,0.24049200117588043,0.8891397050194613
dirichlet,,0.414195716381073,0.9113286733627319,10,0.15220943093299866,0.8891397050194613
dirichlet,,0.3286534249782562,0.9282923936843872,10,0.19695577025413513,0.8891397050194613
dirichlet,,0.30598780512809753,1.2984397411346436,10,0.2650943398475647,0.8891397050194613
dirichlet,,0.2669278085231781,0.9964467883110046,9,0.25347524881362915,0.8891397050194613
dirichlet,,0.23701347410678864,1.0762929916381836,11,0.3629317879676819,0.8891397050194613
dirichlet,,0.3702201545238495,1.0916168689727783,9,0.2217460572719574,0.8891397050194613
dirichlet,,0.2610355019569397,0.9787763357162476,10,0.24726927280426025,0.8891397050194613
dirichlet,,0.30310606956481934,0.874947726726532,11,0.1989935338497162,0.8891397050194613
dirichlet,,0.28144222497940063,1.1382746696472168,9,0.17119871079921722,0.8891397050194613
dirichlet,,0.32741037011146545,1.030914068222046,9,0.1824832409620285,0.8891397050194613
dirichlet,,0.33293893933296204,1.264279842376709,11,0.16843220591545105,0.8891397050194613
dirichlet,,0.2940082252025604,1.241573691368103,10,0.18028390407562256,0.8891397050194613
dirichlet,,0.29770857095718384,1.1598129272460938,11,0.19377604126930237,0.8891397050194613
dirichlet,,0.34639954566955566,0.8384774327278137,11,0.18524426221847534,0.8891397050194613
dirichlet,,0.2964901328086853,1.1022138595581055,11,0.1933872103691101,0.8891397050194613
dirichlet,,0.34180232882499695,1.4350898265838623,11,0.2790272831916809,0.8891397050194613
dirichlet,,0.24178755283355713,0.9818748235702515,9,0.24452471733093262,0.8891397050194613
dirichlet,,0.30182236433029175,1.0741742849349976,12,0.2708302140235901,0.8891397050194613
dirichlet,,0.23014052212238312,1.0079271793365479,9,0.1728670299053192,0.8891397050194613
dirichlet,,0.3946547508239746,0.9434059262275696,11,0.22650712728500366,0.8891397050194613
dirichlet,,0.3257378041744232,1.120316743850708,10,0.30260753631591797,0.8891397050194613
dirichlet,,0.22228160500526428,0.9673393964767456,9,0.1887955367565155,0.8891397050194613
dirichlet,,0.22633616626262665,1.0891573429107666,10,0.2617204785346985,0.8891397050194613
dirichlet,,0.30441999435424805,0.9741350412368774,10,0.2109501212835312,0.8891397050194613
dirichlet,,0.2623971402645111,1.0192720890045166,10,0.18854141235351562,0.8891397050194613
dirichlet,,0.2981148362159729,1.353679895401001,10,0.2887420654296875,0.8891397050194613
dirichlet,,0.37481826543807983,1.022139310836792,11,0.16672036051750183,0.8891397050194613
dirichlet,,0.3264681398868561,1.0157535076141357,10,0.2922421097755432,0.8891397050194613
dirichlet,,0.3426778316497803,0.7775472402572632,11,0.1960299164056778,0.8891397050194613
dirichlet,,0.2828904092311859,1.2215449810028076,10,0.1839177906513214,0.8891397050194613
dirichlet,,0.27811381220817566,1.0416675806045532,11,0.24673710763454437,0.8891397050194613
dirichlet,,0.40227964520454407,1.0635788440704346,10,0.18289721012115479,0.8891397050194613
dirichlet,,0.3419490456581116,1.2034457921981812,10,0.26026636362075806,0.8891397050194613
dirichlet,,0.2795144021511078,0.8480784296989441,10,0.22481930255889893,0.8891397050194613
dirichlet,,0.3333909511566162,0.9576899409294128,10,0.2524803578853607,0.8891397050194613
dirichlet,,0.32950758934020996,0.9717279672622681,10,0.22431272268295288,0.8891397050194613
dirichlet,,0.3976903259754181,1.2111785411834717,11,0.19732120633125305,0.8891397050194613
dirichlet,,0.30195775628089905,1.1500942707061768,10,0.2455025613307953,0.8891397050194613
dirichlet,,0.3048793375492096,0.9951264262199402,11,0.1898660659790039,0.8891397050194613
dirichlet,,0.29697784781455994,1.1540647745132446,11,0.266628235578537,0.8891397050194613
dirichlet,,0.31114083528518677,1.0480777025222778,11,0.2156876027584076,0.8891397050194613
dirichlet,,0.3413391411304474,0.8009408116340637,12,0.29574212431907654,0.8891397050194613
dirichlet,,0.3954984247684479,0.8115537762641907,11,0.26814836263656616,0.8891397050194613
dirichlet,,0.3735641837120056,1.0411664247512817,10,0.16204628348350525,0.8891397050194613
dirichlet,,0.3667140603065491,1.064958095550537,11,0.21456651389598846,0.8891397050194613
dirichlet,,0.30525365471839905,1.180609941482544,10,0.1980607807636261,0.8891397050194613
dirichlet,,0.3252795934677124,1.3283997774124146,9,0.23189115524291992,0.8891397050194613
dirichlet,,0.3628740608692169,1.0461394786834717,11,0.2072845697402954,0.8891397050194613
dirichlet,,0.3550761938095093,1.027487874031067,11,0.2219383418560028,0.8891397050194613
dirichlet,,0.3686317205429077,1.0031614303588867,9,0.19031554460525513,0.8891397050194613
dirichlet,,0.3793608248233795,0.8419872522354126,11,0.2106596827507019,0.8891397050194613
dirichlet,,0.3529109060764313,0.9925646781921387,10,0.16605651378631592,0.8891397050194613
dirichlet,,0.4175793528556824,0.8922351002693176,10,0.2798347473144531,0.8891397050194613
dirichlet,,0.31477445363998413,0.9104100465774536,10,0.2112109661102295,0.8891397050194613
dirichlet,,0.4346570670604706,0.8101671934127808,9,0.23568159341812134,0.8891397050194613
dirichlet,,0.3033828139305115,1.1990516185760498,9,0.18496160209178925,0.8891397050194613
dirichlet,,0.244425967335701,0.8566805720329285,10,0.22067973017692566,0.8891397050194613
dirichlet,,0.43304428458213806,1.2250256538391113,10,0.24120378494262695,0.8891397050194613
dirichlet,,0.30970656871795654,1.0085283517837524,11,0.19340546429157257,0.8891397050194613
dirichlet,,0.2870127558708191,0.9576096534729004,11,0.21978917717933655,0.8891397050194613
dirichlet,,0.4183526039123535,1.0259813070297241,9,0.21367491781711578,0.8891397050194613
dirichlet,,0.30327606201171875,0.9112432599067688,9,0.26474979519844055,0.8891397050194613
dirichlet,,0.3675154745578766,0.8563264608383179,11,0.19500157237052917,0.8891397050194613
dirichlet,,0.3693663775920868,1.044147253036499,10,0.18885962665081024,0.8891397050194613
dirichlet,,0.3350376486778259,1.053704857826233,12,0.1572318822145462,0.8891397050194613
dirichlet,,0.28976550698280334,0.6484423875808716,11,0.3293071389198303,0.8891397050194613
dirichlet,,0.23517365753650665,1.205751895904541,11,0.2621925473213196,0.8891397050194613
dirichlet,,0.3416006565093994,1.04689621925354,11,0.254129022359848,0.8891397050194613
dirichlet,,0.23902902007102966,0.8572362661361694,9,0.20764322578907013,0.8891397050194613
dirichlet,,0.33389052748680115,1.120092749595642,11,0.21373826265335083,0.8891397050194613
dirichlet,,0.24629448354244232,1.0184561014175415,10,0.1783682405948639,0.8891397050194613
dirichlet,,0.3583182990550995,1.2035927772521973,10,0.29689911007881165,0.8891397050194613
dirichlet,,0.27076900005340576,1.0087233781814575,8,0.1620105654001236,0.8891397050194613
dirichlet,,0.29268428683280945,1.30388605594635,9,0.1988847255706787,0.8891397050194613
dirichlet,,0.27454978227615356,0.7982172966003418,12,0.16985109448432922,0.8891397050194613
dirichlet,,0.2960038185119629,0.9466347694396973,10,0.26387256383895874,0.8891397050194613
dirichlet,,0.3772395849227905,1.1169794797897339,10,0.2250480204820633,0.8891397050194613
dirichlet,,0.21080352365970612,1.022187352180481,12,0.21801355481147766,0.8891397050194613
dirichlet,,0.35911113023757935,1.3139022588729858,10,0.26160842180252075,0.8891397050194613
dirichlet,,0.38751012086868286,1.1440908908843994,10,0.17327100038528442,0.8891397050194613
dirichlet,,0.22193306684494019,1.2748481035232544,11,0.24082894623279572,0.8891397050194613
dirichlet,,0.3022158443927765,1.0477497577667236,11,0.22841322422027588,0.8891397050194613
dirichlet,,0.30189985036849976,1.1656888723373413,11,0.18661201000213623,0.8891397050194613
dirichlet,,0.36963698267936707,0.8202254176139832,9,0.1375012844800949,0.8891397050194613
dirichlet,,0.17554083466529846,1.1006262302398682,12,0.2357739508152008,0.8891397050194613
dirichlet,,0.3401433229446411,0.9017111659049988,12,0.2071128487586975,0.8891397050194613
dirichlet,,0.24913765490055084,0.912574291229248,9,0.21411296725273132,0.8891397050194613
dirichlet,,0.3466337323188782,1.1560741662979126,11,0.26505208015441895,0.8891397050194613
dirichlet,,0.3061474859714508,1.0154366493225098,11,0.27265313267707825,0.8891397050194613
dirichlet,,0.3294910490512848,1.2352889776229858,10,0.23847486078739166,0.8891397050194613
dirichlet,,0.3324888348579407,1.1614603996276855,10,0.24004702270030975,0.8891397050194613
dirichlet,,0.3017902672290802,1.3521054983139038,10,0.26910170912742615,0.8891397050194613
dirichlet,,0.21714244782924652,1.0020291805267334,10,0.27241942286491394,0.8891397050194613
dirichlet,,0.4093815088272095,1.0901548862457275,10,0.21199917793273926,0.8891397050194613
dirichlet,,0.3853618800640106,1.3730964660644531,10,0.2506881356239319,0.8891397050194613
dirichlet,,0.359789103269577,1.120413899421692,11,0.14683805406093597,0.8891397050194613
dirichlet,,0.31360024213790894,1.149222493171692,9,0.1698417067527771,0.8891397050194613
dirichlet,,0.34797021746635437,0.9410699009895325,11,0.2097935825586319,0.8891397050194613
dirichlet,,0.43985918164253235,1.079580545425415,12,0.1722394824028015,0.8891397050194613
dirichlet,,0.34570738673210144,0.8912304639816284,10,0.21739593148231506,0.8891397050194613
dirichlet,,0.3112447261810303,1.23857581615448,12,0.22886928915977478,0.8891397050194613
dirichlet,,0.3131370544433594,1.0267043113708496,10,0.2773984372615814,0.8891397050194613
dirichlet,,0.2898138165473938,1.2269561290740967,11,0.23284678161144257,0.8891397050194613
dirichlet,,0.2262958139181137,1.1341639757156372,10,0.27923518419265747,0.8891397050194613
dirichlet,,0.2207380086183548,0.9653817415237427,10,0.2557443678379059,0.8891397050194613
dirichlet,,0.32615959644317627,1.2048122882843018,11,0.23046372830867767,0.8891397050194613
dirichlet,,0.33900222182273865,1.0552570819854736,8,0.2759571671485901,0.8891397050194613
dirichlet,,0.3642509877681732,1.0405666828155518,10,0.2477775514125824,0.8891397050194613
dirichlet,,0.37487348914146423,1.0144950151443481,8,0.20009012520313263,0.8891397050194613
dirichlet,,0.35201889276504517,1.2076852321624756,11,0.23719409108161926,0.8891397050194613
dirichlet,,0.28679922223091125,0.9511682391166687,10,0.20888346433639526,0.8891397050194613
dirichlet,,0.2760530710220337,1.1212739944458008,8,0.2506767213344574,0.8891397050194613
dirichlet,,0.2836487889289856,1.0376969575881958,9,0.25018253922462463,0.8891397050194613
dirichlet,,0.3227402865886688,0.9786567687988281,11,0.17230579257011414,0.8891397050194613
dirichlet,,0.3174509108066559,0.913288414478302,10,0.18662738800048828,0.8891397050194613
dirichlet,,0.28180715441703796,1.5404455661773682,11,0.2721705734729767,0.8891397050194613
dirichlet,,0.2285705953836441,1.0393285751342773,9,0.2297039031982422,0.8891397050194613
dirichlet,,0.2779886722564697,1.274153709411621,10,0.2929149866104126,1.1856868528308275
dirichlet,,0.31647056341171265,1.1325002908706665,11,0.2771681547164917,1.1856868528308275
dirichlet,,0.3145955502986908,1.013489007949829,11,0.25171154737472534,1.1856868528308275
dirichlet,,0.427179217338562,0.9860346913337708,10,0.23080699145793915,1.1856868528308275
dirichlet,,0.2869863510131836,0.9591116905212402,10,0.19697731733322144,1.1856868528308275
dirichlet,,0.34593021869659424,0.7961314916610718,10,0.2677651047706604,1.1856868528308275
dirichlet,,0.2915569245815277,1.0120679140090942,10,0.22375339269638062,1.1856868528308275
dirichlet,,0.29046911001205444,1.2482917308807373,10,0.2008344829082489,1.1856868528308275
dirichlet,,0.28365179896354675,1.07179856300354,11,0.3585844933986664,1.1856868528308275
dirichlet,,0.2628724277019501,0.993190586566925,10,0.197280153632164,1.1856868528308275
dirichlet,,0.3195449113845825,0.835047721862793,12,0.21445657312870026,1.1856868528308275
dirichlet,,0.3575176000595093,1.0970011949539185,10,0.22899922728538513,1.1856868528308275
dirichlet,,0.3207038938999176,1.0488417148590088,10,0.26071441173553467,1.1856868528308275
dirichlet,,0.32238540053367615,1.054473638534546,11,0.2413938045501709,1.1856868528308275
dirichlet,,0.16660840809345245,1.1458847522735596,11,0.3812837600708008,1.1856868528308275
dirichlet,,0.28568679094314575,1.1558011770248413,10,0.21880614757537842,1.1856868528308275
dirichlet,,0.3771131634712219,1.2630040645599365,10,0.21689388155937195,1.1856868528308275
dirichlet,,0.24923095107078552,1.1054165363311768,9,0.19906355440616608,1.1856868528308275
dirichlet,,0.2678203582763672,0.9673721194267273,9,0.2747994661331177,1.1856868528308275
dirichlet,,0.3007619380950928,1.147192358970642,11,0.19619804620742798,1.1856868528308275
dirichlet,,0.32880234718322754,1.0561349391937256,9,0.2326330691576004,1.1856868528308275
dirichlet,,0.32555466890335083,1.273471474647522,12,0.2093656063079834,1.1856868528308275
dirichlet,,0.3025795817375183,1.108181357383728,10,0.25122541189193726,1.1856868528308275
dirichlet,,0.2760787904262543,0.8792974352836609,11,0.3074471354484558,1.1856868528308275
dirichlet,,0.31032589077949524,1.2872087955474854,9,0.16430683434009552,1.1856868528308275
dirichlet,,0.32234665751457214,1.0756852626800537,10,0.22559334337711334,1.1856868528308275
dirichlet,,0.308506578207016,1.2308003902435303,11,0.20226195454597473,1.1856868528308275
dirichlet,,0.2969086170196533,1.2376201152801514,11,0.23378990590572357,1.1856868528308275
dirichlet,,0.25960949063301086,1.1042321920394897,10,0.23742049932479858,1.1856868528308275
dirichlet,,0.2781559228897095,0.8487234115600586,11,0.24321842193603516,1.1856868528308275
dirichlet,,0.35447925329208374,0.8908980488777161,11,0.2658041715621948,1.1856868528308275
dirichlet,,0.37473300099372864,1.1378371715545654,9,0.23192518949508667,1.1856868528308275
dirichlet,,0.2866126000881195,0.8972629308700562,11,0.2989168167114258,1.1856868528308275
dirichlet,,0.30341050028800964,0.8831050992012024,9,0.2553780972957611,1.1856868528308275
dirichlet,,0.2800135910511017,1.1464664936065674,10,0.22694070637226105,1.1856868528308275
dirichlet,,0.39395901560783386,0.9783805012702942,10,0.16871726512908936,1.1856868528308275
dirichlet,,0.29576238989830017,0.8857339024543762,10,0.3011072278022766,1.1856868528308275
dirichlet,,0.2994866371154785,1.168343186378479,10,0.3314473628997803,1.1856868528308275
dirichlet,,0.3081115484237671,1.1021015644073486,11,0.2003718763589859,1.1856868528308275
dirichlet,,0.27238932251930237,0.9684010744094849,10,0.24686376750469208,1.1856868528308275
dirichlet,,0.32683083415031433,0.9165083169937134,11,0.24012912809848785,1.1856868528308275
dirichlet,,0.30598878860473633,1.0310643911361694,11,0.2587350010871887,1.1856868528308275
dirichlet,,0.3342805504798889,0.9454575777053833,11,0.17163532972335815,1.1856868528308275
dirichlet,,0.23239800333976746,0.9362085461616516,11,0.18324527144432068,1.1856868528308275
dirichlet,,0.3945613205432892,1.0448105335235596,11,0.26837849617004395,1.1856868528308275
dirichlet,,0.3728019893169403,1.1135727167129517,10,0.20935556292533875,1.1856868528308275
dirichlet,,0.29489994049072266,1.1457630395889282,12,0.21629124879837036,1.1856868528308275
dirichlet,,0.2617875635623932,0.9997051954269409,10,0.16139817237854004,1.1856868528308275
dirichlet,,0.36326050758361816,1.0068899393081665,11,0.22580647468566895,1.1856868528308275
dirichlet,,0.20907627046108246,0.7439132928848267,11,0.16466179490089417,1.1856868528308275
dirichlet,,0.29965731501579285,1.119978666305542,12,0.22571614384651184,1.1856868528308275
dirichlet,,0.3421410620212555,1.202864408493042,12,0.2531777620315552,1.1856868528308275
dirichlet,,0.29520323872566223,1.1135376691818237,10,0.1812422275543213,1.1856868528308275
dirichlet,,0.30769169330596924,0.8144149780273438,11,0.24907486140727997,1.1856868528308275
dirichlet,,0.33112838864326477,0.8775855898857117,10,0.23792843520641327,1.1856868528308275
dirichlet,,0.34008926153182983,1.102724313735962,10,0.25076350569725037,1.1856868528308275
dirichlet,,0.28074371814727783,0.9732306599617004,9,0.20288947224617004,1.1856868528308275
dirichlet,,0.4096323549747467,1.066457986831665,10,0.2247598022222519,1.1856868528308275
dirichlet,,0.26317596435546875,0.9557700157165527,11,0.2024902105331421,1.1856868528308275
dirichlet,,0.27658140659332275,1.0031450986862183,10,0.18130694329738617,1.1856868528308275
dirichlet,,0.22948057949543,1.1677658557891846,10,0.20628122985363007,1.1856868528308275
dirichlet,,0.2719520926475525,0.9932193756103516,11,0.27540045976638794,1.1856868528308275
dirichlet,,0.2996787428855896,1.2174423933029175,11,0.20620284974575043,1.1856868528308275
dirichlet,,0.18700288236141205,1.3899717330932617,10,0.20137344300746918,1.1856868528308275
dirichlet,,0.35867083072662354,0.955005943775177,11,0.29010629653930664,1.1856868528308275
dirichlet,,0.3353034555912018,0.9283920526504517,12,0.23180198669433594,1.1856868528308275
dirichlet,,0.2961041033267975,0.9415996670722961,10,0.22844424843788147,1.1856868528308275
dirichlet,,0.2578413486480713,1.0644891262054443,9,0.22633512318134308,1.1856868528308275
dirichlet,,0.30863726139068604,1.1122277975082397,10,0.19924309849739075,1.1856868528308275
dirichlet,,0.23769636452198029,1.0411080121994019,10,0.22783789038658142,1.1856868528308275
dirichlet,,0.23273809254169464,1.0134451389312744,10,0.16491322219371796,1.1856868528308275
dirichlet,,0.2777625322341919,1.1605207920074463,12,0.24558033049106598,1.1856868528308275
dirichlet,,0.3281014859676361,1.0685175657272339,11,0.2238333821296692,1.1856868528308275
dirichlet,,0.2498696744441986,1.017881989479065,9,0.14406561851501465,1.1856868528308275
dirichlet,,0.3633188009262085,1.1317129135131836,11,0.34156304597854614,1.1856868528308275
dirichlet,,0.3482438623905182,1.3278043270111084,11,0.19681304693222046,1.1856868528308275
dirichlet,,0.41895952820777893,0.9876222610473633,10,0.2502354383468628,1.1856868528308275
dirichlet,,0.2810940444469452,0.9876556396484375,11,0.1669575273990631,1.1856868528308275
dirichlet,,0.26375603675842285,0.6808592081069946,10,0.2128235250711441,1.1856868528308275
dirichlet,,0.3430866301059723,0.9784215092658997,11,0.21263056993484497,1.1856868528308275
dirichlet,,0.24906757473945618,1.2287577390670776,10,0.17234763503074646,1.1856868528308275
dirichlet,,0.361430823802948,1.1377345323562622,11,0.19694064557552338,1.1856868528308275
dirichlet,,0.21444736421108246,1.2726812362670898,10,0.1983184814453125,1.1856868528308275
dirichlet,,0.30028852820396423,1.0133105516433716,11,0.2338913083076477,1.1856868528308275
dirichlet,,0.305838018655777,1.144371747970581,9,0.27667534351348877,1.1856868528308275
dirichlet,,0.2354300320148468,1.0723882913589478,11,0.24342164397239685,1.1856868528308275
dirichlet,,0.33388084173202515,0.8515496253967285,9,0.23077476024627686,1.1856868528308275
dirichlet,,0.25187358260154724,1.2929039001464844,10,0.23333293199539185,1.1856868528308275
dirichlet,,0.32113221287727356,0.9123474955558777,11,0.21159231662750244,1.1856868528308275
dirichlet,,0.336573988199234,0.9698275327682495,11,0.20791181921958923,1.1856868528308275
dirichlet,,0.26314738392829895,1.0922706127166748,11,0.18254132568836212,1.1856868528308275
dirichlet,,0.3222352862358093,1.0746442079544067,10,0.21860674023628235,1.1856868528308275
dirichlet,,0.2929001450538635,1.2364752292633057,11,0.260064959526062,1.1856868528308275
dirichlet,,0.35160356760025024,0.9524483680725098,11,0.23128242790699005,1.1856868528308275
dirichlet,,0.303867369890213,0.9666145443916321,11,0.20399218797683716,1.1856868528308275
dirichlet,,0.3216927945613861,0.9508152008056641,10,0.22742846608161926,1.1856868528308275
dirichlet,,0.36904919147491455,1.1199747323989868,10,0.2550901174545288,1.1856868528308275
dirichlet,,0.2555386424064636,1.0992637872695923,10,0.29160115122795105,1.1856868528308275
dirichlet,,0.28490597009658813,1.1721022129058838,10,0.13922211527824402,1.1856868528308275
dirichlet,,0.25944942235946655,1.2034070491790771,11,0.17932254076004028,1.1856868528308275
dirichlet,,0.3146461844444275,1.1220148801803589,10,0.23857168853282928,1.1856868528308275
dirichlet,,0.25219473242759705,0.8704735040664673,12,0.17937463521957397,1.1856868528308275
dirichlet,,0.31511709094047546,1.0987522602081299,10,0.19532783329486847,1.1856868528308275
dirichlet,,0.30371105670928955,1.2162734270095825,11,0.18388798832893372,1.1856868528308275
dirichlet,,0.3329000174999237,1.156102180480957,10,0.3041004240512848,1.1856868528308275
dirichlet,,0.21761737763881683,0.8268545269966125,10,0.21389737725257874,1.1856868528308275
dirichlet,,0.28252747654914856,0.965201735496521,11,0.274830162525177,1.1856868528308275
dirichlet,,0.28360313177108765,1.1552770137786865,12,0.2413806915283203,1.1856868528308275
dirichlet,,0.35175269842147827,1.0619008541107178,11,0.20280860364437103,1.1856868528308275
dirichlet,,0.3277797996997833,1.1478644609451294,11,0.15528225898742676,1.1856868528308275
dirichlet,,0.319275438785553,0.9218481183052063,11,0.21027716994285583,1.1856868528308275
dirichlet,,0.24451352655887604,1.0143535137176514,10,0.19727438688278198,1.1856868528308275
dirichlet,,0.283931702375412,0.9622532725334167,11,0.22019749879837036,1.1856868528308275
dirichlet,,0.42855459451675415,1.1223868131637573,11,0.2605862617492676,1.1856868528308275
dirichlet,,0.36367207765579224,1.102203607559204,10,0.25656259059906006,1.1856868528308275
dirichlet,,0.22947002947330475,0.8568791151046753,11,0.20935669541358948,1.1856868528308275
dirichlet,,0.3861156105995178,0.7771437168121338,10,0.2892301678657532,1.1856868528308275
dirichlet,,0.3339691162109375,0.9774050712585449,10,0.21562066674232483,1.1856868528308275
dirichlet,,0.3722459375858307,0.8864408731460571,10,0.29892510175704956,1.1856868528308275
dirichlet,,0.2633156478404999,1.093578815460205,10,0.23753869533538818,1.1856868528308275
dirichlet,,0.2832300364971161,0.8133455514907837,9,0.22351624071598053,1.1856868528308275
dirichlet,,0.3196536898612976,0.7842397689819336,10,0.2234073132276535,1.1856868528308275
dirichlet,,0.29798877239227295,1.1407066583633423,10,0.2586248815059662,1.1856868528308275
dirichlet,,0.3244354724884033,1.282253384590149,9,0.22368769347667694,1.1856868528308275
dirichlet,,0.23232847452163696,0.8712650537490845,10,0.3331049084663391,1.1856868528308275
dirichlet,,0.3438854217529297,1.0965245962142944,11,0.2563075125217438,1.1856868528308275
dirichlet,,0.2897690534591675,1.332008957862854,9,0.24989792704582214,1.1856868528308275
dirichlet,,0.2938429117202759,1.062687635421753,12,0.22043222188949585,1.1856868528308275
dirichlet,,0.2757573127746582,1.1202943325042725,10,0.31139475107192993,1.1856868528308275
dirichlet,,0.34102296829223633,0.9093931317329407,11,0.2936922311782837,1.1856868528308275
dirichlet,,0.3225078582763672,0.79899001121521,11,0.20181690156459808,1.1856868528308275
dirichlet,,0.3374764621257782,0.8997632265090942,12,0.19759376347064972,1.1856868528308275
dirichlet,,0.2623387575149536,0.9508430361747742,11,0.2079339325428009,1.1856868528308275
dirichlet,,0.2864230275154114,0.7307388186454773,8,0.22833165526390076,1.1856868528308275
dirichlet,,0.29487496614456177,0.6858096122741699,9,0.20641091465950012,1.1856868528308275
dirichlet,,0.264254093170166,1.1327766180038452,11,0.25828421115875244,1.1856868528308275
dirichlet,,0.24456806480884552,1.1913492679595947,11,0.20993497967720032,1.1856868528308275
dirichlet,,0.2455388456583023,1.025083303451538,11,0.19278167188167572,1.1856868528308275
dirichlet,,0.33550161123275757,0.7133318185806274,9,0.14916536211967468,1.1856868528308275
dirichlet,,0.3184894025325775,1.1329803466796875,12,0.2769763469696045,1.1856868528308275
dirichlet,,0.2612658739089966,1.2400305271148682,10,0.23091791570186615,1.1856868528308275
dirichlet,,0.3016101121902466,1.1243946552276611,11,0.24638411402702332,1.1856868528308275
dirichlet,,0.25123482942581177,1.1001036167144775,11,0.26341232657432556,1.1856868528308275
dirichlet,,0.3315052390098572,1.0442547798156738,11,0.2712319493293762,1.1856868528308275
dirichlet,,0.2313254177570343,1.0167386531829834,11,0.1816556304693222,1.1856868528308275
dirichlet,,0.2983730435371399,1.0397288799285889,11,0.19480369985103607,1.1856868528308275
dirichlet,,0.2753749489784241,1.118770718574524,10,0.26365286111831665,1.1856868528308275
dirichlet,,0.38899359107017517,1.205639123916626,11,0.2623220384120941,1.1856868528308275
dirichlet,,0.20669439435005188,0.9825903177261353,11,0.2135295420885086,1.1856868528308275
dirichlet,,0.27707141637802124,0.9952787160873413,10,0.264782577753067,1.1856868528308275
dirichlet,,0.34569185972213745,0.8855632543563843,10,0.19077686965465546,1.1856868528308275
dirichlet,,0.2892948091030121,1.2813408374786377,11,0.160150408744812,1.1856868528308275
dirichlet,,0.31418371200561523,1.0799754858016968,11,0.3060171604156494,1.1856868528308275
dirichlet,,0.3023356795310974,1.100700855255127,11,0.2038934826850891,1.1856868528308275
dirichlet,,0.28102347254753113,1.1588108539581299,11,0.21791759133338928,1.1856868528308275
dirichlet,,0.22188295423984528,1.0487949848175049,10,0.18997514247894287,1.1856868528308275
dirichlet,,0.21815313398838043,0.9869993329048157,10,0.20531073212623596,1.1856868528308275
dirichlet,,0.33141404390335083,1.1054936647415161,12,0.19122150540351868,1.1856868528308275
dirichlet,,0.29086562991142273,1.2903872728347778,10,0.21403488516807556,1.1856868528308275
dirichlet,,0.3586684465408325,0.9361701011657715,11,0.1986171454191208,1.1856868528308275
dirichlet,,0.41875264048576355,1.0055958032608032,10,0.20233871042728424,1.1856868528308275
dirichlet,,0.2883743643760681,0.947158694267273,11,0.2781772017478943,1.1856868528308275
dirichlet,,0.24329058825969696,0.9575638771057129,10,0.1842554658651352,1.1856868528308275
dirichlet,,0.269470751285553,1.265380620956421,12,0.20701952278614044,1.1856868528308275
dirichlet,,0.3195059597492218,1.4305832386016846,11,0.17295220494270325,1.1856868528308275
dirichlet,,0.3123018741607666,0.8604499697685242,10,0.2808019518852234,1.1856868528308275
dirichlet,,0.3865945339202881,1.3586599826812744,11,0.2831333577632904,1.1856868528308275
dirichlet,,0.3176320195198059,0.9685775637626648,10,0.19467014074325562,1.1856868528308275
dirichlet,,0.27266383171081543,1.1993424892425537,10,0.15958870947360992,1.1856868528308275
dirichlet,,0.32297420501708984,1.1432921886444092,10,0.25759804248809814,1.1856868528308275
dirichlet,,0.24224992096424103,0.9788107872009277,11,0.15827566385269165,1.1856868528308275
dirichlet,,0.2579466998577118,1.0592372417449951,11,0.23816707730293274,1.1856868528308275
dirichlet,,0.3794081509113312,1.127750277519226,11,0.24147099256515503,1.1856868528308275
dirichlet,,0.24664543569087982,1.0235337018966675,11,0.2462172955274582,1.1856868528308275
dirichlet,,0.33994734287261963,1.1149547100067139,11,0.18268200755119324,1.1856868528308275
dirichlet,,0.35726630687713623,0.9414528012275696,10,0.2029055655002594,1.1856868528308275
dirichlet,,0.2652658224105835,1.1498348712921143,10,0.30358922481536865,1.1856868528308275
dirichlet,,0.2081095427274704,1.070512056350708,11,0.21844656765460968,1.1856868528308275
dirichlet,,0.2872353494167328,1.246953010559082,11,0.2417963296175003,1.1856868528308275
dirichlet,,0.3034249246120453,1.1106666326522827,12,0.2719157934188843,1.1856868528308275
dirichlet,,0.22836491465568542,1.0745415687561035,11,0.24545472860336304,1.1856868528308275
dirichlet,,0.3979206383228302,1.0915027856826782,10,0.1979648321866989,1.1856868528308275
dirichlet,,0.3077002763748169,1.0121933221817017,9,0.22902865707874298,1.1856868528308275
dirichlet,,0.27682751417160034,1.0039536952972412,11,0.22920270264148712,1.1856868528308275
dirichlet,,0.3043651282787323,1.160460352897644,9,0.2014310657978058,1.1856868528308275
dirichlet,,0.2733311355113983,0.9118593335151672,11,0.15387305617332458,1.1856868528308275
dirichlet,,0.3236471116542816,0.8384343385696411,10,0.20059770345687866,1.1856868528308275
dirichlet,,0.39598360657691956,0.9889561533927917,11,0.2630618214607239,1.1856868528308275
dirichlet,,0.2571331560611725,1.1109144687652588,11,0.21047943830490112,1.1856868528308275
dirichlet,,0.27535101771354675,0.7999169230461121,11,0.21232956647872925,1.1856868528308275
dirichlet,,0.3580304682254791,1.1706123352050781,10,0.2596551477909088,1.1856868528308275
dirichlet,,0.3567095696926117,1.1095247268676758,10,0.2964874804019928,1.1856868528308275
dirichlet,,0.27902093529701233,1.3897709846496582,11,0.20189785957336426,1.1856868528308275
dirichlet,,0.2672707438468933,1.109047532081604,9,0.22583556175231934,1.1856868528308275
dirichlet,,0.26389238238334656,1.0857393741607666,11,0.24772001802921295,1.1856868528308275
dirichlet,,0.29184141755104065,1.041869878768921,10,0.1819845736026764,1.1856868528308275
dirichlet,,0.3360665440559387,1.3026195764541626,11,0.22341430187225342,1.1856868528308275
dirichlet,,0.258381187915802,0.9025775194168091,11,0.20290224254131317,1.1856868528308275
dirichlet,,0.31243959069252014,0.9665924310684204,11,0.24442870914936066,1.1856868528308275
dirichlet,,0.36692798137664795,0.9593849182128906,9,0.176176056265831,1.1856868528308275
dirichlet,,0.331400603055954,1.0161371231079102,11,0.20620617270469666,1.1856868528308275
dirichlet,,0.3817390203475952,0.8964656591415405,10,0.1909346580505371,1.1856868528308275
dirichlet,,0.3004279136657715,1.149861454963684,9,0.17362599074840546,1.1856868528308275
dirichlet,,0.26742517948150635,1.152336835861206,10,0.2174539864063263,1.1856868528308275
dirichlet,,0.33256736397743225,1.0665833950042725,10,0.35523903369903564,1.1856868528308275
dirichlet,,0.2770266532897949,1.1965746879577637,11,0.18915611505508423,1.1856868528308275
dirichlet,,0.3092575967311859,1.1937006711959839,11,0.23445692658424377,1.1856868528308275
dirichlet,,0.3479151725769043,0.9892641305923462,11,0.2754287123680115,1.1856868528308275
dirichlet,,0.25465917587280273,1.0039281845092773,8,0.27560028433799744,1.1856868528308275
dirichlet,,0.2829057276248932,1.2857319116592407,11,0.29733312129974365,1.1856868528308275
dirichlet,,0.3320169746875763,0.9481193423271179,10,0.2193702906370163,1.1856868528308275
dirichlet,,0.35059553384780884,1.1490356922149658,11,0.20741796493530273,1.1856868528308275
dirichlet,,0.2618568241596222,1.0623750686645508,9,0.1875792145729065,1.1856868528308275
dirichlet,,0.26891541481018066,1.2386362552642822,10,0.3272579312324524,1.1856868528308275
dirichlet,,0.36705130338668823,1.329474687576294,10,0.2162889540195465,1.1856868528308275
dirichlet,,0.22944852709770203,1.1274311542510986,11,0.3271772265434265,1.1856868528308275
dirichlet,,0.33006197214126587,1.093018889427185,11,0.14937876164913177,1.1856868528308275
dirichlet,,0.3680820167064667,0.9004560708999634,10,0.21102114021778107,1.1856868528308275
dirichlet,,0.2562989294528961,1.2628026008605957,10,0.3561446964740753,1.1856868528308275
dirichlet,,0.26920899748802185,0.901547908782959,11,0.3138911724090576,1.1856868528308275
dirichlet,,0.3000795543193817,1.1318327188491821,9,0.22356823086738586,1.1856868528308275
dirichlet,,0.2600231468677521,0.8056216239929199,10,0.2042919248342514,1.1856868528308275
dirichlet,,0.34321674704551697,1.184685468673706,11,0.2830890417098999,1.1856868528308275
dirichlet,,0.2707570791244507,1.1541087627410889,11,0.22789642214775085,1.1856868528308275
dirichlet,,0.334330677986145,1.1170411109924316,10,0.18978431820869446,1.1856868528308275
dirichlet,,0.22371387481689453,1.0661308765411377,11,0.2261233627796173,1.1856868528308275
dirichlet,,0.30283302068710327,1.0645695924758911,11,0.12567831575870514,1.1856868528308275
dirichlet,,0.33038562536239624,1.0354430675506592,10,0.20678558945655823,1.1856868528308275
dirichlet,,0.2927115857601166,1.166545033454895,10,0.1340310275554657,1.1856868528308275
dirichlet,,0.393032044172287,0.8220117688179016,11,0.22485393285751343,1.1856868528308275
dirichlet,,0.4372338056564331,1.191952109336853,10,0.21721100807189941,1.1856868528308275
dirichlet,,0.33962395787239075,0.9667313694953918,9,0.23204055428504944,1.1856868528308275
dirichlet,,0.29239076375961304,1.196347951889038,11,0.20174212753772736,1.1856868528308275
dirichlet,,0.28422579169273376,1.1241313219070435,10,0.2543945014476776,1.1856868528308275
dirichlet,,0.3120192587375641,0.9199665784835815,10,0.2807413339614868,1.1856868528308275
dirichlet,,0.19846703112125397,1.109025239944458,9,0.22589945793151855,1.1856868528308275
dirichlet,,0.3184053599834442,1.2551624774932861,10,0.26325953006744385,1.1856868528308275
dirichlet,,0.4060099422931671,1.186915636062622,12,0.22187696397304535,1.1856868528308275
dirichlet,,0.26455867290496826,1.1915910243988037,11,0.25672101974487305,1.1856868528308275
dirichlet,,0.29216811060905457,0.8690158724784851,10,0.2354734241962433,1.1856868528308275
dirichlet,,0.2773948609828949,0.9225096702575684,8,0.31537705659866333,1.1856868528308275
dirichlet,,0.30700427293777466,0.9851269721984863,10,0.19379717111587524,1.1856868528308275
dirichlet,,0.32273998856544495,1.2643299102783203,11,0.29426732659339905,1.1856868528308275
dirichlet,,0.2635123133659363,0.8909202814102173,11,0.2752346992492676,1.1856868528308275
dirichlet,,0.28658995032310486,0.8065779805183411,11,0.15682269632816315,1.1856868528308275
dirichlet,,0.29693564772605896,1.187185525894165,10,0.23277507722377777,1.1856868528308275
dirichlet,,0.26841017603874207,0.9354187846183777,11,0.164709210395813,1.1856868528308275
dirichlet,,0.3157353401184082,0.9070615768432617,10,0.2655123174190521,1.1856868528308275
dirichlet,,0.28123390674591064,1.2271525859832764,10,0.19853858649730682,1.1856868528308275
dirichlet,,0.32607024908065796,1.03885817527771,11,0.20698633790016174,1.1856868528308275
dirichlet,,0.3450721204280853,0.9960482716560364,10,0.22738172113895416,1.1856868528308275
dirichlet,,0.31978073716163635,1.2649625539779663,10,0.2635536193847656,1.1856868528308275
dirichlet,,0.3276623487472534,1.232247233390808,11,0.21822845935821533,1.1856868528308275
dirichlet,,0.3194684684276581,1.1550583839416504,10,0.23218432068824768,1.1856868528308275
dirichlet,,0.31820622086524963,1.0958267450332642,10,0.246707946062088,1.1856868528308275
dirichlet,,0.3359159529209137,0.7795374989509583,11,0.21310532093048096,1.1856868528308275
dirichlet,,0.23107407987117767,1.1236131191253662,11,0.1772051602602005,1.1856868528308275
dirichlet,,0.3372156620025635,0.9622293710708618,10,0.2417408674955368,1.1856868528308275
dirichlet,,0.326339453458786,1.1502139568328857,9,0.3054104447364807,1.1856868528308275
dirichlet,,0.4208199381828308,1.0935344696044922,12,0.2887715697288513,1.1856868528308275
dirichlet,,0.40922805666923523,0.8345826864242554,10,0.24429795145988464,1.1856868528308275
dirichlet,,0.29348698258399963,1.2701199054718018,11,0.29735398292541504,1.1856868528308275
dirichlet,,0.2254778891801834,1.0371342897415161,10,0.24558210372924805,1.1856868528308275
dirichlet,,0.2663308084011078,1.0566117763519287,11,0.14629849791526794,1.1856868528308275
dirichlet,,0.33373725414276123,1.0799099206924438,11,0.28038811683654785,1.1856868528308275
dirichlet,,0.36054039001464844,0.9082543253898621,10,0.2353171706199646,1.1856868528308275
dirichlet,,0.35708799958229065,1.004827857017517,10,0.2397024929523468,1.1856868528308275
dirichlet,,0.3352983891963959,0.8338452577590942,11,0.25203877687454224,1.1856868528308275
dirichlet,,0.3806770443916321,0.8534309267997742,10,0.1605222225189209,1.1856868528308275
dirichlet,,0.3416169285774231,1.043509840965271,10,0.23591649532318115,1.1856868528308275
dirichlet,,0.2645909786224365,1.1300913095474243,11,0.1771756410598755,1.1856868528308275
dirichlet,,0.3026025891304016,1.2880698442459106,11,0.2796741724014282,1.1856868528308275
dirichlet,,0.31025025248527527,0.8723241090774536,9,0.18654894828796387,1.1856868528308275
dirichlet,,0.40406548976898193,0.9475597143173218,10,0.26653414964675903,1.1856868528308275
dirichlet,,0.2917512059211731,1.092654824256897,11,0.25377050042152405,1.1856868528308275
dirichlet,,0.31604814529418945,1.0448530912399292,10,0.19088393449783325,1.1856868528308275
dirichlet,,0.2949887812137604,1.149739146232605,10,0.23717738687992096,1.1856868528308275
dirichlet,,0.2799358069896698,1.0108884572982788,11,0.24792522192001343,1.1856868528308275
dirichlet,,0.299466997385025,1.108366847038269,11,0.22611579298973083,1.1856868528308275
dirichlet,,0.27870312333106995,1.1712411642074585,11,0.17867828905582428,1.1856868528308275
dirichlet,,0.2817521393299103,0.9473730325698853,10,0.3113980293273926,1.1856868528308275
dirichlet,,0.31467339396476746,0.8803244829177856,11,0.13772344589233398,1.1856868528308275
dirichlet,,0.3065895140171051,1.0816075801849365,10,0.19084922969341278,1.1856868528308275
dirichlet,,0.31998053193092346,0.7272254228591919,10,0.21835538744926453,1.1856868528308275
dirichlet,,0.3054952621459961,1.1895731687545776,11,0.22214603424072266,1.1856868528308275
dirichlet,,0.23443257808685303,1.1730514764785767,11,0.1808212399482727,1.1856868528308275
dirichlet,,0.34428080916404724,1.110189437866211,11,0.2053670585155487,1.1856868528308275
dirichlet,,0.3383241891860962,0.9044963717460632,11,0.30294516682624817,1.1856868528308275
dirichlet,,0.39104655385017395,1.2046562433242798,10,0.28837722539901733,1.1856868528308275
dirichlet,,0.2659693658351898,1.0186479091644287,11,0.23184755444526672,1.1856868528308275
dirichlet,,0.2648731768131256,1.0288112163543701,10,0.1756332516670227,1.1856868528308275
dirichlet,,0.2969558835029602,1.189122200012207,11,0.2367074191570282,1.1856868528308275
dirichlet,,0.28557088971138,0.8003034591674805,11,0.21052148938179016,1.1856868528308275
dirichlet,,0.35934627056121826,0.997772216796875,10,0.15115605294704437,1.1856868528308275
dirichlet,,0.28878459334373474,1.0452415943145752,11,0.16558508574962616,1.1856868528308275
dirichlet,,0.32654815912246704,1.1016229391098022,11,0.2389407455921173,1.1856868528308275
dirichlet,,0.24393005669116974,1.1288937330245972,10,0.21451327204704285,1.1856868528308275
dirichlet,,0.23747169971466064,1.3065006732940674,11,0.2555807828903198,1.1856868528308275
dirichlet,,0.40817657113075256,1.0278862714767456,11,0.2095782458782196,1.1856868528308275
dirichlet,,0.32555362582206726,0.9765416979789734,10,0.39680537581443787,1.1856868528308275
dirichlet,,0.2168559581041336,1.1682056188583374,11,0.21265053749084473,1.1856868528308275
dirichlet,,0.24661220610141754,1.2136585712432861,11,0.13828587532043457,1.1856868528308275
dirichlet,,0.2965396046638489,0.9352285265922546,10,0.21434569358825684,1.1856868528308275
dirichlet,,0.3662986755371094,0.949244499206543,10,0.17221078276634216,1.1856868528308275
dirichlet,,0.276330828666687,1.2447702884674072,10,0.2715423107147217,1.1856868528308275
dirichlet,,0.3607604205608368,0.8972471952438354,10,0.20101386308670044,1.1856868528308275
dirichlet,,0.32480552792549133,0.8693658709526062,11,0.19628292322158813,1.1856868528308275
dirichlet,,0.30878254771232605,1.090402603149414,11,0.22328458726406097,1.1856868528308275
dirichlet,,0.32098329067230225,0.9723979830741882,9,0.23894158005714417,1.1856868528308275
dirichlet,,0.26470139622688293,0.8709279298782349,11,0.20440083742141724,1.1856868528308275
dirichlet,,0.3553498387336731,1.2029783725738525,9,0.1709914207458496,1.1856868528308275
dirichlet,,0.2371036410331726,1.0041491985321045,10,0.28408950567245483,1.1856868528308275
dirichlet,,0.29680436849594116,1.329848051071167,9,0.18178975582122803,1.1856868528308275
dirichlet,,0.27488693594932556,0.934759259223938,10,0.12598881125450134,1.1856868528308275
dirichlet,,0.31551289558410645,0.9165430068969727,11,0.22106662392616272,1.1856868528308275
dirichlet,,0.30999377369880676,1.0458002090454102,11,0.2308329939842224,1.1856868528308275
dirichlet,,0.35732683539390564,0.9731898307800293,10,0.22891172766685486,1.1856868528308275
dirichlet,,0.2497616857290268,0.822555661201477,9,0.20711705088615417,1.1856868528308275
dirichlet,,0.3185121417045593,0.9533151388168335,11,0.2708849012851715,1.1856868528308275
dirichlet,,0.26365387439727783,1.0321357250213623,10,0.21379496157169342,1.1856868528308275
dirichlet,,0.29490378499031067,0.8622722625732422,9,0.22497321665287018,1.1856868528308275
dirichlet,,0.27998244762420654,1.2813358306884766,9,0.3107956051826477,1.1856868528308275
dirichlet,,0.32779809832572937,1.1693766117095947,10,0.24395450949668884,1.1856868528308275
dirichlet,,0.2861165404319763,1.1391993761062622,10,0.31895536184310913,1.1856868528308275
dirichlet,,0.28644227981567383,0.9258257746696472,10,0.26078808307647705,1.1856868528308275
dirichlet,,0.36872613430023193,1.1890149116516113,9,0.2533506155014038,1.1856868528308275
dirichlet,,0.26545432209968567,1.0797706842422485,11,0.2328367531299591,1.1856868528308275
dirichlet,,0.2775147259235382,1.0307180881500244,10,0.2903327941894531,1.1856868528308275
dirichlet,,0.4105754792690277,0.9652947187423706,10,0.21832311153411865,1.1856868528308275
dirichlet,,0.39175179600715637,1.2536592483520508,12,0.19001632928848267,1.1856868528308275
dirichlet,,0.3106813430786133,1.1880956888198853,11,0.2374533712863922,1.1856868528308275
dirichlet,,0.2857702970504761,1.0902044773101807,11,0.25081154704093933,1.1856868528308275
dirichlet,,0.28735101222991943,1.2683664560317993,12,0.23425602912902832,1.1856868528308275
dirichlet,,0.27703332901000977,1.237286925315857,11,0.197451651096344,1.1856868528308275
dirichlet,,0.3488033413887024,0.9635816812515259,11,0.21866418421268463,1.1856868528308275
dirichlet,,0.3208426535129547,0.9408558011054993,9,0.14343538880348206,1.1856868528308275
dirichlet,,0.29204174876213074,1.1158723831176758,11,0.20593175292015076,1.1856868528308275
dirichlet,,0.29070207476615906,1.2672455310821533,11,0.2529231309890747,1.1856868528308275
dirichlet,,0.33704498410224915,1.0209038257598877,11,0.2336513102054596,1.1856868528308275
dirichlet,,0.31440451741218567,1.2377753257751465,11,0.21322596073150635,1.1856868528308275
dirichlet,,0.26281455159187317,0.9502538442611694,10,0.20405328273773193,1.1856868528308275
dirichlet,,0.2986477315425873,0.9110444188117981,11,0.12971122562885284,1.1856868528308275
dirichlet,,0.2856001853942871,1.1137030124664307,11,0.20974132418632507,1.1856868528308275
dirichlet,,0.304474413394928,1.0469977855682373,11,0.3461262285709381,1.1856868528308275
dirichlet,,0.30569756031036377,1.0451208353042603,10,0.22840720415115356,1.1856868528308275
dirichlet,,0.2733515501022339,0.7750999331474304,11,0.22413577139377594,1.1856868528308275
dirichlet,,0.39305341243743896,0.9548711776733398,11,0.24202528595924377,1.1856868528308275
dirichlet,,0.28369301557540894,1.0436040163040161,10,0.2532201409339905,1.1856868528308275
dirichlet,,0.2752285897731781,1.221985936164856,10,0.24305632710456848,1.1856868528308275
dirichlet,,0.3088708817958832,0.9496620297431946,10,0.24026700854301453,1.1856868528308275
dirichlet,,0.3552900552749634,1.1585028171539307,9,0.26007378101348877,1.1856868528308275
dirichlet,,0.2851964831352234,1.0227924585342407,9,0.292380690574646,1.1856868528308275
dirichlet,,0.2863343060016632,1.071358323097229,10,0.27890098094940186,1.1856868528308275
dirichlet,,0.34677645564079285,0.8872306942939758,11,0.2595842778682709,1.1856868528308275
dirichlet,,0.2873799204826355,1.2096027135849,10,0.19607552886009216,1.1856868528308275
dirichlet,,0.31387749314308167,1.025030255317688,10,0.19967862963676453,1.1856868528308275
dirichlet,,0.2814679741859436,0.9309622049331665,10,0.1968889832496643,1.1856868528308275
dirichlet,,0.26985108852386475,1.16634202003479,11,0.16578787565231323,1.1856868528308275
dirichlet,,0.22901587188243866,0.970870316028595,10,0.21434970200061798,1.1856868528308275
dirichlet,,0.2860855162143707,1.2068254947662354,10,0.24850420653820038,1.1856868528308275
dirichlet,,0.4202926456928253,1.008305311203003,10,0.24159860610961914,1.1856868528308275
dirichlet,,0.31209927797317505,0.9595546722412109,9,0.31405916810035706,1.1856868528308275
dirichlet,,0.29104164242744446,1.0469334125518799,11,0.19685733318328857,1.1856868528308275
dirichlet,,0.3260749578475952,0.8941241502761841,10,0.18615001440048218,1.1856868528308275
dirichlet,,0.3391125500202179,0.9969006776809692,11,0.26999402046203613,1.1856868528308275
dirichlet,,0.37484341859817505,0.9939943552017212,11,0.2793278694152832,1.1856868528308275
dirichlet,,0.34443092346191406,0.870978832244873,10,0.209445983171463,1.1856868528308275
dirichlet,,0.253088116645813,1.294596552848816,12,0.259994238615036,1.1856868528308275
dirichlet,,0.28923681378364563,1.0534535646438599,10,0.19031986594200134,1.1856868528308275
dirichlet,,0.3663010001182556,1.2362834215164185,11,0.20614714920520782,1.1856868528308275
dirichlet,,0.3034154176712036,0.8901183009147644,10,0.1527518332004547,1.1856868528308275
dirichlet,,0.3170700669288635,1.0377589464187622,10,0.3107759952545166,1.1856868528308275
dirichlet,,0.32983970642089844,1.1751787662506104,11,0.26130878925323486,1.1856868528308275
dirichlet,,0.2653128504753113,1.1241142749786377,10,0.245205357670784,1.1856868528308275
dirichlet,,0.3050917685031891,1.0968644618988037,10,0.25874197483062744,1.1856868528308275
dirichlet,,0.3177593946456909,1.0407997369766235,10,0.2640460729598999,1.1856868528308275
dirichlet,,0.34067440032958984,0.9921234846115112,11,0.21763405203819275,1.1856868528308275
dirichlet,,0.34080958366394043,0.8804244995117188,12,0.23885801434516907,1.1856868528308275
dirichlet,,0.36509594321250916,1.172958254814148,11,0.2756383419036865,1.1856868528308275
dirichlet,,0.4392925500869751,0.9463566541671753,10,0.18328489363193512,1.1856868528308275
dirichlet,,0.2883628010749817,0.8030452728271484,9,0.2534046769142151,1.1856868528308275
dirichlet,,0.3079221248626709,0.8896223902702332,11,0.31835874915122986,1.1856868528308275
dirichlet,,0.2704471945762634,0.9642660021781921,10,0.15715885162353516,1.1856868528308275
dirichlet,,0.39088794589042664,0.9885746240615845,11,0.2873953580856323,1.1856868528308275
dirichlet,,0.3111681342124939,1.025787591934204,10,0.20628446340560913,1.1856868528308275
dirichlet,,0.23975513875484467,0.9500139951705933,11,0.18507763743400574,1.1856868528308275
dirichlet,,0.3454854488372803,1.0656540393829346,10,0.24495315551757812,1.1856868528308275
dirichlet,,0.29903843998908997,1.1253718137741089,10,0.23592208325862885,1.1856868528308275
dirichlet,,0.3636511564254761,1.0979281663894653,10,0.2536517083644867,1.1856868528308275
dirichlet,,0.3201413154602051,0.927596926689148,11,0.24782942235469818,1.1856868528308275
dirichlet,,0.39353352785110474,1.045257329940796,10,0.24603217840194702,1.1856868528308275
dirichlet,,0.2757643163204193,1.1499582529067993,11,0.21243461966514587,1.1856868528308275
dirichlet,,0.3617667853832245,1.070988655090332,11,0.20128075778484344,1.1856868528308275
dirichlet,,0.3610123097896576,1.0708932876586914,12,0.2311834692955017,1.1856868528308275
dirichlet,,0.27694278955459595,1.0272897481918335,10,0.1957440972328186,1.1856868528308275
dirichlet,,0.2894309163093567,1.1135618686676025,11,0.19724521040916443,1.1856868528308275
dirichlet,,0.35218724608421326,1.0467004776000977,11,0.24334634840488434,1.1856868528308275
dirichlet,,0.32019051909446716,1.1736807823181152,10,0.26074981689453125,1.1856868528308275
dirichlet,,0.39346933364868164,1.181199312210083,10,0.23685085773468018,1.1856868528308275
dirichlet,,0.31527453660964966,1.0744751691818237,10,0.22038534283638,1.1856868528308275
dirichlet,,0.2940550446510315,1.2885427474975586,11,0.26093870401382446,1.5811388300841895
dirichlet,,0.2505054175853729,1.046026349067688,11,0.23105323314666748,1.5811388300841895
dirichlet,,0.30924564599990845,1.2696528434753418,11,0.28873372077941895,1.5811388300841895
dirichlet,,0.22304598987102509,0.8497539758682251,10,0.18129666149616241,1.5811388300841895
dirichlet,,0.21115681529045105,1.1021144390106201,9,0.26728785037994385,1.5811388300841895
dirichlet,,0.27812430262565613,1.092241883277893,9,0.2661776542663574,1.5811388300841895
dirichlet,,0.3642576038837433,0.962224006652832,10,0.20112183690071106,1.5811388300841895
dirichlet,,0.2758972644805908,1.15374755859375,10,0.21448910236358643,1.5811388300841895
dirichlet,,0.34020695090293884,0.9665379524230957,10,0.2838010787963867,1.5811388300841895
dirichlet,,0.27749207615852356,0.9953579902648926,11,0.22002822160720825,1.5811388300841895
dirichlet,,0.2980627715587616,1.2157785892486572,10,0.21668268740177155,1.5811388300841895
dirichlet,,0.3335140645503998,1.1860435009002686,10,0.2340570092201233,1.5811388300841895
dirichlet,,0.3047511875629425,1.4047597646713257,10,0.34999340772628784,1.5811388300841895
dirichlet,,0.3198334574699402,1.050861120223999,11,0.26575571298599243,1.5811388300841895
dirichlet,,0.2881758213043213,1.136237382888794,11,0.22454237937927246,1.5811388300841895
dirichlet,,0.26512396335601807,1.0317890644073486,12,0.23107673227787018,1.5811388300841895
dirichlet,,0.2692700922489166,1.1945035457611084,11,0.24175959825515747,1.5811388300841895
dirichlet,,0.33566296100616455,0.9994493722915649,11,0.18864582479000092,1.5811388300841895
dirichlet,,0.31536296010017395,1.0639753341674805,10,0.29191213846206665,1.5811388300841895
dirichlet,,0.31595170497894287,0.96137934923172,11,0.20349951088428497,1.5811388300841895
dirichlet,,0.2901833653450012,0.9012322425842285,11,0.235096737742424,1.5811388300841895
dirichlet,,0.37167468667030334,0.8589279055595398,10,0.17668461799621582,1.5811388300841895
dirichlet,,0.35337531566619873,1.1942261457443237,11,0.32350701093673706,1.5811388300841895
dirichlet,,0.2945568263530731,1.2637245655059814,11,0.23609502613544464,1.5811388300841895
dirichlet,,0.2519950866699219,1.1951544284820557,11,0.23416996002197266,1.5811388300841895
dirichlet,,0.27050381898880005,1.0878442525863647,10,0.1915416717529297,1.5811388300841895
dirichlet,,0.27154839038848877,1.0734165906906128,10,0.2841697335243225,1.5811388300841895
dirichlet,,0.268497496843338,1.0983397960662842,7,0.2530748248100281,1.5811388300841895
dirichlet,,0.31679975986480713,0.8397372961044312,12,0.27133235335350037,1.5811388300841895
dirichlet,,0.28764286637306213,1.0450966358184814,10,0.22333768010139465,1.5811388300841895
dirichlet,,0.2966175973415375,1.1289159059524536,11,0.21268679201602936,1.5811388300841895
dirichlet,,0.37495777010917664,0.9059619903564453,10,0.18555733561515808,1.5811388300841895
dirichlet,,0.3538680374622345,1.1521586179733276,10,0.19542047381401062,1.5811388300841895
dirichlet,,0.2792589068412781,0.971228301525116,11,0.29113703966140747,1.5811388300841895
dirichlet,,0.35444188117980957,0.7607728838920593,10,0.20650728046894073,1.5811388300841895
dirichlet,,0.36605241894721985,1.0618903636932373,11,0.3696182668209076,1.5811388300841895
dirichlet,,0.25632524490356445,1.1890842914581299,10,0.23707200586795807,1.5811388300841895
dirichlet,,0.33974164724349976,1.1126997470855713,10,0.20653992891311646,1.5811388300841895
dirichlet,,0.3123399317264557,0.9081063270568848,11,0.3254837393760681,1.5811388300841895
dirichlet,,0.2654551863670349,1.1238248348236084,10,0.3276207447052002,1.5811388300841895
dirichlet,,0.29719850420951843,1.0799829959869385,9,0.26149430871009827,1.5811388300841895
dirichlet,,0.3181946575641632,0.9220043420791626,11,0.21165421605110168,1.5811388300841895
dirichlet,,0.28615084290504456,0.9519068002700806,10,0.26871395111083984,1.5811388300841895
dirichlet,,0.24744245409965515,0.9181302189826965,11,0.2467859387397766,1.5811388300841895
dirichlet,,0.30147621035575867,1.2471106052398682,10,0.29851529002189636,1.5811388300841895
dirichlet,,0.29604828357696533,0.9968406558036804,11,0.18982386589050293,1.5811388300841895
dirichlet,,0.3329155743122101,1.048683762550354,10,0.20862486958503723,1.5811388300841895
dirichlet,,0.3171197175979614,1.170734167098999,8,0.21051815152168274,1.5811388300841895
dirichlet,,0.30684182047843933,0.9295018911361694,10,0.24117588996887207,1.5811388300841895
dirichlet,,0.3084861636161804,0.9573953747749329,10,0.3878040909767151,1.5811388300841895
dirichlet,,0.22191108763217926,0.9957958459854126,11,0.20193952322006226,1.5811388300841895
dirichlet,,0.30147337913513184,1.1601465940475464,10,0.2854672074317932,1.5811388300841895
dirichlet,,0.2461242973804474,1.1478509902954102,11,0.1380731761455536,1.5811388300841895
dirichlet,,0.30166637897491455,0.8668705224990845,11,0.22225350141525269,1.5811388300841895
dirichlet,,0.311654269695282,1.0092798471450806,8,0.20494836568832397,1.5811388300841895
dirichlet,,0.2945764660835266,1.1207220554351807,9,0.22124749422073364,1.5811388300841895
dirichlet,,0.3083788752555847,1.2447221279144287,10,0.15631504356861115,1.5811388300841895
dirichlet,,0.31177231669425964,1.0379669666290283,11,0.26476746797561646,1.5811388300841895
dirichlet,,0.2382594347000122,1.1037063598632812,12,0.183259055018425,1.5811388300841895
dirichlet,,0.2991350591182709,1.0892173051834106,10,0.2534784972667694,1.5811388300841895
dirichlet,,0.35977476835250854,1.0066230297088623,8,0.21800698339939117,1.5811388300841895
dirichlet,,0.3137076199054718,1.1348345279693604,11,0.24663540720939636,1.5811388300841895
dirichlet,,0.35993722081184387,1.0294004678726196,10,0.28409647941589355,1.5811388300841895
dirichlet,,0.2798841595649719,1.2823723554611206,9,0.2773803472518921,1.5811388300841895
dirichlet,,0.32278338074684143,0.8711463809013367,10,0.33600980043411255,1.5811388300841895
dirichlet,,0.25039321184158325,0.8076593279838562,10,0.23578563332557678,1.5811388300841895
dirichlet,,0.31813907623291016,0.894725501537323,10,0.1325940191745758,1.5811388300841895
dirichlet,,0.3378637731075287,1.0214496850967407,10,0.2336764633655548,1.5811388300841895
dirichlet,,0.28060397505760193,0.9913406372070312,11,0.1760214865207672,1.5811388300841895
dirichlet,,0.280109703540802,0.6953108310699463,9,0.2304476499557495,1.5811388300841895
dirichlet,,0.2979280352592468,0.8794693946838379,11,0.18407252430915833,1.5811388300841895
dirichlet,,0.3185432255268097,0.923475444316864,11,0.28411537408828735,1.5811388300841895
dirichlet,,0.2494203895330429,1.0564666986465454,11,0.26762112975120544,1.5811388300841895
dirichlet,,0.3362583816051483,1.1821579933166504,12,0.28054359555244446,1.5811388300841895
dirichlet,,0.2952353358268738,0.9119194149971008,11,0.2567603588104248,1.5811388300841895
dirichlet,,0.327845960855484,0.9332395792007446,12,0.19899576902389526,1.5811388300841895
dirichlet,,0.3338361978530884,1.230293869972229,10,0.22478604316711426,1.5811388300841895
dirichlet,,0.43065744638442993,0.850949764251709,10,0.2166753113269806,1.5811388300841895
dirichlet,,0.27514076232910156,1.1490418910980225,10,0.21729886531829834,1.5811388300841895
dirichlet,,0.33244672417640686,1.2906248569488525,11,0.2493894249200821,1.5811388300841895
dirichlet,,0.32006824016571045,0.9192954897880554,10,0.25772809982299805,1.5811388300841895
dirichlet,,0.28727877140045166,1.034193754196167,9,0.15188169479370117,1.5811388300841895
dirichlet,,0.4082292914390564,1.3226960897445679,11,0.3437887728214264,1.5811388300841895
dirichlet,,0.2553293704986572,1.1551146507263184,10,0.207846999168396,1.5811388300841895
dirichlet,,0.23030516505241394,1.1611182689666748,11,0.19773456454277039,1.5811388300841895
dirichlet,,0.26171743869781494,1.122741460800171,9,0.3054417371749878,1.5811388300841895
dirichlet,,0.26902711391448975,0.8708718419075012,11,0.21025696396827698,1.5811388300841895
dirichlet,,0.3093924820423126,1.1956026554107666,11,0.23066703975200653,1.5811388300841895
dirichlet,,0.3068435490131378,0.9534121751785278,11,0.1586282104253769,1.5811388300841895
dirichlet,,0.2465660274028778,0.8563032150268555,11,0.27437376976013184,1.5811388300841895
dirichlet,,0.2713422477245331,1.082270860671997,11,0.23847493529319763,1.5811388300841895
dirichlet,,0.31528085470199585,1.1373083591461182,10,0.20311185717582703,1.5811388300841895
dirichlet,,0.2509476840496063,0.9118061065673828,9,0.21791328489780426,1.5811388300841895
dirichlet,,0.2915485203266144,1.143050193786621,11,0.358572781085968,1.5811388300841895
dirichlet,,0.22441920638084412,1.0920134782791138,11,0.19520601630210876,1.5811388300841895
dirichlet,,0.2608102560043335,1.019430160522461,10,0.2945006489753723,1.5811388300841895
dirichlet,,0.34507113695144653,1.2181015014648438,10,0.2815869450569153,1.5811388300841895
dirichlet,,0.34400954842567444,1.20370614528656,11,0.22627636790275574,1.5811388300841895
dirichlet,,0.3199407458305359,1.0213534832000732,10,0.1922178864479065,1.5811388300841895
dirichlet,,0.3408062160015106,1.1105563640594482,11,0.19488340616226196,1.5811388300841895
dirichlet,,0.3047894537448883,0.8913933634757996,10,0.27966952323913574,1.5811388300841895
dirichlet,,0.34134310483932495,1.248949408531189,9,0.22054365277290344,1.5811388300841895
dirichlet,,0.3149610161781311,1.0842334032058716,11,0.2855512499809265,1.5811388300841895
dirichlet,,0.34831225872039795,0.9328077435493469,11,0.19141578674316406,1.5811388300841895
dirichlet,,0.30475834012031555,1.086094856262207,10,0.26687800884246826,1.5811388300841895
dirichlet,,0.27188897132873535,0.9545004963874817,10,0.23345541954040527,1.5811388300841895
dirichlet,,0.2878018915653229,0.983359158039093,11,0.27935096621513367,1.5811388300841895
dirichlet,,0.42356038093566895,0.8591002225875854,10,0.2227674126625061,1.5811388300841895
dirichlet,,0.26903235912323,0.9587403535842896,11,0.13531851768493652,1.5811388300841895
dirichlet,,0.30373457074165344,1.0130555629730225,11,0.21031245589256287,1.5811388300841895
dirichlet,,0.2466491013765335,1.13832688331604,10,0.1648474484682083,1.5811388300841895
dirichlet,,0.41493120789527893,1.047162413597107,10,0.22431068122386932,1.5811388300841895
dirichlet,,0.30400896072387695,1.1393368244171143,10,0.19914287328720093,1.5811388300841895
dirichlet,,0.24173283576965332,1.0835111141204834,10,0.1957685947418213,1.5811388300841895
dirichlet,,0.26065653562545776,1.2678638696670532,9,0.2393808662891388,1.5811388300841895
dirichlet,,0.29226136207580566,1.2266037464141846,9,0.2367926985025406,1.5811388300841895
dirichlet,,0.32828599214553833,1.2786692380905151,10,0.18922525644302368,1.5811388300841895
dirichlet,,0.25943291187286377,1.0959340333938599,9,0.26095688343048096,1.5811388300841895
dirichlet,,0.34705889225006104,0.9531847238540649,9,0.2650771141052246,1.5811388300841895
dirichlet,,0.29166874289512634,1.0847198963165283,12,0.17125731706619263,1.5811388300841895
dirichlet,,0.30336853861808777,1.2304248809814453,10,0.20771905779838562,1.5811388300841895
dirichlet,,0.2777295708656311,1.1518397331237793,12,0.1841343194246292,1.5811388300841895
dirichlet,,0.2509392201900482,1.0461598634719849,10,0.24109604954719543,1.5811388300841895
dirichlet,,0.292945921421051,1.1322553157806396,12,0.2174692153930664,1.5811388300841895
dirichlet,,0.3051236867904663,1.1323689222335815,9,0.2682259976863861,1.5811388300841895
dirichlet,,0.2886369824409485,1.0558083057403564,10,0.2468583732843399,1.5811388300841895
dirichlet,,0.28795865178108215,1.2088449001312256,10,0.264054536819458,1.5811388300841895
dirichlet,,0.316196471452713,0.9895319938659668,10,0.23439115285873413,1.5811388300841895
dirichlet,,0.3750760853290558,1.2101960182189941,11,0.22035425901412964,1.5811388300841895
dirichlet,,0.33938726782798767,1.043244481086731,10,0.20247678458690643,1.5811388300841895
dirichlet,,0.3645901083946228,1.1099172830581665,8,0.21507735550403595,1.5811388300841895
dirichlet,,0.3316529393196106,1.0897424221038818,11,0.2708207964897156,1.5811388300841895
dirichlet,,0.2810465395450592,1.0485202074050903,9,0.21135640144348145,1.5811388300841895
dirichlet,,0.267321914434433,1.2149559259414673,9,0.20147621631622314,1.5811388300841895
dirichlet,,0.2975006699562073,1.1398853063583374,11,0.20312808454036713,1.5811388300841895
dirichlet,,0.24701765179634094,1.0613718032836914,9,0.21923810243606567,1.5811388300841895
dirichlet,,0.3004518449306488,1.2178623676300049,10,0.18101941049098969,1.5811388300841895
dirichlet,,0.3618568181991577,0.9071720838546753,11,0.217863067984581,1.5811388300841895
dirichlet,,0.3302060067653656,0.9167308807373047,10,0.19017550349235535,1.5811388300841895
dirichlet,,0.34242379665374756,0.9221843481063843,11,0.18454019725322723,1.5811388300841895
dirichlet,,0.3375083804130554,0.9822551608085632,8,0.14436522126197815,1.5811388300841895
dirichlet,,0.3256022334098816,0.9163921475410461,10,0.3153175711631775,1.5811388300841895
dirichlet,,0.35971224308013916,1.1899162530899048,11,0.20627428591251373,1.5811388300841895
dirichlet,,0.3843258321285248,0.9871921539306641,9,0.23236286640167236,1.5811388300841895
dirichlet,,0.3261755704879761,1.0849263668060303,10,0.27556365728378296,1.5811388300841895
dirichlet,,0.2911646068096161,1.1587412357330322,11,0.1992105394601822,1.5811388300841895
dirichlet,,0.2643761932849884,1.0240293741226196,11,0.3216610252857208,1.5811388300841895
dirichlet,,0.35226330161094666,1.0241518020629883,9,0.23764240741729736,1.5811388300841895
dirichlet,,0.3115673065185547,0.9645055532455444,11,0.32483863830566406,1.5811388300841895
dirichlet,,0.28904134035110474,1.0711115598678589,10,0.19891449809074402,1.5811388300841895
dirichlet,,0.2903083860874176,1.0195428133010864,10,0.2832214832305908,1.5811388300841895
dirichlet,,0.258378267288208,0.9576119184494019,12,0.2579333186149597,1.5811388300841895
dirichlet,,0.23876477777957916,1.039536476135254,11,0.21373257040977478,1.5811388300841895
dirichlet,,0.31757718324661255,1.161278486251831,11,0.2734709680080414,1.5811388300841895
dirichlet,,0.29991334676742554,1.184990406036377,11,0.1927347481250763,1.5811388300841895
dirichlet,,0.3279140591621399,1.0468250513076782,11,0.14741316437721252,1.5811388300841895
dirichlet,,0.25630173087120056,0.987897515296936,10,0.28026723861694336,1.5811388300841895
dirichlet,,0.2665558457374573,1.1250622272491455,9,0.17894254624843597,1.5811388300841895
dirichlet,,0.2564637064933777,1.110087513923645,11,0.19535525143146515,1.5811388300841895
dirichlet,,0.26561930775642395,1.0726250410079956,11,0.17119812965393066,1.5811388300841895
dirichlet,,0.36130204796791077,1.0797368288040161,10,0.21608860790729523,1.5811388300841895
dirichlet,,0.3210095167160034,1.0455628633499146,10,0.16419565677642822,1.5811388300841895
dirichlet,,0.33609962463378906,1.3097851276397705,11,0.2078126072883606,1.5811388300841895
dirichlet,,0.3622644245624542,0.9035720825195312,11,0.21534694731235504,1.5811388300841895
dirichlet,,0.29719844460487366,1.1465394496917725,8,0.19920359551906586,1.5811388300841895
dirichlet,,0.39480552077293396,1.0995261669158936,11,0.21059368550777435,1.5811388300841895
dirichlet,,0.3015620708465576,1.081114411354065,10,0.20971325039863586,1.5811388300841895
dirichlet,,0.3200542628765106,1.0735254287719727,11,0.2539615035057068,1.5811388300841895
dirichlet,,0.31656116247177124,1.1756770610809326,12,0.15546976029872894,1.5811388300841895
dirichlet,,0.38571831583976746,0.9291338920593262,9,0.22585627436637878,1.5811388300841895
dirichlet,,0.32926949858665466,1.0320154428482056,11,0.2339663952589035,1.5811388300841895
dirichlet,,0.2943882644176483,1.2050423622131348,11,0.14127963781356812,1.5811388300841895
dirichlet,,0.3067593276500702,1.014042615890503,11,0.2672218978404999,1.5811388300841895
dirichlet,,0.238782599568367,1.0856059789657593,9,0.18218457698822021,1.5811388300841895
dirichlet,,0.31359240412712097,0.8306180238723755,9,0.19897539913654327,1.5811388300841895
dirichlet,,0.33395281434059143,1.0698226690292358,10,0.20363637804985046,1.5811388300841895
dirichlet,,0.3461760878562927,1.0784462690353394,10,0.25491440296173096,1.5811388300841895
dirichlet,,0.2591337561607361,1.1501495838165283,10,0.22751975059509277,1.5811388300841895
dirichlet,,0.29584819078445435,1.0214836597442627,11,0.27155545353889465,1.5811388300841895
dirichlet,,0.33998894691467285,0.9642788767814636,10,0.25013333559036255,1.5811388300841895
dirichlet,,0.26004791259765625,1.2346234321594238,11,0.2277422696352005,1.5811388300841895
dirichlet,,0.34309688210487366,0.9587896466255188,9,0.231821209192276,1.5811388300841895
dirichlet,,0.3309969902038574,0.8091821670532227,10,0.16141879558563232,1.5811388300841895
dirichlet,,0.3034260869026184,0.9990847706794739,12,0.2758115530014038,1.5811388300841895
dirichlet,,0.2756640613079071,0.7882152795791626,11,0.24798351526260376,1.5811388300841895
dirichlet,,0.2773170471191406,0.9927215576171875,11,0.20286230742931366,1.5811388300841895
dirichlet,,0.2804120182991028,0.9559305310249329,11,0.1851489543914795,1.5811388300841895
dirichlet,,0.3841369152069092,1.057837724685669,11,0.1619884967803955,1.5811388300841895
dirichlet,,0.24555914103984833,1.1282951831817627,11,0.16640986502170563,1.5811388300841895
dirichlet,,0.3253030478954315,1.0932438373565674,9,0.23877407610416412,1.5811388300841895
dirichlet,,0.27871546149253845,1.1723413467407227,10,0.2259012758731842,1.5811388300841895
dirichlet,,0.3506278991699219,1.1258267164230347,11,0.23717308044433594,1.5811388300841895
dirichlet,,0.35353556275367737,1.0517489910125732,10,0.21492403745651245,1.5811388300841895
dirichlet,,0.31560108065605164,0.8958898782730103,10,0.18359370529651642,1.5811388300841895
dirichlet,,0.3168098032474518,1.102638602256775,11,0.19765645265579224,1.5811388300841895
dirichlet,,0.31053298711776733,1.2389432191848755,11,0.2818811237812042,1.5811388300841895
dirichlet,,0.3271174132823944,0.8606935739517212,11,0.23113685846328735,1.5811388300841895
dirichlet,,0.34194883704185486,1.2440948486328125,11,0.19280868768692017,1.5811388300841895
dirichlet,,0.34825560450553894,0.9342161417007446,11,0.2404462695121765,1.5811388300841895
dirichlet,,0.3201234042644501,1.190212607383728,10,0.22930368781089783,1.5811388300841895
dirichlet,,0.3193988502025604,0.9970224499702454,11,0.22243940830230713,1.5811388300841895
dirichlet,,0.30034834146499634,1.202121376991272,11,0.22463884949684143,1.5811388300841895
dirichlet,,0.30005529522895813,1.1787010431289673,10,0.1967354118824005,1.5811388300841895
dirichlet,,0.34584179520606995,1.108925461769104,11,0.18883778154850006,1.5811388300841895
dirichlet,,0.36628851294517517,0.981492817401886,12,0.201529860496521,1.5811388300841895
dirichlet,,0.397079199552536,1.0131375789642334,10,0.22114987671375275,1.5811388300841895
dirichlet,,0.32831496000289917,1.0980526208877563,11,0.19371464848518372,1.5811388300841895
dirichlet,,0.4001798927783966,1.1427119970321655,12,0.2551436424255371,1.5811388300841895
dirichlet,,0.27121415734291077,1.1536931991577148,11,0.16565456986427307,1.5811388300841895
dirichlet,,0.3366531431674957,0.9387646913528442,11,0.23746661841869354,1.5811388300841895
dirichlet,,0.1978299915790558,0.9263020753860474,9,0.2837739884853363,1.5811388300841895
dirichlet,,0.4167711138725281,1.0092893838882446,10,0.2694336175918579,1.5811388300841895
dirichlet,,0.2681892514228821,1.162828803062439,11,0.2280183732509613,1.5811388300841895
dirichlet,,0.3224615454673767,1.0656812191009521,10,0.23700807988643646,1.5811388300841895
dirichlet,,0.2647746801376343,0.9380315542221069,10,0.24158674478530884,1.5811388300841895
dirichlet,,0.265129029750824,1.1627148389816284,11,0.21536295115947723,1.5811388300841895
dirichlet,,0.3116723895072937,1.2685163021087646,11,0.22964084148406982,1.5811388300841895
dirichlet,,0.33385542035102844,0.9890896081924438,11,0.211707204580307,1.5811388300841895
dirichlet,,0.3014804422855377,1.2576496601104736,11,0.2263646125793457,1.5811388300841895
dirichlet,,0.3139886260032654,1.2179290056228638,11,0.2666357755661011,1.5811388300841895
dirichlet,,0.28130385279655457,1.0279994010925293,11,0.253280371427536,1.5811388300841895
dirichlet,,0.29211655259132385,1.1933932304382324,10,0.19110962748527527,1.5811388300841895
dirichlet,,0.3566572070121765,1.0762488842010498,11,0.26622045040130615,1.5811388300841895
dirichlet,,0.41169267892837524,1.0922012329101562,10,0.21258211135864258,1.5811388300841895
dirichlet,,0.32511213421821594,1.0309057235717773,10,0.20708316564559937,1.5811388300841895
dirichlet,,0.2601381242275238,1.1130481958389282,10,0.2996007800102234,1.5811388300841895
dirichlet,,0.28128406405448914,1.123907446861267,10,0.230188250541687,1.5811388300841895
dirichlet,,0.3379231095314026,0.8874357342720032,12,0.2545877695083618,1.5811388300841895
dirichlet,,0.3852260708808899,0.8691520690917969,10,0.22722941637039185,1.5811388300841895
dirichlet,,0.3188275992870331,1.3135430812835693,11,0.1452125608921051,1.5811388300841895
dirichlet,,0.24331842362880707,1.0633811950683594,10,0.26045969128608704,1.5811388300841895
dirichlet,,0.24321842193603516,1.1745555400848389,10,0.2825707197189331,1.5811388300841895
dirichlet,,0.3255855441093445,1.1051609516143799,10,0.2441590279340744,1.5811388300841895
dirichlet,,0.29827964305877686,0.9929423332214355,10,0.1890460103750229,1.5811388300841895
dirichlet,,0.2940223217010498,0.9236111640930176,10,0.2815394699573517,1.5811388300841895
dirichlet,,0.3240337073802948,0.9797880053520203,12,0.2764938175678253,1.5811388300841895
dirichlet,,0.26010507345199585,1.024330735206604,9,0.19695782661437988,1.5811388300841895
dirichlet,,0.32654717564582825,0.8700467944145203,11,0.3240015506744385,1.5811388300841895
dirichlet,,0.3250058889389038,1.305818796157837,11,0.15012550354003906,1.5811388300841895
dirichlet,,0.2496747225522995,1.0941359996795654,12,0.176315575838089,1.5811388300841895
dirichlet,,0.2682317793369293,1.038366675376892,12,0.20315593481063843,1.5811388300841895
dirichlet,,0.25498300790786743,0.8798587918281555,12,0.2952725887298584,1.5811388300841895
dirichlet,,0.23812125623226166,1.0910465717315674,11,0.24976998567581177,1.5811388300841895
dirichlet,,0.38582921028137207,1.161147952079773,10,0.27460455894470215,1.5811388300841895
dirichlet,,0.268351674079895,1.2639715671539307,10,0.22510148584842682,1.5811388300841895
dirichlet,,0.309562087059021,1.1221369504928589,11,0.24700871109962463,1.5811388300841895
dirichlet,,0.2646280825138092,1.142096757888794,10,0.2848381996154785,1.5811388300841895
dirichlet,,0.2755480706691742,1.26107919216156,11,0.3642147481441498,1.5811388300841895
dirichlet,,0.24699893593788147,1.0965118408203125,10,0.17415201663970947,1.5811388300841895
dirichlet,,0.22964896261692047,1.1468102931976318,11,0.16855725646018982,1.5811388300841895
dirichlet,,0.4361719787120819,1.0288926362991333,11,0.18169596791267395,1.5811388300841895
dirichlet,,0.2944655120372772,0.9507225155830383,11,0.21908479928970337,1.5811388300841895
dirichlet,,0.3355472981929779,1.0004522800445557,11,0.1844111680984497,1.5811388300841895
dirichlet,,0.24805326759815216,1.2720584869384766,11,0.2318585216999054,1.5811388300841895
dirichlet,,0.3016965091228485,1.2881630659103394,11,0.2551851272583008,1.5811388300841895
dirichlet,,0.272741436958313,1.167672872543335,10,0.24186578392982483,1.5811388300841895
dirichlet,,0.2349453866481781,0.865666389465332,10,0.24172377586364746,1.5811388300841895
dirichlet,,0.27786436676979065,1.0176842212677002,9,0.22311393916606903,1.5811388300841895
dirichlet,,0.31421101093292236,0.874245822429657,9,0.23089194297790527,1.5811388300841895
dirichlet,,0.32434290647506714,1.0580989122390747,9,0.2574259042739868,1.5811388300841895
dirichlet,,0.2833482623100281,1.14497971534729,10,0.27639561891555786,1.5811388300841895
dirichlet,,0.2576560974121094,1.1089953184127808,10,0.26407286524772644,1.5811388300841895
dirichlet,,0.3463391959667206,0.9395738840103149,10,0.17507116496562958,1.5811388300841895
dirichlet,,0.33735498785972595,1.1345908641815186,11,0.19448715448379517,1.5811388300841895
dirichlet,,0.2707178592681885,0.9363317489624023,10,0.22579333186149597,1.5811388300841895
dirichlet,,0.23049278557300568,0.9833672642707825,11,0.20100098848342896,1.5811388300841895
dirichlet,,0.32400310039520264,1.1360095739364624,10,0.2134571224451065,1.5811388300841895
dirichlet,,0.28807514905929565,1.1777827739715576,11,0.20781975984573364,1.5811388300841895
dirichlet,,0.30123841762542725,1.0769684314727783,9,0.22801744937896729,1.5811388300841895
dirichlet,,0.2970540225505829,1.0308759212493896,10,0.23822903633117676,1.5811388300841895
dirichlet,,0.2610245943069458,1.0530707836151123,11,0.24551770091056824,1.5811388300841895
dirichlet,,0.23882248997688293,1.1492114067077637,11,0.2595396041870117,1.5811388300841895
dirichlet,,0.33566364645957947,1.1882290840148926,12,0.19510233402252197,1.5811388300841895
dirichlet,,0.32434922456741333,0.9549686312675476,11,0.20265300571918488,1.5811388300841895
dirichlet,,0.3668246865272522,1.0342299938201904,11,0.21343021094799042,1.5811388300841895
dirichlet,,0.31673645973205566,1.021368384361267,11,0.16704510152339935,1.5811388300841895
dirichlet,,0.3091510832309723,0.8278404474258423,11,0.19784015417099,1.5811388300841895
dirichlet,,0.3315398395061493,1.1111972332000732,10,0.26338279247283936,1.5811388300841895
dirichlet,,0.2866780459880829,1.1176502704620361,11,0.309359610080719,1.5811388300841895
dirichlet,,0.33149370551109314,0.9551909565925598,10,0.21700946986675262,1.5811388300841895
dirichlet,,0.36274346709251404,1.2099007368087769,11,0.21526169776916504,1.5811388300841895
dirichlet,,0.30155184864997864,1.0728837251663208,10,0.23813162744045258,1.5811388300841895
dirichlet,,0.27253425121307373,0.9109808802604675,10,0.20811009407043457,1.5811388300841895
dirichlet,,0.27163150906562805,1.0657676458358765,10,0.20819789171218872,1.5811388300841895
dirichlet,,0.37020209431648254,0.9981048703193665,10,0.3345853388309479,1.5811388300841895
dirichlet,,0.2844304144382477,1.0310180187225342,11,0.22698406875133514,1.5811388300841895
dirichlet,,0.42674991488456726,1.0290195941925049,10,0.32394644618034363,1.5811388300841895
dirichlet,,0.26021987199783325,1.1308629512786865,10,0.2772022485733032,1.5811388300841895
dirichlet,,0.28229886293411255,1.0728281736373901,11,0.30138635635375977,1.5811388300841895
dirichlet,,0.30931317806243896,1.19838547706604,11,0.29315105080604553,1.5811388300841895
dirichlet,,0.29823338985443115,0.9602568745613098,10,0.2106797695159912,1.5811388300841895
dirichlet,,0.3055422902107239,1.2175251245498657,11,0.24405033886432648,1.5811388300841895
dirichlet,,0.263645201921463,0.8958738446235657,11,0.3347083330154419,1.5811388300841895
dirichlet,,0.28462380170822144,1.209831953048706,10,0.23073096573352814,1.5811388300841895
dirichlet,,0.3276412785053253,0.9675869941711426,10,0.16635283827781677,1.5811388300841895
dirichlet,,0.3524305522441864,1.166656732559204,11,0.2128942310810089,1.5811388300841895
dirichlet,,0.2688661515712738,1.1554648876190186,11,0.2588619291782379,1.5811388300841895
dirichlet,,0.3471418023109436,1.1604653596878052,11,0.25000154972076416,1.5811388300841895
dirichlet,,0.3328764736652374,1.0975661277770996,10,0.19134576618671417,1.5811388300841895
dirichlet,,0.2877858579158783,0.8309932947158813,10,0.23489364981651306,1.5811388300841895
dirichlet,,0.27400168776512146,1.0243173837661743,10,0.19480116665363312,1.5811388300841895
dirichlet,,0.2296639084815979,1.0194987058639526,10,0.17891062796115875,1.5811388300841895
dirichlet,,0.39801138639450073,1.1853822469711304,10,0.2864465117454529,1.5811388300841895
dirichlet,,0.3165205121040344,1.0256083011627197,9,0.16920076310634613,1.5811388300841895
dirichlet,,0.3068861961364746,0.940994918346405,9,0.21111758053302765,1.5811388300841895
dirichlet,,0.2970684766769409,0.9728536605834961,10,0.30209478735923767,1.5811388300841895
dirichlet,,0.32515689730644226,0.9831631779670715,11,0.2810499668121338,1.5811388300841895
dirichlet,,0.36012378334999084,0.912145733833313,10,0.3113586902618408,1.5811388300841895
dirichlet,,0.33608102798461914,0.9363694190979004,10,0.20612481236457825,1.5811388300841895
dirichlet,,0.3581743538379669,0.9673899412155151,11,0.22461950778961182,1.5811388300841895
dirichlet,,0.2647785544395447,0.9817925691604614,11,0.16341739892959595,1.5811388300841895
dirichlet,,0.26798292994499207,1.0315382480621338,11,0.1486978828907013,1.5811388300841895
dirichlet,,0.2426144927740097,0.9693489074707031,10,0.22567404806613922,1.5811388300841895
dirichlet,,0.27992552518844604,1.1726670265197754,11,0.22387835383415222,1.5811388300841895
dirichlet,,0.3075835406780243,0.9491807818412781,9,0.2138567864894867,1.5811388300841895
dirichlet,,0.2964816987514496,1.1761314868927002,12,0.16308137774467468,1.5811388300841895
dirichlet,,0.3676826059818268,1.1616296768188477,10,0.2627323865890503,1.5811388300841895
dirichlet,,0.2888888120651245,1.0204304456710815,12,0.1884606033563614,1.5811388300841895
dirichlet,,0.25619614124298096,1.1467114686965942,10,0.23458059132099152,1.5811388300841895
dirichlet,,0.3315848112106323,1.2166827917099,9,0.19598713517189026,1.5811388300841895
dirichlet,,0.34783175587654114,1.048149824142456,10,0.17908097803592682,1.5811388300841895
dirichlet,,0.3295161724090576,1.2796134948730469,9,0.2794354259967804,1.5811388300841895
dirichlet,,0.2779080867767334,1.0094125270843506,11,0.2820844054222107,1.5811388300841895
dirichlet,,0.3058439791202545,1.0068707466125488,11,0.21548423171043396,1.5811388300841895
dirichlet,,0.32231757044792175,1.0273712873458862,11,0.2843707203865051,1.5811388300841895
dirichlet,,0.4239148795604706,1.0920085906982422,11,0.2691957354545593,1.5811388300841895
dirichlet,,0.26960426568984985,1.0308204889297485,11,0.21962982416152954,1.5811388300841895
dirichlet,,0.2813415229320526,1.0361770391464233,11,0.196542426943779,1.5811388300841895
dirichlet,,0.395694375038147,1.0234858989715576,11,0.27264103293418884,1.5811388300841895
dirichlet,,0.32414710521698,1.0591423511505127,11,0.14853569865226746,1.5811388300841895
dirichlet,,0.3921820819377899,0.9702014923095703,10,0.20295372605323792,1.5811388300841895
dirichlet,,0.3970576226711273,0.9648100137710571,10,0.2595049738883972,1.5811388300841895
dirichlet,,0.33321699500083923,1.0145713090896606,10,0.2217210829257965,1.5811388300841895
dirichlet,,0.33894971013069153,1.259243130683899,11,0.1733459085226059,1.5811388300841895
dirichlet,,0.20861758291721344,1.0182958841323853,10,0.23474235832691193,1.5811388300841895
dirichlet,,0.3099929988384247,0.9496999979019165,10,0.24042150378227234,1.5811388300841895
dirichlet,,0.3336513638496399,0.8577844500541687,10,0.2334369271993637,1.5811388300841895
dirichlet,,0.30603480339050293,0.9194892644882202,11,0.1622982621192932,1.5811388300841895
dirichlet,,0.23385339975357056,0.8844777345657349,10,0.1974627673625946,1.5811388300841895
dirichlet,,0.2540704607963562,1.0144116878509521,11,0.24543112516403198,1.5811388300841895
dirichlet,,0.34481391310691833,1.1852023601531982,9,0.1876036524772644,1.5811388300841895
dirichlet,,0.3204440772533417,0.9163978695869446,11,0.23083873093128204,1.5811388300841895
dirichlet,,0.26939624547958374,0.9683619737625122,11,0.16787000000476837,1.5811388300841895
dirichlet,,0.3110811710357666,1.061409592628479,12,0.1659512221813202,1.5811388300841895
dirichlet,,0.34226250648498535,1.017120122909546,10,0.24095582962036133,1.5811388300841895
dirichlet,,0.2958163619041443,0.9475262761116028,11,0.24238654971122742,1.5811388300841895
dirichlet,,0.29028087854385376,0.7805457711219788,11,0.1705573946237564,1.5811388300841895
dirichlet,,0.25517284870147705,1.0587995052337646,11,0.13820746541023254,1.5811388300841895
dirichlet,,0.33407679200172424,0.880632221698761,10,0.21630579233169556,1.5811388300841895
dirichlet,,0.25193512439727783,0.8380054235458374,10,0.2843804955482483,1.5811388300841895
dirichlet,,0.33770841360092163,1.0903288125991821,11,0.2211635559797287,1.5811388300841895
dirichlet,,0.2968965172767639,0.9442079663276672,11,0.21249118447303772,1.5811388300841895
dirichlet,,0.26979124546051025,0.9460733532905579,11,0.2217513471841812,1.5811388300841895
dirichlet,,0.2707856297492981,1.0106546878814697,9,0.1372232735157013,1.5811388300841895
dirichlet,,0.32255294919013977,1.172810435295105,11,0.20472867786884308,1.5811388300841895
dirichlet,,0.3046756088733673,1.0431361198425293,10,0.2678627073764801,1.5811388300841895
dirichlet,,0.2799699604511261,0.9996469616889954,10,0.18737871944904327,1.5811388300841895
dirichlet,,0.32927405834198,1.0872167348861694,10,0.23029133677482605,1.5811388300841895
dirichlet,,0.2917604446411133,1.120466947555542,9,0.20126590132713318,1.5811388300841895
dirichlet,,0.3147008419036865,1.1470104455947876,11,0.24533209204673767,1.5811388300841895
dirichlet,,0.340819776058197,0.8007955551147461,9,0.30233195424079895,1.5811388300841895
dirichlet,,0.37878358364105225,1.0301671028137207,11,0.3588631749153137,1.5811388300841895
dirichlet,,0.39158305525779724,1.0914466381072998,10,0.2859373688697815,1.5811388300841895
dirichlet,,0.28145772218704224,1.2788337469100952,11,0.19995573163032532,1.5811388300841895
dirichlet,,0.27823588252067566,1.0797693729400635,10,0.22715385258197784,1.5811388300841895
dirichlet,,0.36390936374664307,1.0831894874572754,11,0.21576298773288727,1.5811388300841895
dirichlet,,0.3140590190887451,1.2662171125411987,10,0.26865965127944946,1.5811388300841895
dirichlet,,0.28800642490386963,1.2349097728729248,10,0.248009592294693,1.5811388300841895
dirichlet,,0.2864028811454773,1.1779730319976807,11,0.1838081330060959,1.5811388300841895
dirichlet,,0.3250753581523895,0.9050022959709167,10,0.21263039112091064,1.5811388300841895
dirichlet,,0.2920834720134735,1.1044944524765015,10,0.20159949362277985,1.5811388300841895
dirichlet,,0.3158514201641083,1.1342384815216064,10,0.19401663541793823,1.5811388300841895
dirichlet,,0.307240754365921,1.17863130569458,11,0.30042940378189087,1.5811388300841895
dirichlet,,0.3184041678905487,1.1503108739852905,10,0.2735593020915985,1.5811388300841895
dirichlet,,0.2777625322341919,1.3429901599884033,8,0.16769656538963318,1.5811388300841895
dirichlet,,0.2666330337524414,1.123226284980774,9,0.17965079843997955,1.5811388300841895
dirichlet,,0.28471851348876953,1.0362188816070557,12,0.20001433789730072,1.5811388300841895
dirichlet,,0.28370389342308044,1.0012634992599487,9,0.25362110137939453,1.5811388300841895
dirichlet,,0.2602316737174988,0.9030226469039917,10,0.22460909187793732,1.5811388300841895
dirichlet,,0.31805670261383057,0.869884192943573,11,0.1847493052482605,1.5811388300841895
dirichlet,,0.32138264179229736,0.765039324760437,9,0.29127901792526245,1.5811388300841895
dirichlet,,0.27664434909820557,1.1411564350128174,11,0.2585138976573944,1.5811388300841895
dirichlet,,0.3406131863594055,0.9718316793441772,9,0.20294520258903503,1.5811388300841895
dirichlet,,0.29745447635650635,1.1165658235549927,9,0.24113425612449646,1.5811388300841895
dirichlet,,0.33189770579338074,1.1028417348861694,11,0.20955170691013336,1.5811388300841895
dirichlet,,0.28347301483154297,0.9123564958572388,10,0.2410798966884613,1.5811388300841895
dirichlet,,0.3214561939239502,1.0044472217559814,11,0.2292039692401886,1.5811388300841895
dirichlet,,0.29942822456359863,1.1004232168197632,11,0.2686558961868286,1.5811388300841895
dirichlet,,0.2632041871547699,0.9377196431159973,10,0.18199899792671204,1.5811388300841895
dirichlet,,0.32916438579559326,0.9691101908683777,10,0.1903357207775116,1.5811388300841895
dirichlet,,0.2642483711242676,1.0061025619506836,10,0.22982120513916016,1.5811388300841895
dirichlet,,0.2795272767543793,1.1027482748031616,11,0.24106945097446442,1.5811388300841895
dirichlet,,0.3485443890094757,0.9451019167900085,10,0.1790933609008789,1.5811388300841895
dirichlet,,0.29262223839759827,1.1018551588058472,11,0.3109973669052124,1.5811388300841895
dirichlet,,0.35010433197021484,1.064707636833191,11,0.23164135217666626,1.5811388300841895
dirichlet,,0.24789977073669434,0.8976317644119263,11,0.24213315546512604,1.5811388300841895
dirichlet,,0.29553133249282837,1.161219596862793,9,0.23858587443828583,1.5811388300841895
dirichlet,,0.3461185097694397,1.0682039260864258,11,0.25665390491485596,1.5811388300841895
dirichlet,,0.30617567896842957,1.111696481704712,11,0.2378218173980713,1.5811388300841895
dirichlet,,0.3335275948047638,1.0901483297348022,9,0.17948666214942932,1.5811388300841895
dirichlet,,0.2864636182785034,1.1199339628219604,10,0.2704429626464844,2.108482517142911
dirichlet,,0.33067837357521057,1.0288805961608887,11,0.2823611795902252,2.108482517142911
dirichlet,,0.28905463218688965,1.0212607383728027,11,0.28038328886032104,2.108482517142911
dirichlet,,0.3399300277233124,1.1588083505630493,11,0.2774287462234497,2.108482517142911
dirichlet,,0.2516813278198242,1.1148134469985962,9,0.19326993823051453,2.108482517142911
dirichlet,,0.240785151720047,0.9848484992980957,11,0.24941882491111755,2.108482517142911
dirichlet,,0.3277909755706787,1.1457031965255737,10,0.24017713963985443,2.108482517142911
dirichlet,,0.30812299251556396,1.039718508720398,11,0.366466224193573,2.108482517142911
dirichlet,,0.33857494592666626,1.0447490215301514,11,0.23637619614601135,2.108482517142911
dirichlet,,0.2655853033065796,1.1160905361175537,10,0.24400025606155396,2.108482517142911
dirichlet,,0.2936713993549347,0.8369491696357727,9,0.24206866323947906,2.108482517142911
dirichlet,,0.31878653168678284,0.9768710136413574,10,0.2575313150882721,2.108482517142911
dirichlet,,0.39370763301849365,1.1541467905044556,11,0.3398740887641907,2.108482517142911
dirichlet,,0.27573856711387634,0.8184531927108765,9,0.2922658324241638,2.108482517142911
dirichlet,,0.31221115589141846,1.1039944887161255,10,0.21022479236125946,2.108482517142911
dirichlet,,0.2576266825199127,0.9443861842155457,11,0.23400112986564636,2.108482517142911
dirichlet,,0.3711792230606079,0.9114059209823608,11,0.21240845322608948,2.108482517142911
dirichlet,,0.2845165729522705,1.1364742517471313,11,0.20872673392295837,2.108482517142911
dirichlet,,0.27963122725486755,1.1445727348327637,11,0.20247170329093933,2.108482517142911
dirichlet,,0.29199421405792236,1.1785094738006592,11,0.22671715915203094,2.108482517142911
dirichlet,,0.37165749073028564,1.1160517930984497,11,0.19377684593200684,2.108482517142911
dirichlet,,0.27785438299179077,0.9814184308052063,10,0.23566217720508575,2.108482517142911
dirichlet,,0.3201431334018707,1.0921382904052734,10,0.2016279697418213,2.108482517142911
dirichlet,,0.34770292043685913,0.8879626989364624,10,0.17486989498138428,2.108482517142911
dirichlet,,0.329226016998291,1.1022619009017944,11,0.1700129508972168,2.108482517142911
dirichlet,,0.2832692265510559,1.0107810497283936,10,0.30579686164855957,2.108482517142911
dirichlet,,0.31030797958374023,0.8911079168319702,9,0.22063827514648438,2.108482517142911
dirichlet,,0.27040472626686096,0.9534598588943481,11,0.18942314386367798,2.108482517142911
dirichlet,,0.2956779897212982,0.9633039236068726,10,0.20494507253170013,2.108482517142911
dirichlet,,0.29659169912338257,1.0787476301193237,11,0.21157994866371155,2.108482517142911
dirichlet,,0.28592565655708313,1.1003618240356445,11,0.22345159947872162,2.108482517142911
dirichlet,,0.31506532430648804,1.1972596645355225,12,0.27459466457366943,2.108482517142911
dirichlet,,0.33815237879753113,1.0212647914886475,10,0.16629502177238464,2.108482517142911
dirichlet,,0.3253270983695984,1.1649448871612549,11,0.22075706720352173,2.108482517142911
dirichlet,,0.27715274691581726,1.1521034240722656,11,0.19144463539123535,2.108482517142911
dirichlet,,0.3270430564880371,0.8580371737480164,10,0.22589370608329773,2.108482517142911
dirichlet,,0.3357938230037689,1.1899135112762451,11,0.2672375440597534,2.108482517142911
dirichlet,,0.3222684860229492,1.0862751007080078,10,0.32170748710632324,2.108482517142911
dirichlet,,0.30742010474205017,1.029837727546692,10,0.22599618136882782,2.108482517142911
dirichlet,,0.27391988039016724,0.8720778226852417,9,0.2500860393047333,2.108482517142911
dirichlet,,0.2866842448711395,1.0016987323760986,12,0.25811338424682617,2.108482517142911
dirichlet,,0.2875756621360779,0.9860154986381531,10,0.2708878815174103,2.108482517142911
dirichlet,,0.3178999423980713,1.2200859785079956,11,0.238613098859787,2.108482517142911
dirichlet,,0.3363577723503113,1.1472692489624023,7,0.23976373672485352,2.108482517142911
dirichlet,,0.3032795190811157,0.9603044390678406,8,0.20774535834789276,2.108482517142911
dirichlet,,0.317487895488739,1.1604821681976318,11,0.2866276502609253,2.108482517142911
dirichlet,,0.27065926790237427,1.19095778465271,11,0.4211238622665405,2.108482517142911
dirichlet,,0.2900405526161194,1.0129125118255615,10,0.2247462272644043,2.108482517142911
dirichlet,,0.31808996200561523,1.0228493213653564,10,0.2418096512556076,2.108482517142911
dirichlet,,0.3647761046886444,1.2263213396072388,10,0.23609492182731628,2.108482517142911
dirichlet,,0.3083581030368805,0.9340140223503113,10,0.17748191952705383,2.108482517142911
dirichlet,,0.39528483152389526,1.0879048109054565,10,0.2612801790237427,2.108482517142911
dirichlet,,0.28248316049575806,1.2563989162445068,11,0.1930493712425232,2.108482517142911
dirichlet,,0.30558452010154724,0.8854166269302368,9,0.28193870186805725,2.108482517142911
dirichlet,,0.28288283944129944,1.1561877727508545,10,0.31413713097572327,2.108482517142911
dirichlet,,0.2772027552127838,1.098740816116333,11,0.2572241723537445,2.108482517142911
dirichlet,,0.2804146111011505,1.0210767984390259,11,0.27689221501350403,2.108482517142911
dirichlet,,0.3343192934989929,1.1002740859985352,10,0.16836699843406677,2.108482517142911
dirichlet,,0.2911107838153839,1.2404682636260986,10,0.3270503580570221,2.108482517142911
dirichlet,,0.28146031498908997,1.1820539236068726,11,0.28962019085884094,2.108482517142911
dirichlet,,0.3338751792907715,0.8793827295303345,10,0.2787207365036011,2.108482517142911
dirichlet,,0.24985191226005554,0.9961670637130737,9,0.20027843117713928,2.108482517142911
dirichlet,,0.3088762164115906,0.948380172252655,9,0.2229800820350647,2.108482517142911
dirichlet,,0.24632959067821503,1.056166410446167,11,0.23258796334266663,2.108482517142911
dirichlet,,0.30287033319473267,0.9713247418403625,9,0.21771177649497986,2.108482517142911
dirichlet,,0.29980942606925964,0.9490089416503906,10,0.22741344571113586,2.108482517142911
dirichlet,,0.316608190536499,1.0903502702713013,10,0.2194918394088745,2.108482517142911
dirichlet,,0.3126332461833954,1.3153588771820068,9,0.23529477417469025,2.108482517142911
dirichlet,,0.3181673586368561,1.032172441482544,11,0.23254141211509705,2.108482517142911
dirichlet,,0.1972602903842926,1.0710099935531616,10,0.2147359400987625,2.108482517142911
dirichlet,,0.2994505763053894,1.0752437114715576,10,0.3058280348777771,2.108482517142911
dirichlet,,0.31405240297317505,1.0158002376556396,11,0.2863152027130127,2.108482517142911
dirichlet,,0.3096465468406677,1.2124416828155518,11,0.2668730616569519,2.108482517142911
dirichlet,,0.2931235432624817,1.1373820304870605,11,0.1764691174030304,2.108482517142911
dirichlet,,0.3602573275566101,1.1965571641921997,10,0.19117777049541473,2.108482517142911
dirichlet,,0.2806899845600128,0.9467916488647461,10,0.30644917488098145,2.108482517142911
dirichlet,,0.2692771255970001,1.1608368158340454,9,0.2156955599784851,2.108482517142911
dirichlet,,0.29513227939605713,1.0150400400161743,11,0.22028225660324097,2.108482517142911
dirichlet,,0.30755430459976196,0.8340328931808472,10,0.23553124070167542,2.108482517142911
dirichlet,,0.25742727518081665,1.238797903060913,11,0.21187695860862732,2.108482517142911
dirichlet,,0.25510507822036743,1.026024580001831,10,0.17450448870658875,2.108482517142911
dirichlet,,0.3527143597602844,0.8624029159545898,10,0.23167236149311066,2.108482517142911
dirichlet,,0.2611042857170105,1.0531256198883057,10,0.23045502603054047,2.108482517142911
dirichlet,,0.30450859665870667,1.0778443813323975,10,0.2468348890542984,2.108482517142911
dirichlet,,0.28141671419143677,1.1337859630584717,10,0.23710793256759644,2.108482517142911
dirichlet,,0.286062091588974,1.0341598987579346,10,0.24264322221279144,2.108482517142911
dirichlet,,0.37299689650535583,1.0268555879592896,10,0.17520543932914734,2.108482517142911
dirichlet,,0.28077638149261475,0.975306510925293,10,0.2609584331512451,2.108482517142911
dirichlet,,0.3281257748603821,1.165891408920288,10,0.2959592640399933,2.108482517142911
dirichlet,,0.34082597494125366,1.0929807424545288,10,0.3530663251876831,2.108482517142911
dirichlet,,0.3567274808883667,0.9852773547172546,11,0.25076401233673096,2.108482517142911
dirichlet,,0.3527343273162842,1.1983458995819092,9,0.2159307301044464,2.108482517142911
dirichlet,,0.35219937562942505,1.0574162006378174,11,0.21162642538547516,2.108482517142911
dirichlet,,0.3158504068851471,1.244017481803894,11,0.2347947210073471,2.108482517142911
dirichlet,,0.303623765707016,1.1745176315307617,9,0.21010342240333557,2.108482517142911
dirichlet,,0.26007118821144104,0.8478554487228394,11,0.24470017850399017,2.108482517142911
dirichlet,,0.3283543884754181,0.9353739023208618,10,0.15713468194007874,2.108482517142911
dirichlet,,0.3188115656375885,1.1433995962142944,10,0.17894713580608368,2.108482517142911
dirichlet,,0.2505813539028168,1.0708180665969849,11,0.20479224622249603,2.108482517142911
dirichlet,,0.2981995940208435,1.0417240858078003,11,0.258855938911438,2.108482517142911
dirichlet,,0.3025456368923187,0.8489225506782532,10,0.1864510476589203,2.108482517142911
dirichlet,,0.2871455252170563,1.058809518814087,10,0.20765087008476257,2.108482517142911
dirichlet,,0.3196240961551666,0.9075655937194824,10,0.2510198950767517,2.108482517142911
dirichlet,,0.28867900371551514,1.0447355508804321,11,0.21583041548728943,2.108482517142911
dirichlet,,0.2692972719669342,1.1024935245513916,11,0.2410149872303009,2.108482517142911
dirichlet,,0.3930022716522217,0.9282082319259644,10,0.16906021535396576,2.108482517142911
dirichlet,,0.2650124430656433,1.0120700597763062,10,0.2055130898952484,2.108482517142911
dirichlet,,0.31505945324897766,1.0171304941177368,11,0.1821008324623108,2.108482517142911
dirichlet,,0.2986985445022583,0.9558782577514648,11,0.26169973611831665,2.108482517142911
dirichlet,,0.31259801983833313,1.109919786453247,11,0.22914567589759827,2.108482517142911
dirichlet,,0.26996368169784546,1.064479112625122,11,0.22700510919094086,2.108482517142911
dirichlet,,0.27280083298683167,1.1108633279800415,10,0.20411688089370728,2.108482517142911
dirichlet,,0.352789044380188,1.0078685283660889,10,0.15147839486598969,2.108482517142911
dirichlet,,0.29252946376800537,1.1118165254592896,11,0.21008531749248505,2.108482517142911
dirichlet,,0.25486984848976135,1.0009331703186035,13,0.258123517036438,2.108482517142911
dirichlet,,0.26249605417251587,1.116611123085022,11,0.17378221452236176,2.108482517142911
dirichlet,,0.30274054408073425,1.030475378036499,10,0.24670816957950592,2.108482517142911
dirichlet,,0.352703720331192,0.9781845211982727,11,0.2765970826148987,2.108482517142911
dirichlet,,0.3375300168991089,1.0051000118255615,10,0.13771265745162964,2.108482517142911
dirichlet,,0.28860050439834595,0.9349621534347534,10,0.2405056357383728,2.108482517142911
dirichlet,,0.24916864931583405,1.1190327405929565,10,0.26769357919692993,2.108482517142911
dirichlet,,0.23932912945747375,1.0820293426513672,11,0.23843544721603394,2.108482517142911
dirichlet,,0.3236038088798523,0.868169903755188,11,0.1837863326072693,2.108482517142911
dirichlet,,0.2670100927352905,1.045515775680542,10,0.25398343801498413,2.108482517142911
dirichlet,,0.285219669342041,1.0341984033584595,10,0.21960528194904327,2.108482517142911
dirichlet,,0.2781100869178772,1.0834559202194214,9,0.2484830766916275,2.108482517142911
dirichlet,,0.31534096598625183,1.0676252841949463,10,0.16692069172859192,2.108482517142911
dirichlet,,0.2965061664581299,1.0107486248016357,10,0.2778227925300598,2.108482517142911
dirichlet,,0.29198408126831055,1.0812430381774902,12,0.20534637570381165,2.108482517142911
dirichlet,,0.29535070061683655,1.130793571472168,10,0.24224001169204712,2.108482517142911
dirichlet,,0.2732887864112854,0.931013286113739,11,0.20963895320892334,2.108482517142911
dirichlet,,0.3228626847267151,1.1499258279800415,11,0.21962958574295044,2.108482517142911
dirichlet,,0.2913956344127655,1.0013949871063232,11,0.2428530603647232,2.108482517142911
dirichlet,,0.3337394595146179,1.047114610671997,10,0.2245429903268814,2.108482517142911
dirichlet,,0.30978238582611084,1.0985463857650757,11,0.23936602473258972,2.108482517142911
dirichlet,,0.20521843433380127,0.9960366487503052,11,0.18736883997917175,2.108482517142911
dirichlet,,0.3096819818019867,1.1836464405059814,9,0.24192816019058228,2.108482517142911
dirichlet,,0.30198419094085693,0.9731566309928894,10,0.3124195337295532,2.108482517142911
dirichlet,,0.31548011302948,1.085344672203064,11,0.24297723174095154,2.108482517142911
dirichlet,,0.39909759163856506,1.047505497932434,10,0.21952714025974274,2.108482517142911
dirichlet,,0.30108407139778137,1.014275074005127,11,0.263918936252594,2.108482517142911
dirichlet,,0.3348424732685089,0.9814255833625793,11,0.22423098981380463,2.108482517142911
dirichlet,,0.41458356380462646,1.047101378440857,10,0.2924277186393738,2.108482517142911
dirichlet,,0.3164815306663513,1.0960583686828613,12,0.19787296652793884,2.108482517142911
dirichlet,,0.3519013822078705,1.221181869506836,11,0.22201165556907654,2.108482517142911
dirichlet,,0.3184143006801605,1.0142349004745483,9,0.2764425277709961,2.108482517142911
dirichlet,,0.3315393030643463,0.9913221597671509,11,0.21508942544460297,2.108482517142911
dirichlet,,0.34384191036224365,1.0662572383880615,10,0.1907837986946106,2.108482517142911
dirichlet,,0.29863476753234863,0.9139593243598938,12,0.16342972218990326,2.108482517142911
dirichlet,,0.2548619508743286,0.8674098253250122,11,0.2786327004432678,2.108482517142911
dirichlet,,0.3392903208732605,1.2620033025741577,12,0.24342408776283264,2.108482517142911
dirichlet,,0.3573673367500305,1.1423121690750122,10,0.2979256510734558,2.108482517142911
dirichlet,,0.2929595112800598,1.103406310081482,10,0.26556524634361267,2.108482517142911
dirichlet,,0.32103079557418823,1.0736820697784424,10,0.22235342860221863,2.108482517142911
dirichlet,,0.27496635913848877,1.2071142196655273,10,0.14660103619098663,2.108482517142911
dirichlet,,0.33923134207725525,1.1720134019851685,10,0.27230867743492126,2.108482517142911
dirichlet,,0.28694790601730347,1.1861953735351562,10,0.20031887292861938,2.108482517142911
dirichlet,,0.3152270019054413,0.861744225025177,10,0.1926855742931366,2.108482517142911
dirichlet,,0.34326276183128357,0.9568383097648621,10,0.23579815030097961,2.108482517142911
dirichlet,,0.2965436279773712,1.0275490283966064,11,0.28538474440574646,2.108482517142911
dirichlet,,0.2819773554801941,1.0216432809829712,11,0.20325614511966705,2.108482517142911
dirichlet,,0.31028178334236145,0.9849486351013184,9,0.20931214094161987,2.108482517142911
dirichlet,,0.3433831036090851,0.9670120477676392,10,0.23000848293304443,2.108482517142911
dirichlet,,0.2801407277584076,0.9850065112113953,11,0.26790401339530945,2.108482517142911
dirichlet,,0.28045859932899475,0.8029653429985046,9,0.2678258419036865,2.108482517142911
dirichlet,,0.31715577840805054,1.0434993505477905,10,0.25586065649986267,2.108482517142911
dirichlet,,0.2838296592235565,1.1783090829849243,10,0.2592451572418213,2.108482517142911
dirichlet,,0.28589025139808655,1.1105811595916748,12,0.16255484521389008,2.108482517142911
dirichlet,,0.2456793636083603,1.0639101266860962,11,0.19454768300056458,2.108482517142911
dirichlet,,0.3495770990848541,1.0562161207199097,11,0.1640198528766632,2.108482517142911
dirichlet,,0.2852002680301666,1.0565764904022217,11,0.17573142051696777,2.108482517142911
dirichlet,,0.30370208621025085,0.9087845087051392,10,0.2305278480052948,2.108482517142911
dirichlet,,0.24118128418922424,1.0174261331558228,12,0.2856544256210327,2.108482517142911
dirichlet,,0.27769356966018677,1.1182156801223755,11,0.23306038975715637,2.108482517142911
dirichlet,,0.3263462781906128,1.1058803796768188,10,0.22360283136367798,2.108482517142911
dirichlet,,0.2560253143310547,0.9613764882087708,11,0.2601657509803772,2.108482517142911
dirichlet,,0.2673032581806183,0.9460259675979614,10,0.16439668834209442,2.108482517142911
dirichlet,,0.3427613079547882,1.1680121421813965,10,0.2681298553943634,2.108482517142911
dirichlet,,0.296169251203537,1.003068208694458,11,0.2128499448299408,2.108482517142911
dirichlet,,0.3254499137401581,1.1660270690917969,11,0.17445893585681915,2.108482517142911
dirichlet,,0.26893341541290283,0.9823535084724426,10,0.27845296263694763,2.108482517142911
dirichlet,,0.2741198241710663,1.0472503900527954,10,0.1613037884235382,2.108482517142911
dirichlet,,0.2746823728084564,0.9464387893676758,11,0.22770372033119202,2.108482517142911
dirichlet,,0.3252173662185669,0.9956952333450317,10,0.16074933111667633,2.108482517142911
dirichlet,,0.29487547278404236,1.0724908113479614,11,0.18884460628032684,2.108482517142911
dirichlet,,0.24189986288547516,1.0148526430130005,11,0.267275333404541,2.108482517142911
dirichlet,,0.28196147084236145,1.0171782970428467,11,0.2928825616836548,2.108482517142911
dirichlet,,0.377284973859787,0.9261641502380371,10,0.24492521584033966,2.108482517142911
dirichlet,,0.28614452481269836,1.0205442905426025,10,0.2567688822746277,2.108482517142911
dirichlet,,0.2620052397251129,1.0384851694107056,11,0.23649853467941284,2.108482517142911
dirichlet,,0.31294283270835876,1.118626356124878,11,0.22309303283691406,2.108482517142911
dirichlet,,0.307493656873703,0.8598004579544067,12,0.25721731781959534,2.108482517142911
dirichlet,,0.31383806467056274,1.0320452451705933,11,0.16727569699287415,2.108482517142911
dirichlet,,0.27063754200935364,1.0920796394348145,10,0.2770032286643982,2.108482517142911
dirichlet,,0.3554965555667877,1.0142689943313599,11,0.27746930718421936,2.108482517142911
dirichlet,,0.29675671458244324,1.1718432903289795,11,0.27327674627304077,2.108482517142911
dirichlet,,0.24666038155555725,1.1063921451568604,10,0.2320171296596527,2.108482517142911
dirichlet,,0.2389683872461319,1.0387476682662964,11,0.26703494787216187,2.108482517142911
dirichlet,,0.3008008301258087,1.0516221523284912,11,0.17998403310775757,2.108482517142911
dirichlet,,0.30137696862220764,1.0691207647323608,11,0.2178574651479721,2.108482517142911
dirichlet,,0.2593986988067627,1.135108232498169,11,0.3360137641429901,2.108482517142911
dirichlet,,0.2768259346485138,0.9998950958251953,10,0.19704116880893707,2.108482517142911
dirichlet,,0.2664184868335724,1.0557432174682617,10,0.19370311498641968,2.108482517142911
dirichlet,,0.2959486246109009,0.9180327653884888,11,0.22590729594230652,2.108482517142911
dirichlet,,0.33611810207366943,1.0694870948791504,12,0.2919619083404541,2.108482517142911
dirichlet,,0.3424173891544342,0.9723674654960632,11,0.18970713019371033,2.108482517142911
dirichlet,,0.33328285813331604,1.1556510925292969,10,0.34017372131347656,2.108482517142911
dirichlet,,0.3330692648887634,1.0774338245391846,11,0.19700929522514343,2.108482517142911
dirichlet,,0.3273932933807373,1.0857609510421753,11,0.22399231791496277,2.108482517142911
dirichlet,,0.327407568693161,1.135364294052124,11,0.19732628762722015,2.108482517142911
dirichlet,,0.3398450016975403,1.0956826210021973,10,0.23210960626602173,2.108482517142911
dirichlet,,0.3901725709438324,1.2196012735366821,11,0.22411957383155823,2.108482517142911
dirichlet,,0.27585384249687195,1.2674235105514526,10,0.16766701638698578,2.108482517142911
dirichlet,,0.27894023060798645,1.084134578704834,12,0.2373536378145218,2.108482517142911
dirichlet,,0.2770519256591797,1.0844606161117554,11,0.3375004231929779,2.108482517142911
dirichlet,,0.30689308047294617,1.160362958908081,11,0.22485628724098206,2.108482517142911
dirichlet,,0.2678852677345276,0.966236412525177,11,0.17259898781776428,2.108482517142911
dirichlet,,0.2850135564804077,1.0017017126083374,10,0.20501163601875305,2.108482517142911
dirichlet,,0.2752794027328491,1.0330313444137573,10,0.22634698450565338,2.108482517142911
dirichlet,,0.3244715929031372,0.8024104237556458,10,0.2270219624042511,2.108482517142911
dirichlet,,0.3141647279262543,1.064469337463379,9,0.25214266777038574,2.108482517142911
dirichlet,,0.35760223865509033,1.0456392765045166,11,0.2946104407310486,2.108482517142911
dirichlet,,0.33297038078308105,1.0960462093353271,10,0.19372202455997467,2.108482517142911
dirichlet,,0.33912986516952515,1.0791455507278442,10,0.20223717391490936,2.108482517142911
dirichlet,,0.29952752590179443,1.0894725322723389,11,0.19023194909095764,2.108482517142911
dirichlet,,0.27856138348579407,1.032060980796814,12,0.2567981481552124,2.108482517142911
dirichlet,,0.34955522418022156,1.0086214542388916,11,0.2541486918926239,2.108482517142911
dirichlet,,0.31685835123062134,1.0480263233184814,10,0.22815722227096558,2.108482517142911
dirichlet,,0.31404662132263184,1.0176787376403809,10,0.3339146077632904,2.108482517142911
dirichlet,,0.31554967164993286,1.0844948291778564,11,0.2094310224056244,2.108482517142911
dirichlet,,0.34516918659210205,1.0384100675582886,11,0.20272725820541382,2.108482517142911
dirichlet,,0.30677226185798645,1.1116193532943726,11,0.1967729926109314,2.108482517142911
dirichlet,,0.34069010615348816,1.1014925241470337,9,0.1964414119720459,2.108482517142911
dirichlet,,0.29119357466697693,1.126191258430481,11,0.24942442774772644,2.108482517142911
dirichlet,,0.298130065202713,1.105013132095337,11,0.22644436359405518,2.108482517142911
dirichlet,,0.25076812505722046,1.0269520282745361,11,0.2270609438419342,2.108482517142911
dirichlet,,0.3411436080932617,0.9365553855895996,10,0.26702791452407837,2.108482517142911
dirichlet,,0.31100356578826904,1.2264320850372314,9,0.2563056945800781,2.108482517142911
dirichlet,,0.3732595145702362,1.1781229972839355,11,0.18780112266540527,2.108482517142911
dirichlet,,0.2840960621833801,1.0507943630218506,9,0.22990833222866058,2.108482517142911
dirichlet,,0.26761049032211304,1.0380656719207764,10,0.28719088435173035,2.108482517142911
dirichlet,,0.2796759009361267,1.0902066230773926,9,0.20062611997127533,2.108482517142911
dirichlet,,0.2884722948074341,1.0103611946105957,11,0.21438856422901154,2.108482517142911
dirichlet,,0.29688552021980286,1.020590901374817,11,0.2609328031539917,2.108482517142911
dirichlet,,0.28810030221939087,1.124807596206665,11,0.325448215007782,2.108482517142911
dirichlet,,0.33283108472824097,0.9934511184692383,11,0.2315334677696228,2.108482517142911
dirichlet,,0.3351614475250244,1.146536111831665,11,0.256019651889801,2.108482517142911
dirichlet,,0.2626868188381195,1.2673156261444092,10,0.28153395652770996,2.108482517142911
dirichlet,,0.3099230229854584,1.0698307752609253,11,0.21912238001823425,2.108482517142911
dirichlet,,0.22188591957092285,1.0534422397613525,10,0.2109566181898117,2.108482517142911
dirichlet,,0.3181013762950897,0.9256502389907837,12,0.27336400747299194,2.108482517142911
dirichlet,,0.2932003140449524,0.8549594879150391,10,0.20749275386333466,2.108482517142911
dirichlet,,0.3384346663951874,1.0796492099761963,11,0.19694383442401886,2.108482517142911
dirichlet,,0.33044004440307617,0.9580052495002747,10,0.2406463474035263,2.108482517142911
dirichlet,,0.2638150155544281,1.0951976776123047,11,0.23504036664962769,2.108482517142911
dirichlet,,0.2743387222290039,1.12728750705719,12,0.25262367725372314,2.108482517142911
dirichlet,,0.23324571549892426,0.9018452763557434,11,0.12786555290222168,2.108482517142911
dirichlet,,0.3653408885002136,0.9645670056343079,10,0.23351658880710602,2.108482517142911
dirichlet,,0.2918478548526764,1.0645201206207275,10,0.3113596439361572,2.108482517142911
dirichlet,,0.26535657048225403,1.031441569328308,11,0.2360677421092987,2.108482517142911
dirichlet,,0.26702094078063965,0.9772306680679321,9,0.18153882026672363,2.108482517142911
dirichlet,,0.28026679158210754,0.9787402153015137,10,0.20152337849140167,2.108482517142911
dirichlet,,0.3310540020465851,1.143569827079773,11,0.2204742431640625,2.108482517142911
dirichlet,,0.31819668412208557,0.9941255450248718,11,0.22615137696266174,2.108482517142911
dirichlet,,0.3378313183784485,0.8387730717658997,11,0.22034049034118652,2.108482517142911
dirichlet,,0.30553138256073,1.064405083656311,11,0.27175411581993103,2.108482517142911
dirichlet,,0.32627996802330017,1.117612361907959,9,0.2764168977737427,2.108482517142911
dirichlet,,0.24678412079811096,1.0144761800765991,11,0.24634377658367157,2.108482517142911
dirichlet,,0.31976836919784546,1.0514917373657227,10,0.2190743088722229,2.108482517142911
dirichlet,,0.33387863636016846,0.9754589200019836,11,0.25024574995040894,2.108482517142911
dirichlet,,0.27791669964790344,1.0543028116226196,10,0.1933373361825943,2.108482517142911
dirichlet,,0.28728392720222473,0.9907060861587524,11,0.2076503336429596,2.108482517142911
dirichlet,,0.2621380686759949,1.0735836029052734,10,0.2801136076450348,2.108482517142911
dirichlet,,0.3179335594177246,1.1522250175476074,11,0.2679872512817383,2.108482517142911
dirichlet,,0.3342520296573639,1.032810926437378,10,0.15954405069351196,2.108482517142911
dirichlet,,0.2660418450832367,0.9171024560928345,11,0.2017749547958374,2.108482517142911
dirichlet,,0.27391189336776733,1.0209077596664429,11,0.2980799674987793,2.108482517142911
dirichlet,,0.2575998902320862,0.8292338252067566,9,0.15461714565753937,2.108482517142911
dirichlet,,0.2970774471759796,0.9954315423965454,10,0.20429152250289917,2.108482517142911
dirichlet,,0.2941402494907379,1.116011381149292,11,0.24095766246318817,2.108482517142911
dirichlet,,0.27787259221076965,0.9945791363716125,10,0.22669479250907898,2.108482517142911
dirichlet,,0.31108328700065613,1.0375049114227295,11,0.23326848447322845,2.108482517142911
dirichlet,,0.3403967022895813,1.2443598508834839,11,0.2440427839756012,2.108482517142911
dirichlet,,0.3506598472595215,0.9299303293228149,10,0.32722604274749756,2.108482517142911
dirichlet,,0.252391517162323,0.7736634016036987,7,0.22871220111846924,2.108482517142911
dirichlet,,0.28582754731178284,0.9731362462043762,9,0.30425959825515747,2.108482517142911
dirichlet,,0.3648587167263031,0.9808845520019531,10,0.321138471364975,2.108482517142911
dirichlet,,0.3009597063064575,0.9765182733535767,8,0.1825365126132965,2.108482517142911
dirichlet,,0.2937580645084381,0.9120685458183289,10,0.21776530146598816,2.108482517142911
dirichlet,,0.30051037669181824,0.9283078908920288,10,0.2903611660003662,2.108482517142911
dirichlet,,0.2829380929470062,0.9772351980209351,10,0.15330174565315247,2.108482517142911
dirichlet,,0.3353779911994934,1.0800451040267944,11,0.28534120321273804,2.108482517142911
dirichlet,,0.3873796761035919,0.9843522310256958,9,0.23737409710884094,2.108482517142911
dirichlet,,0.310536652803421,1.0044808387756348,10,0.209987074136734,2.108482517142911
dirichlet,,0.29150816798210144,1.1172417402267456,11,0.25658342242240906,2.108482517142911
dirichlet,,0.3214227259159088,1.0776548385620117,9,0.203115314245224,2.108482517142911
dirichlet,,0.3835654556751251,0.7395098805427551,10,0.23503577709197998,2.108482517142911
dirichlet,,0.3164882957935333,1.1199889183044434,11,0.18030986189842224,2.108482517142911
dirichlet,,0.3673574924468994,1.215446949005127,11,0.2599477171897888,2.108482517142911
dirichlet,,0.30152472853660583,0.9384514093399048,10,0.2196372151374817,2.108482517142911
dirichlet,,0.2942608892917633,1.1287758350372314,11,0.29630690813064575,2.108482517142911
dirichlet,,0.33171719312667847,0.9905791282653809,11,0.2679194211959839,2.108482517142911
dirichlet,,0.2871319651603699,1.0531080961227417,12,0.28206998109817505,2.108482517142911
dirichlet,,0.3269309997558594,1.0352649688720703,9,0.23958852887153625,2.108482517142911
dirichlet,,0.3087804317474365,0.8813165426254272,11,0.22246339917182922,2.108482517142911
dirichlet,,0.32112395763397217,0.9019359350204468,11,0.28470155596733093,2.108482517142911
dirichlet,,0.3669753968715668,0.931747317314148,10,0.197035014629364,2.108482517142911
dirichlet,,0.38219350576400757,1.1877323389053345,10,0.2363308072090149,2.108482517142911
dirichlet,,0.2540816366672516,1.2857234477996826,12,0.2155289500951767,2.108482517142911
dirichlet,,0.2976943254470825,1.030342936515808,10,0.2556273937225342,2.108482517142911
dirichlet,,0.2971819341182709,1.2914044857025146,11,0.261086642742157,2.108482517142911
dirichlet,,0.3090958297252655,1.0271621942520142,9,0.23868316411972046,2.108482517142911
dirichlet,,0.30891069769859314,1.1360280513763428,11,0.2245372235774994,2.108482517142911
dirichlet,,0.3393597900867462,1.0197452306747437,11,0.24454747140407562,2.108482517142911
dirichlet,,0.3305321931838989,0.9868783950805664,11,0.2880578339099884,2.108482517142911
dirichlet,,0.3653767704963684,1.1783430576324463,10,0.22423195838928223,2.108482517142911
dirichlet,,0.2887982428073883,1.180227279663086,10,0.17940804362297058,2.108482517142911
dirichlet,,0.33239179849624634,0.9862334132194519,10,0.24001763761043549,2.108482517142911
dirichlet,,0.4019806981086731,0.9437252879142761,10,0.21721598505973816,2.108482517142911
dirichlet,,0.3512267768383026,0.8516653776168823,10,0.23099452257156372,2.108482517142911
dirichlet,,0.2999984323978424,1.0634291172027588,11,0.2955302596092224,2.108482517142911
dirichlet,,0.2528908848762512,1.0122921466827393,11,0.26747357845306396,2.108482517142911
dirichlet,,0.25756365060806274,1.1121572256088257,10,0.14271396398544312,2.108482517142911
dirichlet,,0.3172213137149811,1.2576024532318115,11,0.3197629451751709,2.108482517142911
dirichlet,,0.361136257648468,1.0325748920440674,10,0.222648024559021,2.108482517142911
dirichlet,,0.25380802154541016,1.0056074857711792,11,0.28220587968826294,2.108482517142911
dirichlet,,0.3064674735069275,1.2014522552490234,10,0.1809646487236023,2.108482517142911
dirichlet,,0.30153414607048035,0.8717156648635864,10,0.24432304501533508,2.108482517142911
dirichlet,,0.27390938997268677,1.1603713035583496,11,0.28302696347236633,2.108482517142911
dirichlet,,0.3263297379016876,1.0788471698760986,10,0.23171022534370422,2.108482517142911
dirichlet,,0.28861111402511597,0.9843356013298035,10,0.2224300056695938,2.108482517142911
dirichlet,,0.3786303400993347,1.133927583694458,10,0.18256434798240662,2.108482517142911
dirichlet,,0.3256157636642456,1.0939967632293701,12,0.21693845093250275,2.108482517142911
dirichlet,,0.3204062283039093,1.2077367305755615,9,0.3193022608757019,2.108482517142911
dirichlet,,0.3249054253101349,1.1746456623077393,11,0.21054673194885254,2.108482517142911
dirichlet,,0.3008157014846802,1.0448758602142334,10,0.23256738483905792,2.108482517142911
dirichlet,,0.2816437780857086,0.9652402997016907,10,0.20572501420974731,2.108482517142911
dirichlet,,0.294151246547699,0.9499009847640991,11,0.19684270024299622,2.108482517142911
dirichlet,,0.3183749318122864,1.0054563283920288,11,0.22075054049491882,2.108482517142911
dirichlet,,0.37070170044898987,1.1102817058563232,11,0.17007121443748474,2.108482517142911
dirichlet,,0.32112592458724976,0.9182547330856323,12,0.28664055466651917,2.108482517142911
dirichlet,,0.3355872333049774,1.070810079574585,10,0.16966824233531952,2.108482517142911
dirichlet,,0.34288397431373596,0.9847007989883423,11,0.2717694044113159,2.108482517142911
dirichlet,,0.2537279725074768,1.1766070127487183,12,0.16535042226314545,2.108482517142911
dirichlet,,0.30423256754875183,0.9713703393936157,10,0.14664152264595032,2.108482517142911
dirichlet,,0.2936760485172272,1.0596054792404175,11,0.216598778963089,2.108482517142911
dirichlet,,0.25368446111679077,1.1504231691360474,10,0.22381114959716797,2.108482517142911
dirichlet,,0.3284553289413452,1.2528718709945679,11,0.2687155604362488,2.108482517142911
dirichlet,,0.2866648733615875,1.0543149709701538,12,0.2336815595626831,2.108482517142911
dirichlet,,0.2268793284893036,0.9557649493217468,11,0.2745579779148102,2.108482517142911
dirichlet,,0.2947332262992859,1.0232969522476196,10,0.23868553340435028,2.108482517142911
dirichlet,,0.31680044531822205,1.0878970623016357,12,0.19017046689987183,2.108482517142911
dirichlet,,0.2954151928424835,1.0725082159042358,11,0.2504679560661316,2.108482517142911
dirichlet,,0.3604438602924347,1.086085557937622,10,0.18607667088508606,2.108482517142911
dirichlet,,0.3257525861263275,0.8506333231925964,11,0.19703206419944763,2.108482517142911
dirichlet,,0.26302140951156616,1.0514256954193115,9,0.21125513315200806,2.108482517142911
dirichlet,,0.31770145893096924,1.1286531686782837,11,0.26087677478790283,2.108482517142911
dirichlet,,0.31313350796699524,1.0352699756622314,11,0.3347761929035187,2.108482517142911
dirichlet,,0.3152379095554352,1.2306851148605347,10,0.21878282725811005,2.108482517142911
dirichlet,,0.29527026414871216,0.9322898983955383,10,0.1676928848028183,2.108482517142911
dirichlet,,0.2533990144729614,1.158349871635437,11,0.1916448026895523,2.108482517142911
dirichlet,,0.3204658329486847,1.0439757108688354,11,0.2584800124168396,2.108482517142911
dirichlet,,0.2853601574897766,1.008394479751587,11,0.22514277696609497,2.108482517142911
dirichlet,,0.3059181869029999,0.970883846282959,10,0.2254917025566101,2.108482517142911
dirichlet,,0.2736496329307556,0.9713788032531738,12,0.27277863025665283,2.108482517142911
dirichlet,,0.294670969247818,1.1299636363983154,11,0.24333731830120087,2.108482517142911
dirichlet,,0.39490869641304016,0.9679335355758667,11,0.2580517530441284,2.108482517142911
dirichlet,,0.34922271966934204,0.7962435483932495,9,0.208255797624588,2.108482517142911
dirichlet,,0.3722730576992035,1.1067709922790527,10,0.21220999956130981,2.108482517142911
dirichlet,,0.31016966700553894,1.0257192850112915,10,0.23192265629768372,2.108482517142911
dirichlet,,0.3362172842025757,0.9343236088752747,12,0.20809561014175415,2.108482517142911
dirichlet,,0.310925155878067,1.1779940128326416,10,0.27042263746261597,2.108482517142911
dirichlet,,0.2531924545764923,1.1364445686340332,10,0.18703509867191315,2.108482517142911
dirichlet,,0.3092833459377289,1.0834819078445435,11,0.20560559630393982,2.108482517142911
dirichlet,,0.2988533079624176,1.0621219873428345,9,0.2832708954811096,2.108482517142911
dirichlet,,0.28821703791618347,1.2864443063735962,10,0.2555660009384155,2.108482517142911
dirichlet,,0.24072366952896118,0.9295713305473328,11,0.19568058848381042,2.108482517142911
dirichlet,,0.31236645579338074,1.0842905044555664,10,0.1981455683708191,2.108482517142911
dirichlet,,0.34095463156700134,0.9484535455703735,11,0.2712283432483673,2.108482517142911
dirichlet,,0.35852137207984924,1.2829134464263916,11,0.19663095474243164,2.108482517142911
dirichlet,,0.3103385865688324,1.2028656005859375,11,0.26096048951148987,2.108482517142911
dirichlet,,0.29909926652908325,0.8964642286300659,10,0.1256425529718399,2.108482517142911
dirichlet,,0.35208311676979065,1.0482723712921143,11,0.15793952345848083,2.108482517142911
dirichlet,,0.3188164234161377,1.0138849020004272,11,0.20614799857139587,2.108482517142911
dirichlet,,0.31700053811073303,1.1503294706344604,10,0.16385702788829803,2.108482517142911
dirichlet,,0.36397436261177063,1.159576177597046,11,0.2305779606103897,2.108482517142911
dirichlet,,0.3452584147453308,1.2011046409606934,9,0.21962469816207886,2.108482517142911
dirichlet,,0.327222615480423,0.9809280633926392,9,0.2750474810600281,2.108482517142911
dirichlet,,0.3611701428890228,0.9700385928153992,10,0.2537580728530884,2.108482517142911
dirichlet,,0.29497605562210083,1.0533435344696045,11,0.23768970370292664,2.108482517142911
dirichlet,,0.3013230264186859,1.1556437015533447,9,0.292154997587204,2.108482517142911
dirichlet,,0.2936096787452698,1.3099415302276611,12,0.23087573051452637,2.108482517142911
dirichlet,,0.2847931683063507,1.0519983768463135,10,0.18445457518100739,2.108482517142911
dirichlet,,0.3434160053730011,1.0151833295822144,9,0.29373282194137573,2.108482517142911
dirichlet,,0.285222589969635,1.1901023387908936,12,0.2757391929626465,2.108482517142911
dirichlet,,0.2525845468044281,1.0227313041687012,10,0.259755402803421,2.108482517142911
dirichlet,,0.3843516707420349,1.2315328121185303,11,0.25745558738708496,2.108482517142911
dirichlet,,0.39246121048927307,0.9630287289619446,10,0.26232725381851196,2.108482517142911
dirichlet,,0.3733628988265991,1.0617704391479492,11,0.29752543568611145,2.108482517142911
dirichlet,,0.30396294593811035,0.8901755213737488,10,0.1960200071334839,2.108482517142911
dirichlet,,0.3900652229785919,1.1291043758392334,11,0.20702573657035828,2.811706625951745
dirichlet,,0.2742217183113098,1.064049243927002,10,0.19524772465229034,2.811706625951745
dirichlet,,0.3129746913909912,0.9095854759216309,9,0.1962323784828186,2.811706625951745
dirichlet,,0.290592223405838,1.0195082426071167,10,0.18211480975151062,2.811706625951745
dirichlet,,0.34592896699905396,0.8809391260147095,9,0.19592101871967316,2.811706625951745
dirichlet,,0.36320626735687256,1.1505321264266968,9,0.3012142479419708,2.811706625951745
dirichlet,,0.26617106795310974,1.0215785503387451,10,0.19683797657489777,2.811706625951745
dirichlet,,0.30242717266082764,1.0297679901123047,10,0.24929912388324738,2.811706625951745
dirichlet,,0.3000245690345764,1.099214792251587,9,0.2366156280040741,2.811706625951745
dirichlet,,0.30939731001853943,1.0787972211837769,12,0.15748772025108337,2.811706625951745
dirichlet,,0.3151329755783081,1.3142036199569702,11,0.2099754512310028,2.811706625951745
dirichlet,,0.2918081283569336,0.947940468788147,11,0.21976250410079956,2.811706625951745
dirichlet,,0.33369308710098267,1.0326049327850342,11,0.2060748040676117,2.811706625951745
dirichlet,,0.3053228259086609,0.9607536196708679,9,0.1630263328552246,2.811706625951745
dirichlet,,0.3354436755180359,0.9309003949165344,10,0.24101606011390686,2.811706625951745
dirichlet,,0.24986279010772705,1.165039300918579,9,0.31470733880996704,2.811706625951745
dirichlet,,0.2828610837459564,1.052284836769104,12,0.21059325337409973,2.811706625951745
dirichlet,,0.3099135756492615,1.0677108764648438,11,0.3012332320213318,2.811706625951745
dirichlet,,0.2566026449203491,1.156113862991333,12,0.22253738343715668,2.811706625951745
dirichlet,,0.28204840421676636,0.9133915901184082,10,0.22973567247390747,2.811706625951745
dirichlet,,0.37112754583358765,1.1224181652069092,11,0.4036504030227661,2.811706625951745
dirichlet,,0.2550230026245117,1.1030492782592773,11,0.1772383749485016,2.811706625951745
dirichlet,,0.2908004820346832,1.1959869861602783,11,0.2803018093109131,2.811706625951745
dirichlet,,0.3513037860393524,1.0891554355621338,9,0.25349855422973633,2.811706625951745
dirichlet,,0.30956098437309265,1.1059257984161377,10,0.18085025250911713,2.811706625951745
dirichlet,,0.2851848006248474,0.9967125058174133,10,0.2571355402469635,2.811706625951745
dirichlet,,0.33808261156082153,1.0370032787322998,10,0.17349669337272644,2.811706625951745
dirichlet,,0.3801666498184204,0.9913700222969055,10,0.2724938988685608,2.811706625951745
dirichlet,,0.3235855996608734,1.140317678451538,9,0.20586231350898743,2.811706625951745
dirichlet,,0.33665430545806885,0.8771852254867554,11,0.2164602428674698,2.811706625951745
dirichlet,,0.27543675899505615,1.012345314025879,9,0.21096724271774292,2.811706625951745
dirichlet,,0.30335116386413574,0.9362443089485168,8,0.2696145474910736,2.811706625951745
dirichlet,,0.319156676530838,0.9972193837165833,9,0.17378737032413483,2.811706625951745
dirichlet,,0.3046671748161316,1.1091796159744263,11,0.2449926882982254,2.811706625951745
dirichlet,,0.27143508195877075,0.9931254386901855,10,0.2565034031867981,2.811706625951745
dirichlet,,0.31628668308258057,0.7604078054428101,11,0.2309371829032898,2.811706625951745
dirichlet,,0.29329976439476013,1.0009934902191162,11,0.27240216732025146,2.811706625951745
dirichlet,,0.3169470727443695,0.9725760221481323,11,0.285017192363739,2.811706625951745
dirichlet,,0.33895793557167053,1.0526139736175537,10,0.2102959156036377,2.811706625951745
dirichlet,,0.30591872334480286,1.1148606538772583,11,0.16637742519378662,2.811706625951745
dirichlet,,0.2778557538986206,1.0452308654785156,10,0.21784844994544983,2.811706625951745
dirichlet,,0.27371475100517273,1.1584160327911377,11,0.30532681941986084,2.811706625951745
dirichlet,,0.29803207516670227,1.1161435842514038,9,0.16808390617370605,2.811706625951745
dirichlet,,0.27232059836387634,0.9609953165054321,10,0.24407455325126648,2.811706625951745
dirichlet,,0.3056265711784363,1.0078437328338623,12,0.22229605913162231,2.811706625951745
dirichlet,,0.3622036874294281,1.0293500423431396,12,0.23560652136802673,2.811706625951745
dirichlet,,0.3450899124145508,1.0525941848754883,9,0.21340695023536682,2.811706625951745
dirichlet,,0.2942579388618469,0.9722387194633484,10,0.17608299851417542,2.811706625951745
dirichlet,,0.23698066174983978,0.944790244102478,11,0.23488037288188934,2.811706625951745
dirichlet,,0.2807249128818512,1.1612592935562134,12,0.25757256150245667,2.811706625951745
dirichlet,,0.29460713267326355,0.8806742429733276,10,0.2837313413619995,2.811706625951745
dirichlet,,0.25368407368659973,1.0288299322128296,10,0.25791436433792114,2.811706625951745
dirichlet,,0.2830030918121338,1.0627027750015259,10,0.19721448421478271,2.811706625951745
dirichlet,,0.26963549852371216,1.1032869815826416,11,0.27126240730285645,2.811706625951745
dirichlet,,0.23480911552906036,1.195159673690796,10,0.24921774864196777,2.811706625951745
dirichlet,,0.3166658878326416,1.0266826152801514,10,0.19428019225597382,2.811706625951745
dirichlet,,0.28862670063972473,1.1242876052856445,11,0.26873332262039185,2.811706625951745
dirichlet,,0.27502843737602234,1.1314183473587036,10,0.20330168306827545,2.811706625951745
dirichlet,,0.31690022349357605,1.0163192749023438,11,0.15975770354270935,2.811706625951745
dirichlet,,0.3726806044578552,0.9805465936660767,10,0.1598023772239685,2.811706625951745
dirichlet,,0.31203851103782654,1.1768399477005005,11,0.24668917059898376,2.811706625951745
dirichlet,,0.3121263086795807,0.8927668333053589,11,0.2346893548965454,2.811706625951745
dirichlet,,0.25423040986061096,1.0326151847839355,11,0.22869661450386047,2.811706625951745
dirichlet,,0.35965871810913086,1.015091896057129,10,0.2756871283054352,2.811706625951745
dirichlet,,0.29277679324150085,0.9280921220779419,10,0.1716226190328598,2.811706625951745
dirichlet,,0.3127670884132385,1.0506274700164795,11,0.24529120326042175,2.811706625951745
dirichlet,,0.27879899740219116,0.9528898000717163,9,0.33069509267807007,2.811706625951745
dirichlet,,0.31168368458747864,1.0819591283798218,10,0.22005951404571533,2.811706625951745
dirichlet,,0.26560738682746887,0.9547291994094849,9,0.19282300770282745,2.811706625951745
dirichlet,,0.29945269227027893,1.026629090309143,10,0.38706088066101074,2.811706625951745
dirichlet,,0.35214143991470337,1.0459563732147217,10,0.2365758717060089,2.811706625951745
dirichlet,,0.37029898166656494,1.034245491027832,11,0.2588595747947693,2.811706625951745
dirichlet,,0.34366145730018616,1.0445501804351807,10,0.1981014460325241,2.811706625951745
dirichlet,,0.332984060049057,0.8872061967849731,10,0.21658138930797577,2.811706625951745
dirichlet,,0.2747360169887543,0.8802167773246765,11,0.21728916466236115,2.811706625951745
dirichlet,,0.27812516689300537,1.1208018064498901,10,0.28211677074432373,2.811706625951745
dirichlet,,0.3026566505432129,1.037402629852295,9,0.23403716087341309,2.811706625951745
dirichlet,,0.28712067008018494,0.9793572425842285,11,0.19812849164009094,2.811706625951745
dirichlet,,0.28406205773353577,1.0401785373687744,12,0.2818465828895569,2.811706625951745
dirichlet,,0.3380860388278961,1.079329490661621,11,0.22232121229171753,2.811706625951745
dirichlet,,0.3699137568473816,0.920070469379425,10,0.19142703711986542,2.811706625951745
dirichlet,,0.3044121265411377,0.9997255206108093,8,0.16335465013980865,2.811706625951745
dirichlet,,0.3087577521800995,1.0701617002487183,10,0.23491241037845612,2.811706625951745
dirichlet,,0.24255768954753876,1.122369647026062,11,0.24357663094997406,2.811706625951745
dirichlet,,0.2939567565917969,0.9765865206718445,11,0.19279985129833221,2.811706625951745
dirichlet,,0.28510817885398865,1.0706371068954468,10,0.24747195839881897,2.811706625951745
dirichlet,,0.29736727476119995,0.9874526858329773,10,0.21528249979019165,2.811706625951745
dirichlet,,0.2825108468532562,0.9054583311080933,11,0.20226620137691498,2.811706625951745
dirichlet,,0.37020862102508545,1.0436177253723145,10,0.24930180609226227,2.811706625951745
dirichlet,,0.36167582869529724,0.9994966387748718,10,0.267259418964386,2.811706625951745
dirichlet,,0.2370395064353943,1.0479404926300049,10,0.22792857885360718,2.811706625951745
dirichlet,,0.30276432633399963,1.1064906120300293,11,0.24979685246944427,2.811706625951745
dirichlet,,0.2785799205303192,1.0483639240264893,11,0.220295250415802,2.811706625951745
dirichlet,,0.26859644055366516,0.8772879838943481,11,0.24244379997253418,2.811706625951745
dirichlet,,0.24813280999660492,0.885021984577179,11,0.21501341462135315,2.811706625951745
dirichlet,,0.29795509576797485,0.8399294018745422,10,0.1573314070701599,2.811706625951745
dirichlet,,0.3271089792251587,1.078137993812561,9,0.21369189023971558,2.811706625951745
dirichlet,,0.27799564599990845,1.038346290588379,10,0.1868327558040619,2.811706625951745
dirichlet,,0.3065636157989502,0.9115698933601379,11,0.22280974686145782,2.811706625951745
dirichlet,,0.2961680293083191,1.0041391849517822,10,0.20819222927093506,2.811706625951745
dirichlet,,0.2620479166507721,1.001249074935913,10,0.1762605458498001,2.811706625951745
dirichlet,,0.28491711616516113,1.0357989072799683,10,0.27357980608940125,2.811706625951745
dirichlet,,0.31839659810066223,0.9955400228500366,11,0.243340402841568,2.811706625951745
dirichlet,,0.28756454586982727,0.8401781320571899,10,0.26305702328681946,2.811706625951745
dirichlet,,0.25933974981307983,1.00326406955719,10,0.23231934010982513,2.811706625951745
dirichlet,,0.31420573592185974,1.1349680423736572,11,0.26452767848968506,2.811706625951745
dirichlet,,0.3012223541736603,0.9695520401000977,10,0.2591703534126282,2.811706625951745
dirichlet,,0.2870194911956787,1.049660086631775,10,0.2454005777835846,2.811706625951745
dirichlet,,0.24823811650276184,1.0461838245391846,10,0.17885562777519226,2.811706625951745
dirichlet,,0.29269129037857056,1.0403215885162354,9,0.19727635383605957,2.811706625951745
dirichlet,,0.2977296710014343,0.9028173685073853,10,0.20574802160263062,2.811706625951745
dirichlet,,0.3382907211780548,0.8785134553909302,10,0.16450706124305725,2.811706625951745
dirichlet,,0.21553045511245728,1.0906546115875244,11,0.29803240299224854,2.811706625951745
dirichlet,,0.3211940824985504,1.0007355213165283,10,0.30098819732666016,2.811706625951745
dirichlet,,0.3918115198612213,1.0928843021392822,9,0.24684792757034302,2.811706625951745
dirichlet,,0.3485375642776489,1.1174333095550537,11,0.293409138917923,2.811706625951745
dirichlet,,0.3533689081668854,1.0902198553085327,10,0.18475578725337982,2.811706625951745
dirichlet,,0.2828764021396637,1.0632922649383545,10,0.21684794127941132,2.811706625951745
dirichlet,,0.3163178563117981,1.0437681674957275,10,0.23365092277526855,2.811706625951745
dirichlet,,0.273926705121994,0.8979865908622742,10,0.19466719031333923,2.811706625951745
dirichlet,,0.29455575346946716,0.8674883842468262,11,0.22007621824741364,2.811706625951745
dirichlet,,0.2766337990760803,1.0548374652862549,11,0.22017470002174377,2.811706625951745
dirichlet,,0.3436451852321625,0.9653153419494629,10,0.24471217393875122,2.811706625951745
dirichlet,,0.30684560537338257,1.0499814748764038,11,0.24204689264297485,2.811706625951745
dirichlet,,0.2438412308692932,0.9894450306892395,10,0.2327214926481247,2.811706625951745
dirichlet,,0.31669214367866516,1.1151487827301025,10,0.21230855584144592,2.811706625951745
dirichlet,,0.27645283937454224,1.0572474002838135,11,0.1887226402759552,2.811706625951745
dirichlet,,0.24863775074481964,0.9807020425796509,11,0.2821635603904724,2.811706625951745
dirichlet,,0.3169907331466675,1.0123926401138306,10,0.2582172155380249,2.811706625951745
dirichlet,,0.35949236154556274,0.9588261842727661,11,0.20220839977264404,2.811706625951745
dirichlet,,0.25463545322418213,1.1246600151062012,11,0.2612531781196594,2.811706625951745
dirichlet,,0.3114207983016968,1.0598472356796265,11,0.2559710741043091,2.811706625951745
dirichlet,,0.303702175617218,1.0282423496246338,10,0.2656483054161072,2.811706625951745
dirichlet,,0.27444759011268616,1.0664864778518677,11,0.3335791826248169,2.811706625951745
dirichlet,,0.3318963646888733,1.087299108505249,10,0.1773538589477539,2.811706625951745
dirichlet,,0.27150481939315796,1.0587412118911743,11,0.21819449961185455,2.811706625951745
dirichlet,,0.3042486011981964,0.9301557540893555,10,0.22042353451251984,2.811706625951745
dirichlet,,0.26118502020835876,0.8516422510147095,11,0.19063377380371094,2.811706625951745
dirichlet,,0.31754565238952637,1.062281847000122,10,0.1505744457244873,2.811706625951745
dirichlet,,0.28846004605293274,1.0121053457260132,12,0.15765324234962463,2.811706625951745
dirichlet,,0.3591882288455963,0.9986772537231445,9,0.19557765126228333,2.811706625951745
dirichlet,,0.32656145095825195,1.1338962316513062,11,0.16879922151565552,2.811706625951745
dirichlet,,0.3161197006702423,0.9483891725540161,11,0.18150624632835388,2.811706625951745
dirichlet,,0.28025615215301514,0.9708213806152344,9,0.1942988485097885,2.811706625951745
dirichlet,,0.3097148537635803,1.222930908203125,10,0.20363059639930725,2.811706625951745
dirichlet,,0.35773175954818726,0.8785438537597656,11,0.23942343890666962,2.811706625951745
dirichlet,,0.28731587529182434,0.8607684373855591,11,0.26145249605178833,2.811706625951745
dirichlet,,0.300702303647995,1.1421163082122803,10,0.2524247169494629,2.811706625951745
dirichlet,,0.314981609582901,1.0504305362701416,11,0.23291757702827454,2.811706625951745
dirichlet,,0.3365305960178375,0.9421306848526001,9,0.24256175756454468,2.811706625951745
dirichlet,,0.31141817569732666,0.9280730485916138,9,0.21136227250099182,2.811706625951745
dirichlet,,0.3055478036403656,1.1873637437820435,11,0.22184458374977112,2.811706625951745
dirichlet,,0.2775488793849945,0.9592465162277222,10,0.20641717314720154,2.811706625951745
dirichlet,,0.28254953026771545,1.135319471359253,10,0.2605077028274536,2.811706625951745
dirichlet,,0.3245684802532196,0.8855459094047546,11,0.22380602359771729,2.811706625951745
dirichlet,,0.3361188471317291,1.1321967840194702,10,0.18661952018737793,2.811706625951745
dirichlet,,0.2712877690792084,1.0446163415908813,10,0.20515701174736023,2.811706625951745
dirichlet,,0.35092511773109436,1.0840896368026733,11,0.236641064286232,2.811706625951745
dirichlet,,0.283870130777359,1.0536493062973022,11,0.18803748488426208,2.811706625951745
dirichlet,,0.30173179507255554,1.1490510702133179,11,0.23485976457595825,2.811706625951745
dirichlet,,0.36855554580688477,0.9834250211715698,11,0.20688199996948242,2.811706625951745
dirichlet,,0.3282768726348877,0.9994956254959106,10,0.25423097610473633,2.811706625951745
dirichlet,,0.31655028462409973,0.9401191473007202,11,0.2003602683544159,2.811706625951745
dirichlet,,0.2748585045337677,1.0598208904266357,10,0.26194122433662415,2.811706625951745
dirichlet,,0.314828097820282,1.0859562158584595,9,0.19936341047286987,2.811706625951745
dirichlet,,0.3381398916244507,1.1862207651138306,9,0.21977165341377258,2.811706625951745
dirichlet,,0.32031866908073425,0.8788560628890991,11,0.2879844307899475,2.811706625951745
dirichlet,,0.2688422203063965,1.0202997922897339,11,0.15229102969169617,2.811706625951745
dirichlet,,0.25986409187316895,0.9622615575790405,9,0.16568142175674438,2.811706625951745
dirichlet,,0.2917122542858124,1.2337218523025513,11,0.213062584400177,2.811706625951745
dirichlet,,0.32481399178504944,1.029465913772583,11,0.22757287323474884,2.811706625951745
dirichlet,,0.2871898412704468,1.1092256307601929,10,0.20705360174179077,2.811706625951745
dirichlet,,0.2824072539806366,0.8569099307060242,10,0.2528638243675232,2.811706625951745
dirichlet,,0.2444852739572525,0.9296358227729797,11,0.2592768669128418,2.811706625951745
dirichlet,,0.30961817502975464,1.0660715103149414,9,0.2378401756286621,2.811706625951745
dirichlet,,0.29473021626472473,1.106281042098999,9,0.17598798871040344,2.811706625951745
dirichlet,,0.28891271352767944,1.0332447290420532,11,0.23111335933208466,2.811706625951745
dirichlet,,0.3482118546962738,1.0716674327850342,11,0.27869218587875366,2.811706625951745
dirichlet,,0.3216424584388733,1.1209008693695068,10,0.2512841820716858,2.811706625951745
dirichlet,,0.322431743144989,0.9468482136726379,9,0.22931396961212158,2.811706625951745
dirichlet,,0.3533695638179779,1.0268503427505493,10,0.21678242087364197,2.811706625951745
dirichlet,,0.2969510853290558,0.9034377336502075,11,0.220171257853508,2.811706625951745
dirichlet,,0.2947717607021332,1.0400220155715942,11,0.23810692131519318,2.811706625951745
dirichlet,,0.35106563568115234,0.9561668634414673,10,0.19824621081352234,2.811706625951745
dirichlet,,0.26076677441596985,1.2098212242126465,10,0.2168121337890625,2.811706625951745
dirichlet,,0.2632159888744354,1.0519273281097412,8,0.1810922622680664,2.811706625951745
dirichlet,,0.3033873438835144,1.0522381067276,11,0.13283640146255493,2.811706625951745
dirichlet,,0.3127579092979431,1.1256420612335205,11,0.3342023491859436,2.811706625951745
dirichlet,,0.32710734009742737,1.2256386280059814,9,0.2011110782623291,2.811706625951745
dirichlet,,0.23014293611049652,1.1734931468963623,10,0.19593428075313568,2.811706625951745
dirichlet,,0.294345498085022,1.1113461256027222,11,0.21681761741638184,2.811706625951745
dirichlet,,0.2883874177932739,0.8962411880493164,10,0.2574840188026428,2.811706625951745
dirichlet,,0.340102881193161,1.05901038646698,8,0.2570309042930603,2.811706625951745
dirichlet,,0.38123589754104614,1.0973423719406128,10,0.26147904992103577,2.811706625951745
dirichlet,,0.3028861880302429,0.875708281993866,10,0.20651917159557343,2.811706625951745
dirichlet,,0.28349068760871887,0.993233323097229,9,0.3095923066139221,2.811706625951745
dirichlet,,0.3153779208660126,1.0600425004959106,10,0.3051653802394867,2.811706625951745
dirichlet,,0.2957801818847656,1.1318886280059814,11,0.23900336027145386,2.811706625951745
dirichlet,,0.3151383697986603,0.8194882273674011,11,0.15962520241737366,2.811706625951745
dirichlet,,0.2196822166442871,0.9517404437065125,11,0.1691579967737198,2.811706625951745
dirichlet,,0.29633066058158875,1.0927512645721436,11,0.1841534525156021,2.811706625951745
dirichlet,,0.3325672447681427,0.9341816902160645,11,0.19895139336585999,2.811706625951745
dirichlet,,0.2972353994846344,1.0819035768508911,10,0.2851654291152954,2.811706625951745
dirichlet,,0.2773478329181671,0.9643628001213074,11,0.21995946764945984,2.811706625951745
dirichlet,,0.2933216392993927,1.0969921350479126,11,0.2389662116765976,2.811706625951745
dirichlet,,0.2923679053783417,1.0343815088272095,11,0.20374368131160736,2.811706625951745
dirichlet,,0.3291236460208893,0.9646648168563843,9,0.15634143352508545,2.811706625951745
dirichlet,,0.3653586506843567,1.0692594051361084,11,0.22927798330783844,2.811706625951745
dirichlet,,0.2823506295681,0.8637120127677917,11,0.2123357057571411,2.811706625951745
dirichlet,,0.300446093082428,1.0074244737625122,10,0.22299453616142273,2.811706625951745
dirichlet,,0.3497009873390198,0.8710170984268188,10,0.25666630268096924,2.811706625951745
dirichlet,,0.3038291335105896,1.0764440298080444,10,0.2303055077791214,2.811706625951745
dirichlet,,0.267259806394577,1.0282541513442993,10,0.2414952516555786,2.811706625951745
dirichlet,,0.3351106643676758,1.0561274290084839,12,0.1825098693370819,2.811706625951745
dirichlet,,0.27841004729270935,1.1300331354141235,10,0.24183516204357147,2.811706625951745
dirichlet,,0.34913086891174316,1.057257890701294,11,0.23277810215950012,2.811706625951745
dirichlet,,0.34805095195770264,1.0145927667617798,10,0.18429827690124512,2.811706625951745
dirichlet,,0.34968847036361694,1.0860018730163574,10,0.19578972458839417,2.811706625951745
dirichlet,,0.24231433868408203,1.1281707286834717,11,0.24743780493736267,2.811706625951745
dirichlet,,0.30000540614128113,0.8903824090957642,11,0.2537167966365814,2.811706625951745
dirichlet,,0.2675228416919708,1.0370543003082275,11,0.2574540376663208,2.811706625951745
dirichlet,,0.2782386839389801,1.0003043413162231,11,0.29638463258743286,2.811706625951745
dirichlet,,0.37380194664001465,0.9878384470939636,11,0.28716933727264404,2.811706625951745
dirichlet,,0.3212173283100128,1.1163184642791748,11,0.24484685063362122,2.811706625951745
dirichlet,,0.272062748670578,0.9739925265312195,11,0.2439163625240326,2.811706625951745
dirichlet,,0.3413947522640228,1.0036309957504272,12,0.3151818811893463,2.811706625951745
dirichlet,,0.3136521279811859,0.882554829120636,9,0.2302919328212738,2.811706625951745
dirichlet,,0.3359847962856293,0.9358026385307312,10,0.27826812863349915,2.811706625951745
dirichlet,,0.28903353214263916,1.1070752143859863,11,0.21762585639953613,2.811706625951745
dirichlet,,0.3516596555709839,0.9464702606201172,10,0.23587146401405334,2.811706625951745
dirichlet,,0.2876094579696655,1.092392921447754,11,0.20360442996025085,2.811706625951745
dirichlet,,0.33368784189224243,1.1993961334228516,12,0.20369356870651245,2.811706625951745
dirichlet,,0.32491400837898254,1.0900629758834839,11,0.22350621223449707,2.811706625951745
dirichlet,,0.2767464220523834,1.068682074546814,9,0.2715626060962677,2.811706625951745
dirichlet,,0.2989039719104767,0.894258975982666,10,0.2755471467971802,2.811706625951745
dirichlet,,0.3198097050189972,1.0144271850585938,10,0.22512811422348022,2.811706625951745
dirichlet,,0.30112677812576294,1.0926954746246338,11,0.2534816861152649,2.811706625951745
dirichlet,,0.32810178399086,1.088594675064087,11,0.20643623173236847,2.811706625951745
dirichlet,,0.2843981981277466,1.0838308334350586,11,0.21111615002155304,2.811706625951745
dirichlet,,0.36252516508102417,0.9305025935173035,11,0.2780962586402893,2.811706625951745
dirichlet,,0.3238822817802429,1.0646368265151978,11,0.24250799417495728,2.811706625951745
dirichlet,,0.3317408561706543,1.097076177597046,11,0.17029841244220734,2.811706625951745
dirichlet,,0.32003054022789,1.0277496576309204,11,0.22243273258209229,2.811706625951745
dirichlet,,0.2734932601451874,0.9082674980163574,11,0.3079049587249756,2.811706625951745
dirichlet,,0.29305028915405273,1.1632429361343384,11,0.16753944754600525,2.811706625951745
dirichlet,,0.284175306558609,1.1771371364593506,9,0.2304089069366455,2.811706625951745
dirichlet,,0.33629265427589417,0.977866530418396,11,0.1267513930797577,2.811706625951745
dirichlet,,0.2792966961860657,1.0967622995376587,10,0.17791125178337097,2.811706625951745
dirichlet,,0.2925300896167755,1.2161000967025757,10,0.36710983514785767,2.811706625951745
dirichlet,,0.2744452655315399,1.0591962337493896,10,0.18012142181396484,2.811706625951745
dirichlet,,0.31239911913871765,1.0061897039413452,11,0.1499713659286499,2.811706625951745
dirichlet,,0.3055558502674103,1.0849261283874512,11,0.17964452505111694,2.811706625951745
dirichlet,,0.28958502411842346,1.117241621017456,10,0.3424306809902191,2.811706625951745
dirichlet,,0.3208390474319458,0.9309457540512085,11,0.2783249616622925,2.811706625951745
dirichlet,,0.29102492332458496,0.798801839351654,10,0.22277186810970306,2.811706625951745
dirichlet,,0.3018418252468109,1.0434954166412354,12,0.2637212574481964,2.811706625951745
dirichlet,,0.31529611349105835,1.0910494327545166,11,0.20867511630058289,2.811706625951745
dirichlet,,0.31059595942497253,0.9381154179573059,10,0.17825619876384735,2.811706625951745
dirichlet,,0.3282584547996521,0.9135328531265259,10,0.37654465436935425,2.811706625951745
dirichlet,,0.3232520818710327,0.9098278880119324,10,0.21667736768722534,2.811706625951745
dirichlet,,0.32211723923683167,1.0625789165496826,10,0.2067796140909195,2.811706625951745
dirichlet,,0.3394441306591034,1.0738496780395508,10,0.23671597242355347,2.811706625951745
dirichlet,,0.293162077665329,0.9523636698722839,11,0.23676031827926636,2.811706625951745
dirichlet,,0.2681640684604645,1.2012958526611328,12,0.2821311950683594,2.811706625951745
dirichlet,,0.30004221200942993,1.0140907764434814,11,0.18106509745121002,2.811706625951745
dirichlet,,0.28773459792137146,1.1179770231246948,11,0.23992565274238586,2.811706625951745
dirichlet,,0.3437422513961792,1.117185354232788,9,0.2042205035686493,2.811706625951745
dirichlet,,0.3391433656215668,1.0620250701904297,9,0.2755814790725708,2.811706625951745
dirichlet,,0.35772672295570374,1.2073204517364502,10,0.2068493366241455,2.811706625951745
dirichlet,,0.3326386511325836,1.1161974668502808,11,0.1791897714138031,2.811706625951745
dirichlet,,0.3384668827056885,0.9666128158569336,9,0.21762226521968842,2.811706625951745
dirichlet,,0.27957841753959656,1.07515549659729,11,0.25165000557899475,2.811706625951745
dirichlet,,0.30643853545188904,1.0824010372161865,11,0.24727274477481842,2.811706625951745
dirichlet,,0.30141302943229675,1.0017591714859009,11,0.14253389835357666,2.811706625951745
dirichlet,,0.315317302942276,0.8977166414260864,10,0.23434656858444214,2.811706625951745
dirichlet,,0.25614839792251587,1.051879644393921,11,0.2816948890686035,2.811706625951745
dirichlet,,0.31122222542762756,1.058018684387207,10,0.21262943744659424,2.811706625951745
dirichlet,,0.2968532145023346,1.1210497617721558,11,0.2951106131076813,2.811706625951745
dirichlet,,0.3537012040615082,0.8120196461677551,9,0.23846310377120972,2.811706625951745
dirichlet,,0.3080112934112549,1.0881764888763428,10,0.22089053690433502,2.811706625951745
dirichlet,,0.27309760451316833,1.0853561162948608,11,0.19367101788520813,2.811706625951745
dirichlet,,0.3069990575313568,1.0580699443817139,11,0.18810050189495087,2.811706625951745
dirichlet,,0.3288460969924927,1.145289421081543,11,0.1638096272945404,2.811706625951745
dirichlet,,0.25776392221450806,1.185327410697937,11,0.29790568351745605,2.811706625951745
dirichlet,,0.3172302842140198,0.9343697428703308,11,0.31192266941070557,2.811706625951745
dirichlet,,0.2949112057685852,1.0902636051177979,10,0.35436052083969116,2.811706625951745
dirichlet,,0.33649465441703796,1.0300103425979614,11,0.2439878284931183,2.811706625951745
dirichlet,,0.29539600014686584,1.0840556621551514,9,0.281572163105011,2.811706625951745
dirichlet,,0.2545040249824524,1.0596553087234497,11,0.1978759467601776,2.811706625951745
dirichlet,,0.26332730054855347,1.1767445802688599,11,0.18693792819976807,2.811706625951745
dirichlet,,0.2780728042125702,0.9507652521133423,10,0.19366790354251862,2.811706625951745
dirichlet,,0.34885531663894653,0.9037076830863953,11,0.24180996417999268,2.811706625951745
dirichlet,,0.40579158067703247,1.008427381515503,11,0.20639342069625854,2.811706625951745
dirichlet,,0.2883164584636688,1.025061845779419,10,0.23335057497024536,2.811706625951745
dirichlet,,0.31734833121299744,1.1345025300979614,10,0.30442100763320923,2.811706625951745
dirichlet,,0.29583796858787537,1.1462703943252563,11,0.19240224361419678,2.811706625951745
dirichlet,,0.3352745473384857,1.0981711149215698,10,0.3457973301410675,2.811706625951745
dirichlet,,0.28079524636268616,0.9306529760360718,11,0.21418455243110657,2.811706625951745
dirichlet,,0.25734952092170715,0.9773001670837402,11,0.33260831236839294,2.811706625951745
dirichlet,,0.3631671071052551,0.9971806406974792,10,0.19271069765090942,2.811706625951745
dirichlet,,0.3271371126174927,0.9519352912902832,11,0.17406651377677917,2.811706625951745
dirichlet,,0.294655442237854,1.1804358959197998,10,0.3247855603694916,2.811706625951745
dirichlet,,0.3312763273715973,0.9595535397529602,9,0.19440969824790955,2.811706625951745
dirichlet,,0.27064013481140137,1.1334015130996704,11,0.21624907851219177,2.811706625951745
dirichlet,,0.3496089279651642,1.0632941722869873,11,0.22242484986782074,2.811706625951745
dirichlet,,0.32132089138031006,1.0345176458358765,11,0.2204827517271042,2.811706625951745
dirichlet,,0.32746851444244385,1.0651472806930542,12,0.2695853114128113,2.811706625951745
dirichlet,,0.26089322566986084,1.102282166481018,11,0.3728322982788086,2.811706625951745
dirichlet,,0.36052024364471436,0.8060339093208313,10,0.1840464472770691,2.811706625951745
dirichlet,,0.3074265420436859,0.9893573522567749,11,0.19563722610473633,2.811706625951745
dirichlet,,0.28813982009887695,1.064964771270752,10,0.2615940570831299,2.811706625951745
dirichlet,,0.33134976029396057,1.082540512084961,10,0.20829103887081146,2.811706625951745
dirichlet,,0.30229055881500244,1.0395007133483887,9,0.16588959097862244,2.811706625951745
dirichlet,,0.31710919737815857,0.932873547077179,11,0.2075951099395752,2.811706625951745
dirichlet,,0.28068000078201294,0.9970966577529907,11,0.20937007665634155,2.811706625951745
dirichlet,,0.28735530376434326,1.1644800901412964,10,0.1929274946451187,2.811706625951745
dirichlet,,0.2981205880641937,1.1730287075042725,11,0.23201444745063782,2.811706625951745
dirichlet,,0.3118455708026886,1.0461509227752686,11,0.21665826439857483,2.811706625951745
dirichlet,,0.2345612496137619,0.9436664581298828,11,0.148966982960701,2.811706625951745
dirichlet,,0.32385554909706116,0.924605667591095,11,0.2652621269226074,2.811706625951745
dirichlet,,0.34326472878456116,1.0853471755981445,11,0.22669410705566406,2.811706625951745
dirichlet,,0.34354302287101746,1.127334713935852,10,0.1692337691783905,2.811706625951745
dirichlet,,0.2943809926509857,1.158687710762024,10,0.20515918731689453,2.811706625951745
dirichlet,,0.2661476135253906,1.0595347881317139,11,0.21430009603500366,2.811706625951745
dirichlet,,0.3186946213245392,1.0944249629974365,11,0.2028740644454956,2.811706625951745
dirichlet,,0.3146360218524933,1.018798589706421,9,0.20722347497940063,2.811706625951745
dirichlet,,0.287673681974411,1.1727697849273682,11,0.246000736951828,2.811706625951745
dirichlet,,0.29514697194099426,1.0572950839996338,10,0.19773851335048676,2.811706625951745
dirichlet,,0.3864182233810425,1.006425142288208,11,0.2492993175983429,2.811706625951745
dirichlet,,0.30949363112449646,1.000619649887085,11,0.2576935887336731,2.811706625951745
dirichlet,,0.33577290177345276,1.1642978191375732,11,0.22252273559570312,2.811706625951745
dirichlet,,0.28004685044288635,1.0749479532241821,11,0.27760881185531616,2.811706625951745
dirichlet,,0.2658451199531555,1.0558263063430786,10,0.19290900230407715,2.811706625951745
dirichlet,,0.32345566153526306,1.1820199489593506,11,0.24725067615509033,2.811706625951745
dirichlet,,0.22313116490840912,1.0897717475891113,10,0.20280620455741882,2.811706625951745
dirichlet,,0.33863911032676697,1.0979207754135132,10,0.26109158992767334,2.811706625951745
dirichlet,,0.36332881450653076,0.9810211062431335,11,0.21908220648765564,2.811706625951745
dirichlet,,0.26515910029411316,0.9719409942626953,10,0.24915041029453278,2.811706625951745
dirichlet,,0.3022743761539459,1.1055796146392822,9,0.1872277706861496,2.811706625951745
dirichlet,,0.3002699315547943,1.1356689929962158,10,0.1640697717666626,2.811706625951745
dirichlet,,0.2710742652416229,1.1492966413497925,10,0.30439987778663635,2.811706625951745
dirichlet,,0.30851247906684875,1.0057212114334106,11,0.22296153008937836,2.811706625951745
dirichlet,,0.3204253613948822,1.027411699295044,10,0.21451960504055023,2.811706625951745
dirichlet,,0.2508455812931061,1.1163671016693115,11,0.20667493343353271,2.811706625951745
dirichlet,,0.3160601258277893,0.948522686958313,11,0.2583889067173004,2.811706625951745
dirichlet,,0.31442421674728394,1.0584423542022705,11,0.20217975974082947,2.811706625951745
dirichlet,,0.31085920333862305,0.9751478433609009,9,0.2680225372314453,2.811706625951745
dirichlet,,0.29254716634750366,1.2180023193359375,11,0.23207324743270874,2.811706625951745
dirichlet,,0.346175879240036,1.1891295909881592,8,0.17364530265331268,2.811706625951745
dirichlet,,0.25901085138320923,0.7758763432502747,11,0.18589380383491516,2.811706625951745
dirichlet,,0.3239689767360687,1.1455650329589844,7,0.25652095675468445,2.811706625951745
dirichlet,,0.26793771982192993,1.0012972354888916,11,0.13628673553466797,2.811706625951745
dirichlet,,0.26538100838661194,1.118107795715332,8,0.32001495361328125,2.811706625951745
dirichlet,,0.26981601119041443,1.032364010810852,11,0.22712653875350952,2.811706625951745
dirichlet,,0.34922826290130615,1.0875303745269775,11,0.23786026239395142,2.811706625951745
dirichlet,,0.28800007700920105,0.9285039901733398,11,0.2044399082660675,2.811706625951745
dirichlet,,0.26875218749046326,1.0658690929412842,12,0.19706764817237854,2.811706625951745
dirichlet,,0.3521936535835266,0.906970202922821,8,0.2679690718650818,2.811706625951745
dirichlet,,0.3157937526702881,0.9304019212722778,10,0.21681243181228638,2.811706625951745
dirichlet,,0.29843267798423767,1.0883010625839233,10,0.20677170157432556,2.811706625951745
dirichlet,,0.25534361600875854,1.0610883235931396,10,0.2031288594007492,2.811706625951745
dirichlet,,0.31763169169425964,1.1677137613296509,11,0.26224562525749207,2.811706625951745
dirichlet,,0.3220026195049286,0.9981090426445007,10,0.21445131301879883,2.811706625951745
dirichlet,,0.25972288846969604,1.1530864238739014,10,0.26597702503204346,2.811706625951745
dirichlet,,0.3783472180366516,0.994966983795166,7,0.37676548957824707,2.811706625951745
dirichlet,,0.3135441243648529,1.0527721643447876,11,0.23220540583133698,2.811706625951745
dirichlet,,0.2864616811275482,0.9576308131217957,10,0.1679789423942566,2.811706625951745
dirichlet,,0.34602856636047363,0.9383100271224976,12,0.2038426250219345,2.811706625951745
dirichlet,,0.3154921233654022,1.0198510885238647,10,0.2510235905647278,2.811706625951745
dirichlet,,0.28230950236320496,1.1295831203460693,10,0.276544451713562,2.811706625951745
dirichlet,,0.2920103967189789,0.9823639988899231,11,0.20810195803642273,2.811706625951745
dirichlet,,0.37740209698677063,1.0274115800857544,10,0.2785923480987549,2.811706625951745
dirichlet,,0.31095874309539795,1.1000131368637085,10,0.252629816532135,2.811706625951745
dirichlet,,0.3356757164001465,0.9435275197029114,11,0.1735653281211853,2.811706625951745
dirichlet,,0.32420700788497925,1.0668814182281494,10,0.2701195478439331,2.811706625951745
dirichlet,,0.27492555975914,1.1285903453826904,11,0.21972651779651642,2.811706625951745
dirichlet,,0.3222194314002991,1.0718460083007812,10,0.17739000916481018,2.811706625951745
dirichlet,,0.32764047384262085,1.1775505542755127,12,0.2703435719013214,2.811706625951745
dirichlet,,0.3179550766944885,1.11056649684906,11,0.23133935034275055,2.811706625951745
dirichlet,,0.3196910619735718,0.9150096774101257,10,0.21025344729423523,2.811706625951745
dirichlet,,0.30000126361846924,1.0012966394424438,10,0.2449515163898468,2.811706625951745
dirichlet,,0.32968294620513916,0.9501625299453735,8,0.25575459003448486,2.811706625951745
dirichlet,,0.25216662883758545,0.9646461606025696,11,0.2438810020685196,2.811706625951745
dirichlet,,0.297506183385849,1.098395824432373,12,0.19924134016036987,2.811706625951745
dirichlet,,0.3367392122745514,1.047856330871582,11,0.23878829181194305,2.811706625951745
dirichlet,,0.323380708694458,0.9200670123100281,11,0.24512314796447754,2.811706625951745
dirichlet,,0.3521322011947632,0.9352008700370789,9,0.26446399092674255,2.811706625951745
dirichlet,,0.2976560592651367,1.1213338375091553,11,0.22869734466075897,2.811706625951745
dirichlet,,0.24118444323539734,1.1529953479766846,11,0.17761017382144928,2.811706625951745
dirichlet,,0.27001503109931946,1.1944338083267212,11,0.2813322842121124,2.811706625951745
dirichlet,,0.3293150067329407,1.0809067487716675,11,0.2680091857910156,2.811706625951745
dirichlet,,0.29723459482192993,1.0037682056427002,11,0.1902153044939041,2.811706625951745
dirichlet,,0.3047921657562256,1.0513381958007812,10,0.2609304189682007,2.811706625951745
dirichlet,,0.3015563189983368,1.2452549934387207,11,0.21535180509090424,2.811706625951745
dirichlet,,0.29773059487342834,0.9696581959724426,11,0.27780845761299133,2.811706625951745
dirichlet,,0.3017781674861908,1.1396892070770264,11,0.3837531507015228,2.811706625951745
dirichlet,,0.35347431898117065,1.0011980533599854,11,0.20382443070411682,2.811706625951745
dirichlet,,0.33241650462150574,0.973892331123352,10,0.2763889729976654,2.811706625951745
dirichlet,,0.317917138338089,1.1454379558563232,12,0.25006821751594543,2.811706625951745
dirichlet,,0.3260907828807831,1.0730342864990234,11,0.248594731092453,2.811706625951745
dirichlet,,0.3234473466873169,1.1118481159210205,11,0.20985117554664612,3.7494710466622787
dirichlet,,0.3049571216106415,1.0303863286972046,12,0.24814647436141968,3.7494710466622787
dirichlet,,0.3341357707977295,0.9990816116333008,11,0.25734367966651917,3.7494710466622787
dirichlet,,0.2828051447868347,1.0127339363098145,10,0.20198997855186462,3.7494710466622787
dirichlet,,0.359088659286499,1.0205219984054565,11,0.18001624941825867,3.7494710466622787
dirichlet,,0.3001178503036499,1.0446330308914185,10,0.2103864550590515,3.7494710466622787
dirichlet,,0.28241753578186035,1.0351455211639404,10,0.24056802690029144,3.7494710466622787
dirichlet,,0.356981486082077,1.1794013977050781,11,0.2567201852798462,3.7494710466622787
dirichlet,,0.30727389454841614,1.0901107788085938,11,0.17514148354530334,3.7494710466622787
dirichlet,,0.3848750591278076,0.9989266395568848,8,0.22374126315116882,3.7494710466622787
dirichlet,,0.3026539981365204,0.9851956367492676,10,0.23466727137565613,3.7494710466622787
dirichlet,,0.24482987821102142,0.9727188348770142,9,0.2256203442811966,3.7494710466622787
dirichlet,,0.3233279287815094,0.8571678996086121,10,0.24812380969524384,3.7494710466622787
dirichlet,,0.3293789327144623,1.0302634239196777,10,0.20288360118865967,3.7494710466622787
dirichlet,,0.3410870432853699,0.9663341641426086,11,0.16561512649059296,3.7494710466622787
dirichlet,,0.3236345946788788,0.967595100402832,9,0.2458936870098114,3.7494710466622787
dirichlet,,0.321183979511261,1.0264782905578613,9,0.30323004722595215,3.7494710466622787
dirichlet,,0.2989634573459625,1.0079796314239502,9,0.2264878749847412,3.7494710466622787
dirichlet,,0.31421515345573425,0.9104302525520325,10,0.22020581364631653,3.7494710466622787
dirichlet,,0.2892744839191437,1.0626662969589233,11,0.3403755724430084,3.7494710466622787
dirichlet,,0.2896384596824646,0.9091463088989258,10,0.26257967948913574,3.7494710466622787
dirichlet,,0.30120235681533813,1.012612223625183,10,0.31722283363342285,3.7494710466622787
dirichlet,,0.27754801511764526,0.9214726686477661,10,0.3327251374721527,3.7494710466622787
dirichlet,,0.3018301725387573,0.9956525564193726,10,0.19639506936073303,3.7494710466622787
dirichlet,,0.30947452783584595,1.143249750137329,11,0.2456362545490265,3.7494710466622787
dirichlet,,0.2916819751262665,1.175072431564331,11,0.33857041597366333,3.7494710466622787
dirichlet,,0.28785350918769836,0.9788100123405457,11,0.22502401471138,3.7494710466622787
dirichlet,,0.2998960614204407,1.1855851411819458,12,0.24664461612701416,3.7494710466622787
dirichlet,,0.3111031651496887,0.9881731867790222,9,0.19688856601715088,3.7494710466622787
dirichlet,,0.26737943291664124,0.9213274717330933,11,0.23476380109786987,3.7494710466622787
dirichlet,,0.2587851285934448,1.1155680418014526,10,0.20376020669937134,3.7494710466622787
dirichlet,,0.3737088143825531,0.9187216758728027,10,0.248070627450943,3.7494710466622787
dirichlet,,0.3342388868331909,1.127539873123169,11,0.18779149651527405,3.7494710466622787
dirichlet,,0.2716823220252991,1.1029231548309326,12,0.2077457308769226,3.7494710466622787
dirichlet,,0.283964604139328,0.9530894160270691,11,0.2480243444442749,3.7494710466622787
dirichlet,,0.2988247275352478,1.0883500576019287,10,0.24370786547660828,3.7494710466622787
dirichlet,,0.29339855909347534,1.1360361576080322,11,0.2623717188835144,3.7494710466622787
dirichlet,,0.32574331760406494,1.0067237615585327,11,0.24917584657669067,3.7494710466622787
dirichlet,,0.31366461515426636,0.9796065092086792,10,0.2834087312221527,3.7494710466622787
dirichlet,,0.2913026511669159,0.9997100830078125,10,0.22073519229888916,3.7494710466622787
dirichlet,,0.33136823773384094,1.0000240802764893,10,0.23767884075641632,3.7494710466622787
dirichlet,,0.29459378123283386,1.055267572402954,10,0.24286815524101257,3.7494710466622787
dirichlet,,0.30753016471862793,0.9673306345939636,10,0.20878469944000244,3.7494710466622787
dirichlet,,0.3159236013889313,1.128933310508728,11,0.30765995383262634,3.7494710466622787
dirichlet,,0.292379766702652,1.0060818195343018,10,0.20341220498085022,3.7494710466622787
dirichlet,,0.3395901918411255,0.9859105944633484,9,0.2280513495206833,3.7494710466622787
dirichlet,,0.2993973195552826,1.0625079870224,9,0.20442990958690643,3.7494710466622787
dirichlet,,0.3042510151863098,1.0427100658416748,10,0.18218886852264404,3.7494710466622787
dirichlet,,0.32854098081588745,1.016411542892456,10,0.26272493600845337,3.7494710466622787
dirichlet,,0.33096763491630554,1.0082391500473022,10,0.33245423436164856,3.7494710466622787
dirichlet,,0.2706556022167206,0.9991018176078796,11,0.17388750612735748,3.7494710466622787
dirichlet,,0.2694617211818695,1.159498929977417,11,0.23880451917648315,3.7494710466622787
dirichlet,,0.3232262134552002,1.0687774419784546,10,0.14926593005657196,3.7494710466622787
dirichlet,,0.27259671688079834,1.1208750009536743,9,0.19183073937892914,3.7494710466622787
dirichlet,,0.27566519379615784,0.9505550265312195,11,0.26683270931243896,3.7494710466622787
dirichlet,,0.2828100025653839,1.0503307580947876,12,0.22601842880249023,3.7494710466622787
dirichlet,,0.32002347707748413,0.9659208059310913,11,0.23308701813220978,3.7494710466622787
dirichlet,,0.2787770628929138,0.9317561388015747,10,0.2478831708431244,3.7494710466622787
dirichlet,,0.3541088402271271,0.9151381254196167,10,0.28970563411712646,3.7494710466622787
dirichlet,,0.3465873599052429,1.0543826818466187,10,0.195990651845932,3.7494710466622787
dirichlet,,0.24175161123275757,1.0498707294464111,10,0.22922071814537048,3.7494710466622787
dirichlet,,0.3269088864326477,1.0478609800338745,11,0.3425337076187134,3.7494710466622787
dirichlet,,0.3309253752231598,1.159543514251709,9,0.2145576775074005,3.7494710466622787
dirichlet,,0.2770932912826538,1.0835721492767334,11,0.24586030840873718,3.7494710466622787
dirichlet,,0.30854108929634094,0.9848906397819519,10,0.32117539644241333,3.7494710466622787
dirichlet,,0.29061153531074524,1.0608211755752563,10,0.2001422494649887,3.7494710466622787
dirichlet,,0.31401553750038147,1.1223996877670288,12,0.30213844776153564,3.7494710466622787
dirichlet,,0.26382309198379517,1.0247714519500732,10,0.3101358711719513,3.7494710466622787
dirichlet,,0.24703185260295868,1.0877282619476318,11,0.22300392389297485,3.7494710466622787
dirichlet,,0.32560500502586365,0.913178563117981,11,0.18915271759033203,3.7494710466622787
dirichlet,,0.26468002796173096,1.1021816730499268,10,0.21011771261692047,3.7494710466622787
dirichlet,,0.2656261920928955,1.1430466175079346,12,0.21265000104904175,3.7494710466622787
dirichlet,,0.2890622913837433,1.0913302898406982,12,0.20971360802650452,3.7494710466622787
dirichlet,,0.3629183769226074,0.9653612971305847,9,0.1999046802520752,3.7494710466622787
dirichlet,,0.2962566912174225,1.0045061111450195,10,0.22045230865478516,3.7494710466622787
dirichlet,,0.3139004111289978,0.9220191240310669,11,0.19992566108703613,3.7494710466622787
dirichlet,,0.2608646750450134,1.1220507621765137,11,0.2012876272201538,3.7494710466622787
dirichlet,,0.283644437789917,1.027753472328186,11,0.20386801660060883,3.7494710466622787
dirichlet,,0.349030464887619,0.9837777018547058,9,0.24510879814624786,3.7494710466622787
dirichlet,,0.2977464497089386,1.0572251081466675,11,0.16568666696548462,3.7494710466622787
dirichlet,,0.3204089403152466,0.9789940714836121,11,0.2264086902141571,3.7494710466622787
dirichlet,,0.307785302400589,0.9667035341262817,11,0.24697180092334747,3.7494710466622787
dirichlet,,0.30151110887527466,0.9905160069465637,11,0.21828621625900269,3.7494710466622787
dirichlet,,0.3235090374946594,1.1057738065719604,11,0.14252349734306335,3.7494710466622787
dirichlet,,0.33703088760375977,0.974793553352356,11,0.23883523046970367,3.7494710466622787
dirichlet,,0.3167348802089691,1.0917402505874634,11,0.1782878339290619,3.7494710466622787
dirichlet,,0.32569819688796997,1.035310983657837,12,0.2286972999572754,3.7494710466622787
dirichlet,,0.29365554451942444,1.0301918983459473,9,0.24191120266914368,3.7494710466622787
dirichlet,,0.2985687851905823,1.0426074266433716,10,0.22561389207839966,3.7494710466622787
dirichlet,,0.3219815492630005,1.0080292224884033,11,0.2132931500673294,3.7494710466622787
dirichlet,,0.2977599501609802,1.0748488903045654,10,0.24535831809043884,3.7494710466622787
dirichlet,,0.29384809732437134,1.072129249572754,11,0.2246592491865158,3.7494710466622787
dirichlet,,0.3140115737915039,1.0387494564056396,11,0.29573601484298706,3.7494710466622787
dirichlet,,0.29529228806495667,0.9907611608505249,11,0.18570776283740997,3.7494710466622787
dirichlet,,0.2675641179084778,0.9870325922966003,10,0.2271731197834015,3.7494710466622787
dirichlet,,0.30834898352622986,0.9779236912727356,8,0.1728733777999878,3.7494710466622787
dirichlet,,0.2670709490776062,0.9876683950424194,11,0.2198205590248108,3.7494710466622787
dirichlet,,0.2874087989330292,1.0246038436889648,11,0.1975712776184082,3.7494710466622787
dirichlet,,0.2735244333744049,1.005258560180664,10,0.35202765464782715,3.7494710466622787
dirichlet,,0.3683229684829712,0.9818194508552551,11,0.356147825717926,3.7494710466622787
dirichlet,,0.3010616600513458,0.9839790463447571,12,0.25863611698150635,3.7494710466622787
dirichlet,,0.31881624460220337,0.9589975476264954,11,0.23975367844104767,3.7494710466622787
dirichlet,,0.2926850914955139,1.072501301765442,11,0.20764516294002533,3.7494710466622787
dirichlet,,0.2978689670562744,1.048174262046814,11,0.312958300113678,3.7494710466622787
dirichlet,,0.3227766752243042,0.926541805267334,11,0.20856399834156036,3.7494710466622787
dirichlet,,0.29840612411499023,1.0972273349761963,9,0.27987733483314514,3.7494710466622787
dirichlet,,0.29504114389419556,1.1449207067489624,11,0.2502867579460144,3.7494710466622787
dirichlet,,0.342534601688385,1.0461273193359375,11,0.2570468783378601,3.7494710466622787
dirichlet,,0.294808030128479,0.9135855436325073,12,0.2050832360982895,3.7494710466622787
dirichlet,,0.32212990522384644,1.1049301624298096,11,0.3007369637489319,3.7494710466622787
dirichlet,,0.28644007444381714,1.0653690099716187,11,0.22808390855789185,3.7494710466622787
dirichlet,,0.2938684821128845,1.093174695968628,10,0.19141918420791626,3.7494710466622787
dirichlet,,0.2993086874485016,1.1141520738601685,11,0.2643136978149414,3.7494710466622787
dirichlet,,0.3050518035888672,1.0091466903686523,11,0.25989842414855957,3.7494710466622787
dirichlet,,0.3465776741504669,1.0785701274871826,11,0.22886694967746735,3.7494710466622787
dirichlet,,0.2968311011791229,0.9286223649978638,11,0.28957414627075195,3.7494710466622787
dirichlet,,0.279054194688797,1.0713284015655518,11,0.24737688899040222,3.7494710466622787
dirichlet,,0.3443510830402374,1.1166739463806152,10,0.39370599389076233,3.7494710466622787
dirichlet,,0.3237254321575165,1.056086778640747,10,0.27248913049697876,3.7494710466622787
dirichlet,,0.26070159673690796,1.1471444368362427,12,0.2411893606185913,3.7494710466622787
dirichlet,,0.3147684335708618,0.9111623764038086,10,0.18943801522254944,3.7494710466622787
dirichlet,,0.25080397725105286,1.063697099685669,10,0.20917563140392303,3.7494710466622787
dirichlet,,0.2501252293586731,1.0330650806427002,11,0.21377214789390564,3.7494710466622787
dirichlet,,0.2775968015193939,1.1053996086120605,10,0.3291515111923218,3.7494710466622787
dirichlet,,0.2860872149467468,1.0189908742904663,10,0.2671802341938019,3.7494710466622787
dirichlet,,0.3267833888530731,1.0173754692077637,10,0.2518793046474457,3.7494710466622787
dirichlet,,0.33664676547050476,1.0840471982955933,10,0.3076271712779999,3.7494710466622787
dirichlet,,0.2880759537220001,1.1048738956451416,10,0.23922277987003326,3.7494710466622787
dirichlet,,0.294170618057251,1.0669052600860596,10,0.24703195691108704,3.7494710466622787
dirichlet,,0.3012387156486511,1.0689984560012817,10,0.2428852617740631,3.7494710466622787
dirichlet,,0.27956071496009827,1.0676816701889038,11,0.21709232032299042,3.7494710466622787
dirichlet,,0.25209841132164,0.8956802487373352,10,0.22303152084350586,3.7494710466622787
dirichlet,,0.29110854864120483,1.108891248703003,11,0.19616423547267914,3.7494710466622787
dirichlet,,0.3238763213157654,1.015805959701538,10,0.24053117632865906,3.7494710466622787
dirichlet,,0.29308417439460754,1.1381832361221313,11,0.28415942192077637,3.7494710466622787
dirichlet,,0.3429727852344513,1.1458415985107422,9,0.2270790934562683,3.7494710466622787
dirichlet,,0.31614094972610474,0.9749695062637329,10,0.33317145705223083,3.7494710466622787
dirichlet,,0.3147468566894531,1.0183895826339722,10,0.24280910193920135,3.7494710466622787
dirichlet,,0.2919881343841553,1.042399525642395,11,0.23660816252231598,3.7494710466622787
dirichlet,,0.2898631691932678,1.0944839715957642,10,0.27991145849227905,3.7494710466622787
dirichlet,,0.33028706908226013,1.0728251934051514,11,0.17868906259536743,3.7494710466622787
dirichlet,,0.3288043439388275,0.9662483334541321,11,0.19698607921600342,3.7494710466622787
dirichlet,,0.31709203124046326,0.9785720109939575,11,0.2301337867975235,3.7494710466622787
dirichlet,,0.3145882785320282,1.0245212316513062,9,0.18603402376174927,3.7494710466622787
dirichlet,,0.24399133026599884,1.044057846069336,11,0.23848730325698853,3.7494710466622787
dirichlet,,0.31114062666893005,1.0648839473724365,10,0.21819943189620972,3.7494710466622787
dirichlet,,0.3093954622745514,1.0433473587036133,11,0.18608041107654572,3.7494710466622787
dirichlet,,0.2987923324108124,1.104719638824463,11,0.17917326092720032,3.7494710466622787
dirichlet,,0.3146761357784271,1.0476510524749756,11,0.2927395701408386,3.7494710466622787
dirichlet,,0.31208425760269165,1.061542272567749,10,0.26955217123031616,3.7494710466622787
dirichlet,,0.2976144552230835,1.1206690073013306,11,0.2303585708141327,3.7494710466622787
dirichlet,,0.2614237368106842,0.887537956237793,10,0.20900243520736694,3.7494710466622787
dirichlet,,0.29653653502464294,1.0650019645690918,10,0.2527209222316742,3.7494710466622787
dirichlet,,0.33413460850715637,1.1060068607330322,11,0.2745564579963684,3.7494710466622787
dirichlet,,0.31695717573165894,1.1294219493865967,12,0.14767178893089294,3.7494710466622787
dirichlet,,0.29662132263183594,1.0796750783920288,11,0.31013378500938416,3.7494710466622787
dirichlet,,0.2839558720588684,0.9739363789558411,11,0.26803913712501526,3.7494710466622787
dirichlet,,0.29166772961616516,1.0544459819793701,9,0.3015502095222473,3.7494710466622787
dirichlet,,0.29128405451774597,1.0556838512420654,11,0.27812156081199646,3.7494710466622787
dirichlet,,0.2998678982257843,0.9708458185195923,11,0.25684383511543274,3.7494710466622787
dirichlet,,0.2989451289176941,1.1007754802703857,10,0.33055752515792847,3.7494710466622787
dirichlet,,0.3033128082752228,0.9285722970962524,11,0.19946332275867462,3.7494710466622787
dirichlet,,0.3303031623363495,1.1099437475204468,11,0.28877392411231995,3.7494710466622787
dirichlet,,0.27036765217781067,1.0026158094406128,10,0.201096773147583,3.7494710466622787
dirichlet,,0.2939842939376831,1.0425516366958618,10,0.1893245130777359,3.7494710466622787
dirichlet,,0.3109439015388489,0.9513883590698242,11,0.3060283362865448,3.7494710466622787
dirichlet,,0.3070962727069855,1.017881989479065,10,0.15155029296875,3.7494710466622787
dirichlet,,0.2790088355541229,1.0810940265655518,10,0.21815523505210876,3.7494710466622787
dirichlet,,0.3116055428981781,1.0985214710235596,11,0.26407814025878906,3.7494710466622787
dirichlet,,0.2878056466579437,1.0098687410354614,11,0.19062381982803345,3.7494710466622787
dirichlet,,0.3124177157878876,0.8848638534545898,9,0.13681137561798096,3.7494710466622787
dirichlet,,0.302329421043396,1.1770060062408447,11,0.19259577989578247,3.7494710466622787
dirichlet,,0.3042968213558197,0.9977825880050659,10,0.27775758504867554,3.7494710466622787
dirichlet,,0.3171911835670471,1.0632946491241455,10,0.18675538897514343,3.7494710466622787
dirichlet,,0.31009283661842346,1.0267534255981445,11,0.23961645364761353,3.7494710466622787
dirichlet,,0.3496088981628418,0.9848920702934265,11,0.3101269602775574,3.7494710466622787
dirichlet,,0.30330920219421387,1.0539103746414185,10,0.2407526671886444,3.7494710466622787
dirichlet,,0.3082517683506012,1.0161902904510498,11,0.19406607747077942,3.7494710466622787
dirichlet,,0.3155549168586731,1.0715553760528564,11,0.25235432386398315,3.7494710466622787
dirichlet,,0.3616526126861572,1.0181814432144165,10,0.2552792429924011,3.7494710466622787
dirichlet,,0.27950793504714966,1.1264970302581787,10,0.3510369658470154,3.7494710466622787
dirichlet,,0.32844817638397217,1.1452544927597046,11,0.1979890763759613,3.7494710466622787
dirichlet,,0.29885366559028625,1.0574012994766235,10,0.25590354204177856,3.7494710466622787
dirichlet,,0.33879539370536804,1.0926703214645386,10,0.27723580598831177,3.7494710466622787
dirichlet,,0.26815155148506165,1.080115556716919,8,0.2671787738800049,3.7494710466622787
dirichlet,,0.3337361812591553,1.0604465007781982,12,0.19992445409297943,3.7494710466622787
dirichlet,,0.30906495451927185,1.0875791311264038,10,0.2842369079589844,3.7494710466622787
dirichlet,,0.3603091835975647,0.9966063499450684,11,0.17853794991970062,3.7494710466622787
dirichlet,,0.2994856834411621,0.9734386205673218,10,0.20080839097499847,3.7494710466622787
dirichlet,,0.34159737825393677,0.8667186498641968,10,0.23834741115570068,3.7494710466622787
dirichlet,,0.2942488193511963,1.0339136123657227,11,0.22763662040233612,3.7494710466622787
dirichlet,,0.3146853744983673,1.0330069065093994,11,0.2724781930446625,3.7494710466622787
dirichlet,,0.29628804326057434,0.9862192273139954,11,0.34786054491996765,3.7494710466622787
dirichlet,,0.29161834716796875,0.9565011858940125,11,0.2920510768890381,3.7494710466622787
dirichlet,,0.2979716658592224,1.0552066564559937,11,0.20658323168754578,3.7494710466622787
dirichlet,,0.3383699953556061,0.9020510911941528,10,0.2516744136810303,3.7494710466622787
dirichlet,,0.27825042605400085,1.0838369131088257,11,0.23736055195331573,3.7494710466622787
dirichlet,,0.26642102003097534,0.9882661700248718,10,0.2927691340446472,3.7494710466622787
dirichlet,,0.2897578775882721,1.0966041088104248,11,0.18749478459358215,3.7494710466622787
dirichlet,,0.3386053442955017,1.0650111436843872,10,0.2615876793861389,3.7494710466622787
dirichlet,,0.28277525305747986,0.9739099740982056,10,0.22900661826133728,3.7494710466622787
dirichlet,,0.3309773802757263,1.0279804468154907,10,0.21196119487285614,3.7494710466622787
dirichlet,,0.3428448438644409,0.9558734893798828,10,0.24968664348125458,3.7494710466622787
dirichlet,,0.253815621137619,0.9921501278877258,11,0.22762003540992737,3.7494710466622787
dirichlet,,0.2699025869369507,1.1078728437423706,10,0.240009605884552,3.7494710466622787
dirichlet,,0.2858356833457947,1.1226847171783447,11,0.20005008578300476,3.7494710466622787
dirichlet,,0.30702126026153564,0.9687818288803101,11,0.185911625623703,3.7494710466622787
dirichlet,,0.27671027183532715,1.0674102306365967,11,0.19282987713813782,3.7494710466622787
dirichlet,,0.27934107184410095,1.032156229019165,10,0.3116014897823334,3.7494710466622787
dirichlet,,0.277969092130661,1.0945978164672852,10,0.21589046716690063,3.7494710466622787
dirichlet,,0.2581886053085327,1.026265025138855,10,0.1709095984697342,3.7494710466622787
dirichlet,,0.3409503996372223,0.9249085187911987,10,0.22991907596588135,3.7494710466622787
dirichlet,,0.3180408775806427,0.8874066472053528,11,0.2843831181526184,3.7494710466622787
dirichlet,,0.28367722034454346,0.9295809864997864,10,0.2886207103729248,3.7494710466622787
dirichlet,,0.28599634766578674,1.0852630138397217,9,0.27849599719047546,3.7494710466622787
dirichlet,,0.3364695608615875,1.0881975889205933,12,0.2449008971452713,3.7494710466622787
dirichlet,,0.30656784772872925,1.1756759881973267,9,0.3007678985595703,3.7494710466622787
dirichlet,,0.3169204294681549,1.1085717678070068,11,0.19555683434009552,3.7494710466622787
dirichlet,,0.30842840671539307,0.9814786911010742,10,0.239847794175148,3.7494710466622787
dirichlet,,0.28958624601364136,1.074998140335083,12,0.27551496028900146,3.7494710466622787
dirichlet,,0.3059388995170593,1.1716318130493164,10,0.2182530164718628,3.7494710466622787
dirichlet,,0.3165431022644043,0.9565032124519348,11,0.29169774055480957,3.7494710466622787
dirichlet,,0.3115137815475464,1.2579597234725952,10,0.3159329891204834,3.7494710466622787
dirichlet,,0.30851277709007263,1.1103034019470215,11,0.19552558660507202,3.7494710466622787
dirichlet,,0.33126091957092285,1.1444920301437378,11,0.19009891152381897,3.7494710466622787
dirichlet,,0.29670217633247375,0.9926449656486511,11,0.22782117128372192,3.7494710466622787
dirichlet,,0.34491828083992004,0.961013913154602,10,0.25591951608657837,3.7494710466622787
dirichlet,,0.3191395103931427,1.067184329032898,11,0.3323554992675781,3.7494710466622787
dirichlet,,0.28740015625953674,0.9853748083114624,11,0.31143757700920105,3.7494710466622787
dirichlet,,0.2762736976146698,0.9485851526260376,10,0.29234057664871216,3.7494710466622787
dirichlet,,0.33883360028266907,1.0907889604568481,9,0.2246655970811844,3.7494710466622787
dirichlet,,0.31406277418136597,1.0330588817596436,11,0.14437156915664673,3.7494710466622787
dirichlet,,0.2936079204082489,1.1054692268371582,12,0.27982890605926514,3.7494710466622787
dirichlet,,0.27521365880966187,1.0728051662445068,11,0.24139106273651123,3.7494710466622787
dirichlet,,0.32721108198165894,1.128183364868164,9,0.17037558555603027,3.7494710466622787
dirichlet,,0.3067484498023987,1.0493545532226562,9,0.2435576617717743,3.7494710466622787
dirichlet,,0.28922054171562195,1.0512075424194336,10,0.2657824754714966,3.7494710466622787
dirichlet,,0.2629905939102173,1.1392979621887207,11,0.24448570609092712,3.7494710466622787
dirichlet,,0.2753603756427765,1.0104148387908936,12,0.38159364461898804,3.7494710466622787
dirichlet,,0.30161651968955994,1.0195438861846924,10,0.21353308856487274,3.7494710466622787
dirichlet,,0.31173428893089294,1.0163887739181519,9,0.17743487656116486,3.7494710466622787
dirichlet,,0.3066462576389313,0.9130605459213257,11,0.17966757714748383,3.7494710466622787
dirichlet,,0.33849406242370605,1.040769338607788,11,0.22127875685691833,3.7494710466622787
dirichlet,,0.289052277803421,1.114093542098999,9,0.2527775168418884,3.7494710466622787
dirichlet,,0.348996639251709,1.0297980308532715,11,0.23020492494106293,3.7494710466622787
dirichlet,,0.3259669244289398,1.0466364622116089,10,0.257977157831192,3.7494710466622787
dirichlet,,0.2946482002735138,1.048509120941162,11,0.15714234113693237,3.7494710466622787
dirichlet,,0.27754315733909607,1.073712944984436,9,0.27140018343925476,3.7494710466622787
dirichlet,,0.37195223569869995,1.0068330764770508,10,0.29670390486717224,3.7494710466622787
dirichlet,,0.26410073041915894,1.1363396644592285,10,0.31218862533569336,3.7494710466622787
dirichlet,,0.21404191851615906,1.0251076221466064,10,0.19756104052066803,3.7494710466622787
dirichlet,,0.29957646131515503,1.0180160999298096,10,0.3170781433582306,3.7494710466622787
dirichlet,,0.2887204587459564,1.0527976751327515,10,0.21642175316810608,3.7494710466622787
dirichlet,,0.3121115267276764,0.9873684048652649,11,0.1784786880016327,3.7494710466622787
dirichlet,,0.33425065875053406,1.0702770948410034,11,0.17034068703651428,3.7494710466622787
dirichlet,,0.324881911277771,1.0459191799163818,9,0.1984643042087555,3.7494710466622787
dirichlet,,0.30823078751564026,1.0349342823028564,10,0.23986724019050598,3.7494710466622787
dirichlet,,0.25800833106040955,1.146680235862732,11,0.18894889950752258,3.7494710466622787
dirichlet,,0.36736801266670227,0.943325400352478,10,0.19163043797016144,3.7494710466622787
dirichlet,,0.30155614018440247,0.9524548649787903,10,0.24124698340892792,3.7494710466622787
dirichlet,,0.30992066860198975,1.008058786392212,11,0.29168498516082764,3.7494710466622787
dirichlet,,0.24302881956100464,1.0234129428863525,11,0.19036877155303955,3.7494710466622787
dirichlet,,0.27500617504119873,1.1187103986740112,11,0.174591064453125,3.7494710466622787
dirichlet,,0.33428528904914856,1.058927297592163,12,0.18124622106552124,3.7494710466622787
dirichlet,,0.3094860315322876,1.0088235139846802,10,0.20348185300827026,3.7494710466622787
dirichlet,,0.29480254650115967,1.0609616041183472,11,0.2562255263328552,3.7494710466622787
dirichlet,,0.25594890117645264,0.9889695048332214,11,0.19206905364990234,3.7494710466622787
dirichlet,,0.3260793685913086,1.1301765441894531,10,0.15286675095558167,3.7494710466622787
dirichlet,,0.2868998050689697,1.1798348426818848,11,0.2171342670917511,3.7494710466622787
dirichlet,,0.34234827756881714,1.0177913904190063,11,0.1788221001625061,3.7494710466622787
dirichlet,,0.3103967607021332,1.038710594177246,10,0.23226726055145264,3.7494710466622787
dirichlet,,0.2831229865550995,0.9490835070610046,10,0.19229742884635925,3.7494710466622787
dirichlet,,0.26563581824302673,1.0999257564544678,12,0.15346360206604004,3.7494710466622787
dirichlet,,0.25192558765411377,1.0376815795898438,10,0.17603623867034912,3.7494710466622787
dirichlet,,0.2992103099822998,0.9886633157730103,11,0.2658150792121887,3.7494710466622787
dirichlet,,0.28054800629615784,0.9539628028869629,11,0.19376617670059204,3.7494710466622787
dirichlet,,0.2705855965614319,1.0366050004959106,11,0.21325071156024933,3.7494710466622787
dirichlet,,0.2585996985435486,1.0555765628814697,10,0.2630440294742584,3.7494710466622787
dirichlet,,0.3389342725276947,1.0567103624343872,10,0.28642696142196655,3.7494710466622787
dirichlet,,0.3091581165790558,1.1037672758102417,10,0.2409873604774475,3.7494710466622787
dirichlet,,0.36722469329833984,1.1367639303207397,10,0.27803242206573486,3.7494710466622787
dirichlet,,0.3269263803958893,1.0851311683654785,10,0.21015825867652893,3.7494710466622787
dirichlet,,0.2984030246734619,1.027449369430542,11,0.21363800764083862,3.7494710466622787
dirichlet,,0.31098613142967224,1.0303694009780884,10,0.2777455747127533,3.7494710466622787
dirichlet,,0.3025084137916565,1.0541352033615112,9,0.23102086782455444,3.7494710466622787
dirichlet,,0.29880407452583313,1.0641217231750488,11,0.17116670310497284,3.7494710466622787
dirichlet,,0.28903457522392273,1.0541584491729736,11,0.25337016582489014,3.7494710466622787
dirichlet,,0.34115931391716003,1.0437848567962646,11,0.2512395679950714,3.7494710466622787
dirichlet,,0.3475761115550995,1.074796438217163,9,0.2616839110851288,3.7494710466622787
dirichlet,,0.31048503518104553,0.9878091812133789,11,0.19788247346878052,3.7494710466622787
dirichlet,,0.2861320376396179,1.038707971572876,9,0.2953248620033264,3.7494710466622787
dirichlet,,0.29827871918678284,1.131373643875122,10,0.22210583090782166,3.7494710466622787
dirichlet,,0.29953739047050476,0.9223383069038391,11,0.15363860130310059,3.7494710466622787
dirichlet,,0.29248660802841187,1.014009714126587,12,0.2373315840959549,3.7494710466622787
dirichlet,,0.3038991093635559,1.035465955734253,8,0.1699989140033722,3.7494710466622787
dirichlet,,0.31300944089889526,0.9639426469802856,11,0.3488467335700989,3.7494710466622787
dirichlet,,0.3211556375026703,0.9519668817520142,10,0.17358240485191345,3.7494710466622787
dirichlet,,0.31353020668029785,1.074155330657959,11,0.22508074343204498,3.7494710466622787
dirichlet,,0.26604121923446655,1.0614838600158691,8,0.2448669970035553,3.7494710466622787
dirichlet,,0.30689385533332825,0.9319214820861816,11,0.26509466767311096,3.7494710466622787
dirichlet,,0.309287965297699,1.0650453567504883,11,0.26182347536087036,3.7494710466622787
dirichlet,,0.30211639404296875,0.9347432851791382,11,0.22747784852981567,3.7494710466622787
dirichlet,,0.2569045424461365,0.956267237663269,12,0.2749090790748596,3.7494710466622787
dirichlet,,0.2831934690475464,1.2348253726959229,11,0.2487994134426117,3.7494710466622787
dirichlet,,0.2985309660434723,1.0126001834869385,10,0.2620251476764679,3.7494710466622787
dirichlet,,0.3137664198875427,1.1436350345611572,11,0.2037162333726883,3.7494710466622787
dirichlet,,0.28935766220092773,1.102994680404663,11,0.16135749220848083,3.7494710466622787
dirichlet,,0.31614646315574646,0.8547293543815613,10,0.21165502071380615,3.7494710466622787
dirichlet,,0.29623502492904663,0.9425700902938843,11,0.24019299447536469,3.7494710466622787
dirichlet,,0.3066900670528412,1.177558183670044,11,0.1871267557144165,3.7494710466622787
dirichlet,,0.2925255298614502,1.1011961698532104,10,0.22271956503391266,3.7494710466622787
dirichlet,,0.34371376037597656,1.0080852508544922,10,0.31661897897720337,3.7494710466622787
dirichlet,,0.3351035416126251,0.977419376373291,10,0.24212399125099182,3.7494710466622787
dirichlet,,0.28981661796569824,1.0948387384414673,10,0.21379077434539795,3.7494710466622787
dirichlet,,0.32096996903419495,0.9874426126480103,10,0.1846541464328766,3.7494710466622787
dirichlet,,0.2712300717830658,1.072401523590088,12,0.2612689435482025,3.7494710466622787
dirichlet,,0.3091369867324829,0.9630281329154968,10,0.21454179286956787,3.7494710466622787
dirichlet,,0.28009361028671265,1.095058798789978,10,0.1666610687971115,3.7494710466622787
dirichlet,,0.3372080624103546,0.9640933275222778,9,0.1843549609184265,3.7494710466622787
dirichlet,,0.358505517244339,1.0332926511764526,11,0.20440809428691864,3.7494710466622787
dirichlet,,0.28285688161849976,1.131138801574707,11,0.20324654877185822,3.7494710466622787
dirichlet,,0.3572688102722168,1.0188603401184082,10,0.3369508385658264,3.7494710466622787
dirichlet,,0.2994479835033417,1.0147805213928223,11,0.22362442314624786,3.7494710466622787
dirichlet,,0.3072308599948883,1.118030309677124,11,0.2624725103378296,3.7494710466622787
dirichlet,,0.29458561539649963,0.9875165224075317,9,0.2758405804634094,3.7494710466622787
dirichlet,,0.3437749147415161,0.9632056355476379,10,0.21807129681110382,3.7494710466622787
dirichlet,,0.32445013523101807,0.9515975713729858,11,0.25337645411491394,3.7494710466622787
dirichlet,,0.29056814312934875,0.9437440037727356,10,0.18760478496551514,3.7494710466622787
dirichlet,,0.2990671694278717,1.022423505783081,8,0.2180555909872055,3.7494710466622787
dirichlet,,0.30855321884155273,1.180530309677124,10,0.25646114349365234,3.7494710466622787
dirichlet,,0.28464141488075256,0.9781769514083862,10,0.2177695631980896,3.7494710466622787
dirichlet,,0.2713273763656616,1.0925287008285522,11,0.2523820996284485,3.7494710466622787
dirichlet,,0.32859236001968384,0.9267905950546265,11,0.21851156651973724,3.7494710466622787
dirichlet,,0.3045477867126465,0.9746677279472351,10,0.14318445324897766,3.7494710466622787
dirichlet,,0.32378679513931274,1.0728827714920044,10,0.35544049739837646,3.7494710466622787
dirichlet,,0.30577319860458374,0.9438074827194214,11,0.2393610030412674,3.7494710466622787
dirichlet,,0.31271475553512573,1.074927568435669,10,0.289226770401001,3.7494710466622787
dirichlet,,0.3289676308631897,1.0452358722686768,10,0.23406347632408142,3.7494710466622787
dirichlet,,0.3182680606842041,1.0975831747055054,10,0.2564975619316101,3.7494710466622787
dirichlet,,0.3073592782020569,1.0700252056121826,11,0.23239034414291382,3.7494710466622787
dirichlet,,0.3008383810520172,1.1103794574737549,10,0.22678905725479126,3.7494710466622787
dirichlet,,0.32650601863861084,1.0607929229736328,11,0.2813815474510193,3.7494710466622787
dirichlet,,0.22319427132606506,1.178886890411377,10,0.2423391342163086,3.7494710466622787
dirichlet,,0.23557227849960327,1.0523021221160889,11,0.23408308625221252,3.7494710466622787
dirichlet,,0.34502413868904114,1.1691458225250244,12,0.2868841588497162,3.7494710466622787
dirichlet,,0.3005189895629883,0.9565380215644836,12,0.26078999042510986,3.7494710466622787
dirichlet,,0.31181463599205017,1.142972469329834,11,0.23229673504829407,3.7494710466622787
dirichlet,,0.3300185203552246,0.9930667877197266,11,0.20609097182750702,3.7494710466622787
dirichlet,,0.23924101889133453,1.0767866373062134,10,0.2953163683414459,3.7494710466622787
dirichlet,,0.30731892585754395,0.9790929555892944,10,0.24868792295455933,3.7494710466622787
dirichlet,,0.2722950279712677,1.1489804983139038,9,0.17057666182518005,3.7494710466622787
dirichlet,,0.29297325015068054,1.1929928064346313,11,0.21696045994758606,3.7494710466622787
dirichlet,,0.3007788360118866,1.1212430000305176,11,0.21845635771751404,3.7494710466622787
dirichlet,,0.2876291573047638,1.0841952562332153,10,0.22239945828914642,3.7494710466622787
dirichlet,,0.23785138130187988,0.9616997838020325,11,0.170960932970047,3.7494710466622787
dirichlet,,0.2707740366458893,1.0338191986083984,11,0.22889991104602814,3.7494710466622787
dirichlet,,0.36098939180374146,1.0275840759277344,10,0.24019527435302734,3.7494710466622787
dirichlet,,0.28489184379577637,0.9318834543228149,11,0.1762869954109192,3.7494710466622787
dirichlet,,0.3417249917984009,1.1199027299880981,10,0.23692405223846436,3.7494710466622787
dirichlet,,0.3447413742542267,1.0034894943237305,10,0.2320045381784439,3.7494710466622787
dirichlet,,0.33631381392478943,1.025675654411316,9,0.3681079149246216,3.7494710466622787
dirichlet,,0.2729576528072357,0.9569269418716431,10,0.24667900800704956,3.7494710466622787
dirichlet,,0.28044137358665466,1.107981562614441,10,0.347312867641449,3.7494710466622787
dirichlet,,0.34729328751564026,1.0944867134094238,11,0.2023048847913742,3.7494710466622787
dirichlet,,0.2593829929828644,1.1351383924484253,10,0.33397340774536133,3.7494710466622787
dirichlet,,0.317291796207428,0.9973093271255493,9,0.32372546195983887,3.7494710466622787
dirichlet,,0.2764592468738556,1.0684467554092407,9,0.3445096015930176,3.7494710466622787
dirichlet,,0.2774922549724579,0.9970739483833313,10,0.218491792678833,3.7494710466622787
dirichlet,,0.3289722800254822,1.1212806701660156,9,0.26704126596450806,3.7494710466622787
dirichlet,,0.283113956451416,1.0661308765411377,10,0.32999908924102783,3.7494710466622787
dirichlet,,0.3376097083091736,0.933526337146759,9,0.2516499161720276,3.7494710466622787
dirichlet,,0.2963334023952484,1.0725258588790894,10,0.19116690754890442,3.7494710466622787
dirichlet,,0.28219228982925415,0.9948749542236328,10,0.19576162099838257,3.7494710466622787
dirichlet,,0.3841424286365509,0.9092917442321777,11,0.26200488209724426,3.7494710466622787
dirichlet,,0.28297048807144165,1.078553557395935,12,0.31332603096961975,3.7494710466622787
dirichlet,,0.321105033159256,1.0203410387039185,11,0.24601507186889648,3.7494710466622787
dirichlet,,0.2969990074634552,1.1542060375213623,11,0.14285743236541748,3.7494710466622787
dirichlet,,0.31790047883987427,1.0027470588684082,10,0.18400654196739197,3.7494710466622787
dirichlet,,0.3073621392250061,1.1349704265594482,11,0.24959790706634521,3.7494710466622787
dirichlet,,0.29824888706207275,1.086560845375061,10,0.3004714250564575,3.7494710466622787
dirichlet,,0.31432366371154785,1.1486400365829468,11,0.2474389672279358,3.7494710466622787
dirichlet,,0.2700485289096832,1.0616570711135864,11,0.24709388613700867,3.7494710466622787
dirichlet,,0.29121413826942444,1.019226312637329,10,0.25655943155288696,3.7494710466622787
dirichlet,,0.31627383828163147,0.9646008610725403,9,0.2304907739162445,3.7494710466622787
dirichlet,,0.3021794557571411,0.9436029195785522,11,0.24378439784049988,3.7494710466622787
dirichlet,,0.2716620862483978,1.106137990951538,10,0.21269243955612183,3.7494710466622787
dirichlet,,0.3711095452308655,0.9615163803100586,10,0.22436030209064484,3.7494710466622787
dirichlet,,0.28715163469314575,1.0244576930999756,11,0.1745837926864624,3.7494710466622787
dirichlet,,0.31841447949409485,0.9728525280952454,10,0.21620053052902222,3.7494710466622787
dirichlet,,0.342714786529541,1.0231988430023193,10,0.209818035364151,3.7494710466622787
dirichlet,,0.334800124168396,1.0112831592559814,11,0.2174031138420105,3.7494710466622787
dirichlet,,0.26403096318244934,1.054882287979126,11,0.20453226566314697,3.7494710466622787
dirichlet,,0.2758198380470276,0.797544538974762,11,0.2751955986022949,3.7494710466622787
dirichlet,,0.31790754199028015,1.0177628993988037,11,0.24054744839668274,3.7494710466622787
dirichlet,,0.30689704418182373,1.096747636795044,12,0.25056225061416626,3.7494710466622787
dirichlet,,0.33143350481987,0.986301064491272,11,0.22500735521316528,3.7494710466622787
dirichlet,,0.30288955569267273,0.9666857719421387,10,0.25548261404037476,3.7494710466622787
dirichlet,,0.3041486144065857,1.005825400352478,10,0.28559762239456177,3.7494710466622787
dirichlet,,0.3168298006057739,1.0922331809997559,11,0.2261582314968109,3.7494710466622787
dirichlet,,0.2632797658443451,1.0057653188705444,12,0.23711347579956055,3.7494710466622787
dirichlet,,0.2978183925151825,1.1020996570587158,10,0.2413867563009262,4.999999999999999
dirichlet,,0.28945794701576233,1.0431742668151855,10,0.20123189687728882,4.999999999999999
dirichlet,,0.30618372559547424,1.1138312816619873,11,0.24425987899303436,4.999999999999999
dirichlet,,0.3123011887073517,1.1681760549545288,11,0.27479374408721924,4.999999999999999
dirichlet,,0.2537022531032562,1.135036587715149,9,0.22064009308815002,4.999999999999999
dirichlet,,0.28494298458099365,0.9995570182800293,11,0.18884354829788208,4.999999999999999
dirichlet,,0.27917808294296265,1.107086181640625,11,0.2667882442474365,4.999999999999999
dirichlet,,0.33015257120132446,1.0296988487243652,10,0.22076386213302612,4.999999999999999
dirichlet,,0.3024919629096985,0.973810076713562,9,0.23211170732975006,4.999999999999999
dirichlet,,0.2480320781469345,1.0930078029632568,11,0.2143508493900299,4.999999999999999
dirichlet,,0.3454045057296753,1.1297967433929443,11,0.22137778997421265,4.999999999999999
dirichlet,,0.3183509409427643,1.1086164712905884,11,0.26968681812286377,4.999999999999999
dirichlet,,0.3316580057144165,0.9975913166999817,9,0.24535053968429565,4.999999999999999
dirichlet,,0.3123828172683716,1.1132067441940308,10,0.21787649393081665,4.999999999999999
dirichlet,,0.31186261773109436,1.0173389911651611,11,0.11897176504135132,4.999999999999999
dirichlet,,0.31502673029899597,1.1082842350006104,9,0.3009122610092163,4.999999999999999
dirichlet,,0.28310975432395935,1.0289831161499023,11,0.29701346158981323,4.999999999999999
dirichlet,,0.311336487531662,1.093597173690796,9,0.17713283002376556,4.999999999999999
dirichlet,,0.2794937193393707,0.9284536242485046,10,0.2912185788154602,4.999999999999999
dirichlet,,0.2683109641075134,1.0925929546356201,9,0.2750498056411743,4.999999999999999
dirichlet,,0.2901826500892639,0.9663799405097961,11,0.33754831552505493,4.999999999999999
dirichlet,,0.3131522536277771,1.0082128047943115,11,0.28681421279907227,4.999999999999999
dirichlet,,0.2689741253852844,1.050045132637024,11,0.18369415402412415,4.999999999999999
dirichlet,,0.2939012348651886,1.047979712486267,9,0.2574436664581299,4.999999999999999
dirichlet,,0.3275657892227173,1.0220946073532104,9,0.2989475131034851,4.999999999999999
dirichlet,,0.32987287640571594,0.9018252491950989,11,0.15913118422031403,4.999999999999999
dirichlet,,0.328540563583374,1.0023139715194702,11,0.21503962576389313,4.999999999999999
dirichlet,,0.330351859331131,1.0872207880020142,9,0.2082032561302185,4.999999999999999
dirichlet,,0.3261241316795349,0.9643144607543945,11,0.24586878716945648,4.999999999999999
dirichlet,,0.27205997705459595,1.111243486404419,11,0.25062835216522217,4.999999999999999
dirichlet,,0.31193211674690247,1.0586252212524414,11,0.2801801264286041,4.999999999999999
dirichlet,,0.39033225178718567,0.9758419990539551,9,0.3142574727535248,4.999999999999999
dirichlet,,0.26315611600875854,0.9890139698982239,10,0.2754684090614319,4.999999999999999
dirichlet,,0.26818767189979553,0.9046772122383118,11,0.20853811502456665,4.999999999999999
dirichlet,,0.34129899740219116,1.0699928998947144,11,0.22469186782836914,4.999999999999999
dirichlet,,0.30730384588241577,0.9857980012893677,10,0.2407226413488388,4.999999999999999
dirichlet,,0.3365008234977722,1.0392704010009766,11,0.23358860611915588,4.999999999999999
dirichlet,,0.29521051049232483,1.1153243780136108,10,0.21896469593048096,4.999999999999999
dirichlet,,0.3367740511894226,0.9705330729484558,10,0.269656777381897,4.999999999999999
dirichlet,,0.31595826148986816,0.9764195680618286,10,0.2213771790266037,4.999999999999999
dirichlet,,0.321055144071579,1.0127394199371338,11,0.21084949374198914,4.999999999999999
dirichlet,,0.301877498626709,0.9596478343009949,10,0.21214452385902405,4.999999999999999
dirichlet,,0.3237786591053009,1.0070726871490479,11,0.26570409536361694,4.999999999999999
dirichlet,,0.3122667968273163,1.0804977416992188,12,0.22119151055812836,4.999999999999999
dirichlet,,0.2861033082008362,1.0514105558395386,10,0.20010265707969666,4.999999999999999
dirichlet,,0.33243945240974426,1.024686574935913,11,0.28873592615127563,4.999999999999999
dirichlet,,0.36663225293159485,1.0712637901306152,10,0.2095004916191101,4.999999999999999
dirichlet,,0.2728455066680908,0.9455572962760925,11,0.2561441659927368,4.999999999999999
dirichlet,,0.30366379022598267,1.063227891921997,9,0.1682886928319931,4.999999999999999
dirichlet,,0.25968074798583984,1.0484459400177002,11,0.20690250396728516,4.999999999999999
dirichlet,,0.27469536662101746,0.9529377222061157,11,0.21052893996238708,4.999999999999999
dirichlet,,0.32791510224342346,0.9833793640136719,10,0.15352246165275574,4.999999999999999
dirichlet,,0.2845483720302582,1.0356462001800537,11,0.21772293746471405,4.999999999999999
dirichlet,,0.29652929306030273,1.1482107639312744,10,0.2723731994628906,4.999999999999999
dirichlet,,0.2983938455581665,1.036242127418518,11,0.24582284688949585,4.999999999999999
dirichlet,,0.3399967849254608,1.0330085754394531,10,0.2426701784133911,4.999999999999999
dirichlet,,0.2790100574493408,1.01093327999115,11,0.13976724445819855,4.999999999999999
dirichlet,,0.30743417143821716,1.0769116878509521,10,0.19465598464012146,4.999999999999999
dirichlet,,0.331429660320282,1.145662546157837,9,0.18302711844444275,4.999999999999999
dirichlet,,0.2747098505496979,1.0547316074371338,9,0.25404924154281616,4.999999999999999
dirichlet,,0.29252326488494873,1.031333088874817,11,0.2442326545715332,4.999999999999999
dirichlet,,0.282187819480896,0.9238815307617188,10,0.16208231449127197,4.999999999999999
dirichlet,,0.31363219022750854,0.9843934178352356,11,0.24653086066246033,4.999999999999999
dirichlet,,0.33129313588142395,1.0421195030212402,11,0.2881680727005005,4.999999999999999
dirichlet,,0.30314451456069946,1.079175591468811,11,0.22216328978538513,4.999999999999999
dirichlet,,0.3078726530075073,1.0369197130203247,9,0.2366483509540558,4.999999999999999
dirichlet,,0.2590946555137634,0.9974119067192078,10,0.24383169412612915,4.999999999999999
dirichlet,,0.2828020751476288,0.9884441494941711,10,0.2029818445444107,4.999999999999999
dirichlet,,0.37043362855911255,1.1498467922210693,10,0.3342769742012024,4.999999999999999
dirichlet,,0.2876546084880829,1.0324008464813232,12,0.17185261845588684,4.999999999999999
dirichlet,,0.3018619120121002,0.9872220158576965,11,0.274783194065094,4.999999999999999
dirichlet,,0.32629984617233276,0.9729671478271484,10,0.2674158811569214,4.999999999999999
dirichlet,,0.2749442458152771,1.0898205041885376,11,0.1732405126094818,4.999999999999999
dirichlet,,0.30486878752708435,1.0764827728271484,11,0.28548383712768555,4.999999999999999
dirichlet,,0.2880813479423523,1.0394618511199951,10,0.2195599228143692,4.999999999999999
dirichlet,,0.26143327355384827,1.0392422676086426,10,0.28049716353416443,4.999999999999999
dirichlet,,0.2740092873573303,1.092212438583374,11,0.22260679304599762,4.999999999999999
dirichlet,,0.29872578382492065,1.0318756103515625,10,0.18307214975357056,4.999999999999999
dirichlet,,0.3208950161933899,1.1179157495498657,11,0.21802467107772827,4.999999999999999
dirichlet,,0.2866937816143036,0.9902582168579102,10,0.21652308106422424,4.999999999999999
dirichlet,,0.28753966093063354,0.9122424125671387,10,0.24842524528503418,4.999999999999999
dirichlet,,0.28512680530548096,1.1628358364105225,11,0.26208168268203735,4.999999999999999
dirichlet,,0.2821785807609558,0.8696266412734985,12,0.24686476588249207,4.999999999999999
dirichlet,,0.28439581394195557,0.9884870648384094,12,0.2908099293708801,4.999999999999999
dirichlet,,0.37099215388298035,0.9270309209823608,11,0.22001980245113373,4.999999999999999
dirichlet,,0.286174476146698,0.9852557182312012,9,0.2131672352552414,4.999999999999999
dirichlet,,0.28571656346321106,1.1476361751556396,9,0.21766819059848785,4.999999999999999
dirichlet,,0.25663354992866516,0.9996306300163269,9,0.2680438458919525,4.999999999999999
dirichlet,,0.28919893503189087,1.0618250370025635,10,0.2217027246952057,4.999999999999999
dirichlet,,0.339178204536438,0.9334551692008972,11,0.29173532128334045,4.999999999999999
dirichlet,,0.2863810360431671,0.9797531366348267,11,0.2220517098903656,4.999999999999999
dirichlet,,0.31031879782676697,1.0900630950927734,9,0.19598720967769623,4.999999999999999
dirichlet,,0.3210604786872864,1.0630390644073486,10,0.2737618684768677,4.999999999999999
dirichlet,,0.25331956148147583,0.9383535385131836,11,0.23764429986476898,4.999999999999999
dirichlet,,0.29997438192367554,1.1661869287490845,11,0.2530663013458252,4.999999999999999
dirichlet,,0.309399276971817,1.074803113937378,11,0.19321346282958984,4.999999999999999
dirichlet,,0.3005416691303253,0.9845925569534302,9,0.2829083800315857,4.999999999999999
dirichlet,,0.33000221848487854,0.9528635144233704,10,0.24324578046798706,4.999999999999999
dirichlet,,0.2610001862049103,1.1322942972183228,11,0.3267701268196106,4.999999999999999
dirichlet,,0.31173986196517944,1.1129682064056396,11,0.2517125606536865,4.999999999999999
dirichlet,,0.3282477855682373,1.1216566562652588,11,0.2549867331981659,4.999999999999999
dirichlet,,0.2890308201313019,1.0303288698196411,10,0.2695724368095398,4.999999999999999
dirichlet,,0.33627811074256897,0.931593120098114,11,0.2584644556045532,4.999999999999999
dirichlet,,0.28612393140792847,1.0228800773620605,12,0.19794978201389313,4.999999999999999
dirichlet,,0.31186771392822266,1.0055255889892578,10,0.25698554515838623,4.999999999999999
dirichlet,,0.2976064383983612,1.093484878540039,12,0.27372005581855774,4.999999999999999
dirichlet,,0.2937944233417511,1.0573185682296753,10,0.3541674017906189,4.999999999999999
dirichlet,,0.29573363065719604,0.934579074382782,12,0.2605723738670349,4.999999999999999
dirichlet,,0.27574294805526733,1.0218905210494995,10,0.22133058309555054,4.999999999999999
dirichlet,,0.3392007350921631,0.9527996182441711,11,0.3341851830482483,4.999999999999999
dirichlet,,0.32137101888656616,0.9952592849731445,12,0.20851795375347137,4.999999999999999
dirichlet,,0.29898184537887573,1.0846370458602905,11,0.251860111951828,4.999999999999999
dirichlet,,0.2701154351234436,1.0659805536270142,11,0.27531665563583374,4.999999999999999
dirichlet,,0.3104039430618286,1.0130964517593384,11,0.21986134350299835,4.999999999999999
dirichlet,,0.3036402761936188,1.0976195335388184,12,0.13685554265975952,4.999999999999999
dirichlet,,0.31069087982177734,1.0862737894058228,11,0.3039437532424927,4.999999999999999
dirichlet,,0.27698156237602234,1.0408055782318115,10,0.26834139227867126,4.999999999999999
dirichlet,,0.28136003017425537,0.9846703410148621,8,0.16241127252578735,4.999999999999999
dirichlet,,0.2656644582748413,1.0424554347991943,10,0.19052062928676605,4.999999999999999
dirichlet,,0.2960810363292694,1.032968282699585,10,0.21131519973278046,4.999999999999999
dirichlet,,0.31486356258392334,1.0059401988983154,10,0.221517875790596,4.999999999999999
dirichlet,,0.3110203146934509,1.1485388278961182,11,0.18672063946723938,4.999999999999999
dirichlet,,0.28501883149147034,1.0764907598495483,10,0.25250035524368286,4.999999999999999
dirichlet,,0.26981794834136963,1.0885601043701172,11,0.1980842649936676,4.999999999999999
dirichlet,,0.30117055773735046,1.043573260307312,10,0.2639690637588501,4.999999999999999
dirichlet,,0.3000570833683014,1.000625729560852,11,0.2427162379026413,4.999999999999999
dirichlet,,0.2827494442462921,1.0284900665283203,10,0.21597424149513245,4.999999999999999
dirichlet,,0.29986533522605896,0.9130479097366333,11,0.22383010387420654,4.999999999999999
dirichlet,,0.30433496832847595,1.0303843021392822,11,0.35706397891044617,4.999999999999999
dirichlet,,0.3450827896595001,1.0486156940460205,10,0.2523941695690155,4.999999999999999
dirichlet,,0.2822721600532532,1.0913772583007812,11,0.24717915058135986,4.999999999999999
dirichlet,,0.2672995924949646,1.1399121284484863,10,0.2776939272880554,4.999999999999999
dirichlet,,0.3273754119873047,1.0325199365615845,9,0.2255258858203888,4.999999999999999
dirichlet,,0.2707466185092926,1.0263084173202515,10,0.21339410543441772,4.999999999999999
dirichlet,,0.35041293501853943,1.0417578220367432,11,0.16551196575164795,4.999999999999999
dirichlet,,0.28147968649864197,1.1441224813461304,11,0.20504695177078247,4.999999999999999
dirichlet,,0.34398436546325684,1.0818004608154297,12,0.23617497086524963,4.999999999999999
dirichlet,,0.26567894220352173,1.115781545639038,11,0.28745001554489136,4.999999999999999
dirichlet,,0.3435611426830292,0.972146213054657,11,0.2511591911315918,4.999999999999999
dirichlet,,0.2894931733608246,1.0620450973510742,10,0.24460406601428986,4.999999999999999
dirichlet,,0.3315792679786682,1.0359325408935547,11,0.26274827122688293,4.999999999999999
dirichlet,,0.22359055280685425,0.8582311868667603,11,0.18915075063705444,4.999999999999999
dirichlet,,0.3003503978252411,0.9834734797477722,10,0.2316809445619583,4.999999999999999
dirichlet,,0.2962269186973572,1.0730315446853638,11,0.1707010567188263,4.999999999999999
dirichlet,,0.3201318383216858,0.990087628364563,10,0.21432343125343323,4.999999999999999
dirichlet,,0.3101353943347931,0.9992173314094543,10,0.2909870743751526,4.999999999999999
dirichlet,,0.30703380703926086,0.9836280941963196,10,0.18869268894195557,4.999999999999999
dirichlet,,0.2954794764518738,1.0814192295074463,11,0.2984015643596649,4.999999999999999
dirichlet,,0.3072541356086731,1.1013685464859009,11,0.2551756203174591,4.999999999999999
dirichlet,,0.290518581867218,1.0733625888824463,11,0.21804887056350708,4.999999999999999
dirichlet,,0.2910492420196533,0.9945018887519836,9,0.22038725018501282,4.999999999999999
dirichlet,,0.31143897771835327,0.9924314618110657,12,0.20877546072006226,4.999999999999999
dirichlet,,0.3000217080116272,1.051941156387329,10,0.2476925253868103,4.999999999999999
dirichlet,,0.2716553211212158,1.22071373462677,11,0.19493266940116882,4.999999999999999
dirichlet,,0.3113219141960144,1.02357017993927,10,0.2565416991710663,4.999999999999999
dirichlet,,0.26065054535865784,0.9641115069389343,10,0.21628525853157043,4.999999999999999
dirichlet,,0.2686063349246979,1.0393348932266235,12,0.27153968811035156,4.999999999999999
dirichlet,,0.30941998958587646,1.163295865058899,11,0.2627144157886505,4.999999999999999
dirichlet,,0.3184327185153961,1.0949496030807495,10,0.27072036266326904,4.999999999999999
dirichlet,,0.2809951603412628,0.9287642240524292,11,0.27969884872436523,4.999999999999999
dirichlet,,0.31384557485580444,0.9665114283561707,11,0.23147127032279968,4.999999999999999
dirichlet,,0.2894969880580902,1.1111743450164795,11,0.2396293431520462,4.999999999999999
dirichlet,,0.31678506731987,0.9345215559005737,11,0.18694967031478882,4.999999999999999
dirichlet,,0.28448978066444397,1.0169497728347778,10,0.18198302388191223,4.999999999999999
dirichlet,,0.34416842460632324,0.9651225805282593,10,0.20335516333580017,4.999999999999999
dirichlet,,0.26262491941452026,1.0415139198303223,10,0.20603089034557343,4.999999999999999
dirichlet,,0.3136712908744812,1.0207308530807495,11,0.17718812823295593,4.999999999999999
dirichlet,,0.31454506516456604,0.9773146510124207,9,0.19040435552597046,4.999999999999999
dirichlet,,0.31792059540748596,0.974725067615509,11,0.24032872915267944,4.999999999999999
dirichlet,,0.31691974401474,0.9682521820068359,9,0.2265416830778122,4.999999999999999
dirichlet,,0.2580793499946594,1.112815022468567,10,0.2036280632019043,4.999999999999999
dirichlet,,0.3423667848110199,0.9920762777328491,11,0.21630217134952545,4.999999999999999
dirichlet,,0.3147405683994293,1.0001972913742065,10,0.21387989819049835,4.999999999999999
dirichlet,,0.3000735938549042,1.116327166557312,10,0.37399253249168396,4.999999999999999
dirichlet,,0.30071085691452026,1.0265308618545532,11,0.19664216041564941,4.999999999999999
dirichlet,,0.3215982913970947,1.0412166118621826,11,0.22204722464084625,4.999999999999999
dirichlet,,0.3149488568305969,1.013816475868225,11,0.18986758589744568,4.999999999999999
dirichlet,,0.28904715180397034,1.05182945728302,10,0.2370823621749878,4.999999999999999
dirichlet,,0.3373134136199951,0.9993582963943481,10,0.24390892684459686,4.999999999999999
dirichlet,,0.2870033383369446,1.0799719095230103,11,0.1737961769104004,4.999999999999999
dirichlet,,0.32984083890914917,1.0637321472167969,10,0.23554429411888123,4.999999999999999
dirichlet,,0.34388267993927,1.050970196723938,11,0.23817500472068787,4.999999999999999
dirichlet,,0.29850125312805176,0.9929197430610657,10,0.2744237780570984,4.999999999999999
dirichlet,,0.34359651803970337,1.0137732028961182,11,0.27191317081451416,4.999999999999999
dirichlet,,0.33640357851982117,0.920525074005127,11,0.24691271781921387,4.999999999999999
dirichlet,,0.2924690246582031,1.0506787300109863,11,0.2498665750026703,4.999999999999999
dirichlet,,0.25810760259628296,1.0877959728240967,10,0.21991989016532898,4.999999999999999
dirichlet,,0.30973324179649353,0.9771941304206848,11,0.2338622510433197,4.999999999999999
dirichlet,,0.3513907790184021,1.0229527950286865,11,0.2394523173570633,4.999999999999999
dirichlet,,0.33854618668556213,0.9622343182563782,11,0.1556592583656311,4.999999999999999
dirichlet,,0.3102889657020569,1.1473171710968018,11,0.2700066566467285,4.999999999999999
dirichlet,,0.30131813883781433,0.9945578575134277,9,0.2308034598827362,4.999999999999999
dirichlet,,0.26062658429145813,1.1836864948272705,11,0.3364695906639099,4.999999999999999
dirichlet,,0.2861296534538269,1.161202073097229,11,0.25861185789108276,4.999999999999999
dirichlet,,0.2821354568004608,1.0914857387542725,11,0.3018862009048462,4.999999999999999
dirichlet,,0.3043253719806671,1.004544973373413,8,0.22609442472457886,4.999999999999999
dirichlet,,0.3180270791053772,0.9743865132331848,9,0.27868759632110596,4.999999999999999
dirichlet,,0.3040410876274109,1.0306562185287476,9,0.23739586770534515,4.999999999999999
dirichlet,,0.3070240318775177,1.1062042713165283,9,0.24970906972885132,4.999999999999999
dirichlet,,0.3145800828933716,1.0734761953353882,10,0.20359846949577332,4.999999999999999
dirichlet,,0.3414985239505768,0.9536027908325195,11,0.22726716101169586,4.999999999999999
dirichlet,,0.3025084137916565,1.1080756187438965,11,0.20042935013771057,4.999999999999999
dirichlet,,0.27725809812545776,1.1320679187774658,10,0.24026314914226532,4.999999999999999
dirichlet,,0.3198656737804413,1.0685325860977173,10,0.3086870610713959,4.999999999999999
dirichlet,,0.27521881461143494,1.1131267547607422,9,0.20033273100852966,4.999999999999999
dirichlet,,0.26084309816360474,0.9438737630844116,11,0.24135497212409973,4.999999999999999
dirichlet,,0.30337363481521606,0.9802240133285522,10,0.2590562701225281,4.999999999999999
dirichlet,,0.2847483158111572,0.9541689157485962,10,0.20578232407569885,4.999999999999999
dirichlet,,0.26383084058761597,1.067323923110962,9,0.2162362039089203,4.999999999999999
dirichlet,,0.3105893135070801,1.0384801626205444,11,0.2138870358467102,4.999999999999999
dirichlet,,0.23768794536590576,1.0676109790802002,8,0.1439160406589508,4.999999999999999
dirichlet,,0.2757304906845093,1.095404028892517,10,0.23936998844146729,4.999999999999999
dirichlet,,0.34903740882873535,1.003055453300476,11,0.2140112817287445,4.999999999999999
dirichlet,,0.2483769804239273,0.9872199296951294,11,0.1748160421848297,4.999999999999999
dirichlet,,0.32548394799232483,1.0431959629058838,11,0.2460433691740036,4.999999999999999
dirichlet,,0.3046921491622925,1.003127932548523,10,0.31437361240386963,4.999999999999999
dirichlet,,0.3222740888595581,1.029413104057312,10,0.25762510299682617,4.999999999999999
dirichlet,,0.2861489951610565,1.114280343055725,11,0.24448034167289734,4.999999999999999
dirichlet,,0.3114362359046936,1.0289217233657837,11,0.18023061752319336,4.999999999999999
dirichlet,,0.2705114483833313,1.0236163139343262,11,0.2516089975833893,4.999999999999999
dirichlet,,0.2917860150337219,1.0060333013534546,10,0.28940078616142273,4.999999999999999
dirichlet,,0.32026004791259766,1.0158458948135376,9,0.27009743452072144,4.999999999999999
dirichlet,,0.2859182357788086,1.0646493434906006,10,0.3011084794998169,4.999999999999999
dirichlet,,0.3344641327857971,0.9542199373245239,10,0.22438611090183258,4.999999999999999
dirichlet,,0.3141183853149414,0.9055824279785156,10,0.19228732585906982,4.999999999999999
dirichlet,,0.30523058772087097,0.9571514129638672,10,0.24305781722068787,4.999999999999999
dirichlet,,0.3299158811569214,1.0047614574432373,9,0.25226378440856934,4.999999999999999
dirichlet,,0.30840352177619934,1.0664489269256592,11,0.18673652410507202,4.999999999999999
dirichlet,,0.32687702775001526,0.9510647058486938,8,0.2179747223854065,4.999999999999999
dirichlet,,0.3372219204902649,1.1083825826644897,10,0.22609663009643555,4.999999999999999
dirichlet,,0.3455442786216736,1.0632990598678589,10,0.2274443805217743,4.999999999999999
dirichlet,,0.3176940381526947,0.9764771461486816,10,0.22003278136253357,4.999999999999999
dirichlet,,0.3356713354587555,1.0321459770202637,11,0.19768549501895905,4.999999999999999
dirichlet,,0.3337479829788208,1.0089366436004639,10,0.30223751068115234,4.999999999999999
dirichlet,,0.31128808856010437,1.1055809259414673,10,0.17916414141654968,4.999999999999999
dirichlet,,0.28723859786987305,1.1628062725067139,12,0.1840043067932129,4.999999999999999
dirichlet,,0.30744293332099915,1.0660650730133057,10,0.18067051470279694,4.999999999999999
dirichlet,,0.34138229489326477,1.003217339515686,9,0.20951178669929504,4.999999999999999
dirichlet,,0.29940080642700195,1.1087963581085205,12,0.25867679715156555,4.999999999999999
dirichlet,,0.2903584837913513,1.1379404067993164,11,0.2402859926223755,4.999999999999999
dirichlet,,0.311863511800766,0.912711501121521,10,0.23208525776863098,4.999999999999999
dirichlet,,0.26952654123306274,1.097201943397522,11,0.20254772901535034,4.999999999999999
dirichlet,,0.3057740330696106,1.0185033082962036,11,0.29079732298851013,4.999999999999999
dirichlet,,0.2646767497062683,1.0932852029800415,10,0.2998256981372833,4.999999999999999
dirichlet,,0.2824661433696747,1.072036862373352,11,0.2417483627796173,4.999999999999999
dirichlet,,0.29357755184173584,0.9981957674026489,11,0.21775643527507782,4.999999999999999
dirichlet,,0.2768528461456299,1.1101062297821045,10,0.21347415447235107,4.999999999999999
dirichlet,,0.2896180748939514,1.0663819313049316,11,0.21600523591041565,4.999999999999999
dirichlet,,0.26654350757598877,1.133782148361206,11,0.3054828643798828,4.999999999999999
dirichlet,,0.3395848572254181,0.9306414723396301,10,0.21533188223838806,4.999999999999999
dirichlet,,0.2946125864982605,1.0834803581237793,10,0.261753648519516,4.999999999999999
dirichlet,,0.31412312388420105,0.9487083554267883,10,0.2852529287338257,4.999999999999999
dirichlet,,0.29823198914527893,1.0105684995651245,11,0.3469952344894409,4.999999999999999
dirichlet,,0.3145105242729187,1.1172679662704468,11,0.20656271278858185,4.999999999999999
dirichlet,,0.2970268726348877,1.0426700115203857,10,0.32315540313720703,4.999999999999999
dirichlet,,0.33722707629203796,1.0735262632369995,10,0.20713597536087036,4.999999999999999
dirichlet,,0.3247586786746979,0.9655307531356812,9,0.19799396395683289,4.999999999999999
dirichlet,,0.27707821130752563,1.0390042066574097,10,0.1454753875732422,4.999999999999999
dirichlet,,0.2912859320640564,1.1000347137451172,10,0.2488410472869873,4.999999999999999
dirichlet,,0.2896386682987213,1.0594902038574219,10,0.22706058621406555,4.999999999999999
dirichlet,,0.3032732903957367,1.195512294769287,11,0.28412023186683655,4.999999999999999
dirichlet,,0.32159388065338135,0.9505398869514465,11,0.2373647838830948,4.999999999999999
dirichlet,,0.2976303696632385,1.065543293952942,10,0.2671635150909424,4.999999999999999
dirichlet,,0.28046709299087524,0.9772111177444458,11,0.22132113575935364,4.999999999999999
dirichlet,,0.3206798732280731,0.937517523765564,11,0.2016226351261139,4.999999999999999
dirichlet,,0.25573134422302246,1.106217861175537,9,0.24332623183727264,4.999999999999999
dirichlet,,0.3458476960659027,0.9690081477165222,11,0.3291780352592468,4.999999999999999
dirichlet,,0.25790485739707947,1.0992076396942139,10,0.19439944624900818,4.999999999999999
dirichlet,,0.2709808647632599,1.057835340499878,9,0.30810844898223877,4.999999999999999
dirichlet,,0.3061705529689789,1.0074093341827393,10,0.19609391689300537,4.999999999999999
dirichlet,,0.29616039991378784,1.1032215356826782,11,0.2358284890651703,4.999999999999999
dirichlet,,0.3063316345214844,0.9762561917304993,10,0.1712614893913269,4.999999999999999
dirichlet,,0.27217528223991394,1.0959208011627197,10,0.25707539916038513,4.999999999999999
dirichlet,,0.3096792697906494,1.0606578588485718,11,0.2587663531303406,4.999999999999999
dirichlet,,0.29021891951560974,0.9996000528335571,10,0.226395845413208,4.999999999999999
dirichlet,,0.34010741114616394,0.9264829754829407,10,0.3166888356208801,4.999999999999999
dirichlet,,0.3492215871810913,1.0490256547927856,11,0.28497621417045593,4.999999999999999
dirichlet,,0.30162906646728516,1.0084002017974854,11,0.1887517273426056,4.999999999999999
dirichlet,,0.23857569694519043,1.026056170463562,10,0.2825245261192322,4.999999999999999
dirichlet,,0.3289584219455719,0.9381778836250305,11,0.1931062489748001,4.999999999999999
dirichlet,,0.30683380365371704,0.9761052131652832,9,0.33748626708984375,4.999999999999999
dirichlet,,0.3235533535480499,1.134502649307251,11,0.1627754122018814,4.999999999999999
dirichlet,,0.294419527053833,1.0244311094284058,10,0.2199212610721588,4.999999999999999
dirichlet,,0.30614957213401794,0.9123762249946594,10,0.2026931792497635,4.999999999999999
dirichlet,,0.2616236209869385,0.9705408215522766,10,0.1986244022846222,4.999999999999999
dirichlet,,0.26925572752952576,1.0239206552505493,11,0.2978694438934326,4.999999999999999
dirichlet,,0.2712818384170532,1.1407849788665771,10,0.21192200481891632,4.999999999999999
dirichlet,,0.3107806444168091,1.0094940662384033,11,0.24386078119277954,4.999999999999999
dirichlet,,0.2790735065937042,1.0377765893936157,11,0.17723232507705688,4.999999999999999
dirichlet,,0.33299800753593445,0.923295795917511,9,0.21844902634620667,4.999999999999999
dirichlet,,0.3059009313583374,1.1153587102890015,10,0.22931760549545288,4.999999999999999
dirichlet,,0.3375730812549591,0.9626495242118835,10,0.2626224458217621,4.999999999999999
dirichlet,,0.3177443742752075,0.9040396809577942,9,0.34877896308898926,4.999999999999999
dirichlet,,0.30244433879852295,1.142788290977478,10,0.28661131858825684,4.999999999999999
dirichlet,,0.33157312870025635,1.1017558574676514,11,0.30999547243118286,4.999999999999999
dirichlet,,0.34994974732398987,1.1058604717254639,11,0.32513365149497986,4.999999999999999
dirichlet,,0.3172890841960907,1.0345765352249146,11,0.18783597648143768,4.999999999999999
dirichlet,,0.2668438255786896,0.9511801600456238,10,0.23936229944229126,4.999999999999999
dirichlet,,0.30334290862083435,0.9920051693916321,11,0.23339617252349854,4.999999999999999
dirichlet,,0.30206045508384705,0.951274573802948,10,0.20121827721595764,4.999999999999999
dirichlet,,0.28985700011253357,1.1397738456726074,10,0.19692018628120422,4.999999999999999
dirichlet,,0.2998336851596832,0.9937326312065125,11,0.2388017475605011,4.999999999999999
dirichlet,,0.3571476638317108,1.1000595092773438,10,0.28216367959976196,4.999999999999999
dirichlet,,0.2877010405063629,1.040321946144104,9,0.2522883713245392,4.999999999999999
dirichlet,,0.2879352569580078,1.0806547403335571,9,0.3773399889469147,4.999999999999999
dirichlet,,0.2915496528148651,0.9985253214836121,10,0.20186609029769897,4.999999999999999
dirichlet,,0.30561426281929016,1.1033731698989868,8,0.2652645707130432,4.999999999999999
dirichlet,,0.2784300148487091,1.03481125831604,11,0.26547691226005554,4.999999999999999
dirichlet,,0.303141325712204,1.0313345193862915,12,0.2538536489009857,4.999999999999999
dirichlet,,0.29947584867477417,0.9642770886421204,11,0.15930311381816864,4.999999999999999
dirichlet,,0.2592240571975708,0.9782562255859375,9,0.2608047127723694,4.999999999999999
dirichlet,,0.27459046244621277,1.0879416465759277,11,0.2712078094482422,4.999999999999999
dirichlet,,0.2733646333217621,1.0708630084991455,10,0.2564035654067993,4.999999999999999
dirichlet,,0.2902987599372864,1.0475728511810303,11,0.27202537655830383,4.999999999999999
dirichlet,,0.2841895818710327,1.0214658975601196,10,0.22366735339164734,4.999999999999999
dirichlet,,0.3043299913406372,0.9825118184089661,10,0.2297869473695755,4.999999999999999
dirichlet,,0.295430988073349,1.0867865085601807,10,0.2480722814798355,4.999999999999999
dirichlet,,0.28832459449768066,1.0529053211212158,11,0.2086964249610901,4.999999999999999
dirichlet,,0.3012898862361908,1.0622223615646362,11,0.1760876476764679,4.999999999999999
dirichlet,,0.29746535420417786,1.0558314323425293,11,0.3106178045272827,4.999999999999999
dirichlet,,0.28264886140823364,1.061147689819336,10,0.23766058683395386,4.999999999999999
dirichlet,,0.3347030282020569,1.0736744403839111,11,0.25772586464881897,4.999999999999999
dirichlet,,0.39240944385528564,1.04584801197052,10,0.22536954283714294,4.999999999999999
dirichlet,,0.28851285576820374,0.9748235940933228,9,0.27885809540748596,4.999999999999999
dirichlet,,0.3425025939941406,1.0343888998031616,11,0.17871743440628052,4.999999999999999
dirichlet,,0.2956010103225708,1.0744380950927734,8,0.20253583788871765,4.999999999999999
dirichlet,,0.29394838213920593,1.0463227033615112,11,0.20245766639709473,4.999999999999999
dirichlet,,0.3141482174396515,1.0918024778366089,11,0.2556767165660858,4.999999999999999
dirichlet,,0.2448270469903946,1.0422757863998413,11,0.17121411859989166,4.999999999999999
dirichlet,,0.2989899814128876,0.9815994501113892,12,0.21880099177360535,4.999999999999999
dirichlet,,0.3172049820423126,1.002460241317749,10,0.2378542423248291,4.999999999999999
dirichlet,,0.290176123380661,1.0524845123291016,10,0.27413514256477356,4.999999999999999
dirichlet,,0.3769182860851288,0.968859076499939,10,0.3337180018424988,4.999999999999999
dirichlet,,0.32628870010375977,0.9002922177314758,11,0.2515115737915039,4.999999999999999
dirichlet,,0.2726454436779022,1.1062008142471313,10,0.2117871344089508,4.999999999999999
dirichlet,,0.3034212291240692,0.9818446040153503,10,0.2844880223274231,4.999999999999999
dirichlet,,0.301644891500473,1.140750527381897,10,0.2407049536705017,4.999999999999999
dirichlet,,0.30811449885368347,1.0424145460128784,10,0.2198771983385086,4.999999999999999
dirichlet,,0.3141440153121948,1.0312658548355103,8,0.34337276220321655,4.999999999999999
dirichlet,,0.2823105454444885,1.0990197658538818,10,0.2527167499065399,4.999999999999999
dirichlet,,0.26124823093414307,1.0853443145751953,10,0.19804146885871887,4.999999999999999
dirichlet,,0.3190138041973114,1.0124573707580566,11,0.15640169382095337,4.999999999999999
dirichlet,,0.30650776624679565,1.0248262882232666,12,0.25203177332878113,4.999999999999999
dirichlet,,0.29999059438705444,1.084993600845337,11,0.2747342586517334,4.999999999999999
dirichlet,,0.2934994399547577,1.151839017868042,11,0.2969862222671509,4.999999999999999
dirichlet,,0.32991117238998413,0.8722828030586243,10,0.19948625564575195,4.999999999999999
dirichlet,,0.2725081443786621,1.0036921501159668,10,0.22422459721565247,4.999999999999999
dirichlet,,0.30554690957069397,0.9490286111831665,9,0.2635219693183899,4.999999999999999
dirichlet,,0.2931263744831085,0.9933244585990906,10,0.18756845593452454,4.999999999999999
dirichlet,,0.37022149562835693,0.9780198335647583,10,0.20758162438869476,4.999999999999999
dirichlet,,0.31237170100212097,1.08577561378479,12,0.22444619238376617,4.999999999999999
dirichlet,,0.29937830567359924,1.0616824626922607,10,0.21264317631721497,4.999999999999999
dirichlet,,0.25612592697143555,0.9308684468269348,10,0.2280665934085846,4.999999999999999
dirichlet,,0.3320358395576477,1.0342130661010742,10,0.24884918332099915,4.999999999999999
dirichlet,,0.2952691614627838,1.0148683786392212,11,0.25939875841140747,4.999999999999999
dirichlet,,0.2609441876411438,0.9939181208610535,12,0.22461679577827454,4.999999999999999
dirichlet,,0.29255765676498413,1.0687365531921387,10,0.25031328201293945,4.999999999999999
dirichlet,,0.3239041566848755,0.9901509284973145,11,0.21749451756477356,4.999999999999999
dirichlet,,0.3276461362838745,1.0386340618133545,11,0.37934261560440063,4.999999999999999
dirichlet,,0.3055660128593445,1.0587594509124756,10,0.21507802605628967,4.999999999999999
dirichlet,,0.3054707646369934,1.1204177141189575,10,0.27601099014282227,4.999999999999999
dirichlet,,0.29721391201019287,1.1122848987579346,11,0.23829329013824463,4.999999999999999
dirichlet,,0.22705450654029846,0.9467913508415222,11,0.21440666913986206,4.999999999999999
dirichlet,,0.31329309940338135,1.011054277420044,10,0.2800055146217346,4.999999999999999
dirichlet,,0.321615070104599,1.0529067516326904,11,0.2120111733675003,4.999999999999999
dirichlet,,0.2985326647758484,1.1721553802490234,11,0.2666677236557007,4.999999999999999
dirichlet,,0.27531877160072327,1.0886908769607544,10,0.3435629606246948,4.999999999999999
dirichlet,,0.3090788424015045,1.135507345199585,11,0.28606128692626953,4.999999999999999
dirichlet,,0.3356420695781708,0.9986429214477539,11,0.1936263144016266,4.999999999999999
dirichlet,,0.3535219132900238,1.0671030282974243,10,0.196946382522583,4.999999999999999
dirichlet,,0.3206668794155121,1.1105091571807861,11,0.19930177927017212,4.999999999999999
dirichlet,,0.3408116400241852,1.1569725275039673,10,0.2987934947013855,4.999999999999999
dirichlet,,0.32100793719291687,1.0541586875915527,10,0.2201058268547058,4.999999999999999
dirichlet,,0.3296002447605133,1.0243110656738281,10,0.16556546092033386,4.999999999999999
dirichlet,,0.2851676940917969,1.16455078125,10,0.30748504400253296,4.999999999999999
dirichlet,,0.34052324295043945,1.0681060552597046,10,0.2554265558719635,4.999999999999999
dirichlet,,0.3176553547382355,0.9882922172546387,11,0.20351234078407288,4.999999999999999
dirichlet,,0.31721585988998413,1.0530726909637451,10,0.24438053369522095,4.999999999999999
dirichlet,,0.3226516842842102,1.144585132598877,9,0.27616095542907715,4.999999999999999
dirichlet,,0.25643253326416016,0.9965275526046753,10,0.2798096835613251,4.999999999999999
dirichlet,,0.3211217522621155,0.9859577417373657,12,0.24270185828208923,4.999999999999999
dirichlet,,0.2805800139904022,1.0661481618881226,11,0.18103918433189392,4.999999999999999
dirichlet,,0.275096595287323,1.049157977104187,11,0.24279913306236267,4.999999999999999
dirichlet,,0.28698185086250305,1.0205951929092407,11,0.18366748094558716,4.999999999999999
dirichlet,,0.23938557505607605,1.0132834911346436,11,0.20310115814208984,4.999999999999999
dirichlet,,0.28434741497039795,1.0285931825637817,11,0.2087715119123459,4.999999999999999
dirichlet,,0.34503990411758423,0.9706048965454102,9,0.25101912021636963,4.999999999999999
dirichlet,,0.3123449981212616,0.9882111549377441,11,0.29120391607284546,4.999999999999999
dirichlet,,0.31267815828323364,1.0981638431549072,11,0.2111383080482483,4.999999999999999
dirichlet,,0.3274962604045868,0.9453244209289551,8,0.174905464053154,4.999999999999999
dirichlet,,0.32087886333465576,1.049957513809204,10,0.17592072486877441,4.999999999999999
dirichlet,,0.2924986481666565,0.9328279495239258,10,0.2299523651599884,4.999999999999999
dirichlet,,0.3132975101470947,1.1059715747833252,11,0.24690352380275726,4.999999999999999
dirichlet,,0.2814353108406067,1.0942168235778809,11,0.21467430889606476,4.999999999999999
dirichlet,,0.30195480585098267,1.0448848009109497,8,0.27416616678237915,4.999999999999999
dirichlet,,0.34058234095573425,1.109169602394104,10,0.23614701628684998,4.999999999999999
dirichlet,,0.260177880525589,1.0987898111343384,10,0.15204906463623047,4.999999999999999
dirichlet,,0.286811500787735,0.9953979253768921,10,0.1131550669670105,4.999999999999999
dirichlet,,0.36394578218460083,1.132910966873169,11,0.24983248114585876,4.999999999999999
dirichlet,,0.31061047315597534,1.1142457723617554,10,0.22247391939163208,4.999999999999999
dirichlet,,0.346824586391449,1.091214656829834,11,0.1498035192489624,6.667607160816619
dirichlet,,0.2592518627643585,1.106114149093628,11,0.207596093416214,6.667607160816619
dirichlet,,0.30904361605644226,1.0852136611938477,11,0.2597073018550873,6.667607160816619
dirichlet,,0.3275538682937622,1.1434056758880615,11,0.25010955333709717,6.667607160816619
dirichlet,,0.29843592643737793,1.041108250617981,11,0.26336658000946045,6.667607160816619
dirichlet,,0.3006945252418518,0.958265483379364,10,0.2833649814128876,6.667607160816619
dirichlet,,0.31691786646842957,1.1076502799987793,10,0.23584121465682983,6.667607160816619
dirichlet,,0.3122328817844391,1.0497167110443115,11,0.21524932980537415,6.667607160816619
dirichlet,,0.2414524406194687,1.0432233810424805,9,0.30550363659858704,6.667607160816619
dirichlet,,0.3528456687927246,1.0193865299224854,12,0.22543907165527344,6.667607160816619
dirichlet,,0.3069216012954712,0.9920008778572083,10,0.2684181034564972,6.667607160816619
dirichlet,,0.31757888197898865,1.0472685098648071,11,0.20214170217514038,6.667607160816619
dirichlet,,0.24118825793266296,0.9887876510620117,12,0.17050382494926453,6.667607160816619
dirichlet,,0.29822471737861633,1.0629122257232666,10,0.32088780403137207,6.667607160816619
dirichlet,,0.30011239647865295,1.0109890699386597,11,0.1909179985523224,6.667607160816619
dirichlet,,0.30512580275535583,0.997540295124054,12,0.2129358947277069,6.667607160816619
dirichlet,,0.2942623794078827,0.9999868273735046,8,0.19803164899349213,6.667607160816619
dirichlet,,0.31162863969802856,1.0709025859832764,11,0.27937981486320496,6.667607160816619
dirichlet,,0.2971583902835846,1.0715281963348389,11,0.21251565217971802,6.667607160816619
dirichlet,,0.2999515235424042,1.021107792854309,12,0.2256108522415161,6.667607160816619
dirichlet,,0.28933078050613403,0.9653847813606262,11,0.28414487838745117,6.667607160816619
dirichlet,,0.3007265627384186,0.9288915395736694,11,0.16008572280406952,6.667607160816619
dirichlet,,0.3125523626804352,1.1295713186264038,8,0.19854313135147095,6.667607160816619
dirichlet,,0.29811790585517883,0.9957358241081238,10,0.1649932861328125,6.667607160816619
dirichlet,,0.3331334888935089,1.0747015476226807,10,0.1460488736629486,6.667607160816619
dirichlet,,0.3198634088039398,1.0818809270858765,9,0.2553631663322449,6.667607160816619
dirichlet,,0.3162253201007843,1.1071343421936035,11,0.20580226182937622,6.667607160816619
dirichlet,,0.290240615606308,1.2083923816680908,11,0.17527949810028076,6.667607160816619
dirichlet,,0.2878156900405884,1.0674338340759277,9,0.20771288871765137,6.667607160816619
dirichlet,,0.3093799352645874,1.044776201248169,10,0.23027440905570984,6.667607160816619
dirichlet,,0.2836565375328064,1.155908465385437,9,0.22522389888763428,6.667607160816619
dirichlet,,0.30886974930763245,1.1053506135940552,10,0.3284681439399719,6.667607160816619
dirichlet,,0.28831398487091064,1.1000276803970337,10,0.1903713345527649,6.667607160816619
dirichlet,,0.31213775277137756,1.0430938005447388,9,0.23778079450130463,6.667607160816619
dirichlet,,0.2997019588947296,1.0621451139450073,11,0.30648934841156006,6.667607160816619
dirichlet,,0.305815190076828,1.0506938695907593,11,0.24929459393024445,6.667607160816619
dirichlet,,0.2959332764148712,1.0138270854949951,11,0.22678539156913757,6.667607160816619
dirichlet,,0.31370362639427185,1.000688076019287,11,0.24751684069633484,6.667607160816619
dirichlet,,0.3177330195903778,1.063694715499878,10,0.24282941222190857,6.667607160816619
dirichlet,,0.3044048249721527,1.074892520904541,9,0.23137004673480988,6.667607160816619
dirichlet,,0.2722388803958893,1.0062329769134521,11,0.22434821724891663,6.667607160816619
dirichlet,,0.3169291019439697,1.0055370330810547,9,0.17988412082195282,6.667607160816619
dirichlet,,0.3233013451099396,1.0771398544311523,10,0.1974492073059082,6.667607160816619
dirichlet,,0.3332422077655792,1.1072862148284912,12,0.24802115559577942,6.667607160816619
dirichlet,,0.3275779187679291,1.11167311668396,11,0.2055245339870453,6.667607160816619
dirichlet,,0.2842600345611572,1.0875784158706665,10,0.2861972749233246,6.667607160816619
dirichlet,,0.27734625339508057,1.071123480796814,11,0.22320154309272766,6.667607160816619
dirichlet,,0.3161007761955261,1.1254665851593018,11,0.24728423357009888,6.667607160816619
dirichlet,,0.3161104619503021,0.9813412427902222,11,0.25104641914367676,6.667607160816619
dirichlet,,0.2866942584514618,1.0053402185440063,12,0.18860246241092682,6.667607160816619
dirichlet,,0.29707878828048706,1.0354430675506592,10,0.21990638971328735,6.667607160816619
dirichlet,,0.2973010540008545,1.0653079748153687,11,0.25190162658691406,6.667607160816619
dirichlet,,0.26801782846450806,1.0887938737869263,11,0.28778478503227234,6.667607160816619
dirichlet,,0.3054482042789459,1.0835192203521729,11,0.2149609923362732,6.667607160816619
dirichlet,,0.2720416784286499,1.04257333278656,10,0.2980278730392456,6.667607160816619
dirichlet,,0.2693079113960266,1.0320454835891724,11,0.20076614618301392,6.667607160816619
dirichlet,,0.296022891998291,1.0280994176864624,10,0.1785898357629776,6.667607160816619
dirichlet,,0.27170225977897644,1.0216944217681885,10,0.19870436191558838,6.667607160816619
dirichlet,,0.300082802772522,1.0748969316482544,11,0.21082499623298645,6.667607160816619
dirichlet,,0.29219168424606323,1.0922577381134033,10,0.2534293830394745,6.667607160816619
dirichlet,,0.308530330657959,0.9417999982833862,9,0.16694609820842743,6.667607160816619
dirichlet,,0.34229597449302673,0.9260482788085938,10,0.22039499878883362,6.667607160816619
dirichlet,,0.30899545550346375,1.0533939599990845,10,0.26309579610824585,6.667607160816619
dirichlet,,0.3496178686618805,1.1629638671875,11,0.2012677788734436,6.667607160816619
dirichlet,,0.314866840839386,1.0113102197647095,10,0.17278006672859192,6.667607160816619
dirichlet,,0.26981571316719055,1.0215849876403809,11,0.23352989554405212,6.667607160816619
dirichlet,,0.311163991689682,0.9662944674491882,12,0.1837964802980423,6.667607160816619
dirichlet,,0.28646400570869446,0.988447368144989,11,0.19781191647052765,6.667607160816619
dirichlet,,0.2836730182170868,1.0587339401245117,10,0.2651596963405609,6.667607160816619
dirichlet,,0.30809566378593445,1.067500114440918,10,0.16967672109603882,6.667607160816619
dirichlet,,0.29904404282569885,1.1392172574996948,11,0.24779978394508362,6.667607160816619
dirichlet,,0.2907952666282654,1.0620744228363037,11,0.15856942534446716,6.667607160816619
dirichlet,,0.33676859736442566,1.064911961555481,10,0.31525975465774536,6.667607160816619
dirichlet,,0.32723134756088257,1.005104899406433,10,0.20629313588142395,6.667607160816619
dirichlet,,0.30296123027801514,1.0803955793380737,11,0.24854901432991028,6.667607160816619
dirichlet,,0.327168732881546,1.034576416015625,10,0.2776148319244385,6.667607160816619
dirichlet,,0.3063986003398895,1.1179594993591309,10,0.27160942554473877,6.667607160816619
dirichlet,,0.28947851061820984,1.046460509300232,12,0.2014843225479126,6.667607160816619
dirichlet,,0.28435218334198,1.006182074546814,11,0.2107335329055786,6.667607160816619
dirichlet,,0.27188318967819214,1.021915316581726,11,0.21151036024093628,6.667607160816619
dirichlet,,0.28266802430152893,0.9635052680969238,11,0.2526162266731262,6.667607160816619
dirichlet,,0.29535582661628723,0.9685456156730652,10,0.2169283926486969,6.667607160816619
dirichlet,,0.30241966247558594,1.0671913623809814,10,0.257824569940567,6.667607160816619
dirichlet,,0.28988420963287354,1.031055212020874,9,0.2023952454328537,6.667607160816619
dirichlet,,0.2698296308517456,1.052311658859253,12,0.17982149124145508,6.667607160816619
dirichlet,,0.33234894275665283,0.9098874926567078,9,0.24233034253120422,6.667607160816619
dirichlet,,0.29341694712638855,0.9717603921890259,11,0.1904265284538269,6.667607160816619
dirichlet,,0.34163302183151245,0.9640733599662781,10,0.21996650099754333,6.667607160816619
dirichlet,,0.3075544834136963,0.950932502746582,10,0.17585507035255432,6.667607160816619
dirichlet,,0.25057902932167053,1.045231580734253,11,0.23919989168643951,6.667607160816619
dirichlet,,0.3421679139137268,1.0739552974700928,11,0.16034191846847534,6.667607160816619
dirichlet,,0.3032749593257904,1.095893144607544,11,0.21318821609020233,6.667607160816619
dirichlet,,0.27593544125556946,1.0160174369812012,10,0.23432610929012299,6.667607160816619
dirichlet,,0.302753746509552,0.9675456881523132,10,0.2543109655380249,6.667607160816619
dirichlet,,0.31354567408561707,1.148439645767212,11,0.39397716522216797,6.667607160816619
dirichlet,,0.2918776273727417,1.0790566205978394,10,0.25998568534851074,6.667607160816619
dirichlet,,0.3325398564338684,0.9625619649887085,11,0.25406551361083984,6.667607160816619
dirichlet,,0.28466761112213135,1.1008250713348389,9,0.20021429657936096,6.667607160816619
dirichlet,,0.28578659892082214,0.9302617907524109,9,0.36066651344299316,6.667607160816619
dirichlet,,0.3144378066062927,1.057355523109436,10,0.263233482837677,6.667607160816619
dirichlet,,0.289565771818161,1.0409010648727417,10,0.25992757081985474,6.667607160816619
dirichlet,,0.28371748328208923,1.0996956825256348,11,0.28773272037506104,6.667607160816619
dirichlet,,0.3249545991420746,1.10569429397583,10,0.2860575020313263,6.667607160816619
dirichlet,,0.2741056978702545,0.9996053576469421,11,0.23484452068805695,6.667607160816619
dirichlet,,0.30823856592178345,1.0268425941467285,11,0.33758020401000977,6.667607160816619
dirichlet,,0.30017584562301636,0.9847264289855957,9,0.3134516477584839,6.667607160816619
dirichlet,,0.33297035098075867,1.0537729263305664,10,0.12357699871063232,6.667607160816619
dirichlet,,0.3073977828025818,0.9830750226974487,9,0.18849043548107147,6.667607160816619
dirichlet,,0.2781447768211365,1.1770117282867432,10,0.19658073782920837,6.667607160816619
dirichlet,,0.3146665394306183,0.9828799962997437,10,0.17305582761764526,6.667607160816619
dirichlet,,0.2903653681278229,1.0697863101959229,11,0.21076904237270355,6.667607160816619
dirichlet,,0.3139440417289734,0.9888598322868347,10,0.18522414565086365,6.667607160816619
dirichlet,,0.28177469968795776,1.0473740100860596,10,0.21741928160190582,6.667607160816619
dirichlet,,0.27432459592819214,1.021106481552124,11,0.21480002999305725,6.667607160816619
dirichlet,,0.3420763611793518,0.9664719700813293,11,0.2742539048194885,6.667607160816619
dirichlet,,0.26697826385498047,0.995985209941864,10,0.2684868574142456,6.667607160816619
dirichlet,,0.27380433678627014,1.1088125705718994,9,0.29836875200271606,6.667607160816619
dirichlet,,0.3386426270008087,1.0758634805679321,9,0.2643500566482544,6.667607160816619
dirichlet,,0.2933703362941742,0.9973124265670776,11,0.2479475736618042,6.667607160816619
dirichlet,,0.26588720083236694,1.08339524269104,8,0.27842068672180176,6.667607160816619
dirichlet,,0.28521981835365295,1.0855467319488525,11,0.25408971309661865,6.667607160816619
dirichlet,,0.29188817739486694,0.9776724576950073,10,0.23260782659053802,6.667607160816619
dirichlet,,0.3095647990703583,1.0060991048812866,11,0.2519683837890625,6.667607160816619
dirichlet,,0.3678421378135681,1.1117932796478271,10,0.2387431114912033,6.667607160816619
dirichlet,,0.26972150802612305,1.1567647457122803,11,0.19181999564170837,6.667607160816619
dirichlet,,0.28960204124450684,1.1246089935302734,11,0.19381514191627502,6.667607160816619
dirichlet,,0.29216891527175903,1.0501340627670288,11,0.24988201260566711,6.667607160816619
dirichlet,,0.3140398859977722,0.9214048385620117,10,0.20540279150009155,6.667607160816619
dirichlet,,0.29465335607528687,0.9997312426567078,10,0.23849016427993774,6.667607160816619
dirichlet,,0.30985191464424133,1.1166751384735107,11,0.22846415638923645,6.667607160816619
dirichlet,,0.3236226737499237,1.0722839832305908,11,0.19361329078674316,6.667607160816619
dirichlet,,0.3587040305137634,1.0437692403793335,10,0.170674130320549,6.667607160816619
dirichlet,,0.3301144540309906,0.9882276654243469,11,0.23359516263008118,6.667607160816619
dirichlet,,0.27572157979011536,0.9561587572097778,11,0.28505364060401917,6.667607160816619
dirichlet,,0.2991142272949219,0.9817547798156738,11,0.23942923545837402,6.667607160816619
dirichlet,,0.31316474080085754,0.9775258898735046,10,0.2903996706008911,6.667607160816619
dirichlet,,0.30739831924438477,0.9789090156555176,11,0.22527849674224854,6.667607160816619
dirichlet,,0.28916293382644653,0.972624659538269,9,0.17334815859794617,6.667607160816619
dirichlet,,0.32216858863830566,1.0417460203170776,11,0.23767706751823425,6.667607160816619
dirichlet,,0.3122503459453583,1.0195099115371704,10,0.18605263531208038,6.667607160816619
dirichlet,,0.33420515060424805,1.0181962251663208,11,0.28530895709991455,6.667607160816619
dirichlet,,0.31552737951278687,0.937467098236084,10,0.28290316462516785,6.667607160816619
dirichlet,,0.3243175745010376,1.0325696468353271,11,0.15286801755428314,6.667607160816619
dirichlet,,0.26176872849464417,1.011447548866272,11,0.2766687572002411,6.667607160816619
dirichlet,,0.2857688069343567,1.0845128297805786,11,0.22137406468391418,6.667607160816619
dirichlet,,0.2892153859138489,1.1455856561660767,10,0.25165075063705444,6.667607160816619
dirichlet,,0.33510586619377136,0.9973740577697754,11,0.25079864263534546,6.667607160816619
dirichlet,,0.3000100255012512,1.0498281717300415,11,0.30223387479782104,6.667607160816619
dirichlet,,0.30673688650131226,0.9464837312698364,11,0.27723604440689087,6.667607160816619
dirichlet,,0.30030226707458496,0.9877952337265015,9,0.21249385178089142,6.667607160816619
dirichlet,,0.31378597021102905,1.1401314735412598,10,0.21642258763313293,6.667607160816619
dirichlet,,0.2829233705997467,1.035475492477417,10,0.19638527929782867,6.667607160816619
dirichlet,,0.37406080961227417,1.0125863552093506,11,0.2811145484447479,6.667607160816619
dirichlet,,0.2740003764629364,1.0582313537597656,9,0.26812177896499634,6.667607160816619
dirichlet,,0.3028445839881897,1.0172404050827026,12,0.28245025873184204,6.667607160816619
dirichlet,,0.2886559069156647,1.0328876972198486,9,0.2129667103290558,6.667607160816619
dirichlet,,0.27096202969551086,1.0821983814239502,11,0.23565757274627686,6.667607160816619
dirichlet,,0.2642739415168762,1.0989855527877808,11,0.2920618951320648,6.667607160816619
dirichlet,,0.2970997095108032,1.040330171585083,10,0.2620643377304077,6.667607160816619
dirichlet,,0.3037087321281433,1.1014362573623657,10,0.19372081756591797,6.667607160816619
dirichlet,,0.3409603238105774,1.0368740558624268,11,0.2825559377670288,6.667607160816619
dirichlet,,0.28196194767951965,1.0344147682189941,11,0.15763676166534424,6.667607160816619
dirichlet,,0.2884039282798767,1.1152656078338623,10,0.26068615913391113,6.667607160816619
dirichlet,,0.29652008414268494,1.0847997665405273,11,0.15659146010875702,6.667607160816619
dirichlet,,0.28675729036331177,0.9901138544082642,11,0.2565303444862366,6.667607160816619
dirichlet,,0.3060111105442047,1.0714094638824463,11,0.24634891748428345,6.667607160816619
dirichlet,,0.31006258726119995,1.114824891090393,12,0.20448735356330872,6.667607160816619
dirichlet,,0.2773583233356476,1.0282418727874756,12,0.26680803298950195,6.667607160816619
dirichlet,,0.32756534218788147,0.9778395891189575,11,0.2615545392036438,6.667607160816619
dirichlet,,0.2908685803413391,1.0391318798065186,9,0.2897320091724396,6.667607160816619
dirichlet,,0.27010804414749146,0.9719915390014648,11,0.1974835991859436,6.667607160816619
dirichlet,,0.28804004192352295,1.0397982597351074,9,0.22721697390079498,6.667607160816619
dirichlet,,0.3467448651790619,1.00423264503479,10,0.22710897028446198,6.667607160816619
dirichlet,,0.2785412073135376,1.0950669050216675,10,0.20150208473205566,6.667607160816619
dirichlet,,0.34242841601371765,1.0429233312606812,10,0.1852472424507141,6.667607160816619
dirichlet,,0.29902034997940063,1.0063616037368774,10,0.21492697298526764,6.667607160816619
dirichlet,,0.34368857741355896,1.0041447877883911,11,0.2532365024089813,6.667607160816619
dirichlet,,0.33619996905326843,0.9227821230888367,10,0.2451286017894745,6.667607160816619
dirichlet,,0.2900286912918091,0.9898942708969116,11,0.21013812720775604,6.667607160816619
dirichlet,,0.2887285053730011,1.0716259479522705,11,0.2960672676563263,6.667607160816619
dirichlet,,0.2608450949192047,1.0667107105255127,10,0.21871846914291382,6.667607160816619
dirichlet,,0.267398476600647,1.0397595167160034,11,0.23863539099693298,6.667607160816619
dirichlet,,0.29705703258514404,1.0050442218780518,11,0.24444477260112762,6.667607160816619
dirichlet,,0.2951893210411072,1.084949016571045,11,0.21909651160240173,6.667607160816619
dirichlet,,0.3376205861568451,0.9327598810195923,11,0.19190716743469238,6.667607160816619
dirichlet,,0.30586931109428406,1.0385313034057617,11,0.23798057436943054,6.667607160816619
dirichlet,,0.290456622838974,1.1256569623947144,10,0.2391936480998993,6.667607160816619
dirichlet,,0.32002294063568115,1.007960557937622,10,0.2522146999835968,6.667607160816619
dirichlet,,0.33571285009384155,0.9066177606582642,10,0.24750445783138275,6.667607160816619
dirichlet,,0.29775944352149963,1.0374785661697388,8,0.2744557559490204,6.667607160816619
dirichlet,,0.3183225691318512,0.9672443270683289,11,0.2888837456703186,6.667607160816619
dirichlet,,0.3186378479003906,1.019085168838501,10,0.20727410912513733,6.667607160816619
dirichlet,,0.24953080713748932,0.9828648567199707,11,0.3112753629684448,6.667607160816619
dirichlet,,0.29259026050567627,0.9838592410087585,10,0.19264638423919678,6.667607160816619
dirichlet,,0.33769887685775757,1.100778579711914,10,0.19254131615161896,6.667607160816619
dirichlet,,0.2786591053009033,1.1144294738769531,11,0.24862730503082275,6.667607160816619
dirichlet,,0.2802804410457611,1.084420919418335,10,0.19779157638549805,6.667607160816619
dirichlet,,0.2655143141746521,1.0456956624984741,11,0.2252453863620758,6.667607160816619
dirichlet,,0.3039606809616089,1.0360863208770752,10,0.33479663729667664,6.667607160816619
dirichlet,,0.32818520069122314,1.124480128288269,11,0.3048624098300934,6.667607160816619
dirichlet,,0.3274434208869934,0.9641783833503723,10,0.29063624143600464,6.667607160816619
dirichlet,,0.2914530634880066,0.9760228991508484,9,0.21504011750221252,6.667607160816619
dirichlet,,0.3217485249042511,1.1100993156433105,12,0.38409221172332764,6.667607160816619
dirichlet,,0.32848060131073,0.9330044984817505,9,0.2422705590724945,6.667607160816619
dirichlet,,0.30487382411956787,1.0483014583587646,11,0.289955735206604,6.667607160816619
dirichlet,,0.303576797246933,1.024297833442688,11,0.1880987584590912,6.667607160816619
dirichlet,,0.23908789455890656,1.0876128673553467,10,0.24743947386741638,6.667607160816619
dirichlet,,0.30151110887527466,1.0634342432022095,10,0.17170844972133636,6.667607160816619
dirichlet,,0.3119906783103943,1.1065125465393066,11,0.20667318999767303,6.667607160816619
dirichlet,,0.2972836196422577,1.1644551753997803,10,0.2379104346036911,6.667607160816619
dirichlet,,0.3329300582408905,1.0326627492904663,9,0.2455214411020279,6.667607160816619
dirichlet,,0.3048853874206543,1.0504639148712158,9,0.27055639028549194,6.667607160816619
dirichlet,,0.34511613845825195,1.0741125345230103,11,0.2002321034669876,6.667607160816619
dirichlet,,0.26478108763694763,1.0429538488388062,12,0.21317708492279053,6.667607160816619
dirichlet,,0.31432437896728516,1.0737254619598389,11,0.27601727843284607,6.667607160816619
dirichlet,,0.3185533881187439,0.9881836175918579,11,0.23845258355140686,6.667607160816619
dirichlet,,0.29766857624053955,1.0836164951324463,11,0.29198265075683594,6.667607160816619
dirichlet,,0.2889931797981262,1.0216896533966064,10,0.2538554072380066,6.667607160816619
dirichlet,,0.2701947093009949,1.02115797996521,12,0.2225513756275177,6.667607160816619
dirichlet,,0.31557202339172363,1.0616722106933594,11,0.230213463306427,6.667607160816619
dirichlet,,0.27763813734054565,1.132805347442627,10,0.2723926305770874,6.667607160816619
dirichlet,,0.2900063693523407,1.0773265361785889,11,0.2715188264846802,6.667607160816619
dirichlet,,0.3117688298225403,0.9159735441207886,11,0.20216280221939087,6.667607160816619
dirichlet,,0.2812373638153076,0.9514144062995911,11,0.2591543197631836,6.667607160816619
dirichlet,,0.28888845443725586,1.0668871402740479,12,0.2133595496416092,6.667607160816619
dirichlet,,0.31082460284233093,1.0928235054016113,10,0.15916922688484192,6.667607160816619
dirichlet,,0.2845274806022644,0.9544442892074585,9,0.17379966378211975,6.667607160816619
dirichlet,,0.25640231370925903,1.0195561647415161,10,0.18589496612548828,6.667607160816619
dirichlet,,0.2930476665496826,0.9040518999099731,11,0.2428707480430603,6.667607160816619
dirichlet,,0.27544891834259033,1.0069211721420288,11,0.17974963784217834,6.667607160816619
dirichlet,,0.3415803611278534,1.0653231143951416,11,0.18583646416664124,6.667607160816619
dirichlet,,0.3106519281864166,1.0712159872055054,11,0.2383004128932953,6.667607160816619
dirichlet,,0.3000029921531677,1.0578594207763672,11,0.30980825424194336,6.667607160816619
dirichlet,,0.328000545501709,0.9722906947135925,11,0.24715012311935425,6.667607160816619
dirichlet,,0.27840083837509155,1.0404094457626343,11,0.2198854684829712,6.667607160816619
dirichlet,,0.29908281564712524,1.1315858364105225,10,0.18202053010463715,6.667607160816619
dirichlet,,0.3095497488975525,1.1186068058013916,11,0.25960415601730347,6.667607160816619
dirichlet,,0.26403868198394775,0.9629474878311157,11,0.3296181559562683,6.667607160816619
dirichlet,,0.3064253032207489,1.158847451210022,10,0.26547008752822876,6.667607160816619
dirichlet,,0.3116656243801117,0.9729997515678406,10,0.29195719957351685,6.667607160816619
dirichlet,,0.29921698570251465,1.0121595859527588,10,0.21719901263713837,6.667607160816619
dirichlet,,0.2948111295700073,1.0340732336044312,12,0.23963654041290283,6.667607160816619
dirichlet,,0.295619934797287,0.9722671508789062,10,0.25751301646232605,6.667607160816619
dirichlet,,0.3543994426727295,1.0481047630310059,11,0.25226861238479614,6.667607160816619
dirichlet,,0.2748908996582031,1.0326144695281982,11,0.3048725128173828,6.667607160816619
dirichlet,,0.3239530026912689,1.044996738433838,10,0.21820035576820374,6.667607160816619
dirichlet,,0.2693234980106354,1.089250087738037,10,0.2006635069847107,6.667607160816619
dirichlet,,0.32172203063964844,0.9568630456924438,11,0.24030129611492157,6.667607160816619
dirichlet,,0.31568217277526855,1.0418897867202759,11,0.2376071810722351,6.667607160816619
dirichlet,,0.31716030836105347,1.0619481801986694,11,0.24180163443088531,6.667607160816619
dirichlet,,0.31687578558921814,1.0102968215942383,11,0.2553369700908661,6.667607160816619
dirichlet,,0.33426520228385925,0.996910572052002,10,0.23407919704914093,6.667607160816619
dirichlet,,0.3120378255844116,1.060295820236206,9,0.26364368200302124,6.667607160816619
dirichlet,,0.30640968680381775,1.1519672870635986,11,0.26252686977386475,6.667607160816619
dirichlet,,0.3130981922149658,1.1482576131820679,9,0.2890450060367584,6.667607160816619
dirichlet,,0.31335359811782837,1.0097371339797974,11,0.25765809416770935,6.667607160816619
dirichlet,,0.29303979873657227,1.0626543760299683,11,0.22406485676765442,6.667607160816619
dirichlet,,0.31083351373672485,1.0502375364303589,10,0.33733931183815,6.667607160816619
dirichlet,,0.30336079001426697,1.0210776329040527,11,0.22563451528549194,6.667607160816619
dirichlet,,0.29504626989364624,1.027612328529358,9,0.19923943281173706,6.667607160816619
dirichlet,,0.3248921036720276,1.0304763317108154,10,0.2511376738548279,6.667607160816619
dirichlet,,0.27758699655532837,1.1440849304199219,10,0.271408349275589,6.667607160816619
dirichlet,,0.2919160723686218,1.0016698837280273,10,0.24914436042308807,6.667607160816619
dirichlet,,0.3193964958190918,1.0678516626358032,11,0.2132929116487503,6.667607160816619
dirichlet,,0.29935404658317566,1.0771286487579346,8,0.25645145773887634,6.667607160816619
dirichlet,,0.3462851643562317,0.9390735626220703,10,0.20156767964363098,6.667607160816619
dirichlet,,0.34579193592071533,1.0235645771026611,10,0.23402036726474762,6.667607160816619
dirichlet,,0.301961213350296,1.0321680307388306,11,0.20847727358341217,6.667607160816619
dirichlet,,0.3103005588054657,1.0025447607040405,11,0.2023237645626068,6.667607160816619
dirichlet,,0.3154822885990143,0.9969414472579956,11,0.24906478822231293,6.667607160816619
dirichlet,,0.30062636733055115,0.990439772605896,11,0.227400541305542,6.667607160816619
dirichlet,,0.25416994094848633,1.0775058269500732,10,0.24956773221492767,6.667607160816619
dirichlet,,0.2989901304244995,0.9589961767196655,10,0.2334408313035965,6.667607160816619
dirichlet,,0.2837067246437073,1.0193877220153809,11,0.3120099902153015,6.667607160816619
dirichlet,,0.29682961106300354,1.0470333099365234,11,0.2219984084367752,6.667607160816619
dirichlet,,0.3014026880264282,1.0508558750152588,11,0.18579897284507751,6.667607160816619
dirichlet,,0.30622249841690063,1.0891574621200562,10,0.30132734775543213,6.667607160816619
dirichlet,,0.31232595443725586,1.0561654567718506,11,0.2946764826774597,6.667607160816619
dirichlet,,0.2986614406108856,1.0212905406951904,10,0.19703064858913422,6.667607160816619
dirichlet,,0.31296008825302124,1.0630637407302856,11,0.21082940697669983,6.667607160816619
dirichlet,,0.27870309352874756,1.0816599130630493,10,0.1641404926776886,6.667607160816619
dirichlet,,0.2990296483039856,0.994185745716095,11,0.27266252040863037,6.667607160816619
dirichlet,,0.26911669969558716,1.0670344829559326,11,0.16138330101966858,6.667607160816619
dirichlet,,0.3105747699737549,1.0573084354400635,11,0.2561740279197693,6.667607160816619
dirichlet,,0.3027695119380951,1.0604534149169922,10,0.23064546287059784,6.667607160816619
dirichlet,,0.29649901390075684,0.992824912071228,10,0.15148450434207916,6.667607160816619
dirichlet,,0.3178521990776062,1.061954379081726,10,0.16226547956466675,6.667607160816619
dirichlet,,0.32212647795677185,0.9597734212875366,11,0.3123165965080261,6.667607160816619
dirichlet,,0.2669554352760315,1.0974550247192383,11,0.3071553707122803,6.667607160816619
dirichlet,,0.31159985065460205,1.0723398923873901,10,0.21630015969276428,6.667607160816619
dirichlet,,0.32213547825813293,0.9941703081130981,10,0.286182165145874,6.667607160816619
dirichlet,,0.2662794589996338,1.0737578868865967,10,0.2056490182876587,6.667607160816619
dirichlet,,0.29633021354675293,1.0032837390899658,9,0.28106606006622314,6.667607160816619
dirichlet,,0.2873004674911499,1.0991268157958984,10,0.2975546419620514,6.667607160816619
dirichlet,,0.29322776198387146,0.9980937242507935,8,0.2923162877559662,6.667607160816619
dirichlet,,0.27935558557510376,1.008386492729187,11,0.30823278427124023,6.667607160816619
dirichlet,,0.27040839195251465,1.1124329566955566,10,0.1555461436510086,6.667607160816619
dirichlet,,0.33124855160713196,1.0379149913787842,10,0.2721579074859619,6.667607160816619
dirichlet,,0.2863074839115143,1.1104750633239746,11,0.31998249888420105,6.667607160816619
dirichlet,,0.3264457881450653,0.9818231463432312,10,0.21043193340301514,6.667607160816619
dirichlet,,0.3351593613624573,0.9888796806335449,11,0.2133208066225052,6.667607160816619
dirichlet,,0.2656533122062683,0.9590099453926086,11,0.22673778235912323,6.667607160816619
dirichlet,,0.33680176734924316,1.0011881589889526,11,0.18501980602741241,6.667607160816619
dirichlet,,0.30856233835220337,1.0846965312957764,10,0.32658636569976807,6.667607160816619
dirichlet,,0.28996703028678894,1.0968462228775024,11,0.24365918338298798,6.667607160816619
dirichlet,,0.2681332528591156,0.9636926651000977,10,0.23956626653671265,6.667607160816619
dirichlet,,0.2745002806186676,0.9375272989273071,9,0.2264493852853775,6.667607160816619
dirichlet,,0.2762960195541382,1.0714703798294067,11,0.19893907010555267,6.667607160816619
dirichlet,,0.31820741295814514,1.0395890474319458,10,0.2751995325088501,6.667607160816619
dirichlet,,0.27243852615356445,1.0343916416168213,12,0.23725558817386627,6.667607160816619
dirichlet,,0.3110136091709137,1.0369250774383545,9,0.2108926773071289,6.667607160816619
dirichlet,,0.30167821049690247,1.0164543390274048,11,0.2340681254863739,6.667607160816619
dirichlet,,0.34776023030281067,1.1337816715240479,10,0.26695820689201355,6.667607160816619
dirichlet,,0.32153621315956116,1.0132653713226318,11,0.3173012137413025,6.667607160816619
dirichlet,,0.3354460597038269,0.9460471272468567,11,0.2416437715291977,6.667607160816619
dirichlet,,0.30735868215560913,1.0630841255187988,11,0.20072010159492493,6.667607160816619
dirichlet,,0.2841811180114746,1.0675503015518188,10,0.24723725020885468,6.667607160816619
dirichlet,,0.29659321904182434,0.8882492780685425,11,0.19736143946647644,6.667607160816619
dirichlet,,0.3052738606929779,0.9847631454467773,11,0.29646924138069153,6.667607160816619
dirichlet,,0.3051322102546692,1.082458257675171,11,0.2450075000524521,6.667607160816619
dirichlet,,0.2899165153503418,1.0479423999786377,12,0.24954134225845337,6.667607160816619
dirichlet,,0.29248717427253723,1.035188913345337,11,0.2903647720813751,6.667607160816619
dirichlet,,0.3118022680282593,1.0227094888687134,11,0.25280308723449707,6.667607160816619
dirichlet,,0.2875001132488251,1.0765786170959473,11,0.20222286880016327,6.667607160816619
dirichlet,,0.3180789649486542,1.0154619216918945,12,0.17636457085609436,6.667607160816619
dirichlet,,0.29490065574645996,1.1308232545852661,10,0.23051252961158752,6.667607160816619
dirichlet,,0.32610803842544556,1.0220048427581787,11,0.20966863632202148,6.667607160816619
dirichlet,,0.2689111828804016,1.1966145038604736,10,0.24719171226024628,6.667607160816619
dirichlet,,0.2914793789386749,0.9808357954025269,9,0.2395651638507843,6.667607160816619
dirichlet,,0.2709530293941498,1.0229566097259521,10,0.21189266443252563,6.667607160816619
dirichlet,,0.3275408446788788,0.945604145526886,9,0.17270547151565552,6.667607160816619
dirichlet,,0.280341237783432,1.0816152095794678,9,0.15971256792545319,6.667607160816619
dirichlet,,0.29181769490242004,1.0183358192443848,12,0.19461938738822937,6.667607160816619
dirichlet,,0.3292069435119629,1.055104374885559,11,0.2674711346626282,6.667607160816619
dirichlet,,0.2829837203025818,1.0948032140731812,11,0.3026425242424011,6.667607160816619
dirichlet,,0.3100045323371887,1.075031042098999,10,0.2874956727027893,6.667607160816619
dirichlet,,0.3500530421733856,0.900865912437439,10,0.20610810816287994,6.667607160816619
dirichlet,,0.29217931628227234,1.0479536056518555,9,0.16827154159545898,6.667607160816619
dirichlet,,0.3249605596065521,1.0623873472213745,9,0.1851491630077362,6.667607160816619
dirichlet,,0.3107672929763794,1.0409759283065796,10,0.24528759717941284,6.667607160816619
dirichlet,,0.30308476090431213,1.0192360877990723,11,0.21082407236099243,6.667607160816619
dirichlet,,0.2548827826976776,1.0801259279251099,12,0.3355160355567932,6.667607160816619
dirichlet,,0.28692159056663513,1.0314453840255737,9,0.24862296879291534,6.667607160816619
dirichlet,,0.30015456676483154,0.906410813331604,11,0.2331286072731018,6.667607160816619
dirichlet,,0.2930509150028229,1.1041982173919678,11,0.23382988572120667,6.667607160816619
dirichlet,,0.2581333518028259,1.0082752704620361,10,0.20772801339626312,6.667607160816619
dirichlet,,0.3275870382785797,1.0936942100524902,11,0.2786779999732971,6.667607160816619
dirichlet,,0.27521398663520813,0.9670141339302063,9,0.2279275357723236,6.667607160816619
dirichlet,,0.28814977407455444,1.0297539234161377,10,0.2648363709449768,6.667607160816619
dirichlet,,0.331208735704422,1.0494962930679321,11,0.30792224407196045,6.667607160816619
dirichlet,,0.3010450303554535,0.9963482618331909,10,0.21673338115215302,6.667607160816619
dirichlet,,0.30392321944236755,1.0727286338806152,10,0.22328343987464905,6.667607160816619
dirichlet,,0.25098633766174316,0.9603589177131653,12,0.22675994038581848,6.667607160816619
dirichlet,,0.29738059639930725,0.9312101602554321,11,0.26025986671447754,6.667607160816619
dirichlet,,0.330583781003952,1.0264537334442139,11,0.27649664878845215,6.667607160816619
dirichlet,,0.2779732048511505,1.0948635339736938,10,0.22074255347251892,6.667607160816619
dirichlet,,0.31615403294563293,1.1103812456130981,11,0.20898613333702087,6.667607160816619
dirichlet,,0.30201712250709534,1.0875704288482666,10,0.17969593405723572,6.667607160816619
dirichlet,,0.35793739557266235,0.9829469919204712,12,0.19646769762039185,6.667607160816619
dirichlet,,0.29605698585510254,0.9601011276245117,10,0.2327231913805008,6.667607160816619
dirichlet,,0.27946406602859497,0.941990852355957,9,0.21364928781986237,6.667607160816619
dirichlet,,0.26246336102485657,1.0664923191070557,11,0.25627246499061584,6.667607160816619
dirichlet,,0.319153368473053,1.086360216140747,9,0.20125660300254822,6.667607160816619
dirichlet,,0.2828684151172638,0.99486243724823,10,0.12640197575092316,6.667607160816619
dirichlet,,0.31395938992500305,1.034669041633606,11,0.22369998693466187,6.667607160816619
dirichlet,,0.2960609793663025,1.0803351402282715,11,0.19397017359733582,6.667607160816619
dirichlet,,0.27358490228652954,0.9043570756912231,10,0.24509268999099731,6.667607160816619
dirichlet,,0.3030867278575897,0.9720895886421204,10,0.2839016914367676,6.667607160816619
dirichlet,,0.3065868318080902,1.1329982280731201,9,0.27191436290740967,6.667607160816619
dirichlet,,0.30126702785491943,1.0421383380889893,11,0.15689174830913544,6.667607160816619
dirichlet,,0.2766827344894409,1.1201496124267578,10,0.21525144577026367,6.667607160816619
dirichlet,,0.27688515186309814,0.9761484861373901,10,0.27718472480773926,6.667607160816619
dirichlet,,0.274793803691864,1.0433604717254639,9,0.23750916123390198,6.667607160816619
dirichlet,,0.31810659170150757,0.9625447392463684,10,0.26086223125457764,6.667607160816619
dirichlet,,0.278860867023468,1.080344557762146,10,0.22937971353530884,6.667607160816619
dirichlet,,0.2715655565261841,0.9066252708435059,11,0.23548974096775055,6.667607160816619
dirichlet,,0.2822349965572357,0.9303234815597534,11,0.26283591985702515,6.667607160816619
dirichlet,,0.28771349787712097,0.9990839958190918,10,0.27264389395713806,6.667607160816619
dirichlet,,0.3059536814689636,0.9986245036125183,11,0.2185702919960022,6.667607160816619
dirichlet,,0.3361828029155731,1.058589220046997,11,0.16024409234523773,6.667607160816619
dirichlet,,0.29482385516166687,1.0112559795379639,11,0.26540929079055786,6.667607160816619
dirichlet,,0.26673388481140137,0.9860035181045532,11,0.21038293838500977,6.667607160816619
dirichlet,,0.314900666475296,1.035693883895874,11,0.2892589569091797,6.667607160816619
dirichlet,,0.28798708319664,0.9611374139785767,8,0.23139533400535583,6.667607160816619
dirichlet,,0.2955402731895447,0.9711219072341919,10,0.23324358463287354,6.667607160816619
dirichlet,,0.29925790429115295,1.0774483680725098,9,0.2545046806335449,6.667607160816619
dirichlet,,0.30728694796562195,1.1277146339416504,11,0.1930696666240692,6.667607160816619
dirichlet,,0.3318345844745636,1.0488190650939941,11,0.21311965584754944,6.667607160816619
dirichlet,,0.32208478450775146,1.0644025802612305,10,0.2534254491329193,6.667607160816619
dirichlet,,0.30180248618125916,1.113694667816162,11,0.18805596232414246,6.667607160816619
dirichlet,,0.3004375696182251,1.0365526676177979,10,0.20410850644111633,6.667607160816619
dirichlet,,0.2861689329147339,1.0070689916610718,10,0.2141510248184204,6.667607160816619
dirichlet,,0.3079494535923004,1.1032496690750122,12,0.27872419357299805,6.667607160816619
dirichlet,,0.3181551396846771,0.964855968952179,10,0.2660332918167114,6.667607160816619
dirichlet,,0.28331616520881653,1.0261101722717285,11,0.17790435254573822,6.667607160816619
dirichlet,,0.33127427101135254,1.0079014301300049,10,0.20152252912521362,6.667607160816619
dirichlet,,0.3243013024330139,1.014657735824585,10,0.22361254692077637,6.667607160816619
dirichlet,,0.33732375502586365,0.9786163568496704,11,0.17494887113571167,6.667607160816619
dirichlet,,0.28235161304473877,1.0356199741363525,11,0.23206666111946106,6.667607160816619
dirichlet,,0.2722325026988983,1.104819893836975,11,0.2955166697502136,6.667607160816619
dirichlet,,0.30424484610557556,1.0264533758163452,9,0.20530760288238525,8.891397050194612
dirichlet,,0.29652145504951477,1.0982980728149414,10,0.24615702033042908,8.891397050194612
dirichlet,,0.2935647964477539,1.0645768642425537,10,0.2610626816749573,8.891397050194612
dirichlet,,0.3206043243408203,1.1059660911560059,10,0.22859343886375427,8.891397050194612
dirichlet,,0.31021809577941895,1.0725152492523193,10,0.18513722717761993,8.891397050194612
dirichlet,,0.30244913697242737,1.0005959272384644,10,0.2795754075050354,8.891397050194612
dirichlet,,0.291767954826355,0.9695471525192261,10,0.202741801738739,8.891397050194612
dirichlet,,0.3160306215286255,0.9789149165153503,10,0.2416626214981079,8.891397050194612
dirichlet,,0.296476274728775,1.0233629941940308,9,0.25665968656539917,8.891397050194612
dirichlet,,0.31218481063842773,1.0554416179656982,10,0.3153938353061676,8.891397050194612
dirichlet,,0.2699134051799774,1.0494801998138428,10,0.2731165885925293,8.891397050194612
dirichlet,,0.3288429081439972,1.0939772129058838,10,0.31825917959213257,8.891397050194612
dirichlet,,0.3147674798965454,1.0405193567276,10,0.2270662486553192,8.891397050194612
dirichlet,,0.2762237787246704,1.0081793069839478,11,0.265802800655365,8.891397050194612
dirichlet,,0.33002743124961853,1.1110203266143799,12,0.2447914034128189,8.891397050194612
dirichlet,,0.32343730330467224,0.9834355115890503,11,0.18506386876106262,8.891397050194612
dirichlet,,0.3136437237262726,1.0766361951828003,10,0.21726399660110474,8.891397050194612
dirichlet,,0.3115597665309906,1.0547407865524292,10,0.1425763964653015,8.891397050194612
dirichlet,,0.3412797152996063,1.056341528892517,10,0.2995365858078003,8.891397050194612
dirichlet,,0.30638107657432556,1.0406990051269531,10,0.22935037314891815,8.891397050194612
dirichlet,,0.31304946541786194,1.0434327125549316,11,0.27229899168014526,8.891397050194612
dirichlet,,0.3089869022369385,1.0367746353149414,10,0.24722829461097717,8.891397050194612
dirichlet,,0.3111441433429718,1.0017074346542358,11,0.20333470404148102,8.891397050194612
dirichlet,,0.2933252453804016,1.0609933137893677,11,0.24819344282150269,8.891397050194612
dirichlet,,0.299943208694458,1.0446527004241943,11,0.19852226972579956,8.891397050194612
dirichlet,,0.31467074155807495,1.0450631380081177,10,0.22269968688488007,8.891397050194612
dirichlet,,0.2932519018650055,1.0499218702316284,11,0.28018277883529663,8.891397050194612
dirichlet,,0.28512001037597656,1.0489387512207031,10,0.18897020816802979,8.891397050194612
dirichlet,,0.29274865984916687,1.0794811248779297,10,0.27904433012008667,8.891397050194612
dirichlet,,0.30798596143722534,0.9725328683853149,11,0.27232053875923157,8.891397050194612
dirichlet,,0.2957839369773865,0.9740716218948364,10,0.1886528581380844,8.891397050194612
dirichlet,,0.2886456251144409,1.1235427856445312,10,0.2758420705795288,8.891397050194612
dirichlet,,0.33537229895591736,0.9972673654556274,12,0.2380375862121582,8.891397050194612
dirichlet,,0.3374253511428833,0.9012571573257446,10,0.1869467794895172,8.891397050194612
dirichlet,,0.29016900062561035,1.0741028785705566,11,0.23413971066474915,8.891397050194612
dirichlet,,0.29060542583465576,1.058920979499817,11,0.20066094398498535,8.891397050194612
dirichlet,,0.29747554659843445,1.12367844581604,11,0.2769336700439453,8.891397050194612
dirichlet,,0.29718244075775146,0.9681412577629089,10,0.20686186850070953,8.891397050194612
dirichlet,,0.2812395691871643,1.0882993936538696,10,0.2323354184627533,8.891397050194612
dirichlet,,0.2829688489437103,1.0023777484893799,10,0.18670496344566345,8.891397050194612
dirichlet,,0.2873185873031616,1.0013947486877441,11,0.252168208360672,8.891397050194612
dirichlet,,0.3305814564228058,1.0916845798492432,10,0.18745733797550201,8.891397050194612
dirichlet,,0.29674550890922546,0.9955676794052124,12,0.24974223971366882,8.891397050194612
dirichlet,,0.28778496384620667,0.9960235357284546,10,0.2275424301624298,8.891397050194612
dirichlet,,0.3059028387069702,1.0174258947372437,11,0.16846805810928345,8.891397050194612
dirichlet,,0.29745057225227356,1.0301826000213623,11,0.40220239758491516,8.891397050194612
dirichlet,,0.3170502781867981,1.0046322345733643,11,0.23840686678886414,8.891397050194612
dirichlet,,0.28142839670181274,1.0865952968597412,11,0.19120457768440247,8.891397050194612
dirichlet,,0.314181923866272,1.0459825992584229,11,0.2195148468017578,8.891397050194612
dirichlet,,0.3012896478176117,1.0603621006011963,12,0.22356268763542175,8.891397050194612
dirichlet,,0.2966960072517395,1.0184093713760376,12,0.2461366206407547,8.891397050194612
dirichlet,,0.3144436478614807,0.9456838369369507,10,0.24677631258964539,8.891397050194612
dirichlet,,0.3083631992340088,1.1056139469146729,11,0.21350811421871185,8.891397050194612
dirichlet,,0.3157384991645813,0.971430778503418,9,0.258909672498703,8.891397050194612
dirichlet,,0.3357457220554352,0.9382115602493286,11,0.26211822032928467,8.891397050194612
dirichlet,,0.30257371068000793,1.0919463634490967,10,0.20150864124298096,8.891397050194612
dirichlet,,0.3019605875015259,1.0314066410064697,9,0.26786696910858154,8.891397050194612
dirichlet,,0.3355318605899811,1.071703314781189,11,0.23914563655853271,8.891397050194612
dirichlet,,0.2827163338661194,1.055203914642334,10,0.26445192098617554,8.891397050194612
dirichlet,,0.27698764204978943,1.0252138376235962,10,0.31876370310783386,8.891397050194612
dirichlet,,0.2636122405529022,1.003322720527649,10,0.3060121238231659,8.891397050194612
dirichlet,,0.2742135226726532,1.0773959159851074,10,0.3102710545063019,8.891397050194612
dirichlet,,0.3156895935535431,1.0449128150939941,9,0.2312178611755371,8.891397050194612
dirichlet,,0.3234322667121887,1.127802848815918,10,0.22954648733139038,8.891397050194612
dirichlet,,0.29885122179985046,0.996199905872345,10,0.3505370020866394,8.891397050194612
dirichlet,,0.33320239186286926,0.9998664855957031,9,0.15167100727558136,8.891397050194612
dirichlet,,0.2663460969924927,1.0780644416809082,11,0.20331960916519165,8.891397050194612
dirichlet,,0.32899612188339233,0.9457244873046875,11,0.29933252930641174,8.891397050194612
dirichlet,,0.31787794828414917,1.0039888620376587,11,0.2031746655702591,8.891397050194612
dirichlet,,0.2944148778915405,0.9145030975341797,10,0.23073484003543854,8.891397050194612
dirichlet,,0.28900083899497986,0.9661237597465515,9,0.25523316860198975,8.891397050194612
dirichlet,,0.2961924374103546,0.9926339387893677,11,0.15747490525245667,8.891397050194612
dirichlet,,0.3116096258163452,1.0463452339172363,9,0.24250279366970062,8.891397050194612
dirichlet,,0.3248974680900574,1.0727311372756958,11,0.21311146020889282,8.891397050194612
dirichlet,,0.2820115387439728,0.9854503870010376,10,0.3286770284175873,8.891397050194612
dirichlet,,0.3081437647342682,0.9755266904830933,10,0.24417021870613098,8.891397050194612
dirichlet,,0.2820233404636383,0.9830347299575806,11,0.20896810293197632,8.891397050194612
dirichlet,,0.28340134024620056,1.0875086784362793,11,0.21049001812934875,8.891397050194612
dirichlet,,0.3179882764816284,1.0866162776947021,10,0.16925080120563507,8.891397050194612
dirichlet,,0.28222259879112244,1.0732300281524658,11,0.26491814851760864,8.891397050194612
dirichlet,,0.32560786604881287,0.944304347038269,11,0.15718789398670197,8.891397050194612
dirichlet,,0.26047447323799133,1.1014586687088013,12,0.2223854660987854,8.891397050194612
dirichlet,,0.2915536165237427,0.9502984285354614,10,0.22028636932373047,8.891397050194612
dirichlet,,0.3165396451950073,1.0321496725082397,9,0.24781936407089233,8.891397050194612
dirichlet,,0.341987669467926,0.9357781410217285,11,0.2101811170578003,8.891397050194612
dirichlet,,0.2848014831542969,0.9504755735397339,10,0.18379732966423035,8.891397050194612
dirichlet,,0.27093666791915894,1.0672967433929443,10,0.15745601058006287,8.891397050194612
dirichlet,,0.3092477321624756,0.995745837688446,11,0.31635749340057373,8.891397050194612
dirichlet,,0.32071399688720703,1.0217037200927734,11,0.16452229022979736,8.891397050194612
dirichlet,,0.2952904999256134,1.0197508335113525,12,0.18286572396755219,8.891397050194612
dirichlet,,0.2742367088794708,1.1407254934310913,11,0.27222371101379395,8.891397050194612
dirichlet,,0.3038637638092041,1.0592420101165771,10,0.2578132450580597,8.891397050194612
dirichlet,,0.286121666431427,1.0689723491668701,11,0.15388867259025574,8.891397050194612
dirichlet,,0.297086626291275,1.0344401597976685,11,0.15715202689170837,8.891397050194612
dirichlet,,0.3019433915615082,1.0651966333389282,11,0.20459747314453125,8.891397050194612
dirichlet,,0.3177320957183838,1.0246729850769043,11,0.2018444836139679,8.891397050194612
dirichlet,,0.2699081599712372,1.0796552896499634,12,0.25171032547950745,8.891397050194612
dirichlet,,0.3361920714378357,1.031383991241455,11,0.3007974624633789,8.891397050194612
dirichlet,,0.31843534111976624,0.9795783758163452,10,0.18258416652679443,8.891397050194612
dirichlet,,0.3065415620803833,1.1255598068237305,11,0.2141294777393341,8.891397050194612
dirichlet,,0.28044593334198,1.0293406248092651,9,0.319823682308197,8.891397050194612
dirichlet,,0.2912868857383728,1.067954182624817,11,0.2321663498878479,8.891397050194612
dirichlet,,0.3007625341415405,1.0687881708145142,11,0.3089834451675415,8.891397050194612
dirichlet,,0.32547613978385925,0.9866964221000671,11,0.1927272528409958,8.891397050194612
dirichlet,,0.31663551926612854,1.0111992359161377,11,0.2391088306903839,8.891397050194612
dirichlet,,0.272140771150589,1.101885437965393,12,0.1991322934627533,8.891397050194612
dirichlet,,0.3278414309024811,1.0937786102294922,10,0.31389421224594116,8.891397050194612
dirichlet,,0.32599911093711853,1.0686609745025635,10,0.18415823578834534,8.891397050194612
dirichlet,,0.312791645526886,0.9821532368659973,11,0.21043524146080017,8.891397050194612
dirichlet,,0.273533433675766,0.9794819951057434,11,0.2321053147315979,8.891397050194612
dirichlet,,0.3209378123283386,1.0328623056411743,9,0.22630435228347778,8.891397050194612
dirichlet,,0.28704047203063965,1.0179111957550049,11,0.264210045337677,8.891397050194612
dirichlet,,0.3225058615207672,1.0175172090530396,12,0.15935376286506653,8.891397050194612
dirichlet,,0.3090829849243164,0.9830456972122192,10,0.20892655849456787,8.891397050194612
dirichlet,,0.3407585918903351,1.060969591140747,10,0.274644672870636,8.891397050194612
dirichlet,,0.26931142807006836,0.991006076335907,11,0.21695548295974731,8.891397050194612
dirichlet,,0.30786049365997314,1.0201518535614014,11,0.20176851749420166,8.891397050194612
dirichlet,,0.28400304913520813,1.1214184761047363,11,0.2596970796585083,8.891397050194612
dirichlet,,0.3064999282360077,1.0803911685943604,11,0.2515867054462433,8.891397050194612
dirichlet,,0.3286738097667694,1.039419412612915,11,0.18760189414024353,8.891397050194612
dirichlet,,0.28294631838798523,1.0754941701889038,10,0.24446529150009155,8.891397050194612
dirichlet,,0.29352426528930664,1.0984481573104858,9,0.2378925383090973,8.891397050194612
dirichlet,,0.29986315965652466,0.9861425161361694,11,0.23766955733299255,8.891397050194612
dirichlet,,0.2602303922176361,1.0060842037200928,11,0.20850740373134613,8.891397050194612
dirichlet,,0.3200904130935669,1.0550808906555176,10,0.2578963041305542,8.891397050194612
dirichlet,,0.30971306562423706,1.0300648212432861,9,0.2638154625892639,8.891397050194612
dirichlet,,0.29711633920669556,0.9038251638412476,9,0.24262291193008423,8.891397050194612
dirichlet,,0.27985134720802307,0.9763145446777344,9,0.15492752194404602,8.891397050194612
dirichlet,,0.29741692543029785,1.0027719736099243,10,0.26689139008522034,8.891397050194612
dirichlet,,0.3116360604763031,0.9673002362251282,11,0.1814008355140686,8.891397050194612
dirichlet,,0.30726882815361023,0.9988963007926941,10,0.24702462553977966,8.891397050194612
dirichlet,,0.28603753447532654,1.0812978744506836,10,0.23740330338478088,8.891397050194612
dirichlet,,0.3211110234260559,1.0134459733963013,11,0.26728662848472595,8.891397050194612
dirichlet,,0.28562214970588684,1.017995834350586,10,0.2287006676197052,8.891397050194612
dirichlet,,0.312539666891098,1.0310488939285278,11,0.21459774672985077,8.891397050194612
dirichlet,,0.30164390802383423,0.9419527053833008,10,0.18727853894233704,8.891397050194612
dirichlet,,0.28499341011047363,1.0728118419647217,11,0.2296672761440277,8.891397050194612
dirichlet,,0.30398014187812805,1.0356632471084595,12,0.2954181134700775,8.891397050194612
dirichlet,,0.3184884488582611,1.0129430294036865,10,0.18745961785316467,8.891397050194612
dirichlet,,0.2878975570201874,1.0042407512664795,10,0.2704007923603058,8.891397050194612
dirichlet,,0.3299400806427002,0.9690071940422058,11,0.18377290666103363,8.891397050194612
dirichlet,,0.2732941210269928,1.0207700729370117,10,0.20524388551712036,8.891397050194612
dirichlet,,0.317922443151474,0.96968013048172,11,0.24244678020477295,8.891397050194612
dirichlet,,0.31909891963005066,1.1198939085006714,10,0.24949926137924194,8.891397050194612
dirichlet,,0.27157989144325256,1.0149332284927368,12,0.31271231174468994,8.891397050194612
dirichlet,,0.3153191804885864,0.9515657424926758,11,0.23668429255485535,8.891397050194612
dirichlet,,0.3363935053348541,0.9561039805412292,11,0.29140886664390564,8.891397050194612
dirichlet,,0.2897098958492279,1.0070269107818604,10,0.21660900115966797,8.891397050194612
dirichlet,,0.28071072697639465,1.0931642055511475,11,0.15948441624641418,8.891397050194612
dirichlet,,0.28926995396614075,0.9823014140129089,9,0.2198134958744049,8.891397050194612
dirichlet,,0.2906438708305359,0.9911773800849915,10,0.23133006691932678,8.891397050194612
dirichlet,,0.3337624669075012,1.0902135372161865,9,0.20489507913589478,8.891397050194612
dirichlet,,0.3121228516101837,0.9976184964179993,11,0.25828999280929565,8.891397050194612
dirichlet,,0.29363903403282166,1.0742290019989014,12,0.2760445475578308,8.891397050194612
dirichlet,,0.3171633183956146,1.090423822402954,10,0.2636614441871643,8.891397050194612
dirichlet,,0.29197007417678833,1.0661457777023315,11,0.25721725821495056,8.891397050194612
dirichlet,,0.298317551612854,0.9662120938301086,10,0.18958833813667297,8.891397050194612
dirichlet,,0.3069920539855957,0.9964828491210938,10,0.16932380199432373,8.891397050194612
dirichlet,,0.2899169325828552,1.0478655099868774,10,0.21207083761692047,8.891397050194612
dirichlet,,0.3136873245239258,1.0778590440750122,10,0.27185940742492676,8.891397050194612
dirichlet,,0.3030141294002533,0.9908970594406128,9,0.20767036080360413,8.891397050194612
dirichlet,,0.2764228582382202,1.0788166522979736,10,0.2522628903388977,8.891397050194612
dirichlet,,0.3137109875679016,1.0815658569335938,10,0.24660302698612213,8.891397050194612
dirichlet,,0.29774656891822815,1.0388787984848022,12,0.3201148509979248,8.891397050194612
dirichlet,,0.3033997416496277,0.9916475415229797,11,0.23936162889003754,8.891397050194612
dirichlet,,0.3322702646255493,1.022460699081421,9,0.24001577496528625,8.891397050194612
dirichlet,,0.2962664067745209,1.1042578220367432,10,0.23205643892288208,8.891397050194612
dirichlet,,0.3146982491016388,1.0036815404891968,10,0.27016445994377136,8.891397050194612
dirichlet,,0.25999656319618225,1.1326462030410767,11,0.22496028244495392,8.891397050194612
dirichlet,,0.2910698354244232,1.0048561096191406,9,0.18169526755809784,8.891397050194612
dirichlet,,0.31218233704566956,1.0298644304275513,10,0.21809795498847961,8.891397050194612
dirichlet,,0.28993403911590576,1.0297603607177734,11,0.22765401005744934,8.891397050194612
dirichlet,,0.30249518156051636,1.053194522857666,11,0.2059301882982254,8.891397050194612
dirichlet,,0.30773186683654785,1.0252764225006104,11,0.24067622423171997,8.891397050194612
dirichlet,,0.31255266070365906,1.0218114852905273,11,0.2665327489376068,8.891397050194612
dirichlet,,0.2928656339645386,1.0535138845443726,11,0.27794700860977173,8.891397050194612
dirichlet,,0.32417193055152893,0.989751935005188,10,0.21247318387031555,8.891397050194612
dirichlet,,0.30435946583747864,0.94990473985672,10,0.2205188274383545,8.891397050194612
dirichlet,,0.29217830300331116,1.099596381187439,10,0.24691930413246155,8.891397050194612
dirichlet,,0.3091025650501251,1.0851086378097534,11,0.22196994721889496,8.891397050194612
dirichlet,,0.2839437425136566,1.0462266206741333,8,0.24214833974838257,8.891397050194612
dirichlet,,0.3144706189632416,1.017370581626892,11,0.19551610946655273,8.891397050194612
dirichlet,,0.2683029770851135,1.143126130104065,10,0.25681400299072266,8.891397050194612
dirichlet,,0.30700621008872986,1.033290982246399,11,0.32594066858291626,8.891397050194612
dirichlet,,0.28483226895332336,1.0615615844726562,11,0.24026112258434296,8.891397050194612
dirichlet,,0.3197355568408966,1.0225138664245605,11,0.24014350771903992,8.891397050194612
dirichlet,,0.3025914430618286,1.020256519317627,10,0.19564899802207947,8.891397050194612
dirichlet,,0.3347752094268799,1.0708117485046387,11,0.35321617126464844,8.891397050194612
dirichlet,,0.28480467200279236,1.0474016666412354,10,0.2770918011665344,8.891397050194612
dirichlet,,0.2989320755004883,1.0728009939193726,8,0.307995080947876,8.891397050194612
dirichlet,,0.2902466952800751,1.0312449932098389,11,0.20869815349578857,8.891397050194612
dirichlet,,0.2673134505748749,1.001348614692688,10,0.149156391620636,8.891397050194612
dirichlet,,0.2788667678833008,1.0528955459594727,11,0.290816992521286,8.891397050194612
dirichlet,,0.31084752082824707,1.0272773504257202,11,0.23202458024024963,8.891397050194612
dirichlet,,0.3163619637489319,0.9511278867721558,11,0.29913151264190674,8.891397050194612
dirichlet,,0.25486987829208374,1.1043264865875244,12,0.19519470632076263,8.891397050194612
dirichlet,,0.27929002046585083,1.033316969871521,11,0.2820465564727783,8.891397050194612
dirichlet,,0.3161838948726654,1.0011646747589111,12,0.2586545944213867,8.891397050194612
dirichlet,,0.3233531713485718,0.9455546140670776,10,0.14875921607017517,8.891397050194612
dirichlet,,0.3483137786388397,1.0018465518951416,10,0.22503727674484253,8.891397050194612
dirichlet,,0.31724268198013306,1.0354986190795898,9,0.20184744894504547,8.891397050194612
dirichlet,,0.29856470227241516,1.0264570713043213,11,0.21726685762405396,8.891397050194612
dirichlet,,0.2861166000366211,0.9616462588310242,9,0.2061174064874649,8.891397050194612
dirichlet,,0.29763299226760864,1.0426243543624878,11,0.26919668912887573,8.891397050194612
dirichlet,,0.2771297097206116,1.0715326070785522,9,0.1966855674982071,8.891397050194612
dirichlet,,0.29299452900886536,1.0137261152267456,10,0.24890035390853882,8.891397050194612
dirichlet,,0.3114250600337982,1.006604790687561,11,0.17450733482837677,8.891397050194612
dirichlet,,0.2901250422000885,1.0338118076324463,10,0.18751393258571625,8.891397050194612
dirichlet,,0.3004307150840759,1.021378755569458,11,0.23719963431358337,8.891397050194612
dirichlet,,0.27986955642700195,1.0163967609405518,9,0.17363429069519043,8.891397050194612
dirichlet,,0.2917070686817169,1.0293234586715698,11,0.33217185735702515,8.891397050194612
dirichlet,,0.3221994936466217,1.0412662029266357,11,0.23396392166614532,8.891397050194612
dirichlet,,0.26164835691452026,1.0787765979766846,12,0.227687269449234,8.891397050194612
dirichlet,,0.3114030063152313,1.0987273454666138,9,0.2954248785972595,8.891397050194612
dirichlet,,0.28616002202033997,0.8999597430229187,11,0.19578467309474945,8.891397050194612
dirichlet,,0.32781001925468445,1.0094965696334839,11,0.21884292364120483,8.891397050194612
dirichlet,,0.2913473844528198,1.0012242794036865,10,0.23641765117645264,8.891397050194612
dirichlet,,0.2959568202495575,1.0846964120864868,11,0.34104520082473755,8.891397050194612
dirichlet,,0.30334362387657166,1.0482861995697021,10,0.24249163269996643,8.891397050194612
dirichlet,,0.3092944920063019,0.9815403819084167,10,0.18348754942417145,8.891397050194612
dirichlet,,0.29365986585617065,1.0795164108276367,11,0.2633857727050781,8.891397050194612
dirichlet,,0.28961771726608276,0.9889271855354309,10,0.29572007060050964,8.891397050194612
dirichlet,,0.2819213271141052,1.035636305809021,10,0.19492632150650024,8.891397050194612
dirichlet,,0.3342483639717102,0.9109699130058289,11,0.1926567107439041,8.891397050194612
dirichlet,,0.297317773103714,1.036271333694458,11,0.17104016244411469,8.891397050194612
dirichlet,,0.30897530913352966,1.048398733139038,10,0.12445366382598877,8.891397050194612
dirichlet,,0.3008359968662262,1.0512924194335938,12,0.19752369821071625,8.891397050194612
dirichlet,,0.29449525475502014,1.053492784500122,10,0.26889464259147644,8.891397050194612
dirichlet,,0.2894616723060608,1.0080015659332275,11,0.20224958658218384,8.891397050194612
dirichlet,,0.3018481731414795,1.0190486907958984,10,0.2014157623052597,8.891397050194612
dirichlet,,0.27995413541793823,1.0366498231887817,10,0.2582598924636841,8.891397050194612
dirichlet,,0.34327802062034607,1.0052275657653809,11,0.19132259488105774,8.891397050194612
dirichlet,,0.3205633759498596,1.0841923952102661,11,0.2233816534280777,8.891397050194612
dirichlet,,0.28977397084236145,0.9381930232048035,10,0.25707435607910156,8.891397050194612
dirichlet,,0.294461727142334,0.9244696497917175,10,0.26947838068008423,8.891397050194612
dirichlet,,0.2738298177719116,1.0224974155426025,9,0.2636381983757019,8.891397050194612
dirichlet,,0.31915083527565,1.020780324935913,11,0.25734853744506836,8.891397050194612
dirichlet,,0.30043351650238037,0.9899266362190247,10,0.19747936725616455,8.891397050194612
dirichlet,,0.3217647075653076,1.016168236732483,11,0.1976538747549057,8.891397050194612
dirichlet,,0.2810145914554596,1.114661455154419,10,0.19231615960597992,8.891397050194612
dirichlet,,0.27837201952934265,1.0911362171173096,11,0.17755241692066193,8.891397050194612
dirichlet,,0.3078293204307556,1.0391775369644165,10,0.2524048388004303,8.891397050194612
dirichlet,,0.3014681339263916,0.9929984211921692,11,0.218715637922287,8.891397050194612
dirichlet,,0.32258549332618713,1.0385137796401978,10,0.270333468914032,8.891397050194612
dirichlet,,0.28624385595321655,1.085050344467163,12,0.24063389003276825,8.891397050194612
dirichlet,,0.3087393045425415,1.0540533065795898,10,0.1729913055896759,8.891397050194612
dirichlet,,0.3092706501483917,0.9800432324409485,10,0.2980859577655792,8.891397050194612
dirichlet,,0.3002104163169861,1.0128262042999268,9,0.27238529920578003,8.891397050194612
dirichlet,,0.31136417388916016,1.0323073863983154,11,0.20633605122566223,8.891397050194612
dirichlet,,0.31139105558395386,1.0365434885025024,9,0.2510308027267456,8.891397050194612
dirichlet,,0.29162269830703735,1.024886131286621,10,0.21153397858142853,8.891397050194612
dirichlet,,0.3056337535381317,1.0440038442611694,10,0.22337424755096436,8.891397050194612
dirichlet,,0.2712736129760742,1.0546318292617798,11,0.21436287462711334,8.891397050194612
dirichlet,,0.2820465564727783,0.9117302894592285,9,0.3299235999584198,8.891397050194612
dirichlet,,0.2936864197254181,1.015700101852417,11,0.17966586351394653,8.891397050194612
dirichlet,,0.2961740493774414,0.9663273096084595,10,0.28566914796829224,8.891397050194612
dirichlet,,0.29182004928588867,1.0743653774261475,9,0.19848398864269257,8.891397050194612
dirichlet,,0.299900621175766,1.0104565620422363,11,0.1652148962020874,8.891397050194612
dirichlet,,0.30822470784187317,1.047629714012146,10,0.2223157286643982,8.891397050194612
dirichlet,,0.29700666666030884,1.0338733196258545,12,0.21830038726329803,8.891397050194612
dirichlet,,0.282910019159317,1.0650216341018677,9,0.20221677422523499,8.891397050194612
dirichlet,,0.289447158575058,1.0721728801727295,11,0.29720598459243774,8.891397050194612
dirichlet,,0.32245081663131714,1.1083800792694092,10,0.2349221557378769,8.891397050194612
dirichlet,,0.2947251796722412,1.0353665351867676,9,0.28505635261535645,8.891397050194612
dirichlet,,0.30732572078704834,1.0322211980819702,9,0.1959467977285385,8.891397050194612
dirichlet,,0.3186897933483124,0.9858095049858093,10,0.2753811478614807,8.891397050194612
dirichlet,,0.3387085199356079,1.099003791809082,9,0.22006283700466156,8.891397050194612
dirichlet,,0.31875079870224,1.0063060522079468,11,0.29339665174484253,8.891397050194612
dirichlet,,0.32776159048080444,0.9889556169509888,10,0.2624931335449219,8.891397050194612
dirichlet,,0.3261837363243103,0.9916740655899048,9,0.23850500583648682,8.891397050194612
dirichlet,,0.2517041862010956,1.0934146642684937,11,0.28590378165245056,8.891397050194612
dirichlet,,0.3064509630203247,1.0666863918304443,11,0.29258379340171814,8.891397050194612
dirichlet,,0.2880786061286926,1.0456827878952026,11,0.22695621848106384,8.891397050194612
dirichlet,,0.29958197474479675,1.0768921375274658,12,0.1805751919746399,8.891397050194612
dirichlet,,0.29078418016433716,1.0676854848861694,11,0.21843378245830536,8.891397050194612
dirichlet,,0.3117080330848694,0.9984350204467773,10,0.2224649339914322,8.891397050194612
dirichlet,,0.3099398910999298,1.0629106760025024,10,0.21661627292633057,8.891397050194612
dirichlet,,0.2859773337841034,0.9246358871459961,10,0.2614445686340332,8.891397050194612
dirichlet,,0.2965759038925171,1.0660916566848755,11,0.26671919226646423,8.891397050194612
dirichlet,,0.3090141713619232,1.0154757499694824,10,0.251592218875885,8.891397050194612
dirichlet,,0.3115226626396179,1.0551975965499878,10,0.3489104211330414,8.891397050194612
dirichlet,,0.2688608169555664,1.1235578060150146,9,0.24913018941879272,8.891397050194612
dirichlet,,0.30863261222839355,1.018163800239563,10,0.21118688583374023,8.891397050194612
dirichlet,,0.2679458558559418,1.183899164199829,10,0.1890595704317093,8.891397050194612
dirichlet,,0.30195367336273193,1.0210661888122559,11,0.23091763257980347,8.891397050194612
dirichlet,,0.3111947476863861,1.0496790409088135,10,0.26062145829200745,8.891397050194612
dirichlet,,0.3014921247959137,1.0150409936904907,11,0.23428785800933838,8.891397050194612
dirichlet,,0.29675132036209106,1.0064457654953003,10,0.20840604603290558,8.891397050194612
dirichlet,,0.25749728083610535,0.970799446105957,11,0.2551364600658417,8.891397050194612
dirichlet,,0.3220609724521637,1.0361204147338867,11,0.3784230053424835,8.891397050194612
dirichlet,,0.3085055351257324,0.9839725494384766,10,0.27305278182029724,8.891397050194612
dirichlet,,0.3223096430301666,1.029647946357727,9,0.2794179320335388,8.891397050194612
dirichlet,,0.33161860704421997,1.0100195407867432,11,0.3696877360343933,8.891397050194612
dirichlet,,0.28839290142059326,1.1572449207305908,12,0.2428412139415741,8.891397050194612
dirichlet,,0.33363044261932373,1.057619571685791,11,0.19947883486747742,8.891397050194612
dirichlet,,0.29557353258132935,0.986238956451416,11,0.21234703063964844,8.891397050194612
dirichlet,,0.31200864911079407,1.0825141668319702,11,0.19133403897285461,8.891397050194612
dirichlet,,0.2688772678375244,1.1265692710876465,11,0.2659737765789032,8.891397050194612
dirichlet,,0.3039642572402954,1.0605332851409912,11,0.27201372385025024,8.891397050194612
dirichlet,,0.3153385818004608,1.1654020547866821,8,0.2914002537727356,8.891397050194612
dirichlet,,0.2887183129787445,1.0052591562271118,11,0.21135985851287842,8.891397050194612
dirichlet,,0.29989659786224365,0.9882976412773132,10,0.22491852939128876,8.891397050194612
dirichlet,,0.28781336545944214,1.0049940347671509,10,0.21213480830192566,8.891397050194612
dirichlet,,0.2999137043952942,1.1203137636184692,11,0.26340797543525696,8.891397050194612
dirichlet,,0.2875896096229553,1.122677206993103,11,0.2094956636428833,8.891397050194612
dirichlet,,0.29446977376937866,1.0871005058288574,10,0.21728470921516418,8.891397050194612
dirichlet,,0.2982216477394104,1.0368435382843018,11,0.21944859623908997,8.891397050194612
dirichlet,,0.34602051973342896,1.1369826793670654,11,0.2734018564224243,8.891397050194612
dirichlet,,0.3003407120704651,1.0962480306625366,11,0.22655180096626282,8.891397050194612
dirichlet,,0.3329460024833679,1.0497483015060425,11,0.2336372435092926,8.891397050194612
dirichlet,,0.3094472289085388,1.0352404117584229,10,0.3121541738510132,8.891397050194612
dirichlet,,0.3030795156955719,1.0408093929290771,11,0.190534770488739,8.891397050194612
dirichlet,,0.2844393253326416,1.0631258487701416,11,0.2874768078327179,8.891397050194612
dirichlet,,0.31449446082115173,1.0047674179077148,11,0.21204447746276855,8.891397050194612
dirichlet,,0.2939909100532532,1.0329794883728027,10,0.19963306188583374,8.891397050194612
dirichlet,,0.2873751223087311,1.0933749675750732,11,0.1898404061794281,8.891397050194612
dirichlet,,0.3241780400276184,0.9659686088562012,10,0.20507560670375824,8.891397050194612
dirichlet,,0.2920864522457123,1.0921152830123901,9,0.26857301592826843,8.891397050194612
dirichlet,,0.3005453050136566,1.0844604969024658,10,0.25824660062789917,8.891397050194612
dirichlet,,0.2816423773765564,1.0439053773880005,9,0.23156189918518066,8.891397050194612
dirichlet,,0.2984161972999573,1.0222582817077637,10,0.28526103496551514,8.891397050194612
dirichlet,,0.2640531659126282,1.1122790575027466,11,0.21060433983802795,8.891397050194612
dirichlet,,0.34626755118370056,1.0768814086914062,10,0.18159715831279755,8.891397050194612
dirichlet,,0.30302077531814575,1.0434503555297852,11,0.2511746883392334,8.891397050194612
dirichlet,,0.24872863292694092,1.0361086130142212,10,0.22318407893180847,8.891397050194612
dirichlet,,0.28225815296173096,0.9910184144973755,10,0.2351934313774109,8.891397050194612
dirichlet,,0.2898170053958893,1.0096951723098755,11,0.2361326664686203,8.891397050194612
dirichlet,,0.31819069385528564,1.0259325504302979,10,0.33224016427993774,8.891397050194612
dirichlet,,0.30696237087249756,0.9578549265861511,11,0.27921420335769653,8.891397050194612
dirichlet,,0.25506240129470825,1.0142948627471924,11,0.17486156523227692,8.891397050194612
dirichlet,,0.309020072221756,1.0444767475128174,11,0.22218164801597595,8.891397050194612
dirichlet,,0.2877380847930908,1.0217244625091553,10,0.19009408354759216,8.891397050194612
dirichlet,,0.2927383482456207,1.0509153604507446,10,0.20791314542293549,8.891397050194612
dirichlet,,0.31046825647354126,1.052103877067566,11,0.17355504631996155,8.891397050194612
dirichlet,,0.29922348260879517,1.0948582887649536,11,0.22941182553768158,8.891397050194612
dirichlet,,0.2847657799720764,1.0307152271270752,11,0.16480669379234314,8.891397050194612
dirichlet,,0.27338534593582153,1.0407906770706177,11,0.21182452142238617,8.891397050194612
dirichlet,,0.31034526228904724,1.0533604621887207,11,0.2973528504371643,8.891397050194612
dirichlet,,0.29803863167762756,1.0983271598815918,12,0.20745402574539185,8.891397050194612
dirichlet,,0.3012405335903168,1.018436074256897,10,0.24649271368980408,8.891397050194612
dirichlet,,0.35075843334198,1.015966773033142,11,0.19869062304496765,8.891397050194612
dirichlet,,0.30126699805259705,1.0006123781204224,10,0.24579541385173798,8.891397050194612
dirichlet,,0.2898789048194885,0.9873092770576477,10,0.2073841542005539,8.891397050194612
dirichlet,,0.2926785349845886,1.1143929958343506,11,0.2544385492801666,8.891397050194612
dirichlet,,0.3067247271537781,0.9217687845230103,10,0.38223713636398315,8.891397050194612
dirichlet,,0.33611395955085754,1.10293710231781,11,0.225041925907135,8.891397050194612
dirichlet,,0.3199481666088104,1.0518323183059692,9,0.21755698323249817,8.891397050194612
dirichlet,,0.3184853494167328,0.9869354367256165,11,0.39366114139556885,8.891397050194612
dirichlet,,0.3195876181125641,1.00821852684021,10,0.22708965837955475,8.891397050194612
dirichlet,,0.3066268861293793,1.1761810779571533,11,0.2587311863899231,8.891397050194612
dirichlet,,0.3161473274230957,1.0584280490875244,11,0.22721874713897705,8.891397050194612
dirichlet,,0.2380700558423996,1.0636131763458252,10,0.23989760875701904,8.891397050194612
dirichlet,,0.3053685128688812,0.9489040374755859,11,0.2810578942298889,8.891397050194612
dirichlet,,0.3121424913406372,1.0062026977539062,12,0.15751832723617554,8.891397050194612
dirichlet,,0.2957318425178528,0.9590810537338257,11,0.2472955733537674,8.891397050194612
dirichlet,,0.30668842792510986,1.023476243019104,10,0.23386143147945404,8.891397050194612
dirichlet,,0.27638301253318787,1.082924723625183,11,0.23980118334293365,8.891397050194612
dirichlet,,0.3236927092075348,1.0556279420852661,11,0.2835564613342285,8.891397050194612
dirichlet,,0.2811572849750519,1.0679798126220703,10,0.18792366981506348,8.891397050194612
dirichlet,,0.32595035433769226,0.9741045832633972,11,0.261944055557251,8.891397050194612
dirichlet,,0.2948552072048187,1.0618698596954346,11,0.19010192155838013,8.891397050194612
dirichlet,,0.2612414062023163,1.0385764837265015,10,0.23211990296840668,8.891397050194612
dirichlet,,0.32322928309440613,1.033670425415039,10,0.26566702127456665,8.891397050194612
dirichlet,,0.3226437568664551,1.0314877033233643,11,0.2295275330543518,8.891397050194612
dirichlet,,0.2787182033061981,1.0219566822052002,11,0.2385602444410324,8.891397050194612
dirichlet,,0.3315439522266388,1.0669877529144287,11,0.26093733310699463,8.891397050194612
dirichlet,,0.3067973554134369,1.047550082206726,10,0.17349325120449066,8.891397050194612
dirichlet,,0.30218684673309326,1.1205415725708008,10,0.18851739168167114,8.891397050194612
dirichlet,,0.28757527470588684,1.0214674472808838,11,0.19867686927318573,8.891397050194612
dirichlet,,0.3139354884624481,1.0614656209945679,11,0.24106088280677795,8.891397050194612
dirichlet,,0.3196968138217926,1.079662561416626,10,0.1993025541305542,8.891397050194612
dirichlet,,0.3165753483772278,1.0460739135742188,9,0.20257891714572906,8.891397050194612
dirichlet,,0.3086252808570862,1.0615408420562744,12,0.23222774267196655,8.891397050194612
dirichlet,,0.2980085611343384,1.0922634601593018,11,0.1884060800075531,8.891397050194612
dirichlet,,0.31870731711387634,0.925357460975647,9,0.1715567260980606,8.891397050194612
dirichlet,,0.31049561500549316,1.111904501914978,10,0.23205581307411194,8.891397050194612
dirichlet,,0.29786625504493713,1.0180995464324951,11,0.22646617889404297,8.891397050194612
dirichlet,,0.3057960867881775,1.1656858921051025,10,0.20532673597335815,8.891397050194612
dirichlet,,0.268730103969574,1.0771281719207764,11,0.21906189620494843,8.891397050194612
dirichlet,,0.3167956471443176,0.9591366648674011,9,0.22604525089263916,8.891397050194612
dirichlet,,0.28738874197006226,1.0172079801559448,10,0.18534231185913086,8.891397050194612
dirichlet,,0.30198678374290466,1.1061491966247559,11,0.15859520435333252,8.891397050194612
dirichlet,,0.33190932869911194,0.9752128720283508,11,0.25217580795288086,8.891397050194612
dirichlet,,0.31837552785873413,1.0716712474822998,12,0.1784093677997589,8.891397050194612
dirichlet,,0.30086472630500793,0.988287627696991,10,0.20000478625297546,8.891397050194612
dirichlet,,0.2970656156539917,1.069018006324768,11,0.18379786610603333,8.891397050194612
dirichlet,,0.3005135953426361,1.034974455833435,9,0.18289221823215485,8.891397050194612
dirichlet,,0.2849471867084503,1.0977957248687744,11,0.2951440215110779,8.891397050194612
dirichlet,,0.29261690378189087,1.0013693571090698,11,0.2765704393386841,8.891397050194612
dirichlet,,0.30457308888435364,0.9799398183822632,11,0.22926092147827148,8.891397050194612
dirichlet,,0.3146161139011383,1.0679574012756348,10,0.24965740740299225,8.891397050194612
dirichlet,,0.30673888325691223,1.0426996946334839,10,0.26494160294532776,8.891397050194612
dirichlet,,0.3117136061191559,1.0966562032699585,10,0.20709794759750366,8.891397050194612
dirichlet,,0.3249468505382538,1.0062788724899292,11,0.2889079451560974,8.891397050194612
dirichlet,,0.32274729013442993,0.9692063331604004,10,0.23469440639019012,8.891397050194612
dirichlet,,0.3170023560523987,0.9930736422538757,9,0.18451464176177979,8.891397050194612
dirichlet,,0.29631850123405457,1.091240644454956,10,0.2059534788131714,8.891397050194612
dirichlet,,0.2702745199203491,1.1354360580444336,11,0.1983613669872284,8.891397050194612
dirichlet,,0.29647162556648254,1.018361210823059,11,0.14061479270458221,8.891397050194612
dirichlet,,0.30233314633369446,0.9702140688896179,10,0.16652652621269226,8.891397050194612
dirichlet,,0.29649618268013,1.01252019405365,10,0.2615787386894226,11.856868528308274
dirichlet,,0.2888452112674713,1.1089235544204712,10,0.23998485505580902,11.856868528308274
dirichlet,,0.27594539523124695,0.994016170501709,9,0.22701260447502136,11.856868528308274
dirichlet,,0.3011723458766937,1.0997188091278076,11,0.2064487636089325,11.856868528308274
dirichlet,,0.2954036593437195,1.0017609596252441,10,0.1869896799325943,11.856868528308274
dirichlet,,0.3443032503128052,1.058013677597046,11,0.1367293745279312,11.856868528308274
dirichlet,,0.28038403391838074,1.025761604309082,11,0.2073168307542801,11.856868528308274
dirichlet,,0.31243523955345154,1.1166391372680664,11,0.21179310977458954,11.856868528308274
dirichlet,,0.31486836075782776,1.0297893285751343,10,0.22060267627239227,11.856868528308274
dirichlet,,0.2922106087207794,1.0870983600616455,10,0.18200138211250305,11.856868528308274
dirichlet,,0.3009081184864044,1.0820963382720947,12,0.29229792952537537,11.856868528308274
dirichlet,,0.29678094387054443,1.0207586288452148,11,0.2740746736526489,11.856868528308274
dirichlet,,0.30061066150665283,1.0160691738128662,10,0.22277286648750305,11.856868528308274
dirichlet,,0.28787949681282043,1.0497868061065674,12,0.1972000002861023,11.856868528308274
dirichlet,,0.29945671558380127,1.06476891040802,10,0.2371477484703064,11.856868528308274
dirichlet,,0.2872738540172577,1.0721428394317627,11,0.29069507122039795,11.856868528308274
dirichlet,,0.30466222763061523,1.007610559463501,10,0.24802900850772858,11.856868528308274
dirichlet,,0.269717812538147,1.0752484798431396,11,0.26558148860931396,11.856868528308274
dirichlet,,0.292047917842865,1.0354138612747192,9,0.17505155503749847,11.856868528308274
dirichlet,,0.2925560474395752,1.0176708698272705,10,0.24304988980293274,11.856868528308274
dirichlet,,0.28944775462150574,1.08513343334198,9,0.19357338547706604,11.856868528308274
dirichlet,,0.2980645000934601,1.0594688653945923,8,0.24939042329788208,11.856868528308274
dirichlet,,0.3147347867488861,0.9381381273269653,10,0.26644039154052734,11.856868528308274
dirichlet,,0.3200744092464447,1.0731184482574463,10,0.25829869508743286,11.856868528308274
dirichlet,,0.2765306234359741,1.0477806329727173,11,0.21884217858314514,11.856868528308274
dirichlet,,0.27953824400901794,1.0735031366348267,11,0.2598820626735687,11.856868528308274
dirichlet,,0.26925086975097656,1.047025442123413,10,0.18675021827220917,11.856868528308274
dirichlet,,0.31474941968917847,1.0285980701446533,11,0.2088415026664734,11.856868528308274
dirichlet,,0.3273903727531433,1.0431221723556519,11,0.25898921489715576,11.856868528308274
dirichlet,,0.29843616485595703,1.0326979160308838,10,0.20511624217033386,11.856868528308274
dirichlet,,0.28643670678138733,1.1251354217529297,10,0.1753222942352295,11.856868528308274
dirichlet,,0.3061642646789551,1.0349887609481812,10,0.2342205047607422,11.856868528308274
dirichlet,,0.2899254858493805,1.054926872253418,11,0.19443711638450623,11.856868528308274
dirichlet,,0.3113509714603424,1.0800920724868774,11,0.21526648104190826,11.856868528308274
dirichlet,,0.27378010749816895,1.0319511890411377,11,0.24003738164901733,11.856868528308274
dirichlet,,0.29479125142097473,1.0822252035140991,11,0.22414937615394592,11.856868528308274
dirichlet,,0.31727585196495056,0.9787934422492981,10,0.25022345781326294,11.856868528308274
dirichlet,,0.31881049275398254,1.0595977306365967,11,0.23352612555027008,11.856868528308274
dirichlet,,0.3122086822986603,1.012446641921997,11,0.18163751065731049,11.856868528308274
dirichlet,,0.30958622694015503,1.0369011163711548,12,0.1755959391593933,11.856868528308274
dirichlet,,0.3329985737800598,0.9374321699142456,10,0.22669751942157745,11.856868528308274
dirichlet,,0.31473252177238464,1.0875338315963745,10,0.25158125162124634,11.856868528308274
dirichlet,,0.2955709993839264,1.0013000965118408,12,0.1714622974395752,11.856868528308274
dirichlet,,0.29263439774513245,1.0627251863479614,8,0.2027105689048767,11.856868528308274
dirichlet,,0.31095704436302185,1.068206548690796,9,0.2433910071849823,11.856868528308274
dirichlet,,0.3049829304218292,0.9769169688224792,9,0.22629015147686005,11.856868528308274
dirichlet,,0.2675800621509552,1.0665090084075928,11,0.21010267734527588,11.856868528308274
dirichlet,,0.3023221790790558,1.0789506435394287,9,0.28820326924324036,11.856868528308274
dirichlet,,0.2978036105632782,1.0580635070800781,9,0.25257834792137146,11.856868528308274
dirichlet,,0.3240908086299896,1.0504761934280396,11,0.2771342992782593,11.856868528308274
dirichlet,,0.3016691207885742,1.0501315593719482,10,0.2074238657951355,11.856868528308274
dirichlet,,0.2885860800743103,1.0027908086776733,11,0.1927410513162613,11.856868528308274
dirichlet,,0.25857409834861755,1.005659818649292,10,0.3102632462978363,11.856868528308274
dirichlet,,0.33496618270874023,1.0161749124526978,10,0.2082841992378235,11.856868528308274
dirichlet,,0.3170011043548584,1.0878689289093018,10,0.27554285526275635,11.856868528308274
dirichlet,,0.27760928869247437,0.9523719549179077,9,0.20904991030693054,11.856868528308274
dirichlet,,0.2951624393463135,1.0423009395599365,10,0.1668962836265564,11.856868528308274
dirichlet,,0.3048226833343506,1.0316802263259888,11,0.18383142352104187,11.856868528308274
dirichlet,,0.2920246124267578,0.9829014539718628,11,0.17121419310569763,11.856868528308274
dirichlet,,0.2910596430301666,0.9731128811836243,11,0.22085963189601898,11.856868528308274
dirichlet,,0.28527915477752686,1.0774537324905396,11,0.3039827346801758,11.856868528308274
dirichlet,,0.30158868432044983,0.9864794611930847,11,0.29928770661354065,11.856868528308274
dirichlet,,0.3319455683231354,0.9995427131652832,10,0.2717668116092682,11.856868528308274
dirichlet,,0.3135778307914734,1.0242063999176025,10,0.20170003175735474,11.856868528308274
dirichlet,,0.3144564628601074,1.0164391994476318,11,0.22496840357780457,11.856868528308274
dirichlet,,0.30485665798187256,1.002280592918396,11,0.21150220930576324,11.856868528308274
dirichlet,,0.32725071907043457,1.009190320968628,11,0.18651795387268066,11.856868528308274
dirichlet,,0.2914981544017792,1.0852885246276855,11,0.1972905993461609,11.856868528308274
dirichlet,,0.29216358065605164,1.0293270349502563,10,0.23245199024677277,11.856868528308274
dirichlet,,0.2819631099700928,1.0673902034759521,9,0.24356812238693237,11.856868528308274
dirichlet,,0.30152809619903564,1.031093716621399,11,0.28824281692504883,11.856868528308274
dirichlet,,0.28826338052749634,1.0662295818328857,10,0.30724743008613586,11.856868528308274
dirichlet,,0.277592271566391,0.962759792804718,10,0.2234990894794464,11.856868528308274
dirichlet,,0.3143067955970764,1.0424073934555054,11,0.22921642661094666,11.856868528308274
dirichlet,,0.28785020112991333,1.0312302112579346,12,0.19443845748901367,11.856868528308274
dirichlet,,0.31063997745513916,1.028570532798767,10,0.23455816507339478,11.856868528308274
dirichlet,,0.3168621063232422,1.0615836381912231,10,0.3060287833213806,11.856868528308274
dirichlet,,0.2915162742137909,1.0683600902557373,10,0.22768759727478027,11.856868528308274
dirichlet,,0.33232519030570984,1.0630797147750854,10,0.2500614523887634,11.856868528308274
dirichlet,,0.30674922466278076,0.9856094121932983,10,0.2597348392009735,11.856868528308274
dirichlet,,0.3075207769870758,1.0567891597747803,10,0.23964422941207886,11.856868528308274
dirichlet,,0.3359007239341736,0.9835759997367859,10,0.26184287667274475,11.856868528308274
dirichlet,,0.27493223547935486,1.023996353149414,8,0.23810917139053345,11.856868528308274
dirichlet,,0.31202083826065063,1.0885378122329712,11,0.16044923663139343,11.856868528308274
dirichlet,,0.34641367197036743,1.029870867729187,10,0.1934041976928711,11.856868528308274
dirichlet,,0.2811611592769623,0.9853086471557617,10,0.2952316701412201,11.856868528308274
dirichlet,,0.28378763794898987,1.0348448753356934,11,0.2311536967754364,11.856868528308274
dirichlet,,0.2910223603248596,1.0127204656600952,11,0.2210361659526825,11.856868528308274
dirichlet,,0.2936435639858246,1.0311992168426514,10,0.23915386199951172,11.856868528308274
dirichlet,,0.29857030510902405,1.0162800550460815,10,0.20710325241088867,11.856868528308274
dirichlet,,0.28387269377708435,0.952315628528595,11,0.32162562012672424,11.856868528308274
dirichlet,,0.32849347591400146,0.9994805455207825,10,0.24555093050003052,11.856868528308274
dirichlet,,0.28374332189559937,0.9902917146682739,11,0.23193633556365967,11.856868528308274
dirichlet,,0.2959590554237366,1.1062949895858765,11,0.24836620688438416,11.856868528308274
dirichlet,,0.3064940869808197,1.060191035270691,10,0.3274024724960327,11.856868528308274
dirichlet,,0.3062913715839386,1.0585973262786865,12,0.3083987236022949,11.856868528308274
dirichlet,,0.29498833417892456,1.035982370376587,11,0.2878323793411255,11.856868528308274
dirichlet,,0.2850451171398163,1.0480921268463135,10,0.31879857182502747,11.856868528308274
dirichlet,,0.2862878739833832,0.9615141749382019,9,0.1878945529460907,11.856868528308274
dirichlet,,0.2999419569969177,1.0606919527053833,10,0.23397019505500793,11.856868528308274
dirichlet,,0.31398117542266846,1.048247218132019,11,0.24728477001190186,11.856868528308274
dirichlet,,0.3297909200191498,1.0178210735321045,10,0.2900591790676117,11.856868528308274
dirichlet,,0.3283080458641052,1.0280404090881348,10,0.19151857495307922,11.856868528308274
dirichlet,,0.27885380387306213,1.023707389831543,11,0.1703929603099823,11.856868528308274
dirichlet,,0.3059180974960327,1.0097225904464722,11,0.18293125927448273,11.856868528308274
dirichlet,,0.2710907757282257,1.029113531112671,11,0.23318302631378174,11.856868528308274
dirichlet,,0.3094703257083893,1.0249019861221313,11,0.24254105985164642,11.856868528308274
dirichlet,,0.2846943140029907,1.0541088581085205,11,0.14772678911685944,11.856868528308274
dirichlet,,0.33723390102386475,0.9572874903678894,11,0.287235289812088,11.856868528308274
dirichlet,,0.299610435962677,1.0814746618270874,10,0.24893079698085785,11.856868528308274
dirichlet,,0.30149751901626587,1.1290760040283203,9,0.2748658359050751,11.856868528308274
dirichlet,,0.31444260478019714,1.104888916015625,10,0.20948415994644165,11.856868528308274
dirichlet,,0.2818880081176758,0.9853097200393677,11,0.19635725021362305,11.856868528308274
dirichlet,,0.3008222281932831,1.0945650339126587,11,0.24365518987178802,11.856868528308274
dirichlet,,0.30735790729522705,1.1625725030899048,11,0.22449186444282532,11.856868528308274
dirichlet,,0.33078882098197937,1.0898512601852417,11,0.4111039638519287,11.856868528308274
dirichlet,,0.3276057541370392,0.995198130607605,11,0.23481668531894684,11.856868528308274
dirichlet,,0.29085543751716614,1.016443133354187,11,0.28701019287109375,11.856868528308274
dirichlet,,0.3017677664756775,1.0090090036392212,11,0.20783990621566772,11.856868528308274
dirichlet,,0.27268505096435547,1.0459344387054443,11,0.1623900681734085,11.856868528308274
dirichlet,,0.29846644401550293,1.0461688041687012,8,0.22112107276916504,11.856868528308274
dirichlet,,0.3090048134326935,1.072357177734375,11,0.23823276162147522,11.856868528308274
dirichlet,,0.26972898840904236,0.9983631372451782,11,0.21181687712669373,11.856868528308274
dirichlet,,0.29598212242126465,1.088893175125122,10,0.21901416778564453,11.856868528308274
dirichlet,,0.2868911623954773,1.1089482307434082,11,0.19210781157016754,11.856868528308274
dirichlet,,0.3018534183502197,1.048588514328003,11,0.26149749755859375,11.856868528308274
dirichlet,,0.2971948981285095,1.0427334308624268,11,0.29527997970581055,11.856868528308274
dirichlet,,0.28981050848960876,1.0599100589752197,11,0.22776702046394348,11.856868528308274
dirichlet,,0.2974317669868469,1.0435879230499268,10,0.24105244874954224,11.856868528308274
dirichlet,,0.3011697232723236,1.0011322498321533,10,0.1835314929485321,11.856868528308274
dirichlet,,0.30269870162010193,1.0510451793670654,10,0.21498388051986694,11.856868528308274
dirichlet,,0.31158190965652466,1.0154469013214111,10,0.21580928564071655,11.856868528308274
dirichlet,,0.2853786051273346,1.0983834266662598,10,0.2531696856021881,11.856868528308274
dirichlet,,0.29879230260849,1.0396530628204346,10,0.2773476839065552,11.856868528308274
dirichlet,,0.31569772958755493,1.0452666282653809,11,0.26000335812568665,11.856868528308274
dirichlet,,0.2874871492385864,1.0360769033432007,11,0.20099516212940216,11.856868528308274
dirichlet,,0.3218095898628235,1.0222456455230713,11,0.2279019057750702,11.856868528308274
dirichlet,,0.3204111158847809,1.0184454917907715,11,0.30070966482162476,11.856868528308274
dirichlet,,0.291561096906662,1.0251977443695068,10,0.21326544880867004,11.856868528308274
dirichlet,,0.3302668333053589,1.0146846771240234,10,0.222074955701828,11.856868528308274
dirichlet,,0.3008297085762024,1.0171159505844116,11,0.2902306914329529,11.856868528308274
dirichlet,,0.29128703474998474,1.0506103038787842,9,0.24151015281677246,11.856868528308274
dirichlet,,0.3367561101913452,1.048791527748108,12,0.2408428192138672,11.856868528308274
dirichlet,,0.29759544134140015,1.0632041692733765,9,0.2582746148109436,11.856868528308274
dirichlet,,0.28877389430999756,1.01776921749115,11,0.2626425623893738,11.856868528308274
dirichlet,,0.29593396186828613,1.0078933238983154,10,0.2138492316007614,11.856868528308274
dirichlet,,0.31305447220802307,0.918997585773468,9,0.25371628999710083,11.856868528308274
dirichlet,,0.27390170097351074,1.0352602005004883,12,0.25522321462631226,11.856868528308274
dirichlet,,0.2941621243953705,0.9955242872238159,9,0.21094898879528046,11.856868528308274
dirichlet,,0.29625123739242554,1.1017725467681885,10,0.24533267319202423,11.856868528308274
dirichlet,,0.28213635087013245,0.9890864491462708,11,0.27978751063346863,11.856868528308274
dirichlet,,0.3158244788646698,1.0887624025344849,11,0.1946069449186325,11.856868528308274
dirichlet,,0.2992834150791168,1.0366895198822021,11,0.22389766573905945,11.856868528308274
dirichlet,,0.28422409296035767,1.1574056148529053,10,0.2823246717453003,11.856868528308274
dirichlet,,0.3304096460342407,1.027313470840454,11,0.2741432785987854,11.856868528308274
dirichlet,,0.294916033744812,1.0384204387664795,11,0.21514534950256348,11.856868528308274
dirichlet,,0.28161633014678955,1.0003665685653687,10,0.18548035621643066,11.856868528308274
dirichlet,,0.2863990366458893,1.0266594886779785,11,0.26236245036125183,11.856868528308274
dirichlet,,0.2934059798717499,1.0679311752319336,10,0.25371643900871277,11.856868528308274
dirichlet,,0.2998899519443512,1.1585997343063354,10,0.3164737820625305,11.856868528308274
dirichlet,,0.2922014892101288,1.103380560874939,10,0.2511080503463745,11.856868528308274
dirichlet,,0.2903159260749817,0.9867795705795288,10,0.2495764195919037,11.856868528308274
dirichlet,,0.31320664286613464,1.0169707536697388,11,0.27256810665130615,11.856868528308274
dirichlet,,0.30842748284339905,1.0823438167572021,10,0.27261701226234436,11.856868528308274
dirichlet,,0.31354060769081116,0.9970472455024719,11,0.26962876319885254,11.856868528308274
dirichlet,,0.3150894343852997,1.0845625400543213,11,0.30022215843200684,11.856868528308274
dirichlet,,0.28124845027923584,1.019683599472046,10,0.22964373230934143,11.856868528308274
dirichlet,,0.3019207715988159,1.0247972011566162,9,0.22192692756652832,11.856868528308274
dirichlet,,0.2807261347770691,0.9908021092414856,10,0.2537389397621155,11.856868528308274
dirichlet,,0.30433109402656555,1.0521684885025024,10,0.2466433346271515,11.856868528308274
dirichlet,,0.3139490485191345,0.9866254925727844,9,0.21232803165912628,11.856868528308274
dirichlet,,0.3018353581428528,1.0066105127334595,10,0.16309598088264465,11.856868528308274
dirichlet,,0.2766847014427185,0.9826732873916626,11,0.2059815376996994,11.856868528308274
dirichlet,,0.3123213052749634,0.9830619096755981,10,0.22391167283058167,11.856868528308274
dirichlet,,0.3082110285758972,1.0485928058624268,10,0.19043882191181183,11.856868528308274
dirichlet,,0.30490410327911377,1.0226871967315674,9,0.20971664786338806,11.856868528308274
dirichlet,,0.29692673683166504,1.0003023147583008,10,0.16184143722057343,11.856868528308274
dirichlet,,0.3143034279346466,1.0633875131607056,11,0.30802080035209656,11.856868528308274
dirichlet,,0.31496182084083557,1.0335333347320557,10,0.21549543738365173,11.856868528308274
dirichlet,,0.30676624178886414,1.0623100996017456,10,0.2298312485218048,11.856868528308274
dirichlet,,0.2753540873527527,1.0789309740066528,12,0.2811104655265808,11.856868528308274
dirichlet,,0.3074533939361572,1.026275634765625,11,0.28825223445892334,11.856868528308274
dirichlet,,0.29474306106567383,1.0284887552261353,8,0.19893237948417664,11.856868528308274
dirichlet,,0.2909392714500427,1.0273230075836182,9,0.3136064410209656,11.856868528308274
dirichlet,,0.3028717041015625,1.0571033954620361,10,0.1785241663455963,11.856868528308274
dirichlet,,0.3015846014022827,1.01979660987854,11,0.26313626766204834,11.856868528308274
dirichlet,,0.2918107509613037,1.0479635000228882,10,0.23319783806800842,11.856868528308274
dirichlet,,0.26879629492759705,1.0050853490829468,9,0.2393687665462494,11.856868528308274
dirichlet,,0.3336390554904938,1.0772727727890015,11,0.2172667533159256,11.856868528308274
dirichlet,,0.2712307274341583,1.079721212387085,9,0.24655097723007202,11.856868528308274
dirichlet,,0.30396920442581177,1.0427281856536865,9,0.19485560059547424,11.856868528308274
dirichlet,,0.3182356655597687,0.9741520881652832,11,0.21337544918060303,11.856868528308274
dirichlet,,0.3105258345603943,1.0271174907684326,10,0.3039012551307678,11.856868528308274
dirichlet,,0.2950894236564636,0.9864766001701355,12,0.17920160293579102,11.856868528308274
dirichlet,,0.29686808586120605,1.0637972354888916,12,0.20933273434638977,11.856868528308274
dirichlet,,0.301898330450058,1.0122624635696411,10,0.1724623739719391,11.856868528308274
dirichlet,,0.30890145897865295,1.0571925640106201,11,0.23450104892253876,11.856868528308274
dirichlet,,0.29383835196495056,0.9797493815422058,9,0.26921117305755615,11.856868528308274
dirichlet,,0.2846223711967468,1.0228211879730225,10,0.2899319529533386,11.856868528308274
dirichlet,,0.3093062937259674,1.038010835647583,11,0.24303430318832397,11.856868528308274
dirichlet,,0.29036006331443787,0.9722679853439331,11,0.23011080920696259,11.856868528308274
dirichlet,,0.2947551906108856,1.1139596700668335,11,0.32769420742988586,11.856868528308274
dirichlet,,0.295941025018692,1.169592261314392,11,0.2129872739315033,11.856868528308274
dirichlet,,0.31539228558540344,1.0551835298538208,11,0.2549327611923218,11.856868528308274
dirichlet,,0.33759698271751404,1.025409460067749,11,0.2754058539867401,11.856868528308274
dirichlet,,0.2846495807170868,1.0717644691467285,10,0.24836042523384094,11.856868528308274
dirichlet,,0.29035472869873047,1.07201087474823,10,0.21990181505680084,11.856868528308274
dirichlet,,0.29890045523643494,1.034888505935669,10,0.2976667284965515,11.856868528308274
dirichlet,,0.29892590641975403,1.0267608165740967,9,0.2939024567604065,11.856868528308274
dirichlet,,0.31298187375068665,1.0021932125091553,11,0.20898142457008362,11.856868528308274
dirichlet,,0.31199169158935547,1.0968292951583862,12,0.26485615968704224,11.856868528308274
dirichlet,,0.28813305497169495,1.026350498199463,11,0.17128761112689972,11.856868528308274
dirichlet,,0.28749579191207886,0.951201319694519,10,0.18355394899845123,11.856868528308274
dirichlet,,0.2906985580921173,1.0807223320007324,9,0.2895684242248535,11.856868528308274
dirichlet,,0.3280947506427765,0.9612828493118286,11,0.2060331553220749,11.856868528308274
dirichlet,,0.3344351053237915,1.021449089050293,11,0.25754058361053467,11.856868528308274
dirichlet,,0.29932454228401184,1.0183992385864258,10,0.2486579418182373,11.856868528308274
dirichlet,,0.2970410883426666,1.057403326034546,11,0.1777149885892868,11.856868528308274
dirichlet,,0.28644347190856934,1.0411814451217651,11,0.27957531809806824,11.856868528308274
dirichlet,,0.2921184003353119,0.9626728296279907,11,0.20890283584594727,11.856868528308274
dirichlet,,0.3113269805908203,1.0445791482925415,11,0.24817906320095062,11.856868528308274
dirichlet,,0.2826513946056366,1.13137686252594,10,0.17050936818122864,11.856868528308274
dirichlet,,0.29909780621528625,1.0366966724395752,11,0.26727375388145447,11.856868528308274
dirichlet,,0.3188963830471039,1.0254201889038086,11,0.20471149682998657,11.856868528308274
dirichlet,,0.27255862951278687,1.0317658185958862,10,0.21728995442390442,11.856868528308274
dirichlet,,0.27061599493026733,1.0819987058639526,11,0.24325202405452728,11.856868528308274
dirichlet,,0.3048081398010254,1.0254336595535278,11,0.26002389192581177,11.856868528308274
dirichlet,,0.2827967405319214,1.0980554819107056,9,0.2768286466598511,11.856868528308274
dirichlet,,0.2923264503479004,1.0578604936599731,10,0.29559922218322754,11.856868528308274
dirichlet,,0.2956961393356323,1.118479609489441,11,0.2693800926208496,11.856868528308274
dirichlet,,0.29687952995300293,0.9844225645065308,10,0.24465307593345642,11.856868528308274
dirichlet,,0.28885653614997864,1.0425043106079102,11,0.23668548464775085,11.856868528308274
dirichlet,,0.32136818766593933,1.0411797761917114,10,0.20747001469135284,11.856868528308274
dirichlet,,0.293226420879364,0.9871457815170288,10,0.22698956727981567,11.856868528308274
dirichlet,,0.30157017707824707,1.1258248090744019,11,0.2883296012878418,11.856868528308274
dirichlet,,0.28237858414649963,1.0158687829971313,10,0.278371125459671,11.856868528308274
dirichlet,,0.3009743392467499,1.0342872142791748,12,0.2671685814857483,11.856868528308274
dirichlet,,0.2981908917427063,1.0831553936004639,11,0.22707168757915497,11.856868528308274
dirichlet,,0.27148985862731934,1.045445203781128,10,0.26947927474975586,11.856868528308274
dirichlet,,0.3083259165287018,0.9975569844245911,11,0.19330716133117676,11.856868528308274
dirichlet,,0.30387115478515625,1.1516690254211426,10,0.24365147948265076,11.856868528308274
dirichlet,,0.29384422302246094,0.9850168228149414,11,0.24651427567005157,11.856868528308274
dirichlet,,0.3482044041156769,1.0607311725616455,11,0.210046648979187,11.856868528308274
dirichlet,,0.2918280065059662,1.0833237171173096,10,0.27877578139305115,11.856868528308274
dirichlet,,0.2940669655799866,1.042024850845337,12,0.27179425954818726,11.856868528308274
dirichlet,,0.2928992211818695,1.0392277240753174,10,0.1904776245355606,11.856868528308274
dirichlet,,0.3231604993343353,1.046797513961792,10,0.19200195372104645,11.856868528308274
dirichlet,,0.2758261561393738,1.071799397468567,10,0.23998016119003296,11.856868528308274
dirichlet,,0.32411453127861023,0.9843918085098267,9,0.15286123752593994,11.856868528308274
dirichlet,,0.3141983449459076,1.053852915763855,10,0.26396727561950684,11.856868528308274
dirichlet,,0.2906937897205353,1.046730399131775,11,0.2773336172103882,11.856868528308274
dirichlet,,0.2988843321800232,0.962756335735321,10,0.2460692822933197,11.856868528308274
dirichlet,,0.2987813949584961,0.9945873022079468,10,0.21192176640033722,11.856868528308274
dirichlet,,0.32439368963241577,0.9973459243774414,10,0.251546174287796,11.856868528308274
dirichlet,,0.29866817593574524,1.0087740421295166,10,0.18869967758655548,11.856868528308274
dirichlet,,0.2997533977031708,1.0105931758880615,10,0.31828638911247253,11.856868528308274
dirichlet,,0.3032717704772949,1.0446274280548096,10,0.18933025002479553,11.856868528308274
dirichlet,,0.3167678117752075,1.0615969896316528,9,0.2747209668159485,11.856868528308274
dirichlet,,0.27780696749687195,0.9750667810440063,11,0.20945823192596436,11.856868528308274
dirichlet,,0.33001163601875305,0.97038334608078,10,0.2063404619693756,11.856868528308274
dirichlet,,0.28384077548980713,1.0096919536590576,9,0.2514868676662445,11.856868528308274
dirichlet,,0.3289222717285156,1.0594263076782227,11,0.30327361822128296,11.856868528308274
dirichlet,,0.3103275001049042,1.0150116682052612,10,0.2034822404384613,11.856868528308274
dirichlet,,0.2963036894798279,1.0003596544265747,10,0.2219437062740326,11.856868528308274
dirichlet,,0.2762377858161926,1.0887324810028076,10,0.2862147092819214,11.856868528308274
dirichlet,,0.309844970703125,1.0847225189208984,10,0.36249399185180664,11.856868528308274
dirichlet,,0.2972679138183594,1.0294122695922852,10,0.23843857645988464,11.856868528308274
dirichlet,,0.3152914047241211,0.932237982749939,11,0.1921451985836029,11.856868528308274
dirichlet,,0.274862676858902,1.0844461917877197,10,0.24122588336467743,11.856868528308274
dirichlet,,0.2911599576473236,1.0818933248519897,10,0.2882837653160095,11.856868528308274
dirichlet,,0.3099409341812134,1.035044550895691,10,0.2520977258682251,11.856868528308274
dirichlet,,0.3251399099826813,1.0062825679779053,10,0.22690409421920776,11.856868528308274
dirichlet,,0.32091405987739563,1.0020320415496826,11,0.30070948600769043,11.856868528308274
dirichlet,,0.3157641887664795,0.9594836235046387,10,0.2562878131866455,11.856868528308274
dirichlet,,0.3114228844642639,0.9604498147964478,11,0.33024507761001587,11.856868528308274
dirichlet,,0.32204779982566833,1.002547025680542,11,0.32798445224761963,11.856868528308274
dirichlet,,0.3240154981613159,1.058362603187561,11,0.2862814664840698,11.856868528308274
dirichlet,,0.29199299216270447,0.9479899406433105,9,0.2462189793586731,11.856868528308274
dirichlet,,0.29218533635139465,0.963360607624054,9,0.19950923323631287,11.856868528308274
dirichlet,,0.27664071321487427,1.0006142854690552,10,0.20731526613235474,11.856868528308274
dirichlet,,0.2808035910129547,1.0237160921096802,10,0.310538649559021,11.856868528308274
dirichlet,,0.2768940031528473,1.0086296796798706,11,0.1663047820329666,11.856868528308274
dirichlet,,0.3051747679710388,1.014493703842163,10,0.17465615272521973,11.856868528308274
dirichlet,,0.3033939301967621,1.0727144479751587,10,0.2291307896375656,11.856868528308274
dirichlet,,0.30251413583755493,0.9725813865661621,12,0.24444863200187683,11.856868528308274
dirichlet,,0.3095950186252594,1.0232291221618652,10,0.2459426075220108,11.856868528308274
dirichlet,,0.3132641613483429,1.0139801502227783,9,0.25964024662971497,11.856868528308274
dirichlet,,0.2886492908000946,1.119616150856018,11,0.24139568209648132,11.856868528308274
dirichlet,,0.3024803698062897,1.094093680381775,10,0.19511088728904724,11.856868528308274
dirichlet,,0.2849682569503784,1.1201796531677246,11,0.4098300039768219,11.856868528308274
dirichlet,,0.281013548374176,1.0835130214691162,10,0.21880605816841125,11.856868528308274
dirichlet,,0.28947940468788147,1.0875588655471802,8,0.21444052457809448,11.856868528308274
dirichlet,,0.28484025597572327,1.0039714574813843,11,0.23294813930988312,11.856868528308274
dirichlet,,0.284868448972702,1.0225788354873657,9,0.20902591943740845,11.856868528308274
dirichlet,,0.2897230088710785,1.0467147827148438,12,0.24488303065299988,11.856868528308274
dirichlet,,0.300643652677536,1.0488879680633545,11,0.23174279928207397,11.856868528308274
dirichlet,,0.2774485945701599,1.108177900314331,10,0.22053666412830353,11.856868528308274
dirichlet,,0.3250991404056549,1.019575834274292,10,0.19114390015602112,11.856868528308274
dirichlet,,0.29999834299087524,1.068088173866272,10,0.21248787641525269,11.856868528308274
dirichlet,,0.3022315204143524,0.9924219846725464,9,0.2172441929578781,11.856868528308274
dirichlet,,0.3119666278362274,1.0813276767730713,10,0.16227634251117706,11.856868528308274
dirichlet,,0.3242771029472351,0.9999617338180542,11,0.21008498966693878,11.856868528308274
dirichlet,,0.29287636280059814,1.0675725936889648,10,0.34785255789756775,11.856868528308274
dirichlet,,0.2772155702114105,1.0488038063049316,10,0.21054455637931824,11.856868528308274
dirichlet,,0.30397048592567444,1.004508376121521,10,0.30229371786117554,11.856868528308274
dirichlet,,0.2819678485393524,0.9843353033065796,11,0.17334872484207153,11.856868528308274
dirichlet,,0.2811599671840668,1.0574392080307007,10,0.29071730375289917,11.856868528308274
dirichlet,,0.27549099922180176,1.0762367248535156,11,0.22942619025707245,11.856868528308274
dirichlet,,0.2902213931083679,0.9932482838630676,9,0.19038744270801544,11.856868528308274
dirichlet,,0.30455753207206726,1.0045702457427979,11,0.1825788915157318,11.856868528308274
dirichlet,,0.28413915634155273,1.0403459072113037,9,0.2061404287815094,11.856868528308274
dirichlet,,0.26491424441337585,1.0607430934906006,11,0.1846735179424286,11.856868528308274
dirichlet,,0.3102140724658966,1.0432062149047852,11,0.23409494757652283,11.856868528308274
dirichlet,,0.312494695186615,1.0469729900360107,10,0.2393665611743927,11.856868528308274
dirichlet,,0.3201671242713928,0.9750534296035767,10,0.28131401538848877,11.856868528308274
dirichlet,,0.30114009976387024,0.974994957447052,9,0.32058462500572205,11.856868528308274
dirichlet,,0.2925567924976349,1.0491057634353638,9,0.218946635723114,11.856868528308274
dirichlet,,0.31678321957588196,0.9587671160697937,10,0.3384419083595276,11.856868528308274
dirichlet,,0.26819106936454773,1.0361096858978271,11,0.25217002630233765,11.856868528308274
dirichlet,,0.28740063309669495,1.0202312469482422,11,0.18832066655158997,11.856868528308274
dirichlet,,0.30568554997444153,0.980693519115448,10,0.2612808346748352,11.856868528308274
dirichlet,,0.2943198084831238,1.0422663688659668,11,0.23805999755859375,11.856868528308274
dirichlet,,0.30709218978881836,0.9752393960952759,11,0.22626721858978271,11.856868528308274
dirichlet,,0.3058657944202423,1.0599569082260132,9,0.18110382556915283,11.856868528308274
dirichlet,,0.3159228265285492,1.0724656581878662,10,0.2353486567735672,11.856868528308274
dirichlet,,0.30322352051734924,1.0084798336029053,10,0.24906674027442932,11.856868528308274
dirichlet,,0.30230897665023804,1.0425688028335571,9,0.22444561123847961,11.856868528308274
dirichlet,,0.3048169016838074,1.1619832515716553,12,0.22799667716026306,11.856868528308274
dirichlet,,0.2641822397708893,1.0929393768310547,11,0.11445621401071548,11.856868528308274
dirichlet,,0.27959898114204407,1.0468780994415283,12,0.2521507740020752,11.856868528308274
dirichlet,,0.3066405653953552,1.0449497699737549,11,0.24510420858860016,11.856868528308274
dirichlet,,0.2968146502971649,1.0550602674484253,10,0.2595275342464447,11.856868528308274
dirichlet,,0.29795894026756287,1.0687918663024902,10,0.27598583698272705,11.856868528308274
dirichlet,,0.2991136610507965,1.0679986476898193,11,0.1822546422481537,11.856868528308274
dirichlet,,0.30546846985816956,0.9841221570968628,9,0.18102245032787323,11.856868528308274
dirichlet,,0.3019494116306305,1.0060853958129883,11,0.24710941314697266,11.856868528308274
dirichlet,,0.316128671169281,1.0641710758209229,9,0.21173793077468872,11.856868528308274
dirichlet,,0.29242902994155884,1.1228272914886475,11,0.33849722146987915,11.856868528308274
dirichlet,,0.30688169598579407,1.0485070943832397,11,0.1645611971616745,11.856868528308274
dirichlet,,0.3057703673839569,1.014083743095398,10,0.27617236971855164,11.856868528308274
dirichlet,,0.29164204001426697,1.0911095142364502,9,0.25155574083328247,11.856868528308274
dirichlet,,0.2906494736671448,1.035699486732483,11,0.1902385652065277,11.856868528308274
dirichlet,,0.3306630849838257,1.008207082748413,11,0.2654355466365814,11.856868528308274
dirichlet,,0.2822498381137848,1.0624064207077026,10,0.17414481937885284,11.856868528308274
dirichlet,,0.263330340385437,1.0071020126342773,11,0.21546787023544312,11.856868528308274
dirichlet,,0.32258114218711853,1.03890061378479,11,0.18106655776500702,11.856868528308274
dirichlet,,0.3226556181907654,1.0819048881530762,10,0.27180996537208557,11.856868528308274
dirichlet,,0.2977360486984253,1.0540064573287964,10,0.3359164595603943,11.856868528308274
dirichlet,,0.30222761631011963,1.0638420581817627,12,0.20436690747737885,11.856868528308274
dirichlet,,0.30380406975746155,1.0145494937896729,10,0.21164466440677643,11.856868528308274
dirichlet,,0.29437923431396484,1.0306137800216675,10,0.26539552211761475,11.856868528308274
dirichlet,,0.3193765878677368,1.082764744758606,10,0.22799009084701538,11.856868528308274
dirichlet,,0.3105018734931946,1.0107601881027222,11,0.20531043410301208,11.856868528308274
dirichlet,,0.29983243346214294,1.034388542175293,11,0.20851615071296692,11.856868528308274
dirichlet,,0.3016602694988251,0.9623891711235046,10,0.21017149090766907,11.856868528308274
dirichlet,,0.305717408657074,1.030113697052002,11,0.30363935232162476,11.856868528308274
dirichlet,,0.31359636783599854,1.0457197427749634,10,0.29037582874298096,11.856868528308274
dirichlet,,0.2945643961429596,1.0044540166854858,11,0.16281245648860931,11.856868528308274
dirichlet,,0.3016725182533264,1.0085655450820923,10,0.2159397453069687,11.856868528308274
dirichlet,,0.2913300395011902,1.0295451879501343,10,0.19009381532669067,11.856868528308274
dirichlet,,0.3010680079460144,1.0452017784118652,10,0.294778972864151,11.856868528308274
dirichlet,,0.3185308277606964,0.9837139248847961,9,0.30915045738220215,11.856868528308274
dirichlet,,0.30016496777534485,1.075527310371399,11,0.2924428880214691,11.856868528308274
dirichlet,,0.320138156414032,1.0609946250915527,10,0.21233141422271729,11.856868528308274
dirichlet,,0.29840224981307983,1.0345044136047363,11,0.28542816638946533,11.856868528308274
dirichlet,,0.29315027594566345,1.0216056108474731,10,0.13794106245040894,11.856868528308274
dirichlet,,0.28762462735176086,1.0476081371307373,10,0.15811316668987274,11.856868528308274
dirichlet,,0.30162400007247925,1.0248937606811523,10,0.19343703985214233,11.856868528308274
dirichlet,,0.3148757815361023,0.9625225067138672,10,0.20578160881996155,11.856868528308274
dirichlet,,0.27478206157684326,1.0536751747131348,11,0.25749528408050537,11.856868528308274
dirichlet,,0.31933069229125977,0.9930025339126587,11,0.23718787729740143,11.856868528308274
dirichlet,,0.3350323736667633,1.0739450454711914,12,0.24199643731117249,11.856868528308274
dirichlet,,0.28459084033966064,1.0403592586517334,11,0.2815268635749817,11.856868528308274
dirichlet,,0.28465956449508667,1.0295445919036865,8,0.2557927668094635,11.856868528308274
dirichlet,,0.29324275255203247,1.0622743368148804,11,0.2407519817352295,11.856868528308274
dirichlet,,0.3059282898902893,1.0764546394348145,10,0.2741352915763855,11.856868528308274
dirichlet,,0.297982782125473,1.022700548171997,11,0.25744763016700745,11.856868528308274
dirichlet,,0.29037633538246155,1.0537408590316772,9,0.21031364798545837,11.856868528308274
dirichlet,,0.28954023122787476,1.0251986980438232,10,0.19511276483535767,11.856868528308274
dirichlet,,0.28782129287719727,1.0356959104537964,11,0.17768044769763947,11.856868528308274
dirichlet,,0.32069557905197144,1.0567916631698608,10,0.2071656882762909,11.856868528308274
dirichlet,,0.2830274999141693,1.0318835973739624,10,0.1874244660139084,11.856868528308274
dirichlet,,0.31099823117256165,1.0430347919464111,9,0.2799460291862488,11.856868528308274
dirichlet,,0.2854900360107422,1.0776598453521729,10,0.24048647284507751,11.856868528308274
dirichlet,,0.3021293878555298,1.0073856115341187,11,0.18327756226062775,11.856868528308274
dirichlet,,0.2790408134460449,1.012668251991272,10,0.17730671167373657,11.856868528308274
dirichlet,,0.3392066955566406,0.9911528825759888,10,0.20929160714149475,11.856868528308274
dirichlet,,0.2880372703075409,1.012335181236267,9,0.20732535421848297,11.856868528308274
dirichlet,,0.31532102823257446,1.0306713581085205,9,0.320764422416687,11.856868528308274
dirichlet,,0.28463441133499146,1.0613813400268555,9,0.21799154579639435,11.856868528308274
dirichlet,,0.30341044068336487,1.0278154611587524,10,0.25383681058883667,11.856868528308274
dirichlet,,0.3156152069568634,0.9715431332588196,11,0.27016741037368774,11.856868528308274
dirichlet,,0.28600525856018066,1.084572434425354,9,0.23178516328334808,11.856868528308274
dirichlet,,0.2888125479221344,1.029855728149414,9,0.28001612424850464,11.856868528308274
dirichlet,,0.3123047947883606,1.0200121402740479,11,0.19418171048164368,11.856868528308274
dirichlet,,0.33154481649398804,0.9454048275947571,11,0.3088967204093933,11.856868528308274
dirichlet,,0.29218414425849915,1.0539735555648804,10,0.23960867524147034,11.856868528308274
dirichlet,,0.3211960196495056,1.050280213356018,11,0.29144352674484253,11.856868528308274
dirichlet,,0.28344494104385376,1.0191195011138916,10,0.2073691338300705,11.856868528308274
dirichlet,,0.30753278732299805,1.0029417276382446,9,0.2742025852203369,11.856868528308274
dirichlet,,0.29799777269363403,1.0737173557281494,11,0.1870497465133667,15.811388300841895
dirichlet,,0.2991427481174469,1.0235809087753296,10,0.2392495721578598,15.811388300841895
dirichlet,,0.27043402194976807,1.079566240310669,10,0.23432715237140656,15.811388300841895
dirichlet,,0.29505062103271484,1.0337761640548706,10,0.2617379128932953,15.811388300841895
dirichlet,,0.30075663328170776,0.9438786506652832,10,0.22727304697036743,15.811388300841895
dirichlet,,0.29332926869392395,0.9537173509597778,11,0.2995927333831787,15.811388300841895
dirichlet,,0.30620601773262024,0.9918419122695923,11,0.21957352757453918,15.811388300841895
dirichlet,,0.32253754138946533,1.0545954704284668,11,0.21896545588970184,15.811388300841895
dirichlet,,0.3276354670524597,0.9991828799247742,11,0.2852172553539276,15.811388300841895
dirichlet,,0.3128768503665924,1.004762887954712,10,0.25809600949287415,15.811388300841895
dirichlet,,0.2882756292819977,0.9489080309867859,11,0.2472572773694992,15.811388300841895
dirichlet,,0.3137781322002411,0.9597166180610657,10,0.23581278324127197,15.811388300841895
dirichlet,,0.3116507828235626,1.0897996425628662,11,0.15219205617904663,15.811388300841895
dirichlet,,0.2772876024246216,1.0841652154922485,11,0.17596104741096497,15.811388300841895
dirichlet,,0.3153165578842163,0.976606011390686,10,0.2143552452325821,15.811388300841895
dirichlet,,0.3182793855667114,0.9872433543205261,11,0.24059125781059265,15.811388300841895
dirichlet,,0.29871976375579834,1.0428037643432617,12,0.2384328544139862,15.811388300841895
dirichlet,,0.2910127341747284,1.0592451095581055,10,0.2525058388710022,15.811388300841895
dirichlet,,0.2581145763397217,1.0536112785339355,10,0.28409433364868164,15.811388300841895
dirichlet,,0.27825406193733215,1.0568788051605225,9,0.2524983882904053,15.811388300841895
dirichlet,,0.3036375641822815,0.9821494221687317,10,0.38762056827545166,15.811388300841895
dirichlet,,0.30307304859161377,1.0073868036270142,11,0.24776986241340637,15.811388300841895
dirichlet,,0.3058353364467621,1.0543748140335083,10,0.2862727642059326,15.811388300841895
dirichlet,,0.3141196370124817,0.9876630902290344,10,0.18989741802215576,15.811388300841895
dirichlet,,0.27049461007118225,1.1342624425888062,10,0.23437295854091644,15.811388300841895
dirichlet,,0.3253338038921356,0.974327564239502,9,0.22845591604709625,15.811388300841895
dirichlet,,0.2851331830024719,1.0729525089263916,10,0.26495233178138733,15.811388300841895
dirichlet,,0.31308096647262573,1.0800857543945312,10,0.24095553159713745,15.811388300841895
dirichlet,,0.31301310658454895,1.0187299251556396,10,0.1600446105003357,15.811388300841895
dirichlet,,0.3004108667373657,1.0372940301895142,11,0.24915629625320435,15.811388300841895
dirichlet,,0.31463465094566345,1.1105072498321533,11,0.21883106231689453,15.811388300841895
dirichlet,,0.2672562897205353,1.0800210237503052,11,0.23600424826145172,15.811388300841895
dirichlet,,0.3149920403957367,0.9755823016166687,11,0.2192002385854721,15.811388300841895
dirichlet,,0.3010103106498718,1.0786081552505493,10,0.18694977462291718,15.811388300841895
dirichlet,,0.30771777033805847,1.0791250467300415,12,0.3332541584968567,15.811388300841895
dirichlet,,0.29350095987319946,1.1604372262954712,11,0.23248505592346191,15.811388300841895
dirichlet,,0.32186242938041687,1.0103142261505127,11,0.18835419416427612,15.811388300841895
dirichlet,,0.27459755539894104,1.0725313425064087,9,0.22276461124420166,15.811388300841895
dirichlet,,0.3087872862815857,1.0381863117218018,11,0.23359869420528412,15.811388300841895
dirichlet,,0.3112882673740387,1.0237038135528564,11,0.2261515110731125,15.811388300841895
dirichlet,,0.3199302554130554,0.9899036288261414,11,0.30360910296440125,15.811388300841895
dirichlet,,0.2955145835876465,1.0246866941452026,11,0.22551921010017395,15.811388300841895
dirichlet,,0.28984400629997253,1.0678983926773071,11,0.28517431020736694,15.811388300841895
dirichlet,,0.2962668836116791,1.0353076457977295,11,0.21194416284561157,15.811388300841895
dirichlet,,0.32631972432136536,0.9885962605476379,11,0.30067455768585205,15.811388300841895
dirichlet,,0.3249758183956146,1.017845869064331,10,0.21454085409641266,15.811388300841895
dirichlet,,0.3119152784347534,1.0611381530761719,11,0.19434204697608948,15.811388300841895
dirichlet,,0.2636834383010864,1.0232800245285034,11,0.19627100229263306,15.811388300841895
dirichlet,,0.3029034435749054,1.0485076904296875,11,0.24740496277809143,15.811388300841895
dirichlet,,0.3233773708343506,1.0059345960617065,10,0.20343032479286194,15.811388300841895
dirichlet,,0.2749118208885193,1.0596613883972168,11,0.21489673852920532,15.811388300841895
dirichlet,,0.3058757781982422,1.0052584409713745,10,0.25690948963165283,15.811388300841895
dirichlet,,0.29555296897888184,1.1330621242523193,12,0.21436311304569244,15.811388300841895
dirichlet,,0.3139511048793793,1.061997652053833,10,0.17486321926116943,15.811388300841895
dirichlet,,0.30956366658210754,1.0130274295806885,11,0.19171464443206787,15.811388300841895
dirichlet,,0.3088628649711609,1.061226487159729,10,0.22263610363006592,15.811388300841895
dirichlet,,0.3044978678226471,1.0595672130584717,11,0.3737218976020813,15.811388300841895
dirichlet,,0.3182365894317627,1.0122029781341553,11,0.3139421343803406,15.811388300841895
dirichlet,,0.3058496415615082,1.1335861682891846,10,0.2491455078125,15.811388300841895
dirichlet,,0.2982170581817627,1.0358638763427734,10,0.22286182641983032,15.811388300841895
dirichlet,,0.3035624623298645,0.9999388456344604,11,0.25981253385543823,15.811388300841895
dirichlet,,0.29976215958595276,1.0143474340438843,11,0.2375302016735077,15.811388300841895
dirichlet,,0.3191334009170532,1.0688157081604004,11,0.20095863938331604,15.811388300841895
dirichlet,,0.30126118659973145,1.0345274209976196,7,0.23932327330112457,15.811388300841895
dirichlet,,0.3114510774612427,1.0053036212921143,11,0.3125641942024231,15.811388300841895
dirichlet,,0.3132268786430359,0.9982162714004517,10,0.27032747864723206,15.811388300841895
dirichlet,,0.3163617253303528,0.9955768585205078,10,0.23557491600513458,15.811388300841895
dirichlet,,0.309379518032074,1.1062332391738892,12,0.2658466696739197,15.811388300841895
dirichlet,,0.2881268858909607,1.0763192176818848,11,0.24284476041793823,15.811388300841895
dirichlet,,0.31322506070137024,1.0859102010726929,10,0.22111061215400696,15.811388300841895
dirichlet,,0.3024553060531616,1.037074327468872,10,0.24984776973724365,15.811388300841895
dirichlet,,0.3017299175262451,1.0258866548538208,10,0.2106904238462448,15.811388300841895
dirichlet,,0.32335689663887024,1.0259445905685425,10,0.2522507309913635,15.811388300841895
dirichlet,,0.28716710209846497,1.0138620138168335,10,0.19110232591629028,15.811388300841895
dirichlet,,0.295514315366745,1.0840046405792236,10,0.2307148426771164,15.811388300841895
dirichlet,,0.28166574239730835,1.0413168668746948,8,0.29580560326576233,15.811388300841895
dirichlet,,0.3101801574230194,1.1102207899093628,11,0.25482529401779175,15.811388300841895
dirichlet,,0.3121550679206848,1.0096813440322876,11,0.2546728551387787,15.811388300841895
dirichlet,,0.30428338050842285,0.981873631477356,10,0.3127893805503845,15.811388300841895
dirichlet,,0.31404730677604675,1.0874359607696533,11,0.25081872940063477,15.811388300841895
dirichlet,,0.31253719329833984,1.0148580074310303,11,0.28891217708587646,15.811388300841895
dirichlet,,0.295663446187973,0.9959961771965027,9,0.21558187901973724,15.811388300841895
dirichlet,,0.3062930405139923,1.0385305881500244,10,0.29755109548568726,15.811388300841895
dirichlet,,0.32499876618385315,1.0082272291183472,10,0.3400450348854065,15.811388300841895
dirichlet,,0.28625088930130005,1.079909086227417,11,0.19171954691410065,15.811388300841895
dirichlet,,0.3014455735683441,1.125824213027954,11,0.20651662349700928,15.811388300841895
dirichlet,,0.28666794300079346,1.0192654132843018,12,0.22825315594673157,15.811388300841895
dirichlet,,0.2997114956378937,0.9474371671676636,9,0.26208728551864624,15.811388300841895
dirichlet,,0.2975783050060272,1.0539675951004028,11,0.23441901803016663,15.811388300841895
dirichlet,,0.2896635830402374,1.0446280241012573,10,0.1933312565088272,15.811388300841895
dirichlet,,0.32496583461761475,0.9908636212348938,10,0.21262143552303314,15.811388300841895
dirichlet,,0.2937132716178894,1.0303373336791992,11,0.23082710802555084,15.811388300841895
dirichlet,,0.29500624537467957,1.0433372259140015,10,0.24049364030361176,15.811388300841895
dirichlet,,0.3227860629558563,1.0394476652145386,10,0.20946121215820312,15.811388300841895
dirichlet,,0.32225501537323,1.0341618061065674,10,0.3109308183193207,15.811388300841895
dirichlet,,0.3033301830291748,1.0563836097717285,12,0.2279447764158249,15.811388300841895
dirichlet,,0.27930063009262085,1.0184924602508545,9,0.2489462047815323,15.811388300841895
dirichlet,,0.2958759367465973,1.020174264907837,11,0.2855812609195709,15.811388300841895
dirichlet,,0.3229984939098358,1.0625369548797607,9,0.3076452314853668,15.811388300841895
dirichlet,,0.30492839217185974,0.986340343952179,12,0.28678959608078003,15.811388300841895
dirichlet,,0.30676060914993286,1.0545880794525146,11,0.39650827646255493,15.811388300841895
dirichlet,,0.3060908019542694,1.0150396823883057,9,0.2701577842235565,15.811388300841895
dirichlet,,0.3095470666885376,1.0276024341583252,12,0.1962907910346985,15.811388300841895
dirichlet,,0.2992944121360779,1.0458019971847534,11,0.2893386483192444,15.811388300841895
dirichlet,,0.31987613439559937,1.082241415977478,11,0.2201826125383377,15.811388300841895
dirichlet,,0.3167484700679779,1.108802080154419,11,0.17306998372077942,15.811388300841895
dirichlet,,0.32033804059028625,1.044129490852356,10,0.3106013238430023,15.811388300841895
dirichlet,,0.30570387840270996,1.0260560512542725,11,0.29376107454299927,15.811388300841895
dirichlet,,0.2786130905151367,1.018664836883545,11,0.3132283389568329,15.811388300841895
dirichlet,,0.32011911273002625,1.0222313404083252,11,0.2220933437347412,15.811388300841895
dirichlet,,0.2972331643104553,1.1063200235366821,10,0.21294005215168,15.811388300841895
dirichlet,,0.2857302129268646,1.0304768085479736,10,0.15806394815444946,15.811388300841895
dirichlet,,0.32027649879455566,0.9766489267349243,10,0.1681884229183197,15.811388300841895
dirichlet,,0.28798142075538635,0.9602330923080444,11,0.14811310172080994,15.811388300841895
dirichlet,,0.2888603210449219,1.013984203338623,11,0.2307126522064209,15.811388300841895
dirichlet,,0.2936977744102478,1.0788553953170776,10,0.1491919457912445,15.811388300841895
dirichlet,,0.31198710203170776,1.0021406412124634,10,0.18708008527755737,15.811388300841895
dirichlet,,0.29370319843292236,1.035463571548462,11,0.3043970763683319,15.811388300841895
dirichlet,,0.3069697618484497,1.0239102840423584,11,0.19236457347869873,15.811388300841895
dirichlet,,0.31336259841918945,0.9701180458068848,11,0.20041528344154358,15.811388300841895
dirichlet,,0.3040609061717987,1.0576231479644775,11,0.28354355692863464,15.811388300841895
dirichlet,,0.2760801911354065,1.0081933736801147,10,0.30667710304260254,15.811388300841895
dirichlet,,0.2783443033695221,1.0081264972686768,9,0.21450527012348175,15.811388300841895
dirichlet,,0.3136043846607208,1.0153625011444092,10,0.18933287262916565,15.811388300841895
dirichlet,,0.30340924859046936,1.0644309520721436,11,0.3279101848602295,15.811388300841895
dirichlet,,0.26728513836860657,1.0364675521850586,11,0.26771441102027893,15.811388300841895
dirichlet,,0.30874401330947876,0.997618556022644,10,0.23735523223876953,15.811388300841895
dirichlet,,0.29616063833236694,1.0329984426498413,11,0.2659291923046112,15.811388300841895
dirichlet,,0.25736773014068604,1.0333983898162842,10,0.23101595044136047,15.811388300841895
dirichlet,,0.30725473165512085,1.0073633193969727,11,0.28655457496643066,15.811388300841895
dirichlet,,0.29904523491859436,1.0447760820388794,11,0.27408844232559204,15.811388300841895
dirichlet,,0.3088327646255493,1.011467695236206,9,0.25210726261138916,15.811388300841895
dirichlet,,0.30634212493896484,1.0440337657928467,10,0.2538982629776001,15.811388300841895
dirichlet,,0.2646871507167816,1.056729793548584,11,0.255169153213501,15.811388300841895
dirichlet,,0.27843666076660156,1.044023871421814,11,0.3173048496246338,15.811388300841895
dirichlet,,0.29013603925704956,1.0173734426498413,12,0.23430585861206055,15.811388300841895
dirichlet,,0.27653267979621887,1.037535548210144,11,0.23742051422595978,15.811388300841895
dirichlet,,0.29047536849975586,1.0171642303466797,10,0.17932823300361633,15.811388300841895
dirichlet,,0.32293006777763367,1.0517293214797974,11,0.18828336894512177,15.811388300841895
dirichlet,,0.32174965739250183,0.9630524516105652,11,0.2144235521554947,15.811388300841895
dirichlet,,0.31594234704971313,1.0264308452606201,9,0.21387410163879395,15.811388300841895
dirichlet,,0.28933143615722656,1.0310626029968262,9,0.20575712621212006,15.811388300841895
dirichlet,,0.31407493352890015,1.119990587234497,11,0.2248903214931488,15.811388300841895
dirichlet,,0.27772942185401917,1.0277388095855713,10,0.2934015393257141,15.811388300841895
dirichlet,,0.28275662660598755,1.0807549953460693,10,0.27851128578186035,15.811388300841895
dirichlet,,0.27674803137779236,1.0609157085418701,11,0.2636292278766632,15.811388300841895
dirichlet,,0.29273349046707153,1.0111197233200073,11,0.25809866189956665,15.811388300841895
dirichlet,,0.29769405722618103,1.032785415649414,10,0.24804452061653137,15.811388300841895
dirichlet,,0.27777519822120667,0.9900884628295898,10,0.2446618676185608,15.811388300841895
dirichlet,,0.3064901530742645,1.007057785987854,10,0.2953071594238281,15.811388300841895
dirichlet,,0.28750044107437134,1.0441462993621826,10,0.20069682598114014,15.811388300841895
dirichlet,,0.3074589967727661,1.005124568939209,12,0.18845222890377045,15.811388300841895
dirichlet,,0.3154461979866028,0.9941555261611938,11,0.19944557547569275,15.811388300841895
dirichlet,,0.30678582191467285,0.9542101621627808,10,0.25343745946884155,15.811388300841895
dirichlet,,0.3011917173862457,1.034161925315857,11,0.22445069253444672,15.811388300841895
dirichlet,,0.338947594165802,0.9838250875473022,11,0.2129141390323639,15.811388300841895
dirichlet,,0.3005935549736023,0.9378045797348022,10,0.2591278851032257,15.811388300841895
dirichlet,,0.3081569969654083,1.0290589332580566,10,0.207157164812088,15.811388300841895
dirichlet,,0.30568569898605347,1.0045808553695679,11,0.23205171525478363,15.811388300841895
dirichlet,,0.29099029302597046,1.0455058813095093,11,0.1452541947364807,15.811388300841895
dirichlet,,0.2943205237388611,1.0702980756759644,11,0.25799089670181274,15.811388300841895
dirichlet,,0.2974722385406494,1.0936579704284668,11,0.29026132822036743,15.811388300841895
dirichlet,,0.29468899965286255,1.0495274066925049,9,0.21179497241973877,15.811388300841895
dirichlet,,0.3119054436683655,1.0640549659729004,11,0.20871573686599731,15.811388300841895
dirichlet,,0.3024555742740631,1.036841630935669,11,0.28027206659317017,15.811388300841895
dirichlet,,0.3013070523738861,1.0304720401763916,10,0.29367795586586,15.811388300841895
dirichlet,,0.2952646315097809,1.0873668193817139,11,0.21299362182617188,15.811388300841895
dirichlet,,0.30241912603378296,1.0438741445541382,11,0.22846770286560059,15.811388300841895
dirichlet,,0.2840816378593445,1.025503396987915,10,0.24973627924919128,15.811388300841895
dirichlet,,0.28797227144241333,1.0571483373641968,10,0.25294241309165955,15.811388300841895
dirichlet,,0.3212486803531647,1.0350008010864258,11,0.2304670512676239,15.811388300841895
dirichlet,,0.306786447763443,1.065438151359558,10,0.240049347281456,15.811388300841895
dirichlet,,0.2995036542415619,1.0282509326934814,11,0.19500455260276794,15.811388300841895
dirichlet,,0.3126475214958191,0.9402462244033813,10,0.25595393776893616,15.811388300841895
dirichlet,,0.31719115376472473,1.0323326587677002,11,0.19980184733867645,15.811388300841895
dirichlet,,0.3268795311450958,1.0321110486984253,11,0.2617197036743164,15.811388300841895
dirichlet,,0.3022008538246155,1.0684020519256592,11,0.27405038475990295,15.811388300841895
dirichlet,,0.31149134039878845,0.9677581787109375,11,0.2912410497665405,15.811388300841895
dirichlet,,0.30141061544418335,1.0018144845962524,12,0.14266744256019592,15.811388300841895
dirichlet,,0.293781042098999,1.0979994535446167,11,0.2653757333755493,15.811388300841895
dirichlet,,0.29100915789604187,1.0479003190994263,11,0.18764981627464294,15.811388300841895
dirichlet,,0.2983669638633728,0.98772132396698,10,0.2367524802684784,15.811388300841895
dirichlet,,0.30010199546813965,0.9892017245292664,9,0.2199127972126007,15.811388300841895
dirichlet,,0.3024951219558716,1.04605233669281,11,0.22327595949172974,15.811388300841895
dirichlet,,0.28156721591949463,1.0649843215942383,11,0.15740542113780975,15.811388300841895
dirichlet,,0.3046860098838806,1.0967721939086914,11,0.2444320023059845,15.811388300841895
dirichlet,,0.2926933467388153,1.0580672025680542,10,0.2634485363960266,15.811388300841895
dirichlet,,0.29635724425315857,0.9433720707893372,9,0.2600812613964081,15.811388300841895
dirichlet,,0.28691330552101135,1.0560086965560913,11,0.2510146498680115,15.811388300841895
dirichlet,,0.2986355721950531,1.0458247661590576,10,0.3291367292404175,15.811388300841895
dirichlet,,0.27885350584983826,1.0975570678710938,10,0.28516849875450134,15.811388300841895
dirichlet,,0.319617360830307,1.0990169048309326,12,0.27332067489624023,15.811388300841895
dirichlet,,0.3096538782119751,0.9864687919616699,10,0.22447121143341064,15.811388300841895
dirichlet,,0.29291290044784546,1.0021295547485352,11,0.19108843803405762,15.811388300841895
dirichlet,,0.28578293323516846,1.0383775234222412,10,0.2102905958890915,15.811388300841895
dirichlet,,0.27286532521247864,1.1053078174591064,11,0.16831329464912415,15.811388300841895
dirichlet,,0.27243489027023315,1.0433069467544556,12,0.3257703185081482,15.811388300841895
dirichlet,,0.31209880113601685,1.0150587558746338,11,0.1976662129163742,15.811388300841895
dirichlet,,0.299185186624527,1.0041935443878174,11,0.18473327159881592,15.811388300841895
dirichlet,,0.27986425161361694,0.9778310656547546,11,0.19335952401161194,15.811388300841895
dirichlet,,0.30641433596611023,1.0682117938995361,11,0.21251925826072693,15.811388300841895
dirichlet,,0.2961789071559906,1.0057839155197144,11,0.17813849449157715,15.811388300841895
dirichlet,,0.3026001453399658,1.0553900003433228,10,0.2437843382358551,15.811388300841895
dirichlet,,0.2902950942516327,0.9887126088142395,11,0.30604487657546997,15.811388300841895
dirichlet,,0.2957408130168915,1.0528098344802856,10,0.3232852816581726,15.811388300841895
dirichlet,,0.30718839168548584,1.0250393152236938,11,0.16328614950180054,15.811388300841895
dirichlet,,0.27543404698371887,0.9774417877197266,10,0.23699116706848145,15.811388300841895
dirichlet,,0.30433228611946106,0.9940192103385925,11,0.24886564910411835,15.811388300841895
dirichlet,,0.297585666179657,1.0094512701034546,11,0.26182952523231506,15.811388300841895
dirichlet,,0.3015221357345581,1.0320909023284912,11,0.304179310798645,15.811388300841895
dirichlet,,0.31291964650154114,1.0319936275482178,10,0.17659646272659302,15.811388300841895
dirichlet,,0.30221548676490784,0.9738391041755676,9,0.17653226852416992,15.811388300841895
dirichlet,,0.2879718840122223,1.0086078643798828,10,0.19354122877120972,15.811388300841895
dirichlet,,0.3110145926475525,1.0737484693527222,10,0.24281924962997437,15.811388300841895
dirichlet,,0.30950310826301575,1.0657062530517578,11,0.2676865756511688,15.811388300841895
dirichlet,,0.2622750699520111,1.0307570695877075,10,0.24295413494110107,15.811388300841895
dirichlet,,0.3023076355457306,1.0055142641067505,11,0.16834554076194763,15.811388300841895
dirichlet,,0.29095956683158875,1.0518391132354736,11,0.27932292222976685,15.811388300841895
dirichlet,,0.3057188093662262,0.9975074529647827,10,0.22465620934963226,15.811388300841895
dirichlet,,0.2912050187587738,1.0644891262054443,9,0.28090885281562805,15.811388300841895
dirichlet,,0.2961585819721222,1.0806310176849365,11,0.25308936834335327,15.811388300841895
dirichlet,,0.3022635281085968,1.0190436840057373,11,0.18405839800834656,15.811388300841895
dirichlet,,0.3353099524974823,0.9769172668457031,10,0.2323816567659378,15.811388300841895
dirichlet,,0.28654348850250244,1.0226094722747803,10,0.19835300743579865,15.811388300841895
dirichlet,,0.2878754734992981,1.0026596784591675,10,0.24321508407592773,15.811388300841895
dirichlet,,0.2961448132991791,0.9942505955696106,10,0.24226337671279907,15.811388300841895
dirichlet,,0.289529025554657,1.0621047019958496,10,0.3025142550468445,15.811388300841895
dirichlet,,0.30826354026794434,1.0745091438293457,11,0.18426382541656494,15.811388300841895
dirichlet,,0.2961760461330414,1.0669758319854736,11,0.1994321346282959,15.811388300841895
dirichlet,,0.3172285556793213,1.0234253406524658,11,0.32057055830955505,15.811388300841895
dirichlet,,0.29255354404449463,1.0290229320526123,11,0.32140421867370605,15.811388300841895
dirichlet,,0.3020586371421814,1.056174635887146,10,0.24192674458026886,15.811388300841895
dirichlet,,0.2973483204841614,0.9523080587387085,9,0.27434366941452026,15.811388300841895
dirichlet,,0.2942354083061218,1.0296311378479004,10,0.21461154520511627,15.811388300841895
dirichlet,,0.29049286246299744,1.0339484214782715,11,0.19736900925636292,15.811388300841895
dirichlet,,0.2778092622756958,1.0141249895095825,10,0.26549336314201355,15.811388300841895
dirichlet,,0.3054184019565582,0.9979108572006226,9,0.24454151093959808,15.811388300841895
dirichlet,,0.31703707575798035,1.0706876516342163,10,0.36347833275794983,15.811388300841895
dirichlet,,0.3346957564353943,1.032371997833252,12,0.27182891964912415,15.811388300841895
dirichlet,,0.3061298727989197,1.0385385751724243,10,0.1690801978111267,15.811388300841895
dirichlet,,0.27168846130371094,1.0305612087249756,10,0.20292416214942932,15.811388300841895
dirichlet,,0.29208904504776,1.0687437057495117,11,0.23326615989208221,15.811388300841895
dirichlet,,0.28959012031555176,0.9796072244644165,10,0.22467966377735138,15.811388300841895
dirichlet,,0.3035432994365692,1.057177186012268,11,0.19178810715675354,15.811388300841895
dirichlet,,0.3055957555770874,1.0415531396865845,10,0.1982320249080658,15.811388300841895
dirichlet,,0.29602980613708496,1.0597034692764282,11,0.21406470239162445,15.811388300841895
dirichlet,,0.3118147850036621,0.9711707234382629,9,0.22181034088134766,15.811388300841895
dirichlet,,0.2992173731327057,0.9844098091125488,10,0.2789475917816162,15.811388300841895
dirichlet,,0.3179536759853363,1.0257704257965088,10,0.23148250579833984,15.811388300841895
dirichlet,,0.295216828584671,0.9865149259567261,12,0.19332283735275269,15.811388300841895
dirichlet,,0.31247633695602417,1.025266408920288,11,0.20760467648506165,15.811388300841895
dirichlet,,0.29355889558792114,0.9981439709663391,11,0.2596701979637146,15.811388300841895
dirichlet,,0.3029305636882782,0.9883330464363098,10,0.25192999839782715,15.811388300841895
dirichlet,,0.3129841685295105,1.0264381170272827,10,0.248896524310112,15.811388300841895
dirichlet,,0.28768932819366455,0.9928385615348816,10,0.163077712059021,15.811388300841895
dirichlet,,0.3267064690589905,0.9864068031311035,10,0.26175060868263245,15.811388300841895
dirichlet,,0.3072238862514496,1.0175879001617432,11,0.18661876022815704,15.811388300841895
dirichlet,,0.3062014579772949,0.9806183576583862,10,0.25182294845581055,15.811388300841895
dirichlet,,0.30327439308166504,1.0707436800003052,11,0.30997055768966675,15.811388300841895
dirichlet,,0.3401643931865692,0.9765278100967407,9,0.3095371425151825,15.811388300841895
dirichlet,,0.27848222851753235,0.9879186749458313,11,0.17346186935901642,15.811388300841895
dirichlet,,0.2968778610229492,1.0534846782684326,11,0.2478531301021576,15.811388300841895
dirichlet,,0.3146836757659912,0.9682456851005554,11,0.2420143187046051,15.811388300841895
dirichlet,,0.30524951219558716,1.036707878112793,11,0.18897375464439392,15.811388300841895
dirichlet,,0.3015436828136444,1.0299080610275269,9,0.21736618876457214,15.811388300841895
dirichlet,,0.3263656795024872,1.0955394506454468,9,0.12800130248069763,15.811388300841895
dirichlet,,0.31109753251075745,1.000038981437683,11,0.21598243713378906,15.811388300841895
dirichlet,,0.2969691753387451,1.0181609392166138,11,0.2348027229309082,15.811388300841895
dirichlet,,0.2903948426246643,1.0159270763397217,11,0.20307660102844238,15.811388300841895
dirichlet,,0.3189910650253296,1.0937349796295166,10,0.2285597175359726,15.811388300841895
dirichlet,,0.29975491762161255,1.0361225605010986,10,0.32171687483787537,15.811388300841895
dirichlet,,0.2761879861354828,1.0578324794769287,11,0.17275047302246094,15.811388300841895
dirichlet,,0.3023948073387146,1.0423730611801147,11,0.2584485411643982,15.811388300841895
dirichlet,,0.3028216063976288,1.0111114978790283,9,0.20726372301578522,15.811388300841895
dirichlet,,0.3405742943286896,1.0028331279754639,9,0.23904570937156677,15.811388300841895
dirichlet,,0.28468337655067444,0.9401256442070007,10,0.31574469804763794,15.811388300841895
dirichlet,,0.30517131090164185,1.0582036972045898,11,0.18610674142837524,15.811388300841895
dirichlet,,0.29874783754348755,1.0169447660446167,10,0.2541125416755676,15.811388300841895
dirichlet,,0.2944008708000183,1.0203957557678223,11,0.25801414251327515,15.811388300841895
dirichlet,,0.3099846839904785,0.9881913065910339,10,0.22780317068099976,15.811388300841895
dirichlet,,0.29137399792671204,1.03561532497406,10,0.27440422773361206,15.811388300841895
dirichlet,,0.26789379119873047,1.0662965774536133,11,0.2808392643928528,15.811388300841895
dirichlet,,0.2895163297653198,1.008468508720398,10,0.22967353463172913,15.811388300841895
dirichlet,,0.3040213882923126,1.0671312808990479,12,0.2537696957588196,15.811388300841895
dirichlet,,0.31391099095344543,1.0505340099334717,11,0.22852523624897003,15.811388300841895
dirichlet,,0.29061412811279297,1.0622286796569824,10,0.23070070147514343,15.811388300841895
dirichlet,,0.2844827473163605,0.9890887141227722,10,0.20382970571517944,15.811388300841895
dirichlet,,0.28355860710144043,1.0716097354888916,11,0.28774434328079224,15.811388300841895
dirichlet,,0.27791014313697815,0.9932624101638794,11,0.2975969910621643,15.811388300841895
dirichlet,,0.2924034297466278,0.929352879524231,12,0.23665720224380493,15.811388300841895
dirichlet,,0.2946663796901703,1.05766761302948,10,0.23972007632255554,15.811388300841895
dirichlet,,0.315187931060791,1.0332624912261963,9,0.19701506197452545,15.811388300841895
dirichlet,,0.3147371709346771,1.066291093826294,11,0.18217019736766815,15.811388300841895
dirichlet,,0.31531083583831787,0.9945989847183228,9,0.245558962225914,15.811388300841895
dirichlet,,0.30775946378707886,1.0005762577056885,11,0.24398349225521088,15.811388300841895
dirichlet,,0.2939332127571106,1.102541208267212,12,0.22853414714336395,15.811388300841895
dirichlet,,0.2866602838039398,1.0998703241348267,10,0.15309132635593414,15.811388300841895
dirichlet,,0.29405054450035095,1.085143804550171,10,0.296572744846344,15.811388300841895
dirichlet,,0.29940035939216614,1.0489171743392944,12,0.22540798783302307,15.811388300841895
dirichlet,,0.31155094504356384,1.034792423248291,10,0.22697149217128754,15.811388300841895
dirichlet,,0.3183259069919586,1.0217297077178955,11,0.28183507919311523,15.811388300841895
dirichlet,,0.31687402725219727,1.0847759246826172,11,0.17689931392669678,15.811388300841895
dirichlet,,0.30206748843193054,1.0273683071136475,11,0.1922016590833664,15.811388300841895
dirichlet,,0.3178325891494751,1.0014255046844482,11,0.18717820942401886,15.811388300841895
dirichlet,,0.29762300848960876,1.0575735569000244,11,0.2054676115512848,15.811388300841895
dirichlet,,0.3037303388118744,1.079608678817749,9,0.20849871635437012,15.811388300841895
dirichlet,,0.28253114223480225,1.0565983057022095,11,0.19835716485977173,15.811388300841895
dirichlet,,0.3070875108242035,1.0788419246673584,11,0.21866711974143982,15.811388300841895
dirichlet,,0.3128827214241028,1.00040864944458,11,0.2647446095943451,15.811388300841895
dirichlet,,0.30543777346611023,0.9996813535690308,11,0.2925347089767456,15.811388300841895
dirichlet,,0.3001648187637329,1.0076783895492554,11,0.18576838076114655,15.811388300841895
dirichlet,,0.29294559359550476,1.0272936820983887,10,0.3143298625946045,15.811388300841895
dirichlet,,0.29205122590065,1.0098384618759155,10,0.2237466275691986,15.811388300841895
dirichlet,,0.29915374517440796,1.04219651222229,11,0.2138626128435135,15.811388300841895
dirichlet,,0.3304098844528198,1.046427607536316,11,0.27632278203964233,15.811388300841895
dirichlet,,0.31100818514823914,0.9982826113700867,10,0.2754645347595215,15.811388300841895
dirichlet,,0.2955549657344818,1.0865166187286377,10,0.19557368755340576,15.811388300841895
dirichlet,,0.32386350631713867,1.0446460247039795,10,0.2042187750339508,15.811388300841895
dirichlet,,0.30374857783317566,1.0285401344299316,10,0.20905503630638123,15.811388300841895
dirichlet,,0.3306545913219452,0.9880472421646118,11,0.24842147529125214,15.811388300841895
dirichlet,,0.3170050382614136,1.049845814704895,9,0.2672974467277527,15.811388300841895
dirichlet,,0.3128078877925873,1.0232124328613281,9,0.280307412147522,15.811388300841895
dirichlet,,0.29378795623779297,1.041897177696228,11,0.29630792140960693,15.811388300841895
dirichlet,,0.28769707679748535,1.1150946617126465,10,0.31822001934051514,15.811388300841895
dirichlet,,0.2858348488807678,1.0190858840942383,10,0.2151660919189453,15.811388300841895
dirichlet,,0.28639256954193115,1.0293519496917725,11,0.17330309748649597,15.811388300841895
dirichlet,,0.32399091124534607,1.019913673400879,8,0.17956000566482544,15.811388300841895
dirichlet,,0.29854270815849304,0.9919726252555847,11,0.2819967567920685,15.811388300841895
dirichlet,,0.3173048198223114,1.0360808372497559,10,0.28052201867103577,15.811388300841895
dirichlet,,0.3278701901435852,1.0079424381256104,9,0.21872034668922424,15.811388300841895
dirichlet,,0.2977270781993866,1.0281695127487183,11,0.2549351453781128,15.811388300841895
dirichlet,,0.2821296751499176,0.9789546728134155,9,0.14924390614032745,15.811388300841895
dirichlet,,0.3328678607940674,0.9806998372077942,10,0.2726912498474121,15.811388300841895
dirichlet,,0.2943955063819885,0.9724094271659851,10,0.1826232224702835,15.811388300841895
dirichlet,,0.31094425916671753,1.0230562686920166,11,0.20273366570472717,15.811388300841895
dirichlet,,0.3096858561038971,0.9686036109924316,11,0.3163471817970276,15.811388300841895
dirichlet,,0.2914232909679413,1.017012357711792,10,0.19822867214679718,15.811388300841895
dirichlet,,0.2847999632358551,1.030815839767456,10,0.18451958894729614,15.811388300841895
dirichlet,,0.31429755687713623,1.0232388973236084,11,0.3019091486930847,15.811388300841895
dirichlet,,0.2889663577079773,0.9704049825668335,10,0.2970202565193176,15.811388300841895
dirichlet,,0.27572691440582275,1.1219804286956787,10,0.1876082569360733,15.811388300841895
dirichlet,,0.2838006615638733,1.0002515316009521,11,0.20183376967906952,15.811388300841895
dirichlet,,0.288494348526001,1.0558503866195679,11,0.2309918850660324,15.811388300841895
dirichlet,,0.2955961525440216,0.98460453748703,10,0.2726839780807495,15.811388300841895
dirichlet,,0.28471994400024414,1.0564415454864502,11,0.24399873614311218,15.811388300841895
dirichlet,,0.3089686632156372,1.0324515104293823,9,0.24354957044124603,15.811388300841895
dirichlet,,0.2908865213394165,1.010488510131836,11,0.26504069566726685,15.811388300841895
dirichlet,,0.29567980766296387,1.0324640274047852,9,0.19328568875789642,15.811388300841895
dirichlet,,0.2845454216003418,1.059111475944519,10,0.2109246850013733,15.811388300841895
dirichlet,,0.28251489996910095,1.0319303274154663,11,0.2650744616985321,15.811388300841895
dirichlet,,0.26961883902549744,1.0417249202728271,11,0.22438588738441467,15.811388300841895
dirichlet,,0.3122752010822296,1.1039797067642212,10,0.26654571294784546,15.811388300841895
dirichlet,,0.27952978014945984,1.020725965499878,10,0.24199819564819336,15.811388300841895
dirichlet,,0.3227968215942383,1.0353795289993286,11,0.19598093628883362,15.811388300841895
dirichlet,,0.28777003288269043,1.0635669231414795,11,0.2850233018398285,15.811388300841895
dirichlet,,0.31848594546318054,1.0770766735076904,11,0.23410670459270477,15.811388300841895
dirichlet,,0.29108068346977234,1.0648736953735352,11,0.23723623156547546,15.811388300841895
dirichlet,,0.31997767090797424,1.0285331010818481,10,0.19033952057361603,15.811388300841895
dirichlet,,0.310438871383667,1.0635063648223877,10,0.20956870913505554,15.811388300841895
dirichlet,,0.31019291281700134,1.0807552337646484,10,0.32619553804397583,15.811388300841895
dirichlet,,0.32448670268058777,0.9771988987922668,10,0.17390495538711548,15.811388300841895
dirichlet,,0.3081073462963104,1.0646626949310303,11,0.21916723251342773,15.811388300841895
dirichlet,,0.2810212969779968,1.0812691450119019,11,0.2892758250236511,15.811388300841895
dirichlet,,0.2802569568157196,1.0210211277008057,11,0.21539226174354553,15.811388300841895
dirichlet,,0.3041250705718994,1.0288559198379517,11,0.27172595262527466,15.811388300841895
dirichlet,,0.3078957200050354,1.0045945644378662,10,0.22633667290210724,15.811388300841895
dirichlet,,0.29053571820259094,1.0778486728668213,11,0.33704960346221924,15.811388300841895
dirichlet,,0.3390170931816101,1.017499327659607,8,0.18279829621315002,15.811388300841895
dirichlet,,0.29363250732421875,1.027832269668579,11,0.20055532455444336,15.811388300841895
dirichlet,,0.2559441924095154,1.0490210056304932,12,0.23956629633903503,15.811388300841895
dirichlet,,0.29278862476348877,1.062827706336975,9,0.27624255418777466,15.811388300841895
dirichlet,,0.3132292628288269,1.0022315979003906,10,0.2774638235569,15.811388300841895
dirichlet,,0.3123476803302765,1.0885300636291504,11,0.2676960229873657,15.811388300841895
dirichlet,,0.3180846571922302,1.0950983762741089,11,0.24817456305027008,15.811388300841895
dirichlet,,0.2965288758277893,1.0540659427642822,11,0.22303293645381927,15.811388300841895
dirichlet,,0.28858786821365356,0.9800008535385132,10,0.27242311835289,15.811388300841895
dirichlet,,0.27987727522850037,1.0493731498718262,9,0.22497662901878357,15.811388300841895
dirichlet,,0.2952062785625458,1.0395066738128662,11,0.2815816402435303,15.811388300841895
dirichlet,,0.30589616298675537,1.0083926916122437,10,0.21071195602416992,15.811388300841895
dirichlet,,0.29225030541419983,1.0469861030578613,10,0.28821122646331787,15.811388300841895
dirichlet,,0.3250100612640381,1.0631921291351318,11,0.2391027808189392,15.811388300841895
dirichlet,,0.3087087571620941,1.1281074285507202,10,0.2335805594921112,15.811388300841895
dirichlet,,0.2914380431175232,1.0372209548950195,10,0.19502583146095276,15.811388300841895
dirichlet,,0.28578683733940125,1.0177819728851318,11,0.28802910447120667,15.811388300841895
dirichlet,,0.30298587679862976,1.0170698165893555,11,0.2898856997489929,15.811388300841895
dirichlet,,0.31231310963630676,0.9902515411376953,10,0.24493882060050964,15.811388300841895
dirichlet,,0.3368699550628662,0.9717628359794617,11,0.30183732509613037,15.811388300841895
dirichlet,,0.27774578332901,1.0962233543395996,11,0.22692477703094482,15.811388300841895
dirichlet,,0.30521321296691895,1.0666158199310303,10,0.2784590423107147,15.811388300841895
dirichlet,,0.3118213415145874,1.0458134412765503,12,0.18887926638126373,15.811388300841895
dirichlet,,0.3063945174217224,1.0123341083526611,11,0.21471190452575684,15.811388300841895
dirichlet,,0.28934183716773987,1.014406442642212,10,0.25611644983291626,15.811388300841895
dirichlet,,0.28987357020378113,1.041610598564148,11,0.2398844063282013,15.811388300841895
dirichlet,,0.321189284324646,1.0365073680877686,9,0.27941757440567017,15.811388300841895
dirichlet,,0.3294259309768677,1.0173321962356567,11,0.26756539940834045,15.811388300841895
dirichlet,,0.2920507788658142,1.0734052658081055,11,0.23302142322063446,15.811388300841895
dirichlet,,0.2921471893787384,1.0545610189437866,10,0.25263512134552,15.811388300841895
dirichlet,,0.3067474365234375,1.0979677438735962,10,0.23967376351356506,15.811388300841895
dirichlet,,0.3099815547466278,1.0064277648925781,9,0.2383754551410675,15.811388300841895
dirichlet,,0.2783832252025604,1.0758112668991089,9,0.2280314862728119,15.811388300841895
dirichlet,,0.3177185654640198,0.9959670305252075,10,0.209163099527359,21.08482517142911
dirichlet,,0.30142104625701904,0.9828542470932007,10,0.2264501452445984,21.08482517142911
dirichlet,,0.31780365109443665,1.0589282512664795,10,0.20369338989257812,21.08482517142911
dirichlet,,0.30410048365592957,1.0335824489593506,10,0.30913859605789185,21.08482517142911
dirichlet,,0.29814794659614563,1.0714330673217773,11,0.2397700399160385,21.08482517142911
dirichlet,,0.29933103919029236,0.9750405550003052,10,0.2321321666240692,21.08482517142911
dirichlet,,0.28382766246795654,1.0452907085418701,11,0.22577956318855286,21.08482517142911
dirichlet,,0.2899579405784607,1.0397913455963135,11,0.22868193686008453,21.08482517142911
dirichlet,,0.279590368270874,1.0451579093933105,10,0.3691115975379944,21.08482517142911
dirichlet,,0.32192328572273254,0.9930119514465332,11,0.24242021143436432,21.08482517142911
dirichlet,,0.3056289553642273,1.0668338537216187,11,0.27336814999580383,21.08482517142911
dirichlet,,0.28965282440185547,1.0937458276748657,10,0.2268264889717102,21.08482517142911
dirichlet,,0.2999855875968933,0.9556540250778198,11,0.21197527647018433,21.08482517142911
dirichlet,,0.29431360960006714,1.025343656539917,10,0.24341073632240295,21.08482517142911
dirichlet,,0.29503655433654785,1.0314403772354126,10,0.3142603635787964,21.08482517142911
dirichlet,,0.3019006550312042,1.0228662490844727,10,0.2715577185153961,21.08482517142911
dirichlet,,0.2956557869911194,1.033524751663208,12,0.25734058022499084,21.08482517142911
dirichlet,,0.30515560507774353,1.0412076711654663,11,0.19148170948028564,21.08482517142911
dirichlet,,0.2846076190471649,0.9711224436759949,10,0.1944340467453003,21.08482517142911
dirichlet,,0.29971399903297424,1.0089280605316162,11,0.2889125645160675,21.08482517142911
dirichlet,,0.29761427640914917,1.0725383758544922,9,0.2197844386100769,21.08482517142911
dirichlet,,0.29571717977523804,1.0815391540527344,11,0.1894765943288803,21.08482517142911
dirichlet,,0.2804158926010132,1.068770170211792,10,0.2392261028289795,21.08482517142911
dirichlet,,0.290362149477005,1.0065858364105225,11,0.3155471980571747,21.08482517142911
dirichlet,,0.292892724275589,1.0573279857635498,11,0.21337908506393433,21.08482517142911
dirichlet,,0.3074572682380676,1.0275413990020752,11,0.1828167587518692,21.08482517142911
dirichlet,,0.291696697473526,1.0324739217758179,10,0.18874609470367432,21.08482517142911
dirichlet,,0.2623850405216217,1.0630013942718506,11,0.22828835248947144,21.08482517142911
dirichlet,,0.3051207363605499,0.9859837293624878,10,0.2309667021036148,21.08482517142911
dirichlet,,0.3229924738407135,0.9598010778427124,10,0.2297777235507965,21.08482517142911
dirichlet,,0.3179659843444824,1.069126844406128,11,0.24735009670257568,21.08482517142911
dirichlet,,0.2846478521823883,1.031512975692749,10,0.23506522178649902,21.08482517142911
dirichlet,,0.30847036838531494,1.0177028179168701,11,0.24008674919605255,21.08482517142911
dirichlet,,0.2869003713130951,0.9669095277786255,11,0.26729699969291687,21.08482517142911
dirichlet,,0.3245731294155121,1.0157382488250732,11,0.2330196499824524,21.08482517142911
dirichlet,,0.3082120418548584,1.0550971031188965,10,0.36306068301200867,21.08482517142911
dirichlet,,0.279282808303833,1.036795735359192,10,0.13271525502204895,21.08482517142911
dirichlet,,0.30044230818748474,1.0563896894454956,10,0.2876419723033905,21.08482517142911
dirichlet,,0.29157692193984985,1.0681679248809814,10,0.22910284996032715,21.08482517142911
dirichlet,,0.2972138226032257,1.031725287437439,10,0.24735748767852783,21.08482517142911
dirichlet,,0.3195265531539917,1.011996865272522,10,0.20979133248329163,21.08482517142911
dirichlet,,0.2966499924659729,1.0817229747772217,9,0.2496808022260666,21.08482517142911
dirichlet,,0.3028658330440521,1.0457285642623901,10,0.19183029234409332,21.08482517142911
dirichlet,,0.29581233859062195,0.9795543551445007,12,0.3016543388366699,21.08482517142911
dirichlet,,0.2934504449367523,1.0094412565231323,11,0.21039791405200958,21.08482517142911
dirichlet,,0.3003428280353546,1.045931100845337,11,0.23137763142585754,21.08482517142911
dirichlet,,0.3122108280658722,1.061772108078003,11,0.2077258974313736,21.08482517142911
dirichlet,,0.3017480969429016,1.015883207321167,9,0.1844286173582077,21.08482517142911
dirichlet,,0.2837700843811035,1.081181287765503,11,0.2361682951450348,21.08482517142911
dirichlet,,0.30628496408462524,1.0519158840179443,10,0.2564123272895813,21.08482517142911
dirichlet,,0.26695898175239563,1.035294532775879,11,0.18692520260810852,21.08482517142911
dirichlet,,0.30370384454727173,1.022216796875,12,0.24813027679920197,21.08482517142911
dirichlet,,0.28774189949035645,0.9755058288574219,11,0.41245555877685547,21.08482517142911
dirichlet,,0.3037317991256714,1.0530202388763428,10,0.2653524875640869,21.08482517142911
dirichlet,,0.2963932156562805,1.0292327404022217,11,0.2664662003517151,21.08482517142911
dirichlet,,0.30830493569374084,1.0134141445159912,10,0.20164082944393158,21.08482517142911
dirichlet,,0.3008544147014618,0.9772078394889832,10,0.2902989983558655,21.08482517142911
dirichlet,,0.30540576577186584,1.0130871534347534,10,0.27821600437164307,21.08482517142911
dirichlet,,0.26823490858078003,1.0453599691390991,10,0.28251177072525024,21.08482517142911
dirichlet,,0.3124777376651764,1.0442463159561157,10,0.166488915681839,21.08482517142911
dirichlet,,0.3161596953868866,1.057305097579956,11,0.1723710596561432,21.08482517142911
dirichlet,,0.29944390058517456,1.000192403793335,12,0.2991476058959961,21.08482517142911
dirichlet,,0.29394397139549255,1.044047236442566,10,0.20729303359985352,21.08482517142911
dirichlet,,0.3070249855518341,1.0251859426498413,10,0.24215717613697052,21.08482517142911
dirichlet,,0.2910424470901489,1.050052523612976,11,0.2140772044658661,21.08482517142911
dirichlet,,0.28301021456718445,1.071342945098877,10,0.1931980848312378,21.08482517142911
dirichlet,,0.2919308543205261,1.0876764059066772,10,0.2503219246864319,21.08482517142911
dirichlet,,0.3051948547363281,1.0518105030059814,11,0.32842111587524414,21.08482517142911
dirichlet,,0.2933521270751953,1.0313211679458618,11,0.1772257685661316,21.08482517142911
dirichlet,,0.2869661748409271,1.0599250793457031,11,0.30198609828948975,21.08482517142911
dirichlet,,0.29632702469825745,0.9804636836051941,11,0.20143693685531616,21.08482517142911
dirichlet,,0.28978657722473145,1.0248396396636963,11,0.21468369662761688,21.08482517142911
dirichlet,,0.29785460233688354,1.017760992050171,10,0.22218774259090424,21.08482517142911
dirichlet,,0.27918094396591187,1.0554084777832031,10,0.20272698998451233,21.08482517142911
dirichlet,,0.2917427122592926,1.0472229719161987,11,0.2339230477809906,21.08482517142911
dirichlet,,0.30080360174179077,1.0668355226516724,9,0.2553403079509735,21.08482517142911
dirichlet,,0.28317028284072876,1.0545594692230225,10,0.24747295677661896,21.08482517142911
dirichlet,,0.28839895129203796,1.0173646211624146,11,0.11559973657131195,21.08482517142911
dirichlet,,0.3112623393535614,1.0402731895446777,10,0.213724285364151,21.08482517142911
dirichlet,,0.30134522914886475,1.04706871509552,12,0.26144352555274963,21.08482517142911
dirichlet,,0.2978813648223877,1.0215635299682617,10,0.16844630241394043,21.08482517142911
dirichlet,,0.28311169147491455,1.0167882442474365,11,0.27760690450668335,21.08482517142911
dirichlet,,0.29552796483039856,1.0380127429962158,11,0.24458259344100952,21.08482517142911
dirichlet,,0.3130248785018921,0.9673603773117065,8,0.24000516533851624,21.08482517142911
dirichlet,,0.2858131229877472,1.0276066064834595,10,0.21443581581115723,21.08482517142911
dirichlet,,0.32347288727760315,0.9781864285469055,10,0.26186639070510864,21.08482517142911
dirichlet,,0.3005716800689697,1.0181760787963867,9,0.2171137034893036,21.08482517142911
dirichlet,,0.31372347474098206,1.0244613885879517,10,0.2610848844051361,21.08482517142911
dirichlet,,0.30825158953666687,1.0071775913238525,10,0.25077301263809204,21.08482517142911
dirichlet,,0.30278903245925903,1.0416309833526611,11,0.23630209267139435,21.08482517142911
dirichlet,,0.26417043805122375,1.0755938291549683,11,0.3027881383895874,21.08482517142911
dirichlet,,0.2725258469581604,1.0502798557281494,11,0.23075035214424133,21.08482517142911
dirichlet,,0.2938607931137085,1.0145764350891113,10,0.3461991250514984,21.08482517142911
dirichlet,,0.2863386273384094,1.0478603839874268,11,0.26226097345352173,21.08482517142911
dirichlet,,0.2821144163608551,1.011648416519165,11,0.23192216455936432,21.08482517142911
dirichlet,,0.2974543869495392,1.042798399925232,9,0.23984700441360474,21.08482517142911
dirichlet,,0.29770126938819885,1.033920407295227,11,0.23961502313613892,21.08482517142911
dirichlet,,0.29605498909950256,1.0448589324951172,12,0.2292443811893463,21.08482517142911
dirichlet,,0.30734777450561523,1.0554921627044678,9,0.23007938265800476,21.08482517142911
dirichlet,,0.30148786306381226,1.0151517391204834,8,0.24135029315948486,21.08482517142911
dirichlet,,0.306496798992157,1.0543440580368042,10,0.2583863139152527,21.08482517142911
dirichlet,,0.28774216771125793,1.024631142616272,11,0.28492483496665955,21.08482517142911
dirichlet,,0.2911112308502197,1.0232332944869995,11,0.1459539234638214,21.08482517142911
dirichlet,,0.3331606686115265,1.054243803024292,10,0.19570821523666382,21.08482517142911
dirichlet,,0.3002941310405731,1.028725504875183,10,0.15157228708267212,21.08482517142911
dirichlet,,0.2890995144844055,1.0298821926116943,11,0.20125335454940796,21.08482517142911
dirichlet,,0.33067429065704346,1.040622591972351,10,0.23372676968574524,21.08482517142911
dirichlet,,0.29423680901527405,1.0468319654464722,11,0.24636141955852509,21.08482517142911
dirichlet,,0.3120557963848114,1.0498466491699219,11,0.2790808379650116,21.08482517142911
dirichlet,,0.31495222449302673,1.0039559602737427,10,0.26134970784187317,21.08482517142911
dirichlet,,0.2962108552455902,1.0265028476715088,11,0.19731318950653076,21.08482517142911
dirichlet,,0.2998659014701843,1.015324354171753,11,0.22226309776306152,21.08482517142911
dirichlet,,0.3018902838230133,1.031738042831421,11,0.22954702377319336,21.08482517142911
dirichlet,,0.31033867597579956,1.0522485971450806,10,0.20106276869773865,21.08482517142911
dirichlet,,0.28475576639175415,1.0280554294586182,11,0.27452927827835083,21.08482517142911
dirichlet,,0.3065876066684723,1.061295986175537,10,0.23923708498477936,21.08482517142911
dirichlet,,0.2914072573184967,1.070294737815857,9,0.29053741693496704,21.08482517142911
dirichlet,,0.30858078598976135,1.0624498128890991,11,0.23770469427108765,21.08482517142911
dirichlet,,0.2980947494506836,0.9939000010490417,11,0.22226086258888245,21.08482517142911
dirichlet,,0.31411585211753845,1.0556814670562744,9,0.19930797815322876,21.08482517142911
dirichlet,,0.3227349519729614,1.0242894887924194,11,0.20283910632133484,21.08482517142911
dirichlet,,0.2964548170566559,1.0895565748214722,10,0.34377604722976685,21.08482517142911
dirichlet,,0.2963615953922272,0.9952402114868164,11,0.21932509541511536,21.08482517142911
dirichlet,,0.2757773995399475,1.1004197597503662,11,0.27289077639579773,21.08482517142911
dirichlet,,0.2911667227745056,1.0191714763641357,11,0.21376559138298035,21.08482517142911
dirichlet,,0.2769767940044403,1.0073630809783936,12,0.24960258603096008,21.08482517142911
dirichlet,,0.3261919319629669,0.9991474151611328,9,0.2246450036764145,21.08482517142911
dirichlet,,0.3007640838623047,1.0444762706756592,10,0.2760780453681946,21.08482517142911
dirichlet,,0.2976515591144562,1.0330959558486938,12,0.2894008755683899,21.08482517142911
dirichlet,,0.2976427674293518,1.0545839071273804,11,0.23791810870170593,21.08482517142911
dirichlet,,0.2985203266143799,1.0249650478363037,11,0.2847001552581787,21.08482517142911
dirichlet,,0.30468907952308655,1.0466313362121582,10,0.3283954858779907,21.08482517142911
dirichlet,,0.2923325002193451,0.9967058897018433,10,0.2107212245464325,21.08482517142911
dirichlet,,0.3110787868499756,1.0413696765899658,9,0.23343497514724731,21.08482517142911
dirichlet,,0.3010749816894531,1.0826992988586426,10,0.1856674998998642,21.08482517142911
dirichlet,,0.29973551630973816,1.0336077213287354,11,0.23866868019104004,21.08482517142911
dirichlet,,0.2855163812637329,1.0282257795333862,11,0.29299765825271606,21.08482517142911
dirichlet,,0.3236427903175354,1.0628068447113037,11,0.23949599266052246,21.08482517142911
dirichlet,,0.28375372290611267,1.0239067077636719,10,0.25523996353149414,21.08482517142911
dirichlet,,0.31653767824172974,1.0041409730911255,8,0.22778716683387756,21.08482517142911
dirichlet,,0.3227003216743469,1.0042097568511963,11,0.29385998845100403,21.08482517142911
dirichlet,,0.2976779341697693,1.0239194631576538,11,0.31374841928482056,21.08482517142911
dirichlet,,0.294964998960495,0.9988371133804321,9,0.2139279842376709,21.08482517142911
dirichlet,,0.2913573682308197,1.0066206455230713,9,0.1865076720714569,21.08482517142911
dirichlet,,0.30008795857429504,1.0269593000411987,11,0.26645007729530334,21.08482517142911
dirichlet,,0.2784368693828583,1.0208139419555664,11,0.24548444151878357,21.08482517142911
dirichlet,,0.28356778621673584,1.0227266550064087,11,0.2679956257343292,21.08482517142911
dirichlet,,0.32036805152893066,1.0438052415847778,11,0.23632696270942688,21.08482517142911
dirichlet,,0.3136032521724701,1.0102311372756958,10,0.31632745265960693,21.08482517142911
dirichlet,,0.2894083857536316,1.0590695142745972,12,0.20582425594329834,21.08482517142911
dirichlet,,0.2951725721359253,1.033888578414917,9,0.3494619131088257,21.08482517142911
dirichlet,,0.27232447266578674,1.0584378242492676,9,0.18426653742790222,21.08482517142911
dirichlet,,0.3201301693916321,1.0431638956069946,10,0.3341376781463623,21.08482517142911
dirichlet,,0.3202145993709564,1.0365192890167236,11,0.222251296043396,21.08482517142911
dirichlet,,0.28135210275650024,1.0423197746276855,10,0.2614835500717163,21.08482517142911
dirichlet,,0.271281361579895,1.0138380527496338,11,0.28565967082977295,21.08482517142911
dirichlet,,0.2782650291919708,1.054423451423645,12,0.24646371603012085,21.08482517142911
dirichlet,,0.2873491942882538,1.071616291999817,11,0.20894034206867218,21.08482517142911
dirichlet,,0.2964790463447571,1.0136899948120117,11,0.20123350620269775,21.08482517142911
dirichlet,,0.2829238772392273,1.08794105052948,10,0.22312553226947784,21.08482517142911
dirichlet,,0.31821775436401367,1.0474001169204712,10,0.1994086652994156,21.08482517142911
dirichlet,,0.32299986481666565,1.0065292119979858,9,0.25179946422576904,21.08482517142911
dirichlet,,0.2945147156715393,1.0875920057296753,11,0.2941780090332031,21.08482517142911
dirichlet,,0.2883097529411316,1.0868011713027954,12,0.2914106845855713,21.08482517142911
dirichlet,,0.26606282591819763,1.0394556522369385,9,0.2169613540172577,21.08482517142911
dirichlet,,0.3103945553302765,1.0302250385284424,10,0.29109179973602295,21.08482517142911
dirichlet,,0.29408344626426697,1.0654863119125366,10,0.2519064247608185,21.08482517142911
dirichlet,,0.30994659662246704,1.0432038307189941,11,0.27973827719688416,21.08482517142911
dirichlet,,0.2898730933666229,1.0090863704681396,12,0.19602444767951965,21.08482517142911
dirichlet,,0.309964656829834,1.029403805732727,10,0.2950422763824463,21.08482517142911
dirichlet,,0.30589255690574646,1.003696084022522,10,0.2753755748271942,21.08482517142911
dirichlet,,0.27996373176574707,1.0522778034210205,11,0.2703842222690582,21.08482517142911
dirichlet,,0.29162707924842834,1.0563656091690063,10,0.2922549247741699,21.08482517142911
dirichlet,,0.28049102425575256,1.0407006740570068,10,0.2734294533729553,21.08482517142911
dirichlet,,0.31256961822509766,1.0216000080108643,11,0.23960813879966736,21.08482517142911
dirichlet,,0.28628966212272644,1.0527724027633667,11,0.2311311662197113,21.08482517142911
dirichlet,,0.2689390182495117,1.0514686107635498,10,0.253215491771698,21.08482517142911
dirichlet,,0.3183859884738922,0.982696533203125,9,0.21132679283618927,21.08482517142911
dirichlet,,0.30226072669029236,1.0447782278060913,10,0.23172321915626526,21.08482517142911
dirichlet,,0.3005552589893341,1.0628911256790161,11,0.26759016513824463,21.08482517142911
dirichlet,,0.3052518665790558,1.0205525159835815,11,0.30797430872917175,21.08482517142911
dirichlet,,0.3050815463066101,1.0363293886184692,9,0.2397654801607132,21.08482517142911
dirichlet,,0.2891016900539398,1.025543451309204,11,0.27171963453292847,21.08482517142911
dirichlet,,0.282027006149292,1.020034909248352,11,0.28309014439582825,21.08482517142911
dirichlet,,0.29881638288497925,1.026772141456604,9,0.20902135968208313,21.08482517142911
dirichlet,,0.3015338182449341,1.0200650691986084,10,0.21647480130195618,21.08482517142911
dirichlet,,0.2885120213031769,1.0005885362625122,11,0.2381914108991623,21.08482517142911
dirichlet,,0.29379355907440186,1.0352298021316528,12,0.2276701033115387,21.08482517142911
dirichlet,,0.30551308393478394,1.0335832834243774,11,0.2200395166873932,21.08482517142911
dirichlet,,0.29479315876960754,1.0868946313858032,9,0.25862210988998413,21.08482517142911
dirichlet,,0.3132391571998596,1.0576419830322266,8,0.2630564570426941,21.08482517142911
dirichlet,,0.2723274230957031,1.0490409135818481,11,0.2256632149219513,21.08482517142911
dirichlet,,0.2846818268299103,1.0256540775299072,11,0.20295044779777527,21.08482517142911
dirichlet,,0.30399012565612793,1.02671480178833,12,0.21775208413600922,21.08482517142911
dirichlet,,0.30544331669807434,1.0283838510513306,9,0.24143028259277344,21.08482517142911
dirichlet,,0.3066238462924957,1.0721046924591064,10,0.25365781784057617,21.08482517142911
dirichlet,,0.31714320182800293,1.038947343826294,11,0.2784702181816101,21.08482517142911
dirichlet,,0.30272868275642395,1.0179026126861572,10,0.24861299991607666,21.08482517142911
dirichlet,,0.29075899720191956,1.0116899013519287,9,0.20773737132549286,21.08482517142911
dirichlet,,0.3086797595024109,1.034710168838501,10,0.2784408628940582,21.08482517142911
dirichlet,,0.2904509902000427,1.0088462829589844,9,0.2517460584640503,21.08482517142911
dirichlet,,0.28831571340560913,0.9960014224052429,12,0.22132527828216553,21.08482517142911
dirichlet,,0.30471479892730713,1.0504403114318848,10,0.25483059883117676,21.08482517142911
dirichlet,,0.30680331587791443,1.0818595886230469,10,0.22637763619422913,21.08482517142911
dirichlet,,0.2942560911178589,1.0529656410217285,10,0.20716074109077454,21.08482517142911
dirichlet,,0.2876104414463043,1.0209182500839233,11,0.20262131094932556,21.08482517142911
dirichlet,,0.3031042516231537,1.0098860263824463,11,0.18313303589820862,21.08482517142911
dirichlet,,0.3005111813545227,1.0189260244369507,11,0.21493174135684967,21.08482517142911
dirichlet,,0.3153815269470215,1.0181076526641846,9,0.2232804000377655,21.08482517142911
dirichlet,,0.2681707441806793,1.0613682270050049,11,0.16330042481422424,21.08482517142911
dirichlet,,0.30141934752464294,0.9655908346176147,11,0.2268989235162735,21.08482517142911
dirichlet,,0.29983240365982056,1.0387073755264282,11,0.2712416648864746,21.08482517142911
dirichlet,,0.31544631719589233,1.0270116329193115,10,0.16961173713207245,21.08482517142911
dirichlet,,0.3012925982475281,1.0515748262405396,10,0.1765783429145813,21.08482517142911
dirichlet,,0.30778080224990845,0.9767383337020874,9,0.2284742295742035,21.08482517142911
dirichlet,,0.30262526869773865,1.0756146907806396,12,0.18108150362968445,21.08482517142911
dirichlet,,0.30783143639564514,1.0563535690307617,10,0.2541689872741699,21.08482517142911
dirichlet,,0.2863656282424927,1.0532511472702026,12,0.22093144059181213,21.08482517142911
dirichlet,,0.3141136169433594,1.0436052083969116,11,0.18871845304965973,21.08482517142911
dirichlet,,0.2972155809402466,1.01146399974823,11,0.2509464621543884,21.08482517142911
dirichlet,,0.2870672941207886,1.0192036628723145,10,0.1990324854850769,21.08482517142911
dirichlet,,0.29793423414230347,1.048197865486145,11,0.26044726371765137,21.08482517142911
dirichlet,,0.30361729860305786,1.0618112087249756,11,0.24112504720687866,21.08482517142911
dirichlet,,0.28233960270881653,1.0260941982269287,10,0.23490339517593384,21.08482517142911
dirichlet,,0.2968151271343231,1.103339672088623,11,0.2411159873008728,21.08482517142911
dirichlet,,0.2772778272628784,0.9793230891227722,10,0.24268098175525665,21.08482517142911
dirichlet,,0.279840886592865,1.091460943222046,10,0.13393354415893555,21.08482517142911
dirichlet,,0.2981559932231903,1.0831575393676758,11,0.19347426295280457,21.08482517142911
dirichlet,,0.30095186829566956,1.0103542804718018,10,0.2952110767364502,21.08482517142911
dirichlet,,0.3002464175224304,0.954919695854187,11,0.2298084795475006,21.08482517142911
dirichlet,,0.28796127438545227,1.0216599702835083,9,0.25404325127601624,21.08482517142911
dirichlet,,0.3022350072860718,1.0259349346160889,10,0.2214091569185257,21.08482517142911
dirichlet,,0.30448421835899353,1.0348156690597534,9,0.18874390423297882,21.08482517142911
dirichlet,,0.3131529688835144,1.0200763940811157,10,0.24280662834644318,21.08482517142911
dirichlet,,0.331216037273407,0.9903407096862793,12,0.19870354235172272,21.08482517142911
dirichlet,,0.31271249055862427,1.0021498203277588,10,0.25300008058547974,21.08482517142911
dirichlet,,0.3068547546863556,1.0390137434005737,9,0.17553673684597015,21.08482517142911
dirichlet,,0.2772219479084015,1.0634149312973022,11,0.2195224165916443,21.08482517142911
dirichlet,,0.29416322708129883,1.0354799032211304,11,0.24131594598293304,21.08482517142911
dirichlet,,0.2968021333217621,1.0866650342941284,11,0.22798661887645721,21.08482517142911
dirichlet,,0.29834315180778503,0.9943439364433289,10,0.235629141330719,21.08482517142911
dirichlet,,0.308718204498291,1.0068442821502686,11,0.3285087049007416,21.08482517142911
dirichlet,,0.3330669701099396,1.011937141418457,11,0.24369990825653076,21.08482517142911
dirichlet,,0.29783234000205994,1.0500984191894531,9,0.28107374906539917,21.08482517142911
dirichlet,,0.2988390028476715,1.0050115585327148,11,0.15958988666534424,21.08482517142911
dirichlet,,0.30459362268447876,1.0353834629058838,11,0.17490693926811218,21.08482517142911
dirichlet,,0.3059241473674774,1.031532645225525,11,0.2717578113079071,21.08482517142911
dirichlet,,0.32578837871551514,1.0230772495269775,10,0.21038490533828735,21.08482517142911
dirichlet,,0.3168823719024658,1.0204522609710693,10,0.20790424942970276,21.08482517142911
dirichlet,,0.2877810001373291,1.083003282546997,11,0.28703081607818604,21.08482517142911
dirichlet,,0.30163148045539856,1.070684552192688,10,0.2578040063381195,21.08482517142911
dirichlet,,0.32299330830574036,1.0746854543685913,11,0.269338995218277,21.08482517142911
dirichlet,,0.2849319577217102,1.0327131748199463,10,0.21330903470516205,21.08482517142911
dirichlet,,0.2901993691921234,1.0411516427993774,11,0.2382470965385437,21.08482517142911
dirichlet,,0.30945393443107605,0.9607111811637878,11,0.29419440031051636,21.08482517142911
dirichlet,,0.289695143699646,1.0188071727752686,11,0.2575845718383789,21.08482517142911
dirichlet,,0.2921479046344757,1.0653729438781738,10,0.2812541425228119,21.08482517142911
dirichlet,,0.2961331307888031,1.0441420078277588,9,0.24028345942497253,21.08482517142911
dirichlet,,0.3243606984615326,1.0073765516281128,11,0.29030537605285645,21.08482517142911
dirichlet,,0.3210914134979248,0.9826172590255737,11,0.23422318696975708,21.08482517142911
dirichlet,,0.31225305795669556,1.0017849206924438,11,0.3065800368785858,21.08482517142911
dirichlet,,0.2931908369064331,1.0738258361816406,11,0.2657036781311035,21.08482517142911
dirichlet,,0.3059077560901642,1.0268776416778564,10,0.20483748614788055,21.08482517142911
dirichlet,,0.3204084038734436,1.017472743988037,9,0.20016378164291382,21.08482517142911
dirichlet,,0.2728104889392853,1.0650057792663574,9,0.2825777530670166,21.08482517142911
dirichlet,,0.3174518644809723,1.0107731819152832,9,0.26217424869537354,21.08482517142911
dirichlet,,0.2965240776538849,1.0461311340332031,11,0.26688435673713684,21.08482517142911
dirichlet,,0.3042052686214447,1.0687564611434937,10,0.24996042251586914,21.08482517142911
dirichlet,,0.29071253538131714,1.0229852199554443,12,0.18977107107639313,21.08482517142911
dirichlet,,0.3073916733264923,1.0450655221939087,10,0.19180777668952942,21.08482517142911
dirichlet,,0.2877146601676941,1.076026201248169,11,0.2593924403190613,21.08482517142911
dirichlet,,0.3184548318386078,1.005827784538269,10,0.27195167541503906,21.08482517142911
dirichlet,,0.3033294677734375,1.0257678031921387,10,0.23185262084007263,21.08482517142911
dirichlet,,0.28654009103775024,1.0524628162384033,11,0.16952821612358093,21.08482517142911
dirichlet,,0.27426886558532715,1.0562682151794434,11,0.30916404724121094,21.08482517142911
dirichlet,,0.29345524311065674,1.03461754322052,11,0.2183167040348053,21.08482517142911
dirichlet,,0.3060912787914276,0.9472954869270325,10,0.186013862490654,21.08482517142911
dirichlet,,0.299336314201355,1.082916021347046,10,0.23128266632556915,21.08482517142911
dirichlet,,0.28610724210739136,1.033917784690857,10,0.19532173871994019,21.08482517142911
dirichlet,,0.2995631694793701,1.0651090145111084,10,0.21317897737026215,21.08482517142911
dirichlet,,0.3038146197795868,0.9916172027587891,11,0.17493896186351776,21.08482517142911
dirichlet,,0.2805725038051605,1.0050729513168335,11,0.23856216669082642,21.08482517142911
dirichlet,,0.30397775769233704,1.0494334697723389,9,0.26139354705810547,21.08482517142911
dirichlet,,0.2919466197490692,1.0365413427352905,11,0.3290863037109375,21.08482517142911
dirichlet,,0.30388176441192627,1.0931313037872314,9,0.260184645652771,21.08482517142911
dirichlet,,0.3125489354133606,1.057591199874878,10,0.22277773916721344,21.08482517142911
dirichlet,,0.2890683114528656,1.0609409809112549,11,0.24289411306381226,21.08482517142911
dirichlet,,0.32082173228263855,0.9716865420341492,12,0.22557160258293152,21.08482517142911
dirichlet,,0.2762743830680847,1.0368887186050415,10,0.21491093933582306,21.08482517142911
dirichlet,,0.2962906062602997,1.0390187501907349,9,0.231576070189476,21.08482517142911
dirichlet,,0.29494962096214294,1.003505825996399,11,0.1928834319114685,21.08482517142911
dirichlet,,0.2919693887233734,1.05875563621521,10,0.2969411611557007,21.08482517142911
dirichlet,,0.3174560070037842,1.0544370412826538,8,0.217691570520401,21.08482517142911
dirichlet,,0.31820616126060486,0.9724321365356445,9,0.1799916923046112,21.08482517142911
dirichlet,,0.29870131611824036,1.0964481830596924,11,0.22488349676132202,21.08482517142911
dirichlet,,0.2933632433414459,1.0223509073257446,11,0.2832464575767517,21.08482517142911
dirichlet,,0.2939329445362091,1.015260934829712,10,0.2816833257675171,21.08482517142911
dirichlet,,0.2946494221687317,1.0185158252716064,11,0.2438846230506897,21.08482517142911
dirichlet,,0.28563976287841797,1.0099464654922485,11,0.23465247452259064,21.08482517142911
dirichlet,,0.29797884821891785,1.0293768644332886,9,0.23841401934623718,21.08482517142911
dirichlet,,0.28733566403388977,1.0801820755004883,11,0.20086078345775604,21.08482517142911
dirichlet,,0.2966204583644867,1.0563641786575317,10,0.21823430061340332,21.08482517142911
dirichlet,,0.3009035289287567,1.0308700799942017,11,0.2099846452474594,21.08482517142911
dirichlet,,0.30039548873901367,1.0473458766937256,10,0.23251274228096008,21.08482517142911
dirichlet,,0.3040929436683655,1.0436420440673828,10,0.24719813466072083,21.08482517142911
dirichlet,,0.31749287247657776,1.0507433414459229,11,0.24851283431053162,21.08482517142911
dirichlet,,0.3238452672958374,0.9882465600967407,11,0.29414135217666626,21.08482517142911
dirichlet,,0.31717172265052795,1.0761510133743286,11,0.24553105235099792,21.08482517142911
dirichlet,,0.29330700635910034,1.0445430278778076,9,0.21852946281433105,21.08482517142911
dirichlet,,0.3020276725292206,1.0067367553710938,11,0.19516494870185852,21.08482517142911
dirichlet,,0.33454903960227966,1.0097333192825317,10,0.2719680070877075,21.08482517142911
dirichlet,,0.2950576841831207,1.0793133974075317,11,0.2879241108894348,21.08482517142911
dirichlet,,0.3010502755641937,1.0342363119125366,11,0.215916246175766,21.08482517142911
dirichlet,,0.27836012840270996,1.0356801748275757,10,0.26215896010398865,21.08482517142911
dirichlet,,0.29288333654403687,1.0139962434768677,11,0.2357376515865326,21.08482517142911
dirichlet,,0.3007558584213257,1.0569692850112915,10,0.2714146673679352,21.08482517142911
dirichlet,,0.3014846444129944,1.0160647630691528,11,0.1903248429298401,21.08482517142911
dirichlet,,0.29180189967155457,1.0398757457733154,11,0.25128328800201416,21.08482517142911
dirichlet,,0.316895991563797,1.053041696548462,11,0.28011083602905273,21.08482517142911
dirichlet,,0.3235059976577759,0.9910945892333984,11,0.19881342351436615,21.08482517142911
dirichlet,,0.3022855520248413,1.024566888809204,11,0.207268625497818,21.08482517142911
dirichlet,,0.2979283332824707,1.0494810342788696,10,0.1860710233449936,21.08482517142911
dirichlet,,0.29981258511543274,1.0610865354537964,12,0.304987370967865,21.08482517142911
dirichlet,,0.28988924622535706,1.0660741329193115,10,0.19386303424835205,21.08482517142911
dirichlet,,0.3028591573238373,1.0750539302825928,10,0.2605992257595062,21.08482517142911
dirichlet,,0.27301257848739624,0.9928865432739258,11,0.346932590007782,21.08482517142911
dirichlet,,0.3048325181007385,1.0128071308135986,10,0.2528732419013977,21.08482517142911
dirichlet,,0.33230316638946533,1.0199004411697388,10,0.2003282606601715,21.08482517142911
dirichlet,,0.2955036759376526,1.0204041004180908,11,0.28928810358047485,21.08482517142911
dirichlet,,0.31130877137184143,1.0158054828643799,11,0.19234994053840637,21.08482517142911
dirichlet,,0.2882126271724701,1.0225589275360107,11,0.1774558573961258,21.08482517142911
dirichlet,,0.3057572841644287,1.0573852062225342,9,0.17018690705299377,21.08482517142911
dirichlet,,0.32650989294052124,1.0866947174072266,10,0.2126733809709549,21.08482517142911
dirichlet,,0.2782735228538513,1.0011184215545654,9,0.1776806265115738,21.08482517142911
dirichlet,,0.31891193985939026,1.010851502418518,11,0.2544037103652954,21.08482517142911
dirichlet,,0.2866760492324829,1.047764539718628,11,0.2794743776321411,21.08482517142911
dirichlet,,0.28702312707901,1.0317533016204834,10,0.2541279196739197,21.08482517142911
dirichlet,,0.2948456108570099,1.006393313407898,9,0.2549015283584595,21.08482517142911
dirichlet,,0.29837918281555176,1.0175646543502808,10,0.26856833696365356,21.08482517142911
dirichlet,,0.3024500012397766,1.0417439937591553,11,0.24381355941295624,21.08482517142911
dirichlet,,0.3065280020236969,1.042685627937317,11,0.23398932814598083,21.08482517142911
dirichlet,,0.29988598823547363,1.036489486694336,11,0.21853047609329224,21.08482517142911
dirichlet,,0.3076401352882385,1.0219171047210693,11,0.21165339648723602,21.08482517142911
dirichlet,,0.2776246666908264,1.0554344654083252,11,0.3137919008731842,21.08482517142911
dirichlet,,0.3015260100364685,1.073351263999939,11,0.19332829117774963,21.08482517142911
dirichlet,,0.29958122968673706,1.016463041305542,10,0.21658974885940552,21.08482517142911
dirichlet,,0.2973337769508362,1.0535151958465576,10,0.2669179439544678,21.08482517142911
dirichlet,,0.3050675392150879,0.9970400929450989,11,0.18507280945777893,21.08482517142911
dirichlet,,0.2929510474205017,1.0580679178237915,10,0.25912120938301086,21.08482517142911
dirichlet,,0.3195800185203552,1.038678765296936,10,0.24358519911766052,21.08482517142911
dirichlet,,0.3124457597732544,1.0100823640823364,10,0.2032383680343628,21.08482517142911
dirichlet,,0.3193697929382324,1.0309228897094727,10,0.272651344537735,21.08482517142911
dirichlet,,0.28569889068603516,1.0634385347366333,10,0.23864516615867615,21.08482517142911
dirichlet,,0.30592119693756104,1.073279619216919,10,0.2988041043281555,21.08482517142911
dirichlet,,0.3113112151622772,1.0001492500305176,10,0.15925388038158417,21.08482517142911
dirichlet,,0.30532580614089966,1.057729959487915,11,0.2669035494327545,21.08482517142911
dirichlet,,0.28286752104759216,0.9856367111206055,9,0.26600706577301025,21.08482517142911
dirichlet,,0.2999632954597473,1.0099538564682007,11,0.20772799849510193,21.08482517142911
dirichlet,,0.30584844946861267,0.9575929641723633,10,0.25395259261131287,21.08482517142911
dirichlet,,0.3047983646392822,0.9654119610786438,11,0.22635233402252197,21.08482517142911
dirichlet,,0.284578412771225,1.0764153003692627,11,0.2568017840385437,21.08482517142911
dirichlet,,0.29735204577445984,1.0485330820083618,10,0.2411840707063675,21.08482517142911
dirichlet,,0.3031878173351288,0.9732073545455933,10,0.2486962527036667,21.08482517142911
dirichlet,,0.2988497018814087,0.9765744209289551,10,0.20446181297302246,21.08482517142911
dirichlet,,0.3047904074192047,1.0631191730499268,12,0.29273849725723267,21.08482517142911
dirichlet,,0.30306926369667053,1.030585527420044,11,0.2721588611602783,21.08482517142911
dirichlet,,0.28440096974372864,1.0478718280792236,11,0.24301442503929138,21.08482517142911
dirichlet,,0.2848861813545227,1.057995080947876,11,0.20447075366973877,21.08482517142911
dirichlet,,0.29377156496047974,1.0197699069976807,11,0.23097507655620575,21.08482517142911
dirichlet,,0.3020052909851074,1.0739176273345947,10,0.2531852424144745,21.08482517142911
dirichlet,,0.32177937030792236,0.973667323589325,11,0.2010326087474823,21.08482517142911
dirichlet,,0.3032994270324707,1.1045196056365967,11,0.24515677988529205,21.08482517142911
dirichlet,,0.3090902864933014,1.089352011680603,8,0.20054638385772705,21.08482517142911
dirichlet,,0.31337955594062805,1.0635987520217896,11,0.24715350568294525,21.08482517142911
dirichlet,,0.31582680344581604,1.0626736879348755,11,0.15814022719860077,21.08482517142911
dirichlet,,0.31608209013938904,1.0557961463928223,10,0.2314174473285675,21.08482517142911
dirichlet,,0.2904699146747589,1.0404284000396729,12,0.25898629426956177,21.08482517142911
dirichlet,,0.2788667380809784,1.0367021560668945,11,0.28621184825897217,21.08482517142911
dirichlet,,0.30209580063819885,0.9988992810249329,11,0.2768515646457672,21.08482517142911
dirichlet,,0.29089710116386414,1.0167394876480103,11,0.22708475589752197,21.08482517142911
dirichlet,,0.28733018040657043,1.010113000869751,9,0.23297648131847382,21.08482517142911
dirichlet,,0.32138791680336,1.010969638824463,10,0.42309650778770447,21.08482517142911
dirichlet,,0.2782520353794098,1.039769172668457,11,0.24538728594779968,21.08482517142911
dirichlet,,0.29503265023231506,0.9756309390068054,11,0.21939018368721008,21.08482517142911
dirichlet,,0.27975407242774963,1.047869324684143,9,0.22154884040355682,21.08482517142911
dirichlet,,0.30672159790992737,1.0602349042892456,10,0.2549171447753906,21.08482517142911
dirichlet,,0.30206072330474854,0.9680198431015015,10,0.22233349084854126,21.08482517142911
dirichlet,,0.30154478549957275,1.063254714012146,9,0.2814125120639801,21.08482517142911
dirichlet,,0.267895370721817,1.0559812784194946,11,0.21940872073173523,21.08482517142911
dirichlet,,0.30955368280410767,1.0403149127960205,10,0.15024030208587646,21.08482517142911
dirichlet,,0.2939760088920593,1.0846059322357178,11,0.2631216049194336,21.08482517142911
dirichlet,,0.2960017919540405,1.0554864406585693,10,0.2791890501976013,21.08482517142911
dirichlet,,0.2973340153694153,1.0040172338485718,10,0.21582461893558502,21.08482517142911
dirichlet,,0.31380289793014526,1.0006694793701172,10,0.22203174233436584,21.08482517142911
dirichlet,,0.28756117820739746,1.0287367105484009,11,0.32799166440963745,21.08482517142911
dirichlet,,0.2839812934398651,1.030794620513916,11,0.261255145072937,21.08482517142911
dirichlet,,0.32779037952423096,1.0376856327056885,9,0.22484499216079712,21.08482517142911
dirichlet,,0.269479900598526,1.0718990564346313,11,0.22720664739608765,21.08482517142911
dirichlet,,0.3052140474319458,1.0170142650604248,9,0.2837289869785309,21.08482517142911
dirichlet,,0.28985828161239624,1.0596483945846558,11,0.1794862449169159,21.08482517142911
dirichlet,,0.2999812662601471,1.0679104328155518,10,0.2908543348312378,28.11706625951745
dirichlet,,0.28989875316619873,1.037834882736206,11,0.17040887475013733,28.11706625951745
dirichlet,,0.2966243624687195,1.010306715965271,10,0.2156996726989746,28.11706625951745
dirichlet,,0.2895027697086334,1.010223627090454,10,0.16087967157363892,28.11706625951745
dirichlet,,0.3029683530330658,1.0787761211395264,10,0.1994652897119522,28.11706625951745
dirichlet,,0.2965598702430725,1.0003985166549683,11,0.2791319489479065,28.11706625951745
dirichlet,,0.32203590869903564,1.0463703870773315,11,0.2157217562198639,28.11706625951745
dirichlet,,0.29703304171562195,1.0220845937728882,10,0.24801144003868103,28.11706625951745
dirichlet,,0.30984506011009216,1.062375783920288,10,0.2387857586145401,28.11706625951745
dirichlet,,0.29483070969581604,0.9603670835494995,11,0.20253029465675354,28.11706625951745
dirichlet,,0.2794152796268463,1.0448359251022339,10,0.16358450055122375,28.11706625951745
dirichlet,,0.2940279543399811,1.0651557445526123,12,0.22861109673976898,28.11706625951745
dirichlet,,0.2918415069580078,1.0217719078063965,10,0.19457198679447174,28.11706625951745
dirichlet,,0.2874719798564911,1.0167003870010376,10,0.21327883005142212,28.11706625951745
dirichlet,,0.3048008382320404,1.0605767965316772,11,0.3297766447067261,28.11706625951745
dirichlet,,0.3121737539768219,1.0088255405426025,11,0.19864143431186676,28.11706625951745
dirichlet,,0.28489187359809875,1.0200369358062744,9,0.21973998844623566,28.11706625951745
dirichlet,,0.2859339416027069,1.0337350368499756,11,0.25439274311065674,28.11706625951745
dirichlet,,0.297272652387619,1.0494256019592285,11,0.28059595823287964,28.11706625951745
dirichlet,,0.3118968904018402,1.023852825164795,10,0.15283048152923584,28.11706625951745
dirichlet,,0.31287461519241333,1.0185835361480713,10,0.22862300276756287,28.11706625951745
dirichlet,,0.3157580494880676,1.0286837816238403,9,0.2838020622730255,28.11706625951745
dirichlet,,0.2868635356426239,1.074863314628601,12,0.17135882377624512,28.11706625951745
dirichlet,,0.30042243003845215,1.04977285861969,11,0.17982880771160126,28.11706625951745
dirichlet,,0.2968396246433258,1.0647313594818115,11,0.17012076079845428,28.11706625951745
dirichlet,,0.2959218919277191,1.0912127494812012,10,0.3086280822753906,28.11706625951745
dirichlet,,0.2999063730239868,1.0570462942123413,11,0.312641441822052,28.11706625951745
dirichlet,,0.3067491948604584,1.0291521549224854,11,0.2671120762825012,28.11706625951745
dirichlet,,0.28102079033851624,1.0716947317123413,11,0.23675976693630219,28.11706625951745
dirichlet,,0.29403209686279297,1.0433518886566162,11,0.2521309554576874,28.11706625951745
dirichlet,,0.3166220486164093,1.0717670917510986,11,0.2757304906845093,28.11706625951745
dirichlet,,0.2911187708377838,1.0023770332336426,10,0.24599438905715942,28.11706625951745
dirichlet,,0.29418450593948364,1.0369640588760376,9,0.24687054753303528,28.11706625951745
dirichlet,,0.32070693373680115,1.0625064373016357,10,0.22434157133102417,28.11706625951745
dirichlet,,0.3045172393321991,1.0378694534301758,9,0.2745325565338135,28.11706625951745
dirichlet,,0.31308043003082275,1.0293493270874023,11,0.18888232111930847,28.11706625951745
dirichlet,,0.31791263818740845,1.0073455572128296,10,0.2432442605495453,28.11706625951745
dirichlet,,0.2944042384624481,1.0193368196487427,11,0.29120317101478577,28.11706625951745
dirichlet,,0.31233417987823486,1.0236941576004028,10,0.31196409463882446,28.11706625951745
dirichlet,,0.29722875356674194,1.0075366497039795,11,0.24139252305030823,28.11706625951745
dirichlet,,0.30556726455688477,1.0717127323150635,10,0.2294289469718933,28.11706625951745
dirichlet,,0.31418126821517944,1.0195223093032837,10,0.3124483525753021,28.11706625951745
dirichlet,,0.2934662997722626,1.0567399263381958,11,0.22059111297130585,28.11706625951745
dirichlet,,0.32170671224594116,1.0022658109664917,11,0.22881007194519043,28.11706625951745
dirichlet,,0.302999347448349,1.0662195682525635,11,0.29169923067092896,28.11706625951745
dirichlet,,0.2871388792991638,1.0535250902175903,8,0.17050142586231232,28.11706625951745
dirichlet,,0.2965058386325836,1.049263834953308,10,0.2495400607585907,28.11706625951745
dirichlet,,0.30116888880729675,1.0370662212371826,11,0.1915285587310791,28.11706625951745
dirichlet,,0.29799702763557434,1.0663563013076782,11,0.27955102920532227,28.11706625951745
dirichlet,,0.3089522123336792,1.0216586589813232,10,0.2571847140789032,28.11706625951745
dirichlet,,0.2899033725261688,0.9797849655151367,10,0.269968181848526,28.11706625951745
dirichlet,,0.3020893633365631,1.0176141262054443,9,0.16923704743385315,28.11706625951745
dirichlet,,0.3221741020679474,0.955552875995636,11,0.13668930530548096,28.11706625951745
dirichlet,,0.31710875034332275,1.0853207111358643,11,0.23003001511096954,28.11706625951745
dirichlet,,0.30982211232185364,1.0001808404922485,10,0.21778836846351624,28.11706625951745
dirichlet,,0.28253328800201416,1.017246961593628,10,0.18184958398342133,28.11706625951745
dirichlet,,0.3181414306163788,1.038230538368225,10,0.21785858273506165,28.11706625951745
dirichlet,,0.29593393206596375,1.0623955726623535,11,0.19787022471427917,28.11706625951745
dirichlet,,0.3092940151691437,1.0627405643463135,10,0.2197708934545517,28.11706625951745
dirichlet,,0.3076995313167572,1.041231393814087,10,0.22411608695983887,28.11706625951745
dirichlet,,0.29640939831733704,1.0371248722076416,10,0.17563074827194214,28.11706625951745
dirichlet,,0.31082797050476074,1.0330846309661865,11,0.2538895308971405,28.11706625951745
dirichlet,,0.2829991281032562,1.0249232053756714,10,0.21333158016204834,28.11706625951745
dirichlet,,0.2962052524089813,1.0670440196990967,10,0.18884938955307007,28.11706625951745
dirichlet,,0.2958619296550751,1.0716758966445923,11,0.30842792987823486,28.11706625951745
dirichlet,,0.2791129946708679,0.9912765622138977,10,0.2264922857284546,28.11706625951745
dirichlet,,0.3114042282104492,0.9406524896621704,10,0.28368455171585083,28.11706625951745
dirichlet,,0.29750722646713257,1.0449061393737793,9,0.17385587096214294,28.11706625951745
dirichlet,,0.2712673842906952,1.0019986629486084,11,0.17308007180690765,28.11706625951745
dirichlet,,0.28298282623291016,1.011554479598999,12,0.3469120264053345,28.11706625951745
dirichlet,,0.30256569385528564,1.0415863990783691,10,0.2848811149597168,28.11706625951745
dirichlet,,0.29318296909332275,1.0520061254501343,11,0.22248908877372742,28.11706625951745
dirichlet,,0.31355199217796326,1.049005150794983,9,0.20143626630306244,28.11706625951745
dirichlet,,0.27913662791252136,0.9742003679275513,10,0.13528794050216675,28.11706625951745
dirichlet,,0.31323322653770447,1.0449209213256836,9,0.26760369539260864,28.11706625951745
dirichlet,,0.31795841455459595,1.068738579750061,10,0.2548762559890747,28.11706625951745
dirichlet,,0.3058208227157593,1.0354466438293457,9,0.3802262842655182,28.11706625951745
dirichlet,,0.3013192117214203,1.0379446744918823,10,0.3213699758052826,28.11706625951745
dirichlet,,0.31615200638771057,1.0398753881454468,10,0.2424974888563156,28.11706625951745
dirichlet,,0.2805224359035492,1.0317811965942383,11,0.23395299911499023,28.11706625951745
dirichlet,,0.2990446388721466,1.0119248628616333,12,0.22690266370773315,28.11706625951745
dirichlet,,0.29111313819885254,1.0114333629608154,10,0.3180532455444336,28.11706625951745
dirichlet,,0.30308157205581665,0.9648284912109375,10,0.304607629776001,28.11706625951745
dirichlet,,0.2804344594478607,1.1202723979949951,11,0.1984155774116516,28.11706625951745
dirichlet,,0.3133588135242462,1.0138448476791382,10,0.21310654282569885,28.11706625951745
dirichlet,,0.3017384707927704,1.0844553709030151,10,0.22701963782310486,28.11706625951745
dirichlet,,0.31390470266342163,1.0381410121917725,11,0.30026009678840637,28.11706625951745
dirichlet,,0.3170545697212219,1.0185184478759766,12,0.2840269207954407,28.11706625951745
dirichlet,,0.2900538742542267,1.028588056564331,10,0.25710001587867737,28.11706625951745
dirichlet,,0.2876070737838745,1.0593364238739014,9,0.19056828320026398,28.11706625951745
dirichlet,,0.2921019196510315,1.0644161701202393,9,0.2496582418680191,28.11706625951745
dirichlet,,0.3196985721588135,1.0208624601364136,10,0.23751750588417053,28.11706625951745
dirichlet,,0.28527817130088806,1.0794360637664795,10,0.21489977836608887,28.11706625951745
dirichlet,,0.3032870888710022,1.0669276714324951,9,0.2713683247566223,28.11706625951745
dirichlet,,0.30465734004974365,1.0620121955871582,10,0.15489555895328522,28.11706625951745
dirichlet,,0.3013707399368286,1.007414698600769,11,0.20784029364585876,28.11706625951745
dirichlet,,0.2975285053253174,1.1151844263076782,10,0.21658998727798462,28.11706625951745
dirichlet,,0.3042449355125427,0.9729207754135132,10,0.2085316777229309,28.11706625951745
dirichlet,,0.29691281914711,1.0598158836364746,10,0.1846255660057068,28.11706625951745
dirichlet,,0.2980080246925354,1.0597442388534546,9,0.2285030335187912,28.11706625951745
dirichlet,,0.30764442682266235,1.09193754196167,9,0.26974332332611084,28.11706625951745
dirichlet,,0.30459100008010864,0.9962724447250366,11,0.22989951074123383,28.11706625951745
dirichlet,,0.2984077036380768,1.016353964805603,11,0.2639244794845581,28.11706625951745
dirichlet,,0.3029056489467621,1.0228811502456665,11,0.21999040246009827,28.11706625951745
dirichlet,,0.3002857267856598,1.0628690719604492,9,0.3127494752407074,28.11706625951745
dirichlet,,0.3067765533924103,1.0478695631027222,9,0.183684304356575,28.11706625951745
dirichlet,,0.30983608961105347,1.029327154159546,11,0.2716677486896515,28.11706625951745
dirichlet,,0.3232558071613312,1.065352201461792,11,0.19241774082183838,28.11706625951745
dirichlet,,0.30080971121788025,1.066855788230896,10,0.2707022428512573,28.11706625951745
dirichlet,,0.29814615845680237,1.0417895317077637,11,0.24963808059692383,28.11706625951745
dirichlet,,0.31128835678100586,1.068829894065857,11,0.19828996062278748,28.11706625951745
dirichlet,,0.2963656187057495,1.0390276908874512,11,0.33125972747802734,28.11706625951745
dirichlet,,0.2925992012023926,1.0017420053482056,11,0.19556185603141785,28.11706625951745
dirichlet,,0.29399019479751587,1.1097174882888794,11,0.19854888319969177,28.11706625951745
dirichlet,,0.305585652589798,0.9970030784606934,11,0.2151973992586136,28.11706625951745
dirichlet,,0.2953396737575531,1.0418500900268555,9,0.19559606909751892,28.11706625951745
dirichlet,,0.2990376353263855,1.0446908473968506,9,0.2201671451330185,28.11706625951745
dirichlet,,0.2977542579174042,1.077103853225708,10,0.1692655235528946,28.11706625951745
dirichlet,,0.3108656406402588,1.0437871217727661,10,0.2125493884086609,28.11706625951745
dirichlet,,0.28136447072029114,1.0647153854370117,10,0.20704609155654907,28.11706625951745
dirichlet,,0.2887958288192749,1.0734726190567017,12,0.2780916690826416,28.11706625951745
dirichlet,,0.29603371024131775,1.0383914709091187,10,0.17890262603759766,28.11706625951745
dirichlet,,0.31015658378601074,1.0033745765686035,10,0.18956270813941956,28.11706625951745
dirichlet,,0.29141339659690857,1.0315576791763306,10,0.2400788962841034,28.11706625951745
dirichlet,,0.29162880778312683,1.0803929567337036,11,0.26765137910842896,28.11706625951745
dirichlet,,0.2913152873516083,1.0134905576705933,10,0.3562167286872864,28.11706625951745
dirichlet,,0.2901286780834198,1.0371862649917603,11,0.24100208282470703,28.11706625951745
dirichlet,,0.3105109632015228,1.0298821926116943,11,0.22655850648880005,28.11706625951745
dirichlet,,0.29419440031051636,1.0331299304962158,9,0.20910000801086426,28.11706625951745
dirichlet,,0.30444371700286865,1.0341808795928955,10,0.2571180462837219,28.11706625951745
dirichlet,,0.30455270409584045,1.0553789138793945,11,0.2519393265247345,28.11706625951745
dirichlet,,0.2918289303779602,1.0310686826705933,11,0.256513774394989,28.11706625951745
dirichlet,,0.29535409808158875,1.1036961078643799,11,0.17465826869010925,28.11706625951745
dirichlet,,0.26899734139442444,1.0489156246185303,11,0.24957606196403503,28.11706625951745
dirichlet,,0.3100527822971344,1.0918587446212769,10,0.20915372669696808,28.11706625951745
dirichlet,,0.3003807067871094,1.0378739833831787,9,0.18961158394813538,28.11706625951745
dirichlet,,0.2983890771865845,1.024842381477356,10,0.22341087460517883,28.11706625951745
dirichlet,,0.2864324152469635,1.0727688074111938,12,0.17395247519016266,28.11706625951745
dirichlet,,0.31532689929008484,1.049745798110962,10,0.2464739978313446,28.11706625951745
dirichlet,,0.2828538417816162,1.0031640529632568,11,0.25703102350234985,28.11706625951745
dirichlet,,0.30052870512008667,1.0639735460281372,10,0.2543368339538574,28.11706625951745
dirichlet,,0.2968135178089142,1.0341228246688843,9,0.25767388939857483,28.11706625951745
dirichlet,,0.3147270679473877,1.053606390953064,11,0.2128804624080658,28.11706625951745
dirichlet,,0.2799626290798187,1.0153393745422363,10,0.19993795454502106,28.11706625951745
dirichlet,,0.2939204275608063,1.0306223630905151,11,0.30619317293167114,28.11706625951745
dirichlet,,0.2953089773654938,1.0345033407211304,11,0.2980400323867798,28.11706625951745
dirichlet,,0.2959222197532654,1.0093477964401245,11,0.2558627426624298,28.11706625951745
dirichlet,,0.31662875413894653,0.9860925674438477,10,0.1711706519126892,28.11706625951745
dirichlet,,0.30780982971191406,1.0123695135116577,9,0.1547863781452179,28.11706625951745
dirichlet,,0.30338799953460693,1.0526787042617798,9,0.27123701572418213,28.11706625951745
dirichlet,,0.3162534832954407,1.0281116962432861,9,0.18195012211799622,28.11706625951745
dirichlet,,0.30193227529525757,1.0105195045471191,10,0.25072211027145386,28.11706625951745
dirichlet,,0.30922919511795044,1.040543556213379,11,0.26554161310195923,28.11706625951745
dirichlet,,0.2817090153694153,1.0084269046783447,11,0.19861666858196259,28.11706625951745
dirichlet,,0.27317872643470764,1.0335839986801147,11,0.23254278302192688,28.11706625951745
dirichlet,,0.30992457270622253,0.9879099726676941,7,0.22893238067626953,28.11706625951745
dirichlet,,0.3197118937969208,1.042446494102478,10,0.18391646444797516,28.11706625951745
dirichlet,,0.29292502999305725,1.0437400341033936,9,0.2521224617958069,28.11706625951745
dirichlet,,0.3059333562850952,1.0225404500961304,12,0.19462494552135468,28.11706625951745
dirichlet,,0.3099108636379242,0.9883748292922974,10,0.1601773202419281,28.11706625951745
dirichlet,,0.2902282178401947,1.0681593418121338,10,0.2258296012878418,28.11706625951745
dirichlet,,0.3081159293651581,1.0208179950714111,11,0.17202936112880707,28.11706625951745
dirichlet,,0.28900668025016785,1.0239429473876953,8,0.2973692715167999,28.11706625951745
dirichlet,,0.30122247338294983,1.0484880208969116,10,0.2526773512363434,28.11706625951745
dirichlet,,0.32057926058769226,0.98664790391922,9,0.22824066877365112,28.11706625951745
dirichlet,,0.2993776798248291,1.0461194515228271,11,0.19369754195213318,28.11706625951745
dirichlet,,0.3076140284538269,1.0138778686523438,12,0.16482025384902954,28.11706625951745
dirichlet,,0.2956034243106842,0.9726371765136719,10,0.27406567335128784,28.11706625951745
dirichlet,,0.31949907541275024,1.0694655179977417,10,0.29597094655036926,28.11706625951745
dirichlet,,0.30935585498809814,1.0186259746551514,12,0.2367427498102188,28.11706625951745
dirichlet,,0.29304686188697815,0.9927852749824524,10,0.223052516579628,28.11706625951745
dirichlet,,0.29591628909111023,1.0138723850250244,10,0.1920032799243927,28.11706625951745
dirichlet,,0.30410999059677124,1.0126515626907349,11,0.20548324286937714,28.11706625951745
dirichlet,,0.3186265230178833,0.9822865724563599,10,0.21913623809814453,28.11706625951745
dirichlet,,0.29861047863960266,1.0148061513900757,10,0.23312412202358246,28.11706625951745
dirichlet,,0.31402382254600525,1.033306360244751,10,0.21642594039440155,28.11706625951745
dirichlet,,0.27891799807548523,1.0865684747695923,10,0.21551014482975006,28.11706625951745
dirichlet,,0.30822163820266724,0.9974451065063477,10,0.21525682508945465,28.11706625951745
dirichlet,,0.3026103079319,1.0677077770233154,11,0.23995521664619446,28.11706625951745
dirichlet,,0.3019353151321411,0.9996903538703918,10,0.27319902181625366,28.11706625951745
dirichlet,,0.3021498918533325,1.0866409540176392,11,0.3153657913208008,28.11706625951745
dirichlet,,0.32420194149017334,1.0330345630645752,11,0.17557042837142944,28.11706625951745
dirichlet,,0.2924591600894928,1.0384413003921509,12,0.2726271450519562,28.11706625951745
dirichlet,,0.30750587582588196,1.0066988468170166,10,0.2373412400484085,28.11706625951745
dirichlet,,0.3142409324645996,1.0081714391708374,10,0.2497161477804184,28.11706625951745
dirichlet,,0.3099622130393982,1.0355327129364014,10,0.2520117163658142,28.11706625951745
dirichlet,,0.30298370122909546,1.0462294816970825,10,0.21558323502540588,28.11706625951745
dirichlet,,0.303969144821167,1.023017168045044,10,0.20009736716747284,28.11706625951745
dirichlet,,0.31850871443748474,1.022167444229126,10,0.2665814757347107,28.11706625951745
dirichlet,,0.28619644045829773,1.1024798154830933,11,0.330092191696167,28.11706625951745
dirichlet,,0.28699275851249695,1.0329657793045044,11,0.2514684796333313,28.11706625951745
dirichlet,,0.29764050245285034,1.0139483213424683,12,0.25431087613105774,28.11706625951745
dirichlet,,0.30563199520111084,1.0145763158798218,11,0.1699216663837433,28.11706625951745
dirichlet,,0.30474644899368286,1.0433244705200195,11,0.23178672790527344,28.11706625951745
dirichlet,,0.3005453646183014,1.0367960929870605,10,0.25969886779785156,28.11706625951745
dirichlet,,0.30133092403411865,0.9920122027397156,10,0.20587842166423798,28.11706625951745
dirichlet,,0.3004942536354065,0.9809935688972473,9,0.2405165433883667,28.11706625951745
dirichlet,,0.2860620617866516,1.0551915168762207,9,0.2648244798183441,28.11706625951745
dirichlet,,0.30208200216293335,1.0496726036071777,10,0.19652922451496124,28.11706625951745
dirichlet,,0.29962071776390076,1.0279834270477295,11,0.23744623363018036,28.11706625951745
dirichlet,,0.31002652645111084,1.0002719163894653,10,0.2536451816558838,28.11706625951745
dirichlet,,0.3089865744113922,1.0229604244232178,11,0.20540717244148254,28.11706625951745
dirichlet,,0.29879581928253174,1.058552622795105,11,0.2503952085971832,28.11706625951745
dirichlet,,0.2892756760120392,1.0412826538085938,11,0.23744052648544312,28.11706625951745
dirichlet,,0.2942749559879303,1.015494704246521,8,0.11906009167432785,28.11706625951745
dirichlet,,0.29208338260650635,1.0549812316894531,11,0.2653725743293762,28.11706625951745
dirichlet,,0.2878522276878357,1.0569589138031006,11,0.21788442134857178,28.11706625951745
dirichlet,,0.2969669699668884,0.9911965131759644,10,0.3531453013420105,28.11706625951745
dirichlet,,0.30861055850982666,1.0344069004058838,11,0.2265775203704834,28.11706625951745
dirichlet,,0.28302815556526184,1.0124741792678833,11,0.23747162520885468,28.11706625951745
dirichlet,,0.3012640178203583,1.0085294246673584,9,0.18127214908599854,28.11706625951745
dirichlet,,0.2893352806568146,1.0404707193374634,11,0.26219072937965393,28.11706625951745
dirichlet,,0.3043293058872223,0.9933990240097046,9,0.25441694259643555,28.11706625951745
dirichlet,,0.31675243377685547,1.0224037170410156,11,0.2016168236732483,28.11706625951745
dirichlet,,0.29006579518318176,0.9704235792160034,10,0.3035518229007721,28.11706625951745
dirichlet,,0.3006769120693207,1.043993592262268,10,0.25714311003685,28.11706625951745
dirichlet,,0.3006002604961395,0.9939252138137817,10,0.22029712796211243,28.11706625951745
dirichlet,,0.28955358266830444,1.0405747890472412,10,0.1901932805776596,28.11706625951745
dirichlet,,0.29951637983322144,1.0730278491973877,11,0.20384523272514343,28.11706625951745
dirichlet,,0.2837707996368408,1.0671077966690063,11,0.20767369866371155,28.11706625951745
dirichlet,,0.29642680287361145,1.0021965503692627,8,0.3005068004131317,28.11706625951745
dirichlet,,0.3178463280200958,1.030164122581482,9,0.22584185004234314,28.11706625951745
dirichlet,,0.31094831228256226,1.041831374168396,11,0.21662834286689758,28.11706625951745
dirichlet,,0.30057770013809204,0.9986737370491028,10,0.22506672143936157,28.11706625951745
dirichlet,,0.3055259585380554,1.0333576202392578,11,0.2211371660232544,28.11706625951745
dirichlet,,0.2869982123374939,1.0016419887542725,10,0.25225532054901123,28.11706625951745
dirichlet,,0.30746278166770935,1.0302146673202515,11,0.27236509323120117,28.11706625951745
dirichlet,,0.30900418758392334,1.055475115776062,12,0.17122440040111542,28.11706625951745
dirichlet,,0.292301207780838,1.036584496498108,10,0.2602623701095581,28.11706625951745
dirichlet,,0.30372655391693115,1.0037941932678223,11,0.2177988886833191,28.11706625951745
dirichlet,,0.30109578371047974,1.0133740901947021,11,0.30049216747283936,28.11706625951745
dirichlet,,0.3052960932254791,1.038333535194397,10,0.27506351470947266,28.11706625951745
dirichlet,,0.30090874433517456,1.0716865062713623,10,0.24693262577056885,28.11706625951745
dirichlet,,0.3050895035266876,1.0713026523590088,10,0.20944631099700928,28.11706625951745
dirichlet,,0.29938697814941406,1.0275287628173828,11,0.2077503502368927,28.11706625951745
dirichlet,,0.2897268235683441,1.0537927150726318,11,0.22598841786384583,28.11706625951745
dirichlet,,0.28572583198547363,1.0730655193328857,11,0.2206248641014099,28.11706625951745
dirichlet,,0.3122459948062897,1.033569097518921,12,0.23496666550636292,28.11706625951745
dirichlet,,0.2917606234550476,1.0486153364181519,12,0.27568382024765015,28.11706625951745
dirichlet,,0.28026485443115234,1.0721116065979004,10,0.2648313641548157,28.11706625951745
dirichlet,,0.3035609722137451,1.0540287494659424,11,0.2023596167564392,28.11706625951745
dirichlet,,0.30485475063323975,1.015456199645996,10,0.16113409399986267,28.11706625951745
dirichlet,,0.2923066020011902,1.0032548904418945,11,0.20091426372528076,28.11706625951745
dirichlet,,0.29454466700553894,1.0478296279907227,9,0.20674744248390198,28.11706625951745
dirichlet,,0.29800471663475037,1.034813404083252,10,0.2354470193386078,28.11706625951745
dirichlet,,0.2911951541900635,1.0185210704803467,10,0.21105363965034485,28.11706625951745
dirichlet,,0.30701109766960144,1.0419235229492188,11,0.24395707249641418,28.11706625951745
dirichlet,,0.30388349294662476,1.0348055362701416,12,0.25890859961509705,28.11706625951745
dirichlet,,0.32661646604537964,1.0063852071762085,10,0.2130485475063324,28.11706625951745
dirichlet,,0.2995714545249939,1.032207727432251,10,0.2554170489311218,28.11706625951745
dirichlet,,0.309075266122818,0.9961737394332886,11,0.289251446723938,28.11706625951745
dirichlet,,0.2939610183238983,0.9888294339179993,12,0.1993096023797989,28.11706625951745
dirichlet,,0.30200809240341187,1.0365331172943115,11,0.3153585195541382,28.11706625951745
dirichlet,,0.2997604310512543,1.0419656038284302,10,0.24659299850463867,28.11706625951745
dirichlet,,0.30242207646369934,1.0203626155853271,9,0.3040080666542053,28.11706625951745
dirichlet,,0.301866739988327,1.001760721206665,11,0.1992291808128357,28.11706625951745
dirichlet,,0.30732500553131104,1.035152554512024,11,0.19486743211746216,28.11706625951745
dirichlet,,0.3055938184261322,1.037348747253418,11,0.250979483127594,28.11706625951745
dirichlet,,0.29104846715927124,1.0454338788986206,11,0.20897746086120605,28.11706625951745
dirichlet,,0.29495176672935486,1.0277724266052246,11,0.2226145714521408,28.11706625951745
dirichlet,,0.31727147102355957,0.997610867023468,10,0.18908357620239258,28.11706625951745
dirichlet,,0.312196284532547,0.9895858764648438,9,0.2847103774547577,28.11706625951745
dirichlet,,0.30480197072029114,1.028788685798645,10,0.31815105676651,28.11706625951745
dirichlet,,0.3005213141441345,1.0278640985488892,12,0.22610342502593994,28.11706625951745
dirichlet,,0.2987072467803955,0.9996190071105957,8,0.24862253665924072,28.11706625951745
dirichlet,,0.28120777010917664,1.0811818838119507,11,0.23798665404319763,28.11706625951745
dirichlet,,0.30532926321029663,1.0454792976379395,11,0.24403829872608185,28.11706625951745
dirichlet,,0.3059644103050232,1.014686107635498,8,0.17490004003047943,28.11706625951745
dirichlet,,0.30959734320640564,1.0494905710220337,8,0.27421626448631287,28.11706625951745
dirichlet,,0.2975391745567322,1.0282175540924072,11,0.2786678671836853,28.11706625951745
dirichlet,,0.29943743348121643,1.0038498640060425,11,0.325650155544281,28.11706625951745
dirichlet,,0.3143594563007355,1.0497426986694336,11,0.21585234999656677,28.11706625951745
dirichlet,,0.26758071780204773,1.0312585830688477,8,0.2072061449289322,28.11706625951745
dirichlet,,0.3066033720970154,0.9938632249832153,9,0.2025662362575531,28.11706625951745
dirichlet,,0.3280666172504425,1.0097870826721191,10,0.2876640260219574,28.11706625951745
dirichlet,,0.2978251278400421,1.0319955348968506,10,0.22818489372730255,28.11706625951745
dirichlet,,0.29193809628486633,1.0253061056137085,10,0.24784508347511292,28.11706625951745
dirichlet,,0.31361502408981323,1.0659438371658325,10,0.19213543832302094,28.11706625951745
dirichlet,,0.30284547805786133,1.0267136096954346,10,0.2698836028575897,28.11706625951745
dirichlet,,0.26842522621154785,1.0144691467285156,11,0.16274157166481018,28.11706625951745
dirichlet,,0.30767279863357544,1.0107605457305908,9,0.23579280078411102,28.11706625951745
dirichlet,,0.29925283789634705,1.0075633525848389,10,0.2115727961063385,28.11706625951745
dirichlet,,0.3188857436180115,0.9951127767562866,11,0.13175532221794128,28.11706625951745
dirichlet,,0.30949196219444275,1.0473448038101196,10,0.27911025285720825,28.11706625951745
dirichlet,,0.2917296588420868,1.087652564048767,10,0.18188577890396118,28.11706625951745
dirichlet,,0.2827719449996948,0.9895607233047485,11,0.2004026472568512,28.11706625951745
dirichlet,,0.29866838455200195,1.0613605976104736,10,0.2520425319671631,28.11706625951745
dirichlet,,0.30869829654693604,1.0351662635803223,11,0.262542188167572,28.11706625951745
dirichlet,,0.3019208014011383,1.0221818685531616,11,0.2144675850868225,28.11706625951745
dirichlet,,0.29494011402130127,1.0304902791976929,10,0.1698985993862152,28.11706625951745
dirichlet,,0.3148801624774933,1.0307080745697021,11,0.20602098107337952,28.11706625951745
dirichlet,,0.2897176146507263,1.0495498180389404,11,0.23015272617340088,28.11706625951745
dirichlet,,0.2984701693058014,1.019385814666748,12,0.1969219446182251,28.11706625951745
dirichlet,,0.296325147151947,1.0066063404083252,10,0.2564848065376282,28.11706625951745
dirichlet,,0.29150524735450745,1.0507557392120361,10,0.2391277402639389,28.11706625951745
dirichlet,,0.28803300857543945,1.0630197525024414,9,0.2851400077342987,28.11706625951745
dirichlet,,0.2967921197414398,1.087444543838501,11,0.20481795072555542,28.11706625951745
dirichlet,,0.2821245491504669,1.0330852270126343,11,0.2533271014690399,28.11706625951745
dirichlet,,0.2849220633506775,0.9646661877632141,10,0.2622845768928528,28.11706625951745
dirichlet,,0.32261788845062256,1.043336033821106,9,0.2744343876838684,28.11706625951745
dirichlet,,0.28165024518966675,0.99421226978302,9,0.307506799697876,28.11706625951745
dirichlet,,0.3086584508419037,1.0275647640228271,11,0.20549681782722473,28.11706625951745
dirichlet,,0.2894577085971832,1.0788214206695557,10,0.3205743432044983,28.11706625951745
dirichlet,,0.3024824261665344,1.050636649131775,11,0.24619930982589722,28.11706625951745
dirichlet,,0.30779963731765747,1.0262469053268433,11,0.3150239884853363,28.11706625951745
dirichlet,,0.30272799730300903,1.0279918909072876,11,0.24708746373653412,28.11706625951745
dirichlet,,0.303903728723526,1.0400313138961792,11,0.19838298857212067,28.11706625951745
dirichlet,,0.31391626596450806,1.0184246301651,11,0.220920130610466,28.11706625951745
dirichlet,,0.30301353335380554,0.957900881767273,8,0.2376566231250763,28.11706625951745
dirichlet,,0.2915527820587158,1.000722050666809,10,0.23888756334781647,28.11706625951745
dirichlet,,0.31083983182907104,1.0660614967346191,11,0.12200507521629333,28.11706625951745
dirichlet,,0.2975574731826782,1.0520817041397095,9,0.24732744693756104,28.11706625951745
dirichlet,,0.3054645359516144,0.9969058036804199,10,0.1441149115562439,28.11706625951745
dirichlet,,0.2887428402900696,0.9739835858345032,9,0.3242168128490448,28.11706625951745
dirichlet,,0.3028854727745056,1.0276405811309814,11,0.21310478448867798,28.11706625951745
dirichlet,,0.2893029451370239,1.0432549715042114,10,0.18351945281028748,28.11706625951745
dirichlet,,0.29136013984680176,1.0040417909622192,11,0.30872276425361633,28.11706625951745
dirichlet,,0.29824674129486084,1.0421555042266846,12,0.20963916182518005,28.11706625951745
dirichlet,,0.3201439678668976,1.0364943742752075,10,0.2530727982521057,28.11706625951745
dirichlet,,0.28935930132865906,1.0309722423553467,11,0.20652469992637634,28.11706625951745
dirichlet,,0.2966531813144684,1.007289171218872,11,0.20682446658611298,28.11706625951745
dirichlet,,0.2873259484767914,1.0537675619125366,8,0.24426192045211792,28.11706625951745
dirichlet,,0.27950096130371094,1.04408597946167,11,0.2878648042678833,28.11706625951745
dirichlet,,0.3032675087451935,1.010667085647583,10,0.29352518916130066,28.11706625951745
dirichlet,,0.30338364839553833,1.00698983669281,10,0.25290462374687195,28.11706625951745
dirichlet,,0.30268600583076477,1.0467889308929443,11,0.332037091255188,28.11706625951745
dirichlet,,0.3091224431991577,0.9806920886039734,9,0.1908608078956604,28.11706625951745
dirichlet,,0.2791343331336975,1.0034306049346924,11,0.20369993150234222,28.11706625951745
dirichlet,,0.29280367493629456,1.009358286857605,10,0.20985549688339233,28.11706625951745
dirichlet,,0.2939493954181671,0.9801563024520874,9,0.16068875789642334,28.11706625951745
dirichlet,,0.32102298736572266,1.0078442096710205,9,0.2834102511405945,28.11706625951745
dirichlet,,0.2774409353733063,1.017940640449524,9,0.2291925847530365,28.11706625951745
dirichlet,,0.3194505572319031,1.0316694974899292,11,0.2733510732650757,28.11706625951745
dirichlet,,0.30993330478668213,1.0121688842773438,11,0.2985663414001465,28.11706625951745
dirichlet,,0.3005741834640503,1.0134923458099365,9,0.23677876591682434,28.11706625951745
dirichlet,,0.29581794142723083,1.0571695566177368,10,0.2856912314891815,28.11706625951745
dirichlet,,0.30609580874443054,1.052100419998169,11,0.273853063583374,28.11706625951745
dirichlet,,0.3035604953765869,1.0330886840820312,11,0.2035636305809021,28.11706625951745
dirichlet,,0.2943415343761444,1.0523736476898193,11,0.1816607266664505,28.11706625951745
dirichlet,,0.29512619972229004,1.0422242879867554,10,0.32356590032577515,28.11706625951745
dirichlet,,0.3030686676502228,1.0082517862319946,11,0.24578794836997986,28.11706625951745
dirichlet,,0.30951428413391113,1.0479657649993896,11,0.22844916582107544,28.11706625951745
dirichlet,,0.3098199665546417,0.9872442483901978,10,0.2440473437309265,28.11706625951745
dirichlet,,0.30737993121147156,1.0156751871109009,10,0.1905531883239746,28.11706625951745
dirichlet,,0.2967661917209625,1.0682506561279297,10,0.23626267910003662,28.11706625951745
dirichlet,,0.2985568344593048,1.0011330842971802,10,0.179410919547081,28.11706625951745
dirichlet,,0.30628445744514465,1.0496739149093628,11,0.29590463638305664,28.11706625951745
dirichlet,,0.3088994026184082,1.0182949304580688,10,0.24712024629116058,28.11706625951745
dirichlet,,0.28788459300994873,1.0097386837005615,11,0.2934001088142395,28.11706625951745
dirichlet,,0.3069417178630829,1.0222398042678833,11,0.3129960000514984,28.11706625951745
dirichlet,,0.2923421263694763,1.04524564743042,11,0.2462759017944336,28.11706625951745
dirichlet,,0.28192034363746643,1.053067684173584,11,0.25407886505126953,28.11706625951745
dirichlet,,0.30038464069366455,1.047420620918274,10,0.256633460521698,28.11706625951745
dirichlet,,0.30271008610725403,1.0409481525421143,12,0.2585410475730896,28.11706625951745
dirichlet,,0.29466870427131653,1.020573616027832,10,0.23071852326393127,28.11706625951745
dirichlet,,0.2960904836654663,1.0710647106170654,10,0.2574405372142792,28.11706625951745
dirichlet,,0.299610435962677,1.0031399726867676,11,0.21465468406677246,28.11706625951745
dirichlet,,0.3133101165294647,1.0363980531692505,11,0.24057336151599884,28.11706625951745
dirichlet,,0.2972240447998047,1.0339367389678955,11,0.30383339524269104,28.11706625951745
dirichlet,,0.30756279826164246,1.0278549194335938,10,0.30330538749694824,28.11706625951745
dirichlet,,0.28460946679115295,1.0067832469940186,11,0.19768750667572021,28.11706625951745
dirichlet,,0.29889798164367676,1.0329210758209229,10,0.1385592520236969,28.11706625951745
dirichlet,,0.3070898950099945,1.035992980003357,11,0.279827743768692,28.11706625951745
dirichlet,,0.3013443052768707,1.070866584777832,11,0.26818031072616577,28.11706625951745
dirichlet,,0.3078739047050476,0.9763008952140808,11,0.253753125667572,28.11706625951745
dirichlet,,0.299185574054718,1.0709412097930908,11,0.23488575220108032,28.11706625951745
dirichlet,,0.30529651045799255,0.9613587260246277,11,0.19425958395004272,28.11706625951745
dirichlet,,0.2933659255504608,1.0608670711517334,9,0.2005762904882431,28.11706625951745
dirichlet,,0.3127553462982178,1.011287808418274,12,0.3029683530330658,28.11706625951745
dirichlet,,0.3207319676876068,1.030390739440918,10,0.24911540746688843,28.11706625951745
dirichlet,,0.2950221300125122,1.0382415056228638,11,0.22397060692310333,28.11706625951745
dirichlet,,0.3192889988422394,1.0496737957000732,10,0.25278016924858093,28.11706625951745
dirichlet,,0.29738473892211914,1.0391082763671875,10,0.24988430738449097,28.11706625951745
dirichlet,,0.29005423188209534,1.0646129846572876,10,0.18930815160274506,28.11706625951745
dirichlet,,0.32012271881103516,0.9741032719612122,11,0.24845463037490845,28.11706625951745
dirichlet,,0.3184625804424286,1.0077182054519653,10,0.19376714527606964,28.11706625951745
dirichlet,,0.2923908233642578,1.0418076515197754,11,0.21103420853614807,28.11706625951745
dirichlet,,0.30160605907440186,1.0045868158340454,10,0.23339121043682098,28.11706625951745
dirichlet,,0.29483044147491455,1.085918664932251,11,0.2624307870864868,28.11706625951745
dirichlet,,0.299843966960907,0.9905363321304321,11,0.23528559505939484,28.11706625951745
dirichlet,,0.309887558221817,0.9892659187316895,11,0.2483903467655182,28.11706625951745
dirichlet,,0.3122914731502533,1.0993762016296387,11,0.38322222232818604,28.11706625951745
dirichlet,,0.2916269302368164,1.0264086723327637,11,0.19278816878795624,28.11706625951745
dirichlet,,0.298795610666275,1.0501821041107178,9,0.19819140434265137,28.11706625951745
dirichlet,,0.3063177764415741,1.0454797744750977,10,0.19444012641906738,28.11706625951745
dirichlet,,0.3041929304599762,1.013532280921936,10,0.2574337422847748,28.11706625951745
dirichlet,,0.2975099980831146,1.030540943145752,10,0.26102155447006226,28.11706625951745
dirichlet,,0.30475884675979614,1.056287169456482,11,0.19310221076011658,28.11706625951745
dirichlet,,0.3031763732433319,1.0179342031478882,10,0.2622367739677429,28.11706625951745
dirichlet,,0.30318328738212585,1.0697896480560303,11,0.3719336986541748,28.11706625951745
dirichlet,,0.28278884291648865,1.0089341402053833,9,0.18666669726371765,28.11706625951745
dirichlet,,0.29463350772857666,1.014223337173462,10,0.27637314796447754,28.11706625951745
dirichlet,,0.3091409206390381,1.0248429775238037,10,0.27051883935928345,28.11706625951745
dirichlet,,0.2814921438694,1.0148862600326538,10,0.24143213033676147,28.11706625951745
dirichlet,,0.3001233637332916,1.0894488096237183,11,0.24192515015602112,28.11706625951745
dirichlet,,0.2988131046295166,1.048224925994873,11,0.1840955913066864,28.11706625951745
dirichlet,,0.3094102740287781,1.0365482568740845,10,0.25554710626602173,28.11706625951745
dirichlet,,0.2900279462337494,1.0101817846298218,11,0.21163657307624817,28.11706625951745
dirichlet,,0.2956516444683075,1.0566556453704834,9,0.2239227592945099,28.11706625951745
dirichlet,,0.33553338050842285,1.0057023763656616,9,0.2727084159851074,28.11706625951745
dirichlet,,0.3010960519313812,1.0052382946014404,11,0.30342602729797363,37.494710466622784
dirichlet,,0.299872487783432,1.027003526687622,11,0.26024603843688965,37.494710466622784
dirichlet,,0.29769471287727356,1.0467778444290161,10,0.21558839082717896,37.494710466622784
dirichlet,,0.28881001472473145,1.0548877716064453,11,0.20105747878551483,37.494710466622784
dirichlet,,0.3237663805484772,1.0112292766571045,11,0.26859715580940247,37.494710466622784
dirichlet,,0.30406367778778076,1.0428099632263184,10,0.21181544661521912,37.494710466622784
dirichlet,,0.2785451114177704,1.0607430934906006,10,0.26440146565437317,37.494710466622784
dirichlet,,0.29878661036491394,0.993283748626709,9,0.1895628422498703,37.494710466622784
dirichlet,,0.2829347252845764,1.023621678352356,10,0.2610436677932739,37.494710466622784
dirichlet,,0.29849979281425476,1.083983063697815,10,0.21811580657958984,37.494710466622784
dirichlet,,0.3206942677497864,1.0210697650909424,10,0.2535713016986847,37.494710466622784
dirichlet,,0.2956259846687317,1.0428723096847534,9,0.286525160074234,37.494710466622784
dirichlet,,0.2891722023487091,1.053309440612793,10,0.24447497725486755,37.494710466622784
dirichlet,,0.2942889332771301,1.0653131008148193,11,0.2214486002922058,37.494710466622784
dirichlet,,0.2894754409790039,1.0478010177612305,10,0.2168796956539154,37.494710466622784
dirichlet,,0.2913113534450531,1.0005325078964233,11,0.20509091019630432,37.494710466622784
dirichlet,,0.2923170030117035,1.005279302597046,11,0.21334150433540344,37.494710466622784
dirichlet,,0.31313958764076233,1.0495469570159912,10,0.26956209540367126,37.494710466622784
dirichlet,,0.315457284450531,1.0122209787368774,11,0.18554463982582092,37.494710466622784
dirichlet,,0.31628793478012085,1.0700194835662842,11,0.2535823583602905,37.494710466622784
dirichlet,,0.2740539014339447,1.019629716873169,11,0.22152183949947357,37.494710466622784
dirichlet,,0.3124609887599945,1.0021154880523682,10,0.20465512573719025,37.494710466622784
dirichlet,,0.29982203245162964,1.05335533618927,10,0.17530116438865662,37.494710466622784
dirichlet,,0.3073819875717163,0.998345673084259,11,0.20521944761276245,37.494710466622784
dirichlet,,0.3045734763145447,1.02925443649292,10,0.264071524143219,37.494710466622784
dirichlet,,0.29744774103164673,1.052701711654663,11,0.2686566710472107,37.494710466622784
dirichlet,,0.29041585326194763,1.0374811887741089,12,0.285074383020401,37.494710466622784
dirichlet,,0.30199134349823,1.0214718580245972,12,0.2646615505218506,37.494710466622784
dirichlet,,0.30916208028793335,1.0223405361175537,11,0.21396267414093018,37.494710466622784
dirichlet,,0.2995358407497406,1.016007661819458,11,0.237177312374115,37.494710466622784
dirichlet,,0.2907656729221344,1.0306775569915771,11,0.21501341462135315,37.494710466622784
dirichlet,,0.3066082000732422,1.0689113140106201,9,0.2112131118774414,37.494710466622784
dirichlet,,0.29997947812080383,1.0269123315811157,10,0.3192436099052429,37.494710466622784
dirichlet,,0.31148314476013184,1.0451563596725464,11,0.2228066623210907,37.494710466622784
dirichlet,,0.2970651090145111,1.0429885387420654,9,0.21443018317222595,37.494710466622784
dirichlet,,0.28343552350997925,1.0395703315734863,10,0.1514604389667511,37.494710466622784
dirichlet,,0.2932392358779907,1.0412181615829468,11,0.24103473126888275,37.494710466622784
dirichlet,,0.3014393448829651,1.0271974802017212,11,0.1980644315481186,37.494710466622784
dirichlet,,0.30058079957962036,0.9886077046394348,11,0.2247813642024994,37.494710466622784
dirichlet,,0.29387038946151733,1.0332114696502686,10,0.2688075304031372,37.494710466622784
dirichlet,,0.3054547607898712,1.1015348434448242,11,0.30012357234954834,37.494710466622784
dirichlet,,0.3067903220653534,1.070565938949585,10,0.22129642963409424,37.494710466622784
dirichlet,,0.3069551885128021,1.030402660369873,10,0.25028008222579956,37.494710466622784
dirichlet,,0.3059993386268616,1.0053331851959229,11,0.2174510508775711,37.494710466622784
dirichlet,,0.30172333121299744,0.9798464775085449,11,0.2285861074924469,37.494710466622784
dirichlet,,0.2906700372695923,1.0301997661590576,10,0.19614671170711517,37.494710466622784
dirichlet,,0.29475486278533936,1.0451290607452393,11,0.2109612673521042,37.494710466622784
dirichlet,,0.2916649878025055,1.032954216003418,11,0.25193673372268677,37.494710466622784
dirichlet,,0.30721086263656616,1.032634973526001,11,0.30788105726242065,37.494710466622784
dirichlet,,0.3062281310558319,0.9981638193130493,9,0.16758303344249725,37.494710466622784
dirichlet,,0.318168967962265,1.0261390209197998,11,0.2051008641719818,37.494710466622784
dirichlet,,0.2987389862537384,1.0295265913009644,9,0.2503599226474762,37.494710466622784
dirichlet,,0.2918499708175659,1.0320795774459839,11,0.2704475522041321,37.494710466622784
dirichlet,,0.31244781613349915,1.0211389064788818,11,0.2597593069076538,37.494710466622784
dirichlet,,0.3055962920188904,1.0244026184082031,11,0.17808401584625244,37.494710466622784
dirichlet,,0.30292022228240967,1.003378987312317,11,0.23085299134254456,37.494710466622784
dirichlet,,0.3091129958629608,1.0540865659713745,10,0.2840716242790222,37.494710466622784
dirichlet,,0.3120918869972229,1.0266900062561035,11,0.28019440174102783,37.494710466622784
dirichlet,,0.3064507246017456,1.0004608631134033,10,0.2358110100030899,37.494710466622784
dirichlet,,0.29730045795440674,1.0046199560165405,10,0.22560378909111023,37.494710466622784
dirichlet,,0.3151955306529999,1.0235686302185059,12,0.2286192774772644,37.494710466622784
dirichlet,,0.3046165704727173,1.0250318050384521,10,0.14719124138355255,37.494710466622784
dirichlet,,0.29965195059776306,1.0187244415283203,11,0.22632573544979095,37.494710466622784
dirichlet,,0.30075952410697937,0.9962302446365356,11,0.22720561921596527,37.494710466622784
dirichlet,,0.29611673951148987,1.0490549802780151,11,0.3187858462333679,37.494710466622784
dirichlet,,0.2997419238090515,1.0096609592437744,9,0.2368532419204712,37.494710466622784
dirichlet,,0.2907295227050781,1.0487178564071655,9,0.2242138683795929,37.494710466622784
dirichlet,,0.3011341691017151,1.021982192993164,11,0.17208343744277954,37.494710466622784
dirichlet,,0.29984185099601746,0.9932063817977905,11,0.28898417949676514,37.494710466622784
dirichlet,,0.3086410164833069,1.0061522722244263,10,0.21888482570648193,37.494710466622784
dirichlet,,0.30632394552230835,1.0168381929397583,10,0.21556463837623596,37.494710466622784
dirichlet,,0.2997942268848419,1.0228629112243652,11,0.17428092658519745,37.494710466622784
dirichlet,,0.3031056821346283,1.0921911001205444,10,0.20174142718315125,37.494710466622784
dirichlet,,0.2752284109592438,1.0671017169952393,11,0.28121745586395264,37.494710466622784
dirichlet,,0.30941978096961975,1.0226671695709229,10,0.290497362613678,37.494710466622784
dirichlet,,0.2987336814403534,1.0066107511520386,10,0.24136102199554443,37.494710466622784
dirichlet,,0.29582247138023376,1.0625611543655396,11,0.2139187455177307,37.494710466622784
dirichlet,,0.29458966851234436,1.0052491426467896,10,0.26725149154663086,37.494710466622784
dirichlet,,0.30521851778030396,0.9651867747306824,9,0.22457468509674072,37.494710466622784
dirichlet,,0.3111319839954376,1.0396623611450195,11,0.29349642992019653,37.494710466622784
dirichlet,,0.2781364321708679,1.084450602531433,11,0.20477762818336487,37.494710466622784
dirichlet,,0.2948756814002991,1.0347185134887695,11,0.2668117880821228,37.494710466622784
dirichlet,,0.2952370345592499,0.9595345258712769,9,0.1980748176574707,37.494710466622784
dirichlet,,0.3056156635284424,1.0024945735931396,11,0.1799265444278717,37.494710466622784
dirichlet,,0.29379335045814514,1.0411088466644287,11,0.2419143170118332,37.494710466622784
dirichlet,,0.28829172253608704,1.0375686883926392,10,0.2656250298023224,37.494710466622784
dirichlet,,0.31068485975265503,1.052479863166809,11,0.35839080810546875,37.494710466622784
dirichlet,,0.3086637556552887,1.0266727209091187,11,0.2430408000946045,37.494710466622784
dirichlet,,0.303571879863739,1.0738738775253296,10,0.2775530219078064,37.494710466622784
dirichlet,,0.29270774126052856,1.012833833694458,11,0.191856250166893,37.494710466622784
dirichlet,,0.3029724061489105,1.0181413888931274,11,0.19192449748516083,37.494710466622784
dirichlet,,0.2907200753688812,1.0305202007293701,10,0.2074938416481018,37.494710466622784
dirichlet,,0.30999958515167236,1.02976393699646,11,0.21495169401168823,37.494710466622784
dirichlet,,0.29045119881629944,1.0383226871490479,11,0.23052115738391876,37.494710466622784
dirichlet,,0.3157176971435547,1.0425550937652588,11,0.21755652129650116,37.494710466622784
dirichlet,,0.29166704416275024,1.0451146364212036,11,0.22208039462566376,37.494710466622784
dirichlet,,0.3114222288131714,1.047173023223877,10,0.27408933639526367,37.494710466622784
dirichlet,,0.30877724289894104,1.0443707704544067,10,0.24062177538871765,37.494710466622784
dirichlet,,0.2946772277355194,1.0305641889572144,10,0.2701626121997833,37.494710466622784
dirichlet,,0.29860788583755493,1.010020136833191,9,0.27530765533447266,37.494710466622784
dirichlet,,0.30334722995758057,1.0508424043655396,10,0.3068435788154602,37.494710466622784
dirichlet,,0.2998524308204651,1.0449984073638916,10,0.2530275583267212,37.494710466622784
dirichlet,,0.3064478635787964,1.0139590501785278,11,0.18952107429504395,37.494710466622784
dirichlet,,0.2902761697769165,1.0585193634033203,11,0.20772133767604828,37.494710466622784
dirichlet,,0.2905355393886566,1.0499858856201172,10,0.25940296053886414,37.494710466622784
dirichlet,,0.3103366494178772,1.0157036781311035,12,0.23116359114646912,37.494710466622784
dirichlet,,0.2983541488647461,1.0310654640197754,10,0.22506222128868103,37.494710466622784
dirichlet,,0.30523961782455444,1.0400474071502686,11,0.24761438369750977,37.494710466622784
dirichlet,,0.29715076088905334,1.057982325553894,11,0.1656087338924408,37.494710466622784
dirichlet,,0.29654568433761597,0.9775460362434387,9,0.2602037489414215,37.494710466622784
dirichlet,,0.30226975679397583,1.0331614017486572,9,0.2785870432853699,37.494710466622784
dirichlet,,0.3235500156879425,1.0498440265655518,8,0.2965245246887207,37.494710466622784
dirichlet,,0.2843397259712219,1.0552310943603516,10,0.27208322286605835,37.494710466622784
dirichlet,,0.3068276047706604,1.0057579278945923,11,0.28165867924690247,37.494710466622784
dirichlet,,0.3142980933189392,1.0275957584381104,10,0.1950799524784088,37.494710466622784
dirichlet,,0.30028870701789856,1.0618293285369873,8,0.17076289653778076,37.494710466622784
dirichlet,,0.3022918701171875,1.0118463039398193,10,0.23879165947437286,37.494710466622784
dirichlet,,0.30777987837791443,1.014498233795166,11,0.34382498264312744,37.494710466622784
dirichlet,,0.3007151186466217,1.0239077806472778,11,0.18409936130046844,37.494710466622784
dirichlet,,0.2954140603542328,1.0613892078399658,11,0.3100695312023163,37.494710466622784
dirichlet,,0.308960884809494,1.0612140893936157,11,0.2423107922077179,37.494710466622784
dirichlet,,0.28654301166534424,1.0214574337005615,10,0.28475841879844666,37.494710466622784
dirichlet,,0.2967149615287781,1.0411027669906616,11,0.21428608894348145,37.494710466622784
dirichlet,,0.28117457032203674,1.0467462539672852,11,0.2302454113960266,37.494710466622784
dirichlet,,0.2977333664894104,1.0064671039581299,9,0.21363770961761475,37.494710466622784
dirichlet,,0.3043636083602905,1.0378146171569824,11,0.23822683095932007,37.494710466622784
dirichlet,,0.3058507442474365,1.0355947017669678,11,0.17904850840568542,37.494710466622784
dirichlet,,0.2959436774253845,1.0391972064971924,10,0.16612102091312408,37.494710466622784
dirichlet,,0.29674574732780457,1.0732107162475586,10,0.22153505682945251,37.494710466622784
dirichlet,,0.288897305727005,1.046903371810913,11,0.2196228951215744,37.494710466622784
dirichlet,,0.300583153963089,1.0315487384796143,10,0.18856123089790344,37.494710466622784
dirichlet,,0.2973253130912781,1.0267250537872314,10,0.2264745533466339,37.494710466622784
dirichlet,,0.30945083498954773,1.0259373188018799,11,0.2362302839756012,37.494710466622784
dirichlet,,0.30998727679252625,1.05454421043396,11,0.27669617533683777,37.494710466622784
dirichlet,,0.29478517174720764,1.0105551481246948,11,0.219387024641037,37.494710466622784
dirichlet,,0.2818391025066376,1.0409560203552246,11,0.25648176670074463,37.494710466622784
dirichlet,,0.3040093183517456,1.0015830993652344,11,0.25932836532592773,37.494710466622784
dirichlet,,0.3019760549068451,1.0227863788604736,11,0.24868303537368774,37.494710466622784
dirichlet,,0.31275442242622375,1.0137946605682373,10,0.2530014216899872,37.494710466622784
dirichlet,,0.29030874371528625,1.020115613937378,8,0.18382427096366882,37.494710466622784
dirichlet,,0.2796276807785034,1.0347621440887451,11,0.2549212574958801,37.494710466622784
dirichlet,,0.2999061048030853,0.9940440058708191,11,0.21852314472198486,37.494710466622784
dirichlet,,0.2924038767814636,0.9827858805656433,11,0.2889375388622284,37.494710466622784
dirichlet,,0.29484501481056213,1.0540735721588135,9,0.24730713665485382,37.494710466622784
dirichlet,,0.29465362429618835,1.053980827331543,8,0.2604179382324219,37.494710466622784
dirichlet,,0.306010365486145,1.0229829549789429,11,0.284324049949646,37.494710466622784
dirichlet,,0.3042120039463043,0.9890928268432617,9,0.2209804654121399,37.494710466622784
dirichlet,,0.31623774766921997,1.0411170721054077,10,0.24145036935806274,37.494710466622784
dirichlet,,0.29961398243904114,1.0356100797653198,10,0.23212018609046936,37.494710466622784
dirichlet,,0.30646997690200806,1.012948751449585,9,0.24776533246040344,37.494710466622784
dirichlet,,0.292172908782959,1.0288379192352295,9,0.21491564810276031,37.494710466622784
dirichlet,,0.2961922883987427,1.0914397239685059,11,0.20082150399684906,37.494710466622784
dirichlet,,0.2858331799507141,1.077662706375122,12,0.17583692073822021,37.494710466622784
dirichlet,,0.28796321153640747,1.0743935108184814,12,0.2076992392539978,37.494710466622784
dirichlet,,0.300415575504303,1.0135633945465088,11,0.255479097366333,37.494710466622784
dirichlet,,0.3046845495700836,1.0598143339157104,12,0.19143632054328918,37.494710466622784
dirichlet,,0.30266934633255005,1.0010285377502441,10,0.18036706745624542,37.494710466622784
dirichlet,,0.2851828336715698,1.0288209915161133,10,0.28030920028686523,37.494710466622784
dirichlet,,0.30401113629341125,1.0160024166107178,10,0.2028043270111084,37.494710466622784
dirichlet,,0.28611505031585693,1.029313325881958,10,0.24422720074653625,37.494710466622784
dirichlet,,0.3049847483634949,1.027097463607788,10,0.19376018643379211,37.494710466622784
dirichlet,,0.3123629689216614,0.9762033224105835,11,0.19406640529632568,37.494710466622784
dirichlet,,0.3095209300518036,0.9792019128799438,10,0.18322303891181946,37.494710466622784
dirichlet,,0.30664345622062683,1.0156269073486328,10,0.2329791933298111,37.494710466622784
dirichlet,,0.27829253673553467,1.0621755123138428,10,0.2533755600452423,37.494710466622784
dirichlet,,0.30042678117752075,1.0280907154083252,11,0.17210856080055237,37.494710466622784
dirichlet,,0.3116883933544159,1.0274159908294678,9,0.2196548730134964,37.494710466622784
dirichlet,,0.3091287910938263,1.0460727214813232,10,0.2531541585922241,37.494710466622784
dirichlet,,0.2947610914707184,1.0443739891052246,7,0.2815926969051361,37.494710466622784
dirichlet,,0.2848696708679199,1.0591156482696533,11,0.20606651902198792,37.494710466622784
dirichlet,,0.2916097342967987,1.0684497356414795,10,0.2122235894203186,37.494710466622784
dirichlet,,0.2991042137145996,1.0280969142913818,10,0.21240702271461487,37.494710466622784
dirichlet,,0.2899603843688965,1.0334750413894653,10,0.23876146972179413,37.494710466622784
dirichlet,,0.30987006425857544,1.0207053422927856,12,0.23850005865097046,37.494710466622784
dirichlet,,0.3006570339202881,0.9981003999710083,10,0.20462803542613983,37.494710466622784
dirichlet,,0.2978211045265198,1.040433645248413,11,0.23473507165908813,37.494710466622784
dirichlet,,0.3012518584728241,1.0343533754348755,10,0.3324163258075714,37.494710466622784
dirichlet,,0.30032259225845337,0.9991920590400696,9,0.1712372601032257,37.494710466622784
dirichlet,,0.29741284251213074,1.0467441082000732,10,0.27139267325401306,37.494710466622784
dirichlet,,0.3036676049232483,1.1126827001571655,11,0.2377951443195343,37.494710466622784
dirichlet,,0.30048421025276184,1.0340096950531006,10,0.23597832024097443,37.494710466622784
dirichlet,,0.3116564452648163,1.066926121711731,10,0.2898552715778351,37.494710466622784
dirichlet,,0.3033524453639984,1.06944739818573,10,0.3076542913913727,37.494710466622784
dirichlet,,0.27746856212615967,1.069786548614502,10,0.202882781624794,37.494710466622784
dirichlet,,0.30276817083358765,1.0433580875396729,11,0.18855728209018707,37.494710466622784
dirichlet,,0.28744664788246155,1.0481055974960327,11,0.2341555953025818,37.494710466622784
dirichlet,,0.295413613319397,1.0419185161590576,11,0.2795637845993042,37.494710466622784
dirichlet,,0.3093206584453583,1.0650732517242432,10,0.26284655928611755,37.494710466622784
dirichlet,,0.2907945215702057,0.9866061210632324,9,0.2801019251346588,37.494710466622784
dirichlet,,0.28907880187034607,1.0657927989959717,10,0.24550145864486694,37.494710466622784
dirichlet,,0.31027913093566895,1.0840052366256714,11,0.19963118433952332,37.494710466622784
dirichlet,,0.30790823698043823,0.9888372421264648,10,0.2003275454044342,37.494710466622784
dirichlet,,0.29991546273231506,1.005448579788208,9,0.20807431638240814,37.494710466622784
dirichlet,,0.28581365942955017,1.0302308797836304,11,0.19712531566619873,37.494710466622784
dirichlet,,0.2996523082256317,1.0591844320297241,11,0.3036367893218994,37.494710466622784
dirichlet,,0.3010125458240509,1.0121026039123535,10,0.22976994514465332,37.494710466622784
dirichlet,,0.32527217268943787,1.0255242586135864,12,0.23330825567245483,37.494710466622784
dirichlet,,0.3052337169647217,1.0296481847763062,10,0.286517858505249,37.494710466622784
dirichlet,,0.30309513211250305,1.1228408813476562,9,0.27751070261001587,37.494710466622784
dirichlet,,0.3110145926475525,1.0708465576171875,10,0.2425006777048111,37.494710466622784
dirichlet,,0.29177558422088623,1.0400196313858032,10,0.24751336872577667,37.494710466622784
dirichlet,,0.311415433883667,1.0326550006866455,10,0.2569722831249237,37.494710466622784
dirichlet,,0.29413944482803345,1.057931661605835,10,0.2585446238517761,37.494710466622784
dirichlet,,0.291946679353714,1.0648510456085205,11,0.2888399362564087,37.494710466622784
dirichlet,,0.2969749867916107,0.9958232045173645,9,0.27843981981277466,37.494710466622784
dirichlet,,0.3084900379180908,1.0261337757110596,11,0.22040343284606934,37.494710466622784
dirichlet,,0.294772744178772,1.0169559717178345,11,0.22429883480072021,37.494710466622784
dirichlet,,0.3008367419242859,1.0501697063446045,10,0.23366603255271912,37.494710466622784
dirichlet,,0.28842031955718994,1.0257208347320557,11,0.2180449366569519,37.494710466622784
dirichlet,,0.2994984984397888,1.022993564605713,10,0.19227910041809082,37.494710466622784
dirichlet,,0.30002158880233765,1.0306295156478882,11,0.19033309817314148,37.494710466622784
dirichlet,,0.30132952332496643,1.0338236093521118,11,0.2294573038816452,37.494710466622784
dirichlet,,0.3008129894733429,1.0312786102294922,11,0.24384412169456482,37.494710466622784
dirichlet,,0.293756902217865,1.032840609550476,11,0.36479055881500244,37.494710466622784
dirichlet,,0.2893165946006775,1.0084396600723267,11,0.23626092076301575,37.494710466622784
dirichlet,,0.29358428716659546,1.081275224685669,11,0.22057032585144043,37.494710466622784
dirichlet,,0.29609110951423645,1.0534112453460693,10,0.21990978717803955,37.494710466622784
dirichlet,,0.3116563558578491,1.0000934600830078,10,0.1711074858903885,37.494710466622784
dirichlet,,0.28692954778671265,1.0249567031860352,10,0.20445707440376282,37.494710466622784
dirichlet,,0.29159438610076904,1.0334250926971436,11,0.20314942300319672,37.494710466622784
dirichlet,,0.3074214458465576,1.002558946609497,10,0.26087960600852966,37.494710466622784
dirichlet,,0.30543896555900574,1.0148731470108032,10,0.22172492742538452,37.494710466622784
dirichlet,,0.3082541823387146,1.002988576889038,9,0.18463259935379028,37.494710466622784
dirichlet,,0.29849714040756226,1.037213921546936,9,0.1580287218093872,37.494710466622784
dirichlet,,0.30907490849494934,1.0069777965545654,10,0.20241686701774597,37.494710466622784
dirichlet,,0.3001548945903778,1.0622612237930298,10,0.2348119616508484,37.494710466622784
dirichlet,,0.30658212304115295,1.0704094171524048,10,0.2967737913131714,37.494710466622784
dirichlet,,0.3092093765735626,1.0251418352127075,10,0.23398390412330627,37.494710466622784
dirichlet,,0.28346630930900574,1.0430991649627686,11,0.21470636129379272,37.494710466622784
dirichlet,,0.29996630549430847,1.0326473712921143,11,0.2589215040206909,37.494710466622784
dirichlet,,0.30008190870285034,1.0463054180145264,10,0.22286055982112885,37.494710466622784
dirichlet,,0.30666840076446533,1.0351427793502808,10,0.2619689702987671,37.494710466622784
dirichlet,,0.29265397787094116,1.0386631488800049,11,0.24405933916568756,37.494710466622784
dirichlet,,0.3142588436603546,1.0435166358947754,10,0.1931958794593811,37.494710466622784
dirichlet,,0.3227837383747101,1.0049675703048706,9,0.29044240713119507,37.494710466622784
dirichlet,,0.3159141540527344,1.027455449104309,10,0.3494725227355957,37.494710466622784
dirichlet,,0.30354031920433044,1.0185573101043701,10,0.26204317808151245,37.494710466622784
dirichlet,,0.287288099527359,1.020363450050354,11,0.18915113806724548,37.494710466622784
dirichlet,,0.2988797724246979,1.0429551601409912,11,0.21776562929153442,37.494710466622784
dirichlet,,0.2913553714752197,1.0554072856903076,11,0.2656365633010864,37.494710466622784
dirichlet,,0.29749545454978943,1.0583627223968506,9,0.25014838576316833,37.494710466622784
dirichlet,,0.2910161018371582,1.0292322635650635,9,0.19584758579730988,37.494710466622784
dirichlet,,0.29073235392570496,1.0512031316757202,9,0.32471296191215515,37.494710466622784
dirichlet,,0.27441298961639404,1.0308483839035034,11,0.22784283757209778,37.494710466622784
dirichlet,,0.29062342643737793,1.011412501335144,10,0.18062928318977356,37.494710466622784
dirichlet,,0.29313433170318604,1.0210988521575928,10,0.22685272991657257,37.494710466622784
dirichlet,,0.3055844306945801,1.0731399059295654,10,0.2338612973690033,37.494710466622784
dirichlet,,0.28216490149497986,1.0124571323394775,11,0.2574000656604767,37.494710466622784
dirichlet,,0.2978183925151825,1.047926664352417,10,0.20792719721794128,37.494710466622784
dirichlet,,0.3124491274356842,0.9913877248764038,10,0.24962013959884644,37.494710466622784
dirichlet,,0.29433372616767883,1.0952537059783936,12,0.19869287312030792,37.494710466622784
dirichlet,,0.29886144399642944,1.0389211177825928,10,0.24084803462028503,37.494710466622784
dirichlet,,0.2956124544143677,1.0362145900726318,10,0.2695983052253723,37.494710466622784
dirichlet,,0.30464231967926025,1.034897804260254,10,0.17128212749958038,37.494710466622784
dirichlet,,0.3112643361091614,1.0523574352264404,11,0.23117554187774658,37.494710466622784
dirichlet,,0.3111993968486786,1.061584234237671,12,0.20278576016426086,37.494710466622784
dirichlet,,0.28548935055732727,1.0725915431976318,12,0.24163542687892914,37.494710466622784
dirichlet,,0.30730149149894714,0.9878559112548828,10,0.26176539063453674,37.494710466622784
dirichlet,,0.2948542833328247,1.0143243074417114,11,0.20288681983947754,37.494710466622784
dirichlet,,0.2982664406299591,1.0333545207977295,11,0.2191447615623474,37.494710466622784
dirichlet,,0.2821787893772125,1.0462983846664429,10,0.2630849778652191,37.494710466622784
dirichlet,,0.2970653474330902,1.0253336429595947,10,0.27255934476852417,37.494710466622784
dirichlet,,0.30220916867256165,1.0463168621063232,11,0.3180573880672455,37.494710466622784
dirichlet,,0.2884887456893921,1.0627169609069824,11,0.27381768822669983,37.494710466622784
dirichlet,,0.2801876366138458,1.030306339263916,10,0.23788905143737793,37.494710466622784
dirichlet,,0.27222710847854614,1.0364469289779663,11,0.25186383724212646,37.494710466622784
dirichlet,,0.30781856179237366,1.047194242477417,11,0.14418140053749084,37.494710466622784
dirichlet,,0.29084470868110657,1.005683183670044,11,0.15786713361740112,37.494710466622784
dirichlet,,0.31648239493370056,1.0544629096984863,11,0.2731018364429474,37.494710466622784
dirichlet,,0.29793843626976013,1.0570929050445557,11,0.26413559913635254,37.494710466622784
dirichlet,,0.32687488198280334,1.0272235870361328,11,0.29684391617774963,37.494710466622784
dirichlet,,0.3113572299480438,1.0622411966323853,10,0.2704191505908966,37.494710466622784
dirichlet,,0.316578209400177,1.0298326015472412,10,0.2465745210647583,37.494710466622784
dirichlet,,0.2921638488769531,1.0360517501831055,10,0.27670562267303467,37.494710466622784
dirichlet,,0.2930305600166321,1.026526689529419,11,0.27200233936309814,37.494710466622784
dirichlet,,0.31670206785202026,1.0889253616333008,11,0.1960110068321228,37.494710466622784
dirichlet,,0.293484628200531,1.0772336721420288,11,0.2554699778556824,37.494710466622784
dirichlet,,0.303386926651001,1.0512245893478394,10,0.23061534762382507,37.494710466622784
dirichlet,,0.2999180555343628,1.096785306930542,12,0.29823505878448486,37.494710466622784
dirichlet,,0.3012809753417969,1.0099670886993408,10,0.2324434369802475,37.494710466622784
dirichlet,,0.2932801842689514,1.0398551225662231,12,0.25919389724731445,37.494710466622784
dirichlet,,0.29415106773376465,1.0192761421203613,10,0.22473981976509094,37.494710466622784
dirichlet,,0.29867076873779297,1.0301289558410645,11,0.21210667490959167,37.494710466622784
dirichlet,,0.26655077934265137,1.039729356765747,10,0.17704591155052185,37.494710466622784
dirichlet,,0.29242002964019775,1.0232986211776733,11,0.2403796911239624,37.494710466622784
dirichlet,,0.2978481352329254,1.000687837600708,10,0.18382200598716736,37.494710466622784
dirichlet,,0.3045635521411896,1.054808497428894,11,0.24126365780830383,37.494710466622784
dirichlet,,0.3044549226760864,0.9795497059822083,12,0.2502352297306061,37.494710466622784
dirichlet,,0.30521857738494873,0.99040287733078,9,0.21244381368160248,37.494710466622784
dirichlet,,0.2761748433113098,1.0724234580993652,11,0.18250134587287903,37.494710466622784
dirichlet,,0.27658599615097046,1.0611252784729004,11,0.24929776787757874,37.494710466622784
dirichlet,,0.31967559456825256,1.0449812412261963,10,0.24125264585018158,37.494710466622784
dirichlet,,0.29273632168769836,1.0078145265579224,10,0.15280809998512268,37.494710466622784
dirichlet,,0.3036208748817444,0.988477885723114,10,0.20963594317436218,37.494710466622784
dirichlet,,0.3023872971534729,1.057627558708191,10,0.192094087600708,37.494710466622784
dirichlet,,0.2906704843044281,1.0176664590835571,11,0.25016409158706665,37.494710466622784
dirichlet,,0.3168453872203827,0.9710632562637329,10,0.23464253544807434,37.494710466622784
dirichlet,,0.2908819913864136,1.0243289470672607,12,0.1948668360710144,37.494710466622784
dirichlet,,0.3017157316207886,1.0276243686676025,11,0.25064292550086975,37.494710466622784
dirichlet,,0.3014591932296753,1.003016471862793,9,0.21291285753250122,37.494710466622784
dirichlet,,0.29339972138404846,1.0323883295059204,10,0.13878977298736572,37.494710466622784
dirichlet,,0.2937609553337097,1.0105042457580566,11,0.2448759377002716,37.494710466622784
dirichlet,,0.28382769227027893,1.061230182647705,11,0.2502984404563904,37.494710466622784
dirichlet,,0.3006669580936432,1.0539054870605469,11,0.2249738574028015,37.494710466622784
dirichlet,,0.309471070766449,1.0430999994277954,10,0.2941301167011261,37.494710466622784
dirichlet,,0.31834450364112854,1.0009212493896484,11,0.20234081149101257,37.494710466622784
dirichlet,,0.29473400115966797,1.0373177528381348,10,0.19169741868972778,37.494710466622784
dirichlet,,0.29757288098335266,1.0044806003570557,12,0.19386324286460876,37.494710466622784
dirichlet,,0.3021150231361389,1.0121690034866333,12,0.17897510528564453,37.494710466622784
dirichlet,,0.2880445420742035,1.0095250606536865,10,0.2588122487068176,37.494710466622784
dirichlet,,0.3024066090583801,1.0462989807128906,11,0.23998340964317322,37.494710466622784
dirichlet,,0.291979044675827,1.036589503288269,10,0.26003801822662354,37.494710466622784
dirichlet,,0.28841468691825867,1.0648545026779175,10,0.2554095983505249,37.494710466622784
dirichlet,,0.29852259159088135,1.031682014465332,10,0.24394741654396057,37.494710466622784
dirichlet,,0.308346152305603,1.030340552330017,10,0.2797812223434448,37.494710466622784
dirichlet,,0.30726122856140137,1.0463873147964478,11,0.1766768991947174,37.494710466622784
dirichlet,,0.29923856258392334,1.0334110260009766,11,0.18737000226974487,37.494710466622784
dirichlet,,0.3092324733734131,1.0400402545928955,11,0.22302022576332092,37.494710466622784
dirichlet,,0.28431248664855957,1.0736364126205444,9,0.2218559980392456,37.494710466622784
dirichlet,,0.2894355058670044,1.0737730264663696,10,0.16984139382839203,37.494710466622784
dirichlet,,0.3122207522392273,1.03446364402771,10,0.19898147881031036,37.494710466622784
dirichlet,,0.31278514862060547,1.0771408081054688,10,0.211259126663208,37.494710466622784
dirichlet,,0.3096526861190796,1.0212966203689575,11,0.23814305663108826,37.494710466622784
dirichlet,,0.291998028755188,1.0739262104034424,10,0.2398465871810913,37.494710466622784
dirichlet,,0.30193018913269043,1.027649164199829,11,0.169455885887146,37.494710466622784
dirichlet,,0.3035954535007477,1.0470776557922363,10,0.19944564998149872,37.494710466622784
dirichlet,,0.2906615138053894,1.0403120517730713,12,0.2259368896484375,37.494710466622784
dirichlet,,0.30051639676094055,1.0180174112319946,11,0.23253244161605835,37.494710466622784
dirichlet,,0.2955290973186493,1.0880876779556274,10,0.1991565227508545,37.494710466622784
dirichlet,,0.30765053629875183,1.055935263633728,10,0.19362366199493408,37.494710466622784
dirichlet,,0.29825451970100403,1.0107777118682861,10,0.23406502604484558,37.494710466622784
dirichlet,,0.2926788330078125,1.0092366933822632,8,0.2788658142089844,37.494710466622784
dirichlet,,0.3212827742099762,1.024600625038147,10,0.20442675054073334,37.494710466622784
dirichlet,,0.29024508595466614,1.0426461696624756,10,0.2282021939754486,37.494710466622784
dirichlet,,0.3087928593158722,1.039886236190796,9,0.2492118775844574,37.494710466622784
dirichlet,,0.30646541714668274,1.0076258182525635,11,0.2348799854516983,37.494710466622784
dirichlet,,0.27861154079437256,1.033212661743164,11,0.370508074760437,37.494710466622784
dirichlet,,0.30446746945381165,1.0179036855697632,11,0.22605110704898834,37.494710466622784
dirichlet,,0.2957158088684082,1.0534050464630127,10,0.34321334958076477,37.494710466622784
dirichlet,,0.3009088933467865,1.0193995237350464,10,0.246535524725914,37.494710466622784
dirichlet,,0.30622121691703796,1.0280685424804688,11,0.2936824858188629,37.494710466622784
dirichlet,,0.31533709168434143,1.0221282243728638,11,0.23175473511219025,37.494710466622784
dirichlet,,0.2998118996620178,0.9929431080818176,10,0.20628362894058228,37.494710466622784
dirichlet,,0.30161184072494507,1.0268067121505737,9,0.2930326461791992,37.494710466622784
dirichlet,,0.29311710596084595,1.0287997722625732,9,0.24695658683776855,37.494710466622784
dirichlet,,0.2974502444267273,1.0297417640686035,11,0.32053616642951965,37.494710466622784
dirichlet,,0.2990134060382843,1.0393638610839844,11,0.30635809898376465,37.494710466622784
dirichlet,,0.2900051772594452,1.016855239868164,10,0.22450906038284302,37.494710466622784
dirichlet,,0.2903423011302948,1.0262700319290161,9,0.20492705702781677,37.494710466622784
dirichlet,,0.3015954792499542,1.0191242694854736,11,0.18637600541114807,37.494710466622784
dirichlet,,0.32186535000801086,1.0534586906433105,10,0.23127195239067078,37.494710466622784
dirichlet,,0.28341200947761536,1.0340240001678467,11,0.2652806043624878,37.494710466622784
dirichlet,,0.29498592019081116,1.026315689086914,11,0.2592349648475647,37.494710466622784
dirichlet,,0.3099430501461029,1.0238609313964844,10,0.23643124103546143,37.494710466622784
dirichlet,,0.2920505106449127,1.0389220714569092,10,0.2104039490222931,37.494710466622784
dirichlet,,0.2958284616470337,1.047465443611145,11,0.22861114144325256,37.494710466622784
dirichlet,,0.2818450629711151,1.0331419706344604,11,0.2677498459815979,37.494710466622784
dirichlet,,0.28912198543548584,1.027893304824829,10,0.27024582028388977,37.494710466622784
dirichlet,,0.30079251527786255,1.005969762802124,11,0.2195661962032318,37.494710466622784
dirichlet,,0.32069531083106995,1.0332403182983398,10,0.2797206938266754,37.494710466622784
dirichlet,,0.3053188920021057,1.0355169773101807,9,0.2339983880519867,37.494710466622784
dirichlet,,0.28901004791259766,1.0182467699050903,11,0.1905525177717209,37.494710466622784
dirichlet,,0.3066161274909973,1.0195200443267822,11,0.24771316349506378,37.494710466622784
dirichlet,,0.3042617738246918,0.997420608997345,9,0.24537505209445953,37.494710466622784
dirichlet,,0.311560720205307,1.088072657585144,11,0.25004178285598755,37.494710466622784
dirichlet,,0.2958679497241974,1.017380952835083,10,0.24399468302726746,37.494710466622784
dirichlet,,0.30827417969703674,1.039642572402954,11,0.25795936584472656,37.494710466622784
dirichlet,,0.3098977208137512,1.006249189376831,11,0.31144285202026367,37.494710466622784
dirichlet,,0.28507331013679504,1.0337426662445068,10,0.16146892309188843,37.494710466622784
dirichlet,,0.2904451787471771,1.080559492111206,12,0.2668994963169098,37.494710466622784
dirichlet,,0.2952153980731964,0.9994856715202332,12,0.21656250953674316,37.494710466622784
dirichlet,,0.28955182433128357,1.0587131977081299,10,0.16441389918327332,37.494710466622784
dirichlet,,0.30001527070999146,1.0199054479599,11,0.22373896837234497,37.494710466622784
dirichlet,,0.2959752082824707,1.0365843772888184,11,0.20120292901992798,37.494710466622784
dirichlet,,0.29134121537208557,1.0255181789398193,10,0.2624930143356323,37.494710466622784
dirichlet,,0.31100720167160034,1.019142508506775,9,0.30724281072616577,37.494710466622784
dirichlet,,0.27726268768310547,1.0169652700424194,10,0.21876122057437897,37.494710466622784
dirichlet,,0.29583317041397095,1.0155316591262817,10,0.18563014268875122,37.494710466622784
dirichlet,,0.29061293601989746,1.0265882015228271,11,0.2117016613483429,37.494710466622784
dirichlet,,0.29821518063545227,1.062410831451416,12,0.2659790515899658,37.494710466622784
dirichlet,,0.312451034784317,1.020949363708496,11,0.29077744483947754,37.494710466622784
dirichlet,,0.29023629426956177,1.0040478706359863,10,0.21842658519744873,37.494710466622784
dirichlet,,0.29507192969322205,1.0694735050201416,10,0.28113049268722534,37.494710466622784
dirichlet,,0.31446483731269836,1.0407675504684448,12,0.19941377639770508,37.494710466622784
dirichlet,,0.295195609331131,1.0022941827774048,10,0.20178775489330292,37.494710466622784
dirichlet,,0.29529985785484314,1.0379245281219482,11,0.18428146839141846,37.494710466622784
dirichlet,,0.2992238402366638,1.0652215480804443,12,0.25127583742141724,37.494710466622784
dirichlet,,0.3072139322757721,1.031914234161377,10,0.20958319306373596,37.494710466622784
dirichlet,,0.27731212973594666,1.071712613105774,10,0.2526962161064148,37.494710466622784
dirichlet,,0.29280397295951843,1.0144555568695068,10,0.19855886697769165,37.494710466622784
dirichlet,,0.30240437388420105,1.0138564109802246,11,0.30573567748069763,37.494710466622784
dirichlet,,0.3052285611629486,1.0544489622116089,9,0.21724450588226318,37.494710466622784
dirichlet,,0.30303239822387695,1.0189350843429565,10,0.2564166188240051,37.494710466622784
dirichlet,,0.3019815981388092,1.0329577922821045,8,0.20253443717956543,37.494710466622784
dirichlet,,0.28653082251548767,1.0408958196640015,9,0.21361543238162994,37.494710466622784
dirichlet,,0.3180992007255554,1.0484373569488525,11,0.20508350431919098,37.494710466622784
dirichlet,,0.29036012291908264,1.0417472124099731,10,0.25647252798080444,37.494710466622784
dirichlet,,0.28185126185417175,1.0201891660690308,10,0.22265806794166565,37.494710466622784
dirichlet,,0.3000558912754059,1.0554776191711426,10,0.17705482244491577,37.494710466622784
dirichlet,,0.31532415747642517,1.0214333534240723,11,0.16745172441005707,37.494710466622784
dirichlet,,0.30191048979759216,1.0375754833221436,8,0.2474861443042755,49.99999999999999
dirichlet,,0.29618600010871887,1.0400522947311401,11,0.2149495780467987,49.99999999999999
dirichlet,,0.31234291195869446,0.9974064826965332,11,0.2329021692276001,49.99999999999999
dirichlet,,0.2853028178215027,1.042954921722412,11,0.20507535338401794,49.99999999999999
dirichlet,,0.3209529221057892,1.0190595388412476,11,0.16643421351909637,49.99999999999999
dirichlet,,0.2900915741920471,1.0171998739242554,11,0.2965255081653595,49.99999999999999
dirichlet,,0.28794392943382263,1.0590643882751465,11,0.24432089924812317,49.99999999999999
dirichlet,,0.30450743436813354,1.0223170518875122,11,0.2759855389595032,49.99999999999999
dirichlet,,0.2741207480430603,1.0371909141540527,10,0.2682178318500519,49.99999999999999
dirichlet,,0.293359637260437,1.004328966140747,10,0.19615750014781952,49.99999999999999
dirichlet,,0.2886210083961487,1.0256109237670898,11,0.26169514656066895,49.99999999999999
dirichlet,,0.29979944229125977,1.0273109674453735,11,0.22709675133228302,49.99999999999999
dirichlet,,0.3107244372367859,1.0395584106445312,10,0.24063964188098907,49.99999999999999
dirichlet,,0.3027975559234619,1.027385950088501,9,0.24598032236099243,49.99999999999999
dirichlet,,0.2956530749797821,1.0454045534133911,9,0.1774783730506897,49.99999999999999
dirichlet,,0.29028359055519104,1.0583585500717163,11,0.26556259393692017,49.99999999999999
dirichlet,,0.2971477508544922,1.0346330404281616,10,0.23271353542804718,49.99999999999999
dirichlet,,0.3109980523586273,1.0178331136703491,11,0.19519710540771484,49.99999999999999
dirichlet,,0.29858940839767456,1.039114236831665,12,0.22831997275352478,49.99999999999999
dirichlet,,0.2957519292831421,1.0210498571395874,11,0.16505293548107147,49.99999999999999
dirichlet,,0.3034375011920929,1.070250153541565,11,0.2280704826116562,49.99999999999999
dirichlet,,0.29339921474456787,1.0680947303771973,10,0.18244527280330658,49.99999999999999
dirichlet,,0.30132490396499634,1.0283644199371338,11,0.21481779217720032,49.99999999999999
dirichlet,,0.2983998656272888,1.0396568775177002,10,0.2507392168045044,49.99999999999999
dirichlet,,0.3063775897026062,1.0211753845214844,10,0.25928404927253723,49.99999999999999
dirichlet,,0.31135380268096924,1.062242865562439,11,0.19435085356235504,49.99999999999999
dirichlet,,0.2958280146121979,1.0357178449630737,11,0.227982759475708,49.99999999999999
dirichlet,,0.2967856228351593,1.012474775314331,10,0.22636887431144714,49.99999999999999
dirichlet,,0.3040723204612732,1.0411299467086792,10,0.24454551935195923,49.99999999999999
dirichlet,,0.28510162234306335,1.040527105331421,11,0.22982867062091827,49.99999999999999
dirichlet,,0.2942923605442047,1.069011926651001,11,0.1875457614660263,49.99999999999999
dirichlet,,0.30718863010406494,1.046093225479126,9,0.2688441276550293,49.99999999999999
dirichlet,,0.29043683409690857,1.025391697883606,9,0.2774634063243866,49.99999999999999
dirichlet,,0.30537715554237366,1.0375627279281616,10,0.18020638823509216,49.99999999999999
dirichlet,,0.3009152412414551,1.0268577337265015,10,0.2529115676879883,49.99999999999999
dirichlet,,0.3016495108604431,1.034287452697754,10,0.22108183801174164,49.99999999999999
dirichlet,,0.3070250451564789,1.0607280731201172,10,0.25502991676330566,49.99999999999999
dirichlet,,0.29480594396591187,1.0132930278778076,10,0.26298612356185913,49.99999999999999
dirichlet,,0.29649749398231506,1.038493037223816,10,0.22494718432426453,49.99999999999999
dirichlet,,0.3010352849960327,1.0369073152542114,12,0.1735282987356186,49.99999999999999
dirichlet,,0.3210625946521759,1.042114019393921,11,0.21597085893154144,49.99999999999999
dirichlet,,0.2982006371021271,1.0390417575836182,11,0.3714606761932373,49.99999999999999
dirichlet,,0.2866797149181366,1.0479923486709595,11,0.2099531590938568,49.99999999999999
dirichlet,,0.2988545894622803,1.05678391456604,10,0.22200828790664673,49.99999999999999
dirichlet,,0.2970360219478607,0.9954661130905151,10,0.24294663965702057,49.99999999999999
dirichlet,,0.29597145318984985,1.0471137762069702,10,0.28150105476379395,49.99999999999999
dirichlet,,0.30992645025253296,1.0263818502426147,11,0.2483164519071579,49.99999999999999
dirichlet,,0.2890946865081787,1.048206090927124,11,0.2337428331375122,49.99999999999999
dirichlet,,0.2893538773059845,1.0304415225982666,9,0.20763736963272095,49.99999999999999
dirichlet,,0.30434757471084595,0.9882089495658875,10,0.31279826164245605,49.99999999999999
dirichlet,,0.29449817538261414,1.0171144008636475,10,0.22311577200889587,49.99999999999999
dirichlet,,0.3045494556427002,1.0240892171859741,11,0.2748947739601135,49.99999999999999
dirichlet,,0.31428614258766174,1.0283308029174805,11,0.265671968460083,49.99999999999999
dirichlet,,0.2991154193878174,1.0320197343826294,10,0.2372119426727295,49.99999999999999
dirichlet,,0.29318496584892273,1.0634815692901611,9,0.28407353162765503,49.99999999999999
dirichlet,,0.28295639157295227,1.0329928398132324,10,0.2318265587091446,49.99999999999999
dirichlet,,0.2985755205154419,1.0735971927642822,11,0.21327568590641022,49.99999999999999
dirichlet,,0.3066898584365845,1.0318266153335571,11,0.20944494009017944,49.99999999999999
dirichlet,,0.2941981554031372,1.0432370901107788,10,0.29537731409072876,49.99999999999999
dirichlet,,0.29552653431892395,1.071570873260498,10,0.25200432538986206,49.99999999999999
dirichlet,,0.2995256185531616,1.0418018102645874,11,0.1807190477848053,49.99999999999999
dirichlet,,0.29054495692253113,1.0578004121780396,11,0.2111346572637558,49.99999999999999
dirichlet,,0.31056830286979675,0.9944040179252625,12,0.269030898809433,49.99999999999999
dirichlet,,0.2809740900993347,1.0575463771820068,10,0.22357338666915894,49.99999999999999
dirichlet,,0.2887035310268402,1.0101749897003174,10,0.2721950113773346,49.99999999999999
dirichlet,,0.3078092336654663,1.032143235206604,10,0.1939014494419098,49.99999999999999
dirichlet,,0.29794812202453613,1.018136739730835,10,0.3001541495323181,49.99999999999999
dirichlet,,0.2784806787967682,1.033429741859436,10,0.2246207892894745,49.99999999999999
dirichlet,,0.30211734771728516,0.9953795671463013,11,0.24468007683753967,49.99999999999999
dirichlet,,0.28092139959335327,1.0668067932128906,11,0.2391802966594696,49.99999999999999
dirichlet,,0.30005383491516113,1.0294828414916992,11,0.22910648584365845,49.99999999999999
dirichlet,,0.29791340231895447,1.0128320455551147,11,0.28702008724212646,49.99999999999999
dirichlet,,0.30995437502861023,1.0119633674621582,11,0.32055389881134033,49.99999999999999
dirichlet,,0.2849150598049164,1.0149610042572021,10,0.19842717051506042,49.99999999999999
dirichlet,,0.29449960589408875,1.0502207279205322,9,0.25184178352355957,49.99999999999999
dirichlet,,0.2983188033103943,1.0190753936767578,12,0.2128266543149948,49.99999999999999
dirichlet,,0.3031977713108063,1.01592218875885,12,0.27819132804870605,49.99999999999999
dirichlet,,0.297419011592865,1.0298652648925781,11,0.2368667870759964,49.99999999999999
dirichlet,,0.3029402792453766,1.0311208963394165,10,0.2259308099746704,49.99999999999999
dirichlet,,0.2890460789203644,1.04615318775177,10,0.28527960181236267,49.99999999999999
dirichlet,,0.3012697994709015,0.9941169023513794,10,0.1879291534423828,49.99999999999999
dirichlet,,0.30228883028030396,0.9964631199836731,10,0.21065375208854675,49.99999999999999
dirichlet,,0.3029056787490845,1.0081497430801392,12,0.17973926663398743,49.99999999999999
dirichlet,,0.298334002494812,1.01250422000885,10,0.2517803907394409,49.99999999999999
dirichlet,,0.3060992360115051,1.003793478012085,10,0.19043445587158203,49.99999999999999
dirichlet,,0.3074592053890228,1.0266624689102173,10,0.2229052186012268,49.99999999999999
dirichlet,,0.2965092658996582,1.0625407695770264,10,0.2149873971939087,49.99999999999999
dirichlet,,0.3153354823589325,1.0547246932983398,12,0.21932141482830048,49.99999999999999
dirichlet,,0.3087969124317169,1.0256247520446777,11,0.24937301874160767,49.99999999999999
dirichlet,,0.30949318408966064,1.045867681503296,11,0.2318042665719986,49.99999999999999
dirichlet,,0.28900960087776184,1.034505009651184,12,0.19131220877170563,49.99999999999999
dirichlet,,0.3034989833831787,1.0812734365463257,11,0.21599715948104858,49.99999999999999
dirichlet,,0.317627489566803,0.9731751680374146,11,0.19867129623889923,49.99999999999999
dirichlet,,0.3231376111507416,1.0100396871566772,9,0.22210367023944855,49.99999999999999
dirichlet,,0.29388660192489624,1.042858362197876,11,0.22224061191082,49.99999999999999
dirichlet,,0.2961794435977936,1.042157530784607,12,0.16202491521835327,49.99999999999999
dirichlet,,0.2984614074230194,1.0290390253067017,11,0.1966838240623474,49.99999999999999
dirichlet,,0.29560717940330505,1.047961950302124,10,0.1406289041042328,49.99999999999999
dirichlet,,0.29526636004447937,1.067557454109192,11,0.21464738249778748,49.99999999999999
dirichlet,,0.29834094643592834,1.0367190837860107,11,0.24944180250167847,49.99999999999999
dirichlet,,0.29728779196739197,1.0692135095596313,11,0.27502962946891785,49.99999999999999
dirichlet,,0.29546356201171875,0.9977296590805054,11,0.2948986887931824,49.99999999999999
dirichlet,,0.30311885476112366,1.0127766132354736,9,0.23521116375923157,49.99999999999999
dirichlet,,0.3165282607078552,1.0126631259918213,10,0.2249508649110794,49.99999999999999
dirichlet,,0.29686614871025085,1.0430700778961182,11,0.28134432435035706,49.99999999999999
dirichlet,,0.3025825619697571,1.0213701725006104,11,0.24108223617076874,49.99999999999999
dirichlet,,0.2961310148239136,1.0353481769561768,10,0.1945619434118271,49.99999999999999
dirichlet,,0.27694353461265564,1.0545557737350464,10,0.17364096641540527,49.99999999999999
dirichlet,,0.29773345589637756,1.02702796459198,10,0.18659871816635132,49.99999999999999
dirichlet,,0.30439263582229614,1.0296039581298828,11,0.19694383442401886,49.99999999999999
dirichlet,,0.3053063452243805,1.0301705598831177,10,0.22854065895080566,49.99999999999999
dirichlet,,0.2835991680622101,1.03959321975708,9,0.25819194316864014,49.99999999999999
dirichlet,,0.30841752886772156,1.0155483484268188,10,0.32443854212760925,49.99999999999999
dirichlet,,0.30729079246520996,1.0525267124176025,10,0.23841825127601624,49.99999999999999
dirichlet,,0.28940489888191223,1.0194242000579834,11,0.1503559798002243,49.99999999999999
dirichlet,,0.30385029315948486,1.0458910465240479,11,0.26577702164649963,49.99999999999999
dirichlet,,0.3093361556529999,0.9967920184135437,10,0.21185614168643951,49.99999999999999
dirichlet,,0.3034324645996094,0.9983896017074585,10,0.3132290244102478,49.99999999999999
dirichlet,,0.30304446816444397,1.0229389667510986,12,0.14835888147354126,49.99999999999999
dirichlet,,0.2937672436237335,1.0130069255828857,10,0.14630767703056335,49.99999999999999
dirichlet,,0.30455243587493896,1.04627525806427,10,0.22363191843032837,49.99999999999999
dirichlet,,0.2993674874305725,1.0218067169189453,10,0.18792980909347534,49.99999999999999
dirichlet,,0.3061056137084961,1.01861572265625,10,0.19835032522678375,49.99999999999999
dirichlet,,0.29180988669395447,1.0103702545166016,10,0.21145373582839966,49.99999999999999
dirichlet,,0.30358996987342834,1.03935968875885,12,0.2819606065750122,49.99999999999999
dirichlet,,0.3007177412509918,1.0385645627975464,10,0.16086667776107788,49.99999999999999
dirichlet,,0.30310359597206116,1.0209686756134033,10,0.2590775191783905,49.99999999999999
dirichlet,,0.29857462644577026,1.043590784072876,9,0.14753404259681702,49.99999999999999
dirichlet,,0.28175732493400574,1.0145854949951172,10,0.21238481998443604,49.99999999999999
dirichlet,,0.2995128631591797,1.0223883390426636,10,0.23435328900814056,49.99999999999999
dirichlet,,0.29989251494407654,1.010239601135254,10,0.28688496351242065,49.99999999999999
dirichlet,,0.2996023893356323,0.9893823862075806,12,0.35036537051200867,49.99999999999999
dirichlet,,0.3076278269290924,1.0121817588806152,10,0.22739434242248535,49.99999999999999
dirichlet,,0.2982728183269501,1.0420335531234741,9,0.15255478024482727,49.99999999999999
dirichlet,,0.31692013144493103,1.0437828302383423,11,0.2514653503894806,49.99999999999999
dirichlet,,0.28764525055885315,1.039475440979004,9,0.26784005761146545,49.99999999999999
dirichlet,,0.31112006306648254,1.028958797454834,10,0.2608509361743927,49.99999999999999
dirichlet,,0.2984153926372528,1.03169846534729,10,0.2922372817993164,49.99999999999999
dirichlet,,0.3099985122680664,1.067814588546753,10,0.19943886995315552,49.99999999999999
dirichlet,,0.3059472143650055,1.0372016429901123,10,0.19473089277744293,49.99999999999999
dirichlet,,0.2924620509147644,1.03025221824646,9,0.20948797464370728,49.99999999999999
dirichlet,,0.30824774503707886,1.043426275253296,11,0.23350000381469727,49.99999999999999
dirichlet,,0.292916864156723,1.0196950435638428,10,0.2828449010848999,49.99999999999999
dirichlet,,0.28718820214271545,1.0333435535430908,10,0.2554023861885071,49.99999999999999
dirichlet,,0.2853943705558777,1.0116244554519653,10,0.24255549907684326,49.99999999999999
dirichlet,,0.3033433258533478,1.049278736114502,11,0.1762731522321701,49.99999999999999
dirichlet,,0.317795991897583,1.032116413116455,10,0.20371894538402557,49.99999999999999
dirichlet,,0.298078328371048,1.0054712295532227,10,0.23937731981277466,49.99999999999999
dirichlet,,0.2976759970188141,1.0166829824447632,11,0.2774612307548523,49.99999999999999
dirichlet,,0.2846837639808655,1.0475685596466064,9,0.174393430352211,49.99999999999999
dirichlet,,0.3024784326553345,1.008945345878601,10,0.21467095613479614,49.99999999999999
dirichlet,,0.3082079589366913,1.0597949028015137,10,0.28491678833961487,49.99999999999999
dirichlet,,0.3064315915107727,1.048741340637207,8,0.13950663805007935,49.99999999999999
dirichlet,,0.30806899070739746,1.0237685441970825,10,0.262360543012619,49.99999999999999
dirichlet,,0.2906520962715149,1.0530409812927246,10,0.25861746072769165,49.99999999999999
dirichlet,,0.2933477759361267,0.995215117931366,11,0.3789006769657135,49.99999999999999
dirichlet,,0.314987450838089,1.010370135307312,11,0.2559768557548523,49.99999999999999
dirichlet,,0.292863130569458,1.0652235746383667,10,0.21897700428962708,49.99999999999999
dirichlet,,0.30728039145469666,1.0311567783355713,11,0.2637573480606079,49.99999999999999
dirichlet,,0.2924478054046631,1.0583031177520752,12,0.22821736335754395,49.99999999999999
dirichlet,,0.30169981718063354,1.013350248336792,10,0.2295023500919342,49.99999999999999
dirichlet,,0.30629268288612366,1.0714441537857056,10,0.14489522576332092,49.99999999999999
dirichlet,,0.29936546087265015,1.0211217403411865,10,0.2347966581583023,49.99999999999999
dirichlet,,0.3126242756843567,1.0321778059005737,10,0.275460809469223,49.99999999999999
dirichlet,,0.306255578994751,1.013415813446045,9,0.20609281957149506,49.99999999999999
dirichlet,,0.3019823431968689,1.0495671033859253,11,0.257720023393631,49.99999999999999
dirichlet,,0.3069208562374115,1.030860424041748,9,0.28119418025016785,49.99999999999999
dirichlet,,0.307877779006958,0.9954785108566284,11,0.2470487505197525,49.99999999999999
dirichlet,,0.314420610666275,1.0289804935455322,12,0.2112661749124527,49.99999999999999
dirichlet,,0.2957192361354828,1.031469702720642,11,0.2255183756351471,49.99999999999999
dirichlet,,0.300729364156723,1.0091181993484497,10,0.20412680506706238,49.99999999999999
dirichlet,,0.2975330352783203,1.050817608833313,11,0.2717353105545044,49.99999999999999
dirichlet,,0.3038395345211029,1.004202127456665,10,0.2970750331878662,49.99999999999999
dirichlet,,0.29897037148475647,1.033371925354004,11,0.20715968310832977,49.99999999999999
dirichlet,,0.29118746519088745,1.0422141551971436,10,0.17022784054279327,49.99999999999999
dirichlet,,0.29834312200546265,1.024535894393921,11,0.2611754536628723,49.99999999999999
dirichlet,,0.29598909616470337,1.0224717855453491,11,0.24464726448059082,49.99999999999999
dirichlet,,0.29350733757019043,1.0551906824111938,11,0.21041834354400635,49.99999999999999
dirichlet,,0.29571035504341125,1.043792963027954,11,0.22207197546958923,49.99999999999999
dirichlet,,0.29868897795677185,1.0129350423812866,11,0.3092132806777954,49.99999999999999
dirichlet,,0.32164907455444336,1.0150710344314575,11,0.3253287672996521,49.99999999999999
dirichlet,,0.30618011951446533,1.0035576820373535,9,0.25021299719810486,49.99999999999999
dirichlet,,0.28695163130760193,1.0316498279571533,9,0.25194045901298523,49.99999999999999
dirichlet,,0.30511149764060974,1.0497753620147705,11,0.1941671073436737,49.99999999999999
dirichlet,,0.31860798597335815,1.0545666217803955,11,0.27154964208602905,49.99999999999999
dirichlet,,0.30813688039779663,1.0124648809432983,10,0.27156862616539,49.99999999999999
dirichlet,,0.28281840682029724,1.0236645936965942,11,0.2629739046096802,49.99999999999999
dirichlet,,0.31394779682159424,0.9985334277153015,10,0.25762099027633667,49.99999999999999
dirichlet,,0.3008037209510803,1.028203010559082,11,0.21306347846984863,49.99999999999999
dirichlet,,0.29696139693260193,1.0600509643554688,10,0.26096194982528687,49.99999999999999
dirichlet,,0.3059979975223541,1.0439634323120117,11,0.2549406886100769,49.99999999999999
dirichlet,,0.3027054965496063,0.9993636012077332,12,0.222416490316391,49.99999999999999
dirichlet,,0.29061639308929443,1.0532128810882568,10,0.25998038053512573,49.99999999999999
dirichlet,,0.30713313817977905,1.0140092372894287,11,0.2322360724210739,49.99999999999999
dirichlet,,0.2853729724884033,1.064098834991455,10,0.29539886116981506,49.99999999999999
dirichlet,,0.3089725971221924,1.0600229501724243,9,0.28219449520111084,49.99999999999999
dirichlet,,0.3160002827644348,1.0595037937164307,10,0.25776299834251404,49.99999999999999
dirichlet,,0.3113080859184265,1.015369176864624,11,0.2302185595035553,49.99999999999999
dirichlet,,0.31084880232810974,1.002559781074524,11,0.17030955851078033,49.99999999999999
dirichlet,,0.31058192253112793,1.0156950950622559,10,0.2667897641658783,49.99999999999999
dirichlet,,0.29143908619880676,1.0266560316085815,11,0.16717743873596191,49.99999999999999
dirichlet,,0.3027346432209015,1.0564604997634888,11,0.20337364077568054,49.99999999999999
dirichlet,,0.293915718793869,1.0308282375335693,11,0.18182021379470825,49.99999999999999
dirichlet,,0.31560850143432617,1.0286673307418823,11,0.2187681347131729,49.99999999999999
dirichlet,,0.30956345796585083,1.0604517459869385,9,0.2295158952474594,49.99999999999999
dirichlet,,0.2997129559516907,1.016526460647583,11,0.2877466082572937,49.99999999999999
dirichlet,,0.30800777673721313,1.0041316747665405,10,0.19466206431388855,49.99999999999999
dirichlet,,0.2961404323577881,1.0464146137237549,11,0.21605613827705383,49.99999999999999
dirichlet,,0.29132571816444397,1.012664556503296,11,0.3152686059474945,49.99999999999999
dirichlet,,0.29724279046058655,1.0194604396820068,10,0.2288227081298828,49.99999999999999
dirichlet,,0.31619685888290405,1.0303860902786255,11,0.19853302836418152,49.99999999999999
dirichlet,,0.3024511933326721,1.027087688446045,11,0.19817376136779785,49.99999999999999
dirichlet,,0.3006504774093628,1.052100658416748,10,0.20842859148979187,49.99999999999999
dirichlet,,0.2885778248310089,1.0248222351074219,10,0.313584566116333,49.99999999999999
dirichlet,,0.30137935280799866,1.0048964023590088,10,0.2065875232219696,49.99999999999999
dirichlet,,0.2958929240703583,1.0505889654159546,10,0.23741090297698975,49.99999999999999
dirichlet,,0.30191102623939514,1.0326613187789917,9,0.26948949694633484,49.99999999999999
dirichlet,,0.3000749349594116,1.027527093887329,9,0.19563043117523193,49.99999999999999
dirichlet,,0.306417316198349,1.0023810863494873,11,0.2873806953430176,49.99999999999999
dirichlet,,0.297264963388443,1.0258545875549316,11,0.28325217962265015,49.99999999999999
dirichlet,,0.30174627900123596,1.0629984140396118,11,0.28686562180519104,49.99999999999999
dirichlet,,0.2834888994693756,1.0300103425979614,10,0.2793155610561371,49.99999999999999
dirichlet,,0.29703807830810547,1.0565216541290283,11,0.22563886642456055,49.99999999999999
dirichlet,,0.2998289465904236,1.0527666807174683,10,0.24053414165973663,49.99999999999999
dirichlet,,0.29542091488838196,1.0325559377670288,10,0.18663670122623444,49.99999999999999
dirichlet,,0.3031322956085205,1.066571831703186,10,0.1741011142730713,49.99999999999999
dirichlet,,0.2971276640892029,1.0453369617462158,11,0.24821029603481293,49.99999999999999
dirichlet,,0.3065028786659241,1.0434370040893555,10,0.24262863397598267,49.99999999999999
dirichlet,,0.30420663952827454,1.008359670639038,12,0.1599351167678833,49.99999999999999
dirichlet,,0.29133340716362,1.0470415353775024,10,0.17495271563529968,49.99999999999999
dirichlet,,0.3178376853466034,1.046569585800171,10,0.269980788230896,49.99999999999999
dirichlet,,0.3012586236000061,1.0648839473724365,10,0.1785535365343094,49.99999999999999
dirichlet,,0.29616713523864746,1.0238040685653687,9,0.15902677178382874,49.99999999999999
dirichlet,,0.29741406440734863,1.0064165592193604,10,0.26030588150024414,49.99999999999999
dirichlet,,0.3031860888004303,1.0304394960403442,9,0.18936613202095032,49.99999999999999
dirichlet,,0.3058147132396698,0.9988499879837036,10,0.22861047089099884,49.99999999999999
dirichlet,,0.27545100450515747,1.0206975936889648,10,0.24114161729812622,49.99999999999999
dirichlet,,0.2964801490306854,0.9738618731498718,9,0.1450609415769577,49.99999999999999
dirichlet,,0.2990366518497467,1.0498497486114502,10,0.2558640241622925,49.99999999999999
dirichlet,,0.30069276690483093,1.0041780471801758,10,0.23086261749267578,49.99999999999999
dirichlet,,0.30445605516433716,1.0436795949935913,8,0.3167024254798889,49.99999999999999
dirichlet,,0.30325713753700256,1.0193289518356323,11,0.169965460896492,49.99999999999999
dirichlet,,0.29666560888290405,1.0411503314971924,8,0.22415265440940857,49.99999999999999
dirichlet,,0.30833274126052856,1.0130722522735596,11,0.19247764348983765,49.99999999999999
dirichlet,,0.2903941869735718,1.0316963195800781,10,0.23409290611743927,49.99999999999999
dirichlet,,0.30406269431114197,1.0386056900024414,10,0.28135499358177185,49.99999999999999
dirichlet,,0.3043481111526489,1.0225818157196045,11,0.1740095615386963,49.99999999999999
dirichlet,,0.29557710886001587,1.0116090774536133,11,0.2468636929988861,49.99999999999999
dirichlet,,0.2957296371459961,1.0159215927124023,11,0.18393883109092712,49.99999999999999
dirichlet,,0.29776766896247864,1.0612332820892334,10,0.3509281873703003,49.99999999999999
dirichlet,,0.2958604395389557,1.0270144939422607,11,0.2460746318101883,49.99999999999999
dirichlet,,0.3073396682739258,1.0463430881500244,9,0.18116450309753418,49.99999999999999
dirichlet,,0.29794588685035706,1.0308630466461182,10,0.2674485445022583,49.99999999999999
dirichlet,,0.297800213098526,1.024306058883667,11,0.26007822155952454,49.99999999999999
dirichlet,,0.29668065905570984,1.0683863162994385,12,0.1635206937789917,49.99999999999999
dirichlet,,0.29187169671058655,1.065435767173767,10,0.22464512288570404,49.99999999999999
dirichlet,,0.2979283630847931,1.0497126579284668,11,0.22504162788391113,49.99999999999999
dirichlet,,0.30332663655281067,1.0386264324188232,11,0.19775962829589844,49.99999999999999
dirichlet,,0.30966734886169434,1.0512597560882568,11,0.18058671057224274,49.99999999999999
dirichlet,,0.29718512296676636,1.0280460119247437,12,0.18741464614868164,49.99999999999999
dirichlet,,0.2974243462085724,1.035707950592041,11,0.24135148525238037,49.99999999999999
dirichlet,,0.2974289059638977,1.0417791604995728,11,0.23448342084884644,49.99999999999999
dirichlet,,0.30389469861984253,1.0136511325836182,11,0.20895890891551971,49.99999999999999
dirichlet,,0.28508004546165466,1.0310965776443481,10,0.2755134403705597,49.99999999999999
dirichlet,,0.29622745513916016,1.0292915105819702,11,0.4047417938709259,49.99999999999999
dirichlet,,0.31258925795555115,1.0136983394622803,10,0.23159891366958618,49.99999999999999
dirichlet,,0.28087955713272095,1.0148015022277832,10,0.17410776019096375,49.99999999999999
dirichlet,,0.28646188974380493,1.030780553817749,11,0.21797224879264832,49.99999999999999
dirichlet,,0.2888075113296509,0.9980486035346985,9,0.2538309395313263,49.99999999999999
dirichlet,,0.28055450320243835,1.0451613664627075,10,0.20497024059295654,49.99999999999999
dirichlet,,0.30494454503059387,0.9958942532539368,9,0.21054203808307648,49.99999999999999
dirichlet,,0.30433475971221924,1.0548465251922607,11,0.18316185474395752,49.99999999999999
dirichlet,,0.29357045888900757,1.0805058479309082,12,0.24028776586055756,49.99999999999999
dirichlet,,0.3098267912864685,1.0092638731002808,10,0.2369103580713272,49.99999999999999
dirichlet,,0.3021273612976074,1.0159741640090942,10,0.2887927293777466,49.99999999999999
dirichlet,,0.30132508277893066,1.058732509613037,11,0.21596458554267883,49.99999999999999
dirichlet,,0.3072868585586548,1.0705382823944092,9,0.32195523381233215,49.99999999999999
dirichlet,,0.2936837673187256,1.0621567964553833,11,0.26898637413978577,49.99999999999999
dirichlet,,0.30449387431144714,1.0520658493041992,11,0.2143290936946869,49.99999999999999
dirichlet,,0.28152406215667725,1.0554273128509521,11,0.23748692870140076,49.99999999999999
dirichlet,,0.29225265979766846,1.0333434343338013,12,0.24336576461791992,49.99999999999999
dirichlet,,0.29404187202453613,1.0358383655548096,11,0.17919190227985382,49.99999999999999
dirichlet,,0.29032254219055176,1.0470211505889893,10,0.2547827959060669,49.99999999999999
dirichlet,,0.30336999893188477,1.0278640985488892,11,0.2420382797718048,49.99999999999999
dirichlet,,0.3045186698436737,1.0053770542144775,10,0.23457086086273193,49.99999999999999
dirichlet,,0.29480960965156555,1.0280272960662842,11,0.3330691158771515,49.99999999999999
dirichlet,,0.27370694279670715,1.0322386026382446,10,0.21914571523666382,49.99999999999999
dirichlet,,0.2899346649646759,1.0322448015213013,11,0.22818738222122192,49.99999999999999
dirichlet,,0.30992189049720764,1.0205496549606323,11,0.23911672830581665,49.99999999999999
dirichlet,,0.3006884753704071,1.0915992259979248,10,0.1501830518245697,49.99999999999999
dirichlet,,0.30819982290267944,1.0368475914001465,11,0.18482697010040283,49.99999999999999
dirichlet,,0.31195923686027527,1.0447992086410522,11,0.2670571804046631,49.99999999999999
dirichlet,,0.29289546608924866,1.0522840023040771,10,0.23752906918525696,49.99999999999999
dirichlet,,0.304370254278183,1.0652517080307007,10,0.21126322448253632,49.99999999999999
dirichlet,,0.3032193183898926,1.0466076135635376,10,0.18675744533538818,49.99999999999999
dirichlet,,0.29788339138031006,1.0569274425506592,11,0.19224528968334198,49.99999999999999
dirichlet,,0.2953646779060364,1.021067500114441,10,0.2710162401199341,49.99999999999999
dirichlet,,0.29578590393066406,1.0212215185165405,10,0.1833706498146057,49.99999999999999
dirichlet,,0.28974589705467224,1.024867057800293,8,0.2052120864391327,49.99999999999999
dirichlet,,0.3105688989162445,1.0067896842956543,10,0.25064903497695923,49.99999999999999
dirichlet,,0.2999142110347748,1.0500563383102417,11,0.23378869891166687,49.99999999999999
dirichlet,,0.2941472828388214,1.0136854648590088,9,0.24102412164211273,49.99999999999999
dirichlet,,0.31188511848449707,1.034667730331421,11,0.30628502368927,49.99999999999999
dirichlet,,0.2977653443813324,1.0413649082183838,9,0.29823291301727295,49.99999999999999
dirichlet,,0.3011512756347656,0.9984979629516602,10,0.3320738971233368,49.99999999999999
dirichlet,,0.31477364897727966,1.0468113422393799,10,0.28924626111984253,49.99999999999999
dirichlet,,0.2922264039516449,1.030914306640625,11,0.1946951448917389,49.99999999999999
dirichlet,,0.29875460267066956,1.036094069480896,8,0.3010997176170349,49.99999999999999
dirichlet,,0.30805933475494385,1.0491174459457397,10,0.2838720381259918,49.99999999999999
dirichlet,,0.2940722107887268,0.979446291923523,10,0.2392714023590088,49.99999999999999
dirichlet,,0.28429776430130005,1.0404250621795654,9,0.2226293981075287,49.99999999999999
dirichlet,,0.2859770655632019,1.0116865634918213,11,0.2984637916088104,49.99999999999999
dirichlet,,0.3091179132461548,1.0122560262680054,11,0.223118856549263,49.99999999999999
dirichlet,,0.3006684482097626,1.0235974788665771,11,0.3387773036956787,49.99999999999999
dirichlet,,0.2956044673919678,1.0291402339935303,11,0.3132356107234955,49.99999999999999
dirichlet,,0.2997518479824066,1.005389928817749,11,0.2619181275367737,49.99999999999999
dirichlet,,0.296521931886673,1.005622386932373,11,0.27036502957344055,49.99999999999999
dirichlet,,0.31012460589408875,1.032295823097229,10,0.2306322455406189,49.99999999999999
dirichlet,,0.3088171184062958,1.0637791156768799,11,0.24325130879878998,49.99999999999999
dirichlet,,0.3193638026714325,1.0289218425750732,10,0.28245657682418823,49.99999999999999
dirichlet,,0.29803457856178284,1.0030409097671509,11,0.1774768978357315,49.99999999999999
dirichlet,,0.2975168824195862,1.0524426698684692,9,0.20986339449882507,49.99999999999999
dirichlet,,0.291309654712677,1.0167644023895264,10,0.24703676998615265,49.99999999999999
dirichlet,,0.3026811182498932,1.083122730255127,10,0.2535807192325592,49.99999999999999
dirichlet,,0.30264949798583984,1.0352563858032227,10,0.2729005217552185,49.99999999999999
dirichlet,,0.2990056276321411,1.045799970626831,10,0.2750576436519623,49.99999999999999
dirichlet,,0.3026864230632782,1.033647060394287,10,0.3252401351928711,49.99999999999999
dirichlet,,0.2824423313140869,1.0606086254119873,9,0.22430050373077393,49.99999999999999
dirichlet,,0.2900390326976776,1.0216290950775146,11,0.21345898509025574,49.99999999999999
dirichlet,,0.29593655467033386,1.0433343648910522,10,0.22784090042114258,49.99999999999999
dirichlet,,0.2905614674091339,1.06173837184906,11,0.16226090490818024,49.99999999999999
dirichlet,,0.3154737651348114,1.0452873706817627,11,0.25695300102233887,49.99999999999999
dirichlet,,0.3019121587276459,1.0597503185272217,8,0.22283464670181274,49.99999999999999
dirichlet,,0.2935040593147278,1.012817621231079,11,0.25264549255371094,49.99999999999999
dirichlet,,0.30130812525749207,0.9951667785644531,10,0.18445095419883728,49.99999999999999
dirichlet,,0.2811802923679352,1.0248267650604248,10,0.24617940187454224,49.99999999999999
dirichlet,,0.30509060621261597,1.0550090074539185,11,0.3402123749256134,49.99999999999999
dirichlet,,0.3103486895561218,1.0056523084640503,9,0.21096649765968323,49.99999999999999
dirichlet,,0.28900256752967834,1.0546932220458984,8,0.20411893725395203,49.99999999999999
dirichlet,,0.28920671343803406,1.024296760559082,11,0.24157732725143433,49.99999999999999
dirichlet,,0.29495668411254883,1.0548943281173706,10,0.2728427052497864,49.99999999999999
dirichlet,,0.3043286204338074,1.072123408317566,11,0.2197149097919464,49.99999999999999
dirichlet,,0.29416388273239136,1.0480905771255493,11,0.17749100923538208,49.99999999999999
dirichlet,,0.30125829577445984,1.0541037321090698,11,0.22092363238334656,49.99999999999999
dirichlet,,0.29827988147735596,1.0534813404083252,11,0.2271774560213089,49.99999999999999
dirichlet,,0.3012808561325073,1.022367000579834,11,0.30615538358688354,49.99999999999999
dirichlet,,0.2940504550933838,1.0871288776397705,10,0.17447227239608765,49.99999999999999
dirichlet,,0.3121333122253418,1.0354762077331543,10,0.16248862445354462,49.99999999999999
dirichlet,,0.30849722027778625,1.0276098251342773,11,0.1979880928993225,49.99999999999999
dirichlet,,0.3037205636501312,1.0603443384170532,11,0.19788160920143127,49.99999999999999
dirichlet,,0.2952905595302582,1.0418870449066162,11,0.22781752049922943,49.99999999999999
dirichlet,,0.2834460735321045,1.0363969802856445,11,0.21705469489097595,49.99999999999999
dirichlet,,0.2868315577507019,1.0530939102172852,11,0.24966499209403992,49.99999999999999
dirichlet,,0.3045157790184021,1.0228850841522217,10,0.28698909282684326,49.99999999999999
dirichlet,,0.30182623863220215,1.04255211353302,10,0.2500651180744171,49.99999999999999
dirichlet,,0.3102763593196869,1.0069968700408936,11,0.2520338296890259,49.99999999999999
dirichlet,,0.30526483058929443,0.9955406188964844,9,0.2505902051925659,49.99999999999999
dirichlet,,0.2912519872188568,1.010108232498169,12,0.2520093619823456,49.99999999999999
dirichlet,,0.3041234016418457,1.0367074012756348,10,0.1622457206249237,49.99999999999999
dirichlet,,0.294139564037323,1.036967158317566,10,0.2924420237541199,49.99999999999999
dirichlet,,0.2883870005607605,0.9961565732955933,11,0.1358536332845688,49.99999999999999
dirichlet,,0.2894144058227539,1.0547456741333008,11,0.2428179681301117,49.99999999999999
dirichlet,,0.2993358075618744,1.0579347610473633,11,0.19320116937160492,49.99999999999999
dirichlet,,0.29388895630836487,1.0507609844207764,10,0.2764309346675873,49.99999999999999
dirichlet,,0.2879098057746887,1.0277352333068848,11,0.19896870851516724,49.99999999999999
dirichlet,,0.3067828416824341,1.0408804416656494,10,0.26047033071517944,49.99999999999999
dirichlet,,0.2894749641418457,1.066285252571106,11,0.2569981515407562,49.99999999999999
dirichlet,,0.2936699688434601,1.0238686800003052,12,0.26700329780578613,49.99999999999999
dirichlet,,0.29275238513946533,1.054776906967163,11,0.2698805034160614,49.99999999999999
dirichlet,,0.2992335557937622,1.0086333751678467,11,0.21480399370193481,49.99999999999999
dirichlet,,0.30362507700920105,1.077811360359192,11,0.19787952303886414,49.99999999999999
dirichlet,,0.2999342978000641,1.0129854679107666,10,0.2183677852153778,49.99999999999999
dirichlet,,0.3128397762775421,1.040525197982788,12,0.2369050681591034,49.99999999999999
dirichlet,,0.30559366941452026,1.0101953744888306,11,0.2303864061832428,49.99999999999999
dirichlet,,0.2853328585624695,1.0245753526687622,10,0.2785812318325043,49.99999999999999
dirichlet,,0.301227867603302,1.0360865592956543,11,0.25890618562698364,49.99999999999999
dirichlet,,0.31043538451194763,1.0322644710540771,10,0.22626590728759766,49.99999999999999
dirichlet,,0.3076747953891754,1.0327378511428833,10,0.24262677133083344,49.99999999999999
dirichlet,,0.30476275086402893,1.0518972873687744,10,0.22071292996406555,49.99999999999999
dirichlet,,0.2974514961242676,1.0382200479507446,11,0.22141975164413452,49.99999999999999
dirichlet,,0.3015543818473816,1.0428528785705566,11,0.22341738641262054,49.99999999999999
dirichlet,,0.30149033665657043,1.0530507564544678,9,0.2655528783798218,49.99999999999999
dirichlet,,0.29931649565696716,1.0044395923614502,9,0.26578769087791443,49.99999999999999
dirichlet,,0.2875460982322693,1.0723716020584106,12,0.20863448083400726,49.99999999999999
dirichlet,,0.31605926156044006,1.031646966934204,10,0.24838396906852722,49.99999999999999
dirichlet,,0.30461230874061584,1.0191335678100586,11,0.2605060935020447,49.99999999999999
dirichlet,,0.3017968237400055,1.0249847173690796,10,0.17677737772464752,49.99999999999999
dirichlet,,0.291466623544693,1.0074936151504517,9,0.21036526560783386,49.99999999999999
dirichlet,,0.2791241407394409,1.0323295593261719,11,0.24383287131786346,49.99999999999999
dirichlet,,0.29925593733787537,1.0414295196533203,10,0.3372753858566284,49.99999999999999
dirichlet,,0.299575537443161,1.027268886566162,10,0.23230792582035065,49.99999999999999
dirichlet,,0.28701290488243103,1.0392711162567139,11,0.22074930369853973,49.99999999999999
dirichlet,,0.3083236813545227,1.0243562459945679,10,0.23067785799503326,49.99999999999999
dirichlet,,0.2987816631793976,0.9929605722427368,11,0.20145559310913086,49.99999999999999
dirichlet,,0.3013875484466553,1.0411403179168701,10,0.2008657455444336,49.99999999999999
dirichlet,,0.30667760968208313,1.0010743141174316,9,0.24228471517562866,49.99999999999999
dirichlet,,0.29941174387931824,1.0284844636917114,11,0.2874850630760193,49.99999999999999
dirichlet,,0.3063036799430847,0.9869904518127441,10,0.1701802909374237,49.99999999999999
dirichlet,,0.30575212836265564,0.9838302731513977,11,0.21098601818084717,49.99999999999999
dirichlet,,0.28634020686149597,1.0065276622772217,10,0.19960813224315643,49.99999999999999
