Sequence,Count,cluster_id,cluster_size,cluster_read_mass,is_representative
ADANPWLLFLAQPYQ,1,0,440,11232,False
ADANPWLLFLSQPFQ,1,0,440,11232,False
ADANPWLLFLYRPQQ,1,21,55,73,False
ADARPWLLFLQWPVQ,1,181,19,19,True
ADFNPWLLFLAQPRQ,1,0,440,11232,False
ADFNPWLLFLRQPYQ,1,110,29,32,False
ADFNPWLLFLRRPAQ,1,2,945,10007,False
ADFNPWLLFLRRPSQ,14,2,945,10007,False
ADGQPGLLFLVAPGQ,1,182,2,2,True
ADHFPTLLFLSEPAQ,1,183,1,1,True
ADINPFLLFLQFPVQ,1,5,22,107,False
ADINPFLLFLRQPKQ,1,110,29,32,False
ADINPWLLFLSRPQQ,1,21,55,73,False
ADLLPLLLFLQYPSQ,1,184,12,12,True
ADMNPWLLFLNWPQQ,1,10,61,143,False
ADMQPWLLFLIKPDQ,1,185,3,3,True
ADPGPLLLFLQWPVQ,2,9,18,39,False
ADQAPLLLFLVYPRQ,1,184,12,12,False
ADQGPWLLFLLGPPQ,1,186,3,3,True
ADRGPQLLFLWVPYQ,1,187,2,2,True
ADRRPLLLFLLLPQQ,1,188,7,7,True
ADRWPMLLFLQWPVQ,1,181,19,19,False
ADSNPWLLFLRLPQQ,1,4,162,769,False
ADSWPGLLFLSWPQQ,1,189,4,4,True
ADVLPFLLFLMLPTQ,1,126,4,5,False
ADVNPWLLFLKMPQQ,1,2,945,10007,False
ADVNPWLLFLKQPEQ,1,0,440,11232,False
ADVNPWLLFLKQPSQ,1,0,440,11232,False
ADVNPWLLFLQWPKQ,2,10,61,143,False
ADVNPWLLFLQWPRQ,3,3,116,931,False
ADYNPWLLFLQWPSQ,3,0,440,11232,False
AGWVAVAAVSGVAGP,2,41,8,9,True
AG_LAVPAVSAHAEA,1,190,1,1,True
AIGIRASASGKGRRR,1,191,2,2,True
AIGIRCSACSNSRRR,1,192,1,1,True
AIGIRTGG*GKGRRR,1,139,16,17,False
AMGCRCCCF*RGRPR,2,42,1,2,True
AR_GPEAAVSEAPEP,1,193,1,1,True
AWRPAPAVSDPPEPG,2,43,1,2,True
CDCNPAFFFRKVPAQ,1,44,6,7,False
CDCNPCCAG*NCRRR,1,194,3,3,True
CDCNPCMVFCKSRRR,1,195,1,1,True
CDCNPGGCCVKLPAQ,1,196,2,2,True
CDCNPGVVFIKFPAQ,4,19,5,8,True
CDCNPHLRVLESPGA,1,197,1,1,True
CDCNPIGVVCKGPAQ,1,198,2,2,True
CDCNPKGWIGKVPAQ,1,199,2,2,True
CDCNPLLLFLKLPAQ,1,2,945,10007,False
CDCNPPCF*NSRRRV,1,200,1,1,True
CDCNPQCLCFKCPAQ,1,44,6,7,False
CDCNPVFGLCKVPAQ,1,44,6,7,False
CDCNPVFLFCKCPAQ,2,44,6,7,True
CDCNPVVLCVKGPAQ,1,44,6,7,False
CDCQSARLHRESPGA,1,201,3,3,True
CDFKSVRVVVEIAGA,1,202,3,3,True
CDFNPAGCVVKIPAQ,1,196,2,2,False
CDFNPALVS*NSRRR,1,203,3,3,True
CDFNPFFGCVKFPAQ,1,204,4,4,True
CDFNPFLVLLKLPAQ,2,6,167,539,False
CDFNPGGVVLKSRRR,13,12,2,14,True
CDFNPGLVLCKVPAQ,1,59,44,52,False
CDFNPILVILKFPRR,1,205,2,2,True
CDFNPLFVIGKVPRR,1,205,2,2,False
CDFNPMLFGLKLPGA,1,206,2,2,True
CDFNPQFVSANCRRR,1,203,3,3,False
CDFNPRWLLGKSPAQ,1,207,2,2,True
CDFNPSCSMSKCRRR,1,208,3,3,True
CDFNPSSA**NSRRR,1,144,4,5,False
CDFNPSSCAAKSRRR,1,144,4,5,False
CDFNPSSGFWENPGA,1,72,3,4,False
CDFNPTWLRWKVPGA,1,209,1,1,True
CDFNPVCLMFKIPAQ,1,210,1,1,True
CDFNPWLVCFKWPAQ,1,91,13,15,False
CDFNPWWCRWNSRRR,1,211,1,1,True
CDFNPYFVFVKCPAQ,1,14,164,286,False
CDGNPAGEEVEMAGA,1,212,5,5,True
CDGNPAGVGVERAGA,1,212,5,5,False
CDGNPALLAGKARRR,1,213,1,1,True
CDGNPIFVLLKVPAQ,1,59,44,52,False
CDGNPKGRRRKMPAQ,1,13,291,376,False
CDGNPPGGGVKGPAQ,1,214,17,17,True
CDGNPQCGVCKSPAQ,1,215,5,5,True
CDGNPSQHHEESPGA,1,216,1,1,True
CDGNPSVVVLKIRRR,1,12,2,14,False
CDGWPWLLFLCWPFQ,1,217,2,2,True
CDINPAVVLWKVPAQ,2,26,10,13,False
CDLNPCWLFFKGPGA,1,218,1,1,True
CDLNPFFFLLKIPAQ,1,219,10,10,True
CDLNPGRVHVENPGA,1,220,4,4,True
CDLNPGRVQVESPGA,1,220,4,4,False
CDLNPGVHLQESPGA,1,221,1,1,True
CDLNPMFLMGKMPAQ,1,222,1,1,True
CDLNPPLGRLEIPGA,1,223,2,2,True
CDLNPSVFVFKIPAQ,1,26,10,13,False
CDLNPSVLLWKLPAQ,3,26,10,13,True
CDLNPWVCDRQIAGA,1,224,2,2,True
CDLNVVLHLQIPGAG,1,225,2,2,True
CDMESVGLGGEIAGA,1,226,2,2,True
CDMIRRC*AGNARRR,1,227,1,1,True
CDMNPCGFSGKGRRR,1,228,1,1,True
CDMNPDDGAGGKCRR,1,229,1,1,True
CDQQPQLLFLMVPKQ,1,230,4,4,True
CDRNPHRRWGKRPAQ,1,231,12,12,True
CDRNPPSRSRKRPAQ,1,13,291,376,False
CDRNPRGGRRKGPAQ,1,13,291,376,False
CDRSPNLLFLTQPVQ,1,232,1,1,True
CDSESGDRRRESAGA,1,233,2,2,True
CDSIR*CS**NSRRR,2,45,1,2,True
CDSIRRACSGNCRRR,2,46,3,4,True
CDSNPAWGWGKSRRR,1,234,2,2,True
CDSNPCVVLFKLPAQ,1,26,10,13,False
CDSNPMGEVEERAGA,1,151,8,10,False
CDSNPSGGSGKCPAQ,1,235,2,2,True
CDSNPSRA*KSRRRV,5,18,1,5,True
CDVNPACCLGKGPAQ,1,108,10,11,False
CDVNPAFVFMKFPAQ,1,14,164,286,False
CDVNPCFSS*KSRRR,1,48,5,7,False
CDVNPLFVLLKCGAG,1,236,1,1,True
CDVNPLILSSKARRR,2,47,1,2,True
CDVNPQWCGGKFPAQ,1,237,5,5,True
CDVNPRGVLGEMAGA,1,238,4,4,True
CDVNPRRWGGKMPGR,1,239,1,1,True
CDVNPVGAA*KSRRR,2,48,5,7,True
CDVNPVVSFIKVPAA,1,240,1,1,True
CDVNRGWAASKCRRR,1,241,1,1,True
CDVNRWCGCGNCRRR,1,242,1,1,True
CDVTPDQRHRESPGA,1,243,1,1,True
CDVWPQLLFLQWPLQ,1,60,14,17,False
CDWAPGLLFLCSPSQ,1,244,1,1,True
CDWNPNFWMWKGPAQ,1,245,1,1,True
CGCESGVVVGESAGA,1,180,3,4,False
CGCESVGLVVEIAGA,1,226,2,2,False
CGCESVGRRLQRAGA,1,88,3,4,False
CGCQSGVLLVEIAGA,1,246,3,3,True
CGFQSGVGEGESAGA,1,180,3,4,False
CGFQSVLLRLENAGA,1,247,2,2,True
CGFQSVLRVRENPGA,1,39,13,16,False
CGLESGGLDGEMAGA,1,248,2,2,True
CGQESAGGGGEKAGA,1,249,7,7,True
CGQESDGQGQEMAGA,1,49,6,7,False
CGQQSVRLDEEMAGA,1,250,2,2,True
CRFESVGRVVESAGA,1,251,2,2,True
CV*IRASAGANSRRR,1,252,3,3,True
CV*IRASCS*NCRRR,1,252,3,3,False
CVAIRCSCAANSRRR,1,252,3,3,False
CVSIRC*SWGNCRRR,1,253,1,1,True
DAWQSGRERGERPGA,1,254,1,1,True
DDANPSLLFLDLAAA,1,255,1,1,True
DDGWPFLLFLQWPVQ,1,173,26,27,False
DDIHPNLLFLYEPKQ,1,256,1,1,True
DDLEPGAAVSEAPEP,1,257,1,1,True
DDQEPKLLFLPTPTQ,1,258,2,2,True
DDQWPKLLFLAQPVQ,1,258,2,2,False
DDRNPWLLFLRQPRQ,1,0,440,11232,False
DD_EAGAAVSALAEP,1,259,1,1,True
DGCQSVRVVGENAGA,1,260,1,1,True
DGFQSVVGLLGKCRR,1,261,1,1,True
DGLESVGGGVQSAGA,1,262,7,7,True
DGQESDVGVVEIAGA,1,112,19,23,False
DGQESEREEEQRAGA,1,30,82,93,False
DGQQSDEREEESAGA,1,263,2,2,True
DGQQSDQQDEERAGA,2,38,6,10,False
DGWESEGGEEERPGA,1,264,3,3,True
DGWESGGDLGEMAGA,1,248,2,2,False
DGYESEEQGREKPSA,1,265,1,1,True
DGYQSDQRHHEIPGA,1,266,2,2,True
DGYQSGQHHVEIAGA,1,266,2,2,False
DGYVAGAAVSVVGRC,1,267,1,1,True
DRCESALLHQENPGA,1,268,1,1,True
EDDSPNLLFLKGPGQ,1,269,2,2,True
EDFNPWLLFLKVPAQ,12,2,945,10007,False
EDFNPWLLFLVRPSQ,1,2,945,10007,False
EDFNPWLLFLWQPGQ,2,0,440,11232,False
EDGWPWLLFLQLPVQ,2,4,162,769,False
EDINPWLLFLAQPWQ,3,0,440,11232,False
EDINPWLLFLKQPVQ,1,0,440,11232,False
EDINPWLLFLRQPGQ,1,0,440,11232,False
EDINPWLLFLRQPTQ,12,0,440,11232,False
EDINPYLLFLRQPRQ,1,3,116,931,False
EDINPYLLFLVKPQQ,1,21,55,73,False
EDINPYLLFLYKPQQ,1,21,55,73,False
EDLNPWLLFLRMPNQ,1,4,162,769,False
EDLNPWLLFLRQPKQ,4,4,162,769,False
EDQQPRLLFLTYPQQ,1,270,3,3,True
EDVQPGLLFLESPRQ,1,126,4,5,False
EDWGPVLLFLQWPVQ,1,181,19,19,False
EDWGPWLLFLVQPVQ,1,271,5,5,True
EDYNPWLLFLAQPWQ,1,0,440,11232,False
EDYNPWLLFLKLPQQ,13,0,440,11232,False
EDYNPWLLFLRSPQQ,4,0,440,11232,False
EDYNPYLLFLAQPWQ,1,0,440,11232,False
EDYNPYLLFLRQPFQ,3,0,440,11232,False
EDYNPYLLFLRQPKQ,1,1,400,4647,False
EDYNPYLLFLRSPYQ,1,1,400,4647,False
EDYQPMLLFLFVPSQ,1,272,1,1,True
ED_QPEPAVSDVAEA,1,273,1,1,True
EGCESGDVRRESAGA,1,233,2,2,False
EGLESEEEEEESAGA,1,30,82,93,False
EGLESGEEGGGKGRR,1,274,1,1,True
EGLVAVAAVSVLAAA,1,275,2,2,True
EGQESAEEEEERAGA,1,30,82,93,False
EGQESDDEEQERAGA,1,49,6,7,False
EGQESDGEEEEKAGA,1,30,82,93,False
EGQESDQQHQERAGA,2,49,6,7,True
EGQESDREGQERAGA,1,49,6,7,False
EGQESEEDQEERAGA,1,30,82,93,False
EGQESEEVEGEKAGA,1,30,82,93,False
EGQESEGEEEEKAGA,2,30,82,93,False
EGQESEGEQEEKAGA,1,30,82,93,False
EGQESEVEEVERAGA,1,30,82,93,False
EGQESGEEEQEMAGA,1,30,82,93,False
EGQQSEVQEEERAGA,1,30,82,93,False
EGQQSEVVGSAKCRR,1,276,1,1,True
EGQQSVRGQEEKAGA,1,250,2,2,False
EGWESEHGEGESAGA,1,277,1,1,True
EGWESGGVEVERGRR,1,278,1,1,True
EGYESALEEGQKAGA,1,279,1,1,True
EGYESAQQHKENAGA,1,49,6,7,False
EGYESGGGEEEKAGA,1,280,5,5,True
EGYESGQEEEERAGA,1,280,5,5,False
EG_PAVAAVSDGPEA,1,281,1,1,True
EG_VPDPAVSEQPGA,1,282,1,1,True
ERCQSAVLRQESPGA,3,27,1,3,True
ERLQSDGVHVERAGA,1,283,1,1,True
ERLQSVLQDGESPGA,1,284,1,1,True
ERLQSVREGREKAGA,1,285,1,1,True
ERQESEGEEVEKAGA,1,286,3,3,True
ERQQSALRQVEIAGA,1,287,1,1,True
ERQQSGEEEQEKAGA,1,286,3,3,False
F*IRSCCC*NCRRRV,1,288,1,1,True
FD*IRGGSSSNCRRR,1,289,4,4,True
FD*IRRSSCSNGRRR,1,289,4,4,False
FDAIRTSWW*KSRRR,1,290,2,2,True
FDANPWLLFLSQPSQ,2,0,440,11232,False
FDCIRAG*WSKCRRR,1,291,1,1,True
FDCNPCCGIWKIPAQ,1,292,2,2,True
FDCNPFCFFFKFPGA,1,293,1,1,True
FDCNPFFVFLKMPAQ,1,14,164,286,False
FDCNPFLFMLKFPAQ,1,59,44,52,False
FDCNPFRGLGESAGA,1,294,2,2,True
FDCNPGGISWKFPAQ,1,295,3,3,True
FDCNPLCFFVEIAGA,1,296,1,1,True
FDCNPLCVVRKIPGA,2,50,3,4,True
FDCNPLICVCKFPAQ,1,297,2,2,True
FDCNPLLLWVLKLPG,1,298,1,1,True
FDCNPLVGICKCPAQ,1,292,2,2,False
FDCNPRVSGGKFPAQ,1,299,2,2,True
FDCNPSASGAKSRRR,1,300,1,1,True
FDCNPVVVILKFPAQ,1,19,5,8,False
FDFIRCSSC*NCRRR,1,301,6,6,True
FDFIRCSSSSNCRRR,1,301,6,6,False
FDFKSADLVVEMAGA,1,302,1,1,True
FDFKSVELRVESAGR,2,51,1,2,True
FDFNPACVFWEIPGA,1,303,2,2,True
FDFNPCVMCLKFPGA,1,304,2,2,True
FDFNPEVGGLEIPGA,1,52,3,4,False
FDFNPFCWFLKLPAQ,1,6,167,539,False
FDFNPFFVFLKLPAQ,1,14,164,286,False
FDFNPFGFCLKFPAR,1,305,2,2,True
FDFNPFGRLVQIAGA,1,306,3,3,True
FDFNPFLLFLKLPAQ,1,2,945,10007,False
FDFNPFLVFLKIPAQ,1,59,44,52,False
FDFNPFLVFLKVPAQ,4,2,945,10007,False
FDFNPFLVILKLPAQ,1,59,44,52,False
FDFNPFMLLLKFPAQ,1,6,167,539,False
FDFNPFMLLLKLPAQ,1,6,167,539,False
FDFNPFVRLLEIPGA,1,52,3,4,False
FDFNPFWVCLKCPAQ,1,59,44,52,False
FDFNPGMCIMKLPAQ,1,6,167,539,False
FDFNPIWGFGEMPGA,1,307,2,2,True
FDFNPLCCVWKVPAQ,1,143,22,23,False
FDFNPLCVFGKGPAQ,1,308,8,8,True
FDFNPLFLLLKWAGA,1,309,5,5,True
FDFNPLFLVFKLPAQ,1,6,167,539,False
FDFNPLFVFGKFPAQ,2,14,164,286,False
FDFNPLFVFLKLPAQ,1,14,164,286,False
FDFNPLFVLLKFPAQ,1,14,164,286,False
FDFNPLFWS*NSRRR,1,203,3,3,False
FDFNPLGGLGEIAGA,1,76,10,11,False
FDFNPLLLFLKFPAQ,2,2,945,10007,False
FDFNPLLLFLKGPAQ,1,2,945,10007,False
FDFNPLLLFLKLPAQ,3,2,945,10007,False
FDFNPLLLFLKVPAQ,8,2,945,10007,False
FDFNPLLLWLKMPAQ,1,2,945,10007,False
FDFNPLLVFLKMPAQ,1,308,8,8,False
FDFNPLVCMFNSRRR,1,310,1,1,True
FDFNPMIVSWKSPAQ,1,311,3,3,True
FDFNPMLLFLKFPAQ,2,2,945,10007,False
FDFNPMLLFLKIPAQ,1,2,945,10007,False
FDFNPMLLFLKLPAQ,3,2,945,10007,False
FDFNPMLLFLKMPAQ,1,2,945,10007,False
FDFNPMLVFLKIPAQ,1,2,945,10007,False
FDFNPQGLRREIPGA,1,312,3,3,True
FDFNPRVRVQEIPGA,2,52,3,4,True
FDFNPSFCFVKFPGR,1,313,1,1,True
FDFNPSFVFMNSRRR,1,314,1,1,True
FDFNPSGMLGKFPAQ,1,315,2,2,True
FDFNPTCSANSRRRV,1,316,1,1,True
FDFNPTLLFLKFPAQ,1,2,945,10007,False
FDFNPVFFLWKVPAQ,1,143,22,23,False
FDFNPVGFLLKFPAQ,1,305,2,2,False
FDFNPVGRLVENPGA,1,306,3,3,False
FDFNPVLGLVEIAGA,1,306,3,3,False
FDFNPVLLFLQWPVQ,1,181,19,19,False
FDFNPWFFFLKVPAQ,1,2,945,10007,False
FDFNPWFVFLKVPAQ,5,2,945,10007,False
FDFNPWLIFLKVPAQ,8,2,945,10007,False
FDFNPWLLFLKFPAQ,1,2,945,10007,False
FDFNPWLLFLKLPAQ,5,2,945,10007,False
FDFNPWLLFLKMPAQ,1,2,945,10007,False
FDFNPWLLFLKVPAQ,34,2,945,10007,False
FDFNPWLLFLRQPNQ,3,0,440,11232,False
FDFNPWLLFLSGPTQ,1,2,945,10007,False
FDFNPWLLLLKLPAQ,2,6,167,539,False
FDFNPWLMFLKVPAQ,1,2,945,10007,False
FDFNPWLVFLKIPAQ,1,2,945,10007,False
FDFNPWLVFLKLPAQ,2,2,945,10007,False
FDFNPWLVFLKVPAQ,2,2,945,10007,False
FDFNPWLVLLKFPAQ,2,2,945,10007,False
FDFNPWLVLLKLPAQ,4,6,167,539,False
FDFNPWMLFLKFPAQ,1,2,945,10007,False
FDFNPWMVFLKVPAQ,3,2,945,10007,False
FDFNPWVLLW*NGRR,1,317,1,1,True
FDFNPYFFFLKLPAQ,2,6,167,539,False
FDFNPYFLFLKLPAQ,1,6,167,539,False
FDFNPYFLFLKVPAQ,2,2,945,10007,False
FDFNPYFVFLKFPAQ,2,14,164,286,False
FDFNPYFVFLKIPAQ,1,14,164,286,False
FDFNPYFVFLKLPAQ,2,14,164,286,False
FDFNPYFVFLKVPAQ,2,14,164,286,False
FDFNPYFVLLKFPAQ,1,14,164,286,False
FDFNPYLFFLKFPAQ,1,14,164,286,False
FDFNPYLFFLKLPAQ,1,6,167,539,False
FDFNPYLFFLKVPAQ,2,2,945,10007,False
FDFNPYLIFLKLPAQ,4,6,167,539,False
FDFNPYLIFLKVPAQ,8,2,945,10007,False
FDFNPYLILLKVPAQ,1,6,167,539,False
FDFNPYLLFLKFPAQ,12,2,945,10007,False
FDFNPYLLFLKIPAQ,2,2,945,10007,False
FDFNPYLLFLKLPAH,1,6,167,539,False
FDFNPYLLFLKLPAQ,11,6,167,539,False
FDFNPYLLFLKVPAQ,6,2,945,10007,False
FDFNPYLLFLKWPAQ,1,2,945,10007,False
FDFNPYLLLLKFPAQ,1,6,167,539,False
FDFNPYLVFLKFPAQ,2,14,164,286,False
FDFNPYLVFLKLPAQ,1,6,167,539,False
FDFNPYLVFLKVPAQ,2,2,945,10007,False
FDFNPYLVLLKLPAQ,1,6,167,539,False
FDFNPYMLFLKFPAQ,2,6,167,539,False
FDFNPYMLFLKLPAQ,1,6,167,539,False
FDFNPYMLLLKFPAQ,1,6,167,539,False
FDFNPYMLLLKLPAQ,69,6,167,539,True
FDFNPYWGMRKVPAQ,1,318,1,1,True
FDFNRSSCSGKGRRR,1,319,3,3,True
FDFNRSWCCSNCRRR,1,320,3,3,True
FDFNSVHLGLQIPGA,1,321,1,1,True
FDGNPACFVFKVPAQ,1,127,3,4,False
FDGNPAGREEERPGA,1,322,3,3,True
FDGNPFLCDLQIPGA,1,323,1,1,True
FDGNPKWWSGKLPAQ,1,116,5,6,False
FDGNPPCCSGKGPAQ,1,308,8,8,False
FDGNPVCFRREIPGA,1,312,3,3,False
FDHNPYLLFLRQPKQ,1,1,400,4647,False
FDIKSDVHLQESPGA,1,324,1,1,True
FDINPCVCVGKSRRR,1,325,3,3,True
FDINPFWSSANSRRR,1,326,4,4,True
FDINPGQELDSRRRV,1,327,1,1,True
FDINPGSVVGKWPAQ,1,328,3,3,True
FDINPGWVWGKVPAQ,1,328,3,3,False
FDINPICCVMKSRRR,1,325,3,3,False
FDINPLLCILKCPGA,1,329,2,2,True
FDINPLLLFLRQPKQ,1,11,59,151,False
FDINPVRVLREIPGA,1,330,3,3,True
FDINPWLLFLKMPAQ,1,2,945,10007,False
FDINPWLLFLQLPRQ,1,4,162,769,False
FDINPYLLFLAQPWQ,1,0,440,11232,False
FDINPYLLFLNQPRQ,3,3,116,931,False
FDLIR*SCC*NSRRR,1,53,10,12,False
FDLIRGWCC*NCRRR,1,53,10,12,False
FDLNPESFIWKFPRR,1,331,1,1,True
FDLNPFLLFLKLPAQ,1,2,945,10007,False
FDLNPFVLLLKWPAQ,1,6,167,539,False
FDLNPLCFWWKVPAQ,1,143,22,23,False
FDLNPLFFLVKVPAQ,1,219,10,10,False
FDLNPLLLLCKLPAQ,1,6,167,539,False
FDLNPMTCC*NSRRR,1,53,10,12,False
FDLNPPVLW*KCRRR,1,332,1,1,True
FDLNPQCVL*NARRR,1,333,2,2,True
FDLNPSVSSSKGPAQ,1,334,1,1,True
FDLNPTLGG*NSRRR,1,335,1,1,True
FDLNPVGIISKVPAQ,1,336,1,1,True
FDLNPVGVFWKFPAQ,1,295,3,3,False
FDLNPVLGGVESAGA,1,146,11,12,False
FDLNPVLLLLKLPAQ,2,6,167,539,False
FDLNPVSCC*NCRRR,2,53,10,12,True
FDLNPWLLFLQSPRQ,1,4,162,769,False
FDLNPWLLFLQVPVQ,1,4,162,769,False
FDLNPWLLFLRQPLQ,1,4,162,769,False
FDLNPWLLLLKMPAQ,1,2,945,10007,False
FDLNPWLVFLKLPAQ,1,149,40,42,False
FDLNPWWVLVKFPAQ,1,337,5,5,True
FDLNSGSC*KSRRRV,1,338,1,1,True
FDMKSAQQRQESPGA,2,54,1,2,True
FDMNPACSREERPGA,1,322,3,3,False
FDMNPHFVISKVPGA,1,339,1,1,True
FDMNPMGGVGKFPGA,2,55,3,4,True
FDMNPPGFFGKGPAR,1,340,1,1,True
FDMNPSWIFGEMPGA,1,307,2,2,False
FDMNPWLLFLKLPQQ,13,2,945,10007,False
FDMNPWLLFLKMPAQ,1,2,945,10007,False
FDQNPWLLFLKMPYQ,45,2,945,10007,False
FDQNPWLLFLKQPKQ,1,0,440,11232,False
FDQNPWLLFLRKPKQ,1,1,400,4647,False
FDQNPWLLFLRMPNQ,1,4,162,769,False
FDQNPWLLFLRQPKQ,1,0,440,11232,False
FDQQSARRRQQSPGA,1,341,2,2,True
FDRIRAAGGGKGRRR,1,342,4,4,True
FDRNPDGRVDQSAGA,1,343,2,2,True
FDRNPLGRRRKRPAQ,1,13,291,376,False
FDRNPRGRVVKGPAQ,1,150,20,21,False
FDRNPRRRRRKGPAQ,1,81,48,51,False
FDRNPTVFVWKVPAQ,1,143,22,23,False
FDRSPWLLFLESPWQ,2,56,2,4,True
FDSIRCASS*NCRRR,1,301,6,6,False
FDSIRTGVFNESPGA,2,57,1,2,True
FDSNPMRGVREKAGA,1,344,1,1,True
FDSNPSGRRRKRPAQ,1,13,291,376,False
FDSNPWLLFLQRPTQ,1,10,61,143,False
FDSNPYLLFLRKPKQ,1,1,400,4647,False
FDSQPELLFLLEPVQ,2,58,2,3,True
FDTNPWLLFLRQPTQ,1,0,440,11232,False
FDTNPYLLFLIYPQQ,3,5,22,107,False
FDVIRC*SC*NCRRR,1,301,6,6,False
FDVNPALLRLESPGA,1,345,6,6,True
FDVNPFFVLWKLPAQ,1,59,44,52,False
FDVNPFSSSSNSRRR,1,326,4,4,False
FDVNPFWLLLKCPGA,1,346,1,1,True
FDVNPGDRHRQILGA,1,347,2,2,True
FDVNPGRLVLEMPGA,1,345,6,6,False
FDVNPLLLFLKFPAQ,1,2,945,10007,False
FDVNPLVLLVKLPAQ,1,6,167,539,False
FDVNPPGLFVKGPAQ,1,214,17,17,False
FDVNPPSVIGKSPAQ,1,328,3,3,False
FDVNPQFIMSKLPAQ,1,348,2,2,True
FDVNPQVVGVKGRRR,1,349,2,2,True
FDVNPRACSANSRRR,1,326,4,4,False
FDVNPRCWCGKGPAQ,1,308,8,8,False
FDVNPSCVFVKFPAQ,1,137,7,9,False
FDVNPTCCGCKVPAQ,1,350,1,1,True
FDVNPTGMFMKFPAQ,1,315,2,2,False
FDVNPWFVFLKLPAQ,1,14,164,286,False
FDVNPWLLFLKLPAQ,2,2,945,10007,False
FDVNPWLLFLQLPVQ,1,4,162,769,False
FDVNPWLVFLKMPAQ,1,2,945,10007,False
FDVNPWRVLCKVPAA,1,351,1,1,True
FDVNPYLLFLVQPRQ,3,3,116,931,False
FDVNRCAASANARRR,1,352,1,1,True
FDVNRPSSSGKSRRR,1,319,3,3,False
FDVQSAQLLRESPGA,1,201,3,3,False
FDVQSGRREREIPGA,1,353,1,1,True
FDWNPFLLFLKVPAQ,1,59,44,52,False
FDWNPFLLLLKLPAQ,1,59,44,52,False
FDWNPFLLLLKVPAQ,1,59,44,52,False
FDWNPFLMFLKVPAQ,1,59,44,52,False
FDWNPFLVLLKVPAQ,2,59,44,52,True
FDWNPLCSASNSRRR,1,354,1,1,True
FDWNPLFLLLKVPAQ,1,59,44,52,False
FDWNPLFVRVKLPGA,1,355,2,2,True
FDWNPLGCLANCRRR,1,356,2,2,True
FDWNPLLFLKLPAQG,1,357,1,1,True
FDWNPLLLFLKVPAQ,1,2,945,10007,False
FDWNPLLLLLKVPAQ,2,59,44,52,False
FDWNPLLLMLKLPAQ,1,6,167,539,False
FDWNPLLVWLKVPAQ,1,59,44,52,False
FDWNPLVFFWKFPAG,1,358,1,1,True
FDWNPNLLFLRRPQQ,1,11,59,151,False
FDWNPNMSFGKVPAR,1,359,1,1,True
FDWNPQCILIKFPAQ,1,360,1,1,True
FDWNPQGGGGKGRRR,1,69,38,42,False
FDWNPQGRSRKRPAQ,1,13,291,376,False
FDWNPQLLFLKFPAQ,1,2,945,10007,False
FDWNPSCWGGKGAGF,1,361,1,1,True
FDWNPTGS**KCRRR,1,362,1,1,True
FDWNPWFLLLKMPAQ,1,6,167,539,False
FDWNPWFVLLKVPAQ,1,59,44,52,False
FDWNPWLLFLKQPEQ,84,0,440,11232,False
FDWNPWLLFLKQPKQ,1,0,440,11232,False
FDWNPWLLFLKQPWQ,2,0,440,11232,False
FDWNPYFLFLKLPAQ,1,6,167,539,False
FDWNPYFVFLKLPAQ,1,14,164,286,False
FDWNPYFVLLKVPAQ,1,59,44,52,False
FDWNPYLLFLKFPAQ,1,1,400,4647,False
FDWNPYLLFLKKPQQ,1,1,400,4647,False
FDWNPYLLFLKQPKQ,1,1,400,4647,False
FDWNPYLLLLKFPAQ,1,6,167,539,False
FDWNPYLMLLKMPAQ,1,59,44,52,False
FDWNPYMMFLKVPAQ,2,6,167,539,False
FDWVPVLLFLQRPLQ,1,60,14,17,False
FDYNPLLLFLVQPRQ,1,0,440,11232,False
FDYNPLLLFLYQPKQ,1,0,440,11232,False
FDYNPWLLFLAQPWQ,1,0,440,11232,False
FDYNPWLLFLASPQQ,31,0,440,11232,False
FDYNPWLLFLGSPQQ,1,0,440,11232,False
FDYNPWLLFLRYPQQ,32,0,440,11232,False
FDYNPWLLFLTRPQQ,1,0,440,11232,False
FDYNPYLLFLKKPQQ,2,1,400,4647,False
FDYNPYLLFLKRPQQ,1,1,400,4647,False
FDYNPYLLFLMKPKQ,1,1,400,4647,False
FDYNPYLLFLNKPQQ,9,1,400,4647,False
FDYNPYLLFLQWPVQ,1,1,400,4647,False
FDYNPYLLFLRQPEQ,14,0,440,11232,False
FDYNPYLLFLRTPQQ,1,1,400,4647,False
FDYNPYLLFLVSPQQ,15,1,400,4647,False
FDYNPYLLFLYMPQQ,1,1,400,4647,False
FGCESAVLRLEIPGA,1,154,4,5,False
FGCQSAQLVVQIPGA,1,363,2,2,True
FGCQSGELQEEKPGA,1,364,2,2,True
FGCQSGRLRLEMPGA,1,364,2,2,False
FGCQSVLLRDQKPGA,1,365,1,1,True
FGFESDLQLQESPGA,1,366,3,3,True
FGFESGVRVLEIPGA,1,112,19,23,False
FGFESGVVGGEIAGA,1,367,7,7,True
FGFESVRLLGEIAGA,1,367,7,7,False
FGFESVVVRLEMAGA,1,112,19,23,False
FGFQSAVHVQEIAGA,1,368,1,1,True
FGFQSVHGLVEIAGA,1,369,7,7,True
FGFQSVLGRVEIPGA,1,39,13,16,False
FGFQSVRDRHEIPGA,1,39,13,16,False
FGFQSVVLLLESPGA,1,156,9,11,False
FGLQSVVVGGQIAGA,1,367,7,7,False
FGQESGRLRVESPGA,1,370,1,1,True
FGYQSALGRLESPGA,1,371,1,1,True
FGYQSDGQGLEIPGA,1,372,2,2,True
FGYQSVHLLVEIPGA,1,369,7,7,False
FGYQSVLRLLEIPGA,1,156,9,11,False
FMSIRAGWA*KARRR,1,373,1,1,True
FVSIRSSSASNSRRR,1,374,1,1,True
GD*IRAVVLRVVAPS,1,375,1,1,True
GD*IRRGGGGKGRRR,1,69,38,42,False
GD*NPNICVGKRPAQ,1,376,2,2,True
GDAIRGSSGGNARRR,1,377,2,2,True
GDATPCLLFLLLPNQ,1,378,1,1,True
GDCNPDVRQGERPGA,1,379,1,1,True
GDCNPEEVEQQRAGA,1,380,1,1,True
GDCNPEGSGRKGPAQ,1,28,7,9,False
GDCNPGGVLGENPGA,1,381,3,3,True
GDCNPGWFCLKCPAQ,1,382,1,1,True
GDCNPKGGEEERAGA,1,20,20,24,False
GDCNPLVFMGKVPAQ,1,383,2,2,True
GDCNPMFVGFKFPAQ,1,384,1,1,True
GDCNPPGFSWKVPAQ,1,295,3,3,False
GDCNPQGSSMKGRRR,1,385,1,1,True
GDCNPTWCIGKGPAQ,1,386,3,3,True
GDCNPVGRQMPGAGF,1,387,1,1,True
GDCWPVLLFLQCPLQ,2,60,14,17,True
GDEFPMLLFLWRPQQ,2,61,3,4,True
GDEQPFLLFLQLPVQ,1,179,3,4,False
GDEQSEGEEEEKAGA,1,388,11,11,True
GDESEGQVQQRPGAG,1,389,1,1,True
GDFDPWLLFLYMPQQ,1,21,55,73,False
GDFESVGVRGQRAGA,1,390,4,4,True
GDFNPALLHLQNPGA,1,391,1,1,True
GDFNPARRQVQRPGA,1,392,3,3,True
GDFNPDGGIVKFPAQ,1,71,8,9,False
GDFNPFLLFLKLPAQ,1,2,945,10007,False
GDFNPKGGRLKGPAQ,1,13,291,376,False
GDFNPKVWRRKWPAQ,1,13,291,376,False
GDFNPLFLLLKLPAQ,1,6,167,539,False
GDFNPLGSWMKCPAQ,1,393,2,2,True
GDFNPLLLFLKFPAQ,1,2,945,10007,False
GDFNPLLLFLKWPAQ,1,2,945,10007,False
GDFNPLLLLVEMAGA,1,394,4,4,True
GDFNPLVGWVKCRRR,1,395,2,2,True
GDFNPLVVFMKCPAQ,1,393,2,2,False
GDFNPMVFWLKFPAQ,1,171,5,6,False
GDFNPMVRRRKCPAQ,1,13,291,376,False
GDFNPPASSSKARRR,1,396,1,1,True
GDFNPPGISRKIPAQ,1,397,2,2,True
GDFNPPGWHEQSPGA,1,398,2,2,True
GDFNPQGSRGKGPAQ,1,81,48,51,False
GDFNPSFGWGKPGAG,1,399,2,2,True
GDFNPSGGVGERPGA,1,72,3,4,False
GDFNPSGMGKSPGAG,1,400,1,1,True
GDFNPSGVLVKSPGA,1,401,1,1,True
GDFNPSMVSGKVPRR,1,402,1,1,True
GDFNPTGGLLQMPGA,2,62,1,2,True
GDFNPVVCWRESPGA,2,63,3,4,True
GDFNPWFLFLKMPAQ,1,2,945,10007,False
GDFNPWLFFLKMPAQ,1,2,945,10007,False
GDFNPWLIFLKVPAQ,3,2,945,10007,False
GDFNPWLLFLKFPAQ,4,2,945,10007,False
GDFNPWLLFLKLPAQ,13,2,945,10007,False
GDFNPWLLFLKRPAQ,1,2,945,10007,False
GDFNPWLLFLKVPAQ,16,2,945,10007,False
GDFNPWLLFLKWPAQ,4,2,945,10007,False
GDFNPWLLFLQLPMQ,1,2,945,10007,False
GDFNPWLLFLQMPAQ,1,2,945,10007,False
GDFNPWLLFLQVPVQ,7,2,945,10007,False
GDFNPWLLLLKLPAQ,1,2,945,10007,False
GDFNPWLLLLKWPAQ,1,2,945,10007,False
GDFNPWLLWLKVPAQ,17,2,945,10007,False
GDFNPWLMLLKLPAQ,1,2,945,10007,False
GDFNPWLVFLKVPAQ,1,2,945,10007,False
GDFNPWLVFLKWPAQ,1,2,945,10007,False
GDFNPWLVWLKVPAQ,3,2,945,10007,False
GDFNPWMLFLKLPAQ,2,2,945,10007,False
GDFNPWMLFLKVPAQ,4,2,945,10007,False
GDFNPWMLWLKVPAQ,1,2,945,10007,False
GDFNPYLLFLKLPAQ,2,2,945,10007,False
GDFNPYLLFLKVPAQ,2,2,945,10007,False
GDFNPYLLFLRKPVQ,1,1,400,4647,False
GDFNPYLLWLKVPAQ,1,2,945,10007,False
GDFNPYLVFLKFPAQ,1,14,164,286,False
GDFNRPAACGKSRRR,2,64,1,2,True
GDFNRRSSS*NSRRR,2,65,2,4,True
GDFQPFLLFLRWPAQ,1,403,3,3,True
GDGDPVLLFLKQPAQ,1,404,2,2,True
GDGEPLLLFLQWPAQ,1,403,3,3,False
GDGESEEEGEERAGA,1,30,82,93,False
GDGESEEEVDERAGA,1,30,82,93,False
GDGESEEVEEERAGA,1,30,82,93,False
GDGESGEDQDERAGA,1,405,3,3,True
GDGESGVEEGEKAGA,1,406,5,5,True
GDGESVEEGGQRAGA,1,80,4,5,False
GDGGPGAAVSAGAGA,1,407,2,2,True
GDGGPGAAVSGGAGA,1,407,2,2,False
GDGGVESAGAGFWRR,1,408,3,3,True
GDGHPKLLFLRRPRR,1,409,1,1,True
GDGIRAGGAGKGRRR,1,69,38,42,False
GDGIRGGGG*KGRRR,1,69,38,42,False
GDGIRRWG*SKGRRR,1,410,2,2,True
GDGKSEEEEGERAGA,1,80,4,5,False
GDGKSEEEGDERAGA,1,68,33,37,False
GDGKSGDRQEERAGA,1,405,3,3,False
GDGNPAGVVVESAGA,1,212,5,5,False
GDGNPAGWLGKGPAQ,1,108,10,11,False
GDGNPAIRMSKCRRR,1,411,2,2,True
GDGNPALVRSKGRRR,1,411,2,2,False
GDGNPAMVGVENPGR,1,412,1,1,True
GDGNPARRHVQKPGA,1,392,3,3,False
GDGNPAVVGGQIPGA,1,413,2,2,True
GDGNPCWGWGKCPAQ,1,414,4,4,True
GDGNPDEQDEEKAGA,1,68,33,37,False
GDGNPEGREDERAGA,2,20,20,24,False
GDGNPEGRGRKRPAQ,1,13,291,376,False
GDGNPERRRRKGPAQ,1,81,48,51,False
GDGNPEVRGGKGPRR,1,69,38,42,False
GDGNPGCFWSGRARV,1,415,1,1,True
GDGNPGEEEQERAGA,1,68,33,37,False
GDGNPGEEVQERAGA,1,68,33,37,False
GDGNPGG*GGKGRRR,1,69,38,42,False
GDGNPGGCRGKVPAQ,1,416,15,15,True
GDGNPGGEGEEMAGA,1,68,33,37,False
GDGNPGGLEGENAGA,1,381,3,3,False
GDGNPGGRCVKGPAQ,1,71,8,9,False
GDGNPGGRGMKRAGA,1,417,6,6,True
GDGNPGGVQGERAGA,1,381,3,3,False
GDGNPGGWIGKGPAQ,1,416,15,15,False
GDGNPGGWRSKWPAQ,1,416,15,15,False
GDGNPGMGWCKGPAQ,1,67,3,4,False
GDGNPGRGEEEKAGA,1,77,23,26,False
GDGNPGRGGVKGPAQ,1,214,17,17,False
GDGNPGRRGGERAGA,1,417,6,6,False
GDGNPGRRGVERAGA,1,417,6,6,False
GDGNPGRRGVKGPAQ,1,214,17,17,False
GDGNPGRRRSKRAGA,1,417,6,6,False
GDGNPGRWRRERAGA,1,82,5,6,False
GDGNPGVMGVKGPAQ,1,214,17,17,False
GDGNPGWGVWKFPGR,1,418,1,1,True
GDGNPH*SKCRRRVL,1,419,1,1,True
GDGNPKEEEEEKPGA,1,68,33,37,False
GDGNPKGRMEKAGAG,2,66,3,4,True
GDGNPKGRRRKRPAQ,1,13,291,376,False
GDGNPKGRRRKRPGA,1,13,291,376,False
GDGNPKGRRRKWPAQ,1,13,291,376,False
GDGNPKREGQQRAGA,1,68,33,37,False
GDGNPKRREGEKAGA,1,77,23,26,False
GDGNPKRRREENAGA,1,77,23,26,False
GDGNPKRRRKERAGA,1,129,31,35,False
GDGNPKRRRRKRPAQ,2,13,291,376,False
GDGNPKRRRWKSPAQ,1,13,291,376,False
GDGNPKWMRWKSPGA,1,420,2,2,True
GDGNPKWRSRKRPGA,1,420,2,2,False
GDGNPLCGGGEIAGA,1,76,10,11,False
GDGNPLGVQVQIAGA,1,421,5,5,True
GDGNPLRVEGENAGA,1,422,4,4,True
GDGNPLSGRVEKAGA,1,423,4,4,True
GDGNPLWLWVKGAGA,1,424,1,1,True
GDGNPMGQGVERAGA,1,20,20,24,False
GDGNPMSRGVKGPAF,1,425,1,1,True
GDGNPNGVGVEIAGA,1,421,5,5,False
GDGNPNRRREERAGA,1,68,33,37,False
GDGNPNRRRRKRPAQ,1,13,291,376,False
GDGNPNSRRRKRPAQ,1,13,291,376,False
GDGNPNWWEQERAGA,1,82,5,6,False
GDGNPPCGMRKVRRR,1,426,1,1,True
GDGNPPGGRRKGPAQ,1,214,17,17,False
GDGNPQCGLCKWPAQ,1,215,5,5,False
GDGNPQFCWCKFPAQ,2,67,3,4,True
GDGNPQGRRRKGPAQ,2,13,291,376,False
GDGNPQGRRRKLPAQ,1,13,291,376,False
GDGNPQGW*NGRRRV,1,427,1,1,True
GDGNPQGWRWKGPAQ,1,416,15,15,False
GDGNPQRRRGKVPAQ,1,416,15,15,False
GDGNPQRRRRKRPAQ,3,13,291,376,False
GDGNPQRRSRKRPAQ,1,13,291,376,False
GDGNPQWRGGKGPAQ,1,237,5,5,False
GDGNPQWRRGKMPAQ,1,130,11,12,False
GDGNPR*LRGKVPAQ,1,416,15,15,False
GDGNPREEEEERAGA,1,68,33,37,False
GDGNPREEGEERAGA,2,68,33,37,True
GDGNPRGCG*NGRRR,1,69,38,42,False
GDGNPRGGG*KGRRR,1,69,38,42,False
GDGNPRGGGGKGRRR,2,69,38,42,True
GDGNPRGGRQEKAGA,1,423,4,4,False
GDGNPRGGRRKGPAQ,1,81,48,51,False
GDGNPRGGRRKRPAQ,1,13,291,376,False
GDGNPRGRRCKVPAQ,1,416,15,15,False
GDGNPRGRRRKRPAQ,2,13,291,376,False
GDGNPRLEEQMAGAG,1,428,1,1,True
GDGNPRMLIVKWPAQ,1,71,8,9,False
GDGNPRMRVGKWPAQ,1,429,2,2,True
GDGNPRREEDERAGA,2,68,33,37,False
GDGNPRREEVESPGA,1,430,3,3,True
GDGNPRRGRRKRPAQ,1,81,48,51,False
GDGNPRRIGGKGRRR,1,69,38,42,False
GDGNPRRREGERAGA,1,422,4,4,False
GDGNPRRREGERPGA,1,430,3,3,False
GDGNPRRRRRKGPAQ,1,81,48,51,False
GDGNPRRRRRKRPAQ,1,13,291,376,False
GDGNPRSRRDENGRR,2,70,1,2,True
GDGNPRVEEEQRAGA,1,68,33,37,False
GDGNPRVVGEEKAGA,1,68,33,37,False
GDGNPRWCA*KGRRR,1,69,38,42,False
GDGNPRWGEQERAGA,1,20,20,24,False
GDGNPSCSRGKCPAQ,1,414,4,4,False
GDGNPSGVIVKLPAQ,2,71,8,9,True
GDGNPSRRRRKRPAQ,1,13,291,376,False
GDGNPSSGVGENPGA,2,72,3,4,True
GDGNPTGGRLKGPAQ,1,214,17,17,False
GDGNPTGRRRKGPAQ,1,13,291,376,False
GDGNPTREEEERAGA,1,68,33,37,False
GDGNPTRRRSKMPAQ,1,130,11,12,False
GDGNPVCFLLKGPAQ,1,431,3,3,True
GDGNPVGGMGKVPAA,1,416,15,15,False
GDGNPVGGVWRRKRP,1,432,1,1,True
GDGNPVGLGRERAGA,1,68,33,37,False
GDGNPVGRRWKMAGA,1,417,6,6,False
GDGNPVGVVEQKAGA,1,421,5,5,False
GDGNPVQEGVEMAGA,1,68,33,37,False
GDGNPVRVCVKFPAQ,1,71,8,9,False
GDGNPVSFLVKFPAQ,1,431,3,3,False
GDGNPVVGAAKGRAG,1,433,1,1,True
GDGNPVVGGVKGRRR,1,69,38,42,False
GDGNPVVWRRKGAGA,1,434,2,2,True
GDGNPWFLRREIAGA,1,435,1,1,True
GDGNPWGGGGQRAGA,1,146,11,12,False
GDGNPWGWGEEEKPG,1,436,1,1,True
GDGNPWLLFLKWPAQ,1,2,945,10007,False
GDGNPWRMWVERPGA,1,430,3,3,False
GDGNPWRSRWKGPAA,1,81,48,51,False
GDGNPWRWGVKGPAQ,1,214,17,17,False
GDGNPWVGDVQIAGA,1,224,2,2,False
GDGNR*GGGSKCRRR,1,69,38,42,False
GDGNRAAAGAKGRRR,1,437,4,4,True
GDGNRGAGG*KGRRR,2,69,38,42,False
GDGNRGGWSAKGRRR,1,437,4,4,False
GDGNRRGGGAKGRRR,1,69,38,42,False
GDGQPGLLFLGGRGR,1,438,2,2,True
GDGQSEGGEEERPGA,1,264,3,3,False
GDGQSVRGVLEIAGA,2,73,3,5,True
GDGRPRRWF*GWWLP,2,74,1,2,True
GDGSPVLLFLQLPFQ,1,60,14,17,False
GDGVAGAAVSVQPEA,1,439,1,1,True
GDGWESDLHLGQMPG,1,440,1,1,True
GDGWPGLLFLVVPVQ,1,173,26,27,False
GDGWPLLLFLDGPGQ,1,9,18,39,False
GDGWPWLLFLKQPRQ,1,404,2,2,False
GDGWPWLLFLQLPVQ,1,4,162,769,False
GDGWPWLLFLQWPVQ,1,181,19,19,False
GDINPACGCGKPGAG,1,399,2,2,False
GDINPAGGCGKVPAQ,1,416,15,15,False
GDINPAGGMEESPGA,1,441,1,1,True
GDINPDVVVWKLPAQ,1,442,2,2,True
GDINPFGRGVENAGA,1,443,1,1,True
GDINPGEDEGENAGA,1,422,4,4,False
GDINPGGWSVKGPAQ,1,444,6,6,True
GDINPGQLRLESPGA,1,345,6,6,False
GDINPKRMGRKVPAQ,1,17,4,9,False
GDINPKVMQEERAGA,1,445,3,3,True
GDINPKWEEEQKAGA,1,446,4,4,True
GDINPSICFGKSPAQ,1,376,2,2,False
GDINPTFIMRKSRRR,1,447,1,1,True
GDINPTGGMRKGPAA,1,448,3,3,True
GDINPTVVMRENAGA,1,449,1,1,True
GDINPWLLFLKLPAQ,2,2,945,10007,False
GDINPWLLFLQWPLQ,1,5,22,107,False
GDINPWLLFLVQPGQ,2,0,440,11232,False
GDINPWVSGVKFPAQ,1,299,2,2,False
GDKESEQVEQERAGA,1,450,5,5,True
GDKESVVRQVEKAGA,2,75,1,2,True
GDKKPVAAVSDQAEP,1,451,1,1,True
GDLESGWWSW*KGRR,1,452,1,1,True
GDLGLESAGAGFWRR,1,408,3,3,False
GDLGPALLFLGQPGQ,1,453,4,4,True
GDLIRAWSS*NCRRR,1,454,1,1,True
GDLKSEGVVVQSAGA,1,455,1,1,True
GDLKSGVGVRESAGA,1,456,2,2,True
GDLNPARVMRKVPAQ,1,457,3,3,True
GDLNPASRDGESPGA,1,458,3,3,True
GDLNPDRGLGAKCRR,1,459,1,1,True
GDLNPFFGWLKGPAQ,1,219,10,10,False
GDLNPGCGRGKGRRR,1,69,38,42,False
GDLNPGRWWGKGPAA,1,460,1,1,True
GDLNPGWGGVEIAGA,1,29,8,12,False
GDLNPIGRRQESPGA,1,458,3,3,False
GDLNPKGRRRKGPAQ,1,13,291,376,False
GDLNPLGGGGESAGA,1,76,10,11,False
GDLNPLVDGLESAGA,1,461,8,8,True
GDLNPLWGLGQIAGA,2,76,10,11,True
GDLNPMVRRGESPGA,1,458,3,3,False
GDLNPQVGVLKLPGA,1,462,2,2,True
GDLNPSGMWVKCPAQ,1,71,8,9,False
GDLNPSRVGGKRPAQ,1,457,3,3,False
GDLNPTRVRRENPGA,1,220,4,4,False
GDLNPVGELGQRAGA,1,76,10,11,False
GDLNPVGGGGEKAGA,1,463,7,7,True
GDLNPVLVIGKLRRR,1,464,1,1,True
GDLNPVVLGGEMAGA,1,463,7,7,False
GDLNPWFVLLKFPAQ,1,337,5,5,False
GDLNPWLLFLKLPAQ,6,2,945,10007,False
GDLNPWLLFLKMPAQ,1,2,945,10007,False
GDLNPWLLFLKQPVQ,1,4,162,769,False
GDLNPWLLFLKVPAQ,3,2,945,10007,False
GDLNPWLLFLKWPAQ,1,2,945,10007,False
GDLNPWLLFLQLPVQ,1,4,162,769,False
GDLNPWLLFLQWPVQ,1,4,162,769,False
GDLNPWLLFLVRPQQ,4,4,162,769,False
GDLNPWLLFLWRPQQ,1,61,3,4,False
GDLNPWLLWLKVPAQ,1,2,945,10007,False
GDLRPRLLFLWQPWQ,1,453,4,4,False
GDLWPLLLFLQWPVQ,1,173,26,27,False
GDMIR*SGGGKARRR,1,377,2,2,False
GDMIRTGWG*KSRRR,1,290,2,2,False
GDMNPAGSTAKSRRR,1,465,2,2,True
GDMNPAVCGGESPGA,1,63,3,4,False
GDMNPAVSRGKGAGA,1,434,2,2,False
GDMNPCF*GGKSRRR,1,466,1,1,True
GDMNPCGRRRKGPAQ,1,13,291,376,False
GDMNPCWGWANGRRR,1,467,1,1,True
GDMNPDQQVQEKPGA,1,468,1,1,True
GDMNPFGSGGNARRR,1,469,1,1,True
GDMNPFLLFLKRPQQ,1,10,61,143,False
GDMNPGRREEEKAGA,2,77,23,26,True
GDMNPIREEEQSAGA,1,77,23,26,False
GDMNPIRRRGKGPAQ,1,81,48,51,False
GDMNPKGWRGQMAGA,1,470,1,1,True
GDMNPKRRRRKGPAQ,1,13,291,376,False
GDMNPKRRRRKWPAQ,1,13,291,376,False
GDMNPKRWEQERPGA,1,471,1,1,True
GDMNPKSRRRKVPAQ,1,13,291,376,False
GDMNPMSGRRKGPGA,1,472,1,1,True
GDMNPNRRRRKRPAA,1,13,291,376,False
GDMNPPMRSSKGPAQ,1,473,3,3,True
GDMNPQRRRRKGPAQ,1,81,48,51,False
GDMNPRRRGRKGPAQ,1,81,48,51,False
GDMNPRRSRRKMPAQ,1,81,48,51,False
GDMNPRWRRSEKAGA,1,77,23,26,False
GDMNPTRRRSKWPAQ,1,473,3,3,False
GDMNPTWRREERAGA,1,77,23,26,False
GDMNPVFGVLQNAGA,1,474,2,2,True
GDMNPVGCGFKGPAQ,3,28,7,9,True
GDMNPWLLFLKMPAQ,6,2,945,10007,False
GDMNPWLLFLRQPTQ,1,0,440,11232,False
GDMNPWSSGCERAGA,1,82,5,6,False
GDMNRGGGAGKGRRR,1,69,38,42,False
GDQESVEEGEQKAGA,1,475,2,2,True
GDQGPLLLFLQWPVQ,1,9,18,39,False
GDQGPWLLFLQWPLQ,1,60,14,17,False
GDQNPYLLFLKLPAQ,1,1,400,4647,False
GDQQSDHQGLESPGA,1,476,1,1,True
GDQSPLLLFLWFPLQ,2,78,8,11,True
GDQWPLLLFLLVPVQ,1,173,26,27,False
GDQWPWLLFLDNPRQ,1,477,3,3,True
GDQYPWLLFLWLPAQ,1,78,8,11,False
GDRCGWG*NCRRRVL,1,478,1,1,True
GDRESDVVEEEKAGA,1,406,5,5,False
GDRESEEDEEQNAGA,1,479,3,3,True
GDRESEEEEQEKAGA,1,30,82,93,False
GDRESEEEGEVQMPG,1,480,1,1,True
GDRESEEEQQERAGA,2,30,82,93,False
GDRESEGEEEEKAGA,1,388,11,11,False
GDRESEGEEEERAGA,1,30,82,93,False
GDRESEGEEQQRAGA,1,450,5,5,False
GDRESEGEQGEKAGA,1,388,11,11,False
GDRESEGGEQERAGA,1,450,5,5,False
GDRESEGVVQEIPGA,1,481,2,2,True
GDRESGEEEEEKAGA,1,406,5,5,False
GDRESGGGQEERPGA,1,482,4,4,True
GDRHPQLLFLLFPVQ,1,483,2,2,True
GDRIRRCCCSKCRRR,1,484,2,2,True
GDRIRTGGGAKGRRR,1,342,4,4,False
GDRKSEEQGEERPGA,1,485,1,1,True
GDRLPWLLFLQWPLQ,2,60,14,17,False
GDRNPAEEEEERAGA,1,68,33,37,False
GDRNPAGGGAKGRRR,1,69,38,42,False
GDRNPAGGQRAGAGF,1,486,1,1,True
GDRNPAGMRRKRPAQ,1,13,291,376,False
GDRNPAGRRGKVPAQ,1,13,291,376,False
GDRNPARRRRKGPAQ,1,13,291,376,False
GDRNPARRSRKVPAQ,1,457,3,3,False
GDRNPASGRSKRPAQ,1,13,291,376,False
GDRNPDEEHREKPGA,1,487,1,1,True
GDRNPDGLGVERAGA,1,20,20,24,False
GDRNPDGRRRKRPAQ,1,13,291,376,False
GDRNPDGVDEEKAGA,1,133,12,13,False
GDRNPDRRREQMPGA,1,488,1,1,True
GDRNPDVQEEEKAGA,1,8,8,24,False
GDRNPEEEEEERAGA,1,68,33,37,False
GDRNPEEEREEKAGA,2,68,33,37,False
GDRNPEGEEEEKAGA,1,388,11,11,False
GDRNPEGEEEERAGA,1,20,20,24,False
GDRNPEGREEERAGA,1,20,20,24,False
GDRNPEGRGDQRAGA,1,343,2,2,False
GDRNPEGRGMKVPAQ,1,13,291,376,False
GDRNPEGRRKRPAQG,1,489,1,1,True
GDRNPEREEEEKPGA,1,77,23,26,False
GDRNPERRGRKRPAQ,1,13,291,376,False
GDRNPERRRGKRPAQ,1,13,291,376,False
GDRNPERRRRKRPAQ,1,13,291,376,False
GDRNPEWRGAKGRRR,1,490,3,3,True
GDRNPGDEVEERAGA,1,68,33,37,False
GDRNPGGGGGKGRRR,1,69,38,42,False
GDRNPGGRCRKRRVL,1,491,1,1,True
GDRNPGGRRRKGPAQ,1,13,291,376,False
GDRNPGGWRSKGPAQ,1,444,6,6,False
GDRNPGHLHLESPGA,1,492,1,1,True
GDRNPGMGGGQMAGA,1,493,3,3,True
GDRNPGRRGRKGPAQ,1,13,291,376,False
GDRNPGRRWLKRPRR,1,494,2,2,True
GDRNPGRWGLKGPAQ,1,444,6,6,False
GDRNPGWRRRERPGA,1,495,5,5,True
GDRNPHRQEEERAGA,1,77,23,26,False
GDRNPKEEEEQKAGA,1,446,4,4,False
GDRNPKGGCRKRPAA,1,13,291,376,False
GDRNPKGGEEERAGA,1,20,20,24,False
GDRNPKGGRRKRPAQ,2,13,291,376,False
GDRNPKGGRRRKGPA,1,496,1,1,True
GDRNPKGREEEKAGA,1,77,23,26,False
GDRNPKGRRGKGPAQ,1,13,291,376,False
GDRNPKGRRRKRPAQ,10,13,291,376,True
GDRNPKGRRSKGPAQ,1,13,291,376,False
GDRNPKGRSSKGPGA,1,497,2,2,True
GDRNPKGSREEKAGA,1,133,12,13,False
GDRNPKGWRRKGPAQ,1,13,291,376,False
GDRNPKGWSRKGPAQ,1,13,291,376,False
GDRNPKGWSRRMKRP,1,498,1,1,True
GDRNPKKEEGERAGA,1,499,7,7,True
GDRNPKKEEVEKAGA,1,499,7,7,False
GDRNPKMQGEEKPGR,1,500,1,1,True
GDRNPKRGRRKRPAQ,1,13,291,376,False
GDRNPKRGRRKSPAQ,1,13,291,376,False
GDRNPKRMEEERAGA,1,129,31,35,False
GDRNPKRRMRKGPAQ,1,13,291,376,False
GDRNPKRRRMKGPAQ,1,13,291,376,False
GDRNPKRRRRKGAGA,1,79,3,4,False
GDRNPKRRRRKGPAQ,5,13,291,376,False
GDRNPKRRRRKRPAQ,3,13,291,376,False
GDRNPKRRRRKSPAQ,1,13,291,376,False
GDRNPKRRRSKWPAQ,1,13,291,376,False
GDRNPKRRSIKRPAA,1,13,291,376,False
GDRNPKRRWSKGPAQ,1,13,291,376,False
GDRNPKRSRRKGPAQ,1,81,48,51,False
GDRNPKRWRGKRPAQ,1,13,291,376,False
GDRNPKRWRRKGRRR,1,23,6,10,False
GDRNPKRWRRKRPAQ,3,13,291,376,False
GDRNPKSRRRKMPAQ,1,13,291,376,False
GDRNPKWEEEERAGA,1,499,7,7,False
GDRNPKWGRSKRPAQ,1,13,291,376,False
GDRNPKWRRRKRPGR,1,13,291,376,False
GDRNPLRGGGKGPRR,1,69,38,42,False
GDRNPLRRRGKRPAQ,1,13,291,376,False
GDRNPMGRRRKGPAQ,1,13,291,376,False
GDRNPMRRRRKGPAQ,1,13,291,376,False
GDRNPMVVVVERAGA,1,501,4,4,True
GDRNPNGGMRKGRRR,1,69,38,42,False
GDRNPNGWSMKIPAQ,1,397,2,2,False
GDRNPNRREEERAGA,1,77,23,26,False
GDRNPNSRRRKGPAQ,1,13,291,376,False
GDRNPNWRMGKRPAQ,1,13,291,376,False
GDRNPPGGRRKSPAQ,1,13,291,376,False
GDRNPPGRG*KGRRR,1,490,3,3,False
GDRNPQFWLRKGPAQ,1,502,6,6,True
GDRNPQGGEVEKAGA,1,20,20,24,False
GDRNPQGRRCKGPAQ,1,13,291,376,False
GDRNPQGRRGKGPAQ,1,13,291,376,False
GDRNPQGRRGKRPAQ,1,13,291,376,False
GDRNPQGRRIKGPAQ,1,13,291,376,False
GDRNPQGRRRKGPAQ,2,13,291,376,False
GDRNPQGRRSKRPAQ,1,13,291,376,False
GDRNPQREEEQRAGA,1,446,4,4,False
GDRNPQRRGRKRPGR,1,494,2,2,False
GDRNPQRRRRKGPAQ,3,13,291,376,False
GDRNPQRRRRKRPAQ,2,13,291,376,False
GDRNPQRRRRKVPAQ,1,13,291,376,False
GDRNPQRRRSKRPAQ,1,13,291,376,False
GDRNPQRSRRKGPAQ,2,13,291,376,False
GDRNPQRSRRKRPAQ,1,13,291,376,False
GDRNPQRWRRKGPAQ,1,502,6,6,False
GDRNPQRWRRKRPAQ,1,13,291,376,False
GDRNPQRWSRKGPAQ,1,502,6,6,False
GDRNPQSWRRKRPAQ,1,13,291,376,False
GDRNPRCGSRKIPAQ,1,150,20,21,False
GDRNPREVDERAGAG,1,503,1,1,True
GDRNPRGLEEERAGA,1,20,20,24,False
GDRNPRGLGVERAGA,1,20,20,24,False
GDRNPRGMEEEMAGA,1,504,3,3,True
GDRNPRGRRRKGPAQ,1,13,291,376,False
GDRNPRGSMEERAGA,1,504,3,3,False
GDRNPRGWRRERAGA,1,82,5,6,False
GDRNPRGWRRKARRR,1,23,6,10,False
GDRNPRMSRRKWPAQ,1,81,48,51,False
GDRNPRREEEQRAGA,1,68,33,37,False
GDRNPRRRDVQRAGA,1,392,3,3,False
GDRNPRRRIRKRPAQ,1,13,291,376,False
GDRNPRRRMSKWPGA,1,79,3,4,False
GDRNPRRRRGKGPAQ,3,13,291,376,False
GDRNPRRRRMKRPAQ,1,13,291,376,False
GDRNPRRRRRKRPAQ,2,13,291,376,False
GDRNPRRRWGKIPAQ,1,231,12,12,False
GDRNPRRWGRKGPAQ,1,81,48,51,False
GDRNPRSFRWKGPRR,2,23,6,10,False
GDRNPRWRGQQRPGA,1,495,5,5,False
GDRNPSGGHHEKAGA,1,463,7,7,False
GDRNPSRRRRKRPAQ,1,13,291,376,False
GDRNPTGRRRKGPAQ,1,13,291,376,False
GDRNPTGVQGQRAGA,1,421,5,5,False
GDRNPTMWFRKSAGA,1,505,1,1,True
GDRNPTRGMEERAGA,1,20,20,24,False
GDRNPTRREGEMAGA,1,77,23,26,False
GDRNPTRRLGKGPAQ,1,231,12,12,False
GDRNPTRRRRKGPAQ,2,13,291,376,False
GDRNPTRRRRKRPAQ,2,13,291,376,False
GDRNPTRRRWKGRRR,1,23,6,10,False
GDRNPTRRSRKGPAQ,1,150,20,21,False
GDRNPTRVMSKGAGA,2,79,3,4,True
GDRNPTRWMRKRPAQ,1,13,291,376,False
GDRNPTSRRREIPGA,1,495,5,5,False
GDRNPTVRRRKRPAQ,1,13,291,376,False
GDRNPTWEDEENARR,1,506,1,1,True
GDRNPTWRMRKCAGF,1,507,1,1,True
GDRNPVDWRRKWPAQ,1,13,291,376,False
GDRNPVLREEESAGA,2,77,23,26,False
GDRNPVMRLSKCAGA,1,508,1,1,True
GDRNPWGRWRKRPAQ,1,13,291,376,False
GDRNPWLLFLVQPLQ,1,0,440,11232,False
GDRNPWRGERERAGA,1,20,20,24,False
GDRQSEEEEEERAGA,2,30,82,93,False
GDRQSGEGDQQRAGA,1,509,1,1,True
GDRRGGG*KGPAQGS,1,510,1,1,True
GDRWPLLLFLQWPFQ,1,60,14,17,False
GDRWPLLLFLQWPVQ,1,173,26,27,False
GDSEGEDQQKAGAGF,1,511,1,1,True
GDSESDGLLQEMAGA,1,512,1,1,True
GDSGPLLLFLQWPVQ,1,173,26,27,False
GDSIRGWASGKGRRR,1,513,1,1,True
GDSKSVEEQGERAGA,2,80,4,5,True
GDSNPAAASGKCRRR,1,514,2,2,True
GDSNPACRSRKMPAQ,1,17,4,9,False
GDSNPARRGGKGPAQ,1,81,48,51,False
GDSNPDEGEEGESAG,1,515,1,1,True
GDSNPDQGQGQIAGA,1,76,10,11,False
GDSNPEEEEEEKAGA,1,68,33,37,False
GDSNPEGRRRKAGAG,1,66,3,4,False
GDSNPERRRRKRPAQ,1,13,291,376,False
GDSNPFLLFLWRPQQ,1,61,3,4,False
GDSNPGG*GAKCRRR,1,516,4,4,True
GDSNPGGQEEQRAGA,1,517,1,1,True
GDSNPHCCIGKGPAQ,1,386,3,3,False
GDSNPHRRVREMPGA,1,518,1,1,True
GDSNPIRGAAKGRRR,1,519,2,2,True
GDSNPKGCSRKGPAA,1,448,3,3,False
GDSNPKGEEEERAGA,1,151,8,10,False
GDSNPKGRGRKRPAQ,1,13,291,376,False
GDSNPKGRRGEKAGA,1,463,7,7,False
GDSNPKGRRRKGPAQ,1,13,291,376,False
GDSNPKGWRRKMPAQ,1,13,291,376,False
GDSNPKMEEEENPGA,1,520,2,2,True
GDSNPKRRGRKWPAQ,1,13,291,376,False
GDSNPKRSRRKWPAQ,1,81,48,51,False
GDSNPKSRRMKRPAQ,1,13,291,376,False
GDSNPMGGLGKSPGA,1,55,3,4,False
GDSNPMSRRRKRPAL,1,13,291,376,False
GDSNPPASSGKCRRR,1,514,2,2,False
GDSNPPCGVGQIPGA,1,83,2,3,False
GDSNPPMWDQENAGA,1,521,1,1,True
GDSNPQCRRRKRPAQ,1,13,291,376,False
GDSNPQCRSRKRPAQ,1,13,291,376,False
GDSNPQGIREEMAGA,1,504,3,3,False
GDSNPQGRRRKGPAQ,5,13,291,376,False
GDSNPQGRRSEMAGA,1,522,5,5,True
GDSNPREEEQERAGA,1,68,33,37,False
GDSNPRFSVRKRPAQ,1,81,48,51,False
GDSNPRLGRRKGPAQ,1,81,48,51,False
GDSNPRRGGKQMAGA,1,493,3,3,False
GDSNPRRSRRKGPAQ,2,81,48,51,True
GDSNPTMRGGKRPAQ,1,429,2,2,False
GDSNPTRGRRKVPAQ,1,17,4,9,False
GDSNPTRRRGKRRRR,1,523,2,2,True
GDSNPTVMSRKVPAQ,6,17,4,9,True
GDSNPWLLFLRLPQQ,1,4,162,769,False
GDSNPWWWGRERAGA,2,82,5,6,True
GDSQSGRRLGQIAGA,1,524,3,3,True
GDSVPWLLFLFQPEQ,1,525,4,4,True
GDSWPLLLFLQWPVQ,1,173,26,27,False
GDTGPMLLFLYKPSQ,1,526,2,2,True
GDVEKAGAGFWRRNC,1,527,1,1,True
GDVESAVGVVEIAGA,1,528,1,1,True
GDVESDEVEEEIAGA,1,529,4,4,True
GDVESEGEVQERAGA,1,450,5,5,False
GDVESVGCGC*KSRR,1,530,1,1,True
GDVGAVAAVSGVAGA,1,37,8,10,False
GDVGPGLLFLVGPGQ,1,182,2,2,False
GDVGPVLLFLPSRCR,1,531,2,2,True
GDVKSGEHLRESPGA,1,532,1,1,True
GDVLPWLLFLQAPQQ,1,533,3,3,True
GDVNPACGLGKVPGA,1,534,3,3,True
GDVNPAEGVEQIPGA,2,83,2,3,True
GDVNPAGLGVKWPAQ,1,535,2,2,True
GDVNPAGVVGESAGA,1,238,4,4,False
GDVNPARRAGKGRRR,1,519,2,2,False
GDVNPAVCVVKVPGA,1,534,3,3,False
GDVNPEGRRRERAGA,1,20,20,24,False
GDVNPERHQEENAGA,1,536,2,2,True
GDVNPGCGWWKARRR,1,537,1,1,True
GDVNPGEDQGEKAGA,1,538,3,3,True
GDVNPGSWRVKGPAQ,1,444,6,6,False
GDVNPGVDRGERAGA,1,538,3,3,False
GDVNPGVGVGQRAGA,1,493,3,3,False
GDVNPIVGIGKCPAQ,1,414,4,4,False
GDVNPKGCQEERAGA,1,445,3,3,False
GDVNPKRMRRKRPAQ,1,13,291,376,False
GDVNPKVWRVEKAGA,1,423,4,4,False
GDVNPLLVFLKWPAQ,1,539,7,7,True
GDVNPLMVWCKLPAQ,1,539,7,7,False
GDVNPLWWG*NCRRR,1,540,3,3,True
GDVNPNGRRSKGPAQ,1,13,291,376,False
GDVNPPSA*AKCRRR,1,541,1,1,True
GDVNPPVSGFKVPRR,1,542,1,1,True
GDVNPQCGGFKIAGA,1,543,1,1,True
GDVNPQGRMRKRAGA,1,417,6,6,False
GDVNPQRGRRKIPAQ,1,81,48,51,False
GDVNPQRRRRKGPAQ,1,81,48,51,False
GDVNPQVGRRKRPAQ,1,13,291,376,False
GDVNPRLLLREIPGA,1,544,2,2,True
GDVNPRRRGVKGAGA,1,545,2,2,True
GDVNPSIWSVESAGA,1,546,1,1,True
GDVNPSRRRKEMAGA,1,522,5,5,False
GDVNPTCFVWKCPAQ,1,547,1,1,True
GDVNPTGGEVERAGA,4,20,20,24,True
GDVNPTGWG*KARRR,1,114,3,4,False
GDVNPTLGHVESPGA,1,20,20,24,False
GDVNPTRSFRKIPAQ,1,81,48,51,False
GDVNPTSRRGKGPAQ,1,386,3,3,False
GDVNPVGCSSNCRRR,1,548,4,4,True
GDVNPVGLVEIAGAG,1,84,2,3,False
GDVNPVGSMGKGPAQ,1,108,10,11,False
GDVNPVRLGLKAGAG,2,84,2,3,True
GDVNPVVVGGESAGA,1,461,8,8,False
GDVNPWGAG*KARRR,1,48,5,7,False
GDVNPWLLFLKLPAQ,2,2,945,10007,False
GDVNPWLLFLKVPAQ,1,2,945,10007,False
GDVNPWLLFLQWPQQ,5,10,61,143,False
GDVNPWLLFLQWPVQ,1,181,19,19,False
GDVNPWLLFLRLPQQ,3,4,162,769,False
GDVNPWLLFLRQPWQ,1,0,440,11232,False
GDVNPWWG*KGRRRV,1,549,2,2,True
GDVNPYLLFLKQPYQ,2,3,116,931,False
GDVNPYLLFLQWPYQ,2,3,116,931,False
GDVNPYLLFLRWPKQ,1,1,400,4647,False
GDVNPYLLFLVQPPQ,1,3,116,931,False
GDVNRSCSS*KCRRR,1,550,1,1,True
GDVRAVAAVSVGAVA,1,37,8,10,False
GDVSAGGHLERAGAG,2,85,2,3,True
GDVSPGLLFLEGPGQ,1,269,2,2,False
GDVVPLLLFLQWPLQ,1,60,14,17,False
GDVVPLLLFLQWPQQ,1,533,3,3,False
GDVWPGLLFLQWPLQ,2,60,14,17,False
GDWESEEEEEERAGA,1,30,82,93,False
GDWESEGGQEQRAGA,1,482,4,4,False
GDWESEQEVEQKAGA,1,475,2,2,False
GDWESGVGPCGKCRR,1,551,1,1,True
GDWESVGVGGQRAGA,1,390,4,4,False
GDWESVVVVLEIPGA,1,481,2,2,False
GDWGPQLLFLAFPLQ,1,78,8,11,False
GDWGRCCCFWSGRGR,1,552,2,2,True
GDWIRRAAGGKARRR,1,553,1,1,True
GDWKSGGVGDENAGA,1,554,1,1,True
GDWNP*LLWLKVPAQ,1,2,945,10007,False
GDWNPAEQGEEMAGA,1,68,33,37,False
GDWNPAGGRMKVPAR,1,555,1,1,True
GDWNPCRVGDERAGA,1,29,8,12,False
GDWNPGGGAGKGRRR,1,69,38,42,False
GDWNPGGLVCKVPAQ,1,416,15,15,False
GDWNPGGRRVKAGAG,1,119,2,3,False
GDWNPGGVGGERAGA,1,29,8,12,False
GDWNPGSREEERAGA,1,77,23,26,False
GDWNPGVFGDEIAGA,3,29,8,12,True
GDWNPKGRRRKRPAQ,1,13,291,376,False
GDWNPKGRSRKGPAQ,1,13,291,376,False
GDWNPKRRRVKGPAQ,1,13,291,376,False
GDWNPKRWRRKRPGA,1,135,13,14,False
GDWNPLGVVGQMAGA,1,120,10,12,False
GDWNPLLWGLKVPAQ,1,59,44,52,False
GDWNPMGWWLPRGRA,1,556,1,1,True
GDWNPMMWWGQRAGA,1,557,2,2,True
GDWNPPLCVWKVPAQ,1,143,22,23,False
GDWNPQGWWGQIAGA,1,557,2,2,False
GDWNPRGGISKRPAQ,1,558,3,3,True
GDWNPRGRRRKGPAQ,1,13,291,376,False
GDWNPRGRRVEMAGA,1,522,5,5,False
GDWNPRRGRGKRPAQ,1,558,3,3,False
GDWNPRRRMRKGRRR,1,559,2,2,True
GDWNPRRRRGKRPAQ,1,13,291,376,False
GDWNPVGGGGESPGA,1,463,7,7,False
GDWNPVGLGIKGPAQ,1,28,7,9,False
GDWNPVGRQGQIPGA,1,560,3,3,True
GDWNPVIGLVKVPAQ,1,561,1,1,True
GDWNPVVCMGKGPAQ,1,28,7,9,False
GDWNPVVGGVKGRRR,1,69,38,42,False
GDWNPVWFGGKGPAQ,1,28,7,9,False
GDWNPWSWGVKWPAQ,1,535,2,2,False
GDWNPWWVLVKWPAQ,1,337,5,5,False
GDWNRGGWCGKGRRR,1,562,2,2,True
GDWRPVLLFLGRPRQ,2,86,1,2,True
GDWWPLLLFLHQPGQ,1,453,4,4,False
GDYNPWLLFLRQPGQ,2,0,440,11232,False
GDYNPWLLFLSQPGQ,1,0,440,11232,False
GDYNPWLLFLYRPQQ,5,0,440,11232,False
GDYNPYLLFLKQPQQ,1,1,400,4647,False
GDYNPYLLFLKYPQQ,2,1,400,4647,False
GDYNPYLLFLWSPVQ,1,1,400,4647,False
GEGIRRGGGGKGRRR,1,69,38,42,False
GEWESGEEEEEIPGA,1,563,1,1,True
GEYESGGRHEENPGA,1,564,1,1,True
GFESVLRLVQSPGAG,1,565,1,1,True
GGCESAGRLQESAGA,1,566,3,3,True
GGCESDEREGEIPGA,1,567,1,1,True
GGCESGGQVGENPGA,1,568,1,1,True
GGCESGRRHVESAGA,1,566,3,3,False
GGCESVERDVENAGA,1,569,1,1,True
GGCESVLHRGESPGA,1,570,3,3,True
GGCQSAEDEEEIAGA,1,571,1,1,True
GGCQSARVLLEIPGA,1,572,3,3,True
GGCQSVGGVLQIAGA,1,73,3,5,False
GGFESEELHREMAGA,1,573,1,1,True
GGFESEEQQEEKAGA,1,30,82,93,False
GGFESGGGVRQMPGA,1,574,3,3,True
GGFESGGQQQESPGA,1,366,3,3,False
GGFESVDVVVESAGA,1,158,7,8,False
GGFQSGHRLLQSPGA,1,156,9,11,False
GGFQSVLVLGEIAGA,1,369,7,7,False
GGIGIRGGAAGKGRR,1,575,3,3,True
GGLEIRSGSGGNGRR,1,576,1,1,True
GGLESAGGGSGSKCR,1,577,1,1,True
GGLESEGGEQERAGA,1,30,82,93,False
GGLESGLDEDQIPGA,1,578,1,1,True
GGLESVEVVGESAGA,1,159,6,7,False
GGLESVVGDVQSAGR,1,262,7,7,False
GGLESVVRSA*NGRR,1,579,1,1,True
GGLGAGPAVSGGAGA,1,580,2,2,True
GGLGAVAAVSGGAGA,1,580,2,2,False
GGLGIRGGGAGKGRR,1,575,3,3,False
GGLQSAVGVVESAGA,1,456,2,2,False
GGLQSGGVRGESAGA,1,581,3,3,True
GGLQSGRDHVESPGA,1,582,2,2,True
GGQESADVGGERAGA,1,249,7,7,False
GGQESAGDDGERAGA,1,249,7,7,False
GGQESAGEHVEKPGA,1,583,1,1,True
GGQESAVEEEERAGA,1,30,82,93,False
GGQESDGEDQERAGA,1,30,82,93,False
GGQESDGEEVEKAGA,1,286,3,3,False
GGQESDQRDLQSPGA,1,584,1,1,True
GGQESEEEDEEKAGA,1,30,82,93,False
GGQESEEEEEEKAGA,2,30,82,93,False
GGQESEEEEEERAGA,3,30,82,93,True
GGQESEEEEQERAGA,1,30,82,93,False
GGQESEEEGDERAGA,1,30,82,93,False
GGQESEEGGEEKAGA,1,30,82,93,False
GGQESEEQEEEKPGA,1,30,82,93,False
GGQESEGEEDQRAGA,1,30,82,93,False
GGQESEGEEEERAGA,2,30,82,93,False
GGQESEGEEEQRAGA,1,30,82,93,False
GGQESEGEEGEKAGA,1,30,82,93,False
GGQESEGGEEERAGA,1,30,82,93,False
GGQESEVEEEERAGA,1,30,82,93,False
GGQESEVEEGESPGA,1,30,82,93,False
GGQESEVEEQERPGA,1,30,82,93,False
GGQESEVEGEEIPGA,1,30,82,93,False
GGQESEVVEQERAGA,1,30,82,93,False
GGQESGEEEDEKAGA,1,30,82,93,False
GGQESGEEEEERAGA,1,30,82,93,False
GGQESGEEGEERAGA,1,30,82,93,False
GGQESGEQVGERAGA,1,30,82,93,False
GGQESGGEEEERAGA,2,30,82,93,False
GGQESGGGEGESAGA,1,249,7,7,False
GGQESGGWGVKRPAQ,1,585,1,1,True
GGQESGREEEEKAGA,1,30,82,93,False
GGQQIRRCGAGNGRR,1,586,1,1,True
GGQQSAEEEEEKAGA,1,30,82,93,False
GGQQSAGQHGQSPGA,1,587,1,1,True
GGQQSEEVVEERAGA,1,30,82,93,False
GGQQSEGEEEERAGA,1,30,82,93,False
GGQQSEGEGEEKAGA,1,388,11,11,False
GGQQSEGEGGENAGA,1,588,2,2,True
GGQQSEGGEVERAGA,1,30,82,93,False
GGQQSEGGVDEKPGA,1,589,2,2,True
GGQQSERVEEEKAGA,1,30,82,93,False
GGQQSEVQEEERAGA,2,30,82,93,False
GGQQSEVQEQEKAGA,1,121,2,3,False
GGQQSGGEDVQKAGA,2,87,2,3,True
GGQQSVRHRGESAGA,1,570,3,3,False
GGSESVVLVGQIAGA,1,590,3,3,True
GGSGADAAVSGVAVA,1,591,1,1,True
GGWESEEEEEERAGA,1,30,82,93,False
GGWESEEGEQENAGA,1,30,82,93,False
GGWESEEVEEERPGA,1,30,82,93,False
GGWESEGEGGERAGA,1,588,2,2,False
GGWESEGGEEQRAGA,1,264,3,3,False
GGWESEGGVEERAGA,1,122,4,5,False
GGWESGEEGEERAGA,1,30,82,93,False
GGWESGGHQEQRAGA,1,88,3,4,False
GGWESGLRGGQMAGA,1,592,4,4,True
GGWESGLVLGESAGA,1,581,3,3,False
GGWESGRVVGQNAGA,1,592,4,4,False
GGWESVGRQLQIAGA,2,88,3,4,True
GGWGAEAAVSVGAGA,1,123,3,4,False
GGWGAVAAVSVVPGA,1,123,3,4,False
GGWGIRCAGGGNGRR,1,593,1,1,True
GGWQSDGQGQERPGA,1,372,2,2,False
GGWQSEEGGQERPGA,1,594,1,1,True
GGWQSEVEEVQRAGA,1,595,1,1,True
GGWQSGEVGRQMAGA,1,592,4,4,False
GGWQSGGLGGESAGA,1,581,3,3,False
GGWQSVGEDQESAGA,1,596,1,1,True
GGWQSVGGVDEMPGA,1,589,2,2,False
GGWQSVHLVGQMAGA,1,590,3,3,False
GGWVAVAAVSGGPGA,1,41,8,9,False
GGWVAVAAVSGVTGA,1,41,8,9,False
GGYESALEEEENAGA,1,30,82,93,False
GGYESDVGRGESPGA,1,570,3,3,False
GGYESEEEEEERAGA,1,30,82,93,False
GGYESEEEGGERAGA,1,30,82,93,False
GGYESEEQGDQRAGA,1,597,1,1,True
GGYESEQVREESAGA,1,598,2,2,True
GGYESGEEEEQKAGA,1,30,82,93,False
GGYESGHQHGESPGA,1,31,2,4,False
GGYESVDQEGQSPGA,3,31,2,4,True
GGYQSARRQGESPGA,1,599,1,1,True
GGYQSEGGAAGNSRR,1,600,1,1,True
GGYQSGEEHQESPGA,1,582,2,2,False
GI*IRCASGAKSRRR,3,32,4,6,True
GI*IRSGGWGKARRR,1,601,1,1,True
GIAIRRGGG*NGRRR,1,139,16,17,False
GIAIRSGAGAKCRRR,1,602,1,1,True
GIAIRTAAWSKGRRR,1,603,1,1,True
GIGIRGCCC*NCRRR,1,604,3,3,True
GIGIRRGGGGKGRRR,1,69,38,42,False
GIGIRWGGGSKGRRR,1,139,16,17,False
GISIRPAA*GNARRR,1,605,1,1,True
GMAIRPCSS*KSRRR,1,606,1,1,True
GMAIRRAGG*KGRRR,1,607,2,2,True
GQESGEVEEERAGAG,1,140,2,3,False
GRCLAVAAVSVLAAA,1,275,2,2,False
GRFQSARQRLEIPGA,1,572,3,3,False
GRFQSDERDQENPGA,2,89,1,2,True
GRFQSELLHVEIPGA,1,16,9,16,False
GRFQSGRLLLQIPGA,1,608,1,1,True
GRQQSVGEGEEKPGA,1,609,1,1,True
GRWESARLQVERPGA,1,610,1,1,True
GRWESVDGQEESAGA,1,611,1,1,True
GRWQSALERRENPGA,2,90,1,2,True
GRWQSEGQHGERAGA,1,612,1,1,True
GRYQSARLVVEIAGA,1,613,1,1,True
GVGGRCCCFWRCRCR,1,614,1,1,True
GVGIRGAGGGKGRRR,1,342,4,4,False
GVGIRGG*GGKARRR,1,615,2,2,True
GVGIRRGGGGKGRRR,2,69,38,42,False
GVGIRTGGG*NCRRR,1,24,5,8,False
GVLRVVAPSRARQPK,1,7,2,24,False
GWMSIRCWGAANARR,1,616,1,1,True
HDFNPYLLFLKRPQQ,1,1,400,4647,False
HDLCPGLLFLQRPAQ,1,617,3,3,True
HDLWPMLLFLQFPSQ,1,184,12,12,False
HDQSPVLLFLWRPMQ,1,78,8,11,False
HDRQPMLLFLYRPAQ,1,617,3,3,False
HDSKPYLLFLFQPVQ,1,525,4,4,False
HE_GAEPAVSVPPDA,1,618,1,1,True
I*IRPSASGKSRRRV,1,619,1,1,True
IDANPWLLFLRMPQQ,2,21,55,73,False
IDCNPGIFSSKGPAQ,1,620,1,1,True
IDCNPGRREEQRAGA,1,77,23,26,False
IDCNPGWVFFKWPAQ,1,19,5,8,False
IDCNPMSVMLKIPGA,1,621,1,1,True
IDCNPPCGSGKSRRR,1,622,1,1,True
IDCNPVLILSKCRRR,1,623,1,1,True
IDFNPAIFFLKVPAQ,1,2,945,10007,False
IDFNPFFFLVKLPAQ,1,91,13,15,False
IDFNPFLVFLKFPAQ,1,14,164,286,False
IDFNPLFLRQENAGA,1,132,2,3,False
IDFNPLLIFLKVPAQ,1,2,945,10007,False
IDFNPLLLFLKLPAQ,1,2,945,10007,False
IDFNPLVCIGKIPAQ,1,624,3,3,True
IDFNPQLVLFKLPAQ,2,91,13,15,True
IDFNPSCVILKVPAQ,1,625,2,2,True
IDFNPSLGICKVPAQ,1,625,2,2,False
IDFNPVGVSLKSPAQ,1,311,3,3,False
IDFNPWFVFLKFPAQ,2,14,164,286,False
IDFNPWLFFLKVPAQ,1,2,945,10007,False
IDFNPWLIFLKVPAQ,3,2,945,10007,False
IDFNPWLLFLAQPWQ,1,0,440,11232,False
IDFNPWLLFLKFPAQ,2,2,945,10007,False
IDFNPWLLFLKLPAQ,8,2,945,10007,False
IDFNPWLLFLKQPKQ,1,2,945,10007,False
IDFNPWLLFLKSPQQ,5,2,945,10007,False
IDFNPWLLFLKVPAQ,9,2,945,10007,False
IDFNPWLLFLQRPLQ,102,2,945,10007,False
IDFNPWLLFLQVPVQ,1,2,945,10007,False
IDFNPWLLFLRKPQQ,1,21,55,73,False
IDFNPWLLFLRQPQQ,2,21,55,73,False
IDFNPWLLFLRQPTQ,2,0,440,11232,False
IDFNPWLLFLRRPAQ,15,2,945,10007,False
IDFNPWLLFLRSPRQ,2,2,945,10007,False
IDFNPWLLFLRTPFQ,1,2,945,10007,False
IDFNPWLLFLRYPTQ,1,2,945,10007,False
IDFNPWLLFLSMPQQ,1,21,55,73,False
IDFNPWLLFLSQPRQ,1,3,116,931,False
IDFNPWLLFLTRPQQ,1,21,55,73,False
IDFNPWLVFLKFPAQ,6,2,945,10007,False
IDFNPWLVFLKLPAQ,7,2,945,10007,False
IDFNPWLVFLKVPAQ,3,2,945,10007,False
IDFNPYFIFLKVPAQ,1,14,164,286,False
IDFNPYFVLLKVPAQ,1,14,164,286,False
IDFNPYLFFLKVPAQ,1,2,945,10007,False
IDFNPYLIFLKFPAQ,1,14,164,286,False
IDFNPYLLFLKFPAQ,4,2,945,10007,False
IDFNPYLLFLKKPKQ,3,1,400,4647,False
IDFNPYLLFLKQPKQ,75,1,400,4647,False
IDFNPYLLFLKVPAQ,17,2,945,10007,False
IDFNPYLLFLQHPLQ,1,5,22,107,False
IDFNPYLLFLRGPRQ,3,3,116,931,False
IDFNPYLLFLRQPSQ,24,3,116,931,False
IDFNPYLLFLRSPKQ,1,1,400,4647,False
IDFNPYLLFLSKPQQ,5,1,400,4647,False
IDFNPYLLFLSQPVQ,1,3,116,931,False
IDFNPYLVFLKFPAQ,1,14,164,286,False
IDGESAGVEVEKPGA,1,626,2,2,True
IDGNPACRRRKCPAQ,1,627,2,2,True
IDGNPGLGG*KGRRR,1,69,38,42,False
IDGNPQWWRVKGPAQ,1,628,4,4,True
IDINPAQQHQQNAGA,1,629,1,1,True
IDINPARLHVQSPGA,1,630,2,2,True
IDINPDRSRRKGRRR,1,167,2,3,False
IDINPMVRQEESAGA,1,445,3,3,False
IDINPQVRRRKRPAQ,1,13,291,376,False
IDINPWLLFLRIPQQ,1,21,55,73,False
IDINPWLLFLYKPQQ,4,21,55,73,True
IDINPYLLFLIKPQQ,2,21,55,73,False
IDINPYLLFLKSPQQ,1,21,55,73,False
IDLNPKWRRSKRPAQ,1,13,291,376,False
IDLNPLCLWLKLPAQ,1,149,40,42,False
IDLNPPSWRQENPGA,1,631,1,1,True
IDLNPQLLLFKLPAQ,1,91,13,15,False
IDLNPVLLHHEIAGA,1,632,2,2,True
IDLNPWLLFLKFPAQ,1,2,945,10007,False
IDLNPWLLFLRQPKQ,2,4,162,769,False
IDLNPYLLFLKQPKQ,2,1,400,4647,False
IDLNPYLLFLKTPQQ,11,1,400,4647,False
IDLNPYLLFLRMPQQ,2,4,162,769,False
IDMLPFLLFLQAPFQ,1,533,3,3,False
IDMNPAHGDVEIAGA,1,633,1,1,True
IDMNPILLFLRKPQQ,1,21,55,73,False
IDMNPLLLFLRRPLQ,1,11,59,151,False
IDMNPRSLIGKFPAQ,2,92,1,2,True
IDMNPTEEVEEKAGA,1,634,5,5,True
IDMNPWLLFLKLPAQ,5,2,945,10007,False
IDMNPWLLFLKQPKQ,1,10,61,143,False
IDMNPWLLFLKQPWQ,11,0,440,11232,False
IDMNPWLLFLQSPNQ,1,10,61,143,False
IDMNPWLLFLQSPWQ,1,10,61,143,False
IDMNPWLLFLRRPTQ,14,10,61,143,False
IDMNPWLLFLSRPRQ,1,10,61,143,False
IDMNPYLLFLRRPFQ,2,10,61,143,False
IDRESARQHRESPGA,1,201,3,3,False
IDRNPTGRMAGAGFW,1,635,1,1,True
IDSIRSA*AANSRRR,1,636,2,2,True
IDSNPAWSGRKGPAQ,1,81,48,51,False
IDSNPPLCVSKLPAQ,1,637,1,1,True
IDSNPSGLRRKRPAQ,1,13,291,376,False
IDSNPTMAAGNGRRR,1,638,1,1,True
IDTNPYLLFLRLPQQ,1,4,162,769,False
IDVNPCGCVRKGPAQ,1,639,2,2,True
IDVNPFLLFLRTPQQ,1,21,55,73,False
IDVNPFLVCC*NCRR,1,640,1,1,True
IDVNPGFILVKVAGA,1,641,2,2,True
IDVNPLFCVLKCPGA,1,153,3,4,False
IDVNPPIVRRKIPAR,1,642,1,1,True
IDVNPPRGGIKVPAQ,1,643,2,2,True
IDVNPQCGGIKRPAQ,1,643,2,2,False
IDVNPWLLFLKQPDQ,1,0,440,11232,False
IDVNPWLLFLKQPKQ,1,0,440,11232,False
IDVNPWLLFLKQPRQ,43,3,116,931,False
IDVNPWLLFLRFPQQ,2,21,55,73,False
IDVNPWLLFLVGPQQ,1,21,55,73,False
IDVNPWMLLCKLPAQ,1,6,167,539,False
IDVNPYLLFLRKPQQ,1,21,55,73,False
IDVNPYLLFLRQPKQ,1,3,116,931,False
IDWNPFLLFLKKPQQ,1,21,55,73,False
IDWNPNGWRKSRRRV,2,93,1,2,True
IDWNPWLLFLKQPEQ,1,0,440,11232,False
IDWNPYLLFLHQPKQ,2,1,400,4647,False
IDWNPYLLFLRKPKQ,1,1,400,4647,False
IDYNP*LLFLRQPYQ,1,110,29,32,False
IDYNPFLLFLRTPQQ,1,11,59,151,False
IDYNPHLLFLTQPKQ,1,0,440,11232,False
IDYNPLLLFLQWPVQ,5,11,59,151,False
IDYNPLLLFLSQPRQ,1,3,116,931,False
IDYNPLLLFLWQPGQ,1,0,440,11232,False
IDYNPMLLFLRQPNQ,3,0,440,11232,False
IDYNPMLLFLRWPLQ,1,11,59,151,False
IDYNPWLLFLAQPFQ,1,0,440,11232,False
IDYNPWLLFLAQPWQ,12,0,440,11232,False
IDYNPWLLFLASPQQ,1,0,440,11232,False
IDYNPWLLFLKIPGQ,1,0,440,11232,False
IDYNPWLLFLKKPKQ,5,1,400,4647,False
IDYNPWLLFLKQPEQ,1,0,440,11232,False
IDYNPWLLFLKQPKQ,1,0,440,11232,False
IDYNPWLLFLKQPNQ,1,0,440,11232,False
IDYNPWLLFLKQPVQ,1,0,440,11232,False
IDYNPWLLFLLQPGQ,12,0,440,11232,False
IDYNPWLLFLRKPAQ,1,21,55,73,False
IDYNPWLLFLRKPGQ,1,21,55,73,False
IDYNPWLLFLRKPLQ,1,11,59,151,False
IDYNPWLLFLRKPQQ,2,21,55,73,False
IDYNPWLLFLRLPVQ,1,4,162,769,False
IDYNPWLLFLRMPNQ,1,0,440,11232,False
IDYNPWLLFLRMPQQ,3,21,55,73,False
IDYNPWLLFLRMPRQ,1,0,440,11232,False
IDYNPWLLFLRQPKQ,1,0,440,11232,False
IDYNPWLLFLRQPQQ,2,0,440,11232,False
IDYNPWLLFLRQPSQ,2,0,440,11232,False
IDYNPWLLFLRQPTQ,3,0,440,11232,False
IDYNPWLLFLRQPYQ,1,0,440,11232,False
IDYNPWLLFLRRPWQ,1,0,440,11232,False
IDYNPWLLFLRTPFQ,2,0,440,11232,False
IDYNPWLLFLRTPQQ,1,21,55,73,False
IDYNPWLLFLRVPKQ,2,0,440,11232,False
IDYNPWLLFLSQPAQ,1,0,440,11232,False
IDYNPWLLFLSQPVQ,1,0,440,11232,False
IDYNPWLLFLSSPQQ,8,0,440,11232,False
IDYNPWLLFLSTPQQ,2,21,55,73,False
IDYNPWLLFLSVPQQ,5,0,440,11232,False
IDYNPWLLFLTLPQQ,6,0,440,11232,False
IDYNPWLLFLTRPDQ,2,0,440,11232,False
IDYNPWLLFLTRPFQ,1,0,440,11232,False
IDYNPWLLFLTRPKQ,2,10,61,143,False
IDYNPWLLFLTRPQQ,737,0,440,11232,False
IDYNPWLLFLTRPWQ,1,0,440,11232,False
IDYNPWLLFLVQPDQ,174,0,440,11232,False
IDYNPWLLFLVQPNQ,12,0,440,11232,False
IDYNPWLLFLVQPPQ,4,0,440,11232,False
IDYNPWLLFLVQPSQ,2,0,440,11232,False
IDYNPWLLFLYKPQQ,1,21,55,73,False
IDYNPYLLFLAQPRQ,1,0,440,11232,False
IDYNPYLLFLAQPWQ,7,0,440,11232,False
IDYNPYLLFLGNPQQ,3,1,400,4647,False
IDYNPYLLFLGQPQQ,1,0,440,11232,False
IDYNPYLLFLIIPNQ,1,1,400,4647,False
IDYNPYLLFLINPQQ,28,1,400,4647,False
IDYNPYLLFLIQPEQ,1,0,440,11232,False
IDYNPYLLFLKKPKQ,13,1,400,4647,False
IDYNPYLLFLKKPNQ,2,1,400,4647,False
IDYNPYLLFLKKPQQ,3,1,400,4647,False
IDYNPYLLFLKNPNQ,1,1,400,4647,False
IDYNPYLLFLKNPQQ,47,1,400,4647,False
IDYNPYLLFLKQPDQ,1,1,400,4647,False
IDYNPYLLFLKQPEQ,20,1,400,4647,False
IDYNPYLLFLKQPGQ,2,1,400,4647,False
IDYNPYLLFLKQPIQ,10,1,400,4647,False
IDYNPYLLFLKQPKQ,1524,0,440,11232,False
IDYNPYLLFLKQPNQ,5,1,400,4647,False
IDYNPYLLFLKQPPQ,2,1,400,4647,False
IDYNPYLLFLKQPQQ,5,1,400,4647,False
IDYNPYLLFLKQPRQ,1,1,400,4647,False
IDYNPYLLFLKQPTQ,1,1,400,4647,False
IDYNPYLLFLKQPWQ,3,0,440,11232,False
IDYNPYLLFLKQPYQ,1,1,400,4647,False
IDYNPYLLFLKRPQQ,181,1,400,4647,False
IDYNPYLLFLKRPTQ,1,1,400,4647,False
IDYNPYLLFLMMPQQ,29,1,400,4647,False
IDYNPYLLFLNQPKQ,7,1,400,4647,False
IDYNPYLLFLNRPQQ,1,1,400,4647,False
IDYNPYLLFLNSPNQ,1,1,400,4647,False
IDYNPYLLFLQRPNQ,2,1,400,4647,False
IDYNPYLLFLQWPVQ,7,1,400,4647,False
IDYNPYLLFLQYPIQ,1,5,22,107,False
IDYNPYLLFLRIPSQ,5,1,400,4647,False
IDYNPYLLFLRKPKQ,1,1,400,4647,False
IDYNPYLLFLRKPQQ,375,1,400,4647,False
IDYNPYLLFLRKPSQ,2,1,400,4647,False
IDYNPYLLFLRMPNQ,4,1,400,4647,False
IDYNPYLLFLRNPKQ,1,1,400,4647,False
IDYNPYLLFLRNPQQ,1,1,400,4647,False
IDYNPYLLFLRQPGQ,1,0,440,11232,False
IDYNPYLLFLRQPKQ,156,1,400,4647,False
IDYNPYLLFLRQPNQ,30,0,440,11232,False
IDYNPYLLFLRQPQQ,5,0,440,11232,False
IDYNPYLLFLRQPSQ,2,0,440,11232,False
IDYNPYLLFLRQPTQ,2,0,440,11232,False
IDYNPYLLFLRQPYQ,1,110,29,32,False
IDYNPYLLFLRRPSQ,5,11,59,151,False
IDYNPYLLFLRRPTQ,2,11,59,151,False
IDYNPYLLFLRRPWQ,1,11,59,151,False
IDYNPYLLFLRSPYQ,2,1,400,4647,False
IDYNPYLLFLRTPAQ,1,1,400,4647,False
IDYNPYLLFLRTPFQ,3,1,400,4647,False
IDYNPYLLFLRYPIQ,1,5,22,107,False
IDYNPYLLFLRYPTQ,2,1,400,4647,False
IDYNPYLLFLSKPKQ,2,1,400,4647,False
IDYNPYLLFLSKPQQ,107,1,400,4647,False
IDYNPYLLFLSKPWQ,1,1,400,4647,False
IDYNPYLLFLSMPQQ,1,1,400,4647,False
IDYNPYLLFLSNPQQ,3,1,400,4647,False
IDYNPYLLFLSQPDQ,1,3,116,931,False
IDYNPYLLFLSQPKQ,12,1,400,4647,False
IDYNPYLLFLSQPRQ,3,3,116,931,False
IDYNPYLLFLSQPVQ,4,3,116,931,False
IDYNPYLLFLSTPQQ,1,1,400,4647,False
IDYNPYLLFLTNPQQ,2,1,400,4647,False
IDYNPYLLFLTQPIQ,2,0,440,11232,False
IDYNPYLLFLTQPKQ,65,1,400,4647,False
IDYNPYLLFLTQPNQ,1,0,440,11232,False
IDYNPYLLFLTQPYQ,1,0,440,11232,False
IDYNPYLLFLTRPQQ,6,1,400,4647,False
IDYNPYLLFLVKPQQ,2,1,400,4647,False
IDYNPYLLFLVQPDQ,2,0,440,11232,False
IDYNPYLLFLVQPNQ,4,0,440,11232,False
IDYNPYLLFLVQPPQ,5,0,440,11232,False
IDYNPYLLFLVQPRQ,1,3,116,931,False
IDYNPYLLFLVQPSQ,1,0,440,11232,False
IDYNPYLLFLWNPKQ,1,1,400,4647,False
IDYNPYLLFLYKPQQ,7,1,400,4647,False
IDYNQYLLFLRKPQQ,1,1,400,4647,False
IDYSPYLLFLRQPKQ,1,1,400,4647,False
IEGIRRAGGGKCRRR,1,644,3,3,True
IGCESALRLDGNSRR,1,645,1,1,True
IGQQSDLQEQESAGA,1,38,6,10,False
IGQQSGEEEQERAGA,1,30,82,93,False
IGWQSGEQEEQRPGA,1,646,1,1,True
IGWQSGGRLRERAGA,1,647,1,1,True
IGYESDGQQGEIAGA,1,648,1,1,True
KDASPRLLFLPNPGQ,1,649,1,1,True
KDAWPFLLFLLEPQQ,1,650,3,3,True
KDE_PKLLFLNNPNQ,1,651,1,1,True
KDFNPWLLFLKMPVQ,1,2,945,10007,False
KDFNPWLLFLKRPGQ,5,2,945,10007,False
KDFNPWLLFLRVPAQ,1,2,945,10007,False
KDFNPWLLFLTRPQQ,2,2,945,10007,False
KDFRPRLLFLTTPVQ,1,652,2,2,True
KDFVPWLLFLQFPVQ,1,181,19,19,False
KDFWPQLLFLVAPQQ,1,650,3,3,False
KDINPWLLFLRWPNQ,1,4,162,769,False
KDINPYLLFLRQPKQ,3,1,400,4647,False
KDINPYLLFLWQPNQ,1,3,116,931,False
KDINPYLLFLWQPQQ,2,3,116,931,False
KDKDPDLLFLTSRSR,1,653,1,1,True
KDKQPRLLFLKEPSQ,1,654,3,3,True
KDKVPLLLFLQTPCQ,1,655,1,1,True
KDLKPLLLFLKGPYQ,1,656,1,1,True
KDLNPWLLFLKQPGQ,1,0,440,11232,False
KDNAPMAAVSDQPDA,1,657,1,1,True
KDNNPDLLFLSQAEP,1,658,1,1,True
KDNYPEPAVSEQAEP,1,659,1,1,True
KDQQPLLLFLFSPEQ,1,660,2,2,True
KDSQPRLLFLIVPWQ,1,654,3,3,False
KDSVPMLLFLLRPRQ,1,661,1,1,True
KDYNPWLLFLRYPKQ,1,0,440,11232,False
KDYNPWLLFLRYPQQ,12,0,440,11232,False
KDYNPWLLFLYKPQQ,1,21,55,73,False
KDYNPYLLFLKQPKQ,2,1,400,4647,False
KDYNPYLLFLRQPSQ,1,0,440,11232,False
KDYNPYLLFLYRPQQ,2,1,400,4647,False
KDYQPQLLFLSNPKQ,1,230,4,4,False
KGYQSEHREEQRAGA,3,33,1,3,True
KG_RAEPAVSDQPAP,2,94,1,2,True
LD*IRASCW*NSRRR,1,95,3,4,False
LD*IRASSCAKCRRR,1,95,3,4,False
LD*IRCGWC*KCRRR,1,98,6,7,False
LD*IRGGGGGKGRRR,1,139,16,17,False
LD*IRSAWSANGRRR,1,662,2,2,True
LD*IRSGSSGNCRRR,1,289,4,4,False
LD*IRSSCWGKCRRR,2,95,3,4,True
LD*IRSWSGGNGRRR,1,662,2,2,False
LD*SVVLLLEMPGAG,1,663,1,1,True
LDAQPLLLFLLLPVQ,1,58,2,3,False
LDCESVVLDVEMPGA,1,664,2,2,True
LDCESVVVGRERAGA,1,665,2,2,True
LDCKSAEVVGEMPGA,2,96,1,2,True
LDCNPACGVRENPGA,1,666,1,1,True
LDCNPFCFLLKFPAQ,1,219,10,10,False
LDCNPFCVLFKCGAG,1,667,1,1,True
LDCNPFLFFCKLRRR,1,668,3,3,True
LDCNPFWVFFKIAGA,1,669,3,3,True
LDCNPGDLRHEIPGA,1,670,1,1,True
LDCNPGLLVEQMPGA,1,671,2,2,True
LDCNPLFVLWKFPAQ,1,14,164,286,False
LDCNPLLCVLKWPGA,1,329,2,2,False
LDCNPLLMC*NCRRR,1,672,2,2,True
LDCNPPCFCWKVPAQ,1,673,6,6,True
LDCNPRGVWLKGAGA,1,674,1,1,True
LDCNPRIVFLKCPAQ,1,14,164,286,False
LDCNPVCFGGKVPAQ,1,673,6,6,False
LDCNPVCVLDEMPGA,1,675,2,2,True
LDCNPWLWGLKLPAQ,1,149,40,42,False
LDCNPWRWWALNCRR,1,676,1,1,True
LDCNPYGVVGQIAGA,1,120,10,12,False
LDCPPPAAVSVDADP,1,677,1,1,True
LDCQSARHRQQSPGA,1,341,2,2,False
LDCQSGQRLGEIAGA,1,524,3,3,False
LDCQSVVVVLEIAGA,1,162,4,5,False
LDCWPWLLFLLLPVQ,1,4,162,769,False
LDFESAVLVLESPGA,1,678,2,2,True
LDFESERQERESPGA,1,679,1,1,True
LDFESVLRGGQMPGA,2,97,1,2,True
LDFESVRRLLQIAGA,1,680,1,1,True
LDFGPMLLFLYQPRQ,1,526,2,2,False
LDFIRCCCS*KCRRR,2,98,6,7,True
LDFIRSSSC*NSRRR,1,301,6,6,False
LDFKSALVLLEIPGA,1,681,2,2,True
LDFKSDDLIDEMPGA,1,682,1,1,True
LDFKSDLRRREIAGA,1,683,2,2,True
LDFKSGDVVGESAGA,2,99,1,2,True
LDFKSVVGVLEIAGA,2,73,3,5,False
LDFNPACISLKVPAQ,1,100,7,8,False
LDFNPACSG*KARRR,1,684,2,2,True
LDFNPADLGLEMPGA,1,685,4,4,True
LDFNPADLRLEIAGA,1,685,4,4,False
LDFNPAVGVGKGPAQ,1,108,10,11,False
LDFNPC*CSNGRRRV,1,686,1,1,True
LDFNPCCCC*KCRRR,1,98,6,7,False
LDFNPCFWGVEIPGA,1,687,4,4,True
LDFNPCGGLVESAGA,1,102,8,9,False
LDFNPCLVHLEIPGA,1,681,2,2,False
LDFNPCRFCWKLPAQ,1,673,6,6,False
LDFNPCSSGSNARRR,1,684,2,2,False
LDFNPCWFFCKGRRR,1,668,3,3,False
LDFNPEWLLLKLPAQ,1,6,167,539,False
LDFNPFCFMWKVPAQ,1,127,3,4,False
LDFNPFCLLFKLPAQ,1,6,167,539,False
LDFNPFCLLHESPGA,1,688,3,3,True
LDFNPFCVFWKFPAQ,1,14,164,286,False
LDFNPFFFLLKLPAQ,2,6,167,539,False
LDFNPFFIFLKRPAQ,1,14,164,286,False
LDFNPFFLFLKLPAQ,2,14,164,286,False
LDFNPFFLFLKMPAQ,2,14,164,286,False
LDFNPFFLFLKVPAQ,4,2,945,10007,False
LDFNPFFLLLKFPAQ,1,14,164,286,False
LDFNPFFLLLKLPAQ,8,6,167,539,False
LDFNPFFLLLKMPAQ,2,6,167,539,False
LDFNPFFLMLKLPAQ,2,6,167,539,False
LDFNPFFVFLKLPAQ,1,14,164,286,False
LDFNPFFVFLKMPAQ,1,14,164,286,False
LDFNPFFVFLKVPAQ,2,14,164,286,False
LDFNPFFVLLKLPAQ,1,14,164,286,False
LDFNPFGFCVKFPAQ,1,204,4,4,False
LDFNPFGVRREIPGA,1,312,3,3,False
LDFNPFIFFLKWPAQ,1,14,164,286,False
LDFNPFIFGVEIAGA,1,687,4,4,False
LDFNPFLFLLKLPAQ,1,6,167,539,False
LDFNPFLIFLKLPAQ,4,2,945,10007,False
LDFNPFLIFLKVPAQ,5,2,945,10007,False
LDFNPFLILLKRPAQ,1,59,44,52,False
LDFNPFLIMLKMPAQ,1,689,20,20,True
LDFNPFLLFAKSRRR,1,668,3,3,False
LDFNPFLLFLKFPAQ,5,2,945,10007,False
LDFNPFLLFLKIPAQ,1,2,945,10007,False
LDFNPFLLFLKLPAQ,21,2,945,10007,False
LDFNPFLLFLKMPAQ,1,689,20,20,False
LDFNPFLLFLKVPAQ,20,2,945,10007,False
LDFNPFLLLLKFPAQ,5,2,945,10007,False
LDFNPFLLLLKLPAQ,9,6,167,539,False
LDFNPFLLLLKMPAQ,1,689,20,20,False
LDFNPFLLLLKVPAQ,2,2,945,10007,False
LDFNPFLLLMKLPAQ,1,6,167,539,False
LDFNPFLVFGKVPAQ,1,2,945,10007,False
LDFNPFLVFLKMPAQ,1,689,20,20,False
LDFNPFLVFLKVPAQ,2,2,945,10007,False
LDFNPFLVFLKWPAQ,2,14,164,286,False
LDFNPFLVLLKLPAQ,2,59,44,52,False
LDFNPFLVMLKVPAQ,1,689,20,20,False
LDFNPFMLFLKFPAQ,1,14,164,286,False
LDFNPFMLFLKLPAQ,3,6,167,539,False
LDFNPFMLFLKVPAQ,4,2,945,10007,False
LDFNPFMLLLKFPAQ,1,6,167,539,False
LDFNPFMLLLKLPAQ,5,6,167,539,False
LDFNPFMLLLKVPAQ,1,6,167,539,False
LDFNPFMLLLKWPAQ,1,6,167,539,False
LDFNPFVFFVKFPAQ,1,14,164,286,False
LDFNPFWGIVKFPAQ,1,204,4,4,False
LDFNPFWLHREIAGA,1,690,4,4,True
LDFNPFWLVLKLPAQ,1,6,167,539,False
LDFNPHWVLFKVPAQ,1,91,13,15,False
LDFNPIAAA*NGRRR,1,691,2,2,True
LDFNPIFFLWNARRR,1,692,1,1,True
LDFNPLCCCSNCRRR,1,320,3,3,False
LDFNPLCFLVKVPAQ,1,100,7,8,False
LDFNPLCILCKCPAQ,2,100,7,8,True
LDFNPLCLHEMPGAG,1,693,2,2,True
LDFNPLCVFWKVPAQ,1,308,8,8,False
LDFNPLCVVGKFPGA,1,50,3,4,False
LDFNPLCVWGESPGA,1,688,3,3,False
LDFNPLFFLCKLPAQ,1,100,7,8,False
LDFNPLFFLWKFPAQ,5,14,164,286,False
LDFNPLFGFLKFPAA,1,14,164,286,False
LDFNPLFLFLKVPAQ,2,2,945,10007,False
LDFNPLFLLLKLPAQ,4,6,167,539,False
LDFNPLFLLLKVPAQ,2,2,945,10007,False
LDFNPLFVFLKFPAQ,1,14,164,286,False
LDFNPLFVFLKLPAQ,4,14,164,286,False
LDFNPLFVFLKVPAQ,2,14,164,286,False
LDFNPLFVLLKLPAQ,1,14,164,286,False
LDFNPLFVLWKFPAQ,1,14,164,286,False
LDFNPLGSCSKCRRR,1,208,3,3,False
LDFNPLLFFLKFPAQ,1,14,164,286,False
LDFNPLLFLLKLPAQ,1,6,167,539,False
LDFNPLLFMLKVPAQ,1,143,22,23,False
LDFNPLLIFLKMPAQ,1,689,20,20,False
LDFNPLLIFLKVPAQ,1,2,945,10007,False
LDFNPLLLFLKFPAQ,15,2,945,10007,False
LDFNPLLLFLKIPAQ,1,2,945,10007,False
LDFNPLLLFLKLPAQ,18,2,945,10007,False
LDFNPLLLFLKMPAQ,1,2,945,10007,False
LDFNPLLLFLKVPAQ,13,2,945,10007,False
LDFNPLLLLLKIAGA,1,309,5,5,False
LDFNPLLLLLKLPAQ,1,6,167,539,False
LDFNPLLLLLKVPAQ,2,2,945,10007,False
LDFNPLLLVLKVPAQ,1,2,945,10007,False
LDFNPLLMLLKLPAQ,1,6,167,539,False
LDFNPLLMVVKFPAQ,1,143,22,23,False
LDFNPLLVFLKFPAQ,2,14,164,286,False
LDFNPLLVFLKIPAQ,1,14,164,286,False
LDFNPLLVFLKLPAQ,1,14,164,286,False
LDFNPLLVFLKVPAQ,1,2,945,10007,False
LDFNPLLVLLKFPAQ,1,14,164,286,False
LDFNPLLVLLKLPAQ,1,91,13,15,False
LDFNPLLVLLKMPAQ,1,689,20,20,False
LDFNPLLVLLKVPAQ,2,59,44,52,False
LDFNPLLVLLKWRRR,1,694,1,1,True
LDFNPLLVVHEIPGA,1,695,4,4,True
LDFNPLLWVLEIAGA,1,695,4,4,False
LDFNPLVFFVKFPAQ,2,14,164,286,False
LDFNPLVLLLENAGA,1,309,5,5,False
LDFNPLVVVGEIAGA,1,695,4,4,False
LDFNPLVVVLESAGA,1,461,8,8,False
LDFNPLWFGFKIPAQ,1,696,3,3,True
LDFNPLWLFLKVPAQ,1,2,945,10007,False
LDFNPLWLLREIPGA,1,690,4,4,False
LDFNPLWRDGESAGA,1,697,4,4,True
LDFNPLWRHRQIPGA,1,690,4,4,False
LDFNPLWSSCSRRRV,1,698,1,1,True
LDFNPLWVLVKLPGA,1,355,2,2,False
LDFNPLWWVFKIAGA,1,669,3,3,False
LDFNPMGCCFWGCRG,1,699,1,1,True
LDFNPMGVRVEIAGA,1,102,8,9,False
LDFNPMLCCGEMPGA,1,700,2,2,True
LDFNPMLIFLKLPAQ,2,2,945,10007,False
LDFNPMLLFLKFPAQ,5,2,945,10007,False
LDFNPMLLFLKLPAQ,5,2,945,10007,False
LDFNPMLLFLKRPAQ,1,2,945,10007,False
LDFNPMLLFLKVPAQ,2,2,945,10007,False
LDFNPMLLFLRWPQQ,1,110,29,32,False
LDFNPMLVGVQMPGA,1,700,2,2,False
LDFNPMMVLGEIAGA,1,701,3,3,True
LDFNPMVVFGKLPAQ,1,14,164,286,False
LDFNPQCLWVQIAGA,2,101,1,2,True
LDFNPQGGIHEIAGA,2,102,8,9,True
LDFNPQGVSWKIPAQ,1,311,3,3,False
LDFNPQLLFLKWPAQ,1,2,945,10007,False
LDFNPQLLWLKLPAQ,1,2,945,10007,False
LDFNPQMLVVEMPGA,1,685,4,4,False
LDFNPQMVLLKLPAA,1,6,167,539,False
LDFNPRSCDREIPGA,1,702,1,1,True
LDFNPRSGGVRNCRR,1,703,1,1,True
LDFNPSCIFWKFPGA,1,704,1,1,True
LDFNPSFLLFKLPAQ,1,6,167,539,False
LDFNPSGFRQEMPGA,1,705,1,1,True
LDFNPSLFLLKLPAQ,1,6,167,539,False
LDFNPSLGHQERAGA,1,706,1,1,True
LDFNPSLLVLKCPAQ,1,2,945,10007,False
LDFNPSRRVCKGPAG,1,707,1,1,True
LDFNPVFCMCKCPGA,1,708,1,1,True
LDFNPVFFLLKVPAQ,1,14,164,286,False
LDFNPVIILGKFPRR,1,709,1,1,True
LDFNPVLFCGKLPGA,1,206,2,2,False
LDFNPVLGVLEIAGA,1,102,8,9,False
LDFNPVLLLLESPGA,1,688,3,3,False
LDFNPVLLVVEMPGA,1,394,4,4,False
LDFNPVLRHGEIPGA,1,695,4,4,False
LDFNPVLWLFKLPGA,1,710,3,3,True
LDFNPVRVGLKLPAQ,1,14,164,286,False
LDFNPVSLRRESPGA,1,63,3,4,False
LDFNPVVVHVEIAGA,1,690,4,4,False
LDFNPVVWFWKLPGA,1,710,3,3,False
LDFNPVWVLLKLPAQ,1,6,167,539,False
LDFNPWFFFLKVPAQ,2,2,945,10007,False
LDFNPWFILLKMPAQ,1,689,20,20,False
LDFNPWFILLKVPAQ,1,2,945,10007,False
LDFNPWFLFLKFPAQ,1,14,164,286,False
LDFNPWFLFLKLPAQ,2,2,945,10007,False
LDFNPWFLLGKCPAQ,1,100,7,8,False
LDFNPWFLVEIAGAG,1,711,2,2,True
LDFNPWFVFLKFPAQ,1,14,164,286,False
LDFNPWFVFLKIPAQ,2,14,164,286,False
LDFNPWFVFLKLPAQ,14,2,945,10007,False
LDFNPWFVFLKMPAQ,4,14,164,286,False
LDFNPWFVFLKVPAQ,39,2,945,10007,False
LDFNPWFVLLKLPAQ,2,14,164,286,False
LDFNPWLFFLKFPAQ,1,2,945,10007,False
LDFNPWLFFLKLPAQ,16,2,945,10007,False
LDFNPWLFFLKMPAQ,2,2,945,10007,False
LDFNPWLFFLKRPAQ,2,2,945,10007,False
LDFNPWLFFLKVPAQ,53,2,945,10007,False
LDFNPWLFLLKFPAQ,2,2,945,10007,False
LDFNPWLFLLKLPAQ,7,2,945,10007,False
LDFNPWLFLLKVPAQ,6,2,945,10007,False
LDFNPWLFWLKVPAQ,3,2,945,10007,False
LDFNPWLIFLKLPAQ,7,2,945,10007,False
LDFNPWLIFLKMPAQ,1,689,20,20,False
LDFNPWLIFLKVPAQ,28,2,945,10007,False
LDFNPWLIFMKVPAQ,4,2,945,10007,False
LDFNPWLILLKLPAQ,6,2,945,10007,False
LDFNPWLILLKVPAQ,1,2,945,10007,False
LDFNPWLLFIKLPAQ,1,2,945,10007,False
LDFNPWLLFLAQPLQ,1,0,440,11232,False
LDFNPWLLFLAQPRQ,17,0,440,11232,False
LDFNPWLLFLGRPEQ,1,2,945,10007,False
LDFNPWLLFLGRPQQ,1,2,945,10007,False
LDFNPWLLFLKFPAQ,55,2,945,10007,False
LDFNPWLLFLKGPAQ,3,2,945,10007,False
LDFNPWLLFLKIPAQ,7,2,945,10007,False
LDFNPWLLFLKLPAQ,584,2,945,10007,False
LDFNPWLLFLKMPAQ,148,2,945,10007,False
LDFNPWLLFLKRPAQ,1,2,945,10007,False
LDFNPWLLFLKSPAQ,1,2,945,10007,False
LDFNPWLLFLKSPVQ,7,2,945,10007,False
LDFNPWLLFLKVPAQ,654,2,945,10007,False
LDFNPWLLFLKVPAR,1,2,945,10007,False
LDFNPWLLFLKWPAQ,2,2,945,10007,False
LDFNPWLLFLQLPVQ,1,4,162,769,False
LDFNPWLLFLQRPKQ,1,10,61,143,False
LDFNPWLLFLQWPKQ,1,10,61,143,False
LDFNPWLLFLQWPLQ,1,2,945,10007,False
LDFNPWLLFLRKPGQ,2,2,945,10007,False
LDFNPWLLFLRLPAQ,1,2,945,10007,False
LDFNPWLLFLRMPGQ,1,2,945,10007,False
LDFNPWLLFLRNPPQ,1,2,945,10007,False
LDFNPWLLFLRSPVQ,2,4,162,769,False
LDFNPWLLFLRTPQQ,85,2,945,10007,False
LDFNPWLLFLRTPRQ,2,2,945,10007,False
LDFNPWLLFLTQPNQ,1,0,440,11232,False
LDFNPWLLFLVQPPQ,3,0,440,11232,False
LDFNPWLLFMKFPAQ,1,2,945,10007,False
LDFNPWLLLLKFPAQ,7,2,945,10007,False
LDFNPWLLLLKLPAQ,16,2,945,10007,False
LDFNPWLLLLKMPAQ,1,2,945,10007,False
LDFNPWLLLLKVPAQ,15,2,945,10007,False
LDFNPWLLLLKWPAQ,2,2,945,10007,False
LDFNPWLLMLKLPAQ,3,2,945,10007,False
LDFNPWLLMLKWPAQ,2,2,945,10007,False
LDFNPWLLWLKFPAQ,3,2,945,10007,False
LDFNPWLLWLKLPAQ,4,2,945,10007,False
LDFNPWLLWLKMPAQ,4,2,945,10007,False
LDFNPWLLWLKVPAQ,17,2,945,10007,False
LDFNPWLLYLKWPAQ,1,2,945,10007,False
LDFNPWLMFLKFPAQ,4,2,945,10007,False
LDFNPWLMFLKIPAQ,1,2,945,10007,False
LDFNPWLMFLKLPAQ,10,2,945,10007,False
LDFNPWLMFLKLSAQ,1,2,945,10007,False
LDFNPWLMFLKMPAQ,1,2,945,10007,False
LDFNPWLMFLKVPAQ,9,2,945,10007,False
LDFNPWLMFLKWPAQ,1,2,945,10007,False
LDFNPWLVFLKFPAQ,57,2,945,10007,False
LDFNPWLVFLKIPAQ,7,2,945,10007,False
LDFNPWLVFLKLPAQ,125,2,945,10007,False
LDFNPWLVFLKLSAQ,1,2,945,10007,False
LDFNPWLVFLKMPAQ,22,2,945,10007,False
LDFNPWLVFLKVPAQ,80,2,945,10007,False
LDFNPWLVFLKWPAQ,1,2,945,10007,False
LDFNPWLVLLKFPAQ,3,14,164,286,False
LDFNPWLVLLKIPAQ,1,2,945,10007,False
LDFNPWLVLLKLPAQ,3,2,945,10007,False
LDFNPWLVLLKMPAQ,3,2,945,10007,False
LDFNPWLVLLKVPAQ,8,2,945,10007,False
LDFNPWLVLLKWPAQ,2,2,945,10007,False
LDFNPWLVWLKVPAQ,1,2,945,10007,False
LDFNPWLWFLKLPAQ,1,2,945,10007,False
LDFNPWLWFLKVPAQ,1,2,945,10007,False
LDFNPWLWMLKVPAQ,1,2,945,10007,False
LDFNPWMIFLKLPAQ,2,2,945,10007,False
LDFNPWMLFLKFPAQ,5,2,945,10007,False
LDFNPWMLFLKLPAQ,32,2,945,10007,False
LDFNPWMLFLKMPAQ,2,2,945,10007,False
LDFNPWMLFLKVPAQ,28,2,945,10007,False
LDFNPWMLFLKWPAQ,2,2,945,10007,False
LDFNPWMLLLKFPAQ,1,6,167,539,False
LDFNPWMLWLKWPAQ,1,2,945,10007,False
LDFNPWMMFLKFPAQ,1,14,164,286,False
LDFNPWMVFLKFPAQ,2,14,164,286,False
LDFNPWMVFLKLPAQ,1,14,164,286,False
LDFNPWMVLLKMPAQ,1,6,167,539,False
LDFNPWMVLLKVPAQ,1,2,945,10007,False
LDFNPWVFFSNCRRR,1,712,1,1,True
LDFNPWVFLLKLPAQ,1,6,167,539,False
LDFNPYFFFLKFPAQ,1,14,164,286,False
LDFNPYFFFLKLPAQ,1,14,164,286,False
LDFNPYFFLLKFPAQ,1,14,164,286,False
LDFNPYFFLLKLPAQ,4,6,167,539,False
LDFNPYFFLLKVPAQ,1,14,164,286,False
LDFNPYFFLLKWPAQ,1,14,164,286,False
LDFNPYFIFLKFPAQ,1,14,164,286,False
LDFNPYFIFLKLPAQ,12,6,167,539,False
LDFNPYFIFLKVPAQ,4,14,164,286,False
LDFNPYFILLKMPAQ,1,14,164,286,False
LDFNPYFLFLKFPAQ,17,2,945,10007,False
LDFNPYFLFLKIPAQ,3,14,164,286,False
LDFNPYFLFLKLPAQ,22,6,167,539,False
LDFNPYFLFLKVPAQ,14,2,945,10007,False
LDFNPYFLFLKWPAQ,1,14,164,286,False
LDFNPYFLLLKFPAQ,5,14,164,286,False
LDFNPYFLLLKLPAQ,18,6,167,539,False
LDFNPYFLLLKMPAQ,1,6,167,539,False
LDFNPYFLLLKVPAQ,1,6,167,539,False
LDFNPYFLLMKWPAQ,1,6,167,539,False
LDFNPYFVFLKFPAQ,8,14,164,286,True
LDFNPYFVFLKLPAQ,3,14,164,286,False
LDFNPYFVFLKVPAQ,5,14,164,286,False
LDFNPYFVLLKFPAQ,4,14,164,286,False
LDFNPYFVLLKGPAQ,1,14,164,286,False
LDFNPYFVLLKLPAQ,2,14,164,286,False
LDFNPYLFFLKFPAQ,2,14,164,286,False
LDFNPYLFFLKLPAQ,3,14,164,286,False
LDFNPYLFFLKVPAQ,1,2,945,10007,False
LDFNPYLFLLKFPAQ,1,14,164,286,False
LDFNPYLIFLKFPAQ,5,14,164,286,False
LDFNPYLIFLKLPAQ,5,14,164,286,False
LDFNPYLIFLKMPAQ,26,2,945,10007,False
LDFNPYLIFLKVPAQ,5,2,945,10007,False
LDFNPYLLFLKFPAQ,72,2,945,10007,False
LDFNPYLLFLKIPAQ,3,2,945,10007,False
LDFNPYLLFLKLPAQ,95,2,945,10007,False
LDFNPYLLFLKMPAQ,5,2,945,10007,False
LDFNPYLLFLKVPAQ,55,2,945,10007,False
LDFNPYLLFLKWPAQ,6,2,945,10007,False
LDFNPYLLFLRQPPQ,2,3,116,931,False
LDFNPYLLFLRSPYQ,1,110,29,32,False
LDFNPYLLLLKFPAQ,1,6,167,539,False
LDFNPYLLLLKLPAQ,2,6,167,539,False
LDFNPYLLLLKVPAQ,1,2,945,10007,False
LDFNPYLLLLKWPAQ,1,6,167,539,False
LDFNPYLLWLKFPAQ,1,14,164,286,False
LDFNPYLLWLKVPAQ,1,2,945,10007,False
LDFNPYLVFLKFPAQ,10,2,945,10007,False
LDFNPYLVFLKIPAQ,5,14,164,286,False
LDFNPYLVFLKLPAQ,12,2,945,10007,False
LDFNPYLVFLKVPAQ,6,14,164,286,False
LDFNPYLVFLKWPAQ,1,14,164,286,False
LDFNPYLVLLKFPAQ,1,14,164,286,False
LDFNPYLVLLKLPAQ,1,6,167,539,False
LDFNPYLVLLKMPAQ,3,14,164,286,False
LDFNPYLVLLKVPAQ,1,14,164,286,False
LDFNPYMLFLKFPAQ,1,14,164,286,False
LDFNPYMLFLKLPAQ,1,6,167,539,False
LDFNPYMLFLKVPAQ,1,2,945,10007,False
LDFNRCWCC*NSRRR,1,320,3,3,False
LDFNSVGVVGQNAGA,1,390,4,4,False
LDFSPLLLFLQLPGQ,1,713,6,6,True
LDFSPWLLFLKLPAQ,1,2,945,10007,False
LDFYPLLLFLGQPVQ,1,713,6,6,False
LDGESGGVHEESPGA,1,714,2,2,True
LDGESGVEEEERAGA,1,406,5,5,False
LDGESVGVLVEIPGA,1,626,2,2,False
LDGFPWLLFLFQPGQ,1,525,4,4,False
LDGGAVAAVSVEAEA,2,103,2,3,True
LDGGPLLLFLCRPEQ,1,9,18,39,False
LDGGPWLLFLQWPVQ,3,9,18,39,False
LDGIRRAGASKGRRR,1,410,2,2,False
LDGIRTSGGGKARRR,1,715,1,1,True
LDGKGGA*KARRRVL,1,716,1,1,True
LDGKSVLDLGEMPGA,1,717,2,2,True
LDGLPLLLFLQWPAQ,1,184,12,12,False
LDGLPLLLFLQWPLQ,1,184,12,12,False
LDGLPWLLFLQLPVQ,1,4,162,769,False
LDGLPWLLFLQWPIQ,1,181,19,19,False
LDGNPAGRRRKGPAQ,1,627,2,2,False
LDGNPGGEEGERAGA,1,212,5,5,False
LDGNPGGRLRERPGA,1,322,3,3,False
LDGNPKLVDVQIAGA,1,421,5,5,False
LDGNPLCSCCKCPAQ,1,100,7,8,False
LDGNPLFFILKIPAQ,1,219,10,10,False
LDGNPLLLFLKFPAQ,1,2,945,10007,False
LDGNPLMMLVKWPAQ,1,718,4,4,True
LDGNPLRWGVNGRRR,1,719,1,1,True
LDGNPLVCGVEIAGA,1,720,7,7,True
LDGNPLWFVVKVPAQ,1,143,22,23,False
LDGNPPRVFGKVPAQ,1,721,5,5,True
LDGNPPVGRTNSRRR,1,722,1,1,True
LDGNPQCVFWKVPAQ,1,721,5,5,False
LDGNPQGRRRKRPAQ,1,13,291,376,False
LDGNPQRRWF*GWWL,1,723,1,1,True
LDGNPQWGWRKCPAQ,1,414,4,4,False
LDGNPRGREEEKAGA,1,77,23,26,False
LDGNPSMLSGKGRRR,1,724,1,1,True
LDGNPWGFGGKSRRR,1,69,38,42,False
LDGNPWLLLLKVPAQ,1,2,945,10007,False
LDGNPWRGLLKVPAQ,1,721,5,5,False
LDGNPYGGFVKWPAQ,1,214,17,17,False
LDGQPLLLFLVWPHQ,1,34,12,14,False
LDGQPWLLFLISPPQ,1,185,3,3,False
LDGQPWLLFLVWPEQ,1,34,12,14,False
LDGRPWLLFLQWPVQ,1,181,19,19,False
LDGVPWLLFLQWPVQ,1,181,19,19,False
LDGVVEIAGAGFWRR,1,408,3,3,False
LDGWPGLLFLQWPVQ,1,173,26,27,False
LDGWPLLLFLQWPVQ,1,173,26,27,False
LDGWRCCCFCGCRCR,1,725,2,2,True
LDHNPWLLFLKRPQQ,5,2,945,10007,False
LDIESAVVHGEKPGA,1,726,1,1,True
LDINPACRGGEMPGA,1,685,4,4,False
LDINPASSVGKRPGA,1,727,2,2,True
LDINPAWFGRKMPAA,1,728,1,1,True
LDINPHVSIGKARRR,1,729,1,1,True
LDINPLFLVCKLPAQ,1,730,12,12,True
LDINPLFWVCKCPAQ,1,730,12,12,False
LDINPPVRRLQIPGA,1,731,1,1,True
LDINPRWQEVENPGA,1,732,1,1,True
LDINPSRGDREIPGA,1,330,3,3,False
LDINPTGWGGKGPAQ,1,108,10,11,False
LDINPVGRGVKVPGA,1,733,2,2,True
LDINPVLRLVQSAGA,1,734,2,2,True
LDINPVRLLREIAGA,1,330,3,3,False
LDINPWLLFLVGPQQ,1,21,55,73,False
LDIQSVLGHVEMPGA,1,735,1,1,True
LDKQPWLLFLILPPQ,1,185,3,3,False
LDKWPLLLFSDGADA,1,736,1,1,True
LDLESGGLGVQSAGA,1,262,7,7,False
LDLESVVRGVEMPGA,1,664,2,2,False
LDLIRACWC*KCRRR,1,98,6,7,False
LDLLPLLLFLLFPLQ,2,78,8,11,False
LDLLPVLLFRGGRCR,1,737,1,1,True
LDLNPAACS*NGRRR,1,691,2,2,False
LDLNPASCRGKFPAR,1,738,1,1,True
LDLNPCFFLFKLPAQ,1,219,10,10,False
LDLNPCVVMLKFPAQ,1,14,164,286,False
LDLNPFCVWWKVPAQ,1,673,6,6,False
LDLNPFFGGVQIAGA,1,739,6,6,True
LDLNPFFVFLKMPAQ,1,14,164,286,False
LDLNPFGFLLNCRRR,2,104,6,8,True
LDLNPFLLLLKGPAQ,1,59,44,52,False
LDLNPFLLLMKLPAQ,1,26,10,13,False
LDLNPFLVLLKFPAQ,1,59,44,52,False
LDLNPFSVVFKLPAA,1,740,2,2,True
LDLNPFVGLVEIAGA,1,739,6,6,False
LDLNPFWIGVKFRRR,1,741,2,2,True
LDLNPFWVGGEIAGA,1,669,3,3,False
LDLNPFWVLFNCRTR,1,104,6,8,False
LDLNPGCSSSKCRRR,1,208,3,3,False
LDLNPGGELEKAGAG,1,742,2,2,True
LDLNPGLFS*NCRRR,1,104,6,8,False
LDLNPGLLLFKLPAQ,1,26,10,13,False
LDLNPGLLLGNCRRR,1,104,6,8,False
LDLNPGLLVVKMPAQ,1,743,6,6,True
LDLNPGRWGVKWPAQ,1,743,6,6,False
LDLNPGSCC*NSRRR,1,53,10,12,False
LDLNPGVVVVEMAGA,1,501,4,4,False
LDLNPIEEQEEKAGA,1,634,5,5,False
LDLNPKRREEEKAGA,1,77,23,26,False
LDLNPLCCA*NCRRR,2,53,10,12,False
LDLNPLCFCFKMPAQ,1,673,6,6,False
LDLNPLCFWFEIPGA,1,744,1,1,True
LDLNPLCLVLKFPAQ,1,730,12,12,False
LDLNPLCWMGKFPAQ,1,745,3,3,True
LDLNPLFCLVKWPAQ,1,718,4,4,False
LDLNPLFDRHEIAGA,1,746,3,3,True
LDLNPLFFVFKLPAQ,1,730,12,12,False
LDLNPLFGLVEIAGA,1,739,6,6,False
LDLNPLFLFLKLPAQ,1,730,12,12,False
LDLNPLFLLLKLPAQ,1,730,12,12,False
LDLNPLFVLCKLPAQ,1,730,12,12,False
LDLNPLFVLLESAGA,1,461,8,8,False
LDLNPLFVLLKLPAQ,1,14,164,286,False
LDLNPLGFVWKLAGA,1,747,1,1,True
LDLNPLIFLFKLPAQ,1,696,3,3,False
LDLNPLLFVLKVPAQ,1,143,22,23,False
LDLNPLLLLLKLPAQ,2,6,167,539,False
LDLNPLLLLVEIAGA,1,394,4,4,False
LDLNPLLLLVKVPAQ,1,743,6,6,False
LDLNPLLVGVEIAGA,1,720,7,7,False
LDLNPLLVLSNCRRR,2,104,6,8,False
LDLNPLLVVLKLPAQ,1,149,40,42,False
LDLNPLMCLFKLPAQ,1,718,4,4,False
LDLNPLMLLGENAGA,1,701,3,3,False
LDLNPLSLRMKVPAG,1,748,1,1,True
LDLNPLSSG*KSRRR,1,105,2,3,False
LDLNPLVCLDEIAGA,1,720,7,7,False
LDLNPLVGVVQMPGA,1,749,2,2,True
LDLNPLVLLLKLPAQ,1,26,10,13,False
LDLNPLVMLVKLPAQ,1,718,4,4,False
LDLNPLVSGLKLPAQ,1,750,4,4,True
LDLNPLVVWGKVPAR,1,751,1,1,True
LDLNPLWCW*NCRRR,1,53,10,12,False
LDLNPLWLCLKFPAQ,1,745,3,3,False
LDLNPLWLIGKLPAQ,1,730,12,12,False
LDLNPLWVLLKLPAQ,1,750,4,4,False
LDLNPQCVVVENPGA,1,220,4,4,False
LDLNPQCWFVEMAGA,1,752,1,1,True
LDLNPQGGIHEIAGA,1,102,8,9,False
LDLNPQLVMVKFAGA,1,753,1,1,True
LDLNPQVMLLKLPAQ,1,750,4,4,False
LDLNPQWGSRKRPAQ,1,754,3,3,True
LDLNPSIVRESAGAG,1,755,1,1,True
LDLNPSLFLLKIPAQ,1,219,10,10,False
LDLNPSLVLCKMPAQ,1,743,6,6,False
LDLNPSVGLDQIPGA,1,749,2,2,False
LDLNPSVVMFKLPGA,1,740,2,2,False
LDLNPSWVFLKLPAQ,1,14,164,286,False
LDLNPTGFLVKVPAQ,1,756,3,3,True
LDLNPVCFCVKGPAQ,1,431,3,3,False
LDLNPVEVGVQSAGA,1,146,11,12,False
LDLNPVFLLLKLPAQ,1,6,167,539,False
LDLNPVLLGVKMPAA,1,743,6,6,False
LDLNPVMGVVEIAGA,1,739,6,6,False
LDLNPVRLHDERAGA,1,632,2,2,False
LDLNPVS**SKSRRR,2,105,2,3,True
LDLNPVVDLVEIAGA,1,720,7,7,False
LDLNPVVVLGEIAGA,1,701,3,3,False
LDLNPWDGGVQIPGA,1,739,6,6,False
LDLNPWLFFLKIPAQ,1,2,945,10007,False
LDLNPWLIFLKLPAQ,2,2,945,10007,False
LDLNPWLIFLKVPAQ,4,2,945,10007,False
LDLNPWLLFLKIPAQ,1,2,945,10007,False
LDLNPWLLFLKLPAQ,5,2,945,10007,False
LDLNPWLLFLKMPAQ,1,2,945,10007,False
LDLNPWLLFLKRPAQ,1,2,945,10007,False
LDLNPWLLFLKVPAQ,6,2,945,10007,False
LDLNPWLLFLQFPVQ,1,4,162,769,False
LDLNPWLLFLQLPAQ,1,4,162,769,False
LDLNPWLLFLQLPVQ,1,4,162,769,False
LDLNPWLLFLRLPQQ,3,4,162,769,False
LDLNPWLLFLRQPKQ,1,4,162,769,False
LDLNPWLLFLRYPQQ,3,4,162,769,False
LDLNPWLLWLKLPAQ,3,2,945,10007,False
LDLNPWRGVLKRPGA,1,462,2,2,False
LDLNPWVWWVKVPGA,1,757,1,1,True
LDLNPYLLFLRMPQQ,1,4,162,769,False
LDLNRCCSCANCRRR,1,758,2,2,True
LDLQPSLLFLMGPRQ,1,34,12,14,False
LDLWPWLLFLQWPLQ,1,60,14,17,False
LDMESVLLVLENPGA,1,678,2,2,False
LDMIRCAGSGNCRRR,1,46,3,4,False
LDMIRCCWS*NSRRR,1,98,6,7,False
LDMNPCFFGVKLPGA,1,687,4,4,False
LDMNPELGVWKVPGA,1,759,1,1,True
LDMNPFWVL*NCRRR,1,104,6,8,False
LDMNPLCGRVESAGA,1,423,4,4,False
LDMNPLLLLCKLPAQ,1,730,12,12,False
LDMNPLVSVVKVRRR,1,760,2,2,True
LDMNPPGGMGQSPGA,4,22,1,4,True
LDMNPRGRMMKSPAQ,1,761,2,2,True
LDMNPSWVVRQNAGA,1,762,2,2,True
LDMNPVLVWLKLPAQ,1,149,40,42,False
LDMNPWLFFLKFPAQ,1,2,945,10007,False
LDMNPWLFFLKVPAQ,1,2,945,10007,False
LDMNPWLIFLKLPAQ,4,2,945,10007,False
LDMNPWLIFLKVPAQ,1,2,945,10007,False
LDMNPWLLFLKFPAQ,2,2,945,10007,False
LDMNPWLLFLKLPAQ,16,2,945,10007,False
LDMNPWLLFLKVPAQ,2,2,945,10007,False
LDMNPWLLFLQWPLQ,1,10,61,143,False
LDMNPWLLFLRQPAQ,7,0,440,11232,False
LDMNPWLLFLRQPQQ,1,110,29,32,False
LDMNPWLLFLRSPQQ,2,4,162,769,False
LDMNPWLLWLKVPAQ,1,2,945,10007,False
LDMNPWLVFLKLPAQ,1,149,40,42,False
LDMNPWMFC*KWPAQ,1,763,1,1,True
LDMQSGGVLVQIAGA,1,764,1,1,True
LDNLPRLLFLVGAGA,2,106,1,2,True
LDQLPWLLFLTRPQQ,1,270,3,3,False
LDQWPLLLFLKLPLQ,1,78,8,11,False
LDQYPFLLFLERPVQ,1,765,3,3,True
LDQYPFLLFLSYPVQ,1,765,3,3,False
LDQYPFLLFLVMPSQ,1,765,3,3,False
LDRESEEGGGGKSRR,1,766,1,1,True
LDRGPWLLFLQWPPQ,1,34,12,14,False
LDRLPVLLFLWRPAQ,1,34,12,14,False
LDRNPDGRDGERAGA,1,697,4,4,False
LDRNPFGREGEIAGA,1,767,3,3,True
LDRNPFVGVVENAGA,1,501,4,4,False
LDRNPNGRSRKRPAQ,1,13,291,376,False
LDRNPPCGFRKVPAQ,1,673,6,6,False
LDRNPPGRRREMAGA,1,522,5,5,False
LDRNPQGWRRKRPAQ,1,13,291,376,False
LDRNPQRRGGKGRRR,1,490,3,3,False
LDRNPQRRGRKSPGA,1,768,1,1,True
LDRNPRGRRRKRPAQ,1,13,291,376,False
LDRNPRGWRWKGRRR,4,23,6,10,True
LDRNPSRSRSKGPAQ,1,81,48,51,False
LDRNPTWRRRKGPAQ,1,150,20,21,False
LDRNPVGRCGKMPAQ,1,769,2,2,True
LDRNPWLLFLQWPVQ,1,181,19,19,False
LDRNPWMVGLESPGA,1,770,1,1,True
LDRQPRLLFLWWPRQ,3,34,12,14,True
LDRRPLLLFLLVPQQ,1,188,7,7,False
LDRWPLLLFLESPVQ,2,56,2,4,False
LDSIRCSSC*NCRRR,1,301,6,6,False
LDSIRRSACGNSRRR,2,107,2,3,True
LDSIRTCWCASAGNC,1,771,1,1,True
LDSIRW*SA*NARRR,1,772,2,2,True
LDSMPVLLFLTPPFQ,1,773,2,2,True
LDSNPGVVVGQMAGA,1,120,10,12,False
LDSNPIMMRAKSRRR,1,774,1,1,True
LDSNPRFVVLKSPAR,1,775,1,1,True
LDSQPMLLFLTNPTQ,1,773,2,2,False
LDTGPKAAVSVDAEA,1,103,2,3,False
LDVGPFLLFLQWPVQ,1,181,19,19,False
LDVGPGLLFLGVPGQ,1,453,4,4,False
LDVIRCCCC*NCRRR,1,98,6,7,False
LDVLPGLLFLALPGQ,1,713,6,6,False
LDVNPAGSSGKGPAQ,2,108,10,11,True
LDVNPCCCG*NCRRR,1,194,3,3,False
LDVNPCWW*NCRRRV,1,776,1,1,True
LDVNPEVCLEQSPGA,1,777,3,3,True
LDVNPFLVLGQSAGA,1,734,2,2,False
LDVNPFMVCVKWPGA,1,778,1,1,True
LDVNPFWFLRKLPAQ,1,779,3,3,True
LDVNPFWLFWKVPAQ,1,779,3,3,False
LDVNPGCLLLERAGA,1,780,2,2,True
LDVNPGGWGAKCRRR,1,516,4,4,False
LDVNPGHRASAKSRR,1,781,1,1,True
LDVNPGLRVHQIPGA,1,671,2,2,False
LDVNPGQRHRQRPGA,1,347,2,2,False
LDVNPGVRGQRAGAG,1,782,2,2,True
LDVNPICVFGESPGA,1,783,4,4,True
LDVNPIGSSGNCRRR,1,548,4,4,False
LDVNPIVRLLEIAGA,1,780,2,2,False
LDVNPLFFGLKIPGA,1,784,1,1,True
LDVNPLFGRLEIAGA,1,746,3,3,False
LDVNPLFSIGKCPAQ,1,108,10,11,False
LDVNPLILVLKLPAQ,1,730,12,12,False
LDVNPLLVFLKCPAQ,1,539,7,7,False
LDVNPLVVGVEIAGA,1,720,7,7,False
LDVNPLWVVAPSRAR,1,785,1,1,True
LDVNPMCCGGKWPAQ,1,237,5,5,False
LDVNPMFVVGKVPAQ,1,721,5,5,False
LDVNPMGGVGEIAGA,1,102,8,9,False
LDVNPPGCHEQSPGA,1,398,2,2,False
LDVNPPVFLFKFPAQ,1,779,3,3,False
LDVNPPVGGVKGPAQ,1,214,17,17,False
LDVNPQFIFWKCPAQ,1,348,2,2,False
LDVNPQLFLLKMPAQ,1,689,20,20,False
LDVNPRLDLQESPGA,1,544,2,2,False
LDVNPRMRRRQSPGA,1,786,3,3,True
LDVNPRWIGCKCRRR,1,741,2,2,False
LDVNPSILVVKVPAQ,1,743,6,6,False
LDVNPSVFVVKVPRR,1,760,2,2,False
LDVNPSWASANSRRR,1,326,4,4,False
LDVNPSWCLGQSPGA,1,777,3,3,False
LDVNPTCVHQESAGA,1,783,4,4,False
LDVNPTLFGGKCPAG,2,109,1,2,True
LDVNPTVRNEESPGA,1,777,3,3,False
LDVNPVCIVVKFPAQ,1,787,1,1,True
LDVNPVFWVVEMPGA,1,687,4,4,False
LDVNPVGWLLKWPAQ,1,788,2,2,True
LDVNPVLLFLKWPAQ,1,539,7,7,False
LDVNPVMCSGNSRRR,1,548,4,4,False
LDVNPVVDVVEMAGA,1,789,2,2,True
LDVNPVVWLSNCRRR,1,548,4,4,False
LDVNPVWVRHQSPGA,1,786,3,3,False
LDVNPWLLFLKFPAQ,1,2,945,10007,False
LDVNPWLLFLKLPAQ,1,2,945,10007,False
LDVNPWLLFLKMPAQ,1,2,945,10007,False
LDVNPWLLFLKVPAQ,2,2,945,10007,False
LDVNPWLLFLQWPEQ,2,10,61,143,False
LDVNPWLLFLQWPVQ,6,4,162,769,False
LDVNPWLLFLRQPGQ,2,0,440,11232,False
LDVNPWLLWLKLPAQ,1,149,40,42,False
LDVNPYLLFLRQPTQ,3,3,116,931,False
LDVQPWLLFLGLPQQ,1,179,3,4,False
LDVVPLLLFLQWPLQ,1,174,6,7,False
LDVWPVLLFLQWPKQ,1,60,14,17,False
LDWAPGLLFLQWPRQ,1,34,12,14,False
LDWIRCGACANCRRR,1,758,2,2,False
LDWNP*FVLLKLPAQ,1,14,164,286,False
LDWNP*LLFLRQPYQ,2,110,29,32,True
LDWNPAGIGRKVPAQ,1,177,7,8,False
LDWNPAVVMWEIPGA,1,303,2,2,False
LDWNPAVVVGESAGA,1,120,10,12,False
LDWNPCFVFLKLRRR,1,790,1,1,True
LDWNPCGGLFKGPAQ,1,791,3,3,True
LDWNPFFVLLKVPAQ,1,59,44,52,False
LDWNPFLLFLKVPAQ,1,2,945,10007,False
LDWNPFWVGGERAGA,1,792,4,4,True
LDWNPGLLLVNCRRR,1,793,1,1,True
LDWNPGRVGAKCRRR,1,516,4,4,False
LDWNPGVLGFKLPAQ,1,750,4,4,False
LDWNPLFCW*KSRRR,2,111,2,3,True
LDWNPLLLFLQLPVQ,1,713,6,6,False
LDWNPLLLWVKLPAQ,1,730,12,12,False
LDWNPLLVGQSAGAG,1,794,1,1,True
LDWNPLLVQLKLPAQ,1,59,44,52,False
LDWNPLMFLFKLPAQ,1,696,3,3,False
LDWNPLRLWGEMAGA,1,795,4,4,True
LDWNPLVGLGEIAGA,1,76,10,11,False
LDWNPLVVLFKVPAQ,1,59,44,52,False
LDWNPLWLLLKLPAQ,1,6,167,539,False
LDWNPMRGMLKGPAQ,1,791,3,3,False
LDWNPQLLFLKFPAQ,1,2,945,10007,False
LDWNPQVLGVEIAGA,1,720,7,7,False
LDWNPRRRRRKGPAQ,1,81,48,51,False
LDWNPSWWWSNCRRR,1,796,1,1,True
LDWNPVFVFLKLPAQ,1,14,164,286,False
LDWNPVGGGSNGRRR,1,797,2,2,True
LDWNPVGVLGEMAGA,1,238,4,4,False
LDWNPVGVVGENAGA,1,792,4,4,False
LDWNPVMLLFKWPRR,1,798,1,1,True
LDWNPVSGG*KCRRR,1,797,2,2,False
LDWNPVVLRGQIPGA,1,560,3,3,False
LDWNPWLFC*NCRRR,1,672,2,2,False
LDWNPWLHERAGAGF,1,799,1,1,True
LDWNPWLIFLKLPAQ,2,2,945,10007,False
LDWNPWLIFLKMPAQ,1,689,20,20,False
LDWNPWLLFLARPQQ,2,0,440,11232,False
LDWNPWLLFLKFPAQ,1,2,945,10007,False
LDWNPWLLFLKQPEQ,1,110,29,32,False
LDWNPWLLFLKVPAQ,4,2,945,10007,False
LDWNPWLLFLQYPAQ,1,2,945,10007,False
LDWNPWLLFLRQPRQ,11,0,440,11232,False
LDWNPWLLFLRQPSQ,3,0,440,11232,False
LDWNPWLLFLRQPVQ,1,110,29,32,False
LDWNPWLLWLKLPAQ,2,2,945,10007,False
LDWNPWLVSVKVPAQ,1,59,44,52,False
LDWNPWLWLLKVPGA,1,710,3,3,False
LDWNPWMLFLKVPAQ,2,2,945,10007,False
LDWNPYLIFLKFPAQ,1,14,164,286,False
LDWNPYLLFLKLPAQ,1,1,400,4647,False
LDWNPYLLFLLRPQQ,1,110,29,32,False
LDWNPYRWLIKLPAQ,1,800,1,1,True
LDWRPLLLFLKQPEA,1,801,1,1,True
LDWSPMLLFLQWPVQ,1,181,19,19,False
LDWSPTGRSRKGRRR,1,802,1,1,True
LDYLPLLLFLSQPGQ,1,713,6,6,False
LDYNPLLLFLRQPRQ,1,11,59,151,False
LDYNPLLLFLRQPYQ,1,110,29,32,False
LDYNPLLLFLRWPKQ,1,11,59,151,False
LDYNPLLLFLTWPQQ,1,11,59,151,False
LDYNPWLLFLAQPWQ,1,0,440,11232,False
LDYNPWLLFLKKPKQ,1,1,400,4647,False
LDYNPWLLFLQLPEQ,1,0,440,11232,False
LDYNPWLLFLQLPGQ,38,0,440,11232,False
LDYNPWLLFLQMPGQ,2,0,440,11232,False
LDYNPWLLFLQRPRQ,1,10,61,143,False
LDYNPWLLFLRQPMQ,1,0,440,11232,False
LDYNPWLLFLRQPTQ,1,0,440,11232,False
LDYNPWLLFLRRPWQ,34,0,440,11232,False
LDYNPWLLFLSSPQQ,6,0,440,11232,False
LDYNPWLLFLTQPKQ,6,0,440,11232,False
LDYNPWLLFLTRPQQ,1,0,440,11232,False
LDYNPWLLFLYGPQQ,1,21,55,73,False
LDYNPWLLFLYRPQQ,1,21,55,73,False
LDYNPYLLFLKKPKQ,1,1,400,4647,False
LDYNPYLLFLKKPQQ,1,1,400,4647,False
LDYNPYLLFLKQPKQ,1,1,400,4647,False
LDYNPYLLFLKQPTQ,1,1,400,4647,False
LDYNPYLLFLKRPRQ,1,1,400,4647,False
LDYNPYLLFLNRPQQ,14,1,400,4647,False
LDYNPYLLFLRIPNQ,1,1,400,4647,False
LDYNPYLLFLRIPQQ,9,1,400,4647,False
LDYNPYLLFLRQPKQ,2,1,400,4647,False
LDYNPYLLFLRSPKQ,1,1,400,4647,False
LECESVVDVRQSAGA,1,803,1,1,True
LECQSVVRLLESAGA,1,162,4,5,False
LEGCRCCCFCTSRGR,1,804,1,1,True
LEYESVRRREQSPGA,1,805,2,2,True
LFGIRRGGC*NCRRR,4,24,5,8,True
LGCESVDGGVQIAGA,1,262,7,7,False
LGCESVGVDG*NCRR,1,806,1,1,True
LGCESVLVVLEMPGA,1,807,1,1,True
LGCESVVVVVQIAGA,1,112,19,23,False
LGCQSDLHLREIPGA,1,808,2,2,True
LGCQSGLLLQQIPGA,1,808,2,2,False
LGCQSVVVLVQIAGA,1,246,3,3,False
LGFESARHQLEKPGA,1,809,2,2,True
LGFESGGGGGERAGA,1,249,7,7,False
LGFESGGGGGQMAGA,1,574,3,3,False
LGFESGVGVGEIAGA,1,112,19,23,False
LGFESVGGGVQIAGA,1,262,7,7,False
LGFESVGVLVEIPGA,1,810,6,6,True
LGFESVGVVGQIAGA,1,112,19,23,False
LGFESVLGGVEMAGA,1,112,19,23,False
LGFESVRGGVESAGA,1,112,19,23,False
LGFESVVGLVEIAGA,1,112,19,23,False
LGFESVVGVLEIAGA,2,112,19,23,True
LGFESVVVGVQIAGA,1,112,19,23,False
LGFESVVVVGEIPGA,2,112,19,23,False
LGFHAGAAVSGDPVA,1,811,1,1,True
LGFNPWLLFLKVPAQ,1,2,945,10007,False
LGFQSAVRVLQMPGA,1,812,2,2,True
LGFQSGVGVVQSPGA,1,812,2,2,False
LGFQSVDVLVEIAGA,1,369,7,7,False
LGFQSVGVVVQIPGA,1,810,6,6,False
LGFQSVLGSG*NCRR,1,813,1,1,True
LGFQSVLLHVEIAGA,1,247,2,2,False
LGFQSVLVVVESAGA,1,814,3,3,True
LGFQSVVLLVEIPGA,1,810,6,6,False
LGFQSVVQLGEIPGA,1,810,6,6,False
LGFQSVVRGW*NARR,2,113,1,2,True
LGI*IRCCSS*NCRR,1,815,1,1,True
LGLESEVEGEQKAGA,1,816,2,2,True
LGLESVGGGGQSPGA,1,262,7,7,False
LGLESVVRGVEIAGA,2,112,19,23,False
LGLGAVAAVSGVAGA,1,41,8,9,False
LGLQSGRVLDENAGA,1,817,1,1,True
LGLVAGAAVSVGRSR,1,818,1,1,True
LGQESEVGVGEIPGG,1,819,1,1,True
LGQQSEEEEQERAGA,1,30,82,93,False
LGWESVGGDHESPGA,1,820,2,2,True
LGWESVGGGGESPGA,1,820,2,2,False
LGWESVGVEGEKAGA,1,821,4,4,True
LGWQSDLLHRQSAGA,1,822,1,1,True
LGYQSAGLLQEIAGA,1,823,1,1,True
LGYQSGLRRQEIPGA,1,824,1,1,True
LGYQSVLLVREKPGA,1,825,1,1,True
LI*IRCCGCAKCRRR,1,826,1,1,True
LI*IRPAGAGKGRRR,1,139,16,17,False
LI*IRSCCC*NCRRR,1,604,3,3,False
LMAIRCGGG*KSRRR,1,607,2,2,False
LMSIRPGSS*NARRR,1,772,2,2,False
LQSVVDVVEIAGAGF,1,827,1,1,True
LRYQPAVVLLEIPGA,1,828,1,1,True
LV*IRP*WLLKLPAQ,1,829,1,1,True
LVAIR*CSSANSRRR,1,830,1,1,True
LVGIRGGGG*KGRRR,1,615,2,2,False
LVRRGGAGKGRRRVL,1,831,1,1,True
LVSIRPSSS*NCRRR,1,832,2,2,True
LVSIRWSSSGNSRRR,1,832,2,2,False
MD*IRCWSWSNCRRR,1,289,4,4,False
MD*IRGLLVEIPGAG,1,833,1,1,True
MDAIRTGGA*KCRRR,1,834,2,2,True
MDCNPAVLRVEIAGA,1,835,3,3,True
MDCNPFLLVGEIAGA,1,835,3,3,False
MDCNPLFLFLKMPAQ,1,2,945,10007,False
MDCNPTGFMRKVPAQ,1,383,2,2,False
MDCNPTGRRRKRPAQ,1,13,291,376,False
MDCNPTGWG*NARRR,2,114,3,4,True
MDCNPVLGVVEIAGA,1,835,3,3,False
MDCQPMLLFLAAPCR,1,836,1,1,True
MDDWPQLLFLWLPGQ,1,837,3,3,True
MDFNP*LLFLRQPYQ,1,110,29,32,False
MDFNP*SGCSNARRR,1,838,1,1,True
MDFNPAVSSLKGPAQ,1,108,10,11,False
MDFNPAWVLRKFPAQ,1,337,5,5,False
MDFNPFFIFLKVPAQ,1,2,945,10007,False
MDFNPFFILLKVPAQ,2,2,945,10007,False
MDFNPFFLFLKFPAQ,2,2,945,10007,False
MDFNPFFLFLKLPAQ,4,2,945,10007,False
MDFNPFFLFLKMPAQ,1,2,945,10007,False
MDFNPFFLFLKVPAQ,5,2,945,10007,False
MDFNPFFVFLKFPAQ,1,14,164,286,False
MDFNPFFVFLKLPAQ,1,14,164,286,False
MDFNPFFVLLKFPAQ,3,14,164,286,False
MDFNPFFVLWKFPAQ,1,14,164,286,False
MDFNPFILLLKLPAQ,2,6,167,539,False
MDFNPFLFFLKFPAQ,1,2,945,10007,False
MDFNPFLIFLKLPAQ,5,2,945,10007,False
MDFNPFLIFLKVPAQ,2,2,945,10007,False
MDFNPFLIFLKWPAQ,1,2,945,10007,False
MDFNPFLILLKVPAQ,2,2,945,10007,False
MDFNPFLIMLKVPAQ,1,689,20,20,False
MDFNPFLLFLKFPAQ,15,2,945,10007,False
MDFNPFLLFLKIPAQ,3,2,945,10007,False
MDFNPFLLFLKLPAQ,95,2,945,10007,False
MDFNPFLLFLKMPAQ,7,2,945,10007,False
MDFNPFLLFLKVPAQ,16,2,945,10007,False
MDFNPFLLLLKFPAQ,14,2,945,10007,False
MDFNPFLLLLKLPAQ,21,2,945,10007,False
MDFNPFLLLLKVPAQ,5,2,945,10007,False
MDFNPFLLLLKWPAQ,3,2,945,10007,False
MDFNPFLLLMKFPAQ,1,2,945,10007,False
MDFNPFLLWLKLPAQ,4,2,945,10007,False
MDFNPFLLWLKVPAQ,1,2,945,10007,False
MDFNPFLMFLKLPAQ,2,2,945,10007,False
MDFNPFLVFLKFPAQ,4,2,945,10007,False
MDFNPFLVFLKIPAQ,1,2,945,10007,False
MDFNPFLVFLKLPAQ,4,2,945,10007,False
MDFNPFLVFLKVPAQ,2,2,945,10007,False
MDFNPFLVLLKVPAQ,1,59,44,52,False
MDFNPFMILLKVPAQ,1,2,945,10007,False
MDFNPFMLFLKLPAQ,1,2,945,10007,False
MDFNPFMLFLKVPAQ,1,2,945,10007,False
MDFNPFMLLLKFPAQ,1,6,167,539,False
MDFNPFMLLLKLPAQ,5,6,167,539,False
MDFNPICVLSKGPAQ,1,308,8,8,False
MDFNPILLFLKVPAQ,1,2,945,10007,False
MDFNPILVFLKVPAQ,1,2,945,10007,False
MDFNPLCLLFKFAGA,1,309,5,5,False
MDFNPLFFLLKLPAQ,1,6,167,539,False
MDFNPLFFLLKVPAQ,1,2,945,10007,False
MDFNPLFGVFKFPAQ,1,204,4,4,False
MDFNPLFLLLKFPAQ,1,2,945,10007,False
MDFNPLFLLLKMPAQ,2,2,945,10007,False
MDFNPLFLLLKWPAQ,1,2,945,10007,False
MDFNPLFLV_IAGAG,1,711,2,2,False
MDFNPLFVFLKFPAQ,2,14,164,286,False
MDFNPLFVFLKLPAQ,4,14,164,286,False
MDFNPLFVFLKVPAQ,1,2,945,10007,False
MDFNPLFVFLKWPAQ,1,14,164,286,False
MDFNPLFVLLKLPAQ,3,6,167,539,False
MDFNPLFVLLKVPAQ,4,2,945,10007,False
MDFNPLLFFLKFPAQ,2,2,945,10007,False
MDFNPLLFFLKSPAQ,2,2,945,10007,False
MDFNPLLFFLKVPAQ,2,2,945,10007,False
MDFNPLLFWLKVPAQ,2,2,945,10007,False
MDFNPLLIFLKFPAQ,1,2,945,10007,False
MDFNPLLIFLKVPAQ,4,2,945,10007,False
MDFNPLLILLKLPAQ,1,2,945,10007,False
MDFNPLLILLKMPAQ,1,689,20,20,False
MDFNPLLLFLKFPAQ,40,2,945,10007,False
MDFNPLLLFLKIPAQ,4,2,945,10007,False
MDFNPLLLFLKLPAQ,38,2,945,10007,False
MDFNPLLLFLKMPAQ,3,2,945,10007,False
MDFNPLLLFLKVPAQ,38,2,945,10007,False
MDFNPLLLFLKWPAQ,1,2,945,10007,False
MDFNPLLLFLRTPLQ,2,11,59,151,False
MDFNPLLLLLKFPAQ,1,2,945,10007,False
MDFNPLLLLLKIPAQ,1,2,945,10007,False
MDFNPLLLLLKLPAQ,11,2,945,10007,False
MDFNPLLLLLKMPAQ,2,2,945,10007,False
MDFNPLLLLLKVPAQ,7,2,945,10007,False
MDFNPLLLLLKWPAQ,2,2,945,10007,False
MDFNPLLLMLKFPAQ,2,2,945,10007,False
MDFNPLLLWLKLPAQ,2,2,945,10007,False
MDFNPLLLWLKMPAQ,2,2,945,10007,False
MDFNPLLLWLKVPAQ,4,2,945,10007,False
MDFNPLLMFLKLPAQ,1,2,945,10007,False
MDFNPLLMLLKFPAQ,1,2,945,10007,False
MDFNPLLMLLKLPAQ,1,2,945,10007,False
MDFNPLLVFLKFPAQ,6,2,945,10007,False
MDFNPLLVFLKLPAQ,8,2,945,10007,False
MDFNPLLVFLKVPAQ,3,2,945,10007,False
MDFNPLLVLLKFPAQ,1,2,945,10007,False
MDFNPLLVLLKLPAQ,2,91,13,15,False
MDFNPLLVLLKWPAQ,1,539,7,7,False
MDFNPLLVMLKVPAQ,1,2,945,10007,False
MDFNPLLVWLKLPAQ,1,149,40,42,False
MDFNPLLVWLKVPAQ,2,2,945,10007,False
MDFNPLMLFLKFPAQ,2,2,945,10007,False
MDFNPLMLLLKLPAQ,1,6,167,539,False
MDFNPLMVLLKVPAQ,1,2,945,10007,False
MDFNPLRCFGKFPAQ,1,308,8,8,False
MDFNPLVCLVKVPGA,1,153,3,4,False
MDFNPMFLFLKLPAQ,2,2,945,10007,False
MDFNPMGGSREIAGA,1,102,8,9,False
MDFNPMLLFLKFPAQ,12,2,945,10007,False
MDFNPMLLFLKLPAQ,37,2,945,10007,False
MDFNPMLLFLKMPAQ,1,2,945,10007,False
MDFNPMLLFLKRPEQ,1,2,945,10007,False
MDFNPMLLFLKVPAQ,1,2,945,10007,False
MDFNPMLLFLKWPAQ,21,2,945,10007,False
MDFNPMLLFLRMPKQ,5,2,945,10007,False
MDFNPMLLFLRVPVQ,8,2,945,10007,False
MDFNPMLLFLRVPWQ,6,2,945,10007,False
MDFNPMLLFLSFPAQ,1,2,945,10007,False
MDFNPMLLLLKFPAQ,1,2,945,10007,False
MDFNPMLLLLKLPAQ,3,2,945,10007,False
MDFNPMLRLVEIPGA,1,839,2,2,True
MDFNPMLVFLKVPAQ,1,2,945,10007,False
MDFNPMMLFLKFPAQ,1,2,945,10007,False
MDFNPMMLFLKLPAQ,2,2,945,10007,False
MDFNPQLFLLKMPAQ,1,2,945,10007,False
MDFNPQLLFLKVPAQ,1,2,945,10007,False
MDFNPRSRMGEKPGA,1,840,3,3,True
MDFNPRSSC*NSRRR,2,65,2,4,False
MDFNPRWRRRPAQGS,1,841,1,1,True
MDFNPTISIRKVPAQ,1,842,6,6,True
MDFNPTVCMRKVPAQ,1,842,6,6,False
MDFNPTWRRGENPGA,1,840,3,3,False
MDFNPVLLLLEIAGA,1,394,4,4,False
MDFNPWFFFLKVPAQ,1,2,945,10007,False
MDFNPWFILLKVPAQ,3,2,945,10007,False
MDFNPWFLFLKGPAQ,1,2,945,10007,False
MDFNPWFLFLKLPAQ,4,2,945,10007,False
MDFNPWFLFLKVPAQ,3,2,945,10007,False
MDFNPWFLWLKLPAQ,1,2,945,10007,False
MDFNPWFLWLKMPAQ,1,2,945,10007,False
MDFNPWFVFLKFPAQ,2,14,164,286,False
MDFNPWFVFLKIPAQ,1,2,945,10007,False
MDFNPWFVFLKLPAQ,7,2,945,10007,False
MDFNPWFVFLKMPAQ,1,2,945,10007,False
MDFNPWFVFLKVPAQ,5,2,945,10007,False
MDFNPWFVWLKLPAQ,2,2,945,10007,False
MDFNPWFVWLKMPAQ,1,2,945,10007,False
MDFNPWGCCGNCRRR,1,843,2,2,True
MDFNPWLFFLKLPAQ,1,2,945,10007,False
MDFNPWLFFLKMPAQ,1,2,945,10007,False
MDFNPWLFFLKVPAQ,22,2,945,10007,False
MDFNPWLFLLKVPAQ,8,2,945,10007,False
MDFNPWLFWLKVPAQ,3,2,945,10007,False
MDFNPWLIFLKFPAQ,1,2,945,10007,False
MDFNPWLIFLKIPAQ,1,2,945,10007,False
MDFNPWLIFLKVPAQ,105,2,945,10007,False
MDFNPWLILLKLPAQ,4,2,945,10007,False
MDFNPWLILLKVPAQ,3,2,945,10007,False
MDFNPWLIWLKVPAQ,11,2,945,10007,False
MDFNPWLLFLAQPWQ,2,0,440,11232,False
MDFNPWLLFLASPPQ,1,2,945,10007,False
MDFNPWLLFLHKPEQ,1,2,945,10007,False
MDFNPWLLFLKAPTQ,2,2,945,10007,False
MDFNPWLLFLKEPKQ,3,2,945,10007,False
MDFNPWLLFLKFPAQ,28,2,945,10007,False
MDFNPWLLFLKGPAQ,3,2,945,10007,False
MDFNPWLLFLKIPAQ,18,2,945,10007,False
MDFNPWLLFLKLPAQ,448,2,945,10007,False
MDFNPWLLFLKMPAQ,31,2,945,10007,False
MDFNPWLLFLKQPEQ,1,2,945,10007,False
MDFNPWLLFLKQPKQ,2,2,945,10007,False
MDFNPWLLFLKRPAQ,8,2,945,10007,False
MDFNPWLLFLKRPSQ,2,2,945,10007,False
MDFNPWLLFLKVPAQ,685,2,945,10007,True
MDFNPWLLFLKVPAR,1,2,945,10007,False
MDFNPWLLFLKWPAQ,8,2,945,10007,False
MDFNPWLLFLLQPGQ,1,2,945,10007,False
MDFNPWLLFLMQPSQ,1,2,945,10007,False
MDFNPWLLFLPRPYQ,1,2,945,10007,False
MDFNPWLLFLQGPVQ,1,2,945,10007,False
MDFNPWLLFLRKPAQ,9,2,945,10007,False
MDFNPWLLFLRKPEQ,1,2,945,10007,False
MDFNPWLLFLRLPAQ,1,2,945,10007,False
MDFNPWLLFLRNPNQ,1,2,945,10007,False
MDFNPWLLFLRNPVQ,4,2,945,10007,False
MDFNPWLLFLRQPQQ,1,2,945,10007,False
MDFNPWLLFLRQPTQ,2,2,945,10007,False
MDFNPWLLFLRRPAQ,1,2,945,10007,False
MDFNPWLLFLRVPPQ,2,2,945,10007,False
MDFNPWLLFLRYPQQ,5,2,945,10007,False
MDFNPWLLFLSFPRQ,1,2,945,10007,False
MDFNPWLLFLSRPGQ,1,2,945,10007,False
MDFNPWLLFLTRPQQ,1,2,945,10007,False
MDFNPWLLFLVAPRQ,1,2,945,10007,False
MDFNPWLLFLVQPPQ,1,2,945,10007,False
MDFNPWLLFMKIPAQ,1,2,945,10007,False
MDFNPWLLFMKLPAQ,2,2,945,10007,False
MDFNPWLLFMKMPAQ,1,2,945,10007,False
MDFNPWLLGLKVPAQ,1,2,945,10007,False
MDFNPWLLLLKFPAQ,10,2,945,10007,False
MDFNPWLLLLKLPAQ,54,2,945,10007,False
MDFNPWLLLLKMPAQ,6,2,945,10007,False
MDFNPWLLLLKVPAQ,26,2,945,10007,False
MDFNPWLLLLKWPAQ,1,2,945,10007,False
MDFNPWLLMLKLPAQ,6,2,945,10007,False
MDFNPWLLMLKMPAQ,1,2,945,10007,False
MDFNPWLLWLKLPAQ,30,2,945,10007,False
MDFNPWLLWLKMPAQ,1,2,945,10007,False
MDFNPWLLWLKVPAQ,129,2,945,10007,False
MDFNPWLLWLKVPVQ,1,2,945,10007,False
MDFNPWLMFLKFPAQ,30,2,945,10007,False
MDFNPWLMFLKLPAQ,2,2,945,10007,False
MDFNPWLMFLKVPAQ,1,2,945,10007,False
MDFNPWLMLLKLPAQ,1,2,945,10007,False
MDFNPWLMWLKLPAQ,6,2,945,10007,False
MDFNPWLMWLKVPAQ,4,2,945,10007,False
MDFNPWLVFLKFPAQ,17,2,945,10007,False
MDFNPWLVFLKIPAQ,1,2,945,10007,False
MDFNPWLVFLKLPAQ,124,2,945,10007,False
MDFNPWLVFLKMPAQ,8,2,945,10007,False
MDFNPWLVFLKSPAQ,4,2,945,10007,False
MDFNPWLVFLKVPAQ,78,2,945,10007,False
MDFNPWLVFLKVSAQ,1,2,945,10007,False
MDFNPWLVLLKFPAQ,3,2,945,10007,False
MDFNPWLVLLKLPAQ,17,2,945,10007,False
MDFNPWLVLLKMPAQ,2,2,945,10007,False
MDFNPWLVLLKVPAQ,4,2,945,10007,False
MDFNPWLVWLKLPAQ,3,2,945,10007,False
MDFNPWLVWLKMPAQ,1,2,945,10007,False
MDFNPWLVWLKVPAQ,10,2,945,10007,False
MDFNPWLWLLKVPAQ,2,2,945,10007,False
MDFNPWMFFLKLPAQ,1,2,945,10007,False
MDFNPWMLFLKFPAQ,31,2,945,10007,False
MDFNPWMLFLKGPAQ,1,2,945,10007,False
MDFNPWMLFLKLPAQ,73,2,945,10007,False
MDFNPWMLFLKVPAQ,1,2,945,10007,False
MDFNPWMLFLKWPAQ,7,2,945,10007,False
MDFNPWMLFMKMPAQ,3,2,945,10007,False
MDFNPWMLLLKFPAQ,2,2,945,10007,False
MDFNPWMLLLKWPAQ,1,2,945,10007,False
MDFNPWMLWLKLPAQ,1,2,945,10007,False
MDFNPWMLWLKVPAQ,2,2,945,10007,False
MDFNPWMLWLKWPAQ,2,2,945,10007,False
MDFNPWMVFLKFPAQ,1,2,945,10007,False
MDFNPWMVFLKLPAQ,13,2,945,10007,False
MDFNPWMVFLKMPAQ,2,2,945,10007,False
MDFNPWMVFLKVPAQ,8,2,945,10007,False
MDFNPWMVFLKWPAQ,2,2,945,10007,False
MDFNPWMVLLKWPAQ,1,2,945,10007,False
MDFNPWMWFLKVPAQ,1,2,945,10007,False
MDFNPWWLLLKFPAQ,1,2,945,10007,False
MDFNPYFFFLKLPAQ,1,14,164,286,False
MDFNPYFIFLKFPAQ,2,14,164,286,False
MDFNPYFLFLKFPAQ,16,2,945,10007,False
MDFNPYFLFLKLPAQ,17,2,945,10007,False
MDFNPYFLFLKVPAQ,21,2,945,10007,False
MDFNPYFLLFKLPAQ,1,6,167,539,False
MDFNPYFLLLKFPAQ,3,6,167,539,False
MDFNPYFLLLKLPAQ,4,6,167,539,False
MDFNPYFLLLKWPAQ,1,6,167,539,False
MDFNPYFVFLKFPAQ,2,14,164,286,False
MDFNPYFVFLKVPAQ,2,14,164,286,False
MDFNPYFVLLKGPAQ,1,14,164,286,False
MDFNPYFVLLKLPAQ,2,6,167,539,False
MDFNPYFVLLKWPAQ,1,14,164,286,False
MDFNPYLFFLKFPAQ,1,2,945,10007,False
MDFNPYLFFLKLPAQ,2,2,945,10007,False
MDFNPYLIFLKFPAQ,1,2,945,10007,False
MDFNPYLIFLKLPAQ,17,2,945,10007,False
MDFNPYLIFLKMPAQ,1,2,945,10007,False
MDFNPYLIFLKWPAQ,2,2,945,10007,False
MDFNPYLILLKLPAQ,1,6,167,539,False
MDFNPYLLFLIKPQQ,1,1,400,4647,False
MDFNPYLLFLKFPAQ,86,2,945,10007,False
MDFNPYLLFLKGPSQ,1,2,945,10007,False
MDFNPYLLFLKIPKQ,1,1,400,4647,False
MDFNPYLLFLKKPKH,1,1,400,4647,False
MDFNPYLLFLKKPKQ,364,1,400,4647,False
MDFNPYLLFLKKPNQ,2,1,400,4647,False
MDFNPYLLFLKKPQQ,5,1,400,4647,False
MDFNPYLLFLKLPAQ,44,2,945,10007,False
MDFNPYLLFLKMPAQ,1,2,945,10007,False
MDFNPYLLFLKNPAQ,3,2,945,10007,False
MDFNPYLLFLKQPKQ,6,1,400,4647,False
MDFNPYLLFLKQPVQ,2,2,945,10007,False
MDFNPYLLFLKVPAQ,62,2,945,10007,False
MDFNPYLLFLLQPKQ,1,1,400,4647,False
MDFNPYLLFLMAPRQ,1,2,945,10007,False
MDFNPYLLFLMKPRQ,3,1,400,4647,False
MDFNPYLLFLMNPKQ,1,1,400,4647,False
MDFNPYLLFLRKPEQ,1,1,400,4647,False
MDFNPYLLFLRKPHQ,9,1,400,4647,False
MDFNPYLLFLRKPKQ,9,1,400,4647,False
MDFNPYLLFLRKPNQ,55,1,400,4647,False
MDFNPYLLFLRKPPQ,1,1,400,4647,False
MDFNPYLLFLRKPQQ,3,1,400,4647,False
MDFNPYLLFLRKPSQ,232,1,400,4647,False
MDFNPYLLFLRLPRQ,3,2,945,10007,False
MDFNPYLLFLRMPNQ,1,2,945,10007,False
MDFNPYLLFLRMPPQ,1,2,945,10007,False
MDFNPYLLFLRMPSQ,18,2,945,10007,False
MDFNPYLLFLRNPNQ,1,2,945,10007,False
MDFNPYLLFLRTPFQ,2,2,945,10007,False
MDFNPYLLFLRVPKQ,122,2,945,10007,False
MDFNPYLLFLSKPQQ,1,1,400,4647,False
MDFNPYLLFLSQPRQ,1,3,116,931,False
MDFNPYLLFLTQPNQ,1,2,945,10007,False
MDFNPYLLFLTRPQQ,1,2,945,10007,False
MDFNPYLLFLYKPQQ,1,21,55,73,False
MDFNPYLLFLYTPRQ,1,2,945,10007,False
MDFNPYLLLLKFPAQ,8,2,945,10007,False
MDFNPYLLLLKLPAQ,8,6,167,539,False
MDFNPYLLLLKMPAQ,1,2,945,10007,False
MDFNPYLLLLKVPAQ,1,2,945,10007,False
MDFNPYLLLLKWPAQ,3,2,945,10007,False
MDFNPYLLSLKFPAQ,1,2,945,10007,False
MDFNPYLLWLKLPAQ,1,2,945,10007,False
MDFNPYLMLLKLPAQ,1,6,167,539,False
MDFNPYLVFLKFPAQ,17,2,945,10007,False
MDFNPYLVFLKLPAQ,8,2,945,10007,False
MDFNPYLVFLKVPAQ,9,2,945,10007,False
MDFNPYLVFLKWPAQ,3,2,945,10007,False
MDFNPYLVLLKLPAQ,6,6,167,539,False
MDFNPYLVLLKVPAQ,1,2,945,10007,False
MDFNPYLVLLKWPAQ,1,2,945,10007,False
MDFNPYMLFLKLPAQ,1,6,167,539,False
MDFNPYMLFLKVPAQ,3,2,945,10007,False
MDFNPYMLLLKLPAQ,2,6,167,539,False
MDFNPYMLLLKMPAQ,1,6,167,539,False
MDFNPYMLLLKVPAQ,3,6,167,539,False
MDFNPYMLWLKVPAQ,6,2,945,10007,False
MDGESARDRREIPGA,1,844,2,2,True
MDGESDQRRREIPGA,1,844,2,2,False
MDGIRACGAGKSRRR,1,845,1,1,True
MDGKSGEEEEQSPGA,1,846,1,1,True
MDGKSVVLGGQSAGA,1,847,3,3,True
MDGNPAFVRVQNPGA,1,848,1,1,True
MDGNPAGRPRRWF*G,1,849,1,1,True
MDGNPAVWGGVVEIA,2,115,1,2,True
MDGNPAVWMGKVPAQ,1,116,5,6,False
MDGNPCELENPGAGF,1,850,1,1,True
MDGNPDWCMGKLPAQ,2,116,5,6,True
MDGNPGGRREEKAGA,2,77,23,26,False
MDGNPGGWRGKGPAQ,1,416,15,15,False
MDGNPGRRRRKRPAQ,1,13,291,376,False
MDGNPGVGGVEIAGA,2,29,8,12,False
MDGNPKGRFRKMPAQ,1,13,291,376,False
MDGNPKGRRRKRPAQ,2,13,291,376,False
MDGNPKRRIGKRPAQ,1,231,12,12,False
MDGNPKRRRLKRPAQ,1,13,291,376,False
MDGNPMVVLGEIPGA,1,413,2,2,False
MDGNPPGWMGERAGA,1,851,2,2,True
MDGNPPSGAAKSRRR,1,852,1,1,True
MDGNPQRRRGKGPAQ,1,628,4,4,False
MDGNPQSRRMKRPAQ,1,853,12,12,True
MDGNPQWLVCKVPAQ,1,215,5,5,False
MDGNPRAGAGKGRRR,1,69,38,42,False
MDGNPRRRRGKGPAQ,1,81,48,51,False
MDGNPSCFICKSPAQ,1,215,5,5,False
MDGNPTGIGVEKPGA,1,854,2,2,True
MDGNPVGMCMKGAGA,1,855,1,1,True
MDGWPMLLFLRQPGQ,1,837,3,3,False
MDHNPWLLFLAQPWQ,1,0,440,11232,False
MDHNPWLLFLIQPKQ,4,0,440,11232,False
MDHNPWLLFLRRPNQ,1,11,59,151,False
MDHNPYLLFLRQPSQ,35,3,116,931,False
MDHNPYLLFLRQPYQ,2,110,29,32,False
MDHSPRLLFLMLPQQ,1,856,3,3,True
MDIESAGQRRENAGA,1,857,2,2,True
MDINPACCISKSPAQ,1,858,2,2,True
MDINPAGCISKGPAQ,1,858,2,2,False
MDINPASSRGKGPAQ,1,108,10,11,False
MDINPAVRSGKVPAG,1,859,1,1,True
MDINPFLLFLRQPKQ,2,11,59,151,False
MDINPGVMFWKFPAQ,1,19,5,8,False
MDINPLLLFLWQPKQ,2,11,59,151,False
MDINPPMSIGKMPAQ,1,860,2,2,True
MDINPPMSSRKVPAR,1,860,2,2,False
MDINPRRRRRKGPAQ,1,81,48,51,False
MDINPRVVEQERAGA,1,8,8,24,False
MDINPTGGRGKIPAQ,1,861,5,5,True
MDINPTGRRRKRPAQ,1,13,291,376,False
MDINPVWVGGKLPAQ,1,116,5,6,False
MDINPWLLFLAQPWQ,1,0,440,11232,False
MDINPWLLFLKLPAQ,2,2,945,10007,False
MDINPWLLFLKQPKQ,1,2,945,10007,False
MDINPWLLFLKQPNQ,11,2,945,10007,False
MDINPWLLFLKVPAQ,1,2,945,10007,False
MDINPWLLFLRKPQQ,1,21,55,73,False
MDINPWLLFLRQPPQ,56,0,440,11232,False
MDINPWLLFLTRPQQ,1,21,55,73,False
MDINPYLLFLGRPKQ,1,1,400,4647,False
MDINPYLLFLKKPKQ,1,1,400,4647,False
MDINPYLLFLRKPQQ,1,21,55,73,False
MDINPYLLFLRMPQQ,1,5,22,107,False
MDINPYLLFLSQPKQ,1,3,116,931,False
MDKQPTLLFLFFPPQ,1,862,1,1,True
MDLESGGEEEESAGA,1,863,4,4,True
MDLIRCWAG*KSRRR,1,864,1,1,True
MDLNLGGLG*KCRRR,1,865,1,1,True
MDLNPCGSCGNSRRR,1,843,2,2,False
MDLNPFFFLFKFPAQ,1,219,10,10,False
MDLNPFFLFLKLPAQ,1,2,945,10007,False
MDLNPFLLFLVQPVQ,1,4,162,769,False
MDLNPFLLLLKLPAQ,1,2,945,10007,False
MDLNPFVVLVEIPGA,1,839,2,2,False
MDLNPGDRGVEMAGA,1,866,1,1,True
MDLNPLFFVFKVPRV,1,867,1,1,True
MDLNPLFVVRKVPGA,1,50,3,4,False
MDLNPLGVRRQSPGA,1,868,1,1,True
MDLNPLVLLLKLPAQ,1,26,10,13,False
MDLNPMLLFLKFPAQ,35,2,945,10007,False
MDLNPNISSWKVPAQ,1,842,6,6,False
MDLNPPGGLRKFPAQ,1,869,1,1,True
MDLNPRIGGSKSPAQ,1,870,1,1,True
MDLNPSGCAGKSRRR,1,871,1,1,True
MDLNPTSIICKGPGA,1,872,1,1,True
MDLNPVFFLVKVPAQ,1,756,3,3,False
MDLNPVFLLFKCPGA,1,873,1,1,True
MDLNPVLCWVKVPAQ,1,874,1,1,True
MDLNPWLIFLKLPAQ,3,2,945,10007,False
MDLNPWLIFLKVPAQ,3,2,945,10007,False
MDLNPWLIWLKVPAQ,1,2,945,10007,False
MDLNPWLLFLKFPAQ,1,2,945,10007,False
MDLNPWLLFLKLPAQ,4,2,945,10007,False
MDLNPWLLFLKVPAQ,1,2,945,10007,False
MDLNPWLLFLQLPSQ,1,4,162,769,False
MDLNPWLLFLRQPAQ,3,2,945,10007,False
MDLNPWLLFLRQPEQ,1,4,162,769,False
MDLNPWLLWLKLPAQ,2,2,945,10007,False
MDLNPWLLWLKVPAQ,1,2,945,10007,False
MDLNPWLVWLKLPAQ,1,149,40,42,False
MDLNPYLLFLNWPKQ,1,1,400,4647,False
MDLNPYLLFLRKPGQ,6,1,400,4647,False
MDLNRSSCS*NCRRR,1,53,10,12,False
MDLVPWLLFLLLPVQ,1,4,162,769,False
MDMNPACMRGQSAGA,1,875,1,1,True
MDMNPERRRRKGPAQ,1,81,48,51,False
MDMNPESEDEERAGA,1,876,4,4,True
MDMNPFISLRKVPAQ,1,842,6,6,False
MDMNPFLLFLKFPAQ,1,2,945,10007,False
MDMNPFLLFLKWPAQ,1,2,945,10007,False
MDMNPFLLFLQWPVQ,2,10,61,143,False
MDMNPFLVFLKLPAQ,1,2,945,10007,False
MDMNPIVGLRQSPGA,1,877,2,2,True
MDMNPKGRRRKGPAQ,1,13,291,376,False
MDMNPKGSRWKSPAQ,1,878,1,1,True
MDMNPKMRRRKWPAQ,1,13,291,376,False
MDMNPKRRRRKGPAQ,1,13,291,376,False
MDMNPPFGVFKVPAQ,1,879,1,1,True
MDMNPPGCIRKRPGA,1,880,5,5,True
MDMNPPGRRRKVPAQ,1,13,291,376,False
MDMNPPSRRRKGPAQ,1,473,3,3,False
MDMNPQRRSRKIPAQ,1,881,8,8,True
MDMNPQVRIRKGPGA,1,880,5,5,False
MDMNPRGLCRKGPGA,1,880,5,5,False
MDMNPRMRRCKMPAQ,1,882,1,1,True
MDMNPRRRRRKGPAQ,1,81,48,51,False
MDMNPSRMMRKARRR,1,883,1,1,True
MDMNPTGEEEEIAGA,1,634,5,5,False
MDMNPTGRRRKGPAQ,1,13,291,376,False
MDMNPTGRSRKRPAQ,2,13,291,376,False
MDMNPTGSIRKRAGA,1,880,5,5,False
MDMNPTGWSRKIPAQ,1,881,8,8,False
MDMNPTRRRRKGPAQ,1,881,8,8,False
MDMNPTSSRGKVPAQ,1,842,6,6,False
MDMNPVVG*SKCRRR,1,884,1,1,True
MDMNPWLLFLKLPAQ,1,2,945,10007,False
MDMNPWLLFLKQPKQ,4,2,945,10007,False
MDMNPWLLFLKVPAQ,2,2,945,10007,False
MDMNPWLLFLRGPQQ,3,2,945,10007,False
MDMNPWLLFLRNPSQ,2,2,945,10007,False
MDMNPWLLFLSQPVQ,1,0,440,11232,False
MDMNPWLLFLVKPQQ,1,21,55,73,False
MDMNPWLLFLYQPDQ,32,0,440,11232,False
MDMNPWLLFLYQPKQ,4,10,61,143,False
MDMNPWLLWLKVPAQ,1,2,945,10007,False
MDMNPYLLFLKNPQQ,11,1,400,4647,False
MDMNPYLLFLKQPKQ,5,1,400,4647,False
MDMNPYLLFLRKPSQ,1,1,400,4647,False
MDMNPYLLFLRNPKQ,1,1,400,4647,False
MDMNPYLLFLRRPSQ,1,11,59,151,False
MDPRPVLLFLMMPQQ,1,856,3,3,False
MDQNPWLLFLRMPSQ,1,2,945,10007,False
MDRESDGQHRENPGA,1,857,2,2,False
MDRESEEEEEQMAGA,1,479,3,3,False
MDRESGRGDEEKPGA,1,482,4,4,False
MDRESVRQHQESPGA,1,885,2,2,True
MDRNPAEGQGERAGA,1,886,1,1,True
MDRNPAFVICKFPAQ,1,887,1,1,True
MDRNPAQGVQEMPGA,1,888,1,1,True
MDRNPARCMGEKPGA,1,840,3,3,False
MDRNPDVVEQEMAGA,1,8,8,24,False
MDRNPEEEEVERAGA,1,499,7,7,False
MDRNPEGEGRERAGA,1,876,4,4,False
MDRNPEGRRRKRPAQ,1,13,291,376,False
MDRNPERRRRKGPAQ,1,13,291,376,False
MDRNPERRRRKMPAQ,1,13,291,376,False
MDRNPGCGIRKMPAQ,1,889,2,2,True
MDRNPHGRGRKRPAQ,1,13,291,376,False
MDRNPKGRIRKSPAQ,1,13,291,376,False
MDRNPKGRRRKVPAQ,1,13,291,376,False
MDRNPKGRSRKRPAQ,3,13,291,376,False
MDRNPKRRRGKRPAQ,1,13,291,376,False
MDRNPKRRRMKRPAQ,1,13,291,376,False
MDRNPKRRRRKGPAQ,1,13,291,376,False
MDRNPKRRRRKRPAQ,1,13,291,376,False
MDRNPKRWRRKGPAQ,1,13,291,376,False
MDRNPNRRRRKWPAQ,1,13,291,376,False
MDRNPPGSRGNGRRR,1,890,2,2,True
MDRNPPGSSGKVPAQ,1,108,10,11,False
MDRNPPSSWGKGRRR,1,890,2,2,False
MDRNPQRRRGKGPAQ,1,231,12,12,False
MDRNPQRRRRKGGAG,1,891,2,2,True
MDRNPRRGW*KCRRR,1,892,3,3,True
MDRNPRRRRRKRPAQ,1,13,291,376,False
MDRNPRRWRRKRPAQ,1,13,291,376,False
MDRNPRVGRRKRPAQ,1,13,291,376,False
MDRNPSRRRGKRPAQ,1,231,12,12,False
MDRNPTEEEQEKAGA,1,634,5,5,False
MDRNPTGQVEERAGA,1,893,2,2,True
MDRNPTGRRRKVPAQ,1,13,291,376,False
MDRNPTRRRRKRPAQ,1,13,291,376,False
MDRNPTRVHQENAGA,1,894,1,1,True
MDRNPWRGSSKMPAQ,1,889,2,2,False
MDRNPYLLFLRQPKQ,1,1,400,4647,False
MDRNPYSRRWKRPAQ,1,853,12,12,False
MDRNRRSAGGKCRRR,1,895,1,1,True
MDSESEEEEEEKPGA,1,896,5,5,True
MDSESEGEEGERPGA,1,896,5,5,False
MDSNPAVVRRKMPAQ,1,897,1,1,True
MDSNPKVRIRKRPAF,1,898,2,2,True
MDSNPKVRRSKRPAQ,1,898,2,2,False
MDSNPKWRRRKRPAQ,1,13,291,376,False
MDSNPQGRRRKRPAQ,1,13,291,376,False
MDSNPQIRSRKGPAQ,1,881,8,8,False
MDSNPQRRRSKRPAQ,1,853,12,12,False
MDSNPQRRSCKRPAQ,1,881,8,8,False
MDSNPSGEGQERPGA,1,899,1,1,True
MDSNPSWRRRKRPAQ,1,13,291,376,False
MDSNPTGGIGKGPAQ,1,861,5,5,False
MDSNPWLLFLRRPQQ,1,11,59,151,False
MDSNPWLLFLRRPWQ,2,11,59,151,False
MDSNPYLLFLKQPKQ,1,1,400,4647,False
MDSNPYLLFLKYPQQ,3,1,400,4647,False
MDSNPYLLFLRMPQQ,1,11,59,151,False
MDSQPQLLFLITPQQ,1,900,1,1,True
MDSVLGVGEIAGAGF,1,901,1,1,True
MDTNPWLLFLRLPQQ,1,4,162,769,False
MDTNPWLLFLRQPGQ,1,0,440,11232,False
MDTNPWLLFLRQPYQ,1,110,29,32,False
MDTNPWLLFLRRPLQ,1,11,59,151,False
MDTNPWLLFLRRPWQ,1,11,59,151,False
MDVESARQHLERPGA,1,885,2,2,False
MDVESEGVHVESAGA,1,902,2,2,True
MDVESGGGHGESAGA,1,902,2,2,False
MDVGPSLLFLYQPQQ,1,903,3,3,True
MDVGPWLLFLQWPAQ,1,2,945,10007,False
MDVNPALLQQESPGA,1,345,6,6,False
MDVNPCWGG*NCRRR,1,540,3,3,False
MDVNPFLLFLKRPKQ,1,1,400,4647,False
MDVNPFLLFLRVPKQ,1,2,945,10007,False
MDVNPFLLMLKLPAQ,1,2,945,10007,False
MDVNPGGFWGEIPGA,1,904,1,1,True
MDVNPGGGRWKRPAQ,1,15,3,9,False
MDVNPGGRVVQSPGA,1,25,2,5,False
MDVNPGLSGGKFRRR,2,117,1,2,True
MDVNPILHQESAGAG,1,905,1,1,True
MDVNPLCGLRKCRRR,1,906,1,1,True
MDVNPLFGFGKIPAQ,1,137,7,9,False
MDVNPLVWVRKIPAQ,1,907,1,1,True
MDVNPMCGRGESPGA,1,783,4,4,False
MDVNPMGFVLKSPGA,4,25,2,5,True
MDVNPMGIMGKCRRR,1,908,3,3,True
MDVNPPGGWGKFPGA,1,55,3,4,False
MDVNPPMLLVQRAGA,1,909,2,2,True
MDVNPPVRLRQNAGA,1,909,2,2,False
MDVNPQISRRKRPAQ,1,842,6,6,False
MDVNPRGWRRKRAGA,1,910,4,4,True
MDVNPRLLVLKFPAQ,1,2,945,10007,False
MDVNPSCANSRRRVL,1,911,1,1,True
MDVNPSIGMGKWRRR,1,908,3,3,False
MDVNPSRSIVERAGA,1,912,1,1,True
MDVNPTCAC*NCRRR,1,194,3,3,False
MDVNPTEEDGESAGA,1,913,2,2,True
MDVNPTGRDEEKPGA,1,854,2,2,False
MDVNPVLVMWEKAGA,1,914,1,1,True
MDVNPVVGCLQSPGA,1,877,2,2,False
MDVNPWFLFLKLPAQ,1,2,945,10007,False
MDVNPWLFFLKWPAQ,1,2,945,10007,False
MDVNPWLIFLKWPAQ,1,2,945,10007,False
MDVNPWLLFLAQPWQ,1,0,440,11232,False
MDVNPWLLFLKLPAQ,4,2,945,10007,False
MDVNPWLLFLKVPAQ,2,2,945,10007,False
MDVNPWLLFLQFPEQ,1,2,945,10007,False
MDVNPWLLFLQLPGQ,1,2,945,10007,False
MDVNPWLLFLQLPVQ,10,4,162,769,False
MDVNPWLLFLQWPVQ,3,2,945,10007,False
MDVNPWLLFLRSPQQ,2,2,945,10007,False
MDVNPWLVFLKVPAQ,1,2,945,10007,False
MDVNPWMIFLKMPAQ,1,2,945,10007,False
MDVNPYLLFLKQPKQ,1,1,400,4647,False
MDVNPYLLFLKRPRQ,1,3,116,931,False
MDVNPYLLFLMWPQQ,1,3,116,931,False
MDVRPTLLFLVWPQQ,1,903,3,3,False
MDVWAVAAVSGLAGA,1,37,8,10,False
MDWNPCGLVCRRRVL,1,915,1,1,True
MDWNPCVMLRESAGA,1,916,2,2,True
MDWNPFLLFLKMPAQ,2,2,945,10007,False
MDWNPFLLFLKVPAQ,4,2,945,10007,False
MDWNPFLLLLKLPAQ,2,59,44,52,False
MDWNPFLLLLKMPAQ,4,2,945,10007,False
MDWNPFLLWLKLPAQ,1,2,945,10007,False
MDWNPFLLWLKVPAQ,1,2,945,10007,False
MDWNPGCEGGEIAGA,1,29,8,12,False
MDWNPGVRRLESAGA,1,916,2,2,False
MDWNPKGEVGEIAGA,1,120,10,12,False
MDWNPLFLLLKVPAQ,1,2,945,10007,False
MDWNPLLLFLKAPRQ,1,2,945,10007,False
MDWNPLLLFLKKPTQ,1,1,400,4647,False
MDWNPLLLFLKVPAQ,1,2,945,10007,False
MDWNPLLLFLQLPVQ,1,4,162,769,False
MDWNPLLLFLQVPLQ,1,11,59,151,False
MDWNPLLLFLRMPQQ,1,11,59,151,False
MDWNPLLLFLRSPKQ,1,11,59,151,False
MDWNPLLLFLRVPQQ,1,11,59,151,False
MDWNPLLLLLKFPAQ,1,2,945,10007,False
MDWNPLLLWLKVPAQ,1,2,945,10007,False
MDWNPMLLFLKVPAQ,1,2,945,10007,False
MDWNPMLLFLQLPVQ,3,4,162,769,False
MDWNPMLLFLRTPQQ,1,11,59,151,False
MDWNPTCGTANPGAG,2,118,1,2,True
MDWNPVEGVLQKAGA,1,474,2,2,False
MDWNPVGRRVRAGAG,2,119,2,3,True
MDWNPWLFFLKVPAQ,2,2,945,10007,False
MDWNPWLLF*SSRTR,1,917,1,1,True
MDWNPWLLFLAQPWQ,3,0,440,11232,False
MDWNPWLLFLKIPAQ,1,2,945,10007,False
MDWNPWLLFLKKPKQ,1,1,400,4647,False
MDWNPWLLFLKLPAQ,1,2,945,10007,False
MDWNPWLLFLKMPAQ,3,2,945,10007,False
MDWNPWLLFLKQPKQ,1,2,945,10007,False
MDWNPWLLFLKQPNQ,225,2,945,10007,False
MDWNPWLLFLKVPAQ,12,2,945,10007,False
MDWNPWLLFLQLPVQ,1,4,162,769,False
MDWNPWLLFLRGPQQ,1,2,945,10007,False
MDWNPWLLFLRKPQQ,1,21,55,73,False
MDWNPWLLFLRMPKQ,1,2,945,10007,False
MDWNPWLLFLRQPRQ,1,110,29,32,False
MDWNPWLLFLRQPSQ,1,110,29,32,False
MDWNPWLLFLRQPTQ,1,110,29,32,False
MDWNPWLLFLRSPQQ,7,2,945,10007,False
MDWNPWLLFLRTPFQ,2,2,945,10007,False
MDWNPWLLFLSLPQQ,1,2,945,10007,False
MDWNPWLLFLTRPQQ,1,2,945,10007,False
MDWNPWLLWLKRPAQ,1,2,945,10007,False
MDWNPWLLWLKVPAQ,1,2,945,10007,False
MDWNPWLVFLKFPAQ,1,2,945,10007,False
MDWNPWLVFLKLPAQ,1,2,945,10007,False
MDWNPWLVFLKMPAQ,3,2,945,10007,False
MDWNPWLVLLKQPAQ,1,59,44,52,False
MDWNPWLVWLKVPAQ,2,2,945,10007,False
MDWNPWMLFLKVPAQ,1,2,945,10007,False
MDWNPWVVVGQIAGA,2,120,10,12,True
MDWNPYLIFLKVPAQ,1,2,945,10007,False
MDWNPYLLFLAQPWQ,1,0,440,11232,False
MDWNPYLLFLKFPAQ,2,2,945,10007,False
MDWNPYLLFLKKPKQ,1,1,400,4647,False
MDWNPYLLFLKLPAQ,2,2,945,10007,False
MDWNPYLLFLKQPKQ,1,1,400,4647,False
MDWNPYLLFLQLPVQ,4,4,162,769,False
MDWNPYLLFLRQPIQ,13,3,116,931,False
MDWNPYLLFLSRPQQ,7,3,116,931,False
MDWQPRLLFLLVPHQ,1,918,1,1,True
MDWQPYLLFLKQPKQ,1,1,400,4647,False
MDYNPFLLFLKKPQQ,1,1,400,4647,False
MDYNPLLLFLKRPSQ,1,11,59,151,False
MDYNPLLLFLKRPWQ,13,11,59,151,False
MDYNPLLLFLQVPLQ,2,11,59,151,False
MDYNPLLLFLRKPYQ,1,11,59,151,False
MDYNPLLLFLRRPLQ,15,11,59,151,True
MDYNPMLLFLAQPWQ,1,0,440,11232,False
MDYNPMLLFLRQPPQ,4,11,59,151,False
MDYNPMLLFLRQPTQ,4,11,59,151,False
MDYNPMLLFLRWPQQ,1,11,59,151,False
MDYNPMLLFLTRPRQ,15,11,59,151,False
MDYNPTLLFLKKPQQ,1,1,400,4647,False
MDYNPWLLFLAQPWQ,9,0,440,11232,False
MDYNPWLLFLGQPQQ,26,0,440,11232,False
MDYNPWLLFLKGPGQ,1,2,945,10007,False
MDYNPWLLFLKMPQQ,1,2,945,10007,False
MDYNPWLLFLKNPQQ,1,2,945,10007,False
MDYNPWLLFLKQPEQ,2,0,440,11232,False
MDYNPWLLFLKQPKQ,1,0,440,11232,False
MDYNPWLLFLKRPQQ,1,2,945,10007,False
MDYNPWLLFLLQPKQ,23,0,440,11232,False
MDYNPWLLFLLQPMQ,1,0,440,11232,False
MDYNPWLLFLQRPLQ,1,11,59,151,False
MDYNPWLLFLQVPVQ,1,2,945,10007,False
MDYNPWLLFLQWPVQ,1,181,19,19,False
MDYNPWLLFLRGPEQ,1,11,59,151,False
MDYNPWLLFLRGPQQ,4,11,59,151,False
MDYNPWLLFLRIPSQ,1,11,59,151,False
MDYNPWLLFLRKPKQ,1,1,400,4647,False
MDYNPWLLFLRKPNQ,11,11,59,151,False
MDYNPWLLFLRKPQQ,82,0,440,11232,False
MDYNPWLLFLRMPPQ,1,11,59,151,False
MDYNPWLLFLRNPSQ,2,11,59,151,False
MDYNPWLLFLRQPKQ,1,0,440,11232,False
MDYNPWLLFLRQPNQ,1,0,440,11232,False
MDYNPWLLFLRQPQQ,1,0,440,11232,False
MDYNPWLLFLRQPSQ,2,0,440,11232,False
MDYNPWLLFLRQPYQ,1,0,440,11232,False
MDYNPWLLFLRRPAQ,1,11,59,151,False
MDYNPWLLFLRTPFQ,5,11,59,151,False
MDYNPWLLFLRTPQQ,1,11,59,151,False
MDYNPWLLFLRVPRQ,1,2,945,10007,False
MDYNPWLLFLSKPQQ,15,0,440,11232,False
MDYNPWLLFLSMPQQ,104,0,440,11232,False
MDYNPWLLFLSQPKQ,2,0,440,11232,False
MDYNPWLLFLSQPVQ,1,0,440,11232,False
MDYNPWLLFLSTPQQ,1,0,440,11232,False
MDYNPWLLFLTLPQQ,1,0,440,11232,False
MDYNPWLLFLTQPKQ,1,0,440,11232,False
MDYNPWLLFLTRPQQ,4,11,59,151,False
MDYNPWLLFLVQPDQ,1,0,440,11232,False
MDYNPWLLFLVQPKQ,1,0,440,11232,False
MDYNPWLLFLVQPLQ,1,0,440,11232,False
MDYNPWLLFLVQPMQ,1,0,440,11232,False
MDYNPWLLFLVQPPQ,423,0,440,11232,False
MDYNPWLLFLVQPQQ,1,0,440,11232,False
MDYNPWLLFLVQPWQ,1,0,440,11232,False
MDYNPWLLFLWQPGQ,1,0,440,11232,False
MDYNPYLLFLKKPKQ,3,1,400,4647,False
MDYNPYLLFLKQPKQ,7,1,400,4647,False
MDYNPYLLFLKQPTQ,7,1,400,4647,False
MDYNPYLLFLLQPNQ,3,0,440,11232,False
MDYNPYLLFLQSPKQ,1,1,400,4647,False
MDYNPYLLFLRKPKQ,24,1,400,4647,False
MDYNPYLLFLRKPQQ,5,1,400,4647,False
MDYNPYLLFLRKPRQ,1,1,400,4647,False
MDYNPYLLFLRMPQQ,5,11,59,151,False
MDYNPYLLFLRNPQQ,27,1,400,4647,False
MDYNPYLLFLRPPQQ,1,11,59,151,False
MDYNPYLLFLRQPKQ,1,1,400,4647,False
MDYNPYLLFLRRPQQ,6,11,59,151,False
MDYNPYLLFLSMPQQ,1,1,400,4647,False
MDYNPYLLFLSQPKQ,2,1,400,4647,False
MDYNPYLLFLSQPNQ,4,3,116,931,False
MDYNPYLLFLTMPKQ,1,1,400,4647,False
MDYNPYLLFLTQPKQ,1,1,400,4647,False
MGCESDGEQEQSAGA,1,919,2,2,True
MGCESDVEEEERGRR,1,920,2,2,True
MGCESGGQHQQIAGA,1,921,2,2,True
MGCESGVELEEMAGA,1,922,1,1,True
MGCQSVQRLQESAGA,1,566,3,3,False
MGFESVGVVGESAGA,1,251,2,2,False
MGFESVVRVGQSAGA,1,590,3,3,False
MGFQSVGVGGEIAGA,1,367,7,7,False
MGIGIRSGGGGKARR,1,923,1,1,True
MGIRPSAG*KCRRRV,1,924,1,1,True
MGM*IRRGAAGKCRR,1,925,1,1,True
MGQESEGEEEERGRR,1,920,2,2,False
MGQQSAEQEQQKAGA,2,121,2,3,True
MGQQSGGGEEEKAGA,1,280,5,5,False
MGWESAGEVEERAGA,2,122,4,5,True
MGWESARHLLQKPGA,1,809,2,2,False
MGWLAGAAVSVVAGA,2,123,3,4,True
MGWQSGRQQEEMPGA,1,926,1,1,True
MGYESEQEDVESAGA,1,598,2,2,False
MGYESEVQEEEKAGA,1,280,5,5,False
MISIRCGSS*KSRRR,1,927,1,1,True
MVGIRRSGSGKCRRR,1,644,3,3,False
NDASPALLF**ARSR,1,928,1,1,True
NDINPWLLFLMRPQQ,1,21,55,73,False
NDINPWLLFLRQPTQ,3,0,440,11232,False
NDINPWLLFLYQPRQ,1,21,55,73,False
NDINPWLLFLYQPTQ,2,21,55,73,False
NDINPYLLFLQLPVQ,1,5,22,107,False
NDINPYLLFLWKPQQ,1,21,55,73,False
NDKRPELLFLSQPSQ,1,929,2,2,True
NDKSPWLLVSDLADA,2,124,1,2,True
NDKTRRCCF*APRTR,1,930,1,1,True
NDLNP*LLFLRVPAQ,1,2,945,10007,False
NDLNPWLLFLKQPNQ,1,0,440,11232,False
NDLNPYLLFLQWPVQ,1,4,162,769,False
NDMNPWLLFLRTPQQ,3,4,162,769,False
NDNNPKLCFCSSRRR,1,931,1,1,True
NDQFPQLLFLSRPSQ,1,929,2,2,False
NDRSCCFCTTRTRVL,1,932,1,1,True
NDSKPKLAVSAQAGA,1,933,1,1,True
NDTNPWLLFLAQPWQ,1,0,440,11232,False
NDTNPWLLFLRQPAQ,23,0,440,11232,False
NDWMPLLLFLQWPVQ,1,173,26,27,False
NDYNPWLLFLKQPEQ,1,0,440,11232,False
NDYNPWLLFLRQPKQ,1,0,440,11232,False
NDYNPWLLFLSQPFQ,2,0,440,11232,False
NDYNPWLLFLTRPPQ,1,0,440,11232,False
NDYNPYLLFLKQPKQ,1,1,400,4647,False
NDYNPYLLFLRKPQQ,1,1,400,4647,False
NDYNPYLLFLRQPKQ,1,1,400,4647,False
ND_VPEAAVSVHADA,1,934,1,1,True
NG_QAEPAVSEQAEP,1,935,1,1,True
PDRRAVAAVSELAGP,1,936,1,1,True
QDANPWLLFLKQPKQ,1,1,400,4647,False
QDANPWLLFLKRPKQ,1,1,400,4647,False
QDANPWLLFLKSPAQ,3,2,945,10007,False
QDANPWLLFLKVPYQ,23,2,945,10007,False
QDANPWLLFLRKPYQ,1,4,162,769,False
QDANPWLLFLRVPVQ,6,4,162,769,False
QDANPWLLFLRYPIQ,18,4,162,769,False
QDANPWLLFLWKPKQ,1,1,400,4647,False
QDANPYLLFLKIPYQ,1,1,400,4647,False
QDANPYLLFLRQPTQ,1,1,400,4647,False
QDAQPQLLFLQVPGQ,1,230,4,4,False
QDASPQLLFLMVPRQ,1,230,4,4,False
QDFLPWLLFLRLPEQ,1,4,162,769,False
QDFNPWLLFLAQPWQ,1,0,440,11232,False
QDFNPWLLFLGAPWQ,2,0,440,11232,False
QDFNPWLLFLHKPEQ,9,1,400,4647,False
QDFNPWLLFLIKPKQ,1,1,400,4647,False
QDFNPWLLFLKIPGQ,8,2,945,10007,False
QDFNPWLLFLKLPAQ,1,2,945,10007,False
QDFNPWLLFLKQPKQ,1,1,400,4647,False
QDFNPWLLFLQFPPQ,3,2,945,10007,False
QDFNPWLLFLRFPVQ,6,4,162,769,False
QDFNPWLLFLRLPLQ,2,4,162,769,False
QDFNPWLLFLRQPAQ,1,2,945,10007,False
QDFNPWLLFLRQPPQ,1,4,162,769,False
QDFNPWLLFLRTPQQ,1,4,162,769,False
QDFNPWLLFLRVPVQ,59,4,162,769,False
QDFNPWLLFLSGPTQ,1,2,945,10007,False
QDFNPWLLFLSSPLQ,2,2,945,10007,False
QDFNPWLLFLTRPPQ,13,2,945,10007,False
QDFNPWLLFLVQPSQ,1,0,440,11232,False
QDFNPWLLFLWNPKQ,1,1,400,4647,False
QDFNPYLLFLIKPAQ,1,1,400,4647,False
QDFNPYLLFLKIPSQ,16,1,400,4647,False
QDFNPYLLFLKKPKQ,3,1,400,4647,False
QDFNPYLLFLKRPGQ,1,1,400,4647,False
QDFNPYLLFLRKPPQ,1,1,400,4647,False
QDFNPYLLFLRRPVQ,1,4,162,769,False
QDFNPYLLFLRSPYQ,44,1,400,4647,False
QDFNPYLLFLSMPSQ,2,1,400,4647,False
QDFNPYLLFLTHPIQ,3,1,400,4647,False
QDFNPYLLFLWRPQQ,1,1,400,4647,False
QDFWPMLLFLNLPRQ,1,937,4,4,True
QDGVPWLLFLRWPLQ,1,4,162,769,False
QDGWPLLLFLQLPVQ,1,173,26,27,False
QDINPWLLFLASPQQ,1,21,55,73,False
QDINPWLLFLISPTQ,3,4,162,769,False
QDINPWLLFLKAPNQ,1,1,400,4647,False
QDINPWLLFLKIPKQ,10,1,400,4647,False
QDINPWLLFLKLPGQ,12,4,162,769,False
QDINPWLLFLKNPRQ,1,1,400,4647,False
QDINPWLLFLKQPVQ,1,4,162,769,False
QDINPWLLFLRIPYQ,5,4,162,769,False
QDINPWLLFLRKPLQ,2,4,162,769,False
QDINPWLLFLRLPMQ,7,4,162,769,False
QDINPWLLFLRMPNQ,2,4,162,769,False
QDINPWLLFLRQPSQ,1,4,162,769,False
QDINPWLLFLSNPRQ,1,3,116,931,False
QDINPWLLFLTRPQQ,1,21,55,73,False
QDINPWLLFLWGPKQ,1,1,400,4647,False
QDINPWLLFLYRPLQ,2,21,55,73,False
QDINPYLLFLHWPFQ,8,1,400,4647,False
QDINPYLLFLISPTQ,1,1,400,4647,False
QDINPYLLFLKKPKQ,18,1,400,4647,False
QDINPYLLFLKKPNQ,3,1,400,4647,False
QDINPYLLFLKKPVQ,2,1,400,4647,False
QDINPYLLFLKNPKQ,2,1,400,4647,False
QDINPYLLFLKNPQQ,1,1,400,4647,False
QDINPYLLFLKRPQQ,1,1,400,4647,False
QDINPYLLFLKRPTQ,9,1,400,4647,False
QDINPYLLFLKVPNQ,1,1,400,4647,False
QDINPYLLFLKYPNQ,6,1,400,4647,False
QDINPYLLFLQWPVQ,1,5,22,107,False
QDINPYLLFLRFPEQ,1,1,400,4647,False
QDINPYLLFLRMPQQ,1,1,400,4647,False
QDINPYLLFLRNPKQ,29,1,400,4647,False
QDINPYLLFLRQPKQ,1,1,400,4647,False
QDINPYLLFLRRPYQ,1,1,400,4647,False
QDINPYLLFLRSPKQ,2,1,400,4647,False
QDINPYLLFLSRPIQ,1,5,22,107,False
QDINPYLLFLWNPKQ,1,1,400,4647,False
QDINPYLLFLYNPSQ,3,1,400,4647,False
QDIWPKLLFLVQPPQ,1,938,1,1,True
QDKLPLLLFLAFPLQ,2,78,8,11,False
QDKLPQLLFLLWPAQ,1,939,3,3,True
QDKQPTLLFLIWPSQ,1,654,3,3,False
QDKSPILLFLCSPNQ,1,125,3,4,False
QDKSPKLLFLRDPKQ,2,125,3,4,True
QDLDPWLLFLTVPAQ,1,2,945,10007,False
QDLFPMLLFLRVPLQ,1,4,162,769,False
QDLGPLLLFLLWPVQ,1,4,162,769,False
QDLGPYLLFLWTPVQ,1,4,162,769,False
QDLLPLLLFLIWPQQ,1,184,12,12,False
QDLMPLLLFLVVPVQ,1,4,162,769,False
QDLNPFLLFLKLPWQ,2,4,162,769,False
QDLNPWLLFLKIPQQ,1,4,162,769,False
QDLNPWLLFLKKPQQ,1,1,400,4647,False
QDLNPWLLFLKQPKQ,1,1,400,4647,False
QDLNPWLLFLKRPQQ,1,4,162,769,False
QDLNPWLLFLKSPKQ,1,1,400,4647,False
QDLNPWLLFLKVPLQ,16,2,945,10007,False
QDLNPWLLFLQVPVQ,1,4,162,769,False
QDLNPWLLFLQWPVQ,1,4,162,769,False
QDLNPWLLFLRGPWQ,10,4,162,769,False
QDLNPWLLFLRLPSQ,64,4,162,769,False
QDLNPWLLFLRLPVQ,82,4,162,769,True
QDLNPWLLFLRMPNQ,2,4,162,769,False
QDLNPWLLFLRNPWQ,2,4,162,769,False
QDLNPWLLFLRQPKQ,2,4,162,769,False
QDLNPWLLFLRQPYQ,2,4,162,769,False
QDLNPWLLFLRVPKQ,1,4,162,769,False
QDLNPWLLFLRVPRQ,1,4,162,769,False
QDLNPWLLFLRVPTQ,1,4,162,769,False
QDLNPWLLFLRVPVQ,1,4,162,769,False
QDLNPWLLFLSTPQQ,1,4,162,769,False
QDLNPWLLFLTVPAQ,22,2,945,10007,False
QDLNPWLLFLTWPVQ,1,4,162,769,False
QDLNPWLLFLVQPDQ,1,4,162,769,False
QDLNPWLLFLWRPVQ,1,4,162,769,False
QDLNPYLLFLKKPKQ,1,1,400,4647,False
QDLNPYLLFLKRPQQ,1,1,400,4647,False
QDLNPYLLFLKSPWQ,2,1,400,4647,False
QDLNPYLLFLRQPLQ,1,4,162,769,False
QDLNPYLLFLRYPYQ,17,4,162,769,False
QDLRPWLLFWRCRCR,1,940,2,2,True
QDLWPALLFLSWPQQ,1,189,4,4,False
QDMNPLLLFLRWPIQ,3,4,162,769,False
QDMNPWLLFLGRPVQ,1,4,162,769,False
QDMNPWLLFLKKPRQ,1,1,400,4647,False
QDMNPWLLFLKMPNQ,1,1,400,4647,False
QDMNPWLLFLKSPRQ,2,1,400,4647,False
QDMNPWLLFLRFPSQ,2,4,162,769,False
QDMNPWLLFLRGPWQ,16,4,162,769,False
QDMNPWLLFLRLPSQ,2,4,162,769,False
QDMNPWLLFLRMPGQ,22,4,162,769,False
QDMNPWLLFLSRPKQ,1,10,61,143,False
QDMNPWLLFLSYPPQ,1,4,162,769,False
QDMNPWLLFLVLPVQ,1,4,162,769,False
QDMNPWLLFLVNPAQ,2,2,945,10007,False
QDMNPWLLFLVRPAQ,9,10,61,143,False
QDMNPYLLFLKMPKQ,2,1,400,4647,False
QDMNPYLLFLKNPTQ,1,1,400,4647,False
QDMNPYLLFLRMPAQ,8,1,400,4647,False
QDMNPYLLFLRMPRQ,1,1,400,4647,False
QDMNPYLLFLRNPYQ,1,1,400,4647,False
QDMNPYLLFLRSPKQ,3,1,400,4647,False
QDMNPYLLFLRSPYQ,1,1,400,4647,False
QDMNPYLLFLWKPDQ,5,1,400,4647,False
QDMNPYLLFLWKPKQ,22,1,400,4647,False
QDMWPRLLFLRVPAQ,1,941,1,1,True
QDNNPWLLFLKWPMQ,2,1,400,4647,False
QDNNPWLLFLQRPLQ,1,10,61,143,False
QDNNPWLLFLRTPTQ,1,4,162,769,False
QDNNPYLLFLYIPAQ,1,1,400,4647,False
QDQLPWLLFLVQPWQ,1,0,440,11232,False
QDQNPWLLFLRYPYQ,1,4,162,769,False
QDQYPRLLFLIYPRQ,1,270,3,3,False
QDRGPWLLFLWKPTQ,1,187,2,2,False
QDRLPLLLFLLWPVQ,1,939,3,3,False
QDRLPLLLFLQWPGQ,1,174,6,7,False
QDRNPWLLFLAVPAQ,1,2,945,10007,False
QDRNPWLLFLKSPKQ,1,1,400,4647,False
QDRNPWLLFLRVPGQ,1,4,162,769,False
QDRNPYLLFLKIPYQ,1,1,400,4647,False
QDRNPYLLFLKSPMQ,1,1,400,4647,False
QDRPPLLLFLYMPWQ,1,942,1,1,True
QDRVPVLLFLLFPGQ,1,483,2,2,False
QDSCPQLLFLLLPLQ,1,939,3,3,False
QDSKPRLLFLMLPEQ,1,856,3,3,False
QDSNPWLLFLRYPQQ,1,4,162,769,False
QDSRPWLLFLRMPMQ,1,4,162,769,False
QDSRPWLLFLVRPQQ,1,943,1,1,True
QDVLPFLLFLRSPRQ,2,126,4,5,True
QDVNPLLLFLRVPMQ,1,4,162,769,False
QDVNPMLLFLRLPAQ,1,4,162,769,False
QDVNPWLLFLGRPWQ,1,0,440,11232,False
QDVNPWLLFLRLPFQ,2,4,162,769,False
QDVNPWLLFLRRPHQ,1,4,162,769,False
QDVNPWLLFLVEPNQ,1,4,162,769,False
QDVNPWLLFLWKPDQ,1,1,400,4647,False
QDVNPWLLFLYRPQQ,9,4,162,769,False
QDVNPWLLFLYSPGQ,1,4,162,769,False
QDVNPYLLFLGWPPQ,1,1,400,4647,False
QDVNPYLLFLKNPSQ,1,1,400,4647,False
QDVNPYLLFLRMPKQ,3,1,400,4647,False
QDVNPYLLFLYKPKQ,1,1,400,4647,False
QDVNPYLLFLYRPMQ,2,1,400,4647,False
QDVVPRLLFLWWPPQ,1,34,12,14,False
QDVVPWLLFLLGPGQ,1,186,3,3,False
QDWLPWLLFLWLPVQ,1,4,162,769,False
QDWNPLLLFLRTPTQ,1,4,162,769,False
QDWNPLLLFLRWPSQ,1,4,162,769,False
QDWNPMLLFLKWPSQ,1,1,400,4647,False
QDWNPWLLFLKHPRQ,5,1,400,4647,False
QDWNPWLLFLKIPRQ,1,1,400,4647,False
QDWNPWLLFLKQPNQ,1,0,440,11232,False
QDWNPWLLFLKSPRQ,1,1,400,4647,False
QDWNPWLLFLMSPPQ,1,4,162,769,False
QDWNPWLLFLRKPVQ,2,4,162,769,False
QDWNPWLLFLRMPSQ,3,4,162,769,False
QDWNPWLLFLTFPAQ,1,2,945,10007,False
QDWNPWLLFLTRPAQ,1,2,945,10007,False
QDWNPYLLFLVVPQQ,1,1,400,4647,False
QDWRPLLLFLAGPGQ,1,944,3,3,True
QDWVPFLLFLQSPLQ,1,126,4,5,False
QDWVPRLLFLFGPVQ,1,944,3,3,False
QDWWPLLLFLLLPVQ,1,4,162,769,False
QDWWPQLLFLVLPRQ,1,937,4,4,False
QDWWPWLLFLALPGQ,1,944,3,3,False
QDYNP*LLFLRQPYQ,1,110,29,32,False
QDYNPFLLFLMKPIQ,1,1,400,4647,False
QDYNPLLLFLKVPGQ,1,1,400,4647,False
QDYNPLLLFLRQPRQ,1,11,59,151,False
QDYNPMLLFLRQPPQ,2,0,440,11232,False
QDYNPMLLFLRYPQQ,1,1,400,4647,False
QDYNPMLLFLWSPGQ,1,1,400,4647,False
QDYNPWLLFLAQPWQ,20,0,440,11232,False
QDYNPWLLFLGRPFQ,3,0,440,11232,False
QDYNPWLLFLHNPAQ,1,0,440,11232,False
QDYNPWLLFLHNPKQ,1,1,400,4647,False
QDYNPWLLFLHNPRQ,12,0,440,11232,False
QDYNPWLLFLISPKQ,3,1,400,4647,False
QDYNPWLLFLKGPAQ,1,1,400,4647,False
QDYNPWLLFLKKPKQ,3,1,400,4647,False
QDYNPWLLFLKKPTQ,7,1,400,4647,False
QDYNPWLLFLKLPMQ,3,1,400,4647,False
QDYNPWLLFLKMPQQ,1,1,400,4647,False
QDYNPWLLFLKMPYQ,1,1,400,4647,False
QDYNPWLLFLKQPEQ,2,0,440,11232,False
QDYNPWLLFLKQPKQ,1,1,400,4647,False
QDYNPWLLFLKQPRQ,1,0,440,11232,False
QDYNPWLLFLKRPIQ,10,1,400,4647,False
QDYNPWLLFLKRPVQ,1,1,400,4647,False
QDYNPWLLFLLKPNQ,2,1,400,4647,False
QDYNPWLLFLMMPQQ,1,0,440,11232,False
QDYNPWLLFLMTPVQ,1,4,162,769,False
QDYNPWLLFLNFPGQ,2,0,440,11232,False
QDYNPWLLFLNKPKQ,2,1,400,4647,False
QDYNPWLLFLNKPSQ,1,1,400,4647,False
QDYNPWLLFLNMPKQ,6,1,400,4647,False
QDYNPWLLFLQWPRQ,1,0,440,11232,False
QDYNPWLLFLQWPSQ,1,0,440,11232,False
QDYNPWLLFLREPKQ,1,1,400,4647,False
QDYNPWLLFLRHPQQ,1,4,162,769,False
QDYNPWLLFLRKPQQ,2,1,400,4647,False
QDYNPWLLFLRKPTQ,4,1,400,4647,False
QDYNPWLLFLRMPKQ,4,1,400,4647,False
QDYNPWLLFLRMPNQ,149,0,440,11232,False
QDYNPWLLFLRMPRQ,88,0,440,11232,False
QDYNPWLLFLRQPKQ,3,0,440,11232,False
QDYNPWLLFLRQPQQ,4,0,440,11232,False
QDYNPWLLFLRQPTQ,2,0,440,11232,False
QDYNPWLLFLRTPFQ,449,0,440,11232,False
QDYNPWLLFLRTSFQ,2,4,162,769,False
QDYNPWLLFLRVPGQ,2,4,162,769,False
QDYNPWLLFLRVPQQ,7,4,162,769,False
QDYNPWLLFLRYPTQ,12,4,162,769,False
QDYNPWLLFLSIPTQ,3,0,440,11232,False
QDYNPWLLFLSKPQQ,2,1,400,4647,False
QDYNPWLLFLSMPTQ,6,0,440,11232,False
QDYNPWLLFLSMSTQ,1,945,4,4,True
QDYNPWLLFLSQPVQ,1,0,440,11232,False
QDYNPWLLFLSRPSQ,2,0,440,11232,False
QDYNPWLLFLSTPQQ,1,945,4,4,False
QDYNPWLLFLSVPLQ,5,0,440,11232,False
QDYNPWLLFLTFPTQ,4,0,440,11232,False
QDYNPWLLFLTQPNQ,1,0,440,11232,False
QDYNPWLLFLTRPQQ,2,0,440,11232,False
QDYNPWLLFLTVPAQ,1,2,945,10007,False
QDYNPWLLFLTVPLQ,1,0,440,11232,False
QDYNPWLLFLVQPDQ,1,0,440,11232,False
QDYNPWLLFLVQPPQ,1,0,440,11232,False
QDYNPYLLFLAQPWQ,2,0,440,11232,False
QDYNPYLLFLARPPQ,1,1,400,4647,False
QDYNPYLLFLIKPPQ,2,1,400,4647,False
QDYNPYLLFLKEPKQ,1,1,400,4647,False
QDYNPYLLFLKHPKQ,8,1,400,4647,False
QDYNPYLLFLKIPKQ,2,1,400,4647,False
QDYNPYLLFLKIPYQ,1,1,400,4647,False
QDYNPYLLFLKKPEQ,1,1,400,4647,False
QDYNPYLLFLKKPKQ,847,1,400,4647,True
QDYNPYLLFLKKPPQ,1,1,400,4647,False
QDYNPYLLFLKKPQQ,11,1,400,4647,False
QDYNPYLLFLKKPRQ,1,1,400,4647,False
QDYNPYLLFLKKPSQ,6,1,400,4647,False
QDYNPYLLFLKMPKQ,2,1,400,4647,False
QDYNPYLLFLKMPYQ,1,1,400,4647,False
QDYNPYLLFLKNPDQ,1,1,400,4647,False
QDYNPYLLFLKNPQQ,3,1,400,4647,False
QDYNPYLLFLKNPRQ,1,1,400,4647,False
QDYNPYLLFLKQPKQ,9,1,400,4647,False
QDYNPYLLFLKQPVQ,1,1,400,4647,False
QDYNPYLLFLKQPYQ,1,1,400,4647,False
QDYNPYLLFLKTPLQ,4,1,400,4647,False
QDYNPYLLFLKWPSQ,7,1,400,4647,False
QDYNPYLLFLLKPKQ,2,1,400,4647,False
QDYNPYLLFLMNPKQ,2,1,400,4647,False
QDYNPYLLFLMSPKQ,1,1,400,4647,False
QDYNPYLLFLNLPKQ,2,1,400,4647,False
QDYNPYLLFLNRPQQ,1,1,400,4647,False
QDYNPYLLFLQWPVQ,1,1,400,4647,False
QDYNPYLLFLRDPKQ,5,1,400,4647,False
QDYNPYLLFLRHPKQ,2,1,400,4647,False
QDYNPYLLFLRHPNQ,2,1,400,4647,False
QDYNPYLLFLRIPSQ,72,1,400,4647,False
QDYNPYLLFLRKPKQ,11,1,400,4647,False
QDYNPYLLFLRKPQQ,4,1,400,4647,False
QDYNPYLLFLRKPSQ,2,1,400,4647,False
QDYNPYLLFLRNPKQ,11,1,400,4647,False
QDYNPYLLFLRNPNQ,4,1,400,4647,False
QDYNPYLLFLRQPAQ,1,1,400,4647,False
QDYNPYLLFLRQPKQ,5,1,400,4647,False
QDYNPYLLFLRQPLQ,1,1,400,4647,False
QDYNPYLLFLRQPTQ,1,1,400,4647,False
QDYNPYLLFLRRPQQ,2,1,400,4647,False
QDYNPYLLFLRRPVQ,1,1,400,4647,False
QDYNPYLLFLRSPKQ,95,1,400,4647,False
QDYNPYLLFLRSPNQ,1,1,400,4647,False
QDYNPYLLFLRSPRQ,35,1,400,4647,False
QDYNPYLLFLRSPSQ,1,1,400,4647,False
QDYNPYLLFLRTPKQ,1,1,400,4647,False
QDYNPYLLFLRTPQQ,1,1,400,4647,False
QDYNPYLLFLRVPKQ,3,1,400,4647,False
QDYNPYLLFLSHPKQ,2,1,400,4647,False
QDYNPYLLFLSKPQQ,5,1,400,4647,False
QDYNPYLLFLSNPKQ,1,1,400,4647,False
QDYNPYLLFLSQPRQ,1,3,116,931,False
QDYNPYLLFLSQPVQ,1,1,400,4647,False
QDYNPYLLFLSTPQQ,1,1,400,4647,False
QDYNPYLLFLSVPLQ,1,1,400,4647,False
QDYNPYLLFLTHPVQ,1,1,400,4647,False
QDYNPYLLFLTRPQQ,1,1,400,4647,False
QDYNPYLLFLTYPYQ,14,1,400,4647,False
QDYNPYLLFLYKPQQ,1,1,400,4647,False
QDYNPYPLFLKKPKQ,1,1,400,4647,False
QDYRPLLLFLWSPEQ,1,660,2,2,False
QEYRAGAAVSGLPEA,1,946,1,1,True
QGYGAVAAVSAQPDA,1,947,1,1,True
RD*IRCCGG*KGRRR,1,948,2,2,True
RDANPWLLFLKVPQQ,2,2,945,10007,False
RDAWPLLLFLQYPPQ,1,173,26,27,False
RDCNPLLWRSKVPAQ,1,949,1,1,True
RDCNPLMVGVQMAGA,1,950,2,2,True
RDCNPSRRRRKRPAQ,1,13,291,376,False
RDCNPTVGVRKMPAQ,1,951,1,1,True
RDCQSVVLDLQSPGA,1,952,1,1,True
RDFFPMLLFLGCPGA,1,953,1,1,True
RDFIRTWCWAKGRRR,1,954,1,1,True
RDFNPACFMVKVPAQ,2,127,3,4,True
RDFNPCWMFWKFPAQ,1,955,1,1,True
RDFNPEWGRGKFPAQ,1,130,11,12,False
RDFNPGGGRPRRWF*,2,128,1,2,True
RDFNPIGWRRKVPAQ,1,177,7,8,False
RDFNPKGRRRKGPAQ,1,13,291,376,False
RDFNPKGRRRKRPAQ,1,13,291,376,False
RDFNPKWSRRKGPGR,1,956,2,2,True
RDFNPLRGFCKLPAQ,1,957,3,3,True
RDFNPLWIVCKLPAQ,1,957,3,3,False
RDFNPNRWRRKWPAQ,1,958,6,6,True
RDFNPPVRRRKRPAQ,1,13,291,376,False
RDFNPQWVLLKFPAQ,1,14,164,286,False
RDFNPRGEGEERAGA,1,68,33,37,False
RDFNPSRRSRKGPAQ,1,150,20,21,False
RDFNPVLLRQGKSRR,3,35,1,3,True
RDFNPWLLFLKQPAQ,2,2,945,10007,False
RDFNPWSGRCKFPAQ,1,957,3,3,False
RDFNPYLLVLKVPAQ,1,2,945,10007,False
RDFWPTLLFLQSPKQ,1,959,1,1,True
RDGESDEQEVQKPGA,1,960,1,1,True
RDGESDGVDDQRPGA,3,36,1,3,True
RDGESEGEEEEKAGA,1,388,11,11,False
RDGESEGVEQEKAGA,1,450,5,5,False
RDGGAVAAVSVLPAP,1,961,1,1,True
RDGIRGGGGGKGRRR,1,139,16,17,False
RDGIRWGAC*NCRRR,1,24,5,8,False
RDGKSEEEGVQKAGA,1,962,2,2,True
RDGKSEGEGEQRAGA,1,962,2,2,False
RDGNPAGWRRKGPAQ,1,177,7,8,False
RDGNPAGWWWKGPAQ,1,963,7,7,True
RDGNPCFFVVKGAGF,1,964,1,1,True
RDGNPDGIMRKIRAG,1,965,1,1,True
RDGNPEEEEEEKAGA,1,68,33,37,False
RDGNPEGRRRKRPAQ,1,13,291,376,False
RDGNPERRRRKGPAQ,1,81,48,51,False
RDGNPGGGGSKGRRR,1,69,38,42,False
RDGNPGREGEERAGA,1,68,33,37,False
RDGNPGRGRSKLPAQ,1,130,11,12,False
RDGNPGRRRGKRPAQ,1,231,12,12,False
RDGNPHRRRSKMPAQ,1,130,11,12,False
RDGNPKGEEEEKAGA,1,129,31,35,False
RDGNPKGGGRKGPAQ,1,214,17,17,False
RDGNPKGREEQRAGA,1,129,31,35,False
RDGNPKGRRMKRPAQ,1,13,291,376,False
RDGNPKGRRRKRPAQ,1,13,291,376,False
RDGNPKGRRSKVPAQ,1,13,291,376,False
RDGNPKRGEEERAGA,2,129,31,35,True
RDGNPKRGGQQKAGA,1,129,31,35,False
RDGNPKRGREEKAGA,1,129,31,35,False
RDGNPKRGRRKGPGR,1,956,2,2,False
RDGNPKRRRIKGAGA,1,966,2,2,True
RDGNPKRRRRKRPAQ,1,13,291,376,False
RDGNPKSRRRKRPAQ,1,13,291,376,False
RDGNPKWEEEERAGA,1,129,31,35,False
RDGNPLGGSGKSRRR,1,69,38,42,False
RDGNPNGGGGKGRRR,1,69,38,42,False
RDGNPNGRRRKGPAQ,1,13,291,376,False
RDGNPNGWGGERAGA,1,851,2,2,False
RDGNPNRRRCKSRRR,1,967,2,2,True
RDGNPNWEEEEKAGA,1,129,31,35,False
RDGNPPGGGGKGRRR,1,69,38,42,False
RDGNPPRRGSKGPAQ,1,130,11,12,False
RDGNPPWGRSKMPAQ,2,130,11,12,True
RDGNPQG**GKARRR,1,968,4,4,True
RDGNPQGGSRKRPRR,1,969,2,2,True
RDGNPQGRGGKGRRR,1,69,38,42,False
RDGNPQGRIRKRPAQ,1,13,291,376,False
RDGNPQGRRGKRPAQ,1,853,12,12,False
RDGNPQGRRSKLPAQ,1,130,11,12,False
RDGNPQGRWVKRPAQ,1,853,12,12,False
RDGNPQRRRVKGPAQ,1,628,4,4,False
RDGNPQRRSSKRPAQ,1,853,12,12,False
RDGNPQSRRRKRPAQ,1,853,12,12,False
RDGNPQWRGGKWPAQ,1,237,5,5,False
RDGNPQWRRRKRPAQ,1,853,12,12,False
RDGNPRGEEVEKAGA,1,212,5,5,False
RDGNPRGGRRKLPAQ,1,130,11,12,False
RDGNPRGQEEERAGA,1,129,31,35,False
RDGNPRGRFRKGAGA,1,966,2,2,False
RDGNPRGRRRKGPAQ,1,13,291,376,False
RDGNPRGRRRKRPAQ,1,13,291,376,False
RDGNPRGVRSKGRRR,1,23,6,10,False
RDGNPRRGGGERAGA,1,129,31,35,False
RDGNPRRGRRKRPAQ,1,81,48,51,False
RDGNPRRGRWKGPAQ,1,81,48,51,False
RDGNPRRRRMKRPAQ,1,853,12,12,False
RDGNPRRRRRKGPAQ,2,81,48,51,False
RDGNPRRRRRKRPAQ,1,13,291,376,False
RDGNPRRSRRKGPAQ,1,81,48,51,False
RDGNPRWRRKGPAQG,1,970,1,1,True
RDGNPSRRGGKRPAQ,1,231,12,12,False
RDGNPTEEHQESPGA,1,971,2,2,True
RDGNPTGEVQERAGA,1,893,2,2,False
RDGNPTSGMGKCRRR,1,972,1,1,True
RDGNPTVMRRKRPRR,1,969,2,2,False
RDGNPVVWMGKGPAQ,1,963,7,7,False
RDGNPWRWGSKCRRR,1,973,1,1,True
RDGNPWSRCRKRPGA,1,135,13,14,False
RDGNPYRRRRKRPAQ,1,13,291,376,False
RDGNRAGGGAKCRRR,1,437,4,4,False
RDGNRRGGW*KGRRR,1,69,38,42,False
RDGQSEVQEGQRAGA,1,974,1,1,True
RDGWPRLLFLVWPQQ,1,189,4,4,False
RDGWPVLLFL*EPGQ,1,975,1,1,True
RDIAAEAAVSEQPEA,1,976,2,2,True
RDINPIGGVCKIRRR,1,977,1,1,True
RDINPKRRRGKRPAQ,1,13,291,376,False
RDINPKRRRRKRPAQ,1,13,291,376,False
RDINPKRRSRKGPAQ,1,150,20,21,False
RDINPLGRRRKRPAQ,2,13,291,376,False
RDINPNGGRRKGPAQ,1,448,3,3,False
RDINPNGIWGKGPAQ,1,963,7,7,False
RDINPNRSSRKWPAQ,1,958,6,6,False
RDINPPRLRQQSPGA,1,630,2,2,False
RDINPQGRRGKGPAQ,1,861,5,5,False
RDINPQGRRRKGPGA,1,135,13,14,False
RDINPQRRRMKGPAQ,1,853,12,12,False
RDINPYLLFLKVPLQ,1,1,400,4647,False
RDINSGEEGEERPGA,1,978,2,2,True
RDKDAEAAVSEHPEA,1,976,2,2,False
RDKHPTVSEDPEAGF,1,979,1,1,True
RDLGPMLLFLQWPVQ,1,181,19,19,False
RDLNPAEDQEQKAGA,1,980,1,1,True
RDLNPDGQHQQSPGA,2,131,1,2,True
RDLNPKGRRRKGPAQ,1,13,291,376,False
RDLNPKRGRGERAGA,1,129,31,35,False
RDLNPKRRRRKRPAQ,1,13,291,376,False
RDLNPLFVLFKGPAQ,1,981,2,2,True
RDLNPVGGGVKWPAQ,1,214,17,17,False
RDLNPWLLFLKVPAQ,1,2,945,10007,False
RDLQPLLLFLYRPMQ,1,982,1,1,True
RDLVPQLLFLMWPQQ,1,983,2,2,True
RDMESDEEVVEKAGA,1,984,1,1,True
RDMESGEEEEERAGA,1,30,82,93,False
RDMNPA*GAGKGRRR,1,985,2,2,True
RDMNPARRGRKGPAQ,1,881,8,8,False
RDMNPARRRRKRPAQ,1,13,291,376,False
RDMNPDHLRQENAGA,2,132,2,3,True
RDMNPEGGAGKGRRR,1,985,2,2,False
RDMNPERRQEQKAGA,1,77,23,26,False
RDMNPERRRGERAGA,1,986,4,4,True
RDMNPGRRRSKRPAQ,1,987,10,10,True
RDMNPKGRGRKRPAQ,1,13,291,376,False
RDMNPKGRRRKRPAQ,1,13,291,376,False
RDMNPKGRRRKWPAQ,1,13,291,376,False
RDMNPKRQEGGKARR,1,988,1,1,True
RDMNPKRRRRKRPAQ,2,13,291,376,False
RDMNPQRRGGKGPAQ,1,881,8,8,False
RDMNPQRRRWKMPAQ,1,987,10,10,False
RDMNPSGDLDESAGA,1,989,1,1,True
RDMNPTEVEGERPGA,1,990,1,1,True
RDMNPTREDEERAGA,1,876,4,4,False
RDMNPTSWHQQSAGA,1,991,1,1,True
RDMNPVGTCGKCRRR,1,992,1,1,True
RDMNPVGWSRKRPAQ,1,993,1,1,True
RDMNQASRRRKSPRR,1,994,1,1,True
RDMRGGGGGKGRRRV,1,995,1,1,True
RDMVPWLLFLQWPRQ,2,10,61,143,False
RDNESGGEEEERAGA,1,863,4,4,False
RDNRPWLLFLRWPYQ,1,181,19,19,False
RDNWPSLLFLLVPQQ,1,650,3,3,False
RDPWPDLLFLILPQQ,1,996,2,2,True
RDPWPMLLFLMQPAQ,1,996,2,2,False
RDQESGEEEQKAGAG,1,997,1,1,True
RDQLPLLLFLLYPAQ,1,184,12,12,False
RDQWPFLLFLYGPHQ,1,998,2,2,True
RDRESDGQQEERAGA,1,482,4,4,False
RDRESEEEEEERAGA,1,30,82,93,False
RDRESEEEEEQKAGA,1,479,3,3,False
RDRESEEEEHERAGA,1,30,82,93,False
RDRESEEQGVEKGRR,1,999,2,2,True
RDRESEGEDGEKGRR,1,999,2,2,False
RDRESEGEEGQKAGA,1,1000,4,4,True
RDRESERGQEESAGA,1,1001,1,1,True
RDRIRRGAG*KGRRR,1,948,2,2,False
RDRKSEGEEEEKAGA,1,388,11,11,False
RDRKSEGQEEEKAGA,1,388,11,11,False
RDRKSEGVEGERAGA,1,1000,4,4,False
RDRNLRRWREQKAGA,1,1002,1,1,True
RDRNPAGRRRKRPAQ,1,13,291,376,False
RDRNPALIRRKGAGF,1,1003,1,1,True
RDRNPAREEGEKPGA,1,1004,4,4,True
RDRNPARRRRKRPAQ,1,13,291,376,False
RDRNPAVRRGKRPAQ,2,13,291,376,False
RDRNPAWRRRKGPAQ,1,150,20,21,False
RDRNPDRCRRKGPAQ,1,81,48,51,False
RDRNPDRRRRKGPAQ,1,13,291,376,False
RDRNPDVVEQEMAGA,17,8,8,24,True
RDRNPEGEEEQKAGA,1,1000,4,4,False
RDRNPEGQDGESPGA,1,1005,2,2,True
RDRNPEGRRRKGPAQ,2,13,291,376,False
RDRNPEGRRRKRPAQ,2,13,291,376,False
RDRNPEGVDEERAGA,1,133,12,13,False
RDRNPERRRRKGPAQ,3,13,291,376,False
RDRNPERRRRKRPAQ,1,13,291,376,False
RDRNPERRRRKVPAQ,1,13,291,376,False
RDRNPERRRSKRPAQ,1,987,10,10,False
RDRNPERRRVKRPAQ,1,987,10,10,False
RDRNPEVWRRKRPAQ,1,13,291,376,False
RDRNPEWEDEQKAGA,1,446,4,4,False
RDRNPGCIWVKCRRR,1,1006,1,1,True
RDRNPGEEDEERPGA,1,978,2,2,False
RDRNPGEEEEERAGA,2,68,33,37,False
RDRNPGGEGEKAGAG,1,742,2,2,False
RDRNPGGEQDENPGA,1,1007,2,2,True
RDRNPGGFRGKGPAQ,1,416,15,15,False
RDRNPGGRGRKRPAQ,1,13,291,376,False
RDRNPGRRGSKRPAQ,1,987,10,10,False
RDRNPGRRGVKRPAQ,1,987,10,10,False
RDRNPGRRRRKRPAQ,2,13,291,376,False
RDRNPGSASGKARRR,1,1008,1,1,True
RDRNPGVRRMKRPAQ,1,987,10,10,False
RDRNPGVVEQEMAGA,1,8,8,24,False
RDRNPKEEEEERAGA,2,129,31,35,False
RDRNPKEEGEQRAGA,1,68,33,37,False
RDRNPKFRVRKGPAQ,1,13,291,376,False
RDRNPKGEDGERAGA,1,499,7,7,False
RDRNPKGEEQERAGA,1,499,7,7,False
RDRNPKGGRRKRPAQ,1,13,291,376,False
RDRNPKGGSRKRPGA,1,497,2,2,False
RDRNPKGKEVERAGA,1,20,20,24,False
RDRNPKGRGRKGGAG,1,891,2,2,False
RDRNPKGRGRKRPAQ,1,13,291,376,False
RDRNPKGRRRKGPAQ,2,13,291,376,False
RDRNPKGRRRKRPAQ,10,13,291,376,False
RDRNPKGRRRKSPAQ,2,13,291,376,False
RDRNPKGRRR_SPAQ,1,13,291,376,False
RDRNPKGRRSKGPAQ,1,13,291,376,False
RDRNPKGRRVKGPAQ,1,13,291,376,False
RDRNPKGRWRKGRRR,1,1009,3,3,True
RDRNPKGWRVKRPAQ,1,13,291,376,False
RDRNPKIWRGKWPAQ,1,958,6,6,False
RDRNPKLEDEEKAGA,1,133,12,13,False
RDRNPKMRRSKRPAQ,1,13,291,376,False
RDRNPKREEEERAGA,2,129,31,35,False
RDRNPKRGSWKVPAQ,1,1010,7,7,True
RDRNPKRKGEQRGRR,1,1011,1,1,True
RDRNPKRMSRKGPAQ,1,1010,7,7,False
RDRNPKRREQERAGA,1,129,31,35,False
RDRNPKRRFRKRPAQ,1,13,291,376,False
RDRNPKRRGWKRPAQ,1,1010,7,7,False
RDRNPKRRKDEKAGA,1,133,12,13,False
RDRNPKRRRGKRPAQ,1,13,291,376,False
RDRNPKRRRRKGPAQ,2,13,291,376,False
RDRNPKRRRRKRPAQ,9,13,291,376,False
RDRNPKRRRRKWPAQ,1,13,291,376,False
RDRNPKRRSRKGPAQ,2,13,291,376,False
RDRNPKRRSRKRPAQ,1,13,291,376,False
RDRNPKRRSVKRPAQ,1,1010,7,7,False
RDRNPKRRVEQKAGA,1,133,12,13,False
RDRNPKRSREMAGAG,1,1012,1,1,True
RDRNPKRWRRKRPAQ,1,13,291,376,False
RDRNPKSEEEERAGA,1,129,31,35,False
RDRNPKWRRRKGPAQ,1,13,291,376,False
RDRNPKWRRRKRPAQ,1,13,291,376,False
RDRNPKWRWSKGPAQ,1,150,20,21,False
RDRNPMGGEEERAGA,1,129,31,35,False
RDRNPMGRRGKGPAQ,1,13,291,376,False
RDRNPMRGRRERAGA,2,129,31,35,False
RDRNPMRGRSKGPAQ,1,130,11,12,False
RDRNPNGGRGKSPAQ,1,861,5,5,False
RDRNPNGRRRKRPAQ,1,13,291,376,False
RDRNPNRRRRKRPAQ,1,13,291,376,False
RDRNPNRVEQEKAGA,1,8,8,24,False
RDRNPPISIWKWPAQ,1,1013,1,1,True
RDRNPQGRGEEKAGA,2,133,12,13,True
RDRNPQGRRGKRPAQ,1,13,291,376,False
RDRNPQGRRIKGPAQ,1,13,291,376,False
RDRNPQGRRRKGPAQ,2,13,291,376,False
RDRNPQGRRRKRPAQ,1,13,291,376,False
RDRNPQGRSGKSPAQ,1,769,2,2,False
RDRNPQGRSRKGPAQ,1,150,20,21,False
RDRNPQGWRRKSPAQ,1,13,291,376,False
RDRNPQRGGRKGPAQ,1,502,6,6,False
RDRNPQRGRRKRPAQ,2,13,291,376,False
RDRNPQRRRRKGPAQ,2,13,291,376,False
RDRNPQRRRRKRPAQ,2,13,291,376,False
RDRNPQRRRWKRPGA,1,135,13,14,False
RDRNPQRRSSKRPAQ,1,987,10,10,False
RDRNPQRWRRKGPAQ,1,502,6,6,False
RDRNPQRWRVKRPAR,1,1014,2,2,True
RDRNPQSSRRKWPAQ,1,958,6,6,False
RDRNPQWEEEEKAGA,1,133,12,13,False
RDRNPQWGRRKRPAQ,1,754,3,3,False
RDRNPRGGRRKRPAQ,1,13,291,376,False
RDRNPRGRGRKGPAQ,1,150,20,21,False
RDRNPRGRGRKWPAQ,1,13,291,376,False
RDRNPRGRRCKWPAQ,1,13,291,376,False
RDRNPRGRRMKRPAQ,1,13,291,376,False
RDRNPRGRRRKRPAQ,3,13,291,376,False
RDRNPRGWRGGKRPA,1,1015,1,1,True
RDRNPRRGGSKGPAR,1,1016,2,2,True
RDRNPRRRRGKGPAA,1,1016,2,2,False
RDRNPRRRRRKGPAQ,5,13,291,376,False
RDRNPRRRRRKRPAQ,3,13,291,376,False
RDRNPRRRRRKRPGQ,1,135,13,14,False
RDRNPRRRRRKVPAQ,1,13,291,376,False
RDRNPRRRSGKGPAQ,1,150,20,21,False
RDRNPRRWRRKRPAQ,1,958,6,6,False
RDRNPRSREEQSAGA,1,1017,2,2,True
RDRNPRSRREEKAGA,1,133,12,13,False
RDRNPRVQEEEKPGA,1,1004,4,4,False
RDRNPRWRDGESPGA,1,1005,2,2,False
RDRNPSGGMRKLPAQ,1,1018,3,3,True
RDRNPSREEGEMAGA,1,1004,4,4,False
RDRNPSWRGLKSPAQ,1,1019,1,1,True
RDRNPTEEEEEKAGA,1,634,5,5,False
RDRNPTGRRRKGPAQ,1,13,291,376,False
RDRNPTGSRRERPGA,1,495,5,5,False
RDRNPTIIVCKRAGA,2,134,1,2,True
RDRNPTRQEEEKAGA,1,77,23,26,False
RDRNPTRRRRKGRRR,1,1009,3,3,False
RDRNPTRRRRKRPAQ,2,13,291,376,False
RDRNPTRRRSKRPGA,1,135,13,14,False
RDRNPTRWEEERAGA,1,129,31,35,False
RDRNPTSRRSKSRRR,1,967,2,2,False
RDRNPWGRRRKLPAQ,1,13,291,376,False
RDRNRGGGGAKCRRR,1,516,4,4,False
RDRNRKGGRRKRPAQ,1,13,291,376,False
RDRNSAGEEDEKAGA,1,1000,4,4,False
RDRQPQLLFLGGPRQ,1,34,12,14,False
RDRSRSCCF*GSRRR,1,1020,1,1,True
RDRYPLLLFLVQPFQ,1,1021,2,2,True
RDSESGEEQGEKAGA,1,80,4,5,False
RDSIRRGGGAKGRRR,1,139,16,17,False
RDSKSEEEEEEKAGA,1,896,5,5,False
RDSNPAMSIWKMPAA,1,1022,1,1,True
RDSNPDEGEDESAGA,1,1023,1,1,True
RDSNPDVGDQERAGA,1,8,8,24,False
RDSNPEGEEGEIAGA,1,767,3,3,False
RDSNPEGRSWKGPAQ,1,963,7,7,False
RDSNPERWRGKRRRR,1,523,2,2,False
RDSNPFRRRRKRPGA,2,135,13,14,True
RDSNPGGEEQEKAGA,1,1024,4,4,True
RDSNPKEEQEERPGA,1,520,2,2,False
RDSNPKGGEEERAGA,1,129,31,35,False
RDSNPKGREEEMAGA,1,129,31,35,False
RDSNPKGRRRKRPAQ,1,13,291,376,False
RDSNPKGRSIKGPAQ,1,1025,6,6,True
RDSNPKREEEEKAGA,1,129,31,35,False
RDSNPKRREEEKAGA,1,77,23,26,False
RDSNPKRREEQSAGA,1,1017,2,2,False
RDSNPKRREQERAGA,1,129,31,35,False
RDSNPKRRRGKRPAQ,1,987,10,10,False
RDSNPKRRRRKRPAQ,1,13,291,376,False
RDSNPKRRRRKSPAQ,1,13,291,376,False
RDSNPKSRRWERAGA,1,986,4,4,False
RDSNPMGRFGKARRR,1,968,4,4,False
RDSNPMREEEEKAGA,1,1024,4,4,False
RDSNPMRRSRKGPGA,1,135,13,14,False
RDSNPMVQEEENAGA,1,1026,1,1,True
RDSNPNRRRRKGPAQ,1,81,48,51,False
RDSNPNRRRSKRPGA,1,135,13,14,False
RDSNPNRVEEQSPGA,1,1027,1,1,True
RDSNPQCRRCKRPAQ,1,853,12,12,False
RDSNPQGRRRKGPAQ,1,1025,6,6,False
RDSNPQRGRRKGPAQ,1,81,48,51,False
RDSNPQRMRRKWPAQ,1,958,6,6,False
RDSNPQRRGSKRRVL,1,1028,1,1,True
RDSNPQSLSGKMPAQ,1,1029,1,1,True
RDSNPQWGSGKRPAQ,1,754,3,3,False
RDSNPRGCRRKGPAQ,1,81,48,51,False
RDSNPRGEEEEKAGA,1,1024,4,4,False
RDSNPRGRRGKGPAQ,1,1025,6,6,False
RDSNPRGRRMKGPAQ,1,1025,6,6,False
RDSNPRGRRRKGPAQ,1,81,48,51,False
RDSNPRGWRGKGPAQ,1,81,48,51,False
RDSNPRWRSRKVPAQ,1,150,20,21,False
RDSNPSGCVRKVPAQ,1,639,2,2,False
RDSNPSGRRRKLPAQ,1,1018,3,3,False
RDSNPSRRRRKGPAQ,1,81,48,51,False
RDSNPTRGSGKIPAQ,1,235,2,2,False
RDSNPTRRMIKRPAR,1,1030,1,1,True
RDSNSGEQGQENAGA,1,1031,1,1,True
RDSWPFLLFLRQPWQ,1,998,2,2,False
RDTGPLLLFLWQPAQ,1,1021,2,2,False
RDVESDEEDEESAGA,1,529,4,4,False
RDVESEGVEEEMAGA,1,529,4,4,False
RDVIRPAAA*KSRRR,2,136,1,2,True
RDVNPARSRSKRPGA,1,135,13,14,False
RDVNPARVEVEIPGA,1,1004,4,4,False
RDVNPARVG*KGRRR,1,349,2,2,False
RDVNPEEVGGERAGA,1,792,4,4,False
RDVNPGGRRREMAGA,1,522,5,5,False
RDVNPGVLVRQSAGA,1,1032,2,2,True
RDVNPKGGRREKAGA,1,1033,2,2,True
RDVNPKGRSRKGPAQ,1,1025,6,6,False
RDVNPKGRWRKGPAQ,1,1025,6,6,False
RDVNPKQEEEKAGAG,1,1034,1,1,True
RDVNPKRRRRKRPAA,1,135,13,14,False
RDVNPNFCGLKWPAQ,1,1035,1,1,True
RDVNPNGRRWKMPAQ,1,15,3,9,False
RDVNPRGG*GNGRRR,2,69,38,42,False
RDVNPRGWG*GKCRR,1,1036,1,1,True
RDVNPRSGRGKVPAQ,1,137,7,9,False
RDVNPSFGFGKFPAQ,2,137,7,9,True
RDVNPSGCC*NCRRR,1,53,10,12,False
RDVNPTGQEQERAGA,1,20,20,24,False
RDVNPTREQGERAGA,1,913,2,2,False
RDVNPTVQQQERAGA,1,1037,1,1,True
RDVNPVGGVGESAGA,1,463,7,7,False
RDVNPVVGVRERAGA,1,789,2,2,False
RDVNPWLLFLRQPYQ,1,110,29,32,False
RDVQPGLLFLWWPVQ,1,34,12,14,False
RDVRPAGGGNSRRRV,1,1038,1,1,True
RDVTPELLFLGFPVQ,2,138,1,2,True
RDVVAVAAVSVVAGA,3,37,8,10,True
RDWESEEEEEEKAGA,1,896,5,5,False
RDWESEGQEEEKAGA,1,388,11,11,False
RDWESERVEEERGRR,1,1039,1,1,True
RDWLPLLLFLQYPMQ,1,184,12,12,False
RDWNPEGQGGERAGA,1,792,4,4,False
RDWNPFVLVLKCRRR,1,1040,2,2,True
RDWNPGVGQVESAGA,1,1041,2,2,True
RDWNPHGGAGKARRR,1,968,4,4,False
RDWNPKGRRRKGPAQ,1,13,291,376,False
RDWNPKGRRRKRAGA,1,135,13,14,False
RDWNPLFCG*KCRRR,1,111,2,3,False
RDWNPQGWWGKRPAQ,1,963,7,7,False
RDWNPRGGVRRAGAG,1,1042,1,1,True
RDWNPRGRRRKGPAQ,1,13,291,376,False
RDWNPRRGGWKVPAQ,1,1010,7,7,False
RDWNPSGRRRKRPAQ,1,13,291,376,False
RDWNPTGGMMKRPGA,1,1043,1,1,True
RDWNPTRGDGEMAGA,1,795,4,4,False
RDWNPTRSMGKSPAQ,1,1044,1,1,True
RDWNPWGVEEERAGA,1,129,31,35,False
RDWNPWLLFLKQPKQ,1,0,440,11232,False
RDYNPYLLFLKQPNQ,1,1,400,4647,False
RDYNPYLLFLSRPKQ,1,1,400,4647,False
RDYQPDLLFLKQPNQ,1,1045,1,1,True
REGIRRGGA*NCRRR,1,24,5,8,False
RGCAIRRGGAGKGRR,1,1046,1,1,True
RGCESEGQDEERAGA,1,1047,2,2,True
RGCESGGQLVQMPGA,1,1048,1,1,True
RGCESGVEGRERAGA,1,665,2,2,False
RGCQSARRGHEMAGA,1,1049,1,1,True
RGCQSGRGVEEKAGA,1,1050,1,1,True
RGINPALFFGKGPAQ,1,1051,1,1,True
RGQESAVEGEEKAGA,1,249,7,7,False
RGQESDREEEERAGA,1,30,82,93,False
RGQESEEEEEERAGA,2,30,82,93,False
RGQESEEEGEERAGA,1,30,82,93,False
RGQESEEEQEQRAGA,1,30,82,93,False
RGQESEGEGEESAGA,1,30,82,93,False
RGQESGEEQEEMAGA,1,30,82,93,False
RGQESGGQGQEKAGA,1,249,7,7,False
RGQGIRRGGSGNARR,1,1052,1,1,True
RGQQSADEDGQRAGA,1,1053,1,1,True
RGQQSDQQEVEMAGA,3,38,6,10,True
RGQQSEEEEEERAGA,2,30,82,93,False
RGQQSGQEEEEMAGA,1,38,6,10,False
RGWESDQVEVERAGA,2,38,6,10,False
RGWESEGEGEEKAGA,1,122,4,5,False
RGWESGEVQGERAGA,1,1054,2,2,True
RGWESGVVGGERAGA,1,1054,2,2,False
RGWESVEEDEEKAGA,1,1055,1,1,True
RGWQSAGGEEERAGA,1,122,4,5,False
RGWQSGGLRVQSPGA,1,1056,1,1,True
RGYESDHQEVERAGA,1,38,6,10,False
RGYESEEEEEERAGA,1,30,82,93,False
RGYESGGEVEEKAGA,1,280,5,5,False
RGYESVRRHEQSPGA,1,805,2,2,False
RGYQSDQQERQNPGA,1,1057,1,1,True
RGYQSVRQEEERAGA,1,1058,1,1,True
RHRNPEGRRRKRPAQ,1,13,291,376,False
RIAIRPGGGGKGRRR,2,139,16,17,True
RIAIRRGGGAKGRRR,1,139,16,17,False
RIAIRSGGGGNGRRR,1,139,16,17,False
RIGIRRGGS*KGRRR,1,139,16,17,False
RISIRAG*SGKARRR,1,1059,1,1,True
RMGRRCCCFCPGRGR,1,1060,1,1,True
RQESGGEEEERAGAG,2,140,2,3,True
RV*IRRGGGGKGRRR,1,139,16,17,False
RV*IRSGG*AKGRRR,1,1061,1,1,True
RVAIRTAGGGKGRRR,1,139,16,17,False
RVESAHVDGQRAGAG,1,1062,1,1,True
RVGIR*GGGGKGRRR,1,139,16,17,False
RVGIRRGGGGKGRRR,1,139,16,17,False
RVGIRRGLRRKRPAQ,1,1063,1,1,True
RVSIRCSSCANARRR,1,1064,2,2,True
SDCIRT*SSGKSRRR,1,1065,1,1,True
SDCNPACWWWKFPAQ,1,963,7,7,False
SDCNPELLQLEMAGA,1,1066,1,1,True
SDEKPKLLFLRQPKQ,1,125,3,4,False
SDELPFLLFLQYPVQ,1,184,12,12,False
SDFNPNFVVCKGPAQ,1,198,2,2,False
SDFNPPCVICKCPAQ,1,100,7,8,False
SDFNPTWLFGKCPAQ,1,207,2,2,False
SDFNPWLLFLKLPAQ,1,2,945,10007,False
SDFNPWLLFLKVPAQ,1,2,945,10007,False
SDGEPLRCFCCSRCR,1,1067,1,1,True
SDGESVLLRGEMPGA,1,717,2,2,False
SDGIRAAGG*KGRRR,1,342,4,4,False
SDGLPVLLFLQWPVQ,1,181,19,19,False
SDGNPAFGFGKFPVQ,2,137,7,9,False
SDGNPCCGGCKSRRR,1,1068,1,1,True
SDGNPGVVRQSAGAG,1,1069,1,1,True
SDGNPGWMGCEIPGA,1,1070,1,1,True
SDGNPHVGEEERAGA,1,129,31,35,False
SDGNPVGVMFKLPAQ,1,71,8,9,False
SDGNPYRRGRKRPAQ,1,1071,4,4,True
SDINPFLLFLKQPRQ,1,3,116,931,False
SDINPPGVIRKVPAQ,2,141,2,3,True
SDINPWLLFLKRPQQ,5,2,945,10007,False
SDINPWLLFLVQPSQ,1,0,440,11232,False
SDINRHLQSPGAGFW,1,1072,1,1,True
SDLLPWLLFLQYPVQ,1,184,12,12,False
SDLNPACGMGKSPAQ,1,745,3,3,False
SDLNPGVCMCKGPAQ,1,1073,2,2,True
SDLNPWLLFLQWPGQ,1,4,162,769,False
SDLVPWLLFLGWPVQ,1,4,162,769,False
SDMNPPGLIRKIPGA,1,880,5,5,False
SDMNPPLRELEIPGA,1,223,2,2,False
SDMNPTVVVGKRPAQ,1,1074,1,1,True
SDMNPWLLFLRQPKQ,3,10,61,143,False
SDQWPELLFLFFPRQ,1,477,3,3,False
SDRAPMLLFLHWPQQ,1,1075,1,1,True
SDRNPAGWVRKRPAQ,1,13,291,376,False
SDRNPGVQEQERAGA,1,8,8,24,False
SDRNPQGRRRKFPAQ,1,13,291,376,False
SDRNPQGRRRKWPAQ,1,13,291,376,False
SDRNPTGRRRKRPAQ,1,13,291,376,False
SDRNPWGGAGKGRRR,1,69,38,42,False
SDRQPGLLFLGDPRQ,1,34,12,14,False
SDSLPLLLFLQWPVQ,1,173,26,27,False
SDSNPEGRWEKAGAG,1,66,3,4,False
SDSNPKVSRCKWRRR,1,1076,1,1,True
SDVESDGVEEEKAGA,1,529,4,4,False
SDVGAVAAVSEHPAA,1,1077,1,1,True
SDVKSGLHRDQKPGA,1,1078,1,1,True
SDVLPLLLACRCRVL,1,1079,1,1,True
SDVNPKGRRRKGPAQ,1,13,291,376,False
SDVNPSGGMGKVPGA,1,534,3,3,False
SDVNPWLLFLKLPQQ,1,2,945,10007,False
SDVRPMLLFLYQPFQ,1,903,3,3,False
SDWGPWLLFLQLPMQ,1,271,5,5,False
SDWNPVEEGEESAGA,1,68,33,37,False
SDWRPLLLFLQLPVQ,1,173,26,27,False
SDYNPWLLFLKKPQQ,1,1,400,4647,False
SDYNPWLLFLRQPEQ,5,0,440,11232,False
SDYNPWLLFLRTPFQ,1,0,440,11232,False
SDYNPWLLFLSQPMQ,11,0,440,11232,False
SDYNPWLLFLSQPVQ,1,0,440,11232,False
SDYNPYLLFLQRPMQ,1,1,400,4647,False
SDYNPYLLFLRQPKQ,4,1,400,4647,False
SDYNPYLLFLRQPNQ,1,0,440,11232,False
SDYNPYLLFLYKPQQ,1,1,400,4647,False
SGIAIRGGGGGKGRR,1,575,3,3,False
SGQESEGGDEERAGA,1,1047,2,2,False
SGQQSAGEDDQKAGA,1,87,2,3,False
SGQQSEDQEQERAGA,1,1080,1,1,True
SGWESDEEEQERAGA,1,30,82,93,False
SGWESEGEEGQRGRR,1,1081,1,1,True
SGWQSERLDVESPGA,1,1082,1,1,True
SGWQSGVEEGEKAGA,1,406,5,5,False
SI*IRCSGA*NCRRR,1,1083,1,1,True
SIGIRTGASAKARRR,1,1084,1,1,True
SISIRAASCAKSRRR,1,32,4,6,False
SLIRWCGSGNCRRRV,1,1085,1,1,True
SM*IRGAAAGKSRRR,1,1086,2,2,True
SM*IRPAASAKSRRR,1,1086,2,2,False
SMSIRCCCA*NSRRR,1,1087,1,1,True
SMSIRGGGG*NCRRR,1,1088,1,1,True
SQQSDEEEQERAGAG,1,1089,1,1,True
SRYQSEEEEEEKAGA,1,388,11,11,False
TDANPLLLFLWRPQQ,1,11,59,151,False
TDFNPLLLFLKVPKQ,1,2,945,10007,False
TDFNPLLLFLRQPLQ,2,11,59,151,False
TDFNPRLLFLRTPQQ,1,652,2,2,False
TDFNPWLLFLQQPRQ,5,0,440,11232,False
TDFNPWLLFLRKPKQ,1,1,400,4647,False
TDFNPWLLFLRTPQQ,55,2,945,10007,False
TDFNPYLLFLKKPQQ,3,1,400,4647,False
TDHNPWLLFLRQPWQ,1,0,440,11232,False
TDILPLLLVSGVPAP,1,1090,1,1,True
TDINPWLLFLKMPQQ,1,21,55,73,False
TDINPWLLFLRKPQQ,1,21,55,73,False
TDINPWLLFLRQPDQ,1,0,440,11232,False
TDINPWLLFLRQPKQ,3,0,440,11232,False
TDINPWLLFLRTPQQ,5,4,162,769,False
TDINPWLLFLRVPRQ,1,2,945,10007,False
TDINPWLLFLYQPTQ,1,21,55,73,False
TDINPYLLFLLKPQQ,1,21,55,73,False
TDINPYLLFLRQPRQ,2,3,116,931,False
TDINPYLLFLSNPQQ,1,3,116,931,False
TDLNPLLLFLRQPWQ,1,0,440,11232,False
TDLNPWLLFLQLPWQ,1,4,162,769,False
TDLNPWLLFLRQPEQ,2,4,162,769,False
TDMNPWLLFLRGPQQ,1,4,162,769,False
TDMNPWLLFLRHPVQ,1,4,162,769,False
TDMNPWLLFLRQPSQ,1,0,440,11232,False
TDMNPYLLFLKQPKQ,6,1,400,4647,False
TDMSPELLFLKTRPR,1,1091,1,1,True
TDRRPQLLFLLWPFQ,1,188,7,7,False
TDVNPWLLFLQWPLQ,1,10,61,143,False
TDVNPYLLFLRQPKQ,1,3,116,931,False
TDWNPWLLFLAQPWQ,2,0,440,11232,False
TDWNPWLLFLRQPKQ,81,0,440,11232,False
TDWNPWLLFLRQPNQ,1,110,29,32,False
TDWNPWLLFLRQPTQ,1,110,29,32,False
TDWNPWLLFLRRPTQ,1,4,162,769,False
TDWNPWLLFLRSPQQ,1,4,162,769,False
TDWNPWLLFLRTPFQ,1,4,162,769,False
TDWNPWLLFLSQPVQ,1,271,5,5,False
TDWNPWLLFLTRPQQ,1,10,61,143,False
TDWNPWLLFLVQPGQ,1,271,5,5,False
TDWNPWLLFLWQPAQ,1,0,440,11232,False
TDWNPYLLFLKQPKQ,1,1,400,4647,False
TDWWPMLLFLQRPVQ,1,173,26,27,False
TDYNPILLFLKQPKQ,1,1,400,4647,False
TDYNPLLLFLRMPQQ,2,11,59,151,False
TDYNPMLLFLRQPRQ,2,0,440,11232,False
TDYNPMLLFLWQPGQ,1,0,440,11232,False
TDYNPWLLFLKMPQQ,31,0,440,11232,False
TDYNPWLLFLKQPEQ,113,0,440,11232,False
TDYNPWLLFLKQPRQ,1,0,440,11232,False
TDYNPWLLFLKSPQQ,4,0,440,11232,False
TDYNPWLLFLRKPQQ,9,0,440,11232,False
TDYNPWLLFLSMPVQ,1,945,4,4,False
TDYNPWLLFLTQPKQ,5,0,440,11232,False
TDYNPYLLFLAQPGQ,1,0,440,11232,False
TDYNPYLLFLIKPQQ,1,1,400,4647,False
TDYNPYLLFLKKPQQ,8,1,400,4647,False
TDYNPYLLFLMQPSQ,1,0,440,11232,False
TDYNPYLLFLSQPKQ,7,1,400,4647,False
TDYNPYLLFLSQPNQ,1,3,116,931,False
TDYNPYLLFLWQPKQ,12,1,400,4647,False
VD*IRRCGCSNCRRR,1,484,2,2,False
VDAGPLLLFLLLPQQ,1,188,7,7,False
VDANPWLLFLQWPVQ,1,181,19,19,False
VDANPWLLFLTWPQQ,1,0,440,11232,False
VDAVPWLLFLLGPQQ,1,186,3,3,False
VDCESGEGGVERAGA,1,1092,2,2,True
VDCGPVLLFLQLPAQ,1,60,14,17,False
VDCNPAFCI*NGRRR,1,1093,1,1,True
VDCNPCLFVFKFPAQ,1,143,22,23,False
VDCNPFSICAKSRRR,1,1094,2,2,True
VDCNPFVWVFKSRRR,1,1094,2,2,False
VDCNPGWCAGKCRRR,1,1095,2,2,True
VDCNPIGILGKARRR,1,1096,2,2,True
VDCNPKWGGMKGPGA,1,1097,1,1,True
VDCNPLVVFWKVPAQ,1,19,5,8,False
VDCNPRLREGQNAGA,1,1098,1,1,True
VDCNPWLLFLAQPWQ,1,0,440,11232,False
VDEGPGLLFLGGRCR,1,438,2,2,False
VDEHPHLLFLAVPVQ,2,142,1,2,True
VDFESVLLLG*NCRR,1,1099,1,1,True
VDFKSGVGLLENPGA,1,1100,1,1,True
VDFKSVGLGVQSAGA,1,146,11,12,False
VDFMPLLLFLQWPGQ,1,713,6,6,False
VDFNPAGGIGKIPGA,1,1101,2,2,True
VDFNPALRLLESPGA,1,147,4,5,False
VDFNPFFFLLKLPAQ,2,6,167,539,False
VDFNPFFLFLKFPAQ,2,14,164,286,False
VDFNPFFLFLKLPAQ,3,2,945,10007,False
VDFNPFFLFLKVPAQ,5,2,945,10007,False
VDFNPFFLLLKFPAQ,1,6,167,539,False
VDFNPFFLLLKLPAQ,6,6,167,539,False
VDFNPFFLLLKMPAQ,1,6,167,539,False
VDFNPFFLLLKVPAQ,1,2,945,10007,False
VDFNPFFLLLKWPAQ,1,6,167,539,False
VDFNPFFVFLKFPAQ,1,14,164,286,False
VDFNPFFVFLKVPAQ,1,14,164,286,False
VDFNPFFVLLKFPAQ,1,14,164,286,False
VDFNPFFVLLKLPAQ,2,6,167,539,False
VDFNPFGGFVKFPGA,1,1101,2,2,False
VDFNPFLFFLKFPAQ,1,2,945,10007,False
VDFNPFLIFLKFPAQ,1,689,20,20,False
VDFNPFLIFLKLPAQ,2,2,945,10007,False
VDFNPFLIFLKVPAQ,1,2,945,10007,False
VDFNPFLILLKLPAQ,1,689,20,20,False
VDFNPFLILLKSPAQ,1,689,20,20,False
VDFNPFLLFLKFPAQ,16,2,945,10007,False
VDFNPFLLFLKIPAQ,6,2,945,10007,False
VDFNPFLLFLKLPAQ,81,2,945,10007,False
VDFNPFLLFLKMPAQ,14,2,945,10007,False
VDFNPFLLFLKVPAQ,56,2,945,10007,False
VDFNPFLLFLKWPAQ,2,2,945,10007,False
VDFNPFLLFLQVPLQ,9,2,945,10007,False
VDFNPFLLLLKFPAQ,8,2,945,10007,False
VDFNPFLLLLKGPAQ,1,2,945,10007,False
VDFNPFLLLLKLPAQ,20,6,167,539,False
VDFNPFLLLLKLPVQ,1,6,167,539,False
VDFNPFLLLLKMPAQ,1,689,20,20,False
VDFNPFLLLLKVPAQ,5,2,945,10007,False
VDFNPFLLLLKWPAQ,3,2,945,10007,False
VDFNPFLLWLKLPAQ,1,149,40,42,False
VDFNPFLLWLKVPAQ,3,2,945,10007,False
VDFNPFLMFLKLPAQ,2,2,945,10007,False
VDFNPFLVFLKFPAQ,4,14,164,286,False
VDFNPFLVFLKLPAQ,3,2,945,10007,False
VDFNPFLVFLKVPAQ,2,2,945,10007,False
VDFNPFLVMCKFPAQ,1,689,20,20,False
VDFNPFMLFLKFPAQ,1,2,945,10007,False
VDFNPFMLFLKLPAQ,2,6,167,539,False
VDFNPFMLLLKFPAQ,3,6,167,539,False
VDFNPFMLLLKIPAQ,1,6,167,539,False
VDFNPFMLLLKLPAQ,1,6,167,539,False
VDFNPFMLLLKMPAQ,1,6,167,539,False
VDFNPFMLLLKWPAQ,1,6,167,539,False
VDFNPFMLWLKVPAQ,1,2,945,10007,False
VDFNPFMVFLKVPAQ,1,2,945,10007,False
VDFNPISCIGKIPAQ,1,624,3,3,False
VDFNPKGRVMKMPAQ,1,1102,2,2,True
VDFNPLFFLLKVPAQ,1,143,22,23,False
VDFNPLFFLWKFPAQ,1,143,22,23,False
VDFNPLFLLLKLPAQ,2,6,167,539,False
VDFNPLFVFLKFPAQ,2,14,164,286,False
VDFNPLGCRSKFPGA,1,1103,1,1,True
VDFNPLGLGGQIAGA,1,1104,3,3,True
VDFNPLIFA*KCRRR,1,1105,3,3,True
VDFNPLILVSNCRRR,1,1105,3,3,False
VDFNPLLFLLKLPAQ,2,6,167,539,False
VDFNPLLFLLKVPAQ,1,143,22,23,False
VDFNPLLFVWKVPAQ,2,143,22,23,True
VDFNPLLIFLKMPAQ,1,689,20,20,False
VDFNPLLIFLKVPAQ,2,2,945,10007,False
VDFNPLLLC*NSRRR,1,144,4,5,False
VDFNPLLLFLKFPAQ,16,2,945,10007,False
VDFNPLLLFLKLPAQ,18,2,945,10007,False
VDFNPLLLFLKVPAQ,8,2,945,10007,False
VDFNPLLLFLKWPAQ,2,2,945,10007,False
VDFNPLLLFLLKVPA,1,1106,1,1,True
VDFNPLLLFLQWPVQ,1,5,22,107,False
VDFNPLLLLLKLPAQ,3,6,167,539,False
VDFNPLLMMVKCRRR,1,395,2,2,False
VDFNPLLVFLKFPAQ,1,14,164,286,False
VDFNPLLVFLKIPAQ,1,539,7,7,False
VDFNPLLVFLKLPAQ,1,149,40,42,False
VDFNPLLVFLKVPAQ,2,2,945,10007,False
VDFNPLLVLLKFPAQ,1,14,164,286,False
VDFNPLLVLLKLPAQ,1,91,13,15,False
VDFNPLVGGVEIAGA,1,720,7,7,False
VDFNPLVMLLKIPGA,1,304,2,2,False
VDFNPLVVGRESAGA,1,461,8,8,False
VDFNPLVVVLKVPAQ,1,143,22,23,False
VDFNPMLGGGNCRRR,1,1107,1,1,True
VDFNPMLLFLKFPAQ,11,2,945,10007,False
VDFNPMLLFLKIPAQ,1,2,945,10007,False
VDFNPMLLFLKLPAQ,8,2,945,10007,False
VDFNPMLLFLKVPAQ,2,2,945,10007,False
VDFNPMLLFLRQPKQ,1,0,440,11232,False
VDFNPMLLLLKFPAQ,1,2,945,10007,False
VDFNPMMLFLKLPAQ,2,6,167,539,False
VDFNPMVFLCKVPAQ,1,143,22,23,False
VDFNPNIFGGKGPAQ,1,1108,2,2,True
VDFNPRCVMLKGPAL,1,1109,1,1,True
VDFNPSGAGSKARRR,1,1110,1,1,True
VDFNPSSC**NSRRR,2,144,4,5,True
VDFNPSVFIHEIAGA,1,102,8,9,False
VDFNPVRVVREIAGA,1,202,3,3,False
VDFNPVWLFLKWPAQ,1,2,945,10007,False
VDFNPWFFFLKVPAQ,2,2,945,10007,False
VDFNPWFIFLKLPAQ,1,2,945,10007,False
VDFNPWFIFLKMPAQ,11,2,945,10007,False
VDFNPWFLFLKFPAQ,1,2,945,10007,False
VDFNPWFLFLKMPAQ,7,2,945,10007,False
VDFNPWFLFLKVPAQ,7,2,945,10007,False
VDFNPWFLLLKLPAQ,2,6,167,539,False
VDFNPWFLLLKMPAQ,1,2,945,10007,False
VDFNPWFLWLKLPAQ,1,149,40,42,False
VDFNPWFVFLKFPAQ,12,2,945,10007,False
VDFNPWFVFLKIPAQ,1,14,164,286,False
VDFNPWFVFLKLPAQ,17,2,945,10007,False
VDFNPWFVFLKVPAQ,31,2,945,10007,False
VDFNPWFVLLKLPAQ,1,149,40,42,False
VDFNPWLFFLKFPAQ,2,2,945,10007,False
VDFNPWLFFLKIPAQ,3,2,945,10007,False
VDFNPWLFFLKLPAQ,15,2,945,10007,False
VDFNPWLFFLKVPAQ,40,2,945,10007,False
VDFNPWLFLLKFPAQ,5,2,945,10007,False
VDFNPWLFLLKLPAQ,8,2,945,10007,False
VDFNPWLFLLKMPAQ,6,2,945,10007,False
VDFNPWLFLLKVPAQ,5,2,945,10007,False
VDFNPWLFLLKWPAQ,1,2,945,10007,False
VDFNPWLFWLKVPAQ,7,2,945,10007,False
VDFNPWLIFLKFPAQ,19,2,945,10007,False
VDFNPWLIFLKIPAQ,1,2,945,10007,False
VDFNPWLIFLKLPAQ,17,2,945,10007,False
VDFNPWLIFLKMPAQ,38,2,945,10007,False
VDFNPWLIFLKVPAQ,90,2,945,10007,False
VDFNPWLIFMKIPAQ,3,2,945,10007,False
VDFNPWLILLKFPAQ,1,2,945,10007,False
VDFNPWLILLKLPAQ,5,2,945,10007,False
VDFNPWLILLKMPAQ,5,2,945,10007,False
VDFNPWLILLKVPAQ,7,2,945,10007,False
VDFNPWLIWLKVPAQ,1,2,945,10007,False
VDFNPWLLFFKCPAQ,1,2,945,10007,False
VDFNPWLLFLAQPWQ,5,0,440,11232,False
VDFNPWLLFLARPDQ,1,0,440,11232,False
VDFNPWLLFLGRPRQ,1,0,440,11232,False
VDFNPWLLFLKFPAQ,169,2,945,10007,False
VDFNPWLLFLKGPAQ,11,2,945,10007,False
VDFNPWLLFLKIPAQ,9,2,945,10007,False
VDFNPWLLFLKKPKQ,1,1,400,4647,False
VDFNPWLLFLKKPQQ,1,2,945,10007,False
VDFNPWLLFLKLPAQ,1046,0,440,11232,False
VDFNPWLLFLKLPVQ,5,2,945,10007,False
VDFNPWLLFLKMPAQ,45,2,945,10007,False
VDFNPWLLFLKNPQQ,1,2,945,10007,False
VDFNPWLLFLKQPKQ,1,0,440,11232,False
VDFNPWLLFLKQPNQ,1,0,440,11232,False
VDFNPWLLFLKQPSQ,1,0,440,11232,False
VDFNPWLLFLKRPAQ,5,2,945,10007,False
VDFNPWLLFLKVPAQ,740,0,440,11232,False
VDFNPWLLFLKVPKQ,1,2,945,10007,False
VDFNPWLLFLKWPAQ,18,2,945,10007,False
VDFNPWLLFLLRPDQ,1,0,440,11232,False
VDFNPWLLFLMRPKQ,1,10,61,143,False
VDFNPWLLFLNLPQQ,9,0,440,11232,False
VDFNPWLLFLQFPVQ,4,0,440,11232,False
VDFNPWLLFLQLPGQ,17,0,440,11232,False
VDFNPWLLFLQLPQQ,1,0,440,11232,False
VDFNPWLLFLQLPVQ,2,4,162,769,False
VDFNPWLLFLQRPLQ,1,10,61,143,False
VDFNPWLLFLQVPVQ,124,2,945,10007,False
VDFNPWLLFLREPQQ,1,0,440,11232,False
VDFNPWLLFLRGPNQ,1,0,440,11232,False
VDFNPWLLFLRKPAQ,1,2,945,10007,False
VDFNPWLLFLRMPNQ,3,0,440,11232,False
VDFNPWLLFLRNPQQ,1,0,440,11232,False
VDFNPWLLFLRQPMQ,6,0,440,11232,False
VDFNPWLLFLRQPRQ,17,0,440,11232,False
VDFNPWLLFLRQPTQ,1,0,440,11232,False
VDFNPWLLFLRRPHQ,2,0,440,11232,False
VDFNPWLLFLRRPVQ,1,4,162,769,False
VDFNPWLLFLRTPFQ,2,0,440,11232,False
VDFNPWLLFLSMPQQ,1,0,440,11232,False
VDFNPWLLFLSSPQQ,4,0,440,11232,False
VDFNPWLLFLTAPQQ,1,0,440,11232,False
VDFNPWLLFLTRPQQ,3,0,440,11232,False
VDFNPWLLFLVQPSQ,148,0,440,11232,False
VDFNPWLLFLVQPWQ,1,0,440,11232,False
VDFNPWLLFMKFPAQ,6,2,945,10007,False
VDFNPWLLFMKWPAQ,1,2,945,10007,False
VDFNPWLLLKVPAQG,1,1111,1,1,True
VDFNPWLLLLKFPAQ,18,2,945,10007,False
VDFNPWLLLLKIPAQ,1,2,945,10007,False
VDFNPWLLLLKLPAQ,60,2,945,10007,False
VDFNPWLLLLKMPAQ,6,2,945,10007,False
VDFNPWLLLLKVPAQ,19,2,945,10007,False
VDFNPWLLLLKWPAQ,4,2,945,10007,False
VDFNPWLLLMKVPAQ,1,2,945,10007,False
VDFNPWLLMLKFPAQ,1,2,945,10007,False
VDFNPWLLMLKLPAQ,3,2,945,10007,False
VDFNPWLLMLKMPAQ,1,2,945,10007,False
VDFNPWLLMLKRPAQ,1,2,945,10007,False
VDFNPWLLWIKLPAQ,1,149,40,42,False
VDFNPWLLWLKLPAQ,18,2,945,10007,False
VDFNPWLLWLKMPAQ,26,2,945,10007,False
VDFNPWLLWLKRPAQ,1,2,945,10007,False
VDFNPWLLWLKVPAQ,93,2,945,10007,False
VDFNPWLLWVKLPAQ,1,149,40,42,False
VDFNPWLMFLKFPAQ,11,2,945,10007,False
VDFNPWLMFLKLPAQ,8,2,945,10007,False
VDFNPWLMFLKVPAQ,5,2,945,10007,False
VDFNPWLMLLKLPAQ,1,149,40,42,False
VDFNPWLMWLKLPAQ,1,149,40,42,False
VDFNPWLVFLKFPAQ,38,2,945,10007,False
VDFNPWLVFLKLPAQ,173,2,945,10007,False
VDFNPWLVFLKLSAQ,1,149,40,42,False
VDFNPWLVFLKMPAQ,6,2,945,10007,False
VDFNPWLVFLKVPAQ,79,2,945,10007,False
VDFNPWLVFLKWPAQ,25,2,945,10007,False
VDFNPWLVLLKFPAQ,10,2,945,10007,False
VDFNPWLVLLKLPAQ,4,2,945,10007,False
VDFNPWLVLLKVPAQ,6,2,945,10007,False
VDFNPWLVWLKLPAQ,1,149,40,42,False
VDFNPWLVWLKVPAQ,14,2,945,10007,False
VDFNPWLVWLKWPAQ,1,149,40,42,False
VDFNPWLWFLKFPAQ,1,2,945,10007,False
VDFNPWLWFLKVPAQ,5,2,945,10007,False
VDFNPWLWLLKVPAQ,3,2,945,10007,False
VDFNPWMFFLKLPAQ,1,2,945,10007,False
VDFNPWMFFLKWPAQ,1,2,945,10007,False
VDFNPWMIFLKVPAQ,3,2,945,10007,False
VDFNPWMLFLKFPAQ,3,2,945,10007,False
VDFNPWMLFLKLPAQ,64,2,945,10007,False
VDFNPWMLFLKVPAQ,10,2,945,10007,False
VDFNPWMLFLKWPAQ,3,2,945,10007,False
VDFNPWMLLLKVPAQ,1,2,945,10007,False
VDFNPWMLWLKLPAQ,1,6,167,539,False
VDFNPWMLWLKVPAQ,2,2,945,10007,False
VDFNPWMVFLKFPAQ,4,14,164,286,False
VDFNPWMVFLKVPAQ,7,2,945,10007,False
VDFNPWVVVGQIAGA,1,120,10,12,False
VDFNPYFFFLKLPAQ,1,14,164,286,False
VDFNPYFFLFKFPAQ,1,14,164,286,False
VDFNPYFFLLKFPAQ,1,14,164,286,False
VDFNPYFFLLKLPAQ,1,6,167,539,False
VDFNPYFFLLKVPAQ,1,6,167,539,False
VDFNPYFIFLKFPAQ,4,14,164,286,False
VDFNPYFIFLKLPAQ,1,14,164,286,False
VDFNPYFIFLKSPAQ,1,14,164,286,False
VDFNPYFIFWKVPAQ,1,14,164,286,False
VDFNPYFLFFKFPAQ,1,14,164,286,False
VDFNPYFLFFKLPAQ,2,6,167,539,False
VDFNPYFLFLKFPAQ,23,2,945,10007,False
VDFNPYFLFLKLPAQ,9,6,167,539,False
VDFNPYFLFLKVPAQ,3,2,945,10007,False
VDFNPYFLLLKFPAQ,3,6,167,539,False
VDFNPYFLLLKGPAQ,1,6,167,539,False
VDFNPYFLLLKLPAQ,15,6,167,539,False
VDFNPYFLLLKVPAQ,4,6,167,539,False
VDFNPYFLWFKFPAQ,1,14,164,286,False
VDFNPYFVFLKFPAQ,2,14,164,286,False
VDFNPYFVFLKFPVQ,1,14,164,286,False
VDFNPYFVFLKLPAQ,2,14,164,286,False
VDFNPYFVFLKWPAQ,2,14,164,286,False
VDFNPYFVLLKLPAQ,1,6,167,539,False
VDFNPYFVLLKWPAQ,1,14,164,286,False
VDFNPYLFFLKMPAQ,2,2,945,10007,False
VDFNPYLFFLKVPAQ,2,2,945,10007,False
VDFNPYLFLLKFPAQ,3,6,167,539,False
VDFNPYLFLLKLPAQ,3,6,167,539,False
VDFNPYLIFLKFPAQ,6,14,164,286,False
VDFNPYLIFLKLPAQ,1,2,945,10007,False
VDFNPYLILLKLPAQ,4,6,167,539,False
VDFNPYLILLKVPAQ,4,2,945,10007,False
VDFNPYLLFLKFPAQ,33,2,945,10007,False
VDFNPYLLFLKKPKQ,2,1,400,4647,False
VDFNPYLLFLKLPAQ,151,2,945,10007,False
VDFNPYLLFLKVPAQ,32,2,945,10007,False
VDFNPYLLFLQWPSQ,2,5,22,107,False
VDFNPYLLFLRKPQQ,1,1,400,4647,False
VDFNPYLLFLRKPSQ,2,1,400,4647,False
VDFNPYLLFLRVPEQ,1,2,945,10007,False
VDFNPYLLFLRVPKQ,1,1,400,4647,False
VDFNPYLLFLSTPQQ,1,3,116,931,False
VDFNPYLLLLKFPAQ,1,6,167,539,False
VDFNPYLLLLKLPAQ,6,6,167,539,False
VDFNPYLLLLKVPAQ,4,2,945,10007,False
VDFNPYLLMLKLPAQ,1,6,167,539,False
VDFNPYLLWLKWPAQ,1,2,945,10007,False
VDFNPYLMFLKFPAQ,1,14,164,286,False
VDFNPYLVFLKFPAQ,7,14,164,286,False
VDFNPYLVFLKLPAQ,2,14,164,286,False
VDFNPYLVFLKWPAQ,1,14,164,286,False
VDFNPYLVLLKFPAQ,1,14,164,286,False
VDFNPYLWFLKFPAQ,1,14,164,286,False
VDFNPYMLFLKFPAQ,8,6,167,539,False
VDFNPYVRLLESPGA,1,147,4,5,False
VDFQSVGVVGQIPGA,1,1112,2,2,True
VDFQSVLDVVEIAGA,1,39,13,16,False
VDGCPLLLFLLWPQQ,1,9,18,39,False
VDGGPLLLFLSGPKQ,1,9,18,39,False
VDGGPLLLFLSGPVQ,17,9,18,39,True
VDGGPRLLFLVCPTQ,1,9,18,39,False
VDGGPWLLFLGLPVQ,1,9,18,39,False
VDGGPWLLFLQWPVQ,2,9,18,39,False
VDGIRCSSSGNSRRR,1,1113,2,2,True
VDGIRTAGGANCRRR,1,1114,1,1,True
VDGIRWGWGSKGRRR,1,1115,2,2,True
VDGKSVVLVGQRAGR,1,847,3,3,False
VDGKSVVVVGQRAGA,1,847,3,3,False
VDGLPWLLFLQLPVQ,1,4,162,769,False
VDGNPARVLLEKPGA,1,1116,1,1,True
VDGNPCRLLSKVPAR,1,1117,1,1,True
VDGNPDEGVEQRAGA,1,1118,1,1,True
VDGNPDGVGHERAGA,1,1119,4,4,True
VDGNPFWGRGKVPAQ,1,130,11,12,False
VDGNPGDGGGQIAGA,1,146,11,12,False
VDGNPGEEGDERAGA,1,68,33,37,False
VDGNPGGRGVKGPAQ,1,214,17,17,False
VDGNPGGVGVKVPGA,1,733,2,2,False
VDGNPGRGGGQRAGA,1,146,11,12,False
VDGNPGRGRRERAGA,1,129,31,35,False
VDGNPGRRRGERAGA,1,986,4,4,False
VDGNPGVQEKAGAGF,1,1120,1,1,True
VDGNPHCVVWKCAGA,1,1121,1,1,True
VDGNPHWREEERAGA,1,129,31,35,False
VDGNPIWCSMKVPGA,2,145,1,2,True
VDGNPKGGKDERAGA,1,129,31,35,False
VDGNPKGLRRKRPAQ,1,13,291,376,False
VDGNPKRRGRKRPAQ,1,1071,4,4,False
VDGNPKRRRRKMPAQ,1,13,291,376,False
VDGNPKRWRVKGPAQ,1,628,4,4,False
VDGNPLRVLGQIAGA,1,76,10,11,False
VDGNPLVMGGENAGA,1,422,4,4,False
VDGNPLWCCGESAGA,1,697,4,4,False
VDGNPMGWRGKGPAQ,1,416,15,15,False
VDGNPNGCVGKSPAA,1,1122,1,1,True
VDGNPNGLRRKRAGA,1,910,4,4,False
VDGNPPFVMWKVPAQ,1,721,5,5,False
VDGNPPGFCCKGPAQ,1,214,17,17,False
VDGNPQGGRGKVASA,1,1123,2,2,True
VDGNPQVCWLKGAGF,1,1124,1,1,True
VDGNPRGRGSKRPAQ,1,558,3,3,False
VDGNPRGRKEERAGA,1,68,33,37,False
VDGNPRGRRWKSPRR,1,1125,1,1,True
VDGNPRRRGDERAGA,1,68,33,37,False
VDGNPRRRRRKRPAQ,1,1071,4,4,False
VDGNPSCVFCKIPGA,1,1126,1,1,True
VDGNPSGRGLQRPGA,1,1127,2,2,True
VDGNPSGWVGKMPAQ,1,1102,2,2,False
VDGNPVGGGVQSAGA,2,146,11,12,True
VDGNPVGGVVESAGA,1,146,11,12,False
VDGNPVGLGGKGPAQ,1,28,7,9,False
VDGNPVGRRSKVAGA,1,1123,2,2,False
VDGNPVGVRWKGPAQ,1,963,7,7,False
VDGNPVGWVVKGPAQ,1,214,17,17,False
VDGNPWLLFLTWPQQ,1,0,440,11232,False
VDGQPYLLFLRQPKQ,1,1128,3,3,True
VDGWPLLLFLQWPVQ,1,9,18,39,False
VDGWPMLLFLQLPMQ,1,937,4,4,False
VDGWPWLLFLQWPLQ,1,217,2,2,False
VDIIRGGG*GKGRRR,1,1129,3,3,True
VDIKSVGVGVEIAGA,1,202,3,3,False
VDINPASCISKIAGA,1,1130,1,1,True
VDINPCSIIWKCPAQ,1,1131,1,1,True
VDINPDFGIQERPGA,1,1132,1,1,True
VDINPERRSRKRPAR,1,1133,1,1,True
VDINPFLLFLRQPYQ,2,110,29,32,False
VDINPIIVCRKARRI,1,1134,1,1,True
VDINPLCWLLESPGA,2,147,4,5,True
VDINPPGGRRQKAGA,1,1033,2,2,False
VDINPRRCVGKFPAQ,1,1135,1,1,True
VDINPSGAS*KSRRR,2,48,5,7,False
VDINPSGFFWKVPAQ,1,143,22,23,False
VDINPSVGMGKSPAQ,1,1136,1,1,True
VDINPTACCGKSRRR,1,325,3,3,False
VDINPTCVFCKCPAQ,1,1137,1,1,True
VDINPTVIMGNGRRR,1,1138,1,1,True
VDINPVGRHRQRPGA,1,1127,2,2,False
VDINPVSCMRKIPAQ,1,1139,1,1,True
VDINPWFVFLKFPAQ,1,14,164,286,False
VDINPWLLFLAYPQQ,8,0,440,11232,False
VDINPWLLFLKFPAQ,3,2,945,10007,False
VDINPWLLFLKMPAQ,1,2,945,10007,False
VDINPWLLFLRLPQQ,4,4,162,769,False
VDINPWLLFLRQPKQ,1,0,440,11232,False
VDINPWLLFLRQPQQ,27,0,440,11232,False
VDINPWLLFLRQPTQ,1,0,440,11232,False
VDINPWLLFLRSPQQ,3,21,55,73,False
VDINPWLLFLTRPQQ,1,21,55,73,False
VDINPWMLFLKLPAQ,1,2,945,10007,False
VDINPYLLFLKFPAQ,1,5,22,107,False
VDINPYLLFLKKPKQ,1,1,400,4647,False
VDINPYLLFLKKPQQ,2,1,400,4647,False
VDINPYLLFLKQPKQ,1,1,400,4647,False
VDINPYLLFLQYPIQ,76,5,22,107,True
VDINPYLLFLRNPKQ,2,5,22,107,False
VDINPYLLFLRRPVQ,2,5,22,107,False
VDKKPSLLFLRSPSQ,1,1140,1,1,True
VDLCAVAAVSVVAGA,1,37,8,10,False
VDLESAHVRVQMPGA,2,40,4,7,False
VDLESVGGDVERAGA,1,158,7,8,False
VDLESVGGGVQRAGA,1,262,7,7,False
VDLESVLLGDENAGA,1,159,6,7,False
VDLESVVGGGESAGA,1,1141,4,4,True
VDLGPRLLFLQWPVQ,1,9,18,39,False
VDLIRCSWS*NSRRR,1,1113,2,2,False
VDLKSGHRQGEIAGA,1,1142,1,1,True
VDLKSGLVLGQMAGA,1,1143,2,2,True
VDLLPLLLFLQWPGQ,1,184,12,12,False
VDLNP*CSSGKCRRR,1,1144,1,1,True
VDLNPCACC*NCRRR,1,53,10,12,False
VDLNPFCLRGQIAGA,1,1104,3,3,False
VDLNPFVVGGESAGA,1,461,8,8,False
VDLNPFVVGGQIAGA,1,120,10,12,False
VDLNPGGGSGKSRRR,1,166,4,5,False
VDLNPGGWLGKVPAQ,1,177,7,8,False
VDLNPGLWVCQIAGA,1,1145,2,2,True
VDLNPGVCRGKCPGA,1,1146,1,1,True
VDLNPLFGVVENAGR,1,1147,2,2,True
VDLNPLFLVGKLPGA,1,1148,1,1,True
VDLNPLFVLLEIAGA,1,746,3,3,False
VDLNPLFVLVKLPAQ,1,981,2,2,False
VDLNPLGLVVKVPAQ,1,143,22,23,False
VDLNPLICVCKVPAQ,1,297,2,2,False
VDLNPLLLIWKVPAQ,1,143,22,23,False
VDLNPLLVLSNCRRR,1,1149,5,5,True
VDLNPLLWGSNCRRR,1,1149,5,5,False
VDLNPLVGLVKWPGR,1,1150,1,1,True
VDLNPLVGVVEIAGA,1,1147,2,2,False
VDLNPLVRGGEIAGA,1,461,8,8,False
VDLNPLWCGSNCRRR,1,1149,5,5,False
VDLNPLWVLMKLRRR,1,1149,5,5,False
VDLNPMLLLLKLPAQ,1,149,40,42,False
VDLNPMVLCCKFPAA,1,1151,1,1,True
VDLNPPVLDGENAGA,1,1152,1,1,True
VDLNPREQQQEIAGA,1,1153,1,1,True
VDLNPRVCCWANCRR,2,148,1,2,True
VDLNPSLLLLKFPAQ,1,26,10,13,False
VDLNPVGVVEIAGAG,1,1154,1,1,True
VDLNPVGWVVKGPAQ,1,444,6,6,False
VDLNPVMWLLKIAGA,1,1155,1,1,True
VDLNPWFLLLKMPAQ,1,149,40,42,False
VDLNPWFLWLKWPAQ,1,149,40,42,False
VDLNPWLFFLKVPAQ,1,2,945,10007,False
VDLNPWLIFLKLPAQ,1,149,40,42,False
VDLNPWLIFLKVPAQ,2,2,945,10007,False
VDLNPWLLFLKFPAQ,5,2,945,10007,False
VDLNPWLLFLKLPAQ,15,2,945,10007,False
VDLNPWLLFLKVPAQ,12,2,945,10007,False
VDLNPWLLFLKWPAQ,1,2,945,10007,False
VDLNPWLLFLQFPLQ,2,0,440,11232,False
VDLNPWLLFLQLPVQ,28,4,162,769,False
VDLNPWLLFLQVPAQ,2,2,945,10007,False
VDLNPWLLFLQWPRQ,2,0,440,11232,False
VDLNPWLLFLQWPVQ,1,4,162,769,False
VDLNPWLLFLSLPQQ,9,4,162,769,False
VDLNPWLLFLWKPQQ,1,21,55,73,False
VDLNPWLLFLYQPDQ,1,0,440,11232,False
VDLNPWLLLLKLPAQ,1,149,40,42,False
VDLNPWLLWLKLPAQ,3,2,945,10007,False
VDLNPWLVWLKLPAQ,2,149,40,42,True
VDLNPWMLFLKVPAQ,1,2,945,10007,False
VDLNPWVGGVQIPGA,1,739,6,6,False
VDLNPYFVCSNCRRR,1,1149,5,5,False
VDLNPYLLFLIQPRQ,1,3,116,931,False
VDLNPYLLFLKRPQQ,3,1,400,4647,False
VDLNPYLVVGQMAGA,1,1143,2,2,False
VDLRPWLLFLRWPQQ,2,4,162,769,False
VDLWPCCCFWCCRRR,1,1156,1,1,True
VDLWPLLLFLQWPVQ,1,173,26,27,False
VDLWPRLLFLQWPAQ,1,617,3,3,False
VDLWPWLLFLQWPQQ,1,181,19,19,False
VDMESAQEEEESPGG,1,1157,1,1,True
VDMESGRQQEENAGA,1,1158,1,1,True
VDMIRSG*AGKGRRR,1,1129,3,3,False
VDMKSDHVHEESAGA,1,1159,2,2,True
VDMKSDRGREEKPGA,1,1160,1,1,True
VDMNP*LLFLRQPYQ,1,110,29,32,False
VDMNPAFSCAKSRRR,1,465,2,2,False
VDMNPAVLRGERPGA,1,1161,1,1,True
VDMNPAWRRGERAGA,1,986,4,4,False
VDMNPCLVVFKFPAQ,1,1162,2,2,True
VDMNPEELHQESPGA,1,971,2,2,False
VDMNPGFWWVKVAGA,1,641,2,2,False
VDMNPKGEDEERAGA,1,151,8,10,False
VDMNPLLSLLKFPAQ,1,1162,2,2,False
VDMNPPGSGGKLPAQ,1,1163,4,4,True
VDMNPPSSSGKMPAQ,1,1163,4,4,False
VDMNPQGRGRKGPAQ,1,28,7,9,False
VDMNPRGGAGKARRR,1,69,38,42,False
VDMNPSMSSRKGPAQ,1,150,20,21,False
VDMNPTFGICKVAGA,1,1164,1,1,True
VDMNPTGRRRKRPAQ,1,13,291,376,False
VDMNPTRVMKQRAGA,1,1165,1,1,True
VDMNPVCWLGKLPAQ,1,1163,4,4,False
VDMNPVSSRRKVPAA,1,1166,1,1,True
VDMNPVWGFGKFPAQ,1,137,7,9,False
VDMNPWLFLLKVPAQ,1,2,945,10007,False
VDMNPWLIFLKLPAQ,2,149,40,42,False
VDMNPWLILLKVPAQ,1,2,945,10007,False
VDMNPWLLFLAQPWQ,2,0,440,11232,False
VDMNPWLLFLGRPRQ,3,10,61,143,False
VDMNPWLLFLKFPAQ,2,2,945,10007,False
VDMNPWLLFLKLPAQ,22,2,945,10007,False
VDMNPWLLFLKMPAQ,10,2,945,10007,False
VDMNPWLLFLKQPNQ,1,0,440,11232,False
VDMNPWLLFLKVPAQ,49,2,945,10007,False
VDMNPWLLFLKWPAQ,2,2,945,10007,False
VDMNPWLLFLLTPQQ,1,0,440,11232,False
VDMNPWLLFLQVPVQ,1,10,61,143,False
VDMNPWLLFLQWPGQ,1,10,61,143,False
VDMNPWLLFLQWPVQ,1,10,61,143,False
VDMNPWLLFLRMPVQ,1,4,162,769,False
VDMNPWLLFLRQPGQ,9,0,440,11232,False
VDMNPWLLFLRQPSQ,2,0,440,11232,False
VDMNPWLLFLRQPVQ,1,0,440,11232,False
VDMNPWLLFLRRPTQ,1,10,61,143,False
VDMNPWLLFLSLPQQ,1,0,440,11232,False
VDMNPWLLFLSQPNQ,1,0,440,11232,False
VDMNPWLLFLSQPVQ,369,0,440,11232,False
VDMNPWLLFLSQPWQ,1,0,440,11232,False
VDMNPWLLFLVHPMQ,1,0,440,11232,False
VDMNPWLLFRKFPAQ,1,2,945,10007,False
VDMNPWLLLLKLPAQ,1,149,40,42,False
VDMNPWLLWLKVPAQ,4,2,945,10007,False
VDMNPWLVFLKLPAQ,1,149,40,42,False
VDMNPWLVFLKVPAQ,1,2,945,10007,False
VDMNPWMLFLKWPAQ,1,2,945,10007,False
VDMNPYLLFLKFPAQ,1,1,400,4647,False
VDMNPYLLFLKKPKQ,1,1,400,4647,False
VDMNPYLLFLMMPQQ,1,5,22,107,False
VDMNRRGACAKSRRR,1,1167,1,1,True
VDQNPWLLFLRQPTQ,1,0,440,11232,False
VDQNPWLLFLRQPYQ,1,0,440,11232,False
VDQNPWLLFLRYPQQ,3,0,440,11232,False
VDQRPVLLFLMWPTQ,1,1168,1,1,True
VDQSVQRHRENPGAG,1,1169,1,1,True
VDQWPLLLFLVYPKQ,1,1170,1,1,True
VDQWPWLLFLSLPLQ,1,477,3,3,False
VDRESVQGEGERAGA,1,1141,4,4,False
VDRIRGGGW*KCRRR,1,834,2,2,False
VDRKSEGVEEESAGA,1,1159,2,2,False
VDRNPACIRWKMAGA,1,1171,1,1,True
VDRNPAFGVRKIPAQ,1,1172,2,2,True
VDRNPARGEEERAGA,1,129,31,35,False
VDRNPARIMGKFPGA,1,1173,1,1,True
VDRNPARWWRKRPAQ,1,231,12,12,False
VDRNPEGRRRKGPAQ,1,13,291,376,False
VDRNPGGEEGQRAGA,1,499,7,7,False
VDRNPGGEQGERPGA,1,1007,2,2,False
VDRNPGGWGGSNCRR,1,1174,1,1,True
VDRNPKGEEEEKAGA,1,151,8,10,False
VDRNPKGMRRKRPAQ,1,13,291,376,False
VDRNPKGREGAKCRR,1,1175,1,1,True
VDRNPKGSRLERAGA,1,1176,1,1,True
VDRNPKLRRRKGPAQ,1,13,291,376,False
VDRNPKRRRRKRAGA,1,135,13,14,False
VDRNPKRRRRKRPAQ,1,13,291,376,False
VDRNPKRSRRKGRRR,1,1009,3,3,False
VDRNPKSRRSKRPAQ,1,13,291,376,False
VDRNPKWRWIKCPRR,1,1177,1,1,True
VDRNPMGGRRKLPAQ,1,1018,3,3,False
VDRNPMRRR*NSRRR,1,1178,1,1,True
VDRNPNRRDQESAGA,1,1179,1,1,True
VDRNPQGRRRKRPAA,1,13,291,376,False
VDRNPQLRRRKRPAQ,1,13,291,376,False
VDRNPQRRRSKGPAQ,1,150,20,21,False
VDRNPQRWRSKRPAQ,1,1014,2,2,False
VDRNPRCWS*NARRR,1,1180,1,1,True
VDRNPRGRRRKRPAQ,1,13,291,376,False
VDRNPRRREEERAGA,1,77,23,26,False
VDRNPRRRRRKGPAQ,1,150,20,21,False
VDRNPRRRWRKGPAQ,1,150,20,21,False
VDRNPRWRSRKGPAQ,2,150,20,21,True
VDRNPSRCMWKVPAQ,1,1010,7,7,False
VDRNPTGRSRKWPAQ,1,150,20,21,False
VDRNPTGWRGKNPGA,1,1181,2,2,True
VDRNPVCGG*KCRRR,1,892,3,3,False
VDRNPWGFDVERPGA,1,1182,1,1,True
VDRNPWMVMGKVPAQ,1,1183,3,3,True
VDRRPLLLFLFQPLQ,1,188,7,7,False
VDRSEGLVEERAGAG,1,1184,1,1,True
VDSESGLRHGQIAGA,1,524,3,3,False
VDSESVVHVGESPGA,1,1141,4,4,False
VDSIRAAGSGKCRRR,1,46,3,4,False
VDSIRRSAWSNCRRR,1,107,2,3,False
VDSIRSA*S*NARRR,1,636,2,2,False
VDSKGSSCSKSRRRV,1,1185,1,1,True
VDSNPARGSGKGRRR,1,234,2,2,False
VDSNPFLMLLKLPAQ,1,59,44,52,False
VDSNPGLLDGQNPGA,1,1186,1,1,True
VDSNPIICSGKARRR,1,1096,2,2,False
VDSNPKGEDEESAGA,2,151,8,10,True
VDSNPKGHEDENAGA,1,151,8,10,False
VDSNPKRWEGERAGA,1,129,31,35,False
VDSNPKVRRRKGPAQ,1,13,291,376,False
VDSNPMQVDEEMAGA,2,151,8,10,False
VDSNPQGGRRKRPAQ,1,13,291,376,False
VDSNPRGRRRKGPAQ,2,81,48,51,False
VDSNPRSGSRKIRRR,1,1187,1,1,True
VDSNPTCCSRESPGA,2,152,1,2,True
VDSNPTVVQLQRPGA,1,1188,1,1,True
VDSNPVICIGKIPAQ,1,624,3,3,False
VDSNPVVWFGKIPAQ,1,1189,1,1,True
VDSNPWLLFLKYPQQ,1,0,440,11232,False
VDSNRPSAAGKARRR,1,1190,1,1,True
VDTLPLLLFLQRPVQ,1,9,18,39,False
VDTNPWLLFLWRPQQ,1,0,440,11232,False
VDVGPVLLFLRGRCR,1,531,2,2,False
VDVKSARVLVESPSA,1,1191,1,1,True
VDVKSDLRVVEIAGA,1,683,2,2,False
VDVKSGRERLEKAGA,1,1192,2,2,True
VDVNPAGCFFKVPAQ,1,1193,1,1,True
VDVNPAGGWVKGRRR,1,1194,1,1,True
VDVNPAGREQQRAGA,1,1195,3,3,True
VDVNPAGVMGKVPAQ,1,1183,3,3,False
VDVNPAIGGGKFPAQ,1,137,7,9,False
VDVNPAMGSRKIPAQ,1,1172,2,2,False
VDVNPARGRQESPGA,1,345,6,6,False
VDVNPDGRLEENPGA,1,1196,3,3,True
VDVNPDRRREEKPGA,1,1196,3,3,False
VDVNPDVVRVEIPGA,1,1197,1,1,True
VDVNPGEVVGERAGA,1,538,3,3,False
VDVNPGGAW*KSRRR,1,48,5,7,False
VDVNPGGCGGKLPAQ,1,1163,4,4,False
VDVNPGGGEQEKAGA,1,1024,4,4,False
VDVNPGGQEQQNAGA,1,1195,3,3,False
VDVNPGGSGVKGPGF,1,1198,2,2,True
VDVNPGGWSVKGPAQ,1,444,6,6,False
VDVNPGLLRREMPGA,1,345,6,6,False
VDVNPGR*GVKGPAQ,1,1198,2,2,False
VDVNPGRRGGQRAGA,1,1195,3,3,False
VDVNPGSLGDEMAGA,1,1199,1,1,True
VDVNPGWSG*NGRRR,1,540,3,3,False
VDVNPGWVVRQIAGA,1,762,2,2,False
VDVNPHVVGGKGPAQ,1,1108,2,2,False
VDVNPIIFFWKFPAQ,1,1200,1,1,True
VDVNPISIRVKVPAQ,1,1201,1,1,True
VDVNPKREVEEKAGA,1,151,8,10,False
VDVNPLCWRGKMPGA,1,1181,2,2,False
VDVNPLFCLIKVPGA,2,153,3,4,True
VDVNPLGRMGKGRRR,1,908,3,3,False
VDVNPLLCV*KCRRR,1,1105,3,3,False
VDVNPLLFIVEMPGA,1,1202,2,2,True
VDVNPLLFVLESAGA,1,1202,2,2,False
VDVNPLLLLLKGAGA,1,309,5,5,False
VDVNPLVVVCKLPAQ,1,442,2,2,False
VDVNPLVVVLKVPAQ,1,143,22,23,False
VDVNPLWGGGEIAGA,1,76,10,11,False
VDVNPLWVIFKLPAQ,1,1203,1,1,True
VDVNPMGSRRKMAGA,1,910,4,4,False
VDVNPMLLLMKGPAQ,1,1204,2,2,True
VDVNPNVRRWKRPAQ,7,15,3,9,True
VDVNPPGCGGKFPAQ,1,237,5,5,False
VDVNPQSMSSERAGA,1,1205,1,1,True
VDVNPQSVLGEIAGA,1,238,4,4,False
VDVNPRGRMRERAGA,1,910,4,4,False
VDVNPRLRSSKSPAQ,1,150,20,21,False
VDVNPRSRGMKGAGA,1,545,2,2,False
VDVNPSFGWRESPGA,1,1206,1,1,True
VDVNPSGVRGESPGA,1,783,4,4,False
VDVNPSLVWFKVAGA,1,1207,1,1,True
VDVNPTGWWGNARRR,1,114,3,4,False
VDVNPTVRREQSAGA,1,1208,1,1,True
VDVNPVCLFGKCPAQ,1,44,6,7,False
VDVNPVCVLLKVPAQ,1,59,44,52,False
VDVNPVGGIRKVPAQ,1,141,2,3,False
VDVNPVGRREENPGA,1,1196,3,3,False
VDVNPVGVGVESAGA,1,146,11,12,False
VDVNPVGVVLKVPAQ,1,788,2,2,False
VDVNPVLVVLKRPAQ,1,149,40,42,False
VDVNPVSSGGQNPGA,1,1209,1,1,True
VDVNPVVVVVQSAGA,1,146,11,12,False
VDVNPWAS**NCRRR,1,1210,1,1,True
VDVNPWLLFLKFPAQ,1,2,945,10007,False
VDVNPWLLFLKLPAQ,3,2,945,10007,False
VDVNPWLLFLKVPAQ,1,2,945,10007,False
VDVNPWLLFLKWPAQ,1,2,945,10007,False
VDVNPWLLFLQLPAQ,3,0,440,11232,False
VDVNPWLLFLQLPLQ,3,0,440,11232,False
VDVNPWLLFLQLPSQ,2,0,440,11232,False
VDVNPWLLFLQLPVQ,3,4,162,769,False
VDVNPWLLFLQVPLQ,1,0,440,11232,False
VDVNPWLLFLQWPVQ,12,0,440,11232,False
VDVNPWLLFLRQPGQ,7,0,440,11232,False
VDVNPWLLFLRQPQQ,1,0,440,11232,False
VDVNPWLLFLRQPVQ,3,0,440,11232,False
VDVNPWLLFLRRPQQ,1,0,440,11232,False
VDVNPWLLFLVQPTQ,1,0,440,11232,False
VDVNPWLLFLVYPQQ,1,0,440,11232,False
VDVNPYLLFLKLPAQ,1,1,400,4647,False
VDVNPYLLFLKMPAQ,1,1,400,4647,False
VDVNPYRGFMKRRRR,1,1211,1,1,True
VDVSAGGHLESAGAG,1,85,2,3,False
VDVWPMLLFLSLPQQ,1,189,4,4,False
VDVWPWLLFLELPVQ,1,4,162,769,False
VDVWPWLLFLQWPLQ,1,60,14,17,False
VDWESAEEGQQRAGA,1,1212,1,1,True
VDWESGEVRVEIAGA,1,1092,2,2,False
VDWESGGEQEEKAGA,1,863,4,4,False
VDWESVGVGGQRAGA,1,390,4,4,False
VDWGPLLLFLKWPGQ,1,9,18,39,False
VDWGPVLLFLQWPVQ,1,9,18,39,False
VDWGPWLLFLQRPIQ,1,5,22,107,False
VDWLPGLLFLQWPEQ,1,1213,2,2,True
VDWNPAGCLRKCRRR,1,356,2,2,False
VDWNPAVWVEEIPGA,1,1214,1,1,True
VDWNPCLLGEESAGA,1,1215,1,1,True
VDWNPFLLFLKVPAQ,1,2,945,10007,False
VDWNPFLLFLKWPAQ,1,2,945,10007,False
VDWNPFLLWLKVPAQ,1,59,44,52,False
VDWNPGCQREENPGA,1,1216,1,1,True
VDWNPGGGGDERAGA,1,29,8,12,False
VDWNPGGVLLKVPGA,1,1217,2,2,True
VDWNPGRGGLKGPVQ,1,1218,1,1,True
VDWNPGRGW**KCRR,1,1219,1,1,True
VDWNPGVCRRKGPAQ,1,1073,2,2,False
VDWNPGVQGERAGAG,1,782,2,2,False
VDWNPILLLLKGPAQ,1,1204,2,2,False
VDWNPKGGWRKGPAQ,1,791,3,3,False
VDWNPKRGRWKGPAQ,1,1010,7,7,False
VDWNPLFVLCKLPAQ,1,730,12,12,False
VDWNPLGIVVERAGA,1,1220,1,1,True
VDWNPLGSVGKGPRR,1,1221,2,2,True
VDWNPLLLFLAQPWQ,1,0,440,11232,False
VDWNPLLLFLKVPAQ,2,2,945,10007,False
VDWNPLLLFLQLPVQ,15,4,162,769,False
VDWNPLVLLGEIAGA,1,795,4,4,False
VDWNPQGCRGKGPAQ,1,416,15,15,False
VDWNPRCVLEEMPGA,1,675,2,2,False
VDWNPRFGLLKSPGA,1,1217,2,2,False
VDWNPSGGWGQIAGA,1,1104,3,3,False
VDWNPSSGMRKMPGA,1,1222,1,1,True
VDWNPSVGS*NCRRR,1,1223,1,1,True
VDWNPTLWRGQIAGA,1,1145,2,2,False
VDWNPTRRKEENAGA,1,1224,1,1,True
VDWNPVEVGRESPGA,1,1225,2,2,True
VDWNPVFCGVKMPAQ,1,1226,2,2,True
VDWNPVFWGVKWPAQ,1,1226,2,2,False
VDWNPVGGGGEIAGA,1,463,7,7,False
VDWNPVGVQEERAGA,1,1119,4,4,False
VDWNPVGVRGQSPGA,1,560,3,3,False
VDWNPVLFLFKLPAQ,1,91,13,15,False
VDWNPVRGG*KCRRR,1,892,3,3,False
VDWNPVRVVGQSAGV,1,1227,1,1,True
VDWNPVVAPSRARQP,1,1228,1,1,True
VDWNPWCVLLKWPAQ,1,59,44,52,False
VDWNPWGVGVKVPAQ,1,1183,3,3,False
VDWNPWLIFLKLPAQ,1,149,40,42,False
VDWNPWLLFLGQPKQ,1,0,440,11232,False
VDWNPWLLFLKEPSQ,1,0,440,11232,False
VDWNPWLLFLKFPAQ,1,2,945,10007,False
VDWNPWLLFLKLPAQ,4,2,945,10007,False
VDWNPWLLFLKMPAQ,1,2,945,10007,False
VDWNPWLLFLKQPEQ,1,0,440,11232,False
VDWNPWLLFLKQPNQ,1,0,440,11232,False
VDWNPWLLFLKQPTQ,7,0,440,11232,False
VDWNPWLLFLKVPAQ,20,2,945,10007,False
VDWNPWLLFLQSPAQ,11,0,440,11232,False
VDWNPWLLFLRLPQQ,4,4,162,769,False
VDWNPWLLFLRQPSQ,12,0,440,11232,False
VDWNPWLLFLRSPQQ,1,0,440,11232,False
VDWNPWLLLLKVPAQ,2,2,945,10007,False
VDWNPWLLWLKLPAQ,1,149,40,42,False
VDWNPWLLWLKVPAQ,11,2,945,10007,False
VDWNPWLMFLKLPAQ,1,149,40,42,False
VDWNPWLVFLKFPAQ,1,149,40,42,False
VDWNPWLVFLKLPAQ,1,149,40,42,False
VDWNPWLVWLKVPAQ,1,149,40,42,False
VDWNPWMLFLKLPAQ,1,2,945,10007,False
VDWNPWMLFLKMPAQ,1,2,945,10007,False
VDWNPWMLFLKVPAQ,12,2,945,10007,False
VDWNPWRWVSKGAGA,1,1229,1,1,True
VDWNPWSGGGENAGA,1,1230,1,1,True
VDWNPWVRVLQMAGA,1,120,10,12,False
VDWNPWWGWAKCRRR,1,1231,1,1,True
VDWNPWWLLVKLPAQ,1,337,5,5,False
VDWNRGCCFWTARGR,1,1232,1,1,True
VDWQPCLLFLRKPSQ,1,1128,3,3,False
VDWQSELHLRERPGA,1,1233,1,1,True
VDWWPWLLFLQWPGQ,1,1213,2,2,False
VDYNP*LLFLRQPYQ,1,110,29,32,False
VDYNPLLLFLRKPKQ,1,1,400,4647,False
VDYNPWLLFLAQP*Q,1,0,440,11232,False
VDYNPWLLFLAQPAQ,1,0,440,11232,False
VDYNPWLLFLAQPKQ,6,0,440,11232,False
VDYNPWLLFLAQPNQ,2,0,440,11232,False
VDYNPWLLFLAQPPQ,1,0,440,11232,False
VDYNPWLLFLAQPQQ,8,0,440,11232,False
VDYNPWLLFLAQPRQ,1,0,440,11232,False
VDYNPWLLFLAQPSQ,2,0,440,11232,False
VDYNPWLLFLAQPVQ,2,0,440,11232,False
VDYNPWLLFLAQPWQ,2395,0,440,11232,True
VDYNPWLLFLAQPYQ,3,0,440,11232,False
VDYNPWLLFLAQQWQ,1,0,440,11232,False
VDYNPWLLFLGGPKQ,1,0,440,11232,False
VDYNPWLLFLGGPQQ,11,0,440,11232,False
VDYNPWLLFLISPQQ,1,0,440,11232,False
VDYNPWLLFLKKPAQ,1,0,440,11232,False
VDYNPWLLFLKKPKQ,7,1,400,4647,False
VDYNPWLLFLKLPQQ,1,0,440,11232,False
VDYNPWLLFLKQPEQ,2,0,440,11232,False
VDYNPWLLFLKQPKQ,4,0,440,11232,False
VDYNPWLLFLKQPNQ,1,0,440,11232,False
VDYNPWLLFLKQPRQ,1,0,440,11232,False
VDYNPWLLFLKVPAQ,1,2,945,10007,False
VDYNPWLLFLKVPLQ,1,0,440,11232,False
VDYNPWLLFLKVPYQ,1,0,440,11232,False
VDYNPWLLFLKWPQQ,1,0,440,11232,False
VDYNPWLLFLLQPKQ,1,0,440,11232,False
VDYNPWLLFLNVPEQ,1,0,440,11232,False
VDYNPWLLFLQRPKQ,1,10,61,143,False
VDYNPWLLFLQVPVQ,2,0,440,11232,False
VDYNPWLLFLQWPYQ,1,0,440,11232,False
VDYNPWLLFLRIPSQ,1,0,440,11232,False
VDYNPWLLFLRKPEQ,15,0,440,11232,False
VDYNPWLLFLRKPNQ,1,0,440,11232,False
VDYNPWLLFLRKPQQ,2,0,440,11232,False
VDYNPWLLFLRKPSQ,1,0,440,11232,False
VDYNPWLLFLRLPSQ,1,0,440,11232,False
VDYNPWLLFLRMPNQ,1,0,440,11232,False
VDYNPWLLFLRMPQQ,10,0,440,11232,False
VDYNPWLLFLRMPRQ,1,0,440,11232,False
VDYNPWLLFLRMPTQ,1,0,440,11232,False
VDYNPWLLFLRNPKQ,2,0,440,11232,False
VDYNPWLLFLRNPQQ,1,0,440,11232,False
VDYNPWLLFLRQPMQ,1,0,440,11232,False
VDYNPWLLFLRQPQQ,3,0,440,11232,False
VDYNPWLLFLRQPRQ,1,0,440,11232,False
VDYNPWLLFLRQPSQ,2,0,440,11232,False
VDYNPWLLFLRQPTQ,3,0,440,11232,False
VDYNPWLLFLRRPSQ,1,0,440,11232,False
VDYNPWLLFLRRPVQ,1,0,440,11232,False
VDYNPWLLFLRSPKQ,1,0,440,11232,False
VDYNPWLLFLRTPFQ,6,0,440,11232,False
VDYNPWLLFLRVPGQ,1,0,440,11232,False
VDYNPWLLFLRYPIQ,1,0,440,11232,False
VDYNPWLLFLRYPQQ,1,0,440,11232,False
VDYNPWLLFLRYPTQ,1,0,440,11232,False
VDYNPWLLFLSKPQQ,1,0,440,11232,False
VDYNPWLLFLSQPVQ,2,0,440,11232,False
VDYNPWLLFLSQPWQ,1,0,440,11232,False
VDYNPWLLFLSRPQQ,1,0,440,11232,False
VDYNPWLLFLSTPQQ,52,0,440,11232,False
VDYNPWLLFLTRPQQ,10,0,440,11232,False
VDYNPWLLFLTVPAQ,1,0,440,11232,False
VDYNPWLLFLVEPQQ,2,0,440,11232,False
VDYNPWLLFLVQPDQ,1,0,440,11232,False
VDYNPWLLFLVQPPQ,7,0,440,11232,False
VDYNPWLLFPSTPQQ,1,0,440,11232,False
VDYNPWLLSLAQPWQ,1,0,440,11232,False
VDYNPYLLFLARPQQ,1,0,440,11232,False
VDYNPYLLFLKKPKQ,5,1,400,4647,False
VDYNPYLLFLKNPQQ,1,1,400,4647,False
VDYNPYLLFLKQPKQ,9,1,400,4647,False
VDYNPYLLFLKRPQQ,4,1,400,4647,False
VDYNPYLLFLQLPAQ,4,5,22,107,False
VDYNPYLLFLQYPKQ,3,5,22,107,False
VDYNPYLLFLRIPRQ,1,0,440,11232,False
VDYNPYLLFLRKPKQ,3,1,400,4647,False
VDYNPYLLFLRKPQQ,3,1,400,4647,False
VDYNPYLLFLRKPSQ,3,1,400,4647,False
VDYNPYLLFLRNPKQ,1,1,400,4647,False
VDYNPYLLFLRQPKQ,1,1128,3,3,False
VDYNPYLLFLRSPQQ,4,0,440,11232,False
VDYNPYLLFLSQPRQ,3,3,116,931,False
VDYNPYLLFLTQPKQ,1,0,440,11232,False
VDYNPYLLFLWKPKQ,1,1,400,4647,False
VDYQSEEEEEEKAGA,1,388,11,11,False
VDYSPWLLFLKWPQQ,1,0,440,11232,False
VGCEPVVGVVQIAGA,1,1234,1,1,True
VGCESAGLRGEIPGA,2,154,4,5,True
VGCESDEEEQENAGA,1,1235,2,2,True
VGCESDGLVGQSAGA,1,919,2,2,False
VGCESGGHGEQRPGA,1,1236,1,1,True
VGCESGRERGENPGA,1,154,4,5,False
VGCESVGVVQQSAGA,1,1237,3,3,True
VGCESVVHLVEIAGA,1,155,8,9,False
VGCQSDDRQEEIAGA,1,1238,3,3,True
VGCQSERRHGQIPGA,1,1239,1,1,True
VGCQSGLGLRQMAGA,1,1240,1,1,True
VGCQSGLVRLQNARR,1,1241,1,1,True
VGCQSGRQRRESPGA,1,1242,2,2,True
VGCQSGRRDQESPGA,1,1242,2,2,False
VGCQSGVLLGRAGAG,1,1243,1,1,True
VGCQSVVVLGESPGR,1,1244,1,1,True
VGCQSVVVVVEMAGA,1,162,4,5,False
VGFESAGLAS*KCRR,1,1245,1,1,True
VGFESALRLEESAGA,1,155,8,9,False
VGFESAVDVVEIAGA,2,112,19,23,False
VGFESDLLEVERAGA,1,155,8,9,False
VGFESDVRLVEIAGA,2,155,8,9,True
VGFESELVVVQIPGA,1,164,2,3,False
VGFESGDVVGQIAGA,1,367,7,7,False
VGFESGLVLVEIPGA,1,810,6,6,False
VGFESVEGVLQIPGA,1,39,13,16,False
VGFESVGGDGEIAGA,1,112,19,23,False
VGFESVGGRVQIAGA,1,40,4,7,False
VGFESVGVLVEIAGA,1,810,6,6,False
VGFESVLLVLESAGA,1,159,6,7,False
VGFESVVLVREIAGA,1,112,19,23,False
VGFESVVVVDEMAGA,1,112,19,23,False
VGFQSAVLLVESAGA,1,155,8,9,False
VGFQSDHGVQEIPGA,1,39,13,16,False
VGFQSDVLLVEIPGA,1,16,9,16,False
VGFQSGGLREERPGA,1,1246,2,2,True
VGFQSGLGCSGNCRR,1,1247,1,1,True
VGFQSGLGLQEIPGA,1,39,13,16,False
VGFQSGVVHVESAGA,1,16,9,16,False
VGFQSVDVLVEMPGA,1,156,9,11,False
VGFQSVGRLLESPGA,2,156,9,11,True
VGFQSVGRRLQIPGA,2,156,9,11,False
VGFQSVGVVVEIAGA,1,814,3,3,False
VGFQSVHLVVEIAGA,1,369,7,7,False
VGFQSVLGLREIPGA,1,39,13,16,False
VGFQSVLGVHEIPGA,3,39,13,16,True
VGFQSVLRRVQIAGA,1,1248,1,1,True
VGFQSVLVGVEIAGA,2,39,13,16,False
VGFQSVLVVVEIPGA,1,39,13,16,False
VGFQSVLVVVQIPGA,1,39,13,16,False
VGFQSVQLHLEIPGA,1,16,9,16,False
VGFQSVVGGVEIAGA,1,369,7,7,False
VGFQSVVLVVEIPGA,1,16,9,16,False
VGFQSVVVGGEMAGA,1,367,7,7,False
VGFQSVVVVLEIAGA,1,112,19,23,False
VGFVAVAAVSVGAGA,1,37,8,10,False
VGIRAGGGSKGRRRV,2,157,1,2,True
VGISIRSASSGNARR,1,1249,1,1,True
VGLESGDVLLESPGA,1,1250,1,1,True
VGLESGGEGRESAGA,1,863,4,4,False
VGLESGGVGVESAGA,1,158,7,8,False
VGLESGLVVDESAGA,1,159,6,7,False
VGLESVDVDVEIAGA,2,158,7,8,True
VGLESVGEEEQKAGA,1,40,4,7,False
VGLESVGRVVEIAGA,1,158,7,8,False
VGLESVGVRVQKPGA,3,40,4,7,True
VGLESVLLVGERAGA,2,159,6,7,True
VGLESVVGVLEIAGA,1,112,19,23,False
VGLESVVVGVEIAGA,1,158,7,8,False
VGLQSGVVLVQIAGA,1,246,3,3,False
VGLQSVGGGGERAGA,1,159,6,7,False
VGLQSVVDRVEIAGA,1,158,7,8,False
VGM*IRPSW*GKCRR,1,1251,1,1,True
VGQESAEVEEERAGA,1,30,82,93,False
VGQESAGLLRERPGA,1,154,4,5,False
VGQESAVRGGEIAGA,1,155,8,9,False
VGQESDEQHEERAGA,1,49,6,7,False
VGQESDGEEEESAGA,1,30,82,93,False
VGQESDGREGESAGA,1,263,2,2,False
VGQESDVEGAGKGRR,1,1252,1,1,True
VGQESEEEEEERAGA,1,30,82,93,False
VGQESEVQEDEKAGA,1,1253,1,1,True
VGQESGGEEQQSAGA,1,1237,3,3,False
VGQESGGRLRQMPGA,1,574,3,3,False
VGQESGQGDEESAGA,1,1254,1,1,True
VGQESGVEVQQNAGA,1,1255,1,1,True
VGQESVEEEGERAGA,1,30,82,93,False
VGQQSDGVEEERPGA,1,1246,2,2,False
VGQQSEGLGEQKPGA,1,160,2,3,False
VGQQSEGRDVQSPGA,2,160,2,3,True
VGQQSGRVRLEKAGA,1,1192,2,2,False
VGSAAGPAVSVLAGA,1,1256,1,1,True
VGWESDGEEQQKAGA,1,1235,2,2,False
VGWESGGQDGQKAGA,1,1257,1,1,True
VGWESGRVVVENPGA,1,1258,1,1,True
VGWESVGVVGESAGA,1,821,4,4,False
VGWESVVRLVEIAGA,1,155,8,9,False
VGWGAVAAVSGGAGA,1,41,8,9,False
VGWQSDGQQEEIAGA,1,1238,3,3,False
VGWQSDVVQEERAGA,1,1238,3,3,False
VGWQSGLRGRQRAGA,1,592,4,4,False
VGWVPVAAVSGVAGA,1,41,8,9,False
VGYESDGQDQESPGA,1,366,3,3,False
VGYESDVRLLQIPGA,1,155,8,9,False
VGYESEEEHEESAGA,1,30,82,93,False
VGYESEQRRGQSPGA,1,1259,2,2,True
VGYESGGRRQQMPGA,1,1259,2,2,False
VGYESVGVVGQSAGA,1,1237,3,3,False
VGYESVRLGRENPGA,1,1260,1,1,True
VGYQSARLLREIPGA,1,572,3,3,False
VGYQSDGLLLESPGA,1,156,9,11,False
VGYQSGLLLVENPGA,1,1261,1,1,True
VGYQSGRRLQQSPGA,1,1262,2,2,True
VGYQSVHRQRESPGA,1,156,9,11,False
VGYQSVVLQVQSAGA,1,1263,2,2,True
VGYQSVVRLREMPGA,1,156,9,11,False
VI*IRRAGAGNGRRR,1,1264,1,1,True
VIGIRW*GGAKGRRR,1,1115,2,2,False
VISGRGCCFCACRAR,1,1265,1,1,True
VLESVVLRLERPGAG,1,1266,1,1,True
VRCQSDGLERQSPGA,2,161,1,2,True
VRCQSVVRVLEIAGA,2,162,4,5,True
VRFESAVGGGESAGA,1,1141,4,4,False
VRFESAVVGLQRPGA,2,163,1,2,True
VRFESDLLVQQIPGA,2,164,2,3,True
VRFESDLVRRESPGA,1,1267,3,3,True
VRFESGHLHHESAGA,1,1268,1,1,True
VRFESGQLHLEMPGA,1,16,9,16,False
VRFESVRLQGESPGA,1,1269,2,2,True
VRFQSGVLHVEIPGA,7,16,9,16,True
VRFQSGVLVLQIPGA,2,16,9,16,False
VRFQSVLDLVEIAGA,1,369,7,7,False
VRFQSVLVVVEMAGA,1,814,3,3,False
VRLQSDELRVEIPGA,1,16,9,16,False
VRLQSGGRLVESAGA,1,1270,1,1,True
VRLQSGRRHQQSAGA,1,1262,2,2,False
VRQQSDGVRLESPGA,1,1267,3,3,False
VRQQSGDEEEERAGA,1,1271,1,1,True
VRWESDGRLQESPGA,1,1272,1,1,True
VRYESGLLGLEIAGA,1,1273,1,1,True
VRYESVQLVDESPGA,1,1269,2,2,False
VSIRWSSS*NSRRRV,1,1274,1,1,True
VVGIRRWGAGKCRRR,1,644,3,3,False
VVLRVVAPSRARQPK,23,7,2,24,True
VVSIRGGGGGKGRRR,1,1129,3,3,False
VVSIRTGGG*KGRRR,1,1275,1,1,True
WD*IRSSSCSNARRR,1,1276,1,1,True
WDANPWLLFLKQPEQ,1,0,440,11232,False
WDANPWLLFLKQPKQ,2,0,440,11232,False
WDANPWLLFLKVPQQ,3,2,945,10007,False
WDANPWLLFLRKPNQ,1,4,162,769,False
WDANPWLLFLRKPQQ,66,4,162,769,False
WDANPWLLFLRQPKQ,1,0,440,11232,False
WDANPWLLFLRSPKQ,1,4,162,769,False
WDANPWLLFLVQPPQ,1,0,440,11232,False
WDANPYLLFLNQPRQ,1,3,116,931,False
WDANPYLLFLRKPKQ,1,1,400,4647,False
WDAWPCAAVSVRAGA,2,165,1,2,True
WDCKSVVLVDESAGA,1,1277,1,1,True
WDCNPAFFCIKGPAQ,1,1278,2,2,True
WDCNPAGMMGKWRRR,1,1279,1,1,True
WDCNPFFLLLKFPAQ,1,219,10,10,False
WDCNPLFFF*NAGAG,1,1280,1,1,True
WDCWPCCCFCGCRCR,1,725,2,2,False
WDFAAVAAVSVAAVP,1,1281,1,1,True
WDFDPYLLFLRIPNQ,1,1282,2,2,True
WDFLPLLLFLLVPVQ,1,173,26,27,False
WDFNPCFLLEMPGAG,1,693,2,2,False
WDFNPFCSC*KSRRR,1,166,4,5,False
WDFNPFLLFLKVPAQ,10,2,945,10007,False
WDFNPFLLLLKLPAQ,8,6,167,539,False
WDFNPFLLLLKVPAQ,5,2,945,10007,False
WDFNPFLMLLKLPAQ,1,6,167,539,False
WDFNPFLVFLKFPAQ,1,14,164,286,False
WDFNPFLVFLKVPAQ,1,2,945,10007,False
WDFNPFLVLLKLPAQ,1,59,44,52,False
WDFNPFMLFLKLPAQ,1,6,167,539,False
WDFNPFMLFLKVPAQ,1,2,945,10007,False
WDFNPGDGGVQSAGA,1,146,11,12,False
WDFNPGGWWS*NCRR,1,1283,2,2,True
WDFNPGILCWKVPAQ,1,1284,2,2,True
WDFNPHLGGVQSPGA,1,1285,1,1,True
WDFNPIVFVGKVPGA,1,1286,1,1,True
WDFNPKGRGRKIPAQ,1,13,291,376,False
WDFNPLCVVFKLPAQ,1,91,13,15,False
WDFNPLFLLLKVPAQ,1,2,945,10007,False
WDFNPLFVFFKLPAQ,1,14,164,286,False
WDFNPLLFFCKFPAQ,1,143,22,23,False
WDFNPLLLFLKLPAQ,7,2,945,10007,False
WDFNPLLLFLKRPAQ,1,2,945,10007,False
WDFNPLLLFLKVPAQ,7,2,945,10007,False
WDFNPLLLLLKGPAQ,1,2,945,10007,False
WDFNPLLLLLKLPAQ,2,6,167,539,False
WDFNPLLLLLKMPAQ,1,2,945,10007,False
WDFNPLLLLLKVPAQ,2,2,945,10007,False
WDFNPLLLLMKLPAQ,1,6,167,539,False
WDFNPLLMLLKLPAQ,1,6,167,539,False
WDFNPLLVFLKVPAQ,1,2,945,10007,False
WDFNPLLVGLKLPAQ,1,91,13,15,False
WDFNPLLVLLKVPAQ,2,59,44,52,False
WDFNPLMLLLKVPAQ,1,6,167,539,False
WDFNPMFLFLKFPAQ,1,14,164,286,False
WDFNPMFLLLKLPAQ,1,6,167,539,False
WDFNPMLLFLKFPAQ,3,2,945,10007,False
WDFNPMLLFLKIPAQ,2,2,945,10007,False
WDFNPMLLFLKLPAQ,25,2,945,10007,False
WDFNPMLLFLKVPAQ,7,2,945,10007,False
WDFNPMLLFLRNPRQ,1,937,4,4,False
WDFNPMLLLLKFPAQ,1,2,945,10007,False
WDFNPMLLLLKLPAQ,2,6,167,539,False
WDFNPMLLLLKMPAQ,1,2,945,10007,False
WDFNPMLLLLKWPAQ,2,2,945,10007,False
WDFNPMLLMLKLPAQ,1,2,945,10007,False
WDFNPNLLFLKWPAQ,1,2,945,10007,False
WDFNPQLFFFKFPAQ,1,91,13,15,False
WDFNPSCFLLKLPRR,1,1287,1,1,True
WDFNPTGSSGKSRRR,2,166,4,5,True
WDFNPTILLSKRPAQ,1,1284,2,2,False
WDFNPTLLFLKVPAQ,2,2,945,10007,False
WDFNPVGFIGKVPAQ,1,199,2,2,False
WDFNPVLVGLEICRR,1,1288,1,1,True
WDFNPWFLLLKVPAQ,1,2,945,10007,False
WDFNPWFLMLKVPAQ,1,2,945,10007,False
WDFNPWLFLLKLPAQ,1,2,945,10007,False
WDFNPWLFLLKVPAQ,1,2,945,10007,False
WDFNPWLIFLKGPAQ,1,2,945,10007,False
WDFNPWLIFLKVPAQ,2,2,945,10007,False
WDFNPWLILLKLPAQ,1,2,945,10007,False
WDFNPWLILLKMPAQ,1,689,20,20,False
WDFNPWLLFLKFPAQ,2,2,945,10007,False
WDFNPWLLFLKGPAQ,1,2,945,10007,False
WDFNPWLLFLKIPAQ,1,2,945,10007,False
WDFNPWLLFLKLPAQ,7,2,945,10007,False
WDFNPWLLFLKMPAQ,2,2,945,10007,False
WDFNPWLLFLKVPAQ,13,2,945,10007,False
WDFNPWLLFLSVPQQ,2,2,945,10007,False
WDFNPWLLGLKVPAQ,2,2,945,10007,False
WDFNPWLLLLKLPAQ,4,2,945,10007,False
WDFNPWLLLLKMPAQ,1,2,945,10007,False
WDFNPWLLLLKVPAQ,14,2,945,10007,False
WDFNPWLLMLKLPAQ,4,2,945,10007,False
WDFNPWLLMLKMPAQ,1,2,945,10007,False
WDFNPWLLMLKVPAQ,1,2,945,10007,False
WDFNPWLLMLKWPAQ,1,2,945,10007,False
WDFNPWLLMMKVPAQ,2,2,945,10007,False
WDFNPWLLWLKLPAQ,2,2,945,10007,False
WDFNPWLLWLKMPAQ,2,2,945,10007,False
WDFNPWLLWLKVPAQ,19,2,945,10007,False
WDFNPWLMFLKLPAQ,1,2,945,10007,False
WDFNPWLMFLKVPAQ,3,2,945,10007,False
WDFNPWLMLLKLPAQ,1,2,945,10007,False
WDFNPWLVFLKFPAQ,1,2,945,10007,False
WDFNPWLVFLKLPAQ,4,2,945,10007,False
WDFNPWLVFLKMPAQ,3,2,945,10007,False
WDFNPWLVFLKVPAQ,47,2,945,10007,False
WDFNPWLVLLKLPAQ,3,2,945,10007,False
WDFNPWLVLLKVPAQ,6,2,945,10007,False
WDFNPWLVMLKVPAQ,2,2,945,10007,False
WDFNPWLVWLKLPAQ,1,149,40,42,False
WDFNPWLVWLKVPAQ,8,2,945,10007,False
WDFNPWMIFLKVPAQ,2,2,945,10007,False
WDFNPWMLFLKLPAQ,1,2,945,10007,False
WDFNPWMLFLKVPAQ,1,2,945,10007,False
WDFNPWMLLLKLPAQ,3,6,167,539,False
WDFNPWMLLLKVPAQ,14,2,945,10007,False
WDFNPWMLMLKVPAQ,2,2,945,10007,False
WDFNPWMLWLKLPAQ,1,6,167,539,False
WDFNPWMLWLKMPAQ,1,2,945,10007,False
WDFNPWMVFLKLPAQ,1,2,945,10007,False
WDFNPWMVFLKVPAQ,4,2,945,10007,False
WDFNPWMVLFKLPAQ,1,91,13,15,False
WDFNPYFIFLKLPAQ,1,14,164,286,False
WDFNPYFIFLKVPAQ,3,14,164,286,False
WDFNPYFILLKLPAQ,3,6,167,539,False
WDFNPYFLFLKFPAQ,2,14,164,286,False
WDFNPYFLFLKLPAQ,1,6,167,539,False
WDFNPYFLFLKVPAQ,2,2,945,10007,False
WDFNPYFLLLKFPAQ,6,6,167,539,False
WDFNPYFLLLKLPAQ,9,6,167,539,False
WDFNPYFLLLKMPAQ,3,6,167,539,False
WDFNPYFLLLKVPAQ,5,6,167,539,False
WDFNPYFLLLKWPAQ,1,6,167,539,False
WDFNPYFVFLKIPAQ,2,14,164,286,False
WDFNPYFVFLKMPAQ,2,14,164,286,False
WDFNPYFVFLKVPAQ,3,14,164,286,False
WDFNPYFVLLKLPAQ,1,6,167,539,False
WDFNPYLFFLKMPAQ,1,2,945,10007,False
WDFNPYLFLLKLPAQ,1,6,167,539,False
WDFNPYLFLLKMPAQ,1,6,167,539,False
WDFNPYLIFLKGPAQ,1,2,945,10007,False
WDFNPYLIFLKVPAQ,4,2,945,10007,False
WDFNPYLILLKMPAQ,5,6,167,539,False
WDFNPYLLFLKFPAQ,5,2,945,10007,False
WDFNPYLLFLKIPAQ,1,2,945,10007,False
WDFNPYLLFLKLPAQ,41,2,945,10007,False
WDFNPYLLFLKMPAQ,3,2,945,10007,False
WDFNPYLLFLKVPAQ,62,2,945,10007,False
WDFNPYLLFLKVPSQ,1,2,945,10007,False
WDFNPYLLFLRKPSQ,13,1,400,4647,False
WDFNPYLLFLRKPTQ,9,1,400,4647,False
WDFNPYLLFLSQPNQ,1,3,116,931,False
WDFNPYLLFPRKPSQ,1,1282,2,2,False
WDFNPYLLLLKFPAQ,3,6,167,539,False
WDFNPYLLLLKGPAQ,1,6,167,539,False
WDFNPYLLLLKLPAQ,40,6,167,539,False
WDFNPYLLLLKMPAQ,3,6,167,539,False
WDFNPYLLLLKVPAQ,13,2,945,10007,False
WDFNPYLLMLKLPAQ,1,6,167,539,False
WDFNPYLLWLKVPAQ,3,2,945,10007,False
WDFNPYLMFLKLPMQ,1,1289,2,2,True
WDFNPYLVFLKIPAQ,1,14,164,286,False
WDFNPYLVFLKLPAQ,3,14,164,286,False
WDFNPYLVFLKVPAQ,4,2,945,10007,False
WDFNPYLVFLKWPAQ,1,14,164,286,False
WDFNPYLVLLKLPAQ,5,6,167,539,False
WDFNPYLVLLKVPAQ,3,2,945,10007,False
WDFNPYLWMLKLPAQ,1,1289,2,2,False
WDFNPYMIFLKVPAQ,4,2,945,10007,False
WDFNPYMLFLKFPAQ,5,6,167,539,False
WDFNPYMLLLKLPAQ,3,6,167,539,False
WDFNPYMLLLKVPAQ,2,6,167,539,False
WDFNPYMMLLKWPAQ,1,6,167,539,False
WDFNPYMVFLKVPAQ,1,14,164,286,False
WDFPGLLWVKRPRRV,1,1290,1,1,True
WDFRPFPAVSVVAGA,1,1291,1,1,True
WDFRPMLLFCCGRSR,1,1292,2,2,True
WDGESGERDDESAGA,1,405,3,3,False
WDGESGGVQGQSPGA,1,714,2,2,False
WDGGIRRAGGGKGRR,1,1293,1,1,True
WDGGPGLLFLWGPWR,1,175,6,7,False
WDGGPMLLFLAQPWQ,1,0,440,11232,False
WDGGPWLLFLQVPVQ,2,9,18,39,False
WDGGPWLLFLQWPLQ,1,175,6,7,False
WDGGRCCCFWSPRAR,1,552,2,2,False
WDGNPACGSWKCPAA,1,1294,1,1,True
WDGNPAWC*KGRRRV,1,549,2,2,False
WDGNPEVWGVKGPAQ,1,214,17,17,False
WDGNPFLLFLRWPQQ,1,403,3,3,False
WDGNPGEVVGEMAGA,1,1295,2,2,True
WDGNPGGVGGERAGA,1,1119,4,4,False
WDGNPGGWGWKVPAR,1,1296,2,2,True
WDGNPGLGLGESAGA,1,294,2,2,False
WDGNPGLLSGKVPAQ,1,416,15,15,False
WDGNPGRLRGQKAGA,1,1297,3,3,True
WDGNPGRRRWERPGA,1,495,5,5,False
WDGNPGRVAGKGRRR,1,1298,2,2,True
WDGNPGVWWLKVPAA,1,1296,2,2,False
WDGNPKGRRRKRPAQ,1,13,291,376,False
WDGNPKRRREQKAGA,1,1297,3,3,False
WDGNPKRRRRKRPAQ,1,13,291,376,False
WDGNPLCVLGKVPAQ,1,308,8,8,False
WDGNPLGLRGEKAGA,1,1297,3,3,False
WDGNPLLFVLKWPAQ,1,143,22,23,False
WDGNPLMGCCAKSRR,1,1299,1,1,True
WDGNPLVWGGESAGA,1,461,8,8,False
WDGNPMRGQVERPGA,1,1300,2,2,True
WDGNPNVRIMKGPAQ,1,1301,1,1,True
WDGNPPCFVGKIPAA,1,1302,1,1,True
WDGNPPGRSRKRPAQ,1,13,291,376,False
WDGNPQCWLWKARRR,1,1303,1,1,True
WDGNPQGRGSKGPAA,1,1304,2,2,True
WDGNPQGRRRKGPAQ,1,1304,2,2,False
WDGNPQRRRRKRPAQ,1,853,12,12,False
WDGNPRDRRRQRPGA,1,786,3,3,False
WDGNPRGGRRKRPAQ,1,13,291,376,False
WDGNPRGRWRKRPAQ,1,13,291,376,False
WDGNPRGVEQERAGA,1,1119,4,4,False
WDGNPRRGRMKGPAQ,1,81,48,51,False
WDGNPRRREEERAGA,1,129,31,35,False
WDGNPRRRRRKGPAQ,1,81,48,51,False
WDGNPTV*FWKCPAQ,1,1305,1,1,True
WDGNPVCLRVEIPGA,1,1306,2,2,True
WDGNPVWLVGKLPAQ,1,116,5,6,False
WDGNPWGCLCKFPAQ,1,67,3,4,False
WDGNPWMLLLKVPAQ,1,2,945,10007,False
WDGNPWRGGVKGPAQ,1,214,17,17,False
WDGNPWVWWVKGRRR,1,1307,1,1,True
WDGNPYRWGWKGAGA,1,1308,1,1,True
WDGNRRSAAAKGRRR,1,437,4,4,False
WDGQPWLLFLYGPVQ,1,9,18,39,False
WDGQSDGRRRESAGA,1,1309,1,1,True
WDGVAVAAVSGVAGA,1,37,8,10,False
WDGVPWLLFLMKPQQ,1,21,55,73,False
WDGWPLLLFLLQPEQ,1,173,26,27,False
WDHNPWLLFLKIPQQ,1,2,945,10007,False
WDIIRTCACSNCRRR,1,1310,1,1,True
WDIKSVDLDRQRAGA,1,1311,1,1,True
WDINPACSSGKMPGA,1,727,2,2,False
WDINPAVLLLESPGA,1,147,4,5,False
WDINPCRMRSKGRRR,2,167,2,3,True
WDINPFMLFLKLPAQ,1,6,167,539,False
WDINPGRCWGKGRRR,1,1298,2,2,False
WDINPLLLLLKLPAQ,1,6,167,539,False
WDINPPVLVGKVPAQ,1,171,5,6,False
WDINPTGRRRKSPAQ,1,13,291,376,False
WDINPVGSGGKIPAQ,1,861,5,5,False
WDINPWFVLLKLPAQ,1,149,40,42,False
WDINPWLLFLKVPAQ,1,2,945,10007,False
WDINPWLLFLNKPQQ,2,21,55,73,False
WDINPWLLFLRQPEQ,11,0,440,11232,False
WDINPWLLFLRTPFQ,1,4,162,769,False
WDINPYLLFLKIPAQ,2,1,400,4647,False
WDINRSGGSGKGRRR,1,319,3,3,False
WDKSPGLLFLGTPAQ,1,1312,1,1,True
WDLESVVLGDQIAGA,2,168,1,2,True
WDLGPGLLVSGGPDA,1,1313,1,1,True
WDLKSVDLLLEIAGA,1,1314,1,1,True
WDLLPLLLFLQWPVQ,1,173,26,27,False
WDLLPWLLFLTGPGQ,1,1315,1,1,True
WDLNPCFCLDQIAGA,1,1316,1,1,True
WDLNPCREHGEIPGA,1,1317,1,1,True
WDLNPEG*GSKGRRR,1,1318,2,2,True
WDLNPFCCL*NARRR,1,333,2,2,False
WDLNPFFLLLKVPAQ,1,169,9,10,False
WDLNPFLLLLKFPAQ,1,59,44,52,False
WDLNPFLLLLKMPAQ,1,59,44,52,False
WDLNPIFIVGKVPAQ,1,169,9,10,False
WDLNPKLVGVERPGA,1,1319,1,1,True
WDLNPLGFVVKVPAQ,1,756,3,3,False
WDLNPLGGGSKGRRR,1,1318,2,2,False
WDLNPLGVFMKVAGA,1,1320,1,1,True
WDLNPLLLWLKVPAQ,1,2,945,10007,False
WDLNPLLWGGKVPGA,1,1321,2,2,True
WDLNPLSWVIKFPAA,1,1322,1,1,True
WDLNPMFWGLKVPAQ,2,169,9,10,True
WDLNPMISRWKMPAR,1,1323,1,1,True
WDLNPPVSGGKVPAQ,1,169,9,10,False
WDLNPQMVGVKWPAQ,1,1324,2,2,True
WDLNPQWIVLKWPAQ,1,1324,2,2,False
WDLNPRFFCWKGPAQ,1,1278,2,2,False
WDLNPRFSWLKCPAQ,1,169,9,10,False
WDLNPSLLLQIPGAG,1,225,2,2,False
WDLNPTGGGRQIPGA,1,1325,2,2,True
WDLNPVFSSRKVPAQ,1,169,9,10,False
WDLNPVGGLGQIAGA,1,76,10,11,False
WDLNPVLLGGKLPGA,1,1321,2,2,False
WDLNPWFVFLKVPAQ,1,169,9,10,False
WDLNPWGFVLKLPAQ,1,149,40,42,False
WDLNPWLLFLKIPAQ,1,2,945,10007,False
WDLNPWLLFLKLPAQ,2,2,945,10007,False
WDLNPWLLFLKVPAQ,4,2,945,10007,False
WDLNPWLLFLRQPTQ,1,4,162,769,False
WDLNPWLLFLRQPVQ,1,4,162,769,False
WDLNPWLLLLKFPAQ,1,2,945,10007,False
WDLNPWLLWLKVPAQ,2,2,945,10007,False
WDLNPWMLFLKMPAQ,1,2,945,10007,False
WDLNPWMLFLKVPAQ,3,2,945,10007,False
WDLNPWMLLLKVPAQ,1,2,945,10007,False
WDLNPWMVFLKVPAQ,1,2,945,10007,False
WDLNPYLLFLATPQQ,1,1326,7,7,True
WDLNPYLLFLERPQQ,1,1326,7,7,False
WDLNSGVLHRERPGA,1,1327,1,1,True
WDLRCWCCSNCRRRV,1,1328,1,1,True
WDLRPLLLFLQFPSQ,1,184,12,12,False
WDLVPMLLFCCSRCR,1,1292,2,2,False
WDLVPWLLFCSCRCR,1,940,2,2,False
WDLWPLLLFLGLPVQ,3,4,162,769,False
WDLWPLLLFLVWPCR,1,174,6,7,False
WDMNPACCMLKWPAQ,1,1329,1,1,True
WDMNPEGRQEERAGA,1,876,4,4,False
WDMNPFMLLLKVPAQ,1,6,167,539,False
WDMNPGWCRCKCRRR,1,1095,2,2,False
WDMNPLFFLLKLPAQ,1,219,10,10,False
WDMNPLLLFLRQPVQ,1,4,162,769,False
WDMNPQLFIWKFPAQ,1,1330,1,1,True
WDMNPRGRRGKGPAQ,1,761,2,2,False
WDMNPRRRRRKGPAQ,1,81,48,51,False
WDMNPSMVLVKLPAQ,1,71,8,9,False
WDMNPVVWGGESAGA,1,1331,1,1,True
WDMNPWLLFLKFPAQ,1,2,945,10007,False
WDMNPWLLFLKLPAQ,5,2,945,10007,False
WDMNPWLLFLKVPAQ,48,2,945,10007,False
WDMNPYFVFLKLPAQ,1,14,164,286,False
WDMNPYFVFLKVPAQ,1,14,164,286,False
WDMNPYLLFLKFPAQ,1,1,400,4647,False
WDMNSDVEGQERAGA,2,170,1,2,True
WDQNPWLLFLKKPRQ,6,1,400,4647,False
WDQNPWLLFLKMPYQ,1,2,945,10007,False
WDQNPWLLFLKRPRQ,7,2,945,10007,False
WDQQSGGRGGERAGA,1,1332,1,1,True
WDQSPGLLFLWLPVQ,1,78,8,11,False
WDQVPMLLFLVGPQQ,1,1333,3,3,True
WDQWPWLLFLVLPLQ,1,175,6,7,False
WDRESDEEDEERAGA,1,1334,2,2,True
WDRESEEEEEERAGA,1,1334,2,2,False
WDRLPLLLFLSLPQQ,1,188,7,7,False
WDRNPCFWLGKWPAQ,1,502,6,6,False
WDRNPDVRRRKRPAQ,1,13,291,376,False
WDRNPEGREEEKAGA,1,133,12,13,False
WDRNPEGRSRKSPAQ,1,13,291,376,False
WDRNPEGSRRKRPAQ,1,13,291,376,False
WDRNPEREQEEKAGA,1,536,2,2,False
WDRNPGCFWVKGPAQ,1,1335,1,1,True
WDRNPGGRDGESAGA,1,697,4,4,False
WDRNPGGRLGEIAGA,1,767,3,3,False
WDRNPGRRSRKGPAQ,1,150,20,21,False
WDRNPKGGGAGKGRR,1,1336,1,1,True
WDRNPKGRMRKRPAQ,1,13,291,376,False
WDRNPKGRRLKRPAQ,1,13,291,376,False
WDRNPKGRRMKRPAQ,1,13,291,376,False
WDRNPKGRRRKRPAQ,1,13,291,376,False
WDRNPKRREEEKAGA,1,77,23,26,False
WDRNPKRRRRKRPAQ,2,13,291,376,False
WDRNPKRWRRKGPAQ,1,13,291,376,False
WDRNPKVGEVERAGA,1,20,20,24,False
WDRNPLLLFLKFPAQ,1,2,945,10007,False
WDRNPMVFVGKFPAQ,2,171,5,6,True
WDRNPQGRRGKRPAQ,2,13,291,376,False
WDRNPQGWRRKRPAQ,1,13,291,376,False
WDRNPQRRRGKGPAQ,1,231,12,12,False
WDRNPQRRRGKVPAQ,1,231,12,12,False
WDRNPQRRSRKSPAQ,1,881,8,8,False
WDRNPQSRRRKRPAQ,1,13,291,376,False
WDRNPQVRRRKVPAQ,1,13,291,376,False
WDRNPQWFFRKFPAQ,1,171,5,6,False
WDRNPQWRRGKRPAQ,1,13,291,376,False
WDRNPRGRRRKGPAQ,1,13,291,376,False
WDRNPRGWWSGNGRR,1,1283,2,2,False
WDRNPRRRGMEKAGA,1,133,12,13,False
WDRNPRRRRRKGPAQ,1,81,48,51,False
WDRNPSCVSRKSPAQ,1,1337,1,1,True
WDRNPTGRGQQIAGA,1,1325,2,2,False
WDRNPTGRRQEKAGA,1,133,12,13,False
WDRNPVSVQEEMAGA,1,1338,1,1,True
WDRNPYGRRCKGPAQ,1,13,291,376,False
WDRNPYLLFLRWPQQ,1,1326,7,7,False
WDRNRGGGAGKGRRR,1,562,2,2,False
WDRQPVLLFLWSPGQ,1,34,12,14,False
WDRQSEEEEEQKPGA,1,896,5,5,False
WDRRPTLLFLLAPVQ,1,188,7,7,False
WDRVPMLLFLVLPQQ,1,1333,3,3,False
WDRVPWLLFLSVPQQ,1,1333,3,3,False
WDSIRCWCG*NCRRR,1,1339,2,2,True
WDSIRPCCC*NARRR,1,1339,2,2,False
WDSNPACGFRKFPAQ,1,1340,1,1,True
WDSNPAVVIVKCPVW,2,172,1,2,True
WDSNPKGRRWKRPAQ,1,13,291,376,False
WDSNPKMRRRKMPAQ,1,13,291,376,False
WDSNPKRRRSKRPAQ,1,987,10,10,False
WDSNPKRWWRKRPAQ,1,1341,1,1,True
WDSNPNWDQREKAGA,1,1342,1,1,True
WDSNPQGRRRKRPAQ,1,13,291,376,False
WDSNPRRRSRKGPAQ,1,81,48,51,False
WDSNPTLGRRKGPAQ,1,81,48,51,False
WDSNPTRSREQKPGA,1,1343,1,1,True
WDSNPWLLFLKRPRQ,2,2,945,10007,False
WDSNPWLLFLKVPAQ,2,2,945,10007,False
WDSNPWLLFLQSPVQ,1,173,26,27,False
WDSNPWLLFLRKPQQ,3,21,55,73,False
WDSNPWLLFLRKPWQ,1,0,440,11232,False
WDSVPLLLFLQSPGQ,1,173,26,27,False
WDSWPLLLFLQVPVQ,2,173,26,27,True
WDVCPLLLFLQWPGR,2,174,6,7,True
WDVESDGSSGGKSRR,1,1344,1,1,True
WDVGPWLLFLLVPQQ,1,175,6,7,False
WDVGPWLLFLWLPLR,2,175,6,7,True
WDVLPWLLFLWVPLR,1,175,6,7,False
WDVNPAGRLGKSPAR,1,1345,1,1,True
WDVNPAGSSGNSRRR,1,166,4,5,False
WDVNPDRVGVQMAGA,1,950,2,2,False
WDVNPF*SCANARRR,1,1346,2,2,True
WDVNPFFLFFKIPAQ,1,1347,5,5,True
WDVNPFFSLLKLRRR,1,1348,3,3,True
WDVNPFLFLSKVRRR,1,1348,3,3,False
WDVNPFLLFLKFPAQ,3,2,945,10007,False
WDVNPFLLFLKMPAQ,1,1347,5,5,False
WDVNPFLLFLKVPAQ,1,2,945,10007,False
WDVNPFLLLLKFPAQ,1,59,44,52,False
WDVNPFLLLLKLPAQ,1,6,167,539,False
WDVNPFLLLLKMPAQ,1,59,44,52,False
WDVNPFMLFLKFPAQ,1,1347,5,5,False
WDVNPFMLFLKVPAQ,2,2,945,10007,False
WDVNPFMLLLKLPAQ,2,6,167,539,False
WDVNPFMLVSKCRRR,1,1040,2,2,False
WDVNPFRRGRKWPAQ,1,1071,4,4,False
WDVNPGGVVGQSAGA,1,1032,2,2,False
WDVNPGMVGLKGPAA,1,1349,2,2,True
WDVNPGMVVVESAGA,1,1295,2,2,False
WDVNPGWVGVKGPAQ,1,1349,2,2,False
WDVNPLFLLLKVPAQ,1,169,9,10,False
WDVNPLFLVRKCAGA,1,1350,1,1,True
WDVNPLGWVVKCRRR,1,1351,1,1,True
WDVNPLLLFLKLPAQ,2,2,945,10007,False
WDVNPLLLFLQLPVQ,1,173,26,27,False
WDVNPLVVVGERAGA,1,501,4,4,False
WDVNPLWLLWKLPAQ,1,26,10,13,False
WDVNPMLVFLKFPAQ,1,539,7,7,False
WDVNPPFFFLKVPAQ,1,169,9,10,False
WDVNPQISLSKSRRR,1,1348,3,3,False
WDVNPSVGVCKSPAQ,1,215,5,5,False
WDVNPTWCMVERAGA,1,20,20,24,False
WDVNPVSSCGNSRRR,1,1346,2,2,False
WDVNPWLCVMKRPAQ,2,176,1,2,True
WDVNPWLFFLKVPAQ,3,2,945,10007,False
WDVNPWLIFLKVPAQ,2,2,945,10007,False
WDVNPWLLFLKFPAQ,1,2,945,10007,False
WDVNPWLLFLKLPAQ,7,2,945,10007,False
WDVNPWLLFLKMPAQ,1,2,945,10007,False
WDVNPWLLFLKVPAQ,7,2,945,10007,False
WDVNPWLLFLQWPVQ,2,4,162,769,False
WDVNPWLLFLRQPEQ,5,0,440,11232,False
WDVNPWLLFLRQPTQ,1,0,440,11232,False
WDVNPWLLFRKLPAQ,1,2,945,10007,False
WDVNPWLLWLKFPAQ,1,2,945,10007,False
WDVNPWLVFLKVPAQ,2,2,945,10007,False
WDVNPWMLFLKLPAQ,1,2,945,10007,False
WDVNPWVGVGKLPAQ,1,171,5,6,False
WDVNPYFIFLKFPAQ,2,14,164,286,False
WDVNPYFLFLKLPAQ,1,1347,5,5,False
WDVNPYFVFLKLPAQ,1,14,164,286,False
WDVNPYLLFLGKPQQ,1,1326,7,7,False
WDVNPYLLFLKKPKQ,2,1,400,4647,False
WDVNPYLLFLKMPAQ,1,1,400,4647,False
WDVNPYLLFLKQPFQ,1,3,116,931,False
WDVNPYLLFLKQPKQ,2,1,400,4647,False
WDVNPYLLFLKQPSQ,1,3,116,931,False
WDVNPYLLFLKQPVQ,101,3,116,931,False
WDVNPYLLFLRKPSQ,1,1,400,4647,False
WDVNPYLLFLRQPSQ,1,3,116,931,False
WDVNPYLLFLRSPYQ,1,3,116,931,False
WDVNPYLLFLRVPKQ,1,1,400,4647,False
WDVNPYLLFLSKPQQ,1,3,116,931,False
WDVNPYLLFLSTPQQ,2,3,116,931,False
WDVQPLLLFLFRPLQ,1,11,59,151,False
WDVWPLLLFLQQPDQ,1,173,26,27,False
WDWEPWLLFLQWPGQ,1,174,6,7,False
WDWESGCCCC*KCRR,1,1352,1,1,True
WDWGPLLLFLQLPVQ,1,173,26,27,False
WDWGPQLLFLQWPGQ,1,174,6,7,False
WDWNPAGWLRKVPAQ,2,177,7,8,True
WDWNPFFVLLKLPAQ,1,59,44,52,False
WDWNPGGSRRKRPAQ,1,13,291,376,False
WDWNPGGWMGKMPAA,1,1353,1,1,True
WDWNPGVGRVEIPGA,1,1041,2,2,False
WDWNPGVVRDEIPGA,2,29,8,12,False
WDWNPLCGRRKVPAQ,1,177,7,8,False
WDWNPLGWWVKGPRR,1,1221,2,2,False
WDWNPLLLFLKVPAQ,1,2,945,10007,False
WDWNPLLLWLKVPAQ,1,2,945,10007,False
WDWNPLMCG*NARRR,2,178,1,2,True
WDWNPLVLLGQMAGA,1,795,4,4,False
WDWNPLWLLVKLPAQ,1,1354,3,3,True
WDWNPQG*SGKARRR,1,968,4,4,False
WDWNPQRRGGKRPAQ,1,231,12,12,False
WDWNPRGRRRKGPAQ,1,13,291,376,False
WDWNPRRGEDERPGA,1,1300,2,2,False
WDWNPSRLLVKMPAQ,1,1354,3,3,False
WDWNPTCRMRKGRRR,1,559,2,2,False
WDWNPVCFRLEIAGA,1,1306,2,2,False
WDWNPVCVGCESAGA,1,1225,2,2,False
WDWNPVHDVLQIAGA,1,1355,1,1,True
WDWNPVMWGWKFPGA,1,1356,1,1,True
WDWNPVVRVGEIAGA,2,120,10,12,False
WDWNPWLLFLKVPAQ,1,2,945,10007,False
WDWNPWLLGLKVPAQ,1,2,945,10007,False
WDWNPWLLLLKVPAQ,1,2,945,10007,False
WDWNPWLLSLKVPAQ,2,2,945,10007,False
WDWNPWLVFLKLPAQ,1,149,40,42,False
WDWNPWLWWSESAGA,1,1357,1,1,True
WDWNPWLWWVKVPAQ,1,177,7,8,False
WDWNPWWLWVKLPAQ,1,1354,3,3,False
WDWNPYLLFLGQPMQ,1,3,116,931,False
WDWNPYLLFLRQPKQ,1,110,29,32,False
WDWNPYLLFLRQPLQ,53,3,116,931,False
WDWNPYLLFLRQPSQ,1,110,29,32,False
WDWNPYLLFLTRPQQ,1,1326,7,7,False
WDWNPYLLLLKLPAQ,1,6,167,539,False
WDWNPYLLLLKVPAQ,2,59,44,52,False
WDWNPYLVFLKVPAQ,2,59,44,52,False
WDWNPYMLFMKIPAQ,1,1347,5,5,False
WDWQPFLLFLGLPLQ,2,179,3,4,True
WDWVAVAAVSGVAGP,1,41,8,9,False
WDWVPLLLFLSWPRQ,1,1358,2,2,True
WDWWPLLLFLSLPAQ,1,1358,2,2,False
WDWWPWLPVSGGAGA,1,1359,1,1,True
WDYNPMLLFLRQPPQ,12,0,440,11232,False
WDYNPMLLFLYTPQQ,1,1326,7,7,False
WDYNPWLLFLAQPWQ,1,0,440,11232,False
WDYNPWLLFLKKPKQ,1,1,400,4647,False
WDYNPWLLFLKNPQQ,1,0,440,11232,False
WDYNPWLLFLKQPKQ,2,0,440,11232,False
WDYNPWLLFLKQPNQ,1,0,440,11232,False
WDYNPWLLFLQLPTQ,2,0,440,11232,False
WDYNPWLLFLRKPQQ,12,0,440,11232,False
WDYNPWLLFLRMPRQ,1,0,440,11232,False
WDYNPWLLFLRQPEQ,1,0,440,11232,False
WDYNPWLLFLRQPKQ,1,0,440,11232,False
WDYNPWLLFLRQPQQ,234,0,440,11232,False
WDYNPWLLFLRQPTQ,3,0,440,11232,False
WDYNPWLLFLRRPSQ,1,11,59,151,False
WDYNPWLLFLRRPWQ,1,0,440,11232,False
WDYNPWLLFLSQPAQ,8,0,440,11232,False
WDYNPWLLFLSSPQQ,7,0,440,11232,False
WDYNPWLLFLTRPQQ,3,0,440,11232,False
WDYNPWLLFLVQPPQ,1,0,440,11232,False
WDYNPYLLFLKKPKQ,3,1,400,4647,False
WDYNPYLLFLKQPKQ,2,1,400,4647,False
WDYNPYLLFLRRPSQ,23,1,400,4647,False
WDYNPYLLFLRVPKQ,1,1,400,4647,False
WDYNPYLLFLVQPPQ,1,0,440,11232,False
WECGAGAAVSGDPDA,1,1360,1,1,True
WELESGGVVGERAGA,1,1361,1,1,True
WGCQSAQLHLQNPGA,1,363,2,2,False
WGCQSVDVDGEIPGA,1,1362,1,1,True
WGFESVVVGGEIAGA,1,367,7,7,False
WGFQSDGGEGQSAGA,1,1363,1,1,True
WGFQSGVDVGESAGA,2,180,3,4,True
WGFQSVGVVVQIPGA,1,1112,2,2,False
WGFVAVAAVSGVADA,1,41,8,9,False
WGLESEQRQEERAGA,1,1364,2,2,True
WGLESEQVEEERAGA,1,1364,2,2,False
WGLESGRVGLQSAGA,1,1365,1,1,True
WGLESVLGVREIPGA,1,39,13,16,False
WGQESEEEEVEKAGA,1,30,82,93,False
WGQESEGEEEERAGA,1,30,82,93,False
WGQESEGEEVERAGA,1,30,82,93,False
WGWESEGEEEQKAGA,1,816,2,2,False
WGWESEGVEGERAGA,1,821,4,4,False
WGWESVGVEEEMAGA,1,821,4,4,False
WGYESGGQDQQRAGA,1,921,2,2,False
WGYESVVLVVQSAGA,1,1263,2,2,False
WGYGAVAAVSVVAGA,1,37,8,10,False
WI*IR*WASGKGRRR,1,191,2,2,False
WI*IR*WSC*NCRRR,1,1366,1,1,True
WI*IRCAWS*KSRRR,1,32,4,6,False
WIGAVAAVSVGAGAG,1,1367,1,1,True
WIGIRGSSS*NCRRR,1,604,3,3,False
WIGIRSASGAKARRR,1,32,4,6,False
WISIRRSSGGKSRRR,1,1368,2,2,True
WM*IRRWWRVKVPAQ,1,1369,1,1,True
WMGIRRGGCANARRR,1,24,5,8,False
WRFQSDLVRREIPGA,1,1267,3,3,False
WV*IRAGGGGKGRRR,1,139,16,17,False
WV*IRSCSSSKCRRR,1,1370,1,1,True
WVAIRRSGSGKSRRR,1,1368,2,2,False
WVGIRCSSAAKARRR,1,1064,2,2,False
YDANPWLLFLKRPKQ,2,10,61,143,False
YDANPWLLFLLTPQQ,1,10,61,143,False
YDANPWLLFLQRPLQ,1,10,61,143,False
YDANPWLLFLRLPQQ,5,4,162,769,False
YDANPWLLFLRRPQQ,1,10,61,143,False
YDANPWLLFLRRPVQ,36,4,162,769,False
YDANPWLLFLRRPYQ,3,10,61,143,False
YDANPWLLFLSQPAQ,1,3,116,931,False
YDANPYLLFLRMPQQ,1,3,116,931,False
YDANPYLLFLRQPMQ,5,3,116,931,False
YDANPYLLFLSKPQQ,1,3,116,931,False
YDANPYLLFLWQPRQ,1,3,116,931,False
YDFAPKLLFLMWPQQ,1,983,2,2,False
YDFNPWLLFLASPQQ,1,0,440,11232,False
YDFNPWLLFLGQPRQ,2,3,116,931,False
YDFNPWLLFLQGPIQ,6,10,61,143,False
YDFNPWLLFLRKPEQ,2,2,945,10007,False
YDFNPWLLFLSSPQQ,3,2,945,10007,False
YDFNPYLLFLRKPRQ,1,3,116,931,False
YDFNPYLLFLRSPRQ,2,3,116,931,False
YDFNPYLLFLSRPQQ,2,3,116,931,False
YDHNPWLLFLKQPNQ,1,0,440,11232,False
YDINPFLLFLAQPWQ,1,0,440,11232,False
YDINPFLLFLRQPGQ,2,3,116,931,False
YDINPWLLFLALPNQ,1,0,440,11232,False
YDINPWLLFLKIPKQ,1,10,61,143,False
YDINPWLLFLTRPQQ,1,10,61,143,False
YDINPYLLFLAQPWQ,3,0,440,11232,False
YDINPYLLFLASPQQ,1,1326,7,7,False
YDINPYLLFLIQPKQ,14,3,116,931,False
YDINPYLLFLISPQQ,3,3,116,931,False
YDINPYLLFLKKPKQ,2,1,400,4647,False
YDINPYLLFLKKPQQ,301,1,400,4647,False
YDINPYLLFLKNPQQ,3,1,400,4647,False
YDINPYLLFLKQPKQ,6,1,400,4647,False
YDINPYLLFLKQPNQ,1,3,116,931,False
YDINPYLLFLKQPVQ,1,3,116,931,False
YDINPYLLFLKRPQQ,2,1,400,4647,False
YDINPYLLFLQKPRQ,1,3,116,931,False
YDINPYLLFLQWPVQ,1,5,22,107,False
YDINPYLLFLRKPKQ,1,1,400,4647,False
YDINPYLLFLRKPQQ,60,1,400,4647,False
YDINPYLLFLRMPNQ,1,3,116,931,False
YDINPYLLFLRQPKQ,1,3,116,931,False
YDINPYLLFLRQPLQ,1,3,116,931,False
YDINPYLLFLRQPSQ,2,3,116,931,False
YDINPYLLFLRYPQQ,1,5,22,107,False
YDINPYLLFLSMPQQ,2,3,116,931,False
YDINPYLLFLSQPVQ,1,3,116,931,False
YDINPYLLFLTQPNQ,136,3,116,931,False
YDINPYLLFLTQPSQ,1,3,116,931,False
YDINPYLLFLVQPPQ,1,3,116,931,False
YDINPYLLFLWKPQQ,1,21,55,73,False
YDINPYLLFLWRPQQ,56,3,116,931,False
YDLNPMLLFLKRPQQ,1,10,61,143,False
YDLNPYLLFLKQPYQ,1,3,116,931,False
YDLNPYLLFLRQPKQ,8,3,116,931,False
YDLVAAPAVSAVAGA,1,1371,1,1,True
YDMNPFLLFLRVPQQ,1,10,61,143,False
YDMNPWLLFLKQPNQ,1,10,61,143,False
YDMNPWLLFLQRPKQ,17,10,61,143,True
YDMNPWLLFLRLPSQ,1,4,162,769,False
YDMNPWLLFLRQPPQ,1,10,61,143,False
YDMNPYLLFLKQPKQ,1,1,400,4647,False
YDMNPYLLFLSRPQQ,3,3,116,931,False
YDMWPQLLFLWKPQQ,1,837,3,3,False
YDNNPWLLFLRQPKQ,1,10,61,143,False
YDNNPYLLFLRKPQQ,1,1,400,4647,False
YDNNPYLLFLRQPYQ,1,3,116,931,False
YDQNPWLLFLKQPRQ,1,3,116,931,False
YDQYPSLLFLFKPLQ,1,1372,1,1,True
YDRNPWLLFLKQPEQ,1,0,440,11232,False
YDRNPWLLFLSQPAQ,3,3,116,931,False
YDRWPLLLFLQSPRQ,1,173,26,27,False
YDRWPLLLFLQWPLQ,1,60,14,17,False
YDSNPILLFLRQPIQ,1,3,116,931,False
YDSNPWLLFLEQPEQ,1,525,4,4,False
YDSNPWLLFLKQPKQ,5,10,61,143,False
YDSNPWLLFLKQPTQ,1,0,440,11232,False
YDSNPWLLFLLVPQQ,1,2,945,10007,False
YDSNPWLLFLMRPQQ,4,10,61,143,False
YDSNPWLLFLQLPQQ,1,10,61,143,False
YDSNPWLLFLQRPRQ,5,10,61,143,False
YDSNPWLLFLQVPQQ,2,10,61,143,False
YDSNPWLLFLRQPAQ,1,0,440,11232,False
YDSNPWLLFLRQPRQ,1,3,116,931,False
YDSNPWLLFLRQPSQ,199,0,440,11232,False
YDSNPWLLFLRQPVQ,1,4,162,769,False
YDSNPWLLFLRRPQQ,2,10,61,143,False
YDSNPWLLFLSRPRQ,2,3,116,931,False
YDSNPWLLFLVQPPQ,1,0,440,11232,False
YDSNPWLLFLVQPSQ,1,0,440,11232,False
YDSNPWLLFPRQPSQ,1,1373,1,1,True
YDSNPYLLFLKQPKQ,1,1,400,4647,False
YDSNPYLLFLKQPRQ,1,3,116,931,False
YDSNPYLLFLKRPQQ,1,1,400,4647,False
YDSNPYLLFLKYPQQ,4,1,400,4647,False
YDSNPYLLFLRKPQQ,1,1,400,4647,False
YDSNPYLLFLRQPVQ,7,3,116,931,False
YDSNPYLLFLTYPYQ,2,3,116,931,False
YDTNPWLLFLAQPSQ,1,0,440,11232,False
YDTNPWLLFLVQPVQ,1,271,5,5,False
YDTNPYLLFLKQPKQ,1,1,400,4647,False
YDTNPYLLFLRQPAQ,6,3,116,931,False
YDTNPYLLFLRQPKQ,1,3,116,931,False
YDTNPYLLFLRRPKQ,1,10,61,143,False
YDVNPWLLFLKLPQQ,1,2,945,10007,False
YDVNPWLLFLQHPVQ,1,10,61,143,False
YDVNPWLLFLQLPVQ,43,4,162,769,False
YDVNPWLLFLQVPLQ,2,10,61,143,False
YDVNPWLLFLRMPQQ,36,3,116,931,False
YDVNPWLLFLRMPWQ,1,0,440,11232,False
YDVNPWLLFLRQPKQ,1,3,116,931,False
YDVNPWLLFLRRPTQ,2,10,61,143,False
YDVNPWLLFLSQPIQ,1,3,116,931,False
YDVNPWLLFLVQPPQ,1,3,116,931,False
YDVNPYLLFLAQPWQ,1,3,116,931,False
YDVNPYLLFLKKPKQ,2,1,400,4647,False
YDVNPYLLFLKKPQQ,1,1,400,4647,False
YDVNPYLLFLKMPYQ,1,3,116,931,False
YDVNPYLLFLKQPKQ,28,3,116,931,False
YDVNPYLLFLKRPQQ,1,3,116,931,False
YDVNPYLLFLLKPQQ,3,3,116,931,False
YDVNPYLLFLQLPVQ,4,3,116,931,False
YDVNPYLLFLQWPVQ,1,3,116,931,False
YDVNPYLLFLRQPAQ,6,3,116,931,False
YDVNPYLLFLRRPQQ,3,3,116,931,False
YDVNPYLLFLSQPGQ,1,3,116,931,False
YDVNPYLLFLSQPKQ,2,3,116,931,False
YDVNPYLLFLSQPRQ,142,3,116,931,True
YDVNPYLLFLSQPWQ,2,3,116,931,False
YDVNPYLLFLSRPQQ,3,3,116,931,False
YDVNPYLLFLTQPNQ,1,3,116,931,False
YDVNTYLLFLSQPRQ,1,3,116,931,False
YDWNPMLLFLYQPRQ,1,3,116,931,False
YDWNPWLLFLKKPKQ,1,1,400,4647,False
YDWNPWLLFLKQPGQ,15,0,440,11232,False
YDWNPWLLFLKQPNQ,1,0,440,11232,False
YDWNPWLLFLKQPWQ,1,0,440,11232,False
YDWNPWLLFLVQPPQ,2,0,440,11232,False
YDWNPYLLFLRIPQQ,2,3,116,931,False
YDWNPYLLFLRQPEQ,1,3,116,931,False
YDYNP*LLFLAQPWQ,1,0,440,11232,False
YDYNP*LLFLKQPKQ,1,1,400,4647,False
YDYNP*LLFLQWPGQ,1,10,61,143,False
YDYNP*LLFLRQNPG,1,1374,1,1,True
YDYNP*LLFLRQPNQ,1,110,29,32,False
YDYNP*LLFLRQPYQ,243,0,440,11232,False
YDYNP*LLFLRQSYQ,1,110,29,32,False
YDYNPLLLFLINPQQ,1,11,59,151,False
YDYNPLLLFLKHPGQ,1,1,400,4647,False
YDYNPLLLFLKQPKQ,1,1,400,4647,False
YDYNPLLLFLQFPVQ,1,10,61,143,False
YDYNPLLLFLRKPKQ,28,1,400,4647,False
YDYNPLLLFLRRPKQ,1,11,59,151,False
YDYNPWLLFLAQPWQ,5,0,440,11232,False
YDYNPWLLFLGQPQQ,1,0,440,11232,False
YDYNPWLLFLKMPYQ,1,0,440,11232,False
YDYNPWLLFLKQPKQ,1,0,440,11232,False
YDYNPWLLFLKQPNQ,1,0,440,11232,False
YDYNPWLLFLLQPQQ,1,0,440,11232,False
YDYNPWLLFLRKPQQ,9,0,440,11232,False
YDYNPWLLFLRQPKQ,1,0,440,11232,False
YDYNPWLLFLRQPSQ,2,0,440,11232,False
YDYNPWLLFLRQPTQ,344,0,440,11232,False
YDYNPWLLFLRQPYQ,2,0,440,11232,False
YDYNPWLLFLRQSTQ,1,945,4,4,False
YDYNPWLLFLRRPWQ,1,0,440,11232,False
YDYNPWLLFLRTPFQ,2,0,440,11232,False
YDYNPWLLFLSQPDQ,8,0,440,11232,False
YDYNPWLLFLTRPQQ,6,10,61,143,False
YDYNPWLLFLVQPMQ,2,0,440,11232,False
YDYNPWLLFLVQPPQ,2,0,440,11232,False
YDYNPYLLFLAQPWQ,5,0,440,11232,False
YDYNPYLLFLKKPKQ,5,1,400,4647,False
YDYNPYLLFLKQPKQ,1,1,400,4647,False
YDYNPYLLFLKRPTQ,1,1,400,4647,False
YDYNPYLLFLQVPVQ,1,1,400,4647,False
YDYNPYLLFLQWPQQ,1,1,400,4647,False
YDYNPYLLFLQWPVQ,339,1,400,4647,False
YDYNPYLLFLRKPKQ,5,1,400,4647,False
YDYNPYLLFLRKPSQ,1,1,400,4647,False
YDYNPYLLFLRQPTQ,1,3,116,931,False
YDYNPYLLFLSQPKQ,61,3,116,931,False
YDYNPYLLFLTQPNQ,2,3,116,931,False
