Sequence,Count,cluster_id,cluster_size,cluster_read_mass,is_representative
*CESGVVGQEIPGAG,1,630,1,1,True
*CVAGAAVSDVAGAG,1,631,2,2,True
*DFNPLLLFLKLPAQ,1,3,2229,22657,False
*DQESDGGEEEKAGA,1,632,8,8,True
*LESGVLVVEIAGAG,1,633,3,3,True
ADAAPALLFLAPRGR,1,634,1,1,True
ADAGP*LLFLVTPRQ,1,635,2,2,True
ADANPWLLFLAQPWQ,2,1,1197,10527,False
ADANPWLLFLAQPYQ,8,1,1197,10527,False
ADANPWLLFLKQPRQ,1,175,27,28,False
ADANPWLLFLQAPAQ,1,3,2229,22657,False
ADANPWLLFLRMPNQ,1,7,629,1764,False
ADANPWLLFLRMPQQ,2,7,629,1764,False
ADANPWLLFLRQPAQ,2,7,629,1764,False
ADANPWLLFLRQPLQ,2,7,629,1764,False
ADANPWLLFLRQPNQ,2,7,629,1764,False
ADANPWLLFLRQPRQ,40,7,629,1764,False
ADANPWLLFLRQPRR,1,7,629,1764,False
ADANPWLLFLYRPQQ,2,7,629,1764,False
ADANPYLLFLKKPKQ,1,0,1628,17219,False
ADANPYLLFLKQPKQ,1,0,1628,17219,False
ADANPYLLFLTQPQQ,1,2,509,4610,False
ADARPMLLFLGGAAA,1,456,5,6,False
ADAWPVLLFLQWPVQ,1,53,100,123,False
ADCGPSAAVSVGADP,1,636,2,2,True
ADCQPQLLFLNRPRR,7,28,1,7,True
ADDGPVLLFLQWPLQ,1,637,44,44,True
ADDHPSLLFLMQPKQ,1,638,5,5,True
ADDTPVLLFLTRPQQ,3,60,17,24,False
ADEDPRLLFLKLPGF,1,639,2,2,True
ADFMPWLLFLQFPAQ,2,3,2229,22657,False
ADFNPWLLFLAQPRQ,1,1,1197,10527,False
ADFNPWLLFLAQPWQ,1,1,1197,10527,False
ADFNPWLLFLHNPRQ,1,3,2229,22657,False
ADFNPWLLFLKKPKQ,1,0,1628,17219,False
ADFNPWLLFLKNPNQ,1,3,2229,22657,False
ADFNPWLLFLKQPNQ,1,3,2229,22657,False
ADFNPWLLFLKSPQQ,1,3,2229,22657,False
ADFNPWLLFLQLPVQ,1,3,2229,22657,False
ADFNPWLLFLRLPSQ,1,3,2229,22657,False
ADFNPWLLFLRMPKQ,1,12,343,758,False
ADFNPWLLFLRNPWQ,1,1,1197,10527,False
ADFNPWLLFLRRPAQ,1,3,2229,22657,False
ADFNPWLLFLRRPSQ,104,3,2229,22657,False
ADFNPWLLFLRRPWQ,1,1,1197,10527,False
ADFNPWLLFLRSPRQ,1,3,2229,22657,False
ADFNPWLLFLRVPVQ,2,3,2229,22657,False
ADFNPWLLFLSQPVQ,1,1,1197,10527,False
ADFNPWLLFLSVPQQ,1,3,2229,22657,False
ADFNPWLLFLTQPNQ,2,2,509,4610,False
ADFNPWLLFLTVPAQ,1,3,2229,22657,False
ADFNPWLLFLYVPMQ,1,3,2229,22657,False
ADFNPYLLFLRQPNQ,1,2,509,4610,False
ADFRPLLLFLSGPQQ,1,640,16,16,True
ADFRPWLLFLERPGA,1,641,1,1,True
ADFVPLLLFLQCPNQ,1,119,11,13,False
ADFVPLLLFLQLPQQ,1,640,16,16,False
ADGGPLLLFLQWPGQ,1,637,44,44,False
ADGGPQLLFLWWPRQ,1,567,14,15,False
ADGGPWLLFLKQPVQ,1,130,94,113,False
ADGKPWLLFLQWPVQ,1,56,210,255,False
ADGNPWLLFLQWPRQ,1,9,239,562,False
ADGRPWLLFLQWPLQ,1,637,44,44,False
ADGVPVLLFLQWPWQ,1,53,100,123,False
ADGWPLLLFLQWPEQ,1,29,67,92,False
ADGWPVLLFLPQPQQ,1,53,100,123,False
ADGWPVLLFLQWPPQ,1,53,100,123,False
ADGWPWLLFLQLPRQ,1,29,67,92,False
ADGWPWLLFLQLPVQ,2,4,603,1344,False
ADHHRGCCFCSGRCR,1,354,17,20,False
ADINPFLLFLQFPVQ,2,86,30,39,False
ADINPFLLFLRQPKQ,2,2,509,4610,False
ADINPFLLFLRQPNQ,1,2,509,4610,False
ADINPFLLFLRQPPQ,2,2,509,4610,False
ADINPWLLFLNRPQQ,1,7,629,1764,False
ADINPWLLFLRQPYQ,1,1,1197,10527,False
ADINPWLLFLRTPFQ,1,7,629,1764,False
ADINPWLLFLSRPQQ,5,7,629,1764,False
ADINPYLLFLKQPKQ,1,0,1628,17219,False
ADKDPQLLFLLQPQQ,1,642,9,9,True
ADKLPGAAVSGVPAA,1,643,2,2,True
ADKLPWLLFLMGPQQ,1,640,16,16,False
ADKNPWLLFLKQPAQ,1,3,2229,22657,False
ADKQPILLFLMAPSQ,1,644,2,2,True
ADKQPQLLFLYLPVQ,1,127,34,42,False
ADKRPAAAVSEEAEP,1,645,2,2,True
ADKRPWLLFLLVPQQ,1,642,9,9,False
ADLEPVLLFLRSRRR,1,646,1,1,True
ADLGPLLLFLQWPSQ,1,637,44,44,False
ADLHPFLLFLQWPSQ,1,73,128,146,False
ADLLPRLLFLFQPGQ,1,647,10,10,True
ADLLPWLLFLEQPVQ,1,647,10,10,False
ADLNPWLLFLKHPQQ,2,3,2229,22657,False
ADLNPWLLFLKQPKQ,1,0,1628,17219,False
ADLNPWLLFLQLPAQ,4,3,2229,22657,False
ADLNPWLLFLRMPRQ,1,7,629,1764,False
ADLNPWLLFLSRPQQ,4,7,629,1764,False
ADLNPWLLFLTVPAQ,1,14,52,95,False
ADLQPVLLFLSMPQQ,1,20,111,133,False
ADLQPWLLFLSFPRQ,1,175,27,28,False
ADLSPWLLFLVQPRQ,1,156,79,85,False
ADLVPGLLFLEVPIQ,1,648,4,4,True
ADLWAVAAVSEEPEA,1,545,5,6,False
ADLWPFLLFLQSPVQ,1,176,11,12,False
ADLWPLRCF*CARSR,1,649,3,3,True
ADLWPVLLFLNWPQQ,1,20,111,133,False
ADMKPEAAVSDGPVA,1,505,2,3,False
ADMNPWLLFLAQPLQ,3,1,1197,10527,False
ADMNPWLLFLKQPKQ,1,9,239,562,False
ADMNPWLLFLNWPQQ,1,7,629,1764,False
ADMNPWLLFLQYPLQ,2,9,239,562,False
ADMNPWLLFLRIPQQ,2,7,629,1764,False
ADMNPWLLFLRNPSQ,1,7,629,1764,False
ADMNPWLLFLRRPTQ,3,9,239,562,False
ADMNPWLLFLVAPQQ,1,7,629,1764,False
ADMQPWLLFLIKPDQ,1,175,27,28,False
ADMSPELLFLGQPPQ,1,650,3,3,True
ADMVPWLLFLQLPFQ,1,9,239,562,False
ADNKPGAAVSGVAVA,1,643,2,2,False
ADPWPLLLFLQWPLQ,1,637,44,44,False
ADQCPLLLFLGSPLQ,2,48,50,61,False
ADQFPWLLFLKLPQQ,1,175,27,28,False
ADQKPRLLFLKKPKQ,1,517,9,10,False
ADQNPWLLFLRVPVQ,1,7,629,1764,False
ADQNPWLLFLTRPRQ,1,6,143,456,False
ADQNPYLLFLRQPVQ,1,2,509,4610,False
ADQNPYLLFLRRPFQ,1,551,35,36,False
ADQQPWLLFLKIPRQ,2,175,27,28,True
ADQRPWLLFLIPPSQ,1,175,27,28,False
ADQRPWLLFLLQPKQ,1,175,27,28,False
ADQRPWLLFLPLPRQ,1,175,27,28,False
ADQSPQLLFLGSPQQ,1,199,16,17,False
ADQWPLLLFLGFPLQ,1,48,50,61,False
ADQWPLLLFLLWPVQ,1,227,22,26,False
ADQWPLLLFLRMPGQ,1,31,119,142,False
ADQWPLLLFLRWPGQ,1,31,119,142,False
ADQWPPLLFLWVPWQ,1,138,47,50,False
ADQWPYLLFLQWPVQ,1,15,198,343,False
ADRCCCFCSGRGRVL,1,651,2,2,True
ADRFPFLLFLQLPPQ,1,86,30,39,False
ADRGPWLLFLMRPAQ,1,212,27,30,False
ADRIPILLFLSQPWQ,1,652,6,6,True
ADRLPMLLFLWQPRQ,1,96,48,56,False
ADRLPVAAVSVVAGA,1,149,31,38,False
ADRLPWLLFLQQPVQ,1,24,22,31,False
ADRMPWLLFLLQPDQ,1,424,27,28,False
ADRNPWLLFLKQPAQ,2,3,2229,22657,False
ADRNPWLLFLRVPQQ,4,7,629,1764,False
ADRNPYLLFLRQPVQ,1,2,509,4610,False
ADRQPALLFLSQPMQ,1,652,6,6,False
ADRRPWLLFLPWPRQ,1,175,27,28,False
ADRSPWLLFLRLPQQ,1,7,629,1764,False
ADRVPFLLFLVQAVP,1,653,1,1,True
ADRVPLLLFLWQPRQ,1,41,88,103,False
ADRVPSLLFLVWPYQ,1,654,3,3,True
ADRWPLLLFLWQPKQ,1,41,88,103,False
ADRWPVLLFLQWPVQ,1,637,44,44,False
ADRWPWLLFLMCAAP,1,655,1,1,True
ADRWPWLLFLQWPAQ,2,29,67,92,False
ADRYPWLLFLYQPVQ,1,24,22,31,False
ADSGAVPAVSVLPGA,1,656,2,2,True
ADSHPSLRF*RPRSR,1,657,2,2,True
ADSNPTLLFLGTPQQ,1,658,8,8,True
ADSQPGLLFLRMPQQ,1,40,66,76,False
ADSQPWLLFLNEPVA,1,659,2,2,True
ADSRPWLLFLQLPWQ,1,127,34,42,False
ADTKPKAAVSEGPEA,1,660,1,1,True
ADTNPELLFLSNPQQ,1,640,16,16,False
ADTWPVLLFLSMPQQ,1,20,111,133,False
ADVIRAAVSDLPGAG,1,661,2,2,True
ADVLPFLLFLMLPTQ,1,176,11,12,False
ADVLPLLLFLRCRSR,1,662,3,3,True
ADVNPLLLFLRQPRQ,2,54,100,139,False
ADVNPWLLFLGLPVQ,1,3,2229,22657,False
ADVNPWLLFLKMPNQ,1,3,2229,22657,False
ADVNPWLLFLKQPSQ,1,1,1197,10527,False
ADVNPWLLFLQLPLQ,3,3,2229,22657,False
ADVNPWLLFLQVPAQ,2,3,2229,22657,False
ADVNPWLLFLQVPLQ,1,9,239,562,False
ADVNPWLLFLQWPQQ,1,15,198,343,False
ADVNPWLLFLQWPRQ,9,15,198,343,False
ADVNPWLLFLRGPWQ,1,1,1197,10527,False
ADVNPWLLFLRQPTQ,1,1,1197,10527,False
ADVNPWLLFLVGPSQ,1,137,39,48,False
ADVNPWLLFLVSPQQ,1,7,629,1764,False
ADVNPWLLFLWQPQQ,1,1,1197,10527,False
ADVNPWLLFLYVPVQ,1,176,11,12,False
ADVNPYLLFLKKPKQ,1,0,1628,17219,False
ADVNPYLLFLRIPQQ,1,7,629,1764,False
ADVVPWLLFLQWPAQ,1,15,198,343,False
ADVVPWLLFLQWPVQ,1,56,210,255,False
ADVWPLLLFLQLPAQ,1,4,603,1344,False
ADVWPQLLFLLFPEQ,1,642,9,9,False
ADVWPWLLFLQWPVQ,1,56,210,255,False
ADVWPYLLFLYQPMQ,1,663,8,8,True
ADVYPFLLFLQYPVQ,2,176,11,12,True
ADWGPLLLFLYQPVQ,1,4,603,1344,False
ADWPPCCCFWWGRSR,1,664,1,1,True
ADWRRCCCFCGCRSR,1,665,4,4,True
ADWSPLLLFLQLPLQ,1,4,603,1344,False
ADWSPLLLFLQLPVR,1,4,603,1344,False
ADWSPWLLFLSQPVQ,1,130,94,113,False
ADWVPRLLFLVLPQQ,1,654,3,3,False
ADWWPGLLFLQLPVQ,1,4,603,1344,False
ADWWPYLLFLQRPAQ,1,53,100,123,False
ADYFPYLLFLQYPIQ,1,176,11,12,False
ADYLPEPAVSVHAVA,1,666,2,2,True
ADYNPLLLFLRLPQQ,1,4,603,1344,False
ADYNPWLLFLQWPSQ,6,1,1197,10527,False
ADYNPWLLFLRLPQQ,1,7,629,1764,False
ADYNPWLLFLSMPQQ,1,1,1197,10527,False
ADYNPYLLFLKKPNQ,1,0,1628,17219,False
ADYNPYLLFLLWPQQ,3,0,1628,17219,False
ADYNPYLLFLSQPKQ,1,0,1628,17219,False
AGCLAVAAVSVVAGA,1,21,32,45,False
AGCRAGAAVSGGAGA,1,169,27,30,False
AGCVAGAAVSGVAGA,1,13,36,58,False
AGLVAVPAVSVRAGP,1,13,36,58,False
AGQLAGAAVSAEAAA,1,667,2,2,True
AGSGAVAAVSVLAGA,1,656,2,2,False
AGSRAEPAVSGRPVA,1,668,1,1,True
AGWAAGPAVSVAAGA,1,21,32,45,False
AGWDPVAAVSDQAGP,1,13,36,58,False
AGWGAGPAVSVGAEA,1,302,4,5,False
AGWLAVAAVSDVAGA,1,13,36,58,False
AGWLPAAAVSEEAEA,1,645,2,2,False
AGWVAVAAVSGLAEP,1,13,36,58,False
AGWVAVAAVSGVAGP,20,13,36,58,True
AG_LPEAAVSEQPDA,1,669,5,5,True
AIAGRACCFCSGRCR,1,113,15,19,False
AIAIRRSWSSNSRRR,1,670,2,2,True
AIGIRRGGGGKVPAQ,1,671,2,2,True
AIGRRCCCFWCTRSR,1,672,2,2,True
AIRGACGAKGRRRVL,1,673,1,1,True
AIRPEAAVSEHAEPG,1,674,1,1,True
AISIRCSSSSNCRRR,1,670,2,2,False
AISIRTSAAGNSRRR,2,177,2,3,True
AM*IRTASAAKARRR,1,675,1,1,True
AMGGRCCCFCGSRSR,1,665,4,4,False
AMSIRGGAGGNARRR,1,520,5,6,False
ARFGAVAAVSADAVA,1,676,2,2,True
ARFRPVAAVSAAAAA,1,676,2,2,False
ARWGAGAAVSGRAGA,1,169,27,30,False
ASS*KARRRVLAPKL,1,677,1,1,True
CDACPFLLFLQRPEQ,1,313,6,8,False
CDAIRAACG*KCRRR,1,678,4,4,True
CDAIRAACG*KGRRR,1,678,4,4,False
CDAIRSAGASKARRR,1,197,3,4,False
CDCNPASASGNCRRR,1,679,5,5,True
CDCNPCGGWSKGAGA,1,680,1,1,True
CDCNPFFGVSNCRRR,2,178,3,4,True
CDCNPFGAS*KCRRR,1,679,5,5,False
CDCNPFGSS*NSRRR,1,681,2,2,True
CDCNPGGRQKPGAGF,1,682,1,1,True
CDCNPGLVILKFPAQ,1,179,5,6,False
CDCNPGVGVERAGAG,1,163,5,7,False
CDCNPGVVFIKFPAQ,2,179,5,6,True
CDCNPIVMSRKGPAQ,1,49,14,21,False
CDCNPLFGVWKWPAQ,1,683,2,2,True
CDCNPLFVFWKFRRR,1,684,2,2,True
CDCNPLGCFVKGPAQ,1,685,5,5,True
CDCNPLLFLCNCRRR,1,347,48,51,False
CDCNPLWSCSNCRRR,1,178,3,4,False
CDCNPMWFWLKFPAQ,2,180,5,7,True
CDCNPMWGGGKWPRR,1,686,1,1,True
CDCNPNGGVRKMPAQ,1,256,19,21,False
CDCNPPVGSGKSRRR,1,560,6,7,False
CDCNPQFVLCKLPAQ,2,181,23,25,True
CDCNPRGFFVKVPGA,1,687,1,1,True
CDCNPRGGLMKVPAQ,1,688,8,8,True
CDCNPSCCVWKVPAQ,1,185,3,4,False
CDCNPVFLFCKCPAQ,1,181,23,25,False
CDCNPWFMRMKCPAQ,1,689,2,2,True
CDCNRSCACANARRR,1,690,1,1,True
CDCNRSPSSGKGRRR,1,691,1,1,True
CDCQSVDVRVENPGA,1,692,1,1,True
CDCWPLLLFLQWPGQ,3,29,67,92,False
CDECRSCCFWCCRRR,1,693,2,2,True
CDFKSVRVVVEIAGA,1,694,7,7,True
CDFKSVVGLLEFAGA,2,182,6,8,True
CDFNPALRLLQMPGA,1,45,8,12,False
CDFNPCFLCGKSRRR,1,695,3,3,True
CDFNPCLVFMKVPAQ,1,19,348,758,False
CDFNPEVGF*KCRRR,1,696,4,4,True
CDFNPFCVLFKFPAQ,1,219,41,49,False
CDFNPFFVS*KSRRR,1,16,7,20,False
CDFNPFLVGFKFPAQ,1,697,12,12,True
CDFNPFMLFLKLPAQ,1,3,2229,22657,False
CDFNPFVIFCKFPAQ,1,179,5,6,False
CDFNPGGVVLKSRRR,13,16,7,20,True
CDFNPGVGVREIAGA,1,698,3,3,True
CDFNPHVLLLKLPAQ,1,191,17,19,False
CDFNPIFVLWKCPAQ,1,25,160,263,False
CDFNPLCFMLKFPAQ,1,25,160,263,False
CDFNPLFCLMKLRRR,2,183,4,5,True
CDFNPLFVSVKFPAQ,1,219,41,49,False
CDFNPLFVVWKCPAQ,1,683,2,2,False
CDFNPLLCCIKLPAQ,1,699,4,4,True
CDFNPLMMMFKWPAG,1,700,2,2,True
CDFNPLVLFLKVPAQ,1,3,2229,22657,False
CDFNPMGFVEQIAGA,1,701,1,1,True
CDFNPMMLVLKVRRR,1,16,7,20,False
CDFNPQCFVSKLPAQ,1,402,7,8,False
CDFNPQFLLFKLPAQ,1,181,23,25,False
CDFNPRLRDEERAGA,1,702,1,1,True
CDFNPSCVLGKIPGA,1,703,2,2,True
CDFNPSSC*NSRRRV,1,44,2,6,False
CDFNPSSFFLKVPAQ,1,704,10,10,True
CDFNPSSGFWENPGA,1,705,2,2,True
CDFNPSWLRLENPGA,1,705,2,2,False
CDFNPSWLVLKCPAQ,1,704,10,10,False
CDFNPTFVFFKLRRR,1,183,4,5,False
CDFNPTGFVREKPGA,1,171,10,15,False
CDFNPVFLVLKLPAQ,1,3,2229,22657,False
CDFNPVVLRVEMPGA,1,706,6,6,True
CDFNPWLVCFKWPAQ,1,697,12,12,False
CDFNRGCS*KCRRRV,1,707,1,1,True
CDGFAVAAVSARAAA,1,708,2,2,True
CDGGPGLLFLEDPGA,1,709,7,7,True
CDGGPGRCFWRCRGR,1,710,2,2,True
CDGGPLLLFLQWPVQ,1,4,603,1344,False
CDGIRTSG*AKGRRR,1,711,2,2,True
CDGNPACGWGKSRRR,1,712,4,4,True
CDGNPAFWWRKGPAQ,1,713,7,7,True
CDGNPAGWWQERAGA,1,714,3,3,True
CDGNPCVRLLERPGA,1,715,4,4,True
CDGNPEGRGRKGPAP,1,716,5,5,True
CDGNPGFSRREKPGA,1,717,2,2,True
CDGNPGGGIGKIPAQ,1,718,7,7,True
CDGNPGRRRGEMPGA,1,717,2,2,False
CDGNPGVGG*KCRRR,1,696,4,4,False
CDGNPGWRVGKGRRR,1,719,8,8,True
CDGNPKGGGRKKAGA,1,720,4,4,True
CDGNPKRGGQKAGAG,1,721,2,2,True
CDGNPLSVGLKGRRR,2,184,5,6,True
CDGNPMRRRVKLPAQ,1,535,29,30,False
CDGNPNRCRGKRPAQ,1,187,29,32,False
CDGNPPVISSKIPAQ,1,722,5,5,True
CDGNPPVVGRKRPAQ,1,722,5,5,False
CDGNPQCRRCKRPAQ,1,187,29,32,False
CDGNPQICVWKFPAQ,2,185,3,4,True
CDGNPRG*LIKLPAQ,1,688,8,8,False
CDGNPRGGGGFGAAA,2,186,1,2,True
CDGNPRGRRGKGRRR,1,719,8,8,False
CDGNPRGWRRKRPAQ,1,187,29,32,False
CDGNPSGWRSKRPAQ,2,187,29,32,True
CDGNPVCGFGKFPGA,1,723,1,1,True
CDGNPVFIVGKGPAQ,1,713,7,7,False
CDGNPVGLVLKVPAQ,1,724,6,6,True
CDGNPVVRDLEIPGA,1,715,4,4,False
CDGNPVVRVRQSAGA,1,725,3,3,True
CDGNPYSLLFKLPAQ,1,191,17,19,False
CDGNRRAAGGNARRR,1,726,6,6,True
CDGQPFLLFLSGPTQ,1,727,9,9,True
CDGQPGLLFLAQPTQ,1,727,9,9,False
CDGRPGLAVSGDPVA,1,728,1,1,True
CDGSPLLLFLLCPVQ,1,24,22,31,False
CDGWAAVSGGAVAGF,1,729,1,1,True
CDGWPLLLFLQWPVQ,1,29,67,92,False
CDGWPLLLFRWARTR,1,730,2,2,True
CDGWPMLLFLQWPEQ,2,29,67,92,False
CDGWPWLLFLCWPFQ,7,29,67,92,True
CDGWPWLLFLFWPVA,1,29,67,92,False
CDGWPWLLFLHCPSQ,1,29,67,92,False
CDIFAGAAVSVVAGA,2,21,32,45,False
CDINPAWFVVKVPAQ,1,731,5,5,True
CDINPGVRRLESAGA,1,193,8,10,False
CDINPNSGCRKGPAQ,1,732,3,3,True
CDINPPFCCGKCRRR,1,695,3,3,False
CDINPRVGWFKVPAQ,1,688,8,8,False
CDINPTVGIRKIPAQ,1,718,7,7,False
CDINPVVGRVKLPAQ,1,733,1,1,True
CDINPYFLFSKFPAQ,1,155,109,133,False
CDIQSDVVLLEMPGA,1,734,1,1,True
CDIRRCCCFWCGRCR,2,188,3,5,True
CDLGPTLLFLAQPVQ,1,24,22,31,False
CDLIRCSCC*NSRRR,1,215,27,32,False
CDLKSERQSAGNSRR,1,735,1,1,True
CDLKSVVDGVQIAGA,1,736,4,4,True
CDLLPFLLFLLGPEQ,1,727,9,9,False
CDLLPILLFLWQPVQ,1,24,22,31,False
CDLLPLLLFLLFPYQ,1,518,22,24,False
CDLNPACCC*NCRRR,1,217,14,15,False
CDLNPAMGMGKWPGR,1,737,1,1,True
CDLNPARVVQESPGA,2,189,4,5,True
CDLNPCLLWVESAGA,1,738,3,3,True
CDLNPCWCVGKVPAQ,1,266,6,7,False
CDLNPELCVWKLAGA,1,739,1,1,True
CDLNPFCVLLKLPAQ,1,181,23,25,False
CDLNPGGGLLKIPAQ,1,718,7,7,False
CDLNPGMLFLKLPAQ,1,91,121,166,False
CDLNPICFLLKFPAQ,1,180,5,7,False
CDLNPLCFVMKFPGA,1,267,3,4,False
CDLNPLLCLLKSPAQ,1,699,4,4,False
CDLNPLLLL*NCRRR,1,347,48,51,False
CDLNPLMFVDEMPGA,1,740,2,2,True
CDLNPLSASGKSRRR,1,679,5,5,False
CDLNPLWVWVKLPAQ,2,190,29,31,True
CDLNPMVVFLKFPAQ,1,179,5,6,False
CDLNPPLGRLEIPGA,1,741,5,5,True
CDLNPQLLCCKLPAQ,1,181,23,25,False
CDLNPQWWVVKVPAQ,1,731,5,5,False
CDLNPSGLIWKFPAQ,1,191,17,19,False
CDLNPSS*C*KCRRR,1,59,13,17,False
CDLNPSVLLWKLPAQ,2,191,17,19,True
CDLNPTS*ASKGRRR,1,742,2,2,True
CDLNPVGGGIKVPAQ,1,688,8,8,False
CDLNPWMSC*NCRRR,1,743,5,5,True
CDLVPVAAVSGVAGA,1,149,31,38,False
CDLWPWLLFLQVPGQ,1,29,67,92,False
CDMLPKLLFRWSRRR,1,744,1,1,True
CDMNPACSRGKGPAA,1,745,2,2,True
CDMNPGSS*ANARRR,1,746,2,2,True
CDMNPRCLRESAGAG,1,747,1,1,True
CDMNPVVVVRKFPRR,1,748,1,1,True
CDMQSGRRRRQIPGA,1,749,3,3,True
CDQCPWLLFLWLPMQ,1,424,27,28,False
CDQMPVLLFLKVPVQ,1,199,16,17,False
CDQRPWLLFLVIPLQ,2,68,51,63,False
CDQWAVAAVSVVPGP,1,750,2,2,True
CDQWPQLLFLVGPDQ,1,423,16,19,False
CDRCPLLLFLEWPAQ,1,751,4,4,True
CDRGAGPAVSGVAVP,1,752,1,1,True
CDRGPLLLFLTLPGQ,1,24,22,31,False
CDRGPQLLFLQVPSQ,1,753,6,6,True
CDRLPLLLFLDLPCQ,1,424,27,28,False
CDRNPARWCCKGPAQ,1,713,7,7,False
CDRNPEGGAGNGRRR,1,754,4,4,True
CDRNPEGRSRKRPAQ,1,10,1116,1855,False
CDRNPGVWWGKCRRR,2,192,4,5,True
CDRNPKGRRGKGRRR,1,82,47,54,False
CDRNPKGRRWKWPAQ,1,10,1116,1855,False
CDRNPKRRWRKRPAQ,1,10,1116,1855,False
CDRNPLGWRRKCRRR,1,33,19,29,False
CDRNPQCRLRKSPAQ,1,755,4,4,True
CDRNPQGGRRKGPAQ,1,18,393,562,False
CDRNPQGRRRKGPAQ,1,18,393,562,False
CDRNPQRRGGKGPAQ,1,755,4,4,False
CDRNPRGWRMKMPAQ,1,187,29,32,False
CDRNPRRGGAKCRRR,1,756,2,2,True
CDRNPRWGGGKGPAQ,1,291,30,32,False
CDRNPSCSRRKGPAQ,1,745,2,2,False
CDRNPTRGRRKRPAQ,1,10,1116,1855,False
CDRNPTWGFWKIPAQ,1,757,4,4,True
CDRNPVVGRLESPGA,1,706,6,6,False
CDRNPWGWMGKRAGA,1,758,3,3,True
CDRNPWMGRRNCRRR,1,743,5,5,False
CDRNPWWQQRERAGA,1,759,2,2,True
CDRQPGPAVSVVAEA,1,760,2,2,True
CDRQPMLLFLMQPAQ,1,24,22,31,False
CDRQPNLLFLSLPRQ,1,24,22,31,False
CDRRPQLLFLPVPMQ,1,753,6,6,False
CDRSPNLLFLKKPKQ,1,24,22,31,False
CDRSPNLLFLTQPNQ,1,24,22,31,False
CDRSPNLLFLTQPVQ,9,24,22,31,True
CDSGRCCCFCCCRSR,1,665,4,4,False
CDSIRRACSGNCRRR,4,63,5,9,True
CDSIRSCSAANARRR,1,373,4,5,False
CDSNPAGDGEEKAGA,1,761,4,4,True
CDSNPGGGIRKIPAQ,1,718,7,7,False
CDSNPGLRLQESAGA,1,193,8,10,False
CDSNPKGGSRKGPGA,1,720,4,4,False
CDSNPKVQGEERAGA,1,761,4,4,False
CDSNPQGRRRKGPAQ,1,18,393,562,False
CDSNPQRRRGKGPAQ,1,18,393,562,False
CDSNPRGGGRKRPAQ,1,688,8,8,False
CDSNPRRMRRKRPAQ,1,10,1116,1855,False
CDSNPSGWGVKGPAQ,1,133,14,17,False
CDSNPSRA*KSRRRV,5,44,2,6,True
CDSNPSVWSVKGPAQ,1,762,4,4,True
CDSNPTVRLVESAGA,2,193,8,10,True
CDSNPVFASERPGAG,1,763,1,1,True
CDSQSVRLRDEMPGA,1,764,1,1,True
CDSVRRLREKPGAGF,1,765,1,1,True
CDTIRPASAGNARRR,1,197,3,4,False
CDTNPYLLFLRQPNQ,1,2,509,4610,False
CDTTRSCCFWTARSR,1,766,1,1,True
CDVIRRAASANCRRR,1,63,5,9,False
CDVLPGLLFLLNPWQ,1,518,22,24,False
CDVNPAS*SGNSRRR,1,95,5,8,False
CDVNPCSGSVKSPAQ,1,767,1,1,True
CDVNPDRHLRQSAGA,1,768,1,1,True
CDVNPFRDVQRAGAG,1,769,1,1,True
CDVNPFVFL*KSRRR,1,770,3,3,True
CDVNPGGGVWQMPGA,1,771,1,1,True
CDVNPGIVFGKVPAQ,1,179,5,6,False
CDVNPGLLLGQNAGA,1,772,1,1,True
CDVNPGQRHQESPGA,2,194,6,7,True
CDVNPGVLSGKCRRR,1,192,4,5,False
CDVNPGWCVGKVPAQ,1,381,22,23,False
CDVNPHVWLVKCPAQ,1,762,4,4,False
CDVNPKGRRWKVPAQ,1,58,12,16,False
CDVNPLFLIFKFPAQ,1,773,6,6,True
CDVNPLLGC*KSRRR,1,770,3,3,False
CDVNPLWRSRKLPAQ,1,190,29,31,False
CDVNPRRWGGKMPGR,3,94,1,3,True
CDVNPRRWVVKRPAQ,1,774,6,6,True
CDVNPRSGVIKVPAQ,1,161,5,7,False
CDVNPRWFFWKWPAQ,1,321,6,7,False
CDVNPSCCILKLPAQ,1,601,8,9,False
CDVNPSFLFCKFPGA,1,775,2,2,True
CDVNPSFVLLKFPAQ,1,155,109,133,False
CDVNPTRQRRQNPGA,1,776,2,2,True
CDVNPTSGFWKGPAQ,1,757,4,4,False
CDVNPVRGRVQIPGA,1,776,2,2,False
CDVNPVVICLKCPAQ,1,777,4,4,True
CDVNPWFVVLKVPAQ,1,381,22,23,False
CDVNPWSVGMKIPAQ,1,778,1,1,True
CDVNRGSWSGNSRRR,3,95,5,8,True
CDVNRPAASGKCRRR,1,779,3,3,True
CDVQSDLRQHQRPGA,1,780,1,1,True
CDVQSVVLGEESPGA,1,781,1,1,True
CDWCPVLCFWTARSR,1,782,1,1,True
CDWDPRLLLLEMPGA,1,783,1,1,True
CDWIRWSSSSKSRRR,1,784,1,1,True
CDWNPEGREEQRAGA,1,785,5,5,True
CDWNPLCCWGKVPAQ,1,786,4,4,True
CDWNPRGRRSKRPAQ,1,187,29,32,False
CDWNPRWSMGKRPAQ,1,787,3,3,True
CDWNPSVIIWKWPAQ,1,191,17,19,False
CDWNPVCLDVQIAGA,1,788,2,2,True
CDWRPGCCFCGGRSR,1,665,4,4,False
CDYQPGLCF*SCRSR,1,789,1,1,True
CDYQPQLLFLLFPGQ,1,790,4,4,True
CEQSAVRQLEIPGAG,2,195,1,2,True
CEWESEGEEEEKAGA,1,99,134,161,False
CGCESGLVHQERAGA,1,791,1,1,True
CGCQSARGAGGKCRR,1,792,1,1,True
CGCQSGQRHQQSPGA,1,793,4,4,True
CGFESGVLHRESPGA,1,794,5,5,True
CGFESVRLVLQIPGA,1,795,4,4,True
CGFESVRVVGQIPGA,1,795,4,4,False
CGFESVVGGVEIAGA,1,167,83,87,False
CGFVPGAAVSVAAGP,1,796,2,2,True
CGI*IRSCWS*NCRR,1,797,3,3,True
CGLESEGEDGKGRRR,1,798,1,1,True
CGLESEVVERESAGA,1,297,8,9,False
CGLQSVDGVVERAGA,1,799,4,4,True
CGQESGLLLGEMPGA,1,800,4,4,True
CGQGPVAAVSVGAGP,1,796,2,2,False
CGQQSDGEEDEKGRR,1,801,1,1,True
CGQQSGGLRLEKPGA,1,802,3,3,True
CGSLAVAAVSVGAGA,1,21,32,45,False
CGWESVVVGGESAGA,1,803,13,13,True
CGWQSERLELEMPGA,1,390,8,9,False
CGWVAGAAVSDGAGA,1,21,32,45,False
CGYESDHRDEEIAGA,1,804,2,2,True
CGYESGRRLEQIPGA,1,805,1,1,True
CGYESVDGVVENPGA,1,799,4,4,False
CGYQSGLQHQQSAGA,1,793,4,4,False
CGYQSVVLRRESPGA,1,390,8,9,False
CGYQSVVQLRESPGA,1,391,8,10,False
CIGSRCCCFWGCRGR,1,806,3,3,True
CLNPLLCLFKIPAQG,1,807,1,1,True
CM*IRRASSGKCRRR,1,63,5,9,False
CMAIRCSWAGKGRRR,1,808,2,2,True
CVAIRCSCCSNCRRR,1,809,3,3,True
CVGCRACCFCCGRCR,1,113,15,19,False
CVGIRSAAWSNGRRR,2,196,1,2,True
CVSIRPAGAGKARRR,2,197,3,4,True
DDARPRLLFLQRPRQ,1,810,3,3,True
DDAVPWLLFLQWPGQ,1,56,210,255,False
DDCRPGLLFLDGPGQ,1,31,119,142,False
DDDKPEAAVSGVAEA,1,811,2,2,True
DDEKPALLFLQVPQQ,1,812,3,3,True
DDFSPRLLFLMQPQQ,1,813,9,9,True
DDFWPQLLFLFLPQQ,1,40,66,76,False
DDFYPMLLFLGQPFQ,1,213,9,10,False
DDGQPRLRFCPRRSR,1,814,1,1,True
DDGTPMLLVSDLAEP,2,198,1,2,True
DDGWPLLLFLQLPVQ,1,4,603,1344,False
DDHQPWLLFLELPRQ,1,175,27,28,False
DDINPWLLFLIQPTQ,1,23,142,268,False
DDIQPYLLFLIKPAQ,1,815,4,4,True
DDKCPRLLF*TSRAR,1,816,1,1,True
DDKQPSLLFLQNPKQ,1,466,4,5,False
DDLLPFLLFLWQPLQ,1,96,48,56,False
DDLNPWLLFLWQPGQ,1,1,1197,10527,False
DDNQPSLLFLNQPKQ,1,638,5,5,False
DDPHPRCCF*PSRPR,1,817,1,1,True
DDPIPEAAVSEVAGA,1,811,2,2,False
DDQEPKLLFLPTPTQ,7,30,7,16,True
DDQFPRLLFLNEPGQ,1,818,2,2,True
DDQKPNLLFLNMPKQ,1,818,2,2,False
DDQLPDLLFLRMPTQ,1,30,7,16,False
DDQLPFLLFLTQPRQ,1,819,6,6,True
DDQMPMLLFLKSPQQ,2,199,16,17,True
DDQQPWLLFLNRPKQ,1,9,239,562,False
DDREAAVSGAPVAGF,1,820,1,1,True
DDRLPQLLFLWRPQQ,3,96,48,56,True
DDRLPWLLFLVQPKQ,1,96,48,56,False
DDRQPWLLFLQFPVQ,1,56,210,255,False
DDSIRRSAS*KSRRR,2,200,5,6,True
DDSNPKLRFC*ARSR,1,821,1,1,True
DDTGPSLAVSVRPEA,1,822,2,2,True
DDVNPWLLFLKQPPQ,1,1,1197,10527,False
DDVTPGAAVSEHAVA,1,823,2,2,True
DDWNPWLLFLRGPRQ,2,7,629,1764,False
DDWSPHLLFLSWPQQ,1,20,111,133,False
DDYAAGAAVSDEAEA,1,824,1,1,True
DDYNPWLLFLNMPQQ,1,1,1197,10527,False
DDYQPMLLFLITPQQ,1,118,35,41,False
DECLPDPAVSDPAVA,1,571,4,5,False
DGCESARLHQENPGA,1,825,4,4,True
DGCESDDEQVQSAGA,2,201,1,2,True
DGCQSGLRLRKIPAQ,2,202,1,2,True
DGCQSVRVVGENAGA,3,97,3,5,True
DGFGIRRGGG*KGRA,1,826,4,4,True
DGFLAGAAVSAGAAA,1,667,2,2,False
DGI*IRTASSGKSRR,1,827,2,2,True
DGIGIRRGGGGKGRR,1,826,4,4,False
DGLAPGAAVSGPAVA,1,828,2,2,True
DGLESEEEGQQSPGA,1,829,1,1,True
DGLESGLVEGESAGA,1,297,8,9,False
DGLESVVVLGEIAGA,1,803,13,13,False
DGQESEQEEEQMPGA,1,299,18,23,False
DGQESGEEEEERAGA,1,99,134,161,False
DGQESVEEGLENAGA,1,830,1,1,True
DGQQPEAAVSELPEA,1,831,5,5,True
DGQQSEDEEEEMAGA,1,99,134,161,False
DGQQSEGQDEERAGA,1,99,134,161,False
DGQQSEHGQLERAGA,2,203,3,4,True
DGWESEEEEEERAGA,1,99,134,161,False
DGWESVGVLVERAGA,1,832,4,4,True
DGWQSDVRRRESPGA,1,833,4,4,True
DGYESDGGQEESAGA,2,204,7,10,True
DGYESEEEGQERAGA,1,141,34,41,False
DGYQSDGVDQERAGA,1,834,4,4,True
DGYQSERRDQERAGA,1,834,4,4,False
DGYQSGLRHQEMPGA,1,835,3,3,True
DG_PPGPAVSEQPEA,1,836,3,3,True
DG_RAAAAVSGVAVA,1,837,2,2,True
DRFQSDLRHREIPGA,1,583,8,9,False
DRFQSVLVVVQIPGA,1,838,5,5,True
DRQESDQEEHERAGA,1,839,1,1,True
DRQESGGRQRERAGA,1,840,2,2,True
DRQQPEPSVSAQPAA,1,841,1,1,True
DRSEPVAAVSALAAP,1,842,2,2,True
DRYESARRGQERAGA,2,205,1,2,True
DRYESVELLHERPGA,1,843,1,1,True
DRYQAVAAVSVRPGP,1,844,1,1,True
ED*WPWLLFLRQPRQ,1,212,27,30,False
EDADPWLLFLQCPWQ,1,845,3,3,True
EDANPWLLFLRLPSQ,1,7,629,1764,False
EDAQPQLLFLRHPTQ,1,846,1,1,True
EDATPSLLFLQWPVQ,1,56,210,255,False
EDAVPLLLVSEGAGA,1,847,2,2,True
EDAWPLLLFLQAPCQ,1,119,11,13,False
EDAWPVAAVSDAPEA,2,206,3,4,True
EDCEPKLLFLMEPQQ,1,848,5,5,True
EDCGPLLLFLRLPQQ,1,40,66,76,False
EDCQPLLLFLQLPQQ,1,4,603,1344,False
EDDFPWLLFLQWPTQ,1,56,210,255,False
EDDGPVLLFLGVPVQ,1,637,44,44,False
EDDNPNLLFLSKPKQ,1,0,1628,17219,False
EDDWPGLLFLVWPQQ,1,20,111,133,False
EDDWPGLLFLYNPEA,1,849,1,1,True
EDETPKLLFLHKPPQ,1,850,1,1,True
EDFIPWLLFLAQPWQ,1,1,1197,10527,False
EDFMPLLLFLGLPVQ,2,4,603,1344,False
EDFNPFLLFLRKPFQ,1,551,35,36,False
EDFNPLLLFLVKPAQ,1,3,2229,22657,False
EDFNPWLLFLAQPWQ,1,1,1197,10527,False
EDFNPWLLFLHKPEQ,1,3,2229,22657,False
EDFNPWLLFLKVPAQ,6,3,2229,22657,False
EDFNPWLLFLKVPKQ,1,3,2229,22657,False
EDFNPWLLFLMAPQQ,2,3,2229,22657,False
EDFNPWLLFLNRPQQ,1,3,2229,22657,False
EDFNPWLLFLRLPAQ,1,3,2229,22657,False
EDFNPWLLFLSTPQQ,1,3,2229,22657,False
EDFNPWLLFLTQPNQ,1,2,509,4610,False
EDFNPWLLFLTVPAQ,1,3,2229,22657,False
EDFNPWLLFLVRPSQ,2,3,2229,22657,False
EDFNPWLLFLWQPGQ,6,1,1197,10527,False
EDFNPYLLFLKSPAQ,1,3,2229,22657,False
EDFNPYLLFLLLPPQ,1,3,2229,22657,False
EDFNPYLLFLRVPWQ,1,12,343,758,False
EDFNPYLLFLVKPQQ,1,0,1628,17219,False
EDFWPGLLFLYQPYQ,1,40,66,76,False
EDGEPSLLFLRLPSQ,1,328,19,21,False
EDGEPWLLFLQWPKQ,1,9,239,562,False
EDGFPWLLFLVQPGQ,1,212,27,30,False
EDGGPGLLFPGRAGA,1,851,3,3,True
EDGGPRLLFLGGPRQ,1,852,19,19,True
EDGGPRLLFLSNPMQ,1,852,19,19,False
EDGGPVLLFLQCPWQ,1,53,100,123,False
EDGMPWLLFLQRPMQ,1,9,239,562,False
EDGQPLRCF*SGRCR,2,207,2,3,True
EDGRPHLLFLDHPMQ,1,853,1,1,True
EDGRPNLLFLGVPAQ,1,852,19,19,False
EDGWPFLLFLGLPGQ,1,31,119,142,False
EDGWPFLLFLQLPVQ,1,4,603,1344,False
EDGWPQLLFLWGPGQ,1,31,119,142,False
EDHGPRLLFLMMPQQ,1,813,9,9,False
EDHNPWLLFLRMPNQ,1,7,629,1764,False
EDINPWLLFLIRPQQ,1,23,142,268,False
EDINPWLLFLKKPKQ,1,0,1628,17219,False
EDINPWLLFLKKPQQ,1,7,629,1764,False
EDINPWLLFLQRPLQ,2,9,239,562,False
EDINPWLLFLRQPAQ,1,1,1197,10527,False
EDINPWLLFLRQPGQ,9,1,1197,10527,False
EDINPWLLFLRQPNQ,2,2,509,4610,False
EDINPWLLFLRQPRQ,1,1,1197,10527,False
EDINPWLLFLRQPTQ,49,1,1197,10527,False
EDINPWLLFLRSPQQ,3,7,629,1764,False
EDINPWLLFLRTPKQ,1,7,629,1764,False
EDINPWLLFLRTPQQ,1,7,629,1764,False
EDINPWLLFLSQPVQ,2,1,1197,10527,False
EDINPWLLFLWSPKQ,1,23,142,268,False
EDINPYLLFLKKPKQ,1,0,1628,17219,False
EDINPYLLFLRNPKQ,1,0,1628,17219,False
EDINPYLLFLRQPRQ,2,2,509,4610,False
EDINPYLLFLRSPQQ,1,2,509,4610,False
EDINPYLLFLRTPQQ,1,2,509,4610,False
EDINPYLLFLRYPKQ,1,0,1628,17219,False
EDINPYLLFLVKPQQ,1,0,1628,17219,False
EDIRAVAAVSALAGA,1,854,1,1,True
EDKEPCLLVSVEPEP,1,855,1,1,True
EDKNPKAAVSDQPDP,1,856,3,3,True
EDKNPWLLFLRNPKQ,1,7,629,1764,False
EDKNPWLLFLTQPNQ,1,2,509,4610,False
EDKQPGLLFLKQPPQ,2,208,7,9,True
EDKSPQLLFLASRSR,1,857,3,3,True
EDLFPLLLFLQWPSQ,1,73,128,146,False
EDLGPFLLFLLQPRQ,1,243,60,64,False
EDLNPWLLFLAQPRQ,1,1,1197,10527,False
EDLNPWLLFLRMPAQ,1,14,52,95,False
EDLNPWLLFLRQPKQ,38,1,1197,10527,False
EDLNPWLLFLSMPQQ,1,7,629,1764,False
EDLNPWLLFLTVPAQ,1,14,52,95,False
EDLNPWLLFLWLPVQ,1,3,2229,22657,False
EDLNPYLLFLRFPQQ,1,7,629,1764,False
EDLQPMLLFLGQPSQ,1,208,7,9,False
EDLVPWLLFLQWPGQ,1,546,32,37,False
EDMNPWLLFLRKPAQ,1,7,629,1764,False
EDMNPWLLFLRQPSQ,1,1,1197,10527,False
EDMNPYLLFLWRPSQ,1,9,239,562,False
EDMQPRAAVSGQAEP,2,209,3,4,True
EDMSPWLLFLLQPRQ,1,650,3,3,False
EDNGPELLFLSKPHQ,1,858,4,4,True
EDNHPNLLFLWVPSQ,1,859,2,2,True
EDNKPSLLFWACRSR,1,860,1,1,True
EDNNPNLLFLKQPKQ,2,0,1628,17219,False
EDNRPFLLFLQKPNQ,1,858,4,4,False
EDNTPHLLFLSVPAQ,1,858,4,4,False
EDPRPWLLFLQWPWQ,1,56,210,255,False
EDPSPVLLFLFHPQQ,1,861,3,3,True
EDQKPKLLFLSEPAQ,1,98,8,10,False
EDQLPEAAVSEAPEA,1,206,3,4,False
EDQLPYLLFLLSPWQ,1,862,5,5,True
EDQMPWLLFLQWPVQ,1,56,210,255,False
EDQNPWLLFLWQPKQ,1,1,1197,10527,False
EDQQPDLLFLVFPAQ,1,863,6,6,True
EDQQPNLLFPSRSRV,1,864,2,2,True
EDQRPVLLFLSFPAQ,1,863,6,6,False
EDQVAGAAVSGAADA,1,865,2,2,True
EDQWPLLLFLRMPQQ,1,40,66,76,False
EDQWPSLLFRGCRCR,2,210,4,5,True
EDQWPVLLFLGRPRQ,1,53,100,123,False
EDQYPYLLFLSAPWQ,1,862,5,5,False
EDRAPGLLFLSNPRQ,1,211,2,3,False
EDRGPVLLFLQLPVQ,1,4,603,1344,False
EDRMPLLLFLQWPVQ,1,4,603,1344,False
EDRNPFLLFLKKPKQ,1,0,1628,17219,False
EDRNPYLLFLWYPQQ,1,96,48,56,False
EDRPPGLLFLPSPNQ,2,211,2,3,True
EDRRPWLLFLGVPPQ,1,212,27,30,False
EDRWPILLFLSEPWQ,1,652,6,6,False
EDRWPWLLFLRRPGQ,2,212,27,30,True
EDRYPVLLFLQFPRQ,1,98,8,10,False
EDSHPVLLFLIMPQQ,1,861,3,3,False
EDSKPKLLFLQFPVQ,3,98,8,10,True
EDSKPVLLVSDQAEA,1,866,1,1,True
EDSNPNLLF*GTRSR,1,867,2,2,True
EDSQAVAAVSGQAEP,1,209,3,4,False
EDTEPWLLFLMDPDQ,1,848,5,5,False
EDTSPSLLFLSKPKQ,1,434,4,5,False
EDVDPQLLFLRTPKQ,1,409,13,14,False
EDVGADAAVSVVAGA,1,149,31,38,False
EDVGPRLLFLLWPRQ,1,852,19,19,False
EDVNPWLLFLKVPVQ,1,3,2229,22657,False
EDVNPWLLFLRRPQQ,1,7,629,1764,False
EDVNPYLLFLQYPIQ,4,15,198,343,False
EDVNPYLLFLWQPLQ,2,2,509,4610,False
EDVQPFLLFLLMPAQ,1,863,6,6,False
EDWGPWLLFLTQPNQ,1,2,509,4610,False
EDWKPQLLFLAGPSQ,1,213,9,10,False
EDWLPLLLFLGQPVQ,1,4,603,1344,False
EDWNPWLLFLQSPAQ,1,3,2229,22657,False
EDWRPMLLFLQLPLQ,1,4,603,1344,False
EDWRPVLLFLVQPVQ,1,130,94,113,False
EDWVPGLLFLWGPRQ,1,852,19,19,False
EDWYPMLLFLAQPGQ,2,213,9,10,True
EDYMPKLLFLESRRR,1,868,1,1,True
EDYMPLLLFLQPPRQ,1,221,41,45,False
EDYNP*LLFLRQPYQ,2,1,1197,10527,False
EDYNPWLLFLAQPSQ,1,1,1197,10527,False
EDYNPWLLFLAQPWQ,1,1,1197,10527,False
EDYNPWLLFLFKPSQ,1,0,1628,17219,False
EDYNPWLLFLKLPQQ,27,3,2229,22657,False
EDYNPWLLFLLEPMQ,1,1,1197,10527,False
EDYNPWLLFLQGPIQ,1,1,1197,10527,False
EDYNPWLLFLQLPGQ,1,1,1197,10527,False
EDYNPWLLFLRSPQQ,24,7,629,1764,False
EDYNPWLLFLRTPFQ,1,1,1197,10527,False
EDYNPWLLFLTQPNQ,1,1,1197,10527,False
EDYNPWLLFLTRPRQ,1,6,143,456,False
EDYNPYLLFLKKPKQ,3,0,1628,17219,False
EDYNPYLLFLRQPFQ,11,0,1628,17219,False
EDYNPYLLFLRQPKQ,4,0,1628,17219,False
EDYNPYLLFLRQPPQ,4,0,1628,17219,False
EDYNPYLLFLRSPQQ,2,0,1628,17219,False
EDYNPYLLFLTMPKQ,1,0,1628,17219,False
EDYNPYLLFLTQPNQ,1,2,509,4610,False
EDYNPYLLFLTYPYQ,1,0,1628,17219,False
EDYQPWLLFLIGPKQ,1,118,35,41,False
EDYRPKLLFLRRPCQ,1,212,27,30,False
EGCEFRRASGAKCRR,1,869,1,1,True
EGCESDGRDEESAGA,1,204,7,10,False
EGCESGGVVVEKPGA,1,870,3,3,True
EGCGAVAAVSGVAGA,1,13,36,58,False
EGCQSDGVRVEMPGA,1,870,3,3,False
EGFQSVVVVVESAGA,1,167,83,87,False
EGLAAVAAVSVHAGA,1,871,5,5,True
EGLAGRCCCFCGCRC,1,872,1,1,True
EGLESGGGRGERPGA,1,873,5,5,True
EGLQPEPAVSGQAGA,1,874,4,4,True
EGQESAERQQENPGA,1,136,5,8,False
EGQESAGVQGEKAGA,1,875,10,10,True
EGQESAQGHEQKAGA,1,876,1,1,True
EGQESDGVVDEKAGA,1,875,10,10,False
EGQESDVEQRESAGA,1,877,3,3,True
EGQESEEEEEERAGA,1,99,134,161,False
EGQESEGEDEQKAGA,1,326,8,9,False
EGQESEGEEEERAGA,3,99,134,161,True
EGQESEGEEGERPGA,1,99,134,161,False
EGQESEGGGRSKGPA,1,878,1,1,True
EGQESEGQEEQRAGA,1,99,134,161,False
EGQESEGQEGERAGA,1,99,134,161,False
EGQESEGVEQEKAGA,1,99,134,161,False
EGQESEQEDEGKARR,1,879,1,1,True
EGQESEVEEEEKAGA,1,99,134,161,False
EGQESEVEEQENAGA,1,99,134,161,False
EGQESGEEEEEKAGA,1,99,134,161,False
EGQESGREQEQSAGA,1,877,3,3,False
EGQESVLLVRESPGA,1,880,2,2,True
EGQQPEPAVSDQPEA,1,831,5,5,False
EGQQPEPAVSEEPEA,1,831,5,5,False
EGQQPEPAVSEQPEA,1,831,5,5,False
EGQQSALEEEESAGA,1,99,134,161,False
EGQQSDEEHEEKAGA,1,881,9,9,True
EGQQSDEQDGQKAGA,1,881,9,9,False
EGQQSDERHQESAGA,1,881,9,9,False
EGQQSEEEEQENAGA,3,99,134,161,False
EGQQSEEEVGERAGA,1,99,134,161,False
EGQQSEQQEEERAGA,1,99,134,161,False
EGQQSEVVEEEKAGA,1,99,134,161,False
EGQQSGGEEHEKAGA,1,99,134,161,False
EGQQSGGEEVEKAGA,1,115,5,7,False
EGQQSGRAWSGKGRR,1,882,1,1,True
EGQQSVVHQLENPGA,1,883,1,1,True
EGSAPEAAVSVVAGA,1,871,5,5,False
EGSQPEPAVSDLAGP,1,874,4,4,False
EGSQPEPAVSGQPVA,1,874,4,4,False
EGWESEGEEEERAGA,1,99,134,161,False
EGWESEGEEGGKGRR,1,884,5,5,True
EGWESEVDEEESAGA,1,99,134,161,False
EGYESAQQHKENAGA,1,885,3,3,True
EGYESGEGEEERAGA,1,99,134,161,False
EGYQSDQLVGENAGA,1,886,1,1,True
EGYQSDRRLEERPGA,1,887,1,1,True
EGYQSEGEEEESAGA,1,99,134,161,False
EGYQSEQEEVERAGA,1,99,134,161,False
EG_HAEAAVSDEPEP,1,888,4,4,True
EG_HAEPAVSGQAEP,1,888,4,4,False
EG_PAEPAVSDDAEP,1,888,4,4,False
EG_QPEAAVSDLADP,1,579,5,6,False
EG_QPEAAVSEQPGA,1,669,5,5,False
EMRSRGCCF*ATRSR,1,889,2,2,True
ERCESVVRERQNAGA,3,100,1,3,True
ERCQSAVLRQESPGA,1,890,2,2,True
ERIGIRR*AWGKCRR,1,891,1,1,True
ERLRAGAAVSARPEA,2,214,1,2,True
ERQESEGEEVEKAGA,1,99,134,161,False
ERQESGEEEGGKGRR,1,884,5,5,False
ERQQSEQEHQERAGA,1,892,1,1,True
ERWESVRLHHEIAGA,1,893,1,1,True
ERYQPVAAVSDEADP,1,894,1,1,True
ER_VAEAAVSGQAEP,1,895,2,2,True
EVCPRACCFCATRGR,1,896,1,1,True
F*IRSCCC*KCRRRV,1,36,3,8,False
F*IRSCCC*NCRRRV,6,36,3,8,True
FCQSARLVLQIPGAG,1,897,1,1,True
FD*IRAC*SGNCRRR,1,898,3,3,True
FD*IRCSCWSNCRRR,1,215,27,32,False
FD*IRRCSC*NCRRR,1,215,27,32,False
FD*IRRSACAKCRRR,1,215,27,32,False
FD*IRRSCG*NCRRR,1,215,27,32,False
FD*IRSSCC*NCRRR,2,215,27,32,True
FD*IRTAWC*NSRRR,1,215,27,32,False
FDANPWLLFLQWPVQ,1,56,210,255,False
FDANPWLLFLRRPVQ,1,7,629,1764,False
FDANPWLLFLRTPFQ,2,7,629,1764,False
FDANPWLLFLSQPSQ,1,1,1197,10527,False
FDANPWLLFLSSPQQ,1,7,629,1764,False
FDANPWLLFLTRPQQ,1,7,629,1764,False
FDCGAVAAVSVVAGP,1,149,31,38,False
FDCGPGLLFLLRPMQ,1,243,60,64,False
FDCGPVLLVSGGAGA,1,327,3,4,False
FDCIRSGCAGNSRRR,1,899,4,4,True
FDCNPASCLLKLPAQ,2,46,24,36,False
FDCNPCFCLLKFPAQ,1,900,6,6,True
FDCNPFFLMLKLPAQ,1,900,6,6,False
FDCNPIGASANCRRR,1,679,5,5,False
FDCNPLCFVMKVPAQ,1,270,11,13,False
FDCNPLFFFLKKAGA,1,901,2,2,True
FDCNPLFFILKFPAQ,1,900,6,6,False
FDCNPLLWFVEIAGA,1,64,33,38,False
FDCNPLLWLLEIAGA,1,902,4,4,True
FDCNPLVVRCKLPAQ,1,181,23,25,False
FDCNPQCVVWKLPAQ,1,181,23,25,False
FDCNPQLWGRKWPAQ,1,903,5,5,True
FDCNPQVGEREKAGA,1,64,33,38,False
FDCNPRVCFGKGPAQ,1,685,5,5,False
FDCNPRWFGFKIPAQ,1,904,3,3,True
FDCNPSCCMREIAGA,1,905,1,1,True
FDCNPSFSGRKVPAQ,1,903,5,5,False
FDCNPSVGHVQNAGA,1,64,33,38,False
FDCNPVVGGVEIAGA,4,64,33,38,True
FDCNPWLLIFKVPAQ,1,906,5,5,True
FDCNPYLVFFKIPAQ,1,904,3,3,False
FDDWPWLLFLQVPQQ,1,812,3,3,False
FDFIRCSGC*NSRRR,1,215,27,32,False
FDFIRRSCSSNSRRR,1,340,16,18,False
FDFIRSASC*NSRRR,1,215,27,32,False
FDFKSGRLHVQSPGA,1,907,3,3,True
FDFKSGVLLGESAGA,2,216,6,7,True
FDFKSGVRVVEIPGA,1,908,4,4,True
FDFKSVLGVVEIAGA,1,694,7,7,False
FDFKSVLRRLEIPGA,1,908,4,4,False
FDFKSVVRLLEIAGA,1,182,6,8,False
FDFNPACFVCKVPAQ,1,731,5,5,False
FDFNPACVFWEIPGA,1,218,13,14,False
FDFNPAFVILNSRRR,1,220,9,10,False
FDFNPASSSANSRRR,1,909,5,5,True
FDFNPASVCCKLPAQ,1,910,3,3,True
FDFNPASWMRKGAGA,1,911,1,1,True
FDFNPCCC**NCRRR,2,217,14,15,True
FDFNPCCSS*NSRRR,1,217,14,15,False
FDFNPCLLIFKVPAQ,1,906,5,5,False
FDFNPCVFCWKCPAQ,1,912,6,6,True
FDFNPDLLLRESPGA,1,913,3,3,True
FDFNPF*SSGNSRRR,1,909,5,5,False
FDFNPFCLFWKFPAQ,1,219,41,49,False
FDFNPFFCVVKFPAQ,1,219,41,49,False
FDFNPFFFCLKVPAQ,1,528,24,31,False
FDFNPFFLFLKFPAQ,1,91,121,166,False
FDFNPFFLFLKMPAQ,1,3,2229,22657,False
FDFNPFFLFLKVPAQ,1,11,557,1905,False
FDFNPFFLLLKFPAQ,1,11,557,1905,False
FDFNPFFLLLKLPAQ,5,11,557,1905,False
FDFNPFFLLLKMPAQ,1,11,557,1905,False
FDFNPFFLLLKVPAQ,1,11,557,1905,False
FDFNPFFVFLKFPAQ,2,155,109,133,False
FDFNPFFVFLKVPAQ,6,11,557,1905,False
FDFNPFFVFWKIPGA,1,914,3,3,True
FDFNPFFVLFKLPAQ,1,181,23,25,False
FDFNPFLFFLKFPAQ,1,3,2229,22657,False
FDFNPFLFFLKVPAQ,4,3,2229,22657,False
FDFNPFLFLLKLPAQ,1,3,2229,22657,False
FDFNPFLIFLKVPAQ,2,3,2229,22657,False
FDFNPFLILLKLPAQ,1,3,2229,22657,False
FDFNPFLLFLKFPAQ,2,3,2229,22657,False
FDFNPFLLFLKIPAQ,1,3,2229,22657,False
FDFNPFLLFLKLPAQ,6,3,2229,22657,False
FDFNPFLLFLKVPAQ,5,3,2229,22657,False
FDFNPFLLLLKFAGA,1,915,6,6,True
FDFNPFLLLLKFPAQ,1,39,164,242,False
FDFNPFLLLLKLPAQ,5,3,2229,22657,False
FDFNPFLLLLKLPEQ,1,3,2229,22657,False
FDFNPFLLLLKVPAQ,2,11,557,1905,False
FDFNPFLVFLKFPAQ,3,3,2229,22657,False
FDFNPFLVFLKIPAQ,1,3,2229,22657,False
FDFNPFLVFLKLPAQ,6,3,2229,22657,False
FDFNPFLVFLKMPAQ,2,3,2229,22657,False
FDFNPFLVFLKVPAQ,4,19,348,758,False
FDFNPFLVLLKLPAQ,1,3,2229,22657,False
FDFNPFLVLLKMPAQ,1,39,164,242,False
FDFNPFLVWLKLPAQ,1,19,348,758,False
FDFNPFMIFLKVPAQ,2,91,121,166,False
FDFNPFMILLKFPAQ,1,91,121,166,False
FDFNPFMILLKVPAQ,1,11,557,1905,False
FDFNPFMLFLKFPAQ,2,91,121,166,False
FDFNPFMLFLKLPAQ,3,3,2229,22657,False
FDFNPFMLFLKVPAQ,1,91,121,166,False
FDFNPFMLLLKFPAQ,4,11,557,1905,False
FDFNPFMLLLKLPAQ,10,3,2229,22657,False
FDFNPFMLLLKVPAQ,1,11,557,1905,False
FDFNPFMVFLKFPAQ,2,91,121,166,False
FDFNPFMVLLKVPAQ,1,11,557,1905,False
FDFNPFRVVCKLPAQ,1,910,3,3,False
FDFNPFVFFCKLPAQ,1,252,3,4,False
FDFNPFVGVGKFGAG,1,916,1,1,True
FDFNPFVHVVQIAGA,1,69,21,28,False
FDFNPFVLLGESAGA,1,216,6,7,False
FDFNPFWVLLKVPAQ,1,11,557,1905,False
FDFNPGGVLVQIAGA,1,120,25,29,False
FDFNPGRDRDEIPGA,1,218,13,14,False
FDFNPGVRVREMPGA,1,218,13,14,False
FDFNPGVVRGEIPGA,2,218,13,14,True
FDFNPGWFFCKIPGA,1,914,3,3,False
FDFNPHLLLFKVPAQ,1,906,5,5,False
FDFNPILLFLRSPSQ,1,12,343,758,False
FDFNPILRLLENPGA,1,342,10,11,False
FDFNPIVASSNCRRR,1,917,2,2,True
FDFNPIVRLLEKPGA,1,715,4,4,False
FDFNPLCCVWENPGA,1,344,5,6,False
FDFNPLCCWSNSRRR,1,217,14,15,False
FDFNPLCVFVKFPAQ,2,219,41,49,True
FDFNPLCVFWKLPAQ,1,219,41,49,False
FDFNPLFCFCKFPAQ,2,219,41,49,False
FDFNPLFFFFKLPAQ,1,25,160,263,False
FDFNPLFFIWKFPAQ,1,25,160,263,False
FDFNPLFFLLKFPAQ,1,25,160,263,False
FDFNPLFFLLKLPAQ,2,25,160,263,False
FDFNPLFFLWKLPAQ,1,25,160,263,False
FDFNPLFLFLKVPAQ,2,11,557,1905,False
FDFNPLFLLFKLPAQ,1,11,557,1905,False
FDFNPLFLLLKFPAQ,2,11,557,1905,False
FDFNPLFLLLKLPAQ,1,11,557,1905,False
FDFNPLFLLLKVPAQ,3,11,557,1905,False
FDFNPLFLMLKLPAQ,2,3,2229,22657,False
FDFNPLFS**NCRRR,1,217,14,15,False
FDFNPLFSVVKVPGA,1,918,1,1,True
FDFNPLFVFLKFPAQ,3,19,348,758,False
FDFNPLFVFLKLPAQ,5,3,2229,22657,False
FDFNPLFVFLKMPAQ,4,19,348,758,False
FDFNPLFVFLKVPAQ,4,19,348,758,False
FDFNPLFVGLEIPGA,1,218,13,14,False
FDFNPLFVLFKLPAQ,1,25,160,263,False
FDFNPLFVLLKLPAQ,1,11,557,1905,False
FDFNPLFVLLKQPAQ,1,11,557,1905,False
FDFNPLFVLLKVPAQ,2,11,557,1905,False
FDFNPLFVVGESAGA,1,919,5,5,True
FDFNPLFWS*NSRRR,1,101,7,9,False
FDFNPLGCFLKFPGA,1,45,8,12,False
FDFNPLLCRLQMPGA,5,45,8,12,True
FDFNPLLFFLKFPAQ,1,219,41,49,False
FDFNPLLFFLKLPAQ,1,3,2229,22657,False
FDFNPLLFFLKVPAQ,3,19,348,758,False
FDFNPLLFLLKLPAQ,1,3,2229,22657,False
FDFNPLLFLLKVPAQ,1,19,348,758,False
FDFNPLLFLVKFPAQ,2,25,160,263,False
FDFNPLLFS*KSRRR,1,220,9,10,False
FDFNPLLFVGENPGA,1,919,5,5,False
FDFNPLLIFLKLPAQ,1,3,2229,22657,False
FDFNPLLLFLKFPAQ,7,3,2229,22657,False
FDFNPLLLFLKLPAQ,16,3,2229,22657,False
FDFNPLLLFLKMPAQ,1,3,2229,22657,False
FDFNPLLLFLKRPAQ,1,3,2229,22657,False
FDFNPLLLFLKVLAQ,1,3,2229,22657,False
FDFNPLLLFLKVPAQ,16,3,2229,22657,False
FDFNPLLLLLKFPAQ,1,3,2229,22657,False
FDFNPLLLLLKLPAQ,4,3,2229,22657,False
FDFNPLLLLLKMPAQ,1,39,164,242,False
FDFNPLLLLLKVPAQ,3,11,557,1905,False
FDFNPLLLLMKFPAQ,1,25,160,263,False
FDFNPLLLWLKLPAQ,1,3,2229,22657,False
FDFNPLLVFLKCPAQ,1,19,348,758,False
FDFNPLLVFLKFPAQ,6,19,348,758,False
FDFNPLLVFLKLPAQ,6,3,2229,22657,False
FDFNPLLVFLKVPAQ,4,19,348,758,False
FDFNPLLVLLKLPAQ,1,19,348,758,False
FDFNPLLWLLKLPAQ,1,46,24,36,False
FDFNPLMFFLKLPAQ,1,3,2229,22657,False
FDFNPLMGG*KCRRR,1,696,4,4,False
FDFNPLMLFLKFPAQ,2,91,121,166,False
FDFNPLMLFLKLPAQ,3,3,2229,22657,False
FDFNPLMLFLKVPAQ,1,3,2229,22657,False
FDFNPLMLLLKLPAQ,1,3,2229,22657,False
FDFNPLMVFLKVPAQ,1,19,348,758,False
FDFNPLMVLLKLPAQ,1,19,348,758,False
FDFNPLSFVVKFPAQ,1,219,41,49,False
FDFNPLSLVGKCPAQ,1,920,7,7,True
FDFNPLVFVVKCPAQ,1,912,6,6,False
FDFNPLVGVVEIPGA,1,64,33,38,False
FDFNPLVVVVKVPAQ,1,219,41,49,False
FDFNPLWCFVKVPAQ,1,219,41,49,False
FDFNPLWCLFKCPAQ,1,920,7,7,False
FDFNPMCFLWKFPAQ,1,25,160,263,False
FDFNPMFLFLKFPAQ,1,3,2229,22657,False
FDFNPMFVFLKLPAQ,1,3,2229,22657,False
FDFNPMLCVLKFPAQ,1,900,6,6,False
FDFNPMLFFLKFPAQ,2,3,2229,22657,False
FDFNPMLIFLKFPAQ,1,3,2229,22657,False
FDFNPMLIFLKLPAQ,2,3,2229,22657,False
FDFNPMLLFLKFPAQ,19,3,2229,22657,False
FDFNPMLLFLKIPAQ,1,3,2229,22657,False
FDFNPMLLFLKLPAQ,16,3,2229,22657,False
FDFNPMLLFLKVPAQ,1,3,2229,22657,False
FDFNPMLLFLTRPRQ,1,6,143,456,False
FDFNPMLLLLKLPAQ,1,3,2229,22657,False
FDFNPMLLWLKWPAQ,1,3,2229,22657,False
FDFNPMLVFLKLPAQ,1,3,2229,22657,False
FDFNPMLVWLKWPAQ,1,19,348,758,False
FDFNPMMLFLKFPAQ,2,91,121,166,False
FDFNPMMLFLKLPAQ,2,3,2229,22657,False
FDFNPMMLFLKWPAQ,2,3,2229,22657,False
FDFNPMVLFLKFPAQ,1,3,2229,22657,False
FDFNPMVRLLEMPGA,1,715,4,4,False
FDFNPMWMVVESPGA,1,921,2,2,True
FDFNPPFCFVKSRRR,1,220,9,10,False
FDFNPPVFCCKFPAQ,1,912,6,6,False
FDFNPQFFLFKFPAQ,1,25,160,263,False
FDFNPQGLRREIPGA,1,218,13,14,False
FDFNPQLLFLKLPAQ,7,3,2229,22657,False
FDFNPQLLFLKWPAQ,1,3,2229,22657,False
FDFNPRFFFLKSRRR,2,220,9,10,True
FDFNPRFVLFKLPAQ,1,181,23,25,False
FDFNPRIVCCKWPAQ,1,910,3,3,False
FDFNPSFVFMNSRRR,1,220,9,10,False
FDFNPSFVFVKFPAQ,1,219,41,49,False
FDFNPSGGGLESPGA,1,922,6,6,True
FDFNPSSVVWKVPAQ,1,704,10,10,False
FDFNPSVFLLKFPGR,1,923,2,2,True
FDFNPSVLFVKVPAQ,1,219,41,49,False
FDFNPTLLFLKFPAQ,1,3,2229,22657,False
FDFNPTMVLSNCRRR,1,367,12,13,False
FDFNPTRFSRKVPAQ,1,49,14,21,False
FDFNPVCFGFEIPGA,1,344,5,6,False
FDFNPVCVSVKFPAQ,1,219,41,49,False
FDFNPVFGSWKFPAQ,1,25,160,263,False
FDFNPVGLFFKCPAQ,1,920,7,7,False
FDFNPVGLFLKLPAQ,1,3,2229,22657,False
FDFNPVGVVVESAGA,1,919,5,5,False
FDFNPVLFL*NSRRR,1,347,48,51,False
FDFNPVLRVLESPGA,1,590,8,9,False
FDFNPVRHLLESPGA,1,590,8,9,False
FDFNPVRLLLEIPGA,1,913,3,3,False
FDFNPVRRGVQIPGA,1,924,4,4,True
FDFNPVVRVVEIAGA,1,64,33,38,False
FDFNPVVVRLENPGA,1,218,13,14,False
FDFNPVWCLFKLRRR,1,183,4,5,False
FDFNPWFVFLKFPAQ,2,155,109,133,False
FDFNPWFVFLKLPAQ,1,3,2229,22657,False
FDFNPWFVFLKVPAQ,2,155,109,133,False
FDFNPWFVLLKFPAQ,1,155,109,133,False
FDFNPWFVLLKVPAQ,1,11,557,1905,False
FDFNPWLFFLKLPAQ,3,3,2229,22657,False
FDFNPWLFFLKVPAQ,6,3,2229,22657,False
FDFNPWLFMLKLPAQ,1,3,2229,22657,False
FDFNPWLFMLKVPAQ,1,3,2229,22657,False
FDFNPWLIFLKLPAQ,1,3,2229,22657,False
FDFNPWLIFLKMPAQ,3,3,2229,22657,False
FDFNPWLIFLKVPAQ,2,3,2229,22657,False
FDFNPWLILLKMPAQ,1,3,2229,22657,False
FDFNPWLLFLKFPAQ,5,3,2229,22657,False
FDFNPWLLFLKIPAQ,1,3,2229,22657,False
FDFNPWLLFLKLPAQ,16,3,2229,22657,False
FDFNPWLLFLKMPAQ,2,3,2229,22657,False
FDFNPWLLFLKVPAQ,26,3,2229,22657,False
FDFNPWLLFLKVPGQ,1,3,2229,22657,False
FDFNPWLLFLRQPNQ,3,1,1197,10527,False
FDFNPWLLILKVPAQ,1,906,5,5,False
FDFNPWLLLLKFPAQ,2,3,2229,22657,False
FDFNPWLLMLKFPAQ,1,3,2229,22657,False
FDFNPWLLSLKVPAQ,3,3,2229,22657,False
FDFNPWLLVLKVPAQ,1,3,2229,22657,False
FDFNPWLLWLKLPAQ,1,3,2229,22657,False
FDFNPWLMFLKLPAQ,3,3,2229,22657,False
FDFNPWLVFLKFPAQ,3,3,2229,22657,False
FDFNPWLVFLKLPAQ,17,3,2229,22657,False
FDFNPWLVFLKLPVQ,1,3,2229,22657,False
FDFNPWLVFLKVPAQ,8,3,2229,22657,False
FDFNPWLVLLKFPAQ,3,3,2229,22657,False
FDFNPWLVLLKLPAQ,4,3,2229,22657,False
FDFNPWLVLLKVPAQ,1,19,348,758,False
FDFNPWMLFLKFPAQ,1,3,2229,22657,False
FDFNPWMLFLKVPAQ,4,3,2229,22657,False
FDFNPWMLFLKWPAQ,1,3,2229,22657,False
FDFNPWMVFLKLPAQ,3,3,2229,22657,False
FDFNPWMVFLKVPAQ,9,3,2229,22657,False
FDFNPWMVLLKFPAQ,1,155,109,133,False
FDFNPWWLLVKLPAQ,1,3,2229,22657,False
FDFNPYFFFLKLPAQ,1,3,2229,22657,False
FDFNPYFFFLKVPAQ,3,11,557,1905,False
FDFNPYFLFFKIPAQ,2,11,557,1905,False
FDFNPYFLFLKFPAQ,3,11,557,1905,False
FDFNPYFLFLKLPAQ,7,3,2229,22657,False
FDFNPYFLFLKVPAQ,7,11,557,1905,False
FDFNPYFLLFKLPAQ,1,11,557,1905,False
FDFNPYFLLFKVPAQ,1,11,557,1905,False
FDFNPYFLLLKLPAQ,5,11,557,1905,False
FDFNPYFLLLKVPAQ,3,11,557,1905,False
FDFNPYFVFFKFPAQ,1,219,41,49,False
FDFNPYFVFLKFPAQ,13,11,557,1905,False
FDFNPYFVFLKIPAQ,3,11,557,1905,False
FDFNPYFVFLKLPAQ,14,3,2229,22657,False
FDFNPYFVFLKMPAQ,1,11,557,1905,False
FDFNPYFVFLKVPAQ,7,11,557,1905,False
FDFNPYFVLLKFPAQ,1,11,557,1905,False
FDFNPYFVLLKLPAQ,2,11,557,1905,False
FDFNPYFVLLKVPAQ,3,11,557,1905,False
FDFNPYLFFLKFPAQ,5,3,2229,22657,False
FDFNPYLFFLKVPAQ,3,3,2229,22657,False
FDFNPYLFLLKLPAQ,2,3,2229,22657,False
FDFNPYLIFLKFPAQ,1,3,2229,22657,False
FDFNPYLIFLKLPAQ,1,3,2229,22657,False
FDFNPYLIFLKVPAQ,4,3,2229,22657,False
FDFNPYLLFLKFPAQ,18,3,2229,22657,False
FDFNPYLLFLKIPAQ,5,3,2229,22657,False
FDFNPYLLFLKLPAQ,15,3,2229,22657,False
FDFNPYLLFLKQPKQ,1,0,1628,17219,False
FDFNPYLLFLKVPAQ,9,3,2229,22657,False
FDFNPYLLFLSFPAQ,1,3,2229,22657,False
FDFNPYLLLLKLPAQ,3,3,2229,22657,False
FDFNPYLVFLKFPAQ,8,3,2229,22657,False
FDFNPYLVFLKLPAQ,13,3,2229,22657,False
FDFNPYLVFLKMPAQ,1,3,2229,22657,False
FDFNPYLVFLKVPAQ,5,19,348,758,False
FDFNPYLVLLKFPAQ,4,11,557,1905,False
FDFNPYLVLLKLPAQ,1,3,2229,22657,False
FDFNPYMLFLKFPAQ,1,91,121,166,False
FDFNPYMLLLKFPAQ,4,11,557,1905,False
FDFNPYMLLLKLPAQ,78,3,2229,22657,False
FDFNPYMLLLKVPAQ,1,11,557,1905,False
FDFNPYMVFLKIPAQ,1,219,41,49,False
FDFNPYMVFLKLPAQ,3,3,2229,22657,False
FDFNPYMVFLKVPAQ,1,11,557,1905,False
FDFNPYRVVWKCPAQ,1,912,6,6,False
FDFNPYVCFINSRRR,1,925,1,1,True
FDFNPYVFLWKLPAQ,1,912,6,6,False
FDFNPYVSSGNCRRR,1,917,2,2,False
FDFNRWSSC*NCRRR,1,122,12,17,False
FDFWPVLLFLQQPRQ,1,53,100,123,False
FDGARCCCFCCCRCR,1,354,17,20,False
FDGESVVRQLESPGA,1,926,2,2,True
FDGGPHLLFLQWPTQ,1,221,41,45,False
FDGGPLLLFLIQPRQ,1,221,41,45,False
FDGGPLLLFLQWPAQ,1,221,41,45,False
FDGGPLLLFLQWPLQ,1,221,41,45,False
FDGGPWLLFLQWPSQ,1,29,67,92,False
FDGIRG*GSGKCRRR,1,79,4,7,False
FDGLPLLLFLQSPRQ,2,221,41,45,True
FDGLPQLLFLWLPQQ,1,96,48,56,False
FDGMPLAAVSEEAGA,2,222,2,4,True
FDGMPRLLFLIMPQQ,1,458,21,22,False
FDGNPACIICESPGA,1,927,1,1,True
FDGNPAGCVVKGPGA,1,928,2,2,True
FDGNPALCFMKFPGA,1,928,2,2,False
FDGNPCLVLLNSRRR,1,929,1,1,True
FDGNPDMSSSNGRRR,1,930,3,3,True
FDGNPFFCMGKIPAQ,1,488,10,11,False
FDGNPFVFFCEIPGA,1,931,2,2,True
FDGNPGWVGVKGPAQ,2,223,23,26,True
FDGNPICWVAKARRR,4,65,2,5,True
FDGNPLFCGVEMPGA,1,932,4,4,True
FDGNPLLDGVQMPGA,1,932,4,4,False
FDGNPLLWCLKWPAQ,1,124,39,45,False
FDGNPNVVVCKVPAQ,1,250,31,34,False
FDGNPQGRRRKWPAQ,1,18,393,562,False
FDGNPQRWRRKRPAQ,1,10,1116,1855,False
FDGNPQWLLLKLPAQ,2,46,24,36,False
FDGNPQWMCRKGPAQ,2,223,23,26,False
FDGNPRV*AGKARRR,1,933,4,4,True
FDGNPSGAWSKSRRR,1,934,2,2,True
FDGNPSGGVVQRAGA,1,935,3,3,True
FDGNPSWCIWKLPAQ,1,936,3,3,True
FDGNPVGFVGKVPAQ,1,724,6,6,False
FDGNPVGHLRESAGA,1,937,3,3,True
FDGNPWVVVGQMPGA,1,938,2,2,True
FDGNPWVWRWARRRV,1,939,1,1,True
FDGNRASGA*KCRRR,1,477,11,12,False
FDGQPPLLFLMQPGQ,1,940,4,4,True
FDGSPRLLVSAGAAA,1,941,1,1,True
FDGWPLLLFLGMPQQ,1,31,119,142,False
FDGWPLLLFLRRPQQ,1,31,119,142,False
FDHAPQLLFLRKPRQ,1,942,2,2,True
FDHLPLLLFLVQPGQ,1,68,51,63,False
FDHNPTLLFLLKPQQ,2,7,629,1764,False
FDHNPWLLFLSTPQQ,1,7,629,1764,False
FDHNPYLLFLMTPQQ,1,658,8,8,False
FDHNPYLLFLRQPKQ,8,0,1628,17219,False
FDIAPLLLFLYPPSQ,1,943,1,1,True
FDIGPWLLFLCLPLQ,1,453,36,38,False
FDINPCVCVGKSRRR,2,224,4,5,True
FDINPDIGFGKVPGR,1,944,1,1,True
FDINPFGVFGKLPAQ,1,945,7,7,True
FDINPFGWVGKVPAQ,1,945,7,7,False
FDINPFLLFLSQPSQ,5,2,509,4610,False
FDINPGFCFVKLPGA,1,946,1,1,True
FDINPGRLLENPGAG,1,947,3,3,True
FDINPGWW*NCRRRV,1,948,6,6,True
FDINPLFCIGEIPGA,1,932,4,4,False
FDINPLFVEVQNPGA,1,949,2,2,True
FDINPLFVFLKFPAQ,1,155,109,133,False
FDINPLGLLLKFRAG,1,950,1,1,True
FDINPLLCILKCPGA,1,45,8,12,False
FDINPLLGVGKLPAQ,1,920,7,7,False
FDINPLLLFLRKPKQ,1,0,1628,17219,False
FDINPLLLFLRKPQQ,1,7,629,1764,False
FDINPLLLFLRQPKQ,13,2,509,4610,False
FDINPLLLVLKLRRR,1,951,2,2,True
FDINPLVVLLESPGA,1,952,1,1,True
FDINPMLLFLKFPAQ,1,3,2229,22657,False
FDINPMVFVRQIPGA,1,953,1,1,True
FDINPNRIRGKGPAQ,1,954,6,6,True
FDINPQVFFLKLPAQ,1,358,19,20,False
FDINPSFIFWKVPAQ,1,955,5,5,True
FDINPSGFIWKIPAQ,1,936,3,3,False
FDINPTCGVWKVPAQ,1,955,5,5,False
FDINPTVVIRKRRRR,2,225,3,4,True
FDINPVASSGKSRRR,1,224,4,5,False
FDINPVFVMSKFPAK,1,956,1,1,True
FDINPVRVGLQIPGA,1,924,4,4,False
FDINPYFLFFKLPAQ,1,945,7,7,False
FDINPYLLFLKKPKQ,2,0,1628,17219,False
FDINPYLLFLNQPKQ,1,2,509,4610,False
FDINPYLLFLNQPRQ,11,2,509,4610,False
FDLESAVVVVENAGA,1,957,2,2,True
FDLIRGGGW*NCRRR,1,520,5,6,False
FDLLPVLLFLCVPVQ,1,461,20,22,False
FDLNPACCGAKGRRR,1,958,3,3,True
FDLNPCCSC*KSRRR,1,482,4,5,False
FDLNPFCLVLKVPAQ,1,91,121,166,False
FDLNPFCSLLKFAGA,1,915,6,6,False
FDLNPFFFFFKLPAQ,1,358,19,20,False
FDLNPFFFFLKVPAQ,1,91,121,166,False
FDLNPFFILLKVPAQ,1,11,557,1905,False
FDLNPFFVFLKLPAQ,1,945,7,7,False
FDLNPFLGVIKCPAQ,1,959,6,6,True
FDLNPFLLFLKLPAQ,1,3,2229,22657,False
FDLNPFMLFLKFPAQ,1,91,121,166,False
FDLNPFMLFLKLPAQ,1,91,121,166,False
FDLNPFMLFLKVPAQ,2,91,121,166,False
FDLNPFMLLLKLPAQ,2,91,121,166,False
FDLNPFVLVCKFPAQ,3,91,121,166,False
FDLNPFVVVLKFPAR,1,960,4,4,True
FDLNPFWCS*NCRRR,1,217,14,15,False
FDLNPFWCSGKCRRR,1,961,2,2,True
FDLNPGCSAANCRRR,1,962,2,2,True
FDLNPGGVVGKVPAQ,1,381,22,23,False
FDLNPGLLFVKLPAQ,1,3,2229,22657,False
FDLNPGLVFVKIPAQ,1,219,41,49,False
FDLNPGLVHGQIPGA,1,218,13,14,False
FDLNPGLVRVQSPGA,1,963,3,3,True
FDLNPILLLLKLPAQ,1,3,2229,22657,False
FDLNPLCGKARRRVL,1,964,1,1,True
FDLNPLCVCWKGPAQ,1,133,14,17,False
FDLNPLCVVLKLPAQ,1,190,29,31,False
FDLNPLDLLLEIAGA,1,902,4,4,False
FDLNPLFFCRNSRRR,3,101,7,9,True
FDLNPLGFLLKGPAQ,1,46,24,36,False
FDLNPLGVCLKLPAQ,2,46,24,36,False
FDLNPLLFVGKWPAQ,1,142,20,22,False
FDLNPLLGMLKLPAQ,1,959,6,6,False
FDLNPLLLFLKFPAQ,1,91,121,166,False
FDLNPLLLWLKLPAQ,1,3,2229,22657,False
FDLNPLLLWLKVPAQ,1,19,348,758,False
FDLNPLLWLLKWPAQ,1,46,24,36,False
FDLNPLSACSNSRRR,1,101,7,9,False
FDLNPLVS*ANCRRR,1,962,2,2,False
FDLNPLVVGVESAGA,1,64,33,38,False
FDLNPLVWGRESAGA,1,365,35,37,False
FDLNPMFCSCKSPAQ,1,965,1,1,True
FDLNPMLL*NCRRRV,1,948,6,6,False
FDLNPMLMLLKLPAQ,1,46,24,36,False
FDLNPMLVLLKLPAQ,1,46,24,36,False
FDLNPMLVWLKLPAQ,1,19,348,758,False
FDLNPQFFMVKFPAQ,1,966,6,6,True
FDLNPQWFIFKFPAQ,1,966,6,6,False
FDLNPRFVVGKCPAQ,1,381,22,23,False
FDLNPRLLRENPGAG,1,947,3,3,False
FDLNPRVGSWKVPAQ,1,967,5,5,True
FDLNPSCFFVKVPAQ,1,219,41,49,False
FDLNPSWVVGQIAGA,1,27,28,43,False
FDLNPVLLLLKVPAQ,1,11,557,1905,False
FDLNPVLMCFKWPAQ,1,142,20,22,False
FDLNPVWGVGKFPAR,1,960,4,4,False
FDLNPWCFFVKFPAQ,2,219,41,49,False
FDLNPWFVFLKLPAQ,1,155,109,133,False
FDLNPWFVLLKLPAQ,1,46,24,36,False
FDLNPWLFFLKVPAQ,2,3,2229,22657,False
FDLNPWLLFLKLPAQ,2,3,2229,22657,False
FDLNPWLLFLQWPLQ,1,9,239,562,False
FDLNPWLLLLKLPAQ,1,3,2229,22657,False
FDLNPWLLLVQSAGA,1,738,3,3,False
FDLNPWLVFLKLPAQ,2,3,2229,22657,False
FDLNPWVFVLKLPAQ,1,601,8,9,False
FDLNPWWCCGKLPAA,1,266,6,7,False
FDLNPYFVFLKFPAQ,1,155,109,133,False
FDLNPYLLFLKFPAQ,1,91,121,166,False
FDLNPYLLFLKLPAQ,1,3,2229,22657,False
FDLNRCCCC*NCRRR,1,217,14,15,False
FDLQRSCCFWRGRGR,1,968,1,1,True
FDLQSDRRHGQMPGA,1,969,1,1,True
FDLQSVVLGVEIAGA,1,64,33,38,False
FDLWPLLLFLLWRGR,2,226,3,4,True
FDLWPWLLFLQWPLQ,1,20,111,133,False
FDMESVLGHVEIAGA,1,970,1,1,True
FDMNPLCSVRKSAGA,1,971,2,2,True
FDMNPLLLFLKIPAQ,1,3,2229,22657,False
FDMNPLLLFLQYPVQ,1,4,603,1344,False
FDMNPMGGVGKFPGA,1,972,1,1,True
FDMNPPSVVGKCPAQ,1,920,7,7,False
FDMNPQCCVLKLPAQ,1,973,5,5,True
FDMNPQWLVRKWPAQ,1,600,6,7,False
FDMNPTGGLHQMPGA,1,974,1,1,True
FDMNPVSASGKARRR,1,975,3,3,True
FDMNPWLFLLKLPAQ,1,3,2229,22657,False
FDMNPWLLFLAQPWQ,1,1,1197,10527,False
FDMNPWLLFLKLPAQ,1,3,2229,22657,False
FDMNPWLLFLKLPKQ,1,3,2229,22657,False
FDMNPWLLFLKLPQQ,8,3,2229,22657,False
FDMNPWLLFLQWPAQ,1,9,239,562,False
FDMNPWLLFLRQPAQ,1,1,1197,10527,False
FDMNPWLLFLSQPVQ,1,1,1197,10527,False
FDMNPWLVFLKIPAQ,2,3,2229,22657,False
FDMNPWLVWLKLPAQ,1,3,2229,22657,False
FDMNPYFVFLKFPAQ,1,155,109,133,False
FDMNPYLLFLKIPQQ,1,0,1628,17219,False
FDMNPYLLFLKTPYQ,1,0,1628,17219,False
FDMNPYLVFLKVPAQ,1,19,348,758,False
FDMQSGVHDRQIPGA,1,749,3,3,False
FDNKPGLLFLRNPPQ,1,976,2,2,True
FDNNPYLLFLRIPSQ,1,12,343,758,False
FDNQPYLLFLSIPPQ,1,976,2,2,False
FDNSPRLLFLPKPQQ,1,813,9,9,False
FDPQPWLLFLQLPGQ,1,56,210,255,False
FDPRPMLLFLSQPKQ,1,977,8,8,True
FDPWPPLLFLQYPLQ,1,978,4,4,True
FDQCPMLLFLDLPSQ,1,979,5,5,True
FDQGPFLLFLPFPAQ,1,863,6,6,False
FDQLPQLLFLGRPRQ,2,96,48,56,False
FDQLPWLLFLLQPAQ,1,486,16,18,False
FDQNPLLLFLWRPQQ,3,48,50,61,False
FDQNPWLLFLAQPWQ,1,1,1197,10527,False
FDQNPWLLFLGGPVQ,1,227,22,26,False
FDQNPWLLFLGLPAQ,1,3,2229,22657,False
FDQNPWLLFLKMPVQ,1,3,2229,22657,False
FDQNPWLLFLKMPYQ,72,3,2229,22657,False
FDQNPWLLFLKTPAQ,1,3,2229,22657,False
FDQNPWLLFLKVPYQ,1,3,2229,22657,False
FDQNPWLLFLQLPGQ,1,3,2229,22657,False
FDQNPWLLFLQLPVQ,1,4,603,1344,False
FDQNPWLLFLQRPLQ,1,9,239,562,False
FDQNPWLLFLQRPTQ,1,9,239,562,False
FDQNPWLLFLRKPKQ,1,7,629,1764,False
FDQNPWLLFLRMPNQ,1,274,20,21,False
FDQNPWLLFLRQPKQ,3,1,1197,10527,False
FDQNPWLLFLRQPQQ,1,7,629,1764,False
FDQNPWLLFLRQPSQ,2,1,1197,10527,False
FDQNPWLLFLSQPVQ,1,1,1197,10527,False
FDQNPWLLFLSTPTQ,1,23,142,268,False
FDQNPWLLFLWQPLQ,1,410,12,13,False
FDQNPYLLFLKKPAQ,1,0,1628,17219,False
FDQNPYLLFLKKPKQ,2,0,1628,17219,False
FDQNPYLLFLRSPKQ,1,551,35,36,False
FDQNPYLLFLSQPDQ,1,2,509,4610,False
FDQQPLLLFLVMPWQ,1,68,51,63,False
FDQQPLLLFLWHPQQ,1,48,50,61,False
FDQSPLLLFLSWPTQ,2,48,50,61,False
FDQSPWLLFLWNPTQ,1,48,50,61,False
FDQWPLLLFLLLPAG,1,980,2,2,True
FDQWPLLLFLRRPVQ,1,227,22,26,False
FDQWPRLLFLWRPWQ,1,227,22,26,False
FDQWPSLLFLWAPVQ,2,227,22,26,True
FDRESGLVHRESPGA,1,981,1,1,True
FDRFPQLLFLFWPVQ,1,461,20,22,False
FDRGPTLLFLWQPMQ,1,41,88,103,False
FDRGRGCCFWRRRRR,1,982,2,2,True
FDRIRPAAGGNARRR,1,726,6,6,False
FDRKSDGGEEESPGA,1,983,2,2,True
FDRLPWLLFLQMPWQ,1,221,41,45,False
FDRNPGLCMMKCPAQ,1,984,3,3,True
FDRNPGQQHVQNPGA,1,985,1,1,True
FDRNPGRGSLKSPAQ,1,986,2,2,True
FDRNPGRRRSKGPAQ,1,10,1116,1855,False
FDRNPILLFLRTPQQ,1,7,629,1764,False
FDRNPKGRSMKRPAQ,1,10,1116,1855,False
FDRNPPVCRRKVPAQ,1,987,4,4,True
FDRNPQLVVVKFPAQ,2,219,41,49,False
FDRNPSGWWLPRGRA,1,988,1,1,True
FDRNPTGRRRKRPAQ,1,10,1116,1855,False
FDRNPVGCRWKSPAQ,1,987,4,4,False
FDRNPWLLFLKQPEQ,4,1,1197,10527,False
FDRNPWLLFLLTPQQ,1,7,629,1764,False
FDRNPWLLFLNWPQQ,1,7,629,1764,False
FDRNPYLLFLQSPVQ,1,4,603,1344,False
FDRQPLLLFLMFPKQ,1,284,25,28,False
FDRQPVLLFLAYPSQ,1,989,3,3,True
FDRRPQLLFLVGPVQ,1,127,34,42,False
FDSIPILLFLQYPPQ,1,978,4,4,False
FDSIRACCSANCRRR,1,898,3,3,False
FDSIRRSSCGNCRRR,1,63,5,9,False
FDSIRSACC*NSRRR,1,215,27,32,False
FDSIRSCCC*NCRRR,1,215,27,32,False
FDSMPYLLFLWQPGQ,1,940,4,4,False
FDSNPCFLLCKWPGA,1,990,1,1,True
FDSNPLLLFLRQPSQ,1,12,343,758,False
FDSNPLLLFPLQPNQ,1,991,2,2,True
FDSNPLSQERAGAGF,1,992,1,1,True
FDSNPMRGVREKAGA,1,993,1,1,True
FDSNPRIGSSKRPAR,1,994,2,2,True
FDSNPSMSSGKLPAQ,1,995,1,1,True
FDSNPTRFRRKRAGA,1,996,4,4,True
FDSNPTWRVRKSPAQ,1,997,1,1,True
FDSNPWLLFLQRPLQ,1,9,239,562,False
FDSNPWLLFLQRPTQ,1,9,239,562,False
FDSNPWLLFLRMPNQ,1,7,629,1764,False
FDSNPYLLFLKSPQQ,1,0,1628,17219,False
FDSSPQLLFLRLPQQ,1,40,66,76,False
FDSWPLLLFLRMPRQ,1,221,41,45,False
FDTNPWLLFLRQPTQ,2,1,1197,10527,False
FDTQPRLLFLFLPVQ,1,998,6,6,True
FDTRPGLLFLQAPKQ,1,434,4,5,False
FDTTPMLLFLMLPQQ,1,979,5,5,False
FDVGPWLLFLQLPGQ,1,468,48,52,False
FDVGRSCCFCCSRCR,1,113,15,19,False
FDVIRSSGC*NCRRR,1,215,27,32,False
FDVIRSSSSGNSRRR,2,95,5,8,False
FDVIRTASAGKSRRR,1,83,4,7,False
FDVKSDGVLLQIPGA,1,999,1,1,True
FDVKSGRQELEIPGA,1,1000,2,2,True
FDVKSVLLVGEMAGA,1,1001,2,2,True
FDVNPACLHRQRPGA,1,1002,1,1,True
FDVNPAFVFMKFPGA,1,775,2,2,False
FDVNPDVIFMK*PAQ,1,1003,4,4,True
FDVNPFCFFLKFPAQ,1,91,121,166,False
FDVNPFCGVLKGPAA,1,1004,1,1,True
FDVNPFGCVRKSRRR,1,224,4,5,False
FDVNPFLCIWKVPAQ,1,382,15,17,False
FDVNPFLLFLKLPAQ,1,3,2229,22657,False
FDVNPFLLFLRQPKQ,1,551,35,36,False
FDVNPFLVLLKLPAQ,1,46,24,36,False
FDVNPFMVVCKVPAQ,1,229,4,5,False
FDVNPFRFVRKCPAQ,1,959,6,6,False
FDVNPGRRERESAGA,1,617,7,9,False
FDVNPLDGGHESPGA,1,922,6,6,False
FDVNPLFLFLKLPAQ,1,3,2229,22657,False
FDVNPLFLFLKVPAQ,1,11,557,1905,False
FDVNPLFLLLKLPAQ,1,46,24,36,False
FDVNPLFLLLKVPAQ,1,11,557,1905,False
FDVNPLFLMLKLPAQ,1,46,24,36,False
FDVNPLFVCLKVPAQ,1,19,348,758,False
FDVNPLGCVRKSPAQ,1,618,5,6,False
FDVNPLGCVRKVPAQ,1,270,11,13,False
FDVNPLGFVLKLRRV,1,951,2,2,False
FDVNPLGIIGKIPAQ,1,437,8,9,False
FDVNPLLILLKLPAQ,1,46,24,36,False
FDVNPLLLFLQWPVQ,2,4,603,1344,False
FDVNPLLLLLKFPAQ,1,39,164,242,False
FDVNPLLLLLKLPAQ,7,3,2229,22657,False
FDVNPLLLLLKVPAQ,1,11,557,1905,False
FDVNPLLLVLKLPAQ,1,3,2229,22657,False
FDVNPLLSCGKIPAQ,1,437,8,9,False
FDVNPLLVFLKFPAQ,1,219,41,49,False
FDVNPLSGWANCRRR,1,1005,2,2,True
FDVNPLVFFLKFPAQ,1,219,41,49,False
FDVNPMGWLLKLPAQ,5,46,24,36,True
FDVNPMWVRLKFPAF,2,228,1,2,True
FDVNPPMVLIERPGA,1,229,4,5,False
FDVNPPWFWFKFPAQ,1,180,5,7,False
FDVNPQLLLLKWPAQ,1,39,164,242,False
FDVNPQVVGVKGRRR,1,84,15,18,False
FDVNPQWFVVKFPAQ,1,966,6,6,False
FDVNPRGGKGRRRVL,1,160,2,4,False
FDVNPRIGWGKIPAQ,1,161,5,7,False
FDVNPRMCGCKFPAQ,1,1006,1,1,True
FDVNPRVRCRKGRRR,1,1007,1,1,True
FDVNPRVVMCKVPAQ,1,967,5,5,False
FDVNPSFCLGKFPAQ,1,900,6,6,False
FDVNPSILLLEIPGA,1,1008,1,1,True
FDVNPSWVC*NCRRR,1,59,13,17,False
FDVNPTCMSGNGRRR,1,1009,3,3,True
FDVNPTGMFMKFPAQ,1,1003,4,4,False
FDVNPTISCGKCPAQ,1,1010,1,1,True
FDVNPTVCVCKGRRR,1,224,4,5,False
FDVNPTVGIRKGRRR,1,225,3,4,False
FDVNPVFFSRKFPAQ,1,966,6,6,False
FDVNPVFLFVKFPAQ,1,219,41,49,False
FDVNPVGVFMKVPAQ,1,294,5,6,False
FDVNPVIVLWKVPAQ,1,229,4,5,False
FDVNPVLCLVESPGA,1,383,22,24,False
FDVNPVLMWLKVPAQ,1,19,348,758,False
FDVNPVMVLCKRPAA,2,229,4,5,True
FDVNPVVFC*NSRRR,1,101,7,9,False
FDVNPWFVFLKLPAQ,2,155,109,133,False
FDVNPWLLFLDQPMQ,34,1,1197,10527,False
FDVNPWLLFLDQPTQ,1,1,1197,10527,False
FDVNPWLLFLKFPAQ,1,3,2229,22657,False
FDVNPWLLFLKIPKQ,1,0,1628,17219,False
FDVNPWLLFLKQPRQ,1,1,1197,10527,False
FDVNPWLLFLPRPRQ,3,6,143,456,False
FDVNPWLLFLQFPMQ,1,9,239,562,False
FDVNPWLLFLQFPVQ,1,4,603,1344,False
FDVNPWLLFLQLPVQ,5,4,603,1344,False
FDVNPWLLFLQQPKQ,13,9,239,562,False
FDVNPWLLFLQWPSQ,7,15,198,343,False
FDVNPWLLFLQWPVQ,2,15,198,343,False
FDVNPWLLFLRAPRQ,1,7,629,1764,False
FDVNPWLLFLVQPRQ,1,1,1197,10527,False
FDVNPWLVFLKMPAQ,1,3,2229,22657,False
FDVNPYFLWLKLPAQ,1,11,557,1905,False
FDVNPYFVFLKFPAQ,1,155,109,133,False
FDVNPYLLFLAQPLQ,1,1,1197,10527,False
FDVNPYLLFLKIPYQ,1,15,198,343,False
FDVNPYLLFLKKPKQ,1,0,1628,17219,False
FDVNPYLLFLKQPKQ,1,0,1628,17219,False
FDVNPYLLFLQYPIQ,1,15,198,343,False
FDVNPYLLFLQYPVQ,3,15,198,343,False
FDVNPYLLFLTQPNQ,1,2,509,4610,False
FDVNPYLLFLVQPNQ,1,2,509,4610,False
FDVNPYLLFLVQPQQ,2,2,509,4610,False
FDVNPYLLFLVQPRQ,10,2,509,4610,False
FDVNRAGCAGNARRR,1,899,4,4,False
FDVNRCGCCGNCRRR,1,1011,2,2,True
FDVNRRGGGAKGRRR,2,146,35,40,False
FDVNRSSSSGNGRRR,1,95,5,8,False
FDVQPWLLFLGQPWQ,1,1,1197,10527,False
FDVQSGRVVRQMPGA,1,1012,1,1,True
FDVQSGVLGGERAGA,1,216,6,7,False
FDVWPFLLFLQLPLQ,1,978,4,4,False
FDVWPLLLFLQWPGQ,1,15,198,343,False
FDWGPMLLFLQYPVQ,1,4,603,1344,False
FDWNPCVFFVKGRRR,1,231,5,6,False
FDWNPFLAC*NGRRR,1,1013,2,2,True
FDWNPFLIMLKFPAQ,1,39,164,242,False
FDWNPFLLFLKFPAQ,1,39,164,242,False
FDWNPFLLFLKLPAQ,2,3,2229,22657,False
FDWNPFLLFLKMPAQ,2,39,164,242,False
FDWNPFLLFLKVPAQ,1,39,164,242,False
FDWNPFLLGLKWPAQ,1,39,164,242,False
FDWNPFLLLLKVPAQ,1,39,164,242,False
FDWNPFLMFLKVPAQ,1,39,164,242,False
FDWNPFLVFLKLPAQ,1,945,7,7,False
FDWNPFLVLLKLPAQ,1,39,164,242,False
FDWNPFLVLLKMPAQ,1,39,164,242,False
FDWNPFLVLLKVPAQ,3,39,164,242,False
FDWNPFMVLLKMPAQ,1,39,164,242,False
FDWNPGCFVLKFRRR,1,1014,1,1,True
FDWNPGVLGGKGPRR,1,231,5,6,False
FDWNPGVVWGKWRRR,1,192,4,5,False
FDWNPHFCMSKARRR,2,230,1,2,True
FDWNPIFLVCKCPAQ,1,920,7,7,False
FDWNPLFVLLKVPAQ,1,11,557,1905,False
FDWNPLLLFLKFPAQ,1,3,2229,22657,False
FDWNPLLLFLKLPAQ,1,3,2229,22657,False
FDWNPLLLFLKQPKQ,1,0,1628,17219,False
FDWNPLLLFLKVPAQ,2,3,2229,22657,False
FDWNPLLLFLPRPKQ,1,4,603,1344,False
FDWNPLLLFLQLPVQ,1,4,603,1344,False
FDWNPLLLFLQSPEQ,1,4,603,1344,False
FDWNPLLLLLKLPAQ,1,39,164,242,False
FDWNPLLLLLKVPAQ,2,39,164,242,False
FDWNPLLMLLKVPAQ,1,19,348,758,False
FDWNPLLVFLKMPAQ,1,19,348,758,False
FDWNPLLVLLKLPAQ,1,19,348,758,False
FDWNPLLVLLKVPAQ,1,19,348,758,False
FDWNPLLWVLKLPAQ,1,46,24,36,False
FDWNPLMFLLKVPAQ,1,165,80,105,False
FDWNPLVFFWKFPAG,1,1015,1,1,True
FDWNPMLFFLKVPAQ,1,704,10,10,False
FDWNPMLIFLKVPAQ,1,955,5,5,False
FDWNPMMVLLKWPAQ,1,369,20,21,False
FDWNPQGGGGKGRRR,1,146,35,40,False
FDWNPQLLLGKLPAQ,1,39,164,242,False
FDWNPQMVEGENPGA,1,1016,1,1,True
FDWNPRWVLVKWPAQ,1,223,23,26,False
FDWNPSVWGIKGRRR,2,231,5,6,True
FDWNPWLLFLAQPWQ,1,1,1197,10527,False
FDWNPWLLFLEQPWQ,1,1,1197,10527,False
FDWNPWLLFLKKPKQ,1,0,1628,17219,False
FDWNPWLLFLKKPRQ,1,0,1628,17219,False
FDWNPWLLFLKQPAQ,1,3,2229,22657,False
FDWNPWLLFLKQPDQ,1,1,1197,10527,False
FDWNPWLLFLKQPEQ,71,1,1197,10527,False
FDWNPWLLFLKQPVQ,2,130,94,113,False
FDWNPWLLFLKVPAQ,1,3,2229,22657,False
FDWNPWLLFLQSPGQ,3,4,603,1344,False
FDWNPWLLFLQWPLQ,1,4,603,1344,False
FDWNPWLLFLQWPRQ,1,4,603,1344,False
FDWNPWLLFLRGPPQ,2,7,629,1764,False
FDWNPWLLFLRLPSQ,1,3,2229,22657,False
FDWNPWLLFLRYPQQ,1,7,629,1764,False
FDWNPWLLFLTQPNQ,2,2,509,4610,False
FDWNPWLLFLVRPQQ,1,7,629,1764,False
FDWNPWLLFLYGPQQ,2,7,629,1764,False
FDWNPWLLLLKLPAQ,1,3,2229,22657,False
FDWNPWLLLLKVPAQ,2,39,164,242,False
FDWNPWLLLLKWPAQ,1,39,164,242,False
FDWNPWLVWLKMPAQ,1,19,348,758,False
FDWNPWMLLLKVPAQ,1,165,80,105,False
FDWNPWMMFLKLPAQ,1,3,2229,22657,False
FDWNPYFLFMKFPAQ,1,1017,8,8,True
FDWNPYFLLLKLPAQ,1,11,557,1905,False
FDWNPYFVLLKVPAQ,2,11,557,1905,False
FDWNPYLFLLKVPAQ,1,11,557,1905,False
FDWNPYLIMLKWPAQ,1,1018,6,6,True
FDWNPYLLFLKLPAQ,1,3,2229,22657,False
FDWNPYLLFLKQPNQ,1,2,509,4610,False
FDWNPYLLFLRKPNQ,1,0,1628,17219,False
FDWNPYLLFLRMPKQ,1,12,343,758,False
FDWNPYLLFLSQPKQ,1,977,8,8,False
FDWNPYLLLLKFPAQ,1,39,164,242,False
FDWNPYLLLLKLPAQ,1,39,164,242,False
FDWNPYLLLMKFPAQ,1,1017,8,8,False
FDWNPYLMFIKLPAQ,1,1017,8,8,False
FDWNPYMMFLKVPAQ,1,165,80,105,False
FDWQSVGVHLEIAGA,1,1019,2,2,True
FDWYPLLLFLFWPFQ,1,1020,4,4,True
FDYNPLLLFLQWPSQ,1,4,603,1344,False
FDYNPLLLFLRKPKQ,1,0,1628,17219,False
FDYNPLLLFLRQPQQ,1,1,1197,10527,False
FDYNPLLLFLVQPRQ,1,1,1197,10527,False
FDYNPLLLFLYQPKQ,1,0,1628,17219,False
FDYNPMLLFLKQPKQ,1,0,1628,17219,False
FDYNPMLLFLRQPNQ,3,1,1197,10527,False
FDYNPWLLFLAQPWQ,1,1,1197,10527,False
FDYNPWLLFLASPQQ,24,1,1197,10527,False
FDYNPWLLFLRTPFQ,1,1,1197,10527,False
FDYNPWLLFLRYPQQ,11,7,629,1764,False
FDYNPWLLFLSTPQQ,1,1,1197,10527,False
FDYNPWLLFLTVPQQ,1,1,1197,10527,False
FDYNPYLLCLKKPRQ,1,0,1628,17219,False
FDYNPYLLFLKKPKQ,3,0,1628,17219,False
FDYNPYLLFLKKPQQ,1,0,1628,17219,False
FDYNPYLLFLKQPKQ,1,0,1628,17219,False
FDYNPYLLFLNKPKQ,1,0,1628,17219,False
FDYNPYLLFLNKPQQ,6,0,1628,17219,False
FDYNPYLLFLRQPEQ,6,0,1628,17219,False
FDYNPYLLFLRSPKQ,1,0,1628,17219,False
FDYNPYLLFLSQPKQ,1,0,1628,17219,False
FDYNPYLLFLTMPNQ,1,2,509,4610,False
FDYNPYLLFLTQPNQ,2,2,509,4610,False
FDYNPYLLFLVSPQQ,5,0,1628,17219,False
FDYQPLLLFLGYPQQ,1,989,3,3,False
FDYSPWLLFLTRPQQ,1,6,143,456,False
FDYVPWLLFLQLPVQ,1,4,603,1344,False
FECQSAHLQREMPGA,1,232,4,5,False
FEFESVRVLVESAGA,1,443,4,5,False
FEQSVVGGGEMAGAG,1,1021,1,1,True
FESGVHVVQIPGAGF,1,1022,1,1,True
FESIRSWACANCRRR,1,1023,3,3,True
FGCESGGLELQMPGA,1,1024,1,1,True
FGCQSAHLLGEMPGA,2,232,4,5,True
FGCQSDLLVVQIPGA,1,1025,3,3,True
FGCQSEGLEGERAGA,1,506,5,6,False
FGCQSVLRLVEIPGA,1,233,11,13,False
FGCQSVLVLLERPGA,1,233,11,13,False
FGCQSVVDGLEIPGA,2,233,11,13,True
FGCQSVVLLVQNCRR,1,1026,1,1,True
FGCVAVAAVSVVAEA,1,149,31,38,False
FGCVAVPAVSVVAGP,1,13,36,58,False
FGFESVGACC*NCRR,1,1027,2,2,True
FGFESVGLVLESAGA,1,1028,9,9,True
FGFESVGVGVQIPGA,2,75,37,44,False
FGFESVHVVLEIPGA,1,388,8,9,False
FGFESVVDGLEIPGA,2,233,11,13,False
FGFESVVVVLEIAGA,1,167,83,87,False
FGFQSAVGDVEIPGA,1,234,7,8,False
FGFQSAVGVDEIAGA,1,234,7,8,False
FGFQSAVHVQEIAGA,2,234,7,8,True
FGFQSEGGLGESAGA,1,1029,2,2,True
FGFQSGGVVVEMAGA,1,388,8,9,False
FGFQSVDVLLEMPGA,1,1030,7,7,True
FGFQSVLGVLESAGA,1,1028,9,9,False
FGFQSVLRVVQSAGA,1,1031,5,5,True
FGFQSVLVVVEIAGA,1,1031,5,5,False
FGISIRWAASGNSRR,1,1032,1,1,True
FGLQSVVVRVQIAGA,1,1033,4,4,True
FGQQSVQLLRQSPGA,1,1034,2,2,True
FGSLPVAAVSALADA,2,235,1,2,True
FGWESVGGVDERAGA,1,832,4,4,False
FGWQSARVRLEMPGA,1,1030,7,7,False
FGWQSDVRDLQIAGA,1,1035,2,2,True
FGYESELRRGEMAGA,2,236,1,2,True
FGYESVVDLLQIAGA,1,1036,2,2,True
FGYESVVLLLEKAGA,1,1036,2,2,False
FGYGIRSCCS*NCRR,1,797,3,3,False
FGYQSAGRHQESAGA,1,508,6,8,False
FGYQSALLLLEIPGA,1,232,4,5,False
FGYQSALRLLEIPGA,1,1037,5,5,True
FGYQSDGGHGESAGA,1,1029,2,2,False
FGYQSVVGHGENAGA,1,1038,4,4,True
FGYQSVVGHGESAGA,1,1038,4,4,False
FISIRCWCG*NCRRR,1,628,25,26,False
FM*IRCCCA*NSRRR,1,628,25,26,False
FMAIRGAGSGKSRRR,1,1039,3,3,True
FMGIRGAWGSKCRRR,1,1040,1,1,True
FQSAVRLLEIPGAGF,1,1041,1,1,True
FRCESAHLDVEMAGA,1,1042,2,2,True
FRCQSAQLLLENPGA,1,232,4,5,False
FRFESGRLHL*NARR,1,1043,1,1,True
FRFQSVVVVLEIPGA,1,233,11,13,False
FRLQSVLRRLEIPGA,1,1037,5,5,False
FRQQSVLLRLEIPGA,1,1044,2,2,True
FRQVAGAAVSVGAGA,1,1045,3,3,True
FV*IRC*CC*NCRRR,1,215,27,32,False
FV*IRTSSSAKSRRR,1,1046,3,3,True
FVSIR**CS*NGRRR,1,1047,2,2,True
FVSIRCWSW*NARRR,1,1048,4,4,True
FVSIRRCAC*NCRRR,1,628,25,26,False
FVSIRSSCSGKSRRR,1,1046,3,3,False
GCQSARRHGERPGAG,1,1049,1,1,True
GD*GAVPAVSGGAGA,1,244,36,38,False
GD*IRCCGG*NCRRR,1,1050,9,9,True
GD*IRGCGCSNGRRR,1,1050,9,9,False
GD*IRGCWCGKCRRR,1,1051,3,3,True
GD*IRGCWG*KCRRR,1,1051,3,3,False
GD*IRSAGSGKSRRR,1,1039,3,3,False
GD*IRWGAG*KCRRR,1,1050,9,9,False
GDAAPGLLFRTCRSR,1,1052,1,1,True
GDAAPWLLFLQWPVQ,1,56,210,255,False
GDAEPGCCFWGSRCR,1,112,3,5,False
GDAGPFLLFLQWPMQ,1,15,198,343,False
GDAGPGLLFLQVPWQ,1,243,60,64,False
GDAGPGLLFLQWPGR,1,1053,8,8,True
GDAIRASASGKSRRR,1,245,4,5,False
GDAIRTGGGGKGRRR,1,57,64,76,False
GDAKPRLLFLRSRSR,2,237,3,4,True
GDALPLLLFLWRPLQ,1,48,50,61,False
GDALPRLLLGAEPGF,1,1054,1,1,True
GDANPQLLFLWVPVQ,1,584,26,30,False
GDANPWLLFLLQPVQ,2,1,1197,10527,False
GDANPWLLFLQRPLQ,9,9,239,562,False
GDANPWLLFLQWPAQ,1,15,198,343,False
GDANPWLLFLRQPKQ,1,7,629,1764,False
GDANPWLLFLRQPRQ,10,7,629,1764,False
GDANPWLLFLRSPKQ,1,7,629,1764,False
GDANPWLLFRGCRCR,1,210,4,5,False
GDAQPMLLFLPLPQQ,1,284,25,28,False
GDARPLLLFLQWPGQ,1,1053,8,8,False
GDARPLLLFLSCPGQ,1,31,119,142,False
GDARPQLLFLLWPWQ,1,127,34,42,False
GDARPVLLFLQMPEQ,1,242,52,57,False
GDARPWLLFLQWPGQ,1,242,52,57,False
GDAVPLLLFLRQPPQ,1,130,94,113,False
GDAVPWLLFLLRPQQ,1,7,629,1764,False
GDAVPWLLFLQWPKQ,1,9,239,562,False
GDAVPWLLFLQWPVQ,1,56,210,255,False
GDAVPWLLFLRSPKQ,1,7,629,1764,False
GDAWPQLLFLLRPLQ,1,584,26,30,False
GDAWPQLLFLWLPLQ,1,48,50,61,False
GDAWPWLLFLILPQQ,1,7,629,1764,False
GDCEIRRWAWSNCRR,2,238,1,2,True
GDCESAGHQGQSAGA,1,1055,3,3,True
GDCESGGVGGQSAGA,1,1055,3,3,False
GDCESVGEQEERAGA,1,307,9,10,False
GDCGPCLLFLLGPEQ,1,243,60,64,False
GDCGRCCCFWTGRSR,1,1056,7,7,True
GDCIPCLLFLQSPGQ,1,1057,3,3,True
GDCIRGACCGNSRRR,1,899,4,4,False
GDCKSALVLGEMPGA,2,239,2,3,True
GDCNPAVWGVKWPGA,1,1058,3,3,True
GDCNPCVCLLKCRRR,1,1059,3,3,True
GDCNPDLGFGKGRRR,1,1060,3,3,True
GDCNPGFACAKGRRR,1,1061,4,4,True
GDCNPGGVLGENPGA,1,103,71,80,False
GDCNPGGVMRKGPAQ,1,18,393,562,False
GDCNPGRGASNGRRR,1,1062,2,2,True
GDCNPGWFCLKCPAQ,2,180,5,7,False
GDCNPKRGGRKRAGA,1,491,11,12,False
GDCNPKRRRRKRPAQ,1,10,1116,1855,False
GDCNPLFVVLKVPAQ,1,19,348,758,False
GDCNPLGFIRKLPAQ,1,396,15,19,False
GDCNPLRFVLKVPAQ,1,270,11,13,False
GDCNPLWGGRKVPGA,1,1063,3,3,True
GDCNPMVWVCKLRRV,1,1064,1,1,True
GDCNPPGGCGKGPRR,1,1060,3,3,False
GDCNPPMQESPGAGF,1,1065,1,1,True
GDCNPQCLLMKFPAQ,1,1066,5,5,True
GDCNPQCVCGKWPAQ,1,111,39,45,False
GDCNPQVRRRKRPAQ,1,18,393,562,False
GDCNPRGWMGKGPAQ,1,1067,10,10,True
GDCNPRRVLEKAGAG,1,1068,1,1,True
GDCNPRVVVCKGPAQ,1,1067,10,10,False
GDCNPSCGFGKVPAR,1,1069,1,1,True
GDCNPSSWCCCF*WC,1,1070,1,1,True
GDCNPSVVVGERAGA,1,103,71,80,False
GDCNPTLVGVEMPGA,1,1071,4,4,True
GDCNPTWGM*KCRRR,1,1072,1,1,True
GDCNPVGDGVESPGA,1,1071,4,4,False
GDCNPVGRVDEMPGA,1,1073,3,3,True
GDCNPVLGMGKLPAQ,1,1067,10,10,False
GDCNPYCVICKCPAQ,1,1074,5,5,True
GDCNRTSWG*NSRRR,2,240,1,2,True
GDCRCCCF*GSRARV,1,1075,1,1,True
GDCVPGLLFLSGPGQ,1,31,119,142,False
GDCWPRLLFLVVPMQ,1,1076,5,5,True
GDCWPVLLFLQCPLQ,1,53,100,123,False
GDDDPKLLFLSQPRQ,1,241,14,16,False
GDDESAGEEEEKAGA,1,277,78,85,False
GDDESGVQQGQRAGA,1,1077,2,2,True
GDDTPFLLFLVQPWQ,2,241,14,16,True
GDEESEEVEDERPGA,1,293,10,12,False
GDEFPLAAVSVRAGA,1,244,36,38,False
GDEFPMLLFLWRPQQ,1,96,48,56,False
GDEFPRLLFLDMPSQ,1,1078,1,1,True
GDEGPGLLFLEVPVQ,1,243,60,64,False
GDEGPWLLFLQWPVQ,1,56,210,255,False
GDEGPWLLFLWGPQQ,1,118,35,41,False
GDEMPWLLFLQQPVQ,1,242,52,57,False
GDERPWLLFLQQPAQ,2,242,52,57,True
GDESVGVGGQRAGAG,1,1079,3,3,True
GDEVPRLLFLEGAGA,1,1080,2,2,True
GDEWPLLLFLQWPVQ,1,4,603,1344,False
GDEWPQLLFLWWPEQ,1,1081,14,14,True
GDFEPWLLFLVGPKQ,1,137,39,48,False
GDFESVGVRGQRAGA,1,75,37,44,False
GDFFPLLLFLQGPRQ,1,31,119,142,False
GDFGPGLLFLLQPVQ,2,243,60,64,True
GDFGPLLLFLAGPVQ,1,243,60,64,False
GDFGPRLLFLTTRCR,1,1082,1,1,True
GDFIPLLLFLQFPGQ,1,1057,3,3,False
GDFKSGGVGGESAGA,2,140,7,10,False
GDFLPVLLFLQLPVQ,1,4,603,1344,False
GDFLPWLLFLQLPAQ,2,3,2229,22657,False
GDFMPCCCFWGARCR,1,1083,1,1,True
GDFMPLLLFLGWPVQ,2,243,60,64,False
GDFMPQLLFLWEAGA,1,1084,1,1,True
GDFNPACVVSKCPAQ,1,402,7,8,False
GDFNPALCVVKCRVL,3,102,1,3,True
GDFNPAVVLREIAGA,1,120,25,29,False
GDFNPFCVWRQSPGA,1,1085,2,2,True
GDFNPFFLLLKLPAQ,1,11,557,1905,False
GDFNPFGICVKLAGA,1,1086,1,1,True
GDFNPFGSCGNCRRR,1,110,6,8,False
GDFNPFLLFLKLPAQ,1,3,2229,22657,False
GDFNPFLLFLKRPTQ,1,3,2229,22657,False
GDFNPFLLFLKVPAQ,1,3,2229,22657,False
GDFNPFLLLLKFPAQ,2,39,164,242,False
GDFNPFLLLLKLPAQ,2,3,2229,22657,False
GDFNPFLLLLKVPAQ,1,11,557,1905,False
GDFNPFLVFLKMPAQ,1,3,2229,22657,False
GDFNPFLVLLKFPAQ,1,697,12,12,False
GDFNPFMFLLKWPAQ,1,528,24,31,False
GDFNPFMLFLKFPAQ,1,91,121,166,False
GDFNPFMLWLKVPAQ,1,165,80,105,False
GDFNPGCVLGKVPAQ,1,1087,4,4,True
GDFNPGRQEVEKAGA,1,280,17,19,False
GDFNPHVGGCKVPGA,1,1063,3,3,False
GDFNPHVVSAKSRRR,1,1088,4,4,True
GDFNPISAGSKGRRR,1,1089,2,2,True
GDFNPKRRRGKWPAQ,1,10,1116,1855,False
GDFNPLFFFFKVPAQ,1,25,160,263,False
GDFNPLFLLLKLPAQ,1,11,557,1905,False
GDFNPLFLLLKVPAQ,1,11,557,1905,False
GDFNPLFLLLKWPAQ,1,11,557,1905,False
GDFNPLFLVLKFPAQ,2,11,557,1905,False
GDFNPLGFGSKGPAQ,1,109,21,26,False
GDFNPLLFLLKLPAQ,1,3,2229,22657,False
GDFNPLLGASKARRR,1,1090,1,1,True
GDFNPLLIFLKVPAQ,3,19,348,758,False
GDFNPLLLFLKFPAQ,2,3,2229,22657,False
GDFNPLLLLLKFPAQ,1,3,2229,22657,False
GDFNPLLLLLKLPAQ,2,3,2229,22657,False
GDFNPLLLLLKWPAQ,2,124,39,45,False
GDFNPLLLMLKVPAQ,2,19,348,758,False
GDFNPLLLWLKVPAQ,1,19,348,758,False
GDFNPLLMLLKWPAQ,1,19,348,758,False
GDFNPLLVFLKLPAQ,1,3,2229,22657,False
GDFNPLSIVLKVPAQ,1,19,348,758,False
GDFNPLVGWVKCRRR,1,282,8,9,False
GDFNPLWFGWKGRRR,1,1089,2,2,False
GDFNPMLLFLKFPAQ,1,3,2229,22657,False
GDFNPMMGVGENAGA,1,1091,4,4,True
GDFNPMSFVLKWPAQ,1,704,10,10,False
GDFNPMVRRRKGPAQ,1,18,393,562,False
GDFNPNGRRRKRPAQ,1,18,393,562,False
GDFNPNRRRRKGPAQ,1,18,393,562,False
GDFNPPFWVLEIAGA,1,1092,4,4,True
GDFNPPLRRLQNPGA,1,45,8,12,False
GDFNPQGWRRKVPAQ,1,18,393,562,False
GDFNPQLFMVKLPAQ,1,966,6,6,False
GDFNPRMRRRKVPAQ,1,440,22,23,False
GDFNPSFGWLKVPAQ,2,11,557,1905,False
GDFNPSGMGKSPGAG,1,1093,1,1,True
GDFNPTSGGWKFPAQ,1,1094,2,2,True
GDFNPTVWVQEKPGA,1,1095,1,1,True
GDFNPVGLV*KGRRR,1,1096,2,2,True
GDFNPVSLVGKWPRR,1,1096,2,2,False
GDFNPWFLFLKLPAQ,1,3,2229,22657,False
GDFNPWFLWLKVPAQ,1,11,557,1905,False
GDFNPWLFLLKLPAQ,1,3,2229,22657,False
GDFNPWLIFLKVPAQ,4,3,2229,22657,False
GDFNPWLILMKFPAQ,1,1066,5,5,False
GDFNPWLLFLAQPKQ,1,1,1197,10527,False
GDFNPWLLFLKFPAQ,7,3,2229,22657,False
GDFNPWLLFLKGPAQ,1,3,2229,22657,False
GDFNPWLLFLKHPRQ,1,3,2229,22657,False
GDFNPWLLFLKKPKQ,3,0,1628,17219,False
GDFNPWLLFLKLPAQ,33,3,2229,22657,False
GDFNPWLLFLKMPAQ,3,3,2229,22657,False
GDFNPWLLFLKQPRQ,1,3,2229,22657,False
GDFNPWLLFLKSPAQ,4,3,2229,22657,False
GDFNPWLLFLKVPAQ,30,3,2229,22657,False
GDFNPWLLFLKWPAQ,8,3,2229,22657,False
GDFNPWLLFLLVPVQ,1,243,60,64,False
GDFNPWLLFLQAPPQ,3,86,30,39,False
GDFNPWLLFLQLPMQ,2,3,2229,22657,False
GDFNPWLLFLQMPAQ,8,3,2229,22657,False
GDFNPWLLFLQRPLQ,1,9,239,562,False
GDFNPWLLFLQSPVQ,1,3,2229,22657,False
GDFNPWLLFLQVPQQ,1,3,2229,22657,False
GDFNPWLLFLQVPSQ,1,3,2229,22657,False
GDFNPWLLFLQVPVQ,37,3,2229,22657,False
GDFNPWLLFLQVPYQ,1,15,198,343,False
GDFNPWLLFLQWPVQ,2,15,198,343,False
GDFNPWLLFLRKPKQ,1,7,629,1764,False
GDFNPWLLFLRKPRQ,1,7,629,1764,False
GDFNPWLLFLRMPEQ,1,12,343,758,False
GDFNPWLLFLRMPNQ,2,12,343,758,False
GDFNPWLLFLRQPKQ,1,1,1197,10527,False
GDFNPWLLFLRQPVQ,1,130,94,113,False
GDFNPWLLFLRRPSQ,1,12,343,758,False
GDFNPWLLFLSQPVQ,2,243,60,64,False
GDFNPWLLFLSTPQQ,1,3,2229,22657,False
GDFNPWLLLLKLPAQ,6,3,2229,22657,False
GDFNPWLLLLKVPAQ,3,3,2229,22657,False
GDFNPWLLMLKWPAQ,1,3,2229,22657,False
GDFNPWLLWLKFPAQ,1,3,2229,22657,False
GDFNPWLLWLKLPAQ,11,3,2229,22657,False
GDFNPWLLWLKMPAQ,1,3,2229,22657,False
GDFNPWLLWLKVPAQ,20,3,2229,22657,False
GDFNPWLVFLKFPAQ,3,3,2229,22657,False
GDFNPWLVFLKLPAQ,3,3,2229,22657,False
GDFNPWLVFLKVPAQ,7,3,2229,22657,False
GDFNPWLVFLKWPAQ,1,3,2229,22657,False
GDFNPWLVLLKLPAQ,1,3,2229,22657,False
GDFNPWLVWLKLPAQ,2,3,2229,22657,False
GDFNPWLVWLKRPAQ,1,19,348,758,False
GDFNPWLVWLKVPAQ,6,19,348,758,False
GDFNPWLWLLKVPAQ,1,3,2229,22657,False
GDFNPWLWWLKVPAQ,1,19,348,758,False
GDFNPWMLFLKLPAQ,3,3,2229,22657,False
GDFNPWMLFLKVPAQ,4,3,2229,22657,False
GDFNPWMLWLKVPAQ,2,165,80,105,False
GDFNPWMVFLKFPAQ,1,155,109,133,False
GDFNPWVLVVKGPGA,1,1097,2,2,True
GDFNPYFLFLKVPAQ,1,11,557,1905,False
GDFNPYFLLLKLPAQ,1,11,557,1905,False
GDFNPYLFFLKWPAQ,1,3,2229,22657,False
GDFNPYLIFLKFPAQ,1,3,2229,22657,False
GDFNPYLLFLKLPAQ,1,3,2229,22657,False
GDFNPYLLFLKVPAQ,1,3,2229,22657,False
GDFNPYLLFLRSPKQ,1,12,343,758,False
GDFNPYLLFLSQPRQ,1,2,509,4610,False
GDFNPYLLFLTQPQQ,1,2,509,4610,False
GDFNPYLLLKLPAQG,1,152,12,19,False
GDFNPYLLLLKIPAQ,1,11,557,1905,False
GDFNPYLLLLKLPAQ,1,3,2229,22657,False
GDFNPYLVLLKLPAQ,1,3,2229,22657,False
GDFNPYLWVLKRPAQ,1,1098,5,5,True
GDFNRCASW*KCRRR,1,1099,2,2,True
GDFNRPAAAGNARRR,1,726,6,6,False
GDFNRPAACGKSRRR,1,779,3,3,False
GDFNRSSCWGNGRRR,1,122,12,17,False
GDFNSQGWRRKRPAQ,1,18,393,562,False
GDFQPLLLFLEWPVQ,1,56,210,255,False
GDFQPMLLFLSQPLQ,1,243,60,64,False
GDFRPLLLFLQWPVQ,1,4,603,1344,False
GDFRPLLLFLRLPGQ,1,31,119,142,False
GDFRPQLLFLLWPAQ,1,242,52,57,False
GDFRPRLLFLFQPYQ,1,242,52,57,False
GDFRPSLLFLGLPKQ,1,523,7,8,False
GDFSRCCCFWGGRSR,1,1056,7,7,False
GDFTPQLLFLKVPKQ,1,1100,5,5,True
GDFVPWLLFLQMPVQ,1,56,210,255,False
GDFWPILLFLGQPPQ,1,243,60,64,False
GDFWPLLLFLLVPLQ,1,31,119,142,False
GDFWPQLLFLVLPEQ,1,1081,14,14,False
GDFWPVLLFLQFPAQ,1,53,100,123,False
GDFWPYLLFLKVPQQ,1,1100,5,5,False
GDGAPGLLFLTWPVQ,1,243,60,64,False
GDGAPLLLFLGVPVQ,1,31,119,142,False
GDGAPVLLFLQWPVQ,2,15,198,343,False
GDGAPWLLFLSQPAQ,1,242,52,57,False
GDGAVPAVSVGAEAG,1,1101,2,2,True
GDGCPLLLFLWLPMQ,1,31,119,142,False
GDGCPWLLFLVARRR,1,1102,1,1,True
GDGDPALLFLLQRPR,1,1103,1,1,True
GDGDPIAAVSGQAVA,1,244,36,38,False
GDGDPSSCIGKVPAQ,1,1104,1,1,True
GDGDPVAAVSAVAGA,1,244,36,38,False
GDGEAVAAVSGVAGA,1,244,36,38,False
GDGEMPGAGFWRRNC,1,276,4,5,False
GDGEPGLLFLGRPRQ,1,852,19,19,False
GDGEPGLLFLQSPKQ,1,221,41,45,False
GDGEPWLLFLQWPGQ,2,15,198,343,False
GDGESAGEVVERAGA,1,1105,5,5,True
GDGESAHEEEEKAGA,1,277,78,85,False
GDGESDEEEEQKAGA,1,277,78,85,False
GDGESDGGEGEKAGA,1,632,8,8,False
GDGESDLEDEESAGA,1,1106,1,1,True
GDGESDVGEEERAGA,1,625,14,15,False
GDGESEGEEEERAGA,2,81,24,32,False
GDGESEGEG*KGRRG,1,1107,1,1,True
GDGESEGQGGERAGA,1,141,34,41,False
GDGESGEEEGQRAVA,1,1108,1,1,True
GDGESGERDRQSAGA,1,592,5,6,False
GDGESGGGVGQSAGA,1,1055,3,3,False
GDGESGGVRGERAGA,1,103,71,80,False
GDGESGQRVREIPGA,1,1109,1,1,True
GDGESGVVGVQKAGA,1,1110,4,4,True
GDGESVEEGGQRAGA,1,141,34,41,False
GDGESVEVVEERAGA,1,261,3,4,False
GDGESVGEQEERAGA,2,47,4,9,False
GDGFPALLFLWQPFQ,1,1111,10,10,True
GDGFPLLLFLQYPEQ,1,31,119,142,False
GDGFPVLLFLAQPVQ,1,1111,10,10,False
GDGGAGAAVSGQAEA,1,244,36,38,False
GDGGAGAAVSVGAEA,1,1112,6,6,True
GDGGAVAAVSDVAGA,1,244,36,38,False
GDGGP*LLFLVGPVQ,1,31,119,142,False
GDGGPALLFLGQPGQ,1,1111,10,10,False
GDGGPALLFLKQPWQ,1,1111,10,10,False
GDGGPCLLFLGGPVQ,1,852,19,19,False
GDGGPFLLFLQWPGQ,1,1053,8,8,False
GDGGPFLLFLVVPFQ,1,241,14,16,False
GDGGPGAAVSDRAGA,1,244,36,38,False
GDGGPGAAVSGGAGA,1,244,36,38,False
GDGGPGAAVSVGAGA,1,1112,6,6,False
GDGGPGLAVSVRAGA,1,244,36,38,False
GDGGPGLAVSVRPGP,1,1113,2,2,True
GDGGPGLFWRARCRV,1,1114,1,1,True
GDGGPGLLFLAGPGQ,1,31,119,142,False
GDGGPGLLFLDVPQQ,1,31,119,142,False
GDGGPGLLFLEGPVQ,1,243,60,64,False
GDGGPGLLFLKVPGQ,1,31,119,142,False
GDGGPGLLFLLSPVQ,1,243,60,64,False
GDGGPGLLFLQCPPQ,1,243,60,64,False
GDGGPGLLFLQGAGA,1,17,13,27,False
GDGGPGLLFLQLPEQ,1,243,60,64,False
GDGGPGLLFLQLPLQ,1,243,60,64,False
GDGGPGLLFLQWPLQ,1,637,44,44,False
GDGGPGLLFLRQPQQ,1,243,60,64,False
GDGGPGLLFLTQPNQ,1,243,60,64,False
GDGGPGLLFLVGPGQ,1,31,119,142,False
GDGGPGLLFLVLPGQ,1,31,119,142,False
GDGGPGLLFLWVPVQ,1,243,60,64,False
GDGGPGLLFLYGPGR,1,17,13,27,False
GDGGPGLLFSVRAGA,1,851,3,3,False
GDGGPGLLVSVPAGA,1,529,4,5,False
GDGGPGPAVSGRAGP,1,244,36,38,False
GDGGPILLFLQWPPQ,1,15,198,343,False
GDGGPLAAVSAQPDP,1,1115,1,1,True
GDGGPLLLFLCGRGR,1,17,13,27,False
GDGGPLLLFLKKPKQ,1,0,1628,17219,False
GDGGPLLLFLLLPQQ,1,31,119,142,False
GDGGPLLLFLQEPLQ,1,31,119,142,False
GDGGPLLLFLQLPVQ,1,4,603,1344,False
GDGGPLLLFLQWPAQ,1,15,198,343,False
GDGGPLLLFLQWPGQ,1,31,119,142,False
GDGGPLLLFLQWPLQ,1,637,44,44,False
GDGGPLLLFLQWPVQ,3,4,603,1344,False
GDGGPLLLFLWGPGQ,1,31,119,142,False
GDGGPLLLFLWQPLQ,1,41,88,103,False
GDGGPMLLFLGGPGQ,4,31,119,142,False
GDGGPMLLFLVGPLQ,1,31,119,142,False
GDGGPQLLFLGGPRQ,1,852,19,19,False
GDGGPQLLFLQSPVQ,1,221,41,45,False
GDGGPQLLFLWMPVQ,2,243,60,64,False
GDGGPQLLFLWWPVQ,1,1081,14,14,False
GDGGPRLLFLEGPNQ,1,852,19,19,False
GDGGPRLLFLQWPVQ,1,15,198,343,False
GDGGPRLLFLWLPVQ,1,453,36,38,False
GDGGPRLLFLWVPKQ,1,138,47,50,False
GDGGPSLLFLSGPVQ,1,31,119,142,False
GDGGPTLLFLLSPGQ,1,31,119,142,False
GDGGPVAAVSGRAGA,2,244,36,38,True
GDGGPVLLFLMRPVQ,1,53,100,123,False
GDGGPVLLFLQWPGQ,1,637,44,44,False
GDGGPVLLFLQWPTQ,1,637,44,44,False
GDGGPVLLFLQWPVQ,1,637,44,44,False
GDGGPVLLFLWLPVQ,1,243,60,64,False
GDGGPWAAVSGRADA,1,244,36,38,False
GDGGPWLLFLAQPWQ,1,1,1197,10527,False
GDGGPWLLFLELPVQ,1,243,60,64,False
GDGGPWLLFLGGAGA,1,17,13,27,False
GDGGPWLLFLGLPVQ,1,243,60,64,False
GDGGPWLLFLGVPGQ,1,31,119,142,False
GDGGPWLLFLGVPVQ,1,243,60,64,False
GDGGPWLLFLKKPKQ,1,0,1628,17219,False
GDGGPWLLFLLGPLQ,1,31,119,142,False
GDGGPWLLFLLVPQQ,1,243,60,64,False
GDGGPWLLFLQGPVQ,1,31,119,142,False
GDGGPWLLFLQLPLQ,1,242,52,57,False
GDGGPWLLFLQLPVQ,2,4,603,1344,False
GDGGPWLLFLQVPGQ,1,31,119,142,False
GDGGPWLLFLQVPVQ,2,56,210,255,False
GDGGPWLLFLQWPAQ,6,15,198,343,False
GDGGPWLLFLQWPPQ,1,15,198,343,False
GDGGPWLLFLQWPSQ,1,15,198,343,False
GDGGPWLLFLQWPVQ,4,56,210,255,False
GDGGPWLLFLQYPMQ,1,242,52,57,False
GDGGPWLLFLSQPAQ,1,242,52,57,False
GDGGPWLLFLVLPSQ,1,603,15,16,False
GDGGPYLLFLQLPLQ,1,15,198,343,False
GDGGPYLLFLQWPVQ,1,15,198,343,False
GDGGPYLLFLQWPWQ,1,15,198,343,False
GDGGRACCFCRSRGR,1,113,15,19,False
GDGGRACCFWGCRGR,1,806,3,3,False
GDGGRCCCFWGGRCR,1,1056,7,7,False
GDGGRCCCFWGGRGR,1,1056,7,7,False
GDGGRGCCFWSGRCR,2,113,15,19,False
GDGGRSCCFCARRGR,1,1116,1,1,True
GDGGVAAVSDVAAAG,1,1117,2,2,True
GDGGVQRAGAGFWRR,1,1118,2,2,True
GDGIGGEGVKGRAGF,1,1119,1,1,True
GDGIRASAWGKSRRR,2,245,4,5,True
GDGIRGG*WANCRRR,1,1120,1,1,True
GDGIRGGGGGKGRRR,1,283,32,35,False
GDGIRGGGGSKGRLR,1,283,32,35,False
GDGIRGGWG*KGRRR,1,283,32,35,False
GDGIRGWGWGKSRRR,1,245,4,5,False
GDGIRR*GGGKGRRR,1,57,64,76,False
GDGIRRASAGNSRRR,1,1121,5,5,True
GDGIRRGGG*NARRR,1,74,6,11,False
GDGIRRGGGGKGRRR,1,57,64,76,False
GDGIRTSGSANGRRR,1,711,2,2,False
GDGKAGGG*KGRRRV,1,1122,3,3,True
GDGKSAGEHEERAGA,1,1105,5,5,False
GDGKSEEEGDERAGA,2,141,34,41,False
GDGKSEEEGEERAGA,2,141,34,41,False
GDGKSGDRQEERAGA,5,47,4,9,True
GDGKSGGLGGQSAGA,1,248,9,10,False
GDGKSGVVGGENAGA,1,1110,4,4,False
GDGKSVGLDGQSAGA,1,248,9,10,False
GDGLPFLLFLFQPRQ,1,819,6,6,False
GDGLPFLLFLQWPVQ,1,15,198,343,False
GDGLPLLCF*CCRGR,2,246,1,2,True
GDGLPLLLFLLLPQQ,1,31,119,142,False
GDGLPVLLFLQLPVQ,1,4,603,1344,False
GDGLPWLLFLKKPKQ,1,0,1628,17219,False
GDGLPWLLFLQLPLQ,1,221,41,45,False
GDGLPWLLFLQLPVQ,1,4,603,1344,False
GDGLPWLLFLQTPCQ,1,119,11,13,False
GDGLPWLLFLQWPIQ,1,15,198,343,False
GDGLPWLLFLQWPKQ,2,9,239,562,False
GDGLPWLLFLQWPVQ,2,56,210,255,False
GDGLPWLLFLSVPEQ,1,138,47,50,False
GDGLPWLLFLTAPQQ,1,60,17,24,False
GDGLPWLLFLVLPAQ,1,3,2229,22657,False
GDGLPWLLFLVQPLQ,1,156,79,85,False
GDGMPGLLFLTPPRQ,1,1123,5,5,True
GDGMPLLLFLQWPGQ,1,31,119,142,False
GDGMPSLLFLEVPEQ,1,1123,5,5,False
GDGMPSLLFLWLPQQ,1,1111,10,10,False
GDGNPACCMGKVPAQ,1,250,31,34,False
GDGNPAEREGERAGA,1,103,71,80,False
GDGNPAFDVNPLLLF,1,1124,1,1,True
GDGNPAFMGMKCPAR,1,1125,2,2,True
GDGNPAGAGGKCRRR,2,247,30,35,True
GDGNPAGGGGKGRRR,1,247,30,35,False
GDGNPAGGSWKGPAQ,2,111,39,45,False
GDGNPAGLDGQSAGA,2,248,9,10,True
GDGNPAGRRRKRPAQ,2,18,393,562,False
GDGNPAGRRVKWPAQ,1,18,393,562,False
GDGNPAGVCGKGPAQ,1,37,12,17,False
GDGNPALVRSKGRRR,2,249,3,4,True
GDGNPARGVVEIAGA,1,1126,11,11,True
GDGNPARLQEENAGA,1,1126,11,11,False
GDGNPARRCSKRPAQ,1,37,12,17,False
GDGNPARRRGEKAGA,1,105,23,25,False
GDGNPARRRRKGPAQ,1,18,393,562,False
GDGNPARVEVQRAGA,1,1126,11,11,False
GDGNPASRRRKGPAQ,1,18,393,562,False
GDGNPAVRRGKRPAQ,1,250,31,34,False
GDGNPAVWVGKVPAQ,2,250,31,34,True
GDGNPAWDVWPGAAV,1,1127,1,1,True
GDGNPAWREDERPGA,1,1128,2,2,True
GDGNPCFVVGKVPAQ,1,250,31,34,False
GDGNPCGFGGEIAGA,2,103,71,80,False
GDGNPCGGGRKGPAQ,1,256,19,21,False
GDGNPCGRGKRPAQG,1,1129,1,1,True
GDGNPDQQREESPGA,2,251,8,9,True
GDGNPDRRDEESPGA,1,251,8,9,False
GDGNPEEEEVEMAGA,1,1130,11,11,True
GDGNPEGEEEQMAGA,1,1130,11,11,False
GDGNPEGEGVQRAGA,1,935,3,3,False
GDGNPEGEVEERAGA,1,103,71,80,False
GDGNPEGGGGGKGRR,1,595,7,8,False
GDGNPEGLEEERAGA,1,26,107,135,False
GDGNPEGRGLEKAGA,1,105,23,25,False
GDGNPEGRGRKGPAQ,2,18,393,562,False
GDGNPEGRGVKRPAA,1,253,37,40,False
GDGNPEGRRRKGPAQ,1,18,393,562,False
GDGNPEGRRSKGPAQ,1,18,393,562,False
GDGNPEGRRWKGAGA,1,253,37,40,False
GDGNPEREEEERAGA,1,26,107,135,False
GDGNPERGRRKGPAQ,1,18,393,562,False
GDGNPERRGRKGPAQ,1,716,5,5,False
GDGNPERRGRRAGAG,1,1131,3,3,True
GDGNPERRRRKGPAR,1,18,393,562,False
GDGNPERRRRKRPAQ,1,10,1116,1855,False
GDGNPERRRRKSPAQ,1,10,1116,1855,False
GDGNPERRRSKRPAQ,1,10,1116,1855,False
GDGNPERRVRKGAGA,1,537,13,14,False
GDGNPERVVVERAGA,1,1126,11,11,False
GDGNPERWRGERAGA,1,103,71,80,False
GDGNPEVEDGESAGA,1,248,9,10,False
GDGNPEVEVQQRAGA,1,1132,3,3,True
GDGNPFCIVC_GPAQ,1,1133,1,1,True
GDGNPFSLSWNCRRR,1,1134,1,1,True
GDGNPFVGEGERAGA,1,26,107,135,False
GDGNPFVMFVKLPAQ,2,252,3,4,True
GDGNPGCGGCKLPAQ,1,1135,7,7,True
GDGNPGCVHEENAGA,1,103,71,80,False
GDGNPGCVVGQIAGA,1,103,71,80,False
GDGNPGCVWGNGRRR,1,1136,1,1,True
GDGNPGEEEEQKAGA,1,144,108,123,False
GDGNPGEEESAGAGF,1,257,6,7,False
GDGNPGEEGEERAGA,1,103,71,80,False
GDGNPGEERGERAGA,1,103,71,80,False
GDGNPGEGEGERAGA,1,103,71,80,False
GDGNPGEGGEERAGA,1,26,107,135,False
GDGNPGEGGRERAGA,1,103,71,80,False
GDGNPGEVGVERAGA,1,103,71,80,False
GDGNPGG*G*KGRRR,1,283,32,35,False
GDGNPGG*GGKGRRR,1,247,30,35,False
GDGNPGGCGSKGPAQ,1,109,21,26,False
GDGNPGGCSGKGPAQ,1,109,21,26,False
GDGNPGGEDGQRAGA,1,103,71,80,False
GDGNPGGEGEEMAGA,1,103,71,80,False
GDGNPGGEGGESAGA,1,103,71,80,False
GDGNPGGEGVERAGA,1,103,71,80,False
GDGNPGGGG*KMPAQ,1,256,19,21,False
GDGNPGGGGAKGRRR,1,146,35,40,False
GDGNPGGGGGKGRRR,2,247,30,35,False
GDGNPGGGGKGRSRV,1,1122,3,3,False
GDGNPGGGRRKRPAQ,1,256,19,21,False
GDGNPGGGSNGRRRV,1,1122,3,3,False
GDGNPGGGVWKVPAA,1,1137,1,1,True
GDGNPGGRG*KGRRR,1,283,32,35,False
GDGNPGGRIMKRPAQ,1,718,7,7,False
GDGNPGGRRGKGRRR,1,719,8,8,False
GDGNPGGRRRKGPAQ,2,18,393,562,False
GDGNPGGRRRKMPAQ,1,18,393,562,False
GDGNPGGRRSKGPAQ,1,18,393,562,False
GDGNPGGSGMKGPGA,1,267,3,4,False
GDGNPGGVGGERAGA,1,103,71,80,False
GDGNPGGVGGKGRRR,1,247,30,35,False
GDGNPGGVQGERAGA,3,103,71,80,True
GDGNPGGVRRKGPAQ,1,18,393,562,False
GDGNPGGVVERAGAG,1,104,6,8,False
GDGNPGGWCRKGPAQ,1,18,393,562,False
GDGNPGGWGVKVPGA,1,532,8,9,False
GDGNPGLGGRQRAGA,1,1138,5,5,True
GDGNPGLGR*KGRRR,1,249,3,4,False
GDGNPGLREGERAGA,1,103,71,80,False
GDGNPGLWWVKLPGA,1,532,8,9,False
GDGNPGMGGVKGPAQ,1,223,23,26,False
GDGNPGREGVEKAGA,1,280,17,19,False
GDGNPGRGGDEMAGA,1,1126,11,11,False
GDGNPGRGRGKGPAQ,1,111,39,45,False
GDGNPGRGVVKGPGA,1,532,8,9,False
GDGNPGRREEEKAGA,1,26,107,135,False
GDGNPGRREVEKAGA,1,105,23,25,False
GDGNPGRRGGKGPAQ,1,223,23,26,False
GDGNPGRRGIKRAGA,1,537,13,14,False
GDGNPGRRGRKGPAQ,1,18,393,562,False
GDGNPGRRGVKRPAQ,1,37,12,17,False
GDGNPGRRRGKRPAQ,1,535,29,30,False
GDGNPGRRRGQKPGA,1,281,38,42,False
GDGNPGRRRRKGPAQ,1,18,393,562,False
GDGNPGRRRRKRPAQ,1,10,1116,1855,False
GDGNPGRRRRKVPAQ,1,290,9,11,False
GDGNPGRRRSKGPAQ,1,18,393,562,False
GDGNPGRRRVKRPAQ,1,290,9,11,False
GDGNPGRRSRKGPGA,1,253,37,40,False
GDGNPGRRWLKGPAQ,1,355,8,9,False
GDGNPGRVVRERAGA,1,103,71,80,False
GDGNPGSGGMKGRRR,1,184,5,6,False
GDGNPGSGGVERAGA,1,1138,5,5,False
GDGNPGSWGEQSPGA,1,1139,1,1,True
GDGNPGVDVDERAGA,1,103,71,80,False
GDGNPGVEEGERAGA,1,103,71,80,False
GDGNPGVRGRERAGA,1,1138,5,5,False
GDGNPGVVLGEIVGA,1,103,71,80,False
GDGNPGVWRGKIPGA,1,218,13,14,False
GDGNPGWGCASNCRR,1,1140,1,1,True
GDGNPGWLHGEKPGA,1,1141,3,3,True
GDGNPGWLVLKWPAR,1,1142,1,1,True
GDGNPGWWRGKFPRR,1,1143,2,2,True
GDGNPHGWGWKGPAQ,1,109,21,26,False
GDGNPHRRDGERAGA,1,103,71,80,False
GDGNPIMRGVKGPAQ,1,223,23,26,False
GDGNPIRCRRKRPAQ,1,10,1116,1855,False
GDGNPIWRRRKRPAQ,1,10,1116,1855,False
GDGNPKGEEEERAGA,2,26,107,135,False
GDGNPKGEEGEKAGA,1,103,71,80,False
GDGNPKGGGGKGRRR,1,247,30,35,False
GDGNPKGGRGKGPAQ,1,502,20,21,False
GDGNPKGGRRKSAGA,1,253,37,40,False
GDGNPKGLGRKGPAQ,1,18,393,562,False
GDGNPKGMRRKVPAQ,1,18,393,562,False
GDGNPKGRGDEKAGA,1,280,17,19,False
GDGNPKGRGRKRPAR,1,253,37,40,False
GDGNPKGRGRKSRRR,1,247,30,35,False
GDGNPKGRMEKAGAG,3,104,6,8,True
GDGNPKGRMRKWPAQ,2,18,393,562,False
GDGNPKGRREERAGA,2,26,107,135,False
GDGNPKGRRGKGPAQ,2,18,393,562,False
GDGNPKGRRGKRPAQ,2,10,1116,1855,False
GDGNPKGRRRKGPAQ,5,18,393,562,False
GDGNPKGRRRKGPGR,1,253,37,40,False
GDGNPKGRRRKRPAQ,11,10,1116,1855,False
GDGNPKGRRRKRPGA,2,253,37,40,True
GDGNPKGRRRKVPAQ,1,18,393,562,False
GDGNPKGRWEERAGA,1,26,107,135,False
GDGNPKGRWRKRAGA,1,253,37,40,False
GDGNPKGSRRKRPAQ,1,253,37,40,False
GDGNPKGVGQQKAGA,1,280,17,19,False
GDGNPKGWEEERAGA,1,26,107,135,False
GDGNPKGWRRKRPAQ,1,187,29,32,False
GDGNPKGWRRKVRRR,1,1144,10,10,True
GDGNPKLGRHERAGA,1,26,107,135,False
GDGNPKMEDEQKAGA,1,1145,6,6,True
GDGNPKRCREEKAGA,1,281,38,42,False
GDGNPKRGEEEKAGA,1,26,107,135,False
GDGNPKRGGRKRPAQ,1,10,1116,1855,False
GDGNPKRGRRKGPAQ,1,10,1116,1855,False
GDGNPKRGRRKRPAQ,1,10,1116,1855,False
GDGNPKRRGRKGPAQ,3,10,1116,1855,False
GDGNPKRRGRKRPAQ,2,10,1116,1855,False
GDGNPKRRRGKGPAQ,1,535,29,30,False
GDGNPKRRRGKRPAQ,2,10,1116,1855,False
GDGNPKRRRRKGPAQ,3,10,1116,1855,False
GDGNPKRRRRKRPAQ,6,10,1116,1855,False
GDGNPKRRRRKWPAQ,1,10,1116,1855,False
GDGNPKRRRSKGPAQ,4,10,1116,1855,False
GDGNPKRRRVKGPAQ,1,10,1116,1855,False
GDGNPKRRSRKRPAQ,1,10,1116,1855,False
GDGNPKRRVRKRPAQ,1,10,1116,1855,False
GDGNPKRRWEEKAGA,1,281,38,42,False
GDGNPKRRWRKGPAQ,1,10,1116,1855,False
GDGNPKRRWRKWPAQ,1,10,1116,1855,False
GDGNPKRRWSKRPAQ,1,10,1116,1855,False
GDGNPKRWRMKRPGA,1,253,37,40,False
GDGNPKRWRRKGPAQ,1,10,1116,1855,False
GDGNPKSRWRKGPAQ,1,18,393,562,False
GDGNPKVEGEEKAGA,1,1145,6,6,False
GDGNPKVRGSKGPAQ,1,291,30,32,False
GDGNPKWLRGKGAGA,2,254,6,8,True
GDGNPKWMRGKVPAQ,1,250,31,34,False
GDGNPKWRGRKVPAQ,1,270,11,13,False
GDGNPLCLSGKRPAQ,1,111,39,45,False
GDGNPLGCGVKGRRR,1,184,5,6,False
GDGNPLLGLGKGPAQ,1,111,39,45,False
GDGNPLRGGWKVRRR,1,1146,6,6,True
GDGNPLRVWVKVPRR,1,1146,6,6,False
GDGNPLRWVGKVPGA,1,250,31,34,False
GDGNPLVEGGERAGA,1,258,2,3,False
GDGNPLVGGEERPGA,1,1147,4,4,True
GDGNPLVLLCKLPAA,1,124,39,45,False
GDGNPLVLLLKLPAQ,1,124,39,45,False
GDGNPLVQRENPGAG,1,1148,1,1,True
GDGNPLVRRGKVPAQ,1,250,31,34,False
GDGNPLVSWGKGPAQ,1,250,31,34,False
GDGNPLVVGGKWPAQ,1,124,39,45,False
GDGNPLVWGVERAGA,1,1147,4,4,False
GDGNPLWLICEIAGA,2,123,8,12,False
GDGNPMGGRSERAGA,1,50,45,49,False
GDGNPMGVGGKGPAQ,1,109,21,26,False
GDGNPMGVRWKGPAQ,1,18,393,562,False
GDGNPMRRRRKGPAQ,1,18,393,562,False
GDGNPMRRRSKSPAQ,1,535,29,30,False
GDGNPMVGVGKGPAQ,1,250,31,34,False
GDGNPMVSGWKRPAA,1,1149,1,1,True
GDGNPMWGRRERAGA,1,105,23,25,False
GDGNPMWGVVKRPAQ,1,1150,3,3,True
GDGNPNGGRRKGPAQ,1,18,393,562,False
GDGNPNGGVRKGRRR,1,146,35,40,False
GDGNPNRGRWKGPLR,1,1151,1,1,True
GDGNPNRRGRKVPRR,1,1146,6,6,False
GDGNPNRRRRKVPAQ,1,535,29,30,False
GDGNPPGVRSKGPAQ,1,18,393,562,False
GDGNPPGVSVEMPGA,1,1071,4,4,False
GDGNPPGWVVKWPAQ,1,108,17,20,False
GDGNPPRRRRKGPAQ,1,18,393,562,False
GDGNPPVCCEKAGAG,1,104,6,8,False
GDGNPQFMGVKGPAQ,1,223,23,26,False
GDGNPQFWGVEIPGA,1,932,4,4,False
GDGNPQGCGRKCAGA,1,720,4,4,False
GDGNPQGGSRKGPAQ,1,18,393,562,False
GDGNPQGGVRKWPAQ,1,256,19,21,False
GDGNPQGRGRKRPAQ,3,18,393,562,False
GDGNPQGRGRMKGPA,1,1152,2,2,True
GDGNPQGRRRKGPAQ,4,18,393,562,False
GDGNPQGRRRKRPAQ,5,18,393,562,False
GDGNPQGRSRKRPKQ,1,18,393,562,False
GDGNPQGRVLKVPAQ,1,724,6,6,False
GDGNPQGWSRKGPAQ,1,18,393,562,False
GDGNPQLGWGKGPAQ,1,111,39,45,False
GDGNPQRGRRKRPAQ,1,10,1116,1855,False
GDGNPQRRGRKGPAQ,1,18,393,562,False
GDGNPQRRGRKRPAQ,2,10,1116,1855,False
GDGNPQRRKQERAGA,1,287,24,26,False
GDGNPQRRRGKGPAQ,1,18,393,562,False
GDGNPQRRRGKRPAQ,2,10,1116,1855,False
GDGNPQRRRRKGPAQ,3,18,393,562,False
GDGNPQRRRRKMPAQ,1,18,393,562,False
GDGNPQRRRSKGPAQ,1,18,393,562,False
GDGNPQRRRSKRPAQ,1,10,1116,1855,False
GDGNPQRRWGQRAGA,1,271,7,8,False
GDGNPQRRWRKRPAQ,1,10,1116,1855,False
GDGNPQRWIVKGRRR,1,1153,2,2,True
GDGNPQRWRRKGPAQ,2,18,393,562,False
GDGNPQSMGMKWPAQ,1,1125,2,2,False
GDGNPQWRGRKGPAQ,1,18,393,562,False
GDGNPQWRRRKRPAQ,1,18,393,562,False
GDGNPQWWVFKWPAQ,1,250,31,34,False
GDGNPRA*GAKGRRR,1,310,3,4,False
GDGNPRAWGANGRRR,1,1154,3,3,True
GDGNPRCCSSNGRRR,1,930,3,3,False
GDGNPREEEEERPGA,1,1128,2,2,False
GDGNPREEGEEKAGA,1,1130,11,11,False
GDGNPRGEDEERAGA,1,103,71,80,False
GDGNPRGEEEERAGA,1,26,107,135,False
GDGNPRGEEESAGAG,1,104,6,8,False
GDGNPRGEEQERAGA,1,287,24,26,False
GDGNPRGGGAKGRRR,1,146,35,40,False
GDGNPRGGGGKGRRR,2,247,30,35,False
GDGNPRGGLGNARRR,1,259,11,12,False
GDGNPRGGRGKGPAQ,1,1067,10,10,False
GDGNPRGGRRKRPAQ,1,256,19,21,False
GDGNPRGQDEEKPGA,1,251,8,9,False
GDGNPRGRGGEKAGA,1,103,71,80,False
GDGNPRGRREERAGA,1,287,24,26,False
GDGNPRGRRGKGPAQ,2,18,393,562,False
GDGNPRGRRIKGAGA,1,253,37,40,False
GDGNPRGRRMKGPAQ,6,18,393,562,False
GDGNPRGRRRKGPAQ,5,18,393,562,False
GDGNPRGRRRKVPAQ,1,18,393,562,False
GDGNPRGRRRKWARR,1,1144,10,10,False
GDGNPRGRRSKGPAQ,1,356,19,23,False
GDGNPRGRRSKRPAQ,1,187,29,32,False
GDGNPRGRWRKGPAQ,1,18,393,562,False
GDGNPRGWFAKARRR,1,259,11,12,False
GDGNPRGWRGKWPAQ,1,1067,10,10,False
GDGNPRGWRRKRPAQ,1,187,29,32,False
GDGNPRGWRRQRAGA,1,253,37,40,False
GDGNPRGWVMKGAGA,1,1155,4,4,True
GDGNPRGWVVKGPAQ,1,108,17,20,False
GDGNPRQRVEEKAGA,1,105,23,25,False
GDGNPRRGEGERAGA,1,26,107,135,False
GDGNPRRGGRKVPAQ,1,256,19,21,False
GDGNPRRGRGKGPAQ,1,111,39,45,False
GDGNPRRGRRKRPAQ,1,10,1116,1855,False
GDGNPRRLRGKGRRR,1,82,47,54,False
GDGNPRRMSGKWPAQ,1,321,6,7,False
GDGNPRRREEESAGA,1,26,107,135,False
GDGNPRRRGRKGPAQ,3,18,393,562,False
GDGNPRRRRGKGPAQ,1,535,29,30,False
GDGNPRRRRMKGPAQ,1,291,30,32,False
GDGNPRRRRRKGPAG,2,18,393,562,False
GDGNPRRRRRKGPAQ,6,18,393,562,False
GDGNPRRRRRKGPAR,1,18,393,562,False
GDGNPRRRRRKGRRR,1,82,47,54,False
GDGNPRRRRRKRPAQ,1,10,1116,1855,False
GDGNPRRRRRKVPAQ,1,440,22,23,False
GDGNPRRRRSKGPAQ,1,356,19,23,False
GDGNPRRRRWKGPAQ,1,18,393,562,False
GDGNPRRRSEEKAGA,1,105,23,25,False
GDGNPRRRSRKRPAQ,1,10,1116,1855,False
GDGNPRRRWRKGPGA,1,537,13,14,False
GDGNPRRRWRKMPAQ,1,256,19,21,False
GDGNPRRSRRKGPAQ,1,18,393,562,False
GDGNPRRSRRKRPAQ,1,10,1116,1855,False
GDGNPRRWWWNSRRR,1,1154,3,3,False
GDGNPRSRGEERAGA,1,287,24,26,False
GDGNPRSRRDENGRR,2,255,2,3,True
GDGNPRVRRRKSPAQ,1,18,393,562,False
GDGNPRVWWIKWPAQ,1,250,31,34,False
GDGNPRWRRGKGPAQ,1,291,30,32,False
GDGNPRWRRRKRPAQ,1,10,1116,1855,False
GDGNPRWWVWKVAGA,1,1155,4,4,False
GDGNPSEVQEEKAGA,1,103,71,80,False
GDGNPSGCGGKGAGA,1,254,6,8,False
GDGNPSGEGEEKAGA,1,144,108,123,False
GDGNPSGGWRKSPAQ,1,256,19,21,False
GDGNPSGRERESAGA,1,617,7,9,False
GDGNPSGRGGKSPAQ,1,1156,13,13,True
GDGNPSGRRRKGPAQ,1,18,393,562,False
GDGNPSGRRRKRPAQ,1,18,393,562,False
GDGNPSGRRWKIPAQ,2,18,393,562,False
GDGNPSILVRKVPAQ,1,250,31,34,False
GDGNPSIRRRKGPAQ,1,18,393,562,False
GDGNPSMSRGKRPAQ,1,187,29,32,False
GDGNPSRCSGKSPAQ,1,1156,13,13,False
GDGNPSRGGLKGPAQ,1,355,8,9,False
GDGNPSRRREEMAGA,1,105,23,25,False
GDGNPSRRRRKRPAQ,2,10,1116,1855,False
GDGNPSRRRRKVAGA,1,105,23,25,False
GDGNPSSRRRKIPAQ,1,18,393,562,False
GDGNPTA*AGKSRRR,1,428,7,8,False
GDGNPTDLVVEIAGA,1,1126,11,11,False
GDGNPTGEVEERAGA,1,50,45,49,False
GDGNPTGGSGKGPAQ,1,111,39,45,False
GDGNPTGGVGESAGA,1,50,45,49,False
GDGNPTGRVCKGPRR,1,1157,3,3,True
GDGNPTGWMRKSRRR,1,1144,10,10,False
GDGNPTLGDVEKAGA,1,50,45,49,False
GDGNPTRSGVERAGA,1,50,45,49,False
GDGNPTRWGVKWPAQ,1,37,12,17,False
GDGNPTVIREEKPGA,1,105,23,25,False
GDGNPTWRRREKAGA,3,105,23,25,True
GDGNPVDVVGESAGA,1,413,20,21,False
GDGNPVGAAGKARRR,1,247,30,35,False
GDGNPVGEGGERPGA,1,103,71,80,False
GDGNPVGGFRKMPAQ,2,256,19,21,True
GDGNPVGGGHQIAGA,1,1138,5,5,False
GDGNPVGGRRKGPAQ,1,256,19,21,False
GDGNPVGGVLKVPAQ,1,724,6,6,False
GDGNPVGLGGERAGA,1,61,15,21,False
GDGNPVGLGRERAGA,1,61,15,21,False
GDGNPVGMWVKGPAQ,1,37,12,17,False
GDGNPVGREGQRAGA,1,103,71,80,False
GDGNPVGRGVKGPAQ,1,109,21,26,False
GDGNPVGRRGKRPAQ,1,1156,13,13,False
GDGNPVGRRWKMAGA,1,253,37,40,False
GDGNPVGSGGERAGA,1,103,71,80,False
GDGNPVGVESAGAGF,2,257,6,7,True
GDGNPVGWGCKVPAQ,1,109,21,26,False
GDGNPVGWGVQMAGA,1,589,6,7,False
GDGNPVIVEQQSPGA,3,106,1,3,True
GDGNPVLRDGEMAGA,1,1158,4,4,True
GDGNPVQEEEERAGA,1,26,107,135,False
GDGNPVRGGVQRPGA,1,924,4,4,False
GDGNPVRGWVERAGA,1,1126,11,11,False
GDGNPVRRGRKGPAQ,1,18,393,562,False
GDGNPVRVCVKFPAQ,6,37,12,17,True
GDGNPVRWVVKVPGA,1,532,8,9,False
GDGNPVSFLVKFPAQ,1,37,12,17,False
GDGNPVVCLGESAGA,1,937,3,3,False
GDGNPVVEGGERARR,2,258,2,3,True
GDGNPVVERAGAGFW,1,1159,2,2,True
GDGNPVVGGLQSAGA,1,61,15,21,False
GDGNPVVGLHEIAGA,1,64,33,38,False
GDGNPVVGVRERPGA,1,1147,4,4,False
GDGNPVWGGGKSRRR,1,247,30,35,False
GDGNPVWVEEKPGAG,1,1160,2,2,True
GDGNPWERGGERAGA,1,103,71,80,False
GDGNPWFGLVKVAGA,1,1161,2,2,True
GDGNPWGCGC*KGRR,1,620,2,3,False
GDGNPWGRWGKRPAQ,1,1156,13,13,False
GDGNPWGWRVKGPGA,1,253,37,40,False
GDGNPWLVRVEMAGA,1,1071,4,4,False
GDGNPWRWGMKVPAQ,1,250,31,34,False
GDGNPWRWGVKGPAQ,1,37,12,17,False
GDGNPWSRRRKGPAQ,1,18,393,562,False
GDGNPWVVLVKVPAQ,1,37,12,17,False
GDGNPWWWGLKGPAQ,1,223,23,26,False
GDGNPWWWMVKVPGA,1,1161,2,2,False
GDGNPWWWVVKGAGS,1,1155,4,4,False
GDGNPYRWRDEMPGA,1,1162,1,1,True
GDGNRRGGAAKARRR,2,259,11,12,True
GDGNRRGGAAKGRRR,1,259,11,12,False
GDGNRRGGGAKGRRR,1,259,11,12,False
GDGNRSGCCANSRRR,1,1163,1,1,True
GDGNRSGGGSRAGAG,1,1164,2,2,True
GDGNVVVVLERAGGR,1,1165,1,1,True
GDGQMPGAGFWRRNC,1,276,4,5,False
GDGQPALLFLAKPGQ,1,31,119,142,False
GDGQPCLLFLFLPQQ,1,284,25,28,False
GDGQPGLLFLGGRGR,13,17,13,27,True
GDGQPGLLFLGGRSR,3,17,13,27,False
GDGQPGLLFLTGPGQ,1,17,13,27,False
GDGQPLLLFLLVPVQ,1,31,119,142,False
GDGQPMCCFCCARCR,2,260,1,2,True
GDGQPQLLFLWWPSQ,1,1081,14,14,False
GDGQPVLLFPSRGRV,1,864,2,2,False
GDGQPWLLFLFDPSQ,1,522,12,14,False
GDGQPWLLFLQWPVQ,1,56,210,255,False
GDGQPWLLFLWGPIQ,1,31,119,142,False
GDGQSEEEVEERAGA,1,81,24,32,False
GDGQSGGQGGERAGA,1,103,71,80,False
GDGQSGGVVGEMAGA,1,103,71,80,False
GDGQSVRLVEEMAGA,2,261,3,4,True
GDGRGG*GGKCRRRV,1,1166,1,1,True
GDGRPGLLFLWLPVQ,1,243,60,64,False
GDGRPGLLVSVGPGP,1,1113,2,2,False
GDGRPLLLFLQWPLQ,1,15,198,343,False
GDGRPLLLFLQWPVQ,2,4,603,1344,False
GDGRPLLLFLRLPAQ,1,31,119,142,False
GDGRPLLLFLVQPVQ,1,357,26,27,False
GDGRPRRWF*GWWLP,4,66,2,5,True
GDGRPVLLFLGRPVQ,1,53,100,123,False
GDGRPWLLFLQVPVQ,1,242,52,57,False
GDGRPWLLFLQWPLQ,2,242,52,57,False
GDGRPWLLFLRTPQQ,1,7,629,1764,False
GDGVAGAAVSEGAGA,1,1112,6,6,False
GDGVPGAAVSGQADA,1,244,36,38,False
GDGVPGLAVSEVAGA,1,1167,2,2,True
GDGVPGLAVSGVAGA,1,1167,2,2,False
GDGVPGLLFLEVPVQ,1,648,4,4,False
GDGVPGLLFLEWPLQ,1,648,4,4,False
GDGVPGLLFLQLPGQ,1,31,119,142,False
GDGVPLLLFLFVPVQ,1,31,119,142,False
GDGVPLLLFLLRPGQ,1,31,119,142,False
GDGVPLLLFLQWPGQ,1,31,119,142,False
GDGVPLLLFLQWPVQ,2,4,603,1344,False
GDGVPRLLFLLLPVQ,1,243,60,64,False
GDGVPVAAVSGVPGA,1,244,36,38,False
GDGVPVLLFLQRPLQ,1,53,100,123,False
GDGVPVLLFLQWPGQ,1,15,198,343,False
GDGVPVLLFLQWPSQ,1,15,198,343,False
GDGVPVLLFLTQPKQ,1,1111,10,10,False
GDGVPWLLFLGVPRQ,1,852,19,19,False
GDGVPWLLFLQVPVQ,1,56,210,255,False
GDGVPWLLFLQWPRQ,1,15,198,343,False
GDGVPWLLFLQWPSQ,1,15,198,343,False
GDGVPWLLFLQWPVQ,1,56,210,255,False
GDGVPWLLFLRMPQQ,1,7,629,1764,False
GDGVPWLLFLTQPNQ,1,2,509,4610,False
GDGWAGAAVSGVAGA,1,244,36,38,False
GDGWAGAAVSVVPGA,1,750,2,2,False
GDGWPAAVSGAPGAG,1,1168,1,1,True
GDGWPFLLFLQLPKQ,1,31,119,142,False
GDGWPFLLFLRKPNQ,1,31,119,142,False
GDGWPFLLFLVQPVQ,1,241,14,16,False
GDGWPGLLFLKKPKQ,1,0,1628,17219,False
GDGWPGLLFLMMPQQ,1,31,119,142,False
GDGWPGLLFLQAPQQ,1,31,119,142,False
GDGWPGLLFLQWPVQ,2,73,128,146,False
GDGWPGLLFRCARRR,1,730,2,2,False
GDGWPGRPRRWF*GW,1,1169,1,1,True
GDGWPLLLFLDGPGQ,7,31,119,142,True
GDGWPLLLFLDGPLQ,1,31,119,142,False
GDGWPLLLFLGLPAQ,2,31,119,142,False
GDGWPLLLFLGLPGQ,1,31,119,142,False
GDGWPLLLFLQLPGQ,1,31,119,142,False
GDGWPLLLFLQLPLQ,2,31,119,142,False
GDGWPLLLFLQLPVQ,2,4,603,1344,False
GDGWPLLLFLQRPQQ,1,31,119,142,False
GDGWPLLLFLQWPGQ,1,31,119,142,False
GDGWPLLLFLQWPLQ,2,31,119,142,False
GDGWPLLLFLQWPVQ,2,31,119,142,False
GDGWPLLLFLVRPTQ,1,31,119,142,False
GDGWPLLLFLWLPVQ,1,31,119,142,False
GDGWPLLRFCSCRCR,1,1170,1,1,True
GDGWPMLLFLQLPVQ,2,4,603,1344,False
GDGWPMLLFLQWPFQ,1,29,67,92,False
GDGWPMLLFLWQPQQ,1,1111,10,10,False
GDGWPPLLFLQWPLQ,1,978,4,4,False
GDGWPQLLFLCAPAQ,1,29,67,92,False
GDGWPQLLFLRAPVQ,1,31,119,142,False
GDGWPQLLFLWAPLQ,1,1081,14,14,False
GDGWPRLLFLKKPKQ,1,0,1628,17219,False
GDGWPRLLFLLQPFQ,1,1111,10,10,False
GDGWPRLLFLQWPVQ,1,15,198,343,False
GDGWPVLLFLGLPVQ,1,31,119,142,False
GDGWPVLLFLQWPGQ,2,31,119,142,False
GDGWPVLLFLQWPLQ,1,53,100,123,False
GDGWPVLLFLQWPVQ,4,53,100,123,False
GDGWPWLLFLGVPLQ,1,29,67,92,False
GDGWPWLLFLLLPVQ,1,29,67,92,False
GDGWPWLLFLQFPVQ,1,29,67,92,False
GDGWPWLLFLQLPGQ,1,31,119,142,False
GDGWPWLLFLQLPIQ,1,29,67,92,False
GDGWPWLLFLQLPVQ,2,4,603,1344,False
GDGWPWLLFLQWPGQ,1,29,67,92,False
GDGWPWLLFLQWPVQ,2,29,67,92,False
GDGWPWLLFLSKPQQ,2,7,629,1764,False
GDGWPWLLFLWRPGQ,1,31,119,142,False
GDGWPYLLFLRWPVQ,1,15,198,343,False
GDHEPGLLFLDRAGA,2,262,1,2,True
GDHSPLLLFLLGPQQ,1,31,119,142,False
GDHSRTCCFWSSRRR,2,263,1,2,True
GDIESEGEEEEIAGA,2,99,134,161,False
GDIFPWLLFLQYPSQ,1,242,52,57,False
GDIIRGCSSGKAGAG,1,1171,1,1,True
GDIIRSASS*NCRRR,1,1172,5,5,True
GDIIRSASSAKCRRR,1,1172,5,5,False
GDINPAGGCWKSPAQ,1,1173,2,2,True
GDINPAGRSRKGPAQ,1,18,393,562,False
GDINPASGRQQSPGA,1,1174,1,1,True
GDINPCCGG*VPAQG,2,264,1,2,True
GDINPDGWSVRAGAG,1,1175,1,1,True
GDINPDRRRRKGPAQ,1,18,393,562,False
GDINPEGRSRKRPAQ,1,18,393,562,False
GDINPFLCGLKFPAQ,1,697,12,12,False
GDINPFLLFLRQPVQ,2,2,509,4610,False
GDINPGRDREESAGA,1,1176,5,5,True
GDINPKEGHVERAGA,1,50,45,49,False
GDINPKREGEEKPGA,1,281,38,42,False
GDINPKRRGRKRPAQ,1,10,1116,1855,False
GDINPKWEEEERAGA,1,26,107,135,False
GDINPLFFFLKVPAQ,1,155,109,133,False
GDINPLGIMLKVPAQ,1,1177,3,3,True
GDINPLGVDESAGAG,1,1178,2,2,True
GDINPLLWVLKLPGA,1,1179,3,3,True
GDINPMLLFLRQPKQ,1,2,509,4610,False
GDINPNRRRSKRPAQ,1,10,1116,1855,False
GDINPPCCLLKFPAQ,1,900,6,6,False
GDINPPCGMEQRPGA,1,1180,1,1,True
GDINPPVGIWKGPAQ,1,585,3,4,False
GDINPQGWGRKGPAQ,1,18,393,562,False
GDINPQIRRRKRPAQ,1,18,393,562,False
GDINPQRGRRKWPAQ,1,18,393,562,False
GDINPQRRGGKGRRR,1,82,47,54,False
GDINPQWFSRKMPAQ,1,1181,4,4,True
GDINPRGRGRKCPGA,1,253,37,40,False
GDINPRGRRRKLPAQ,1,18,393,562,False
GDINPRGRRWERAGA,1,287,24,26,False
GDINPRGVQVEIAGA,1,103,71,80,False
GDINPRGVQVERAGA,2,103,71,80,False
GDINPRRCVRERAGA,1,1182,3,3,True
GDINPRRRRSKWPAQ,1,1183,20,20,True
GDINPRVRMGEMAGA,1,1158,4,4,False
GDINPSGRSRKVPAQ,1,18,393,562,False
GDINPSICFGKSPAQ,1,153,12,14,False
GDINPSSCCSKGPAQ,1,732,3,3,False
GDINPSVRSVKGPGA,1,1097,2,2,False
GDINPTCVSRKFPAQ,1,49,14,21,False
GDINPTFGREKPGAG,1,1184,2,2,True
GDINPTGEQDERAGA,1,50,45,49,False
GDINPTGWMSKMPGA,1,1185,3,3,True
GDINPTLVEEEKAGA,1,1186,6,6,True
GDINPTREQQEKAGA,1,1186,6,6,False
GDINPTRRVRKMPAQ,1,270,11,13,False
GDINPTRWMRKRPAQ,1,1187,10,10,True
GDINPVRWRRKCPGA,1,1188,2,2,True
GDINPWFIFLKLPAQ,1,155,109,133,False
GDINPWLLFLAQPWQ,1,1,1197,10527,False
GDINPWLLFLKIPAQ,1,3,2229,22657,False
GDINPWLLFLKLPAQ,3,3,2229,22657,False
GDINPWLLFLKRPGQ,1,3,2229,22657,False
GDINPWLLFLKVPAQ,1,3,2229,22657,False
GDINPWLLFLNLPQQ,1,3,2229,22657,False
GDINPWLLFLQLPYQ,1,15,198,343,False
GDINPWLLFLQRPRQ,1,9,239,562,False
GDINPWLLFLQWPLQ,2,15,198,343,False
GDINPWLLFLVLPAQ,1,3,2229,22657,False
GDINPWLLFLVQPAQ,1,242,52,57,False
GDINPWLLFLVQPGQ,6,1,1197,10527,False
GDINPWLVFLKLPAQ,1,3,2229,22657,False
GDINPYLLFLRSPYQ,1,15,198,343,False
GDINPYLLFLSQPSQ,1,2,509,4610,False
GDIRPQLLFLQWPVQ,1,15,198,343,False
GDIWPNLLFLQWPKQ,1,15,198,343,False
GDKESAGQEQQRAGA,1,1189,3,3,True
GDKESDGEEQEKAGA,1,277,78,85,False
GDKESEEGGEESAGA,1,277,78,85,False
GDKESEELEEEKAGA,1,277,78,85,False
GDKESEGQEQQRAGA,1,1189,3,3,False
GDKGPWLLFLQWPVQ,1,56,210,255,False
GDKMPWLLFLTVPQQ,1,1123,5,5,False
GDKQPLLLFLQWPMQ,1,15,198,343,False
GDLAPLLLFLAQPWQ,1,1,1197,10527,False
GDLAPWLLFLQFPVQ,1,56,210,255,False
GDLESDRRHEESPGA,1,1190,3,3,True
GDLESVGVVVERAGA,1,598,6,7,False
GDLFPSLLFLVVPVQ,1,1076,5,5,False
GDLGPGLLFLLEPVQ,1,243,60,64,False
GDLGPLCCF*SGRRR,1,1191,1,1,True
GDLGPLLLFLQFPVQ,1,4,603,1344,False
GDLGPLLLFLQWPAQ,1,15,198,343,False
GDLGPLLLFLQWPVQ,2,4,603,1344,False
GDLGPWLLFLQLPVQ,1,4,603,1344,False
GDLGPWLLFLQWPGQ,2,15,198,343,False
GDLGPWLLFLQWPVQ,1,56,210,255,False
GDLHPVLCFCWCRRR,1,1192,1,1,True
GDLHP_LLFLSNPWQ,3,107,1,3,True
GDLIRRSSS*KCRRR,1,200,5,6,False
GDLKPWLLFLQLPLQ,1,242,52,57,False
GDLLPLLLFLQLPGQ,1,268,11,12,False
GDLLPLLLFLQWPEQ,1,15,198,343,False
GDLLPLLLFLWAPLQ,1,48,50,61,False
GDLLPVLLFLQWPVQ,2,15,198,343,False
GDLLPWLLFLQLPAQ,1,242,52,57,False
GDLNP*LLFLVSPIQ,1,14,52,95,False
GDLNPAACG*KCRRR,1,247,30,35,False
GDLNPAGAGKCRRRV,1,1193,3,3,True
GDLNPALVGIKLPAQ,2,265,6,7,True
GDLNPAMVEEERAGA,1,1186,6,6,False
GDLNPARGGGKRPAQ,1,265,6,7,False
GDLNPARVQEERAGA,1,103,71,80,False
GDLNPASVVSKVPAQ,1,250,31,34,False
GDLNPAVLFRKLPAQ,1,191,17,19,False
GDLNPEVVEQEMPGA,1,8,25,98,False
GDLNPEWRRGKGPAQ,1,18,393,562,False
GDLNPFWCSGKLPAQ,2,266,6,7,True
GDLNPGCVVFKCPAQ,1,1074,5,5,False
GDLNPGFGLDQIAGA,1,1194,2,2,True
GDLNPGGAAGKARRR,1,247,30,35,False
GDLNPGGMGMKWPAQ,1,1195,4,4,True
GDLNPGRGGLEMPGA,1,1196,1,1,True
GDLNPGRWGLKGPAQ,1,355,8,9,False
GDLNPGSFGMKFPGA,2,267,3,4,True
GDLNPGWWVVGQNAG,1,1197,1,1,True
GDLNPIWRRGKIPAQ,1,266,6,7,False
GDLNPKGWVWKARRK,1,1198,2,2,True
GDLNPKREQEERAGA,1,26,107,135,False
GDLNPKRRSGKRPAQ,1,10,1116,1855,False
GDLNPLCLLFKFPAQ,1,1066,5,5,False
GDLNPLCVFFKMPAQ,2,219,41,49,False
GDLNPLFLLVKGRRR,1,481,2,3,False
GDLNPLFLVWKLPAQ,2,191,17,19,False
GDLNPLIGGCKVPGR,1,1063,3,3,False
GDLNPLIVVGKSPAQ,1,1199,3,3,True
GDLNPLLFLFKLPAQ,1,265,6,7,False
GDLNPLLFRMKMPAQ,1,1200,2,2,True
GDLNPLLLFLQLPVQ,1,4,603,1344,False
GDLNPLVCGANGRRR,1,958,3,3,False
GDLNPLVGLGENAGA,1,125,21,23,False
GDLNPLWWGGQRAGA,1,271,7,8,False
GDLNPLWWGVKGPAQ,1,108,17,20,False
GDLNPMCRRRESAGA,1,105,23,25,False
GDLNPMG*GGKGRRR,1,247,30,35,False
GDLNPMGRGGQRAGA,1,271,7,8,False
GDLNPMWLGVQRAGA,1,1201,5,5,True
GDLNPMWVHVQMPGA,1,1201,5,5,False
GDLNPPWGVSKFPAQ,1,108,17,20,False
GDLNPRGWVDRPGAG,1,1202,1,1,True
GDLNPRLCGVKIAGA,1,1203,2,2,True
GDLNPRVMVLKVPAQ,1,49,14,21,False
GDLNPRVYM*NCRRR,1,1204,1,1,True
GDLNPRWRGWKGPGA,1,291,30,32,False
GDLNPSCCVVQMPGA,1,1205,1,1,True
GDLNPSCVIWEMAGA,1,1206,2,2,True
GDLNPSGRSRKGPAQ,1,18,393,562,False
GDLNPSRRQHENPGA,1,1207,3,3,True
GDLNPSVILWKLPAQ,1,191,17,19,False
GDLNPVRAAAGNARR,1,1208,1,1,True
GDLNPVVSC*KCRRR,1,743,5,5,False
GDLNPWFLLLKWPAQ,1,11,557,1905,False
GDLNPWGVGCKGPAQ,1,108,17,20,False
GDLNPWGWGVERAGA,1,50,45,49,False
GDLNPWGWVVKFPAQ,3,108,17,20,True
GDLNPWLIFLKFPAQ,1,3,2229,22657,False
GDLNPWLLFLAQPWQ,2,1,1197,10527,False
GDLNPWLLFLKFPAQ,2,3,2229,22657,False
GDLNPWLLFLKLPAQ,10,3,2229,22657,False
GDLNPWLLFLKMPAQ,1,3,2229,22657,False
GDLNPWLLFLKQPVQ,1,1,1197,10527,False
GDLNPWLLFLKVPAQ,8,3,2229,22657,False
GDLNPWLLFLKWPAQ,3,3,2229,22657,False
GDLNPWLLFLMGPQQ,1,7,629,1764,False
GDLNPWLLFLMRPKQ,1,9,239,562,False
GDLNPWLLFLQLPGQ,1,3,2229,22657,False
GDLNPWLLFLQLPIQ,1,3,2229,22657,False
GDLNPWLLFLQLPMQ,1,3,2229,22657,False
GDLNPWLLFLQLPNQ,2,3,2229,22657,False
GDLNPWLLFLQLPQQ,1,3,2229,22657,False
GDLNPWLLFLQLPVQ,18,4,603,1344,False
GDLNPWLLFLQLPWQ,1,1,1197,10527,False
GDLNPWLLFLQWPKQ,1,9,239,562,False
GDLNPWLLFLRLPSQ,1,3,2229,22657,False
GDLNPWLLFLRMPRQ,1,7,629,1764,False
GDLNPWLLFLSQPRQ,1,1,1197,10527,False
GDLNPWLLFLSQPVQ,1,1,1197,10527,False
GDLNPWLLFLSRPRQ,1,6,143,456,False
GDLNPWLLFLTLPQQ,1,3,2229,22657,False
GDLNPWLLFLTVPAQ,1,14,52,95,False
GDLNPWLLFLVQPKQ,2,1,1197,10527,False
GDLNPWLLFLVQPVQ,3,1,1197,10527,False
GDLNPWLLFLVRPKQ,2,9,239,562,False
GDLNPWLLFLVRPQQ,4,7,629,1764,False
GDLNPWLLFLYRPQQ,1,7,629,1764,False
GDLNPWLLLLKFPAQ,1,3,2229,22657,False
GDLNPWLLLLKLPAQ,1,3,2229,22657,False
GDLNPWLLWLKGPAQ,1,3,2229,22657,False
GDLNPWLLWLKLPAQ,1,3,2229,22657,False
GDLNPWLLWLKVPAQ,1,165,80,105,False
GDLNPWLLWLKWPAQ,1,3,2229,22657,False
GDLNPWLVFLKIPAQ,2,3,2229,22657,False
GDLNPWLVVGERAGA,1,103,71,80,False
GDLNPWLWLLKLPAQ,1,3,2229,22657,False
GDLNPWLWWVKVPAQ,1,108,17,20,False
GDLNPWMLFLKWPAQ,1,91,121,166,False
GDLNPWQVVVESPGA,1,189,4,5,False
GDLNPWVEHQSAGAG,1,1209,1,1,True
GDLNPWWGGLKGPAQ,1,291,30,32,False
GDLNRCGGG*KCRRR,1,283,32,35,False
GDLNSVGGQVESPGA,1,1210,1,1,True
GDLQPLLLFLLRPQQ,1,284,25,28,False
GDLQPQLLFLVWPVQ,2,56,210,255,False
GDLQPWLLFLFGPGQ,1,31,119,142,False
GDLQPWLLFLRQPSQ,1,130,94,113,False
GDLRPEAAVSGRGRG,1,1211,1,1,True
GDLRPLLLFLSKPQQ,1,640,16,16,False
GDLRPQLLFLFAPGQ,1,647,10,10,False
GDLRPVLLFLQCPLQ,1,242,52,57,False
GDLRPVLLFLQWPVQ,1,15,198,343,False
GDLRPVLLFLWLPQQ,1,1212,17,17,True
GDLRPYLLFLQWPVQ,1,15,198,343,False
GDLSPFLLFLQWPFQ,1,15,198,343,False
GDLSPQLLFLWWPQQ,1,1081,14,14,False
GDLTPLLLFLMQPQQ,1,156,79,85,False
GDLVPGLLFLQWPGQ,1,1053,8,8,False
GDLVPLLLFLQWPVQ,1,4,603,1344,False
GDLVPQLLFLQWPWQ,1,15,198,343,False
GDLVPVAAVSVLPGA,1,1213,3,3,True
GDLVPWLLFLQLPLQ,1,242,52,57,False
GDLVPWLLFLQWPAQ,1,242,52,57,False
GDLVPWLLFLQWPGQ,1,546,32,37,False
GDLWPFLLFLLLPVQ,1,243,60,64,False
GDLWPLLAVSARAGP,1,1214,2,2,True
GDLWPLLLFLGFPGR,1,268,11,12,False
GDLWPLLLFLQLPCR,2,268,11,12,True
GDLWPLLLFLQWPVQ,1,268,11,12,False
GDLWPPLLFLQWPRQ,1,15,198,343,False
GDLWPQLLFLLFPGQ,1,790,4,4,False
GDLWPQLLFLRGPQQ,1,20,111,133,False
GDLWPSLLFLAQPWQ,1,1,1197,10527,False
GDLWPVLLFLQRPSQ,1,53,100,123,False
GDLWPWLLFLAQPWQ,1,1,1197,10527,False
GDLWPYLLFLQWPVQ,1,15,198,343,False
GDLYPQLLFLFGPQQ,1,118,35,41,False
GDMESDGQHGESAGA,1,1215,1,1,True
GDMESEEQEEERAGA,1,277,78,85,False
GDMESVVVVVEIAGA,2,167,83,87,False
GDMGPWLLFLQLPVQ,1,4,603,1344,False
GDMGPWLLFLQWPDQ,1,9,239,562,False
GDMIRRS*ASNSRRR,1,1121,5,5,False
GDMIRRWGGGNCRRR,1,1050,9,9,False
GDMIRS*SCGKCRSR,1,1216,1,1,True
GDMKSDEQEEERPGA,1,1217,3,3,True
GDMKSEEGEEQKAGA,1,277,78,85,False
GDMLPLLLFLLWPGQ,1,31,119,142,False
GDMLPWLLFLQSPAQ,1,242,52,57,False
GDMNP*GGGGKGRRR,1,146,35,40,False
GDMNPAGGRGQSAGA,1,248,9,10,False
GDMNPAGQDQENAGA,1,1218,5,5,True
GDMNPAGVGEERAGA,1,103,71,80,False
GDMNPAMGIGKVPAQ,1,250,31,34,False
GDMNPAMWMRKGRRR,1,483,4,5,False
GDMNPARRRRKMPAQ,1,10,1116,1855,False
GDMNPASEQEEMPGA,1,1219,1,1,True
GDMNPDELHGERPGA,1,1141,3,3,False
GDMNPEEGVDEKAGA,2,269,4,6,True
GDMNPEGRRRKGPAQ,1,18,393,562,False
GDMNPEGVVGQIPGA,1,1220,3,3,True
GDMNPEGWVLKGPAQ,1,108,17,20,False
GDMNPERRRRKGPAQ,1,18,393,562,False
GDMNPERRVEGKGRR,1,1221,2,2,True
GDMNPGGLDREIAGA,1,1218,5,5,False
GDMNPKGC*GKSRRR,1,1222,2,2,True
GDMNPKGRRVESAGA,1,280,17,19,False
GDMNPKLRSSKRPAR,1,1223,5,5,True
GDMNPKMGDEERAGA,1,26,107,135,False
GDMNPKMREGAKGRR,1,1224,1,1,True
GDMNPKMRRSKGAGA,1,254,6,8,False
GDMNPKRRGRKRPAQ,1,10,1116,1855,False
GDMNPKRRRGKGPGA,1,253,37,40,False
GDMNPKRRRLKGPAQ,1,10,1116,1855,False
GDMNPKRRRRERAGA,1,105,23,25,False
GDMNPKRWSWKRPAQ,1,143,35,40,False
GDMNPKSRRRKGPAQ,1,18,393,562,False
GDMNPLCRVRKVPAQ,2,270,11,13,True
GDMNPLCWGLKVPAQ,1,270,11,13,False
GDMNPLGVQREMAGA,2,103,71,80,False
GDMNPLGVQVESAGA,3,103,71,80,False
GDMNPLVSVERAGAG,1,1225,1,1,True
GDMNPMGWSGKGPGR,1,1226,1,1,True
GDMNPMVVEGERAGA,1,103,71,80,False
GDMNPNRMRRKRPAQ,1,10,1116,1855,False
GDMNPNRRRRKVPAQ,1,270,11,13,False
GDMNPPGGGGKGRRR,1,146,35,40,False
GDMNPPIGMVKRRRV,1,1227,1,1,True
GDMNPPRWRCKGAGA,1,1228,3,3,True
GDMNPPSRRGKRPAQ,1,535,29,30,False
GDMNPPVWSRKSRRR,1,1088,4,4,False
GDMNPQEEQEEKAGA,1,269,4,6,False
GDMNPQGGKAGAGFW,1,1229,1,1,True
GDMNPQGMVGEKAGA,1,269,4,6,False
GDMNPQGRRGKRPAQ,1,18,393,562,False
GDMNPQGRRRAGAGF,1,1230,1,1,True
GDMNPQGRRRKGPAQ,2,18,393,562,False
GDMNPQRCREERAGA,1,318,4,5,False
GDMNPQRRVVKKAGA,1,1231,1,1,True
GDMNPQRRWRKWPAQ,2,18,393,562,False
GDMNPQWEDEESAGA,1,318,4,5,False
GDMNPRG*GGKGRRR,1,247,30,35,False
GDMNPRGGGGEMAGA,1,1232,5,5,True
GDMNPRGRRRKGPAQ,1,18,393,562,False
GDMNPRGRRRKRPAQ,1,18,393,562,False
GDMNPRGWRGKRPGA,1,253,37,40,False
GDMNPRMDQVESAGA,1,1233,2,2,True
GDMNPRRGLRKGPAQ,1,1234,22,22,True
GDMNPRRRRRKGPAQ,1,1234,22,22,False
GDMNPRRRVVKVPAQ,1,270,11,13,False
GDMNPRVRLGESAGA,1,193,8,10,False
GDMNPRVVQRESAGA,1,1233,2,2,False
GDMNPRWRRSEKAGA,1,105,23,25,False
GDMNPRWVGIKGPAQ,1,291,30,32,False
GDMNPSGRRIKGPGA,1,253,37,40,False
GDMNPSRWGGQRAGA,2,271,7,8,True
GDMNPSV*AGKGRRR,1,933,4,4,False
GDMNPSWRMMKGRRR,1,483,4,5,False
GDMNPSWSMRKIPAQ,1,1235,1,1,True
GDMNPTCCLCKVPGA,2,272,2,4,True
GDMNPTGRRRKRPAQ,1,18,393,562,False
GDMNPTGRSSKGPAQ,1,18,393,562,False
GDMNPTREEEERAGA,1,26,107,135,False
GDMNPTRGLRKGPAQ,1,1234,22,22,False
GDMNPTRRWRKGPAQ,1,1234,22,22,False
GDMNPTSIIRKVPAA,1,1236,1,1,True
GDMNPTSVSRKRRRR,1,225,3,4,False
GDMNPVGCGFKGPAQ,3,109,21,26,True
GDMNPVGRRRKGPAQ,1,18,393,562,False
GDMNPVVVMGEIAGA,1,413,20,21,False
GDMNPVWSWWQIPGA,1,1237,1,1,True
GDMNPWLLFLGRPRQ,1,9,239,562,False
GDMNPWLLFLHNPAQ,1,3,2229,22657,False
GDMNPWLLFLKFPAQ,1,3,2229,22657,False
GDMNPWLLFLKLPAQ,1,3,2229,22657,False
GDMNPWLLFLKMPAQ,8,3,2229,22657,False
GDMNPWLLFLKVPAQ,2,3,2229,22657,False
GDMNPWLLFLKWPAQ,6,3,2229,22657,False
GDMNPWLLFLQVPAQ,2,9,239,562,False
GDMNPWLLFLRLPQQ,1,7,629,1764,False
GDMNPWLLFLRQPSQ,1,1,1197,10527,False
GDMNPWLLFLRQPTQ,8,1,1197,10527,False
GDMNPWLLFLRRPAQ,1,9,239,562,False
GDMNPWLLFLRRPVQ,1,9,239,562,False
GDMNPWLLFLRTPQQ,1,7,629,1764,False
GDMNPWLLFLVQPRQ,2,1,1197,10527,False
GDMNPWLLMLKWPAQ,1,3,2229,22657,False
GDMNPWVLVVKVPAQ,1,108,17,20,False
GDMNSAGQDVESAGA,1,1218,5,5,False
GDMNSALQQLEKPGA,1,1238,1,1,True
GDMQPQLLFLWWPAQ,1,1081,14,14,False
GDMSCCCFCGCRRRV,1,1239,1,1,True
GDMTPTLLVSAEPVA,1,1240,1,1,True
GDMVPLLLFLRSPKQ,1,54,100,139,False
GDMVPWLLFLQLPVQ,1,4,603,1344,False
GDMWPLLLFLQQPKQ,1,9,239,562,False
GDMWPMLLFLQWPVQ,1,15,198,343,False
GDMWPWLLFLLWPGQ,1,29,67,92,False
GDNAPWLLSGGAVAG,1,1241,2,2,True
GDNESELRDGERAGA,1,1242,1,1,True
GDNMPQLLFLKWPQQ,1,199,16,17,False
GDNPKRCRREKAGAG,1,1243,1,1,True
GDNQPFLLFLTWPRQ,1,819,6,6,False
GDNQPLLLFLWKPRQ,1,48,50,61,False
GDPGPRLLFWRGRAR,1,1244,1,1,True
GDPMPGLLFLTLPQQ,1,1123,5,5,False
GDPTRACCFCPTRPG,2,273,1,2,True
GDQAPWLLFLQLPVQ,1,4,603,1344,False
GDQESDGEEEERAGA,1,99,134,161,False
GDQGPLLLFLWKPRQ,1,48,50,61,False
GDQGPVLLFLDTPGQ,1,274,20,21,False
GDQGPVLLFLRMPNQ,2,274,20,21,True
GDQHPLLLFLNFPQQ,1,48,50,61,False
GDQIPMLLFLRLPAQ,1,274,20,21,False
GDQKPGLLFLKQPKQ,1,208,7,9,False
GDQLPCLLFLVLPAQ,1,423,16,19,False
GDQLPLLLFLGWPQQ,1,48,50,61,False
GDQLPLLLFLLRPVQ,1,48,50,61,False
GDQLPRLLFLLLPLQ,1,48,50,61,False
GDQNPWLLFLKKPQQ,1,7,629,1764,False
GDQNPWLLFLQFPFQ,1,9,239,562,False
GDQNPWLLFLQLPVQ,1,4,603,1344,False
GDQQPACCFWPPRAR,2,275,1,2,True
GDQQPVLLFLKVPCQ,1,175,27,28,False
GDQQSGVEEVQKAGA,1,115,5,7,False
GDQRPGLLFLRGPVQ,1,243,60,64,False
GDQRPRLLFLAWPLQ,1,48,50,61,False
GDQRPVLLFLGGAGA,1,456,5,6,False
GDQRPVLLFLWDPQQ,1,1212,17,17,False
GDQSPLLLFLLWPQQ,1,48,50,61,False
GDQSPLLLFLWFPLQ,5,48,50,61,True
GDQVPFLLFLQLPLQ,2,48,50,61,False
GDQVPFLLFLRWPAQ,1,274,20,21,False
GDQVPLLLFLVQPVQ,1,48,50,61,False
GDQVPWLLFLQFPLQ,1,48,50,61,False
GDQVPWLLFLRWPVQ,1,130,94,113,False
GDQWPFLLFLPWPVQ,1,227,22,26,False
GDQWPFLLFLSLPGQ,1,31,119,142,False
GDQWPGLLFLLLPVQ,1,243,60,64,False
GDQWPGLLFLQWPVQ,1,73,128,146,False
GDQWPLLLFLGVPGQ,1,31,119,142,False
GDQWPLLLFLHLPVQ,1,4,603,1344,False
GDQWPLLLFLLMPVQ,1,31,119,142,False
GDQWPLLLFLRMPRQ,1,274,20,21,False
GDQWPLLLFLSVPVQ,1,31,119,142,False
GDQWPMQGSGAETVE,1,1245,4,4,True
GDQWPQLLF*SCRCR,1,210,4,5,False
GDQWPRLLFLQVPVQ,1,1076,5,5,False
GDQWPSLLFLMWPGQ,1,31,119,142,False
GDQWPSLLFLVLPAQ,1,227,22,26,False
GDQWPWLLFLAHPKQ,1,1246,13,13,True
GDQWPWLLFLGWPVQ,1,1246,13,13,False
GDQWPWLLFLNVPAQ,1,1246,13,13,False
GDQWPWLLFLQVPGQ,1,1246,13,13,False
GDQWPWLLFLVVPSQ,2,68,51,63,False
GDQWPWLLFLYGPMQ,1,1246,13,13,False
GDQYPWLLFLALPKQ,1,1246,13,13,False
GDRACCFCGCRCRVL,1,1247,1,1,True
GDRCPLLLFLQLPQQ,1,4,603,1344,False
GDRCPLLLFLRCRAG,1,1248,1,1,True
GDRCPYLLFLRRPTQ,1,212,27,30,False
GDRDAVAAVSAGAGP,1,1249,2,2,True
GDRESAGAGFWRRNC,2,276,4,5,True
GDRESAGEEEEKAGA,1,277,78,85,False
GDRESDGQEDERAGA,1,1189,3,3,False
GDRESEEEEEEKAGA,2,277,78,85,True
GDRESEEEEEERAGA,1,277,78,85,False
GDRESEEEEEESAGA,1,277,78,85,False
GDRESEEEEGERAGA,2,277,78,85,False
GDRESEEEGEERAGA,1,277,78,85,False
GDRESEEEQGKGPAQ,1,1250,1,1,True
GDRESEEQEVEKAGA,1,277,78,85,False
GDRESEGEEDQSPGA,1,293,10,12,False
GDRESEGGEDQNAGA,1,1251,4,4,True
GDRESEGQEEERAGA,1,277,78,85,False
GDRESEREEQERAGA,1,277,78,85,False
GDRESEVEEEERAGA,1,277,78,85,False
GDRESEVEGQERAGA,1,141,34,41,False
GDRESEVGGGGKCAQ,1,1252,1,1,True
GDRESGEEEEEKAGA,1,277,78,85,False
GDRESGEEVGRKGRR,1,1253,1,1,True
GDRESGGEEEERAGA,1,277,78,85,False
GDRESGGEEGERAGA,1,277,78,85,False
GDRESVGVVVESPGA,1,293,10,12,False
GDRESVQQEQEKAGA,1,277,78,85,False
GDRFPSLLFLWRPRR,1,1254,3,3,True
GDRGPFLLFLIRPQQ,1,96,48,56,False
GDRGPLLLFLQWPVQ,1,4,603,1344,False
GDRGPLLLFLYSPQQ,1,284,25,28,False
GDRGPRLLFLLWPQQ,1,243,60,64,False
GDRGPVLLFLGWPRQ,1,274,20,21,False
GDRGPVLLFLQWPAQ,1,637,44,44,False
GDRGPWLLFLQLPMQ,2,242,52,57,False
GDRGPWLLFLQLPVQ,1,4,603,1344,False
GDRGPWLLFLQWPVQ,1,56,210,255,False
GDRGPWLLFLQYPWQ,1,242,52,57,False
GDRGPWLLFLVQPDQ,1,241,14,16,False
GDRGPWLLFRASRPR,1,1255,1,1,True
GDRGPYLLFLTQPRQ,1,2,509,4610,False
GDRGRCCCFWCGRCR,1,113,15,19,False
GDRGRGCCFCSGRGR,1,113,15,19,False
GDRIRGGG*GKGRRR,1,283,32,35,False
GDRIRRGGAAKARRR,1,259,11,12,False
GDRIRSG*GGKGRRR,1,283,32,35,False
GDRIRWGGG*KGRRR,1,283,32,35,False
GDRKSAQVGGQRAGA,1,1256,2,2,True
GDRKSDEEEQEKAGA,1,277,78,85,False
GDRKSEEEEEEKAGA,1,277,78,85,False
GDRKSEEGGEQRAGA,1,1256,2,2,False
GDRKSEGEGEQKAGA,1,277,78,85,False
GDRLPGLLFLARPRQ,2,96,48,56,False
GDRLPLLLFLQLPVQ,1,4,603,1344,False
GDRLPLLLFLQWPVQ,2,4,603,1344,False
GDRLPMLLFLQLPNQ,1,424,27,28,False
GDRLPWLLFLASPPQ,1,284,25,28,False
GDRLPWLLFLGLPWQ,1,424,27,28,False
GDRLPWLLFLLQPQQ,1,424,27,28,False
GDRLPWLLFLQQPAQ,1,242,52,57,False
GDRLPWLLFLQWPVQ,3,56,210,255,False
GDRMPLLLFLQLPGQ,1,4,603,1344,False
GDRMPVLLFLLLPQQ,1,1212,17,17,False
GDRMPVLLFLRWPDQ,1,274,20,21,False
GDRNGCCF*TGRGRV,1,1257,1,1,True
GDRNP*LLFLKHPKQ,1,0,1628,17219,False
GDRNPACMCWKGPAQ,1,1173,2,2,False
GDRNPAEEEEERAGA,1,144,108,123,False
GDRNPAEEEVERAGA,1,1130,11,11,False
GDRNPAGCVWKARRR,1,1198,2,2,False
GDRNPAGEEDERAGA,1,50,45,49,False
GDRNPAGGRRKGPAQ,1,18,393,562,False
GDRNPAGRRGKRPAQ,1,10,1116,1855,False
GDRNPAGRRRKRPAQ,1,10,1116,1855,False
GDRNPAGVGGG*KGR,1,1258,1,1,True
GDRNPAIRSRKVPAQ,1,49,14,21,False
GDRNPARRGRKVAGA,1,491,11,12,False
GDRNPARRMRKLPAQ,1,10,1116,1855,False
GDRNPARRREEKAGA,1,281,38,42,False
GDRNPARRRRKGPAQ,2,10,1116,1855,False
GDRNPASGRSKRPAQ,1,1259,14,14,True
GDRNPASRRGKGPAQ,1,1259,14,14,False
GDRNPASWEEQMAGA,2,278,4,5,True
GDRNPAVEEEQRAGA,1,278,4,5,False
GDRNPAVVQVERPGA,2,279,7,8,True
GDRNPDDGVVQKPGA,1,1260,1,1,True
GDRNPDGQEEERAGA,1,50,45,49,False
GDRNPDRRRCKGPAQ,1,10,1116,1855,False
GDRNPDRRRMKRPAQ,1,10,1116,1855,False
GDRNPDRRRRKGPAQ,1,10,1116,1855,False
GDRNPDRSRRKSPAQ,1,10,1116,1855,False
GDRNPDSRRRKRPAQ,1,10,1116,1855,False
GDRNPDVVEGERAGA,1,8,25,98,False
GDRNPDVVEQEMAGA,2,8,25,98,False
GDRNPEEEERERAGA,1,1130,11,11,False
GDRNPEEEGEEKAGA,1,277,78,85,False
GDRNPEFGGRRPGAG,1,1131,3,3,False
GDRNPEGEAGGKGRR,1,1261,2,2,True
GDRNPEGEEEEKAGA,1,144,108,123,False
GDRNPEGEEEERAGA,2,144,108,123,False
GDRNPEGGEEERAGA,1,50,45,49,False
GDRNPEGREEERAGA,1,785,5,5,False
GDRNPEGRGMKVPAQ,1,291,30,32,False
GDRNPEGRGRKRPAQ,1,10,1116,1855,False
GDRNPEGRRGKGPAQ,1,18,393,562,False
GDRNPEGRRRKEAGA,1,253,37,40,False
GDRNPEGRRRKGPAQ,2,18,393,562,False
GDRNPEGRRRKRPAQ,4,10,1116,1855,False
GDRNPEGRSRKRPAQ,1,10,1116,1855,False
GDRNPEGRVEERAGA,1,287,24,26,False
GDRNPEREEEENAGA,2,144,108,123,False
GDRNPERREQEKPGA,1,281,38,42,False
GDRNPERRGRKRPAQ,1,10,1116,1855,False
GDRNPERRMRKGPAQ,1,10,1116,1855,False
GDRNPERRRGKGAGA,1,254,6,8,False
GDRNPERRRGKGPAQ,2,10,1116,1855,False
GDRNPERRRGKRPAQ,2,10,1116,1855,False
GDRNPERRRGKWPAQ,1,1183,20,20,False
GDRNPERRRRKGPAQ,11,10,1116,1855,False
GDRNPERRRRKMAGA,1,1262,15,15,True
GDRNPERRRRKRPAQ,2,10,1116,1855,False
GDRNPERRRRKWPAQ,1,10,1116,1855,False
GDRNPERRSRKRPAQ,1,10,1116,1855,False
GDRNPESRRGKLPAQ,1,1259,14,14,False
GDRNPEVEEEERAGA,1,144,108,123,False
GDRNPEVEGEERAGA,1,318,4,5,False
GDRNPEVSRRKGRRR,1,282,8,9,False
GDRNPEVVEVERAGA,1,279,7,8,False
GDRNPEWMWGNCRGF,1,1263,1,1,True
GDRNPEWRGMKGPGA,1,291,30,32,False
GDRNPFGRRRKSPAQ,1,18,393,562,False
GDRNPGDGEMPGAGF,1,1264,3,3,True
GDRNPGDQLEESPGA,1,251,8,9,False
GDRNPGEEEGQKAGA,1,144,108,123,False
GDRNPGEEGEQNAGA,1,1265,7,7,True
GDRNPGFRRWKMAGA,1,1262,15,15,False
GDRNPGGDEGEKAGA,1,144,108,123,False
GDRNPGGEEEERAGA,1,144,108,123,False
GDRNPGGGEEERAGA,1,50,45,49,False
GDRNPGGRRGKRPAQ,3,10,1116,1855,False
GDRNPGGRRRKGPAQ,2,18,393,562,False
GDRNPGGRRRKMPAQ,1,18,393,562,False
GDRNPGGRRRKRPAQ,3,10,1116,1855,False
GDRNPGGRRSKGPAQ,1,18,393,562,False
GDRNPGGWRGKRPAQ,1,187,29,32,False
GDRNPGGWSAKGRRR,1,33,19,29,False
GDRNPGMEEGERAGA,2,103,71,80,False
GDRNPGQEERAGAGF,1,1264,3,3,False
GDRNPGRCRRKCPAQ,1,10,1116,1855,False
GDRNPGREEEESAGA,1,144,108,123,False
GDRNPGREVEERAGA,1,144,108,123,False
GDRNPGRGGGKGRRR,1,283,32,35,False
GDRNPGRGRRKGPAQ,1,1234,22,22,False
GDRNPGRQGEERAGA,1,280,17,19,False
GDRNPGRRGGKRPAQ,1,10,1116,1855,False
GDRNPGRRGIKGPAQ,1,291,30,32,False
GDRNPGRRGRKGPAQ,1,10,1116,1855,False
GDRNPGRRQVESPGA,1,279,7,8,False
GDRNPGRRRMKGPAQ,1,10,1116,1855,False
GDRNPGRRRMKVPAQ,1,290,9,11,False
GDRNPGRRRRKGPAQ,3,10,1116,1855,False
GDRNPGRRRRKRPAQ,2,10,1116,1855,False
GDRNPGRRRSKGPAQ,1,1183,20,20,False
GDRNPGRRRWKGPAQ,1,10,1116,1855,False
GDRNPGRRRWKRPAQ,1,10,1116,1855,False
GDRNPGRRSRKGPAQ,1,10,1116,1855,False
GDRNPGSGSWKPGAG,1,1266,2,2,True
GDRNPGSRRRKRPAQ,1,10,1116,1855,False
GDRNPGVRRRKGPAQ,1,18,393,562,False
GDRNPGVVGGEMAGA,1,8,25,98,False
GDRNPGWRGIKGPAQ,1,291,30,32,False
GDRNPHGVSRKMAGA,1,1262,15,15,False
GDRNPHRRREERAGA,1,281,38,42,False
GDRNPHRRRRKVPAQ,1,10,1116,1855,False
GDRNPHVSVWKIPAQ,1,1267,1,1,True
GDRNPIDEEVERAGA,1,50,45,49,False
GDRNPIRRRSKRPAQ,1,10,1116,1855,False
GDRNPKEEEEERAGA,1,26,107,135,False
GDRNPKEVEEERAGA,2,26,107,135,False
GDRNPKGCRRKRPGA,1,253,37,40,False
GDRNPKGEDEEKPGA,1,281,38,42,False
GDRNPKGEEEERAGA,1,144,108,123,False
GDRNPKGEEQERAGA,1,50,45,49,False
GDRNPKGEEVERAGA,1,50,45,49,False
GDRNPKGEQEESAGA,1,144,108,123,False
GDRNPKGGEQERAGA,1,50,45,49,False
GDRNPKGGGAGKGRR,1,595,7,8,False
GDRNPKGGRGKIPAQ,1,502,20,21,False
GDRNPKGGRREQRAG,1,1268,3,3,True
GDRNPKGGRRKGPAQ,4,18,393,562,False
GDRNPKGGRSKRPAQ,1,1259,14,14,False
GDRNPKGGWRENAGA,1,280,17,19,False
GDRNPKGGWRKRPAQ,1,10,1116,1855,False
GDRNPKGMRGKGAGA,2,254,6,8,False
GDRNPKGMRRKRPAQ,1,10,1116,1855,False
GDRNPKGQEEERAGA,1,280,17,19,False
GDRNPKGQGVEKAGA,2,280,17,19,True
GDRNPKGREEEKAGA,1,144,108,123,False
GDRNPKGREGEKAGA,1,280,17,19,False
GDRNPKGRGGKGPAQ,1,1156,13,13,False
GDRNPKGRGGKGRRR,1,82,47,54,False
GDRNPKGRGRKGPAQ,1,18,393,562,False
GDRNPKGRGRKGRAQ,1,18,393,562,False
GDRNPKGRGRKRPAQ,1,10,1116,1855,False
GDRNPKGRMEKAGAG,1,104,6,8,False
GDRNPKGRMRKMPAQ,1,10,1116,1855,False
GDRNPKGRRGKGPAQ,4,18,393,562,False
GDRNPKGRRGKRPAQ,1,10,1116,1855,False
GDRNPKGRRGKWPAQ,1,10,1116,1855,False
GDRNPKGRRIKRPAQ,1,10,1116,1855,False
GDRNPKGRRIKWPAQ,1,10,1116,1855,False
GDRNPKGRRMKRPAQ,1,10,1116,1855,False
GDRNPKGRRRERAGA,2,253,37,40,False
GDRNPKGRRRKCPAQ,1,10,1116,1855,False
GDRNPKGRRRKGPAQ,19,10,1116,1855,False
GDRNPKGRRRKMPAQ,1,10,1116,1855,False
GDRNPKGRRRKRPAQ,15,10,1116,1855,False
GDRNPKGRRRKSPAQ,2,10,1116,1855,False
GDRNPKGRRRKSRAQ,1,10,1116,1855,False
GDRNPKGRRRKVPAQ,2,10,1116,1855,False
GDRNPKGRRSKRPAQ,1,10,1116,1855,False
GDRNPKGRRWKGPAQ,1,18,393,562,False
GDRNPKGRRWKVPAQ,1,10,1116,1855,False
GDRNPKGRSRKGPRR,1,1157,3,3,False
GDRNPKGRSRKGRRR,1,82,47,54,False
GDRNPKGRSRKRPAQ,1,10,1116,1855,False
GDRNPKGRWGKRPAQ,1,10,1116,1855,False
GDRNPKGRWRKRPAQ,1,10,1116,1855,False
GDRNPKGSRRKRPAQ,2,10,1116,1855,False
GDRNPKGVDGERAGA,1,103,71,80,False
GDRNPKGWMRKGPGA,1,253,37,40,False
GDRNPKGWRRKLPAQ,1,10,1116,1855,False
GDRNPKGWRRKVPAQ,1,10,1116,1855,False
GDRNPKIRGRKGPAQ,1,10,1116,1855,False
GDRNPKIRRRKSPAQ,1,10,1116,1855,False
GDRNPKMEGGGKGRR,1,1261,2,2,False
GDRNPKQEGEESAGA,2,280,17,19,False
GDRNPKQEVDESAGA,1,1269,2,2,True
GDRNPKREEEEKPGA,1,281,38,42,False
GDRNPKREEEERAGA,1,26,107,135,False
GDRNPKREEVEKAGA,1,280,17,19,False
GDRNPKREEVQRAGA,1,1270,12,12,True
GDRNPKRGRRKRPAQ,1,10,1116,1855,False
GDRNPKRGSRKRPAQ,1,10,1116,1855,False
GDRNPKRIRSKRPAQ,1,10,1116,1855,False
GDRNPKRRGCKSPAQ,1,10,1116,1855,False
GDRNPKRRGGKRPAQ,1,10,1116,1855,False
GDRNPKRRGPGKGRR,1,1221,2,2,False
GDRNPKRRRDEKAGA,1,281,38,42,False
GDRNPKRRREEKPGA,2,281,38,42,True
GDRNPKRRREQRAGA,1,281,38,42,False
GDRNPKRRRGEERAG,1,1268,3,3,False
GDRNPKRRRGERAGA,1,281,38,42,False
GDRNPKRRRGKRPAQ,1,10,1116,1855,False
GDRNPKRRRIKGPAQ,1,10,1116,1855,False
GDRNPKRRRLKVPAQ,1,10,1116,1855,False
GDRNPKRRRMKRPAQ,1,10,1116,1855,False
GDRNPKRRRREKAGA,2,281,38,42,False
GDRNPKRRRRERAGA,1,281,38,42,False
GDRNPKRRRRESAGA,2,281,38,42,False
GDRNPKRRRRKGPAQ,22,10,1116,1855,False
GDRNPKRRRRKGRRR,1,82,47,54,False
GDRNPKRRRRKLPAQ,1,10,1116,1855,False
GDRNPKRRRRKRPAQ,20,10,1116,1855,False
GDRNPKRRRRKSPAQ,1,10,1116,1855,False
GDRNPKRRRRKVPAQ,1,10,1116,1855,False
GDRNPKRRRSERAGA,1,281,38,42,False
GDRNPKRRRSKGPAQ,3,10,1116,1855,False
GDRNPKRRRSKMPGA,1,281,38,42,False
GDRNPKRRRSKRPAQ,1,10,1116,1855,False
GDRNPKRRRSKSAGA,1,1262,15,15,False
GDRNPKRRRWKGPAQ,4,10,1116,1855,False
GDRNPKRRRWKSPAQ,1,10,1116,1855,False
GDRNPKRRSEERAGA,1,281,38,42,False
GDRNPKRRSRKGPAQ,3,10,1116,1855,False
GDRNPKRRSRKRPAQ,2,10,1116,1855,False
GDRNPKRRVRKGPAQ,1,10,1116,1855,False
GDRNPKRSEEEKAGA,1,281,38,42,False
GDRNPKRSRQERAGA,1,281,38,42,False
GDRNPKRSRWKGAGA,1,254,6,8,False
GDRNPKRSRWKWPAQ,1,10,1116,1855,False
GDRNPKRVEVEMAGA,1,1270,12,12,False
GDRNPKRWRDERAGA,1,281,38,42,False
GDRNPKRWRRKGPAQ,2,10,1116,1855,False
GDRNPKRWRRKVPAQ,1,10,1116,1855,False
GDRNPKSEEEQRAGA,1,1270,12,12,False
GDRNPKSREEERAGA,1,26,107,135,False
GDRNPKSREQERAGA,1,287,24,26,False
GDRNPKSRRIKGRRR,1,82,47,54,False
GDRNPKSRRRKGPAQ,1,10,1116,1855,False
GDRNPKSRRRKRPAQ,2,10,1116,1855,False
GDRNPKVEEQERAGA,3,8,25,98,False
GDRNPKVEEQERAGE,1,1270,12,12,False
GDRNPKVGREEKAGA,1,281,38,42,False
GDRNPKVRRRKGPAQ,1,10,1116,1855,False
GDRNPKVRRRKRPAQ,1,10,1116,1855,False
GDRNPKVVEEERAGA,2,8,25,98,False
GDRNPKWGRSKRPAQ,2,10,1116,1855,False
GDRNPKWKGEESAGA,1,280,17,19,False
GDRNPKWRGGGKCRR,1,1271,3,3,True
GDRNPKWRGRKWAGA,1,491,11,12,False
GDRNPKWRRRKGPAQ,1,10,1116,1855,False
GDRNPKWSRGKRPAQ,1,10,1116,1855,False
GDRNPLGCVWKVPAQ,2,270,11,13,False
GDRNPLGVVWKGPAQ,1,133,14,17,False
GDRNPLGWGLESPGA,1,922,6,6,False
GDRNPLMGRKGPAQG,1,1272,1,1,True
GDRNPLRRRMKRPAQ,1,10,1116,1855,False
GDRNPLRWGEQRAGA,1,271,7,8,False
GDRNPLRWGSKRPAQ,1,553,9,10,False
GDRNPM*GGGKCRRR,1,484,7,8,False
GDRNPMGRRRKGPAQ,1,18,393,562,False
GDRNPMRRRGKRPAQ,1,10,1116,1855,False
GDRNPMRRRRKVPAQ,1,10,1116,1855,False
GDRNPMRRRWKRPAQ,1,10,1116,1855,False
GDRNPMWMRWKRPAQ,1,1150,3,3,False
GDRNPMWRSRKWPAQ,1,1181,4,4,False
GDRNPNGEEEERAGA,1,144,108,123,False
GDRNPNGGRGKGPAQ,1,18,393,562,False
GDRNPNGLEGQRPGA,1,1273,2,2,True
GDRNPNGRGMKVPAQ,1,291,30,32,False
GDRNPNGRRGKRPAQ,1,10,1116,1855,False
GDRNPNGRRRKRPAQ,2,10,1116,1855,False
GDRNPNGRSRKRPAQ,1,10,1116,1855,False
GDRNPNGWDEESAGA,1,607,8,9,False
GDRNPNIRRMKVPAQ,1,440,22,23,False
GDRNPNLSRRKGPAQ,1,18,393,562,False
GDRNPNQDEEESAGA,1,1176,5,5,False
GDRNPNRGAKGRRRV,1,1274,1,1,True
GDRNPNRGRRKRPAQ,1,10,1116,1855,False
GDRNPNRRSRKIPAQ,1,10,1116,1855,False
GDRNPNRRSSKGPAQ,1,1183,20,20,False
GDRNPNRYEGERAGA,1,1270,12,12,False
GDRNPNSRRWKIPAQ,1,58,12,16,False
GDRNPNWGGGGKGRR,1,1271,3,3,False
GDRNPPFFSGKGPAQ,1,111,39,45,False
GDRNPPGRGRKRPAQ,1,10,1116,1855,False
GDRNPPRVQGESAGA,1,103,71,80,False
GDRNPPSGIGKMPAQ,1,1259,14,14,False
GDRNPQCRIRKSPAQ,1,755,4,4,False
GDRNPQCSIWKSPAQ,1,755,4,4,False
GDRNPQDEQEERPGA,1,279,7,8,False
GDRNPQEEEEESAGA,1,144,108,123,False
GDRNPQEQGQEMAGA,1,280,17,19,False
GDRNPQGCGFKVPAQ,1,109,21,26,False
GDRNPQGEEGEKAGA,1,144,108,123,False
GDRNPQGGGGKGRRR,1,283,32,35,False
GDRNPQGGRGKRPAQ,1,1259,14,14,False
GDRNPQGGRRKGPAQ,1,18,393,562,False
GDRNPQGGRRKRPAQ,2,18,393,562,False
GDRNPQGRRGKGPAQ,1,18,393,562,False
GDRNPQGRRGKRPAQ,2,18,393,562,False
GDRNPQGRRRKGPAQ,4,18,393,562,False
GDRNPQGRRRKGPGA,2,18,393,562,False
GDRNPQGRRRKRPAQ,6,18,393,562,False
GDRNPQGRRRKSPAQ,2,18,393,562,False
GDRNPQGRRRKVPAQ,1,18,393,562,False
GDRNPQGRRRKWPAQ,2,18,393,562,False
GDRNPQGRRVKGPAQ,1,18,393,562,False
GDRNPQGRRWKMPAQ,1,18,393,562,False
GDRNPQGRSSKSPAQ,1,18,393,562,False
GDRNPQGVRRKRPAQ,1,18,393,562,False
GDRNPQGWRRKRPAQ,1,18,393,562,False
GDRNPQLRRRKRPAQ,2,10,1116,1855,False
GDRNPQMREVEKPGR,1,1275,1,1,True
GDRNPQRGRSKGPAQ,1,1259,14,14,False
GDRNPQRGRSKRPAQ,1,1259,14,14,False
GDRNPQRLWRKRPAQ,1,10,1116,1855,False
GDRNPQRREEEKAGA,1,281,38,42,False
GDRNPQRRGEKAGAG,1,104,6,8,False
GDRNPQRRGRKRPAQ,2,10,1116,1855,False
GDRNPQRRIRKRPAQ,1,10,1116,1855,False
GDRNPQRRRCKGPAQ,1,18,393,562,False
GDRNPQRRRGKGAGA,1,493,17,18,False
GDRNPQRRRGKRPAQ,1,10,1116,1855,False
GDRNPQRRRGKVPAQ,1,535,29,30,False
GDRNPQRRRRKGPAQ,13,10,1116,1855,False
GDRNPQRRRRKLPAQ,1,10,1116,1855,False
GDRNPQRRRRKRPAQ,5,10,1116,1855,False
GDRNPQRRRSKGPAQ,2,18,393,562,False
GDRNPQRRRSKGPAR,1,493,17,18,False
GDRNPQRRRSKRPAQ,1,10,1116,1855,False
GDRNPQRRSGKGRRR,1,82,47,54,False
GDRNPQRRSRGKGPA,1,1152,2,2,False
GDRNPQRRSRKGPAQ,1,18,393,562,False
GDRNPQRRSRKRPAQ,4,10,1116,1855,False
GDRNPQRRWRKRPAQ,2,10,1116,1855,False
GDRNPQRW*GKGRRR,1,1153,2,2,False
GDRNPQRWRRKGPAQ,1,18,393,562,False
GDRNPQRWRRKRPAQ,1,10,1116,1855,False
GDRNPQRWRVKRPAQ,1,10,1116,1855,False
GDRNPQVGIGKVPAQ,1,111,39,45,False
GDRNPQVGRRKGPAQ,1,18,393,562,False
GDRNPQVRRRKGPAQ,1,18,393,562,False
GDRNPQWGRGKWPAQ,1,111,39,45,False
GDRNPQWRRRKGPAQ,3,18,393,562,False
GDRNPQWRRRKRAGA,1,1262,15,15,False
GDRNPQWRRRKRPAQ,2,10,1116,1855,False
GDRNPRCRSGKARRR,1,1276,4,4,True
GDRNPREEGEERAGA,1,1265,7,7,False
GDRNPREVGVENAGA,1,280,17,19,False
GDRNPRFRRRKMPAQ,1,10,1116,1855,False
GDRNPRFSFGKLPAQ,1,1277,3,3,True
GDRNPRG*GAKGRRR,1,33,19,29,False
GDRNPRGASGKSRRR,1,1276,4,4,False
GDRNPRGEDDQKAGA,1,1145,6,6,False
GDRNPRGEEEEKAGA,1,144,108,123,False
GDRNPRGEEQEKPGA,1,144,108,123,False
GDRNPRGGG*KGRRR,1,283,32,35,False
GDRNPRGGGRKGAGA,1,537,13,14,False
GDRNPRGGRRKGPAQ,1,18,393,562,False
GDRNPRGREEERAGA,1,287,24,26,False
GDRNPRGREKAGAGF,1,257,6,7,False
GDRNPRGRGRKGPAQ,1,18,393,562,False
GDRNPRGRMRKRPAQ,2,10,1116,1855,False
GDRNPRGRQEERAGA,1,287,24,26,False
GDRNPRGRRGKGPAQ,1,18,393,562,False
GDRNPRGRRGKVPAQ,1,18,393,562,False
GDRNPRGRRMKRPAQ,1,10,1116,1855,False
GDRNPRGRRRKGPAQ,5,18,393,562,False
GDRNPRGRRRKMPAQ,1,18,393,562,False
GDRNPRGRRRKRPAQ,8,10,1116,1855,False
GDRNPRGRRRKWPAQ,1,18,393,562,False
GDRNPRGRRSKGPAQ,1,18,393,562,False
GDRNPRGRSRKRPAQ,1,10,1116,1855,False
GDRNPRGSIRKIPAQ,1,516,4,5,False
GDRNPRGSRKRPAQG,1,427,8,9,False
GDRNPRGSRRKRPAQ,1,10,1116,1855,False
GDRNPRGVRRKGPAQ,1,18,393,562,False
GDRNPRGVRRKWAGA,1,1262,15,15,False
GDRNPRGWRRKGPAQ,1,18,393,562,False
GDRNPRGWRRKRPAQ,1,10,1116,1855,False
GDRNPRKEEDQRAGA,1,1270,12,12,False
GDRNPRKEGEERAGA,1,1265,7,7,False
GDRNPRLGLVVQRAG,1,1278,1,1,True
GDRNPRMGFRKCPAQ,1,256,19,21,False
GDRNPRMRRWKVPAQ,1,440,22,23,False
GDRNPRQVQEEKAGA,1,515,5,7,False
GDRNPRRCGRKGPAQ,1,1234,22,22,False
GDRNPRREEEESAGA,1,144,108,123,False
GDRNPRRGGMKGPGA,1,1279,2,2,True
GDRNPRRGRRKWPAQ,1,1183,20,20,False
GDRNPRRIWWKGPAQ,1,1234,22,22,False
GDRNPRRLCFKGPAQ,1,1234,22,22,False
GDRNPRRREEERAGA,1,26,107,135,False
GDRNPRRRGEERAGA,2,281,38,42,False
GDRNPRRRGRKMPAQ,3,10,1116,1855,False
GDRNPRRRGRKRPAQ,2,10,1116,1855,False
GDRNPRRRKEEMAGA,1,281,38,42,False
GDRNPRRRMRKGPAQ,1,1234,22,22,False
GDRNPRRRRDERAGA,1,287,24,26,False
GDRNPRRRRGKRPAQ,1,10,1116,1855,False
GDRNPRRRRMKRPAQ,2,10,1116,1855,False
GDRNPRRRRRKGPAQ,12,10,1116,1855,False
GDRNPRRRRRKRPAQ,8,10,1116,1855,False
GDRNPRRRRWKGPAQ,1,1183,20,20,False
GDRNPRRSRWKGPGA,1,1279,2,2,False
GDRNPRRVRRKRPAQ,1,10,1116,1855,False
GDRNPRRWRGKGPAR,1,1067,10,10,False
GDRNPRRWRRKGPAQ,1,1234,22,22,False
GDRNPRRWRRKRPAQ,1,10,1116,1855,False
GDRNPRRWRRKWPAQ,1,1183,20,20,False
GDRNPRRWRVKGPAQ,2,143,35,40,False
GDRNPRRWRWKRPAQ,1,10,1116,1855,False
GDRNPRSFRWKGPRR,1,33,19,29,False
GDRNPRSGGMKGRRR,1,605,14,15,False
GDRNPRWRGRKGPAQ,1,291,30,32,False
GDRNPRWRRGKGPAQ,1,291,30,32,False
GDRNPRWRRSKRPAQ,1,1183,20,20,False
GDRNPRWRWGKWPAQ,1,291,30,32,False
GDRNPSAGAGSAGAG,1,1280,3,3,True
GDRNPSGGGAKGGAG,1,1281,1,1,True
GDRNPSGLGRKGPGR,1,1282,2,2,True
GDRNPSGLHLESAGA,1,1283,3,3,True
GDRNPSGRGRKGPGA,1,1282,2,2,False
GDRNPSGRMSKLPAQ,1,1156,13,13,False
GDRNPSGSEEEKAGA,1,144,108,123,False
GDRNPSGWRGKGPAQ,1,1067,10,10,False
GDRNPSRREEEKAGA,1,281,38,42,False
GDRNPSRRRGKGPAQ,1,10,1116,1855,False
GDRNPSRRRMKWPAQ,1,1183,20,20,False
GDRNPSRRRRKGPAQ,3,10,1116,1855,False
GDRNPSRRRRKRPAQ,1,10,1116,1855,False
GDRNPSRRSRKGPAQ,1,10,1116,1855,False
GDRNPSRRWRKSPAQ,1,10,1116,1855,False
GDRNPSRRWRKVPGA,1,1262,15,15,False
GDRNPSRVRRKRPAQ,1,10,1116,1855,False
GDRNPSRWRRKGPAQ,1,10,1116,1855,False
GDRNPSSRWVKGRRR,1,282,8,9,False
GDRNPSVWQEEKAGA,1,1284,2,2,True
GDRNPT*GGGKGRRR,1,605,14,15,False
GDRNPTEEDQESAGA,1,1269,2,2,False
GDRNPTFWIRKWPAQ,1,1187,10,10,False
GDRNPTGCI*KGRRR,1,283,32,35,False
GDRNPTGEEQESAGA,1,50,45,49,False
GDRNPTGELVERAGA,1,50,45,49,False
GDRNPTGEQEEKAGA,1,144,108,123,False
GDRNPTGFRRKRPAQ,1,10,1116,1855,False
GDRNPTGRGRKRPAQ,1,10,1116,1855,False
GDRNPTGRRGKGPAQ,1,18,393,562,False
GDRNPTGRRRKGPAQ,3,18,393,562,False
GDRNPTGRRRKGRRR,1,33,19,29,False
GDRNPTGRRRKRPAQ,2,10,1116,1855,False
GDRNPTGRSRKRPAQ,1,10,1116,1855,False
GDRNPTGRWRKRPAQ,2,10,1116,1855,False
GDRNPTGWELQRPGA,1,1273,2,2,False
GDRNPTGWRRKGPAQ,1,18,393,562,False
GDRNPTGWRRKRPAQ,1,1187,10,10,False
GDRNPTGWWRKRPAQ,1,1187,10,10,False
GDRNPTREEQQRAGA,1,1270,12,12,False
GDRNPTRFRGKSPAQ,1,1285,4,4,True
GDRNPTRGGRKGPAQ,1,1234,22,22,False
GDRNPTRGMGKIPAQ,1,1285,4,4,False
GDRNPTRGRGEIPGA,1,281,38,42,False
GDRNPTRGRGKRPAQ,2,10,1116,1855,False
GDRNPTRREEQKAGA,1,278,4,5,False
GDRNPTRREQERAGA,1,50,45,49,False
GDRNPTRRGRKGPAQ,1,10,1116,1855,False
GDRNPTRRGRKRPAQ,2,10,1116,1855,False
GDRNPTRRMRKGPAQ,1,1187,10,10,False
GDRNPTRRMRKRPAQ,1,1187,10,10,False
GDRNPTRRRRKGPAQ,1,10,1116,1855,False
GDRNPTRRRRKRPAQ,2,10,1116,1855,False
GDRNPTRRRRKSPAQ,2,10,1116,1855,False
GDRNPTRRRRKVPAQ,1,10,1116,1855,False
GDRNPTRRRWKGPAQ,2,10,1116,1855,False
GDRNPTRRSRKVPAA,2,49,14,21,False
GDRNPTRRWRKGPAQ,1,10,1116,1855,False
GDRNPTVREEENAGA,1,1186,6,6,False
GDRNPTVREVERAGA,1,50,45,49,False
GDRNPTVWQVERAGA,1,279,7,8,False
GDRNPTWRRGKRPAQ,1,1285,4,4,False
GDRNPTWRVEERAGA,1,105,23,25,False
GDRNPVAASAKGRRR,1,282,8,9,False
GDRNPVEEEEERAGA,1,144,108,123,False
GDRNPVEGEERAGAG,1,536,9,10,False
GDRNPVFGIGKLPAQ,1,1277,3,3,False
GDRNPVGGEGEKAGA,1,50,45,49,False
GDRNPVMRDGQKAGA,1,1145,6,6,False
GDRNPVRRRRKGPSQ,2,10,1116,1855,False
GDRNPVSVRGKLPAQ,1,1259,14,14,False
GDRNPVVGWIKGRRR,2,282,8,9,True
GDRNPVVIERERAGA,1,1286,2,2,True
GDRNPVVRMLESAGA,1,1283,3,3,False
GDRNPVWGWIKGPAQ,1,282,8,9,False
GDRNPWGEEEERAGA,1,144,108,123,False
GDRNPWGGGAKGRRR,1,146,35,40,False
GDRNPWGGRRKRPAQ,1,1259,14,14,False
GDRNPWGLRSKCRRR,1,1287,2,2,True
GDRNPWLLFLKLPAQ,1,3,2229,22657,False
GDRNPWLLFLQLPVQ,1,4,603,1344,False
GDRNPWLLFLRAPQQ,1,7,629,1764,False
GDRNPWLLFLVVPQQ,2,7,629,1764,False
GDRNPWRLGGKGRRR,2,82,47,54,False
GDRNPWRRGRKGPAQ,1,10,1116,1855,False
GDRNPWRRGRKRPAQ,1,10,1116,1855,False
GDRNPWRWRGKRPAQ,1,1285,4,4,False
GDRNPWRWRRKGPAQ,1,10,1116,1855,False
GDRNPWWRMGKMPAQ,1,1288,2,2,True
GDRNPYEEEEENAGA,1,1265,7,7,False
GDRNPYLLFLKLPAQ,1,3,2229,22657,False
GDRNPYLLFLMSPGQ,1,284,25,28,False
GDRNPYLLFLRKPQQ,1,7,629,1764,False
GDRNPYLLFLRRPNQ,1,2,509,4610,False
GDRNPYLLFLRRPQQ,1,7,629,1764,False
GDRNPYLLFLRVPKQ,1,0,1628,17219,False
GDRNPYLLFLVQPPQ,1,2,509,4610,False
GDRNP_EEGDERAGA,1,1265,7,7,False
GDRNRAA*AGKSRRR,1,1289,2,2,True
GDRNRGGGG*KGRRR,2,283,32,35,True
GDRNRGGGGGKCRRR,1,283,32,35,False
GDRNRRGGG*KGRRR,1,283,32,35,False
GDRNRRGGGAKGRRR,1,283,32,35,False
GDRNRRGGGGKGRRR,2,283,32,35,False
GDRNRWWG*ANARRR,1,1290,1,1,True
GDRNSGGGEGENAGA,1,1251,4,4,False
GDRNSRGGRRKGPAQ,1,18,393,562,False
GDRPPQLLFLWRPQQ,2,96,48,56,False
GDRQPELLFLMSPQQ,2,284,25,28,True
GDRQPLLLFLWVPIQ,1,48,50,61,False
GDRQSEDEQEQRGRR,1,1291,1,1,True
GDRQSEEEEDQKAGA,1,277,78,85,False
GDRRPLLLFLRWPVQ,1,54,100,139,False
GDRRPLLLFLVEPGP,1,68,51,63,False
GDRRPLLLFLWLPQQ,1,1212,17,17,False
GDRRPVLLFLRRPLQ,1,212,27,30,False
GDRRPWLLFLQWPVQ,1,56,210,255,False
GDRRPWLLFLQWPWQ,1,242,52,57,False
GDRSPDLLFLMTPWQ,1,284,25,28,False
GDRSPFLLFLWQPAQ,1,24,22,31,False
GDRTPLLLFLLVPQQ,1,284,25,28,False
GDRVPLLLFLLVPQQ,2,284,25,28,False
GDRVPRLLFLQWPAQ,1,15,198,343,False
GDRVPVLLFLAAPQQ,1,60,17,24,False
GDRVPVLLFLQLPRQ,1,1212,17,17,False
GDRWPELLFLLYPQQ,1,284,25,28,False
GDRWPLLLFLMQPMQ,1,31,119,142,False
GDRWPLLLFLQLPVQ,2,4,603,1344,False
GDRWPLLLFLQWPAQ,1,751,4,4,False
GDRWPLLLFLQWPGQ,1,31,119,142,False
GDRWPLLLFLQWPRQ,8,15,198,343,False
GDRWPLLLFLRGPRQ,1,31,119,142,False
GDRWPLLLFLRMPSQ,2,12,343,758,False
GDRWPLLLFLVAPNQ,1,31,119,142,False
GDRWPMLLFLQQPAQ,1,242,52,57,False
GDRWPMLLFLRAPWQ,1,212,27,30,False
GDRWPQLLFLWVPSQ,1,753,6,6,False
GDRWPWLLFLEQPVQ,1,24,22,31,False
GDRWPWLLFLWQPVQ,1,24,22,31,False
GDRWPWLLVSGSGRC,1,1292,1,1,True
GDSESAGLEGESAGA,1,293,10,12,False
GDSESDQEVEERAGA,1,429,4,5,False
GDSESDQGLEERAGA,1,625,14,15,False
GDSESEEEEGERAGA,2,141,34,41,False
GDSESEEEEQEKAGA,1,277,78,85,False
GDSESEEEVEERAGA,1,277,78,85,False
GDSESEEVEEQRAGA,1,277,78,85,False
GDSESEGEEEEIPGA,1,277,78,85,False
GDSESVGVRGEKAGA,1,1293,1,1,True
GDSGAVAAVSGGAVA,1,244,36,38,False
GDSGPWLLFLLRPQQ,1,243,60,64,False
GDSGPWLLFLQLPVQ,1,4,603,1344,False
GDSGQEEQQRAGAGF,2,285,1,2,True
GDSIRSASSANARRR,1,1172,5,5,False
GDSKPNLLFLMEPTQ,1,1294,4,4,True
GDSKSEDG*GGNGRR,1,1295,1,1,True
GDSKSEEEEGERPGA,1,1217,3,3,False
GDSLPQLLFLQAPQQ,1,96,48,56,False
GDSLPWLAVSVRAEA,1,1296,1,1,True
GDSMPLLLFLQWPAQ,1,374,38,39,False
GDSNPADEEGEKAGA,1,1297,2,2,True
GDSNPAGRRRKRPAQ,1,18,393,562,False
GDSNPARMRRKRPAQ,1,10,1116,1855,False
GDSNPARREGERAGA,1,1297,2,2,False
GDSNPAWRIRKRPAQ,1,18,393,562,False
GDSNPDGGVRKRPAQ,2,18,393,562,False
GDSNPDGRRRKVPAQ,1,18,393,562,False
GDSNPEEREEQKAGA,1,515,5,7,False
GDSNPEEVDEEKARR,1,1298,1,1,True
GDSNPEGEEEEKAGA,1,144,108,123,False
GDSNPEGLEEERAGA,1,50,45,49,False
GDSNPEGRRRKGPAQ,1,18,393,562,False
GDSNPEGRRRKRPAQ,2,18,393,562,False
GDSNPEGRSGKRPAQ,1,18,393,562,False
GDSNPERRRRKGPAQ,1,18,393,562,False
GDSNPERRRSKGPAQ,1,18,393,562,False
GDSNPERSSRKAGAG,1,1131,3,3,False
GDSNPEVRSGKGRRR,1,1276,4,4,False
GDSNPFCFSWQSPGA,1,1085,2,2,False
GDSNPFLLFLRWPQQ,1,7,629,1764,False
GDSNPFLLFLVQPSQ,1,241,14,16,False
GDSNPFLLFLWRPQQ,2,96,48,56,False
GDSNPGEEGEEKAGA,1,1265,7,7,False
GDSNPGGEQLENAGA,1,103,71,80,False
GDSNPGGGGSKGPAR,2,286,2,3,True
GDSNPGGRRRKRPAQ,1,18,393,562,False
GDSNPGGWGDERAGA,1,103,71,80,False
GDSNPGSWRGKGRRR,1,1143,2,2,False
GDSNPGVSLRKMPAQ,1,49,14,21,False
GDSNPHRRVREMPGA,1,1073,3,3,False
GDSNPKGGVGESAGA,1,1091,4,4,False
GDSNPKGLRRKRPAQ,1,18,393,562,False
GDSNPKGRGRKMPAQ,1,18,393,562,False
GDSNPKGRMRKGPAQ,1,18,393,562,False
GDSNPKGRRRKGPAQ,2,18,393,562,False
GDSNPKGRRRKRPAQ,3,18,393,562,False
GDSNPKGRRRKRPGA,1,253,37,40,False
GDSNPKGRRSKRPAQ,1,18,393,562,False
GDSNPKGRRWKRRAG,1,1299,1,1,True
GDSNPKREGGEMAGA,1,1232,5,5,False
GDSNPKRGMRKWAGA,1,1300,2,2,True
GDSNPKRRREQRAGA,1,281,38,42,False
GDSNPKRRRRKGPAQ,4,18,393,562,False
GDSNPKRRRRKLPAQ,2,10,1116,1855,False
GDSNPKRRRRKRPAQ,6,10,1116,1855,False
GDSNPKRRRSKRPAQ,1,10,1116,1855,False
GDSNPKRSRRKGPAQ,1,18,393,562,False
GDSNPKRWRRKRPAQ,1,10,1116,1855,False
GDSNPKSWICKGPAQ,1,1301,1,1,True
GDSNPKWRGRKRPAQ,1,10,1116,1855,False
GDSNPKWRRGKGPAQ,1,18,393,562,False
GDSNPLGEEQQRAGA,1,287,24,26,False
GDSNPLGLRGQSAGA,1,248,9,10,False
GDSNPLVLGFKVRRR,1,1146,6,6,False
GDSNPLWVQEEKAGA,1,1186,6,6,False
GDSNPMFVIRKLRRR,1,1302,1,1,True
GDSNPMGRRSKRPAQ,1,18,393,562,False
GDSNPMRRKEERAGA,1,287,24,26,False
GDSNPMWREGERAGA,1,287,24,26,False
GDSNPNGRRRKRPAQ,1,18,393,562,False
GDSNPNRRRSKGPAQ,1,18,393,562,False
GDSNPNRWRQEKPGA,1,281,38,42,False
GDSNPPGRRRKGPAQ,1,18,393,562,False
GDSNPQCRWRKIPAQ,1,18,393,562,False
GDSNPQGRGRKRPAQ,2,18,393,562,False
GDSNPQGRRRKGPAQ,11,18,393,562,True
GDSNPQGRRRKGPGA,1,18,393,562,False
GDSNPQGRRRKRPAQ,5,18,393,562,False
GDSNPQGRRRKVPAQ,1,18,393,562,False
GDSNPQGWRVKWPAQ,2,18,393,562,False
GDSNPQREEEEMAGA,1,1130,11,11,False
GDSNPQRGRRKGPAQ,1,18,393,562,False
GDSNPQRRRRKRPAQ,4,18,393,562,False
GDSNPQRRRWKRPAQ,1,18,393,562,False
GDSNPQRSRRKRPAQ,1,18,393,562,False
GDSNPQRWRRKRPAQ,1,18,393,562,False
GDSNPQVWWRKLPAQ,1,18,393,562,False
GDSNPQWRRCKRPAQ,1,18,393,562,False
GDSNPQWRRRKGPRR,1,18,393,562,False
GDSNPREGEEERPGA,1,1147,4,4,False
GDSNPRGGEQQRAGA,1,287,24,26,False
GDSNPRGGHVERAGA,1,50,45,49,False
GDSNPRGRGRKGPAQ,2,18,393,562,False
GDSNPRGRRQERAGA,2,287,24,26,True
GDSNPRGRRQERPGA,1,287,24,26,False
GDSNPRGRRRKGPAQ,2,18,393,562,False
GDSNPRGRRVKGPAQ,1,18,393,562,False
GDSNPRGWRRKGPAQ,1,18,393,562,False
GDSNPRRREGERAGA,1,287,24,26,False
GDSNPRRRRRKRPGR,1,253,37,40,False
GDSNPRRRRRKWPAQ,1,1183,20,20,False
GDSNPRRRRSKGPAQ,1,1183,20,20,False
GDSNPRRRSRKWPAQ,1,1183,20,20,False
GDSNPRRRWRKRPAQ,2,10,1116,1855,False
GDSNPRSRRRKGPGA,1,18,393,562,False
GDSNPRVDEEERAGA,1,287,24,26,False
GDSNPRWWANCRRRV,1,948,6,6,False
GDSNPSGGG*NARRR,1,1303,3,3,True
GDSNPSRRWGKGPAQ,1,18,393,562,False
GDSNPSVRRGKRPAR,1,1304,1,1,True
GDSNPTCSSANSRRR,1,909,5,5,False
GDSNPTGGHVESPGA,1,50,45,49,False
GDSNPTGGMVERPGA,1,50,45,49,False
GDSNPTGRRRKRPAQ,1,18,393,562,False
GDSNPTGWSSKRPAQ,1,49,14,21,False
GDSNPTRRRRKVPAQ,1,18,393,562,False
GDSNPTRRSRKGRRR,1,1305,2,2,True
GDSNPTVMSRKVPAQ,5,49,14,21,True
GDSNPTWGGRKGPAA,1,286,2,3,False
GDSNPWLLFLKVPAQ,1,3,2229,22657,False
GDSNPWLLFLRVPQQ,1,7,629,1764,False
GDSNPWWVFGKCRRR,2,288,2,3,True
GDSNPWWWGRERAGA,1,759,2,2,False
GDSNPYGCRRKGRRR,1,1144,10,10,False
GDSNPYLLFLKKPKQ,1,0,1628,17219,False
GDSNPYMRRRKRPAQ,1,18,393,562,False
GDSNPYRRMQERAGA,1,287,24,26,False
GDSNRTSGGGKGRRR,1,283,32,35,False
GDSQPALLFLAVPGQ,1,1306,5,5,True
GDSQPRLLFLWFPEQ,1,48,50,61,False
GDSQPVLLFLWRPLQ,2,48,50,61,False
GDSQPWLLFLWQPDQ,1,242,52,57,False
GDSRPWLLFLLQPRQ,1,242,52,57,False
GDSRPWLLFLSQPRQ,1,242,52,57,False
GDSVAGPAVSDHAEP,2,289,1,2,True
GDSVPLLLFLMQPLQ,1,48,50,61,False
GDSVPLLLFLWQPFQ,1,1111,10,10,False
GDSVPWLLFLQYPIQ,1,242,52,57,False
GDSWPFLLFLQLPVQ,1,4,603,1344,False
GDSWPLLLFLQLPGQ,1,31,119,142,False
GDSWPLLLFLQWPVQ,2,4,603,1344,False
GDSWPMLLFLQWPVQ,1,15,198,343,False
GDSWPWLLFLQWPLQ,1,15,198,343,False
GDSYPDLLFLNKPKQ,1,1307,5,5,True
GDTIRRGGGW*KGRR,1,1308,1,1,True
GDTKPSLLFLACPTQ,1,1294,4,4,False
GDTNPYLLFLQFPSQ,1,15,198,343,False
GDTRPLLLFLLLPQQ,1,1212,17,17,False
GDTVVGGDESAGAGF,1,1309,1,1,True
GDVAPGLLFLNRPQQ,1,1310,7,7,True
GDVESAVHRLQIPGA,1,1311,2,2,True
GDVESDGGEEERAGA,1,632,8,8,False
GDVESDRRRHESPGA,1,1190,3,3,False
GDVESEGEEEERAGA,2,99,134,161,False
GDVESEGVGVERPGA,1,293,10,12,False
GDVESEREEQEKAGA,1,277,78,85,False
GDVESGGDGDEMAGA,1,1312,2,2,True
GDVESVEEGEERAGA,1,141,34,41,False
GDVFPMLLFLQFPLQ,1,15,198,343,False
GDVFPMLLFLRNPKQ,1,1313,4,4,True
GDVFPQLLFLGGPQQ,1,118,35,41,False
GDVGPCCCFWRGRSR,1,1056,7,7,False
GDVGPGLLFLEWPGQ,1,1053,8,8,False
GDVGPGLLFLWKPDQ,1,243,60,64,False
GDVGPGLLFLWVPQQ,1,1310,7,7,False
GDVGPLLLFLLWPVQ,1,243,60,64,False
GDVGPLLLFLQWPVQ,3,15,198,343,False
GDVGPLLLFLVVPVQ,1,68,51,63,False
GDVGPLLPCFCGGRS,1,1314,1,1,True
GDVGPMLLFLYQPVQ,1,243,60,64,False
GDVGPQLLFLGQPVQ,1,243,60,64,False
GDVGPVLLFLDVPVQ,1,243,60,64,False
GDVGPVLLFLEGPGQ,1,31,119,142,False
GDVGPVLLFLQFPGQ,2,15,198,343,False
GDVGPVLLFLQLPLQ,1,637,44,44,False
GDVGPWLLFLQGPAQ,1,242,52,57,False
GDVGPWLLFLQLPVQ,1,4,603,1344,False
GDVGPWLLFLQWPLQ,1,15,198,343,False
GDVGPWLLFLVGPRQ,1,137,39,48,False
GDVGPWLLFLVQPKQ,2,241,14,16,False
GDVGRGCCFCSCRCR,1,113,15,19,False
GDVGRGCCFWTGRRR,1,1056,7,7,False
GDVHEMAGAGFWRRN,1,1315,2,2,True
GDVIRRG*CGKGRRR,1,1316,2,2,True
GDVLGRCCCFWSPRG,1,1317,1,1,True
GDVLPLLLFLGAPWQ,1,518,22,24,False
GDVLPLLLFLQFPVQ,1,4,603,1344,False
GDVLPLLLFLQLPLQ,1,518,22,24,False
GDVLPLLLFLQLPVQ,1,4,603,1344,False
GDVLPLLLFLQWPVQ,3,15,198,343,False
GDVLPWLLFLAMPQQ,1,468,48,52,False
GDVLPWLLFLQWPKQ,1,15,198,343,False
GDVLPWLLFLRTPQQ,1,7,629,1764,False
GDVLPWLLFLYQPNQ,1,242,52,57,False
GDVNGVGGGQRAGAG,1,1164,2,2,False
GDVNPAAGAGKSGAG,1,1280,3,3,False
GDVNPACGLGKVPGA,2,272,2,4,False
GDVNPACGVREKAGA,2,269,4,6,False
GDVNPAGGRRKVAGA,1,1318,4,4,True
GDVNPAGGWGKMPAQ,1,111,39,45,False
GDVNPAGVLVEIAGA,1,50,45,49,False
GDVNPAMGSWKVPRR,1,377,4,5,False
GDVNPARCMRKVPGA,1,1318,4,4,False
GDVNPAVFMRKVPGA,1,1318,4,4,False
GDVNPAVGGAKGRRR,1,84,15,18,False
GDVNPCGGA*NGRRR,1,754,4,4,False
GDVNPCGWGLKGPAQ,1,46,24,36,False
GDVNPCLSVFKWPAQ,1,1319,3,3,True
GDVNPCRRVIKSPAQ,1,1319,3,3,False
GDVNPCRVGLEMGRR,1,1320,1,1,True
GDVNPCVVRGEMAGA,1,1321,4,4,True
GDVNPDCCCGKRPAQ,1,111,39,45,False
GDVNPDGLHEEIPGA,1,1322,1,1,True
GDVNPDISRRKGPAQ,1,18,393,562,False
GDVNPEEEEEEMPGA,1,1130,11,11,False
GDVNPELGWRKWPAQ,1,1319,3,3,False
GDVNPEVMVVKWPGA,1,1058,3,3,False
GDVNPFCVCCKCPAQ,1,1074,5,5,False
GDVNPFLLFLQWPAQ,1,15,198,343,False
GDVNPGCGGRKGPAQ,2,111,39,45,False
GDVNPGCGGRKWPAQ,1,1135,7,7,False
GDVNPGFFIVKGPAQ,1,290,9,11,False
GDVNPGGCCGKRAGA,1,103,71,80,False
GDVNPGGGGVERAGA,1,50,45,49,False
GDVNPGGGS*KCRRR,1,77,10,13,False
GDVNPGGGW*KGRRR,1,283,32,35,False
GDVNPGGLGLKGPAQ,1,109,21,26,False
GDVNPGGRGMKGPAQ,1,291,30,32,False
GDVNPGGRRRKMAGA,1,1262,15,15,False
GDVNPGLLHEEKPGA,1,1141,3,3,False
GDVNPGLLQRESPGA,1,913,3,3,False
GDVNPGRLRVKVPAQ,2,290,9,11,True
GDVNPGRRRRKRPAQ,1,10,1116,1855,False
GDVNPGRWRSKARRR,1,1323,2,2,True
GDVNPGVCRVKGRRR,1,501,7,8,False
GDVNPGVLDRENAGA,1,1324,2,2,True
GDVNPGVQEEEMAGA,1,1321,4,4,False
GDVNPHGGSGKRAGA,1,50,45,49,False
GDVNPIGGIRESAGA,1,50,45,49,False
GDVNPIVGIGKCPAQ,1,111,39,45,False
GDVNPKGEGDERAGA,1,50,45,49,False
GDVNPKGGEQEKAGA,1,50,45,49,False
GDVNPKGREEEKAGA,1,436,10,12,False
GDVNPKGRGRSRRRV,1,1325,2,2,True
GDVNPKGRRRKRPAQ,1,10,1116,1855,False
GDVNPKGWRGKGPAQ,1,502,20,21,False
GDVNPKRRGRKGPAQ,1,291,30,32,False
GDVNPKRRGRKRAGA,2,253,37,40,False
GDVNPKRRRRKGPAQ,3,10,1116,1855,False
GDVNPKVSAGNCRRR,3,110,6,8,True
GDVNPLFVWGKIAGA,1,1326,1,1,True
GDVNPLGFLVKFPAA,1,1327,3,3,True
GDVNPLGGVGKGPAA,1,111,39,45,False
GDVNPLLLFLQWPLQ,1,15,198,343,False
GDVNPLLVGGERPGG,1,1328,1,1,True
GDVNPLVLGVKGRRR,1,1329,2,2,True
GDVNPLVWRGKVPAQ,1,250,31,34,False
GDVNPMGMSWKRAGA,1,1330,2,2,True
GDVNPMGRRRKGPAQ,1,18,393,562,False
GDVNPMMVVMESPGA,1,1331,1,1,True
GDVNPMVGRGKGPAQ,1,111,39,45,False
GDVNPMVRRGERAGA,1,1321,4,4,False
GDVNPNLLCWKVPAQ,2,290,9,11,False
GDVNPPGGEEMPGAG,1,1332,2,2,True
GDVNPPGSGCKVPAQ,1,1333,2,2,True
GDVNPPGSMGKGRRR,1,501,7,8,False
GDVNPPGWWGKVRAG,1,1334,1,1,True
GDVNPPWSSAKSRRR,1,1088,4,4,False
GDVNPQCCIGKVPAQ,1,111,39,45,False
GDVNPQCGSGKGPAQ,3,111,39,45,True
GDVNPQCSGGKWPAQ,1,111,39,45,False
GDVNPQGEEEERAGA,1,50,45,49,False
GDVNPQGRGGERAGA,1,50,45,49,False
GDVNPQGRMRKRAGA,1,253,37,40,False
GDVNPQGRRRKRPAQ,1,18,393,562,False
GDVNPQRGGGKGRRR,1,84,15,18,False
GDVNPQWGVGKWPAQ,1,111,39,45,False
GDVNPRG*WGKCRRR,1,247,30,35,False
GDVNPRGCSCKGPAQ,2,109,21,26,False
GDVNPRGGG*KGRRR,1,283,32,35,False
GDVNPRGGGGQQSEG,1,1335,1,1,True
GDVNPRGRREESAGA,1,287,24,26,False
GDVNPRGRRGKRPAQ,1,18,393,562,False
GDVNPRGWRSKARRR,1,1323,2,2,False
GDVNPRLRGGKGPGA,1,291,30,32,False
GDVNPRLRMRKGPGR,1,1336,2,2,True
GDVNPRMGSRKRPAQ,1,111,39,45,False
GDVNPRRWGLKRPAQ,1,774,6,6,False
GDVNPRRWRRKGPAQ,1,1234,22,22,False
GDVNPRRWRRKRPAQ,1,774,6,6,False
GDVNPRWAAAKGRRR,1,1061,4,4,False
GDVNPRWRGMKGPAQ,2,291,30,32,True
GDVNPRWVGVKGPAA,1,291,30,32,False
GDVNPRWVVRENAGA,1,564,8,9,False
GDVNPSAG*AKSRRR,1,428,7,8,False
GDVNPSAGSGNSRRR,1,34,15,22,False
GDVNPSCLS*KSRRR,1,1337,3,3,True
GDVNPSFGVGKGRRR,1,1060,3,3,False
GDVNPSFILWKWPGA,1,1338,3,3,True
GDVNPSGEEEERAGA,1,50,45,49,False
GDVNPSGGGGNGRRR,1,1303,3,3,False
GDVNPSGGRRKRPAQ,1,18,393,562,False
GDVNPSGVWLKVPAQ,1,19,348,758,False
GDVNPSIWWFKFPAQ,1,1339,5,5,True
GDVNPSMGGGGKARR,1,292,3,4,False
GDVNPSWFGANGRRR,1,1154,3,3,False
GDVNPSWVLLKVPGA,1,1338,3,3,False
GDVNPTCFVWKCPAQ,1,382,15,17,False
GDVNPTG*SGKGRRR,1,323,4,5,False
GDVNPTGGEVEIAGA,1,50,45,49,False
GDVNPTGGEVERAGA,5,50,45,49,True
GDVNPTGGRIKMPGA,1,1185,3,3,False
GDVNPTGSMRKGPAQ,1,18,393,562,False
GDVNPTMGGGKLPAQ,1,111,39,45,False
GDVNPTREQEQSAGA,1,1340,2,2,True
GDVNPTRSVFKVPGA,1,1341,3,3,True
GDVNPTRWREESAGA,1,1176,5,5,False
GDVNPTSREEEMAGA,1,50,45,49,False
GDVNPVEEEERPGAG,1,1160,2,2,False
GDVNPVGGEEKAGAG,1,1332,2,2,False
GDVNPVGGGGAKGRR,1,292,3,4,False
GDVNPVGGRLKGRRR,1,282,8,9,False
GDVNPVGGRRKGPAQ,1,18,393,562,False
GDVNPVISLWKSPGA,1,1338,3,3,False
GDVNPVLVHGEIAGA,1,383,22,24,False
GDVNPVMGGVKGPAQ,3,109,21,26,False
GDVNPVRWVGERAGA,1,271,7,8,False
GDVNPVRWVGKGPAQ,1,111,39,45,False
GDVNPVWRVVEMAGA,1,1073,3,3,False
GDVNPVWWGGSKARR,2,292,3,4,True
GDVNPWGVGDERAGA,1,50,45,49,False
GDVNPWLLFLGRPQQ,2,7,629,1764,False
GDVNPWLLFLGWPVQ,1,15,198,343,False
GDVNPWLLFLKKPKQ,1,0,1628,17219,False
GDVNPWLLFLLQPVQ,1,243,60,64,False
GDVNPWLLFLMQPVQ,1,1,1197,10527,False
GDVNPWLLFLQCPVQ,1,15,198,343,False
GDVNPWLLFLQFPFQ,1,15,198,343,False
GDVNPWLLFLQLPGQ,1,15,198,343,False
GDVNPWLLFLQLPVQ,2,4,603,1344,False
GDVNPWLLFLQWPEQ,1,15,198,343,False
GDVNPWLLFLQWPKQ,2,15,198,343,False
GDVNPWLLFLQWPLQ,1,15,198,343,False
GDVNPWLLFLQWPQQ,26,7,629,1764,False
GDVNPWLLFLQWPVQ,7,15,198,343,False
GDVNPWLLFLRLPQQ,9,7,629,1764,False
GDVNPWLLFLRQPQQ,1,7,629,1764,False
GDVNPWLLFLRQPSQ,1,1,1197,10527,False
GDVNPWLLFLRQPWQ,5,1,1197,10527,False
GDVNPWLLFLRSPLQ,1,7,629,1764,False
GDVNPWLLFLRSPRQ,1,7,629,1764,False
GDVNPWLLFLSQPAQ,1,242,52,57,False
GDVNPWLLFLSQPVQ,1,1,1197,10527,False
GDVNPWLLFLSVPLQ,1,15,198,343,False
GDVNPWLLFLTQPNQ,1,2,509,4610,False
GDVNPWLLFLTRPPQ,1,6,143,456,False
GDVNPWLLFLTVPAQ,1,3,2229,22657,False
GDVNPWLLFLVQPPQ,1,1,1197,10527,False
GDVNPWLLFLVQPTQ,1,1,1197,10527,False
GDVNPWLLWLKVPAQ,1,165,80,105,False
GDVNPWRGG*NGRRR,1,84,15,18,False
GDVNPWWGLENAGAG,1,1342,1,1,True
GDVNPYAGCAKGRRR,1,1061,4,4,False
GDVNPYCFGANARRR,1,1343,1,1,True
GDVNPYLLFLAQPWQ,1,1,1197,10527,False
GDVNPYLLFLIFPQQ,1,15,198,343,False
GDVNPYLLFLIQPKQ,1,15,198,343,False
GDVNPYLLFLIQPQQ,1,15,198,343,False
GDVNPYLLFLKKPKQ,3,0,1628,17219,False
GDVNPYLLFLKQPKQ,1,0,1628,17219,False
GDVNPYLLFLKQPYQ,14,0,1628,17219,False
GDVNPYLLFLQRPMQ,1,15,198,343,False
GDVNPYLLFLQWPYQ,14,15,198,343,True
GDVNPYLLFLRGPQQ,1,15,198,343,False
GDVNPYLLFLRKPQQ,5,7,629,1764,False
GDVNPYLLFLRLPQQ,1,15,198,343,False
GDVNPYLLFLRNPKQ,2,15,198,343,False
GDVNPYLLFLRWPKQ,3,15,198,343,False
GDVNPYLLFLSKPQQ,1,15,198,343,False
GDVNPYLLFLSQPRQ,1,15,198,343,False
GDVNPYLLFLTQPNQ,1,2,509,4610,False
GDVNRGG*SGNGRRR,1,95,5,8,False
GDVNRSGSG*KGRRR,1,283,32,35,False
GDVQFRGAGAGKGRR,1,1344,1,1,True
GDVQPGLLFLIGPQQ,2,118,35,41,False
GDVQPLLLFLWVPVQ,1,48,50,61,False
GDVQPRLLFLLQPWQ,1,241,14,16,False
GDVQPSLLFLALPWQ,1,468,48,52,False
GDVQPWLLFLLQPGQ,1,242,52,57,False
GDVQPWLLFLRWPMQ,1,15,198,343,False
GDVQPWLLFLVLPGQ,1,468,48,52,False
GDVQPYLLFLKQPKQ,1,0,1628,17219,False
GDVQSGGQEEEIPGA,1,1000,2,2,False
GDVRAVAAVSVGAVA,1,149,31,38,False
GDVRPCLLFLLLPLQ,1,468,48,52,False
GDVRPFLLFLWGPAQ,1,242,52,57,False
GDVRPWLLFLSAPKQ,1,242,52,57,False
GDVSRCCCFCSPRCR,1,354,17,20,False
GDVTPALLFLVVPQQ,1,241,14,16,False
GDVVPGAAVSVVAVA,1,149,31,38,False
GDVVPMLLFLADPRQ,1,468,48,52,False
GDVVPWLLFLNWPTQ,1,15,198,343,False
GDVVPWLLFLQWPVQ,2,15,198,343,False
GDVWP*LLFLGLPVQ,1,80,35,40,False
GDVWPDAAVSGCGRC,1,1345,1,1,True
GDVWPGLLFLERPRQ,1,1310,7,7,False
GDVWPGLLFLQWPLQ,1,15,198,343,False
GDVWPGLLFLQWPVQ,1,15,198,343,False
GDVWPLLLFLQLPAQ,1,268,11,12,False
GDVWPLLLFLQLPQQ,1,268,11,12,False
GDVWPLLLFLQLPVQ,1,4,603,1344,False
GDVWPLLLFLQSPGQ,1,31,119,142,False
GDVWPLLLFLQWPGQ,2,15,198,343,False
GDVWPLLLFLQWPVQ,2,15,198,343,False
GDVWPLLLFLWQPGQ,1,31,119,142,False
GDVWPRLLFLSIPTQ,1,1076,5,5,False
GDVWPVLLFLQWPLQ,2,15,198,343,False
GDVWPVLLFLQWPPQ,1,15,198,343,False
GDVWPWLLFLQLPVQ,1,4,603,1344,False
GDVWPWLLFLQWPLQ,1,15,198,343,False
GDVWPYLLFLQWPKQ,1,15,198,343,False
GDW*PGCCFWGCRRR,3,112,3,5,True
GDWAAGAAVSGGPGA,1,1346,7,7,True
GDWAAVPAVSVDAGP,1,131,2,4,False
GDWAPQLLFLWWPGQ,1,1081,14,14,False
GDWAPWLLFLQVPLQ,1,242,52,57,False
GDWDPQLLFLGRGRV,1,1347,1,1,True
GDWDPRLLFLLQPQQ,1,642,9,9,False
GDWESDEEEEEKAGA,1,277,78,85,False
GDWESDEEQVERAGA,1,575,5,6,False
GDWESDEHHEEIAGA,1,1348,1,1,True
GDWESEEEEDQNPGA,1,1251,4,4,False
GDWESEGVEGESPGA,2,293,10,12,True
GDWESELEVEEMPGA,1,1349,2,2,True
GDWESGGEEEERAGA,1,99,134,161,False
GDWESGGLHGEMPGA,1,293,10,12,False
GDWESGQEGLERAGA,1,499,3,4,False
GDWFPGLLFLQWPEQ,1,73,128,146,False
GDWFPVLLFLQWPQQ,1,15,198,343,False
GDWGAGAAVSGGAGA,2,169,27,30,False
GDWGGRCCCFWRGRC,1,1350,1,1,True
GDWGPGAAVSGGAGA,1,244,36,38,False
GDWGPGLLFLAFPQQ,1,243,60,64,False
GDWGPGLLFLLVPVQ,1,243,60,64,False
GDWGPGLLFLQVPGQ,1,1053,8,8,False
GDWGPGLLFLQWPVQ,1,73,128,146,False
GDWGPGLLFR*GRGR,1,17,13,27,False
GDWGPGLLVSGQAEA,1,1351,2,2,True
GDWGPLLLFLEGAGA,1,1080,2,2,False
GDWGPLLLFLQCPYQ,1,4,603,1344,False
GDWGPLLLFLQCRGR,1,1053,8,8,False
GDWGPLLLFLQLPGQ,1,4,603,1344,False
GDWGPLLLFLQWPAQ,1,4,603,1344,False
GDWGPLLLFLQWPSQ,1,73,128,146,False
GDWGPLLLSGGAGAG,1,1241,2,2,False
GDWGPRLLFLQWPAQ,1,15,198,343,False
GDWGPRLLFLWLPQQ,1,453,36,38,False
GDWGPVAAVSGVADA,1,244,36,38,False
GDWGPVLLFLGWPGQ,1,274,20,21,False
GDWGPVLLFLIKPQQ,1,274,20,21,False
GDWGPVLLFLQLPVQ,1,4,603,1344,False
GDWGPVLLFLQWPAQ,1,637,44,44,False
GDWGPWLLFLEVPLQ,1,1352,11,11,True
GDWGPWLLFLGQPEQ,1,1352,11,11,False
GDWGPWLLFLGQPGQ,1,1352,11,11,False
GDWGPWLLFLGSPQQ,2,284,25,28,False
GDWGPWLLFLGWPLQ,1,1352,11,11,False
GDWGPWLLFLQAPGQ,1,1352,11,11,False
GDWGPWLLFLQVPEQ,1,1352,11,11,False
GDWGPWLLFLQWPVQ,2,56,210,255,False
GDWGPWLLFLQYPEQ,1,1352,11,11,False
GDWGPWLLFLRQPPQ,1,130,94,113,False
GDWGRACCFCCGRCR,3,113,15,19,True
GDWGRACCFCRSRCR,1,113,15,19,False
GDWKSEVVGRERAGA,1,1353,3,3,True
GDWLP*LLFLQMPVQ,2,4,603,1344,False
GDWLPLLLFLMLPSR,1,268,11,12,False
GDWMPLLLFLQSPTQ,1,4,603,1344,False
GDWMPVLLFLQWPKQ,1,15,198,343,False
GDWNP*LLWLKVPAQ,2,165,80,105,False
GDWNPA*RRRKRPAQ,1,10,1116,1855,False
GDWNPAFRSGKRPAR,1,1223,5,5,False
GDWNPAGEDQERAGA,1,1218,5,5,False
GDWNPAGGIRKGPAQ,1,18,393,562,False
GDWNPAVILVKFPAQ,1,1354,2,2,True
GDWNPCQVGVESAGA,1,129,12,14,False
GDWNPEEEEEERAGA,1,1130,11,11,False
GDWNPERGEEEKAGA,1,26,107,135,False
GDWNPERRRRKGPAQ,1,18,393,562,False
GDWNPERRRSKRAGA,1,1262,15,15,False
GDWNPEVGGVEMAGA,1,64,33,38,False
GDWNPFLGWWKVPAQ,1,1355,3,3,True
GDWNPFLLFLKLPAQ,1,3,2229,22657,False
GDWNPFWRSRKLPAQ,1,266,6,7,False
GDWNPGCWGRKGPAQ,1,1135,7,7,False
GDWNPGEVRGQMAGA,1,1321,4,4,False
GDWNPGG*SGKCRRR,1,621,6,7,False
GDWNPGGEPAQGSGA,1,1356,1,1,True
GDWNPGGFSKVPAQG,1,1357,1,1,True
GDWNPGGGAGKGRRR,1,283,32,35,False
GDWNPGGGGGQIAGA,1,27,28,43,False
GDWNPGGGVQIAGAG,1,1358,1,1,True
GDWNPGGRSSKRPAQ,1,174,7,9,False
GDWNPGGRSWKSPAQ,1,174,7,9,False
GDWNPGGVQEENAGA,1,103,71,80,False
GDWNPGGWVVEIAGA,1,1092,4,4,False
GDWNPGMLGVKVPGA,1,1359,2,2,True
GDWNPGMVGWEMAGA,1,1206,2,2,False
GDWNPGMVVGERAGA,1,103,71,80,False
GDWNPGRMVSKIPAQ,1,1360,3,3,True
GDWNPGRRRGENAGA,1,1176,5,5,False
GDWNPGRWRSKRAGA,1,1228,3,3,False
GDWNPHRRRRKRPAQ,1,10,1116,1855,False
GDWNPKGRRRKRPAQ,1,10,1116,1855,False
GDWNPKRGGAKCRRR,1,756,2,2,False
GDWNPKRREQQKAGA,1,1270,12,12,False
GDWNPKRRRRKGPAQ,2,10,1116,1855,False
GDWNPKRRRRKRPAQ,1,10,1116,1855,False
GDWNPKRRRRKSPAQ,2,10,1116,1855,False
GDWNPKRWRRKRPGA,1,253,37,40,False
GDWNPKSRMSKRPAQ,1,1223,5,5,False
GDWNPLGCGGKWPAQ,1,109,21,26,False
GDWNPLGFGFKLPAA,1,1327,3,3,False
GDWNPLGLRGQIPGA,1,90,6,9,False
GDWNPLGRRRKLPAQ,1,18,393,562,False
GDWNPLGWGVESAGA,1,129,12,14,False
GDWNPLLLLLKWPAQ,1,39,164,242,False
GDWNPLRLSSKGPAQ,1,1360,3,3,False
GDWNPLVRMGKSPGA,1,1361,2,2,True
GDWNPLVVGGERAGA,1,103,71,80,False
GDWNPLVWWLKGPAQ,1,622,2,3,False
GDWNPLWGSGKVPAQ,1,111,39,45,False
GDWNPLWVGGERAGA,1,103,71,80,False
GDWNPMWMLVKGPGA,1,1362,1,1,True
GDWNPNGRGGNGRRR,1,587,3,4,False
GDWNPPGMGCKWPAQ,1,1195,4,4,False
GDWNPPGRRGKGRRR,1,82,47,54,False
GDWNPPMLEEQMAGA,1,278,4,5,False
GDWNPPRWVVKLPRR,1,1363,1,1,True
GDWNPQGGRGKGPAQ,1,18,393,562,False
GDWNPQGREEERPGA,1,436,10,12,False
GDWNPQGRRRKGPAQ,3,18,393,562,False
GDWNPQGRRRKRPAQ,1,18,393,562,False
GDWNPQGWWGQIAGA,1,1364,1,1,True
GDWNPQLGVVKGPAQ,1,111,39,45,False
GDWNPQMWRWKGRRR,1,33,19,29,False
GDWNPQRRRRKRPAQ,1,10,1116,1855,False
GDWNPQRRSWERAGA,1,1365,5,5,True
GDWNPQWREEERAGA,1,1365,5,5,False
GDWNPQWRGRKGPAQ,2,18,393,562,False
GDWNPRELDEERAGA,1,607,8,9,False
GDWNPRGEEEERAGA,1,50,45,49,False
GDWNPRGLVFKLPAQ,1,1366,2,2,True
GDWNPRGRRGKGPAQ,1,18,393,562,False
GDWNPRGRWRKGPAQ,1,18,393,562,False
GDWNPRMVVVKVPAQ,1,294,5,6,False
GDWNPRREEDQMAGA,1,1270,12,12,False
GDWNPRRRSSKGPAQ,1,1183,20,20,False
GDWNPRVVGGERAGA,1,103,71,80,False
GDWNPRWCGVKVPAQ,1,291,30,32,False
GDWNPSGGW*KGRRR,1,282,8,9,False
GDWNPSMWRVKGPAQ,1,762,4,4,False
GDWNPSVCSGKCPAQ,1,266,6,7,False
GDWNPTGREQEKAGA,1,50,45,49,False
GDWNPTGRRRKGPAQ,1,18,393,562,False
GDWNPTWGRCKLPAQ,1,1135,7,7,False
GDWNPVCCGDQIAGA,1,788,2,2,False
GDWNPVCGG*NARRR,1,1303,3,3,False
GDWNPVGGGGERAGA,1,1232,5,5,False
GDWNPVGGRRKGAGA,1,1318,4,4,False
GDWNPVGWGWKWPAQ,1,109,21,26,False
GDWNPVRRGWKVPGA,1,1359,2,2,False
GDWNPVRWRRKGPAA,1,1188,2,2,False
GDWNPVSGLRKGPAQ,1,1234,22,22,False
GDWNPVVGGRERAGA,2,61,15,21,False
GDWNPVVSVGERAGA,1,1286,2,2,False
GDWNPVVVIMKVPAQ,2,294,5,6,True
GDWNPVWVGLKGPAQ,1,109,21,26,False
GDWNPWFLWLKMPAQ,1,165,80,105,False
GDWNPWGMGGKGRRR,1,247,30,35,False
GDWNPWGVWFKGPAQ,1,109,21,26,False
GDWNPWLIFLKVPAQ,1,3,2229,22657,False
GDWNPWLLFLKFPAQ,1,3,2229,22657,False
GDWNPWLLFLKMPQQ,2,3,2229,22657,False
GDWNPWLLFLKVPAQ,3,3,2229,22657,False
GDWNPWLLFLQLPVQ,7,4,603,1344,False
GDWNPWLLFLQYPVQ,2,4,603,1344,False
GDWNPWLLFLRMPGQ,1,7,629,1764,False
GDWNPWLLFLRQPAQ,1,130,94,113,False
GDWNPWLLLLKLPAQ,1,3,2229,22657,False
GDWNPWLWLLKLPAQ,1,3,2229,22657,False
GDWNPWMLFLKVPAQ,2,165,80,105,False
GDWNPWRGGDERAGA,1,1365,5,5,False
GDWNPWVVAPSRARQ,1,1367,3,3,True
GDWNPWWVLVKWPAQ,1,1354,2,2,False
GDWNPWWWGVEMAGA,1,1368,3,3,True
GDWNPYLLFLARPQQ,1,15,198,343,False
GDWPVPAVSGPPGAG,1,1369,1,1,True
GDWQPVLLFLVQPEQ,1,241,14,16,False
GDWQPWLLFLGGPWQ,1,92,43,48,False
GDWQPWLLFLQVPVQ,1,56,210,255,False
GDWQPWLLFLWEPKQ,1,1246,13,13,False
GDWQSVLLREERPGA,1,1370,1,1,True
GDWRAGAAVSVHAGA,1,21,32,45,False
GDWRPLLLFLQWPVQ,1,4,603,1344,False
GDWRPLLLFLRWPQQ,1,54,100,139,False
GDWRPWLLFLNLPQQ,1,1212,17,17,False
GDWRPYLLFLSQPKQ,1,977,8,8,False
GDWSAAAAVSVQAGA,1,1371,1,1,True
GDWSPILLFLWQPGQ,2,48,50,61,False
GDWSPYLLFLQWPGQ,1,15,198,343,False
GDWVAVAAVSVDADA,1,149,31,38,False
GDWVPLLLFLGQPGQ,2,31,119,142,False
GDWVPLLLFLQFPQQ,1,4,603,1344,False
GDWVPLLLFLQRPVQ,1,4,603,1344,False
GDWVPLLLFLRNPNQ,1,130,94,113,False
GDWVPVAAVSGQAGA,1,244,36,38,False
GDWVPWLLFLQWPMQ,1,15,198,343,False
GDWVRGCCF*GSRRR,1,112,3,5,False
GDWWPALLFLQWPVQ,1,73,128,146,False
GDWWPGLLFLQLPLQ,1,73,128,146,False
GDWWPGLLFLQWPGQ,2,73,128,146,False
GDWWPGLLFLTQPNQ,1,2,509,4610,False
GDWWPGLLFLWQPKQ,1,73,128,146,False
GDWWPLLLFLQLPVQ,1,4,603,1344,False
GDWWPLLLFLQRPVQ,1,4,603,1344,False
GDWWPLLLFLQSPSQ,1,73,128,146,False
GDWWPQLLFLKKPKQ,1,1100,5,5,False
GDWWPRLLFLQFPMQ,1,1076,5,5,False
GDWWPVLLFLQWPVQ,1,73,128,146,False
GDWWPVLLFLRQPLQ,1,130,94,113,False
GDWWPVRCFWGGRCR,1,1372,1,1,True
GDWWPWLLFLQSPVQ,1,4,603,1344,False
GDWWPWLLFLQWPMQ,1,73,128,146,False
GDYLPKLLFLVWPRQ,1,1373,4,4,True
GDYLPLLLFLQQPAQ,1,242,52,57,False
GDYLPLLLFLQWPVQ,1,1373,4,4,False
GDYNPCLLFLGVPVQ,1,1374,15,15,True
GDYNPLLLFLRWPQQ,1,54,100,139,False
GDYNPWLLFLKQPNQ,1,1,1197,10527,False
GDYNPWLLFLRMPAQ,1,1,1197,10527,False
GDYNPWLLFLRNPLQ,1,1,1197,10527,False
GDYNPWLLFLRYPQQ,1,7,629,1764,False
GDYNPWLLFLSQPGQ,1,1,1197,10527,False
GDYNPWLLFLYRPQQ,10,1,1197,10527,False
GDYNPYLLFLKYPQQ,5,0,1628,17219,False
GDYNPYLLFLRKPQQ,1,0,1628,17219,False
GDYNPYLLFLRSPRQ,1,0,1628,17219,False
GDYNPYLLFLSKPDQ,1,0,1628,17219,False
GDYQPWLLFLIVPQQ,1,118,35,41,False
GDYRPELLFLRGRGR,1,17,13,27,False
GDYRPLLLFLRRPRR,1,1254,3,3,False
GDYWPVLLFLQWPVQ,1,15,198,343,False
GDYWPWLLFLQLPGQ,1,31,119,142,False
GEAIRPAAGGNGRRR,1,1375,3,3,True
GEFESGGQELESPGA,1,1376,1,1,True
GEGIRWGGASNCRRR,1,1377,2,2,True
GEGIRWWGGGNCRRR,1,1377,2,2,False
GELESGGVGGESAGA,1,297,8,9,False
GEQESDVGGEQRAGA,1,1378,3,3,True
GEWESEEEGEEKADA,2,277,78,85,False
GEWESGEEEEEKAGA,1,277,78,85,False
GEWESGEEEEEKCRR,1,303,3,4,False
GEWVAGAAVSVVAGA,1,21,32,45,False
GEYESEEGGGGKARR,1,1379,1,1,True
GFESVVCAS*NCRRR,1,1380,1,1,True
GG*EAGAAVSVGAGA,1,21,32,45,False
GGAASGGKGRRRVLA,1,1381,1,1,True
GGCAPVPAVSGVAGP,1,1382,1,1,True
GGCDAGAAVSGGPGA,1,1346,7,7,False
GGCESAGVQEENPGA,1,38,7,13,False
GGCESARLRQQSPGA,1,825,4,4,False
GGCESDQRHGESAGA,1,442,4,5,False
GGCESEEEEEQKAGA,1,277,78,85,False
GGCESEGGEGESAGA,1,114,8,10,False
GGCESELLQGESPGA,1,1383,2,2,True
GGCESEREEDEKAGA,1,277,78,85,False
GGCESGCAWASKGRR,1,1384,1,1,True
GGCESGDGGVESAGA,1,1385,5,5,True
GGCESGLEHGENPGA,1,1383,2,2,False
GGCESGVHRGENPGA,1,1386,2,2,True
GGCESGVRGREMPGA,1,1386,2,2,False
GGCESGVVGGERAGA,1,85,19,27,False
GGCESGVVGGQIAGA,1,1110,4,4,False
GGCESVERDVENAGA,2,295,4,5,True
GGCESVGLRLEIPGA,1,1387,4,4,True
GGCESVGVGLEIAGA,1,1387,4,4,False
GGCESVLRRGENAGA,1,295,4,5,False
GGCGAGAAVSGPAGA,1,169,27,30,False
GGCGAGPAVSVPAEA,1,302,4,5,False
GGCGAVAAVSGAPGA,1,1388,5,5,True
GGCGAVAAVSVVAEA,1,332,7,9,False
GGCGPAAAVSAGAGA,1,1389,4,4,True
GGCGPAAAVSGHAGA,1,1389,4,4,False
GGCLAVAAVSVVAGA,1,21,32,45,False
GGCQPVPAVSEEPEA,1,1390,1,1,True
GGCQSALLLRQSPGA,1,1034,2,2,False
GGCQSARRDLQSPGA,1,1391,2,2,True
GGCQSARVLLEIPGA,1,1037,5,5,False
GGCQSDGVEGENPGA,1,38,7,13,False
GGCQSDRQHLEKPGA,1,1392,3,3,True
GGCQSGGGVGERAGA,1,305,8,9,False
GGCQSGGRQREIAGA,1,338,9,10,False
GGCQSGGVGGEIAGA,1,1393,7,7,True
GGCQSGRGQREMAGA,1,1394,1,1,True
GGCQSGRRLLQIPGA,1,1391,2,2,False
GGCQSVDEGRQRAGA,1,1395,1,1,True
GGCQSVGGDEERAGA,1,305,8,9,False
GGCQSVGGVLQIAGA,1,296,10,11,False
GGCQSVLLEEEIAGA,1,1396,5,5,True
GGCVAVAAVSVLAAA,1,332,7,9,False
GGFESAEVVGERAGA,1,85,19,27,False
GGFESAHLLVESAGA,1,1397,2,2,True
GGFESAVVDGQIAGA,1,296,10,11,False
GGFESDGHHEERPGA,1,307,9,10,False
GGFESEVLLREIPGA,1,794,5,5,False
GGFESGLHLDEMAGA,1,1398,2,2,True
GGFESGLVVDESAGA,1,1398,2,2,False
GGFESGRERVEIAGR,1,1399,1,1,True
GGFESGVLVVEIAGA,1,167,83,87,False
GGFESVDVGGQSAGA,1,32,2,8,False
GGFESVRVVRQSAGA,1,75,37,44,False
GGFESVVLVVEMPGA,1,167,83,87,False
GGFESVVRVGQIAGA,1,75,37,44,False
GGFESVVVVVEIAGA,1,167,83,87,False
GGFQSDGQEEQKAGA,1,300,19,21,False
GGFQSDVLDVESAGA,1,1397,2,2,False
GGFQSDWASAGKARR,1,1400,1,1,True
GGFQSELLHRESAGA,1,1401,2,2,True
GGFQSGGVVEEMAGA,1,1393,7,7,False
GGFQSGLLRRERARR,1,1402,1,1,True
GGFQSGRVRGEIPGA,1,388,8,9,False
GGFQSVGLGGQIPGA,1,43,18,30,False
GGFQSVLLLREIPGA,1,1396,5,5,False
GGFQSVRGHVESAGA,1,443,4,5,False
GGFQSVVDEGERPGA,1,1403,1,1,True
GGFQSVVGDGQIAGA,2,296,10,11,True
GGFQSVVGVVEIAGA,1,167,83,87,False
GGFQSVVGVVQIPGA,1,296,10,11,False
GGFQSVVGVVQNAGA,1,296,10,11,False
GGFQSVVRGGQSAGA,1,296,10,11,False
GGFVAAAAVSVVAEA,1,1404,2,2,True
GGFVPVAAVSVVAVA,1,1404,2,2,False
GGI*IR*GGS*KGRR,1,1405,3,3,True
GGI*IRCASSGNSRR,1,827,2,2,False
GGI*IRRGGGSKRPA,1,1406,1,1,True
GGI*IRSGGAGNGRR,1,1405,3,3,False
GGIGIRRGGGGKGRR,1,298,9,10,False
GGIGIRWVGEEIPGA,1,1407,1,1,True
GGISIRCCCW*NCRR,1,1408,1,1,True
GGLAAGAAVSGGAGA,1,1346,7,7,False
GGLAPGAAVSVGADA,1,828,2,2,False
GGLESAGEEEERAGA,2,99,134,161,False
GGLESAGGEEESPGA,3,114,8,10,True
GGLESDEQEVQSAGA,1,297,8,9,False
GGLESDGERVQRAGA,1,1409,3,3,True
GGLESEEVGEERAGA,1,1410,12,12,True
GGLESEGDEGEKAGA,1,506,5,6,False
GGLESGAGGAGKGRR,1,1411,2,2,True
GGLESGELRGQRPGA,1,299,18,23,False
GGLESGGGDGQIAGA,1,296,10,11,False
GGLESGGGGRERPGA,1,873,5,5,False
GGLESGGGLGESAGA,1,114,8,10,False
GGLESGGVERQSAGA,2,297,8,9,True
GGLESGGVGGESAGA,1,297,8,9,False
GGLESGVVERESAGA,1,297,8,9,False
GGLESVGEGDEMAGA,1,1312,2,2,False
GGLESVGVVREIAGA,1,75,37,44,False
GGLGADPAVSEEAEA,1,1412,4,4,True
GGLGAGAAVSEVAGA,1,21,32,45,False
GGLGAGAAVSGPPDA,1,1388,5,5,False
GGLGAVAAVSGGAGA,1,1388,5,5,False
GGLGAVAAVSVGAGA,1,871,5,5,False
GGLGIRRAGGGKGRR,1,298,9,10,False
GGLQSGGDGRESAGA,1,297,8,9,False
GGLQSGRVGLESGRR,1,1413,1,1,True
GGLQSVVLLGESAGA,1,1414,8,8,True
GGLQSVVQHQEIAGA,1,1414,8,8,False
GGLRAGCCCFWTGRC,1,1415,1,1,True
GGLRAGPAVSDQAEA,1,1412,4,4,False
GGLRIRSCWC*NCRR,1,797,3,3,False
GGLVAAPAVSVLAVP,1,1416,1,1,True
GGLVAVAAVSGVAGP,1,13,36,58,False
GGMAIR*GGASKGRR,1,1405,3,3,False
GGMAIRGAGGSKCRR,1,1417,2,2,True
GGMAIRRGGGGKGRR,1,298,9,10,False
GGMGIRTG*GGKGRR,1,298,9,10,False
GGMGIRTGGGGKARR,2,298,9,10,True
GGMSIRPAA*GKARR,1,1418,2,2,True
GGQAIRRAGGGKGRR,1,1417,2,2,False
GGQERPGAGFWRRNC,1,276,4,5,False
GGQESAEEEEEKAGA,1,277,78,85,False
GGQESAEEEGERAGA,1,99,134,161,False
GGQESAEEGEQRAGA,1,299,18,23,False
GGQESAEEVQESPGA,1,1419,4,4,True
GGQESAEQEEEKAGA,1,277,78,85,False
GGQESAEVEGERAGA,2,85,19,27,False
GGQESAGEEEERAGA,1,99,134,161,False
GGQESAGEVEERAGA,1,99,134,161,False
GGQESDEEEEQRAGA,1,299,18,23,False
GGQESDEEQEQRAGA,1,299,18,23,False
GGQESDELEEERAGA,1,300,19,21,False
GGQESDGEDQEKAGA,1,507,4,5,False
GGQESDGEEQERAGA,1,99,134,161,False
GGQESDGEGEEKAGA,1,99,134,161,False
GGQESDGEHQENAGA,1,136,5,8,False
GGQESDGGEEEKAGA,1,632,8,8,False
GGQESDGGGEQSAGA,1,1378,3,3,False
GGQESDLLHEQRAGA,1,1378,3,3,False
GGQESDQGEEERAGA,1,625,14,15,False
GGQESEEEEEERAGA,2,99,134,161,False
GGQESEEEEEQKAGA,3,99,134,161,False
GGQESEEEGEERAGA,1,1410,12,12,False
GGQESEEEGEQRAGA,1,299,18,23,False
GGQESEEGGEERAGA,1,1410,12,12,False
GGQESEEQEDQRPGA,1,299,18,23,False
GGQESEEQEEERAGA,2,99,134,161,False
GGQESEEQEEQRAGA,1,299,18,23,False
GGQESEEVDAGKSRR,1,1420,2,2,True
GGQESEGEEEEKAGA,2,99,134,161,False
GGQESEGEEEERAGA,1,99,134,161,False
GGQESEGEEEQKAGA,1,99,134,161,False
GGQESEGEEQEKAGA,1,99,134,161,False
GGQESEGEEQERAGA,1,99,134,161,False
GGQESEGEVGGKGRR,1,884,5,5,False
GGQESEGG*A*KGRR,1,1421,1,1,True
GGQESEGGEEERAGA,1,99,134,161,False
GGQESEGGQGEKAGA,1,875,10,10,False
GGQESEGGQVERAGA,1,99,134,161,False
GGQESEGGQVERPGA,1,1422,3,3,True
GGQESEGGVEERAGA,1,99,134,161,False
GGQESEGQGVESAGA,1,1385,5,5,False
GGQESEGVEEERPGA,1,99,134,161,False
GGQESEGVGEERPGA,1,1410,12,12,False
GGQESEQEEEEKAGA,3,99,134,161,False
GGQESEQEEGERAGA,1,99,134,161,False
GGQESEQEGEEKAGA,2,99,134,161,False
GGQESEVEEEEKAGA,1,99,134,161,False
GGQESEVGEGERAGA,1,99,134,161,False
GGQESGEEEEQRPGA,2,299,18,23,True
GGQESGEEGEESAGA,2,299,18,23,False
GGQESGEEQQEKAGA,1,1419,4,4,False
GGQESGEQEEERAGA,2,299,18,23,False
GGQESGEQEGESAGA,1,1423,7,7,True
GGQESGGDEGESAGA,1,1423,7,7,False
GGQESGGEGGGKGRR,1,884,5,5,False
GGQESGGEVEESAGA,1,99,134,161,False
GGQESGGVDQEKAGA,1,115,5,7,False
GGQESGVRHRESAGA,1,794,5,5,False
GGQESGVVHEEKAGA,1,116,5,7,False
GGQESVEEVEERAGA,1,99,134,161,False
GGQESVEEVERAGAG,1,1424,1,1,True
GGQESVEVEEGKGRR,1,1420,2,2,False
GGQESVGGEEEKAGA,1,632,8,8,False
GGQESVGLRGEIPGA,1,1387,4,4,False
GGQESVGVLEESAGA,1,307,9,10,False
GGQESVQVGEEMAGA,1,1410,12,12,False
GGQESVVVRVERAGA,1,832,4,4,False
GGQGAGAAVSGGAGA,1,169,27,30,False
GGQGAVAAVSVVAGP,1,13,36,58,False
GGQQSAEQDEERAGA,1,300,19,21,False
GGQQSAGEDQERAGA,1,306,4,5,False
GGQQSDDQEEERAGA,2,300,19,21,True
GGQQSDEQAAGKGRR,1,1425,1,1,True
GGQQSDEQEEENAGA,1,300,19,21,False
GGQQSDQEEGQRAGA,1,300,19,21,False
GGQQSDRGEEEQKAG,1,1426,1,1,True
GGQQSEEEEEEKAGA,1,277,78,85,False
GGQQSEEGGEQSPGA,1,1427,1,1,True
GGQQSEEVEEERAGA,1,300,19,21,False
GGQQSEGDVQEKAGA,1,509,5,6,False
GGQQSEGEEEEKAGA,1,99,134,161,False
GGQQSEQEEEEKAGA,1,99,134,161,False
GGQQSEQVVVEKAGA,1,1428,2,2,True
GGQQSERVHQERPGA,1,38,7,13,False
GGQQSEVQGEEKAGA,1,300,19,21,False
GGQQSGDVEVESAGA,1,300,19,21,False
GGQQSGEDEEERAGA,2,300,19,21,False
GGQQSGEREGQIAGA,1,1423,7,7,False
GGQQSGGEDVQKAGA,3,115,5,7,True
GGQQSGGEEEEMAGA,1,99,134,161,False
GGQQSGQQQGERAGA,1,300,19,21,False
GGQQSVQEGGEMAGA,1,1429,2,2,True
GGQQSVQLGEERAGA,1,1429,2,2,False
GGQRIRPWSSGKSRR,1,1430,1,1,True
GGQVRRGGGGKGRRR,1,57,64,76,False
GGRNPERRRRKGPAQ,1,10,1116,1855,False
GGSAAGPAVSGGAGA,1,302,4,5,False
GGSEAGAAVSGVAVA,1,837,2,2,False
GGSEAVAAVSGVPVP,1,309,2,3,False
GGSRPVAAVSVVAAP,2,301,1,2,True
GGSVAGAAVSVVAGA,1,21,32,45,False
GGSVAVAAVSVGAGP,1,13,36,58,False
GGVGPVLLFLPSRCR,1,1431,1,1,True
GGWDAGPAVSVGAVA,2,302,4,5,True
GGWESAEEGGERAGA,3,85,19,27,False
GGWESAGVEEEKPGA,1,114,8,10,False
GGWESAHQGQEKPGA,1,1432,1,1,True
GGWESDDGVVERAGA,1,625,14,15,False
GGWESDEEDQERAGA,1,575,5,6,False
GGWESDEEEEQRAGA,2,299,18,23,False
GGWESDGEEEESPGA,1,114,8,10,False
GGWESDGEGEQRPGA,1,299,18,23,False
GGWESDGLHGERPGA,1,1433,2,2,True
GGWESDGVGGERAGA,1,1433,2,2,False
GGWESDGVQVQRAGA,1,1409,3,3,False
GGWESEAAGGAKGRR,1,1434,1,1,True
GGWESEEEEDERAGA,1,99,134,161,False
GGWESEEEEEEKAGA,1,277,78,85,False
GGWESEEEEGERASA,1,1435,7,7,True
GGWESEEEEQERAGA,1,1435,7,7,False
GGWESEEEGDERAGA,1,1410,12,12,False
GGWESEEEGEERAGA,1,1410,12,12,False
GGWESEEEGGQRAGA,1,1435,7,7,False
GGWESEEGGGKGRRR,1,1436,2,2,True
GGWESEEVEEERAGA,1,1410,12,12,False
GGWESEEVGEEKAGA,1,1410,12,12,False
GGWESEGEEEEKAGA,1,99,134,161,False
GGWESEGEEEERAGA,1,99,134,161,False
GGWESEGEEGEKAGA,1,1435,7,7,False
GGWESEGEEGERAGA,1,1435,7,7,False
GGWESEGEEHERAGA,1,99,134,161,False
GGWESEGEVEQSAGA,1,326,8,9,False
GGWESEGGEGEMPGA,1,293,10,12,False
GGWESEGQGGERAGA,1,506,5,6,False
GGWESERREQESPGA,2,293,10,12,False
GGWESEVEEDEKAGA,1,277,78,85,False
GGWESEVEGEEKAGA,2,277,78,85,False
GGWESEVGEEERAGA,1,625,14,15,False
GGWESGDERGERAGA,1,85,19,27,False
GGWESGEEEEERAGA,2,299,18,23,False
GGWESGEEEEQRAGA,1,299,18,23,False
GGWESGEEEVQKGRR,2,303,3,4,True
GGWESGEVGRERAGA,1,85,19,27,False
GGWESGGEGGERAGA,1,85,19,27,False
GGWESGGVEGERAGA,1,85,19,27,False
GGWESGGVEVERGRR,1,303,3,4,False
GGWESGGVGGERAGA,1,85,19,27,False
GGWESGLEGEERAGA,1,1410,12,12,False
GGWESGLVGVERGRR,1,1437,1,1,True
GGWESGQQEEQRAGA,1,299,18,23,False
GGWESGRREGEKAGA,1,1423,7,7,False
GGWESGVGVVEIAGA,1,167,83,87,False
GGWESVAGSAGKGRR,1,1411,2,2,False
GGWESVERDQENAGA,1,295,4,5,False
GGWESVGRQLQIAGA,1,1438,2,2,True
GGWESVGRQLQIPGA,1,1438,2,2,False
GGWESVGVGGERAGA,1,803,13,13,False
GGWESVLGDVESAGA,1,295,4,5,False
GGWESVVDEEERPAQ,1,1439,1,1,True
GGWGAGAAVSAGAGA,1,169,27,30,False
GGWGAGAAVSGGAGA,1,169,27,30,False
GGWGAGAAVSGVAVA,1,169,27,30,False
GGWGAGAAVSGVPGA,1,1346,7,7,False
GGWGAGAAVSVGAGA,1,21,32,45,False
GGWGAGAAVSVVAGA,1,21,32,45,False
GGWGARGCCFCGGRG,2,304,1,2,True
GGWGAVAAVSDGAGA,1,169,27,30,False
GGWGAVAAVSGRPGA,1,1388,5,5,False
GGWGAVAAVSGVAGA,1,13,36,58,False
GGWGAVPAVSGGAGA,1,169,27,30,False
GGWGPVAAVSAVAGA,1,1389,4,4,False
GGWNPRWRSSKGPAQ,1,291,30,32,False
GGWPAVAAVSVRAGP,1,13,36,58,False
GGWQSAEEEEERAGA,1,300,19,21,False
GGWQSAGEEQEKPGA,1,38,7,13,False
GGWQSDRQERERAGA,1,300,19,21,False
GGWQSEGVQQENPGA,6,38,7,13,True
GGWQSEQEEEEKAGA,1,277,78,85,False
GGWQSEQGRLENAGA,1,305,8,9,False
GGWQSGEGGGESAGA,1,305,8,9,False
GGWQSGGGRLERAGA,2,305,8,9,True
GGWQSGRVLEEMPGA,1,78,2,5,False
GGWQSGVEEDERAGA,1,305,8,9,False
GGWQSVGEDQESAGA,2,306,4,5,True
GGWQSVGLLGESGRR,1,1440,1,1,True
GGWQSVVGEGESAGA,1,1414,8,8,False
GGWVAVAAVSDRPVP,1,1441,2,2,True
GGWVAVAAVSEVAEP,1,13,36,58,False
GGWVAVAAVSGGAGA,1,13,36,58,False
GGWVAVAAVSGVAGA,3,13,36,58,False
GGWVAVAAVSGVAVA,1,13,36,58,False
GGYEAAAAVSEQPGA,1,1442,1,1,True
GGYESAQRHQESPGA,1,1419,4,4,False
GGYESAVRDRQSAGA,1,1443,1,1,True
GGYESDEGEEERAGA,1,625,14,15,False
GGYESDEGVEESAGA,1,204,7,10,False
GGYESDGGVQQRAGA,1,1409,3,3,False
GGYESDGVVVERAGA,1,307,9,10,False
GGYESDVQHLEMAGA,1,1444,2,2,True
GGYESEGEEEERAGA,1,99,134,161,False
GGYESEGRERQRPGA,1,1445,1,1,True
GGYESEQVREESAGA,1,1410,12,12,False
GGYESEVEGEEKAGA,1,277,78,85,False
GGYESGEEEEQKAGA,1,299,18,23,False
GGYESVDQEGQSPGA,7,32,2,8,True
GGYESVGRHEERAGA,2,307,9,10,True
GGYESVGRREEMPGA,1,307,9,10,False
GGYESVLRDRERPGA,1,307,9,10,False
GGYESVVVVGERAGA,1,116,5,7,False
GGYESVVVVLEIAGA,1,167,83,87,False
GGYQSDDGHRESAGA,1,1401,2,2,False
GGYQSDEEEQEMAGA,1,1446,2,2,True
GGYQSDGEDQENAGA,1,306,4,5,False
GGYQSDGGEGGKGRR,1,444,2,3,False
GGYQSERGEEERAGA,1,51,2,6,False
GGYQSGEEVEENPGA,1,1447,2,2,True
GGYQSGGGEGQMAGA,1,1448,1,1,True
GGYQSGRQRLESPGA,1,1392,3,3,False
GGYQSVGDQQESPGA,2,38,7,13,False
GGYQSVRRLRESPGA,1,390,8,9,False
GGYRIRPAASGKCRR,1,1418,2,2,False
GG_AIRRGGAGKGRR,1,1449,4,4,True
GG_AIRSGGGGKGRR,1,1449,4,4,False
GG_EAEPAVSEEAEA,1,1412,4,4,False
GG_QAEPAVSDLPDA,1,1450,1,1,True
GG_RAAAAVSEGAEP,1,1451,1,1,True
GG_VAVPAVSEEAEA,1,1412,4,4,False
GI*IRCASGAKSRRR,1,1452,2,2,True
GI*IRCSAC*KCRRR,1,1453,2,2,True
GI*IRPGGGGKCRRR,1,446,5,6,False
GI*IRRGCC*NCRRR,1,74,6,11,False
GI*IRRGGGGKGRRR,1,57,64,76,False
GIAIRGAAGGKGRRR,1,1375,3,3,False
GIAIRRGGA*KGRRR,2,57,64,76,False
GIAIRRGGAANGRRR,1,308,8,9,False
GIAIRRGGGGKCRRR,2,57,64,76,False
GIAIRRGGGGKGRRR,1,57,64,76,False
GIAIRSGGGGKGRRR,1,57,64,76,False
GIAIRSSSS*KSRRR,1,1454,2,2,True
GIESVGRGQEKAGAG,1,1455,1,1,True
GIGCRGCCFCCGRSR,1,1456,2,2,True
GIGIR*GGGANSRRR,2,308,8,9,True
GIGIRCAGG*KCRRR,1,1050,9,9,False
GIGIRGGGGAKGRRR,1,308,8,9,False
GIGIRRGAGGKARRR,1,151,5,7,False
GIGIRRGGG*KGRRR,2,57,64,76,False
GIGIRRGGGGKGRRR,1,57,64,76,False
GIGIRRGGGGKSRRR,1,308,8,9,False
GIGIRRGGGSKGRRR,1,57,64,76,False
GIGSRGCCFCTCRGR,1,806,3,3,False
GIWTRRCCF*GRRTR,1,1457,1,1,True
GLESVGLVVESAGAG,1,633,3,3,False
GLESVVVGGQRAGAG,1,1079,3,3,False
GLESVVVGGQSAGAG,1,1079,3,3,False
GM*IRGGGC*NCRRR,1,520,5,6,False
GM*IRGGRGWKGPAQ,1,1458,1,1,True
GM*IRRAAGGNARRR,1,726,6,6,False
GMAIRRGGGGKGRRR,1,57,64,76,False
GMAIRWG*AGKGRRR,1,808,2,2,False
GMGCRCCCFCRGRGR,1,354,17,20,False
GMGCRSCCF*GCRTR,1,1459,1,1,True
GMGGRGCCFWRCRGR,1,710,2,2,False
GMGIRAGGGGKGRRR,1,57,64,76,False
GMGIRASGGGKARRR,1,245,4,5,False
GMGIRCCGCSKGRRR,1,1460,1,1,True
GMGIRPAACGNSRRR,1,1121,5,5,False
GMGIRRGGAAKGRRR,1,259,11,12,False
GMGIRRGGAGKCRRR,1,79,4,7,False
GMGIRRGGGGKGRRR,1,57,64,76,False
GMGRRGCCFCSGRGR,1,1456,2,2,False
GMRSRSCCF*RTRTR,1,889,2,2,False
GMSIRSAAAGKGRRR,1,1461,3,3,True
GQESEGQVEQRAGAG,1,1462,1,1,True
GR*RPEPAVSEQPEP,1,1463,2,2,True
GRCCCF*GSRSRVLA,1,1464,1,1,True
GRCESDLVQVQIPGA,1,1465,1,1,True
GRCESVHQREEMPGA,1,1466,1,1,True
GRCLAVAAVSAVAGA,1,1467,2,2,True
GRCQSDRRRRQRPGA,1,1468,1,1,True
GRCQSGLQLLEIAGA,1,338,9,10,False
GRFESGEGRGESPGA,1,1469,1,1,True
GRFESVVVVVQNAGA,1,1470,2,2,True
GRFQSDERDQENPGA,1,1471,2,2,True
GRFRAVAAVSGHPVP,2,309,2,3,True
GRIGIRRGGGSKGRR,1,1472,1,1,True
GRLESARVVGESAGG,1,1473,1,1,True
GRLQSGQLVLESPGA,1,1474,1,1,True
GRLQSVLRGGQMPGA,1,1475,1,1,True
GRLVAGAAVSVVAVA,1,1045,3,3,False
GRQESEREQEESAGA,1,1476,1,1,True
GRQQSGRLEQQRPGA,4,67,2,5,True
GRQQSVQREVQRPGA,1,67,2,5,False
GRSLADAAVSVAAGA,1,1467,2,2,False
GRSVPGAAVSARPEP,1,1477,1,1,True
GRWEAGAAVSGLAGA,1,1346,7,7,False
GRWESEEQGGERAGA,1,141,34,41,False
GRWQSALERRENPGA,1,1478,2,2,True
GRWQSGLLQREIPGA,1,1478,2,2,False
GRYESAGLRREIAGA,1,1479,2,2,True
GRYESDRREQESPGA,1,1190,3,3,False
GRYESGVVQEERAGA,3,116,5,7,True
GRYGAGPAVSAAAEP,1,1480,1,1,True
GRYQSAGRERERAGA,1,1479,2,2,False
GRYQSDVRLQQSPGA,1,1481,2,2,True
GRYQSVVGGVQSPGA,1,1481,2,2,False
GRYQSVVLLREIPGA,1,1482,1,1,True
GR_HPVAAVSERPGP,1,1483,1,1,True
GR_QPEPAVSGQPDP,1,1463,2,2,False
GR_RPEPAVSEEAVA,1,1484,1,1,True
GSMSIRWLRVKSPGA,1,1485,1,1,True
GV*IRRSSCGNCRRR,1,1486,2,2,True
GV*IRSGSGAKGRRR,1,310,3,4,False
GVAIRPGGGGKARRR,1,57,64,76,False
GVAIRRGGGGKGRRR,1,57,64,76,False
GVAIRRGGVQMAGAG,1,1487,1,1,True
GVAIRSAGGGNGRRR,1,1375,3,3,False
GVGGRGCCFCGCRCR,1,627,7,8,False
GVGIRRASAGKARRR,1,1121,5,5,False
GVGIRRGGGGKGRRR,1,57,64,76,False
GVGIRRGGGGNCRRR,2,57,64,76,False
GVGIRRW*GAKGRRR,2,310,3,4,True
GVGIRSGGGGKGRRR,1,57,64,76,False
GVRGRRRVLAPKLLK,1,1488,1,1,True
GV_SEGGGGEIAGAG,1,1489,1,1,True
GWISIRSSA**NSRR,1,1490,1,1,True
HDACRGCCFWSRRTR,1,1491,1,1,True
HDANPWLLFLLEPQQ,1,7,629,1764,False
HDATRGCCF*GSRSR,1,1492,1,1,True
HDCAPVLLFR*CRCR,2,311,3,4,True
HDDWPVPAVSDVAEA,1,467,2,3,False
HDFIRACCFCRRRSR,1,1493,1,1,True
HDFLPGLLFLLQPQQ,1,243,60,64,False
HDFPPLLLFLQWPLQ,1,312,10,12,False
HDFRPVLLFLQWPDQ,1,312,10,12,False
HDGAPLLLFLQWPIQ,1,312,10,12,False
HDGAPWLLFLQWPVQ,1,56,210,255,False
HDGLPLLLFLVWPQQ,2,68,51,63,False
HDGRPLLLFLQLPIQ,1,4,603,1344,False
HDHGPVLLFLHLPAQ,1,1494,2,2,True
HDHKPLLLFLQWPKQ,2,312,10,12,True
HDINPWLLFLHQPAQ,1,1,1197,10527,False
HDIVPLLLFLQWPVQ,1,312,10,12,False
HDLCPGLLFLQRPAQ,2,313,6,8,True
HDLWPMLLFLWQPVQ,1,156,79,85,False
HDLWPVLLFLQYPGQ,1,53,100,123,False
HDMLPLLLFLQRPLQ,1,9,239,562,False
HDMWPVLLFLGGPKQ,1,1495,4,4,True
HDNSPKLLFLSNPAQ,1,1496,8,8,True
HDNWPKLLFLLVPTQ,1,1496,8,8,False
HDPLPMLLFLWQPRQ,1,819,6,6,False
HDQAPRLLFLMIPKQ,1,1497,4,4,True
HDQFPLLLFLVLPQQ,1,68,51,63,False
HDQQPVLLFLLTPRQ,1,175,27,28,False
HDQQPWLLFLWTPGQ,1,68,51,63,False
HDQRPLLLFLVVPGQ,4,68,51,63,True
HDQRPWLLFLRRPWQ,1,68,51,63,False
HDQWPFLLFLSSPLQ,1,551,35,36,False
HDQWPQLLFLWVPKQ,1,68,51,63,False
HDRLPMLLFLWLPQQ,1,96,48,56,False
HDRNPWLLFLQWPVQ,1,56,210,255,False
HDRNPWLLFLRLPVQ,1,3,2229,22657,False
HDRRAVAAVSGGPAA,1,1498,1,1,True
HDRRPQLLFLMWPAQ,1,127,34,42,False
HDRRPWLLFLWQPVQ,1,24,22,31,False
HDSEPGLLFLEQPKQ,1,1499,4,4,True
HDSKPEPAVSELPEA,1,463,2,3,False
HDSKRSCCF*STRTR,1,1500,1,1,True
HDSNPWLLFLHLPQQ,1,3,2229,22657,False
HDSNPWLLFLRQPYQ,1,1,1197,10527,False
HDSRPLLLFLKTPRQ,1,68,51,63,False
HDSVPLLLFLNWPQQ,1,374,38,39,False
HDTGPVLLFLWRPHQ,1,41,88,103,False
HDTRPRLLFLQWPFQ,1,312,10,12,False
HDTTPKLLFLSTRSR,1,1501,2,2,True
HDTWPRLLFLMLPQQ,1,40,66,76,False
HDTYPSLLFLPEPLQ,1,1502,2,2,True
HDVGPWLLFLAQPAQ,1,1,1197,10527,False
HDVLPLLLFLLLPVL,1,518,22,24,False
HDVNPLLLFLWRPQQ,1,96,48,56,False
HDVNPMLLFLQWPRQ,1,15,198,343,False
HDVNPWLLFLHRPQQ,1,7,629,1764,False
HDVNPYLLFLKQPIQ,1,0,1628,17219,False
HDVNPYLLFLRKPQQ,4,7,629,1764,False
HDVWPLLLFLNNPKQ,1,469,21,23,False
HDVWPMLLFLQLPRQ,1,468,48,52,False
HDWCRCCCF*RARGR,1,1503,1,1,True
HDYNPWLLFLKRPQQ,1,0,1628,17219,False
HDYNPWLLFLMRPQQ,2,1,1197,10527,False
HDYNPWLLFLQRPGQ,1,9,239,562,False
HDYNPWLLFLTRPQQ,1,6,143,456,False
HDYNPYLLFLEQPSQ,1,0,1628,17219,False
HDYNPYLLFLKQPSQ,1,0,1628,17219,False
HDYQPLLLFLRLPRQ,1,1504,13,13,True
HGDGAGAAVSELAEA,1,1505,1,1,True
HGLDAGAAVSAVRRR,2,314,1,2,True
HG_QPEAAVSAQPVA,1,669,5,5,False
I*IRRGG*GKGRRRV,1,1506,1,1,True
ICQSEVRLLQSPGAG,1,1507,1,1,True
ID*NPMLLFLKVPAQ,4,3,2229,22657,False
IDANPFLLFLRQPIQ,1,7,629,1764,False
IDANPWLLFLQLPQQ,1,7,629,1764,False
IDANPWLLFLRMPNQ,1,7,629,1764,False
IDANPWLLFLRMPQQ,4,7,629,1764,False
IDANPWLLFLRQPVQ,5,7,629,1764,False
IDANPWLLFLRTPQQ,1,7,629,1764,False
IDANPYLLFLIKPQQ,1,7,629,1764,False
IDANPYLLFLRSPKQ,1,0,1628,17219,False
IDAQPLLLFLIRPKQ,2,315,13,15,True
IDAWPQLLFLITPQQ,1,118,35,41,False
IDCIRGWSASNCRRR,1,1508,2,2,True
IDCNPCCVIRKVPAQ,1,1074,5,5,False
IDCNPECGVREIAGA,1,698,3,3,False
IDCNPFLRLVEKAGA,1,475,3,4,False
IDCNPLMVRFKLPAQ,1,1509,3,3,True
IDCNPRMVCRKSPAQ,1,1509,3,3,False
IDCNPSCVGRESPGA,1,322,4,5,False
IDCNPTGSSGKGRRR,1,323,4,5,False
IDCNPVFFFFKFPAQ,1,336,8,10,False
IDCNRRAAAGKGRRR,1,530,8,9,False
IDEEPGLLFLRTPMR,1,1510,1,1,True
IDESPFLLFLQWPVQ,1,56,210,255,False
IDFESVVGLVQIPGA,1,1511,3,3,True
IDFGADAAVSVVPVP,1,1512,1,1,True
IDFGPLLLFLQCPLQ,1,453,36,38,False
IDFIRWSCSGNSRRR,1,340,16,18,False
IDFLPLAAVSVLPGP,1,1513,1,1,True
IDFMPTLLFLHRPRQ,1,1514,1,1,True
IDFNPACWGWKFPAQ,1,1094,2,2,False
IDFNPALERREIAGA,1,1515,2,2,True
IDFNPFFLFLKLPAQ,1,3,2229,22657,False
IDFNPFFLFLKVPAQ,4,11,557,1905,False
IDFNPFFLLLKMPAQ,1,11,557,1905,False
IDFNPFFLVWKFPAQ,1,25,160,263,False
IDFNPFFVFLKVPAQ,1,11,557,1905,False
IDFNPFLFFLKVPAQ,1,704,10,10,False
IDFNPFLGCFKLPAQ,1,358,19,20,False
IDFNPFLIFLKMPAQ,1,3,2229,22657,False
IDFNPFLLFLKFPAQ,1,3,2229,22657,False
IDFNPFLLFLKLPAQ,7,3,2229,22657,False
IDFNPFLLFLKVPAQ,1,3,2229,22657,False
IDFNPFLLFLQVPVQ,1,86,30,39,False
IDFNPFLLFLRKPSQ,1,12,343,758,False
IDFNPFLLFLRQPYQ,1,12,343,758,False
IDFNPFLLFLTQPSQ,1,2,509,4610,False
IDFNPFLVFLKFPAQ,5,3,2229,22657,False
IDFNPFLVFLKVPAQ,1,19,348,758,False
IDFNPFLVFLKWPAQ,2,3,2229,22657,False
IDFNPFMLFLKLPAQ,1,3,2229,22657,False
IDFNPFMMFLKLPAQ,1,3,2229,22657,False
IDFNPGQLVLEIAGA,1,698,3,3,False
IDFNPGVVGGKGPAQ,1,223,23,26,False
IDFNPLFFFLKLPAQ,1,3,2229,22657,False
IDFNPLFFSRKSRRR,1,101,7,9,False
IDFNPLFLLFKLPAQ,1,11,557,1905,False
IDFNPLFLLWKWPAQ,1,25,160,263,False
IDFNPLFVFLKFPAQ,1,155,109,133,False
IDFNPLFVFLKIPAQ,1,19,348,758,False
IDFNPLFVLLKLPAQ,1,11,557,1905,False
IDFNPLFVLWKLPAQ,2,25,160,263,False
IDFNPLLLFLIQPAQ,2,3,2229,22657,False
IDFNPLLLFLKFPAQ,2,3,2229,22657,False
IDFNPLLLFLKIPAQ,1,3,2229,22657,False
IDFNPLLLFLKLPAQ,3,3,2229,22657,False
IDFNPLLLFLKVPAQ,2,3,2229,22657,False
IDFNPLLLFLQWPTQ,1,4,603,1344,False
IDFNPLLLFLRHPNQ,1,12,343,758,False
IDFNPLLVFLKFPAQ,2,19,348,758,False
IDFNPLLVFLKLPAQ,2,3,2229,22657,False
IDFNPLLVLLKFPAQ,1,19,348,758,False
IDFNPLMLFLKVPAQ,2,3,2229,22657,False
IDFNPMFVFLKFPAQ,1,155,109,133,False
IDFNPMLFFLKFPAQ,2,3,2229,22657,False
IDFNPMLIFLKLPAQ,1,3,2229,22657,False
IDFNPMLLFLKLPAQ,2,3,2229,22657,False
IDFNPMLVFLKIPAQ,1,3,2229,22657,False
IDFNPMMLFLKFPAQ,2,91,121,166,False
IDFNPMSCS*NARRR,1,1516,2,2,True
IDFNPPASAGNCRRR,1,110,6,8,False
IDFNPSGVFSKFPAQ,1,219,41,49,False
IDFNPSLGICKVPAQ,1,1517,1,1,True
IDFNPTFVVRKGPGA,1,1518,1,1,True
IDFNPVCWCVKVPAQ,1,1519,6,6,True
IDFNPWFFFLKFPAQ,3,3,2229,22657,False
IDFNPWFFFLKVPAQ,1,704,10,10,False
IDFNPWFLFLKFPAQ,1,3,2229,22657,False
IDFNPWFVFLKFPAQ,2,155,109,133,False
IDFNPWFVFLKMPAQ,2,155,109,133,False
IDFNPWFVFLKVPAQ,1,155,109,133,False
IDFNPWLFFLKLPAQ,1,3,2229,22657,False
IDFNPWLIFLKVPAQ,1,3,2229,22657,False
IDFNPWLLFLFSPVQ,1,3,2229,22657,False
IDFNPWLLFLGGAEP,1,1520,1,1,True
IDFNPWLLFLIKPQQ,1,7,629,1764,False
IDFNPWLLFLKFPAQ,4,3,2229,22657,False
IDFNPWLLFLKKPKQ,1,0,1628,17219,False
IDFNPWLLFLKLPAQ,17,3,2229,22657,False
IDFNPWLLFLKNPQQ,1,3,2229,22657,False
IDFNPWLLFLKQPKQ,1,3,2229,22657,False
IDFNPWLLFLKQPRQ,1,3,2229,22657,False
IDFNPWLLFLKSPQQ,7,3,2229,22657,False
IDFNPWLLFLKVPAQ,2,3,2229,22657,False
IDFNPWLLFLLLPLQ,2,3,2229,22657,False
IDFNPWLLFLLQPLQ,1,1,1197,10527,False
IDFNPWLLFLLQPQQ,2,1,1197,10527,False
IDFNPWLLFLLQPVQ,1,243,60,64,False
IDFNPWLLFLLVPEQ,1,3,2229,22657,False
IDFNPWLLFLQLPAQ,1,3,2229,22657,False
IDFNPWLLFLQLPVQ,5,3,2229,22657,False
IDFNPWLLFLQRPAQ,2,3,2229,22657,False
IDFNPWLLFLQRPLQ,188,3,2229,22657,False
IDFNPWLLFLQRPRQ,1,9,239,562,False
IDFNPWLLFLQWPAQ,1,3,2229,22657,False
IDFNPWLLFLRQPGQ,2,1,1197,10527,False
IDFNPWLLFLRQPKQ,2,1,1197,10527,False
IDFNPWLLFLRQPQQ,4,7,629,1764,False
IDFNPWLLFLRQPWQ,1,1,1197,10527,False
IDFNPWLLFLRRPAQ,15,3,2229,22657,False
IDFNPWLLFLRRPLQ,1,3,2229,22657,False
IDFNPWLLFLRRPSQ,1,12,343,758,False
IDFNPWLLFLRTPFQ,1,3,2229,22657,False
IDFNPWLLFLRTPQQ,1,7,629,1764,False
IDFNPWLLFLRWPRQ,2,3,2229,22657,False
IDFNPWLLFLSQPRQ,1,1,1197,10527,False
IDFNPWLLFLSQPVQ,2,1,1197,10527,False
IDFNPWLLFLSSPQQ,1,3,2229,22657,False
IDFNPWLLFLSTPQQ,1,3,2229,22657,False
IDFNPWLLFLSYPLQ,1,3,2229,22657,False
IDFNPWLLFLTRPQQ,1,3,2229,22657,False
IDFNPWLLFLVQPDQ,1,1,1197,10527,False
IDFNPWLLFLWKPKQ,1,0,1628,17219,False
IDFNPWLLFLYQPAQ,1,3,2229,22657,False
IDFNPWLLFLYQPDQ,1,1,1197,10527,False
IDFNPWLLFLYQPKQ,1,1,1197,10527,False
IDFNPWLLFLYRPQQ,2,3,2229,22657,False
IDFNPWLLLLKLPAQ,1,3,2229,22657,False
IDFNPWLVFLKFPAQ,4,3,2229,22657,False
IDFNPWLVFLKLPAQ,22,3,2229,22657,False
IDFNPWLVFLKVPAQ,5,3,2229,22657,False
IDFNPWLVLLKFPAQ,2,3,2229,22657,False
IDFNPWLVLLKIPAQ,1,3,2229,22657,False
IDFNPYFIFLKVPAQ,1,11,557,1905,False
IDFNPYFLFLKLPAQ,3,3,2229,22657,False
IDFNPYFLFLKVPAQ,1,11,557,1905,False
IDFNPYFVFLKFPAQ,2,155,109,133,False
IDFNPYFVFLKVPAQ,1,11,557,1905,False
IDFNPYFVLLKVPAQ,2,11,557,1905,False
IDFNPYLFFLKVPAQ,1,704,10,10,False
IDFNPYLIFFKFPAQ,1,697,12,12,False
IDFNPYLIFLKFPAQ,2,3,2229,22657,False
IDFNPYLLFLAQPWQ,1,1,1197,10527,False
IDFNPYLLFLFRPQQ,1,12,343,758,False
IDFNPYLLFLKFPAQ,5,3,2229,22657,False
IDFNPYLLFLKIPAQ,1,3,2229,22657,False
IDFNPYLLFLKKPKQ,11,0,1628,17219,False
IDFNPYLLFLKLPAQ,1,3,2229,22657,False
IDFNPYLLFLKNPQQ,1,0,1628,17219,False
IDFNPYLLFLKQLKQ,1,0,1628,17219,False
IDFNPYLLFLKQPEQ,2,0,1628,17219,False
IDFNPYLLFLKQPKQ,95,0,1628,17219,False
IDFNPYLLFLKQPVQ,2,0,1628,17219,False
IDFNPYLLFLKRPKQ,1,0,1628,17219,False
IDFNPYLLFLKVPAQ,53,3,2229,22657,False
IDFNPYLLFLKVPEQ,1,0,1628,17219,False
IDFNPYLLFLKVPGA,1,1521,6,6,True
IDFNPYLLFLMMPQQ,1,12,343,758,False
IDFNPYLLFLQLPAQ,1,3,2229,22657,False
IDFNPYLLFLQRPKQ,1,9,239,562,False
IDFNPYLLFLQWPSQ,1,12,343,758,False
IDFNPYLLFLQWPVQ,1,15,198,343,False
IDFNPYLLFLRGPKQ,1,12,343,758,False
IDFNPYLLFLRQPKQ,1,12,343,758,False
IDFNPYLLFLRQPNQ,3,2,509,4610,False
IDFNPYLLFLRQPSQ,30,2,509,4610,False
IDFNPYLLFLSKPEQ,1,0,1628,17219,False
IDFNPYLLFLSKPKQ,1,0,1628,17219,False
IDFNPYLLFLSKPQQ,48,0,1628,17219,False
IDFNPYLLFLSKPYQ,2,0,1628,17219,False
IDFNPYLLFLSMPSQ,1,12,343,758,False
IDFNPYLLFLTIPRQ,1,2,509,4610,False
IDFNPYLLFLTKPRQ,3,0,1628,17219,False
IDFNPYLLFLTQPKQ,1,2,509,4610,False
IDFNPYLLFLTQPNQ,5,2,509,4610,False
IDFNPYLLFLTRPRQ,1,6,143,456,False
IDFNPYLLFLWGPGQ,1,1521,6,6,False
IDFNPYLLFLWKPDQ,1,0,1628,17219,False
IDFNPYLLFLYKPKQ,1,0,1628,17219,False
IDFNPYLLLLKLPAQ,1,3,2229,22657,False
IDFNPYLVFLKVPAQ,1,19,348,758,False
IDFNTYLLFLSQPRQ,1,1522,14,14,True
IDGGPFLLFLQWPGQ,1,637,44,44,False
IDGGPWLLFLLQPLQ,1,243,60,64,False
IDGGPWLLFLQWPSQ,2,29,67,92,False
IDGKSGGLWQERAGA,2,316,1,2,True
IDGMPYLLFLQWPVQ,1,15,198,343,False
IDGNPCCAGANSRRR,1,1523,2,2,True
IDGNPEGRRRKGPAQ,1,18,393,562,False
IDGNPFMASGKSRRR,1,1524,2,2,True
IDGNPGFGSGKLPAQ,1,718,7,7,False
IDGNPKRRRMKWPAQ,1,10,1116,1855,False
IDGNPKSRRRKRPAQ,2,10,1116,1855,False
IDGNPKVLWGKGPAF,1,1525,1,1,True
IDGNPLRVVGKVPAQ,1,250,31,34,False
IDGNPPSRRRKRPAQ,1,10,1116,1855,False
IDGNPPSSASNGRRR,1,930,3,3,False
IDGNPRRVRGKRPAQ,1,535,29,30,False
IDGNPRWFIGKVPAQ,1,1526,1,1,True
IDGNPSGGWSKVPAR,1,1527,1,1,True
IDGNPSGWMGKSPAQ,1,1156,13,13,False
IDGNPSSWGRKGRRR,1,184,5,6,False
IDGNPVGGSGQSAGA,1,248,9,10,False
IDGNPWGWRV*KGRR,1,1528,1,1,True
IDGQPNLLFLRYPAQ,1,1529,3,3,True
IDGRPWLLFLLQPQQ,1,242,52,57,False
IDGRPWLLFLQWPAQ,1,242,52,57,False
IDGVPVLLFLQSPQQ,1,53,100,123,False
IDGVPWLLFLRIPDQ,2,130,94,113,False
IDGVPWLLFLRQPKQ,1,130,94,113,False
IDGWPWLLFLQWPVQ,1,29,67,92,False
IDHDPEPAVSDQAGA,1,1530,2,2,True
IDHNPILLFLRDPKQ,1,1531,22,22,True
IDHNPWLLFLKQPKQ,1,1531,22,22,False
IDHNPYLLFLRNPKQ,1,1531,22,22,False
IDHNPYLLFLRQPQQ,1,1531,22,22,False
IDHNPYLLFLRQPSQ,1,12,343,758,False
IDHQPWLLFLFEPWQ,1,1532,1,1,True
IDIAPLLLFLRQPNQ,1,2,509,4610,False
IDIGPRLLFLWLPQQ,1,453,36,38,False
IDINPFWRLRESAGA,1,1533,2,2,True
IDINPVGRGEENAGA,1,1534,1,1,True
IDINPVMVWSKCRRR,1,1535,1,1,True
IDINPVVGVRQSPGA,1,725,3,3,False
IDINPWLLFLIQPKQ,1,23,142,268,False
IDINPWLLFLNHPQQ,1,7,629,1764,False
IDINPWLLFLRIPQQ,1,7,629,1764,False
IDINPWLLFLYKPKQ,1,0,1628,17219,False
IDINPWLLFLYKPLQ,1,7,629,1764,False
IDINPWLLFLYKPQQ,1,7,629,1764,False
IDINPYLLFLAQPWQ,1,1,1197,10527,False
IDINPYLLFLKQPKQ,1,0,1628,17219,False
IDINPYLLFLKSPQQ,16,0,1628,17219,False
IDINPYLLFLKYPIQ,1,0,1628,17219,False
IDINPYLLFLQYPIQ,1,2,509,4610,False
IDINPYLLFLSMPQQ,2,2,509,4610,False
IDISPKLLVSEEPEP,1,1536,1,1,True
IDIWPFLLF*GCRSR,1,1537,1,1,True
IDKEAEAAVSDEPDA,1,1538,2,2,True
IDKQPWLLFLWLPGQ,1,410,12,13,False
IDLGPWLLFLSSPYQ,1,1539,10,10,True
IDLKSVGVEEESPGA,1,983,2,2,False
IDLLPQLLFLWGPWQ,1,96,48,56,False
IDLNP*LLFLRQPYQ,2,14,52,95,False
IDLNPAGELQESPGA,1,189,4,5,False
IDLNPAGGCGKCRRR,1,247,30,35,False
IDLNPEVVQEEIAGA,1,1540,1,1,True
IDLNPFLIFLKFPAQ,1,91,121,166,False
IDLNPFMRGEIAGAG,1,1541,1,1,True
IDLNPFVWWCKLARR,1,1542,1,1,True
IDLNPKWRRSKRPAQ,2,10,1116,1855,False
IDLNPLCLLGKFPGA,1,359,7,9,False
IDLNPLWSCWKLPAQ,1,190,29,31,False
IDLNPQLFVFKLPAQ,1,1543,9,9,True
IDLNPRVSMVKIPRR,1,1544,1,1,True
IDLNPVELVGEIPGA,1,413,20,21,False
IDLNPVLLHHEIAGA,1,1545,1,1,True
IDLNPWLLFLKLPAQ,1,3,2229,22657,False
IDLNPWLLFLQLPVQ,1,4,603,1344,False
IDLNPWLLFLQQPRQ,4,1,1197,10527,False
IDLNPWLLFLQWPLQ,2,9,239,562,False
IDLNPWLLFLRGPRQ,1,7,629,1764,False
IDLNPWLLFLRQPKQ,5,1,1197,10527,False
IDLNPWLVFLKFPAQ,1,155,109,133,False
IDLNPYLLFLGLPQQ,1,658,8,8,False
IDLNPYLLFLKKPKQ,3,0,1628,17219,False
IDLNPYLLFLKQPKQ,13,0,1628,17219,False
IDLNPYLLFLKQPRQ,1,1522,14,14,False
IDLNPYLLFLKTPKQ,4,0,1628,17219,False
IDLNPYLLFLKTPQQ,46,0,1628,17219,False
IDLNPYLLFLLLPAQ,1,3,2229,22657,False
IDLNPYLLFLQWPVQ,1,15,198,343,False
IDLNPYLLFLRMPQQ,11,12,343,758,False
IDLNPYLLFLSQPRQ,1,1522,14,14,False
IDLNPYLLFLVQPKQ,1,0,1628,17219,False
IDLQPQLLFLTKPNQ,2,317,4,5,True
IDLQSDGRLQESPGA,1,1546,1,1,True
IDLWPPLLFLQRPVQ,1,53,100,123,False
IDMAPKLLFLGGPQQ,1,1495,4,4,False
IDMLPLLLFLQWPEQ,1,54,100,139,False
IDMNPAIVVSKSPAQ,1,1199,3,3,False
IDMNPCICCRKMPAQ,1,1547,1,1,True
IDMNPFFVFLKLPAQ,1,155,109,133,False
IDMNPFLLFLRRPNQ,1,9,239,562,False
IDMNPGGAGGKGRRR,1,247,30,35,False
IDMNPGGMRRKRPAQ,1,1548,11,11,True
IDMNPILLFLKQPKQ,1,1531,22,22,False
IDMNPLFIWLKWPAQ,1,1549,1,1,True
IDMNPLLLFLQFPAQ,1,4,603,1344,False
IDMNPLLLFLVQPYQ,3,54,100,139,False
IDMNPPSGAGKGRRR,1,477,11,12,False
IDMNPQVEDEERAGA,2,318,4,5,True
IDMNPRLLFLFSPGQ,1,647,10,10,False
IDMNPSCIVGKFPAQ,1,1550,2,2,True
IDMNPSIAWGNSRRR,1,1551,1,1,True
IDMNPWLFFLKLPAQ,1,3,2229,22657,False
IDMNPWLLFLKLPAQ,5,3,2229,22657,False
IDMNPWLLFLKLPQQ,1,3,2229,22657,False
IDMNPWLLFLKQPNQ,1,1,1197,10527,False
IDMNPWLLFLKQPWQ,17,1,1197,10527,False
IDMNPWLLFLLQPSQ,1,1,1197,10527,False
IDMNPWLLFLLWPVQ,1,9,239,562,False
IDMNPWLLFLNIPAQ,1,3,2229,22657,False
IDMNPWLLFLQSPNQ,2,9,239,562,False
IDMNPWLLFLRAPKQ,2,9,239,562,False
IDMNPWLLFLRAPRQ,2,7,629,1764,False
IDMNPWLLFLRIPAQ,2,3,2229,22657,False
IDMNPWLLFLRRPKQ,1,9,239,562,False
IDMNPWLLFLRRPNQ,1,9,239,562,False
IDMNPWLLFLRRPTQ,18,9,239,562,False
IDMNPWLLFLRYPKQ,1,9,239,562,False
IDMNPWLLFLSGPQQ,1,7,629,1764,False
IDMNPWLLFLSQPTQ,2,1,1197,10527,False
IDMNPWLLFLSQPVQ,2,1,1197,10527,False
IDMNPWLLFLSRPRQ,3,9,239,562,False
IDMNPWLLFLWKPAQ,1,3,2229,22657,False
IDMNPWLLLLKLPAQ,1,3,2229,22657,False
IDMNPYLLFLLKPQQ,1,0,1628,17219,False
IDMNPYLLFLQLPVQ,1,4,603,1344,False
IDMNPYLLFLRRPFQ,1,9,239,562,False
IDMNPYLLFLSQPYQ,8,2,509,4610,False
IDMNPYLLFLTKPQQ,1,0,1628,17219,False
IDMNPYLLFLTQPNQ,1,2,509,4610,False
IDMRPLLLFLQCPQQ,1,640,16,16,False
IDMRPWLLFLQEPQQ,1,9,239,562,False
IDNNPFLLFLRQPGQ,1,551,35,36,False
IDNNPWLLFLQVPVQ,1,4,603,1344,False
IDNQPKLLFLWRPWQ,1,315,13,15,False
IDNQSGVRQRQSPGA,3,117,2,4,True
IDNTPTLLFLSKPQQ,1,858,4,4,False
IDPCPSLLFLSSPNQ,1,1539,10,10,False
IDPWPMLLFLVQPVQ,1,156,79,85,False
IDQDAVAAVSAAAGP,1,1249,2,2,False
IDQESAQQREQSAGA,1,1552,1,1,True
IDQGPYLLFLLQPVQ,1,243,60,64,False
IDQLPWLLFLVYPVQ,1,423,16,19,False
IDQNPWLLFLRKPRQ,1,7,629,1764,False
IDQNPYLLFLRMPNQ,1,12,343,758,False
IDQRPFLLFLWDPKQ,1,523,7,8,False
IDQRPHLLFLWFPMQ,1,48,50,61,False
IDQTPQLLFLKSPGQ,1,199,16,17,False
IDQWPLLLFLMKPVQ,1,227,22,26,False
IDQWPRLLFLWWPVQ,1,227,22,26,False
IDQWPWLLFLSLPEQ,1,1246,13,13,False
IDRAPAAAVSGQAEP,1,209,3,4,False
IDRNPDRRVSKSPAR,1,1553,2,2,True
IDRNPNGRRRKGAGA,1,1262,15,15,False
IDRNPNGRRRKRPAQ,1,10,1116,1855,False
IDRNPNGRRRKSPAQ,1,10,1116,1855,False
IDRNPQRRGRKRPAQ,1,10,1116,1855,False
IDRNPQRRVSKRPAQ,1,1553,2,2,False
IDRNPQWRSSKGPAQ,1,1554,12,12,True
IDRNPRGRRRKRPAQ,1,10,1116,1855,False
IDRNPRGWGRRAGAG,1,1555,2,2,True
IDRNPRRRGRKRPAQ,1,10,1116,1855,False
IDRNPRRWRRKGPAQ,1,10,1116,1855,False
IDRNPSGCFGKSPAQ,1,488,10,11,False
IDRNPSGGFGKCPAQ,1,1556,2,2,True
IDRNPSGWEEERAGA,1,144,108,123,False
IDRNPSVCIGKVPAQ,1,987,4,4,False
IDRNPSVRSRKRPAQ,1,10,1116,1855,False
IDRNPTGRMAGAGFW,1,1557,1,1,True
IDRQPFLLFLVLPGQ,1,92,43,48,False
IDRQPWLLFLINPLQ,1,315,13,15,False
IDRRPVPAVSDQAGA,1,1530,2,2,False
IDRRPWLLFLVMPVQ,1,603,15,16,False
IDRSPWLLFLQLPMQ,1,424,27,28,False
IDRWPMLLVSDGAVA,1,1558,1,1,True
IDSIRC*SS*NCRRR,1,373,4,5,False
IDSIRRASS*KSRRR,1,200,5,6,False
IDSNPDQRLDESAGA,1,193,8,10,False
IDSNPGRGDGESAGA,1,365,35,37,False
IDSNPMGAWGKCRRR,1,247,30,35,False
IDSNPPRCISKIPAQ,1,1559,3,3,True
IDSNPQRRRGKRPAQ,1,10,1116,1855,False
IDSNPRDEGEKAGAG,1,1560,2,2,True
IDSNPRGGSLKRPAQ,1,994,2,2,False
IDSNPTGRIMKMAGA,1,1561,1,1,True
IDSNPWLLFLKRPRQ,1,3,2229,22657,False
IDSRPMLLFLWQPQQ,1,977,8,8,False
IDSVPLLLFLWAPQQ,1,374,38,39,False
IDSVPLLLFLWQPSQ,1,41,88,103,False
IDTNPWLLFLTRPQQ,1,6,143,456,False
IDTNPYLLFLKKPKQ,1,0,1628,17219,False
IDTNPYLLFLKQPNQ,1,2,509,4610,False
IDTNPYLLFLRLPQQ,8,7,629,1764,False
IDTNPYLLFLRQPKQ,1,1531,22,22,False
IDTNPYLLFLRQPTQ,1,2,509,4610,False
IDTQPKAAVSDDADA,1,1562,1,1,True
IDTRPYLLFLMLPQQ,1,1212,17,17,False
IDVDADAAVSGEAGA,1,1563,2,2,True
IDVDADAAVSGVAAA,1,1563,2,2,False
IDVESDQRGQEIPGA,1,1564,1,1,True
IDVKSGRRRQQMPGA,1,1565,1,1,True
IDVNPAGGQLQSPGA,1,435,2,3,False
IDVNPALGCGQMPGA,1,1566,1,1,True
IDVNPCVGFQSVGLV,2,319,1,2,True
IDVNPDGRRRKSPAQ,1,18,393,562,False
IDVNPFCFGFKSPAQ,1,1567,1,1,True
IDVNPFLLFLRTPQQ,5,7,629,1764,False
IDVNPGLRGRESPGA,1,194,6,7,False
IDVNPGRRHQENPGA,1,194,6,7,False
IDVNPHLLSEPPEPG,1,1568,1,1,True
IDVNPLGVIWKVPAQ,1,133,14,17,False
IDVNPLLDEVEIAGA,2,320,3,5,True
IDVNPLLGGDEMCRR,1,1569,1,1,True
IDVNPLLLFLRRPLQ,1,54,100,139,False
IDVNPPIFVSKVPAQ,1,1570,2,2,True
IDVNPPMFVGKVPAQ,1,1570,2,2,False
IDVNPQWGRRKGPAQ,1,18,393,562,False
IDVNPRRMGWKWPAQ,2,321,6,7,True
IDVNPSCVGQEIAGA,2,322,4,5,True
IDVNPSWRMRKMAGA,1,1571,1,1,True
IDVNPSWVWGKFPAQ,1,1339,5,5,False
IDVNPTCASANSRRR,1,1523,2,2,False
IDVNPTFCSGKMRRR,2,323,4,5,True
IDVNPTGSRSKVPAQ,1,162,19,23,False
IDVNPTVGWLEIPGA,1,1572,1,1,True
IDVNPWLLFLAQPQQ,1,1,1197,10527,False
IDVNPWLLFLEVPVQ,1,1352,11,11,False
IDVNPWLLFLIAPQQ,1,7,629,1764,False
IDVNPWLLFLKKPKQ,4,0,1628,17219,False
IDVNPWLLFLKQPAQ,1,3,2229,22657,False
IDVNPWLLFLKQPKQ,4,0,1628,17219,False
IDVNPWLLFLKQPNQ,3,1,1197,10527,False
IDVNPWLLFLKQPRQ,111,1,1197,10527,False
IDVNPWLLFLKQPVQ,1,1,1197,10527,False
IDVNPWLLFLKVPNQ,1,3,2229,22657,False
IDVNPWLLFLKYPIQ,1,3,2229,22657,False
IDVNPWLLFLLNPNQ,1,1573,36,36,True
IDVNPWLLFLLQPTQ,1,1573,36,36,False
IDVNPWLLFLMRPQQ,1,1573,36,36,False
IDVNPWLLFLNQPKQ,1,1573,36,36,False
IDVNPWLLFLNYPSQ,1,1573,36,36,False
IDVNPWLLFLQFPPQ,1,86,30,39,False
IDVNPWLLFLQLPAQ,1,3,2229,22657,False
IDVNPWLLFLQLPEQ,1,1573,36,36,False
IDVNPWLLFLQLPVQ,1,4,603,1344,False
IDVNPWLLFLQWPGQ,1,15,198,343,False
IDVNPWLLFLQWPQQ,1,15,198,343,False
IDVNPWLLFLQWPVQ,2,15,198,343,False
IDVNPWLLFLRFPQQ,1,7,629,1764,False
IDVNPWLLFLRKPSQ,1,7,629,1764,False
IDVNPWLLFLRLPQQ,1,7,629,1764,False
IDVNPWLLFLRLPVQ,1,1573,36,36,False
IDVNPWLLFLRMPNQ,1,1573,36,36,False
IDVNPWLLFLRMPRQ,1,1573,36,36,False
IDVNPWLLFLRMPSQ,1,12,343,758,False
IDVNPWLLFLRQPGQ,1,1573,36,36,False
IDVNPWLLFLRQPKQ,1,1531,22,22,False
IDVNPWLLFLRQPWQ,1,1,1197,10527,False
IDVNPWLLFLRTPFQ,1,1573,36,36,False
IDVNPWLLFLRVPQQ,1,7,629,1764,False
IDVNPWLLFLRVPRQ,1,1573,36,36,False
IDVNPWLLFLRYPIQ,3,7,629,1764,False
IDVNPWLLFLSHPNQ,1,1573,36,36,False
IDVNPWLLFLSQPAQ,1,1573,36,36,False
IDVNPWLLFLSQPVQ,3,1,1197,10527,False
IDVNPWLLFLSTPQQ,1,1573,36,36,False
IDVNPWLLFLSVPQQ,1,1573,36,36,False
IDVNPWLLFLTNPAQ,1,1573,36,36,False
IDVNPWLLFLTQPNQ,2,2,509,4610,False
IDVNPWLLFLTTPVQ,1,1573,36,36,False
IDVNPWLLFLVGPQQ,3,7,629,1764,False
IDVNPWLLFLVQPSQ,1,1573,36,36,False
IDVNPWLLFLYQPDQ,1,1573,36,36,False
IDVNPWLLFLYSPTQ,1,23,142,268,False
IDVNPYLLFLAQPWQ,1,1,1197,10527,False
IDVNPYLLFLIEPKQ,1,0,1628,17219,False
IDVNPYLLFLIQPSQ,1,2,509,4610,False
IDVNPYLLFLKKPKQ,4,0,1628,17219,False
IDVNPYLLFLQWPKQ,7,15,198,343,False
IDVNPYLLFLQWPQQ,1,15,198,343,False
IDVNPYLLFLRHPQQ,1,7,629,1764,False
IDVNPYLLFLRKPQQ,2,7,629,1764,False
IDVNPYLLFLRNPQQ,1,1573,36,36,False
IDVNPYLLFLRQPEQ,1,2,509,4610,False
IDVNPYLLFLSKPMQ,1,0,1628,17219,False
IDVNPYLLFLSQPRQ,2,2,509,4610,False
IDVNPYLLFLVQPRQ,1,357,26,27,False
IDVNPYLLFLWKPKQ,1,0,1628,17219,False
IDVNPYLLFLYTPQQ,2,15,198,343,False
IDVQPLLLFLLWPWQ,2,315,13,15,False
IDVWPLLLFLQLPGQ,1,4,603,1344,False
IDWNPFLMWLKLPAQ,1,39,164,242,False
IDWNPFSSGANARRR,1,746,2,2,False
IDWNPGRGRGKGPAQ,1,954,6,6,False
IDWNPLGVDEKAGAG,1,1178,2,2,False
IDWNPQRRGWKRPAQ,1,321,6,7,False
IDWNPVLLFLRQPKQ,1,1531,22,22,False
IDWNPWLLFLKFPAQ,1,3,2229,22657,False
IDWNPWLLFLKVPAQ,2,3,2229,22657,False
IDWNPWLLFLRQPRQ,1,130,94,113,False
IDWNPWLLFLSQPVQ,1,130,94,113,False
IDWNPWLLLLKVPAQ,1,39,164,242,False
IDWNPYCMLRKGPAQ,1,1574,1,1,True
IDWNPYFVLLKLPAQ,1,11,557,1905,False
IDWNPYLLFLHQPKQ,1,0,1628,17219,False
IDWNPYLLFLRKPKQ,2,0,1628,17219,False
IDWRPMLLFLQFPLQ,1,1575,6,6,True
IDWRPMLLFLQWPPQ,1,1575,6,6,False
IDYKPKLLFLIKPSQ,1,1576,5,5,True
IDYKPYLLFLKQPKQ,1,0,1628,17219,False
IDYKPYLLFLRQPKQ,1,0,1628,17219,False
IDYLPYLLFLIQPEQ,1,1576,5,5,False
IDYNP*LLFLRQPYQ,2,1,1197,10527,False
IDYNP*LLFLRVPAQ,1,14,52,95,False
IDYNPFLLFLQWPVQ,1,4,603,1344,False
IDYNPFLLFLRQPYQ,1,1,1197,10527,False
IDYNPFLLFLRTPQQ,3,7,629,1764,False
IDYNPFLLFLSLPRQ,1,6,143,456,False
IDYNPILLFLKQPKQ,1,0,1628,17219,False
IDYNPILLFLRKPKQ,1,1531,22,22,False
IDYNPILLFLRKPQQ,6,7,629,1764,False
IDYNPILLFLRWPKQ,1,1531,22,22,False
IDYNPLLLFLKRPWQ,1,0,1628,17219,False
IDYNPLLLFLLQPNQ,1,991,2,2,False
IDYNPLLLFLMVPQQ,1,1374,15,15,False
IDYNPLLLFLNQPNQ,1,1,1197,10527,False
IDYNPLLLFLQQPRQ,1,1,1197,10527,False
IDYNPLLLFLQRPLQ,1,4,603,1344,False
IDYNPLLLFLQWPIQ,1,54,100,139,False
IDYNPLLLFLQWPSQ,1,4,603,1344,False
IDYNPLLLFLQWPVQ,18,4,603,1344,False
IDYNPLLLFLRKPKQ,4,0,1628,17219,False
IDYNPLLLFLRLPVQ,1,4,603,1344,False
IDYNPLLLFLRNPQQ,3,7,629,1764,False
IDYNPLLLFLRQPSQ,1,1,1197,10527,False
IDYNPLLLFLSQPKQ,3,0,1628,17219,False
IDYNPLLLFLSQPRQ,14,1,1197,10527,False
IDYNPLLLFLSQPWQ,1,1,1197,10527,False
IDYNPLLLFLVQPSQ,1,1,1197,10527,False
IDYNPLLLFLVWPEQ,1,54,100,139,False
IDYNPMLLFLKKPKQ,1,0,1628,17219,False
IDYNPMLLFLKQPAQ,1,0,1628,17219,False
IDYNPMLLFLRAPQQ,1,6,143,456,False
IDYNPMLLFLRNPQQ,1,6,143,456,False
IDYNPMLLFLRQPNQ,6,1,1197,10527,False
IDYNPMLLFLRQPWQ,1,1,1197,10527,False
IDYNPMLLFLWSPKQ,1,0,1628,17219,False
IDYNPMLLFLYKPQQ,1,0,1628,17219,False
IDYNPNLLFLRQPKQ,1,1531,22,22,False
IDYNPSLLFLKDPAQ,1,0,1628,17219,False
IDYNPTLLFLQWPMQ,1,15,198,343,False
IDYNPWLLFLAQPQQ,1,1,1197,10527,False
IDYNPWLLFLAQPRQ,1,1,1197,10527,False
IDYNPWLLFLAQPWQ,21,1,1197,10527,False
IDYNPWLLFLARPQQ,2,1,1197,10527,False
IDYNPWLLFLFTPMQ,1,1,1197,10527,False
IDYNPWLLFLIVPQQ,1,1,1197,10527,False
IDYNPWLLFLKHPKQ,1,0,1628,17219,False
IDYNPWLLFLKLPQQ,1,3,2229,22657,False
IDYNPWLLFLKMPYQ,2,0,1628,17219,False
IDYNPWLLFLKQPKQ,3,0,1628,17219,False
IDYNPWLLFLKQPNQ,2,1,1197,10527,False
IDYNPWLLFLKWPMQ,1,0,1628,17219,False
IDYNPWLLFLKYPQQ,1,0,1628,17219,False
IDYNPWLLFLLARGR,2,324,3,4,True
IDYNPWLLFLLQPEQ,1,1,1197,10527,False
IDYNPWLLFLLQPGQ,7,1,1197,10527,False
IDYNPWLLFLLQPNQ,1,1573,36,36,False
IDYNPWLLFLLQPRQ,1,1,1197,10527,False
IDYNPWLLFLLQPVQ,2,1,1197,10527,False
IDYNPWLLFLQFPPQ,1,86,30,39,False
IDYNPWLLFLQLPGQ,1,1,1197,10527,False
IDYNPWLLFLQLPVQ,1,4,603,1344,False
IDYNPWLLFLQRPLQ,1,9,239,562,False
IDYNPWLLFLQRPRQ,1,6,143,456,False
IDYNPWLLFLQVPVQ,1,1374,15,15,False
IDYNPWLLFLQWPKQ,1,9,239,562,False
IDYNPWLLFLQWPVQ,1,56,210,255,False
IDYNPWLLFLQWPWQ,1,1,1197,10527,False
IDYNPWLLFLRAPKQ,1,1531,22,22,False
IDYNPWLLFLRGPWQ,1,1,1197,10527,False
IDYNPWLLFLRKPNQ,1,7,629,1764,False
IDYNPWLLFLRKPQQ,1,7,629,1764,False
IDYNPWLLFLRKPTQ,1,7,629,1764,False
IDYNPWLLFLRMPNQ,2,1,1197,10527,False
IDYNPWLLFLRMPRQ,4,1,1197,10527,False
IDYNPWLLFLRNPHQ,1,1573,36,36,False
IDYNPWLLFLRQPAQ,4,1,1197,10527,False
IDYNPWLLFLRQPGQ,1,1,1197,10527,False
IDYNPWLLFLRQPKQ,1,1,1197,10527,False
IDYNPWLLFLRQPRQ,2,1,1197,10527,False
IDYNPWLLFLRQPSQ,4,1,1197,10527,False
IDYNPWLLFLRQPTQ,1,1,1197,10527,False
IDYNPWLLFLRQPYQ,1,1,1197,10527,False
IDYNPWLLFLRTPFQ,2,1,1197,10527,False
IDYNPWLLFLRYPQQ,1,7,629,1764,False
IDYNPWLLFLSKPQQ,1,7,629,1764,False
IDYNPWLLFLSMPKQ,1,0,1628,17219,False
IDYNPWLLFLSQPKQ,1,1,1197,10527,False
IDYNPWLLFLSQPNQ,1,1,1197,10527,False
IDYNPWLLFLSQPVQ,3,1,1197,10527,False
IDYNPWLLFLSSPQQ,10,1,1197,10527,False
IDYNPWLLFLSVPQQ,4,1,1197,10527,False
IDYNPWLLFLTLPQQ,6,1,1197,10527,False
IDYNPWLLFLTQPNQ,2,1,1197,10527,False
IDYNPWLLFLTRPGQ,1,6,143,456,False
IDYNPWLLFLTRPKQ,9,6,143,456,False
IDYNPWLLFLTRPQQ,382,1,1197,10527,False
IDYNPWLLFLTRPRQ,1,6,143,456,False
IDYNPWLLFLTRPSQ,1,6,143,456,False
IDYNPWLLFLTRPYQ,2,6,143,456,False
IDYNPWLLFLTVPAQ,1,1,1197,10527,False
IDYNPWLLFLVQPAQ,2,1,1197,10527,False
IDYNPWLLFLVQPDQ,123,1,1197,10527,False
IDYNPWLLFLVQPLQ,1,1,1197,10527,False
IDYNPWLLFLVQPNQ,9,1,1197,10527,False
IDYNPWLLFLVQPPQ,2,1,1197,10527,False
IDYNPWLLFLVQPRQ,1,1,1197,10527,False
IDYNPWLLFLVQPSQ,2,1,1197,10527,False
IDYNPWLLFLVQPVQ,3,1,1197,10527,False
IDYNPWLLFLVQPYQ,1,1,1197,10527,False
IDYNPWLLFLVRPGQ,1,1,1197,10527,False
IDYNPWLLFLVRPQQ,1,1,1197,10527,False
IDYNPWLLFLYRPQQ,1,1,1197,10527,False
IDYNPWLLFQTLPQQ,1,1577,4,4,True
IDYNPYLLFLAQPWQ,9,1,1197,10527,False
IDYNPYLLFLARPQQ,1,0,1628,17219,False
IDYNPYLLFLEEPEA,1,1521,6,6,False
IDYNPYLLFLFNPKQ,1,0,1628,17219,False
IDYNPYLLFLGGPVQ,1,1374,15,15,False
IDYNPYLLFLGNPQQ,3,0,1628,17219,False
IDYNPYLLFLGVPGQ,1,1374,15,15,False
IDYNPYLLFLIMPVQ,1,0,1628,17219,False
IDYNPYLLFLINPIQ,1,0,1628,17219,False
IDYNPYLLFLINPKQ,1,0,1628,17219,False
IDYNPYLLFLINPQQ,64,0,1628,17219,False
IDYNPYLLFLINPWQ,1,0,1628,17219,False
IDYNPYLLFLINPYQ,1,0,1628,17219,False
IDYNPYLLFLIQPEQ,10,0,1628,17219,False
IDYNPYLLFLIQPKQ,1,0,1628,17219,False
IDYNPYLLFLISPQQ,1,0,1628,17219,False
IDYNPYLLFLKHPKQ,2,0,1628,17219,False
IDYNPYLLFLKIPKQ,3,0,1628,17219,False
IDYNPYLLFLKIPSQ,1,0,1628,17219,False
IDYNPYLLFLKKPKQ,64,0,1628,17219,False
IDYNPYLLFLKKPNQ,1,0,1628,17219,False
IDYNPYLLFLKKPQQ,2,0,1628,17219,False
IDYNPYLLFLKKPRQ,1,0,1628,17219,False
IDYNPYLLFLKMPKQ,1,0,1628,17219,False
IDYNPYLLFLKMPYQ,2,0,1628,17219,False
IDYNPYLLFLKNPQQ,57,0,1628,17219,False
IDYNPYLLFLKNPRQ,1,0,1628,17219,False
IDYNPYLLFLKQPAQ,1,0,1628,17219,False
IDYNPYLLFLKQPEQ,14,0,1628,17219,False
IDYNPYLLFLKQPIQ,2,0,1628,17219,False
IDYNPYLLFLKQPKQ,916,0,1628,17219,False
IDYNPYLLFLKQPNQ,16,0,1628,17219,False
IDYNPYLLFLKQPPQ,1,0,1628,17219,False
IDYNPYLLFLKQPQQ,6,0,1628,17219,False
IDYNPYLLFLKQPRQ,6,0,1628,17219,False
IDYNPYLLFLKQPSQ,3,0,1628,17219,False
IDYNPYLLFLKQPVQ,4,0,1628,17219,False
IDYNPYLLFLKQPWQ,4,0,1628,17219,False
IDYNPYLLFLKQPYQ,1,0,1628,17219,False
IDYNPYLLFLKRPQQ,50,0,1628,17219,False
IDYNPYLLFLKTPLQ,1,0,1628,17219,False
IDYNPYLLFLKTPQQ,1,0,1628,17219,False
IDYNPYLLFLKVPNQ,1,0,1628,17219,False
IDYNPYLLFLKWPIQ,1,0,1628,17219,False
IDYNPYLLFLKYPIQ,1,0,1628,17219,False
IDYNPYLLFLKYPQQ,1,0,1628,17219,False
IDYNPYLLFLKYPYQ,1,0,1628,17219,False
IDYNPYLLFLLVPQQ,1,0,1628,17219,False
IDYNPYLLFLLYPQQ,1,0,1628,17219,False
IDYNPYLLFLMMPFQ,1,0,1628,17219,False
IDYNPYLLFLMMPQQ,27,0,1628,17219,False
IDYNPYLLFLMTPQQ,1,0,1628,17219,False
IDYNPYLLFLNKPQQ,1,0,1628,17219,False
IDYNPYLLFLNLPKQ,1,0,1628,17219,False
IDYNPYLLFLNQPKQ,17,0,1628,17219,False
IDYNPYLLFLNRPQQ,1,0,1628,17219,False
IDYNPYLLFLQAPSQ,1,0,1628,17219,False
IDYNPYLLFLQIPNQ,1,0,1628,17219,False
IDYNPYLLFLQLPGQ,1,0,1628,17219,False
IDYNPYLLFLQLPLQ,1,0,1628,17219,False
IDYNPYLLFLQLPVQ,3,4,603,1344,False
IDYNPYLLFLQQPIQ,1,0,1628,17219,False
IDYNPYLLFLQRPNQ,6,0,1628,17219,False
IDYNPYLLFLQRPWQ,1,0,1628,17219,False
IDYNPYLLFLQVPLQ,1,0,1628,17219,False
IDYNPYLLFLQWPAQ,2,15,198,343,False
IDYNPYLLFLQWPSQ,1,15,198,343,False
IDYNPYLLFLQWPVQ,5,15,198,343,False
IDYNPYLLFLQYPIQ,2,0,1628,17219,False
IDYNPYLLFLRDPKQ,2,0,1628,17219,False
IDYNPYLLFLRIPQQ,1,0,1628,17219,False
IDYNPYLLFLRIPSQ,8,12,343,758,False
IDYNPYLLFLRKPKQ,8,0,1628,17219,False
IDYNPYLLFLRKPNQ,3,0,1628,17219,False
IDYNPYLLFLRKPQQ,186,0,1628,17219,False
IDYNPYLLFLRKPSQ,3,0,1628,17219,False
IDYNPYLLFLRKPTQ,1,0,1628,17219,False
IDYNPYLLFLRLPQQ,2,0,1628,17219,False
IDYNPYLLFLRMPNQ,2,12,343,758,False
IDYNPYLLFLRMPQQ,1,12,343,758,False
IDYNPYLLFLRMPRQ,2,12,343,758,False
IDYNPYLLFLRNPKQ,11,0,1628,17219,False
IDYNPYLLFLRNPQQ,2,0,1628,17219,False
IDYNPYLLFLRNPSQ,1,12,343,758,False
IDYNPYLLFLRQPAQ,2,0,1628,17219,False
IDYNPYLLFLRQPEQ,1,0,1628,17219,False
IDYNPYLLFLRQPIQ,1,0,1628,17219,False
IDYNPYLLFLRQPKQ,84,0,1628,17219,False
IDYNPYLLFLRQPNQ,28,2,509,4610,False
IDYNPYLLFLRQPPQ,1,0,1628,17219,False
IDYNPYLLFLRQPQQ,1,0,1628,17219,False
IDYNPYLLFLRQPSQ,3,12,343,758,False
IDYNPYLLFLRQPTQ,2,0,1628,17219,False
IDYNPYLLFLRQPWQ,2,1,1197,10527,False
IDYNPYLLFLRRPLQ,1,0,1628,17219,False
IDYNPYLLFLRRPQQ,4,0,1628,17219,False
IDYNPYLLFLRRPRQ,1,6,143,456,False
IDYNPYLLFLRRPSQ,4,12,343,758,False
IDYNPYLLFLRRPTQ,3,0,1628,17219,False
IDYNPYLLFLRSPHR,1,1578,8,8,True
IDYNPYLLFLRSPKQ,9,0,1628,17219,False
IDYNPYLLFLRSPRQ,3,0,1628,17219,False
IDYNPYLLFLRSPYQ,2,0,1628,17219,False
IDYNPYLLFLRVPKQ,1,0,1628,17219,False
IDYNPYLLFLRYPIQ,1,1578,8,8,False
IDYNPYLLFLRYPTQ,1,1578,8,8,False
IDYNPYLLFLRYPYQ,1,1578,8,8,False
IDYNPYLLFLSKPEQ,1,0,1628,17219,False
IDYNPYLLFLSKPFQ,1,0,1628,17219,False
IDYNPYLLFLSKPKQ,4,0,1628,17219,False
IDYNPYLLFLSKPLQ,1,0,1628,17219,False
IDYNPYLLFLSKPNQ,1,0,1628,17219,False
IDYNPYLLFLSKPPQ,1,0,1628,17219,False
IDYNPYLLFLSKPQQ,193,0,1628,17219,False
IDYNPYLLFLSKPSQ,1,0,1628,17219,False
IDYNPYLLFLSKPTQ,1,0,1628,17219,False
IDYNPYLLFLSKPWQ,2,0,1628,17219,False
IDYNPYLLFLSKPYQ,3,0,1628,17219,False
IDYNPYLLFLSNPQQ,6,0,1628,17219,False
IDYNPYLLFLSQPKQ,31,0,1628,17219,False
IDYNPYLLFLSQPNQ,3,2,509,4610,False
IDYNPYLLFLSQPQQ,2,0,1628,17219,False
IDYNPYLLFLSQPRQ,5,0,1628,17219,False
IDYNPYLLFLSQPSQ,1,1522,14,14,False
IDYNPYLLFLSQPVQ,3,0,1628,17219,False
IDYNPYLLFLSSPKQ,1,0,1628,17219,False
IDYNPYLLFLTFPLQ,1,0,1628,17219,False
IDYNPYLLFLTNPQQ,4,0,1628,17219,False
IDYNPYLLFLTQPKQ,72,0,1628,17219,False
IDYNPYLLFLTQPNQ,22,2,509,4610,False
IDYNPYLLFLTQPQQ,1,2,509,4610,False
IDYNPYLLFLTRPQQ,5,6,143,456,False
IDYNPYLLFLTVPAQ,2,0,1628,17219,False
IDYNPYLLFLTYPYQ,1,0,1628,17219,False
IDYNPYLLFLVNPQQ,2,0,1628,17219,False
IDYNPYLLFLVQPDQ,2,0,1628,17219,False
IDYNPYLLFLVQPNQ,1,2,509,4610,False
IDYNPYLLFLVQPPQ,5,0,1628,17219,False
IDYNPYLLFLVQPSQ,1,0,1628,17219,False
IDYNPYLLFLVRPQQ,1,0,1628,17219,False
IDYNPYLLFLWFPLQ,1,0,1628,17219,False
IDYNPYLLFLWGPKQ,1,0,1628,17219,False
IDYNPYLLFLWKPDQ,1,0,1628,17219,False
IDYNPYLLFLWKPKQ,2,0,1628,17219,False
IDYNPYLLFLWQPKQ,1,0,1628,17219,False
IDYNPYLLFLYKPQQ,2,0,1628,17219,False
IDYNPYLLFLYRPMQ,1,0,1628,17219,False
IDYNPYLLFLYRPQQ,1,0,1628,17219,False
IDYNPYLPFLKQPKQ,1,0,1628,17219,False
IDYSPYLLFLKQPKQ,1,0,1628,17219,False
ID_NPYLLFLSKPQQ,1,0,1628,17219,False
IGCRCCCFCRPRCRV,1,1579,1,1,True
IGFESVVGGGEMPGA,1,1580,1,1,True
IGFQSGRRRREMPGA,1,1581,3,3,True
IGFQSRWCSCANSRR,1,1582,1,1,True
IGMSIRPGSAANCRR,2,325,1,2,True
IGQESDREDRERPGA,1,1583,1,1,True
IGQESEDQRVENAGA,1,1584,1,1,True
IGQESEGVEGEKAGA,1,875,10,10,False
IGQESGVRHLQNAGA,1,1585,1,1,True
IGRKPNLLFLNIPMQ,1,1586,1,1,True
IGSEAEAAVSEEPDA,1,1538,2,2,False
IGWESDGVEGEKAGA,1,875,10,10,False
IGWESGGVEGERAGA,1,85,19,27,False
IGYESAHRQEEMAGA,1,804,2,2,False
IGYESDGQQGEIAGA,2,204,7,10,False
IGYESEGEDEQKAGA,2,326,8,9,True
IGYESEQEEQEIAGA,1,1587,2,2,True
IGYQSAVVLVENAGA,1,508,6,8,False
IGYQSDLRRLQSPGA,1,1588,1,1,True
IG_EPEAAVSDHPAP,1,1589,1,1,True
INFNPWLLFLQRPLQ,1,9,239,562,False
IQESEGEEVEKAGAG,1,1590,2,2,True
IRFQSVGVVLEIPGA,1,838,5,5,False
ISIRCSSC*NCRRRV,1,1591,2,2,True
ISIRSSCC*NCRRRV,1,1591,2,2,False
IVGIRRGAGAKARRR,1,151,5,7,False
IVSIRCASSANCRRR,1,1592,1,1,True
KDAEPKLLFLI*PCQ,1,1593,2,2,True
KDAEPKLLFLNKPQQ,1,1593,2,2,False
KDALAGAAVSGDAGP,1,1594,1,1,True
KDALPFLLFLQLPAQ,1,1595,8,8,True
KDAQPSLLFLMMPQQ,1,118,35,41,False
KDAWPELLFLSPPPQ,1,1596,1,1,True
KDAWPWLLFLQLPVQ,2,4,603,1344,False
KDCSPKLLFLTNPQQ,1,848,5,5,False
KDDSPALLFLLVPQQ,1,812,3,3,False
KDDWPLLLFLWQPAQ,2,41,88,103,False
KDDWPMLLFLFQPRQ,1,1597,5,5,True
KDEDPKLLFLANPQQ,1,118,35,41,False
KDEGAEPAVSDQPGA,1,1598,1,1,True
KDEKPMLLFLTQPNQ,1,2,509,4610,False
KDEKPWLLFLFQPAQ,2,242,52,57,False
KDEMPSLLFLRQPRQ,1,328,19,21,False
KDENPKLLFLSYPKQ,1,1599,7,7,True
KDEQPKLLFLVSRPR,1,1600,1,1,True
KDEQPQLLFLIGPGQ,1,118,35,41,False
KDEQPQLLFLIGPQQ,3,118,35,41,True
KDERPILLFLNKPKQ,1,1307,5,5,False
KDERPLLLFLVGPDP,1,1601,2,2,True
KDFAPRLLFLWRPQQ,1,96,48,56,False
KDFEPWLLFLLMPQQ,1,1602,12,12,True
KDFGPLLLFLWRPAQ,1,41,88,103,False
KDFGPRLLFLQWPVQ,2,56,210,255,False
KDFGPWLLFLALPQQ,1,1602,12,12,False
KDFIPNLLFLWYPRQ,1,544,8,10,False
KDFNPTLLFLRIPLQ,1,12,343,758,False
KDFNPWLLFLAQPWQ,1,1,1197,10527,False
KDFNPWLLFLKMPVQ,1,3,2229,22657,False
KDFNPWLLFLKNPQQ,1,3,2229,22657,False
KDFNPWLLFLKRPGQ,10,3,2229,22657,False
KDFNPWLLFLKRPVQ,1,3,2229,22657,False
KDFNPWLLFLLQPAQ,1,3,2229,22657,False
KDFNPWLLFLMEPQQ,1,1602,12,12,False
KDFNPWLLFLRKPTQ,1,7,629,1764,False
KDFNPWLLFLRLPMQ,1,3,2229,22657,False
KDFNPWLLFLTQPNQ,1,2,509,4610,False
KDFNPYLLFLIRPVQ,1,12,343,758,False
KDFNPYLLFLRAPQQ,1,12,343,758,False
KDFNPYLLFLRMPPQ,1,12,343,758,False
KDFNPYLLFLRMPVQ,1,12,343,758,False
KDFNPYLLFLRNPQQ,1,12,343,758,False
KDFNPYLLFLRQPRQ,1,12,343,758,False
KDFNPYLLFLRSPKQ,1,12,343,758,False
KDFNPYLLFLRYPKQ,1,12,343,758,False
KDFQPLLLFLIQPAQ,3,41,88,103,False
KDFSPLLLFLQWPEQ,1,119,11,13,False
KDFVPQLLFLRKPAQ,1,942,2,2,False
KDFWPSLLFLTVPAQ,1,1603,4,4,True
KDFWPVLLVSGAAGA,2,327,3,4,True
KDFYPILLFLSKPKQ,1,1307,5,5,False
KDGGPWLLFLQLPVQ,1,4,603,1344,False
KDGKPSLLFLRRPKQ,2,328,19,21,True
KDGLPYLLFLQWPSQ,1,15,198,343,False
KDGWPMLFCCCRSRV,1,1604,1,1,True
KDHKPDLLFLNQPEQ,1,329,11,13,False
KDHKPKLLFLGQPMQ,2,329,11,13,True
KDHKPNLLFLSQPKQ,1,329,11,13,False
KDHNPRLLVSDQPEP,2,330,2,4,True
KDHRPQLLFLVYPWQ,2,127,34,42,False
KDIFPWLLFLAQPWQ,1,1,1197,10527,False
KDIKPSLLFLRMPKQ,1,328,19,21,False
KDIMPQLLFLYWPQQ,2,118,35,41,False
KDINPWLLFLIQSSQ,1,23,142,268,False
KDINPWLLFLKQPTQ,1,23,142,268,False
KDINPWLLFLQAPPQ,1,9,239,562,False
KDINPWLLFLRLPGQ,1,3,2229,22657,False
KDINPWLLFLRTPQQ,1,7,629,1764,False
KDINPWLLFLSKPQQ,1,7,629,1764,False
KDINPWLLFLSQPRQ,1,1,1197,10527,False
KDINPWLLFLSYPQQ,2,7,629,1764,False
KDINPWLLFLTVPAQ,1,1603,4,4,False
KDINPWLLFLWQPQQ,1,1,1197,10527,False
KDINPYLLFLKKPKQ,2,0,1628,17219,False
KDINPYLLFLQFPVQ,2,2,509,4610,False
KDINPYLLFLRQPIQ,4,2,509,4610,False
KDINPYLLFLRQPKQ,3,2,509,4610,False
KDINPYLLFLSQPKQ,1,2,509,4610,False
KDINPYLLFLTQPNQ,1,2,509,4610,False
KDINPYLLFLVQPPQ,1,2,509,4610,False
KDINPYLLFLWQPNQ,2,2,509,4610,False
KDINPYLLFLWQPQQ,3,2,509,4610,False
KDIQPWLLFLLLPEQ,1,522,12,14,False
KDIRPYLLFLQKPKQ,1,0,1628,17219,False
KDISPKLLFLKNPAP,1,1496,8,8,False
KDISPRLLFLSKPKQ,1,1599,7,7,False
KDKFPALLFLRRPTQ,1,328,19,21,False
KDKIPALLFLEQAEA,1,1605,1,1,True
KDKIPKLLF*GSRSR,1,1606,2,2,True
KDKKPKAAVSDQPEP,1,856,3,3,False
KDKKPKLLFLIKPNQ,1,1576,5,5,False
KDKKPKLLFLNKPKQ,1,328,19,21,False
KDKKPKLLFLRQPAQ,2,329,11,13,False
KDKKPKLLVSDQPEP,2,330,2,4,False
KDKKPVLLFLMKPQQ,1,1607,3,3,True
KDKMPYLLFLRNPKQ,1,328,19,21,False
KDKNPWLLFLKQPEQ,1,1,1197,10527,False
KDKPAEAAVSEQPEA,1,1608,2,2,True
KDKQPKLLFLQKPDQ,1,331,9,11,False
KDKQPQLLFLKQPTQ,1,208,7,9,False
KDKQPRLLFLKTPWQ,1,119,11,13,False
KDKQPSLLFLILPMQ,1,118,35,41,False
KDKQPVPAVSEVAEA,1,760,2,2,False
KDKRPLLLFLWLPAQ,1,41,88,103,False
KDKSPKLAVSEEAEA,1,1609,2,2,True
KDKSPWLLFLIQPMQ,1,329,11,13,False
KDKVPLLLFLQTPCQ,3,119,11,13,True
KDLGPVLLFLQWPVQ,1,637,44,44,False
KDLNPWLLFLKQPGQ,3,1,1197,10527,False
KDLNPWLLFLSKPTQ,1,7,629,1764,False
KDLNPWLLFLSTPQQ,1,7,629,1764,False
KDLVPLLCF*CGRCR,1,1610,1,1,True
KDLWPMLLFLQWPLQ,1,20,111,133,False
KDLWPVLLFLQWPVQ,1,20,111,133,False
KDLWPWLLFLRWPAA,1,1611,2,2,True
KDMFPMLLFLLQPSQ,1,1597,5,5,False
KDMNPWLLFLISPQQ,1,23,142,268,False
KDMNPWLLFLMRPQQ,1,9,239,562,False
KDMNPWLLFLWQPNQ,1,1,1197,10527,False
KDMRPWLLFLQLPDQ,1,9,239,562,False
KDMSPILLFLSDPKQ,1,1531,22,22,False
KDMTPILLFLNQPKQ,1,1612,4,4,True
KDMWPLLLFLYQPQQ,1,156,79,85,False
KDMWPSLLFLQLPIQ,1,1595,8,8,False
KDNAPEPAVSDHADA,1,1613,2,2,True
KDNAPEPAVSDHAGA,1,1613,2,2,False
KDNAPTAAVSVQPGP,1,1614,1,1,True
KDNDPKLLFLRKPKQ,1,328,19,21,False
KDNEPDLLFLAKPMQ,1,331,9,11,False
KDNEPYLLF*TSRRR,1,1615,2,2,True
KDNKPKLLFLIFPQQ,1,98,8,10,False
KDNKPKLLFLKQPQQ,1,329,11,13,False
KDNKPKLLFLTEPTR,1,1616,2,2,True
KDNKRTCCF*PTRSR,1,1617,1,1,True
KDNNPDLLFLISPRQ,1,23,142,268,False
KDNNPKLLFLSPPWQ,1,1599,7,7,False
KDNNPQLLFLVNPKQ,1,331,9,11,False
KDNNPYLLFLKKPKQ,1,0,1628,17219,False
KDNNPYLLFLKKPRQ,1,0,1628,17219,False
KDNQPMLLFLVKPDQ,2,331,9,11,True
KDNQPNLLFLTDPKQ,1,331,9,11,False
KDNQPQLLFLMEPIQ,1,118,35,41,False
KDNQPQLLFLNNPKQ,1,118,35,41,False
KDNQPRLLFLEVPVQ,1,331,9,11,False
KDNSPNLLFLSQPYQ,1,24,22,31,False
KDPQPMLLFLAGAGA,1,1618,1,1,True
KDQFPKLLFLTSPQQ,1,199,16,17,False
KDQGPQLLFLSGPVQ,1,118,35,41,False
KDQKPMLLFLSTPSQ,1,979,5,5,False
KDQKPQLLFLSKPKQ,1,328,19,21,False
KDQKPWLLFLISPQQ,1,23,142,268,False
KDQLPVLLFLWVPMQ,1,138,47,50,False
KDQNPELLFLNDPKQ,1,1531,22,22,False
KDQNPWLLFLTWPRQ,1,6,143,456,False
KDQNPYLLFLQWPVQ,1,15,198,343,False
KDQQPKLLFLGRPEQ,1,329,11,13,False
KDQQPKLLFLSMPQQ,1,118,35,41,False
KDQQPRLLFLWWPVQ,1,56,210,255,False
KDQRPKLLFLSHPTQ,1,30,7,16,False
KDQRPLLLFLKQPKQ,1,68,51,63,False
KDQRPYLLFLNKPKQ,1,0,1628,17219,False
KDQSPKLLFLFFPEQ,1,48,50,61,False
KDQSPPLLFLGRPLQ,1,48,50,61,False
KDQWPYLLFLSFPQQ,1,20,111,133,False
KDQYPKLLFLMIPDQ,1,1497,4,4,False
KDRGPFLLFLWQPMQ,1,41,88,103,False
KDRHADAAVSGGAVA,1,1619,2,2,True
KDRHPKLLFLKQPRQ,1,329,11,13,False
KDRKPELLFLVTPVQ,1,1620,2,2,True
KDRLPRLLFLFVPQQ,1,96,48,56,False
KDRLPVLLFLESRGR,1,1621,2,2,True
KDRMPDLLFLVQPGQ,1,1620,2,2,False
KDRNPSLLFLKHPSQ,1,1622,3,3,True
KDRNPSLLFLRQPRQ,1,1622,3,3,False
KDRQPILLFLKMPKQ,1,1612,4,4,False
KDRQPRLLFLSNPKQ,1,1599,7,7,False
KDRQPSLLFLRKPKQ,1,328,19,21,False
KDRQPVLLFLNIPVQ,1,461,20,22,False
KDRQPVLLFLRTPKQ,1,328,19,21,False
KDRRPILLFLLRPQQ,1,96,48,56,False
KDRSPRLLFLMMPQQ,1,813,9,9,False
KDRTPLLLFLMVPQQ,1,284,25,28,False
KDRVPWLLFLIGPQQ,1,118,35,41,False
KDRWPLLLFLQWPMQ,2,73,128,146,False
KDRYPWLLFLQGPWQ,1,845,3,3,False
KDSAPVAAVSDEPEA,1,206,3,4,False
KDSDPYLLFLWMPQQ,1,1602,12,12,False
KDSGPWLLFLLQPDQ,1,243,60,64,False
KDSIPKLLFLINPAQ,1,1496,8,8,False
KDSIPYLLFLAQPWQ,1,1,1197,10527,False
KDSKPKLLF*SSRSR,1,1606,2,2,False
KDSKPNLLFLSQPGQ,1,329,11,13,False
KDSNPELLFLNEPNA,1,659,2,2,False
KDSNPFLRF*ATRPR,1,1623,2,2,True
KDSPPKLLFLKKPKQ,1,0,1628,17219,False
KDSQPELLF*STRPR,1,1623,2,2,False
KDSQPKLLFLPGPQQ,1,118,35,41,False
KDSQPLLLFLSVPTQ,1,727,9,9,False
KDSSPDLLVSEDPDP,1,1624,1,1,True
KDSSPELLFLIAPWA,1,1625,1,1,True
KDSSPQLLFRATRSR,1,857,3,3,False
KDSTPKLLFLFHPNQ,1,1626,1,1,True
KDSTPQLLFLKQPSQ,1,1100,5,5,False
KDTDPKLLFLLKPRQ,1,1627,1,1,True
KDTFPMLLFLSTRRR,1,1501,2,2,False
KDTKPDLLFLIKPGQ,1,517,9,10,False
KDTMPKLLFLSGPQQ,1,118,35,41,False
KDTNADAAVSEHAEA,1,1628,1,1,True
KDTNPKLLFLMNPQQ,1,848,5,5,False
KDTRPRLLFLITPEQ,1,458,21,22,False
KDTRPRLLFLRFPQQ,1,1629,4,4,True
KDTRPYLLFLRRPQQ,2,328,19,21,False
KDTSPALLFLTYPLQ,1,1630,1,1,True
KDTWPQLLFLVMPQQ,1,118,35,41,False
KDTWPRLLFLQWPVQ,1,56,210,255,False
KDVAPLLLFLSRPRQ,1,1310,7,7,False
KDVKPELLFLAQPWQ,1,1,1197,10527,False
KDVMPWLLFLQWPSQ,1,15,198,343,False
KDVNPILLFLLKPKQ,1,0,1628,17219,False
KDVNPVLLFLSQPSQ,1,1599,7,7,False
KDVNPWLLFLKQPLQ,1,1,1197,10527,False
KDVNPWLLFLRDPKQ,1,1531,22,22,False
KDVNPWLLFLRQPKQ,4,1,1197,10527,False
KDVNPWLLFLRQPRQ,1,1,1197,10527,False
KDVNPWLLFLRQPSQ,1,1,1197,10527,False
KDVNPWLLFLRRPQQ,1,7,629,1764,False
KDVNPYLLFLQWPVQ,2,15,198,343,False
KDVNPYLLFLRYPQQ,1,7,629,1764,False
KDVQPRLLFLMWPQQ,1,118,35,41,False
KDVRPLLLFLVGAGP,1,1601,2,2,False
KDVVPFLLFLMGPQQ,2,118,35,41,False
KDVWPVLLFLQWPNQ,1,15,198,343,False
KDWAPSLLFLMQPQQ,1,638,5,5,False
KDWCPQLLFLVSPGA,1,1631,3,3,True
KDWDPAPAVSDHAAP,1,1632,1,1,True
KDWGPLLLFLQRPQQ,1,4,603,1344,False
KDWNPWLLFLHRPQQ,1,7,629,1764,False
KDWNPWLLFLRKPAQ,1,7,629,1764,False
KDWRPWLLFLQLPDQ,2,4,603,1344,False
KDWWPLLLFLQSPTQ,1,4,603,1344,False
KDWWPVLLFLQWPLQ,1,73,128,146,False
KDYEPVLLFLLFPQQ,1,1602,12,12,False
KDYGPRLLFLRQPKQ,1,328,19,21,False
KDYNP*LLFLRQPYQ,1,1,1197,10527,False
KDYNPLLLFLRDPKQ,1,1531,22,22,False
KDYNPWLLFLAQPWQ,2,1,1197,10527,False
KDYNPWLLFLFKPQQ,1,7,629,1764,False
KDYNPWLLFLHKPEQ,1,0,1628,17219,False
KDYNPWLLFLKIPQQ,1,0,1628,17219,False
KDYNPWLLFLKNPKQ,1,0,1628,17219,False
KDYNPWLLFLKNPQQ,2,0,1628,17219,False
KDYNPWLLFLKQPQQ,2,1,1197,10527,False
KDYNPWLLFLKVPYQ,1,0,1628,17219,False
KDYNPWLLFLQLPVQ,1,4,603,1344,False
KDYNPWLLFLQRPRQ,2,6,143,456,False
KDYNPWLLFLQWPVQ,1,56,210,255,False
KDYNPWLLFLRQPAQ,1,1,1197,10527,False
KDYNPWLLFLRQPEQ,1,1,1197,10527,False
KDYNPWLLFLRQPTQ,1,1,1197,10527,False
KDYNPWLLFLRRPSQ,2,1,1197,10527,False
KDYNPWLLFLRRPWQ,1,1,1197,10527,False
KDYNPWLLFLRSPKQ,1,0,1628,17219,False
KDYNPWLLFLRVPVQ,1,1374,15,15,False
KDYNPWLLFLRYPKQ,2,0,1628,17219,False
KDYNPWLLFLRYPQQ,39,7,629,1764,False
KDYNPWLLFLRYPYQ,1,1,1197,10527,False
KDYNPWLLFLYRPLQ,1,1,1197,10527,False
KDYNPYLLFLGNPQQ,1,0,1628,17219,False
KDYNPYLLFLIRPQQ,7,0,1628,17219,False
KDYNPYLLFLKIPSQ,1,0,1628,17219,False
KDYNPYLLFLKKPKQ,2,0,1628,17219,False
KDYNPYLLFLKKPQQ,1,0,1628,17219,False
KDYNPYLLFLKNPQQ,1,0,1628,17219,False
KDYNPYLLFLKRPRQ,1,0,1628,17219,False
KDYNPYLLFLNLPKQ,1,0,1628,17219,False
KDYNPYLLFLRQPKQ,1,0,1628,17219,False
KDYNPYLLFLRQPMQ,1,0,1628,17219,False
KDYNPYLLFLRSPRQ,1,1578,8,8,False
KDYNPYLLFLRTPQQ,2,0,1628,17219,False
KDYNPYLLFLTQPNQ,2,2,509,4610,False
KDYNPYLLFLVQPYQ,1,0,1628,17219,False
KDYNPYLLFLWQPQQ,5,0,1628,17219,False
KDYNPYLLFLYRPKQ,1,0,1628,17219,False
KDYNPYLLFLYRPQQ,11,0,1628,17219,False
KDYQPQLLFLSNPKQ,1,118,35,41,False
KG*EPEPAVSELADP,1,1633,3,3,True
KG*QPGAAVSEQPEA,1,831,5,5,False
KGCEAVAAVSVPAVA,2,332,7,9,True
KGCQAEPAVSDVAEA,1,1634,1,1,True
KGQESAEEEEEKAGA,2,99,134,161,False
KGQESEEEQQEKAGA,1,1635,4,4,True
KGQQAGAAVSVQPEP,1,1636,1,1,True
KGQQPEAAVSEQAVP,1,579,5,6,False
KGYQSEHREEQRAGA,5,51,2,6,True
KG_EPVPAVSEQPEA,1,836,3,3,False
KG_QAEAAVSEQPVP,1,579,5,6,False
KG_VPEPAVSEEAEP,1,1633,3,3,False
KRSRPEAAVSEAAAA,1,1637,1,1,True
L*IRGWCA*NCRRRV,1,36,3,8,False
LD*IRACCSSNCRRR,1,898,3,3,False
LD*IRC*GC*NCRRR,1,1050,9,9,False
LD*IRCAWG*NCRRR,1,1050,9,9,False
LD*IRCCCA*KCRRR,1,392,7,9,False
LD*IRCCCS*KCRRR,2,132,6,9,False
LD*IRCCSC*NCRRR,2,215,27,32,False
LD*IRCCSSSNSRRR,1,340,16,18,False
LD*IRCWSC*NCRRR,1,215,27,32,False
LD*IRSAGSANSRRR,1,340,16,18,False
LD*IRSCSC*NCRRR,1,215,27,32,False
LD*IRSGSCGKSGAG,2,333,2,4,True
LD*IRSGSSGIPGAG,2,333,2,4,False
LD*IRSSCWGKCRRR,2,215,27,32,False
LD*IRWCGC*NCRRR,1,1050,9,9,False
LD*IRWWSC*NCRRR,1,215,27,32,False
LD*SVVLLLEMPGAG,5,52,1,5,True
LDAAAAVSGVPVPGF,1,1638,1,1,True
LDAAPLLLFLVLPQQ,1,374,38,39,False
LDACRCCCFCCCRCR,1,354,17,20,False
LDACRSCCF*SCRCR,1,354,17,20,False
LDAGPLLLFLQWPDQ,1,73,128,146,False
LDAIR*SSWSNARRR,1,1639,1,1,True
LDAIRAGAGGKGRRR,1,57,64,76,False
LDALPLLLFLLLPVQ,1,584,26,30,False
LDALPQLLFLLLPVQ,1,584,26,30,False
LDALPVLLFLQWPLQ,2,73,128,146,False
LDALPVLLFLVWPQQ,1,374,38,39,False
LDANPWLLFLSQPDQ,1,1,1197,10527,False
LDANPWLLFLWSPQQ,2,7,629,1764,False
LDANPYLLFLKQPEQ,1,0,1628,17219,False
LDANPYLLFLKQPKQ,1,0,1628,17219,False
LDANPYLLFLRQPFQ,1,2,509,4610,False
LDANPYLLFLRQPRQ,1,357,26,27,False
LDAQPKLLFLVLPLQ,1,92,43,48,False
LDAQPRLLFLWWPPQ,1,148,23,27,False
LDAQPWLLFLKQPQQ,1,3,2229,22657,False
LDARPMLLFLMLPQQ,1,127,34,42,False
LDARPWLLFLQWPGQ,1,56,210,255,False
LDATPMLLFLLQPGQ,1,213,9,10,False
LDAVPCCCFCCSRSR,1,1640,1,1,True
LDAVPLLLFLQWPAQ,1,73,128,146,False
LDAVPVLLFLWWPQQ,1,374,38,39,False
LDAWPGLLFLVVPSQ,1,73,128,146,False
LDAWPLLLFLQRPVQ,1,4,603,1344,False
LDAWPLLLFLQWPVQ,1,73,128,146,False
LDAWPMLLFLIQPGR,1,1641,1,1,True
LDAWPQLLFLRWPQQ,1,7,629,1764,False
LDAWPWLLFLQWPLQ,1,73,128,146,False
LDCCRCCCF*ATRSR,1,1642,2,2,True
LDCESAHRLVQIPGA,2,334,1,2,True
LDCESGGLEGESPGA,1,293,10,12,False
LDCESVHLLDEIAGA,2,335,3,4,True
LDCESVVLGGEIAGA,1,335,3,4,False
LDCESVVVHGERAGA,1,1643,6,6,True
LDCIR*SCC*NCRRR,1,215,27,32,False
LDCIRCSCSSNSRRR,1,340,16,18,False
LDCIRSSAC*NCRRR,1,215,27,32,False
LDCIRWSCG*NCRRR,1,215,27,32,False
LDCKSAEVVGEMPGA,1,239,2,3,False
LDCKSGVGLLEIAGA,1,338,9,10,False
LDCKSVHLDVESAGA,1,335,3,4,False
LDCLPLLLFLGLPWQ,1,127,34,42,False
LDCLPLLRFCGCRSR,1,1644,1,1,True
LDCMPWLLFLWWPVQ,1,56,210,255,False
LDCNPAGGLVKVPAQ,1,688,8,8,False
LDCNPCLLRLKWPAQ,1,3,2229,22657,False
LDCNPDFFFVKVPAQ,2,336,8,10,True
LDCNPEVFLFKFPAQ,1,25,160,263,False
LDCNPFASAGKSRRR,1,1645,2,2,True
LDCNPFFVVGKFPAQ,1,381,22,23,False
LDCNPFLGWFKFPGR,1,1646,2,2,True
LDCNPFSVLLKCPAQ,1,369,20,21,False
LDCNPGF*WAKARRR,1,1061,4,4,False
LDCNPGGWA*KSRRR,1,1645,2,2,False
LDCNPGVGVGEIAGA,1,365,35,37,False
LDCNPGVVGVERAGA,1,64,33,38,False
LDCNPLCFLLKCPGA,1,359,7,9,False
LDCNPLCLFLKVPAQ,1,3,2229,22657,False
LDCNPLCVLFKCRRR,1,401,5,6,False
LDCNPLFVFVKFPAQ,1,219,41,49,False
LDCNPLLLLKMPAQG,1,152,12,19,False
LDCNPLLLVCKVPAQ,1,906,5,5,False
LDCNPLLVC*KSRRR,1,347,48,51,False
LDCNPLLVLLKLPAQ,1,3,2229,22657,False
LDCNPLMVVFKFPGR,1,1646,2,2,False
LDCNPLVCGGKCPAQ,1,395,2,3,False
LDCNPLVLCFNSRRR,1,1647,2,2,True
LDCNPLVLLCKLPAQ,1,124,39,45,False
LDCNPLVVAPSRARQ,1,1367,3,3,False
LDCNPLVVLCKLPAQ,1,181,23,25,False
LDCNPLVVLLNCRRR,1,367,12,13,False
LDCNPLWFIMKVPAQ,1,336,8,10,False
LDCNPLWLLLKFPAQ,1,124,39,45,False
LDCNPMCGLLKLPAQ,2,46,24,36,False
LDCNPMCVLWKWPAQ,1,369,20,21,False
LDCNPMIFLRKSPGA,1,1648,2,2,True
LDCNPNLLLLKLPAQ,1,3,2229,22657,False
LDCNPQCLGCKLPAQ,1,181,23,25,False
LDCNPS*GAANARRR,1,1649,1,1,True
LDCNPSFSVIKFPAQ,1,1650,2,2,True
LDCNPSGCAGNSRRR,1,899,4,4,False
LDCNPSIFVVEMPGA,1,1651,2,2,True
LDCNPSLCGLKCPAQ,1,382,15,17,False
LDCNPSLGLVKLPAQ,1,1652,6,6,True
LDCNPSVRLGQIAGA,1,27,28,43,False
LDCNPSVVLVKWAGA,1,120,25,29,False
LDCNPSWCLRQIPGA,1,1653,1,1,True
LDCNPTFVFLKLPAQ,1,3,2229,22657,False
LDCNPTWLVIKFPAQ,1,1650,2,2,False
LDCNPVCSS*KGRRR,2,337,4,5,True
LDCNPVCVCVKFPAQ,1,37,12,17,False
LDCNPVGGGGQMPGA,1,72,10,15,False
LDCNPVGLLVESAGA,1,129,12,14,False
LDCNPVLGCCFCSGR,1,1654,1,1,True
LDCNPVLVLLERPGA,1,1655,4,4,True
LDCNPVLVLVENAGA,1,383,22,24,False
LDCNPVMVLLKFPAQ,1,369,20,21,False
LDCNPVVGVVESAGA,1,64,33,38,False
LDCNPVVLFVKGPAQ,1,336,8,10,False
LDCNPVVVGVEKAGA,1,64,33,38,False
LDCNPWCGG*NGRRR,1,337,4,5,False
LDCNPWLVLLKWPAQ,1,3,2229,22657,False
LDCNPWVGGGQKAGA,1,365,35,37,False
LDCNPWVGGGQNAGA,1,365,35,37,False
LDCNPWVLLMKLPAA,1,1656,3,3,True
LDCNPYCVRLKFPAQ,1,1074,5,5,False
LDCNPYGVVGQIAGA,1,352,8,9,False
LDCNPYSSCGNCRRR,1,122,12,17,False
LDCNRCCWCGKCRRR,1,1051,3,3,False
LDCNRCSGS*NCRRR,1,1657,2,2,True
LDCNSVVRVGEIAGA,1,408,3,4,False
LDCNSVVVLLESPGA,1,1655,4,4,False
LDCQSARHRQQSPGA,1,1658,2,2,True
LDCQSGGRLLEIAGA,2,338,9,10,True
LDCRRSCCFCRSRCR,1,1659,3,3,True
LDCVVLGVEIAGAGF,1,1660,1,1,True
LDCWPWLLFLVQPRQ,1,357,26,27,False
LDDGPLLLFLLGPSQ,1,1661,5,5,True
LDDWPWLLFLQWPVQ,1,56,210,255,False
LDELPLLLFLQWPVQ,1,4,603,1344,False
LDELPWLLFLQWPVQ,1,56,210,255,False
LDEMPVLLFLQWPWQ,1,53,100,123,False
LDEQPVLLFLLQRAG,2,339,2,3,True
LDESDGQEEERAGAG,1,1662,1,1,True
LDEWPLLLFLQVPAQ,1,73,128,146,False
LDEWPLLLFLQWPAQ,1,73,128,146,False
LDEWPLLLFLQWPVR,1,73,128,146,False
LDEWPWLLFLQLPAQ,1,3,2229,22657,False
LDEWPWLLFLVLPQQ,1,3,2229,22657,False
LDFAPCLLFLQGPWQ,1,1663,3,3,True
LDFESVDLVVQIPGA,1,795,4,4,False
LDFESVDVGLESPGA,1,1664,3,3,True
LDFESVLVGREIAGA,1,1664,3,3,False
LDFESVRGLVESAGA,1,443,4,5,False
LDFFPMLLFLQNPRQ,1,1313,4,4,False
LDFFPWLLFLQMPQQ,1,1602,12,12,False
LDFGPQLLFLYWPPQ,1,127,34,42,False
LDFGPVLLFLQWPEQ,1,637,44,44,False
LDFGPWLLFLLVPWQ,1,3,2229,22657,False
LDFGPWLLFLWEPDQ,1,3,2229,22657,False
LDFIRCCCSANSRRR,2,340,16,18,True
LDFIRCCSCSNCRRR,1,122,12,17,False
LDFIRCSCCANCRRR,2,340,16,18,False
LDFIRCWCW*NSRRR,1,340,16,18,False
LDFIRWCCW*KGRRR,1,132,6,9,False
LDFKPTLLFLQWPFQ,1,73,128,146,False
LDFKSAVDGVEIAGA,1,736,4,4,False
LDFKSDDLLDEMPGA,2,341,3,4,True
LDFKSDRRRREIPGA,1,1665,1,1,True
LDFKSGDVVGESAGA,1,216,6,7,False
LDFKSGHRRLEIAGA,1,338,9,10,False
LDFKSGLRLREMPGA,1,341,3,4,False
LDFKSVLLVLEIAGA,1,694,7,7,False
LDFKSVLVVLEIAGA,1,694,7,7,False
LDFKSVVGGVEIPGA,1,908,4,4,False
LDFKSVVGLLEMPGA,1,182,6,8,False
LDFKSVVGVLEIAGA,2,182,6,8,False
LDFKSVVLRLEIAGA,1,182,6,8,False
LDFKSVVRLVEIAGA,1,182,6,8,False
LDFKSVVRVVEIAGA,1,694,7,7,False
LDFKSVVVVGESAGA,1,216,6,7,False
LDFLPLLLFLSCRRR,1,662,3,3,False
LDFLPLLLFLWWPVQ,1,374,38,39,False
LDFLPLLLFLYWPGP,1,1666,7,7,True
LDFLPVLLFLQAPSQ,1,73,128,146,False
LDFMPLLLFLLSPKQ,1,374,38,39,False
LDFMPLLLFLLWPVQ,1,374,38,39,False
LDFNP*LLFLRQPYQ,1,3,2229,22657,False
LDFNP*MFFLKLPAQ,1,3,2229,22657,False
LDFNPACIIVKFPAQ,1,219,41,49,False
LDFNPALGREENPGA,1,342,10,11,False
LDFNPALRHRENPGA,2,342,10,11,True
LDFNPAQRDQEMAGA,1,1667,2,2,True
LDFNPARVVREIPGA,1,189,4,5,False
LDFNPASCGRKGPAQ,2,343,2,3,True
LDFNPAVVLLEIPGA,1,120,25,29,False
LDFNPAWRV*KCRRR,1,401,5,6,False
LDFNPCFIFLKLRRR,1,220,9,10,False
LDFNPCGGLVESAGA,1,70,6,9,False
LDFNPCGGVRESPGA,1,171,10,15,False
LDFNPCGLRLQSPGA,1,129,12,14,False
LDFNPCLCCWKLPAQ,1,699,4,4,False
LDFNPCLFGWKVPGR,1,1668,2,2,True
LDFNPCLLCIKLPAQ,1,3,2229,22657,False
LDFNPCLLCWKFPAQ,1,3,2229,22657,False
LDFNPCLLRLQIAGA,1,1669,3,3,True
LDFNPCLLVFKLPAQ,1,3,2229,22657,False
LDFNPCLVHLEIPGA,1,397,5,6,False
LDFNPCRGLVEIAGA,1,120,25,29,False
LDFNPCSCS*NCRRR,1,217,14,15,False
LDFNPCVMLVKGPAA,1,1670,3,3,True
LDFNPCVVLGKGPAQ,1,1670,3,3,False
LDFNPCWWC*NGRRR,1,347,48,51,False
LDFNPDGLGVQMAGA,1,129,12,14,False
LDFNPDLLDVEIAGA,1,120,25,29,False
LDFNPDLLLIKIPAQ,1,3,2229,22657,False
LDFNPFCCVFEIPGA,2,344,5,6,True
LDFNPFCFMWKVPAQ,3,25,160,263,False
LDFNPFCGGVQIAGA,4,69,21,28,True
LDFNPFCGGVQIPGA,2,69,21,28,False
LDFNPFCMFVKVPAQ,1,219,41,49,False
LDFNPFCVLCKSRRR,1,1671,4,4,True
LDFNPFCVLFKIAGA,1,69,21,28,False
LDFNPFFCFMKFPAQ,1,25,160,263,False
LDFNPFFCILKLPAQ,1,528,24,31,False
LDFNPFFFFLKFPAQ,1,25,160,263,False
LDFNPFFFFLKLPAQ,2,3,2229,22657,False
LDFNPFFFFLKMPAQ,2,3,2229,22657,False
LDFNPFFFFLKSRRR,1,220,9,10,False
LDFNPFFFFLKVPAQ,2,336,8,10,False
LDFNPFFFLFKLPAQ,1,25,160,263,False
LDFNPFFFLLKFPAQ,1,25,160,263,False
LDFNPFFFLLKLPAQ,1,25,160,263,False
LDFNPFFFLWKLPGR,1,25,160,263,False
LDFNPFFFLWKSRRR,1,1671,4,4,False
LDFNPFFFVFKVPAQ,1,25,160,263,False
LDFNPFFFVLKLPAQ,1,528,24,31,False
LDFNPFFGMWKWAGA,1,1672,2,2,True
LDFNPFFIFLKFPAQ,1,3,2229,22657,False
LDFNPFFIFLKVPAQ,1,3,2229,22657,False
LDFNPFFILLKVPAQ,1,11,557,1905,False
LDFNPFFLFCKLPGA,1,350,6,7,False
LDFNPFFLFLKFPAQ,3,3,2229,22657,False
LDFNPFFLFLKGPAQ,1,3,2229,22657,False
LDFNPFFLFLKLPAQ,30,3,2229,22657,False
LDFNPFFLFLKMPAQ,8,3,2229,22657,False
LDFNPFFLFLKRPAQ,1,3,2229,22657,False
LDFNPFFLFLKVPAQ,40,3,2229,22657,False
LDFNPFFLFLKVPVQ,1,3,2229,22657,False
LDFNPFFLFMKWPAQ,1,3,2229,22657,False
LDFNPFFLLFKLPAQ,3,3,2229,22657,False
LDFNPFFLLLKFPAQ,19,11,557,1905,False
LDFNPFFLLLKGPAQ,1,11,557,1905,False
LDFNPFFLLLKIPAQ,2,11,557,1905,False
LDFNPFFLLLKLPAQ,91,3,2229,22657,False
LDFNPFFLLLKMPAQ,4,11,557,1905,False
LDFNPFFLLLKVPAQ,20,11,557,1905,False
LDFNPFFLLLKWPAQ,2,11,557,1905,False
LDFNPFFLLMKCPAQ,1,11,557,1905,False
LDFNPFFLMLKLPVQ,1,3,2229,22657,False
LDFNPFFLVLKFPAQ,1,3,2229,22657,False
LDFNPFFLVLKLPAQ,1,3,2229,22657,False
LDFNPFFLWLKLPAQ,2,3,2229,22657,False
LDFNPFFMLLKLPAQ,1,3,2229,22657,False
LDFNPFFVFFKFPAQ,1,697,12,12,False
LDFNPFFVFLKFPAQ,5,3,2229,22657,False
LDFNPFFVFLKLPAQ,9,3,2229,22657,False
LDFNPFFVFLKLPAR,1,3,2229,22657,False
LDFNPFFVFLKMPAQ,1,3,2229,22657,False
LDFNPFFVFLKVPAQ,8,3,2229,22657,False
LDFNPFFVFWKLPAQ,1,3,2229,22657,False
LDFNPFFVIREMPGA,1,1673,6,6,True
LDFNPFFVLFKFPAQ,1,25,160,263,False
LDFNPFFVLFKLPAQ,1,25,160,263,False
LDFNPFFVLFKWPAQ,1,25,160,263,False
LDFNPFFVLLKFPAQ,10,11,557,1905,False
LDFNPFFVLLKLPAQ,14,3,2229,22657,False
LDFNPFFVLLKMPAQ,3,11,557,1905,False
LDFNPFFVLLKVPAQ,4,11,557,1905,False
LDFNPFFVLLKWPAQ,1,11,557,1905,False
LDFNPFFVMGKFPAQ,1,25,160,263,False
LDFNPFGLLFKFPGA,1,359,7,9,False
LDFNPFGVVRKVPAQ,1,381,22,23,False
LDFNPFIFFWKIAGA,1,914,3,3,False
LDFNPFIFLLKLAGA,1,915,6,6,False
LDFNPFILLLKLPGA,1,915,6,6,False
LDFNPFLFFLKFPAQ,9,3,2229,22657,False
LDFNPFLFFLKLPAQ,11,3,2229,22657,False
LDFNPFLFFLKMPAQ,1,3,2229,22657,False
LDFNPFLFFLKVPAQ,19,3,2229,22657,False
LDFNPFLFLFKVPAQ,1,25,160,263,False
LDFNPFLFLLKFPAQ,4,25,160,263,False
LDFNPFLFLLKLPAQ,8,3,2229,22657,False
LDFNPFLFLLKVPAQ,3,3,2229,22657,False
LDFNPFLFVLKSRRR,1,16,7,20,False
LDFNPFLGLVKLPAQ,1,1652,6,6,False
LDFNPFLGS*NCRRR,1,347,48,51,False
LDFNPFLIFLKFPAQ,3,3,2229,22657,False
LDFNPFLIFLKLPAQ,7,3,2229,22657,False
LDFNPFLIFLKMPAQ,2,3,2229,22657,False
LDFNPFLIFLKRPAQ,1,3,2229,22657,False
LDFNPFLIFLKVPAQ,10,3,2229,22657,False
LDFNPFLILLKFPAQ,2,3,2229,22657,False
LDFNPFLILLKLPAQ,2,3,2229,22657,False
LDFNPFLILLKMPAQ,1,39,164,242,False
LDFNPFLILLKRPAQ,1,3,2229,22657,False
LDFNPFLIMLKLPAQ,1,3,2229,22657,False
LDFNPFLIMLKVPAQ,1,3,2229,22657,False
LDFNPFLLFKLPAQG,1,1674,7,7,True
LDFNPFLLFLKFPAQ,45,3,2229,22657,False
LDFNPFLLFLKIPAQ,6,3,2229,22657,False
LDFNPFLLFLKIPVQ,1,3,2229,22657,False
LDFNPFLLFLKLPAQ,237,3,2229,22657,False
LDFNPFLLFLKMPAQ,9,3,2229,22657,False
LDFNPFLLFLKVPAQ,75,3,2229,22657,False
LDFNPFLLFLKVPRR,1,3,2229,22657,False
LDFNPFLLFLKWPAQ,1,3,2229,22657,False
LDFNPFLLGLKLPAQ,1,3,2229,22657,False
LDFNPFLLLKVPAQG,1,1674,7,7,False
LDFNPFLLLLKFPAQ,26,3,2229,22657,False
LDFNPFLLLLKIPAQ,1,3,2229,22657,False
LDFNPFLLLLKLPAQ,103,3,2229,22657,False
LDFNPFLLLLKMPAQ,9,3,2229,22657,False
LDFNPFLLLLKQPAQ,2,3,2229,22657,False
LDFNPFLLLLKVPAQ,15,3,2229,22657,False
LDFNPFLLLLKWPAQ,5,3,2229,22657,False
LDFNPFLLLLKWPQG,1,1675,1,1,True
LDFNPFLLLLLKLPA,1,1676,6,6,True
LDFNPFLLMLKFPAQ,3,3,2229,22657,False
LDFNPFLLMLKLPAQ,1,3,2229,22657,False
LDFNPFLLMLKVPAQ,1,3,2229,22657,False
LDFNPFLLMLKWPAQ,1,3,2229,22657,False
LDFNPFLLVFKVPAQ,1,3,2229,22657,False
LDFNPFLLVLKVPAQ,1,3,2229,22657,False
LDFNPFLLWLKFPAQ,1,3,2229,22657,False
LDFNPFLLWLKLPAQ,1,3,2229,22657,False
LDFNPFLLWLKMPAQ,1,3,2229,22657,False
LDFNPFLLWLKVPAQ,2,3,2229,22657,False
LDFNPFLMFLKFPAQ,1,3,2229,22657,False
LDFNPFLMFLKLPAQ,2,3,2229,22657,False
LDFNPFLMFLKVPAQ,2,3,2229,22657,False
LDFNPFLMLLKFPAQ,2,3,2229,22657,False
LDFNPFLMLLKLPAQ,3,3,2229,22657,False
LDFNPFLVFLKFPAQ,37,3,2229,22657,False
LDFNPFLVFLKLPAQ,16,3,2229,22657,False
LDFNPFLVFLKMPAQ,1,3,2229,22657,False
LDFNPFLVFLKVPAQ,16,3,2229,22657,False
LDFNPFLVFLKWPAQ,1,3,2229,22657,False
LDFNPFLVGQIAGAG,1,1677,3,3,True
LDFNPFLVLIKFPAQ,1,697,12,12,False
LDFNPFLVLLKFPAQ,7,3,2229,22657,False
LDFNPFLVLLKLPAQ,20,3,2229,22657,False
LDFNPFLVLLKMPAQ,1,39,164,242,False
LDFNPFLVLLKQPAQ,1,3,2229,22657,False
LDFNPFLVLLKVPAQ,9,19,348,758,False
LDFNPFLVWLKMPAQ,1,19,348,758,False
LDFNPFLVWSNGRRR,1,367,12,13,False
LDFNPFLWLLKLPAQ,1,3,2229,22657,False
LDFNPFMFFLKVPAQ,1,704,10,10,False
LDFNPFMFLLKLPAQ,1,3,2229,22657,False
LDFNPFMILLKLPAQ,1,3,2229,22657,False
LDFNPFMILLKVPAQ,1,11,557,1905,False
LDFNPFMLFLKFPAQ,4,3,2229,22657,False
LDFNPFMLFLKIPAQ,1,3,2229,22657,False
LDFNPFMLFLKLPAQ,16,3,2229,22657,False
LDFNPFMLFLKVPAQ,16,3,2229,22657,False
LDFNPFMLLFKLPAQ,1,3,2229,22657,False
LDFNPFMLLFKWPAQ,1,124,39,45,False
LDFNPFMLLFLKLPA,1,1676,6,6,False
LDFNPFMLLLKFPAQ,9,3,2229,22657,False
LDFNPFMLLLKIPAQ,1,3,2229,22657,False
LDFNPFMLLLKLPAQ,69,3,2229,22657,False
LDFNPFMLLLKLPVQ,1,3,2229,22657,False
LDFNPFMLLLKMPAQ,3,39,164,242,False
LDFNPFMLLLKSPAQ,1,3,2229,22657,False
LDFNPFMLLLKVPAQ,11,11,557,1905,False
LDFNPFMLWLKLPAQ,1,3,2229,22657,False
LDFNPFMLWLKRPAQ,2,3,2229,22657,False
LDFNPFMLWLKVPAQ,2,165,80,105,False
LDFNPFMMFLKFPAQ,1,91,121,166,False
LDFNPFMVFLKLPAQ,1,3,2229,22657,False
LDFNPFMVFLKMPAQ,1,3,2229,22657,False
LDFNPFMVLLKFPAQ,3,25,160,263,False
LDFNPFMVLLKLPAQ,2,3,2229,22657,False
LDFNPFMVLLKMPAQ,2,39,164,242,False
LDFNPFMVLLKWPAQ,1,369,20,21,False
LDFNPFRVLFKFPAQ,1,697,12,12,False
LDFNPFRVVVQSAGA,1,364,10,12,False
LDFNPFSRQERPGAG,2,345,2,4,True
LDFNPFVFLFKLPAQ,1,358,19,20,False
LDFNPFVGLQESPGA,1,1678,2,2,True
LDFNPFVLLLKLPAQ,1,3,2229,22657,False
LDFNPFVVFVKFPAQ,1,219,41,49,False
LDFNPFVVLFKLPAQ,1,358,19,20,False
LDFNPFVVLLKGPAQ,1,369,20,21,False
LDFNPFWFCVKLPAQ,1,358,19,20,False
LDFNPFWFFCKFPAQ,2,25,160,263,False
LDFNPFWVLLKVPAQ,1,11,557,1905,False
LDFNPFWVS*KCRRR,1,401,5,6,False
LDFNPFWVVFKLPAQ,1,358,19,20,False
LDFNPGFVLLKLPRR,1,1679,4,4,True
LDFNPGGEQEEKAGA,1,144,108,123,False
LDFNPGGGRPRRWF*,1,55,2,6,False
LDFNPGLLVVEIPGA,1,397,5,6,False
LDFNPGRGWLTKLLK,1,1680,1,1,True
LDFNPGVVVLESPGA,1,171,10,15,False
LDFNPHFFFMKCPGA,1,350,6,7,False
LDFNPHLGGVQSPGA,1,69,21,28,False
LDFNPICFSLKFPAQ,1,25,160,263,False
LDFNPICVVGEIPGA,1,344,5,6,False
LDFNPIFLFLKVPAQ,1,3,2229,22657,False
LDFNPIFVSCKFPAQ,1,25,160,263,False
LDFNPILFFLKVPAQ,1,3,2229,22657,False
LDFNPILLFLKLPAQ,2,3,2229,22657,False
LDFNPILLLFKLPAQ,1,3,2229,22657,False
LDFNPILVLLKVPAQ,1,19,348,758,False
LDFNPIRVQLEMAGA,2,346,2,3,True
LDFNPKGRVMKMPAQ,1,527,17,18,False
LDFNPKLLMMKCPAQ,1,3,2229,22657,False
LDFNPLCFFRESAGA,2,123,8,12,False
LDFNPLCFLVKVAGA,1,1681,4,4,True
LDFNPLCGVVEIAGA,1,69,21,28,False
LDFNPLCILCKCPAQ,3,25,160,263,False
LDFNPLCLGVKLPAQ,2,3,2229,22657,False
LDFNPLCRLGKVPAQ,2,25,160,263,False
LDFNPLCSCSNSRRR,1,347,48,51,False
LDFNPLCSSSNCRRR,1,347,48,51,False
LDFNPLCVFWKLPAQ,2,219,41,49,False
LDFNPLCVLFKWPAQ,1,25,160,263,False
LDFNPLCVLLKLPAQ,1,3,2229,22657,False
LDFNPLFCLLKLPAQ,1,25,160,263,False
LDFNPLFFC*NCRRR,1,347,48,51,False
LDFNPLFFFLKLPAQ,4,3,2229,22657,False
LDFNPLFFFLKSAGA,1,901,2,2,False
LDFNPLFFFLKVPAQ,2,25,160,263,False
LDFNPLFFLFKFPAQ,1,25,160,263,False
LDFNPLFFLLKFPAQ,3,25,160,263,False
LDFNPLFFLLKLPAQ,18,3,2229,22657,False
LDFNPLFFLLKVPAQ,1,25,160,263,False
LDFNPLFFLSKLPGA,1,25,160,263,False
LDFNPLFFLWKFPAQ,9,25,160,263,True
LDFNPLFFLWKIPAQ,1,25,160,263,False
LDFNPLFFLWKLPAQ,3,25,160,263,False
LDFNPLFFMLKFPAQ,1,25,160,263,False
LDFNPLFFVWKLPAQ,1,25,160,263,False
LDFNPLFFWFKFPAQ,1,25,160,263,False
LDFNPLFFWFKLPAQ,1,25,160,263,False
LDFNPLFFWFKLPGR,1,1682,3,3,True
LDFNPLFFWLKVPAQ,1,19,348,758,False
LDFNPLFGVFKFPAQ,1,25,160,263,False
LDFNPLFIFWKFPAQ,1,25,160,263,False
LDFNPLFILLKFPAQ,2,25,160,263,False
LDFNPLFILLKLPAQ,1,25,160,263,False
LDFNPLFLCLKLPAA,1,3,2229,22657,False
LDFNPLFLFFKVPAQ,1,3,2229,22657,False
LDFNPLFLFLKFPAQ,4,3,2229,22657,False
LDFNPLFLFLKLPAQ,3,3,2229,22657,False
LDFNPLFLFLKVPAQ,7,3,2229,22657,False
LDFNPLFLLFKFPAQ,1,25,160,263,False
LDFNPLFLLFKLPAQ,3,25,160,263,False
LDFNPLFLLGEIAGA,1,120,25,29,False
LDFNPLFLLLKFPAQ,8,25,160,263,False
LDFNPLFLLLKLPAQ,36,3,2229,22657,False
LDFNPLFLLLKMPAQ,8,11,557,1905,False
LDFNPLFLLLKSPAQ,1,11,557,1905,False
LDFNPLFLLLKVPAQ,11,11,557,1905,False
LDFNPLFLLMKWPAQ,1,25,160,263,False
LDFNPLFLMLKRPAQ,1,3,2229,22657,False
LDFNPLFLMLKVPAQ,2,11,557,1905,False
LDFNPLFLSSKSRRR,1,695,3,3,False
LDFNPLFLVLKLPAQ,1,3,2229,22657,False
LDFNPLFLWLKLPAQ,1,3,2229,22657,False
LDFNPLFLWLKVPAQ,2,11,557,1905,False
LDFNPLFMFLKMRRR,1,220,9,10,False
LDFNPLFMLLKFPAQ,1,25,160,263,False
LDFNPLFSVLEIAGA,1,1092,4,4,False
LDFNPLFVCSNSRRR,1,101,7,9,False
LDFNPLFVFFKFPAQ,1,25,160,263,False
LDFNPLFVFLKFPAQ,9,25,160,263,False
LDFNPLFVFLKLPAQ,20,3,2229,22657,False
LDFNPLFVFLKMPAQ,3,3,2229,22657,False
LDFNPLFVFLKVPAQ,34,3,2229,22657,False
LDFNPLFVFLKWPAQ,1,3,2229,22657,False
LDFNPLFVFMKVPAQ,1,19,348,758,False
LDFNPLFVFVKLPAQ,2,219,41,49,False
LDFNPLFVLFKLPAQ,2,25,160,263,False
LDFNPLFVLFKVPAQ,1,25,160,263,False
LDFNPLFVLLKFPAQ,8,25,160,263,False
LDFNPLFVLLKLPAQ,12,3,2229,22657,False
LDFNPLFVLLKLPEQ,1,1679,4,4,False
LDFNPLFVLLKVPAQ,4,11,557,1905,False
LDFNPLFVLWKFPAQ,2,25,160,263,False
LDFNPLFVLWKLPAQ,9,25,160,263,False
LDFNPLFVMLKMPAQ,1,19,348,758,False
LDFNPLGCCVKGPAQ,1,685,5,5,False
LDFNPLGGGVQIAGA,1,69,21,28,False
LDFNPLGIFLKFPAQ,1,3,2229,22657,False
LDFNPLGVGVESAGA,1,383,22,24,False
LDFNPLGVLVKLPGA,1,350,6,7,False
LDFNPLICLLKLPAQ,1,3,2229,22657,False
LDFNPLIFLLESPGA,1,590,8,9,False
LDFNPLLCLLKLPAQ,1,3,2229,22657,False
LDFNPLLFA*NCRRR,1,347,48,51,False
LDFNPLLFC*NCRRR,2,347,48,51,True
LDFNPLLFC*NSRRR,1,347,48,51,False
LDFNPLLFFLKFPAQ,12,3,2229,22657,False
LDFNPLLFFLKGPAQ,1,3,2229,22657,False
LDFNPLLFFLKLPAQ,11,3,2229,22657,False
LDFNPLLFFLKVPAQ,2,3,2229,22657,False
LDFNPLLFHLQIPGA,1,45,8,12,False
LDFNPLLFLLKFPAQ,1,25,160,263,False
LDFNPLLFLLKLPAQ,12,3,2229,22657,False
LDFNPLLFLLKVPAQ,5,19,348,758,False
LDFNPLLFMLKLPAQ,3,3,2229,22657,False
LDFNPLLFWLKMPAQ,1,19,348,758,False
LDFNPLLGFLKLPAQ,1,3,2229,22657,False
LDFNPLLGLESPGAV,1,1683,3,3,True
LDFNPLLGLLKMPAQ,1,3,2229,22657,False
LDFNPLLGVVKGPAQ,1,142,20,22,False
LDFNPLLGVWKVPAQ,1,19,348,758,False
LDFNPLLIFLKFPAQ,7,3,2229,22657,False
LDFNPLLIFLKLPAQ,7,3,2229,22657,False
LDFNPLLIFLKMPAQ,2,3,2229,22657,False
LDFNPLLIFLKSPAQ,1,3,2229,22657,False
LDFNPLLIFLKVPAQ,8,3,2229,22657,False
LDFNPLLILLKFPAQ,1,25,160,263,False
LDFNPLLILLKLPAQ,2,3,2229,22657,False
LDFNPLLILLKRPAQ,1,3,2229,22657,False
LDFNPLLILLKVPAQ,2,19,348,758,False
LDFNPLLILMKMPAQ,1,25,160,263,False
LDFNPLLILMKWPAR,1,1684,2,2,True
LDFNPLLLC*NSRRR,1,347,48,51,False
LDFNPLLLCLKGPAQ,1,3,2229,22657,False
LDFNPLLLDGQIAGA,1,1669,3,3,False
LDFNPLLLFFKLPAQ,1,3,2229,22657,False
LDFNPLLLFFKVPAQ,1,3,2229,22657,False
LDFNPLLLFLCCRGR,1,1685,4,4,True
LDFNPLLLFLGRPQQ,2,3,2229,22657,False
LDFNPLLLFLKFPAQ,139,3,2229,22657,False
LDFNPLLLFLKFPGA,1,1521,6,6,False
LDFNPLLLFLKIPAQ,8,3,2229,22657,False
LDFNPLLLFLKLPAQ,176,3,2229,22657,False
LDFNPLLLFLKLPVQ,1,3,2229,22657,False
LDFNPLLLFLKMPAQ,16,3,2229,22657,False
LDFNPLLLFLKQPDQ,2,3,2229,22657,False
LDFNPLLLFLKRPAQ,3,3,2229,22657,False
LDFNPLLLFLKVPAQ,107,3,2229,22657,False
LDFNPLLLFLKWPAQ,10,3,2229,22657,False
LDFNPLLLFLMMPPQ,1,3,2229,22657,False
LDFNPLLLFLQLPLQ,1,3,2229,22657,False
LDFNPLLLFLQMPVQ,1,4,603,1344,False
LDFNPLLLFLQWPGQ,1,1666,7,7,False
LDFNPLLLFLQWPVQ,1,4,603,1344,False
LDFNPLLLFLRLPRQ,1,3,2229,22657,False
LDFNPLLLFLRNPKQ,1,3,2229,22657,False
LDFNPLLLFLRPPRQ,1,3,2229,22657,False
LDFNPLLLFLRRPLQ,1,3,2229,22657,False
LDFNPLLLFRKFPAQ,1,3,2229,22657,False
LDFNPLLLFVKVPRR,1,1686,6,6,True
LDFNPLLLKLPGAGF,2,348,2,3,True
LDFNPLLLLFKWPAQ,1,124,39,45,False
LDFNPLLLLKLPAQG,1,1674,7,7,False
LDFNPLLLLLKCPAQ,1,3,2229,22657,False
LDFNPLLLLLKFPAQ,10,3,2229,22657,False
LDFNPLLLLLKLPAQ,35,3,2229,22657,False
LDFNPLLLLLKMPAQ,3,3,2229,22657,False
LDFNPLLLLLKVPAQ,11,3,2229,22657,False
LDFNPLLLLMKLPAQ,1,3,2229,22657,False
LDFNPLLLMLKLPAQ,4,3,2229,22657,False
LDFNPLLLMLKVPAQ,5,3,2229,22657,False
LDFNPLLLVCKFPAQ,1,3,2229,22657,False
LDFNPLLLVLKLPAQ,1,3,2229,22657,False
LDFNPLLLVVKVPAQ,1,1686,6,6,False
LDFNPLLLWLKFPAQ,1,3,2229,22657,False
LDFNPLLLWLKLPAQ,2,3,2229,22657,False
LDFNPLLLWLKMPAQ,2,3,2229,22657,False
LDFNPLLLWLKVPAQ,1,19,348,758,False
LDFNPLLLWLKWPAQ,1,3,2229,22657,False
LDFNPLLMFLKVPAQ,1,3,2229,22657,False
LDFNPLLMLFKFPAA,1,25,160,263,False
LDFNPLLMLLKLPAQ,4,3,2229,22657,False
LDFNPLLMVFKFPAQ,1,25,160,263,False
LDFNPLLMWLKVPAQ,1,19,348,758,False
LDFNPLLRLLKLPAQ,1,3,2229,22657,False
LDFNPLLSCGNCRRR,1,347,48,51,False
LDFNPLLVCLKLPAQ,1,3,2229,22657,False
LDFNPLLVFLKFPAQ,34,3,2229,22657,False
LDFNPLLVFLKIPAQ,6,3,2229,22657,False
LDFNPLLVFLKLPAQ,38,3,2229,22657,False
LDFNPLLVFLKMPAQ,3,3,2229,22657,False
LDFNPLLVFLKVPAQ,27,3,2229,22657,False
LDFNPLLVFLKWPAQ,3,3,2229,22657,False
LDFNPLLVFMKFPAQ,2,219,41,49,False
LDFNPLLVFVKLPAQ,1,3,2229,22657,False
LDFNPLLVLLKFPAQ,5,19,348,758,False
LDFNPLLVLLKLPAQ,23,3,2229,22657,False
LDFNPLLVLLKLPYQ,1,3,2229,22657,False
LDFNPLLVLLKMPAQ,2,19,348,758,False
LDFNPLLVLLKVPAQ,7,19,348,758,False
LDFNPLLVLLKWPAQ,1,19,348,758,False
LDFNPLLVLQSAGAG,1,1677,3,3,False
LDFNPLLVMLKLPAQ,1,3,2229,22657,False
LDFNPLLVMLKVPAQ,1,19,348,758,False
LDFNPLLVWLKLPAQ,1,19,348,758,False
LDFNPLLWICKFPAQ,1,25,160,263,False
LDFNPLLWLLKLPAQ,1,3,2229,22657,False
LDFNPLLWMLKLPAQ,1,3,2229,22657,False
LDFNPLLWMLKVPAQ,1,19,348,758,False
LDFNPLMFLLKFPAQ,1,25,160,263,False
LDFNPLMILLKVPAQ,1,11,557,1905,False
LDFNPLMLFLKFPAQ,2,3,2229,22657,False
LDFNPLMLFLKLPAQ,8,3,2229,22657,False
LDFNPLMLFLKSPAQ,1,3,2229,22657,False
LDFNPLMLFLKVPAQ,1,3,2229,22657,False
LDFNPLMLLLKLPAQ,4,3,2229,22657,False
LDFNPLMLLLKMPAQ,2,124,39,45,False
LDFNPLMLLLKVPAA,1,11,557,1905,False
LDFNPLMLLLKVPAQ,1,11,557,1905,False
LDFNPLMLVLKLPGA,1,121,4,6,False
LDFNPLMVLLKLPAQ,1,369,20,21,False
LDFNPLMVLWKLPAQ,1,25,160,263,False
LDFNPLMVVVKLPAQ,1,190,29,31,False
LDFNPLRSVLEIPGA,1,344,5,6,False
LDFNPLSSC*KCRRR,1,347,48,51,False
LDFNPLVCGMKFPGA,2,349,3,4,True
LDFNPLVCLLKLPGA,1,349,3,4,False
LDFNPLVFLCKFPAQ,1,25,160,263,False
LDFNPLVFVLKCPAQ,1,25,160,263,False
LDFNPLVFVLKCRRR,1,347,48,51,False
LDFNPLVGGVEIAGA,1,64,33,38,False
LDFNPLVGLRQIAGA,1,69,21,28,False
LDFNPLVGRVEIAGA,1,64,33,38,False
LDFNPLVLFVKCPAQ,1,3,2229,22657,False
LDFNPLVLGLKVPAQ,1,124,39,45,False
LDFNPLVLLGEIAGA,1,125,21,23,False
LDFNPLVLLLKMPAQ,1,124,39,45,False
LDFNPLVMLGKFPAQ,1,25,160,263,False
LDFNPLVRHVQIAGA,1,69,21,28,False
LDFNPLVVFIKSAGA,1,1687,2,2,True
LDFNPLVVLGKGPAQ,1,25,160,263,False
LDFNPLVVRLEMPGA,1,45,8,12,False
LDFNPLVVVVKLPAQ,1,190,29,31,False
LDFNPLVVWFKVPAQ,1,19,348,758,False
LDFNPLWCLLKCPAQ,1,25,160,263,False
LDFNPLWFGFKIPAQ,1,904,3,3,False
LDFNPLWFLLKLPAQ,1,25,160,263,False
LDFNPLWLLFKLPAQ,1,3,2229,22657,False
LDFNPLWLLWKLPAQ,3,25,160,263,False
LDFNPLWLVCKLPAQ,1,3,2229,22657,False
LDFNPLWMVWKLPAQ,1,25,160,263,False
LDFNPLWSC*NCRRR,1,347,48,51,False
LDFNPLWSSCSRRRV,1,1688,1,1,True
LDFNPLWVC*NCRRR,1,347,48,51,False
LDFNPLWVFFKFPAQ,1,219,41,49,False
LDFNPLWVFFKVPAQ,1,19,348,758,False
LDFNPLWVLFKFPAQ,1,25,160,263,False
LDFNPLWVLLKFPAR,1,25,160,263,False
LDFNPLWVSSNCRRR,1,347,48,51,False
LDFNPMCLLFKLPAQ,1,3,2229,22657,False
LDFNPMCVFVESPGA,1,921,2,2,False
LDFNPMFCFCKFPAQ,4,25,160,263,False
LDFNPMFIFLKVPAQ,1,3,2229,22657,False
LDFNPMFVIRKVPGA,1,1673,6,6,False
LDFNPMGVGLQIPGA,1,1689,1,1,True
LDFNPMLFFLKFPAQ,3,3,2229,22657,False
LDFNPMLFLLKFPAQ,1,25,160,263,False
LDFNPMLIFLKLPAQ,1,3,2229,22657,False
LDFNPMLLCEIAGAG,1,1677,3,3,False
LDFNPMLLFLKFPAQ,45,3,2229,22657,False
LDFNPMLLFLKIPAQ,5,3,2229,22657,False
LDFNPMLLFLKLPAQ,52,3,2229,22657,False
LDFNPMLLFLKMPAQ,7,3,2229,22657,False
LDFNPMLLFLKVPAQ,19,3,2229,22657,False
LDFNPMLLFLKWPAQ,7,3,2229,22657,False
LDFNPMLLFLRWPQQ,2,3,2229,22657,False
LDFNPMLLFLVHPQQ,1,3,2229,22657,False
LDFNPMLLLKVPAQG,1,152,12,19,False
LDFNPMLLLLKVPAQ,1,3,2229,22657,False
LDFNPMLLLLKWPAQ,3,3,2229,22657,False
LDFNPMLLWLKFPAQ,1,3,2229,22657,False
LDFNPMLMFLKLPAQ,1,3,2229,22657,False
LDFNPMLVFLKFPAQ,6,3,2229,22657,False
LDFNPMLVFLKLPAQ,5,3,2229,22657,False
LDFNPMLVFLKVPAQ,1,3,2229,22657,False
LDFNPMLVGVEIAGA,1,120,25,29,False
LDFNPMLVLLKVPAQ,1,19,348,758,False
LDFNPMLVLVKLPAQ,1,1652,6,6,False
LDFNPMMLFLKFPAQ,4,3,2229,22657,False
LDFNPMMLFLKLPAQ,4,3,2229,22657,False
LDFNPMMLFLKVPAQ,1,3,2229,22657,False
LDFNPMSLVVERAGA,1,1690,4,4,True
LDFNPMVCLCKVPAQ,1,1691,4,4,True
LDFNPMWVVLKCRRR,2,16,7,20,False
LDFNPMWVVVESAGA,2,120,25,29,False
LDFNPMWWC*NCRRR,1,347,48,51,False
LDFNPNFFLFKFPAQ,1,25,160,263,False
LDFNPPCFMWKVPAQ,1,25,160,263,False
LDFNPPFFLFKVPAA,1,25,160,263,False
LDFNPPFGMWKGPGA,1,1672,2,2,False
LDFNPPGCFCKFPAQ,1,1691,4,4,False
LDFNPPLCIGKSAGA,1,1692,1,1,True
LDFNPPRSLMKVPAQ,1,1691,4,4,False
LDFNPPVGMVKSRRR,1,1693,3,3,True
LDFNPPWFVGENAGA,1,1091,4,4,False
LDFNPQCLGLKSPAQ,1,3,2229,22657,False
LDFNPQCSWVKLPAQ,1,1694,3,3,True
LDFNPQCVVVKLPAQ,1,1694,3,3,False
LDFNPQFFFLKLPAQ,2,3,2229,22657,False
LDFNPQFFSMKLPAQ,1,25,160,263,False
LDFNPQFLFFKFPAQ,1,3,2229,22657,False
LDFNPQFLWLKLPAQ,2,3,2229,22657,False
LDFNPQGGIHEIAGA,4,70,6,9,True
LDFNPQGRSGKGPAQ,1,18,393,562,False
LDFNPQGVMIKSAGA,1,1687,2,2,False
LDFNPQILVSKIPAQ,1,1695,3,3,True
LDFNPQLFLFKVPGA,1,350,6,7,False
LDFNPQLFWVKLPAQ,1,1694,3,3,False
LDFNPQLILWKFPAQ,1,25,160,263,False
LDFNPQLLFLKLPAQ,1,3,2229,22657,False
LDFNPQLLFLRTPQQ,1,3,2229,22657,False
LDFNPQMLVVEMPGA,1,121,4,6,False
LDFNPQVFFVKLPGA,2,350,6,7,True
LDFNPQVLLVEIAGA,1,120,25,29,False
LDFNPQVMLVKVPAQ,1,1670,3,3,False
LDFNPQWLVLKLPAQ,2,3,2229,22657,False
LDFNPRGLVERPGAG,2,345,2,4,False
LDFNPRLRRLQRPGA,1,45,8,12,False
LDFNPRSCW*KSRRR,1,1696,3,3,True
LDFNPRSFLLKLPAQ,1,3,2229,22657,False
LDFNPSCIFWKFPGA,4,71,1,4,True
LDFNPSDVLVEIAGA,3,120,25,29,True
LDFNPSFFLFKLPAA,1,25,160,263,False
LDFNPSFFLLKVPAQ,1,11,557,1905,False
LDFNPSFGLLKMPAQ,1,11,557,1905,False
LDFNPSFLLLKFPGR,1,923,2,2,False
LDFNPSGFRQEMPGA,1,1651,2,2,False
LDFNPSGMVLKMPAQ,1,1697,2,2,True
LDFNPSGQHGESPGA,1,922,6,6,False
LDFNPSIFLFKFPAQ,1,25,160,263,False
LDFNPSIVFWKLPAQ,1,3,2229,22657,False
LDFNPSLLFLKFPAQ,1,3,2229,22657,False
LDFNPSMLVVKLRRR,1,1698,1,1,True
LDFNPSMRVVKCPGA,3,121,4,6,True
LDFNPSWVFLKFPAQ,1,3,2229,22657,False
LDFNPSWVLRESPGA,1,120,25,29,False
LDFNPTFVC*KARRR,1,1699,1,1,True
LDFNPTLFICKCPAQ,1,382,15,17,False
LDFNPTLFVLKWPAQ,2,3,2229,22657,False
LDFNPTLGC*NCRRR,1,347,48,51,False
LDFNPTLLFLKFPAQ,1,3,2229,22657,False
LDFNPTLLFLKVPAQ,1,3,2229,22657,False
LDFNPTRRIRKRPAQ,1,10,1116,1855,False
LDFNPVCVVRKVAGF,2,351,2,3,True
LDFNPVCVVSKPGAG,1,1700,2,2,True
LDFNPVFLLIKLRRR,1,183,4,5,False
LDFNPVFLVHEIAGA,1,70,6,9,False
LDFNPVFVCANCRRR,2,347,48,51,False
LDFNPVFVCLKVPAQ,1,11,557,1905,False
LDFNPVFVLLKFPAQ,2,25,160,263,False
LDFNPVGFVWESPGA,1,171,10,15,False
LDFNPVGGVVEIAGA,1,70,6,9,False
LDFNPVGVLGKGPAQ,1,369,20,21,False
LDFNPVIMVLKWPAQ,1,1697,2,2,False
LDFNPVIVCGKVPAQ,1,381,22,23,False
LDFNPVIVCWKGPGA,1,1701,2,2,True
LDFNPVIVIFKGPGA,1,1701,2,2,False
LDFNPVLDLLEIPGA,1,1655,4,4,False
LDFNPVLFVWKIPAQ,1,25,160,263,False
LDFNPVLFWFKVPRR,1,1668,2,2,False
LDFNPVLGVVQMPGA,1,1702,3,3,True
LDFNPVLLFLKVPAQ,2,3,2229,22657,False
LDFNPVLLLLKLPAQ,1,3,2229,22657,False
LDFNPVLLVRQIPGA,1,1702,3,3,False
LDFNPVLRLHQSPGA,1,590,8,9,False
LDFNPVLRRHEIPGA,1,342,10,11,False
LDFNPVLSW*NCRRR,1,347,48,51,False
LDFNPVLWVVKVPAQ,1,1519,6,6,False
LDFNPVRGLVESAGA,1,120,25,29,False
LDFNPVRLLLENPGA,1,1655,4,4,False
LDFNPVRVVVQIAGA,1,69,21,28,False
LDFNPVVGLGEIAGA,1,64,33,38,False
LDFNPVVRWVKGAGA,1,1703,1,1,True
LDFNPVVVCVESAGA,1,383,22,24,False
LDFNPVWCLWKCPAQ,1,382,15,17,False
LDFNPVWLWLKLPAQ,1,3,2229,22657,False
LDFNPVWVVWKFAGA,1,351,2,3,False
LDFNPWCCW*NCRRR,1,217,14,15,False
LDFNPWCLLGESAGA,1,352,8,9,False
LDFNPWCVIGEIPGA,1,218,13,14,False
LDFNPWFFFLKLPAQ,2,3,2229,22657,False
LDFNPWFFFLKVPAQ,3,3,2229,22657,False
LDFNPWFFLLKLPAQ,1,3,2229,22657,False
LDFNPWFFLLKVPAQ,1,11,557,1905,False
LDFNPWFFLWKGPAQ,1,25,160,263,False
LDFNPWFIFLKLPAQ,1,3,2229,22657,False
LDFNPWFIFLKVPAQ,1,3,2229,22657,False
LDFNPWFILLKLPAQ,1,3,2229,22657,False
LDFNPWFLFLKFPAQ,3,3,2229,22657,False
LDFNPWFLFLKLPAQ,3,3,2229,22657,False
LDFNPWFLFLKMPAQ,2,3,2229,22657,False
LDFNPWFLFLKVPAQ,7,3,2229,22657,False
LDFNPWFLLLKLPAQ,10,3,2229,22657,False
LDFNPWFLLLKMPAQ,2,3,2229,22657,False
LDFNPWFLLLKVPAQ,1,11,557,1905,False
LDFNPWFMFLKLPAQ,1,3,2229,22657,False
LDFNPWFMLLKLPAQ,2,3,2229,22657,False
LDFNPWFVFLKFPAQ,14,3,2229,22657,False
LDFNPWFVFLKGPAQ,1,3,2229,22657,False
LDFNPWFVFLKIPAQ,3,3,2229,22657,False
LDFNPWFVFLKLPAQ,51,3,2229,22657,False
LDFNPWFVFLKLPAR,1,3,2229,22657,False
LDFNPWFVFLKMPAQ,3,3,2229,22657,False
LDFNPWFVFLKRPAQ,1,3,2229,22657,False
LDFNPWFVFLKVPAQ,86,3,2229,22657,False
LDFNPWFVFLKWPAQ,2,3,2229,22657,False
LDFNPWFVLFKLPAQ,1,3,2229,22657,False
LDFNPWFVLLKFPAQ,3,25,160,263,False
LDFNPWFVLLKLPAQ,15,3,2229,22657,False
LDFNPWFVLLKMPAQ,1,3,2229,22657,False
LDFNPWFVLLKVPAQ,2,11,557,1905,False
LDFNPWFVSLKVPAQ,1,3,2229,22657,False
LDFNPWFVVWKLPAQ,1,3,2229,22657,False
LDFNPWFVWLKFPAQ,1,155,109,133,False
LDFNPWFVWLKLPAQ,1,3,2229,22657,False
LDFNPWFVWLKVPAQ,2,19,348,758,False
LDFNPWGVLGQSAGA,2,352,8,9,True
LDFNPWLFFLKFPAQ,17,3,2229,22657,False
LDFNPWLFFLKGPAQ,2,3,2229,22657,False
LDFNPWLFFLKIPAQ,1,3,2229,22657,False
LDFNPWLFFLKLPAQ,23,3,2229,22657,False
LDFNPWLFFLKMPAQ,17,3,2229,22657,False
LDFNPWLFFLKRPAQ,2,3,2229,22657,False
LDFNPWLFFLKVPAQ,85,3,2229,22657,False
LDFNPWLFLCKWPAQ,2,3,2229,22657,False
LDFNPWLFLLKFPAQ,21,3,2229,22657,False
LDFNPWLFLLKLPAQ,33,3,2229,22657,False
LDFNPWLFLLKMPAQ,4,3,2229,22657,False
LDFNPWLFLLKVPAQ,19,3,2229,22657,False
LDFNPWLFMLKLPAQ,1,3,2229,22657,False
LDFNPWLFMLKVPAQ,1,3,2229,22657,False
LDFNPWLFWLKVPAQ,7,3,2229,22657,False
LDFNPWLIFLKFPAQ,2,3,2229,22657,False
LDFNPWLIFLKLPAQ,7,3,2229,22657,False
LDFNPWLIFLKMPAQ,3,3,2229,22657,False
LDFNPWLIFLKVPAQ,14,3,2229,22657,False
LDFNPWLIFMKVPAQ,7,3,2229,22657,False
LDFNPWLIFVKRPAQ,1,3,2229,22657,False
LDFNPWLIFVKVPAQ,1,3,2229,22657,False
LDFNPWLILLKFPAQ,2,3,2229,22657,False
LDFNPWLILLKIPAQ,2,3,2229,22657,False
LDFNPWLILLKLPAQ,14,3,2229,22657,False
LDFNPWLILLKMPAQ,1,3,2229,22657,False
LDFNPWLILLKVPAQ,6,3,2229,22657,False
LDFNPWLILLKWPAQ,1,3,2229,22657,False
LDFNPWLIVLKLPAQ,1,3,2229,22657,False
LDFNPWLIWLKLPAQ,1,3,2229,22657,False
LDFNPWLIWLKVPAQ,1,3,2229,22657,False
LDFNPWLLCLKWPAQ,1,3,2229,22657,False
LDFNPWLLFCKMPAQ,1,3,2229,22657,False
LDFNPWLLFIKLPAQ,1,3,2229,22657,False
LDFNPWLLFLAQPQQ,1,1,1197,10527,False
LDFNPWLLFLAQPRQ,24,1,1197,10527,False
LDFNPWLLFLAQPWQ,3,1,1197,10527,False
LDFNPWLLFLGRPQQ,1,3,2229,22657,False
LDFNPWLLFLHWPVQ,1,3,2229,22657,False
LDFNPWLLFLKFPAQ,110,3,2229,22657,False
LDFNPWLLFLKGPAQ,10,3,2229,22657,False
LDFNPWLLFLKIPAQ,6,3,2229,22657,False
LDFNPWLLFLKIPKQ,1,3,2229,22657,False
LDFNPWLLFLKKPKQ,1,3,2229,22657,False
LDFNPWLLFLKLPAQ,810,3,2229,22657,True
LDFNPWLLFLKLPMQ,1,3,2229,22657,False
LDFNPWLLFLKLPVQ,2,3,2229,22657,False
LDFNPWLLFLKMPAQ,122,3,2229,22657,False
LDFNPWLLFLKMPSQ,1,3,2229,22657,False
LDFNPWLLFLKNPNQ,1,3,2229,22657,False
LDFNPWLLFLKRPAQ,3,3,2229,22657,False
LDFNPWLLFLKSPAQ,2,3,2229,22657,False
LDFNPWLLFLKSPVQ,2,3,2229,22657,False
LDFNPWLLFLKTPQQ,1,3,2229,22657,False
LDFNPWLLFLKVPAQ,458,3,2229,22657,False
LDFNPWLLFLKVPYQ,1,3,2229,22657,False
LDFNPWLLFLKWPAQ,7,3,2229,22657,False
LDFNPWLLFLLYPVQ,1,3,2229,22657,False
LDFNPWLLFLMMPQQ,1,3,2229,22657,False
LDFNPWLLFLPRPRQ,1,3,2229,22657,False
LDFNPWLLFLQGPVQ,4,3,2229,22657,False
LDFNPWLLFLQIPVQ,1,3,2229,22657,False
LDFNPWLLFLQPPGQ,4,3,2229,22657,False
LDFNPWLLFLQQPRQ,1,3,2229,22657,False
LDFNPWLLFLQRPKQ,1,9,239,562,False
LDFNPWLLFLQRPLQ,1,3,2229,22657,False
LDFNPWLLFLQVPRQ,1,3,2229,22657,False
LDFNPWLLFLQWPKQ,23,3,2229,22657,False
LDFNPWLLFLQWPVQ,1,3,2229,22657,False
LDFNPWLLFLRGPEQ,1,3,2229,22657,False
LDFNPWLLFLRGPFQ,1,3,2229,22657,False
LDFNPWLLFLRLPSQ,2,3,2229,22657,False
LDFNPWLLFLRMPGQ,2,3,2229,22657,False
LDFNPWLLFLRMPNQ,1,3,2229,22657,False
LDFNPWLLFLRNPPQ,1,3,2229,22657,False
LDFNPWLLFLRQPMQ,1,3,2229,22657,False
LDFNPWLLFLRQPRQ,1,3,2229,22657,False
LDFNPWLLFLRRPQQ,1,3,2229,22657,False
LDFNPWLLFLRRPTQ,1,3,2229,22657,False
LDFNPWLLFLRSPVQ,8,3,2229,22657,False
LDFNPWLLFLRTPFQ,1,3,2229,22657,False
LDFNPWLLFLRTPQQ,94,3,2229,22657,False
LDFNPWLLFLRTPRQ,2,3,2229,22657,False
LDFNPWLLFLRTPWQ,2,3,2229,22657,False
LDFNPWLLFLSFPQQ,3,3,2229,22657,False
LDFNPWLLFLSKPKQ,2,3,2229,22657,False
LDFNPWLLFLSMPTQ,1,3,2229,22657,False
LDFNPWLLFLSQPNQ,1,3,2229,22657,False
LDFNPWLLFLSVPLQ,1,3,2229,22657,False
LDFNPWLLFLTRPQQ,1,3,2229,22657,False
LDFNPWLLFLTVPAQ,1,3,2229,22657,False
LDFNPWLLFLVQPPQ,4,3,2229,22657,False
LDFNPWLLFLVQPSQ,1,3,2229,22657,False
LDFNPWLLFLWVPAQ,1,3,2229,22657,False
LDFNPWLLFMKFPAQ,1,3,2229,22657,False
LDFNPWLLFMKLPAQ,5,3,2229,22657,False
LDFNPWLLFMKMPAQ,1,3,2229,22657,False
LDFNPWLLFVKFPAQ,2,3,2229,22657,False
LDFNPWLLFVKMPAQ,1,3,2229,22657,False
LDFNPWLLGLKVPAQ,1,3,2229,22657,False
LDFNPWLLILKLPAQ,2,3,2229,22657,False
LDFNPWLLLIKVPAQ,1,3,2229,22657,False
LDFNPWLLLLKFPAQ,36,3,2229,22657,False
LDFNPWLLLLKFPVQ,1,3,2229,22657,False
LDFNPWLLLLKGPAQ,2,3,2229,22657,False
LDFNPWLLLLKLPAQ,130,3,2229,22657,False
LDFNPWLLLLKLSAQ,1,3,2229,22657,False
LDFNPWLLLLKMPAQ,7,3,2229,22657,False
LDFNPWLLLLKQPAQ,5,3,2229,22657,False
LDFNPWLLLLKRPAQ,6,3,2229,22657,False
LDFNPWLLLLKVPAQ,41,3,2229,22657,False
LDFNPWLLLLKWPAQ,5,3,2229,22657,False
LDFNPWLLLMKLPAQ,1,3,2229,22657,False
LDFNPWLLLVENPGA,1,342,10,11,False
LDFNPWLLMFKLPAQ,1,3,2229,22657,False
LDFNPWLLMLKFPAQ,4,3,2229,22657,False
LDFNPWLLMLKLPAQ,15,3,2229,22657,False
LDFNPWLLMLKVPAQ,5,3,2229,22657,False
LDFNPWLLSLKLPAQ,1,3,2229,22657,False
LDFNPWLLVLKLPAQ,2,3,2229,22657,False
LDFNPWLLVLKMPAQ,1,3,2229,22657,False
LDFNPWLLVLKVPAQ,1,3,2229,22657,False
LDFNPWLLVWKFPAQ,1,3,2229,22657,False
LDFNPWLLWFKLPAQ,1,3,2229,22657,False
LDFNPWLLWIKLPAQ,1,3,2229,22657,False
LDFNPWLLWLK*PAQ,1,3,2229,22657,False
LDFNPWLLWLKFPAQ,1,3,2229,22657,False
LDFNPWLLWLKLPAQ,24,3,2229,22657,False
LDFNPWLLWLKMPAQ,5,3,2229,22657,False
LDFNPWLLWLKVPAQ,19,3,2229,22657,False
LDFNPWLLWLKVPDQ,1,3,2229,22657,False
LDFNPWLLWLKVPGA,1,1521,6,6,False
LDFNPWLLWMKLPAQ,2,3,2229,22657,False
LDFNPWLMFLKFPAQ,16,3,2229,22657,False
LDFNPWLMFLKLPAQ,34,3,2229,22657,False
LDFNPWLMFLKVPAQ,2,3,2229,22657,False
LDFNPWLMFLKWPAQ,1,3,2229,22657,False
LDFNPWLMLLKLPAQ,2,3,2229,22657,False
LDFNPWLMLLKVPAQ,1,3,2229,22657,False
LDFNPWLMWLKLPAQ,2,3,2229,22657,False
LDFNPWLVFFKVPAQ,1,3,2229,22657,False
LDFNPWLVFIKFPAQ,1,3,2229,22657,False
LDFNPWLVFLKFPAQ,116,3,2229,22657,False
LDFNPWLVFLKGPAQ,2,3,2229,22657,False
LDFNPWLVFLKIPAQ,5,3,2229,22657,False
LDFNPWLVFLKLPAQ,299,3,2229,22657,False
LDFNPWLVFLKLPEQ,1,3,2229,22657,False
LDFNPWLVFLKMPAQ,32,3,2229,22657,False
LDFNPWLVFLKVPAQ,138,3,2229,22657,False
LDFNPWLVFLKVPTQ,1,3,2229,22657,False
LDFNPWLVFLKWPAQ,6,3,2229,22657,False
LDFNPWLVFMKLPAQ,1,3,2229,22657,False
LDFNPWLVLLKFPAQ,25,3,2229,22657,False
LDFNPWLVLLKFRRR,1,1671,4,4,False
LDFNPWLVLLKLPAQ,68,3,2229,22657,False
LDFNPWLVLLKMPAQ,5,3,2229,22657,False
LDFNPWLVLLKVPAQ,18,3,2229,22657,False
LDFNPWLVLLKWPAQ,7,3,2229,22657,False
LDFNPWLVSGKVPAQ,1,3,2229,22657,False
LDFNPWLVWLKFPAQ,2,3,2229,22657,False
LDFNPWLVWLKIPAQ,1,3,2229,22657,False
LDFNPWLVWLKLPAQ,8,3,2229,22657,False
LDFNPWLVWLKMPAQ,2,3,2229,22657,False
LDFNPWLVWLKVPAQ,8,19,348,758,False
LDFNPWLVWLKWPAQ,2,3,2229,22657,False
LDFNPWLWFLKVPAQ,1,3,2229,22657,False
LDFNPWLWLLKFPAQ,1,3,2229,22657,False
LDFNPWLWLLKLPAQ,1,3,2229,22657,False
LDFNPWLWLLKVPAQ,3,3,2229,22657,False
LDFNPWMFFLKFPAQ,2,3,2229,22657,False
LDFNPWMFFLKVPAQ,1,3,2229,22657,False
LDFNPWMIFLKLPAQ,1,3,2229,22657,False
LDFNPWMILLKVPAQ,1,3,2229,22657,False
LDFNPWMLFLKFPAQ,19,3,2229,22657,False
LDFNPWMLFLKLPAQ,54,3,2229,22657,False
LDFNPWMLFLKMPAQ,1,3,2229,22657,False
LDFNPWMLFLKVPAQ,25,3,2229,22657,False
LDFNPWMLFLKWPAQ,2,3,2229,22657,False
LDFNPWMLFMKLPAQ,1,3,2229,22657,False
LDFNPWMLLLKLPAQ,3,3,2229,22657,False
LDFNPWMLLLKVPAQ,2,3,2229,22657,False
LDFNPWMLWLKLPAQ,3,3,2229,22657,False
LDFNPWMLWLKVPAQ,3,3,2229,22657,False
LDFNPWMLWLKWPAQ,1,3,2229,22657,False
LDFNPWMVFLKFPAQ,9,3,2229,22657,False
LDFNPWMVFLKIPAQ,1,3,2229,22657,False
LDFNPWMVFLKLPAQ,8,3,2229,22657,False
LDFNPWMVFLKVPAQ,1,3,2229,22657,False
LDFNPWMVFLKWPAQ,1,3,2229,22657,False
LDFNPWMVLLKMPAQ,1,369,20,21,False
LDFNPWMVLLKWPAQ,1,369,20,21,False
LDFNPWMVLVKVPAQ,1,369,20,21,False
LDFNPWVFCLKFPAQ,2,3,2229,22657,False
LDFNPWVLFLKLPAQ,1,3,2229,22657,False
LDFNPWVVFLKVPAQ,1,3,2229,22657,False
LDFNPWVWVVKVPAQ,1,108,17,20,False
LDFNPWWWGVKGPAQ,1,223,23,26,False
LDFNPYCMMIKVPAQ,1,1704,1,1,True
LDFNPYFFFLKFPAQ,2,25,160,263,False
LDFNPYFFFLKLPAQ,4,3,2229,22657,False
LDFNPYFFFLKVPAQ,9,11,557,1905,False
LDFNPYFFLFKFPAQ,2,25,160,263,False
LDFNPYFFLLKFPAQ,2,25,160,263,False
LDFNPYFFLLKLPAQ,20,11,557,1905,False
LDFNPYFFLLKLPAR,1,1679,4,4,False
LDFNPYFFLLKVPAQ,5,11,557,1905,False
LDFNPYFFLWKFPAQ,2,25,160,263,False
LDFNPYFFMLKVPAQ,1,11,557,1905,False
LDFNPYFFWLKLPAQ,1,3,2229,22657,False
LDFNPYFIFLKFPAQ,6,3,2229,22657,False
LDFNPYFIFLKLPAQ,18,3,2229,22657,False
LDFNPYFIFLKMPAQ,2,3,2229,22657,False
LDFNPYFILLKFPAQ,1,11,557,1905,False
LDFNPYFILLKLPAQ,1,11,557,1905,False
LDFNPYFILLKMPAQ,2,11,557,1905,False
LDFNPYFLFFKFPAQ,1,1017,8,8,False
LDFNPYFLFFKLPAQ,2,3,2229,22657,False
LDFNPYFLFIKLPAQ,1,3,2229,22657,False
LDFNPYFLFLKFPAQ,60,3,2229,22657,False
LDFNPYFLFLKLPAQ,99,3,2229,22657,False
LDFNPYFLFLKMPAQ,2,3,2229,22657,False
LDFNPYFLFLKSPAQ,1,3,2229,22657,False
LDFNPYFLFLKVPAQ,57,3,2229,22657,False
LDFNPYFLFLKWPAQ,2,3,2229,22657,False
LDFNPYFLFMKFPAQ,3,3,2229,22657,False
LDFNPYFLFMKLPAQ,1,3,2229,22657,False
LDFNPYFLFVKFPAQ,1,1017,8,8,False
LDFNPYFLLFKFPAQ,3,11,557,1905,False
LDFNPYFLLFKLPAQ,9,11,557,1905,False
LDFNPYFLLFKVPAQ,1,11,557,1905,False
LDFNPYFLLFLKLPA,1,1676,6,6,False
LDFNPYFLLLKFPAQ,23,11,557,1905,False
LDFNPYFLLLKIPAQ,1,11,557,1905,False
LDFNPYFLLLKLPAQ,77,3,2229,22657,False
LDFNPYFLLLKLPGQ,1,11,557,1905,False
LDFNPYFLLLKMPAQ,1,11,557,1905,False
LDFNPYFLLLKSPAQ,1,11,557,1905,False
LDFNPYFLLLKVPAQ,17,11,557,1905,False
LDFNPYFLLLKVPVQ,1,11,557,1905,False
LDFNPYFLLLKWPAQ,2,11,557,1905,False
LDFNPYFLLMKWPAQ,1,11,557,1905,False
LDFNPYFLMFKFPAQ,1,11,557,1905,False
LDFNPYFLMLKFPAQ,4,11,557,1905,False
LDFNPYFLMLKLPAQ,1,3,2229,22657,False
LDFNPYFLMLKMPAQ,1,11,557,1905,False
LDFNPYFLMLKVPAQ,2,11,557,1905,False
LDFNPYFLMLKWPAQ,1,11,557,1905,False
LDFNPYFLVFKLPAQ,1,3,2229,22657,False
LDFNPYFLWLKLPAQ,1,3,2229,22657,False
LDFNPYFVFLKFPAQ,43,3,2229,22657,False
LDFNPYFVFLKIPAQ,1,3,2229,22657,False
LDFNPYFVFLKLPAQ,19,3,2229,22657,False
LDFNPYFVFLKMPAQ,1,3,2229,22657,False
LDFNPYFVFLKVPAQ,15,11,557,1905,False
LDFNPYFVFLKWPAQ,2,3,2229,22657,False
LDFNPYFVLFKLPAQ,1,11,557,1905,False
LDFNPYFVLLKFPAQ,11,11,557,1905,False
LDFNPYFVLLKIPAQ,1,11,557,1905,False
LDFNPYFVLLKLPAQ,11,11,557,1905,False
LDFNPYFVLLKVPAQ,5,11,557,1905,False
LDFNPYFVLMKIPAQ,2,11,557,1905,False
LDFNPYFVVFKLPAQ,1,381,22,23,False
LDFNPYFVWFKFPAQ,1,25,160,263,False
LDFNPYLFFLKFPAQ,15,3,2229,22657,False
LDFNPYLFFLKLPAQ,12,3,2229,22657,False
LDFNPYLFFLKVPAQ,8,3,2229,22657,False
LDFNPYLFLLKFPAQ,8,25,160,263,False
LDFNPYLFLLKLPAQ,9,3,2229,22657,False
LDFNPYLFLLKVPAQ,1,11,557,1905,False
LDFNPYLFLLKWPAQ,4,3,2229,22657,False
LDFNPYLFWLKLPAQ,1,3,2229,22657,False
LDFNPYLFWLKVPAQ,1,19,348,758,False
LDFNPYLGVDEIAGA,1,70,6,9,False
LDFNPYLIFLKFPAQ,12,3,2229,22657,False
LDFNPYLIFLKLPAQ,7,3,2229,22657,False
LDFNPYLIFLKMPAQ,11,3,2229,22657,False
LDFNPYLIFLKVPAQ,3,3,2229,22657,False
LDFNPYLILLKFPAQ,1,3,2229,22657,False
LDFNPYLILLKMPAQ,1,3,2229,22657,False
LDFNPYLLFLKFPAQ,138,3,2229,22657,False
LDFNPYLLFLKGPAQ,2,3,2229,22657,False
LDFNPYLLFLKIPAQ,6,3,2229,22657,False
LDFNPYLLFLKKPKQ,1,0,1628,17219,False
LDFNPYLLFLKLPAQ,231,3,2229,22657,False
LDFNPYLLFLKMPAQ,5,3,2229,22657,False
LDFNPYLLFLKQPKQ,1,0,1628,17219,False
LDFNPYLLFLKSPAQ,3,3,2229,22657,False
LDFNPYLLFLKVPAQ,88,3,2229,22657,False
LDFNPYLLFLKWPAQ,4,3,2229,22657,False
LDFNPYLLFLPRPMQ,1,3,2229,22657,False
LDFNPYLLFLQGPVQ,1,1663,3,3,False
LDFNPYLLFLRKPQQ,1,7,629,1764,False
LDFNPYLLFLRQPPQ,3,12,343,758,False
LDFNPYLLFLRSPKQ,1,12,343,758,False
LDFNPYLLFLRWPRQ,1,12,343,758,False
LDFNPYLLFLSQPSQ,1,12,343,758,False
LDFNPYLLFLTQPNQ,1,2,509,4610,False
LDFNPYLLLLKFPAQ,9,3,2229,22657,False
LDFNPYLLLLKLPAQ,24,3,2229,22657,False
LDFNPYLLLLKVPAQ,4,11,557,1905,False
LDFNPYLLMLKLPAQ,1,3,2229,22657,False
LDFNPYLLVLKLPAQ,1,3,2229,22657,False
LDFNPYLLWLKVPAQ,2,3,2229,22657,False
LDFNPYLMFLKVPAQ,1,3,2229,22657,False
LDFNPYLVFLKFPAQ,38,3,2229,22657,False
LDFNPYLVFLKIPAQ,7,3,2229,22657,False
LDFNPYLVFLKLPAQ,68,3,2229,22657,False
LDFNPYLVFLKMPAQ,1,3,2229,22657,False
LDFNPYLVFLKVPAQ,17,3,2229,22657,False
LDFNPYLVFLKWPAQ,6,3,2229,22657,False
LDFNPYLVFMKFPAQ,1,3,2229,22657,False
LDFNPYLVLLKFPAQ,3,3,2229,22657,False
LDFNPYLVLLKLPAQ,10,3,2229,22657,False
LDFNPYLVLLKMPAQ,11,3,2229,22657,False
LDFNPYLVLLKVPAQ,2,11,557,1905,False
LDFNPYLVLLKWPAQ,1,3,2229,22657,False
LDFNPYLVWLKLPAQ,1,3,2229,22657,False
LDFNPYMIFLKVPAQ,1,3,2229,22657,False
LDFNPYMLFLKFPAQ,5,3,2229,22657,False
LDFNPYMLFLKLPAQ,10,3,2229,22657,False
LDFNPYMLFLKVPAQ,3,3,2229,22657,False
LDFNPYMLLLKLPAQ,1,3,2229,22657,False
LDFNPYMLLLKVPAQ,1,11,557,1905,False
LDFNPYMVFLKFPAQ,1,3,2229,22657,False
LDFNPYMVFLKLPAQ,2,3,2229,22657,False
LDFNPYMVLLKLPAQ,1,369,20,21,False
LDFNPYWFCFKFPAQ,1,25,160,263,False
LDFNRCCCC*NCRRR,1,217,14,15,False
LDFNRPASS*NCRRR,1,122,12,17,False
LDFNRSSSCGNCRRR,3,122,12,17,True
LDFNSVVVVGEIAGA,1,75,37,44,False
LDFPPWLLFLQYPRQ,1,3,2229,22657,False
LDFQPILLFLSLPLQ,1,3,2229,22657,False
LDFQPRLLFLVLPYQ,1,3,2229,22657,False
LDFQSGLGVVQIAGA,1,1705,2,2,True
LDFQSGLLGLEIAGA,1,338,9,10,False
LDFQSVLGVVEIAGA,1,1705,2,2,False
LDFQSVVGVVESPGA,1,1706,5,5,True
LDFQSVVRVVESPGA,1,1706,5,5,False
LDFRGCCW*NSRRRV,2,353,1,2,True
LDFRPQLLFLLLPSQ,1,127,34,42,False
LDFRPRLLFLSKPKQ,1,640,16,16,False
LDFSPLLLFLIWPVQ,1,374,38,39,False
LDFTVVLVVEIPGAG,1,1707,2,2,True
LDFVAVAAVSAGAAA,1,708,2,2,False
LDFVPLVLFLQWPSQ,1,73,128,146,False
LDFVPMLLFLLFPGP,1,1666,7,7,False
LDFVPYLLFLQQPHQ,1,130,94,113,False
LDFWPLLLFLFMPDA,1,1708,2,2,True
LDFWPLLLFLLWPQQ,1,374,38,39,False
LDFWPLLLFLVWPCQ,1,374,38,39,False
LDFWPVLLFLQWPSQ,1,73,128,146,False
LDFWPWLLFLQYPGQ,1,3,2229,22657,False
LDGAPGLLFLQWPAQ,1,73,128,146,False
LDGCRCCCFCSGRCR,2,354,17,20,True
LDGEPRLLFLWLPGQ,1,148,23,27,False
LDGESALLVVESAGA,1,1105,5,5,False
LDGESAVLHGQSPGA,1,1709,1,1,True
LDGESGGVGVQIAGA,1,1110,4,4,False
LDGESVGGGLEIAGA,1,1710,5,5,True
LDGESVVLGGEVAGA,1,1643,6,6,False
LDGESVVVVGESAGA,1,1643,6,6,False
LDGFPMLLFLHLPQQ,1,1711,7,7,True
LDGGAGAAVSGGAGA,1,1112,6,6,False
LDGGAVAAVSVGAVP,1,479,6,7,False
LDGGAVAAVSVHAAA,1,479,6,7,False
LDGGPFLLFLQWPVQ,1,56,210,255,False
LDGGPGLLFLELPLQ,1,453,36,38,False
LDGGPGLLFLGVPGQ,1,709,7,7,False
LDGGPGLLFLSQPWQ,1,243,60,64,False
LDGGPLLLFLGQPGQ,1,31,119,142,False
LDGGPLLLFLQWPGQ,1,31,119,142,False
LDGGPLLLFLQWPMQ,1,73,128,146,False
LDGGPLLLFLQWPVQ,1,4,603,1344,False
LDGGPMLLFLQWPVQ,1,56,210,255,False
LDGGPPCCFWWGRCR,1,1712,1,1,True
LDGGPQLLFLFWPGQ,1,1713,18,18,True
LDGGPRLLFLGGPGQ,1,852,19,19,False
LDGGPVAAVSGLAGA,1,244,36,38,False
LDGGPVLLFLGGPVQ,1,852,19,19,False
LDGGPVLLFLQWPLQ,1,637,44,44,False
LDGGPWLLFLFQPQQ,1,1713,18,18,False
LDGGPWLLFLQWPAQ,3,3,2229,22657,False
LDGGPWLLFLQWPFQ,1,29,67,92,False
LDGGPWLLFLQWPMQ,2,29,67,92,False
LDGGPWLLFLQWPVQ,1,56,210,255,False
LDGGPWLLFLQYPIQ,1,1713,18,18,False
LDGGRGCCFCACRCR,2,354,17,20,False
LDGGRTCCF*GCRSR,1,1714,1,1,True
LDGIRAAWA*KARRR,1,1715,2,2,True
LDGIRCCCW*NCRRR,1,340,16,18,False
LDGIRCSCSANSRRR,1,340,16,18,False
LDGIRCWCC*NSRRR,1,340,16,18,False
LDGIRRSSC*KSRRR,1,200,5,6,False
LDGKACGKCRRRVLA,1,1716,1,1,True
LDGKPFLLFLGQPQQ,1,329,11,13,False
LDGKSAVVEVEKAGA,1,1717,2,2,True
LDGLPLLLFLLLPWQ,1,127,34,42,False
LDGLPLLLFLQCPAQ,1,221,41,45,False
LDGLPLLLFLQLPQQ,1,221,41,45,False
LDGLPLLLFLQLPSQ,1,221,41,45,False
LDGLPLLLFLQWPLQ,2,221,41,45,False
LDGLPLLLFLRQPMQ,1,130,94,113,False
LDGLPLLLFLVFRGR,1,1685,4,4,False
LDGLPLLLFLYQPWQ,1,127,34,42,False
LDGLPMLLFLQFPLQ,1,1575,6,6,False
LDGLPRLLFLWIPQQ,1,96,48,56,False
LDGLPWLLFLQLPVQ,1,3,2229,22657,False
LDGLPWLLFLQWPAQ,1,3,2229,22657,False
LDGLPWLLFLQWPGQ,1,1713,18,18,False
LDGLPWLLFLQWPVQ,6,29,67,92,False
LDGLPWLLFLWVPEQ,1,138,47,50,False
LDGMPWLLFLQLPVQ,1,3,2229,22657,False
LDGNPAGSSGKSRRR,1,247,30,35,False
LDGNPAGWQGESPGA,1,1718,5,5,True
LDGNPARRHLQSPGA,1,1719,3,3,True
LDGNPASGFWKGPAQ,1,377,4,5,False
LDGNPAWFVMWKSPA,1,1720,1,1,True
LDGNPDGLREEMPGA,1,251,8,9,False
LDGNPEEEVEEMAGA,1,1130,11,11,False
LDGNPEGGW*KGRRR,1,477,11,12,False
LDGNPEGRREEKAGA,1,105,23,25,False
LDGNPFVRVVEIAGA,1,1126,11,11,False
LDGNPGGGGSNCRRR,1,1721,3,3,True
LDGNPGLIVEQSAGA,1,1722,2,2,True
LDGNPGRLGLKGPAA,2,355,8,9,True
LDGNPGRVDRESAGA,1,1723,4,4,True
LDGNPGRWLVKWPAQ,1,124,39,45,False
LDGNPGVGVEIAGAG,1,384,3,4,False
LDGNPGVVLVQSAGA,1,352,8,9,False
LDGNPGWRGIKGRRR,1,719,8,8,False
LDGNPIMGSRESAGA,1,1723,4,4,False
LDGNPKGRRRKGPAQ,1,18,393,562,False
LDGNPKRGVVENPGA,1,1126,11,11,False
LDGNPLASW*KCRRR,1,1099,2,2,False
LDGNPLCLVCESAGA,3,123,8,12,True
LDGNPLLFLCKFPAQ,1,25,160,263,False
LDGNPLLVEMPGAGF,1,348,2,3,False
LDGNPLRLGCKCRRR,1,1146,6,6,False
LDGNPLRLGGKVPAR,1,355,8,9,False
LDGNPLVGWVKGPAQ,1,124,39,45,False
LDGNPLVLLLKWPAQ,3,124,39,45,True
LDGNPLVLLQSPGAG,1,1724,3,3,True
LDGNPLVVLVKWPAQ,1,124,39,45,False
LDGNPLWWGWERAGA,1,1725,1,1,True
LDGNPMFVFLKSRRR,1,220,9,10,False
LDGNPPGGMAKCRRR,1,1693,3,3,False
LDGNPPVGRTNSRRR,1,1693,3,3,False
LDGNPPWLLLESPGA,1,1726,4,4,True
LDGNPQCLVGKVPAQ,1,250,31,34,False
LDGNPQFLWVKWPAQ,1,124,39,45,False
LDGNPQIWGGKVPAQ,1,250,31,34,False
LDGNPQSWGWKGPAQ,1,343,2,3,False
LDGNPQWWRRKRPAQ,1,187,29,32,False
LDGNPRGGGGKGRRR,1,33,19,29,False
LDGNPRGGRGKGPRR,1,33,19,29,False
LDGNPRGRRSKGPAA,2,356,19,23,True
LDGNPRGSVIKGPAQ,1,356,19,23,False
LDGNPSFGRGKLPAQ,1,1652,6,6,False
LDGNPSGGLGESAGA,1,352,8,9,False
LDGNPSGGSWERPGA,1,1727,1,1,True
LDGNPSGRCRKGPAQ,1,18,393,562,False
LDGNPSVCVQIAGAG,1,1728,2,2,True
LDGNPTGGDQESAGA,1,1723,4,4,False
LDGNPVDGGGESAGA,1,365,35,37,False
LDGNPVFLWLKWPAQ,1,124,39,45,False
LDGNPVGFMWKMAGA,1,1729,3,3,True
LDGNPVGGVGQRPGA,1,72,10,15,False
LDGNPVGLVGKVPAQ,1,724,6,6,False
LDGNPVGVGGEIAGA,1,103,71,80,False
LDGNPVGWGGKGPAQ,1,109,21,26,False
LDGNPVLLVFKLPAQ,1,3,2229,22657,False
LDGNPVMLMVEIAGA,1,1730,4,4,True
LDGNPVSGS*NSRRR,1,34,15,22,False
LDGNPVVIVWKGPAQ,1,372,11,12,False
LDGNPVVWGGENAGA,1,533,10,11,False
LDGNPWDEVVEIAGA,2,120,25,29,False
LDGNPWLLFLKLPAQ,1,3,2229,22657,False
LDGNPWLLFLQLPSQ,1,3,2229,22657,False
LDGNPWRGG*KGRRR,1,84,15,18,False
LDGNPWVGGERAGAG,1,163,5,7,False
LDGNPWWGGVEIAGA,1,64,33,38,False
LDGNPYWRGW**KCR,1,1731,1,1,True
LDGPPLLLFLQWPEQ,1,73,128,146,False
LDGQPFLLFLVRPMQ,1,357,26,27,False
LDGQPLLLFLWAPPQ,1,522,12,14,False
LDGQPLLLVSGGAVA,1,1732,3,3,True
LDGQPRLLFLMWPIQ,1,940,4,4,False
LDGQPRLLFLVVPWQ,1,138,47,50,False
LDGQPVLLFLQLPVQ,1,4,603,1344,False
LDGQPWLLFLQWPGQ,1,56,210,255,False
LDGQPWLLFLRWPLQ,1,29,67,92,False
LDGQPWLLFLSWPVQ,1,56,210,255,False
LDGQPWLLFLVWPEQ,1,522,12,14,False
LDGQSVVLVGEIAGA,1,261,3,4,False
LDGRPLLLFLQWPMQ,2,73,128,146,False
LDGRPQLLFLFWPEQ,1,1713,18,18,False
LDGRPQLLFLWVPVQ,1,127,34,42,False
LDGRPVLLFLQWPEQ,1,53,100,123,False
LDGRPWLLFLQLPTQ,1,3,2229,22657,False
LDGRPYLLFLVQPRQ,2,357,26,27,True
LDGSDLVLRERPGAG,1,1733,1,1,True
LDGSPLLLFLQWPGQ,1,1713,18,18,False
LDGSPLLLFLQWPVQ,1,4,603,1344,False
LDGSPWLLFLQLPLQ,1,3,2229,22657,False
LDGSPWLLFLQWPAQ,1,3,2229,22657,False
LDGVAVAAVSVVAVA,1,149,31,38,False
LDGVPAAAVSGVAGA,1,244,36,38,False
LDGVPFLLFLRLPQQ,1,1711,7,7,False
LDGVPLLLFLELPVQ,1,4,603,1344,False
LDGVPLLLFLQFPLQ,1,48,50,61,False
LDGVPLLLFLQWPLQ,2,73,128,146,False
LDGVPLLLFLQWPVQ,2,4,603,1344,False
LDGVPVLLFLQLPLQ,1,53,100,123,False
LDGVPWLLFLQLPLQ,1,3,2229,22657,False
LDGVPWLLFLQQPPQ,1,130,94,113,False
LDGVPWLLFLQWPGQ,1,1713,18,18,False
LDGVPWLLFLQWPVQ,1,56,210,255,False
LDGVPWLLFLSLPVQ,1,130,94,113,False
LDGVPWLLFLSQPLQ,1,130,94,113,False
LDGVPYLLFLRNPNQ,1,130,94,113,False
LDGVRGCCFCSGRRR,1,354,17,20,False
LDGWPGLLFLLQPQQ,1,40,66,76,False
LDGWPGLLFLLQPRQ,1,357,26,27,False
LDGWPILLFLQLPVQ,1,4,603,1344,False
LDGWPLLLFLLWPGA,1,31,119,142,False
LDGWPLLLFLMQPKQ,1,31,119,142,False
LDGWPLLLFLNNPKQ,1,469,21,23,False
LDGWPLLLFLQFPLQ,1,31,119,142,False
LDGWPLLLFLQLPAQ,1,3,2229,22657,False
LDGWPLLLFLQLPLQ,2,4,603,1344,False
LDGWPLLLFLQLPVQ,2,4,603,1344,False
LDGWPLLLFLQWPGQ,1,31,119,142,False
LDGWPLLLFLQWPLQ,2,73,128,146,False
LDGWPLLLFLQWPVQ,3,73,128,146,False
LDGWPLLLFLVQPLQ,1,156,79,85,False
LDGWPLRCFCAGRSR,1,1734,1,1,True
LDGWPMLLFLQWPVQ,1,73,128,146,False
LDGWPNLLFLQWPVQ,1,73,128,146,False
LDGWPQLLFLQWPAQ,1,73,128,146,False
LDGWPVAAVSGGAGA,1,244,36,38,False
LDGWPVLLFLLLPVQ,1,53,100,123,False
LDGWPVLLFLQWPAQ,1,53,100,123,False
LDGWPVLLFLQWPGQ,2,53,100,123,False
LDGWPVLLFLQWPRQ,1,53,100,123,False
LDGWPVLLFLQWPVQ,1,53,100,123,False
LDGWPWLLFLEGPVQ,1,29,67,92,False
LDGWPWLLFLKKPKQ,1,0,1628,17219,False
LDGWPWLLFLQLPLQ,1,3,2229,22657,False
LDGWPWLLFLQLPMQ,1,3,2229,22657,False
LDGWPWLLFLQLPVQ,3,3,2229,22657,False
LDGWPWLLFLQWPGQ,1,29,67,92,False
LDGWQLLLFLQLPLQ,1,1735,7,7,True
LDGWRCCCSVHAVAG,1,1736,1,1,True
LDGYPMLLFLQWPVQ,1,56,210,255,False
LDGYPVLLFLQLPGQ,1,53,100,123,False
LDGYPWLLFLQWPGQ,1,1713,18,18,False
LDHGPLLLFLQLPAQ,1,1494,2,2,False
LDHNPWLLFLKQPNQ,2,3,2229,22657,False
LDHNPWLLFLKRPKQ,2,3,2229,22657,False
LDHNPWLLFLKRPQQ,5,3,2229,22657,False
LDHNPWLLFLKRPWQ,1,3,2229,22657,False
LDHNPWLLFLWGPKQ,1,3,2229,22657,False
LDHNPYLLFLKKPKQ,1,0,1628,17219,False
LDHNPYLLFLRYPSQ,1,12,343,758,False
LDHQPGLLFLYLPEQ,1,127,34,42,False
LDHWPHLLFLITPQQ,1,1737,4,4,True
LDIFPLLLFLQWPHQ,1,73,128,146,False
LDIIRPAASSKSRRR,1,83,4,7,False
LDIIRRGGGGKGRRR,1,57,64,76,False
LDINPACGIRKIPAQ,1,534,9,10,False
LDINPAGLIRKLPAQ,1,1738,3,3,True
LDINPAGVASGKGRR,1,1739,1,1,True
LDINPAHHRLERPGA,1,1740,2,2,True
LDINPALLRRESPGA,1,342,10,11,False
LDINPCCRRLEIPGA,1,1740,2,2,False
LDINPCVVLGKWPAQ,1,124,39,45,False
LDINPDRQHEESAGA,1,1176,5,5,False
LDINPDRQLGERAGA,1,1741,1,1,True
LDINPFMFHVEIPGA,1,1742,1,1,True
LDINPFVFCFKLPAQ,2,358,19,20,True
LDINPGRRLRESPGA,1,1533,2,2,False
LDINPKISMGEKAGA,1,1743,1,1,True
LDINPLCFSIKCRRR,1,1744,4,4,True
LDINPLCGLCKLPGA,1,359,7,9,False
LDINPLCGLFKFPGA,2,359,7,9,True
LDINPLLFIFKFPAQ,1,25,160,263,False
LDINPLLLFLKFPAQ,1,3,2229,22657,False
LDINPLLWILKVPAQ,1,19,348,758,False
LDINPLMFMCKVPAQ,1,1177,3,3,False
LDINPLMVCVKLPGA,1,1745,1,1,True
LDINPLVCLWKLPAQ,1,25,160,263,False
LDINPPAASGKSRRR,1,560,6,7,False
LDINPPCVIWKGGAG,1,1746,1,1,True
LDINPPFCCGKCPAQ,1,1747,2,2,True
LDINPPFGFWKVPGA,1,1748,1,1,True
LDINPPIGIWKMPAQ,1,1749,1,1,True
LDINPPLGELEIAGA,1,741,5,5,False
LDINPPSSIRKVPAQ,1,371,2,3,False
LDINPQCVVLKWPAQ,1,402,7,8,False
LDINPQLVMFKLPAQ,1,358,19,20,False
LDINPRRGCLKGRRR,2,360,3,5,True
LDINPRWMIAKGRRR,1,360,3,5,False
LDINPSIFLCKLPGA,1,1648,2,2,False
LDINPTCFSWKVPAQ,1,1750,3,3,True
LDINPTCFVRKGPRV,1,1751,1,1,True
LDINPTCIVMKKPGA,1,1752,1,1,True
LDINPTGVWGENPGA,1,1753,3,3,True
LDINPTSVIRESPGA,1,1673,6,6,False
LDINPTVMRRESPGA,1,1754,3,3,True
LDINPVGLRVQSAGA,1,129,12,14,False
LDINPVGRGVKVPGA,1,1755,3,3,True
LDINPVLVFLKFPAQ,1,155,109,133,False
LDINPVLVLGKVPAQ,1,381,22,23,False
LDINPVSCYGEMPGA,1,1756,1,1,True
LDINPVVCWVKVPAQ,1,387,6,8,False
LDINPWFVFLKFPAQ,1,155,109,133,False
LDINPWLIFLKVPAQ,1,3,2229,22657,False
LDINPWLLFLKFPAQ,1,3,2229,22657,False
LDINPWLLFLKLPAQ,1,3,2229,22657,False
LDINPWLLFLQQPMQ,1,1,1197,10527,False
LDINPWLLFLRRPMQ,1,3,2229,22657,False
LDINPWLLFLVGPQQ,3,3,2229,22657,False
LDINPYFCSGKVPAQ,1,1747,2,2,False
LDINPYFVFLKLPAQ,2,155,109,133,False
LDINPYLIFLKVPAQ,1,3,2229,22657,False
LDINPYLLFLRKPKQ,1,0,1628,17219,False
LDINPYVGGVESPGR,1,1757,1,1,True
LDIQSVLGLVQIPGA,1,1511,3,3,False
LDITPKLLFLAQPGQ,1,213,9,10,False
LDIWPLLLFLQRPFQ,1,53,100,123,False
LDKSPWLLFLQLPVQ,1,3,2229,22657,False
LDKVPWLLFLKLPQQ,1,3,2229,22657,False
LDKVPWLLFLVQPRQ,1,130,94,113,False
LDKWPVLLFLLTPRQ,1,1737,4,4,False
LDLAPSLLFLQWPLQ,1,73,128,146,False
LDLAPWLLFLQFPQQ,1,1663,3,3,False
LDLCPWLLFLELPVQ,1,3,2229,22657,False
LDLCPWLLFLLWPVQ,1,56,210,255,False
LDLESDVGVGEIAGA,1,1758,9,9,True
LDLESDVVVGEIAGA,1,1758,9,9,False
LDLESGAGGG*NCRR,2,361,1,2,True
LDLESGDLLGEMPGA,1,341,3,4,False
LDLESVLVVGSNGRR,2,362,1,2,True
LDLESVVDVVESAGA,1,598,6,7,False
LDLESVVGVGQIAGA,1,1758,9,9,False
LDLESVVGVVEIAGA,1,1758,9,9,False
LDLESVVLGGEIAGA,1,1758,9,9,False
LDLESVVLGQIAGAG,1,1759,1,1,True
LDLFPCLLFLCLPLQ,1,1711,7,7,False
LDLFPLLLFLQGPVQ,1,4,603,1344,False
LDLFPQLLFLVLPVQ,1,127,34,42,False
LDLGPLLLFLQLPVQ,1,4,603,1344,False
LDLGPLLLFLQQPAQ,1,41,88,103,False
LDLGPWLLFLQFPGQ,1,546,32,37,False
LDLGPWLLFLQWPVQ,1,56,210,255,False
LDLIPLLLFLQWPVQ,1,4,603,1344,False
LDLIRASSA*KSRRR,1,1715,2,2,False
LDLIRGGCCSNCRRR,1,1760,7,7,True
LDLIRGGCSSNSRRR,1,1760,7,7,False
LDLIRRWCCSNCRRR,1,1760,7,7,False
LDLKSG*CWC*NCRR,1,1761,1,1,True
LDLKSGRVVVEIAGA,1,694,7,7,False
LDLKSVGGRS*KCRR,2,363,1,2,True
LDLKSVLVGDEIAGA,1,1762,6,6,True
LDLKSVLVGGEIAGA,1,1762,6,6,False
LDLKSVVGVVEIAGA,1,1758,9,9,False
LDLLPLLLFLFWPGA,1,1666,7,7,False
LDLLPLLLFLMWPVQ,1,374,38,39,False
LDLLPLLLFLQLPVQ,1,4,603,1344,False
LDLLPLLLFLQWPAQ,1,73,128,146,False
LDLLPLLLFLSQPVQ,1,130,94,113,False
LDLLPLLLFLSSPLQ,1,156,79,85,False
LDLLPMLLFLQWPVQ,1,56,210,255,False
LDLLPQLLFLQLPVQ,1,4,603,1344,False
LDLLPVLLFLLLRAR,1,339,2,3,False
LDLMPQLLFLLQPLQ,1,156,79,85,False
LDLNPACCRGKVPAQ,1,411,9,11,False
LDLNPACVHREIAEA,1,1763,1,1,True
LDLNPADRVLEIPGA,1,1764,2,2,True
LDLNPAGSFVKFPAQ,1,108,17,20,False
LDLNPALFWLKLPAQ,1,3,2229,22657,False
LDLNPCCCFCWGRGR,1,1765,1,1,True
LDLNPCCCW*NCRRR,1,217,14,15,False
LDLNPCDRLLEIAGA,1,1764,2,2,False
LDLNPCFLLVKVPAQ,1,11,557,1905,False
LDLNPCGCW*KCRRR,1,1696,3,3,False
LDLNPCLFVLKVPAQ,1,387,6,8,False
LDLNPCLGVDEIAGA,1,125,21,23,False
LDLNPCLILLKLPAQ,1,3,2229,22657,False
LDLNPCLVLLKLPAQ,1,3,2229,22657,False
LDLNPCVGVVEIAGA,2,126,11,15,False
LDLNPCVLLVKLPAQ,1,191,17,19,False
LDLNPCVVMLKFPAQ,1,960,4,4,False
LDLNPCWSC*NSRRR,1,482,4,5,False
LDLNPDFGCLKGPAQ,1,1766,3,3,True
LDLNPDLVVVKLPAQ,1,142,20,22,False
LDLNPF*NCRRRVLA,1,1767,1,1,True
LDLNPFCFLGNSRRR,1,1671,4,4,False
LDLNPFCFWLKLPAQ,1,601,8,9,False
LDLNPFCLLLKLPGA,1,1768,5,5,True
LDLNPFCLMLKLRRR,1,1768,5,5,False
LDLNPFFFFVKFPGA,1,350,6,7,False
LDLNPFFIFLKFPAQ,1,91,121,166,False
LDLNPFFLLVESAGA,1,475,3,4,False
LDLNPFFMLGEMPGA,1,1673,6,6,False
LDLNPFFRLVEIAGA,1,120,25,29,False
LDLNPFGVVVQNAGA,2,364,10,12,True
LDLNPFLGGLKCPAQ,1,959,6,6,False
LDLNPFLIMLKVPAQ,1,1018,6,6,False
LDLNPFLLF*NCRRR,1,347,48,51,False
LDLNPFLLFLKLPAQ,1,3,2229,22657,False
LDLNPFLLFLRQPYQ,1,14,52,95,False
LDLNPFLLLCKLPAQ,1,3,2229,22657,False
LDLNPFLLLLKLPAQ,7,3,2229,22657,False
LDLNPFLLMVKLPAQ,1,3,2229,22657,False
LDLNPFLVVCKCPAQ,1,959,6,6,False
LDLNPFMGLLKLPAQ,1,91,121,166,False
LDLNPFMLFLKLPAQ,1,91,121,166,False
LDLNPFMLLLKFPAQ,1,91,121,166,False
LDLNPFMLLLKGRRR,1,1769,4,4,True
LDLNPFMLLSKCRRR,1,1769,4,4,False
LDLNPFRLVVQIAGA,3,69,21,28,False
LDLNPFRLVWKAGFW,1,1770,1,1,True
LDLNPFRVVLQNAGA,2,364,10,12,False
LDLNPFTASGNSRRR,1,34,15,22,False
LDLNPFVLFLKVPAQ,1,91,121,166,False
LDLNPFVV*LKLPAQ,1,358,19,20,False
LDLNPFWVGGEIAGA,1,365,35,37,False
LDLNPFWVLLKCPAQ,1,369,20,21,False
LDLNPFWWVVKWPAA,1,1771,2,2,True
LDLNPGEGRQQMPGA,1,1772,1,1,True
LDLNPGFGGLERAGA,1,365,35,37,False
LDLNPGGVFFKWPGA,1,1773,4,4,True
LDLNPGLDVLESAGA,1,365,35,37,False
LDLNPGLGDGEMAGA,1,365,35,37,False
LDLNPGLGGGGKGRR,1,595,7,8,False
LDLNPGLLLVKCRRR,1,367,12,13,False
LDLNPGLVFMKMPAQ,1,1200,2,2,False
LDLNPGRVVLEIAGA,1,346,2,3,False
LDLNPGVDRLESPGA,1,365,35,37,False
LDLNPGVGGGESAGA,2,365,35,37,True
LDLNPGVLVDEIAGA,1,125,21,23,False
LDLNPGVLVGESPGA,1,365,35,37,False
LDLNPGVLVVEIAGA,1,125,21,23,False
LDLNPGWCGVESAGA,1,365,35,37,False
LDLNPGWG*KGRRRV,1,1774,1,1,True
LDLNPKRGAGKGRRR,1,82,47,54,False
LDLNPLCLLLKLPAQ,1,124,39,45,False
LDLNPLCLLWKVPGA,2,359,7,9,False
LDLNPLCLS*KCRRR,1,1744,4,4,False
LDLNPLCVLFKVPAQ,1,1087,4,4,False
LDLNPLCVLVKLPAQ,1,190,29,31,False
LDLNPLCVRC*NSRR,1,1775,1,1,True
LDLNPLCVVVKLPAQ,1,190,29,31,False
LDLNPLCVVVKSRRR,1,379,3,4,False
LDLNPLCWGFKLPAQ,1,1776,8,8,True
LDLNPLDVGVEIAGA,1,120,25,29,False
LDLNPLDVLVQNAGA,1,364,10,12,False
LDLNPLDVVVEIAGA,1,120,25,29,False
LDLNPLFCCSNCRRR,1,101,7,9,False
LDLNPLFCRLKVPAQ,1,1766,3,3,False
LDLNPLFFRFKLRRR,1,1682,3,3,False
LDLNPLFFWVKDAGA,1,1681,4,4,False
LDLNPLFGRVEIAGA,1,125,21,23,False
LDLNPLFGWANARRR,1,1005,2,2,False
LDLNPLFLCVKLPAQ,1,190,29,31,False
LDLNPLFLLFKLPAQ,1,1776,8,8,False
LDLNPLFVLCKLPAQ,3,25,160,263,False
LDLNPLFVLVKLPAQ,1,190,29,31,False
LDLNPLGGVGQSAGA,2,72,10,15,False
LDLNPLGGWLKLPAQ,1,190,29,31,False
LDLNPLGLMVKFPAA,1,1327,3,3,False
LDLNPLGVRWKFPAQ,1,25,160,263,False
LDLNPLGWLVKLPAQ,1,1776,8,8,False
LDLNPLLCGANCRRR,1,347,48,51,False
LDLNPLLFL*NCRRR,1,347,48,51,False
LDLNPLLFLFKFPAQ,1,25,160,263,False
LDLNPLLFLLKLPAQ,1,3,2229,22657,False
LDLNPLLFVCKLPAQ,1,1543,9,9,False
LDLNPLLGFLKVPAQ,2,3,2229,22657,False
LDLNPLLGLFKIAGA,1,125,21,23,False
LDLNPLLGRGESAGA,1,365,35,37,False
LDLNPLLGVDQSAGA,1,1722,2,2,False
LDLNPLLGVVESPGA,1,126,11,15,False
LDLNPLLIGCKVPAQ,1,1776,8,8,False
LDLNPLLLFLQFPAQ,1,3,2229,22657,False
LDLNPLLLFLQLPVQ,1,4,603,1344,False
LDLNPLLLFLRWPIQ,1,54,100,139,False
LDLNPLLLGVKLPAQ,1,1776,8,8,False
LDLNPLLLLLKLPAQ,3,3,2229,22657,False
LDLNPLLLVVKLPAQ,1,142,20,22,False
LDLNPLLLWLKGPAQ,1,3,2229,22657,False
LDLNPLLLWLKLPAQ,2,3,2229,22657,False
LDLNPLLMGCKLPAA,1,1776,8,8,False
LDLNPLLSWLKCPAQ,1,19,348,758,False
LDLNPLLVF*NCRRR,1,347,48,51,False
LDLNPLLVGGEIGRR,1,1777,1,1,True
LDLNPLLVLCKLPAQ,1,181,23,25,False
LDLNPLLVLDESAGA,1,125,21,23,False
LDLNPLLVLMKWPAQ,1,1684,2,2,False
LDLNPLLVLVKLPAQ,1,190,29,31,False
LDLNPLLVMLKGPGA,1,1778,2,2,True
LDLNPLLVVMKVPAQ,1,19,348,758,False
LDLNPLLVV_NAGAG,1,1779,1,1,True
LDLNPLLWGLKLPAQ,1,1776,8,8,False
LDLNPLLWVVESPGA,1,1780,5,5,True
LDLNPLMGVVKLPAQ,1,142,20,22,False
LDLNPLMVGVEMAGA,1,383,22,24,False
LDLNPLMVWVKVPAQ,1,190,29,31,False
LDLNPLRVVVEIAGA,1,120,25,29,False
LDLNPLRWGVQMAGA,1,1781,2,2,True
LDLNPLSLW*NCRRR,1,347,48,51,False
LDLNPLVCLDEIAGA,3,125,21,23,True
LDLNPLVF**NCRRR,1,347,48,51,False
LDLNPLVFSGEMPGA,1,740,2,2,False
LDLNPLVGLFKLPAQ,1,1776,8,8,False
LDLNPLVGVVEIAGA,1,125,21,23,False
LDLNPLVGVVQIAGA,1,27,28,43,False
LDLNPLVGW*KCRRR,1,696,4,4,False
LDLNPLVIL*NCRRR,1,347,48,51,False
LDLNPLVLLLKGRRR,1,1769,4,4,False
LDLNPLVLLMKLPAQ,1,124,39,45,False
LDLNPLVLVVKLPAQ,1,124,39,45,False
LDLNPLVSSGNCRRR,1,110,6,8,False
LDLNPLVVFGEIAGA,1,125,21,23,False
LDLNPLVVLGEIAGA,1,125,21,23,False
LDLNPLVVLGESAGA,1,125,21,23,False
LDLNPLVVVQRPGAG,1,1724,3,3,False
LDLNPLVWFLKVPAQ,1,124,39,45,False
LDLNPLWDRDEMAGA,1,125,21,23,False
LDLNPLWGC*NARRR,1,347,48,51,False
LDLNPLWLGDEIPGA,1,125,21,23,False
LDLNPLWLLFKLPGA,1,1768,5,5,False
LDLNPLWLLVKLPAQ,1,190,29,31,False
LDLNPLWMLGNGRRR,1,1782,1,1,True
LDLNPLWMMLKFPAQ,1,1783,3,3,True
LDLNPLWVFFKLPAQ,1,190,29,31,False
LDLNPLWVLFKLPAQ,1,190,29,31,False
LDLNPLWVLLKVPAQ,1,1783,3,3,False
LDLNPLWVVLKLPAQ,1,190,29,31,False
LDLNPLWWGSNGRRR,1,599,8,9,False
LDLNPMFLLCENAGA,1,1784,1,1,True
LDLNPMGFLFKFPAQ,1,25,160,263,False
LDLNPMILLVKLPAQ,1,191,17,19,False
LDLNPMLGLGEIAGA,1,125,21,23,False
LDLNPMLGW*NCRRR,1,347,48,51,False
LDLNPMLVLWKLPAQ,1,191,17,19,False
LDLNPMLWLLKLPAA,1,46,24,36,False
LDLNPMMVGVEIAGA,1,120,25,29,False
LDLNPMSCC*NCRRR,1,347,48,51,False
LDLNPMSCLLKFPAH,1,1785,1,1,True
LDLNPMVGDVEIPGA,3,126,11,15,True
LDLNPMVVVLKLPAQ,1,369,20,21,False
LDLNPMWLLCKLPAQ,1,191,17,19,False
LDLNPNCAS*NSRRR,1,482,4,5,False
LDLNPNGVFGKVPAA,1,1773,4,4,False
LDLNPPGLVFKVRAG,1,1786,1,1,True
LDLNPPSSWGNCRRR,1,122,12,17,False
LDLNPQA*S*NCRRR,1,1787,1,1,True
LDLNPQCIVCKFPAQ,1,600,6,7,False
LDLNPQFCWLKLPAQ,1,973,5,5,False
LDLNPQFLLLKLPAQ,1,3,2229,22657,False
LDLNPQFLVFKLPAQ,1,1543,9,9,False
LDLNPQFVLIKLPAQ,1,181,23,25,False
LDLNPQFVLLKMPAQ,1,181,23,25,False
LDLNPQFVLVKLPAQ,1,181,23,25,False
LDLNPQLFIFKFPAQ,1,1543,9,9,False
LDLNPQLFLFKLPAQ,1,1543,9,9,False
LDLNPQLLLFKLAGA,1,1768,5,5,False
LDLNPQLLMGESAGA,1,365,35,37,False
LDLNPQLWGVKLAGA,1,1203,2,2,False
LDLNPQLWVLEMAGA,1,1780,5,5,False
LDLNPQMLLFKLPAQ,1,191,17,19,False
LDLNPQVVVVEIAGA,1,120,25,29,False
LDLNPQWLLLKLPAQ,2,3,2229,22657,False
LDLNPQWLLLKVPAQ,1,11,557,1905,False
LDLNPQWLVMKIPGA,2,366,4,5,True
LDLNPQWLVWKLPAQ,1,191,17,19,False
LDLNPQWVMWKFPAQ,1,1783,3,3,False
LDLNPRFLVGKFPAQ,1,381,22,23,False
LDLNPRLFVFKLPAQ,1,1543,9,9,False
LDLNPRRGGVKGPAQ,1,1234,22,22,False
LDLNPRVFGFKCPAQ,1,358,19,20,False
LDLNPSCWC*NGRRR,1,1788,6,6,True
LDLNPSFLCANCRRR,1,1788,6,6,False
LDLNPSFVLCKCRRR,1,367,12,13,False
LDLNPSGGVMKWPAQ,1,1195,4,4,False
LDLNPSGRDLQSPGA,1,1719,3,3,False
LDLNPSGVLGQIPGA,1,352,8,9,False
LDLNPSIVVFKLPAQ,1,1199,3,3,False
LDLNPSLCSSNCRRR,1,367,12,13,False
LDLNPSLCVLQIAGA,1,1669,3,3,False
LDLNPSLFMFKFPAQ,1,966,6,6,False
LDLNPSMFLVKFPAQ,1,25,160,263,False
LDLNPSVGVGNCRRR,1,1789,2,2,True
LDLNPSVGVVKLAGA,1,1790,2,2,True
LDLNPSVWVWKVPAQ,1,191,17,19,False
LDLNPSWGRLEIAGA,1,741,5,5,False
LDLNPSWVVQSAGAG,1,1728,2,2,False
LDLNPTAAAAKCRRR,1,1791,1,1,True
LDLNPTLFLLKLPAQ,1,3,2229,22657,False
LDLNPVCLCGNRRRV,1,1792,1,1,True
LDLNPVCVVLKWPAQ,1,402,7,8,False
LDLNPVFLWLKLPAQ,6,3,2229,22657,False
LDLNPVGGLVKWPAQ,1,1652,6,6,False
LDLNPVGLLFKVRRR,1,1769,4,4,False
LDLNPVGVVGQMAGA,1,364,10,12,False
LDLNPVGVVREIAGA,1,413,20,21,False
LDLNPVGVVVEIAGA,1,364,10,12,False
LDLNPVLCCSNCRRR,1,367,12,13,False
LDLNPVLFI*NCRRR,1,347,48,51,False
LDLNPVLLGVKLPGA,1,1755,3,3,False
LDLNPVLLLFKLPAQ,1,3,2229,22657,False
LDLNPVLLVLKIPAQ,1,3,2229,22657,False
LDLNPVLRDGQSAGA,1,1158,4,4,False
LDLNPVLVCFKLPAQ,1,265,6,7,False
LDLNPVLVLFKLPAQ,1,265,6,7,False
LDLNPVLVLSNCRRR,2,367,12,13,True
LDLNPVMGVVEIAGA,1,1730,4,4,False
LDLNPVMVGAKGRRR,1,958,3,3,False
LDLNPVS**SKSRRR,1,742,2,2,False
LDLNPVVFWVEIPGA,1,126,11,15,False
LDLNPVVGGRKVPAQ,1,967,5,5,False
LDLNPVVGVGQRAGA,1,27,28,43,False
LDLNPVVGVVEIAGA,2,64,33,38,False
LDLNPVVGVVESAGA,2,365,35,37,False
LDLNPVVLVGEIAGA,1,413,20,21,False
LDLNPVVLVGQIAGA,1,27,28,43,False
LDLNPVVRGLESAGA,1,365,35,37,False
LDLNPVVRGVQIAGA,1,64,33,38,False
LDLNPVVVLGEIAGA,1,125,21,23,False
LDLNPVVVLVKGPAQ,1,369,20,21,False
LDLNPVVVRVENAGA,1,364,10,12,False
LDLNPVVVWWKLPAQ,1,190,29,31,False
LDLNPVWLGVESPGA,1,383,22,24,False
LDLNPVWLLFKLPAA,1,1656,3,3,False
LDLNPVWVVWKIAGA,1,366,4,5,False
LDLNPWCCCANCRRR,1,743,5,5,False
LDLNPWCCCANGRRR,1,1788,6,6,False
LDLNPWCLLVKVPGA,1,1768,5,5,False
LDLNPWFGGGQIAGA,1,69,21,28,False
LDLNPWFMLLKWRRV,2,368,2,3,True
LDLNPWFVFLKLPAQ,1,3,2229,22657,False
LDLNPWGVGFKCRRR,1,1793,2,2,True
LDLNPWLCCVEIPGA,1,126,11,15,False
LDLNPWLFFLKFPAQ,1,3,2229,22657,False
LDLNPWLFFLKIPAQ,2,3,2229,22657,False
LDLNPWLFFLKLPAQ,4,3,2229,22657,False
LDLNPWLFFLKVPAQ,3,3,2229,22657,False
LDLNPWLFVGEIAGA,1,413,20,21,False
LDLNPWLFWLKVPAQ,2,3,2229,22657,False
LDLNPWLIFLKLPAQ,3,3,2229,22657,False
LDLNPWLIFLKVPAQ,5,3,2229,22657,False
LDLNPWLLFLAQPWQ,1,1,1197,10527,False
LDLNPWLLFLKFPAQ,14,3,2229,22657,False
LDLNPWLLFLKLPAQ,49,3,2229,22657,False
LDLNPWLLFLKLPGA,1,3,2229,22657,False
LDLNPWLLFLKSPGA,1,3,2229,22657,False
LDLNPWLLFLKVPAQ,12,3,2229,22657,False
LDLNPWLLFLKWPAQ,3,3,2229,22657,False
LDLNPWLLFLQFPVQ,1,3,2229,22657,False
LDLNPWLLFLQLPAQ,3,3,2229,22657,False
LDLNPWLLFLQLPGQ,1,3,2229,22657,False
LDLNPWLLFLQLPLQ,1,3,2229,22657,False
LDLNPWLLFLQLPSQ,2,3,2229,22657,False
LDLNPWLLFLRLPKQ,1,3,2229,22657,False
LDLNPWLLFLRLPVQ,2,3,2229,22657,False
LDLNPWLLFLRMPRQ,1,3,2229,22657,False
LDLNPWLLFLRYPQQ,4,7,629,1764,False
LDLNPWLLFLSQPAQ,3,3,2229,22657,False
LDLNPWLLFLTRPRQ,1,6,143,456,False
LDLNPWLLFLVQPEQ,2,1,1197,10527,False
LDLNPWLLFLVTPQQ,2,3,2229,22657,False
LDLNPWLLFLYRPQQ,3,3,2229,22657,False
LDLNPWLLLLKLPAQ,5,3,2229,22657,False
LDLNPWLLLLKMPAQ,1,3,2229,22657,False
LDLNPWLLLLKWPAQ,1,3,2229,22657,False
LDLNPWLLLVKLPAQ,1,3,2229,22657,False
LDLNPWLLWLKLPAQ,16,3,2229,22657,False
LDLNPWLLWLKVPAQ,3,3,2229,22657,False
LDLNPWLVFLKFPAQ,4,3,2229,22657,False
LDLNPWLVFLKLPAQ,11,3,2229,22657,False
LDLNPWLVFLKVPAQ,5,3,2229,22657,False
LDLNPWLVLFKWPAQ,1,1794,11,11,True
LDLNPWLVLLKVPAQ,1,1794,11,11,False
LDLNPWLVSSNCRRR,1,367,12,13,False
LDLNPWLVVFKLPAQ,2,3,2229,22657,False
LDLNPWLVWLKVPAQ,1,19,348,758,False
LDLNPWLWCLKVPAQ,1,3,2229,22657,False
LDLNPWLWMFKFPAQ,1,1794,11,11,False
LDLNPWMLFLKFPAQ,1,91,121,166,False
LDLNPWMLFLKVPAQ,1,3,2229,22657,False
LDLNPWMLWLKMPAQ,1,165,80,105,False
LDLNPWMVGGEIAGA,1,365,35,37,False
LDLNPWRVMLKLPAQ,1,3,2229,22657,False
LDLNPWVGFFKWPGA,1,1773,4,4,False
LDLNPWVGGGQIAGA,1,365,35,37,False
LDLNPWVLVGKLPGA,1,366,4,5,False
LDLNPWVVLGEIAGA,1,125,21,23,False
LDLNPWWHGVESAGA,1,365,35,37,False
LDLNPWWVCVKLPAQ,2,190,29,31,False
LDLNPWWVVWKFPAQ,1,108,17,20,False
LDLNPWWWGGQIAGA,1,1781,2,2,False
LDLNPWWWLVKLPAQ,1,108,17,20,False
LDLNPYCGGDENPGA,1,1795,1,1,True
LDLNPYFLFLKLPAQ,1,3,2229,22657,False
LDLNPYLLFLRKPSQ,1,12,343,758,False
LDLNPYLLFLRMPQQ,4,12,343,758,False
LDLNPYLLFLSLPQQ,1,3,2229,22657,False
LDLNPYLLFLVQPAQ,5,2,509,4610,False
LDLNPYLLLLKLPAQ,1,3,2229,22657,False
LDLNPYMLFLKVPAQ,1,91,121,166,False
LDLNPYVGVVEIAGA,1,126,11,15,False
LDLNRCCCGSNSRRR,1,340,16,18,False
LDLNRCCWW*NGRRR,1,1788,6,6,False
LDLNRRWCCSNCRRR,1,1760,7,7,False
LDLQPGLLFLWLPLQ,1,92,43,48,False
LDLQPLLLFLGQPGQ,1,156,79,85,False
LDLQPLLLFLQLPFQ,1,4,603,1344,False
LDLQPLLLFLRKPNQ,1,317,4,5,False
LDLQPLLLFLVQPAQ,1,156,79,85,False
LDLQPSLLFLWTPWQ,1,1796,4,4,True
LDLQPVLLFLLYPQQ,1,989,3,3,False
LDLQPWLLFLQVPRQ,1,56,210,255,False
LDLQPWLLFLWLPQQ,1,1212,17,17,False
LDLRPVLLFLQWPVQ,1,56,210,255,False
LDLRPWLLFLQVPVQ,1,56,210,255,False
LDLSDVRLVESPGAG,1,1797,1,1,True
LDLSPWLLFLEGPVQ,1,130,94,113,False
LDLVPLLLFLQLPVQ,1,4,603,1344,False
LDLVPLLLFLVRPGP,1,1666,7,7,False
LDLVPLLLFLWLPEQ,1,1212,17,17,False
LDLVPLLLFWGSRAR,1,1798,1,1,True
LDLVPVLLFLGGPNQ,1,1495,4,4,False
LDLVPWLLFLQLPVQ,1,130,94,113,False
LDLWP*LLFLQWPKQ,1,73,128,146,False
LDLWPGLLFLQWPVQ,2,73,128,146,False
LDLWPLLLFLGWPVQ,1,20,111,133,False
LDLWPLLLFLLQPWQ,1,156,79,85,False
LDLWPLLLFLQWPLQ,1,73,128,146,False
LDLWPLLLFLWWPAQ,1,20,111,133,False
LDLWPMLLFLQWPLQ,1,73,128,146,False
LDLWPRLLFLWSPLQ,1,156,79,85,False
LDLWPVLLFWCCRGR,1,1685,4,4,False
LDLWPWLLFLLLPVQ,1,3,2229,22657,False
LDLWPWLLFLQGPGQ,1,31,119,142,False
LDLWPWLLFLQLPGQ,1,3,2229,22657,False
LDLWPYLLFLQWPVQ,1,73,128,146,False
LDMAPWLLFLQRPGQ,1,9,239,562,False
LDMCRCCCFWCCRCR,2,188,3,5,False
LDMESVGVVGEMAGA,1,75,37,44,False
LDMFPFLAVSDRAVP,1,1799,1,1,True
LDMGPFLLFLIKPKQ,1,1800,3,3,True
LDMGPGLLFLEVPVQ,1,243,60,64,False
LDMIRCA*GSNCRRR,1,1801,1,1,True
LDMIRCWSC*KCRRR,1,1802,3,3,True
LDMNPAVSSRKSRRR,1,1803,3,3,True
LDMNPAWLLLENPGR,1,1726,4,4,False
LDMNPFCFMVKVPAQ,1,336,8,10,False
LDMNPFFFVFKLPAQ,1,358,19,20,False
LDMNPFLFFLKFPAQ,1,3,2229,22657,False
LDMNPFLLFLKLPAQ,1,3,2229,22657,False
LDMNPFSLLFKLPAQ,1,358,19,20,False
LDMNPKG**GKGRRR,1,1222,2,2,False
LDMNPKSRAGKGRRR,1,82,47,54,False
LDMNPLFFLLKLPAQ,1,25,160,263,False
LDMNPLGRGDEIPGA,1,1804,2,2,True
LDMNPLLGVGKGPAQ,1,372,11,12,False
LDMNPLLLFLKFPVQ,1,3,2229,22657,False
LDMNPLLLFLKTPQQ,1,3,2229,22657,False
LDMNPLLLFLQFPAQ,1,3,2229,22657,False
LDMNPLLLFLQWPLQ,1,54,100,139,False
LDMNPLLLLCKLPAQ,2,3,2229,22657,False
LDMNPLLLVLKLPAQ,1,3,2229,22657,False
LDMNPLLVGVQRAGA,1,383,22,24,False
LDMNPLLVVGQNPGA,1,1220,3,3,False
LDMNPLVGLCKFPAQ,1,25,160,263,False
LDMNPLVGLVQSAGA,1,1805,3,3,True
LDMNPLVVGVKLPAQ,1,190,29,31,False
LDMNPMLLFLQWPVQ,1,4,603,1344,False
LDMNPMMVLLKGPAQ,2,369,20,21,True
LDMNPMVMRVEMAGA,2,370,3,4,True
LDMNPPGGMGQSPGA,4,72,10,15,True
LDMNPPSIF_IPGAG,1,1806,1,1,True
LDMNPPSVIVKVPAQ,2,371,2,3,True
LDMNPQGMGLKGPAQ,1,109,21,26,False
LDMNPRISMWKEAGA,1,1807,2,2,True
LDMNPRVSFWKMPGA,1,1807,2,2,False
LDMNPSCCRLKVPAQ,1,973,5,5,False
LDMNPSCWCVRNSRR,1,1808,1,1,True
LDMNPTMGMRKVPAQ,1,372,11,12,False
LDMNPTRGMWKVPAQ,1,372,11,12,False
LDMNPTRRSSERAGA,1,1365,5,5,False
LDMNPTVGVGKGPAQ,2,372,11,12,True
LDMNPVCGQLESPGA,1,1809,1,1,True
LDMNPVDRLGQIAGA,1,1810,3,3,True
LDMNPVGVVVEIAGA,1,120,25,29,False
LDMNPVMGQGEIAGA,1,1730,4,4,False
LDMNPVVRGVEKAGA,1,64,33,38,False
LDMNPVWVGVEIAGA,1,383,22,24,False
LDMNPWFLFLKFPAQ,1,3,2229,22657,False
LDMNPWFVFLKFPAQ,1,155,109,133,False
LDMNPWLFFLKLPAQ,1,3,2229,22657,False
LDMNPWLFFLKVPAQ,2,3,2229,22657,False
LDMNPWLFLLKLPAQ,1,3,2229,22657,False
LDMNPWLICLKVPAQ,1,3,2229,22657,False
LDMNPWLIFLKLPAQ,2,3,2229,22657,False
LDMNPWLILLKFPAQ,1,3,2229,22657,False
LDMNPWLLFLAQPWQ,1,1,1197,10527,False
LDMNPWLLFLKFPAQ,8,3,2229,22657,False
LDMNPWLLFLKLPAQ,40,3,2229,22657,False
LDMNPWLLFLKMPAQ,1,3,2229,22657,False
LDMNPWLLFLKSPAQ,1,3,2229,22657,False
LDMNPWLLFLKVPAQ,3,3,2229,22657,False
LDMNPWLLFLKVPVQ,1,3,2229,22657,False
LDMNPWLLFLKWPAQ,1,3,2229,22657,False
LDMNPWLLFLQLPQQ,1,3,2229,22657,False
LDMNPWLLFLQLPRQ,1,3,2229,22657,False
LDMNPWLLFLQLPVQ,1,3,2229,22657,False
LDMNPWLLFLQRPQQ,1,9,239,562,False
LDMNPWLLFLQRPVQ,1,9,239,562,False
LDMNPWLLFLQVPVQ,1,9,239,562,False
LDMNPWLLFLRDPQQ,1,7,629,1764,False
LDMNPWLLFLRIPGQ,1,3,2229,22657,False
LDMNPWLLFLRLPRQ,2,3,2229,22657,False
LDMNPWLLFLRQPAQ,5,3,2229,22657,False
LDMNPWLLFLRQPQQ,5,7,629,1764,False
LDMNPWLLFLRSPQQ,4,7,629,1764,False
LDMNPWLLFLSQPYQ,1,1,1197,10527,False
LDMNPWLLLLKLPAQ,1,3,2229,22657,False
LDMNPWLLMLKLPAQ,2,3,2229,22657,False
LDMNPWLVFLKLPAQ,5,3,2229,22657,False
LDMNPWLVFLKVPAQ,1,3,2229,22657,False
LDMNPWLVLLKLPAQ,1,3,2229,22657,False
LDMNPWMLFLKLPAQ,1,3,2229,22657,False
LDMNPWVWLMKLPAQ,1,1656,3,3,False
LDMNPYLFLFKLPAQ,1,358,19,20,False
LDMNPYLLFLKFPAQ,1,3,2229,22657,False
LDMNPYLLFLNRPQQ,1,9,239,562,False
LDMNPYLLFLRFPQQ,2,7,629,1764,False
LDMNPYLLLLKLPAQ,1,3,2229,22657,False
LDMPPGLLFLVWPQQ,1,374,38,39,False
LDMRPVLLFLQWPAQ,1,73,128,146,False
LDMRPVLLFLQWPWQ,1,53,100,123,False
LDMVADPAVSVRAGA,1,1811,1,1,True
LDMVPLLLFLMLPYQ,1,452,22,24,False
LDMWPFLLFLSQPLQ,2,156,79,85,False
LDMWPLLLFLLWPLQ,1,54,100,139,False
LDMWPLLLFLQWPRQ,1,73,128,146,False
LDMWPWLLFLSRPAQ,1,3,2229,22657,False
LDNLPWLLFLLVPQQ,1,424,27,28,False
LDNNPWLLFLRRPKQ,1,9,239,562,False
LDNSPVPAVSAPPEA,1,1812,1,1,True
LDNTPELLFLFGPYQ,1,1813,2,2,True
LDNVLWLLFLQCAGP,1,1814,1,1,True
LDPRPSLLFLQSPAQ,2,242,52,57,False
LDPSAGPAVSALADA,1,1815,1,1,True
LDQAPQLLFLWWPVQ,1,227,22,26,False
LDQAPTLLFLVQPLQ,1,156,79,85,False
LDQAPYLLFLVQPGQ,1,357,26,27,False
LDQCPCLLFLLLPLQ,1,979,5,5,False
LDQCPELLFLQWPSQ,1,73,128,146,False
LDQCPLLLFLLWPQQ,1,374,38,39,False
LDQCPNLLFLNNPYQ,1,1816,1,1,True
LDQFPLLLFLAWPGQ,1,68,51,63,False
LDQFPSLLFLRVPLQ,1,1817,6,6,True
LDQGPILLFLQWPHQ,1,73,128,146,False
LDQHPLLLFLLLPLQ,1,48,50,61,False
LDQKPYLLFLTQPNQ,1,2,509,4610,False
LDQLPLLLFLKWPVQ,1,374,38,39,False
LDQLPLLLFLRVPWQ,1,1817,6,6,False
LDQLPLLPFLLSPTH,1,1818,1,1,True
LDQLPMLLFLYSPQQ,1,199,16,17,False
LDQLPYLLFLSFPVQ,1,862,5,5,False
LDQNPWLLFLRLPNQ,1,3,2229,22657,False
LDQNPWLLFLRLPQQ,1,3,2229,22657,False
LDQNPWLLFLRRPTQ,1,3,2229,22657,False
LDQNPYLLFLRWPWQ,1,12,343,758,False
LDQQPHLLFLVFPWQ,1,863,6,6,False
LDQQPQLLFLAQPWQ,1,1,1197,10527,False
LDQRPLLLFLRPPKQ,1,68,51,63,False
LDQRPMLLFLVRPRQ,1,357,26,27,False
LDQRPSLLFLFVPAQ,2,68,51,63,False
LDQSPLLLFLVWPGQ,1,68,51,63,False
LDQSPRLLFLVWPWQ,1,374,38,39,False
LDQWPFLLFLLVPLQ,1,1817,6,6,False
LDQWPGLLFLVLPQQ,1,40,66,76,False
LDQWPLLLFLRWPGQ,1,31,119,142,False
LDQWPQLLFLTLPWQ,1,127,34,42,False
LDQWPVLLFLGLPWQ,1,53,100,123,False
LDQWPVLLFLMRPEQ,1,53,100,123,False
LDQWPVLLFLQLPAQ,1,3,2229,22657,False
LDQWPWLLFLLLPLQ,1,3,2229,22657,False
LDQWPWLLFLLQPVQ,1,130,94,113,False
LDQWPWLLFLSLPAQ,1,3,2229,22657,False
LDQWPWLLFLSLPVQ,1,3,2229,22657,False
LDQYPLLLFLGGPFQ,1,1020,4,4,False
LDRESEGEEEEKAGA,1,277,78,85,False
LDRESEGEEEERAGA,1,99,134,161,False
LDRESVVRLGQMPGA,1,1819,1,1,True
LDRGPGLLFLEVPGR,1,709,7,7,False
LDRGPLLLFLQLPVQ,1,4,603,1344,False
LDRGPLLLFLQWPFQ,1,73,128,146,False
LDRGPLLLFLQWPVQ,1,4,603,1344,False
LDRGPLLLSLQWPMQ,1,1820,7,7,True
LDRGPMLLFLQWPAQ,1,1820,7,7,False
LDRGRGCCFCWGRCR,2,113,15,19,False
LDRIRRSCGGKCRRR,1,1821,2,2,True
LDRLADAAVSDVPGA,1,1822,2,2,True
LDRLPFLLFLQWPVQ,2,56,210,255,False
LDRLPLLLFLQLPVQ,1,4,603,1344,False
LDRLPVLLFLWRPAQ,1,96,48,56,False
LDRMPAAAVSDVPDA,1,1822,2,2,False
LDRNPAAGGGNCRRR,1,605,14,15,False
LDRNPAVEEEEKAGA,1,144,108,123,False
LDRNPEEQEEERGRR,1,1823,1,1,True
LDRNPEGVRGQSPGA,1,72,10,15,False
LDRNPFVGVVENAGA,1,364,10,12,False
LDRNPGGGWGKARRR,1,192,4,5,False
LDRNPGGVRGKGPAQ,1,1824,17,17,True
LDRNPGVFWFKLPAQ,1,358,19,20,False
LDRNPGWGG*NCRRR,1,1721,3,3,False
LDRNPKGEEEQRAGA,1,1270,12,12,False
LDRNPKGVEVEMAGA,1,8,25,98,False
LDRNPKLGRRKGPAQ,1,10,1116,1855,False
LDRNPKMRRRGKERA,1,1825,1,1,True
LDRNPKRRRRKGPAQ,1,10,1116,1855,False
LDRNPLCCRRKWRAG,1,1826,1,1,True
LDRNPLFVVLKVPAQ,1,381,22,23,False
LDRNPLRGAGKGRRR,1,82,47,54,False
LDRNPMLFVVKVPAQ,1,336,8,10,False
LDRNPMRVEEERAGA,1,26,107,135,False
LDRNPNGGVGENAGA,1,1091,4,4,False
LDRNPNVCCWKGPAQ,1,1827,1,1,True
LDRNPQGRRRKRPAQ,1,10,1116,1855,False
LDRNPQRRRRKRPAQ,1,10,1116,1855,False
LDRNPRGRRGKLPAQ,1,1824,17,17,False
LDRNPRGRRRKWPAQ,1,10,1116,1855,False
LDRNPRGRRWKGPAQ,1,356,19,23,False
LDRNPRGWRWKGRRR,7,33,19,29,True
LDRNPRRRRRKRPAQ,1,10,1116,1855,False
LDRNPRVWEEERAGA,1,1284,2,2,False
LDRNPSGQHGQSAGA,1,352,8,9,False
LDRNPSGRRRKGPAQ,1,18,393,562,False
LDRNPSGVHLESPGA,1,1283,3,3,False
LDRNPSGWVGERPGA,1,1718,5,5,False
LDRNPSIGQHESAGA,1,1828,1,1,True
LDRNPTGEEEQRAGA,1,144,108,123,False
LDRNPTGRRRKGPAQ,1,18,393,562,False
LDRNPTSRRRKGPAQ,1,10,1116,1855,False
LDRNPTVGWGKMPAQ,1,372,11,12,False
LDRNPVGEGEEKAGA,1,144,108,123,False
LDRNPWLLFLKVPQQ,1,3,2229,22657,False
LDRNPWLLFLQWPVQ,1,56,210,255,False
LDRNPWLVFLKWPAQ,1,3,2229,22657,False
LDRNPWWGWGSKGRR,1,1829,1,1,True
LDRQPKLLFLWWPVQ,1,56,210,255,False
LDRQPLLLFLVVPVQ,1,68,51,63,False
LDRQPLLLFLWRPAQ,1,41,88,103,False
LDRQPLLLFLWSPMQ,1,284,25,28,False
LDRQPMLLFLGMPHQ,1,1830,1,1,True
LDRQPQLLFLVWPPQ,1,127,34,42,False
LDRQPWLLFLFGPQQ,1,118,35,41,False
LDRQPWLLFLRWPWQ,1,56,210,255,False
LDRQSEEEEEERAGA,1,277,78,85,False
LDRQSVVGLEEIAGA,1,1831,1,1,True
LDRRPLLLFLFGPRQ,2,127,34,42,False
LDRRPLLLFLILPQQ,1,127,34,42,False
LDRRPLLLFLQWPVQ,1,1820,7,7,False
LDRRPLLLFLWWPSR,1,1832,1,1,True
LDRRPQLLFLYLPWQ,3,127,34,42,True
LDRRPVLLFLWQPVQ,1,24,22,31,False
LDRRPWLLFLNFPGQ,1,127,34,42,False
LDRRRGCCFWRGRTR,1,982,2,2,False
LDRSPWLLFLQWPVQ,2,56,210,255,False
LDRVPMLLFLQAPQQ,1,1711,7,7,False
LDRVPMLLFLVQPQQ,1,130,94,113,False
LDRVPWLLFLAYPWR,1,1833,1,1,True
LDRVPWLLFLWQPRQ,1,130,94,113,False
LDRWPALLFLQWPVQ,1,73,128,146,False
LDRWPFLLFLFGPGA,1,1708,2,2,False
LDRWPFLLFLSLPQQ,1,20,111,133,False
LDRWPLLLFLMQPEQ,1,156,79,85,False
LDRWPLLLFLQWPGQ,1,73,128,146,False
LDRWPLLLFLQWPLQ,1,73,128,146,False
LDRWPLLLFLRGPWQ,1,31,119,142,False
LDRWPLLLFLVQPAQ,1,156,79,85,False
LDRWPVLCFCGGRGR,1,1834,1,1,True
LDRWPVLLFLEQPQQ,1,1737,4,4,False
LDRWPVLLFLMRPQQ,1,53,100,123,False
LDRWPVLLFLQWPQQ,1,73,128,146,False
LDRWPVLLFLQWPRQ,1,73,128,146,False
LDRWPVLLFLQWPVQ,1,73,128,146,False
LDRWPWLLFLQWPNQ,1,73,128,146,False
LDRWPWLLFLQWPVQ,1,56,210,255,False
LDRWPWLLFLRQPKQ,1,130,94,113,False
LDRWPYLLFLSSPKQ,1,1835,6,6,True
LDRYPPLLFLRWPRQ,1,1836,3,3,True
LDSAPVLLFLNRPRQ,1,1310,7,7,False
LDSDPYLLFLKKPNQ,1,0,1628,17219,False
LDSFPLLLFLYVPFQ,1,374,38,39,False
LDSGPFLLFLQWPGQ,1,1713,18,18,False
LDSGPLLLFLQWPGQ,1,374,38,39,False
LDSGPLLLFLWGPQQ,1,374,38,39,False
LDSIPWLLFLQWPLQ,1,56,210,255,False
LDSIR*SCSSNSRRR,1,340,16,18,False
LDSIRCA*S*NARRR,1,373,4,5,False
LDSIRCGCC*NCRRR,1,628,25,26,False
LDSIRCGCGSNCRRR,1,1760,7,7,False
LDSIRCGSCSNGRRR,1,1760,7,7,False
LDSIRCSSC*NCRRR,2,122,12,17,False
LDSIRCSWCANCRRR,1,1837,1,1,True
LDSIRGAAG*NCRRR,1,520,5,6,False
LDSIRSWCSANSRRR,1,340,16,18,False
LDSIRTCCS*NCRRR,2,63,5,9,False
LDSIRW*SA*NARRR,2,373,4,5,True
LDSLPGLLFLQLPGQ,1,73,128,146,False
LDSLPLLLFLCGRTR,1,1685,4,4,False
LDSLPLLLFLLQPLQ,1,518,22,24,False
LDSLPLLLFLQLPVQ,1,4,603,1344,False
LDSLPLLLFLQWPAQ,1,374,38,39,False
LDSLPLLLFLQWPMQ,1,374,38,39,False
LDSLPLLLFLQWPVQ,1,374,38,39,False
LDSLPSLLFLRLPQQ,1,40,66,76,False
LDSMPLLLFLVWPQQ,2,374,38,39,True
LDSMPMLLFLQFPVQ,1,98,8,10,False
LDSMPQLLFLQSPWQ,1,127,34,42,False
LDSNPAFCISKVPAQ,1,386,2,3,False
LDSNPAGGVRKFPAQ,1,1738,3,3,False
LDSNPAGMSRKRPAQ,1,49,14,21,False
LDSNPALGW*NCRRR,2,347,48,51,False
LDSNPDQLRQGNSRR,1,1838,1,1,True
LDSNPEGRRSKRPAQ,1,18,393,562,False
LDSNPEGRRVKRRRR,1,1839,3,3,True
LDSNPFVRVLQMPGA,1,1840,1,1,True
LDSNPGQLEQERAGA,1,1841,2,2,True
LDSNPGQLVRQIPGA,1,1842,1,1,True
LDSNPGVVVGQMAGA,1,938,2,2,False
LDSNPKGRREENAGA,2,89,6,10,False
LDSNPMRCSVKLPAQ,1,1843,2,2,True
LDSNPQCLLCKGPAA,2,375,1,2,True
LDSNPRGRRRKRPAQ,1,18,393,562,False
LDSNPRRRSWKGPAQ,1,1843,2,2,False
LDSNPSASAGNCRRR,1,110,6,8,False
LDSNPTLGEEQNAGA,1,1844,1,1,True
LDSNPTRSISKGPAQ,1,162,19,23,False
LDSNPTSRDRESPGA,1,1754,3,3,False
LDSNPTVGQGERPGA,1,1845,1,1,True
LDSNPVGWCSKVPAQ,1,1519,6,6,False
LDSNPWLLFLKQPYQ,1,3,2229,22657,False
LDSPPLLLFLQLPVQ,1,4,603,1344,False
LDSQPFLLFLKKPKQ,1,1800,3,3,False
LDSQPMLLFLWSPYQ,1,1796,4,4,False
LDSQPWLLFLFSPGQ,1,1306,5,5,False
LDSRPLLLFLQWPVQ,1,374,38,39,False
LDSRPWLLFLQWPVQ,1,56,210,255,False
LDSRPWLLFLRQPLQ,1,130,94,113,False
LDSSPLLLFLYGPHQ,1,374,38,39,False
LDSVPLLLFLLMPQQ,1,374,38,39,False
LDSVPLLLFLQWPVQ,1,374,38,39,False
LDSVPLLLFLWVPGA,1,464,2,3,False
LDSVPWLLFLQQPGQ,1,130,94,113,False
LDSVPWLLFLRMPRQ,1,130,94,113,False
LDSWPLLLFLQWPVQ,1,73,128,146,False
LDSWPMLLFLQWPVQ,2,73,128,146,False
LDSWPVLLFLINPQQ,1,1737,4,4,False
LDSWPVLLFLQWPGQ,2,73,128,146,False
LDTAPLLLFLLAPQQ,2,60,17,24,False
LDTGPVLLFLQFPVQ,1,98,8,10,False
LDTLPWLLFLQLPVQ,1,3,2229,22657,False
LDTMPLLLFLQWPEQ,1,374,38,39,False
LDTMPLLLFLWQPQQ,1,41,88,103,False
LDTNPWLLFLALPQQ,1,3,2229,22657,False
LDTQPLLLFLHYPRQ,1,1504,13,13,False
LDTRPLLLFLQCPGQ,1,68,51,63,False
LDTSPGLLFLVWPQQ,1,374,38,39,False
LDTVPAVSVVAAPGF,1,1846,1,1,True
LDTWPVLLFLQWPVQ,1,73,128,146,False
LDVCRGCCFCACRCR,1,354,17,20,False
LDVESAVLDLEIPGA,1,1311,2,2,False
LDVESDGGVGEIAGA,1,1758,9,9,False
LDVESGDLGGQRAGA,1,1847,1,1,True
LDVESGGGGGEIAGA,1,1710,5,5,False
LDVESVVGVVQSAGA,1,1706,5,5,False
LDVESVVHVVENAGA,1,957,2,2,False
LDVFPFLLFLQLPKQ,1,176,11,12,False
LDVGAVAAVSGHAEA,1,1848,1,1,True
LDVGPFLLFLQWPRQ,1,15,198,343,False
LDVGPGLLFLCLPVQ,1,243,60,64,False
LDVGPLLLFLLWPGA,1,1661,5,5,False
LDVGPLLLFLMQPLQ,1,41,88,103,False
LDVGPRLLFLQWPVQ,1,15,198,343,False
LDVGPVAAVSALAGP,1,1849,2,2,True
LDVGPVLLFLQWPFQ,1,637,44,44,False
LDVGPVLLFLQWPLQ,2,15,198,343,False
LDVGPWLLFLLGPVQ,1,1661,5,5,False
LDVGPWLLFLQLPVQ,2,3,2229,22657,False
LDVGPWLLFLQWPHQ,1,15,198,343,False
LDVGPWLLFLQWPLQ,1,637,44,44,False
LDVGPWLLFLQWPNQ,2,15,198,343,False
LDVGPWLLFLQWPVQ,1,56,210,255,False
LDVGPWLLFLRMPNQ,1,274,20,21,False
LDVIRACSCANARRR,2,376,1,2,True
LDVIRCCCC*NCRRR,1,628,25,26,False
LDVIRCSSC*NCRRR,1,1802,3,3,False
LDVIRPSSAGNCRRR,2,122,12,17,False
LDVIRSASGSKSRRR,1,1850,1,1,True
LDVKSAHHHHENPGA,1,1851,1,1,True
LDVKSDLQLREIAGA,1,1852,2,2,True
LDVKSGVLLRQSPGA,1,1853,1,1,True
LDVLPLLAVSGVAEP,1,1854,2,2,True
LDVLPWLLFLQLPWQ,1,3,2229,22657,False
LDVLPWLLFLQWPAQ,1,3,2229,22657,False
LDVLPWLLFLQWPRQ,1,15,198,343,False
LDVNP*GWGGKCRRR,1,77,10,13,False
LDVNP*VVLHQRPGA,1,1855,2,2,True
LDVNPACCVRKARRR,1,379,3,4,False
LDVNPAFLFLKLPAQ,1,3,2229,22657,False
LDVNPAGGRGKSPAQ,1,502,20,21,False
LDVNPAGSSGKGPAQ,1,111,39,45,False
LDVNPAIMTGNARRR,1,1856,1,1,True
LDVNPALLGVEIAGA,1,383,22,24,False
LDVNPALLVWKFPAQ,1,382,15,17,False
LDVNPALRRQEIPGA,1,342,10,11,False
LDVNPARCSCQSPGA,1,1719,3,3,False
LDVNPARLRRESPGA,1,159,11,15,False
LDVNPARQHRENPGA,1,342,10,11,False
LDVNPARRQRQNPGA,1,342,10,11,False
LDVNPASGFWKVPAR,2,377,4,5,True
LDVNPAVSLGKVPAQ,1,250,31,34,False
LDVNPCFCGANSRRR,1,34,15,22,False
LDVNPCFVLLKWPAQ,1,124,39,45,False
LDVNPCLFLCKLPAQ,1,382,15,17,False
LDVNPCMWMLKLPGA,1,1857,1,1,True
LDVNPCSFIRKRPGA,1,1858,1,1,True
LDVNPCTSW*KSRRR,1,1696,3,3,False
LDVNPCVVMGKFPAQ,1,381,22,23,False
LDVNPDGVRRNCRRR,1,1859,3,3,True
LDVNPDVLLLESPGA,1,1726,4,4,False
LDVNPDVVLVEIAGA,1,120,25,29,False
LDVNPDWWRGKGRRR,1,33,19,29,False
LDVNPEVCLEQSPGA,1,1855,2,2,False
LDVNPEWIWFKLPAQ,2,378,4,5,True
LDVNPFCFLLKFPAQ,1,25,160,263,False
LDVNPFCVVWKFPAQ,1,381,22,23,False
LDVNPFFCSMKVPAQ,1,381,22,23,False
LDVNPFFFFWESPGA,1,1860,1,1,True
LDVNPFFLLLKIPAQ,1,11,557,1905,False
LDVNPFFLLLKLPAQ,1,3,2229,22657,False
LDVNPFFVLVENPGA,1,1673,6,6,False
LDVNPFFWLVKCRRR,1,1861,2,2,True
LDVNPFLLFLKVPAQ,1,3,2229,22657,False
LDVNPFLLWCESAGA,1,123,8,12,False
LDVNPFLVLLKLPAQ,1,3,2229,22657,False
LDVNPFMVLLKLPAQ,1,369,20,21,False
LDVNPFVHLEEIPGA,1,1678,2,2,False
LDVNPFVLCLKLPAQ,1,358,19,20,False
LDVNPFVLLLKFPAQ,5,39,164,242,False
LDVNPFWLFWKVPAQ,1,377,4,5,False
LDVNPFWLLLKLPAQ,2,3,2229,22657,False
LDVNPGEGVVQRAGA,1,935,3,3,False
LDVNPGFGEVQKAGA,1,1862,1,1,True
LDVNPGGGLRQSPGA,2,72,10,15,False
LDVNPGGRRGENPGA,1,1753,3,3,False
LDVNPGGSMGKVPAQ,1,381,22,23,False
LDVNPGGVEGEMPGA,1,1753,3,3,False
LDVNPGRLVWKGPAQ,1,290,9,11,False
LDVNPGSCC*NCRRR,1,347,48,51,False
LDVNPGVCVGKVPGA,1,1863,2,2,True
LDVNPGVGEQSPGAG,1,1724,3,3,False
LDVNPGVGGRESAGA,1,365,35,37,False
LDVNPGVLLGKGPAQ,1,124,39,45,False
LDVNPGVRGQRAGAG,1,163,5,7,False
LDVNPGVRGVQIAGA,1,69,21,28,False
LDVNPGWVSGNSRRR,1,34,15,22,False
LDVNPICCLREMAGA,1,1864,1,1,True
LDVNPICVFWKFPAQ,1,219,41,49,False
LDVNPIFVGVKRPRR,3,128,1,3,True
LDVNPIGSS*KSRRR,1,337,4,5,False
LDVNPIVGRVEMPGA,1,126,11,15,False
LDVNPKVGRRKGPAQ,1,372,11,12,False
LDVNPLAAC*KCRRR,1,59,13,17,False
LDVNPLCCLLKCPAQ,1,382,15,17,False
LDVNPLCIIRKSRRR,2,379,3,4,True
LDVNPLCVLFKFPGA,1,359,7,9,False
LDVNPLFLLFKLPAQ,1,773,6,6,False
LDVNPLFLLWKGPAQ,1,25,160,263,False
LDVNPLFVFLKVPAQ,1,381,22,23,False
LDVNPLFVGLKVPAQ,1,381,22,23,False
LDVNPLFVLMKFPAQ,1,25,160,263,False
LDVNPLIVCLKVPAQ,1,19,348,758,False
LDVNPLLFLVKLPAQ,2,25,160,263,False
LDVNPLLIFRKCPAQ,1,382,15,17,False
LDVNPLLLFLKLPAQ,1,3,2229,22657,False
LDVNPLLLFLQLPVQ,1,4,603,1344,False
LDVNPLLLLLKVPAQ,1,124,39,45,False
LDVNPLLVGGNCRRR,1,347,48,51,False
LDVNPLLVLCKMPAQ,1,382,15,17,False
LDVNPLLVLLKLPAQ,1,3,2229,22657,False
LDVNPLMCMLKFRRR,1,1865,1,1,True
LDVNPLMLL*NCRRR,1,347,48,51,False
LDVNPLRGVGEIAGA,1,564,8,9,False
LDVNPLVDDVEIAGA,1,320,3,5,False
LDVNPLVFVGQIAGA,1,27,28,43,False
LDVNPLVLWVKVAGA,1,1681,4,4,False
LDVNPLWLWFKFPAQ,1,378,4,5,False
LDVNPLWVVAPSRAR,2,380,2,3,True
LDVNPMCVFWKVPAQ,1,381,22,23,False
LDVNPMFVLLKCRRR,1,1861,2,2,False
LDVNPMFVVGKVPAQ,2,381,22,23,True
LDVNPMGWWGKWRRV,1,1866,1,1,True
LDVNPMLLFLQWPVQ,1,15,198,343,False
LDVNPMLVGVKGAGA,1,383,22,24,False
LDVNPMVFVCKVPGA,1,1863,2,2,False
LDVNPPGGIGKSPGA,1,72,10,15,False
LDVNPPLRSWKCPAQ,1,382,15,17,False
LDVNPPRFIRKMPAQ,1,147,8,10,False
LDVNPPSGRAKARRR,1,1867,2,2,True
LDVNPQCGVLKLPAQ,1,973,5,5,False
LDVNPQCRRGKWPAQ,3,111,39,45,False
LDVNPQCVGLKFPAQ,1,1868,1,1,True
LDVNPQGWRRKVPAQ,1,18,393,562,False
LDVNPRWWGRKGPAQ,1,291,30,32,False
LDVNPSFVR*NCRRR,1,1859,3,3,False
LDVNPSFWCFKVPGA,1,1869,3,3,True
LDVNPSGQRLQSPGA,1,1870,2,2,True
LDVNPSGSEEESPGA,1,436,10,12,False
LDVNPSLFVWKVPAQ,1,381,22,23,False
LDVNPSLLCFKFPAA,1,1869,3,3,False
LDVNPSLLFCKFPAQ,1,3,2229,22657,False
LDVNPSLVWWKFPAQ,1,382,15,17,False
LDVNPSVDHLQSAGA,1,1870,2,2,False
LDVNPSVGVRQIAGA,1,27,28,43,False
LDVNPSVVMCKCPAQ,1,1871,1,1,True
LDVNPSWASANSRRR,1,34,15,22,False
LDVNPTEQHQESAGA,1,1872,4,4,True
LDVNPTGGQNAGAGF,1,1873,1,1,True
LDVNPTGRSRKGPAQ,1,18,393,562,False
LDVNPTGVGWKMPAQ,1,133,14,17,False
LDVNPTLCLWKCPAQ,2,382,15,17,True
LDVNPTLFGGKCPAG,2,382,15,17,False
LDVNPTMEHEESAGA,1,1872,4,4,False
LDVNPTRWMRKSPAQ,1,1187,10,10,False
LDVNPTVWGMKFAGA,1,349,3,4,False
LDVNPTWICGKVPAQ,1,378,4,5,False
LDVNPVFCG*KGRRR,1,84,15,18,False
LDVNPVFLCVKFPAQ,1,37,12,17,False
LDVNPVFVLFKLPAR,1,1679,4,4,False
LDVNPVFVVLNSRRR,2,34,15,22,False
LDVNPVGGFSKVPAQ,1,256,19,21,False
LDVNPVGIGGKRPAQ,1,1874,3,3,True
LDVNPVGVGVEIARR,1,383,22,24,False
LDVNPVGVGVKVPAQ,1,1874,3,3,False
LDVNPVIRFFKFPAQ,1,1339,5,5,False
LDVNPVLFVDQIAGA,1,1875,2,2,True
LDVNPVLVGVESAGA,2,383,22,24,True
LDVNPVMCSGNSRRR,7,34,15,22,True
LDVNPVMLVWKMAGA,1,1729,3,3,False
LDVNPVVGVVEIPGA,1,126,11,15,False
LDVNPVVMGEIAGAG,2,384,3,4,True
LDVNPVWCSGNCRRR,1,34,15,22,False
LDVNPVWVFSNSRRR,1,34,15,22,False
LDVNPVWVGDEMAGA,1,383,22,24,False
LDVNPWFIFLKMPAQ,1,3,2229,22657,False
LDVNPWFLWLKVPAQ,1,165,80,105,False
LDVNPWGLFCKVPRR,1,1686,6,6,False
LDVNPWGLWLKVPAQ,1,165,80,105,False
LDVNPWGVGVERAGA,2,383,22,24,False
LDVNPWLGGLEMAGA,1,383,22,24,False
LDVNPWLGREEIAGA,1,1876,1,1,True
LDVNPWLIFLKVPAQ,1,3,2229,22657,False
LDVNPWLLFLKCPAQ,1,3,2229,22657,False
LDVNPWLLFLKIPAQ,1,3,2229,22657,False
LDVNPWLLFLKLPAQ,8,3,2229,22657,False
LDVNPWLLFLKMPAQ,1,3,2229,22657,False
LDVNPWLLFLKQPYQ,1,3,2229,22657,False
LDVNPWLLFLKVPAQ,8,3,2229,22657,False
LDVNPWLLFLKVPQQ,1,3,2229,22657,False
LDVNPWLLFLKWPAQ,1,3,2229,22657,False
LDVNPWLLFLQFPEQ,1,3,2229,22657,False
LDVNPWLLFLQLPRQ,1,3,2229,22657,False
LDVNPWLLFLQLPTQ,1,3,2229,22657,False
LDVNPWLLFLQRPLQ,1,9,239,562,False
LDVNPWLLFLQRPSQ,4,9,239,562,False
LDVNPWLLFLQWPGQ,7,15,198,343,False
LDVNPWLLFLQWPLQ,1,15,198,343,False
LDVNPWLLFLQWPNQ,1,15,198,343,False
LDVNPWLLFLQWPVQ,13,15,198,343,False
LDVNPWLLFLQYPIQ,1,3,2229,22657,False
LDVNPWLLFLRAPQQ,1,7,629,1764,False
LDVNPWLLFLRKPQQ,1,7,629,1764,False
LDVNPWLLFLRQPAQ,2,3,2229,22657,False
LDVNPWLLFLRQPGQ,6,1,1197,10527,False
LDVNPWLLFLRQPQQ,1,7,629,1764,False
LDVNPWLLFLRWPQQ,1,7,629,1764,False
LDVNPWLLFLSQPAQ,1,3,2229,22657,False
LDVNPWLLFLTRPQQ,1,3,2229,22657,False
LDVNPWLLLLKFPAQ,1,3,2229,22657,False
LDVNPWLVFLKFPAQ,1,3,2229,22657,False
LDVNPWMLGVQIAGA,1,69,21,28,False
LDVNPWVWVLKWPAQ,1,124,39,45,False
LDVNPWWWFFKFPAQ,1,378,4,5,False
LDVNPYFGCGKGPGA,1,1869,3,3,False
LDVNPYFLFLKVPAQ,1,11,557,1905,False
LDVNPYFVFLKLPAQ,1,3,2229,22657,False
LDVNPYLLFLAQPWQ,1,1,1197,10527,False
LDVNPYLLFLKMPKQ,1,0,1628,17219,False
LDVNPYLLFLKMPQQ,7,0,1628,17219,False
LDVNPYLLFLQVPVQ,1,15,198,343,False
LDVNPYLLFLRMPRQ,1,12,343,758,False
LDVNPYLLFLRQPKQ,1,0,1628,17219,False
LDVNPYLLFLRQPTQ,14,2,509,4610,False
LDVNPYLLFLSQPVQ,1,2,509,4610,False
LDVNPYLLFLTQPNQ,1,2,509,4610,False
LDVNRCASSGKCRRR,1,779,3,3,False
LDVNRGGGGSKGRRR,1,283,32,35,False
LDVNRWCGC*NCRRR,1,1657,2,2,False
LDVNSVVVGA*NGRR,1,1877,1,1,True
LDVQPFLLFLWLPLQ,1,92,43,48,False
LDVQPGLLFLYWPVQ,1,56,210,255,False
LDVQPRLLFLLYPWQ,1,1796,4,4,False
LDVQSGRQQQQIPGA,1,1878,1,1,True
LDVRPLLLFLQWPLQ,1,15,198,343,False
LDVRPWLLFLQLPVQ,1,468,48,52,False
LDVRPWLLFLVQPRQ,1,357,26,27,False
LDVRPYLLFLWQPGQ,1,357,26,27,False
LDVRRSCCF*RARSR,1,1659,3,3,False
LDVSPLLLFLMLPVQ,1,452,22,24,False
LDVSPLLLFLWAPQQ,1,48,50,61,False
LDVSPVLLFLQWPGQ,1,15,198,343,False
LDVSPWLLFLQWPVQ,1,56,210,255,False
LDVVPFLLFLQWPVQ,1,176,11,12,False
LDVVPGAAVSVGAGA,1,149,31,38,False
LDVVPVLLFLQWPLQ,1,637,44,44,False
LDVVPVLLFLQWPVQ,1,15,198,343,False
LDVVPWLLFLQWPLQ,1,15,198,343,False
LDVVPWLLFLQWPVQ,2,56,210,255,False
LDVVPYLLFLSQPRQ,1,357,26,27,False
LDVVRSAVSVAAGAG,1,1879,1,1,True
LDVWPGLLFLQWPVQ,2,73,128,146,False
LDVWPGLLFLRLPLQ,1,40,66,76,False
LDVWPLLLFLLWPVQ,1,73,128,146,False
LDVWPLLLFLQAPSQ,1,73,128,146,False
LDVWPLLLFLQLPEQ,1,1735,7,7,False
LDVWPLLLFLQLPRQ,1,1735,7,7,False
LDVWPLLLFLQWPGQ,1,73,128,146,False
LDVWPMLLFLLQPRQ,1,1597,5,5,False
LDVWPMLLFLQSPVQ,1,73,128,146,False
LDVWPMLLFLQWPAQ,1,73,128,146,False
LDVWPMLLFLQWPVQ,1,73,128,146,False
LDVWPMLLFLRQPAQ,1,130,94,113,False
LDVWPQLLFLFKPVQ,1,1713,18,18,False
LDVWPQLLFLKKPKQ,1,0,1628,17219,False
LDVWPQLLFLQRPQQ,3,53,100,123,False
LDVWPQLLFLQRPWQ,3,53,100,123,False
LDVWPQLLFLQWPGQ,1,73,128,146,False
LDVWPQLLFLWLPVQ,1,127,34,42,False
LDVWPTLLFLQWPIQ,1,73,128,146,False
LDVWPWLLFLQLPGQ,2,3,2229,22657,False
LDVWPWLLFLQWPKQ,1,73,128,146,False
LDVWPWLLFLSMPRQ,1,468,48,52,False
LDVWPYLLFLQYPSQ,1,73,128,146,False
LDVYPLLLVSVVAGA,1,529,4,5,False
LDWCPVAAVSVDPGP,2,385,2,3,True
LDWESEEEEEERAGA,1,277,78,85,False
LDWFPWPAVSVVAGP,1,1880,1,1,True
LDWFRCCCFCATRGR,1,1642,2,2,False
LDWGPGLLFLQLPVQ,1,4,603,1344,False
LDWGPGLLFLQWPWQ,1,73,128,146,False
LDWGPLLLFLIQPKQ,1,1800,3,3,False
LDWGPLLLFLQRPVQ,1,4,603,1344,False
LDWGPRLLFLKVPLQ,1,1352,11,11,False
LDWGPVLLFLQFPAQ,1,73,128,146,False
LDWGPVLLFLQLPVQ,1,4,603,1344,False
LDWGPVLLFLQWPEQ,1,73,128,146,False
LDWGPVLLFLQWPVQ,1,73,128,146,False
LDWGPWLLFR*CRCR,1,311,3,4,False
LDWIRCGGCSNCRRR,3,74,6,11,False
LDWIRCWCS*KSRRR,1,340,16,18,False
LDWKSEVHHREKAGA,1,1353,3,3,False
LDWKSGDVVVEIAGA,1,694,7,7,False
LDWKSVDVHGEIAGA,1,1019,2,2,False
LDWKSVGRGGEIAGA,1,1710,5,5,False
LDWKSVGVGVEMAGA,1,1762,6,6,False
LDWLPGLLFLQSPVQ,1,73,128,146,False
LDWLPLLAVSGGAGA,1,1732,3,3,False
LDWLPLLLFLALPQQ,1,4,603,1344,False
LDWLPLLLFLQLPWQ,1,4,603,1344,False
LDWLPLLLFLQRPLQ,1,4,603,1344,False
LDWLPLLLFLVMPGA,1,1631,3,3,False
LDWLPQLLFLLLPWQ,1,127,34,42,False
LDWLPSLLFLQWPVQ,1,73,128,146,False
LDWLPVLLFLFWPGA,1,1666,7,7,False
LDWLPVLLFLGQPGQ,1,130,94,113,False
LDWLPVLLFLWVPGA,1,1881,3,3,True
LDWLPVLLFLWWRGR,1,1881,3,3,False
LDWMPLLLFLWWPWQ,1,374,38,39,False
LDWMPWLLFLLWPVQ,1,130,94,113,False
LDWNPAFWIWKVPLQ,2,386,2,3,True
LDWNPAGGMGKGPAQ,1,372,11,12,False
LDWNPARGSRKVPAQ,1,470,4,7,False
LDWNPAVEVVQSAGA,1,129,12,14,False
LDWNPCFGVVERAGA,1,1690,4,4,False
LDWNPCGLGVQSAGA,3,129,12,14,True
LDWNPCICVVKVPAQ,2,387,6,8,True
LDWNPCLVVLKLPAQ,1,3,2229,22657,False
LDWNPCVFCVKFPAQ,1,358,19,20,False
LDWNPFFLLLKLPAQ,1,39,164,242,False
LDWNPFILLFKLPAQ,2,39,164,242,False
LDWNPFLCMVKLPRR,1,1882,1,1,True
LDWNPFLILLKVPAQ,1,39,164,242,False
LDWNPFLLCANSRRR,1,1013,2,2,False
LDWNPFLLFLKRPQQ,1,3,2229,22657,False
LDWNPFLLFLRKPQQ,2,7,629,1764,False
LDWNPFLLGLKLPAQ,1,3,2229,22657,False
LDWNPFLLLLKLPAQ,3,39,164,242,False
LDWNPFLLWLKLPAQ,1,3,2229,22657,False
LDWNPFLMFLKVPAQ,1,3,2229,22657,False
LDWNPFLVLLKLPQQ,1,39,164,242,False
LDWNPFVLGVEIAGA,1,64,33,38,False
LDWNPFVRRVEIAGA,1,370,3,4,False
LDWNPFVWLVQIAGA,1,69,21,28,False
LDWNPFWCMFKVPGA,1,1883,1,1,True
LDWNPFWFFWKLPAQ,1,358,19,20,False
LDWNPGCGGVEIAGA,1,69,21,28,False
LDWNPGDLRGESAGA,1,365,35,37,False
LDWNPGGGW*KGRRR,1,283,32,35,False
LDWNPGGVVREIAGA,1,504,6,7,False
LDWNPGLGGVEMAGA,1,365,35,37,False
LDWNPGLGVVEMAGA,1,504,6,7,False
LDWNPGLVGLKVPAQ,1,19,348,758,False
LDWNPGRVLVKVRRR,1,1884,1,1,True
LDWNPGVGLGESAGA,1,365,35,37,False
LDWNPGVGVGESAGA,1,365,35,37,False
LDWNPGVVLHEMAGA,1,1885,2,2,True
LDWNPGVWGVKGPAQ,2,223,23,26,False
LDWNPGWGGCKVPAQ,1,1135,7,7,False
LDWNPHWGVGEIPGA,1,439,2,3,False
LDWNPKRRGRKRPAQ,1,10,1116,1855,False
LDWNPKRRRRKGPAQ,1,10,1116,1855,False
LDWNPLCCGVESAGA,1,123,8,12,False
LDWNPLCVRVEIAGA,1,120,25,29,False
LDWNPLCWASKCRRR,1,1744,4,4,False
LDWNPLFLLLKIPAQ,1,124,39,45,False
LDWNPLFLLLKLPAQ,2,124,39,45,False
LDWNPLFVLCKLPAQ,1,181,23,25,False
LDWNPLFWMFKLPGA,1,1682,3,3,False
LDWNPLGVVAPSRAR,1,380,2,3,False
LDWNPLGVVGESAGA,1,919,5,5,False
LDWNPLGWWLKVAGA,1,1886,1,1,True
LDWNPLLFLWKVPAQ,1,25,160,263,False
LDWNPLLFMLKVPAQ,1,19,348,758,False
LDWNPLLFWLKLPAQ,1,3,2229,22657,False
LDWNPLLLCLKVPAQ,1,3,2229,22657,False
LDWNPLLLFLKIPAQ,1,3,2229,22657,False
LDWNPLLLFLKLPAQ,6,3,2229,22657,False
LDWNPLLLFLKVPAQ,2,3,2229,22657,False
LDWNPLLLFLQLPVQ,3,4,603,1344,False
LDWNPLLLFLRRPAQ,2,3,2229,22657,False
LDWNPLLLFLRSPQQ,1,4,603,1344,False
LDWNPLLLLLKFPAQ,1,39,164,242,False
LDWNPLLLRVKCRRR,1,1686,6,6,False
LDWNPLLLWLKGPAQ,1,3,2229,22657,False
LDWNPLLLWLKLPAQ,2,3,2229,22657,False
LDWNPLLLWLKVPAQ,4,19,348,758,False
LDWNPLLLWVKFPAQ,1,1887,2,2,True
LDWNPLLVC*NGRRR,1,347,48,51,False
LDWNPLLVFLKLPAQ,1,3,2229,22657,False
LDWNPLLVVESPGAG,1,1683,3,3,False
LDWNPLLVVGEIAGA,1,413,20,21,False
LDWNPLMVCCESAGA,1,123,8,12,False
LDWNPLVFHLEIAGA,1,125,21,23,False
LDWNPLVLGGQIAGA,1,27,28,43,False
LDWNPLVLL*NCRRR,1,347,48,51,False
LDWNPLVLRLKLPAQ,2,124,39,45,False
LDWNPLVVGLESAGA,1,365,35,37,False
LDWNPLWFVDEIAGA,1,125,21,23,False
LDWNPLWLLLKLPAQ,1,124,39,45,False
LDWNPMLLFLKLPAQ,1,3,2229,22657,False
LDWNPMMLVDEIAGA,1,1690,4,4,False
LDWNPQCFWCKVPAQ,1,786,4,4,False
LDWNPQGCC*NARRR,1,1888,1,1,True
LDWNPQLLFLKMPAQ,1,3,2229,22657,False
LDWNPQLLGFKLPAQ,1,3,2229,22657,False
LDWNPQLLWLKVPAQ,1,165,80,105,False
LDWNPQVVLLKLPAQ,1,124,39,45,False
LDWNPQWMEVEMAGA,1,370,3,4,False
LDWNPRASGKSRRRV,1,1889,1,1,True
LDWNPRGVESAGAGF,1,257,6,7,False
LDWNPRLDLQESPGA,1,555,4,5,False
LDWNPRLFVRKLPAQ,1,1366,2,2,False
LDWNPRVLLFKLAGA,1,1890,1,1,True
LDWNPRVVLWKVPAQ,1,294,5,6,False
LDWNPSGRWRKRPAQ,1,1891,5,5,True
LDWNPSIWC*KCRRR,1,59,13,17,False
LDWNPSLGDVQSAGA,1,129,12,14,False
LDWNPSLLVLKIPGA,1,366,4,5,False
LDWNPSMVGGQIAGA,2,27,28,43,False
LDWNPSWWWSNCRRR,1,1892,1,1,True
LDWNPTCGC*NCRRR,1,347,48,51,False
LDWNPVCFMWKCPAQ,1,1750,3,3,False
LDWNPVCLLVKLPAQ,1,1652,6,6,False
LDWNPVCVLGKIAGA,1,703,2,2,False
LDWNPVGLVGEIAGA,1,413,20,21,False
LDWNPVGRVGQIAGA,1,1810,3,3,False
LDWNPVGSRVQSPGA,1,129,12,14,False
LDWNPVGVVGQIAGA,1,27,28,43,False
LDWNPVLCGGQRAGA,1,1893,4,4,True
LDWNPVLFGLKVPAQ,1,1894,10,10,True
LDWNPVLLLLKLPAQ,2,3,2229,22657,False
LDWNPVLLLWKCPAQ,1,382,15,17,False
LDWNPVLVLFKLPAQ,1,1794,11,11,False
LDWNPVLWG*KCRRR,1,1895,3,3,True
LDWNPVVGVRNCRRR,1,1789,2,2,False
LDWNPVVVGLKGRRV,1,1896,1,1,True
LDWNPVVVGPEIAGA,2,64,33,38,False
LDWNPVVWGLKVPAR,1,1894,10,10,False
LDWNPWCVGHEIAGA,1,322,4,5,False
LDWNPWGGGWKLPAQ,1,1897,4,4,True
LDWNPWLFWLKVPAQ,1,1894,10,10,False
LDWNPWLIFLKLPAQ,3,3,2229,22657,False
LDWNPWLLFLAQPWQ,2,1,1197,10527,False
LDWNPWLLFLARPQQ,17,1,1197,10527,False
LDWNPWLLFLKLPAQ,3,3,2229,22657,False
LDWNPWLLFLKMPAQ,1,3,2229,22657,False
LDWNPWLLFLKVPAQ,16,3,2229,22657,False
LDWNPWLLFLQLPAQ,1,3,2229,22657,False
LDWNPWLLFLQRPIQ,1,9,239,562,False
LDWNPWLLFLQSPVQ,1,4,603,1344,False
LDWNPWLLFLRMPRQ,1,130,94,113,False
LDWNPWLLFLRMPSQ,1,12,343,758,False
LDWNPWLLFLRQPAQ,1,130,94,113,False
LDWNPWLLFLRQPGQ,1,130,94,113,False
LDWNPWLLFLRQPRQ,33,1,1197,10527,False
LDWNPWLLFLRQPSQ,3,1,1197,10527,False
LDWNPWLLFLRTPQQ,1,7,629,1764,False
LDWNPWLLFLSQPVQ,2,130,94,113,False
LDWNPWLLFLSSPQQ,2,3,2229,22657,False
LDWNPWLLFLVQPGQ,3,1,1197,10527,False
LDWNPWLLFLVRPLQ,1,3,2229,22657,False
LDWNPWLLLLKFPAQ,1,3,2229,22657,False
LDWNPWLLLLKLPAQ,1,3,2229,22657,False
LDWNPWLLLLKVPAQ,1,3,2229,22657,False
LDWNPWLLWIKVPAQ,1,165,80,105,False
LDWNPWLLWLKLPAQ,1,3,2229,22657,False
LDWNPWLLWLKVPAQ,3,3,2229,22657,False
LDWNPWLMFLKLPAQ,1,3,2229,22657,False
LDWNPWLMWLKVPAQ,1,165,80,105,False
LDWNPWLVFLKFPAQ,1,3,2229,22657,False
LDWNPWLVFLKVPAQ,1,3,2229,22657,False
LDWNPWLVLLKLPAQ,1,3,2229,22657,False
LDWNPWLVWLKVPAQ,1,19,348,758,False
LDWNPWLWLLKGPAQ,1,3,2229,22657,False
LDWNPWLWLLKVPAQ,1,1894,10,10,False
LDWNPWMGGLKGRRR,2,360,3,5,False
LDWNPWMLFLKLPAQ,1,3,2229,22657,False
LDWNPWRVGWSNSRR,1,1898,1,1,True
LDWNPWSCC*KCRRR,1,621,6,7,False
LDWNPWSGRGKGRRR,1,605,14,15,False
LDWNPWVGVLEIAGA,1,27,28,43,False
LDWNPWVVGLEMPGA,1,1885,2,2,False
LDWNPWWLG*KCRRR,1,1895,3,3,False
LDWNPWWVWWKFPGA,1,1899,1,1,True
LDWNPYFVFLKLPAQ,2,3,2229,22657,False
LDWNPYFVLLKFPAQ,1,11,557,1905,False
LDWNPYLLFLKFPAQ,2,3,2229,22657,False
LDWNPYLLFLKLPAQ,5,3,2229,22657,False
LDWNPYLLFLLRPQQ,1,1900,36,36,True
LDWNPYLLLLKLPAQ,1,3,2229,22657,False
LDWNPYRLLCKMPAQ,1,39,164,242,False
LDWNRC*CWSKMPAQ,1,1901,1,1,True
LDWNRRGASGKARRR,1,1902,2,2,True
LDWNSGGDGGERAGA,1,1903,3,3,True
LDWQPGLLFLLFPGQ,1,790,4,4,False
LDWQPPLLFLWWPMQ,1,73,128,146,False
LDWQPQLLFLWWPVQ,1,56,210,255,False
LDWQPWLAVSVGAVA,1,1732,3,3,False
LDWQPWLLFLQLPLQ,1,92,43,48,False
LDWQSAGRHREMPGA,1,1904,1,1,True
LDWQSVVRGVQSAGA,1,1905,2,2,True
LDWRPGLLFLKWPVQ,1,73,128,146,False
LDWRPQLLFLLQPVQ,2,130,94,113,False
LDWRPVLLFLQLPGQ,1,4,603,1344,False
LDWRRACCFWRSRCR,1,1659,3,3,False
LDWSPGLCF*RGRTR,1,1906,1,1,True
LDWVPFLLFLQWPVQ,1,73,128,146,False
LDWVPGLLFLQWPLQ,1,73,128,146,False
LDWVPLLLFLQQPVQ,1,130,94,113,False
LDWVPLLLFLQWPVQ,1,4,603,1344,False
LDWVPQLLFLQLPQQ,1,4,603,1344,False
LDWVPQLLFLQWPAQ,1,73,128,146,False
LDWVPVLLFL*GRGR,1,1907,2,2,True
LDWVPWLLFLRQPVQ,3,130,94,113,True
LDWWPCGGRCRVLAP,1,1908,1,1,True
LDWWPGLLFLKMPRQ,1,73,128,146,False
LDWWPGLLFLQWPSQ,4,73,128,146,True
LDWWPLLLFLFLPEQ,1,4,603,1344,False
LDWWPLLLFLGLPVQ,1,4,603,1344,False
LDWWPLLLFLKKPKQ,1,469,21,23,False
LDWWPLLLFLQLPHQ,1,4,603,1344,False
LDWWPMLLFLQLPVQ,1,4,603,1344,False
LDWWPQLLFLQLPVQ,1,4,603,1344,False
LDWWPSLLFLQWPGQ,1,73,128,146,False
LDWWPVLLFLQLPGQ,1,73,128,146,False
LDWWPVSVDAGAGFW,1,1909,1,1,True
LDWWPWLLFLQLPAQ,1,3,2229,22657,False
LDWYPVAAVSGVAGA,2,244,36,38,False
LDYAPWLLFLQWPAQ,1,3,2229,22657,False
LDYESDEHQQENAGA,1,1910,1,1,True
LDYGPLLLFLSQPGQ,1,41,88,103,False
LDYKPHLLFLSLPGQ,1,1911,2,2,True
LDYLPGAAVSEGAEP,1,1912,1,1,True
LDYLPGAAVSVVPGP,1,385,2,3,False
LDYMPYLLFLQWPVQ,1,15,198,343,False
LDYNPFLLFLRDPKQ,1,1531,22,22,False
LDYNPLLLFLAYPRR,1,1686,6,6,False
LDYNPLLLFLRMPQQ,3,7,629,1764,False
LDYNPLLLFLRQPYQ,2,1,1197,10527,False
LDYNPLLLFLSNPAQ,1,3,2229,22657,False
LDYNPLLLFLWQPAQ,1,41,88,103,False
LDYNPMLLFLSQPQQ,1,1,1197,10527,False
LDYNPMLLFLTRPQQ,1,6,143,456,False
LDYNPMLLFLTRPRQ,1,6,143,456,False
LDYNPWLLFLAQPDQ,1,1,1197,10527,False
LDYNPWLLFLAQPWQ,2,1,1197,10527,False
LDYNPWLLFLGVPVQ,1,1374,15,15,False
LDYNPWLLFLISPKQ,1,23,142,268,False
LDYNPWLLFLQLPAQ,1,3,2229,22657,False
LDYNPWLLFLQLPGQ,42,3,2229,22657,False
LDYNPWLLFLQLPVQ,1,3,2229,22657,False
LDYNPWLLFLQMPGQ,2,1,1197,10527,False
LDYNPWLLFLQQPTQ,4,1,1197,10527,False
LDYNPWLLFLQRPRQ,1,6,143,456,False
LDYNPWLLFLQVPVQ,1,1374,15,15,False
LDYNPWLLFLQWPRQ,1,1,1197,10527,False
LDYNPWLLFLRGPQQ,1,7,629,1764,False
LDYNPWLLFLRKPNQ,1,7,629,1764,False
LDYNPWLLFLRMPRQ,1,1,1197,10527,False
LDYNPWLLFLRQPMQ,2,1,1197,10527,False
LDYNPWLLFLRRPVQ,1,130,94,113,False
LDYNPWLLFLRRPWQ,23,1,1197,10527,False
LDYNPWLLFLSQPRQ,1,1,1197,10527,False
LDYNPWLLFLSQPVQ,3,1,1197,10527,False
LDYNPWLLFLSRPWQ,1,1,1197,10527,False
LDYNPWLLFLSSPQQ,11,1,1197,10527,False
LDYNPWLLFLTQPKQ,1,1,1197,10527,False
LDYNPWLLFLTSPKQ,1,0,1628,17219,False
LDYNPWLLFLVQPDQ,1,1,1197,10527,False
LDYNPWLLFLYRPQQ,1,1900,36,36,False
LDYNPYLLFLKGPQQ,2,0,1628,17219,False
LDYNPYLLFLKKPKQ,6,0,1628,17219,False
LDYNPYLLFLKQPKQ,1,0,1628,17219,False
LDYNPYLLFLNRPPQ,1,1900,36,36,False
LDYNPYLLFLNRPQQ,35,0,1628,17219,False
LDYNPYLLFLRIPQQ,3,0,1628,17219,False
LDYNPYLLFLRKPKQ,1,0,1628,17219,False
LDYNPYLLFLRKPQQ,2,0,1628,17219,False
LDYNPYLLFLRKPSQ,1,0,1628,17219,False
LDYNPYLLFLRSPYQ,1,1578,8,8,False
LDYNPYLLFLRYPYQ,2,0,1628,17219,False
LDYNPYLLFLTQPNQ,1,2,509,4610,False
LDYQPLLLFLVQPVQ,1,130,94,113,False
LDYQPWLLFLQVPLQ,2,56,210,255,False
LDYWPVLLFLQQPKQ,1,53,100,123,False
LDYWPWLLFLQLPGQ,2,3,2229,22657,False
LE*IRCCWC*NCRRR,1,628,25,26,False
LECAASSKCRRRVLA,1,1913,1,1,True
LEFESGGEEGERAGA,1,1914,5,5,True
LEFESVLRLVEMAGA,1,1915,2,2,True
LEFQSAVRVGERPGA,1,1916,3,3,True
LEFQSEVRLGESPGA,1,1916,3,3,False
LEFQSGLRLLEIAGA,1,338,9,10,False
LEFQSVRVVGEIPGA,1,388,8,9,False
LEFVPGAAVSEDPGP,1,1917,1,1,True
LELESVVVGVEIAGA,1,1762,6,6,False
LESIRASGCGKGRRR,1,1918,1,1,True
LEWQSGRRVRESAGA,1,1919,1,1,True
LEWVAVAAVSVVAVP,1,13,36,58,False
LEYESGRGRGERAGA,1,1914,5,5,False
LFGIRRGGC*KSRRR,1,74,6,11,False
LFGIRRGGC*NCRRR,4,74,6,11,True
LG*GAVPAVSAVAGA,1,1920,6,6,True
LGCESAGEEEERAGA,1,99,134,161,False
LGCESGGVQVEKPGA,1,870,3,3,False
LGCESGLREGEIAGA,1,1921,3,3,True
LGCESVVEGGEIAGA,1,803,13,13,False
LGCESVVGLVEMAGA,1,167,83,87,False
LGCGAVAAVSVVPGP,1,166,6,8,False
LGCQSALVRVQSPGA,1,1658,2,2,False
LGCQSDEERRESPGA,1,833,4,4,False
LGCQSDLVLLESPGA,1,1922,3,3,True
LGCQSGGGGDQSAGA,1,1923,2,2,True
LGCQSGLLLQQIPGA,1,1025,3,3,False
LGCQSGPSCA*KSRR,1,1924,1,1,True
LGCQSGVRDQQRPGA,1,389,2,3,False
LGCQSGVRVLENAGA,1,338,9,10,False
LGCQSVDRRLQIPGA,2,43,18,30,False
LGCQSVRGLLEIPGA,1,233,11,13,False
LGCQSVVDVVEMPGA,1,233,11,13,False
LGCQSVVVGHEIAGA,1,233,11,13,False
LGCQSVVVGVQIAGA,1,1033,4,4,False
LGCVAGAAVSVVAGA,1,21,32,45,False
LGCVAVPAVSVVAGA,1,1920,6,6,False
LGFESAVLGVQIAGA,1,1925,4,4,True
LGFESDLLDGERAGA,1,1926,1,1,True
LGFESDVDVVQNAGA,1,1470,2,2,False
LGFESDVVVVEIAGA,1,167,83,87,False
LGFESEVGVVEIPGA,1,167,83,87,False
LGFESGDVVVEIAGA,1,388,8,9,False
LGFESGGVGVQIPGA,1,75,37,44,False
LGFESGLRHEEMPGA,1,835,3,3,False
LGFESGVGGVQSPGA,1,1925,4,4,False
LGFESGVLLVEMAGA,1,576,6,7,False
LGFESGVLRREIAGA,1,794,5,5,False
LGFESGVLVDEIAGA,1,167,83,87,False
LGFESGVVVGESAGA,1,75,37,44,False
LGFESVEVGVQIAGA,1,75,37,44,False
LGFESVGVGVQIAGA,1,75,37,44,False
LGFESVGVVGQIAGA,4,75,37,44,True
LGFESVHVVGESAGA,1,75,37,44,False
LGFESVLGVRQIAGA,1,75,37,44,False
LGFESVLRDGQIPGA,1,75,37,44,False
LGFESVLVGVEIAGA,3,75,37,44,False
LGFESVLVLREIAGA,1,75,37,44,False
LGFESVLVRDQIPGA,2,75,37,44,False
LGFESVVGGGEIAGA,1,167,83,87,False
LGFESVVGLRQIAGA,1,75,37,44,False
LGFESVVGRLEIAGA,1,167,83,87,False
LGFESVVGRVSNCRR,1,1927,2,2,True
LGFESVVGVVEIAGA,1,167,83,87,False
LGFESVVLRVQIPGA,1,1925,4,4,False
LGFESVVRGGQIAGA,1,75,37,44,False
LGFESVVRVVEIAGA,1,167,83,87,False
LGFESVVVGGEMAGA,1,803,13,13,False
LGFESVVVLVEIAGA,1,167,83,87,False
LGFESVVVLVQSPGA,1,1511,3,3,False
LGFESVVVVGEIAGA,1,75,37,44,False
LGFESVVVVLEIAGA,1,75,37,44,False
LGFESVVVVVEIAGA,1,167,83,87,False
LGFGAVAAVSVVAGA,1,1920,6,6,False
LGFQSAGRRRESPGA,1,833,4,4,False
LGFQSALGLHEIPGA,1,1037,5,5,False
LGFQSALVVLEIAGA,1,234,7,8,False
LGFQSAVGLLESPGR,1,1928,1,1,True
LGFQSAVGRGQIAGA,1,296,10,11,False
LGFQSAVLVVEIAGA,1,234,7,8,False
LGFQSAVRVLQMPGA,1,1916,3,3,False
LGFQSDRRVLQMPGA,1,1929,2,2,True
LGFQSDVRRLEMPGA,1,1929,2,2,False
LGFQSGGGWCGKCRR,1,1930,1,1,True
LGFQSGHVVVEIPGA,2,388,8,9,True
LGFQSGVGDGEIAGA,1,296,10,11,False
LGFQSGVGVRESAGA,1,391,8,10,False
LGFQSGVGVVQSPGA,1,1706,5,5,False
LGFQSGVLLLQSAGA,1,576,6,7,False
LGFQSVDGVVESAGA,1,799,4,4,False
LGFQSVDVGVESPGA,1,1664,3,3,False
LGFQSVGGVVEIAGA,1,167,83,87,False
LGFQSVGRVLQIAGA,1,43,18,30,False
LGFQSVGVVGEIAGA,1,75,37,44,False
LGFQSVGVVVESAGA,1,75,37,44,False
LGFQSVLDLGQIAGA,1,75,37,44,False
LGFQSVLGLLESPGA,1,1922,3,3,False
LGFQSVLLLVEIAGA,1,1396,5,5,False
LGFQSVLLVRQIAGA,1,75,37,44,False
LGFQSVLVHLEMPGA,1,1030,7,7,False
LGFQSVLVVLQIAGA,1,75,37,44,False
LGFQSVVDLLEIPGA,1,233,11,13,False
LGFQSVVGDVEIAGA,1,167,83,87,False
LGFQSVVGLVESAGA,1,1706,5,5,False
LGFQSVVHRLQSPGA,1,43,18,30,False
LGFQSVVLLLEIAGA,1,1414,8,8,False
LGFQSVVLVVEIAGR,1,167,83,87,False
LGFQSVVRVVQIAGA,1,1031,5,5,False
LGFQSVVVGGESAGA,1,391,8,10,False
LGFQSVVVGVESAGA,1,391,8,10,False
LGFQSVVVVGEIAGA,1,75,37,44,False
LGFQSVVVVLEIAGA,1,75,37,44,False
LGFQSVVVVVEMAGA,1,167,83,87,False
LGFVAGAAVSVLAGA,1,21,32,45,False
LGFVAGAAVSVVAGA,1,21,32,45,False
LGISIRR*GAGNSRR,1,1931,1,1,True
LGLESRGWSC*NSRR,1,1932,1,1,True
LGLESVDGVVEIAGA,1,167,83,87,False
LGLESVDLVVQIAGA,1,75,37,44,False
LGLESVGGDLEMPGA,1,1933,2,2,True
LGLESVHVGVEIAGA,1,1762,6,6,False
LGLESVVGGGESAGA,1,803,13,13,False
LGLGAVAAVSVRAVA,1,332,7,9,False
LGLGAVAGFWRRNC*,1,1934,1,1,True
LGLQSDDVRGQIAGA,1,1033,4,4,False
LGLQSEGVGVQSPGA,1,1935,1,1,True
LGLQSGCCGGSNSRR,1,1936,1,1,True
LGLQSVGGGC*NCRR,1,1937,2,2,True
LGLQSVLVVLENPGA,1,1922,3,3,False
LGLQSVVGVLERAGA,1,799,4,4,False
LGLQSVVLDVQIAGA,1,1033,4,4,False
LGLVAVAAVSVVAVA,1,149,31,38,False
LGMAIRCGACSNCRR,1,1938,1,1,True
LGQEAAPAVSADPVA,1,445,2,3,False
LGQESDDVDEENPGA,1,1939,1,1,True
LGQESGGEQGESAGA,1,875,10,10,False
LGQQSAEDEEERAGA,1,300,19,21,False
LGQQSEGEEGEKAGA,1,99,134,161,False
LGQQSGLQRRQSPAQ,1,1940,1,1,True
LGSVAVAAVSAVAGA,1,1920,6,6,False
LGWESAEGEGERAGA,1,85,19,27,False
LGWESAVLQGEMPGA,1,1941,1,1,True
LGWESEVVEEEKAGA,1,1942,4,4,True
LGWESGVGGGEIAGA,1,803,13,13,False
LGWESVDEEEERAGA,1,99,134,161,False
LGWESVLVVEEMAGA,1,1942,4,4,False
LGWESVVLVLERAGA,1,1028,9,9,False
LGWGPVAAVSGVAGP,1,13,36,58,False
LGWLAGAAVSVVAGA,1,21,32,45,False
LGWQSVEEEEESAGG,1,1943,1,1,True
LGWQSVLGGDQSGRR,1,1944,1,1,True
LGWQSVVVGG*KGRR,1,1945,1,1,True
LGWVAVAAVSVVADA,1,13,36,58,False
LGWVAVAAVSVVAVA,1,13,36,58,False
LGWVAVAAVSVVPGA,1,13,36,58,False
LGYESAGEEEEKPGA,1,114,8,10,False
LGYESDVLLQEIAGA,1,1946,1,1,True
LGYESGLRRQEIAGA,1,1921,3,3,False
LGYESVGLDLQMAGA,1,1933,2,2,False
LGYESVLVVRENAGA,1,391,8,10,False
LGYESVVGVVEIAGA,1,167,83,87,False
LGYESVVRDEQRPGA,2,389,2,3,True
LGYQSERLERESPGA,2,390,8,9,True
LGYQSGQRQQEIPGA,1,835,3,3,False
LGYQSVGVVVEIAGA,1,75,37,44,False
LGYQSVLRVVEIAGA,1,1031,5,5,False
LGYQSVVHQGENAGA,1,1038,4,4,False
LGYQSVVRHLQIAGA,1,1035,2,2,False
LGYQSVVVDRESAGA,2,391,8,10,True
LGYQSVWCCGNCRRR,1,1947,1,1,True
LI*IRCAWC*KCRRR,1,1453,2,2,False
LI*IRCGWW*NSRAQ,1,1948,1,1,True
LI*IRGCGW*KCRRR,2,392,7,9,True
LI*IRRCGG*KCRRR,1,392,7,9,False
LIAIR*GCSSNCRRR,1,626,2,3,False
LISIRASSS*NCRRR,1,1949,7,7,True
LISIRCSCG*NCRRR,1,1949,7,7,False
LISIRCWCW*NSRRR,1,1048,4,4,False
LISIRSSSA*NSRRR,1,1949,7,7,False
LISIRWSCC*NCRRR,1,1949,7,7,False
LM*IRGCCC*KCPAQ,1,1950,1,1,True
LNPLFGGVQSAGAGF,1,1951,1,1,True
LNPLVVVVEIAGAGF,1,1952,1,1,True
LRCESGRRLDQIAGA,1,1953,1,1,True
LRFESELRHGQIAGA,1,1954,1,1,True
LRWDAGAAVSVGAGA,1,1045,3,3,False
LRWVAVPAVSVAAGP,3,131,2,4,True
LSARGCCFC*SRSRV,1,1955,1,1,True
LV*IR*SGASNCRRR,1,1956,1,1,True
LV*IRCCWC*NCRRR,1,628,25,26,False
LV*IRCSCGANSRRR,1,340,16,18,False
LV*IRGGCGGKCRRR,1,1821,2,2,False
LV*IRGWSS*KLPAQ,1,1957,1,1,True
LV*IRSSSCSNSRRR,1,1486,2,2,False
LV*SRSCCFC*TRRR,1,1958,1,1,True
LVAIRCASS*NARRR,1,1048,4,4,False
LVAIRPGHVEIPGAG,1,1959,1,1,True
LVAIRPSA**KCRRR,1,1960,2,2,True
LVESGGVVVEIAGAG,1,633,3,3,False
LVGIRWAWGANCRRR,1,1961,1,1,True
LVLRVVAPSRARQPK,1,5,3,105,False
LVSIR*CAWGKCRRR,1,1962,1,1,True
LVSIR*GCCANGRRR,1,1047,2,2,False
LVSIRCACCSNCRRR,1,809,3,3,False
LVSIRCCCC*KGRRR,1,628,25,26,False
LVSIRCCCC*NSRRR,1,628,25,26,False
LVSIRCSCC*NGRRR,1,393,3,4,False
LVSIRCSSC*NARRR,1,1048,4,4,False
LVSIRPSSSSNCRRR,1,1949,7,7,False
LVSIRRSCGSNARRR,2,393,3,4,True
LVSIRSCCC*NCRRR,2,215,27,32,False
LVSIRSCSC*NCRRR,1,628,25,26,False
LVSIRSWWCGNCRRR,1,1023,3,3,False
LVSRST*AVKF*PKP,1,1963,1,1,True
LVWCRGCCFCSGRSR,1,354,17,20,False
MAGRCCCFCCGRARV,1,1964,1,1,True
MAQLKNVTNPMSREI,1,1965,1,1,True
MD*IRCG*S*NGRRR,1,1966,1,1,True
MD*IRGGCGGNCRRR,1,1760,7,7,False
MD*IRGLLVEIPGAG,1,1967,1,1,True
MD*IRPGA*GKCRRR,1,446,5,6,False
MD*IRRGA*GNSRRR,1,1968,2,2,True
MDADPKLLFLRQPSQ,1,12,343,758,False
MDAGPWLLFLRKPNQ,1,7,629,1764,False
MDAIRGCCS*KGRRR,3,132,6,9,True
MDAIRTCSCGKARRR,1,1969,1,1,True
MDALPILLFLSMPQQ,1,394,4,5,False
MDALPLLLFLWEPHQ,2,394,4,5,True
MDANPLLLFLKQPVQ,2,4,603,1344,False
MDANPLLLFLRVPPQ,1,7,629,1764,False
MDANPWLLFLDRPQQ,2,7,629,1764,False
MDANPWLLFLRKPRQ,1,7,629,1764,False
MDANPWLLFLRQPRQ,2,7,629,1764,False
MDANPWLLFLTRPQQ,1,6,143,456,False
MDANPWLLFLTTRGR,1,324,3,4,False
MDANPYLLFLKQPKQ,1,0,1628,17219,False
MDANPYLLFLRAPKQ,1,12,343,758,False
MDANPYLLFLRQPRQ,1,12,343,758,False
MDANPYLLFLRQPVQ,1,12,343,758,False
MDAVPGLLFLLQPKQ,1,243,60,64,False
MDAWPLLLVSGGPAP,1,1970,1,1,True
MDCESAREVGESPGA,1,1971,1,1,True
MDCESGGRDRESAGA,1,592,5,6,False
MDCNPFLWVVQSPGA,1,1780,5,5,False
MDCNPGA*GGNARRR,1,1972,1,1,True
MDCNPHRRRRKRPAQ,1,10,1116,1855,False
MDCNPKGRRRKGPAQ,1,18,393,562,False
MDCNPLFCFVKFPAQ,1,685,5,5,False
MDCNPLFLFLKMPAQ,1,39,164,242,False
MDCNPLGGGKARRRV,1,1973,1,1,True
MDCNPLLVLGKMAGA,1,1974,1,1,True
MDCNPLVGLIKCPAQ,2,395,2,3,True
MDCNPMFMFCKFRRR,1,684,2,2,False
MDCNPMFVLLKPGAG,1,1975,1,1,True
MDCNPMGMVGKVPAQ,1,381,22,23,False
MDCNPPGCIRKVPAQ,1,396,15,19,False
MDCNPQLWGVKCPAQ,1,903,5,5,False
MDCNPQWGGCKRPAQ,1,1976,3,3,True
MDCNPSGVLCKVPAA,1,1977,1,1,True
MDCNPTGFMRKVPAQ,2,396,15,19,True
MDCNPTRRRRKRPAQ,1,10,1116,1855,False
MDCNPVGGGGKSPAQ,1,502,20,21,False
MDCNPVMWVGKVPAR,1,1978,2,2,True
MDCNPVVLCLKLPAQ,1,777,4,4,False
MDCNPWLLFLNRPTQ,1,6,143,456,False
MDCQSERLHEERAGA,1,1979,1,1,True
MDCWPLLLFLFVPLQ,1,156,79,85,False
MDDLPWLLFLQWPFQ,1,29,67,92,False
MDDLPWLLFLRWPQQ,1,7,629,1764,False
MDDMPQLLFLMAPQQ,1,1980,3,3,True
MDDQPVLLFLGVPGQ,1,1306,5,5,False
MDEAPQLLFLWVPLQ,1,410,12,13,False
MDEFPMLLFLQWPGQ,1,1981,4,4,True
MDFESGRGGGGKGRR,1,1982,5,5,True
MDFESVVRGLEIAGA,1,408,3,4,False
MDFGPWLLFLSQPYQ,1,1539,10,10,False
MDFNAWLMFLKFPAQ,1,3,2229,22657,False
MDFNLRLLLEMPGAG,1,1983,1,1,True
MDFNPAFWWCKWPAQ,1,713,7,7,False
MDFNPCLLWSKFRRR,1,1984,1,1,True
MDFNPCLVVVEIPGA,2,397,5,6,True
MDFNPCLVVVKGPAQ,1,19,348,758,False
MDFNPEDEQGQRAGA,1,1985,2,2,True
MDFNPESRVRKWPAQ,1,402,7,8,False
MDFNPFFFLCKWPAQ,2,25,160,263,False
MDFNPFFFLLKLPAQ,1,528,24,31,False
MDFNPFFIFLKVPAQ,2,11,557,1905,False
MDFNPFFILLKFPAQ,1,11,557,1905,False
MDFNPFFILLKMPAQ,1,39,164,242,False
MDFNPFFIMLKVPAQ,1,11,557,1905,False
MDFNPFFLFLKFPAQ,1,91,121,166,False
MDFNPFFLFLKLPAQ,17,3,2229,22657,False
MDFNPFFLFLKVPAA,1,11,557,1905,False
MDFNPFFLFLKVPAQ,9,11,557,1905,False
MDFNPFFLFLKVPTQ,1,11,557,1905,False
MDFNPFFLLFKLPAQ,3,11,557,1905,False
MDFNPFFLLLKFPAQ,4,11,557,1905,False
MDFNPFFLLLKLPAQ,15,11,557,1905,False
MDFNPFFLLLKVPAQ,5,11,557,1905,False
MDFNPFFLLMKFPAQ,1,11,557,1905,False
MDFNPFFLLMKLPAQ,2,11,557,1905,False
MDFNPFFLMLKMPAQ,1,39,164,242,False
MDFNPFFLMLKVPAQ,1,11,557,1905,False
MDFNPFFMFLKFPAQ,1,91,121,166,False
MDFNPFFVFLKLPAQ,3,3,2229,22657,False
MDFNPFFVFLKVPAQ,1,19,348,758,False
MDFNPFFVFLKWPAQ,2,19,348,758,False
MDFNPFFVLLKFPAQ,6,11,557,1905,False
MDFNPFFVLLKLPAQ,9,11,557,1905,False
MDFNPFFVLLKVPAQ,2,11,557,1905,False
MDFNPFFVLLKWPAQ,4,11,557,1905,False
MDFNPFILLLKFPAQ,1,39,164,242,False
MDFNPFIVFFKVPAQ,1,19,348,758,False
MDFNPFLFFLKFPAQ,1,3,2229,22657,False
MDFNPFLFFLKLPAQ,1,3,2229,22657,False
MDFNPFLFFLKVPAQ,4,19,348,758,False
MDFNPFLFLLKFPAQ,3,39,164,242,False
MDFNPFLFLLKLPAQ,3,39,164,242,False
MDFNPFLFLLKVPVQ,1,19,348,758,False
MDFNPFLFWLKVPAQ,1,19,348,758,False
MDFNPFLIFLKFPAQ,1,3,2229,22657,False
MDFNPFLIFLKLPAQ,9,3,2229,22657,False
MDFNPFLIFLKVPAQ,2,19,348,758,False
MDFNPFLILLKLPAQ,12,3,2229,22657,False
MDFNPFLILLKVPAQ,2,19,348,758,False
MDFNPFLIMLKVPAQ,1,19,348,758,False
MDFNPFLLFLKFPAQ,37,3,2229,22657,False
MDFNPFLLFLKIPAQ,6,3,2229,22657,False
MDFNPFLLFLKLPAQ,160,3,2229,22657,False
MDFNPFLLFLKMPAQ,16,3,2229,22657,False
MDFNPFLLFLKVPAQ,42,3,2229,22657,False
MDFNPFLLFLKVPEQ,2,3,2229,22657,False
MDFNPFLLFLKWPAQ,4,3,2229,22657,False
MDFNPFLLFLQVPLQ,2,86,30,39,False
MDFNPFLLFLRQPKQ,2,12,343,758,False
MDFNPFLLFVKFPAQ,1,3,2229,22657,False
MDFNPFLLLFKFPAQ,1,39,164,242,False
MDFNPFLLLLKFPAQ,58,3,2229,22657,False
MDFNPFLLLLKLPAQ,109,3,2229,22657,False
MDFNPFLLLLKLPVQ,1,39,164,242,False
MDFNPFLLLLKMPAQ,1,39,164,242,False
MDFNPFLLLLKSPAQ,1,39,164,242,False
MDFNPFLLLLKVPAQ,18,11,557,1905,False
MDFNPFLLLLKWPAQ,6,3,2229,22657,False
MDFNPFLLMLKLPAQ,4,3,2229,22657,False
MDFNPFLLMLKWPAQ,1,39,164,242,False
MDFNPFLLWLKFPAQ,1,19,348,758,False
MDFNPFLLWLKLPAQ,14,3,2229,22657,False
MDFNPFLLWLKVPAQ,4,19,348,758,False
MDFNPFLMFLKVPAQ,12,3,2229,22657,False
MDFNPFLMLLKFPAQ,1,39,164,242,False
MDFNPFLVFLKFPAQ,28,3,2229,22657,False
MDFNPFLVFLKGPAG,1,19,348,758,False
MDFNPFLVFLKIPAQ,3,19,348,758,False
MDFNPFLVFLKLPAQ,16,3,2229,22657,False
MDFNPFLVFLKLSAQ,1,3,2229,22657,False
MDFNPFLVFLKMPAQ,4,19,348,758,False
MDFNPFLVFLKVPAQ,4,19,348,758,False
MDFNPFLVFLKWPAQ,1,19,348,758,False
MDFNPFLVLLKFPAQ,7,19,348,758,False
MDFNPFLVLLKIPAQ,3,19,348,758,False
MDFNPFLVLLKLPAQ,17,3,2229,22657,False
MDFNPFLVLLKLPVQ,1,19,348,758,False
MDFNPFLVLLKLSAQ,1,19,348,758,False
MDFNPFLVLLKMPAQ,2,39,164,242,False
MDFNPFLVLLKSPAQ,1,19,348,758,False
MDFNPFLVLLKVPAQ,5,19,348,758,False
MDFNPFLVLLKWPAQ,4,19,348,758,False
MDFNPFLVWLKFPAQ,1,19,348,758,False
MDFNPFLVWLKLPAQ,4,19,348,758,False
MDFNPFLVWLKMPAQ,1,19,348,758,False
MDFNPFLWLLKVPAQ,1,19,348,758,False
MDFNPFMILLKVPAQ,3,11,557,1905,False
MDFNPFMLFLKFPAQ,1,91,121,166,False
MDFNPFMLFLKLPAQ,10,3,2229,22657,False
MDFNPFMLFLKVPAQ,4,3,2229,22657,False
MDFNPFMLFMKFPAQ,1,91,121,166,False
MDFNPFMLLLKFPAQ,4,39,164,242,False
MDFNPFMLLLKLPAQ,19,3,2229,22657,False
MDFNPFMLLLKVPAQ,3,11,557,1905,False
MDFNPFMLLLKWPAQ,1,39,164,242,False
MDFNPFMLWLKLPAQ,5,3,2229,22657,False
MDFNPFMLWLKVPAQ,1,19,348,758,False
MDFNPFMVFLKVPAQ,2,19,348,758,False
MDFNPFMVLLKFPAQ,1,19,348,758,False
MDFNPFMVLLKVPAQ,2,19,348,758,False
MDFNPFVFGWKCPAQ,1,912,6,6,False
MDFNPFVGVFKFPAQ,1,697,12,12,False
MDFNPFWLLLKFPAQ,1,39,164,242,False
MDFNPGGVVLKSRRR,1,16,7,20,False
MDFNPGRRLHEIPGA,1,1986,2,2,True
MDFNPGWWVWKSPAQ,1,1987,2,2,True
MDFNPILLFLKIPAQ,1,3,2229,22657,False
MDFNPILLFLKQPKQ,1,0,1628,17219,False
MDFNPILLFLKVPAQ,2,3,2229,22657,False
MDFNPILLFLRYPGQ,1,12,343,758,False
MDFNPIVSVWERPGA,1,1988,1,1,True
MDFNPKGRRRKGPAQ,1,18,393,562,False
MDFNPKVSSRKSPAQ,2,398,2,3,True
MDFNPKWSRRKGPGR,1,1989,1,1,True
MDFNPKYLVRQSPGA,1,1990,1,1,True
MDFNPLCCSGNSRRR,1,34,15,22,False
MDFNPLFCC*NCRRR,1,347,48,51,False
MDFNPLFFLLKLPAQ,2,25,160,263,False
MDFNPLFFLLKVPAQ,1,11,557,1905,False
MDFNPLFFVG*NSRR,2,399,1,2,True
MDFNPLFGVFKFPAQ,1,25,160,263,False
MDFNPLFIFLKGPAQ,1,19,348,758,False
MDFNPLFIFLKVPAQ,4,19,348,758,False
MDFNPLFILLKFPAQ,1,25,160,263,False
MDFNPLFILLKLPAQ,1,11,557,1905,False
MDFNPLFILLKVPAQ,1,11,557,1905,False
MDFNPLFIMLKFPAQ,1,19,348,758,False
MDFNPLFLFLKFPAQ,1,3,2229,22657,False
MDFNPLFLFLKLPAQ,4,3,2229,22657,False
MDFNPLFLFLKRPAQ,1,3,2229,22657,False
MDFNPLFLFLKVPAQ,7,11,557,1905,False
MDFNPLFLFLKVPSQ,1,11,557,1905,False
MDFNPLFLLFKLPAQ,1,11,557,1905,False
MDFNPLFLLFKVPAQ,1,11,557,1905,False
MDFNPLFLLLKFPAQ,8,11,557,1905,False
MDFNPLFLLLKLPAQ,42,3,2229,22657,False
MDFNPLFLLLKMPAQ,5,11,557,1905,False
MDFNPLFLLLKVPAQ,6,11,557,1905,False
MDFNPLFLLLKWPAQ,3,11,557,1905,False
MDFNPLFLLWKFPAQ,1,25,160,263,False
MDFNPLFLMLKLPAQ,3,3,2229,22657,False
MDFNPLFLWLKLPAQ,2,19,348,758,False
MDFNPLFLWLKWPAQ,1,19,348,758,False
MDFNPLFVEIPGAGF,1,1991,1,1,True
MDFNPLFVFLKFPAQ,8,19,348,758,False
MDFNPLFVFLKIPAQ,1,19,348,758,False
MDFNPLFVFLKLPAQ,14,3,2229,22657,False
MDFNPLFVFLKVPAQ,7,19,348,758,False
MDFNPLFVFLKWPAQ,2,19,348,758,False
MDFNPLFVLFKVPAQ,1,19,348,758,False
MDFNPLFVLFNCRRR,1,401,5,6,False
MDFNPLFVLLKFPAQ,1,19,348,758,False
MDFNPLFVLLKLPAQ,9,19,348,758,False
MDFNPLFVLLKMPAQ,1,19,348,758,False
MDFNPLFVLLKVPAQ,3,19,348,758,False
MDFNPLILVDERAGA,1,1690,4,4,False
MDFNPLIVLCKFPAQ,1,19,348,758,False
MDFNPLLFFLKFPAQ,11,3,2229,22657,False
MDFNPLLFFLKLPAQ,12,3,2229,22657,False
MDFNPLLFFLKVPAQ,4,19,348,758,False
MDFNPLLFLFKLPAQ,1,19,348,758,False
MDFNPLLFLKVPAQG,1,152,12,19,False
MDFNPLLFLLKFPAQ,3,19,348,758,False
MDFNPLLFLLKLPAQ,8,19,348,758,False
MDFNPLLFLLKVPAQ,1,19,348,758,False
MDFNPLLFLLKWPAQ,1,19,348,758,False
MDFNPLLFMLKLPAQ,1,19,348,758,False
MDFNPLLFVFKLPAQ,1,1543,9,9,False
MDFNPLLFVWKVPAQ,1,19,348,758,False
MDFNPLLFWLKVPAQ,6,19,348,758,False
MDFNPLLFWVKLPAQ,1,19,348,758,False
MDFNPLLIFLKFPAQ,3,19,348,758,False
MDFNPLLIFLKLPAQ,3,3,2229,22657,False
MDFNPLLIFLKMPAQ,3,19,348,758,False
MDFNPLLIFLKVPAQ,13,3,2229,22657,False
MDFNPLLILKVPAQG,1,152,12,19,False
MDFNPLLILLKLPAQ,3,19,348,758,False
MDFNPLLILLKMPAQ,1,19,348,758,False
MDFNPLLILLKVPAQ,1,19,348,758,False
MDFNPLLIWLKLPAQ,2,19,348,758,False
MDFNPLLLFIKRPAQ,1,3,2229,22657,False
MDFNPLLLFLIRPPQ,1,6,143,456,False
MDFNPLLLFLKFLAQ,1,3,2229,22657,False
MDFNPLLLFLKFPAQ,115,3,2229,22657,False
MDFNPLLLFLKGPAQ,5,3,2229,22657,False
MDFNPLLLFLKIPAQ,17,3,2229,22657,False
MDFNPLLLFLKLPAQ,165,3,2229,22657,False
MDFNPLLLFLKLPVQ,1,3,2229,22657,False
MDFNPLLLFLKMPAQ,41,3,2229,22657,False
MDFNPLLLFLKRPHQ,1,3,2229,22657,False
MDFNPLLLFLKSPKQ,1,0,1628,17219,False
MDFNPLLLFLKVPAQ,105,3,2229,22657,False
MDFNPLLLFLKWPAQ,23,3,2229,22657,False
MDFNPLLLFLLKVPA,1,1676,6,6,False
MDFNPLLLFLQLPSQ,2,4,603,1344,False
MDFNPLLLFLREPRQ,1,12,343,758,False
MDFNPLLLFLRGPSQ,10,12,343,758,False
MDFNPLLLFLRKPNQ,1,12,343,758,False
MDFNPLLLFLRKPVQ,7,12,343,758,False
MDFNPLLLFLRSPKQ,1,12,343,758,False
MDFNPLLLFLRTPLQ,3,12,343,758,False
MDFNPLLLFLRVPNQ,1,12,343,758,False
MDFNPLLLFLVWPQQ,1,374,38,39,False
MDFNPLLLFWKFPAQ,1,3,2229,22657,False
MDFNPLLLLFLKMPA,1,1676,6,6,False
MDFNPLLLLGKLPAQ,1,3,2229,22657,False
MDFNPLLLLKLPAQG,2,152,12,19,False
MDFNPLLLLLKFPAQ,31,3,2229,22657,False
MDFNPLLLLLKLPAQ,111,3,2229,22657,False
MDFNPLLLLLKMPAQ,6,19,348,758,False
MDFNPLLLLLKVPAQ,31,11,557,1905,False
MDFNPLLLLLKWPAQ,11,3,2229,22657,False
MDFNPLLLMLKFPAQ,3,19,348,758,False
MDFNPLLLMLKLPAQ,10,3,2229,22657,False
MDFNPLLLMLKVPAQ,1,19,348,758,False
MDFNPLLLWLKFPAQ,1,19,348,758,False
MDFNPLLLWLKGPAQ,1,19,348,758,False
MDFNPLLLWLKLPAQ,23,3,2229,22657,False
MDFNPLLLWLKMPAQ,3,19,348,758,False
MDFNPLLLWLKVPAQ,18,3,2229,22657,False
MDFNPLLLWLKWPAQ,2,19,348,758,False
MDFNPLLMFLKFPAQ,11,3,2229,22657,False
MDFNPLLMFLKLPAQ,2,3,2229,22657,False
MDFNPLLMFLKVPAQ,4,19,348,758,False
MDFNPLLMLLKFPAQ,1,19,348,758,False
MDFNPLLMLLKLPAQ,6,19,348,758,False
MDFNPLLMLLKVPAQ,1,19,348,758,False
MDFNPLLSLLKLPAQ,2,19,348,758,False
MDFNPLLVFLKFPAQ,33,3,2229,22657,False
MDFNPLLVFLKIPAQ,6,19,348,758,False
MDFNPLLVFLKLPAQ,70,3,2229,22657,False
MDFNPLLVFLKLPTQ,1,19,348,758,False
MDFNPLLVFLKMPAQ,1,19,348,758,False
MDFNPLLVFLKVPAQ,28,3,2229,22657,False
MDFNPLLVFLKWPAQ,2,19,348,758,False
MDFNPLLVLLKFPAQ,9,19,348,758,False
MDFNPLLVLLKLPAQ,29,3,2229,22657,False
MDFNPLLVLLKMPAQ,3,19,348,758,False
MDFNPLLVLLKVPAQ,6,19,348,758,False
MDFNPLLVLLKWPAQ,4,19,348,758,False
MDFNPLLVMLKLPAQ,1,19,348,758,False
MDFNPLLVMLKMPAQ,1,19,348,758,False
MDFNPLLVMLKVPAQ,1,19,348,758,False
MDFNPLLVMLKWPAQ,1,19,348,758,False
MDFNPLLVWFKLPAQ,1,19,348,758,False
MDFNPLLVWLKFPAQ,4,19,348,758,False
MDFNPLLVWLKVPAQ,11,19,348,758,True
MDFNPLLVWLKWPAQ,1,19,348,758,False
MDFNPLLWMLKVPAQ,2,19,348,758,False
MDFNPLMFLLKFPAQ,1,25,160,263,False
MDFNPLMILLKVPAQ,2,19,348,758,False
MDFNPLMLFLKFPAQ,4,3,2229,22657,False
MDFNPLMLFLKLPAQ,4,3,2229,22657,False
MDFNPLMLFLKVPAQ,3,19,348,758,False
MDFNPLMLLLKFPAQ,5,11,557,1905,False
MDFNPLMLLLKLPAQ,8,3,2229,22657,False
MDFNPLMLLLKVPAQ,4,11,557,1905,False
MDFNPLMLLLKWPAQ,1,124,39,45,False
MDFNPLMMFLKFPAQ,1,19,348,758,False
MDFNPLMVFLKWPAQ,1,19,348,758,False
MDFNPLMVLLKLPAQ,2,19,348,758,False
MDFNPLVLFGKFPAQ,1,219,41,49,False
MDFNPLVMLLKLPAQ,1,19,348,758,False
MDFNPLVVVFKLPAQ,1,19,348,758,False
MDFNPLVVVLKVPAQ,1,19,348,758,False
MDFNPLVWFGKSRRR,2,400,2,3,True
MDFNPLWGLLKIPAQ,1,19,348,758,False
MDFNPLWMVWKFPAQ,1,1987,2,2,False
MDFNPLWVFLKLPAQ,1,19,348,758,False
MDFNPLWVVFKCRRR,2,401,5,6,True
MDFNPLWVVLKLPAQ,1,19,348,758,False
MDFNPLWWRGQRAGA,1,1985,2,2,False
MDFNPMFLFLKFPAQ,3,3,2229,22657,False
MDFNPMFLFLKIPAQ,1,3,2229,22657,False
MDFNPMFLFLKVPAQ,1,11,557,1905,False
MDFNPMFLLLKLPAQ,2,11,557,1905,False
MDFNPMFVLFKFPAQ,1,25,160,263,False
MDFNPMLFLLKVPAQ,1,19,348,758,False
MDFNPMLILLKLPAQ,1,3,2229,22657,False
MDFNPMLLFFKLPAQ,1,3,2229,22657,False
MDFNPMLLFLINPQQ,1,6,143,456,False
MDFNPMLLFLKFPAQ,73,3,2229,22657,False
MDFNPMLLFLKGPSQ,1,12,343,758,False
MDFNPMLLFLKIPAQ,2,3,2229,22657,False
MDFNPMLLFLKLPAQ,115,3,2229,22657,False
MDFNPMLLFLKMPAQ,4,3,2229,22657,False
MDFNPMLLFLKQPNQ,2,2,509,4610,False
MDFNPMLLFLKRPEQ,2,6,143,456,False
MDFNPMLLFLKRPKQ,1,6,143,456,False
MDFNPMLLFLKVPAQ,18,3,2229,22657,False
MDFNPMLLFLKWPAQ,60,3,2229,22657,False
MDFNPMLLFLMTPRQ,1,6,143,456,False
MDFNPMLLFLRGPLQ,1,12,343,758,False
MDFNPMLLFLRIPQQ,5,12,343,758,False
MDFNPMLLFLRKPKQ,1,12,343,758,False
MDFNPMLLFLRKPTQ,2,12,343,758,False
MDFNPMLLFLRMPKQ,12,12,343,758,False
MDFNPMLLFLRMPQQ,1,12,343,758,False
MDFNPMLLFLRPPHQ,1,12,343,758,False
MDFNPMLLFLRRPVQ,1,6,143,456,False
MDFNPMLLFLRTPFQ,1,12,343,758,False
MDFNPMLLFLRVPVQ,14,12,343,758,False
MDFNPMLLFLRVPWQ,22,12,343,758,False
MDFNPMLLFLVVPVQ,1,6,143,456,False
MDFNPMLLFLWNPTQ,2,6,143,456,False
MDFNPMLLFMKLPAQ,1,3,2229,22657,False
MDFNPMLLLKLPAQG,1,1674,7,7,False
MDFNPMLLLLKFPAQ,7,3,2229,22657,False
MDFNPMLLLLKLPAQ,36,3,2229,22657,False
MDFNPMLLLLKVPAQ,4,11,557,1905,False
MDFNPMLLLLKWPAQ,1,39,164,242,False
MDFNPMLLMLKLPAQ,1,3,2229,22657,False
MDFNPMLLWLKLPAQ,3,3,2229,22657,False
MDFNPMLMLLKVPAQ,1,19,348,758,False
MDFNPMLMRLKLPAQ,1,3,2229,22657,False
MDFNPMLVFLKFPAQ,1,19,348,758,False
MDFNPMLVFLKIPAQ,1,19,348,758,False
MDFNPMLVFLKLPAQ,2,3,2229,22657,False
MDFNPMLVFLKVPAQ,3,19,348,758,False
MDFNPMLVLLKLPAQ,2,19,348,758,False
MDFNPMLVLLKVPAQ,1,19,348,758,False
MDFNPMLVWLKWPAQ,2,19,348,758,False
MDFNPMMILLKLPAQ,1,46,24,36,False
MDFNPMMILLKWPAQ,1,369,20,21,False
MDFNPMMLFLKFPAQ,15,3,2229,22657,False
MDFNPMMLFLKLPAQ,2,3,2229,22657,False
MDFNPNLLFLGSPQQ,2,12,343,758,False
MDFNPQCVVIKWPAQ,2,402,7,8,True
MDFNPQFFLFKFPAQ,1,25,160,263,False
MDFNPQFLLFKFPAQ,1,11,557,1905,False
MDFNPQFVFFKLPAQ,1,181,23,25,False
MDFNPQFVICKLPAQ,1,181,23,25,False
MDFNPQGRRRKRPAQ,2,18,393,562,False
MDFNPQLMLLKLPAQ,1,3,2229,22657,False
MDFNPQSRRRKRPAQ,1,10,1116,1855,False
MDFNPRSSC*NSRRR,1,909,5,5,False
MDFNPSFLVMKLPAQ,1,527,17,18,False
MDFNPSLWLGEMPGA,1,1992,2,2,True
MDFNPSWLSS*KSRR,1,1993,1,1,True
MDFNPSWSG*KGRRR,1,1994,1,1,True
MDFNPTGFFGKVPAQ,1,396,15,19,False
MDFNPTLLFLKLPAQ,4,3,2229,22657,False
MDFNPTLLFLKVPAQ,2,3,2229,22657,False
MDFNPTLLFLRMPFQ,1,12,343,758,False
MDFNPTSFMRKIPAA,1,396,15,19,False
MDFNPVCCIGKVPAQ,1,786,4,4,False
MDFNPVFRLWKWPAQ,1,25,160,263,False
MDFNPVLGLGKFPAQ,1,1995,10,10,True
MDFNPVLLFLKFPAQ,3,3,2229,22657,False
MDFNPVLLFLKLPAQ,2,3,2229,22657,False
MDFNPVLLFLQVPVQ,1,4,603,1344,False
MDFNPVLLLLKFPAQ,1,1995,10,10,False
MDFNPVLLLLKVPAQ,1,11,557,1905,False
MDFNPVLLVLKWPAQ,1,3,2229,22657,False
MDFNPVLLWLKMPAQ,1,19,348,758,False
MDFNPVLMLWKLPAQ,1,1995,10,10,False
MDFNPVLVFLKFPAQ,1,19,348,758,False
MDFNPVMLLVKFPAQ,1,1995,10,10,False
MDFNPVSVVMKLPAQ,1,402,7,8,False
MDFNPVVAAS*NSRR,1,1996,1,1,True
MDFNPVVVLHEIPGA,1,1986,2,2,False
MDFNPVWVFWKFPAQ,1,219,41,49,False
MDFNPWFFFLKVPAQ,4,3,2229,22657,False
MDFNPWFFMVKVPAQ,1,336,8,10,False
MDFNPWFILLKFPAQ,2,11,557,1905,False
MDFNPWFILLKVPAQ,1,11,557,1905,False
MDFNPWFLFLKFPAQ,1,3,2229,22657,False
MDFNPWFLFLKGPAQ,2,3,2229,22657,False
MDFNPWFLFLKLPAQ,13,3,2229,22657,False
MDFNPWFLFLKVPAQ,6,3,2229,22657,False
MDFNPWFLFMKLPAQ,1,3,2229,22657,False
MDFNPWFLLLKFPAQ,3,11,557,1905,False
MDFNPWFLLLKIPAQ,1,11,557,1905,False
MDFNPWFLLLKLPAQ,2,3,2229,22657,False
MDFNPWFLLLKWPAQ,2,11,557,1905,False
MDFNPWFLMLKFPAQ,1,3,2229,22657,False
MDFNPWFMFLKVPAQ,1,3,2229,22657,False
MDFNPWFVFLKFPAQ,12,3,2229,22657,False
MDFNPWFVFLKIPAQ,2,155,109,133,False
MDFNPWFVFLKLPAQ,15,3,2229,22657,False
MDFNPWFVFLKMPAQ,1,155,109,133,False
MDFNPWFVFLKVPAQ,14,3,2229,22657,False
MDFNPWFVLLKFPAQ,3,11,557,1905,False
MDFNPWFVLLKLPAQ,9,3,2229,22657,False
MDFNPWFVLLKVPAQ,3,11,557,1905,False
MDFNPWFVLLKWPAQ,2,11,557,1905,False
MDFNPWFVWLKLPAQ,1,19,348,758,False
MDFNPWFVWLKMPAQ,3,19,348,758,False
MDFNPWILWVKLPAQ,1,3,2229,22657,False
MDFNPWLFFLKFPAQ,1,3,2229,22657,False
MDFNPWLFFLKLPAQ,5,3,2229,22657,False
MDFNPWLFFLKMPAQ,1,3,2229,22657,False
MDFNPWLFFLKVPAQ,35,3,2229,22657,False
MDFNPWLFLLKFPAQ,2,3,2229,22657,False
MDFNPWLFLLKLPAQ,6,3,2229,22657,False
MDFNPWLFLLKMPAQ,1,39,164,242,False
MDFNPWLFLLKVPAQ,14,3,2229,22657,False
MDFNPWLFLLKWPAQ,1,3,2229,22657,False
MDFNPWLFMLKLPAQ,2,3,2229,22657,False
MDFNPWLFMWKSRRR,2,403,2,3,True
MDFNPWLFWLKFPAQ,1,19,348,758,False
MDFNPWLFWLKVPAQ,2,19,348,758,False
MDFNPWLIFLKFPAQ,1,3,2229,22657,False
MDFNPWLIFLKLPAQ,2,3,2229,22657,False
MDFNPWLIFLKVPAQ,24,3,2229,22657,False
MDFNPWLILLKLPAQ,4,3,2229,22657,False
MDFNPWLILLKVPAQ,3,19,348,758,False
MDFNPWLIMLKLPAQ,1,3,2229,22657,False
MDFNPWLIWLKVPAQ,7,19,348,758,False
MDFNPWLLFLAQPVQ,1,1,1197,10527,False
MDFNPWLLFLAQPWQ,3,1,1197,10527,False
MDFNPWLLFLAYPQQ,1,1,1197,10527,False
MDFNPWLLFLGAPYQ,1,3,2229,22657,False
MDFNPWLLFLKAPTQ,2,3,2229,22657,False
MDFNPWLLFLKEPKQ,7,3,2229,22657,False
MDFNPWLLFLKFPAQ,35,3,2229,22657,False
MDFNPWLLFLKGPAQ,5,3,2229,22657,False
MDFNPWLLFLKIPAQ,7,3,2229,22657,False
MDFNPWLLFLKLPAQ,376,3,2229,22657,False
MDFNPWLLFLKLPVQ,2,3,2229,22657,False
MDFNPWLLFLKMPAQ,13,3,2229,22657,False
MDFNPWLLFLKQPEQ,1,3,2229,22657,False
MDFNPWLLFLKRPKQ,1,3,2229,22657,False
MDFNPWLLFLKRPTQ,1,3,2229,22657,False
MDFNPWLLFLKVPAQ,297,3,2229,22657,False
MDFNPWLLFLKWPAQ,10,3,2229,22657,False
MDFNPWLLFLNEPNQ,5,3,2229,22657,False
MDFNPWLLFLPRPYQ,3,3,2229,22657,False
MDFNPWLLFLQRPLQ,1,9,239,562,False
MDFNPWLLFLQVPMQ,1,3,2229,22657,False
MDFNPWLLFLQVPVQ,2,3,2229,22657,False
MDFNPWLLFLRKPAQ,11,3,2229,22657,False
MDFNPWLLFLRKPQQ,1,7,629,1764,False
MDFNPWLLFLRNPLQ,2,12,343,758,False
MDFNPWLLFLRNPQQ,1,7,629,1764,False
MDFNPWLLFLRNPVQ,2,12,343,758,False
MDFNPWLLFLRQPTQ,6,12,343,758,False
MDFNPWLLFLRSPKQ,1,12,343,758,False
MDFNPWLLFLRSPQQ,1,7,629,1764,False
MDFNPWLLFLRTPFQ,2,12,343,758,False
MDFNPWLLFLRTPQQ,1,7,629,1764,False
MDFNPWLLFLRTPRQ,1,12,343,758,False
MDFNPWLLFLRVPPQ,1,12,343,758,False
MDFNPWLLFLRYPQQ,4,7,629,1764,False
MDFNPWLLFLSAPKQ,3,3,2229,22657,False
MDFNPWLLFLSFPIQ,1,3,2229,22657,False
MDFNPWLLFLSFPRQ,1,3,2229,22657,False
MDFNPWLLFLSMPKQ,1,12,343,758,False
MDFNPWLLFLSQPMQ,1,1,1197,10527,False
MDFNPWLLFLSQPVQ,1,1,1197,10527,False
MDFNPWLLFLSRPKQ,1,9,239,562,False
MDFNPWLLFLSTPQQ,1,3,2229,22657,False
MDFNPWLLFLTQPNQ,3,2,509,4610,False
MDFNPWLLFLTRPQQ,1,6,143,456,False
MDFNPWLLFLVQPSQ,2,12,343,758,False
MDFNPWLLFLYRPQQ,2,3,2229,22657,False
MDFNPWLLFLYTPRQ,1,3,2229,22657,False
MDFNPWLLFMKFPAQ,2,3,2229,22657,False
MDFNPWLLFMKIPAQ,6,3,2229,22657,False
MDFNPWLLFMKLPAQ,4,3,2229,22657,False
MDFNPWLLGLKLPAQ,1,3,2229,22657,False
MDFNPWLLGLKMPAQ,1,3,2229,22657,False
MDFNPWLLGLKVPAQ,1,3,2229,22657,False
MDFNPWLLLKLPAQG,1,1674,7,7,False
MDFNPWLLLLKFPAQ,41,3,2229,22657,False
MDFNPWLLLLKFPTQ,1,3,2229,22657,False
MDFNPWLLLLKGPAQ,1,3,2229,22657,False
MDFNPWLLLLKIPAQ,3,3,2229,22657,False
MDFNPWLLLLKLPAQ,147,3,2229,22657,False
MDFNPWLLLLKMPAQ,13,3,2229,22657,False
MDFNPWLLLLKVPAQ,64,3,2229,22657,False
MDFNPWLLLLKWPAQ,6,3,2229,22657,False
MDFNPWLLLMKFPAQ,1,1995,10,10,False
MDFNPWLLLMKWPAQ,1,3,2229,22657,False
MDFNPWLLMLKFPAQ,4,3,2229,22657,False
MDFNPWLLMLKLPAQ,7,3,2229,22657,False
MDFNPWLLMLKVPAQ,2,3,2229,22657,False
MDFNPWLLVLKVPAQ,2,3,2229,22657,False
MDFNPWLLVLKWPAQ,1,3,2229,22657,False
MDFNPWLLWLKFPAQ,2,3,2229,22657,False
MDFNPWLLWLKLPAQ,41,3,2229,22657,False
MDFNPWLLWLKLPTQ,1,3,2229,22657,False
MDFNPWLLWLKMPAQ,1,3,2229,22657,False
MDFNPWLLWLKVPAQ,72,3,2229,22657,False
MDFNPWLLWMKLPAQ,1,3,2229,22657,False
MDFNPWLLWVKVPAQ,1,19,348,758,False
MDFNPWLLWWKSPAQ,1,3,2229,22657,False
MDFNPWLMFLKFPAQ,47,3,2229,22657,False
MDFNPWLMFLKLPAQ,3,3,2229,22657,False
MDFNPWLMFLKVPAQ,1,3,2229,22657,False
MDFNPWLMLLKFPAQ,3,3,2229,22657,False
MDFNPWLMLLKLPAQ,2,3,2229,22657,False
MDFNPWLMLLKMPAQ,1,39,164,242,False
MDFNPWLMLLKVPAQ,1,19,348,758,False
MDFNPWLMMLKFPAQ,1,3,2229,22657,False
MDFNPWLMWLKLPAQ,8,3,2229,22657,False
MDFNPWLMWLKVPAQ,1,19,348,758,False
MDFNPWLVFLKCPAQ,1,3,2229,22657,False
MDFNPWLVFLKFPAQ,25,3,2229,22657,False
MDFNPWLVFLKGPAQ,3,3,2229,22657,False
MDFNPWLVFLKIPAQ,3,3,2229,22657,False
MDFNPWLVFLKLPAQ,179,3,2229,22657,False
MDFNPWLVFLKMPAQ,9,3,2229,22657,False
MDFNPWLVFLKVPAQ,35,3,2229,22657,False
MDFNPWLVFLKWPAQ,2,3,2229,22657,False
MDFNPWLVFMKFPAQ,2,3,2229,22657,False
MDFNPWLVFMKLPAQ,1,3,2229,22657,False
MDFNPWLVLLKFPAQ,12,3,2229,22657,False
MDFNPWLVLLKGPAQ,1,19,348,758,False
MDFNPWLVLLKIPAQ,2,19,348,758,False
MDFNPWLVLLKLPAQ,81,3,2229,22657,False
MDFNPWLVLLKMPAQ,12,3,2229,22657,False
MDFNPWLVLLKRPAQ,1,19,348,758,False
MDFNPWLVLLKVPAQ,15,3,2229,22657,False
MDFNPWLVLLKWPAQ,5,19,348,758,False
MDFNPWLVMLKFPAQ,1,19,348,758,False
MDFNPWLVMLKLPAQ,1,3,2229,22657,False
MDFNPWLVWLKLPAQ,21,3,2229,22657,False
MDFNPWLVWLKMPAQ,3,19,348,758,False
MDFNPWLVWLKVPAQ,15,3,2229,22657,False
MDFNPWLVWLKWPAQ,1,19,348,758,False
MDFNPWLVWVKVPAQ,1,19,348,758,False
MDFNPWLWLLKVPAQ,2,19,348,758,False
MDFNPWMFFLKFPAQ,4,3,2229,22657,False
MDFNPWMFFLKVPAQ,1,704,10,10,False
MDFNPWMILLKFPAQ,1,1995,10,10,False
MDFNPWMLFLKFPAQ,25,3,2229,22657,False
MDFNPWMLFLKLPAQ,70,3,2229,22657,False
MDFNPWMLFLKVPAQ,4,3,2229,22657,False
MDFNPWMLFLKWPAQ,2,3,2229,22657,False
MDFNPWMLFMKMPAQ,4,3,2229,22657,False
MDFNPWMLLLKLPAQ,1,3,2229,22657,False
MDFNPWMLLLKMPAQ,1,39,164,242,False
MDFNPWMLLLKMSAQ,1,39,164,242,False
MDFNPWMLMLKLPAQ,2,3,2229,22657,False
MDFNPWMLWLKLPAQ,1,3,2229,22657,False
MDFNPWMLWLKVPAQ,3,19,348,758,False
MDFNPWMLWMKLPAQ,1,3,2229,22657,False
MDFNPWMMLLKMPAQ,1,39,164,242,False
MDFNPWMMLLKWPAQ,1,1997,16,16,True
MDFNPWMMWLKVPAQ,1,1997,16,16,False
MDFNPWMVFLKFPAQ,2,155,109,133,False
MDFNPWMVFLKLPAQ,21,3,2229,22657,False
MDFNPWMVFLKMPAQ,2,3,2229,22657,False
MDFNPWMVFLKVPAQ,11,19,348,758,False
MDFNPWMVFLKWPAQ,3,3,2229,22657,False
MDFNPWMVLLKLPAQ,1,1997,16,16,False
MDFNPWMVLLKWPAQ,1,1997,16,16,False
MDFNPWMWFLKVPAQ,1,1997,16,16,False
MDFNPWVLFLKFPAQ,2,3,2229,22657,False
MDFNPWVLFLKVPAQ,1,3,2229,22657,False
MDFNPWVLLLKLPAQ,1,3,2229,22657,False
MDFNPYFFFLKFPAQ,1,11,557,1905,False
MDFNPYFFLFKVPAQ,1,11,557,1905,False
MDFNPYFFLLKIPAQ,1,11,557,1905,False
MDFNPYFFWLKVPAQ,1,11,557,1905,False
MDFNPYFIFLKFPAQ,3,11,557,1905,False
MDFNPYFIFLKLPAQ,2,3,2229,22657,False
MDFNPYFILFKLPAQ,1,11,557,1905,False
MDFNPYFILLKLPAQ,3,11,557,1905,False
MDFNPYFLFFKFPAQ,2,11,557,1905,False
MDFNPYFLFLKFPAQ,28,11,557,1905,False
MDFNPYFLFLKGPAQ,1,11,557,1905,False
MDFNPYFLFLKLPAQ,28,3,2229,22657,False
MDFNPYFLFLKMPAQ,1,11,557,1905,False
MDFNPYFLFLKVPAQ,28,11,557,1905,False
MDFNPYFLFMKLPAQ,1,1017,8,8,False
MDFNPYFLLFKLPAQ,3,11,557,1905,False
MDFNPYFLLFKVPAQ,1,11,557,1905,False
MDFNPYFLLLKFPAQ,2,11,557,1905,False
MDFNPYFLLLKLPAQ,8,11,557,1905,False
MDFNPYFLLLKMPAQ,1,11,557,1905,False
MDFNPYFLLLKSPAQ,1,11,557,1905,False
MDFNPYFLLLKVPAQ,2,11,557,1905,False
MDFNPYFLLLKWPAQ,1,11,557,1905,False
MDFNPYFLMLKRPAQ,1,11,557,1905,False
MDFNPYFVFLKFPAQ,16,11,557,1905,False
MDFNPYFVFLKLPAQ,3,3,2229,22657,False
MDFNPYFVFLKMPAQ,2,11,557,1905,False
MDFNPYFVFLKVPAQ,7,11,557,1905,False
MDFNPYFVFLKWPAQ,1,11,557,1905,False
MDFNPYFVLLKFPAQ,4,11,557,1905,False
MDFNPYFVLLKGPAQ,1,11,557,1905,False
MDFNPYFVLLKLPAQ,10,11,557,1905,False
MDFNPYFVLLKLSAQ,1,11,557,1905,False
MDFNPYFVLLKMPAQ,1,11,557,1905,False
MDFNPYFVLLKVPAQ,1,11,557,1905,False
MDFNPYFVLLKWPAQ,2,11,557,1905,False
MDFNPYLFFLKFPAQ,1,3,2229,22657,False
MDFNPYLFFLKLPAQ,1,3,2229,22657,False
MDFNPYLFILKVPAQ,1,19,348,758,False
MDFNPYLFLLKFPAQ,1,1995,10,10,False
MDFNPYLFLLKLPAQ,2,3,2229,22657,False
MDFNPYLFLLKVPAQ,2,11,557,1905,False
MDFNPYLFMLKVPAQ,1,19,348,758,False
MDFNPYLIFLKLPAQ,8,3,2229,22657,False
MDFNPYLIFLKVPAQ,1,19,348,758,False
MDFNPYLIFLKWPAQ,1,1018,6,6,False
MDFNPYLIWLKIPAQ,1,19,348,758,False
MDFNPYLIWLKLPAQ,1,19,348,758,False
MDFNPYLLFFKFPAQ,1,3,2229,22657,False
MDFNPYLLFLALPQQ,1,12,343,758,False
MDFNPYLLFLEGPAQ,1,12,343,758,False
MDFNPYLLFLGGPQQ,1,12,343,758,False
MDFNPYLLFLGNPKQ,1,12,343,758,False
MDFNPYLLFLGSPTQ,1,12,343,758,False
MDFNPYLLFLIKPPQ,1,12,343,758,False
MDFNPYLLFLIKPQQ,1,12,343,758,False
MDFNPYLLFLKFPAQ,75,3,2229,22657,False
MDFNPYLLFLKGPAQ,1,3,2229,22657,False
MDFNPYLLFLKIPKQ,3,0,1628,17219,False
MDFNPYLLFLKKPGQ,1,0,1628,17219,False
MDFNPYLLFLKKPKQ,315,0,1628,17219,False
MDFNPYLLFLKKPNQ,11,0,1628,17219,False
MDFNPYLLFLKKPQQ,3,0,1628,17219,False
MDFNPYLLFLKKPSQ,1,12,343,758,False
MDFNPYLLFLKKPTQ,1,0,1628,17219,False
MDFNPYLLFLKKPYQ,1,0,1628,17219,False
MDFNPYLLFLKKSKQ,1,0,1628,17219,False
MDFNPYLLFLKLPAQ,58,3,2229,22657,False
MDFNPYLLFLKMPAQ,2,12,343,758,False
MDFNPYLLFLKMPYQ,1,12,343,758,False
MDFNPYLLFLKNPAQ,6,3,2229,22657,False
MDFNPYLLFLKNPKQ,1,0,1628,17219,False
MDFNPYLLFLKQPEQ,2,12,343,758,False
MDFNPYLLFLKQPKQ,9,0,1628,17219,False
MDFNPYLLFLKQPTQ,1,12,343,758,False
MDFNPYLLFLKRPQQ,1,12,343,758,False
MDFNPYLLFLKRPTQ,1,12,343,758,False
MDFNPYLLFLKSPAQ,1,3,2229,22657,False
MDFNPYLLFLKVPAQ,39,3,2229,22657,False
MDFNPYLLFLMAPRQ,1,12,343,758,False
MDFNPYLLFLMKPKQ,1,0,1628,17219,False
MDFNPYLLFLMKPRQ,4,12,343,758,False
MDFNPYLLFLNIPRQ,1,12,343,758,False
MDFNPYLLFLNKPTQ,1,12,343,758,False
MDFNPYLLFLNLPQQ,1,12,343,758,False
MDFNPYLLFLQGPQQ,1,12,343,758,False
MDFNPYLLFLQLPVQ,1,4,603,1344,False
MDFNPYLLFLQVPVQ,1,12,343,758,False
MDFNPYLLFLQWPMQ,1,12,343,758,False
MDFNPYLLFLQWPVQ,1,12,343,758,False
MDFNPYLLFLQYPIQ,3,12,343,758,False
MDFNPYLLFLRDPKQ,1,12,343,758,False
MDFNPYLLFLRGPAQ,1,12,343,758,False
MDFNPYLLFLRHPQQ,2,12,343,758,False
MDFNPYLLFLRIPSQ,2,12,343,758,False
MDFNPYLLFLRKPEQ,1,12,343,758,False
MDFNPYLLFLRKPHQ,7,12,343,758,False
MDFNPYLLFLRKPIQ,1,12,343,758,False
MDFNPYLLFLRKPKQ,19,12,343,758,False
MDFNPYLLFLRKPNQ,52,0,1628,17219,False
MDFNPYLLFLRKPPQ,1,12,343,758,False
MDFNPYLLFLRKPQQ,3,12,343,758,False
MDFNPYLLFLRKPSQ,199,0,1628,17219,False
MDFNPYLLFLRKPTQ,1,12,343,758,False
MDFNPYLLFLRLPRQ,1,12,343,758,False
MDFNPYLLFLRLPSQ,1,12,343,758,False
MDFNPYLLFLRMPNQ,2,12,343,758,False
MDFNPYLLFLRMPSQ,28,12,343,758,True
MDFNPYLLFLRNPKQ,1,12,343,758,False
MDFNPYLLFLRNPNQ,2,12,343,758,False
MDFNPYLLFLRNPQQ,2,12,343,758,False
MDFNPYLLFLRNPYQ,1,12,343,758,False
MDFNPYLLFLRQPAQ,1,12,343,758,False
MDFNPYLLFLRQPEQ,2,12,343,758,False
MDFNPYLLFLRQPFQ,1,12,343,758,False
MDFNPYLLFLRQPPQ,2,12,343,758,False
MDFNPYLLFLRQPQQ,1,12,343,758,False
MDFNPYLLFLRQPSQ,1,12,343,758,False
MDFNPYLLFLRRPNQ,1,12,343,758,False
MDFNPYLLFLRRPQQ,1,12,343,758,False
MDFNPYLLFLRSPKQ,2,12,343,758,False
MDFNPYLLFLRSPRQ,2,12,343,758,False
MDFNPYLLFLRSPYQ,1,12,343,758,False
MDFNPYLLFLRTPQQ,1,12,343,758,False
MDFNPYLLFLRVPKQ,75,0,1628,17219,False
MDFNPYLLFLRVPQQ,1,12,343,758,False
MDFNPYLLFLRVPYQ,1,12,343,758,False
MDFNPYLLFLRYPNQ,1,12,343,758,False
MDFNPYLLFLSKPQQ,1,12,343,758,False
MDFNPYLLFLSMPKQ,1,12,343,758,False
MDFNPYLLFLSNPEQ,1,12,343,758,False
MDFNPYLLFLSQPKQ,3,12,343,758,False
MDFNPYLLFLSQPNQ,2,2,509,4610,False
MDFNPYLLFLSQPRQ,2,12,343,758,False
MDFNPYLLFLSQPWQ,1,12,343,758,False
MDFNPYLLFLSQPYQ,1,12,343,758,False
MDFNPYLLFLTQPKQ,1,2,509,4610,False
MDFNPYLLFLTQPNQ,9,2,509,4610,False
MDFNPYLLFLTQPVQ,1,2,509,4610,False
MDFNPYLLFLTRPQQ,2,6,143,456,False
MDFNPYLLFLVQPSQ,1,12,343,758,False
MDFNPYLLFLVQPVQ,1,12,343,758,False
MDFNPYLLFLVVPAQ,1,12,343,758,False
MDFNPYLLFLWKPKQ,1,0,1628,17219,False
MDFNPYLLFLWLPHQ,1,12,343,758,False
MDFNPYLLFLYQPTQ,1,12,343,758,False
MDFNPYLLFLYRPMQ,1,12,343,758,False
MDFNPYLLFLYTPRQ,2,12,343,758,False
MDFNPYLLLFKLPAQ,1,3,2229,22657,False
MDFNPYLLLLKFPAQ,13,11,557,1905,False
MDFNPYLLLLKIPAQ,1,11,557,1905,False
MDFNPYLLLLKLPAQ,30,3,2229,22657,False
MDFNPYLLLLKMPAQ,2,39,164,242,False
MDFNPYLLLLKVPAQ,7,11,557,1905,False
MDFNPYLLLLKWPAQ,9,11,557,1905,False
MDFNPYLLWLKLPAQ,1,3,2229,22657,False
MDFNPYLLWLKWPAQ,4,19,348,758,False
MDFNPYLVFLKFPAQ,24,3,2229,22657,False
MDFNPYLVFLKLPAQ,28,3,2229,22657,False
MDFNPYLVFLKVPAQ,17,3,2229,22657,False
MDFNPYLVFLKWPAQ,1,19,348,758,False
MDFNPYLVFVKLPAQ,1,3,2229,22657,False
MDFNPYLVLLKFPAQ,2,19,348,758,False
MDFNPYLVLLKLPAQ,8,19,348,758,False
MDFNPYLVLLKVPAQ,1,19,348,758,False
MDFNPYLVLLKWPAQ,3,19,348,758,False
MDFNPYLVMLKFPAQ,1,19,348,758,False
MDFNPYLVMLKVPAQ,1,19,348,758,False
MDFNPYLVWLKVPAQ,3,19,348,758,False
MDFNPYLWMLKLPAQ,1,1098,5,5,False
MDFNPYMILFKLPAQ,1,1997,16,16,False
MDFNPYMLFLKFPAQ,1,91,121,166,False
MDFNPYMLFLKVPAQ,8,11,557,1905,False
MDFNPYMLLLKLPAQ,1,11,557,1905,False
MDFNPYMLLLKMPAQ,2,11,557,1905,False
MDFNPYMLLLKVPAQ,8,11,557,1905,False
MDFNPYMLWLKVPAQ,5,11,557,1905,False
MDFNPYMVLLKLPAQ,3,11,557,1905,False
MDFNSLLLFLKLPAQ,1,3,2229,22657,False
MDFQPILLFLKQPKQ,1,208,7,9,False
MDFQPVLLFLRMPIQ,1,12,343,758,False
MDFRPLLLFLVVPQQ,1,68,51,63,False
MDFSPQLLFLSIPIQ,1,1998,3,3,True
MDFVPLLLFLQMPVQ,1,4,603,1344,False
MDFVPLLLFLRDPKQ,1,12,343,758,False
MDFWPLLLFLFKPAQ,1,1603,4,4,False
MDFWPLLLFLRIPAQ,1,12,343,758,False
MDFWPWLLFLIKPQQ,1,7,629,1764,False
MDGARCCCFWSTRSR,1,672,2,2,False
MDGDPALLFLQLPGQ,1,53,100,123,False
MDGDPKGRSRKRPAQ,1,1999,9,9,True
MDGESGLVEEERAGA,1,2000,2,2,True
MDGESVLRLVESPGA,1,926,2,2,False
MDGFPVLLFLWQPSQ,1,1111,10,10,False
MDGGPLLLFLCVPGQ,1,31,119,142,False
MDGGPLLLFLLQPQQ,1,41,88,103,False
MDGGPPLLFLDVAGP,1,2001,1,1,True
MDGGPVLLFLQWPVQ,1,53,100,123,False
MDGGPWLLFLQFPVQ,2,53,100,123,False
MDGGPWLLFLQGPQQ,1,53,100,123,False
MDGGPWLLFLQLPGQ,2,53,100,123,False
MDGGPWLLFLQWPGQ,1,1713,18,18,False
MDGGPWLLFLSGPGQ,1,31,119,142,False
MDGIR*GGGGNARRR,1,308,8,9,False
MDGIRRCWVRQIAGT,1,2002,1,1,True
MDGKSVRERVESAGA,2,404,1,2,True
MDGLPLLLFLFMPWQ,1,53,100,123,False
MDGLPLLLFLILPQQ,1,221,41,45,False
MDGLPLLLFLQWPDQ,1,221,41,45,False
MDGLPLLSDVAVAGF,1,2003,1,1,True
MDGLPMLLFLRQPSQ,1,12,343,758,False
MDGLPQLLFLRVPDQ,1,138,47,50,False
MDGLPVLLFLCQPAQ,1,53,100,123,False
MDGLPVLLFLWLPGQ,1,53,100,123,False
MDGLPWLLFLLQPVQ,1,424,27,28,False
MDGLPWLLFLQWPEQ,1,29,67,92,False
MDGMPGLLFLFQPMQ,1,1123,5,5,False
MDGNPA*GGAKGRRR,1,146,35,40,False
MDGNPACRIGKIPAQ,1,718,7,7,False
MDGNPAFVRVQNPGA,1,949,2,2,False
MDGNPAGGRRKRPAQ,1,187,29,32,False
MDGNPAGRRSKRPAQ,1,187,29,32,False
MDGNPAVWMGKVPAQ,2,250,31,34,False
MDGNPAWGMWKRPAQ,1,1150,3,3,False
MDGNPCRGRRKIPAQ,1,534,9,10,False
MDGNPDWSMGKVPAQ,1,787,3,3,False
MDGNPEGRRGKGPAG,1,356,19,23,False
MDGNPEGVHQEKAGP,1,2004,2,2,True
MDGNPESQHRESPGA,1,2005,3,3,True
MDGNPFGRRRKGPAQ,1,18,393,562,False
MDGNPGELDGQIAGA,1,248,9,10,False
MDGNPGGCGIKCPAQ,1,2006,2,2,True
MDGNPGGGWGTAQGS,1,2007,1,1,True
MDGNPGGQHGERPGA,1,103,71,80,False
MDGNPGGRREEKAGA,1,105,23,25,False
MDGNPGGWGENAGAG,1,2008,1,1,True
MDGNPGRRGSKRPAA,1,355,8,9,False
MDGNPIFVGLESPGA,1,2009,1,1,True
MDGNPIRWRWKGAGA,1,1228,3,3,False
MDGNPKGGRGKGPAQ,1,502,20,21,False
MDGNPKGRRRKGPAQ,1,18,393,562,False
MDGNPKGRRRKRPAQ,1,1999,9,9,False
MDGNPKGWRVKGPAQ,1,187,29,32,False
MDGNPKRRGWKRPAQ,1,10,1116,1855,False
MDGNPKRRRGKRPAQ,1,10,1116,1855,False
MDGNPKRRRMKGPAQ,1,10,1116,1855,False
MDGNPKRRRRKGPAQ,1,10,1116,1855,False
MDGNPKRRRRKRPAQ,3,10,1116,1855,False
MDGNPKRWGRKRPAQ,1,10,1116,1855,False
MDGNPLGGCVKVPAQ,2,405,6,7,True
MDGNPLGGFERPGAG,1,2010,1,1,True
MDGNPLGWLCKLPAQ,5,46,24,36,False
MDGNPLGWRRKGAGA,1,1155,4,4,False
MDGNPLLVGANARRR,1,2011,1,1,True
MDGNPLSWGVKGPAQ,1,133,14,17,False
MDGNPLVWDQESPGA,2,406,1,2,True
MDGNPMFMFCKLPAQ,1,252,3,4,False
MDGNPMMEEGERAGA,2,407,9,11,True
MDGNPNGRGRKRPAQ,1,1999,9,9,False
MDGNPNGRRGKRPAQ,1,58,12,16,False
MDGNPNRRRRKSPAQ,1,10,1116,1855,False
MDGNPNRRRSKGPAQ,1,356,19,23,False
MDGNPPSGGSKMPAQ,1,2012,1,1,True
MDGNPPSSIRKCRRR,1,2013,2,2,True
MDGNPPSWRRKGPAR,1,2014,1,1,True
MDGNPQGRRRKRPAQ,2,18,393,562,False
MDGNPQGRSRKRPAQ,1,1999,9,9,False
MDGNPQGSRRKSPAQ,1,18,393,562,False
MDGNPQRRGRKRPAQ,1,10,1116,1855,False
MDGNPQRRRGKGPAQ,1,535,29,30,False
MDGNPQRVMWSRRRV,1,2015,2,2,True
MDGNPQWGMRKIPAQ,1,534,9,10,False
MDGNPQWRRRKGPAQ,1,18,393,562,False
MDGNPQWWSRKRPAQ,1,1181,4,4,False
MDGNPREEEGERAGA,1,407,9,11,False
MDGNPRGCRWKGPAQ,1,133,14,17,False
MDGNPRGSSGTRRRV,1,2016,1,1,True
MDGNPRMQHQEKAGA,1,2004,2,2,False
MDGNPRQEGVERAGA,1,407,9,11,False
MDGNPRRGRIKGPAQ,1,1234,22,22,False
MDGNPRRLRSKRPAQ,1,187,29,32,False
MDGNPRRRRSKGPAQ,1,356,19,23,False
MDGNPRVRRRKGPAQ,1,440,22,23,False
MDGNPRVWEEGKGRR,1,2017,1,1,True
MDGNPRWGRRKGPAQ,1,440,22,23,False
MDGNPRWWHQERAGA,1,714,3,3,False
MDGNPSCCRSKGPAQ,1,187,29,32,False
MDGNPSSFSGKRRRR,1,2018,1,1,True
MDGNPTISRGESAGA,4,76,3,6,True
MDGNPTRQELERAGA,1,26,107,135,False
MDGNPTRQGEEKAGA,1,2019,5,5,True
MDGNPVGRMGKVPAQ,2,396,15,19,False
MDGNPVGVVVESAGA,1,383,22,24,False
MDGNPWGWLGKMPGA,1,1992,2,2,False
MDGNPWLLFLKLPAQ,1,3,2229,22657,False
MDGNPWLLFLMAPQQ,1,1980,3,3,False
MDGNPWMVGVKCPAR,1,2020,1,1,True
MDGNPWVCVGWPAQG,1,2021,1,1,True
MDGNRGGCW*KGRRR,1,132,6,9,False
MDGNRGGGGGKGRRR,1,283,32,35,False
MDGNRRGGWGKARRR,1,259,11,12,False
MDGNSVVRHREIAGA,2,408,3,4,True
MDGQPRLLFLGLPLQ,1,92,43,48,False
MDGQPRLLFLKKPKQ,1,0,1628,17219,False
MDGQPRLLFLTFPSQ,1,2022,6,6,True
MDGQSDEEEEEKAGA,1,277,78,85,False
MDGRPQLLFLWWPVQ,1,1081,14,14,False
MDGSPVLLFPVVADA,1,2023,1,1,True
MDGTPLLLFLQWPVQ,1,4,603,1344,False
MDGVPELLFLFYPQQ,1,421,9,12,False
MDGVPGLLFLLWRQG,1,2024,1,1,True
MDGVPWLLFLQWPLQ,1,29,67,92,False
MDGVPYLLFLSQPNQ,1,2,509,4610,False
MDGWPDLLFLSQPLQ,1,53,100,123,False
MDGWPLAAVSGGAGP,1,2025,1,1,True
MDGWPMLLFLLVPVQ,1,53,100,123,False
MDGWPRLLVSDRPVA,1,2026,1,1,True
MDGWPTLLFLWTPQQ,1,53,100,123,False
MDGWPVLLFLQRPWQ,5,53,100,123,True
MDHNPLLLFLRAPQQ,2,7,629,1764,False
MDHNPLLLFLRSPFQ,3,12,343,758,False
MDHNPWLLFLAQPWQ,2,1,1197,10527,False
MDHNPWLLFLIQPKQ,14,1,1197,10527,False
MDHNPWLLFLIQPYQ,1,1,1197,10527,False
MDHNPWLLFLRKPQQ,1,7,629,1764,False
MDHNPWLLFLRMPRQ,1,12,343,758,False
MDHNPWLLFLRQPKQ,1,1531,22,22,False
MDHNPWLLFLRSPQQ,1,7,629,1764,False
MDHNPYLLFLAQPDQ,1,1,1197,10527,False
MDHNPYLLFLIKPQQ,11,0,1628,17219,False
MDHNPYLLFLKHPKQ,1,0,1628,17219,False
MDHNPYLLFLKKPKQ,2,0,1628,17219,False
MDHNPYLLFLKQPKQ,1,0,1628,17219,False
MDHNPYLLFLMGPQQ,3,12,343,758,False
MDHNPYLLFLRDPKQ,1,1531,22,22,False
MDHNPYLLFLRIPSQ,1,12,343,758,False
MDHNPYLLFLRKPKQ,1,0,1628,17219,False
MDHNPYLLFLRQPAQ,1,12,343,758,False
MDHNPYLLFLRQPGQ,1,12,343,758,False
MDHNPYLLFLRQPNQ,2,2,509,4610,False
MDHNPYLLFLRQPSQ,207,2,509,4610,False
MDHNPYLLFLRQPWQ,1,12,343,758,False
MDHNPYLLFLRQPYQ,2,12,343,758,False
MDHNPYLLFLRSPKQ,1,12,343,758,False
MDHNPYLLFLRSPYQ,1,12,343,758,False
MDHNPYLLFLRTPFQ,1,12,343,758,False
MDHNPYLLFLTKPSQ,1,12,343,758,False
MDHNPYLLFLTQPNQ,1,2,509,4610,False
MDHNPYLLFLVQPPQ,1,2,509,4610,False
MDHNPYLLFLWKPNQ,1,0,1628,17219,False
MDHNQYLLFLRQPSQ,1,12,343,758,False
MDHNSYLLFLRQPSQ,1,12,343,758,False
MDHRPKLLFLLWPEQ,1,2027,3,3,True
MDIGPQLLFLMWPVQ,1,409,13,14,False
MDIGPQLLFLRTPEQ,2,409,13,14,True
MDIGPVLLFLMGPQQ,1,409,13,14,False
MDIIRSCCCSNCRRR,1,215,27,32,False
MDINPAGFMVQSPGA,1,2028,1,1,True
MDINPFLLFLKVPAQ,1,39,164,242,False
MDINPFLLFLRQPEQ,1,409,13,14,False
MDINPFLLFLRQPKQ,11,2,509,4610,False
MDINPFLLFLRQPRQ,1,2,509,4610,False
MDINPFLLFLRSPRQ,3,6,143,456,False
MDINPFLLFLSKPQQ,1,7,629,1764,False
MDINPFLLLLKLPAQ,1,39,164,242,False
MDINPGRRRRKGRRR,1,82,47,54,False
MDINPKRRRRKGPAQ,1,10,1116,1855,False
MDINPKRRRRKLPAQ,1,10,1116,1855,False
MDINPKSGGGKSRRR,1,428,7,8,False
MDINPLFWRGKVPAR,1,1978,2,2,False
MDINPLLIFLKFPAQ,1,19,348,758,False
MDINPLLLFLGQPRQ,1,2,509,4610,False
MDINPLLLFLKFPAQ,1,3,2229,22657,False
MDINPLLLFLRNPQQ,1,7,629,1764,False
MDINPLLLFLWQPKQ,5,2,509,4610,False
MDINPLLLWLKLPAQ,1,19,348,758,False
MDINPMLLFLRVPWQ,1,6,143,456,False
MDINPMLLFLWKPQQ,2,6,143,456,False
MDINPMLLFLWRPVQ,1,6,143,456,False
MDINPNGEEQEKAGA,1,144,108,123,False
MDINPNWRRRKGPAQ,1,18,393,562,False
MDINPPFFVRERAGA,1,1182,3,3,False
MDINPQWRRSKGPAQ,1,1554,12,12,False
MDINPSGCFSKVPAQ,1,955,5,5,False
MDINPSMRQQENPGA,1,1207,3,3,False
MDINPSQRRRERPGA,1,2029,1,1,True
MDINPSRRRGKGPAQ,1,954,6,6,False
MDINPTGRRRKRPAQ,1,10,1116,1855,False
MDINPTMWHQESAGA,1,1872,4,4,False
MDINPTRRMRKRPAQ,1,1187,10,10,False
MDINPVGCVMKFPAQ,1,2030,4,4,True
MDINPWFIFLKVPAQ,1,155,109,133,False
MDINPWLLFLAQPGQ,1,1,1197,10527,False
MDINPWLLFLAQPRQ,2,1,1197,10527,False
MDINPWLLFLAQPWQ,1,1,1197,10527,False
MDINPWLLFLGSPLQ,1,23,142,268,False
MDINPWLLFLKFPAQ,2,3,2229,22657,False
MDINPWLLFLKLPAQ,6,3,2229,22657,False
MDINPWLLFLKMPAQ,1,3,2229,22657,False
MDINPWLLFLKQPKQ,1,0,1628,17219,False
MDINPWLLFLKQPNQ,12,2,509,4610,False
MDINPWLLFLKQPSQ,1,1,1197,10527,False
MDINPWLLFLLVPFQ,1,23,142,268,False
MDINPWLLFLMMPQQ,1,7,629,1764,False
MDINPWLLFLNMPKQ,1,9,239,562,False
MDINPWLLFLQLPKQ,1,9,239,562,False
MDINPWLLFLQRPLQ,1,9,239,562,False
MDINPWLLFLRQPLQ,1,410,12,13,False
MDINPWLLFLRQPPQ,124,1,1197,10527,False
MDINPWLLFLRQPTQ,1,23,142,268,False
MDINPWLLFLSSPLQ,1,23,142,268,False
MDINPWLLFLTNPQQ,1,2,509,4610,False
MDINPWLLFLTQPNQ,1,2,509,4610,False
MDINPWLLFLVRPKQ,1,9,239,562,False
MDINPWLLFLYLPRQ,1,3,2229,22657,False
MDINPWLLFLYQPNQ,1,2,509,4610,False
MDINPWLLLLKLPAQ,1,3,2229,22657,False
MDINPWLLVLKLPAQ,1,3,2229,22657,False
MDINPWMLFLKVPAQ,2,165,80,105,False
MDINPYLLFLHNPKQ,1,0,1628,17219,False
MDINPYLLFLKKPKQ,3,0,1628,17219,False
MDINPYLLFLKKPQQ,1,0,1628,17219,False
MDINPYLLFLKLPQQ,4,0,1628,17219,False
MDINPYLLFLKQPNQ,1,2,509,4610,False
MDINPYLLFLKQPSQ,2,2,509,4610,False
MDINPYLLFLKVPAQ,1,0,1628,17219,False
MDINPYLLFLLKPKQ,2,0,1628,17219,False
MDINPYLLFLQWPVQ,1,15,198,343,False
MDINPYLLFLRKPKQ,1,0,1628,17219,False
MDINPYLLFLRMPKQ,1,12,343,758,False
MDINPYLLFLRMPSQ,1,12,343,758,False
MDINPYLLFLRNPKQ,1,12,343,758,False
MDINPYLLFLRRPIQ,3,12,343,758,False
MDINPYLLFLRVPKQ,1,12,343,758,False
MDINPYLLFLSKPQQ,1,0,1628,17219,False
MDINPYLLFLSQPKQ,2,2,509,4610,False
MDINPYLLFLTQPNQ,1,2,509,4610,False
MDINPYLVFLKVPAQ,1,19,348,758,False
MDIRPQLLFLSMPQQ,1,409,13,14,False
MDISPQLLFLWLPNQ,1,409,13,14,False
MDKAPWLLFLWQPLQ,2,410,12,13,True
MDKEAEAAVSVQAEA,1,1608,2,2,False
MDKHPNLLFLLHPEQ,1,2027,3,3,False
MDKLPWLLFLSLPTQ,1,424,27,28,False
MDKNPWLLFLRQPQQ,1,7,629,1764,False
MDKQSEGEQQEKPGA,1,2031,1,1,True
MDLCRCCCFCACRCR,1,354,17,20,False
MDLESARRQQEIPGA,1,2032,2,2,True
MDLESDDRVDEIAGA,1,1758,9,9,False
MDLESDEQHDQSAGA,1,2033,2,2,True
MDLFPEAAVSVEPVA,1,2034,1,1,True
MDLGPLLLFLPVPEQ,1,409,13,14,False
MDLIRCC*C*KCRRR,1,1802,3,3,False
MDLIRCWAG*KSRRR,1,2035,1,1,True
MDLKPSLLFLRLPQQ,1,40,66,76,False
MDLLPLLLFLQSPMQ,1,221,41,45,False
MDLNGGGVLQIPGAG,1,2036,1,1,True
MDLNPACGFLKVPAQ,2,411,9,11,True
MDLNPACSIRQSPGA,1,2037,1,1,True
MDLNPACVGVKFPAQ,1,219,41,49,False
MDLNPACVLVESAGA,1,2038,2,2,True
MDLNPAFVGLKMPAQ,1,265,6,7,False
MDLNPAGVIWEIPGA,2,412,1,2,True
MDLNPASVFAKSRRR,1,425,2,3,False
MDLNPCVLVLKFPAQ,1,91,121,166,False
MDLNPDCVLLKIAGA,1,2038,2,2,False
MDLNPFFLFFKFPAQ,1,91,121,166,False
MDLNPFFLLMKLPAQ,1,39,164,242,False
MDLNPFFLWFKVPAQ,1,414,11,12,False
MDLNPFFLWLKRPAQ,1,39,164,242,False
MDLNPFLLFLKFPAQ,1,91,121,166,False
MDLNPFLLFLKLPAQ,2,3,2229,22657,False
MDLNPFLLFLKMPAQ,1,39,164,242,False
MDLNPFLLFLKVPAQ,1,14,52,95,False
MDLNPFLLFLRQPFQ,1,551,35,36,False
MDLNPFLLLLKFPAQ,1,39,164,242,False
MDLNPFMLFLKFPAQ,1,91,121,166,False
MDLNPFMLLLKFPAQ,1,91,121,166,False
MDLNPGGWG*NGRRR,1,599,8,9,False
MDLNPGVGVVLQRPG,1,2039,1,1,True
MDLNPGWRGMKRPAQ,1,291,30,32,False
MDLNPLCWLVKVPAQ,1,405,6,7,False
MDLNPLDVVVEIAGA,1,413,20,21,False
MDLNPLFLLLKFPAQ,2,11,557,1905,False
MDLNPLLLFLKLPAQ,3,3,2229,22657,False
MDLNPLLLFLKVPAQ,2,14,52,95,False
MDLNPLLLLLKLPAQ,1,39,164,242,False
MDLNPLLLLLKRPAQ,1,39,164,242,False
MDLNPLLLWLKVPAQ,1,19,348,758,False
MDLNPLLVFLKLPAQ,1,19,348,758,False
MDLNPLRMWLKLAGA,1,2040,1,1,True
MDLNPLVLLLKVPAQ,1,124,39,45,False
MDLNPLWCFCKLPAQ,1,190,29,31,False
MDLNPLWLWMKLPAQ,1,190,29,31,False
MDLNPLWVGVEIAGA,1,413,20,21,False
MDLNPLWVLLKLPAQ,1,190,29,31,False
MDLNPMLGLFKFPAQ,1,1995,10,10,False
MDLNPMLLFLKFPAQ,234,3,2229,22657,False
MDLNPMLLFLKLPAQ,4,3,2229,22657,False
MDLNPMLLFLKVPAQ,1,14,52,95,False
MDLNPMLLFLQYPLQ,1,6,143,456,False
MDLNPMLLFLRIPRQ,1,6,143,456,False
MDLNPMLWVLKLPAQ,1,46,24,36,False
MDLNPPSRLRKLPAQ,1,2041,2,2,True
MDLNPQRRSRKRPGA,1,2042,3,3,True
MDLNPRVVWLKLPGF,1,2043,1,1,True
MDLNPTCGVGKVPAQ,1,411,9,11,False
MDLNPTRQEREKAGA,1,2019,5,5,False
MDLNPTSIICKGPGA,1,2044,2,2,True
MDLNPVDVVGEIAGA,2,413,20,21,True
MDLNPVGCWGNSRRR,1,34,15,22,False
MDLNPVGLRVEIAGR,1,2045,1,1,True
MDLNPVLLLLKLPAQ,1,39,164,242,False
MDLNPVLVLDQIAGA,1,413,20,21,False
MDLNPVRVHGQIPGA,1,413,20,21,False
MDLNPVWWFIKMPAQ,1,2046,1,1,True
MDLNPWFCRGKLPAA,1,2047,1,1,True
MDLNPWFVFLKVPAQ,1,155,109,133,False
MDLNPWGFFGKGRRR,1,2048,2,2,True
MDLNPWLFFLKFPAQ,1,3,2229,22657,False
MDLNPWLFFLKVPAQ,1,411,9,11,False
MDLNPWLFLLKFPAQ,1,39,164,242,False
MDLNPWLIFLKLPAQ,1,3,2229,22657,False
MDLNPWLIFLKVPAQ,2,411,9,11,False
MDLNPWLILLKFPAQ,1,39,164,242,False
MDLNPWLLFLAQPRQ,2,1,1197,10527,False
MDLNPWLLFLGQPVQ,1,1,1197,10527,False
MDLNPWLLFLKFPAQ,2,3,2229,22657,False
MDLNPWLLFLKGPAQ,1,3,2229,22657,False
MDLNPWLLFLKKPKQ,1,0,1628,17219,False
MDLNPWLLFLKLPAH,1,3,2229,22657,False
MDLNPWLLFLKLPAQ,8,3,2229,22657,False
MDLNPWLLFLKMPAQ,3,3,2229,22657,False
MDLNPWLLFLKVPAQ,7,3,2229,22657,False
MDLNPWLLFLMKPQQ,1,7,629,1764,False
MDLNPWLLFLMNPQQ,2,7,629,1764,False
MDLNPWLLFLQLPSQ,6,3,2229,22657,False
MDLNPWLLFLQRPFQ,1,9,239,562,False
MDLNPWLLFLQRPMQ,1,9,239,562,False
MDLNPWLLFLQVPLQ,2,9,239,562,False
MDLNPWLLFLQVPVQ,2,4,603,1344,False
MDLNPWLLFLQWPAQ,1,3,2229,22657,False
MDLNPWLLFLRGPQQ,2,7,629,1764,False
MDLNPWLLFLRLPSQ,1,12,343,758,False
MDLNPWLLFLRQPAQ,5,14,52,95,False
MDLNPWLLFLRQPYQ,1,1,1197,10527,False
MDLNPWLLFLSTPQQ,1,7,629,1764,False
MDLNPWLLFLTVPAQ,1,14,52,95,False
MDLNPWLLLLKLPAQ,1,3,2229,22657,False
MDLNPWLLLLKVPAQ,1,39,164,242,False
MDLNPWLLWLKVPAQ,1,19,348,758,False
MDLNPWLLWMKVPAQ,1,414,11,12,False
MDLNPWLVFLKLPAQ,2,3,2229,22657,False
MDLNPWLVFLKWPAQ,1,1794,11,11,False
MDLNPWLVLGENAGA,1,413,20,21,False
MDLNPWLVLLKFPAQ,1,1794,11,11,False
MDLNPWLVWLKVPAQ,1,19,348,758,False
MDLNPWMLFLKFPAQ,1,91,121,166,False
MDLNPWVVAPSRARQ,1,1367,3,3,False
MDLNPWWLGVKVPAQ,2,414,11,12,True
MDLNPYFVFLKFPAQ,1,155,109,133,False
MDLNPYLLFLINPQQ,1,12,343,758,False
MDLNPYLLFLKHPNQ,1,0,1628,17219,False
MDLNPYLLFLKTPQQ,1,0,1628,17219,False
MDLNPYLLFLQWPVQ,1,15,198,343,False
MDLNPYLLFLRKPGQ,15,12,343,758,False
MDLNPYLLFLRKPKQ,1,0,1628,17219,False
MDLNPYLLFLRVPKQ,1,12,343,758,False
MDLNPYLLFLRVPRQ,2,12,343,758,False
MDLNPYLLFLRYPYQ,1,12,343,758,False
MDLNPYLLFLSRPQQ,1,1900,36,36,False
MDLNPYLLFLSRPYQ,1,6,143,456,False
MDLNPYLLFLTKPHQ,1,0,1628,17219,False
MDLNPYLLLLKFPAQ,1,39,164,242,False
MDLNR*W*ASNCRRR,1,2049,1,1,True
MDLQPDLLFLQCPSQ,1,2022,6,6,False
MDLQPWLLFLGQPSQ,1,410,12,13,False
MDLRPLLLFLARPTQ,1,2050,8,8,True
MDLSPLLLFLRAPTQ,1,2050,8,8,False
MDLVPLLLFLLFPAQ,1,2050,8,8,False
MDLVPVAAVSGGAGA,1,244,36,38,False
MDLVPWLLFLQLPAQ,1,3,2229,22657,False
MDLWPLLLFLGFPQQ,1,20,111,133,False
MDLWPLLLFLQLPLQ,1,156,79,85,False
MDLWPRLLFLAQPWQ,1,1,1197,10527,False
MDLWPVLLFLRQPRQ,1,53,100,123,False
MDLWRGCCFCSCRGR,1,2051,2,2,True
MDMESDGEVQEKAGA,1,2052,4,4,True
MDMESGEAGGGKSRR,1,1982,5,5,False
MDMIRRGG*GKGRAQ,1,2053,1,1,True
MDMKSEQQDGESPGA,1,2054,1,1,True
MDMKSVGHVVQIAGA,2,415,1,2,True
MDMNPAFSCAKSRRR,1,1803,3,3,False
MDMNPALRLRESPGA,1,342,10,11,False
MDMNPARRRRKRPGR,1,2042,3,3,False
MDMNPDEGELQNAGA,2,416,1,2,True
MDMNPDRRQLEIAGA,1,2055,2,2,True
MDMNPDVRQEQKPGA,1,2056,1,1,True
MDMNPEEEEEEKAGA,2,144,108,123,False
MDMNPEGRRRKGPAQ,2,18,393,562,False
MDMNPFLLFLKFPAQ,11,3,2229,22657,False
MDMNPFLLFLKLPAQ,2,3,2229,22657,False
MDMNPFLLFLKVPAQ,1,39,164,242,False
MDMNPFLLFLQWPVQ,2,4,603,1344,False
MDMNPFLLFLSRPSQ,1,6,143,456,False
MDMNPFLLWLKVPAQ,1,19,348,758,False
MDMNPGEQRQEKPGA,1,2057,2,2,True
MDMNPGGQDGQSPGA,1,72,10,15,False
MDMNPGGVFRKRPGA,1,1773,4,4,False
MDMNPGWRRRKMPAQ,1,440,22,23,False
MDMNPHGRWWKSPAQ,2,417,3,4,True
MDMNPKGGRRKGPAQ,1,18,393,562,False
MDMNPKGVDQENAGA,1,1218,5,5,False
MDMNPKREEGERAGA,1,407,9,11,False
MDMNPKRGMRKRPAQ,1,10,1116,1855,False
MDMNPKRRRGKRPAQ,1,10,1116,1855,False
MDMNPKRRRRKGPAQ,2,10,1116,1855,False
MDMNPKRRRRKRPGA,1,253,37,40,False
MDMNPKRRRRKWPAQ,1,10,1116,1855,False
MDMNPKWRRRKRPAQ,1,10,1116,1855,False
MDMNPL*ASGKSRRR,1,400,2,3,False
MDMNPLGSSVEMPGA,1,418,2,3,False
MDMNPLLFFLKFPAQ,1,19,348,758,False
MDMNPLLFFLKVPAQ,1,19,348,758,False
MDMNPLLLFLKLPAQ,1,3,2229,22657,False
MDMNPLLLFLQWPVQ,1,4,603,1344,False
MDMNPLLLFLRRPSQ,1,12,343,758,False
MDMNPLLLFLVRPQQ,1,6,143,456,False
MDMNPLLLLLKMPAQ,1,39,164,242,False
MDMNPLLLLLKVPAQ,1,19,348,758,False
MDMNPLLLLLKWPAQ,1,39,164,242,False
MDMNPLLLWLKLPAQ,1,19,348,758,False
MDMNPLSSRWESPGA,2,418,2,3,True
MDMNPLVWSRKVPGA,1,2058,2,2,True
MDMNPMGGLVKFPAQ,1,405,6,7,False
MDMNPMLIFLKFPAQ,1,2059,14,14,True
MDMNPMLLFLRPPAQ,1,2059,14,14,False
MDMNPMLLFLRQPGQ,1,6,143,456,False
MDMNPPCSSRKSAGF,1,971,2,2,False
MDMNPPWRDQEKARR,1,2060,1,1,True
MDMNPQGGRRKRPAQ,1,1548,11,11,False
MDMNPQGRRRKGPAQ,1,18,393,562,False
MDMNPQRSRRKGPAQ,1,18,393,562,False
MDMNPQWLVFKVPAQ,1,414,11,12,False
MDMNPQWLVWKVPAQ,1,414,11,12,False
MDMNPQWRRRKGPAQ,2,18,393,562,False
MDMNPQWRRRKVPAQ,2,18,393,562,False
MDMNPRGGGGKGRRR,1,146,35,40,False
MDMNPRGMFWKSRRR,1,2061,1,1,True
MDMNPRRRRRKGPAQ,1,440,22,23,False
MDMNPRRRRRKRPAQ,1,10,1116,1855,False
MDMNPRVGGGLERAG,1,2062,1,1,True
MDMNPSSRRRKGPAQ,2,18,393,562,False
MDMNPTFRSCKVPAQ,1,2063,2,2,True
MDMNPTGGSWKVPAQ,1,2063,2,2,False
MDMNPTGRRRKGPAQ,1,18,393,562,False
MDMNPTGSIGQSPGA,1,72,10,15,False
MDMNPTKVGSGKCRR,1,2064,1,1,True
MDMNPTRRHQEIAGA,1,2055,2,2,False
MDMNPTSGEESPGAG,1,2065,1,1,True
MDMNPTSGHQQNPGA,2,419,1,2,True
MDMNPTSVVGKVPGA,2,420,2,3,True
MDMNPTVGCMKAGAG,1,2066,1,1,True
MDMNPVEEEGERAGA,1,407,9,11,False
MDMNPVGCRWKGPAQ,1,109,21,26,False
MDMNPWGRRRKIPAQ,1,18,393,562,False
MDMNPWLLFLKFPAQ,1,2059,14,14,False
MDMNPWLLFLKKPKQ,1,0,1628,17219,False
MDMNPWLLFLKLPAQ,3,3,2229,22657,False
MDMNPWLLFLKMPAQ,2,3,2229,22657,False
MDMNPWLLFLKMPYQ,1,3,2229,22657,False
MDMNPWLLFLKQPDQ,1,1,1197,10527,False
MDMNPWLLFLKQPKQ,4,9,239,562,False
MDMNPWLLFLKQPNQ,1,1,1197,10527,False
MDMNPWLLFLKQPTQ,1,1,1197,10527,False
MDMNPWLLFLKVPAQ,6,3,2229,22657,False
MDMNPWLLFLLQPGQ,1,1,1197,10527,False
MDMNPWLLFLQIPEQ,2,9,239,562,False
MDMNPWLLFLQLPAQ,1,3,2229,22657,False
MDMNPWLLFLQLPVQ,1,4,603,1344,False
MDMNPWLLFLQWPDQ,1,9,239,562,False
MDMNPWLLFLRGPQQ,2,7,629,1764,False
MDMNPWLLFLRGPRQ,1,6,143,456,False
MDMNPWLLFLRIPSQ,1,12,343,758,False
MDMNPWLLFLRMPNQ,1,12,343,758,False
MDMNPWLLFLRNPSQ,5,12,343,758,False
MDMNPWLLFLRQPAQ,2,1,1197,10527,False
MDMNPWLLFLRQPPQ,1,1,1197,10527,False
MDMNPWLLFLRQPRQ,1,1,1197,10527,False
MDMNPWLLFLRQPSQ,1,12,343,758,False
MDMNPWLLFLRSPQQ,1,7,629,1764,False
MDMNPWLLFLRVPEQ,1,7,629,1764,False
MDMNPWLLFLRVPSQ,1,12,343,758,False
MDMNPWLLFLRWPVQ,1,54,100,139,False
MDMNPWLLFLSMPQQ,1,7,629,1764,False
MDMNPWLLFLSQPAQ,1,1,1197,10527,False
MDMNPWLLFLSQPGQ,1,1,1197,10527,False
MDMNPWLLFLSQPRQ,1,1,1197,10527,False
MDMNPWLLFLSQPVQ,2,1,1197,10527,False
MDMNPWLLFLSRPAQ,2,9,239,562,False
MDMNPWLLFLSVPLQ,1,9,239,562,False
MDMNPWLLFLTRPKQ,1,9,239,562,False
MDMNPWLLFLVAPSQ,1,9,239,562,False
MDMNPWLLFLVKPQQ,2,7,629,1764,False
MDMNPWLLFLVQPDQ,1,1,1197,10527,False
MDMNPWLLFLYQPDQ,75,1,1197,10527,False
MDMNPWLLFLYQPGQ,1,1,1197,10527,False
MDMNPWLLFLYQPKQ,3,9,239,562,False
MDMNPWLLFLYQPTQ,1,1,1197,10527,False
MDMNPWLLFLYQPVQ,1,1,1197,10527,False
MDMNPWLMFLKLPAQ,1,3,2229,22657,False
MDMNPWLVFLKLPAQ,2,3,2229,22657,False
MDMNPWLVLLKLPAQ,1,3,2229,22657,False
MDMNPWLWFLKVPAQ,1,2059,14,14,False
MDMNPYLLFLKKPKQ,1,0,1628,17219,False
MDMNPYLLFLKLPAQ,1,3,2229,22657,False
MDMNPYLLFLKNPQQ,18,0,1628,17219,False
MDMNPYLLFLKQPKQ,15,0,1628,17219,False
MDMNPYLLFLKQPNQ,1,2,509,4610,False
MDMNPYLLFLQQPLQ,4,2,509,4610,False
MDMNPYLLFLSQPRQ,1,1522,14,14,False
MDMNPYLLFLSRPQQ,1,1900,36,36,False
MDMNPYLLFLTQPNQ,1,2,509,4610,False
MDMNRPSASGKARRR,1,975,3,3,False
MDMQPLLLFLGFPQQ,1,2022,6,6,False
MDMQPLLLFLLAPLQ,1,518,22,24,False
MDMQSDGEQEEKAGA,1,2052,4,4,False
MDMRPLLLFLMQPLQ,1,156,79,85,False
MDMRPLLLFLQWPVQ,1,4,603,1344,False
MDMRPSLLFLVQPQQ,1,357,26,27,False
MDMSPFLLFLNHPQQ,1,861,3,3,False
MDNHPMLLFLRYPQQ,2,421,9,12,True
MDNKPILLFLNRPQQ,1,421,9,12,False
MDNNPILLFLRQPTQ,1,12,343,758,False
MDNNPWLLFLKLPQQ,1,3,2229,22657,False
MDNNPWLLFLRLPSQ,1,12,343,758,False
MDNNPYLLFLQWPVQ,3,15,198,343,False
MDNNPYLLFLRPPQQ,1,12,343,758,False
MDNNPYLLFLRQPKQ,1,12,343,758,False
MDNTPNLLF*ATRSR,1,867,2,2,False
MDNTPRLLFLLKPQQ,1,421,9,12,False
MDPNRSCCF*ASRTR,2,422,1,2,True
MDPQPLLLFLQSPVQ,1,56,210,255,False
MDQESEGEDEERAGA,1,99,134,161,False
MDQFPQLLFLFRPVQ,1,2067,5,5,True
MDQGPLLLFLILPGQ,1,68,51,63,False
MDQLPGLLFLAVPQQ,1,423,16,19,False
MDQLPLLLFLTWPAQ,1,394,4,5,False
MDQLPMLLFLFSPSQ,1,199,16,17,False
MDQLPQLLFLWWPGQ,1,96,48,56,False
MDQLPSLLFLWYPQQ,1,96,48,56,False
MDQLPVLLFLEVPKQ,1,423,16,19,False
MDQLPVLLFLVGPTQ,2,423,16,19,True
MDQLPYLLFLSWPVQ,1,423,16,19,False
MDQNPWLLFLRRSQQ,1,7,629,1764,False
MDQNPYLLFLKWPIQ,1,0,1628,17219,False
MDQNPYLLFLLYPQQ,1,1900,36,36,False
MDQNPYLLFLQKPKQ,1,0,1628,17219,False
MDQNPYLLFLRNPKQ,1,12,343,758,False
MDQNPYLLFLRRPTQ,3,12,343,758,False
MDQNPYLLFLRTPQQ,1,12,343,758,False
MDQNPYLLFLRVPKQ,1,12,343,758,False
MDQNPYLLFLSMPRQ,1,12,343,758,False
MDQQPSLLFLTRPLQ,1,6,143,456,False
MDQRPFLLFLVRPLQ,1,68,51,63,False
MDQRPWLLFLAGPEQ,2,423,16,19,False
MDQRPWLLFLTTPPQ,1,459,9,10,False
MDQSPLLLFLWSPVQ,1,48,50,61,False
MDQSPSLLFLIRPYQ,1,2067,5,5,False
MDQVPALLFLQWPVQ,1,56,210,255,False
MDQWPCLLFLGLPLQ,1,92,43,48,False
MDQWPFLLFLGVPEQ,1,2068,6,6,True
MDQWPGLLFLLLPGQ,2,40,66,76,False
MDQWPKLLFLYLPTQ,1,30,7,16,False
MDQWPLLLFLGWPLQ,1,2068,6,6,False
MDQWPMLLFLCSPFQ,2,29,67,92,False
MDQWPMLLFLFLPSQ,1,979,5,5,False
MDQWPVLLFLSSPVQ,1,53,100,123,False
MDQWPWLLFLGVPVQ,1,2068,6,6,False
MDQWPWLLFLPGPVQ,1,227,22,26,False
MDQWPWLLFLQMPVQ,1,53,100,123,False
MDQYPSLLFLVIPQQ,1,423,16,19,False
MDRESDELLGEKAGA,1,2069,1,1,True
MDRESDGQHRENPGA,2,136,5,8,False
MDRESEEEEVERAGA,1,277,78,85,False
MDRESEEEEVQRAGA,1,277,78,85,False
MDRESEEVEGQRAGA,1,2070,2,2,True
MDRESGGEEGERAGA,1,1914,5,5,False
MDRESGVEEGERAGA,1,1914,5,5,False
MDRGPLLLFLWQPGQ,1,41,88,103,False
MDRGPVLLFLLAPQQ,1,60,17,24,False
MDRGPYLLFLQWPEQ,1,15,198,343,False
MDRIRAWCASNCRRR,1,1508,2,2,False
MDRKSDQEHGERAGA,1,2071,2,2,True
MDRKSDVQEEERAGA,1,1217,3,3,False
MDRKSEEREGERAGA,1,2070,2,2,False
MDRLPWLLFLLLPMQ,2,424,27,28,True
MDRNGEEKAGAGFWR,1,2072,1,1,True
MDRNPAAGWGKSRRR,1,428,7,8,False
MDRNPAEEEEERAGA,1,144,108,123,False
MDRNPAFQEVEMAGA,1,2073,1,1,True
MDRNPAGRRRKRPAQ,1,10,1116,1855,False
MDRNPAGRWRKVPAQ,1,396,15,19,False
MDRNPAGVCRKLPAQ,1,618,5,6,False
MDRNPAIRRRKGPAQ,1,440,22,23,False
MDRNPARRRRKGPAQ,1,10,1116,1855,False
MDRNPASA*AKARRR,2,425,2,3,True
MDRNPAVGRRKRPAQ,2,10,1116,1855,False
MDRNPAVIMGKRPAQ,1,2074,2,2,True
MDRNPAVRRGKGPAQ,1,2074,2,2,False
MDRNPDRRDRENPGA,1,430,2,3,False
MDRNPEGEGVEMAGA,1,280,17,19,False
MDRNPEGREEERAGA,1,436,10,12,False
MDRNPEGRRRKRPAQ,2,10,1116,1855,False
MDRNPEREEGERAGA,2,407,9,11,False
MDRNPERGMRKVPAQ,1,396,15,19,False
MDRNPERRMRKSPAQ,1,10,1116,1855,False
MDRNPERRRRKRPAQ,2,10,1116,1855,False
MDRNPERSRRKGPAQ,1,10,1116,1855,False
MDRNPEWRRRKGPAQ,1,10,1116,1855,False
MDRNPFRRRRKGPAQ,1,10,1116,1855,False
MDRNPGEVEEESAGA,1,144,108,123,False
MDRNPGGGGGKARRG,1,489,2,3,False
MDRNPGGRRMKIPAQ,1,174,7,9,False
MDRNPGGRRRKRPAQ,1,10,1116,1855,False
MDRNPGGSRRKRPAQ,1,1548,11,11,False
MDRNPGRRRRKRPAQ,2,10,1116,1855,False
MDRNPGRRRRKSPAQ,1,10,1116,1855,False
MDRNPGSRRGKGPGA,1,493,17,18,False
MDRNPGVVFLERAGA,1,2075,1,1,True
MDRNPGVVHGEMAGA,3,8,25,98,False
MDRNPHRRRRKRPAQ,1,10,1116,1855,False
MDRNPIISNLESAGA,1,76,3,6,False
MDRNPIRRSRKMPAQ,1,10,1116,1855,False
MDRNPKCRRGKGPAQ,1,10,1116,1855,False
MDRNPKEEEVERAGA,1,1270,12,12,False
MDRNPKGGRRKGPGA,1,253,37,40,False
MDRNPKGGRRKRPAQ,3,10,1116,1855,False
MDRNPKGGRSKRPAQ,1,1259,14,14,False
MDRNPKGGVCKGRRR,2,426,3,4,True
MDRNPKGRCRKGPAQ,1,10,1116,1855,False
MDRNPKGREEEKPGA,1,436,10,12,False
MDRNPKGRMRKGPAQ,1,10,1116,1855,False
MDRNPKGRRGKRPAQ,1,10,1116,1855,False
MDRNPKGRRLKRPAQ,1,10,1116,1855,False
MDRNPKGRRRKGPAQ,4,10,1116,1855,False
MDRNPKGRRRKIPAQ,1,10,1116,1855,False
MDRNPKGRRRKRPAQ,9,10,1116,1855,False
MDRNPKGRRSKRPAQ,1,10,1116,1855,False
MDRNPKGRSRKGPAQ,1,1999,9,9,False
MDRNPKGRVSKRPAQ,1,10,1116,1855,False
MDRNPKGWRRKRPAQ,1,10,1116,1855,False
MDRNPKGWRRKRRRV,1,1144,10,10,False
MDRNPKIRRRKGPAQ,1,10,1116,1855,False
MDRNPKRGRRKRPAQ,1,10,1116,1855,False
MDRNPKRGRRKWPAQ,1,10,1116,1855,False
MDRNPKRKEEEKAGA,1,26,107,135,False
MDRNPKRREEERAGA,1,26,107,135,False
MDRNPKRRGEERAGA,1,26,107,135,False
MDRNPKRRGRKGPAQ,1,10,1116,1855,False
MDRNPKRRGSKGPAQ,1,10,1116,1855,False
MDRNPKRRMMKRPAQ,1,10,1116,1855,False
MDRNPKRRMRKWPAQ,1,10,1116,1855,False
MDRNPKRRRGKGPAQ,1,10,1116,1855,False
MDRNPKRRRKRPAQG,2,427,8,9,True
MDRNPKRRRRKGPAQ,7,10,1116,1855,False
MDRNPKRRRRKRPAQ,8,10,1116,1855,False
MDRNPKRRRRKSPAQ,1,10,1116,1855,False
MDRNPKRRRRKVPAQ,3,10,1116,1855,False
MDRNPKRRRRKWPAQ,1,10,1116,1855,False
MDRNPKRRRRSKRPA,1,2076,2,2,True
MDRNPKRRRSKGPAQ,1,10,1116,1855,False
MDRNPKRRRSKRPAQ,1,10,1116,1855,False
MDRNPKRRSRKGPAQ,1,10,1116,1855,False
MDRNPKRRSRKIPAQ,1,10,1116,1855,False
MDRNPKRWGGKRPAQ,1,10,1116,1855,False
MDRNPKRWRGKGPAQ,1,10,1116,1855,False
MDRNPKRWRRKRPAQ,1,10,1116,1855,False
MDRNPKRWRSKRPAQ,1,10,1116,1855,False
MDRNPKSREEEKAGA,1,144,108,123,False
MDRNPKSRRMQRPGA,1,2077,2,2,True
MDRNPKSRRRKRPAQ,2,10,1116,1855,False
MDRNPKVRRGKSPAQ,1,10,1116,1855,False
MDRNPKWGRRKRPAQ,1,10,1116,1855,False
MDRNPLLLFLKQPWQ,1,1,1197,10527,False
MDRNPNRRRRKMPAQ,1,10,1116,1855,False
MDRNPNRWRWKGPAQ,1,143,35,40,False
MDRNPNWRRRKGPAQ,1,10,1116,1855,False
MDRNPPASG*KSRRR,1,428,7,8,False
MDRNPPGRRRKRPAQ,2,10,1116,1855,False
MDRNPPGRWRKRPAQ,1,1891,5,5,False
MDRNPPIGGWKIPAQ,1,757,4,4,False
MDRNPQGRRRKGPAQ,1,18,393,562,False
MDRNPQGRRRKMPAQ,2,18,393,562,False
MDRNPQGRRRKRPAQ,1,10,1116,1855,False
MDRNPQGRRSKRPAQ,1,10,1116,1855,False
MDRNPQGRSRKGPAQ,1,18,393,562,False
MDRNPQGRSRKRPAQ,1,1999,9,9,False
MDRNPQGWRGKMPAQ,1,1824,17,17,False
MDRNPQRMRRKWPAQ,1,10,1116,1855,False
MDRNPQRRGRKGPAQ,1,10,1116,1855,False
MDRNPQRRRRKGPAQ,2,10,1116,1855,False
MDRNPQRRRRKRPAQ,1,10,1116,1855,False
MDRNPQRRSMKVPAQ,1,1554,12,12,False
MDRNPQRRSRKRPAQ,2,10,1116,1855,False
MDRNPQRWRGKRPAQ,1,10,1116,1855,False
MDRNPQVRWRKGPAQ,3,18,393,562,False
MDRNPQWGRVKRPAQ,1,1976,3,3,False
MDRNPQWRRRKGPAQ,1,18,393,562,False
MDRNPRFRRRKRPAQ,1,10,1116,1855,False
MDRNPRGEERAGAGF,1,2078,1,1,True
MDRNPRGGGGKGRRR,1,426,3,4,False
MDRNPRGRGGKRPAQ,1,1156,13,13,False
MDRNPRGRRMKRPAQ,1,10,1116,1855,False
MDRNPRGRRRKGPAQ,3,18,393,562,False
MDRNPRGRRRKRPAQ,1,10,1116,1855,False
MDRNPRGWRRKGPAQ,1,18,393,562,False
MDRNPRGWRRKRPAQ,1,10,1116,1855,False
MDRNPRMWRRKRPAQ,1,10,1116,1855,False
MDRNPRRGMWKGPAQ,1,1234,22,22,False
MDRNPRRGRRKRPAQ,1,10,1116,1855,False
MDRNPRRREEERAGA,1,26,107,135,False
MDRNPRRRRRKGPAQ,1,10,1116,1855,False
MDRNPRRRRRKRPAQ,2,10,1116,1855,False
MDRNPRRVRRKGPAQ,1,10,1116,1855,False
MDRNPRSRIWKGPAQ,1,2079,8,8,True
MDRNPRSRRRKGPAQ,1,2079,8,8,False
MDRNPRVMCSKGAGA,1,2080,1,1,True
MDRNPRWWRRKRPAQ,1,10,1116,1855,False
MDRNPSGEEEERAGA,1,144,108,123,False
MDRNPSLCF*GGRAR,1,2081,1,1,True
MDRNPSVEGESPGAG,1,2082,1,1,True
MDRNPTAG*GKSRRR,2,428,7,8,True
MDRNPTGCWRQRPGA,1,494,8,9,False
MDRNPTGEEEESPGA,1,144,108,123,False
MDRNPTGEGEESAGA,2,144,108,123,False
MDRNPTGGSRKVPAQ,1,396,15,19,False
MDRNPTGRRGKGPAQ,1,1824,17,17,False
MDRNPTGRRMKRPAQ,1,10,1116,1855,False
MDRNPTGWWRKGPAQ,2,396,15,19,False
MDRNPTIRHEESAGA,1,76,3,6,False
MDRNPTRCRRKRPAQ,1,10,1116,1855,False
MDRNPTREEEERAGA,1,26,107,135,False
MDRNPTRRRRKGPAQ,2,10,1116,1855,False
MDRNPTRRRRKRPAQ,2,10,1116,1855,False
MDRNPTRRRRKVPAQ,2,10,1116,1855,False
MDRNPTRRRRKWPAR,1,10,1116,1855,False
MDRNPTSRRRKRPAQ,1,10,1116,1855,False
MDRNPTSRRWKRPAQ,1,2079,8,8,False
MDRNPTSSMSKVPAQ,1,396,15,19,False
MDRNPVGVSWKVAGA,1,2083,1,1,True
MDRNPVLWGCKGPGA,1,2084,1,1,True
MDRNPWGRSRKRPAQ,1,1999,9,9,False
MDRNPWMVRRKRRRV,1,2085,1,1,True
MDRNPWRRSRKRPAQ,1,10,1116,1855,False
MDRNPYLLFLRQPKQ,1,12,343,758,False
MDRNPYRGRRKGPAQ,1,10,1116,1855,False
MDRQPMLLFLFRPGQ,1,6,143,456,False
MDRQPWLLFLMSPAQ,1,284,25,28,False
MDRQSALLHLENPGA,1,2086,1,1,True
MDRQSDQEERERAGA,1,2071,2,2,False
MDRRPILLFLVSPGQ,1,68,51,63,False
MDRRPKLLFLIVPTQ,1,2027,3,3,False
MDRRPLLLFLVRPQQ,1,2050,8,8,False
MDRRPWLLFLMGPRQ,1,424,27,28,False
MDRRPWLLFLTWPQQ,1,424,27,28,False
MDRVPALLFLHTAGF,1,2087,1,1,True
MDRWPLLLFLLQPLQ,1,156,79,85,False
MDRWPLLLFLLQPRQ,2,156,79,85,False
MDRWPLLLFLQWPVQ,1,4,603,1344,False
MDRWRAAVSGVAVPG,1,2088,1,1,True
MDSESAGGQVQRAGA,1,2089,2,2,True
MDSESEGQQEEKAGA,1,2090,1,1,True
MDSESVDEDEERAGA,2,429,4,5,True
MDSGPEAAVSEQPGA,1,2091,1,1,True
MDSGPWLLFLQWPVQ,1,56,210,255,False
MDSIR*SS*SNCRAG,1,2092,1,1,True
MDSIRCCCC*KCRRR,1,628,25,26,False
MDSIRTCCC*KCRRR,1,132,6,9,False
MDSMPLLLFLWQPRQ,1,41,88,103,False
MDSMPSLLFLQQPAQ,1,242,52,57,False
MDSMPWLLFLQHPVQ,1,56,210,255,False
MDSNPARRSRKRPAQ,1,10,1116,1855,False
MDSNPAVIIGKGRRR,1,2093,1,1,True
MDSNPAVVRRKMPAQ,1,147,8,10,False
MDSNPDSSIMQRPGA,1,2077,2,2,False
MDSNPDWRRSKRPAQ,1,431,10,11,False
MDSNPEGWMSKSPGA,1,1185,3,3,False
MDSNPEMRRRKGPAQ,1,18,393,562,False
MDSNPEMRRRKRPAQ,1,10,1116,1855,False
MDSNPERRRRKRPAQ,1,10,1116,1855,False
MDSNPERRRRKWPAQ,1,10,1116,1855,False
MDSNPFLLFLKVPAQ,1,39,164,242,False
MDSNPGRLDREKPGA,2,430,2,3,True
MDSNPGRRGRKRPAQ,1,10,1116,1855,False
MDSNPGRRRRKGPAQ,1,18,393,562,False
MDSNPKGGGGKCRRR,1,77,10,13,False
MDSNPKGRGSKRPAQ,1,133,14,17,False
MDSNPKGRRGKGPAQ,1,18,393,562,False
MDSNPKGRRRKLPAQ,1,18,393,562,False
MDSNPKGRWWKVPAQ,1,417,3,4,False
MDSNPKMRCMKWPGA,1,2094,1,1,True
MDSNPKMRRRKGPAQ,1,18,393,562,False
MDSNPKMRSRKRPAQ,1,1999,9,9,False
MDSNPKRGRRKGPAQ,1,10,1116,1855,False
MDSNPKRQDEERAGA,1,26,107,135,False
MDSNPKRRRGKGPVQ,1,2095,2,2,True
MDSNPKRRRRKGPAQ,1,2095,2,2,False
MDSNPKRSRRKRPAQ,1,10,1116,1855,False
MDSNPKRSRRKVPAQ,1,10,1116,1855,False
MDSNPKVQGGEKAGA,1,280,17,19,False
MDSNPKVRIRKRPAF,1,2096,2,2,True
MDSNPKWRLRKGPAQ,1,18,393,562,False
MDSNPKWRRRKRPAQ,1,10,1116,1855,False
MDSNPLGVGWKGPAQ,3,133,14,17,True
MDSNPLLLFLKRPHQ,1,6,143,456,False
MDSNPNEEDEENAGA,1,2097,3,3,True
MDSNPNGRGRKRPAQ,1,18,393,562,False
MDSNPNRWISKRPAQ,1,431,10,11,False
MDSNPPASWANSRRR,1,2098,1,1,True
MDSNPPDVDLEKAGA,1,498,3,4,False
MDSNPPRQDEESAGA,1,2019,5,5,False
MDSNPPRWGRKGPAQ,1,133,14,17,False
MDSNPPSGSRESPGA,1,2005,3,3,False
MDSNPQGMRRKIPAQ,1,18,393,562,False
MDSNPQGRRRKGPAQ,2,18,393,562,False
MDSNPQGRRSKRPAQ,1,18,393,562,False
MDSNPQIRSRKGPAQ,2,18,393,562,False
MDSNPQRRRRKGPAQ,1,18,393,562,False
MDSNPQRRRSKRPAQ,1,431,10,11,False
MDSNPQRRSRKGPAQ,1,18,393,562,False
MDSNPQVSRRKRPAQ,1,18,393,562,False
MDSNPRGGGQRAGAG,1,1555,2,2,False
MDSNPRGGRRKFPAQ,1,18,393,562,False
MDSNPRGRRRKRPAQ,1,18,393,562,False
MDSNPRLRRRKMPAQ,1,440,22,23,False
MDSNPRMEEGQRAGA,1,407,9,11,False
MDSNPRRGRRKWPAQ,1,431,10,11,False
MDSNPRRRRRKGPAQ,2,18,393,562,False
MDSNPRRRRRKRPAQ,1,10,1116,1855,False
MDSNPRRSRRQMAGA,1,2099,1,1,True
MDSNPRWWGRKWPAQ,1,903,5,5,False
MDSNPSRRFWKVPAQ,1,955,5,5,False
MDSNPSVSDQQMPGA,1,2100,1,1,True
MDSNPTGRRRKIPAQ,1,18,393,562,False
MDSNPTGRRRKRPAQ,1,18,393,562,False
MDSNPTGWSWKTRRR,1,2101,1,1,True
MDSNPTRGRRKGPAQ,1,431,10,11,False
MDSNPTRGWSKRPAQ,2,431,10,11,True
MDSNPTRRRRKVPAQ,4,10,1116,1855,False
MDSNPTSSSRKRPGA,1,2042,3,3,False
MDSNPTVRRRKGPAQ,1,18,393,562,False
MDSNPVGWRGKGRRR,1,33,19,29,False
MDSNPWLLFLKKPQQ,2,7,629,1764,False
MDSNPWLLFLLQPQQ,4,1,1197,10527,False
MDSNPWLLFLLQPWQ,1,1,1197,10527,False
MDSNPWLLFLLRPVQ,1,6,143,456,False
MDSNPWLLFLMTPQQ,11,7,629,1764,False
MDSNPWLLFLMTPYQ,1,658,8,8,False
MDSNPWLLFLRFPQQ,1,7,629,1764,False
MDSNPWLLFLRKPRQ,1,7,629,1764,False
MDSNPWLLFLRMPQQ,1,7,629,1764,False
MDSNPWLLFLRQPKQ,2,1,1197,10527,False
MDSNPWLLFLRQPSQ,1,12,343,758,False
MDSNPWLLFLRRPAQ,1,3,2229,22657,False
MDSNPWLLFLRRPWQ,1,1,1197,10527,False
MDSNPWLLFLRSPKQ,1,7,629,1764,False
MDSNPWLLFLSMPQQ,1,7,629,1764,False
MDSNPWLLFLYQPAQ,6,1,1197,10527,False
MDSNPWLLFLYQPVQ,1,1,1197,10527,False
MDSNPWRAGGGKGRR,2,432,2,4,True
MDSNPWRWRRKRPAQ,1,10,1116,1855,False
MDSNPWVLVFKVAGA,1,2102,1,1,True
MDSNPWWWRRKRPAQ,1,2103,6,6,True
MDSNPYLLFLKKPKQ,2,0,1628,17219,False
MDSNPYLLFLKNPTQ,1,0,1628,17219,False
MDSNPYLLFLKQPKQ,1,0,1628,17219,False
MDSNPYLLFLKQPRQ,4,0,1628,17219,False
MDSNPYLLFLKQPSQ,2,12,343,758,False
MDSNPYLLFLKYPQQ,15,0,1628,17219,False
MDSNPYLLFLNRPNQ,1,2,509,4610,False
MDSNPYLLFLRKPKQ,1,0,1628,17219,False
MDSNPYLLFLRKPQQ,1,7,629,1764,False
MDSNPYLLFLRSPRQ,2,12,343,758,False
MDSNPYLLFLSQPRQ,1,1522,14,14,False
MDSNPYLLFLTQPNQ,2,2,509,4610,False
MDSNPYVWLVKWPAQ,1,542,6,7,False
MDSNP_RLLLKWPAQ,1,39,164,242,False
MDSNSEEEEEQKAGA,1,277,78,85,False
MDSQPKLLFLRKPKQ,1,1307,5,5,False
MDSQPQLLFLGVPVQ,1,80,35,40,False
MDSQPWLLFLGVPAQ,1,1306,5,5,False
MDSQPWLLFLGVPVQ,4,56,210,255,False
MDSQPWLLFLSMPQQ,1,1602,12,12,False
MDSQPYLLFLKQPKQ,1,0,1628,17219,False
MDSQSDDEEEENAGA,1,429,4,5,False
MDSQSDDEEEENPGA,1,2104,1,1,True
MDSQSEGEEEERAGA,2,81,24,32,False
MDSSPRLLFLRQPWQ,1,813,9,9,False
MDSWPLLLFLLLPQQ,1,40,66,76,False
MDTNPWLLFLAQPWQ,1,1,1197,10527,False
MDTNPWLLFLKKPQQ,1,7,629,1764,False
MDTNPWLLFLQWPAQ,2,3,2229,22657,False
MDTNPWLLFLRLPQQ,1,7,629,1764,False
MDTNPWLLFLRLPVQ,1,3,2229,22657,False
MDTNPWLLFLRQPAQ,1,1,1197,10527,False
MDTNPWLLFLRQPGQ,5,1,1197,10527,False
MDTNPWLLFLSQPRQ,1,1,1197,10527,False
MDTNPWLLFLTRPQQ,1,6,143,456,False
MDTNPWLLFLVHPQQ,2,7,629,1764,False
MDTNPWLLFLWRPQQ,1,6,143,456,False
MDTNPYLLFLKQPTQ,2,0,1628,17219,False
MDTSDQDGEERAGAG,2,433,1,2,True
MDTSPELLFLQMPKQ,2,434,4,5,True
MDTWPWLLFLVLPQQ,1,40,66,76,False
MDVAPGLLFLWWPQQ,1,1310,7,7,False
MDVAPQLLFLWQPAQ,1,410,12,13,False
MDVGPFLLFLQVPEQ,1,2068,6,6,False
MDVGPQLLFLMWPAQ,1,409,13,14,False
MDVGPQLLFLWWPEQ,1,409,13,14,False
MDVGPWLLFLQWPVQ,1,56,210,255,False
MDVGPWLLFLRAPRQ,1,409,13,14,False
MDVIRRGGCGKGRRR,1,1316,2,2,False
MDVNPAFVMWKLPAQ,1,2105,2,2,True
MDVNPAGGGSNCRRR,1,1721,3,3,False
MDVNPAGRLGKGPAQ,1,2106,6,6,True
MDVNPARRGQEMAGA,1,1667,2,2,False
MDVNPASFLGKFPAQ,1,2106,6,6,False
MDVNPCVFFMKVPAQ,1,1003,4,4,False
MDVNPDFCIGKFPAQ,1,437,8,9,False
MDVNPDGLQQQSPGA,2,435,2,3,True
MDVNPDGMSRENAGA,1,2107,1,1,True
MDVNPDVVFVKWPAQ,1,1003,4,4,False
MDVNPFFLFLKFPAQ,1,91,121,166,False
MDVNPFFLFLKVPAQ,1,11,557,1905,False
MDVNPFLIFLKCPAQ,1,2059,14,14,False
MDVNPFLLFLKFPAQ,2,39,164,242,False
MDVNPFLLFLKLPAQ,1,3,2229,22657,False
MDVNPFLLFLKVPAQ,1,39,164,242,False
MDVNPFLLLLKFPAQ,1,39,164,242,False
MDVNPFLLLLKLPAQ,2,39,164,242,False
MDVNPFLLLLKMPAQ,1,39,164,242,False
MDVNPFVGFRQMPGA,1,2108,1,1,True
MDVNPGGFGLKCRRR,4,77,10,13,True
MDVNPGQRHREIPGA,1,194,6,7,False
MDVNPHGRRRKRPAQ,2,10,1116,1855,False
MDVNPILLFLKTPQQ,1,658,8,8,False
MDVNPKGREEERPGA,2,436,10,12,True
MDVNPKGRRRKGPAQ,1,18,393,562,False
MDVNPKGWRRKRPAQ,1,2103,6,6,False
MDVNPKRRRRKGPAQ,1,10,1116,1855,False
MDVNPKRRRRKTAQG,1,427,8,9,False
MDVNPLCVVEEIPGA,1,397,5,6,False
MDVNPLFGFGKIPAQ,2,437,8,9,True
MDVNPLFILLKLPAQ,1,46,24,36,False
MDVNPLFLFLKFPAQ,1,437,8,9,False
MDVNPLGLVVKVPAQ,1,405,6,7,False
MDVNPLLIFLKFPAQ,1,2059,14,14,False
MDVNPLLWLGEIAGA,1,902,4,4,False
MDVNPLWGC*SAGAG,1,2109,1,1,True
MDVNPMMVQLEKAGA,1,2110,2,2,True
MDVNPMRGG*KGRRR,1,84,15,18,False
MDVNPMVFFFKFPAQ,1,2059,14,14,False
MDVNPMWLGVKCAGA,1,1201,5,5,False
MDVNPNVVMGQIAGA,1,2111,2,2,True
MDVNPNWVSRKGPAQ,1,2112,2,2,True
MDVNPPGIWRKFPAQ,1,2113,2,2,True
MDVNPPGSMSKVPAQ,1,1333,2,2,False
MDVNPPIRHGESPGA,1,194,6,7,False
MDVNPPISSRKVPAQ,2,162,19,23,False
MDVNPPMCSRKIPAQ,1,2112,2,2,False
MDVNPPMLLVQRAGA,2,438,2,4,True
MDVNPQCLRRKRPAQ,1,2103,6,6,False
MDVNPQGRRRKGPAR,1,18,393,562,False
MDVNPQGSSRKRPAQ,1,398,2,3,False
MDVNPQLLFLRVPSQ,1,12,343,758,False
MDVNPRGEGGERAGA,1,407,9,11,False
MDVNPRGRRRKVPAQ,1,440,22,23,False
MDVNPRGVRGKGPAQ,1,1824,17,17,False
MDVNPRGWRRKGPAQ,1,18,393,562,False
MDVNPRSWRGKRPAQ,1,774,6,6,False
MDVNPRVRRWKGPAQ,1,58,12,16,False
MDVNPSRRSRKVPAQ,1,162,19,23,False
MDVNPTCGMGKVPAQ,1,111,39,45,False
MDVNPTGELQESAGA,1,1872,4,4,False
MDVNPTGGDVESAGA,1,50,45,49,False
MDVNPTGLEQENAGA,1,50,45,49,False
MDVNPTGSSGKCRRR,1,77,10,13,False
MDVNPTGSSSKGPAQ,1,2106,6,6,False
MDVNPTRRRGKRPAQ,1,10,1116,1855,False
MDVNPTVWMGKPGAG,1,2114,1,1,True
MDVNPTWGSGKRPAQ,1,111,39,45,False
MDVNPTWRQRESAGA,1,105,23,25,False
MDVNPVCFVLKGPAQ,1,601,8,9,False
MDVNPVGGG*NCRRR,1,77,10,13,False
MDVNPVGVVVEIAGA,1,413,20,21,False
MDVNPVLQRVERPGA,1,2115,1,1,True
MDVNPVLWQGESAGA,1,383,22,24,False
MDVNPVVVCSNARRR,1,2116,1,1,True
MDVNPWFLFLKMPAQ,1,3,2229,22657,False
MDVNPWFVFLKFPAQ,1,155,109,133,False
MDVNPWFVFLKIPAQ,1,155,109,133,False
MDVNPWFVLLKLPAQ,1,2105,2,2,False
MDVNPWLIFLKWPAQ,3,3,2229,22657,False
MDVNPWLLFLAQPWQ,1,1,1197,10527,False
MDVNPWLLFLDRPQQ,1,6,143,456,False
MDVNPWLLFLHQPKQ,1,1,1197,10527,False
MDVNPWLLFLKFPAQ,6,3,2229,22657,False
MDVNPWLLFLKKPQQ,1,7,629,1764,False
MDVNPWLLFLKLPAQ,13,3,2229,22657,False
MDVNPWLLFLKMPAQ,2,3,2229,22657,False
MDVNPWLLFLKQPKQ,1,0,1628,17219,False
MDVNPWLLFLKVPAQ,4,3,2229,22657,False
MDVNPWLLFLPRPPQ,1,6,143,456,False
MDVNPWLLFLQFPEQ,6,9,239,562,False
MDVNPWLLFLQLPGQ,5,3,2229,22657,False
MDVNPWLLFLQLPVQ,44,4,603,1344,False
MDVNPWLLFLQSPVQ,4,4,603,1344,False
MDVNPWLLFLQVPVQ,2,4,603,1344,False
MDVNPWLLFLQWPVQ,7,15,198,343,False
MDVNPWLLFLRKPGQ,1,7,629,1764,False
MDVNPWLLFLRQPSQ,1,12,343,758,False
MDVNPWLLFLRRPAQ,1,3,2229,22657,False
MDVNPWLLFLRSPQQ,3,7,629,1764,False
MDVNPWLLLKFPAQG,1,2117,3,3,True
MDVNPWLLLLKWPAQ,1,39,164,242,False
MDVNPWLLWLKLPAQ,1,3,2229,22657,False
MDVNPWLLWLKVPAQ,2,19,348,758,False
MDVNPWLMFEIAGAG,1,384,3,4,False
MDVNPWLVFLKVPAQ,1,19,348,758,False
MDVNPWMLFLKVPAQ,6,3,2229,22657,False
MDVNPWMLWLKVPAQ,1,165,80,105,False
MDVNPYFFFLKFPAQ,1,155,109,133,False
MDVNPYLLFLKKPKQ,2,0,1628,17219,False
MDVNPYLLFLKRPRQ,3,6,143,456,False
MDVNPYLLFLMAPQQ,3,12,343,758,False
MDVNPYLLFLMWPQQ,7,15,198,343,False
MDVNPYLLFLRKPQQ,1,7,629,1764,False
MDVNPYLLFLVQPRQ,1,357,26,27,False
MDVNRWSCCGNCRRR,2,122,12,17,False
MDVQPLLLFLRLPWQ,1,1504,13,13,False
MDVQPMLLFLSRPTQ,1,6,143,456,False
MDVQPRLLFLLTPRQ,1,2022,6,6,False
MDVQPWLLFLRVPVQ,1,56,210,255,False
MDVQPWLLFLWDPQQ,1,410,12,13,False
MDVQSAVQQRESPGA,1,2118,1,1,True
MDVWPGLLFLQWPGQ,1,73,128,146,False
MDVWPLLLFLQLPGQ,1,4,603,1344,False
MDVWPLLLFLQSPGQ,1,31,119,142,False
MDVWPLLLFLTQPNQ,1,2,509,4610,False
MDVWPQLLFLLQPGQ,1,642,9,9,False
MDVWPWLLFLQGPQQ,1,53,100,123,False
MDVWPWLLFLQWPVQ,1,56,210,255,False
MDVWPWLLFLWWPVQ,1,29,67,92,False
MDVYPQLLFLAVPRQ,1,468,48,52,False
MDWAPLLLFLQRPGQ,1,4,603,1344,False
MDWCPWLLFCGGRGR,1,2119,1,1,True
MDWCRCCCFCCSRCR,1,113,15,19,False
MDWESVVGGVQIAGA,1,736,4,4,False
MDWGPKLLFLVQPGQ,1,213,9,10,False
MDWGPVLLFLRQPAQ,1,41,88,103,False
MDWLPLLLFLAGPVQ,1,4,603,1344,False
MDWLPLLLFLQWPLQ,1,4,603,1344,False
MDWLPMLLFLKQPKQ,1,213,9,10,False
MDWNLWLLFLKQPNQ,1,2120,12,12,True
MDWNP*LLFLRVPAQ,1,14,52,95,False
MDWNPAGEEEQSAGA,1,785,5,5,False
MDWNPAMRREERAGA,1,2121,2,2,True
MDWNPAVGFGEIPGA,2,439,2,3,True
MDWNPAVWGVKIAGA,1,1058,3,3,False
MDWNPCVMLRESAGA,3,134,2,4,True
MDWNPEVGDVEIAGA,1,64,33,38,False
MDWNPFFFLFKVPAQ,1,39,164,242,False
MDWNPFFLLLKVPAQ,1,39,164,242,False
MDWNPFGLGGEMAGA,1,1232,5,5,False
MDWNPFLILLKLPAQ,1,39,164,242,False
MDWNPFLLFLKFPAQ,1,39,164,242,False
MDWNPFLLFLKLPAQ,3,39,164,242,False
MDWNPFLLFLKMPAQ,2,39,164,242,False
MDWNPFLLFLKVPAQ,5,39,164,242,False
MDWNPFLLLLKFPAQ,1,39,164,242,False
MDWNPFLLLLKLPAQ,4,39,164,242,False
MDWNPFLLLLKMPAQ,6,39,164,242,True
MDWNPFLLLLKVPAQ,1,39,164,242,False
MDWNPFLLWLKLPAQ,1,39,164,242,False
MDWNPFLVLLKFPAQ,1,39,164,242,False
MDWNPFLVLLKLPAQ,2,39,164,242,False
MDWNPFLVLLKMPAQ,1,39,164,242,False
MDWNPGCEGGEIAGA,1,2122,5,5,True
MDWNPGGGGREIAGA,1,2122,5,5,False
MDWNPGLWGWKLPAQ,1,1897,4,4,False
MDWNPGMGWVESAGA,1,2123,2,2,True
MDWNPGRMGRKMPAQ,1,1360,3,3,False
MDWNPKGEVGERAGA,1,407,9,11,False
MDWNPKGRRSKRPAQ,2,10,1116,1855,False
MDWNPKRFSGKVPAQ,1,2124,1,1,True
MDWNPLFVFLKVPAQ,2,19,348,758,False
MDWNPLFVLLKFPAQ,1,19,348,758,False
MDWNPLFVLLKMPAQ,1,39,164,242,False
MDWNPLLFFLKVPAQ,1,19,348,758,False
MDWNPLLFLLKVVQQ,1,2125,1,1,True
MDWNPLLGVRERAGA,1,504,6,7,False
MDWNPLLIFLKLPAQ,1,2059,14,14,False
MDWNPLLLFLKAPRQ,1,4,603,1344,False
MDWNPLLLFLKFPAQ,1,39,164,242,False
MDWNPLLLFLKLPAQ,5,3,2229,22657,False
MDWNPLLLFLKVPAQ,1,19,348,758,False
MDWNPLLLFLKWPAQ,1,39,164,242,False
MDWNPLLLFLQVPVQ,2,4,603,1344,False
MDWNPLLLFLRMPQQ,3,12,343,758,False
MDWNPLLLFLRNPPQ,1,4,603,1344,False
MDWNPLLLFLRSPKQ,2,4,603,1344,False
MDWNPLLLFLRVPQQ,3,4,603,1344,False
MDWNPLLLLLKFPAQ,2,39,164,242,False
MDWNPLLLLLKLPAQ,2,39,164,242,False
MDWNPLLLLLKMPAQ,1,39,164,242,False
MDWNPLLLWLKWPAQ,1,19,348,758,False
MDWNPLLVWLKGPAQ,1,19,348,758,False
MDWNPLLVWLKVPAQ,1,19,348,758,False
MDWNPLMLFLKLPAQ,1,3,2229,22657,False
MDWNPLMVLLKVPAQ,1,19,348,758,False
MDWNPLVCVLKFPAQ,1,2030,4,4,False
MDWNPLVVFLKLPAQ,1,19,348,758,False
MDWNPMLLFLKVPAQ,4,39,164,242,False
MDWNPMLLFLQLPRQ,1,4,603,1344,False
MDWNPMLLFLQRPGQ,1,6,143,456,False
MDWNPMLLFLRTPQQ,2,421,9,12,False
MDWNPMLLLLKLPAQ,1,39,164,242,False
MDWNPQGIIWKGPAQ,1,133,14,17,False
MDWNPQVVGGKGRRR,1,231,5,6,False
MDWNPQWRCRKGPAQ,1,18,393,562,False
MDWNPRGGGEKAGAG,1,1560,2,2,False
MDWNPRGRRRKGPAQ,1,440,22,23,False
MDWNPRGRRSKVPAQ,1,440,22,23,False
MDWNPRIRRRKVPAQ,2,440,22,23,True
MDWNPRRRRRKGPAQ,1,440,22,23,False
MDWNPSCIIRKGPRR,2,441,3,4,True
MDWNPSFGIRKGPGA,1,441,3,4,False
MDWNPSVLFGKFPAQ,1,1017,8,8,False
MDWNPSVRWWKRPAQ,1,1891,5,5,False
MDWNPTLLFLRKPQQ,1,7,629,1764,False
MDWNPTWRLWKVPAQ,1,62,10,18,False
MDWNPVVVLCERAGA,1,134,2,4,False
MDWNPVVVRGKVPGA,1,420,2,3,False
MDWNPVVWGLKLPAQ,1,1894,10,10,False
MDWNPWFLLLKLPAQ,1,39,164,242,False
MDWNPWFVLLKLPAQ,1,39,164,242,False
MDWNPWGGGGKGRRR,1,2048,2,2,False
MDWNPWLFFLKFPAQ,1,2059,14,14,False
MDWNPWLFFLKVPAQ,7,3,2229,22657,False
MDWNPWLFLLKVPAQ,1,39,164,242,False
MDWNPWLILLKVPAQ,1,39,164,242,False
MDWNPWLLFLAQPWQ,2,1,1197,10527,False
MDWNPWLLFLKLPAQ,5,3,2229,22657,False
MDWNPWLLFLKMPAQ,2,39,164,242,False
MDWNPWLLFLKMPYQ,1,39,164,242,False
MDWNPWLLFLKQPAQ,2,3,2229,22657,False
MDWNPWLLFLKQPNQ,115,1,1197,10527,False
MDWNPWLLFLKQPRQ,1,2120,12,12,False
MDWNPWLLFLKQPSQ,1,2120,12,12,False
MDWNPWLLFLKVPAQ,12,3,2229,22657,False
MDWNPWLLFLLQPPQ,1,2120,12,12,False
MDWNPWLLFLNKPKQ,1,0,1628,17219,False
MDWNPWLLFLNMPKQ,1,9,239,562,False
MDWNPWLLFLQFPVQ,1,4,603,1344,False
MDWNPWLLFLQHPLQ,3,4,603,1344,False
MDWNPWLLFLQHPQQ,1,4,603,1344,False
MDWNPWLLFLQLPVQ,1,4,603,1344,False
MDWNPWLLFLQVPAQ,1,3,2229,22657,False
MDWNPWLLFLQWPVQ,1,4,603,1344,False
MDWNPWLLFLRGPQQ,2,7,629,1764,False
MDWNPWLLFLRLPVQ,1,4,603,1344,False
MDWNPWLLFLRMPKQ,1,12,343,758,False
MDWNPWLLFLRMPNQ,1,12,343,758,False
MDWNPWLLFLRMPRQ,1,12,343,758,False
MDWNPWLLFLRQPAQ,1,130,94,113,False
MDWNPWLLFLRQPEQ,1,130,94,113,False
MDWNPWLLFLRSPQQ,4,7,629,1764,False
MDWNPWLLFLRSPYQ,1,7,629,1764,False
MDWNPWLLFLRTPFQ,1,7,629,1764,False
MDWNPWLLFLRTPVQ,1,130,94,113,False
MDWNPWLLFLSQPKQ,2,1,1197,10527,False
MDWNPWLLFLSQPVQ,1,130,94,113,False
MDWNPWLLFLSRPQQ,1,1900,36,36,False
MDWNPWLLFLTQPNQ,1,2120,12,12,False
MDWNPWLLFLTRPQQ,3,6,143,456,False
MDWNPWLLFLTVPAQ,1,3,2229,22657,False
MDWNPWLLFLVEPEP,1,2126,2,2,True
MDWNPWLLFLVSPKQ,1,2126,2,2,False
MDWNPWLLLLKLPAQ,1,39,164,242,False
MDWNPWLLMLKVPAQ,1,39,164,242,False
MDWNPWLLWLKLPAQ,2,3,2229,22657,False
MDWNPWLLWLKVPAQ,7,19,348,758,False
MDWNPWLLWMKLPAQ,1,3,2229,22657,False
MDWNPWLMFLKVPAQ,2,3,2229,22657,False
MDWNPWLVFLKFPAQ,1,155,109,133,False
MDWNPWLVFLKLPAQ,4,3,2229,22657,False
MDWNPWLVFLKVPAQ,4,19,348,758,False
MDWNPWLVLLKIPAQ,1,39,164,242,False
MDWNPWLVLLKLPAQ,2,39,164,242,False
MDWNPWLVLLKWPAQ,1,39,164,242,False
MDWNPWLVWLKVPAQ,3,19,348,758,False
MDWNPWLWLLKVPAQ,1,39,164,242,False
MDWNPWMLVFKWPAR,1,2127,2,2,True
MDWNPWMLWLKLPAQ,3,3,2229,22657,False
MDWNPWVLWLKLPAQ,1,165,80,105,False
MDWNPWVVVGQIAGA,4,27,28,43,False
MDWNPYFLLLKLPAQ,1,11,557,1905,False
MDWNPYLFFLKFPAQ,1,2059,14,14,False
MDWNPYLIFLKVPAQ,1,1018,6,6,False
MDWNPYLLFLARPQQ,2,6,143,456,False
MDWNPYLLFLIHPQQ,1,1900,36,36,False
MDWNPYLLFLKKPKQ,1,0,1628,17219,False
MDWNPYLLFLKLPAQ,3,3,2229,22657,False
MDWNPYLLFLKQPKQ,2,0,1628,17219,False
MDWNPYLLFLKRPTQ,2,0,1628,17219,False
MDWNPYLLFLPRPKQ,1,1900,36,36,False
MDWNPYLLFLPRPQQ,5,6,143,456,False
MDWNPYLLFLQLPVQ,6,4,603,1344,False
MDWNPYLLFLQWPGQ,1,15,198,343,False
MDWNPYLLFLRQPIQ,12,12,343,758,False
MDWNPYLLFLRQPKQ,1,12,343,758,False
MDWNPYLLFLRQPRQ,3,12,343,758,False
MDWNPYLLFLRQPSQ,1,12,343,758,False
MDWNPYLLFLRSPQQ,1,12,343,758,False
MDWNPYLLFLSQPRQ,1,1522,14,14,False
MDWNPYLLFLSRPQQ,19,6,143,456,False
MDWNPYLLFLSRPYQ,1,1900,36,36,False
MDWNPYLLFLTQPQQ,2,2,509,4610,False
MDWNPYMVWLKVPAQ,1,19,348,758,False
MDWQPLLLFLRVPPQ,1,1504,13,13,False
MDWQPMLLFLRVPLQ,1,92,43,48,False
MDWQPTAAVSVAAGA,1,2128,2,2,True
MDWQPWLLFLRVPAQ,1,14,52,95,False
MDWRPWLLFLCCRPR,1,2129,1,1,True
MDWVPLLLFLQEPLQ,2,4,603,1344,False
MDWVPMLLFLKQPEQ,1,130,94,113,False
MDWVPWLLFLKQPSQ,1,130,94,113,False
MDWWPLLLFLGGPVQ,1,4,603,1344,False
MDYLPFLLFLQWPNQ,1,1373,4,4,False
MDYLPLLLFLMQPPQ,1,394,4,5,False
MDYLPWLLFLVMPLQ,1,410,12,13,False
MDYNP*LLFLRQPYQ,3,1,1197,10527,False
MDYNPCLLFLRKPQQ,1,7,629,1764,False
MDYNPFLLFLQVPRQ,7,6,143,456,False
MDYNPFLLFLQVPVQ,1,1374,15,15,False
MDYNPFLLFLRNPRQ,2,6,143,456,False
MDYNPFLLFLTQPKQ,1,6,143,456,False
MDYNPILLFLRQPNQ,1,1,1197,10527,False
MDYNPLLLFLKKPKQ,1,0,1628,17219,False
MDYNPLLLFLKRPWQ,15,6,143,456,False
MDYNPLLLFLKYPPQ,1,0,1628,17219,False
MDYNPLLLFLLQPGQ,1,1,1197,10527,False
MDYNPLLLFLNQPQQ,1,1,1197,10527,False
MDYNPLLLFLQLPVQ,1,4,603,1344,False
MDYNPLLLFLQVPLQ,8,4,603,1344,False
MDYNPLLLFLQVPVQ,1,4,603,1344,False
MDYNPLLLFLRIPSQ,2,12,343,758,False
MDYNPLLLFLRKPQQ,1,7,629,1764,False
MDYNPLLLFLRMPQQ,1,12,343,758,False
MDYNPLLLFLRQPPQ,1,1,1197,10527,False
MDYNPLLLFLRRPLQ,54,6,143,456,False
MDYNPLLLFLRTPGQ,1,6,143,456,False
MDYNPLLLFLRVPAQ,1,14,52,95,False
MDYNPLLLFLRWPEQ,1,54,100,139,False
MDYNPLLLFLSLPWQ,2,1,1197,10527,False
MDYNPLLLFLSQPKQ,1,0,1628,17219,False
MDYNPMLLFLAQPWQ,1,1,1197,10527,False
MDYNPMLLFLKKPSQ,1,0,1628,17219,False
MDYNPMLLFLKMPTQ,1,6,143,456,False
MDYNPMLLFLMQPKQ,1,6,143,456,False
MDYNPMLLFLQWPLQ,2,6,143,456,False
MDYNPMLLFLRKPGQ,1,6,143,456,False
MDYNPMLLFLRMPKQ,2,6,143,456,False
MDYNPMLLFLRQPKQ,3,6,143,456,False
MDYNPMLLFLRQPNQ,1,6,143,456,False
MDYNPMLLFLRQPPQ,6,6,143,456,False
MDYNPMLLFLRQPSQ,1,6,143,456,False
MDYNPMLLFLRQPTQ,11,6,143,456,False
MDYNPMLLFLRSPQQ,1,6,143,456,False
MDYNPMLLFLRWPQQ,6,6,143,456,False
MDYNPMLLFLSQPVQ,1,6,143,456,False
MDYNPMLLFLSTPQQ,1,6,143,456,False
MDYNPMLLFLTRPKQ,6,6,143,456,False
MDYNPMLLFLTRPLQ,1,6,143,456,False
MDYNPMLLFLTRPMQ,2,6,143,456,False
MDYNPMLLFLTRPQQ,1,6,143,456,False
MDYNPMLLFLTRPRQ,89,6,143,456,True
MDYNPMLLFLTRPTQ,2,6,143,456,False
MDYNPMLLFLTRPVQ,1,6,143,456,False
MDYNPTLLFLRNPQQ,2,6,143,456,False
MDYNPWLLFLAQPKQ,1,1,1197,10527,False
MDYNPWLLFLAQPPQ,1,1,1197,10527,False
MDYNPWLLFLAQPQQ,2,1,1197,10527,False
MDYNPWLLFLAQPRQ,1,1,1197,10527,False
MDYNPWLLFLAQPWQ,19,1,1197,10527,False
MDYNPWLLFLDTPQQ,1,1,1197,10527,False
MDYNPWLLFLEQPTQ,1,1,1197,10527,False
MDYNPWLLFLFSPVQ,1,1,1197,10527,False
MDYNPWLLFLFVPVQ,1,1374,15,15,False
MDYNPWLLFLGQPQQ,46,1,1197,10527,False
MDYNPWLLFLGQPVQ,1,1,1197,10527,False
MDYNPWLLFLGRPRQ,1,6,143,456,False
MDYNPWLLFLHRPQQ,1,6,143,456,False
MDYNPWLLFLIKPQQ,1,7,629,1764,False
MDYNPWLLFLKKPKQ,3,0,1628,17219,False
MDYNPWLLFLKKPQQ,1,0,1628,17219,False
MDYNPWLLFLKQPEQ,1,1,1197,10527,False
MDYNPWLLFLKQPKQ,1,0,1628,17219,False
MDYNPWLLFLKQPRQ,1,1,1197,10527,False
MDYNPWLLFLKRPQQ,2,6,143,456,False
MDYNPWLLFLLGPVQ,2,1,1197,10527,False
MDYNPWLLFLLQPKQ,51,1,1197,10527,False
MDYNPWLLFLLQPMQ,2,1,1197,10527,False
MDYNPWLLFLLQPVQ,1,1,1197,10527,False
MDYNPWLLFLLVPKQ,1,0,1628,17219,False
MDYNPWLLFLNFPGQ,1,1,1197,10527,False
MDYNPWLLFLNRPQQ,1,6,143,456,False
MDYNPWLLFLQKPKQ,1,0,1628,17219,False
MDYNPWLLFLQLPAQ,1,3,2229,22657,False
MDYNPWLLFLQLPVQ,3,4,603,1344,False
MDYNPWLLFLQQPTQ,1,1,1197,10527,False
MDYNPWLLFLQWPLQ,1,1,1197,10527,False
MDYNPWLLFLQWPPQ,1,1,1197,10527,False
MDYNPWLLFLREPLQ,4,1,1197,10527,False
MDYNPWLLFLRGPLQ,1,1,1197,10527,False
MDYNPWLLFLRGPQQ,5,7,629,1764,False
MDYNPWLLFLRIPSQ,1,12,343,758,False
MDYNPWLLFLRKPKQ,2,0,1628,17219,False
MDYNPWLLFLRKPNQ,25,7,629,1764,False
MDYNPWLLFLRKPQQ,23,7,629,1764,False
MDYNPWLLFLRKPWQ,2,1,1197,10527,False
MDYNPWLLFLRLPMQ,1,424,27,28,False
MDYNPWLLFLRMPRQ,9,6,143,456,False
MDYNPWLLFLRNPSQ,1,12,343,758,False
MDYNPWLLFLRQPAQ,1,1,1197,10527,False
MDYNPWLLFLRQPKQ,1,1,1197,10527,False
MDYNPWLLFLRQPPQ,2,1,1197,10527,False
MDYNPWLLFLRQPQQ,2,1,1197,10527,False
MDYNPWLLFLRQPRQ,2,1,1197,10527,False
MDYNPWLLFLRQPTQ,1,1,1197,10527,False
MDYNPWLLFLRRPSQ,1,6,143,456,False
MDYNPWLLFLRRPTQ,1,6,143,456,False
MDYNPWLLFLRSPKQ,2,0,1628,17219,False
MDYNPWLLFLRTPFQ,3,1,1197,10527,False
MDYNPWLLFLRTPQQ,1,7,629,1764,False
MDYNPWLLFLRVPEQ,1,1,1197,10527,False
MDYNPWLLFLRYPQQ,1,7,629,1764,False
MDYNPWLLFLSGPAQ,1,1,1197,10527,False
MDYNPWLLFLSKPQQ,16,7,629,1764,False
MDYNPWLLFLSMPKQ,1,0,1628,17219,False
MDYNPWLLFLSMPQQ,65,1,1197,10527,False
MDYNPWLLFLSQPAQ,1,1,1197,10527,False
MDYNPWLLFLSQPRQ,1,1,1197,10527,False
MDYNPWLLFLSQPVQ,2,1,1197,10527,False
MDYNPWLLFLSQPWQ,1,1,1197,10527,False
MDYNPWLLFLSRPSQ,1,6,143,456,False
MDYNPWLLFLSTPQQ,1,1,1197,10527,False
MDYNPWLLFLTHPVQ,1,6,143,456,False
MDYNPWLLFLTRPQQ,2,6,143,456,False
MDYNPWLLFLTVPAQ,3,6,143,456,False
MDYNPWLLFLVKPNQ,2,0,1628,17219,False
MDYNPWLLFLVNPAQ,1,1,1197,10527,False
MDYNPWLLFLVQPDQ,3,1,1197,10527,False
MDYNPWLLFLVQPHQ,1,1,1197,10527,False
MDYNPWLLFLVQPLQ,3,1,1197,10527,False
MDYNPWLLFLVQPNQ,1,1,1197,10527,False
MDYNPWLLFLVQPPQ,186,1,1197,10527,False
MDYNPWLLFLVQPQQ,1,1,1197,10527,False
MDYNPWLLFLVQPSQ,2,1,1197,10527,False
MDYNPWLLFLVQPWQ,2,1,1197,10527,False
MDYNPWLLFLYQPAQ,1,1,1197,10527,False
MDYNPYLLFLAQPWQ,1,1,1197,10527,False
MDYNPYLLFLGNPQQ,4,0,1628,17219,False
MDYNPYLLFLISPQQ,1,0,1628,17219,False
MDYNPYLLFLKHPKQ,1,0,1628,17219,False
MDYNPYLLFLKKPKQ,14,0,1628,17219,False
MDYNPYLLFLKKPNQ,4,0,1628,17219,False
MDYNPYLLFLKMPYQ,1,0,1628,17219,False
MDYNPYLLFLKNPQQ,1,0,1628,17219,False
MDYNPYLLFLKQPAQ,1,0,1628,17219,False
MDYNPYLLFLKQPKQ,11,0,1628,17219,False
MDYNPYLLFLKQPTQ,14,0,1628,17219,False
MDYNPYLLFLKQPVQ,1,0,1628,17219,False
MDYNPYLLFLKYPQQ,1,0,1628,17219,False
MDYNPYLLFLLQPNQ,14,2,509,4610,False
MDYNPYLLFLLQPYQ,1,0,1628,17219,False
MDYNPYLLFLNQPKQ,4,0,1628,17219,False
MDYNPYLLFLNRPKQ,2,0,1628,17219,False
MDYNPYLLFLQHPKQ,1,0,1628,17219,False
MDYNPYLLFLQRPKQ,1,0,1628,17219,False
MDYNPYLLFLQSPKQ,1,0,1628,17219,False
MDYNPYLLFLQSPRQ,2,6,143,456,False
MDYNPYLLFLQYPNQ,1,0,1628,17219,False
MDYNPYLLFLRHPPQ,1,12,343,758,False
MDYNPYLLFLRIPNQ,1,12,343,758,False
MDYNPYLLFLRIPSQ,1,12,343,758,False
MDYNPYLLFLRKPEQ,1,0,1628,17219,False
MDYNPYLLFLRKPKQ,10,0,1628,17219,False
MDYNPYLLFLRKPQQ,5,0,1628,17219,False
MDYNPYLLFLRKPRQ,1,0,1628,17219,False
MDYNPYLLFLRNPHQ,1,12,343,758,False
MDYNPYLLFLRNPKQ,4,0,1628,17219,False
MDYNPYLLFLRNPQQ,21,12,343,758,False
MDYNPYLLFLRPPQQ,2,12,343,758,False
MDYNPYLLFLRQPFQ,1,12,343,758,False
MDYNPYLLFLRQPKQ,1,0,1628,17219,False
MDYNPYLLFLRQPNQ,1,2,509,4610,False
MDYNPYLLFLRQPYQ,3,12,343,758,False
MDYNPYLLFLRRPQQ,6,6,143,456,False
MDYNPYLLFLRRPSQ,1,12,343,758,False
MDYNPYLLFLRRPVQ,1,6,143,456,False
MDYNPYLLFLRSPKQ,4,0,1628,17219,False
MDYNPYLLFLSKPQQ,2,0,1628,17219,False
MDYNPYLLFLSMPQQ,4,12,343,758,False
MDYNPYLLFLSQPKQ,10,0,1628,17219,False
MDYNPYLLFLSQPMQ,1,0,1628,17219,False
MDYNPYLLFLSQPNQ,28,2,509,4610,False
MDYNPYLLFLSQPRQ,3,6,143,456,False
MDYNPYLLFLSSPSQ,1,12,343,758,False
MDYNPYLLFLTQPKQ,1,0,1628,17219,False
MDYNPYLLFLTQPNQ,1,2,509,4610,False
MDYNPYLLFLTYPYQ,2,6,143,456,False
MDYNPYLLFLYRPMQ,2,6,143,456,False
MDYPPRLLFLAQPYQ,1,1,1197,10527,False
MDYQPWLLFLRWPGQ,1,56,210,255,False
MD_SGLVQLQSPGAG,1,2130,1,1,True
MEESEGEEEERAGAG,1,1590,2,2,False
MEFQSVVRVVEIAGA,1,167,83,87,False
MEGIRSGGG*KGRRR,1,511,4,5,False
MEQQSEGEGEQKAGA,1,2131,1,1,True
MEWQSDRRQEEIAGA,1,2132,1,1,True
MEYESAQDHQESPGA,1,2133,2,2,True
MGCESAHQQQERAGA,1,2134,2,2,True
MGCESDQRERESPGA,2,442,4,5,True
MGCESDVEEEERGRR,1,2135,1,1,True
MGCESEVQGDQSAGA,1,2136,1,1,True
MGCQSAHQDQERAGA,1,2134,2,2,False
MGCQSDGGERERPGA,1,442,4,5,False
MGCQSDVEDVESAGA,1,2137,2,2,True
MGCQSGLRRRQIPGA,1,749,3,3,False
MGFESGDVGGEMAGA,1,2138,1,1,True
MGFESGGGVGESAGA,1,1028,9,9,False
MGFESVGLLLQNAGA,1,1028,9,9,False
MGFESVLLLGEIPGA,1,800,4,4,False
MGFESVRRQVESAGA,2,443,4,5,True
MGFESVVGGVEIAGA,1,167,83,87,False
MGFESVVLLGQIAGA,1,75,37,44,False
MGFMKWSENRMSREI,1,2139,1,1,True
MGFQSGQLRQQIPGA,1,2140,1,1,True
MGFQSVGVGGEIAGA,1,1393,7,7,False
MGFQSVLRVLEIPGA,1,43,18,30,False
MGGAKWWRNRMSGSG,1,2141,2,2,True
MGGFKVVQNNMSREI,1,2142,2,2,True
MGGFKWQLNWMSREI,1,2142,2,2,False
MGGRSCCFCGSRTRV,1,2143,1,1,True
MGHLKMRVQLDEP*N,3,135,1,3,True
MGIAIRGGCA*KCRR,1,2144,1,1,True
MGIGIRSGGGGKARR,1,298,9,10,False
MGIRA*ASGNCRRRV,1,2145,1,1,True
MGIRPSAG*KCRRRV,1,2146,1,1,True
MGIRRAGGGKSRRRV,1,2147,1,1,True
MGKLKVVRNKMSGSG,1,2148,6,6,True
MGKVKVRLNRMSGSG,1,2148,6,6,False
MGKWKGQKNRMSGSG,1,448,5,6,False
MGKWKRQENRMSGSG,1,448,5,6,False
MGLESERRHHENPGA,1,2149,1,1,True
MGLESGGLHGQRAGA,1,2150,3,3,True
MGLESGVGVGESAGA,1,1758,9,9,False
MGLLKFFWNFMSREI,1,2151,1,1,True
MGLNPVVLHQQMPGA,1,2152,1,1,True
MGLQAGAAVSEDPDP,1,2153,2,2,True
MGLQSEGGEEGKGRR,2,444,2,3,True
MGLVAGAAVSGVAGA,1,21,32,45,False
MGQESAEGEGEKAGA,1,875,10,10,False
MGQESAEQEEERAGA,1,99,134,161,False
MGQESDEGEEESAGA,1,204,7,10,False
MGQESDEQHQENPGA,3,136,5,8,True
MGQESDEVDGERAGA,1,85,19,27,False
MGQESDGEEGGKCRR,1,884,5,5,False
MGQESDQRHQENPGA,1,136,5,8,False
MGQESEEEEEERAGA,1,99,134,161,False
MGQESEEGEEEKAGA,1,99,134,161,False
MGQESEGEEEERAGA,1,99,134,161,False
MGQESEQDQVERAGA,1,1422,3,3,False
MGQESEQEEEEKAGA,1,99,134,161,False
MGQGKRWGNVMSREI,1,2154,2,2,True
MGQMKGWWNGMSREI,1,2154,2,2,False
MGQQSDQREEEKAGA,1,300,19,21,False
MGQQSEDQQGQSAGA,1,2155,1,1,True
MGQQSEEEEEEKPGA,1,881,9,9,False
MGQQSGDEDEERAGA,1,300,19,21,False
MGQQSGEEVEEKAGA,1,881,9,9,False
MGQRPGPAVSADPVA,2,445,2,3,True
MGRAKVWRNGMSGSG,1,2141,2,2,False
MGRFKLVRNGMSGSG,1,2148,6,6,False
MGRVKGVVNRMSGSG,1,2156,5,5,True
MGRVKVGWNRMSGSG,1,2156,5,5,False
MGRVKVRGNWMSGSG,1,2156,5,5,False
MGRVKVSRNVMSGSG,1,2148,6,6,False
MGRWKQGDNAMSREI,1,2157,1,1,True
MGSLKRLGNRMSGSG,1,2158,1,1,True
MGTPKQFHNRMSGSG,1,2159,1,1,True
MGWESAEGDEQRPGA,1,2160,2,2,True
MGWESASASGNARRR,1,2161,1,1,True
MGWESEVEQQESAGA,1,877,3,3,False
MGWESGVGGVESAGA,1,1385,5,5,False
MGWESGVVGEKPGAG,1,2162,1,1,True
MGWESVGVQVENAGA,1,832,4,4,False
MGWLAGAAVSVVAGA,10,21,32,45,True
MGWLKSWLNWMSREI,1,2163,1,1,True
MGWQKVVRNRMSGSG,1,2148,6,6,False
MGWQSGEEEEEKAGA,1,881,9,9,False
MGWQSGRQQEEMPGA,4,78,2,5,True
MGWQSVLEEEENAGA,1,1396,5,5,False
MGWWKGQENGMSREI,1,2164,2,2,True
MGYESAGGHEESPGA,1,114,8,10,False
MGYESAGVEEEKAGA,1,875,10,10,False
MGYESAQQHVEKAGA,1,885,3,3,False
MGYESDVQRGEMGAG,1,2165,1,1,True
MGYESEQDHQEKGRR,1,2166,1,1,True
MGYESEREEVESPGA,1,390,8,9,False
MGYESEREQEERAGA,1,99,134,161,False
MGYESGRGHRERPGA,1,170,5,8,False
MGYESGRLQQERPGA,1,2167,1,1,True
MGYESVGHQEERAGA,1,307,9,10,False
MGYQSDEEEQEKAGA,1,1446,2,2,False
MGYQSGVGRVESPGA,1,2168,1,1,True
MHIQKQQYNQMSGSG,1,2169,1,1,True
MI*IRPSG*GKSRRR,2,446,5,6,True
MI*IRSWWCSRRRVL,1,2170,1,1,True
MIAIRRASGANSRRR,1,1452,2,2,False
MIGIRGGGGAKGRRR,1,308,8,9,False
MIGIRTGGGGKGRRR,1,57,64,76,False
MISIRRSGAGNARRR,1,177,2,3,False
MKINKSGTTT*AVKF,1,2171,1,1,True
MLQPKYNINAMSREI,1,2172,1,1,True
MLQSKVILNFMSREI,1,2173,1,1,True
MLQWKWRWNWMSREI,1,2174,1,1,True
MLWRNASSTP*SREI,1,2175,1,1,True
MMRWKVGRNWMSGSG,1,2176,1,1,True
MNFNPMLLFLRVPWQ,1,12,343,758,False
MPTPKCFFNSMSREI,1,2177,1,1,True
MQHLKSSFNSMSREI,1,2178,1,1,True
MQWDKVFSNLMSREI,1,2179,1,1,True
MQYYKPHFNDMSREI,1,2180,1,1,True
MRQESAVQDQENAAQ,2,447,1,2,True
MRYESDGQDEENPGA,1,2181,1,1,True
MRYRAGAAVSGLAGA,1,2182,1,1,True
MSKKKQVQNAMSGSG,1,2183,3,3,True
MSKLKKQSNRMSGSG,2,448,5,6,True
MSKMKRLQNQMSGSG,1,2183,3,3,False
MSKPKQSKNSMSGSG,1,2183,3,3,False
MSQWKLRFNPMSGSG,1,2184,1,1,True
MSRGNGGGTT*AVKT,1,2185,1,1,True
MSRVKVRVNSMSGSG,1,2156,5,5,False
MTIQKMKKNRMSGSG,1,2186,1,1,True
MTKMKKQKNAMSGSG,1,448,5,6,False
MTKPKQRLNMMSGSG,1,2187,1,1,True
MTKVKKQQNKMSGSG,1,448,5,6,False
MTQYKVNQNKMSREI,1,2188,1,1,True
MTRVKWQHNRMSGSG,1,2156,5,5,False
MTWEKAGWNRMTVKF,2,449,1,2,True
MV*IRGAAAGKGRRR,1,1461,3,3,False
MVCGRGCCFCGGRCR,1,2189,1,1,True
MVGIRRGGGGKGRRR,1,57,64,76,False
MVGIRRSGSGKCRRR,4,79,4,7,True
MVGWKGQWNVMSREI,1,2164,2,2,False
MVLRVVAPSRARQPK,4,5,3,105,False
MVQSAVRLS*NSRRR,2,450,1,2,True
MVQVKWWSNAMSREI,1,2190,1,1,True
MVRLKVVRNAMSGSG,1,2148,6,6,False
MVRVKLWQNGMSGSG,1,2191,1,1,True
MVSIRPSAS*KCRRR,1,1960,2,2,False
NDAGPRLLF**TRSR,1,2192,1,1,True
NDAHPDAAVSELPEA,1,2193,1,1,True
NDANPWLLFLRLPQQ,3,7,629,1764,False
NDANPWLLFLVQPRQ,1,1,1197,10527,False
NDAPRSCCF*PSRCR,1,2194,3,3,True
NDAQPMLLFLISPMQ,1,315,13,15,False
NDAWPVLLFLQWPMQ,2,53,100,123,False
NDCCPVLLFLMLPQQ,1,848,5,5,False
NDDKPSPAVSEVPEA,1,2195,1,1,True
NDDKPYLLFLQYPIQ,1,2196,13,13,True
NDDSPHLLFLAMPQQ,1,2197,1,1,True
NDDYPKLLFLSNPKQ,1,1496,8,8,False
NDEEPNLLFLEKPKQ,1,1499,4,4,False
NDEKPQLLFLTRPQQ,1,60,17,24,False
NDENPVLLFLNTPNQ,1,2198,2,2,True
NDEQPWLLFLSQPVQ,1,56,210,255,False
NDFNPWLLFLAQPRQ,1,1,1197,10527,False
NDFNPWLLFLMQPAQ,1,3,2229,22657,False
NDFNPWLLFLQRPAQ,1,3,2229,22657,False
NDFNPWLLFLRRPQQ,2,7,629,1764,False
NDFNPWLLFLSQPPQ,2,1,1197,10527,False
NDFNPYLLFLKQPKQ,1,0,1628,17219,False
NDFPPKLLFLSQPKQ,1,977,8,8,False
NDGDPKLLFLRKPKQ,1,328,19,21,False
NDGGAEAAVSEGAEP,1,1112,6,6,False
NDGKRSCCF*PSRSR,1,2194,3,3,False
NDGVPQLLFLSGPGQ,1,31,119,142,False
NDGWPVLLFLQFPRQ,1,53,100,123,False
NDHQPKLLFLIQPKQ,1,315,13,15,False
NDINPMLLFLNQPQL,10,22,4,13,True
NDINPMLLFLNQPQQ,1,22,4,13,False
NDINPTLLFLNIPKQ,1,22,4,13,False
NDINPWLLFLKQPEQ,1,1,1197,10527,False
NDINPWLLFLMRPAQ,1,3,2229,22657,False
NDINPWLLFLMRPQQ,1,7,629,1764,False
NDINPWLLFLRLPQQ,3,7,629,1764,False
NDINPWLLFLRQPKQ,1,1,1197,10527,False
NDINPWLLFLRQPTQ,5,23,142,268,False
NDINPWLLFLRWPVQ,1,7,629,1764,False
NDINPWLLFLYQPRQ,1,1,1197,10527,False
NDINPWLLFLYQPTQ,2,23,142,268,False
NDINPYLLFLKKPKQ,2,0,1628,17219,False
NDINPYLLFLMTPQQ,4,2,509,4610,False
NDINPYLLFLQLPKQ,1,0,1628,17219,False
NDINPYLLFLQLPVQ,4,4,603,1344,False
NDINPYLLFLQQPKQ,1,2,509,4610,False
NDINPYLLFLRIPSQ,1,12,343,758,False
NDINPYLLFLRKPSQ,1,12,343,758,False
NDINPYLLFLRQPKQ,1,2,509,4610,False
NDINPYLLFLRQPQQ,1,2,509,4610,False
NDINPYLLFLTQPNQ,2,2,509,4610,False
NDINPYLLFLVLPVQ,1,2,509,4610,False
NDINPYLLFLWKPQQ,3,0,1628,17219,False
NDIRPWLLFLMRPQQ,1,2199,8,8,True
NDKIPYLLFLSTPKQ,1,1835,6,6,False
NDKKPNLLFLSKPNQ,1,1607,3,3,False
NDKKPSRCF*ASRTR,1,2200,1,1,True
NDKQPELLFLNRPQQ,1,284,25,28,False
NDKSPQLLFLSVPWQ,1,1998,3,3,False
NDKTPRLLFLTQPNQ,1,2,509,4610,False
NDKTRRCCF*APRTR,1,2201,1,1,True
NDKTRSCCF*TSRAR,1,2194,3,3,False
NDKYPTLAVSEHAVA,1,2202,1,1,True
NDLNP*LLFLRVPAQ,15,14,52,95,True
NDLNPWLLFLKRPQQ,10,3,2229,22657,False
NDLNPWLLFLRMPSQ,1,12,343,758,False
NDLNPWLLFLRWPQQ,1,7,629,1764,False
NDLNPYLLFLQWPAQ,1,14,52,95,False
NDLNPYLLFLQWPVQ,5,15,198,343,False
NDLNPYLLFLRTPQQ,1,14,52,95,False
NDLNPYLLFLSSPKQ,1,1835,6,6,False
NDMNPWLLFLRQPAQ,1,14,52,95,False
NDMNPWLLFLRQPRQ,1,1,1197,10527,False
NDMNPWLLFLRQPSQ,1,1,1197,10527,False
NDMNPWLLFLRQPWQ,1,1,1197,10527,False
NDMNPWLLFLRTPFQ,1,7,629,1764,False
NDMNPWLLFLRTPKQ,1,9,239,562,False
NDMNPWLLFLRTPQQ,50,7,629,1764,False
NDMNPWLLFLSQPVQ,1,1,1197,10527,False
NDMNPWLLFLWRPQQ,3,9,239,562,False
NDMNPYLLFLLRPQQ,1,1900,36,36,False
NDNEPWLLFLQWPEQ,1,56,210,255,False
NDNNPKLLFLRVPDQ,1,14,52,95,False
NDNNPQLLFLTNPKQ,1,2203,8,8,True
NDNNPQLLFLWLPMQ,1,2203,8,8,False
NDNNPWLLFLRIPQQ,1,7,629,1764,False
NDNNPYLLFLKKPKQ,1,0,1628,17219,False
NDNPPTLLF*TTRRR,1,1615,2,2,False
NDNQPELLFLTKPQQ,1,284,25,28,False
NDNQPKLLFLSQPKQ,1,977,8,8,False
NDNRPVLLFLQWPMQ,1,637,44,44,False
NDNSPNLRFWTCRTR,1,2204,1,1,True
NDNSPYLLFLKKPKQ,1,0,1628,17219,False
NDNTPNLLFLSLPGR,1,2205,1,1,True
NDPPPDPAVSEGAVP,1,2206,1,1,True
NDPSPNLRF*GSRRR,1,2207,1,1,True
NDQCPRLLFLINPRQ,1,458,21,22,False
NDQKPILLFLFSPKQ,1,2208,5,5,True
NDQKPMLLFLTAPKQ,1,2208,5,5,False
NDQLPFLLFLLGPRQ,1,819,6,6,False
NDQNPQLLFLMQPKQ,1,2203,8,8,False
NDQQPKLLFLITPRQ,2,30,7,16,False
NDQQPMLLFLRRPWQ,1,2209,5,5,True
NDQQPNLLFLEQPKQ,1,1499,4,4,False
NDQQPTLLFLYWPSQ,1,454,16,18,False
NDQSPCLLFLFEPNQ,1,2208,5,5,False
NDQSPILLFLWRPSQ,1,48,50,61,False
NDQSPLLLFLFVPGQ,1,68,51,63,False
NDQVPLLLFLCGPAQ,1,2210,1,1,True
NDQWPLLLFLQSPWQ,1,53,100,123,False
NDQWPWLLFLWLPSQ,1,227,22,26,False
NDQYPNLLFLISPKQ,1,2208,5,5,False
NDRDPAAVSEQPEAG,1,2211,1,1,True
NDRDPTCCFWPRRTR,1,2212,1,1,True
NDRQPWLLFLIKPIQ,1,815,4,4,False
NDRSCCFCTTRTRVL,1,2213,1,1,True
NDRSPMLLFLMWPQQ,1,284,25,28,False
NDSDPQLLFLLKPKQ,1,642,9,9,False
NDSKAGAAVSDQPEA,1,2214,1,1,True
NDSKPILLFLLKPKQ,1,2208,5,5,False
NDSKPVLLFLINPKQ,1,2203,8,8,False
NDSNPWLLFLKQPTQ,1,1,1197,10527,False
NDSNPWLLFLRQPKQ,1,1,1197,10527,False
NDSNPYLLFLRQPRQ,1,2,509,4610,False
NDSNPYLLFLRQPTQ,1,2,509,4610,False
NDSSPPLLFLIHPGQ,1,2215,1,1,True
NDSVPSLLFLVRPLQ,1,654,3,3,False
NDTGPWLLFLTEPGA,1,2216,1,1,True
NDTKPQLLFLINPQQ,2,118,35,41,False
NDTKPYLLFLIHPQQ,1,2196,13,13,False
NDTNPFLLFLRSPTQ,1,551,35,36,False
NDTNPHLLFLSNPKQ,1,2203,8,8,False
NDTNPLLLFLGLPAQ,1,3,2229,22657,False
NDTNPQLLFLINPKA,1,2203,8,8,False
NDTNPRLLFLFRPQQ,1,998,6,6,False
NDTNPWLLFLAKPKQ,1,0,1628,17219,False
NDTNPWLLFLAQPWQ,4,1,1197,10527,False
NDTNPWLLFLGQPYQ,1,1,1197,10527,False
NDTNPWLLFLILPTQ,1,23,142,268,False
NDTNPWLLFLIWPRQ,1,23,142,268,False
NDTNPWLLFLKIPQQ,1,3,2229,22657,False
NDTNPWLLFLKKPKQ,4,0,1628,17219,False
NDTNPWLLFLKKPQQ,1,7,629,1764,False
NDTNPWLLFLKKPSQ,1,0,1628,17219,False
NDTNPWLLFLKMPYQ,1,3,2229,22657,False
NDTNPWLLFLKQPEQ,2,1,1197,10527,False
NDTNPWLLFLKQPGQ,1,1,1197,10527,False
NDTNPWLLFLKQPKQ,4,0,1628,17219,False
NDTNPWLLFLKRPQQ,1,2199,8,8,False
NDTNPWLLFLKVPYQ,1,3,2229,22657,False
NDTNPWLLFLMGPAQ,1,3,2229,22657,False
NDTNPWLLFLPRPYH,1,2217,4,4,True
NDTNPWLLFLQRPKQ,1,9,239,562,False
NDTNPWLLFLQWPKQ,1,9,239,562,False
NDTNPWLLFLRGPRQ,1,7,629,1764,False
NDTNPWLLFLRKPKQ,1,7,629,1764,False
NDTNPWLLFLRKPQQ,3,7,629,1764,False
NDTNPWLLFLRMPNQ,1,7,629,1764,False
NDTNPWLLFLRMPRQ,2,7,629,1764,False
NDTNPWLLFLRQPAQ,394,1,1197,10527,False
NDTNPWLLFLRQPEQ,3,1,1197,10527,False
NDTNPWLLFLRQPFQ,1,1,1197,10527,False
NDTNPWLLFLRQPGQ,2,1,1197,10527,False
NDTNPWLLFLRQPKQ,4,1,1197,10527,False
NDTNPWLLFLRQPNQ,2,1,1197,10527,False
NDTNPWLLFLRQPPQ,1,1,1197,10527,False
NDTNPWLLFLRQPRQ,1,1,1197,10527,False
NDTNPWLLFLRQPSQ,3,1,1197,10527,False
NDTNPWLLFLRQPVQ,3,130,94,113,False
NDTNPWLLFLRQPYQ,1,2217,4,4,False
NDTNPWLLFLRSPRQ,3,7,629,1764,False
NDTNPWLLFLRTPFQ,3,7,629,1764,False
NDTNPWLLFLRTPQQ,1,7,629,1764,False
NDTNPWLLFLRYPQQ,1,7,629,1764,False
NDTNPWLLFLSAPTQ,1,23,142,268,False
NDTNPWLLFLSKPKQ,1,0,1628,17219,False
NDTNPWLLFLSQPTQ,1,1,1197,10527,False
NDTNPWLLFLSQPVQ,2,1,1197,10527,False
NDTNPWLLFLSQPYQ,1,2217,4,4,False
NDTNPWLLFLSRPQQ,1,2199,8,8,False
NDTNPWLLFLSVPLQ,1,14,52,95,False
NDTNPWLLFLTQPNQ,1,2,509,4610,False
NDTNPWLLFLTQPRQ,1,1,1197,10527,False
NDTNPWLLFLTRPQQ,1,2199,8,8,False
NDTNPWLLFLTVPAQ,1,14,52,95,False
NDTNPWLLFLVQPDQ,1,1,1197,10527,False
NDTNPWLLFLVQPPQ,1,1,1197,10527,False
NDTNPWLLFLVQPSQ,2,1,1197,10527,False
NDTNPWLLFLVQPVQ,1,1,1197,10527,False
NDTNPWLLFLWCRGR,1,324,3,4,False
NDTNPWLLFLWQPKQ,1,1,1197,10527,False
NDTNPWLLFLWQPVQ,1,1,1197,10527,False
NDTNPYLLFLKKPKQ,1,0,1628,17219,False
NDTNPYLLFLKKPNQ,1,0,1628,17219,False
NDTNPYLLFLPRPKQ,1,2217,4,4,False
NDTNPYLLFLRNPEQ,1,12,343,758,False
NDTNPYLLFLRQPKQ,1,0,1628,17219,False
NDTNPYLLFLRQPTQ,1,2,509,4610,False
NDTNPYLLFLSQPEQ,1,2,509,4610,False
NDTNPYLLFLTQPNQ,3,2,509,4610,False
NDTQPSLLVSALPDA,1,2218,1,1,True
NDWGPLLLFLGTPQQ,1,658,8,8,False
NDWGPLLLFLMQPSQ,1,41,88,103,False
NDWNPWLLFLRNPSQ,1,7,629,1764,False
NDWTPRLLFLRQPKQ,1,130,94,113,False
NDYNPWLLFLKMPRQ,1,0,1628,17219,False
NDYNPWLLFLKQPEQ,11,1,1197,10527,False
NDYNPWLLFLRLPSQ,1,1,1197,10527,False
NDYNPWLLFLRTPFQ,2,1,1197,10527,False
NDYNPWLLFLSQPFQ,3,1,1197,10527,False
NDYNPWLLFLTQPKQ,1,1,1197,10527,False
NDYNPWLLFLVQPLQ,1,1,1197,10527,False
NDYNPYLLFLKQPKQ,3,0,1628,17219,False
NDYNPYLLFLQWPVQ,1,15,198,343,False
NDYNPYLLFLRKPQQ,3,0,1628,17219,False
NDYNPYLLFLRNPKQ,1,0,1628,17219,False
NDYNPYLLFLRNPQQ,2,0,1628,17219,False
NDYNPYLLFLRQPKQ,1,0,1628,17219,False
NDYNPYLLFLRTPRQ,1,0,1628,17219,False
NDYNPYLLFLRYPQQ,2,0,1628,17219,False
NDYNPYLLFLTMPQQ,1,0,1628,17219,False
NDYNPYLLFLTQPNQ,1,2,509,4610,False
NDYNPYLLFLVQPKQ,1,0,1628,17219,False
NDYQAEPAVSEQPEP,1,2219,1,1,True
NEASRTCCF*GARSR,1,2220,1,1,True
NEATRPCCF*STRPR,1,2221,1,1,True
NG*VAEAAVSGPPDP,1,2222,1,1,True
NGQESEEEEEEKAGA,1,99,134,161,False
NGWQSERHQLERPGA,1,2223,1,1,True
NGYHPEAAVSEQPDA,1,669,5,5,False
NG_LPGAAVSELPEP,1,2224,1,1,True
NVTARTCCF*GSRTR,1,525,4,5,False
PDKQPALLFLIGRGR,1,17,13,27,False
PDLGPLLLFLVVPAR,1,2225,1,1,True
PDPSPILLFLATPNQ,1,2226,1,1,True
PDRCPGAAVSGRAGA,1,244,36,38,False
PDRGPCLLFWSCRTR,1,2227,1,1,True
PDSDPPLLFLRQPLQ,1,2228,2,2,True
PDSGPMLLFLMLPGQ,1,524,8,9,False
PDSMPNLLVSEEAEA,1,2229,1,1,True
PDVLPVLLFRGGRCR,1,87,3,6,False
PGSAPGPAVSAVPEP,1,2230,1,1,True
QDAAPSLLFLADPTQ,1,451,5,6,False
QDAAPWLLFLQVPSQ,1,459,9,10,False
QDADPWLLQYPTQGS,1,2231,1,1,True
QDAFPWLLFLRVPRQ,1,7,629,1764,False
QDAGPALLFLPTPHQ,1,635,2,2,False
QDAGPFLLFLRWPAQ,4,54,100,139,False
QDAGPFLLFLSKPQQ,1,7,629,1764,False
QDAGPVLLFLGWPVQ,1,80,35,40,False
QDAHPKLLFLMRPYQ,1,2232,1,1,True
QDAIPRLLFLTMPKQ,1,458,21,22,False
QDALPFLLFLWLPLQ,1,453,36,38,False
QDALPLLLFLQVPRQ,1,221,41,45,False
QDALPMLLFLWYPSQ,1,138,47,50,False
QDALPRLLFLILPAQ,1,458,21,22,False
QDALPVAAVSALAAP,1,842,2,2,False
QDALPVLLFLCRPVQ,1,461,20,22,False
QDANPLLLFLLLPQQ,1,4,603,1344,False
QDANPLLLFLQLPVQ,1,4,603,1344,False
QDANPLLLFLRRPLQ,2,54,100,139,False
QDANPLLLFLVQPSQ,1,54,100,139,False
QDANPMLLFLHIPSQ,1,2233,10,10,True
QDANPMLLFLRQPPQ,2,7,629,1764,False
QDANPNLLFLKNPKQ,1,0,1628,17219,False
QDANPWLLFLALPAQ,1,3,2229,22657,False
QDANPWLLFLAQPWQ,1,1,1197,10527,False
QDANPWLLFLHNPRQ,2,7,629,1764,False
QDANPWLLFLIRPQQ,1,7,629,1764,False
QDANPWLLFLKIPNQ,1,2233,10,10,False
QDANPWLLFLKIPQQ,1,7,629,1764,False
QDANPWLLFLKKPKQ,2,0,1628,17219,False
QDANPWLLFLKQPKQ,1,0,1628,17219,False
QDANPWLLFLKQPNQ,1,2120,12,12,False
QDANPWLLFLKQPRQ,1,0,1628,17219,False
QDANPWLLFLKRPKQ,2,0,1628,17219,False
QDANPWLLFLKSPAQ,5,3,2229,22657,False
QDANPWLLFLKVPAQ,1,3,2229,22657,False
QDANPWLLFLKVPKQ,4,0,1628,17219,False
QDANPWLLFLKVPQQ,1,7,629,1764,False
QDANPWLLFLKVPYQ,102,0,1628,17219,False
QDANPWLLFLLSPVQ,3,23,142,268,False
QDANPWLLFLMVPGQ,1,7,629,1764,False
QDANPWLLFLQLPVQ,2,4,603,1344,False
QDANPWLLFLQSPAQ,1,23,142,268,False
QDANPWLLFLQVPVQ,1,4,603,1344,False
QDANPWLLFLQWPGQ,1,7,629,1764,False
QDANPWLLFLQWPVQ,2,56,210,255,False
QDANPWLLFLQYPIQ,3,7,629,1764,False
QDANPWLLFLRGPKQ,4,7,629,1764,False
QDANPWLLFLRKPYQ,4,7,629,1764,False
QDANPWLLFLRLPAQ,4,3,2229,22657,False
QDANPWLLFLRLPSQ,1,7,629,1764,False
QDANPWLLFLRMPRQ,2,7,629,1764,False
QDANPWLLFLRMPSQ,1,7,629,1764,False
QDANPWLLFLRNPSQ,1,7,629,1764,False
QDANPWLLFLRQPKQ,1,7,629,1764,False
QDANPWLLFLRQPRQ,1,7,629,1764,False
QDANPWLLFLRQPTQ,1,7,629,1764,False
QDANPWLLFLRRPVQ,1,7,629,1764,False
QDANPWLLFLRSPPQ,1,7,629,1764,False
QDANPWLLFLRSPWQ,3,7,629,1764,False
QDANPWLLFLRTPFQ,2,7,629,1764,False
QDANPWLLFLRTPQQ,1,7,629,1764,False
QDANPWLLFLRVPLQ,1,7,629,1764,False
QDANPWLLFLRVPVQ,43,7,629,1764,False
QDANPWLLFLRYPIQ,28,7,629,1764,False
QDANPWLLFLRYPKQ,1,7,629,1764,False
QDANPWLLFLRYPNQ,1,7,629,1764,False
QDANPWLLFLRYSIQ,1,7,629,1764,False
QDANPWLLFLSQPNQ,1,1,1197,10527,False
QDANPWLLFLSQPVQ,4,1,1197,10527,False
QDANPWLLFLSRPKQ,2,9,239,562,False
QDANPWLLFLSRPSQ,1,2233,10,10,False
QDANPWLLFLTFPAQ,1,3,2229,22657,False
QDANPWLLFLTNPWQ,1,1,1197,10527,False
QDANPWLLFLTQPNQ,2,2,509,4610,False
QDANPWLLFLTVPAQ,1,3,2229,22657,False
QDANPWLLFLVGPRQ,1,137,39,48,False
QDANPWLLFLWKPKQ,6,0,1628,17219,False
QDANPWLLFLWVPVQ,1,7,629,1764,False
QDANPWLLFLYMPVQ,1,7,629,1764,False
QDANPWLLFLYQPDQ,1,1,1197,10527,False
QDANPWLLFLYSPQQ,1,7,629,1764,False
QDANPYLLFLKIPYQ,9,0,1628,17219,False
QDANPYLLFLKKPKQ,2,0,1628,17219,False
QDANPYLLFLKNPRQ,1,0,1628,17219,False
QDANPYLLFLMWPRQ,2,0,1628,17219,False
QDANPYLLFLRIPMQ,1,2233,10,10,False
QDANPYLLFLRKPQQ,1,7,629,1764,False
QDANPYLLFLRQPNQ,2,2,509,4610,False
QDANPYLLFLRSPKQ,1,0,1628,17219,False
QDANPYLLFLSKPQQ,1,0,1628,17219,False
QDANPYLLFLWGPDQ,2,0,1628,17219,False
QDANPYLLFLWNPRQ,1,0,1628,17219,False
QDANPYLLFLWRPQQ,1,1900,36,36,False
QDANQWLLFLKVPYQ,1,2234,7,7,True
QDAQPVLLFLGGPCQ,1,1495,4,4,False
QDAQPVLLFLVLPQQ,1,1212,17,17,False
QDAQPWLLFLVLPLQ,1,92,43,48,False
QDASPQLLFLVEPGQ,1,2235,4,4,True
QDASPWLLFLLAPRQ,1,468,48,52,False
QDASPWLLFLYVPAQ,1,452,22,24,False
QDASRSCCF*RGRSR,1,2236,3,3,True
QDAVPNLLFLINPSQ,1,2233,10,10,False
QDAWPGLLFLFVPGQ,1,80,35,40,False
QDAWPLLLFLQSPRQ,1,221,41,45,False
QDAWPWLLFLQSPVQ,1,23,142,268,False
QDCLPLLAVSGDAGA,1,2237,1,1,True
QDCLPVLLFLQLPGQ,1,461,20,22,False
QDCNPYLLFLKKPKQ,1,0,1628,17219,False
QDCNPYLLFLTYPYQ,1,0,1628,17219,False
QDCPPMLLFLRLPDQ,1,2238,5,5,True
QDCRPSLLFLVIPTQ,2,451,5,6,True
QDCSPWLLFLRLPQQ,1,2238,5,5,False
QDCVPLLLFLFQPQQ,1,2239,9,9,True
QDCVPQLLFLFIPQQ,1,2239,9,9,False
QDCWPVAAVSVVAAA,1,2240,2,2,True
QDCYPVLLF*SPRCR,1,2241,1,1,True
QDDKPMLLFLIMPKQ,1,458,21,22,False
QDDKPQLLFLSIPNQ,1,1998,3,3,False
QDDNPQLLFLRGPKP,1,2242,1,1,True
QDDQPILLFLIKPEQ,1,460,10,12,False
QDDSPFLLFLRFPPQ,1,86,30,39,False
QDDSPMLLFLLLPRQ,1,452,22,24,False
QDDSPWLLFLFAPNQ,1,2243,3,3,True
QDDWPLLLFLQWPVQ,1,4,603,1344,False
QDDWPVLLFLVQPPQ,1,156,79,85,False
QDDYPELLFLVWPWQ,1,241,14,16,False
QDEIPMLLFLWRPWQ,1,138,47,50,False
QDEKPWLLFLISPAQ,1,23,142,268,False
QDELPQLLFLLQPAQ,1,242,52,57,False
QDEMPDLLFLSKPKQ,1,0,1628,17219,False
QDENPQLLFLTQPKQ,1,2203,8,8,False
QDENPWLLFLRVPVQ,2,7,629,1764,False
QDEPPMLLFLNKPQQ,1,2238,5,5,False
QDEQPCLLFLTLPQQ,1,60,17,24,False
QDEQPLLLFLWQPIQ,1,41,88,103,False
QDERPWLLFLSSPQQ,1,20,111,133,False
QDESPFLLFLQWPLQ,1,452,22,24,False
QDESPLLLFLMLPAQ,2,452,22,24,True
QDETPQLLFLTQPNQ,1,2,509,4610,False
QDEWPAPAVSVVPGA,1,465,3,5,False
QDEWPQLLFLFSPAQ,2,452,22,24,False
QDEWPVLLFLKQPNQ,1,2198,2,2,False
QDEWPWLLFLRLPVQ,1,40,66,76,False
QDFEPVLLFLQLPFQ,1,453,36,38,False
QDFFPALLFLRFPNQ,1,2244,3,3,True
QDFGPDLLFLIGPAQ,1,137,39,48,False
QDFGPLLLFLHYPGQ,1,453,36,38,False
QDFGPLLLFLLWPGQ,1,54,100,139,False
QDFGPLLLFLRMPTQ,1,12,343,758,False
QDFGPRLLFLWLPLQ,2,453,36,38,True
QDFIPWLLFLQGPIQ,1,137,39,48,False
QDFKPRLLFLINPQQ,1,137,39,48,False
QDFKPWLLFLVGPMQ,3,137,39,48,True
QDFLPFLLFLMPPGQ,1,2245,3,3,True
QDFLPWLLFLQGPLQ,1,137,39,48,False
QDFMPWLLFLGGPGQ,1,137,39,48,False
QDFMPWLLFLRAPWQ,1,137,39,48,False
QDFNP*LLFLKKPKQ,1,0,1628,17219,False
QDFNPCLLFLRSPYQ,1,12,343,758,False
QDFNPFFLLLKLPAQ,1,11,557,1905,False
QDFNPFLLFLRGPGQ,4,12,343,758,False
QDFNPFLLFLRGPRQ,1,12,343,758,False
QDFNPFLLFLRHPLQ,3,12,343,758,False
QDFNPFLLFLRQPVQ,1,12,343,758,False
QDFNPFMLLLKLPAQ,1,3,2229,22657,False
QDFNPLLLFLRRPVQ,1,54,100,139,False
QDFNPMLLFLVSPPQ,1,23,142,268,False
QDFNPQLLFLLWPQQ,1,20,111,133,False
QDFNPRLLFLWWPIQ,1,54,100,139,False
QDFNPVLLFLRLPVQ,1,3,2229,22657,False
QDFNPWLLFLADPFQ,3,1,1197,10527,False
QDFNPWLLFLAKPQQ,1,7,629,1764,False
QDFNPWLLFLAQPQQ,1,1,1197,10527,False
QDFNPWLLFLAQPRQ,3,1,1197,10527,False
QDFNPWLLFLAQPWQ,2,1,1197,10527,False
QDFNPWLLFLGAPWQ,4,1,1197,10527,False
QDFNPWLLFLGGPGQ,1,137,39,48,False
QDFNPWLLFLGQPKQ,3,0,1628,17219,False
QDFNPWLLFLHKPAQ,1,3,2229,22657,False
QDFNPWLLFLHKPEQ,46,0,1628,17219,False
QDFNPWLLFLHKPVQ,2,0,1628,17219,False
QDFNPWLLFLHNPRQ,2,3,2229,22657,False
QDFNPWLLFLIKPKQ,5,0,1628,17219,False
QDFNPWLLFLKEPYQ,1,3,2229,22657,False
QDFNPWLLFLKIPGQ,6,3,2229,22657,False
QDFNPWLLFLKKPKQ,2,0,1628,17219,False
QDFNPWLLFLKMPYQ,2,3,2229,22657,False
QDFNPWLLFLKQPAQ,1,3,2229,22657,False
QDFNPWLLFLKQPKQ,1,0,1628,17219,False
QDFNPWLLFLKQPYQ,1,3,2229,22657,False
QDFNPWLLFLKRPQQ,1,3,2229,22657,False
QDFNPWLLFLKVPAQ,1,3,2229,22657,False
QDFNPWLLFLKVPLQ,2,3,2229,22657,False
QDFNPWLLFLKVPQQ,1,3,2229,22657,False
QDFNPWLLFLMDPEQ,2,3,2229,22657,False
QDFNPWLLFLMEPQQ,1,3,2229,22657,False
QDFNPWLLFLMRPKQ,1,9,239,562,False
QDFNPWLLFLNYPNQ,1,3,2229,22657,False
QDFNPWLLFLQFPPQ,30,3,2229,22657,False
QDFNPWLLFLQFPVQ,1,86,30,39,False
QDFNPWLLFLQLPGQ,1,3,2229,22657,False
QDFNPWLLFLQQPRQ,1,1,1197,10527,False
QDFNPWLLFLQQPWQ,1,1,1197,10527,False
QDFNPWLLFLQRPLQ,1,9,239,562,False
QDFNPWLLFLQSPAQ,1,3,2229,22657,False
QDFNPWLLFLQVPAQ,1,3,2229,22657,False
QDFNPWLLFLQVPRQ,1,3,2229,22657,False
QDFNPWLLFLQVPVQ,1,3,2229,22657,False
QDFNPWLLFLQWPVQ,1,56,210,255,False
QDFNPWLLFLRFPTQ,1,23,142,268,False
QDFNPWLLFLRFPVQ,13,3,2229,22657,False
QDFNPWLLFLRFPVR,1,2244,3,3,False
QDFNPWLLFLRGPVQ,5,3,2229,22657,False
QDFNPWLLFLRKPAQ,1,3,2229,22657,False
QDFNPWLLFLRLPLQ,9,3,2229,22657,False
QDFNPWLLFLRLPQQ,1,3,2229,22657,False
QDFNPWLLFLRLPRQ,1,3,2229,22657,False
QDFNPWLLFLRMPGQ,2,12,343,758,False
QDFNPWLLFLRMPKQ,3,12,343,758,False
QDFNPWLLFLRMPNQ,1,12,343,758,False
QDFNPWLLFLRQPRQ,1,1,1197,10527,False
QDFNPWLLFLRRPHQ,1,3,2229,22657,False
QDFNPWLLFLRSPKQ,1,23,142,268,False
QDFNPWLLFLRSPMQ,1,23,142,268,False
QDFNPWLLFLRTPFQ,1,3,2229,22657,False
QDFNPWLLFLRTPMQ,3,137,39,48,False
QDFNPWLLFLRTPQQ,4,7,629,1764,False
QDFNPWLLFLRVPVQ,70,3,2229,22657,False
QDFNPWLLFLSAPAQ,2,3,2229,22657,False
QDFNPWLLFLSMPQQ,4,3,2229,22657,False
QDFNPWLLFLSQPSQ,1,1,1197,10527,False
QDFNPWLLFLSQPVQ,1,1,1197,10527,False
QDFNPWLLFLSRPNQ,1,3,2229,22657,False
QDFNPWLLFLSSPLQ,24,3,2229,22657,False
QDFNPWLLFLSWPGQ,2,3,2229,22657,False
QDFNPWLLFLTNPKQ,2,0,1628,17219,False
QDFNPWLLFLTNPTQ,3,23,142,268,False
QDFNPWLLFLTQPNQ,3,2,509,4610,False
QDFNPWLLFLTRPPQ,54,3,2229,22657,False
QDFNPWLLFLTRPQQ,3,3,2229,22657,False
QDFNPWLLFLTRPRQ,1,6,143,456,False
QDFNPWLLFLVGPPQ,2,137,39,48,False
QDFNPWLLFLVNPSQ,2,137,39,48,False
QDFNPWLLFLVPPRQ,1,137,39,48,False
QDFNPWLLFLYRPQQ,1,3,2229,22657,False
QDFNPWLVFLKVPAQ,2,3,2229,22657,False
QDFNPWLVFLSMPQQ,1,1602,12,12,False
QDFNPYLLFLAGPQQ,1,0,1628,17219,False
QDFNPYLLFLIKPAQ,11,0,1628,17219,False
QDFNPYLLFLIKPKQ,1,0,1628,17219,False
QDFNPYLLFLIKPQQ,1,0,1628,17219,False
QDFNPYLLFLIRPAQ,4,0,1628,17219,False
QDFNPYLLFLKIPKQ,1,0,1628,17219,False
QDFNPYLLFLKIPNQ,2,0,1628,17219,False
QDFNPYLLFLKIPQQ,1,0,1628,17219,False
QDFNPYLLFLKIPSQ,138,0,1628,17219,False
QDFNPYLLFLKKPKQ,15,0,1628,17219,False
QDFNPYLLFLKQPKQ,4,0,1628,17219,False
QDFNPYLLFLKQPTQ,1,0,1628,17219,False
QDFNPYLLFLKRPQQ,2,0,1628,17219,False
QDFNPYLLFLKSPQQ,1,0,1628,17219,False
QDFNPYLLFLKSPWQ,1,0,1628,17219,False
QDFNPYLLFLMQPSQ,1,12,343,758,False
QDFNPYLLFLNRPQQ,1,1900,36,36,False
QDFNPYLLFLQLPMQ,1,0,1628,17219,False
QDFNPYLLFLQYPIQ,1,2196,13,13,False
QDFNPYLLFLRDPKQ,1,0,1628,17219,False
QDFNPYLLFLRIPIQ,1,12,343,758,False
QDFNPYLLFLRIPNQ,1,12,343,758,False
QDFNPYLLFLRIPQQ,7,12,343,758,False
QDFNPYLLFLRIPSQ,3,12,343,758,False
QDFNPYLLFLRKPDQ,1,0,1628,17219,False
QDFNPYLLFLRKPKQ,3,0,1628,17219,False
QDFNPYLLFLRKPNQ,3,0,1628,17219,False
QDFNPYLLFLRKPSQ,5,12,343,758,False
QDFNPYLLFLRLPKQ,3,0,1628,17219,False
QDFNPYLLFLRMPMQ,1,12,343,758,False
QDFNPYLLFLRMPQQ,2,12,343,758,False
QDFNPYLLFLRMPSQ,1,12,343,758,False
QDFNPYLLFLRNPHQ,1,12,343,758,False
QDFNPYLLFLRNPKQ,3,0,1628,17219,False
QDFNPYLLFLRQPSQ,2,12,343,758,False
QDFNPYLLFLRQPVQ,1,12,343,758,False
QDFNPYLLFLRRPKQ,1,0,1628,17219,False
QDFNPYLLFLRRPVQ,3,12,343,758,False
QDFNPYLLFLRSPKQ,2,0,1628,17219,False
QDFNPYLLFLRSPQQ,1,12,343,758,False
QDFNPYLLFLRSPRQ,1,12,343,758,False
QDFNPYLLFLRSPYQ,198,0,1628,17219,False
QDFNPYLLFLRTPAQ,7,12,343,758,False
QDFNPYLLFLRVPKQ,2,0,1628,17219,False
QDFNPYLLFLSKPSQ,1,0,1628,17219,False
QDFNPYLLFLSMPSQ,6,12,343,758,False
QDFNPYLLFLSNPQQ,2,0,1628,17219,False
QDFNPYLLFLSNPTQ,2,0,1628,17219,False
QDFNPYLLFLSQPKQ,1,0,1628,17219,False
QDFNPYLLFLSQPRQ,3,0,1628,17219,False
QDFNPYLLFLSQPVQ,2,0,1628,17219,False
QDFNPYLLFLTHPIQ,28,0,1628,17219,False
QDFNPYLLFLTQPDQ,1,2,509,4610,False
QDFNPYLLFLTQPKQ,1,0,1628,17219,False
QDFNPYLLFLTQPNQ,4,2,509,4610,False
QDFNPYLLFLTQPRQ,1,2,509,4610,False
QDFNPYLLFLTQPSQ,1,2,509,4610,False
QDFNPYLLFLTRPQQ,1,1900,36,36,False
QDFNPYLLFLTSRSR,1,457,3,4,False
QDFNPYLLFLVKPNQ,1,0,1628,17219,False
QDFNPYLLFLVLPGQ,1,0,1628,17219,False
QDFNPYLLFLVVPVQ,1,0,1628,17219,False
QDFNPYLLFLWKPKQ,1,0,1628,17219,False
QDFNPYLLFLWVPKQ,1,0,1628,17219,False
QDFNPYLLFLYNPSQ,1,12,343,758,False
QDFQAEAAVSEVAGA,1,2246,2,2,True
QDFQPWLLFLARPAQ,1,3,2229,22657,False
QDFQPWLLFLGLPWQ,2,3,2229,22657,False
QDFQPWLLFLYKPQQ,1,7,629,1764,False
QDFRPFAAVSEVPGP,1,2247,2,2,True
QDFRPLLLFLLLPLQ,1,453,36,38,False
QDFRPRLLFLWGPVQ,1,453,36,38,False
QDFSPVLLFLSCPLQ,1,453,36,38,False
QDFWPLLLFLLLPGQ,1,31,119,142,False
QDFWPRLLFLYGPMQ,1,137,39,48,False
QDFWPVLLFLNLPLQ,1,453,36,38,False
QDFWPVLLFLYQPRQ,1,663,8,8,False
QDFWPWLLFLSSPMQ,1,137,39,48,False
QDFYPRLLFLVLPRQ,1,453,36,38,False
QDGAPLLLFLVQPLQ,2,156,79,85,False
QDGAPWLLFLVRPVQ,1,137,39,48,False
QDGCPFLLFLQVPFQ,2,138,47,50,False
QDGFPKLLFLLQPWQ,1,138,47,50,False
QDGFPLLLFLRWPFQ,1,54,100,139,False
QDGFPWLLFLGLPRQ,1,468,48,52,False
QDGFPWLLFLRMPLQ,1,1817,6,6,False
QDGGPFLLFLGVPVQ,1,80,35,40,False
QDGGPLLLFLQWPVQ,1,4,603,1344,False
QDGGPLLLFLWLPGQ,1,453,36,38,False
QDGGPRLLFLFWPQQ,1,1713,18,18,False
QDGGPWLLFLGWPVQ,1,29,67,92,False
QDGGPWLLFLLGPRQ,1,852,19,19,False
QDGGPWLLFLLPPVQ,1,243,60,64,False
QDGGPWLLFLLRPWQ,2,53,100,123,False
QDGGPWLLFLQLPVQ,1,4,603,1344,False
QDGGPWLLFLRWPVQ,1,29,67,92,False
QDGGPWLLFLSLPMQ,1,137,39,48,False
QDGKPDLLFLCKPRQ,1,2248,1,1,True
QDGLPELLFLWWPGQ,1,138,47,50,False
QDGLPFLLFLQLPLQ,1,1595,8,8,False
QDGLPFLLFLVQPAQ,1,138,47,50,False
QDGLPHLLFLWVPWQ,3,138,47,50,True
QDGLPLLLFLLWPVQ,1,454,16,18,False
QDGLPLLLFLMCPQQ,1,138,47,50,False
QDGLPLLLFLTMPLQ,1,138,47,50,False
QDGLPMLLFLNLPCQ,1,138,47,50,False
QDGLPRLLFLLWPSQ,1,454,16,18,False
QDGLPRLLFLWMPFQ,1,138,47,50,False
QDGLPWLLFLGLPLQ,1,92,43,48,False
QDGLPWLLFLMQPRQ,1,138,47,50,False
QDGLPWLLFLQVPWQ,1,138,47,50,False
QDGLPWLLFLRWPLQ,1,29,67,92,False
QDGLPWLLFLVGPRQ,1,137,39,48,False
QDGMPALLFLPLPAQ,1,452,22,24,False
QDGMPFLLFLVGPVQ,1,137,39,48,False
QDGMPQLLFLWLPLQ,1,453,36,38,False
QDGMPTLLFLLWPSQ,2,454,16,18,True
QDGMPTLLFLTKPQQ,1,454,16,18,False
QDGMPWLLFLRQPPQ,1,130,94,113,False
QDGMPWLLFLRQPSQ,1,454,16,18,False
QDGNPWLLFLKLPGQ,1,3,2229,22657,False
QDGQPFLLFLSWPKQ,1,727,9,9,False
QDGQPLLLFLLLPVQ,1,4,603,1344,False
QDGQPMLLFLRQPKQ,1,328,19,21,False
QDGQPWLLFLVRPSQ,1,137,39,48,False
QDGRPKLLFLWVPWQ,1,138,47,50,False
QDGRPLLLFLIEPLQ,1,458,21,22,False
QDGRPLLLFLKKPKQ,1,0,1628,17219,False
QDGRPRLLFLVWPGQ,1,68,51,63,False
QDGRPVLLFLEEPLQ,1,2249,4,4,True
QDGRPWLLFLYGPAQ,1,137,39,48,False
QDGTPWLLFLMVPKQ,1,138,47,50,False
QDGVPAAAVSDPPDP,1,2250,1,1,True
QDGVPLLLFLVLPVQ,1,4,603,1344,False
QDGVPLLLFLWMPVQ,1,138,47,50,False
QDGVPMLLFLGFPGQ,1,2251,10,10,True
QDGVPWLLFLGFPRQ,1,2251,10,10,False
QDGVPWLLFLGMPLQ,1,2251,10,10,False
QDGVPWLLFLRVPKQ,1,130,94,113,False
QDGVPYLLFLWKPNQ,1,0,1628,17219,False
QDGWPALLFLQLPSQ,1,20,111,133,False
QDGWPGLLFLLFPGQ,1,2251,10,10,False
QDGWPKLLFLVFPVQ,1,80,35,40,False
QDGWPLLLFLGHPVQ,1,80,35,40,False
QDGWPLLLFLGLPVQ,1,80,35,40,False
QDGWPLLLFLLGPVQ,1,31,119,142,False
QDGWPLLLFLNVPRQ,1,469,21,23,False
QDGWPLLLFLQLPAQ,1,452,22,24,False
QDGWPLLLFLQVPVQ,1,4,603,1344,False
QDGWPLLLFLRLPRQ,1,1504,13,13,False
QDGWPLLLFLTQPNQ,1,2,509,4610,False
QDGWPLLLFLWLPDQ,1,31,119,142,False
QDGWPMLLFLKLPYQ,1,1711,7,7,False
QDGWPNLLFLFSPVQ,1,461,20,22,False
QDGWPQLLFLFSPTQ,1,23,142,268,False
QDGWPQLLFLSQPVQ,1,20,111,133,False
QDGWPQLLFLWLPHQ,1,138,47,50,False
QDGWPQLLFLWVPVQ,1,138,47,50,False
QDGWPRLLFLMVPLQ,1,138,47,50,False
QDGWPRLLFLVLPGQ,1,31,119,142,False
QDGWPRLLFLYLPMQ,2,453,36,38,False
QDGWPSLLFLLLPVQ,2,80,35,40,False
QDGWPSLLFLTWPWQ,1,20,111,133,False
QDGWPSLLFLYWPAQ,1,20,111,133,False
QDGWPWLLFLGGPVQ,1,80,35,40,False
QDGWPWLLFLLRPVQ,1,29,67,92,False
QDGWPWLLFLQLPLH,1,1735,7,7,False
QDGWPWLLFLQLPVQ,2,4,603,1344,False
QDGYPLLLFLLLPVQ,1,4,603,1344,False
QDHKPGLLFSDLAEP,1,2252,1,1,True
QDHLPLLLFLWSPGQ,1,138,47,50,False
QDHNPWLLFLRLPPQ,1,3,2229,22657,False
QDHNPWLLFLRMPNQ,1,7,629,1764,False
QDHNPWLLFLRQPKQ,1,1531,22,22,False
QDHNPWLLFLRRPSQ,2,7,629,1764,False
QDHNPWLLFLWTPKQ,3,0,1628,17219,False
QDHNPYLLFLQWPVQ,1,15,198,343,False
QDHNPYLLFLRQPSQ,1,12,343,758,False
QDHNPYLLFLRSPRQ,1,0,1628,17219,False
QDHNPYLLFLRYPDQ,1,0,1628,17219,False
QDHQPALLFLFSPQQ,1,20,111,133,False
QDHRPRLLFLQPPGQ,1,458,21,22,False
QDHRPWLLFLSVPEQ,1,468,48,52,False
QDHVPTLLFLFFPAQ,1,2239,9,9,False
QDHVPWLLFLWQPRQ,1,130,94,113,False
QDIAPGLLFLGSPAQ,1,23,142,268,False
QDIDPYLLFLQRPLQ,1,2253,10,10,True
QDIFPCLLFLLTPWQ,1,2254,3,3,True
QDIGPLLLFLGVPYQ,1,2255,9,9,True
QDIGPSLLFLMWPWQ,1,2254,3,3,False
QDIKPPLLFLRWPAQ,1,54,100,139,False
QDILPGLLFLQWPLQ,1,2253,10,10,False
QDIMPHLLFLIQPLQ,1,23,142,268,False
QDINP*LLFLRVPAQ,1,14,52,95,False
QDINPFLLFLKQPNQ,1,2,509,4610,False
QDINPFLLFLKTPKQ,3,0,1628,17219,False
QDINPFLLFLRKPSQ,1,0,1628,17219,False
QDINPFLLFLRMPKQ,3,0,1628,17219,False
QDINPFLLFLRNPTQ,3,23,142,268,False
QDINPFLLFLRVPDQ,1,14,52,95,False
QDINPKLLFLTKPKQ,1,0,1628,17219,False
QDINPLLLFLNDPTQ,1,23,142,268,False
QDINPLLLFLRFPGQ,1,54,100,139,False
QDINPLLLFLSWPRQ,1,54,100,139,False
QDINPLLLFLWVPEQ,1,2255,9,9,False
QDINPMLLFLLYPPQ,1,23,142,268,False
QDINPMLLFLRIPVQ,1,2233,10,10,False
QDINPMLLFLRMPLQ,1,12,343,758,False
QDINPMLLFLYNPSQ,1,2233,10,10,False
QDINPWLLFLAKPSQ,1,23,142,268,False
QDINPWLLFLAQPWQ,3,1,1197,10527,False
QDINPWLLFLGQPAQ,1,23,142,268,False
QDINPWLLFLHVPLQ,1,23,142,268,False
QDINPWLLFLIKPIQ,3,23,142,268,False
QDINPWLLFLINPGQ,1,23,142,268,False
QDINPWLLFLINPKQ,1,23,142,268,False
QDINPWLLFLISPTQ,10,23,142,268,True
QDINPWLLFLIYPKQ,1,23,142,268,False
QDINPWLLFLKAPNQ,2,23,142,268,False
QDINPWLLFLKIPKQ,27,0,1628,17219,False
QDINPWLLFLKLPAQ,1,3,2229,22657,False
QDINPWLLFLKLPGQ,43,3,2229,22657,False
QDINPWLLFLKLPLQ,1,3,2229,22657,False
QDINPWLLFLKLPTQ,3,23,142,268,False
QDINPWLLFLKLPVQ,2,3,2229,22657,False
QDINPWLLFLKNPPQ,1,23,142,268,False
QDINPWLLFLKNPRQ,2,23,142,268,False
QDINPWLLFLKQPKQ,2,0,1628,17219,False
QDINPWLLFLKTQGS,2,455,1,2,True
QDINPWLLFLLFPVQ,1,23,142,268,False
QDINPWLLFLNAPTQ,1,23,142,268,False
QDINPWLLFLNLPQQ,1,23,142,268,False
QDINPWLLFLNYPNQ,2,23,142,268,False
QDINPWLLFLQLPVQ,1,4,603,1344,False
QDINPWLLFLQWPVQ,2,23,142,268,False
QDINPWLLFLRKPLQ,3,7,629,1764,False
QDINPWLLFLRKPNQ,1,7,629,1764,False
QDINPWLLFLRLPAQ,1,3,2229,22657,False
QDINPWLLFLRLPMQ,23,3,2229,22657,False
QDINPWLLFLRLPSQ,2,23,142,268,False
QDINPWLLFLRLPVQ,1,23,142,268,False
QDINPWLLFLRMPKQ,3,23,142,268,False
QDINPWLLFLRNPKQ,1,23,142,268,False
QDINPWLLFLRNPQQ,1,7,629,1764,False
QDINPWLLFLRQPAQ,2,23,142,268,False
QDINPWLLFLRQPPQ,1,23,142,268,False
QDINPWLLFLRQPRQ,1,23,142,268,False
QDINPWLLFLRQPSQ,2,23,142,268,False
QDINPWLLFLRRPSQ,1,23,142,268,False
QDINPWLLFLRRPTQ,1,23,142,268,False
QDINPWLLFLRTPFQ,2,23,142,268,False
QDINPWLLFLRTPQQ,1,7,629,1764,False
QDINPWLLFLRVPKQ,1,23,142,268,False
QDINPWLLFLSKPAQ,5,23,142,268,False
QDINPWLLFLSKPKQ,1,0,1628,17219,False
QDINPWLLFLSLPMQ,1,23,142,268,False
QDINPWLLFLSMPKQ,2,23,142,268,False
QDINPWLLFLSNPNQ,2,23,142,268,False
QDINPWLLFLSQPVQ,1,23,142,268,False
QDINPWLLFLSRPDQ,1,23,142,268,False
QDINPWLLFLSTPQQ,1,23,142,268,False
QDINPWLLFLTDPFQ,1,23,142,268,False
QDINPWLLFLTHPEQ,1,23,142,268,False
QDINPWLLFLTQPNQ,1,2,509,4610,False
QDINPWLLFLTSPTQ,8,23,142,268,False
QDINPWLLFLVQPPQ,1,23,142,268,False
QDINPWLLFLWAPWQ,1,23,142,268,False
QDINPWLLFLWGPKQ,15,0,1628,17219,False
QDINPWLLFLYRPLQ,9,23,142,268,False
QDINPWLLFLYRPQQ,1,23,142,268,False
QDINPYLLFLAQPRQ,1,2,509,4610,False
QDINPYLLFLAQPWQ,2,1,1197,10527,False
QDINPYLLFLEVPEQ,1,0,1628,17219,False
QDINPYLLFLHWPFQ,22,0,1628,17219,False
QDINPYLLFLIKPKQ,1,0,1628,17219,False
QDINPYLLFLIKPNQ,9,0,1628,17219,False
QDINPYLLFLIKPPQ,2,0,1628,17219,False
QDINPYLLFLIKPQQ,1,0,1628,17219,False
QDINPYLLFLIMPLQ,2,23,142,268,False
QDINPYLLFLIQPKQ,1,0,1628,17219,False
QDINPYLLFLIQPNQ,1,2,509,4610,False
QDINPYLLFLIQPRQ,1,2,509,4610,False
QDINPYLLFLIVPTQ,1,23,142,268,False
QDINPYLLFLKAPQQ,5,0,1628,17219,False
QDINPYLLFLKAPYQ,1,0,1628,17219,False
QDINPYLLFLKDPKQ,1,0,1628,17219,False
QDINPYLLFLKHPKQ,2,0,1628,17219,False
QDINPYLLFLKIPNQ,2,0,1628,17219,False
QDINPYLLFLKIPSQ,1,0,1628,17219,False
QDINPYLLFLKKPAQ,1,0,1628,17219,False
QDINPYLLFLKKPKQ,243,0,1628,17219,False
QDINPYLLFLKKPNQ,68,0,1628,17219,False
QDINPYLLFLKKPQQ,5,0,1628,17219,False
QDINPYLLFLKKPSQ,2,0,1628,17219,False
QDINPYLLFLKKPVQ,7,0,1628,17219,False
QDINPYLLFLKMPKQ,1,0,1628,17219,False
QDINPYLLFLKNPIQ,1,0,1628,17219,False
QDINPYLLFLKNPKQ,24,0,1628,17219,False
QDINPYLLFLKNPNQ,1,0,1628,17219,False
QDINPYLLFLKNPQQ,2,0,1628,17219,False
QDINPYLLFLKNPRQ,5,0,1628,17219,False
QDINPYLLFLKQPKQ,12,0,1628,17219,False
QDINPYLLFLKQPNQ,3,2,509,4610,False
QDINPYLLFLKQPVQ,2,0,1628,17219,False
QDINPYLLFLKRPFQ,1,0,1628,17219,False
QDINPYLLFLKRPKQ,4,0,1628,17219,False
QDINPYLLFLKRPQQ,2,0,1628,17219,False
QDINPYLLFLKRPSQ,1,0,1628,17219,False
QDINPYLLFLKRPTQ,104,0,1628,17219,False
QDINPYLLFLKVPNQ,15,0,1628,17219,False
QDINPYLLFLKVPYQ,1,0,1628,17219,False
QDINPYLLFLKYPNQ,26,0,1628,17219,False
QDINPYLLFLLLPVQ,2,0,1628,17219,False
QDINPYLLFLLQPTQ,1,2,509,4610,False
QDINPYLLFLMEPQQ,1,0,1628,17219,False
QDINPYLLFLMYPKQ,2,0,1628,17219,False
QDINPYLLFLNFPKQ,1,0,1628,17219,False
QDINPYLLFLNKPKK,1,0,1628,17219,False
QDINPYLLFLNKPKQ,2,0,1628,17219,False
QDINPYLLFLNLPKQ,1,0,1628,17219,False
QDINPYLLFLNQPKQ,1,0,1628,17219,False
QDINPYLLFLNVPKQ,1,0,1628,17219,False
QDINPYLLFLPRPKQ,1,0,1628,17219,False
QDINPYLLFLQLPKQ,1,0,1628,17219,False
QDINPYLLFLQSPLQ,1,2253,10,10,False
QDINPYLLFLQVPQQ,1,2253,10,10,False
QDINPYLLFLQWPLQ,1,2253,10,10,False
QDINPYLLFLQWPVQ,1,15,198,343,False
QDINPYLLFLQYPIQ,3,0,1628,17219,False
QDINPYLLFLRFPEQ,1,0,1628,17219,False
QDINPYLLFLRHPKQ,1,0,1628,17219,False
QDINPYLLFLRIPQQ,2,0,1628,17219,False
QDINPYLLFLRIPSQ,7,12,343,758,False
QDINPYLLFLRKPIQ,1,0,1628,17219,False
QDINPYLLFLRKPKQ,31,0,1628,17219,False
QDINPYLLFLRKPNQ,3,0,1628,17219,False
QDINPYLLFLRKPQQ,5,0,1628,17219,False
QDINPYLLFLRKPSQ,2,0,1628,17219,False
QDINPYLLFLRKPTQ,3,0,1628,17219,False
QDINPYLLFLRLPQQ,1,0,1628,17219,False
QDINPYLLFLRLPVQ,2,0,1628,17219,False
QDINPYLLFLRMPAQ,7,12,343,758,False
QDINPYLLFLRMPGQ,1,12,343,758,False
QDINPYLLFLRMPNQ,2,2,509,4610,False
QDINPYLLFLRMPQQ,4,12,343,758,False
QDINPYLLFLRMPYQ,1,12,343,758,False
QDINPYLLFLRNPKH,1,0,1628,17219,False
QDINPYLLFLRNPKQ,420,0,1628,17219,False
QDINPYLLFLRNPNQ,1,2,509,4610,False
QDINPYLLFLRNPQQ,1,0,1628,17219,False
QDINPYLLFLRNPSQ,11,12,343,758,False
QDINPYLLFLRNPTQ,6,23,142,268,False
QDINPYLLFLRNPYQ,1,0,1628,17219,False
QDINPYLLFLRQPAQ,1,2,509,4610,False
QDINPYLLFLRQPKQ,3,0,1628,17219,False
QDINPYLLFLRQPLQ,2,2,509,4610,False
QDINPYLLFLRQPNQ,1,2,509,4610,False
QDINPYLLFLRQPPQ,1,2,509,4610,False
QDINPYLLFLRQPQQ,1,2,509,4610,False
QDINPYLLFLRQPSQ,2,2,509,4610,False
QDINPYLLFLRQPTQ,1,2,509,4610,False
QDINPYLLFLRRPQQ,2,0,1628,17219,False
QDINPYLLFLRRPYQ,6,0,1628,17219,False
QDINPYLLFLRSPIQ,1,23,142,268,False
QDINPYLLFLRSPKQ,27,0,1628,17219,False
QDINPYLLFLRSPRQ,1,23,142,268,False
QDINPYLLFLRSPSQ,2,12,343,758,False
QDINPYLLFLRSPYQ,5,23,142,268,False
QDINPYLLFLRSRSR,1,237,3,4,False
QDINPYLLFLRTPFQ,1,0,1628,17219,False
QDINPYLLFLRTPQQ,1,0,1628,17219,False
QDINPYLLFLRVPGQ,1,0,1628,17219,False
QDINPYLLFLRVPKQ,1,0,1628,17219,False
QDINPYLLFLRYPKQ,1,0,1628,17219,False
QDINPYLLFLRYPNQ,1,2,509,4610,False
QDINPYLLFLSHPKQ,2,0,1628,17219,False
QDINPYLLFLSKPKQ,1,0,1628,17219,False
QDINPYLLFLSKPNQ,1,0,1628,17219,False
QDINPYLLFLSKPQQ,2,0,1628,17219,False
QDINPYLLFLSMPQQ,1,0,1628,17219,False
QDINPYLLFLSNPKQ,1,0,1628,17219,False
QDINPYLLFLSQPKQ,3,0,1628,17219,False
QDINPYLLFLSQPNQ,1,2,509,4610,False
QDINPYLLFLSQPRQ,2,2,509,4610,False
QDINPYLLFLSQPVQ,2,2,509,4610,False
QDINPYLLFLSRPIQ,1,2253,10,10,False
QDINPYLLFLSTPQQ,2,0,1628,17219,False
QDINPYLLFLSYPKQ,1,0,1628,17219,False
QDINPYLLFLSYPQQ,1,0,1628,17219,False
QDINPYLLFLTKPKQ,2,0,1628,17219,False
QDINPYLLFLTQPKQ,2,2,509,4610,False
QDINPYLLFLTQPNQ,22,2,509,4610,False
QDINPYLLFLTQPRQ,1,2,509,4610,False
QDINPYLLFLTRPRQ,1,2,509,4610,False
QDINPYLLFLTSPNQ,1,2,509,4610,False
QDINPYLLFLTYPQQ,1,2,509,4610,False
QDINPYLLFLVQPPQ,1,2,509,4610,False
QDINPYLLFLWGPKQ,1,0,1628,17219,False
QDINPYLLFLWNPKQ,4,0,1628,17219,False
QDINPYLLFLYFPEQ,1,0,1628,17219,False
QDINPYLLFLYKPTQ,1,0,1628,17219,False
QDINPYLLFLYNPSQ,8,0,1628,17219,False
QDINPYLLFLYRPLQ,1,2253,10,10,False
QDINPYLLFLYRPQQ,1,1900,36,36,False
QDINPYLLSLAQPWQ,1,1,1197,10527,False
QDIQPMLLFLTRPKQ,1,6,143,456,False
QDIQPVLLFLFSPTQ,1,23,142,268,False
QDIRPFLLFLLRPTQ,1,23,142,268,False
QDISPMLLFLSQPEQ,1,977,8,8,False
QDISPYLLFLRRPEQ,1,2253,10,10,False
QDIWPKLLFLQWPVQ,1,20,111,133,False
QDIWPMLLFLVEPHQ,1,2235,4,4,False
QDKAPDLLFLLLPQQ,1,642,9,9,False
QDKEPTLLFLVKPKQ,1,0,1628,17219,False
QDKGPEAAVSDGAVA,1,2256,1,1,True
QDKHPSLLFLQQPYQ,1,466,4,5,False
QDKKPKLLFLHKPQQ,1,1607,3,3,False
QDKKPKLLFLRSPNQ,1,2244,3,3,False
QDKKPKLLFLTNPKQ,1,469,21,23,False
QDKKPMLLFLWSPAE,1,2257,2,2,True
QDKKPWLLFLPWPVQ,1,56,210,255,False
QDKLPSLLFLWLPVQ,1,138,47,50,False
QDKLPWLLFLPVPGQ,1,138,47,50,False
QDKMPRLLVSVEPDA,1,2258,1,1,True
QDKNPDLLFLNKPNQ,1,0,1628,17219,False
QDKNPKLLFLSEPSQ,1,1599,7,7,False
QDKNPQLLFLDKPKQ,1,0,1628,17219,False
QDKNPRLLFLWSPAQ,1,2257,2,2,False
QDKNPSLLFLRRPRR,1,1254,3,3,False
QDKNPYLLFLIYPKQ,1,0,1628,17219,False
QDKQPKLLFLHDPRQ,1,544,8,10,False
QDKRPWLLFLTQPKQ,1,242,52,57,False
QDKSPCLLFLRGPQQ,1,2259,2,2,True
QDKTPYLLFLWFPKQ,1,0,1628,17219,False
QDKWPILLFLSVPYQ,1,20,111,133,False
QDKWPMLLFLTLPSQ,1,459,9,10,False
QDKWPNLLFLSDPQQ,1,20,111,133,False
QDKWPWLLFLRFPAQ,1,212,27,30,False
QDLDPLLLFLLGPAQ,1,452,22,24,False
QDLEPWLLFLIAPIQ,1,23,142,268,False
QDLFPHLLFLGGPRQ,1,852,19,19,False
QDLFPLLLFLLIPWQ,1,2254,3,3,False
QDLFPVLLFLLWPVQ,1,20,111,133,False
QDLFPWLLFLFAPLQ,1,2243,3,3,False
QDLGPLLLFLFWPCQ,1,20,111,133,False
QDLGPLLLFLLGPLQ,1,1661,5,5,False
QDLGPLLLFLLLPFQ,1,452,22,24,False
QDLGPLLLFLQWPLQ,1,637,44,44,False
QDLGPLLLFLVLPVQ,1,4,603,1344,False
QDLGPRLLFLLWPGQ,1,20,111,133,False
QDLGPSLLFLLFPWQ,1,1796,4,4,False
QDLGPVLLFLLQPVQ,1,243,60,64,False
QDLGPVLLFLLRPQQ,1,20,111,133,False
QDLGPVLLFLVWPGQ,1,20,111,133,False
QDLGPWLLFLAQPYQ,1,1539,10,10,False
QDLGPWLLFLGLPLQ,1,453,36,38,False
QDLGPWLLFLKKPRQ,1,0,1628,17219,False
QDLGPWLLFLPVPLQ,1,1352,11,11,False
QDLGPWLLFLQWPGQ,1,546,32,37,False
QDLGPWLLFLVGPVQ,1,137,39,48,False
QDLGPYLLFLWTPVQ,1,453,36,38,False
QDLHPWLLFLRWPNQ,1,20,111,133,False
QDLKPILLFLRRPAQ,1,14,52,95,False
QDLKPVLLFLQQPVQ,1,98,8,10,False
QDLLPALLFLSWPQQ,1,20,111,133,False
QDLLPGLLFLWMPGQ,1,138,47,50,False
QDLLPLLLFLCRPDQ,1,2050,8,8,False
QDLLPLLLFLGVPVQ,1,2255,9,9,False
QDLLPLLLFLLFPLQ,1,518,22,24,False
QDLLPLLLFLLLPMQ,1,424,27,28,False
QDLLPLLLFLLLPVQ,3,4,603,1344,False
QDLLPLLLFLVWPGQ,1,20,111,133,False
QDLLPLLLFLWFPVQ,1,48,50,61,False
QDLLPQLLFLMVPMQ,1,138,47,50,False
QDLLPRLLFLVLPLQ,1,453,36,38,False
QDLLPVLLFLFFPPQ,1,461,20,22,False
QDLLPWLLFLRLPLQ,1,424,27,28,False
QDLMPLLLFLQWPQQ,1,20,111,133,False
QDLMPLLLFLQWPSQ,1,454,16,18,False
QDLNLWLLFLKKPKQ,1,0,1628,17219,False
QDLNP*LLFLRQPSQ,1,14,52,95,False
QDLNP*LLFLRQPYQ,3,14,52,95,False
QDLNPFLLFLAQPLQ,1,1,1197,10527,False
QDLNPFLLFLKKPQQ,1,0,1628,17219,False
QDLNPFLLFLKKPRQ,3,0,1628,17219,False
QDLNPFLLFLKLPWQ,2,0,1628,17219,False
QDLNPFLLFLRSPFQ,8,14,52,95,False
QDLNPLLLFLKRPAQ,1,0,1628,17219,False
QDLNPLLLFLLRPVQ,1,4,603,1344,False
QDLNPLLLFLQLPLQ,1,4,603,1344,False
QDLNPMLLFLRVPKQ,1,14,52,95,False
QDLNPRLLFLKNPYQ,1,0,1628,17219,False
QDLNPWLLFLAQPWQ,6,1,1197,10527,False
QDLNPWLLFLAQPYQ,1,1,1197,10527,False
QDLNPWLLFLATPRQ,1,468,48,52,False
QDLNPWLLFLHRPGQ,2,9,239,562,False
QDLNPWLLFLHSPSQ,5,23,142,268,False
QDLNPWLLFLHVPKQ,1,0,1628,17219,False
QDLNPWLLFLIRPQQ,1,23,142,268,False
QDLNPWLLFLIYPQQ,2,23,142,268,False
QDLNPWLLFLKIPQQ,27,0,1628,17219,False
QDLNPWLLFLKKPGQ,3,0,1628,17219,False
QDLNPWLLFLKKPKQ,1,0,1628,17219,False
QDLNPWLLFLKLPQQ,2,3,2229,22657,False
QDLNPWLLFLKQPGQ,1,0,1628,17219,False
QDLNPWLLFLKQPKQ,3,0,1628,17219,False
QDLNPWLLFLKQPNQ,1,2120,12,12,False
QDLNPWLLFLKRPTQ,1,23,142,268,False
QDLNPWLLFLKSPKQ,2,0,1628,17219,False
QDLNPWLLFLKVPLQ,20,0,1628,17219,False
QDLNPWLLFLKVPTQ,1,23,142,268,False
QDLNPWLLFLKVPYQ,1,2234,7,7,False
QDLNPWLLFLLLPVQ,1,3,2229,22657,False
QDLNPWLLFLLRPSQ,1,9,239,562,False
QDLNPWLLFLPYPQQ,1,7,629,1764,False
QDLNPWLLFLQGPIQ,1,9,239,562,False
QDLNPWLLFLQLPGQ,1,3,2229,22657,False
QDLNPWLLFLQLPLQ,2,3,2229,22657,False
QDLNPWLLFLQLPVQ,1,4,603,1344,False
QDLNPWLLFLQQPKQ,1,9,239,562,False
QDLNPWLLFLQRPLQ,1,9,239,562,False
QDLNPWLLFLQWPKQ,1,9,239,562,False
QDLNPWLLFLQWPLQ,1,9,239,562,False
QDLNPWLLFLQWPVQ,1,56,210,255,False
QDLNPWLLFLQYPIQ,1,9,239,562,False
QDLNPWLLFLQYPVQ,1,4,603,1344,False
QDLNPWLLFLRGPGQ,1,7,629,1764,False
QDLNPWLLFLRGPNQ,1,7,629,1764,False
QDLNPWLLFLRGPRQ,1,7,629,1764,False
QDLNPWLLFLRGPTQ,1,23,142,268,False
QDLNPWLLFLRGPWQ,23,1,1197,10527,False
QDLNPWLLFLRKPKQ,1,0,1628,17219,False
QDLNPWLLFLRLPAQ,8,3,2229,22657,False
QDLNPWLLFLRLPGQ,1,3,2229,22657,False
QDLNPWLLFLRLPKQ,2,0,1628,17219,False
QDLNPWLLFLRLPLQ,2,3,2229,22657,False
QDLNPWLLFLRLPNQ,1,3,2229,22657,False
QDLNPWLLFLRLPQQ,1,7,629,1764,False
QDLNPWLLFLRLPSQ,278,3,2229,22657,False
QDLNPWLLFLRLPTQ,2,23,142,268,False
QDLNPWLLFLRLPVQ,202,3,2229,22657,False
QDLNPWLLFLRLPWQ,1,1,1197,10527,False
QDLNPWLLFLRMPNQ,4,7,629,1764,False
QDLNPWLLFLRMPRQ,3,7,629,1764,False
QDLNPWLLFLRNPWQ,11,1,1197,10527,False
QDLNPWLLFLRQPAQ,4,14,52,95,False
QDLNPWLLFLRQPEQ,1,1,1197,10527,False
QDLNPWLLFLRQPKQ,2,0,1628,17219,False
QDLNPWLLFLRQPLQ,1,1,1197,10527,False
QDLNPWLLFLRQPQQ,1,7,629,1764,False
QDLNPWLLFLRQPRQ,3,1,1197,10527,False
QDLNPWLLFLRQPSQ,2,1,1197,10527,False
QDLNPWLLFLRQPTQ,3,23,142,268,False
QDLNPWLLFLRQPVQ,1,130,94,113,False
QDLNPWLLFLRQPWQ,1,1,1197,10527,False
QDLNPWLLFLRQPYQ,8,1,1197,10527,False
QDLNPWLLFLRRPSQ,1,7,629,1764,False
QDLNPWLLFLRRPTQ,4,23,142,268,False
QDLNPWLLFLRRPVQ,3,7,629,1764,False
QDLNPWLLFLRSPQQ,2,7,629,1764,False
QDLNPWLLFLRSPYQ,1,23,142,268,False
QDLNPWLLFLRTPFQ,4,7,629,1764,False
QDLNPWLLFLRTPQQ,1,7,629,1764,False
QDLNPWLLFLRVPEQ,3,14,52,95,False
QDLNPWLLFLRVPMQ,1,14,52,95,False
QDLNPWLLFLRVPVQ,1,14,52,95,False
QDLNPWLLFLSIPTQ,1,23,142,268,False
QDLNPWLLFLSMPYQ,1,1539,10,10,False
QDLNPWLLFLSQPAQ,1,1,1197,10527,False
QDLNPWLLFLSQPKQ,1,0,1628,17219,False
QDLNPWLLFLSQPVQ,5,1,1197,10527,False
QDLNPWLLFLSRPAQ,1,3,2229,22657,False
QDLNPWLLFLSTPQQ,2,20,111,133,False
QDLNPWLLFLTKPAQ,1,0,1628,17219,False
QDLNPWLLFLTQPKQ,1,0,1628,17219,False
QDLNPWLLFLTQPNQ,4,2,509,4610,False
QDLNPWLLFLTRPQQ,4,6,143,456,False
QDLNPWLLFLTVPAQ,255,3,2229,22657,False
QDLNPWLLFLTVPVQ,3,14,52,95,False
QDLNPWLLFLTWPVQ,1,20,111,133,False
QDLNPWLLFLVLPVQ,1,3,2229,22657,False
QDLNPWLLFLVNPAQ,1,3,2229,22657,False
QDLNPWLLFLVQPDQ,3,1,1197,10527,False
QDLNPWLLFLVQPPQ,1,1,1197,10527,False
QDLNPWLLFLVQPSQ,1,603,15,16,False
QDLNPWLLFLVQPVQ,1,1,1197,10527,False
QDLNPWLLFLVWPVQ,1,20,111,133,False
QDLNPWLLFLWGPQQ,1,7,629,1764,False
QDLNPWLLFLWRPVQ,5,9,239,562,False
QDLNPWLLFLYQPDQ,2,1,1197,10527,False
QDLNPWLLFLYSPTQ,1,23,142,268,False
QDLNPWLMFLRLPSQ,1,2260,14,14,True
QDLNPWQGSGAETVE,1,1245,4,4,False
QDLNPYLLFLIKPKQ,1,0,1628,17219,False
QDLNPYLLFLKHPKQ,1,0,1628,17219,False
QDLNPYLLFLKKPKQ,3,0,1628,17219,False
QDLNPYLLFLKKPYQ,1,0,1628,17219,False
QDLNPYLLFLKQPKQ,3,0,1628,17219,False
QDLNPYLLFLKQPNQ,1,0,1628,17219,False
QDLNPYLLFLKQPVQ,1,0,1628,17219,False
QDLNPYLLFLKSPWQ,26,0,1628,17219,False
QDLNPYLLFLMLPRQ,1,0,1628,17219,False
QDLNPYLLFLMRPYQ,2,0,1628,17219,False
QDLNPYLLFLQWPVQ,1,15,198,343,False
QDLNPYLLFLRHPSQ,4,12,343,758,False
QDLNPYLLFLRKPQQ,1,0,1628,17219,False
QDLNPYLLFLRLPQQ,1,2260,14,14,False
QDLNPYLLFLRNPKQ,1,0,1628,17219,False
QDLNPYLLFLRVPGQ,4,14,52,95,False
QDLNPYLLFLRVPRQ,2,14,52,95,False
QDLNPYLLFLRYPNQ,14,0,1628,17219,False
QDLNPYLLFLRYPSQ,1,12,343,758,False
QDLNPYLLFLRYPYQ,45,0,1628,17219,False
QDLNPYLLFLSIPKQ,1,0,1628,17219,False
QDLNPYLLFLTQPNQ,1,2,509,4610,False
QDLNPYLLFLTRPQQ,2,0,1628,17219,False
QDLNPYLLFLTYPYQ,2,0,1628,17219,False
QDLQPQLLFLKKPKQ,1,0,1628,17219,False
QDLRPFLLFLLSPGQ,1,2245,3,3,False
QDLRPLLLFLAQPWQ,1,2050,8,8,False
QDLRPLLLFLVMPAQ,1,458,21,22,False
QDLRPLLLFLWVPRQ,1,68,51,63,False
QDLRPMLLFLQLPYQ,1,468,48,52,False
QDLRPVLLFLLYPCQ,1,1212,17,17,False
QDLRPWLLFLAGPVQ,1,468,48,52,False
QDLRPWLLFLQWPMQ,1,20,111,133,False
QDLRPWLLFLSQPIQ,1,20,111,133,False
QDLRPWLLFLVLPVQ,1,468,48,52,False
QDLRPWLLFLYLPVQ,1,468,48,52,False
QDLSPFLLFLWGPRQ,1,2259,2,2,False
QDLSPLLLFLVLPGQ,3,68,51,63,False
QDLSPQLLFLWFPVQ,1,48,50,61,False
QDLSPSLLFLYWPLQ,1,20,111,133,False
QDLSPVLLFLGQPQQ,1,20,111,133,False
QDLVPFLLFLSMPLQ,1,20,111,133,False
QDLVPVLLFLWWPQQ,1,20,111,133,False
QDLWPALLFLAQPWQ,1,20,111,133,False
QDLWPALLFLSWPPQ,1,20,111,133,False
QDLWPALLFLSWPQQ,11,20,111,133,True
QDLWPFLLFLQGPMQ,1,20,111,133,False
QDLWPGLLFLNLPQQ,1,20,111,133,False
QDLWPGLLFLWGPGQ,1,20,111,133,False
QDLWPKLLFLLWPQQ,1,20,111,133,False
QDLWPLLLFLCLPVQ,1,4,603,1344,False
QDLWPLLLFLELPLQ,1,156,79,85,False
QDLWPLLLFLFLPVQ,1,4,603,1344,False
QDLWPLLLFLGGPLQ,1,156,79,85,False
QDLWPLLLFLGLPAQ,1,452,22,24,False
QDLWPLLLFLHLPPQ,1,20,111,133,False
QDLWPLLLFLLFPGQ,1,20,111,133,False
QDLWPLLLFLLLPVQ,1,4,603,1344,False
QDLWPLLLFLLSPWQ,1,20,111,133,False
QDLWPLLLFLQLPVQ,1,4,603,1344,False
QDLWPLLLFLWLPVQ,1,4,603,1344,False
QDLWPLLLFLWSPVQ,1,20,111,133,False
QDLWPMLLFLEWPEQ,3,20,111,133,False
QDLWPMLLFLGLPAQ,1,20,111,133,False
QDLWPQLLFLGWPLQ,1,20,111,133,False
QDLWPRLLFLWVPRQ,1,20,111,133,False
QDLWPRLLFLYFPPQ,1,20,111,133,False
QDLWPTLLFLLCPSQ,3,20,111,133,False
QDLWPVLLFLQWPGQ,1,20,111,133,False
QDLWPVLLFLSAPRR,2,20,111,133,False
QDLWPWLLFCCGRCR,1,2261,1,1,True
QDLWPWLLFLGLPVQ,2,80,35,40,False
QDLWPWLLFLLLPGQ,1,20,111,133,False
QDLWPWLLFLQLPVQ,1,4,603,1344,False
QDLWPWLLFLTTPVQ,1,20,111,133,False
QDLWPWLLFLWVPLQ,1,20,111,133,False
QDLWPYLLFLKKPKQ,1,0,1628,17219,False
QDLYPALLFLSNPKQ,1,20,111,133,False
QDLYPLLLFLGMPLQ,1,156,79,85,False
QDMGPFLLFLNWPVQ,1,54,100,139,False
QDMGPLLLFLFLPRQ,1,54,100,139,False
QDMHPRLLFLWWPGQ,2,148,23,27,False
QDMLPVLLFLQVPVQ,1,461,20,22,False
QDMLPWLLFLRWPAQ,1,54,100,139,False
QDMMPVAAVSAHPEA,1,2262,1,1,True
QDMNPFLLFLKRPSQ,3,0,1628,17219,False
QDMNPFLLFLRQPTQ,1,54,100,139,False
QDMNPLLLFLKSPLQ,1,54,100,139,False
QDMNPLLLFLRQPPQ,1,54,100,139,False
QDMNPLLLFLRWPIQ,5,54,100,139,True
QDMNPLLLFLRWPQQ,1,54,100,139,False
QDMNPMLLFLRQPRQ,1,54,100,139,False
QDMNPWLLFLAQPWQ,1,1,1197,10527,False
QDMNPWLLFLFPPAQ,2,3,2229,22657,False
QDMNPWLLFLGRPVQ,16,9,239,562,False
QDMNPWLLFLIKPMQ,2,23,142,268,False
QDMNPWLLFLKKPKQ,1,0,1628,17219,False
QDMNPWLLFLKMPNQ,1,0,1628,17219,False
QDMNPWLLFLKMPYQ,1,2234,7,7,False
QDMNPWLLFLKQPEQ,1,0,1628,17219,False
QDMNPWLLFLKQPKQ,1,0,1628,17219,False
QDMNPWLLFLKQPNQ,1,2120,12,12,False
QDMNPWLLFLKRPQQ,1,9,239,562,False
QDMNPWLLFLKSPEQ,2,23,142,268,False
QDMNPWLLFLKSPKQ,6,0,1628,17219,False
QDMNPWLLFLKSPRQ,9,23,142,268,False
QDMNPWLLFLKSPTQ,1,23,142,268,False
QDMNPWLLFLLCPAQ,1,3,2229,22657,False
QDMNPWLLFLLEPGQ,3,9,239,562,False
QDMNPWLLFLLKPGQ,1,0,1628,17219,False
QDMNPWLLFLLQPKQ,1,9,239,562,False
QDMNPWLLFLMEPNQ,1,9,239,562,False
QDMNPWLLFLMSPRQ,1,23,142,268,False
QDMNPWLLFLQLPAQ,1,3,2229,22657,False
QDMNPWLLFLQLPVQ,3,4,603,1344,False
QDMNPWLLFLQRPVQ,1,9,239,562,False
QDMNPWLLFLQWPAQ,1,9,239,562,False
QDMNPWLLFLRAPRQ,1,54,100,139,False
QDMNPWLLFLRFPSQ,4,54,100,139,False
QDMNPWLLFLRGPLQ,1,54,100,139,False
QDMNPWLLFLRGPSQ,1,54,100,139,False
QDMNPWLLFLRGPWQ,88,1,1197,10527,False
QDMNPWLLFLRLPEQ,1,54,100,139,False
QDMNPWLLFLRLPKQ,2,9,239,562,False
QDMNPWLLFLRLPSQ,4,54,100,139,False
QDMNPWLLFLRMPAQ,3,54,100,139,False
QDMNPWLLFLRMPGQ,69,7,629,1764,False
QDMNPWLLFLRMPKQ,1,9,239,562,False
QDMNPWLLFLRMPVQ,1,54,100,139,False
QDMNPWLLFLRMPWQ,1,54,100,139,False
QDMNPWLLFLRQPAQ,1,54,100,139,False
QDMNPWLLFLRQPKQ,1,9,239,562,False
QDMNPWLLFLRQPPQ,1,54,100,139,False
QDMNPWLLFLRQPQQ,1,7,629,1764,False
QDMNPWLLFLRQPYQ,1,54,100,139,False
QDMNPWLLFLRRPTQ,1,9,239,562,False
QDMNPWLLFLRSPGQ,1,23,142,268,False
QDMNPWLLFLSMPLQ,1,9,239,562,False
QDMNPWLLFLSQPVQ,2,1,1197,10527,False
QDMNPWLLFLSRPKQ,5,9,239,562,False
QDMNPWLLFLSVPQQ,2,7,629,1764,False
QDMNPWLLFLSWPVQ,5,54,100,139,False
QDMNPWLLFLSYPPQ,1,9,239,562,False
QDMNPWLLFLTKPPQ,1,0,1628,17219,False
QDMNPWLLFLTRPAQ,1,9,239,562,False
QDMNPWLLFLTRPQQ,1,9,239,562,False
QDMNPWLLFLVNPAQ,20,3,2229,22657,False
QDMNPWLLFLVRPAQ,12,9,239,562,False
QDMNPYLLFLAQPWQ,1,1,1197,10527,False
QDMNPYLLFLKGPKQ,1,0,1628,17219,False
QDMNPYLLFLKKPKQ,6,0,1628,17219,False
QDMNPYLLFLKMPKQ,10,0,1628,17219,False
QDMNPYLLFLKQPAQ,1,0,1628,17219,False
QDMNPYLLFLLRPWQ,1,1900,36,36,False
QDMNPYLLFLNWPKQ,3,0,1628,17219,False
QDMNPYLLFLRAPSQ,1,12,343,758,False
QDMNPYLLFLRHPPQ,1,54,100,139,False
QDMNPYLLFLRIPSQ,1,12,343,758,False
QDMNPYLLFLRKPHQ,6,0,1628,17219,False
QDMNPYLLFLRKPQQ,1,0,1628,17219,False
QDMNPYLLFLRMPAQ,22,12,343,758,False
QDMNPYLLFLRNPHQ,7,0,1628,17219,False
QDMNPYLLFLRNPKQ,2,0,1628,17219,False
QDMNPYLLFLRNPNQ,1,54,100,139,False
QDMNPYLLFLRNPYQ,1,54,100,139,False
QDMNPYLLFLRQPKQ,2,0,1628,17219,False
QDMNPYLLFLRQPQQ,1,54,100,139,False
QDMNPYLLFLRQPSQ,1,12,343,758,False
QDMNPYLLFLRQPTQ,2,54,100,139,False
QDMNPYLLFLRQPVQ,1,54,100,139,False
QDMNPYLLFLRSPKQ,30,0,1628,17219,False
QDMNPYLLFLSQPRQ,1,1522,14,14,False
QDMNPYLLFLSVPFQ,1,0,1628,17219,False
QDMNPYLLFLSVPLQ,1,0,1628,17219,False
QDMNPYLLFLTKPRQ,1,0,1628,17219,False
QDMNPYLLFLTQPNQ,2,2,509,4610,False
QDMNPYLLFLWKPDQ,7,0,1628,17219,False
QDMNPYLLFLWKPKQ,52,0,1628,17219,False
QDMNPYLLFLWKPMQ,1,0,1628,17219,False
QDMNPYLLFLWKPQQ,2,0,1628,17219,False
QDMQPCLLFLGRAGP,1,456,5,6,False
QDMQPYLLFLRRPQQ,1,54,100,139,False
QDMRPSLLFLGGAGA,2,456,5,6,True
QDMRPWLLFLMGPEQ,1,137,39,48,False
QDMSPNLLFRASRSR,1,857,3,3,False
QDMTPDLLFLIDPAQ,1,458,21,22,False
QDMVPWLLFLKWPAQ,1,3,2229,22657,False
QDNAPRLLFLMFPTQ,1,1497,4,4,False
QDNDPSLLFLKEAEA,1,2263,1,1,True
QDNGPDLLFLRSPSQ,1,2264,1,1,True
QDNGPFLLFLLLPGQ,1,453,36,38,False
QDNHPELLFLIQPYQ,1,1813,2,2,False
QDNHPRLLFLIVPKQ,1,458,21,22,False
QDNHPTLLFLRDPRQ,1,421,9,12,False
QDNKPKLLFLKEPDQ,1,1616,2,2,False
QDNKPLLLFLVMPCQ,1,137,39,48,False
QDNKPNLLFLKRPRQ,1,544,8,10,False
QDNKPRLLFLINPIQ,1,458,21,22,False
QDNLPLLLFLLGPRQ,1,221,41,45,False
QDNNPNLLFLIKPQQ,1,0,1628,17219,False
QDNNPNLLFLRKPLQ,1,0,1628,17219,False
QDNNPRLLFLQLPVQ,1,4,603,1344,False
QDNNPWLLFLHKPAQ,1,0,1628,17219,False
QDNNPWLLFLKMPAQ,2,3,2229,22657,False
QDNNPWLLFLKWPMQ,7,0,1628,17219,False
QDNNPWLLFLRKPIQ,1,7,629,1764,False
QDNNPWLLFLRMPSQ,2,12,343,758,False
QDNNPWLLFLSRPKQ,1,9,239,562,False
QDNNPYLLFLKKPKQ,1,0,1628,17219,False
QDNNPYLLFLRIPSQ,1,12,343,758,False
QDNNPYLLFLRNPWQ,1,0,1628,17219,False
QDNNPYLLFLRRPSQ,1,12,343,758,False
QDNNPYLLFLRRPYQ,1,0,1628,17219,False
QDNNPYLLFLRVPSQ,1,12,343,758,False
QDNNPYLLFLRYPQQ,1,421,9,12,False
QDNNPYLLFLWKPNQ,2,0,1628,17219,False
QDNQPCLLFLHKPKQ,1,0,1628,17219,False
QDNQPDLLFLSQPTQ,1,727,9,9,False
QDNQPTLLFLWRPSQ,1,454,16,18,False
QDNRPLLLFLWAPLQ,1,48,50,61,False
QDNRPNLLFLGIPSQ,1,451,5,6,False
QDNSPKLLFLISPAQ,1,1496,8,8,False
QDNSPKLLFLRNPKQ,1,1496,8,8,False
QDNSPKLLFLTCRSR,2,457,3,4,True
QDNSPMLLFLSQPGQ,1,213,9,10,False
QDNTPQLLFLNKPEQ,1,2265,1,1,True
QDNVPKLLFLYNPMQ,1,1496,8,8,False
QDNWPLLLFLTWPRQ,1,20,111,133,False
QDNYPKLLVSEQPGA,1,2266,1,1,True
QDPFPQLLFLFLPAQ,1,452,22,24,False
QDPGPVLLFLFYPRQ,1,461,20,22,False
QDPRPDPAVSEHPGP,1,2247,2,2,False
QDPRPLLLFLWHPQQ,1,640,16,16,False
QDPVPLLLFLGWPWQ,1,54,100,139,False
QDPWPWLLFLQWPAQ,1,56,210,255,False
QDQFPMLLFLRRPPQ,1,2209,5,5,False
QDQFPWLLFLRWPYQ,1,54,100,139,False
QDQGPLLLFLGLPVQ,1,2255,9,9,False
QDQGPTLLFLWEPVQ,1,227,22,26,False
QDQKPILLFLRDPKQ,1,1531,22,22,False
QDQKPMLLFLWQPWQ,1,138,47,50,False
QDQKPNLLFLSKPKQ,1,0,1628,17219,False
QDQLPGLLFLWWPQQ,1,20,111,133,False
QDQLPLLLFLGGPWQ,1,138,47,50,False
QDQMPMLLFLRGPLQ,1,199,16,17,False
QDQMPWLLFLGWPSQ,1,454,16,18,False
QDQNPLLLFLFYPGQ,1,54,100,139,False
QDQNPWLLFLKQPKQ,1,0,1628,17219,False
QDQNPWLLFLLEPRQ,1,23,142,268,False
QDQNPWLLFLRLPSQ,1,2260,14,14,False
QDQNPWLLFLRYPYQ,1,459,9,10,False
QDQNPYLLFLRNPKQ,1,0,1628,17219,False
QDQNPYLLFLRRPTQ,1,0,1628,17219,False
QDQNPYLLFLWRPYQ,2,0,1628,17219,False
QDQRPRLLFLGAPQQ,1,458,21,22,False
QDQRPRLLFLIMPAQ,2,458,21,22,True
QDQSPNLLFLGHPEA,1,2267,1,1,True
QDQVPGLLFLWEPWQ,1,138,47,50,False
QDQVPLLLFLSVPLQ,1,48,50,61,False
QDQVPLLLFLVSPQQ,1,2239,9,9,False
QDQVPMLLFLSTPRQ,1,2251,10,10,False
QDQWPLLLFLGVPWQ,2,68,51,63,False
QDQWPLLLFLGVPYQ,1,2255,9,9,False
QDQWPLLLFLLWPLQ,2,20,111,133,False
QDQWPLLLFLNWPVQ,1,469,21,23,False
QDQWPWLLFLKVPKQ,1,1246,13,13,False
QDQWPWLLFLLSPGQ,1,23,142,268,False
QDQWPWLLFLSVPVQ,1,20,111,133,False
QDQYPKLLFLLWPNQ,1,454,16,18,False
QDQYPMLLFLLGPRQ,1,459,9,10,False
QDQYPSLLFLKNPQQ,1,199,16,17,False
QDQYPWLLFLTYPSQ,2,459,9,10,True
QDRAPALLFLWGPWQ,1,138,47,50,False
QDRAPLLLFLSWPQQ,1,20,111,133,False
QDRAPWLLFLRQPSQ,1,130,94,113,False
QDRCPKLLFLRLPWQ,2,127,34,42,False
QDRDPRLLFLLIPQQ,1,462,9,10,False
QDRFPLLLFLLRPMQ,1,424,27,28,False
QDRFPSLLFLILPEQ,2,460,10,12,True
QDRFPVLLFLLRPLQ,1,460,10,12,False
QDRFPYLLFLRWPPQ,2,54,100,139,False
QDRGPFLLFLLMPSQ,1,454,16,18,False
QDRGPGLLFLLWPCQ,1,243,60,64,False
QDRGPRLLFLYIPWQ,1,127,34,42,False
QDRGPWLLFLSQPVQ,1,24,22,31,False
QDRHPMLLFLSLPYQ,1,460,10,12,False
QDRKPFLLFLRFPMQ,1,137,39,48,False
QDRKPNLLFLNRPQQ,1,96,48,56,False
QDRKPNLLFLTSPNQ,1,24,22,31,False
QDRKPQLLFLGYPLQ,1,462,9,10,False
QDRKPRLLFLRQPSQ,1,462,9,10,False
QDRLPLLLFCSSRSR,1,2268,2,2,True
QDRLPLLLFLQGPLQ,1,221,41,45,False
QDRLPPLLFLVFPSQ,1,461,20,22,False
QDRLPQLLFLSQPRQ,1,96,48,56,False
QDRLPRLLFLMWPVQ,1,461,20,22,False
QDRLPVLLFLFSPVQ,2,461,20,22,True
QDRLPWLLFLQWPVQ,1,56,210,255,False
QDRLPWLLFLRFPLQ,1,212,27,30,False
QDRMPLLLFLKGPRQ,1,2269,3,3,True
QDRMPLLLFLLQPWQ,2,454,16,18,False
QDRMPVLLFLLHPMQ,1,424,27,28,False
QDRMPWLLFLLAPGQ,1,212,27,30,False
QDRMPYLLFLRLPAQ,1,452,22,24,False
QDRNPLLLFLRVPVQ,1,54,100,139,False
QDRNPMLLFLQMPQQ,1,462,9,10,False
QDRNPRLLFLGAPPQ,2,462,9,10,True
QDRNPWLLFLAQPWQ,1,1,1197,10527,False
QDRNPWLLFLKMPRQ,1,2269,3,3,False
QDRNPWLLFLKRPLQ,1,0,1628,17219,False
QDRNPWLLFLKSPKQ,1,0,1628,17219,False
QDRNPWLLFLKVPKQ,4,0,1628,17219,False
QDRNPWLLFLKWPAQ,1,3,2229,22657,False
QDRNPWLLFLKWPGQ,2,0,1628,17219,False
QDRNPWLLFLMGPGQ,1,524,8,9,False
QDRNPWLLFLMLPKQ,1,0,1628,17219,False
QDRNPWLLFLNLPRQ,1,468,48,52,False
QDRNPWLLFLQWPVQ,1,56,210,255,False
QDRNPWLLFLRGPKQ,2,0,1628,17219,False
QDRNPWLLFLRKPYQ,1,7,629,1764,False
QDRNPWLLFLRLPPQ,1,462,9,10,False
QDRNPWLLFLRQPAQ,1,1,1197,10527,False
QDRNPWLLFLRVPGQ,9,7,629,1764,False
QDRNPWLLFLRWPEQ,1,54,100,139,False
QDRNPWLLFLRWPQQ,1,7,629,1764,False
QDRNPWLLFLSQPAQ,1,1,1197,10527,False
QDRNPWLLFLSQPVQ,1,1,1197,10527,False
QDRNPWLLFLTRPKQ,1,9,239,562,False
QDRNPWLLFLTVPAQ,2,3,2229,22657,False
QDRNPWLLFLYRPWQ,1,1,1197,10527,False
QDRNPYLLFLFKPMQ,1,0,1628,17219,False
QDRNPYLLFLKIPRQ,1,0,1628,17219,False
QDRNPYLLFLKIPSQ,2,0,1628,17219,False
QDRNPYLLFLKIPYQ,15,0,1628,17219,False
QDRNPYLLFLKNPKQ,1,0,1628,17219,False
QDRNPYLLFLKSPMQ,1,0,1628,17219,False
QDRNPYLLFLRKPCQ,1,0,1628,17219,False
QDRNPYLLFLRSPKQ,2,0,1628,17219,False
QDRNPYLLFLRSPNQ,1,0,1628,17219,False
QDRNPYLLFLRTPNQ,1,0,1628,17219,False
QDRPPQLLFLFLPGQ,1,127,34,42,False
QDRQPNLLFLILPWQ,1,460,10,12,False
QDRRPILLFLAFPQQ,1,468,48,52,False
QDRRPLLLFCGSRSR,1,2268,2,2,False
QDRRPLLLFLVLPEQ,1,460,10,12,False
QDRRPLLLFLWPPQQ,1,96,48,56,False
QDRRPRLLFLFVPYQ,1,458,21,22,False
QDRRPWLLFLLLPEQ,1,424,27,28,False
QDRRPWLLFLYDPRQ,1,468,48,52,False
QDRSPCCCFC*ARTR,1,2270,1,1,True
QDRSPLLLFLLEPFQ,1,452,22,24,False
QDRSPWLLFLRLPLQ,1,212,27,30,False
QDRTPFLLFLMVPTQ,1,2245,3,3,False
QDRTPFLLFLRWPQQ,1,20,111,133,False
QDRTPWLLFLGLPWQ,2,127,34,42,False
QDRTPYLLFLRKPGQ,1,0,1628,17219,False
QDRTRGCCFCRCRCR,1,2271,2,2,True
QDRVPKLLFLFLPAQ,1,452,22,24,False
QDRVPVLLFLMGPHQ,1,461,20,22,False
QDRVPWLLFLLLPGQ,1,424,27,28,False
QDRVPWLLFLRWPRQ,1,1836,3,3,False
QDRWPELLFLWRPKQ,2,96,48,56,False
QDRWPFLLFLFLPGQ,1,212,27,30,False
QDRWPKLLFLFGPQQ,2,20,111,133,False
QDRWPLLLFLMFPQQ,1,20,111,133,False
QDRWPLLLFLMWPVQ,1,20,111,133,False
QDRWPLLLFLRAPLQ,1,54,100,139,False
QDRWPMLLFLIEPRQ,2,460,10,12,False
QDRWPQLLFLIAPPQ,1,462,9,10,False
QDRWPQLLFLLWPQQ,1,20,111,133,False
QDRWPRLLFLLVPLQ,1,453,36,38,False
QDRWPWLLFLEVPPQ,1,212,27,30,False
QDRWPWLLFLGVPVQ,1,80,35,40,False
QDRWPWLLFLLGPQQ,1,20,111,133,False
QDRWPWLLFLLKPSQ,1,212,27,30,False
QDRWPWLLFLMEPRQ,1,212,27,30,False
QDRWPWLLFLSQPVQ,1,20,111,133,False
QDRYPQLLFLLRPIQ,1,96,48,56,False
QDSAPFLLFLAFPFQ,1,2272,1,1,True
QDSFPWLLFLRKPRQ,1,7,629,1764,False
QDSGPLLLFLLVPRQ,1,2255,9,9,False
QDSGPLLLFLVFPDQ,1,374,38,39,False
QDSGPWLLFLKGPYQ,1,137,39,48,False
QDSGPWLLFLQMPVQ,1,56,210,255,False
QDSGRSCCFCSCRSR,1,2273,1,1,True
QDSIPHLLFLNNPKQ,1,469,21,23,False
QDSKPNLLFLSSPIQ,1,1294,4,4,False
QDSLPFLLFLTVPHQ,1,138,47,50,False
QDSLPLLLFLEVPRQ,1,138,47,50,False
QDSLPQLLFLLRPAQ,1,96,48,56,False
QDSLPRLLFLWLPYQ,1,453,36,38,False
QDSMPFLLFLSGPGQ,1,727,9,9,False
QDSMPLLLFLLLPDQ,1,374,38,39,False
QDSMPVAAVSGPAGA,1,244,36,38,False
QDSNPNLLFLKNPEQ,1,0,1628,17219,False
QDSNPWLLFLARPWQ,3,1,1197,10527,False
QDSNPWLLFLHKPEQ,1,0,1628,17219,False
QDSNPWLLFLKLPRQ,2,3,2229,22657,False
QDSNPWLLFLKQPNQ,1,2120,12,12,False
QDSNPWLLFLKRPRQ,2,0,1628,17219,False
QDSNPWLLFLLKPSQ,1,0,1628,17219,False
QDSNPWLLFLLQPQQ,1,1,1197,10527,False
QDSNPWLLFLQQPKQ,1,9,239,562,False
QDSNPWLLFLRIPAQ,2,3,2229,22657,False
QDSNPWLLFLRIPVQ,1,7,629,1764,False
QDSNPWLLFLRLPGQ,1,2260,14,14,False
QDSNPWLLFLRLPKQ,9,0,1628,17219,False
QDSNPWLLFLRMPIQ,1,54,100,139,False
QDSNPWLLFLRMPRQ,1,7,629,1764,False
QDSNPWLLFLRQPPQ,1,1,1197,10527,False
QDSNPWLLFLRTPSQ,1,2260,14,14,False
QDSNPWLLFLRVPTQ,3,23,142,268,False
QDSNPWLLFLRYPQQ,6,7,629,1764,False
QDSNPWLLFLSRPLQ,1,9,239,562,False
QDSNPWLLFLSVPAQ,3,3,2229,22657,False
QDSNPWLLFLTEPWQ,1,1,1197,10527,False
QDSNPWLLFLVRPVQ,1,9,239,562,False
QDSNPWLLFLWSPKQ,3,23,142,268,False
QDSNPYLLFLNRPQQ,1,1900,36,36,False
QDSPAVAAVSVEPEP,1,2274,1,1,True
QDSQPLLLFLWMPVQ,1,80,35,40,False
QDSQPVLLFLKQPVQ,1,80,35,40,False
QDSRPRLLFLLVPHQ,1,458,21,22,False
QDSRPRLLFLVHPNQ,1,451,5,6,False
QDSRPVLLFLRVPQQ,1,1212,17,17,False
QDSSPVLLFLSQPQQ,1,20,111,133,False
QDSTPDPAVSEEPEA,2,463,2,3,True
QDSTPKLLFLRKPQQ,2,7,629,1764,False
QDSVPLLLFLQLPMQ,1,4,603,1344,False
QDSVPLLLFLQVAGA,2,464,2,3,True
QDSVPRLLFLFWPHQ,1,2239,9,9,False
QDSWPGLLFLGCPVQ,4,80,35,40,True
QDSWPLLLFLMTPRQ,1,80,35,40,False
QDSWPMLAVSVVPVA,2,465,3,5,True
QDSWPMLLFLMNPSQ,1,80,35,40,False
QDSYPMLLFLQWPVQ,1,56,210,255,False
QDTFPILLFLRLPQQ,1,40,66,76,False
QDTLPLLLFLQRPEQ,1,221,41,45,False
QDTLPWLLFLAVPWQ,1,138,47,50,False
QDTMPPLLFLSDPQQ,1,20,111,133,False
QDTNPLLLFLSNPAQ,2,41,88,103,False
QDTNPWLLFLHNPKQ,2,0,1628,17219,False
QDTNPWLLFLKKPKQ,1,0,1628,17219,False
QDTNPWLLFLKKPRQ,1,0,1628,17219,False
QDTNPWLLFLKMPRQ,7,0,1628,17219,False
QDTNPWLLFLKNPAQ,1,3,2229,22657,False
QDTNPWLLFLRLPPQ,2,3,2229,22657,False
QDTNPWLLFLRMPQQ,3,7,629,1764,False
QDTNPWLLFLRQPAQ,2,1,1197,10527,False
QDTNPWLLFLRQPSQ,1,2260,14,14,False
QDTNPWLLFLRRPPQ,2,7,629,1764,False
QDTNPWLLFLRRPWQ,3,1,1197,10527,False
QDTNPWLLFLRVPKQ,1,0,1628,17219,False
QDTNPWLLFLSIPAQ,1,3,2229,22657,False
QDTNPWLLFLSYPAQ,1,3,2229,22657,False
QDTNPWLLFLYKPKQ,1,0,1628,17219,False
QDTNPYLLFLKEPIQ,1,0,1628,17219,False
QDTNPYLLFLKIPTQ,3,0,1628,17219,False
QDTNPYLLFLKMPVQ,1,0,1628,17219,False
QDTNPYLLFLQYPIQ,1,2196,13,13,False
QDTNPYLLFLRHPIQ,3,54,100,139,False
QDTNPYLLFLRIPKQ,1,0,1628,17219,False
QDTNPYLLFLRKPTQ,1,0,1628,17219,False
QDTNPYLLFLRLPRQ,2,0,1628,17219,False
QDTNPYLLFLRQPKQ,1,0,1628,17219,False
QDTNPYLLFLRSPTQ,1,23,142,268,False
QDTNPYLLFLRYPKQ,2,0,1628,17219,False
QDTNPYLLFLTQPNQ,1,2,509,4610,False
QDTNPYLLFLTQPWQ,1,2,509,4610,False
QDTNPYLLFLWKPTQ,7,0,1628,17219,False
QDTNPYLLFLWMPPQ,1,0,1628,17219,False
QDTQPWLLFLKQPLQ,1,175,27,28,False
QDTRPYLLFLILPKQ,1,0,1628,17219,False
QDTRPYLLFLLYPQQ,1,1629,4,4,False
QDTSPKLLFLKSPQQ,1,199,16,17,False
QDTSPNLLFLNSPKQ,1,434,4,5,False
QDTTPSLLFLQNPNQ,2,466,4,5,True
QDTWPGLLFLPAPQQ,1,20,111,133,False
QDTWPKLLFLWVPGQ,1,138,47,50,False
QDTWPRCCFCRGRGR,1,2275,1,1,True
QDTWPWLLFLGYPKQ,1,80,35,40,False
QDTWPWLLFLQMPWQ,1,53,100,123,False
QDVAAGAAVSVLPDA,1,2276,1,1,True
QDVAPVLLFLLWPWQ,1,454,16,18,False
QDVAPYLLFLSQPKQ,1,0,1628,17219,False
QDVCGCCFC*SRCRV,1,2277,1,1,True
QDVCPVLLFLEQPCQ,1,2249,4,4,False
QDVFPVLLFLHQPIQ,1,2278,5,5,True
QDVFPWLLFLSFPGQ,1,468,48,52,False
QDVGPFLLFLVMPGQ,1,2235,4,4,False
QDVGPGLLFLGRPGQ,1,80,35,40,False
QDVGPVLLFLCGPVQ,1,461,20,22,False
QDVGPVLLFLRQPAQ,1,2278,5,5,False
QDVGPVPAVSDVAGA,2,467,2,3,True
QDVGPWLLFLGVPVQ,1,2255,9,9,False
QDVGPWLLFLGWPVQ,1,56,210,255,False
QDVGPWLLFLQLPVQ,1,468,48,52,False
QDVGPWLLFLQWPPQ,1,15,198,343,False
QDVGPWLLFLRYPQQ,1,7,629,1764,False
QDVGPWLLFLWRPVQ,1,453,36,38,False
QDVLPFLLFLRSPRQ,1,221,41,45,False
QDVLPLLLFCCCRCR,1,662,3,3,False
QDVLPLLLFLGWPKQ,1,54,100,139,False
QDVLPMLLFLNSPQQ,1,199,16,17,False
QDVLPVLLFLAWPQQ,1,20,111,133,False
QDVLPWLLFLELPQQ,1,468,48,52,False
QDVLPWLLFLSLPQQ,1,468,48,52,False
QDVMPLLLFLNNPKQ,1,469,21,23,False
QDVMPRLLFLFLPFQ,1,453,36,38,False
QDVNPFLLFLRQPKQ,2,0,1628,17219,False
QDVNPFLLFLSVPLQ,1,2279,9,9,True
QDVNPLLLFLLWPAQ,1,54,100,139,False
QDVNPLLLFLRLPLQ,1,54,100,139,False
QDVNPLLLFLRQPKQ,1,54,100,139,False
QDVNPLLLFLRSPVQ,1,54,100,139,False
QDVNPLLLFLRVPMQ,3,54,100,139,False
QDVNPLLLFLRVPQQ,1,54,100,139,False
QDVNPLLLFLWRPLQ,1,2279,9,9,False
QDVNPMLLFLKIPAQ,5,0,1628,17219,False
QDVNPWLLFLAQPWQ,2,1,1197,10527,False
QDVNPWLLFLARPSQ,1,468,48,52,False
QDVNPWLLFLGRPEQ,2,9,239,562,False
QDVNPWLLFLGRPQQ,2,7,629,1764,False
QDVNPWLLFLGRPWQ,1,1,1197,10527,False
QDVNPWLLFLHNPKQ,1,1573,36,36,False
QDVNPWLLFLHRPGQ,5,9,239,562,False
QDVNPWLLFLKAPSQ,2,0,1628,17219,False
QDVNPWLLFLKQPNQ,1,1573,36,36,False
QDVNPWLLFLKSPSQ,6,23,142,268,False
QDVNPWLLFLLLPIQ,1,468,48,52,False
QDVNPWLLFLMEPNQ,1,1573,36,36,False
QDVNPWLLFLMQPAQ,1,1,1197,10527,False
QDVNPWLLFLQCPWQ,1,845,3,3,False
QDVNPWLLFLQRPLQ,1,9,239,562,False
QDVNPWLLFLQWPAQ,1,15,198,343,False
QDVNPWLLFLRFPSQ,1,2260,14,14,False
QDVNPWLLFLRGPWQ,1,1,1197,10527,False
QDVNPWLLFLRIPSQ,1,2233,10,10,False
QDVNPWLLFLRLPFQ,21,3,2229,22657,False
QDVNPWLLFLRLPGQ,1,468,48,52,False
QDVNPWLLFLRLPKQ,3,0,1628,17219,False
QDVNPWLLFLRMPEQ,2,7,629,1764,False
QDVNPWLLFLRMPNQ,1,1573,36,36,False
QDVNPWLLFLRNPSQ,1,1573,36,36,False
QDVNPWLLFLRRPVQ,1,7,629,1764,False
QDVNPWLLFLRSPVQ,1,23,142,268,False
QDVNPWLLFLSKPQQ,1,7,629,1764,False
QDVNPWLLFLSLPAQ,1,3,2229,22657,False
QDVNPWLLFLSMPKQ,2,0,1628,17219,False
QDVNPWLLFLSMPRQ,1,468,48,52,False
QDVNPWLLFLSQPIQ,1,2278,5,5,False
QDVNPWLLFLSQPVQ,4,1,1197,10527,False
QDVNPWLLFLSVPAQ,3,3,2229,22657,False
QDVNPWLLFLTLPAQ,2,3,2229,22657,False
QDVNPWLLFLTLPFQ,1,468,48,52,False
QDVNPWLLFLTQPKQ,1,0,1628,17219,False
QDVNPWLLFLTQPNQ,1,2,509,4610,False
QDVNPWLLFLVGPSQ,1,137,39,48,False
QDVNPWLLFLVQPVQ,1,1,1197,10527,False
QDVNPWLLFLWDPGQ,1,23,142,268,False
QDVNPWLLFLYRPKQ,1,9,239,562,False
QDVNPWLLFLYRPQQ,43,7,629,1764,False
QDVNPWLLFLYRPYQ,1,9,239,562,False
QDVNPYLLFLGWPPQ,8,15,198,343,False
QDVNPYLLFLGWPRQ,1,15,198,343,False
QDVNPYLLFLIKPYQ,1,0,1628,17219,False
QDVNPYLLFLITPRQ,1,0,1628,17219,False
QDVNPYLLFLIVPVQ,1,2279,9,9,False
QDVNPYLLFLKHPNQ,1,0,1628,17219,False
QDVNPYLLFLKHPTQ,3,0,1628,17219,False
QDVNPYLLFLKIPYQ,1,0,1628,17219,False
QDVNPYLLFLKKPKQ,3,0,1628,17219,False
QDVNPYLLFLKNPSQ,6,0,1628,17219,False
QDVNPYLLFLKQPKQ,1,0,1628,17219,False
QDVNPYLLFLKQPSQ,1,0,1628,17219,False
QDVNPYLLFLKQPVQ,1,0,1628,17219,False
QDVNPYLLFLKSPTQ,1,0,1628,17219,False
QDVNPYLLFLKYPKQ,1,0,1628,17219,False
QDVNPYLLFLRKPCQ,3,0,1628,17219,False
QDVNPYLLFLRKPTQ,1,0,1628,17219,False
QDVNPYLLFLRMPKQ,10,0,1628,17219,False
QDVNPYLLFLRNPKQ,7,0,1628,17219,False
QDVNPYLLFLRQPAQ,1,0,1628,17219,False
QDVNPYLLFLRRPQQ,1,1900,36,36,False
QDVNPYLLFLRRPYQ,6,15,198,343,False
QDVNPYLLFLSKPQQ,1,0,1628,17219,False
QDVNPYLLFLSNPYQ,1,15,198,343,False
QDVNPYLLFLSQPKQ,2,0,1628,17219,False
QDVNPYLLFLTQPKQ,1,0,1628,17219,False
QDVNPYLLFLTQPNQ,1,2,509,4610,False
QDVNPYLLFLTQPQQ,1,2,509,4610,False
QDVNPYLLFLVPPYQ,1,15,198,343,False
QDVNPYLLFLVQPKQ,1,0,1628,17219,False
QDVNPYLLFLWKPNQ,1,0,1628,17219,False
QDVNPYLLFLWQPNQ,1,2,509,4610,False
QDVNPYLLFLWQPQQ,1,0,1628,17219,False
QDVNPYLLFLWSPAQ,1,0,1628,17219,False
QDVNPYLLFLWSPGQ,1,0,1628,17219,False
QDVNPYLLFLYKPKQ,11,0,1628,17219,False
QDVNPYLLFLYRPKQ,1,0,1628,17219,False
QDVNPYLLFLYRPMQ,23,0,1628,17219,False
QDVQPFLLFLLKPKQ,1,0,1628,17219,False
QDVQPRLLFLSIPRQ,1,175,27,28,False
QDVQPVLLFLAIPQQ,1,468,48,52,False
QDVQPWLLFLLLPSQ,1,468,48,52,False
QDVRPWLLFLALPRQ,2,468,48,52,True
QDVRPWLLFLAVPQQ,1,468,48,52,False
QDVRPWLLFLLSPRQ,2,468,48,52,False
QDVRPWLLFLMMPSQ,1,468,48,52,False
QDVSPMLLFLILPKQ,1,452,22,24,False
QDVSPQLLFLMTPFQ,1,452,22,24,False
QDVSPRLLFPWLPMQ,1,453,36,38,False
QDVVAEPAVSEVAEA,1,2246,2,2,False
QDVVPCLLFLMLPWQ,1,452,22,24,False
QDVVPVLLFLQRPTQ,1,53,100,123,False
QDVVPWLLFLLLPVQ,1,468,48,52,False
QDVVPWLLFLRWPWQ,2,54,100,139,False
QDVWPCLLFLLLPGQ,1,468,48,52,False
QDVWPFLLFLVAPMQ,2,137,39,48,False
QDVWPGLLFLLMPAQ,1,80,35,40,False
QDVWPGLLFLVLPDQ,1,40,66,76,False
QDVWPKLLFLWSPTQ,1,23,142,268,False
QDVWPLLLFLGAPWQ,1,80,35,40,False
QDVWPLLLFLGWPGR,1,226,3,4,False
QDVWPLLLFLLLPQQ,1,20,111,133,False
QDVWPLLLFLLVPVQ,1,80,35,40,False
QDVWPLLLFLLWPQQ,1,20,111,133,False
QDVWPLLLFLQQPKQ,1,469,21,23,False
QDVWPLLLFLRSPRQ,1,54,100,139,False
QDVWPNLLFLLWPAQ,2,20,111,133,False
QDVWPNLLFLLWPRQ,1,20,111,133,False
QDVWPVLLFLQFPSQ,1,53,100,123,False
QDVWPVLLFLRWPPQ,2,20,111,133,False
QDVWPVLLFLVWPGQ,1,20,111,133,False
QDVWPWLLFLFFPKQ,1,468,48,52,False
QDVWPWLLFLFLPVQ,1,468,48,52,False
QDVWPWLLFLGLPVQ,1,80,35,40,False
QDVWPWLLFLGWPVQ,1,80,35,40,False
QDVWPWLLFLQWPLQ,1,15,198,343,False
QDVWPWLLFLVVPVQ,1,80,35,40,False
QDWAPLLLFLQGPLQ,1,4,603,1344,False
QDWEAVPAVSVVAEA,1,2280,2,2,True
QDWEPDCCFCSGRCR,1,2281,1,1,True
QDWFPELLFLMVPMQ,1,2282,2,2,True
QDWGPGLLFLWVPRQ,1,138,47,50,False
QDWGPILLFLSLPLQ,1,453,36,38,False
QDWGPLLLFLGLPKQ,1,469,21,23,False
QDWGPLLLFLGRPNQ,1,2255,9,9,False
QDWGPLLLFLKKPNQ,1,0,1628,17219,False
QDWGPLLLFLRGPVQ,1,4,603,1344,False
QDWGPMLLFLKVPKQ,1,0,1628,17219,False
QDWGPMLLFLLGPSQ,1,1661,5,5,False
QDWGPMLLFLQVPVQ,1,4,603,1344,False
QDWGPQLLFLWLPGQ,1,453,36,38,False
QDWGPRLLFLFLPGQ,1,453,36,38,False
QDWGPRLLFLLWPVQ,1,243,60,64,False
QDWGPVLLFLFRPRQ,2,461,20,22,False
QDWGPVLLFLGLPGR,1,2283,2,2,True
QDWGPVLLFLRWPLQ,1,637,44,44,False
QDWGPVLLFLVRPKQ,1,469,21,23,False
QDWGPVLLFLWAPRQ,1,453,36,38,False
QDWHPLLLFLRLPVQ,1,4,603,1344,False
QDWHPYLLFLIKPPQ,1,0,1628,17219,False
QDWKPVLLVSEVADP,1,2284,1,1,True
QDWLPKLLFLVVPGQ,1,68,51,63,False
QDWLPKLLFLWRPDQ,1,96,48,56,False
QDWLPLLLFLFFPLQ,1,48,50,61,False
QDWLPLLLFLQGPGQ,2,4,603,1344,False
QDWLPLLLFLRIPSQ,1,54,100,139,False
QDWLPVLLFLQWPWQ,1,53,100,123,False
QDWLPWLLFLQVPMQ,1,2282,2,2,False
QDWLPWLLFLVLPVQ,1,4,603,1344,False
QDWLPWLLFLWLPVQ,1,4,603,1344,False
QDWMPDLLFLVLPHQ,1,2285,3,3,True
QDWMPNLLFLSFPDQ,1,2285,3,3,False
QDWMPWLLFLGLPGQ,1,546,32,37,False
QDWNPFLLFLKVPVQ,1,2279,9,9,False
QDWNPILLFLKMPAQ,1,39,164,242,False
QDWNPLLLFLRWPSQ,5,54,100,139,False
QDWNPLLLFLTRPYQ,2,4,603,1344,False
QDWNPMLLFLRYPPQ,1,54,100,139,False
QDWNPWLLFLAQPWQ,1,1,1197,10527,False
QDWNPWLLFLATPNQ,1,1,1197,10527,False
QDWNPWLLFLATPRQ,2,468,48,52,False
QDWNPWLLFLATPSQ,1,1,1197,10527,False
QDWNPWLLFLGWPAQ,1,3,2229,22657,False
QDWNPWLLFLKHPKQ,2,0,1628,17219,False
QDWNPWLLFLKHPRQ,20,0,1628,17219,False
QDWNPWLLFLKHPSQ,1,1622,3,3,False
QDWNPWLLFLKIPRQ,3,0,1628,17219,False
QDWNPWLLFLKQPGQ,1,2120,12,12,False
QDWNPWLLFLKQPRQ,1,2120,12,12,False
QDWNPWLLFLKQPWQ,1,1,1197,10527,False
QDWNPWLLFLNMPVQ,1,4,603,1344,False
QDWNPWLLFLRKPKQ,1,0,1628,17219,False
QDWNPWLLFLRKPVQ,3,7,629,1764,False
QDWNPWLLFLRLPAQ,3,3,2229,22657,False
QDWNPWLLFLRLPSQ,1,2260,14,14,False
QDWNPWLLFLRMPSQ,12,12,343,758,False
QDWNPWLLFLRQPAQ,1,130,94,113,False
QDWNPWLLFLRQPRQ,1,130,94,113,False
QDWNPWLLFLRTPFQ,1,7,629,1764,False
QDWNPWLLFLRTPQQ,1,7,629,1764,False
QDWNPWLLFLSMPRQ,9,23,142,268,False
QDWNPWLLFLSQPVQ,2,130,94,113,False
QDWNPWLLFLTFPAQ,2,3,2229,22657,False
QDWNPWLLFLTRPAQ,16,3,2229,22657,False
QDWNPWLLFLVDPAQ,1,3,2229,22657,False
QDWNPWLLLLKLPAQ,1,3,2229,22657,False
QDWNPWLLLLKVPAQ,1,39,164,242,False
QDWNPYLLFLKKPKQ,1,0,1628,17219,False
QDWNPYLLFLQWPVQ,1,4,603,1344,False
QDWNPYLLFLRHPSQ,3,12,343,758,False
QDWNPYLLFLRIPLQ,1,0,1628,17219,False
QDWNPYLLFLRNPAQ,1,0,1628,17219,False
QDWNPYLLFLRNPEQ,2,0,1628,17219,False
QDWNPYLLFLTAPQQ,1,1900,36,36,False
QDWNQWLLFLRTPQQ,1,7,629,1764,False
QDWQPQLLFLLVPWQ,1,138,47,50,False
QDWQPWLLFLWFPVQ,2,56,210,255,False
QDWRPGLLFLWGPMQ,1,137,39,48,False
QDWRPLLLFLAGPGQ,6,31,119,142,False
QDWRPLLLFLGLPGQ,1,2283,2,2,False
QDWRPLLLFLSEPTQ,1,451,5,6,False
QDWRPLLLFLVLPQQ,1,2285,3,3,False
QDWRPRLLFLEVPGP,1,2286,3,3,True
QDWRPRLLFLFEPLQ,1,2249,4,4,False
QDWRPRLLFLWLPAQ,1,453,36,38,False
QDWRPSLLFLSWPPQ,1,20,111,133,False
QDWRPVLLFLQVPGQ,1,2286,3,3,False
QDWRPWLLFLQLPRQ,1,468,48,52,False
QDWSPMLLFLWFPVQ,1,48,50,61,False
QDWTPLLLFLTWPVQ,1,4,603,1344,False
QDWVPFLLFLGGPLQ,1,92,43,48,False
QDWVPLLLFLGGPGQ,1,2251,10,10,False
QDWVPMLLFLRPPWQ,1,130,94,113,False
QDWVPVLLFLQCPVQ,1,4,603,1344,False
QDWVPWLLFLLVPWQ,1,130,94,113,False
QDWVPWLLFLSQPKQ,1,130,94,113,False
QDWWAVPAVSAGAGA,1,2280,2,2,False
QDWWPFLLFLLLPVQ,1,4,603,1344,False
QDWWPGLLFLIEPAQ,1,73,128,146,False
QDWWPGLLFLWRPQQ,1,20,111,133,False
QDWWPKLLFLGWPGQ,1,20,111,133,False
QDWWPLLLFLCIPVQ,1,469,21,23,False
QDWWPLLLFLLVPLQ,1,469,21,23,False
QDWWPLLLFLLVPVQ,2,4,603,1344,False
QDWWPLLLFLLWPVQ,1,469,21,23,False
QDWWPLLLFLMLPLQ,1,452,22,24,False
QDWWPLLLFLNNPKQ,2,469,21,23,True
QDWWPLLLFLQGPVQ,1,4,603,1344,False
QDWWPLLLFLQRPVQ,1,4,603,1344,False
QDWWPLLLFLVCPVQ,1,80,35,40,False
QDWWPLLLFLVLPEQ,1,469,21,23,False
QDWWPLLLFLVLPVQ,1,4,603,1344,False
QDWWPQLLFLGGPLQ,1,80,35,40,False
QDWWPQLLFLLDPKQ,1,469,21,23,False
QDWWPQVLFLKWPAQ,1,2287,1,1,True
QDWWPRLLFLAVPVQ,1,80,35,40,False
QDWWPSLLFLVNPGQ,1,469,21,23,False
QDWWPVLLFLDKPQQ,1,20,111,133,False
QDWWPVLLFLGLPVQ,1,80,35,40,False
QDWWPVLLFLILPVQ,1,4,603,1344,False
QDWWPVLLFLLFPVQ,1,80,35,40,False
QDWWPWLLFLQYPNQ,1,73,128,146,False
QDWYPKLLFLWVPKQ,1,138,47,50,False
QDWYPRLLFLVWPNQ,1,1020,4,4,False
QDWYPSLLFLITPAQ,1,458,21,22,False
QDWYPTLLFLRNPNQ,1,466,4,5,False
QDYEPLLAVSVEADA,1,2288,1,1,True
QDYEPLLLFLWPPMQ,1,2289,2,2,True
QDYFPLLLFLHMPEQ,1,460,10,12,False
QDYGPMLLFLRLPAQ,1,2238,5,5,False
QDYGPWLLFLMSPQQ,1,23,142,268,False
QDYKPFLLFLTYPQQ,1,459,9,10,False
QDYKPGLLFLLWPVQ,1,80,35,40,False
QDYKPKLLFLDKPNR,1,1576,5,5,False
QDYLPLLLFLMGPKQ,1,0,1628,17219,False
QDYLPLLLFLRLPVQ,1,1504,13,13,False
QDYNP*LLFLRQPWQ,1,1,1197,10527,False
QDYNP*LLFLRQPYQ,7,0,1628,17219,False
QDYNPCLAVSDGAVP,1,2290,1,1,True
QDYNPCLLFLLGPVQ,1,1374,15,15,False
QDYNPFLLFLMKPIQ,1,0,1628,17219,False
QDYNPFLLFLRMPSQ,1,12,343,758,False
QDYNPFLLFLRNPPQ,3,0,1628,17219,False
QDYNPFLLFLRNPQQ,1,0,1628,17219,False
QDYNPFLLFLRQPGQ,1,0,1628,17219,False
QDYNPFLLFLRQPKQ,1,0,1628,17219,False
QDYNPFLLFLRSPTQ,5,23,142,268,False
QDYNPFLLFLSQPKQ,1,0,1628,17219,False
QDYNPFLLFLVHPSQ,1,0,1628,17219,False
QDYNPHLLFLMEPNQ,1,0,1628,17219,False
QDYNPHLLFLSQPRQ,1,0,1628,17219,False
QDYNPILLFLKKPKQ,1,0,1628,17219,False
QDYNPILLFLKKPQQ,1,0,1628,17219,False
QDYNPILLFLRTPKQ,3,0,1628,17219,False
QDYNPKLLFLSKPNQ,1,0,1628,17219,False
QDYNPLLLFLCLPVQ,1,4,603,1344,False
QDYNPLLLFLFLPAQ,1,452,22,24,False
QDYNPLLLFLFQPRQ,1,2239,9,9,False
QDYNPLLLFLISPYQ,1,23,142,268,False
QDYNPLLLFLKRPWQ,2,0,1628,17219,False
QDYNPLLLFLKSPKQ,3,0,1628,17219,False
QDYNPLLLFLKVPGQ,13,0,1628,17219,False
QDYNPLLLFLKYPQQ,1,0,1628,17219,False
QDYNPLLLFLQLPVQ,1,4,603,1344,False
QDYNPLLLFLQWPVQ,1,4,603,1344,False
QDYNPLLLFLRKPKQ,9,0,1628,17219,False
QDYNPLLLFLRKPNQ,2,0,1628,17219,False
QDYNPLLLFLRLPQQ,1,54,100,139,False
QDYNPLLLFLRMPNQ,1,54,100,139,False
QDYNPLLLFLRNPQQ,1,54,100,139,False
QDYNPLLLFLRQPRQ,4,54,100,139,False
QDYNPLLLFLRRPLQ,1,54,100,139,False
QDYNPLLLFLRSPKQ,1,0,1628,17219,False
QDYNPLLLFLRTPQQ,1,54,100,139,False
QDYNPLLLFLSLPVQ,1,4,603,1344,False
QDYNPLLLFLSMPYQ,1,0,1628,17219,False
QDYNPLLLFLWSPYQ,1,2289,2,2,False
QDYNPLLLFLYVPKQ,1,0,1628,17219,False
QDYNPMLLFLIKPKQ,1,0,1628,17219,False
QDYNPMLLFLRFPTQ,1,0,1628,17219,False
QDYNPMLLFLRGPVQ,1,0,1628,17219,False
QDYNPMLLFLRQPRQ,2,6,143,456,False
QDYNPMLLFLRQPTQ,1,0,1628,17219,False
QDYNPMLLFLRYPQQ,2,421,9,12,False
QDYNPMLLFLTNPKQ,2,0,1628,17219,False
QDYNPMLLFLTRPRQ,3,6,143,456,False
QDYNPMLLFLTRPSQ,1,6,143,456,False
QDYNPMLLFLVYPGQ,1,0,1628,17219,False
QDYNPMLLFLWSPGQ,1,0,1628,17219,False
QDYNPMLLFLYVPAQ,1,0,1628,17219,False
QDYNPQLLFLIWPNQ,1,0,1628,17219,False
QDYNPTLLFLSKPSQ,1,0,1628,17219,False
QDYNPTLLFLVQPWQ,1,1,1197,10527,False
QDYNPTLLFLYAPQQ,1,0,1628,17219,False
QDYNPWLLFLAKPQQ,1,0,1628,17219,False
QDYNPWLLFLAQPGQ,1,1,1197,10527,False
QDYNPWLLFLAQPKQ,3,1,1197,10527,False
QDYNPWLLFLAQPNQ,1,1,1197,10527,False
QDYNPWLLFLAQPQQ,2,1,1197,10527,False
QDYNPWLLFLAQPRQ,1,1,1197,10527,False
QDYNPWLLFLAQPWQ,55,1,1197,10527,False
QDYNPWLLFLAQPYQ,2,1,1197,10527,False
QDYNPWLLFLARPWQ,4,1,1197,10527,False
QDYNPWLLFLCFPMQ,1,0,1628,17219,False
QDYNPWLLFLDQPMQ,1,1,1197,10527,False
QDYNPWLLFLEHPVQ,1,0,1628,17219,False
QDYNPWLLFLFLPAQ,2,3,2229,22657,False
QDYNPWLLFLFWPVQ,1,0,1628,17219,False
QDYNPWLLFLGGPQQ,1,0,1628,17219,False
QDYNPWLLFLGGPVQ,1,1374,15,15,False
QDYNPWLLFLGGPYQ,4,0,1628,17219,False
QDYNPWLLFLGLPVQ,2,0,1628,17219,False
QDYNPWLLFLGQPKQ,1,0,1628,17219,False
QDYNPWLLFLGRPAQ,2,0,1628,17219,False
QDYNPWLLFLGRPFQ,12,0,1628,17219,False
QDYNPWLLFLGSPKQ,2,0,1628,17219,False
QDYNPWLLFLGSPRQ,3,23,142,268,False
QDYNPWLLFLGVPEQ,1,1374,15,15,False
QDYNPWLLFLHAPVQ,2,0,1628,17219,False
QDYNPWLLFLHNPAQ,13,0,1628,17219,False
QDYNPWLLFLHNPKQ,2,0,1628,17219,False
QDYNPWLLFLHNPMQ,1,0,1628,17219,False
QDYNPWLLFLHNPRQ,50,0,1628,17219,False
QDYNPWLLFLHNPSQ,1,2233,10,10,False
QDYNPWLLFLHNPVQ,1,0,1628,17219,False
QDYNPWLLFLHWPNQ,1,0,1628,17219,False
QDYNPWLLFLICPTQ,1,23,142,268,False
QDYNPWLLFLIEPRQ,1,23,142,268,False
QDYNPWLLFLINPQQ,1,23,142,268,False
QDYNPWLLFLISPDQ,2,23,142,268,False
QDYNPWLLFLISPKQ,12,0,1628,17219,False
QDYNPWLLFLISPTQ,2,23,142,268,False
QDYNPWLLFLITPFQ,1,23,142,268,False
QDYNPWLLFLKFPAQ,1,0,1628,17219,False
QDYNPWLLFLKGPAQ,1,0,1628,17219,False
QDYNPWLLFLKIPGQ,1,0,1628,17219,False
QDYNPWLLFLKIPQQ,2,0,1628,17219,False
QDYNPWLLFLKIPSQ,1,0,1628,17219,False
QDYNPWLLFLKKPKQ,3,0,1628,17219,False
QDYNPWLLFLKKPNQ,2,0,1628,17219,False
QDYNPWLLFLKKPQQ,9,0,1628,17219,False
QDYNPWLLFLKKPRQ,2,0,1628,17219,False
QDYNPWLLFLKKPTQ,13,0,1628,17219,False
QDYNPWLLFLKKPYQ,2,0,1628,17219,False
QDYNPWLLFLKLPMQ,3,0,1628,17219,False
QDYNPWLLFLKLPQQ,2,0,1628,17219,False
QDYNPWLLFLKMPGQ,1,0,1628,17219,False
QDYNPWLLFLKMPYQ,4,0,1628,17219,False
QDYNPWLLFLKNPNQ,1,0,1628,17219,False
QDYNPWLLFLKNPPQ,1,0,1628,17219,False
QDYNPWLLFLKQPEQ,1,0,1628,17219,False
QDYNPWLLFLKQPGQ,2,0,1628,17219,False
QDYNPWLLFLKQPKQ,1,0,1628,17219,False
QDYNPWLLFLKQPNQ,1,0,1628,17219,False
QDYNPWLLFLKQPRQ,1,0,1628,17219,False
QDYNPWLLFLKQPVQ,1,0,1628,17219,False
QDYNPWLLFLKRPIQ,10,0,1628,17219,False
QDYNPWLLFLKRPQQ,1,0,1628,17219,False
QDYNPWLLFLKRPTQ,2,0,1628,17219,False
QDYNPWLLFLKSPAQ,1,0,1628,17219,False
QDYNPWLLFLKSPRQ,1,0,1628,17219,False
QDYNPWLLFLKSPTQ,5,23,142,268,False
QDYNPWLLFLKTPQQ,1,0,1628,17219,False
QDYNPWLLFLKVPLQ,2,0,1628,17219,False
QDYNPWLLFLKVPYQ,3,0,1628,17219,False
QDYNPWLLFLKWPMQ,1,0,1628,17219,False
QDYNPWLLFLLAPQQ,1,0,1628,17219,False
QDYNPWLLFLLGPTQ,1,23,142,268,False
QDYNPWLLFLLKPNQ,29,0,1628,17219,False
QDYNPWLLFLLNPNQ,1,1573,36,36,False
QDYNPWLLFLLQPGQ,1,1,1197,10527,False
QDYNPWLLFLMGPGQ,11,0,1628,17219,False
QDYNPWLLFLMKPQQ,1,0,1628,17219,False
QDYNPWLLFLMQPSQ,1,1,1197,10527,False
QDYNPWLLFLMQPTQ,1,1,1197,10527,False
QDYNPWLLFLMRPPQ,1,0,1628,17219,False
QDYNPWLLFLMRPQQ,1,2199,8,8,False
QDYNPWLLFLMTPVQ,6,0,1628,17219,False
QDYNPWLLFLNFPAQ,1,0,1628,17219,False
QDYNPWLLFLNFPGQ,11,0,1628,17219,False
QDYNPWLLFLNFPVQ,1,0,1628,17219,False
QDYNPWLLFLNKPKQ,21,0,1628,17219,False
QDYNPWLLFLNKPSQ,1,0,1628,17219,False
QDYNPWLLFLNLPQQ,1,1577,4,4,False
QDYNPWLLFLNMPKQ,18,0,1628,17219,False
QDYNPWLLFLNRPQQ,1,0,1628,17219,False
QDYNPWLLFLNVPMQ,1,0,1628,17219,False
QDYNPWLLFLQLPGQ,2,0,1628,17219,False
QDYNPWLLFLQLPLQ,1,0,1628,17219,False
QDYNPWLLFLQLPMQ,1,0,1628,17219,False
QDYNPWLLFLQLPNQ,1,0,1628,17219,False
QDYNPWLLFLQLPVQ,4,4,603,1344,False
QDYNPWLLFLQMPAQ,1,0,1628,17219,False
QDYNPWLLFLQRPLQ,4,9,239,562,False
QDYNPWLLFLQSPKQ,2,0,1628,17219,False
QDYNPWLLFLQVPQQ,1,0,1628,17219,False
QDYNPWLLFLQWPAQ,1,0,1628,17219,False
QDYNPWLLFLQWPKQ,1,0,1628,17219,False
QDYNPWLLFLRAPNQ,1,2243,3,3,False
QDYNPWLLFLRDPKQ,1,0,1628,17219,False
QDYNPWLLFLREPKQ,8,0,1628,17219,False
QDYNPWLLFLRFPSQ,1,2260,14,14,False
QDYNPWLLFLRFPVQ,1,0,1628,17219,False
QDYNPWLLFLRGPWQ,1,1,1197,10527,False
QDYNPWLLFLRHPQQ,1,7,629,1764,False
QDYNPWLLFLRIPSQ,3,0,1628,17219,False
QDYNPWLLFLRIPYQ,1,0,1628,17219,False
QDYNPWLLFLRKPAQ,1,0,1628,17219,False
QDYNPWLLFLRKPGQ,1,0,1628,17219,False
QDYNPWLLFLRKPKQ,2,0,1628,17219,False
QDYNPWLLFLRKPQQ,2,7,629,1764,False
QDYNPWLLFLRKPSQ,1,0,1628,17219,False
QDYNPWLLFLRKPTQ,2,0,1628,17219,False
QDYNPWLLFLRLPKQ,1,0,1628,17219,False
QDYNPWLLFLRLPQQ,7,7,629,1764,False
QDYNPWLLFLRLPSQ,3,0,1628,17219,False
QDYNPWLLFLRLPVQ,2,0,1628,17219,False
QDYNPWLLFLRMPFQ,1,0,1628,17219,False
QDYNPWLLFLRMPGQ,2,0,1628,17219,False
QDYNPWLLFLRMPIQ,1,54,100,139,False
QDYNPWLLFLRMPKQ,12,0,1628,17219,False
QDYNPWLLFLRMPLQ,1,0,1628,17219,False
QDYNPWLLFLRMPNQ,363,0,1628,17219,False
QDYNPWLLFLRMPQQ,3,7,629,1764,False
QDYNPWLLFLRMPRQ,317,0,1628,17219,False
QDYNPWLLFLRMPSQ,3,12,343,758,False
QDYNPWLLFLRMPVQ,2,0,1628,17219,False
QDYNPWLLFLRMPYQ,1,0,1628,17219,False
QDYNPWLLFLRQPAQ,5,1,1197,10527,False
QDYNPWLLFLRQPAR,1,1,1197,10527,False
QDYNPWLLFLRQPGQ,2,1,1197,10527,False
QDYNPWLLFLRQPKQ,13,0,1628,17219,False
QDYNPWLLFLRQPLQ,2,1,1197,10527,False
QDYNPWLLFLRQPNQ,1,1,1197,10527,False
QDYNPWLLFLRQPPQ,2,1,1197,10527,False
QDYNPWLLFLRQPQQ,5,1,1197,10527,False
QDYNPWLLFLRQPRQ,2,1,1197,10527,False
QDYNPWLLFLRQPSQ,7,1,1197,10527,False
QDYNPWLLFLRQPTQ,4,1,1197,10527,False
QDYNPWLLFLRQPYQ,1,1,1197,10527,False
QDYNPWLLFLRRPKQ,2,0,1628,17219,False
QDYNPWLLFLRRPSQ,1,2260,14,14,False
QDYNPWLLFLRRPVQ,1,0,1628,17219,False
QDYNPWLLFLRSPKQ,8,0,1628,17219,False
QDYNPWLLFLRSPQQ,3,7,629,1764,False
QDYNPWLLFLRSPRQ,5,23,142,268,False
QDYNPWLLFLRSPYQ,1,23,142,268,False
QDYNPWLLFLRTPFQ,472,0,1628,17219,False
QDYNPWLLFLRTPLQ,1,0,1628,17219,False
QDYNPWLLFLRTPPQ,1,0,1628,17219,False
QDYNPWLLFLRTPQQ,5,7,629,1764,False
QDYNPWLLFLRTPSQ,1,2260,14,14,False
QDYNPWLLFLRTPVQ,2,0,1628,17219,False
QDYNPWLLFLRTPWQ,1,1,1197,10527,False
QDYNPWLLFLRTPYQ,1,0,1628,17219,False
QDYNPWLLFLRVPGQ,3,0,1628,17219,False
QDYNPWLLFLRVPQQ,19,7,629,1764,False
QDYNPWLLFLRVPVQ,2,0,1628,17219,False
QDYNPWLLFLRVPYQ,1,2234,7,7,False
QDYNPWLLFLRYPIQ,1,54,100,139,False
QDYNPWLLFLRYPTQ,16,0,1628,17219,False
QDYNPWLLFLRYPYQ,1,0,1628,17219,False
QDYNPWLLFLSGPHQ,9,0,1628,17219,False
QDYNPWLLFLSGPTQ,1,23,142,268,False
QDYNPWLLFLSIPTQ,19,0,1628,17219,False
QDYNPWLLFLSKPLQ,1,0,1628,17219,False
QDYNPWLLFLSKPQQ,2,0,1628,17219,False
QDYNPWLLFLSKPTQ,1,0,1628,17219,False
QDYNPWLLFLSLPQQ,2,0,1628,17219,False
QDYNPWLLFLSMPQQ,1,0,1628,17219,False
QDYNPWLLFLSMPTQ,11,0,1628,17219,False
QDYNPWLLFLSNPQQ,1,0,1628,17219,False
QDYNPWLLFLSQPAQ,3,1,1197,10527,False
QDYNPWLLFLSQPDQ,1,1,1197,10527,False
QDYNPWLLFLSQPFQ,2,1,1197,10527,False
QDYNPWLLFLSQPKQ,3,0,1628,17219,False
QDYNPWLLFLSQPMQ,2,1,1197,10527,False
QDYNPWLLFLSQPNQ,2,1,1197,10527,False
QDYNPWLLFLSQPPQ,1,1,1197,10527,False
QDYNPWLLFLSQPVQ,11,1,1197,10527,False
QDYNPWLLFLSQPWQ,1,1,1197,10527,False
QDYNPWLLFLSRPNQ,1,0,1628,17219,False
QDYNPWLLFLSRPQQ,2,0,1628,17219,False
QDYNPWLLFLSRPSQ,10,0,1628,17219,False
QDYNPWLLFLSSPQQ,2,23,142,268,False
QDYNPWLLFLSTPQQ,6,0,1628,17219,False
QDYNPWLLFLSTPTQ,5,23,142,268,False
QDYNPWLLFLSVPAQ,1,2279,9,9,False
QDYNPWLLFLSVPLQ,27,0,1628,17219,False
QDYNPWLLFLTAPQQ,1,1577,4,4,False
QDYNPWLLFLTFPTQ,18,0,1628,17219,False
QDYNPWLLFLTGPKQ,2,0,1628,17219,False
QDYNPWLLFLTKPNQ,2,0,1628,17219,False
QDYNPWLLFLTKPTQ,3,0,1628,17219,False
QDYNPWLLFLTLPQQ,1,1577,4,4,False
QDYNPWLLFLTQPFQ,1,1,1197,10527,False
QDYNPWLLFLTQPKQ,2,0,1628,17219,False
QDYNPWLLFLTQPNQ,3,1,1197,10527,False
QDYNPWLLFLTRPAQ,1,6,143,456,False
QDYNPWLLFLTRPPQ,3,6,143,456,False
QDYNPWLLFLTRPQQ,9,6,143,456,False
QDYNPWLLFLTRPRQ,2,6,143,456,False
QDYNPWLLFLTRPYQ,1,6,143,456,False
QDYNPWLLFLTTPAQ,1,0,1628,17219,False
QDYNPWLLFLTVPAQ,3,0,1628,17219,False
QDYNPWLLFLTVPLQ,1,2279,9,9,False
QDYNPWLLFLVNPAQ,2,0,1628,17219,False
QDYNPWLLFLVQPDQ,6,1,1197,10527,False
QDYNPWLLFLVQPFQ,1,1,1197,10527,False
QDYNPWLLFLVQPPQ,5,1,1197,10527,False
QDYNPWLLFLVQPSQ,1,1,1197,10527,False
QDYNPWLLFLVQPVQ,1,1,1197,10527,False
QDYNPWLLFLVSPQQ,1,23,142,268,False
QDYNPWLLFLWKPTQ,1,0,1628,17219,False
QDYNPWLLFLWQPGQ,1,1,1197,10527,False
QDYNPWLLFLYAPKQ,1,0,1628,17219,False
QDYNPWLLFLYGPHQ,1,0,1628,17219,False
QDYNPWLLFLYKPQQ,1,0,1628,17219,False
QDYNPWLLFLYQPDQ,1,1,1197,10527,False
QDYNPWLLFLYRPQQ,1,0,1628,17219,False
QDYNPYLLFLAEPMQ,2,0,1628,17219,False
QDYNPYLLFLAHPKQ,1,0,1628,17219,False
QDYNPYLLFLALPKQ,1,0,1628,17219,False
QDYNPYLLFLANPQQ,1,0,1628,17219,False
QDYNPYLLFLANPRQ,4,0,1628,17219,False
QDYNPYLLFLAPPYQ,2,0,1628,17219,False
QDYNPYLLFLAQPGQ,1,0,1628,17219,False
QDYNPYLLFLAQPSQ,1,0,1628,17219,False
QDYNPYLLFLAQPWQ,19,1,1197,10527,False
QDYNPYLLFLCRPVQ,1,0,1628,17219,False
QDYNPYLLFLDQPMQ,2,0,1628,17219,False
QDYNPYLLFLEKPQQ,1,0,1628,17219,False
QDYNPYLLFLELPVQ,1,0,1628,17219,False
QDYNPYLLFLEQPPQ,1,0,1628,17219,False
QDYNPYLLFLFGPNQ,1,0,1628,17219,False
QDYNPYLLFLFNPKQ,35,0,1628,17219,False
QDYNPYLLFLFNPQQ,1,0,1628,17219,False
QDYNPYLLFLFNPSQ,1,0,1628,17219,False
QDYNPYLLFLFQPRQ,1,0,1628,17219,False
QDYNPYLLFLFSPRQ,1,0,1628,17219,False
QDYNPYLLFLGADPG,1,462,9,10,False
QDYNPYLLFLGEPNQ,1,0,1628,17219,False
QDYNPYLLFLGGPQQ,1,0,1628,17219,False
QDYNPYLLFLGNPQQ,1,0,1628,17219,False
QDYNPYLLFLGQPRQ,1,0,1628,17219,False
QDYNPYLLFLGVPAQ,1,0,1628,17219,False
QDYNPYLLFLHRPRQ,2,0,1628,17219,False
QDYNPYLLFLHWPFQ,1,0,1628,17219,False
QDYNPYLLFLIKPKQ,1,0,1628,17219,False
QDYNPYLLFLIKPNQ,1,0,1628,17219,False
QDYNPYLLFLIKPPQ,58,0,1628,17219,False
QDYNPYLLFLINPPQ,1,0,1628,17219,False
QDYNPYLLFLINPQQ,3,0,1628,17219,False
QDYNPYLLFLINPRQ,1,0,1628,17219,False
QDYNPYLLFLIQPAQ,1,0,1628,17219,False
QDYNPYLLFLIQPEQ,1,0,1628,17219,False
QDYNPYLLFLIQPYQ,1,0,1628,17219,False
QDYNPYLLFLISPKQ,5,0,1628,17219,False
QDYNPYLLFLISPQQ,1,0,1628,17219,False
QDYNPYLLFLITPNQ,2,0,1628,17219,False
QDYNPYLLFLIWPHQ,1,0,1628,17219,False
QDYNPYLLFLKHPKQ,75,0,1628,17219,False
QDYNPYLLFLKHPNQ,1,0,1628,17219,False
QDYNPYLLFLKIPKQ,3,0,1628,17219,False
QDYNPYLLFLKIPQQ,2,0,1628,17219,False
QDYNPYLLFLKIPSQ,11,0,1628,17219,False
QDYNPYLLFLKIPYQ,1,0,1628,17219,False
QDYNPYLLFLKKPAQ,17,0,1628,17219,False
QDYNPYLLFLKKPDQ,1,0,1628,17219,False
QDYNPYLLFLKKPEA,1,0,1628,17219,False
QDYNPYLLFLKKPEP,1,0,1628,17219,False
QDYNPYLLFLKKPHQ,3,0,1628,17219,False
QDYNPYLLFLKKPIQ,2,0,1628,17219,False
QDYNPYLLFLKKPKQ,4325,0,1628,17219,True
QDYNPYLLFLKKPLQ,1,0,1628,17219,False
QDYNPYLLFLKKPMQ,1,0,1628,17219,False
QDYNPYLLFLKKPNQ,42,0,1628,17219,False
QDYNPYLLFLKKPPQ,1,0,1628,17219,False
QDYNPYLLFLKKPQQ,55,0,1628,17219,False
QDYNPYLLFLKKPRQ,8,0,1628,17219,False
QDYNPYLLFLKKPSQ,20,0,1628,17219,False
QDYNPYLLFLKKPTQ,5,0,1628,17219,False
QDYNPYLLFLKKPVQ,1,0,1628,17219,False
QDYNPYLLFLKKPYQ,3,0,1628,17219,False
QDYNPYLLFLKMPKQ,7,0,1628,17219,False
QDYNPYLLFLKMPQQ,1,0,1628,17219,False
QDYNPYLLFLKMPRQ,1,0,1628,17219,False
QDYNPYLLFLKMPYQ,5,0,1628,17219,False
QDYNPYLLFLKNPEQ,2,0,1628,17219,False
QDYNPYLLFLKNPKQ,4,0,1628,17219,False
QDYNPYLLFLKNPNQ,24,0,1628,17219,False
QDYNPYLLFLKNPQQ,11,0,1628,17219,False
QDYNPYLLFLKNPRQ,20,0,1628,17219,False
QDYNPYLLFLKNPVQ,1,0,1628,17219,False
QDYNPYLLFLKPPWQ,1,0,1628,17219,False
QDYNPYLLFLKQPEQ,2,0,1628,17219,False
QDYNPYLLFLKQPGQ,3,0,1628,17219,False
QDYNPYLLFLKQPKQ,84,0,1628,17219,False
QDYNPYLLFLKQPLQ,25,0,1628,17219,False
QDYNPYLLFLKQPMQ,3,0,1628,17219,False
QDYNPYLLFLKQPNQ,6,0,1628,17219,False
QDYNPYLLFLKQPQQ,8,0,1628,17219,False
QDYNPYLLFLKQPRQ,5,0,1628,17219,False
QDYNPYLLFLKQPSQ,1,0,1628,17219,False
QDYNPYLLFLKQPTQ,2,0,1628,17219,False
QDYNPYLLFLKQPVQ,10,0,1628,17219,False
QDYNPYLLFLKQPYQ,1,0,1628,17219,False
QDYNPYLLFLKRPKQ,1,0,1628,17219,False
QDYNPYLLFLKRPQQ,6,0,1628,17219,False
QDYNPYLLFLKRPTQ,5,0,1628,17219,False
QDYNPYLLFLKSPKQ,2,0,1628,17219,False
QDYNPYLLFLKSPQQ,1,0,1628,17219,False
QDYNPYLLFLKSPWQ,1,0,1628,17219,False
QDYNPYLLFLKTPKQ,1,0,1628,17219,False
QDYNPYLLFLKTPLQ,13,0,1628,17219,False
QDYNPYLLFLKTPQQ,3,0,1628,17219,False
QDYNPYLLFLKVPAQ,1,0,1628,17219,False
QDYNPYLLFLKVPKQ,2,0,1628,17219,False
QDYNPYLLFLKVPNQ,2,0,1628,17219,False
QDYNPYLLFLKVPWQ,1,0,1628,17219,False
QDYNPYLLFLKVPYQ,1,0,1628,17219,False
QDYNPYLLFLKWPSQ,7,0,1628,17219,False
QDYNPYLLFLKWPVQ,1,0,1628,17219,False
QDYNPYLLFLKYPNQ,2,0,1628,17219,False
QDYNPYLLFLLEPEQ,1,0,1628,17219,False
QDYNPYLLFLLKPNQ,1,0,1628,17219,False
QDYNPYLLFLLNPKQ,1,0,1628,17219,False
QDYNPYLLFLLQPKQ,1,0,1628,17219,False
QDYNPYLLFLLWPAQ,1,0,1628,17219,False
QDYNPYLLFLLWPRQ,1,0,1628,17219,False
QDYNPYLLFLMEPNQ,1,0,1628,17219,False
QDYNPYLLFLMGPQQ,2,0,1628,17219,False
QDYNPYLLFLMIPRQ,1,0,1628,17219,False
QDYNPYLLFLMKPKQ,1,0,1628,17219,False
QDYNPYLLFLMMPGQ,1,0,1628,17219,False
QDYNPYLLFLMMPQQ,3,0,1628,17219,False
QDYNPYLLFLMNPHQ,1,0,1628,17219,False
QDYNPYLLFLMNPQQ,1,0,1628,17219,False
QDYNPYLLFLMNPSQ,1,0,1628,17219,False
QDYNPYLLFLMRPQQ,1,0,1628,17219,False
QDYNPYLLFLMSPRQ,8,0,1628,17219,False
QDYNPYLLFLMSPSQ,1,0,1628,17219,False
QDYNPYLLFLMSPYQ,1,0,1628,17219,False
QDYNPYLLFLNAPKQ,1,0,1628,17219,False
QDYNPYLLFLNHPKQ,1,0,1628,17219,False
QDYNPYLLFLNKPKQ,1,0,1628,17219,False
QDYNPYLLFLNKPQQ,1,0,1628,17219,False
QDYNPYLLFLNKPRQ,3,0,1628,17219,False
QDYNPYLLFLNKPSQ,1,0,1628,17219,False
QDYNPYLLFLNLPKQ,9,0,1628,17219,False
QDYNPYLLFLNQPRQ,1,0,1628,17219,False
QDYNPYLLFLNRPNQ,1,0,1628,17219,False
QDYNPYLLFLNRPQQ,4,0,1628,17219,False
QDYNPYLLFLNVPMQ,1,0,1628,17219,False
QDYNPYLLFLPGPRQ,1,0,1628,17219,False
QDYNPYLLFLPLPCQ,1,0,1628,17219,False
QDYNPYLLFLPRPKQ,1,0,1628,17219,False
QDYNPYLLFLPRPRQ,1,0,1628,17219,False
QDYNPYLLFLQHPDQ,2,0,1628,17219,False
QDYNPYLLFLQKPKQ,6,0,1628,17219,False
QDYNPYLLFLQLPAQ,6,0,1628,17219,False
QDYNPYLLFLQLPGQ,3,0,1628,17219,False
QDYNPYLLFLQLPVQ,6,0,1628,17219,False
QDYNPYLLFLQPPRQ,1,0,1628,17219,False
QDYNPYLLFLQQPGQ,1,0,1628,17219,False
QDYNPYLLFLQRPKQ,3,0,1628,17219,False
QDYNPYLLFLQRPLQ,4,0,1628,17219,False
QDYNPYLLFLQRPMQ,1,0,1628,17219,False
QDYNPYLLFLQRPRQ,1,0,1628,17219,False
QDYNPYLLFLQSPAQ,2,0,1628,17219,False
QDYNPYLLFLQVPQQ,1,0,1628,17219,False
QDYNPYLLFLQWPAQ,2,0,1628,17219,False
QDYNPYLLFLQWPDQ,2,0,1628,17219,False
QDYNPYLLFLQWPGQ,3,0,1628,17219,False
QDYNPYLLFLQWPKQ,1,0,1628,17219,False
QDYNPYLLFLQWPLQ,1,0,1628,17219,False
QDYNPYLLFLQWPRQ,13,0,1628,17219,False
QDYNPYLLFLQWPVQ,10,0,1628,17219,False
QDYNPYLLFLQWPYQ,2,15,198,343,False
QDYNPYLLFLQYPIQ,11,0,1628,17219,False
QDYNPYLLFLQYPNQ,1,0,1628,17219,False
QDYNPYLLFLRAPQQ,1,0,1628,17219,False
QDYNPYLLFLRDPKQ,97,0,1628,17219,False
QDYNPYLLFLRDPNQ,2,0,1628,17219,False
QDYNPYLLFLREPGQ,1,0,1628,17219,False
QDYNPYLLFLRFPGQ,1,0,1628,17219,False
QDYNPYLLFLRGPWQ,1,0,1628,17219,False
QDYNPYLLFLRHPKQ,12,0,1628,17219,False
QDYNPYLLFLRHPNQ,10,0,1628,17219,False
QDYNPYLLFLRIPAQ,1,0,1628,17219,False
QDYNPYLLFLRIPEQ,1,0,1628,17219,False
QDYNPYLLFLRIPKQ,1,0,1628,17219,False
QDYNPYLLFLRIPNQ,3,0,1628,17219,False
QDYNPYLLFLRIPQQ,3,0,1628,17219,False
QDYNPYLLFLRIPRQ,4,0,1628,17219,False
QDYNPYLLFLRIPSQ,402,0,1628,17219,False
QDYNPYLLFLRKPEQ,2,0,1628,17219,False
QDYNPYLLFLRKPGQ,1,0,1628,17219,False
QDYNPYLLFLRKPKQ,143,0,1628,17219,False
QDYNPYLLFLRKPLQ,1,0,1628,17219,False
QDYNPYLLFLRKPNQ,2,0,1628,17219,False
QDYNPYLLFLRKPQQ,25,0,1628,17219,False
QDYNPYLLFLRKPRQ,1,0,1628,17219,False
QDYNPYLLFLRKPSQ,19,0,1628,17219,False
QDYNPYLLFLRKPTQ,2,0,1628,17219,False
QDYNPYLLFLRKPVQ,1,0,1628,17219,False
QDYNPYLLFLRLPGQ,1,0,1628,17219,False
QDYNPYLLFLRLPKQ,2,0,1628,17219,False
QDYNPYLLFLRLPQQ,1,0,1628,17219,False
QDYNPYLLFLRLPVQ,1,0,1628,17219,False
QDYNPYLLFLRLPYQ,1,0,1628,17219,False
QDYNPYLLFLRMPAQ,1,0,1628,17219,False
QDYNPYLLFLRMPEQ,2,0,1628,17219,False
QDYNPYLLFLRMPGQ,1,0,1628,17219,False
QDYNPYLLFLRMPKQ,3,0,1628,17219,False
QDYNPYLLFLRMPNQ,9,0,1628,17219,False
QDYNPYLLFLRMPQQ,2,0,1628,17219,False
QDYNPYLLFLRMPRQ,2,0,1628,17219,False
QDYNPYLLFLRMPSQ,3,12,343,758,False
QDYNPYLLFLRMPVQ,1,0,1628,17219,False
QDYNPYLLFLRNPHQ,1,0,1628,17219,False
QDYNPYLLFLRNPKH,1,0,1628,17219,False
QDYNPYLLFLRNPKQ,120,0,1628,17219,False
QDYNPYLLFLRNPNQ,12,0,1628,17219,False
QDYNPYLLFLRNPQQ,12,0,1628,17219,False
QDYNPYLLFLRNPRQ,1,0,1628,17219,False
QDYNPYLLFLRNPSQ,1,0,1628,17219,False
QDYNPYLLFLRQPAQ,7,0,1628,17219,False
QDYNPYLLFLRQPGQ,1,0,1628,17219,False
QDYNPYLLFLRQPKQ,19,0,1628,17219,False
QDYNPYLLFLRQPLQ,3,0,1628,17219,False
QDYNPYLLFLRQPNQ,10,0,1628,17219,False
QDYNPYLLFLRQPPQ,4,0,1628,17219,False
QDYNPYLLFLRQPRQ,2,0,1628,17219,False
QDYNPYLLFLRQPSQ,13,0,1628,17219,False
QDYNPYLLFLRQPTQ,22,0,1628,17219,False
QDYNPYLLFLRQPVQ,3,0,1628,17219,False
QDYNPYLLFLRQPWQ,1,0,1628,17219,False
QDYNPYLLFLRQPYQ,1,0,1628,17219,False
QDYNPYLLFLRRPAQ,2,0,1628,17219,False
QDYNPYLLFLRRPKQ,1,0,1628,17219,False
QDYNPYLLFLRRPQQ,4,0,1628,17219,False
QDYNPYLLFLRRPSQ,2,0,1628,17219,False
QDYNPYLLFLRRPVQ,1,0,1628,17219,False
QDYNPYLLFLRRPWQ,1,0,1628,17219,False
QDYNPYLLFLRSPKQ,655,0,1628,17219,False
QDYNPYLLFLRSPNQ,3,0,1628,17219,False
QDYNPYLLFLRSPPQ,1,0,1628,17219,False
QDYNPYLLFLRSPQQ,3,0,1628,17219,False
QDYNPYLLFLRSPRQ,359,0,1628,17219,False
QDYNPYLLFLRSPSQ,11,0,1628,17219,False
QDYNPYLLFLRSPTQ,2,0,1628,17219,False
QDYNPYLLFLRSPVQ,1,0,1628,17219,False
QDYNPYLLFLRSPWQ,1,0,1628,17219,False
QDYNPYLLFLRSPYQ,12,0,1628,17219,False
QDYNPYLLFLRSTKQ,1,0,1628,17219,False
QDYNPYLLFLRTPFQ,1,0,1628,17219,False
QDYNPYLLFLRTPKQ,13,0,1628,17219,False
QDYNPYLLFLRTPNQ,2,0,1628,17219,False
QDYNPYLLFLRTPQQ,3,0,1628,17219,False
QDYNPYLLFLRVPKQ,6,0,1628,17219,False
QDYNPYLLFLRVPTQ,1,0,1628,17219,False
QDYNPYLLFLRYPNQ,2,0,1628,17219,False
QDYNPYLLFLRYPQQ,1,0,1628,17219,False
QDYNPYLLFLRYPYQ,1,0,1628,17219,False
QDYNPYLLFLSAPIQ,1,0,1628,17219,False
QDYNPYLLFLSHPKQ,14,0,1628,17219,False
QDYNPYLLFLSIPKQ,8,0,1628,17219,False
QDYNPYLLFLSKPKQ,6,0,1628,17219,False
QDYNPYLLFLSKPLQ,2,0,1628,17219,False
QDYNPYLLFLSKPNQ,1,0,1628,17219,False
QDYNPYLLFLSKPQQ,30,0,1628,17219,False
QDYNPYLLFLSKPSQ,1,0,1628,17219,False
QDYNPYLLFLSKPTQ,1,0,1628,17219,False
QDYNPYLLFLSKPYQ,1,0,1628,17219,False
QDYNPYLLFLSMPQQ,1,0,1628,17219,False
QDYNPYLLFLSMPSQ,1,0,1628,17219,False
QDYNPYLLFLSNPIQ,2,0,1628,17219,False
QDYNPYLLFLSNPKQ,6,0,1628,17219,False
QDYNPYLLFLSNPQQ,3,0,1628,17219,False
QDYNPYLLFLSPPQQ,1,0,1628,17219,False
QDYNPYLLFLSQPAQ,3,0,1628,17219,False
QDYNPYLLFLSQPDQ,1,0,1628,17219,False
QDYNPYLLFLSQPGQ,1,0,1628,17219,False
QDYNPYLLFLSQPHQ,4,0,1628,17219,False
QDYNPYLLFLSQPKQ,17,0,1628,17219,False
QDYNPYLLFLSQPMQ,4,0,1628,17219,False
QDYNPYLLFLSQPNQ,4,0,1628,17219,False
QDYNPYLLFLSQPRQ,19,0,1628,17219,False
QDYNPYLLFLSQPSQ,3,0,1628,17219,False
QDYNPYLLFLSQPVQ,3,0,1628,17219,False
QDYNPYLLFLSQPWQ,2,0,1628,17219,False
QDYNPYLLFLSQPYQ,2,0,1628,17219,False
QDYNPYLLFLSRPKQ,4,0,1628,17219,False
QDYNPYLLFLSRPQQ,1,0,1628,17219,False
QDYNPYLLFLSSPKQ,10,0,1628,17219,False
QDYNPYLLFLSSPPQ,1,0,1628,17219,False
QDYNPYLLFLSSPQQ,1,0,1628,17219,False
QDYNPYLLFLSTPIQ,1,0,1628,17219,False
QDYNPYLLFLSTPKQ,1,0,1628,17219,False
QDYNPYLLFLSTPQQ,3,0,1628,17219,False
QDYNPYLLFLSTPTQ,1,0,1628,17219,False
QDYNPYLLFLSVPFQ,1,0,1628,17219,False
QDYNPYLLFLSVPLQ,1,2279,9,9,False
QDYNPYLLFLSVPVQ,2,0,1628,17219,False
QDYNPYLLFLTHPIQ,1,0,1628,17219,False
QDYNPYLLFLTHPVQ,19,0,1628,17219,False
QDYNPYLLFLTKPIQ,1,0,1628,17219,False
QDYNPYLLFLTMPKQ,29,0,1628,17219,False
QDYNPYLLFLTMPRQ,1,0,1628,17219,False
QDYNPYLLFLTMPWQ,1,0,1628,17219,False
QDYNPYLLFLTNPKQ,1,0,1628,17219,False
QDYNPYLLFLTNPTQ,4,0,1628,17219,False
QDYNPYLLFLTQPIQ,2,0,1628,17219,False
QDYNPYLLFLTQPKQ,13,0,1628,17219,False
QDYNPYLLFLTQPNQ,82,2,509,4610,False
QDYNPYLLFLTQPQQ,5,0,1628,17219,False
QDYNPYLLFLTQPRQ,2,0,1628,17219,False
QDYNPYLLFLTQPTQ,1,0,1628,17219,False
QDYNPYLLFLTRPQQ,4,0,1628,17219,False
QDYNPYLLFLTRPRQ,2,6,143,456,False
QDYNPYLLFLTVPAQ,2,0,1628,17219,False
QDYNPYLLFLTYPPQ,1,0,1628,17219,False
QDYNPYLLFLTYPYQ,81,0,1628,17219,False
QDYNPYLLFLVNPRQ,4,0,1628,17219,False
QDYNPYLLFLVQPAQ,1,0,1628,17219,False
QDYNPYLLFLVQPDQ,5,0,1628,17219,False
QDYNPYLLFLVQPKQ,18,0,1628,17219,False
QDYNPYLLFLVQPMQ,1,0,1628,17219,False
QDYNPYLLFLVQPNQ,1,0,1628,17219,False
QDYNPYLLFLVQPPQ,3,0,1628,17219,False
QDYNPYLLFLVQPRQ,1,0,1628,17219,False
QDYNPYLLFLVQPSQ,3,0,1628,17219,False
QDYNPYLLFLVSPQQ,1,0,1628,17219,False
QDYNPYLLFLVTPRQ,2,0,1628,17219,False
QDYNPYLLFLVVPQQ,1,0,1628,17219,False
QDYNPYLLFLVWPGQ,1,0,1628,17219,False
QDYNPYLLFLWAPGQ,1,0,1628,17219,False
QDYNPYLLFLWFPYQ,1,0,1628,17219,False
QDYNPYLLFLWKPDQ,1,0,1628,17219,False
QDYNPYLLFLWKPKQ,3,0,1628,17219,False
QDYNPYLLFLWKPSQ,1,0,1628,17219,False
QDYNPYLLFLWLPVQ,1,0,1628,17219,False
QDYNPYLLFLWNPKQ,14,0,1628,17219,False
QDYNPYLLFLWNPTQ,1,0,1628,17219,False
QDYNPYLLFLWQPLQ,1,0,1628,17219,False
QDYNPYLLFLWQPNQ,2,0,1628,17219,False
QDYNPYLLFLWQPQQ,3,0,1628,17219,False
QDYNPYLLFLWQPWQ,1,0,1628,17219,False
QDYNPYLLFLWRPSQ,2,0,1628,17219,False
QDYNPYLLFLWTPKQ,1,0,1628,17219,False
QDYNPYLLFLYKPKQ,2,0,1628,17219,False
QDYNPYLLFLYLPVQ,2,0,1628,17219,False
QDYNPYLLFLYMPQQ,1,0,1628,17219,False
QDYNPYLLFLYNPSQ,2,0,1628,17219,False
QDYNPYLLFLYQPDQ,2,0,1628,17219,False
QDYNPYLLFLYRPMQ,2,0,1628,17219,False
QDYNPYLLFLYRPQQ,1,0,1628,17219,False
QDYNPYLLFPRIPSQ,1,0,1628,17219,False
QDYNPYPLFLRIPSQ,2,0,1628,17219,False
QDYNQYLLFLKKPKQ,1,0,1628,17219,False
QDYQPQLLFLQGPSQ,1,118,35,41,False
QDYQPWLLFLRNPMQ,2,137,39,48,False
QDYQPWLLFLTVPAQ,1,459,9,10,False
QDYRPLLLFLMGPAQ,1,452,22,24,False
QDYRPWLLFLVDPQQ,1,137,39,48,False
QDYSPDLLFLIWPTQ,1,23,142,268,False
QDYSPKLLFLKQPKQ,1,0,1628,17219,False
QDYSPWLLFLPSPAQ,1,23,142,268,False
QDYSPYLLFLRIPSQ,1,0,1628,17219,False
QDYVPMLLFLRLPQQ,1,2238,5,5,False
QDYYPQLLFLLIPKQ,1,0,1628,17219,False
QGCGAGAAVSARPDP,1,2291,2,2,True
QGCLAVAAVSEVAGA,2,21,32,45,False
QGCVAGPAVSGVAGA,1,2292,1,1,True
QGLGAVAAVSVLAGA,1,871,5,5,False
QGLLAGAAVSGEPDP,1,2153,2,2,False
QGLRADAAVSDQAEA,1,2293,2,2,True
QGM*IRGGGGGKGRR,1,298,9,10,False
QGMNPWLLFLGRPVQ,1,9,239,562,False
QGQESVGDQEERAGA,1,99,134,161,False
QGQGAAPAVSDQAEA,1,2293,2,2,False
QGQPADPAVSVGPEA,1,2294,1,1,True
QGYESEGVLEERAGA,1,99,134,161,False
QGYESGDEDEEKAGA,1,326,8,9,False
QGYGAVAAVSAQPDA,1,2291,2,2,False
QIWRRRCCF*TCRSR,1,2295,1,1,True
QRLQSDVRVGQIPGA,1,2296,1,1,True
Q_DAAAAVSDVAGAG,1,631,2,2,False
RD*IPSRGSRKVPAQ,2,470,4,7,True
RD*NPRGRRWKMPAQ,1,2297,11,11,True
RD*WPVLLFLWQPIQ,1,41,88,103,False
RDAAPWLLFLQCPVQ,1,56,210,255,False
RDAGPLLLFLQWPRQ,1,41,88,103,False
RDAGPLLLFLQWPVQ,1,56,210,255,False
RDAGPVLLFLLLPQQ,1,40,66,76,False
RDALPLAAVSGRADP,2,471,3,4,True
RDALPLLLFLLWPQQ,1,374,38,39,False
RDALPLLLFLQLPAQ,1,1595,8,8,False
RDANPGAAVSDLPGA,2,472,2,3,True
RDANPWLLFLKVPQQ,4,7,629,1764,False
RDANPWLLFLQWPKQ,1,9,239,562,False
RDAPGPAVSVVAGPG,1,2298,1,1,True
RDAQPWLLFLAYPFQ,1,56,210,255,False
RDAQPWLLFLFSPDQ,1,56,210,255,False
RDARPALLFLRRPQQ,1,7,629,1764,False
RDAVPRLLFLRCRSR,1,237,3,4,False
RDAWPLLLFLQWPVQ,1,56,210,255,False
RDAWPRLLFLLVPQQ,1,40,66,76,False
RDAWPSLLFLLLPRQ,1,40,66,76,False
RDAWPWLLVSVDAVA,1,2299,1,1,True
RDCCRCCCFWRSRSR,1,1056,7,7,False
RDCESDRQLVEIAGA,1,2300,1,1,True
RDCESEGQEEGNARR,1,2301,1,1,True
RDCESERVHQEMAGA,1,2302,3,3,True
RDCESGGEEDEKAGA,1,144,108,123,False
RDCKPLLLFCASRGR,1,2303,1,1,True
RDCNPAGEGQERAGA,1,714,3,3,False
RDCNPEGRDEEIAGA,1,2304,3,3,True
RDCNPEGREEERAGA,1,2304,3,3,False
RDCNPIRGRRKRPAQ,1,10,1116,1855,False
RDCNPKLMLIKGPAQ,2,473,3,4,True
RDCNPKRVRRKRPAR,1,10,1116,1855,False
RDCNPQRGRRKMPAQ,1,10,1116,1855,False
RDCNPRRRRGESAGA,1,2305,8,8,True
RDCNPRRWMRKRPAQ,1,1187,10,10,False
RDCNPSAAGAKSRRR,1,2306,1,1,True
RDCNPSGSRRKGPAQ,1,18,393,562,False
RDCNPTFIIRKNAGA,1,2307,1,1,True
RDCNPVGVRGKGPAQ,1,1824,17,17,False
RDCNPVVCMCKGRRR,1,501,7,8,False
RDCNPVWLLWKVPAQ,1,2308,3,3,True
RDCNPYGMIGKGPAQ,1,473,3,4,False
RDCQRCCCFCSCRTR,1,2309,1,1,True
RDCQSVVLDLQSPGA,3,139,1,3,True
RDDEPELLFLAVPRQ,2,474,3,4,True
RDDESDEQHQESAGR,1,2310,1,1,True
RDDGPWLLFLRMPRQ,1,274,20,21,False
RDDKPMLLFLRMPAQ,1,2311,4,4,True
RDDLRSCCFWGCRRR,1,693,2,2,False
RDEGEERPGAGFWRR,1,2312,1,1,True
RDEGPELLFLWGPER,1,2313,1,1,True
RDEQSGGVDEEMAGA,1,2314,6,6,True
RDEVPFLLFLLQPQQ,1,642,9,9,False
RDEWPLLLFLQLPVQ,2,4,603,1344,False
RDEWPLLLFLQWPGQ,2,31,119,142,False
RDF*PWLLFLEWPMQ,1,56,210,255,False
RDFCPLLAVSGRADA,1,471,3,4,False
RDFEPSLLFLPSPAQ,1,1603,4,4,False
RDFFPMLLFLAQPWQ,1,1,1197,10527,False
RDFGPLLLFLQLPPQ,1,4,603,1344,False
RDFGPLLLFLQLPVQ,1,4,603,1344,False
RDFGPQLLFLLVPAQ,1,41,88,103,False
RDFGPRLLFLIIPQQ,1,40,66,76,False
RDFGPWLLFLQPPWQ,1,56,210,255,False
RDFIPKLLFLLMPHQ,1,1602,12,12,False
RDFIRCSSS*NCRRR,1,1172,5,5,False
RDFIRTWCWAKGRRR,1,2315,1,1,True
RDFKPQLLFLWLPGQ,1,40,66,76,False
RDFKSEGEEEEKAGA,1,140,7,10,False
RDFKSEGEGQESAGA,3,140,7,10,True
RDFLPQLLFLYWPEQ,1,1081,14,14,False
RDFMPQLLFLQGPSQ,1,753,6,6,False
RDFMPRLLFLVQPWQ,1,241,14,16,False
RDFNPAVRRRKVPAQ,1,147,8,10,False
RDFNPCRRSRKRPAQ,1,10,1116,1855,False
RDFNPCSWGGKVPAQ,1,2316,5,5,True
RDFNPDLQRGEIPGA,1,218,13,14,False
RDFNPFFCLVEKAGA,2,475,3,4,True
RDFNPFFLFLKVPAQ,1,11,557,1905,False
RDFNPFFLLLKMPAQ,1,11,557,1905,False
RDFNPGGGRPRRWF*,5,55,2,6,True
RDFNPGRRSRKVPAQ,4,10,1116,1855,False
RDFNPHSGI*KLPAQ,1,2317,1,1,True
RDFNPKGGMRRKRPA,1,2318,1,1,True
RDFNPKRRMRKGPAQ,1,10,1116,1855,False
RDFNPKRRRRKRPAQ,1,10,1116,1855,False
RDFNPLFLLLKLPAQ,1,11,557,1905,False
RDFNPLLLFLKLPAQ,1,3,2229,22657,False
RDFNPLVFVLKLPAQ,1,527,17,18,False
RDFNPLVVVWESAGA,2,171,10,15,False
RDFNPMCVVVVQIPG,1,2319,1,1,True
RDFNPNVWFCKMPAQ,1,2320,3,3,True
RDFNPQGGRRKRPAQ,1,10,1116,1855,False
RDFNPQGLVRKRPAQ,1,1695,3,3,False
RDFNPQRSRSKGPAQ,2,143,35,40,False
RDFNPRGRRRKGPAQ,1,18,393,562,False
RDFNPRIRCRKWPAQ,1,440,22,23,False
RDFNPRSRCVKGPAQ,1,2079,8,8,False
RDFNPRWFVGKCPAQ,1,920,7,7,False
RDFNPSRRRVKMPAQ,1,10,1116,1855,False
RDFNPVCLFRKGPAQ,1,2321,1,1,True
RDFNPWFVFLKMPAQ,1,155,109,133,False
RDFNPWLFWLKVPAQ,1,19,348,758,False
RDFNPWLIWLKVPAQ,1,19,348,758,False
RDFNPWLLFLKIPAQ,1,3,2229,22657,False
RDFNPWLLFLKRPKQ,3,3,2229,22657,False
RDFNPWLLFLKVPAQ,4,3,2229,22657,False
RDFNPWLLFLQLPVQ,2,3,2229,22657,False
RDFNPWLLFLRVPWQ,4,1,1197,10527,False
RDFNPWLLLLKIPAQ,1,3,2229,22657,False
RDFNPWLLLLKVPAQ,2,3,2229,22657,False
RDFNPWLLWLKLPAQ,2,3,2229,22657,False
RDFNPWLLWLKVPAQ,1,3,2229,22657,False
RDFNPWLVLLKLPAQ,1,3,2229,22657,False
RDFNPWMLWLKWPAQ,1,165,80,105,False
RDFNPYLLFLKLPAQ,1,3,2229,22657,False
RDFNPYLLFLKVPAQ,2,3,2229,22657,False
RDFNPYLLLLKLPAQ,1,3,2229,22657,False
RDFNRAGGAGKGRCR,1,2322,4,4,True
RDFQPLLLFLDRPFQ,1,315,13,15,False
RDFQPLLLFLMKPIQ,1,495,19,20,False
RDFQPLLLFLQWPSQ,1,56,210,255,False
RDFQPLLLFLRVPPQ,1,40,66,76,False
RDFQPWLLFLVTPVQ,1,56,210,255,False
RDFRPFLLFLTAPQQ,1,40,66,76,False
RDFRPLLLFLEVPQQ,1,640,16,16,False
RDFRPLLLFLQLPVQ,1,4,603,1344,False
RDFRPLLLFLSLPVQ,3,4,603,1344,False
RDFRPLLLFLTLPQQ,1,40,66,76,False
RDFRPWLLFLQLPPQ,1,3,2229,22657,False
RDFRPYLLFLLSPRQ,1,357,26,27,False
RDFSPLLLFLQWPGQ,1,56,210,255,False
RDFSPYLLFLWVPQQ,1,40,66,76,False
RDFWPGLLFLRLPQQ,6,40,66,76,True
RDFWPGLLFLRQPAQ,1,40,66,76,False
RDFWPLLLFLSGPRQ,2,31,119,142,False
RDFWPLLLFLYQPGQ,2,31,119,142,False
RDFWPQLLFLVLPAQ,1,40,66,76,False
RDFWPWLLFLQWPGQ,1,56,210,255,False
RDGAPGAAVSVGAGA,1,1112,6,6,False
RDGAPGLLFLGGPGQ,1,17,13,27,False
RDGEPFLLFLEYPVQ,1,176,11,12,False
RDGEPYLLFLPQPRR,1,357,26,27,False
RDGESDEEEEERAGA,1,141,34,41,False
RDGESDVEEEEKAGA,1,277,78,85,False
RDGESDVRLVEMPGA,1,2323,1,1,True
RDGESEDEQVEMAGA,1,141,34,41,False
RDGESEEEEQQRAGA,1,81,24,32,False
RDGESEEEGGERAGA,3,141,34,41,True
RDGESEGEEQERAGA,1,81,24,32,False
RDGESEGVEQEKAGA,1,2302,3,3,False
RDGESGEEGEEKAGA,1,141,34,41,False
RDGESGEEVGQKAGA,1,141,34,41,False
RDGESGGGQGERPGA,1,873,5,5,False
RDGESVGVEEEMAGA,1,2000,2,2,False
RDGGAAAAVSGVAGA,1,149,31,38,False
RDGGPCLLFLQGRSR,1,2324,1,1,True
RDGGPGLLFLGGPGA,1,709,7,7,False
RDGGPGLLFLRRPAQ,1,40,66,76,False
RDGGPGLLFLWGPVQ,1,41,88,103,False
RDGGPGLLFLWWPQQ,1,40,66,76,False
RDGGPLLLFLEMPVQ,1,41,88,103,False
RDGGPQLLFLFLPAQ,1,1713,18,18,False
RDGGPRLLFLWLPLQ,1,453,36,38,False
RDGGPRLLFLWMPQQ,1,41,88,103,False
RDGGPVLLFLQWPQQ,1,637,44,44,False
RDGGPWLLFLQLPGQ,1,56,210,255,False
RDGGPWLLFLQLPLQ,2,56,210,255,False
RDGGPWLLFLQLPVQ,3,56,210,255,False
RDGGPWLLFLQWPFQ,1,29,67,92,False
RDGHPKLLFLKQPKQ,1,638,5,5,False
RDGIRGGGGGKGRRR,1,57,64,76,False
RDGIRPGG*GKGRRR,1,57,64,76,False
RDGIRRGAGGNCRRR,1,726,6,6,False
RDGIRRGGAGKGRRR,1,57,64,76,False
RDGIRRGGGGKSRRR,1,57,64,76,False
RDGIRRGGSSKGRRR,1,57,64,76,False
RDGKPLLLFLQWPVQ,1,56,210,255,False
RDGKSEEEEEERAGA,1,81,24,32,False
RDGKSEEEGVQKAGA,1,141,34,41,False
RDGKSEQVEEEKAGA,1,1717,2,2,False
RDGLPGLLFLCVPGQ,1,138,47,50,False
RDGLPLLLFLQWPMQ,1,221,41,45,False
RDGLPLLLFLTVPAQ,1,41,88,103,False
RDGLPRLLFLQVPVQ,1,56,210,255,False
RDGLPVLLFLQWPPQ,1,53,100,123,False
RDGLPWLLFLQYPSQ,3,56,210,255,False
RDGMPLLLFLQWPYQ,1,15,198,343,False
RDGNPACCCVKWPAQ,1,2325,1,1,True
RDGNPARGWWSKCRR,1,2326,1,1,True
RDGNPARRDEESAGA,1,26,107,135,False
RDGNPCGGAGKGRRR,1,477,11,12,False
RDGNPDWAG*KCRRR,1,247,30,35,False
RDGNPEEEEEQRAGA,1,81,24,32,False
RDGNPEEVQEERAGA,1,26,107,135,False
RDGNPEGEEEEKAGA,1,144,108,123,False
RDGNPEGEEEERAGA,1,26,107,135,False
RDGNPEGEGGERAGA,1,141,34,41,False
RDGNPEGRRGKGPAQ,1,18,393,562,False
RDGNPEGRRGKRPAQ,1,10,1116,1855,False
RDGNPEGRRGKWAGA,1,2327,4,4,True
RDGNPEGRRRKGPAQ,1,18,393,562,False
RDGNPEGRRRKVPAQ,1,10,1116,1855,False
RDGNPEGRRRKWPAQ,1,10,1116,1855,False
RDGNPEREEEQSPGA,1,2328,1,1,True
RDGNPERGRGKGPAQ,1,143,35,40,False
RDGNPERRGRKGPAQ,1,716,5,5,False
RDGNPERRRGKGPAQ,1,143,35,40,False
RDGNPERRRGKMPGA,1,2327,4,4,False
RDGNPERRRRKGPAQ,2,10,1116,1855,False
RDGNPERRRRKRPAQ,1,10,1116,1855,False
RDGNPERRRRKRRRR,1,82,47,54,False
RDGNPERVGEEKAGA,1,2019,5,5,False
RDGNPEVEEEERAGA,1,26,107,135,False
RDGNPEVRRRKRPAQ,1,10,1116,1855,False
RDGNPFLSGSKSPAR,2,476,1,2,True
RDGNPFVGRVGENAG,1,2329,1,1,True
RDGNPGEEEEERAGA,2,26,107,135,False
RDGNPGEEEERPGAG,1,2330,1,1,True
RDGNPGGEEEEKAGA,1,144,108,123,False
RDGNPGGGG*KGRRR,1,146,35,40,False
RDGNPGGGGGKGRRR,2,146,35,40,False
RDGNPGGGQGERAGA,1,103,71,80,False
RDGNPGGGRGEKAGA,1,103,71,80,False
RDGNPGGGRRKRPAQ,2,10,1116,1855,False
RDGNPGGMGCKGRRR,1,501,7,8,False
RDGNPGGMRRKRPAQ,1,1548,11,11,False
RDGNPGGRRRKRPAQ,1,10,1116,1855,False
RDGNPGGVGGERAGA,1,103,71,80,False
RDGNPGLEVDQRAGA,1,1132,3,3,False
RDGNPGLVEQERAGA,1,8,25,98,False
RDGNPGLWGLKGAGA,1,2331,1,1,True
RDGNPGQEEEEKAGA,1,144,108,123,False
RDGNPGREEEERAGA,1,26,107,135,False
RDGNPGRGEEERAGA,1,26,107,135,False
RDGNPGRRGGKGPAQ,1,223,23,26,False
RDGNPGRRGRKRPAQ,1,10,1116,1855,False
RDGNPGRRRRKGPAQ,3,10,1116,1855,False
RDGNPGRRRRKVPAQ,1,10,1116,1855,False
RDGNPGRRRSKGPAQ,1,10,1116,1855,False
RDGNPGRRVRKSPAQ,2,10,1116,1855,False
RDGNPGVSSVKCPAQ,1,2332,3,3,True
RDGNPGWRGVKGPAR,1,223,23,26,False
RDGNPGWRRRKRPAQ,1,10,1116,1855,False
RDGNPHREAGGNGRR,1,2333,1,1,True
RDGNPHRRREQKPGA,1,281,38,42,False
RDGNPHSSSRKFPAQ,1,2332,3,3,False
RDGNPIRGEVERAGA,1,26,107,135,False
RDGNPIVWLRKGRRR,1,2334,3,3,True
RDGNPKEEEEEKAGA,2,26,107,135,False
RDGNPKEEEEENAGA,1,26,107,135,False
RDGNPKGGGRKGPAQ,2,256,19,21,False
RDGNPKGGRRKRPAQ,1,10,1116,1855,False
RDGNPKGGSRKGPAQ,1,256,19,21,False
RDGNPKGQEQEKAGA,1,26,107,135,False
RDGNPKGQGEESPGA,1,251,8,9,False
RDGNPKGREHQKAGA,1,2335,5,5,True
RDGNPKGRGGERAGA,1,26,107,135,False
RDGNPKGRGRKGPAQ,1,716,5,5,False
RDGNPKGRRCKGPAQ,1,10,1116,1855,False
RDGNPKGRRGKGPAQ,2,10,1116,1855,False
RDGNPKGRRGKRPAQ,1,10,1116,1855,False
RDGNPKGRRGKWPAQ,1,502,20,21,False
RDGNPKGRRRKGPAQ,6,10,1116,1855,False
RDGNPKGRRRKGRRR,1,82,47,54,False
RDGNPKGRRRKRPAA,1,253,37,40,False
RDGNPKGRRRKRPAQ,11,10,1116,1855,False
RDGNPKGRRRKVPAQ,1,10,1116,1855,False
RDGNPKGRRRKWPAQ,1,10,1116,1855,False
RDGNPKGRRWKGPAQ,1,2297,11,11,False
RDGNPKGRWWEMAGA,1,2335,5,5,False
RDGNPKGSRRKWPAQ,1,10,1116,1855,False
RDGNPKGWRGKGPAQ,1,502,20,21,False
RDGNPKGWRGKRPAQ,1,187,29,32,False
RDGNPKGWRRKGPAQ,1,10,1116,1855,False
RDGNPKMRMLKRAGA,1,2336,2,2,True
RDGNPKRCRRKVPAQ,1,10,1116,1855,False
RDGNPKREEEEKAGA,2,26,107,135,False
RDGNPKREEEERAGA,1,26,107,135,False
RDGNPKRGEEERAGA,8,26,107,135,True
RDGNPKRGGRKGPAQ,1,10,1116,1855,False
RDGNPKRGRLKSPAQ,1,502,20,21,False
RDGNPKRQRWKRPAQ,1,10,1116,1855,False
RDGNPKRRGGKRPAQ,1,10,1116,1855,False
RDGNPKRRGRKGPAQ,1,10,1116,1855,False
RDGNPKRRGRKRPAQ,1,10,1116,1855,False
RDGNPKRRRGKGPAQ,1,10,1116,1855,False
RDGNPKRRRIKGPAQ,1,10,1116,1855,False
RDGNPKRRRMKRPAQ,1,10,1116,1855,False
RDGNPKRRRRKGPAQ,3,10,1116,1855,False
RDGNPKRRRRKGPRR,1,82,47,54,False
RDGNPKRRRRKKAGA,1,105,23,25,False
RDGNPKRRRRKRAGA,1,253,37,40,False
RDGNPKRRRRKRPAQ,11,10,1116,1855,False
RDGNPKRRRSKGPAQ,2,10,1116,1855,False
RDGNPKRRRSKRPAQ,1,10,1116,1855,False
RDGNPKRRRWKGPAQ,1,10,1116,1855,False
RDGNPKRRRWKVPAQ,1,10,1116,1855,False
RDGNPKRRSRKGPAQ,1,10,1116,1855,False
RDGNPKRRSWKGPAQ,2,10,1116,1855,False
RDGNPKRWGWKGPAQ,1,143,35,40,False
RDGNPKRWRGKGPAQ,1,143,35,40,False
RDGNPKSRRRKGPAA,1,10,1116,1855,False
RDGNPKWRRRKGPAQ,1,10,1116,1855,False
RDGNPKWRRRKRPAQ,1,10,1116,1855,False
RDGNPLFMLVKVPAQ,1,142,20,22,False
RDGNPLGGSGKSRRR,1,712,4,4,False
RDGNPLGRRRKRPAQ,2,10,1116,1855,False
RDGNPLGWLLKVRRR,1,1144,10,10,False
RDGNPLRRRSKRPAQ,1,10,1116,1855,False
RDGNPLWLGFSRRRV,1,2337,2,2,True
RDGNPMGRRRKGPAQ,1,18,393,562,False
RDGNPMRQRGESAGR,1,2305,8,8,False
RDGNPMRRGRKRPAQ,1,10,1116,1855,False
RDGNPMRRRRKRPAQ,1,10,1116,1855,False
RDGNPMVGRWKGPAQ,1,143,35,40,False
RDGNPNGGGGKGRRR,1,146,35,40,False
RDGNPNGGMQQIAGA,1,2338,1,1,True
RDGNPNGVSGKLPAW,1,2339,2,2,True
RDGNPNLLFLTYPQQ,1,1529,3,3,False
RDGNPNLRRRKSPAQ,1,10,1116,1855,False
RDGNPNRREQERAGA,1,26,107,135,False
RDGNPNRRRRKGPAQ,2,10,1116,1855,False
RDGNPNWWLCKWPAQ,1,2320,3,3,False
RDGNPPGCRLKGPAQ,1,2340,4,4,True
RDGNPPRRKEEKPGA,1,281,38,42,False
RDGNPPRRRRKGPAQ,1,10,1116,1855,False
RDGNPPRRRRKRPAQ,1,10,1116,1855,False
RDGNPPVCHRESPGA,1,2005,3,3,False
RDGNPQCRGRKGPAQ,7,18,393,562,False
RDGNPQCRGRKGPGA,1,493,17,18,False
RDGNPQEGGERAGAG,1,536,9,10,False
RDGNPQGGRRKWPAQ,1,18,393,562,False
RDGNPQGGSRKRPRR,1,2341,3,3,True
RDGNPQGGSSKRPAQ,1,2341,3,3,False
RDGNPQGRGRKGPAQ,1,18,393,562,False
RDGNPQGRGVKRPAQ,1,1156,13,13,False
RDGNPQGRMRKGPAQ,1,18,393,562,False
RDGNPQGRREQRAGA,1,785,5,5,False
RDGNPQGRRIKRPAQ,1,10,1116,1855,False
RDGNPQGRRMKSPAQ,1,18,393,562,False
RDGNPQGRRRKGPAQ,7,18,393,562,False
RDGNPQGRRRKMPAQ,1,18,393,562,False
RDGNPQGRRRKRPAQ,4,10,1116,1855,False
RDGNPQGRSRKSPAQ,1,18,393,562,False
RDGNPQGRWRKGPAQ,2,18,393,562,False
RDGNPQGWRRKRPAQ,1,187,29,32,False
RDGNPQRRGMKGAGA,1,537,13,14,False
RDGNPQRRRGKGRRR,1,82,47,54,False
RDGNPQRRRMKGPAQ,2,10,1116,1855,False
RDGNPQRRRRKGPAQ,4,10,1116,1855,False
RDGNPQRRRRKRPVQ,1,10,1116,1855,False
RDGNPQRRRSKGPAQ,1,493,17,18,False
RDGNPQRRRVKCPAQ,1,10,1116,1855,False
RDGNPQRRSRKRPAQ,1,10,1116,1855,False
RDGNPQRRWVKRPAQ,1,10,1116,1855,False
RDGNPQRSRRKRPAQ,1,10,1116,1855,False
RDGNPQRSRRKWPAQ,1,10,1116,1855,False
RDGNPQRWGGKRAGA,1,271,7,8,False
RDGNPQRWRRKGPAQ,1,143,35,40,False
RDGNPQVRRRKGPAQ,1,18,393,562,False
RDGNPQWRGWKRPAQ,1,1976,3,3,False
RDGNPQWRRVKRPAQ,1,10,1116,1855,False
RDGNPQWRSSKRPAQ,1,1554,12,12,False
RDGNPQWSWGKRPAQ,1,787,3,3,False
RDGNPQWWRRKGPAQ,1,18,393,562,False
RDGNPQWWVVKWPAQ,1,142,20,22,False
RDGNPR*GGGKGRRR,1,484,7,8,False
RDGNPREEQEEKPGA,1,2342,2,2,True
RDGNPRFWRRKVPAQ,1,440,22,23,False
RDGNPRGAGGKGRRR,1,247,30,35,False
RDGNPRGEEEEKAGA,1,144,108,123,False
RDGNPRGFRGKGPAQ,1,2340,4,4,False
RDGNPRGG*GKGRRR,1,146,35,40,False
RDGNPRGGELERPGA,1,26,107,135,False
RDGNPRGGGGKGRRR,1,146,35,40,False
RDGNPRGGGRKGPAQ,1,256,19,21,False
RDGNPRGGGVEIAGT,1,2343,1,1,True
RDGNPRGGWAKGRRR,1,146,35,40,False
RDGNPRGMGIKGAGA,1,537,13,14,False
RDGNPRGQEEEKAGA,1,144,108,123,False
RDGNPRGRGAKCRRR,1,146,35,40,False
RDGNPRGRGVKGPAQ,1,223,23,26,False
RDGNPRGRGVKMPGA,1,1755,3,3,False
RDGNPRGRRGKRPAQ,2,10,1116,1855,False
RDGNPRGRRMKGPAQ,1,356,19,23,False
RDGNPRGRRRKGPAQ,4,18,393,562,False
RDGNPRGRRRKRPAQ,4,10,1116,1855,False
RDGNPRGRRVKGPAR,1,356,19,23,False
RDGNPRGRSRKSPAQ,1,1156,13,13,False
RDGNPRGW*KGRRRV,1,2344,2,2,True
RDGNPRLRGRKGPAQ,2,291,30,32,False
RDGNPRMGSGKWPAQ,1,2345,3,3,True
RDGNPRMWRRKRPAQ,1,10,1116,1855,False
RDGNPRREEEERAGA,1,26,107,135,False
RDGNPRREQGERAGA,1,26,107,135,False
RDGNPRRGRRKRPAQ,2,10,1116,1855,False
RDGNPRRMGGKRPAQ,1,321,6,7,False
RDGNPRRRGLKRPAQ,2,10,1116,1855,False
RDGNPRRRGRKGPAQ,1,10,1116,1855,False
RDGNPRRRMRKSPAQ,2,10,1116,1855,False
RDGNPRRRRCKGPAQ,1,10,1116,1855,False
RDGNPRRRRDEIAGA,1,2305,8,8,False
RDGNPRRRREERAGA,1,26,107,135,False
RDGNPRRRRGKRPAQ,1,10,1116,1855,False
RDGNPRRRRRKGPAQ,6,10,1116,1855,False
RDGNPRRRRRKRPAQ,4,10,1116,1855,False
RDGNPRRRRSKGPAQ,2,356,19,23,False
RDGNPRRRRWKRPAQ,1,10,1116,1855,False
RDGNPRRRWRKRPAQ,1,10,1116,1855,False
RDGNPRRSRRKRPAQ,1,10,1116,1855,False
RDGNPRRWGSKGPAQ,1,143,35,40,False
RDGNPRRWRSKGPAQ,1,143,35,40,False
RDGNPRRWWVKGPAQ,1,143,35,40,False
RDGNPRSRRRKRPAQ,1,10,1116,1855,False
RDGNPRSRWVKGPAQ,1,2079,8,8,False
RDGNPRVWRRKIPAQ,1,2346,6,6,True
RDGNPRWRGRKGPAQ,1,291,30,32,False
RDGNPRWWRRKSPAQ,1,2346,6,6,False
RDGNPSGEGEERAGA,1,26,107,135,False
RDGNPSGGSRKGAGA,1,720,4,4,False
RDGNPSGGVMKGPAQ,1,2340,4,4,False
RDGNPSGRRRKGPRR,1,1157,3,3,False
RDGNPSGRRWKGPAQ,1,2297,11,11,False
RDGNPSGVCMKLPAQ,1,2339,2,2,False
RDGNPSGWRWKGRRR,1,33,19,29,False
RDGNPSRGGRKGPAQ,2,470,4,7,False
RDGNPSRRGRKGPAQ,2,10,1116,1855,False
RDGNPSRRGRKRPAQ,1,10,1116,1855,False
RDGNPSWMGGKVPAQ,1,1156,13,13,False
RDGNPTEVEEERAGA,1,26,107,135,False
RDGNPTGRIGKGRRR,1,82,47,54,False
RDGNPTGRRGKRPAQ,1,10,1116,1855,False
RDGNPTGRRRKRPAQ,1,10,1116,1855,False
RDGNPTGRRSKVPAQ,1,187,29,32,False
RDGNPTGRRVKGPAQ,1,2340,4,4,False
RDGNPTGRRWRSKGP,1,2347,1,1,True
RDGNPTGRWRKRAGA,1,253,37,40,False
RDGNPTGWRRKGRRR,1,1144,10,10,False
RDGNPTGWRRKRPAQ,1,187,29,32,False
RDGNPTRGRRKWPAQ,1,10,1116,1855,False
RDGNPTRRRRKMPAQ,1,10,1116,1855,False
RDGNPTRRRRKRPAQ,1,10,1116,1855,False
RDGNPTRRRSKGPAQ,1,10,1116,1855,False
RDGNPTRRRSKRPAQ,1,10,1116,1855,False
RDGNPTSRRRKRPAQ,1,10,1116,1855,False
RDGNPTSWMRKGPAQ,1,713,7,7,False
RDGNPTWRRRKRPAQ,1,10,1116,1855,False
RDGNPVGRRGKGPAA,1,356,19,23,False
RDGNPVGRRRKGPAQ,1,18,393,562,False
RDGNPVGVGLESAGA,1,61,15,21,False
RDGNPVRRGGKGPAQ,1,535,29,30,False
RDGNPVRRRRKGPAQ,1,10,1116,1855,False
RDGNPVRWWVKGPRR,1,532,8,9,False
RDGNPVSGA*KGRRR,2,477,11,12,True
RDGNPWGRGRKGPAQ,1,716,5,5,False
RDGNPWRRRRKRPAQ,2,10,1116,1855,False
RDGNPWRWVGKLPAQ,1,250,31,34,False
RDGNRPGASGNGRRR,1,2348,2,2,True
RDGNRPWAAGKGRRR,1,2348,2,2,False
RDGNSEEEEEERAGA,1,81,24,32,False
RDGPPVLLFLLKPSQ,1,454,16,18,False
RDGQPALLFLRGPAQ,1,1529,3,3,False
RDGQPLLLFLQWPVQ,1,56,210,255,False
RDGQPLLLFLWRPQQ,1,41,88,103,False
RDGQPRLLFLAHPGA,2,478,3,4,True
RDGQPWLLFLHWPFQ,1,29,67,92,False
RDGQPWLLFLMMPQQ,1,56,210,255,False
RDGQSEGEEEQRAGA,4,81,24,32,True
RDGQSGGVEEEKAGA,1,2314,6,6,False
RDGRPIRCFCWARAR,1,2349,1,1,True
RDGRPKLLFLSQPVQ,1,357,26,27,False
RDGRPLLLFLLMPQQ,1,640,16,16,False
RDGRPLLLFLQWPSQ,1,56,210,255,False
RDGRPLLLFLVLPCR,1,268,11,12,False
RDGRPMLLFLQLPVQ,1,4,603,1344,False
RDGRPTLLFLWQPLQ,1,41,88,103,False
RDGSPKLLFLRSPQQ,1,40,66,76,False
RDGSPWLLFLLRPQQ,1,486,16,18,False
RDGTPYLLFLWQPSQ,1,41,88,103,False
RDGVADAAVSDGAAA,1,2350,1,1,True
RDGVAGAAVSGVAVA,1,149,31,38,False
RDGVPMLLFLLHPRQ,1,2251,10,10,False
RDGVPWLLFLVQPVQ,1,130,94,113,False
RDGWAGAAVSVAPAP,1,479,6,7,False
RDGWAVAAVSVPAAP,2,479,6,7,True
RDGWPFLLFLQWPVQ,1,56,210,255,False
RDGWPLLLFLCSPQQ,1,29,67,92,False
RDGWPLLLFLQWPEQ,1,29,67,92,False
RDGWPLLLFLQWPGQ,1,31,119,142,False
RDGWPLLLFLQWPVQ,2,56,210,255,False
RDGWPMLLFLKKPKQ,1,0,1628,17219,False
RDGWPMLLFLWQPVQ,2,41,88,103,False
RDGWPWLLFLLLPQQ,1,40,66,76,False
RDGWPWLLFLQFPVQ,1,56,210,255,False
RDGWPWLLFLQWPEQ,2,29,67,92,False
RDGWPWLLFLVQPSQ,2,29,67,92,False
RDHAPWLLFLWGPQQ,1,410,12,13,False
RDHKPKLLFLNCPQQ,1,329,11,13,False
RDHLPLLLFLLLPLQ,1,518,22,24,False
RDHVPWLLFLWQPRQ,1,41,88,103,False
RDIIRRGGGAKGRRR,1,57,64,76,False
RDINPAGEGEERAGA,1,144,108,123,False
RDINPAIRRRKSPAQ,1,10,1116,1855,False
RDINPAMRIRERAGA,1,2121,2,2,False
RDINPASFFGKIPAQ,1,2351,2,2,True
RDINPCCVRRKWPAQ,1,2352,1,1,True
RDINPDGEEQEKAGA,1,144,108,123,False
RDINPEGMRSKLPAQ,1,2353,1,1,True
RDINPEGRRRKGPAQ,2,18,393,562,False
RDINPKEEEEEKAGA,1,144,108,123,False
RDINPKEEEGERARR,1,2354,1,1,True
RDINPKGGEEKAGQG,1,503,5,6,False
RDINPKGRGLKRPAQ,1,10,1116,1855,False
RDINPKGRRRKGPAQ,1,10,1116,1855,False
RDINPKGRRRKRPAQ,1,10,1116,1855,False
RDINPKGRRRKVPAQ,1,10,1116,1855,False
RDINPKGRRSKRPAQ,1,10,1116,1855,False
RDINPKGRRWKRPAQ,1,10,1116,1855,False
RDINPKGSRRKGPAQ,1,10,1116,1855,False
RDINPKGSRRKRPAQ,1,10,1116,1855,False
RDINPKKEEEKPGAG,1,503,5,6,False
RDINPKRRMWKLAGA,1,2336,2,2,False
RDINPKRRRRKGAGA,1,491,11,12,False
RDINPKRRRRKGPAQ,1,10,1116,1855,False
RDINPKRRRRKRPAQ,1,10,1116,1855,False
RDINPKRRRRKWPAQ,1,10,1116,1855,False
RDINPKRRSRKLPAQ,1,10,1116,1855,False
RDINPKRWRRKRPAQ,1,10,1116,1855,False
RDINPKWRRRKRPAQ,1,10,1116,1855,False
RDINPLGCVGQMAGA,1,2355,1,1,True
RDINPLGGIVKCRRR,1,2356,1,1,True
RDINPLGRRRKRPAQ,1,10,1116,1855,False
RDINPLLVFFKLPAQ,1,945,7,7,False
RDINPNGRSRKRPAQ,1,10,1116,1855,False
RDINPNRRGQQKPGA,1,2357,1,1,True
RDINPPCGFRKVPAQ,1,411,9,11,False
RDINPPSGVGTGAGF,1,2358,1,1,True
RDINPPVGVRKGRRR,1,2334,3,3,False
RDINPQCRWRKGPAQ,1,18,393,562,False
RDINPQGFSRKGPAQ,1,1181,4,4,False
RDINPQGRRCKRPAQ,1,10,1116,1855,False
RDINPQGRRRKGPAQ,1,18,393,562,False
RDINPQGRRRKRPAQ,1,10,1116,1855,False
RDINPQGRRRKVPAQ,1,18,393,562,False
RDINPQRIRRKRPAQ,1,10,1116,1855,False
RDINPQRRGSKRPAQ,1,10,1116,1855,False
RDINPQRRRRKRPAQ,1,10,1116,1855,False
RDINPQWRRRKGPAQ,1,18,393,562,False
RDINPQWWLGKGPAQ,1,2359,2,2,True
RDINPRGLWRKRPAQ,1,1738,3,3,False
RDINPRGSRRKGPAQ,1,18,393,562,False
RDINPRRRRRKRPAQ,2,10,1116,1855,False
RDINPRVCRRKGPAQ,1,2346,6,6,False
RDINPTEEEEEKAGA,1,144,108,123,False
RDINPTGEERENAGA,1,144,108,123,False
RDINPTGRRRKRPAQ,1,10,1116,1855,False
RDINPTGRRRKSPAQ,1,10,1116,1855,False
RDINPTRRRRKRPAQ,1,10,1116,1855,False
RDINPTRRRSKGPAQ,1,1183,20,20,False
RDINPTVMMRKGPAQ,1,49,14,21,False
RDINPTVRGRKGGAG,1,2360,1,1,True
RDINPVGSERESPGA,1,494,8,9,False
RDINPVWSSRKVPAQ,1,597,6,8,False
RDINPWGGRRKRPAQ,1,10,1116,1855,False
RDINPWLLFLLRPQQ,1,486,16,18,False
RDINPWLLFLQWPVQ,1,56,210,255,False
RDINPWLLFLSKPQQ,1,7,629,1764,False
RDINPWLLFLSYPQQ,1,7,629,1764,False
RDINPWLLFLWQPRQ,3,1,1197,10527,False
RDINPYLLFLKLPAQ,1,3,2229,22657,False
RDINPYLLFLQWPDQ,3,15,198,343,False
RDINPYLLFLRQPYQ,2,2,509,4610,False
RDINPYLLFLWKPKQ,1,0,1628,17219,False
RDINPYLLFLYQPDQ,2,2,509,4610,False
RDINRSGAAGKGRRR,1,2322,4,4,False
RDIRPVLLVSEGPEA,1,2361,1,1,True
RDIYPVLLFLWQPQQ,1,41,88,103,False
RDKDAEAAVSELAGP,2,480,2,3,True
RDKEPRAAVSDQPVP,1,856,3,3,False
RDKEPRLLFLSMPQQ,1,1602,12,12,False
RDKESDQEGEQNPGA,1,2362,1,1,True
RDKESEEVEEQKAGA,1,277,78,85,False
RDKKPDLLFLA*PGA,1,478,3,4,False
RDKKPKAAVSGQADP,1,471,3,4,False
RDKKPLLLFLVLPRQ,1,1504,13,13,False
RDKMPVLLFLWGPQQ,1,1212,17,17,False
RDKQPKLLFLAYPNQ,1,495,19,20,False
RDKQPLLLFLWRPVQ,1,544,8,10,False
RDKQPRLLVSEEAEA,1,1609,2,2,False
RDKQPWLLFLLNPQQ,1,56,210,255,False
RDKQPYLLFLILPQQ,1,40,66,76,False
RDKQPYLLFLKKPKQ,1,0,1628,17219,False
RDKSPILLFLGYPSQ,1,644,2,2,False
RDKSPQLLFLTKPQQ,1,317,4,5,False
RDLAPMLLFLQWPLQ,2,56,210,255,False
RDLFPQLLFLWWPQQ,1,20,111,133,False
RDLGPLLLFLQWPVQ,1,56,210,255,False
RDLGPLLLFLYQPGQ,1,41,88,103,False
RDLGPWLLFLQWPVQ,1,56,210,255,False
RDLGPWLLFLRQPYQ,1,1539,10,10,False
RDLGPWLLFLVVPQQ,1,603,15,16,False
RDLKSDEVDEESPGA,1,2363,1,1,True
RDLLPLLLFLQWPGQ,1,56,210,255,False
RDLLPLLLFLWVPAQ,1,41,88,103,False
RDLLPMLLFLQWPVQ,1,56,210,255,False
RDLLPQLLFLGLPWQ,2,127,34,42,False
RDLLPWLLFCACRSR,1,2364,2,2,True
RDLLPWLLFLLVPQQ,1,424,27,28,False
RDLMPLLLFLQYPIQ,1,2196,13,13,False
RDLNPAVISRKVPAQ,2,49,14,21,False
RDLNPAWGREEIPGA,1,741,5,5,False
RDLNPAWLFVKGRRR,2,481,2,3,True
RDLNPCCGR*NSRRR,2,482,4,5,True
RDLNPEVVGGERAGA,1,365,35,37,False
RDLNPGAWWSNGRRR,1,599,8,9,False
RDLNPGEGGGERAGA,1,365,35,37,False
RDLNPGGEEEERAGA,2,144,108,123,False
RDLNPGMGVWKWPAQ,1,142,20,22,False
RDLNPKRGRGERAGA,2,26,107,135,False
RDLNPLLLFLKMPAQ,1,3,2229,22657,False
RDLNPLLMVVKWPAQ,3,142,20,22,True
RDLNPLLVVLKVPAA,2,19,348,758,False
RDLNPMFVVGERAGA,1,413,20,21,False
RDLNPPGSMRKVPAQ,1,396,15,19,False
RDLNPPWRRQEIPGA,1,741,5,5,False
RDLNPQRGRGKWPAQ,1,502,20,21,False
RDLNPRFGCGKWPAQ,1,2345,3,3,False
RDLNPRGRRMKGPAQ,1,2297,11,11,False
RDLNPRGRRRKRPAQ,1,10,1116,1855,False
RDLNPRGWVEERAGA,1,2365,2,2,True
RDLNPTRRRGKGPAQ,1,10,1116,1855,False
RDLNPTRRWRKVPAQ,1,10,1116,1855,False
RDLNPVLFVLKFPAQ,1,142,20,22,False
RDLNPVVGGLKGPAQ,1,1766,3,3,False
RDLNPWLLFLKFPAQ,1,3,2229,22657,False
RDLNPWLLFLKVPAQ,7,3,2229,22657,False
RDLNPWLLFLKWPAQ,1,3,2229,22657,False
RDLNPWLLFLKWPQQ,1,3,2229,22657,False
RDLNPWLLFLQLPVQ,1,4,603,1344,False
RDLNPWLLFLRQPAQ,1,14,52,95,False
RDLNPWWVVWKGPAQ,1,2366,2,2,True
RDLNPWWWWVKWPAQ,1,108,17,20,False
RDLNPYLLFLRLPQQ,1,40,66,76,False
RDLNSGGVRGEMAGA,1,2314,6,6,False
RDLQPLLLFLQRPVQ,1,56,210,255,False
RDLQPQLLFLAWPWQ,1,56,210,255,False
RDLQPWLLFLSTPIQ,1,56,210,255,False
RDLRPGLLFLVWPRQ,1,357,26,27,False
RDLRPLLLFLIGPAQ,1,41,88,103,False
RDLRPLLLFLVQPMQ,1,156,79,85,False
RDLRPMLLFLFQPEQ,1,647,10,10,False
RDLRPQLLFLDNPTQ,1,2050,8,8,False
RDLRPWLLFLQLPVQ,1,56,210,255,False
RDLVPVLLFLFGPAR,1,2367,1,1,True
RDLVPWLLFLQLPAQ,1,3,2229,22657,False
RDLWPLLLFLEGPQQ,1,20,111,133,False
RDLWPLLLFLKQPVQ,1,156,79,85,False
RDLWPLLLFLWWPQQ,1,20,111,133,False
RDLWPVLLFLQWPAQ,1,20,111,133,False
RDLWPVLLFLQWPRQ,1,20,111,133,False
RDLWPWLLFLQWPVQ,1,56,210,255,False
RDMESDEEGEERAGA,1,141,34,41,False
RDMESDEEGVESPGA,1,2368,1,1,True
RDMESDERQEQSAGA,1,2369,1,1,True
RDMESGEEEEENAGA,2,277,78,85,False
RDMESGTGGGAKGRR,1,1982,5,5,False
RDMESVHGHEESAGA,1,88,4,7,False
RDMGPLLLFLDWPQQ,1,41,88,103,False
RDMKSEEEEGEKAGA,1,141,34,41,False
RDMLQLLFLGRPSQG,1,2370,1,1,True
RDMNPAGGGSKGRRR,1,146,35,40,False
RDMNPAGGRRKRPAQ,1,1548,11,11,False
RDMNPAISMRKMPAQ,1,147,8,10,False
RDMNPECWLLKGPAQ,1,143,35,40,False
RDMNPEGRRRKRPAQ,1,10,1116,1855,False
RDMNPEREDQEKAGA,1,2371,6,6,True
RDMNPERRRREKAGA,1,2371,6,6,False
RDMNPERRRSKGPAQ,1,143,35,40,False
RDMNPERSRRKRPAQ,1,10,1116,1855,False
RDMNPERWRWKGPAQ,3,143,35,40,True
RDMNPGGRRRKGPAQ,3,18,393,562,False
RDMNPGREEEEKAGA,1,144,108,123,False
RDMNPGRGGFKVPAQ,1,2372,2,2,True
RDMNPGRRRGKGPAQ,1,143,35,40,False
RDMNPGWGWRKSGAG,1,2373,1,1,True
RDMNPGWWGA*GNGR,1,2374,1,1,True
RDMNPHGGEGESAGA,1,485,3,4,False
RDMNPHRGRRKRPAQ,1,10,1116,1855,False
RDMNPKGEEEEKARR,1,144,108,123,False
RDMNPKGRRGKGPAQ,1,502,20,21,False
RDMNPKGRRRKGPAQ,9,10,1116,1855,False
RDMNPKGRRRKRPAQ,5,10,1116,1855,False
RDMNPKGRRSKRPAQ,1,10,1116,1855,False
RDMNPKGRSRKSPAR,1,1223,5,5,False
RDMNPKGRSSKRPAQ,1,1223,5,5,False
RDMNPKGWRRKRPAQ,1,10,1116,1855,False
RDMNPKMRRRKRPAQ,1,10,1116,1855,False
RDMNPKRGRRKRPAQ,2,10,1116,1855,False
RDMNPKRRGEERAGA,1,26,107,135,False
RDMNPKRRRGKRPAQ,1,10,1116,1855,False
RDMNPKRRRRKGPAQ,4,10,1116,1855,False
RDMNPKRRRRKRPAQ,5,10,1116,1855,False
RDMNPKRRRRKWPAQ,2,10,1116,1855,False
RDMNPKRSEEEKAGA,1,26,107,135,False
RDMNPKRSRRKRPAQ,1,10,1116,1855,False
RDMNPKRWRRKGPAQ,1,143,35,40,False
RDMNPKWRRRKRPAQ,2,10,1116,1855,False
RDMNPMGRRRKVPAQ,1,10,1116,1855,False
RDMNPMGRRSKCRRR,1,1287,2,2,False
RDMNPMGVSRKMPAR,1,2375,2,2,True
RDMNPMIRRRKWPAQ,1,10,1116,1855,False
RDMNPMRGLSKRPAQ,1,431,10,11,False
RDMNPMRGMRKGPAQ,1,1234,22,22,False
RDMNPMSRRGKGPAQ,1,143,35,40,False
RDMNPNFGIWKCPGA,1,2376,1,1,True
RDMNPNGFREESAGA,1,485,3,4,False
RDMNPNRRRSKRPAQ,1,10,1116,1855,False
RDMNPNWRMRKGRRR,2,483,4,5,True
RDMNPPAGGGKGRRR,1,484,7,8,False
RDMNPPAGSGKGRRR,1,484,7,8,False
RDMNPPCGMGQKPGA,1,72,10,15,False
RDMNPPWREGENAGA,1,2377,2,2,True
RDMNPPWRRRKMPAQ,1,10,1116,1855,False
RDMNPQGRRGKRPAQ,2,10,1116,1855,False
RDMNPQGRRRKGPAQ,3,18,393,562,False
RDMNPQGRRRKRPAQ,5,10,1116,1855,False
RDMNPQGRRSKGPAQ,1,18,393,562,False
RDMNPQGRVRKRPAQ,1,10,1116,1855,False
RDMNPQREEEERAGA,1,26,107,135,False
RDMNPQRGGRKRPAQ,1,2372,2,2,False
RDMNPQRMEEEKAGA,1,26,107,135,False
RDMNPQRRGRKRPAQ,1,10,1116,1855,False
RDMNPQRRRRKGPAQ,1,10,1116,1855,False
RDMNPQRRRRKRPAQ,1,10,1116,1855,False
RDMNPQRRWRKGPAQ,1,10,1116,1855,False
RDMNPQSEEEEMAGA,1,144,108,123,False
RDMNPQSMGRKRPAQ,1,1548,11,11,False
RDMNPQSSRRKRPAQ,1,10,1116,1855,False
RDMNPQWWRRKGPAQ,1,143,35,40,False
RDMNPRGACGNCRRR,1,2378,3,3,True
RDMNPRGRRRKKAGA,1,2327,4,4,False
RDMNPRGRRRKRPAQ,1,10,1116,1855,False
RDMNPRGRSIKGPAQ,1,2297,11,11,False
RDMNPRGRSRKGPAQ,1,18,393,562,False
RDMNPRGRSRKRPAQ,1,10,1116,1855,False
RDMNPRRGRGKGPAQ,1,143,35,40,False
RDMNPRVGVRKSPGA,1,2379,1,1,True
RDMNPS*GGGKCRRR,2,484,7,8,True
RDMNPSGDLDESAGA,2,485,3,4,True
RDMNPSWGVVKVPAQ,1,731,5,5,False
RDMNPTEVEGERPGA,1,2380,4,4,True
RDMNPTGRMRKRPAQ,1,10,1116,1855,False
RDMNPTGRRRKRPAQ,1,10,1116,1855,False
RDMNPTGRRRKVPAQ,1,10,1116,1855,False
RDMNPTMRRRKRPGA,1,253,37,40,False
RDMNPTREHQENAGA,1,2371,6,6,False
RDMNPTRGSSKVPGA,1,2381,1,1,True
RDMNPTRRRGKRPAQ,2,10,1116,1855,False
RDMNPTRRRRKGPAQ,1,10,1116,1855,False
RDMNPTRRRRKRPAQ,1,10,1116,1855,False
RDMNPTRSRRKGPAQ,1,143,35,40,False
RDMNPTSRRRKGPAQ,1,10,1116,1855,False
RDMNPTVEHQQRAGA,1,1132,3,3,False
RDMNPTVGQEERAGA,1,26,107,135,False
RDMNPTVGQEESAGA,1,2382,2,2,True
RDMNPTVMSCKLPAF,1,2383,1,1,True
RDMNPTVRRSKFPAQ,1,2384,2,2,True
RDMNPVCFFGKARRR,1,975,3,3,False
RDMNPVRGGDQRPGA,1,2385,1,1,True
RDMNPVRRRRKLPAQ,1,10,1116,1855,False
RDMNPYRRRRKRPAQ,1,10,1116,1855,False
RDMQSEDVEVERPGA,1,2386,1,1,True
RDMRPLLLFLLWPQQ,1,54,100,139,False
RDMVPLLLFLQWPLQ,1,54,100,139,False
RDMVPMLLFLQWPVQ,1,56,210,255,False
RDMVPYLLFLIQPVQ,1,130,94,113,False
RDMWPWLLFLGAPQQ,1,40,66,76,False
RDMWPWLLFLQWPVQ,1,56,210,255,False
RDNEPKLAVSGQAEA,1,2387,1,1,True
RDNEPQLLFLARPPQ,1,474,3,4,False
RDNKPSLAVSEQPVP,1,2388,1,1,True
RDNLPMLLFLQWPAQ,1,56,210,255,False
RDNLPWLLFLKIPKQ,1,175,27,28,False
RDNNPLLLFLVFPNQ,1,495,19,20,False
RDNNPYLLFLKQPKQ,1,0,1628,17219,False
RDNQPLLLFLQWPKQ,1,56,210,255,False
RDNQPNLLFLSKPYQ,1,331,9,11,False
RDNRPKLLFLQWPGQ,1,56,210,255,False
RDNSPDLLFLGRPNQ,1,2389,4,4,True
RDNSPTLLFLMKPKQ,1,2389,4,4,False
RDNVPCLLFLGMPCQ,1,2389,4,4,False
RDPFPLLLFLYQPNQ,1,495,19,20,False
RDPLPLLLFLQWPEQ,1,56,210,255,False
RDPLPYLLFLSLPQQ,2,40,66,76,False
RDPNPELLFLSQPPQ,1,650,3,3,False
RDPPPILLFLVKPQQ,1,2390,1,1,True
RDPQPLLLFLWQPRQ,1,41,88,103,False
RDPQPLLLFLWRPMQ,1,41,88,103,False
RDPQPWLLFLQWPVQ,5,56,210,255,True
RDPRPRLLFLRNPKQ,1,977,8,8,False
RDPRRPCCFCCCRCR,1,627,7,8,False
RDPSPKLLFLLQAVA,1,2391,1,1,True
RDPVPWLLFLMQPSQ,1,56,210,255,False
RDPWPLLLFLQWPVQ,1,56,210,255,False
RDQESAGEEEEKAGA,1,632,8,8,False
RDQESEEEEEERAGA,1,99,134,161,False
RDQESEEEGEESAGA,1,141,34,41,False
RDQESEGGQVEKAGA,1,632,8,8,False
RDQESEQEEEEKAGA,1,277,78,85,False
RDQESGGEGDERAGA,1,141,34,41,False
RDQGPGLLFLMQPSQ,1,41,88,103,False
RDQGPLLCFCWGRGR,1,2392,1,1,True
RDQGPWLLFLAQPWQ,1,1,1197,10527,False
RDQGRTCWFLGWPVQ,1,2393,1,1,True
RDQHPLLLFLEWPVQ,1,56,210,255,False
RDQKPLLLFLLWPRQ,2,312,10,12,False
RDQLPALLFLLWPGQ,1,148,23,27,False
RDQLPLLLFLKFPAQ,1,41,88,103,False
RDQLPLLLFLWSPGQ,1,41,88,103,False
RDQLPPLLFLWWPAQ,1,41,88,103,False
RDQLPRLLFLLYPTQ,1,423,16,19,False
RDQLPVLLFLSWPWQ,1,423,16,19,False
RDQLPVLLFLVTPQQ,2,423,16,19,False
RDQLPWLLFLGVPGQ,1,68,51,63,False
RDQLPWLLFLGWPEQ,1,56,210,255,False
RDQLPWLLFLKKPKQ,1,0,1628,17219,False
RDQLPWLLFLRMPEQ,1,274,20,21,False
RDQNPNLLFLSKPRV,1,2394,1,1,True
RDQNPWLLFLVQPSQ,2,1,1197,10527,False
RDQPPWLLFLLRPAQ,2,486,16,18,True
RDQPPYLLFLWRPQQ,1,486,16,18,False
RDQQPKLLFLIWPRQ,1,56,210,255,False
RDQQPSLLFLMDPKQ,1,638,5,5,False
RDQQSEEEEVEMAGA,1,1130,11,11,False
RDQQSELDVVESAGA,1,2395,1,1,True
RDQRAVAAVSAVAGA,1,149,31,38,False
RDQRPFLLFLMVPGQ,2,68,51,63,False
RDQRPHLLFLKNPRQ,1,175,27,28,False
RDQRPLLLFLLLPAQ,1,486,16,18,False
RDQRPLLLFLYVPSQ,1,68,51,63,False
RDQRPMLLFLLIPRQ,1,175,27,28,False
RDQRPQLLFLGGPQQ,1,118,35,41,False
RDQRPQLLFLVLPVQ,1,68,51,63,False
RDQRPWLLFLLSPRQ,1,486,16,18,False
RDQRPWLLFLRVPGQ,1,68,51,63,False
RDQRPWLLFLVQPGQ,2,68,51,63,False
RDQRPYLLFLFRPVQ,1,2067,5,5,False
RDQRPYLLFLGSPWQ,1,862,5,5,False
RDQSPLLLFLLMPLQ,1,48,50,61,False
RDQSPWLLFLFRPGQ,2,486,16,18,False
RDQSPWLLFLYQPAQ,1,486,16,18,False
RDQTPKLLFLQLPVQ,1,4,603,1344,False
RDQTRSCCF*PRRSR,1,512,2,3,False
RDQVPALLFLFGRGR,1,1907,2,2,False
RDQWPFLLFLRGPWQ,1,40,66,76,False
RDQWPLLLFLQPPSQ,1,73,128,146,False
RDQWPLLLFLSSPKQ,2,469,21,23,False
RDQWPRLLFLISPEQ,1,458,21,22,False
RDQWPRLLFLLLPQQ,1,40,66,76,False
RDQWPRLLFLSTPSQ,1,2396,7,7,True
RDQWPRLLFLWVPQQ,1,2396,7,7,False
RDQWPTLLFLMWPRQ,1,2396,7,7,False
RDQWPWLLFLFMPVQ,1,56,210,255,False
RDQYPRLLFLMLPYQ,1,1497,4,4,False
RDRAPILLFLLQPRQ,1,652,6,6,False
RDRARGCCFCGSRCR,1,2271,2,2,False
RDRDPLLLFLRLPQQ,1,40,66,76,False
RDRESAEEEEEKAGA,1,277,78,85,False
RDRESAEEQEERAGA,1,141,34,41,False
RDRESAEGDREKAGA,1,2397,1,1,True
RDRESAEGEEDEMAG,1,2398,1,1,True
RDRESDGEEEERAGA,1,81,24,32,False
RDRESDGEEQERAGA,1,2052,4,4,False
RDRESEEEEEEKAGA,1,277,78,85,False
RDRESEEEEEQKAGA,1,277,78,85,False
RDRESEEEEGQRAGA,2,141,34,41,False
RDRESEEEKEESPGA,1,277,78,85,False
RDRESEEQEEERAGA,1,277,78,85,False
RDRESEGEEEERAGA,1,81,24,32,False
RDRESEGEEQERAGA,1,81,24,32,False
RDRESEGEGEEKAGA,1,277,78,85,False
RDRESEGEGEERAGA,1,141,34,41,False
RDRESEGEGLERAGA,1,141,34,41,False
RDRESEGEVEENPGA,1,1349,2,2,False
RDRESEGQGGESAGA,1,140,7,10,False
RDRESEVVQEERAGA,1,116,5,7,False
RDRESGEEGEEKAGA,1,277,78,85,False
RDRESGGEEEEKAGA,1,144,108,123,False
RDRESGGEEEERAGA,1,144,108,123,False
RDRESGGEGEERAGA,1,141,34,41,False
RDRESGRQDEENPGA,1,2399,1,1,True
RDRESVEREVEKAGA,1,277,78,85,False
RDRESVGEEGERAGA,1,141,34,41,False
RDRFPVLLFLLQPKQ,1,2278,5,5,False
RDRGAVAAVSVVAAA,2,149,31,38,False
RDRGPFLLFLWSPRQ,2,41,88,103,False
RDRGPLLLFLQWPGQ,1,1820,7,7,False
RDRGPLLLFLSCPGQ,1,41,88,103,False
RDRGPMLLFLMLPEQ,1,460,10,12,False
RDRGPVLLFLYQPMQ,1,41,88,103,False
RDRGPVLLFLYQPVQ,2,24,22,31,False
RDRGPWLLFLVGAGA,1,2400,2,2,True
RDRGPWLLFLYGPQQ,1,495,19,20,False
RDRHPMLLFLYAPTQ,1,495,19,20,False
RDRIRAGGAGKGRRR,1,2322,4,4,False
RDRIRGCCC*KCRRR,1,132,6,9,False
RDRIRRAGAGKGRRR,1,57,64,76,False
RDRIRRGGGAKGRRR,1,57,64,76,False
RDRIRRGGGGKGRRR,1,57,64,76,False
RDRKPNLLFLCMPKQ,1,2311,4,4,False
RDRKSDGEEEERAGA,1,81,24,32,False
RDRKSEEDEEEKAGA,1,277,78,85,False
RDRKSEEEEEEKAGA,2,277,78,85,False
RDRKSEEVQVENAGA,2,487,3,4,True
RDRKSEGEGEEKAGA,1,140,7,10,False
RDRKSEGEQGEKAGA,1,140,7,10,False
RDRKSEVEEVERAGA,1,487,3,4,False
RDRKSGEEEEERAGA,1,144,108,123,False
RDRKSGEEEEQRAGA,1,81,24,32,False
RDRLPQLLFLYSPTQ,1,96,48,56,False
RDRLPWLLFLQWPGQ,1,56,210,255,False
RDRMPLLLFLLQPVQ,1,24,22,31,False
RDRMPMLLFLYMPQQ,1,199,16,17,False
RDRNPAAGGGKGRRR,1,605,14,15,False
RDRNPAGGQEESPGA,1,1718,5,5,False
RDRNPAGGRRKGPAQ,1,10,1116,1855,False
RDRNPAGMRWKGRRR,3,33,19,29,False
RDRNPAGQEEEKAGA,1,144,108,123,False
RDRNPAGRGRKWPAQ,1,10,1116,1855,False
RDRNPAGRMGKMPAQ,1,1288,2,2,False
RDRNPAGRRQEKAGA,1,144,108,123,False
RDRNPAGRRRKGPAQ,1,10,1116,1855,False
RDRNPAGRRRKRPAQ,2,10,1116,1855,False
RDRNPAGRRWKGPAQ,2,10,1116,1855,False
RDRNPAGVQVQSPGA,1,279,7,8,False
RDRNPAGWRRKLPAQ,1,10,1116,1855,False
RDRNPALIRRKGAGF,1,2401,1,1,True
RDRNPAREDQEKAGA,1,2371,6,6,False
RDRNPAREEGEKPGA,1,144,108,123,False
RDRNPARIVWKVPAQ,1,2402,1,1,True
RDRNPARMGRKGPAQ,1,10,1116,1855,False
RDRNPARRRRKGPAQ,2,10,1116,1855,False
RDRNPARRRRKMPAQ,1,10,1116,1855,False
RDRNPARRRRKRPAQ,2,10,1116,1855,False
RDRNPARSRRKRPAQ,1,10,1116,1855,False
RDRNPARVHQEMAGA,2,8,25,98,False
RDRNPARWRRKRPAQ,1,10,1116,1855,False
RDRNPASGRSKRPAQ,1,1259,14,14,False
RDRNPAVMGGKVPAR,1,2403,2,2,True
RDRNPAVWRRKRPAQ,2,10,1116,1855,False
RDRNPCRMSRKVPAQ,1,10,1116,1855,False
RDRNPCRRRRKGPAQ,2,10,1116,1855,False
RDRNPCRRRSKLPAQ,1,10,1116,1855,False
RDRNPDGISRKGPAQ,1,2404,14,14,True
RDRNPDGRRGKRPAQ,1,10,1116,1855,False
RDRNPDGRRRKGPAQ,1,2404,14,14,False
RDRNPDGRRRKRPAQ,3,10,1116,1855,False
RDRNPDMWRRKRPAQ,1,10,1116,1855,False
RDRNPDRRRKWPAQG,1,427,8,9,False
RDRNPDRRVRKRPAQ,1,10,1116,1855,False
RDRNPDVVEQEIAGA,2,8,25,98,False
RDRNPDVVEQEMAGA,63,8,25,98,True
RDRNPDVVEQEMRRR,1,8,25,98,False
RDRNPEEEEEERAGA,2,144,108,123,False
RDRNPEEEGEEKAGA,2,144,108,123,False
RDRNPEELVEERAGA,1,607,8,9,False
RDRNPEEVEEERAGA,1,8,25,98,False
RDRNPEGEEEERAGA,1,144,108,123,False
RDRNPEGEVEERAGA,1,144,108,123,False
RDRNPEGGRRKRPAQ,1,10,1116,1855,False
RDRNPEGREEERAGA,1,144,108,123,False
RDRNPEGRRRKGPAQ,5,10,1116,1855,False
RDRNPEGRRRKGRRR,1,82,47,54,False
RDRNPEGRRRKIPAQ,1,10,1116,1855,False
RDRNPEGRRRKRPAQ,9,10,1116,1855,False
RDRNPEGRRRKRPVQ,2,10,1116,1855,False
RDRNPEGRRRKWAGA,1,2327,4,4,False
RDRNPEGRRRKWPAQ,2,10,1116,1855,False
RDRNPEGRRSKGPAQ,2,10,1116,1855,False
RDRNPEGRRSKRPAR,1,10,1116,1855,False
RDRNPEGRRWKRPAQ,1,10,1116,1855,False
RDRNPEGRWGERAGA,1,2304,3,3,False
RDRNPERGGGKGRRR,1,82,47,54,False
RDRNPERGRRKGPAQ,1,10,1116,1855,False
RDRNPERRIRKGPAQ,1,10,1116,1855,False
RDRNPERRIRKRPAQ,1,10,1116,1855,False
RDRNPERRMWKRAGA,1,1262,15,15,False
RDRNPERRRGKGPAQ,1,10,1116,1855,False
RDRNPERRRGKRPGA,1,493,17,18,False
RDRNPERRRIKRPAQ,1,10,1116,1855,False
RDRNPERRRRKGPAQ,5,10,1116,1855,False
RDRNPERRRRKRPAQ,7,10,1116,1855,False
RDRNPERRRRKRPGR,1,10,1116,1855,False
RDRNPERRRSKRPAQ,2,10,1116,1855,False
RDRNPERRRSKVPAQ,1,10,1116,1855,False
RDRNPERRRWKRPAQ,2,10,1116,1855,False
RDRNPERRSRERPGA,1,494,8,9,False
RDRNPERRSRKVPAQ,1,10,1116,1855,False
RDRNPERRWRKWPAQ,1,10,1116,1855,False
RDRNPERSRAKARRR,1,82,47,54,False
RDRNPERWMRKGPAA,1,143,35,40,False
RDRNPESRRGKRPAQ,1,10,1116,1855,False
RDRNPESRRRKVPAQ,1,10,1116,1855,False
RDRNPEVGEGERAGA,1,8,25,98,False
RDRNPEVGRRKRPAQ,1,10,1116,1855,False
RDRNPEVREDEKAGA,1,8,25,98,False
RDRNPEWRRRKGPAQ,1,10,1116,1855,False
RDRNPFGCVGKIPAQ,2,488,10,11,True
RDRNPFRVFGKGRRR,2,82,47,54,False
RDRNPGCASGNGRRR,1,1009,3,3,False
RDRNPGGEEEEKAGA,3,144,108,123,True
RDRNPGGFRGKGPAQ,1,1824,17,17,False
RDRNPGGGGGKGRRR,1,146,35,40,False
RDRNPGGGWRERAGA,1,144,108,123,False
RDRNPGGRGRGRRRV,1,1325,2,2,False
RDRNPGGRGRKGPAQ,1,2404,14,14,False
RDRNPGGRGRKRPAQ,1,10,1116,1855,False
RDRNPGGRKMKGPAQ,1,1824,17,17,False
RDRNPGGRRRKRPAQ,1,10,1116,1855,False
RDRNPGGRRRKRPGA,1,253,37,40,False
RDRNPGGRRSKRPAQ,1,10,1116,1855,False
RDRNPGGRSRKRPAQ,1,10,1116,1855,False
RDRNPGR*GAKGRRR,1,82,47,54,False
RDRNPGRGRGKGPAQ,1,1824,17,17,False
RDRNPGRRGGKGPAQ,1,10,1116,1855,False
RDRNPGRRGGKRPAQ,2,10,1116,1855,False
RDRNPGRRGRKRPAQ,1,10,1116,1855,False
RDRNPGRRRGKWPAQ,1,10,1116,1855,False
RDRNPGRRRSKRPAQ,1,10,1116,1855,False
RDRNPGRRSSKRAGA,1,493,17,18,False
RDRNPGRVREERAGA,1,26,107,135,False
RDRNPGRWGRKSRAG,1,2405,1,1,True
RDRNPGRWRGKGAGA,1,493,17,18,False
RDRNPGSRRRKRPAQ,1,10,1116,1855,False
RDRNPGSRRVKGPAQ,1,10,1116,1855,False
RDRNPGVEEEERAGA,1,144,108,123,False
RDRNPGVGGGQSAGA,1,365,35,37,False
RDRNPGVGGQKPGAG,1,1266,2,2,False
RDRNPGVGGVKARRR,2,489,2,3,True
RDRNPGVRRVKGPAQ,1,10,1116,1855,False
RDRNPGWRRMKRPAQ,1,10,1116,1855,False
RDRNPHGRRGKRPAQ,1,10,1116,1855,False
RDRNPHGRRRKMPAQ,1,10,1116,1855,False
RDRNPHGRSGKRPAQ,1,10,1116,1855,False
RDRNPHRRRRKGPAQ,1,10,1116,1855,False
RDRNPHRRRRKGPAR,1,10,1116,1855,False
RDRNPHRRRRKRPAQ,2,10,1116,1855,False
RDRNPHRRRRKWPAQ,2,10,1116,1855,False
RDRNPHWIIRKVPAQ,1,597,6,8,False
RDRNPHWRRRKRPAQ,1,10,1116,1855,False
RDRNPIGG*GNGRRR,1,754,4,4,False
RDRNPIGLGGEIAGA,1,2406,1,1,True
RDRNPIIRIRKGPAQ,1,10,1116,1855,False
RDRNPIRGRVKRPAQ,1,10,1116,1855,False
RDRNPKCRRRKRPAQ,1,10,1116,1855,False
RDRNPKDEDEERAGA,1,26,107,135,False
RDRNPKEEEEEKAGA,1,144,108,123,False
RDRNPKEEEQKAGAG,1,503,5,6,False
RDRNPKEEGEEKSRR,1,2407,1,1,True
RDRNPKEEGEQRAGA,1,1265,7,7,False
RDRNPKEQEEERAGA,1,26,107,135,False
RDRNPKEQERESAGA,1,491,11,12,False
RDRNPKGCRRKGPAQ,1,10,1116,1855,False
RDRNPKGCRRKRPAQ,1,10,1116,1855,False
RDRNPKGEEEEKAGA,2,144,108,123,False
RDRNPKGEEEERAGA,1,144,108,123,False
RDRNPKGEEVEKAGA,2,144,108,123,False
RDRNPKGGCRKGPAQ,1,2404,14,14,False
RDRNPKGGEGEKAGA,1,144,108,123,False
RDRNPKGGGGGKGRR,1,595,7,8,False
RDRNPKGGGRKSPGA,1,491,11,12,False
RDRNPKGGIRKRPAQ,1,10,1116,1855,False
RDRNPKGGKRKRPAQ,1,10,1116,1855,False
RDRNPKGGRGKGPAQ,1,502,20,21,False
RDRNPKGGRRKGPAQ,1,10,1116,1855,False
RDRNPKGGRRKRPAQ,6,10,1116,1855,False
RDRNPKGGVCKGRRR,1,426,3,4,False
RDRNPKGMRRKRPAQ,1,10,1116,1855,False
RDRNPKGREEERAGA,2,26,107,135,False
RDRNPKGRGMKRPAQ,1,10,1116,1855,False
RDRNPKGRGRKRPAQ,2,10,1116,1855,False
RDRNPKGRGRKRPGR,1,10,1116,1855,False
RDRNPKGRIRKRPAQ,1,10,1116,1855,False
RDRNPKGRLGKRPAQ,1,10,1116,1855,False
RDRNPKGRLRKGPAQ,1,10,1116,1855,False
RDRNPKGRMRKGPAQ,1,10,1116,1855,False
RDRNPKGRMRKRPAQ,2,10,1116,1855,False
RDRNPKGRRDQSAGA,1,2335,5,5,False
RDRNPKGRREEKAGA,1,144,108,123,False
RDRNPKGRREERAGA,1,490,6,7,False
RDRNPKGRRGKGPAQ,3,10,1116,1855,False
RDRNPKGRRGKRPAQ,3,10,1116,1855,False
RDRNPKGRRGKWRRR,1,82,47,54,False
RDRNPKGRRKRPAQG,1,427,8,9,False
RDRNPKGRRMKMPAQ,1,10,1116,1855,False
RDRNPKGRRRKAGAG,1,554,4,5,False
RDRNPKGRRRKCPAQ,1,10,1116,1855,False
RDRNPKGRRRKGPAA,1,10,1116,1855,False
RDRNPKGRRRKGPAQ,18,10,1116,1855,False
RDRNPKGRRRKLPAQ,1,10,1116,1855,False
RDRNPKGRRRKMPAQ,1,10,1116,1855,False
RDRNPKGRRRKRPAQ,26,10,1116,1855,False
RDRNPKGRRRKSPAQ,1,10,1116,1855,False
RDRNPKGRRRKVPAQ,1,10,1116,1855,False
RDRNPKGRRRKWPAQ,3,10,1116,1855,False
RDRNPKGRRSIMPAQ,1,10,1116,1855,False
RDRNPKGRRSKGPAQ,4,10,1116,1855,False
RDRNPKGRRSKRPAQ,4,10,1116,1855,False
RDRNPKGRRSKSPAQ,1,10,1116,1855,False
RDRNPKGRRSKWPAQ,1,10,1116,1855,False
RDRNPKGRRVKMPAQ,2,10,1116,1855,False
RDRNPKGRRVKRPAQ,1,10,1116,1855,False
RDRNPKGRSMKRPAQ,1,10,1116,1855,False
RDRNPKGRSRKGPGA,1,253,37,40,False
RDRNPKGRSRKRPAQ,2,10,1116,1855,False
RDRNPKGRSRKWPAQ,1,10,1116,1855,False
RDRNPKGSGRKGPAQ,1,2404,14,14,False
RDRNPKGSREEMAGA,1,144,108,123,False
RDRNPKGSRRKSPAQ,1,10,1116,1855,False
RDRNPKGVQEEKAGA,1,144,108,123,False
RDRNPKGWA*KGRRR,1,33,19,29,False
RDRNPKGWGAAKGRR,1,2408,1,1,True
RDRNPKGWGIKGPAQ,1,473,3,4,False
RDRNPKGWGRKGPAQ,1,2404,14,14,False
RDRNPKGWMSKKAGA,1,758,3,3,False
RDRNPKGWRRKRPAQ,2,10,1116,1855,False
RDRNPKMLEEEKAGA,1,144,108,123,False
RDRNPKMMRVERAGA,2,490,6,7,True
RDRNPKMRIRKRPAQ,2,10,1116,1855,False
RDRNPKMWRRKRPAQ,1,10,1116,1855,False
RDRNPKREEEEKAGA,2,144,108,123,False
RDRNPKREEEERAGA,2,26,107,135,False
RDRNPKREGEERAGA,1,26,107,135,False
RDRNPKREGGGKGRR,1,145,2,4,False
RDRNPKRGGGGKCRR,1,1271,3,3,False
RDRNPKRGRRKGPAQ,1,10,1116,1855,False
RDRNPKRGRRKMPAQ,1,10,1116,1855,False
RDRNPKRGRRKRPAQ,2,10,1116,1855,False
RDRNPKRKGEQRGRR,3,145,2,4,True
RDRNPKRMGRKSAGA,2,491,11,12,True
RDRNPKRRAGKGRRR,1,82,47,54,False
RDRNPKRREEERAGA,1,26,107,135,False
RDRNPKRREQERAGA,1,26,107,135,False
RDRNPKRRGGKGPAQ,2,10,1116,1855,False
RDRNPKRRGKWPAQG,1,427,8,9,False
RDRNPKRRGRKGPAQ,1,10,1116,1855,False
RDRNPKRRGRKRPAQ,1,10,1116,1855,False
RDRNPKRRGRKRPGA,1,10,1116,1855,False
RDRNPKRRGWKMPAQ,2,10,1116,1855,False
RDRNPKRRKEEKAGA,1,281,38,42,False
RDRNPKRRMRKGPAQ,1,10,1116,1855,False
RDRNPKRRMRKGPGA,2,10,1116,1855,False
RDRNPKRRMRKRPAQ,1,10,1116,1855,False
RDRNPKRRMRKVPAQ,1,10,1116,1855,False
RDRNPKRRREEKPGA,1,281,38,42,False
RDRNPKRRREQRAGA,1,26,107,135,False
RDRNPKRRRGKGPAQ,1,10,1116,1855,False
RDRNPKRRRGKGRRR,4,82,47,54,True
RDRNPKRRRGKRPAQ,2,10,1116,1855,False
RDRNPKRRRIKRPAQ,1,10,1116,1855,False
RDRNPKRRRMKGPAQ,1,10,1116,1855,False
RDRNPKRRRMKRPAQ,2,10,1116,1855,False
RDRNPKRRRRKGAGA,1,491,11,12,False
RDRNPKRRRRKGPAQ,32,10,1116,1855,False
RDRNPKRRRRKGPGA,1,493,17,18,False
RDRNPKRRRRKRAGA,1,10,1116,1855,False
RDRNPKRRRRKRPAQ,39,10,1116,1855,True
RDRNPKRRRRKSPAQ,2,10,1116,1855,False
RDRNPKRRRRKWPAQ,1,10,1116,1855,False
RDRNPKRRRRRGPAQ,1,10,1116,1855,False
RDRNPKRRRRRKRPA,1,2076,2,2,False
RDRNPKRRRSKGPAQ,3,10,1116,1855,False
RDRNPKRRRSKMPAQ,1,10,1116,1855,False
RDRNPKRRRSKRPAQ,2,10,1116,1855,False
RDRNPKRRRWKRPAQ,3,10,1116,1855,False
RDRNPKRRRWKVPAQ,1,10,1116,1855,False
RDRNPKRRSRKGPAQ,2,10,1116,1855,False
RDRNPKRRSRKRPAQ,3,10,1116,1855,False
RDRNPKRRVIKGPAQ,1,10,1116,1855,False
RDRNPKRRWGGKMPG,1,2409,1,1,True
RDRNPKRRWRKRPAQ,1,10,1116,1855,False
RDRNPKRSEDQRAGA,5,26,107,135,False
RDRNPKRSREQKAGA,1,281,38,42,False
RDRNPKRSRSKGRRR,1,82,47,54,False
RDRNPKRSSGKGPAQ,1,10,1116,1855,False
RDRNPKRSWRKRAGA,1,491,11,12,False
RDRNPKRVEEESPGA,1,26,107,135,False
RDRNPKRWRLKRPAQ,1,10,1116,1855,False
RDRNPKRWRRGQRAG,1,1268,3,3,False
RDRNPKRWRRKGPAQ,1,10,1116,1855,False
RDRNPKRWRRKRPAQ,4,10,1116,1855,False
RDRNPKRWRRKVPAQ,1,10,1116,1855,False
RDRNPKRWWRKRPAQ,1,10,1116,1855,False
RDRNPKRWWRKWPAQ,1,10,1116,1855,False
RDRNPKSEEEERAGA,2,26,107,135,False
RDRNPKSMRGIEKAG,1,2410,1,1,True
RDRNPKSRRMKGAGA,1,493,17,18,False
RDRNPKSRRRKRPAQ,3,10,1116,1855,False
RDRNPKSRSCKMPGA,1,2411,1,1,True
RDRNPKVGEQERAGA,2,8,25,98,False
RDRNPKVGEQQKAGA,1,8,25,98,False
RDRNPKVRRGKRPAQ,1,10,1116,1855,False
RDRNPKVRRMKRPAQ,1,10,1116,1855,False
RDRNPKVRRRKRPAQ,2,10,1116,1855,False
RDRNPKVRRRKRRRR,1,82,47,54,False
RDRNPKVRRWKRPAQ,1,10,1116,1855,False
RDRNPKVWRWKMAGA,1,2412,2,2,True
RDRNPKWEEEERAGA,1,26,107,135,False
RDRNPKWGSRKVPAQ,1,10,1116,1855,False
RDRNPKWREEERAGA,1,26,107,135,False
RDRNPKWRRGKGPAQ,1,10,1116,1855,False
RDRNPKWRRGKRPAQ,1,10,1116,1855,False
RDRNPKWRRRKGPAQ,2,10,1116,1855,False
RDRNPKWRRRKRPAQ,3,10,1116,1855,False
RDRNPKWRSSKRPAQ,1,10,1116,1855,False
RDRNPKWSRRKGPAQ,1,10,1116,1855,False
RDRNPKWWEGERAGA,1,26,107,135,False
RDRNPLGRRGKAGAG,1,554,4,5,False
RDRNPLGRRRKGRRR,1,82,47,54,False
RDRNPLGWWG*NGRR,1,2413,1,1,True
RDRNPLMRREESAGA,1,490,6,7,False
RDRNPLQEDQQMAGA,2,492,1,2,True
RDRNPLRCRGKGRRR,1,82,47,54,False
RDRNPLRRRRKWPAQ,1,10,1116,1855,False
RDRNPLRRRVKGPAQ,2,10,1116,1855,False
RDRNPLWGVVKGPAQ,1,142,20,22,False
RDRNPMEGEEEKAGA,1,144,108,123,False
RDRNPMFWRRKWPAQ,1,10,1116,1855,False
RDRNPMGEEQEMAGA,1,8,25,98,False
RDRNPMGMRRKRPAQ,1,10,1116,1855,False
RDRNPMGRISKGPAQ,1,1554,12,12,False
RDRNPMGRRRKGPAQ,1,10,1116,1855,False
RDRNPMGRRRKRPAQ,1,10,1116,1855,False
RDRNPMGRWRKSPAQ,1,10,1116,1855,False
RDRNPMGSLGRAGAG,1,2414,1,1,True
RDRNPMGWEEQKAGA,1,144,108,123,False
RDRNPMGWRRKRPGA,1,494,8,9,False
RDRNPMGWRRKVRRR,1,1144,10,10,False
RDRNPMMRVEERAGA,1,490,6,7,False
RDRNPMRLRGKGPAQ,1,10,1116,1855,False
RDRNPMRRAGKGRRR,1,82,47,54,False
RDRNPMRRRRKGPAQ,1,10,1116,1855,False
RDRNPMRRRRKRPAQ,1,10,1116,1855,False
RDRNPMRRSRKGPAQ,1,10,1116,1855,False
RDRNPMRRSRKLPAQ,1,10,1116,1855,False
RDRNPMRRWSKRPAQ,1,10,1116,1855,False
RDRNPN*DQERPGAG,1,2415,1,1,True
RDRNPNFFGCKGAGA,1,2416,1,1,True
RDRNPNGAGGKARRR,1,146,35,40,False
RDRNPNGRGRKGPAQ,1,2404,14,14,False
RDRNPNGRRKGPAQG,1,497,2,3,False
RDRNPNGRRRKMPAQ,1,10,1116,1855,False
RDRNPNGRRRKRPAQ,3,10,1116,1855,False
RDRNPNGRRSKRPAQ,1,10,1116,1855,False
RDRNPNGRSRKRPAQ,1,10,1116,1855,False
RDRNPNGWRGKVPAQ,1,488,10,11,False
RDRNPNGWVRKVPAQ,1,488,10,11,False
RDRNPNRRGSKGPAQ,1,10,1116,1855,False
RDRNPNRRRGKGPAQ,1,10,1116,1855,False
RDRNPNRRRGKWPAQ,1,10,1116,1855,False
RDRNPNRRRRKGPAQ,2,10,1116,1855,False
RDRNPNRRRRKRPAQ,4,10,1116,1855,False
RDRNPNRRRSKRPAQ,1,10,1116,1855,False
RDRNPNRRWRKRPAQ,1,10,1116,1855,False
RDRNPNWRRGKMPAQ,3,10,1116,1855,False
RDRNPPGRGRKRPAQ,2,10,1116,1855,False
RDRNPPGRRRKRPAQ,1,10,1116,1855,False
RDRNPPGRWRKGPAQ,1,2404,14,14,False
RDRNPPIGRRKVPAQ,1,987,4,4,False
RDRNPPLVMMKWPAQ,1,984,3,3,False
RDRNPPRRGVQRAGA,1,1270,12,12,False
RDRNPPRRRRKGPAQ,2,10,1116,1855,False
RDRNPPRRRRKRAGA,1,1262,15,15,False
RDRNPPRRRRKRPAQ,1,10,1116,1855,False
RDRNPPRRSCKGPAQ,1,10,1116,1855,False
RDRNPPRRWRKRPAQ,2,10,1116,1855,False
RDRNPQCRRVKGPAQ,1,10,1116,1855,False
RDRNPQEEEEQKAGA,1,144,108,123,False
RDRNPQFMRRKSPAQ,1,10,1116,1855,False
RDRNPQGEEEERAGA,1,144,108,123,False
RDRNPQGFRWKRPAQ,1,10,1116,1855,False
RDRNPQGGGRKRPAQ,1,10,1116,1855,False
RDRNPQGGRGKRPAQ,1,502,20,21,False
RDRNPQGGRRKRPAQ,1,10,1116,1855,False
RDRNPQGRGRKGPAQ,1,18,393,562,False
RDRNPQGRRGKGPAQ,1,18,393,562,False
RDRNPQGRRGKRPAQ,3,10,1116,1855,False
RDRNPQGRRIKRPAQ,1,10,1116,1855,False
RDRNPQGRRMKRPVQ,1,10,1116,1855,False
RDRNPQGRRRGKVPA,1,2417,2,2,True
RDRNPQGRRRKGPAQ,11,18,393,562,False
RDRNPQGRRRKGRRR,2,82,47,54,False
RDRNPQGRRRKMPAQ,1,10,1116,1855,False
RDRNPQGRRRKRPAQ,11,10,1116,1855,False
RDRNPQGRRRKSPAQ,2,10,1116,1855,False
RDRNPQGRRRKVPAQ,2,10,1116,1855,False
RDRNPQGRRSKRPAQ,2,10,1116,1855,False
RDRNPQGRRSWKRPA,1,2417,2,2,False
RDRNPQGRSRKRPAQ,1,10,1116,1855,False
RDRNPQGRSRKVPAQ,1,2404,14,14,False
RDRNPQGRWSKGPAQ,1,1554,12,12,False
RDRNPQGSRRKGPAQ,1,18,393,562,False
RDRNPQGSRRKRPAQ,1,10,1116,1855,False
RDRNPQGWGRKGPAQ,1,2404,14,14,False
RDRNPQGWRRKGPAQ,1,18,393,562,False
RDRNPQGWRSKRPAQ,1,187,29,32,False
RDRNPQLLFLWVPGQ,1,96,48,56,False
RDRNPQLRRLKWPAQ,1,10,1116,1855,False
RDRNPQLRRRKGPAQ,1,10,1116,1855,False
RDRNPQMLRRKGPAQ,1,10,1116,1855,False
RDRNPQMRRRKVPAQ,1,10,1116,1855,False
RDRNPQRGEGAKGRR,1,2418,1,1,True
RDRNPQRGMRKRPAQ,1,10,1116,1855,False
RDRNPQRGRMKRPAQ,1,10,1116,1855,False
RDRNPQRGRRKGPAQ,1,10,1116,1855,False
RDRNPQRGRSKGPAQ,1,493,17,18,False
RDRNPQRGSGKGPAQ,1,111,39,45,False
RDRNPQRLEQEKAGA,1,8,25,98,False
RDRNPQRMGRKRPAQ,1,10,1116,1855,False
RDRNPQRRGGKGPAQ,1,10,1116,1855,False
RDRNPQRRGRKRPAQ,3,10,1116,1855,False
RDRNPQRRLRKVPAQ,1,10,1116,1855,False
RDRNPQRRMRKGPAQ,3,10,1116,1855,False
RDRNPQRRRGKGPAQ,1,10,1116,1855,False
RDRNPQRRRGKRPAQ,1,10,1116,1855,False
RDRNPQRRRMKRPAQ,1,10,1116,1855,False
RDRNPQRRRRKGPAQ,8,10,1116,1855,False
RDRNPQRRRRKRPAQ,9,10,1116,1855,False
RDRNPQRRRSKGPAQ,4,10,1116,1855,False
RDRNPQRRRSKGPGA,2,493,17,18,True
RDRNPQRRRVKGPAQ,1,10,1116,1855,False
RDRNPQRSMRKGPAQ,1,10,1116,1855,False
RDRNPQRSRIKGPAQ,1,10,1116,1855,False
RDRNPQRSRSKGPAQ,1,493,17,18,False
RDRNPQRWG*KGRRR,1,84,15,18,False
RDRNPQRWGRKGPAQ,2,10,1116,1855,False
RDRNPQRWRGKRPAQ,1,10,1116,1855,False
RDRNPQRWRRKGPAQ,2,10,1116,1855,False
RDRNPQSRGRKRPAQ,1,10,1116,1855,False
RDRNPQSRQEEKAGA,1,144,108,123,False
RDRNPQSRRRKGPAQ,1,10,1116,1855,False
RDRNPQSRRRKWPAQ,1,10,1116,1855,False
RDRNPQVEEEEIAGA,1,144,108,123,False
RDRNPQVRRRKGPAQ,1,10,1116,1855,False
RDRNPQVRRRKRPAQ,1,10,1116,1855,False
RDRNPQVRRRKSPAQ,1,10,1116,1855,False
RDRNPQVWGWKMPAQ,1,2320,3,3,False
RDRNPQWGRRKGPAQ,2,10,1116,1855,False
RDRNPQWGRRKRPAQ,1,10,1116,1855,False
RDRNPQWRGSKRPAQ,1,1554,12,12,False
RDRNPQWRRGKGPAQ,1,1554,12,12,False
RDRNPQWRRRKGPAQ,1,10,1116,1855,False
RDRNPRDGEVERAGA,1,26,107,135,False
RDRNPREEGGEKAGA,1,144,108,123,False
RDRNPREEVEERAGA,2,144,108,123,False
RDRNPREVEGERAGA,1,2380,4,4,False
RDRNPRG*GGKGRRR,1,33,19,29,False
RDRNPRGGGGKGRRR,3,33,19,29,False
RDRNPRGGRRKGPAQ,1,2404,14,14,False
RDRNPRGRGGKGPAQ,1,291,30,32,False
RDRNPRGRGGKRPAQ,1,10,1116,1855,False
RDRNPRGRRGEIAGA,1,2305,8,8,False
RDRNPRGRRGKFPAQ,1,2297,11,11,False
RDRNPRGRRRKGPAQ,5,10,1116,1855,False
RDRNPRGRRRKRPAQ,13,10,1116,1855,False
RDRNPRGRRSKGPAQ,2,356,19,23,False
RDRNPRGRRSKRPAQ,3,10,1116,1855,False
RDRNPRGRRSKRPGR,1,493,17,18,False
RDRNPRGRRWKWPAQ,1,2297,11,11,False
RDRNPRGRSRKGPAQ,2,10,1116,1855,False
RDRNPRGRSRKVPAQ,1,2404,14,14,False
RDRNPRGRSWKRPAQ,1,2297,11,11,False
RDRNPRGSRGNCRRR,1,2378,3,3,False
RDRNPRGWWCKGPAQ,1,1067,10,10,False
RDRNPRMLRRKGPAQ,1,10,1116,1855,False
RDRNPRQGEQEKAGA,3,8,25,98,False
RDRNPRREEEEKAGA,1,144,108,123,False
RDRNPRREQVGKGRR,1,2419,1,1,True
RDRNPRREVGERAGA,1,1182,3,3,False
RDRNPRRGRGQRAGR,1,2420,3,3,True
RDRNPRRGRRKGPVQ,1,10,1116,1855,False
RDRNPRRGRRKRPAQ,1,10,1116,1855,False
RDRNPRRLRGERAGA,1,2305,8,8,False
RDRNPRRRAGKGRRR,1,82,47,54,False
RDRNPRRRGEERAGA,2,26,107,135,False
RDRNPRRRGGKGPAQ,1,10,1116,1855,False
RDRNPRRRGRKGPAQ,2,10,1116,1855,False
RDRNPRRRGRKRPAQ,3,10,1116,1855,False
RDRNPRRRGWVKWPA,1,2421,2,2,True
RDRNPRRRISKGPAQ,1,2079,8,8,False
RDRNPRRRRGQRAGA,1,2420,3,3,False
RDRNPRRRRMKGPAQ,1,10,1116,1855,False
RDRNPRRRRMKRPAQ,1,10,1116,1855,False
RDRNPRRRRMKSPAG,1,10,1116,1855,False
RDRNPRRRRMKSPAQ,1,10,1116,1855,False
RDRNPRRRRRKGPAQ,3,10,1116,1855,False
RDRNPRRRRRKGPAR,1,10,1116,1855,False
RDRNPRRRRRKLPAQ,1,10,1116,1855,False
RDRNPRRRRRKRAAQ,1,10,1116,1855,False
RDRNPRRRRRKRAGA,1,1262,15,15,False
RDRNPRRRRRKRPAA,1,10,1116,1855,False
RDRNPRRRRRKRPAQ,6,10,1116,1855,False
RDRNPRRRRRKVPAQ,3,10,1116,1855,False
RDRNPRRRRRKWPAQ,1,10,1116,1855,False
RDRNPRRRRSKGPAQ,1,10,1116,1855,False
RDRNPRRRSRKRPAQ,1,10,1116,1855,False
RDRNPRRRSSKRPAQ,1,10,1116,1855,False
RDRNPRRSRRKGPAQ,1,10,1116,1855,False
RDRNPRRSRRKRPAQ,1,10,1116,1855,False
RDRNPRRWRRKGPAQ,2,10,1116,1855,False
RDRNPRRWWRVKGPA,1,2421,2,2,False
RDRNPRSRRMKRPAQ,1,10,1116,1855,False
RDRNPRSRRRENAGA,1,2305,8,8,False
RDRNPSGMRRKWPAQ,1,10,1116,1855,False
RDRNPSGRMGKGPAQ,1,488,10,11,False
RDRNPSGRRRKGPAQ,1,10,1116,1855,False
RDRNPSGRRRKRPAQ,1,10,1116,1855,False
RDRNPSLGVESAGAG,1,1280,3,3,False
RDRNPSREVEEKAGA,1,144,108,123,False
RDRNPSRRRRKGPAQ,2,10,1116,1855,False
RDRNPSRRRRKRPAQ,2,10,1116,1855,False
RDRNPSRRRVERAGA,1,490,6,7,False
RDRNPSRRRWKGPAQ,1,10,1116,1855,False
RDRNPSRRSRKRPAQ,1,10,1116,1855,False
RDRNPSRVGRQIAGA,1,491,11,12,False
RDRNPSWMNLQRAGA,1,2422,1,1,True
RDRNPSWWRLKWPAQ,1,2423,2,2,True
RDRNPTGRCCKGRRR,1,82,47,54,False
RDRNPTGREQERAGA,1,8,25,98,False
RDRNPTGRGRKMPAQ,1,10,1116,1855,False
RDRNPTGRGRKRPAQ,1,10,1116,1855,False
RDRNPTGRPRRWF*G,1,2424,3,3,True
RDRNPTGRRGKRPAQ,1,10,1116,1855,False
RDRNPTGRRRKGPAQ,4,10,1116,1855,False
RDRNPTGRRRKGRRR,2,82,47,54,False
RDRNPTGRRRKMPAQ,1,10,1116,1855,False
RDRNPTGRRRKRPAQ,2,10,1116,1855,False
RDRNPTGRRRKSPGA,1,494,8,9,False
RDRNPTGRRSKMPAQ,1,2297,11,11,False
RDRNPTGRRSKRPAQ,1,10,1116,1855,False
RDRNPTGRSRKGPAQ,1,2404,14,14,False
RDRNPTGRSRKRPAQ,1,10,1116,1855,False
RDRNPTGSRRERPGA,2,494,8,9,True
RDRNPTMSRRKRPAQ,2,10,1116,1855,False
RDRNPTMWIRKGRRR,1,2334,3,3,False
RDRNPTMWRRKGPAQ,1,10,1116,1855,False
RDRNPTREEEERAGA,1,26,107,135,False
RDRNPTRGDRQRAGA,1,2420,3,3,False
RDRNPTRGKEEKAGA,1,26,107,135,False
RDRNPTRKDDERAGA,1,2425,2,2,True
RDRNPTRRGRKGPAQ,3,10,1116,1855,False
RDRNPTRRIRKRPAQ,1,10,1116,1855,False
RDRNPTRRRRKGPAQ,4,10,1116,1855,False
RDRNPTRRRRKRPAQ,6,10,1116,1855,False
RDRNPTRRRRKVPAQ,1,10,1116,1855,False
RDRNPTRRRSKSPAQ,1,10,1116,1855,False
RDRNPTRRRVEKAGA,1,105,23,25,False
RDRNPTRRRWKGPAQ,1,10,1116,1855,False
RDRNPTRRRWKRPAQ,1,10,1116,1855,False
RDRNPTRRSCKRPAQ,1,10,1116,1855,False
RDRNPTRRSRKGPAQ,1,10,1116,1855,False
RDRNPTRRSRKRPAQ,1,10,1116,1855,False
RDRNPTRSGRKGPAQ,1,10,1116,1855,False
RDRNPTRWEEERAGA,1,26,107,135,False
RDRNPTSRGGKGRRR,1,82,47,54,False
RDRNPTVCLVKMPAQ,1,2426,1,1,True
RDRNPTVSRRKGPAA,1,494,8,9,False
RDRNPTWWRSKRPAQ,1,2423,2,2,False
RDRNPVGGMGKVPAQ,1,488,10,11,False
RDRNPVGQEQEKAGA,1,144,108,123,False
RDRNPVGRDGEKPGA,1,2427,1,1,True
RDRNPVGRRRKRPAQ,1,10,1116,1855,False
RDRNPVGSWEEMPGA,1,494,8,9,False
RDRNPVQEEGEKAGA,1,144,108,123,False
RDRNPVRWRWKRPAQ,1,10,1116,1855,False
RDRNPVWGRRKVPAG,1,2428,1,1,True
RDRNPWGRGRKRPAQ,1,10,1116,1855,False
RDRNPWGRRRKGPAQ,1,10,1116,1855,False
RDRNPWLLFLRMPNQ,1,7,629,1764,False
RDRNPWLLFLRVPPQ,1,7,629,1764,False
RDRNPWLLFLRVPQQ,2,7,629,1764,False
RDRNPWLLFLWQPSQ,1,1,1197,10527,False
RDRNPWRRGRKRPAQ,1,10,1116,1855,False
RDRNPWRRRRKGPAQ,1,10,1116,1855,False
RDRNPWVCVLKVPAQ,1,488,10,11,False
RDRNPWWRRRKVPAQ,1,10,1116,1855,False
RDRNPYRRGRKRPAQ,1,10,1116,1855,False
RDRNR*AG*GKCRRR,1,428,7,8,False
RDRNRAGGGGKGRRR,1,283,32,35,False
RDRQPALLFLWFPAQ,1,41,88,103,False
RDRQPELLFLMKPKQ,1,284,25,28,False
RDRQPLLLFLAWPWQ,1,495,19,20,False
RDRQPLLLFLMMPRQ,1,495,19,20,False
RDRQPLLLFLWMPRQ,1,495,19,20,False
RDRQPLLLFLYTPNQ,2,495,19,20,True
RDRQPRLLFLLWPMQ,1,56,210,255,False
RDRQPRLLFLMLPRQ,1,284,25,28,False
RDRQPRLLFLMVPLQ,1,284,25,28,False
RDRQPVLLFLWQPPQ,1,41,88,103,False
RDRQPWLLFLLGPAQ,1,486,16,18,False
RDRQPWLLFLMSPSQ,1,284,25,28,False
RDRQSEEEGEERAGA,4,81,24,32,False
RDRQSEGEEEEKAGA,1,81,24,32,False
RDRQSEGVDEQMAGA,1,2314,6,6,False
RDRQSEQQEEEKAGA,1,277,78,85,False
RDRQSERVQQEKAGA,1,487,3,4,False
RDRRPFLLFLALPQQ,1,40,66,76,False
RDRRPQLLFLKVPEQ,1,127,34,42,False
RDRRPRLLFLGRPQQ,1,96,48,56,False
RDRRPRLLFLRGPPQ,1,462,9,10,False
RDRSPGLLFLAFPAQ,1,2429,1,1,True
RDRSPILLFLGWPSQ,1,2389,4,4,False
RDRTPWLLFLLQPAQ,1,486,16,18,False
RDRVPLLLFLIQPQQ,1,2239,9,9,False
RDRVPMLLFLFDPRQ,1,1597,5,5,False
RDRVPWLLFLQWPEQ,1,56,210,255,False
RDRWPGLLFLIQPIQ,1,40,66,76,False
RDRWPLLLFLQGPIQ,1,31,119,142,False
RDRWPLLLFLQYPVQ,1,4,603,1344,False
RDRWPLLLFLWQPMQ,1,41,88,103,False
RDRWPMLLFLLQPLQ,1,156,79,85,False
RDRWPMLLFLQLPRQ,1,40,66,76,False
RDRWPQLLFLLSPQQ,1,40,66,76,False
RDRWPQLLFLLWPNQ,1,495,19,20,False
RDRWPVLLFLQLPLQ,2,40,66,76,False
RDRWPVLLFLQQPLQ,1,53,100,123,False
RDRWPWLLFLGLPGQ,1,212,27,30,False
RDRWPWLLFLRLPGQ,1,212,27,30,False
RDRWPWLLFLVGPQQ,1,40,66,76,False
RDRWPWLLFLVHPYQ,1,212,27,30,False
RDRWPWLLFLVQPWQ,1,1,1197,10527,False
RDSDPSLLFLRQPQQ,1,2228,2,2,False
RDSEPWLLFLSGPQQ,1,640,16,16,False
RDSEPWLLFLVAPQQ,1,374,38,39,False
RDSESEEEEEEKAGA,1,277,78,85,False
RDSESEGVGDERAGA,2,141,34,41,False
RDSESEQEGEERAGA,1,141,34,41,False
RDSESGLELRQSPGA,2,496,1,2,True
RDSESVEEEQQRAGA,1,2430,1,1,True
RDSGPMLLFLWQPKQ,1,41,88,103,False
RDSGPQLLFLAEPEQ,1,409,13,14,False
RDSGPWLLFLTGPQQ,1,2431,7,7,True
RDSGPYLLFLKKPKQ,1,0,1628,17219,False
RDSKSDGEEVQRPGA,1,2432,1,1,True
RDSKSVGLDQERPGA,1,2433,1,1,True
RDSLPQLLFLLYPDQ,1,567,14,15,False
RDSLPWLLFLVCPQQ,1,2431,7,7,False
RDSNP*GEEEEMAGA,2,144,108,123,False
RDSNPAGRRGKRPAQ,1,10,1116,1855,False
RDSNPARRRRKRPAQ,2,10,1116,1855,False
RDSNPAVRRRKVPAQ,1,147,8,10,False
RDSNPAVVIRKCPAA,1,147,8,10,False
RDSNPAVWWVKVPAQ,1,250,31,34,False
RDSNPAWEEEERAGA,1,26,107,135,False
RDSNPDEEQDEKAGA,1,2342,2,2,False
RDSNPDGRRRKRPAQ,1,10,1116,1855,False
RDSNPDHGEQERAGA,1,8,25,98,False
RDSNPDRQEDQRAGA,1,2434,1,1,True
RDSNPDRRRRKRPAQ,1,10,1116,1855,False
RDSNPEEEEEERAGA,3,26,107,135,False
RDSNPEG*ANGRRRV,1,2435,1,1,True
RDSNPEGEEEEKAGA,1,144,108,123,False
RDSNPEGRRRKGPGA,1,18,393,562,False
RDSNPEGRRRKGRRR,1,1839,3,3,False
RDSNPEGRRRKRPAQ,2,10,1116,1855,False
RDSNPEGRSRKRPAQ,1,10,1116,1855,False
RDSNPEGVEQERAGA,1,8,25,98,False
RDSNPEREGEEKAGA,1,2371,6,6,False
RDSNPERREVESAGA,1,193,8,10,False
RDSNPERRMRKVPAQ,1,10,1116,1855,False
RDSNPFCIIWKIPAQ,1,2436,1,1,True
RDSNPGCGGRKCPAQ,1,1135,7,7,False
RDSNPGGEEQEKAGA,1,144,108,123,False
RDSNPGGGAGKGRRR,1,146,35,40,False
RDSNPGGRMDERAGA,1,287,24,26,False
RDSNPGGRRRKGRRG,1,2437,3,3,True
RDSNPGRRRRKRPAQ,3,10,1116,1855,False
RDSNPKFRRRKLPAQ,1,10,1116,1855,False
RDSNPKGDEQERAGA,1,26,107,135,False
RDSNPKGGEEQKAGA,1,2335,5,5,False
RDSNPKGGGGNGRRR,1,146,35,40,False
RDSNPKGGRGKSRRR,1,82,47,54,False
RDSNPKGGRRKGPAQ,1,18,393,562,False
RDSNPKGGRRKRPAQ,1,10,1116,1855,False
RDSNPKGGRWKGRRR,1,146,35,40,False
RDSNPKGREEEKPGA,2,436,10,12,False
RDSNPKGRGRKRPAQ,1,10,1116,1855,False
RDSNPKGRIRKGRRR,1,2437,3,3,False
RDSNPKGRRGKGRRR,1,82,47,54,False
RDSNPKGRRRKCPAQ,1,10,1116,1855,False
RDSNPKGRRRKGPAQ,1,18,393,562,False
RDSNPKGRRRKRPAQ,7,10,1116,1855,False
RDSNPKGRRSKRPAQ,1,10,1116,1855,False
RDSNPKGRRSKVPAQ,1,10,1116,1855,False
RDSNPKGRRWKRPAQ,2,10,1116,1855,False
RDSNPKGRSLKRPAQ,2,10,1116,1855,False
RDSNPKGRSRKRPAQ,1,10,1116,1855,False
RDSNPKGSREEMAGA,1,2438,4,4,True
RDSNPKGWRRKGPAQ,1,18,393,562,False
RDSNPKGWRRKRPAQ,1,10,1116,1855,False
RDSNPKMRREEKAGA,1,2438,4,4,False
RDSNPKREEEEKAGA,1,26,107,135,False
RDSNPKREEEEKPGA,1,26,107,135,False
RDSNPKREEGERAGA,1,26,107,135,False
RDSNPKRGGGKGRRR,1,82,47,54,False
RDSNPKRRGRKRPAQ,1,10,1116,1855,False
RDSNPKRRRMKSPAQ,1,10,1116,1855,False
RDSNPKRRRRERAGA,1,26,107,135,False
RDSNPKRRRRKGPAQ,4,10,1116,1855,False
RDSNPKRRRRKGRRR,1,82,47,54,False
RDSNPKRRRRKMPAQ,1,10,1116,1855,False
RDSNPKRRRRKRPAQ,10,10,1116,1855,False
RDSNPKRRRSKVPAQ,1,10,1116,1855,False
RDSNPKRRSEEKAGA,1,26,107,135,False
RDSNPKRRSRKSPAQ,1,10,1116,1855,False
RDSNPKRRSRKWPAQ,1,10,1116,1855,False
RDSNPKRRSSKRPAQ,1,10,1116,1855,False
RDSNPKRRVQERAGA,1,26,107,135,False
RDSNPKWRGRKGPAQ,1,10,1116,1855,False
RDSNPKWRRRKRPAQ,1,10,1116,1855,False
RDSNPKWRRSKGPAQ,1,10,1116,1855,False
RDSNPLRWRRKRPAQ,1,10,1116,1855,False
RDSNPMGGMSKFPAQ,1,2439,2,2,True
RDSNPMREEEEKAGA,1,144,108,123,False
RDSNPMRRRRKRPAQ,1,10,1116,1855,False
RDSNPNGGGAKGRRR,3,146,35,40,True
RDSNPNGRRRKRPAQ,1,10,1116,1855,False
RDSNPNMRRRKRPAQ,1,10,1116,1855,False
RDSNPNREDEEKAGA,1,2097,3,3,False
RDSNPNRRRRKGPAQ,1,10,1116,1855,False
RDSNPNRWWMKGPAQ,1,143,35,40,False
RDSNPNSRRRKVPAQ,1,10,1116,1855,False
RDSNPNSRSRKRPAQ,1,10,1116,1855,False
RDSNPNWSRSKRPAG,1,2440,1,1,True
RDSNPPGRMVKVPAQ,1,2439,2,2,False
RDSNPPRRMVERPGA,1,2441,1,1,True
RDSNPPRVDQERAGA,1,2371,6,6,False
RDSNPQCLRWKVPAQ,1,2308,3,3,False
RDSNPQCRRCKRPAQ,1,10,1116,1855,False
RDSNPQEEEEERAGA,1,26,107,135,False
RDSNPQGRMKGPAQG,2,497,2,3,True
RDSNPQGRRIKGAGA,1,493,17,18,False
RDSNPQGRRRKCPAQ,1,18,393,562,False
RDSNPQGRRRKGPAQ,1,18,393,562,False
RDSNPQGRRRKRPAQ,4,18,393,562,False
RDSNPQGRRRKWPAQ,1,18,393,562,False
RDSNPQGRVRKRPAQ,1,18,393,562,False
RDSNPQGSRRKRPAQ,1,18,393,562,False
RDSNPQMRRWKRPAQ,2,10,1116,1855,False
RDSNPQRRMRKRPAQ,1,10,1116,1855,False
RDSNPQRRRRKGPAQ,2,18,393,562,False
RDSNPQRRRRKRPAQ,2,10,1116,1855,False
RDSNPQRRRRKVPAQ,1,10,1116,1855,False
RDSNPQRRRSKGPAQ,1,18,393,562,False
RDSNPQRSRRKRPAQ,1,10,1116,1855,False
RDSNPQRTAGKCRRR,1,613,5,6,False
RDSNPQRWRRKGPAQ,1,18,393,562,False
RDSNPQWMRWKGPAQ,1,18,393,562,False
RDSNPQWRGGKVPAQ,1,2316,5,5,False
RDSNPQWRRGKRPAQ,1,10,1116,1855,False
RDSNPQWRRRKRPAQ,1,10,1116,1855,False
RDSNPQWRSRKRPAQ,1,10,1116,1855,False
RDSNPRG*ASKCRRR,1,2442,2,2,True
RDSNPRGGWGKGRRR,1,146,35,40,False
RDSNPRGQEGEKAGA,1,144,108,123,False
RDSNPRGRIRKRPAQ,1,10,1116,1855,False
RDSNPRGRRRKGPAQ,1,18,393,562,False
RDSNPRGRRRKRPAQ,5,10,1116,1855,False
RDSNPRGSRRKGPAQ,1,18,393,562,False
RDSNPRGWSWKCPAQ,1,2297,11,11,False
RDSNPRMRRRKRPAQ,1,10,1116,1855,False
RDSNPRRGRSKRPAQ,1,431,10,11,False
RDSNPRRRRRKCPAQ,1,10,1116,1855,False
RDSNPRRRRRKRPAQ,3,10,1116,1855,False
RDSNPRRRSRKGPAQ,1,10,1116,1855,False
RDSNPRRSRRKRPAQ,1,10,1116,1855,False
RDSNPRWRGRPGAGF,1,2443,1,1,True
RDSNPSGCVRKVPAQ,1,488,10,11,False
RDSNPSGRRRKRPAQ,1,10,1116,1855,False
RDSNPSLRRRKGPAQ,1,18,393,562,False
RDSNPSMRRRKRPAQ,1,10,1116,1855,False
RDSNPSRRVRKGPAQ,1,10,1116,1855,False
RDSNPSRWRRKRPAQ,1,10,1116,1855,False
RDSNPSRWSGKVPAQ,2,470,4,7,False
RDSNPSVSGGKVPGR,1,2403,2,2,False
RDSNPTGEEEEKAGA,1,144,108,123,False
RDSNPTGGRLKRAGA,1,996,4,4,False
RDSNPTGRRRKGPAQ,1,18,393,562,False
RDSNPTGRRRKGRRR,1,2437,3,3,False
RDSNPTGRRRKRPAQ,1,10,1116,1855,False
RDSNPTGSMRKGPAQ,1,18,393,562,False
RDSNPTGVQRESAGA,1,504,6,7,False
RDSNPTMRRRKSAGA,1,996,4,4,False
RDSNPTMRRRKVPAQ,1,10,1116,1855,False
RDSNPTREEEERAGA,1,26,107,135,False
RDSNPTRRHEEKAGA,1,2019,5,5,False
RDSNPTRRRRKRPAQ,1,10,1116,1855,False
RDSNPTRRRRKSPAQ,2,10,1116,1855,False
RDSNPTRWRGKGAGA,1,996,4,4,False
RDSNPTSRRRKRPAQ,1,10,1116,1855,False
RDSNPTVGLREKPGA,1,498,3,4,False
RDSNPTVRSRKGPAQ,2,49,14,21,False
RDSNPTWGREEMPGA,1,2438,4,4,False
RDSNPVGGRGKGPAQ,1,502,20,21,False
RDSNPVVVLLEKAGA,2,498,3,4,True
RDSNPWLLFLRQPFQ,1,1,1197,10527,False
RDSNPWRRRRKRPAQ,1,10,1116,1855,False
RDSNPWRWRRKGPAQ,1,143,35,40,False
RDSNPYLLFLWKPKQ,1,0,1628,17219,False
RDSNPYRRRRKGPAQ,1,10,1116,1855,False
RDSNRAGGA*KCRRR,1,2322,4,4,False
RDSNRRAGGGKCRRR,1,484,7,8,False
RDSNRRGGGAKGRRR,1,146,35,40,False
RDSNRTGGGGKGRRR,1,146,35,40,False
RDSQPKLLFLKMPDQ,1,2444,2,2,True
RDSQPLLLFLMVPLQ,1,495,19,20,False
RDSQPWLLFLRQPYQ,1,56,210,255,False
RDSQPWLLFLTWPAQ,1,56,210,255,False
RDSQPWLLFLVLPRQ,1,56,210,255,False
RDSQPWLLFLWSPTQ,1,23,142,268,False
RDSQSGDEHQESAGA,1,2445,1,1,True
RDSRPGCCF*GRRTR,1,2446,1,1,True
RDSRPSLLVSEDAGA,1,2447,1,1,True
RDSRPWLLFLKVPKQ,1,1100,5,5,False
RDSRPWLLFLLGPGQ,1,2431,7,7,False
RDSSRSCCF*RCRSR,1,2236,3,3,False
RDSTPMLLFLFTPQQ,1,658,8,8,False
RDSVPFLLFLVQPRQ,1,241,14,16,False
RDSVPMLLFLWQPLQ,1,41,88,103,False
RDSVPWLLFLQLPRQ,1,56,210,255,False
RDSWPFLLFLRQPWQ,1,40,66,76,False
RDSWPGLLFLVFPQQ,1,40,66,76,False
RDSWPQLLFLSSPKQ,1,1835,6,6,False
RDSWPRLLFLLVPQQ,1,40,66,76,False
RDSWPRLLFLQFPLQ,1,98,8,10,False
RDTGPGLAVSGGPVP,1,2448,1,1,True
RDTGPLLLFLKQPKQ,1,41,88,103,False
RDTGPLLLFLQVPRQ,1,41,88,103,False
RDTGPLLLFLRQPVQ,1,41,88,103,False
RDTGPLLLFLWQPAQ,6,41,88,103,True
RDTGPVLAVSVGPAA,1,822,2,2,False
RDTKPKLLFLRKPGA,1,2449,1,1,True
RDTLPCLLFLQVPVQ,1,56,210,255,False
RDTNPMLLFLRKPVQ,1,7,629,1764,False
RDTNPWLLFLWQPRQ,1,41,88,103,False
RDTQPKLLFLSQPRQ,1,41,88,103,False
RDTTRSCCF*ATRAR,1,2450,1,1,True
RDTWPLLLFLLAPLQ,1,41,88,103,False
RDVEFRVRGGSKGRR,1,2451,1,1,True
RDVESEGVGGEMAGA,1,141,34,41,False
RDVESGREGLEKAGA,2,499,3,4,True
RDVESGRGGAGKARR,1,1982,5,5,False
RDVESVELLQQSPGA,1,2452,1,1,True
RDVGPFLLFLSIPQQ,1,2279,9,9,False
RDVGPGLLFLEWPWQ,1,148,23,27,False
RDVGPQLLFLQLPGQ,1,148,23,27,False
RDVGPWLLFLLQPQQ,1,2431,7,7,False
RDVGPWLLFLVQPVQ,1,41,88,103,False
RDVGPWLLFLYQPKQ,1,41,88,103,False
RDVIRPAAA*KSRRR,4,83,4,7,True
RDVKPQLLFLIQPQQ,1,118,35,41,False
RDVKSAGVDEEMPGA,1,2314,6,6,False
RDVLAAAVSAVPVPG,2,500,1,2,True
RDVLPWLLFLMGPVQ,1,56,210,255,False
RDVLPWLLFLQLPQQ,2,40,66,76,False
RDVMAAPAVSAHPAP,1,2453,1,1,True
RDVMPLLLFLVQPVQ,1,41,88,103,False
RDVNPAGRGGKRPAQ,1,1874,3,3,False
RDVNPAGRMVKGPAQ,1,2106,6,6,False
RDVNPARGMEEMAGA,1,26,107,135,False
RDVNPARVG*KGRRR,4,84,15,18,True
RDVNPAVRIRKMPAQ,3,147,8,10,True
RDVNPAWGIGKGPAQ,1,111,39,45,False
RDVNPDEEHGERAGA,1,2454,2,2,True
RDVNPDGVQRERAGA,1,103,71,80,False
RDVNPEGEEEQKAGA,1,144,108,123,False
RDVNPEQQREERAGA,1,2455,1,1,True
RDVNPERGRRKRPAQ,1,10,1116,1855,False
RDVNPFIRRRKVPAQ,1,440,22,23,False
RDVNPGAWGNSRRRV,1,2456,3,3,True
RDVNPGFWSGKCPAQ,1,2332,3,3,False
RDVNPGGCMCKGRRR,2,501,7,8,True
RDVNPGGGGANGRRR,1,146,35,40,False
RDVNPGGGWERAGAG,1,2457,2,2,True
RDVNPGIVEGERAGA,1,103,71,80,False
RDVNPGLCCLKVPAQ,1,2458,1,1,True
RDVNPGRRGVKGPAQ,1,223,23,26,False
RDVNPGRRRGKGPAQ,1,10,1116,1855,False
RDVNPGVEHQENAGA,1,1324,2,2,False
RDVNPHRRRRKMPAQ,2,10,1116,1855,False
RDVNPKGEEVENAGA,1,50,45,49,False
RDVNPKGGRGKSPAQ,2,502,20,21,True
RDVNPKGRRRKGPAQ,1,10,1116,1855,False
RDVNPKGRRRKRPAQ,1,10,1116,1855,False
RDVNPKGRRSKRPAQ,1,10,1116,1855,False
RDVNPKGRSRKGPAQ,5,10,1116,1855,False
RDVNPKMGQQEKAGA,1,2110,2,2,False
RDVNPKMQEEQRAGA,1,26,107,135,False
RDVNPKQEEEKAGAG,2,503,5,6,True
RDVNPKRRGRKVPAQ,1,10,1116,1855,False
RDVNPKRRRRKGPAQ,1,10,1116,1855,False
RDVNPKRRRRKRPAQ,1,10,1116,1855,False
RDVNPKVRGVERAGA,1,490,6,7,False
RDVNPKVRRRKGPAQ,1,10,1116,1855,False
RDVNPKVRRRKVPAQ,1,10,1116,1855,False
RDVNPKVSRRKRPAQ,1,10,1116,1855,False
RDVNPLFLLFKVPAQ,1,773,6,6,False
RDVNPMGVSWKFPAQ,1,2375,2,2,False
RDVNPNGRRWKMPAQ,1,2297,11,11,False
RDVNPPFIFVKVPAA,1,2459,1,1,True
RDVNPQFSSWKRPAQ,1,2460,2,2,True
RDVNPQGRRGKRPAQ,1,502,20,21,False
RDVNPQGRRRKGPAQ,1,18,393,562,False
RDVNPQGRRRKRPAQ,1,10,1116,1855,False
RDVNPQRRRRKGPAQ,1,10,1116,1855,False
RDVNPQRRWRKIPAQ,1,10,1116,1855,False
RDVNPQWRRRKGPAQ,1,18,393,562,False
RDVNPQWSVVKWPAQ,1,142,20,22,False
RDVNPRGWGSKGPGA,1,2461,2,2,True
RDVNPRRRDDERAGA,1,2425,2,2,False
RDVNPRRRGRKGPAQ,1,291,30,32,False
RDVNPRRRRMKRPAQ,1,10,1116,1855,False
RDVNPSGVWGKGPAQ,1,502,20,21,False
RDVNPSRRGSKGPAQ,1,291,30,32,False
RDVNPSRSS*KARRR,1,84,15,18,False
RDVNPSVFIWKMPAQ,1,147,8,10,False
RDVNPTELDEERPGA,1,2380,4,4,False
RDVNPTGGGRKDAGA,1,504,6,7,False
RDVNPTGRSRKRAGA,1,1330,2,2,False
RDVNPTMSSRKGPAQ,1,162,19,23,False
RDVNPTRRRWKRPAQ,3,10,1116,1855,False
RDVNPTSCIGKGPGA,1,2044,2,2,False
RDVNPTVHREKPGAG,1,1184,2,2,False
RDVNPVGGGGNCRRR,1,484,7,8,False
RDVNPVGRRRKRPAQ,1,10,1116,1855,False
RDVNPVGWGGNGRRR,1,2462,2,2,True
RDVNPVLGLVKGPAA,1,2463,2,2,True
RDVNPVLVVRKGAGA,1,2464,1,1,True
RDVNPVSSSGKSRRR,1,34,15,22,False
RDVNPWGRRCKRPAQ,1,10,1116,1855,False
RDVNPWLLFLRQPWQ,1,1,1197,10527,False
RDVNPWLLFLRQPYQ,4,1,1197,10527,False
RDVNPYLLFLKRPQQ,4,0,1628,17219,False
RDVNPYLLFLRQPAQ,1,2,509,4610,False
RDVNPYLLFLRQPKQ,1,0,1628,17219,False
RDVNPYLLFLRQPVQ,1,2,509,4610,False
RDVNPYLLFLRYPQQ,2,7,629,1764,False
RDVNRSAAGGNARRR,1,726,6,6,False
RDVQPGPAVSVEADP,1,2465,1,1,True
RDVQPLLLFLWMPVQ,1,41,88,103,False
RDVQPLLLFLWRPVQ,1,41,88,103,False
RDVQPLLLFLYLPLQ,1,495,19,20,False
RDVQPWLLFLQWPSQ,1,56,210,255,False
RDVQPYLLFLRWPLQ,1,15,198,343,False
RDVRPAGGGNSRRRV,1,2456,3,3,False
RDVRPLLLFLFQPSQ,2,41,88,103,False
RDVRPLLLFLLLPQQ,1,40,66,76,False
RDVRPLLLFLQWPGQ,1,148,23,27,False
RDVRPRLLFLRQPGQ,1,148,23,27,False
RDVRPWLLFLRWPEQ,1,56,210,255,False
RDVSPQLLFLSWPRQ,1,148,23,27,False
RDVSPWLLFLMLPQQ,1,40,66,76,False
RDVSVAAVSDAPGAG,1,661,2,2,False
RDVTPELLFLGFPVQ,1,148,23,27,False
RDVTPGLLFLMWPQQ,1,148,23,27,False
RDVTPRLLFLWWPGQ,3,148,23,27,True
RDVVAVAAVSVVAGA,3,149,31,38,True
RDVVPRLLFLAWPGQ,1,148,23,27,False
RDVVPVLLFLQWPVQ,1,56,210,255,False
RDVVPWLLFLGVPVQ,1,56,210,255,False
RDVVPWLLFLQLPVQ,1,56,210,255,False
RDVVPWLLFLQWPVQ,1,56,210,255,False
RDVVPYLLFLKQPRQ,1,357,26,27,False
RDVWPLLLFLLWPNQ,1,148,23,27,False
RDVWPLLLFLQWPIQ,1,15,198,343,False
RDVWPMLLFLAQPNQ,1,213,9,10,False
RDWAPLLLFLIQPRQ,1,41,88,103,False
RDWAPVLLFLVGPQQ,1,60,17,24,False
RDWCPSLLFLQYPIQ,1,2196,13,13,False
RDWEPLLLFLQWPVQ,1,4,603,1344,False
RDWEPWLLFLQQPLQ,1,56,210,255,False
RDWESDGQQVERPGA,1,2466,2,2,True
RDWESEEGEEERAGA,1,141,34,41,False
RDWESEHEEEERAGA,1,81,24,32,False
RDWESGEEGHERAGA,1,141,34,41,False
RDWGPGLLFLQWPVQ,1,56,210,255,False
RDWGPLLLFLGLPWQ,1,4,603,1344,False
RDWGPLLLFLKQPKQ,1,41,88,103,False
RDWGPLLLFLQWPVQ,1,4,603,1344,False
RDWGPQLLFLFGPVQ,1,567,14,15,False
RDWGPYLLFLQSPGQ,1,1057,3,3,False
RDWIRRCWSGKGRRR,1,2467,1,1,True
RDWKSELRDVESPGA,1,2468,1,1,True
RDWKSEQGQEQRAGA,1,2469,2,2,True
RDWKSGGGVVQMAGA,1,2470,2,2,True
RDWKSGRLEQQSPGA,1,907,3,3,False
RDWLPMLLFLGQPLQ,1,92,43,48,False
RDWLPQLLFLQWPWQ,1,56,210,255,False
RDWLPSLLFLQWPLQ,1,56,210,255,False
RDWLPVLLFLSQPVQ,1,130,94,113,False
RDWLPWLLFLQWPPQ,1,56,210,255,False
RDWMPLLLFLMQPHQ,1,41,88,103,False
RDWMPVLLFLRQPAQ,1,41,88,103,False
RDWMPWLLFLQWPRQ,1,56,210,255,False
RDWNPAWCGWKFPAQ,1,2471,1,1,True
RDWNPEEVEGERAGA,1,2380,4,4,False
RDWNPELWGMKGPAQ,1,143,35,40,False
RDWNPERRGSKGPAQ,1,143,35,40,False
RDWNPERRRRKRAGA,1,1262,15,15,False
RDWNPFWSC*NSRRR,1,681,2,2,False
RDWNPGGRRRKGPAQ,1,18,393,562,False
RDWNPGRGGSNGRRR,1,1062,2,2,False
RDWNPGVGEERAGAG,1,163,5,7,False
RDWNPHCSSGNSRRR,1,2472,1,1,True
RDWNPHRWGWKSPAQ,1,143,35,40,False
RDWNPIRGAGKCRCR,1,613,5,6,False
RDWNPIRGRVKGPAQ,1,143,35,40,False
RDWNPKGEEEERAGA,1,26,107,135,False
RDWNPKGRMRKSPAQ,1,10,1116,1855,False
RDWNPKGRRRKGPAQ,4,10,1116,1855,False
RDWNPKRRRMKRPAQ,1,10,1116,1855,False
RDWNPKRRRRKGPAQ,2,10,1116,1855,False
RDWNPKRRRRKRPAQ,2,10,1116,1855,False
RDWNPKRRRRKSPAQ,1,10,1116,1855,False
RDWNPKRRRSKGPAQ,1,10,1116,1855,False
RDWNPKRRWRKSPAQ,1,10,1116,1855,False
RDWNPKRWRRKGPAQ,1,10,1116,1855,False
RDWNPKSRSEEKAGA,1,2473,1,1,True
RDWNPKVRRRKRPAQ,1,10,1116,1855,False
RDWNPLRFWGKLRRR,1,2474,1,1,True
RDWNPMRGWVKVPAQ,1,1355,3,3,False
RDWNPNGCCGKFPAQ,1,488,10,11,False
RDWNPPGRAGAGFWR,1,2475,1,1,True
RDWNPPRRRRKVPAQ,1,10,1116,1855,False
RDWNPPRRSRKRPAQ,1,10,1116,1855,False
RDWNPPRWGGKRPAQ,1,2316,5,5,False
RDWNPPSRSRKGPAQ,1,2041,2,2,False
RDWNPPWMRRKGRRR,1,483,4,5,False
RDWNPQGRRSKRPAQ,1,10,1116,1855,False
RDWNPQRRRGKRPAQ,1,10,1116,1855,False
RDWNPQRRSRKMPAQ,1,10,1116,1855,False
RDWNPQWRRRKGPAQ,2,18,393,562,False
RDWNPRGCAGKARRR,1,933,4,4,False
RDWNPRGQEEERAGA,1,2365,2,2,False
RDWNPRGRRRKRPAQ,2,10,1116,1855,False
RDWNPRGWRGKGPGA,1,2461,2,2,False
RDWNPRISRRKVPAQ,1,440,22,23,False
RDWNPRRSGRKGPAQ,1,1234,22,22,False
RDWNPRVSREEMAGA,1,2438,4,4,False
RDWNPRVSRRKMPAQ,1,2346,6,6,False
RDWNPTGGVREMAGA,2,504,6,7,True
RDWNPTREGDQSAGA,1,1340,2,2,False
RDWNPTRRRRKRPAQ,1,10,1116,1855,False
RDWNPVWWRWKVPAQ,1,2308,3,3,False
RDWNPWLLFLDSPLA,1,2476,1,1,True
RDWNPWLLFLKQPKQ,2,0,1628,17219,False
RDWNPWLLFLKQPWQ,1,1,1197,10527,False
RDWNPWLLFLRNPKQ,1,7,629,1764,False
RDWNPWLLFLRQPWQ,1,1,1197,10527,False
RDWNPWLLFLTRPQQ,1,1900,36,36,False
RDWNPWVWGVKVPAQ,1,414,11,12,False
RDWQPKLLFLWRPYQ,1,544,8,10,False
RDWQPLLLFLAIPEQ,1,495,19,20,False
RDWQPLLLFLQQPVQ,1,4,603,1344,False
RDWQPLLLFLSGPRQ,1,495,19,20,False
RDWQPRLLFLVLPKQ,1,92,43,48,False
RDWRPMLLFLLEPQQ,1,1575,6,6,False
RDWRPQLLFLKKPKQ,1,0,1628,17219,False
RDWRPQLLFLWLPEQ,2,127,34,42,False
RDWRPSLLFLWKPGQ,1,148,23,27,False
RDWRPVLLFLVQPEQ,1,357,26,27,False
RDWRPWLLFLQWPLQ,1,56,210,255,False
RDWSPLLLFLQLPQQ,1,4,603,1344,False
RDWSPVLLFLQWPLQ,1,637,44,44,False
RDWTPLLLFLRQPGQ,1,41,88,103,False
RDWTPMLLFLQWPVQ,1,56,210,255,False
RDWVAVAAVSVLAVA,1,149,31,38,False
RDWVPLLLFLRQPQQ,1,130,94,113,False
RDWVPLLLFLSQPVQ,1,130,94,113,False
RDWVPSCCFWGRRAR,1,2477,1,1,True
RDWVPWLLFLKQPGQ,1,130,94,113,False
RDWVPWLLFLQRPAQ,1,486,16,18,False
RDWWPGLLFLQWPLQ,1,73,128,146,False
RDWWPLLLFLLLPLQ,1,4,603,1344,False
RDWWPMLLFLQGPVQ,1,4,603,1344,False
RDWWPMLLFLRQPAQ,1,2311,4,4,False
RDWWPSLAVSGLGRG,1,2478,1,1,True
RDWWPVLLFLWNPKQ,1,469,21,23,False
RDWWPWLLFLEGPGQ,1,31,119,142,False
RDYAPVLLFLWQPMQ,1,41,88,103,False
RDYEPWLLFLQVPRQ,1,474,3,4,False
RDYKPELAVSDGPVA,2,505,2,3,True
RDYKPSLLFLYMPQQ,1,2311,4,4,False
RDYLPWLLFLQLPLQ,1,56,210,255,False
RDYNPFLLFLNKPSQ,1,0,1628,17219,False
RDYNPWLLFLMKPQQ,1,7,629,1764,False
RDYNPWLLFLRMPNQ,1,1,1197,10527,False
RDYNPWLLFLRQPNQ,1,1,1197,10527,False
RDYNPWLLFLSQPVQ,1,1,1197,10527,False
RDYNPWLLFLTRPQQ,1,6,143,456,False
RDYNPYLLFLKQPKQ,3,0,1628,17219,False
RDYNPYLLFLKQPNQ,4,0,1628,17219,False
RDYNPYLLFLKQPPQ,1,0,1628,17219,False
RDYNPYLLFLKQPTQ,1,0,1628,17219,False
RDYNPYLLFLSRPKQ,3,0,1628,17219,False
RDYNPYLLFLYQPRQ,1,0,1628,17219,False
RDYPPDAAVSDDPGA,1,472,2,3,False
RDYQPLLLFLFKPSQ,1,495,19,20,False
RDYQPNLLFLQNRGR,1,2479,1,1,True
RDYTPLLLFLQWPVQ,1,56,210,255,False
RDYVPLLLFLRQPEQ,1,41,88,103,False
RDYVPQLLFLAQPQQ,3,1,1197,10527,False
RDYWPGLLFLVQPEQ,1,40,66,76,False
RDYWPYLLFLTQPNQ,1,2,509,4610,False
RD_QPGPAVSEQPEA,1,836,3,3,False
RE*IRGGGAGKGRRR,1,511,4,5,False
REAIRGGGGGKGRRR,1,57,64,76,False
REGIRRGGGGKGRRR,1,57,64,76,False
REQESEEVRGANGRR,1,2480,1,1,True
REYLAVPAVSDEAEA,1,2481,1,1,True
REYQSEEEEEEKAGA,1,277,78,85,False
REYQSGRQEREKAGA,1,2482,1,1,True
RG*GIRRGGAGKGRR,1,1449,4,4,False
RGCAAGAAVSVGPEA,1,2483,2,2,True
RGCAAVAAVSVGAGA,1,871,5,5,False
RGCAIRRGGAGKGRR,1,1449,4,4,False
RGCESDEEQQENAGA,1,1635,4,4,False
RGCESDREDVESAGA,1,2137,2,2,False
RGCESDREEGEIAGA,1,1921,3,3,False
RGCESEEEEEERPGA,1,99,134,161,False
RGCESGAAASGNSRR,1,2484,1,1,True
RGCESGGRHGQSPGA,1,793,4,4,False
RGCESGVEGRERAGA,1,2485,2,2,True
RGCGADPAVSDGAGA,1,571,4,5,False
RGCQSAVASWGKSRR,1,2486,1,1,True
RGCQSDDEDQQKAGA,1,2487,1,1,True
RGCQSDGGQVQMAGA,1,2488,2,2,True
RGCQSEQVVQQKPGA,1,2489,1,1,True
RGCQSERLLHESPGA,1,390,8,9,False
RGCQSVVVVVEIPGA,1,233,11,13,False
RGCVAGAAVSDVAGP,1,13,36,58,False
RGCVAGAAVSVLAVP,1,570,6,7,False
RGFESGLLLREIPGA,1,794,5,5,False
RGFESVLGVVQRAGA,1,167,83,87,False
RGFGAVAAVSVDAGA,1,149,31,38,False
RGFGAVAAVSVVAGP,1,13,36,58,False
RGFVPGPAVSVVPGA,1,2490,2,2,True
RGLESDQEDEERAGA,1,625,14,15,False
RGLESEEHLGQRAGA,1,2491,2,2,True
RGLESEQGGGQKAGA,1,2491,2,2,False
RGLESEREEVQSAGA,1,2492,3,3,True
RGLGIRRGGGAKGRR,1,826,4,4,False
RGLQSAVRHLERPGA,1,2493,1,1,True
RGLQSDREEEERAGA,1,300,19,21,False
RGLQSEGQEGERAGA,2,506,5,6,True
RGLQSVVGVGESPGA,1,1414,8,8,False
RGLRAGAAVSVLAGA,2,21,32,45,False
RGQESADQDRERAGA,1,2494,1,1,True
RGQESAELVGENPGA,1,1419,4,4,False
RGQESAGEEEERAGA,1,99,134,161,False
RGQESAGEVVEKAGA,1,875,10,10,False
RGQESDGEEEEKAGA,1,99,134,161,False
RGQESDGGDQEMAGA,2,507,4,5,True
RGQESDHQQLESPGA,1,2495,1,1,True
RGQESDVEELEMAGA,1,507,4,5,False
RGQESEEDEEEKAGA,1,99,134,161,False
RGQESEEEEEEKAGA,3,99,134,161,False
RGQESEEEEEEKPGA,1,99,134,161,False
RGQESEEEEEERAGA,3,99,134,161,False
RGQESEEEEGEKAGA,1,1635,4,4,False
RGQESEEEGEERAGA,1,99,134,161,False
RGQESEEGEQERAGA,1,99,134,161,False
RGQESEEVEEEMAGA,1,99,134,161,False
RGQESEGEEEEKAGA,1,99,134,161,False
RGQESEGEEEERAGA,2,99,134,161,False
RGQESEGEEQERAGA,1,99,134,161,False
RGQESEGEEQERPGA,1,99,134,161,False
RGQESEGEGHEKAGA,1,99,134,161,False
RGQESEGEGVQMAGA,1,2492,3,3,False
RGQESEGGEEERAGA,1,99,134,161,False
RGQESEGGVQERAGA,1,507,4,5,False
RGQESEGLGGERAGA,1,99,134,161,False
RGQESEGQQEERAGA,1,99,134,161,False
RGQESEQEEEERAGA,1,99,134,161,False
RGQESEQEEGEKAGA,3,99,134,161,False
RGQESEQEEQERAGA,1,99,134,161,False
RGQESEQEVEEKAGA,1,99,134,161,False
RGQESEVEEGEKAGA,1,99,134,161,False
RGQESEVQEEQKAGA,1,1942,4,4,False
RGQESGEEEEEIAGA,1,99,134,161,False
RGQESGEEEEEKAGA,1,99,134,161,False
RGQESGEEEEERAGA,1,99,134,161,False
RGQESGEEEEESAGA,1,1423,7,7,False
RGQESGEVVDERAGA,2,85,19,27,False
RGQESGGEEDQKAGA,1,115,5,7,False
RGQESGGEEEEKAGA,1,99,134,161,False
RGQESGGGGGAKSRR,1,2496,2,2,True
RGQESGRREGEKAGA,1,1423,7,7,False
RGQESVLQRREIPGA,1,880,2,2,False
RGQGIRRGGGRKGPA,1,826,4,4,False
RGQQSEEEEEEIAGA,2,99,134,161,False
RGQQSEEEEEERGRR,1,2497,1,1,True
RGQQSEEQQEERAGA,1,203,3,4,False
RGQQSEVEEVERAGA,1,99,134,161,False
RGQQSGEEDEERAGA,1,881,9,9,False
RGQQSGLQGGAKGRR,1,2496,2,2,False
RGSGAGAAVSGVAAP,1,169,27,30,False
RGWDEQLRVESPGAG,1,2498,1,1,True
RGWESAVEGEQRPGA,1,2160,2,2,False
RGWESDGEEEESAGA,1,99,134,161,False
RGWESDGVEEEKAGA,1,1942,4,4,False
RGWESEEEEGERAGA,1,1435,7,7,False
RGWESEEEEQERPGA,1,1435,7,7,False
RGWESEEEGEEKAGA,1,141,34,41,False
RGWESEEEREESAGA,1,575,5,6,False
RGWESEGEEEEKAGA,1,99,134,161,False
RGWESEGEEEERPGA,1,99,134,161,False
RGWESEGQQEQRAGA,1,2469,2,2,False
RGWESEQDEEQRAGA,1,625,14,15,False
RGWESGEVQGERAGA,4,85,19,27,True
RGWESGGEEVERPGA,1,2466,2,2,False
RGWESGGGGRQRAGA,1,2485,2,2,False
RGWESGGVEGESAGA,2,85,19,27,False
RGWESGGVGGQMAGA,1,85,19,27,False
RGWESVGGGEEKAGA,1,509,5,6,False
RGWESVVQGEERAGA,1,803,13,13,False
RGWGAAAAVSGHAEA,1,169,27,30,False
RGWGAGPAVSAVAGP,1,1920,6,6,False
RGWQSAQVGEERAGG,1,2499,1,1,True
RGWQSDLRHQEKAGA,1,2500,1,1,True
RGWQSEGEEEEKPGA,1,509,5,6,False
RGYEAGAAVSGLPEA,1,2483,2,2,False
RGYEPVAAVSVVAGA,1,149,31,38,False
RGYESAGEEEEKAGA,1,99,134,161,False
RGYESAQAAGGNCRR,1,2501,1,1,True
RGYESDGEDLESAGA,1,204,7,10,False
RGYESDGEVLEKAGA,1,2052,4,4,False
RGYESEGEEEEMAGA,1,99,134,161,False
RGYESEQEGEERAGA,1,99,134,161,False
RGYESEQGQVERAGA,1,1422,3,3,False
RGYESGEEEEERAGA,1,85,19,27,False
RGYESGGLEEERAGA,2,99,134,161,False
RGYESGQEEEEKAGA,1,1587,2,2,False
RGYESGQEEEQKAGA,1,326,8,9,False
RGYESVVVRGENAGA,1,803,13,13,False
RGYGIRRGGGGKGRR,1,298,9,10,False
RGYHPVCRLRERPGA,1,2502,1,1,True
RGYQSAGLLQENAGA,2,508,6,8,True
RGYQSAGVLVESPGA,1,508,6,8,False
RGYQSAVGQRENAGA,1,508,6,8,False
RGYQSDGQEGEKAGA,1,506,5,6,False
RGYQSDVRLEENAGA,2,508,6,8,False
RGYQSEGDGEEKAGA,2,509,5,6,True
RGYQSEGEEEEKAGA,1,509,5,6,False
RGYQSEGEEEERAGA,1,81,24,32,False
RGYVAVAAVSVVAVQ,1,149,31,38,False
RG_EPEAAVSEQPAA,1,669,5,5,False
RG_GAAAAVSDPAGA,1,150,2,4,False
RG_LAGAAVSDHPRT,1,2503,1,1,True
RIAIRPAACGNSRRR,1,580,3,4,False
RIAIRSGASAKARRR,1,151,5,7,False
RIATRPCCFWPTRSR,1,2504,1,1,True
RIGIRRGAGGKGRRR,1,57,64,76,False
RIGIRRGGGGKGRRR,2,57,64,76,False
RIGIRRSGGGKSRRR,1,57,64,76,False
RIRSRGCCF*GGRRR,1,2505,1,1,True
RISIRPAA*GKSRRR,1,83,4,7,False
RLQSVLRRQESAGAG,1,2506,1,1,True
RLVPGAAVSGVPGAG,2,510,2,3,True
RLVPGAAVSVVAVAG,1,510,2,3,False
RMAIRAGAGAKGRRR,1,57,64,76,False
RMAIRSGGGSKCRRR,2,57,64,76,False
RMGIRGGAGGKGRRR,1,511,4,5,False
RMGIRGGGA*KGRRR,2,511,4,5,True
RMGIRRGG*GKGRRR,2,57,64,76,False
RMRCRCCCFCGCRGR,1,2507,4,4,True
RMSIRPWA*AKARRR,1,2508,2,2,True
RMTRRSCCF*PSRSR,2,512,2,3,True
RQQPEPAVSEAADPG,1,2509,1,1,True
RRCAAFPAVSVLAVA,1,2510,1,1,True
RRFESAQVDLQRPGA,1,2511,1,1,True
RRQESVGEGEQRAGA,1,2512,1,1,True
RRQQSGGVRGEIPGA,1,2513,1,1,True
RRWESAGRVGQSPGA,1,2514,1,1,True
RRWVAVAAVSVLAVA,1,149,31,38,False
RRYQSVRLERENPGA,1,390,8,9,False
RR_EAGAAVSEQAEP,1,895,2,2,False
RV*IRGGG*GKGRRR,1,57,64,76,False
RV*IRGGGGSKARRR,1,57,64,76,False
RV*IRRAGG*KGRRR,1,57,64,76,False
RVAIR*GGGGKCRRR,1,57,64,76,False
RVAIRRGGGGKGRRR,5,57,64,76,True
RVAIRSGGCGKGRRR,1,57,64,76,False
RVAIRSGGGGKGRRR,1,57,64,76,False
RVGIR*GGGGKGRRR,1,57,64,76,False
RVGIRGGGGGKGRRR,1,57,64,76,False
RVGIRPASCGNSRRR,1,1121,5,5,False
RVGIRRAGGGNGRRR,1,57,64,76,False
RVGIRRCGGGKARRR,1,57,64,76,False
RVGIRRG*GGKCRRR,1,57,64,76,False
RVGIRRGGGAKGRRR,2,57,64,76,False
RVGIRRGGGGKGRRR,1,57,64,76,False
RVGIRRGWGGKGRRR,1,57,64,76,False
RVRCRCCCFWRCRGR,1,2507,4,4,False
RYQSARLDQESPGAG,1,2515,1,1,True
RYSNPWLLFLQFPQQ,1,2431,7,7,False
SCRCCCFCSCRSRVL,1,651,2,2,False
SDALPLLLFLVWPVQ,1,374,38,39,False
SDALPWLLFLQWPSQ,1,56,210,255,False
SDANPWLLFLLQPEQ,1,1,1197,10527,False
SDANPWLLFLQYPLQ,7,7,629,1764,False
SDANPWLLFLSVPQQ,1,7,629,1764,False
SDANPYLLFLSVPNQ,1,2,509,4610,False
SDAQPALLFLHQPKQ,1,315,13,15,False
SDAQPMLLFLWRPWQ,1,2209,5,5,False
SDAQPQLLFLNNPQQ,1,118,35,41,False
SDAQPRLLFLYKPRQ,1,517,9,10,False
SDARPMLLFLQWPTQ,1,810,3,3,False
SDAVPQLLFLLWPYQ,1,584,26,30,False
SDAWPVLLFLAQPFQ,1,2516,2,2,True
SDCNPASRRRKGPAQ,2,18,393,562,False
SDCNPILCRRKGPAQ,1,2517,4,4,True
SDCNPLGFVCKVPAQ,2,396,15,19,False
SDCNPLLFLLKFPAQ,1,25,160,263,False
SDCNPQWWRFKWPAQ,1,903,5,5,False
SDCNPRCCSRKLPAQ,1,2517,4,4,False
SDCTPVAAVSGRAGA,1,244,36,38,False
SDCVAVPTVSGVADA,1,2518,1,1,True
SDCWPQAAVSAVPVP,1,2519,1,1,True
SDDSPRLAVSDVAVA,1,2520,1,1,True
SDDWPFLLFLYQPWQ,1,241,14,16,False
SDDWPQLLFLWRPNQ,1,96,48,56,False
SDEGPFLLFLWQPEQ,1,41,88,103,False
SDEKPDLLFLKNPQQ,1,517,9,10,False
SDEKPTLLVSVHPDA,1,2521,1,1,True
SDEKPVLLFLGPRGR,1,2522,1,1,True
SDELPWLLFLRGPAQ,1,242,52,57,False
SDFFPLLLFLGSPQQ,1,640,16,16,False
SDFIRTGCEEKPGAG,1,2523,1,1,True
SDFNPKREDEENPGA,1,2524,2,2,True
SDFNPLLLFLKLPAQ,1,3,2229,22657,False
SDFNPMMWGGKGPAQ,1,2316,5,5,False
SDFNPPLGVWKCPAQ,1,959,6,6,False
SDFNPPWLVCKLPRR,1,2525,1,1,True
SDFNPQVWWAKGRRG,1,2526,1,1,True
SDFNPVFMWGKGPAQ,1,2527,1,1,True
SDFNPVMLFLKLPAQ,2,3,2229,22657,False
SDFNPWLLFLKLPAQ,4,3,2229,22657,False
SDFNPWLLFLLCPMQ,1,3,2229,22657,False
SDFNPWLLFLRGPVQ,1,3,2229,22657,False
SDFNPWLLFLRRPQQ,1,7,629,1764,False
SDFNPWLLFLRVPYQ,1,3,2229,22657,False
SDFNPYLLFLKKPKQ,1,0,1628,17219,False
SDFNPYLLFLRSPYQ,1,12,343,758,False
SDFNPYLLFLVYPQQ,2,12,343,758,False
SDFNPYLLFLVYPYQ,1,12,343,758,False
SDFQPWLLFLRLPEQ,1,3,2229,22657,False
SDFRPGLLFLNTPAQ,1,2528,1,1,True
SDFRPHLLFLLLPQQ,1,40,66,76,False
SDFSPLLLFLFQPQQ,1,813,9,9,False
SDFVPWLLFLRMPQQ,1,1602,12,12,False
SDFWPCCCFCRCRAR,1,2529,2,2,True
SDFWPLLLFLQRPEQ,1,53,100,123,False
SDFWPLLLFLQRPVQ,1,4,603,1344,False
SDGAPGLLFLGRVLA,1,2530,1,1,True
SDGCPFLLFLRRPGQ,1,212,27,30,False
SDGESAGHPGGNSRR,1,2531,1,1,True
SDGGPLLLFLLWPGQ,1,1713,18,18,False
SDGGPLLLFLQWPVQ,1,4,603,1344,False
SDGGPWLLFLQCPVQ,1,56,210,255,False
SDGHPVLLFLQWPVQ,1,53,100,123,False
SDGIRTAGSGKGRRR,1,530,8,9,False
SDGLPLLLFLDAPLQ,1,518,22,24,False
SDGLPLLLFLQFPVQ,1,221,41,45,False
SDGMPWLLFLVHPQQ,1,374,38,39,False
SDGNPARGIRKFPAQ,1,2532,1,1,True
SDGNPAWGVEESAGA,1,1126,11,11,False
SDGNPCCGGCKSRRR,1,712,4,4,False
SDGNPCCGSGKMPAL,1,2533,1,1,True
SDGNPDGRLSKGPAQ,1,356,19,23,False
SDGNPEGLEKAGAGF,1,257,6,7,False
SDGNPGGMSGKGRRR,1,719,8,8,False
SDGNPGQLQRESPGA,1,2534,1,1,True
SDGNPGVVRQSAGAG,2,513,1,2,True
SDGNPGWGEEDEKPG,1,2535,1,1,True
SDGNPHGVWRKVPAQ,1,2536,2,2,True
SDGNPHVGEEERAGA,1,26,107,135,False
SDGNPKGRRREKAGA,1,105,23,25,False
SDGNPKMGVEERAGA,1,26,107,135,False
SDGNPMGGTSKGRRR,1,2537,2,2,True
SDGNPNGSMRKCRRR,1,2013,2,2,False
SDGNPPGVGGVQRAG,1,2538,1,1,True
SDGNPQVGQGESAGA,1,365,35,37,False
SDGNPQWWRRKCPAQ,1,2103,6,6,False
SDGNPRRSRGKWPAQ,1,535,29,30,False
SDGNPRWRRRKRPAQ,1,10,1116,1855,False
SDGNPVWLEEESPGA,1,1726,4,4,False
SDGNPWLLFLWQPGQ,1,1,1197,10527,False
SDGNPWLLFLWQPRQ,1,1,1197,10527,False
SDGNRG*ASAKGRRR,1,2539,2,2,True
SDGPVAAVSDVAGPG,1,1117,2,2,False
SDGQPLLLFLYAPWQ,1,495,19,20,False
SDGSPLLLFLLQPQQ,1,518,22,24,False
SDGVPWLLFLQWPAQ,1,29,67,92,False
SDGWPLLLFLQWPKQ,1,312,10,12,False
SDGWPVLLFLQWPAQ,1,53,100,123,False
SDHIPNLCF*STRTR,1,2540,1,1,True
SDHKPILLFLFKPQQ,1,517,9,10,False
SDHNPQLLFLRRPQQ,1,7,629,1764,False
SDHRPGLLFLQCPLQ,1,518,22,24,False
SDHRPWLLFLVLPQQ,1,468,48,52,False
SDHWPKLLFLTGAGA,1,2541,3,3,True
SDIEPVLLFLTRPQQ,1,60,17,24,False
SDIESGVGLGEIPGA,1,2542,2,2,True
SDIMPQLLFLWLPFQ,1,2543,2,2,True
SDINGRRLLESPGAG,1,947,3,3,False
SDINPARRRMKRPAQ,1,10,1116,1855,False
SDINPFLLFLKQPRQ,1,2,509,4610,False
SDINPFLLFLRSPRQ,1,551,35,36,False
SDINPGCCSAKCRRR,1,1744,4,4,False
SDINPHGRGGKGPAQ,1,1156,13,13,False
SDINPNGQDQQKAGA,1,2544,1,1,True
SDINPNGWLMEKPGA,1,2545,1,1,True
SDINPSVSAGKARRR,1,933,4,4,False
SDINPWLLFLAIPQQ,1,1,1197,10527,False
SDINPWLLFLHQPSQ,1,1,1197,10527,False
SDINPWLLFLKRPQQ,4,3,2229,22657,False
SDINPWLLFLRFPQQ,1,7,629,1764,False
SDINPWLLFLRRPLQ,2,7,629,1764,False
SDINPWLLFLSIPQQ,1,7,629,1764,False
SDINPWLLFLSYPQQ,1,7,629,1764,False
SDINPWLLFLVQPDQ,2,1,1197,10527,False
SDINPYLLFLKKPQQ,1,0,1628,17219,False
SDINPYLLFLKQPKQ,2,0,1628,17219,False
SDINPYLLFLKSPQQ,1,0,1628,17219,False
SDINPYLLFLRNPQQ,1,2,509,4610,False
SDIRPMLLFLRVPPQ,1,2546,3,3,True
SDIWPQLLFLHWPMQ,1,1081,14,14,False
SDKKPKLLFLIKPQQ,1,1576,5,5,False
SDKKPLLLFLRRPQQ,1,328,19,21,False
SDKKPMLLFLKKPRQ,1,517,9,10,False
SDKNPWLLFLRQPRQ,1,1,1197,10527,False
SDKNPYLLFLRQPGQ,1,2,509,4610,False
SDKQPRLLFLLWPVQ,1,56,210,255,False
SDKQPRLLFLSKPPQ,1,208,7,9,False
SDKRPQLLFLLQPLQ,1,642,9,9,False
SDKYPRLLFLPVPLQ,1,1502,2,2,False
SDLAPWLLFLQMPQQ,1,603,15,16,False
SDLEPWLLFLTQPNQ,1,2,509,4610,False
SDLGPLLLFLQWPVQ,1,4,603,1344,False
SDLGPMLLFLQSPVQ,1,1539,10,10,False
SDLGPVLLFLGCPGQ,1,546,32,37,False
SDLGRACCFWGARCR,1,2547,1,1,True
SDLIRASGA*NARRR,1,2548,1,1,True
SDLLPLLCFWACRCR,1,2549,1,1,True
SDLLPLLLFLQLPPQ,1,4,603,1344,False
SDLLPLLLFLQLPVQ,1,4,603,1344,False
SDLLPLLLFLYRPQQ,1,96,48,56,False
SDLLPQLLFLILPAQ,1,1595,8,8,False
SDLLPQLLFLLWPQQ,1,20,111,133,False
SDLLPQLLFLWVPQQ,1,96,48,56,False
SDLLPWLLFLGQPYQ,1,546,32,37,False
SDLNPAGEQGESAGA,1,1718,5,5,False
SDLNPFCWC*NCRRR,1,1788,6,6,False
SDLNPKGRRGKGPAQ,1,18,393,562,False
SDLNPLCVSAKSRRR,1,1088,4,4,False
SDLNPLLLFLQWPVQ,1,4,603,1344,False
SDLNPSLVCFKMPAQ,1,1794,11,11,False
SDLNPVCILFKFPAQ,1,2550,1,1,True
SDLNPVCVFRKVPAQ,1,411,9,11,False
SDLNPVVVVVEMPGA,1,706,6,6,False
SDLNPWLLFLKQPRQ,1,1,1197,10527,False
SDLNPWLLFLKRPQQ,1,3,2229,22657,False
SDLNPWLLFLQWPGQ,2,9,239,562,False
SDLNPWLLFLRVPVQ,1,14,52,95,False
SDLNPWLVFLKFPAQ,1,155,109,133,False
SDLNPYLLFLFNPKQ,1,0,1628,17219,False
SDLNPYLLFLYQPDQ,4,2,509,4610,False
SDLNPYLLFLYQPKQ,1,0,1628,17219,False
SDLNPYLLFLYQPNQ,1,2,509,4610,False
SDLNPYLLFLYQPTQ,1,2,509,4610,False
SDLRPAAAVSGQAAA,1,2551,1,1,True
SDLRPLLLFLQWPLQ,1,156,79,85,False
SDLVPFLLFLVQPLQ,1,156,79,85,False
SDLVPLLLFLLQPGQ,1,156,79,85,False
SDLWPFLLFLQCPQQ,1,20,111,133,False
SDLWPLLLFLQLPLQ,1,156,79,85,False
SDLWPQLLFLQWPAQ,1,20,111,133,False
SDLWPQLLFLWLPWQ,1,2543,2,2,False
SDLWPVLLFLVQPLQ,1,156,79,85,False
SDMESEQVHQESAGA,1,2302,3,3,False
SDMFPYLLFLLQPGQ,1,2552,2,2,True
SDMKPRLAVSDLPDP,1,2553,1,1,True
SDMNPACVSFKFPAQ,1,157,11,15,False
SDMNPCGCLRKGPAQ,1,109,21,26,False
SDMNPFVVGWKIRRR,1,2554,2,2,True
SDMNPKVQEEERAGA,1,26,107,135,False
SDMNPLLLFLTQPNQ,1,2,509,4610,False
SDMNPPGLIRKIPGA,2,514,2,4,True
SDMNPQGRRRKGPAQ,1,18,393,562,False
SDMNPQGRSRKVPAQ,1,18,393,562,False
SDMNPQRRRGKAGAG,1,2555,1,1,True
SDMNPRGGGSKGPAQ,1,109,21,26,False
SDMNPSVSFWKGPAQ,1,2556,2,2,True
SDMNPTGCMRKVPAQ,1,396,15,19,False
SDMNPTGLSRESPGA,2,514,2,4,False
SDMNPWLLFLKQPEQ,3,1,1197,10527,False
SDMNPWLLFLKQPPQ,1,1,1197,10527,False
SDMNPWLLFLMSPLQ,2,9,239,562,False
SDMNPWLLFLRKPQQ,1,7,629,1764,False
SDMNPWLLFLRQPKQ,2,9,239,562,False
SDMNPWLLFLRRPQQ,2,7,629,1764,False
SDMNPYLLFLKKPKQ,1,0,1628,17219,False
SDMNPYLLFLKQPTQ,4,0,1628,17219,False
SDMNPYLLFLRQPEQ,1,2552,2,2,False
SDMNPYLLFLTRPQQ,1,1900,36,36,False
SDMNPYRGWVKVPAQ,1,516,4,5,False
SDMQPLLLFLEFPWQ,1,2557,5,5,True
SDMQPWLLFLMGPRQ,1,175,27,28,False
SDMQSEGEDEQKAGA,1,81,24,32,False
SDMQSEGVGRERAGA,1,1353,3,3,False
SDMQSEGVRVQRAGA,1,550,5,6,False
SDMRPLLLFLARPGF,1,2050,8,8,False
SDMVPLLLFLQWPPQ,1,54,100,139,False
SDMWPKLLFLSDAEA,1,2541,3,3,False
SDMWPLLLFLLLPWQ,1,2557,5,5,False
SDMWPLLLFLQWPAQ,1,54,100,139,False
SDMWPRAAVSVGAGA,1,2558,2,2,True
SDMWPVLLFLQLPLQ,1,53,100,123,False
SDNGPPLLFLQKPSQ,1,753,6,6,False
SDNLPLLLVSDGAGA,1,847,2,2,False
SDNLPNLLFLDNPQQ,1,2559,1,1,True
SDNNPWLLFLLKPKQ,1,0,1628,17219,False
SDNQPWLLFLIKPKQ,1,315,13,15,False
SDPLPFAAVSDRPDA,1,2560,1,1,True
SDPLPLLLFLQWPAQ,2,56,210,255,False
SDPQPQLLFLRMPSQ,1,12,343,758,False
SDPWPLLLF*ACRGR,1,2561,1,1,True
SDQAPWLLFLIGPQQ,1,118,35,41,False
SDQFPQLLFLRIPSQ,1,1817,6,6,False
SDQFPWLLFLTVPAQ,1,459,9,10,False
SDQLPRLLFLSVPGQ,1,68,51,63,False
SDQLPWLLFLVQPAQ,1,242,52,57,False
SDQLPYLLFLYQPVQ,1,663,8,8,False
SDQMPQAAVSEVAGA,2,222,2,4,False
SDQNPMLLFLMRPKQ,1,6,143,456,False
SDQNPPLLSEQPAAG,1,2562,1,1,True
SDQNPWLLFLKLPWQ,1,3,2229,22657,False
SDQNPWLLFLKYPKQ,1,0,1628,17219,False
SDQNPWLLFLRMPNQ,1,274,20,21,False
SDQNPWLLFLRRPAQ,4,3,2229,22657,False
SDQNPYLLFLKKPKQ,1,0,1628,17219,False
SDQPPILLFLWRPKQ,1,486,16,18,False
SDQQPWLLFLFSPRQ,1,175,27,28,False
SDQRPLLLFLLWPAQ,1,68,51,63,False
SDQSPCLLFLGMPRQ,1,2563,1,1,True
SDQWPFLLFLAGPAQ,1,1246,13,13,False
SDQWPFLLFLKQPDQ,1,819,6,6,False
SDQWPLLLFLMRPSQ,1,2396,7,7,False
SDQWPRLLFLYGPLQ,1,2396,7,7,False
SDQWPVLLFLHFPTQ,1,423,16,19,False
SDQWPVLLFLTRPGQ,1,53,100,123,False
SDQWPWLLFLSGPVQ,1,227,22,26,False
SDQWPWLLFLYSPLQ,1,1246,13,13,False
SDRAPLLLFLQWPVQ,1,4,603,1344,False
SDRAPWLLFLRSPQQ,1,7,629,1764,False
SDREPVAAVSDRAGA,1,244,36,38,False
SDRESGEVG*GKCRR,1,2564,1,1,True
SDRESGGEEEQNAGA,1,1251,4,4,False
SDRFPMLLFLSSRTR,1,2565,1,1,True
SDRGPLLLFLKNPRQ,1,2269,3,3,False
SDRGPLLLFLQWPFQ,1,1820,7,7,False
SDRGPWLLFLQWPDQ,1,56,210,255,False
SDRLPLLLFLQWPVQ,1,4,603,1344,False
SDRNPACSGGKCRRR,1,247,30,35,False
SDRNPAEEEEENAGA,1,144,108,123,False
SDRNPDGRGRKGPAQ,1,2404,14,14,False
SDRNPDGRRRKRPAQ,1,10,1116,1855,False
SDRNPEGGRWKGPAQ,1,143,35,40,False
SDRNPEQVEEQKAGA,2,515,5,7,True
SDRNPERQEEERPGA,1,2566,2,2,True
SDRNPGGWIVKRPAQ,1,516,4,5,False
SDRNPGRRSRKSPAQ,1,986,2,2,False
SDRNPKGGEEERAGA,1,26,107,135,False
SDRNPKGGEEQKAGA,1,515,5,7,False
SDRNPKGGRRKSPAQ,1,502,20,21,False
SDRNPKGRMRKRPAQ,1,10,1116,1855,False
SDRNPKGRRGKRPAQ,1,10,1116,1855,False
SDRNPKGRRRKGPAQ,1,10,1116,1855,False
SDRNPKGRWGKRPAQ,1,10,1116,1855,False
SDRNPKGWRGKRPAQ,1,10,1116,1855,False
SDRNPKRGRRKRPAQ,1,10,1116,1855,False
SDRNPKRRRRKGPAQ,1,10,1116,1855,False
SDRNPKRRWVKGPAQ,1,10,1116,1855,False
SDRNPKVRRRKRPAQ,1,10,1116,1855,False
SDRNPNGRRRKGRRR,1,33,19,29,False
SDRNPPGRLEESPGA,1,555,4,5,False
SDRNPQGCRRKRPAQ,1,10,1116,1855,False
SDRNPQGGRRKRPAQ,1,10,1116,1855,False
SDRNPQGRIWKGPAQ,1,2079,8,8,False
SDRNPQGRRRKRPAQ,1,10,1116,1855,False
SDRNPQRRRWKGPAQ,1,10,1116,1855,False
SDRNPRGRGRKRPAQ,1,10,1116,1855,False
SDRNPRGRRGKGPAQ,1,1824,17,17,False
SDRNPRRVLSKRPAQ,1,553,9,10,False
SDRNPTGRRRKRPAQ,2,10,1116,1855,False
SDRNPTRQHQQIPGA,1,2567,1,1,True
SDRNPWLLFLQRPSQ,1,9,239,562,False
SDRNPWLLFLRKPKQ,1,7,629,1764,False
SDRNPWLLFLRQPKQ,4,1,1197,10527,False
SDRNPYLLFLKRPQQ,1,1900,36,36,False
SDRNPYLLFLRHPQQ,1,7,629,1764,False
SDRNPYRSIVKIPAQ,2,516,4,5,True
SDRQPLLLFLRLPWQ,1,1504,13,13,False
SDRQPLLLFLWLPVQ,1,4,603,1344,False
SDRQPMLLFLDRPQQ,1,96,48,56,False
SDRQPMLLFLFLPEQ,1,460,10,12,False
SDRQPRLLFLRVPEQ,1,2546,3,3,False
SDRQPWLLFLVCPLQ,1,518,22,24,False
SDRQPWLLFLYNPMQ,1,424,27,28,False
SDRRPFLLFLRWPQQ,1,1629,4,4,False
SDRRPMLLFLAQPWQ,1,1,1197,10527,False
SDRRPWLLFLMGPRQ,1,468,48,52,False
SDRRPWLLFLSQPVQ,1,24,22,31,False
SDRSPWLLFLRLPQQ,1,7,629,1764,False
SDRTPKLLFSARPGA,1,2568,1,1,True
SDRVPMLLFLQFPWQ,1,1575,6,6,False
SDRWPLLLFLSQPAQ,1,41,88,103,False
SDRWPQLLFLAMPVQ,1,2516,2,2,False
SDRWPQLLFLYLPQQ,1,127,34,42,False
SDRWPRLLFLVWPQQ,2,20,111,133,False
SDRWPWLLFLQWPAQ,1,29,67,92,False
SDRYPQLLFLSYPDQ,1,2569,2,2,True
SDSEPLLLFLSYPIQ,1,2569,2,2,False
SDSESEDEDQERAGA,1,429,4,5,False
SDSIRSWCG*NCRRR,1,215,27,32,False
SDSKPRLLFLLWPRQ,1,517,9,10,False
SDSKSDRVRLESPGA,1,2570,1,1,True
SDSLPGLLFLGHPQQ,1,80,35,40,False
SDSLPLLLFLQWPVQ,3,4,603,1344,False
SDSNPCWRRRKRPAQ,1,2103,6,6,False
SDSNPEGAAAKGRRR,1,146,35,40,False
SDSNPEGRRRKRPAQ,1,18,393,562,False
SDSNPFAGGGKGRRR,1,146,35,40,False
SDSNPGGRRGKRPAQ,1,18,393,562,False
SDSNPIVCRGKSPAQ,1,2517,4,4,False
SDSNPKGRRRKGPAQ,1,18,393,562,False
SDSNPLRVCCKMPAQ,1,2571,1,1,True
SDSNPPFCSGKARRR,1,323,4,5,False
SDSNPPGRRRKGPAQ,1,18,393,562,False
SDSNPQGRRRKMPAQ,1,18,393,562,False
SDSNPSGEEEERAGA,1,144,108,123,False
SDSNPSGRSSKVPAQ,1,2572,2,2,True
SDSNPSWRGGKGRRR,1,719,8,8,False
SDSNPTGRGGKGRRR,1,146,35,40,False
SDSNPVRLHLESPGA,1,159,11,15,False
SDSNPWLLFLRYPQQ,1,7,629,1764,False
SDSNPWLLFLSQPVQ,1,1,1197,10527,False
SDSNPWLLFLWQPGQ,1,1,1197,10527,False
SDSNPWLLFLWQPWQ,1,1,1197,10527,False
SDSNPWLLFLWQPYQ,1,1,1197,10527,False
SDSNR**GGGKGRRR,1,2573,1,1,True
SDSQPKLLFLNMPQQ,1,2444,2,2,False
SDSQPKLLFLRVPNQ,1,1306,5,5,False
SDSQPPLAVSEAAVP,1,2574,1,1,True
SDSQPSLLFLTQPTQ,1,2575,2,2,True
SDSQPTLLFLWFPFQ,1,591,9,11,False
SDSRPFLLFLQWPSQ,2,73,128,146,False
SDSTPSLLFLLAPKQ,1,2575,2,2,False
SDSVAGAAVSVAAGA,1,149,31,38,False
SDSVPWAAVSVVPGA,1,1213,3,3,False
SDSWPMLLFLQWPWQ,1,53,100,123,False
SDSWPRLLFLQWPVQ,1,56,210,255,False
SDSWPVLLFLQLPKQ,2,53,100,123,False
SDSWPVLLFLQLPVQ,1,4,603,1344,False
SDSWPWLLFLQWPEQ,2,29,67,92,False
SDTFPLLLFLQWPGQ,1,1981,4,4,False
SDTGAVAAVSGGAAP,1,2576,2,2,True
SDTIPKLLFLMTPTQ,2,30,7,16,False
SDTKPRLLFLKKPAQ,2,517,9,10,True
SDTKPRLLFLNYPQQ,1,517,9,10,False
SDTNPWLLFLRQPAQ,1,1,1197,10527,False
SDTNPYLLFLKQPKQ,1,0,1628,17219,False
SDTNPYLLFLRKPSQ,1,12,343,758,False
SDTNPYLLFLRNPQQ,2,7,629,1764,False
SDTNPYLLFLRRPPQ,2,12,343,758,False
SDTNPYLLFLRRPQQ,17,7,629,1764,False
SDTNPYLLFLRSPKQ,1,0,1628,17219,False
SDTNPYLLFLSRPVQ,1,1900,36,36,False
SDTQPKLLFLCVPPQ,1,2546,3,3,False
SDTQPWLLFLWQPAQ,1,41,88,103,False
SDTSRSCCFCRCRGR,1,2577,1,1,True
SDVGPAQGSGAETVE,1,1245,4,4,False
SDVGPGLLFLQWPLQ,1,637,44,44,False
SDVIRAWAGSKGRRR,1,2578,1,1,True
SDVLPLLLFLLCPLQ,2,518,22,24,True
SDVNPCGRISKGPAQ,1,2106,6,6,False
SDVNPDWCGVKFPAR,1,2579,1,1,True
SDVNPFLLFLKFPAQ,1,91,121,166,False
SDVNPFLLFLRKPQQ,1,7,629,1764,False
SDVNPFVVGAKCRRR,1,2554,2,2,False
SDVNPGCGWVKGPAQ,1,111,39,45,False
SDVNPGCSIGESPGA,1,2580,2,2,True
SDVNPMVCSSKVPAQ,1,1691,4,4,False
SDVNPNGGDEEKAGA,1,607,8,9,False
SDVNPNVS*GKARRR,1,2581,2,2,True
SDVNPRGWRGKGPAQ,1,1067,10,10,False
SDVNPRRRWGKMPAQ,1,2582,1,1,True
SDVNPSGCSCKSRRR,1,501,7,8,False
SDVNPSGGMGKVPGA,1,2583,1,1,True
SDVNPSGSVLQSAGA,1,617,7,9,False
SDVNPSIWVRKIPAQ,1,1339,5,5,False
SDVNPTGVCRKRPAQ,1,618,5,6,False
SDVNPVGGLVKGRRR,1,2537,2,2,False
SDVNPVLVGVKWPAQ,1,2584,2,2,True
SDVNPVRGRRKGPAQ,1,1234,22,22,False
SDVNPWLLFLAQPRQ,1,1,1197,10527,False
SDVNPWLLFLAQPVQ,1,1,1197,10527,False
SDVNPWLLFLKLPQQ,3,3,2229,22657,False
SDVNPWLLFLKVPYQ,1,2234,7,7,False
SDVNPWLLFLQLPYQ,1,15,198,343,False
SDVNPWLLFLQRPKQ,1,9,239,562,False
SDVNPWLLFLQRPMQ,2,9,239,562,False
SDVNPWLLFLRQPAQ,1,1,1197,10527,False
SDVNPWLLFLVRPQQ,4,7,629,1764,False
SDVNPYLLFLRKPQQ,1,7,629,1764,False
SDVQPLLLFLFRPVQ,1,315,13,15,False
SDVQPLLLFLMMPYQ,1,518,22,24,False
SDVRPGG*GNSRRRV,1,2456,3,3,False
SDVRPLLLFLQWPVQ,1,4,603,1344,False
SDVWPLLLFLQWPLQ,1,518,22,24,False
SDVWPLLLFLQWPVQ,1,4,603,1344,False
SDVWPLLLFLRLPSQ,1,40,66,76,False
SDVWPQLLFLGQPDQ,1,663,8,8,False
SDVWPWLLFLFLPGQ,1,212,27,30,False
SDVWPWLLFLQWPVQ,1,56,210,255,False
SDWAPGLLFLWWPQQ,1,73,128,146,False
SDWGPLLLFLLQPEQ,1,41,88,103,False
SDWGPLLLFLQWPAQ,1,4,603,1344,False
SDWGPYLLFLKKPQQ,1,0,1628,17219,False
SDWKSGVRRQERPGA,1,2585,1,1,True
SDWLPLLLFLLLPVQ,1,4,603,1344,False
SDWLPLLLFLQAPVQ,1,4,603,1344,False
SDWLPLLLFLSQPSQ,1,518,22,24,False
SDWLPSLLFLKKPKQ,1,0,1628,17219,False
SDWMPGLLFLQCPSQ,1,73,128,146,False
SDWMPRLLFLKLPGA,1,639,2,2,False
SDWNPAIGVGKVPAQ,1,250,31,34,False
SDWNPRMGGGKGPAQ,1,2345,3,3,False
SDWNPRVLWMKCPAQ,1,2586,1,1,True
SDWNPWLLFLQRPWQ,2,9,239,562,False
SDWNPWLLFLRQPEQ,1,130,94,113,False
SDWNPWLLFLTAPQQ,1,7,629,1764,False
SDWNPYLLFLKQPKQ,1,0,1628,17219,False
SDWQPLLLFLQFPPQ,1,2557,5,5,False
SDWQPLLLFLQWPAQ,1,4,603,1344,False
SDWQSEEEEEEKAGA,1,277,78,85,False
SDWRPLLLFLQLPVQ,1,4,603,1344,False
SDWRPLLLFLSQPGQ,1,68,51,63,False
SDWWPLLLFLLLPVQ,1,4,603,1344,False
SDWWPLLLFLRQPSQ,1,73,128,146,False
SDWWPLLLFLSIPQQ,1,20,111,133,False
SDWWPMLLFLQSPVQ,1,4,603,1344,False
SDWWPRLLFLQRPGQ,1,53,100,123,False
SDWWPYLLFLTQPNQ,1,2,509,4610,False
SDYIPQLLFLVFPKQ,1,790,4,4,False
SDYNPFLLFLRQPKQ,1,0,1628,17219,False
SDYNPILLFLQWPVQ,1,4,603,1344,False
SDYNPLLLFLQWPVQ,2,4,603,1344,False
SDYNPLLLFLRQPYQ,1,1,1197,10527,False
SDYNPLLLFLRWPQQ,2,54,100,139,False
SDYNPMLLFLVQPVQ,2,1,1197,10527,False
SDYNPWLLFLKKPKQ,1,0,1628,17219,False
SDYNPWLLFLKKPPQ,1,0,1628,17219,False
SDYNPWLLFLKMPYQ,1,0,1628,17219,False
SDYNPWLLFLQFPVQ,1,1,1197,10527,False
SDYNPWLLFLQVPVQ,1,1374,15,15,False
SDYNPWLLFLRLPVQ,1,1,1197,10527,False
SDYNPWLLFLRQPEQ,9,1,1197,10527,False
SDYNPWLLFLRQPNQ,2,1,1197,10527,False
SDYNPWLLFLRTPFQ,1,1,1197,10527,False
SDYNPWLLFLSQPAQ,1,1,1197,10527,False
SDYNPWLLFLSQPFQ,1,1,1197,10527,False
SDYNPWLLFLSQPIQ,1,1,1197,10527,False
SDYNPWLLFLSQPKQ,1,1,1197,10527,False
SDYNPWLLFLSQPMQ,41,1,1197,10527,False
SDYNPWLLFLSQPTQ,1,1,1197,10527,False
SDYNPWLLFLSQPVQ,1,1,1197,10527,False
SDYNPWLLFLVQPPQ,1,1,1197,10527,False
SDYNPWLLFLYRPQQ,1,1,1197,10527,False
SDYNPYLLFLKKPKQ,2,0,1628,17219,False
SDYNPYLLFLKKPQQ,1,0,1628,17219,False
SDYNPYLLFLMMPQQ,1,0,1628,17219,False
SDYNPYLLFLQRPMQ,3,0,1628,17219,False
SDYNPYLLFLQYPIQ,1,2196,13,13,False
SDYNPYLLFLRIPKQ,1,0,1628,17219,False
SDYNPYLLFLRKPQQ,4,0,1628,17219,False
SDYNPYLLFLRKPSQ,1,0,1628,17219,False
SDYNPYLLFLRQPKQ,19,0,1628,17219,False
SDYNPYLLFLRQPNQ,1,2,509,4610,False
SDYNPYLLFLRQPQQ,1,0,1628,17219,False
SDYNPYLLFLRQPTQ,2,0,1628,17219,False
SDYNPYLLFLTQPNQ,2,2,509,4610,False
SDYNPYLLFLTRPQQ,2,6,143,456,False
SDYNPYLLFLWQPNQ,5,2,509,4610,False
SDYNPYLLFLYKPQQ,1,0,1628,17219,False
SDYNPYLLFLYNPSQ,1,0,1628,17219,False
SDYQPKLLFLPIPQQ,1,2587,1,1,True
SDYRPGCCFCGARSR,1,2588,1,1,True
SDYTPQLLFLTSPSQ,1,2589,1,1,True
SD_QAAAAVSDPAGA,3,150,2,4,True
SEEDEEEKAGAGFWR,1,2590,1,1,True
SESIRSS*CGNCRRR,1,1023,3,3,False
SGCESARLRGESPGA,1,825,4,4,False
SGCESEQDDEERAGA,1,2591,2,2,True
SGCPAEAAVSEQAGA,1,2592,2,2,True
SGCQSGEVDQEMPGA,1,2593,1,1,True
SGFGAVAAVSVRAVA,1,332,7,9,False
SGFQSGQRHGESPGA,1,793,4,4,False
SGLESEEEEEEKAGA,1,277,78,85,False
SGLLPVPAVSGLAGA,1,874,4,4,False
SGMGIRGGGG*KARR,1,298,9,10,False
SGQESAGVGGGKGRR,1,2594,1,1,True
SGQESEEGQLERAGA,1,203,3,4,False
SGQESEGEEEQMAGA,1,99,134,161,False
SGQESEGEEEQRAGA,1,99,134,161,False
SGQESEGEEVERAGA,3,99,134,161,False
SGQESEGGEEEKAGA,1,99,134,161,False
SGQESGQHDEESPGA,1,2595,1,1,True
SGQQSVREEQEMPGA,1,2596,1,1,True
SGRNPYLLFLRHPQQ,1,2597,3,3,True
SGSGAGAAVSEHPDA,1,2598,2,2,True
SGSPPEAAVSGVAGA,1,2592,2,2,False
SGWESEGEEEERAGA,1,99,134,161,False
SGWQSAGEEEEKAGA,1,2599,2,2,True
SGWQSGLDDRENPGA,1,2600,1,1,True
SGYDAVAAVSGVAGA,1,13,36,58,False
SGYESDEQHQQSAGA,1,2033,2,2,False
SGYESEEEEEERAGA,1,99,134,161,False
SGYESGQQDQENAGA,1,885,3,3,False
SGYESGVEGQESPGA,1,2601,2,2,True
SGYESVGGGEERAGA,1,307,9,10,False
SGYQSARLHLQMPGA,1,623,2,3,False
SGYQSGRRRRESPGA,1,1581,3,3,False
SG_RADAAVSDEPEP,1,888,4,4,False
SI*IRPAGA*KCRRR,2,392,7,9,False
SIAIRPASSANSRRR,1,2602,3,3,True
SIGIRTGASAKARRR,3,151,5,7,True
SIRSACC*NCRRRVL,2,519,1,2,True
SISIRAASSGNARRR,1,1949,7,7,False
SISIRCGCSGNSRRR,1,2603,2,2,True
SISIRPASSSNSRRR,1,2602,3,3,False
SMAIRACWLQSPGAG,1,2604,1,1,True
SMNPAWSGWKGPAQF,1,2605,1,1,True
SMSIRACSGGNSRRR,1,2606,1,1,True
SMSIRGGGG*NCRRR,2,520,5,6,True
SMSIRWACCSNCRRR,1,628,25,26,False
SNRNPQWGRRKIPAQ,1,2607,1,1,True
SQQSDEEEQERAGAG,2,521,1,2,True
SRCESGQGLVESPGA,1,2608,1,1,True
SRWQAEAAVSEQPDP,1,579,5,6,False
SVQSAEQHRERPGAG,1,2609,1,1,True
SYESAVDVVQMPGAG,1,2610,1,1,True
TDAKPNCCF*PSRSR,1,2611,1,1,True
TDANPWLLFLKQPLQ,1,1,1197,10527,False
TDANPWLLFLRMPQQ,1,7,629,1764,False
TDCTPKLLFLMVPEQ,1,524,8,9,False
TDDKPNLLFLRGPKQ,1,328,19,21,False
TDDNPSLLFLQDPIQ,1,86,30,39,False
TDEDPNLLFLFKPKQ,1,2612,2,2,True
TDELPLLLFLQWPRQ,1,221,41,45,False
TDFEPFLLFLRQPTQ,1,86,30,39,False
TDFKPWLLFLSTPQQ,1,137,39,48,False
TDFKPWLLFLYQPSQ,1,137,39,48,False
TDFNPFLLFLQFPPQ,4,86,30,39,True
TDFNPILLFLRRPIQ,1,12,343,758,False
TDFNPLLLFLRIPQQ,2,7,629,1764,False
TDFNPLLLFLRQPLQ,1,12,343,758,False
TDFNPLLLFLRQPQQ,1,7,629,1764,False
TDFNPLLLFLRVPQQ,1,7,629,1764,False
TDFNPMLLFLNNPNQ,1,86,30,39,False
TDFNPRLLFLLLPTQ,1,3,2229,22657,False
TDFNPWLLFLAQPWQ,2,1,1197,10527,False
TDFNPWLLFLHQPLQ,4,1,1197,10527,False
TDFNPWLLFLKKPKQ,1,0,1628,17219,False
TDFNPWLLFLKMPYQ,1,3,2229,22657,False
TDFNPWLLFLLKPKQ,1,0,1628,17219,False
TDFNPWLLFLLQPKQ,1,1,1197,10527,False
TDFNPWLLFLQLPVQ,1,3,2229,22657,False
TDFNPWLLFLQQPRQ,18,1,1197,10527,False
TDFNPWLLFLQQPSQ,1,86,30,39,False
TDFNPWLLFLQVPVQ,1,86,30,39,False
TDFNPWLLFLQWPWQ,1,86,30,39,False
TDFNPWLLFLQYPNQ,1,86,30,39,False
TDFNPWLLFLRKPKQ,1,7,629,1764,False
TDFNPWLLFLRKPSQ,2,7,629,1764,False
TDFNPWLLFLRMPNQ,1,12,343,758,False
TDFNPWLLFLRRPHQ,1,3,2229,22657,False
TDFNPWLLFLRSPIQ,1,3,2229,22657,False
TDFNPWLLFLRTPQQ,58,7,629,1764,False
TDFNPWLLFLRVPKQ,1,3,2229,22657,False
TDFNPWLLFLRYPQQ,2,7,629,1764,False
TDFNPWLLFLTQPNQ,1,2,509,4610,False
TDFNPWLLFLTRPQQ,1,3,2229,22657,False
TDFNPWLLFLVQPKQ,1,1,1197,10527,False
TDFNPWLLFLVQPSQ,2,1,1197,10527,False
TDFNPWLLFLVRPGQ,1,3,2229,22657,False
TDFNPYLLFLAQPKQ,1,0,1628,17219,False
TDFNPYLLFLAQPNQ,1,2,509,4610,False
TDFNPYLLFLAQPWQ,1,1,1197,10527,False
TDFNPYLLFLKKPKQ,1,0,1628,17219,False
TDFNPYLLFLKKPQQ,19,0,1628,17219,False
TDFNPYLLFLKQPKQ,1,0,1628,17219,False
TDFNPYLLFLLQPRQ,1,1522,14,14,False
TDFNPYLLFLMQPQQ,1,813,9,9,False
TDFNPYLLFLNRPMQ,1,12,343,758,False
TDFNPYLLFLRKPKQ,1,0,1628,17219,False
TDFNPYLLFLRKPSQ,1,12,343,758,False
TDFNPYLLFLRNPKQ,1,12,343,758,False
TDFNPYLLFLRNPQQ,1,12,343,758,False
TDFNPYLLFLRRPNQ,1,12,343,758,False
TDFQPQLLFLVLPAQ,1,3,2229,22657,False
TDFVPWLLFLKLPQQ,1,3,2229,22657,False
TDGCPELLFLV*PLQ,1,2613,2,2,True
TDGCPGLFWCCRGRV,1,2614,1,1,True
TDGCPMLLFLSWPWQ,1,2613,2,2,False
TDGFPRLLFLLWPQQ,1,454,16,18,False
TDGGAGAAVSGGPGA,1,1346,7,7,False
TDGKPVLLFLSQPKQ,1,328,19,21,False
TDGLPLLLFLQWPSQ,1,221,41,45,False
TDGQPWLLFLLAPEQ,2,522,12,14,True
TDGTPGLLFLTLPLQ,1,523,7,8,False
TDGTPLLLFLQWPRQ,1,221,41,45,False
TDGWPGLLFLQWPPQ,1,73,128,146,False
TDGWPLLLFLQFPGQ,1,31,119,142,False
TDHHPRLLFLRRPQQ,1,421,9,12,False
TDHNPWLLFLRQPWQ,7,1,1197,10527,False
TDHNPYLLFLRQPSQ,2,12,343,758,False
TDHQPNLLFRSSRTR,1,2615,1,1,True
TDIHPWLLFLLQPNQ,1,2,509,4610,False
TDINPFLLFLSFPQQ,1,86,30,39,False
TDINPLLLFLWQPLQ,1,2,509,4610,False
TDINPRLLFLFVPGQ,1,647,10,10,False
TDINPWLLFLFWPQQ,1,7,629,1764,False
TDINPWLLFLIRPQQ,18,7,629,1764,False
TDINPWLLFLKMPQQ,3,3,2229,22657,False
TDINPWLLFLKRPTQ,1,23,142,268,False
TDINPWLLFLLQPNQ,2,2,509,4610,False
TDINPWLLFLQLPGQ,1,3,2229,22657,False
TDINPWLLFLQMPVQ,1,4,603,1344,False
TDINPWLLFLRIPQQ,1,7,629,1764,False
TDINPWLLFLRKPQQ,1,7,629,1764,False
TDINPWLLFLRKPSQ,1,7,629,1764,False
TDINPWLLFLRLPQQ,2,7,629,1764,False
TDINPWLLFLRLPSQ,1,2260,14,14,False
TDINPWLLFLRMPNQ,1,2,509,4610,False
TDINPWLLFLRQPFQ,1,1,1197,10527,False
TDINPWLLFLRQPKQ,8,1,1197,10527,False
TDINPWLLFLRQPPQ,1,1,1197,10527,False
TDINPWLLFLRTPQQ,10,7,629,1764,False
TDINPWLLFLRTPYQ,1,7,629,1764,False
TDINPWLLFLRVPMQ,1,7,629,1764,False
TDINPWLLFLRVPRQ,2,7,629,1764,False
TDINPWLLFLSQPRQ,1,1,1197,10527,False
TDINPWLLFLTQPVQ,1,2,509,4610,False
TDINPWLLFLTQPWQ,6,1,1197,10527,False
TDINPWLLFLYQPTQ,3,23,142,268,False
TDINPYLLFLINPQQ,1,2,509,4610,False
TDINPYLLFLKKPKQ,1,0,1628,17219,False
TDINPYLLFLKSPQQ,1,0,1628,17219,False
TDINPYLLFLLKPQQ,6,0,1628,17219,False
TDINPYLLFLQYPIQ,1,2196,13,13,False
TDINPYLLFLRQPPQ,1,2,509,4610,False
TDINPYLLFLRQPRQ,1,2,509,4610,False
TDINPYLLFLRRPYQ,1,2,509,4610,False
TDINPYLLFLRTPQQ,1,2,509,4610,False
TDISPWLLFLYQPLQ,1,410,12,13,False
TDKHPPCCFWRSRGR,1,2616,1,1,True
TDKQPEAAVSELAVP,1,480,2,3,False
TDKQPFLLFLLLPEQ,1,522,12,14,False
TDKQPMLLFLRRPEQ,1,2209,5,5,False
TDKTPEAAVSVAAGA,1,2128,2,2,False
TDLFPPLLF*SGRSR,1,87,3,6,False
TDLGPLLLFLQWPWQ,1,312,10,12,False
TDLLPQLLFLIAPQQ,1,96,48,56,False
TDLNPFLLFLIKPQQ,1,7,629,1764,False
TDLNPLLLFLHQPWQ,1,1,1197,10527,False
TDLNPLLLFLRQPWQ,2,1,1197,10527,False
TDLNPWLLFLKGPQQ,1,3,2229,22657,False
TDLNPWLLFLNLPQQ,1,3,2229,22657,False
TDLNPWLLFLQQPKQ,2,9,239,562,False
TDLNPWLLFLQVPAQ,1,14,52,95,False
TDLNPWLLFLRGPIQ,1,7,629,1764,False
TDLNPWLLFLRQPGQ,2,1,1197,10527,False
TDLNPWLLFLRTPQQ,2,7,629,1764,False
TDLNPWLLFLVSPQQ,1,7,629,1764,False
TDLNPWLLFLVTPQQ,1,7,629,1764,False
TDLNPYLLFLMMPQQ,1,12,343,758,False
TDLNPYLLFLRKPQQ,2,7,629,1764,False
TDLNPYLLFLRSPKQ,1,0,1628,17219,False
TDLNPYLLFLTQPNQ,1,2,509,4610,False
TDLPPGLLFLRAPQQ,1,40,66,76,False
TDLPPRLLFLVLPGA,1,2617,1,1,True
TDLQPWLLFLKSPQQ,1,175,27,28,False
TDLRPGLLFLSEPQQ,1,20,111,133,False
TDLRPVLLFLEWPGP,1,2286,3,3,False
TDMNPLLLFLKVPQQ,1,54,100,139,False
TDMNPWLLFLAKPQQ,1,7,629,1764,False
TDMNPWLLFLIQPMQ,1,1,1197,10527,False
TDMNPWLLFLLQPRQ,4,1,1197,10527,False
TDMNPWLLFLLRPQQ,1,9,239,562,False
TDMNPWLLFLQRPKQ,1,9,239,562,False
TDMNPWLLFLRGPQQ,1,7,629,1764,False
TDMNPWLLFLRHPKQ,2,9,239,562,False
TDMNPWLLFLRMPSQ,1,12,343,758,False
TDMNPWLLFLRQPSQ,1,1,1197,10527,False
TDMNPWLLFLRRPRQ,2,9,239,562,False
TDMNPWLLFLSLPQQ,1,3,2229,22657,False
TDMNPWLLFLSQPRQ,2,1,1197,10527,False
TDMNPWLLFLTRPRQ,1,6,143,456,False
TDMNPYLLFLKQPKQ,30,0,1628,17219,False
TDMNPYLLFLKQPNQ,2,2,509,4610,False
TDMNPYLLFLNQPKQ,2,0,1628,17219,False
TDMNPYLLFLRDPKQ,1,1531,22,22,False
TDMNPYLLFLRKPQQ,3,7,629,1764,False
TDMNPYLLFLRLPQQ,1,7,629,1764,False
TDMNPYLLFLRNPKQ,3,0,1628,17219,False
TDMNPYLLFLRQPSQ,1,12,343,758,False
TDMRPILLFLIGPQQ,1,118,35,41,False
TDMRPQLLFLWLPVQ,1,127,34,42,False
TDMSPELLFLKTRPR,1,2618,1,1,True
TDNDPALLFLREPYQ,1,2619,2,2,True
TDNHPELLFLTNPKQ,1,2203,8,8,False
TDNNPSEQPEAGFWR,1,2620,1,1,True
TDNNPWLLFLTRPQQ,1,6,143,456,False
TDNNPYLLFLKHPKQ,1,0,1628,17219,False
TDNNPYLLFLKQPRQ,2,0,1628,17219,False
TDNQPKLLFLIQPKQ,1,315,13,15,False
TDPGPWLLFLQWPLQ,1,56,210,255,False
TDPHPRLLFLSTPEQ,1,2396,7,7,False
TDPQPWLLFLRIPWQ,1,56,210,255,False
TDPSPDLLFLNSAGA,1,2621,1,1,True
TDQAPNLLFLKKPKQ,1,2612,2,2,False
TDQLPMLLFLGTPQQ,1,199,16,17,False
TDQLPMLLFLTLPWQ,1,523,7,8,False
TDQNPRLLFLQSPNQ,1,86,30,39,False
TDQNPYLLFLQYPIQ,1,2196,13,13,False
TDQQPGLLFLGRPSQ,1,523,7,8,False
TDQRPGLLFLGLPKQ,2,523,7,8,True
TDQRPVLLFLRQPKQ,1,523,7,8,False
TDQRPWLLFLAKPLQ,2,468,48,52,False
TDQWPELLFLLSPPQ,1,862,5,5,False
TDQWPYLLFLVGPKQ,1,423,16,19,False
TDRGPKLLFLMGPGQ,2,524,8,9,True
TDRMPFLLFLQFPHQ,1,86,30,39,False
TDRNPWLLFLRKPKQ,1,7,629,1764,False
TDRNPYLLFLRNPQQ,1,2597,3,3,False
TDRQPLLLFLYRPGQ,1,495,19,20,False
TDRQPQLLFLQSPVQ,1,56,210,255,False
TDRQPSLLFLMYPQQ,1,284,25,28,False
TDRQPTPAVSEGPEP,1,2622,1,1,True
TDRQPWLLFLFSPVQ,1,461,20,22,False
TDRRPLLLFLQWPGQ,1,68,51,63,False
TDRVPWLLFLQFPLQ,1,86,30,39,False
TDRVPWLLFLVQPRQ,1,130,94,113,False
TDSDPKLLVSDEAGP,1,2623,1,1,True
TDSDPMLLFLINPQQ,1,2624,2,2,True
TDSDPRLLFLSEPDQ,1,2619,2,2,False
TDSGPGLLVSDGPVA,1,2625,1,1,True
TDSNPWLLFLMEPQQ,1,7,629,1764,False
TDSNPWLLFLRQPKQ,1,1,1197,10527,False
TDSNPWLLFLRQPSQ,1,1,1197,10527,False
TDSNPWLLFLVKPRQ,1,7,629,1764,False
TDSQPLRCF*AARSR,1,649,3,3,False
TDSRPQLLFLSHPQQ,1,640,16,16,False
TDSRPQLLFLWQPEQ,1,1081,14,14,False
TDSRPRLLFLIIPPQ,1,458,21,22,False
TDSTPRLLFLAVPGA,1,478,3,4,False
TDSWPDLLFLIQPKQ,1,1307,5,5,False
TDTAPMLLFLRRPGR,1,2626,1,1,True
TDTKPQLLF*SARRR,1,2627,1,1,True
TDTNPWLLFLRQPTQ,1,1,1197,10527,False
TDTNPWLLFLRQPWQ,1,1,1197,10527,False
TDTQPSLLFLRQPGQ,1,940,4,4,False
TDTWPLLLFLQWPVQ,1,4,603,1344,False
TDTWPLLLFLSAPQQ,1,20,111,133,False
TDTWPRLLFLMLPQQ,1,40,66,76,False
TDVGPWLLFLQLPVQ,1,4,603,1344,False
TDVKPFLLFLYQPGQ,1,663,8,8,False
TDVLPDLLF*GGRSR,4,87,3,6,True
TDVNPWLLFLRKPGQ,1,7,629,1764,False
TDVNPWLLFLRQPIQ,10,1,1197,10527,False
TDVNPWLLFLRQPNQ,1,1573,36,36,False
TDVNPYLLFLINPWQ,1,15,198,343,False
TDVNPYLLFLKQPKQ,1,0,1628,17219,False
TDVNPYLLFLQRPAQ,1,15,198,343,False
TDVNPYLLFLRQPKQ,7,0,1628,17219,False
TDVQPLLLFLFAPQQ,2,522,12,14,False
TDVRPPLLFLNAPQQ,1,1310,7,7,False
TDVRPQLLFLMRPQQ,1,2199,8,8,False
TDVSPTLLFLWYPQQ,1,2628,1,1,True
TDVVPQLLFLVQPLQ,1,156,79,85,False
TDVWPQLLFLLQPMQ,1,663,8,8,False
TDVWPVLLFLLFPIQ,1,2278,5,5,False
TDWCPQLLFLVLPQQ,1,1631,3,3,False
TDWEPGPAVSGGAGA,1,2629,2,2,True
TDWFPSLLFLRQPRQ,1,130,94,113,False
TDWGPFLLFLQWPTQ,1,73,128,146,False
TDWGPLLLFLQLPVQ,1,4,603,1344,False
TDWGPLLLFLQYPTQ,1,4,603,1344,False
TDWNPFLLFLRQPTQ,2,86,30,39,False
TDWNPLLLFLQLPVQ,1,4,603,1344,False
TDWNPLLLFLRMPQQ,1,4,603,1344,False
TDWNPLLLFLRQPLQ,2,4,603,1344,False
TDWNPLLLFLRQPVQ,3,4,603,1344,False
TDWNPLLLFLRTPFQ,2,4,603,1344,False
TDWNPMLLFLRVPVQ,1,4,603,1344,False
TDWNPWLLFLKKPKQ,3,0,1628,17219,False
TDWNPWLLFLKQPGQ,1,2120,12,12,False
TDWNPWLLFLKVPLQ,1,1352,11,11,False
TDWNPWLLFLKWPQQ,1,3,2229,22657,False
TDWNPWLLFLNRPQQ,1,1900,36,36,False
TDWNPWLLFLQLPGQ,1,4,603,1344,False
TDWNPWLLFLQLPTQ,1,4,603,1344,False
TDWNPWLLFLQLPVQ,1,4,603,1344,False
TDWNPWLLFLQWPTQ,1,4,603,1344,False
TDWNPWLLFLRKPQQ,1,7,629,1764,False
TDWNPWLLFLRMPKQ,2,7,629,1764,False
TDWNPWLLFLRMPNQ,1,7,629,1764,False
TDWNPWLLFLRQPAQ,2,130,94,113,False
TDWNPWLLFLRQPKQ,89,1,1197,10527,False
TDWNPWLLFLRQPNQ,3,130,94,113,False
TDWNPWLLFLRQPSQ,1,130,94,113,False
TDWNPWLLFLRQPTQ,1,130,94,113,False
TDWNPWLLFLRRPSQ,1,7,629,1764,False
TDWNPWLLFLRSPKQ,1,7,629,1764,False
TDWNPWLLFLRTPFQ,1,7,629,1764,False
TDWNPWLLFLRTPQQ,2,7,629,1764,False
TDWNPWLLFLSLPQH,1,2630,3,3,True
TDWNPWLLFLSQPVQ,2,130,94,113,False
TDWNPWLLFLTQPNQ,2,2,509,4610,False
TDWNPWLLFLTVPAQ,2,3,2229,22657,False
TDWNPWLLFLVDPAQ,1,3,2229,22657,False
TDWNPWLLFLVQPDQ,1,1,1197,10527,False
TDWNPWLLFLVQPGQ,1,1,1197,10527,False
TDWNPWPLFLRQPKQ,1,130,94,113,False
TDWNPYLLFLKIPSQ,1,0,1628,17219,False
TDWNPYLLFLKQPEQ,1,0,1628,17219,False
TDWNPYLLFLQLPRQ,1,4,603,1344,False
TDWNPYLLFLWKPKQ,1,0,1628,17219,False
TDWQPILLFLKKPKQ,1,0,1628,17219,False
TDWRAAAAVSEVAEA,1,545,5,6,False
TDWRPWLLFLRQPGQ,2,130,94,113,False
TDWTPNLLFLIVPQQ,1,2624,2,2,False
TDWWPALLFLPSPQQ,1,20,111,133,False
TDWWPQLLFLRSPRQ,1,567,14,15,False
TDYNP*LLFLRQPYQ,1,1,1197,10527,False
TDYNPFLLFLRIPSQ,1,12,343,758,False
TDYNPFLLFLSQPKQ,1,0,1628,17219,False
TDYNPLLLFLRKPKQ,2,0,1628,17219,False
TDYNPLLLFLRMPQQ,3,7,629,1764,False
TDYNPLLLFLVRPQQ,1,6,143,456,False
TDYNPMLLFLKKPKQ,1,0,1628,17219,False
TDYNPMLLFLKRPQQ,2,6,143,456,False
TDYNPMLLFLLKPKQ,1,0,1628,17219,False
TDYNPMLLFLRQPGQ,1,1,1197,10527,False
TDYNPMLLFLRQPRQ,22,6,143,456,False
TDYNPMLLFLRQPSQ,2,1,1197,10527,False
TDYNPMLLFLRQPTQ,1,1,1197,10527,False
TDYNPMLLFLSQPVQ,3,1,1197,10527,False
TDYNPMLLFLTRPRQ,1,6,143,456,False
TDYNPMLLFLWQPGQ,1,1,1197,10527,False
TDYNPWLLFLAQPNQ,1,1,1197,10527,False
TDYNPWLLFLAQPQQ,4,1,1197,10527,False
TDYNPWLLFLAQPWQ,1,1,1197,10527,False
TDYNPWLLFLHSPSQ,1,1,1197,10527,False
TDYNPWLLFLKMPQQ,9,0,1628,17219,False
TDYNPWLLFLKQPAQ,1,1,1197,10527,False
TDYNPWLLFLKQPEQ,71,1,1197,10527,False
TDYNPWLLFLKSPQQ,2,0,1628,17219,False
TDYNPWLLFLQHPDQ,8,1,1197,10527,False
TDYNPWLLFLQRPLQ,1,9,239,562,False
TDYNPWLLFLQRPQQ,1,9,239,562,False
TDYNPWLLFLRKPNQ,1,7,629,1764,False
TDYNPWLLFLRKPQQ,9,7,629,1764,False
TDYNPWLLFLRKPTQ,1,7,629,1764,False
TDYNPWLLFLRMPPQ,1,1,1197,10527,False
TDYNPWLLFLRQPTQ,1,1,1197,10527,False
TDYNPWLLFLSQPVQ,2,1,1197,10527,False
TDYNPWLLFLSVPQQ,1,2630,3,3,False
TDYNPWLLFLTQPKQ,19,1,1197,10527,False
TDYNPWLLFLTQPNQ,1,1,1197,10527,False
TDYNPWLLFLTQPRQ,1,1,1197,10527,False
TDYNPYLLFLAQPGQ,6,1,1197,10527,False
TDYNPYLLFLIKPQQ,1,0,1628,17219,False
TDYNPYLLFLIQPKQ,3,0,1628,17219,False
TDYNPYLLFLISPQQ,1,0,1628,17219,False
TDYNPYLLFLKKPQQ,3,0,1628,17219,False
TDYNPYLLFLKQPKQ,2,0,1628,17219,False
TDYNPYLLFLKQPNQ,3,0,1628,17219,False
TDYNPYLLFLMQPSQ,2,0,1628,17219,False
TDYNPYLLFLMQPYQ,1,0,1628,17219,False
TDYNPYLLFLMTPPQ,1,0,1628,17219,False
TDYNPYLLFLPRPRQ,1,6,143,456,False
TDYNPYLLFLQLPVQ,1,4,603,1344,False
TDYNPYLLFLRKPQQ,1,0,1628,17219,False
TDYNPYLLFLRNPKQ,1,0,1628,17219,False
TDYNPYLLFLRQPAQ,1,0,1628,17219,False
TDYNPYLLFLRRPKQ,2,0,1628,17219,False
TDYNPYLLFLRSPRQ,1,1578,8,8,False
TDYNPYLLFLRVPSQ,1,12,343,758,False
TDYNPYLLFLSKPQQ,1,0,1628,17219,False
TDYNPYLLFLSMPQQ,1,0,1628,17219,False
TDYNPYLLFLSNPQQ,1,0,1628,17219,False
TDYNPYLLFLSQPKQ,36,0,1628,17219,False
TDYNPYLLFLSQPNQ,15,2,509,4610,False
TDYNPYLLFLSRPKQ,2,0,1628,17219,False
TDYNPYLLFLSSPQQ,1,0,1628,17219,False
TDYNPYLLFLTNPQQ,1,0,1628,17219,False
TDYNPYLLFLTQPNQ,1,2,509,4610,False
TDYNPYLLFLWQPKQ,8,0,1628,17219,False
TDYQPWLLFLSKPRQ,1,175,27,28,False
TGFVPVAAVSEAPVA,1,2631,1,1,True
TGSRAVAAVSVRAVA,1,332,7,9,False
TGWVAGAAVSVVAGA,1,21,32,45,False
TIGGRCCCFCSSRSR,1,2632,2,2,True
TISSRSCCF*SSRSR,1,525,4,5,False
TITARTCCF*GSRSR,2,525,4,5,True
TNFNPWLLFLRTPQQ,1,7,629,1764,False
VD*GPMLLFLLWPLQ,1,567,14,15,False
VD*IR*ACGSNGRRR,1,2633,1,1,True
VD*IRCWGW*KGRRR,1,2634,4,4,True
VD*IRPGAWGKGRRR,1,530,8,9,False
VD*IRSWWGGNCRRR,1,2635,1,1,True
VDAGPSLLFLLQPLQ,1,156,79,85,False
VDAGPVAAVSAAAGA,1,244,36,38,False
VDAIRRGGGANSRRR,1,308,8,9,False
VDALPGPAVSVAAGA,1,2636,1,1,True
VDANPWLLFLARPQQ,7,1,1197,10527,False
VDANPWLLFLQWPAQ,1,1,1197,10527,False
VDANPWLLFLQWPGQ,1,546,32,37,False
VDANPWLLFLQWPVQ,3,4,603,1344,False
VDANPWLLFLSIPPQ,1,1,1197,10527,False
VDANPWLLFLSQPVQ,2,1,1197,10527,False
VDANPWLLFLVQPWQ,1,1,1197,10527,False
VDANPWLLFLVSPQQ,2,7,629,1764,False
VDANPYLLFLWRPKQ,1,0,1628,17219,False
VDAQPWLLFLVLPPQ,1,2637,8,8,True
VDARPQLLFLWKPKQ,1,2638,3,3,True
VDAVPLLLFLQWPVQ,1,4,603,1344,False
VDAVPWLLFLLGPQQ,1,7,629,1764,False
VDAWPLLLFLQLPVQ,2,4,603,1344,False
VDAWPVLLFLQWPGQ,1,53,100,123,False
VDCCPWLLFLQWPVQ,1,56,210,255,False
VDCCRCCCFCGGRCR,1,354,17,20,False
VDCESAEEEEERAGA,1,277,78,85,False
VDCESEEQGEQRAGA,1,2639,1,1,True
VDCESGGGVVESAGA,1,550,5,6,False
VDCESVVVDGESPGA,1,1643,6,6,False
VDCGPCLLFLFVPQQ,1,2239,9,9,False
VDCKSGVRHVQIPGA,1,908,4,4,False
VDCKSVVRVGESAGA,1,2640,2,2,True
VDCLPWLCFCSGRRR,1,2641,1,1,True
VDCNPAHQDQEIPGA,1,2642,2,2,True
VDCNPAISGVKGPAQ,1,2643,1,1,True
VDCNPCGLVVEIAGA,1,543,3,4,False
VDCNPCLFLFKCRRR,1,1059,3,3,False
VDCNPCSC*NCRRRV,1,2644,2,2,True
VDCNPCVVMWKLPAQ,1,585,3,4,False
VDCNPFMLVFKLPAR,1,2127,2,2,False
VDCNPFMVVW_LPAQ,1,2645,1,1,True
VDCNPGSGCCKWPAQ,1,2646,2,2,True
VDCNPGVWGVEIAGA,1,64,33,38,False
VDCNPIVRRRKGPAQ,1,2517,4,4,False
VDCNPLGSS*KARRR,1,337,4,5,False
VDCNPLGVLLQMPGA,1,2647,2,2,True
VDCNPLLLLIESAGA,1,568,6,7,False
VDCNPLLVVLKFPAQ,5,19,348,758,False
VDCNPLVVVLKLPGA,1,1179,3,3,False
VDCNPLVWVVKVPAQ,2,250,31,34,False
VDCNPPSWQGESPGA,1,1718,5,5,False
VDCNPQCLVLKFPAQ,1,1066,5,5,False
VDCNPQMGIGKSPAQ,1,153,12,14,False
VDCNPQWLGVEIAGA,1,64,33,38,False
VDCNPRGVVMAGAGF,1,2648,1,1,True
VDCNPRMGVVKGAGA,1,2649,1,1,True
VDCNPSISVGKVPRR,1,2650,1,1,True
VDCNPSWFLVNCRRR,1,2651,1,1,True
VDCNPVCCVRKFPAQ,1,2030,4,4,False
VDCNPVCFVCKLPAQ,1,527,17,18,False
VDCNPVFGMVKIPAA,1,2652,2,2,True
VDCNPVFVLSKVPAQ,1,181,23,25,False
VDCNPVGVWGKVPAQ,1,2536,2,2,False
VDCNPVLCGGKVPAQ,1,1894,10,10,False
VDCNPVLLLLENAGA,1,902,4,4,False
VDCNPVLVVLKFPAQ,1,155,109,133,False
VDCNPVVGVGEKPGA,1,2653,2,2,True
VDCNPVVGVVEMAGA,1,64,33,38,False
VDCNPVVLMSKGPRR,2,526,2,3,True
VDCNPVWGHVERPGA,1,2653,2,2,False
VDCNPVWVVWKVPGA,1,2654,2,2,True
VDCNPWVCCVKVPAQ,1,2655,3,3,True
VDCNPYVCFRKGAGA,1,2656,1,1,True
VDCNRGCC**KCRRR,1,2657,2,2,True
VDCQSERVRVQSAGA,1,550,5,6,False
VDCVPGLLFLGGPGA,1,2658,4,4,True
VDDGPVLLFLVGAGP,1,2400,2,2,False
VDDVPLLLFLQWPPQ,1,4,603,1344,False
VDDWPGLLFLFVPAQ,1,1597,5,5,False
VDDYPGAAVSAQPDA,1,2659,1,1,True
VDEEPSLLF*RPRSR,1,657,2,2,False
VDEGIRRAGGGKGRR,1,2660,1,1,True
VDEGPLLLFLQWPLQ,1,637,44,44,False
VDEQPLLLFLSRPKQ,1,315,13,15,False
VDEQPWLLFLVSPRQ,1,2637,8,8,False
VDERPRLLFLRWPQQ,1,1629,4,4,False
VDESVVVGVEIAGAG,1,2661,1,1,True
VDEWPLLLFLQWPQQ,1,4,603,1344,False
VDEWPVLLFLLQPMQ,1,156,79,85,False
VDFESDVGHVERPGA,1,2662,1,1,True
VDFESVGVGVEIAGA,1,167,83,87,False
VDFGPFLLFLYQPPQ,1,86,30,39,False
VDFGPQLLFLGLPLQ,1,453,36,38,False
VDFGPVLLFLQWPLQ,1,637,44,44,False
VDFIRSSSA*KSRRR,1,1454,2,2,False
VDFKPWLLFLQWPEQ,1,56,210,255,False
VDFKSGQLGLQSPGA,1,907,3,3,False
VDFLPLLLFLMLPGA,1,1666,7,7,False
VDFLPVLLFLQVPGR,1,1881,3,3,False
VDFLPWLLFLHLPQQ,1,3,2229,22657,False
VDFLPWLLFLQLPVQ,1,4,603,1344,False
VDFMPWLLFLQVPVQ,1,4,603,1344,False
VDFNLFLLFLKLPAQ,1,3,2229,22657,False
VDFNP*LLFLRQPYQ,2,1,1197,10527,False
VDFNPACLLRKFPAQ,2,157,11,15,False
VDFNPACVVRKSGAG,1,1700,2,2,False
VDFNPAGGVSKGPAQ,1,527,17,18,False
VDFNPAVSFGKVPAQ,1,250,31,34,False
VDFNPAWFVRKVPAQ,1,731,5,5,False
VDFNPCAGA*NCRRR,1,217,14,15,False
VDFNPCGFVMKLPAQ,2,527,17,18,True
VDFNPCGSGGKGPRR,1,2663,2,2,True
VDFNPCILFVKLPAQ,1,3,2229,22657,False
VDFNPCLGVLKGPAQ,1,527,17,18,False
VDFNPEGGMGESAGA,1,2664,5,5,True
VDFNPEGREEQKAGA,2,515,5,7,False
VDFNPEGWEDEIAGA,1,89,6,10,False
VDFNPFFFILKGPAQ,2,528,24,31,True
VDFNPFFFLLKFPAQ,1,528,24,31,False
VDFNPFFFLLKLPAQ,5,11,557,1905,False
VDFNPFFFVWKLPAQ,1,527,17,18,False
VDFNPFFIFWKFPAQ,1,25,160,263,False
VDFNPFFILLKFPAQ,1,528,24,31,False
VDFNPFFLFLKFPAQ,6,3,2229,22657,False
VDFNPFFLFLKIPAQ,1,528,24,31,False
VDFNPFFLFLKLPAQ,25,3,2229,22657,False
VDFNPFFLFLKMPAQ,5,3,2229,22657,False
VDFNPFFLFLKVPAQ,25,11,557,1905,False
VDFNPFFLFLKWPAQ,2,528,24,31,False
VDFNPFFLLFKFPAQ,1,11,557,1905,False
VDFNPFFLLFKLPAQ,2,11,557,1905,False
VDFNPFFLLLKFPAQ,10,11,557,1905,False
VDFNPFFLLLKGPAQ,1,528,24,31,False
VDFNPFFLLLKLPAQ,98,3,2229,22657,False
VDFNPFFLLLKMPAQ,5,11,557,1905,False
VDFNPFFLLLKVPAQ,13,11,557,1905,False
VDFNPFFLLLKWPAQ,2,11,557,1905,False
VDFNPFFVFLKFPAQ,3,91,121,166,False
VDFNPFFVFLKLPAQ,7,3,2229,22657,False
VDFNPFFVFLKVPAQ,3,11,557,1905,False
VDFNPFFVLFKLPAQ,2,181,23,25,False
VDFNPFFVLLKFPAQ,3,11,557,1905,False
VDFNPFFVLLKLPAQ,15,11,557,1905,False
VDFNPFFVLLKMPAQ,2,528,24,31,False
VDFNPFFVLLKRPAQ,1,528,24,31,False
VDFNPFFVLLKVPAQ,2,11,557,1905,False
VDFNPFFVLLKWPAQ,3,11,557,1905,False
VDFNPFFVLWKLPAQ,1,25,160,263,False
VDFNPFFWGGEIAGA,1,1092,4,4,False
VDFNPFGVFCKVPAQ,1,945,7,7,False
VDFNPFGVRREIPGA,1,218,13,14,False
VDFNPFGVVVKLPAQ,1,527,17,18,False
VDFNPFIVFLKLPAQ,1,3,2229,22657,False
VDFNPFLFFFKMPAQ,1,528,24,31,False
VDFNPFLFFLKFPAQ,12,3,2229,22657,False
VDFNPFLFFLKLPAQ,5,3,2229,22657,False
VDFNPFLFFLKVPAQ,5,3,2229,22657,False
VDFNPFLFLLKFPAQ,5,25,160,263,False
VDFNPFLFLLKLPAQ,8,3,2229,22657,False
VDFNPFLFLLKVPAQ,2,528,24,31,False
VDFNPFLFLLKWPAQ,2,528,24,31,False
VDFNPFLFVSKFPAQ,1,527,17,18,False
VDFNPFLFWLKVPAQ,1,19,348,758,False
VDFNPFLIFLKFPAQ,8,3,2229,22657,False
VDFNPFLIFLKLPAQ,2,3,2229,22657,False
VDFNPFLIFLKMPAQ,2,3,2229,22657,False
VDFNPFLIFLKVPAQ,1,3,2229,22657,False
VDFNPFLILLKFPAQ,4,39,164,242,False
VDFNPFLILLKLPAQ,4,3,2229,22657,False
VDFNPFLILLKMPAQ,3,39,164,242,False
VDFNPFLILLKRPAQ,1,39,164,242,False
VDFNPFLILLKVPAQ,7,11,557,1905,False
VDFNPFLIWLKVPAQ,3,19,348,758,False
VDFNPFLLC*NCRRR,1,347,48,51,False
VDFNPFLLFGKFPAQ,1,3,2229,22657,False
VDFNPFLLFLKFPAQ,83,3,2229,22657,False
VDFNPFLLFLKGPAQ,2,3,2229,22657,False
VDFNPFLLFLKIPAQ,9,3,2229,22657,False
VDFNPFLLFLKLPAQ,343,3,2229,22657,False
VDFNPFLLFLKMPAQ,30,3,2229,22657,False
VDFNPFLLFLKVPAQ,149,3,2229,22657,False
VDFNPFLLFLKWPAQ,9,3,2229,22657,False
VDFNPFLLFLQIPSQ,1,86,30,39,False
VDFNPFLLFLQVPLQ,30,4,603,1344,False
VDFNPFLLFLQVPQQ,1,86,30,39,False
VDFNPFLLFLQYPIQ,2,86,30,39,False
VDFNPFLLFLRVPRQ,3,12,343,758,False
VDFNPFLLFLVQPDQ,1,1,1197,10527,False
VDFNPFLLLKVPAQG,1,152,12,19,False
VDFNPFLLLLKCPRR,2,164,8,12,False
VDFNPFLLLLKFPAQ,50,3,2229,22657,False
VDFNPFLLLLKIPAQ,1,39,164,242,False
VDFNPFLLLLKLPAQ,112,3,2229,22657,False
VDFNPFLLLLKMPAQ,3,39,164,242,False
VDFNPFLLLLKVPAQ,31,11,557,1905,False
VDFNPFLLLLKWPAQ,9,3,2229,22657,False
VDFNPFLLMLKLPAQ,3,3,2229,22657,False
VDFNPFLLMLKMPAQ,1,39,164,242,False
VDFNPFLLMLKVPAQ,3,3,2229,22657,False
VDFNPFLLMLKWPAQ,2,3,2229,22657,False
VDFNPFLLWLKFPAQ,1,3,2229,22657,False
VDFNPFLLWLKLPAQ,3,3,2229,22657,False
VDFNPFLLWLKVPAQ,4,19,348,758,False
VDFNPFLLWLKWPAQ,1,3,2229,22657,False
VDFNPFLMFLKFPAQ,3,3,2229,22657,False
VDFNPFLMFLKLPAQ,10,3,2229,22657,False
VDFNPFLMFLKLPDQ,1,3,2229,22657,False
VDFNPFLMFLKVPAQ,1,3,2229,22657,False
VDFNPFLMLLKLPAQ,1,3,2229,22657,False
VDFNPFLVFLKFPAQ,24,3,2229,22657,False
VDFNPFLVFLKIPAQ,1,3,2229,22657,False
VDFNPFLVFLKLPAQ,15,3,2229,22657,False
VDFNPFLVFLKVPAQ,6,19,348,758,False
VDFNPFLVFLKWPAQ,2,3,2229,22657,False
VDFNPFLVLLKFPAQ,4,19,348,758,False
VDFNPFLVLLKLPAQ,12,3,2229,22657,False
VDFNPFLVLLKVPAQ,2,19,348,758,False
VDFNPFLVMLKVPAQ,1,19,348,758,False
VDFNPFLVWLKLPAQ,1,19,348,758,False
VDFNPFLWLLKGPAQ,1,528,24,31,False
VDFNPFLWLLKVPAQ,2,11,557,1905,False
VDFNPFMFFLKFPAQ,1,91,121,166,False
VDFNPFMFLLKFPAQ,1,528,24,31,False
VDFNPFMLFLKFPAQ,4,3,2229,22657,False
VDFNPFMLFLKIPAQ,1,91,121,166,False
VDFNPFMLFLKLPAQ,22,3,2229,22657,False
VDFNPFMLFMKLPAQ,1,3,2229,22657,False
VDFNPFMLLLKFPAQ,17,11,557,1905,False
VDFNPFMLLLKIPAQ,1,11,557,1905,False
VDFNPFMLLLKLPAQ,13,3,2229,22657,False
VDFNPFMLLLKMPAQ,1,39,164,242,False
VDFNPFMLLLKVPAQ,3,11,557,1905,False
VDFNPFMLLLKWPAQ,2,11,557,1905,False
VDFNPFMLWLKLPAQ,1,165,80,105,False
VDFNPFMMWLKVPAQ,1,165,80,105,False
VDFNPFMVFLKFPAQ,2,91,121,166,False
VDFNPFMVFLKLPAQ,1,3,2229,22657,False
VDFNPFMVLLKLPAQ,1,369,20,21,False
VDFNPFMVLLKMPAQ,1,39,164,242,False
VDFNPFMVWLKMPAQ,1,19,348,758,False
VDFNPFRLGLQIAGA,1,69,21,28,False
VDFNPFSCGGKVPAQ,1,2316,5,5,False
VDFNPFVVGVEIAGA,1,64,33,38,False
VDFNPFWLLFKMPAQ,2,39,164,242,False
VDFNPGCFILKCPAQ,1,528,24,31,False
VDFNPGCLCVKCPAQ,1,1519,6,6,False
VDFNPGGGGVEMAGA,1,589,6,7,False
VDFNPGGRLGESPGA,1,555,4,5,False
VDFNPGLGLGKVPGR,1,2665,1,1,True
VDFNPGWVFWKVPAQ,1,1087,4,4,False
VDFNPIFLFLKVPAQ,2,11,557,1905,False
VDFNPIGWFVKVPAQ,1,1519,6,6,False
VDFNPIIWVRESAGA,1,2666,1,1,True
VDFNPILLFLKVPAQ,3,3,2229,22657,False
VDFNPILWLLKVPAQ,1,11,557,1905,False
VDFNPKREGGERPGA,1,2524,2,2,False
VDFNPLFCLCKLPAQ,1,25,160,263,False
VDFNPLFFFLKFPAQ,2,25,160,263,False
VDFNPLFFFLKVPAQ,2,528,24,31,False
VDFNPLFFLFKWPAQ,1,25,160,263,False
VDFNPLFFLLKFPAQ,1,25,160,263,False
VDFNPLFFLLKIPAQ,2,25,160,263,False
VDFNPLFFLLKLPAQ,11,11,557,1905,False
VDFNPLFFLLKMPAQ,1,25,160,263,False
VDFNPLFFLLKVPAQ,1,11,557,1905,False
VDFNPLFFLLKWPAQ,1,25,160,263,False
VDFNPLFFLWKFPAQ,4,25,160,263,False
VDFNPLFFLWKLPAQ,1,25,160,263,False
VDFNPLFFMLKLPAQ,1,528,24,31,False
VDFNPLFIFLKLPAQ,2,3,2229,22657,False
VDFNPLFILLKLPAQ,2,11,557,1905,False
VDFNPLFILLKRPAQ,1,11,557,1905,False
VDFNPLFILLKVPAQ,1,11,557,1905,False
VDFNPLFLFLKFPAQ,1,155,109,133,False
VDFNPLFLFLKLPAQ,1,3,2229,22657,False
VDFNPLFLFLKMPAQ,1,3,2229,22657,False
VDFNPLFLFLKVPAQ,2,11,557,1905,False
VDFNPLFLFLKWPAQ,1,3,2229,22657,False
VDFNPLFLLFKFPAQ,2,25,160,263,False
VDFNPLFLLFKLPAQ,3,11,557,1905,False
VDFNPLFLLLKFPAQ,4,11,557,1905,False
VDFNPLFLLLKLPAQ,13,11,557,1905,False
VDFNPLFLLLKMPAQ,1,11,557,1905,False
VDFNPLFLLLKVPAQ,8,11,557,1905,False
VDFNPLFLLLKWPAQ,1,11,557,1905,False
VDFNPLFLMLKLPAQ,1,3,2229,22657,False
VDFNPLFLMLKVPAQ,1,11,557,1905,False
VDFNPLFLWLKLPAQ,1,3,2229,22657,False
VDFNPLFVFLKFPAQ,10,19,348,758,False
VDFNPLFVFLKLPAQ,11,3,2229,22657,False
VDFNPLFVFLKVPAQ,3,19,348,758,False
VDFNPLFVLFKFPAQ,1,25,160,263,False
VDFNPLFVLFKLPAQ,1,25,160,263,False
VDFNPLFVLLKFPAQ,4,25,160,263,False
VDFNPLFVLLKIPAQ,1,11,557,1905,False
VDFNPLFVLLKLPAQ,11,11,557,1905,False
VDFNPLFVLLKMPAQ,2,11,557,1905,False
VDFNPLFVLLKVPAQ,2,11,557,1905,False
VDFNPLGDVVEIAGA,2,320,3,5,False
VDFNPLGFCMKVPAQ,1,527,17,18,False
VDFNPLGVLIKLPAQ,1,527,17,18,False
VDFNPLILVSNCRRR,1,2667,2,2,True
VDFNPLLFFFKLPAQ,1,3,2229,22657,False
VDFNPLLFFLKFPAQ,15,3,2229,22657,False
VDFNPLLFFLKVPAQ,3,19,348,758,False
VDFNPLLFFLKWPAQ,3,3,2229,22657,False
VDFNPLLFLKVPAQG,3,152,12,19,True
VDFNPLLFLLKFPAQ,2,25,160,263,False
VDFNPLLFLLKLPAQ,8,3,2229,22657,False
VDFNPLLFLLKMPAQ,1,19,348,758,False
VDFNPLLFLLKVPAQ,3,19,348,758,False
VDFNPLLFLSKSRRR,1,403,2,3,False
VDFNPLLFLVKLPAQ,1,25,160,263,False
VDFNPLLFMLKLPAQ,1,3,2229,22657,False
VDFNPLLFMLKWPAQ,1,19,348,758,False
VDFNPLLFSSNCRRR,1,347,48,51,False
VDFNPLLFVWKVPAQ,1,19,348,758,False
VDFNPLLFWLKVPAQ,1,19,348,758,False
VDFNPLLGVGKLPAQ,1,527,17,18,False
VDFNPLLIFLKFPAQ,2,3,2229,22657,False
VDFNPLLIFLKLPAQ,3,3,2229,22657,False
VDFNPLLIFLKMPAQ,2,3,2229,22657,False
VDFNPLLIFLKVPAQ,4,19,348,758,False
VDFNPLLILLKFPAQ,1,19,348,758,False
VDFNPLLIMLKFPAQ,1,19,348,758,False
VDFNPLLIWLKVPAQ,1,19,348,758,False
VDFNPLLLFLAYPVQ,1,4,603,1344,False
VDFNPLLLFLKFPAQ,93,3,2229,22657,False
VDFNPLLLFLKGPAQ,1,3,2229,22657,False
VDFNPLLLFLKIPAQ,4,3,2229,22657,False
VDFNPLLLFLKLPAQ,146,3,2229,22657,False
VDFNPLLLFLKMPAQ,8,3,2229,22657,False
VDFNPLLLFLKVPAQ,72,3,2229,22657,False
VDFNPLLLFLKWPAQ,15,3,2229,22657,False
VDFNPLLLFLKWSAQ,1,3,2229,22657,False
VDFNPLLLFLQFPAQ,1,4,603,1344,False
VDFNPLLLFLQWPVQ,1,4,603,1344,False
VDFNPLLLFLRAPPQ,1,4,603,1344,False
VDFNPLLLFLRKPDQ,1,4,603,1344,False
VDFNPLLLFLRKPEQ,1,4,603,1344,False
VDFNPLLLFLRRPLQ,2,4,603,1344,False
VDFNPLLLFLRSPRQ,2,4,603,1344,False
VDFNPLLLFLRTPQQ,1,4,603,1344,False
VDFNPLLLFLRVPWQ,1,1,1197,10527,False
VDFNPLLLFLRWPAQ,1,54,100,139,False
VDFNPLLLFLVQPMQ,1,156,79,85,False
VDFNPLLLLKLPAQG,2,152,12,19,False
VDFNPLLLLLKCPAQ,1,3,2229,22657,False
VDFNPLLLLLKFPAQ,6,3,2229,22657,False
VDFNPLLLLLKLPAQ,36,3,2229,22657,False
VDFNPLLLLLKMPAQ,4,39,164,242,False
VDFNPLLLLLKRPAQ,1,3,2229,22657,False
VDFNPLLLLLKVPAQ,7,11,557,1905,False
VDFNPLLLLLKWPAQ,1,124,39,45,False
VDFNPLLLMLKVPAQ,3,19,348,758,False
VDFNPLLLVLKLPAQ,1,3,2229,22657,False
VDFNPLLLWLKFPAQ,2,19,348,758,False
VDFNPLLLWLKLPAQ,3,3,2229,22657,False
VDFNPLLLWLKVPAQ,3,19,348,758,False
VDFNPLLMFLKFPAQ,2,3,2229,22657,False
VDFNPLLSFLKFPAQ,1,3,2229,22657,False
VDFNPLLVFLKFPAQ,23,3,2229,22657,False
VDFNPLLVFLKIPAQ,2,19,348,758,False
VDFNPLLVFLKLPAQ,14,3,2229,22657,False
VDFNPLLVFLKMPAQ,1,19,348,758,False
VDFNPLLVFLKVPAQ,11,19,348,758,False
VDFNPLLVLLKLPAQ,6,19,348,758,False
VDFNPLLVLLKMPAQ,1,19,348,758,False
VDFNPLLVMLKLPAQ,1,19,348,758,False
VDFNPLLVVLKLPAQ,1,19,348,758,False
VDFNPLLVWLKVPAQ,1,19,348,758,False
VDFNPLMIFLKLPAQ,1,3,2229,22657,False
VDFNPLMLFLKFPAQ,6,3,2229,22657,False
VDFNPLMLFLKLPAQ,7,3,2229,22657,False
VDFNPLMLFLKVPAQ,3,3,2229,22657,False
VDFNPLMLLLKLPAQ,2,3,2229,22657,False
VDFNPLMVFLKIPAQ,1,19,348,758,False
VDFNPLRGGVQSAGA,2,69,21,28,False
VDFNPLVFVLKWPAQ,1,124,39,45,False
VDFNPLVGRLEIPGA,1,218,13,14,False
VDFNPLVHVVQSPGA,1,2668,1,1,True
VDFNPLVMGFKWPAQ,1,700,2,2,False
VDFNPLVWVLKLPAQ,1,527,17,18,False
VDFNPLWVLLKLPAQ,1,19,348,758,False
VDFNPMCLFLKFPAQ,1,3,2229,22657,False
VDFNPMFLFLKFPAQ,1,155,109,133,False
VDFNPMFLFLKLPAQ,1,3,2229,22657,False
VDFNPMFLFLKWPAQ,2,3,2229,22657,False
VDFNPMFLLLKFPAQ,1,11,557,1905,False
VDFNPMFLLLKLPAQ,2,11,557,1905,False
VDFNPMFLLLKVPAQ,1,11,557,1905,False
VDFNPMFSLREMPGA,1,1673,6,6,False
VDFNPMLFFLKFPAQ,3,3,2229,22657,False
VDFNPMLFFLKLPAQ,1,3,2229,22657,False
VDFNPMLFFLKWPAQ,2,3,2229,22657,False
VDFNPMLFLLKLPAQ,1,3,2229,22657,False
VDFNPMLIFLKFPAQ,1,2059,14,14,False
VDFNPMLILLKMPAQ,1,39,164,242,False
VDFNPMLLFLGLPVQ,2,4,603,1344,False
VDFNPMLLFLKFPAQ,43,3,2229,22657,False
VDFNPMLLFLKIPAQ,7,3,2229,22657,False
VDFNPMLLFLKLPAQ,56,3,2229,22657,False
VDFNPMLLFLKMPAQ,2,3,2229,22657,False
VDFNPMLLFLKRPRQ,1,6,143,456,False
VDFNPMLLFLKVPAQ,10,3,2229,22657,False
VDFNPMLLFLKWPAQ,3,3,2229,22657,False
VDFNPMLLFLQLPWQ,1,4,603,1344,False
VDFNPMLLFLRVPWQ,1,1,1197,10527,False
VDFNPMLLLLKFPAQ,2,3,2229,22657,False
VDFNPMLLLLKLPAQ,1,3,2229,22657,False
VDFNPMLLLLKWPAQ,1,3,2229,22657,False
VDFNPMLLWLKLPAQ,2,3,2229,22657,False
VDFNPMLLWLKMPAQ,1,3,2229,22657,False
VDFNPMLLWLKVPAQ,2,19,348,758,False
VDFNPMLVFLKFPAQ,1,155,109,133,False
VDFNPMLVFLKLPAQ,1,3,2229,22657,False
VDFNPMLVFLKVPAQ,2,19,348,758,False
VDFNPMLVLKLPAQG,2,152,12,19,False
VDFNPMLVLLKVPAQ,1,19,348,758,False
VDFNPMLVLLKWPAQ,1,19,348,758,False
VDFNPMMIFLKWPAQ,1,1997,16,16,False
VDFNPMMLFLKFPAQ,1,91,121,166,False
VDFNPMMLFLKLPAQ,2,3,2229,22657,False
VDFNPMVVLLNARRR,1,2669,1,1,True
VDFNPMVVRVEIAGA,1,120,25,29,False
VDFNPPGFGRKVPAQ,1,396,15,19,False
VDFNPPRASGNSRRR,1,560,6,7,False
VDFNPPSGMCKWPAQ,1,2646,2,2,False
VDFNPPVRSSKCPAQ,1,722,5,5,False
VDFNPPVRSSKFPAQ,1,722,5,5,False
VDFNPQFFMWKVPAQ,1,25,160,263,False
VDFNPQLVGCKLPAQ,1,181,23,25,False
VDFNPRCLCVKVPAQ,1,1519,6,6,False
VDFNPRGRGGKWPAQ,1,1156,13,13,False
VDFNPRGVIGKVPAQ,1,1087,4,4,False
VDFNPRLCVCKCPAQ,1,161,5,7,False
VDFNPRWLGVKFPAQ,1,414,11,12,False
VDFNPSCGVGKSPAQ,1,153,12,14,False
VDFNPSFVFWKLPAQ,1,155,109,133,False
VDFNPSFVWGEMAGA,1,919,5,5,False
VDFNPSLFWSNCRRR,1,347,48,51,False
VDFNPSMLCSKCRRR,1,59,13,17,False
VDFNPSMRVVKCPGA,1,121,4,6,False
VDFNPSVCVVKCPAQ,1,2655,3,3,False
VDFNPSVGVGQIAGA,1,27,28,43,False
VDFNPTLFMLKVPAQ,1,19,348,758,False
VDFNPTLLFLKFPAQ,1,3,2229,22657,False
VDFNPTSSICKMPAQ,1,162,19,23,False
VDFNPVCCLLKCRRR,1,1059,3,3,False
VDFNPVGFVLKLPAA,1,527,17,18,False
VDFNPVLGVLEIPGA,1,397,5,6,False
VDFNPVLLFLKVPAQ,2,3,2229,22657,False
VDFNPVLLLLKLPAQ,1,3,2229,22657,False
VDFNPVLVFLKVPAQ,1,19,348,758,False
VDFNPVLWLWKLPAQ,1,1995,10,10,False
VDFNPVRRRHQMPGA,1,924,4,4,False
VDFNPVVLLLKLPAQ,1,3,2229,22657,False
VDFNPVVLLREIPGA,1,706,6,6,False
VDFNPVVRLVEMAGA,2,193,8,10,False
VDFNPVVVGGEIAGA,1,64,33,38,False
VDFNPVWVRREIAGA,1,564,8,9,False
VDFNPWCVCSKIPAK,1,2670,1,1,True
VDFNPWFFFLKLPAQ,6,3,2229,22657,False
VDFNPWFFFLKMPAQ,1,155,109,133,False
VDFNPWFFFLKVPAQ,7,3,2229,22657,False
VDFNPWFIFLKFPAQ,2,155,109,133,False
VDFNPWFIFLKMPAQ,10,3,2229,22657,False
VDFNPWFIFLKRPAQ,1,155,109,133,False
VDFNPWFILLKFPAQ,1,155,109,133,False
VDFNPWFILLKVPAQ,3,11,557,1905,False
VDFNPWFLFFKVPAQ,1,3,2229,22657,False
VDFNPWFLFLKFPAQ,6,3,2229,22657,False
VDFNPWFLFLKIPAQ,1,3,2229,22657,False
VDFNPWFLFLKLPAQ,14,3,2229,22657,False
VDFNPWFLFLKMPAQ,14,3,2229,22657,False
VDFNPWFLFLKVPAQ,17,3,2229,22657,False
VDFNPWFLLLKFPAQ,5,11,557,1905,False
VDFNPWFLLLKLPAQ,9,3,2229,22657,False
VDFNPWFLLLKVPAQ,1,11,557,1905,False
VDFNPWFLLLKVPRR,1,11,557,1905,False
VDFNPWFLLLKWPAQ,1,11,557,1905,False
VDFNPWFLWLKLPAQ,1,3,2229,22657,False
VDFNPWFVFFKVPAQ,1,155,109,133,False
VDFNPWFVFLKFPAQ,23,3,2229,22657,False
VDFNPWFVFLKIPAQ,5,3,2229,22657,False
VDFNPWFVFLKLPAQ,55,3,2229,22657,False
VDFNPWFVFLKVPAQ,70,3,2229,22657,False
VDFNPWFVFLKWPAQ,1,155,109,133,False
VDFNPWFVLLKFPAQ,1,155,109,133,False
VDFNPWFVLLKLPAQ,11,3,2229,22657,False
VDFNPWFVLLKVPAQ,3,11,557,1905,False
VDFNPWFVLLKWPAQ,1,155,109,133,False
VDFNPWFVWLKVPAQ,2,19,348,758,False
VDFNPWLFFLKFPAQ,6,3,2229,22657,False
VDFNPWLFFLKIPAQ,4,3,2229,22657,False
VDFNPWLFFLKLPAQ,35,3,2229,22657,False
VDFNPWLFFLKMPAQ,2,3,2229,22657,False
VDFNPWLFFLKRPAQ,1,3,2229,22657,False
VDFNPWLFFLKVPAQ,56,3,2229,22657,False
VDFNPWLFFMKVPAQ,1,3,2229,22657,False
VDFNPWLFLLKFPAQ,12,3,2229,22657,False
VDFNPWLFLLKIPAQ,1,3,2229,22657,False
VDFNPWLFLLKLPAA,1,3,2229,22657,False
VDFNPWLFLLKLPAQ,36,3,2229,22657,False
VDFNPWLFLLKMPAQ,14,3,2229,22657,False
VDFNPWLFLLKVPAQ,17,3,2229,22657,False
VDFNPWLFLLKWPAQ,2,3,2229,22657,False
VDFNPWLFLWKFPAQ,1,25,160,263,False
VDFNPWLFMLKLPAQ,1,3,2229,22657,False
VDFNPWLFMLKVPAQ,1,3,2229,22657,False
VDFNPWLFWLKGPAQ,1,528,24,31,False
VDFNPWLFWLKVPAQ,9,19,348,758,False
VDFNPWLIFLKFPAQ,13,3,2229,22657,False
VDFNPWLIFLKLPAQ,6,3,2229,22657,False
VDFNPWLIFLKMPAQ,15,3,2229,22657,False
VDFNPWLIFLKVPAQ,35,3,2229,22657,False
VDFNPWLIFLKVPTQ,1,3,2229,22657,False
VDFNPWLIFLKWPAQ,1,3,2229,22657,False
VDFNPWLIFMKIPAQ,4,3,2229,22657,False
VDFNPWLILLKFPAQ,4,3,2229,22657,False
VDFNPWLILLKLPAQ,21,3,2229,22657,False
VDFNPWLILLKMPAQ,4,3,2229,22657,False
VDFNPWLILLKVPAQ,9,3,2229,22657,False
VDFNPWLILLKWPAQ,1,1997,16,16,False
VDFNPWLIWLKVPAQ,1,19,348,758,False
VDFNPWLLFIKVPAQ,1,3,2229,22657,False
VDFNPWLLFLAQPRQ,1,1,1197,10527,False
VDFNPWLLFLAQPVQ,1,1,1197,10527,False
VDFNPWLLFLAQPWQ,11,1,1197,10527,False
VDFNPWLLFLARPDQ,1,1,1197,10527,False
VDFNPWLLFLDVPRQ,2,1,1197,10527,False
VDFNPWLLFLEGPWQ,1,1,1197,10527,False
VDFNPWLLFLELPLQ,1,3,2229,22657,False
VDFNPWLLFLEVPVQ,1,1,1197,10527,False
VDFNPWLLFLGLPVQ,1,3,2229,22657,False
VDFNPWLLFLGVPKQ,1,1,1197,10527,False
VDFNPWLLFLKFPAQ,175,3,2229,22657,False
VDFNPWLLFLKGPAQ,42,3,2229,22657,False
VDFNPWLLFLKHPKQ,1,3,2229,22657,False
VDFNPWLLFLKIPAQ,4,3,2229,22657,False
VDFNPWLLFLKKPKQ,5,0,1628,17219,False
VDFNPWLLFLKKPQQ,1,3,2229,22657,False
VDFNPWLLFLKLPAQ,796,3,2229,22657,False
VDFNPWLLFLKLPQQ,1,3,2229,22657,False
VDFNPWLLFLKLPVQ,1,3,2229,22657,False
VDFNPWLLFLKMPAQ,30,3,2229,22657,False
VDFNPWLLFLKMPYQ,3,3,2229,22657,False
VDFNPWLLFLKQPKQ,6,1,1197,10527,False
VDFNPWLLFLKQPNQ,1,1,1197,10527,False
VDFNPWLLFLKQPQQ,1,1,1197,10527,False
VDFNPWLLFLKQPRQ,1,1,1197,10527,False
VDFNPWLLFLKQPYQ,1,1,1197,10527,False
VDFNPWLLFLKRPAQ,5,3,2229,22657,False
VDFNPWLLFLKVPAQ,388,3,2229,22657,False
VDFNPWLLFLKVPYQ,1,3,2229,22657,False
VDFNPWLLFLKWPAQ,15,3,2229,22657,False
VDFNPWLLFLLRPGQ,1,1,1197,10527,False
VDFNPWLLFLMRPKQ,4,9,239,562,False
VDFNPWLLFLNIPRQ,2,1,1197,10527,False
VDFNPWLLFLNKPKQ,1,0,1628,17219,False
VDFNPWLLFLNLPQQ,30,3,2229,22657,False
VDFNPWLLFLQAPPQ,1,86,30,39,False
VDFNPWLLFLQFPAQ,1,3,2229,22657,False
VDFNPWLLFLQFPLQ,1,86,30,39,False
VDFNPWLLFLQFPVQ,8,4,603,1344,False
VDFNPWLLFLQLPAQ,1,3,2229,22657,False
VDFNPWLLFLQLPGQ,47,3,2229,22657,False
VDFNPWLLFLQLPLQ,1,3,2229,22657,False
VDFNPWLLFLQLPPQ,1,3,2229,22657,False
VDFNPWLLFLQLPQQ,1,3,2229,22657,False
VDFNPWLLFLQLPVQ,3,4,603,1344,False
VDFNPWLLFLQQPKQ,1,1,1197,10527,False
VDFNPWLLFLQRPLQ,4,9,239,562,False
VDFNPWLLFLQVPAQ,2,3,2229,22657,False
VDFNPWLLFLQVPGQ,1,1,1197,10527,False
VDFNPWLLFLQVPKQ,1,9,239,562,False
VDFNPWLLFLQVPQQ,2,1,1197,10527,False
VDFNPWLLFLQVPRQ,1,1,1197,10527,False
VDFNPWLLFLQVPVQ,129,1,1197,10527,False
VDFNPWLLFLQVPYQ,2,1,1197,10527,False
VDFNPWLLFLQWPLQ,2,1,1197,10527,False
VDFNPWLLFLQWPVQ,1,4,603,1344,False
VDFNPWLLFLRAPEQ,1,1,1197,10527,False
VDFNPWLLFLREPQQ,3,7,629,1764,False
VDFNPWLLFLRKPEA,1,7,629,1764,False
VDFNPWLLFLRKPNQ,1,7,629,1764,False
VDFNPWLLFLRKPQQ,2,7,629,1764,False
VDFNPWLLFLRLPSQ,1,3,2229,22657,False
VDFNPWLLFLRLPVQ,1,3,2229,22657,False
VDFNPWLLFLRMPGQ,2,12,343,758,False
VDFNPWLLFLRMPKQ,2,12,343,758,False
VDFNPWLLFLRMPNQ,5,12,343,758,False
VDFNPWLLFLRMPQQ,1,7,629,1764,False
VDFNPWLLFLRMPRQ,2,12,343,758,False
VDFNPWLLFLRMPSQ,2,12,343,758,False
VDFNPWLLFLRQPKQ,1,1,1197,10527,False
VDFNPWLLFLRQPLQ,1,1,1197,10527,False
VDFNPWLLFLRQPMQ,17,1,1197,10527,False
VDFNPWLLFLRQPRQ,34,1,1197,10527,False
VDFNPWLLFLRQPSQ,4,1,1197,10527,False
VDFNPWLLFLRQPTQ,1,1,1197,10527,False
VDFNPWLLFLRQPYQ,1,1,1197,10527,False
VDFNPWLLFLRRPHQ,2,1,1197,10527,False
VDFNPWLLFLRRPSQ,1,12,343,758,False
VDFNPWLLFLRRPTQ,1,1,1197,10527,False
VDFNPWLLFLRRPVQ,3,1,1197,10527,False
VDFNPWLLFLRSPKQ,1,551,35,36,False
VDFNPWLLFLRTPQQ,1,7,629,1764,False
VDFNPWLLFLRVPGQ,1,1,1197,10527,False
VDFNPWLLFLRVPVQ,1,1,1197,10527,False
VDFNPWLLFLRYPQQ,1,7,629,1764,False
VDFNPWLLFLSMPQQ,1,1602,12,12,False
VDFNPWLLFLSNPQQ,1,1,1197,10527,False
VDFNPWLLFLSQPAQ,3,1,1197,10527,False
VDFNPWLLFLSQPDQ,1,1,1197,10527,False
VDFNPWLLFLSQPMQ,1,1,1197,10527,False
VDFNPWLLFLSQPRQ,1,1,1197,10527,False
VDFNPWLLFLSQPVQ,9,1,1197,10527,False
VDFNPWLLFLSSPQQ,5,1,1197,10527,False
VDFNPWLLFLSTPQQ,7,1,1197,10527,False
VDFNPWLLFLSVPGQ,1,1,1197,10527,False
VDFNPWLLFLSVPLQ,1,2279,9,9,False
VDFNPWLLFLTAPQQ,2,1,1197,10527,False
VDFNPWLLFLTMPKQ,1,1,1197,10527,False
VDFNPWLLFLTQPNQ,3,1,1197,10527,False
VDFNPWLLFLTRPPQ,1,1,1197,10527,False
VDFNPWLLFLTRPQQ,3,1,1197,10527,False
VDFNPWLLFLVGPQQ,2,137,39,48,False
VDFNPWLLFLVKPQQ,1,7,629,1764,False
VDFNPWLLFLVLPTQ,1,3,2229,22657,False
VDFNPWLLFLVQPAQ,2,1,1197,10527,False
VDFNPWLLFLVQPDQ,1,1,1197,10527,False
VDFNPWLLFLVQPPQ,2,1,1197,10527,False
VDFNPWLLFLVQPRQ,1,1,1197,10527,False
VDFNPWLLFLVQPSQ,295,1,1197,10527,False
VDFNPWLLFLVQPTQ,1,1,1197,10527,False
VDFNPWLLFLVQPWQ,2,1,1197,10527,False
VDFNPWLLFLWGPEQ,1,1,1197,10527,False
VDFNPWLLFLYRPQQ,1,1,1197,10527,False
VDFNPWLLFLYRPYQ,1,1,1197,10527,False
VDFNPWLLFMKFPAQ,10,3,2229,22657,False
VDFNPWLLFMKLPAQ,2,3,2229,22657,False
VDFNPWLLFMKMPAQ,1,3,2229,22657,False
VDFNPWLLFMKWPAQ,3,3,2229,22657,False
VDFNPWLLFVKFPAQ,4,3,2229,22657,False
VDFNPWLLFVKLPAQ,2,3,2229,22657,False
VDFNPWLLFVKMPAQ,1,3,2229,22657,False
VDFNPWLLGLKLPAQ,2,3,2229,22657,False
VDFNPWLLGLKVPAQ,1,3,2229,22657,False
VDFNPWLLILKLPAQ,1,3,2229,22657,False
VDFNPWLLILKVPAQ,2,3,2229,22657,False
VDFNPWLLLKFPAQG,1,2117,3,3,False
VDFNPWLLLKLPAQG,3,152,12,19,False
VDFNPWLLLLKFPAQ,49,3,2229,22657,False
VDFNPWLLLLKFPVQ,1,3,2229,22657,False
VDFNPWLLLLKIPAQ,11,3,2229,22657,False
VDFNPWLLLLKLPAA,1,3,2229,22657,False
VDFNPWLLLLKLPAQ,225,3,2229,22657,False
VDFNPWLLLLKLSAQ,1,3,2229,22657,False
VDFNPWLLLLKMPAQ,23,3,2229,22657,False
VDFNPWLLLLKRPAQ,1,3,2229,22657,False
VDFNPWLLLLKVPAQ,57,3,2229,22657,False
VDFNPWLLLLKWPAQ,14,3,2229,22657,False
VDFNPWLLLMKVPAQ,1,3,2229,22657,False
VDFNPWLLLWKLPAQ,1,3,2229,22657,False
VDFNPWLLMLKFPAQ,1,3,2229,22657,False
VDFNPWLLMLKLPAQ,17,3,2229,22657,False
VDFNPWLLMLKMPAQ,3,3,2229,22657,False
VDFNPWLLMLKRPAQ,1,3,2229,22657,False
VDFNPWLLMLKVPAQ,8,3,2229,22657,False
VDFNPWLLMLKWPAQ,3,3,2229,22657,False
VDFNPWLLVKLPAQG,1,1674,7,7,False
VDFNPWLLVLKLPAQ,3,3,2229,22657,False
VDFNPWLLVLKMPAQ,1,3,2229,22657,False
VDFNPWLLVLKVPAQ,1,3,2229,22657,False
VDFNPWLLVLKWPAQ,1,3,2229,22657,False
VDFNPWLLWFKLPAQ,2,3,2229,22657,False
VDFNPWLLWLKFPAQ,6,3,2229,22657,False
VDFNPWLLWLKGPAQ,1,3,2229,22657,False
VDFNPWLLWLKIPAQ,1,3,2229,22657,False
VDFNPWLLWLKLPAQ,49,3,2229,22657,False
VDFNPWLLWLKMPAQ,28,3,2229,22657,False
VDFNPWLLWLKMSAQ,1,3,2229,22657,False
VDFNPWLLWLKRPAQ,1,3,2229,22657,False
VDFNPWLLWLKVPAQ,103,3,2229,22657,False
VDFNPWLLWLKVPSQ,1,165,80,105,False
VDFNPWLLWLKWPAQ,2,3,2229,22657,False
VDFNPWLLWMKMPAQ,1,3,2229,22657,False
VDFNPWLMFLKFPAQ,6,3,2229,22657,False
VDFNPWLMFLKLPAQ,14,3,2229,22657,False
VDFNPWLMFLKVPAQ,19,3,2229,22657,False
VDFNPWLMFLKWPAQ,1,3,2229,22657,False
VDFNPWLMFWKFPAQ,1,3,2229,22657,False
VDFNPWLMLLKLPAQ,5,3,2229,22657,False
VDFNPWLMLLKVPAQ,1,1997,16,16,False
VDFNPWLVFIKFPAQ,1,155,109,133,False
VDFNPWLVFLKFPAQ,52,3,2229,22657,False
VDFNPWLVFLKGPAQ,2,3,2229,22657,False
VDFNPWLVFLKIPAQ,3,3,2229,22657,False
VDFNPWLVFLKLPAQ,293,3,2229,22657,False
VDFNPWLVFLKMPAQ,21,3,2229,22657,False
VDFNPWLVFLKVPAQ,98,3,2229,22657,False
VDFNPWLVFLKVPGA,1,1521,6,6,False
VDFNPWLVFLKVPVQ,1,3,2229,22657,False
VDFNPWLVFLKWPAQ,34,3,2229,22657,False
VDFNPWLVFLLKLPA,1,1676,6,6,False
VDFNPWLVGLESAGA,1,383,22,24,False
VDFNPWLVLLKFPAQ,42,3,2229,22657,False
VDFNPWLVLLKGPAQ,1,3,2229,22657,False
VDFNPWLVLLKLPAQ,33,3,2229,22657,False
VDFNPWLVLLKMPAQ,2,3,2229,22657,False
VDFNPWLVLLKVPAQ,16,3,2229,22657,False
VDFNPWLVLLKWPAQ,4,3,2229,22657,False
VDFNPWLVMWKVPGA,1,2654,2,2,False
VDFNPWLVWLKFPAQ,2,19,348,758,False
VDFNPWLVWLKLPAQ,4,3,2229,22657,False
VDFNPWLVWLKMPAQ,3,19,348,758,False
VDFNPWLVWLKVPAQ,25,3,2229,22657,False
VDFNPWLVWLKWPAQ,6,19,348,758,False
VDFNPWLWFLKLPAQ,1,3,2229,22657,False
VDFNPWLWFLKVPAQ,6,3,2229,22657,False
VDFNPWLWLLKFPAQ,3,3,2229,22657,False
VDFNPWLWLLKGPAQ,1,3,2229,22657,False
VDFNPWLWLLKIPAQ,1,3,2229,22657,False
VDFNPWLWLLKLPAQ,7,3,2229,22657,False
VDFNPWLWLLKMPAQ,1,3,2229,22657,False
VDFNPWLWLLKRPAQ,1,1098,5,5,False
VDFNPWLWLLKVPAQ,12,3,2229,22657,False
VDFNPWLWVLKFPAQ,1,1098,5,5,False
VDFNPWLWVLKLPAQ,1,3,2229,22657,False
VDFNPWLWWLKLPAQ,1,3,2229,22657,False
VDFNPWMFFLKFPAQ,1,155,109,133,False
VDFNPWMFFLKVPAQ,2,165,80,105,False
VDFNPWMIFLKLPAQ,3,3,2229,22657,False
VDFNPWMIFLKVPAQ,1,165,80,105,False
VDFNPWMLFFKFPAQ,1,3,2229,22657,False
VDFNPWMLFFKIPAQ,1,3,2229,22657,False
VDFNPWMLFLKFPAQ,8,3,2229,22657,False
VDFNPWMLFLKGPAQ,1,3,2229,22657,False
VDFNPWMLFLKLPAQ,72,3,2229,22657,False
VDFNPWMLFLKVPAQ,7,3,2229,22657,False
VDFNPWMLFLKWPAQ,7,3,2229,22657,False
VDFNPWMLLLKLPAQ,6,3,2229,22657,False
VDFNPWMLLLKVPAQ,4,11,557,1905,False
VDFNPWMLLLKWPAQ,1,1997,16,16,False
VDFNPWMLWLKLPAQ,2,165,80,105,False
VDFNPWMLWLKVPAQ,4,3,2229,22657,False
VDFNPWMMFLKLPAQ,1,3,2229,22657,False
VDFNPWMMFLKVPAQ,1,165,80,105,False
VDFNPWMVFLKFPAQ,6,3,2229,22657,False
VDFNPWMVFLKLPAQ,3,3,2229,22657,False
VDFNPWMVFLKVPAQ,14,3,2229,22657,False
VDFNPWMVFLKWPAQ,1,155,109,133,False
VDFNPWMVFLKWPAR,1,155,109,133,False
VDFNPWMVLLKFPAQ,1,155,109,133,False
VDFNPWMVLLKLPAQ,1,1997,16,16,False
VDFNPWMVLLKWPAQ,2,155,109,133,False
VDFNPWMVVLKWPAQ,1,1997,16,16,False
VDFNPWMVWLKVPAQ,1,165,80,105,False
VDFNPWMWFLKVPAQ,1,165,80,105,False
VDFNPWMWLLKFPAQ,1,1997,16,16,False
VDFNPWVLFLKLPAQ,1,3,2229,22657,False
VDFNPYFFFLKFPAQ,2,155,109,133,False
VDFNPYFFFLKLPAQ,2,528,24,31,False
VDFNPYFFLFKFPAQ,3,25,160,263,False
VDFNPYFFLFKLPAQ,1,542,6,7,False
VDFNPYFFLLKFPAQ,3,11,557,1905,False
VDFNPYFFLLKLPAQ,1,11,557,1905,False
VDFNPYFGRVQMPGA,1,1702,3,3,False
VDFNPYFIFLKFPAQ,3,11,557,1905,False
VDFNPYFIFLKSPAQ,1,11,557,1905,False
VDFNPYFIFLKVPAQ,1,11,557,1905,False
VDFNPYFILLKFPAQ,2,11,557,1905,False
VDFNPYFLFFKLPAQ,4,3,2229,22657,False
VDFNPYFLFLKFPAQ,41,3,2229,22657,False
VDFNPYFLFLKGPAQ,1,11,557,1905,False
VDFNPYFLFLKLPAQ,35,3,2229,22657,False
VDFNPYFLFLKMPAQ,2,11,557,1905,False
VDFNPYFLFLKRPAQ,4,11,557,1905,False
VDFNPYFLFLKVPAQ,11,11,557,1905,False
VDFNPYFLLFKFPAQ,1,11,557,1905,False
VDFNPYFLLFKLPAQ,2,11,557,1905,False
VDFNPYFLLFKWPAQ,1,11,557,1905,False
VDFNPYFLLFLKFPA,1,2671,1,1,True
VDFNPYFLLLKFPAQ,14,11,557,1905,False
VDFNPYFLLLKLPAQ,62,3,2229,22657,False
VDFNPYFLLLKMPAQ,1,11,557,1905,False
VDFNPYFLLLKVPAH,1,11,557,1905,False
VDFNPYFLLLKVPAQ,7,11,557,1905,False
VDFNPYFLLLKWPAQ,1,11,557,1905,False
VDFNPYFLMLKWPAQ,3,11,557,1905,False
VDFNPYFVFLKFPAQ,3,11,557,1905,False
VDFNPYFVFLKGPAQ,1,155,109,133,False
VDFNPYFVFLKIPAQ,4,11,557,1905,False
VDFNPYFVFLKLPAQ,8,3,2229,22657,False
VDFNPYFVFLKVPAQ,2,11,557,1905,False
VDFNPYFVLLKLPAQ,5,11,557,1905,False
VDFNPYFVLLKWPAQ,3,11,557,1905,False
VDFNPYFWLLKGPAQ,1,11,557,1905,False
VDFNPYLFFLKFPAQ,4,3,2229,22657,False
VDFNPYLFFLKLPAQ,1,3,2229,22657,False
VDFNPYLFFLKMPAQ,1,3,2229,22657,False
VDFNPYLFFLKVPAQ,3,3,2229,22657,False
VDFNPYLFFLKWPAQ,2,3,2229,22657,False
VDFNPYLFLLKFPAQ,12,11,557,1905,False
VDFNPYLFLLKIPAQ,1,11,557,1905,False
VDFNPYLFLLKLPAQ,6,3,2229,22657,False
VDFNPYLFLLKVPAQ,2,11,557,1905,False
VDFNPYLFLLKWPAQ,1,542,6,7,False
VDFNPYLFWLKWPAQ,1,19,348,758,False
VDFNPYLIFLKFPAQ,5,3,2229,22657,False
VDFNPYLIFLKIPAQ,1,3,2229,22657,False
VDFNPYLIFLKLPAQ,2,3,2229,22657,False
VDFNPYLIFLKVPAQ,1,3,2229,22657,False
VDFNPYLILLKFPAQ,4,11,557,1905,False
VDFNPYLILLKLPAQ,4,3,2229,22657,False
VDFNPYLILLKVPAQ,3,11,557,1905,False
VDFNPYLLFLGNPQQ,1,12,343,758,False
VDFNPYLLFLKFPAQ,43,3,2229,22657,False
VDFNPYLLFLKIPAQ,1,3,2229,22657,False
VDFNPYLLFLKIPSQ,1,12,343,758,False
VDFNPYLLFLKKPKQ,4,0,1628,17219,False
VDFNPYLLFLKKPQQ,1,0,1628,17219,False
VDFNPYLLFLKKPSQ,1,0,1628,17219,False
VDFNPYLLFLKLPAQ,268,3,2229,22657,False
VDFNPYLLFLKLPLQ,2,3,2229,22657,False
VDFNPYLLFLKLPVQ,1,3,2229,22657,False
VDFNPYLLFLKMPAQ,9,3,2229,22657,False
VDFNPYLLFLKVPAQ,35,3,2229,22657,False
VDFNPYLLFLMLPQQ,1,3,2229,22657,False
VDFNPYLLFLPRPQQ,1,1900,36,36,False
VDFNPYLLFLQWPSQ,2,12,343,758,False
VDFNPYLLFLQWPVQ,2,4,603,1344,False
VDFNPYLLFLQYPIQ,1,2196,13,13,False
VDFNPYLLFLRKPNQ,1,12,343,758,False
VDFNPYLLFLRKPQQ,1,7,629,1764,False
VDFNPYLLFLRKPSQ,2,12,343,758,False
VDFNPYLLFLRVPKQ,2,12,343,758,False
VDFNPYLLFLSQPKQ,1,1522,14,14,False
VDFNPYLLFLTMPVQ,1,12,343,758,False
VDFNPYLLFLTQPNQ,2,2,509,4610,False
VDFNPYLLFLYKPQQ,1,0,1628,17219,False
VDFNPYLLFVKFPAQ,2,3,2229,22657,False
VDFNPYLLLLKFPAQ,9,11,557,1905,False
VDFNPYLLLLKGPAQ,1,11,557,1905,False
VDFNPYLLLLKIPAQ,2,11,557,1905,False
VDFNPYLLLLKLPAQ,28,3,2229,22657,False
VDFNPYLLLLKMPAQ,4,11,557,1905,False
VDFNPYLLLLKVPAQ,14,11,557,1905,False
VDFNPYLLMLKVPAQ,2,11,557,1905,False
VDFNPYLMFLKFPAQ,1,3,2229,22657,False
VDFNPYLMFMKWPAQ,1,2672,7,7,True
VDFNPYLMLLKLPAQ,3,3,2229,22657,False
VDFNPYLMLLKVPAQ,2,11,557,1905,False
VDFNPYLMLLKWPAQ,1,2672,7,7,False
VDFNPYLVFLKFPAQ,13,3,2229,22657,False
VDFNPYLVFLKIPAQ,1,2672,7,7,False
VDFNPYLVFLKLPAQ,18,3,2229,22657,False
VDFNPYLVFLKMPAQ,2,3,2229,22657,False
VDFNPYLVFLKVPAQ,5,19,348,758,False
VDFNPYLVLLKLPAQ,6,3,2229,22657,False
VDFNPYLVLLKMPAQ,1,11,557,1905,False
VDFNPYLVLLKVPAQ,2,11,557,1905,False
VDFNPYLVLLKWPAQ,1,2672,7,7,False
VDFNPYLVLLKWPVQ,1,2672,7,7,False
VDFNPYLWLLKVPAQ,1,11,557,1905,False
VDFNPYMLFLKFPAQ,15,3,2229,22657,False
VDFNPYMLFLKLPAQ,4,3,2229,22657,False
VDFNPYMLFLKVPAQ,3,11,557,1905,False
VDFNPYMLLLKLPAQ,1,11,557,1905,False
VDFNPYMVFLKFPAQ,1,155,109,133,False
VDFNP_FCVVKVPAQ,2,387,6,8,False
VDFQPMLLFLALPVQ,1,4,603,1344,False
VDFQPVLLFLLWPVQ,1,56,210,255,False
VDFQPWLLFLRWPWQ,1,1,1197,10527,False
VDFQSVGVVGQIPGA,1,43,18,30,False
VDFRPGLLFLVLPWQ,1,40,66,76,False
VDFRPMLLFLQFPTQ,1,1575,6,6,False
VDFRPQLLFLFWPHQ,1,1713,18,18,False
VDFRPWLLFLQLPVQ,1,4,603,1344,False
VDFSPWLLLLKLPAQ,1,3,2229,22657,False
VDFVPQLLFLRWPQQ,1,40,66,76,False
VDFWPRLLFLVQPFQ,1,156,79,85,False
VDGAPWLLFLQWPAQ,1,29,67,92,False
VDGCRGCCFCGGRRR,1,354,17,20,False
VDGESAGVVHQIPGA,1,2673,1,1,True
VDGESDEAS*AKGRR,1,2674,1,1,True
VDGESDGGEVESAGA,1,632,8,8,False
VDGESDHRHEESAGA,1,88,4,7,False
VDGESEEVEVESAGA,1,2675,2,2,True
VDGESEGEDEEKAGA,1,277,78,85,False
VDGESEGEEEERAGA,1,81,24,32,False
VDGESEGEGEERPGA,1,141,34,41,False
VDGESEREVQENPGA,1,2676,1,1,True
VDGESGGGEDERPGA,1,2677,1,1,True
VDGESGGGGVQIARR,1,2678,1,1,True
VDGESGGGVVERAGA,1,1105,5,5,False
VDGESVGGGGESAGA,1,1710,5,5,False
VDGGAGAAVSGGAGA,1,169,27,30,False
VDGGAGAAVSVVAAP,1,479,6,7,False
VDGGAVAAVSVVAAP,1,479,6,7,False
VDGGAVAAVSVVPGA,2,149,31,38,False
VDGGAVPAVSGVAGA,1,244,36,38,False
VDGGP*LLFLQLPLQ,1,4,603,1344,False
VDGGPELLFLQWPGQ,1,1713,18,18,False
VDGGPGLAVSGGADA,1,2679,1,1,True
VDGGPGLLFLEGPGQ,1,709,7,7,False
VDGGPGLLFLGGPQQ,1,852,19,19,False
VDGGPGLLFLGGPVL,1,852,19,19,False
VDGGPGLLFLGMPGQ,1,546,32,37,False
VDGGPGLLFLQGPVQ,1,4,603,1344,False
VDGGPGLLVSGRAGP,1,851,3,3,False
VDGGPLLLFLEAAGA,1,709,7,7,False
VDGGPLLLFLFQPWQ,1,1,1197,10527,False
VDGGPLLLFLKTPQQ,1,2680,10,10,True
VDGGPLLLFLLWPQQ,1,2680,10,10,False
VDGGPLLLFLQWPGQ,2,4,603,1344,False
VDGGPLLLFLQWPLQ,2,4,603,1344,False
VDGGPLLLFLQWPVQ,5,4,603,1344,False
VDGGPLLLFLQWPWQ,1,2680,10,10,False
VDGGPLLLFLSGPKQ,1,2680,10,10,False
VDGGPLLLFLSGPVQ,16,4,603,1344,False
VDGGPLLPVSVVAGA,2,529,4,5,True
VDGGPRLLFLLWPQQ,1,2680,10,10,False
VDGGPRLLFLSGPVQ,1,852,19,19,False
VDGGPRLLFLVCPTQ,1,852,19,19,False
VDGGPVLLFLDRPRQ,1,53,100,123,False
VDGGPVLLFLLLPMQ,1,424,27,28,False
VDGGPVLLFLQLPLQ,1,637,44,44,False
VDGGPVLLFLQWPVQ,2,4,603,1344,False
VDGGPWLLFLGLPVQ,5,4,603,1344,False
VDGGPWLLFLLNPKQ,1,522,12,14,False
VDGGPWLLFLLQPEQ,1,522,12,14,False
VDGGPWLLFLLQPGQ,1,1,1197,10527,False
VDGGPWLLFLNQPRQ,1,1,1197,10527,False
VDGGPWLLFLQLPLQ,1,4,603,1344,False
VDGGPWLLFLQLPVQ,9,4,603,1344,False
VDGGPWLLFLQQPAQ,1,242,52,57,False
VDGGPWLLFLQWPGQ,2,29,67,92,False
VDGGPWLLFLQWPLQ,1,637,44,44,False
VDGGPWLLFLQWPNQ,1,29,67,92,False
VDGGPWLLFLQWPSQ,2,29,67,92,False
VDGGPWLLFLQWPVQ,4,56,210,255,False
VDGGPWLLFLRLPSQ,1,2260,14,14,False
VDGGPWLLFLVWPVQ,1,29,67,92,False
VDGGPWLLFWRGRCR,1,531,4,5,False
VDGGPYLLFLRKPSQ,1,12,343,758,False
VDGGRCCCFCSGRGR,2,354,17,20,False
VDGGVEVAGAGFWRR,1,1118,2,2,False
VDGIRGGGG*KGRRR,1,283,32,35,False
VDGIRGGGGGKGRRR,1,57,64,76,False
VDGIRGWGAGNGRRR,1,2681,1,1,True
VDGIRRAA*GKGRRR,2,530,8,9,True
VDGIRSAGSGKARRR,1,530,8,9,False
VDGKSGEVQGERAGA,1,47,4,9,False
VDGKSGGEEEERAGA,1,47,4,9,False
VDGKSGLLLGERAGA,1,216,6,7,False
VDGLPCLLFLQQPVQ,1,4,603,1344,False
VDGLPGLLFLCVPVQ,1,138,47,50,False
VDGLPGLLFLQWPVQ,1,4,603,1344,False
VDGLPLLLFLQWPVQ,5,4,603,1344,False
VDGLPQLLFLILPYQ,1,2682,3,3,True
VDGLPRLLFLQWPMQ,1,221,41,45,False
VDGLPVLLFLQRPGQ,1,53,100,123,False
VDGLPWLLFLLWPLQ,1,29,67,92,False
VDGLPWLLFLQGPQQ,1,221,41,45,False
VDGLPWLLFLQRRCR,2,531,4,5,True
VDGLPWLLFLSLPQQ,1,2682,3,3,False
VDGLPWLLFLVVPVQ,1,138,47,50,False
VDGLPYLLFLFQPQQ,1,357,26,27,False
VDGLPYLLFLQWPGQ,1,15,198,343,False
VDGMPLLLFLQLPWQ,1,4,603,1344,False
VDGMPWLLFLLQPGQ,1,546,32,37,False
VDGMPWLLFLQWPGQ,1,546,32,37,False
VDGNPAEEEEEKAGA,1,144,108,123,False
VDGNPAFFVLKVPAQ,1,250,31,34,False
VDGNPAGEEQEKAGA,1,144,108,123,False
VDGNPAGGMGERAGA,1,2664,5,5,False
VDGNPAGS*KSRRRV,1,2344,2,2,False
VDGNPAIVFLKIPAQ,1,155,109,133,False
VDGNPARWRGKGPAQ,1,535,29,30,False
VDGNPAVV*ANSRRR,1,2683,1,1,True
VDGNPCGRREERAGA,1,287,24,26,False
VDGNPCLLFLKWPAQ,1,3,2229,22657,False
VDGNPDGEQEESAGA,1,2684,5,5,True
VDGNPEGRGGERAGA,1,103,71,80,False
VDGNPEGVEVEMAGA,1,1130,11,11,False
VDGNPEQEEEQRAGA,1,81,24,32,False
VDGNPEVVGVKGPAQ,1,223,23,26,False
VDGNPFGGSGKGRRR,1,1524,2,2,False
VDGNPFRRSRKRPAQ,1,10,1116,1855,False
VDGNPFWGRGKVPAQ,1,535,29,30,False
VDGNPGEERGQRAGA,1,2685,6,6,True
VDGNPGGMLLKLPAQ,1,46,24,36,False
VDGNPGGRRGKRPAQ,1,535,29,30,False
VDGNPGGVEGERAGA,1,103,71,80,False
VDGNPGGVRRKGPAQ,1,1824,17,17,False
VDGNPGGWG*KGRRR,1,283,32,35,False
VDGNPGGWGGKGPAQ,1,223,23,26,False
VDGNPGHGRQERAGA,1,2685,6,6,False
VDGNPGLRVGQMAGA,1,1158,4,4,False
VDGNPGRGRRERAGA,3,26,107,135,False
VDGNPGRRGEQRAGA,1,537,13,14,False
VDGNPGRRREEKAGA,1,105,23,25,False
VDGNPGRRRGKRPAQ,1,535,29,30,False
VDGNPGRVRVQNAGA,1,2685,6,6,False
VDGNPGRWGVKGAGA,1,532,8,9,False
VDGNPGRWWVKGPGA,2,532,8,9,True
VDGNPGSGCRKFPAQ,1,534,9,10,False
VDGNPGSRRSKGPAQ,1,356,19,23,False
VDGNPGVFGGERPGA,1,533,10,11,False
VDGNPGVMRGKGPAQ,1,535,29,30,False
VDGNPGVVEDERAGA,2,103,71,80,False
VDGNPGVVEGERAGA,1,103,71,80,False
VDGNPGWW*NGRRRV,1,948,6,6,False
VDGNPGWWLPRGRAS,1,2686,2,2,True
VDGNPHGGRGKSPAQ,1,502,20,21,False
VDGNPHSCS*NARRR,1,1516,2,2,False
VDGNPIMFKGENAGA,1,533,10,11,False
VDGNPKEEGGERAGA,1,2685,6,6,False
VDGNPKGREEEKAGA,1,2335,5,5,False
VDGNPKGRRGKGPAQ,1,535,29,30,False
VDGNPKGRRLKGPAQ,2,18,393,562,False
VDGNPKGRRSKGPAQ,1,356,19,23,False
VDGNPKMSLVQRAGA,2,438,2,4,False
VDGNPKRGGRKGPAQ,1,534,9,10,False
VDGNPKRRRRKGPAQ,1,10,1116,1855,False
VDGNPKRRRRKRPAQ,2,10,1116,1855,False
VDGNPKRWRRKGPAQ,1,10,1116,1855,False
VDGNPKVEEDEMAGA,1,89,6,10,False
VDGNPKVGVQRAGAG,1,536,9,10,False
VDGNPLCLLLKLPAQ,1,124,39,45,False
VDGNPLGCVRKGPAQ,1,685,5,5,False
VDGNPLGGIWKFPAR,1,2687,1,1,True
VDGNPLGGMLKMAGA,1,1729,3,3,False
VDGNPLIVFVKFPAQ,1,219,41,49,False
VDGNPLLLLVKFPAQ,1,1887,2,2,False
VDGNPLLVLSKARRR,1,249,3,4,False
VDGNPLVLREEMPGA,1,706,6,6,False
VDGNPLVMGGENAGA,2,533,10,11,True
VDGNPLVMRMKGPAQ,1,2688,2,2,True
VDGNPLVMVGKCRRR,1,2689,2,2,True
VDGNPLVVLMKCAGA,1,2690,2,2,True
VDGNPLVVVGERAGA,1,533,10,11,False
VDGNPLVVVVESAGA,1,123,8,12,False
VDGNPLWVVVKLPAQ,1,190,29,31,False
VDGNPMGCMRQSPGA,1,2691,2,2,True
VDGNPMGEEEEKAGA,1,144,108,123,False
VDGNPMVGSVKGPAQ,1,762,4,4,False
VDGNPNGCGRESAGA,1,937,3,3,False
VDGNPNGEEEEKAGA,1,144,108,123,False
VDGNPNGF*GKARRR,1,2581,2,2,False
VDGNPPCGCRKIPAQ,2,534,9,10,True
VDGNPPCRGKCRRRV,1,2692,1,1,True
VDGNPPCVSRKSRRR,1,560,6,7,False
VDGNPPGRRRKGRRR,1,1144,10,10,False
VDGNPPGVEDEKAGA,1,89,6,10,False
VDGNPPRRRGKVPAQ,2,535,29,30,True
VDGNPPSGRRKVPAQ,1,534,9,10,False
VDGNPPVCSGNSRRR,1,34,15,22,False
VDGNPQCFLMKGPAQ,1,1066,5,5,False
VDGNPQGRRRKGPAQ,2,18,393,562,False
VDGNPQMEVEEKAGA,1,1145,6,6,False
VDGNPQRRRGKGPAQ,1,535,29,30,False
VDGNPQRRRRKSPAQ,1,535,29,30,False
VDGNPQRVDEQKAGA,1,1145,6,6,False
VDGNPQRWSGSRRRV,1,2015,2,2,False
VDGNPQWRRRKRPAQ,1,10,1116,1855,False
VDGNPQWWRRKGPAQ,1,18,393,562,False
VDGNPRCCGWKVRRR,1,1146,6,6,False
VDGNPRGEGDERAGA,1,2684,5,5,False
VDGNPRGEQEERAGA,1,2684,5,5,False
VDGNPRGGAGKGRRR,1,259,11,12,False
VDGNPRGGGGERAGA,1,1232,5,5,False
VDGNPRGRRRKGPAQ,1,18,393,562,False
VDGNPRGWRRKGPAQ,1,2346,6,6,False
VDGNPRLRGRKRPAQ,1,2693,9,9,True
VDGNPRRGEERAGAG,2,536,9,10,True
VDGNPRRGGGGKGRR,2,432,2,4,False
VDGNPRRRGRKGAGA,2,537,13,14,True
VDGNPRRRIRKGPAQ,1,2693,9,9,False
VDGNPRRRRQEKAGA,1,105,23,25,False
VDGNPRRRRRKGPAQ,1,535,29,30,False
VDGNPRRRRRKRPAQ,2,10,1116,1855,False
VDGNPRRRRSKGPAQ,1,356,19,23,False
VDGNPRRWRRKGPAQ,1,2346,6,6,False
VDGNPRVLGLKGPGA,1,355,8,9,False
VDGNPRVRRRKGAGA,1,537,13,14,False
VDGNPRWGGGKGRRR,1,605,14,15,False
VDGNPRWQEEEMAGA,1,2694,5,5,True
VDGNPSCVIGKVPAQ,1,535,29,30,False
VDGNPSCVMVKSRRR,1,2695,1,1,True
VDGNPSFGFRKFPAQ,1,155,109,133,False
VDGNPSLWGGNSRRR,1,2696,2,2,True
VDGNPSQGRRESPGA,1,251,8,9,False
VDGNPSRWGVKMPAQ,1,2697,1,1,True
VDGNPSVVRGKRPAQ,1,58,12,16,False
VDGNPTASC*KGRRR,1,59,13,17,False
VDGNPTGEEGAKGRR,1,595,7,8,False
VDGNPTGGQGEMPGA,1,173,7,9,False
VDGNPTGGQGQRAGA,1,103,71,80,False
VDGNPTGGVEENPGA,1,2698,2,2,True
VDGNPTGLVGESPGA,1,2698,2,2,False
VDGNPTGRCCCFCTR,1,2699,1,1,True
VDGNPTGRRRKRPAQ,1,2693,9,9,False
VDGNPTGVDGERPGA,1,103,71,80,False
VDGNPTGWRRKRPAQ,1,187,29,32,False
VDGNPTMSIWKRPAQ,1,162,19,23,False
VDGNPTRGRRKGPAQ,1,162,19,23,False
VDGNPTRWRWKCPAQ,1,143,35,40,False
VDGNPTSSSWKGPGA,1,2700,1,1,True
VDGNPTVEGGEMAGA,1,533,10,11,False
VDGNPTVRHQQSAGA,1,725,3,3,False
VDGNPTWGGEMAGAG,1,536,9,10,False
VDGNPVFLFLKCPAQ,1,155,109,133,False
VDGNPVFVGMKVAGA,1,2690,2,2,False
VDGNPVGEVGQIAGA,1,2685,6,6,False
VDGNPVGFMGKVPRR,1,2701,2,2,True
VDGNPVGGAGKAGAG,1,2702,1,1,True
VDGNPVGGEVESAGA,1,50,45,49,False
VDGNPVGGGVQSAGA,1,129,12,14,False
VDGNPVGLEGQRAGA,1,248,9,10,False
VDGNPVGRIVKGPGA,1,532,8,9,False
VDGNPVGRRRKGPAQ,1,18,393,562,False
VDGNPVGVMRKIPAR,1,2701,2,2,False
VDGNPVICWGKVPAQ,1,535,29,30,False
VDGNPVLGLLKLPAQ,1,164,8,12,False
VDGNPVLRQLQKPGA,1,2703,2,2,True
VDGNPVMVGVQIAGA,1,1730,4,4,False
VDGNPVRLFGKVPAQ,1,535,29,30,False
VDGNPVRRGRKSPAQ,1,2693,9,9,False
VDGNPVVLCCKWPAQ,1,124,39,45,False
VDGNPVVRLVESAGA,1,193,8,10,False
VDGNPVVVQMAGAGF,1,257,6,7,False
VDGNPWFFWLKWPAQ,1,155,109,133,False
VDGNPWGGC*KCRRR,1,59,13,17,False
VDGNPWLLFLKQPNQ,1,1,1197,10527,False
VDGNPWLLFLRKPQQ,1,7,629,1764,False
VDGNPWLLFLTWPQQ,2,1,1197,10527,False
VDGNPWLMLLKGPRR,1,164,8,12,False
VDGNPWLVFLKFPAQ,1,155,109,133,False
VDGNPWRGAGKGRRR,1,477,11,12,False
VDGNPWVLGVKGPAQ,1,223,23,26,False
VDGNPWWLLGKGRRR,1,719,8,8,False
VDGNPYGWLGKRRRR,1,2704,1,1,True
VDGNPYLLFLKKPKQ,1,0,1628,17219,False
VDGNRRGGGANGRRR,1,259,11,12,False
VDGNVVRVGERAGAG,1,536,9,10,False
VDGQPGLLFLGVPGQ,1,17,13,27,False
VDGQPGLLFLVNPSQ,1,2022,6,6,False
VDGQPVLLFLYSPTQ,1,727,9,9,False
VDGQSARRDQEIPGA,1,2032,2,2,False
VDGQSDGQRGERAGA,1,2705,1,1,True
VDGQSDQGEVESPGA,1,2706,1,1,True
VDGRPILLFLGQPVQ,1,357,26,27,False
VDGRPLLLFLWGRRR,2,538,2,3,True
VDGRPRRWF*GWWLP,1,66,2,5,False
VDGRPVLLFLHGPVQ,1,2249,4,4,False
VDGRPWLLFLQIPLQ,1,242,52,57,False
VDGRPWLLFLQLPVQ,1,4,603,1344,False
VDGRPYLLFLQWPLQ,1,15,198,343,False
VDGSPLLLFLWQPVQ,1,4,603,1344,False
VDGSPVLLFLQWPVQ,1,4,603,1344,False
VDGSPWLLFLQWPAQ,1,29,67,92,False
VDGSRCCCFCCCRCR,1,354,17,20,False
VDGTPWLLFLAQPWQ,1,1,1197,10527,False
VDGVPDAVSGGAGAG,1,2707,2,2,True
VDGVPGLLFLASRGR,1,17,13,27,False
VDGVPGLLFLAWPGQ,1,546,32,37,False
VDGVPGLLFLGRPRR,1,2658,4,4,False
VDGVPLLLFLGQPAQ,2,41,88,103,False
VDGVPLLLFLQWPPQ,1,4,603,1344,False
VDGVPLLLFLQWPVQ,1,4,603,1344,False
VDGVPMLLFLKCPAQ,1,2251,10,10,False
VDGVPVLLFLNQPKQ,1,1612,4,4,False
VDGVPVLLFLSRPKQ,1,53,100,123,False
VDGVPWLLFLAQPWQ,1,1,1197,10527,False
VDGVPWLLFLQLPLQ,1,4,603,1344,False
VDGVPWLLFLQVPVQ,3,4,603,1344,False
VDGVPWLLFLQWPLQ,1,29,67,92,False
VDGVPWLLFLQWPMQ,1,29,67,92,False
VDGVRTAGS*KCRRR,1,2708,1,1,True
VDGWAVPAVSDLAVA,1,2709,1,1,True
VDGWPFLLFLQWPLQ,1,29,67,92,False
VDGWPGLLFLQRRAR,1,531,4,5,False
VDGWPGLLFLQWPVQ,1,73,128,146,False
VDGWPLLLFLLLPLQ,1,156,79,85,False
VDGWPLLLFLLVPVQ,1,4,603,1344,False
VDGWPLLLFLQLPGQ,1,4,603,1344,False
VDGWPLLLFLQLPVQ,5,4,603,1344,False
VDGWPLLLFLQWPDQ,1,4,603,1344,False
VDGWPLLLFLQWPLQ,3,4,603,1344,False
VDGWPLLLFLQWPVQ,4,4,603,1344,False
VDGWPLLLFLRQPEQ,2,156,79,85,False
VDGWPLLLFLRQPVQ,1,156,79,85,False
VDGWPMLLFLQVPVQ,1,4,603,1344,False
VDGWPMLLFLQWPGQ,1,1981,4,4,False
VDGWPMLLFLQWPVQ,1,4,603,1344,False
VDGWPQLLFLMVPQQ,1,1980,3,3,False
VDGWPSLAVSGVAGA,1,529,4,5,False
VDGWPVAAVSGGAGA,1,244,36,38,False
VDGWPVLLFC*CRCR,1,311,3,4,False
VDGWPVLLFLLPPLQ,1,53,100,123,False
VDGWPVLLFLQLPVQ,1,4,603,1344,False
VDGWPVLLFLQWPEQ,1,53,100,123,False
VDGWPVLLFLQWPGQ,3,53,100,123,False
VDGWPVLLFLQWPVQ,2,53,100,123,False
VDGWPVLLFLVQPSQ,1,156,79,85,False
VDGWPVRCFCGCRRR,1,2710,3,3,True
VDGWPWLLFLAQPWQ,1,1,1197,10527,False
VDGWPWLLFLGLPLQ,1,29,67,92,False
VDGWPWLLFLQLPLQ,1,1735,7,7,False
VDGWPWLLFLQLPVQ,1,4,603,1344,False
VDGWPWLLFLQVPQQ,1,29,67,92,False
VDGWPWLLFLQVPVQ,1,4,603,1344,False
VDGWPWLLFLQWPTQ,1,29,67,92,False
VDGWPWLLFLQWPVQ,1,29,67,92,False
VDGWPWLLFLWQPGQ,2,1,1197,10527,False
VDGWPWLLFLYQPDQ,1,1,1197,10527,False
VDGWPWLPVSVVPVA,2,465,3,5,False
VDHKPNLLFLYKPGR,2,539,2,3,True
VDHLPQLLFLWQPLQ,1,96,48,56,False
VDHLPWLLFLRQPVQ,1,130,94,113,False
VDHNPYLLFLRKPQQ,4,7,629,1764,False
VDHNPYLLFLRQPSQ,1,12,343,758,False
VDIESGRVLQERAGA,1,158,2,4,False
VDINPAGCVRESPGA,1,2691,2,2,False
VDINPAGSSGKCRRR,2,247,30,35,False
VDINPALLRVQNPGA,1,2711,1,1,True
VDINPARREGENPGA,1,541,7,8,False
VDINPAVCCGKGPAQ,1,153,12,14,False
VDINPAWWGAKSRRR,2,540,2,3,True
VDINPCCFCLKFPAQ,1,155,109,133,False
VDINPDMSVRKVPAQ,1,162,19,23,False
VDINPERRRRKRPAQ,1,10,1116,1855,False
VDINPERVEGESPGA,2,541,7,8,True
VDINPFFLLLKWPAQ,1,542,6,7,False
VDINPFLLFLKFPAQ,1,91,121,166,False
VDINPFLLFLQVPVQ,1,4,603,1344,False
VDINPFLLFLRQPYQ,5,1,1197,10527,False
VDINPFLLLLKLPAQ,1,39,164,242,False
VDINPFMFCCKVPAQ,1,358,19,20,False
VDINPGEEEEEKPGA,1,144,108,123,False
VDINPGGGGGKGRRR,1,146,35,40,False
VDINPGRGHRESPGA,1,541,7,8,False
VDINPICVVVKGPAQ,1,2712,2,2,True
VDINPIRRRRKGPAQ,1,10,1116,1855,False
VDINPIVVGWKCPAQ,1,2712,2,2,False
VDINPKRRRGKWPAQ,1,535,29,30,False
VDINPKRRRRKRPAQ,1,10,1116,1855,False
VDINPLFLLLKVPAQ,1,11,557,1905,False
VDINPLLGLFKGPAQ,1,2713,5,5,True
VDINPLLLFLKMPQQ,1,2680,10,10,False
VDINPLLLFLQLPVQ,5,4,603,1344,False
VDINPLLLFLRSPKQ,1,551,35,36,False
VDINPLLLLLKLPQQ,1,4,603,1344,False
VDINPLLVMGKIPGA,1,1778,2,2,False
VDINPLRVCLKVPAQ,1,19,348,758,False
VDINPLSSS*NCRRR,1,2714,3,3,True
VDINPLVGLVEIAGA,1,64,33,38,False
VDINPMLLFLKLPAQ,1,3,2229,22657,False
VDINPMLLFLKQPKQ,1,0,1628,17219,False
VDINPPCFVGKFPAQ,1,1550,2,2,False
VDINPPCGISKNPGA,1,565,2,3,False
VDINPPCGMGKGPAQ,1,153,12,14,False
VDINPPVVRGKGPAQ,1,153,12,14,False
VDINPPWLRRQSAGA,1,2715,1,1,True
VDINPQGRRRKRPAQ,2,18,393,562,False
VDINPQRRRGKGPAQ,1,535,29,30,False
VDINPRGA*AKCRRR,1,2716,1,1,True
VDINPRGGCGKFPAQ,1,153,12,14,False
VDINPRISLGKVPAQ,1,2717,2,2,True
VDINPRRRRRKRPAQ,1,10,1116,1855,False
VDINPRVCVWKFPAQ,1,185,3,4,False
VDINPSGAS*KSRRR,1,59,13,17,False
VDINPSVGMGKSPAQ,3,153,12,14,True
VDINPSWRRGKMPAQ,1,153,12,14,False
VDINPTGCVWKGPAQ,1,2030,4,4,False
VDINPTGWHGERPGA,1,154,4,7,False
VDINPVFSWVKVPAQ,1,542,6,7,False
VDINPVGRHRQRPGA,3,154,4,7,True
VDINPVIGIRKGRRR,1,2718,2,2,True
VDINPVRLEQEKPGA,1,541,7,8,False
VDINPWFIFLKVPAQ,1,155,109,133,False
VDINPWFVFLKFPAQ,3,155,109,133,True
VDINPWFVFLKVPAQ,1,155,109,133,False
VDINPWGWCS*KCRR,1,2719,1,1,True
VDINPWLFFLKFPAQ,2,155,109,133,False
VDINPWLLFLAYPQQ,16,1,1197,10527,False
VDINPWLLFLKFPAQ,1,155,109,133,False
VDINPWLLFLKLPAQ,1,3,2229,22657,False
VDINPWLLFLKRPWQ,1,1,1197,10527,False
VDINPWLLFLKVPAQ,2,3,2229,22657,False
VDINPWLLFLQAPRQ,2,1,1197,10527,False
VDINPWLLFLQVPMQ,1,1,1197,10527,False
VDINPWLLFLRLPQQ,2,7,629,1764,False
VDINPWLLFLRMPNQ,1,1,1197,10527,False
VDINPWLLFLRQPEQ,1,1,1197,10527,False
VDINPWLLFLRQPPQ,1,1,1197,10527,False
VDINPWLLFLRQPQQ,47,1,1197,10527,False
VDINPWLLFLRQPRQ,1,1,1197,10527,False
VDINPWLLFLRQPSQ,1,1,1197,10527,False
VDINPWLLFLRRPQQ,1,7,629,1764,False
VDINPWLLFLRSPKQ,1,23,142,268,False
VDINPWLLFLRSPQQ,3,7,629,1764,False
VDINPWLLFLRTPQQ,1,7,629,1764,False
VDINPWLLFLRWPQQ,1,7,629,1764,False
VDINPWLLFLSQPVQ,2,1,1197,10527,False
VDINPWLLFLTRPQQ,1,2199,8,8,False
VDINPWLLFLVVPQQ,1,1,1197,10527,False
VDINPWLLLLKVPAQ,2,165,80,105,False
VDINPWLLLLKWPAQ,1,3,2229,22657,False
VDINPWVVVGERAGA,1,543,3,4,False
VDINPYFFLVKWPAQ,2,542,6,7,True
VDINPYLLFLGGPLQ,1,2,509,4610,False
VDINPYLLFLINPQQ,1,2,509,4610,False
VDINPYLLFLITPQQ,1,2,509,4610,False
VDINPYLLFLKFPAQ,2,155,109,133,False
VDINPYLLFLKKPKQ,4,0,1628,17219,False
VDINPYLLFLKKPQQ,1,0,1628,17219,False
VDINPYLLFLKNPNQ,1,2,509,4610,False
VDINPYLLFLKQPKQ,4,0,1628,17219,False
VDINPYLLFLLRPQQ,2,2,509,4610,False
VDINPYLLFLNQPKQ,1,2,509,4610,False
VDINPYLLFLQLPVQ,1,4,603,1344,False
VDINPYLLFLQQPWQ,3,1,1197,10527,False
VDINPYLLFLQRPKQ,1,9,239,562,False
VDINPYLLFLQRPLQ,1,2253,10,10,False
VDINPYLLFLQWPAQ,1,15,198,343,False
VDINPYLLFLQYPIQ,281,2,509,4610,False
VDINPYLLFLQYPKQ,2,0,1628,17219,False
VDINPYLLFLQYPMQ,1,2,509,4610,False
VDINPYLLFLQYPQQ,1,2,509,4610,False
VDINPYLLFLQYPSQ,1,2,509,4610,False
VDINPYLLFLQYPTQ,1,2,509,4610,False
VDINPYLLFLQYPVQ,1,4,603,1344,False
VDINPYLLFLRIPSQ,1,12,343,758,False
VDINPYLLFLRNPKQ,3,0,1628,17219,False
VDINPYLLFLRQPGQ,1,2,509,4610,False
VDINPYLLFLRQPNQ,1,2,509,4610,False
VDINPYLLFLRRPIQ,1,2,509,4610,False
VDINPYLLFLRRPVQ,8,2,509,4610,False
VDINPYLLFLRSPKQ,1,551,35,36,False
VDINPYLLFLRSPRQ,1,551,35,36,False
VDINPYLLFLRVPKQ,1,0,1628,17219,False
VDINPYLLFLSKPQQ,1,0,1628,17219,False
VDINPYLLFLSQPRQ,2,2,509,4610,False
VDINPYLLFLSQPWQ,1,1,1197,10527,False
VDINPYLLFLTQPNQ,7,2,509,4610,False
VDINPYLLFLTQPSQ,1,2,509,4610,False
VDINPYLLFLVKPQQ,1,0,1628,17219,False
VDINPYLLFLVSPQQ,1,2,509,4610,False
VDINPYLLFLYGPQQ,1,2,509,4610,False
VDINPYLLFLYRPAQ,1,2,509,4610,False
VDINPYVLVGEIAGA,2,543,3,4,True
VDIPPAAAVSEEPDP,1,2720,1,1,True
VDIQPILLFLDGPAQ,1,815,4,4,False
VDKEPGLLFLSLPTQ,1,2721,1,1,True
VDKNPWLLFLKLPQQ,1,3,2229,22657,False
VDKQPNLLFLWRPRQ,2,544,8,10,True
VDKSERQQREMAGAG,1,2722,1,1,True
VDKVPLLLFLKKPKQ,1,0,1628,17219,False
VDKWPLLLFLQLPVQ,1,4,603,1344,False
VDLARSCCFCTPRSR,1,2723,1,1,True
VDLCPLLLFLVQPWQ,1,156,79,85,False
VDLCRGCCFCACRSR,1,2051,2,2,False
VDLEPLLLFLYRPQQ,1,156,79,85,False
VDLESAHVRVQMPGA,1,168,3,5,False
VDLESVDVDVQIAGA,1,2724,2,2,True
VDLESVGGGVQRAGA,1,2089,2,2,False
VDLESVRVVGERAGA,1,1643,6,6,False
VDLESVVVGVEIAGA,1,2724,2,2,False
VDLFPVRCFCGSRGR,1,2710,3,3,False
VDLGPFLLFLQWPAQ,1,313,6,8,False
VDLGPGLLFLGGPAQ,1,313,6,8,False
VDLGPKLLFLQWPGQ,1,546,32,37,False
VDLGPLLLFLQWPLQ,1,156,79,85,False
VDLGPMLLFLQWPVQ,1,4,603,1344,False
VDLGPQLLFLVFPEQ,1,156,79,85,False
VDLGPSAAVSVEAGP,1,636,2,2,False
VDLGPVLLFLQWPVQ,1,637,44,44,False
VDLGPVLLFLVQPQQ,1,156,79,85,False
VDLGPWLLFLAQPWQ,1,1,1197,10527,False
VDLGPWLLFLKIPKQ,1,175,27,28,False
VDLGPWLLFLQVPGQ,1,546,32,37,False
VDLGPWLLFLSQPVQ,1,1539,10,10,False
VDLIRPACGSKCRRR,1,678,4,4,False
VDLKSALRDLQMAGR,1,2725,1,1,True
VDLKSAVVRQQRPGA,1,2726,1,1,True
VDLKSVVVGGEIAGA,1,1762,6,6,False
VDLLAVAAVSEVAEA,2,545,5,6,True
VDLLPGLLFLQWPQQ,1,20,111,133,False
VDLLPLLLFLLVPVQ,1,584,26,30,False
VDLLPLLLFLQLPRQ,1,4,603,1344,False
VDLLPLLLFLQLPVQ,1,4,603,1344,False
VDLLPLLLFLVCPVQ,1,156,79,85,False
VDLLPLLLSVRGRCR,1,2727,1,1,True
VDLLPVLLFLQMPGQ,1,546,32,37,False
VDLMPGLLFLNGAVA,1,2728,1,1,True
VDLMPWLLFLGWPGQ,2,546,32,37,True
VDLMPWLLFLQWPVQ,1,546,32,37,False
VDLNCWCWSNCRRRV,2,547,1,2,True
VDLNPACWGGEMAGA,1,2729,2,2,True
VDLNPAGRRGERPGA,1,2730,2,2,True
VDLNPAGRVVEIAGA,1,1126,11,11,False
VDLNPAHQQQERAGA,1,2642,2,2,False
VDLNPARLLLERAGA,1,159,11,15,False
VDLNPCACC*NCRRR,1,59,13,17,False
VDLNPCWCC*NCRRR,1,217,14,15,False
VDLNPDLVGGGKCRR,1,2731,2,2,True
VDLNPDLVWVKLPPG,1,2732,1,1,True
VDLNPEEEGEEKAGA,1,2733,2,2,True
VDLNPEGEEEESAGA,1,2684,5,5,False
VDLNPFCGVGLQSVV,1,2734,1,1,True
VDLNPFCLVCKLPAQ,1,2735,1,1,True
VDLNPFFFSLKCRRR,1,961,2,2,False
VDLNPFFLCLKVPAQ,1,11,557,1905,False
VDLNPFFLFLKVPAQ,1,91,121,166,False
VDLNPFFLLLKFPAQ,2,91,121,166,False
VDLNPFFLLLKVPAQ,1,11,557,1905,False
VDLNPFFVMGKGPAQ,1,528,24,31,False
VDLNPFFVSVQRAGA,1,364,10,12,False
VDLNPFLFFVEIPGA,1,931,2,2,False
VDLNPFLLFLKFPAQ,1,91,121,166,False
VDLNPFLLFLKLPAQ,1,3,2229,22657,False
VDLNPFLLFLKWPAQ,1,91,121,166,False
VDLNPFLLLLKLPAQ,1,39,164,242,False
VDLNPFLLWLKFPAQ,1,91,121,166,False
VDLNPFLVFLKFPAQ,2,91,121,166,False
VDLNPFLVFLKVPAQ,1,14,52,95,False
VDLNPFLVLFNCRRR,1,367,12,13,False
VDLNPFMLFLKVPAQ,1,91,121,166,False
VDLNPFVGGVQMAGA,1,69,21,28,False
VDLNPFVVVLKLPAQ,1,960,4,4,False
VDLNPGAGWSNGRRR,1,599,8,9,False
VDLNPGCCW*KCRRR,1,2657,2,2,False
VDLNPGGLGGANCRR,2,548,3,4,True
VDLNPGGVVLKLPAQ,1,527,17,18,False
VDLNPGGWG*KCRRR,1,77,10,13,False
VDLNPGLGWMKLPAQ,1,2736,1,1,True
VDLNPGLLLVEIAGA,1,738,3,3,False
VDLNPGVVGLESAGA,1,365,35,37,False
VDLNPHFVWVKLPAQ,1,190,29,31,False
VDLNPHWVIMKVPAQ,1,294,5,6,False
VDLNPKEGEEEKPGA,1,2733,2,2,False
VDLNPKLVFLKVPAQ,1,14,52,95,False
VDLNPLCWW*NCRRR,1,1788,6,6,False
VDLNPLDVVVEMAGA,1,413,20,21,False
VDLNPLFCLMKFPAQ,1,25,160,263,False
VDLNPLFCLVKLPAQ,1,190,29,31,False
VDLNPLFFLFKLPAQ,2,25,160,263,False
VDLNPLFLVGKLPGA,1,2737,1,1,True
VDLNPLFVCVKFPAQ,1,37,12,17,False
VDLNPLFVLLKFPAQ,1,155,109,133,False
VDLNPLGVVVESAGA,1,364,10,12,False
VDLNPLLFILKFRRR,1,2738,2,2,True
VDLNPLLIFLKFPAQ,1,2059,14,14,False
VDLNPLLILLKLPAQ,1,2713,5,5,False
VDLNPLLIWWKWPAQ,1,142,20,22,False
VDLNPLLLFFNSRRR,1,1647,2,2,False
VDLNPLLLFLQWPSQ,1,4,603,1344,False
VDLNPLLLFLQWPVQ,4,4,603,1344,False
VDLNPLLLGVEIPGA,1,1780,5,5,False
VDLNPLLLLKLPAQG,1,152,12,19,False
VDLNPLLLLLKMPAQ,1,39,164,242,False
VDLNPLLLLLKQPAQ,1,39,164,242,False
VDLNPLLLLVKWPAQ,1,142,20,22,False
VDLNPLLLVFKLPAQ,1,1543,9,9,False
VDLNPLLVCSNCRRR,1,367,12,13,False
VDLNPLLVVLKMPAQ,1,19,348,758,False
VDLNPLMVVGEIAGA,1,413,20,21,False
VDLNPLRC*A*NCRR,1,2739,2,2,True
VDLNPLRGGVKGPAA,1,2740,3,3,True
VDLNPLRVLVKLPAA,1,2740,3,3,False
VDLNPLVGVG*NCRR,1,2739,2,2,False
VDLNPLVLLGENAGA,1,533,10,11,False
VDLNPLVMMWNRRRV,1,2741,1,1,True
VDLNPLVVGLKLPAQ,1,190,29,31,False
VDLNPLWCGSNCRRR,1,599,8,9,False
VDLNPLWGLVQSAGA,1,1805,3,3,False
VDLNPLWLLLKMPAQ,1,39,164,242,False
VDLNPLWVFLKVPAQ,1,19,348,758,False
VDLNPLWVVLKVPAQ,1,19,348,758,False
VDLNPLWW*NCRRRV,1,948,6,6,False
VDLNPLWWLVKWPGA,1,1771,2,2,False
VDLNPMAGCAKSRRR,1,2742,2,2,True
VDLNPMLVVVKLPAQ,1,142,20,22,False
VDLNPMMLFFKWPAQ,1,91,121,166,False
VDLNPPGGFCKVPAQ,1,411,9,11,False
VDLNPQWVVVKMPAQ,1,190,29,31,False
VDLNPRGGSWKIPGA,1,2743,1,1,True
VDLNPRILLFKLPAQ,1,191,17,19,False
VDLNPRRRRRKVPAQ,1,440,22,23,False
VDLNPRRVEEEKAGA,1,1186,6,6,False
VDLNPSFMVLKCPAG,1,2744,1,1,True
VDLNPSIVLMKLPGA,1,2745,1,1,True
VDLNPSVLCVKLPGA,1,1790,2,2,False
VDLNPTCSIRKGPRR,1,441,3,4,False
VDLNPTGVGGKTRRR,1,1793,2,2,False
VDLNPVDLVVQSAGA,1,2746,3,3,True
VDLNPVFVLLKFPAQ,1,155,109,133,False
VDLNPVGGGC*NCRR,1,548,3,4,False
VDLNPVGRHGESAGA,1,2664,5,5,False
VDLNPVGWLWKGPAR,1,2747,2,2,True
VDLNPVLVLLKSRRR,2,164,8,12,False
VDLNPVLVVGKGPAQ,1,602,4,5,False
VDLNPVRGGVQRAGA,1,1201,5,5,False
VDLNPVRLRVEMAGA,1,706,6,6,False
VDLNPVSVGESAGAG,1,2748,2,2,True
VDLNPVVGFLKRPAQ,1,411,9,11,False
VDLNPVVGVDEIAGA,1,64,33,38,False
VDLNPVVGVSKVPAQ,1,602,4,5,False
VDLNPVVLLLESAGA,1,61,15,21,False
VDLNPVVRVVQRAGA,1,2746,3,3,False
VDLNPVWGVLKLPAQ,1,600,6,7,False
VDLNPVWLLFKLPAQ,1,191,17,19,False
VDLNPVWLWLKLPAQ,1,165,80,105,False
VDLNPWCVWFKVPAQ,2,165,80,105,False
VDLNPWCWASKCRRR,1,2749,3,3,True
VDLNPWFIFLKVPAQ,1,155,109,133,False
VDLNPWFLWLKLPAQ,1,165,80,105,False
VDLNPWFLWLKWPAQ,2,165,80,105,False
VDLNPWFVFLKIPAQ,1,155,109,133,False
VDLNPWFVFLKLPAQ,1,155,109,133,False
VDLNPWLFFLKVPAQ,3,3,2229,22657,False
VDLNPWLIFLKLPAQ,1,3,2229,22657,False
VDLNPWLIFLKVPAQ,1,3,2229,22657,False
VDLNPWLLCMKCRRR,1,2749,3,3,False
VDLNPWLLFLAQPWQ,2,1,1197,10527,False
VDLNPWLLFLFQPKQ,1,1,1197,10527,False
VDLNPWLLFLFQPVQ,2,1,1197,10527,False
VDLNPWLLFLGLPVQ,1,4,603,1344,False
VDLNPWLLFLGQPAQ,1,1,1197,10527,False
VDLNPWLLFLGQPVQ,2,1,1197,10527,False
VDLNPWLLFLGVPVQ,1,546,32,37,False
VDLNPWLLFLKFPAQ,5,3,2229,22657,False
VDLNPWLLFLKKPKQ,2,0,1628,17219,False
VDLNPWLLFLKLPAQ,50,3,2229,22657,False
VDLNPWLLFLKLPGA,1,3,2229,22657,False
VDLNPWLLFLKQPRQ,1,1,1197,10527,False
VDLNPWLLFLKVPAQ,38,3,2229,22657,False
VDLNPWLLFLKWPAQ,7,3,2229,22657,False
VDLNPWLLFLLQPAQ,1,1,1197,10527,False
VDLNPWLLFLQLPAQ,5,3,2229,22657,False
VDLNPWLLFLQLPGQ,5,4,603,1344,False
VDLNPWLLFLQLPVQ,83,4,603,1344,False
VDLNPWLLFLQVPAQ,1,14,52,95,False
VDLNPWLLFLQWPAQ,2,546,32,37,False
VDLNPWLLFLQWPLQ,1,546,32,37,False
VDLNPWLLFLQWPRQ,2,546,32,37,False
VDLNPWLLFLQYPRQ,1,1,1197,10527,False
VDLNPWLLFLRLPQQ,1,7,629,1764,False
VDLNPWLLFLRLPSQ,1,2260,14,14,False
VDLNPWLLFLRLPVQ,1,4,603,1344,False
VDLNPWLLFLRLPWQ,1,1,1197,10527,False
VDLNPWLLFLRMPNQ,1,1,1197,10527,False
VDLNPWLLFLRQPAQ,2,1,1197,10527,False
VDLNPWLLFLRQPLQ,1,1,1197,10527,False
VDLNPWLLFLRRPQQ,10,7,629,1764,False
VDLNPWLLFLRTPFQ,1,551,35,36,False
VDLNPWLLFLRVPAQ,1,14,52,95,False
VDLNPWLLFLSLPAQ,1,3,2229,22657,False
VDLNPWLLFLSLPQQ,37,1,1197,10527,False
VDLNPWLLFLSLPYQ,1,1539,10,10,False
VDLNPWLLFLSQPGQ,1,1,1197,10527,False
VDLNPWLLFLSQPKQ,1,1,1197,10527,False
VDLNPWLLFLSQPVQ,3,1,1197,10527,False
VDLNPWLLFLSRPRQ,1,1,1197,10527,False
VDLNPWLLFLTRPQQ,1,1,1197,10527,False
VDLNPWLLFLTVPAQ,2,14,52,95,False
VDLNPWLLFLVQPDQ,1,1,1197,10527,False
VDLNPWLLFLYQPDQ,4,1,1197,10527,False
VDLNPWLLLKLPAQG,1,2117,3,3,False
VDLNPWLLLLKFPAQ,2,3,2229,22657,False
VDLNPWLLLLKLPAQ,4,3,2229,22657,False
VDLNPWLLLLKVPAQ,3,3,2229,22657,False
VDLNPWLLLLKWPAQ,3,3,2229,22657,False
VDLNPWLLWLKFPAQ,1,165,80,105,False
VDLNPWLLWLKLPAQ,6,3,2229,22657,False
VDLNPWLLWLKVPAQ,3,3,2229,22657,False
VDLNPWLLWLKWPAQ,1,165,80,105,False
VDLNPWLMCAKGRRR,1,2742,2,2,False
VDLNPWLVFLKFPAQ,4,3,2229,22657,False
VDLNPWLVFLKLPAQ,8,3,2229,22657,False
VDLNPWLVFLKMPAQ,1,155,109,133,False
VDLNPWLVFLKVPAQ,2,155,109,133,False
VDLNPWLVGVQSPGA,1,963,3,3,False
VDLNPWLVLLKVPAQ,1,1794,11,11,False
VDLNPWLVWFKLPAQ,1,1794,11,11,False
VDLNPWLVWLKLPAQ,9,3,2229,22657,False
VDLNPWLWFLKWPAQ,2,3,2229,22657,False
VDLNPWLWGVKLPAQ,1,108,17,20,False
VDLNPWMLFLKFPAQ,1,91,121,166,False
VDLNPWMLFLKLPAQ,3,3,2229,22657,False
VDLNPWMLFLKMPAQ,3,91,121,166,False
VDLNPWMLFLKVPAQ,3,91,121,166,False
VDLNPWRILWKWPAQ,1,1794,11,11,False
VDLNPWVGVVKVPAQ,1,2655,3,3,False
VDLNPWVLLVKVPAQ,1,414,11,12,False
VDLNPWVVVLERAGA,1,564,8,9,False
VDLNPWWCVVESAGA,1,2746,3,3,False
VDLNPYFLLLKWPAQ,1,11,557,1905,False
VDLNPYLIFLKWPAQ,1,1018,6,6,False
VDLNPYLLFLIQPKQ,1,0,1628,17219,False
VDLNPYLLFLIQPRQ,22,1,1197,10527,False
VDLNPYLLFLKFPAQ,1,91,121,166,False
VDLNPYLLFLKKPKQ,2,0,1628,17219,False
VDLNPYLLFLKKPVQ,1,0,1628,17219,False
VDLNPYLLFLKLPAQ,1,3,2229,22657,False
VDLNPYLLFLKRPQQ,6,0,1628,17219,False
VDLNPYLLFLKVPAQ,1,14,52,95,False
VDLNPYLLFLLYPLQ,1,156,79,85,False
VDLNPYLLFLQLPMQ,1,4,603,1344,False
VDLNPYLLFLRSPYQ,1,551,35,36,False
VDLNPYLLFLTQPNQ,3,2,509,4610,False
VDLNPYLVFLKLPAQ,1,3,2229,22657,False
VDLNRRWWC*NSRRR,1,2750,1,1,True
VDLQPLLLFLLLPLQ,1,156,79,85,False
VDLQPLLLFLVQPVQ,1,156,79,85,False
VDLQPWLLFLLQPWQ,1,1,1197,10527,False
VDLRPVLLFLQWPGQ,1,546,32,37,False
VDLRPWLLFLQWPVQ,2,56,210,255,False
VDLTPRLLFLASPEQ,1,2751,2,2,True
VDLVPFLLFLQLPAQ,1,1595,8,8,False
VDLVPLLLFLQGPGA,1,2658,4,4,False
VDLVPLLLFLQWPEQ,1,4,603,1344,False
VDLVPMLLFLQLPAQ,1,4,603,1344,False
VDLVPRLLFLQWPVQ,1,4,603,1344,False
VDLVPVAAVSVAAGA,1,1213,3,3,False
VDLVPVLLFLQCPVQ,1,4,603,1344,False
VDLVPWLLFLQWPGQ,2,546,32,37,False
VDLVPWLLFLRTPFQ,1,130,94,113,False
VDLWP*LLFLKWPVQ,2,20,111,133,False
VDLWPLLLFLLWPAA,1,1611,2,2,False
VDLWPLLLFLQLPAQ,1,4,603,1344,False
VDLWPLLLFLQLPVQ,1,4,603,1344,False
VDLWPLLLFLQWPGQ,1,156,79,85,False
VDLWPLLLFLQWPKQ,1,156,79,85,False
VDLWPLLLFLQYPIQ,1,156,79,85,False
VDLWPLLLFLSQPVQ,1,156,79,85,False
VDLWPLLLFLVQPLQ,3,156,79,85,True
VDLWPLLLFLVQPWQ,1,156,79,85,False
VDLWPLRCFWWSRSR,1,649,3,3,False
VDLWPRLLFLQWPAQ,1,20,111,133,False
VDLWPVLLFLLPPEA,1,2752,1,1,True
VDLWPVLLFLQSPLQ,1,156,79,85,False
VDLWPWLLFLQLPGQ,1,546,32,37,False
VDLWPWLLFLQLPVQ,2,4,603,1344,False
VDLWPWLLFLQSPAQ,1,156,79,85,False
VDLWPWLLFLQWPRQ,1,546,32,37,False
VDLWPWLLFLQWPSQ,1,73,128,146,False
VDLWPWLLFLSQPVQ,1,156,79,85,False
VDLWPWLLFLVQPVQ,1,156,79,85,False
VDMDPELLFLGAPGG,2,549,2,3,True
VDMDPWLLFLSQPVQ,1,1,1197,10527,False
VDMDPWLLFLWQPGQ,1,1,1197,10527,False
VDMESARQQRERAGA,1,2753,2,2,True
VDMESGGVRVQSAGA,2,550,5,6,True
VDMGPLLLFLQWPGQ,1,4,603,1344,False
VDMGPMLLFLQWPLQ,1,637,44,44,False
VDMGPVLLFLMQPQQ,1,813,9,9,False
VDMGPWLLFLQWPVQ,1,56,210,255,False
VDMIRRAGAGKCRRR,1,530,8,9,False
VDMKSDHVHEESAGA,4,88,4,7,True
VDMKSDVGHEENAGA,1,88,4,7,False
VDMKSVRGDRQIPGA,1,2754,1,1,True
VDMLPLLLFLQLPVQ,1,4,603,1344,False
VDMLPWLLFCCCRGR,1,2364,2,2,False
VDMLPWLLFLQLPSQ,1,4,603,1344,False
VDMMPLLLFLLLPGA,1,2755,3,3,True
VDMMPLLLFLQWPGQ,1,546,32,37,False
VDMNP*LLFLRQPYQ,1,1,1197,10527,False
VDMNP*LLFLSQPVQ,1,1,1197,10527,False
VDMNPACGMGKGPAQ,1,111,39,45,False
VDMNPACISRKRPAQ,3,157,11,15,True
VDMNPACRRRKIPAQ,2,157,11,15,False
VDMNPAELDEEMPGA,1,159,11,15,False
VDMNPARRRRKMPAQ,1,10,1116,1855,False
VDMNPAVGGGKGPAQ,1,372,11,12,False
VDMNPAVLRGERPGA,1,2730,2,2,False
VDMNPCGCWGRRTRV,1,2756,1,1,True
VDMNPCSFFGKFPAQ,1,2351,2,2,False
VDMNPCVWMVKIAGA,1,2757,1,1,True
VDMNPFFLFLKLPAQ,1,3,2229,22657,False
VDMNPFFVGVQIAGA,1,69,21,28,False
VDMNPFLLFLKLPAQ,1,3,2229,22657,False
VDMNPFLLFLKQPVQ,1,1,1197,10527,False
VDMNPFLLFLQWPAQ,1,4,603,1344,False
VDMNPFLLFLRQPKQ,1,551,35,36,False
VDMNPFLLFLRQPVQ,6,1,1197,10527,False
VDMNPFLLFLRSPRQ,1,551,35,36,False
VDMNPFLLFLRSPTQ,1,551,35,36,False
VDMNPFLLFLTQPWQ,2,1,1197,10527,False
VDMNPFLLLLKLPAQ,1,39,164,242,False
VDMNPFLPFLRQPVQ,1,551,35,36,False
VDMNPFMLLLKVPAQ,1,165,80,105,False
VDMNPGCVVLKMPAQ,1,973,5,5,False
VDMNPGGEDRESAGA,1,1723,4,4,False
VDMNPGGLWGKGPAQ,1,1824,17,17,False
VDMNPGLVEEESAGA,1,568,6,7,False
VDMNPGRKHEESPGA,1,2758,1,1,True
VDMNPIGSMGKLPAQ,1,2759,4,4,True
VDMNPKGRRRKRPAQ,1,10,1116,1855,False
VDMNPKGRSRKRPAQ,1,157,11,15,False
VDMNPKRRRCKCPAQ,1,10,1116,1855,False
VDMNPKRSMRKRPAQ,1,10,1116,1855,False
VDMNPLFLLLKLPAQ,2,11,557,1905,False
VDMNPLFVLLKLPAQ,1,155,109,133,False
VDMNPLFVLLKMPAQ,1,155,109,133,False
VDMNPLGRHGESPGA,1,173,7,9,False
VDMNPLLLFLKFPAQ,2,3,2229,22657,False
VDMNPLLLFLKLPAQ,3,3,2229,22657,False
VDMNPLLLFLKMPAQ,1,3,2229,22657,False
VDMNPLLLFLKWPAQ,1,54,100,139,False
VDMNPLLLFLQLPVQ,1,4,603,1344,False
VDMNPLLLFLQMPAQ,2,4,603,1344,False
VDMNPLLLFLQWPTQ,1,4,603,1344,False
VDMNPLLLFLRGPMQ,1,54,100,139,False
VDMNPLLLFLRQPYQ,1,54,100,139,False
VDMNPLLLFLSQPVQ,2,4,603,1344,False
VDMNPLLLLLKLPAQ,1,3,2229,22657,False
VDMNPLLLLLKMPAQ,2,39,164,242,False
VDMNPLLVFLKLPAQ,1,3,2229,22657,False
VDMNPLVLS*KCRRR,1,2689,2,2,False
VDMNPLWFFRERPGA,1,2760,1,1,True
VDMNPMCGSGKRPAQ,1,157,11,15,False
VDMNPMLLFLRNPKQ,1,1313,4,4,False
VDMNPMLLFLRWPQQ,1,54,100,139,False
VDMNPMVIFGKMPRR,1,2761,1,1,True
VDMNPMVWRSKMPAQ,1,2384,2,2,False
VDMNPNGRRRKWPAQ,1,18,393,562,False
VDMNPNRRRRKRPAQ,1,10,1116,1855,False
VDMNPPLQVVQKAGA,1,2762,1,1,True
VDMNPPLRIRERAGA,1,2763,1,1,True
VDMNPPSSRGKVPGA,1,42,2,7,False
VDMNPPSVRWKVAGA,6,42,2,7,True
VDMNPPVGQEERAGA,1,2382,2,2,False
VDMNPQCCRRKVPAQ,1,157,11,15,False
VDMNPQLLFLGPPAG,1,549,2,3,False
VDMNPQLLFLVLPQQ,1,4,603,1344,False
VDMNPQLSRRGKFPA,1,2764,1,1,True
VDMNPQRRRRKRPAQ,1,10,1116,1855,False
VDMNPQRWLRKRPAQ,1,157,11,15,False
VDMNPQRWRRKVPAQ,1,143,35,40,False
VDMNPRGGRRKRPAQ,1,1548,11,11,False
VDMNPRGGWSKCRRR,1,2442,2,2,False
VDMNPRGRSRKRPAQ,1,157,11,15,False
VDMNPRLLFLASPYQ,1,2751,2,2,False
VDMNPRLLFLRNPLQ,1,54,100,139,False
VDMNPRLLFLRRPWQ,1,1,1197,10527,False
VDMNPRMCFRKIPAQ,1,2765,1,1,True
VDMNPRRRRRKGPAQ,1,1234,22,22,False
VDMNPSCGDQERAGA,1,2766,1,1,True
VDMNPSFVILKFPAQ,1,155,109,133,False
VDMNPSVFMRSAGAG,1,2767,1,1,True
VDMNPSWRQGENAGA,1,2377,2,2,False
VDMNPTGCRRKSPAQ,1,1548,11,11,False
VDMNPTRRRRKGPAQ,1,10,1116,1855,False
VDMNPTRRVLKGPAQ,1,372,11,12,False
VDMNPTRSMGKGPAQ,2,162,19,23,False
VDMNPTWRRRKGPAQ,1,18,393,562,False
VDMNPVFRRRKRPAQ,1,10,1116,1855,False
VDMNPVLLFLKKPKQ,1,0,1628,17219,False
VDMNPVSFSYKIPAQ,1,2768,2,2,True
VDMNPVSSIRKIPAQ,1,2768,2,2,False
VDMNPWFMLLKWRRV,1,368,2,3,False
VDMNPWFVFLKLPAQ,2,155,109,133,False
VDMNPWFVFLKMPAQ,1,155,109,133,False
VDMNPWLFFLKFPAQ,5,3,2229,22657,False
VDMNPWLFFLKLPAQ,2,3,2229,22657,False
VDMNPWLFFLKVPAQ,2,3,2229,22657,False
VDMNPWLFLLKLPAQ,1,3,2229,22657,False
VDMNPWLIFLKLPAQ,2,3,2229,22657,False
VDMNPWLLFLAQPGQ,1,1,1197,10527,False
VDMNPWLLFLAQPRQ,1,1,1197,10527,False
VDMNPWLLFLAQPWQ,15,1,1197,10527,False
VDMNPWLLFLAQPYQ,1,1,1197,10527,False
VDMNPWLLFLDQPAQ,1,1,1197,10527,False
VDMNPWLLFLDQPMQ,1,1,1197,10527,False
VDMNPWLLFLEGPVQ,1,1,1197,10527,False
VDMNPWLLFLGRPRQ,13,9,239,562,False
VDMNPWLLFLGRPVQ,1,9,239,562,False
VDMNPWLLFLHKPVQ,1,1,1197,10527,False
VDMNPWLLFLILPGQ,1,1,1197,10527,False
VDMNPWLLFLKFPAQ,7,3,2229,22657,False
VDMNPWLLFLKKPKQ,6,0,1628,17219,False
VDMNPWLLFLKLPAQ,34,3,2229,22657,False
VDMNPWLLFLKMPAQ,11,3,2229,22657,False
VDMNPWLLFLKMPYQ,3,1,1197,10527,False
VDMNPWLLFLKNPQQ,1,1,1197,10527,False
VDMNPWLLFLKQPEQ,1,1,1197,10527,False
VDMNPWLLFLKQPGQ,1,1,1197,10527,False
VDMNPWLLFLKQPKQ,1,1,1197,10527,False
VDMNPWLLFLKQPNQ,2,1,1197,10527,False
VDMNPWLLFLKQPRQ,1,1,1197,10527,False
VDMNPWLLFLKRPTQ,1,9,239,562,False
VDMNPWLLFLKVPAQ,66,3,2229,22657,False
VDMNPWLLFLKVPLQ,3,1,1197,10527,False
VDMNPWLLFLKVPYQ,2,1,1197,10527,False
VDMNPWLLFLKWPAQ,2,3,2229,22657,False
VDMNPWLLFLLEPGQ,1,1,1197,10527,False
VDMNPWLLFLLFPAQ,1,1,1197,10527,False
VDMNPWLLFLLGPVQ,1,1,1197,10527,False
VDMNPWLLFLLRPDQ,2,9,239,562,False
VDMNPWLLFLLTPFQ,1,1,1197,10527,False
VDMNPWLLFLLTPQQ,4,1,1197,10527,False
VDMNPWLLFLMWPQQ,1,1,1197,10527,False
VDMNPWLLFLNNPNQ,1,1573,36,36,False
VDMNPWLLFLQAPQQ,1,9,239,562,False
VDMNPWLLFLQFPIQ,1,9,239,562,False
VDMNPWLLFLQLPAQ,2,3,2229,22657,False
VDMNPWLLFLQLPGQ,2,4,603,1344,False
VDMNPWLLFLQLPQQ,1,4,603,1344,False
VDMNPWLLFLQLPVQ,5,4,603,1344,False
VDMNPWLLFLQQPKQ,1,9,239,562,False
VDMNPWLLFLQRPKQ,4,9,239,562,False
VDMNPWLLFLQRPLQ,2,9,239,562,False
VDMNPWLLFLQVPQQ,1,9,239,562,False
VDMNPWLLFLQVPVQ,3,4,603,1344,False
VDMNPWLLFLQWPAQ,1,9,239,562,False
VDMNPWLLFLQWPGQ,5,9,239,562,False
VDMNPWLLFLQWPVQ,3,4,603,1344,False
VDMNPWLLFLRAPIQ,1,54,100,139,False
VDMNPWLLFLRGPWQ,2,1,1197,10527,False
VDMNPWLLFLRLPQQ,1,7,629,1764,False
VDMNPWLLFLRLPSQ,4,1,1197,10527,False
VDMNPWLLFLRMPAQ,1,1,1197,10527,False
VDMNPWLLFLRMPGQ,1,1,1197,10527,False
VDMNPWLLFLRMPKQ,1,9,239,562,False
VDMNPWLLFLRMPNQ,2,1,1197,10527,False
VDMNPWLLFLRMPRQ,2,1,1197,10527,False
VDMNPWLLFLRMPVQ,1,1,1197,10527,False
VDMNPWLLFLRNPWQ,2,1,1197,10527,False
VDMNPWLLFLRQPAQ,1,1,1197,10527,False
VDMNPWLLFLRQPGQ,20,1,1197,10527,False
VDMNPWLLFLRQPKQ,4,1,1197,10527,False
VDMNPWLLFLRQPPQ,1,1,1197,10527,False
VDMNPWLLFLRQPSQ,7,1,1197,10527,False
VDMNPWLLFLRQPTQ,1,1,1197,10527,False
VDMNPWLLFLRQPWQ,1,1,1197,10527,False
VDMNPWLLFLRQPYQ,2,1,1197,10527,False
VDMNPWLLFLRRPQQ,1,7,629,1764,False
VDMNPWLLFLRSPQQ,1,7,629,1764,False
VDMNPWLLFLRSPRQ,2,1,1197,10527,False
VDMNPWLLFLRTPFQ,3,1,1197,10527,False
VDMNPWLLFLRTPQQ,2,7,629,1764,False
VDMNPWLLFLRVPVQ,1,1,1197,10527,False
VDMNPWLLFLRYPFQ,1,551,35,36,False
VDMNPWLLFLRYPQQ,2,7,629,1764,False
VDMNPWLLFLSGPTQ,1,1,1197,10527,False
VDMNPWLLFLSKPQQ,1,7,629,1764,False
VDMNPWLLFLSLPEQ,1,1,1197,10527,False
VDMNPWLLFLSLPQQ,5,1,1197,10527,False
VDMNPWLLFLSMPTQ,1,1,1197,10527,False
VDMNPWLLFLSQLVQ,2,1,1197,10527,False
VDMNPWLLFLSQPAQ,30,1,1197,10527,False
VDMNPWLLFLSQPDQ,1,1,1197,10527,False
VDMNPWLLFLSQPEQ,2,1,1197,10527,False
VDMNPWLLFLSQPFQ,1,1,1197,10527,False
VDMNPWLLFLSQPGQ,4,1,1197,10527,False
VDMNPWLLFLSQPIQ,1,1,1197,10527,False
VDMNPWLLFLSQPKQ,11,1,1197,10527,False
VDMNPWLLFLSQPNQ,7,1,1197,10527,False
VDMNPWLLFLSQPPQ,1,1,1197,10527,False
VDMNPWLLFLSQPQQ,3,1,1197,10527,False
VDMNPWLLFLSQPRQ,7,1,1197,10527,False
VDMNPWLLFLSQPTQ,2,1,1197,10527,False
VDMNPWLLFLSQPVA,1,1,1197,10527,False
VDMNPWLLFLSQPVH,1,1,1197,10527,False
VDMNPWLLFLSQPVQ,1383,1,1197,10527,False
VDMNPWLLFLSQPWQ,14,1,1197,10527,False
VDMNPWLLFLSVPGQ,1,1,1197,10527,False
VDMNPWLLFLSVPRQ,1,1,1197,10527,False
VDMNPWLLFLSYPIQ,1,1,1197,10527,False
VDMNPWLLFLSYPPQ,1,1,1197,10527,False
VDMNPWLLFLTFPAQ,1,1,1197,10527,False
VDMNPWLLFLTNPRQ,1,1,1197,10527,False
VDMNPWLLFLTQPNQ,4,1,1197,10527,False
VDMNPWLLFLTRPQQ,5,9,239,562,False
VDMNPWLLFLTVPAQ,3,1,1197,10527,False
VDMNPWLLFLVLPVQ,2,4,603,1344,False
VDMNPWLLFLVQPDQ,4,1,1197,10527,False
VDMNPWLLFLVQPKQ,1,1,1197,10527,False
VDMNPWLLFLVQPNQ,1,1,1197,10527,False
VDMNPWLLFLVQPPQ,1,1,1197,10527,False
VDMNPWLLFLVQPSQ,3,1,1197,10527,False
VDMNPWLLFLVQPWQ,2,1,1197,10527,False
VDMNPWLLFLWKPKQ,1,9,239,562,False
VDMNPWLLFLWKPQQ,1,7,629,1764,False
VDMNPWLLFLWLPYQ,1,1,1197,10527,False
VDMNPWLLFLYQPDQ,2,1,1197,10527,False
VDMNPWLLFLYQPKQ,1,1,1197,10527,False
VDMNPWLLFLYRPQQ,3,9,239,562,False
VDMNPWLLFLYTPRQ,1,1,1197,10527,False
VDMNPWLLLLKFPAQ,3,3,2229,22657,False
VDMNPWLLLLKLPAQ,6,3,2229,22657,False
VDMNPWLLLLKLPVQ,1,3,2229,22657,False
VDMNPWLLLLKVPAQ,1,165,80,105,False
VDMNPWLLLLKWPAQ,1,3,2229,22657,False
VDMNPWLLMLKLPAQ,1,3,2229,22657,False
VDMNPWLLWLKFPAQ,1,165,80,105,False
VDMNPWLLWLKLPAQ,2,3,2229,22657,False
VDMNPWLLWLKVPAQ,6,3,2229,22657,False
VDMNPWLLWMKFPAQ,1,165,80,105,False
VDMNPWLMFLKFPAQ,1,155,109,133,False
VDMNPWLPFLVQPDQ,1,1,1197,10527,False
VDMNPWLVFLKFPAQ,3,155,109,133,False
VDMNPWLVFLKLPAQ,6,3,2229,22657,False
VDMNPWLVLLKLPAQ,1,3,2229,22657,False
VDMNPWLVLLKVPAQ,1,19,348,758,False
VDMNPWLVWLKLPAQ,1,3,2229,22657,False
VDMNPWLVWLKVPAQ,1,19,348,758,False
VDMNPWLWWLKLPAQ,1,3,2229,22657,False
VDMNPWMLFFKLPAQ,1,3,2229,22657,False
VDMNPWMLFLKLPAQ,1,3,2229,22657,False
VDMNPWMLFLKWPAQ,8,3,2229,22657,False
VDMNPWMLWLKVPAQ,1,165,80,105,False
VDMNPWPLFLSQPVQ,1,1,1197,10527,False
VDMNPWWCW*NGRRR,1,2769,1,1,True
VDMNPWWWDVEIAGA,1,1368,3,3,False
VDMNPYLLFLAGPQQ,2,1,1197,10527,False
VDMNPYLLFLKKPKQ,2,0,1628,17219,False
VDMNPYLLFLKKPNQ,1,0,1628,17219,False
VDMNPYLLFLKMPAQ,1,0,1628,17219,False
VDMNPYLLFLKMPKQ,1,0,1628,17219,False
VDMNPYLLFLKQPKQ,1,0,1628,17219,False
VDMNPYLLFLQWPVQ,1,4,603,1344,False
VDMNPYLLFLQYPIQ,1,2196,13,13,False
VDMNPYLLFLRKPKQ,1,0,1628,17219,False
VDMNPYLLFLRNPKQ,2,0,1628,17219,False
VDMNPYLLFLRRPFQ,1,551,35,36,False
VDMNPYLLFLRSPKQ,1,551,35,36,False
VDMNPYLLFLRVPKQ,1,0,1628,17219,False
VDMNPYLLFLSQPKQ,1,0,1628,17219,False
VDMNPYLLFLSQPRQ,3,1,1197,10527,False
VDMNPYLLFLSRPQQ,1,1900,36,36,False
VDMNPYLLFLTHPVQ,1,2,509,4610,False
VDMNPYLLFLTQPNQ,1,2,509,4610,False
VDMNPYLLFLTYPYQ,1,2,509,4610,False
VDMNPYLLFLYRPMQ,1,9,239,562,False
VDMNPYRRHGEKAGA,1,2770,2,2,True
VDMNRSCGSANCRRR,1,2771,1,1,True
VDMNVDRVLESPGAG,1,2772,1,1,True
VDMQPWLLFLQVPVA,1,56,210,255,False
VDMQSAGLLRERPGA,1,2773,1,1,True
VDMRPWLLFLQLPLQ,5,4,603,1344,False
VDMRPWLLFLQVPVQ,1,4,603,1344,False
VDMVPLLLFLQWPAQ,1,4,603,1344,False
VDMVPWLLFLQLPFQ,1,4,603,1344,False
VDMWPGLLFLYLPQQ,1,40,66,76,False
VDMWPWLLFLALPQQ,1,1,1197,10527,False
VDMWPWLLFLQWPAQ,1,9,239,562,False
VDNESGEVLRERPGA,3,158,2,4,True
VDNRPRLLFLAQPWQ,1,1,1197,10527,False
VDNVAGAAVSERAVP,1,2774,1,1,True
VDPFPWLLFLYRPQQ,1,2199,8,8,False
VDPKPTLLFLSDPGR,1,539,2,3,False
VDPLPALLFLQVPVQ,1,4,603,1344,False
VDQCPLLLFLAWPSQ,1,751,4,4,False
VDQESEVGVEERAGA,1,2775,4,4,True
VDQFPLLLFLWGPRQ,1,48,50,61,False
VDQGPLLLFLWRPLQ,1,48,50,61,False
VDQHPRLLFLVLPCQ,1,2637,8,8,False
VDQIPWLLFLQWPGQ,1,546,32,37,False
VDQLPLLLFLVVPVQ,1,68,51,63,False
VDQLPLLLFLWGPRQ,1,48,50,61,False
VDQLPLLLFLWLPQQ,1,4,603,1344,False
VDQLPMLLFLFQPHQ,1,647,10,10,False
VDQLPQLLFLFLPVQ,1,2067,5,5,False
VDQLPSLLFLWYPQQ,1,96,48,56,False
VDQLPVAAVSVDAEA,1,545,5,6,False
VDQNPFLLFLRSPFQ,2,551,35,36,True
VDQNPLLLFLVLPVQ,1,4,603,1344,False
VDQNPWLLFLAQPWQ,1,1,1197,10527,False
VDQNPWLLFLKKPKQ,1,0,1628,17219,False
VDQNPWLLFLQLPVQ,1,4,603,1344,False
VDQNPWLLFLRKPQQ,1,7,629,1764,False
VDQNPWLLFLRMPNQ,1,274,20,21,False
VDQNPWLLFLRMPRQ,1,551,35,36,False
VDQNPWLLFLRRPMQ,1,551,35,36,False
VDQNPWLLFLRVPAQ,1,14,52,95,False
VDQNPWLLFLRYPQQ,17,7,629,1764,False
VDQNPWLLFLSQPAQ,1,1,1197,10527,False
VDQNPYLLFLKKPKQ,1,0,1628,17219,False
VDQNPYLLFLRKPSQ,1,12,343,758,False
VDQPPWLLFLLQPGQ,1,486,16,18,False
VDQQPLLLFLCVPMQ,1,68,51,63,False
VDQQPWLLFLSQPIQ,2,1,1197,10527,False
VDQQPWLLFLVSRCR,1,531,4,5,False
VDQRPFLLFLMTPRQ,1,551,35,36,False
VDQRPLLLFLMLPVQ,1,4,603,1344,False
VDQRPLLLFLWVPMQ,1,68,51,63,False
VDQRPQLLFLFVPWQ,1,68,51,63,False
VDQSDQQHQESAGAG,1,2776,1,1,True
VDQSPLLLFLQRPNQ,1,4,603,1344,False
VDQVPFLLFLQWPDQ,1,551,35,36,False
VDQVPYLLFLWQPPQ,1,2777,3,3,True
VDQWPGLLFLWVPWQ,1,138,47,50,False
VDQWPLLLFLEWPEQ,1,156,79,85,False
VDQWPLLLFLLLPVQ,1,4,603,1344,False
VDQWPLLLFLLVPVQ,1,4,603,1344,False
VDQWPLLLFLQWPLQ,1,156,79,85,False
VDQWPLLLFLTRPEQ,1,156,79,85,False
VDQWPLLLFLVLPLQ,1,156,79,85,False
VDQWPLLLFLVWPLQ,1,156,79,85,False
VDQWPLLLFLYSPLQ,1,156,79,85,False
VDQWPNLLFLTWPWQ,1,2778,3,3,True
VDQWPRLLFLLVPVQ,2,227,22,26,False
VDQWPSLLFLWRPPQ,1,227,22,26,False
VDQWPVLLFLLLPAQ,1,980,2,2,False
VDQWPVLLFLLWPGQ,1,2778,3,3,False
VDQWPVLLFLQMPWQ,1,53,100,123,False
VDQWPVLLFLWSRGR,1,1621,2,2,False
VDQWPWLLFLEVPVQ,1,227,22,26,False
VDQWPWLLFLLAPQQ,2,227,22,26,False
VDQWPWLLFLMGPKQ,1,1246,13,13,False
VDRESDDGGGGKGRR,1,1982,5,5,False
VDRESDEEEEERPGA,1,277,78,85,False
VDRESDQLHQQRPGA,1,2779,1,1,True
VDRGAEAAVSEGAVA,1,1619,2,2,False
VDRGAGAAVSVLPEP,1,2780,1,1,True
VDRGPLLLFLQWPLQ,1,637,44,44,False
VDRGPLLLFLWWPGQ,1,41,88,103,False
VDRGPQLLFLGRPRQ,1,567,14,15,False
VDRGPWLLFLQLPVQ,1,4,603,1344,False
VDRGPWLLFLQWPKQ,1,9,239,562,False
VDRGPWLLFLRMPNQ,1,274,20,21,False
VDRGPWLLFLWMPQQ,1,96,48,56,False
VDRGPWLLFLWWPAQ,1,41,88,103,False
VDRHPWLLFLKQPKQ,1,1,1197,10527,False
VDRIRAAGS*KGRRR,1,2634,4,4,False
VDRIRGGGGGKGRRR,2,283,32,35,False
VDRIRRGAASKGRRR,1,530,8,9,False
VDRKSEEEEQERAGA,1,277,78,85,False
VDRLPFLLFWGCRCR,1,2781,2,2,True
VDRLPLLLFLGLPLQ,1,4,603,1344,False
VDRLPLLLFLLWPQQ,1,96,48,56,False
VDRLPLLLFLMRPQQ,1,96,48,56,False
VDRLPLLRFC*SRRV,2,552,1,2,True
VDRLPVLLFLGGRCR,1,2781,2,2,False
VDRLPVLLFLQWPAQ,1,461,20,22,False
VDRLPWLLFLQWPLQ,1,56,210,255,False
VDRLPWLLFLSQPPQ,1,1,1197,10527,False
VDRLPYLLFLQWPVQ,1,4,603,1344,False
VDRNEGEEQEKAGAG,1,2782,1,1,True
VDRNPACIRWKMAGA,1,2412,2,2,False
VDRNPAGGSRKLPAQ,1,157,11,15,False
VDRNPARLGVKRPAQ,1,553,9,10,False
VDRNPARRRCKWPAQ,1,10,1116,1855,False
VDRNPAVMRRKGRRR,1,2783,1,1,True
VDRNPCRCGSKRPAQ,2,553,9,10,True
VDRNPDGRRVKAGAG,2,554,4,5,True
VDRNPDREQGESPGA,1,541,7,8,False
VDRNPDVEVVENAGA,1,2784,1,1,True
VDRNPEGWRRKRPAQ,1,10,1116,1855,False
VDRNPELRLQESPGA,2,555,4,5,True
VDRNPERRRMKRPAQ,1,10,1116,1855,False
VDRNPERRRRKMPAQ,1,10,1116,1855,False
VDRNPERRRSKRPAQ,1,10,1116,1855,False
VDRNPERWVKGPAQG,1,2785,2,2,True
VDRNPGCGICKLPAQ,1,1135,7,7,False
VDRNPGGRGMKRPAQ,1,553,9,10,False
VDRNPGRRGEEKAGA,2,144,108,123,False
VDRNPGRRRRKRPAQ,1,10,1116,1855,False
VDRNPGRRRWKGPAQ,1,10,1116,1855,False
VDRNPKEEEEERAGA,1,26,107,135,False
VDRNPKGGRRKIPAQ,1,10,1116,1855,False
VDRNPKGREEESAGA,1,89,6,10,False
VDRNPKGRRREKAGA,1,105,23,25,False
VDRNPKGRRRKRPAQ,3,10,1116,1855,False
VDRNPKGRRRKWPAQ,1,10,1116,1855,False
VDRNPKGRRSKRPAQ,1,10,1116,1855,False
VDRNPKLRGGKGPAQ,1,2693,9,9,False
VDRNPKRGRRKRPAP,1,10,1116,1855,False
VDRNPKRGRRKRPAQ,1,10,1116,1855,False
VDRNPKRRGMKVPAQ,1,10,1116,1855,False
VDRNPKRRGRKGPAQ,1,10,1116,1855,False
VDRNPKRRGVKGPAQ,1,10,1116,1855,False
VDRNPKRRRRKGPAQ,3,10,1116,1855,False
VDRNPKRRRRKMPAQ,1,10,1116,1855,False
VDRNPKRRRRKRAGA,1,1262,15,15,False
VDRNPKRRRRKRPAQ,2,10,1116,1855,False
VDRNPKRWRRKGAGA,1,491,11,12,False
VDRNPKVWWRKGPAQ,1,713,7,7,False
VDRNPKWQEEEKAGA,1,2694,5,5,False
VDRNPKWRWIKCPRR,1,2786,1,1,True
VDRNPLGGISKVPAQ,1,405,6,7,False
VDRNPLGLWSKVPAQ,1,165,80,105,False
VDRNPLGVLVKCPAQ,1,2787,4,4,True
VDRNPLIGMCKIPAA,1,2652,2,2,False
VDRNPLLLFLKFPAQ,1,3,2229,22657,False
VDRNPLLRRERAGAG,1,554,4,5,False
VDRNPLVGVSKIAGA,1,2788,1,1,True
VDRNPMGRWWKGPAQ,1,417,3,4,False
VDRNPMRRR*NSRRR,2,556,1,2,True
VDRNPMVVMWEKAGA,1,2789,1,1,True
VDRNPMWVSGQSAGA,2,557,3,4,True
VDRNPNGWRVEKPGA,1,558,4,5,False
VDRNPNRLEEESPGA,1,159,11,15,False
VDRNPNRRRRKGPGR,1,493,17,18,False
VDRNPNRRRRKRPAQ,1,10,1116,1855,False
VDRNPNWRRRKRPAQ,1,10,1116,1855,False
VDRNPPCFGRKGPAQ,1,534,9,10,False
VDRNPPGRMRKRPAQ,1,10,1116,1855,False
VDRNPPGRPRRWF*G,1,2424,3,3,False
VDRNPPGRRRKRPAQ,1,10,1116,1855,False
VDRNPQGGRGKRPAQ,1,502,20,21,False
VDRNPQGRAGKGRRR,1,82,47,54,False
VDRNPQGRGRKRPAQ,1,2693,9,9,False
VDRNPQGRRGKGPAQ,1,18,393,562,False
VDRNPQGRRRKGPAQ,3,18,393,562,False
VDRNPQGRRRKLPAQ,1,18,393,562,False
VDRNPQGRRRKRPAQ,1,10,1116,1855,False
VDRNPQGRRRKRPRR,1,2341,3,3,False
VDRNPQGVLVENPGA,1,558,4,5,False
VDRNPQGWRSKRPAQ,1,187,29,32,False
VDRNPQRRRMKGPAQ,1,10,1116,1855,False
VDRNPQRRRRKMPAQ,1,10,1116,1855,False
VDRNPQRSWSKRPAQ,1,553,9,10,False
VDRNPQRWRRKMPAQ,4,10,1116,1855,False
VDRNPQRWRWKRPAQ,1,10,1116,1855,False
VDRNPQSRRRKGPAQ,1,18,393,562,False
VDRNPQVGIRKRPAQ,1,2790,3,3,True
VDRNPRCWS*NARRR,1,1276,4,4,False
VDRNPRG*EEKAGAG,1,536,9,10,False
VDRNPRGGWGKGRRR,1,33,19,29,False
VDRNPRGRGRKGPGA,1,537,13,14,False
VDRNPRGRRGKRPAQ,1,10,1116,1855,False
VDRNPRGRRRKGPAQ,1,18,393,562,False
VDRNPRGRRRKRPAQ,1,10,1116,1855,False
VDRNPRGWRRKGPAQ,1,18,393,562,False
VDRNPRREGDEKAGA,1,608,7,8,False
VDRNPRRGRRKRPAQ,1,10,1116,1855,False
VDRNPRRRRGERAGA,1,2305,8,8,False
VDRNPRRRRQERAGA,2,287,24,26,False
VDRNPRRRRRKGPAQ,1,10,1116,1855,False
VDRNPRRRRRKRPAQ,1,10,1116,1855,False
VDRNPRRRRWKGRRR,1,33,19,29,False
VDRNPRRRSIKGPAQ,1,1554,12,12,False
VDRNPRRRSRERAGA,1,537,13,14,False
VDRNPRRSRKGPAQG,1,2785,2,2,False
VDRNPRRWRRKWPAQ,1,10,1116,1855,False
VDRNPRWRSRKLPAQ,1,1554,12,12,False
VDRNPSGG*GNGRRR,1,754,4,4,False
VDRNPSGVVQERPGA,1,558,4,5,False
VDRNPSIGRRKGPAQ,1,2790,3,3,False
VDRNPSRWGGKGRRR,1,82,47,54,False
VDRNPSVEEQEKAGA,1,8,25,98,False
VDRNPSWGIRKSRRR,1,2718,2,2,False
VDRNPTGCI*KGRRR,1,2791,2,2,True
VDRNPTGRMWKGPAR,1,2747,2,2,False
VDRNPTGRRRKGPAQ,1,18,393,562,False
VDRNPTGRRSKRPAQ,1,10,1116,1855,False
VDRNPTGWRGKNPGA,1,2792,1,1,True
VDRNPTRGIRKWPAQ,1,162,19,23,False
VDRNPTRRRRKGPAQ,1,10,1116,1855,False
VDRNPTWEQQEKPGA,1,2793,1,1,True
VDRNPVGGSGKFPAQ,1,1556,2,2,False
VDRNPVGRRGKRAGA,1,758,3,3,False
VDRNPVGRRQERAGA,1,287,24,26,False
VDRNPWGFDVERPGA,2,558,4,5,True
VDRNPWLLFLKLPAQ,1,3,2229,22657,False
VDRNPWLLFLMKPQQ,1,7,629,1764,False
VDRNPWLLFLQLPGQ,1,4,603,1344,False
VDRNPWLLFLQLPVQ,2,4,603,1344,False
VDRNPWLLFLQWPLQ,2,1,1197,10527,False
VDRNPWLLFLVTPQQ,1,1,1197,10527,False
VDRNPWRGGGKGRRR,1,605,14,15,False
VDRNPYRRSRKGRRR,1,1305,2,2,False
VDRNRAAGAGKGRRR,1,1289,2,2,False
VDRNRCGS**NCRRR,2,559,1,2,True
VDRNSGLVVGEIAGA,1,2794,1,1,True
VDRQPFLLFLLGPWQ,1,727,9,9,False
VDRQPGCCFWACRSR,1,2795,1,1,True
VDRQPLLLFLRLPVQ,1,4,603,1344,False
VDRQPWLLFLEWPLQ,1,56,210,255,False
VDRQPWLLFLGWPAQ,3,56,210,255,False
VDRQPWLLFLHSPSQ,1,284,25,28,False
VDRQPWLLFLVRPVQ,1,2637,8,8,False
VDRQSDEQEEESAGA,1,2796,1,1,True
VDRQSGLGEGQRAGA,1,2797,1,1,True
VDRRPLLLFLWQPPQ,1,2777,3,3,False
VDRSASSGNSRRRVL,1,2798,1,1,True
VDRSPLLLFLQWPVQ,1,4,603,1344,False
VDRVAVAAVSEGAGA,1,149,31,38,False
VDRVPLLLFLALPAQ,2,4,603,1344,False
VDRVPWLLFLQLPVQ,1,4,603,1344,False
VDRVQNAGAGFWRRN,1,2799,1,1,True
VDRWPLLLFLLQPVQ,1,156,79,85,False
VDRWPLLLFLQLPEQ,1,4,603,1344,False
VDRWPLLLFLQLPVQ,1,4,603,1344,False
VDRWPLLLFLQWPGQ,1,4,603,1344,False
VDRWPLLLFLQWPVQ,2,4,603,1344,False
VDRWPRLLFLKKPKQ,2,0,1628,17219,False
VDRWPVLLFLLQPRQ,1,156,79,85,False
VDRWPVLLFLQFPLQ,1,53,100,123,False
VDRWPVLLFLQWPMQ,1,53,100,123,False
VDRWPVPAVSDQAAP,1,2800,2,2,True
VDRWPWLLFLKKPKQ,1,0,1628,17219,False
VDRWPWLLFLQPPAQ,2,212,27,30,False
VDRWPWLLFLRMPRQ,1,212,27,30,False
VDRYPVLLFLQFPTQ,1,2801,2,2,True
VDRYPWLLFLAQPWQ,2,1,1197,10527,False
VDSDPKLLFLPTPKQ,2,30,7,16,False
VDSESDEGDQERAGA,1,2802,1,1,True
VDSESEDGEEQKAGA,1,2803,1,1,True
VDSGPVLLFLVQPVQ,1,156,79,85,False
VDSGPWLLFLQWPIQ,1,56,210,255,False
VDSIRAAGS*KGRRR,1,2634,4,4,False
VDSKPGLLFLKIPEQ,1,2804,1,1,True
VDSKSDRQGREIAGA,1,1852,2,2,False
VDSKSDVLHQENPGA,1,2805,1,1,True
VDSKSEEEEVEKAGA,2,277,78,85,False
VDSKSEGLGGESAGA,1,140,7,10,False
VDSLPLLLFLQLPVQ,1,4,603,1344,False
VDSLPVLLFLSGRRR,1,538,2,3,False
VDSLPWLLFLQLPVQ,1,4,603,1344,False
VDSLPWLLFLVVPWQ,1,1,1197,10527,False
VDSMPWLLFLQCPVQ,1,4,603,1344,False
VDSNPAGEEEERAGR,1,2806,1,1,True
VDSNPAWGSWKWPAQ,1,2807,2,2,True
VDSNPAWRMWKGPAQ,1,2807,2,2,False
VDSNPCFSMGKGPAQ,1,2759,4,4,False
VDSNPEGEEQKAGAG,1,2808,2,2,True
VDSNPEGGVRKMPAQ,1,256,19,21,False
VDSNPFFLLLKFPAQ,1,11,557,1905,False
VDSNPGGCGLESPGA,1,922,6,6,False
VDSNPGGCSGKCPAQ,1,2006,2,2,False
VDSNPGGGEMAGAGF,1,1264,3,3,False
VDSNPGGRGIKGPAQ,2,18,393,562,False
VDSNPGGVGGERAGA,1,103,71,80,False
VDSNPGLEQQRAGAG,1,2808,2,2,False
VDSNPGQQHEERAGA,1,1841,2,2,False
VDSNPGVVVGKIPAR,1,2809,2,2,True
VDSNPIGGMRKGPAQ,1,18,393,562,False
VDSNPKEEVQERAGA,1,2810,1,1,True
VDSNPKGHEDENAGA,4,89,6,10,True
VDSNPKGRRRKRPAQ,2,10,1116,1855,False
VDSNPKGRRWKRPAQ,1,58,12,16,False
VDSNPKGWRRKGPAQ,1,18,393,562,False
VDSNPKRRRRKGPAQ,1,10,1116,1855,False
VDSNPKRRRRKRPAQ,1,10,1116,1855,False
VDSNPKSREEERAGA,2,26,107,135,False
VDSNPKSRIRKRPAQ,1,2096,2,2,False
VDSNPKWRRRKGPAQ,1,18,393,562,False
VDSNPKWRRSKGPAQ,1,18,393,562,False
VDSNPLEQEGEIPGA,1,2811,3,3,True
VDSNPLGGRRKGPAQ,1,18,393,562,False
VDSNPLGRRRKRPAQ,1,18,393,562,False
VDSNPLVFWLKRAGA,1,2812,1,1,True
VDSNPLVYHEEKPGA,1,2813,1,1,True
VDSNPNGVLSKVPAQ,1,2572,2,2,False
VDSNPNRRRRKGPAQ,1,18,393,562,False
VDSNPPCFSGKSRRR,2,560,6,7,True
VDSNPPGCMSKVPAQ,1,1559,3,3,False
VDSNPQGGWVKGPAQ,1,18,393,562,False
VDSNPQGMRSKVPGR,1,2814,1,1,True
VDSNPQRRGRKGPAQ,1,18,393,562,False
VDSNPRGCRRKGPAQ,1,18,393,562,False
VDSNPRGRRCKGPAQ,1,18,393,562,False
VDSNPRGRRRKGPAQ,3,18,393,562,False
VDSNPRRMHQEKAGA,1,2770,2,2,False
VDSNPRRRREEKAGA,1,281,38,42,False
VDSNPRVGIGKVPAQ,1,153,12,14,False
VDSNPRVLHLQSAGA,1,2815,1,1,True
VDSNPSCRGWKGRRR,1,2816,2,2,True
VDSNPSRCVSKFPAQ,1,553,9,10,False
VDSNPTCMIGKSPAQ,1,2817,1,1,True
VDSNPTGGRGKRPAQ,1,431,10,11,False
VDSNPTGRMRKMPAQ,1,18,393,562,False
VDSNPTGSSRESAGA,1,2818,2,2,True
VDSNPTRWGGKGAGA,1,537,13,14,False
VDSNPTSSGKGRRRV,1,2819,1,1,True
VDSNPTVSISKCPGR,1,2820,1,1,True
VDSNPVEEQEESAGA,1,2684,5,5,False
VDSNPVGVRRESPGA,1,2818,2,2,False
VDSNPVLLFLQRPQQ,1,4,603,1344,False
VDSNPVRGG*KGRRR,1,84,15,18,False
VDSNPVRVLDEIPGA,1,2821,2,2,True
VDSNPWGRGEEKAGA,1,761,4,4,False
VDSNPWLLFLKYPQQ,1,1,1197,10527,False
VDSNPWLLFLRMPKQ,1,1,1197,10527,False
VDSNPWLLFLRMPQQ,1,7,629,1764,False
VDSNPWLLFLRVPQQ,1,7,629,1764,False
VDSNPWLLWLKWPAQ,2,165,80,105,False
VDSNPWLVFLKFPAQ,1,155,109,133,False
VDSNPWLVFLKIPAQ,1,155,109,133,False
VDSNPYLLFLRQPMQ,2,1,1197,10527,False
VDSQPLLLFLWVPSQ,1,544,8,10,False
VDSQSEVEGEERAGA,1,2775,4,4,False
VDSSPALLFCAARRR,1,2822,1,1,True
VDSVPLLLFLQWPVQ,1,4,603,1344,False
VDSVVGVVQIAGAGF,1,2823,1,1,True
VDSWPLLLFLMGPKQ,1,31,119,142,False
VDSWPQLLFLVLPQQ,1,40,66,76,False
VDSYPMLLFLQWPVQ,1,4,603,1344,False
VDTNPLLLFLQWPPQ,1,4,603,1344,False
VDTNPWLLFLGLPVQ,1,4,603,1344,False
VDTNPWLLFLRQPTQ,1,1,1197,10527,False
VDTNPWLLFLWRPQQ,14,1,1197,10527,False
VDTQPHLLFLSAPQQ,1,2824,1,1,True
VDTQPLLLFLFRPVQ,1,998,6,6,False
VDTRPLLLFLQWPVQ,2,4,603,1344,False
VDTVPYLLFLQWPLQ,1,15,198,343,False
VDTWPMLLFLLLPGV,1,2755,3,3,False
VDTWPRLAVSDRAGP,1,1214,2,2,False
VDVAAAAAVSGVAGA,1,149,31,38,False
VDVCPLLLFLQWPAQ,1,751,4,4,False
VDVCPVLLVSGVAGA,1,327,3,4,False
VDVESEGEVQERAGA,1,1105,5,5,False
VDVESGRAASGKSRR,1,2825,1,1,True
VDVESVRHQRESPGA,1,2826,1,1,True
VDVESVVLSS*KCRR,1,2827,1,1,True
VDVFPWLLFLRVPLQ,1,1817,6,6,False
VDVFPWLLFLRVPQQ,1,7,629,1764,False
VDVFPYLLFLQPPPQ,1,15,198,343,False
VDVGPGLLFQSGDVR,1,2828,1,1,True
VDVGPLLLFLQLPGQ,1,4,603,1344,False
VDVGPLLLFLQLPLQ,1,4,603,1344,False
VDVGPLLLFLQWPLQ,1,637,44,44,False
VDVGPLLRFCGRRAR,1,2829,1,1,True
VDVGPMLLFLQWPVQ,1,4,603,1344,False
VDVGPVAAVSGGAAA,1,169,27,30,False
VDVGPVLLFLFWPQQ,1,637,44,44,False
VDVGPWLLFLQFPVQ,1,4,603,1344,False
VDVGPWLLFLQLPAQ,1,3,2229,22657,False
VDVGPWLLFLQLPVQ,2,4,603,1344,False
VDVGPWLLFLQLPWQ,1,1,1197,10527,False
VDVGPWLLFLQVPVQ,1,4,603,1344,False
VDVGPWLLFLQWPVQ,1,56,210,255,False
VDVGPWLLFLSLPQQ,1,468,48,52,False
VDVGPWLLFLVQPVQ,1,1,1197,10527,False
VDVHPRLLFLWLPQQ,1,148,23,27,False
VDVIRCACC*NCRRR,1,215,27,32,False
VDVIRSSSS*NSRRR,1,1172,5,5,False
VDVKSDGLLGENAGA,1,2830,1,1,True
VDVKSGRERLEKAGA,1,499,3,4,False
VDVLPLLLFLGLPFQ,1,4,603,1344,False
VDVLPQLLFLVLPLQ,1,2682,3,3,False
VDVLPVLLFL*LPLQ,2,518,22,24,False
VDVLPVLLFLQWPVQ,1,4,603,1344,False
VDVLPVLLFLQYPLQ,1,176,11,12,False
VDVLPWLLFLMLPLQ,1,424,27,28,False
VDVLPWLLFLQLPEQ,3,4,603,1344,False
VDVLPWLLFLQRPLQ,1,9,239,562,False
VDVLPWLLFLQWPGQ,1,546,32,37,False
VDVLPWLLFLRLPSQ,1,424,27,28,False
VDVLPYLLFLKKPKQ,1,0,1628,17219,False
VDVMPWLLFLQWPLQ,1,546,32,37,False
VDVMPWLLFLRFPQQ,1,7,629,1764,False
VDVNPACWVVESPGA,1,159,11,15,False
VDVNPAGGGGKARRR,1,247,30,35,False
VDVNPAGREEENPGA,1,436,10,12,False
VDVNPAGVMGKVPAQ,1,381,22,23,False
VDVNPARAAGKGRRR,1,84,15,18,False
VDVNPARFCFKVPGA,1,1341,3,3,False
VDVNPARLDLESPGA,3,159,11,15,True
VDVNPAVSSGKSAGA,2,561,1,2,True
VDVNPAWGVEREMAG,1,2831,1,1,True
VDVNPCVGVVQSAGA,1,1805,3,3,False
VDVNPCVMVLKVPAQ,1,2832,3,3,True
VDVNPDGQRQESPGA,1,251,8,9,False
VDVNPDWVGWKSRRR,1,540,2,3,False
VDVNPERLHQESPGA,1,159,11,15,False
VDVNPFCWMGKSPAQ,1,153,12,14,False
VDVNPFFLFLKVPAQ,2,11,557,1905,False
VDVNPFGGLHEIAGA,1,70,6,9,False
VDVNPFGGRGESAGA,1,2664,5,5,False
VDVNPFGWFLKGPAQ,1,46,24,36,False
VDVNPFLLFLKLPAQ,3,3,2229,22657,False
VDVNPFLLFLRIPQQ,1,551,35,36,False
VDVNPFLLFLRQPVQ,3,1,1197,10527,False
VDVNPFLLFLRVPQQ,1,551,35,36,False
VDVNPFLLFLRVPRQ,1,551,35,36,False
VDVNPFLLLLKMPAQ,2,39,164,242,False
VDVNPFSGCSNCRRR,1,178,3,4,False
VDVNPGCGLGKMPAQ,1,111,39,45,False
VDVNPGCGW*KCRRR,1,59,13,17,False
VDVNPGGCCGKRAGA,1,2833,1,1,True
VDVNPGGGQHERPGA,1,2834,2,2,True
VDVNPGGLGGESAGA,1,365,35,37,False
VDVNPGGRCGKGPAQ,1,2106,6,6,False
VDVNPGGVRGKVPAQ,1,1824,17,17,False
VDVNPGLFG*NSRRR,1,2696,2,2,False
VDVNPGLLRREMPGA,1,2835,2,2,True
VDVNPGLLVVKWPAQ,1,142,20,22,False
VDVNPGQRQVERPGA,1,2834,2,2,False
VDVNPGRGGLKSAGA,1,2836,2,2,True
VDVNPGRGWWGKGRR,1,2837,1,1,True
VDVNPGRMGVKGRRR,1,84,15,18,False
VDVNPGRRRGESAGA,1,2305,8,8,False
VDVNPGVGEGEIAGA,1,365,35,37,False
VDVNPGWRGVQRAGA,1,1201,5,5,False
VDVNPISIRVKVPAQ,1,290,9,11,False
VDVNPIVGVGKVPAQ,1,2832,3,3,False
VDVNPIVVFGKIPAQ,1,437,8,9,False
VDVNPKGWVGRRRVL,3,160,2,4,True
VDVNPKRGLSKVPAA,1,2838,1,1,True
VDVNPKRRRRKGPGA,1,253,37,40,False
VDVNPKRRRRKRPAQ,1,10,1116,1855,False
VDVNPLCCMLMPGAG,2,562,1,2,True
VDVNPLCLLLKWPAQ,1,124,39,45,False
VDVNPLFCMGKWPAG,1,2839,2,2,True
VDVNPLFFLGEIPGA,1,2811,3,3,False
VDVNPLFFVMKLPAQ,1,527,17,18,False
VDVNPLFLLFKVPAQ,1,773,6,6,False
VDVNPLFLV*KSRRR,1,1337,3,3,False
VDVNPLFLWFKWPAQ,1,773,6,6,False
VDVNPLGVCLKWPAQ,1,2787,4,4,False
VDVNPLGVLYGRRRV,1,2840,1,1,True
VDVNPLGVQQQMPGA,1,2647,2,2,False
VDVNPLIFSAKARRR,1,2841,1,1,True
VDVNPLILV*KCRRR,1,2667,2,2,False
VDVNPLLGGWKGPAQ,1,2713,5,5,False
VDVNPLLLFLKFPAQ,1,3,2229,22657,False
VDVNPLLLFLQWPVQ,1,4,603,1344,False
VDVNPLLLFLRWPQQ,1,54,100,139,False
VDVNPLLLLLKLPAQ,1,3,2229,22657,False
VDVNPLLVGLKCRRR,1,77,10,13,False
VDVNPLLVLFKFPAQ,1,2713,5,5,False
VDVNPLMVRLKGPRR,2,563,1,2,True
VDVNPLRLLVKMPAQ,1,290,9,11,False
VDVNPLVLVLKVPAQ,1,2832,3,3,False
VDVNPLVVVVESAGA,1,564,8,9,False
VDVNPLVWVGKVPAQ,1,250,31,34,False
VDVNPLWVVLEIAGA,2,564,8,9,True
VDVNPLWWLPRGRAS,1,2686,2,2,False
VDVNPMGWGKCRRRV,1,1193,3,3,False
VDVNPMLLFLRRPWQ,1,2209,5,5,False
VDVNPMLLLLKFPAQ,1,39,164,242,False
VDVNPMRREVERPGA,1,436,10,12,False
VDVNPMVGAGNGRRR,1,110,6,8,False
VDVNPNVFLFKMPAQ,1,58,12,16,False
VDVNPNVRRWKRPAQ,5,58,12,16,True
VDVNPPACSGNSRRR,1,34,15,22,False
VDVNPPCSFSKMPGA,2,565,2,3,True
VDVNPPCWCIKGPAQ,1,534,9,10,False
VDVNPPGIIRKRPAQ,1,2113,2,2,False
VDVNPPGSQQEMAGA,1,2842,1,1,True
VDVNPPRRRMKVPAQ,1,535,29,30,False
VDVNPPRRVDQSAGA,1,2843,1,1,True
VDVNPPSEVERPGAG,1,2844,1,1,True
VDVNPPSSSAKGRRR,1,1867,2,2,False
VDVNPPVVFLKLPAQ,1,155,109,133,False
VDVNPQCFFVKFPAQ,1,219,41,49,False
VDVNPQCICFKGPAQ,1,111,39,45,False
VDVNPQMWSGKGPAQ,1,111,39,45,False
VDVNPQMWSRKVPGA,1,2058,2,2,False
VDVNPQSVLGEIAGA,1,564,8,9,False
VDVNPRCFGRQIPGA,1,2845,1,1,True
VDVNPRGMAARTCCF,1,2846,1,1,True
VDVNPRIGVCKCPAQ,3,161,5,7,True
VDVNPRISRMKGPAQ,1,161,5,7,False
VDVNPRMRRRKSPAQ,1,58,12,16,False
VDVNPRRGVEKAGAG,1,536,9,10,False
VDVNPRRRISKRPAQ,1,58,12,16,False
VDVNPRRWWRKGAGF,1,537,13,14,False
VDVNPRSRQLQSPGA,1,2703,2,2,False
VDVNPRVVFGKIPAA,1,2809,2,2,False
VDVNPSAAC*KCRRR,5,59,13,17,True
VDVNPSCVW*NSRRR,1,1337,3,3,False
VDVNPSDVGVQMAGA,1,2847,1,1,True
VDVNPSFCVWKARRR,1,2848,2,2,True
VDVNPSGSGVESPGA,1,922,6,6,False
VDVNPSLFFMKFPAQ,1,2672,7,7,False
VDVNPSLFSCKWPAQ,1,2849,1,1,True
VDVNPSLVVGQIPGA,1,1220,3,3,False
VDVNPSLVWFKVAGA,1,2850,1,1,True
VDVNPSMVFVEIAGA,1,120,25,29,False
VDVNPSRLQEESAGA,2,159,11,15,False
VDVNPSSGMGESAGA,1,2664,5,5,False
VDVNPSSIVGKSRRR,1,2848,2,2,False
VDVNPSVFW*NSRRR,1,770,3,3,False
VDVNPSVVGVEIAGA,1,322,4,5,False
VDVNPSWW*NCRRRV,1,948,6,6,False
VDVNPTA*SGNCRRR,1,1009,3,3,False
VDVNPTCLRRERPGA,1,2835,2,2,False
VDVNPTCQVRQMAGA,1,2851,1,1,True
VDVNPTCSMWKIPAQ,1,162,19,23,False
VDVNPTGLMGKLPAQ,1,2759,4,4,False
VDVNPTGVIGKVPAQ,1,162,19,23,False
VDVNPTGVSGKVPAQ,1,162,19,23,False
VDVNPTMGGGKVPAQ,1,162,19,23,False
VDVNPTMRMRKGPGA,1,1336,2,2,False
VDVNPTRGRRKGPAQ,1,162,19,23,False
VDVNPTRSIRKVPAQ,3,162,19,23,True
VDVNPTSFRGKVPAA,1,2852,2,2,True
VDVNPTSGRSKVPVQ,1,2852,2,2,False
VDVNPVCMNVEIAGA,1,2853,1,1,True
VDVNPVGAGGKGRRR,1,2462,2,2,False
VDVNPVGFIFKVPAQ,1,162,19,23,False
VDVNPVGGIGKVPAQ,1,162,19,23,False
VDVNPVGGSMKVPAQ,1,688,8,8,False
VDVNPVGWGLERAGA,1,61,15,21,False
VDVNPVIIMRKRPAQ,1,157,11,15,False
VDVNPVLLSGQSPGA,1,2854,2,2,True
VDVNPVLVSGKLPAQ,1,2584,2,2,False
VDVNPVRWGCKVAGA,1,2836,2,2,False
VDVNPVSVVWKGPAQ,1,2366,2,2,False
VDVNPVVFMVKGRRR,1,526,2,3,False
VDVNPVVGDQESPGA,2,159,11,15,False
VDVNPVVGLVEIPGA,1,64,33,38,False
VDVNPVVVLQENPGA,1,2821,2,2,False
VDVNPVVWFGQIAGA,1,2111,2,2,False
VDVNPVWFLMEIAGA,1,564,8,9,False
VDVNPVWGGVKGRRR,1,1329,2,2,False
VDVNPVWLRVKWPGA,1,2855,1,1,True
VDVNPWFFFLKVPAQ,1,155,109,133,False
VDVNPWFIFLKFPAQ,1,155,109,133,False
VDVNPWFLFFKLPAQ,1,3,2229,22657,False
VDVNPWFLFLKLPAQ,1,3,2229,22657,False
VDVNPWFLLLKFPAQ,1,155,109,133,False
VDVNPWFLLLKIPAQ,1,11,557,1905,False
VDVNPWFVFLKFPAQ,1,155,109,133,False
VDVNPWLIFLKFPAQ,1,155,109,133,False
VDVNPWLIFLKWPAQ,2,3,2229,22657,False
VDVNPWLLFLAQPWQ,5,1,1197,10527,False
VDVNPWLLFLIQPYQ,1,1,1197,10527,False
VDVNPWLLFLKFPAQ,5,3,2229,22657,False
VDVNPWLLFLKIPAQ,1,3,2229,22657,False
VDVNPWLLFLKKPKQ,1,0,1628,17219,False
VDVNPWLLFLKLPAQ,26,3,2229,22657,False
VDVNPWLLFLKMPAQ,1,3,2229,22657,False
VDVNPWLLFLKMPRQ,1,1,1197,10527,False
VDVNPWLLFLKQPNQ,1,1,1197,10527,False
VDVNPWLLFLKQPRQ,1,1,1197,10527,False
VDVNPWLLFLKVPAQ,4,3,2229,22657,False
VDVNPWLLFLKWPAQ,1,3,2229,22657,False
VDVNPWLLFLLSPQQ,1,1573,36,36,False
VDVNPWLLFLMMPRQ,1,1,1197,10527,False
VDVNPWLLFLQCPVQ,1,4,603,1344,False
VDVNPWLLFLQLPAQ,26,3,2229,22657,False
VDVNPWLLFLQLPFQ,1,4,603,1344,False
VDVNPWLLFLQLPLQ,10,4,603,1344,False
VDVNPWLLFLQLPSQ,8,4,603,1344,False
VDVNPWLLFLQLPVQ,10,4,603,1344,False
VDVNPWLLFLQLPWQ,1,1,1197,10527,False
VDVNPWLLFLQRPKQ,1,9,239,562,False
VDVNPWLLFLQRPVQ,1,4,603,1344,False
VDVNPWLLFLQVPLQ,5,1,1197,10527,False
VDVNPWLLFLQVPVQ,1,4,603,1344,False
VDVNPWLLFLQWPGQ,1,15,198,343,False
VDVNPWLLFLQWPKQ,1,9,239,562,False
VDVNPWLLFLQWPVP,1,566,2,3,False
VDVNPWLLFLQWPVQ,50,4,603,1344,False
VDVNPWLLFLQWRQG,2,566,2,3,True
VDVNPWLLFLRKPQQ,1,7,629,1764,False
VDVNPWLLFLRLPSQ,2,1,1197,10527,False
VDVNPWLLFLRLPVQ,2,4,603,1344,False
VDVNPWLLFLRMPKQ,1,1,1197,10527,False
VDVNPWLLFLRMPNQ,1,1573,36,36,False
VDVNPWLLFLRNPWQ,1,1,1197,10527,False
VDVNPWLLFLRQPAQ,1,1,1197,10527,False
VDVNPWLLFLRQPGQ,40,1,1197,10527,False
VDVNPWLLFLRQPKQ,3,1,1197,10527,False
VDVNPWLLFLRQPSQ,1,1,1197,10527,False
VDVNPWLLFLRQPTQ,3,1,1197,10527,False
VDVNPWLLFLRQPVQ,7,1,1197,10527,False
VDVNPWLLFLRRPQQ,2,7,629,1764,False
VDVNPWLLFLRRPYQ,1,1,1197,10527,False
VDVNPWLLFLRSPFQ,1,551,35,36,False
VDVNPWLLFLRSPKQ,1,551,35,36,False
VDVNPWLLFLRSPQQ,1,7,629,1764,False
VDVNPWLLFLRTPFQ,1,551,35,36,False
VDVNPWLLFLSQPNQ,1,1,1197,10527,False
VDVNPWLLFLSQPVQ,2,1,1197,10527,False
VDVNPWLLFLSRPAQ,1,1,1197,10527,False
VDVNPWLLFLTQPNQ,1,1,1197,10527,False
VDVNPWLLFLTRPAQ,1,1,1197,10527,False
VDVNPWLLFLTRPQQ,2,1,1197,10527,False
VDVNPWLLFLTVPAQ,2,1,1197,10527,False
VDVNPWLLFLVGPQQ,1,1,1197,10527,False
VDVNPWLLFLVKPQQ,1,7,629,1764,False
VDVNPWLLFLVQPDQ,1,1,1197,10527,False
VDVNPWLLFLVQPTQ,2,1,1197,10527,False
VDVNPWLLFLVQPVQ,2,1,1197,10527,False
VDVNPWLLFLVYPQQ,1,1,1197,10527,False
VDVNPWLLLLKFPGA,1,915,6,6,False
VDVNPWLLLLKVPAQ,1,165,80,105,False
VDVNPWLLWLKIPAQ,2,165,80,105,False
VDVNPWLLWLKLPAQ,2,3,2229,22657,False
VDVNPWLLWLKVPAQ,1,165,80,105,False
VDVNPWLVFLKLPAQ,3,3,2229,22657,False
VDVNPWLVIGQSAGA,1,352,8,9,False
VDVNPWMLFLKLPAQ,1,3,2229,22657,False
VDVNPWRGGSKAGAG,1,721,2,2,False
VDVNPWWSVGKVPGA,1,1341,3,3,False
VDVNPYFLFLKLPAQ,1,3,2229,22657,False
VDVNPYLLFLIQPPQ,2,1,1197,10527,False
VDVNPYLLFLKKPRQ,1,0,1628,17219,False
VDVNPYLLFLKLPAQ,1,3,2229,22657,False
VDVNPYLLFLKQPKQ,1,0,1628,17219,False
VDVNPYLLFLQRPGQ,1,15,198,343,False
VDVNPYLLFLRKPSQ,1,12,343,758,False
VDVNPYLLFLRQPQQ,1,1,1197,10527,False
VDVNPYLLFLSQPRQ,1,1522,14,14,False
VDVNPYLLFLTQPNQ,1,2,509,4610,False
VDVNPYLLLLKLPAQ,2,3,2229,22657,False
VDVNRAGASGKARRR,1,1902,2,2,False
VDVNRGGGG*NCRRR,1,283,32,35,False
VDVNRPSSWSKSRRR,1,2856,1,1,True
VDVNRWCCC*NCRRR,1,1011,2,2,False
VDVNSEEEEEQSAGA,1,2857,1,1,True
VDVQPLLLFLGWPVQ,1,4,603,1344,False
VDVQPLLLFLQLPVQ,1,4,603,1344,False
VDVQPMLLFLLLPVQ,1,4,603,1344,False
VDVQPQLLFLAMPQQ,1,118,35,41,False
VDVQPWLLFLWGPGQ,2,148,23,27,False
VDVQPWLLFLWVPLQ,1,410,12,13,False
VDVRPLLAVSGVADA,1,1854,2,2,False
VDVRPSAAAKARRRV,1,2858,1,1,True
VDVRPWLLFLQRPLQ,1,9,239,562,False
VDVRPWLLFLQWPMQ,1,15,198,343,False
VDVVPLLLFLMWPVQ,1,4,603,1344,False
VDVVPLLLFLQLPGQ,1,4,603,1344,False
VDVVPLLLFLVWPVQ,1,4,603,1344,False
VDVVPNVSGVAGAGF,1,2859,2,2,True
VDVVPWLLFLQFPVQ,1,4,603,1344,False
VDVVPWLLFLQLPRQ,1,468,48,52,False
VDVVPWLLFLQLPVQ,1,4,603,1344,False
VDVVPWLLFLQWPAQ,1,15,198,343,False
VDVWPGAAVSVGAVA,1,823,2,2,False
VDVWPGLLFLQRPRQ,1,53,100,123,False
VDVWPLLLFLEGPLQ,1,156,79,85,False
VDVWPLLLFLLLPGQ,1,2755,3,3,False
VDVWPLLLFLMLPQQ,1,4,603,1344,False
VDVWPLLLFLQGPIQ,1,4,603,1344,False
VDVWPLLLFLWWPMQ,1,148,23,27,False
VDVWPQLLFLVLPQQ,1,40,66,76,False
VDVWPQLLFLWMPQQ,1,96,48,56,False
VDVWPVLLFLQWPVQ,1,4,603,1344,False
VDVWPWLAVSGVAGA,1,2860,1,1,True
VDVWPWLLFLKHPKQ,1,1246,13,13,False
VDVWPWLLFLKMPYQ,1,2861,10,10,True
VDVWPWLLFLLLPVQ,1,2861,10,10,False
VDVWPWLLFLQLPGQ,1,2861,10,10,False
VDVWPWLLFLQLPVQ,2,4,603,1344,False
VDVWPWLLFLQLPWQ,1,2861,10,10,False
VDVWPWLLFLQRPLQ,1,2861,10,10,False
VDVWPWLLFLQRPVQ,1,2861,10,10,False
VDVWPWLLFLQSPVQ,1,2861,10,10,False
VDVWPWLLFLQWPGQ,1,546,32,37,False
VDVWPWLLFLQWPLQ,1,2861,10,10,False
VDWAPLLLFLRMPQQ,1,4,603,1344,False
VDWAPRLLFLQLPVQ,1,4,603,1344,False
VDWESEVEVEEKAGA,1,2775,4,4,False
VDWESGGRVRQSAGA,1,550,5,6,False
VDWESGVRVGQSAGA,1,576,6,7,False
VDWESGVVGGQRAGA,1,1077,2,2,False
VDWESVGGGVESAGA,1,1710,5,5,False
VDWESVGVGGENAGA,1,803,13,13,False
VDWESVLGGVQSAGA,1,1905,2,2,False
VDWESVVRWC*KLPA,1,2862,1,1,True
VDWGPELLFLVLPVQ,1,4,603,1344,False
VDWGPGLLVSGGAVP,1,1351,2,2,False
VDWGPLLLFLLLPVA,1,4,603,1344,False
VDWGPLLLFLLLPVQ,1,4,603,1344,False
VDWGPLLLFLQLPEQ,1,4,603,1344,False
VDWGPLLLFLQWPGQ,1,4,603,1344,False
VDWGPLLLFLQWPVQ,1,4,603,1344,False
VDWGPLLLFLSGPVQ,1,4,603,1344,False
VDWGPQLLFLEQPVQ,1,567,14,15,False
VDWGPQLLFLLYPRQ,2,567,14,15,True
VDWGPVLLFLLLPVQ,1,4,603,1344,False
VDWGPVLLFLQWPVQ,2,4,603,1344,False
VDWGPVLLFLWGPGQ,1,524,8,9,False
VDWGPWLLFLSLPQQ,1,2630,3,3,False
VDWGPWLLFLSQPVQ,2,130,94,113,False
VDWGPWLLFLTQPNQ,1,1,1197,10527,False
VDWGRGCCFCCSRCR,1,113,15,19,False
VDWGRGCCFCWGRGR,1,113,15,19,False
VDWLPLLLFLGWAGA,1,2863,2,2,True
VDWLPLLLFLQWPVQ,2,4,603,1344,False
VDWLPWLLFLQWPVQ,1,4,603,1344,False
VDWMPGLLFLQQPVQ,1,4,603,1344,False
VDWNPAGVQVESPGA,1,279,7,8,False
VDWNPALWGGQSAGA,1,1893,4,4,False
VDWNPARGRRKGPAQ,1,1234,22,22,False
VDWNPAVSSRKSRRR,1,1803,3,3,False
VDWNPCCCCANGRRR,1,2864,1,1,True
VDWNPCCWG*KGRRR,1,231,5,6,False
VDWNPCFLVGKMPAQ,1,602,4,5,False
VDWNPCWVLLKLPAQ,1,2865,8,8,True
VDWNPEGLILQSAGA,1,129,12,14,False
VDWNPFAWS*KCRRR,1,59,13,17,False
VDWNPFILLFKFRRR,1,2866,1,1,True
VDWNPFLLFLKFPAQ,1,39,164,242,False
VDWNPFLLFLKLPAQ,2,3,2229,22657,False
VDWNPFLLFLQRPWQ,1,4,603,1344,False
VDWNPFLLLLKFPAQ,5,39,164,242,False
VDWNPFLLLLKLPAQ,4,39,164,242,False
VDWNPFLLLLKVPAQ,1,39,164,242,False
VDWNPFLLWLKLPAQ,1,39,164,242,False
VDWNPFLLWLKVPAQ,2,165,80,105,False
VDWNPFLVFLKFPAQ,1,155,109,133,False
VDWNPFLVFLKVPAQ,2,19,348,758,False
VDWNPFLVLLKVPAQ,1,39,164,242,False
VDWNPFRLGLQIAGA,1,2867,1,1,True
VDWNPFVGLVKWPGA,1,2868,1,1,True
VDWNPFVLFLKVPAQ,2,165,80,105,False
VDWNPGGGVVESAGA,1,2123,2,2,False
VDWNPGGVWGKRPAQ,1,1824,17,17,False
VDWNPGGWRGKWPAQ,1,1824,17,17,False
VDWNPGLVGGEIAGA,1,2122,5,5,False
VDWNPGVLMVKLPAQ,1,2869,1,1,True
VDWNPGVQGERAGAG,3,163,5,7,True
VDWNPKRRRMKRPAQ,1,10,1116,1855,False
VDWNPKSRRRKGPAQ,1,10,1116,1855,False
VDWNPKVSMWKGPAQ,1,2556,2,2,False
VDWNPKWWWLKVPGV,1,2870,1,1,True
VDWNPLCCGLKFPAQ,1,786,4,4,False
VDWNPLFCLGKVRAG,1,2839,2,2,False
VDWNPLFV*NCRRRV,1,2644,2,2,False
VDWNPLGA*GNCRRR,1,2378,3,3,False
VDWNPLGGFGKRPAQ,1,437,8,9,False
VDWNPLGGGLKCRRR,1,77,10,13,False
VDWNPLLFLFENAGA,1,568,6,7,False
VDWNPLLGGLKVPAQ,1,1894,10,10,False
VDWNPLLIFLKFPAQ,1,2059,14,14,False
VDWNPLLLFLCVPVQ,1,4,603,1344,False
VDWNPLLLFLGRPRQ,1,4,603,1344,False
VDWNPLLLFLKLPAQ,4,4,603,1344,False
VDWNPLLLFLKMPAQ,1,4,603,1344,False
VDWNPLLLFLKMPYQ,1,4,603,1344,False
VDWNPLLLFLKVPAQ,1,4,603,1344,False
VDWNPLLLFLKYPQQ,1,4,603,1344,False
VDWNPLLLFLLWPLQ,1,4,603,1344,False
VDWNPLLLFLQFPFQ,1,4,603,1344,False
VDWNPLLLFLQFPVQ,1,4,603,1344,False
VDWNPLLLFLQLPGQ,1,4,603,1344,False
VDWNPLLLFLQLPVQ,112,4,603,1344,True
VDWNPLLLFLQRPYQ,1,4,603,1344,False
VDWNPLLLFLQVPVQ,1,4,603,1344,False
VDWNPLLLFLQWPVQ,2,4,603,1344,False
VDWNPLLLFLRQPVQ,1,4,603,1344,False
VDWNPLLLFLRVPVQ,2,4,603,1344,False
VDWNPLLLFLSQPAQ,2,4,603,1344,False
VDWNPLLLFLSQPFQ,1,4,603,1344,False
VDWNPLLLFLSQPVQ,2,4,603,1344,False
VDWNPLLLFLTVPAQ,1,4,603,1344,False
VDWNPLLLFLTWPDQ,1,4,603,1344,False
VDWNPLLLLLKFPAQ,1,39,164,242,False
VDWNPLLLLLKLPAQ,1,4,603,1344,False
VDWNPLLVLLKVPAQ,1,19,348,758,False
VDWNPLLVLSESAGA,2,568,6,7,True
VDWNPLRVGGLEMPG,1,2871,2,2,True
VDWNPLRVLVKLPAQ,1,2787,4,4,False
VDWNPLVGGVQIAGA,1,27,28,43,False
VDWNPLVVLLKLPAQ,1,2865,8,8,False
VDWNPLVVWGESAGA,1,568,6,7,False
VDWNPLWVVGQSAGA,1,557,3,4,False
VDWNPLWWVVKCPAQ,1,2787,4,4,False
VDWNPMGRVEQRPGA,1,154,4,7,False
VDWNPMLGFLKRPAQ,1,2059,14,14,False
VDWNPMLLFLQWPVQ,1,4,603,1344,False
VDWNPMLVLLKVPAQ,1,2865,8,8,False
VDWNPMLWFFKWPAQ,1,2672,7,7,False
VDWNPNGGAGKCRRR,1,613,5,6,False
VDWNPNRREGESPGA,1,541,7,8,False
VDWNPPGCAGKGRRR,1,2791,2,2,False
VDWNPPWVREEMAGA,1,2694,5,5,False
VDWNPQIVVGEMAGA,1,2872,1,1,True
VDWNPQVMWGKVPAQ,1,165,80,105,False
VDWNPQWRRRKGPAQ,1,18,393,562,False
VDWNPREEGDEIAGA,1,2122,5,5,False
VDWNPRGGRMKMPAQ,1,688,8,8,False
VDWNPSCSRGESPGA,1,2580,2,2,False
VDWNPSFGVVQIAGA,1,27,28,43,False
VDWNPSSGMRKMPGA,1,2873,1,1,True
VDWNPTGWMVKRPAQ,1,1187,10,10,False
VDWNPVCCGDERAGA,1,1893,4,4,False
VDWNPVCSG*KCRRR,1,1895,3,3,False
VDWNPVEVRVQSPGA,1,963,3,3,False
VDWNPVFGGGENAGA,1,533,10,11,False
VDWNPVFWWFKFPAQ,1,1339,5,5,False
VDWNPVGVFCKCRRR,1,2874,1,1,True
VDWNPVGVRGQSPGA,1,2854,2,2,False
VDWNPVGVRVERAGA,1,2875,1,1,True
VDWNPVLFLLKWPAQ,1,164,8,12,False
VDWNPVLGLLKWPRR,3,164,8,12,True
VDWNPVLGSLKGPAQ,1,164,8,12,False
VDWNPVRGWFKVPAQ,1,165,80,105,False
VDWNPVRWGVLERPG,1,2871,2,2,False
VDWNPVRWLFKLPAQ,1,2865,8,8,False
VDWNPVVGGEERAGA,1,61,15,21,False
VDWNPVVVGGQRAGA,1,1893,4,4,False
VDWNPVWRGGQIAGA,1,1810,3,3,False
VDWNPWAGG*KGRRR,1,2876,1,1,True
VDWNPWFLLLKLPAQ,1,165,80,105,False
VDWNPWFVFLKLPAQ,1,155,109,133,False
VDWNPWFVFLKVPAQ,1,155,109,133,False
VDWNPWGVGGENAGA,1,533,10,11,False
VDWNPWGWVGKVPAQ,2,108,17,20,False
VDWNPWLCVMKRPAQ,1,2877,3,3,True
VDWNPWLFFLKFPAQ,1,155,109,133,False
VDWNPWLFFLKLPAQ,1,3,2229,22657,False
VDWNPWLIFLKMPAQ,3,3,2229,22657,False
VDWNPWLIFLKVPAQ,1,165,80,105,False
VDWNPWLILLKLPAQ,1,2865,8,8,False
VDWNPWLLFLAQPWQ,1,1,1197,10527,False
VDWNPWLLFLDQPAQ,1,1,1197,10527,False
VDWNPWLLFLGRPQQ,6,1,1197,10527,False
VDWNPWLLFLKFPAQ,11,3,2229,22657,False
VDWNPWLLFLKGPAQ,1,3,2229,22657,False
VDWNPWLLFLKKPKQ,1,0,1628,17219,False
VDWNPWLLFLKLPAQ,14,3,2229,22657,False
VDWNPWLLFLKQPKQ,1,1,1197,10527,False
VDWNPWLLFLKQPRQ,1,1,1197,10527,False
VDWNPWLLFLKQPTQ,4,1,1197,10527,False
VDWNPWLLFLKVPAQ,13,3,2229,22657,False
VDWNPWLLFLLWPQQ,1,1900,36,36,False
VDWNPWLLFLQEPLQ,1,4,603,1344,False
VDWNPWLLFLQFPPQ,2,4,603,1344,False
VDWNPWLLFLQLPAQ,1,4,603,1344,False
VDWNPWLLFLQLPVQ,3,4,603,1344,False
VDWNPWLLFLQSPAQ,46,4,603,1344,False
VDWNPWLLFLQSPRQ,1,4,603,1344,False
VDWNPWLLFLQVPMQ,1,4,603,1344,False
VDWNPWLLFLQWPGQ,1,4,603,1344,False
VDWNPWLLFLQWPVQ,3,4,603,1344,False
VDWNPWLLFLQYPIQ,1,4,603,1344,False
VDWNPWLLFLRKPKQ,1,7,629,1764,False
VDWNPWLLFLRLPQQ,4,4,603,1344,False
VDWNPWLLFLRQPKQ,2,1,1197,10527,False
VDWNPWLLFLRQPSQ,14,1,1197,10527,False
VDWNPWLLFLRRPVQ,3,4,603,1344,False
VDWNPWLLFLRSPQQ,8,7,629,1764,False
VDWNPWLLFLSQPVQ,2,1,1197,10527,False
VDWNPWLLFLTVPAQ,1,165,80,105,False
VDWNPWLLFLVNPQQ,4,1,1197,10527,False
VDWNPWLLFLYQPDQ,1,1,1197,10527,False
VDWNPWLLFMKIPAQ,1,2877,3,3,False
VDWNPWLLLLKLPAQ,4,3,2229,22657,False
VDWNPWLLLLKVPAQ,1,165,80,105,False
VDWNPWLLMGENAGA,1,2878,1,1,True
VDWNPWLLMLKVPAQ,1,165,80,105,False
VDWNPWLLWLKGPAQ,1,165,80,105,False
VDWNPWLLWLKLPAQ,2,165,80,105,False
VDWNPWLLWLKVPAQ,8,3,2229,22657,False
VDWNPWLVFLKIPAQ,1,155,109,133,False
VDWNPWLVFLKLPAQ,6,3,2229,22657,False
VDWNPWLVFLKMPAQ,1,155,109,133,False
VDWNPWLVLLKLPAQ,2,3,2229,22657,False
VDWNPWLVLLKVPAQ,1,165,80,105,False
VDWNPWLVWLKSAGA,1,568,6,7,False
VDWNPWLVWLKVPAQ,2,165,80,105,False
VDWNPWMLFLKLPAQ,5,3,2229,22657,False
VDWNPWMLFLKMPAQ,1,165,80,105,False
VDWNPWMLFLKVPAQ,14,3,2229,22657,False
VDWNPWMLGVKFPAQ,1,165,80,105,False
VDWNPWMLWLKVPAQ,3,165,80,105,True
VDWNPWREGGESAGA,1,2122,5,5,False
VDWNPWRWVSKGAGA,1,2879,1,1,True
VDWNPWSGGGKMPAQ,1,1897,4,4,False
VDWNPWWRGVERAGA,1,1368,3,3,False
VDWNPWWVDGQIAGA,1,557,3,4,False
VDWNPYFLFLKLPAQ,1,1017,8,8,False
VDWNPYFLFLKVPAQ,1,11,557,1905,False
VDWNPYFLLLKFPAQ,1,11,557,1905,False
VDWNPYLLFLKKPKQ,1,0,1628,17219,False
VDWNPYLLFLKQPKQ,3,0,1628,17219,False
VDWNPYLLFLKTPQQ,1,1900,36,36,False
VDWNPYLLFLSKPQQ,1,1900,36,36,False
VDWNPYLLLCKWPGR,1,164,8,12,False
VDWNRAWSWGKCRRR,1,2880,1,1,True
VDWNRRAAG*KCRRR,1,59,13,17,False
VDWPPQLLFLQWPWQ,1,4,603,1344,False
VDWQPLLLFLGRPVQ,1,4,603,1344,False
VDWQPLLLFLGVPVQ,1,4,603,1344,False
VDWQPLLLFLLQPGQ,1,4,603,1344,False
VDWQPQLLFLIQPTQ,1,118,35,41,False
VDWQPRLLFLNQPQL,1,22,4,13,False
VDWQPTLLFLWRPVQ,2,544,8,10,False
VDWQPWLLFLVRPAQ,1,2637,8,8,False
VDWQPYLLFLKVPLQ,1,92,43,48,False
VDWQPYLLFLPVPAQ,1,815,4,4,False
VDWQSVVLLG*NCRR,1,2881,1,1,True
VDWRPFLLFLRVPEQ,1,551,35,36,False
VDWRPLLLFLRQPKQ,1,4,603,1344,False
VDWRPQLLFLGWPGA,2,546,32,37,False
VDWRPQLLFLKQPKQ,1,2638,3,3,False
VDWRPQLLFLMLPRQ,1,567,14,15,False
VDWRPQLLFLMWPSQ,1,73,128,146,False
VDWVPLLLFLMQPKQ,1,4,603,1344,False
VDWVPLLLFLRKPKQ,1,4,603,1344,False
VDWVPLLLFLRQPVQ,1,130,94,113,False
VDWVPQLLFLWRPKQ,1,2638,3,3,False
VDWVPVLLFLQWPWQ,1,4,603,1344,False
VDWVPWLLFLCGPVQ,1,130,94,113,False
VDWVPWLLFLKHPQQ,2,130,94,113,False
VDWWPGLLFLKQPAQ,1,73,128,146,False
VDWWPGLLFLQLPGQ,1,4,603,1344,False
VDWWPGLLFLQWPLQ,1,73,128,146,False
VDWWPGLLFLQWPVQ,1,73,128,146,False
VDWWPLLLFLEGPQQ,1,4,603,1344,False
VDWWPLLLFLLLPLQ,2,4,603,1344,False
VDWWPLLLFLQLPGQ,1,4,603,1344,False
VDWWPQLLFLVQPEQ,1,156,79,85,False
VDWWPVAAVSDVAVP,1,2800,2,2,False
VDWWPVLLFL*GPVQ,1,4,603,1344,False
VDWWPWLLFLWLPVQ,1,4,603,1344,False
VDWYPLLLFLQSPLQ,1,4,603,1344,False
VDWYPNLLFLPYPQQ,1,567,14,15,False
VDWYPVLLFLQSPGQ,1,2801,2,2,False
VDYESARQHVESAGR,1,2882,2,2,True
VDYESDRQQHESAGA,1,2753,2,2,False
VDYESGRLHGESAGA,1,2882,2,2,False
VDYIPWLLFLRTPFQ,1,1,1197,10527,False
VDYMPWLLFLVEPQQ,3,1,1197,10527,False
VDYNP*LLFLRQPWQ,1,1,1197,10527,False
VDYNP*LLFLRQPYQ,8,1,1197,10527,False
VDYNP*LLFLRVPAQ,2,14,52,95,False
VDYNP*LLFLVAPLQ,1,1,1197,10527,False
VDYNPFLLFLKKPKQ,1,0,1628,17219,False
VDYNPLFLLLKLPAQ,1,11,557,1905,False
VDYNPLLLFLKRPWQ,1,1,1197,10527,False
VDYNPLLLFLLGPLQ,1,1,1197,10527,False
VDYNPLLLFLQRPRQ,3,4,603,1344,False
VDYNPLLLFLQYPAQ,1,4,603,1344,False
VDYNPLLLFLRKPKQ,3,0,1628,17219,False
VDYNPLLLFLRRPLQ,1,1,1197,10527,False
VDYNPLLLFLRTPGQ,1,1,1197,10527,False
VDYNPLLLFLSNPAQ,1,1,1197,10527,False
VDYNPLLLFLWAPKQ,1,0,1628,17219,False
VDYNPMLLFLRQPRQ,2,1,1197,10527,False
VDYNPMLLFLVQPGQ,1,1,1197,10527,False
VDYNPNLLFLKNPKQ,1,0,1628,17219,False
VDYNPQLLFLQLPVQ,1,4,603,1344,False
VDYNPRLLFLLLPVQ,1,4,603,1344,False
VDYNPWLLFLAKPGQ,1,1,1197,10527,False
VDYNPWLLFLAKPQQ,1,1,1197,10527,False
VDYNPWLLFLALPQQ,1,1,1197,10527,False
VDYNPWLLFLAQPAQ,5,1,1197,10527,False
VDYNPWLLFLAQPEQ,2,1,1197,10527,False
VDYNPWLLFLAQPGQ,5,1,1197,10527,False
VDYNPWLLFLAQPHQ,2,1,1197,10527,False
VDYNPWLLFLAQPKQ,11,1,1197,10527,False
VDYNPWLLFLAQPLQ,6,1,1197,10527,False
VDYNPWLLFLAQPMQ,1,1,1197,10527,False
VDYNPWLLFLAQPNQ,9,1,1197,10527,False
VDYNPWLLFLAQPPQ,4,1,1197,10527,False
VDYNPWLLFLAQPQQ,35,1,1197,10527,False
VDYNPWLLFLAQPRQ,21,1,1197,10527,False
VDYNPWLLFLAQPSQ,10,1,1197,10527,False
VDYNPWLLFLAQPTQ,3,1,1197,10527,False
VDYNPWLLFLAQPVQ,22,1,1197,10527,False
VDYNPWLLFLAQPWQ,2650,1,1197,10527,True
VDYNPWLLFLAQPYQ,9,1,1197,10527,False
VDYNPWLLFLARPEQ,1,1,1197,10527,False
VDYNPWLLFLASPQQ,4,1,1197,10527,False
VDYNPWLLFLAYPQQ,1,1,1197,10527,False
VDYNPWLLFLCKPAQ,1,1,1197,10527,False
VDYNPWLLFLCNPSQ,1,1,1197,10527,False
VDYNPWLLFLFNPKQ,1,1,1197,10527,False
VDYNPWLLFLGGPQQ,18,1,1197,10527,False
VDYNPWLLFLGGPVQ,1,1,1197,10527,False
VDYNPWLLFLGQPLQ,1,1,1197,10527,False
VDYNPWLLFLGQPVQ,1,1,1197,10527,False
VDYNPWLLFLGRPFQ,2,1,1197,10527,False
VDYNPWLLFLGRPRR,1,1,1197,10527,False
VDYNPWLLFLIPPKQ,1,1,1197,10527,False
VDYNPWLLFLKHPKQ,1,0,1628,17219,False
VDYNPWLLFLKKPKQ,11,0,1628,17219,False
VDYNPWLLFLKKPNQ,3,0,1628,17219,False
VDYNPWLLFLKKPQQ,1,0,1628,17219,False
VDYNPWLLFLKKPRQ,3,0,1628,17219,False
VDYNPWLLFLKLPGQ,3,1,1197,10527,False
VDYNPWLLFLKMPYQ,2,1,1197,10527,False
VDYNPWLLFLKNPQQ,1,1,1197,10527,False
VDYNPWLLFLKQPEQ,2,1,1197,10527,False
VDYNPWLLFLKQPKQ,3,1,1197,10527,False
VDYNPWLLFLKQPMQ,1,1,1197,10527,False
VDYNPWLLFLKQPNQ,5,1,1197,10527,False
VDYNPWLLFLKQPRQ,1,1,1197,10527,False
VDYNPWLLFLKQPVQ,1,1,1197,10527,False
VDYNPWLLFLKQPWQ,1,1,1197,10527,False
VDYNPWLLFLKRPIQ,1,1,1197,10527,False
VDYNPWLLFLKSPQQ,1,1,1197,10527,False
VDYNPWLLFLKSPRQ,2,1,1197,10527,False
VDYNPWLLFLKVPNQ,1,1,1197,10527,False
VDYNPWLLFLKVPYQ,1,1,1197,10527,False
VDYNPWLLFLKWPGQ,1,1,1197,10527,False
VDYNPWLLFLKYPQQ,1,1,1197,10527,False
VDYNPWLLFLLKPNQ,1,1,1197,10527,False
VDYNPWLLFLLLPLQ,1,1,1197,10527,False
VDYNPWLLFLLLPRQ,1,1,1197,10527,False
VDYNPWLLFLLNPLQ,1,1,1197,10527,False
VDYNPWLLFLLQPKQ,1,1,1197,10527,False
VDYNPWLLFLLQPRQ,1,1,1197,10527,False
VDYNPWLLFLMEPQQ,1,1,1197,10527,False
VDYNPWLLFLMEPVQ,1,1,1197,10527,False
VDYNPWLLFLMSPAQ,1,1,1197,10527,False
VDYNPWLLFLNFPGQ,1,1,1197,10527,False
VDYNPWLLFLNKPKQ,1,0,1628,17219,False
VDYNPWLLFLNMPKQ,2,1,1197,10527,False
VDYNPWLLFLNNPKQ,1,1,1197,10527,False
VDYNPWLLFLNRPQQ,2,1,1197,10527,False
VDYNPWLLFLNVPEQ,1,1,1197,10527,False
VDYNPWLLFLPWPQQ,1,1,1197,10527,False
VDYNPWLLFLQFPLQ,1,1,1197,10527,False
VDYNPWLLFLQGPAQ,1,1,1197,10527,False
VDYNPWLLFLQLPGQ,1,1,1197,10527,False
VDYNPWLLFLQLPLQ,2,1,1197,10527,False
VDYNPWLLFLQLPTQ,2,1,1197,10527,False
VDYNPWLLFLQLPVQ,5,4,603,1344,False
VDYNPWLLFLQQPKQ,1,1,1197,10527,False
VDYNPWLLFLQQPWQ,1,1,1197,10527,False
VDYNPWLLFLQRPLQ,3,1,1197,10527,False
VDYNPWLLFLQSPAQ,1,1,1197,10527,False
VDYNPWLLFLQVPAQ,1,1,1197,10527,False
VDYNPWLLFLQVPGQ,1,1,1197,10527,False
VDYNPWLLFLQVPLQ,2,1,1197,10527,False
VDYNPWLLFLQVPVQ,5,1,1197,10527,False
VDYNPWLLFLQWPKQ,1,1,1197,10527,False
VDYNPWLLFLQWPLQ,1,1,1197,10527,False
VDYNPWLLFLQWPMQ,1,1,1197,10527,False
VDYNPWLLFLQWPVQ,6,1,1197,10527,False
VDYNPWLLFLQYPLQ,1,1,1197,10527,False
VDYNPWLLFLQYPRQ,1,1,1197,10527,False
VDYNPWLLFLRGPWQ,1,1,1197,10527,False
VDYNPWLLFLRKPAQ,1,1,1197,10527,False
VDYNPWLLFLRKPEQ,21,1,1197,10527,False
VDYNPWLLFLRKPKQ,3,0,1628,17219,False
VDYNPWLLFLRKPNQ,1,1,1197,10527,False
VDYNPWLLFLRKPQQ,4,7,629,1764,False
VDYNPWLLFLRKPYQ,1,1,1197,10527,False
VDYNPWLLFLRLPFQ,1,1,1197,10527,False
VDYNPWLLFLRLPSQ,4,1,1197,10527,False
VDYNPWLLFLRLPVQ,4,1,1197,10527,False
VDYNPWLLFLRMPGQ,1,1,1197,10527,False
VDYNPWLLFLRMPIQ,1,1,1197,10527,False
VDYNPWLLFLRMPNQ,10,1,1197,10527,False
VDYNPWLLFLRMPPQ,1,1,1197,10527,False
VDYNPWLLFLRMPQQ,3,1,1197,10527,False
VDYNPWLLFLRMPRQ,18,1,1197,10527,False
VDYNPWLLFLRNPQQ,1,1,1197,10527,False
VDYNPWLLFLRQPAQ,6,1,1197,10527,False
VDYNPWLLFLRQPKQ,10,1,1197,10527,False
VDYNPWLLFLRQPNQ,1,1,1197,10527,False
VDYNPWLLFLRQPPQ,4,1,1197,10527,False
VDYNPWLLFLRQPQQ,3,1,1197,10527,False
VDYNPWLLFLRQPRQ,4,1,1197,10527,False
VDYNPWLLFLRQPSQ,7,1,1197,10527,False
VDYNPWLLFLRQPTQ,2,1,1197,10527,False
VDYNPWLLFLRQPVQ,2,1,1197,10527,False
VDYNPWLLFLRQPYQ,3,1,1197,10527,False
VDYNPWLLFLRRPQQ,1,1,1197,10527,False
VDYNPWLLFLRRPSQ,2,1,1197,10527,False
VDYNPWLLFLRSPKQ,1,1,1197,10527,False
VDYNPWLLFLRSPQQ,1,1,1197,10527,False
VDYNPWLLFLRTPFQ,8,1,1197,10527,False
VDYNPWLLFLRTPKQ,2,1,1197,10527,False
VDYNPWLLFLRTPPQ,1,1,1197,10527,False
VDYNPWLLFLRTPQQ,7,1,1197,10527,False
VDYNPWLLFLRVPRQ,2,1,1197,10527,False
VDYNPWLLFLRVPSQ,1,1,1197,10527,False
VDYNPWLLFLRVPVQ,1,1,1197,10527,False
VDYNPWLLFLRWPIQ,1,1,1197,10527,False
VDYNPWLLFLRYPQQ,1,1,1197,10527,False
VDYNPWLLFLSGPHQ,1,1,1197,10527,False
VDYNPWLLFLSKPQQ,5,1,1197,10527,False
VDYNPWLLFLSMPNR,1,1,1197,10527,False
VDYNPWLLFLSMPQQ,3,1,1197,10527,False
VDYNPWLLFLSMPTQ,1,1,1197,10527,False
VDYNPWLLFLSQPAQ,1,1,1197,10527,False
VDYNPWLLFLSQPDQ,1,1,1197,10527,False
VDYNPWLLFLSQPGQ,1,1,1197,10527,False
VDYNPWLLFLSQPKQ,2,1,1197,10527,False
VDYNPWLLFLSQPMQ,2,1,1197,10527,False
VDYNPWLLFLSQPQQ,1,1,1197,10527,False
VDYNPWLLFLSQPRQ,2,1,1197,10527,False
VDYNPWLLFLSQPVQ,21,1,1197,10527,False
VDYNPWLLFLSQPWQ,2,1,1197,10527,False
VDYNPWLLFLSSPQQ,2,1,1197,10527,False
VDYNPWLLFLSTPQQ,59,1,1197,10527,False
VDYNPWLLFLSTPTQ,1,1,1197,10527,False
VDYNPWLLFLSVPLQ,1,1,1197,10527,False
VDYNPWLLFLTQPNQ,11,1,1197,10527,False
VDYNPWLLFLTQPWQ,1,1,1197,10527,False
VDYNPWLLFLTRPAQ,1,1,1197,10527,False
VDYNPWLLFLTRPQQ,7,1,1197,10527,False
VDYNPWLLFLTRPRQ,1,6,143,456,False
VDYNPWLLFLTVPAQ,6,1,1197,10527,False
VDYNPWLLFLVEPQQ,2,1,1197,10527,False
VDYNPWLLFLVGPQQ,1,1,1197,10527,False
VDYNPWLLFLVQPDQ,8,1,1197,10527,False
VDYNPWLLFLVQPPQ,12,1,1197,10527,False
VDYNPWLLFLVQPQQ,2,1,1197,10527,False
VDYNPWLLFLVQPSQ,8,1,1197,10527,False
VDYNPWLLFLVQPWQ,2,1,1197,10527,False
VDYNPWLLFLVVPQQ,2,1,1197,10527,False
VDYNPWLLFLVWPRQ,1,1,1197,10527,False
VDYNPWLLFLWAPGQ,1,1,1197,10527,False
VDYNPWLLFLWGPKQ,1,1,1197,10527,False
VDYNPWLLFLWGPRQ,1,1,1197,10527,False
VDYNPWLLFLWQPKQ,1,1,1197,10527,False
VDYNPWLLFLWWPMQ,1,1,1197,10527,False
VDYNPWLLFLYQPDQ,4,1,1197,10527,False
VDYNPWLLFLYRPQQ,2,1,1197,10527,False
VDYNPYLLFLAQPAQ,1,1,1197,10527,False
VDYNPYLLFLARPQQ,3,1,1197,10527,False
VDYNPYLLFLKGPQQ,1,0,1628,17219,False
VDYNPYLLFLKHPKQ,2,0,1628,17219,False
VDYNPYLLFLKKPAQ,1,0,1628,17219,False
VDYNPYLLFLKKPKQ,27,0,1628,17219,False
VDYNPYLLFLKKPQQ,1,0,1628,17219,False
VDYNPYLLFLKKPSQ,1,0,1628,17219,False
VDYNPYLLFLKNPQQ,1,0,1628,17219,False
VDYNPYLLFLKQPEQ,1,0,1628,17219,False
VDYNPYLLFLKQPKQ,7,0,1628,17219,False
VDYNPYLLFLKQPLQ,1,0,1628,17219,False
VDYNPYLLFLKQPNQ,2,0,1628,17219,False
VDYNPYLLFLKRPTQ,1,0,1628,17219,False
VDYNPYLLFLKSPQQ,1,0,1628,17219,False
VDYNPYLLFLLQPNQ,1,1,1197,10527,False
VDYNPYLLFLMHPQQ,1,0,1628,17219,False
VDYNPYLLFLMMPQQ,2,0,1628,17219,False
VDYNPYLLFLNRPQQ,1,1900,36,36,False
VDYNPYLLFLQLPAQ,6,4,603,1344,False
VDYNPYLLFLQRPLQ,1,2253,10,10,False
VDYNPYLLFLQYPKQ,2,0,1628,17219,False
VDYNPYLLFLRIPQQ,1,0,1628,17219,False
VDYNPYLLFLRIPRQ,1,0,1628,17219,False
VDYNPYLLFLRIPSQ,6,12,343,758,False
VDYNPYLLFLRKPKQ,2,0,1628,17219,False
VDYNPYLLFLRKPQQ,3,0,1628,17219,False
VDYNPYLLFLRMPSQ,1,12,343,758,False
VDYNPYLLFLRNPKQ,4,0,1628,17219,False
VDYNPYLLFLRNPQQ,2,0,1628,17219,False
VDYNPYLLFLRNPSQ,1,12,343,758,False
VDYNPYLLFLRQPAQ,3,1,1197,10527,False
VDYNPYLLFLRQPKQ,1,0,1628,17219,False
VDYNPYLLFLRQPSQ,2,1,1197,10527,False
VDYNPYLLFLRQPYQ,1,1,1197,10527,False
VDYNPYLLFLRSPKQ,3,0,1628,17219,False
VDYNPYLLFLRSPQQ,3,0,1628,17219,False
VDYNPYLLFLRSPRQ,1,551,35,36,False
VDYNPYLLFLSQPKQ,2,0,1628,17219,False
VDYNPYLLFLSQPRQ,4,1,1197,10527,False
VDYNPYLLFLSQPVQ,1,1,1197,10527,False
VDYNPYLLFLTHPQQ,1,0,1628,17219,False
VDYNPYLLFLTQPKQ,2,0,1628,17219,False
VDYNPYLLFLTQPNQ,5,2,509,4610,False
VDYNPYLLFLTVPAQ,1,0,1628,17219,False
VDYNPYLLFLWKPKQ,1,0,1628,17219,False
VDYNRGCCFWRSRGR,1,2883,1,1,True
VDYQPLLLFLVDPRQ,1,1504,13,13,False
VDYQPRLLFLQVPKQ,1,2884,2,2,True
VDYQPWLLFLRLPFQ,1,1504,13,13,False
VDYQSVLVVDEIPGA,1,2885,2,2,True
VDYRPLLLFLQWPVQ,1,4,603,1344,False
VDYRPWLLFLVQPVQ,1,1,1197,10527,False
VDYSPQLLFLVHPGQ,1,2235,4,4,False
VDYSPWLLFLKWPQQ,1,1,1197,10527,False
VDYSPWLLFLSNPKQ,1,1,1197,10527,False
VDYSPWLLFLVHPQQ,1,1,1197,10527,False
VDYVPWLLFLQQPWQ,1,1,1197,10527,False
VDYVPYLLFLLKPQQ,1,0,1628,17219,False
VDYWPLLLFLGQPVQ,1,156,79,85,False
VEESGEGEGERAGAG,1,2886,1,1,True
VEFQSVGVVVESAGA,1,2887,3,3,True
VELESDLQVVESAGA,1,2888,2,2,True
VELESVGHVDERGRR,1,2889,1,1,True
VELQSVQLLQESPGA,1,2890,1,1,True
VEQESEGEEEEMAGA,1,99,134,161,False
VEWESVGGVVEIAGA,1,167,83,87,False
VEYQSGLVGLEIPGA,1,2885,2,2,False
VGCEAGPAVSVLAGP,1,2891,1,1,True
VGCEPEPAVSEVAAP,1,1633,3,3,False
VGCESARLDGESPGA,1,825,4,4,False
VGCESAVHVVEIAGA,1,167,83,87,False
VGCESDVQGCGKGRR,1,2892,2,2,True
VGCESDVRVLEIPGA,1,2893,1,1,True
VGCESEGQDEEKAGA,1,326,8,9,False
VGCESEREDQERAGA,1,2591,2,2,False
VGCESGDVGGQSAGA,1,1385,5,5,False
VGCESGGLLGESPGA,1,800,4,4,False
VGCESGGVGGEIAGA,1,1393,7,7,False
VGCESGGVVGENAGA,1,97,3,5,False
VGCESVGVGGEIAGA,1,1393,7,7,False
VGCESVHHGRQIAGA,2,569,2,3,True
VGCESVVGGVESPGA,1,167,83,87,False
VGCESVVGRGEIAGA,1,167,83,87,False
VGCESVVLQVEIAGA,1,167,83,87,False
VGCGAGAAVSVVAVG,2,570,6,7,True
VGCGAVAAVSVGPGA,1,1388,5,5,False
VGCGPAAAVSAAAGP,1,1389,4,4,False
VGCHAGAAVSEGAVP,1,570,6,7,False
VGCPAAAAVSVVAGP,1,570,6,7,False
VGCPPDPAVSDPAGA,2,571,4,5,True
VGCQSAVGEGQIPGA,1,2894,2,2,True
VGCQSAVGVKGPAQG,1,2895,1,1,True
VGCQSDRQLRESPGA,1,1392,3,3,False
VGCQSDRRRQESAGA,1,2896,2,2,True
VGCQSGGREHERPGA,1,2897,2,2,True
VGCQSGLGVGQMPGA,1,2894,2,2,False
VGCQSGLLELEKAGA,1,1396,5,5,False
VGCQSGLRLRQNPGA,1,578,6,7,False
VGCQSGLRRLEIAGA,1,338,9,10,False
VGCQSGRGLHQSAGA,1,1923,2,2,False
VGCQSGRRGLERPGA,1,2897,2,2,False
VGCQSGVLLLESPGA,1,578,6,7,False
VGCQSGVLRLESPGA,1,802,3,3,False
VGCQSVLVQVQMAGA,1,2488,2,2,False
VGCQSVVLLVQIPGA,1,1025,3,3,False
VGCQSVVRQRQSPGA,1,117,2,4,False
VGCQSVVRVVEIAGA,1,167,83,87,False
VGCQSVVVLRESPGA,1,391,8,10,False
VGCRAVAAVSGGAGA,1,169,27,30,False
VGCVAVAAVSDVADA,1,2898,1,1,True
VGCVAVAAVSGQPDP,1,166,6,8,False
VGCVAVAAVSVVAGA,2,149,31,38,False
VGCVPVAAVSVHPGP,3,166,6,8,True
VGFESAGVDLEIPGA,1,2899,2,2,True
VGFESAGVDREIPGA,1,2899,2,2,False
VGFESALLREQIAGA,1,1925,4,4,False
VGFESAVGVGESAGA,1,167,83,87,False
VGFESDLLLLESAGA,1,1028,9,9,False
VGFESDRGLQEIPGA,1,2900,2,2,True
VGFESDVLGVEMAGA,1,167,83,87,False
VGFESDVVGGESAGA,1,803,13,13,False
VGFESGDLGGQSAGA,1,576,6,7,False
VGFESGGQLGQMAGA,1,2901,3,3,True
VGFESGGRASSKGRR,1,2902,1,1,True
VGFESGGRGREMPGA,1,1581,3,3,False
VGFESGGVLGEIAGA,1,2901,3,3,False
VGFESGLVRLESAGA,1,572,5,6,False
VGFESGLVVVEIAGA,1,167,83,87,False
VGFESGVGVDEIAGA,1,167,83,87,False
VGFESGVGVGEIAGA,1,167,83,87,False
VGFESVDLLLEIAGA,1,167,83,87,False
VGFESVEGVLQIPGA,1,795,4,4,False
VGFESVGGWC*NCRR,1,1027,2,2,False
VGFESVGLEGQIAGA,1,75,37,44,False
VGFESVGVVLEIAGA,1,75,37,44,False
VGFESVHRVVESAGA,1,167,83,87,False
VGFESVLEVGEIPGA,1,167,83,87,False
VGFESVLGDVENCRR,1,1927,2,2,False
VGFESVLGVGERAGA,1,167,83,87,False
VGFESVLLVLESAGA,1,1028,9,9,False
VGFESVLVLVEIAGA,1,167,83,87,False
VGFESVLVLVEMAGA,1,1915,2,2,False
VGFESVVGGG*NSRR,1,2903,1,1,True
VGFESVVGGLEIAGA,1,167,83,87,False
VGFESVVGVGEIAGA,1,167,83,87,False
VGFESVVGVVEIAGA,3,167,83,87,True
VGFESVVHLVEIAGA,1,167,83,87,False
VGFESVVLVLENAGA,1,167,83,87,False
VGFESVVLVVEIAGA,1,167,83,87,False
VGFESVVRVGEMAGA,1,167,83,87,False
VGFESVVVLVEIPGA,1,167,83,87,False
VGFPAGAAVSEHPAA,1,2598,2,2,False
VGFQFRPASSGNSRR,1,2904,1,1,True
VGFQSAGDVLQIAGA,1,43,18,30,False
VGFQSALVLLEKPGA,1,1030,7,7,False
VGFQSAVHELEIPGA,1,234,7,8,False
VGFQSAVLGLESAGA,1,572,5,6,False
VGFQSCGSC*NCRRR,1,2905,1,1,True
VGFQSDLGLVEMAGA,1,2906,3,3,True
VGFQSDVDDLEIAGA,1,572,5,6,False
VGFQSDVVLVQIPGA,1,2907,1,1,True
VGFQSDVVRLERAGA,2,572,5,6,True
VGFQSDVVVG*NCRR,1,2908,1,1,True
VGFQSGGHLQQMPGA,1,2901,3,3,False
VGFQSGGLREERPGA,1,802,3,3,False
VGFQSGHRVVEMPGA,1,388,8,9,False
VGFQSGLGCSGNCRR,1,2909,1,1,True
VGFQSGLGLQEIPGA,1,2900,2,2,False
VGFQSGLGLVESPGA,1,578,6,7,False
VGFQSGRHQEEIAGA,1,2910,2,2,True
VGFQSGRRLRENPGA,2,170,5,8,False
VGFQSGVDVVQIAGA,1,167,83,87,False
VGFQSVDLLLQIAGA,2,43,18,30,False
VGFQSVDRLLEIPGA,2,43,18,30,False
VGFQSVDRLVQIPGA,1,43,18,30,False
VGFQSVGGVC*NCRR,1,1937,2,2,False
VGFQSVGRLLESPGA,3,43,18,30,False
VGFQSVGRRLQIPGA,6,43,18,30,True
VGFQSVGVHGQMPGA,2,43,18,30,False
VGFQSVHLVVQIAGA,1,167,83,87,False
VGFQSVLDHVQIAGA,1,1031,5,5,False
VGFQSVLGLLEIPGA,1,43,18,30,False
VGFQSVLGLLEMPGA,1,1030,7,7,False
VGFQSVLGRGEKPGA,1,2911,2,2,True
VGFQSVLLVLEIAGA,1,167,83,87,False
VGFQSVLRLHESPGA,1,2911,2,2,False
VGFQSVLRVLEIPGA,1,43,18,30,False
VGFQSVLRVVEIAGA,1,167,83,87,False
VGFQSVLVGGEIAGA,1,1393,7,7,False
VGFQSVLVLVEIAGA,1,2906,3,3,False
VGFQSVLVREQNPGA,1,43,18,30,False
VGFQSVLVVLESPGA,1,1030,7,7,False
VGFQSVRLVVQIAGA,1,167,83,87,False
VGFQSVRVLREIAGA,1,2910,2,2,False
VGFQSVVGVVEIAGA,1,167,83,87,False
VGFQSVVHLLQIPGA,2,43,18,30,False
VGFQSVVHVVEMPGA,1,167,83,87,False
VGFQSVVLHLEIAGA,1,35,10,18,False
VGFQSVVLVVEIAGA,1,167,83,87,False
VGFQSVVLVVQIAGA,1,167,83,87,False
VGFQSVVRLEEIPGA,1,43,18,30,False
VGFQSVVRLREIAGA,1,167,83,87,False
VGFQSVVVDVQSAGA,1,296,10,11,False
VGFQSVVVEMAGAGF,1,2912,1,1,True
VGFQSVVVLVEMPGA,1,1030,7,7,False
VGFQSVVVLVESAGA,1,2887,3,3,False
VGFQSVVVVLEIAGA,2,167,83,87,False
VGFQSVVVVVQIAGA,1,167,83,87,False
VGFVAGAAVSGGAGA,1,169,27,30,False
VGFVAGAAVSGVAEP,2,13,36,58,False
VGFVARCCCFCCGRR,1,2913,1,1,True
VGFVAVAAVSGGAVA,1,169,27,30,False
VGFVAVAAVSGLPAA,1,2914,5,5,True
VGFVAVAAVSGVAGP,1,13,36,58,False
VGFVAVAAVSVLAGA,1,2914,5,5,False
VGFVAVAAVSVVAGA,2,149,31,38,False
VGFVPVAAVSVLAGP,1,166,6,8,False
VGGAVAAVSGGAAAG,1,2915,1,1,True
VGGNPKRRRSKRPAQ,1,10,1116,1855,False
VGIAIR*SGGANSRR,1,2916,1,1,True
VGIAIRPGSS*NSRR,1,2917,1,1,True
VGLEAEAAVSERAAA,1,2918,1,1,True
VGLEAVAAVSVVAVA,2,332,7,9,False
VGLESALGGGKVPAQ,1,2919,1,1,True
VGLESAVGVVEIAGA,1,167,83,87,False
VGLESGGGQHERAGA,1,873,5,5,False
VGLESGGVGGERPGA,1,873,5,5,False
VGLESGLVVDESAGA,1,2888,2,2,False
VGLESGRVVGQRAGA,1,2150,3,3,False
VGLESGSCGW*NCRR,1,573,2,3,False
VGLESVELVVEIAGA,1,167,83,87,False
VGLESVGC*W*KCRR,2,573,2,3,True
VGLESVGGHVESAGA,1,167,83,87,False
VGLESVGLRGEIAGA,1,1387,4,4,False
VGLESVGVLDQIAGA,1,75,37,44,False
VGLESVGVLGEIPGA,1,168,3,5,False
VGLESVGVRVQKPGA,3,168,3,5,True
VGLESVVGVGEIAGA,1,167,83,87,False
VGLESVVLVGESAGA,1,1414,8,8,False
VGLGAAAAVSVVAVA,1,570,6,7,False
VGLGAGAAVSGEAGA,1,169,27,30,False
VGLGAGAAVSVAPVP,1,570,6,7,False
VGLGAVAAVSGGAGA,1,169,27,30,False
VGLGAVAAVSGVAGA,1,13,36,58,False
VGLLPVAAVSVAAGP,1,166,6,8,False
VGLQSALRLLQSPGA,1,1037,5,5,False
VGLQSDGLVVQNAGA,1,2920,1,1,True
VGLQSGEEVQERAGA,1,2921,2,2,True
VGLQSGGVVGQRAGA,1,2150,3,3,False
VGLQSVVGVGESAGA,1,1414,8,8,False
VGLQSVVVLVESPGA,1,1414,8,8,False
VGLRPGAAVSGGAGA,1,169,27,30,False
VGLVAGAAVSVVAGP,1,13,36,58,False
VGLVAVAAVSVVAGA,1,149,31,38,False
VGLVPVAAVSGVGRS,1,2922,1,1,True
VGQESAEEEEQRAGA,1,299,18,23,False
VGQESAQRDQENAGA,1,2923,2,2,True
VGQESAVVDVEMAGA,1,2923,2,2,False
VGQESDQGQEERAGA,1,625,14,15,False
VGQESEEEQEEKAGA,1,1635,4,4,False
VGQESEGEEVQKAGA,1,99,134,161,False
VGQESEGEQGERAGA,1,99,134,161,False
VGQESELQEEESAGA,1,99,134,161,False
VGQESEQREGESAGA,1,1423,7,7,False
VGQESEVEEEEKAGA,1,99,134,161,False
VGQESEVEEEERAGA,1,99,134,161,False
VGQESGRGGEEKAGA,1,2924,3,3,True
VGQESGVEAEKAGAG,1,2925,1,1,True
VGQESGVEVDERPGA,1,2926,1,1,True
VGQESVEQVEEKAGA,1,2924,3,3,False
VGQESVGEGEESPGA,1,2927,3,3,True
VGQESVVLVVERAGA,1,167,83,87,False
VGQGIRRACAGNGRR,2,574,1,2,True
VGQQSDEVEEERPGA,1,300,19,21,False
VGQQSDGVGEESAGA,1,2927,3,3,False
VGQQSDQEEEEKAGA,1,881,9,9,False
VGQQSEVEEAGKGRR,1,2928,1,1,True
VGQQSGGEEEQRAGA,1,81,24,32,False
VGSGAVAAVSGVAGA,1,13,36,58,False
VGSPPVAAVSDEAGA,1,571,4,5,False
VGSRAVAAVSVVAGA,1,21,32,45,False
VGSVAVAAVSGGAVA,1,169,27,30,False
VGSVAVAAVSVGAGA,1,149,31,38,False
VGWESAVHLVQRPGA,1,576,6,7,False
VGWESDEERRERAGA,2,575,5,6,True
VGWESEEVEVERPGA,1,2675,2,2,False
VGWESEGQEEQKAGA,1,326,8,9,False
VGWESEQVGDERAGA,1,1410,12,12,False
VGWESGGGGGKGRRR,1,1436,2,2,False
VGWESGGVGGESAGA,1,803,13,13,False
VGWESGVGGCGNGRR,1,2892,2,2,False
VGWESGVLLVQSAGA,2,576,6,7,True
VGWESVGRVLENAGA,1,1028,9,9,False
VGWGAGAAVSGGAAA,3,169,27,30,True
VGWGAGAAVSVGAGP,1,169,27,30,False
VGWGAGAAVSVQAGA,1,21,32,45,False
VGWGAGAAVSVRAGA,1,21,32,45,False
VGWGAVAAVSGEPAA,1,169,27,30,False
VGWGAVAAVSGRAVA,1,169,27,30,False
VGWGAVAAVSVVAGA,1,21,32,45,False
VGWGAVPAVSALAAP,1,2929,2,2,True
VGWGAVPAVSVGAAA,1,169,27,30,False
VGWGAVPAVSVVADA,1,1920,6,6,False
VGWLAVAAVSVLAGA,1,21,32,45,False
VGWLAVPAVSVVAGP,1,13,36,58,False
VGWQSAGVDVESAGA,1,306,4,5,False
VGWQSGDVGGERAGA,1,85,19,27,False
VGWQSGGEVREMAGA,1,2921,2,2,False
VGWQSGLLHVQMPGA,1,578,6,7,False
VGWQSGQQHLQKPGA,1,2930,2,2,True
VGWQSGQRHLESAGA,1,2930,2,2,False
VGWQSGVRHGENAGA,1,1038,4,4,False
VGWQSGVVG*GKCRR,2,577,1,2,True
VGWQSVGEQEQSPGA,1,2927,3,3,False
VGWQSVLVRGESAGA,1,803,13,13,False
VGWRAVAAVSVRAGA,1,21,32,45,False
VGWVAGAAVSELPGA,1,2914,5,5,False
VGWVAGAAVSVGAGA,1,21,32,45,False
VGWVAVAAVSGVAGA,1,13,36,58,False
VGWVAVAAVSVDAGA,1,13,36,58,False
VGWVAVAAVSVLAAA,1,2914,5,5,False
VGWVAVAAVSVRPEA,1,1441,2,2,False
VGYESAEQEEQSAGA,1,2931,1,1,True
VGYESAQHHRERPGA,1,170,5,8,False
VGYESDEREQERAGA,1,575,5,6,False
VGYESDQDHLESPGA,1,2133,2,2,False
VGYESEGVVEQSAGA,1,326,8,9,False
VGYESEHQDLENPGA,1,2932,1,1,True
VGYESEQRRGQSPGA,1,2933,1,1,True
VGYESERLEVQKAGA,1,2492,3,3,False
VGYESGGVRQESPGA,1,2601,2,2,False
VGYESGVVEEERAGA,1,116,5,7,False
VGYESVGVLGQIAGA,1,75,37,44,False
VGYESVVGGVESAGA,1,167,83,87,False
VGYESVVQVEERAGA,1,167,83,87,False
VGYQSAEGDQERAGA,1,834,4,4,False
VGYQSAHLLEGKARR,1,2934,1,1,True
VGYQSALRAS*KSRR,1,2935,1,1,True
VGYQSAVLRQESPGA,1,890,2,2,False
VGYQSDEHDEERAGA,1,834,4,4,False
VGYQSDLRQRESAGA,1,2896,2,2,False
VGYQSDQQRRENPGA,1,2936,1,1,True
VGYQSDVQHQEKAGA,1,1444,2,2,False
VGYQSELVHQQSPGA,1,2937,1,1,True
VGYQSG*AGSGKSRR,1,2938,1,1,True
VGYQSGGLRVERAGA,1,305,8,9,False
VGYQSGLLLVENPGA,2,578,6,7,True
VGYQSGQLEQQNAGA,1,2939,1,1,True
VGYQSGRGHRERPGA,3,170,5,8,True
VGYQSGRRLRESAGA,1,170,5,8,False
VGYQSVHRQRESPGA,1,2940,1,1,True
VGYQSVHRVGENAGA,1,97,3,5,False
VGYVPAAAVSGEAGP,1,2941,1,1,True
VG_QAEAAVSEQADP,2,579,5,6,True
VG_RAEAAVSGQPEA,1,2942,1,1,True
VI*IRCGGGSNCRRR,1,1050,9,9,False
VI*IRGSGGANSRRR,1,308,8,9,False
VI*IRPSGAGKGRRR,1,446,5,6,False
VIAIRPS*CGNSRRR,2,580,3,4,True
VICARCCCF*GSRTR,1,525,4,5,False
VIGGRCCCFCSTRSR,1,2632,2,2,False
VISIRCWWC*NGRRR,1,2943,1,1,True
VISIRSCSSGNCRRR,1,1949,7,7,False
VIWARCCCFCCCRRR,1,2944,1,1,True
VM*IRCWGWSNCRRR,1,2634,4,4,False
VMAIRAASSGNARRR,1,2945,1,1,True
VMAIRTGGAGKGRRR,1,57,64,76,False
VMGGRGCCFCRARCR,1,2946,3,3,True
VRCESGCSAS*NARR,2,581,1,2,True
VRCESGSASG*NSRR,2,582,1,2,True
VRCQSGRRRLENPGA,1,2947,2,2,True
VRCQSVGVGVEIAGA,1,1393,7,7,False
VRFESAERLGESAGA,1,2948,1,1,True
VRFESVVRDVEIPGA,1,35,10,18,False
VRFLAVAAVSDPAAP,1,2949,1,1,True
VRFQSALVRLERPGA,1,572,5,6,False
VRFQSAVVLLESPGA,1,583,8,9,False
VRFQSDDRLLEIPGA,2,583,8,9,True
VRFQSDLGVVEIAGA,1,2906,3,3,False
VRFQSDLLLLEMPGA,1,583,8,9,False
VRFQSDLRDQQSPGA,1,1471,2,2,False
VRFQSEVVRVEIAGA,1,35,10,18,False
VRFQSGRGRVQMAGA,1,2950,1,1,True
VRFQSGVHVLEIAGA,1,35,10,18,False
VRFQSGVLHVEIPGA,7,35,10,18,True
VRFQSGVRQGEIAGA,1,35,10,18,False
VRFQSGVVRLQIPGA,1,35,10,18,False
VRFQSVDRVLEIAGA,1,583,8,9,False
VRFQSVLDLLESPGA,1,583,8,9,False
VRFQSVLGVVESAGA,1,2887,3,3,False
VRFQSVLHLLQIAGA,1,2951,3,3,True
VRFQSVLLVLEIPGA,1,1044,2,2,False
VRFQSVLLVVEIPGA,2,35,10,18,False
VRFQSVLRVLENAGA,1,2951,3,3,False
VRFQSVLVVGQIAGA,1,838,5,5,False
VRFQSVRLVLESAGA,1,1028,9,9,False
VRFQSVRVLLEIAGA,1,2951,3,3,False
VRFQSVRVLREIPGA,1,583,8,9,False
VRFQSVVGVVEMAGA,1,167,83,87,False
VRFQSVVRHREIPGA,2,35,10,18,False
VRFQSVVRVLESAGA,1,2640,2,2,False
VRFSIRRSASGKSRR,1,2952,2,2,True
VRIAIRR*GAAKGRR,1,2953,1,1,True
VRLQSEQQEQERPGA,1,2954,1,1,True
VRLQSGGRLVESAGA,1,2955,1,1,True
VRLQSGVGDVEMPGA,1,35,10,18,False
VRMSIRAGSW*NARR,1,2956,1,1,True
VRQESGRQQGERAGA,1,840,2,2,False
VRQQSVRRGEEKAGA,1,2924,3,3,False
VRQQSVRVERERPGA,1,2957,1,1,True
VRQSIRSGASGKSRR,1,2952,2,2,False
VRWESAGEEEEMAGA,1,2599,2,2,False
VRWESDGQQQENAGA,1,2958,1,1,True
VRWESGGEQGQRPGA,1,2959,1,1,True
VRWQSGVRLLEIPGA,1,583,8,9,False
VRWVAVAAVSGVAGA,1,13,36,58,False
VRYDADAAVSEEADP,1,2960,1,1,True
VRYESVDQHGEIPGA,1,2961,1,1,True
VRYQSARVRLQSPGA,1,2962,1,1,True
VRYQSDLRRLENPGA,1,2947,2,2,False
VRYQSGGGREERAGA,1,305,8,9,False
VRYQSGLRRVESPGA,1,578,6,7,False
VRYQSVLQRSAKSRR,1,2963,1,1,True
VR_EAEAAVSAGAEA,1,2964,1,1,True
VR_VAVAAVSALPVA,1,2914,5,5,False
VV*IRCSSCSNARRR,1,809,3,3,False
VV*IRGGA*GKCRRR,1,2965,1,1,True
VVESGVVRGESAGAG,1,2966,1,1,True
VVGADAAVSVHAEAG,1,2967,1,1,True
VVGGRGCCFWACRCR,1,2946,3,3,False
VVLRVVAPSRARQPK,100,5,3,105,True
VVSIRGGGGGKGRRR,1,57,64,76,False
VVSIRPASSAKSRRR,1,1046,3,3,False
VVSIRRGGGGKGRRR,1,57,64,76,False
VVSIRSSCSSNGRRR,1,393,3,4,False
VVVAVAAVSVVAGPG,1,2968,1,1,True
WAFWPFPAVSGRAGP,1,2969,1,1,True
WD*CPLLLFLVRPRQ,1,2970,1,1,True
WD*IR*GGGAKGRRR,1,2971,5,5,True
WD*IRGAGG*KARRR,1,2971,5,5,False
WD*IRGCCG*NCRRR,2,215,27,32,False
WD*IRRGGGGKGRRR,1,2971,5,5,False
WD*IRWCGC*KCRRR,1,392,7,9,False
WD*IRWWCC*NSPAQ,1,2972,1,1,True
WD*TARLRRESAGAG,1,2973,1,1,True
WDAAPLLLFLAWPVQ,1,584,26,30,False
WDAGPMPAVSGRAEA,1,2974,1,1,True
WDAGPVAAVSGVAGA,1,244,36,38,False
WDAGPWLLFLKQPKQ,1,7,629,1764,False
WDAGPWLLFLQWPGQ,1,1053,8,8,False
WDALPLLLFLWAAGA,1,2863,2,2,False
WDALPQLLFLLVPVQ,2,584,26,30,True
WDANPFLLFLRRPVQ,1,7,629,1764,False
WDANPLLLFLMMPQQ,1,7,629,1764,False
WDANPLLLFLQLPAQ,2,4,603,1344,False
WDANPLLLFLQLPVQ,2,4,603,1344,False
WDANPWLLFLAQPWQ,2,1,1197,10527,False
WDANPWLLFLKKPKQ,3,7,629,1764,False
WDANPWLLFLKQPKQ,1,7,629,1764,False
WDANPWLLFLKQPRQ,1,7,629,1764,False
WDANPWLLFLKVPQQ,2,7,629,1764,False
WDANPWLLFLKVPVQ,1,7,629,1764,False
WDANPWLLFLMYPQQ,2,7,629,1764,False
WDANPWLLFLQGPIQ,1,7,629,1764,False
WDANPWLLFLQLPGQ,4,7,629,1764,False
WDANPWLLFLQVPGQ,1,7,629,1764,False
WDANPWLLFLQWPVQ,2,7,629,1764,False
WDANPWLLFLRKPKQ,3,7,629,1764,False
WDANPWLLFLRKPNQ,2,7,629,1764,False
WDANPWLLFLRKPQQ,86,7,629,1764,True
WDANPWLLFLRKPSQ,1,7,629,1764,False
WDANPWLLFLRKPYQ,1,7,629,1764,False
WDANPWLLFLRLPSQ,2,7,629,1764,False
WDANPWLLFLRMPRQ,1,7,629,1764,False
WDANPWLLFLRNPKQ,1,7,629,1764,False
WDANPWLLFLRQPAQ,3,7,629,1764,False
WDANPWLLFLRQPRQ,2,7,629,1764,False
WDANPWLLFLRQPSQ,1,7,629,1764,False
WDANPWLLFLRTPFQ,2,7,629,1764,False
WDANPWLLFLRVPKQ,1,7,629,1764,False
WDANPWLLFLSMPLQ,1,7,629,1764,False
WDANPWLLFLSMPQQ,4,7,629,1764,False
WDANPWLLFLSQPAQ,1,7,629,1764,False
WDANPWLLFLSQPNQ,1,7,629,1764,False
WDANPWLLFLSQPTQ,1,7,629,1764,False
WDANPWLLFLSRPRQ,1,7,629,1764,False
WDANPWLLFLTHPVQ,1,7,629,1764,False
WDANPWLLFLTRPQQ,2,7,629,1764,False
WDANPWLLFLVQPSQ,1,7,629,1764,False
WDANPYLLFLKKPVQ,1,0,1628,17219,False
WDANPYLLFLRKPQQ,1,7,629,1764,False
WDANPYLLFLRSPKQ,1,7,629,1764,False
WDAQPELLFLQWPSQ,1,56,210,255,False
WDAQPQLLFLVLPWQ,1,2637,8,8,False
WDAQPRLLFLWFPGQ,1,148,23,27,False
WDARPVLLFLQWPKQ,1,312,10,12,False
WDAVPGLLFLQWPAQ,1,73,128,146,False
WDAVPLLAVSDRPGA,1,2975,2,2,True
WDAVPLLLFLVQPGQ,1,68,51,63,False
WDAVPMLLFLQGPVQ,1,584,26,30,False
WDAWPLLLFLFGPVQ,1,31,119,142,False
WDAWPLLLFLKKPKQ,1,0,1628,17219,False
WDAWPLLLFLLLPLQ,1,92,43,48,False
WDAWPMLLFLQSPVQ,1,584,26,30,False
WDAWPQLLFLWRPLQ,1,96,48,56,False
WDAWPVLLFLLWPWQ,1,53,100,123,False
WDAWPVLLFLQLPVQ,1,4,603,1344,False
WDAWPVRCFCGCRRR,1,2710,3,3,False
WDCCRCCCFWCGRCR,1,188,3,5,False
WDCDPPLAVSGVPVP,1,2976,1,1,True
WDCESVRGVGERAGA,1,1643,6,6,False
WDCFPFLLFLLVPCR,1,2977,2,2,True
WDCGPVLLFLQWPVQ,1,637,44,44,False
WDCNPAVGIWKLPAQ,2,585,3,4,True
WDCNPCGGGSKARRR,1,2978,1,1,True
WDCNPFLLVLKLPAQ,1,3,2229,22657,False
WDCNPFMVLLKLPAQ,2,91,121,166,False
WDCNPFVFVLKVPAA,1,2979,1,1,True
WDCNPGCFGSKLPAR,1,2980,1,1,True
WDCNPGEGLVEIAGA,1,64,33,38,False
WDCNPGLSSWKCRRR,1,2981,1,1,True
WDCNPLCCVVESAGA,1,123,8,12,False
WDCNPLCLRGQIAGA,4,90,6,9,True
WDCNPLFVFFKIPAQ,1,437,8,9,False
WDCNPLLDVVQSPGA,1,1780,5,5,False
WDCNPPCVSANSRRR,1,2982,1,1,True
WDCNPPGLGGKVAGA,1,2983,2,2,True
WDCNPPGWCGKGPAQ,1,1067,10,10,False
WDCNPQFFGWKFPAA,1,2984,1,1,True
WDCNPSSSA*NCRRR,1,2714,3,3,False
WDCNPSVGVGKWPAQ,1,153,12,14,False
WDCNPVLVVGQIAGA,1,27,28,43,False
WDCNPVMGGVESAGA,1,64,33,38,False
WDCQPKLLFLSWPQQ,1,20,111,133,False
WDCQPLLLFLGWPAQ,1,92,43,48,False
WDCRPLLLFLLAPWQ,1,2985,7,7,True
WDCTPYCCFWTGRCR,1,2986,1,1,True
WDCVAAVSGVAGAGF,1,2859,2,2,False
WDCWPCCCFCGCRCR,1,2529,2,2,False
WDCWPLLLFLQFPVV,1,2987,5,5,True
WDCWPWLLFLCWPVQ,1,29,67,92,False
WDDLPLLLFLSVPGQ,1,68,51,63,False
WDEAPVLLFLKVPLQ,1,60,17,24,False
WDEAPVLLFLTAPQQ,5,60,17,24,True
WDEGPGPAVSGLAGA,1,2629,2,2,False
WDEGPWLLFLQLPSQ,1,242,52,57,False
WDEGPWLLFLQWPGQ,2,56,210,255,False
WDENPWLLFLQLPVQ,1,4,603,1344,False
WDENPWLLFLTGPQQ,1,7,629,1764,False
WDEQPLLLFLGLP*Q,1,92,43,48,False
WDEQSGEVEGGKGRR,2,586,1,2,True
WDEVPFLLFLQLPGQ,1,92,43,48,False
WDEVPSLLFLKNPLQ,1,2988,1,1,True
WDEWPCLLFLGGPVQ,1,80,35,40,False
WDEWPQLLFLQWPVQ,1,1081,14,14,False
WDEWPWLLFLGHPLQ,1,92,43,48,False
WDFAPGLLFLRRPWQ,1,40,66,76,False
WDFEPQLLFLRQPQQ,1,7,629,1764,False
WDFESVVDGVESAGA,1,598,6,7,False
WDFFPWLLFRRGRCR,1,2989,2,2,True
WDFGPVLLFLQDPRQ,1,637,44,44,False
WDFIRRCGASNCRRR,1,2990,2,2,True
WDFIRWACG*NCRRR,1,678,4,4,False
WDFKIRCSCC*NGRR,1,2991,1,1,True
WDFKSELVVLEMPGA,1,2992,1,1,True
WDFLPGLLFLEGPLQ,1,2993,2,2,True
WDFLPGLLFLYRPQQ,1,2993,2,2,False
WDFLPLLLFLKAPRQ,1,221,41,45,False
WDFMPGLLFLQRPGQ,1,313,6,8,False
WDFMPQLLFLLAPVQ,1,584,26,30,False
WDFNPAEEDEEKAGA,1,2097,3,3,False
WDFNPAGGVGKFPAQ,1,1995,10,10,False
WDFNPASASGNARRR,1,679,5,5,False
WDFNPCGGEDEEKAG,1,2994,1,1,True
WDFNPDVVVVERPGA,2,171,10,15,False
WDFNPECLGGKLPAQ,1,594,10,11,False
WDFNPEMVLSKVPAQ,1,11,557,1905,False
WDFNPFFLFLKLPAQ,2,3,2229,22657,False
WDFNPFFLLLKLPAQ,3,11,557,1905,False
WDFNPFFLLLKVPAQ,2,11,557,1905,False
WDFNPFFVFLKLPAQ,1,3,2229,22657,False
WDFNPFFVLLKLPAQ,1,11,557,1905,False
WDFNPFFVLLKVPAQ,1,11,557,1905,False
WDFNPFFVLWKFPAQ,1,25,160,263,False
WDFNPFLFFLKLPAQ,1,3,2229,22657,False
WDFNPFLFLLKWPAQ,1,11,557,1905,False
WDFNPFLILLKVPAQ,3,11,557,1905,False
WDFNPFLLFLKFPAQ,3,91,121,166,False
WDFNPFLLFLKLPAQ,9,3,2229,22657,False
WDFNPFLLFLKVPAQ,12,3,2229,22657,False
WDFNPFLLFLRKPQQ,1,7,629,1764,False
WDFNPFLLGLKLPAQ,1,3,2229,22657,False
WDFNPFLLLLKFPAQ,9,11,557,1905,False
WDFNPFLLLLKIPAQ,1,11,557,1905,False
WDFNPFLLLLKLPAQ,29,3,2229,22657,False
WDFNPFLLLLKLPGA,1,915,6,6,False
WDFNPFLLLLKMPAQ,1,39,164,242,False
WDFNPFLLLLKVPAQ,14,11,557,1905,False
WDFNPFLLMLKLPAQ,7,3,2229,22657,False
WDFNPFLLWLKVPAQ,2,11,557,1905,False
WDFNPFLMFLKLPAQ,1,3,2229,22657,False
WDFNPFLMLLKFPAQ,1,11,557,1905,False
WDFNPFLVFLKVPAQ,5,19,348,758,False
WDFNPFLVLFKFPAQ,1,697,12,12,False
WDFNPFLVLLKFPAQ,2,11,557,1905,False
WDFNPFLVLLKLPAQ,6,3,2229,22657,False
WDFNPFLVLLKVPAQ,3,11,557,1905,False
WDFNPFLVLVKLPAQ,1,697,12,12,False
WDFNPFLVVIKFPAQ,1,697,12,12,False
WDFNPFMFFLKVPAQ,1,91,121,166,False
WDFNPFMLFLKFPAQ,1,91,121,166,False
WDFNPFMLFLKLPAQ,1,91,121,166,False
WDFNPFMLFLKVPAQ,2,91,121,166,False
WDFNPFMLLLKLPAQ,17,11,557,1905,False
WDFNPFMLLLKMPAQ,1,11,557,1905,False
WDFNPFMLLLKVPAQ,4,11,557,1905,False
WDFNPFMLWLKVPAQ,1,11,557,1905,False
WDFNPFMVLLKFPAQ,1,91,121,166,False
WDFNPFMVLLKLPAQ,1,11,557,1905,False
WDFNPFMVLLKVPAQ,1,11,557,1905,False
WDFNPFVVLLKFPAQ,2,11,557,1905,False
WDFNPGDGGVQSAGA,1,69,21,28,False
WDFNPGIGWWKVPAQ,1,1355,3,3,False
WDFNPGVWVVKVPAQ,1,250,31,34,False
WDFNPILFVWKWPAQ,1,2995,3,3,True
WDFNPILVLLKLPAQ,1,3,2229,22657,False
WDFNPILVLLKMPAQ,1,11,557,1905,False
WDFNPIVVVGESPGA,1,171,10,15,False
WDFNPKLVMRESPGA,1,171,10,15,False
WDFNPLCCVVKLPAQ,1,219,41,49,False
WDFNPLCIGSKVAGA,1,1681,4,4,False
WDFNPLCLVGQMPGA,1,90,6,9,False
WDFNPLCWW*NCRRR,1,217,14,15,False
WDFNPLFFLVKFPAQ,1,25,160,263,False
WDFNPLFFWLKVPAQ,1,11,557,1905,False
WDFNPLFGFCEIPGA,1,2996,1,1,True
WDFNPLFLLFKVPAQ,1,11,557,1905,False
WDFNPLFLLLKLPAQ,10,11,557,1905,False
WDFNPLFLLLKMPAQ,2,11,557,1905,False
WDFNPLFLLLKVPAQ,4,11,557,1905,False
WDFNPLFLLLKWPAQ,1,11,557,1905,False
WDFNPLFLLWKLPAQ,1,11,557,1905,False
WDFNPLFLMLKLPAQ,1,11,557,1905,False
WDFNPLFLMLKRPAQ,1,11,557,1905,False
WDFNPLFLMLKSPAQ,1,11,557,1905,False
WDFNPLFSSGNCRRR,1,2714,3,3,False
WDFNPLFVFFKVPAQ,1,11,557,1905,False
WDFNPLFVFLKFPAQ,4,11,557,1905,False
WDFNPLFVFLKLPAQ,2,3,2229,22657,False
WDFNPLFVFLKVPAQ,3,11,557,1905,False
WDFNPLFVLFKLPAQ,2,11,557,1905,False
WDFNPLFVLLKLPAQ,3,11,557,1905,False
WDFNPLFVLLKMPAQ,1,11,557,1905,False
WDFNPLFVLWKVPAQ,1,11,557,1905,False
WDFNPLFVWLKMPAQ,1,19,348,758,False
WDFNPLFWGLKLPGA,1,1179,3,3,False
WDFNPLGLVLKFRRR,1,16,7,20,False
WDFNPLGLVLKGPAQ,1,11,557,1905,False
WDFNPLGWA*KCRRR,1,621,6,7,False
WDFNPLICLWKFPAQ,1,25,160,263,False
WDFNPLIFLLKFRRR,1,2738,2,2,False
WDFNPLILLVKLPAQ,1,11,557,1905,False
WDFNPLLFFLKVPAQ,2,19,348,758,False
WDFNPLLFLLKLPAQ,1,3,2229,22657,False
WDFNPLLFLLKVPAQ,2,11,557,1905,False
WDFNPLLFLWKLPAQ,1,25,160,263,False
WDFNPLLGVEMPGAG,1,1683,3,3,False
WDFNPLLILLKMQAQ,1,2997,8,8,True
WDFNPLLILLKVPAQ,2,11,557,1905,False
WDFNPLLIWLKVPAQ,1,19,348,758,False
WDFNPLLLFLGGPTQ,1,640,16,16,False
WDFNPLLLFLKFPAQ,9,3,2229,22657,False
WDFNPLLLFLKLPAQ,32,3,2229,22657,False
WDFNPLLLFLKMPAQ,6,3,2229,22657,False
WDFNPLLLFLKRPAQ,2,3,2229,22657,False
WDFNPLLLFLKVPAQ,34,3,2229,22657,False
WDFNPLLLFLKVPAR,1,1686,6,6,False
WDFNPLLLFLQLPVQ,1,4,603,1344,False
WDFNPLLLFLQWPRQ,3,4,603,1344,False
WDFNPLLLFMKLPAQ,1,3,2229,22657,False
WDFNPLLLGLKVPAQ,1,11,557,1905,False
WDFNPLLLLLKFPAQ,17,11,557,1905,False
WDFNPLLLLLKIPAQ,1,11,557,1905,False
WDFNPLLLLLKLPAQ,24,3,2229,22657,False
WDFNPLLLLLKLPLQ,1,3,2229,22657,False
WDFNPLLLLLKMPAQ,1,2997,8,8,False
WDFNPLLLLLKSPAQ,1,11,557,1905,False
WDFNPLLLLLKVPAQ,9,11,557,1905,False
WDFNPLLLMIKLPAQ,1,699,4,4,False
WDFNPLLLMLKFPAQ,1,3,2229,22657,False
WDFNPLLLMLKLPAQ,4,3,2229,22657,False
WDFNPLLLVLKLPAQ,1,3,2229,22657,False
WDFNPLLLWLKLPAQ,1,3,2229,22657,False
WDFNPLLLWLKVPAQ,4,19,348,758,False
WDFNPLLMFLKVPAQ,3,19,348,758,False
WDFNPLLMLLKFPAQ,3,11,557,1905,False
WDFNPLLMLLKLPAQ,7,3,2229,22657,False
WDFNPLLMVVKFPAQ,1,142,20,22,False
WDFNPLLVFFKLPAQ,1,3,2229,22657,False
WDFNPLLVFLKFPAQ,4,19,348,758,False
WDFNPLLVFLKLPAQ,6,3,2229,22657,False
WDFNPLLVFLKMPAQ,3,19,348,758,False
WDFNPLLVFLKVPAQ,6,19,348,758,False
WDFNPLLVLLKFPAQ,1,19,348,758,False
WDFNPLLVLLKLPAQ,13,3,2229,22657,False
WDFNPLLVLLKMPAQ,3,19,348,758,False
WDFNPLLVLLKVPAQ,7,19,348,758,False
WDFNPLLVMLKLPAQ,1,19,348,758,False
WDFNPLLVMLKVPAQ,2,19,348,758,False
WDFNPLLVWLKVPAQ,2,19,348,758,False
WDFNPLLVY*NCRRR,1,347,48,51,False
WDFNPLLWFLKVPAQ,1,19,348,758,False
WDFNPLMLFLKGPAQ,1,91,121,166,False
WDFNPLMLFLKLPAQ,2,3,2229,22657,False
WDFNPLMLFLKVPAQ,6,11,557,1905,False
WDFNPLMLLLKFPAQ,2,11,557,1905,False
WDFNPLMLLLKLPAQ,1,11,557,1905,False
WDFNPLRLVVKLPAQ,1,594,10,11,False
WDFNPLVVVFKLPAQ,1,1509,3,3,False
WDFNPMFLFLKFPAQ,3,11,557,1905,False
WDFNPMFLFLKMPAQ,1,11,557,1905,False
WDFNPMFLFLKVPAQ,6,11,557,1905,False
WDFNPMFLLLKFPAQ,1,11,557,1905,False
WDFNPMFLLLKLPAQ,1,11,557,1905,False
WDFNPMFLLLKVPAQ,1,11,557,1905,False
WDFNPMFVFLKFPAQ,1,155,109,133,False
WDFNPMGLLLKLPAQ,1,11,557,1905,False
WDFNPMIMWVKVPAQ,1,62,10,18,False
WDFNPMLFFLKLPAQ,1,3,2229,22657,False
WDFNPMLFLLKVPAQ,1,11,557,1905,False
WDFNPMLLFLKFPAQ,9,3,2229,22657,False
WDFNPMLLFLKIPAQ,4,3,2229,22657,False
WDFNPMLLFLKLPAQ,53,3,2229,22657,False
WDFNPMLLFLKVPAQ,16,3,2229,22657,False
WDFNPMLLFLKWPAQ,2,3,2229,22657,False
WDFNPMLLFLQVPGQ,1,86,30,39,False
WDFNPMLLFLRNPQQ,1,7,629,1764,False
WDFNPMLLFLRNPRQ,1,6,143,456,False
WDFNPMLLFWKVPAQ,1,3,2229,22657,False
WDFNPMLLLLKFPAQ,10,11,557,1905,False
WDFNPMLLLLKLPAQ,12,3,2229,22657,False
WDFNPMLLLLKMPAQ,1,11,557,1905,False
WDFNPMLLLLKVPAQ,10,11,557,1905,False
WDFNPMLLLLKWPAQ,3,11,557,1905,False
WDFNPMLLMLKLPAQ,2,3,2229,22657,False
WDFNPMLLMLKMPAQ,1,3,2229,22657,False
WDFNPMLLWLKLPAQ,2,3,2229,22657,False
WDFNPMLLWLKVPAQ,1,11,557,1905,False
WDFNPMLVFLKFPAQ,4,3,2229,22657,False
WDFNPMLVFLKLPAQ,2,3,2229,22657,False
WDFNPMLVFLKVPAQ,5,19,348,758,False
WDFNPMLVLLKFPAQ,1,11,557,1905,False
WDFNPMLVLLKLPAQ,4,3,2229,22657,False
WDFNPMLVLLKVPAQ,2,11,557,1905,False
WDFNPMLVMLKLPAQ,1,3,2229,22657,False
WDFNPMLVWLKVPAQ,1,19,348,758,False
WDFNPMMLFLKFPAQ,5,3,2229,22657,False
WDFNPMMLFLKLPAQ,2,3,2229,22657,False
WDFNPMMLFLKLPVQ,2,3,2229,22657,False
WDFNPMMLFLKWPAQ,2,91,121,166,False
WDFNPMMLLLKLPAQ,1,11,557,1905,False
WDFNPMMLLLKMPAQ,1,11,557,1905,False
WDFNPMVFWVKIPAQ,1,2998,1,1,True
WDFNPP*AC*NCRRR,1,347,48,51,False
WDFNPPGSGGKSRRR,1,2663,2,2,False
WDFNPPVGCVKVPAQ,1,405,6,7,False
WDFNPQFFFWKFPAQ,1,25,160,263,False
WDFNPQFVLWKLPAQ,1,181,23,25,False
WDFNPQGVLMKFPGA,1,2999,1,1,True
WDFNPQLLFLKLPAQ,1,3,2229,22657,False
WDFNPQVLVLKAGAG,1,3000,1,1,True
WDFNPQVLVSKLPAQ,1,1695,3,3,False
WDFNPQWLLCKCPAQ,1,11,557,1905,False
WDFNPRFSFGKLPAQ,1,1277,3,3,False
WDFNPSCVFCKVPAQ,1,219,41,49,False
WDFNPSGRLGNGRRR,2,587,3,4,True
WDFNPSLLWLKLPAQ,2,3,2229,22657,False
WDFNPSLLWLKVPAQ,1,11,557,1905,False
WDFNPSVLWLKGRRR,1,3001,2,2,True
WDFNPTGVVWESPGA,3,171,10,15,True
WDFNPTLIFLKVPAQ,1,3,2229,22657,False
WDFNPTLLFLKLPAQ,3,3,2229,22657,False
WDFNPTLLFLKVPAQ,2,3,2229,22657,False
WDFNPTLLWLKVPAQ,1,11,557,1905,False
WDFNPTRRGRKRPAQ,1,10,1116,1855,False
WDFNPTSSSANARRR,1,909,5,5,False
WDFNPVFGGMSKCPA,2,588,1,2,True
WDFNPVFVFLKFPAQ,1,155,109,133,False
WDFNPVFVLFKIPAQ,1,11,557,1905,False
WDFNPVFVLFKLPAQ,1,11,557,1905,False
WDFNPVGCGVEMAGA,2,589,6,7,True
WDFNPVIRLVESPGA,2,590,8,9,True
WDFNPVLFFFKLPAQ,1,3,2229,22657,False
WDFNPVLLFLKMPAQ,1,3,2229,22657,False
WDFNPVLLFLKVPAQ,1,3,2229,22657,False
WDFNPVQRRLESPGA,1,590,8,9,False
WDFNPVSFVWKIPAA,1,2995,3,3,False
WDFNPVVLGVEIAGA,1,61,15,21,False
WDFNPVVRLLEIPGA,1,590,8,9,False
WDFNPVVVFLKVPAQ,1,11,557,1905,False
WDFNPWFFVWKWPAQ,1,2995,3,3,False
WDFNPWFLFLKVPAH,1,11,557,1905,False
WDFNPWFLFLKVPAQ,1,11,557,1905,False
WDFNPWFLLLKLPAQ,2,11,557,1905,False
WDFNPWFLLLKVPAQ,1,11,557,1905,False
WDFNPWFVFLKLPAQ,2,3,2229,22657,False
WDFNPWFVFLKVPAQ,2,11,557,1905,False
WDFNPWFVLLKLPAQ,1,11,557,1905,False
WDFNPWFVLLKVPAQ,2,11,557,1905,False
WDFNPWGGWVKMAGA,1,589,6,7,False
WDFNPWLFLLKFPAQ,1,3,2229,22657,False
WDFNPWLFLLKVPAQ,1,11,557,1905,False
WDFNPWLFLLKVPEQ,1,11,557,1905,False
WDFNPWLFMLKGPAQ,1,3,2229,22657,False
WDFNPWLIFLKVPAQ,4,3,2229,22657,False
WDFNPWLILLKMPAQ,1,2997,8,8,False
WDFNPWLILLKVPAQ,1,11,557,1905,False
WDFNPWLLCWKFPAQ,1,3,2229,22657,False
WDFNPWLLFLAQPWQ,1,1,1197,10527,False
WDFNPWLLFLKFPAQ,2,3,2229,22657,False
WDFNPWLLFLKGPAQ,1,3,2229,22657,False
WDFNPWLLFLKLPAQ,26,3,2229,22657,False
WDFNPWLLFLKMPAQ,2,3,2229,22657,False
WDFNPWLLFLKRPAQ,1,3,2229,22657,False
WDFNPWLLFLKVPAQ,7,3,2229,22657,False
WDFNPWLLFLMNPLQ,1,591,9,11,False
WDFNPWLLFLRQPFQ,1,7,629,1764,False
WDFNPWLLFLSVPMQ,1,3,2229,22657,False
WDFNPWLLFLSVPQQ,5,7,629,1764,False
WDFNPWLLFLWQPSQ,1,1,1197,10527,False
WDFNPWLLFVKVPAQ,1,3,2229,22657,False
WDFNPWLLFWKLPAQ,1,3,2229,22657,False
WDFNPWLLGLKLPAQ,1,3,2229,22657,False
WDFNPWLLGLKVPAQ,3,3,2229,22657,False
WDFNPWLLLKLPAQG,1,1674,7,7,False
WDFNPWLLLLKFPAQ,4,3,2229,22657,False
WDFNPWLLLLKLPAQ,28,3,2229,22657,False
WDFNPWLLLLKLPLQ,1,3,2229,22657,False
WDFNPWLLLLKMPAQ,1,3,2229,22657,False
WDFNPWLLLLKVPAQ,18,11,557,1905,False
WDFNPWLLLLKWPAQ,2,3,2229,22657,False
WDFNPWLLLMKVPAQ,2,11,557,1905,False
WDFNPWLLLVVKVPA,1,3002,1,1,True
WDFNPWLLMLKLPAQ,10,3,2229,22657,False
WDFNPWLLMLKVPAQ,1,3,2229,22657,False
WDFNPWLLMLKWPAQ,2,3,2229,22657,False
WDFNPWLLMMKVPAQ,1,3,2229,22657,False
WDFNPWLLVLKLPAQ,1,3,2229,22657,False
WDFNPWLLVLKVPAQ,1,3,2229,22657,False
WDFNPWLLWLKLPAQ,6,3,2229,22657,False
WDFNPWLLWLKMPAQ,1,3,2229,22657,False
WDFNPWLLWLKVPAQ,17,3,2229,22657,False
WDFNPWLLWMKVPAQ,1,3,2229,22657,False
WDFNPWLMFLKFPAQ,1,3,2229,22657,False
WDFNPWLMFLKVPAQ,1,3,2229,22657,False
WDFNPWLMFSKVPAQ,1,3,2229,22657,False
WDFNPWLMLLKIPAQ,1,1997,16,16,False
WDFNPWLVFLKFPAQ,3,3,2229,22657,False
WDFNPWLVFLKGPAQ,3,3,2229,22657,False
WDFNPWLVFLKLPAQ,13,3,2229,22657,False
WDFNPWLVFLKMPAQ,8,3,2229,22657,False
WDFNPWLVFLKVPAQ,74,3,2229,22657,False
WDFNPWLVFLKVPVQ,1,3,2229,22657,False
WDFNPWLVFLRMPNQ,1,7,629,1764,False
WDFNPWLVLLKFPAQ,1,3,2229,22657,False
WDFNPWLVLLKLPAQ,11,3,2229,22657,False
WDFNPWLVLLKMPAQ,1,2997,8,8,False
WDFNPWLVLLKRPAQ,1,3,2229,22657,False
WDFNPWLVLLKVPAQ,16,11,557,1905,False
WDFNPWLVLLKWPAQ,2,3,2229,22657,False
WDFNPWLVMLKLPAQ,6,3,2229,22657,False
WDFNPWLVMLKVPAQ,2,19,348,758,False
WDFNPWLVWLKLPAQ,5,3,2229,22657,False
WDFNPWLVWLKVPAQ,5,19,348,758,False
WDFNPWLWFLKVPAQ,1,3,2229,22657,False
WDFNPWLWWLKVPAQ,1,19,348,758,False
WDFNPWMFFLKVPAQ,3,3,2229,22657,False
WDFNPWMLFLKLPAQ,2,3,2229,22657,False
WDFNPWMLFLKLPVQ,1,3,2229,22657,False
WDFNPWMLFLKMPAQ,1,3,2229,22657,False
WDFNPWMLFLKVPAQ,1,3,2229,22657,False
WDFNPWMLLLKGPAQ,1,11,557,1905,False
WDFNPWMLLLKLPAQ,8,3,2229,22657,False
WDFNPWMLLLKVPAQ,14,11,557,1905,False
WDFNPWMLMLKVPAQ,1,11,557,1905,False
WDFNPWMLWLKGPAQ,1,165,80,105,False
WDFNPWMLWLKLPAQ,1,3,2229,22657,False
WDFNPWMLWLKVPAQ,4,11,557,1905,False
WDFNPWMVFLKFPAQ,1,91,121,166,False
WDFNPWMVFLKLPAQ,1,3,2229,22657,False
WDFNPWMVFLKVPAQ,3,3,2229,22657,False
WDFNPWMVLLKLPAQ,1,1997,16,16,False
WDFNPWMVLLKVPAQ,1,11,557,1905,False
WDFNPWMVWLKVPAQ,5,19,348,758,False
WDFNPWVLFLKVPAQ,1,3,2229,22657,False
WDFNPYFIFLKFPAQ,1,11,557,1905,False
WDFNPYFIFLKLPAQ,1,11,557,1905,False
WDFNPYFIFLKVPAQ,2,11,557,1905,False
WDFNPYFILLKLPAQ,3,11,557,1905,False
WDFNPYFLFLKFPAQ,6,11,557,1905,False
WDFNPYFLFLKLPAQ,6,11,557,1905,False
WDFNPYFLFLKVPAQ,4,11,557,1905,False
WDFNPYFLFMKVPAQ,1,11,557,1905,False
WDFNPYFLLFKIPAQ,2,11,557,1905,False
WDFNPYFLLFKLPAQ,1,11,557,1905,False
WDFNPYFLLLKFPAQ,7,11,557,1905,False
WDFNPYFLLLKLPAQ,20,11,557,1905,False
WDFNPYFLLLKMPAQ,3,11,557,1905,False
WDFNPYFLLLKVPAQ,33,11,557,1905,True
WDFNPYFLLLKWPAQ,2,11,557,1905,False
WDFNPYFLMLKLPAQ,1,11,557,1905,False
WDFNPYFLWLKLPAQ,2,11,557,1905,False
WDFNPYFVFLKFPAQ,2,11,557,1905,False
WDFNPYFVFLKGPAQ,1,11,557,1905,False
WDFNPYFVFLKIPAQ,2,11,557,1905,False
WDFNPYFVFLKLPAQ,4,11,557,1905,False
WDFNPYFVFLKVPAQ,5,11,557,1905,False
WDFNPYFVLLKFPAQ,1,11,557,1905,False
WDFNPYFVLLKGPAQ,1,11,557,1905,False
WDFNPYFVLLKLPAQ,9,11,557,1905,False
WDFNPYFVLLKMPAQ,1,11,557,1905,False
WDFNPYFVLLKVPAQ,4,11,557,1905,False
WDFNPYFVLLKWPAQ,3,11,557,1905,False
WDFNPYIVLFKVPAQ,1,11,557,1905,False
WDFNPYLFFLKFPAQ,1,3,2229,22657,False
WDFNPYLFFLKMPAQ,3,3,2229,22657,False
WDFNPYLFLLKFPAQ,1,11,557,1905,False
WDFNPYLFLLKLPAQ,1,11,557,1905,False
WDFNPYLFMLKVPAQ,2,11,557,1905,False
WDFNPYLIFLKVPAQ,5,11,557,1905,False
WDFNPYLILLKMPAQ,1,2997,8,8,False
WDFNPYLLFLAQPRQ,1,1522,14,14,False
WDFNPYLLFLKFPAQ,14,3,2229,22657,False
WDFNPYLLFLKKPKQ,2,0,1628,17219,False
WDFNPYLLFLKLPAQ,29,3,2229,22657,False
WDFNPYLLFLKMPAQ,1,3,2229,22657,False
WDFNPYLLFLKQPKQ,1,0,1628,17219,False
WDFNPYLLFLKVPAQ,33,11,557,1905,False
WDFNPYLLFLRIPNQ,2,12,343,758,False
WDFNPYLLFLRKPSQ,14,12,343,758,False
WDFNPYLLFLRKPTQ,2,7,629,1764,False
WDFNPYLLFLRKPYQ,1,7,629,1764,False
WDFNPYLLFLRLPPQ,1,12,343,758,False
WDFNPYLLFLRNPSQ,1,12,343,758,False
WDFNPYLLFLTQPNQ,1,2,509,4610,False
WDFNPYLLLLKFPAQ,11,11,557,1905,False
WDFNPYLLLLKGPAQ,3,11,557,1905,False
WDFNPYLLLLKLPAQ,45,3,2229,22657,False
WDFNPYLLLLKMPAQ,6,11,557,1905,False
WDFNPYLLLLKVPAQ,22,11,557,1905,False
WDFNPYLLLLKWPAQ,1,11,557,1905,False
WDFNPYLLLMKLPAQ,1,11,557,1905,False
WDFNPYLLMLKLPAQ,1,3,2229,22657,False
WDFNPYLLWLKVPAQ,2,11,557,1905,False
WDFNPYLMFLKLPAQ,1,3,2229,22657,False
WDFNPYLMFLKLPMQ,1,3,2229,22657,False
WDFNPYLMLLKFPAQ,1,11,557,1905,False
WDFNPYLMLLKVPAQ,1,11,557,1905,False
WDFNPYLVFLKFPAQ,2,3,2229,22657,False
WDFNPYLVFLKLPAQ,14,3,2229,22657,False
WDFNPYLVFLKVPAQ,10,11,557,1905,False
WDFNPYLVLFKLPAQ,1,11,557,1905,False
WDFNPYLVLLKFPAQ,4,11,557,1905,False
WDFNPYLVLLKLPAQ,15,11,557,1905,False
WDFNPYLVLLKMPAQ,4,11,557,1905,False
WDFNPYLVLLKVPAQ,11,11,557,1905,False
WDFNPYLVLLKWPAQ,1,11,557,1905,False
WDFNPYLVMLKWPAQ,1,1018,6,6,False
WDFNPYLWMLKLPAQ,1,1098,5,5,False
WDFNPYLWVDQIAGA,1,1875,2,2,False
WDFNPYMIFLKVPAQ,6,11,557,1905,False
WDFNPYMILLKVPAQ,1,11,557,1905,False
WDFNPYMLFFKLPAQ,1,3,2229,22657,False
WDFNPYMLFLKFPAQ,9,11,557,1905,False
WDFNPYMLFLKLPAQ,1,3,2229,22657,False
WDFNPYMLLLKFPAQ,1,11,557,1905,False
WDFNPYMLLLKLPAQ,10,11,557,1905,False
WDFNPYMLLLKWPAQ,1,11,557,1905,False
WDFNPYMLWLKLPAQ,1,11,557,1905,False
WDFNPYMMLLKWPAQ,1,1997,16,16,False
WDFNPYMVFLKLPAQ,3,3,2229,22657,False
WDFNPYMVLLKFPAQ,1,11,557,1905,False
WDFNPYMVLLKMPAQ,3,11,557,1905,False
WDFNPYMVLLKRPAQ,1,11,557,1905,False
WDFNRSSSCANCRRR,1,122,12,17,False
WDFNRWC*KGRRRVL,1,3003,1,1,True
WDFQPLLLFLQLPWQ,6,4,603,1344,False
WDFQPLLLFLQWPVQ,1,56,210,255,False
WDFQPRLLFLFWPCQ,1,591,9,11,False
WDFQPWLLFLMFPFQ,2,591,9,11,True
WDFQPYLLFLVNPQQ,1,591,9,11,False
WDFRPLLLFLHCPRQ,1,640,16,16,False
WDFRPQLLFLQLPLQ,1,92,43,48,False
WDFRPRLLFLMQPVQ,1,813,9,9,False
WDFRPVLLFLLLPEQ,1,1212,17,17,False
WDFRPVLLFLQWPAQ,1,242,52,57,False
WDFSPGLLFLQWPAQ,2,73,128,146,False
WDFVPELLFCCARGR,1,3004,1,1,True
WDFVPLLLFLLWPWQ,1,2985,7,7,False
WDFVPLLLFLQRPAQ,1,119,11,13,False
WDFVPVLLFLGLPFQ,1,92,43,48,False
WDFWPLGAGAGFWRR,1,3005,1,1,True
WDFWPQLLFLGGPGQ,1,31,119,142,False
WDGAPLLLFLQWPVQ,1,4,603,1344,False
WDGAVPAVSEEAEAG,1,1101,2,2,False
WDGCPGLLFLELPQQ,1,40,66,76,False
WDGCPLLLFLQLPAQ,1,4,603,1344,False
WDGCRSCCF*RSRSR,1,2236,3,3,False
WDGEPGLLFLQQPLQ,1,1499,4,4,False
WDGESGEEEDERAGA,1,592,5,6,False
WDGESGEGGDESAGA,1,592,5,6,False
WDGESGERDDESAGA,2,592,5,6,True
WDGGAGAAVSGGAAP,1,2576,2,2,False
WDGGAVAAVSGVAGA,1,244,36,38,False
WDGGAVPAVSGVAAA,1,3006,1,1,True
WDGGERAGAGFWRRN,1,1315,2,2,False
WDGGPCAVSGGAVAG,1,2707,2,2,False
WDGGPFLLFLLQPKQ,1,243,60,64,False
WDGGPFLLFLQRPLQ,1,53,100,123,False
WDGGPGLLFLCMPLQ,1,612,4,5,False
WDGGPGLLFLGTPGQ,1,709,7,7,False
WDGGPGLLFLGVPLQ,1,92,43,48,False
WDGGPGLLFLMVPQQ,1,2680,10,10,False
WDGGPGLLFLWEPQQ,1,2680,10,10,False
WDGGPGLLFLWLPVQ,1,243,60,64,False
WDGGPGLLFLWRPQQ,1,96,48,56,False
WDGGPILLFLAIPAQ,1,3007,6,6,True
WDGGPLLLFLIQPNQ,1,41,88,103,False
WDGGPLLLFLQCPGQ,1,31,119,142,False
WDGGPLLLFLQFPGQ,1,31,119,142,False
WDGGPLLLFLQLPQQ,1,2680,10,10,False
WDGGPLLLFLQLPVQ,3,4,603,1344,False
WDGGPLLLFLQRPHQ,1,53,100,123,False
WDGGPLLLFLQWPAQ,1,3007,6,6,False
WDGGPLLLFLQWPEQ,2,221,41,45,False
WDGGPLLLFLQWPLQ,1,637,44,44,False
WDGGPLLLFLQWPMQ,1,1820,7,7,False
WDGGPLLLFLQWPVQ,2,4,603,1344,False
WDGGPLLLFLVLPVQ,1,4,603,1344,False
WDGGPLLLFLYAPQQ,1,2680,10,10,False
WDGGPMLLFLQLPFQ,1,1711,7,7,False
WDGGPMLLFLQWPAQ,1,3007,6,6,False
WDGGPMLLFLQWPQQ,1,637,44,44,False
WDGGPMLLFLQWPVQ,3,56,210,255,False
WDGGPMLLFLWQPVQ,1,41,88,103,False
WDGGPQLLFLLWPGQ,1,1713,18,18,False
WDGGPQLLFLLWPRQ,1,567,14,15,False
WDGGPQLLFLQWPPQ,1,1713,18,18,False
WDGGPQLLFLVVPRQ,1,357,26,27,False
WDGGPQLLFLWLPVQ,1,453,36,38,False
WDGGPVLLFLKQPKQ,1,612,4,5,False
WDGGPVLLFLQFPGQ,1,53,100,123,False
WDGGPVLLFLQGPWQ,1,53,100,123,False
WDGGPVLLFLQLPVQ,3,4,603,1344,False
WDGGPVLLFLQWPAQ,1,637,44,44,False
WDGGPVLLFLQWPVQ,4,53,100,123,False
WDGGPWLLFLAQPVQ,1,3007,6,6,False
WDGGPWLLFLGQPLQ,1,92,43,48,False
WDGGPWLLFLQLPQQ,1,7,629,1764,False
WDGGPWLLFLQLPVQ,3,4,603,1344,False
WDGGPWLLFLQQPWQ,1,1,1197,10527,False
WDGGPWLLFLQRPVQ,1,9,239,562,False
WDGGPWLLFLQSPWQ,1,53,100,123,False
WDGGPWLLFLQVPAQ,1,3007,6,6,False
WDGGPWLLFLQWPAQ,1,3007,6,6,False
WDGGPWLLFLQWPVQ,3,56,210,255,False
WDGGPWLLFLRAPRQ,1,7,629,1764,False
WDGGPWLLFLRQPKQ,1,7,629,1764,False
WDGGPWLLFLSYPYQ,1,1539,10,10,False
WDGGPWLLFLTRPQQ,1,2431,7,7,False
WDGGRCCCF*AGRAR,1,3008,3,3,True
WDGGRCCCFCGGRRR,1,3008,3,3,False
WDGGRGCCF*TARGR,1,3008,3,3,False
WDGIRGGGGSNGRRR,1,593,2,3,False
WDGIRRGAGGKARRR,1,530,8,9,False
WDGIRRGGGGKGRRR,1,57,64,76,False
WDGIRRWCWSNGRRR,2,593,2,3,True
WDGIRW*GAKGPAQG,1,3009,1,1,True
WDGIVVLGVEIPGAG,1,1707,2,2,False
WDGLPGLLFLFQPAQ,1,647,10,10,False
WDGLPLLLFLQLPLQ,2,221,41,45,False
WDGLPLLLFLQVPAQ,1,221,41,45,False
WDGLPLLLFLQWPEQ,1,221,41,45,False
WDGLPLLLFLQWPKQ,1,221,41,45,False
WDGLPVLLFLQQPGQ,1,53,100,123,False
WDGLPWLLFLQVPGQ,1,138,47,50,False
WDGLPWLLFLVGPVQ,1,137,39,48,False
WDGLPYLLFLKKPKQ,1,0,1628,17219,False
WDGLPYLLFLSKPQQ,2,7,629,1764,False
WDGMPLLLFLRLPVQ,1,4,603,1344,False
WDGMPLLLFWCARCR,1,3010,1,1,True
WDGMPRLLFLQWPVQ,1,56,210,255,False
WDGMPVLLFLLQPEQ,1,454,16,18,False
WDGMPVLLFLQWPQQ,1,53,100,123,False
WDGNP*CGG*KGRRR,1,477,11,12,False
WDGNP*GGG*KGRRR,2,146,35,40,False
WDGNPACGRMKVPRR,1,3011,1,1,True
WDGNPACWFSKFPAQ,1,3012,1,1,True
WDGNPAGGC*KGRRR,1,477,11,12,False
WDGNPAGRRRKRPAR,1,253,37,40,False
WDGNPAGVVQQKAGA,1,615,3,4,False
WDGNPAVIVSERPGA,1,3013,1,1,True
WDGNPAWCIGKGPAQ,1,936,3,3,False
WDGNPCFFLFKFPAQ,1,25,160,263,False
WDGNPCFSVLKVPAQ,1,11,557,1905,False
WDGNPCGCGCKVPAR,3,172,1,3,True
WDGNPCMWLGKGPAQ,1,2359,2,2,False
WDGNPDRQDREKAGA,1,608,7,8,False
WDGNPEG*GVKGPAQ,1,223,23,26,False
WDGNPEGRSSKGPAQ,2,356,19,23,False
WDGNPEISSSKARRR,1,3014,1,1,True
WDGNPFCRSVKVPAQ,1,62,10,18,False
WDGNPFGWGREKAGA,1,608,7,8,False
WDGNPFRGRGKFPAQ,1,535,29,30,False
WDGNPFVWKCPAQGS,1,3015,1,1,True
WDGNPGGEEGQRAGA,1,2685,6,6,False
WDGNPGGEGDERAGA,1,61,15,21,False
WDGNPGGGG*KGRRR,1,283,32,35,False
WDGNPGGGGGKCRRR,1,247,30,35,False
WDGNPGGMGVESAGA,1,589,6,7,False
WDGNPGGRRRKGPAQ,1,18,393,562,False
WDGNPGGRSLRAGAG,1,3016,1,1,True
WDGNPGGSGMKGRRR,1,3017,2,2,True
WDGNPGLGGGKVRRR,1,605,14,15,False
WDGNPGMRGRKGPAQ,1,223,23,26,False
WDGNPGRRAGKGRRR,1,719,8,8,False
WDGNPGRRGRKRPAQ,2,10,1116,1855,False
WDGNPGRWGLKGPAQ,1,355,8,9,False
WDGNPGVGGGQRAGA,1,1138,5,5,False
WDGNPGVLVGESAGA,1,61,15,21,False
WDGNPHRRRRKRPAQ,1,10,1116,1855,False
WDGNPKGGRRKRPAQ,3,10,1116,1855,False
WDGNPKGRRRKRPAQ,2,10,1116,1855,False
WDGNPKGRSRKVPAQ,1,1999,9,9,False
WDGNPKRGEEERAGA,1,26,107,135,False
WDGNPKRGGGKGRRR,1,605,14,15,False
WDGNPKRLGGKLPAQ,2,594,10,11,True
WDGNPKRRRRKRPAQ,2,10,1116,1855,False
WDGNPKVWGRKRPAQ,1,594,10,11,False
WDGNPKWRRRKRPAQ,1,10,1116,1855,False
WDGNPLCGVSKSRRR,1,712,4,4,False
WDGNPLGC*C*KCRR,1,3018,1,1,True
WDGNPLILWGEIPGA,1,3019,1,1,True
WDGNPLLLFLQWPTQ,1,4,603,1344,False
WDGNPLRGGFKGPAQ,1,594,10,11,False
WDGNPLVCGKGPAQG,1,3020,1,1,True
WDGNPLVWGGESAGA,1,533,10,11,False
WDGNPLWLRCKGPAQ,1,2688,2,2,False
WDGNPMGFGVERAGA,1,61,15,21,False
WDGNPMWRRRWGKRP,1,3021,1,1,True
WDGNPNGRPRRWF*G,1,2424,3,3,False
WDGNPNGWC*KCRRR,1,621,6,7,False
WDGNPPCFVGKIPAA,1,3022,1,1,True
WDGNPPGWERQNAGA,1,3023,1,1,True
WDGNPPIRRRKSPAQ,1,440,22,23,False
WDGNPPRGEQERAGA,1,26,107,135,False
WDGNPPRGVWKGPAQ,1,3024,4,4,True
WDGNPQCVGRKGPAQ,1,223,23,26,False
WDGNPQCWLWKARRR,1,65,2,5,False
WDGNPQGRGRKRPAQ,1,2693,9,9,False
WDGNPQGRQDENAGA,1,3025,1,1,True
WDGNPQGRRRKGPAQ,1,18,393,562,False
WDGNPQGWGGKCRRR,1,247,30,35,False
WDGNPQRRRRENAGA,1,608,7,8,False
WDGNPQRRRVKRPAQ,1,10,1116,1855,False
WDGNPQVRSSKRPAQ,1,722,5,5,False
WDGNPQWGG*KGRRR,1,477,11,12,False
WDGNPRGMLVKGPAQ,1,3026,2,2,True
WDGNPRGRRRKGPAQ,1,18,393,562,False
WDGNPRGRRSKGPAQ,1,356,19,23,False
WDGNPRGRSRKMPAQ,1,256,19,21,False
WDGNPRRGGRKVPAQ,1,594,10,11,False
WDGNPRRGRMKGPAQ,1,3024,4,4,False
WDGNPRRRGRKGPAQ,1,2693,9,9,False
WDGNPRRRRRKGPAQ,1,10,1116,1855,False
WDGNPRRRRRKWPAQ,1,1183,20,20,False
WDGNPRRSRRKGPAQ,1,1234,22,22,False
WDGNPRVCRSKRPAQ,1,187,29,32,False
WDGNPRVLVVQIAGA,1,27,28,43,False
WDGNPRWEEEERAGA,1,2694,5,5,False
WDGNPRWWEEEKAGA,1,2694,5,5,False
WDGNPRWWEEERAGA,2,26,107,135,False
WDGNPSCMSGKLPAQ,1,594,10,11,False
WDGNPSGCAGKGRRR,1,587,3,4,False
WDGNPSGGRWKRPAQ,2,187,29,32,False
WDGNPSGLVGKSRRR,1,934,2,2,False
WDGNPSGRRRKWPAQ,1,18,393,562,False
WDGNPSRRRRKRPAQ,1,10,1116,1855,False
WDGNPSRRRRKWPAQ,1,10,1116,1855,False
WDGNPSSGC*KSRRR,1,477,11,12,False
WDGNPTGGGGGKGRR,2,595,7,8,True
WDGNPTGGLGESPGA,2,171,10,15,False
WDGNPTGLFRKVAGA,1,2983,2,2,False
WDGNPTGLREERAGA,1,607,8,9,False
WDGNPTGRRGKRPAQ,2,187,29,32,False
WDGNPTGSRGKGRRR,1,3017,2,2,False
WDGNPTWGISKRPAQ,1,431,10,11,False
WDGNPVGCVGKVPAQ,1,724,6,6,False
WDGNPVGGGGKCRRR,1,247,30,35,False
WDGNPVGLFMKGPAQ,1,256,19,21,False
WDGNPVGLRGKCPAQ,1,594,10,11,False
WDGNPVGRRRKRPAQ,1,10,1116,1855,False
WDGNPVGVGVEMAGA,1,589,6,7,False
WDGNPVGWRAKCRRR,1,1144,10,10,False
WDGNPVLGA*KGRRR,1,477,11,12,False
WDGNPVLVLLQNAGA,1,3027,2,2,True
WDGNPVRLRRKIPAQ,1,594,10,11,False
WDGNPVVLGLERAGA,5,61,15,21,True
WDGNPVWRGGKGPAQ,1,223,23,26,False
WDGNPWGWGVKVPAQ,1,108,17,20,False
WDGNPWLFCFKCPAQ,1,3028,1,1,True
WDGNPWLLFLKLPAQ,3,3,2229,22657,False
WDGNPWLLFLRQPQQ,1,7,629,1764,False
WDGNPWLLFLSQPRQ,1,1,1197,10527,False
WDGNPWLLWLKLPAQ,1,3,2229,22657,False
WDGNPWLVFLKVPAQ,1,3,2229,22657,False
WDGNPWMLFLKLPAQ,1,3,2229,22657,False
WDGNPWMVWCKVPAQ,1,165,80,105,False
WDGNPWRGGLKGPAQ,1,3024,4,4,False
WDGNPWRWWWKGPAQ,1,3024,4,4,False
WDGNPWSGRMKCPAQ,1,689,2,2,False
WDGNPWSVWLKGRRR,1,184,5,6,False
WDGNPWWCC*NCRRR,1,743,5,5,False
WDGNPYLLFLYKPQQ,2,7,629,1764,False
WDGNPYLVRGQSAGA,1,3027,2,2,False
WDGNRAGS*GKCRRR,2,247,30,35,False
WDGNRPSASAKSRRR,1,2539,2,2,False
WDGNRRGG*AKGRRR,1,259,11,12,False
WDGQPGLLFLWWPGQ,1,148,23,27,False
WDGQPLLLFLWQPQQ,2,41,88,103,False
WDGQPLLLFLYKPIQ,1,495,19,20,False
WDGQPQLLFLWWPMQ,1,1081,14,14,False
WDGQPRLLFLWFPVQ,1,2022,6,6,False
WDGQPWLLFLRWPWQ,1,7,629,1764,False
WDGQPWLLFLSLPMQ,1,92,43,48,False
WDGRPFLLFLVQPRQ,1,357,26,27,False
WDGRPGLLFLMFPQQ,1,591,9,11,False
WDGRPLLLFLLQPVQ,1,2985,7,7,False
WDGRPLLLFLLWPVQ,1,2985,7,7,False
WDGRPLLLFLQWPLQ,1,221,41,45,False
WDGRPLLLFLQWPRQ,1,221,41,45,False
WDGRPLLLFLVQPLQ,1,156,79,85,False
WDGRPMLLFLSTPQQ,1,640,16,16,False
WDGRPQLLFLWMPLQ,1,603,15,16,False
WDGRPVLLFLLQPVQ,1,243,60,64,False
WDGRPVLLFLQWPVQ,1,53,100,123,False
WDGRPVLLFLQWPWQ,1,53,100,123,False
WDGSPLLLFLQLPVQ,1,4,603,1344,False
WDGSPMLLFLWKPDQ,2,331,9,11,False
WDGTPLLLFLRVPSQ,1,3029,7,7,True
WDGVPGLLFLQSPWQ,1,53,100,123,False
WDGVPLLLFLQLPGQ,1,4,603,1344,False
WDGVPLLLFLRWPAQ,1,3029,7,7,False
WDGVPMLLFL*LPVQ,1,1711,7,7,False
WDGVPQLRFCSPRSR,1,3030,1,1,True
WDGVPRLLFLQLPGQ,1,2251,10,10,False
WDGVPVLLFLGGPGQ,1,2251,10,10,False
WDGVPVLLFLQLPVQ,1,4,603,1344,False
WDGVPWLLFLGSPQQ,1,7,629,1764,False
WDGVPWLLFLQWPLQ,1,29,67,92,False
WDGVPWLLFLQWPMQ,1,29,67,92,False
WDGVPWLLFLQWPVQ,2,56,210,255,False
WDGVPWLLFLSQPDQ,1,130,94,113,False
WDGVPYLLFLQLPVQ,2,4,603,1344,False
WDGWPCAAVSAVAGA,1,3031,1,1,True
WDGWPFLLFLPQPVQ,1,3032,12,12,True
WDGWPFLLFLVQPVQ,1,3032,12,12,False
WDGWPGLLFLGGPVQ,1,80,35,40,False
WDGWPGLLFLKKPKQ,1,0,1628,17219,False
WDGWPGLLFLLGPAQ,1,31,119,142,False
WDGWPGLLFLQLPGQ,1,31,119,142,False
WDGWPGLLFLQLPLQ,1,1735,7,7,False
WDGWPGLLFLQWPGQ,1,73,128,146,False
WDGWPGLLFLQWPLQ,1,73,128,146,False
WDGWPGLLFLRKPEQ,1,7,629,1764,False
WDGWPGLLFLVQPKQ,1,3032,12,12,False
WDGWPGLLFLYQPAQ,1,3032,12,12,False
WDGWPGPAVSDQPAA,1,3033,1,1,True
WDGWPLLAVSVRPGA,1,2975,2,2,False
WDGWPLLLFLGLPVQ,2,4,603,1344,False
WDGWPLLLFLLLPWQ,1,2985,7,7,False
WDGWPLLLFLQGPVQ,1,31,119,142,False
WDGWPLLLFLQWPAQ,1,29,67,92,False
WDGWPLLLFLQWPVQ,1,2987,5,5,False
WDGWPLLLFLRQPPQ,1,3029,7,7,False
WDGWPLLLFLSLPVQ,1,3032,12,12,False
WDGWPLLLFLVLPCR,1,268,11,12,False
WDGWPLLLFLVPGQG,1,3034,2,2,True
WDGWPMLLFLDMPQQ,1,31,119,142,False
WDGWPMLLFLQLPVQ,1,3032,12,12,False
WDGWPQLLFLVMPVQ,1,3032,12,12,False
WDGWPRLLLLLPVQG,1,3034,2,2,False
WDGWPTLLFLKSPKQ,1,1835,6,6,False
WDGWPVLLFLEGPGQ,1,31,119,142,False
WDGWPVLLFLQLPYQ,1,53,100,123,False
WDGWPVLLFLQWPVQ,1,53,100,123,False
WDGWPVLLFLRQPGQ,1,3032,12,12,False
WDGWPWLLFLGQPGQ,1,3032,12,12,False
WDGWPWLLFLQLPVQ,1,3032,12,12,False
WDGWPWLLFLQWPGQ,1,29,67,92,False
WDGWPWLLFLSQPLQ,1,3032,12,12,False
WDGWPWLLFLYRPQQ,1,7,629,1764,False
WDGWQWLLFLQLPDQ,1,1735,7,7,False
WDGYPLLLFLRGPWQ,1,3029,7,7,False
WDHGPGLLFLGGPGT,1,2658,4,4,False
WDIIRWGGGGKARRR,1,2971,5,5,False
WDINPAICRRKVPAQ,1,440,22,23,False
WDINPCRMRSKGRRR,1,3035,1,1,True
WDINPDEQLVQNAGA,1,3036,1,1,True
WDINPDGRRGERPGA,1,173,7,9,False
WDINPGGWRWKVPAQ,1,174,7,9,False
WDINPGRRQRENPGA,1,1207,3,3,False
WDINPGVRGRKWPAQ,1,3037,3,3,True
WDINPIFGMRKGPAQ,1,732,3,3,False
WDINPKGRRRKRPAQ,1,10,1116,1855,False
WDINPKRGRRKGPAQ,1,10,1116,1855,False
WDINPLFLFLKVPAQ,1,11,557,1905,False
WDINPLGCGWKVPAQ,1,133,14,17,False
WDINPLLIFLKIPAQ,1,1177,3,3,False
WDINPLLLFLKLPAQ,1,3,2229,22657,False
WDINPLLVC*NSRRR,1,347,48,51,False
WDINPNRRRGKRPAQ,1,954,6,6,False
WDINPQGRRRKRPAQ,1,18,393,562,False
WDINPRWSRRKRPAQ,1,597,6,8,False
WDINPSFWSANARRR,2,596,1,2,True
WDINPSWGGSKGRRR,1,599,8,9,False
WDINPSWWIRKVPAQ,2,597,6,8,True
WDINPTGRIRQRAGA,2,154,4,7,False
WDINPTLILGKVPAQ,1,2717,2,2,False
WDINPTVRRGKRPAQ,1,58,12,16,False
WDINPWCSGAKARRR,1,3038,1,1,True
WDINPWGGWCKVPAQ,1,3039,3,3,True
WDINPWLLFLNKPQQ,3,7,629,1764,False
WDINPWLLFLRKPKQ,1,7,629,1764,False
WDINPWLLFLRQPEQ,13,7,629,1764,False
WDINPWLLFLRQPWQ,1,1,1197,10527,False
WDINPWLLFLSAPQQ,1,7,629,1764,False
WDINPWLLLLKVPAQ,1,11,557,1905,False
WDINPWLMFLKLPAQ,1,3,2229,22657,False
WDINPYLLFLKIPAQ,6,0,1628,17219,False
WDINPYLLFLTQPIQ,1,2,509,4610,False
WDINPYLLFLTQPNQ,1,2,509,4610,False
WDINPYVVGWNARRR,1,3040,1,1,True
WDIQPELLFLWLPRQ,1,92,43,48,False
WDKAPLLLFLQWPGQ,1,119,11,13,False
WDKQPMLLFLSIPPQ,2,208,7,9,False
WDKQPRLLFLWVPKQ,1,2884,2,2,False
WDLAPGLLFLWVPQQ,1,60,17,24,False
WDLCPLLLFLLLPLQ,1,92,43,48,False
WDLCRCCCFCSCRCR,1,354,17,20,False
WDLCRGCCF*CCRCR,1,627,7,8,False
WDLESGRGLGQIPGA,1,2542,2,2,False
WDLESVERRVEIAGA,1,598,6,7,False
WDLESVGDVVEIAGA,2,598,6,7,True
WDLESVHVRLEMPGA,1,3041,1,1,True
WDLESVRRHQERAGA,1,3042,1,1,True
WDLGPFLLFLQGPVQ,1,176,11,12,False
WDLGPGLLFLQLPGQ,2,313,6,8,False
WDLGPWLLFLGLPVQ,1,92,43,48,False
WDLGPWLLFLQVPVQ,1,56,210,255,False
WDLHPQLLFLWVPAQ,1,14,52,95,False
WDLIRSSSAGNCRRR,1,122,12,17,False
WDLKSVVVDVQSAGA,1,736,4,4,False
WDLLPALLFLCGPQQ,1,20,111,133,False
WDLLPLLLFLFQPAQ,1,647,10,10,False
WDLLPLLLFLLLPVQ,1,584,26,30,False
WDLLPRLLFLQWPGQ,1,647,10,10,False
WDLLPVAAVSVHAVA,1,666,2,2,False
WDLLPVLLFLFWPVQ,1,461,20,22,False
WDLLPYLLFLQWPLQ,1,15,198,343,False
WDLMPFLCFWCCRAR,1,3043,1,1,True
WDLMPQLLFLWWPGQ,1,546,32,37,False
WDLNPASSRRQNAGA,1,3044,1,1,True
WDLNPAVGMEESAGA,1,365,35,37,False
WDLNPCLVGVEIAGA,1,383,22,24,False
WDLNPDFVGFKLPGA,1,3045,1,1,True
WDLNPEEEGGGKCRR,1,2731,2,2,False
WDLNPEFVVREIPGA,1,3046,1,1,True
WDLNPFFLLLKLPAQ,1,11,557,1905,False
WDLNPFGGGGANCRR,1,548,3,4,False
WDLNPFLLFLKFPAQ,1,91,121,166,False
WDLNPFLLFLKLPAQ,1,91,121,166,False
WDLNPFLLFLKVPAQ,3,91,121,166,False
WDLNPFLLLLKFPAQ,1,91,121,166,False
WDLNPFLLLLKLPAQ,7,3,2229,22657,False
WDLNPFLLLLKVPAQ,1,11,557,1905,False
WDLNPFLLMLKMPAQ,1,39,164,242,False
WDLNPFLLWLKFPAQ,1,91,121,166,False
WDLNPFLMFLKVPAQ,1,91,121,166,False
WDLNPFLMWLKVPAQ,1,19,348,758,False
WDLNPFLVFLKLPAQ,1,91,121,166,False
WDLNPFMLFLKFPAQ,4,91,121,166,True
WDLNPFMLFLKLPAQ,2,91,121,166,False
WDLNPFMLFLKVPAQ,3,91,121,166,False
WDLNPFMLLLKFPAQ,3,91,121,166,False
WDLNPFMLLLKGPAQ,1,91,121,166,False
WDLNPFMLLLKLPAQ,4,91,121,166,False
WDLNPFMLWLKVPAQ,1,91,121,166,False
WDLNPFVVGGQIAGA,1,27,28,43,False
WDLNPGDRRVEIAGA,1,3047,1,1,True
WDLNPGFGWFNARRR,1,3048,1,1,True
WDLNPGGLWAKGRRR,1,3001,2,2,False
WDLNPGGRGM_RPAQ,1,1195,4,4,False
WDLNPGLGFERAGAG,1,2457,2,2,False
WDLNPGLLVVKGPAQ,1,142,20,22,False
WDLNPGRRLRESPGA,1,590,8,9,False
WDLNPGVRGDEIPGA,1,1804,2,2,False
WDLNPGWAGSNGRRR,2,599,8,9,True
WDLNPGWLGGKVPAQ,1,414,11,12,False
WDLNPIFGLVQMAGA,1,1194,2,2,False
WDLNPKGGGGKCRRR,1,247,30,35,False
WDLNPLFCGVEIAGA,1,125,21,23,False
WDLNPLFVLLKVPAQ,1,11,557,1905,False
WDLNPLFWCLKFPAQ,1,91,121,166,False
WDLNPLGVFMKVAGA,1,3049,1,1,True
WDLNPLLFFLKCPAQ,1,91,121,166,False
WDLNPLLGVGEIAGA,1,27,28,43,False
WDLNPLLLFLKIPAQ,1,91,121,166,False
WDLNPLLLFLKLPAQ,1,3,2229,22657,False
WDLNPLLLFLKMPAQ,1,91,121,166,False
WDLNPLLLFLKVPAQ,2,14,52,95,False
WDLNPLLLFLRRPQQ,1,7,629,1764,False
WDLNPLLLLLKFPAQ,1,91,121,166,False
WDLNPLLLLLKLPAQ,1,3,2229,22657,False
WDLNPLLVL*NCRRR,1,367,12,13,False
WDLNPLLVMFKLPAQ,1,190,29,31,False
WDLNPLLVVGEIAGA,1,413,20,21,False
WDLNPLLVVLKGPAQ,1,19,348,758,False
WDLNPLLVWLKLPAQ,1,19,348,758,False
WDLNPLRVGFKWPAA,1,2740,3,3,False
WDLNPLSSGSNCRRR,1,599,8,9,False
WDLNPLVVGFSRRRV,1,2337,2,2,False
WDLNPLVVLFKVPAQ,1,1794,11,11,False
WDLNPLWVLGKVPAQ,2,62,10,18,False
WDLNPMMLGLKGPAQ,1,91,121,166,False
WDLNPMVGLVEIPGA,1,126,11,15,False
WDLNPPGVGVKSPAQ,1,3050,2,2,True
WDLNPQFLLLKMPAQ,1,11,557,1905,False
WDLNPQLLLLKLPAQ,1,3,2229,22657,False
WDLNPQMCMLKFPAQ,1,91,121,166,False
WDLNPQMMLIKWPAQ,1,600,6,7,False
WDLNPQWIVLKWPAQ,2,600,6,7,True
WDLNPRRGWVKVPAQ,1,967,5,5,False
WDLNPRRWGVKVPAQ,1,414,11,12,False
WDLNPRVGSIKGPAQ,1,967,5,5,False
WDLNPRVSRGQRPGA,1,3051,1,1,True
WDLNPSWFGVKMPAA,1,3052,1,1,True
WDLNPVCFILKLPAQ,2,601,8,9,True
WDLNPVCVMGKGPAQ,1,601,8,9,False
WDLNPVGGHVEIPGA,1,126,11,15,False
WDLNPVLGGERAGAG,1,2748,2,2,False
WDLNPVVGGGKRAGA,1,61,15,21,False
WDLNPVVLGVKVAGA,2,61,15,21,False
WDLNPVVLVGKMPAQ,2,602,4,5,True
WDLNPVWWGGEMAGA,1,2729,2,2,False
WDLNPWFLFLKVPAQ,1,11,557,1905,False
WDLNPWFVFLKVPAQ,5,11,557,1905,False
WDLNPWFVLLKLPAQ,1,11,557,1905,False
WDLNPWLIFLKIPAQ,2,3,2229,22657,False
WDLNPWLILLKMPAQ,1,2997,8,8,False
WDLNPWLLFLKFPAQ,2,91,121,166,False
WDLNPWLLFLKLPAQ,16,3,2229,22657,False
WDLNPWLLFLKVPAQ,10,3,2229,22657,False
WDLNPWLLFLKWPAQ,1,3,2229,22657,False
WDLNPWLLFLMRPYQ,1,7,629,1764,False
WDLNPWLLFLQRPLQ,1,9,239,562,False
WDLNPWLLFLRQPVQ,14,7,629,1764,False
WDLNPWLLFLRQPYQ,1,7,629,1764,False
WDLNPWLLFLRYPYQ,1,7,629,1764,False
WDLNPWLLFLVQPPQ,1,603,15,16,False
WDLNPWLLLLKLPAQ,2,3,2229,22657,False
WDLNPWLLLLKVPAQ,1,11,557,1905,False
WDLNPWLLLSKVPAQ,1,11,557,1905,False
WDLNPWLLMLKFPAQ,1,91,121,166,False
WDLNPWLLWFKLPAQ,1,3,2229,22657,False
WDLNPWLLWLKVPAQ,1,165,80,105,False
WDLNPWLMFLKFPAQ,1,91,121,166,False
WDLNPWLMFLKLPAQ,1,3,2229,22657,False
WDLNPWLMFLKVPAQ,1,3,2229,22657,False
WDLNPWLVFLKIPAQ,1,3,2229,22657,False
WDLNPWLVFLKLPAQ,1,3,2229,22657,False
WDLNPWLVFLKVPAQ,4,3,2229,22657,False
WDLNPWLVWLKLPAQ,1,3,2229,22657,False
WDLNPWMLFLKVPAQ,1,91,121,166,False
WDLNPWMLLLKLPAQ,1,91,121,166,False
WDLNPWMLLLKMPAQ,2,91,121,166,False
WDLNPWMLLLKVPAQ,1,11,557,1905,False
WDLNPWMVFLKFPAQ,1,91,121,166,False
WDLNPWMVLVKVPAQ,1,62,10,18,False
WDLNPWMWVVKCRRR,1,2749,3,3,False
WDLNPWVVGGRRRVL,1,3053,1,1,True
WDLNPWVVHGEKGRR,1,3054,1,1,True
WDLNPWWLGVKVPAQ,1,414,11,12,False
WDLNPYFLFFKMPAQ,1,11,557,1905,False
WDLNPYFLLLKFPAQ,2,11,557,1905,False
WDLNPYLIFLKLPAQ,4,3,2229,22657,False
WDLNPYLLFLERPQQ,1,1900,36,36,False
WDLNPYLLFLERPYQ,1,15,198,343,False
WDLNPYLLFLKLPAQ,1,3,2229,22657,False
WDLNPYLVFLKVPAQ,1,11,557,1905,False
WDLNPYMLFLKVPAQ,1,91,121,166,False
WDLNRCCWC*NCRRR,1,628,25,26,False
WDLQPGLLFLRIPSQ,1,603,15,16,False
WDLQPLLLFLLVPSH,1,3029,7,7,False
WDLQPSLLFLGWPLQ,1,92,43,48,False
WDLQPVLLFLLLPQQ,1,1212,17,17,False
WDLQPWLLFLKWPAQ,1,3,2229,22657,False
WDLRPLLLFLQCPQQ,1,603,15,16,False
WDLRPMLLFLRMPNQ,1,603,15,16,False
WDLRPQLLFLWLPTQ,1,1212,17,17,False
WDLRPWLLFLVMPSQ,2,603,15,16,True
WDLSPWLLFLLVPEQ,1,522,12,14,False
WDLVPCCCFWSCRCR,1,3055,2,2,True
WDLVPGLLFLQWPVQ,1,56,210,255,False
WDLVPLLLFLFLPWQ,1,2239,9,9,False
WDLVPLLLFLQQPEQ,1,119,11,13,False
WDLVPLLLFLQSPAQ,1,119,11,13,False
WDLVPVLLFLEWPQQ,1,20,111,133,False
WDLVPWLLFLQVPFQ,1,591,9,11,False
WDLVPWLRFCCCRRR,1,3056,1,1,True
WDLWPFLLFLQWRGR,1,226,3,4,False
WDLWPFPAVSVVPAP,1,3057,1,1,True
WDLWPGLLFLQWPVQ,1,73,128,146,False
WDLWPLLLFLGLPAQ,1,92,43,48,False
WDLWPLLLFLGLPVQ,6,4,603,1344,False
WDLWPLLLFLQLPQQ,1,268,11,12,False
WDLWPLLLFLRKPKQ,1,7,629,1764,False
WDLWPLLLFLVGPVQ,1,156,79,85,False
WDLWPQLLFLQLPIQ,1,268,11,12,False
WDLWPVLLFLLWPVQ,1,20,111,133,False
WDLWPWLLFLQLPVQ,1,4,603,1344,False
WDLYPRLLFLLVPQQ,1,584,26,30,False
WDMESEGREQEKPGA,1,3058,3,3,True
WDMGPQLLFLQWPEQ,1,409,13,14,False
WDMKPYLLFLFEPTQ,1,1294,4,4,False
WDMKSVVVGVESAGA,1,3059,1,1,True
WDMLPLLLFLEMPQQ,1,2557,5,5,False
WDMLPLLLFLVQPVQ,1,156,79,85,False
WDMNPAVMRWKGPAQ,2,143,35,40,False
WDMNPDELHRENAGA,1,3060,1,1,True
WDMNPDGEEEEKPGA,1,144,108,123,False
WDMNPDGEGEERPGA,1,173,7,9,False
WDMNPDGRQGEMPGA,3,173,7,9,True
WDMNPEGGWCANCRR,1,3061,1,1,True
WDMNPERSRRKVPAQ,1,143,35,40,False
WDMNPFICMWKVPAQ,1,3062,1,1,True
WDMNPFLLFLKLPAQ,3,3,2229,22657,False
WDMNPFLLFLKVPAQ,1,91,121,166,False
WDMNPFLLLLKLPAQ,4,39,164,242,False
WDMNPFLLMLKFPAQ,1,91,121,166,False
WDMNPFMLLLKLPAQ,1,91,121,166,False
WDMNPFMLLLKVPAQ,2,11,557,1905,False
WDMNPGEEEEEERPA,2,604,1,2,True
WDMNPGGRHLESAGA,1,617,7,9,False
WDMNPGGVEEERAGA,1,103,71,80,False
WDMNPGMVHQESAGA,1,3063,2,2,True
WDMNPGRRGRKGPAQ,1,3037,3,3,False
WDMNPGRRRRKRPAQ,1,10,1116,1855,False
WDMNPKGRRRKRPAQ,1,10,1116,1855,False
WDMNPKGWRRKRPAQ,1,1548,11,11,False
WDMNPKRRISKRPAQ,2,10,1116,1855,False
WDMNPKRRRRKRPAQ,1,10,1116,1855,False
WDMNPKRRSRKGPAQ,1,10,1116,1855,False
WDMNPKRWCRKRPAQ,1,10,1116,1855,False
WDMNPLCFGGKVPAQ,1,270,11,13,False
WDMNPLCQRGERPGA,1,3064,2,2,True
WDMNPLFLLFKFPAQ,1,773,6,6,False
WDMNPLFLLLKLPAQ,1,11,557,1905,False
WDMNPLLLFLKLPAQ,2,3,2229,22657,False
WDMNPLLLFLKVPAQ,1,3,2229,22657,False
WDMNPLLLFLRQPVQ,1,54,100,139,False
WDMNPLLLLLKLPAQ,1,3,2229,22657,False
WDMNPLLLLLKVPAQ,3,11,557,1905,False
WDMNPLRIISKIPAQ,1,1559,3,3,False
WDMNPLWQLGESAGA,1,3064,2,2,False
WDMNPNGGRRKRPAQ,1,1548,11,11,False
WDMNPNGVMGKFPAQ,1,2759,4,4,False
WDMNPNRRRRKGPAQ,1,10,1116,1855,False
WDMNPPRKEEERPGA,1,2566,2,2,False
WDMNPQGGWFKRPAQ,1,3039,3,3,False
WDMNPQGRRRKRPAQ,1,18,393,562,False
WDMNPQRRGGKRPAQ,1,594,10,11,False
WDMNPQSRRRKVPAQ,1,18,393,562,False
WDMNPRGRRRKGPAQ,1,18,393,562,False
WDMNPRRRRRKRPAQ,1,10,1116,1855,False
WDMNPRRRRSKGPAQ,1,1183,20,20,False
WDMNPRVVVVKGPAQ,1,372,11,12,False
WDMNPSGRRGKRPAQ,1,187,29,32,False
WDMNPSGVGVKVPAQ,1,3050,2,2,False
WDMNPSIGGRKGAGF,1,3065,1,1,True
WDMNPSMVLVKLPAQ,1,369,20,21,False
WDMNPTRVDVEMAGA,1,3066,1,1,True
WDMNPVGEIAGAGFW,1,1159,2,2,False
WDMNPVGGRRKGPAQ,1,18,393,562,False
WDMNPVRLRQEKPGA,1,2057,2,2,False
WDMNPVWWGVKVPAQ,1,62,10,18,False
WDMNPWLIFLKLPAQ,1,3,2229,22657,False
WDMNPWLLFLKFPAQ,1,3,2229,22657,False
WDMNPWLLFLKLPAQ,9,3,2229,22657,False
WDMNPWLLFLKVPAQ,25,3,2229,22657,False
WDMNPWLLFLSQPRQ,3,1,1197,10527,False
WDMNPWLLFLSQPVQ,1,1,1197,10527,False
WDMNPWLLFLTRPQQ,1,7,629,1764,False
WDMNPWLLFLVQPGQ,2,1,1197,10527,False
WDMNPWLLFLWKPQQ,1,7,629,1764,False
WDMNPWLLFLYQPKQ,1,9,239,562,False
WDMNPWLLLLKLPAQ,2,3,2229,22657,False
WDMNPWLLLLKVPAQ,1,11,557,1905,False
WDMNPWLLMLKWPAQ,1,3,2229,22657,False
WDMNPWLLWLKLPAQ,1,3,2229,22657,False
WDMNPWLVFLKFPAQ,2,155,109,133,False
WDMNPWLVFLKMPAQ,1,3,2229,22657,False
WDMNPWLVLLKLPAQ,1,3,2229,22657,False
WDMNPWLVLLKVPAQ,1,11,557,1905,False
WDMNPWMLFLKLPAQ,1,3,2229,22657,False
WDMNPWMLLLKLPAQ,1,3,2229,22657,False
WDMNPWMLWLKMPAQ,1,165,80,105,False
WDMNPWRRRGKGPAQ,1,143,35,40,False
WDMNPYFLWLKVPAQ,1,11,557,1905,False
WDMNPYFVFLKVPAQ,2,11,557,1905,False
WDMNPYLLFLKFPAQ,1,91,121,166,False
WDMNPYLLFLKVPAQ,1,11,557,1905,False
WDMNPYLLFLRMPQQ,1,7,629,1764,False
WDMQPELLFLVIPWQ,1,2557,5,5,False
WDMQPVLLFLQVPWQ,1,53,100,123,False
WDMQPYLLFLWQPKQ,1,1612,4,4,False
WDMQSEGEEVQKAGA,1,81,24,32,False
WDMRPLLLFLWLPRQ,1,468,48,52,False
WDNEPLLLFLTLPQQ,1,60,17,24,False
WDNNPFLLFLRQPSQ,1,7,629,1764,False
WDQDPLLLFLQWPGQ,1,68,51,63,False
WDQFPQLLFLLMPAQ,1,458,21,22,False
WDQFPWLLFLFRPGQ,1,2067,5,5,False
WDQFPWLLFLLLPLQ,1,92,43,48,False
WDQGAGAAVSGRAGA,1,244,36,38,False
WDQGPLLLFLRLPDQ,1,274,20,21,False
WDQGPLLLFLSWPVQ,1,3067,9,9,True
WDQGPVLLFLLPPRQ,1,274,20,21,False
WDQGPWLLFLRYPQQ,1,7,629,1764,False
WDQLPELLFLFLPVQ,1,461,20,22,False
WDQLPLLLFLGQPVQ,1,3067,9,9,False
WDQLPLLLFLLLPMA,1,424,27,28,False
WDQLPLLLFLLLPVQ,1,584,26,30,False
WDQLPLLLFLWLPLQ,1,48,50,61,False
WDQLPQLLFLLLPAQ,1,584,26,30,False
WDQLPQLLFLWGPEQ,2,96,48,56,False
WDQLPVLLFLPDPLQ,1,423,16,19,False
WDQLPVLLFLQLPVQ,1,4,603,1344,False
WDQMPFLLFLGVPGQ,1,2068,6,6,False
WDQNPWLLFLAQPWQ,1,1,1197,10527,False
WDQNPWLLFLKAPRQ,1,175,27,28,False
WDQNPWLLFLKKPKQ,3,0,1628,17219,False
WDQNPWLLFLKKPRQ,19,7,629,1764,False
WDQNPWLLFLKMPRQ,1,175,27,28,False
WDQNPWLLFLKNPRQ,1,175,27,28,False
WDQNPWLLFLKQPGQ,1,1,1197,10527,False
WDQNPWLLFLKQPKQ,1,0,1628,17219,False
WDQNPWLLFLKQPRQ,1,175,27,28,False
WDQNPWLLFLKRPKQ,1,9,239,562,False
WDQNPWLLFLKRPRQ,13,3,2229,22657,False
WDQNPWLLFLLQPVQ,1,1,1197,10527,False
WDQNPWLLFLQLPGQ,1,3,2229,22657,False
WDQNPWLLFLQRPLQ,1,9,239,562,False
WDQNPWLLFLRGPVQ,1,7,629,1764,False
WDQNPWLLFLRHPPQ,3,7,629,1764,False
WDQNPWLLFLRQPAQ,1,7,629,1764,False
WDQNPWLLFLRTPFQ,1,7,629,1764,False
WDQNPWLLFLRTPQQ,1,7,629,1764,False
WDQNPWLLFLSQPKQ,1,1,1197,10527,False
WDQNPWLLFLSQPVQ,1,3067,9,9,False
WDQNPWLLFLVNPAQ,1,3,2229,22657,False
WDQNPWLLFLVQPSQ,1,603,15,16,False
WDQNPYLLFLKKPKQ,1,0,1628,17219,False
WDQNPYLLFLRRPGQ,1,7,629,1764,False
WDQPPYLLFLGWPAQ,1,486,16,18,False
WDQQPGLLFLWVPSQ,1,859,2,2,False
WDQQPRLLFLLLPVQ,1,998,6,6,False
WDQQSEEEEEEKAGA,1,277,78,85,False
WDQRPLLLFLVRPVQ,1,68,51,63,False
WDQRPLLLFLWGPGQ,1,68,51,63,False
WDQRPNLLFLLLPGQ,1,68,51,63,False
WDQSDGVHLEMPGAG,1,3068,1,1,True
WDQSPFLLFLAMPLQ,1,48,50,61,False
WDQSPKLLFLVMRGQ,1,3069,1,1,True
WDQSPLLLFLASPPQ,1,48,50,61,False
WDQSPLLLFLQWPLQ,1,48,50,61,False
WDQSPQLLFLWLPQQ,1,48,50,61,False
WDQSPWLLFLSLPGQ,1,1911,2,2,False
WDQVPGLLFLGWPVQ,1,3067,9,9,False
WDQVPGLLFLQWPWQ,1,73,128,146,False
WDQVPMLLFLVGPQQ,1,199,16,17,False
WDQVPNLLFLSQPFQ,1,2777,3,3,False
WDQWPFLLFLLTPVQ,1,3032,12,12,False
WDQWPLLLFLAQPRQ,1,156,79,85,False
WDQWPLLLFLARPAQ,1,486,16,18,False
WDQWPLLLFLDGPVQ,1,31,119,142,False
WDQWPLLLFLELPGQ,1,31,119,142,False
WDQWPLLLFLELPVQ,1,3067,9,9,False
WDQWPLLLFLWLPVQ,1,227,22,26,False
WDQWPMLLFLRGPVQ,1,227,22,26,False
WDQWPMLLFLVSPTQ,1,199,16,17,False
WDQWPQLLFLSKPYQ,1,2396,7,7,False
WDQWPRLLFLGVPVQ,1,2068,6,6,False
WDQWPSLLFLKLPGQ,1,227,22,26,False
WDQWPWLLFLGWPWQ,1,2778,3,3,False
WDQYPDLLFLWLPAQ,1,863,6,6,False
WDQYPVLLFLRWPSQ,1,274,20,21,False
WDRCPRLLFLQCPEA,1,3070,1,1,True
WDREPHLLFLWWPQQ,1,96,48,56,False
WDRGAGAAVSGAAGA,1,865,2,2,False
WDRGPFLLFLCWPLQ,1,92,43,48,False
WDRGPKLLFLWAPWQ,1,524,8,9,False
WDRGPLLLFLLQPIQ,2,41,88,103,False
WDRGPLLLFLQGPGQ,1,524,8,9,False
WDRGPLLLFLQLPEQ,1,4,603,1344,False
WDRGPLLLFLQLPQQ,1,4,603,1344,False
WDRGPLLLFLQWPGQ,1,1820,7,7,False
WDRGPLLLFLQWPVQ,1,3067,9,9,False
WDRGPQLLFLMEPGQ,1,524,8,9,False
WDRGPRLLFLQSPSQ,1,753,6,6,False
WDRGPSLLFLWLPDQ,1,453,36,38,False
WDRGPWLLFLQWPVQ,2,56,210,255,False
WDRIRAGGGGNGRRR,1,605,14,15,False
WDRIRPGSCGNSRRR,1,3071,1,1,True
WDRIRSAAAAKGRRR,1,1461,3,3,False
WDRLAVAAVSGGAEA,1,545,5,6,False
WDRLPLLLFLQFPVQ,1,2987,5,5,False
WDRLPLLLFLQLPQQ,1,4,603,1344,False
WDRLPLLLFLRVPVQ,1,584,26,30,False
WDRLPMLLFLQWPVQ,1,56,210,255,False
WDRLPVLLFLQYPAQ,1,461,20,22,False
WDRMPYLLFLVQPTQ,1,357,26,27,False
WDRNPARGEQEKAGA,1,608,7,8,False
WDRNPARRGRKGPAQ,1,10,1116,1855,False
WDRNPARRQGERPGA,1,173,7,9,False
WDRNPARRRRKGPAQ,1,10,1116,1855,False
WDRNPASGGGKGRRR,2,605,14,15,True
WDRNPASGRCKVPAQ,1,1259,14,14,False
WDRNPASSSSKRRRV,1,3072,1,1,True
WDRNPCSRRRKRPAQ,1,10,1116,1855,False
WDRNPEGRRRKGPAQ,1,18,393,562,False
WDRNPEGRRRKRPAQ,2,10,1116,1855,False
WDRNPERRRRKSPAQ,1,10,1116,1855,False
WDRNPERRRSKGPAQ,1,10,1116,1855,False
WDRNPERRRSKWPAQ,1,1183,20,20,False
WDRNPERWRRKRPAQ,1,10,1116,1855,False
WDRNPGGRDGESAGA,1,607,8,9,False
WDRNPGGRRRKRPAQ,1,10,1116,1855,False
WDRNPGGSSRKRPAQ,1,1548,11,11,False
WDRNPGGVEQQKAGA,1,144,108,123,False
WDRNPHMRWRKRPAQ,1,10,1116,1855,False
WDRNPILCMWKCPAQ,1,984,3,3,False
WDRNPKGEEEERAGA,1,144,108,123,False
WDRNPKGGRRKGPAQ,1,10,1116,1855,False
WDRNPKGIRKGPGAG,1,3073,1,1,True
WDRNPKGRGGKRPAQ,1,10,1116,1855,False
WDRNPKGRGRKVPAQ,1,10,1116,1855,False
WDRNPKGRGRKWPAQ,1,3037,3,3,False
WDRNPKGRIMKMPAQ,1,3074,8,8,True
WDRNPKGRRGKWPAQ,1,3074,8,8,False
WDRNPKGRRRKGPAQ,2,10,1116,1855,False
WDRNPKGRRRKMPAQ,1,3074,8,8,False
WDRNPKGRRRKRPAQ,5,10,1116,1855,False
WDRNPKGRRRKWPAQ,1,10,1116,1855,False
WDRNPKGRRSKRPAQ,2,10,1116,1855,False
WDRNPKGRSRKGPAQ,2,10,1116,1855,False
WDRNPKGRSRKRPAQ,1,10,1116,1855,False
WDRNPKGRSSKRPAQ,1,3074,8,8,False
WDRNPKGRWRKRPAQ,1,10,1116,1855,False
WDRNPKGVGRKRPAQ,1,10,1116,1855,False
WDRNPKGWRRKGPAQ,1,10,1116,1855,False
WDRNPKLWWVKCPGA,2,606,2,3,True
WDRNPKMRRRKGPAQ,1,10,1116,1855,False
WDRNPKREEEEMPGA,1,281,38,42,False
WDRNPKRRMRKGPAQ,1,10,1116,1855,False
WDRNPKRRRCKGPAQ,1,10,1116,1855,False
WDRNPKRRREERAGA,1,281,38,42,False
WDRNPKRRRGKGPAQ,1,10,1116,1855,False
WDRNPKRRRRKGPAQ,1,10,1116,1855,False
WDRNPKRRRRKRPAQ,4,10,1116,1855,False
WDRNPKRRRRKWPAQ,1,10,1116,1855,False
WDRNPKRVRRKGPAQ,1,10,1116,1855,False
WDRNPKSRRMKGPAQ,1,3074,8,8,False
WDRNPKSRRWKRPAQ,2,10,1116,1855,False
WDRNPKWRRGKRPAQ,1,10,1116,1855,False
WDRNPKWRRRKGPAQ,1,10,1116,1855,False
WDRNPLCGHGQSAGA,1,90,6,9,False
WDRNPLGWGWKRPAQ,1,133,14,17,False
WDRNPLLMLLKMPAQ,1,2997,8,8,False
WDRNPNGLDEERAGA,2,607,8,9,True
WDRNPNGRRSKRPAQ,1,10,1116,1855,False
WDRNPNRRRRKRPAQ,1,10,1116,1855,False
WDRNPNRRRVKGPAQ,1,10,1116,1855,False
WDRNPNRSRRKGPAQ,1,10,1116,1855,False
WDRNPPGVRRKGPAQ,1,1824,17,17,False
WDRNPPSMSWKMPAQ,1,3075,1,1,True
WDRNPQGCRRKRPAQ,1,10,1116,1855,False
WDRNPQGGRGKGRRR,1,605,14,15,False
WDRNPQGRMCKRPAQ,1,3074,8,8,False
WDRNPQGRMSKRPAQ,1,1554,12,12,False
WDRNPQGRRGKRPAQ,2,10,1116,1855,False
WDRNPQGRRRKGPAQ,2,18,393,562,False
WDRNPQGRRRKRPAQ,3,10,1116,1855,False
WDRNPQGRRSKRPAQ,1,10,1116,1855,False
WDRNPQGWRRKLPAQ,1,18,393,562,False
WDRNPQLLRGKGRRR,1,82,47,54,False
WDRNPQRGRGKRPAQ,1,10,1116,1855,False
WDRNPQRGSRKRPAQ,1,2790,3,3,False
WDRNPQRRGREKAGA,2,608,7,8,True
WDRNPQRRGSKRPAQ,1,553,9,10,False
WDRNPQRRGWKGPAQ,1,1554,12,12,False
WDRNPQRRIRKRPAQ,1,10,1116,1855,False
WDRNPQRRRRKGPAQ,2,10,1116,1855,False
WDRNPQRRRRKWPAQ,1,10,1116,1855,False
WDRNPQRRRSKRPAQ,1,10,1116,1855,False
WDRNPQRRRSKVPAQ,1,10,1116,1855,False
WDRNPQRRRVKRPAQ,1,10,1116,1855,False
WDRNPQRSRRKRPAQ,1,10,1116,1855,False
WDRNPQSGGAKSRRR,1,605,14,15,False
WDRNPQSRRRKRPAQ,1,10,1116,1855,False
WDRNPRGGGGKARRR,1,605,14,15,False
WDRNPRGGRRKGPAQ,1,18,393,562,False
WDRNPRGGRRKRPAQ,1,10,1116,1855,False
WDRNPRGGRSKRPAQ,1,1259,14,14,False
WDRNPRGRGVKRPAQ,1,2693,9,9,False
WDRNPRGRIGKGPAQ,1,2079,8,8,False
WDRNPRGRMSKRPAQ,1,3074,8,8,False
WDRNPRGRRRKRPAQ,2,10,1116,1855,False
WDRNPRGRRWKRPAQ,2,10,1116,1855,False
WDRNPRGSMRKRPQQ,1,3076,2,2,True
WDRNPRGSRRKRPAQ,1,3076,2,2,False
WDRNPRGVMVESAGA,1,3077,3,3,True
WDRNPRGWRRKGPAQ,1,18,393,562,False
WDRNPRGWRSKGPAQ,1,187,29,32,False
WDRNPRRRRDENGRR,1,255,2,3,False
WDRNPRRRRSKGPAQ,1,1183,20,20,False
WDRNPRRRRWKWPAQ,1,1183,20,20,False
WDRNPRRRSKGPAQG,1,427,8,9,False
WDRNPRRRWSKGPAQ,1,1183,20,20,False
WDRNPRRVEEERAGA,1,26,107,135,False
WDRNPRVRWRKRPAQ,1,10,1116,1855,False
WDRNPSMRRIKGPGA,1,493,17,18,False
WDRNPSRGRRKRPAQ,2,10,1116,1855,False
WDRNPSRRRRKARRR,1,82,47,54,False
WDRNPSRRRRKGPAQ,1,10,1116,1855,False
WDRNPSRWRVESAGA,1,3077,3,3,False
WDRNPTEEEEQRAGG,1,3078,1,1,True
WDRNPTGRRRKCPAQ,1,10,1116,1855,False
WDRNPTRREQESAGA,1,608,7,8,False
WDRNPTRRIRKGPAQ,1,10,1116,1855,False
WDRNPTRRRRKGPAQ,1,10,1116,1855,False
WDRNPTRRRRKRPAQ,3,10,1116,1855,False
WDRNPTSRRRKRPAQ,1,10,1116,1855,False
WDRNPTWGGRKGPAQ,1,757,4,4,False
WDRNPVLLWGKCAGA,1,606,2,3,False
WDRNPVLVREEIPGA,2,609,1,2,True
WDRNPVQQEEERAGA,1,607,8,9,False
WDRNPVVVVGESAGA,1,413,20,21,False
WDRNPWEQEGEIAGA,1,2811,3,3,False
WDRNPWGGRGKVPAQ,1,3039,3,3,False
WDRNPWGGRRKGPAQ,1,18,393,562,False
WDRNPWLLFLQRPGQ,1,9,239,562,False
WDRNPYLLFLRWPQQ,3,7,629,1764,False
WDRPPRLLFLKIPRQ,1,175,27,28,False
WDRQPGLLFLWWPGQ,1,148,23,27,False
WDRQPLLLFLWQPKQ,1,41,88,103,False
WDRQPMLLFLSGPWQ,1,652,6,6,False
WDRQPVLLFLLGPTQ,1,423,16,19,False
WDRQPWLLFLLMPEQ,1,522,12,14,False
WDRQPWLLFLVLPGQ,1,2637,8,8,False
WDRRPGLLFLLMPAQ,1,458,21,22,False
WDRRPLLLFLLLPEQ,1,2985,7,7,False
WDRRPSLLFLSQPMQ,1,652,6,6,False
WDRRPWLLFLTVPAQ,1,242,52,57,False
WDRSPGLLFLRVPRQ,1,1836,3,3,False
WDRTPLLLFLWQPGQ,1,41,88,103,False
WDRTPWLLFLQLPSQ,1,424,27,28,False
WDRVPKLLFLALPQQ,1,3079,2,2,True
WDRVPWLLFLKKPKQ,3,0,1628,17219,False
WDRVPWLLFLSVPQQ,2,7,629,1764,False
WDRWPLLLFLQLPGQ,1,4,603,1344,False
WDRWPLLLFLQLPVQ,1,4,603,1344,False
WDRWPMLLFLYQPGQ,1,212,27,30,False
WDRWPQLLFLRIPKQ,2,212,27,30,False
WDRWPQLLFLRLPQQ,2,40,66,76,False
WDRWPVLLFLQWPFQ,1,29,67,92,False
WDRWPVLLFLQWPVQ,1,53,100,123,False
WDRWPWLLFLQVPVQ,1,56,210,255,False
WDRWPWLLFLQWPGQ,1,212,27,30,False
WDSCPWAAVSGLAGA,1,3080,2,2,True
WDSEPVLLFLDHPDP,1,3081,1,1,True
WDSESALGQGEIAGA,1,3082,2,2,True
WDSFPQLLFLSQPVQ,1,584,26,30,False
WDSGPMLLFLQYPMQ,1,3083,7,7,True
WDSGPWLLFLQMPFQ,1,3083,7,7,False
WDSGPWLLFLQSPLQ,1,3083,7,7,False
WDSIRPSAS*NSRRR,1,200,5,6,False
WDSLPLLLFLKQPIQ,1,3084,3,3,True
WDSLPLLLFLQLPVQ,1,4,603,1344,False
WDSLPMLLFLQQPSQ,1,3083,7,7,False
WDSLPQLLFLLAPMQ,1,584,26,30,False
WDSLPVLLFLQSPLQ,1,221,41,45,False
WDSLPVLLFLQVPGQ,2,584,26,30,False
WDSLPWLLFLQWPHQ,2,56,210,255,False
WDSNPAGRRRKRPAQ,1,18,393,562,False
WDSNPALIRREMAGA,1,1515,2,2,False
WDSNPARRMRKRPAQ,1,10,1116,1855,False
WDSNPEGRRGKGRRR,1,1839,3,3,False
WDSNPERRGQQRAGA,1,3085,2,2,True
WDSNPFWVGGKGRRR,1,288,2,3,False
WDSNPGRVEGESPGA,1,541,7,8,False
WDSNPHLCAGKCRRR,1,613,5,6,False
WDSNPKGEGEEKAGA,1,761,4,4,False
WDSNPKGRRRKGPAQ,3,18,393,562,False
WDSNPKGRRRKRPAQ,1,10,1116,1855,False
WDSNPKMEEGEMPGR,1,3086,1,1,True
WDSNPKRRMRKKAGA,1,1300,2,2,False
WDSNPKRRRRKFPAQ,1,10,1116,1855,False
WDSNPKRRRRKRPAQ,2,10,1116,1855,False
WDSNPKWSWGERAGA,1,3087,1,1,True
WDSNPLGGSGKGRRR,1,146,35,40,False
WDSNPLLLFLKFPAQ,1,91,121,166,False
WDSNPLLLFLQSPNQ,1,4,603,1344,False
WDSNPLVRRRKVPAQ,1,18,393,562,False
WDSNPMGEEEERPGA,1,436,10,12,False
WDSNPMLLFLIKPQQ,2,7,629,1764,False
WDSNPMWCCGNCRRR,1,3088,2,2,True
WDSNPNGFGGENAGA,1,3089,1,1,True
WDSNPNRRRRKGPAQ,1,18,393,562,False
WDSNPNRSRRKRPAQ,1,10,1116,1855,False
WDSNPPGGG*KSRRR,1,146,35,40,False
WDSNPPWWSGKVRRR,1,560,6,7,False
WDSNPQGRRRKRPAQ,3,18,393,562,False
WDSNPQRQEVENAGA,1,3090,1,1,True
WDSNPQRRRRKGPAQ,1,18,393,562,False
WDSNPQRSRRKGPAQ,1,18,393,562,False
WDSNPQVVMWKMPAQ,1,3091,1,1,True
WDSNPRRWRGKRPAQ,1,774,6,6,False
WDSNPRRWRRKRPAQ,1,2103,6,6,False
WDSNPS*WRRKVPAQ,2,597,6,8,False
WDSNPSFVVSKNPGA,1,3092,1,1,True
WDSNPSMRWRKGPAQ,1,18,393,562,False
WDSNPTVMSRKVPAQ,1,49,14,21,False
WDSNPTWSGGKWPAQ,1,3093,1,1,True
WDSNPVGGSRKGPAQ,1,18,393,562,False
WDSNPVVMC*NGRRR,2,610,1,2,True
WDSNPWLLFLAQPWQ,2,1,1197,10527,False
WDSNPWLLFLGVPRQ,1,7,629,1764,False
WDSNPWLLFLKRPRQ,1,3,2229,22657,False
WDSNPWLLFLKVPAQ,2,3,2229,22657,False
WDSNPWLLFLNQPKQ,3,1,1197,10527,False
WDSNPWLLFLQRPVQ,1,9,239,562,False
WDSNPWLLFLQVPVQ,2,4,603,1344,False
WDSNPWLLFLRGPRQ,1,7,629,1764,False
WDSNPWLLFLRKPQQ,5,7,629,1764,False
WDSNPWLLFLRMPAQ,1,7,629,1764,False
WDSNPWLLFLRQPAQ,1,7,629,1764,False
WDSNPWLLFLRQPQQ,2,7,629,1764,False
WDSNPWLLFLVQPPQ,1,1,1197,10527,False
WDSNPWLLFLWRPNQ,1,7,629,1764,False
WDSNPWLLFLYQPGQ,1,1,1197,10527,False
WDSNPYLLFLGGAGA,1,456,5,6,False
WDSNPYLLFLIRPQQ,3,7,629,1764,False
WDSNPYLLFLQQPKQ,1,0,1628,17219,False
WDSNPYLLFLQYPIQ,1,2196,13,13,False
WDSNPYLLFLRNPQQ,1,7,629,1764,False
WDSNPYLLFLRRPQQ,5,7,629,1764,False
WDSPPVLLFLRSPQQ,1,7,629,1764,False
WDSQPLLLFLLLPKQ,1,92,43,48,False
WDSQPRLLFLFVPAQ,1,998,6,6,False
WDSQPRLLFLMLPQQ,1,92,43,48,False
WDSQPWLLFLLGPEQ,1,522,12,14,False
WDSQPWLLFLVPPMQ,1,137,39,48,False
WDSRPLLLFLDWAEA,2,611,1,2,True
WDSRPPLLFLTDPQQ,1,60,17,24,False
WDSRPQLLFLFLPVQ,1,127,34,42,False
WDSRPQLLFLLFPVQ,1,584,26,30,False
WDSRPVLLF*SGRAR,1,3094,1,1,True
WDSRPWLLFLQGPLQ,1,242,52,57,False
WDSSPCPAVSGDAGA,1,3080,2,2,False
WDSVPIRCFCCGRSR,1,3095,1,1,True
WDSVPLLLFLLGPGR,1,3096,2,2,True
WDSVPQLLFLLMPGQ,1,3096,2,2,False
WDSVPRLLFLGLPVQ,1,80,35,40,False
WDSVPRLLFLQWPRQ,1,810,3,3,False
WDSVPWLLFLQLPVQ,1,4,603,1344,False
WDSVPWLLFLQVPVQ,1,56,210,255,False
WDSWPLLLFLLLPLQ,1,92,43,48,False
WDSWPLLLFLQVPVQ,1,2987,5,5,False
WDSWPLLLFLQWPSQ,1,73,128,146,False
WDSWPVLLFLLWPMQ,1,3083,7,7,False
WDSYPLLLFLQVPSQ,1,3029,7,7,False
WDTAAVPAVSGGPGA,1,1346,7,7,False
WDTGPQLLFLKMPTQ,2,612,4,5,True
WDTIRCCGAANCRRR,1,2990,2,2,False
WDTLPFLLFLQEPAQ,1,1595,8,8,False
WDTMPLLLFLQLPKQ,1,4,603,1344,False
WDTMPWLLFLQWPLQ,1,56,210,255,False
WDTNPWLLFLQLPAQ,3,3,2229,22657,False
WDTNPWLLFLQRPGQ,1,9,239,562,False
WDTNPWLLFLQVPNQ,1,7,629,1764,False
WDTNPWLLFLRQPNQ,1,7,629,1764,False
WDTNPWLLFLRQPSQ,1,7,629,1764,False
WDTNPYLLFLKKPKQ,3,0,1628,17219,False
WDTNPYLLFLKLPQQ,1,0,1628,17219,False
WDTNPYLLFLMQPMQ,3,2,509,4610,False
WDTNPYLLFLRKPEQ,1,7,629,1764,False
WDTRPWLLFLVVPVQ,1,603,15,16,False
WDTSPQLLFLLVPQQ,1,584,26,30,False
WDTVPGLLFLQWPGQ,1,73,128,146,False
WDTVRSCCF*GGRQG,1,3097,1,1,True
WDVAPQLLFLFLPPQ,1,3098,6,6,True
WDVAPQLLFLRVPYQ,1,3098,6,6,False
WDVAPRLLFLALPVQ,1,3098,6,6,False
WDVAPWLLFLQLPLQ,1,3098,6,6,False
WDVAPWLLFLWGRCR,1,2989,2,2,False
WDVCPFLLFRCGRGR,1,3099,1,1,True
WDVCPWLLFLSFPVQ,2,591,9,11,False
WDVEPLLLFLTAPVQ,1,60,17,24,False
WDVESAGVAWGKCRR,1,3100,1,1,True
WDVESDGREREKPGA,1,3058,3,3,False
WDVESGGGVLQIPGA,1,3101,1,1,True
WDVESVHVVVEIPGA,1,598,6,7,False
WDVFPMLLFLQLPVQ,1,4,603,1344,False
WDVGPGLLFLQRPVQ,1,176,11,12,False
WDVGPLLLFLQLPAQ,1,4,603,1344,False
WDVGPLLLFLQLPGQ,1,4,603,1344,False
WDVGPLLLFLQLPVQ,2,4,603,1344,False
WDVGPMLLFLQLPEQ,1,3083,7,7,False
WDVGPQLLFLVLPLQ,1,3098,6,6,False
WDVGPWLLFLLVPQQ,2,7,629,1764,False
WDVGPWLLFLQWPVQ,1,56,210,255,False
WDVGPWLLFLRQPVQ,1,130,94,113,False
WDVGPWLLFLRTPFQ,1,7,629,1764,False
WDVGPYLLFLQLPWQ,1,15,198,343,False
WDVGPYLLFLSQPRQ,1,357,26,27,False
WDVGRCCCFQCGRCR,1,113,15,19,False
WDVGRGCCFCGCRCR,1,627,7,8,False
WDVKSEGEEEERAGA,1,81,24,32,False
WDVKSVRRLQQNAGA,1,3102,1,1,True
WDVLPLLLFLLLPGQ,1,518,22,24,False
WDVLPQLLFLKLPAQ,1,3098,6,6,False
WDVLPWLLFLQLPLQ,1,92,43,48,False
WDVLPWLLFLQWPVQ,1,56,210,255,False
WDVMPMLLFLFWPVQ,1,3067,9,9,False
WDVMPPLRFCTARAR,1,3103,1,1,True
WDVNPAFFRRKGPAQ,1,713,7,7,False
WDVNPAGGIRENPGA,1,3104,1,1,True
WDVNPAGLDDQSPGA,1,159,11,15,False
WDVNPASSVGKVPAQ,1,250,31,34,False
WDVNPASSVMKVPAQ,1,3105,1,1,True
WDVNPDRGAGKCRRR,2,613,5,6,True
WDVNPEGEGQERAGA,1,3085,2,2,False
WDVNPELCCWKVPGR,1,3106,1,1,True
WDVNPERRRRKGPAQ,1,10,1116,1855,False
WDVNPFFIFLKVPAQ,1,11,557,1905,False
WDVNPFFLFLKVPAQ,1,11,557,1905,False
WDVNPFFLLLKLPAQ,2,11,557,1905,False
WDVNPFFLLLKMPAQ,1,11,557,1905,False
WDVNPFFLLLKWPAQ,2,11,557,1905,False
WDVNPFFVFLKMPAQ,1,91,121,166,False
WDVNPFGCIVKVPAQ,2,62,10,18,False
WDVNPFLFFLKVPAQ,1,91,121,166,False
WDVNPFLFVFKLPAQ,1,1543,9,9,False
WDVNPFLLFLKFPAQ,2,91,121,166,False
WDVNPFLLFLKLPAQ,3,3,2229,22657,False
WDVNPFLLFLKMPAQ,1,39,164,242,False
WDVNPFLLFLKVPAQ,5,3,2229,22657,False
WDVNPFLLLLKFPAQ,1,39,164,242,False
WDVNPFLLLLKLPAQ,10,3,2229,22657,False
WDVNPFLLLLKVPAQ,2,11,557,1905,False
WDVNPFLLVMNCRRR,1,3107,1,1,True
WDVNPFLWCVKLPAQ,1,618,5,6,False
WDVNPFMFFLKVPAQ,1,91,121,166,False
WDVNPFMILLKFPAQ,1,91,121,166,False
WDVNPFMLFLKFPAQ,1,91,121,166,False
WDVNPFMLFLKLPAQ,4,91,121,166,False
WDVNPFMLFLKVPAQ,2,91,121,166,False
WDVNPFMLLLKFPAQ,1,91,121,166,False
WDVNPFMLLLKLPAQ,8,11,557,1905,False
WDVNPFMLLLKVPAQ,2,11,557,1905,False
WDVNPFMLWLKVPAQ,1,91,121,166,False
WDVNPFRRMLKVPGA,1,3108,1,1,True
WDVNPFVDVGEIAGA,1,27,28,43,False
WDVNPGGGASKGRRR,1,501,7,8,False
WDVNPGGVVGQSAGA,1,615,3,4,False
WDVNPGGWASKCRRR,1,77,10,13,False
WDVNPGLWHGERAGA,1,2454,2,2,False
WDVNPGMVVVESAGA,1,3063,2,2,False
WDVNPGQVRVERSRR,2,614,1,2,True
WDVNPGRRRHESPGA,1,194,6,7,False
WDVNPGRVVRQKAGA,2,615,3,4,True
WDVNPGRWGCC*KGR,1,3109,1,1,True
WDVNPGWGGIKGPAQ,1,223,23,26,False
WDVNPILGLVKGPGA,1,2463,2,2,False
WDVNPIRCRGKGPAQ,1,954,6,6,False
WDVNPKGRGWKRPAQ,1,58,12,16,False
WDVNPKRREEEKAGA,1,26,107,135,False
WDVNPKRRRRKRPAQ,1,10,1116,1855,False
WDVNPLFAAANSRRR,1,3110,2,2,True
WDVNPLFIFLKVPAQ,2,11,557,1905,False
WDVNPLFLLLKLPAQ,1,11,557,1905,False
WDVNPLFLVRKCAGA,1,3111,1,1,True
WDVNPLIGSANSRRR,1,3110,2,2,False
WDVNPLIWFGQSAGA,1,3112,1,1,True
WDVNPLLIFLKVPAQ,2,19,348,758,False
WDVNPLLLFLKIPAQ,1,3,2229,22657,False
WDVNPLLLFLKLPAQ,1,3,2229,22657,False
WDVNPLLLFLLMPKQ,1,518,22,24,False
WDVNPLLLFLQLPVQ,3,4,603,1344,False
WDVNPLLLFLQLPWQ,1,4,603,1344,False
WDVNPLLLFLQWPMQ,1,15,198,343,False
WDVNPLLLLLKFPAQ,3,11,557,1905,False
WDVNPLLLLLKLPAQ,5,3,2229,22657,False
WDVNPLLLLLKVPAQ,2,11,557,1905,False
WDVNPLLLWLKVPAQ,1,19,348,758,False
WDVNPLLVLLKIPAQ,1,19,348,758,False
WDVNPLLWLLKMPAQ,1,2997,8,8,False
WDVNPLMLCLKCPAQ,1,91,121,166,False
WDVNPLMLFLKLPAQ,1,91,121,166,False
WDVNPLVFWLKFPAQ,1,180,5,7,False
WDVNPMLLFLKLPAQ,1,3,2229,22657,False
WDVNPMLLFLKQPKQ,1,0,1628,17219,False
WDVNPMLLFLKWPAQ,1,3,2229,22657,False
WDVNPMLLFLWQPGQ,1,148,23,27,False
WDVNPMRRRRKGRRR,1,82,47,54,False
WDVNPMRVVVKVPAQ,1,62,10,18,False
WDVNPMWRLVKVPAQ,5,62,10,18,True
WDVNPMWWCGKSRRR,1,3088,2,2,False
WDVNPNLLFLNKPVQ,1,7,629,1764,False
WDVNPPCCCSKCRRR,1,3113,1,1,True
WDVNPPGIGWKGPAQ,2,133,14,17,False
WDVNPPVGRRESPGA,1,1754,3,3,False
WDVNPQFRIWKSPAQ,1,2460,2,2,False
WDVNPQFVLFKLPAQ,1,181,23,25,False
WDVNPQGRIRKMPRR,1,3114,1,1,True
WDVNPQGRSRKRPAQ,1,18,393,562,False
WDVNPQLLFLLYPTQ,1,567,14,15,False
WDVNPQLVWLKLPAQ,1,19,348,758,False
WDVNPQVCMGKRRVL,1,3115,1,1,True
WDVNPQWRRRKVPAQ,3,62,10,18,False
WDVNPR*EEERAGAG,1,503,5,6,False
WDVNPRGGEERAGAG,1,536,9,10,False
WDVNPRGRGGRRKVP,2,616,1,2,True
WDVNPRICRRQRAGA,1,3116,1,1,True
WDVNPRRGGGKGPAQ,1,111,39,45,False
WDVNPRRSI*KGRRR,1,84,15,18,False
WDVNPRSGSMKGPAQ,1,111,39,45,False
WDVNPRWMGRKRPAQ,1,291,30,32,False
WDVNPSCLHLQIAGA,1,90,6,9,False
WDVNPSGRVRESAGA,2,617,7,9,True
WDVNPSIGIWKSPAR,1,3117,1,1,True
WDVNPSRRGSKRPAQ,1,553,9,10,False
WDVNPSRRIRKRPAQ,1,10,1116,1855,False
WDVNPSRRRGKRPAQ,1,10,1116,1855,False
WDVNPSWFVWESAGA,2,617,7,9,False
WDVNPTCVWWKVPAQ,1,1750,3,3,False
WDVNPTGGEVERAGA,1,50,45,49,False
WDVNPTGRGRKGPAQ,2,18,393,562,False
WDVNPTGRHGERPGA,1,173,7,9,False
WDVNPTGVVIKGPAA,1,3118,1,1,True
WDVNPVCCVVKLPAQ,1,601,8,9,False
WDVNPVCFSLKVPAQ,1,601,8,9,False
WDVNPVGSGVESAGA,1,383,22,24,False
WDVNPVGVG*NCRRR,1,1859,3,3,False
WDVNPVRMGRKMPAQ,1,321,6,7,False
WDVNPVRRGVGRRRV,1,3119,1,1,True
WDVNPVVGWLKGPAQ,1,777,4,4,False
WDVNPVVIFRKFPAQ,1,777,4,4,False
WDVNPVVWGSANGRR,1,3120,1,1,True
WDVNPVWGAG*SNGR,1,3121,1,1,True
WDVNPWFFGLKWPAQ,1,3122,3,3,True
WDVNPWFLLLKLPAQ,2,11,557,1905,False
WDVNPWFVFLKLPAQ,2,155,109,133,False
WDVNPWFVFLKVPAQ,2,155,109,133,False
WDVNPWGCG*KGRRR,1,84,15,18,False
WDVNPWLCVMKRPAQ,1,2877,3,3,False
WDVNPWLFFLKLPAQ,1,3,2229,22657,False
WDVNPWLFFLKVPAQ,1,3122,3,3,False
WDVNPWLFLLKVPAQ,1,3122,3,3,False
WDVNPWLGVGESPGA,1,3123,1,1,True
WDVNPWLIFLKVPAQ,1,3,2229,22657,False
WDVNPWLILLKLPAQ,1,3,2229,22657,False
WDVNPWLILLKVPAQ,1,11,557,1905,False
WDVNPWLLFLHQPEQ,1,1,1197,10527,False
WDVNPWLLFLHQPKQ,1,1,1197,10527,False
WDVNPWLLFLHQPNQ,1,1573,36,36,False
WDVNPWLLFLKLPAQ,9,3,2229,22657,False
WDVNPWLLFLKVPAQ,11,3,2229,22657,False
WDVNPWLLFLQLPVQ,3,4,603,1344,False
WDVNPWLLFLQSPWQ,3,1,1197,10527,False
WDVNPWLLFLQVPVQ,6,4,603,1344,False
WDVNPWLLFLQWPVL,1,15,198,343,False
WDVNPWLLFLREPQQ,2,7,629,1764,False
WDVNPWLLFLRLPMQ,1,7,629,1764,False
WDVNPWLLFLRQPEQ,2,7,629,1764,False
WDVNPWLLFLRQPSQ,1,7,629,1764,False
WDVNPWLLFLSQPVQ,2,1,1197,10527,False
WDVNPWLLFLSRPQQ,1,7,629,1764,False
WDVNPWLLFLVQPSQ,1,603,15,16,False
WDVNPWLLFLYQPTQ,1,1,1197,10527,False
WDVNPWLLFVKFPAQ,1,3,2229,22657,False
WDVNPWLLLLKLPAQ,3,3,2229,22657,False
WDVNPWLLLLKVPAQ,1,11,557,1905,False
WDVNPWLLWLKLPAQ,2,3,2229,22657,False
WDVNPWLLWLKVPAQ,1,165,80,105,False
WDVNPWLVFLKFPAQ,1,155,109,133,False
WDVNPWLVFLKLPAQ,2,3,2229,22657,False
WDVNPWLVFLKVPAQ,5,3,2229,22657,False
WDVNPWLVGGEKAGA,1,383,22,24,False
WDVNPWLVWLKVPAQ,1,19,348,758,False
WDVNPWMLFLKGPAQ,2,91,121,166,False
WDVNPWMLFLKLPAQ,1,3,2229,22657,False
WDVNPWMLLLKVPAQ,1,11,557,1905,False
WDVNPWMLWLKLPAQ,2,165,80,105,False
WDVNPWSWRVKRPAQ,1,774,6,6,False
WDVNPYFIFLKFPAQ,1,11,557,1905,False
WDVNPYFIFLKVPAQ,1,11,557,1905,False
WDVNPYFLFFKLPAQ,1,11,557,1905,False
WDVNPYFLFLKFPAQ,2,11,557,1905,False
WDVNPYFLLLKLPAQ,1,11,557,1905,False
WDVNPYFVFLKMPAQ,1,11,557,1905,False
WDVNPYGCCRKLPAQ,2,618,5,6,True
WDVNPYIRGWKGRRR,1,2816,2,2,False
WDVNPYLLFLAQPSQ,1,1,1197,10527,False
WDVNPYLLFLFNPQQ,1,7,629,1764,False
WDVNPYLLFLFRPQQ,9,7,629,1764,False
WDVNPYLLFLFVPVQ,1,15,198,343,False
WDVNPYLLFLGKPQQ,4,7,629,1764,False
WDVNPYLLFLIKPKQ,1,0,1628,17219,False
WDVNPYLLFLIKPPQ,2,0,1628,17219,False
WDVNPYLLFLIQPKQ,1,0,1628,17219,False
WDVNPYLLFLKIPKQ,1,0,1628,17219,False
WDVNPYLLFLKKPAQ,1,0,1628,17219,False
WDVNPYLLFLKKPKQ,10,0,1628,17219,False
WDVNPYLLFLKKPQQ,2,0,1628,17219,False
WDVNPYLLFLKLPVQ,1,0,1628,17219,False
WDVNPYLLFLKQPAQ,2,0,1628,17219,False
WDVNPYLLFLKQPDQ,2,0,1628,17219,False
WDVNPYLLFLKQPGQ,1,0,1628,17219,False
WDVNPYLLFLKQPKQ,6,0,1628,17219,False
WDVNPYLLFLKQPNQ,4,2,509,4610,False
WDVNPYLLFLKQPRQ,1,0,1628,17219,False
WDVNPYLLFLKQPVQ,184,0,1628,17219,False
WDVNPYLLFLKRPLQ,1,0,1628,17219,False
WDVNPYLLFLKVPAQ,1,11,557,1905,False
WDVNPYLLFLKVPNQ,1,0,1628,17219,False
WDVNPYLLFLLLPMQ,1,15,198,343,False
WDVNPYLLFLNQPKQ,1,0,1628,17219,False
WDVNPYLLFLQRPLQ,1,15,198,343,False
WDVNPYLLFLQWPGQ,1,15,198,343,False
WDVNPYLLFLRIPSQ,1,12,343,758,False
WDVNPYLLFLRKPQQ,2,7,629,1764,False
WDVNPYLLFLRKPSQ,1,7,629,1764,False
WDVNPYLLFLRMPNQ,2,12,343,758,False
WDVNPYLLFLRNPKQ,1,1313,4,4,False
WDVNPYLLFLRQPKQ,1,0,1628,17219,False
WDVNPYLLFLRRPLQ,1,7,629,1764,False
WDVNPYLLFLRTPQQ,1,7,629,1764,False
WDVNPYLLFLRVPAQ,1,14,52,95,False
WDVNPYLLFLRVPRQ,1,7,629,1764,False
WDVNPYLLFLSKPQQ,1,7,629,1764,False
WDVNPYLLFLSQPKQ,1,0,1628,17219,False
WDVNPYLLFLSQPRQ,2,2,509,4610,False
WDVNPYLLFLTQPNQ,5,2,509,4610,False
WDVNPYLLFLVQPKQ,1,0,1628,17219,False
WDVNPYLLFLWKPDQ,1,0,1628,17219,False
WDVNSGGVVVESAGA,1,617,7,9,False
WDVQPFLLFLRAPMQ,1,92,43,48,False
WDVQPGLLFLLVPAQ,1,584,26,30,False
WDVQPHLLFLLWPGQ,1,148,23,27,False
WDVQPLLLFLQWPVQ,1,56,210,255,False
WDVQPRLLFLWLPVQ,1,998,6,6,False
WDVQPWLLFLQVPVQ,1,56,210,255,False
WDVRPLLLFLQLPVQ,1,4,603,1344,False
WDVRPLLLFLSQPVQ,1,3067,9,9,False
WDVRPVLLFLQWPLQ,1,637,44,44,False
WDVVPGAAVSALAGA,1,1849,2,2,False
WDVVPQLLVSVRPDA,1,3124,1,1,True
WDVVPRLLFLQAPWQ,1,2985,7,7,False
WDVVPVAAVSGRAGA,1,244,36,38,False
WDVWPACCFCCGRRR,1,3125,1,1,True
WDVWPGAAVSVHPGA,1,3126,2,2,True
WDVWPGLLFLQWPVQ,1,73,128,146,False
WDVWPLLLFLFGAGA,1,2541,3,3,False
WDVWPLLLFLQLPVQ,1,4,603,1344,False
WDVWPLLLFLRQPSQ,1,3029,7,7,False
WDVWPMLLFLQWPGQ,1,1981,4,4,False
WDVWPMLLFLQWPVQ,1,15,198,343,False
WDVWPQLLFLGVPGQ,2,584,26,30,False
WDVWPQLLFLSSPAQ,1,1835,6,6,False
WDVWPQLLFLYGPVQ,2,584,26,30,False
WDVWPRLLFLQWPLQ,1,15,198,343,False
WDVWPRLLFLRVPAQ,1,14,52,95,False
WDVWPVAAVSVAAGA,1,3126,2,2,False
WDVWPVLLFLQLPEQ,1,53,100,123,False
WDVWPVLLFLQWPKQ,1,15,198,343,False
WDVWPWLLFLFGPVQ,1,2861,10,10,False
WDVWPWLLFLQLPFQ,2,29,67,92,False
WDVYPWLLFLGQPEQ,1,3127,1,1,True
WDWAPVLLFLQWPLQ,1,637,44,44,False
WDWCPLLLFLMVPFQ,1,591,9,11,False
WDWEPLLLFLRMPNQ,1,274,20,21,False
WDWESDEEGGQRAGA,1,141,34,41,False
WDWESDLVGVQSPGA,1,3128,1,1,True
WDWESEEVEEERAGA,1,277,78,85,False
WDWESGGDGEERAGA,1,1903,3,3,False
WDWESGGEGGERAGA,1,1903,3,3,False
WDWESGGG*WANARR,1,3129,1,1,True
WDWESGGHGRESAGA,1,3130,2,2,True
WDWESGSWCW*KCRR,1,3131,1,1,True
WDWESVGGGGESAGA,1,3130,2,2,False
WDWESVLGGGEIPGA,1,3082,2,2,False
WDWGAVAAVSVLAGA,1,149,31,38,False
WDWGPGLLFLFWPAA,1,3132,1,1,True
WDWGPGLLFLQSPVQ,1,4,603,1344,False
WDWGPGLLFLQWPVQ,1,73,128,146,False
WDWGPLLLFLKQPRQ,1,3084,3,3,False
WDWGPLLLFLLQPVQ,1,243,60,64,False
WDWGPLLLFLRWPFL,1,1020,4,4,False
WDWGPMLLFLQVPVQ,1,3083,7,7,False
WDWGPQLLFLSLPLQ,2,92,43,48,False
WDWGPQLLFLVMPWQ,1,612,4,5,False
WDWGPQLLFLVRPGQ,1,567,14,15,False
WDWGPRLLFLLGPQQ,1,567,14,15,False
WDWGPRLLFLQGPQQ,1,852,19,19,False
WDWGPRLLFLQWPKQ,1,73,128,146,False
WDWGPVLLFLLAPQQ,1,60,17,24,False
WDWGPWLLFLKKPKQ,1,0,1628,17219,False
WDWGPWLLFLQRPVQ,1,4,603,1344,False
WDWIRC*CCSNSRRR,1,3133,1,1,True
WDWKSVVGVVEIAGA,1,167,83,87,False
WDWKSVVLVGQMAGA,1,1001,2,2,False
WDWLPLLLFLLFPPQ,1,518,22,24,False
WDWLPLLLFLQLPAQ,1,4,603,1344,False
WDWLPLLLFLQLPVQ,1,4,603,1344,False
WDWLPLLLFLSVPQQ,1,584,26,30,False
WDWLPLLLFLWQPRQ,1,3084,3,3,False
WDWLPWLLFLQWPVQ,1,56,210,255,False
WDWMPLLLFLQAPAQ,1,4,603,1344,False
WDWNPAGWLRKVPAQ,1,597,6,8,False
WDWNPCCCVVKIPAQ,1,387,6,8,False
WDWNPEGRRRQKAGA,1,785,5,5,False
WDWNPFLLFLKFPAQ,1,91,121,166,False
WDWNPFLLLLKLPAQ,1,39,164,242,False
WDWNPFLLLLKVPAQ,3,39,164,242,False
WDWNPFLLVLKVPAQ,1,39,164,242,False
WDWNPFLVGLKVPAQ,1,1894,10,10,False
WDWNPFLVLLKFPAQ,1,39,164,242,False
WDWNPFLVLLKVPAQ,2,39,164,242,False
WDWNPFLVVLKLPAQ,1,39,164,242,False
WDWNPFLVWLKVPAQ,1,19,348,758,False
WDWNPFVVCCKFPAQ,2,619,1,2,True
WDWNPGCCGC*KGRR,2,620,2,3,True
WDWNPGG*C*KCRRR,2,621,6,7,True
WDWNPGGGGGSKGRR,1,595,7,8,False
WDWNPGGGGKCRRRV,1,1193,3,3,False
WDWNPGGLRGKIPAQ,1,174,7,9,False
WDWNPGGRCWKIPAQ,3,174,7,9,True
WDWNPGGVGGQRAGA,1,103,71,80,False
WDWNPGGWRGKGPAQ,1,1824,17,17,False
WDWNPGHLVGEIAGA,3,27,28,43,False
WDWNPGIVVVKVPAQ,1,387,6,8,False
WDWNPGLWL*KSRRR,1,621,6,7,False
WDWNPGVGRVEIPGA,2,126,11,15,False
WDWNPGVWWVKGPAR,2,622,2,3,True
WDWNPIRWMIKVPAQ,1,3134,2,2,True
WDWNPKGWRRKMPAQ,1,3074,8,8,False
WDWNPKRMRRKGPAQ,1,10,1116,1855,False
WDWNPKRRCGERAGA,1,1365,5,5,False
WDWNPKVVWLKVPAQ,1,19,348,758,False
WDWNPLCLRWQIPGA,1,90,6,9,False
WDWNPLFLLFKLPAQ,1,11,557,1905,False
WDWNPLFVLLKVPAQ,2,11,557,1905,False
WDWNPLLLFLQVPVQ,1,4,603,1344,False
WDWNPLLLFLRSPQQ,1,7,629,1764,False
WDWNPLLLLLKLPAQ,2,39,164,242,False
WDWNPLLLLLKMPAQ,2,39,164,242,False
WDWNPLLLLLKVPAQ,3,11,557,1905,False
WDWNPLLLWLKVPAQ,1,19,348,758,False
WDWNPLLMFLKVPAQ,2,19,348,758,False
WDWNPLLMLLKLPAQ,1,39,164,242,False
WDWNPLLMLLKVPAQ,2,11,557,1905,False
WDWNPLLVFLKVPAQ,1,19,348,758,False
WDWNPLLVLLKVPAQ,1,19,348,758,False
WDWNPLLWQLKVPAQ,2,19,348,758,False
WDWNPLMLWLKVPAQ,1,165,80,105,False
WDWNPLMVWLKVPAQ,1,19,348,758,False
WDWNPLRRRKGPAQG,1,427,8,9,False
WDWNPLVEGVQMPGA,1,3135,1,1,True
WDWNPLVGQGQRAGA,1,27,28,43,False
WDWNPLWMWVKWPAQ,1,142,20,22,False
WDWNPLWWRGKSPGA,1,1361,2,2,False
WDWNPMFVLLKLPAQ,1,2865,8,8,False
WDWNPMLLFLKQPNQ,2,2,509,4610,False
WDWNPMLLFLKRPQQ,1,1900,36,36,False
WDWNPQFFLLKFPAQ,1,11,557,1905,False
WDWNPQGLCA*NGRR,1,3136,1,1,True
WDWNPQLLFLSWPQQ,1,7,629,1764,False
WDWNPQRIRGKGPAQ,1,954,6,6,False
WDWNPRGRRGKRPAQ,1,174,7,9,False
WDWNPRGVQHESAGA,1,3077,3,3,False
WDWNPRMQLGKGPAQ,1,3026,2,2,False
WDWNPRWWVLKLPAQ,1,600,6,7,False
WDWNPSFRRRKRPAQ,1,1891,5,5,False
WDWNPSRRMRKMPAQ,1,1891,5,5,False
WDWNPSVGVGQIAGA,8,27,28,43,True
WDWNPVGGGFKGAGA,1,3137,2,2,True
WDWNPVGGGGQSAGA,1,3137,2,2,False
WDWNPVGGLGQIAGA,1,27,28,43,False
WDWNPVLFRGKGPAQ,1,1894,10,10,False
WDWNPVLLFLKVPAQ,1,1894,10,10,False
WDWNPVRWVVKVPAQ,1,3134,2,2,False
WDWNPVVRVGEIAGA,3,27,28,43,False
WDWNPVVRVGEIPGA,1,27,28,43,False
WDWNPWLLFLKFPAQ,1,3,2229,22657,False
WDWNPWLLFLKGPAQ,2,3,2229,22657,False
WDWNPWLLFLKVPAQ,3,3,2229,22657,False
WDWNPWLLGLKVPAQ,2,165,80,105,False
WDWNPWLLLLKVPAQ,4,11,557,1905,False
WDWNPWLLMLKVPAQ,1,165,80,105,False
WDWNPWLLSLKVPAQ,3,165,80,105,False
WDWNPWLLWLKVPAQ,2,165,80,105,False
WDWNPWLVFLKLPAQ,3,3,2229,22657,False
WDWNPWLVFLKRPAQ,2,3,2229,22657,False
WDWNPWLVFLKVPAQ,1,3,2229,22657,False
WDWNPWLVLLKLPAQ,2,3,2229,22657,False
WDWNPWMGVLKLPAQ,1,165,80,105,False
WDWNPWMLFLKVPAQ,1,165,80,105,False
WDWNPWMLLLKVPAQ,1,165,80,105,False
WDWNPWMLWLKVPAQ,2,165,80,105,False
WDWNPWMVLLKLPAQ,1,2865,8,8,False
WDWNPWMVWLKVPAQ,2,165,80,105,False
WDWNPWVGLFKGPAQ,1,2713,5,5,False
WDWNPWVGVGEIAGA,1,27,28,43,False
WDWNPWVWGLKLPAQ,1,1897,4,4,False
WDWNPWWLWVKLPAQ,1,165,80,105,False
WDWNPWWVLCEKAGA,1,3138,1,1,True
WDWNPYFLLLKLPAQ,1,11,557,1905,False
WDWNPYLFLLKLPAQ,1,11,557,1905,False
WDWNPYLLFLKLPAQ,2,3,2229,22657,False
WDWNPYLLFLKQPKQ,2,0,1628,17219,False
WDWNPYLLFLQEPVQ,1,4,603,1344,False
WDWNPYLLFLRKPKQ,1,0,1628,17219,False
WDWNPYLLFLRLPQQ,1,7,629,1764,False
WDWNPYLLFLRQPAQ,1,2,509,4610,False
WDWNPYLLFLRQPKQ,2,0,1628,17219,False
WDWNPYLLFLRQPLQ,32,2,509,4610,False
WDWNPYLLFLRQPNQ,1,2,509,4610,False
WDWNPYLLFLRQPRQ,1,2,509,4610,False
WDWNPYLLFLRSPKQ,1,0,1628,17219,False
WDWNPYLLFLRTPQQ,1,7,629,1764,False
WDWNPYLLLLKFPAQ,1,11,557,1905,False
WDWNPYLLLLKLPAQ,1,11,557,1905,False
WDWNPYLLLLKVPAQ,2,11,557,1905,False
WDWNPYLLWLKVPAQ,1,11,557,1905,False
WDWNPYLVFLKLPAQ,1,3,2229,22657,False
WDWNPYLVFLKVPAQ,1,11,557,1905,False
WDWNPYMLFLKVPAQ,1,11,557,1905,False
WDWNPYMVLLKLPAQ,1,2865,8,8,False
WDWQPALLFLSKPKQ,1,92,43,48,False
WDWQPFLLFLGLPLQ,4,92,43,48,True
WDWQPFLLFLKQPKQ,2,92,43,48,False
WDWQPLLLFLQVPVQ,2,4,603,1344,False
WDWQPQLLFLVMPGQ,1,92,43,48,False
WDWQSGVGVEERAGA,1,2775,4,4,False
WDWRPGAAVSVRAVA,1,3139,1,1,True
WDWRPLLLFLQVPEQ,1,4,603,1344,False
WDWRPMLLFRGCRCR,1,210,4,5,False
WDWRPQLLFLVVPQQ,1,68,51,63,False
WDWRPRLLFLQWPEQ,1,73,128,146,False
WDWRPTLLFLYQPMQ,1,663,8,8,False
WDWRPWLLFLQWPGQ,1,56,210,255,False
WDWSPYLLFLKQPKQ,1,0,1628,17219,False
WDWSRSCCFCGGRRR,1,3140,1,1,True
WDWVAVAAVSVVAGP,1,13,36,58,False
WDWVPGLLFLQWPEQ,1,73,128,146,False
WDWVPGLLFLQWPKQ,1,73,128,146,False
WDWVPQLLFLKQPVQ,1,130,94,113,False
WDWVPVLLFLKKPKQ,1,0,1628,17219,False
WDWVPWLLFLQWPGQ,1,56,210,255,False
WDWVRCCCFWCCRGR,1,3055,2,2,False
WDWWPGLLFLQLPEQ,1,73,128,146,False
WDWWPGLLFLQWPLQ,1,73,128,146,False
WDWWPLLLFLLVPCR,1,2977,2,2,False
WDWWPLLLFLQLPVQ,1,4,603,1344,False
WDWWPLLLFLQWPVQ,1,4,603,1344,False
WDWWPLLLFLRVPKQ,1,469,21,23,False
WDWWPLRCF*TCRCR,1,3141,1,1,True
WDWWPVAAVSVGAGA,1,2558,2,2,False
WDWWPVAAVSVVAVA,1,2240,2,2,False
WDWWPVLLFLGWPGQ,1,73,128,146,False
WDWWPVLLFLQLPEQ,1,4,603,1344,False
WDWWPVLLFLQWPVQ,1,73,128,146,False
WDWWPVLLFLVCPQQ,1,60,17,24,False
WDWWPWLLFLAQPWQ,1,1,1197,10527,False
WDWWPWLLFLGLPGA,1,92,43,48,False
WDWWPWLLFLQWPVQ,1,56,210,255,False
WDWWPWLLFLQYPAQ,1,73,128,146,False
WDYDPLLLFLRSPQQ,1,7,629,1764,False
WDYGAAAAVSVPPGA,1,3142,1,1,True
WDYMPFLLFLAQPLQ,1,1,1197,10527,False
WDYNP*LLFLQFPPQ,1,86,30,39,False
WDYNPILLFLKKPKQ,1,0,1628,17219,False
WDYNPILLFLRQPNQ,7,1,1197,10527,False
WDYNPLLLFLFLPVQ,1,4,603,1344,False
WDYNPLLLFLQFPVQ,1,4,603,1344,False
WDYNPLLLFLRKPKQ,1,0,1628,17219,False
WDYNPLLLFLRSPQQ,3,7,629,1764,False
WDYNPMLLFLGRPQQ,3,6,143,456,False
WDYNPMLLFLKKPKQ,1,0,1628,17219,False
WDYNPMLLFLKMPYQ,1,0,1628,17219,False
WDYNPMLLFLMNPNQ,1,6,143,456,False
WDYNPMLLFLNIPQQ,2,6,143,456,False
WDYNPMLLFLRIPSQ,1,2233,10,10,False
WDYNPMLLFLRQPGQ,1,1,1197,10527,False
WDYNPMLLFLRQPPQ,44,1,1197,10527,False
WDYNPMLLFLRQPTQ,1,1,1197,10527,False
WDYNPMLLFLRQPWQ,1,1,1197,10527,False
WDYNPMLLFLRQPYQ,1,1,1197,10527,False
WDYNPMLLFLRSPKQ,1,0,1628,17219,False
WDYNPMLLFLSQPVQ,1,1,1197,10527,False
WDYNPMLLFLTQPNQ,1,2,509,4610,False
WDYNPMLLFLVQPKQ,1,0,1628,17219,False
WDYNPMLLFLYTPQQ,2,6,143,456,False
WDYNPWLLFLAQPRQ,1,1,1197,10527,False
WDYNPWLLFLAQPVQ,1,1,1197,10527,False
WDYNPWLLFLAQPWQ,6,1,1197,10527,False
WDYNPWLLFLGRPVQ,1,1374,15,15,False
WDYNPWLLFLIKPNQ,1,7,629,1764,False
WDYNPWLLFLKHPKQ,1,0,1628,17219,False
WDYNPWLLFLKKPKQ,3,0,1628,17219,False
WDYNPWLLFLKMPYQ,1,2861,10,10,False
WDYNPWLLFLKQPEQ,2,1,1197,10527,False
WDYNPWLLFLKQPKQ,1,0,1628,17219,False
WDYNPWLLFLKQPNQ,1,1,1197,10527,False
WDYNPWLLFLKQPRQ,1,1,1197,10527,False
WDYNPWLLFLKRPKQ,1,0,1628,17219,False
WDYNPWLLFLKVPAQ,1,3,2229,22657,False
WDYNPWLLFLMKPQQ,1,7,629,1764,False
WDYNPWLLFLQAPAQ,1,1,1197,10527,False
WDYNPWLLFLQLPSQ,1,1,1197,10527,False
WDYNPWLLFLQLPTQ,4,1,1197,10527,False
WDYNPWLLFLQRPLQ,1,9,239,562,False
WDYNPWLLFLRKPEQ,1,7,629,1764,False
WDYNPWLLFLRKPQQ,11,7,629,1764,False
WDYNPWLLFLRMPNQ,1,7,629,1764,False
WDYNPWLLFLRMPRQ,3,7,629,1764,False
WDYNPWLLFLRQPAQ,2,1,1197,10527,False
WDYNPWLLFLRQPEQ,1,1,1197,10527,False
WDYNPWLLFLRQPGQ,1,1,1197,10527,False
WDYNPWLLFLRQPKQ,1,1,1197,10527,False
WDYNPWLLFLRQPPQ,1,1,1197,10527,False
WDYNPWLLFLRQPQQ,92,1,1197,10527,False
WDYNPWLLFLRQPRQ,1,1,1197,10527,False
WDYNPWLLFLRQPVQ,1,1,1197,10527,False
WDYNPWLLFLRRPAQ,1,7,629,1764,False
WDYNPWLLFLRSPKQ,1,7,629,1764,False
WDYNPWLLFLRTPFQ,1,7,629,1764,False
WDYNPWLLFLRTPQQ,2,7,629,1764,False
WDYNPWLLFLSKPIQ,1,7,629,1764,False
WDYNPWLLFLSQPAQ,5,1,1197,10527,False
WDYNPWLLFLSQPKQ,1,1,1197,10527,False
WDYNPWLLFLSQPVQ,2,1,1197,10527,False
WDYNPWLLFLSRPGQ,1,1,1197,10527,False
WDYNPWLLFLSSPQQ,2,7,629,1764,False
WDYNPWLLFLTRPQQ,1,6,143,456,False
WDYNPWLLFLVQPPQ,1,1,1197,10527,False
WDYNPWLLFLVQPSQ,1,1,1197,10527,False
WDYNPWLLFLVVPLQ,1,1,1197,10527,False
WDYNPWLLFLWSPKQ,1,0,1628,17219,False
WDYNPYLLFLKKPKQ,2,0,1628,17219,False
WDYNPYLLFLKKPQQ,1,0,1628,17219,False
WDYNPYLLFLREPEQ,1,0,1628,17219,False
WDYNPYLLFLRIPSQ,1,12,343,758,False
WDYNPYLLFLRKPQQ,1,7,629,1764,False
WDYNPYLLFLRKPSQ,1,0,1628,17219,False
WDYNPYLLFLRNPKQ,2,0,1628,17219,False
WDYNPYLLFLRNPTQ,1,0,1628,17219,False
WDYNPYLLFLRRPAQ,1,0,1628,17219,False
WDYNPYLLFLRRPSQ,18,12,343,758,False
WDYNPYLLFLRSPKQ,1,0,1628,17219,False
WDYNPYLLFLRVPEQ,1,0,1628,17219,False
WDYNPYLLFLRVPRQ,1,0,1628,17219,False
WDYNPYLLFLSKPQQ,2,0,1628,17219,False
WDYQPLLLFLKWPRQ,1,1504,13,13,False
WDYQPLLLFLWRPVQ,1,315,13,15,False
WDYRPKLLFLRMPVQ,1,603,15,16,False
WDYRPPLLFLLWPRQ,1,1373,4,4,False
WDYSPLLLFLRQPYQ,1,1504,13,13,False
WDYVPQLLFLSTPQQ,1,3079,2,2,False
WDYVPTLLFLKQPVQ,2,130,94,113,False
WDYVPWLLFLQLPPQ,1,2637,8,8,False
WD_WPLLLFLGFPVQ,1,2987,5,5,False
WEAIR*AG*GKCRRR,1,3143,2,2,True
WEGIRACWWGNGRRR,1,3144,2,2,True
WEGIRGCGVERAGAG,1,3145,1,1,True
WEGIRRAGG*KCRRR,1,3143,2,2,False
WEGIRRGAGGNCRAQ,1,3146,1,1,True
WELESEGHEEQRAGA,1,3147,1,1,True
WEQQSDLRVLEIAGA,1,3148,1,1,True
WEWESGGGHVQMAGA,1,2470,2,2,False
WEYESGLLVVENAGA,1,3149,1,1,True
WGCESDGGGVESAGA,1,1385,5,5,False
WGCESGGEVGERAGA,1,1914,5,5,False
WGCESVDVGRQIAGA,1,569,2,3,False
WGCGAGAAVSVGAGA,1,21,32,45,False
WGCQSAQLHLQNPGA,2,623,2,3,True
WGCQSAVRRRESPGA,1,833,4,4,False
WGCQSAVVLVQRAGA,2,624,3,4,True
WGCQSDGVLEQRAGA,1,624,3,4,False
WGCQSGVRGLEKPGA,1,233,11,13,False
WGCRPDAAVSGDAAA,1,3150,1,1,True
WGCVPVAAVSVLAGA,1,166,6,8,False
WGFEAVAAVSVVPDP,1,3151,2,2,True
WGFESALGLVEIAGA,1,167,83,87,False
WGFESAVGHVEIAGA,1,167,83,87,False
WGFESGREEEESAGA,1,3152,1,1,True
WGFESGVGGGEIAGA,1,167,83,87,False
WGFESVDVLVQSAGA,1,3153,1,1,True
WGFESVGQRHQRPGA,1,3154,1,1,True
WGFESVVGDVEIAGA,1,167,83,87,False
WGFESVVGGVEIAGA,1,167,83,87,False
WGFESVVRGVERAGA,1,167,83,87,False
WGFGAGAAVSGVAGA,1,21,32,45,False
WGFLAVAAVSVVAGP,1,3151,2,2,False
WGFQSAVVVLEIAGA,1,234,7,8,False
WGFQSGLVVVEIPGA,1,388,8,9,False
WGFQSVGGVLQMAGA,1,3155,1,1,True
WGFQSVGVVVQIPGA,1,838,5,5,False
WGFQSVGWS**KCRR,1,3156,1,1,True
WGFQSVVGGVEMAGA,1,167,83,87,False
WGFVAVPAVSVVPVA,1,2490,2,2,False
WGLESAQEEEEKAGA,1,625,14,15,False
WGLESEGREVEKAGA,1,3058,3,3,False
WGLESEQRQEERAGA,1,625,14,15,False
WGLESGGVGLENAGA,1,3157,5,5,True
WGLESGGVQLERPGA,1,3157,5,5,False
WGLESGVRLGERAGA,1,3158,1,1,True
WGLESGVVGVEMAGA,1,3157,5,5,False
WGLESVGVGGENAGA,1,3157,5,5,False
WGLESVVGVVEIAGA,1,167,83,87,False
WGLQSAGVRGEKAGA,1,875,10,10,False
WGLVPVAAVSGVAGA,1,13,36,58,False
WGQESAEGEEERAGA,1,625,14,15,False
WGQESAGQVEERAGA,1,99,134,161,False
WGQESDGLLGESPGA,1,800,4,4,False
WGQESEGEEEEKAGA,1,99,134,161,False
WGQESEGEEEERAGA,1,99,134,161,False
WGQESEGEEVEKAGA,1,99,134,161,False
WGQESGGEEEEKAGA,1,99,134,161,False
WGQESGGVLEEMAGA,1,3157,5,5,False
WGQQSAGVLVEMAGA,1,624,3,4,False
WGQQSDGRVEERAGA,1,300,19,21,False
WGQQSEEGEEERAGA,1,99,134,161,False
WGQQSEEVQGENPGA,1,38,7,13,False
WGQQSEQVEEEKAGA,1,1428,2,2,False
WGRNPQRRRRKRPAQ,1,10,1116,1855,False
WGWDPEEDEEERAGA,1,3159,1,1,True
WGWESDGGEEESPGR,1,114,8,10,False
WGWESDQGEEERAGA,2,625,14,15,True
WGWESDQLDVQNAGA,1,3160,1,1,True
WGWESEVGGGERAGA,1,625,14,15,False
WGWESGEQQDEIPGA,1,3161,1,1,True
WGWESGGGGGERAGA,1,85,19,27,False
WGWESGRVLRESPGA,1,3162,1,1,True
WGWGAGAAVSGGAGA,1,169,27,30,False
WGWQSDVEHGERAGA,1,3163,1,1,True
WGWQSVLVRRESAGA,2,391,8,10,False
WGWRAVAAVSALPVA,1,3164,1,1,True
WGWVAGAAVSVVAGA,2,21,32,45,False
WGYESDLQHEESAGA,2,204,7,10,False
WGYESGRLRGQSAGA,1,3165,1,1,True
WGYESVGVVEQSAGA,1,75,37,44,False
WGYQSELLVVESPGA,1,390,8,9,False
WGYQSGLEVRESPGA,1,1447,2,2,False
WGYQSVEEEEEKAGA,1,881,9,9,False
WGYQSVRLRRQIPGA,1,3166,1,1,True
WI*IR*C*C*NCRRR,1,628,25,26,False
WI*IRCSGVESAGAG,1,3167,1,1,True
WI*IRFGGVQIPGAG,1,3168,1,1,True
WI*IRGGG**KCRRR,1,392,7,9,False
WI*IRPAGWAKGRRR,1,2971,5,5,False
WI*IRRGGWGKFPAQ,1,671,2,2,False
WI*IRSCWC*NCRRR,1,215,27,32,False
WI*IRSGG*GKGRRR,1,446,5,6,False
WIAIRCGASSNGRRR,2,626,2,3,True
WIAIRPSA*ANSRRR,1,580,3,4,False
WIAIRSASAANSRRR,1,2602,3,3,False
WIAIRSGGGGKGRRR,1,57,64,76,False
WIESVLVVVEMAGAG,1,3169,1,1,True
WIGGRGCCFCSCRSR,1,627,7,8,False
WIGIRACWG*KGRRR,1,3144,2,2,False
WIGIRGCCC*NCRRR,1,628,25,26,False
WIGIRGCGC*KCRRR,1,392,7,9,False
WIGIRRGACGNSRRR,1,1968,2,2,False
WIGIRRGGGAKARRR,1,151,5,7,False
WIPGRGCCFCCCRCR,2,627,7,8,True
WIQSGRRRQESPGAG,1,3170,1,1,True
WISIRCCCC*NCRRR,1,628,25,26,False
WISIRCCCG*KCRRR,1,628,25,26,False
WISIRCCWCANCRRR,1,628,25,26,False
WISIRCGSC*NSRRR,1,628,25,26,False
WISIRCWCG*NCRRR,1,628,25,26,False
WISIRGCSCGNARRR,1,3171,1,1,True
WISIRPSWWSKSRRR,1,3172,1,1,True
WISIRSCCC*NCRRR,1,628,25,26,False
WISIRWCCSGNSRRR,1,2603,2,2,False
WM*IRPAA*AKARRR,1,2508,2,2,False
WMAIRGWG*SKSRRR,1,1039,3,3,False
WMAIRWC*GGAGFWR,1,3173,1,1,True
WMCGRGCCFCCCRGR,1,627,7,8,False
WMGCRCCCFCTARGR,1,2507,4,4,False
WMGGRCCCFCCARCR,1,2946,3,3,False
WMGGRCCCFWTCRCR,1,3174,1,1,True
WMSIR*SGSAKSRRR,1,3175,2,2,True
WMSIRCCCC*NCRRR,2,628,25,26,True
WMSIRCSWGSNCRRR,1,628,25,26,False
WMSIRCWSC*NCRRR,1,628,25,26,False
WMTGRCCCFCGCRRR,1,2507,4,4,False
WQSGLGEVERAGAGF,1,3176,1,1,True
WRCESAGLHEEMAGA,1,1042,2,2,False
WRCESDLRRRESPGA,1,442,4,5,False
WRCQSVVRGGESPGA,1,3177,1,1,True
WRFESVLVGVQIPGA,1,838,5,5,False
WRFQSGGVDEQMAGA,1,2314,6,6,False
WRWGAVAAVSALAEP,1,2929,2,2,False
WRYQSGGRRRESPGA,1,3178,1,1,True
WV*IRGWCG*NCRRR,1,3179,1,1,True
WV*IRRSASGKSRRR,1,79,4,7,False
WVAIRAGGGGKSRRR,1,57,64,76,False
WVGIRGGGGGKGRRR,1,57,64,76,False
WVGIRRGAG*NCRRR,1,74,6,11,False
WVGIRSGGGNGRRRV,1,3180,1,1,True
WVRNPRVGRGKRPAQ,1,3181,1,1,True
WVSIRACCC*KSRRR,1,628,25,26,False
WVSIRWSGG*KSRRR,1,3175,2,2,False
YDANPFLLFLARPQQ,3,7,629,1764,False
YDANPFLLFLRRPYQ,1,7,629,1764,False
YDANPLLLFLKQPKQ,1,0,1628,17219,False
YDANPLLLFLLYPQQ,1,7,629,1764,False
YDANPLLLFLMKPQQ,1,7,629,1764,False
YDANPLLLFLRGPSQ,1,7,629,1764,False
YDANPLLLFLRWPQQ,2,7,629,1764,False
YDANPMLLFLAQPWQ,1,1,1197,10527,False
YDANPWLLFLGQPTQ,4,1,1197,10527,False
YDANPWLLFLGQPWQ,1,1,1197,10527,False
YDANPWLLFLHVPQQ,2,7,629,1764,False
YDANPWLLFLIKPKQ,1,7,629,1764,False
YDANPWLLFLKKPKQ,1,0,1628,17219,False
YDANPWLLFLKKPNQ,1,7,629,1764,False
YDANPWLLFLKRPKQ,3,9,239,562,False
YDANPWLLFLLKPQQ,1,7,629,1764,False
YDANPWLLFLLTPQQ,3,7,629,1764,False
YDANPWLLFLLWPVQ,1,7,629,1764,False
YDANPWLLFLNWPKQ,1,9,239,562,False
YDANPWLLFLQNPSQ,1,9,239,562,False
YDANPWLLFLQRPLQ,10,9,239,562,False
YDANPWLLFLQWPVQ,1,9,239,562,False
YDANPWLLFLRLPQQ,8,7,629,1764,False
YDANPWLLFLRMPNQ,1,7,629,1764,False
YDANPWLLFLRRPAQ,1,7,629,1764,False
YDANPWLLFLRRPNQ,1,7,629,1764,False
YDANPWLLFLRRPPQ,1,7,629,1764,False
YDANPWLLFLRRPQQ,1,7,629,1764,False
YDANPWLLFLRRPVQ,39,7,629,1764,False
YDANPWLLFLRRPYQ,1,7,629,1764,False
YDANPWLLFLRSPKQ,1,7,629,1764,False
YDANPWLLFLRSPQQ,1,7,629,1764,False
YDANPWLLFLSQPAQ,5,1,1197,10527,False
YDANPWLLFLTVPAQ,1,2,509,4610,False
YDANPWLLFLWWPVQ,1,7,629,1764,False
YDANPYLLFLAQPGQ,1,2,509,4610,False
YDANPYLLFLIKPKQ,1,0,1628,17219,False
YDANPYLLFLKKPKQ,1,0,1628,17219,False
YDANPYLLFLQAPWQ,1,2,509,4610,False
YDANPYLLFLRMPQQ,1,7,629,1764,False
YDANPYLLFLRQPMQ,2,2,509,4610,False
YDANPYLLFLSKPQQ,4,7,629,1764,False
YDANPYLLFLSQPMQ,1,2,509,4610,False
YDANPYLLFLSRPAQ,1,2,509,4610,False
YDANPYLLFLTQPKQ,1,2,509,4610,False
YDANPYLLFLWKPKQ,1,0,1628,17219,False
YDANPYLLFLWQPRQ,1,2,509,4610,False
YDAWPLLLFLQWPDQ,1,73,128,146,False
YDCVRACCFCGGRSR,1,3182,1,1,True
YDDNPYLLFLRQPKQ,1,2,509,4610,False
YDEFPWLLFLQLPVQ,1,4,603,1344,False
YDEKPSLLFLRTPKQ,1,328,19,21,False
YDENPYLLFLLRPQQ,1,1900,36,36,False
YDFNPWLLFLDQPPQ,1,1,1197,10527,False
YDFNPWLLFLGQPRQ,2,1,1197,10527,False
YDFNPWLLFLGQPSQ,1,1,1197,10527,False
YDFNPWLLFLKKPKQ,1,0,1628,17219,False
YDFNPWLLFLKQPTQ,1,3,2229,22657,False
YDFNPWLLFLQGPIQ,24,9,239,562,False
YDFNPWLLFLQRPLQ,1,9,239,562,False
YDFNPWLLFLRKPNQ,2,7,629,1764,False
YDFNPWLLFLRTPQQ,1,7,629,1764,False
YDFNPWLLFLRYPIQ,1,3,2229,22657,False
YDFNPWLLFLSMPRQ,1,3,2229,22657,False
YDFNPWLLFLSSPQQ,3,3,2229,22657,False
YDFNPYLLFLKKPKQ,1,0,1628,17219,False
YDFNPYLLFLKTPLQ,1,0,1628,17219,False
YDFNPYLLFLRSPRQ,4,12,343,758,False
YDFNPYLLFLRTPKQ,1,12,343,758,False
YDFNPYLLFLSRPQQ,4,2,509,4610,False
YDGEPKLLFLQWPAQ,1,3183,4,4,True
YDGLPLLLFLQLPSQ,1,221,41,45,False
YDGLPWLLFLQWPAQ,1,3183,4,4,False
YDGNPWLLFLMGPQQ,1,7,629,1764,False
YDGRPLLLFLQWPVQ,1,3183,4,4,False
YDGWPVLLFLTRPQQ,1,53,100,123,False
YDHNPWLLFLKQPNQ,4,2,509,4610,False
YDIGPMLLFLSVPQQ,1,2255,9,9,False
YDINP*LLFLRQPYQ,1,2,509,4610,False
YDINPCLLFLTQPRQ,1,2,509,4610,False
YDINPFLLFLRQPGQ,14,2,509,4610,False
YDINPFLLFLRQPKQ,1,2,509,4610,False
YDINPFLLFLRQPLQ,1,2,509,4610,False
YDINPFLLFLVRPTQ,2,2,509,4610,False
YDINPHLLFLSSPKQ,1,2,509,4610,False
YDINPLLLFLQLPVQ,1,4,603,1344,False
YDINPMLLFLWHPQQ,1,2,509,4610,False
YDINPWLLFLALPNQ,3,2,509,4610,False
YDINPWLLFLAQPGQ,1,1,1197,10527,False
YDINPWLLFLAQPWQ,3,1,1197,10527,False
YDINPWLLFLASPQQ,1,23,142,268,False
YDINPWLLFLQRPLQ,1,9,239,562,False
YDINPWLLFLRKPQQ,1,7,629,1764,False
YDINPWLLFLRMPRQ,1,2,509,4610,False
YDINPWLLFLRQPGQ,2,2,509,4610,False
YDINPWLLFLRQPPQ,2,2,509,4610,False
YDINPWLLFLRQPSQ,5,2,509,4610,False
YDINPWLLFLRRPSQ,1,9,239,562,False
YDINPWLLFLRSPQQ,1,7,629,1764,False
YDINPWLLFLSQPVQ,1,2,509,4610,False
YDINPWLLFLSRPQQ,1,9,239,562,False
YDINPWLLFLTFPTQ,1,2,509,4610,False
YDINPWLLFLTRPQQ,1,2,509,4610,False
YDINPWLLFLTVPAQ,1,2,509,4610,False
YDINPWLLFLVQPNQ,1,2,509,4610,False
YDINPWLLFPSRPSQ,1,9,239,562,False
YDINPYLLFLAQPKQ,1,2,509,4610,False
YDINPYLLFLAQPWQ,9,2,509,4610,False
YDINPYLLFLASPFQ,1,2,509,4610,False
YDINPYLLFLEKPQQ,1,2,509,4610,False
YDINPYLLFLEVPGQ,1,2,509,4610,False
YDINPYLLFLGVPQQ,1,2,509,4610,False
YDINPYLLFLINPQQ,1,2,509,4610,False
YDINPYLLFLIQPKQ,23,2,509,4610,False
YDINPYLLFLIQPPQ,1,2,509,4610,False
YDINPYLLFLIQPQQ,2,2,509,4610,False
YDINPYLLFLISPKQ,1,2,509,4610,False
YDINPYLLFLISPQQ,3,2,509,4610,False
YDINPYLLFLITPQQ,1,2,509,4610,False
YDINPYLLFLIYPGQ,1,2,509,4610,False
YDINPYLLFLKAPQQ,1,2,509,4610,False
YDINPYLLFLKIPNQ,1,2,509,4610,False
YDINPYLLFLKIPSQ,1,2,509,4610,False
YDINPYLLFLKKPKQ,57,0,1628,17219,False
YDINPYLLFLKKPNQ,2,2,509,4610,False
YDINPYLLFLKKPQQ,247,0,1628,17219,False
YDINPYLLFLKKPRQ,1,0,1628,17219,False
YDINPYLLFLKKPYQ,2,0,1628,17219,False
YDINPYLLFLKLPQQ,1,2,509,4610,False
YDINPYLLFLKMPKQ,1,0,1628,17219,False
YDINPYLLFLKMPYQ,1,2,509,4610,False
YDINPYLLFLKNPKQ,2,0,1628,17219,False
YDINPYLLFLKNPQQ,2,2,509,4610,False
YDINPYLLFLKQPGQ,1,2,509,4610,False
YDINPYLLFLKQPKQ,21,2,509,4610,False
YDINPYLLFLKQPNQ,2,2,509,4610,False
YDINPYLLFLKQPRQ,2,2,509,4610,False
YDINPYLLFLKRPKQ,1,0,1628,17219,False
YDINPYLLFLKSPKQ,2,0,1628,17219,False
YDINPYLLFLKTPLQ,1,2,509,4610,False
YDINPYLLFLLKPQQ,3,2,509,4610,False
YDINPYLLFLLLPAQ,1,2,509,4610,False
YDINPYLLFLLMPAQ,1,2,509,4610,False
YDINPYLLFLMMPQQ,1,2,509,4610,False
YDINPYLLFLMQPKQ,2,2,509,4610,False
YDINPYLLFLMQPNQ,1,2,509,4610,False
YDINPYLLFLNKPQQ,1,2,509,4610,False
YDINPYLLFLQHPPQ,1,2,509,4610,False
YDINPYLLFLQHPQQ,3,2,509,4610,False
YDINPYLLFLQKPKQ,1,0,1628,17219,False
YDINPYLLFLQLPAQ,2,2,509,4610,False
YDINPYLLFLQLPVQ,2,2,509,4610,False
YDINPYLLFLQWPLQ,1,2,509,4610,False
YDINPYLLFLQWPRQ,1,2,509,4610,False
YDINPYLLFLQWPSQ,1,2,509,4610,False
YDINPYLLFLQWPVQ,5,2,509,4610,False
YDINPYLLFLQYPIQ,8,2,509,4610,False
YDINPYLLFLQYPYQ,1,2,509,4610,False
YDINPYLLFLRGPWQ,1,2,509,4610,False
YDINPYLLFLRHPKQ,1,2,509,4610,False
YDINPYLLFLRIPKQ,1,2,509,4610,False
YDINPYLLFLRIPSQ,1,2,509,4610,False
YDINPYLLFLRKPKQ,5,0,1628,17219,False
YDINPYLLFLRKPQQ,56,2,509,4610,False
YDINPYLLFLRKPRQ,1,2,509,4610,False
YDINPYLLFLRKPSQ,2,2,509,4610,False
YDINPYLLFLRMPDQ,1,2,509,4610,False
YDINPYLLFLRMPNQ,2,2,509,4610,False
YDINPYLLFLRMPRQ,2,2,509,4610,False
YDINPYLLFLRNPKQ,13,2,509,4610,False
YDINPYLLFLRQPAQ,1,2,509,4610,False
YDINPYLLFLRQPKQ,2,2,509,4610,False
YDINPYLLFLRQPSQ,5,2,509,4610,False
YDINPYLLFLRQPVQ,2,2,509,4610,False
YDINPYLLFLRQPWQ,1,2,509,4610,False
YDINPYLLFLRQPYQ,4,2,509,4610,False
YDINPYLLFLRRPKQ,1,2,509,4610,False
YDINPYLLFLRRPNQ,1,2,509,4610,False
YDINPYLLFLRSPFQ,1,2,509,4610,False
YDINPYLLFLRSPKQ,3,2,509,4610,False
YDINPYLLFLRSPRQ,1,2,509,4610,False
YDINPYLLFLRSPYQ,5,2,509,4610,False
YDINPYLLFLRTPFQ,1,2,509,4610,False
YDINPYLLFLRVPAQ,1,2,509,4610,False
YDINPYLLFLRVPKQ,1,2,509,4610,False
YDINPYLLFLRVPVQ,1,2,509,4610,False
YDINPYLLFLRVPWQ,1,2,509,4610,False
YDINPYLLFLRYPNQ,1,2,509,4610,False
YDINPYLLFLRYPYQ,1,2,509,4610,False
YDINPYLLFLSGPVQ,3,2,509,4610,False
YDINPYLLFLSKPQQ,2,2,509,4610,False
YDINPYLLFLSLPMQ,1,2,509,4610,False
YDINPYLLFLSNPQQ,1,2,509,4610,False
YDINPYLLFLSQPAQ,2,2,509,4610,False
YDINPYLLFLSQPKQ,4,2,509,4610,False
YDINPYLLFLSQPNQ,1,2,509,4610,False
YDINPYLLFLSQPRQ,9,2,509,4610,False
YDINPYLLFLSQPSQ,1,2,509,4610,False
YDINPYLLFLSQPVQ,1,2,509,4610,False
YDINPYLLFLSRPQQ,1,2,509,4610,False
YDINPYLLFLSTPQQ,2,2,509,4610,False
YDINPYLLFLTGPQQ,1,2,509,4610,False
YDINPYLLFLTKPIQ,1,2,509,4610,False
YDINPYLLFLTKPKQ,2,2,509,4610,False
YDINPYLLFLTMPKQ,1,2,509,4610,False
YDINPYLLFLTQPDQ,4,2,509,4610,False
YDINPYLLFLTQPEQ,1,2,509,4610,False
YDINPYLLFLTQPGQ,1,2,509,4610,False
YDINPYLLFLTQPIQ,2,2,509,4610,False
YDINPYLLFLTQPKQ,47,2,509,4610,False
YDINPYLLFLTQPNQ,1931,2,509,4610,True
YDINPYLLFLTQPPQ,3,2,509,4610,False
YDINPYLLFLTQPQQ,3,2,509,4610,False
YDINPYLLFLTQPRQ,12,2,509,4610,False
YDINPYLLFLTQPSQ,19,2,509,4610,False
YDINPYLLFLTQPTQ,6,2,509,4610,False
YDINPYLLFLTQPVQ,4,2,509,4610,False
YDINPYLLFLTQPWQ,6,2,509,4610,False
YDINPYLLFLTQPYQ,6,2,509,4610,False
YDINPYLLFLTRPQQ,1,2,509,4610,False
YDINPYLLFLTYPNQ,1,2,509,4610,False
YDINPYLLFLTYPYQ,1,2,509,4610,False
YDINPYLLFLVKPQQ,1,2,509,4610,False
YDINPYLLFLVQPPQ,1,2,509,4610,False
YDINPYLLFLWKPKQ,2,0,1628,17219,False
YDINPYLLFLWRPEQ,1,2,509,4610,False
YDINPYLLFLWRPKQ,2,2,509,4610,False
YDINPYLLFLWRPQQ,20,2,509,4610,False
YDINPYLLFLWRPWQ,1,2,509,4610,False
YDINPYLLFLYNPSQ,1,2,509,4610,False
YDINPYLLFLYQPDQ,1,2,509,4610,False
YDINPYLLFLYSPEQ,1,2,509,4610,False
YDINPYLLFPTQPNQ,1,2,509,4610,False
YDIQPWQGSGAETVE,1,1245,4,4,False
YDITPKLLFLTQPNQ,1,2,509,4610,False
YDKDPSLLFLGCPRQ,1,3184,1,1,True
YDKMRTCCFCACRTR,4,93,1,4,True
YDKQPSLLFLQQPNQ,1,2,509,4610,False
YDKRPNLCFCRTRAR,1,3185,1,1,True
YDKVPLLLFLQCPQQ,1,119,11,13,False
YDLGPLLLFLQWPVQ,1,3067,9,9,False
YDLLPMLLFLQLPAQ,1,1595,8,8,False
YDLNPFLLFLWQPVQ,1,2,509,4610,False
YDLNPLLLFLRQPRQ,1,2,509,4610,False
YDLNPLLLFLVRPQQ,1,9,239,562,False
YDLNPWLLFLAQPVQ,1,1,1197,10527,False
YDLNPWLLFLRSPQQ,1,7,629,1764,False
YDLNPYLLFLKIPKQ,1,0,1628,17219,False
YDLNPYLLFLKQPYQ,1,2,509,4610,False
YDLNPYLLFLQQPRQ,1,2,509,4610,False
YDLNPYLLFLRQPKQ,23,2,509,4610,False
YDLNPYLLFLSQPKQ,1,2,509,4610,False
YDLNPYLLFLSQPVQ,1,2,509,4610,False
YDLVAAPAVSAVAGA,1,3186,1,1,True
YDLVPYLLFLQWPAQ,1,3183,4,4,False
YDLWPLLLFLQLPVQ,1,4,603,1344,False
YDMNPFLLFLRQPYQ,1,2,509,4610,False
YDMNPLLLFLRRPAQ,1,9,239,562,False
YDMNPMLLFLRQPKQ,1,9,239,562,False
YDMNPMLLFLRWPQQ,2,54,100,139,False
YDMNPWLLFLNNPQQ,1,9,239,562,False
YDMNPWLLFLQMPAQ,1,9,239,562,False
YDMNPWLLFLQRPKQ,55,9,239,562,True
YDMNPWLLFLQRPTQ,1,9,239,562,False
YDMNPWLLFLRMPRQ,1,9,239,562,False
YDMNPWLLFLRNPKQ,1,9,239,562,False
YDMNPWLLFLSTPQQ,1,9,239,562,False
YDMNPYLLFLAQPKQ,1,2,509,4610,False
YDMNPYLLFLGTPQQ,1,658,8,8,False
YDMNPYLLFLKQPTQ,1,2,509,4610,False
YDMNPYLLFLSRPQQ,6,9,239,562,False
YDMNPYLLFLTQPNQ,1,2,509,4610,False
YDNNPWLLFLRQPKQ,2,9,239,562,False
YDNNPWLLFLRQPNQ,2,2,509,4610,False
YDNNPWLLFLSQPRQ,1,1,1197,10527,False
YDNNPWLLFLVQPDQ,1,1,1197,10527,False
YDNNPWLLFLWQPTQ,2,1,1197,10527,False
YDNNPYLLFLKQPKQ,1,0,1628,17219,False
YDNNPYLLFLRQPYQ,14,2,509,4610,False
YDNQPSLLFLRNPDQ,1,331,9,11,False
YDNSPKLLFCAGRSR,1,457,3,4,False
YDNTAEAAVF*RSRG,1,3187,1,1,True
YDQNPWLLFLKQPGQ,1,1,1197,10527,False
YDQNPWLLFLKQPRQ,3,1,1197,10527,False
YDQNPWLLFLKQPWQ,1,1,1197,10527,False
YDQNPWLLFLQGPWQ,1,9,239,562,False
YDQNPWLLFLSKPAQ,1,3,2229,22657,False
YDQNPYLLFLKQPKQ,1,0,1628,17219,False
YDQNPYLLFLRHPQQ,1,2597,3,3,False
YDQNPYLLFLRKPKQ,1,0,1628,17219,False
YDQNPYLLFLRNPQQ,1,2,509,4610,False
YDQNPYLLFLRQPKQ,1,2,509,4610,False
YDQNPYLLFLRRPTQ,1,2,509,4610,False
YDQPPWLLFLAQPVQ,1,1,1197,10527,False
YDQRPWLLFLARPVQ,1,9,239,562,False
YDQRPWLLFLQLPVQ,1,4,603,1344,False
YDQWPSLLFLVLPHQ,2,227,22,26,False
YDRGPRLAVSGHAGA,1,3188,1,1,True
YDRNPLLLFLRWPSQ,1,54,100,139,False
YDRNPMLLFLKKPKQ,1,0,1628,17219,False
YDRNPWLLFLLQPGQ,1,1,1197,10527,False
YDRNPWLLFLQLPVQ,1,4,603,1344,False
YDRNPWLLFLRQPPQ,1,1,1197,10527,False
YDRNPWLLFLSQPAQ,37,1,1197,10527,False
YDRNPWLLFLSQPPQ,1,1,1197,10527,False
YDRNPWLLFLSQPQQ,1,1,1197,10527,False
YDRNPWLLFLSQPVQ,3,1,1197,10527,False
YDRNPWLLFLTQPNQ,1,2,509,4610,False
YDRNPWLLFLWRPQQ,1,9,239,562,False
YDRNPWLLFLYQPGQ,6,1,1197,10527,False
YDRNPYLLFLSQPKQ,1,2,509,4610,False
YDRNPYLLFLSQPRQ,2,2,509,4610,False
YDRRPTAVSVLAGAG,1,3189,1,1,True
YDRRPVLLFLVCRAR,1,3190,1,1,True
YDSEPQLLFLLHPVQ,1,584,26,30,False
YDSLPLLLFLQLPMQ,1,4,603,1344,False
YDSNPFLLFLAKPQQ,1,7,629,1764,False
YDSNPFLLFLRQPYQ,1,2,509,4610,False
YDSNPILLFLRQPLQ,2,2,509,4610,False
YDSNPMLLFLQSPVQ,1,4,603,1344,False
YDSNPMLLFLRQPRQ,1,2,509,4610,False
YDSNPTLLFLWQPKQ,1,2,509,4610,False
YDSNPWLLFLAQPFQ,1,1,1197,10527,False
YDSNPWLLFLAQPQQ,2,1,1197,10527,False
YDSNPWLLFLAQPWQ,6,1,1197,10527,False
YDSNPWLLFLAQPYQ,1,1,1197,10527,False
YDSNPWLLFLGQPVQ,1,1,1197,10527,False
YDSNPWLLFLHKPEQ,1,7,629,1764,False
YDSNPWLLFLISPTQ,1,23,142,268,False
YDSNPWLLFLKHPHQ,1,3,2229,22657,False
YDSNPWLLFLKIPSQ,2,3,2229,22657,False
YDSNPWLLFLKKPQQ,1,7,629,1764,False
YDSNPWLLFLKKPTQ,1,0,1628,17219,False
YDSNPWLLFLKNPQQ,1,3,2229,22657,False
YDSNPWLLFLKQPKQ,5,9,239,562,False
YDSNPWLLFLKQPNQ,2,2,509,4610,False
YDSNPWLLFLKQPRQ,2,1,1197,10527,False
YDSNPWLLFLLHPQQ,1,7,629,1764,False
YDSNPWLLFLMQPTQ,1,1,1197,10527,False
YDSNPWLLFLMRPQQ,1,9,239,562,False
YDSNPWLLFLNLPQQ,1,3,2229,22657,False
YDSNPWLLFLQFPPQ,1,9,239,562,False
YDSNPWLLFLQKPKQ,1,9,239,562,False
YDSNPWLLFLQLPAQ,1,3,2229,22657,False
YDSNPWLLFLQLPGQ,2,9,239,562,False
YDSNPWLLFLQLPQQ,6,9,239,562,False
YDSNPWLLFLQRPKQ,1,9,239,562,False
YDSNPWLLFLQRPRQ,42,9,239,562,False
YDSNPWLLFLQSPAQ,1,9,239,562,False
YDSNPWLLFLQVPKQ,1,9,239,562,False
YDSNPWLLFLQVPQQ,13,9,239,562,False
YDSNPWLLFLRGPSQ,2,7,629,1764,False
YDSNPWLLFLRIPQQ,1,7,629,1764,False
YDSNPWLLFLRKPQQ,1,7,629,1764,False
YDSNPWLLFLRLPMQ,1,3,2229,22657,False
YDSNPWLLFLRMPGQ,1,7,629,1764,False
YDSNPWLLFLRMPNQ,3,2,509,4610,False
YDSNPWLLFLRMPRQ,2,7,629,1764,False
YDSNPWLLFLRQPAQ,2,1,1197,10527,False
YDSNPWLLFLRQPGQ,1,1,1197,10527,False
YDSNPWLLFLRQPIQ,1,1,1197,10527,False
YDSNPWLLFLRQPKQ,2,9,239,562,False
YDSNPWLLFLRQPMQ,2,1,1197,10527,False
YDSNPWLLFLRQPNQ,3,2,509,4610,False
YDSNPWLLFLRQPQQ,1,7,629,1764,False
YDSNPWLLFLRQPRQ,3,1,1197,10527,False
YDSNPWLLFLRQPSQ,371,1,1197,10527,False
YDSNPWLLFLRQPTQ,1,1,1197,10527,False
YDSNPWLLFLRQPVQ,2,130,94,113,False
YDSNPWLLFLRQPWQ,1,1,1197,10527,False
YDSNPWLLFLRQPYQ,1,1,1197,10527,False
YDSNPWLLFLRSPKQ,1,9,239,562,False
YDSNPWLLFLRSPRQ,1,7,629,1764,False
YDSNPWLLFLRTPFQ,1,7,629,1764,False
YDSNPWLLFLRTPQQ,2,7,629,1764,False
YDSNPWLLFLRVPKQ,1,9,239,562,False
YDSNPWLLFLSQPRQ,1,1,1197,10527,False
YDSNPWLLFLSQPVQ,6,1,1197,10527,False
YDSNPWLLFLSRPRQ,2,9,239,562,False
YDSNPWLLFLTQPNQ,1,2,509,4610,False
YDSNPWLLFLTRPQQ,1,9,239,562,False
YDSNPWLLFLTSPQQ,1,2431,7,7,False
YDSNPWLLSLRQPSQ,1,3191,2,2,True
YDSNPYLLFLKHPQQ,3,0,1628,17219,False
YDSNPYLLFLKKPKQ,5,0,1628,17219,False
YDSNPYLLFLKQPKQ,3,0,1628,17219,False
YDSNPYLLFLKQPRQ,7,2,509,4610,False
YDSNPYLLFLKRPTQ,1,0,1628,17219,False
YDSNPYLLFLKYPQQ,7,0,1628,17219,False
YDSNPYLLFLMMPQQ,1,2,509,4610,False
YDSNPYLLFLNLPQQ,2,2,509,4610,False
YDSNPYLLFLNQPKQ,2,2,509,4610,False
YDSNPYLLFLQLPLQ,2,2,509,4610,False
YDSNPYLLFLQYPMQ,3,2,509,4610,False
YDSNPYLLFLRKPKQ,1,0,1628,17219,False
YDSNPYLLFLRKPQQ,1,7,629,1764,False
YDSNPYLLFLRNPKQ,1,0,1628,17219,False
YDSNPYLLFLRQPKQ,1,2,509,4610,False
YDSNPYLLFLRQPVQ,27,2,509,4610,False
YDSNPYLLFLRQPYQ,1,2,509,4610,False
YDSNPYLLFLSQPAQ,1,2,509,4610,False
YDSNPYLLFLTQPNQ,2,2,509,4610,False
YDSRPSLLFLSSRPR,1,3192,1,1,True
YDSVPFLLFLWQPVQ,1,130,94,113,False
YDSVPGLLFLWVPKQ,1,648,4,4,False
YDTNPWLLFLAQPSQ,1,1,1197,10527,False
YDTNPWLLFLRQPAQ,2,1,1197,10527,False
YDTNPWLLFLVQPVQ,3,1,1197,10527,False
YDTNPYLLFLKKPKQ,1,0,1628,17219,False
YDTNPYLLFLKQPKQ,1,0,1628,17219,False
YDTNPYLLFLLQPKQ,1,2,509,4610,False
YDTNPYLLFLQLPMQ,2,2,509,4610,False
YDTNPYLLFLQLPVQ,1,4,603,1344,False
YDTNPYLLFLRKPKQ,1,0,1628,17219,False
YDTNPYLLFLRNPRQ,1,2,509,4610,False
YDTNPYLLFLRQPAQ,12,2,509,4610,False
YDTNPYLLFLRQPKQ,5,2,509,4610,False
YDTNPYLLFLRQPNQ,1,2,509,4610,False
YDTNPYLLFLSQPKQ,2,2,509,4610,False
YDTNPYLLFLSQPNQ,1,2,509,4610,False
YDTNPYLLFLSQPTQ,1,2,509,4610,False
YDTNPYLLFLTQPNQ,1,2,509,4610,False
YDTSPQLLFLKKPNQ,1,317,4,5,False
YDTVAVAAVSDPPGA,1,3193,1,1,True
YDVLPFLLFLRQPMQ,1,663,8,8,False
YDVLPLLLFLLQPGQ,1,518,22,24,False
YDVNPFLLFLRKPKQ,1,0,1628,17219,False
YDVNPFLLFLRQPGQ,1,2,509,4610,False
YDVNPLLLFLKQPMQ,2,2,509,4610,False
YDVNPLLLFLKQPWQ,1,1,1197,10527,False
YDVNPLLLFLRQPEQ,2,2,509,4610,False
YDVNPLLLFLRQPKQ,1,2,509,4610,False
YDVNPMLLFLRQPNQ,4,2,509,4610,False
YDVNPMLLFLSRPQQ,1,6,143,456,False
YDVNPQLLFLWLPAQ,2,3,2229,22657,False
YDVNPWLLFLAVPAQ,1,1,1197,10527,False
YDVNPWLLFLHNPRQ,1,1573,36,36,False
YDVNPWLLFLKKPKQ,1,0,1628,17219,False
YDVNPWLLFLKWPQQ,1,3,2229,22657,False
YDVNPWLLFLMEPNQ,1,1573,36,36,False
YDVNPWLLFLQLPDQ,1,9,239,562,False
YDVNPWLLFLQLPGQ,1,9,239,562,False
YDVNPWLLFLQLPVQ,42,4,603,1344,False
YDVNPWLLFLQPPGQ,1,9,239,562,False
YDVNPWLLFLQVPLQ,5,9,239,562,False
YDVNPWLLFLQWPSQ,1,9,239,562,False
YDVNPWLLFLQWPVQ,1,9,239,562,False
YDVNPWLLFLRMPQQ,22,7,629,1764,False
YDVNPWLLFLRRPTQ,6,9,239,562,False
YDVNPWLLFLRTPFQ,1,7,629,1764,False
YDVNPWLLFLSIPTQ,1,9,239,562,False
YDVNPWLLFLSQPIQ,1,1,1197,10527,False
YDVNPWLLFLSQPWQ,1,1,1197,10527,False
YDVNPWLLFLWLPVQ,1,3,2229,22657,False
YDVNPWLLFLYQPDQ,2,1,1197,10527,False
YDVNPWLLFLYRPQQ,1,9,239,562,False
YDVNPYLLFLAQPDQ,1,2,509,4610,False
YDVNPYLLFLAQPWQ,5,1,1197,10527,False
YDVNPYLLFLIKPQQ,1,0,1628,17219,False
YDVNPYLLFLIMPQQ,1,2,509,4610,False
YDVNPYLLFLKKPKQ,16,0,1628,17219,False
YDVNPYLLFLKKPQQ,3,0,1628,17219,False
YDVNPYLLFLKKPSQ,1,0,1628,17219,False
YDVNPYLLFLKQPEQ,1,2,509,4610,False
YDVNPYLLFLKQPKQ,17,0,1628,17219,False
YDVNPYLLFLKQPNQ,2,2,509,4610,False
YDVNPYLLFLKQPPQ,2,2,509,4610,False
YDVNPYLLFLKQPWQ,1,2,509,4610,False
YDVNPYLLFLKQPYQ,1,2,509,4610,False
YDVNPYLLFLLKPKQ,1,0,1628,17219,False
YDVNPYLLFLLKPQQ,3,0,1628,17219,False
YDVNPYLLFLLQPRQ,1,2,509,4610,False
YDVNPYLLFLNKPRQ,1,0,1628,17219,False
YDVNPYLLFLPQPRQ,1,2,509,4610,False
YDVNPYLLFLPRPKQ,1,9,239,562,False
YDVNPYLLFLQFPPQ,1,15,198,343,False
YDVNPYLLFLQLPVQ,22,4,603,1344,False
YDVNPYLLFLQRPIQ,1,9,239,562,False
YDVNPYLLFLQRPKQ,1,9,239,562,False
YDVNPYLLFLQWPVQ,2,15,198,343,False
YDVNPYLLFLQYPIQ,2,15,198,343,False
YDVNPYLLFLRDPKQ,2,0,1628,17219,False
YDVNPYLLFLRHPPQ,1,2,509,4610,False
YDVNPYLLFLRKPHQ,1,0,1628,17219,False
YDVNPYLLFLRKPKQ,2,0,1628,17219,False
YDVNPYLLFLRKPQQ,3,7,629,1764,False
YDVNPYLLFLRKPRQ,1,0,1628,17219,False
YDVNPYLLFLRMPAQ,1,12,343,758,False
YDVNPYLLFLRMPNQ,1,2,509,4610,False
YDVNPYLLFLRMPSQ,1,12,343,758,False
YDVNPYLLFLRNPKQ,4,0,1628,17219,False
YDVNPYLLFLRNPQQ,1,2,509,4610,False
YDVNPYLLFLRQPAQ,8,2,509,4610,False
YDVNPYLLFLRQPKQ,1,2,509,4610,False
YDVNPYLLFLRQPSQ,2,2,509,4610,False
YDVNPYLLFLRRPQQ,20,2,509,4610,False
YDVNPYLLFLRSPKQ,3,0,1628,17219,False
YDVNPYLLFLRYPYQ,1,15,198,343,False
YDVNPYLLFLSQPAQ,3,2,509,4610,False
YDVNPYLLFLSQPEQ,1,2,509,4610,False
YDVNPYLLFLSQPGQ,2,2,509,4610,False
YDVNPYLLFLSQPIQ,2,2,509,4610,False
YDVNPYLLFLSQPKQ,37,2,509,4610,False
YDVNPYLLFLSQPLQ,1,2,509,4610,False
YDVNPYLLFLSQPMQ,1,2,509,4610,False
YDVNPYLLFLSQPNQ,21,2,509,4610,False
YDVNPYLLFLSQPPQ,1,2,509,4610,False
YDVNPYLLFLSQPQQ,2,2,509,4610,False
YDVNPYLLFLSQPRQ,622,2,509,4610,False
YDVNPYLLFLSQPSQ,10,2,509,4610,False
YDVNPYLLFLSQPTQ,4,2,509,4610,False
YDVNPYLLFLSQPVQ,5,2,509,4610,False
YDVNPYLLFLSQPWQ,13,2,509,4610,False
YDVNPYLLFLSRPQQ,5,2,509,4610,False
YDVNPYLLFLSRPSQ,1,2,509,4610,False
YDVNPYLLFLSYPEQ,1,2,509,4610,False
YDVNPYLLFLSYPKQ,1,1599,7,7,False
YDVNPYLLFLTQPNQ,11,2,509,4610,False
YDVNPYLLFLVLAGA,1,3194,1,1,True
YDVNPYLLFLWGPKQ,1,0,1628,17219,False
YDVNPYLLFLWKPKQ,1,0,1628,17219,False
YDVNPYLLFLWRPQQ,1,1900,36,36,False
YDVNPYLLFLWWPGQ,1,15,198,343,False
YDVNPYLLFLYRPQQ,1,1900,36,36,False
YDVNTYLLFLSQPKQ,1,1522,14,14,False
YDVNTYLLFLSQPRQ,1,1522,14,14,False
YDVRPLLLFLQLPLQ,1,4,603,1344,False
YDVWPLRCFWSGRCR,1,207,2,3,False
YDWNPLLLFLRQPAQ,1,2,509,4610,False
YDWNPWLLFLGQPQQ,1,1,1197,10527,False
YDWNPWLLFLKKPKQ,1,0,1628,17219,False
YDWNPWLLFLKQPAQ,1,3,2229,22657,False
YDWNPWLLFLKQPGQ,17,1,1197,10527,False
YDWNPWLLFLKQPVQ,1,130,94,113,False
YDWNPWLLFLKVPYQ,1,2234,7,7,False
YDWNPWLLFLMQPRQ,1,1,1197,10527,False
YDWNPWLLFLSQPVQ,2,130,94,113,False
YDWNPYLLFLKQPKQ,1,0,1628,17219,False
YDWNPYLLFLKSPWQ,1,0,1628,17219,False
YDWNPYLLFLRIPQQ,3,2,509,4610,False
YDWNPYLLFLRKPKQ,1,0,1628,17219,False
YDWNPYLLFLRQPKQ,2,2,509,4610,False
YDWVPLLLFLQVPQQ,1,4,603,1344,False
YDWWPGLLFLQWPPQ,1,73,128,146,False
YDYNP*LLFLCKPAQ,1,0,1628,17219,False
YDYNP*LLFLKLPQQ,1,0,1628,17219,False
YDYNP*LLFLRKPQQ,1,7,629,1764,False
YDYNP*LLFLRMPRQ,1,6,143,456,False
YDYNP*LLFLRQPEA,1,3195,10,10,True
YDYNP*LLFLRQPGQ,1,3195,10,10,False
YDYNP*LLFLRQPKQ,1,3195,10,10,False
YDYNP*LLFLRQPPQ,1,3195,10,10,False
YDYNP*LLFLRQPQQ,3,1,1197,10527,False
YDYNP*LLFLRQPRQ,1,3195,10,10,False
YDYNP*LLFLRQPSQ,1,3195,10,10,False
YDYNP*LLFLRQPYQ,170,1,1197,10527,False
YDYNP*LLFLRTPQQ,1,3195,10,10,False
YDYNP*LLFLWQPKQ,1,3195,10,10,False
YDYNP*LLFLWQPSQ,1,3195,10,10,False
YDYNPFLLFLRTPQQ,1,7,629,1764,False
YDYNPLLLFLKHPGQ,2,0,1628,17219,False
YDYNPLLLFLKIPSQ,2,0,1628,17219,False
YDYNPLLLFLKNPTQ,1,0,1628,17219,False
YDYNPLLLFLQWPLQ,1,4,603,1344,False
YDYNPLLLFLQWPVQ,1,4,603,1344,False
YDYNPLLLFLRIPQQ,1,7,629,1764,False
YDYNPLLLFLRKPFQ,1,0,1628,17219,False
YDYNPLLLFLRKPKQ,167,0,1628,17219,False
YDYNPLLLFLRKPNQ,2,0,1628,17219,False
YDYNPLLLFLRKPQQ,4,7,629,1764,False
YDYNPLLLFLRKPSQ,1,0,1628,17219,False
YDYNPLLLFLRKPTQ,1,0,1628,17219,False
YDYNPLLLFLRKPYQ,1,0,1628,17219,False
YDYNPLLLFLRNPKQ,1,0,1628,17219,False
YDYNPLLLFLRSPKQ,2,0,1628,17219,False
YDYNPLLLFLRSPRQ,1,1504,13,13,False
YDYNPLLLFLSQPMQ,1,1,1197,10527,False
YDYNPLLLFLTQPNQ,1,2,509,4610,False
YDYNPLLLFLYQPAQ,1,1,1197,10527,False
YDYNPMLLFLKQPKQ,5,0,1628,17219,False
YDYNPMLLFLMQPAQ,1,1,1197,10527,False
YDYNPMLLFLRQPKQ,1,3195,10,10,False
YDYNPTLLFLRKPKQ,1,0,1628,17219,False
YDYNPWLLFLAQPWQ,6,1,1197,10527,False
YDYNPWLLFLISPKQ,1,9,239,562,False
YDYNPWLLFLKKPKQ,1,0,1628,17219,False
YDYNPWLLFLKMPQQ,1,0,1628,17219,False
YDYNPWLLFLKVPQQ,1,0,1628,17219,False
YDYNPWLLFLKVPYQ,1,2234,7,7,False
YDYNPWLLFLMQPVQ,2,1,1197,10527,False
YDYNPWLLFLQHPDQ,1,9,239,562,False
YDYNPWLLFLQWPLQ,1,9,239,562,False
YDYNPWLLFLRKPQQ,2,7,629,1764,False
YDYNPWLLFLRLPVQ,1,1,1197,10527,False
YDYNPWLLFLRMPGQ,1,1,1197,10527,False
YDYNPWLLFLRMPNQ,1,1,1197,10527,False
YDYNPWLLFLRMPRQ,3,1,1197,10527,False
YDYNPWLLFLRQPAQ,1,1,1197,10527,False
YDYNPWLLFLRQPKQ,1,1,1197,10527,False
YDYNPWLLFLRQPNQ,2,1,1197,10527,False
YDYNPWLLFLRQPRQ,1,1,1197,10527,False
YDYNPWLLFLRQPTQ,128,1,1197,10527,False
YDYNPWLLFLRTPFQ,1,1,1197,10527,False
YDYNPWLLFLRTPQQ,1,7,629,1764,False
YDYNPWLLFLRVPQQ,1,7,629,1764,False
YDYNPWLLFLRYPIQ,1,1,1197,10527,False
YDYNPWLLFLSMPQQ,1,1,1197,10527,False
YDYNPWLLFLSQPDQ,52,1,1197,10527,False
YDYNPWLLFLSQPKQ,1,1,1197,10527,False
YDYNPWLLFLSQPRQ,1,1,1197,10527,False
YDYNPWLLFLSQPVQ,3,1,1197,10527,False
YDYNPWLLFLSQPWQ,1,1,1197,10527,False
YDYNPWLLFLSTPQQ,2,1,1197,10527,False
YDYNPWLLFLSYPIQ,1,1,1197,10527,False
YDYNPWLLFLTRPQQ,4,6,143,456,False
YDYNPWLLFLVLPLQ,1,1,1197,10527,False
YDYNPWLLFLVQPAQ,1,1,1197,10527,False
YDYNPWLLFLVQPMQ,2,1,1197,10527,False
YDYNPWLLFLVQPPQ,1,1,1197,10527,False
YDYNPWLLFLVSPWQ,3,1,1197,10527,False
YDYNPYLLFLIQPKQ,1,0,1628,17219,False
YDYNPYLLFLKIPSQ,1,0,1628,17219,False
YDYNPYLLFLKKPKQ,22,0,1628,17219,False
YDYNPYLLFLKNPSQ,2,0,1628,17219,False
YDYNPYLLFLKQPEQ,1,0,1628,17219,False
YDYNPYLLFLKQPKQ,5,0,1628,17219,False
YDYNPYLLFLKSPQQ,2,0,1628,17219,False
YDYNPYLLFLLQPNQ,1,2,509,4610,False
YDYNPYLLFLMMPQQ,2,0,1628,17219,False
YDYNPYLLFLQLPVQ,1,4,603,1344,False
YDYNPYLLFLQRPLQ,1,9,239,562,False
YDYNPYLLFLQWPAQ,5,15,198,343,False
YDYNPYLLFLQWPGQ,2,15,198,343,False
YDYNPYLLFLQWPKQ,2,0,1628,17219,False
YDYNPYLLFLQWPLQ,2,15,198,343,False
YDYNPYLLFLQWPMQ,1,15,198,343,False
YDYNPYLLFLQWPRQ,1,15,198,343,False
YDYNPYLLFLQWPVQ,203,0,1628,17219,False
YDYNPYLLFLQYPIQ,1,2196,13,13,False
YDYNPYLLFLRDPKQ,1,0,1628,17219,False
YDYNPYLLFLRHPKQ,1,0,1628,17219,False
YDYNPYLLFLRKPKQ,13,0,1628,17219,False
YDYNPYLLFLRKPSQ,1,0,1628,17219,False
YDYNPYLLFLRKPYQ,1,0,1628,17219,False
YDYNPYLLFLRNPKQ,2,0,1628,17219,False
YDYNPYLLFLRNPQQ,1,0,1628,17219,False
YDYNPYLLFLRQPKQ,1,0,1628,17219,False
YDYNPYLLFLRQPLQ,1,2,509,4610,False
YDYNPYLLFLRQPMQ,1,2,509,4610,False
YDYNPYLLFLRQPSQ,2,2,509,4610,False
YDYNPYLLFLRRPQQ,1,1900,36,36,False
YDYNPYLLFLRRPWQ,1,0,1628,17219,False
YDYNPYLLFLRSPKQ,3,0,1628,17219,False
YDYNPYLLFLRSPYQ,1,1578,8,8,False
YDYNPYLLFLRYPQQ,1,0,1628,17219,False
YDYNPYLLFLSQPEQ,5,2,509,4610,False
YDYNPYLLFLSQPKQ,206,0,1628,17219,False
YDYNPYLLFLSQPNQ,5,2,509,4610,False
YDYNPYLLFLSQPQQ,10,2,509,4610,False
YDYNPYLLFLSQPRQ,4,2,509,4610,False
YDYNPYLLFLSQPSQ,1,2,509,4610,False
YDYNPYLLFLSQPVQ,2,2,509,4610,False
YDYNPYLLFLTHPQQ,1,2,509,4610,False
YDYNPYLLFLTQPKQ,1,2,509,4610,False
YDYNPYLLFLTQPNQ,7,2,509,4610,False
YDYNPYLLFLVIPQQ,1,0,1628,17219,False
YDYNPYLLFLVQPVQ,1,2,509,4610,False
YDYSPWLLFLVQPAQ,1,1,1197,10527,False
YDYTPNLLFLSHPQQ,1,3196,1,1,True
YGLVAVAAVSVVAGA,2,149,31,38,False
YGQ*IRRCAWGKGRR,1,3197,1,1,True
YGQESEGDEEEKAGA,1,99,134,161,False
YGSNPWLLFLRQPSQ,1,3191,2,2,False
YGSVAAAAVSAHAAP,2,629,1,2,True
YGYESGGGHVEKAGA,1,3198,1,1,True
YGYNPLLLFLKHPGQ,1,3199,1,1,True
YNINPYLLFLTQPNQ,2,2,509,4610,False
YNVNPYLLFLSQPRQ,1,2,509,4610,False
_DYNPWLLFLNFPGQ,1,1,1197,10527,False
_DYNPYLLFLKKPKQ,1,0,1628,17219,False
