Job ID     : 276996
Node       : aar018
Start time : Tue Mar 10 10:37:38 CET 2026
cuDNN lib  : /home/share_nfs/342-Projets_BGE/342.3-Gen-Chem/342.3.2-BioInfo/342.3.2.8-SeqModels/miniforge3/envs/colabdesign/lib/python3.10/site-packages/nvidia/cudnn/lib
---------------------------------------------
Tue Mar 10 10:37:38 2026       
+-----------------------------------------------------------------------------------------+
| NVIDIA-SMI 560.35.03              Driver Version: 560.35.03      CUDA Version: 12.6     |
|-----------------------------------------+------------------------+----------------------+
| GPU  Name                 Persistence-M | Bus-Id          Disp.A | Volatile Uncorr. ECC |
| Fan  Temp   Perf          Pwr:Usage/Cap |           Memory-Usage | GPU-Util  Compute M. |
|                                         |                        |               MIG M. |
|=========================================+========================+======================|
|   0  NVIDIA A30                     Off |   00000000:E3:00.0 Off |                    0 |
| N/A   30C    P0             32W /  165W |       1MiB /  24576MiB |      0%      Default |
|                                         |                        |             Disabled |
+-----------------------------------------+------------------------+----------------------+
                                                                                         
+-----------------------------------------------------------------------------------------+
| Processes:                                                                              |
---------------------------------------------
JAX devices: [cuda(id=0)]
GPU check passed: cuda:0
---------------------------------------------
Running generate_sequences.py ...
py3Dmol not installed
[1/10] seed=0 ...
1 models [1] recycles 0 hard 0 soft 1 temp 1 loss 7.80 i_con 7.38 plddt 0.47 ptm 0.88 i_ptm 0.09 energy 7.38
2 models [1] recycles 0 hard 0 soft 1 temp 1 loss 7.87 i_con 7.47 plddt 0.56 ptm 0.88 i_ptm 0.10 energy 7.07
3 models [0] recycles 0 hard 0 soft 1 temp 1 loss 7.92 i_con 7.54 plddt 0.55 ptm 0.86 i_ptm 0.12 energy 6.67
4 models [0] recycles 0 hard 0 soft 1 temp 1 loss 7.52 i_con 7.16 plddt 0.60 ptm 0.86 i_ptm 0.14 energy 6.37
5 models [1] recycles 0 hard 0 soft 1 temp 1 loss 7.67 i_con 7.31 plddt 0.52 ptm 0.88 i_ptm 0.09 energy 6.11
6 models [1] recycles 0 hard 0 soft 1 temp 1 loss 6.90 i_con 6.57 plddt 0.51 ptm 0.88 i_ptm 0.09 energy 5.67
7 models [1] recycles 0 hard 0 soft 1 temp 1 loss 7.14 i_con 6.82 plddt 0.49 ptm 0.88 i_ptm 0.09 energy 5.39
8 models [0] recycles 0 hard 0 soft 1 temp 1 loss 6.44 i_con 6.14 plddt 0.51 ptm 0.86 i_ptm 0.11 energy 5.05
9 models [1] recycles 0 hard 0 soft 1 temp 1 loss 6.47 i_con 6.17 plddt 0.47 ptm 0.88 i_ptm 0.09 energy 4.84
10 models [0] recycles 0 hard 0 soft 1 temp 1 loss 5.67 i_con 5.38 plddt 0.41 ptm 0.87 i_ptm 0.10 energy 4.62
11 models [1] recycles 0 hard 0 soft 1 temp 1 loss 5.97 i_con 5.68 plddt 0.40 ptm 0.88 i_ptm 0.08 energy 4.53
12 models [1] recycles 0 hard 0 soft 1 temp 1 loss 6.06 i_con 5.79 plddt 0.45 ptm 0.88 i_ptm 0.09 energy 4.36
13 models [0] recycles 0 hard 0 soft 1 temp 1 loss 5.28 i_con 5.03 plddt 0.39 ptm 0.87 i_ptm 0.10 energy 3.93
14 models [1] recycles 0 hard 0 soft 1 temp 1 loss 5.97 i_con 5.72 plddt 0.46 ptm 0.88 i_ptm 0.08 energy 3.94
15 models [1] recycles 0 hard 0 soft 1 temp 1 loss 5.57 i_con 5.33 plddt 0.37 ptm 0.88 i_ptm 0.09 energy 3.63
16 models [1] recycles 0 hard 0 soft 1 temp 1 loss 5.61 i_con 5.37 plddt 0.36 ptm 0.88 i_ptm 0.09 energy 3.59
17 models [0] recycles 0 hard 0 soft 1 temp 1 loss 5.13 i_con 4.88 plddt 0.35 ptm 0.87 i_ptm 0.15 energy 3.69
18 models [0] recycles 0 hard 0 soft 1 temp 1 loss 5.03 i_con 4.81 plddt 0.35 ptm 0.87 i_ptm 0.18 energy 3.16
19 models [1] recycles 0 hard 0 soft 1 temp 1 loss 5.72 i_con 5.51 plddt 0.39 ptm 0.88 i_ptm 0.09 energy 2.92
20 models [1] recycles 0 hard 0 soft 1 temp 1 loss 5.44 i_con 5.23 plddt 0.39 ptm 0.88 i_ptm 0.09 energy 3.05
21 models [1] recycles 0 hard 0 soft 1 temp 1 loss 5.41 i_con 5.23 plddt 0.40 ptm 0.88 i_ptm 0.11 energy 2.39
22 models [0] recycles 0 hard 0 soft 1 temp 1 loss 4.93 i_con 4.76 plddt 0.37 ptm 0.87 i_ptm 0.22 energy 2.09
23 models [1] recycles 0 hard 0 soft 1 temp 1 loss 4.99 i_con 4.83 plddt 0.36 ptm 0.88 i_ptm 0.15 energy 1.74
24 models [1] recycles 0 hard 0 soft 1 temp 1 loss 5.15 i_con 5.01 plddt 0.34 ptm 0.88 i_ptm 0.17 energy 1.47
25 models [0] recycles 0 hard 0 soft 1 temp 1 loss 4.58 i_con 4.46 plddt 0.39 ptm 0.87 i_ptm 0.22 energy 1.31
26 models [1] recycles 0 hard 0 soft 1 temp 1 loss 5.35 i_con 5.22 plddt 0.36 ptm 0.88 i_ptm 0.11 energy 1.47
27 models [0] recycles 0 hard 0 soft 1 temp 1 loss 4.64 i_con 4.51 plddt 0.40 ptm 0.87 i_ptm 0.22 energy 1.52
28 models [1] recycles 0 hard 0 soft 1 temp 1 loss 5.19 i_con 5.04 plddt 0.37 ptm 0.88 i_ptm 0.14 energy 1.63
29 models [1] recycles 0 hard 0 soft 1 temp 1 loss 4.85 i_con 4.74 plddt 0.36 ptm 0.88 i_ptm 0.20 energy 0.76
30 models [0] recycles 0 hard 0 soft 1 temp 1 loss 4.44 i_con 4.37 plddt 0.40 ptm 0.87 i_ptm 0.25 energy 0.15
31 models [0] recycles 0 hard 0 soft 1 temp 1 loss 4.57 i_con 4.52 plddt 0.38 ptm 0.87 i_ptm 0.21 energy -0.12
32 models [1] recycles 0 hard 0 soft 1 temp 1 loss 4.51 i_con 4.45 plddt 0.37 ptm 0.89 i_ptm 0.24 energy -0.13
33 models [1] recycles 0 hard 0 soft 1 temp 1 loss 4.92 i_con 4.90 plddt 0.38 ptm 0.88 i_ptm 0.16 energy -0.88
34 models [0] recycles 0 hard 0 soft 1 temp 1 loss 4.44 i_con 4.42 plddt 0.41 ptm 0.87 i_ptm 0.24 energy -0.75
35 models [0] recycles 0 hard 0 soft 1 temp 1 loss 4.39 i_con 4.38 plddt 0.44 ptm 0.87 i_ptm 0.27 energy -0.86
36 models [0] recycles 0 hard 0 soft 1 temp 1 loss 4.49 i_con 4.46 plddt 0.40 ptm 0.87 i_ptm 0.25 energy -0.73
37 models [1] recycles 0 hard 0 soft 1 temp 1 loss 4.97 i_con 4.98 plddt 0.36 ptm 0.88 i_ptm 0.17 energy -1.45
38 models [1] recycles 0 hard 0 soft 1 temp 1 loss 5.02 i_con 5.04 plddt 0.36 ptm 0.88 i_ptm 0.19 energy -1.67
39 models [1] recycles 0 hard 0 soft 1 temp 1 loss 4.96 i_con 4.99 plddt 0.35 ptm 0.88 i_ptm 0.19 energy -1.99
40 models [1] recycles 0 hard 0 soft 1 temp 1 loss 4.42 i_con 4.47 plddt 0.38 ptm 0.88 i_ptm 0.26 energy -2.25
41 models [1] recycles 0 hard 0 soft 1 temp 1 loss 4.77 i_con 4.82 plddt 0.38 ptm 0.88 i_ptm 0.22 energy -2.23
42 models [0] recycles 0 hard 0 soft 1 temp 1 loss 4.32 i_con 4.39 plddt 0.40 ptm 0.87 i_ptm 0.25 energy -2.55
43 models [1] recycles 0 hard 0 soft 1 temp 1 loss 4.68 i_con 4.74 plddt 0.38 ptm 0.88 i_ptm 0.22 energy -2.42
44 models [1] recycles 0 hard 0 soft 1 temp 1 loss 4.61 i_con 4.68 plddt 0.36 ptm 0.88 i_ptm 0.23 energy -2.56
45 models [1] recycles 0 hard 0 soft 1 temp 1 loss 4.40 i_con 4.46 plddt 0.36 ptm 0.89 i_ptm 0.25 energy -2.55
46 models [1] recycles 0 hard 0 soft 1 temp 1 loss 4.61 i_con 4.68 plddt 0.36 ptm 0.88 i_ptm 0.22 energy -2.73
47 models [1] recycles 0 hard 0 soft 1 temp 1 loss 4.53 i_con 4.61 plddt 0.38 ptm 0.88 i_ptm 0.22 energy -2.85
48 models [0] recycles 0 hard 0 soft 1 temp 1 loss 4.58 i_con 4.66 plddt 0.42 ptm 0.87 i_ptm 0.24 energy -2.92
49 models [0] recycles 0 hard 0 soft 1 temp 1 loss 4.53 i_con 4.61 plddt 0.41 ptm 0.87 i_ptm 0.23 energy -2.80
50 models [0] recycles 0 hard 0 soft 1 temp 1 loss 4.18 i_con 4.25 plddt 0.41 ptm 0.87 i_ptm 0.27 energy -2.63
51 models [0] recycles 0 hard 0 soft 1 temp 1 loss 3.95 i_con 4.38 plddt 0.41 ptm 0.87 i_ptm 0.27 energy -2.48
52 models [0] recycles 0 hard 0 soft 1 temp 1 loss 3.68 i_con 4.14 plddt 0.40 ptm 0.87 i_ptm 0.32 energy -2.60
53 models [1] recycles 0 hard 0 soft 1 temp 1 loss 3.94 i_con 4.42 plddt 0.42 ptm 0.88 i_ptm 0.24 energy -2.68
54 models [1] recycles 0 hard 0 soft 1 temp 1 loss 4.30 i_con 4.83 plddt 0.35 ptm 0.88 i_ptm 0.20 energy -2.98
55 models [0] recycles 0 hard 0 soft 1 temp 1 loss 3.80 i_con 4.38 plddt 0.39 ptm 0.87 i_ptm 0.24 energy -3.21
56 models [0] recycles 0 hard 0 soft 1 temp 1 loss 3.84 i_con 4.45 plddt 0.39 ptm 0.87 i_ptm 0.26 energy -3.37
57 models [0] recycles 0 hard 0 soft 1 temp 1 loss 3.83 i_con 4.40 plddt 0.38 ptm 0.87 i_ptm 0.26 energy -3.16
58 models [0] recycles 0 hard 0 soft 1 temp 1 loss 3.53 i_con 4.17 plddt 0.39 ptm 0.87 i_ptm 0.29 energy -3.50
59 models [0] recycles 0 hard 0 soft 1 temp 1 loss 3.72 i_con 4.37 plddt 0.40 ptm 0.87 i_ptm 0.25 energy -3.57
60 models [0] recycles 0 hard 0 soft 1 temp 1 loss 3.54 i_con 4.22 plddt 0.40 ptm 0.87 i_ptm 0.28 energy -3.72
61 models [0] recycles 0 hard 0 soft 1 temp 1 loss 3.64 i_con 4.30 plddt 0.39 ptm 0.87 i_ptm 0.27 energy -3.63
62 models [0] recycles 0 hard 0 soft 1 temp 1 loss 3.42 i_con 4.13 plddt 0.40 ptm 0.87 i_ptm 0.30 energy -3.86
63 models [1] recycles 0 hard 0 soft 1 temp 1 loss 4.16 i_con 4.86 plddt 0.37 ptm 0.88 i_ptm 0.20 energy -3.78
64 models [1] recycles 0 hard 0 soft 1 temp 1 loss 3.83 i_con 4.55 plddt 0.39 ptm 0.88 i_ptm 0.24 energy -3.94
65 models [1] recycles 0 hard 0 soft 1 temp 1 loss 3.60 i_con 4.35 plddt 0.36 ptm 0.89 i_ptm 0.27 energy -4.08
66 models [0] recycles 0 hard 0 soft 1 temp 1 loss 3.65 i_con 4.43 plddt 0.39 ptm 0.87 i_ptm 0.25 energy -4.22
67 models [0] recycles 0 hard 0 soft 1 temp 1 loss 3.48 i_con 4.25 plddt 0.40 ptm 0.87 i_ptm 0.27 energy -4.17
68 models [0] recycles 0 hard 0 soft 1 temp 1 loss 3.56 i_con 4.34 plddt 0.41 ptm 0.87 i_ptm 0.27 energy -4.20
69 models [0] recycles 0 hard 0 soft 1 temp 1 loss 3.32 i_con 4.15 plddt 0.39 ptm 0.87 i_ptm 0.30 energy -4.43
70 models [1] recycles 0 hard 0 soft 1 temp 1 loss 3.68 i_con 4.54 plddt 0.34 ptm 0.89 i_ptm 0.24 energy -4.59
71 models [1] recycles 0 hard 0 soft 1 temp 1 loss 3.50 i_con 4.34 plddt 0.36 ptm 0.89 i_ptm 0.25 energy -4.54
72 models [0] recycles 0 hard 0 soft 1 temp 1 loss 3.22 i_con 4.05 plddt 0.42 ptm 0.87 i_ptm 0.31 energy -4.46
73 models [1] recycles 0 hard 0 soft 1 temp 1 loss 3.46 i_con 4.33 plddt 0.39 ptm 0.88 i_ptm 0.23 energy -4.63
74 models [0] recycles 0 hard 0 soft 1 temp 1 loss 3.49 i_con 4.36 plddt 0.43 ptm 0.87 i_ptm 0.30 energy -4.64
75 models [0] recycles 0 hard 0 soft 1 temp 1 loss 3.39 i_con 4.27 plddt 0.40 ptm 0.87 i_ptm 0.27 energy -4.70
76 models [0] recycles 0 hard 0 soft 1 temp 1 loss 3.24 i_con 4.13 plddt 0.38 ptm 0.87 i_ptm 0.26 energy -4.77
77 models [0] recycles 0 hard 0 soft 1 temp 1 loss 3.34 i_con 4.26 plddt 0.41 ptm 0.87 i_ptm 0.29 energy -4.93
78 models [0] recycles 0 hard 0 soft 1 temp 1 loss 3.33 i_con 4.26 plddt 0.39 ptm 0.87 i_ptm 0.26 energy -4.94
79 models [1] recycles 0 hard 0 soft 1 temp 1 loss 3.29 i_con 4.22 plddt 0.37 ptm 0.88 i_ptm 0.26 energy -4.99
80 models [1] recycles 0 hard 0 soft 1 temp 1 loss 3.33 i_con 4.26 plddt 0.36 ptm 0.89 i_ptm 0.25 energy -4.97
81 models [1] recycles 0 hard 0 soft 1 temp 1 loss 3.39 i_con 4.34 plddt 0.36 ptm 0.89 i_ptm 0.26 energy -5.06
82 models [1] recycles 0 hard 0 soft 1 temp 1 loss 3.20 i_con 4.15 plddt 0.36 ptm 0.89 i_ptm 0.28 energy -5.09
83 models [0] recycles 0 hard 0 soft 1 temp 1 loss 3.16 i_con 4.14 plddt 0.39 ptm 0.87 i_ptm 0.28 energy -5.16
84 models [1] recycles 0 hard 0 soft 1 temp 1 loss 3.31 i_con 4.27 plddt 0.37 ptm 0.89 i_ptm 0.29 energy -5.12
85 models [1] recycles 0 hard 0 soft 1 temp 1 loss 3.35 i_con 4.31 plddt 0.36 ptm 0.89 i_ptm 0.25 energy -5.12
86 models [1] recycles 0 hard 0 soft 1 temp 1 loss 3.21 i_con 4.15 plddt 0.39 ptm 0.89 i_ptm 0.27 energy -5.04
87 models [1] recycles 0 hard 0 soft 1 temp 1 loss 3.56 i_con 4.53 plddt 0.35 ptm 0.88 i_ptm 0.21 energy -5.17
88 models [0] recycles 0 hard 0 soft 1 temp 1 loss 3.18 i_con 4.15 plddt 0.40 ptm 0.87 i_ptm 0.27 energy -5.13
89 models [0] recycles 0 hard 0 soft 1 temp 1 loss 3.28 i_con 4.27 plddt 0.41 ptm 0.87 i_ptm 0.26 energy -5.24
90 models [0] recycles 0 hard 0 soft 1 temp 1 loss 3.14 i_con 4.12 plddt 0.39 ptm 0.87 i_ptm 0.27 energy -5.23
91 models [0] recycles 0 hard 0 soft 1 temp 1 loss 3.05 i_con 4.03 plddt 0.37 ptm 0.88 i_ptm 0.29 energy -5.21
92 models [0] recycles 0 hard 0 soft 1 temp 1 loss 3.17 i_con 4.17 plddt 0.38 ptm 0.87 i_ptm 0.29 energy -5.31
93 models [1] recycles 0 hard 0 soft 1 temp 1 loss 3.17 i_con 4.16 plddt 0.37 ptm 0.89 i_ptm 0.28 energy -5.30
94 models [0] recycles 0 hard 0 soft 1 temp 1 loss 3.14 i_con 4.14 plddt 0.38 ptm 0.87 i_ptm 0.28 energy -5.29
95 models [1] recycles 0 hard 0 soft 1 temp 1 loss 3.30 i_con 4.30 plddt 0.36 ptm 0.89 i_ptm 0.26 energy -5.34
96 models [1] recycles 0 hard 0 soft 1 temp 1 loss 3.24 i_con 4.25 plddt 0.37 ptm 0.89 i_ptm 0.26 energy -5.36
97 models [0] recycles 0 hard 0 soft 1 temp 1 loss 3.11 i_con 4.10 plddt 0.40 ptm 0.87 i_ptm 0.27 energy -5.25
98 models [0] recycles 0 hard 0 soft 1 temp 1 loss 3.11 i_con 4.13 plddt 0.38 ptm 0.87 i_ptm 0.27 energy -5.42
99 models [0] recycles 0 hard 0 soft 1 temp 1 loss 3.10 i_con 4.14 plddt 0.40 ptm 0.87 i_ptm 0.26 energy -5.46
100 models [0] recycles 0 hard 0 soft 1 temp 1 loss 2.97 i_con 4.02 plddt 0.40 ptm 0.87 i_ptm 0.32 energy -5.55
101 models [0] recycles 0 hard 0 soft 0 temp 1 loss 0.54 i_con 6.89 plddt 0.47 ptm 0.87 i_ptm 0.14 energy -32.03
102 models [1] recycles 0 hard 0 soft 0 temp 0.99 loss 0.44 i_con 7.02 plddt 0.63 ptm 0.88 i_ptm 0.10 energy -33.11
103 models [1] recycles 0 hard 0 soft 0 temp 0.98 loss -0.57 i_con 6.19 plddt 0.52 ptm 0.88 i_ptm 0.11 energy -34.05
104 models [0] recycles 0 hard 0 soft 0 temp 0.97 loss -2.49 i_con 4.44 plddt 0.42 ptm 0.87 i_ptm 0.28 energy -34.94
105 models [1] recycles 0 hard 0 soft 0 temp 0.96 loss -2.74 i_con 4.47 plddt 0.42 ptm 0.89 i_ptm 0.25 energy -36.35
106 models [1] recycles 0 hard 0 soft 0 temp 0.95 loss -3.27 i_con 4.00 plddt 0.41 ptm 0.89 i_ptm 0.32 energy -36.64
107 models [0] recycles 0 hard 0 soft 0 temp 0.94 loss -3.59 i_con 4.12 plddt 0.41 ptm 0.87 i_ptm 0.32 energy -38.83
108 models [0] recycles 0 hard 0 soft 0 temp 0.93 loss -4.06 i_con 4.13 plddt 0.40 ptm 0.87 i_ptm 0.30 energy -41.23
109 models [0] recycles 0 hard 0 soft 0 temp 0.92 loss -4.66 i_con 3.94 plddt 0.42 ptm 0.87 i_ptm 0.37 energy -43.26
110 models [1] recycles 0 hard 0 soft 0 temp 0.91 loss -4.72 i_con 4.30 plddt 0.37 ptm 0.89 i_ptm 0.25 energy -45.40
111 models [1] recycles 0 hard 0 soft 0 temp 0.90 loss -5.36 i_con 3.90 plddt 0.39 ptm 0.89 i_ptm 0.35 energy -46.64
112 models [0] recycles 0 hard 0 soft 0 temp 0.89 loss -5.67 i_con 3.91 plddt 0.38 ptm 0.87 i_ptm 0.35 energy -48.20
113 models [0] recycles 0 hard 0 soft 0 temp 0.88 loss -5.96 i_con 4.01 plddt 0.41 ptm 0.87 i_ptm 0.32 energy -50.15
114 models [1] recycles 0 hard 0 soft 0 temp 0.87 loss -6.39 i_con 4.00 plddt 0.40 ptm 0.89 i_ptm 0.31 energy -52.22
115 models [1] recycles 0 hard 0 soft 0 temp 0.86 loss -6.81 i_con 3.93 plddt 0.42 ptm 0.89 i_ptm 0.37 energy -54.01
116 models [1] recycles 0 hard 0 soft 0 temp 0.85 loss -7.22 i_con 3.88 plddt 0.43 ptm 0.89 i_ptm 0.36 energy -55.78
117 models [0] recycles 0 hard 0 soft 0 temp 0.84 loss -7.42 i_con 4.10 plddt 0.40 ptm 0.87 i_ptm 0.30 energy -57.87
118 models [0] recycles 0 hard 0 soft 0 temp 0.83 loss -7.92 i_con 3.99 plddt 0.43 ptm 0.87 i_ptm 0.35 energy -59.81
119 models [1] recycles 0 hard 0 soft 0 temp 0.82 loss -8.59 i_con 3.77 plddt 0.44 ptm 0.89 i_ptm 0.43 energy -62.08
120 models [0] recycles 0 hard 0 soft 0 temp 0.81 loss -8.79 i_con 3.97 plddt 0.41 ptm 0.87 i_ptm 0.37 energy -64.10
121 models [1] recycles 0 hard 0 soft 0 temp 0.80 loss -9.25 i_con 3.94 plddt 0.40 ptm 0.89 i_ptm 0.35 energy -66.27
122 models [0] recycles 0 hard 0 soft 0 temp 0.79 loss -9.63 i_con 3.97 plddt 0.40 ptm 0.87 i_ptm 0.34 energy -68.33
123 models [1] recycles 0 hard 0 soft 0 temp 0.78 loss -10.17 i_con 3.86 plddt 0.42 ptm 0.90 i_ptm 0.38 energy -70.45
124 models [0] recycles 0 hard 0 soft 0 temp 0.77 loss -10.50 i_con 3.92 plddt 0.39 ptm 0.87 i_ptm 0.35 energy -72.37
125 models [0] recycles 0 hard 0 soft 0 temp 0.76 loss -10.74 i_con 4.08 plddt 0.40 ptm 0.87 i_ptm 0.31 energy -74.39
126 models [0] recycles 0 hard 0 soft 0 temp 0.75 loss -11.17 i_con 4.06 plddt 0.39 ptm 0.87 i_ptm 0.30 energy -76.46
127 models [0] recycles 0 hard 0 soft 0 temp 0.74 loss -11.51 i_con 4.13 plddt 0.39 ptm 0.87 i_ptm 0.30 energy -78.47
128 models [1] recycles 0 hard 0 soft 0 temp 0.73 loss -12.18 i_con 3.84 plddt 0.40 ptm 0.89 i_ptm 0.38 energy -80.41
129 models [1] recycles 0 hard 0 soft 0 temp 0.72 loss -12.35 i_con 4.08 plddt 0.41 ptm 0.89 i_ptm 0.30 energy -82.40
130 models [1] recycles 0 hard 0 soft 0 temp 0.71 loss -12.90 i_con 3.97 plddt 0.42 ptm 0.89 i_ptm 0.31 energy -84.62
131 models [0] recycles 0 hard 0 soft 0 temp 0.70 loss -13.06 i_con 4.11 plddt 0.38 ptm 0.87 i_ptm 0.27 energy -86.15
132 models [0] recycles 0 hard 0 soft 0 temp 0.69 loss -13.27 i_con 4.30 plddt 0.40 ptm 0.87 i_ptm 0.24 energy -88.15
133 models [0] recycles 0 hard 0 soft 0 temp 0.68 loss -13.79 i_con 4.15 plddt 0.37 ptm 0.87 i_ptm 0.30 energy -90.00
134 models [0] recycles 0 hard 0 soft 0 temp 0.67 loss -13.92 i_con 4.43 plddt 0.37 ptm 0.87 i_ptm 0.23 energy -92.04
135 models [1] recycles 0 hard 0 soft 0 temp 0.66 loss -14.84 i_con 3.90 plddt 0.42 ptm 0.89 i_ptm 0.36 energy -93.99
136 models [1] recycles 0 hard 0 soft 0 temp 0.65 loss -15.10 i_con 4.07 plddt 0.40 ptm 0.89 i_ptm 0.28 energy -96.16
137 models [1] recycles 0 hard 0 soft 0 temp 0.64 loss -15.48 i_con 4.09 plddt 0.39 ptm 0.89 i_ptm 0.29 energy -98.13
138 models [1] recycles 0 hard 0 soft 0 temp 0.63 loss -16.08 i_con 3.89 plddt 0.40 ptm 0.89 i_ptm 0.33 energy -100.15
139 models [1] recycles 0 hard 0 soft 0 temp 0.62 loss -16.11 i_con 4.26 plddt 0.41 ptm 0.88 i_ptm 0.25 energy -102.15
140 models [1] recycles 0 hard 0 soft 0 temp 0.61 loss -16.63 i_con 4.10 plddt 0.40 ptm 0.89 i_ptm 0.28 energy -103.97
141 models [0] recycles 0 hard 0 soft 0 temp 0.60 loss -16.72 i_con 4.39 plddt 0.36 ptm 0.87 i_ptm 0.25 energy -105.87
142 models [0] recycles 0 hard 0 soft 0 temp 0.59 loss -17.14 i_con 4.34 plddt 0.37 ptm 0.87 i_ptm 0.24 energy -107.71
143 models [1] recycles 0 hard 0 soft 0 temp 0.58 loss -17.61 i_con 4.23 plddt 0.38 ptm 0.89 i_ptm 0.25 energy -109.53
144 models [0] recycles 0 hard 0 soft 0 temp 0.57 loss -18.02 i_con 4.19 plddt 0.38 ptm 0.87 i_ptm 0.26 energy -111.39
145 models [1] recycles 0 hard 0 soft 0 temp 0.56 loss -18.34 i_con 4.30 plddt 0.38 ptm 0.88 i_ptm 0.21 energy -113.50
146 models [1] recycles 0 hard 0 soft 0 temp 0.55 loss -18.66 i_con 4.28 plddt 0.38 ptm 0.89 i_ptm 0.22 energy -114.98
147 models [0] recycles 0 hard 0 soft 0 temp 0.54 loss -18.78 i_con 4.49 plddt 0.35 ptm 0.87 i_ptm 0.22 energy -116.69
148 models [1] recycles 0 hard 0 soft 0 temp 0.53 loss -19.34 i_con 4.29 plddt 0.34 ptm 0.88 i_ptm 0.23 energy -118.50
149 models [0] recycles 0 hard 0 soft 0 temp 0.52 loss -19.46 i_con 4.55 plddt 0.38 ptm 0.87 i_ptm 0.22 energy -120.35
150 models [1] recycles 0 hard 0 soft 0 temp 0.51 loss -20.35 i_con 3.97 plddt 0.37 ptm 0.89 i_ptm 0.29 energy -121.91
151 models [1] recycles 0 hard 0 soft 0 temp 0.50 loss -20.31 i_con 4.42 plddt 0.34 ptm 0.89 i_ptm 0.19 energy -123.95
152 models [1] recycles 0 hard 0 soft 0 temp 0.49 loss -20.77 i_con 4.31 plddt 0.33 ptm 0.89 i_ptm 0.19 energy -125.74
153 models [1] recycles 0 hard 0 soft 0 temp 0.48 loss -21.27 i_con 4.06 plddt 0.35 ptm 0.89 i_ptm 0.26 energy -127.01
154 models [0] recycles 0 hard 0 soft 0 temp 0.47 loss -21.45 i_con 4.24 plddt 0.34 ptm 0.87 i_ptm 0.22 energy -128.75
155 models [1] recycles 0 hard 0 soft 0 temp 0.46 loss -21.85 i_con 4.22 plddt 0.36 ptm 0.88 i_ptm 0.18 energy -130.67
156 models [1] recycles 0 hard 0 soft 0 temp 0.45 loss -22.38 i_con 4.07 plddt 0.36 ptm 0.88 i_ptm 0.22 energy -132.58
157 models [0] recycles 0 hard 0 soft 0 temp 0.44 loss -22.43 i_con 4.42 plddt 0.38 ptm 0.87 i_ptm 0.23 energy -134.54
158 models [0] recycles 0 hard 0 soft 0 temp 0.43 loss -22.72 i_con 4.47 plddt 0.36 ptm 0.87 i_ptm 0.20 energy -136.30
159 models [1] recycles 0 hard 0 soft 0 temp 0.42 loss -23.10 i_con 4.50 plddt 0.33 ptm 0.88 i_ptm 0.19 energy -138.35
160 models [1] recycles 0 hard 0 soft 0 temp 0.41 loss -23.42 i_con 4.47 plddt 0.39 ptm 0.89 i_ptm 0.19 energy -139.75
161 models [0] recycles 0 hard 0 soft 0 temp 0.40 loss -23.49 i_con 4.54 plddt 0.36 ptm 0.87 i_ptm 0.23 energy -140.48
162 models [1] recycles 0 hard 0 soft 0 temp 0.39 loss -23.85 i_con 4.49 plddt 0.37 ptm 0.88 i_ptm 0.19 energy -142.02
163 models [0] recycles 0 hard 0 soft 0 temp 0.38 loss -24.06 i_con 4.69 plddt 0.32 ptm 0.87 i_ptm 0.21 energy -144.08
164 models [1] recycles 0 hard 0 soft 0 temp 0.37 loss -24.55 i_con 4.22 plddt 0.35 ptm 0.89 i_ptm 0.20 energy -144.22
165 models [0] recycles 0 hard 0 soft 0 temp 0.36 loss -24.79 i_con 4.24 plddt 0.34 ptm 0.87 i_ptm 0.22 energy -145.48
166 models [1] recycles 0 hard 0 soft 0 temp 0.35 loss -24.82 i_con 4.58 plddt 0.40 ptm 0.88 i_ptm 0.18 energy -147.31
167 models [0] recycles 0 hard 0 soft 0 temp 0.34 loss -25.23 i_con 4.47 plddt 0.38 ptm 0.87 i_ptm 0.21 energy -148.82
168 models [0] recycles 0 hard 0 soft 0 temp 0.33 loss -25.45 i_con 4.53 plddt 0.31 ptm 0.87 i_ptm 0.22 energy -150.21
169 models [0] recycles 0 hard 0 soft 0 temp 0.32 loss -25.77 i_con 4.61 plddt 0.38 ptm 0.87 i_ptm 0.23 energy -152.23
170 models [1] recycles 0 hard 0 soft 0 temp 0.31 loss -25.46 i_con 5.25 plddt 0.33 ptm 0.88 i_ptm 0.13 energy -153.91
171 models [0] recycles 0 hard 0 soft 0 temp 0.30 loss -26.70 i_con 4.28 plddt 0.37 ptm 0.87 i_ptm 0.19 energy -155.24
172 models [1] recycles 0 hard 0 soft 0 temp 0.29 loss -26.94 i_con 4.41 plddt 0.30 ptm 0.88 i_ptm 0.18 energy -157.10
173 models [0] recycles 0 hard 0 soft 0 temp 0.28 loss -27.23 i_con 4.53 plddt 0.33 ptm 0.87 i_ptm 0.21 energy -159.17
174 models [0] recycles 0 hard 0 soft 0 temp 0.27 loss -27.52 i_con 4.62 plddt 0.35 ptm 0.87 i_ptm 0.20 energy -161.07
175 models [1] recycles 0 hard 0 soft 0 temp 0.26 loss -27.26 i_con 5.23 plddt 0.32 ptm 0.88 i_ptm 0.16 energy -162.80
176 models [1] recycles 0 hard 0 soft 0 temp 0.25 loss -27.58 i_con 5.09 plddt 0.32 ptm 0.88 i_ptm 0.14 energy -163.65
177 models [1] recycles 0 hard 0 soft 0 temp 0.24 loss -27.67 i_con 5.14 plddt 0.30 ptm 0.88 i_ptm 0.16 energy -164.41
178 models [0] recycles 0 hard 0 soft 0 temp 0.23 loss -28.66 i_con 4.34 plddt 0.39 ptm 0.87 i_ptm 0.24 energy -165.30
179 models [0] recycles 0 hard 0 soft 0 temp 0.22 loss -29.04 i_con 4.32 plddt 0.35 ptm 0.87 i_ptm 0.21 energy -167.11
180 models [1] recycles 0 hard 0 soft 0 temp 0.21 loss -29.64 i_con 4.13 plddt 0.41 ptm 0.88 i_ptm 0.20 energy -169.11
181 models [1] recycles 0 hard 0 soft 0 temp 0.20 loss -29.83 i_con 4.35 plddt 0.37 ptm 0.88 i_ptm 0.19 energy -171.22
182 models [1] recycles 0 hard 0 soft 0 temp 0.19 loss -29.12 i_con 5.47 plddt 0.38 ptm 0.88 i_ptm 0.13 energy -173.26
183 models [1] recycles 0 hard 0 soft 0 temp 0.18 loss -30.53 i_con 4.37 plddt 0.31 ptm 0.88 i_ptm 0.20 energy -174.85
184 models [1] recycles 0 hard 0 soft 0 temp 0.17 loss -30.28 i_con 4.99 plddt 0.39 ptm 0.88 i_ptm 0.14 energy -176.67
185 models [1] recycles 0 hard 0 soft 0 temp 0.16 loss -30.78 i_con 4.53 plddt 0.33 ptm 0.89 i_ptm 0.19 energy -176.89
186 models [0] recycles 0 hard 0 soft 0 temp 0.15 loss -30.77 i_con 4.86 plddt 0.35 ptm 0.87 i_ptm 0.18 energy -178.45
187 models [1] recycles 0 hard 0 soft 0 temp 0.14 loss -30.92 i_con 5.03 plddt 0.38 ptm 0.88 i_ptm 0.15 energy -180.10
188 models [1] recycles 0 hard 0 soft 0 temp 0.13 loss -31.78 i_con 4.41 plddt 0.33 ptm 0.88 i_ptm 0.18 energy -181.30
189 models [1] recycles 0 hard 0 soft 0 temp 0.12 loss -32.05 i_con 4.53 plddt 0.41 ptm 0.88 i_ptm 0.20 energy -183.23
190 models [1] recycles 0 hard 0 soft 0 temp 0.11 loss -31.90 i_con 5.04 plddt 0.33 ptm 0.88 i_ptm 0.17 energy -185.00
191 models [0] recycles 0 hard 0 soft 0 temp 0.10 loss -32.42 i_con 4.80 plddt 0.33 ptm 0.87 i_ptm 0.23 energy -186.44
192 models [1] recycles 0 hard 0 soft 0 temp 0.09 loss -32.68 i_con 4.84 plddt 0.34 ptm 0.88 i_ptm 0.16 energy -187.95
193 models [1] recycles 0 hard 0 soft 0 temp 0.08 loss -33.47 i_con 4.39 plddt 0.41 ptm 0.88 i_ptm 0.19 energy -189.61
194 models [1] recycles 0 hard 0 soft 0 temp 0.07 loss -32.23 i_con 5.85 plddt 0.41 ptm 0.88 i_ptm 0.13 energy -190.69
195 models [0] recycles 0 hard 0 soft 0 temp 0.06 loss -32.94 i_con 5.42 plddt 0.41 ptm 0.86 i_ptm 0.17 energy -192.07
196 models [0] recycles 0 hard 0 soft 0 temp 0.05 loss -34.07 i_con 4.54 plddt 0.37 ptm 0.87 i_ptm 0.19 energy -193.36
197 models [1] recycles 0 hard 0 soft 0 temp 0.04 loss -32.96 i_con 6.04 plddt 0.40 ptm 0.88 i_ptm 0.12 energy -195.30
198 models [0] recycles 0 hard 0 soft 0 temp 0.03 loss -34.46 i_con 4.85 plddt 0.36 ptm 0.87 i_ptm 0.18 energy -196.87
199 models [1] recycles 0 hard 0 soft 0 temp 0.02 loss -35.00 i_con 4.67 plddt 0.30 ptm 0.88 i_ptm 0.17 energy -198.72
200 models [1] recycles 0 hard 0 soft 0 temp 0.01 loss -34.89 i_con 5.15 plddt 0.35 ptm 0.88 i_ptm 0.14 energy -200.56
201 models [1] recycles 0 hard 1 soft 0 temp 0.00 loss 3.28 i_con 4.56 plddt 0.31 ptm 0.89 i_ptm 0.20 energy -6.75
202 models [0] recycles 0 hard 1 soft 0 temp 0.00 loss 3.05 i_con 4.33 plddt 0.32 ptm 0.88 i_ptm 0.24 energy -6.75
203 models [1] recycles 0 hard 1 soft 0 temp 0.00 loss 3.28 i_con 4.56 plddt 0.31 ptm 0.89 i_ptm 0.20 energy -6.75
204 models [1] recycles 0 hard 1 soft 0 temp 0.00 loss 3.28 i_con 4.56 plddt 0.31 ptm 0.89 i_ptm 0.20 energy -6.75
205 models [1] recycles 0 hard 1 soft 0 temp 0.00 loss 3.28 i_con 4.56 plddt 0.31 ptm 0.89 i_ptm 0.20 energy -6.75
206 models [0] recycles 0 hard 1 soft 0 temp 0.00 loss 3.05 i_con 4.33 plddt 0.32 ptm 0.88 i_ptm 0.24 energy -6.75
207 models [0] recycles 0 hard 1 soft 0 temp 0.00 loss 3.05 i_con 4.33 plddt 0.32 ptm 0.88 i_ptm 0.24 energy -6.75
208 models [0] recycles 0 hard 1 soft 0 temp 0.00 loss 3.05 i_con 4.33 plddt 0.32 ptm 0.88 i_ptm 0.24 energy -6.75
209 models [1] recycles 0 hard 1 soft 0 temp 0.00 loss 3.28 i_con 4.56 plddt 0.31 ptm 0.89 i_ptm 0.20 energy -6.75
210 models [1] recycles 0 hard 1 soft 0 temp 0.00 loss 3.28 i_con 4.56 plddt 0.31 ptm 0.89 i_ptm 0.20 energy -6.75
211 models [0] recycles 0 hard 1 soft 0 temp 0.00 loss 3.05 i_con 4.33 plddt 0.32 ptm 0.88 i_ptm 0.24 energy -6.75
212 models [1] recycles 0 hard 1 soft 0 temp 0.00 loss 3.28 i_con 4.56 plddt 0.31 ptm 0.89 i_ptm 0.20 energy -6.75
213 models [0] recycles 0 hard 1 soft 0 temp 0.00 loss 3.05 i_con 4.33 plddt 0.32 ptm 0.88 i_ptm 0.24 energy -6.75
214 models [0] recycles 0 hard 1 soft 0 temp 0.00 loss 3.05 i_con 4.33 plddt 0.32 ptm 0.88 i_ptm 0.24 energy -6.75
215 models [1] recycles 0 hard 1 soft 0 temp 0.00 loss 3.28 i_con 4.56 plddt 0.31 ptm 0.89 i_ptm 0.20 energy -6.75
216 models [1] recycles 0 hard 1 soft 0 temp 0.00 loss 3.28 i_con 4.56 plddt 0.31 ptm 0.89 i_ptm 0.20 energy -6.75
217 models [1] recycles 0 hard 1 soft 0 temp 0.00 loss 3.28 i_con 4.56 plddt 0.31 ptm 0.89 i_ptm 0.20 energy -6.75
218 models [1] recycles 0 hard 1 soft 0 temp 0.00 loss 3.28 i_con 4.56 plddt 0.31 ptm 0.89 i_ptm 0.20 energy -6.75
219 models [1] recycles 0 hard 1 soft 0 temp 0.00 loss 3.28 i_con 4.56 plddt 0.31 ptm 0.89 i_ptm 0.20 energy -6.75
220 models [1] recycles 0 hard 1 soft 0 temp 0.00 loss 3.28 i_con 4.56 plddt 0.31 ptm 0.89 i_ptm 0.20 energy -6.75
221 models [1] recycles 0 hard 1 soft 0 temp 0.00 loss 3.28 i_con 4.56 plddt 0.31 ptm 0.89 i_ptm 0.20 energy -6.75
222 models [1] recycles 0 hard 1 soft 0 temp 0.00 loss 3.28 i_con 4.56 plddt 0.31 ptm 0.89 i_ptm 0.20 energy -6.75
223 models [0] recycles 0 hard 1 soft 0 temp 0.00 loss 3.05 i_con 4.33 plddt 0.32 ptm 0.88 i_ptm 0.24 energy -6.75
224 models [1] recycles 0 hard 1 soft 0 temp 0.00 loss 3.28 i_con 4.56 plddt 0.31 ptm 0.89 i_ptm 0.20 energy -6.75
225 models [0] recycles 0 hard 1 soft 0 temp 0.00 loss 3.05 i_con 4.33 plddt 0.32 ptm 0.88 i_ptm 0.24 energy -6.75
226 models [1] recycles 0 hard 1 soft 0 temp 0.00 loss 3.28 i_con 4.56 plddt 0.31 ptm 0.89 i_ptm 0.20 energy -6.75
227 models [0] recycles 0 hard 1 soft 0 temp 0.00 loss 3.05 i_con 4.33 plddt 0.32 ptm 0.88 i_ptm 0.24 energy -6.75
228 models [1] recycles 0 hard 1 soft 0 temp 0.00 loss 3.28 i_con 4.56 plddt 0.31 ptm 0.89 i_ptm 0.20 energy -6.75
229 models [1] recycles 0 hard 1 soft 0 temp 0.00 loss 3.28 i_con 4.56 plddt 0.31 ptm 0.89 i_ptm 0.20 energy -6.75
230 models [1] recycles 0 hard 1 soft 0 temp 0.00 loss 3.28 i_con 4.56 plddt 0.31 ptm 0.89 i_ptm 0.20 energy -6.75
231 models [0] recycles 0 hard 1 soft 0 temp 0.00 loss 3.05 i_con 4.33 plddt 0.32 ptm 0.88 i_ptm 0.24 energy -6.75
232 models [1] recycles 0 hard 1 soft 0 temp 0.00 loss 3.28 i_con 4.56 plddt 0.31 ptm 0.89 i_ptm 0.20 energy -6.75
233 models [0] recycles 0 hard 1 soft 0 temp 0.00 loss 3.05 i_con 4.33 plddt 0.32 ptm 0.88 i_ptm 0.24 energy -6.75
234 models [0] recycles 0 hard 1 soft 0 temp 0.00 loss 3.05 i_con 4.33 plddt 0.32 ptm 0.88 i_ptm 0.24 energy -6.75
235 models [1] recycles 0 hard 1 soft 0 temp 0.00 loss 3.28 i_con 4.56 plddt 0.31 ptm 0.89 i_ptm 0.20 energy -6.75
236 models [1] recycles 0 hard 1 soft 0 temp 0.00 loss 3.28 i_con 4.56 plddt 0.31 ptm 0.89 i_ptm 0.20 energy -6.75
237 models [1] recycles 0 hard 1 soft 0 temp 0.00 loss 3.28 i_con 4.56 plddt 0.31 ptm 0.89 i_ptm 0.20 energy -6.75
238 models [0] recycles 0 hard 1 soft 0 temp 0.00 loss 3.05 i_con 4.33 plddt 0.32 ptm 0.88 i_ptm 0.24 energy -6.75
239 models [1] recycles 0 hard 1 soft 0 temp 0.00 loss 3.28 i_con 4.56 plddt 0.31 ptm 0.89 i_ptm 0.20 energy -6.75
240 models [0] recycles 0 hard 1 soft 0 temp 0.00 loss 3.05 i_con 4.33 plddt 0.32 ptm 0.88 i_ptm 0.24 energy -6.75
241 models [0] recycles 0 hard 1 soft 0 temp 0.00 loss 3.05 i_con 4.33 plddt 0.32 ptm 0.88 i_ptm 0.24 energy -6.75
242 models [0] recycles 0 hard 1 soft 0 temp 0.00 loss 3.05 i_con 4.33 plddt 0.32 ptm 0.88 i_ptm 0.24 energy -6.75
243 models [1] recycles 0 hard 1 soft 0 temp 0.00 loss 3.28 i_con 4.56 plddt 0.31 ptm 0.89 i_ptm 0.20 energy -6.75
244 models [0] recycles 0 hard 1 soft 0 temp 0.00 loss 3.05 i_con 4.33 plddt 0.32 ptm 0.88 i_ptm 0.24 energy -6.75
245 models [1] recycles 0 hard 1 soft 0 temp 0.00 loss 3.28 i_con 4.56 plddt 0.31 ptm 0.89 i_ptm 0.20 energy -6.75
246 models [1] recycles 0 hard 1 soft 0 temp 0.00 loss 3.28 i_con 4.56 plddt 0.31 ptm 0.89 i_ptm 0.20 energy -6.75
247 models [1] recycles 0 hard 1 soft 0 temp 0.00 loss 3.28 i_con 4.56 plddt 0.31 ptm 0.89 i_ptm 0.20 energy -6.75
248 models [1] recycles 0 hard 1 soft 0 temp 0.00 loss 3.28 i_con 4.56 plddt 0.31 ptm 0.89 i_ptm 0.20 energy -6.75
249 models [1] recycles 0 hard 1 soft 0 temp 0.00 loss 3.28 i_con 4.56 plddt 0.31 ptm 0.89 i_ptm 0.20 energy -6.75
250 models [0] recycles 0 hard 1 soft 0 temp 0.00 loss 3.05 i_con 4.33 plddt 0.32 ptm 0.88 i_ptm 0.24 energy -6.75
  seq=NDGSPAQLLLFQCTC  loss=3.0499  loss_af=4.4006  energy=-6.7540  i_ptm=0.2445
[2/10] seed=1 ...
1 models [0] recycles 0 hard 0 soft 1 temp 1 loss 8.31 i_con 7.90 plddt 0.56 ptm 0.86 i_ptm 0.13 energy 7.40
2 models [1] recycles 0 hard 0 soft 1 temp 1 loss 7.63 i_con 7.23 plddt 0.53 ptm 0.88 i_ptm 0.08 energy 7.17
3 models [0] recycles 0 hard 0 soft 1 temp 1 loss 7.62 i_con 7.23 plddt 0.52 ptm 0.86 i_ptm 0.12 energy 6.85
4 models [1] recycles 0 hard 0 soft 1 temp 1 loss 7.28 i_con 6.90 plddt 0.53 ptm 0.88 i_ptm 0.09 energy 6.59
5 models [0] recycles 0 hard 0 soft 1 temp 1 loss 7.12 i_con 6.76 plddt 0.57 ptm 0.86 i_ptm 0.13 energy 6.28
6 models [1] recycles 0 hard 0 soft 1 temp 1 loss 7.53 i_con 7.18 plddt 0.49 ptm 0.88 i_ptm 0.09 energy 6.05
7 models [1] recycles 0 hard 0 soft 1 temp 1 loss 7.24 i_con 6.90 plddt 0.52 ptm 0.88 i_ptm 0.08 energy 5.68
8 models [1] recycles 0 hard 0 soft 1 temp 1 loss 7.08 i_con 6.76 plddt 0.52 ptm 0.88 i_ptm 0.09 energy 5.40
9 models [1] recycles 0 hard 0 soft 1 temp 1 loss 6.54 i_con 6.24 plddt 0.52 ptm 0.88 i_ptm 0.08 energy 5.15
10 models [0] recycles 0 hard 0 soft 1 temp 1 loss 5.88 i_con 5.57 plddt 0.42 ptm 0.86 i_ptm 0.11 energy 5.03
11 models [1] recycles 0 hard 0 soft 1 temp 1 loss 6.43 i_con 6.13 plddt 0.49 ptm 0.88 i_ptm 0.07 energy 4.89
12 models [1] recycles 0 hard 0 soft 1 temp 1 loss 6.34 i_con 6.05 plddt 0.48 ptm 0.88 i_ptm 0.08 energy 4.79
13 models [1] recycles 0 hard 0 soft 1 temp 1 loss 6.18 i_con 5.91 plddt 0.50 ptm 0.88 i_ptm 0.08 energy 4.53
14 models [0] recycles 0 hard 0 soft 1 temp 1 loss 5.56 i_con 5.28 plddt 0.40 ptm 0.86 i_ptm 0.11 energy 4.31
15 models [0] recycles 0 hard 0 soft 1 temp 1 loss 5.15 i_con 4.86 plddt 0.35 ptm 0.86 i_ptm 0.13 energy 4.49
16 models [0] recycles 0 hard 0 soft 1 temp 1 loss 4.86 i_con 4.57 plddt 0.41 ptm 0.87 i_ptm 0.21 energy 4.47
17 models [0] recycles 0 hard 0 soft 1 temp 1 loss 4.79 i_con 4.51 plddt 0.36 ptm 0.87 i_ptm 0.19 energy 4.35
18 models [1] recycles 0 hard 0 soft 1 temp 1 loss 5.73 i_con 5.49 plddt 0.46 ptm 0.88 i_ptm 0.09 energy 3.85
19 models [1] recycles 0 hard 0 soft 1 temp 1 loss 5.95 i_con 5.68 plddt 0.42 ptm 0.88 i_ptm 0.08 energy 4.28
20 models [1] recycles 0 hard 0 soft 1 temp 1 loss 5.41 i_con 5.11 plddt 0.40 ptm 0.88 i_ptm 0.11 energy 4.67
21 models [0] recycles 0 hard 0 soft 1 temp 1 loss 4.75 i_con 4.42 plddt 0.38 ptm 0.87 i_ptm 0.20 energy 5.21
22 models [1] recycles 0 hard 0 soft 1 temp 1 loss 5.37 i_con 5.09 plddt 0.36 ptm 0.88 i_ptm 0.13 energy 4.27
23 models [1] recycles 0 hard 0 soft 1 temp 1 loss 5.37 i_con 5.11 plddt 0.35 ptm 0.88 i_ptm 0.12 energy 3.78
24 models [1] recycles 0 hard 0 soft 1 temp 1 loss 5.41 i_con 5.19 plddt 0.35 ptm 0.88 i_ptm 0.11 energy 3.19
25 models [0] recycles 0 hard 0 soft 1 temp 1 loss 4.71 i_con 4.48 plddt 0.41 ptm 0.87 i_ptm 0.23 energy 3.46
26 models [0] recycles 0 hard 0 soft 1 temp 1 loss 5.02 i_con 4.80 plddt 0.37 ptm 0.87 i_ptm 0.17 energy 3.14
27 models [1] recycles 0 hard 0 soft 1 temp 1 loss 5.59 i_con 5.39 plddt 0.37 ptm 0.88 i_ptm 0.09 energy 2.79
28 models [1] recycles 0 hard 0 soft 1 temp 1 loss 5.14 i_con 4.93 plddt 0.35 ptm 0.88 i_ptm 0.16 energy 2.93
29 models [1] recycles 0 hard 0 soft 1 temp 1 loss 5.31 i_con 5.13 plddt 0.43 ptm 0.88 i_ptm 0.12 energy 2.42
30 models [0] recycles 0 hard 0 soft 1 temp 1 loss 4.63 i_con 4.44 plddt 0.40 ptm 0.87 i_ptm 0.21 energy 2.62
31 models [0] recycles 0 hard 0 soft 1 temp 1 loss 4.70 i_con 4.53 plddt 0.39 ptm 0.87 i_ptm 0.21 energy 2.25
32 models [1] recycles 0 hard 0 soft 1 temp 1 loss 5.25 i_con 5.07 plddt 0.39 ptm 0.88 i_ptm 0.12 energy 2.35
33 models [0] recycles 0 hard 0 soft 1 temp 1 loss 4.56 i_con 4.38 plddt 0.39 ptm 0.87 i_ptm 0.24 energy 2.23
34 models [0] recycles 0 hard 0 soft 1 temp 1 loss 4.52 i_con 4.38 plddt 0.41 ptm 0.87 i_ptm 0.24 energy 1.65
35 models [0] recycles 0 hard 0 soft 1 temp 1 loss 4.81 i_con 4.69 plddt 0.39 ptm 0.86 i_ptm 0.19 energy 1.19
36 models [0] recycles 0 hard 0 soft 1 temp 1 loss 4.46 i_con 4.33 plddt 0.40 ptm 0.87 i_ptm 0.23 energy 1.44
37 models [0] recycles 0 hard 0 soft 1 temp 1 loss 4.35 i_con 4.25 plddt 0.38 ptm 0.87 i_ptm 0.24 energy 0.76
38 models [0] recycles 0 hard 0 soft 1 temp 1 loss 4.46 i_con 4.39 plddt 0.38 ptm 0.87 i_ptm 0.24 energy 0.28
39 models [1] recycles 0 hard 0 soft 1 temp 1 loss 5.34 i_con 5.26 plddt 0.40 ptm 0.88 i_ptm 0.09 energy 0.32
40 models [0] recycles 0 hard 0 soft 1 temp 1 loss 4.36 i_con 4.29 plddt 0.42 ptm 0.87 i_ptm 0.25 energy 0.14
41 models [0] recycles 0 hard 0 soft 1 temp 1 loss 4.70 i_con 4.63 plddt 0.40 ptm 0.87 i_ptm 0.20 energy 0.13
42 models [1] recycles 0 hard 0 soft 1 temp 1 loss 4.88 i_con 4.81 plddt 0.36 ptm 0.88 i_ptm 0.18 energy 0.18
43 models [1] recycles 0 hard 0 soft 1 temp 1 loss 5.25 i_con 5.20 plddt 0.39 ptm 0.88 i_ptm 0.12 energy -0.10
44 models [0] recycles 0 hard 0 soft 1 temp 1 loss 5.02 i_con 4.98 plddt 0.39 ptm 0.86 i_ptm 0.13 energy -0.42
45 models [0] recycles 0 hard 0 soft 1 temp 1 loss 4.24 i_con 4.20 plddt 0.40 ptm 0.87 i_ptm 0.25 energy -0.35
46 models [0] recycles 0 hard 0 soft 1 temp 1 loss 4.67 i_con 4.65 plddt 0.41 ptm 0.87 i_ptm 0.18 energy -0.84
47 models [0] recycles 0 hard 0 soft 1 temp 1 loss 4.26 i_con 4.26 plddt 0.39 ptm 0.87 i_ptm 0.20 energy -1.05
48 models [0] recycles 0 hard 0 soft 1 temp 1 loss 4.16 i_con 4.16 plddt 0.41 ptm 0.87 i_ptm 0.25 energy -1.24
49 models [0] recycles 0 hard 0 soft 1 temp 1 loss 4.38 i_con 4.38 plddt 0.40 ptm 0.87 i_ptm 0.22 energy -1.29
50 models [1] recycles 0 hard 0 soft 1 temp 1 loss 5.13 i_con 5.14 plddt 0.37 ptm 0.88 i_ptm 0.12 energy -1.31
51 models [1] recycles 0 hard 0 soft 1 temp 1 loss 4.08 i_con 4.29 plddt 0.39 ptm 0.89 i_ptm 0.23 energy -1.35
52 models [1] recycles 0 hard 0 soft 1 temp 1 loss 4.43 i_con 4.69 plddt 0.35 ptm 0.88 i_ptm 0.17 energy -1.61
53 models [1] recycles 0 hard 0 soft 1 temp 1 loss 4.15 i_con 4.52 plddt 0.35 ptm 0.88 i_ptm 0.20 energy -2.14
54 models [0] recycles 0 hard 0 soft 1 temp 1 loss 3.83 i_con 4.27 plddt 0.42 ptm 0.87 i_ptm 0.24 energy -2.46
55 models [0] recycles 0 hard 0 soft 1 temp 1 loss 3.75 i_con 4.25 plddt 0.43 ptm 0.87 i_ptm 0.25 energy -2.78
56 models [0] recycles 0 hard 0 soft 1 temp 1 loss 3.55 i_con 4.05 plddt 0.41 ptm 0.87 i_ptm 0.29 energy -2.82
57 models [0] recycles 0 hard 0 soft 1 temp 1 loss 3.45 i_con 3.99 plddt 0.45 ptm 0.87 i_ptm 0.31 energy -2.98
58 models [0] recycles 0 hard 0 soft 1 temp 1 loss 3.42 i_con 3.96 plddt 0.43 ptm 0.87 i_ptm 0.32 energy -2.97
59 models [0] recycles 0 hard 0 soft 1 temp 1 loss 3.37 i_con 3.97 plddt 0.46 ptm 0.87 i_ptm 0.33 energy -3.27
60 models [1] recycles 0 hard 0 soft 1 temp 1 loss 3.84 i_con 4.47 plddt 0.40 ptm 0.88 i_ptm 0.21 energy -3.43
61 models [1] recycles 0 hard 0 soft 1 temp 1 loss 3.53 i_con 4.16 plddt 0.42 ptm 0.89 i_ptm 0.29 energy -3.46
62 models [0] recycles 0 hard 0 soft 1 temp 1 loss 3.23 i_con 3.88 plddt 0.45 ptm 0.88 i_ptm 0.34 energy -3.52
63 models [0] recycles 0 hard 0 soft 1 temp 1 loss 3.34 i_con 3.98 plddt 0.42 ptm 0.87 i_ptm 0.35 energy -3.48
64 models [0] recycles 0 hard 0 soft 1 temp 1 loss 3.18 i_con 3.87 plddt 0.46 ptm 0.88 i_ptm 0.38 energy -3.73
65 models [1] recycles 0 hard 0 soft 1 temp 1 loss 3.23 i_con 3.91 plddt 0.46 ptm 0.89 i_ptm 0.35 energy -3.64
66 models [1] recycles 0 hard 0 soft 1 temp 1 loss 3.28 i_con 4.00 plddt 0.41 ptm 0.89 i_ptm 0.30 energy -3.87
67 models [0] recycles 0 hard 0 soft 1 temp 1 loss 3.08 i_con 3.79 plddt 0.45 ptm 0.88 i_ptm 0.40 energy -3.80
68 models [0] recycles 0 hard 0 soft 1 temp 1 loss 3.02 i_con 3.75 plddt 0.45 ptm 0.88 i_ptm 0.39 energy -3.94
69 models [1] recycles 0 hard 0 soft 1 temp 1 loss 3.43 i_con 4.20 plddt 0.40 ptm 0.89 i_ptm 0.27 energy -4.14
70 models [1] recycles 0 hard 0 soft 1 temp 1 loss 3.15 i_con 3.90 plddt 0.46 ptm 0.89 i_ptm 0.37 energy -4.02
71 models [1] recycles 0 hard 0 soft 1 temp 1 loss 3.81 i_con 4.53 plddt 0.37 ptm 0.88 i_ptm 0.20 energy -3.94
72 models [1] recycles 0 hard 0 soft 1 temp 1 loss 3.30 i_con 4.00 plddt 0.41 ptm 0.89 i_ptm 0.33 energy -3.83
73 models [0] recycles 0 hard 0 soft 1 temp 1 loss 3.17 i_con 3.93 plddt 0.43 ptm 0.88 i_ptm 0.31 energy -4.07
74 models [0] recycles 0 hard 0 soft 1 temp 1 loss 3.18 i_con 3.96 plddt 0.45 ptm 0.88 i_ptm 0.32 energy -4.17
75 models [1] recycles 0 hard 0 soft 1 temp 1 loss 3.09 i_con 3.90 plddt 0.44 ptm 0.89 i_ptm 0.38 energy -4.32
76 models [1] recycles 0 hard 0 soft 1 temp 1 loss 3.26 i_con 4.08 plddt 0.41 ptm 0.89 i_ptm 0.31 energy -4.39
77 models [1] recycles 0 hard 0 soft 1 temp 1 loss 3.04 i_con 3.88 plddt 0.43 ptm 0.89 i_ptm 0.39 energy -4.46
78 models [1] recycles 0 hard 0 soft 1 temp 1 loss 3.62 i_con 4.47 plddt 0.38 ptm 0.88 i_ptm 0.23 energy -4.56
79 models [0] recycles 0 hard 0 soft 1 temp 1 loss 3.27 i_con 4.14 plddt 0.43 ptm 0.87 i_ptm 0.26 energy -4.64
80 models [1] recycles 0 hard 0 soft 1 temp 1 loss 3.18 i_con 4.05 plddt 0.44 ptm 0.89 i_ptm 0.31 energy -4.63
81 models [0] recycles 0 hard 0 soft 1 temp 1 loss 3.08 i_con 3.94 plddt 0.43 ptm 0.88 i_ptm 0.31 energy -4.59
82 models [0] recycles 0 hard 0 soft 1 temp 1 loss 3.21 i_con 4.10 plddt 0.46 ptm 0.87 i_ptm 0.28 energy -4.75
83 models [1] recycles 0 hard 0 soft 1 temp 1 loss 3.15 i_con 4.05 plddt 0.42 ptm 0.89 i_ptm 0.33 energy -4.79
84 models [1] recycles 0 hard 0 soft 1 temp 1 loss 2.97 i_con 3.87 plddt 0.44 ptm 0.89 i_ptm 0.39 energy -4.76
85 models [1] recycles 0 hard 0 soft 1 temp 1 loss 3.16 i_con 4.08 plddt 0.40 ptm 0.89 i_ptm 0.29 energy -4.92
86 models [1] recycles 0 hard 0 soft 1 temp 1 loss 3.07 i_con 3.99 plddt 0.41 ptm 0.89 i_ptm 0.32 energy -4.90
87 models [1] recycles 0 hard 0 soft 1 temp 1 loss 2.98 i_con 3.90 plddt 0.46 ptm 0.89 i_ptm 0.36 energy -4.86
88 models [0] recycles 0 hard 0 soft 1 temp 1 loss 2.88 i_con 3.84 plddt 0.43 ptm 0.88 i_ptm 0.35 energy -5.08
89 models [1] recycles 0 hard 0 soft 1 temp 1 loss 3.37 i_con 4.34 plddt 0.40 ptm 0.89 i_ptm 0.25 energy -5.17
90 models [1] recycles 0 hard 0 soft 1 temp 1 loss 3.01 i_con 3.95 plddt 0.39 ptm 0.89 i_ptm 0.34 energy -5.04
91 models [0] recycles 0 hard 0 soft 1 temp 1 loss 2.85 i_con 3.85 plddt 0.42 ptm 0.88 i_ptm 0.34 energy -5.27
92 models [1] recycles 0 hard 0 soft 1 temp 1 loss 2.96 i_con 4.00 plddt 0.42 ptm 0.89 i_ptm 0.34 energy -5.46
93 models [1] recycles 0 hard 0 soft 1 temp 1 loss 3.37 i_con 4.38 plddt 0.37 ptm 0.88 i_ptm 0.23 energy -5.39
94 models [1] recycles 0 hard 0 soft 1 temp 1 loss 3.09 i_con 4.12 plddt 0.42 ptm 0.89 i_ptm 0.31 energy -5.43
95 models [0] recycles 0 hard 0 soft 1 temp 1 loss 3.01 i_con 4.04 plddt 0.43 ptm 0.87 i_ptm 0.30 energy -5.42
96 models [1] recycles 0 hard 0 soft 1 temp 1 loss 2.99 i_con 3.99 plddt 0.45 ptm 0.89 i_ptm 0.33 energy -5.27
97 models [0] recycles 0 hard 0 soft 1 temp 1 loss 2.94 i_con 3.92 plddt 0.42 ptm 0.87 i_ptm 0.34 energy -5.20
98 models [1] recycles 0 hard 0 soft 1 temp 1 loss 3.10 i_con 4.08 plddt 0.37 ptm 0.89 i_ptm 0.27 energy -5.22
99 models [1] recycles 0 hard 0 soft 1 temp 1 loss 3.12 i_con 4.10 plddt 0.41 ptm 0.89 i_ptm 0.28 energy -5.22
100 models [1] recycles 0 hard 0 soft 1 temp 1 loss 2.85 i_con 3.85 plddt 0.42 ptm 0.89 i_ptm 0.39 energy -5.31
101 models [0] recycles 0 hard 0 soft 0 temp 1 loss 1.50 i_con 7.09 plddt 0.49 ptm 0.87 i_ptm 0.12 energy -28.21
102 models [0] recycles 0 hard 0 soft 0 temp 0.99 loss -0.58 i_con 5.22 plddt 0.48 ptm 0.87 i_ptm 0.20 energy -29.27
103 models [0] recycles 0 hard 0 soft 0 temp 0.98 loss -0.78 i_con 5.20 plddt 0.46 ptm 0.87 i_ptm 0.22 energy -30.18
104 models [0] recycles 0 hard 0 soft 0 temp 0.97 loss -1.45 i_con 4.67 plddt 0.46 ptm 0.87 i_ptm 0.25 energy -30.89
105 models [1] recycles 0 hard 0 soft 0 temp 0.96 loss -0.16 i_con 6.23 plddt 0.50 ptm 0.88 i_ptm 0.09 energy -32.17
106 models [1] recycles 0 hard 0 soft 0 temp 0.95 loss -2.10 i_con 4.44 plddt 0.42 ptm 0.88 i_ptm 0.23 energy -32.98
107 models [1] recycles 0 hard 0 soft 0 temp 0.94 loss -2.19 i_con 4.46 plddt 0.45 ptm 0.88 i_ptm 0.24 energy -33.53
108 models [0] recycles 0 hard 0 soft 0 temp 0.93 loss -3.04 i_con 3.88 plddt 0.44 ptm 0.87 i_ptm 0.37 energy -34.86
109 models [1] recycles 0 hard 0 soft 0 temp 0.92 loss -3.40 i_con 4.00 plddt 0.45 ptm 0.89 i_ptm 0.33 energy -37.25
110 models [0] recycles 0 hard 0 soft 0 temp 0.91 loss -3.75 i_con 4.09 plddt 0.41 ptm 0.87 i_ptm 0.30 energy -39.51
111 models [1] recycles 0 hard 0 soft 0 temp 0.90 loss -4.34 i_con 3.93 plddt 0.47 ptm 0.89 i_ptm 0.36 energy -41.61
112 models [0] recycles 0 hard 0 soft 0 temp 0.89 loss -4.65 i_con 4.04 plddt 0.43 ptm 0.87 i_ptm 0.33 energy -43.73
113 models [0] recycles 0 hard 0 soft 0 temp 0.88 loss -5.27 i_con 3.85 plddt 0.46 ptm 0.87 i_ptm 0.38 energy -45.89
114 models [1] recycles 0 hard 0 soft 0 temp 0.87 loss -5.73 i_con 3.84 plddt 0.46 ptm 0.89 i_ptm 0.38 energy -48.15
115 models [0] recycles 0 hard 0 soft 0 temp 0.86 loss -5.96 i_con 4.07 plddt 0.44 ptm 0.88 i_ptm 0.31 energy -50.44
116 models [1] recycles 0 hard 0 soft 0 temp 0.85 loss -6.17 i_con 4.29 plddt 0.38 ptm 0.89 i_ptm 0.24 energy -52.60
117 models [0] recycles 0 hard 0 soft 0 temp 0.84 loss -6.89 i_con 3.92 plddt 0.44 ptm 0.87 i_ptm 0.36 energy -54.29
118 models [1] recycles 0 hard 0 soft 0 temp 0.83 loss -7.08 i_con 4.14 plddt 0.44 ptm 0.89 i_ptm 0.30 energy -56.41
119 models [1] recycles 0 hard 0 soft 0 temp 0.82 loss -7.66 i_con 3.95 plddt 0.45 ptm 0.89 i_ptm 0.39 energy -58.35
120 models [0] recycles 0 hard 0 soft 0 temp 0.81 loss -8.12 i_con 3.83 plddt 0.47 ptm 0.88 i_ptm 0.44 energy -60.03
121 models [0] recycles 0 hard 0 soft 0 temp 0.80 loss -8.45 i_con 3.96 plddt 0.46 ptm 0.88 i_ptm 0.35 energy -62.31
122 models [1] recycles 0 hard 0 soft 0 temp 0.79 loss -8.44 i_con 4.37 plddt 0.45 ptm 0.88 i_ptm 0.27 energy -64.32
123 models [0] recycles 0 hard 0 soft 0 temp 0.78 loss -9.10 i_con 4.02 plddt 0.45 ptm 0.87 i_ptm 0.32 energy -65.86
124 models [1] recycles 0 hard 0 soft 0 temp 0.77 loss -9.39 i_con 4.14 plddt 0.40 ptm 0.89 i_ptm 0.26 energy -67.94
125 models [1] recycles 0 hard 0 soft 0 temp 0.76 loss -10.03 i_con 3.83 plddt 0.43 ptm 0.89 i_ptm 0.39 energy -69.59
126 models [0] recycles 0 hard 0 soft 0 temp 0.75 loss -10.16 i_con 4.10 plddt 0.44 ptm 0.87 i_ptm 0.33 energy -71.59
127 models [1] recycles 0 hard 0 soft 0 temp 0.74 loss -10.46 i_con 4.27 plddt 0.44 ptm 0.89 i_ptm 0.26 energy -73.92
128 models [1] recycles 0 hard 0 soft 0 temp 0.73 loss -11.14 i_con 3.96 plddt 0.42 ptm 0.89 i_ptm 0.36 energy -75.81
129 models [0] recycles 0 hard 0 soft 0 temp 0.72 loss -11.58 i_con 3.97 plddt 0.44 ptm 0.87 i_ptm 0.32 energy -78.03
130 models [1] recycles 0 hard 0 soft 0 temp 0.71 loss -11.85 i_con 4.10 plddt 0.42 ptm 0.89 i_ptm 0.29 energy -80.03
131 models [0] recycles 0 hard 0 soft 0 temp 0.70 loss -12.36 i_con 3.99 plddt 0.46 ptm 0.88 i_ptm 0.35 energy -82.05
132 models [1] recycles 0 hard 0 soft 0 temp 0.69 loss -12.73 i_con 4.02 plddt 0.43 ptm 0.89 i_ptm 0.30 energy -84.07
133 models [0] recycles 0 hard 0 soft 0 temp 0.68 loss -13.15 i_con 4.02 plddt 0.46 ptm 0.87 i_ptm 0.34 energy -86.11
134 models [1] recycles 0 hard 0 soft 0 temp 0.67 loss -13.73 i_con 3.86 plddt 0.47 ptm 0.90 i_ptm 0.41 energy -88.22
135 models [0] recycles 0 hard 0 soft 0 temp 0.66 loss -13.78 i_con 4.12 plddt 0.43 ptm 0.87 i_ptm 0.32 energy -89.78
136 models [0] recycles 0 hard 0 soft 0 temp 0.65 loss -14.31 i_con 4.01 plddt 0.46 ptm 0.87 i_ptm 0.35 energy -91.84
137 models [0] recycles 0 hard 0 soft 0 temp 0.64 loss -14.37 i_con 4.33 plddt 0.43 ptm 0.87 i_ptm 0.27 energy -93.79
138 models [0] recycles 0 hard 0 soft 0 temp 0.63 loss -14.98 i_con 4.08 plddt 0.41 ptm 0.87 i_ptm 0.30 energy -95.60
139 models [0] recycles 0 hard 0 soft 0 temp 0.62 loss -15.49 i_con 3.98 plddt 0.43 ptm 0.87 i_ptm 0.36 energy -97.62
140 models [0] recycles 0 hard 0 soft 0 temp 0.61 loss -15.74 i_con 4.20 plddt 0.43 ptm 0.87 i_ptm 0.29 energy -99.97
141 models [0] recycles 0 hard 0 soft 0 temp 0.60 loss -16.26 i_con 4.09 plddt 0.42 ptm 0.87 i_ptm 0.32 energy -102.04
142 models [1] recycles 0 hard 0 soft 0 temp 0.59 loss -16.40 i_con 4.27 plddt 0.40 ptm 0.89 i_ptm 0.24 energy -103.64
143 models [1] recycles 0 hard 0 soft 0 temp 0.58 loss -17.02 i_con 4.00 plddt 0.40 ptm 0.89 i_ptm 0.31 energy -105.39
144 models [0] recycles 0 hard 0 soft 0 temp 0.57 loss -17.20 i_con 4.23 plddt 0.38 ptm 0.87 i_ptm 0.28 energy -107.46
145 models [0] recycles 0 hard 0 soft 0 temp 0.56 loss -17.14 i_con 4.71 plddt 0.39 ptm 0.87 i_ptm 0.20 energy -109.56
146 models [1] recycles 0 hard 0 soft 0 temp 0.55 loss -17.84 i_con 4.35 plddt 0.37 ptm 0.88 i_ptm 0.22 energy -111.30
147 models [1] recycles 0 hard 0 soft 0 temp 0.54 loss -18.49 i_con 4.09 plddt 0.43 ptm 0.89 i_ptm 0.28 energy -113.22
148 models [0] recycles 0 hard 0 soft 0 temp 0.53 loss -18.64 i_con 4.33 plddt 0.36 ptm 0.87 i_ptm 0.24 energy -115.16
149 models [0] recycles 0 hard 0 soft 0 temp 0.52 loss -18.76 i_con 4.60 plddt 0.37 ptm 0.87 i_ptm 0.21 energy -117.10
150 models [1] recycles 0 hard 0 soft 0 temp 0.51 loss -19.36 i_con 4.35 plddt 0.34 ptm 0.89 i_ptm 0.24 energy -118.88
151 models [0] recycles 0 hard 0 soft 0 temp 0.50 loss -19.77 i_con 4.39 plddt 0.37 ptm 0.87 i_ptm 0.26 energy -121.09
152 models [0] recycles 0 hard 0 soft 0 temp 0.49 loss -20.31 i_con 4.16 plddt 0.36 ptm 0.87 i_ptm 0.27 energy -122.68
153 models [0] recycles 0 hard 0 soft 0 temp 0.48 loss -20.61 i_con 4.30 plddt 0.37 ptm 0.87 i_ptm 0.24 energy -124.87
154 models [1] recycles 0 hard 0 soft 0 temp 0.47 loss -21.02 i_con 4.31 plddt 0.37 ptm 0.89 i_ptm 0.22 energy -126.96
155 models [1] recycles 0 hard 0 soft 0 temp 0.46 loss -21.56 i_con 4.23 plddt 0.39 ptm 0.88 i_ptm 0.24 energy -129.24
156 models [1] recycles 0 hard 0 soft 0 temp 0.45 loss -21.72 i_con 4.50 plddt 0.36 ptm 0.88 i_ptm 0.19 energy -131.43
157 models [0] recycles 0 hard 0 soft 0 temp 0.44 loss -22.34 i_con 4.27 plddt 0.35 ptm 0.87 i_ptm 0.22 energy -133.40
158 models [1] recycles 0 hard 0 soft 0 temp 0.43 loss -22.47 i_con 4.58 plddt 0.39 ptm 0.88 i_ptm 0.18 energy -135.55
159 models [0] recycles 0 hard 0 soft 0 temp 0.42 loss -22.71 i_con 4.72 plddt 0.35 ptm 0.87 i_ptm 0.19 energy -137.50
160 models [0] recycles 0 hard 0 soft 0 temp 0.41 loss -23.30 i_con 4.52 plddt 0.37 ptm 0.87 i_ptm 0.20 energy -139.44
161 models [0] recycles 0 hard 0 soft 0 temp 0.40 loss -23.56 i_con 4.66 plddt 0.35 ptm 0.87 i_ptm 0.22 energy -141.44
162 models [1] recycles 0 hard 0 soft 0 temp 0.39 loss -23.84 i_con 4.77 plddt 0.34 ptm 0.88 i_ptm 0.15 energy -143.34
163 models [0] recycles 0 hard 0 soft 0 temp 0.38 loss -24.67 i_con 4.32 plddt 0.35 ptm 0.87 i_ptm 0.22 energy -145.27
164 models [1] recycles 0 hard 0 soft 0 temp 0.37 loss -24.58 i_con 4.80 plddt 0.38 ptm 0.88 i_ptm 0.13 energy -147.23
165 models [1] recycles 0 hard 0 soft 0 temp 0.36 loss -25.08 i_con 4.64 plddt 0.33 ptm 0.88 i_ptm 0.15 energy -148.92
166 models [1] recycles 0 hard 0 soft 0 temp 0.35 loss -25.27 i_con 4.84 plddt 0.36 ptm 0.88 i_ptm 0.13 energy -150.90
167 models [0] recycles 0 hard 0 soft 0 temp 0.34 loss -25.04 i_con 5.44 plddt 0.36 ptm 0.87 i_ptm 0.13 energy -152.70
168 models [0] recycles 0 hard 0 soft 0 temp 0.33 loss -26.04 i_con 4.47 plddt 0.35 ptm 0.87 i_ptm 0.22 energy -152.87
169 models [1] recycles 0 hard 0 soft 0 temp 0.32 loss -26.08 i_con 4.85 plddt 0.32 ptm 0.88 i_ptm 0.14 energy -154.96
170 models [0] recycles 0 hard 0 soft 0 temp 0.31 loss -26.20 i_con 5.09 plddt 0.34 ptm 0.87 i_ptm 0.16 energy -156.76
171 models [1] recycles 0 hard 0 soft 0 temp 0.30 loss -26.96 i_con 4.58 plddt 0.34 ptm 0.88 i_ptm 0.19 energy -158.06
172 models [1] recycles 0 hard 0 soft 0 temp 0.29 loss -27.37 i_con 4.56 plddt 0.35 ptm 0.88 i_ptm 0.17 energy -160.01
173 models [0] recycles 0 hard 0 soft 0 temp 0.28 loss -27.74 i_con 4.62 plddt 0.39 ptm 0.87 i_ptm 0.18 energy -162.11
174 models [1] recycles 0 hard 0 soft 0 temp 0.27 loss -28.11 i_con 4.44 plddt 0.40 ptm 0.88 i_ptm 0.19 energy -163.05
175 models [1] recycles 0 hard 0 soft 0 temp 0.26 loss -27.85 i_con 5.09 plddt 0.37 ptm 0.88 i_ptm 0.12 energy -165.00
176 models [1] recycles 0 hard 0 soft 0 temp 0.25 loss -28.78 i_con 4.53 plddt 0.34 ptm 0.89 i_ptm 0.19 energy -166.88
177 models [0] recycles 0 hard 0 soft 0 temp 0.24 loss -28.92 i_con 4.79 plddt 0.33 ptm 0.87 i_ptm 0.19 energy -168.88
178 models [1] recycles 0 hard 0 soft 0 temp 0.23 loss -28.72 i_con 5.37 plddt 0.38 ptm 0.88 i_ptm 0.11 energy -170.75
179 models [1] recycles 0 hard 0 soft 0 temp 0.22 loss -29.56 i_con 4.88 plddt 0.31 ptm 0.88 i_ptm 0.13 energy -172.57
180 models [0] recycles 0 hard 0 soft 0 temp 0.21 loss -29.48 i_con 5.38 plddt 0.34 ptm 0.87 i_ptm 0.14 energy -174.59
181 models [1] recycles 0 hard 0 soft 0 temp 0.20 loss -30.18 i_con 5.07 plddt 0.34 ptm 0.88 i_ptm 0.12 energy -176.55
182 models [0] recycles 0 hard 0 soft 0 temp 0.19 loss -30.01 i_con 5.55 plddt 0.37 ptm 0.86 i_ptm 0.15 energy -178.12
183 models [0] recycles 0 hard 0 soft 0 temp 0.18 loss -30.66 i_con 5.00 plddt 0.30 ptm 0.86 i_ptm 0.16 energy -178.64
184 models [0] recycles 0 hard 0 soft 0 temp 0.17 loss -30.78 i_con 5.26 plddt 0.36 ptm 0.87 i_ptm 0.16 energy -180.53
185 models [1] recycles 0 hard 0 soft 0 temp 0.16 loss -30.80 i_con 5.60 plddt 0.44 ptm 0.88 i_ptm 0.10 energy -182.29
186 models [0] recycles 0 hard 0 soft 0 temp 0.15 loss -30.94 i_con 5.76 plddt 0.34 ptm 0.86 i_ptm 0.16 energy -183.83
187 models [1] recycles 0 hard 0 soft 0 temp 0.14 loss -31.58 i_con 5.44 plddt 0.44 ptm 0.88 i_ptm 0.11 energy -185.39
188 models [1] recycles 0 hard 0 soft 0 temp 0.13 loss -32.50 i_con 4.89 plddt 0.32 ptm 0.88 i_ptm 0.13 energy -187.31
189 models [1] recycles 0 hard 0 soft 0 temp 0.12 loss -32.55 i_con 5.16 plddt 0.41 ptm 0.88 i_ptm 0.13 energy -188.86
190 models [0] recycles 0 hard 0 soft 0 temp 0.11 loss -32.63 i_con 5.45 plddt 0.37 ptm 0.86 i_ptm 0.16 energy -190.74
191 models [1] recycles 0 hard 0 soft 0 temp 0.10 loss -33.47 i_con 4.95 plddt 0.36 ptm 0.88 i_ptm 0.14 energy -192.40
192 models [0] recycles 0 hard 0 soft 0 temp 0.09 loss -33.69 i_con 5.13 plddt 0.28 ptm 0.87 i_ptm 0.16 energy -194.49
193 models [0] recycles 0 hard 0 soft 0 temp 0.08 loss -33.33 i_con 5.70 plddt 0.32 ptm 0.86 i_ptm 0.15 energy -195.50
194 models [1] recycles 0 hard 0 soft 0 temp 0.07 loss -34.19 i_con 5.09 plddt 0.34 ptm 0.88 i_ptm 0.13 energy -196.73
195 models [1] recycles 0 hard 0 soft 0 temp 0.06 loss -34.41 i_con 5.26 plddt 0.35 ptm 0.88 i_ptm 0.12 energy -198.69
196 models [0] recycles 0 hard 0 soft 0 temp 0.05 loss -34.53 i_con 5.50 plddt 0.33 ptm 0.86 i_ptm 0.17 energy -200.49
197 models [1] recycles 0 hard 0 soft 0 temp 0.04 loss -35.05 i_con 5.35 plddt 0.35 ptm 0.88 i_ptm 0.13 energy -202.36
198 models [0] recycles 0 hard 0 soft 0 temp 0.03 loss -35.35 i_con 5.35 plddt 0.30 ptm 0.86 i_ptm 0.16 energy -203.82
199 models [0] recycles 0 hard 0 soft 0 temp 0.02 loss -35.45 i_con 5.60 plddt 0.31 ptm 0.86 i_ptm 0.16 energy -205.57
200 models [1] recycles 0 hard 0 soft 0 temp 0.01 loss -35.53 i_con 5.90 plddt 0.35 ptm 0.88 i_ptm 0.13 energy -207.48
201 models [1] recycles 0 hard 1 soft 0 temp 0.00 loss 2.81 i_con 4.04 plddt 0.35 ptm 0.89 i_ptm 0.30 energy -6.43
202 models [0] recycles 0 hard 1 soft 0 temp 0.00 loss 2.80 i_con 4.02 plddt 0.31 ptm 0.88 i_ptm 0.25 energy -6.43
203 models [1] recycles 0 hard 1 soft 0 temp 0.00 loss 2.81 i_con 4.04 plddt 0.35 ptm 0.89 i_ptm 0.30 energy -6.43
204 models [1] recycles 0 hard 1 soft 0 temp 0.00 loss 2.81 i_con 4.04 plddt 0.35 ptm 0.89 i_ptm 0.30 energy -6.43
205 models [0] recycles 0 hard 1 soft 0 temp 0.00 loss 2.80 i_con 4.02 plddt 0.31 ptm 0.88 i_ptm 0.25 energy -6.43
206 models [0] recycles 0 hard 1 soft 0 temp 0.00 loss 2.80 i_con 4.02 plddt 0.31 ptm 0.88 i_ptm 0.25 energy -6.43
207 models [0] recycles 0 hard 1 soft 0 temp 0.00 loss 2.80 i_con 4.02 plddt 0.31 ptm 0.88 i_ptm 0.25 energy -6.43
208 models [0] recycles 0 hard 1 soft 0 temp 0.00 loss 2.80 i_con 4.02 plddt 0.31 ptm 0.88 i_ptm 0.25 energy -6.43
209 models [0] recycles 0 hard 1 soft 0 temp 0.00 loss 2.80 i_con 4.02 plddt 0.31 ptm 0.88 i_ptm 0.25 energy -6.43
210 models [0] recycles 0 hard 1 soft 0 temp 0.00 loss 2.80 i_con 4.02 plddt 0.31 ptm 0.88 i_ptm 0.25 energy -6.43
211 models [0] recycles 0 hard 1 soft 0 temp 0.00 loss 2.80 i_con 4.02 plddt 0.31 ptm 0.88 i_ptm 0.25 energy -6.43
212 models [0] recycles 0 hard 1 soft 0 temp 0.00 loss 2.80 i_con 4.02 plddt 0.31 ptm 0.88 i_ptm 0.25 energy -6.43
213 models [1] recycles 0 hard 1 soft 0 temp 0.00 loss 2.81 i_con 4.04 plddt 0.35 ptm 0.89 i_ptm 0.30 energy -6.43
214 models [0] recycles 0 hard 1 soft 0 temp 0.00 loss 2.80 i_con 4.02 plddt 0.31 ptm 0.88 i_ptm 0.25 energy -6.43
215 models [0] recycles 0 hard 1 soft 0 temp 0.00 loss 2.80 i_con 4.02 plddt 0.31 ptm 0.88 i_ptm 0.25 energy -6.43
216 models [1] recycles 0 hard 1 soft 0 temp 0.00 loss 2.81 i_con 4.04 plddt 0.35 ptm 0.89 i_ptm 0.30 energy -6.43
217 models [0] recycles 0 hard 1 soft 0 temp 0.00 loss 2.80 i_con 4.02 plddt 0.31 ptm 0.88 i_ptm 0.25 energy -6.43
218 models [0] recycles 0 hard 1 soft 0 temp 0.00 loss 2.80 i_con 4.02 plddt 0.31 ptm 0.88 i_ptm 0.25 energy -6.43
219 models [0] recycles 0 hard 1 soft 0 temp 0.00 loss 2.80 i_con 4.02 plddt 0.31 ptm 0.88 i_ptm 0.25 energy -6.43
220 models [1] recycles 0 hard 1 soft 0 temp 0.00 loss 2.81 i_con 4.04 plddt 0.35 ptm 0.89 i_ptm 0.30 energy -6.43
221 models [1] recycles 0 hard 1 soft 0 temp 0.00 loss 2.81 i_con 4.04 plddt 0.35 ptm 0.89 i_ptm 0.30 energy -6.43
222 models [1] recycles 0 hard 1 soft 0 temp 0.00 loss 2.81 i_con 4.04 plddt 0.35 ptm 0.89 i_ptm 0.30 energy -6.43
223 models [1] recycles 0 hard 1 soft 0 temp 0.00 loss 2.81 i_con 4.04 plddt 0.35 ptm 0.89 i_ptm 0.30 energy -6.43
224 models [1] recycles 0 hard 1 soft 0 temp 0.00 loss 2.81 i_con 4.04 plddt 0.35 ptm 0.89 i_ptm 0.30 energy -6.43
225 models [1] recycles 0 hard 1 soft 0 temp 0.00 loss 2.81 i_con 4.04 plddt 0.35 ptm 0.89 i_ptm 0.30 energy -6.43
226 models [1] recycles 0 hard 1 soft 0 temp 0.00 loss 2.81 i_con 4.04 plddt 0.35 ptm 0.89 i_ptm 0.30 energy -6.43
227 models [0] recycles 0 hard 1 soft 0 temp 0.00 loss 2.80 i_con 4.02 plddt 0.31 ptm 0.88 i_ptm 0.25 energy -6.43
228 models [1] recycles 0 hard 1 soft 0 temp 0.00 loss 2.81 i_con 4.04 plddt 0.35 ptm 0.89 i_ptm 0.30 energy -6.43
229 models [0] recycles 0 hard 1 soft 0 temp 0.00 loss 2.80 i_con 4.02 plddt 0.31 ptm 0.88 i_ptm 0.25 energy -6.43
230 models [1] recycles 0 hard 1 soft 0 temp 0.00 loss 2.81 i_con 4.04 plddt 0.35 ptm 0.89 i_ptm 0.30 energy -6.43
231 models [1] recycles 0 hard 1 soft 0 temp 0.00 loss 2.81 i_con 4.04 plddt 0.35 ptm 0.89 i_ptm 0.30 energy -6.43
232 models [0] recycles 0 hard 1 soft 0 temp 0.00 loss 2.80 i_con 4.02 plddt 0.31 ptm 0.88 i_ptm 0.25 energy -6.43
233 models [0] recycles 0 hard 1 soft 0 temp 0.00 loss 2.80 i_con 4.02 plddt 0.31 ptm 0.88 i_ptm 0.25 energy -6.43
234 models [1] recycles 0 hard 1 soft 0 temp 0.00 loss 2.81 i_con 4.04 plddt 0.35 ptm 0.89 i_ptm 0.30 energy -6.43
235 models [1] recycles 0 hard 1 soft 0 temp 0.00 loss 2.81 i_con 4.04 plddt 0.35 ptm 0.89 i_ptm 0.30 energy -6.43
236 models [1] recycles 0 hard 1 soft 0 temp 0.00 loss 2.81 i_con 4.04 plddt 0.35 ptm 0.89 i_ptm 0.30 energy -6.43
237 models [1] recycles 0 hard 1 soft 0 temp 0.00 loss 2.81 i_con 4.04 plddt 0.35 ptm 0.89 i_ptm 0.30 energy -6.43
238 models [1] recycles 0 hard 1 soft 0 temp 0.00 loss 2.81 i_con 4.04 plddt 0.35 ptm 0.89 i_ptm 0.30 energy -6.43
239 models [1] recycles 0 hard 1 soft 0 temp 0.00 loss 2.81 i_con 4.04 plddt 0.35 ptm 0.89 i_ptm 0.30 energy -6.43
240 models [1] recycles 0 hard 1 soft 0 temp 0.00 loss 2.81 i_con 4.04 plddt 0.35 ptm 0.89 i_ptm 0.30 energy -6.43
241 models [1] recycles 0 hard 1 soft 0 temp 0.00 loss 2.81 i_con 4.04 plddt 0.35 ptm 0.89 i_ptm 0.30 energy -6.43
242 models [1] recycles 0 hard 1 soft 0 temp 0.00 loss 2.81 i_con 4.04 plddt 0.35 ptm 0.89 i_ptm 0.30 energy -6.43
243 models [1] recycles 0 hard 1 soft 0 temp 0.00 loss 2.81 i_con 4.04 plddt 0.35 ptm 0.89 i_ptm 0.30 energy -6.43
244 models [0] recycles 0 hard 1 soft 0 temp 0.00 loss 2.80 i_con 4.02 plddt 0.31 ptm 0.88 i_ptm 0.25 energy -6.43
245 models [1] recycles 0 hard 1 soft 0 temp 0.00 loss 2.81 i_con 4.04 plddt 0.35 ptm 0.89 i_ptm 0.30 energy -6.43
246 models [1] recycles 0 hard 1 soft 0 temp 0.00 loss 2.81 i_con 4.04 plddt 0.35 ptm 0.89 i_ptm 0.30 energy -6.43
247 models [1] recycles 0 hard 1 soft 0 temp 0.00 loss 2.81 i_con 4.04 plddt 0.35 ptm 0.89 i_ptm 0.30 energy -6.43
248 models [0] recycles 0 hard 1 soft 0 temp 0.00 loss 2.80 i_con 4.02 plddt 0.31 ptm 0.88 i_ptm 0.25 energy -6.43
249 models [0] recycles 0 hard 1 soft 0 temp 0.00 loss 2.80 i_con 4.02 plddt 0.31 ptm 0.88 i_ptm 0.25 energy -6.43
250 models [1] recycles 0 hard 1 soft 0 temp 0.00 loss 2.81 i_con 4.04 plddt 0.35 ptm 0.89 i_ptm 0.30 energy -6.43
  seq=LISGPALEVNYIMFC  loss=2.8140  loss_af=4.0999  energy=-6.4295  i_ptm=0.3049
[3/10] seed=2 ...
1 models [0] recycles 0 hard 0 soft 1 temp 1 loss 7.94 i_con 7.52 plddt 0.55 ptm 0.87 i_ptm 0.12 energy 7.37
2 models [1] recycles 0 hard 0 soft 1 temp 1 loss 7.75 i_con 7.34 plddt 0.54 ptm 0.88 i_ptm 0.10 energy 7.15
3 models [0] recycles 0 hard 0 soft 1 temp 1 loss 7.95 i_con 7.56 plddt 0.57 ptm 0.86 i_ptm 0.12 energy 6.87
4 models [1] recycles 0 hard 0 soft 1 temp 1 loss 7.71 i_con 7.34 plddt 0.57 ptm 0.88 i_ptm 0.09 energy 6.61
5 models [0] recycles 0 hard 0 soft 1 temp 1 loss 7.63 i_con 7.28 plddt 0.59 ptm 0.86 i_ptm 0.12 energy 6.27
6 models [1] recycles 0 hard 0 soft 1 temp 1 loss 7.35 i_con 7.00 plddt 0.50 ptm 0.88 i_ptm 0.09 energy 6.03
7 models [0] recycles 0 hard 0 soft 1 temp 1 loss 7.20 i_con 6.86 plddt 0.45 ptm 0.86 i_ptm 0.12 energy 5.78
8 models [1] recycles 0 hard 0 soft 1 temp 1 loss 6.98 i_con 6.64 plddt 0.50 ptm 0.88 i_ptm 0.09 energy 5.64
9 models [0] recycles 0 hard 0 soft 1 temp 1 loss 6.16 i_con 5.83 plddt 0.46 ptm 0.86 i_ptm 0.13 energy 5.52
10 models [0] recycles 0 hard 0 soft 1 temp 1 loss 5.56 i_con 5.22 plddt 0.40 ptm 0.87 i_ptm 0.14 energy 5.55
11 models [1] recycles 0 hard 0 soft 1 temp 1 loss 6.08 i_con 5.74 plddt 0.46 ptm 0.88 i_ptm 0.09 energy 5.66
12 models [0] recycles 0 hard 0 soft 1 temp 1 loss 5.45 i_con 5.10 plddt 0.40 ptm 0.86 i_ptm 0.12 energy 5.82
13 models [0] recycles 0 hard 0 soft 1 temp 1 loss 5.24 i_con 4.91 plddt 0.36 ptm 0.86 i_ptm 0.14 energy 5.46
14 models [0] recycles 0 hard 0 soft 1 temp 1 loss 5.26 i_con 4.95 plddt 0.42 ptm 0.87 i_ptm 0.12 energy 5.05
15 models [0] recycles 0 hard 0 soft 1 temp 1 loss 5.27 i_con 4.97 plddt 0.38 ptm 0.86 i_ptm 0.12 energy 4.75
16 models [1] recycles 0 hard 0 soft 1 temp 1 loss 5.86 i_con 5.56 plddt 0.44 ptm 0.88 i_ptm 0.09 energy 4.89
17 models [1] recycles 0 hard 0 soft 1 temp 1 loss 5.37 i_con 5.05 plddt 0.37 ptm 0.88 i_ptm 0.13 energy 4.96
18 models [0] recycles 0 hard 0 soft 1 temp 1 loss 4.74 i_con 4.43 plddt 0.42 ptm 0.87 i_ptm 0.17 energy 5.04
19 models [0] recycles 0 hard 0 soft 1 temp 1 loss 4.89 i_con 4.61 plddt 0.39 ptm 0.87 i_ptm 0.13 energy 4.45
20 models [0] recycles 0 hard 0 soft 1 temp 1 loss 5.06 i_con 4.79 plddt 0.38 ptm 0.87 i_ptm 0.15 energy 4.13
21 models [0] recycles 0 hard 0 soft 1 temp 1 loss 4.79 i_con 4.52 plddt 0.35 ptm 0.86 i_ptm 0.18 energy 4.02
22 models [0] recycles 0 hard 0 soft 1 temp 1 loss 4.93 i_con 4.69 plddt 0.36 ptm 0.87 i_ptm 0.15 energy 3.48
23 models [1] recycles 0 hard 0 soft 1 temp 1 loss 5.63 i_con 5.42 plddt 0.43 ptm 0.88 i_ptm 0.09 energy 3.03
24 models [1] recycles 0 hard 0 soft 1 temp 1 loss 5.82 i_con 5.61 plddt 0.46 ptm 0.88 i_ptm 0.08 energy 3.14
25 models [0] recycles 0 hard 0 soft 1 temp 1 loss 4.74 i_con 4.52 plddt 0.37 ptm 0.87 i_ptm 0.17 energy 3.16
26 models [1] recycles 0 hard 0 soft 1 temp 1 loss 6.00 i_con 5.82 plddt 0.44 ptm 0.88 i_ptm 0.08 energy 2.65
27 models [0] recycles 0 hard 0 soft 1 temp 1 loss 4.65 i_con 4.45 plddt 0.39 ptm 0.87 i_ptm 0.21 energy 2.73
28 models [0] recycles 0 hard 0 soft 1 temp 1 loss 4.63 i_con 4.45 plddt 0.37 ptm 0.87 i_ptm 0.17 energy 2.46
29 models [0] recycles 0 hard 0 soft 1 temp 1 loss 4.85 i_con 4.68 plddt 0.38 ptm 0.86 i_ptm 0.14 energy 2.25
30 models [0] recycles 0 hard 0 soft 1 temp 1 loss 4.59 i_con 4.43 plddt 0.37 ptm 0.87 i_ptm 0.20 energy 1.94
31 models [1] recycles 0 hard 0 soft 1 temp 1 loss 5.68 i_con 5.52 plddt 0.40 ptm 0.88 i_ptm 0.09 energy 2.04
32 models [1] recycles 0 hard 0 soft 1 temp 1 loss 5.37 i_con 5.21 plddt 0.36 ptm 0.88 i_ptm 0.09 energy 2.07
33 models [0] recycles 0 hard 0 soft 1 temp 1 loss 4.46 i_con 4.30 plddt 0.39 ptm 0.87 i_ptm 0.20 energy 1.95
34 models [1] recycles 0 hard 0 soft 1 temp 1 loss 5.96 i_con 5.83 plddt 0.46 ptm 0.88 i_ptm 0.09 energy 1.51
35 models [1] recycles 0 hard 0 soft 1 temp 1 loss 5.27 i_con 5.14 plddt 0.41 ptm 0.88 i_ptm 0.10 energy 1.43
36 models [0] recycles 0 hard 0 soft 1 temp 1 loss 5.04 i_con 4.91 plddt 0.37 ptm 0.86 i_ptm 0.13 energy 1.31
37 models [0] recycles 0 hard 0 soft 1 temp 1 loss 4.63 i_con 4.50 plddt 0.38 ptm 0.87 i_ptm 0.18 energy 1.42
38 models [0] recycles 0 hard 0 soft 1 temp 1 loss 4.56 i_con 4.44 plddt 0.36 ptm 0.87 i_ptm 0.19 energy 1.12
39 models [0] recycles 0 hard 0 soft 1 temp 1 loss 4.56 i_con 4.43 plddt 0.40 ptm 0.87 i_ptm 0.24 energy 1.33
40 models [1] recycles 0 hard 0 soft 1 temp 1 loss 5.36 i_con 5.25 plddt 0.39 ptm 0.88 i_ptm 0.10 energy 0.84
41 models [0] recycles 0 hard 0 soft 1 temp 1 loss 4.57 i_con 4.46 plddt 0.37 ptm 0.87 i_ptm 0.21 energy 0.88
42 models [1] recycles 0 hard 0 soft 1 temp 1 loss 5.03 i_con 4.92 plddt 0.34 ptm 0.88 i_ptm 0.13 energy 0.99
43 models [0] recycles 0 hard 0 soft 1 temp 1 loss 4.57 i_con 4.45 plddt 0.38 ptm 0.87 i_ptm 0.23 energy 1.04
44 models [1] recycles 0 hard 0 soft 1 temp 1 loss 5.03 i_con 4.92 plddt 0.34 ptm 0.88 i_ptm 0.12 energy 0.78
45 models [0] recycles 0 hard 0 soft 1 temp 1 loss 4.45 i_con 4.35 plddt 0.38 ptm 0.87 i_ptm 0.25 energy 0.72
46 models [0] recycles 0 hard 0 soft 1 temp 1 loss 4.37 i_con 4.29 plddt 0.40 ptm 0.87 i_ptm 0.22 energy 0.57
47 models [1] recycles 0 hard 0 soft 1 temp 1 loss 4.80 i_con 4.72 plddt 0.32 ptm 0.88 i_ptm 0.16 energy 0.21
48 models [1] recycles 0 hard 0 soft 1 temp 1 loss 4.69 i_con 4.61 plddt 0.35 ptm 0.88 i_ptm 0.21 energy 0.45
49 models [1] recycles 0 hard 0 soft 1 temp 1 loss 4.71 i_con 4.64 plddt 0.38 ptm 0.88 i_ptm 0.23 energy 0.29
50 models [1] recycles 0 hard 0 soft 1 temp 1 loss 4.72 i_con 4.64 plddt 0.38 ptm 0.88 i_ptm 0.20 energy 0.41
51 models [0] recycles 0 hard 0 soft 1 temp 1 loss 4.34 i_con 4.21 plddt 0.39 ptm 0.87 i_ptm 0.25 energy 0.34
52 models [0] recycles 0 hard 0 soft 1 temp 1 loss 4.28 i_con 4.28 plddt 0.39 ptm 0.87 i_ptm 0.22 energy -0.31
53 models [1] recycles 0 hard 0 soft 1 temp 1 loss 4.61 i_con 4.66 plddt 0.35 ptm 0.88 i_ptm 0.18 energy -0.54
54 models [1] recycles 0 hard 0 soft 1 temp 1 loss 4.25 i_con 4.41 plddt 0.37 ptm 0.88 i_ptm 0.21 energy -1.14
55 models [0] recycles 0 hard 0 soft 1 temp 1 loss 4.06 i_con 4.31 plddt 0.38 ptm 0.87 i_ptm 0.23 energy -1.58
56 models [1] recycles 0 hard 0 soft 1 temp 1 loss 4.60 i_con 4.90 plddt 0.34 ptm 0.88 i_ptm 0.15 energy -1.81
57 models [1] recycles 0 hard 0 soft 1 temp 1 loss 4.43 i_con 4.81 plddt 0.36 ptm 0.88 i_ptm 0.16 energy -2.20
58 models [0] recycles 0 hard 0 soft 1 temp 1 loss 3.54 i_con 3.95 plddt 0.40 ptm 0.87 i_ptm 0.30 energy -2.34
59 models [0] recycles 0 hard 0 soft 1 temp 1 loss 3.49 i_con 3.96 plddt 0.44 ptm 0.87 i_ptm 0.33 energy -2.62
60 models [1] recycles 0 hard 0 soft 1 temp 1 loss 3.63 i_con 4.14 plddt 0.43 ptm 0.89 i_ptm 0.29 energy -2.82
61 models [1] recycles 0 hard 0 soft 1 temp 1 loss 3.61 i_con 4.15 plddt 0.42 ptm 0.89 i_ptm 0.30 energy -2.99
62 models [1] recycles 0 hard 0 soft 1 temp 1 loss 3.83 i_con 4.40 plddt 0.39 ptm 0.89 i_ptm 0.22 energy -3.12
63 models [0] recycles 0 hard 0 soft 1 temp 1 loss 3.34 i_con 3.91 plddt 0.44 ptm 0.87 i_ptm 0.33 energy -3.13
64 models [1] recycles 0 hard 0 soft 1 temp 1 loss 3.61 i_con 4.23 plddt 0.41 ptm 0.89 i_ptm 0.27 energy -3.41
65 models [1] recycles 0 hard 0 soft 1 temp 1 loss 3.60 i_con 4.22 plddt 0.41 ptm 0.89 i_ptm 0.27 energy -3.44
66 models [0] recycles 0 hard 0 soft 1 temp 1 loss 3.20 i_con 3.85 plddt 0.41 ptm 0.88 i_ptm 0.36 energy -3.56
67 models [0] recycles 0 hard 0 soft 1 temp 1 loss 3.31 i_con 4.00 plddt 0.44 ptm 0.87 i_ptm 0.32 energy -3.71
68 models [1] recycles 0 hard 0 soft 1 temp 1 loss 3.18 i_con 3.92 plddt 0.45 ptm 0.89 i_ptm 0.35 energy -3.96
69 models [0] recycles 0 hard 0 soft 1 temp 1 loss 3.23 i_con 3.99 plddt 0.45 ptm 0.87 i_ptm 0.34 energy -4.06
70 models [1] recycles 0 hard 0 soft 1 temp 1 loss 3.46 i_con 4.25 plddt 0.40 ptm 0.89 i_ptm 0.27 energy -4.25
71 models [1] recycles 0 hard 0 soft 1 temp 1 loss 3.27 i_con 4.03 plddt 0.41 ptm 0.89 i_ptm 0.34 energy -4.12
72 models [1] recycles 0 hard 0 soft 1 temp 1 loss 3.16 i_con 3.94 plddt 0.43 ptm 0.89 i_ptm 0.37 energy -4.18
73 models [1] recycles 0 hard 0 soft 1 temp 1 loss 3.32 i_con 4.10 plddt 0.41 ptm 0.89 i_ptm 0.32 energy -4.20
74 models [1] recycles 0 hard 0 soft 1 temp 1 loss 3.26 i_con 4.07 plddt 0.42 ptm 0.89 i_ptm 0.32 energy -4.33
75 models [0] recycles 0 hard 0 soft 1 temp 1 loss 3.12 i_con 3.92 plddt 0.43 ptm 0.88 i_ptm 0.36 energy -4.29
76 models [1] recycles 0 hard 0 soft 1 temp 1 loss 3.31 i_con 4.14 plddt 0.43 ptm 0.89 i_ptm 0.31 energy -4.44
77 models [0] recycles 0 hard 0 soft 1 temp 1 loss 3.03 i_con 3.85 plddt 0.44 ptm 0.88 i_ptm 0.36 energy -4.40
78 models [0] recycles 0 hard 0 soft 1 temp 1 loss 3.14 i_con 3.99 plddt 0.43 ptm 0.87 i_ptm 0.32 energy -4.55
79 models [0] recycles 0 hard 0 soft 1 temp 1 loss 3.01 i_con 3.88 plddt 0.42 ptm 0.87 i_ptm 0.36 energy -4.65
80 models [1] recycles 0 hard 0 soft 1 temp 1 loss 3.09 i_con 3.99 plddt 0.41 ptm 0.89 i_ptm 0.34 energy -4.79
81 models [1] recycles 0 hard 0 soft 1 temp 1 loss 3.20 i_con 4.08 plddt 0.42 ptm 0.89 i_ptm 0.34 energy -4.70
82 models [1] recycles 0 hard 0 soft 1 temp 1 loss 3.24 i_con 4.11 plddt 0.40 ptm 0.89 i_ptm 0.29 energy -4.66
83 models [0] recycles 0 hard 0 soft 1 temp 1 loss 2.98 i_con 3.86 plddt 0.43 ptm 0.87 i_ptm 0.36 energy -4.71
84 models [1] recycles 0 hard 0 soft 1 temp 1 loss 3.24 i_con 4.15 plddt 0.42 ptm 0.89 i_ptm 0.30 energy -4.84
85 models [0] recycles 0 hard 0 soft 1 temp 1 loss 3.01 i_con 3.90 plddt 0.42 ptm 0.87 i_ptm 0.37 energy -4.72
86 models [0] recycles 0 hard 0 soft 1 temp 1 loss 3.14 i_con 4.05 plddt 0.42 ptm 0.87 i_ptm 0.33 energy -4.84
87 models [0] recycles 0 hard 0 soft 1 temp 1 loss 3.07 i_con 4.00 plddt 0.44 ptm 0.87 i_ptm 0.34 energy -4.95
88 models [0] recycles 0 hard 0 soft 1 temp 1 loss 3.01 i_con 3.95 plddt 0.42 ptm 0.88 i_ptm 0.37 energy -4.99
89 models [1] recycles 0 hard 0 soft 1 temp 1 loss 3.12 i_con 4.05 plddt 0.42 ptm 0.89 i_ptm 0.33 energy -4.94
90 models [1] recycles 0 hard 0 soft 1 temp 1 loss 2.86 i_con 3.78 plddt 0.46 ptm 0.89 i_ptm 0.42 energy -4.83
91 models [1] recycles 0 hard 0 soft 1 temp 1 loss 2.95 i_con 3.86 plddt 0.42 ptm 0.89 i_ptm 0.38 energy -4.88
92 models [0] recycles 0 hard 0 soft 1 temp 1 loss 3.13 i_con 4.06 plddt 0.39 ptm 0.88 i_ptm 0.33 energy -4.94
93 models [1] recycles 0 hard 0 soft 1 temp 1 loss 3.06 i_con 4.01 plddt 0.43 ptm 0.89 i_ptm 0.34 energy -5.02
94 models [0] recycles 0 hard 0 soft 1 temp 1 loss 3.00 i_con 3.94 plddt 0.43 ptm 0.87 i_ptm 0.34 energy -4.97
95 models [0] recycles 0 hard 0 soft 1 temp 1 loss 3.16 i_con 4.13 plddt 0.41 ptm 0.87 i_ptm 0.31 energy -5.16
96 models [1] recycles 0 hard 0 soft 1 temp 1 loss 3.22 i_con 4.17 plddt 0.42 ptm 0.89 i_ptm 0.29 energy -5.06
97 models [1] recycles 0 hard 0 soft 1 temp 1 loss 3.09 i_con 4.02 plddt 0.41 ptm 0.89 i_ptm 0.34 energy -4.94
98 models [0] recycles 0 hard 0 soft 1 temp 1 loss 3.28 i_con 4.17 plddt 0.41 ptm 0.87 i_ptm 0.29 energy -4.73
99 models [1] recycles 0 hard 0 soft 1 temp 1 loss 3.19 i_con 4.14 plddt 0.45 ptm 0.89 i_ptm 0.32 energy -5.03
100 models [1] recycles 0 hard 0 soft 1 temp 1 loss 3.24 i_con 4.19 plddt 0.44 ptm 0.89 i_ptm 0.30 energy -5.06
101 models [1] recycles 0 hard 0 soft 0 temp 1 loss 1.48 i_con 6.85 plddt 0.45 ptm 0.88 i_ptm 0.09 energy -27.14
102 models [0] recycles 0 hard 0 soft 0 temp 0.99 loss 0.29 i_con 5.72 plddt 0.42 ptm 0.87 i_ptm 0.13 energy -27.42
103 models [0] recycles 0 hard 0 soft 0 temp 0.98 loss -1.04 i_con 4.47 plddt 0.41 ptm 0.87 i_ptm 0.25 energy -27.88
104 models [1] recycles 0 hard 0 soft 0 temp 0.97 loss -0.22 i_con 5.62 plddt 0.42 ptm 0.88 i_ptm 0.08 energy -29.49
105 models [1] recycles 0 hard 0 soft 0 temp 0.96 loss -1.64 i_con 4.25 plddt 0.43 ptm 0.89 i_ptm 0.29 energy -29.74
106 models [0] recycles 0 hard 0 soft 0 temp 0.95 loss -2.21 i_con 3.99 plddt 0.42 ptm 0.87 i_ptm 0.34 energy -31.31
107 models [0] recycles 0 hard 0 soft 0 temp 0.94 loss -2.56 i_con 4.05 plddt 0.41 ptm 0.87 i_ptm 0.29 energy -33.31
108 models [0] recycles 0 hard 0 soft 0 temp 0.93 loss -3.00 i_con 3.98 plddt 0.40 ptm 0.87 i_ptm 0.28 energy -35.22
109 models [0] recycles 0 hard 0 soft 0 temp 0.92 loss -3.23 i_con 4.17 plddt 0.44 ptm 0.88 i_ptm 0.28 energy -37.26
110 models [0] recycles 0 hard 0 soft 0 temp 0.91 loss -3.70 i_con 4.06 plddt 0.43 ptm 0.87 i_ptm 0.33 energy -39.10
111 models [1] recycles 0 hard 0 soft 0 temp 0.90 loss -4.01 i_con 4.11 plddt 0.38 ptm 0.89 i_ptm 0.28 energy -40.94
112 models [1] recycles 0 hard 0 soft 0 temp 0.89 loss -4.42 i_con 4.07 plddt 0.44 ptm 0.89 i_ptm 0.29 energy -42.73
113 models [1] recycles 0 hard 0 soft 0 temp 0.88 loss -4.95 i_con 3.92 plddt 0.46 ptm 0.89 i_ptm 0.32 energy -44.60
114 models [1] recycles 0 hard 0 soft 0 temp 0.87 loss -5.19 i_con 4.03 plddt 0.43 ptm 0.89 i_ptm 0.34 energy -46.39
115 models [1] recycles 0 hard 0 soft 0 temp 0.86 loss -5.60 i_con 3.97 plddt 0.44 ptm 0.89 i_ptm 0.36 energy -48.15
116 models [0] recycles 0 hard 0 soft 0 temp 0.85 loss -6.13 i_con 3.83 plddt 0.47 ptm 0.88 i_ptm 0.45 energy -50.08
117 models [1] recycles 0 hard 0 soft 0 temp 0.84 loss -6.27 i_con 4.08 plddt 0.39 ptm 0.89 i_ptm 0.28 energy -52.08
118 models [1] recycles 0 hard 0 soft 0 temp 0.83 loss -6.52 i_con 4.20 plddt 0.39 ptm 0.88 i_ptm 0.26 energy -53.93
119 models [1] recycles 0 hard 0 soft 0 temp 0.82 loss -7.00 i_con 4.04 plddt 0.40 ptm 0.89 i_ptm 0.31 energy -55.48
120 models [1] recycles 0 hard 0 soft 0 temp 0.81 loss -7.36 i_con 4.03 plddt 0.41 ptm 0.89 i_ptm 0.31 energy -57.24
121 models [0] recycles 0 hard 0 soft 0 temp 0.80 loss -7.84 i_con 3.93 plddt 0.44 ptm 0.88 i_ptm 0.37 energy -59.13
122 models [0] recycles 0 hard 0 soft 0 temp 0.79 loss -8.26 i_con 3.88 plddt 0.46 ptm 0.88 i_ptm 0.35 energy -60.95
123 models [0] recycles 0 hard 0 soft 0 temp 0.78 loss -8.52 i_con 3.97 plddt 0.45 ptm 0.87 i_ptm 0.36 energy -62.73
124 models [0] recycles 0 hard 0 soft 0 temp 0.77 loss -9.00 i_con 3.87 plddt 0.48 ptm 0.88 i_ptm 0.39 energy -64.59
125 models [1] recycles 0 hard 0 soft 0 temp 0.76 loss -9.36 i_con 3.88 plddt 0.45 ptm 0.89 i_ptm 0.39 energy -66.48
126 models [1] recycles 0 hard 0 soft 0 temp 0.75 loss -9.66 i_con 3.94 plddt 0.46 ptm 0.89 i_ptm 0.38 energy -68.30
127 models [1] recycles 0 hard 0 soft 0 temp 0.74 loss -9.92 i_con 4.04 plddt 0.44 ptm 0.89 i_ptm 0.36 energy -70.10
128 models [1] recycles 0 hard 0 soft 0 temp 0.73 loss -10.32 i_con 3.92 plddt 0.45 ptm 0.89 i_ptm 0.36 energy -71.46
129 models [0] recycles 0 hard 0 soft 0 temp 0.72 loss -10.42 i_con 4.17 plddt 0.42 ptm 0.87 i_ptm 0.30 energy -73.21
130 models [1] recycles 0 hard 0 soft 0 temp 0.71 loss -10.86 i_con 4.05 plddt 0.45 ptm 0.89 i_ptm 0.36 energy -74.80
131 models [1] recycles 0 hard 0 soft 0 temp 0.70 loss -11.38 i_con 3.81 plddt 0.49 ptm 0.89 i_ptm 0.42 energy -76.18
132 models [1] recycles 0 hard 0 soft 0 temp 0.69 loss -11.52 i_con 4.01 plddt 0.44 ptm 0.89 i_ptm 0.34 energy -77.90
133 models [0] recycles 0 hard 0 soft 0 temp 0.68 loss -11.85 i_con 3.96 plddt 0.44 ptm 0.87 i_ptm 0.38 energy -79.36
134 models [1] recycles 0 hard 0 soft 0 temp 0.67 loss -12.29 i_con 3.90 plddt 0.44 ptm 0.89 i_ptm 0.37 energy -81.21
135 models [0] recycles 0 hard 0 soft 0 temp 0.66 loss -12.27 i_con 4.26 plddt 0.43 ptm 0.87 i_ptm 0.27 energy -82.95
136 models [0] recycles 0 hard 0 soft 0 temp 0.65 loss -12.74 i_con 4.11 plddt 0.40 ptm 0.87 i_ptm 0.28 energy -84.53
137 models [1] recycles 0 hard 0 soft 0 temp 0.64 loss -13.16 i_con 4.06 plddt 0.44 ptm 0.89 i_ptm 0.35 energy -86.39
138 models [0] recycles 0 hard 0 soft 0 temp 0.63 loss -13.59 i_con 4.03 plddt 0.41 ptm 0.87 i_ptm 0.36 energy -88.39
139 models [0] recycles 0 hard 0 soft 0 temp 0.62 loss -14.08 i_con 3.87 plddt 0.47 ptm 0.87 i_ptm 0.40 energy -90.02
140 models [0] recycles 0 hard 0 soft 0 temp 0.61 loss -14.23 i_con 4.04 plddt 0.42 ptm 0.87 i_ptm 0.40 energy -91.61
141 models [1] recycles 0 hard 0 soft 0 temp 0.60 loss -14.46 i_con 4.08 plddt 0.41 ptm 0.89 i_ptm 0.32 energy -93.00
142 models [1] recycles 0 hard 0 soft 0 temp 0.59 loss -14.72 i_con 4.20 plddt 0.37 ptm 0.89 i_ptm 0.26 energy -94.93
143 models [1] recycles 0 hard 0 soft 0 temp 0.58 loss -14.86 i_con 4.39 plddt 0.37 ptm 0.89 i_ptm 0.26 energy -96.60
144 models [0] recycles 0 hard 0 soft 0 temp 0.57 loss -15.55 i_con 4.07 plddt 0.43 ptm 0.87 i_ptm 0.31 energy -98.40
145 models [0] recycles 0 hard 0 soft 0 temp 0.56 loss -15.81 i_con 4.19 plddt 0.41 ptm 0.87 i_ptm 0.27 energy -100.29
146 models [1] recycles 0 hard 0 soft 0 temp 0.55 loss -16.17 i_con 4.16 plddt 0.39 ptm 0.89 i_ptm 0.26 energy -101.95
147 models [1] recycles 0 hard 0 soft 0 temp 0.54 loss -16.51 i_con 4.19 plddt 0.39 ptm 0.89 i_ptm 0.27 energy -103.79
148 models [1] recycles 0 hard 0 soft 0 temp 0.53 loss -17.08 i_con 3.88 plddt 0.44 ptm 0.89 i_ptm 0.39 energy -105.10
149 models [0] recycles 0 hard 0 soft 0 temp 0.52 loss -17.16 i_con 4.14 plddt 0.44 ptm 0.87 i_ptm 0.28 energy -106.77
150 models [1] recycles 0 hard 0 soft 0 temp 0.51 loss -17.64 i_con 4.02 plddt 0.46 ptm 0.89 i_ptm 0.34 energy -108.62
151 models [0] recycles 0 hard 0 soft 0 temp 0.50 loss -17.66 i_con 4.30 plddt 0.37 ptm 0.87 i_ptm 0.27 energy -110.10
152 models [0] recycles 0 hard 0 soft 0 temp 0.49 loss -18.06 i_con 4.27 plddt 0.40 ptm 0.87 i_ptm 0.25 energy -111.92
153 models [0] recycles 0 hard 0 soft 0 temp 0.48 loss -18.36 i_con 4.37 plddt 0.39 ptm 0.87 i_ptm 0.24 energy -113.95
154 models [0] recycles 0 hard 0 soft 0 temp 0.47 loss -18.72 i_con 4.33 plddt 0.37 ptm 0.87 i_ptm 0.25 energy -115.56
155 models [0] recycles 0 hard 0 soft 0 temp 0.46 loss -19.16 i_con 4.24 plddt 0.40 ptm 0.87 i_ptm 0.25 energy -117.27
156 models [0] recycles 0 hard 0 soft 0 temp 0.45 loss -19.03 i_con 4.69 plddt 0.43 ptm 0.87 i_ptm 0.21 energy -118.92
157 models [0] recycles 0 hard 0 soft 0 temp 0.44 loss -19.75 i_con 4.31 plddt 0.36 ptm 0.87 i_ptm 0.23 energy -120.62
158 models [0] recycles 0 hard 0 soft 0 temp 0.43 loss -19.79 i_con 4.62 plddt 0.35 ptm 0.87 i_ptm 0.24 energy -122.37
159 models [0] recycles 0 hard 0 soft 0 temp 0.42 loss -20.08 i_con 4.68 plddt 0.39 ptm 0.87 i_ptm 0.20 energy -124.14
160 models [0] recycles 0 hard 0 soft 0 temp 0.41 loss -20.49 i_con 4.52 plddt 0.36 ptm 0.87 i_ptm 0.23 energy -125.39
161 models [1] recycles 0 hard 0 soft 0 temp 0.40 loss -21.00 i_con 4.37 plddt 0.39 ptm 0.88 i_ptm 0.23 energy -127.16
162 models [1] recycles 0 hard 0 soft 0 temp 0.39 loss -21.17 i_con 4.55 plddt 0.33 ptm 0.88 i_ptm 0.19 energy -128.95
163 models [1] recycles 0 hard 0 soft 0 temp 0.38 loss -21.63 i_con 4.42 plddt 0.36 ptm 0.89 i_ptm 0.21 energy -130.54
164 models [1] recycles 0 hard 0 soft 0 temp 0.37 loss -21.67 i_con 4.69 plddt 0.34 ptm 0.88 i_ptm 0.18 energy -132.12
165 models [0] recycles 0 hard 0 soft 0 temp 0.36 loss -22.22 i_con 4.44 plddt 0.35 ptm 0.87 i_ptm 0.22 energy -133.66
166 models [1] recycles 0 hard 0 soft 0 temp 0.35 loss -22.59 i_con 4.39 plddt 0.35 ptm 0.88 i_ptm 0.20 energy -135.23
167 models [1] recycles 0 hard 0 soft 0 temp 0.34 loss -22.87 i_con 4.44 plddt 0.35 ptm 0.88 i_ptm 0.21 energy -136.87
168 models [0] recycles 0 hard 0 soft 0 temp 0.33 loss -23.07 i_con 4.60 plddt 0.36 ptm 0.87 i_ptm 0.22 energy -138.66
169 models [1] recycles 0 hard 0 soft 0 temp 0.32 loss -23.42 i_con 4.62 plddt 0.35 ptm 0.88 i_ptm 0.19 energy -140.53
170 models [1] recycles 0 hard 0 soft 0 temp 0.31 loss -23.78 i_con 4.51 plddt 0.42 ptm 0.88 i_ptm 0.20 energy -141.74
171 models [0] recycles 0 hard 0 soft 0 temp 0.30 loss -23.98 i_con 4.66 plddt 0.35 ptm 0.86 i_ptm 0.21 energy -143.52
172 models [1] recycles 0 hard 0 soft 0 temp 0.29 loss -24.38 i_con 4.52 plddt 0.39 ptm 0.89 i_ptm 0.20 energy -144.82
173 models [1] recycles 0 hard 0 soft 0 temp 0.28 loss -24.60 i_con 4.43 plddt 0.35 ptm 0.89 i_ptm 0.20 energy -145.48
174 models [1] recycles 0 hard 0 soft 0 temp 0.27 loss -24.81 i_con 4.53 plddt 0.34 ptm 0.88 i_ptm 0.18 energy -147.04
175 models [0] recycles 0 hard 0 soft 0 temp 0.26 loss -25.07 i_con 4.62 plddt 0.33 ptm 0.87 i_ptm 0.21 energy -148.79
176 models [1] recycles 0 hard 0 soft 0 temp 0.25 loss -25.18 i_con 4.84 plddt 0.36 ptm 0.88 i_ptm 0.13 energy -150.41
177 models [1] recycles 0 hard 0 soft 0 temp 0.24 loss -25.70 i_con 4.57 plddt 0.34 ptm 0.88 i_ptm 0.18 energy -151.70
178 models [1] recycles 0 hard 0 soft 0 temp 0.23 loss -26.03 i_con 4.58 plddt 0.32 ptm 0.88 i_ptm 0.17 energy -153.39
179 models [0] recycles 0 hard 0 soft 0 temp 0.22 loss -25.95 i_con 4.96 plddt 0.35 ptm 0.87 i_ptm 0.19 energy -154.87
180 models [0] recycles 0 hard 0 soft 0 temp 0.21 loss -26.28 i_con 4.92 plddt 0.30 ptm 0.87 i_ptm 0.20 energy -156.35
181 models [0] recycles 0 hard 0 soft 0 temp 0.20 loss -26.54 i_con 4.89 plddt 0.33 ptm 0.87 i_ptm 0.22 energy -157.48
182 models [1] recycles 0 hard 0 soft 0 temp 0.19 loss -27.34 i_con 4.31 plddt 0.35 ptm 0.89 i_ptm 0.20 energy -158.58
183 models [0] recycles 0 hard 0 soft 0 temp 0.18 loss -27.30 i_con 4.61 plddt 0.34 ptm 0.87 i_ptm 0.23 energy -159.86
184 models [1] recycles 0 hard 0 soft 0 temp 0.17 loss -27.56 i_con 4.63 plddt 0.32 ptm 0.88 i_ptm 0.21 energy -161.27
185 models [1] recycles 0 hard 0 soft 0 temp 0.16 loss -27.81 i_con 4.67 plddt 0.31 ptm 0.89 i_ptm 0.17 energy -162.70
186 models [0] recycles 0 hard 0 soft 0 temp 0.15 loss -28.17 i_con 4.66 plddt 0.38 ptm 0.87 i_ptm 0.24 energy -164.45
187 models [1] recycles 0 hard 0 soft 0 temp 0.14 loss -27.98 i_con 5.12 plddt 0.37 ptm 0.88 i_ptm 0.13 energy -165.80
188 models [1] recycles 0 hard 0 soft 0 temp 0.13 loss -28.97 i_con 4.31 plddt 0.36 ptm 0.89 i_ptm 0.23 energy -166.71
189 models [0] recycles 0 hard 0 soft 0 temp 0.12 loss -28.98 i_con 4.61 plddt 0.35 ptm 0.87 i_ptm 0.22 energy -168.30
190 models [0] recycles 0 hard 0 soft 0 temp 0.11 loss -28.96 i_con 4.95 plddt 0.30 ptm 0.87 i_ptm 0.22 energy -169.90
191 models [0] recycles 0 hard 0 soft 0 temp 0.10 loss -29.35 i_con 4.81 plddt 0.32 ptm 0.87 i_ptm 0.21 energy -171.16
192 models [1] recycles 0 hard 0 soft 0 temp 0.09 loss -29.60 i_con 4.86 plddt 0.32 ptm 0.88 i_ptm 0.18 energy -172.64
193 models [1] recycles 0 hard 0 soft 0 temp 0.08 loss -30.27 i_con 4.52 plddt 0.28 ptm 0.88 i_ptm 0.22 energy -174.27
194 models [1] recycles 0 hard 0 soft 0 temp 0.07 loss -29.75 i_con 5.32 plddt 0.36 ptm 0.88 i_ptm 0.17 energy -175.70
195 models [0] recycles 0 hard 0 soft 0 temp 0.06 loss -30.31 i_con 5.02 plddt 0.37 ptm 0.87 i_ptm 0.22 energy -176.96
196 models [1] recycles 0 hard 0 soft 0 temp 0.05 loss -30.52 i_con 5.02 plddt 0.32 ptm 0.88 i_ptm 0.16 energy -178.03
197 models [1] recycles 0 hard 0 soft 0 temp 0.04 loss -31.15 i_con 4.66 plddt 0.39 ptm 0.88 i_ptm 0.20 energy -179.34
198 models [1] recycles 0 hard 0 soft 0 temp 0.03 loss -31.49 i_con 4.60 plddt 0.31 ptm 0.88 i_ptm 0.18 energy -180.79
199 models [0] recycles 0 hard 0 soft 0 temp 0.02 loss -31.69 i_con 4.68 plddt 0.33 ptm 0.87 i_ptm 0.22 energy -182.19
200 models [1] recycles 0 hard 0 soft 0 temp 0.01 loss -31.84 i_con 4.70 plddt 0.40 ptm 0.88 i_ptm 0.19 energy -182.95
201 models [0] recycles 0 hard 1 soft 0 temp 0.00 loss 3.34 i_con 4.44 plddt 0.34 ptm 0.87 i_ptm 0.22 energy -5.85
202 models [1] recycles 0 hard 1 soft 0 temp 0.00 loss 2.57 i_con 3.69 plddt 0.47 ptm 0.90 i_ptm 0.50 energy -5.85
203 models [0] recycles 0 hard 1 soft 0 temp 0.00 loss 3.34 i_con 4.44 plddt 0.34 ptm 0.87 i_ptm 0.22 energy -5.85
204 models [0] recycles 0 hard 1 soft 0 temp 0.00 loss 3.34 i_con 4.44 plddt 0.34 ptm 0.87 i_ptm 0.22 energy -5.85
205 models [1] recycles 0 hard 1 soft 0 temp 0.00 loss 2.57 i_con 3.69 plddt 0.47 ptm 0.90 i_ptm 0.50 energy -5.85
206 models [1] recycles 0 hard 1 soft 0 temp 0.00 loss 2.57 i_con 3.69 plddt 0.47 ptm 0.90 i_ptm 0.50 energy -5.85
207 models [0] recycles 0 hard 1 soft 0 temp 0.00 loss 3.34 i_con 4.44 plddt 0.34 ptm 0.87 i_ptm 0.22 energy -5.85
208 models [1] recycles 0 hard 1 soft 0 temp 0.00 loss 2.57 i_con 3.69 plddt 0.47 ptm 0.90 i_ptm 0.50 energy -5.85
209 models [1] recycles 0 hard 1 soft 0 temp 0.00 loss 2.57 i_con 3.69 plddt 0.47 ptm 0.90 i_ptm 0.50 energy -5.85
210 models [1] recycles 0 hard 1 soft 0 temp 0.00 loss 2.57 i_con 3.69 plddt 0.47 ptm 0.90 i_ptm 0.50 energy -5.85
211 models [0] recycles 0 hard 1 soft 0 temp 0.00 loss 3.34 i_con 4.44 plddt 0.34 ptm 0.87 i_ptm 0.22 energy -5.85
212 models [1] recycles 0 hard 1 soft 0 temp 0.00 loss 2.57 i_con 3.69 plddt 0.47 ptm 0.90 i_ptm 0.50 energy -5.85
213 models [0] recycles 0 hard 1 soft 0 temp 0.00 loss 3.34 i_con 4.44 plddt 0.34 ptm 0.87 i_ptm 0.22 energy -5.85
214 models [0] recycles 0 hard 1 soft 0 temp 0.00 loss 3.34 i_con 4.44 plddt 0.34 ptm 0.87 i_ptm 0.22 energy -5.85
215 models [1] recycles 0 hard 1 soft 0 temp 0.00 loss 2.57 i_con 3.69 plddt 0.47 ptm 0.90 i_ptm 0.50 energy -5.85
216 models [1] recycles 0 hard 1 soft 0 temp 0.00 loss 2.57 i_con 3.69 plddt 0.47 ptm 0.90 i_ptm 0.50 energy -5.85
217 models [0] recycles 0 hard 1 soft 0 temp 0.00 loss 3.34 i_con 4.44 plddt 0.34 ptm 0.87 i_ptm 0.22 energy -5.85
218 models [1] recycles 0 hard 1 soft 0 temp 0.00 loss 2.57 i_con 3.69 plddt 0.47 ptm 0.90 i_ptm 0.50 energy -5.85
219 models [0] recycles 0 hard 1 soft 0 temp 0.00 loss 3.34 i_con 4.44 plddt 0.34 ptm 0.87 i_ptm 0.22 energy -5.85
220 models [1] recycles 0 hard 1 soft 0 temp 0.00 loss 2.57 i_con 3.69 plddt 0.47 ptm 0.90 i_ptm 0.50 energy -5.85
221 models [1] recycles 0 hard 1 soft 0 temp 0.00 loss 2.57 i_con 3.69 plddt 0.47 ptm 0.90 i_ptm 0.50 energy -5.85
222 models [0] recycles 0 hard 1 soft 0 temp 0.00 loss 3.34 i_con 4.44 plddt 0.34 ptm 0.87 i_ptm 0.22 energy -5.85
223 models [1] recycles 0 hard 1 soft 0 temp 0.00 loss 2.57 i_con 3.69 plddt 0.47 ptm 0.90 i_ptm 0.50 energy -5.85
224 models [0] recycles 0 hard 1 soft 0 temp 0.00 loss 3.34 i_con 4.44 plddt 0.34 ptm 0.87 i_ptm 0.22 energy -5.85
225 models [1] recycles 0 hard 1 soft 0 temp 0.00 loss 2.57 i_con 3.69 plddt 0.47 ptm 0.90 i_ptm 0.50 energy -5.85
226 models [1] recycles 0 hard 1 soft 0 temp 0.00 loss 2.57 i_con 3.69 plddt 0.47 ptm 0.90 i_ptm 0.50 energy -5.85
227 models [0] recycles 0 hard 1 soft 0 temp 0.00 loss 3.34 i_con 4.44 plddt 0.34 ptm 0.87 i_ptm 0.22 energy -5.85
228 models [1] recycles 0 hard 1 soft 0 temp 0.00 loss 2.57 i_con 3.69 plddt 0.47 ptm 0.90 i_ptm 0.50 energy -5.85
229 models [1] recycles 0 hard 1 soft 0 temp 0.00 loss 2.57 i_con 3.69 plddt 0.47 ptm 0.90 i_ptm 0.50 energy -5.85
230 models [0] recycles 0 hard 1 soft 0 temp 0.00 loss 3.34 i_con 4.44 plddt 0.34 ptm 0.87 i_ptm 0.22 energy -5.85
231 models [0] recycles 0 hard 1 soft 0 temp 0.00 loss 3.34 i_con 4.44 plddt 0.34 ptm 0.87 i_ptm 0.22 energy -5.85
232 models [1] recycles 0 hard 1 soft 0 temp 0.00 loss 2.57 i_con 3.69 plddt 0.47 ptm 0.90 i_ptm 0.50 energy -5.85
233 models [1] recycles 0 hard 1 soft 0 temp 0.00 loss 2.57 i_con 3.69 plddt 0.47 ptm 0.90 i_ptm 0.50 energy -5.85
234 models [0] recycles 0 hard 1 soft 0 temp 0.00 loss 3.34 i_con 4.44 plddt 0.34 ptm 0.87 i_ptm 0.22 energy -5.85
235 models [0] recycles 0 hard 1 soft 0 temp 0.00 loss 3.34 i_con 4.44 plddt 0.34 ptm 0.87 i_ptm 0.22 energy -5.85
236 models [1] recycles 0 hard 1 soft 0 temp 0.00 loss 2.57 i_con 3.69 plddt 0.47 ptm 0.90 i_ptm 0.50 energy -5.85
237 models [1] recycles 0 hard 1 soft 0 temp 0.00 loss 2.57 i_con 3.69 plddt 0.47 ptm 0.90 i_ptm 0.50 energy -5.85
238 models [0] recycles 0 hard 1 soft 0 temp 0.00 loss 3.34 i_con 4.44 plddt 0.34 ptm 0.87 i_ptm 0.22 energy -5.85
239 models [0] recycles 0 hard 1 soft 0 temp 0.00 loss 3.34 i_con 4.44 plddt 0.34 ptm 0.87 i_ptm 0.22 energy -5.85
240 models [0] recycles 0 hard 1 soft 0 temp 0.00 loss 3.34 i_con 4.44 plddt 0.34 ptm 0.87 i_ptm 0.22 energy -5.85
241 models [0] recycles 0 hard 1 soft 0 temp 0.00 loss 3.34 i_con 4.44 plddt 0.34 ptm 0.87 i_ptm 0.22 energy -5.85
242 models [0] recycles 0 hard 1 soft 0 temp 0.00 loss 3.34 i_con 4.44 plddt 0.34 ptm 0.87 i_ptm 0.22 energy -5.85
243 models [1] recycles 0 hard 1 soft 0 temp 0.00 loss 2.57 i_con 3.69 plddt 0.47 ptm 0.90 i_ptm 0.50 energy -5.85
244 models [0] recycles 0 hard 1 soft 0 temp 0.00 loss 3.34 i_con 4.44 plddt 0.34 ptm 0.87 i_ptm 0.22 energy -5.85
245 models [0] recycles 0 hard 1 soft 0 temp 0.00 loss 3.34 i_con 4.44 plddt 0.34 ptm 0.87 i_ptm 0.22 energy -5.85
246 models [1] recycles 0 hard 1 soft 0 temp 0.00 loss 2.57 i_con 3.69 plddt 0.47 ptm 0.90 i_ptm 0.50 energy -5.85
247 models [1] recycles 0 hard 1 soft 0 temp 0.00 loss 2.57 i_con 3.69 plddt 0.47 ptm 0.90 i_ptm 0.50 energy -5.85
248 models [1] recycles 0 hard 1 soft 0 temp 0.00 loss 2.57 i_con 3.69 plddt 0.47 ptm 0.90 i_ptm 0.50 energy -5.85
249 models [0] recycles 0 hard 1 soft 0 temp 0.00 loss 3.34 i_con 4.44 plddt 0.34 ptm 0.87 i_ptm 0.22 energy -5.85
250 models [1] recycles 0 hard 1 soft 0 temp 0.00 loss 2.57 i_con 3.69 plddt 0.47 ptm 0.90 i_ptm 0.50 energy -5.85
  seq=LIGGPALVVFYCCFC  loss=2.5679  loss_af=3.7383  energy=-5.8522  i_ptm=0.4959
[4/10] seed=3 ...
1 models [0] recycles 0 hard 0 soft 1 temp 1 loss 7.97 i_con 7.55 plddt 0.56 ptm 0.86 i_ptm 0.12 energy 7.37
2 models [1] recycles 0 hard 0 soft 1 temp 1 loss 8.09 i_con 7.69 plddt 0.55 ptm 0.88 i_ptm 0.09 energy 7.10
3 models [1] recycles 0 hard 0 soft 1 temp 1 loss 7.72 i_con 7.33 plddt 0.51 ptm 0.88 i_ptm 0.09 energy 6.71
4 models [1] recycles 0 hard 0 soft 1 temp 1 loss 7.57 i_con 7.21 plddt 0.55 ptm 0.88 i_ptm 0.08 energy 6.35
5 models [1] recycles 0 hard 0 soft 1 temp 1 loss 7.34 i_con 7.00 plddt 0.56 ptm 0.88 i_ptm 0.09 energy 5.93
6 models [0] recycles 0 hard 0 soft 1 temp 1 loss 7.20 i_con 6.88 plddt 0.54 ptm 0.86 i_ptm 0.12 energy 5.51
7 models [0] recycles 0 hard 0 soft 1 temp 1 loss 6.62 i_con 6.31 plddt 0.50 ptm 0.86 i_ptm 0.12 energy 5.11
8 models [1] recycles 0 hard 0 soft 1 temp 1 loss 6.90 i_con 6.62 plddt 0.55 ptm 0.88 i_ptm 0.09 energy 4.74
9 models [0] recycles 0 hard 0 soft 1 temp 1 loss 6.04 i_con 5.77 plddt 0.43 ptm 0.86 i_ptm 0.12 energy 4.30
10 models [0] recycles 0 hard 0 soft 1 temp 1 loss 5.90 i_con 5.63 plddt 0.42 ptm 0.86 i_ptm 0.12 energy 4.09
11 models [1] recycles 0 hard 0 soft 1 temp 1 loss 5.85 i_con 5.60 plddt 0.51 ptm 0.88 i_ptm 0.08 energy 3.99
12 models [0] recycles 0 hard 0 soft 1 temp 1 loss 5.22 i_con 4.97 plddt 0.40 ptm 0.86 i_ptm 0.13 energy 3.81
13 models [0] recycles 0 hard 0 soft 1 temp 1 loss 5.42 i_con 5.16 plddt 0.39 ptm 0.86 i_ptm 0.11 energy 3.95
14 models [0] recycles 0 hard 0 soft 1 temp 1 loss 5.04 i_con 4.77 plddt 0.39 ptm 0.87 i_ptm 0.14 energy 4.22
15 models [1] recycles 0 hard 0 soft 1 temp 1 loss 5.86 i_con 5.59 plddt 0.44 ptm 0.88 i_ptm 0.09 energy 4.28
16 models [0] recycles 0 hard 0 soft 1 temp 1 loss 4.96 i_con 4.70 plddt 0.39 ptm 0.87 i_ptm 0.16 energy 4.02
17 models [1] recycles 0 hard 0 soft 1 temp 1 loss 5.72 i_con 5.44 plddt 0.41 ptm 0.88 i_ptm 0.10 energy 4.32
18 models [1] recycles 0 hard 0 soft 1 temp 1 loss 5.28 i_con 5.03 plddt 0.37 ptm 0.88 i_ptm 0.14 energy 3.91
19 models [0] recycles 0 hard 0 soft 1 temp 1 loss 4.84 i_con 4.62 plddt 0.37 ptm 0.87 i_ptm 0.19 energy 3.08
20 models [0] recycles 0 hard 0 soft 1 temp 1 loss 5.13 i_con 4.93 plddt 0.39 ptm 0.87 i_ptm 0.15 energy 2.86
21 models [0] recycles 0 hard 0 soft 1 temp 1 loss 4.74 i_con 4.52 plddt 0.38 ptm 0.87 i_ptm 0.21 energy 3.26
22 models [0] recycles 0 hard 0 soft 1 temp 1 loss 5.14 i_con 4.95 plddt 0.38 ptm 0.87 i_ptm 0.16 energy 2.62
23 models [1] recycles 0 hard 0 soft 1 temp 1 loss 5.64 i_con 5.44 plddt 0.41 ptm 0.88 i_ptm 0.09 energy 2.83
24 models [1] recycles 0 hard 0 soft 1 temp 1 loss 5.44 i_con 5.26 plddt 0.39 ptm 0.88 i_ptm 0.12 energy 2.43
25 models [0] recycles 0 hard 0 soft 1 temp 1 loss 5.48 i_con 5.30 plddt 0.41 ptm 0.87 i_ptm 0.13 energy 2.29
26 models [1] recycles 0 hard 0 soft 1 temp 1 loss 5.29 i_con 5.12 plddt 0.39 ptm 0.88 i_ptm 0.11 energy 2.34
27 models [0] recycles 0 hard 0 soft 1 temp 1 loss 4.88 i_con 4.72 plddt 0.39 ptm 0.87 i_ptm 0.19 energy 2.15
28 models [0] recycles 0 hard 0 soft 1 temp 1 loss 4.66 i_con 4.49 plddt 0.38 ptm 0.87 i_ptm 0.24 energy 2.13
29 models [1] recycles 0 hard 0 soft 1 temp 1 loss 5.41 i_con 5.26 plddt 0.38 ptm 0.88 i_ptm 0.11 energy 1.83
30 models [1] recycles 0 hard 0 soft 1 temp 1 loss 5.52 i_con 5.39 plddt 0.39 ptm 0.88 i_ptm 0.09 energy 1.37
31 models [1] recycles 0 hard 0 soft 1 temp 1 loss 5.08 i_con 4.94 plddt 0.39 ptm 0.88 i_ptm 0.17 energy 1.58
32 models [1] recycles 0 hard 0 soft 1 temp 1 loss 5.40 i_con 5.27 plddt 0.36 ptm 0.88 i_ptm 0.09 energy 1.22
33 models [1] recycles 0 hard 0 soft 1 temp 1 loss 5.58 i_con 5.46 plddt 0.39 ptm 0.88 i_ptm 0.09 energy 1.13
34 models [1] recycles 0 hard 0 soft 1 temp 1 loss 5.21 i_con 5.07 plddt 0.36 ptm 0.88 i_ptm 0.12 energy 1.48
35 models [1] recycles 0 hard 0 soft 1 temp 1 loss 5.78 i_con 5.67 plddt 0.39 ptm 0.88 i_ptm 0.08 energy 0.92
36 models [0] recycles 0 hard 0 soft 1 temp 1 loss 4.36 i_con 4.27 plddt 0.43 ptm 0.87 i_ptm 0.26 energy 0.54
37 models [1] recycles 0 hard 0 soft 1 temp 1 loss 5.11 i_con 5.04 plddt 0.36 ptm 0.88 i_ptm 0.12 energy 0.17
38 models [0] recycles 0 hard 0 soft 1 temp 1 loss 4.37 i_con 4.30 plddt 0.38 ptm 0.87 i_ptm 0.26 energy 0.17
39 models [1] recycles 0 hard 0 soft 1 temp 1 loss 4.91 i_con 4.84 plddt 0.36 ptm 0.88 i_ptm 0.18 energy 0.07
40 models [0] recycles 0 hard 0 soft 1 temp 1 loss 5.12 i_con 5.06 plddt 0.40 ptm 0.86 i_ptm 0.14 energy -0.07
41 models [0] recycles 0 hard 0 soft 1 temp 1 loss 4.93 i_con 4.86 plddt 0.38 ptm 0.87 i_ptm 0.21 energy 0.09
42 models [1] recycles 0 hard 0 soft 1 temp 1 loss 4.82 i_con 4.76 plddt 0.36 ptm 0.88 i_ptm 0.22 energy -0.06
43 models [1] recycles 0 hard 0 soft 1 temp 1 loss 4.85 i_con 4.78 plddt 0.37 ptm 0.88 i_ptm 0.19 energy 0.11
44 models [0] recycles 0 hard 0 soft 1 temp 1 loss 4.55 i_con 4.50 plddt 0.43 ptm 0.87 i_ptm 0.26 energy -0.16
45 models [0] recycles 0 hard 0 soft 1 temp 1 loss 4.64 i_con 4.59 plddt 0.39 ptm 0.87 i_ptm 0.20 energy -0.10
46 models [1] recycles 0 hard 0 soft 1 temp 1 loss 5.20 i_con 5.16 plddt 0.41 ptm 0.88 i_ptm 0.11 energy -0.30
47 models [1] recycles 0 hard 0 soft 1 temp 1 loss 5.55 i_con 5.50 plddt 0.41 ptm 0.88 i_ptm 0.09 energy -0.22
48 models [0] recycles 0 hard 0 soft 1 temp 1 loss 4.49 i_con 4.44 plddt 0.40 ptm 0.87 i_ptm 0.23 energy -0.20
49 models [0] recycles 0 hard 0 soft 1 temp 1 loss 4.58 i_con 4.54 plddt 0.40 ptm 0.87 i_ptm 0.23 energy -0.34
50 models [1] recycles 0 hard 0 soft 1 temp 1 loss 4.91 i_con 4.86 plddt 0.35 ptm 0.88 i_ptm 0.16 energy -0.29
51 models [0] recycles 0 hard 0 soft 1 temp 1 loss 4.64 i_con 4.64 plddt 0.44 ptm 0.87 i_ptm 0.21 energy -0.30
52 models [1] recycles 0 hard 0 soft 1 temp 1 loss 5.10 i_con 5.17 plddt 0.36 ptm 0.88 i_ptm 0.11 energy -0.69
53 models [1] recycles 0 hard 0 soft 1 temp 1 loss 4.72 i_con 4.88 plddt 0.37 ptm 0.88 i_ptm 0.20 energy -1.13
54 models [1] recycles 0 hard 0 soft 1 temp 1 loss 4.13 i_con 4.35 plddt 0.37 ptm 0.89 i_ptm 0.26 energy -1.42
55 models [0] recycles 0 hard 0 soft 1 temp 1 loss 4.29 i_con 4.50 plddt 0.40 ptm 0.87 i_ptm 0.24 energy -1.39
56 models [1] recycles 0 hard 0 soft 1 temp 1 loss 4.43 i_con 4.74 plddt 0.38 ptm 0.88 i_ptm 0.19 energy -1.87
57 models [0] recycles 0 hard 0 soft 1 temp 1 loss 3.95 i_con 4.30 plddt 0.42 ptm 0.87 i_ptm 0.25 energy -2.04
58 models [1] recycles 0 hard 0 soft 1 temp 1 loss 4.14 i_con 4.51 plddt 0.36 ptm 0.88 i_ptm 0.23 energy -2.17
59 models [1] recycles 0 hard 0 soft 1 temp 1 loss 3.87 i_con 4.27 plddt 0.35 ptm 0.89 i_ptm 0.24 energy -2.33
60 models [1] recycles 0 hard 0 soft 1 temp 1 loss 4.18 i_con 4.62 plddt 0.38 ptm 0.88 i_ptm 0.22 energy -2.49
61 models [1] recycles 0 hard 0 soft 1 temp 1 loss 4.24 i_con 4.70 plddt 0.39 ptm 0.88 i_ptm 0.18 energy -2.61
62 models [1] recycles 0 hard 0 soft 1 temp 1 loss 4.16 i_con 4.63 plddt 0.35 ptm 0.88 i_ptm 0.21 energy -2.70
63 models [1] recycles 0 hard 0 soft 1 temp 1 loss 4.23 i_con 4.71 plddt 0.34 ptm 0.88 i_ptm 0.19 energy -2.74
64 models [0] recycles 0 hard 0 soft 1 temp 1 loss 4.03 i_con 4.54 plddt 0.41 ptm 0.87 i_ptm 0.22 energy -2.87
65 models [0] recycles 0 hard 0 soft 1 temp 1 loss 3.76 i_con 4.27 plddt 0.40 ptm 0.87 i_ptm 0.24 energy -2.83
66 models [1] recycles 0 hard 0 soft 1 temp 1 loss 3.92 i_con 4.47 plddt 0.35 ptm 0.89 i_ptm 0.23 energy -3.06
67 models [0] recycles 0 hard 0 soft 1 temp 1 loss 3.68 i_con 4.25 plddt 0.38 ptm 0.87 i_ptm 0.23 energy -3.18
68 models [1] recycles 0 hard 0 soft 1 temp 1 loss 4.37 i_con 4.95 plddt 0.38 ptm 0.88 i_ptm 0.14 energy -3.25
69 models [0] recycles 0 hard 0 soft 1 temp 1 loss 3.38 i_con 3.98 plddt 0.43 ptm 0.87 i_ptm 0.30 energy -3.27
70 models [1] recycles 0 hard 0 soft 1 temp 1 loss 3.75 i_con 4.39 plddt 0.36 ptm 0.89 i_ptm 0.23 energy -3.48
71 models [1] recycles 0 hard 0 soft 1 temp 1 loss 3.76 i_con 4.39 plddt 0.37 ptm 0.88 i_ptm 0.24 energy -3.50
72 models [1] recycles 0 hard 0 soft 1 temp 1 loss 3.62 i_con 4.25 plddt 0.37 ptm 0.89 i_ptm 0.24 energy -3.43
73 models [0] recycles 0 hard 0 soft 1 temp 1 loss 3.77 i_con 4.42 plddt 0.38 ptm 0.87 i_ptm 0.20 energy -3.53
74 models [0] recycles 0 hard 0 soft 1 temp 1 loss 3.37 i_con 4.02 plddt 0.39 ptm 0.87 i_ptm 0.29 energy -3.58
75 models [0] recycles 0 hard 0 soft 1 temp 1 loss 3.40 i_con 4.10 plddt 0.39 ptm 0.87 i_ptm 0.26 energy -3.81
76 models [0] recycles 0 hard 0 soft 1 temp 1 loss 3.34 i_con 4.06 plddt 0.40 ptm 0.87 i_ptm 0.24 energy -3.90
77 models [0] recycles 0 hard 0 soft 1 temp 1 loss 3.17 i_con 3.90 plddt 0.42 ptm 0.87 i_ptm 0.32 energy -3.94
78 models [1] recycles 0 hard 0 soft 1 temp 1 loss 3.40 i_con 4.15 plddt 0.38 ptm 0.88 i_ptm 0.24 energy -4.10
79 models [0] recycles 0 hard 0 soft 1 temp 1 loss 3.31 i_con 4.08 plddt 0.38 ptm 0.87 i_ptm 0.24 energy -4.12
80 models [1] recycles 0 hard 0 soft 1 temp 1 loss 3.25 i_con 4.05 plddt 0.43 ptm 0.89 i_ptm 0.31 energy -4.26
81 models [0] recycles 0 hard 0 soft 1 temp 1 loss 3.35 i_con 4.17 plddt 0.40 ptm 0.87 i_ptm 0.28 energy -4.42
82 models [1] recycles 0 hard 0 soft 1 temp 1 loss 3.85 i_con 4.67 plddt 0.35 ptm 0.88 i_ptm 0.19 energy -4.43
83 models [1] recycles 0 hard 0 soft 1 temp 1 loss 3.31 i_con 4.14 plddt 0.39 ptm 0.89 i_ptm 0.28 energy -4.49
84 models [0] recycles 0 hard 0 soft 1 temp 1 loss 3.12 i_con 4.01 plddt 0.41 ptm 0.87 i_ptm 0.29 energy -4.76
85 models [0] recycles 0 hard 0 soft 1 temp 1 loss 3.01 i_con 3.93 plddt 0.44 ptm 0.87 i_ptm 0.30 energy -4.90
86 models [1] recycles 0 hard 0 soft 1 temp 1 loss 3.67 i_con 4.60 plddt 0.36 ptm 0.88 i_ptm 0.16 energy -4.94
87 models [1] recycles 0 hard 0 soft 1 temp 1 loss 3.70 i_con 4.63 plddt 0.35 ptm 0.88 i_ptm 0.16 energy -5.00
88 models [1] recycles 0 hard 0 soft 1 temp 1 loss 3.23 i_con 4.15 plddt 0.40 ptm 0.89 i_ptm 0.24 energy -4.94
89 models [0] recycles 0 hard 0 soft 1 temp 1 loss 3.11 i_con 4.03 plddt 0.42 ptm 0.87 i_ptm 0.27 energy -4.89
90 models [0] recycles 0 hard 0 soft 1 temp 1 loss 3.00 i_con 3.98 plddt 0.38 ptm 0.87 i_ptm 0.27 energy -5.18
91 models [0] recycles 0 hard 0 soft 1 temp 1 loss 3.25 i_con 4.24 plddt 0.36 ptm 0.87 i_ptm 0.23 energy -5.24
92 models [0] recycles 0 hard 0 soft 1 temp 1 loss 3.09 i_con 4.04 plddt 0.37 ptm 0.87 i_ptm 0.25 energy -5.10
93 models [1] recycles 0 hard 0 soft 1 temp 1 loss 3.75 i_con 4.72 plddt 0.37 ptm 0.88 i_ptm 0.15 energy -5.16
94 models [1] recycles 0 hard 0 soft 1 temp 1 loss 3.05 i_con 4.04 plddt 0.41 ptm 0.89 i_ptm 0.29 energy -5.24
95 models [1] recycles 0 hard 0 soft 1 temp 1 loss 3.20 i_con 4.16 plddt 0.39 ptm 0.89 i_ptm 0.26 energy -5.12
96 models [0] recycles 0 hard 0 soft 1 temp 1 loss 3.19 i_con 4.19 plddt 0.37 ptm 0.87 i_ptm 0.25 energy -5.30
97 models [1] recycles 0 hard 0 soft 1 temp 1 loss 3.34 i_con 4.36 plddt 0.36 ptm 0.88 i_ptm 0.23 energy -5.40
98 models [1] recycles 0 hard 0 soft 1 temp 1 loss 3.18 i_con 4.19 plddt 0.37 ptm 0.89 i_ptm 0.23 energy -5.33
99 models [1] recycles 0 hard 0 soft 1 temp 1 loss 3.22 i_con 4.27 plddt 0.36 ptm 0.89 i_ptm 0.22 energy -5.57
100 models [0] recycles 0 hard 0 soft 1 temp 1 loss 3.28 i_con 4.31 plddt 0.37 ptm 0.87 i_ptm 0.22 energy -5.47
101 models [0] recycles 0 hard 0 soft 0 temp 1 loss 2.19 i_con 7.51 plddt 0.47 ptm 0.87 i_ptm 0.16 energy -26.90
102 models [0] recycles 0 hard 0 soft 0 temp 0.99 loss 0.83 i_con 6.51 plddt 0.51 ptm 0.87 i_ptm 0.12 energy -28.66
103 models [1] recycles 0 hard 0 soft 0 temp 0.98 loss 1.55 i_con 7.30 plddt 0.53 ptm 0.88 i_ptm 0.11 energy -28.99
104 models [0] recycles 0 hard 0 soft 0 temp 0.97 loss -0.66 i_con 5.25 plddt 0.46 ptm 0.86 i_ptm 0.15 energy -29.86
105 models [0] recycles 0 hard 0 soft 0 temp 0.96 loss -2.01 i_con 4.05 plddt 0.43 ptm 0.87 i_ptm 0.32 energy -30.55
106 models [1] recycles 0 hard 0 soft 0 temp 0.95 loss -0.50 i_con 5.97 plddt 0.46 ptm 0.88 i_ptm 0.10 energy -32.65
107 models [0] recycles 0 hard 0 soft 0 temp 0.94 loss -2.52 i_con 4.13 plddt 0.42 ptm 0.87 i_ptm 0.29 energy -33.56
108 models [0] recycles 0 hard 0 soft 0 temp 0.93 loss -3.02 i_con 4.13 plddt 0.45 ptm 0.87 i_ptm 0.30 energy -36.02
109 models [0] recycles 0 hard 0 soft 0 temp 0.92 loss -3.59 i_con 4.05 plddt 0.41 ptm 0.87 i_ptm 0.33 energy -38.50
110 models [1] recycles 0 hard 0 soft 0 temp 0.91 loss -3.49 i_con 4.58 plddt 0.41 ptm 0.89 i_ptm 0.23 energy -40.68
111 models [0] recycles 0 hard 0 soft 0 temp 0.90 loss -4.48 i_con 3.92 plddt 0.46 ptm 0.88 i_ptm 0.37 energy -42.28
112 models [1] recycles 0 hard 0 soft 0 temp 0.89 loss -4.28 i_con 4.54 plddt 0.41 ptm 0.89 i_ptm 0.22 energy -44.41
113 models [1] recycles 0 hard 0 soft 0 temp 0.88 loss -4.83 i_con 4.20 plddt 0.40 ptm 0.89 i_ptm 0.26 energy -45.42
114 models [1] recycles 0 hard 0 soft 0 temp 0.87 loss -5.50 i_con 3.90 plddt 0.43 ptm 0.89 i_ptm 0.32 energy -47.29
115 models [0] recycles 0 hard 0 soft 0 temp 0.86 loss -5.76 i_con 4.09 plddt 0.40 ptm 0.87 i_ptm 0.28 energy -49.54
116 models [0] recycles 0 hard 0 soft 0 temp 0.85 loss -6.29 i_con 4.02 plddt 0.43 ptm 0.87 i_ptm 0.29 energy -51.86
117 models [0] recycles 0 hard 0 soft 0 temp 0.84 loss -6.73 i_con 4.05 plddt 0.42 ptm 0.87 i_ptm 0.33 energy -54.20
118 models [1] recycles 0 hard 0 soft 0 temp 0.83 loss -6.71 i_con 4.51 plddt 0.39 ptm 0.88 i_ptm 0.22 energy -56.43
119 models [0] recycles 0 hard 0 soft 0 temp 0.82 loss -7.39 i_con 4.14 plddt 0.39 ptm 0.87 i_ptm 0.28 energy -57.95
120 models [0] recycles 0 hard 0 soft 0 temp 0.81 loss -8.12 i_con 3.85 plddt 0.46 ptm 0.88 i_ptm 0.38 energy -60.14
121 models [0] recycles 0 hard 0 soft 0 temp 0.80 loss -8.49 i_con 3.93 plddt 0.42 ptm 0.87 i_ptm 0.34 energy -62.37
122 models [0] recycles 0 hard 0 soft 0 temp 0.79 loss -8.83 i_con 3.99 plddt 0.39 ptm 0.87 i_ptm 0.28 energy -64.42
123 models [0] recycles 0 hard 0 soft 0 temp 0.78 loss -9.15 i_con 4.13 plddt 0.43 ptm 0.87 i_ptm 0.29 energy -66.67
124 models [1] recycles 0 hard 0 soft 0 temp 0.77 loss -9.20 i_con 4.50 plddt 0.40 ptm 0.88 i_ptm 0.20 energy -68.82
125 models [0] recycles 0 hard 0 soft 0 temp 0.76 loss -10.01 i_con 4.00 plddt 0.41 ptm 0.87 i_ptm 0.32 energy -70.35
126 models [0] recycles 0 hard 0 soft 0 temp 0.75 loss -10.16 i_con 4.27 plddt 0.41 ptm 0.87 i_ptm 0.25 energy -72.46
127 models [0] recycles 0 hard 0 soft 0 temp 0.74 loss -10.65 i_con 4.20 plddt 0.40 ptm 0.87 i_ptm 0.29 energy -74.58
128 models [1] recycles 0 hard 0 soft 0 temp 0.73 loss -10.69 i_con 4.57 plddt 0.39 ptm 0.89 i_ptm 0.19 energy -76.57
129 models [1] recycles 0 hard 0 soft 0 temp 0.72 loss -11.36 i_con 4.30 plddt 0.38 ptm 0.89 i_ptm 0.21 energy -78.62
130 models [1] recycles 0 hard 0 soft 0 temp 0.71 loss -11.70 i_con 4.36 plddt 0.36 ptm 0.89 i_ptm 0.23 energy -80.62
131 models [1] recycles 0 hard 0 soft 0 temp 0.70 loss -12.58 i_con 3.90 plddt 0.41 ptm 0.89 i_ptm 0.31 energy -82.66
132 models [1] recycles 0 hard 0 soft 0 temp 0.69 loss -12.78 i_con 3.95 plddt 0.42 ptm 0.89 i_ptm 0.30 energy -83.98
133 models [0] recycles 0 hard 0 soft 0 temp 0.68 loss -12.94 i_con 4.12 plddt 0.43 ptm 0.87 i_ptm 0.30 energy -85.56
134 models [0] recycles 0 hard 0 soft 0 temp 0.67 loss -13.42 i_con 4.06 plddt 0.42 ptm 0.87 i_ptm 0.30 energy -87.71
135 models [1] recycles 0 hard 0 soft 0 temp 0.66 loss -13.63 i_con 4.26 plddt 0.39 ptm 0.88 i_ptm 0.24 energy -89.75
136 models [0] recycles 0 hard 0 soft 0 temp 0.65 loss -14.14 i_con 4.05 plddt 0.39 ptm 0.87 i_ptm 0.29 energy -91.25
137 models [0] recycles 0 hard 0 soft 0 temp 0.64 loss -14.41 i_con 4.20 plddt 0.39 ptm 0.87 i_ptm 0.27 energy -93.33
138 models [0] recycles 0 hard 0 soft 0 temp 0.63 loss -14.52 i_con 4.55 plddt 0.36 ptm 0.87 i_ptm 0.22 energy -95.63
139 models [0] recycles 0 hard 0 soft 0 temp 0.62 loss -15.36 i_con 4.01 plddt 0.38 ptm 0.87 i_ptm 0.32 energy -97.16
140 models [0] recycles 0 hard 0 soft 0 temp 0.61 loss -15.63 i_con 4.17 plddt 0.39 ptm 0.87 i_ptm 0.25 energy -99.32
141 models [1] recycles 0 hard 0 soft 0 temp 0.60 loss -15.99 i_con 4.22 plddt 0.37 ptm 0.88 i_ptm 0.26 energy -101.39
142 models [1] recycles 0 hard 0 soft 0 temp 0.59 loss -16.27 i_con 4.37 plddt 0.38 ptm 0.88 i_ptm 0.22 energy -103.53
143 models [0] recycles 0 hard 0 soft 0 temp 0.58 loss -16.82 i_con 4.21 plddt 0.40 ptm 0.87 i_ptm 0.22 energy -105.47
144 models [1] recycles 0 hard 0 soft 0 temp 0.57 loss -16.83 i_con 4.62 plddt 0.36 ptm 0.88 i_ptm 0.18 energy -107.58
145 models [1] recycles 0 hard 0 soft 0 temp 0.56 loss -17.69 i_con 4.11 plddt 0.34 ptm 0.89 i_ptm 0.26 energy -109.35
146 models [0] recycles 0 hard 0 soft 0 temp 0.55 loss -18.00 i_con 4.29 plddt 0.38 ptm 0.87 i_ptm 0.26 energy -111.73
147 models [1] recycles 0 hard 0 soft 0 temp 0.54 loss -18.20 i_con 4.46 plddt 0.34 ptm 0.89 i_ptm 0.20 energy -113.63
148 models [0] recycles 0 hard 0 soft 0 temp 0.53 loss -18.72 i_con 4.36 plddt 0.38 ptm 0.87 i_ptm 0.23 energy -115.75
149 models [1] recycles 0 hard 0 soft 0 temp 0.52 loss -19.01 i_con 4.49 plddt 0.37 ptm 0.88 i_ptm 0.18 energy -117.79
150 models [1] recycles 0 hard 0 soft 0 temp 0.51 loss -19.64 i_con 4.23 plddt 0.38 ptm 0.88 i_ptm 0.24 energy -119.64
151 models [0] recycles 0 hard 0 soft 0 temp 0.50 loss -19.82 i_con 4.44 plddt 0.36 ptm 0.87 i_ptm 0.22 energy -121.65
152 models [0] recycles 0 hard 0 soft 0 temp 0.49 loss -20.23 i_con 4.46 plddt 0.38 ptm 0.87 i_ptm 0.24 energy -123.77
153 models [0] recycles 0 hard 0 soft 0 temp 0.48 loss -20.51 i_con 4.53 plddt 0.41 ptm 0.87 i_ptm 0.24 energy -125.54
154 models [0] recycles 0 hard 0 soft 0 temp 0.47 loss -20.89 i_con 4.53 plddt 0.35 ptm 0.87 i_ptm 0.22 energy -127.45
155 models [0] recycles 0 hard 0 soft 0 temp 0.46 loss -21.20 i_con 4.43 plddt 0.36 ptm 0.86 i_ptm 0.23 energy -128.44
156 models [1] recycles 0 hard 0 soft 0 temp 0.45 loss -21.34 i_con 4.66 plddt 0.37 ptm 0.88 i_ptm 0.17 energy -130.32
157 models [0] recycles 0 hard 0 soft 0 temp 0.44 loss -22.03 i_con 4.26 plddt 0.37 ptm 0.87 i_ptm 0.24 energy -131.77
158 models [1] recycles 0 hard 0 soft 0 temp 0.43 loss -22.04 i_con 4.70 plddt 0.40 ptm 0.88 i_ptm 0.14 energy -133.97
159 models [0] recycles 0 hard 0 soft 0 temp 0.42 loss -22.66 i_con 4.47 plddt 0.36 ptm 0.87 i_ptm 0.23 energy -136.01
160 models [0] recycles 0 hard 0 soft 0 temp 0.41 loss -22.79 i_con 4.73 plddt 0.38 ptm 0.87 i_ptm 0.20 energy -137.88
161 models [1] recycles 0 hard 0 soft 0 temp 0.40 loss -23.20 i_con 4.63 plddt 0.36 ptm 0.88 i_ptm 0.15 energy -139.46
162 models [0] recycles 0 hard 0 soft 0 temp 0.39 loss -23.47 i_con 4.68 plddt 0.41 ptm 0.87 i_ptm 0.19 energy -141.03
163 models [0] recycles 0 hard 0 soft 0 temp 0.38 loss -23.80 i_con 4.72 plddt 0.37 ptm 0.87 i_ptm 0.20 energy -142.93
164 models [1] recycles 0 hard 0 soft 0 temp 0.37 loss -23.40 i_con 5.42 plddt 0.43 ptm 0.88 i_ptm 0.10 energy -144.37
165 models [0] recycles 0 hard 0 soft 0 temp 0.36 loss -24.52 i_con 4.61 plddt 0.42 ptm 0.87 i_ptm 0.22 energy -145.95
166 models [0] recycles 0 hard 0 soft 0 temp 0.35 loss -24.97 i_con 4.48 plddt 0.39 ptm 0.87 i_ptm 0.22 energy -147.57
167 models [0] recycles 0 hard 0 soft 0 temp 0.34 loss -25.08 i_con 4.75 plddt 0.35 ptm 0.87 i_ptm 0.19 energy -149.45
168 models [1] recycles 0 hard 0 soft 0 temp 0.33 loss -25.47 i_con 4.74 plddt 0.39 ptm 0.88 i_ptm 0.17 energy -151.35
169 models [0] recycles 0 hard 0 soft 0 temp 0.32 loss -26.06 i_con 4.56 plddt 0.37 ptm 0.87 i_ptm 0.22 energy -153.43
170 models [0] recycles 0 hard 0 soft 0 temp 0.31 loss -25.40 i_con 5.53 plddt 0.39 ptm 0.87 i_ptm 0.13 energy -154.97
171 models [0] recycles 0 hard 0 soft 0 temp 0.30 loss -26.56 i_con 4.52 plddt 0.36 ptm 0.87 i_ptm 0.23 energy -155.72
172 models [0] recycles 0 hard 0 soft 0 temp 0.29 loss -27.08 i_con 4.37 plddt 0.35 ptm 0.87 i_ptm 0.22 energy -157.58
173 models [0] recycles 0 hard 0 soft 0 temp 0.28 loss -27.17 i_con 4.70 plddt 0.40 ptm 0.87 i_ptm 0.20 energy -159.68
174 models [1] recycles 0 hard 0 soft 0 temp 0.27 loss -27.26 i_con 4.88 plddt 0.37 ptm 0.88 i_ptm 0.13 energy -161.03
175 models [0] recycles 0 hard 0 soft 0 temp 0.26 loss -26.71 i_con 5.68 plddt 0.43 ptm 0.87 i_ptm 0.13 energy -162.23
176 models [1] recycles 0 hard 0 soft 0 temp 0.25 loss -27.39 i_con 5.24 plddt 0.40 ptm 0.88 i_ptm 0.10 energy -163.43
177 models [0] recycles 0 hard 0 soft 0 temp 0.24 loss -28.33 i_con 4.67 plddt 0.38 ptm 0.87 i_ptm 0.23 energy -165.28
178 models [1] recycles 0 hard 0 soft 0 temp 0.23 loss -28.37 i_con 5.01 plddt 0.38 ptm 0.88 i_ptm 0.10 energy -167.18
179 models [1] recycles 0 hard 0 soft 0 temp 0.22 loss -28.64 i_con 5.07 plddt 0.33 ptm 0.88 i_ptm 0.11 energy -168.86
180 models [0] recycles 0 hard 0 soft 0 temp 0.21 loss -29.50 i_con 4.54 plddt 0.35 ptm 0.87 i_ptm 0.21 energy -170.56
181 models [1] recycles 0 hard 0 soft 0 temp 0.20 loss -29.12 i_con 5.31 plddt 0.38 ptm 0.88 i_ptm 0.11 energy -172.46
182 models [0] recycles 0 hard 0 soft 0 temp 0.19 loss -29.94 i_con 4.86 plddt 0.34 ptm 0.87 i_ptm 0.21 energy -174.33
183 models [1] recycles 0 hard 0 soft 0 temp 0.18 loss -30.10 i_con 5.10 plddt 0.39 ptm 0.88 i_ptm 0.13 energy -176.32
184 models [1] recycles 0 hard 0 soft 0 temp 0.17 loss -30.26 i_con 5.25 plddt 0.37 ptm 0.88 i_ptm 0.11 energy -177.86
185 models [1] recycles 0 hard 0 soft 0 temp 0.16 loss -31.07 i_con 4.70 plddt 0.34 ptm 0.88 i_ptm 0.14 energy -179.16
186 models [0] recycles 0 hard 0 soft 0 temp 0.15 loss -31.60 i_con 4.58 plddt 0.35 ptm 0.87 i_ptm 0.19 energy -181.22
187 models [0] recycles 0 hard 0 soft 0 temp 0.14 loss -31.38 i_con 5.20 plddt 0.35 ptm 0.87 i_ptm 0.14 energy -183.25
188 models [1] recycles 0 hard 0 soft 0 temp 0.13 loss -31.60 i_con 5.38 plddt 0.43 ptm 0.88 i_ptm 0.11 energy -185.15
189 models [0] recycles 0 hard 0 soft 0 temp 0.12 loss -32.20 i_con 5.04 plddt 0.37 ptm 0.87 i_ptm 0.18 energy -186.53
190 models [1] recycles 0 hard 0 soft 0 temp 0.11 loss -32.25 i_con 5.22 plddt 0.41 ptm 0.88 i_ptm 0.12 energy -187.64
191 models [1] recycles 0 hard 0 soft 0 temp 0.10 loss -32.43 i_con 5.43 plddt 0.40 ptm 0.88 i_ptm 0.13 energy -189.60
192 models [0] recycles 0 hard 0 soft 0 temp 0.09 loss -32.90 i_con 5.35 plddt 0.38 ptm 0.87 i_ptm 0.16 energy -191.55
193 models [0] recycles 0 hard 0 soft 0 temp 0.08 loss -32.99 i_con 5.49 plddt 0.38 ptm 0.86 i_ptm 0.16 energy -192.71
194 models [1] recycles 0 hard 0 soft 0 temp 0.07 loss -33.52 i_con 5.14 plddt 0.35 ptm 0.88 i_ptm 0.12 energy -193.61
195 models [0] recycles 0 hard 0 soft 0 temp 0.06 loss -33.84 i_con 5.18 plddt 0.33 ptm 0.87 i_ptm 0.16 energy -195.44
196 models [0] recycles 0 hard 0 soft 0 temp 0.05 loss -33.76 i_con 5.65 plddt 0.36 ptm 0.87 i_ptm 0.16 energy -197.38
197 models [0] recycles 0 hard 0 soft 0 temp 0.04 loss -33.82 i_con 5.94 plddt 0.39 ptm 0.87 i_ptm 0.16 energy -199.09
198 models [1] recycles 0 hard 0 soft 0 temp 0.03 loss -33.96 i_con 6.15 plddt 0.44 ptm 0.88 i_ptm 0.11 energy -200.85
199 models [1] recycles 0 hard 0 soft 0 temp 0.02 loss -35.24 i_con 5.17 plddt 0.35 ptm 0.88 i_ptm 0.12 energy -202.38
200 models [0] recycles 0 hard 0 soft 0 temp 0.01 loss -35.30 i_con 5.50 plddt 0.32 ptm 0.87 i_ptm 0.17 energy -204.36
201 models [0] recycles 0 hard 1 soft 0 temp 0.00 loss 2.28 i_con 3.76 plddt 0.33 ptm 0.88 i_ptm 0.40 energy -7.73
202 models [0] recycles 0 hard 1 soft 0 temp 0.00 loss 2.28 i_con 3.76 plddt 0.33 ptm 0.88 i_ptm 0.40 energy -7.73
203 models [1] recycles 0 hard 1 soft 0 temp 0.00 loss 2.04 i_con 3.53 plddt 0.39 ptm 0.90 i_ptm 0.52 energy -7.73
204 models [0] recycles 0 hard 1 soft 0 temp 0.00 loss 2.28 i_con 3.76 plddt 0.33 ptm 0.88 i_ptm 0.40 energy -7.73
205 models [0] recycles 0 hard 1 soft 0 temp 0.00 loss 2.28 i_con 3.76 plddt 0.33 ptm 0.88 i_ptm 0.40 energy -7.73
206 models [1] recycles 0 hard 1 soft 0 temp 0.00 loss 2.04 i_con 3.53 plddt 0.39 ptm 0.90 i_ptm 0.52 energy -7.73
207 models [0] recycles 0 hard 1 soft 0 temp 0.00 loss 2.28 i_con 3.76 plddt 0.33 ptm 0.88 i_ptm 0.40 energy -7.73
208 models [1] recycles 0 hard 1 soft 0 temp 0.00 loss 2.04 i_con 3.53 plddt 0.39 ptm 0.90 i_ptm 0.52 energy -7.73
209 models [0] recycles 0 hard 1 soft 0 temp 0.00 loss 2.28 i_con 3.76 plddt 0.33 ptm 0.88 i_ptm 0.40 energy -7.73
210 models [1] recycles 0 hard 1 soft 0 temp 0.00 loss 2.04 i_con 3.53 plddt 0.39 ptm 0.90 i_ptm 0.52 energy -7.73
211 models [0] recycles 0 hard 1 soft 0 temp 0.00 loss 2.28 i_con 3.76 plddt 0.33 ptm 0.88 i_ptm 0.40 energy -7.73
212 models [1] recycles 0 hard 1 soft 0 temp 0.00 loss 2.04 i_con 3.53 plddt 0.39 ptm 0.90 i_ptm 0.52 energy -7.73
213 models [0] recycles 0 hard 1 soft 0 temp 0.00 loss 2.28 i_con 3.76 plddt 0.33 ptm 0.88 i_ptm 0.40 energy -7.73
214 models [0] recycles 0 hard 1 soft 0 temp 0.00 loss 2.28 i_con 3.76 plddt 0.33 ptm 0.88 i_ptm 0.40 energy -7.73
215 models [1] recycles 0 hard 1 soft 0 temp 0.00 loss 2.04 i_con 3.53 plddt 0.39 ptm 0.90 i_ptm 0.52 energy -7.73
216 models [0] recycles 0 hard 1 soft 0 temp 0.00 loss 2.28 i_con 3.76 plddt 0.33 ptm 0.88 i_ptm 0.40 energy -7.73
217 models [1] recycles 0 hard 1 soft 0 temp 0.00 loss 2.04 i_con 3.53 plddt 0.39 ptm 0.90 i_ptm 0.52 energy -7.73
218 models [1] recycles 0 hard 1 soft 0 temp 0.00 loss 2.04 i_con 3.53 plddt 0.39 ptm 0.90 i_ptm 0.52 energy -7.73
219 models [1] recycles 0 hard 1 soft 0 temp 0.00 loss 2.04 i_con 3.53 plddt 0.39 ptm 0.90 i_ptm 0.52 energy -7.73
220 models [1] recycles 0 hard 1 soft 0 temp 0.00 loss 2.04 i_con 3.53 plddt 0.39 ptm 0.90 i_ptm 0.52 energy -7.73
221 models [0] recycles 0 hard 1 soft 0 temp 0.00 loss 2.28 i_con 3.76 plddt 0.33 ptm 0.88 i_ptm 0.40 energy -7.73
222 models [0] recycles 0 hard 1 soft 0 temp 0.00 loss 2.28 i_con 3.76 plddt 0.33 ptm 0.88 i_ptm 0.40 energy -7.73
223 models [0] recycles 0 hard 1 soft 0 temp 0.00 loss 2.28 i_con 3.76 plddt 0.33 ptm 0.88 i_ptm 0.40 energy -7.73
224 models [1] recycles 0 hard 1 soft 0 temp 0.00 loss 2.04 i_con 3.53 plddt 0.39 ptm 0.90 i_ptm 0.52 energy -7.73
225 models [1] recycles 0 hard 1 soft 0 temp 0.00 loss 2.04 i_con 3.53 plddt 0.39 ptm 0.90 i_ptm 0.52 energy -7.73
226 models [1] recycles 0 hard 1 soft 0 temp 0.00 loss 2.04 i_con 3.53 plddt 0.39 ptm 0.90 i_ptm 0.52 energy -7.73
227 models [1] recycles 0 hard 1 soft 0 temp 0.00 loss 2.04 i_con 3.53 plddt 0.39 ptm 0.90 i_ptm 0.52 energy -7.73
228 models [1] recycles 0 hard 1 soft 0 temp 0.00 loss 2.04 i_con 3.53 plddt 0.39 ptm 0.90 i_ptm 0.52 energy -7.73
229 models [0] recycles 0 hard 1 soft 0 temp 0.00 loss 2.28 i_con 3.76 plddt 0.33 ptm 0.88 i_ptm 0.40 energy -7.73
230 models [1] recycles 0 hard 1 soft 0 temp 0.00 loss 2.04 i_con 3.53 plddt 0.39 ptm 0.90 i_ptm 0.52 energy -7.73
231 models [1] recycles 0 hard 1 soft 0 temp 0.00 loss 2.04 i_con 3.53 plddt 0.39 ptm 0.90 i_ptm 0.52 energy -7.73
232 models [1] recycles 0 hard 1 soft 0 temp 0.00 loss 2.04 i_con 3.53 plddt 0.39 ptm 0.90 i_ptm 0.52 energy -7.73
233 models [0] recycles 0 hard 1 soft 0 temp 0.00 loss 2.28 i_con 3.76 plddt 0.33 ptm 0.88 i_ptm 0.40 energy -7.73
234 models [0] recycles 0 hard 1 soft 0 temp 0.00 loss 2.28 i_con 3.76 plddt 0.33 ptm 0.88 i_ptm 0.40 energy -7.73
235 models [0] recycles 0 hard 1 soft 0 temp 0.00 loss 2.28 i_con 3.76 plddt 0.33 ptm 0.88 i_ptm 0.40 energy -7.73
236 models [0] recycles 0 hard 1 soft 0 temp 0.00 loss 2.28 i_con 3.76 plddt 0.33 ptm 0.88 i_ptm 0.40 energy -7.73
237 models [0] recycles 0 hard 1 soft 0 temp 0.00 loss 2.28 i_con 3.76 plddt 0.33 ptm 0.88 i_ptm 0.40 energy -7.73
238 models [1] recycles 0 hard 1 soft 0 temp 0.00 loss 2.04 i_con 3.53 plddt 0.39 ptm 0.90 i_ptm 0.52 energy -7.73
239 models [1] recycles 0 hard 1 soft 0 temp 0.00 loss 2.04 i_con 3.53 plddt 0.39 ptm 0.90 i_ptm 0.52 energy -7.73
240 models [1] recycles 0 hard 1 soft 0 temp 0.00 loss 2.04 i_con 3.53 plddt 0.39 ptm 0.90 i_ptm 0.52 energy -7.73
241 models [0] recycles 0 hard 1 soft 0 temp 0.00 loss 2.28 i_con 3.76 plddt 0.33 ptm 0.88 i_ptm 0.40 energy -7.73
242 models [1] recycles 0 hard 1 soft 0 temp 0.00 loss 2.04 i_con 3.53 plddt 0.39 ptm 0.90 i_ptm 0.52 energy -7.73
243 models [0] recycles 0 hard 1 soft 0 temp 0.00 loss 2.28 i_con 3.76 plddt 0.33 ptm 0.88 i_ptm 0.40 energy -7.73
244 models [0] recycles 0 hard 1 soft 0 temp 0.00 loss 2.28 i_con 3.76 plddt 0.33 ptm 0.88 i_ptm 0.40 energy -7.73
245 models [1] recycles 0 hard 1 soft 0 temp 0.00 loss 2.04 i_con 3.53 plddt 0.39 ptm 0.90 i_ptm 0.52 energy -7.73
246 models [1] recycles 0 hard 1 soft 0 temp 0.00 loss 2.04 i_con 3.53 plddt 0.39 ptm 0.90 i_ptm 0.52 energy -7.73
247 models [1] recycles 0 hard 1 soft 0 temp 0.00 loss 2.04 i_con 3.53 plddt 0.39 ptm 0.90 i_ptm 0.52 energy -7.73
248 models [0] recycles 0 hard 1 soft 0 temp 0.00 loss 2.28 i_con 3.76 plddt 0.33 ptm 0.88 i_ptm 0.40 energy -7.73
249 models [0] recycles 0 hard 1 soft 0 temp 0.00 loss 2.28 i_con 3.76 plddt 0.33 ptm 0.88 i_ptm 0.40 energy -7.73
250 models [0] recycles 0 hard 1 soft 0 temp 0.00 loss 2.28 i_con 3.76 plddt 0.33 ptm 0.88 i_ptm 0.40 energy -7.73
  seq=LIGGPAAVLNYIEFC  loss=2.2847  loss_af=3.8314  energy=-7.7336  i_ptm=0.3957
[5/10] seed=4 ...
1 models [1] recycles 0 hard 0 soft 1 temp 1 loss 7.92 i_con 7.50 plddt 0.53 ptm 0.88 i_ptm 0.09 energy 7.39
2 models [1] recycles 0 hard 0 soft 1 temp 1 loss 7.70 i_con 7.31 plddt 0.53 ptm 0.88 i_ptm 0.09 energy 6.99
3 models [1] recycles 0 hard 0 soft 1 temp 1 loss 7.77 i_con 7.40 plddt 0.59 ptm 0.88 i_ptm 0.09 energy 6.61
4 models [0] recycles 0 hard 0 soft 1 temp 1 loss 7.82 i_con 7.47 plddt 0.58 ptm 0.86 i_ptm 0.14 energy 6.22
5 models [1] recycles 0 hard 0 soft 1 temp 1 loss 7.55 i_con 7.20 plddt 0.54 ptm 0.88 i_ptm 0.09 energy 5.97
6 models [0] recycles 0 hard 0 soft 1 temp 1 loss 7.46 i_con 7.13 plddt 0.50 ptm 0.86 i_ptm 0.14 energy 5.60
7 models [0] recycles 0 hard 0 soft 1 temp 1 loss 6.54 i_con 6.22 plddt 0.49 ptm 0.86 i_ptm 0.11 energy 5.37
8 models [1] recycles 0 hard 0 soft 1 temp 1 loss 6.93 i_con 6.61 plddt 0.52 ptm 0.88 i_ptm 0.08 energy 5.32
9 models [1] recycles 0 hard 0 soft 1 temp 1 loss 6.82 i_con 6.51 plddt 0.51 ptm 0.88 i_ptm 0.08 energy 5.15
10 models [1] recycles 0 hard 0 soft 1 temp 1 loss 6.49 i_con 6.19 plddt 0.48 ptm 0.88 i_ptm 0.09 energy 5.08
11 models [1] recycles 0 hard 0 soft 1 temp 1 loss 6.22 i_con 5.92 plddt 0.49 ptm 0.88 i_ptm 0.08 energy 4.96
12 models [1] recycles 0 hard 0 soft 1 temp 1 loss 5.99 i_con 5.70 plddt 0.45 ptm 0.88 i_ptm 0.08 energy 4.69
13 models [0] recycles 0 hard 0 soft 1 temp 1 loss 5.79 i_con 5.52 plddt 0.38 ptm 0.86 i_ptm 0.12 energy 4.19
14 models [0] recycles 0 hard 0 soft 1 temp 1 loss 5.28 i_con 5.03 plddt 0.40 ptm 0.86 i_ptm 0.12 energy 3.95
15 models [1] recycles 0 hard 0 soft 1 temp 1 loss 6.10 i_con 5.85 plddt 0.46 ptm 0.88 i_ptm 0.08 energy 3.85
16 models [0] recycles 0 hard 0 soft 1 temp 1 loss 4.99 i_con 4.77 plddt 0.39 ptm 0.86 i_ptm 0.11 energy 3.35
17 models [1] recycles 0 hard 0 soft 1 temp 1 loss 6.10 i_con 5.90 plddt 0.45 ptm 0.88 i_ptm 0.08 energy 2.99
18 models [0] recycles 0 hard 0 soft 1 temp 1 loss 4.98 i_con 4.79 plddt 0.37 ptm 0.87 i_ptm 0.19 energy 2.45
19 models [1] recycles 0 hard 0 soft 1 temp 1 loss 5.90 i_con 5.72 plddt 0.41 ptm 0.88 i_ptm 0.09 energy 2.36
20 models [1] recycles 0 hard 0 soft 1 temp 1 loss 5.70 i_con 5.53 plddt 0.38 ptm 0.88 i_ptm 0.08 energy 2.06
21 models [1] recycles 0 hard 0 soft 1 temp 1 loss 5.14 i_con 4.98 plddt 0.40 ptm 0.88 i_ptm 0.13 energy 1.96
22 models [0] recycles 0 hard 0 soft 1 temp 1 loss 5.03 i_con 4.88 plddt 0.35 ptm 0.87 i_ptm 0.19 energy 1.62
23 models [0] recycles 0 hard 0 soft 1 temp 1 loss 5.17 i_con 5.03 plddt 0.36 ptm 0.87 i_ptm 0.18 energy 1.56
24 models [0] recycles 0 hard 0 soft 1 temp 1 loss 4.83 i_con 4.71 plddt 0.39 ptm 0.87 i_ptm 0.15 energy 1.32
25 models [1] recycles 0 hard 0 soft 1 temp 1 loss 5.61 i_con 5.48 plddt 0.39 ptm 0.88 i_ptm 0.10 energy 1.36
26 models [1] recycles 0 hard 0 soft 1 temp 1 loss 4.91 i_con 4.78 plddt 0.35 ptm 0.88 i_ptm 0.16 energy 1.15
27 models [0] recycles 0 hard 0 soft 1 temp 1 loss 4.60 i_con 4.49 plddt 0.42 ptm 0.87 i_ptm 0.23 energy 0.93
28 models [0] recycles 0 hard 0 soft 1 temp 1 loss 4.88 i_con 4.77 plddt 0.35 ptm 0.86 i_ptm 0.16 energy 0.90
29 models [1] recycles 0 hard 0 soft 1 temp 1 loss 5.18 i_con 5.09 plddt 0.37 ptm 0.88 i_ptm 0.13 energy 0.65
30 models [1] recycles 0 hard 0 soft 1 temp 1 loss 4.99 i_con 4.94 plddt 0.38 ptm 0.88 i_ptm 0.17 energy -0.12
31 models [1] recycles 0 hard 0 soft 1 temp 1 loss 4.89 i_con 4.85 plddt 0.40 ptm 0.88 i_ptm 0.16 energy -0.40
32 models [1] recycles 0 hard 0 soft 1 temp 1 loss 4.94 i_con 4.90 plddt 0.37 ptm 0.88 i_ptm 0.16 energy -0.42
33 models [0] recycles 0 hard 0 soft 1 temp 1 loss 4.42 i_con 4.40 plddt 0.40 ptm 0.87 i_ptm 0.29 energy -0.88
34 models [1] recycles 0 hard 0 soft 1 temp 1 loss 4.74 i_con 4.74 plddt 0.37 ptm 0.88 i_ptm 0.19 energy -1.29
35 models [1] recycles 0 hard 0 soft 1 temp 1 loss 4.39 i_con 4.40 plddt 0.39 ptm 0.88 i_ptm 0.24 energy -1.53
36 models [0] recycles 0 hard 0 soft 1 temp 1 loss 4.35 i_con 4.37 plddt 0.42 ptm 0.87 i_ptm 0.26 energy -1.64
37 models [0] recycles 0 hard 0 soft 1 temp 1 loss 4.46 i_con 4.49 plddt 0.39 ptm 0.87 i_ptm 0.21 energy -1.70
38 models [0] recycles 0 hard 0 soft 1 temp 1 loss 4.36 i_con 4.39 plddt 0.42 ptm 0.87 i_ptm 0.25 energy -1.86
39 models [0] recycles 0 hard 0 soft 1 temp 1 loss 4.25 i_con 4.30 plddt 0.39 ptm 0.87 i_ptm 0.26 energy -2.33
40 models [1] recycles 0 hard 0 soft 1 temp 1 loss 4.67 i_con 4.72 plddt 0.39 ptm 0.88 i_ptm 0.22 energy -2.31
41 models [0] recycles 0 hard 0 soft 1 temp 1 loss 4.39 i_con 4.45 plddt 0.44 ptm 0.87 i_ptm 0.25 energy -2.32
42 models [0] recycles 0 hard 0 soft 1 temp 1 loss 4.26 i_con 4.31 plddt 0.42 ptm 0.87 i_ptm 0.25 energy -2.13
43 models [1] recycles 0 hard 0 soft 1 temp 1 loss 4.96 i_con 5.02 plddt 0.38 ptm 0.88 i_ptm 0.18 energy -2.36
44 models [1] recycles 0 hard 0 soft 1 temp 1 loss 4.67 i_con 4.74 plddt 0.36 ptm 0.88 i_ptm 0.19 energy -2.65
45 models [0] recycles 0 hard 0 soft 1 temp 1 loss 4.51 i_con 4.59 plddt 0.43 ptm 0.87 i_ptm 0.22 energy -2.70
46 models [1] recycles 0 hard 0 soft 1 temp 1 loss 4.33 i_con 4.40 plddt 0.36 ptm 0.89 i_ptm 0.26 energy -2.70
47 models [0] recycles 0 hard 0 soft 1 temp 1 loss 4.09 i_con 4.18 plddt 0.44 ptm 0.87 i_ptm 0.30 energy -2.92
48 models [0] recycles 0 hard 0 soft 1 temp 1 loss 4.45 i_con 4.54 plddt 0.45 ptm 0.87 i_ptm 0.23 energy -2.81
49 models [1] recycles 0 hard 0 soft 1 temp 1 loss 4.56 i_con 4.64 plddt 0.38 ptm 0.88 i_ptm 0.22 energy -2.84
50 models [0] recycles 0 hard 0 soft 1 temp 1 loss 4.05 i_con 4.13 plddt 0.40 ptm 0.87 i_ptm 0.30 energy -2.98
51 models [0] recycles 0 hard 0 soft 1 temp 1 loss 3.91 i_con 4.46 plddt 0.40 ptm 0.87 i_ptm 0.28 energy -3.04
52 models [0] recycles 0 hard 0 soft 1 temp 1 loss 3.48 i_con 4.13 plddt 0.42 ptm 0.87 i_ptm 0.33 energy -3.53
53 models [1] recycles 0 hard 0 soft 1 temp 1 loss 3.70 i_con 4.41 plddt 0.38 ptm 0.88 i_ptm 0.26 energy -3.89
54 models [1] recycles 0 hard 0 soft 1 temp 1 loss 3.81 i_con 4.57 plddt 0.34 ptm 0.88 i_ptm 0.23 energy -4.13
55 models [1] recycles 0 hard 0 soft 1 temp 1 loss 3.79 i_con 4.57 plddt 0.39 ptm 0.89 i_ptm 0.24 energy -4.24
56 models [0] recycles 0 hard 0 soft 1 temp 1 loss 3.95 i_con 4.74 plddt 0.35 ptm 0.87 i_ptm 0.20 energy -4.29
57 models [0] recycles 0 hard 0 soft 1 temp 1 loss 3.57 i_con 4.37 plddt 0.37 ptm 0.87 i_ptm 0.29 energy -4.32
58 models [0] recycles 0 hard 0 soft 1 temp 1 loss 3.58 i_con 4.43 plddt 0.37 ptm 0.87 i_ptm 0.26 energy -4.58
59 models [0] recycles 0 hard 0 soft 1 temp 1 loss 3.39 i_con 4.27 plddt 0.40 ptm 0.87 i_ptm 0.28 energy -4.68
60 models [1] recycles 0 hard 0 soft 1 temp 1 loss 3.45 i_con 4.36 plddt 0.39 ptm 0.89 i_ptm 0.26 energy -4.83
61 models [0] recycles 0 hard 0 soft 1 temp 1 loss 3.28 i_con 4.21 plddt 0.41 ptm 0.87 i_ptm 0.28 energy -4.94
62 models [0] recycles 0 hard 0 soft 1 temp 1 loss 3.33 i_con 4.27 plddt 0.39 ptm 0.87 i_ptm 0.28 energy -5.00
63 models [1] recycles 0 hard 0 soft 1 temp 1 loss 3.52 i_con 4.50 plddt 0.37 ptm 0.89 i_ptm 0.24 energy -5.21
64 models [1] recycles 0 hard 0 soft 1 temp 1 loss 3.58 i_con 4.59 plddt 0.38 ptm 0.88 i_ptm 0.22 energy -5.34
65 models [0] recycles 0 hard 0 soft 1 temp 1 loss 3.50 i_con 4.49 plddt 0.40 ptm 0.87 i_ptm 0.27 energy -5.22
66 models [0] recycles 0 hard 0 soft 1 temp 1 loss 3.26 i_con 4.26 plddt 0.43 ptm 0.87 i_ptm 0.27 energy -5.29
67 models [1] recycles 0 hard 0 soft 1 temp 1 loss 3.64 i_con 4.66 plddt 0.38 ptm 0.88 i_ptm 0.21 energy -5.41
68 models [1] recycles 0 hard 0 soft 1 temp 1 loss 3.44 i_con 4.46 plddt 0.32 ptm 0.88 i_ptm 0.25 energy -5.43
69 models [1] recycles 0 hard 0 soft 1 temp 1 loss 3.28 i_con 4.32 plddt 0.37 ptm 0.89 i_ptm 0.29 energy -5.53
70 models [1] recycles 0 hard 0 soft 1 temp 1 loss 3.18 i_con 4.23 plddt 0.36 ptm 0.89 i_ptm 0.31 energy -5.59
71 models [0] recycles 0 hard 0 soft 1 temp 1 loss 3.21 i_con 4.29 plddt 0.37 ptm 0.87 i_ptm 0.25 energy -5.73
72 models [1] recycles 0 hard 0 soft 1 temp 1 loss 3.17 i_con 4.28 plddt 0.36 ptm 0.89 i_ptm 0.25 energy -5.87
73 models [1] recycles 0 hard 0 soft 1 temp 1 loss 3.19 i_con 4.30 plddt 0.37 ptm 0.89 i_ptm 0.28 energy -5.83
74 models [0] recycles 0 hard 0 soft 1 temp 1 loss 3.44 i_con 4.56 plddt 0.40 ptm 0.87 i_ptm 0.24 energy -5.91
75 models [0] recycles 0 hard 0 soft 1 temp 1 loss 3.14 i_con 4.29 plddt 0.43 ptm 0.87 i_ptm 0.25 energy -6.06
76 models [0] recycles 0 hard 0 soft 1 temp 1 loss 3.02 i_con 4.21 plddt 0.44 ptm 0.87 i_ptm 0.32 energy -6.19
77 models [0] recycles 0 hard 0 soft 1 temp 1 loss 3.24 i_con 4.41 plddt 0.41 ptm 0.87 i_ptm 0.22 energy -6.14
78 models [0] recycles 0 hard 0 soft 1 temp 1 loss 3.04 i_con 4.22 plddt 0.41 ptm 0.87 i_ptm 0.30 energy -6.17
79 models [1] recycles 0 hard 0 soft 1 temp 1 loss 3.06 i_con 4.23 plddt 0.40 ptm 0.89 i_ptm 0.29 energy -6.19
80 models [1] recycles 0 hard 0 soft 1 temp 1 loss 2.96 i_con 4.13 plddt 0.40 ptm 0.89 i_ptm 0.31 energy -6.18
81 models [0] recycles 0 hard 0 soft 1 temp 1 loss 3.02 i_con 4.21 plddt 0.42 ptm 0.87 i_ptm 0.29 energy -6.24
82 models [0] recycles 0 hard 0 soft 1 temp 1 loss 3.16 i_con 4.38 plddt 0.38 ptm 0.87 i_ptm 0.26 energy -6.37
83 models [1] recycles 0 hard 0 soft 1 temp 1 loss 2.95 i_con 4.15 plddt 0.42 ptm 0.89 i_ptm 0.30 energy -6.29
84 models [0] recycles 0 hard 0 soft 1 temp 1 loss 2.92 i_con 4.14 plddt 0.41 ptm 0.87 i_ptm 0.34 energy -6.38
85 models [1] recycles 0 hard 0 soft 1 temp 1 loss 3.19 i_con 4.42 plddt 0.37 ptm 0.89 i_ptm 0.26 energy -6.46
86 models [0] recycles 0 hard 0 soft 1 temp 1 loss 3.16 i_con 4.40 plddt 0.41 ptm 0.87 i_ptm 0.23 energy -6.51
87 models [1] recycles 0 hard 0 soft 1 temp 1 loss 3.24 i_con 4.47 plddt 0.36 ptm 0.88 i_ptm 0.24 energy -6.47
88 models [1] recycles 0 hard 0 soft 1 temp 1 loss 3.08 i_con 4.32 plddt 0.37 ptm 0.89 i_ptm 0.28 energy -6.47
89 models [0] recycles 0 hard 0 soft 1 temp 1 loss 2.94 i_con 4.21 plddt 0.41 ptm 0.87 i_ptm 0.28 energy -6.68
90 models [0] recycles 0 hard 0 soft 1 temp 1 loss 3.27 i_con 4.54 plddt 0.40 ptm 0.87 i_ptm 0.23 energy -6.64
91 models [1] recycles 0 hard 0 soft 1 temp 1 loss 3.07 i_con 4.36 plddt 0.37 ptm 0.89 i_ptm 0.26 energy -6.75
92 models [0] recycles 0 hard 0 soft 1 temp 1 loss 3.07 i_con 4.34 plddt 0.42 ptm 0.87 i_ptm 0.26 energy -6.64
93 models [1] recycles 0 hard 0 soft 1 temp 1 loss 3.01 i_con 4.28 plddt 0.39 ptm 0.88 i_ptm 0.25 energy -6.64
94 models [0] recycles 0 hard 0 soft 1 temp 1 loss 3.03 i_con 4.30 plddt 0.40 ptm 0.87 i_ptm 0.25 energy -6.62
95 models [1] recycles 0 hard 0 soft 1 temp 1 loss 3.26 i_con 4.51 plddt 0.35 ptm 0.88 i_ptm 0.24 energy -6.61
96 models [1] recycles 0 hard 0 soft 1 temp 1 loss 3.21 i_con 4.49 plddt 0.37 ptm 0.88 i_ptm 0.25 energy -6.70
97 models [0] recycles 0 hard 0 soft 1 temp 1 loss 3.06 i_con 4.33 plddt 0.42 ptm 0.87 i_ptm 0.27 energy -6.64
98 models [1] recycles 0 hard 0 soft 1 temp 1 loss 2.88 i_con 4.18 plddt 0.39 ptm 0.89 i_ptm 0.29 energy -6.84
99 models [0] recycles 0 hard 0 soft 1 temp 1 loss 2.90 i_con 4.21 plddt 0.40 ptm 0.87 i_ptm 0.28 energy -6.86
100 models [0] recycles 0 hard 0 soft 1 temp 1 loss 2.84 i_con 4.17 plddt 0.43 ptm 0.87 i_ptm 0.31 energy -6.95
101 models [0] recycles 0 hard 0 soft 0 temp 1 loss -0.48 i_con 6.70 plddt 0.65 ptm 0.87 i_ptm 0.11 energy -36.08
102 models [1] recycles 0 hard 0 soft 0 temp 0.99 loss -1.24 i_con 6.18 plddt 0.58 ptm 0.88 i_ptm 0.10 energy -37.29
103 models [0] recycles 0 hard 0 soft 0 temp 0.98 loss -3.04 i_con 4.59 plddt 0.38 ptm 0.87 i_ptm 0.29 energy -38.47
104 models [0] recycles 0 hard 0 soft 0 temp 0.97 loss -3.90 i_con 4.02 plddt 0.41 ptm 0.87 i_ptm 0.35 energy -39.88
105 models [1] recycles 0 hard 0 soft 0 temp 0.96 loss -3.84 i_con 4.53 plddt 0.39 ptm 0.88 i_ptm 0.25 energy -42.14
106 models [1] recycles 0 hard 0 soft 0 temp 0.95 loss -4.49 i_con 4.15 plddt 0.41 ptm 0.89 i_ptm 0.30 energy -43.50
107 models [1] recycles 0 hard 0 soft 0 temp 0.94 loss -4.94 i_con 4.15 plddt 0.42 ptm 0.89 i_ptm 0.31 energy -45.75
108 models [0] recycles 0 hard 0 soft 0 temp 0.93 loss -5.35 i_con 4.17 plddt 0.38 ptm 0.87 i_ptm 0.35 energy -47.90
109 models [1] recycles 0 hard 0 soft 0 temp 0.92 loss -5.84 i_con 4.15 plddt 0.41 ptm 0.89 i_ptm 0.35 energy -50.26
110 models [0] recycles 0 hard 0 soft 0 temp 0.91 loss -6.25 i_con 4.09 plddt 0.39 ptm 0.87 i_ptm 0.37 energy -52.00
111 models [0] recycles 0 hard 0 soft 0 temp 0.90 loss -6.51 i_con 4.25 plddt 0.39 ptm 0.87 i_ptm 0.30 energy -54.12
112 models [0] recycles 0 hard 0 soft 0 temp 0.89 loss -7.16 i_con 4.05 plddt 0.42 ptm 0.87 i_ptm 0.34 energy -56.37
113 models [1] recycles 0 hard 0 soft 0 temp 0.88 loss -7.41 i_con 4.26 plddt 0.34 ptm 0.89 i_ptm 0.27 energy -58.66
114 models [1] recycles 0 hard 0 soft 0 temp 0.87 loss -7.95 i_con 4.11 plddt 0.39 ptm 0.89 i_ptm 0.35 energy -60.64
115 models [1] recycles 0 hard 0 soft 0 temp 0.86 loss -8.25 i_con 4.27 plddt 0.39 ptm 0.89 i_ptm 0.30 energy -62.91
116 models [1] recycles 0 hard 0 soft 0 temp 0.85 loss -8.52 i_con 4.38 plddt 0.36 ptm 0.89 i_ptm 0.26 energy -64.81
117 models [0] recycles 0 hard 0 soft 0 temp 0.84 loss -9.22 i_con 4.06 plddt 0.38 ptm 0.87 i_ptm 0.37 energy -66.72
118 models [1] recycles 0 hard 0 soft 0 temp 0.83 loss -9.70 i_con 4.01 plddt 0.42 ptm 0.89 i_ptm 0.34 energy -68.87
119 models [0] recycles 0 hard 0 soft 0 temp 0.82 loss -9.88 i_con 4.22 plddt 0.36 ptm 0.87 i_ptm 0.32 energy -70.83
120 models [0] recycles 0 hard 0 soft 0 temp 0.81 loss -10.37 i_con 4.17 plddt 0.37 ptm 0.87 i_ptm 0.28 energy -73.05
121 models [1] recycles 0 hard 0 soft 0 temp 0.80 loss -10.71 i_con 4.29 plddt 0.37 ptm 0.89 i_ptm 0.25 energy -75.31
122 models [1] recycles 0 hard 0 soft 0 temp 0.79 loss -11.38 i_con 4.02 plddt 0.38 ptm 0.89 i_ptm 0.32 energy -77.31
123 models [0] recycles 0 hard 0 soft 0 temp 0.78 loss -11.76 i_con 4.07 plddt 0.38 ptm 0.88 i_ptm 0.37 energy -79.48
124 models [0] recycles 0 hard 0 soft 0 temp 0.77 loss -12.05 i_con 4.23 plddt 0.36 ptm 0.87 i_ptm 0.34 energy -81.71
125 models [1] recycles 0 hard 0 soft 0 temp 0.76 loss -12.65 i_con 4.01 plddt 0.41 ptm 0.89 i_ptm 0.38 energy -83.59
126 models [1] recycles 0 hard 0 soft 0 temp 0.75 loss -13.00 i_con 4.03 plddt 0.37 ptm 0.89 i_ptm 0.35 energy -85.47
127 models [0] recycles 0 hard 0 soft 0 temp 0.74 loss -13.31 i_con 4.14 plddt 0.42 ptm 0.87 i_ptm 0.29 energy -87.56
128 models [1] recycles 0 hard 0 soft 0 temp 0.73 loss -13.43 i_con 4.08 plddt 0.35 ptm 0.89 i_ptm 0.32 energy -87.85
129 models [0] recycles 0 hard 0 soft 0 temp 0.72 loss -13.62 i_con 4.29 plddt 0.38 ptm 0.87 i_ptm 0.27 energy -89.84
130 models [0] recycles 0 hard 0 soft 0 temp 0.71 loss -14.27 i_con 4.05 plddt 0.40 ptm 0.87 i_ptm 0.37 energy -91.87
131 models [1] recycles 0 hard 0 soft 0 temp 0.70 loss -14.61 i_con 4.12 plddt 0.35 ptm 0.89 i_ptm 0.32 energy -93.95
132 models [0] recycles 0 hard 0 soft 0 temp 0.69 loss -14.95 i_con 4.19 plddt 0.35 ptm 0.87 i_ptm 0.29 energy -96.02
133 models [0] recycles 0 hard 0 soft 0 temp 0.68 loss -15.37 i_con 4.22 plddt 0.38 ptm 0.87 i_ptm 0.32 energy -98.28
134 models [1] recycles 0 hard 0 soft 0 temp 0.67 loss -15.77 i_con 4.20 plddt 0.35 ptm 0.89 i_ptm 0.27 energy -100.18
135 models [0] recycles 0 hard 0 soft 0 temp 0.66 loss -16.15 i_con 4.12 plddt 0.35 ptm 0.87 i_ptm 0.30 energy -101.69
136 models [1] recycles 0 hard 0 soft 0 temp 0.65 loss -16.34 i_con 4.38 plddt 0.33 ptm 0.88 i_ptm 0.23 energy -103.94
137 models [1] recycles 0 hard 0 soft 0 temp 0.64 loss -16.58 i_con 4.51 plddt 0.35 ptm 0.88 i_ptm 0.22 energy -105.77
138 models [1] recycles 0 hard 0 soft 0 temp 0.63 loss -16.85 i_con 4.60 plddt 0.33 ptm 0.89 i_ptm 0.22 energy -107.56
139 models [1] recycles 0 hard 0 soft 0 temp 0.62 loss -17.32 i_con 4.47 plddt 0.34 ptm 0.89 i_ptm 0.25 energy -109.31
140 models [0] recycles 0 hard 0 soft 0 temp 0.61 loss -17.99 i_con 4.16 plddt 0.33 ptm 0.87 i_ptm 0.29 energy -111.09
141 models [1] recycles 0 hard 0 soft 0 temp 0.60 loss -18.24 i_con 4.34 plddt 0.33 ptm 0.89 i_ptm 0.27 energy -113.26
142 models [0] recycles 0 hard 0 soft 0 temp 0.59 loss -18.71 i_con 4.23 plddt 0.32 ptm 0.87 i_ptm 0.30 energy -115.02
143 models [0] recycles 0 hard 0 soft 0 temp 0.58 loss -18.84 i_con 4.52 plddt 0.33 ptm 0.87 i_ptm 0.28 energy -117.17
144 models [0] recycles 0 hard 0 soft 0 temp 0.57 loss -19.36 i_con 4.42 plddt 0.33 ptm 0.87 i_ptm 0.24 energy -119.23
145 models [1] recycles 0 hard 0 soft 0 temp 0.56 loss -19.73 i_con 4.46 plddt 0.34 ptm 0.88 i_ptm 0.21 energy -121.31
146 models [0] recycles 0 hard 0 soft 0 temp 0.55 loss -20.27 i_con 4.29 plddt 0.31 ptm 0.87 i_ptm 0.28 energy -123.16
147 models [0] recycles 0 hard 0 soft 0 temp 0.54 loss -20.58 i_con 4.44 plddt 0.36 ptm 0.87 i_ptm 0.23 energy -125.42
148 models [1] recycles 0 hard 0 soft 0 temp 0.53 loss -20.72 i_con 4.72 plddt 0.38 ptm 0.88 i_ptm 0.14 energy -127.54
149 models [0] recycles 0 hard 0 soft 0 temp 0.52 loss -21.42 i_con 4.34 plddt 0.31 ptm 0.87 i_ptm 0.25 energy -129.14
150 models [0] recycles 0 hard 0 soft 0 temp 0.51 loss -21.75 i_con 4.43 plddt 0.33 ptm 0.87 i_ptm 0.26 energy -131.21
151 models [0] recycles 0 hard 0 soft 0 temp 0.50 loss -22.10 i_con 4.52 plddt 0.32 ptm 0.87 i_ptm 0.28 energy -133.44
152 models [1] recycles 0 hard 0 soft 0 temp 0.49 loss -21.97 i_con 5.00 plddt 0.36 ptm 0.88 i_ptm 0.17 energy -135.21
153 models [0] recycles 0 hard 0 soft 0 temp 0.48 loss -23.06 i_con 4.28 plddt 0.37 ptm 0.87 i_ptm 0.25 energy -137.03
154 models [1] recycles 0 hard 0 soft 0 temp 0.47 loss -22.61 i_con 5.03 plddt 0.32 ptm 0.88 i_ptm 0.13 energy -138.55
155 models [1] recycles 0 hard 0 soft 0 temp 0.46 loss -22.95 i_con 5.01 plddt 0.34 ptm 0.88 i_ptm 0.14 energy -140.14
156 models [0] recycles 0 hard 0 soft 0 temp 0.45 loss -23.90 i_con 4.51 plddt 0.32 ptm 0.87 i_ptm 0.27 energy -142.36
157 models [1] recycles 0 hard 0 soft 0 temp 0.44 loss -23.18 i_con 5.61 plddt 0.38 ptm 0.88 i_ptm 0.11 energy -144.25
158 models [0] recycles 0 hard 0 soft 0 temp 0.43 loss -24.40 i_con 4.66 plddt 0.30 ptm 0.87 i_ptm 0.24 energy -145.65
159 models [0] recycles 0 hard 0 soft 0 temp 0.42 loss -24.72 i_con 4.74 plddt 0.37 ptm 0.87 i_ptm 0.24 energy -147.64
160 models [1] recycles 0 hard 0 soft 0 temp 0.41 loss -25.05 i_con 4.74 plddt 0.32 ptm 0.88 i_ptm 0.23 energy -149.28
161 models [0] recycles 0 hard 0 soft 0 temp 0.40 loss -25.25 i_con 4.90 plddt 0.30 ptm 0.87 i_ptm 0.20 energy -151.08
162 models [1] recycles 0 hard 0 soft 0 temp 0.39 loss -25.13 i_con 5.41 plddt 0.36 ptm 0.88 i_ptm 0.14 energy -153.02
163 models [1] recycles 0 hard 0 soft 0 temp 0.38 loss -25.75 i_con 5.08 plddt 0.38 ptm 0.88 i_ptm 0.11 energy -154.47
164 models [1] recycles 0 hard 0 soft 0 temp 0.37 loss -26.26 i_con 4.87 plddt 0.33 ptm 0.88 i_ptm 0.13 energy -155.98
165 models [1] recycles 0 hard 0 soft 0 temp 0.36 loss -26.02 i_con 5.34 plddt 0.34 ptm 0.88 i_ptm 0.13 energy -157.12
166 models [0] recycles 0 hard 0 soft 0 temp 0.35 loss -26.99 i_con 4.54 plddt 0.33 ptm 0.87 i_ptm 0.26 energy -157.98
167 models [1] recycles 0 hard 0 soft 0 temp 0.34 loss -27.02 i_con 4.90 plddt 0.36 ptm 0.88 i_ptm 0.21 energy -159.95
168 models [0] recycles 0 hard 0 soft 0 temp 0.33 loss -27.41 i_con 4.90 plddt 0.37 ptm 0.87 i_ptm 0.19 energy -161.86
169 models [1] recycles 0 hard 0 soft 0 temp 0.32 loss -27.66 i_con 4.99 plddt 0.35 ptm 0.88 i_ptm 0.14 energy -163.58
170 models [1] recycles 0 hard 0 soft 0 temp 0.31 loss -28.08 i_con 4.97 plddt 0.33 ptm 0.88 i_ptm 0.15 energy -165.56
171 models [1] recycles 0 hard 0 soft 0 temp 0.30 loss -28.48 i_con 4.91 plddt 0.37 ptm 0.88 i_ptm 0.14 energy -167.24
172 models [1] recycles 0 hard 0 soft 0 temp 0.29 loss -28.65 i_con 5.05 plddt 0.33 ptm 0.88 i_ptm 0.12 energy -168.84
173 models [0] recycles 0 hard 0 soft 0 temp 0.28 loss -29.32 i_con 4.69 plddt 0.37 ptm 0.87 i_ptm 0.21 energy -170.37
174 models [0] recycles 0 hard 0 soft 0 temp 0.27 loss -29.27 i_con 4.97 plddt 0.34 ptm 0.87 i_ptm 0.24 energy -171.56
175 models [1] recycles 0 hard 0 soft 0 temp 0.26 loss -29.22 i_con 5.39 plddt 0.35 ptm 0.88 i_ptm 0.12 energy -173.33
176 models [1] recycles 0 hard 0 soft 0 temp 0.25 loss -29.81 i_con 5.02 plddt 0.29 ptm 0.88 i_ptm 0.15 energy -174.53
177 models [1] recycles 0 hard 0 soft 0 temp 0.24 loss -29.83 i_con 5.24 plddt 0.35 ptm 0.88 i_ptm 0.13 energy -175.66
178 models [0] recycles 0 hard 0 soft 0 temp 0.23 loss -30.60 i_con 4.67 plddt 0.35 ptm 0.86 i_ptm 0.21 energy -176.67
179 models [0] recycles 0 hard 0 soft 0 temp 0.22 loss -31.01 i_con 4.71 plddt 0.32 ptm 0.86 i_ptm 0.21 energy -178.93
180 models [1] recycles 0 hard 0 soft 0 temp 0.21 loss -30.14 i_con 5.85 plddt 0.40 ptm 0.88 i_ptm 0.13 energy -180.24
181 models [0] recycles 0 hard 0 soft 0 temp 0.20 loss -31.53 i_con 4.65 plddt 0.30 ptm 0.87 i_ptm 0.21 energy -181.26
182 models [0] recycles 0 hard 0 soft 0 temp 0.19 loss -31.72 i_con 4.77 plddt 0.28 ptm 0.87 i_ptm 0.19 energy -182.82
183 models [0] recycles 0 hard 0 soft 0 temp 0.18 loss -32.49 i_con 4.37 plddt 0.28 ptm 0.87 i_ptm 0.24 energy -184.64
184 models [0] recycles 0 hard 0 soft 0 temp 0.17 loss -32.14 i_con 4.91 plddt 0.31 ptm 0.87 i_ptm 0.20 energy -185.58
185 models [1] recycles 0 hard 0 soft 0 temp 0.16 loss -31.65 i_con 5.74 plddt 0.33 ptm 0.88 i_ptm 0.13 energy -187.31
186 models [1] recycles 0 hard 0 soft 0 temp 0.15 loss -32.32 i_con 5.40 plddt 0.40 ptm 0.88 i_ptm 0.13 energy -188.90
187 models [1] recycles 0 hard 0 soft 0 temp 0.14 loss -32.22 i_con 5.73 plddt 0.30 ptm 0.88 i_ptm 0.13 energy -190.10
188 models [1] recycles 0 hard 0 soft 0 temp 0.13 loss -32.80 i_con 5.50 plddt 0.32 ptm 0.88 i_ptm 0.14 energy -191.85
189 models [0] recycles 0 hard 0 soft 0 temp 0.12 loss -33.78 i_con 4.82 plddt 0.26 ptm 0.87 i_ptm 0.24 energy -193.32
190 models [0] recycles 0 hard 0 soft 0 temp 0.11 loss -34.09 i_con 4.88 plddt 0.21 ptm 0.87 i_ptm 0.23 energy -195.25
191 models [0] recycles 0 hard 0 soft 0 temp 0.10 loss -34.39 i_con 4.76 plddt 0.29 ptm 0.87 i_ptm 0.20 energy -196.08
192 models [1] recycles 0 hard 0 soft 0 temp 0.09 loss -33.62 i_con 5.92 plddt 0.34 ptm 0.88 i_ptm 0.13 energy -198.04
193 models [1] recycles 0 hard 0 soft 0 temp 0.08 loss -34.34 i_con 5.56 plddt 0.32 ptm 0.88 i_ptm 0.15 energy -199.87
194 models [0] recycles 0 hard 0 soft 0 temp 0.07 loss -35.39 i_con 4.84 plddt 0.31 ptm 0.87 i_ptm 0.23 energy -201.50
195 models [0] recycles 0 hard 0 soft 0 temp 0.06 loss -35.70 i_con 4.91 plddt 0.28 ptm 0.87 i_ptm 0.21 energy -203.45
196 models [1] recycles 0 hard 0 soft 0 temp 0.05 loss -34.94 i_con 5.91 plddt 0.32 ptm 0.88 i_ptm 0.15 energy -204.60
197 models [0] recycles 0 hard 0 soft 0 temp 0.04 loss -35.95 i_con 5.14 plddt 0.27 ptm 0.87 i_ptm 0.20 energy -205.81
198 models [0] recycles 0 hard 0 soft 0 temp 0.03 loss -35.42 i_con 5.67 plddt 0.31 ptm 0.87 i_ptm 0.17 energy -205.83
199 models [0] recycles 0 hard 0 soft 0 temp 0.02 loss -36.38 i_con 5.01 plddt 0.27 ptm 0.86 i_ptm 0.20 energy -207.31
200 models [0] recycles 0 hard 0 soft 0 temp 0.01 loss -36.82 i_con 4.92 plddt 0.28 ptm 0.87 i_ptm 0.20 energy -209.07
201 models [1] recycles 0 hard 1 soft 0 temp 0.00 loss 3.96 i_con 5.78 plddt 0.38 ptm 0.89 i_ptm 0.10 energy -9.41
202 models [0] recycles 0 hard 1 soft 0 temp 0.00 loss 3.13 i_con 4.94 plddt 0.31 ptm 0.87 i_ptm 0.14 energy -9.41
203 models [1] recycles 0 hard 1 soft 0 temp 0.00 loss 3.96 i_con 5.78 plddt 0.38 ptm 0.89 i_ptm 0.10 energy -9.41
204 models [0] recycles 0 hard 1 soft 0 temp 0.00 loss 3.13 i_con 4.94 plddt 0.31 ptm 0.87 i_ptm 0.14 energy -9.41
205 models [0] recycles 0 hard 1 soft 0 temp 0.00 loss 3.13 i_con 4.94 plddt 0.31 ptm 0.87 i_ptm 0.14 energy -9.41
206 models [1] recycles 0 hard 1 soft 0 temp 0.00 loss 3.96 i_con 5.78 plddt 0.38 ptm 0.89 i_ptm 0.10 energy -9.41
207 models [1] recycles 0 hard 1 soft 0 temp 0.00 loss 3.96 i_con 5.78 plddt 0.38 ptm 0.89 i_ptm 0.10 energy -9.41
208 models [0] recycles 0 hard 1 soft 0 temp 0.00 loss 3.13 i_con 4.94 plddt 0.31 ptm 0.87 i_ptm 0.14 energy -9.41
209 models [1] recycles 0 hard 1 soft 0 temp 0.00 loss 3.96 i_con 5.78 plddt 0.38 ptm 0.89 i_ptm 0.10 energy -9.41
210 models [1] recycles 0 hard 1 soft 0 temp 0.00 loss 3.96 i_con 5.78 plddt 0.38 ptm 0.89 i_ptm 0.10 energy -9.41
211 models [0] recycles 0 hard 1 soft 0 temp 0.00 loss 3.13 i_con 4.94 plddt 0.31 ptm 0.87 i_ptm 0.14 energy -9.41
212 models [1] recycles 0 hard 1 soft 0 temp 0.00 loss 3.96 i_con 5.78 plddt 0.38 ptm 0.89 i_ptm 0.10 energy -9.41
213 models [1] recycles 0 hard 1 soft 0 temp 0.00 loss 3.96 i_con 5.78 plddt 0.38 ptm 0.89 i_ptm 0.10 energy -9.41
214 models [1] recycles 0 hard 1 soft 0 temp 0.00 loss 3.96 i_con 5.78 plddt 0.38 ptm 0.89 i_ptm 0.10 energy -9.41
215 models [0] recycles 0 hard 1 soft 0 temp 0.00 loss 3.13 i_con 4.94 plddt 0.31 ptm 0.87 i_ptm 0.14 energy -9.41
216 models [1] recycles 0 hard 1 soft 0 temp 0.00 loss 3.96 i_con 5.78 plddt 0.38 ptm 0.89 i_ptm 0.10 energy -9.41
217 models [1] recycles 0 hard 1 soft 0 temp 0.00 loss 3.96 i_con 5.78 plddt 0.38 ptm 0.89 i_ptm 0.10 energy -9.41
218 models [0] recycles 0 hard 1 soft 0 temp 0.00 loss 3.13 i_con 4.94 plddt 0.31 ptm 0.87 i_ptm 0.14 energy -9.41
219 models [0] recycles 0 hard 1 soft 0 temp 0.00 loss 3.13 i_con 4.94 plddt 0.31 ptm 0.87 i_ptm 0.14 energy -9.41
220 models [0] recycles 0 hard 1 soft 0 temp 0.00 loss 3.13 i_con 4.94 plddt 0.31 ptm 0.87 i_ptm 0.14 energy -9.41
221 models [0] recycles 0 hard 1 soft 0 temp 0.00 loss 3.13 i_con 4.94 plddt 0.31 ptm 0.87 i_ptm 0.14 energy -9.41
222 models [1] recycles 0 hard 1 soft 0 temp 0.00 loss 3.96 i_con 5.78 plddt 0.38 ptm 0.89 i_ptm 0.10 energy -9.41
223 models [0] recycles 0 hard 1 soft 0 temp 0.00 loss 3.13 i_con 4.94 plddt 0.31 ptm 0.87 i_ptm 0.14 energy -9.41
224 models [0] recycles 0 hard 1 soft 0 temp 0.00 loss 3.13 i_con 4.94 plddt 0.31 ptm 0.87 i_ptm 0.14 energy -9.41
225 models [0] recycles 0 hard 1 soft 0 temp 0.00 loss 3.13 i_con 4.94 plddt 0.31 ptm 0.87 i_ptm 0.14 energy -9.41
226 models [0] recycles 0 hard 1 soft 0 temp 0.00 loss 3.13 i_con 4.94 plddt 0.31 ptm 0.87 i_ptm 0.14 energy -9.41
227 models [1] recycles 0 hard 1 soft 0 temp 0.00 loss 3.96 i_con 5.78 plddt 0.38 ptm 0.89 i_ptm 0.10 energy -9.41
228 models [0] recycles 0 hard 1 soft 0 temp 0.00 loss 3.13 i_con 4.94 plddt 0.31 ptm 0.87 i_ptm 0.14 energy -9.41
229 models [1] recycles 0 hard 1 soft 0 temp 0.00 loss 3.96 i_con 5.78 plddt 0.38 ptm 0.89 i_ptm 0.10 energy -9.41
230 models [0] recycles 0 hard 1 soft 0 temp 0.00 loss 3.13 i_con 4.94 plddt 0.31 ptm 0.87 i_ptm 0.14 energy -9.41
231 models [0] recycles 0 hard 1 soft 0 temp 0.00 loss 3.13 i_con 4.94 plddt 0.31 ptm 0.87 i_ptm 0.14 energy -9.41
232 models [1] recycles 0 hard 1 soft 0 temp 0.00 loss 3.96 i_con 5.78 plddt 0.38 ptm 0.89 i_ptm 0.10 energy -9.41
233 models [1] recycles 0 hard 1 soft 0 temp 0.00 loss 3.96 i_con 5.78 plddt 0.38 ptm 0.89 i_ptm 0.10 energy -9.41
234 models [0] recycles 0 hard 1 soft 0 temp 0.00 loss 3.13 i_con 4.94 plddt 0.31 ptm 0.87 i_ptm 0.14 energy -9.41
235 models [1] recycles 0 hard 1 soft 0 temp 0.00 loss 3.96 i_con 5.78 plddt 0.38 ptm 0.89 i_ptm 0.10 energy -9.41
236 models [0] recycles 0 hard 1 soft 0 temp 0.00 loss 3.13 i_con 4.94 plddt 0.31 ptm 0.87 i_ptm 0.14 energy -9.41
237 models [1] recycles 0 hard 1 soft 0 temp 0.00 loss 3.96 i_con 5.78 plddt 0.38 ptm 0.89 i_ptm 0.10 energy -9.41
238 models [0] recycles 0 hard 1 soft 0 temp 0.00 loss 3.13 i_con 4.94 plddt 0.31 ptm 0.87 i_ptm 0.14 energy -9.41
239 models [1] recycles 0 hard 1 soft 0 temp 0.00 loss 3.96 i_con 5.78 plddt 0.38 ptm 0.89 i_ptm 0.10 energy -9.41
240 models [1] recycles 0 hard 1 soft 0 temp 0.00 loss 3.96 i_con 5.78 plddt 0.38 ptm 0.89 i_ptm 0.10 energy -9.41
241 models [1] recycles 0 hard 1 soft 0 temp 0.00 loss 3.96 i_con 5.78 plddt 0.38 ptm 0.89 i_ptm 0.10 energy -9.41
242 models [1] recycles 0 hard 1 soft 0 temp 0.00 loss 3.96 i_con 5.78 plddt 0.38 ptm 0.89 i_ptm 0.10 energy -9.41
243 models [0] recycles 0 hard 1 soft 0 temp 0.00 loss 3.13 i_con 4.94 plddt 0.31 ptm 0.87 i_ptm 0.14 energy -9.41
244 models [1] recycles 0 hard 1 soft 0 temp 0.00 loss 3.96 i_con 5.78 plddt 0.38 ptm 0.89 i_ptm 0.10 energy -9.41
245 models [1] recycles 0 hard 1 soft 0 temp 0.00 loss 3.96 i_con 5.78 plddt 0.38 ptm 0.89 i_ptm 0.10 energy -9.41
246 models [0] recycles 0 hard 1 soft 0 temp 0.00 loss 3.13 i_con 4.94 plddt 0.31 ptm 0.87 i_ptm 0.14 energy -9.41
247 models [0] recycles 0 hard 1 soft 0 temp 0.00 loss 3.13 i_con 4.94 plddt 0.31 ptm 0.87 i_ptm 0.14 energy -9.41
248 models [1] recycles 0 hard 1 soft 0 temp 0.00 loss 3.96 i_con 5.78 plddt 0.38 ptm 0.89 i_ptm 0.10 energy -9.41
249 models [1] recycles 0 hard 1 soft 0 temp 0.00 loss 3.96 i_con 5.78 plddt 0.38 ptm 0.89 i_ptm 0.10 energy -9.41
250 models [0] recycles 0 hard 1 soft 0 temp 0.00 loss 3.13 i_con 4.94 plddt 0.31 ptm 0.87 i_ptm 0.14 energy -9.41
  seq=NIWKLAQLLNFGGTC  loss=3.1292  loss_af=5.0109  energy=-9.4083  i_ptm=0.1421
[6/10] seed=5 ...
1 models [0] recycles 0 hard 0 soft 1 temp 1 loss 8.51 i_con 8.09 plddt 0.51 ptm 0.86 i_ptm 0.11 energy 7.39
2 models [0] recycles 0 hard 0 soft 1 temp 1 loss 7.84 i_con 7.43 plddt 0.52 ptm 0.87 i_ptm 0.12 energy 7.12
3 models [0] recycles 0 hard 0 soft 1 temp 1 loss 7.95 i_con 7.56 plddt 0.53 ptm 0.86 i_ptm 0.13 energy 6.86
4 models [0] recycles 0 hard 0 soft 1 temp 1 loss 7.48 i_con 7.11 plddt 0.54 ptm 0.86 i_ptm 0.12 energy 6.57
5 models [0] recycles 0 hard 0 soft 1 temp 1 loss 7.17 i_con 6.81 plddt 0.51 ptm 0.86 i_ptm 0.14 energy 6.35
6 models [1] recycles 0 hard 0 soft 1 temp 1 loss 7.71 i_con 7.36 plddt 0.56 ptm 0.88 i_ptm 0.09 energy 6.10
7 models [0] recycles 0 hard 0 soft 1 temp 1 loss 6.24 i_con 5.90 plddt 0.47 ptm 0.86 i_ptm 0.13 energy 5.79
8 models [1] recycles 0 hard 0 soft 1 temp 1 loss 6.99 i_con 6.66 plddt 0.50 ptm 0.88 i_ptm 0.08 energy 5.61
9 models [0] recycles 0 hard 0 soft 1 temp 1 loss 6.56 i_con 6.24 plddt 0.46 ptm 0.86 i_ptm 0.11 energy 5.35
10 models [1] recycles 0 hard 0 soft 1 temp 1 loss 6.76 i_con 6.45 plddt 0.52 ptm 0.88 i_ptm 0.08 energy 5.25
11 models [1] recycles 0 hard 0 soft 1 temp 1 loss 6.08 i_con 5.79 plddt 0.45 ptm 0.88 i_ptm 0.08 energy 4.84
12 models [1] recycles 0 hard 0 soft 1 temp 1 loss 6.23 i_con 5.97 plddt 0.50 ptm 0.88 i_ptm 0.08 energy 4.40
13 models [1] recycles 0 hard 0 soft 1 temp 1 loss 6.09 i_con 5.83 plddt 0.47 ptm 0.88 i_ptm 0.08 energy 4.05
14 models [0] recycles 0 hard 0 soft 1 temp 1 loss 5.65 i_con 5.42 plddt 0.46 ptm 0.87 i_ptm 0.11 energy 3.43
15 models [0] recycles 0 hard 0 soft 1 temp 1 loss 5.95 i_con 5.73 plddt 0.42 ptm 0.86 i_ptm 0.13 energy 3.18
16 models [0] recycles 0 hard 0 soft 1 temp 1 loss 5.12 i_con 4.92 plddt 0.36 ptm 0.87 i_ptm 0.13 energy 2.81
17 models [0] recycles 0 hard 0 soft 1 temp 1 loss 5.03 i_con 4.83 plddt 0.39 ptm 0.86 i_ptm 0.13 energy 2.62
18 models [0] recycles 0 hard 0 soft 1 temp 1 loss 4.89 i_con 4.71 plddt 0.37 ptm 0.87 i_ptm 0.17 energy 2.27
19 models [0] recycles 0 hard 0 soft 1 temp 1 loss 4.88 i_con 4.71 plddt 0.37 ptm 0.87 i_ptm 0.19 energy 2.04
20 models [0] recycles 0 hard 0 soft 1 temp 1 loss 5.36 i_con 5.20 plddt 0.40 ptm 0.86 i_ptm 0.12 energy 1.94
21 models [0] recycles 0 hard 0 soft 1 temp 1 loss 4.62 i_con 4.47 plddt 0.35 ptm 0.87 i_ptm 0.15 energy 1.71
22 models [1] recycles 0 hard 0 soft 1 temp 1 loss 6.03 i_con 5.91 plddt 0.46 ptm 0.88 i_ptm 0.08 energy 1.39
23 models [1] recycles 0 hard 0 soft 1 temp 1 loss 5.26 i_con 5.13 plddt 0.36 ptm 0.88 i_ptm 0.11 energy 1.28
24 models [1] recycles 0 hard 0 soft 1 temp 1 loss 5.17 i_con 5.06 plddt 0.40 ptm 0.88 i_ptm 0.10 energy 0.94
25 models [1] recycles 0 hard 0 soft 1 temp 1 loss 5.36 i_con 5.28 plddt 0.42 ptm 0.88 i_ptm 0.10 energy 0.38
26 models [0] recycles 0 hard 0 soft 1 temp 1 loss 4.82 i_con 4.77 plddt 0.36 ptm 0.87 i_ptm 0.18 energy -0.24
27 models [0] recycles 0 hard 0 soft 1 temp 1 loss 4.38 i_con 4.34 plddt 0.35 ptm 0.87 i_ptm 0.24 energy -0.55
28 models [1] recycles 0 hard 0 soft 1 temp 1 loss 4.84 i_con 4.84 plddt 0.38 ptm 0.88 i_ptm 0.13 energy -1.18
29 models [1] recycles 0 hard 0 soft 1 temp 1 loss 4.95 i_con 4.97 plddt 0.35 ptm 0.88 i_ptm 0.11 energy -1.79
30 models [0] recycles 0 hard 0 soft 1 temp 1 loss 4.44 i_con 4.48 plddt 0.40 ptm 0.87 i_ptm 0.25 energy -2.03
31 models [0] recycles 0 hard 0 soft 1 temp 1 loss 4.38 i_con 4.43 plddt 0.42 ptm 0.87 i_ptm 0.22 energy -2.17
32 models [1] recycles 0 hard 0 soft 1 temp 1 loss 4.81 i_con 4.85 plddt 0.34 ptm 0.89 i_ptm 0.16 energy -2.14
33 models [0] recycles 0 hard 0 soft 1 temp 1 loss 4.29 i_con 4.34 plddt 0.37 ptm 0.87 i_ptm 0.25 energy -2.38
34 models [1] recycles 0 hard 0 soft 1 temp 1 loss 5.34 i_con 5.39 plddt 0.36 ptm 0.88 i_ptm 0.09 energy -2.43
35 models [0] recycles 0 hard 0 soft 1 temp 1 loss 4.52 i_con 4.58 plddt 0.37 ptm 0.87 i_ptm 0.23 energy -2.50
36 models [0] recycles 0 hard 0 soft 1 temp 1 loss 4.16 i_con 4.22 plddt 0.41 ptm 0.87 i_ptm 0.29 energy -2.44
37 models [1] recycles 0 hard 0 soft 1 temp 1 loss 4.22 i_con 4.28 plddt 0.41 ptm 0.89 i_ptm 0.28 energy -2.47
38 models [0] recycles 0 hard 0 soft 1 temp 1 loss 4.28 i_con 4.35 plddt 0.42 ptm 0.87 i_ptm 0.27 energy -2.55
39 models [0] recycles 0 hard 0 soft 1 temp 1 loss 4.11 i_con 4.18 plddt 0.43 ptm 0.87 i_ptm 0.31 energy -2.52
40 models [1] recycles 0 hard 0 soft 1 temp 1 loss 4.36 i_con 4.43 plddt 0.41 ptm 0.88 i_ptm 0.23 energy -2.61
41 models [0] recycles 0 hard 0 soft 1 temp 1 loss 4.20 i_con 4.28 plddt 0.43 ptm 0.87 i_ptm 0.26 energy -2.71
42 models [0] recycles 0 hard 0 soft 1 temp 1 loss 3.86 i_con 3.93 plddt 0.39 ptm 0.87 i_ptm 0.34 energy -2.69
43 models [1] recycles 0 hard 0 soft 1 temp 1 loss 4.37 i_con 4.45 plddt 0.35 ptm 0.89 i_ptm 0.22 energy -2.73
44 models [1] recycles 0 hard 0 soft 1 temp 1 loss 4.10 i_con 4.18 plddt 0.40 ptm 0.89 i_ptm 0.27 energy -2.77
45 models [1] recycles 0 hard 0 soft 1 temp 1 loss 4.23 i_con 4.31 plddt 0.40 ptm 0.88 i_ptm 0.24 energy -2.89
46 models [0] recycles 0 hard 0 soft 1 temp 1 loss 3.87 i_con 3.96 plddt 0.39 ptm 0.88 i_ptm 0.34 energy -3.05
47 models [0] recycles 0 hard 0 soft 1 temp 1 loss 4.02 i_con 4.12 plddt 0.40 ptm 0.87 i_ptm 0.29 energy -3.10
48 models [1] recycles 0 hard 0 soft 1 temp 1 loss 4.32 i_con 4.43 plddt 0.38 ptm 0.89 i_ptm 0.24 energy -3.28
49 models [1] recycles 0 hard 0 soft 1 temp 1 loss 4.12 i_con 4.22 plddt 0.40 ptm 0.89 i_ptm 0.25 energy -3.22
50 models [0] recycles 0 hard 0 soft 1 temp 1 loss 3.90 i_con 4.00 plddt 0.40 ptm 0.87 i_ptm 0.33 energy -3.31
51 models [0] recycles 0 hard 0 soft 1 temp 1 loss 3.46 i_con 4.08 plddt 0.38 ptm 0.87 i_ptm 0.33 energy -3.42
52 models [0] recycles 0 hard 0 soft 1 temp 1 loss 3.30 i_con 3.98 plddt 0.38 ptm 0.87 i_ptm 0.30 energy -3.70
53 models [1] recycles 0 hard 0 soft 1 temp 1 loss 3.57 i_con 4.30 plddt 0.37 ptm 0.88 i_ptm 0.24 energy -3.97
54 models [0] recycles 0 hard 0 soft 1 temp 1 loss 3.37 i_con 4.13 plddt 0.36 ptm 0.87 i_ptm 0.27 energy -4.13
55 models [1] recycles 0 hard 0 soft 1 temp 1 loss 3.39 i_con 4.18 plddt 0.37 ptm 0.89 i_ptm 0.28 energy -4.25
56 models [0] recycles 0 hard 0 soft 1 temp 1 loss 3.14 i_con 3.97 plddt 0.40 ptm 0.88 i_ptm 0.33 energy -4.48
57 models [1] recycles 0 hard 0 soft 1 temp 1 loss 3.35 i_con 4.21 plddt 0.37 ptm 0.89 i_ptm 0.28 energy -4.64
58 models [1] recycles 0 hard 0 soft 1 temp 1 loss 3.20 i_con 4.11 plddt 0.38 ptm 0.89 i_ptm 0.28 energy -4.84
59 models [0] recycles 0 hard 0 soft 1 temp 1 loss 3.08 i_con 4.02 plddt 0.38 ptm 0.87 i_ptm 0.34 energy -5.03
60 models [1] recycles 0 hard 0 soft 1 temp 1 loss 3.16 i_con 4.12 plddt 0.42 ptm 0.89 i_ptm 0.29 energy -5.10
61 models [0] recycles 0 hard 0 soft 1 temp 1 loss 3.02 i_con 3.99 plddt 0.38 ptm 0.87 i_ptm 0.35 energy -5.16
62 models [0] recycles 0 hard 0 soft 1 temp 1 loss 2.94 i_con 3.93 plddt 0.39 ptm 0.88 i_ptm 0.39 energy -5.27
63 models [1] recycles 0 hard 0 soft 1 temp 1 loss 2.97 i_con 4.01 plddt 0.38 ptm 0.89 i_ptm 0.33 energy -5.47
64 models [0] recycles 0 hard 0 soft 1 temp 1 loss 2.98 i_con 4.02 plddt 0.37 ptm 0.87 i_ptm 0.33 energy -5.51
65 models [1] recycles 0 hard 0 soft 1 temp 1 loss 3.10 i_con 4.15 plddt 0.39 ptm 0.89 i_ptm 0.28 energy -5.56
66 models [1] recycles 0 hard 0 soft 1 temp 1 loss 3.10 i_con 4.15 plddt 0.37 ptm 0.89 i_ptm 0.27 energy -5.58
67 models [0] recycles 0 hard 0 soft 1 temp 1 loss 3.03 i_con 4.11 plddt 0.36 ptm 0.87 i_ptm 0.31 energy -5.69
68 models [1] recycles 0 hard 0 soft 1 temp 1 loss 3.21 i_con 4.27 plddt 0.35 ptm 0.89 i_ptm 0.26 energy -5.62
69 models [0] recycles 0 hard 0 soft 1 temp 1 loss 2.81 i_con 3.90 plddt 0.38 ptm 0.88 i_ptm 0.39 energy -5.74
70 models [0] recycles 0 hard 0 soft 1 temp 1 loss 2.94 i_con 4.05 plddt 0.39 ptm 0.87 i_ptm 0.34 energy -5.84
71 models [1] recycles 0 hard 0 soft 1 temp 1 loss 3.07 i_con 4.15 plddt 0.39 ptm 0.89 i_ptm 0.29 energy -5.72
72 models [0] recycles 0 hard 0 soft 1 temp 1 loss 2.75 i_con 3.86 plddt 0.40 ptm 0.87 i_ptm 0.39 energy -5.81
73 models [1] recycles 0 hard 0 soft 1 temp 1 loss 3.13 i_con 4.27 plddt 0.38 ptm 0.89 i_ptm 0.26 energy -5.98
74 models [0] recycles 0 hard 0 soft 1 temp 1 loss 2.99 i_con 4.11 plddt 0.36 ptm 0.87 i_ptm 0.32 energy -5.91
75 models [0] recycles 0 hard 0 soft 1 temp 1 loss 2.94 i_con 4.04 plddt 0.39 ptm 0.88 i_ptm 0.36 energy -5.83
76 models [0] recycles 0 hard 0 soft 1 temp 1 loss 2.94 i_con 4.07 plddt 0.38 ptm 0.87 i_ptm 0.33 energy -5.97
77 models [1] recycles 0 hard 0 soft 1 temp 1 loss 3.06 i_con 4.15 plddt 0.38 ptm 0.89 i_ptm 0.31 energy -5.78
78 models [0] recycles 0 hard 0 soft 1 temp 1 loss 2.91 i_con 4.05 plddt 0.38 ptm 0.88 i_ptm 0.33 energy -6.01
79 models [0] recycles 0 hard 0 soft 1 temp 1 loss 2.94 i_con 4.06 plddt 0.40 ptm 0.87 i_ptm 0.32 energy -5.91
80 models [0] recycles 0 hard 0 soft 1 temp 1 loss 2.87 i_con 4.04 plddt 0.39 ptm 0.87 i_ptm 0.31 energy -6.13
81 models [1] recycles 0 hard 0 soft 1 temp 1 loss 3.25 i_con 4.39 plddt 0.38 ptm 0.88 i_ptm 0.23 energy -6.03
82 models [1] recycles 0 hard 0 soft 1 temp 1 loss 2.91 i_con 4.05 plddt 0.39 ptm 0.89 i_ptm 0.34 energy -6.00
83 models [1] recycles 0 hard 0 soft 1 temp 1 loss 2.93 i_con 4.11 plddt 0.38 ptm 0.89 i_ptm 0.30 energy -6.21
84 models [0] recycles 0 hard 0 soft 1 temp 1 loss 2.72 i_con 3.90 plddt 0.43 ptm 0.88 i_ptm 0.41 energy -6.15
85 models [0] recycles 0 hard 0 soft 1 temp 1 loss 2.71 i_con 3.88 plddt 0.40 ptm 0.88 i_ptm 0.37 energy -6.17
86 models [1] recycles 0 hard 0 soft 1 temp 1 loss 2.94 i_con 4.14 plddt 0.37 ptm 0.89 i_ptm 0.29 energy -6.30
87 models [1] recycles 0 hard 0 soft 1 temp 1 loss 2.91 i_con 4.09 plddt 0.39 ptm 0.89 i_ptm 0.30 energy -6.23
88 models [1] recycles 0 hard 0 soft 1 temp 1 loss 3.08 i_con 4.25 plddt 0.34 ptm 0.89 i_ptm 0.26 energy -6.18
89 models [1] recycles 0 hard 0 soft 1 temp 1 loss 3.09 i_con 4.23 plddt 0.38 ptm 0.89 i_ptm 0.29 energy -5.99
90 models [1] recycles 0 hard 0 soft 1 temp 1 loss 3.07 i_con 4.25 plddt 0.38 ptm 0.89 i_ptm 0.28 energy -6.24
91 models [0] recycles 0 hard 0 soft 1 temp 1 loss 2.70 i_con 3.89 plddt 0.40 ptm 0.88 i_ptm 0.42 energy -6.27
92 models [1] recycles 0 hard 0 soft 1 temp 1 loss 2.88 i_con 4.10 plddt 0.37 ptm 0.89 i_ptm 0.29 energy -6.40
93 models [1] recycles 0 hard 0 soft 1 temp 1 loss 2.75 i_con 3.97 plddt 0.39 ptm 0.89 i_ptm 0.34 energy -6.41
94 models [0] recycles 0 hard 0 soft 1 temp 1 loss 2.69 i_con 3.93 plddt 0.42 ptm 0.88 i_ptm 0.37 energy -6.50
95 models [0] recycles 0 hard 0 soft 1 temp 1 loss 2.90 i_con 4.15 plddt 0.39 ptm 0.87 i_ptm 0.32 energy -6.58
96 models [1] recycles 0 hard 0 soft 1 temp 1 loss 2.91 i_con 4.14 plddt 0.39 ptm 0.89 i_ptm 0.30 energy -6.46
97 models [0] recycles 0 hard 0 soft 1 temp 1 loss 2.67 i_con 3.95 plddt 0.37 ptm 0.87 i_ptm 0.38 energy -6.71
98 models [0] recycles 0 hard 0 soft 1 temp 1 loss 2.68 i_con 3.94 plddt 0.40 ptm 0.87 i_ptm 0.35 energy -6.62
99 models [0] recycles 0 hard 0 soft 1 temp 1 loss 2.60 i_con 3.91 plddt 0.41 ptm 0.88 i_ptm 0.39 energy -6.83
100 models [1] recycles 0 hard 0 soft 1 temp 1 loss 2.83 i_con 4.11 plddt 0.38 ptm 0.89 i_ptm 0.31 energy -6.69
101 models [1] recycles 0 hard 0 soft 0 temp 1 loss -2.00 i_con 6.00 plddt 0.62 ptm 0.88 i_ptm 0.09 energy -40.18
102 models [0] recycles 0 hard 0 soft 0 temp 0.99 loss -3.21 i_con 4.75 plddt 0.40 ptm 0.87 i_ptm 0.27 energy -40.13
103 models [1] recycles 0 hard 0 soft 0 temp 0.98 loss -2.50 i_con 5.88 plddt 0.52 ptm 0.88 i_ptm 0.09 energy -42.15
104 models [1] recycles 0 hard 0 soft 0 temp 0.97 loss -4.07 i_con 4.54 plddt 0.38 ptm 0.88 i_ptm 0.23 energy -43.35
105 models [0] recycles 0 hard 0 soft 0 temp 0.96 loss -4.81 i_con 4.27 plddt 0.37 ptm 0.87 i_ptm 0.31 energy -45.70
106 models [1] recycles 0 hard 0 soft 0 temp 0.95 loss -5.24 i_con 4.37 plddt 0.38 ptm 0.89 i_ptm 0.25 energy -48.31
107 models [1] recycles 0 hard 0 soft 0 temp 0.94 loss -5.54 i_con 4.54 plddt 0.38 ptm 0.88 i_ptm 0.21 energy -50.71
108 models [0] recycles 0 hard 0 soft 0 temp 0.93 loss -6.31 i_con 4.18 plddt 0.38 ptm 0.87 i_ptm 0.33 energy -52.76
109 models [0] recycles 0 hard 0 soft 0 temp 0.92 loss -6.92 i_con 4.08 plddt 0.41 ptm 0.87 i_ptm 0.33 energy -55.29
110 models [1] recycles 0 hard 0 soft 0 temp 0.91 loss -6.95 i_con 4.51 plddt 0.39 ptm 0.89 i_ptm 0.23 energy -57.64
111 models [0] recycles 0 hard 0 soft 0 temp 0.90 loss -7.90 i_con 4.04 plddt 0.40 ptm 0.88 i_ptm 0.35 energy -59.97
112 models [0] recycles 0 hard 0 soft 0 temp 0.89 loss -8.25 i_con 4.20 plddt 0.39 ptm 0.87 i_ptm 0.33 energy -62.56
113 models [0] recycles 0 hard 0 soft 0 temp 0.88 loss -8.75 i_con 4.16 plddt 0.38 ptm 0.87 i_ptm 0.34 energy -64.84
114 models [1] recycles 0 hard 0 soft 0 temp 0.87 loss -8.80 i_con 4.60 plddt 0.35 ptm 0.88 i_ptm 0.19 energy -67.36
115 models [0] recycles 0 hard 0 soft 0 temp 0.86 loss -9.70 i_con 4.17 plddt 0.40 ptm 0.87 i_ptm 0.34 energy -69.68
116 models [0] recycles 0 hard 0 soft 0 temp 0.85 loss -10.19 i_con 4.12 plddt 0.38 ptm 0.87 i_ptm 0.34 energy -71.90
117 models [1] recycles 0 hard 0 soft 0 temp 0.84 loss -10.21 i_con 4.62 plddt 0.37 ptm 0.89 i_ptm 0.21 energy -74.47
118 models [0] recycles 0 hard 0 soft 0 temp 0.83 loss -11.05 i_con 4.09 plddt 0.37 ptm 0.88 i_ptm 0.33 energy -76.01
119 models [1] recycles 0 hard 0 soft 0 temp 0.82 loss -11.53 i_con 4.10 plddt 0.39 ptm 0.89 i_ptm 0.32 energy -78.41
120 models [1] recycles 0 hard 0 soft 0 temp 0.81 loss -11.82 i_con 4.29 plddt 0.37 ptm 0.89 i_ptm 0.27 energy -80.89
121 models [1] recycles 0 hard 0 soft 0 temp 0.80 loss -12.11 i_con 4.42 plddt 0.35 ptm 0.88 i_ptm 0.23 energy -82.95
122 models [1] recycles 0 hard 0 soft 0 temp 0.79 loss -12.81 i_con 4.16 plddt 0.37 ptm 0.89 i_ptm 0.31 energy -85.13
123 models [0] recycles 0 hard 0 soft 0 temp 0.78 loss -13.31 i_con 4.13 plddt 0.37 ptm 0.87 i_ptm 0.30 energy -87.54
124 models [1] recycles 0 hard 0 soft 0 temp 0.77 loss -13.57 i_con 4.35 plddt 0.37 ptm 0.89 i_ptm 0.26 energy -89.92
125 models [0] recycles 0 hard 0 soft 0 temp 0.76 loss -14.09 i_con 4.28 plddt 0.38 ptm 0.87 i_ptm 0.31 energy -92.18
126 models [0] recycles 0 hard 0 soft 0 temp 0.75 loss -14.75 i_con 4.01 plddt 0.38 ptm 0.87 i_ptm 0.37 energy -94.10
127 models [0] recycles 0 hard 0 soft 0 temp 0.74 loss -15.14 i_con 4.10 plddt 0.36 ptm 0.87 i_ptm 0.32 energy -96.48
128 models [0] recycles 0 hard 0 soft 0 temp 0.73 loss -15.47 i_con 4.27 plddt 0.38 ptm 0.88 i_ptm 0.32 energy -98.99
129 models [1] recycles 0 hard 0 soft 0 temp 0.72 loss -15.62 i_con 4.59 plddt 0.39 ptm 0.88 i_ptm 0.23 energy -101.32
130 models [1] recycles 0 hard 0 soft 0 temp 0.71 loss -16.33 i_con 4.27 plddt 0.36 ptm 0.89 i_ptm 0.25 energy -103.30
131 models [0] recycles 0 hard 0 soft 0 temp 0.70 loss -16.82 i_con 4.24 plddt 0.40 ptm 0.87 i_ptm 0.30 energy -105.59
132 models [1] recycles 0 hard 0 soft 0 temp 0.69 loss -16.91 i_con 4.58 plddt 0.35 ptm 0.88 i_ptm 0.19 energy -107.79
133 models [1] recycles 0 hard 0 soft 0 temp 0.68 loss -17.56 i_con 4.42 plddt 0.34 ptm 0.89 i_ptm 0.23 energy -110.21
134 models [1] recycles 0 hard 0 soft 0 temp 0.67 loss -18.13 i_con 4.26 plddt 0.39 ptm 0.89 i_ptm 0.25 energy -112.24
135 models [1] recycles 0 hard 0 soft 0 temp 0.66 loss -18.25 i_con 4.55 plddt 0.39 ptm 0.88 i_ptm 0.19 energy -114.32
136 models [1] recycles 0 hard 0 soft 0 temp 0.65 loss -18.73 i_con 4.49 plddt 0.35 ptm 0.89 i_ptm 0.22 energy -116.43
137 models [0] recycles 0 hard 0 soft 0 temp 0.64 loss -19.29 i_con 4.30 plddt 0.35 ptm 0.87 i_ptm 0.26 energy -118.26
138 models [1] recycles 0 hard 0 soft 0 temp 0.63 loss -19.40 i_con 4.65 plddt 0.32 ptm 0.88 i_ptm 0.17 energy -120.59
139 models [1] recycles 0 hard 0 soft 0 temp 0.62 loss -20.03 i_con 4.42 plddt 0.36 ptm 0.88 i_ptm 0.24 energy -122.57
140 models [0] recycles 0 hard 0 soft 0 temp 0.61 loss -20.17 i_con 4.69 plddt 0.33 ptm 0.87 i_ptm 0.21 energy -124.61
141 models [1] recycles 0 hard 0 soft 0 temp 0.60 loss -20.54 i_con 4.71 plddt 0.36 ptm 0.88 i_ptm 0.18 energy -126.59
142 models [1] recycles 0 hard 0 soft 0 temp 0.59 loss -20.82 i_con 4.75 plddt 0.33 ptm 0.89 i_ptm 0.20 energy -128.14
143 models [0] recycles 0 hard 0 soft 0 temp 0.58 loss -21.33 i_con 4.59 plddt 0.33 ptm 0.87 i_ptm 0.20 energy -129.92
144 models [1] recycles 0 hard 0 soft 0 temp 0.57 loss -21.72 i_con 4.53 plddt 0.36 ptm 0.88 i_ptm 0.22 energy -131.56
145 models [0] recycles 0 hard 0 soft 0 temp 0.56 loss -22.09 i_con 4.61 plddt 0.34 ptm 0.87 i_ptm 0.24 energy -133.83
146 models [1] recycles 0 hard 0 soft 0 temp 0.55 loss -22.02 i_con 4.74 plddt 0.38 ptm 0.89 i_ptm 0.21 energy -134.12
147 models [1] recycles 0 hard 0 soft 0 temp 0.54 loss -22.72 i_con 4.44 plddt 0.36 ptm 0.88 i_ptm 0.22 energy -136.13
148 models [1] recycles 0 hard 0 soft 0 temp 0.53 loss -22.83 i_con 4.78 plddt 0.34 ptm 0.88 i_ptm 0.18 energy -138.35
149 models [1] recycles 0 hard 0 soft 0 temp 0.52 loss -22.95 i_con 4.98 plddt 0.30 ptm 0.88 i_ptm 0.16 energy -139.98
150 models [0] recycles 0 hard 0 soft 0 temp 0.51 loss -23.91 i_con 4.38 plddt 0.33 ptm 0.87 i_ptm 0.26 energy -141.79
151 models [1] recycles 0 hard 0 soft 0 temp 0.50 loss -24.02 i_con 4.64 plddt 0.33 ptm 0.88 i_ptm 0.17 energy -143.63
152 models [1] recycles 0 hard 0 soft 0 temp 0.49 loss -23.51 i_con 5.39 plddt 0.34 ptm 0.88 i_ptm 0.14 energy -144.84
153 models [0] recycles 0 hard 0 soft 0 temp 0.48 loss -24.91 i_con 4.18 plddt 0.30 ptm 0.87 i_ptm 0.24 energy -145.82
154 models [0] recycles 0 hard 0 soft 0 temp 0.47 loss -24.95 i_con 4.42 plddt 0.31 ptm 0.87 i_ptm 0.21 energy -147.17
155 models [1] recycles 0 hard 0 soft 0 temp 0.46 loss -25.17 i_con 4.59 plddt 0.34 ptm 0.88 i_ptm 0.18 energy -149.12
156 models [1] recycles 0 hard 0 soft 0 temp 0.45 loss -25.30 i_con 4.89 plddt 0.31 ptm 0.88 i_ptm 0.14 energy -151.32
157 models [1] recycles 0 hard 0 soft 0 temp 0.44 loss -25.84 i_con 4.76 plddt 0.33 ptm 0.88 i_ptm 0.14 energy -153.34
158 models [1] recycles 0 hard 0 soft 0 temp 0.43 loss -26.18 i_con 4.64 plddt 0.36 ptm 0.88 i_ptm 0.21 energy -154.43
159 models [0] recycles 0 hard 0 soft 0 temp 0.42 loss -27.02 i_con 4.18 plddt 0.28 ptm 0.87 i_ptm 0.21 energy -156.33
160 models [0] recycles 0 hard 0 soft 0 temp 0.41 loss -26.76 i_con 4.73 plddt 0.30 ptm 0.87 i_ptm 0.19 energy -157.80
161 models [1] recycles 0 hard 0 soft 0 temp 0.40 loss -27.54 i_con 4.41 plddt 0.38 ptm 0.88 i_ptm 0.20 energy -160.06
162 models [0] recycles 0 hard 0 soft 0 temp 0.39 loss -27.92 i_con 4.28 plddt 0.30 ptm 0.87 i_ptm 0.25 energy -161.37
163 models [0] recycles 0 hard 0 soft 0 temp 0.38 loss -28.12 i_con 4.55 plddt 0.30 ptm 0.87 i_ptm 0.24 energy -163.74
164 models [1] recycles 0 hard 0 soft 0 temp 0.37 loss -28.01 i_con 4.76 plddt 0.34 ptm 0.88 i_ptm 0.17 energy -164.19
165 models [1] recycles 0 hard 0 soft 0 temp 0.36 loss -28.35 i_con 4.84 plddt 0.36 ptm 0.88 i_ptm 0.16 energy -166.26
166 models [1] recycles 0 hard 0 soft 0 temp 0.35 loss -28.58 i_con 4.72 plddt 0.33 ptm 0.88 i_ptm 0.17 energy -166.84
167 models [0] recycles 0 hard 0 soft 0 temp 0.34 loss -29.21 i_con 4.55 plddt 0.32 ptm 0.87 i_ptm 0.19 energy -169.14
168 models [0] recycles 0 hard 0 soft 0 temp 0.33 loss -29.74 i_con 4.46 plddt 0.32 ptm 0.86 i_ptm 0.23 energy -171.36
169 models [1] recycles 0 hard 0 soft 0 temp 0.32 loss -29.71 i_con 4.95 plddt 0.35 ptm 0.88 i_ptm 0.15 energy -173.63
170 models [1] recycles 0 hard 0 soft 0 temp 0.31 loss -29.92 i_con 5.08 plddt 0.39 ptm 0.88 i_ptm 0.13 energy -175.31
171 models [0] recycles 0 hard 0 soft 0 temp 0.30 loss -30.47 i_con 4.68 plddt 0.35 ptm 0.87 i_ptm 0.18 energy -176.09
172 models [1] recycles 0 hard 0 soft 0 temp 0.29 loss -30.00 i_con 5.63 plddt 0.40 ptm 0.88 i_ptm 0.15 energy -178.42
173 models [0] recycles 0 hard 0 soft 0 temp 0.28 loss -31.19 i_con 4.77 plddt 0.33 ptm 0.87 i_ptm 0.21 energy -180.10
174 models [0] recycles 0 hard 0 soft 0 temp 0.27 loss -31.62 i_con 4.74 plddt 0.34 ptm 0.86 i_ptm 0.18 energy -182.15
175 models [1] recycles 0 hard 0 soft 0 temp 0.26 loss -31.31 i_con 5.49 plddt 0.34 ptm 0.88 i_ptm 0.13 energy -184.31
176 models [1] recycles 0 hard 0 soft 0 temp 0.25 loss -31.47 i_con 5.67 plddt 0.43 ptm 0.88 i_ptm 0.11 energy -185.97
177 models [0] recycles 0 hard 0 soft 0 temp 0.24 loss -32.63 i_con 4.67 plddt 0.34 ptm 0.86 i_ptm 0.20 energy -186.86
178 models [0] recycles 0 hard 0 soft 0 temp 0.23 loss -33.15 i_con 4.60 plddt 0.38 ptm 0.87 i_ptm 0.18 energy -189.08
179 models [1] recycles 0 hard 0 soft 0 temp 0.22 loss -32.21 i_con 6.00 plddt 0.42 ptm 0.88 i_ptm 0.12 energy -191.35
180 models [1] recycles 0 hard 0 soft 0 temp 0.21 loss -32.94 i_con 5.62 plddt 0.36 ptm 0.88 i_ptm 0.14 energy -193.08
181 models [0] recycles 0 hard 0 soft 0 temp 0.20 loss -34.14 i_con 4.60 plddt 0.31 ptm 0.87 i_ptm 0.20 energy -194.05
182 models [0] recycles 0 hard 0 soft 0 temp 0.19 loss -34.40 i_con 4.73 plddt 0.33 ptm 0.87 i_ptm 0.21 energy -195.99
183 models [0] recycles 0 hard 0 soft 0 temp 0.18 loss -34.64 i_con 4.92 plddt 0.35 ptm 0.87 i_ptm 0.18 energy -198.17
184 models [1] recycles 0 hard 0 soft 0 temp 0.17 loss -35.76 i_con 4.29 plddt 0.34 ptm 0.88 i_ptm 0.23 energy -200.59
185 models [1] recycles 0 hard 0 soft 0 temp 0.16 loss -35.58 i_con 4.88 plddt 0.41 ptm 0.88 i_ptm 0.14 energy -202.59
186 models [0] recycles 0 hard 0 soft 0 temp 0.15 loss -35.67 i_con 5.18 plddt 0.29 ptm 0.86 i_ptm 0.16 energy -204.57
187 models [1] recycles 0 hard 0 soft 0 temp 0.14 loss -35.28 i_con 5.94 plddt 0.38 ptm 0.88 i_ptm 0.13 energy -206.42
188 models [1] recycles 0 hard 0 soft 0 temp 0.13 loss -36.43 i_con 4.79 plddt 0.37 ptm 0.88 i_ptm 0.15 energy -206.38
189 models [0] recycles 0 hard 0 soft 0 temp 0.12 loss -36.78 i_con 4.86 plddt 0.33 ptm 0.87 i_ptm 0.20 energy -208.52
190 models [1] recycles 0 hard 0 soft 0 temp 0.11 loss -35.86 i_con 6.22 plddt 0.46 ptm 0.88 i_ptm 0.13 energy -210.72
191 models [0] recycles 0 hard 0 soft 0 temp 0.10 loss -37.28 i_con 5.19 plddt 0.28 ptm 0.86 i_ptm 0.17 energy -212.69
192 models [1] recycles 0 hard 0 soft 0 temp 0.09 loss -37.31 i_con 5.62 plddt 0.42 ptm 0.88 i_ptm 0.12 energy -214.91
193 models [1] recycles 0 hard 0 soft 0 temp 0.08 loss -37.85 i_con 5.29 plddt 0.35 ptm 0.88 i_ptm 0.13 energy -216.04
194 models [0] recycles 0 hard 0 soft 0 temp 0.07 loss -38.45 i_con 4.83 plddt 0.33 ptm 0.86 i_ptm 0.18 energy -216.76
195 models [0] recycles 0 hard 0 soft 0 temp 0.06 loss -38.68 i_con 5.02 plddt 0.29 ptm 0.86 i_ptm 0.17 energy -218.82
196 models [0] recycles 0 hard 0 soft 0 temp 0.05 loss -38.95 i_con 5.19 plddt 0.30 ptm 0.86 i_ptm 0.18 energy -221.04
197 models [0] recycles 0 hard 0 soft 0 temp 0.04 loss -39.52 i_con 5.01 plddt 0.30 ptm 0.86 i_ptm 0.19 energy -222.98
198 models [1] recycles 0 hard 0 soft 0 temp 0.03 loss -38.93 i_con 5.95 plddt 0.43 ptm 0.88 i_ptm 0.12 energy -224.71
199 models [1] recycles 0 hard 0 soft 0 temp 0.02 loss -39.19 i_con 6.09 plddt 0.42 ptm 0.88 i_ptm 0.13 energy -226.70
200 models [1] recycles 0 hard 0 soft 0 temp 0.01 loss -39.90 i_con 5.61 plddt 0.36 ptm 0.88 i_ptm 0.13 energy -227.85
201 models [0] recycles 0 hard 1 soft 0 temp 0.00 loss 2.30 i_con 3.92 plddt 0.39 ptm 0.88 i_ptm 0.39 energy -8.43
202 models [1] recycles 0 hard 1 soft 0 temp 0.00 loss 2.72 i_con 4.34 plddt 0.36 ptm 0.89 i_ptm 0.27 energy -8.43
203 models [1] recycles 0 hard 1 soft 0 temp 0.00 loss 2.72 i_con 4.34 plddt 0.36 ptm 0.89 i_ptm 0.27 energy -8.43
204 models [1] recycles 0 hard 1 soft 0 temp 0.00 loss 2.72 i_con 4.34 plddt 0.36 ptm 0.89 i_ptm 0.27 energy -8.43
205 models [1] recycles 0 hard 1 soft 0 temp 0.00 loss 2.72 i_con 4.34 plddt 0.36 ptm 0.89 i_ptm 0.27 energy -8.43
206 models [1] recycles 0 hard 1 soft 0 temp 0.00 loss 2.72 i_con 4.34 plddt 0.36 ptm 0.89 i_ptm 0.27 energy -8.43
207 models [0] recycles 0 hard 1 soft 0 temp 0.00 loss 2.30 i_con 3.92 plddt 0.39 ptm 0.88 i_ptm 0.39 energy -8.43
208 models [1] recycles 0 hard 1 soft 0 temp 0.00 loss 2.72 i_con 4.34 plddt 0.36 ptm 0.89 i_ptm 0.27 energy -8.43
209 models [0] recycles 0 hard 1 soft 0 temp 0.00 loss 2.30 i_con 3.92 plddt 0.39 ptm 0.88 i_ptm 0.39 energy -8.43
210 models [1] recycles 0 hard 1 soft 0 temp 0.00 loss 2.72 i_con 4.34 plddt 0.36 ptm 0.89 i_ptm 0.27 energy -8.43
211 models [0] recycles 0 hard 1 soft 0 temp 0.00 loss 2.30 i_con 3.92 plddt 0.39 ptm 0.88 i_ptm 0.39 energy -8.43
212 models [0] recycles 0 hard 1 soft 0 temp 0.00 loss 2.30 i_con 3.92 plddt 0.39 ptm 0.88 i_ptm 0.39 energy -8.43
213 models [1] recycles 0 hard 1 soft 0 temp 0.00 loss 2.72 i_con 4.34 plddt 0.36 ptm 0.89 i_ptm 0.27 energy -8.43
214 models [1] recycles 0 hard 1 soft 0 temp 0.00 loss 2.72 i_con 4.34 plddt 0.36 ptm 0.89 i_ptm 0.27 energy -8.43
215 models [0] recycles 0 hard 1 soft 0 temp 0.00 loss 2.30 i_con 3.92 plddt 0.39 ptm 0.88 i_ptm 0.39 energy -8.43
216 models [0] recycles 0 hard 1 soft 0 temp 0.00 loss 2.30 i_con 3.92 plddt 0.39 ptm 0.88 i_ptm 0.39 energy -8.43
217 models [1] recycles 0 hard 1 soft 0 temp 0.00 loss 2.72 i_con 4.34 plddt 0.36 ptm 0.89 i_ptm 0.27 energy -8.43
218 models [0] recycles 0 hard 1 soft 0 temp 0.00 loss 2.30 i_con 3.92 plddt 0.39 ptm 0.88 i_ptm 0.39 energy -8.43
219 models [0] recycles 0 hard 1 soft 0 temp 0.00 loss 2.30 i_con 3.92 plddt 0.39 ptm 0.88 i_ptm 0.39 energy -8.43
220 models [0] recycles 0 hard 1 soft 0 temp 0.00 loss 2.30 i_con 3.92 plddt 0.39 ptm 0.88 i_ptm 0.39 energy -8.43
221 models [1] recycles 0 hard 1 soft 0 temp 0.00 loss 2.72 i_con 4.34 plddt 0.36 ptm 0.89 i_ptm 0.27 energy -8.43
222 models [0] recycles 0 hard 1 soft 0 temp 0.00 loss 2.30 i_con 3.92 plddt 0.39 ptm 0.88 i_ptm 0.39 energy -8.43
223 models [1] recycles 0 hard 1 soft 0 temp 0.00 loss 2.72 i_con 4.34 plddt 0.36 ptm 0.89 i_ptm 0.27 energy -8.43
224 models [1] recycles 0 hard 1 soft 0 temp 0.00 loss 2.72 i_con 4.34 plddt 0.36 ptm 0.89 i_ptm 0.27 energy -8.43
225 models [0] recycles 0 hard 1 soft 0 temp 0.00 loss 2.30 i_con 3.92 plddt 0.39 ptm 0.88 i_ptm 0.39 energy -8.43
226 models [0] recycles 0 hard 1 soft 0 temp 0.00 loss 2.30 i_con 3.92 plddt 0.39 ptm 0.88 i_ptm 0.39 energy -8.43
227 models [1] recycles 0 hard 1 soft 0 temp 0.00 loss 2.72 i_con 4.34 plddt 0.36 ptm 0.89 i_ptm 0.27 energy -8.43
228 models [1] recycles 0 hard 1 soft 0 temp 0.00 loss 2.72 i_con 4.34 plddt 0.36 ptm 0.89 i_ptm 0.27 energy -8.43
229 models [0] recycles 0 hard 1 soft 0 temp 0.00 loss 2.30 i_con 3.92 plddt 0.39 ptm 0.88 i_ptm 0.39 energy -8.43
230 models [1] recycles 0 hard 1 soft 0 temp 0.00 loss 2.72 i_con 4.34 plddt 0.36 ptm 0.89 i_ptm 0.27 energy -8.43
231 models [1] recycles 0 hard 1 soft 0 temp 0.00 loss 2.72 i_con 4.34 plddt 0.36 ptm 0.89 i_ptm 0.27 energy -8.43
232 models [1] recycles 0 hard 1 soft 0 temp 0.00 loss 2.72 i_con 4.34 plddt 0.36 ptm 0.89 i_ptm 0.27 energy -8.43
233 models [0] recycles 0 hard 1 soft 0 temp 0.00 loss 2.30 i_con 3.92 plddt 0.39 ptm 0.88 i_ptm 0.39 energy -8.43
234 models [0] recycles 0 hard 1 soft 0 temp 0.00 loss 2.30 i_con 3.92 plddt 0.39 ptm 0.88 i_ptm 0.39 energy -8.43
235 models [1] recycles 0 hard 1 soft 0 temp 0.00 loss 2.72 i_con 4.34 plddt 0.36 ptm 0.89 i_ptm 0.27 energy -8.43
236 models [0] recycles 0 hard 1 soft 0 temp 0.00 loss 2.30 i_con 3.92 plddt 0.39 ptm 0.88 i_ptm 0.39 energy -8.43
237 models [1] recycles 0 hard 1 soft 0 temp 0.00 loss 2.72 i_con 4.34 plddt 0.36 ptm 0.89 i_ptm 0.27 energy -8.43
238 models [1] recycles 0 hard 1 soft 0 temp 0.00 loss 2.72 i_con 4.34 plddt 0.36 ptm 0.89 i_ptm 0.27 energy -8.43
239 models [0] recycles 0 hard 1 soft 0 temp 0.00 loss 2.30 i_con 3.92 plddt 0.39 ptm 0.88 i_ptm 0.39 energy -8.43
240 models [1] recycles 0 hard 1 soft 0 temp 0.00 loss 2.72 i_con 4.34 plddt 0.36 ptm 0.89 i_ptm 0.27 energy -8.43
241 models [0] recycles 0 hard 1 soft 0 temp 0.00 loss 2.30 i_con 3.92 plddt 0.39 ptm 0.88 i_ptm 0.39 energy -8.43
242 models [1] recycles 0 hard 1 soft 0 temp 0.00 loss 2.72 i_con 4.34 plddt 0.36 ptm 0.89 i_ptm 0.27 energy -8.43
243 models [0] recycles 0 hard 1 soft 0 temp 0.00 loss 2.30 i_con 3.92 plddt 0.39 ptm 0.88 i_ptm 0.39 energy -8.43
244 models [1] recycles 0 hard 1 soft 0 temp 0.00 loss 2.72 i_con 4.34 plddt 0.36 ptm 0.89 i_ptm 0.27 energy -8.43
245 models [1] recycles 0 hard 1 soft 0 temp 0.00 loss 2.72 i_con 4.34 plddt 0.36 ptm 0.89 i_ptm 0.27 energy -8.43
246 models [1] recycles 0 hard 1 soft 0 temp 0.00 loss 2.72 i_con 4.34 plddt 0.36 ptm 0.89 i_ptm 0.27 energy -8.43
247 models [0] recycles 0 hard 1 soft 0 temp 0.00 loss 2.30 i_con 3.92 plddt 0.39 ptm 0.88 i_ptm 0.39 energy -8.43
248 models [0] recycles 0 hard 1 soft 0 temp 0.00 loss 2.30 i_con 3.92 plddt 0.39 ptm 0.88 i_ptm 0.39 energy -8.43
249 models [0] recycles 0 hard 1 soft 0 temp 0.00 loss 2.30 i_con 3.92 plddt 0.39 ptm 0.88 i_ptm 0.39 energy -8.43
250 models [1] recycles 0 hard 1 soft 0 temp 0.00 loss 2.72 i_con 4.34 plddt 0.36 ptm 0.89 i_ptm 0.27 energy -8.43
  seq=NITGLEWLLNFYGDC  loss=2.7219  loss_af=4.4081  energy=-8.4311  i_ptm=0.2743
[7/10] seed=6 ...
1 models [1] recycles 0 hard 0 soft 1 temp 1 loss 7.88 i_con 7.47 plddt 0.51 ptm 0.88 i_ptm 0.09 energy 7.40
2 models [0] recycles 0 hard 0 soft 1 temp 1 loss 8.11 i_con 7.71 plddt 0.54 ptm 0.87 i_ptm 0.14 energy 7.02
3 models [1] recycles 0 hard 0 soft 1 temp 1 loss 7.95 i_con 7.57 plddt 0.55 ptm 0.88 i_ptm 0.09 energy 6.70
4 models [1] recycles 0 hard 0 soft 1 temp 1 loss 7.68 i_con 7.32 plddt 0.53 ptm 0.88 i_ptm 0.10 energy 6.21
5 models [1] recycles 0 hard 0 soft 1 temp 1 loss 7.39 i_con 7.05 plddt 0.53 ptm 0.88 i_ptm 0.09 energy 5.79
6 models [1] recycles 0 hard 0 soft 1 temp 1 loss 6.74 i_con 6.42 plddt 0.50 ptm 0.88 i_ptm 0.08 energy 5.41
7 models [1] recycles 0 hard 0 soft 1 temp 1 loss 6.51 i_con 6.20 plddt 0.49 ptm 0.88 i_ptm 0.09 energy 5.06
8 models [1] recycles 0 hard 0 soft 1 temp 1 loss 6.46 i_con 6.17 plddt 0.52 ptm 0.88 i_ptm 0.08 energy 4.75
9 models [1] recycles 0 hard 0 soft 1 temp 1 loss 6.50 i_con 6.22 plddt 0.50 ptm 0.88 i_ptm 0.08 energy 4.44
10 models [1] recycles 0 hard 0 soft 1 temp 1 loss 6.53 i_con 6.28 plddt 0.50 ptm 0.88 i_ptm 0.09 energy 4.09
11 models [1] recycles 0 hard 0 soft 1 temp 1 loss 6.04 i_con 5.80 plddt 0.45 ptm 0.88 i_ptm 0.09 energy 3.67
12 models [1] recycles 0 hard 0 soft 1 temp 1 loss 6.13 i_con 5.90 plddt 0.46 ptm 0.88 i_ptm 0.08 energy 3.46
13 models [0] recycles 0 hard 0 soft 1 temp 1 loss 5.59 i_con 5.38 plddt 0.40 ptm 0.86 i_ptm 0.11 energy 3.09
14 models [1] recycles 0 hard 0 soft 1 temp 1 loss 6.09 i_con 5.87 plddt 0.46 ptm 0.88 i_ptm 0.09 energy 3.36
15 models [1] recycles 0 hard 0 soft 1 temp 1 loss 6.15 i_con 5.92 plddt 0.44 ptm 0.88 i_ptm 0.08 energy 3.51
16 models [1] recycles 0 hard 0 soft 1 temp 1 loss 5.33 i_con 5.08 plddt 0.40 ptm 0.88 i_ptm 0.12 energy 3.90
17 models [0] recycles 0 hard 0 soft 1 temp 1 loss 4.82 i_con 4.58 plddt 0.40 ptm 0.87 i_ptm 0.21 energy 3.65
18 models [0] recycles 0 hard 0 soft 1 temp 1 loss 4.66 i_con 4.40 plddt 0.37 ptm 0.87 i_ptm 0.21 energy 3.78
19 models [0] recycles 0 hard 0 soft 1 temp 1 loss 4.79 i_con 4.57 plddt 0.40 ptm 0.87 i_ptm 0.19 energy 3.22
20 models [0] recycles 0 hard 0 soft 1 temp 1 loss 4.65 i_con 4.41 plddt 0.39 ptm 0.87 i_ptm 0.19 energy 3.52
21 models [1] recycles 0 hard 0 soft 1 temp 1 loss 5.33 i_con 5.10 plddt 0.36 ptm 0.88 i_ptm 0.12 energy 3.45
22 models [0] recycles 0 hard 0 soft 1 temp 1 loss 4.85 i_con 4.66 plddt 0.40 ptm 0.87 i_ptm 0.18 energy 2.71
23 models [1] recycles 0 hard 0 soft 1 temp 1 loss 5.56 i_con 5.40 plddt 0.39 ptm 0.88 i_ptm 0.09 energy 2.06
24 models [1] recycles 0 hard 0 soft 1 temp 1 loss 5.58 i_con 5.42 plddt 0.40 ptm 0.88 i_ptm 0.09 energy 2.00
25 models [0] recycles 0 hard 0 soft 1 temp 1 loss 4.67 i_con 4.53 plddt 0.37 ptm 0.87 i_ptm 0.18 energy 1.56
26 models [0] recycles 0 hard 0 soft 1 temp 1 loss 4.64 i_con 4.50 plddt 0.39 ptm 0.87 i_ptm 0.20 energy 1.73
27 models [1] recycles 0 hard 0 soft 1 temp 1 loss 5.60 i_con 5.46 plddt 0.45 ptm 0.88 i_ptm 0.10 energy 1.58
28 models [0] recycles 0 hard 0 soft 1 temp 1 loss 5.00 i_con 4.88 plddt 0.39 ptm 0.87 i_ptm 0.16 energy 1.17
29 models [1] recycles 0 hard 0 soft 1 temp 1 loss 5.41 i_con 5.26 plddt 0.38 ptm 0.88 i_ptm 0.11 energy 1.63
30 models [0] recycles 0 hard 0 soft 1 temp 1 loss 4.67 i_con 4.56 plddt 0.37 ptm 0.87 i_ptm 0.19 energy 0.93
31 models [1] recycles 0 hard 0 soft 1 temp 1 loss 5.51 i_con 5.42 plddt 0.38 ptm 0.88 i_ptm 0.09 energy 0.71
32 models [0] recycles 0 hard 0 soft 1 temp 1 loss 4.68 i_con 4.61 plddt 0.39 ptm 0.87 i_ptm 0.19 energy 0.22
33 models [1] recycles 0 hard 0 soft 1 temp 1 loss 5.37 i_con 5.30 plddt 0.39 ptm 0.88 i_ptm 0.10 energy 0.28
34 models [1] recycles 0 hard 0 soft 1 temp 1 loss 4.87 i_con 4.81 plddt 0.37 ptm 0.88 i_ptm 0.22 energy -0.01
35 models [0] recycles 0 hard 0 soft 1 temp 1 loss 4.51 i_con 4.46 plddt 0.41 ptm 0.87 i_ptm 0.25 energy -0.23
36 models [1] recycles 0 hard 0 soft 1 temp 1 loss 5.13 i_con 5.09 plddt 0.38 ptm 0.88 i_ptm 0.11 energy -0.32
37 models [0] recycles 0 hard 0 soft 1 temp 1 loss 4.53 i_con 4.49 plddt 0.42 ptm 0.87 i_ptm 0.23 energy -0.37
38 models [1] recycles 0 hard 0 soft 1 temp 1 loss 4.78 i_con 4.74 plddt 0.32 ptm 0.88 i_ptm 0.16 energy -0.66
39 models [1] recycles 0 hard 0 soft 1 temp 1 loss 4.97 i_con 4.98 plddt 0.39 ptm 0.88 i_ptm 0.13 energy -1.33
40 models [1] recycles 0 hard 0 soft 1 temp 1 loss 5.00 i_con 5.02 plddt 0.38 ptm 0.88 i_ptm 0.13 energy -1.53
41 models [0] recycles 0 hard 0 soft 1 temp 1 loss 4.39 i_con 4.41 plddt 0.39 ptm 0.87 i_ptm 0.23 energy -1.64
42 models [1] recycles 0 hard 0 soft 1 temp 1 loss 4.73 i_con 4.76 plddt 0.40 ptm 0.88 i_ptm 0.19 energy -1.73
43 models [0] recycles 0 hard 0 soft 1 temp 1 loss 4.53 i_con 4.56 plddt 0.37 ptm 0.87 i_ptm 0.20 energy -1.81
44 models [1] recycles 0 hard 0 soft 1 temp 1 loss 4.74 i_con 4.77 plddt 0.35 ptm 0.88 i_ptm 0.20 energy -1.85
45 models [0] recycles 0 hard 0 soft 1 temp 1 loss 4.31 i_con 4.34 plddt 0.39 ptm 0.87 i_ptm 0.23 energy -1.94
46 models [0] recycles 0 hard 0 soft 1 temp 1 loss 4.24 i_con 4.28 plddt 0.41 ptm 0.87 i_ptm 0.26 energy -1.93
47 models [0] recycles 0 hard 0 soft 1 temp 1 loss 4.24 i_con 4.27 plddt 0.42 ptm 0.87 i_ptm 0.24 energy -1.73
48 models [1] recycles 0 hard 0 soft 1 temp 1 loss 4.72 i_con 4.76 plddt 0.39 ptm 0.88 i_ptm 0.19 energy -2.02
49 models [1] recycles 0 hard 0 soft 1 temp 1 loss 4.62 i_con 4.66 plddt 0.34 ptm 0.88 i_ptm 0.18 energy -2.08
50 models [0] recycles 0 hard 0 soft 1 temp 1 loss 4.34 i_con 4.39 plddt 0.43 ptm 0.87 i_ptm 0.24 energy -2.15
51 models [0] recycles 0 hard 0 soft 1 temp 1 loss 3.86 i_con 4.21 plddt 0.39 ptm 0.87 i_ptm 0.24 energy -2.09
52 models [1] recycles 0 hard 0 soft 1 temp 1 loss 4.06 i_con 4.46 plddt 0.37 ptm 0.89 i_ptm 0.20 energy -2.35
53 models [0] recycles 0 hard 0 soft 1 temp 1 loss 3.97 i_con 4.41 plddt 0.42 ptm 0.87 i_ptm 0.22 energy -2.49
54 models [0] recycles 0 hard 0 soft 1 temp 1 loss 3.81 i_con 4.24 plddt 0.41 ptm 0.87 i_ptm 0.25 energy -2.46
55 models [0] recycles 0 hard 0 soft 1 temp 1 loss 4.11 i_con 4.53 plddt 0.41 ptm 0.87 i_ptm 0.22 energy -2.41
56 models [0] recycles 0 hard 0 soft 1 temp 1 loss 3.68 i_con 4.15 plddt 0.40 ptm 0.87 i_ptm 0.27 energy -2.66
57 models [0] recycles 0 hard 0 soft 1 temp 1 loss 3.66 i_con 4.15 plddt 0.40 ptm 0.87 i_ptm 0.26 energy -2.74
58 models [1] recycles 0 hard 0 soft 1 temp 1 loss 4.10 i_con 4.62 plddt 0.34 ptm 0.88 i_ptm 0.20 energy -2.90
59 models [0] recycles 0 hard 0 soft 1 temp 1 loss 3.75 i_con 4.29 plddt 0.41 ptm 0.87 i_ptm 0.26 energy -3.00
60 models [1] recycles 0 hard 0 soft 1 temp 1 loss 4.69 i_con 5.24 plddt 0.41 ptm 0.88 i_ptm 0.10 energy -3.06
61 models [0] recycles 0 hard 0 soft 1 temp 1 loss 4.18 i_con 4.72 plddt 0.38 ptm 0.87 i_ptm 0.20 energy -3.04
62 models [1] recycles 0 hard 0 soft 1 temp 1 loss 3.97 i_con 4.51 plddt 0.33 ptm 0.88 i_ptm 0.24 energy -3.04
63 models [1] recycles 0 hard 0 soft 1 temp 1 loss 4.06 i_con 4.62 plddt 0.35 ptm 0.88 i_ptm 0.21 energy -3.12
64 models [1] recycles 0 hard 0 soft 1 temp 1 loss 4.30 i_con 4.87 plddt 0.38 ptm 0.88 i_ptm 0.19 energy -3.19
65 models [1] recycles 0 hard 0 soft 1 temp 1 loss 4.01 i_con 4.62 plddt 0.36 ptm 0.88 i_ptm 0.20 energy -3.35
66 models [1] recycles 0 hard 0 soft 1 temp 1 loss 4.10 i_con 4.74 plddt 0.36 ptm 0.88 i_ptm 0.21 energy -3.49
67 models [1] recycles 0 hard 0 soft 1 temp 1 loss 3.65 i_con 4.29 plddt 0.36 ptm 0.88 i_ptm 0.24 energy -3.50
68 models [0] recycles 0 hard 0 soft 1 temp 1 loss 3.68 i_con 4.35 plddt 0.39 ptm 0.87 i_ptm 0.22 energy -3.68
69 models [1] recycles 0 hard 0 soft 1 temp 1 loss 4.35 i_con 5.05 plddt 0.38 ptm 0.88 i_ptm 0.12 energy -3.79
70 models [0] recycles 0 hard 0 soft 1 temp 1 loss 3.69 i_con 4.46 plddt 0.39 ptm 0.87 i_ptm 0.20 energy -4.13
71 models [0] recycles 0 hard 0 soft 1 temp 1 loss 3.62 i_con 4.41 plddt 0.37 ptm 0.87 i_ptm 0.23 energy -4.27
72 models [0] recycles 0 hard 0 soft 1 temp 1 loss 3.53 i_con 4.34 plddt 0.41 ptm 0.87 i_ptm 0.22 energy -4.33
73 models [1] recycles 0 hard 0 soft 1 temp 1 loss 3.43 i_con 4.24 plddt 0.39 ptm 0.88 i_ptm 0.23 energy -4.39
74 models [0] recycles 0 hard 0 soft 1 temp 1 loss 3.30 i_con 4.12 plddt 0.39 ptm 0.87 i_ptm 0.27 energy -4.38
75 models [0] recycles 0 hard 0 soft 1 temp 1 loss 3.31 i_con 4.17 plddt 0.38 ptm 0.87 i_ptm 0.23 energy -4.60
76 models [1] recycles 0 hard 0 soft 1 temp 1 loss 3.19 i_con 4.12 plddt 0.35 ptm 0.89 i_ptm 0.29 energy -4.94
77 models [0] recycles 0 hard 0 soft 1 temp 1 loss 3.02 i_con 4.02 plddt 0.41 ptm 0.87 i_ptm 0.26 energy -5.30
78 models [1] recycles 0 hard 0 soft 1 temp 1 loss 3.20 i_con 4.18 plddt 0.35 ptm 0.88 i_ptm 0.24 energy -5.22
79 models [0] recycles 0 hard 0 soft 1 temp 1 loss 3.08 i_con 4.09 plddt 0.36 ptm 0.87 i_ptm 0.25 energy -5.37
80 models [1] recycles 0 hard 0 soft 1 temp 1 loss 3.16 i_con 4.18 plddt 0.35 ptm 0.88 i_ptm 0.23 energy -5.42
81 models [0] recycles 0 hard 0 soft 1 temp 1 loss 2.83 i_con 3.86 plddt 0.40 ptm 0.87 i_ptm 0.32 energy -5.49
82 models [0] recycles 0 hard 0 soft 1 temp 1 loss 2.94 i_con 4.02 plddt 0.39 ptm 0.87 i_ptm 0.25 energy -5.70
83 models [0] recycles 0 hard 0 soft 1 temp 1 loss 3.03 i_con 4.10 plddt 0.37 ptm 0.87 i_ptm 0.28 energy -5.67
84 models [1] recycles 0 hard 0 soft 1 temp 1 loss 2.90 i_con 4.02 plddt 0.36 ptm 0.89 i_ptm 0.30 energy -5.90
85 models [0] recycles 0 hard 0 soft 1 temp 1 loss 2.86 i_con 4.00 plddt 0.38 ptm 0.87 i_ptm 0.28 energy -5.98
86 models [1] recycles 0 hard 0 soft 1 temp 1 loss 2.70 i_con 3.84 plddt 0.40 ptm 0.89 i_ptm 0.34 energy -6.01
87 models [0] recycles 0 hard 0 soft 1 temp 1 loss 2.78 i_con 3.91 plddt 0.39 ptm 0.87 i_ptm 0.32 energy -5.95
88 models [0] recycles 0 hard 0 soft 1 temp 1 loss 2.88 i_con 4.08 plddt 0.39 ptm 0.87 i_ptm 0.27 energy -6.30
89 models [0] recycles 0 hard 0 soft 1 temp 1 loss 2.74 i_con 3.97 plddt 0.38 ptm 0.87 i_ptm 0.28 energy -6.47
90 models [1] recycles 0 hard 0 soft 1 temp 1 loss 2.74 i_con 4.00 plddt 0.37 ptm 0.89 i_ptm 0.31 energy -6.62
91 models [1] recycles 0 hard 0 soft 1 temp 1 loss 2.77 i_con 4.02 plddt 0.36 ptm 0.89 i_ptm 0.30 energy -6.60
92 models [1] recycles 0 hard 0 soft 1 temp 1 loss 2.70 i_con 3.98 plddt 0.39 ptm 0.89 i_ptm 0.31 energy -6.75
93 models [1] recycles 0 hard 0 soft 1 temp 1 loss 3.04 i_con 4.36 plddt 0.35 ptm 0.88 i_ptm 0.24 energy -6.95
94 models [1] recycles 0 hard 0 soft 1 temp 1 loss 2.74 i_con 4.03 plddt 0.39 ptm 0.89 i_ptm 0.29 energy -6.75
95 models [0] recycles 0 hard 0 soft 1 temp 1 loss 2.55 i_con 3.86 plddt 0.39 ptm 0.87 i_ptm 0.32 energy -6.87
96 models [1] recycles 0 hard 0 soft 1 temp 1 loss 2.69 i_con 4.04 plddt 0.39 ptm 0.89 i_ptm 0.31 energy -7.07
97 models [0] recycles 0 hard 0 soft 1 temp 1 loss 2.44 i_con 3.79 plddt 0.37 ptm 0.87 i_ptm 0.34 energy -7.07
98 models [1] recycles 0 hard 0 soft 1 temp 1 loss 2.63 i_con 4.01 plddt 0.36 ptm 0.89 i_ptm 0.31 energy -7.24
99 models [0] recycles 0 hard 0 soft 1 temp 1 loss 2.61 i_con 4.01 plddt 0.38 ptm 0.87 i_ptm 0.29 energy -7.28
100 models [1] recycles 0 hard 0 soft 1 temp 1 loss 2.66 i_con 4.06 plddt 0.40 ptm 0.89 i_ptm 0.30 energy -7.25
101 models [1] recycles 0 hard 0 soft 0 temp 1 loss 1.20 i_con 7.87 plddt 0.46 ptm 0.88 i_ptm 0.16 energy -33.65
102 models [0] recycles 0 hard 0 soft 0 temp 0.99 loss 0.21 i_con 7.37 plddt 0.57 ptm 0.87 i_ptm 0.15 energy -36.03
103 models [0] recycles 0 hard 0 soft 0 temp 0.98 loss 0.02 i_con 7.34 plddt 0.66 ptm 0.86 i_ptm 0.14 energy -36.78
104 models [1] recycles 0 hard 0 soft 0 temp 0.97 loss -0.32 i_con 7.40 plddt 0.66 ptm 0.88 i_ptm 0.10 energy -38.79
105 models [1] recycles 0 hard 0 soft 0 temp 0.96 loss -0.72 i_con 7.32 plddt 0.73 ptm 0.88 i_ptm 0.11 energy -40.32
106 models [0] recycles 0 hard 0 soft 0 temp 0.95 loss -3.35 i_con 4.94 plddt 0.50 ptm 0.87 i_ptm 0.24 energy -41.72
107 models [0] recycles 0 hard 0 soft 0 temp 0.94 loss -3.79 i_con 4.58 plddt 0.42 ptm 0.87 i_ptm 0.24 energy -42.15
108 models [0] recycles 0 hard 0 soft 0 temp 0.93 loss -4.14 i_con 4.65 plddt 0.47 ptm 0.87 i_ptm 0.25 energy -44.26
109 models [1] recycles 0 hard 0 soft 0 temp 0.92 loss -3.82 i_con 5.37 plddt 0.50 ptm 0.88 i_ptm 0.09 energy -46.19
110 models [1] recycles 0 hard 0 soft 0 temp 0.91 loss -5.04 i_con 4.16 plddt 0.41 ptm 0.89 i_ptm 0.29 energy -46.27
111 models [0] recycles 0 hard 0 soft 0 temp 0.90 loss -5.37 i_con 4.11 plddt 0.42 ptm 0.87 i_ptm 0.29 energy -47.69
112 models [0] recycles 0 hard 0 soft 0 temp 0.89 loss -6.02 i_con 3.95 plddt 0.41 ptm 0.87 i_ptm 0.30 energy -50.15
113 models [0] recycles 0 hard 0 soft 0 temp 0.88 loss -6.68 i_con 3.81 plddt 0.42 ptm 0.88 i_ptm 0.41 energy -52.71
114 models [0] recycles 0 hard 0 soft 0 temp 0.87 loss -6.80 i_con 4.13 plddt 0.38 ptm 0.87 i_ptm 0.29 energy -54.96
115 models [0] recycles 0 hard 0 soft 0 temp 0.86 loss -7.18 i_con 4.20 plddt 0.44 ptm 0.87 i_ptm 0.27 energy -57.18
116 models [0] recycles 0 hard 0 soft 0 temp 0.85 loss -7.67 i_con 4.15 plddt 0.40 ptm 0.87 i_ptm 0.27 energy -59.41
117 models [0] recycles 0 hard 0 soft 0 temp 0.84 loss -8.21 i_con 4.07 plddt 0.46 ptm 0.87 i_ptm 0.35 energy -61.68
118 models [0] recycles 0 hard 0 soft 0 temp 0.83 loss -8.75 i_con 3.98 plddt 0.43 ptm 0.87 i_ptm 0.32 energy -63.93
119 models [1] recycles 0 hard 0 soft 0 temp 0.82 loss -9.12 i_con 4.01 plddt 0.45 ptm 0.89 i_ptm 0.32 energy -65.94
120 models [0] recycles 0 hard 0 soft 0 temp 0.81 loss -9.25 i_con 4.21 plddt 0.46 ptm 0.87 i_ptm 0.29 energy -67.57
121 models [0] recycles 0 hard 0 soft 0 temp 0.80 loss -9.71 i_con 4.14 plddt 0.41 ptm 0.87 i_ptm 0.30 energy -69.55
122 models [0] recycles 0 hard 0 soft 0 temp 0.79 loss -10.20 i_con 4.03 plddt 0.43 ptm 0.87 i_ptm 0.30 energy -71.47
123 models [1] recycles 0 hard 0 soft 0 temp 0.78 loss -10.47 i_con 4.23 plddt 0.41 ptm 0.89 i_ptm 0.27 energy -73.77
124 models [1] recycles 0 hard 0 soft 0 temp 0.77 loss -11.75 i_con 3.27 plddt 0.45 ptm 0.90 i_ptm 0.55 energy -75.34
125 models [0] recycles 0 hard 0 soft 0 temp 0.76 loss -11.17 i_con 3.88 plddt 0.40 ptm 0.88 i_ptm 0.41 energy -75.56
126 models [0] recycles 0 hard 0 soft 0 temp 0.75 loss -11.74 i_con 3.79 plddt 0.41 ptm 0.88 i_ptm 0.42 energy -77.94
127 models [0] recycles 0 hard 0 soft 0 temp 0.74 loss -11.97 i_con 4.00 plddt 0.41 ptm 0.87 i_ptm 0.32 energy -80.14
128 models [1] recycles 0 hard 0 soft 0 temp 0.73 loss -12.75 i_con 3.67 plddt 0.40 ptm 0.89 i_ptm 0.42 energy -82.38
129 models [1] recycles 0 hard 0 soft 0 temp 0.72 loss -13.22 i_con 3.68 plddt 0.47 ptm 0.90 i_ptm 0.42 energy -84.78
130 models [0] recycles 0 hard 0 soft 0 temp 0.71 loss -13.28 i_con 3.95 plddt 0.41 ptm 0.87 i_ptm 0.36 energy -86.44
131 models [1] recycles 0 hard 0 soft 0 temp 0.70 loss -13.83 i_con 3.85 plddt 0.39 ptm 0.89 i_ptm 0.38 energy -88.70
132 models [1] recycles 0 hard 0 soft 0 temp 0.69 loss -13.85 i_con 4.26 plddt 0.36 ptm 0.89 i_ptm 0.23 energy -90.84
133 models [1] recycles 0 hard 0 soft 0 temp 0.68 loss -14.27 i_con 4.26 plddt 0.39 ptm 0.89 i_ptm 0.26 energy -92.97
134 models [0] recycles 0 hard 0 soft 0 temp 0.67 loss -15.44 i_con 3.54 plddt 0.43 ptm 0.88 i_ptm 0.51 energy -95.19
135 models [1] recycles 0 hard 0 soft 0 temp 0.66 loss -15.06 i_con 4.33 plddt 0.38 ptm 0.88 i_ptm 0.23 energy -97.26
136 models [0] recycles 0 hard 0 soft 0 temp 0.65 loss -15.56 i_con 4.18 plddt 0.41 ptm 0.87 i_ptm 0.28 energy -99.02
137 models [1] recycles 0 hard 0 soft 0 temp 0.64 loss -15.41 i_con 4.67 plddt 0.35 ptm 0.88 i_ptm 0.15 energy -100.73
138 models [0] recycles 0 hard 0 soft 0 temp 0.63 loss -16.69 i_con 3.88 plddt 0.41 ptm 0.87 i_ptm 0.34 energy -103.17
139 models [1] recycles 0 hard 0 soft 0 temp 0.62 loss -17.11 i_con 3.89 plddt 0.41 ptm 0.89 i_ptm 0.34 energy -105.29
140 models [1] recycles 0 hard 0 soft 0 temp 0.61 loss -17.84 i_con 3.59 plddt 0.46 ptm 0.89 i_ptm 0.43 energy -107.46
141 models [0] recycles 0 hard 0 soft 0 temp 0.60 loss -17.87 i_con 3.87 plddt 0.41 ptm 0.88 i_ptm 0.37 energy -109.02
142 models [0] recycles 0 hard 0 soft 0 temp 0.59 loss -18.13 i_con 4.07 plddt 0.41 ptm 0.87 i_ptm 0.33 energy -111.30
143 models [1] recycles 0 hard 0 soft 0 temp 0.58 loss -18.51 i_con 4.15 plddt 0.38 ptm 0.89 i_ptm 0.24 energy -113.63
144 models [0] recycles 0 hard 0 soft 0 temp 0.57 loss -18.55 i_con 4.50 plddt 0.40 ptm 0.87 i_ptm 0.21 energy -115.51
145 models [0] recycles 0 hard 0 soft 0 temp 0.56 loss -19.36 i_con 4.07 plddt 0.38 ptm 0.87 i_ptm 0.29 energy -117.48
146 models [0] recycles 0 hard 0 soft 0 temp 0.55 loss -19.61 i_con 4.26 plddt 0.38 ptm 0.87 i_ptm 0.26 energy -119.67
147 models [0] recycles 0 hard 0 soft 0 temp 0.54 loss -19.69 i_con 4.57 plddt 0.35 ptm 0.87 i_ptm 0.21 energy -121.63
148 models [0] recycles 0 hard 0 soft 0 temp 0.53 loss -20.13 i_con 4.57 plddt 0.34 ptm 0.87 i_ptm 0.23 energy -123.79
149 models [0] recycles 0 hard 0 soft 0 temp 0.52 loss -20.97 i_con 4.15 plddt 0.39 ptm 0.87 i_ptm 0.30 energy -125.87
150 models [1] recycles 0 hard 0 soft 0 temp 0.51 loss -21.22 i_con 4.29 plddt 0.37 ptm 0.89 i_ptm 0.19 energy -127.85
151 models [0] recycles 0 hard 0 soft 0 temp 0.50 loss -21.21 i_con 4.74 plddt 0.35 ptm 0.87 i_ptm 0.21 energy -130.05
152 models [0] recycles 0 hard 0 soft 0 temp 0.49 loss -21.92 i_con 4.36 plddt 0.35 ptm 0.87 i_ptm 0.22 energy -131.71
153 models [1] recycles 0 hard 0 soft 0 temp 0.48 loss -22.26 i_con 4.48 plddt 0.41 ptm 0.88 i_ptm 0.17 energy -133.99
154 models [0] recycles 0 hard 0 soft 0 temp 0.47 loss -22.57 i_con 4.62 plddt 0.37 ptm 0.87 i_ptm 0.21 energy -136.26
155 models [1] recycles 0 hard 0 soft 0 temp 0.46 loss -22.79 i_con 4.81 plddt 0.34 ptm 0.88 i_ptm 0.13 energy -138.29
156 models [1] recycles 0 hard 0 soft 0 temp 0.45 loss -23.43 i_con 4.62 plddt 0.35 ptm 0.88 i_ptm 0.12 energy -140.56
157 models [0] recycles 0 hard 0 soft 0 temp 0.44 loss -24.06 i_con 4.44 plddt 0.34 ptm 0.87 i_ptm 0.21 energy -142.83
158 models [1] recycles 0 hard 0 soft 0 temp 0.43 loss -24.35 i_con 4.57 plddt 0.34 ptm 0.88 i_ptm 0.16 energy -144.91
159 models [1] recycles 0 hard 0 soft 0 temp 0.42 loss -24.43 i_con 4.93 plddt 0.35 ptm 0.88 i_ptm 0.12 energy -147.09
160 models [0] recycles 0 hard 0 soft 0 temp 0.41 loss -25.12 i_con 4.53 plddt 0.35 ptm 0.87 i_ptm 0.22 energy -148.58
161 models [1] recycles 0 hard 0 soft 0 temp 0.40 loss -25.21 i_con 4.86 plddt 0.44 ptm 0.88 i_ptm 0.12 energy -150.66
162 models [0] recycles 0 hard 0 soft 0 temp 0.39 loss -25.73 i_con 4.69 plddt 0.31 ptm 0.87 i_ptm 0.21 energy -152.42
163 models [1] recycles 0 hard 0 soft 0 temp 0.38 loss -25.77 i_con 5.03 plddt 0.39 ptm 0.88 i_ptm 0.12 energy -154.32
164 models [1] recycles 0 hard 0 soft 0 temp 0.37 loss -25.89 i_con 4.89 plddt 0.36 ptm 0.88 i_ptm 0.12 energy -154.24
165 models [0] recycles 0 hard 0 soft 0 temp 0.36 loss -26.83 i_con 4.38 plddt 0.32 ptm 0.87 i_ptm 0.23 energy -156.38
166 models [0] recycles 0 hard 0 soft 0 temp 0.35 loss -26.55 i_con 5.02 plddt 0.33 ptm 0.86 i_ptm 0.15 energy -158.17
167 models [1] recycles 0 hard 0 soft 0 temp 0.34 loss -27.27 i_con 4.69 plddt 0.35 ptm 0.88 i_ptm 0.12 energy -160.11
168 models [1] recycles 0 hard 0 soft 0 temp 0.33 loss -26.77 i_con 5.60 plddt 0.45 ptm 0.88 i_ptm 0.10 energy -162.12
169 models [0] recycles 0 hard 0 soft 0 temp 0.32 loss -28.00 i_con 4.70 plddt 0.33 ptm 0.87 i_ptm 0.22 energy -163.84
170 models [0] recycles 0 hard 0 soft 0 temp 0.31 loss -28.21 i_con 4.81 plddt 0.34 ptm 0.87 i_ptm 0.19 energy -165.45
171 models [1] recycles 0 hard 0 soft 0 temp 0.30 loss -28.58 i_con 4.81 plddt 0.35 ptm 0.88 i_ptm 0.14 energy -167.24
172 models [0] recycles 0 hard 0 soft 0 temp 0.29 loss -28.67 i_con 5.14 plddt 0.29 ptm 0.87 i_ptm 0.15 energy -169.44
173 models [1] recycles 0 hard 0 soft 0 temp 0.28 loss -28.74 i_con 5.44 plddt 0.38 ptm 0.88 i_ptm 0.12 energy -171.21
174 models [1] recycles 0 hard 0 soft 0 temp 0.27 loss -29.69 i_con 4.86 plddt 0.32 ptm 0.88 i_ptm 0.14 energy -173.09
175 models [0] recycles 0 hard 0 soft 0 temp 0.26 loss -29.46 i_con 5.48 plddt 0.29 ptm 0.86 i_ptm 0.17 energy -175.07
176 models [0] recycles 0 hard 0 soft 0 temp 0.25 loss -30.28 i_con 4.91 plddt 0.33 ptm 0.87 i_ptm 0.16 energy -176.30
177 models [1] recycles 0 hard 0 soft 0 temp 0.24 loss -30.46 i_con 5.20 plddt 0.38 ptm 0.88 i_ptm 0.12 energy -178.60
178 models [1] recycles 0 hard 0 soft 0 temp 0.23 loss -30.99 i_con 5.04 plddt 0.32 ptm 0.88 i_ptm 0.12 energy -180.48
179 models [1] recycles 0 hard 0 soft 0 temp 0.22 loss -31.39 i_con 5.01 plddt 0.35 ptm 0.88 i_ptm 0.13 energy -182.36
180 models [0] recycles 0 hard 0 soft 0 temp 0.21 loss -31.81 i_con 5.04 plddt 0.31 ptm 0.86 i_ptm 0.15 energy -184.59
181 models [0] recycles 0 hard 0 soft 0 temp 0.20 loss -31.89 i_con 5.37 plddt 0.32 ptm 0.87 i_ptm 0.15 energy -186.65
182 models [1] recycles 0 hard 0 soft 0 temp 0.19 loss -32.50 i_con 5.08 plddt 0.42 ptm 0.88 i_ptm 0.12 energy -188.21
183 models [1] recycles 0 hard 0 soft 0 temp 0.18 loss -32.14 i_con 5.81 plddt 0.35 ptm 0.88 i_ptm 0.12 energy -190.12
184 models [1] recycles 0 hard 0 soft 0 temp 0.17 loss -32.85 i_con 5.46 plddt 0.38 ptm 0.88 i_ptm 0.14 energy -191.87
185 models [1] recycles 0 hard 0 soft 0 temp 0.16 loss -33.64 i_con 4.99 plddt 0.32 ptm 0.88 i_ptm 0.15 energy -193.46
186 models [0] recycles 0 hard 0 soft 0 temp 0.15 loss -33.05 i_con 5.88 plddt 0.37 ptm 0.86 i_ptm 0.16 energy -195.00
187 models [0] recycles 0 hard 0 soft 0 temp 0.14 loss -33.52 i_con 5.85 plddt 0.30 ptm 0.86 i_ptm 0.15 energy -197.21
188 models [1] recycles 0 hard 0 soft 0 temp 0.13 loss -33.94 i_con 5.69 plddt 0.36 ptm 0.88 i_ptm 0.13 energy -198.49
189 models [1] recycles 0 hard 0 soft 0 temp 0.12 loss -34.69 i_con 5.26 plddt 0.36 ptm 0.88 i_ptm 0.15 energy -200.05
190 models [1] recycles 0 hard 0 soft 0 temp 0.11 loss -34.73 i_con 5.51 plddt 0.36 ptm 0.88 i_ptm 0.13 energy -201.56
191 models [1] recycles 0 hard 0 soft 0 temp 0.10 loss -35.58 i_con 5.05 plddt 0.34 ptm 0.88 i_ptm 0.16 energy -203.48
192 models [0] recycles 0 hard 0 soft 0 temp 0.09 loss -34.91 i_con 6.13 plddt 0.29 ptm 0.86 i_ptm 0.15 energy -205.57
193 models [0] recycles 0 hard 0 soft 0 temp 0.08 loss -35.84 i_con 5.57 plddt 0.30 ptm 0.86 i_ptm 0.17 energy -207.42
194 models [1] recycles 0 hard 0 soft 0 temp 0.07 loss -36.04 i_con 5.73 plddt 0.39 ptm 0.88 i_ptm 0.14 energy -209.17
195 models [1] recycles 0 hard 0 soft 0 temp 0.06 loss -36.34 i_con 5.67 plddt 0.35 ptm 0.88 i_ptm 0.14 energy -210.36
196 models [1] recycles 0 hard 0 soft 0 temp 0.05 loss -37.45 i_con 4.95 plddt 0.35 ptm 0.88 i_ptm 0.14 energy -212.34
197 models [0] recycles 0 hard 0 soft 0 temp 0.04 loss -36.94 i_con 5.67 plddt 0.34 ptm 0.86 i_ptm 0.16 energy -213.36
198 models [1] recycles 0 hard 0 soft 0 temp 0.03 loss -37.10 i_con 5.86 plddt 0.30 ptm 0.88 i_ptm 0.15 energy -215.11
199 models [0] recycles 0 hard 0 soft 0 temp 0.02 loss -37.05 i_con 6.26 plddt 0.31 ptm 0.87 i_ptm 0.16 energy -216.91
200 models [0] recycles 0 hard 0 soft 0 temp 0.01 loss -37.57 i_con 6.06 plddt 0.30 ptm 0.86 i_ptm 0.15 energy -218.51
201 models [0] recycles 0 hard 1 soft 0 temp 0.00 loss 2.13 i_con 3.89 plddt 0.34 ptm 0.88 i_ptm 0.33 energy -9.18
202 models [0] recycles 0 hard 1 soft 0 temp 0.00 loss 2.13 i_con 3.89 plddt 0.34 ptm 0.88 i_ptm 0.33 energy -9.18
203 models [0] recycles 0 hard 1 soft 0 temp 0.00 loss 2.13 i_con 3.89 plddt 0.34 ptm 0.88 i_ptm 0.33 energy -9.18
204 models [1] recycles 0 hard 1 soft 0 temp 0.00 loss 2.09 i_con 3.86 plddt 0.36 ptm 0.90 i_ptm 0.40 energy -9.18
205 models [0] recycles 0 hard 1 soft 0 temp 0.00 loss 2.13 i_con 3.89 plddt 0.34 ptm 0.88 i_ptm 0.33 energy -9.18
206 models [1] recycles 0 hard 1 soft 0 temp 0.00 loss 2.09 i_con 3.86 plddt 0.36 ptm 0.90 i_ptm 0.40 energy -9.18
207 models [0] recycles 0 hard 1 soft 0 temp 0.00 loss 2.13 i_con 3.89 plddt 0.34 ptm 0.88 i_ptm 0.33 energy -9.18
208 models [0] recycles 0 hard 1 soft 0 temp 0.00 loss 2.13 i_con 3.89 plddt 0.34 ptm 0.88 i_ptm 0.33 energy -9.18
209 models [0] recycles 0 hard 1 soft 0 temp 0.00 loss 2.13 i_con 3.89 plddt 0.34 ptm 0.88 i_ptm 0.33 energy -9.18
210 models [0] recycles 0 hard 1 soft 0 temp 0.00 loss 2.13 i_con 3.89 plddt 0.34 ptm 0.88 i_ptm 0.33 energy -9.18
211 models [1] recycles 0 hard 1 soft 0 temp 0.00 loss 2.09 i_con 3.86 plddt 0.36 ptm 0.90 i_ptm 0.40 energy -9.18
212 models [0] recycles 0 hard 1 soft 0 temp 0.00 loss 2.13 i_con 3.89 plddt 0.34 ptm 0.88 i_ptm 0.33 energy -9.18
213 models [1] recycles 0 hard 1 soft 0 temp 0.00 loss 2.09 i_con 3.86 plddt 0.36 ptm 0.90 i_ptm 0.40 energy -9.18
214 models [0] recycles 0 hard 1 soft 0 temp 0.00 loss 2.13 i_con 3.89 plddt 0.34 ptm 0.88 i_ptm 0.33 energy -9.18
215 models [0] recycles 0 hard 1 soft 0 temp 0.00 loss 2.13 i_con 3.89 plddt 0.34 ptm 0.88 i_ptm 0.33 energy -9.18
216 models [1] recycles 0 hard 1 soft 0 temp 0.00 loss 2.09 i_con 3.86 plddt 0.36 ptm 0.90 i_ptm 0.40 energy -9.18
217 models [1] recycles 0 hard 1 soft 0 temp 0.00 loss 2.09 i_con 3.86 plddt 0.36 ptm 0.90 i_ptm 0.40 energy -9.18
218 models [0] recycles 0 hard 1 soft 0 temp 0.00 loss 2.13 i_con 3.89 plddt 0.34 ptm 0.88 i_ptm 0.33 energy -9.18
219 models [1] recycles 0 hard 1 soft 0 temp 0.00 loss 2.09 i_con 3.86 plddt 0.36 ptm 0.90 i_ptm 0.40 energy -9.18
220 models [1] recycles 0 hard 1 soft 0 temp 0.00 loss 2.09 i_con 3.86 plddt 0.36 ptm 0.90 i_ptm 0.40 energy -9.18
221 models [0] recycles 0 hard 1 soft 0 temp 0.00 loss 2.13 i_con 3.89 plddt 0.34 ptm 0.88 i_ptm 0.33 energy -9.18
222 models [0] recycles 0 hard 1 soft 0 temp 0.00 loss 2.13 i_con 3.89 plddt 0.34 ptm 0.88 i_ptm 0.33 energy -9.18
223 models [1] recycles 0 hard 1 soft 0 temp 0.00 loss 2.09 i_con 3.86 plddt 0.36 ptm 0.90 i_ptm 0.40 energy -9.18
224 models [1] recycles 0 hard 1 soft 0 temp 0.00 loss 2.09 i_con 3.86 plddt 0.36 ptm 0.90 i_ptm 0.40 energy -9.18
225 models [1] recycles 0 hard 1 soft 0 temp 0.00 loss 2.09 i_con 3.86 plddt 0.36 ptm 0.90 i_ptm 0.40 energy -9.18
226 models [0] recycles 0 hard 1 soft 0 temp 0.00 loss 2.13 i_con 3.89 plddt 0.34 ptm 0.88 i_ptm 0.33 energy -9.18
227 models [1] recycles 0 hard 1 soft 0 temp 0.00 loss 2.09 i_con 3.86 plddt 0.36 ptm 0.90 i_ptm 0.40 energy -9.18
228 models [0] recycles 0 hard 1 soft 0 temp 0.00 loss 2.13 i_con 3.89 plddt 0.34 ptm 0.88 i_ptm 0.33 energy -9.18
229 models [0] recycles 0 hard 1 soft 0 temp 0.00 loss 2.13 i_con 3.89 plddt 0.34 ptm 0.88 i_ptm 0.33 energy -9.18
230 models [0] recycles 0 hard 1 soft 0 temp 0.00 loss 2.13 i_con 3.89 plddt 0.34 ptm 0.88 i_ptm 0.33 energy -9.18
231 models [1] recycles 0 hard 1 soft 0 temp 0.00 loss 2.09 i_con 3.86 plddt 0.36 ptm 0.90 i_ptm 0.40 energy -9.18
232 models [0] recycles 0 hard 1 soft 0 temp 0.00 loss 2.13 i_con 3.89 plddt 0.34 ptm 0.88 i_ptm 0.33 energy -9.18
233 models [1] recycles 0 hard 1 soft 0 temp 0.00 loss 2.09 i_con 3.86 plddt 0.36 ptm 0.90 i_ptm 0.40 energy -9.18
234 models [0] recycles 0 hard 1 soft 0 temp 0.00 loss 2.13 i_con 3.89 plddt 0.34 ptm 0.88 i_ptm 0.33 energy -9.18
235 models [0] recycles 0 hard 1 soft 0 temp 0.00 loss 2.13 i_con 3.89 plddt 0.34 ptm 0.88 i_ptm 0.33 energy -9.18
236 models [1] recycles 0 hard 1 soft 0 temp 0.00 loss 2.09 i_con 3.86 plddt 0.36 ptm 0.90 i_ptm 0.40 energy -9.18
237 models [0] recycles 0 hard 1 soft 0 temp 0.00 loss 2.13 i_con 3.89 plddt 0.34 ptm 0.88 i_ptm 0.33 energy -9.18
238 models [1] recycles 0 hard 1 soft 0 temp 0.00 loss 2.09 i_con 3.86 plddt 0.36 ptm 0.90 i_ptm 0.40 energy -9.18
239 models [1] recycles 0 hard 1 soft 0 temp 0.00 loss 2.09 i_con 3.86 plddt 0.36 ptm 0.90 i_ptm 0.40 energy -9.18
240 models [0] recycles 0 hard 1 soft 0 temp 0.00 loss 2.13 i_con 3.89 plddt 0.34 ptm 0.88 i_ptm 0.33 energy -9.18
241 models [0] recycles 0 hard 1 soft 0 temp 0.00 loss 2.13 i_con 3.89 plddt 0.34 ptm 0.88 i_ptm 0.33 energy -9.18
242 models [0] recycles 0 hard 1 soft 0 temp 0.00 loss 2.13 i_con 3.89 plddt 0.34 ptm 0.88 i_ptm 0.33 energy -9.18
243 models [0] recycles 0 hard 1 soft 0 temp 0.00 loss 2.13 i_con 3.89 plddt 0.34 ptm 0.88 i_ptm 0.33 energy -9.18
244 models [0] recycles 0 hard 1 soft 0 temp 0.00 loss 2.13 i_con 3.89 plddt 0.34 ptm 0.88 i_ptm 0.33 energy -9.18
245 models [0] recycles 0 hard 1 soft 0 temp 0.00 loss 2.13 i_con 3.89 plddt 0.34 ptm 0.88 i_ptm 0.33 energy -9.18
246 models [0] recycles 0 hard 1 soft 0 temp 0.00 loss 2.13 i_con 3.89 plddt 0.34 ptm 0.88 i_ptm 0.33 energy -9.18
247 models [0] recycles 0 hard 1 soft 0 temp 0.00 loss 2.13 i_con 3.89 plddt 0.34 ptm 0.88 i_ptm 0.33 energy -9.18
248 models [1] recycles 0 hard 1 soft 0 temp 0.00 loss 2.09 i_con 3.86 plddt 0.36 ptm 0.90 i_ptm 0.40 energy -9.18
249 models [0] recycles 0 hard 1 soft 0 temp 0.00 loss 2.13 i_con 3.89 plddt 0.34 ptm 0.88 i_ptm 0.33 energy -9.18
250 models [1] recycles 0 hard 1 soft 0 temp 0.00 loss 2.09 i_con 3.86 plddt 0.36 ptm 0.90 i_ptm 0.40 energy -9.18
  seq=LIGGAQCALNYIMFC  loss=2.0882  loss_af=3.9236  energy=-9.1767  i_ptm=0.4026
[8/10] seed=7 ...
1 models [1] recycles 0 hard 0 soft 1 temp 1 loss 8.00 i_con 7.58 plddt 0.52 ptm 0.88 i_ptm 0.09 energy 7.40
2 models [0] recycles 0 hard 0 soft 1 temp 1 loss 8.31 i_con 7.92 plddt 0.60 ptm 0.86 i_ptm 0.12 energy 7.04
3 models [1] recycles 0 hard 0 soft 1 temp 1 loss 7.64 i_con 7.26 plddt 0.50 ptm 0.88 i_ptm 0.08 energy 6.78
4 models [0] recycles 0 hard 0 soft 1 temp 1 loss 7.06 i_con 6.69 plddt 0.53 ptm 0.86 i_ptm 0.12 energy 6.44
5 models [1] recycles 0 hard 0 soft 1 temp 1 loss 7.50 i_con 7.13 plddt 0.46 ptm 0.88 i_ptm 0.08 energy 6.20
6 models [0] recycles 0 hard 0 soft 1 temp 1 loss 7.16 i_con 6.82 plddt 0.55 ptm 0.86 i_ptm 0.13 energy 5.86
7 models [0] recycles 0 hard 0 soft 1 temp 1 loss 6.51 i_con 6.18 plddt 0.47 ptm 0.86 i_ptm 0.12 energy 5.61
8 models [1] recycles 0 hard 0 soft 1 temp 1 loss 6.85 i_con 6.53 plddt 0.51 ptm 0.88 i_ptm 0.09 energy 5.44
9 models [0] recycles 0 hard 0 soft 1 temp 1 loss 6.81 i_con 6.50 plddt 0.47 ptm 0.86 i_ptm 0.12 energy 5.20
10 models [1] recycles 0 hard 0 soft 1 temp 1 loss 6.30 i_con 6.00 plddt 0.50 ptm 0.88 i_ptm 0.08 energy 4.95
11 models [1] recycles 0 hard 0 soft 1 temp 1 loss 6.58 i_con 6.29 plddt 0.48 ptm 0.88 i_ptm 0.08 energy 4.73
12 models [1] recycles 0 hard 0 soft 1 temp 1 loss 6.20 i_con 5.90 plddt 0.43 ptm 0.88 i_ptm 0.08 energy 4.72
13 models [1] recycles 0 hard 0 soft 1 temp 1 loss 6.13 i_con 5.83 plddt 0.44 ptm 0.88 i_ptm 0.08 energy 4.80
14 models [1] recycles 0 hard 0 soft 1 temp 1 loss 5.86 i_con 5.55 plddt 0.42 ptm 0.88 i_ptm 0.09 energy 4.88
15 models [0] recycles 0 hard 0 soft 1 temp 1 loss 4.83 i_con 4.54 plddt 0.38 ptm 0.87 i_ptm 0.18 energy 4.44
16 models [1] recycles 0 hard 0 soft 1 temp 1 loss 5.63 i_con 5.35 plddt 0.39 ptm 0.88 i_ptm 0.12 energy 4.42
17 models [0] recycles 0 hard 0 soft 1 temp 1 loss 4.94 i_con 4.64 plddt 0.37 ptm 0.87 i_ptm 0.23 energy 4.58
18 models [1] recycles 0 hard 0 soft 1 temp 1 loss 5.64 i_con 5.36 plddt 0.41 ptm 0.88 i_ptm 0.10 energy 4.57
19 models [1] recycles 0 hard 0 soft 1 temp 1 loss 5.39 i_con 5.10 plddt 0.37 ptm 0.88 i_ptm 0.11 energy 4.48
20 models [0] recycles 0 hard 0 soft 1 temp 1 loss 4.96 i_con 4.66 plddt 0.36 ptm 0.87 i_ptm 0.17 energy 4.62
21 models [1] recycles 0 hard 0 soft 1 temp 1 loss 5.60 i_con 5.31 plddt 0.38 ptm 0.88 i_ptm 0.10 energy 4.40
22 models [1] recycles 0 hard 0 soft 1 temp 1 loss 5.67 i_con 5.43 plddt 0.39 ptm 0.88 i_ptm 0.11 energy 3.77
23 models [0] recycles 0 hard 0 soft 1 temp 1 loss 4.84 i_con 4.59 plddt 0.40 ptm 0.87 i_ptm 0.18 energy 3.75
24 models [1] recycles 0 hard 0 soft 1 temp 1 loss 5.55 i_con 5.32 plddt 0.41 ptm 0.88 i_ptm 0.09 energy 3.44
25 models [1] recycles 0 hard 0 soft 1 temp 1 loss 5.17 i_con 4.93 plddt 0.36 ptm 0.88 i_ptm 0.12 energy 3.65
26 models [1] recycles 0 hard 0 soft 1 temp 1 loss 5.40 i_con 5.15 plddt 0.44 ptm 0.88 i_ptm 0.10 energy 3.81
27 models [0] recycles 0 hard 0 soft 1 temp 1 loss 5.10 i_con 4.86 plddt 0.38 ptm 0.87 i_ptm 0.15 energy 3.44
28 models [0] recycles 0 hard 0 soft 1 temp 1 loss 5.02 i_con 4.82 plddt 0.38 ptm 0.87 i_ptm 0.16 energy 2.85
29 models [0] recycles 0 hard 0 soft 1 temp 1 loss 4.80 i_con 4.62 plddt 0.39 ptm 0.87 i_ptm 0.22 energy 2.48
30 models [1] recycles 0 hard 0 soft 1 temp 1 loss 5.29 i_con 5.11 plddt 0.35 ptm 0.88 i_ptm 0.11 energy 2.44
31 models [0] recycles 0 hard 0 soft 1 temp 1 loss 4.71 i_con 4.55 plddt 0.40 ptm 0.87 i_ptm 0.19 energy 2.03
32 models [1] recycles 0 hard 0 soft 1 temp 1 loss 5.39 i_con 5.24 plddt 0.36 ptm 0.88 i_ptm 0.10 energy 1.66
33 models [1] recycles 0 hard 0 soft 1 temp 1 loss 5.27 i_con 5.10 plddt 0.35 ptm 0.88 i_ptm 0.13 energy 1.96
34 models [0] recycles 0 hard 0 soft 1 temp 1 loss 4.61 i_con 4.45 plddt 0.38 ptm 0.87 i_ptm 0.24 energy 1.94
35 models [1] recycles 0 hard 0 soft 1 temp 1 loss 5.09 i_con 4.94 plddt 0.37 ptm 0.88 i_ptm 0.17 energy 1.71
36 models [0] recycles 0 hard 0 soft 1 temp 1 loss 4.67 i_con 4.54 plddt 0.42 ptm 0.87 i_ptm 0.24 energy 1.55
37 models [1] recycles 0 hard 0 soft 1 temp 1 loss 5.24 i_con 5.09 plddt 0.36 ptm 0.88 i_ptm 0.12 energy 1.59
38 models [1] recycles 0 hard 0 soft 1 temp 1 loss 5.02 i_con 4.89 plddt 0.37 ptm 0.88 i_ptm 0.18 energy 1.37
39 models [0] recycles 0 hard 0 soft 1 temp 1 loss 4.60 i_con 4.48 plddt 0.38 ptm 0.87 i_ptm 0.22 energy 1.29
40 models [1] recycles 0 hard 0 soft 1 temp 1 loss 4.78 i_con 4.64 plddt 0.35 ptm 0.89 i_ptm 0.19 energy 1.41
41 models [1] recycles 0 hard 0 soft 1 temp 1 loss 5.16 i_con 5.05 plddt 0.40 ptm 0.88 i_ptm 0.16 energy 0.90
42 models [1] recycles 0 hard 0 soft 1 temp 1 loss 5.01 i_con 4.89 plddt 0.34 ptm 0.88 i_ptm 0.16 energy 1.08
43 models [1] recycles 0 hard 0 soft 1 temp 1 loss 5.35 i_con 5.23 plddt 0.35 ptm 0.88 i_ptm 0.10 energy 1.15
44 models [0] recycles 0 hard 0 soft 1 temp 1 loss 4.53 i_con 4.42 plddt 0.41 ptm 0.87 i_ptm 0.24 energy 0.97
45 models [0] recycles 0 hard 0 soft 1 temp 1 loss 4.69 i_con 4.59 plddt 0.38 ptm 0.87 i_ptm 0.20 energy 0.87
46 models [1] recycles 0 hard 0 soft 1 temp 1 loss 5.30 i_con 5.20 plddt 0.37 ptm 0.88 i_ptm 0.12 energy 0.76
47 models [0] recycles 0 hard 0 soft 1 temp 1 loss 4.58 i_con 4.50 plddt 0.39 ptm 0.87 i_ptm 0.21 energy 0.42
48 models [1] recycles 0 hard 0 soft 1 temp 1 loss 5.02 i_con 4.93 plddt 0.40 ptm 0.88 i_ptm 0.17 energy 0.57
49 models [0] recycles 0 hard 0 soft 1 temp 1 loss 4.80 i_con 4.72 plddt 0.40 ptm 0.87 i_ptm 0.19 energy 0.34
50 models [0] recycles 0 hard 0 soft 1 temp 1 loss 4.72 i_con 4.64 plddt 0.37 ptm 0.87 i_ptm 0.19 energy 0.37
51 models [0] recycles 0 hard 0 soft 1 temp 1 loss 4.57 i_con 4.49 plddt 0.38 ptm 0.87 i_ptm 0.24 energy 0.08
52 models [1] recycles 0 hard 0 soft 1 temp 1 loss 5.01 i_con 5.06 plddt 0.39 ptm 0.88 i_ptm 0.17 energy -0.57
53 models [0] recycles 0 hard 0 soft 1 temp 1 loss 4.51 i_con 4.69 plddt 0.42 ptm 0.87 i_ptm 0.16 energy -1.18
54 models [1] recycles 0 hard 0 soft 1 temp 1 loss 4.64 i_con 4.84 plddt 0.36 ptm 0.88 i_ptm 0.20 energy -1.37
55 models [1] recycles 0 hard 0 soft 1 temp 1 loss 4.77 i_con 5.08 plddt 0.38 ptm 0.88 i_ptm 0.10 energy -1.84
56 models [1] recycles 0 hard 0 soft 1 temp 1 loss 4.69 i_con 4.98 plddt 0.41 ptm 0.88 i_ptm 0.16 energy -1.71
57 models [0] recycles 0 hard 0 soft 1 temp 1 loss 4.34 i_con 4.69 plddt 0.42 ptm 0.87 i_ptm 0.20 energy -2.08
58 models [0] recycles 0 hard 0 soft 1 temp 1 loss 4.28 i_con 4.63 plddt 0.41 ptm 0.87 i_ptm 0.22 energy -2.02
59 models [0] recycles 0 hard 0 soft 1 temp 1 loss 4.05 i_con 4.41 plddt 0.40 ptm 0.87 i_ptm 0.24 energy -2.11
60 models [1] recycles 0 hard 0 soft 1 temp 1 loss 4.73 i_con 5.14 plddt 0.39 ptm 0.88 i_ptm 0.13 energy -2.34
61 models [0] recycles 0 hard 0 soft 1 temp 1 loss 4.07 i_con 4.48 plddt 0.43 ptm 0.87 i_ptm 0.24 energy -2.34
62 models [1] recycles 0 hard 0 soft 1 temp 1 loss 4.44 i_con 4.86 plddt 0.40 ptm 0.89 i_ptm 0.17 energy -2.38
63 models [0] recycles 0 hard 0 soft 1 temp 1 loss 3.90 i_con 4.33 plddt 0.39 ptm 0.87 i_ptm 0.27 energy -2.49
64 models [0] recycles 0 hard 0 soft 1 temp 1 loss 3.82 i_con 4.26 plddt 0.42 ptm 0.87 i_ptm 0.26 energy -2.50
65 models [0] recycles 0 hard 0 soft 1 temp 1 loss 3.83 i_con 4.27 plddt 0.40 ptm 0.87 i_ptm 0.29 energy -2.53
66 models [1] recycles 0 hard 0 soft 1 temp 1 loss 4.13 i_con 4.62 plddt 0.35 ptm 0.88 i_ptm 0.21 energy -2.73
67 models [0] recycles 0 hard 0 soft 1 temp 1 loss 3.83 i_con 4.33 plddt 0.44 ptm 0.87 i_ptm 0.24 energy -2.77
68 models [1] recycles 0 hard 0 soft 1 temp 1 loss 4.37 i_con 4.85 plddt 0.38 ptm 0.88 i_ptm 0.18 energy -2.69
69 models [1] recycles 0 hard 0 soft 1 temp 1 loss 4.13 i_con 4.66 plddt 0.36 ptm 0.89 i_ptm 0.22 energy -2.94
70 models [1] recycles 0 hard 0 soft 1 temp 1 loss 4.40 i_con 4.95 plddt 0.37 ptm 0.88 i_ptm 0.17 energy -3.06
71 models [0] recycles 0 hard 0 soft 1 temp 1 loss 3.61 i_con 4.17 plddt 0.39 ptm 0.87 i_ptm 0.24 energy -3.11
72 models [1] recycles 0 hard 0 soft 1 temp 1 loss 3.92 i_con 4.53 plddt 0.34 ptm 0.89 i_ptm 0.21 energy -3.34
73 models [0] recycles 0 hard 0 soft 1 temp 1 loss 3.66 i_con 4.28 plddt 0.38 ptm 0.87 i_ptm 0.27 energy -3.41
74 models [0] recycles 0 hard 0 soft 1 temp 1 loss 4.02 i_con 4.65 plddt 0.41 ptm 0.87 i_ptm 0.18 energy -3.44
75 models [1] recycles 0 hard 0 soft 1 temp 1 loss 3.82 i_con 4.48 plddt 0.39 ptm 0.88 i_ptm 0.22 energy -3.57
76 models [1] recycles 0 hard 0 soft 1 temp 1 loss 3.54 i_con 4.22 plddt 0.42 ptm 0.89 i_ptm 0.26 energy -3.70
77 models [0] recycles 0 hard 0 soft 1 temp 1 loss 3.29 i_con 4.03 plddt 0.42 ptm 0.87 i_ptm 0.30 energy -3.95
78 models [1] recycles 0 hard 0 soft 1 temp 1 loss 3.54 i_con 4.32 plddt 0.38 ptm 0.89 i_ptm 0.24 energy -4.23
79 models [0] recycles 0 hard 0 soft 1 temp 1 loss 3.24 i_con 4.07 plddt 0.42 ptm 0.87 i_ptm 0.29 energy -4.47
80 models [0] recycles 0 hard 0 soft 1 temp 1 loss 3.24 i_con 4.12 plddt 0.41 ptm 0.87 i_ptm 0.26 energy -4.70
81 models [0] recycles 0 hard 0 soft 1 temp 1 loss 3.16 i_con 4.03 plddt 0.43 ptm 0.87 i_ptm 0.33 energy -4.67
82 models [1] recycles 0 hard 0 soft 1 temp 1 loss 3.59 i_con 4.52 plddt 0.39 ptm 0.88 i_ptm 0.22 energy -4.94
83 models [1] recycles 0 hard 0 soft 1 temp 1 loss 3.22 i_con 4.13 plddt 0.37 ptm 0.89 i_ptm 0.28 energy -4.90
84 models [0] recycles 0 hard 0 soft 1 temp 1 loss 3.19 i_con 4.10 plddt 0.45 ptm 0.87 i_ptm 0.27 energy -4.84
85 models [0] recycles 0 hard 0 soft 1 temp 1 loss 3.08 i_con 4.04 plddt 0.42 ptm 0.87 i_ptm 0.29 energy -5.09
86 models [1] recycles 0 hard 0 soft 1 temp 1 loss 3.35 i_con 4.33 plddt 0.38 ptm 0.88 i_ptm 0.23 energy -5.19
87 models [0] recycles 0 hard 0 soft 1 temp 1 loss 2.99 i_con 3.99 plddt 0.42 ptm 0.87 i_ptm 0.30 energy -5.26
88 models [1] recycles 0 hard 0 soft 1 temp 1 loss 3.25 i_con 4.28 plddt 0.37 ptm 0.88 i_ptm 0.25 energy -5.46
89 models [1] recycles 0 hard 0 soft 1 temp 1 loss 3.22 i_con 4.25 plddt 0.39 ptm 0.89 i_ptm 0.26 energy -5.50
90 models [1] recycles 0 hard 0 soft 1 temp 1 loss 3.14 i_con 4.17 plddt 0.39 ptm 0.89 i_ptm 0.27 energy -5.44
91 models [0] recycles 0 hard 0 soft 1 temp 1 loss 3.11 i_con 4.16 plddt 0.37 ptm 0.87 i_ptm 0.26 energy -5.55
92 models [1] recycles 0 hard 0 soft 1 temp 1 loss 2.93 i_con 3.93 plddt 0.39 ptm 0.89 i_ptm 0.32 energy -5.34
93 models [0] recycles 0 hard 0 soft 1 temp 1 loss 2.96 i_con 4.03 plddt 0.40 ptm 0.87 i_ptm 0.31 energy -5.61
94 models [0] recycles 0 hard 0 soft 1 temp 1 loss 2.92 i_con 4.00 plddt 0.40 ptm 0.87 i_ptm 0.31 energy -5.68
95 models [1] recycles 0 hard 0 soft 1 temp 1 loss 3.00 i_con 4.08 plddt 0.38 ptm 0.89 i_ptm 0.26 energy -5.70
96 models [0] recycles 0 hard 0 soft 1 temp 1 loss 2.92 i_con 4.04 plddt 0.40 ptm 0.87 i_ptm 0.29 energy -5.90
97 models [1] recycles 0 hard 0 soft 1 temp 1 loss 2.93 i_con 4.05 plddt 0.38 ptm 0.89 i_ptm 0.28 energy -5.92
98 models [1] recycles 0 hard 0 soft 1 temp 1 loss 2.91 i_con 4.05 plddt 0.37 ptm 0.89 i_ptm 0.28 energy -6.05
99 models [0] recycles 0 hard 0 soft 1 temp 1 loss 2.76 i_con 3.90 plddt 0.40 ptm 0.87 i_ptm 0.31 energy -6.01
100 models [0] recycles 0 hard 0 soft 1 temp 1 loss 2.90 i_con 4.07 plddt 0.41 ptm 0.87 i_ptm 0.27 energy -6.13
101 models [0] recycles 0 hard 0 soft 0 temp 1 loss 1.53 i_con 7.08 plddt 0.54 ptm 0.86 i_ptm 0.12 energy -27.99
102 models [0] recycles 0 hard 0 soft 0 temp 0.99 loss 0.42 i_con 6.05 plddt 0.50 ptm 0.87 i_ptm 0.12 energy -28.40
103 models [1] recycles 0 hard 0 soft 0 temp 0.98 loss 0.76 i_con 6.43 plddt 0.57 ptm 0.88 i_ptm 0.11 energy -28.53
104 models [1] recycles 0 hard 0 soft 0 temp 0.97 loss -0.06 i_con 5.72 plddt 0.48 ptm 0.88 i_ptm 0.10 energy -29.14
105 models [1] recycles 0 hard 0 soft 0 temp 0.96 loss -1.42 i_con 4.65 plddt 0.39 ptm 0.88 i_ptm 0.20 energy -30.63
106 models [0] recycles 0 hard 0 soft 0 temp 0.95 loss -2.41 i_con 3.84 plddt 0.42 ptm 0.87 i_ptm 0.36 energy -31.53
107 models [0] recycles 0 hard 0 soft 0 temp 0.94 loss -2.86 i_con 3.87 plddt 0.40 ptm 0.88 i_ptm 0.34 energy -33.98
108 models [0] recycles 0 hard 0 soft 0 temp 0.93 loss -3.16 i_con 4.04 plddt 0.44 ptm 0.87 i_ptm 0.28 energy -36.30
109 models [1] recycles 0 hard 0 soft 0 temp 0.92 loss -3.39 i_con 4.30 plddt 0.42 ptm 0.89 i_ptm 0.27 energy -38.74
110 models [0] recycles 0 hard 0 soft 0 temp 0.91 loss -4.12 i_con 3.89 plddt 0.42 ptm 0.87 i_ptm 0.34 energy -40.38
111 models [0] recycles 0 hard 0 soft 0 temp 0.90 loss -4.35 i_con 4.12 plddt 0.43 ptm 0.87 i_ptm 0.29 energy -42.66
112 models [0] recycles 0 hard 0 soft 0 temp 0.89 loss -5.06 i_con 3.83 plddt 0.45 ptm 0.87 i_ptm 0.37 energy -44.76
113 models [0] recycles 0 hard 0 soft 0 temp 0.88 loss -5.39 i_con 3.92 plddt 0.43 ptm 0.87 i_ptm 0.35 energy -46.80
114 models [1] recycles 0 hard 0 soft 0 temp 0.87 loss -5.54 i_con 4.18 plddt 0.41 ptm 0.89 i_ptm 0.27 energy -48.88
115 models [1] recycles 0 hard 0 soft 0 temp 0.86 loss -5.61 i_con 4.31 plddt 0.40 ptm 0.88 i_ptm 0.26 energy -49.90
116 models [1] recycles 0 hard 0 soft 0 temp 0.85 loss -5.96 i_con 4.34 plddt 0.38 ptm 0.89 i_ptm 0.26 energy -51.78
117 models [0] recycles 0 hard 0 soft 0 temp 0.84 loss -6.79 i_con 3.80 plddt 0.43 ptm 0.87 i_ptm 0.36 energy -53.20
118 models [0] recycles 0 hard 0 soft 0 temp 0.83 loss -7.27 i_con 3.75 plddt 0.44 ptm 0.88 i_ptm 0.39 energy -55.39
119 models [1] recycles 0 hard 0 soft 0 temp 0.82 loss -7.37 i_con 4.09 plddt 0.41 ptm 0.89 i_ptm 0.30 energy -57.60
120 models [1] recycles 0 hard 0 soft 0 temp 0.81 loss -8.14 i_con 3.66 plddt 0.44 ptm 0.89 i_ptm 0.36 energy -59.28
121 models [1] recycles 0 hard 0 soft 0 temp 0.80 loss -8.39 i_con 3.83 plddt 0.45 ptm 0.89 i_ptm 0.37 energy -61.39
122 models [0] recycles 0 hard 0 soft 0 temp 0.79 loss -8.74 i_con 3.87 plddt 0.44 ptm 0.88 i_ptm 0.41 energy -63.33
123 models [1] recycles 0 hard 0 soft 0 temp 0.78 loss -9.33 i_con 3.66 plddt 0.49 ptm 0.90 i_ptm 0.45 energy -65.18
124 models [1] recycles 0 hard 0 soft 0 temp 0.77 loss -9.62 i_con 3.76 plddt 0.44 ptm 0.89 i_ptm 0.43 energy -67.16
125 models [0] recycles 0 hard 0 soft 0 temp 0.76 loss -9.90 i_con 3.81 plddt 0.43 ptm 0.87 i_ptm 0.37 energy -68.88
126 models [0] recycles 0 hard 0 soft 0 temp 0.75 loss -10.16 i_con 3.94 plddt 0.45 ptm 0.87 i_ptm 0.37 energy -70.81
127 models [0] recycles 0 hard 0 soft 0 temp 0.74 loss -10.59 i_con 3.92 plddt 0.45 ptm 0.87 i_ptm 0.35 energy -72.81
128 models [0] recycles 0 hard 0 soft 0 temp 0.73 loss -10.93 i_con 3.99 plddt 0.44 ptm 0.87 i_ptm 0.35 energy -74.87
129 models [1] recycles 0 hard 0 soft 0 temp 0.72 loss -11.08 i_con 4.23 plddt 0.38 ptm 0.89 i_ptm 0.26 energy -76.82
130 models [1] recycles 0 hard 0 soft 0 temp 0.71 loss -11.75 i_con 3.86 plddt 0.43 ptm 0.89 i_ptm 0.34 energy -78.32
131 models [0] recycles 0 hard 0 soft 0 temp 0.70 loss -12.17 i_con 3.72 plddt 0.46 ptm 0.88 i_ptm 0.42 energy -79.69
132 models [0] recycles 0 hard 0 soft 0 temp 0.69 loss -12.40 i_con 3.87 plddt 0.43 ptm 0.87 i_ptm 0.34 energy -81.67
133 models [0] recycles 0 hard 0 soft 0 temp 0.68 loss -12.88 i_con 3.80 plddt 0.45 ptm 0.88 i_ptm 0.41 energy -83.71
134 models [0] recycles 0 hard 0 soft 0 temp 0.67 loss -12.84 i_con 4.22 plddt 0.44 ptm 0.87 i_ptm 0.27 energy -85.55
135 models [1] recycles 0 hard 0 soft 0 temp 0.66 loss -13.35 i_con 4.06 plddt 0.42 ptm 0.89 i_ptm 0.29 energy -87.35
136 models [0] recycles 0 hard 0 soft 0 temp 0.65 loss -13.91 i_con 3.88 plddt 0.43 ptm 0.87 i_ptm 0.38 energy -89.20
137 models [0] recycles 0 hard 0 soft 0 temp 0.64 loss -14.07 i_con 4.11 plddt 0.41 ptm 0.87 i_ptm 0.30 energy -91.22
138 models [1] recycles 0 hard 0 soft 0 temp 0.63 loss -14.40 i_con 4.12 plddt 0.43 ptm 0.89 i_ptm 0.30 energy -92.86
139 models [0] recycles 0 hard 0 soft 0 temp 0.62 loss -14.70 i_con 4.13 plddt 0.40 ptm 0.87 i_ptm 0.29 energy -94.43
140 models [1] recycles 0 hard 0 soft 0 temp 0.61 loss -15.19 i_con 4.02 plddt 0.39 ptm 0.89 i_ptm 0.30 energy -96.38
141 models [0] recycles 0 hard 0 soft 0 temp 0.60 loss -15.48 i_con 4.09 plddt 0.41 ptm 0.87 i_ptm 0.29 energy -98.13
142 models [1] recycles 0 hard 0 soft 0 temp 0.59 loss -15.91 i_con 4.08 plddt 0.41 ptm 0.89 i_ptm 0.28 energy -100.25
143 models [1] recycles 0 hard 0 soft 0 temp 0.58 loss -15.94 i_con 4.27 plddt 0.39 ptm 0.88 i_ptm 0.21 energy -101.37
144 models [1] recycles 0 hard 0 soft 0 temp 0.57 loss -16.37 i_con 4.01 plddt 0.42 ptm 0.89 i_ptm 0.28 energy -102.20
145 models [0] recycles 0 hard 0 soft 0 temp 0.56 loss -16.53 i_con 4.28 plddt 0.36 ptm 0.87 i_ptm 0.26 energy -104.33
146 models [1] recycles 0 hard 0 soft 0 temp 0.55 loss -17.13 i_con 3.96 plddt 0.40 ptm 0.89 i_ptm 0.33 energy -105.73
147 models [0] recycles 0 hard 0 soft 0 temp 0.54 loss -17.55 i_con 3.90 plddt 0.42 ptm 0.87 i_ptm 0.30 energy -107.55
148 models [0] recycles 0 hard 0 soft 0 temp 0.53 loss -17.72 i_con 3.96 plddt 0.39 ptm 0.87 i_ptm 0.33 energy -108.71
149 models [0] recycles 0 hard 0 soft 0 temp 0.52 loss -17.85 i_con 4.16 plddt 0.40 ptm 0.87 i_ptm 0.25 energy -110.36
150 models [0] recycles 0 hard 0 soft 0 temp 0.51 loss -18.22 i_con 4.16 plddt 0.39 ptm 0.87 i_ptm 0.28 energy -112.18
151 models [0] recycles 0 hard 0 soft 0 temp 0.50 loss -18.72 i_con 4.04 plddt 0.43 ptm 0.87 i_ptm 0.31 energy -114.12
152 models [1] recycles 0 hard 0 soft 0 temp 0.49 loss -18.85 i_con 4.22 plddt 0.40 ptm 0.88 i_ptm 0.25 energy -115.67
153 models [0] recycles 0 hard 0 soft 0 temp 0.48 loss -19.35 i_con 4.10 plddt 0.37 ptm 0.87 i_ptm 0.29 energy -117.55
154 models [0] recycles 0 hard 0 soft 0 temp 0.47 loss -19.86 i_con 4.02 plddt 0.41 ptm 0.88 i_ptm 0.32 energy -119.70
155 models [1] recycles 0 hard 0 soft 0 temp 0.46 loss -19.80 i_con 4.46 plddt 0.37 ptm 0.88 i_ptm 0.19 energy -121.63
156 models [0] recycles 0 hard 0 soft 0 temp 0.45 loss -20.17 i_con 4.36 plddt 0.36 ptm 0.87 i_ptm 0.23 energy -122.93
157 models [0] recycles 0 hard 0 soft 0 temp 0.44 loss -20.72 i_con 4.18 plddt 0.39 ptm 0.87 i_ptm 0.26 energy -124.79
158 models [0] recycles 0 hard 0 soft 0 temp 0.43 loss -20.96 i_con 4.34 plddt 0.40 ptm 0.87 i_ptm 0.26 energy -126.80
159 models [1] recycles 0 hard 0 soft 0 temp 0.42 loss -21.12 i_con 4.53 plddt 0.33 ptm 0.89 i_ptm 0.17 energy -128.59
160 models [0] recycles 0 hard 0 soft 0 temp 0.41 loss -21.64 i_con 4.35 plddt 0.40 ptm 0.87 i_ptm 0.23 energy -130.24
161 models [1] recycles 0 hard 0 soft 0 temp 0.40 loss -21.63 i_con 4.69 plddt 0.43 ptm 0.88 i_ptm 0.14 energy -131.90
162 models [1] recycles 0 hard 0 soft 0 temp 0.39 loss -22.18 i_con 4.54 plddt 0.41 ptm 0.89 i_ptm 0.18 energy -133.89
163 models [1] recycles 0 hard 0 soft 0 temp 0.38 loss -22.66 i_con 4.35 plddt 0.34 ptm 0.88 i_ptm 0.19 energy -135.35
164 models [1] recycles 0 hard 0 soft 0 temp 0.37 loss -23.24 i_con 4.18 plddt 0.38 ptm 0.89 i_ptm 0.22 energy -137.41
165 models [1] recycles 0 hard 0 soft 0 temp 0.36 loss -23.17 i_con 4.62 plddt 0.36 ptm 0.88 i_ptm 0.18 energy -139.26
166 models [0] recycles 0 hard 0 soft 0 temp 0.35 loss -23.49 i_con 4.64 plddt 0.35 ptm 0.87 i_ptm 0.21 energy -140.99
167 models [1] recycles 0 hard 0 soft 0 temp 0.34 loss -23.84 i_con 4.63 plddt 0.39 ptm 0.88 i_ptm 0.17 energy -142.65
168 models [0] recycles 0 hard 0 soft 0 temp 0.33 loss -24.45 i_con 4.39 plddt 0.35 ptm 0.87 i_ptm 0.25 energy -144.52
169 models [0] recycles 0 hard 0 soft 0 temp 0.32 loss -24.73 i_con 4.40 plddt 0.37 ptm 0.87 i_ptm 0.23 energy -145.94
170 models [0] recycles 0 hard 0 soft 0 temp 0.31 loss -24.78 i_con 4.70 plddt 0.30 ptm 0.87 i_ptm 0.21 energy -147.77
171 models [1] recycles 0 hard 0 soft 0 temp 0.30 loss -25.30 i_con 4.34 plddt 0.34 ptm 0.88 i_ptm 0.21 energy -148.51
172 models [1] recycles 0 hard 0 soft 0 temp 0.29 loss -25.21 i_con 4.80 plddt 0.33 ptm 0.88 i_ptm 0.15 energy -150.40
173 models [0] recycles 0 hard 0 soft 0 temp 0.28 loss -25.88 i_con 4.46 plddt 0.36 ptm 0.87 i_ptm 0.22 energy -152.03
174 models [0] recycles 0 hard 0 soft 0 temp 0.27 loss -26.24 i_con 4.47 plddt 0.36 ptm 0.87 i_ptm 0.25 energy -153.89
175 models [1] recycles 0 hard 0 soft 0 temp 0.26 loss -26.40 i_con 4.65 plddt 0.36 ptm 0.88 i_ptm 0.18 energy -155.58
176 models [1] recycles 0 hard 0 soft 0 temp 0.25 loss -26.68 i_con 4.64 plddt 0.35 ptm 0.88 i_ptm 0.16 energy -156.93
177 models [0] recycles 0 hard 0 soft 0 temp 0.24 loss -27.08 i_con 4.60 plddt 0.33 ptm 0.87 i_ptm 0.27 energy -158.76
178 models [0] recycles 0 hard 0 soft 0 temp 0.23 loss -27.67 i_con 4.29 plddt 0.29 ptm 0.87 i_ptm 0.24 energy -160.17
179 models [1] recycles 0 hard 0 soft 0 temp 0.22 loss -27.60 i_con 4.70 plddt 0.32 ptm 0.88 i_ptm 0.16 energy -161.87
180 models [1] recycles 0 hard 0 soft 0 temp 0.21 loss -27.83 i_con 4.74 plddt 0.32 ptm 0.88 i_ptm 0.16 energy -163.21
181 models [0] recycles 0 hard 0 soft 0 temp 0.20 loss -28.35 i_con 4.56 plddt 0.36 ptm 0.87 i_ptm 0.23 energy -164.85
182 models [0] recycles 0 hard 0 soft 0 temp 0.19 loss -28.37 i_con 4.83 plddt 0.34 ptm 0.87 i_ptm 0.20 energy -166.32
183 models [1] recycles 0 hard 0 soft 0 temp 0.18 loss -28.98 i_con 4.41 plddt 0.32 ptm 0.88 i_ptm 0.19 energy -167.31
184 models [1] recycles 0 hard 0 soft 0 temp 0.17 loss -28.95 i_con 4.86 plddt 0.35 ptm 0.88 i_ptm 0.13 energy -169.34
185 models [0] recycles 0 hard 0 soft 0 temp 0.16 loss -29.45 i_con 4.66 plddt 0.31 ptm 0.87 i_ptm 0.20 energy -170.90
186 models [0] recycles 0 hard 0 soft 0 temp 0.15 loss -29.72 i_con 4.53 plddt 0.27 ptm 0.87 i_ptm 0.23 energy -171.57
187 models [0] recycles 0 hard 0 soft 0 temp 0.14 loss -30.03 i_con 4.59 plddt 0.32 ptm 0.87 i_ptm 0.20 energy -173.42
188 models [1] recycles 0 hard 0 soft 0 temp 0.13 loss -30.10 i_con 4.86 plddt 0.30 ptm 0.88 i_ptm 0.16 energy -175.16
189 models [1] recycles 0 hard 0 soft 0 temp 0.12 loss -30.49 i_con 4.83 plddt 0.30 ptm 0.88 i_ptm 0.15 energy -176.93
190 models [0] recycles 0 hard 0 soft 0 temp 0.11 loss -30.44 i_con 5.16 plddt 0.29 ptm 0.87 i_ptm 0.18 energy -178.31
191 models [1] recycles 0 hard 0 soft 0 temp 0.10 loss -30.46 i_con 5.45 plddt 0.38 ptm 0.88 i_ptm 0.15 energy -179.90
192 models [0] recycles 0 hard 0 soft 0 temp 0.09 loss -31.74 i_con 4.50 plddt 0.34 ptm 0.87 i_ptm 0.26 energy -181.54
193 models [1] recycles 0 hard 0 soft 0 temp 0.08 loss -30.93 i_con 5.63 plddt 0.33 ptm 0.88 i_ptm 0.13 energy -183.15
194 models [1] recycles 0 hard 0 soft 0 temp 0.07 loss -31.49 i_con 5.38 plddt 0.33 ptm 0.88 i_ptm 0.13 energy -184.71
195 models [1] recycles 0 hard 0 soft 0 temp 0.06 loss -31.79 i_con 5.32 plddt 0.35 ptm 0.88 i_ptm 0.12 energy -185.85
196 models [0] recycles 0 hard 0 soft 0 temp 0.05 loss -32.40 i_con 5.02 plddt 0.31 ptm 0.87 i_ptm 0.18 energy -187.44
197 models [0] recycles 0 hard 0 soft 0 temp 0.04 loss -32.56 i_con 5.16 plddt 0.29 ptm 0.87 i_ptm 0.19 energy -188.95
198 models [1] recycles 0 hard 0 soft 0 temp 0.03 loss -32.77 i_con 5.21 plddt 0.29 ptm 0.88 i_ptm 0.14 energy -190.24
199 models [0] recycles 0 hard 0 soft 0 temp 0.02 loss -33.62 i_con 4.69 plddt 0.31 ptm 0.87 i_ptm 0.20 energy -191.90
200 models [0] recycles 0 hard 0 soft 0 temp 0.01 loss -32.86 i_con 5.78 plddt 0.30 ptm 0.87 i_ptm 0.17 energy -193.56
201 models [1] recycles 0 hard 1 soft 0 temp 0.00 loss 3.02 i_con 4.61 plddt 0.31 ptm 0.89 i_ptm 0.16 energy -8.32
202 models [1] recycles 0 hard 1 soft 0 temp 0.00 loss 3.02 i_con 4.61 plddt 0.31 ptm 0.89 i_ptm 0.16 energy -8.32
203 models [0] recycles 0 hard 1 soft 0 temp 0.00 loss 3.00 i_con 4.59 plddt 0.29 ptm 0.87 i_ptm 0.20 energy -8.32
204 models [1] recycles 0 hard 1 soft 0 temp 0.00 loss 3.02 i_con 4.61 plddt 0.31 ptm 0.89 i_ptm 0.16 energy -8.32
205 models [0] recycles 0 hard 1 soft 0 temp 0.00 loss 3.00 i_con 4.59 plddt 0.29 ptm 0.87 i_ptm 0.20 energy -8.32
206 models [0] recycles 0 hard 1 soft 0 temp 0.00 loss 3.00 i_con 4.59 plddt 0.29 ptm 0.87 i_ptm 0.20 energy -8.32
207 models [0] recycles 0 hard 1 soft 0 temp 0.00 loss 3.00 i_con 4.59 plddt 0.29 ptm 0.87 i_ptm 0.20 energy -8.32
208 models [0] recycles 0 hard 1 soft 0 temp 0.00 loss 3.00 i_con 4.59 plddt 0.29 ptm 0.87 i_ptm 0.20 energy -8.32
209 models [0] recycles 0 hard 1 soft 0 temp 0.00 loss 3.00 i_con 4.59 plddt 0.29 ptm 0.87 i_ptm 0.20 energy -8.32
210 models [0] recycles 0 hard 1 soft 0 temp 0.00 loss 3.00 i_con 4.59 plddt 0.29 ptm 0.87 i_ptm 0.20 energy -8.32
211 models [1] recycles 0 hard 1 soft 0 temp 0.00 loss 3.02 i_con 4.61 plddt 0.31 ptm 0.89 i_ptm 0.16 energy -8.32
212 models [0] recycles 0 hard 1 soft 0 temp 0.00 loss 3.00 i_con 4.59 plddt 0.29 ptm 0.87 i_ptm 0.20 energy -8.32
213 models [0] recycles 0 hard 1 soft 0 temp 0.00 loss 3.00 i_con 4.59 plddt 0.29 ptm 0.87 i_ptm 0.20 energy -8.32
214 models [0] recycles 0 hard 1 soft 0 temp 0.00 loss 3.00 i_con 4.59 plddt 0.29 ptm 0.87 i_ptm 0.20 energy -8.32
215 models [1] recycles 0 hard 1 soft 0 temp 0.00 loss 3.02 i_con 4.61 plddt 0.31 ptm 0.89 i_ptm 0.16 energy -8.32
216 models [1] recycles 0 hard 1 soft 0 temp 0.00 loss 3.02 i_con 4.61 plddt 0.31 ptm 0.89 i_ptm 0.16 energy -8.32
217 models [0] recycles 0 hard 1 soft 0 temp 0.00 loss 3.00 i_con 4.59 plddt 0.29 ptm 0.87 i_ptm 0.20 energy -8.32
218 models [0] recycles 0 hard 1 soft 0 temp 0.00 loss 3.00 i_con 4.59 plddt 0.29 ptm 0.87 i_ptm 0.20 energy -8.32
219 models [1] recycles 0 hard 1 soft 0 temp 0.00 loss 3.02 i_con 4.61 plddt 0.31 ptm 0.89 i_ptm 0.16 energy -8.32
220 models [0] recycles 0 hard 1 soft 0 temp 0.00 loss 3.00 i_con 4.59 plddt 0.29 ptm 0.87 i_ptm 0.20 energy -8.32
221 models [0] recycles 0 hard 1 soft 0 temp 0.00 loss 3.00 i_con 4.59 plddt 0.29 ptm 0.87 i_ptm 0.20 energy -8.32
222 models [0] recycles 0 hard 1 soft 0 temp 0.00 loss 3.00 i_con 4.59 plddt 0.29 ptm 0.87 i_ptm 0.20 energy -8.32
223 models [1] recycles 0 hard 1 soft 0 temp 0.00 loss 3.02 i_con 4.61 plddt 0.31 ptm 0.89 i_ptm 0.16 energy -8.32
224 models [0] recycles 0 hard 1 soft 0 temp 0.00 loss 3.00 i_con 4.59 plddt 0.29 ptm 0.87 i_ptm 0.20 energy -8.32
225 models [0] recycles 0 hard 1 soft 0 temp 0.00 loss 3.00 i_con 4.59 plddt 0.29 ptm 0.87 i_ptm 0.20 energy -8.32
226 models [0] recycles 0 hard 1 soft 0 temp 0.00 loss 3.00 i_con 4.59 plddt 0.29 ptm 0.87 i_ptm 0.20 energy -8.32
227 models [0] recycles 0 hard 1 soft 0 temp 0.00 loss 3.00 i_con 4.59 plddt 0.29 ptm 0.87 i_ptm 0.20 energy -8.32
228 models [0] recycles 0 hard 1 soft 0 temp 0.00 loss 3.00 i_con 4.59 plddt 0.29 ptm 0.87 i_ptm 0.20 energy -8.32
229 models [1] recycles 0 hard 1 soft 0 temp 0.00 loss 3.02 i_con 4.61 plddt 0.31 ptm 0.89 i_ptm 0.16 energy -8.32
230 models [0] recycles 0 hard 1 soft 0 temp 0.00 loss 3.00 i_con 4.59 plddt 0.29 ptm 0.87 i_ptm 0.20 energy -8.32
231 models [1] recycles 0 hard 1 soft 0 temp 0.00 loss 3.02 i_con 4.61 plddt 0.31 ptm 0.89 i_ptm 0.16 energy -8.32
232 models [1] recycles 0 hard 1 soft 0 temp 0.00 loss 3.02 i_con 4.61 plddt 0.31 ptm 0.89 i_ptm 0.16 energy -8.32
233 models [1] recycles 0 hard 1 soft 0 temp 0.00 loss 3.02 i_con 4.61 plddt 0.31 ptm 0.89 i_ptm 0.16 energy -8.32
234 models [1] recycles 0 hard 1 soft 0 temp 0.00 loss 3.02 i_con 4.61 plddt 0.31 ptm 0.89 i_ptm 0.16 energy -8.32
235 models [0] recycles 0 hard 1 soft 0 temp 0.00 loss 3.00 i_con 4.59 plddt 0.29 ptm 0.87 i_ptm 0.20 energy -8.32
236 models [1] recycles 0 hard 1 soft 0 temp 0.00 loss 3.02 i_con 4.61 plddt 0.31 ptm 0.89 i_ptm 0.16 energy -8.32
237 models [1] recycles 0 hard 1 soft 0 temp 0.00 loss 3.02 i_con 4.61 plddt 0.31 ptm 0.89 i_ptm 0.16 energy -8.32
238 models [1] recycles 0 hard 1 soft 0 temp 0.00 loss 3.02 i_con 4.61 plddt 0.31 ptm 0.89 i_ptm 0.16 energy -8.32
239 models [0] recycles 0 hard 1 soft 0 temp 0.00 loss 3.00 i_con 4.59 plddt 0.29 ptm 0.87 i_ptm 0.20 energy -8.32
240 models [0] recycles 0 hard 1 soft 0 temp 0.00 loss 3.00 i_con 4.59 plddt 0.29 ptm 0.87 i_ptm 0.20 energy -8.32
241 models [0] recycles 0 hard 1 soft 0 temp 0.00 loss 3.00 i_con 4.59 plddt 0.29 ptm 0.87 i_ptm 0.20 energy -8.32
242 models [1] recycles 0 hard 1 soft 0 temp 0.00 loss 3.02 i_con 4.61 plddt 0.31 ptm 0.89 i_ptm 0.16 energy -8.32
243 models [1] recycles 0 hard 1 soft 0 temp 0.00 loss 3.02 i_con 4.61 plddt 0.31 ptm 0.89 i_ptm 0.16 energy -8.32
244 models [1] recycles 0 hard 1 soft 0 temp 0.00 loss 3.02 i_con 4.61 plddt 0.31 ptm 0.89 i_ptm 0.16 energy -8.32
245 models [1] recycles 0 hard 1 soft 0 temp 0.00 loss 3.02 i_con 4.61 plddt 0.31 ptm 0.89 i_ptm 0.16 energy -8.32
246 models [1] recycles 0 hard 1 soft 0 temp 0.00 loss 3.02 i_con 4.61 plddt 0.31 ptm 0.89 i_ptm 0.16 energy -8.32
247 models [1] recycles 0 hard 1 soft 0 temp 0.00 loss 3.02 i_con 4.61 plddt 0.31 ptm 0.89 i_ptm 0.16 energy -8.32
248 models [1] recycles 0 hard 1 soft 0 temp 0.00 loss 3.02 i_con 4.61 plddt 0.31 ptm 0.89 i_ptm 0.16 energy -8.32
249 models [0] recycles 0 hard 1 soft 0 temp 0.00 loss 3.00 i_con 4.59 plddt 0.29 ptm 0.87 i_ptm 0.20 energy -8.32
250 models [0] recycles 0 hard 1 soft 0 temp 0.00 loss 3.00 i_con 4.59 plddt 0.29 ptm 0.87 i_ptm 0.20 energy -8.32
  seq=AIGGPPEDLNYCLFC  loss=2.9971  loss_af=4.6613  energy=-8.3209  i_ptm=0.2011
[9/10] seed=8 ...
1 models [1] recycles 0 hard 0 soft 1 temp 1 loss 7.92 i_con 7.50 plddt 0.52 ptm 0.88 i_ptm 0.09 energy 7.40
2 models [0] recycles 0 hard 0 soft 1 temp 1 loss 7.95 i_con 7.55 plddt 0.54 ptm 0.87 i_ptm 0.14 energy 6.98
3 models [0] recycles 0 hard 0 soft 1 temp 1 loss 8.07 i_con 7.69 plddt 0.53 ptm 0.86 i_ptm 0.13 energy 6.72
4 models [1] recycles 0 hard 0 soft 1 temp 1 loss 7.80 i_con 7.43 plddt 0.56 ptm 0.88 i_ptm 0.08 energy 6.46
5 models [1] recycles 0 hard 0 soft 1 temp 1 loss 7.32 i_con 6.97 plddt 0.49 ptm 0.88 i_ptm 0.09 energy 5.98
6 models [1] recycles 0 hard 0 soft 1 temp 1 loss 7.28 i_con 6.95 plddt 0.54 ptm 0.88 i_ptm 0.09 energy 5.71
7 models [0] recycles 0 hard 0 soft 1 temp 1 loss 7.24 i_con 6.93 plddt 0.54 ptm 0.86 i_ptm 0.12 energy 5.36
8 models [0] recycles 0 hard 0 soft 1 temp 1 loss 6.07 i_con 5.77 plddt 0.46 ptm 0.86 i_ptm 0.14 energy 5.06
9 models [1] recycles 0 hard 0 soft 1 temp 1 loss 6.33 i_con 6.03 plddt 0.47 ptm 0.88 i_ptm 0.08 energy 4.90
10 models [1] recycles 0 hard 0 soft 1 temp 1 loss 6.55 i_con 6.27 plddt 0.52 ptm 0.88 i_ptm 0.07 energy 4.57
11 models [0] recycles 0 hard 0 soft 1 temp 1 loss 5.43 i_con 5.17 plddt 0.39 ptm 0.86 i_ptm 0.10 energy 4.13
12 models [1] recycles 0 hard 0 soft 1 temp 1 loss 5.97 i_con 5.71 plddt 0.46 ptm 0.88 i_ptm 0.08 energy 4.10
13 models [1] recycles 0 hard 0 soft 1 temp 1 loss 5.40 i_con 5.14 plddt 0.37 ptm 0.88 i_ptm 0.10 energy 3.93
14 models [1] recycles 0 hard 0 soft 1 temp 1 loss 5.59 i_con 5.33 plddt 0.40 ptm 0.88 i_ptm 0.10 energy 4.13
15 models [1] recycles 0 hard 0 soft 1 temp 1 loss 5.90 i_con 5.63 plddt 0.44 ptm 0.88 i_ptm 0.08 energy 4.16
16 models [0] recycles 0 hard 0 soft 1 temp 1 loss 5.10 i_con 4.83 plddt 0.39 ptm 0.87 i_ptm 0.18 energy 4.11
17 models [0] recycles 0 hard 0 soft 1 temp 1 loss 5.04 i_con 4.80 plddt 0.37 ptm 0.87 i_ptm 0.14 energy 3.59
18 models [0] recycles 0 hard 0 soft 1 temp 1 loss 4.62 i_con 4.39 plddt 0.38 ptm 0.87 i_ptm 0.24 energy 3.51
19 models [1] recycles 0 hard 0 soft 1 temp 1 loss 5.12 i_con 4.91 plddt 0.34 ptm 0.88 i_ptm 0.14 energy 2.96
20 models [0] recycles 0 hard 0 soft 1 temp 1 loss 4.87 i_con 4.65 plddt 0.35 ptm 0.87 i_ptm 0.16 energy 3.03
21 models [1] recycles 0 hard 0 soft 1 temp 1 loss 5.61 i_con 5.41 plddt 0.44 ptm 0.88 i_ptm 0.09 energy 3.06
22 models [0] recycles 0 hard 0 soft 1 temp 1 loss 4.89 i_con 4.70 plddt 0.38 ptm 0.87 i_ptm 0.20 energy 2.60
23 models [1] recycles 0 hard 0 soft 1 temp 1 loss 5.48 i_con 5.30 plddt 0.38 ptm 0.88 i_ptm 0.11 energy 2.50
24 models [0] recycles 0 hard 0 soft 1 temp 1 loss 4.77 i_con 4.57 plddt 0.37 ptm 0.87 i_ptm 0.20 energy 2.64
25 models [0] recycles 0 hard 0 soft 1 temp 1 loss 4.76 i_con 4.59 plddt 0.38 ptm 0.87 i_ptm 0.19 energy 2.29
26 models [1] recycles 0 hard 0 soft 1 temp 1 loss 5.11 i_con 4.94 plddt 0.36 ptm 0.88 i_ptm 0.15 energy 2.06
27 models [0] recycles 0 hard 0 soft 1 temp 1 loss 4.49 i_con 4.35 plddt 0.42 ptm 0.87 i_ptm 0.23 energy 1.58
28 models [1] recycles 0 hard 0 soft 1 temp 1 loss 5.34 i_con 5.20 plddt 0.34 ptm 0.88 i_ptm 0.11 energy 1.55
29 models [1] recycles 0 hard 0 soft 1 temp 1 loss 4.61 i_con 4.48 plddt 0.37 ptm 0.88 i_ptm 0.22 energy 1.46
30 models [1] recycles 0 hard 0 soft 1 temp 1 loss 5.10 i_con 4.98 plddt 0.36 ptm 0.88 i_ptm 0.17 energy 1.27
31 models [0] recycles 0 hard 0 soft 1 temp 1 loss 4.37 i_con 4.25 plddt 0.40 ptm 0.87 i_ptm 0.25 energy 1.06
32 models [0] recycles 0 hard 0 soft 1 temp 1 loss 4.33 i_con 4.25 plddt 0.42 ptm 0.87 i_ptm 0.28 energy 0.37
33 models [0] recycles 0 hard 0 soft 1 temp 1 loss 4.31 i_con 4.24 plddt 0.41 ptm 0.87 i_ptm 0.26 energy 0.25
34 models [1] recycles 0 hard 0 soft 1 temp 1 loss 5.04 i_con 4.97 plddt 0.38 ptm 0.88 i_ptm 0.17 energy 0.05
35 models [0] recycles 0 hard 0 soft 1 temp 1 loss 4.63 i_con 4.57 plddt 0.35 ptm 0.87 i_ptm 0.18 energy -0.06
36 models [0] recycles 0 hard 0 soft 1 temp 1 loss 4.31 i_con 4.25 plddt 0.40 ptm 0.87 i_ptm 0.25 energy 0.02
37 models [1] recycles 0 hard 0 soft 1 temp 1 loss 4.77 i_con 4.71 plddt 0.37 ptm 0.88 i_ptm 0.16 energy -0.11
38 models [1] recycles 0 hard 0 soft 1 temp 1 loss 4.66 i_con 4.62 plddt 0.38 ptm 0.89 i_ptm 0.21 energy -0.33
39 models [0] recycles 0 hard 0 soft 1 temp 1 loss 4.56 i_con 4.54 plddt 0.41 ptm 0.87 i_ptm 0.21 energy -0.76
40 models [1] recycles 0 hard 0 soft 1 temp 1 loss 4.97 i_con 4.93 plddt 0.37 ptm 0.88 i_ptm 0.16 energy -0.60
41 models [1] recycles 0 hard 0 soft 1 temp 1 loss 4.55 i_con 4.52 plddt 0.36 ptm 0.88 i_ptm 0.23 energy -0.60
42 models [0] recycles 0 hard 0 soft 1 temp 1 loss 4.53 i_con 4.52 plddt 0.41 ptm 0.87 i_ptm 0.24 energy -1.12
43 models [1] recycles 0 hard 0 soft 1 temp 1 loss 4.59 i_con 4.58 plddt 0.38 ptm 0.88 i_ptm 0.21 energy -0.93
44 models [0] recycles 0 hard 0 soft 1 temp 1 loss 4.20 i_con 4.21 plddt 0.42 ptm 0.87 i_ptm 0.26 energy -1.26
45 models [1] recycles 0 hard 0 soft 1 temp 1 loss 4.63 i_con 4.64 plddt 0.37 ptm 0.88 i_ptm 0.21 energy -1.49
46 models [0] recycles 0 hard 0 soft 1 temp 1 loss 4.55 i_con 4.57 plddt 0.40 ptm 0.87 i_ptm 0.25 energy -1.56
47 models [1] recycles 0 hard 0 soft 1 temp 1 loss 4.54 i_con 4.53 plddt 0.39 ptm 0.88 i_ptm 0.23 energy -1.16
48 models [0] recycles 0 hard 0 soft 1 temp 1 loss 4.31 i_con 4.32 plddt 0.43 ptm 0.87 i_ptm 0.26 energy -1.29
49 models [1] recycles 0 hard 0 soft 1 temp 1 loss 5.04 i_con 5.04 plddt 0.36 ptm 0.88 i_ptm 0.12 energy -1.33
50 models [0] recycles 0 hard 0 soft 1 temp 1 loss 4.25 i_con 4.28 plddt 0.41 ptm 0.87 i_ptm 0.25 energy -1.65
51 models [1] recycles 0 hard 0 soft 1 temp 1 loss 4.38 i_con 4.67 plddt 0.36 ptm 0.89 i_ptm 0.21 energy -1.77
52 models [1] recycles 0 hard 0 soft 1 temp 1 loss 4.47 i_con 4.84 plddt 0.37 ptm 0.89 i_ptm 0.21 energy -2.14
53 models [1] recycles 0 hard 0 soft 1 temp 1 loss 3.92 i_con 4.27 plddt 0.39 ptm 0.89 i_ptm 0.27 energy -2.05
54 models [1] recycles 0 hard 0 soft 1 temp 1 loss 4.07 i_con 4.47 plddt 0.38 ptm 0.88 i_ptm 0.22 energy -2.31
55 models [0] recycles 0 hard 0 soft 1 temp 1 loss 4.06 i_con 4.49 plddt 0.39 ptm 0.87 i_ptm 0.25 energy -2.47
56 models [0] recycles 0 hard 0 soft 1 temp 1 loss 4.09 i_con 4.52 plddt 0.41 ptm 0.87 i_ptm 0.24 energy -2.40
57 models [0] recycles 0 hard 0 soft 1 temp 1 loss 3.66 i_con 4.10 plddt 0.42 ptm 0.87 i_ptm 0.30 energy -2.47
58 models [1] recycles 0 hard 0 soft 1 temp 1 loss 3.97 i_con 4.41 plddt 0.35 ptm 0.89 i_ptm 0.25 energy -2.52
59 models [0] recycles 0 hard 0 soft 1 temp 1 loss 3.64 i_con 4.11 plddt 0.41 ptm 0.87 i_ptm 0.32 energy -2.66
60 models [1] recycles 0 hard 0 soft 1 temp 1 loss 4.21 i_con 4.67 plddt 0.37 ptm 0.88 i_ptm 0.22 energy -2.62
61 models [0] recycles 0 hard 0 soft 1 temp 1 loss 3.62 i_con 4.12 plddt 0.45 ptm 0.87 i_ptm 0.28 energy -2.74
62 models [1] recycles 0 hard 0 soft 1 temp 1 loss 4.05 i_con 4.56 plddt 0.38 ptm 0.89 i_ptm 0.24 energy -2.87
63 models [1] recycles 0 hard 0 soft 1 temp 1 loss 3.83 i_con 4.36 plddt 0.42 ptm 0.88 i_ptm 0.26 energy -2.92
64 models [1] recycles 0 hard 0 soft 1 temp 1 loss 3.71 i_con 4.22 plddt 0.38 ptm 0.89 i_ptm 0.26 energy -2.84
65 models [1] recycles 0 hard 0 soft 1 temp 1 loss 3.89 i_con 4.44 plddt 0.37 ptm 0.88 i_ptm 0.28 energy -3.05
66 models [0] recycles 0 hard 0 soft 1 temp 1 loss 3.89 i_con 4.46 plddt 0.44 ptm 0.87 i_ptm 0.23 energy -3.12
67 models [1] recycles 0 hard 0 soft 1 temp 1 loss 3.68 i_con 4.26 plddt 0.39 ptm 0.89 i_ptm 0.29 energy -3.21
68 models [1] recycles 0 hard 0 soft 1 temp 1 loss 3.76 i_con 4.36 plddt 0.38 ptm 0.89 i_ptm 0.26 energy -3.29
69 models [0] recycles 0 hard 0 soft 1 temp 1 loss 3.85 i_con 4.44 plddt 0.41 ptm 0.87 i_ptm 0.26 energy -3.25
70 models [0] recycles 0 hard 0 soft 1 temp 1 loss 3.53 i_con 4.14 plddt 0.41 ptm 0.87 i_ptm 0.29 energy -3.37
71 models [0] recycles 0 hard 0 soft 1 temp 1 loss 3.60 i_con 4.22 plddt 0.44 ptm 0.87 i_ptm 0.29 energy -3.35
72 models [0] recycles 0 hard 0 soft 1 temp 1 loss 3.67 i_con 4.29 plddt 0.42 ptm 0.87 i_ptm 0.29 energy -3.38
73 models [0] recycles 0 hard 0 soft 1 temp 1 loss 3.50 i_con 4.16 plddt 0.40 ptm 0.87 i_ptm 0.27 energy -3.62
74 models [1] recycles 0 hard 0 soft 1 temp 1 loss 3.62 i_con 4.34 plddt 0.38 ptm 0.89 i_ptm 0.26 energy -3.88
75 models [1] recycles 0 hard 0 soft 1 temp 1 loss 3.29 i_con 3.99 plddt 0.44 ptm 0.89 i_ptm 0.33 energy -3.74
76 models [0] recycles 0 hard 0 soft 1 temp 1 loss 3.09 i_con 3.85 plddt 0.44 ptm 0.88 i_ptm 0.36 energy -4.08
77 models [0] recycles 0 hard 0 soft 1 temp 1 loss 3.73 i_con 4.55 plddt 0.43 ptm 0.87 i_ptm 0.24 energy -4.40
78 models [1] recycles 0 hard 0 soft 1 temp 1 loss 3.45 i_con 4.23 plddt 0.40 ptm 0.88 i_ptm 0.27 energy -4.23
79 models [0] recycles 0 hard 0 soft 1 temp 1 loss 3.16 i_con 3.94 plddt 0.42 ptm 0.87 i_ptm 0.34 energy -4.19
80 models [0] recycles 0 hard 0 soft 1 temp 1 loss 3.32 i_con 4.14 plddt 0.45 ptm 0.87 i_ptm 0.29 energy -4.39
81 models [0] recycles 0 hard 0 soft 1 temp 1 loss 3.24 i_con 4.04 plddt 0.40 ptm 0.87 i_ptm 0.31 energy -4.32
82 models [0] recycles 0 hard 0 soft 1 temp 1 loss 3.21 i_con 4.05 plddt 0.38 ptm 0.87 i_ptm 0.30 energy -4.48
83 models [0] recycles 0 hard 0 soft 1 temp 1 loss 3.10 i_con 3.94 plddt 0.42 ptm 0.87 i_ptm 0.35 energy -4.50
84 models [1] recycles 0 hard 0 soft 1 temp 1 loss 3.25 i_con 4.11 plddt 0.39 ptm 0.89 i_ptm 0.29 energy -4.63
85 models [0] recycles 0 hard 0 soft 1 temp 1 loss 3.02 i_con 3.90 plddt 0.45 ptm 0.88 i_ptm 0.36 energy -4.67
86 models [0] recycles 0 hard 0 soft 1 temp 1 loss 3.11 i_con 3.99 plddt 0.43 ptm 0.87 i_ptm 0.31 energy -4.67
87 models [0] recycles 0 hard 0 soft 1 temp 1 loss 3.14 i_con 4.01 plddt 0.43 ptm 0.87 i_ptm 0.33 energy -4.65
88 models [0] recycles 0 hard 0 soft 1 temp 1 loss 3.12 i_con 4.03 plddt 0.45 ptm 0.87 i_ptm 0.33 energy -4.82
89 models [1] recycles 0 hard 0 soft 1 temp 1 loss 3.31 i_con 4.21 plddt 0.40 ptm 0.89 i_ptm 0.29 energy -4.81
90 models [1] recycles 0 hard 0 soft 1 temp 1 loss 3.21 i_con 4.13 plddt 0.40 ptm 0.89 i_ptm 0.29 energy -4.88
91 models [0] recycles 0 hard 0 soft 1 temp 1 loss 3.02 i_con 3.95 plddt 0.45 ptm 0.88 i_ptm 0.35 energy -4.94
92 models [1] recycles 0 hard 0 soft 1 temp 1 loss 3.13 i_con 4.08 plddt 0.40 ptm 0.89 i_ptm 0.31 energy -5.06
93 models [0] recycles 0 hard 0 soft 1 temp 1 loss 3.01 i_con 4.00 plddt 0.41 ptm 0.87 i_ptm 0.35 energy -5.24
94 models [1] recycles 0 hard 0 soft 1 temp 1 loss 3.26 i_con 4.22 plddt 0.39 ptm 0.89 i_ptm 0.28 energy -5.11
95 models [1] recycles 0 hard 0 soft 1 temp 1 loss 3.15 i_con 4.13 plddt 0.40 ptm 0.89 i_ptm 0.29 energy -5.20
96 models [0] recycles 0 hard 0 soft 1 temp 1 loss 3.05 i_con 4.02 plddt 0.43 ptm 0.87 i_ptm 0.33 energy -5.14
97 models [1] recycles 0 hard 0 soft 1 temp 1 loss 3.16 i_con 4.14 plddt 0.41 ptm 0.89 i_ptm 0.31 energy -5.20
98 models [0] recycles 0 hard 0 soft 1 temp 1 loss 3.00 i_con 4.02 plddt 0.44 ptm 0.87 i_ptm 0.33 energy -5.37
99 models [1] recycles 0 hard 0 soft 1 temp 1 loss 3.22 i_con 4.20 plddt 0.38 ptm 0.89 i_ptm 0.28 energy -5.22
100 models [1] recycles 0 hard 0 soft 1 temp 1 loss 3.21 i_con 4.17 plddt 0.39 ptm 0.89 i_ptm 0.28 energy -5.14
101 models [0] recycles 0 hard 0 soft 0 temp 1 loss 3.06 i_con 8.09 plddt 0.52 ptm 0.87 i_ptm 0.14 energy -25.40
102 models [0] recycles 0 hard 0 soft 0 temp 0.99 loss 2.41 i_con 7.81 plddt 0.54 ptm 0.86 i_ptm 0.15 energy -27.26
103 models [0] recycles 0 hard 0 soft 0 temp 0.98 loss 1.72 i_con 7.47 plddt 0.61 ptm 0.86 i_ptm 0.13 energy -28.94
104 models [1] recycles 0 hard 0 soft 0 temp 0.97 loss 0.99 i_con 7.07 plddt 0.52 ptm 0.88 i_ptm 0.09 energy -30.61
105 models [1] recycles 0 hard 0 soft 0 temp 0.96 loss 0.52 i_con 6.79 plddt 0.60 ptm 0.88 i_ptm 0.10 energy -31.54
106 models [0] recycles 0 hard 0 soft 0 temp 0.95 loss -2.11 i_con 4.40 plddt 0.49 ptm 0.87 i_ptm 0.30 energy -32.83
107 models [0] recycles 0 hard 0 soft 0 temp 0.94 loss -2.40 i_con 4.39 plddt 0.50 ptm 0.87 i_ptm 0.32 energy -34.20
108 models [0] recycles 0 hard 0 soft 0 temp 0.93 loss -3.08 i_con 4.07 plddt 0.48 ptm 0.87 i_ptm 0.39 energy -35.98
109 models [1] recycles 0 hard 0 soft 0 temp 0.92 loss -2.54 i_con 4.99 plddt 0.43 ptm 0.88 i_ptm 0.15 energy -37.91
110 models [1] recycles 0 hard 0 soft 0 temp 0.91 loss -3.45 i_con 4.26 plddt 0.46 ptm 0.89 i_ptm 0.29 energy -38.82
111 models [0] recycles 0 hard 0 soft 0 temp 0.90 loss -3.94 i_con 3.85 plddt 0.45 ptm 0.88 i_ptm 0.39 energy -39.23
112 models [0] recycles 0 hard 0 soft 0 temp 0.89 loss -4.37 i_con 3.87 plddt 0.48 ptm 0.87 i_ptm 0.44 energy -41.45
113 models [0] recycles 0 hard 0 soft 0 temp 0.88 loss -4.84 i_con 3.82 plddt 0.49 ptm 0.88 i_ptm 0.48 energy -43.54
114 models [0] recycles 0 hard 0 soft 0 temp 0.87 loss -5.41 i_con 3.67 plddt 0.47 ptm 0.88 i_ptm 0.47 energy -45.70
115 models [1] recycles 0 hard 0 soft 0 temp 0.86 loss -5.56 i_con 3.94 plddt 0.44 ptm 0.89 i_ptm 0.34 energy -47.78
116 models [1] recycles 0 hard 0 soft 0 temp 0.85 loss -5.59 i_con 4.34 plddt 0.42 ptm 0.88 i_ptm 0.26 energy -49.90
117 models [0] recycles 0 hard 0 soft 0 temp 0.84 loss -6.45 i_con 3.74 plddt 0.48 ptm 0.88 i_ptm 0.45 energy -51.19
118 models [0] recycles 0 hard 0 soft 0 temp 0.83 loss -6.77 i_con 3.84 plddt 0.48 ptm 0.88 i_ptm 0.43 energy -53.31
119 models [1] recycles 0 hard 0 soft 0 temp 0.82 loss -6.38 i_con 4.63 plddt 0.39 ptm 0.88 i_ptm 0.23 energy -55.37
120 models [0] recycles 0 hard 0 soft 0 temp 0.81 loss -7.49 i_con 3.80 plddt 0.46 ptm 0.88 i_ptm 0.42 energy -56.71
121 models [1] recycles 0 hard 0 soft 0 temp 0.80 loss -7.60 i_con 4.03 plddt 0.42 ptm 0.89 i_ptm 0.32 energy -58.44
122 models [0] recycles 0 hard 0 soft 0 temp 0.79 loss -8.10 i_con 3.96 plddt 0.44 ptm 0.87 i_ptm 0.34 energy -60.60
123 models [1] recycles 0 hard 0 soft 0 temp 0.78 loss -8.68 i_con 3.79 plddt 0.46 ptm 0.89 i_ptm 0.39 energy -62.63
124 models [0] recycles 0 hard 0 soft 0 temp 0.77 loss -8.89 i_con 3.98 plddt 0.44 ptm 0.88 i_ptm 0.33 energy -64.63
125 models [0] recycles 0 hard 0 soft 0 temp 0.76 loss -9.12 i_con 4.15 plddt 0.43 ptm 0.87 i_ptm 0.31 energy -66.65
126 models [0] recycles 0 hard 0 soft 0 temp 0.75 loss -9.78 i_con 3.88 plddt 0.45 ptm 0.87 i_ptm 0.35 energy -68.62
127 models [0] recycles 0 hard 0 soft 0 temp 0.74 loss -10.09 i_con 3.98 plddt 0.44 ptm 0.87 i_ptm 0.35 energy -70.60
128 models [0] recycles 0 hard 0 soft 0 temp 0.73 loss -10.51 i_con 3.94 plddt 0.42 ptm 0.87 i_ptm 0.34 energy -72.55
129 models [1] recycles 0 hard 0 soft 0 temp 0.72 loss -10.87 i_con 4.01 plddt 0.44 ptm 0.89 i_ptm 0.30 energy -74.67
130 models [0] recycles 0 hard 0 soft 0 temp 0.71 loss -11.30 i_con 3.97 plddt 0.44 ptm 0.87 i_ptm 0.33 energy -76.66
131 models [1] recycles 0 hard 0 soft 0 temp 0.70 loss -11.46 i_con 4.23 plddt 0.41 ptm 0.89 i_ptm 0.29 energy -78.75
132 models [1] recycles 0 hard 0 soft 0 temp 0.69 loss -11.97 i_con 4.06 plddt 0.41 ptm 0.89 i_ptm 0.31 energy -80.48
133 models [1] recycles 0 hard 0 soft 0 temp 0.68 loss -12.52 i_con 3.88 plddt 0.47 ptm 0.89 i_ptm 0.40 energy -82.27
134 models [0] recycles 0 hard 0 soft 0 temp 0.67 loss -12.75 i_con 4.00 plddt 0.45 ptm 0.87 i_ptm 0.36 energy -84.01
135 models [1] recycles 0 hard 0 soft 0 temp 0.66 loss -13.01 i_con 4.13 plddt 0.45 ptm 0.89 i_ptm 0.32 energy -85.95
136 models [1] recycles 0 hard 0 soft 0 temp 0.65 loss -13.44 i_con 4.05 plddt 0.40 ptm 0.89 i_ptm 0.30 energy -87.74
137 models [1] recycles 0 hard 0 soft 0 temp 0.64 loss -13.59 i_con 4.28 plddt 0.39 ptm 0.89 i_ptm 0.28 energy -89.69
138 models [0] recycles 0 hard 0 soft 0 temp 0.63 loss -13.92 i_con 4.27 plddt 0.40 ptm 0.87 i_ptm 0.27 energy -91.22
139 models [1] recycles 0 hard 0 soft 0 temp 0.62 loss -14.47 i_con 4.11 plddt 0.41 ptm 0.89 i_ptm 0.29 energy -93.23
140 models [0] recycles 0 hard 0 soft 0 temp 0.61 loss -14.86 i_con 4.07 plddt 0.41 ptm 0.87 i_ptm 0.31 energy -94.91
141 models [0] recycles 0 hard 0 soft 0 temp 0.60 loss -14.98 i_con 4.34 plddt 0.43 ptm 0.87 i_ptm 0.31 energy -96.88
142 models [0] recycles 0 hard 0 soft 0 temp 0.59 loss -15.52 i_con 4.14 plddt 0.36 ptm 0.87 i_ptm 0.28 energy -98.61
143 models [0] recycles 0 hard 0 soft 0 temp 0.58 loss -15.75 i_con 4.34 plddt 0.41 ptm 0.87 i_ptm 0.26 energy -100.77
144 models [0] recycles 0 hard 0 soft 0 temp 0.57 loss -16.43 i_con 4.03 plddt 0.42 ptm 0.87 i_ptm 0.32 energy -102.60
145 models [0] recycles 0 hard 0 soft 0 temp 0.56 loss -16.71 i_con 4.16 plddt 0.40 ptm 0.87 i_ptm 0.29 energy -104.62
146 models [1] recycles 0 hard 0 soft 0 temp 0.55 loss -16.67 i_con 4.57 plddt 0.35 ptm 0.89 i_ptm 0.20 energy -106.52
147 models [0] recycles 0 hard 0 soft 0 temp 0.54 loss -17.70 i_con 3.86 plddt 0.42 ptm 0.87 i_ptm 0.36 energy -108.11
148 models [1] recycles 0 hard 0 soft 0 temp 0.53 loss -17.61 i_con 4.34 plddt 0.38 ptm 0.89 i_ptm 0.24 energy -110.07
149 models [1] recycles 0 hard 0 soft 0 temp 0.52 loss -17.56 i_con 4.76 plddt 0.38 ptm 0.88 i_ptm 0.18 energy -111.94
150 models [1] recycles 0 hard 0 soft 0 temp 0.51 loss -18.21 i_con 4.48 plddt 0.39 ptm 0.88 i_ptm 0.23 energy -113.78
151 models [1] recycles 0 hard 0 soft 0 temp 0.50 loss -18.51 i_con 4.52 plddt 0.35 ptm 0.88 i_ptm 0.18 energy -115.45
152 models [1] recycles 0 hard 0 soft 0 temp 0.49 loss -18.72 i_con 4.70 plddt 0.36 ptm 0.88 i_ptm 0.16 energy -117.41
153 models [0] recycles 0 hard 0 soft 0 temp 0.48 loss -19.49 i_con 4.36 plddt 0.38 ptm 0.87 i_ptm 0.25 energy -119.59
154 models [1] recycles 0 hard 0 soft 0 temp 0.47 loss -19.55 i_con 4.66 plddt 0.32 ptm 0.88 i_ptm 0.15 energy -121.39
155 models [1] recycles 0 hard 0 soft 0 temp 0.46 loss -19.88 i_con 4.68 plddt 0.37 ptm 0.88 i_ptm 0.17 energy -123.11
156 models [0] recycles 0 hard 0 soft 0 temp 0.45 loss -20.29 i_con 4.62 plddt 0.38 ptm 0.87 i_ptm 0.20 energy -124.88
157 models [0] recycles 0 hard 0 soft 0 temp 0.44 loss -20.37 i_con 4.90 plddt 0.40 ptm 0.86 i_ptm 0.18 energy -126.66
158 models [0] recycles 0 hard 0 soft 0 temp 0.43 loss -21.21 i_con 4.40 plddt 0.37 ptm 0.87 i_ptm 0.23 energy -128.41
159 models [0] recycles 0 hard 0 soft 0 temp 0.42 loss -21.57 i_con 4.39 plddt 0.36 ptm 0.87 i_ptm 0.23 energy -130.15
160 models [1] recycles 0 hard 0 soft 0 temp 0.41 loss -21.73 i_con 4.62 plddt 0.40 ptm 0.89 i_ptm 0.16 energy -132.04
161 models [1] recycles 0 hard 0 soft 0 temp 0.40 loss -21.82 i_con 4.89 plddt 0.42 ptm 0.88 i_ptm 0.12 energy -133.85
162 models [0] recycles 0 hard 0 soft 0 temp 0.39 loss -22.47 i_con 4.49 plddt 0.39 ptm 0.87 i_ptm 0.22 energy -135.12
163 models [0] recycles 0 hard 0 soft 0 temp 0.38 loss -22.61 i_con 4.53 plddt 0.37 ptm 0.87 i_ptm 0.24 energy -136.01
164 models [0] recycles 0 hard 0 soft 0 temp 0.37 loss -23.18 i_con 4.33 plddt 0.38 ptm 0.87 i_ptm 0.23 energy -137.86
165 models [1] recycles 0 hard 0 soft 0 temp 0.36 loss -23.37 i_con 4.53 plddt 0.34 ptm 0.88 i_ptm 0.18 energy -139.83
166 models [1] recycles 0 hard 0 soft 0 temp 0.35 loss -23.81 i_con 4.44 plddt 0.36 ptm 0.88 i_ptm 0.20 energy -141.55
167 models [0] recycles 0 hard 0 soft 0 temp 0.34 loss -23.86 i_con 4.79 plddt 0.36 ptm 0.87 i_ptm 0.19 energy -143.53
168 models [0] recycles 0 hard 0 soft 0 temp 0.33 loss -24.02 i_con 4.89 plddt 0.34 ptm 0.87 i_ptm 0.19 energy -144.87
169 models [0] recycles 0 hard 0 soft 0 temp 0.32 loss -24.04 i_con 5.17 plddt 0.33 ptm 0.86 i_ptm 0.14 energy -146.37
170 models [1] recycles 0 hard 0 soft 0 temp 0.31 loss -24.31 i_con 5.18 plddt 0.32 ptm 0.88 i_ptm 0.12 energy -147.82
171 models [1] recycles 0 hard 0 soft 0 temp 0.30 loss -25.06 i_con 4.77 plddt 0.33 ptm 0.88 i_ptm 0.13 energy -149.49
172 models [1] recycles 0 hard 0 soft 0 temp 0.29 loss -25.52 i_con 4.60 plddt 0.40 ptm 0.88 i_ptm 0.15 energy -150.94
173 models [0] recycles 0 hard 0 soft 0 temp 0.28 loss -25.78 i_con 4.55 plddt 0.38 ptm 0.87 i_ptm 0.21 energy -151.96
174 models [1] recycles 0 hard 0 soft 0 temp 0.27 loss -25.98 i_con 4.62 plddt 0.34 ptm 0.88 i_ptm 0.17 energy -153.28
175 models [1] recycles 0 hard 0 soft 0 temp 0.26 loss -26.53 i_con 4.45 plddt 0.36 ptm 0.88 i_ptm 0.20 energy -155.23
176 models [1] recycles 0 hard 0 soft 0 temp 0.25 loss -26.17 i_con 5.02 plddt 0.30 ptm 0.88 i_ptm 0.14 energy -156.28
177 models [1] recycles 0 hard 0 soft 0 temp 0.24 loss -26.73 i_con 4.60 plddt 0.36 ptm 0.88 i_ptm 0.20 energy -156.94
178 models [0] recycles 0 hard 0 soft 0 temp 0.23 loss -26.44 i_con 5.18 plddt 0.36 ptm 0.86 i_ptm 0.15 energy -158.43
179 models [1] recycles 0 hard 0 soft 0 temp 0.22 loss -27.01 i_con 4.86 plddt 0.34 ptm 0.88 i_ptm 0.16 energy -159.68
180 models [0] recycles 0 hard 0 soft 0 temp 0.21 loss -27.11 i_con 5.13 plddt 0.32 ptm 0.87 i_ptm 0.17 energy -161.53
181 models [1] recycles 0 hard 0 soft 0 temp 0.20 loss -27.91 i_con 4.70 plddt 0.31 ptm 0.88 i_ptm 0.13 energy -163.40
182 models [0] recycles 0 hard 0 soft 0 temp 0.19 loss -27.75 i_con 5.17 plddt 0.32 ptm 0.86 i_ptm 0.15 energy -164.92
183 models [0] recycles 0 hard 0 soft 0 temp 0.18 loss -27.19 i_con 5.95 plddt 0.37 ptm 0.87 i_ptm 0.16 energy -165.98
184 models [0] recycles 0 hard 0 soft 0 temp 0.17 loss -28.10 i_con 5.30 plddt 0.31 ptm 0.86 i_ptm 0.16 energy -167.35
185 models [1] recycles 0 hard 0 soft 0 temp 0.16 loss -28.51 i_con 5.23 plddt 0.35 ptm 0.88 i_ptm 0.13 energy -169.03
186 models [0] recycles 0 hard 0 soft 0 temp 0.15 loss -28.53 i_con 5.52 plddt 0.32 ptm 0.87 i_ptm 0.18 energy -170.59
187 models [0] recycles 0 hard 0 soft 0 temp 0.14 loss -29.11 i_con 5.24 plddt 0.32 ptm 0.87 i_ptm 0.16 energy -172.09
188 models [1] recycles 0 hard 0 soft 0 temp 0.13 loss -30.05 i_con 4.54 plddt 0.30 ptm 0.88 i_ptm 0.18 energy -173.27
189 models [0] recycles 0 hard 0 soft 0 temp 0.12 loss -29.01 i_con 5.92 plddt 0.33 ptm 0.86 i_ptm 0.13 energy -174.99
190 models [0] recycles 0 hard 0 soft 0 temp 0.11 loss -29.07 i_con 6.19 plddt 0.34 ptm 0.87 i_ptm 0.16 energy -176.61
191 models [0] recycles 0 hard 0 soft 0 temp 0.10 loss -30.57 i_con 5.06 plddt 0.32 ptm 0.86 i_ptm 0.15 energy -178.50
192 models [1] recycles 0 hard 0 soft 0 temp 0.09 loss -30.76 i_con 5.24 plddt 0.30 ptm 0.88 i_ptm 0.12 energy -180.33
193 models [1] recycles 0 hard 0 soft 0 temp 0.08 loss -31.14 i_con 5.15 plddt 0.40 ptm 0.88 i_ptm 0.12 energy -181.76
194 models [1] recycles 0 hard 0 soft 0 temp 0.07 loss -30.76 i_con 5.79 plddt 0.39 ptm 0.88 i_ptm 0.13 energy -183.03
195 models [0] recycles 0 hard 0 soft 0 temp 0.06 loss -30.93 i_con 5.91 plddt 0.31 ptm 0.86 i_ptm 0.14 energy -184.53
196 models [1] recycles 0 hard 0 soft 0 temp 0.05 loss -32.36 i_con 4.73 plddt 0.32 ptm 0.88 i_ptm 0.18 energy -185.78
197 models [0] recycles 0 hard 0 soft 0 temp 0.04 loss -31.47 i_con 5.89 plddt 0.36 ptm 0.87 i_ptm 0.14 energy -187.12
198 models [0] recycles 0 hard 0 soft 0 temp 0.03 loss -31.75 i_con 5.95 plddt 0.34 ptm 0.86 i_ptm 0.13 energy -188.85
199 models [1] recycles 0 hard 0 soft 0 temp 0.02 loss -32.53 i_con 5.35 plddt 0.34 ptm 0.88 i_ptm 0.15 energy -189.70
200 models [0] recycles 0 hard 0 soft 0 temp 0.01 loss -32.33 i_con 5.90 plddt 0.31 ptm 0.87 i_ptm 0.15 energy -191.52
201 models [0] recycles 0 hard 1 soft 0 temp 0.00 loss 2.63 i_con 4.02 plddt 0.37 ptm 0.88 i_ptm 0.30 energy -7.26
202 models [0] recycles 0 hard 1 soft 0 temp 0.00 loss 2.63 i_con 4.02 plddt 0.37 ptm 0.88 i_ptm 0.30 energy -7.26
203 models [0] recycles 0 hard 1 soft 0 temp 0.00 loss 2.63 i_con 4.02 plddt 0.37 ptm 0.88 i_ptm 0.30 energy -7.26
204 models [1] recycles 0 hard 1 soft 0 temp 0.00 loss 2.48 i_con 3.87 plddt 0.39 ptm 0.90 i_ptm 0.44 energy -7.26
205 models [1] recycles 0 hard 1 soft 0 temp 0.00 loss 2.48 i_con 3.87 plddt 0.39 ptm 0.90 i_ptm 0.44 energy -7.26
206 models [0] recycles 0 hard 1 soft 0 temp 0.00 loss 2.63 i_con 4.02 plddt 0.37 ptm 0.88 i_ptm 0.30 energy -7.26
207 models [0] recycles 0 hard 1 soft 0 temp 0.00 loss 2.63 i_con 4.02 plddt 0.37 ptm 0.88 i_ptm 0.30 energy -7.26
208 models [0] recycles 0 hard 1 soft 0 temp 0.00 loss 2.63 i_con 4.02 plddt 0.37 ptm 0.88 i_ptm 0.30 energy -7.26
209 models [1] recycles 0 hard 1 soft 0 temp 0.00 loss 2.48 i_con 3.87 plddt 0.39 ptm 0.90 i_ptm 0.44 energy -7.26
210 models [1] recycles 0 hard 1 soft 0 temp 0.00 loss 2.48 i_con 3.87 plddt 0.39 ptm 0.90 i_ptm 0.44 energy -7.26
211 models [0] recycles 0 hard 1 soft 0 temp 0.00 loss 2.63 i_con 4.02 plddt 0.37 ptm 0.88 i_ptm 0.30 energy -7.26
212 models [0] recycles 0 hard 1 soft 0 temp 0.00 loss 2.63 i_con 4.02 plddt 0.37 ptm 0.88 i_ptm 0.30 energy -7.26
213 models [0] recycles 0 hard 1 soft 0 temp 0.00 loss 2.63 i_con 4.02 plddt 0.37 ptm 0.88 i_ptm 0.30 energy -7.26
214 models [0] recycles 0 hard 1 soft 0 temp 0.00 loss 2.63 i_con 4.02 plddt 0.37 ptm 0.88 i_ptm 0.30 energy -7.26
215 models [0] recycles 0 hard 1 soft 0 temp 0.00 loss 2.63 i_con 4.02 plddt 0.37 ptm 0.88 i_ptm 0.30 energy -7.26
216 models [0] recycles 0 hard 1 soft 0 temp 0.00 loss 2.63 i_con 4.02 plddt 0.37 ptm 0.88 i_ptm 0.30 energy -7.26
217 models [1] recycles 0 hard 1 soft 0 temp 0.00 loss 2.48 i_con 3.87 plddt 0.39 ptm 0.90 i_ptm 0.44 energy -7.26
218 models [1] recycles 0 hard 1 soft 0 temp 0.00 loss 2.48 i_con 3.87 plddt 0.39 ptm 0.90 i_ptm 0.44 energy -7.26
219 models [0] recycles 0 hard 1 soft 0 temp 0.00 loss 2.63 i_con 4.02 plddt 0.37 ptm 0.88 i_ptm 0.30 energy -7.26
220 models [1] recycles 0 hard 1 soft 0 temp 0.00 loss 2.48 i_con 3.87 plddt 0.39 ptm 0.90 i_ptm 0.44 energy -7.26
221 models [0] recycles 0 hard 1 soft 0 temp 0.00 loss 2.63 i_con 4.02 plddt 0.37 ptm 0.88 i_ptm 0.30 energy -7.26
222 models [1] recycles 0 hard 1 soft 0 temp 0.00 loss 2.48 i_con 3.87 plddt 0.39 ptm 0.90 i_ptm 0.44 energy -7.26
223 models [1] recycles 0 hard 1 soft 0 temp 0.00 loss 2.48 i_con 3.87 plddt 0.39 ptm 0.90 i_ptm 0.44 energy -7.26
224 models [1] recycles 0 hard 1 soft 0 temp 0.00 loss 2.48 i_con 3.87 plddt 0.39 ptm 0.90 i_ptm 0.44 energy -7.26
225 models [1] recycles 0 hard 1 soft 0 temp 0.00 loss 2.48 i_con 3.87 plddt 0.39 ptm 0.90 i_ptm 0.44 energy -7.26
226 models [0] recycles 0 hard 1 soft 0 temp 0.00 loss 2.63 i_con 4.02 plddt 0.37 ptm 0.88 i_ptm 0.30 energy -7.26
227 models [1] recycles 0 hard 1 soft 0 temp 0.00 loss 2.48 i_con 3.87 plddt 0.39 ptm 0.90 i_ptm 0.44 energy -7.26
228 models [0] recycles 0 hard 1 soft 0 temp 0.00 loss 2.63 i_con 4.02 plddt 0.37 ptm 0.88 i_ptm 0.30 energy -7.26
229 models [0] recycles 0 hard 1 soft 0 temp 0.00 loss 2.63 i_con 4.02 plddt 0.37 ptm 0.88 i_ptm 0.30 energy -7.26
230 models [1] recycles 0 hard 1 soft 0 temp 0.00 loss 2.48 i_con 3.87 plddt 0.39 ptm 0.90 i_ptm 0.44 energy -7.26
231 models [0] recycles 0 hard 1 soft 0 temp 0.00 loss 2.63 i_con 4.02 plddt 0.37 ptm 0.88 i_ptm 0.30 energy -7.26
232 models [0] recycles 0 hard 1 soft 0 temp 0.00 loss 2.63 i_con 4.02 plddt 0.37 ptm 0.88 i_ptm 0.30 energy -7.26
233 models [1] recycles 0 hard 1 soft 0 temp 0.00 loss 2.48 i_con 3.87 plddt 0.39 ptm 0.90 i_ptm 0.44 energy -7.26
234 models [1] recycles 0 hard 1 soft 0 temp 0.00 loss 2.48 i_con 3.87 plddt 0.39 ptm 0.90 i_ptm 0.44 energy -7.26
235 models [1] recycles 0 hard 1 soft 0 temp 0.00 loss 2.48 i_con 3.87 plddt 0.39 ptm 0.90 i_ptm 0.44 energy -7.26
236 models [0] recycles 0 hard 1 soft 0 temp 0.00 loss 2.63 i_con 4.02 plddt 0.37 ptm 0.88 i_ptm 0.30 energy -7.26
237 models [1] recycles 0 hard 1 soft 0 temp 0.00 loss 2.48 i_con 3.87 plddt 0.39 ptm 0.90 i_ptm 0.44 energy -7.26
238 models [0] recycles 0 hard 1 soft 0 temp 0.00 loss 2.63 i_con 4.02 plddt 0.37 ptm 0.88 i_ptm 0.30 energy -7.26
239 models [0] recycles 0 hard 1 soft 0 temp 0.00 loss 2.63 i_con 4.02 plddt 0.37 ptm 0.88 i_ptm 0.30 energy -7.26
240 models [0] recycles 0 hard 1 soft 0 temp 0.00 loss 2.63 i_con 4.02 plddt 0.37 ptm 0.88 i_ptm 0.30 energy -7.26
241 models [1] recycles 0 hard 1 soft 0 temp 0.00 loss 2.48 i_con 3.87 plddt 0.39 ptm 0.90 i_ptm 0.44 energy -7.26
242 models [1] recycles 0 hard 1 soft 0 temp 0.00 loss 2.48 i_con 3.87 plddt 0.39 ptm 0.90 i_ptm 0.44 energy -7.26
243 models [0] recycles 0 hard 1 soft 0 temp 0.00 loss 2.63 i_con 4.02 plddt 0.37 ptm 0.88 i_ptm 0.30 energy -7.26
244 models [1] recycles 0 hard 1 soft 0 temp 0.00 loss 2.48 i_con 3.87 plddt 0.39 ptm 0.90 i_ptm 0.44 energy -7.26
245 models [1] recycles 0 hard 1 soft 0 temp 0.00 loss 2.48 i_con 3.87 plddt 0.39 ptm 0.90 i_ptm 0.44 energy -7.26
246 models [1] recycles 0 hard 1 soft 0 temp 0.00 loss 2.48 i_con 3.87 plddt 0.39 ptm 0.90 i_ptm 0.44 energy -7.26
247 models [0] recycles 0 hard 1 soft 0 temp 0.00 loss 2.63 i_con 4.02 plddt 0.37 ptm 0.88 i_ptm 0.30 energy -7.26
248 models [1] recycles 0 hard 1 soft 0 temp 0.00 loss 2.48 i_con 3.87 plddt 0.39 ptm 0.90 i_ptm 0.44 energy -7.26
249 models [0] recycles 0 hard 1 soft 0 temp 0.00 loss 2.63 i_con 4.02 plddt 0.37 ptm 0.88 i_ptm 0.30 energy -7.26
250 models [0] recycles 0 hard 1 soft 0 temp 0.00 loss 2.63 i_con 4.02 plddt 0.37 ptm 0.88 i_ptm 0.30 energy -7.26
  seq=LIGGPAWVLNYYLFC  loss=2.6334  loss_af=4.0855  energy=-7.2605  i_ptm=0.3044
[10/10] seed=9 ...
1 models [1] recycles 0 hard 0 soft 1 temp 1 loss 7.75 i_con 7.33 plddt 0.53 ptm 0.88 i_ptm 0.09 energy 7.37
2 models [0] recycles 0 hard 0 soft 1 temp 1 loss 7.84 i_con 7.44 plddt 0.58 ptm 0.86 i_ptm 0.12 energy 7.07
3 models [1] recycles 0 hard 0 soft 1 temp 1 loss 8.03 i_con 7.64 plddt 0.47 ptm 0.88 i_ptm 0.08 energy 6.81
4 models [0] recycles 0 hard 0 soft 1 temp 1 loss 7.23 i_con 6.87 plddt 0.57 ptm 0.87 i_ptm 0.13 energy 6.35
5 models [0] recycles 0 hard 0 soft 1 temp 1 loss 7.58 i_con 7.22 plddt 0.54 ptm 0.86 i_ptm 0.13 energy 6.11
6 models [0] recycles 0 hard 0 soft 1 temp 1 loss 6.85 i_con 6.51 plddt 0.55 ptm 0.86 i_ptm 0.12 energy 5.87
7 models [0] recycles 0 hard 0 soft 1 temp 1 loss 7.22 i_con 6.89 plddt 0.55 ptm 0.86 i_ptm 0.13 energy 5.69
8 models [0] recycles 0 hard 0 soft 1 temp 1 loss 6.44 i_con 6.12 plddt 0.49 ptm 0.86 i_ptm 0.12 energy 5.46
9 models [0] recycles 0 hard 0 soft 1 temp 1 loss 6.15 i_con 5.83 plddt 0.48 ptm 0.86 i_ptm 0.13 energy 5.40
10 models [1] recycles 0 hard 0 soft 1 temp 1 loss 6.67 i_con 6.34 plddt 0.45 ptm 0.88 i_ptm 0.08 energy 5.49
11 models [1] recycles 0 hard 0 soft 1 temp 1 loss 6.39 i_con 6.05 plddt 0.48 ptm 0.88 i_ptm 0.08 energy 5.79
12 models [1] recycles 0 hard 0 soft 1 temp 1 loss 6.42 i_con 6.08 plddt 0.47 ptm 0.88 i_ptm 0.07 energy 5.65
13 models [1] recycles 0 hard 0 soft 1 temp 1 loss 6.04 i_con 5.70 plddt 0.48 ptm 0.88 i_ptm 0.08 energy 5.87
14 models [0] recycles 0 hard 0 soft 1 temp 1 loss 4.99 i_con 4.62 plddt 0.39 ptm 0.86 i_ptm 0.14 energy 6.21
15 models [1] recycles 0 hard 0 soft 1 temp 1 loss 5.40 i_con 5.06 plddt 0.41 ptm 0.88 i_ptm 0.10 energy 5.74
16 models [0] recycles 0 hard 0 soft 1 temp 1 loss 5.37 i_con 5.02 plddt 0.41 ptm 0.87 i_ptm 0.13 energy 5.82
17 models [1] recycles 0 hard 0 soft 1 temp 1 loss 6.06 i_con 5.72 plddt 0.48 ptm 0.88 i_ptm 0.09 energy 5.83
18 models [0] recycles 0 hard 0 soft 1 temp 1 loss 4.78 i_con 4.44 plddt 0.37 ptm 0.87 i_ptm 0.19 energy 5.41
19 models [1] recycles 0 hard 0 soft 1 temp 1 loss 6.11 i_con 5.84 plddt 0.49 ptm 0.88 i_ptm 0.08 energy 4.49
20 models [1] recycles 0 hard 0 soft 1 temp 1 loss 5.50 i_con 5.23 plddt 0.41 ptm 0.88 i_ptm 0.10 energy 4.22
21 models [0] recycles 0 hard 0 soft 1 temp 1 loss 4.84 i_con 4.57 plddt 0.39 ptm 0.87 i_ptm 0.18 energy 4.17
22 models [0] recycles 0 hard 0 soft 1 temp 1 loss 4.52 i_con 4.29 plddt 0.38 ptm 0.87 i_ptm 0.23 energy 3.53
23 models [0] recycles 0 hard 0 soft 1 temp 1 loss 4.66 i_con 4.42 plddt 0.39 ptm 0.87 i_ptm 0.22 energy 3.54
24 models [1] recycles 0 hard 0 soft 1 temp 1 loss 5.39 i_con 5.17 plddt 0.38 ptm 0.88 i_ptm 0.10 energy 3.15
25 models [1] recycles 0 hard 0 soft 1 temp 1 loss 5.79 i_con 5.56 plddt 0.41 ptm 0.88 i_ptm 0.09 energy 3.34
26 models [1] recycles 0 hard 0 soft 1 temp 1 loss 5.33 i_con 5.10 plddt 0.36 ptm 0.88 i_ptm 0.14 energy 3.21
27 models [0] recycles 0 hard 0 soft 1 temp 1 loss 4.69 i_con 4.48 plddt 0.37 ptm 0.87 i_ptm 0.18 energy 2.95
28 models [1] recycles 0 hard 0 soft 1 temp 1 loss 5.32 i_con 5.12 plddt 0.40 ptm 0.88 i_ptm 0.12 energy 2.77
29 models [1] recycles 0 hard 0 soft 1 temp 1 loss 5.35 i_con 5.16 plddt 0.37 ptm 0.88 i_ptm 0.11 energy 2.58
30 models [0] recycles 0 hard 0 soft 1 temp 1 loss 4.84 i_con 4.64 plddt 0.38 ptm 0.87 i_ptm 0.20 energy 2.75
31 models [0] recycles 0 hard 0 soft 1 temp 1 loss 4.75 i_con 4.56 plddt 0.37 ptm 0.87 i_ptm 0.18 energy 2.57
32 models [1] recycles 0 hard 0 soft 1 temp 1 loss 5.06 i_con 4.88 plddt 0.36 ptm 0.88 i_ptm 0.16 energy 2.42
33 models [1] recycles 0 hard 0 soft 1 temp 1 loss 4.68 i_con 4.51 plddt 0.34 ptm 0.88 i_ptm 0.20 energy 2.09
34 models [1] recycles 0 hard 0 soft 1 temp 1 loss 5.17 i_con 5.01 plddt 0.35 ptm 0.88 i_ptm 0.13 energy 1.88
35 models [0] recycles 0 hard 0 soft 1 temp 1 loss 4.77 i_con 4.61 plddt 0.38 ptm 0.86 i_ptm 0.14 energy 1.80
36 models [1] recycles 0 hard 0 soft 1 temp 1 loss 5.30 i_con 5.15 plddt 0.35 ptm 0.88 i_ptm 0.10 energy 1.63
37 models [1] recycles 0 hard 0 soft 1 temp 1 loss 5.20 i_con 5.06 plddt 0.40 ptm 0.88 i_ptm 0.12 energy 1.54
38 models [0] recycles 0 hard 0 soft 1 temp 1 loss 4.86 i_con 4.72 plddt 0.37 ptm 0.87 i_ptm 0.16 energy 1.67
39 models [0] recycles 0 hard 0 soft 1 temp 1 loss 4.62 i_con 4.49 plddt 0.39 ptm 0.87 i_ptm 0.21 energy 1.33
40 models [0] recycles 0 hard 0 soft 1 temp 1 loss 4.82 i_con 4.72 plddt 0.40 ptm 0.86 i_ptm 0.18 energy 0.95
41 models [1] recycles 0 hard 0 soft 1 temp 1 loss 5.43 i_con 5.33 plddt 0.42 ptm 0.88 i_ptm 0.10 energy 0.89
42 models [0] recycles 0 hard 0 soft 1 temp 1 loss 4.56 i_con 4.46 plddt 0.38 ptm 0.87 i_ptm 0.20 energy 0.64
43 models [0] recycles 0 hard 0 soft 1 temp 1 loss 4.49 i_con 4.39 plddt 0.37 ptm 0.87 i_ptm 0.21 energy 0.65
44 models [1] recycles 0 hard 0 soft 1 temp 1 loss 5.22 i_con 5.13 plddt 0.40 ptm 0.88 i_ptm 0.13 energy 0.60
45 models [0] recycles 0 hard 0 soft 1 temp 1 loss 4.45 i_con 4.37 plddt 0.38 ptm 0.87 i_ptm 0.26 energy 0.38
46 models [0] recycles 0 hard 0 soft 1 temp 1 loss 4.69 i_con 4.62 plddt 0.36 ptm 0.87 i_ptm 0.19 energy 0.09
47 models [1] recycles 0 hard 0 soft 1 temp 1 loss 5.14 i_con 5.09 plddt 0.36 ptm 0.88 i_ptm 0.11 energy -0.15
48 models [0] recycles 0 hard 0 soft 1 temp 1 loss 4.43 i_con 4.39 plddt 0.39 ptm 0.87 i_ptm 0.21 energy -0.31
49 models [1] recycles 0 hard 0 soft 1 temp 1 loss 5.05 i_con 5.02 plddt 0.41 ptm 0.88 i_ptm 0.10 energy -0.66
50 models [1] recycles 0 hard 0 soft 1 temp 1 loss 5.04 i_con 5.02 plddt 0.38 ptm 0.88 i_ptm 0.12 energy -0.77
51 models [0] recycles 0 hard 0 soft 1 temp 1 loss 4.23 i_con 4.33 plddt 0.37 ptm 0.87 i_ptm 0.21 energy -0.77
52 models [1] recycles 0 hard 0 soft 1 temp 1 loss 4.81 i_con 4.97 plddt 0.35 ptm 0.88 i_ptm 0.12 energy -1.10
53 models [0] recycles 0 hard 0 soft 1 temp 1 loss 3.92 i_con 4.14 plddt 0.41 ptm 0.87 i_ptm 0.26 energy -1.39
54 models [0] recycles 0 hard 0 soft 1 temp 1 loss 4.22 i_con 4.45 plddt 0.37 ptm 0.87 i_ptm 0.21 energy -1.47
55 models [0] recycles 0 hard 0 soft 1 temp 1 loss 3.86 i_con 4.16 plddt 0.39 ptm 0.87 i_ptm 0.24 energy -1.83
56 models [1] recycles 0 hard 0 soft 1 temp 1 loss 4.55 i_con 4.84 plddt 0.34 ptm 0.88 i_ptm 0.15 energy -1.81
57 models [1] recycles 0 hard 0 soft 1 temp 1 loss 4.04 i_con 4.38 plddt 0.38 ptm 0.88 i_ptm 0.24 energy -2.03
58 models [0] recycles 0 hard 0 soft 1 temp 1 loss 3.95 i_con 4.30 plddt 0.38 ptm 0.87 i_ptm 0.22 energy -2.05
59 models [0] recycles 0 hard 0 soft 1 temp 1 loss 3.65 i_con 4.05 plddt 0.41 ptm 0.87 i_ptm 0.28 energy -2.31
60 models [1] recycles 0 hard 0 soft 1 temp 1 loss 4.08 i_con 4.50 plddt 0.35 ptm 0.89 i_ptm 0.21 energy -2.46
61 models [1] recycles 0 hard 0 soft 1 temp 1 loss 3.95 i_con 4.39 plddt 0.37 ptm 0.88 i_ptm 0.22 energy -2.47
62 models [1] recycles 0 hard 0 soft 1 temp 1 loss 3.77 i_con 4.24 plddt 0.40 ptm 0.88 i_ptm 0.25 energy -2.65
63 models [1] recycles 0 hard 0 soft 1 temp 1 loss 4.00 i_con 4.43 plddt 0.36 ptm 0.88 i_ptm 0.25 energy -2.48
64 models [1] recycles 0 hard 0 soft 1 temp 1 loss 3.73 i_con 4.23 plddt 0.40 ptm 0.89 i_ptm 0.25 energy -2.80
65 models [1] recycles 0 hard 0 soft 1 temp 1 loss 3.89 i_con 4.41 plddt 0.38 ptm 0.88 i_ptm 0.23 energy -2.89
66 models [0] recycles 0 hard 0 soft 1 temp 1 loss 3.57 i_con 4.08 plddt 0.36 ptm 0.87 i_ptm 0.27 energy -2.90
67 models [1] recycles 0 hard 0 soft 1 temp 1 loss 3.78 i_con 4.32 plddt 0.36 ptm 0.89 i_ptm 0.25 energy -3.00
68 models [1] recycles 0 hard 0 soft 1 temp 1 loss 3.69 i_con 4.24 plddt 0.40 ptm 0.89 i_ptm 0.27 energy -3.05
69 models [0] recycles 0 hard 0 soft 1 temp 1 loss 3.56 i_con 4.13 plddt 0.40 ptm 0.87 i_ptm 0.28 energy -3.18
70 models [0] recycles 0 hard 0 soft 1 temp 1 loss 3.57 i_con 4.13 plddt 0.38 ptm 0.87 i_ptm 0.25 energy -3.09
71 models [1] recycles 0 hard 0 soft 1 temp 1 loss 4.04 i_con 4.62 plddt 0.36 ptm 0.88 i_ptm 0.21 energy -3.25
72 models [1] recycles 0 hard 0 soft 1 temp 1 loss 3.69 i_con 4.29 plddt 0.35 ptm 0.88 i_ptm 0.24 energy -3.33
73 models [0] recycles 0 hard 0 soft 1 temp 1 loss 3.35 i_con 3.98 plddt 0.43 ptm 0.87 i_ptm 0.34 energy -3.40
74 models [0] recycles 0 hard 0 soft 1 temp 1 loss 3.24 i_con 3.88 plddt 0.44 ptm 0.87 i_ptm 0.35 energy -3.49
75 models [0] recycles 0 hard 0 soft 1 temp 1 loss 3.32 i_con 3.97 plddt 0.43 ptm 0.88 i_ptm 0.32 energy -3.53
76 models [0] recycles 0 hard 0 soft 1 temp 1 loss 3.23 i_con 3.90 plddt 0.43 ptm 0.87 i_ptm 0.35 energy -3.65
77 models [0] recycles 0 hard 0 soft 1 temp 1 loss 3.48 i_con 4.17 plddt 0.41 ptm 0.87 i_ptm 0.27 energy -3.75
78 models [1] recycles 0 hard 0 soft 1 temp 1 loss 3.48 i_con 4.17 plddt 0.45 ptm 0.89 i_ptm 0.31 energy -3.76
79 models [1] recycles 0 hard 0 soft 1 temp 1 loss 3.22 i_con 3.93 plddt 0.43 ptm 0.89 i_ptm 0.31 energy -3.84
80 models [0] recycles 0 hard 0 soft 1 temp 1 loss 3.39 i_con 4.12 plddt 0.42 ptm 0.87 i_ptm 0.30 energy -3.93
81 models [0] recycles 0 hard 0 soft 1 temp 1 loss 3.13 i_con 3.87 plddt 0.44 ptm 0.88 i_ptm 0.36 energy -4.01
82 models [1] recycles 0 hard 0 soft 1 temp 1 loss 3.41 i_con 4.17 plddt 0.40 ptm 0.89 i_ptm 0.30 energy -4.07
83 models [1] recycles 0 hard 0 soft 1 temp 1 loss 3.11 i_con 3.86 plddt 0.45 ptm 0.89 i_ptm 0.38 energy -4.06
84 models [0] recycles 0 hard 0 soft 1 temp 1 loss 3.56 i_con 4.34 plddt 0.39 ptm 0.87 i_ptm 0.27 energy -4.20
85 models [0] recycles 0 hard 0 soft 1 temp 1 loss 3.11 i_con 3.89 plddt 0.42 ptm 0.87 i_ptm 0.35 energy -4.15
86 models [0] recycles 0 hard 0 soft 1 temp 1 loss 3.39 i_con 4.18 plddt 0.41 ptm 0.87 i_ptm 0.30 energy -4.25
87 models [1] recycles 0 hard 0 soft 1 temp 1 loss 3.17 i_con 3.97 plddt 0.41 ptm 0.89 i_ptm 0.35 energy -4.27
88 models [1] recycles 0 hard 0 soft 1 temp 1 loss 2.99 i_con 3.80 plddt 0.45 ptm 0.89 i_ptm 0.42 energy -4.31
89 models [0] recycles 0 hard 0 soft 1 temp 1 loss 3.07 i_con 3.91 plddt 0.43 ptm 0.88 i_ptm 0.35 energy -4.48
90 models [1] recycles 0 hard 0 soft 1 temp 1 loss 2.91 i_con 3.78 plddt 0.46 ptm 0.89 i_ptm 0.43 energy -4.63
91 models [1] recycles 0 hard 0 soft 1 temp 1 loss 2.91 i_con 3.78 plddt 0.46 ptm 0.90 i_ptm 0.43 energy -4.65
92 models [0] recycles 0 hard 0 soft 1 temp 1 loss 3.25 i_con 4.15 plddt 0.41 ptm 0.87 i_ptm 0.28 energy -4.81
93 models [0] recycles 0 hard 0 soft 1 temp 1 loss 3.13 i_con 4.04 plddt 0.40 ptm 0.87 i_ptm 0.30 energy -4.88
94 models [0] recycles 0 hard 0 soft 1 temp 1 loss 3.45 i_con 4.40 plddt 0.35 ptm 0.87 i_ptm 0.24 energy -5.08
95 models [0] recycles 0 hard 0 soft 1 temp 1 loss 3.27 i_con 4.24 plddt 0.38 ptm 0.87 i_ptm 0.26 energy -5.16
96 models [1] recycles 0 hard 0 soft 1 temp 1 loss 3.06 i_con 4.05 plddt 0.43 ptm 0.89 i_ptm 0.34 energy -5.21
97 models [0] recycles 0 hard 0 soft 1 temp 1 loss 3.22 i_con 4.22 plddt 0.38 ptm 0.87 i_ptm 0.28 energy -5.34
98 models [1] recycles 0 hard 0 soft 1 temp 1 loss 2.91 i_con 3.92 plddt 0.43 ptm 0.89 i_ptm 0.38 energy -5.31
99 models [0] recycles 0 hard 0 soft 1 temp 1 loss 3.06 i_con 4.09 plddt 0.41 ptm 0.87 i_ptm 0.30 energy -5.48
100 models [0] recycles 0 hard 0 soft 1 temp 1 loss 2.97 i_con 4.01 plddt 0.44 ptm 0.87 i_ptm 0.36 energy -5.49
101 models [0] recycles 0 hard 0 soft 0 temp 1 loss 1.68 i_con 6.70 plddt 0.52 ptm 0.87 i_ptm 0.13 energy -25.37
102 models [1] recycles 0 hard 0 soft 0 temp 0.99 loss 1.28 i_con 6.42 plddt 0.49 ptm 0.88 i_ptm 0.10 energy -25.97
103 models [1] recycles 0 hard 0 soft 0 temp 0.98 loss 1.25 i_con 6.54 plddt 0.52 ptm 0.88 i_ptm 0.10 energy -26.70
104 models [1] recycles 0 hard 0 soft 0 temp 0.97 loss -0.40 i_con 4.98 plddt 0.41 ptm 0.88 i_ptm 0.16 energy -27.20
105 models [0] recycles 0 hard 0 soft 0 temp 0.96 loss -1.38 i_con 4.10 plddt 0.45 ptm 0.87 i_ptm 0.34 energy -27.69
106 models [1] recycles 0 hard 0 soft 0 temp 0.95 loss -1.81 i_con 4.04 plddt 0.44 ptm 0.89 i_ptm 0.37 energy -29.55
107 models [1] recycles 0 hard 0 soft 0 temp 0.94 loss -1.67 i_con 4.43 plddt 0.42 ptm 0.88 i_ptm 0.22 energy -30.83
108 models [0] recycles 0 hard 0 soft 0 temp 0.93 loss -2.42 i_con 3.95 plddt 0.44 ptm 0.88 i_ptm 0.37 energy -32.12
109 models [0] recycles 0 hard 0 soft 0 temp 0.92 loss -2.83 i_con 3.99 plddt 0.43 ptm 0.87 i_ptm 0.36 energy -34.36
110 models [1] recycles 0 hard 0 soft 0 temp 0.91 loss -3.09 i_con 4.13 plddt 0.43 ptm 0.89 i_ptm 0.33 energy -36.37
111 models [1] recycles 0 hard 0 soft 0 temp 0.90 loss -3.62 i_con 4.00 plddt 0.41 ptm 0.89 i_ptm 0.34 energy -38.41
112 models [1] recycles 0 hard 0 soft 0 temp 0.89 loss -4.04 i_con 4.01 plddt 0.43 ptm 0.89 i_ptm 0.33 energy -40.50
113 models [1] recycles 0 hard 0 soft 0 temp 0.88 loss -4.44 i_con 4.00 plddt 0.43 ptm 0.89 i_ptm 0.34 energy -42.50
114 models [0] recycles 0 hard 0 soft 0 temp 0.87 loss -4.81 i_con 3.99 plddt 0.43 ptm 0.87 i_ptm 0.31 energy -44.33
115 models [1] recycles 0 hard 0 soft 0 temp 0.86 loss -5.51 i_con 3.72 plddt 0.50 ptm 0.89 i_ptm 0.46 energy -46.38
116 models [0] recycles 0 hard 0 soft 0 temp 0.85 loss -5.71 i_con 3.86 plddt 0.42 ptm 0.88 i_ptm 0.38 energy -48.09
117 models [0] recycles 0 hard 0 soft 0 temp 0.84 loss -6.05 i_con 3.95 plddt 0.43 ptm 0.87 i_ptm 0.35 energy -50.26
118 models [1] recycles 0 hard 0 soft 0 temp 0.83 loss -6.49 i_con 3.88 plddt 0.44 ptm 0.89 i_ptm 0.40 energy -52.13
119 models [1] recycles 0 hard 0 soft 0 temp 0.82 loss -6.81 i_con 4.00 plddt 0.45 ptm 0.89 i_ptm 0.35 energy -54.34
120 models [1] recycles 0 hard 0 soft 0 temp 0.81 loss -7.31 i_con 3.92 plddt 0.42 ptm 0.89 i_ptm 0.35 energy -56.45
121 models [1] recycles 0 hard 0 soft 0 temp 0.80 loss -7.65 i_con 3.94 plddt 0.43 ptm 0.89 i_ptm 0.37 energy -58.24
122 models [0] recycles 0 hard 0 soft 0 temp 0.79 loss -7.90 i_con 4.08 plddt 0.45 ptm 0.87 i_ptm 0.33 energy -60.21
123 models [0] recycles 0 hard 0 soft 0 temp 0.78 loss -8.30 i_con 4.08 plddt 0.43 ptm 0.87 i_ptm 0.31 energy -62.20
124 models [1] recycles 0 hard 0 soft 0 temp 0.77 loss -8.90 i_con 3.89 plddt 0.48 ptm 0.89 i_ptm 0.38 energy -64.20
125 models [1] recycles 0 hard 0 soft 0 temp 0.76 loss -9.02 i_con 4.07 plddt 0.43 ptm 0.89 i_ptm 0.37 energy -65.71
126 models [1] recycles 0 hard 0 soft 0 temp 0.75 loss -9.35 i_con 4.12 plddt 0.43 ptm 0.89 i_ptm 0.29 energy -67.59
127 models [1] recycles 0 hard 0 soft 0 temp 0.74 loss -9.86 i_con 3.92 plddt 0.47 ptm 0.89 i_ptm 0.38 energy -69.14
128 models [1] recycles 0 hard 0 soft 0 temp 0.73 loss -10.24 i_con 3.89 plddt 0.46 ptm 0.89 i_ptm 0.38 energy -70.93
129 models [1] recycles 0 hard 0 soft 0 temp 0.72 loss -10.78 i_con 3.76 plddt 0.48 ptm 0.90 i_ptm 0.41 energy -72.93
130 models [1] recycles 0 hard 0 soft 0 temp 0.71 loss -11.02 i_con 3.86 plddt 0.46 ptm 0.89 i_ptm 0.39 energy -74.72
131 models [0] recycles 0 hard 0 soft 0 temp 0.70 loss -11.19 i_con 4.08 plddt 0.47 ptm 0.87 i_ptm 0.33 energy -76.62
132 models [0] recycles 0 hard 0 soft 0 temp 0.69 loss -11.50 i_con 4.15 plddt 0.43 ptm 0.87 i_ptm 0.29 energy -78.54
133 models [1] recycles 0 hard 0 soft 0 temp 0.68 loss -12.04 i_con 3.95 plddt 0.43 ptm 0.89 i_ptm 0.34 energy -80.24
134 models [1] recycles 0 hard 0 soft 0 temp 0.67 loss -12.52 i_con 3.86 plddt 0.48 ptm 0.89 i_ptm 0.37 energy -82.20
135 models [1] recycles 0 hard 0 soft 0 temp 0.66 loss -12.79 i_con 3.93 plddt 0.46 ptm 0.89 i_ptm 0.36 energy -83.87
136 models [0] recycles 0 hard 0 soft 0 temp 0.65 loss -12.92 i_con 4.20 plddt 0.44 ptm 0.87 i_ptm 0.26 energy -85.88
137 models [0] recycles 0 hard 0 soft 0 temp 0.64 loss -13.27 i_con 4.20 plddt 0.41 ptm 0.87 i_ptm 0.27 energy -87.66
138 models [0] recycles 0 hard 0 soft 0 temp 0.63 loss -13.69 i_con 4.18 plddt 0.48 ptm 0.87 i_ptm 0.31 energy -89.60
139 models [0] recycles 0 hard 0 soft 0 temp 0.62 loss -13.96 i_con 4.23 plddt 0.45 ptm 0.87 i_ptm 0.30 energy -91.25
140 models [1] recycles 0 hard 0 soft 0 temp 0.61 loss -14.71 i_con 3.88 plddt 0.44 ptm 0.89 i_ptm 0.36 energy -93.20
141 models [0] recycles 0 hard 0 soft 0 temp 0.60 loss -14.79 i_con 4.21 plddt 0.41 ptm 0.87 i_ptm 0.28 energy -95.29
142 models [0] recycles 0 hard 0 soft 0 temp 0.59 loss -15.41 i_con 3.96 plddt 0.42 ptm 0.87 i_ptm 0.36 energy -97.14
143 models [1] recycles 0 hard 0 soft 0 temp 0.58 loss -15.56 i_con 4.23 plddt 0.42 ptm 0.89 i_ptm 0.28 energy -99.22
144 models [0] recycles 0 hard 0 soft 0 temp 0.57 loss -16.05 i_con 4.03 plddt 0.41 ptm 0.87 i_ptm 0.34 energy -100.73
145 models [0] recycles 0 hard 0 soft 0 temp 0.56 loss -16.01 i_con 4.50 plddt 0.38 ptm 0.87 i_ptm 0.21 energy -102.84
146 models [1] recycles 0 hard 0 soft 0 temp 0.55 loss -16.42 i_con 4.39 plddt 0.39 ptm 0.89 i_ptm 0.25 energy -104.39
147 models [0] recycles 0 hard 0 soft 0 temp 0.54 loss -16.75 i_con 4.43 plddt 0.38 ptm 0.87 i_ptm 0.24 energy -106.20
148 models [1] recycles 0 hard 0 soft 0 temp 0.53 loss -17.34 i_con 4.19 plddt 0.39 ptm 0.89 i_ptm 0.26 energy -107.98
149 models [0] recycles 0 hard 0 soft 0 temp 0.52 loss -17.48 i_con 4.42 plddt 0.38 ptm 0.87 i_ptm 0.24 energy -109.78
150 models [1] recycles 0 hard 0 soft 0 temp 0.51 loss -18.13 i_con 4.14 plddt 0.40 ptm 0.89 i_ptm 0.27 energy -111.63
151 models [1] recycles 0 hard 0 soft 0 temp 0.50 loss -18.10 i_con 4.57 plddt 0.38 ptm 0.88 i_ptm 0.21 energy -113.64
152 models [0] recycles 0 hard 0 soft 0 temp 0.49 loss -18.31 i_con 4.63 plddt 0.42 ptm 0.87 i_ptm 0.23 energy -114.99
153 models [1] recycles 0 hard 0 soft 0 temp 0.48 loss -19.11 i_con 4.11 plddt 0.41 ptm 0.89 i_ptm 0.28 energy -116.39
154 models [0] recycles 0 hard 0 soft 0 temp 0.47 loss -19.08 i_con 4.53 plddt 0.38 ptm 0.87 i_ptm 0.21 energy -118.36
155 models [1] recycles 0 hard 0 soft 0 temp 0.46 loss -19.74 i_con 4.13 plddt 0.43 ptm 0.89 i_ptm 0.27 energy -119.68
156 models [0] recycles 0 hard 0 soft 0 temp 0.45 loss -19.63 i_con 4.63 plddt 0.38 ptm 0.87 i_ptm 0.20 energy -121.60
157 models [1] recycles 0 hard 0 soft 0 temp 0.44 loss -20.01 i_con 4.60 plddt 0.35 ptm 0.88 i_ptm 0.19 energy -123.38
158 models [1] recycles 0 hard 0 soft 0 temp 0.43 loss -20.38 i_con 4.67 plddt 0.36 ptm 0.88 i_ptm 0.19 energy -125.55
159 models [1] recycles 0 hard 0 soft 0 temp 0.42 loss -21.01 i_con 4.41 plddt 0.38 ptm 0.88 i_ptm 0.21 energy -127.43
160 models [0] recycles 0 hard 0 soft 0 temp 0.41 loss -21.24 i_con 4.51 plddt 0.37 ptm 0.87 i_ptm 0.24 energy -129.05
161 models [1] recycles 0 hard 0 soft 0 temp 0.40 loss -21.67 i_con 4.40 plddt 0.39 ptm 0.88 i_ptm 0.23 energy -130.65
162 models [0] recycles 0 hard 0 soft 0 temp 0.39 loss -21.94 i_con 4.51 plddt 0.37 ptm 0.87 i_ptm 0.21 energy -132.54
163 models [0] recycles 0 hard 0 soft 0 temp 0.38 loss -22.11 i_con 4.54 plddt 0.37 ptm 0.87 i_ptm 0.21 energy -133.57
164 models [0] recycles 0 hard 0 soft 0 temp 0.37 loss -22.50 i_con 4.50 plddt 0.38 ptm 0.87 i_ptm 0.23 energy -135.33
165 models [0] recycles 0 hard 0 soft 0 temp 0.36 loss -22.48 i_con 4.88 plddt 0.40 ptm 0.87 i_ptm 0.18 energy -137.11
166 models [1] recycles 0 hard 0 soft 0 temp 0.35 loss -23.37 i_con 4.35 plddt 0.35 ptm 0.89 i_ptm 0.22 energy -138.93
167 models [1] recycles 0 hard 0 soft 0 temp 0.34 loss -23.20 i_con 4.94 plddt 0.32 ptm 0.88 i_ptm 0.12 energy -141.01
168 models [1] recycles 0 hard 0 soft 0 temp 0.33 loss -23.50 i_con 4.87 plddt 0.35 ptm 0.88 i_ptm 0.15 energy -142.17
169 models [0] recycles 0 hard 0 soft 0 temp 0.32 loss -23.91 i_con 4.75 plddt 0.35 ptm 0.87 i_ptm 0.19 energy -143.67
170 models [1] recycles 0 hard 0 soft 0 temp 0.31 loss -24.38 i_con 4.57 plddt 0.38 ptm 0.88 i_ptm 0.19 energy -145.04
171 models [1] recycles 0 hard 0 soft 0 temp 0.30 loss -24.90 i_con 4.44 plddt 0.34 ptm 0.89 i_ptm 0.21 energy -147.01
172 models [0] recycles 0 hard 0 soft 0 temp 0.29 loss -24.86 i_con 4.88 plddt 0.39 ptm 0.87 i_ptm 0.21 energy -148.99
173 models [0] recycles 0 hard 0 soft 0 temp 0.28 loss -25.07 i_con 4.94 plddt 0.36 ptm 0.87 i_ptm 0.18 energy -150.38
174 models [1] recycles 0 hard 0 soft 0 temp 0.27 loss -25.14 i_con 5.03 plddt 0.35 ptm 0.88 i_ptm 0.14 energy -151.18
175 models [1] recycles 0 hard 0 soft 0 temp 0.26 loss -25.82 i_con 4.67 plddt 0.37 ptm 0.88 i_ptm 0.16 energy -152.77
176 models [0] recycles 0 hard 0 soft 0 temp 0.25 loss -25.79 i_con 4.84 plddt 0.36 ptm 0.87 i_ptm 0.22 energy -153.46
177 models [0] recycles 0 hard 0 soft 0 temp 0.24 loss -26.02 i_con 4.95 plddt 0.35 ptm 0.87 i_ptm 0.21 energy -155.14
178 models [0] recycles 0 hard 0 soft 0 temp 0.23 loss -26.63 i_con 4.46 plddt 0.36 ptm 0.87 i_ptm 0.22 energy -155.77
179 models [1] recycles 0 hard 0 soft 0 temp 0.22 loss -26.49 i_con 4.96 plddt 0.37 ptm 0.88 i_ptm 0.15 energy -157.55
180 models [1] recycles 0 hard 0 soft 0 temp 0.21 loss -26.30 i_con 5.50 plddt 0.41 ptm 0.88 i_ptm 0.11 energy -159.31
181 models [1] recycles 0 hard 0 soft 0 temp 0.20 loss -27.43 i_con 4.65 plddt 0.36 ptm 0.88 i_ptm 0.18 energy -160.74
182 models [1] recycles 0 hard 0 soft 0 temp 0.19 loss -27.60 i_con 4.84 plddt 0.37 ptm 0.88 i_ptm 0.16 energy -162.55
183 models [1] recycles 0 hard 0 soft 0 temp 0.18 loss -28.04 i_con 4.75 plddt 0.31 ptm 0.88 i_ptm 0.16 energy -164.31
184 models [1] recycles 0 hard 0 soft 0 temp 0.17 loss -27.76 i_con 5.40 plddt 0.39 ptm 0.88 i_ptm 0.12 energy -166.08
185 models [1] recycles 0 hard 0 soft 0 temp 0.16 loss -28.52 i_con 4.97 plddt 0.36 ptm 0.88 i_ptm 0.17 energy -167.76
186 models [0] recycles 0 hard 0 soft 0 temp 0.15 loss -28.76 i_con 5.06 plddt 0.31 ptm 0.86 i_ptm 0.19 energy -169.43
187 models [1] recycles 0 hard 0 soft 0 temp 0.14 loss -29.24 i_con 4.88 plddt 0.36 ptm 0.88 i_ptm 0.16 energy -170.93
188 models [1] recycles 0 hard 0 soft 0 temp 0.13 loss -29.51 i_con 4.94 plddt 0.39 ptm 0.88 i_ptm 0.14 energy -172.55
189 models [1] recycles 0 hard 0 soft 0 temp 0.12 loss -29.70 i_con 5.12 plddt 0.35 ptm 0.88 i_ptm 0.12 energy -174.43
190 models [1] recycles 0 hard 0 soft 0 temp 0.11 loss -30.17 i_con 4.96 plddt 0.35 ptm 0.88 i_ptm 0.12 energy -176.00
191 models [0] recycles 0 hard 0 soft 0 temp 0.10 loss -29.92 i_con 5.50 plddt 0.32 ptm 0.86 i_ptm 0.14 energy -177.42
192 models [0] recycles 0 hard 0 soft 0 temp 0.09 loss -30.43 i_con 5.37 plddt 0.28 ptm 0.87 i_ptm 0.17 energy -179.35
193 models [0] recycles 0 hard 0 soft 0 temp 0.08 loss -29.92 i_con 5.84 plddt 0.39 ptm 0.87 i_ptm 0.16 energy -179.12
194 models [0] recycles 0 hard 0 soft 0 temp 0.07 loss -30.49 i_con 5.46 plddt 0.31 ptm 0.87 i_ptm 0.15 energy -180.09
195 models [1] recycles 0 hard 0 soft 0 temp 0.06 loss -31.22 i_con 5.02 plddt 0.38 ptm 0.88 i_ptm 0.13 energy -181.53
196 models [0] recycles 0 hard 0 soft 0 temp 0.05 loss -30.65 i_con 5.87 plddt 0.30 ptm 0.86 i_ptm 0.15 energy -182.93
197 models [0] recycles 0 hard 0 soft 0 temp 0.04 loss -31.26 i_con 5.54 plddt 0.36 ptm 0.87 i_ptm 0.17 energy -184.35
198 models [0] recycles 0 hard 0 soft 0 temp 0.03 loss -31.56 i_con 5.50 plddt 0.27 ptm 0.86 i_ptm 0.16 energy -185.69
199 models [0] recycles 0 hard 0 soft 0 temp 0.02 loss -32.35 i_con 5.09 plddt 0.31 ptm 0.87 i_ptm 0.20 energy -187.57
200 models [0] recycles 0 hard 0 soft 0 temp 0.01 loss -32.25 i_con 5.47 plddt 0.33 ptm 0.86 i_ptm 0.18 energy -188.95
201 models [0] recycles 0 hard 1 soft 0 temp 0.00 loss 3.41 i_con 4.69 plddt 0.30 ptm 0.87 i_ptm 0.19 energy -6.76
202 models [0] recycles 0 hard 1 soft 0 temp 0.00 loss 3.41 i_con 4.69 plddt 0.30 ptm 0.87 i_ptm 0.19 energy -6.76
203 models [0] recycles 0 hard 1 soft 0 temp 0.00 loss 3.41 i_con 4.69 plddt 0.30 ptm 0.87 i_ptm 0.19 energy -6.76
204 models [1] recycles 0 hard 1 soft 0 temp 0.00 loss 3.26 i_con 4.55 plddt 0.31 ptm 0.89 i_ptm 0.19 energy -6.76
205 models [1] recycles 0 hard 1 soft 0 temp 0.00 loss 3.26 i_con 4.55 plddt 0.31 ptm 0.89 i_ptm 0.19 energy -6.76
206 models [1] recycles 0 hard 1 soft 0 temp 0.00 loss 3.26 i_con 4.55 plddt 0.31 ptm 0.89 i_ptm 0.19 energy -6.76
207 models [1] recycles 0 hard 1 soft 0 temp 0.00 loss 3.26 i_con 4.55 plddt 0.31 ptm 0.89 i_ptm 0.19 energy -6.76
208 models [0] recycles 0 hard 1 soft 0 temp 0.00 loss 3.41 i_con 4.69 plddt 0.30 ptm 0.87 i_ptm 0.19 energy -6.76
209 models [1] recycles 0 hard 1 soft 0 temp 0.00 loss 3.26 i_con 4.55 plddt 0.31 ptm 0.89 i_ptm 0.19 energy -6.76
210 models [0] recycles 0 hard 1 soft 0 temp 0.00 loss 3.41 i_con 4.69 plddt 0.30 ptm 0.87 i_ptm 0.19 energy -6.76
211 models [0] recycles 0 hard 1 soft 0 temp 0.00 loss 3.41 i_con 4.69 plddt 0.30 ptm 0.87 i_ptm 0.19 energy -6.76
212 models [0] recycles 0 hard 1 soft 0 temp 0.00 loss 3.41 i_con 4.69 plddt 0.30 ptm 0.87 i_ptm 0.19 energy -6.76
213 models [0] recycles 0 hard 1 soft 0 temp 0.00 loss 3.41 i_con 4.69 plddt 0.30 ptm 0.87 i_ptm 0.19 energy -6.76
214 models [0] recycles 0 hard 1 soft 0 temp 0.00 loss 3.41 i_con 4.69 plddt 0.30 ptm 0.87 i_ptm 0.19 energy -6.76
215 models [1] recycles 0 hard 1 soft 0 temp 0.00 loss 3.26 i_con 4.55 plddt 0.31 ptm 0.89 i_ptm 0.19 energy -6.76
216 models [1] recycles 0 hard 1 soft 0 temp 0.00 loss 3.26 i_con 4.55 plddt 0.31 ptm 0.89 i_ptm 0.19 energy -6.76
217 models [1] recycles 0 hard 1 soft 0 temp 0.00 loss 3.26 i_con 4.55 plddt 0.31 ptm 0.89 i_ptm 0.19 energy -6.76
218 models [1] recycles 0 hard 1 soft 0 temp 0.00 loss 3.26 i_con 4.55 plddt 0.31 ptm 0.89 i_ptm 0.19 energy -6.76
219 models [0] recycles 0 hard 1 soft 0 temp 0.00 loss 3.41 i_con 4.69 plddt 0.30 ptm 0.87 i_ptm 0.19 energy -6.76
220 models [0] recycles 0 hard 1 soft 0 temp 0.00 loss 3.41 i_con 4.69 plddt 0.30 ptm 0.87 i_ptm 0.19 energy -6.76
221 models [1] recycles 0 hard 1 soft 0 temp 0.00 loss 3.26 i_con 4.55 plddt 0.31 ptm 0.89 i_ptm 0.19 energy -6.76
222 models [0] recycles 0 hard 1 soft 0 temp 0.00 loss 3.41 i_con 4.69 plddt 0.30 ptm 0.87 i_ptm 0.19 energy -6.76
223 models [1] recycles 0 hard 1 soft 0 temp 0.00 loss 3.26 i_con 4.55 plddt 0.31 ptm 0.89 i_ptm 0.19 energy -6.76
224 models [0] recycles 0 hard 1 soft 0 temp 0.00 loss 3.41 i_con 4.69 plddt 0.30 ptm 0.87 i_ptm 0.19 energy -6.76
225 models [1] recycles 0 hard 1 soft 0 temp 0.00 loss 3.26 i_con 4.55 plddt 0.31 ptm 0.89 i_ptm 0.19 energy -6.76
226 models [1] recycles 0 hard 1 soft 0 temp 0.00 loss 3.26 i_con 4.55 plddt 0.31 ptm 0.89 i_ptm 0.19 energy -6.76
227 models [0] recycles 0 hard 1 soft 0 temp 0.00 loss 3.41 i_con 4.69 plddt 0.30 ptm 0.87 i_ptm 0.19 energy -6.76
228 models [1] recycles 0 hard 1 soft 0 temp 0.00 loss 3.26 i_con 4.55 plddt 0.31 ptm 0.89 i_ptm 0.19 energy -6.76
229 models [1] recycles 0 hard 1 soft 0 temp 0.00 loss 3.26 i_con 4.55 plddt 0.31 ptm 0.89 i_ptm 0.19 energy -6.76
230 models [1] recycles 0 hard 1 soft 0 temp 0.00 loss 3.26 i_con 4.55 plddt 0.31 ptm 0.89 i_ptm 0.19 energy -6.76
231 models [0] recycles 0 hard 1 soft 0 temp 0.00 loss 3.41 i_con 4.69 plddt 0.30 ptm 0.87 i_ptm 0.19 energy -6.76
232 models [1] recycles 0 hard 1 soft 0 temp 0.00 loss 3.26 i_con 4.55 plddt 0.31 ptm 0.89 i_ptm 0.19 energy -6.76
233 models [0] recycles 0 hard 1 soft 0 temp 0.00 loss 3.41 i_con 4.69 plddt 0.30 ptm 0.87 i_ptm 0.19 energy -6.76
234 models [1] recycles 0 hard 1 soft 0 temp 0.00 loss 3.26 i_con 4.55 plddt 0.31 ptm 0.89 i_ptm 0.19 energy -6.76
235 models [1] recycles 0 hard 1 soft 0 temp 0.00 loss 3.26 i_con 4.55 plddt 0.31 ptm 0.89 i_ptm 0.19 energy -6.76
236 models [1] recycles 0 hard 1 soft 0 temp 0.00 loss 3.26 i_con 4.55 plddt 0.31 ptm 0.89 i_ptm 0.19 energy -6.76
237 models [1] recycles 0 hard 1 soft 0 temp 0.00 loss 3.26 i_con 4.55 plddt 0.31 ptm 0.89 i_ptm 0.19 energy -6.76
238 models [1] recycles 0 hard 1 soft 0 temp 0.00 loss 3.26 i_con 4.55 plddt 0.31 ptm 0.89 i_ptm 0.19 energy -6.76
239 models [1] recycles 0 hard 1 soft 0 temp 0.00 loss 3.26 i_con 4.55 plddt 0.31 ptm 0.89 i_ptm 0.19 energy -6.76
240 models [0] recycles 0 hard 1 soft 0 temp 0.00 loss 3.41 i_con 4.69 plddt 0.30 ptm 0.87 i_ptm 0.19 energy -6.76
241 models [1] recycles 0 hard 1 soft 0 temp 0.00 loss 3.26 i_con 4.55 plddt 0.31 ptm 0.89 i_ptm 0.19 energy -6.76
242 models [1] recycles 0 hard 1 soft 0 temp 0.00 loss 3.26 i_con 4.55 plddt 0.31 ptm 0.89 i_ptm 0.19 energy -6.76
243 models [1] recycles 0 hard 1 soft 0 temp 0.00 loss 3.26 i_con 4.55 plddt 0.31 ptm 0.89 i_ptm 0.19 energy -6.76
244 models [1] recycles 0 hard 1 soft 0 temp 0.00 loss 3.26 i_con 4.55 plddt 0.31 ptm 0.89 i_ptm 0.19 energy -6.76
245 models [0] recycles 0 hard 1 soft 0 temp 0.00 loss 3.41 i_con 4.69 plddt 0.30 ptm 0.87 i_ptm 0.19 energy -6.76
246 models [1] recycles 0 hard 1 soft 0 temp 0.00 loss 3.26 i_con 4.55 plddt 0.31 ptm 0.89 i_ptm 0.19 energy -6.76
247 models [1] recycles 0 hard 1 soft 0 temp 0.00 loss 3.26 i_con 4.55 plddt 0.31 ptm 0.89 i_ptm 0.19 energy -6.76
248 models [1] recycles 0 hard 1 soft 0 temp 0.00 loss 3.26 i_con 4.55 plddt 0.31 ptm 0.89 i_ptm 0.19 energy -6.76
249 models [1] recycles 0 hard 1 soft 0 temp 0.00 loss 3.26 i_con 4.55 plddt 0.31 ptm 0.89 i_ptm 0.19 energy -6.76
250 models [1] recycles 0 hard 1 soft 0 temp 0.00 loss 3.26 i_con 4.55 plddt 0.31 ptm 0.89 i_ptm 0.19 energy -6.76
  seq=LISGPALEVNYCCFC  loss=3.2647  loss_af=4.6165  energy=-6.7588  i_ptm=0.1895

Saved 10 results to /home/share_nfs/342-Projets_BGE/342.3-Gen-Chem/342.3.2-BioInfo/342.3.2.8-SeqModels/protein_design/colabdesign_energy_guidance/prg/PA_PB1/generated_sequences_ew0.20.json

================================================================================
SUMMARY
================================================================================
 seed  loss_total   loss_af    energy   i_ptm     ptm   plddt  seq
--------------------------------------------------------------------------------
    0      3.0499    4.4006   -6.7540  0.2445  0.8750  0.3156  NDGSPAQLLLFQCTC
    1      2.8140    4.0999   -6.4295  0.3049  0.8939  0.3524  LISGPALEVNYIMFC
    2      2.5679    3.7383   -5.8522  0.4959  0.9004  0.4748  LIGGPALVVFYCCFC
    3      2.2847    3.8314   -7.7336  0.3957  0.8800  0.3312  LIGGPAAVLNYIEFC
    4      3.1292    5.0109   -9.4083  0.1421  0.8693  0.3119  NIWKLAQLLNFGGTC
    5      2.7219    4.4081   -8.4311  0.2743  0.8914  0.3636  NITGLEWLLNFYGDC
    6      2.0882    3.9236   -9.1767  0.4026  0.8965  0.3615  LIGGAQCALNYIMFC
    7      2.9971    4.6613   -8.3209  0.2011  0.8728  0.2904  AIGGPPEDLNYCLFC
    8      2.6334    4.0855   -7.2605  0.3044  0.8778  0.3675  LIGGPAWVLNYYLFC
    9      3.2647    4.6165   -6.7588  0.1895  0.8884  0.3144  LISGPALEVNYCCFC
---------------------------------------------
End time : Tue Mar 10 13:31:09 CET 2026
