Job ID       : 310064
Array task   : 1  →  protocol: gen_energy_D
Node         : aar018
Start time   : Sun May 24 17:29:40 CEST 2026
---------------------------------------------
Sun May 24 17:29:40 2026       
+-----------------------------------------------------------------------------------------+
| NVIDIA-SMI 560.35.03              Driver Version: 560.35.03      CUDA Version: 12.6     |
|-----------------------------------------+------------------------+----------------------+
| GPU  Name                 Persistence-M | Bus-Id          Disp.A | Volatile Uncorr. ECC |
| Fan  Temp   Perf          Pwr:Usage/Cap |           Memory-Usage | GPU-Util  Compute M. |
|                                         |                        |               MIG M. |
|=========================================+========================+======================|
|   0  NVIDIA A30                     Off |   00000000:17:00.0 Off |                    0 |
| N/A   61C    P0             38W /  165W |       1MiB /  24576MiB |      0%      Default |
|                                         |                        |             Disabled |
+-----------------------------------------+------------------------+----------------------+
                                                                                         
+-----------------------------------------------------------------------------------------+
| Processes:                                                                              |
---------------------------------------------
JAX devices: [cuda(id=0)]
GPU check passed: cuda:0
Output file  : /home/share_nfs/342-Projets_BGE/342.3-Gen-Chem/342.3.2-BioInfo/342.3.2.8-SeqModels/protein_design/prg/PA_PB1/results/colabdesign/run_multimer2/gen_energy_D.json
Running protocol: gen_energy_D ...
/home/share_nfs/342-Projets_BGE/342.3-Gen-Chem/342.3.2-BioInfo/342.3.2.8-SeqModels/protein_design/prg/PA_PB1/data/energy_model_params/PNB_2R_3lay_negbinom_energy_model_weights.json
Models loaded: ['model_1_multimer_v3', 'model_2_multimer_v3', 'model_3_multimer_v3', 'model_4_multimer_v3', 'model_5_multimer_v3']
[1/30] seed=0 ...
1 models [2] recycles 0 hard 0 soft 1 temp 1 loss 5.36 i_con 4.91 plddt 0.23 ptm 0.85 i_ptm 0.12 energy 7.38
2 models [3] recycles 0 hard 0 soft 1 temp 1 loss 4.30 i_con 3.86 plddt 0.31 ptm 0.86 i_ptm 0.42 energy 7.37
3 models [2] recycles 0 hard 0 soft 1 temp 1 loss 4.34 i_con 3.93 plddt 0.31 ptm 0.86 i_ptm 0.42 energy 6.73
4 models [3] recycles 0 hard 0 soft 1 temp 1 loss 4.18 i_con 3.81 plddt 0.32 ptm 0.86 i_ptm 0.41 energy 6.22
5 models [3] recycles 0 hard 0 soft 1 temp 1 loss 4.09 i_con 3.75 plddt 0.36 ptm 0.87 i_ptm 0.49 energy 5.52
6 models [2] recycles 0 hard 0 soft 1 temp 1 loss 4.07 i_con 3.77 plddt 0.39 ptm 0.87 i_ptm 0.51 energy 4.78
7 models [1] recycles 0 hard 0 soft 1 temp 1 loss 4.76 i_con 4.47 plddt 0.21 ptm 0.85 i_ptm 0.18 energy 4.22
8 models [1] recycles 0 hard 0 soft 1 temp 1 loss 4.67 i_con 4.39 plddt 0.22 ptm 0.85 i_ptm 0.20 energy 4.03
9 models [3] recycles 0 hard 0 soft 1 temp 1 loss 3.96 i_con 3.70 plddt 0.38 ptm 0.86 i_ptm 0.50 energy 3.90
10 models [1] recycles 0 hard 0 soft 1 temp 1 loss 4.34 i_con 4.10 plddt 0.27 ptm 0.86 i_ptm 0.30 energy 3.46
11 models [0] recycles 0 hard 0 soft 1 temp 1 loss 3.88 i_con 3.66 plddt 0.41 ptm 0.86 i_ptm 0.58 energy 3.11
12 models [0] recycles 0 hard 0 soft 1 temp 1 loss 4.06 i_con 3.85 plddt 0.40 ptm 0.85 i_ptm 0.46 energy 2.83
13 models [0] recycles 0 hard 0 soft 1 temp 1 loss 3.89 i_con 3.70 plddt 0.40 ptm 0.85 i_ptm 0.55 energy 2.57
14 models [1] recycles 0 hard 0 soft 1 temp 1 loss 4.04 i_con 3.86 plddt 0.30 ptm 0.87 i_ptm 0.39 energy 2.29
15 models [0] recycles 0 hard 0 soft 1 temp 1 loss 4.06 i_con 3.89 plddt 0.35 ptm 0.85 i_ptm 0.45 energy 2.13
16 models [4] recycles 0 hard 0 soft 1 temp 1 loss 3.93 i_con 3.76 plddt 0.35 ptm 0.89 i_ptm 0.53 energy 2.03
17 models [3] recycles 0 hard 0 soft 1 temp 1 loss 3.78 i_con 3.64 plddt 0.42 ptm 0.87 i_ptm 0.58 energy 1.65
18 models [1] recycles 0 hard 0 soft 1 temp 1 loss 4.00 i_con 3.87 plddt 0.31 ptm 0.87 i_ptm 0.42 energy 1.36
19 models [4] recycles 0 hard 0 soft 1 temp 1 loss 3.88 i_con 3.75 plddt 0.38 ptm 0.88 i_ptm 0.52 energy 1.37
20 models [1] recycles 0 hard 0 soft 1 temp 1 loss 4.37 i_con 4.23 plddt 0.29 ptm 0.85 i_ptm 0.23 energy 1.25
21 models [0] recycles 0 hard 0 soft 1 temp 1 loss 3.86 i_con 3.74 plddt 0.42 ptm 0.86 i_ptm 0.54 energy 1.33
22 models [3] recycles 0 hard 0 soft 1 temp 1 loss 3.49 i_con 3.38 plddt 0.43 ptm 0.88 i_ptm 0.65 energy 1.16
23 models [3] recycles 0 hard 0 soft 1 temp 1 loss 3.69 i_con 3.58 plddt 0.40 ptm 0.88 i_ptm 0.60 energy 1.15
24 models [4] recycles 0 hard 0 soft 1 temp 1 loss 3.81 i_con 3.70 plddt 0.41 ptm 0.89 i_ptm 0.56 energy 1.03
25 models [4] recycles 0 hard 0 soft 1 temp 1 loss 3.76 i_con 3.67 plddt 0.43 ptm 0.89 i_ptm 0.58 energy 0.75
26 models [0] recycles 0 hard 0 soft 1 temp 1 loss 3.88 i_con 3.79 plddt 0.39 ptm 0.86 i_ptm 0.48 energy 0.43
27 models [1] recycles 0 hard 0 soft 1 temp 1 loss 3.80 i_con 3.73 plddt 0.36 ptm 0.88 i_ptm 0.50 energy 0.21
28 models [2] recycles 0 hard 0 soft 1 temp 1 loss 3.72 i_con 3.67 plddt 0.45 ptm 0.88 i_ptm 0.58 energy -0.03
29 models [3] recycles 0 hard 0 soft 1 temp 1 loss 3.33 i_con 3.30 plddt 0.47 ptm 0.88 i_ptm 0.70 energy -0.28
30 models [4] recycles 0 hard 0 soft 1 temp 1 loss 3.75 i_con 3.70 plddt 0.38 ptm 0.89 i_ptm 0.56 energy -0.27
31 models [3] recycles 0 hard 0 soft 1 temp 1 loss 3.49 i_con 3.46 plddt 0.42 ptm 0.88 i_ptm 0.64 energy -0.70
32 models [1] recycles 0 hard 0 soft 1 temp 1 loss 3.80 i_con 3.78 plddt 0.34 ptm 0.88 i_ptm 0.50 energy -0.84
33 models [2] recycles 0 hard 0 soft 1 temp 1 loss 3.72 i_con 3.71 plddt 0.42 ptm 0.87 i_ptm 0.57 energy -0.98
34 models [0] recycles 0 hard 0 soft 1 temp 1 loss 4.36 i_con 4.35 plddt 0.32 ptm 0.83 i_ptm 0.22 energy -1.12
35 models [0] recycles 0 hard 0 soft 1 temp 1 loss 3.71 i_con 3.70 plddt 0.41 ptm 0.86 i_ptm 0.54 energy -1.02
36 models [1] recycles 0 hard 0 soft 1 temp 1 loss 3.66 i_con 3.66 plddt 0.37 ptm 0.88 i_ptm 0.54 energy -1.17
37 models [4] recycles 0 hard 0 soft 1 temp 1 loss 3.61 i_con 3.61 plddt 0.43 ptm 0.89 i_ptm 0.60 energy -1.18
38 models [1] recycles 0 hard 0 soft 1 temp 1 loss 3.91 i_con 3.91 plddt 0.32 ptm 0.87 i_ptm 0.41 energy -1.37
39 models [1] recycles 0 hard 0 soft 1 temp 1 loss 4.05 i_con 4.05 plddt 0.33 ptm 0.86 i_ptm 0.34 energy -1.39
40 models [4] recycles 0 hard 0 soft 1 temp 1 loss 3.78 i_con 3.78 plddt 0.37 ptm 0.89 i_ptm 0.54 energy -1.22
41 models [2] recycles 0 hard 0 soft 1 temp 1 loss 3.61 i_con 3.63 plddt 0.47 ptm 0.87 i_ptm 0.59 energy -1.42
42 models [3] recycles 0 hard 0 soft 1 temp 1 loss 3.37 i_con 3.39 plddt 0.44 ptm 0.88 i_ptm 0.68 energy -1.43
43 models [4] recycles 0 hard 0 soft 1 temp 1 loss 3.71 i_con 3.71 plddt 0.43 ptm 0.89 i_ptm 0.56 energy -1.26
44 models [3] recycles 0 hard 0 soft 1 temp 1 loss 3.46 i_con 3.48 plddt 0.43 ptm 0.88 i_ptm 0.64 energy -1.59
45 models [4] recycles 0 hard 0 soft 1 temp 1 loss 3.68 i_con 3.70 plddt 0.44 ptm 0.89 i_ptm 0.56 energy -1.51
46 models [1] recycles 0 hard 0 soft 1 temp 1 loss 4.78 i_con 4.78 plddt 0.25 ptm 0.85 i_ptm 0.11 energy -1.55
47 models [3] recycles 0 hard 0 soft 1 temp 1 loss 3.26 i_con 3.28 plddt 0.43 ptm 0.88 i_ptm 0.70 energy -1.52
48 models [1] recycles 0 hard 0 soft 1 temp 1 loss 5.37 i_con 5.38 plddt 0.24 ptm 0.85 i_ptm 0.13 energy -1.67
49 models [4] recycles 0 hard 0 soft 1 temp 1 loss 3.67 i_con 3.70 plddt 0.40 ptm 0.89 i_ptm 0.55 energy -1.75
50 models [4] recycles 0 hard 0 soft 1 temp 1 loss 3.64 i_con 3.68 plddt 0.44 ptm 0.89 i_ptm 0.59 energy -1.80
51 models [0] recycles 0 hard 0 soft 1 temp 1 loss 3.26 i_con 3.76 plddt 0.44 ptm 0.86 i_ptm 0.51 energy -1.84
52 models [1] recycles 0 hard 0 soft 1 temp 1 loss 3.86 i_con 4.41 plddt 0.26 ptm 0.85 i_ptm 0.18 energy -2.07
53 models [1] recycles 0 hard 0 soft 1 temp 1 loss 3.30 i_con 3.83 plddt 0.37 ptm 0.88 i_ptm 0.47 energy -1.99
54 models [2] recycles 0 hard 0 soft 1 temp 1 loss 3.04 i_con 3.63 plddt 0.44 ptm 0.87 i_ptm 0.59 energy -2.15
55 models [3] recycles 0 hard 0 soft 1 temp 1 loss 4.04 i_con 4.63 plddt 0.30 ptm 0.85 i_ptm 0.22 energy -2.22
56 models [0] recycles 0 hard 0 soft 1 temp 1 loss 2.93 i_con 3.60 plddt 0.41 ptm 0.86 i_ptm 0.60 energy -2.44
57 models [3] recycles 0 hard 0 soft 1 temp 1 loss 2.57 i_con 3.30 plddt 0.46 ptm 0.88 i_ptm 0.72 energy -2.60
58 models [4] recycles 0 hard 0 soft 1 temp 1 loss 2.78 i_con 3.54 plddt 0.49 ptm 0.89 i_ptm 0.62 energy -2.69
59 models [1] recycles 0 hard 0 soft 1 temp 1 loss 4.61 i_con 5.38 plddt 0.30 ptm 0.85 i_ptm 0.16 energy -2.80
60 models [2] recycles 0 hard 0 soft 1 temp 1 loss 2.94 i_con 3.72 plddt 0.43 ptm 0.87 i_ptm 0.55 energy -2.80
61 models [0] recycles 0 hard 0 soft 1 temp 1 loss 3.05 i_con 3.87 plddt 0.40 ptm 0.84 i_ptm 0.42 energy -2.93
62 models [2] recycles 0 hard 0 soft 1 temp 1 loss 2.72 i_con 3.53 plddt 0.45 ptm 0.88 i_ptm 0.63 energy -2.88
63 models [4] recycles 0 hard 0 soft 1 temp 1 loss 3.19 i_con 4.03 plddt 0.32 ptm 0.88 i_ptm 0.37 energy -3.04
64 models [3] recycles 0 hard 0 soft 1 temp 1 loss 2.66 i_con 3.54 plddt 0.42 ptm 0.87 i_ptm 0.62 energy -3.13
65 models [1] recycles 0 hard 0 soft 1 temp 1 loss 3.02 i_con 3.90 plddt 0.34 ptm 0.87 i_ptm 0.43 energy -3.15
66 models [4] recycles 0 hard 0 soft 1 temp 1 loss 4.19 i_con 5.08 plddt 0.29 ptm 0.88 i_ptm 0.24 energy -3.20
67 models [1] recycles 0 hard 0 soft 1 temp 1 loss 3.13 i_con 4.02 plddt 0.30 ptm 0.87 i_ptm 0.35 energy -3.20
68 models [2] recycles 0 hard 0 soft 1 temp 1 loss 2.69 i_con 3.61 plddt 0.43 ptm 0.88 i_ptm 0.60 energy -3.25
69 models [0] recycles 0 hard 0 soft 1 temp 1 loss 2.94 i_con 3.87 plddt 0.36 ptm 0.85 i_ptm 0.47 energy -3.32
70 models [2] recycles 0 hard 0 soft 1 temp 1 loss 2.48 i_con 3.44 plddt 0.45 ptm 0.88 i_ptm 0.68 energy -3.36
71 models [3] recycles 0 hard 0 soft 1 temp 1 loss 2.69 i_con 3.65 plddt 0.40 ptm 0.88 i_ptm 0.55 energy -3.41
72 models [4] recycles 0 hard 0 soft 1 temp 1 loss 2.49 i_con 3.50 plddt 0.44 ptm 0.89 i_ptm 0.62 energy -3.55
73 models [2] recycles 0 hard 0 soft 1 temp 1 loss 2.61 i_con 3.61 plddt 0.41 ptm 0.88 i_ptm 0.59 energy -3.54
74 models [3] recycles 0 hard 0 soft 1 temp 1 loss 2.33 i_con 3.38 plddt 0.45 ptm 0.87 i_ptm 0.68 energy -3.67
75 models [2] recycles 0 hard 0 soft 1 temp 1 loss 2.17 i_con 3.24 plddt 0.46 ptm 0.88 i_ptm 0.72 energy -3.76
76 models [3] recycles 0 hard 0 soft 1 temp 1 loss 2.32 i_con 3.40 plddt 0.43 ptm 0.87 i_ptm 0.67 energy -3.80
77 models [3] recycles 0 hard 0 soft 1 temp 1 loss 2.57 i_con 3.68 plddt 0.44 ptm 0.86 i_ptm 0.55 energy -3.92
78 models [3] recycles 0 hard 0 soft 1 temp 1 loss 2.31 i_con 3.42 plddt 0.41 ptm 0.87 i_ptm 0.64 energy -3.92
79 models [4] recycles 0 hard 0 soft 1 temp 1 loss 2.43 i_con 3.60 plddt 0.41 ptm 0.89 i_ptm 0.58 energy -4.08
80 models [4] recycles 0 hard 0 soft 1 temp 1 loss 2.49 i_con 3.66 plddt 0.40 ptm 0.89 i_ptm 0.57 energy -4.09
81 models [1] recycles 0 hard 0 soft 1 temp 1 loss 2.62 i_con 3.84 plddt 0.37 ptm 0.87 i_ptm 0.48 energy -4.28
82 models [0] recycles 0 hard 0 soft 1 temp 1 loss 2.37 i_con 3.58 plddt 0.41 ptm 0.86 i_ptm 0.60 energy -4.21
83 models [0] recycles 0 hard 0 soft 1 temp 1 loss 2.41 i_con 3.64 plddt 0.40 ptm 0.86 i_ptm 0.56 energy -4.30
84 models [0] recycles 0 hard 0 soft 1 temp 1 loss 2.48 i_con 3.72 plddt 0.39 ptm 0.86 i_ptm 0.54 energy -4.36
85 models [2] recycles 0 hard 0 soft 1 temp 1 loss 2.19 i_con 3.47 plddt 0.46 ptm 0.88 i_ptm 0.65 energy -4.45
86 models [1] recycles 0 hard 0 soft 1 temp 1 loss 2.86 i_con 4.14 plddt 0.31 ptm 0.86 i_ptm 0.30 energy -4.47
87 models [3] recycles 0 hard 0 soft 1 temp 1 loss 2.23 i_con 3.50 plddt 0.42 ptm 0.87 i_ptm 0.63 energy -4.41
88 models [0] recycles 0 hard 0 soft 1 temp 1 loss 2.51 i_con 3.78 plddt 0.38 ptm 0.85 i_ptm 0.48 energy -4.44
89 models [1] recycles 0 hard 0 soft 1 temp 1 loss 2.61 i_con 3.92 plddt 0.36 ptm 0.87 i_ptm 0.41 energy -4.60
90 models [1] recycles 0 hard 0 soft 1 temp 1 loss 2.37 i_con 3.67 plddt 0.40 ptm 0.88 i_ptm 0.56 energy -4.51
91 models [1] recycles 0 hard 0 soft 1 temp 1 loss 1.93 i_con 3.21 plddt 0.48 ptm 0.88 i_ptm 0.73 energy -4.44
92 models [4] recycles 0 hard 0 soft 1 temp 1 loss 2.34 i_con 3.66 plddt 0.40 ptm 0.89 i_ptm 0.55 energy -4.59
93 models [2] recycles 0 hard 0 soft 1 temp 1 loss 2.21 i_con 3.53 plddt 0.43 ptm 0.89 i_ptm 0.62 energy -4.60
94 models [0] recycles 0 hard 0 soft 1 temp 1 loss 1.93 i_con 3.28 plddt 0.45 ptm 0.87 i_ptm 0.71 energy -4.68
95 models [2] recycles 0 hard 0 soft 1 temp 1 loss 2.17 i_con 3.53 plddt 0.43 ptm 0.88 i_ptm 0.63 energy -4.72
96 models [4] recycles 0 hard 0 soft 1 temp 1 loss 2.24 i_con 3.61 plddt 0.39 ptm 0.89 i_ptm 0.58 energy -4.79
97 models [4] recycles 0 hard 0 soft 1 temp 1 loss 2.22 i_con 3.65 plddt 0.43 ptm 0.89 i_ptm 0.56 energy -4.94
98 models [4] recycles 0 hard 0 soft 1 temp 1 loss 1.95 i_con 3.40 plddt 0.44 ptm 0.89 i_ptm 0.64 energy -5.02
99 models [2] recycles 0 hard 0 soft 1 temp 1 loss 2.12 i_con 3.61 plddt 0.42 ptm 0.87 i_ptm 0.60 energy -5.15
100 models [0] recycles 0 hard 0 soft 1 temp 1 loss 2.19 i_con 3.68 plddt 0.41 ptm 0.85 i_ptm 0.55 energy -5.15
101 models [0] recycles 0 hard 0 soft 0 temp 1 loss 2.30 i_con 4.74 plddt 0.26 ptm 0.83 i_ptm 0.16 energy -25.14
102 models [1] recycles 0 hard 0 soft 0 temp 0.98 loss 3.53 i_con 5.96 plddt 0.26 ptm 0.87 i_ptm 0.18 energy -25.07
103 models [3] recycles 0 hard 0 soft 0 temp 0.96 loss 2.87 i_con 5.29 plddt 0.25 ptm 0.84 i_ptm 0.13 energy -25.00
104 models [3] recycles 0 hard 0 soft 0 temp 0.94 loss 3.53 i_con 5.93 plddt 0.25 ptm 0.85 i_ptm 0.21 energy -24.78
105 models [0] recycles 0 hard 0 soft 0 temp 0.92 loss 2.95 i_con 5.36 plddt 0.25 ptm 0.83 i_ptm 0.17 energy -24.88
106 models [2] recycles 0 hard 0 soft 0 temp 0.90 loss 1.87 i_con 4.26 plddt 0.24 ptm 0.21 i_ptm 0.21 energy -24.70
107 models [4] recycles 0 hard 0 soft 0 temp 0.88 loss 2.54 i_con 4.92 plddt 0.16 ptm 0.13 i_ptm 0.15 energy -24.62
108 models [0] recycles 0 hard 0 soft 0 temp 0.86 loss 2.48 i_con 4.86 plddt 0.21 ptm 0.77 i_ptm 0.13 energy -24.50
109 models [3] recycles 0 hard 0 soft 0 temp 0.84 loss 1.55 i_con 3.93 plddt 0.17 ptm 0.23 i_ptm 0.34 energy -24.59
110 models [0] recycles 0 hard 0 soft 0 temp 0.82 loss 1.47 i_con 3.87 plddt 0.21 ptm 0.44 i_ptm 0.69 energy -24.80
111 models [3] recycles 0 hard 0 soft 0 temp 0.80 loss -0.43 i_con 1.99 plddt 0.32 ptm 0.52 i_ptm 0.54 energy -24.88
112 models [3] recycles 0 hard 0 soft 0 temp 0.78 loss 0.02 i_con 2.46 plddt 0.24 ptm 0.45 i_ptm 0.53 energy -25.12
113 models [0] recycles 0 hard 0 soft 0 temp 0.76 loss 1.08 i_con 3.50 plddt 0.24 ptm 0.48 i_ptm 0.75 energy -24.94
114 models [3] recycles 0 hard 0 soft 0 temp 0.74 loss 1.39 i_con 3.81 plddt 0.16 ptm 0.30 i_ptm 0.56 energy -25.03
115 models [3] recycles 0 hard 0 soft 0 temp 0.72 loss 0.35 i_con 2.80 plddt 0.37 ptm 0.57 i_ptm 0.62 energy -25.16
116 models [0] recycles 0 hard 0 soft 0 temp 0.70 loss 0.93 i_con 3.38 plddt 0.26 ptm 0.51 i_ptm 0.62 energy -25.27
117 models [4] recycles 0 hard 0 soft 0 temp 0.68 loss 1.59 i_con 4.05 plddt 0.19 ptm 0.31 i_ptm 0.41 energy -25.39
118 models [2] recycles 0 hard 0 soft 0 temp 0.66 loss 2.23 i_con 4.70 plddt 0.16 ptm 0.21 i_ptm 0.43 energy -25.49
119 models [2] recycles 0 hard 0 soft 0 temp 0.64 loss 2.89 i_con 5.40 plddt 0.29 ptm 0.86 i_ptm 0.15 energy -25.79
120 models [4] recycles 0 hard 0 soft 0 temp 0.62 loss 2.51 i_con 5.02 plddt 0.21 ptm 0.87 i_ptm 0.14 energy -25.93
121 models [0] recycles 0 hard 0 soft 0 temp 0.60 loss 1.77 i_con 4.32 plddt 0.28 ptm 0.83 i_ptm 0.23 energy -26.23
122 models [0] recycles 0 hard 0 soft 0 temp 0.58 loss 2.08 i_con 4.64 plddt 0.24 ptm 0.83 i_ptm 0.16 energy -26.38
123 models [4] recycles 0 hard 0 soft 0 temp 0.56 loss 1.28 i_con 3.92 plddt 0.31 ptm 0.88 i_ptm 0.38 energy -27.12
124 models [0] recycles 0 hard 0 soft 0 temp 0.54 loss 1.21 i_con 3.96 plddt 0.34 ptm 0.84 i_ptm 0.38 energy -28.16
125 models [2] recycles 0 hard 0 soft 0 temp 0.52 loss 0.86 i_con 3.79 plddt 0.36 ptm 0.88 i_ptm 0.49 energy -29.96
126 models [1] recycles 0 hard 0 soft 0 temp 0.50 loss 2.81 i_con 5.91 plddt 0.26 ptm 0.86 i_ptm 0.21 energy -31.83
127 models [0] recycles 0 hard 0 soft 0 temp 0.48 loss 0.77 i_con 3.92 plddt 0.33 ptm 0.85 i_ptm 0.41 energy -32.11
128 models [0] recycles 0 hard 0 soft 0 temp 0.46 loss 0.71 i_con 4.00 plddt 0.32 ptm 0.84 i_ptm 0.36 energy -33.61
129 models [0] recycles 0 hard 0 soft 0 temp 0.44 loss 1.08 i_con 4.53 plddt 0.25 ptm 0.83 i_ptm 0.14 energy -35.26
130 models [4] recycles 0 hard 0 soft 0 temp 0.42 loss 1.56 i_con 5.02 plddt 0.24 ptm 0.88 i_ptm 0.20 energy -35.38
131 models [2] recycles 0 hard 0 soft 0 temp 0.40 loss 0.18 i_con 3.70 plddt 0.39 ptm 0.88 i_ptm 0.52 energy -35.83
132 models [2] recycles 0 hard 0 soft 0 temp 0.38 loss 0.23 i_con 3.91 plddt 0.34 ptm 0.87 i_ptm 0.43 energy -37.50
133 models [3] recycles 0 hard 0 soft 0 temp 0.36 loss 0.76 i_con 4.52 plddt 0.30 ptm 0.85 i_ptm 0.27 energy -38.22
134 models [0] recycles 0 hard 0 soft 0 temp 0.34 loss 0.09 i_con 3.99 plddt 0.33 ptm 0.85 i_ptm 0.39 energy -39.62
135 models [4] recycles 0 hard 0 soft 0 temp 0.32 loss -0.18 i_con 3.83 plddt 0.35 ptm 0.89 i_ptm 0.47 energy -40.81
136 models [3] recycles 0 hard 0 soft 0 temp 0.30 loss 0.11 i_con 4.26 plddt 0.27 ptm 0.85 i_ptm 0.23 energy -42.27
137 models [3] recycles 0 hard 0 soft 0 temp 0.28 loss 0.06 i_con 4.24 plddt 0.27 ptm 0.84 i_ptm 0.23 energy -42.54
138 models [4] recycles 0 hard 0 soft 0 temp 0.26 loss -0.44 i_con 3.79 plddt 0.34 ptm 0.89 i_ptm 0.44 energy -43.04
139 models [3] recycles 0 hard 0 soft 0 temp 0.24 loss -0.48 i_con 3.83 plddt 0.33 ptm 0.86 i_ptm 0.46 energy -43.73
140 models [2] recycles 0 hard 0 soft 0 temp 0.22 loss -0.62 i_con 3.78 plddt 0.41 ptm 0.88 i_ptm 0.52 energy -44.62
141 models [2] recycles 0 hard 0 soft 0 temp 0.20 loss -0.77 i_con 3.78 plddt 0.36 ptm 0.88 i_ptm 0.49 energy -46.18
142 models [4] recycles 0 hard 0 soft 0 temp 0.18 loss -0.93 i_con 3.74 plddt 0.36 ptm 0.89 i_ptm 0.50 energy -47.31
143 models [1] recycles 0 hard 0 soft 0 temp 0.16 loss 0.96 i_con 5.64 plddt 0.28 ptm 0.86 i_ptm 0.18 energy -47.52
144 models [2] recycles 0 hard 0 soft 0 temp 0.14 loss -0.87 i_con 3.87 plddt 0.34 ptm 0.87 i_ptm 0.44 energy -48.05
145 models [4] recycles 0 hard 0 soft 0 temp 0.12 loss -0.84 i_con 3.96 plddt 0.28 ptm 0.89 i_ptm 0.36 energy -48.78
146 models [2] recycles 0 hard 0 soft 0 temp 0.10 loss -1.04 i_con 3.83 plddt 0.35 ptm 0.87 i_ptm 0.48 energy -49.34
147 models [1] recycles 0 hard 0 soft 0 temp 0.08 loss -0.68 i_con 4.27 plddt 0.26 ptm 0.86 i_ptm 0.22 energy -50.24
148 models [3] recycles 0 hard 0 soft 0 temp 0.06 loss -0.59 i_con 4.42 plddt 0.27 ptm 0.85 i_ptm 0.26 energy -50.76
149 models [2] recycles 0 hard 0 soft 0 temp 0.04 loss -1.40 i_con 3.74 plddt 0.38 ptm 0.88 i_ptm 0.54 energy -52.03
150 models [2] recycles 0 hard 0 soft 0 temp 0.02 loss -1.50 i_con 3.74 plddt 0.39 ptm 0.88 i_ptm 0.53 energy -52.95
151 models [2] recycles 0 hard 1 soft 0 temp 0.00 loss -0.21 i_con 3.53 plddt 0.38 ptm 0.88 i_ptm 0.63 energy -5.44
152 models [4] recycles 0 hard 1 soft 0 temp 0.00 loss -0.12 i_con 3.62 plddt 0.34 ptm 0.89 i_ptm 0.59 energy -5.44
153 models [0] recycles 0 hard 1 soft 0 temp 0.00 loss -0.11 i_con 3.63 plddt 0.36 ptm 0.86 i_ptm 0.58 energy -5.44
154 models [4] recycles 0 hard 1 soft 0 temp 0.00 loss -0.12 i_con 3.62 plddt 0.34 ptm 0.89 i_ptm 0.59 energy -5.44
155 models [2] recycles 0 hard 1 soft 0 temp 0.00 loss -0.21 i_con 3.53 plddt 0.38 ptm 0.88 i_ptm 0.63 energy -5.44
156 models [4] recycles 0 hard 1 soft 0 temp 0.00 loss -0.12 i_con 3.62 plddt 0.34 ptm 0.89 i_ptm 0.59 energy -5.44
157 models [4] recycles 0 hard 1 soft 0 temp 0.00 loss -0.12 i_con 3.62 plddt 0.34 ptm 0.89 i_ptm 0.59 energy -5.44
158 models [1] recycles 0 hard 1 soft 0 temp 0.00 loss 1.55 i_con 5.28 plddt 0.24 ptm 0.85 i_ptm 0.18 energy -5.44
159 models [4] recycles 0 hard 1 soft 0 temp 0.00 loss -0.12 i_con 3.62 plddt 0.34 ptm 0.89 i_ptm 0.59 energy -5.44
160 models [3] recycles 0 hard 1 soft 0 temp 0.00 loss -0.34 i_con 3.40 plddt 0.38 ptm 0.88 i_ptm 0.67 energy -5.44
161 models [0] recycles 0 hard 1 soft 0 temp 0.00 loss -0.11 i_con 3.63 plddt 0.36 ptm 0.86 i_ptm 0.58 energy -5.44
162 models [2] recycles 0 hard 1 soft 0 temp 0.00 loss -0.21 i_con 3.53 plddt 0.38 ptm 0.88 i_ptm 0.63 energy -5.44
163 models [3] recycles 0 hard 1 soft 0 temp 0.00 loss -0.34 i_con 3.40 plddt 0.38 ptm 0.88 i_ptm 0.67 energy -5.44
164 models [0] recycles 0 hard 1 soft 0 temp 0.00 loss -0.11 i_con 3.63 plddt 0.36 ptm 0.86 i_ptm 0.58 energy -5.44
165 models [2] recycles 0 hard 1 soft 0 temp 0.00 loss -0.21 i_con 3.53 plddt 0.38 ptm 0.88 i_ptm 0.63 energy -5.44
166 models [2] recycles 0 hard 1 soft 0 temp 0.00 loss -0.21 i_con 3.53 plddt 0.38 ptm 0.88 i_ptm 0.63 energy -5.44
167 models [4] recycles 0 hard 1 soft 0 temp 0.00 loss -0.12 i_con 3.62 plddt 0.34 ptm 0.89 i_ptm 0.59 energy -5.44
168 models [4] recycles 0 hard 1 soft 0 temp 0.00 loss -0.12 i_con 3.62 plddt 0.34 ptm 0.89 i_ptm 0.59 energy -5.44
169 models [0] recycles 0 hard 1 soft 0 temp 0.00 loss -0.11 i_con 3.63 plddt 0.36 ptm 0.86 i_ptm 0.58 energy -5.44
170 models [1] recycles 0 hard 1 soft 0 temp 0.00 loss 1.55 i_con 5.28 plddt 0.24 ptm 0.85 i_ptm 0.18 energy -5.44
171 models [3] recycles 0 hard 1 soft 0 temp 0.00 loss -0.34 i_con 3.40 plddt 0.38 ptm 0.88 i_ptm 0.67 energy -5.44
172 models [4] recycles 0 hard 1 soft 0 temp 0.00 loss -0.12 i_con 3.62 plddt 0.34 ptm 0.89 i_ptm 0.59 energy -5.44
173 models [0] recycles 0 hard 1 soft 0 temp 0.00 loss -0.11 i_con 3.63 plddt 0.36 ptm 0.86 i_ptm 0.58 energy -5.44
174 models [2] recycles 0 hard 1 soft 0 temp 0.00 loss -0.21 i_con 3.53 plddt 0.38 ptm 0.88 i_ptm 0.63 energy -5.44
175 models [0] recycles 0 hard 1 soft 0 temp 0.00 loss -0.11 i_con 3.63 plddt 0.36 ptm 0.86 i_ptm 0.58 energy -5.44
176 models [1] recycles 0 hard 1 soft 0 temp 0.00 loss 1.55 i_con 5.28 plddt 0.24 ptm 0.85 i_ptm 0.18 energy -5.44
177 models [2] recycles 0 hard 1 soft 0 temp 0.00 loss -0.21 i_con 3.53 plddt 0.38 ptm 0.88 i_ptm 0.63 energy -5.44
178 models [2] recycles 0 hard 1 soft 0 temp 0.00 loss -0.21 i_con 3.53 plddt 0.38 ptm 0.88 i_ptm 0.63 energy -5.44
179 models [4] recycles 0 hard 1 soft 0 temp 0.00 loss -0.12 i_con 3.62 plddt 0.34 ptm 0.89 i_ptm 0.59 energy -5.44
180 models [2] recycles 0 hard 1 soft 0 temp 0.00 loss -0.21 i_con 3.53 plddt 0.38 ptm 0.88 i_ptm 0.63 energy -5.44
  seq=NHSRAWWHVWWQRGC  loss=-0.2096  loss_af=3.5967  energy=-5.4376  i_ptm=0.6278
[2/30] seed=1 ...
1 models [2] recycles 0 hard 0 soft 1 temp 1 loss 6.00 i_con 5.55 plddt 0.22 ptm 0.85 i_ptm 0.18 energy 7.40
2 models [1] recycles 0 hard 0 soft 1 temp 1 loss 5.43 i_con 5.00 plddt 0.21 ptm 0.86 i_ptm 0.14 energy 7.12
3 models [1] recycles 0 hard 0 soft 1 temp 1 loss 4.93 i_con 4.50 plddt 0.23 ptm 0.85 i_ptm 0.16 energy 7.04
4 models [2] recycles 0 hard 0 soft 1 temp 1 loss 4.24 i_con 3.84 plddt 0.34 ptm 0.87 i_ptm 0.42 energy 6.75
5 models [2] recycles 0 hard 0 soft 1 temp 1 loss 4.40 i_con 4.03 plddt 0.28 ptm 0.86 i_ptm 0.32 energy 5.94
6 models [4] recycles 0 hard 0 soft 1 temp 1 loss 4.27 i_con 3.94 plddt 0.33 ptm 0.88 i_ptm 0.39 energy 5.31
7 models [3] recycles 0 hard 0 soft 1 temp 1 loss 4.02 i_con 3.73 plddt 0.38 ptm 0.86 i_ptm 0.47 energy 4.72
8 models [0] recycles 0 hard 0 soft 1 temp 1 loss 4.53 i_con 4.25 plddt 0.26 ptm 0.83 i_ptm 0.27 energy 4.12
9 models [0] recycles 0 hard 0 soft 1 temp 1 loss 4.39 i_con 4.13 plddt 0.27 ptm 0.84 i_ptm 0.30 energy 3.69
10 models [3] recycles 0 hard 0 soft 1 temp 1 loss 4.55 i_con 4.31 plddt 0.31 ptm 0.85 i_ptm 0.28 energy 3.35
11 models [1] recycles 0 hard 0 soft 1 temp 1 loss 5.75 i_con 5.51 plddt 0.23 ptm 0.86 i_ptm 0.17 energy 3.25
12 models [0] recycles 0 hard 0 soft 1 temp 1 loss 4.55 i_con 4.32 plddt 0.26 ptm 0.83 i_ptm 0.22 energy 3.12
13 models [0] recycles 0 hard 0 soft 1 temp 1 loss 4.31 i_con 4.09 plddt 0.29 ptm 0.84 i_ptm 0.33 energy 2.87
14 models [1] recycles 0 hard 0 soft 1 temp 1 loss 4.46 i_con 4.25 plddt 0.25 ptm 0.86 i_ptm 0.22 energy 2.61
15 models [1] recycles 0 hard 0 soft 1 temp 1 loss 5.47 i_con 5.27 plddt 0.26 ptm 0.85 i_ptm 0.23 energy 2.55
16 models [4] recycles 0 hard 0 soft 1 temp 1 loss 4.02 i_con 3.83 plddt 0.36 ptm 0.89 i_ptm 0.47 energy 2.44
17 models [2] recycles 0 hard 0 soft 1 temp 1 loss 3.99 i_con 3.81 plddt 0.37 ptm 0.86 i_ptm 0.44 energy 2.22
18 models [1] recycles 0 hard 0 soft 1 temp 1 loss 4.31 i_con 4.14 plddt 0.26 ptm 0.86 i_ptm 0.27 energy 1.91
19 models [3] recycles 0 hard 0 soft 1 temp 1 loss 3.89 i_con 3.74 plddt 0.34 ptm 0.86 i_ptm 0.43 energy 1.78
20 models [3] recycles 0 hard 0 soft 1 temp 1 loss 3.91 i_con 3.77 plddt 0.36 ptm 0.86 i_ptm 0.44 energy 1.40
21 models [1] recycles 0 hard 0 soft 1 temp 1 loss 4.16 i_con 4.04 plddt 0.29 ptm 0.87 i_ptm 0.31 energy 0.94
22 models [2] recycles 0 hard 0 soft 1 temp 1 loss 3.87 i_con 3.77 plddt 0.33 ptm 0.86 i_ptm 0.43 energy 0.64
23 models [2] recycles 0 hard 0 soft 1 temp 1 loss 3.78 i_con 3.71 plddt 0.36 ptm 0.87 i_ptm 0.48 energy 0.26
24 models [3] recycles 0 hard 0 soft 1 temp 1 loss 3.75 i_con 3.70 plddt 0.35 ptm 0.87 i_ptm 0.46 energy -0.15
25 models [1] recycles 0 hard 0 soft 1 temp 1 loss 3.99 i_con 3.94 plddt 0.29 ptm 0.87 i_ptm 0.35 energy -0.43
26 models [4] recycles 0 hard 0 soft 1 temp 1 loss 3.74 i_con 3.71 plddt 0.34 ptm 0.89 i_ptm 0.48 energy -0.82
27 models [4] recycles 0 hard 0 soft 1 temp 1 loss 3.67 i_con 3.66 plddt 0.39 ptm 0.88 i_ptm 0.53 energy -0.98
28 models [2] recycles 0 hard 0 soft 1 temp 1 loss 3.70 i_con 3.71 plddt 0.35 ptm 0.87 i_ptm 0.49 energy -1.32
29 models [0] recycles 0 hard 0 soft 1 temp 1 loss 3.86 i_con 3.87 plddt 0.34 ptm 0.85 i_ptm 0.44 energy -1.60
30 models [0] recycles 0 hard 0 soft 1 temp 1 loss 3.83 i_con 3.85 plddt 0.34 ptm 0.85 i_ptm 0.40 energy -1.73
31 models [2] recycles 0 hard 0 soft 1 temp 1 loss 3.69 i_con 3.73 plddt 0.35 ptm 0.87 i_ptm 0.49 energy -2.13
32 models [4] recycles 0 hard 0 soft 1 temp 1 loss 3.66 i_con 3.71 plddt 0.35 ptm 0.88 i_ptm 0.47 energy -2.22
33 models [0] recycles 0 hard 0 soft 1 temp 1 loss 3.84 i_con 3.90 plddt 0.32 ptm 0.85 i_ptm 0.39 energy -2.40
34 models [3] recycles 0 hard 0 soft 1 temp 1 loss 3.72 i_con 3.78 plddt 0.35 ptm 0.87 i_ptm 0.46 energy -2.54
35 models [3] recycles 0 hard 0 soft 1 temp 1 loss 3.63 i_con 3.71 plddt 0.37 ptm 0.86 i_ptm 0.48 energy -2.75
36 models [1] recycles 0 hard 0 soft 1 temp 1 loss 3.67 i_con 3.74 plddt 0.36 ptm 0.87 i_ptm 0.44 energy -2.72
37 models [2] recycles 0 hard 0 soft 1 temp 1 loss 3.63 i_con 3.71 plddt 0.38 ptm 0.87 i_ptm 0.52 energy -2.82
38 models [0] recycles 0 hard 0 soft 1 temp 1 loss 3.64 i_con 3.72 plddt 0.39 ptm 0.85 i_ptm 0.52 energy -2.86
39 models [3] recycles 0 hard 0 soft 1 temp 1 loss 3.66 i_con 3.74 plddt 0.37 ptm 0.87 i_ptm 0.48 energy -2.88
40 models [3] recycles 0 hard 0 soft 1 temp 1 loss 3.67 i_con 3.75 plddt 0.35 ptm 0.87 i_ptm 0.45 energy -2.94
41 models [0] recycles 0 hard 0 soft 1 temp 1 loss 3.70 i_con 3.79 plddt 0.35 ptm 0.85 i_ptm 0.44 energy -3.04
42 models [2] recycles 0 hard 0 soft 1 temp 1 loss 3.54 i_con 3.64 plddt 0.43 ptm 0.87 i_ptm 0.57 energy -3.09
43 models [0] recycles 0 hard 0 soft 1 temp 1 loss 3.61 i_con 3.71 plddt 0.40 ptm 0.86 i_ptm 0.50 energy -3.10
44 models [2] recycles 0 hard 0 soft 1 temp 1 loss 3.61 i_con 3.71 plddt 0.38 ptm 0.87 i_ptm 0.51 energy -3.16
45 models [1] recycles 0 hard 0 soft 1 temp 1 loss 3.92 i_con 4.01 plddt 0.28 ptm 0.87 i_ptm 0.37 energy -3.30
46 models [1] recycles 0 hard 0 soft 1 temp 1 loss 5.12 i_con 5.21 plddt 0.23 ptm 0.85 i_ptm 0.13 energy -3.28
47 models [2] recycles 0 hard 0 soft 1 temp 1 loss 3.64 i_con 3.73 plddt 0.35 ptm 0.87 i_ptm 0.50 energy -3.18
48 models [4] recycles 0 hard 0 soft 1 temp 1 loss 3.55 i_con 3.65 plddt 0.37 ptm 0.89 i_ptm 0.54 energy -3.36
49 models [1] recycles 0 hard 0 soft 1 temp 1 loss 5.35 i_con 5.45 plddt 0.24 ptm 0.85 i_ptm 0.16 energy -3.42
50 models [1] recycles 0 hard 0 soft 1 temp 1 loss 4.25 i_con 4.34 plddt 0.26 ptm 0.85 i_ptm 0.21 energy -3.43
51 models [4] recycles 0 hard 0 soft 1 temp 1 loss 2.83 i_con 3.80 plddt 0.33 ptm 0.89 i_ptm 0.47 energy -3.47
52 models [4] recycles 0 hard 0 soft 1 temp 1 loss 2.71 i_con 3.76 plddt 0.36 ptm 0.88 i_ptm 0.48 energy -3.69
53 models [0] recycles 0 hard 0 soft 1 temp 1 loss 2.78 i_con 3.89 plddt 0.37 ptm 0.85 i_ptm 0.43 energy -3.91
54 models [0] recycles 0 hard 0 soft 1 temp 1 loss 2.67 i_con 3.85 plddt 0.36 ptm 0.85 i_ptm 0.42 energy -4.14
55 models [2] recycles 0 hard 0 soft 1 temp 1 loss 2.54 i_con 3.77 plddt 0.39 ptm 0.87 i_ptm 0.51 energy -4.31
56 models [4] recycles 0 hard 0 soft 1 temp 1 loss 2.47 i_con 3.75 plddt 0.36 ptm 0.89 i_ptm 0.50 energy -4.49
57 models [1] recycles 0 hard 0 soft 1 temp 1 loss 2.63 i_con 3.95 plddt 0.31 ptm 0.88 i_ptm 0.39 energy -4.63
58 models [1] recycles 0 hard 0 soft 1 temp 1 loss 2.73 i_con 4.09 plddt 0.31 ptm 0.86 i_ptm 0.31 energy -4.77
59 models [1] recycles 0 hard 0 soft 1 temp 1 loss 2.69 i_con 4.11 plddt 0.30 ptm 0.86 i_ptm 0.30 energy -4.95
60 models [0] recycles 0 hard 0 soft 1 temp 1 loss 2.40 i_con 3.88 plddt 0.35 ptm 0.85 i_ptm 0.38 energy -5.15
61 models [4] recycles 0 hard 0 soft 1 temp 1 loss 2.29 i_con 3.83 plddt 0.32 ptm 0.88 i_ptm 0.42 energy -5.37
62 models [0] recycles 0 hard 0 soft 1 temp 1 loss 2.44 i_con 4.01 plddt 0.34 ptm 0.84 i_ptm 0.35 energy -5.48
63 models [2] recycles 0 hard 0 soft 1 temp 1 loss 2.16 i_con 3.80 plddt 0.35 ptm 0.86 i_ptm 0.46 energy -5.69
64 models [4] recycles 0 hard 0 soft 1 temp 1 loss 2.12 i_con 3.80 plddt 0.34 ptm 0.88 i_ptm 0.47 energy -5.81
65 models [0] recycles 0 hard 0 soft 1 temp 1 loss 2.03 i_con 3.73 plddt 0.42 ptm 0.86 i_ptm 0.47 energy -5.86
66 models [2] recycles 0 hard 0 soft 1 temp 1 loss 2.06 i_con 3.79 plddt 0.38 ptm 0.87 i_ptm 0.49 energy -5.98
67 models [3] recycles 0 hard 0 soft 1 temp 1 loss 2.04 i_con 3.80 plddt 0.35 ptm 0.86 i_ptm 0.42 energy -6.08
68 models [3] recycles 0 hard 0 soft 1 temp 1 loss 2.02 i_con 3.80 plddt 0.36 ptm 0.86 i_ptm 0.43 energy -6.17
69 models [4] recycles 0 hard 0 soft 1 temp 1 loss 2.19 i_con 3.99 plddt 0.33 ptm 0.87 i_ptm 0.38 energy -6.23
70 models [2] recycles 0 hard 0 soft 1 temp 1 loss 2.02 i_con 3.82 plddt 0.35 ptm 0.87 i_ptm 0.43 energy -6.23
71 models [2] recycles 0 hard 0 soft 1 temp 1 loss 1.92 i_con 3.74 plddt 0.38 ptm 0.87 i_ptm 0.49 energy -6.28
72 models [1] recycles 0 hard 0 soft 1 temp 1 loss 3.18 i_con 4.99 plddt 0.25 ptm 0.86 i_ptm 0.15 energy -6.28
73 models [4] recycles 0 hard 0 soft 1 temp 1 loss 1.92 i_con 3.76 plddt 0.39 ptm 0.88 i_ptm 0.48 energy -6.35
74 models [3] recycles 0 hard 0 soft 1 temp 1 loss 1.84 i_con 3.69 plddt 0.39 ptm 0.87 i_ptm 0.51 energy -6.35
75 models [2] recycles 0 hard 0 soft 1 temp 1 loss 1.83 i_con 3.69 plddt 0.42 ptm 0.87 i_ptm 0.52 energy -6.42
76 models [4] recycles 0 hard 0 soft 1 temp 1 loss 1.85 i_con 3.74 plddt 0.37 ptm 0.88 i_ptm 0.49 energy -6.52
77 models [0] recycles 0 hard 0 soft 1 temp 1 loss 2.13 i_con 4.03 plddt 0.33 ptm 0.84 i_ptm 0.34 energy -6.56
78 models [3] recycles 0 hard 0 soft 1 temp 1 loss 1.86 i_con 3.78 plddt 0.37 ptm 0.86 i_ptm 0.47 energy -6.59
79 models [3] recycles 0 hard 0 soft 1 temp 1 loss 1.70 i_con 3.63 plddt 0.41 ptm 0.86 i_ptm 0.52 energy -6.64
80 models [3] recycles 0 hard 0 soft 1 temp 1 loss 1.72 i_con 3.67 plddt 0.38 ptm 0.86 i_ptm 0.50 energy -6.72
81 models [4] recycles 0 hard 0 soft 1 temp 1 loss 1.73 i_con 3.69 plddt 0.41 ptm 0.88 i_ptm 0.51 energy -6.72
82 models [3] recycles 0 hard 0 soft 1 temp 1 loss 1.69 i_con 3.66 plddt 0.40 ptm 0.86 i_ptm 0.53 energy -6.77
83 models [4] recycles 0 hard 0 soft 1 temp 1 loss 1.77 i_con 3.76 plddt 0.33 ptm 0.88 i_ptm 0.48 energy -6.86
84 models [1] recycles 0 hard 0 soft 1 temp 1 loss 3.61 i_con 5.59 plddt 0.26 ptm 0.86 i_ptm 0.20 energy -6.87
85 models [4] recycles 0 hard 0 soft 1 temp 1 loss 1.71 i_con 3.72 plddt 0.39 ptm 0.89 i_ptm 0.53 energy -6.87
86 models [0] recycles 0 hard 0 soft 1 temp 1 loss 1.91 i_con 3.92 plddt 0.34 ptm 0.84 i_ptm 0.38 energy -6.91
87 models [4] recycles 0 hard 0 soft 1 temp 1 loss 3.25 i_con 5.26 plddt 0.26 ptm 0.86 i_ptm 0.17 energy -6.96
88 models [3] recycles 0 hard 0 soft 1 temp 1 loss 1.59 i_con 3.63 plddt 0.42 ptm 0.86 i_ptm 0.54 energy -6.98
89 models [3] recycles 0 hard 0 soft 1 temp 1 loss 1.68 i_con 3.69 plddt 0.35 ptm 0.86 i_ptm 0.48 energy -6.92
90 models [0] recycles 0 hard 0 soft 1 temp 1 loss 1.89 i_con 3.92 plddt 0.33 ptm 0.85 i_ptm 0.39 energy -7.00
91 models [3] recycles 0 hard 0 soft 1 temp 1 loss 1.62 i_con 3.66 plddt 0.40 ptm 0.86 i_ptm 0.50 energy -7.00
92 models [3] recycles 0 hard 0 soft 1 temp 1 loss 1.71 i_con 3.76 plddt 0.36 ptm 0.86 i_ptm 0.43 energy -7.03
93 models [1] recycles 0 hard 0 soft 1 temp 1 loss 2.81 i_con 4.82 plddt 0.23 ptm 0.85 i_ptm 0.15 energy -6.96
94 models [2] recycles 0 hard 0 soft 1 temp 1 loss 1.90 i_con 3.95 plddt 0.34 ptm 0.87 i_ptm 0.40 energy -7.07
95 models [2] recycles 0 hard 0 soft 1 temp 1 loss 1.69 i_con 3.74 plddt 0.41 ptm 0.86 i_ptm 0.51 energy -7.02
96 models [4] recycles 0 hard 0 soft 1 temp 1 loss 1.75 i_con 3.80 plddt 0.36 ptm 0.88 i_ptm 0.47 energy -7.08
97 models [0] recycles 0 hard 0 soft 1 temp 1 loss 1.80 i_con 3.87 plddt 0.34 ptm 0.85 i_ptm 0.42 energy -7.12
98 models [0] recycles 0 hard 0 soft 1 temp 1 loss 1.89 i_con 3.96 plddt 0.35 ptm 0.85 i_ptm 0.36 energy -7.12
99 models [3] recycles 0 hard 0 soft 1 temp 1 loss 1.62 i_con 3.70 plddt 0.39 ptm 0.87 i_ptm 0.50 energy -7.13
100 models [3] recycles 0 hard 0 soft 1 temp 1 loss 1.55 i_con 3.63 plddt 0.41 ptm 0.86 i_ptm 0.50 energy -7.15
101 models [2] recycles 0 hard 0 soft 0 temp 1 loss 1.98 i_con 5.96 plddt 0.26 ptm 0.86 i_ptm 0.15 energy -40.58
102 models [2] recycles 0 hard 0 soft 0 temp 0.98 loss 2.14 i_con 6.14 plddt 0.27 ptm 0.85 i_ptm 0.16 energy -40.77
103 models [3] recycles 0 hard 0 soft 0 temp 0.96 loss 0.84 i_con 4.85 plddt 0.19 ptm 0.80 i_ptm 0.11 energy -40.91
104 models [2] recycles 0 hard 0 soft 0 temp 0.94 loss 0.36 i_con 4.41 plddt 0.24 ptm 0.85 i_ptm 0.17 energy -41.30
105 models [3] recycles 0 hard 0 soft 0 temp 0.92 loss 0.88 i_con 4.92 plddt 0.18 ptm 0.84 i_ptm 0.09 energy -41.28
106 models [0] recycles 0 hard 0 soft 0 temp 0.90 loss 0.52 i_con 4.56 plddt 0.23 ptm 0.83 i_ptm 0.12 energy -41.12
107 models [0] recycles 0 hard 0 soft 0 temp 0.88 loss 0.04 i_con 4.06 plddt 0.27 ptm 0.85 i_ptm 0.31 energy -40.89
108 models [1] recycles 0 hard 0 soft 0 temp 0.86 loss 2.19 i_con 6.25 plddt 0.29 ptm 0.87 i_ptm 0.19 energy -41.40
109 models [0] recycles 0 hard 0 soft 0 temp 0.84 loss 0.22 i_con 4.31 plddt 0.25 ptm 0.84 i_ptm 0.24 energy -41.63
110 models [0] recycles 0 hard 0 soft 0 temp 0.82 loss -0.11 i_con 4.00 plddt 0.29 ptm 0.85 i_ptm 0.35 energy -41.80
111 models [2] recycles 0 hard 0 soft 0 temp 0.80 loss 0.69 i_con 4.85 plddt 0.22 ptm 0.83 i_ptm 0.11 energy -42.39
112 models [1] recycles 0 hard 0 soft 0 temp 0.78 loss 1.94 i_con 6.14 plddt 0.29 ptm 0.87 i_ptm 0.19 energy -42.70
113 models [0] recycles 0 hard 0 soft 0 temp 0.76 loss 0.18 i_con 4.47 plddt 0.25 ptm 0.84 i_ptm 0.16 energy -43.59
114 models [0] recycles 0 hard 0 soft 0 temp 0.74 loss 0.46 i_con 4.75 plddt 0.20 ptm 0.83 i_ptm 0.12 energy -43.68
115 models [1] recycles 0 hard 0 soft 0 temp 0.72 loss 2.06 i_con 6.36 plddt 0.28 ptm 0.86 i_ptm 0.19 energy -43.73
116 models [1] recycles 0 hard 0 soft 0 temp 0.70 loss 1.74 i_con 6.08 plddt 0.25 ptm 0.86 i_ptm 0.20 energy -44.21
117 models [3] recycles 0 hard 0 soft 0 temp 0.68 loss 0.80 i_con 5.19 plddt 0.25 ptm 0.85 i_ptm 0.17 energy -44.63
118 models [2] recycles 0 hard 0 soft 0 temp 0.66 loss 0.59 i_con 4.97 plddt 0.19 ptm 0.14 i_ptm 0.09 energy -44.55
119 models [3] recycles 0 hard 0 soft 0 temp 0.64 loss 1.16 i_con 5.52 plddt 0.25 ptm 0.86 i_ptm 0.21 energy -44.33
120 models [0] recycles 0 hard 0 soft 0 temp 0.62 loss -0.24 i_con 4.12 plddt 0.29 ptm 0.84 i_ptm 0.28 energy -44.33
121 models [3] recycles 0 hard 0 soft 0 temp 0.60 loss -0.33 i_con 4.10 plddt 0.28 ptm 0.86 i_ptm 0.29 energy -45.00
122 models [4] recycles 0 hard 0 soft 0 temp 0.58 loss 0.40 i_con 4.83 plddt 0.21 ptm 0.86 i_ptm 0.12 energy -45.14
123 models [3] recycles 0 hard 0 soft 0 temp 0.56 loss -0.35 i_con 4.09 plddt 0.27 ptm 0.85 i_ptm 0.29 energy -45.06
124 models [3] recycles 0 hard 0 soft 0 temp 0.54 loss -0.04 i_con 4.46 plddt 0.22 ptm 0.85 i_ptm 0.14 energy -45.82
125 models [3] recycles 0 hard 0 soft 0 temp 0.52 loss -0.58 i_con 3.93 plddt 0.27 ptm 0.85 i_ptm 0.35 energy -45.85
126 models [0] recycles 0 hard 0 soft 0 temp 0.50 loss -0.69 i_con 3.99 plddt 0.30 ptm 0.85 i_ptm 0.35 energy -47.51
127 models [2] recycles 0 hard 0 soft 0 temp 0.48 loss -0.05 i_con 4.78 plddt 0.23 ptm 0.85 i_ptm 0.12 energy -49.06
128 models [4] recycles 0 hard 0 soft 0 temp 0.46 loss 0.51 i_con 5.33 plddt 0.25 ptm 0.88 i_ptm 0.21 energy -48.93
129 models [0] recycles 0 hard 0 soft 0 temp 0.44 loss -0.79 i_con 4.06 plddt 0.28 ptm 0.84 i_ptm 0.34 energy -49.20
130 models [0] recycles 0 hard 0 soft 0 temp 0.42 loss -0.96 i_con 4.01 plddt 0.27 ptm 0.85 i_ptm 0.35 energy -50.40
131 models [1] recycles 0 hard 0 soft 0 temp 0.40 loss 0.89 i_con 5.93 plddt 0.28 ptm 0.85 i_ptm 0.17 energy -51.18
132 models [1] recycles 0 hard 0 soft 0 temp 0.38 loss 0.95 i_con 6.07 plddt 0.26 ptm 0.86 i_ptm 0.17 energy -51.98
133 models [1] recycles 0 hard 0 soft 0 temp 0.36 loss 0.80 i_con 5.98 plddt 0.27 ptm 0.86 i_ptm 0.17 energy -52.53
134 models [2] recycles 0 hard 0 soft 0 temp 0.34 loss -1.40 i_con 3.82 plddt 0.33 ptm 0.87 i_ptm 0.42 energy -52.88
135 models [4] recycles 0 hard 0 soft 0 temp 0.32 loss -0.06 i_con 5.28 plddt 0.24 ptm 0.87 i_ptm 0.20 energy -54.10
136 models [0] recycles 0 hard 0 soft 0 temp 0.30 loss -1.35 i_con 4.02 plddt 0.30 ptm 0.84 i_ptm 0.34 energy -54.46
137 models [3] recycles 0 hard 0 soft 0 temp 0.28 loss -1.73 i_con 3.79 plddt 0.25 ptm 0.32 i_ptm 0.34 energy -55.96
138 models [4] recycles 0 hard 0 soft 0 temp 0.26 loss -1.17 i_con 4.38 plddt 0.22 ptm 0.87 i_ptm 0.20 energy -56.31
139 models [0] recycles 0 hard 0 soft 0 temp 0.24 loss -1.43 i_con 4.14 plddt 0.26 ptm 0.84 i_ptm 0.29 energy -56.50
140 models [2] recycles 0 hard 0 soft 0 temp 0.22 loss -1.65 i_con 4.05 plddt 0.27 ptm 0.87 i_ptm 0.32 energy -57.67
141 models [4] recycles 0 hard 0 soft 0 temp 0.20 loss -1.09 i_con 4.65 plddt 0.24 ptm 0.88 i_ptm 0.18 energy -58.18
142 models [4] recycles 0 hard 0 soft 0 temp 0.18 loss -0.97 i_con 4.94 plddt 0.22 ptm 0.88 i_ptm 0.13 energy -59.84
143 models [1] recycles 0 hard 0 soft 0 temp 0.16 loss -0.71 i_con 5.18 plddt 0.24 ptm 0.86 i_ptm 0.14 energy -59.70
144 models [1] recycles 0 hard 0 soft 0 temp 0.14 loss 0.25 i_con 6.12 plddt 0.27 ptm 0.87 i_ptm 0.20 energy -59.47
145 models [1] recycles 0 hard 0 soft 0 temp 0.12 loss -0.37 i_con 5.55 plddt 0.26 ptm 0.86 i_ptm 0.15 energy -59.88
146 models [3] recycles 0 hard 0 soft 0 temp 0.10 loss -1.57 i_con 4.39 plddt 0.22 ptm 0.85 i_ptm 0.16 energy -60.40
147 models [1] recycles 0 hard 0 soft 0 temp 0.08 loss -0.66 i_con 5.30 plddt 0.26 ptm 0.86 i_ptm 0.15 energy -60.35
148 models [2] recycles 0 hard 0 soft 0 temp 0.06 loss -1.95 i_con 4.02 plddt 0.28 ptm 0.87 i_ptm 0.35 energy -60.44
149 models [3] recycles 0 hard 0 soft 0 temp 0.04 loss -0.83 i_con 5.26 plddt 0.25 ptm 0.84 i_ptm 0.20 energy -61.64
150 models [4] recycles 0 hard 0 soft 0 temp 0.02 loss -2.07 i_con 4.03 plddt 0.28 ptm 0.88 i_ptm 0.34 energy -61.76
151 models [2] recycles 0 hard 1 soft 0 temp 0.00 loss -1.26 i_con 3.70 plddt 0.37 ptm 0.87 i_ptm 0.54 energy -7.18
152 models [2] recycles 0 hard 1 soft 0 temp 0.00 loss -1.26 i_con 3.70 plddt 0.37 ptm 0.87 i_ptm 0.54 energy -7.18
153 models [3] recycles 0 hard 1 soft 0 temp 0.00 loss -1.23 i_con 3.73 plddt 0.31 ptm 0.86 i_ptm 0.50 energy -7.18
154 models [0] recycles 0 hard 1 soft 0 temp 0.00 loss -0.92 i_con 4.03 plddt 0.27 ptm 0.84 i_ptm 0.34 energy -7.18
155 models [4] recycles 0 hard 1 soft 0 temp 0.00 loss -1.23 i_con 3.72 plddt 0.31 ptm 0.89 i_ptm 0.52 energy -7.18
156 models [2] recycles 0 hard 1 soft 0 temp 0.00 loss -1.26 i_con 3.70 plddt 0.37 ptm 0.87 i_ptm 0.54 energy -7.18
157 models [3] recycles 0 hard 1 soft 0 temp 0.00 loss -1.23 i_con 3.73 plddt 0.31 ptm 0.86 i_ptm 0.50 energy -7.18
158 models [1] recycles 0 hard 1 soft 0 temp 0.00 loss 0.36 i_con 5.31 plddt 0.22 ptm 0.85 i_ptm 0.22 energy -7.18
159 models [0] recycles 0 hard 1 soft 0 temp 0.00 loss -0.92 i_con 4.03 plddt 0.27 ptm 0.84 i_ptm 0.34 energy -7.18
160 models [1] recycles 0 hard 1 soft 0 temp 0.00 loss 0.36 i_con 5.31 plddt 0.22 ptm 0.85 i_ptm 0.22 energy -7.18
161 models [4] recycles 0 hard 1 soft 0 temp 0.00 loss -1.23 i_con 3.72 plddt 0.31 ptm 0.89 i_ptm 0.52 energy -7.18
162 models [1] recycles 0 hard 1 soft 0 temp 0.00 loss 0.36 i_con 5.31 plddt 0.22 ptm 0.85 i_ptm 0.22 energy -7.18
163 models [3] recycles 0 hard 1 soft 0 temp 0.00 loss -1.23 i_con 3.73 plddt 0.31 ptm 0.86 i_ptm 0.50 energy -7.18
164 models [3] recycles 0 hard 1 soft 0 temp 0.00 loss -1.23 i_con 3.73 plddt 0.31 ptm 0.86 i_ptm 0.50 energy -7.18
165 models [3] recycles 0 hard 1 soft 0 temp 0.00 loss -1.23 i_con 3.73 plddt 0.31 ptm 0.86 i_ptm 0.50 energy -7.18
166 models [1] recycles 0 hard 1 soft 0 temp 0.00 loss 0.36 i_con 5.31 plddt 0.22 ptm 0.85 i_ptm 0.22 energy -7.18
167 models [1] recycles 0 hard 1 soft 0 temp 0.00 loss 0.36 i_con 5.31 plddt 0.22 ptm 0.85 i_ptm 0.22 energy -7.18
168 models [0] recycles 0 hard 1 soft 0 temp 0.00 loss -0.92 i_con 4.03 plddt 0.27 ptm 0.84 i_ptm 0.34 energy -7.18
169 models [3] recycles 0 hard 1 soft 0 temp 0.00 loss -1.23 i_con 3.73 plddt 0.31 ptm 0.86 i_ptm 0.50 energy -7.18
170 models [0] recycles 0 hard 1 soft 0 temp 0.00 loss -0.92 i_con 4.03 plddt 0.27 ptm 0.84 i_ptm 0.34 energy -7.18
171 models [0] recycles 0 hard 1 soft 0 temp 0.00 loss -0.92 i_con 4.03 plddt 0.27 ptm 0.84 i_ptm 0.34 energy -7.18
172 models [0] recycles 0 hard 1 soft 0 temp 0.00 loss -0.92 i_con 4.03 plddt 0.27 ptm 0.84 i_ptm 0.34 energy -7.18
173 models [4] recycles 0 hard 1 soft 0 temp 0.00 loss -1.23 i_con 3.72 plddt 0.31 ptm 0.89 i_ptm 0.52 energy -7.18
174 models [3] recycles 0 hard 1 soft 0 temp 0.00 loss -1.23 i_con 3.73 plddt 0.31 ptm 0.86 i_ptm 0.50 energy -7.18
175 models [1] recycles 0 hard 1 soft 0 temp 0.00 loss 0.36 i_con 5.31 plddt 0.22 ptm 0.85 i_ptm 0.22 energy -7.18
176 models [1] recycles 0 hard 1 soft 0 temp 0.00 loss 0.36 i_con 5.31 plddt 0.22 ptm 0.85 i_ptm 0.22 energy -7.18
177 models [3] recycles 0 hard 1 soft 0 temp 0.00 loss -1.23 i_con 3.73 plddt 0.31 ptm 0.86 i_ptm 0.50 energy -7.18
178 models [1] recycles 0 hard 1 soft 0 temp 0.00 loss 0.36 i_con 5.31 plddt 0.22 ptm 0.85 i_ptm 0.22 energy -7.18
179 models [2] recycles 0 hard 1 soft 0 temp 0.00 loss -1.26 i_con 3.70 plddt 0.37 ptm 0.87 i_ptm 0.54 energy -7.18
180 models [0] recycles 0 hard 1 soft 0 temp 0.00 loss -0.92 i_con 4.03 plddt 0.27 ptm 0.84 i_ptm 0.34 energy -7.18
  seq=DWFWWSWCLDSNKDA  loss=-0.9225  loss_af=4.1005  energy=-7.1757  i_ptm=0.3377
[3/30] seed=2 ...
1 models [0] recycles 0 hard 0 soft 1 temp 1 loss 4.74 i_con 4.30 plddt 0.26 ptm 0.83 i_ptm 0.24 energy 7.37
2 models [4] recycles 0 hard 0 soft 1 temp 1 loss 4.56 i_con 4.14 plddt 0.27 ptm 0.88 i_ptm 0.33 energy 6.95
3 models [3] recycles 0 hard 0 soft 1 temp 1 loss 4.30 i_con 3.89 plddt 0.30 ptm 0.86 i_ptm 0.40 energy 6.67
4 models [0] recycles 0 hard 0 soft 1 temp 1 loss 4.32 i_con 3.95 plddt 0.29 ptm 0.84 i_ptm 0.38 energy 5.97
5 models [1] recycles 0 hard 0 soft 1 temp 1 loss 4.35 i_con 4.01 plddt 0.27 ptm 0.87 i_ptm 0.32 energy 5.27
6 models [4] recycles 0 hard 0 soft 1 temp 1 loss 4.17 i_con 3.87 plddt 0.33 ptm 0.88 i_ptm 0.42 energy 4.67
7 models [3] recycles 0 hard 0 soft 1 temp 1 loss 4.14 i_con 3.87 plddt 0.33 ptm 0.85 i_ptm 0.42 energy 4.10
8 models [4] recycles 0 hard 0 soft 1 temp 1 loss 4.10 i_con 3.86 plddt 0.35 ptm 0.88 i_ptm 0.44 energy 3.58
9 models [3] recycles 0 hard 0 soft 1 temp 1 loss 3.91 i_con 3.69 plddt 0.37 ptm 0.87 i_ptm 0.51 energy 3.16
10 models [3] recycles 0 hard 0 soft 1 temp 1 loss 3.96 i_con 3.76 plddt 0.36 ptm 0.86 i_ptm 0.48 energy 2.70
11 models [1] recycles 0 hard 0 soft 1 temp 1 loss 5.42 i_con 5.22 plddt 0.22 ptm 0.86 i_ptm 0.13 energy 2.33
12 models [3] recycles 0 hard 0 soft 1 temp 1 loss 3.89 i_con 3.71 plddt 0.39 ptm 0.86 i_ptm 0.51 energy 2.35
13 models [2] recycles 0 hard 0 soft 1 temp 1 loss 4.03 i_con 3.86 plddt 0.35 ptm 0.87 i_ptm 0.45 energy 2.12
14 models [1] recycles 0 hard 0 soft 1 temp 1 loss 4.29 i_con 4.12 plddt 0.27 ptm 0.86 i_ptm 0.30 energy 1.95
15 models [1] recycles 0 hard 0 soft 1 temp 1 loss 5.17 i_con 5.00 plddt 0.23 ptm 0.85 i_ptm 0.12 energy 1.82
16 models [4] recycles 0 hard 0 soft 1 temp 1 loss 3.76 i_con 3.61 plddt 0.40 ptm 0.89 i_ptm 0.54 energy 1.74
17 models [3] recycles 0 hard 0 soft 1 temp 1 loss 3.76 i_con 3.62 plddt 0.37 ptm 0.87 i_ptm 0.53 energy 1.60
18 models [2] recycles 0 hard 0 soft 1 temp 1 loss 4.08 i_con 3.94 plddt 0.34 ptm 0.87 i_ptm 0.41 energy 1.51
19 models [2] recycles 0 hard 0 soft 1 temp 1 loss 4.12 i_con 3.99 plddt 0.32 ptm 0.86 i_ptm 0.36 energy 1.25
20 models [4] recycles 0 hard 0 soft 1 temp 1 loss 4.07 i_con 3.96 plddt 0.33 ptm 0.88 i_ptm 0.39 energy 1.02
21 models [3] recycles 0 hard 0 soft 1 temp 1 loss 3.85 i_con 3.74 plddt 0.37 ptm 0.87 i_ptm 0.46 energy 0.85
22 models [3] recycles 0 hard 0 soft 1 temp 1 loss 3.72 i_con 3.63 plddt 0.40 ptm 0.87 i_ptm 0.52 energy 0.62
23 models [0] recycles 0 hard 0 soft 1 temp 1 loss 3.97 i_con 3.88 plddt 0.36 ptm 0.84 i_ptm 0.43 energy 0.52
24 models [4] recycles 0 hard 0 soft 1 temp 1 loss 4.06 i_con 3.97 plddt 0.33 ptm 0.88 i_ptm 0.41 energy 0.40
25 models [3] recycles 0 hard 0 soft 1 temp 1 loss 3.81 i_con 3.74 plddt 0.39 ptm 0.86 i_ptm 0.47 energy 0.36
26 models [1] recycles 0 hard 0 soft 1 temp 1 loss 4.28 i_con 4.19 plddt 0.27 ptm 0.85 i_ptm 0.28 energy 0.33
27 models [2] recycles 0 hard 0 soft 1 temp 1 loss 3.93 i_con 3.86 plddt 0.34 ptm 0.87 i_ptm 0.43 energy 0.07
28 models [2] recycles 0 hard 0 soft 1 temp 1 loss 3.79 i_con 3.73 plddt 0.39 ptm 0.87 i_ptm 0.53 energy -0.06
29 models [3] recycles 0 hard 0 soft 1 temp 1 loss 3.75 i_con 3.70 plddt 0.35 ptm 0.87 i_ptm 0.48 energy -0.37
30 models [2] recycles 0 hard 0 soft 1 temp 1 loss 3.90 i_con 3.87 plddt 0.35 ptm 0.87 i_ptm 0.43 energy -0.60
31 models [4] recycles 0 hard 0 soft 1 temp 1 loss 3.66 i_con 3.64 plddt 0.42 ptm 0.89 i_ptm 0.56 energy -0.78
32 models [4] recycles 0 hard 0 soft 1 temp 1 loss 3.76 i_con 3.74 plddt 0.38 ptm 0.89 i_ptm 0.50 energy -0.89
33 models [0] recycles 0 hard 0 soft 1 temp 1 loss 3.84 i_con 3.83 plddt 0.36 ptm 0.85 i_ptm 0.46 energy -0.98
34 models [1] recycles 0 hard 0 soft 1 temp 1 loss 3.89 i_con 3.87 plddt 0.32 ptm 0.87 i_ptm 0.40 energy -1.07
35 models [1] recycles 0 hard 0 soft 1 temp 1 loss 3.72 i_con 3.71 plddt 0.37 ptm 0.88 i_ptm 0.55 energy -1.07
36 models [3] recycles 0 hard 0 soft 1 temp 1 loss 3.64 i_con 3.64 plddt 0.41 ptm 0.88 i_ptm 0.53 energy -1.19
37 models [3] recycles 0 hard 0 soft 1 temp 1 loss 3.56 i_con 3.56 plddt 0.43 ptm 0.87 i_ptm 0.56 energy -1.22
38 models [0] recycles 0 hard 0 soft 1 temp 1 loss 3.83 i_con 3.82 plddt 0.39 ptm 0.84 i_ptm 0.46 energy -1.10
39 models [3] recycles 0 hard 0 soft 1 temp 1 loss 3.83 i_con 3.81 plddt 0.34 ptm 0.86 i_ptm 0.44 energy -0.96
40 models [3] recycles 0 hard 0 soft 1 temp 1 loss 3.63 i_con 3.62 plddt 0.40 ptm 0.87 i_ptm 0.56 energy -1.01
41 models [0] recycles 0 hard 0 soft 1 temp 1 loss 3.71 i_con 3.71 plddt 0.43 ptm 0.85 i_ptm 0.51 energy -1.15
42 models [3] recycles 0 hard 0 soft 1 temp 1 loss 4.64 i_con 4.65 plddt 0.32 ptm 0.85 i_ptm 0.28 energy -1.49
43 models [4] recycles 0 hard 0 soft 1 temp 1 loss 3.63 i_con 3.65 plddt 0.43 ptm 0.89 i_ptm 0.56 energy -1.64
44 models [1] recycles 0 hard 0 soft 1 temp 1 loss 3.76 i_con 3.78 plddt 0.36 ptm 0.87 i_ptm 0.48 energy -1.65
45 models [4] recycles 0 hard 0 soft 1 temp 1 loss 3.54 i_con 3.56 plddt 0.40 ptm 0.89 i_ptm 0.57 energy -1.60
46 models [4] recycles 0 hard 0 soft 1 temp 1 loss 3.57 i_con 3.60 plddt 0.45 ptm 0.89 i_ptm 0.57 energy -1.70
47 models [3] recycles 0 hard 0 soft 1 temp 1 loss 3.54 i_con 3.57 plddt 0.46 ptm 0.87 i_ptm 0.58 energy -1.67
48 models [3] recycles 0 hard 0 soft 1 temp 1 loss 3.46 i_con 3.49 plddt 0.40 ptm 0.87 i_ptm 0.62 energy -1.80
49 models [1] recycles 0 hard 0 soft 1 temp 1 loss 3.48 i_con 3.52 plddt 0.42 ptm 0.88 i_ptm 0.61 energy -1.91
50 models [4] recycles 0 hard 0 soft 1 temp 1 loss 3.74 i_con 3.77 plddt 0.37 ptm 0.89 i_ptm 0.50 energy -1.92
51 models [0] recycles 0 hard 0 soft 1 temp 1 loss 3.21 i_con 3.76 plddt 0.39 ptm 0.86 i_ptm 0.52 energy -2.06
52 models [0] recycles 0 hard 0 soft 1 temp 1 loss 3.16 i_con 3.72 plddt 0.37 ptm 0.85 i_ptm 0.55 energy -2.09
53 models [2] recycles 0 hard 0 soft 1 temp 1 loss 2.77 i_con 3.36 plddt 0.54 ptm 0.89 i_ptm 0.67 energy -2.13
54 models [2] recycles 0 hard 0 soft 1 temp 1 loss 3.00 i_con 3.61 plddt 0.44 ptm 0.87 i_ptm 0.57 energy -2.23
55 models [0] recycles 0 hard 0 soft 1 temp 1 loss 3.06 i_con 3.70 plddt 0.43 ptm 0.86 i_ptm 0.54 energy -2.29
56 models [2] recycles 0 hard 0 soft 1 temp 1 loss 2.91 i_con 3.58 plddt 0.47 ptm 0.88 i_ptm 0.60 energy -2.39
57 models [3] recycles 0 hard 0 soft 1 temp 1 loss 2.69 i_con 3.36 plddt 0.51 ptm 0.88 i_ptm 0.66 energy -2.40
58 models [1] recycles 0 hard 0 soft 1 temp 1 loss 3.14 i_con 3.83 plddt 0.40 ptm 0.87 i_ptm 0.47 energy -2.50
59 models [1] recycles 0 hard 0 soft 1 temp 1 loss 3.01 i_con 3.71 plddt 0.38 ptm 0.88 i_ptm 0.54 energy -2.53
60 models [3] recycles 0 hard 0 soft 1 temp 1 loss 2.90 i_con 3.58 plddt 0.42 ptm 0.87 i_ptm 0.57 energy -2.47
61 models [4] recycles 0 hard 0 soft 1 temp 1 loss 3.20 i_con 3.93 plddt 0.33 ptm 0.88 i_ptm 0.40 energy -2.63
62 models [2] recycles 0 hard 0 soft 1 temp 1 loss 2.88 i_con 3.58 plddt 0.42 ptm 0.88 i_ptm 0.60 energy -2.52
63 models [4] recycles 0 hard 0 soft 1 temp 1 loss 2.95 i_con 3.71 plddt 0.40 ptm 0.89 i_ptm 0.54 energy -2.75
64 models [3] recycles 0 hard 0 soft 1 temp 1 loss 2.69 i_con 3.51 plddt 0.41 ptm 0.87 i_ptm 0.62 energy -2.93
65 models [0] recycles 0 hard 0 soft 1 temp 1 loss 3.01 i_con 3.84 plddt 0.38 ptm 0.85 i_ptm 0.46 energy -2.97
66 models [3] recycles 0 hard 0 soft 1 temp 1 loss 4.13 i_con 4.98 plddt 0.23 ptm 0.84 i_ptm 0.11 energy -3.10
67 models [1] recycles 0 hard 0 soft 1 temp 1 loss 3.66 i_con 4.51 plddt 0.33 ptm 0.86 i_ptm 0.31 energy -3.07
68 models [1] recycles 0 hard 0 soft 1 temp 1 loss 3.63 i_con 4.50 plddt 0.28 ptm 0.86 i_ptm 0.21 energy -3.14
69 models [2] recycles 0 hard 0 soft 1 temp 1 loss 2.67 i_con 3.60 plddt 0.41 ptm 0.88 i_ptm 0.57 energy -3.32
70 models [1] recycles 0 hard 0 soft 1 temp 1 loss 3.65 i_con 4.63 plddt 0.30 ptm 0.85 i_ptm 0.24 energy -3.49
71 models [4] recycles 0 hard 0 soft 1 temp 1 loss 2.78 i_con 3.77 plddt 0.36 ptm 0.88 i_ptm 0.48 energy -3.49
72 models [1] recycles 0 hard 0 soft 1 temp 1 loss 3.60 i_con 4.66 plddt 0.28 ptm 0.86 i_ptm 0.20 energy -3.77
73 models [0] recycles 0 hard 0 soft 1 temp 1 loss 2.77 i_con 3.81 plddt 0.35 ptm 0.86 i_ptm 0.45 energy -3.70
74 models [1] recycles 0 hard 0 soft 1 temp 1 loss 3.40 i_con 4.51 plddt 0.36 ptm 0.86 i_ptm 0.34 energy -3.89
75 models [4] recycles 0 hard 0 soft 1 temp 1 loss 3.23 i_con 4.38 plddt 0.32 ptm 0.88 i_ptm 0.37 energy -4.06
76 models [0] recycles 0 hard 0 soft 1 temp 1 loss 2.73 i_con 3.94 plddt 0.34 ptm 0.85 i_ptm 0.41 energy -4.24
77 models [1] recycles 0 hard 0 soft 1 temp 1 loss 3.31 i_con 4.50 plddt 0.38 ptm 0.87 i_ptm 0.35 energy -4.18
78 models [3] recycles 0 hard 0 soft 1 temp 1 loss 2.57 i_con 3.82 plddt 0.32 ptm 0.86 i_ptm 0.41 energy -4.41
79 models [2] recycles 0 hard 0 soft 1 temp 1 loss 2.52 i_con 3.78 plddt 0.38 ptm 0.87 i_ptm 0.50 energy -4.42
80 models [2] recycles 0 hard 0 soft 1 temp 1 loss 2.24 i_con 3.56 plddt 0.43 ptm 0.88 i_ptm 0.61 energy -4.60
81 models [0] recycles 0 hard 0 soft 1 temp 1 loss 2.84 i_con 4.16 plddt 0.32 ptm 0.83 i_ptm 0.29 energy -4.61
82 models [2] recycles 0 hard 0 soft 1 temp 1 loss 2.46 i_con 3.79 plddt 0.34 ptm 0.87 i_ptm 0.47 energy -4.65
83 models [4] recycles 0 hard 0 soft 1 temp 1 loss 2.95 i_con 4.34 plddt 0.36 ptm 0.88 i_ptm 0.34 energy -4.83
84 models [2] recycles 0 hard 0 soft 1 temp 1 loss 2.22 i_con 3.64 plddt 0.40 ptm 0.87 i_ptm 0.58 energy -4.92
85 models [2] recycles 0 hard 0 soft 1 temp 1 loss 2.25 i_con 3.71 plddt 0.39 ptm 0.87 i_ptm 0.51 energy -5.10
86 models [1] recycles 0 hard 0 soft 1 temp 1 loss 3.11 i_con 4.60 plddt 0.30 ptm 0.87 i_ptm 0.27 energy -5.19
87 models [0] recycles 0 hard 0 soft 1 temp 1 loss 2.19 i_con 3.71 plddt 0.36 ptm 0.85 i_ptm 0.50 energy -5.28
88 models [3] recycles 0 hard 0 soft 1 temp 1 loss 2.28 i_con 3.83 plddt 0.34 ptm 0.86 i_ptm 0.43 energy -5.37
89 models [4] recycles 0 hard 0 soft 1 temp 1 loss 2.30 i_con 3.86 plddt 0.33 ptm 0.88 i_ptm 0.43 energy -5.42
90 models [1] recycles 0 hard 0 soft 1 temp 1 loss 2.99 i_con 4.59 plddt 0.30 ptm 0.86 i_ptm 0.28 energy -5.56
91 models [2] recycles 0 hard 0 soft 1 temp 1 loss 2.08 i_con 3.69 plddt 0.38 ptm 0.87 i_ptm 0.53 energy -5.58
92 models [1] recycles 0 hard 0 soft 1 temp 1 loss 2.81 i_con 4.45 plddt 0.39 ptm 0.87 i_ptm 0.36 energy -5.64
93 models [3] recycles 0 hard 0 soft 1 temp 1 loss 2.64 i_con 4.27 plddt 0.32 ptm 0.85 i_ptm 0.31 energy -5.69
94 models [1] recycles 0 hard 0 soft 1 temp 1 loss 3.49 i_con 5.15 plddt 0.24 ptm 0.86 i_ptm 0.13 energy -5.78
95 models [4] recycles 0 hard 0 soft 1 temp 1 loss 2.20 i_con 3.87 plddt 0.31 ptm 0.88 i_ptm 0.43 energy -5.78
96 models [2] recycles 0 hard 0 soft 1 temp 1 loss 2.07 i_con 3.76 plddt 0.39 ptm 0.87 i_ptm 0.53 energy -5.82
97 models [3] recycles 0 hard 0 soft 1 temp 1 loss 2.72 i_con 4.42 plddt 0.29 ptm 0.85 i_ptm 0.26 energy -5.92
98 models [3] recycles 0 hard 0 soft 1 temp 1 loss 2.15 i_con 3.86 plddt 0.34 ptm 0.86 i_ptm 0.43 energy -5.93
99 models [0] recycles 0 hard 0 soft 1 temp 1 loss 2.21 i_con 3.92 plddt 0.31 ptm 0.85 i_ptm 0.41 energy -5.93
100 models [0] recycles 0 hard 0 soft 1 temp 1 loss 2.69 i_con 4.42 plddt 0.26 ptm 0.83 i_ptm 0.20 energy -6.01
101 models [1] recycles 0 hard 0 soft 0 temp 1 loss 3.33 i_con 6.14 plddt 0.28 ptm 0.86 i_ptm 0.18 energy -28.87
102 models [0] recycles 0 hard 0 soft 0 temp 0.98 loss 1.84 i_con 4.68 plddt 0.22 ptm 0.83 i_ptm 0.14 energy -29.22
103 models [0] recycles 0 hard 0 soft 0 temp 0.96 loss 1.32 i_con 4.17 plddt 0.28 ptm 0.84 i_ptm 0.31 energy -29.16
104 models [3] recycles 0 hard 0 soft 0 temp 0.94 loss 1.60 i_con 4.50 plddt 0.17 ptm 0.17 i_ptm 0.27 energy -29.79
105 models [3] recycles 0 hard 0 soft 0 temp 0.92 loss 2.90 i_con 5.79 plddt 0.23 ptm 0.84 i_ptm 0.18 energy -29.73
106 models [3] recycles 0 hard 0 soft 0 temp 0.90 loss 0.84 i_con 3.76 plddt 0.29 ptm 0.41 i_ptm 0.54 energy -29.93
107 models [0] recycles 0 hard 0 soft 0 temp 0.88 loss 1.55 i_con 4.47 plddt 0.26 ptm 0.83 i_ptm 0.18 energy -29.89
108 models [4] recycles 0 hard 0 soft 0 temp 0.86 loss 2.12 i_con 5.02 plddt 0.17 ptm 0.15 i_ptm 0.16 energy -29.86
109 models [2] recycles 0 hard 0 soft 0 temp 0.84 loss 3.10 i_con 6.01 plddt 0.22 ptm 0.85 i_ptm 0.13 energy -29.85
110 models [3] recycles 0 hard 0 soft 0 temp 0.82 loss 1.67 i_con 4.56 plddt 0.24 ptm 0.84 i_ptm 0.18 energy -29.71
111 models [3] recycles 0 hard 0 soft 0 temp 0.80 loss 2.21 i_con 5.15 plddt 0.22 ptm 0.86 i_ptm 0.11 energy -30.21
112 models [3] recycles 0 hard 0 soft 0 temp 0.78 loss 1.83 i_con 4.78 plddt 0.19 ptm 0.28 i_ptm 0.39 energy -30.33
113 models [4] recycles 0 hard 0 soft 0 temp 0.76 loss 1.77 i_con 4.70 plddt 0.12 ptm 0.13 i_ptm 0.19 energy -30.26
114 models [4] recycles 0 hard 0 soft 0 temp 0.74 loss 3.12 i_con 6.09 plddt 0.24 ptm 0.80 i_ptm 0.12 energy -30.43
115 models [2] recycles 0 hard 0 soft 0 temp 0.72 loss 2.95 i_con 5.93 plddt 0.24 ptm 0.83 i_ptm 0.12 energy -30.54
116 models [3] recycles 0 hard 0 soft 0 temp 0.70 loss 2.59 i_con 5.58 plddt 0.22 ptm 0.85 i_ptm 0.17 energy -30.66
117 models [2] recycles 0 hard 0 soft 0 temp 0.68 loss 1.05 i_con 4.04 plddt 0.27 ptm 0.86 i_ptm 0.30 energy -30.64
118 models [0] recycles 0 hard 0 soft 0 temp 0.66 loss 1.14 i_con 4.14 plddt 0.28 ptm 0.84 i_ptm 0.31 energy -30.66
119 models [4] recycles 0 hard 0 soft 0 temp 0.64 loss 0.96 i_con 4.05 plddt 0.26 ptm 0.88 i_ptm 0.35 energy -31.56
120 models [0] recycles 0 hard 0 soft 0 temp 0.62 loss 0.90 i_con 4.02 plddt 0.32 ptm 0.85 i_ptm 0.36 energy -31.96
121 models [4] recycles 0 hard 0 soft 0 temp 0.60 loss 2.74 i_con 5.97 plddt 0.21 ptm 0.88 i_ptm 0.16 energy -33.08
122 models [4] recycles 0 hard 0 soft 0 temp 0.58 loss 1.69 i_con 4.95 plddt 0.20 ptm 0.87 i_ptm 0.11 energy -33.38
123 models [3] recycles 0 hard 0 soft 0 temp 0.56 loss 1.13 i_con 4.39 plddt 0.22 ptm 0.85 i_ptm 0.17 energy -33.40
124 models [3] recycles 0 hard 0 soft 0 temp 0.54 loss 2.34 i_con 5.61 plddt 0.26 ptm 0.84 i_ptm 0.17 energy -33.50
125 models [0] recycles 0 hard 0 soft 0 temp 0.52 loss 1.10 i_con 4.41 plddt 0.28 ptm 0.83 i_ptm 0.22 energy -33.78
126 models [1] recycles 0 hard 0 soft 0 temp 0.50 loss 2.31 i_con 5.60 plddt 0.27 ptm 0.85 i_ptm 0.16 energy -33.72
127 models [4] recycles 0 hard 0 soft 0 temp 0.48 loss 1.97 i_con 5.28 plddt 0.22 ptm 0.87 i_ptm 0.12 energy -33.89
128 models [4] recycles 0 hard 0 soft 0 temp 0.46 loss 0.79 i_con 4.11 plddt 0.26 ptm 0.88 i_ptm 0.32 energy -33.98
129 models [4] recycles 0 hard 0 soft 0 temp 0.44 loss 1.35 i_con 4.70 plddt 0.25 ptm 0.87 i_ptm 0.17 energy -34.25
130 models [2] recycles 0 hard 0 soft 0 temp 0.42 loss 0.55 i_con 3.95 plddt 0.30 ptm 0.87 i_ptm 0.39 energy -34.65
131 models [2] recycles 0 hard 0 soft 0 temp 0.40 loss 0.48 i_con 3.96 plddt 0.31 ptm 0.86 i_ptm 0.40 energy -35.52
132 models [0] recycles 0 hard 0 soft 0 temp 0.38 loss 0.48 i_con 4.06 plddt 0.28 ptm 0.84 i_ptm 0.34 energy -36.60
133 models [3] recycles 0 hard 0 soft 0 temp 0.36 loss 0.90 i_con 4.55 plddt 0.25 ptm 0.85 i_ptm 0.21 energy -37.22
134 models [4] recycles 0 hard 0 soft 0 temp 0.34 loss 0.83 i_con 4.53 plddt 0.25 ptm 0.88 i_ptm 0.23 energy -37.73
135 models [1] recycles 0 hard 0 soft 0 temp 0.32 loss 0.73 i_con 4.51 plddt 0.25 ptm 0.86 i_ptm 0.16 energy -38.50
136 models [1] recycles 0 hard 0 soft 0 temp 0.30 loss 0.94 i_con 4.72 plddt 0.30 ptm 0.86 i_ptm 0.21 energy -38.54
137 models [1] recycles 0 hard 0 soft 0 temp 0.28 loss 0.91 i_con 4.77 plddt 0.27 ptm 0.86 i_ptm 0.21 energy -39.32
138 models [2] recycles 0 hard 0 soft 0 temp 0.26 loss 0.05 i_con 3.99 plddt 0.26 ptm 0.87 i_ptm 0.30 energy -40.12
139 models [3] recycles 0 hard 0 soft 0 temp 0.24 loss 0.30 i_con 4.26 plddt 0.23 ptm 0.85 i_ptm 0.22 energy -40.43
140 models [0] recycles 0 hard 0 soft 0 temp 0.22 loss 0.33 i_con 4.32 plddt 0.25 ptm 0.83 i_ptm 0.22 energy -40.62
141 models [4] recycles 0 hard 0 soft 0 temp 0.20 loss 0.06 i_con 4.07 plddt 0.25 ptm 0.88 i_ptm 0.32 energy -40.91
142 models [1] recycles 0 hard 0 soft 0 temp 0.18 loss 0.49 i_con 4.59 plddt 0.27 ptm 0.86 i_ptm 0.23 energy -41.70
143 models [0] recycles 0 hard 0 soft 0 temp 0.16 loss -0.04 i_con 4.17 plddt 0.27 ptm 0.83 i_ptm 0.27 energy -42.88
144 models [1] recycles 0 hard 0 soft 0 temp 0.14 loss 0.40 i_con 4.66 plddt 0.22 ptm 0.85 i_ptm 0.14 energy -43.37
145 models [4] recycles 0 hard 0 soft 0 temp 0.12 loss -0.61 i_con 3.70 plddt 0.23 ptm 0.31 i_ptm 0.48 energy -43.91
146 models [3] recycles 0 hard 0 soft 0 temp 0.10 loss 1.04 i_con 5.36 plddt 0.21 ptm 0.78 i_ptm 0.07 energy -43.96
147 models [0] recycles 0 hard 0 soft 0 temp 0.08 loss 0.45 i_con 4.79 plddt 0.24 ptm 0.83 i_ptm 0.12 energy -44.14
148 models [2] recycles 0 hard 0 soft 0 temp 0.06 loss -0.24 i_con 4.11 plddt 0.29 ptm 0.87 i_ptm 0.31 energy -44.21
149 models [1] recycles 0 hard 0 soft 0 temp 0.04 loss -0.15 i_con 4.28 plddt 0.25 ptm 0.86 i_ptm 0.26 energy -44.96
150 models [1] recycles 0 hard 0 soft 0 temp 0.02 loss -0.28 i_con 4.24 plddt 0.25 ptm 0.86 i_ptm 0.24 energy -45.94
151 models [4] recycles 0 hard 1 soft 0 temp 0.00 loss 0.66 i_con 4.43 plddt 0.25 ptm 0.88 i_ptm 0.32 energy -5.49
152 models [4] recycles 0 hard 1 soft 0 temp 0.00 loss 0.66 i_con 4.43 plddt 0.25 ptm 0.88 i_ptm 0.32 energy -5.49
153 models [2] recycles 0 hard 1 soft 0 temp 0.00 loss -0.05 i_con 3.72 plddt 0.32 ptm 0.87 i_ptm 0.53 energy -5.49
154 models [0] recycles 0 hard 1 soft 0 temp 0.00 loss 0.69 i_con 4.46 plddt 0.24 ptm 0.84 i_ptm 0.28 energy -5.49
155 models [1] recycles 0 hard 1 soft 0 temp 0.00 loss 0.76 i_con 4.54 plddt 0.30 ptm 0.86 i_ptm 0.34 energy -5.49
156 models [3] recycles 0 hard 1 soft 0 temp 0.00 loss 0.55 i_con 4.32 plddt 0.28 ptm 0.85 i_ptm 0.32 energy -5.49
157 models [4] recycles 0 hard 1 soft 0 temp 0.00 loss 0.66 i_con 4.43 plddt 0.25 ptm 0.88 i_ptm 0.32 energy -5.49
158 models [3] recycles 0 hard 1 soft 0 temp 0.00 loss 0.55 i_con 4.32 plddt 0.28 ptm 0.85 i_ptm 0.32 energy -5.49
159 models [4] recycles 0 hard 1 soft 0 temp 0.00 loss 0.66 i_con 4.43 plddt 0.25 ptm 0.88 i_ptm 0.32 energy -5.49
160 models [4] recycles 0 hard 1 soft 0 temp 0.00 loss 0.66 i_con 4.43 plddt 0.25 ptm 0.88 i_ptm 0.32 energy -5.49
161 models [0] recycles 0 hard 1 soft 0 temp 0.00 loss 0.69 i_con 4.46 plddt 0.24 ptm 0.84 i_ptm 0.28 energy -5.49
162 models [0] recycles 0 hard 1 soft 0 temp 0.00 loss 0.69 i_con 4.46 plddt 0.24 ptm 0.84 i_ptm 0.28 energy -5.49
163 models [1] recycles 0 hard 1 soft 0 temp 0.00 loss 0.76 i_con 4.54 plddt 0.30 ptm 0.86 i_ptm 0.34 energy -5.49
164 models [2] recycles 0 hard 1 soft 0 temp 0.00 loss -0.05 i_con 3.72 plddt 0.32 ptm 0.87 i_ptm 0.53 energy -5.49
165 models [2] recycles 0 hard 1 soft 0 temp 0.00 loss -0.05 i_con 3.72 plddt 0.32 ptm 0.87 i_ptm 0.53 energy -5.49
166 models [2] recycles 0 hard 1 soft 0 temp 0.00 loss -0.05 i_con 3.72 plddt 0.32 ptm 0.87 i_ptm 0.53 energy -5.49
167 models [2] recycles 0 hard 1 soft 0 temp 0.00 loss -0.05 i_con 3.72 plddt 0.32 ptm 0.87 i_ptm 0.53 energy -5.49
168 models [4] recycles 0 hard 1 soft 0 temp 0.00 loss 0.66 i_con 4.43 plddt 0.25 ptm 0.88 i_ptm 0.32 energy -5.49
169 models [1] recycles 0 hard 1 soft 0 temp 0.00 loss 0.76 i_con 4.54 plddt 0.30 ptm 0.86 i_ptm 0.34 energy -5.49
170 models [1] recycles 0 hard 1 soft 0 temp 0.00 loss 0.76 i_con 4.54 plddt 0.30 ptm 0.86 i_ptm 0.34 energy -5.49
171 models [2] recycles 0 hard 1 soft 0 temp 0.00 loss -0.05 i_con 3.72 plddt 0.32 ptm 0.87 i_ptm 0.53 energy -5.49
172 models [2] recycles 0 hard 1 soft 0 temp 0.00 loss -0.05 i_con 3.72 plddt 0.32 ptm 0.87 i_ptm 0.53 energy -5.49
173 models [4] recycles 0 hard 1 soft 0 temp 0.00 loss 0.66 i_con 4.43 plddt 0.25 ptm 0.88 i_ptm 0.32 energy -5.49
174 models [1] recycles 0 hard 1 soft 0 temp 0.00 loss 0.76 i_con 4.54 plddt 0.30 ptm 0.86 i_ptm 0.34 energy -5.49
175 models [0] recycles 0 hard 1 soft 0 temp 0.00 loss 0.69 i_con 4.46 plddt 0.24 ptm 0.84 i_ptm 0.28 energy -5.49
176 models [4] recycles 0 hard 1 soft 0 temp 0.00 loss 0.66 i_con 4.43 plddt 0.25 ptm 0.88 i_ptm 0.32 energy -5.49
177 models [2] recycles 0 hard 1 soft 0 temp 0.00 loss -0.05 i_con 3.72 plddt 0.32 ptm 0.87 i_ptm 0.53 energy -5.49
178 models [0] recycles 0 hard 1 soft 0 temp 0.00 loss 0.69 i_con 4.46 plddt 0.24 ptm 0.84 i_ptm 0.28 energy -5.49
179 models [4] recycles 0 hard 1 soft 0 temp 0.00 loss 0.66 i_con 4.43 plddt 0.25 ptm 0.88 i_ptm 0.32 energy -5.49
180 models [2] recycles 0 hard 1 soft 0 temp 0.00 loss -0.05 i_con 3.72 plddt 0.32 ptm 0.87 i_ptm 0.53 energy -5.49
  seq=TINNAWRMVFWQRDA  loss=-0.0540  loss_af=3.7903  energy=-5.4919  i_ptm=0.5267
[4/30] seed=3 ...
1 models [4] recycles 0 hard 0 soft 1 temp 1 loss 4.84 i_con 4.39 plddt 0.23 ptm 0.87 i_ptm 0.23 energy 7.37
2 models [4] recycles 0 hard 0 soft 1 temp 1 loss 4.44 i_con 4.02 plddt 0.28 ptm 0.88 i_ptm 0.37 energy 7.08
3 models [4] recycles 0 hard 0 soft 1 temp 1 loss 4.41 i_con 4.01 plddt 0.28 ptm 0.88 i_ptm 0.40 energy 6.54
4 models [3] recycles 0 hard 0 soft 1 temp 1 loss 4.17 i_con 3.80 plddt 0.34 ptm 0.86 i_ptm 0.42 energy 5.92
5 models [0] recycles 0 hard 0 soft 1 temp 1 loss 4.40 i_con 4.08 plddt 0.30 ptm 0.85 i_ptm 0.35 energy 5.02
6 models [3] recycles 0 hard 0 soft 1 temp 1 loss 4.07 i_con 3.78 plddt 0.34 ptm 0.86 i_ptm 0.45 energy 4.40
7 models [1] recycles 0 hard 0 soft 1 temp 1 loss 4.51 i_con 4.24 plddt 0.24 ptm 0.86 i_ptm 0.22 energy 3.79
8 models [1] recycles 0 hard 0 soft 1 temp 1 loss 4.45 i_con 4.19 plddt 0.24 ptm 0.86 i_ptm 0.24 energy 3.68
9 models [3] recycles 0 hard 0 soft 1 temp 1 loss 3.98 i_con 3.75 plddt 0.35 ptm 0.86 i_ptm 0.45 energy 3.31
10 models [4] recycles 0 hard 0 soft 1 temp 1 loss 4.19 i_con 3.98 plddt 0.29 ptm 0.87 i_ptm 0.33 energy 2.88
11 models [3] recycles 0 hard 0 soft 1 temp 1 loss 3.95 i_con 3.75 plddt 0.34 ptm 0.86 i_ptm 0.44 energy 2.71
12 models [4] recycles 0 hard 0 soft 1 temp 1 loss 4.05 i_con 3.87 plddt 0.34 ptm 0.88 i_ptm 0.43 energy 2.32
13 models [3] recycles 0 hard 0 soft 1 temp 1 loss 3.94 i_con 3.77 plddt 0.35 ptm 0.87 i_ptm 0.45 energy 2.15
14 models [4] recycles 0 hard 0 soft 1 temp 1 loss 4.23 i_con 4.07 plddt 0.28 ptm 0.88 i_ptm 0.32 energy 1.86
15 models [2] recycles 0 hard 0 soft 1 temp 1 loss 3.92 i_con 3.76 plddt 0.34 ptm 0.87 i_ptm 0.45 energy 1.81
16 models [4] recycles 0 hard 0 soft 1 temp 1 loss 4.04 i_con 3.90 plddt 0.31 ptm 0.88 i_ptm 0.42 energy 1.40
17 models [3] recycles 0 hard 0 soft 1 temp 1 loss 3.87 i_con 3.75 plddt 0.35 ptm 0.86 i_ptm 0.46 energy 1.18
18 models [2] recycles 0 hard 0 soft 1 temp 1 loss 3.88 i_con 3.76 plddt 0.34 ptm 0.87 i_ptm 0.47 energy 1.07
19 models [4] recycles 0 hard 0 soft 1 temp 1 loss 3.90 i_con 3.79 plddt 0.31 ptm 0.88 i_ptm 0.46 energy 0.83
20 models [3] recycles 0 hard 0 soft 1 temp 1 loss 3.85 i_con 3.76 plddt 0.35 ptm 0.87 i_ptm 0.46 energy 0.63
21 models [4] recycles 0 hard 0 soft 1 temp 1 loss 4.05 i_con 3.97 plddt 0.31 ptm 0.88 i_ptm 0.41 energy 0.30
22 models [3] recycles 0 hard 0 soft 1 temp 1 loss 3.79 i_con 3.72 plddt 0.33 ptm 0.87 i_ptm 0.46 energy 0.01
23 models [0] recycles 0 hard 0 soft 1 temp 1 loss 4.12 i_con 4.05 plddt 0.29 ptm 0.85 i_ptm 0.32 energy -0.17
24 models [3] recycles 0 hard 0 soft 1 temp 1 loss 3.79 i_con 3.74 plddt 0.34 ptm 0.86 i_ptm 0.45 energy -0.36
25 models [3] recycles 0 hard 0 soft 1 temp 1 loss 3.76 i_con 3.74 plddt 0.34 ptm 0.86 i_ptm 0.45 energy -0.86
26 models [0] recycles 0 hard 0 soft 1 temp 1 loss 4.04 i_con 4.02 plddt 0.28 ptm 0.84 i_ptm 0.33 energy -0.95
27 models [4] recycles 0 hard 0 soft 1 temp 1 loss 3.85 i_con 3.85 plddt 0.30 ptm 0.88 i_ptm 0.39 energy -1.38
28 models [1] recycles 0 hard 0 soft 1 temp 1 loss 4.67 i_con 4.68 plddt 0.22 ptm 0.86 i_ptm 0.14 energy -1.84
29 models [0] recycles 0 hard 0 soft 1 temp 1 loss 4.26 i_con 4.27 plddt 0.26 ptm 0.84 i_ptm 0.23 energy -1.70
30 models [0] recycles 0 hard 0 soft 1 temp 1 loss 4.12 i_con 4.14 plddt 0.28 ptm 0.84 i_ptm 0.32 energy -1.81
31 models [1] recycles 0 hard 0 soft 1 temp 1 loss 4.23 i_con 4.25 plddt 0.24 ptm 0.86 i_ptm 0.22 energy -1.86
32 models [1] recycles 0 hard 0 soft 1 temp 1 loss 4.10 i_con 4.12 plddt 0.27 ptm 0.86 i_ptm 0.29 energy -1.99
33 models [0] recycles 0 hard 0 soft 1 temp 1 loss 3.96 i_con 3.99 plddt 0.32 ptm 0.85 i_ptm 0.35 energy -2.01
34 models [4] recycles 0 hard 0 soft 1 temp 1 loss 3.68 i_con 3.73 plddt 0.37 ptm 0.89 i_ptm 0.49 energy -2.26
35 models [0] recycles 0 hard 0 soft 1 temp 1 loss 3.82 i_con 3.87 plddt 0.35 ptm 0.85 i_ptm 0.41 energy -2.39
36 models [3] recycles 0 hard 0 soft 1 temp 1 loss 3.65 i_con 3.71 plddt 0.35 ptm 0.87 i_ptm 0.46 energy -2.50
37 models [4] recycles 0 hard 0 soft 1 temp 1 loss 3.92 i_con 3.98 plddt 0.29 ptm 0.88 i_ptm 0.37 energy -2.60
38 models [0] recycles 0 hard 0 soft 1 temp 1 loss 3.67 i_con 3.75 plddt 0.40 ptm 0.85 i_ptm 0.49 energy -2.66
39 models [4] recycles 0 hard 0 soft 1 temp 1 loss 3.68 i_con 3.75 plddt 0.36 ptm 0.89 i_ptm 0.50 energy -2.74
40 models [3] recycles 0 hard 0 soft 1 temp 1 loss 3.71 i_con 3.79 plddt 0.33 ptm 0.86 i_ptm 0.43 energy -2.79
41 models [1] recycles 0 hard 0 soft 1 temp 1 loss 5.15 i_con 5.22 plddt 0.22 ptm 0.85 i_ptm 0.13 energy -2.95
42 models [3] recycles 0 hard 0 soft 1 temp 1 loss 3.65 i_con 3.73 plddt 0.36 ptm 0.87 i_ptm 0.44 energy -2.83
43 models [0] recycles 0 hard 0 soft 1 temp 1 loss 3.86 i_con 3.94 plddt 0.27 ptm 0.85 i_ptm 0.31 energy -2.94
44 models [0] recycles 0 hard 0 soft 1 temp 1 loss 3.92 i_con 4.00 plddt 0.27 ptm 0.84 i_ptm 0.31 energy -3.03
45 models [1] recycles 0 hard 0 soft 1 temp 1 loss 3.91 i_con 3.99 plddt 0.25 ptm 0.87 i_ptm 0.27 energy -3.14
46 models [3] recycles 0 hard 0 soft 1 temp 1 loss 3.63 i_con 3.71 plddt 0.33 ptm 0.86 i_ptm 0.41 energy -3.09
47 models [3] recycles 0 hard 0 soft 1 temp 1 loss 3.67 i_con 3.76 plddt 0.33 ptm 0.86 i_ptm 0.42 energy -3.12
48 models [3] recycles 0 hard 0 soft 1 temp 1 loss 3.72 i_con 3.82 plddt 0.35 ptm 0.86 i_ptm 0.41 energy -3.30
49 models [1] recycles 0 hard 0 soft 1 temp 1 loss 4.36 i_con 4.45 plddt 0.23 ptm 0.86 i_ptm 0.16 energy -3.36
50 models [3] recycles 0 hard 0 soft 1 temp 1 loss 3.66 i_con 3.76 plddt 0.33 ptm 0.86 i_ptm 0.43 energy -3.28
51 models [3] recycles 0 hard 0 soft 1 temp 1 loss 2.84 i_con 3.81 plddt 0.34 ptm 0.86 i_ptm 0.42 energy -3.44
52 models [2] recycles 0 hard 0 soft 1 temp 1 loss 2.62 i_con 3.65 plddt 0.36 ptm 0.87 i_ptm 0.50 energy -3.64
53 models [4] recycles 0 hard 0 soft 1 temp 1 loss 2.60 i_con 3.66 plddt 0.36 ptm 0.89 i_ptm 0.51 energy -3.75
54 models [2] recycles 0 hard 0 soft 1 temp 1 loss 2.60 i_con 3.73 plddt 0.35 ptm 0.87 i_ptm 0.49 energy -3.97
55 models [4] recycles 0 hard 0 soft 1 temp 1 loss 2.54 i_con 3.73 plddt 0.36 ptm 0.89 i_ptm 0.50 energy -4.16
56 models [4] recycles 0 hard 0 soft 1 temp 1 loss 2.60 i_con 3.84 plddt 0.34 ptm 0.88 i_ptm 0.44 energy -4.36
57 models [0] recycles 0 hard 0 soft 1 temp 1 loss 2.64 i_con 3.92 plddt 0.37 ptm 0.84 i_ptm 0.38 energy -4.46
58 models [1] recycles 0 hard 0 soft 1 temp 1 loss 4.28 i_con 5.58 plddt 0.23 ptm 0.85 i_ptm 0.13 energy -4.58
59 models [0] recycles 0 hard 0 soft 1 temp 1 loss 2.63 i_con 3.93 plddt 0.35 ptm 0.85 i_ptm 0.37 energy -4.55
60 models [2] recycles 0 hard 0 soft 1 temp 1 loss 2.38 i_con 3.73 plddt 0.38 ptm 0.87 i_ptm 0.52 energy -4.70
61 models [1] recycles 0 hard 0 soft 1 temp 1 loss 3.99 i_con 5.35 plddt 0.24 ptm 0.85 i_ptm 0.12 energy -4.81
62 models [3] recycles 0 hard 0 soft 1 temp 1 loss 2.38 i_con 3.70 plddt 0.36 ptm 0.87 i_ptm 0.45 energy -4.61
63 models [0] recycles 0 hard 0 soft 1 temp 1 loss 2.44 i_con 3.85 plddt 0.39 ptm 0.85 i_ptm 0.44 energy -4.89
64 models [4] recycles 0 hard 0 soft 1 temp 1 loss 2.30 i_con 3.76 plddt 0.35 ptm 0.89 i_ptm 0.48 energy -5.08
65 models [4] recycles 0 hard 0 soft 1 temp 1 loss 2.29 i_con 3.80 plddt 0.40 ptm 0.88 i_ptm 0.47 energy -5.25
66 models [0] recycles 0 hard 0 soft 1 temp 1 loss 2.46 i_con 4.03 plddt 0.33 ptm 0.84 i_ptm 0.31 energy -5.44
67 models [4] recycles 0 hard 0 soft 1 temp 1 loss 2.12 i_con 3.72 plddt 0.39 ptm 0.89 i_ptm 0.48 energy -5.52
68 models [3] recycles 0 hard 0 soft 1 temp 1 loss 3.80 i_con 5.46 plddt 0.33 ptm 0.85 i_ptm 0.22 energy -5.76
69 models [0] recycles 0 hard 0 soft 1 temp 1 loss 2.44 i_con 4.13 plddt 0.31 ptm 0.84 i_ptm 0.29 energy -5.86
70 models [1] recycles 0 hard 0 soft 1 temp 1 loss 2.71 i_con 4.36 plddt 0.27 ptm 0.86 i_ptm 0.18 energy -5.77
71 models [0] recycles 0 hard 0 soft 1 temp 1 loss 2.40 i_con 4.03 plddt 0.33 ptm 0.85 i_ptm 0.32 energy -5.68
72 models [0] recycles 0 hard 0 soft 1 temp 1 loss 2.32 i_con 4.00 plddt 0.37 ptm 0.84 i_ptm 0.37 energy -5.80
73 models [4] recycles 0 hard 0 soft 1 temp 1 loss 2.25 i_con 3.97 plddt 0.31 ptm 0.88 i_ptm 0.37 energy -5.97
74 models [3] recycles 0 hard 0 soft 1 temp 1 loss 2.07 i_con 3.79 plddt 0.38 ptm 0.86 i_ptm 0.44 energy -5.95
75 models [4] recycles 0 hard 0 soft 1 temp 1 loss 2.03 i_con 3.77 plddt 0.34 ptm 0.88 i_ptm 0.43 energy -6.01
76 models [4] recycles 0 hard 0 soft 1 temp 1 loss 1.99 i_con 3.78 plddt 0.34 ptm 0.88 i_ptm 0.43 energy -6.20
77 models [1] recycles 0 hard 0 soft 1 temp 1 loss 3.51 i_con 5.34 plddt 0.30 ptm 0.86 i_ptm 0.14 energy -6.35
78 models [4] recycles 0 hard 0 soft 1 temp 1 loss 2.06 i_con 3.85 plddt 0.29 ptm 0.88 i_ptm 0.38 energy -6.23
79 models [3] recycles 0 hard 0 soft 1 temp 1 loss 1.85 i_con 3.71 plddt 0.37 ptm 0.87 i_ptm 0.48 energy -6.42
80 models [1] recycles 0 hard 0 soft 1 temp 1 loss 2.69 i_con 4.59 plddt 0.26 ptm 0.85 i_ptm 0.14 energy -6.57
81 models [2] recycles 0 hard 0 soft 1 temp 1 loss 1.88 i_con 3.76 plddt 0.35 ptm 0.87 i_ptm 0.47 energy -6.46
82 models [1] recycles 0 hard 0 soft 1 temp 1 loss 2.34 i_con 4.25 plddt 0.28 ptm 0.86 i_ptm 0.24 energy -6.62
83 models [2] recycles 0 hard 0 soft 1 temp 1 loss 1.78 i_con 3.71 plddt 0.38 ptm 0.87 i_ptm 0.50 energy -6.63
84 models [3] recycles 0 hard 0 soft 1 temp 1 loss 3.16 i_con 5.12 plddt 0.29 ptm 0.84 i_ptm 0.16 energy -6.78
85 models [0] recycles 0 hard 0 soft 1 temp 1 loss 2.40 i_con 4.36 plddt 0.29 ptm 0.83 i_ptm 0.22 energy -6.75
86 models [2] recycles 0 hard 0 soft 1 temp 1 loss 1.70 i_con 3.64 plddt 0.41 ptm 0.87 i_ptm 0.52 energy -6.68
87 models [0] recycles 0 hard 0 soft 1 temp 1 loss 2.04 i_con 4.04 plddt 0.33 ptm 0.85 i_ptm 0.36 energy -6.89
88 models [2] recycles 0 hard 0 soft 1 temp 1 loss 2.63 i_con 4.69 plddt 0.31 ptm 0.85 i_ptm 0.22 energy -7.11
89 models [1] recycles 0 hard 0 soft 1 temp 1 loss 3.56 i_con 5.65 plddt 0.29 ptm 0.86 i_ptm 0.17 energy -7.21
90 models [2] recycles 0 hard 0 soft 1 temp 1 loss 1.65 i_con 3.72 plddt 0.40 ptm 0.87 i_ptm 0.51 energy -7.10
91 models [3] recycles 0 hard 0 soft 1 temp 1 loss 2.09 i_con 4.20 plddt 0.26 ptm 0.84 i_ptm 0.20 energy -7.26
92 models [0] recycles 0 hard 0 soft 1 temp 1 loss 1.88 i_con 3.98 plddt 0.35 ptm 0.85 i_ptm 0.38 energy -7.25
93 models [2] recycles 0 hard 0 soft 1 temp 1 loss 1.65 i_con 3.76 plddt 0.39 ptm 0.87 i_ptm 0.47 energy -7.23
94 models [1] recycles 0 hard 0 soft 1 temp 1 loss 1.93 i_con 4.08 plddt 0.33 ptm 0.86 i_ptm 0.32 energy -7.37
95 models [0] recycles 0 hard 0 soft 1 temp 1 loss 1.90 i_con 4.02 plddt 0.36 ptm 0.85 i_ptm 0.37 energy -7.28
96 models [3] recycles 0 hard 0 soft 1 temp 1 loss 1.59 i_con 3.76 plddt 0.35 ptm 0.86 i_ptm 0.46 energy -7.45
97 models [0] recycles 0 hard 0 soft 1 temp 1 loss 1.65 i_con 3.85 plddt 0.34 ptm 0.85 i_ptm 0.44 energy -7.55
98 models [1] recycles 0 hard 0 soft 1 temp 1 loss 3.80 i_con 6.02 plddt 0.31 ptm 0.86 i_ptm 0.17 energy -7.63
99 models [2] recycles 0 hard 0 soft 1 temp 1 loss 1.60 i_con 3.78 plddt 0.37 ptm 0.87 i_ptm 0.47 energy -7.49
100 models [2] recycles 0 hard 0 soft 1 temp 1 loss 1.50 i_con 3.72 plddt 0.37 ptm 0.87 i_ptm 0.49 energy -7.63
101 models [0] recycles 0 hard 0 soft 0 temp 1 loss 1.69 i_con 5.36 plddt 0.26 ptm 0.84 i_ptm 0.15 energy -37.45
102 models [1] recycles 0 hard 0 soft 0 temp 0.98 loss 2.81 i_con 6.50 plddt 0.31 ptm 0.86 i_ptm 0.21 energy -37.57
103 models [2] recycles 0 hard 0 soft 0 temp 0.96 loss 1.16 i_con 4.98 plddt 0.27 ptm 0.85 i_ptm 0.13 energy -39.03
104 models [3] recycles 0 hard 0 soft 0 temp 0.94 loss 0.98 i_con 4.82 plddt 0.24 ptm 0.84 i_ptm 0.13 energy -39.14
105 models [3] recycles 0 hard 0 soft 0 temp 0.92 loss 0.72 i_con 4.56 plddt 0.24 ptm 0.85 i_ptm 0.21 energy -39.16
106 models [4] recycles 0 hard 0 soft 0 temp 0.90 loss 1.58 i_con 5.51 plddt 0.22 ptm 0.86 i_ptm 0.11 energy -40.08
107 models [0] recycles 0 hard 0 soft 0 temp 0.88 loss 0.46 i_con 4.42 plddt 0.24 ptm 0.83 i_ptm 0.19 energy -40.32
108 models [3] recycles 0 hard 0 soft 0 temp 0.86 loss 0.34 i_con 4.32 plddt 0.24 ptm 0.85 i_ptm 0.24 energy -40.57
109 models [0] recycles 0 hard 0 soft 0 temp 0.84 loss 0.13 i_con 4.13 plddt 0.26 ptm 0.85 i_ptm 0.31 energy -40.74
110 models [1] recycles 0 hard 0 soft 0 temp 0.82 loss 1.93 i_con 6.13 plddt 0.28 ptm 0.86 i_ptm 0.14 energy -42.77
111 models [1] recycles 0 hard 0 soft 0 temp 0.80 loss 1.79 i_con 6.12 plddt 0.29 ptm 0.86 i_ptm 0.15 energy -43.99
112 models [0] recycles 0 hard 0 soft 0 temp 0.78 loss 0.15 i_con 4.61 plddt 0.26 ptm 0.83 i_ptm 0.22 energy -45.41
113 models [1] recycles 0 hard 0 soft 0 temp 0.76 loss 1.07 i_con 5.77 plddt 0.27 ptm 0.86 i_ptm 0.14 energy -47.73
114 models [2] recycles 0 hard 0 soft 0 temp 0.74 loss -0.65 i_con 4.14 plddt 0.26 ptm 0.86 i_ptm 0.32 energy -48.65
115 models [3] recycles 0 hard 0 soft 0 temp 0.72 loss 0.14 i_con 5.02 plddt 0.19 ptm 0.84 i_ptm 0.11 energy -49.55
116 models [3] recycles 0 hard 0 soft 0 temp 0.70 loss -0.67 i_con 4.20 plddt 0.25 ptm 0.85 i_ptm 0.31 energy -49.46
117 models [4] recycles 0 hard 0 soft 0 temp 0.68 loss 0.32 i_con 5.28 plddt 0.19 ptm 0.87 i_ptm 0.11 energy -50.46
118 models [2] recycles 0 hard 0 soft 0 temp 0.66 loss 0.07 i_con 5.08 plddt 0.23 ptm 0.86 i_ptm 0.13 energy -50.86
119 models [1] recycles 0 hard 0 soft 0 temp 0.64 loss 0.94 i_con 6.00 plddt 0.26 ptm 0.85 i_ptm 0.13 energy -51.38
120 models [1] recycles 0 hard 0 soft 0 temp 0.62 loss 0.45 i_con 5.68 plddt 0.24 ptm 0.85 i_ptm 0.12 energy -53.05
121 models [2] recycles 0 hard 0 soft 0 temp 0.60 loss -0.76 i_con 4.50 plddt 0.28 ptm 0.86 i_ptm 0.28 energy -53.39
122 models [2] recycles 0 hard 0 soft 0 temp 0.58 loss -0.88 i_con 4.65 plddt 0.25 ptm 0.86 i_ptm 0.20 energy -55.98
123 models [3] recycles 0 hard 0 soft 0 temp 0.56 loss -0.98 i_con 4.60 plddt 0.23 ptm 0.84 i_ptm 0.21 energy -56.64
124 models [3] recycles 0 hard 0 soft 0 temp 0.54 loss -1.19 i_con 4.49 plddt 0.24 ptm 0.85 i_ptm 0.22 energy -57.60
125 models [1] recycles 0 hard 0 soft 0 temp 0.52 loss -0.93 i_con 4.96 plddt 0.28 ptm 0.85 i_ptm 0.19 energy -59.58
126 models [4] recycles 0 hard 0 soft 0 temp 0.50 loss -0.64 i_con 5.32 plddt 0.19 ptm 0.87 i_ptm 0.10 energy -60.36
127 models [0] recycles 0 hard 0 soft 0 temp 0.48 loss -1.29 i_con 4.74 plddt 0.26 ptm 0.83 i_ptm 0.19 energy -61.07
128 models [4] recycles 0 hard 0 soft 0 temp 0.46 loss -0.11 i_con 6.06 plddt 0.21 ptm 0.80 i_ptm 0.09 energy -62.51
129 models [3] recycles 0 hard 0 soft 0 temp 0.44 loss -1.54 i_con 4.66 plddt 0.24 ptm 0.85 i_ptm 0.21 energy -62.84
130 models [2] recycles 0 hard 0 soft 0 temp 0.42 loss -1.83 i_con 4.52 plddt 0.27 ptm 0.86 i_ptm 0.28 energy -64.26
131 models [1] recycles 0 hard 0 soft 0 temp 0.40 loss -0.94 i_con 5.57 plddt 0.26 ptm 0.86 i_ptm 0.12 energy -65.91
132 models [2] recycles 0 hard 0 soft 0 temp 0.38 loss -1.19 i_con 5.37 plddt 0.22 ptm 0.84 i_ptm 0.15 energy -66.31
133 models [4] recycles 0 hard 0 soft 0 temp 0.36 loss -1.09 i_con 5.47 plddt 0.21 ptm 0.87 i_ptm 0.10 energy -66.46
134 models [1] recycles 0 hard 0 soft 0 temp 0.34 loss -1.67 i_con 4.88 plddt 0.26 ptm 0.85 i_ptm 0.20 energy -66.22
135 models [0] recycles 0 hard 0 soft 0 temp 0.32 loss -1.01 i_con 5.67 plddt 0.22 ptm 0.75 i_ptm 0.10 energy -67.55
136 models [0] recycles 0 hard 0 soft 0 temp 0.30 loss -2.04 i_con 4.66 plddt 0.24 ptm 0.83 i_ptm 0.18 energy -67.73
137 models [4] recycles 0 hard 0 soft 0 temp 0.28 loss -2.15 i_con 4.73 plddt 0.20 ptm 0.87 i_ptm 0.20 energy -69.60
138 models [4] recycles 0 hard 0 soft 0 temp 0.26 loss -1.56 i_con 5.46 plddt 0.21 ptm 0.88 i_ptm 0.10 energy -70.98
139 models [4] recycles 0 hard 0 soft 0 temp 0.24 loss -0.80 i_con 6.23 plddt 0.21 ptm 0.73 i_ptm 0.12 energy -71.05
140 models [4] recycles 0 hard 0 soft 0 temp 0.22 loss -2.03 i_con 5.01 plddt 0.14 ptm 0.15 i_ptm 0.08 energy -71.22
141 models [2] recycles 0 hard 0 soft 0 temp 0.20 loss -2.66 i_con 4.42 plddt 0.25 ptm 0.85 i_ptm 0.18 energy -71.53
142 models [2] recycles 0 hard 0 soft 0 temp 0.18 loss -2.55 i_con 4.57 plddt 0.26 ptm 0.87 i_ptm 0.24 energy -71.89
143 models [3] recycles 0 hard 0 soft 0 temp 0.16 loss -2.69 i_con 4.60 plddt 0.25 ptm 0.85 i_ptm 0.21 energy -73.67
144 models [2] recycles 0 hard 0 soft 0 temp 0.14 loss -3.06 i_con 4.32 plddt 0.24 ptm 0.86 i_ptm 0.22 energy -74.57
145 models [4] recycles 0 hard 0 soft 0 temp 0.12 loss -2.62 i_con 4.78 plddt 0.23 ptm 0.86 i_ptm 0.17 energy -74.84
146 models [4] recycles 0 hard 0 soft 0 temp 0.10 loss -2.25 i_con 5.18 plddt 0.21 ptm 0.87 i_ptm 0.18 energy -75.08
147 models [1] recycles 0 hard 0 soft 0 temp 0.08 loss -1.65 i_con 5.83 plddt 0.25 ptm 0.86 i_ptm 0.16 energy -75.57
148 models [4] recycles 0 hard 0 soft 0 temp 0.06 loss -2.92 i_con 4.66 plddt 0.21 ptm 0.87 i_ptm 0.15 energy -76.62
149 models [0] recycles 0 hard 0 soft 0 temp 0.04 loss -2.96 i_con 4.66 plddt 0.23 ptm 0.84 i_ptm 0.20 energy -76.97
150 models [4] recycles 0 hard 0 soft 0 temp 0.02 loss -2.71 i_con 5.11 plddt 0.21 ptm 0.87 i_ptm 0.15 energy -79.07
151 models [1] recycles 0 hard 1 soft 0 temp 0.00 loss 0.13 i_con 5.37 plddt 0.26 ptm 0.85 i_ptm 0.16 energy -7.60
152 models [1] recycles 0 hard 1 soft 0 temp 0.00 loss 0.13 i_con 5.37 plddt 0.26 ptm 0.85 i_ptm 0.16 energy -7.60
153 models [3] recycles 0 hard 1 soft 0 temp 0.00 loss -1.37 i_con 3.88 plddt 0.26 ptm 0.86 i_ptm 0.41 energy -7.60
154 models [1] recycles 0 hard 1 soft 0 temp 0.00 loss 0.13 i_con 5.37 plddt 0.26 ptm 0.85 i_ptm 0.16 energy -7.60
155 models [1] recycles 0 hard 1 soft 0 temp 0.00 loss 0.13 i_con 5.37 plddt 0.26 ptm 0.85 i_ptm 0.16 energy -7.60
156 models [2] recycles 0 hard 1 soft 0 temp 0.00 loss -1.46 i_con 3.79 plddt 0.31 ptm 0.87 i_ptm 0.49 energy -7.60
157 models [4] recycles 0 hard 1 soft 0 temp 0.00 loss -0.79 i_con 4.46 plddt 0.26 ptm 0.88 i_ptm 0.28 energy -7.60
158 models [3] recycles 0 hard 1 soft 0 temp 0.00 loss -1.37 i_con 3.88 plddt 0.26 ptm 0.86 i_ptm 0.41 energy -7.60
159 models [2] recycles 0 hard 1 soft 0 temp 0.00 loss -1.46 i_con 3.79 plddt 0.31 ptm 0.87 i_ptm 0.49 energy -7.60
160 models [4] recycles 0 hard 1 soft 0 temp 0.00 loss -0.79 i_con 4.46 plddt 0.26 ptm 0.88 i_ptm 0.28 energy -7.60
161 models [3] recycles 0 hard 1 soft 0 temp 0.00 loss -1.37 i_con 3.88 plddt 0.26 ptm 0.86 i_ptm 0.41 energy -7.60
162 models [4] recycles 0 hard 1 soft 0 temp 0.00 loss -0.79 i_con 4.46 plddt 0.26 ptm 0.88 i_ptm 0.28 energy -7.60
163 models [0] recycles 0 hard 1 soft 0 temp 0.00 loss 0.21 i_con 5.45 plddt 0.26 ptm 0.84 i_ptm 0.28 energy -7.60
164 models [1] recycles 0 hard 1 soft 0 temp 0.00 loss 0.13 i_con 5.37 plddt 0.26 ptm 0.85 i_ptm 0.16 energy -7.60
165 models [3] recycles 0 hard 1 soft 0 temp 0.00 loss -1.37 i_con 3.88 plddt 0.26 ptm 0.86 i_ptm 0.41 energy -7.60
166 models [2] recycles 0 hard 1 soft 0 temp 0.00 loss -1.46 i_con 3.79 plddt 0.31 ptm 0.87 i_ptm 0.49 energy -7.60
167 models [1] recycles 0 hard 1 soft 0 temp 0.00 loss 0.13 i_con 5.37 plddt 0.26 ptm 0.85 i_ptm 0.16 energy -7.60
168 models [2] recycles 0 hard 1 soft 0 temp 0.00 loss -1.46 i_con 3.79 plddt 0.31 ptm 0.87 i_ptm 0.49 energy -7.60
169 models [0] recycles 0 hard 1 soft 0 temp 0.00 loss 0.21 i_con 5.45 plddt 0.26 ptm 0.84 i_ptm 0.28 energy -7.60
170 models [4] recycles 0 hard 1 soft 0 temp 0.00 loss -0.79 i_con 4.46 plddt 0.26 ptm 0.88 i_ptm 0.28 energy -7.60
171 models [1] recycles 0 hard 1 soft 0 temp 0.00 loss 0.13 i_con 5.37 plddt 0.26 ptm 0.85 i_ptm 0.16 energy -7.60
172 models [4] recycles 0 hard 1 soft 0 temp 0.00 loss -0.79 i_con 4.46 plddt 0.26 ptm 0.88 i_ptm 0.28 energy -7.60
173 models [4] recycles 0 hard 1 soft 0 temp 0.00 loss -0.79 i_con 4.46 plddt 0.26 ptm 0.88 i_ptm 0.28 energy -7.60
174 models [4] recycles 0 hard 1 soft 0 temp 0.00 loss -0.79 i_con 4.46 plddt 0.26 ptm 0.88 i_ptm 0.28 energy -7.60
175 models [1] recycles 0 hard 1 soft 0 temp 0.00 loss 0.13 i_con 5.37 plddt 0.26 ptm 0.85 i_ptm 0.16 energy -7.60
176 models [1] recycles 0 hard 1 soft 0 temp 0.00 loss 0.13 i_con 5.37 plddt 0.26 ptm 0.85 i_ptm 0.16 energy -7.60
177 models [0] recycles 0 hard 1 soft 0 temp 0.00 loss 0.21 i_con 5.45 plddt 0.26 ptm 0.84 i_ptm 0.28 energy -7.60
178 models [3] recycles 0 hard 1 soft 0 temp 0.00 loss -1.37 i_con 3.88 plddt 0.26 ptm 0.86 i_ptm 0.41 energy -7.60
179 models [3] recycles 0 hard 1 soft 0 temp 0.00 loss -1.37 i_con 3.88 plddt 0.26 ptm 0.86 i_ptm 0.41 energy -7.60
180 models [3] recycles 0 hard 1 soft 0 temp 0.00 loss -1.37 i_con 3.88 plddt 0.26 ptm 0.86 i_ptm 0.41 energy -7.60
  seq=AWIWWCNQSNYQKFA  loss=-1.3682  loss_af=3.9500  energy=-7.5974  i_ptm=0.4123
[5/30] seed=4 ...
1 models [4] recycles 0 hard 0 soft 1 temp 1 loss 4.54 i_con 4.10 plddt 0.31 ptm 0.88 i_ptm 0.36 energy 7.39
2 models [1] recycles 0 hard 0 soft 1 temp 1 loss 4.96 i_con 4.53 plddt 0.23 ptm 0.86 i_ptm 0.18 energy 6.96
3 models [0] recycles 0 hard 0 soft 1 temp 1 loss 4.81 i_con 4.39 plddt 0.24 ptm 0.83 i_ptm 0.21 energy 6.92
4 models [2] recycles 0 hard 0 soft 1 temp 1 loss 4.36 i_con 3.95 plddt 0.29 ptm 0.86 i_ptm 0.39 energy 6.72
5 models [1] recycles 0 hard 0 soft 1 temp 1 loss 4.53 i_con 4.13 plddt 0.24 ptm 0.86 i_ptm 0.30 energy 6.32
6 models [1] recycles 0 hard 0 soft 1 temp 1 loss 4.55 i_con 4.18 plddt 0.25 ptm 0.86 i_ptm 0.29 energy 5.87
7 models [0] recycles 0 hard 0 soft 1 temp 1 loss 4.34 i_con 3.99 plddt 0.32 ptm 0.85 i_ptm 0.38 energy 5.50
8 models [0] recycles 0 hard 0 soft 1 temp 1 loss 4.75 i_con 4.42 plddt 0.24 ptm 0.83 i_ptm 0.20 energy 5.11
9 models [4] recycles 0 hard 0 soft 1 temp 1 loss 4.35 i_con 4.02 plddt 0.28 ptm 0.87 i_ptm 0.38 energy 5.06
10 models [0] recycles 0 hard 0 soft 1 temp 1 loss 4.04 i_con 3.75 plddt 0.36 ptm 0.86 i_ptm 0.51 energy 4.57
11 models [4] recycles 0 hard 0 soft 1 temp 1 loss 4.21 i_con 3.94 plddt 0.31 ptm 0.88 i_ptm 0.41 energy 4.10
12 models [0] recycles 0 hard 0 soft 1 temp 1 loss 3.97 i_con 3.73 plddt 0.40 ptm 0.86 i_ptm 0.52 energy 3.49
13 models [0] recycles 0 hard 0 soft 1 temp 1 loss 4.03 i_con 3.82 plddt 0.38 ptm 0.85 i_ptm 0.45 energy 2.91
14 models [4] recycles 0 hard 0 soft 1 temp 1 loss 3.99 i_con 3.80 plddt 0.32 ptm 0.88 i_ptm 0.43 energy 2.58
15 models [0] recycles 0 hard 0 soft 1 temp 1 loss 4.08 i_con 3.90 plddt 0.35 ptm 0.84 i_ptm 0.40 energy 2.28
16 models [1] recycles 0 hard 0 soft 1 temp 1 loss 4.30 i_con 4.12 plddt 0.26 ptm 0.86 i_ptm 0.28 energy 2.24
17 models [3] recycles 0 hard 0 soft 1 temp 1 loss 3.83 i_con 3.67 plddt 0.37 ptm 0.87 i_ptm 0.52 energy 1.90
18 models [3] recycles 0 hard 0 soft 1 temp 1 loss 3.93 i_con 3.78 plddt 0.36 ptm 0.86 i_ptm 0.43 energy 1.76
19 models [1] recycles 0 hard 0 soft 1 temp 1 loss 4.43 i_con 4.28 plddt 0.23 ptm 0.86 i_ptm 0.20 energy 1.65
20 models [4] recycles 0 hard 0 soft 1 temp 1 loss 3.93 i_con 3.79 plddt 0.35 ptm 0.88 i_ptm 0.48 energy 1.56
21 models [2] recycles 0 hard 0 soft 1 temp 1 loss 3.81 i_con 3.68 plddt 0.39 ptm 0.88 i_ptm 0.52 energy 1.39
22 models [2] recycles 0 hard 0 soft 1 temp 1 loss 3.87 i_con 3.76 plddt 0.39 ptm 0.87 i_ptm 0.50 energy 0.85
23 models [4] recycles 0 hard 0 soft 1 temp 1 loss 3.77 i_con 3.68 plddt 0.37 ptm 0.89 i_ptm 0.54 energy 0.65
24 models [2] recycles 0 hard 0 soft 1 temp 1 loss 3.79 i_con 3.71 plddt 0.37 ptm 0.87 i_ptm 0.53 energy 0.36
25 models [0] recycles 0 hard 0 soft 1 temp 1 loss 3.76 i_con 3.71 plddt 0.43 ptm 0.86 i_ptm 0.51 energy -0.11
26 models [4] recycles 0 hard 0 soft 1 temp 1 loss 3.92 i_con 3.87 plddt 0.35 ptm 0.88 i_ptm 0.44 energy -0.31
27 models [2] recycles 0 hard 0 soft 1 temp 1 loss 3.73 i_con 3.70 plddt 0.39 ptm 0.87 i_ptm 0.55 energy -0.65
28 models [1] recycles 0 hard 0 soft 1 temp 1 loss 4.14 i_con 4.13 plddt 0.26 ptm 0.86 i_ptm 0.26 energy -1.26
29 models [2] recycles 0 hard 0 soft 1 temp 1 loss 3.71 i_con 3.71 plddt 0.40 ptm 0.87 i_ptm 0.54 energy -1.21
30 models [4] recycles 0 hard 0 soft 1 temp 1 loss 3.77 i_con 3.77 plddt 0.36 ptm 0.89 i_ptm 0.50 energy -1.33
31 models [1] recycles 0 hard 0 soft 1 temp 1 loss 3.92 i_con 3.93 plddt 0.30 ptm 0.87 i_ptm 0.36 energy -1.68
32 models [3] recycles 0 hard 0 soft 1 temp 1 loss 3.52 i_con 3.56 plddt 0.44 ptm 0.87 i_ptm 0.55 energy -1.84
33 models [2] recycles 0 hard 0 soft 1 temp 1 loss 3.75 i_con 3.78 plddt 0.36 ptm 0.87 i_ptm 0.46 energy -1.88
34 models [3] recycles 0 hard 0 soft 1 temp 1 loss 3.64 i_con 3.69 plddt 0.41 ptm 0.87 i_ptm 0.51 energy -2.11
35 models [3] recycles 0 hard 0 soft 1 temp 1 loss 3.71 i_con 3.75 plddt 0.34 ptm 0.86 i_ptm 0.45 energy -2.11
36 models [2] recycles 0 hard 0 soft 1 temp 1 loss 3.72 i_con 3.77 plddt 0.40 ptm 0.87 i_ptm 0.50 energy -2.02
37 models [2] recycles 0 hard 0 soft 1 temp 1 loss 3.72 i_con 3.77 plddt 0.41 ptm 0.87 i_ptm 0.52 energy -2.14
38 models [2] recycles 0 hard 0 soft 1 temp 1 loss 3.62 i_con 3.67 plddt 0.42 ptm 0.88 i_ptm 0.52 energy -2.07
39 models [0] recycles 0 hard 0 soft 1 temp 1 loss 3.78 i_con 3.82 plddt 0.34 ptm 0.85 i_ptm 0.40 energy -2.07
40 models [1] recycles 0 hard 0 soft 1 temp 1 loss 3.77 i_con 3.80 plddt 0.35 ptm 0.88 i_ptm 0.43 energy -2.04
41 models [4] recycles 0 hard 0 soft 1 temp 1 loss 3.66 i_con 3.70 plddt 0.34 ptm 0.88 i_ptm 0.48 energy -2.06
42 models [2] recycles 0 hard 0 soft 1 temp 1 loss 3.72 i_con 3.76 plddt 0.36 ptm 0.87 i_ptm 0.47 energy -2.08
43 models [0] recycles 0 hard 0 soft 1 temp 1 loss 3.65 i_con 3.71 plddt 0.41 ptm 0.86 i_ptm 0.50 energy -2.21
44 models [3] recycles 0 hard 0 soft 1 temp 1 loss 3.65 i_con 3.71 plddt 0.37 ptm 0.86 i_ptm 0.48 energy -2.36
45 models [2] recycles 0 hard 0 soft 1 temp 1 loss 3.63 i_con 3.69 plddt 0.43 ptm 0.87 i_ptm 0.55 energy -2.41
46 models [3] recycles 0 hard 0 soft 1 temp 1 loss 3.54 i_con 3.60 plddt 0.45 ptm 0.87 i_ptm 0.58 energy -2.39
47 models [1] recycles 0 hard 0 soft 1 temp 1 loss 3.84 i_con 3.89 plddt 0.31 ptm 0.88 i_ptm 0.40 energy -2.43
48 models [1] recycles 0 hard 0 soft 1 temp 1 loss 3.73 i_con 3.78 plddt 0.36 ptm 0.88 i_ptm 0.46 energy -2.33
49 models [4] recycles 0 hard 0 soft 1 temp 1 loss 3.63 i_con 3.69 plddt 0.41 ptm 0.89 i_ptm 0.53 energy -2.39
50 models [1] recycles 0 hard 0 soft 1 temp 1 loss 3.60 i_con 3.66 plddt 0.41 ptm 0.88 i_ptm 0.52 energy -2.29
51 models [4] recycles 0 hard 0 soft 1 temp 1 loss 3.19 i_con 3.81 plddt 0.35 ptm 0.88 i_ptm 0.47 energy -2.31
52 models [4] recycles 0 hard 0 soft 1 temp 1 loss 2.97 i_con 3.67 plddt 0.41 ptm 0.89 i_ptm 0.53 energy -2.52
53 models [3] recycles 0 hard 0 soft 1 temp 1 loss 2.94 i_con 3.66 plddt 0.38 ptm 0.87 i_ptm 0.54 energy -2.61
54 models [4] recycles 0 hard 0 soft 1 temp 1 loss 3.18 i_con 3.97 plddt 0.31 ptm 0.88 i_ptm 0.39 energy -2.87
55 models [0] recycles 0 hard 0 soft 1 temp 1 loss 2.96 i_con 3.82 plddt 0.41 ptm 0.85 i_ptm 0.44 energy -3.05
56 models [2] recycles 0 hard 0 soft 1 temp 1 loss 2.82 i_con 3.72 plddt 0.38 ptm 0.87 i_ptm 0.51 energy -3.20
57 models [2] recycles 0 hard 0 soft 1 temp 1 loss 2.75 i_con 3.71 plddt 0.39 ptm 0.87 i_ptm 0.52 energy -3.40
58 models [3] recycles 0 hard 0 soft 1 temp 1 loss 2.54 i_con 3.54 plddt 0.47 ptm 0.87 i_ptm 0.57 energy -3.53
59 models [3] recycles 0 hard 0 soft 1 temp 1 loss 2.24 i_con 3.26 plddt 0.56 ptm 0.88 i_ptm 0.70 energy -3.54
60 models [3] recycles 0 hard 0 soft 1 temp 1 loss 2.46 i_con 3.50 plddt 0.51 ptm 0.87 i_ptm 0.59 energy -3.62
61 models [4] recycles 0 hard 0 soft 1 temp 1 loss 4.37 i_con 5.45 plddt 0.27 ptm 0.86 i_ptm 0.20 energy -3.85
62 models [2] recycles 0 hard 0 soft 1 temp 1 loss 2.64 i_con 3.80 plddt 0.37 ptm 0.87 i_ptm 0.49 energy -4.09
63 models [2] recycles 0 hard 0 soft 1 temp 1 loss 2.33 i_con 3.51 plddt 0.50 ptm 0.88 i_ptm 0.61 energy -4.11
64 models [2] recycles 0 hard 0 soft 1 temp 1 loss 2.74 i_con 3.96 plddt 0.32 ptm 0.86 i_ptm 0.37 energy -4.28
65 models [2] recycles 0 hard 0 soft 1 temp 1 loss 2.55 i_con 3.79 plddt 0.35 ptm 0.86 i_ptm 0.46 energy -4.35
66 models [0] recycles 0 hard 0 soft 1 temp 1 loss 2.60 i_con 3.91 plddt 0.34 ptm 0.85 i_ptm 0.41 energy -4.58
67 models [2] recycles 0 hard 0 soft 1 temp 1 loss 2.42 i_con 3.78 plddt 0.32 ptm 0.87 i_ptm 0.45 energy -4.78
68 models [4] recycles 0 hard 0 soft 1 temp 1 loss 2.39 i_con 3.76 plddt 0.36 ptm 0.88 i_ptm 0.47 energy -4.79
69 models [4] recycles 0 hard 0 soft 1 temp 1 loss 2.35 i_con 3.78 plddt 0.35 ptm 0.88 i_ptm 0.46 energy -5.00
70 models [1] recycles 0 hard 0 soft 1 temp 1 loss 2.98 i_con 4.47 plddt 0.24 ptm 0.86 i_ptm 0.17 energy -5.24
71 models [3] recycles 0 hard 0 soft 1 temp 1 loss 1.96 i_con 3.46 plddt 0.40 ptm 0.87 i_ptm 0.55 energy -5.21
72 models [1] recycles 0 hard 0 soft 1 temp 1 loss 2.93 i_con 4.43 plddt 0.23 ptm 0.86 i_ptm 0.18 energy -5.26
73 models [0] recycles 0 hard 0 soft 1 temp 1 loss 2.32 i_con 3.84 plddt 0.35 ptm 0.85 i_ptm 0.43 energy -5.30
74 models [3] recycles 0 hard 0 soft 1 temp 1 loss 2.10 i_con 3.67 plddt 0.39 ptm 0.87 i_ptm 0.54 energy -5.45
75 models [4] recycles 0 hard 0 soft 1 temp 1 loss 2.08 i_con 3.68 plddt 0.40 ptm 0.89 i_ptm 0.50 energy -5.54
76 models [1] recycles 0 hard 0 soft 1 temp 1 loss 3.63 i_con 5.27 plddt 0.23 ptm 0.85 i_ptm 0.15 energy -5.72
77 models [4] recycles 0 hard 0 soft 1 temp 1 loss 2.09 i_con 3.73 plddt 0.34 ptm 0.88 i_ptm 0.44 energy -5.69
78 models [0] recycles 0 hard 0 soft 1 temp 1 loss 2.33 i_con 3.98 plddt 0.29 ptm 0.86 i_ptm 0.35 energy -5.74
79 models [4] recycles 0 hard 0 soft 1 temp 1 loss 2.11 i_con 3.79 plddt 0.38 ptm 0.88 i_ptm 0.49 energy -5.78
80 models [3] recycles 0 hard 0 soft 1 temp 1 loss 1.88 i_con 3.58 plddt 0.41 ptm 0.87 i_ptm 0.60 energy -5.87
81 models [3] recycles 0 hard 0 soft 1 temp 1 loss 2.15 i_con 3.84 plddt 0.31 ptm 0.86 i_ptm 0.43 energy -5.86
82 models [0] recycles 0 hard 0 soft 1 temp 1 loss 2.19 i_con 3.89 plddt 0.33 ptm 0.85 i_ptm 0.43 energy -5.92
83 models [0] recycles 0 hard 0 soft 1 temp 1 loss 2.14 i_con 3.80 plddt 0.36 ptm 0.85 i_ptm 0.46 energy -5.76
84 models [0] recycles 0 hard 0 soft 1 temp 1 loss 2.05 i_con 3.75 plddt 0.35 ptm 0.86 i_ptm 0.47 energy -5.90
85 models [3] recycles 0 hard 0 soft 1 temp 1 loss 1.91 i_con 3.60 plddt 0.37 ptm 0.87 i_ptm 0.54 energy -5.83
86 models [4] recycles 0 hard 0 soft 1 temp 1 loss 1.92 i_con 3.64 plddt 0.36 ptm 0.89 i_ptm 0.53 energy -5.92
87 models [2] recycles 0 hard 0 soft 1 temp 1 loss 1.91 i_con 3.65 plddt 0.38 ptm 0.87 i_ptm 0.52 energy -6.00
88 models [4] recycles 0 hard 0 soft 1 temp 1 loss 1.60 i_con 3.35 plddt 0.41 ptm 0.89 i_ptm 0.59 energy -6.03
89 models [4] recycles 0 hard 0 soft 1 temp 1 loss 1.97 i_con 3.72 plddt 0.34 ptm 0.88 i_ptm 0.47 energy -6.04
90 models [0] recycles 0 hard 0 soft 1 temp 1 loss 1.97 i_con 3.75 plddt 0.35 ptm 0.86 i_ptm 0.45 energy -6.14
91 models [3] recycles 0 hard 0 soft 1 temp 1 loss 1.81 i_con 3.61 plddt 0.41 ptm 0.87 i_ptm 0.57 energy -6.22
92 models [0] recycles 0 hard 0 soft 1 temp 1 loss 2.11 i_con 3.94 plddt 0.30 ptm 0.85 i_ptm 0.39 energy -6.33
93 models [1] recycles 0 hard 0 soft 1 temp 1 loss 2.32 i_con 4.12 plddt 0.29 ptm 0.87 i_ptm 0.30 energy -6.26
94 models [0] recycles 0 hard 0 soft 1 temp 1 loss 1.99 i_con 3.82 plddt 0.37 ptm 0.86 i_ptm 0.46 energy -6.31
95 models [2] recycles 0 hard 0 soft 1 temp 1 loss 1.87 i_con 3.68 plddt 0.38 ptm 0.87 i_ptm 0.52 energy -6.27
96 models [1] recycles 0 hard 0 soft 1 temp 1 loss 2.21 i_con 4.05 plddt 0.29 ptm 0.87 i_ptm 0.35 energy -6.35
97 models [0] recycles 0 hard 0 soft 1 temp 1 loss 1.40 i_con 3.23 plddt 0.46 ptm 0.86 i_ptm 0.65 energy -6.27
98 models [1] recycles 0 hard 0 soft 1 temp 1 loss 2.93 i_con 4.72 plddt 0.21 ptm 0.86 i_ptm 0.12 energy -6.24
99 models [0] recycles 0 hard 0 soft 1 temp 1 loss 1.74 i_con 3.54 plddt 0.41 ptm 0.87 i_ptm 0.58 energy -6.21
100 models [1] recycles 0 hard 0 soft 1 temp 1 loss 2.48 i_con 4.28 plddt 0.24 ptm 0.86 i_ptm 0.23 energy -6.26
101 models [0] recycles 0 hard 0 soft 0 temp 1 loss 1.34 i_con 4.28 plddt 0.27 ptm 0.83 i_ptm 0.23 energy -30.09
102 models [3] recycles 0 hard 0 soft 0 temp 0.98 loss 1.78 i_con 4.69 plddt 0.20 ptm 0.62 i_ptm 0.19 energy -29.91
103 models [0] recycles 0 hard 0 soft 0 temp 0.96 loss 1.22 i_con 4.14 plddt 0.28 ptm 0.84 i_ptm 0.32 energy -29.92
104 models [4] recycles 0 hard 0 soft 0 temp 0.94 loss 2.25 i_con 5.22 plddt 0.20 ptm 0.87 i_ptm 0.13 energy -30.51
105 models [0] recycles 0 hard 0 soft 0 temp 0.92 loss 1.13 i_con 4.08 plddt 0.30 ptm 0.84 i_ptm 0.32 energy -30.24
106 models [3] recycles 0 hard 0 soft 0 temp 0.90 loss 1.18 i_con 4.18 plddt 0.25 ptm 0.86 i_ptm 0.26 energy -30.78
107 models [0] recycles 0 hard 0 soft 0 temp 0.88 loss 0.95 i_con 3.95 plddt 0.31 ptm 0.85 i_ptm 0.39 energy -30.67
108 models [3] recycles 0 hard 0 soft 0 temp 0.86 loss 0.82 i_con 3.92 plddt 0.30 ptm 0.86 i_ptm 0.39 energy -31.77
109 models [0] recycles 0 hard 0 soft 0 temp 0.84 loss 1.40 i_con 4.58 plddt 0.22 ptm 0.83 i_ptm 0.14 energy -32.57
110 models [0] recycles 0 hard 0 soft 0 temp 0.82 loss 0.50 i_con 3.65 plddt 0.38 ptm 0.86 i_ptm 0.57 energy -32.19
111 models [4] recycles 0 hard 0 soft 0 temp 0.80 loss 0.94 i_con 4.11 plddt 0.27 ptm 0.87 i_ptm 0.34 energy -32.44
112 models [1] recycles 0 hard 0 soft 0 temp 0.78 loss 2.73 i_con 6.00 plddt 0.25 ptm 0.85 i_ptm 0.18 energy -33.39
113 models [0] recycles 0 hard 0 soft 0 temp 0.76 loss 0.48 i_con 3.76 plddt 0.34 ptm 0.85 i_ptm 0.49 energy -33.48
114 models [4] recycles 0 hard 0 soft 0 temp 0.74 loss 0.99 i_con 4.27 plddt 0.24 ptm 0.87 i_ptm 0.25 energy -33.57
115 models [4] recycles 0 hard 0 soft 0 temp 0.72 loss 1.58 i_con 4.84 plddt 0.21 ptm 0.87 i_ptm 0.15 energy -33.40
116 models [2] recycles 0 hard 0 soft 0 temp 0.70 loss 0.45 i_con 3.71 plddt 0.39 ptm 0.87 i_ptm 0.49 energy -33.24
117 models [4] recycles 0 hard 0 soft 0 temp 0.68 loss 0.44 i_con 3.80 plddt 0.34 ptm 0.89 i_ptm 0.47 energy -34.24
118 models [2] recycles 0 hard 0 soft 0 temp 0.66 loss 0.27 i_con 3.74 plddt 0.38 ptm 0.87 i_ptm 0.51 energy -35.35
119 models [1] recycles 0 hard 0 soft 0 temp 0.64 loss 1.79 i_con 5.43 plddt 0.26 ptm 0.86 i_ptm 0.16 energy -37.19
120 models [3] recycles 0 hard 0 soft 0 temp 0.62 loss 0.14 i_con 3.83 plddt 0.35 ptm 0.86 i_ptm 0.47 energy -37.57
121 models [1] recycles 0 hard 0 soft 0 temp 0.60 loss 1.75 i_con 5.51 plddt 0.24 ptm 0.86 i_ptm 0.17 energy -38.32
122 models [3] recycles 0 hard 0 soft 0 temp 0.58 loss -0.10 i_con 3.70 plddt 0.35 ptm 0.87 i_ptm 0.50 energy -38.68
123 models [3] recycles 0 hard 0 soft 0 temp 0.56 loss 1.44 i_con 5.24 plddt 0.25 ptm 0.85 i_ptm 0.17 energy -38.73
124 models [2] recycles 0 hard 0 soft 0 temp 0.54 loss -0.18 i_con 3.64 plddt 0.39 ptm 0.88 i_ptm 0.54 energy -38.74
125 models [3] recycles 0 hard 0 soft 0 temp 0.52 loss -0.18 i_con 3.65 plddt 0.36 ptm 0.87 i_ptm 0.52 energy -38.94
126 models [2] recycles 0 hard 0 soft 0 temp 0.50 loss -0.21 i_con 3.78 plddt 0.37 ptm 0.87 i_ptm 0.47 energy -40.54
127 models [3] recycles 0 hard 0 soft 0 temp 0.48 loss -0.29 i_con 3.85 plddt 0.33 ptm 0.87 i_ptm 0.43 energy -42.06
128 models [3] recycles 0 hard 0 soft 0 temp 0.46 loss -0.45 i_con 3.73 plddt 0.37 ptm 0.87 i_ptm 0.50 energy -42.38
129 models [0] recycles 0 hard 0 soft 0 temp 0.44 loss -0.48 i_con 3.79 plddt 0.29 ptm 0.84 i_ptm 0.33 energy -43.43
130 models [2] recycles 0 hard 0 soft 0 temp 0.42 loss -0.80 i_con 3.50 plddt 0.43 ptm 0.88 i_ptm 0.59 energy -43.62
131 models [3] recycles 0 hard 0 soft 0 temp 0.40 loss -0.72 i_con 3.70 plddt 0.35 ptm 0.87 i_ptm 0.50 energy -44.81
132 models [3] recycles 0 hard 0 soft 0 temp 0.38 loss -0.88 i_con 3.69 plddt 0.34 ptm 0.87 i_ptm 0.50 energy -46.41
133 models [1] recycles 0 hard 0 soft 0 temp 0.36 loss 1.47 i_con 6.08 plddt 0.27 ptm 0.86 i_ptm 0.18 energy -46.78
134 models [4] recycles 0 hard 0 soft 0 temp 0.34 loss -0.65 i_con 4.01 plddt 0.27 ptm 0.88 i_ptm 0.33 energy -47.39
135 models [4] recycles 0 hard 0 soft 0 temp 0.32 loss -0.80 i_con 3.93 plddt 0.32 ptm 0.88 i_ptm 0.42 energy -47.91
136 models [1] recycles 0 hard 0 soft 0 temp 0.30 loss 1.19 i_con 5.91 plddt 0.26 ptm 0.85 i_ptm 0.19 energy -47.92
137 models [2] recycles 0 hard 0 soft 0 temp 0.28 loss -1.03 i_con 3.71 plddt 0.40 ptm 0.87 i_ptm 0.50 energy -48.03
138 models [0] recycles 0 hard 0 soft 0 temp 0.26 loss -1.07 i_con 3.77 plddt 0.37 ptm 0.85 i_ptm 0.49 energy -49.04
139 models [1] recycles 0 hard 0 soft 0 temp 0.24 loss 0.97 i_con 5.90 plddt 0.25 ptm 0.85 i_ptm 0.13 energy -50.06
140 models [2] recycles 0 hard 0 soft 0 temp 0.22 loss -0.99 i_con 3.96 plddt 0.32 ptm 0.87 i_ptm 0.40 energy -50.17
141 models [4] recycles 0 hard 0 soft 0 temp 0.20 loss -0.65 i_con 4.36 plddt 0.24 ptm 0.87 i_ptm 0.21 energy -50.86
142 models [4] recycles 0 hard 0 soft 0 temp 0.18 loss -1.06 i_con 3.96 plddt 0.26 ptm 0.88 i_ptm 0.33 energy -50.92
143 models [3] recycles 0 hard 0 soft 0 temp 0.16 loss -1.27 i_con 3.81 plddt 0.34 ptm 0.87 i_ptm 0.45 energy -51.50
144 models [2] recycles 0 hard 0 soft 0 temp 0.14 loss -1.43 i_con 3.76 plddt 0.38 ptm 0.87 i_ptm 0.48 energy -52.54
145 models [3] recycles 0 hard 0 soft 0 temp 0.12 loss -1.56 i_con 3.74 plddt 0.35 ptm 0.87 i_ptm 0.48 energy -53.59
146 models [4] recycles 0 hard 0 soft 0 temp 0.10 loss -1.34 i_con 4.02 plddt 0.29 ptm 0.88 i_ptm 0.36 energy -54.24
147 models [0] recycles 0 hard 0 soft 0 temp 0.08 loss -1.50 i_con 3.87 plddt 0.32 ptm 0.85 i_ptm 0.43 energy -54.29
148 models [4] recycles 0 hard 0 soft 0 temp 0.06 loss -1.63 i_con 3.78 plddt 0.35 ptm 0.89 i_ptm 0.47 energy -54.72
149 models [3] recycles 0 hard 0 soft 0 temp 0.04 loss -1.74 i_con 3.75 plddt 0.33 ptm 0.87 i_ptm 0.47 energy -55.62
150 models [0] recycles 0 hard 0 soft 0 temp 0.02 loss -1.66 i_con 3.91 plddt 0.35 ptm 0.84 i_ptm 0.44 energy -56.37
151 models [2] recycles 0 hard 1 soft 0 temp 0.00 loss 0.19 i_con 3.71 plddt 0.38 ptm 0.87 i_ptm 0.54 energy -5.13
152 models [3] recycles 0 hard 1 soft 0 temp 0.00 loss -0.06 i_con 3.48 plddt 0.49 ptm 0.87 i_ptm 0.65 energy -5.13
153 models [1] recycles 0 hard 1 soft 0 temp 0.00 loss 1.69 i_con 5.20 plddt 0.25 ptm 0.85 i_ptm 0.19 energy -5.13
154 models [2] recycles 0 hard 1 soft 0 temp 0.00 loss 0.19 i_con 3.71 plddt 0.38 ptm 0.87 i_ptm 0.54 energy -5.13
155 models [3] recycles 0 hard 1 soft 0 temp 0.00 loss -0.06 i_con 3.48 plddt 0.49 ptm 0.87 i_ptm 0.65 energy -5.13
156 models [4] recycles 0 hard 1 soft 0 temp 0.00 loss 1.77 i_con 5.28 plddt 0.23 ptm 0.88 i_ptm 0.28 energy -5.13
157 models [2] recycles 0 hard 1 soft 0 temp 0.00 loss 0.19 i_con 3.71 plddt 0.38 ptm 0.87 i_ptm 0.54 energy -5.13
158 models [4] recycles 0 hard 1 soft 0 temp 0.00 loss 1.77 i_con 5.28 plddt 0.23 ptm 0.88 i_ptm 0.28 energy -5.13
159 models [2] recycles 0 hard 1 soft 0 temp 0.00 loss 0.19 i_con 3.71 plddt 0.38 ptm 0.87 i_ptm 0.54 energy -5.13
160 models [4] recycles 0 hard 1 soft 0 temp 0.00 loss 1.77 i_con 5.28 plddt 0.23 ptm 0.88 i_ptm 0.28 energy -5.13
161 models [1] recycles 0 hard 1 soft 0 temp 0.00 loss 1.69 i_con 5.20 plddt 0.25 ptm 0.85 i_ptm 0.19 energy -5.13
162 models [2] recycles 0 hard 1 soft 0 temp 0.00 loss 0.19 i_con 3.71 plddt 0.38 ptm 0.87 i_ptm 0.54 energy -5.13
163 models [1] recycles 0 hard 1 soft 0 temp 0.00 loss 1.69 i_con 5.20 plddt 0.25 ptm 0.85 i_ptm 0.19 energy -5.13
164 models [0] recycles 0 hard 1 soft 0 temp 0.00 loss -0.52 i_con 3.03 plddt 0.61 ptm 0.87 i_ptm 0.79 energy -5.13
165 models [2] recycles 0 hard 1 soft 0 temp 0.00 loss 0.19 i_con 3.71 plddt 0.38 ptm 0.87 i_ptm 0.54 energy -5.13
166 models [4] recycles 0 hard 1 soft 0 temp 0.00 loss 1.77 i_con 5.28 plddt 0.23 ptm 0.88 i_ptm 0.28 energy -5.13
167 models [0] recycles 0 hard 1 soft 0 temp 0.00 loss -0.52 i_con 3.03 plddt 0.61 ptm 0.87 i_ptm 0.79 energy -5.13
168 models [4] recycles 0 hard 1 soft 0 temp 0.00 loss 1.77 i_con 5.28 plddt 0.23 ptm 0.88 i_ptm 0.28 energy -5.13
169 models [0] recycles 0 hard 1 soft 0 temp 0.00 loss -0.52 i_con 3.03 plddt 0.61 ptm 0.87 i_ptm 0.79 energy -5.13
170 models [4] recycles 0 hard 1 soft 0 temp 0.00 loss 1.77 i_con 5.28 plddt 0.23 ptm 0.88 i_ptm 0.28 energy -5.13
171 models [0] recycles 0 hard 1 soft 0 temp 0.00 loss -0.52 i_con 3.03 plddt 0.61 ptm 0.87 i_ptm 0.79 energy -5.13
172 models [0] recycles 0 hard 1 soft 0 temp 0.00 loss -0.52 i_con 3.03 plddt 0.61 ptm 0.87 i_ptm 0.79 energy -5.13
173 models [3] recycles 0 hard 1 soft 0 temp 0.00 loss -0.06 i_con 3.48 plddt 0.49 ptm 0.87 i_ptm 0.65 energy -5.13
174 models [3] recycles 0 hard 1 soft 0 temp 0.00 loss -0.06 i_con 3.48 plddt 0.49 ptm 0.87 i_ptm 0.65 energy -5.13
175 models [4] recycles 0 hard 1 soft 0 temp 0.00 loss 1.77 i_con 5.28 plddt 0.23 ptm 0.88 i_ptm 0.28 energy -5.13
176 models [0] recycles 0 hard 1 soft 0 temp 0.00 loss -0.52 i_con 3.03 plddt 0.61 ptm 0.87 i_ptm 0.79 energy -5.13
177 models [0] recycles 0 hard 1 soft 0 temp 0.00 loss -0.52 i_con 3.03 plddt 0.61 ptm 0.87 i_ptm 0.79 energy -5.13
178 models [1] recycles 0 hard 1 soft 0 temp 0.00 loss 1.69 i_con 5.20 plddt 0.25 ptm 0.85 i_ptm 0.19 energy -5.13
179 models [2] recycles 0 hard 1 soft 0 temp 0.00 loss 0.19 i_con 3.71 plddt 0.38 ptm 0.87 i_ptm 0.54 energy -5.13
180 models [2] recycles 0 hard 1 soft 0 temp 0.00 loss 0.19 i_con 3.71 plddt 0.38 ptm 0.87 i_ptm 0.54 energy -5.13
  seq=MIGNRAQDVFWQGFW  loss=0.1865  loss_af=3.7751  energy=-5.1267  i_ptm=0.5397
[6/30] seed=5 ...
1 models [0] recycles 0 hard 0 soft 1 temp 1 loss 4.62 i_con 4.18 plddt 0.28 ptm 0.84 i_ptm 0.31 energy 7.39
2 models [3] recycles 0 hard 0 soft 1 temp 1 loss 4.16 i_con 3.75 plddt 0.40 ptm 0.86 i_ptm 0.49 energy 7.04
3 models [1] recycles 0 hard 0 soft 1 temp 1 loss 5.37 i_con 4.98 plddt 0.19 ptm 0.86 i_ptm 0.14 energy 6.35
4 models [0] recycles 0 hard 0 soft 1 temp 1 loss 4.33 i_con 3.95 plddt 0.33 ptm 0.85 i_ptm 0.38 energy 6.17
5 models [4] recycles 0 hard 0 soft 1 temp 1 loss 5.61 i_con 5.26 plddt 0.23 ptm 0.87 i_ptm 0.13 energy 5.53
6 models [1] recycles 0 hard 0 soft 1 temp 1 loss 5.12 i_con 4.77 plddt 0.20 ptm 0.86 i_ptm 0.12 energy 5.45
7 models [0] recycles 0 hard 0 soft 1 temp 1 loss 4.71 i_con 4.37 plddt 0.24 ptm 0.83 i_ptm 0.22 energy 5.31
8 models [4] recycles 0 hard 0 soft 1 temp 1 loss 4.46 i_con 4.14 plddt 0.29 ptm 0.87 i_ptm 0.33 energy 4.99
9 models [0] recycles 0 hard 0 soft 1 temp 1 loss 4.37 i_con 4.06 plddt 0.29 ptm 0.85 i_ptm 0.32 energy 4.71
10 models [3] recycles 0 hard 0 soft 1 temp 1 loss 3.98 i_con 3.69 plddt 0.39 ptm 0.87 i_ptm 0.50 energy 4.48
11 models [0] recycles 0 hard 0 soft 1 temp 1 loss 4.20 i_con 3.94 plddt 0.37 ptm 0.85 i_ptm 0.45 energy 4.00
12 models [0] recycles 0 hard 0 soft 1 temp 1 loss 4.18 i_con 3.93 plddt 0.39 ptm 0.85 i_ptm 0.43 energy 3.70
13 models [3] recycles 0 hard 0 soft 1 temp 1 loss 4.89 i_con 4.66 plddt 0.28 ptm 0.84 i_ptm 0.17 energy 3.19
14 models [4] recycles 0 hard 0 soft 1 temp 1 loss 4.16 i_con 3.94 plddt 0.29 ptm 0.88 i_ptm 0.37 energy 2.95
15 models [0] recycles 0 hard 0 soft 1 temp 1 loss 3.97 i_con 3.77 plddt 0.41 ptm 0.85 i_ptm 0.51 energy 2.77
16 models [2] recycles 0 hard 0 soft 1 temp 1 loss 4.04 i_con 3.86 plddt 0.35 ptm 0.87 i_ptm 0.46 energy 2.22
17 models [3] recycles 0 hard 0 soft 1 temp 1 loss 3.89 i_con 3.74 plddt 0.38 ptm 0.86 i_ptm 0.47 energy 1.85
18 models [1] recycles 0 hard 0 soft 1 temp 1 loss 4.79 i_con 4.64 plddt 0.22 ptm 0.86 i_ptm 0.15 energy 1.47
19 models [1] recycles 0 hard 0 soft 1 temp 1 loss 4.13 i_con 3.99 plddt 0.30 ptm 0.87 i_ptm 0.34 energy 1.35
20 models [1] recycles 0 hard 0 soft 1 temp 1 loss 4.22 i_con 4.09 plddt 0.29 ptm 0.87 i_ptm 0.29 energy 1.13
21 models [2] recycles 0 hard 0 soft 1 temp 1 loss 4.00 i_con 3.90 plddt 0.36 ptm 0.87 i_ptm 0.45 energy 0.79
22 models [2] recycles 0 hard 0 soft 1 temp 1 loss 3.96 i_con 3.87 plddt 0.33 ptm 0.87 i_ptm 0.44 energy 0.48
23 models [0] recycles 0 hard 0 soft 1 temp 1 loss 3.89 i_con 3.81 plddt 0.40 ptm 0.85 i_ptm 0.49 energy 0.46
24 models [1] recycles 0 hard 0 soft 1 temp 1 loss 4.12 i_con 4.04 plddt 0.27 ptm 0.87 i_ptm 0.32 energy 0.24
25 models [0] recycles 0 hard 0 soft 1 temp 1 loss 3.87 i_con 3.80 plddt 0.37 ptm 0.86 i_ptm 0.47 energy 0.10
26 models [3] recycles 0 hard 0 soft 1 temp 1 loss 3.70 i_con 3.67 plddt 0.36 ptm 0.86 i_ptm 0.53 energy -0.59
27 models [4] recycles 0 hard 0 soft 1 temp 1 loss 3.88 i_con 3.85 plddt 0.36 ptm 0.89 i_ptm 0.47 energy -0.69
28 models [1] recycles 0 hard 0 soft 1 temp 1 loss 4.00 i_con 3.98 plddt 0.27 ptm 0.86 i_ptm 0.31 energy -0.95
29 models [0] recycles 0 hard 0 soft 1 temp 1 loss 3.84 i_con 3.82 plddt 0.40 ptm 0.86 i_ptm 0.47 energy -0.94
30 models [1] recycles 0 hard 0 soft 1 temp 1 loss 4.05 i_con 4.04 plddt 0.26 ptm 0.86 i_ptm 0.28 energy -1.20
31 models [1] recycles 0 hard 0 soft 1 temp 1 loss 4.32 i_con 4.31 plddt 0.23 ptm 0.86 i_ptm 0.19 energy -1.33
32 models [4] recycles 0 hard 0 soft 1 temp 1 loss 3.92 i_con 3.91 plddt 0.31 ptm 0.88 i_ptm 0.39 energy -1.13
33 models [4] recycles 0 hard 0 soft 1 temp 1 loss 3.73 i_con 3.74 plddt 0.34 ptm 0.89 i_ptm 0.49 energy -1.48
34 models [4] recycles 0 hard 0 soft 1 temp 1 loss 3.97 i_con 3.99 plddt 0.30 ptm 0.88 i_ptm 0.40 energy -1.76
35 models [4] recycles 0 hard 0 soft 1 temp 1 loss 3.78 i_con 3.81 plddt 0.34 ptm 0.89 i_ptm 0.46 energy -1.92
36 models [2] recycles 0 hard 0 soft 1 temp 1 loss 3.73 i_con 3.77 plddt 0.39 ptm 0.87 i_ptm 0.51 energy -1.94
37 models [3] recycles 0 hard 0 soft 1 temp 1 loss 3.65 i_con 3.69 plddt 0.37 ptm 0.87 i_ptm 0.48 energy -2.12
38 models [1] recycles 0 hard 0 soft 1 temp 1 loss 3.98 i_con 4.02 plddt 0.28 ptm 0.87 i_ptm 0.32 energy -2.08
39 models [3] recycles 0 hard 0 soft 1 temp 1 loss 3.61 i_con 3.66 plddt 0.38 ptm 0.86 i_ptm 0.51 energy -2.29
40 models [4] recycles 0 hard 0 soft 1 temp 1 loss 3.80 i_con 3.85 plddt 0.35 ptm 0.88 i_ptm 0.44 energy -2.22
41 models [3] recycles 0 hard 0 soft 1 temp 1 loss 3.84 i_con 3.88 plddt 0.32 ptm 0.85 i_ptm 0.39 energy -2.07
42 models [3] recycles 0 hard 0 soft 1 temp 1 loss 3.66 i_con 3.68 plddt 0.35 ptm 0.87 i_ptm 0.51 energy -1.72
43 models [2] recycles 0 hard 0 soft 1 temp 1 loss 3.63 i_con 3.68 plddt 0.39 ptm 0.87 i_ptm 0.51 energy -2.16
44 models [3] recycles 0 hard 0 soft 1 temp 1 loss 3.57 i_con 3.63 plddt 0.38 ptm 0.87 i_ptm 0.51 energy -2.34
45 models [3] recycles 0 hard 0 soft 1 temp 1 loss 3.62 i_con 3.68 plddt 0.34 ptm 0.87 i_ptm 0.47 energy -2.52
46 models [2] recycles 0 hard 0 soft 1 temp 1 loss 3.64 i_con 3.70 plddt 0.41 ptm 0.88 i_ptm 0.52 energy -2.48
47 models [0] recycles 0 hard 0 soft 1 temp 1 loss 3.77 i_con 3.84 plddt 0.40 ptm 0.86 i_ptm 0.45 energy -2.64
48 models [3] recycles 0 hard 0 soft 1 temp 1 loss 3.62 i_con 3.69 plddt 0.37 ptm 0.87 i_ptm 0.49 energy -2.62
49 models [0] recycles 0 hard 0 soft 1 temp 1 loss 3.71 i_con 3.78 plddt 0.37 ptm 0.85 i_ptm 0.44 energy -2.72
50 models [4] recycles 0 hard 0 soft 1 temp 1 loss 3.83 i_con 3.90 plddt 0.29 ptm 0.88 i_ptm 0.39 energy -2.79
51 models [2] recycles 0 hard 0 soft 1 temp 1 loss 3.01 i_con 3.80 plddt 0.34 ptm 0.87 i_ptm 0.46 energy -2.86
52 models [2] recycles 0 hard 0 soft 1 temp 1 loss 2.90 i_con 3.75 plddt 0.37 ptm 0.87 i_ptm 0.49 energy -3.06
53 models [1] recycles 0 hard 0 soft 1 temp 1 loss 3.33 i_con 4.24 plddt 0.24 ptm 0.86 i_ptm 0.21 energy -3.30
54 models [0] recycles 0 hard 0 soft 1 temp 1 loss 2.86 i_con 3.79 plddt 0.36 ptm 0.86 i_ptm 0.44 energy -3.30
55 models [4] recycles 0 hard 0 soft 1 temp 1 loss 2.87 i_con 3.86 plddt 0.29 ptm 0.88 i_ptm 0.41 energy -3.54
56 models [1] recycles 0 hard 0 soft 1 temp 1 loss 2.89 i_con 3.98 plddt 0.28 ptm 0.87 i_ptm 0.35 energy -3.86
57 models [0] recycles 0 hard 0 soft 1 temp 1 loss 2.74 i_con 3.84 plddt 0.36 ptm 0.85 i_ptm 0.42 energy -3.90
58 models [0] recycles 0 hard 0 soft 1 temp 1 loss 2.62 i_con 3.81 plddt 0.40 ptm 0.85 i_ptm 0.45 energy -4.14
59 models [4] recycles 0 hard 0 soft 1 temp 1 loss 2.61 i_con 3.88 plddt 0.30 ptm 0.89 i_ptm 0.39 energy -4.46
60 models [2] recycles 0 hard 0 soft 1 temp 1 loss 2.39 i_con 3.75 plddt 0.39 ptm 0.87 i_ptm 0.51 energy -4.73
61 models [1] recycles 0 hard 0 soft 1 temp 1 loss 3.53 i_con 4.97 plddt 0.21 ptm 0.86 i_ptm 0.10 energy -5.06
62 models [0] recycles 0 hard 0 soft 1 temp 1 loss 2.41 i_con 3.81 plddt 0.40 ptm 0.85 i_ptm 0.44 energy -4.87
63 models [2] recycles 0 hard 0 soft 1 temp 1 loss 2.41 i_con 3.88 plddt 0.39 ptm 0.87 i_ptm 0.47 energy -5.12
64 models [2] recycles 0 hard 0 soft 1 temp 1 loss 2.20 i_con 3.75 plddt 0.40 ptm 0.87 i_ptm 0.49 energy -5.37
65 models [3] recycles 0 hard 0 soft 1 temp 1 loss 2.05 i_con 3.68 plddt 0.36 ptm 0.86 i_ptm 0.55 energy -5.65
66 models [0] recycles 0 hard 0 soft 1 temp 1 loss 2.08 i_con 3.76 plddt 0.41 ptm 0.86 i_ptm 0.53 energy -5.79
67 models [4] recycles 0 hard 0 soft 1 temp 1 loss 3.23 i_con 4.94 plddt 0.24 ptm 0.86 i_ptm 0.14 energy -5.96
68 models [0] recycles 0 hard 0 soft 1 temp 1 loss 2.04 i_con 3.77 plddt 0.42 ptm 0.86 i_ptm 0.52 energy -5.97
69 models [4] recycles 0 hard 0 soft 1 temp 1 loss 2.39 i_con 4.17 plddt 0.24 ptm 0.88 i_ptm 0.27 energy -6.16
70 models [3] recycles 0 hard 0 soft 1 temp 1 loss 1.93 i_con 3.72 plddt 0.39 ptm 0.86 i_ptm 0.53 energy -6.16
71 models [2] recycles 0 hard 0 soft 1 temp 1 loss 2.11 i_con 3.96 plddt 0.34 ptm 0.87 i_ptm 0.41 energy -6.39
72 models [2] recycles 0 hard 0 soft 1 temp 1 loss 1.99 i_con 3.81 plddt 0.37 ptm 0.87 i_ptm 0.45 energy -6.29
73 models [0] recycles 0 hard 0 soft 1 temp 1 loss 2.16 i_con 4.08 plddt 0.31 ptm 0.85 i_ptm 0.34 energy -6.63
74 models [2] recycles 0 hard 0 soft 1 temp 1 loss 1.80 i_con 3.79 plddt 0.39 ptm 0.87 i_ptm 0.48 energy -6.82
75 models [1] recycles 0 hard 0 soft 1 temp 1 loss 2.09 i_con 4.07 plddt 0.29 ptm 0.86 i_ptm 0.32 energy -6.83
76 models [0] recycles 0 hard 0 soft 1 temp 1 loss 1.83 i_con 3.85 plddt 0.35 ptm 0.85 i_ptm 0.44 energy -6.95
77 models [3] recycles 0 hard 0 soft 1 temp 1 loss 1.61 i_con 3.65 plddt 0.38 ptm 0.87 i_ptm 0.58 energy -7.00
78 models [3] recycles 0 hard 0 soft 1 temp 1 loss 1.67 i_con 3.70 plddt 0.37 ptm 0.87 i_ptm 0.54 energy -6.96
79 models [3] recycles 0 hard 0 soft 1 temp 1 loss 1.84 i_con 3.89 plddt 0.31 ptm 0.86 i_ptm 0.41 energy -7.05
80 models [1] recycles 0 hard 0 soft 1 temp 1 loss 1.87 i_con 3.93 plddt 0.34 ptm 0.87 i_ptm 0.41 energy -7.06
81 models [2] recycles 0 hard 0 soft 1 temp 1 loss 1.66 i_con 3.73 plddt 0.41 ptm 0.87 i_ptm 0.53 energy -7.10
82 models [3] recycles 0 hard 0 soft 1 temp 1 loss 1.80 i_con 3.82 plddt 0.36 ptm 0.87 i_ptm 0.48 energy -6.95
83 models [1] recycles 0 hard 0 soft 1 temp 1 loss 2.86 i_con 4.86 plddt 0.26 ptm 0.86 i_ptm 0.13 energy -6.90
84 models [1] recycles 0 hard 0 soft 1 temp 1 loss 3.69 i_con 5.69 plddt 0.27 ptm 0.86 i_ptm 0.16 energy -6.91
85 models [0] recycles 0 hard 0 soft 1 temp 1 loss 1.91 i_con 3.92 plddt 0.36 ptm 0.85 i_ptm 0.40 energy -6.91
86 models [3] recycles 0 hard 0 soft 1 temp 1 loss 1.49 i_con 3.53 plddt 0.38 ptm 0.87 i_ptm 0.60 energy -7.02
87 models [1] recycles 0 hard 0 soft 1 temp 1 loss 1.45 i_con 3.51 plddt 0.41 ptm 0.88 i_ptm 0.60 energy -7.07
88 models [0] recycles 0 hard 0 soft 1 temp 1 loss 1.85 i_con 3.88 plddt 0.31 ptm 0.85 i_ptm 0.38 energy -7.02
89 models [1] recycles 0 hard 0 soft 1 temp 1 loss 1.78 i_con 3.85 plddt 0.34 ptm 0.87 i_ptm 0.44 energy -7.12
90 models [2] recycles 0 hard 0 soft 1 temp 1 loss 1.62 i_con 3.69 plddt 0.43 ptm 0.87 i_ptm 0.51 energy -7.11
91 models [2] recycles 0 hard 0 soft 1 temp 1 loss 1.42 i_con 3.51 plddt 0.44 ptm 0.88 i_ptm 0.62 energy -7.18
92 models [4] recycles 0 hard 0 soft 1 temp 1 loss 1.62 i_con 3.74 plddt 0.36 ptm 0.89 i_ptm 0.52 energy -7.31
93 models [4] recycles 0 hard 0 soft 1 temp 1 loss 1.68 i_con 3.77 plddt 0.34 ptm 0.88 i_ptm 0.48 energy -7.21
94 models [4] recycles 0 hard 0 soft 1 temp 1 loss 1.28 i_con 3.42 plddt 0.41 ptm 0.89 i_ptm 0.63 energy -7.34
95 models [3] recycles 0 hard 0 soft 1 temp 1 loss 1.39 i_con 3.49 plddt 0.40 ptm 0.87 i_ptm 0.61 energy -7.21
96 models [0] recycles 0 hard 0 soft 1 temp 1 loss 1.28 i_con 3.45 plddt 0.44 ptm 0.86 i_ptm 0.64 energy -7.42
97 models [2] recycles 0 hard 0 soft 1 temp 1 loss 1.35 i_con 3.53 plddt 0.43 ptm 0.87 i_ptm 0.60 energy -7.45
98 models [3] recycles 0 hard 0 soft 1 temp 1 loss 1.95 i_con 4.12 plddt 0.29 ptm 0.85 i_ptm 0.32 energy -7.45
99 models [1] recycles 0 hard 0 soft 1 temp 1 loss 2.70 i_con 4.82 plddt 0.26 ptm 0.86 i_ptm 0.17 energy -7.34
100 models [4] recycles 0 hard 0 soft 1 temp 1 loss 2.93 i_con 5.05 plddt 0.21 ptm 0.86 i_ptm 0.10 energy -7.32
101 models [1] recycles 0 hard 0 soft 0 temp 1 loss 3.14 i_con 6.36 plddt 0.25 ptm 0.85 i_ptm 0.18 energy -32.86
102 models [1] recycles 0 hard 0 soft 0 temp 0.98 loss 3.11 i_con 6.35 plddt 0.26 ptm 0.85 i_ptm 0.21 energy -33.17
103 models [3] recycles 0 hard 0 soft 0 temp 0.96 loss 2.62 i_con 5.91 plddt 0.25 ptm 0.85 i_ptm 0.18 energy -33.58
104 models [3] recycles 0 hard 0 soft 0 temp 0.94 loss 0.74 i_con 4.09 plddt 0.25 ptm 0.85 i_ptm 0.29 energy -34.18
105 models [3] recycles 0 hard 0 soft 0 temp 0.92 loss 1.29 i_con 4.66 plddt 0.21 ptm 0.85 i_ptm 0.13 energy -34.46
106 models [4] recycles 0 hard 0 soft 0 temp 0.90 loss 2.03 i_con 5.41 plddt 0.23 ptm 0.87 i_ptm 0.13 energy -34.60
107 models [2] recycles 0 hard 0 soft 0 temp 0.88 loss 2.01 i_con 5.40 plddt 0.24 ptm 0.86 i_ptm 0.14 energy -34.69
108 models [1] recycles 0 hard 0 soft 0 temp 0.86 loss 2.86 i_con 6.27 plddt 0.28 ptm 0.86 i_ptm 0.18 energy -34.83
109 models [3] recycles 0 hard 0 soft 0 temp 0.84 loss 0.71 i_con 4.22 plddt 0.24 ptm 0.85 i_ptm 0.29 energy -35.83
110 models [3] recycles 0 hard 0 soft 0 temp 0.82 loss 0.74 i_con 4.30 plddt 0.25 ptm 0.85 i_ptm 0.21 energy -36.39
111 models [4] recycles 0 hard 0 soft 0 temp 0.80 loss 0.69 i_con 4.27 plddt 0.23 ptm 0.87 i_ptm 0.24 energy -36.59
112 models [0] recycles 0 hard 0 soft 0 temp 0.78 loss 0.46 i_con 4.12 plddt 0.27 ptm 0.84 i_ptm 0.32 energy -37.33
113 models [1] recycles 0 hard 0 soft 0 temp 0.76 loss 2.28 i_con 6.05 plddt 0.26 ptm 0.86 i_ptm 0.18 energy -38.40
114 models [4] recycles 0 hard 0 soft 0 temp 0.74 loss 1.21 i_con 5.04 plddt 0.23 ptm 0.87 i_ptm 0.12 energy -39.05
115 models [4] recycles 0 hard 0 soft 0 temp 0.72 loss 1.24 i_con 5.10 plddt 0.20 ptm 0.87 i_ptm 0.14 energy -39.33
116 models [4] recycles 0 hard 0 soft 0 temp 0.70 loss 0.24 i_con 4.14 plddt 0.25 ptm 0.87 i_ptm 0.28 energy -39.72
117 models [2] recycles 0 hard 0 soft 0 temp 0.68 loss 0.05 i_con 4.00 plddt 0.28 ptm 0.87 i_ptm 0.36 energy -40.21
118 models [2] recycles 0 hard 0 soft 0 temp 0.66 loss -0.18 i_con 3.89 plddt 0.31 ptm 0.88 i_ptm 0.41 energy -41.32
119 models [3] recycles 0 hard 0 soft 0 temp 0.64 loss -0.11 i_con 4.15 plddt 0.26 ptm 0.85 i_ptm 0.27 energy -43.34
120 models [1] recycles 0 hard 0 soft 0 temp 0.62 loss 1.62 i_con 5.93 plddt 0.25 ptm 0.86 i_ptm 0.19 energy -43.77
121 models [4] recycles 0 hard 0 soft 0 temp 0.60 loss -0.52 i_con 3.91 plddt 0.31 ptm 0.89 i_ptm 0.41 energy -44.97
122 models [3] recycles 0 hard 0 soft 0 temp 0.58 loss -0.64 i_con 3.95 plddt 0.29 ptm 0.87 i_ptm 0.40 energy -46.58
123 models [0] recycles 0 hard 0 soft 0 temp 0.56 loss -0.69 i_con 3.99 plddt 0.31 ptm 0.85 i_ptm 0.39 energy -47.44
124 models [1] recycles 0 hard 0 soft 0 temp 0.54 loss 0.66 i_con 5.42 plddt 0.22 ptm 0.86 i_ptm 0.13 energy -48.38
125 models [1] recycles 0 hard 0 soft 0 temp 0.52 loss -0.38 i_con 4.39 plddt 0.25 ptm 0.87 i_ptm 0.21 energy -48.52
126 models [4] recycles 0 hard 0 soft 0 temp 0.50 loss -0.51 i_con 4.30 plddt 0.23 ptm 0.87 i_ptm 0.24 energy -48.87
127 models [1] recycles 0 hard 0 soft 0 temp 0.48 loss -0.82 i_con 4.01 plddt 0.30 ptm 0.87 i_ptm 0.35 energy -48.97
128 models [4] recycles 0 hard 0 soft 0 temp 0.46 loss -1.01 i_con 3.91 plddt 0.29 ptm 0.89 i_ptm 0.40 energy -49.89
129 models [4] recycles 0 hard 0 soft 0 temp 0.44 loss -1.17 i_con 3.85 plddt 0.30 ptm 0.89 i_ptm 0.41 energy -50.85
130 models [3] recycles 0 hard 0 soft 0 temp 0.42 loss -0.88 i_con 4.30 plddt 0.24 ptm 0.85 i_ptm 0.24 energy -52.50
131 models [3] recycles 0 hard 0 soft 0 temp 0.40 loss -1.28 i_con 3.94 plddt 0.28 ptm 0.85 i_ptm 0.39 energy -52.95
132 models [1] recycles 0 hard 0 soft 0 temp 0.38 loss 0.22 i_con 5.53 plddt 0.24 ptm 0.86 i_ptm 0.14 energy -53.83
133 models [4] recycles 0 hard 0 soft 0 temp 0.36 loss -1.43 i_con 3.92 plddt 0.29 ptm 0.89 i_ptm 0.40 energy -54.25
134 models [4] recycles 0 hard 0 soft 0 temp 0.34 loss -1.42 i_con 3.96 plddt 0.28 ptm 0.89 i_ptm 0.36 energy -54.46
135 models [2] recycles 0 hard 0 soft 0 temp 0.32 loss -1.41 i_con 4.04 plddt 0.27 ptm 0.87 i_ptm 0.31 energy -55.28
136 models [3] recycles 0 hard 0 soft 0 temp 0.30 loss -0.96 i_con 4.58 plddt 0.22 ptm 0.83 i_ptm 0.13 energy -56.17
137 models [2] recycles 0 hard 0 soft 0 temp 0.28 loss -1.69 i_con 3.88 plddt 0.29 ptm 0.87 i_ptm 0.39 energy -56.36
138 models [3] recycles 0 hard 0 soft 0 temp 0.26 loss -1.68 i_con 3.99 plddt 0.28 ptm 0.86 i_ptm 0.34 energy -57.41
139 models [2] recycles 0 hard 0 soft 0 temp 0.24 loss -1.92 i_con 3.79 plddt 0.32 ptm 0.88 i_ptm 0.43 energy -57.78
140 models [0] recycles 0 hard 0 soft 0 temp 0.22 loss -2.09 i_con 3.80 plddt 0.34 ptm 0.86 i_ptm 0.46 energy -59.55
141 models [2] recycles 0 hard 0 soft 0 temp 0.20 loss -2.10 i_con 3.94 plddt 0.30 ptm 0.87 i_ptm 0.40 energy -61.09
142 models [3] recycles 0 hard 0 soft 0 temp 0.18 loss -1.45 i_con 4.72 plddt 0.18 ptm 0.26 i_ptm 0.11 energy -62.48
143 models [1] recycles 0 hard 0 soft 0 temp 0.16 loss -1.88 i_con 4.30 plddt 0.24 ptm 0.86 i_ptm 0.20 energy -62.53
144 models [3] recycles 0 hard 0 soft 0 temp 0.14 loss -1.31 i_con 4.89 plddt 0.24 ptm 0.76 i_ptm 0.11 energy -62.75
145 models [3] recycles 0 hard 0 soft 0 temp 0.12 loss -1.79 i_con 4.40 plddt 0.23 ptm 0.85 i_ptm 0.16 energy -62.70
146 models [2] recycles 0 hard 0 soft 0 temp 0.10 loss -2.37 i_con 3.82 plddt 0.31 ptm 0.88 i_ptm 0.45 energy -62.57
147 models [2] recycles 0 hard 0 soft 0 temp 0.08 loss -2.61 i_con 3.77 plddt 0.35 ptm 0.87 i_ptm 0.48 energy -64.42
148 models [0] recycles 0 hard 0 soft 0 temp 0.06 loss -2.68 i_con 3.87 plddt 0.33 ptm 0.85 i_ptm 0.43 energy -66.11
149 models [4] recycles 0 hard 0 soft 0 temp 0.04 loss -2.80 i_con 3.93 plddt 0.27 ptm 0.88 i_ptm 0.40 energy -68.02
150 models [4] recycles 0 hard 0 soft 0 temp 0.02 loss -2.98 i_con 3.88 plddt 0.28 ptm 0.88 i_ptm 0.40 energy -69.29
151 models [1] recycles 0 hard 1 soft 0 temp 0.00 loss 1.06 i_con 5.67 plddt 0.24 ptm 0.85 i_ptm 0.21 energy -6.69
152 models [3] recycles 0 hard 1 soft 0 temp 0.00 loss -0.63 i_con 3.99 plddt 0.30 ptm 0.85 i_ptm 0.39 energy -6.69
153 models [4] recycles 0 hard 1 soft 0 temp 0.00 loss 0.10 i_con 4.71 plddt 0.21 ptm 0.87 i_ptm 0.14 energy -6.69
154 models [2] recycles 0 hard 1 soft 0 temp 0.00 loss -0.88 i_con 3.74 plddt 0.35 ptm 0.87 i_ptm 0.50 energy -6.69
155 models [3] recycles 0 hard 1 soft 0 temp 0.00 loss -0.63 i_con 3.99 plddt 0.30 ptm 0.85 i_ptm 0.39 energy -6.69
156 models [1] recycles 0 hard 1 soft 0 temp 0.00 loss 1.06 i_con 5.67 plddt 0.24 ptm 0.85 i_ptm 0.21 energy -6.69
157 models [0] recycles 0 hard 1 soft 0 temp 0.00 loss -0.64 i_con 3.97 plddt 0.29 ptm 0.84 i_ptm 0.42 energy -6.69
158 models [3] recycles 0 hard 1 soft 0 temp 0.00 loss -0.63 i_con 3.99 plddt 0.30 ptm 0.85 i_ptm 0.39 energy -6.69
159 models [0] recycles 0 hard 1 soft 0 temp 0.00 loss -0.64 i_con 3.97 plddt 0.29 ptm 0.84 i_ptm 0.42 energy -6.69
160 models [1] recycles 0 hard 1 soft 0 temp 0.00 loss 1.06 i_con 5.67 plddt 0.24 ptm 0.85 i_ptm 0.21 energy -6.69
161 models [0] recycles 0 hard 1 soft 0 temp 0.00 loss -0.64 i_con 3.97 plddt 0.29 ptm 0.84 i_ptm 0.42 energy -6.69
162 models [4] recycles 0 hard 1 soft 0 temp 0.00 loss 0.10 i_con 4.71 plddt 0.21 ptm 0.87 i_ptm 0.14 energy -6.69
163 models [2] recycles 0 hard 1 soft 0 temp 0.00 loss -0.88 i_con 3.74 plddt 0.35 ptm 0.87 i_ptm 0.50 energy -6.69
164 models [4] recycles 0 hard 1 soft 0 temp 0.00 loss 0.10 i_con 4.71 plddt 0.21 ptm 0.87 i_ptm 0.14 energy -6.69
165 models [0] recycles 0 hard 1 soft 0 temp 0.00 loss -0.64 i_con 3.97 plddt 0.29 ptm 0.84 i_ptm 0.42 energy -6.69
166 models [0] recycles 0 hard 1 soft 0 temp 0.00 loss -0.64 i_con 3.97 plddt 0.29 ptm 0.84 i_ptm 0.42 energy -6.69
167 models [0] recycles 0 hard 1 soft 0 temp 0.00 loss -0.64 i_con 3.97 plddt 0.29 ptm 0.84 i_ptm 0.42 energy -6.69
168 models [1] recycles 0 hard 1 soft 0 temp 0.00 loss 1.06 i_con 5.67 plddt 0.24 ptm 0.85 i_ptm 0.21 energy -6.69
169 models [4] recycles 0 hard 1 soft 0 temp 0.00 loss 0.10 i_con 4.71 plddt 0.21 ptm 0.87 i_ptm 0.14 energy -6.69
170 models [4] recycles 0 hard 1 soft 0 temp 0.00 loss 0.10 i_con 4.71 plddt 0.21 ptm 0.87 i_ptm 0.14 energy -6.69
171 models [4] recycles 0 hard 1 soft 0 temp 0.00 loss 0.10 i_con 4.71 plddt 0.21 ptm 0.87 i_ptm 0.14 energy -6.69
172 models [3] recycles 0 hard 1 soft 0 temp 0.00 loss -0.63 i_con 3.99 plddt 0.30 ptm 0.85 i_ptm 0.39 energy -6.69
173 models [4] recycles 0 hard 1 soft 0 temp 0.00 loss 0.10 i_con 4.71 plddt 0.21 ptm 0.87 i_ptm 0.14 energy -6.69
174 models [0] recycles 0 hard 1 soft 0 temp 0.00 loss -0.64 i_con 3.97 plddt 0.29 ptm 0.84 i_ptm 0.42 energy -6.69
175 models [4] recycles 0 hard 1 soft 0 temp 0.00 loss 0.10 i_con 4.71 plddt 0.21 ptm 0.87 i_ptm 0.14 energy -6.69
176 models [2] recycles 0 hard 1 soft 0 temp 0.00 loss -0.88 i_con 3.74 plddt 0.35 ptm 0.87 i_ptm 0.50 energy -6.69
177 models [2] recycles 0 hard 1 soft 0 temp 0.00 loss -0.88 i_con 3.74 plddt 0.35 ptm 0.87 i_ptm 0.50 energy -6.69
178 models [0] recycles 0 hard 1 soft 0 temp 0.00 loss -0.64 i_con 3.97 plddt 0.29 ptm 0.84 i_ptm 0.42 energy -6.69
179 models [3] recycles 0 hard 1 soft 0 temp 0.00 loss -0.63 i_con 3.99 plddt 0.30 ptm 0.85 i_ptm 0.39 energy -6.69
180 models [2] recycles 0 hard 1 soft 0 temp 0.00 loss -0.88 i_con 3.74 plddt 0.35 ptm 0.87 i_ptm 0.50 energy -6.69
  seq=NIGIRAQVVNWCRFW  loss=-0.8835  loss_af=3.8028  energy=-6.6948  i_ptm=0.5036
[7/30] seed=6 ...
1 models [1] recycles 0 hard 0 soft 1 temp 1 loss 4.54 i_con 4.10 plddt 0.26 ptm 0.87 i_ptm 0.29 energy 7.40
2 models [1] recycles 0 hard 0 soft 1 temp 1 loss 4.77 i_con 4.34 plddt 0.23 ptm 0.86 i_ptm 0.22 energy 7.07
3 models [1] recycles 0 hard 0 soft 1 temp 1 loss 4.35 i_con 3.94 plddt 0.28 ptm 0.86 i_ptm 0.33 energy 6.85
4 models [2] recycles 0 hard 0 soft 1 temp 1 loss 4.34 i_con 3.96 plddt 0.33 ptm 0.87 i_ptm 0.41 energy 6.15
5 models [2] recycles 0 hard 0 soft 1 temp 1 loss 4.24 i_con 3.88 plddt 0.33 ptm 0.86 i_ptm 0.41 energy 5.87
6 models [2] recycles 0 hard 0 soft 1 temp 1 loss 4.21 i_con 3.88 plddt 0.30 ptm 0.87 i_ptm 0.38 energy 5.10
7 models [4] recycles 0 hard 0 soft 1 temp 1 loss 4.11 i_con 3.82 plddt 0.33 ptm 0.88 i_ptm 0.44 energy 4.38
8 models [2] recycles 0 hard 0 soft 1 temp 1 loss 4.13 i_con 3.87 plddt 0.31 ptm 0.86 i_ptm 0.42 energy 3.94
9 models [4] recycles 0 hard 0 soft 1 temp 1 loss 4.32 i_con 4.08 plddt 0.28 ptm 0.87 i_ptm 0.35 energy 3.42
10 models [3] recycles 0 hard 0 soft 1 temp 1 loss 4.17 i_con 3.94 plddt 0.30 ptm 0.86 i_ptm 0.37 energy 3.17
11 models [0] recycles 0 hard 0 soft 1 temp 1 loss 4.04 i_con 3.83 plddt 0.37 ptm 0.85 i_ptm 0.46 energy 2.83
12 models [1] recycles 0 hard 0 soft 1 temp 1 loss 4.28 i_con 4.08 plddt 0.27 ptm 0.87 i_ptm 0.32 energy 2.48
13 models [1] recycles 0 hard 0 soft 1 temp 1 loss 4.19 i_con 4.01 plddt 0.28 ptm 0.87 i_ptm 0.34 energy 2.18
14 models [0] recycles 0 hard 0 soft 1 temp 1 loss 4.17 i_con 4.00 plddt 0.31 ptm 0.84 i_ptm 0.35 energy 2.06
15 models [0] recycles 0 hard 0 soft 1 temp 1 loss 4.05 i_con 3.90 plddt 0.37 ptm 0.85 i_ptm 0.43 energy 1.80
16 models [4] recycles 0 hard 0 soft 1 temp 1 loss 4.05 i_con 3.90 plddt 0.31 ptm 0.88 i_ptm 0.40 energy 1.69
17 models [0] recycles 0 hard 0 soft 1 temp 1 loss 4.02 i_con 3.88 plddt 0.33 ptm 0.85 i_ptm 0.40 energy 1.45
18 models [2] recycles 0 hard 0 soft 1 temp 1 loss 3.95 i_con 3.82 plddt 0.33 ptm 0.86 i_ptm 0.42 energy 1.11
19 models [1] recycles 0 hard 0 soft 1 temp 1 loss 4.37 i_con 4.25 plddt 0.24 ptm 0.86 i_ptm 0.22 energy 1.03
20 models [0] recycles 0 hard 0 soft 1 temp 1 loss 3.96 i_con 3.85 plddt 0.37 ptm 0.85 i_ptm 0.44 energy 0.95
21 models [3] recycles 0 hard 0 soft 1 temp 1 loss 3.78 i_con 3.68 plddt 0.37 ptm 0.86 i_ptm 0.49 energy 0.63
22 models [3] recycles 0 hard 0 soft 1 temp 1 loss 3.83 i_con 3.75 plddt 0.33 ptm 0.86 i_ptm 0.46 energy 0.28
23 models [3] recycles 0 hard 0 soft 1 temp 1 loss 3.75 i_con 3.70 plddt 0.38 ptm 0.87 i_ptm 0.50 energy -0.16
24 models [0] recycles 0 hard 0 soft 1 temp 1 loss 4.03 i_con 3.97 plddt 0.30 ptm 0.85 i_ptm 0.36 energy -0.36
25 models [1] recycles 0 hard 0 soft 1 temp 1 loss 3.96 i_con 3.92 plddt 0.30 ptm 0.87 i_ptm 0.39 energy -0.57
26 models [2] recycles 0 hard 0 soft 1 temp 1 loss 3.80 i_con 3.77 plddt 0.38 ptm 0.88 i_ptm 0.49 energy -0.72
27 models [3] recycles 0 hard 0 soft 1 temp 1 loss 3.71 i_con 3.68 plddt 0.38 ptm 0.86 i_ptm 0.48 energy -0.69
28 models [4] recycles 0 hard 0 soft 1 temp 1 loss 4.03 i_con 3.98 plddt 0.32 ptm 0.88 i_ptm 0.41 energy -0.35
29 models [3] recycles 0 hard 0 soft 1 temp 1 loss 3.82 i_con 3.78 plddt 0.35 ptm 0.86 i_ptm 0.45 energy -0.45
30 models [0] recycles 0 hard 0 soft 1 temp 1 loss 3.94 i_con 3.92 plddt 0.34 ptm 0.85 i_ptm 0.38 energy -0.85
31 models [2] recycles 0 hard 0 soft 1 temp 1 loss 3.67 i_con 3.67 plddt 0.43 ptm 0.87 i_ptm 0.54 energy -1.08
32 models [0] recycles 0 hard 0 soft 1 temp 1 loss 3.85 i_con 3.86 plddt 0.37 ptm 0.85 i_ptm 0.43 energy -1.28
33 models [1] recycles 0 hard 0 soft 1 temp 1 loss 4.27 i_con 4.26 plddt 0.25 ptm 0.86 i_ptm 0.21 energy -1.32
34 models [0] recycles 0 hard 0 soft 1 temp 1 loss 3.84 i_con 3.83 plddt 0.36 ptm 0.85 i_ptm 0.43 energy -1.10
35 models [2] recycles 0 hard 0 soft 1 temp 1 loss 3.83 i_con 3.82 plddt 0.36 ptm 0.87 i_ptm 0.47 energy -1.13
36 models [2] recycles 0 hard 0 soft 1 temp 1 loss 3.67 i_con 3.68 plddt 0.38 ptm 0.87 i_ptm 0.53 energy -1.49
37 models [4] recycles 0 hard 0 soft 1 temp 1 loss 3.88 i_con 3.90 plddt 0.33 ptm 0.88 i_ptm 0.42 energy -1.75
38 models [4] recycles 0 hard 0 soft 1 temp 1 loss 3.94 i_con 3.96 plddt 0.32 ptm 0.88 i_ptm 0.40 energy -1.67
39 models [1] recycles 0 hard 0 soft 1 temp 1 loss 5.48 i_con 5.50 plddt 0.25 ptm 0.86 i_ptm 0.14 energy -1.94
40 models [4] recycles 0 hard 0 soft 1 temp 1 loss 3.86 i_con 3.89 plddt 0.32 ptm 0.88 i_ptm 0.43 energy -1.88
41 models [0] recycles 0 hard 0 soft 1 temp 1 loss 3.82 i_con 3.85 plddt 0.36 ptm 0.85 i_ptm 0.42 energy -1.98
42 models [2] recycles 0 hard 0 soft 1 temp 1 loss 3.71 i_con 3.75 plddt 0.36 ptm 0.87 i_ptm 0.50 energy -2.14
43 models [0] recycles 0 hard 0 soft 1 temp 1 loss 3.89 i_con 3.93 plddt 0.34 ptm 0.85 i_ptm 0.37 energy -2.20
44 models [2] recycles 0 hard 0 soft 1 temp 1 loss 3.73 i_con 3.78 plddt 0.38 ptm 0.86 i_ptm 0.49 energy -2.19
45 models [3] recycles 0 hard 0 soft 1 temp 1 loss 3.72 i_con 3.78 plddt 0.35 ptm 0.86 i_ptm 0.44 energy -2.39
46 models [3] recycles 0 hard 0 soft 1 temp 1 loss 3.57 i_con 3.62 plddt 0.41 ptm 0.87 i_ptm 0.56 energy -2.26
47 models [0] recycles 0 hard 0 soft 1 temp 1 loss 3.79 i_con 3.83 plddt 0.39 ptm 0.85 i_ptm 0.46 energy -2.10
48 models [0] recycles 0 hard 0 soft 1 temp 1 loss 3.77 i_con 3.83 plddt 0.36 ptm 0.84 i_ptm 0.42 energy -2.35
49 models [4] recycles 0 hard 0 soft 1 temp 1 loss 3.75 i_con 3.80 plddt 0.35 ptm 0.89 i_ptm 0.45 energy -2.29
50 models [2] recycles 0 hard 0 soft 1 temp 1 loss 3.66 i_con 3.72 plddt 0.39 ptm 0.87 i_ptm 0.53 energy -2.46
51 models [0] recycles 0 hard 0 soft 1 temp 1 loss 3.08 i_con 3.79 plddt 0.37 ptm 0.85 i_ptm 0.45 energy -2.55
52 models [0] recycles 0 hard 0 soft 1 temp 1 loss 3.03 i_con 3.76 plddt 0.39 ptm 0.85 i_ptm 0.47 energy -2.65
53 models [1] recycles 0 hard 0 soft 1 temp 1 loss 3.19 i_con 3.99 plddt 0.30 ptm 0.87 i_ptm 0.37 energy -2.89
54 models [4] recycles 0 hard 0 soft 1 temp 1 loss 3.02 i_con 3.81 plddt 0.37 ptm 0.88 i_ptm 0.49 energy -2.83
55 models [3] recycles 0 hard 0 soft 1 temp 1 loss 3.00 i_con 3.80 plddt 0.31 ptm 0.87 i_ptm 0.46 energy -2.91
56 models [2] recycles 0 hard 0 soft 1 temp 1 loss 2.97 i_con 3.80 plddt 0.38 ptm 0.87 i_ptm 0.48 energy -2.98
57 models [2] recycles 0 hard 0 soft 1 temp 1 loss 2.95 i_con 3.78 plddt 0.38 ptm 0.88 i_ptm 0.50 energy -2.97
58 models [0] recycles 0 hard 0 soft 1 temp 1 loss 3.17 i_con 4.04 plddt 0.31 ptm 0.84 i_ptm 0.33 energy -3.13
59 models [4] recycles 0 hard 0 soft 1 temp 1 loss 2.92 i_con 3.80 plddt 0.34 ptm 0.89 i_ptm 0.46 energy -3.15
60 models [0] recycles 0 hard 0 soft 1 temp 1 loss 3.13 i_con 3.98 plddt 0.29 ptm 0.85 i_ptm 0.35 energy -3.06
61 models [4] recycles 0 hard 0 soft 1 temp 1 loss 2.97 i_con 3.89 plddt 0.31 ptm 0.88 i_ptm 0.43 energy -3.30
62 models [2] recycles 0 hard 0 soft 1 temp 1 loss 2.92 i_con 3.92 plddt 0.33 ptm 0.86 i_ptm 0.41 energy -3.53
63 models [2] recycles 0 hard 0 soft 1 temp 1 loss 2.71 i_con 3.70 plddt 0.41 ptm 0.87 i_ptm 0.55 energy -3.49
64 models [2] recycles 0 hard 0 soft 1 temp 1 loss 2.81 i_con 3.85 plddt 0.34 ptm 0.87 i_ptm 0.43 energy -3.69
65 models [0] recycles 0 hard 0 soft 1 temp 1 loss 3.24 i_con 4.33 plddt 0.26 ptm 0.83 i_ptm 0.21 energy -3.89
66 models [0] recycles 0 hard 0 soft 1 temp 1 loss 2.78 i_con 3.90 plddt 0.35 ptm 0.85 i_ptm 0.41 energy -3.93
67 models [1] recycles 0 hard 0 soft 1 temp 1 loss 4.48 i_con 5.66 plddt 0.24 ptm 0.86 i_ptm 0.15 energy -4.17
68 models [2] recycles 0 hard 0 soft 1 temp 1 loss 2.82 i_con 3.97 plddt 0.31 ptm 0.86 i_ptm 0.40 energy -4.06
69 models [3] recycles 0 hard 0 soft 1 temp 1 loss 4.50 i_con 5.68 plddt 0.30 ptm 0.85 i_ptm 0.24 energy -4.17
70 models [3] recycles 0 hard 0 soft 1 temp 1 loss 4.44 i_con 5.59 plddt 0.27 ptm 0.84 i_ptm 0.19 energy -4.09
71 models [3] recycles 0 hard 0 soft 1 temp 1 loss 2.76 i_con 3.93 plddt 0.32 ptm 0.85 i_ptm 0.38 energy -4.11
72 models [0] recycles 0 hard 0 soft 1 temp 1 loss 2.99 i_con 4.14 plddt 0.31 ptm 0.84 i_ptm 0.29 energy -4.08
73 models [2] recycles 0 hard 0 soft 1 temp 1 loss 2.76 i_con 3.89 plddt 0.33 ptm 0.87 i_ptm 0.42 energy -4.00
74 models [2] recycles 0 hard 0 soft 1 temp 1 loss 2.65 i_con 3.81 plddt 0.35 ptm 0.87 i_ptm 0.47 energy -4.07
75 models [1] recycles 0 hard 0 soft 1 temp 1 loss 2.96 i_con 4.21 plddt 0.25 ptm 0.86 i_ptm 0.27 energy -4.43
76 models [4] recycles 0 hard 0 soft 1 temp 1 loss 3.68 i_con 4.93 plddt 0.25 ptm 0.86 i_ptm 0.17 energy -4.42
77 models [2] recycles 0 hard 0 soft 1 temp 1 loss 2.73 i_con 3.97 plddt 0.31 ptm 0.86 i_ptm 0.37 energy -4.38
78 models [4] recycles 0 hard 0 soft 1 temp 1 loss 2.67 i_con 3.89 plddt 0.29 ptm 0.88 i_ptm 0.40 energy -4.30
79 models [4] recycles 0 hard 0 soft 1 temp 1 loss 4.32 i_con 5.63 plddt 0.25 ptm 0.86 i_ptm 0.21 energy -4.63
80 models [1] recycles 0 hard 0 soft 1 temp 1 loss 2.77 i_con 4.09 plddt 0.26 ptm 0.87 i_ptm 0.31 energy -4.67
81 models [0] recycles 0 hard 0 soft 1 temp 1 loss 2.66 i_con 4.06 plddt 0.31 ptm 0.84 i_ptm 0.32 energy -4.88
82 models [2] recycles 0 hard 0 soft 1 temp 1 loss 2.57 i_con 3.97 plddt 0.32 ptm 0.86 i_ptm 0.41 energy -4.88
83 models [0] recycles 0 hard 0 soft 1 temp 1 loss 2.38 i_con 3.85 plddt 0.34 ptm 0.86 i_ptm 0.42 energy -5.10
84 models [0] recycles 0 hard 0 soft 1 temp 1 loss 2.35 i_con 3.90 plddt 0.32 ptm 0.85 i_ptm 0.40 energy -5.36
85 models [0] recycles 0 hard 0 soft 1 temp 1 loss 2.25 i_con 3.89 plddt 0.33 ptm 0.85 i_ptm 0.41 energy -5.69
86 models [1] recycles 0 hard 0 soft 1 temp 1 loss 3.73 i_con 5.46 plddt 0.25 ptm 0.86 i_ptm 0.15 energy -6.00
87 models [4] recycles 0 hard 0 soft 1 temp 1 loss 2.12 i_con 3.80 plddt 0.32 ptm 0.88 i_ptm 0.44 energy -5.86
88 models [4] recycles 0 hard 0 soft 1 temp 1 loss 2.10 i_con 3.86 plddt 0.31 ptm 0.88 i_ptm 0.43 energy -6.10
89 models [3] recycles 0 hard 0 soft 1 temp 1 loss 2.04 i_con 3.88 plddt 0.34 ptm 0.86 i_ptm 0.41 energy -6.37
90 models [1] recycles 0 hard 0 soft 1 temp 1 loss 4.24 i_con 6.11 plddt 0.24 ptm 0.86 i_ptm 0.16 energy -6.49
91 models [2] recycles 0 hard 0 soft 1 temp 1 loss 2.19 i_con 3.99 plddt 0.30 ptm 0.86 i_ptm 0.38 energy -6.22
92 models [0] recycles 0 hard 0 soft 1 temp 1 loss 2.05 i_con 3.91 plddt 0.33 ptm 0.85 i_ptm 0.41 energy -6.39
93 models [0] recycles 0 hard 0 soft 1 temp 1 loss 1.99 i_con 3.90 plddt 0.33 ptm 0.86 i_ptm 0.44 energy -6.58
94 models [2] recycles 0 hard 0 soft 1 temp 1 loss 2.22 i_con 4.10 plddt 0.30 ptm 0.85 i_ptm 0.32 energy -6.52
95 models [3] recycles 0 hard 0 soft 1 temp 1 loss 2.10 i_con 4.02 plddt 0.28 ptm 0.86 i_ptm 0.36 energy -6.63
96 models [2] recycles 0 hard 0 soft 1 temp 1 loss 1.94 i_con 3.82 plddt 0.34 ptm 0.87 i_ptm 0.46 energy -6.46
97 models [3] recycles 0 hard 0 soft 1 temp 1 loss 2.15 i_con 4.06 plddt 0.28 ptm 0.85 i_ptm 0.31 energy -6.61
98 models [0] recycles 0 hard 0 soft 1 temp 1 loss 2.02 i_con 3.95 plddt 0.33 ptm 0.85 i_ptm 0.39 energy -6.63
99 models [3] recycles 0 hard 0 soft 1 temp 1 loss 1.90 i_con 3.85 plddt 0.33 ptm 0.87 i_ptm 0.42 energy -6.74
100 models [1] recycles 0 hard 0 soft 1 temp 1 loss 3.01 i_con 5.01 plddt 0.21 ptm 0.86 i_ptm 0.13 energy -6.95
101 models [2] recycles 0 hard 0 soft 0 temp 1 loss 0.90 i_con 4.07 plddt 0.31 ptm 0.86 i_ptm 0.36 energy -32.33
102 models [4] recycles 0 hard 0 soft 0 temp 0.98 loss 1.78 i_con 5.03 plddt 0.21 ptm 0.87 i_ptm 0.13 energy -33.34
103 models [4] recycles 0 hard 0 soft 0 temp 0.96 loss 2.02 i_con 5.29 plddt 0.24 ptm 0.87 i_ptm 0.15 energy -33.44
104 models [2] recycles 0 hard 0 soft 0 temp 0.94 loss 0.85 i_con 4.16 plddt 0.28 ptm 0.85 i_ptm 0.30 energy -33.85
105 models [1] recycles 0 hard 0 soft 0 temp 0.92 loss 2.75 i_con 6.11 plddt 0.26 ptm 0.86 i_ptm 0.17 energy -34.30
106 models [1] recycles 0 hard 0 soft 0 temp 0.90 loss 2.32 i_con 5.70 plddt 0.25 ptm 0.85 i_ptm 0.17 energy -34.54
107 models [1] recycles 0 hard 0 soft 0 temp 0.88 loss 2.40 i_con 5.80 plddt 0.27 ptm 0.86 i_ptm 0.17 energy -34.77
108 models [4] recycles 0 hard 0 soft 0 temp 0.86 loss 0.47 i_con 3.90 plddt 0.29 ptm 0.89 i_ptm 0.41 energy -35.00
109 models [4] recycles 0 hard 0 soft 0 temp 0.84 loss 0.42 i_con 4.03 plddt 0.28 ptm 0.88 i_ptm 0.35 energy -36.78
110 models [2] recycles 0 hard 0 soft 0 temp 0.82 loss 0.19 i_con 3.87 plddt 0.35 ptm 0.86 i_ptm 0.42 energy -37.47
111 models [2] recycles 0 hard 0 soft 0 temp 0.80 loss 0.10 i_con 3.88 plddt 0.33 ptm 0.87 i_ptm 0.44 energy -38.46
112 models [1] recycles 0 hard 0 soft 0 temp 0.78 loss 1.90 i_con 5.75 plddt 0.26 ptm 0.86 i_ptm 0.17 energy -39.23
113 models [0] recycles 0 hard 0 soft 0 temp 0.76 loss 1.36 i_con 5.26 plddt 0.23 ptm 0.83 i_ptm 0.14 energy -39.76
114 models [3] recycles 0 hard 0 soft 0 temp 0.74 loss -0.03 i_con 3.89 plddt 0.30 ptm 0.86 i_ptm 0.40 energy -39.91
115 models [2] recycles 0 hard 0 soft 0 temp 0.72 loss 0.74 i_con 4.64 plddt 0.17 ptm 0.20 i_ptm 0.27 energy -39.82
116 models [1] recycles 0 hard 0 soft 0 temp 0.70 loss 2.31 i_con 6.22 plddt 0.26 ptm 0.86 i_ptm 0.18 energy -39.86
117 models [3] recycles 0 hard 0 soft 0 temp 0.68 loss 0.02 i_con 3.93 plddt 0.30 ptm 0.86 i_ptm 0.38 energy -39.79
118 models [3] recycles 0 hard 0 soft 0 temp 0.66 loss 1.27 i_con 5.21 plddt 0.24 ptm 0.85 i_ptm 0.15 energy -40.16
119 models [4] recycles 0 hard 0 soft 0 temp 0.64 loss -0.00 i_con 3.94 plddt 0.29 ptm 0.88 i_ptm 0.38 energy -40.12
120 models [0] recycles 0 hard 0 soft 0 temp 0.62 loss 0.06 i_con 4.09 plddt 0.30 ptm 0.84 i_ptm 0.32 energy -40.97
121 models [1] recycles 0 hard 0 soft 0 temp 0.60 loss 2.22 i_con 6.26 plddt 0.27 ptm 0.85 i_ptm 0.14 energy -41.14
122 models [3] recycles 0 hard 0 soft 0 temp 0.58 loss 1.39 i_con 5.44 plddt 0.25 ptm 0.85 i_ptm 0.16 energy -41.28
123 models [2] recycles 0 hard 0 soft 0 temp 0.56 loss -0.24 i_con 3.88 plddt 0.32 ptm 0.87 i_ptm 0.44 energy -41.83
124 models [1] recycles 0 hard 0 soft 0 temp 0.54 loss 1.69 i_con 5.94 plddt 0.26 ptm 0.86 i_ptm 0.18 energy -43.19
125 models [4] recycles 0 hard 0 soft 0 temp 0.52 loss -0.48 i_con 3.83 plddt 0.34 ptm 0.89 i_ptm 0.45 energy -43.85
126 models [4] recycles 0 hard 0 soft 0 temp 0.50 loss -0.55 i_con 3.88 plddt 0.28 ptm 0.88 i_ptm 0.40 energy -44.98
127 models [0] recycles 0 hard 0 soft 0 temp 0.48 loss -0.62 i_con 3.91 plddt 0.34 ptm 0.85 i_ptm 0.41 energy -45.97
128 models [0] recycles 0 hard 0 soft 0 temp 0.46 loss -0.74 i_con 3.87 plddt 0.30 ptm 0.85 i_ptm 0.41 energy -46.82
129 models [0] recycles 0 hard 0 soft 0 temp 0.44 loss -0.92 i_con 3.85 plddt 0.34 ptm 0.85 i_ptm 0.44 energy -48.39
130 models [3] recycles 0 hard 0 soft 0 temp 0.42 loss 0.13 i_con 5.00 plddt 0.22 ptm 0.84 i_ptm 0.16 energy -49.54
131 models [1] recycles 0 hard 0 soft 0 temp 0.40 loss 0.18 i_con 5.07 plddt 0.23 ptm 0.86 i_ptm 0.12 energy -49.61
132 models [0] recycles 0 hard 0 soft 0 temp 0.38 loss -0.99 i_con 3.89 plddt 0.32 ptm 0.85 i_ptm 0.42 energy -49.47
133 models [1] recycles 0 hard 0 soft 0 temp 0.36 loss 0.44 i_con 5.36 plddt 0.23 ptm 0.85 i_ptm 0.15 energy -49.99
134 models [3] recycles 0 hard 0 soft 0 temp 0.34 loss -3.95 i_con 1.04 plddt 0.37 ptm 0.77 i_ptm 0.78 energy -50.46
135 models [2] recycles 0 hard 0 soft 0 temp 0.32 loss -1.19 i_con 3.80 plddt 0.36 ptm 0.88 i_ptm 0.46 energy -50.46
136 models [3] recycles 0 hard 0 soft 0 temp 0.30 loss -1.02 i_con 4.09 plddt 0.29 ptm 0.86 i_ptm 0.31 energy -51.82
137 models [1] recycles 0 hard 0 soft 0 temp 0.28 loss 1.06 i_con 6.18 plddt 0.26 ptm 0.86 i_ptm 0.22 energy -51.90
138 models [1] recycles 0 hard 0 soft 0 temp 0.26 loss 0.36 i_con 5.52 plddt 0.23 ptm 0.86 i_ptm 0.16 energy -52.35
139 models [3] recycles 0 hard 0 soft 0 temp 0.24 loss -1.41 i_con 3.80 plddt 0.32 ptm 0.86 i_ptm 0.44 energy -52.77
140 models [0] recycles 0 hard 0 soft 0 temp 0.22 loss -1.50 i_con 3.86 plddt 0.32 ptm 0.85 i_ptm 0.41 energy -54.30
141 models [4] recycles 0 hard 0 soft 0 temp 0.20 loss -1.58 i_con 3.83 plddt 0.33 ptm 0.89 i_ptm 0.46 energy -54.74
142 models [2] recycles 0 hard 0 soft 0 temp 0.18 loss -1.68 i_con 3.87 plddt 0.32 ptm 0.87 i_ptm 0.43 energy -56.20
143 models [2] recycles 0 hard 0 soft 0 temp 0.16 loss -1.85 i_con 3.88 plddt 0.32 ptm 0.87 i_ptm 0.43 energy -57.90
144 models [2] recycles 0 hard 0 soft 0 temp 0.14 loss -1.88 i_con 3.98 plddt 0.32 ptm 0.86 i_ptm 0.38 energy -59.22
145 models [3] recycles 0 hard 0 soft 0 temp 0.12 loss -1.47 i_con 4.52 plddt 0.23 ptm 0.84 i_ptm 0.14 energy -60.69
146 models [4] recycles 0 hard 0 soft 0 temp 0.10 loss -2.20 i_con 3.80 plddt 0.29 ptm 0.89 i_ptm 0.43 energy -60.66
147 models [3] recycles 0 hard 0 soft 0 temp 0.08 loss -1.81 i_con 4.32 plddt 0.24 ptm 0.85 i_ptm 0.20 energy -62.08
148 models [4] recycles 0 hard 0 soft 0 temp 0.06 loss -2.17 i_con 3.97 plddt 0.27 ptm 0.88 i_ptm 0.36 energy -62.17
149 models [3] recycles 0 hard 0 soft 0 temp 0.04 loss -2.22 i_con 4.04 plddt 0.26 ptm 0.86 i_ptm 0.31 energy -63.36
150 models [4] recycles 0 hard 0 soft 0 temp 0.02 loss -2.29 i_con 4.04 plddt 0.26 ptm 0.88 i_ptm 0.30 energy -64.08
151 models [3] recycles 0 hard 1 soft 0 temp 0.00 loss -0.36 i_con 4.47 plddt 0.23 ptm 0.84 i_ptm 0.24 energy -7.01
152 models [1] recycles 0 hard 1 soft 0 temp 0.00 loss 0.55 i_con 5.38 plddt 0.22 ptm 0.85 i_ptm 0.16 energy -7.01
153 models [4] recycles 0 hard 1 soft 0 temp 0.00 loss 0.32 i_con 5.14 plddt 0.20 ptm 0.87 i_ptm 0.16 energy -7.01
154 models [3] recycles 0 hard 1 soft 0 temp 0.00 loss -0.36 i_con 4.47 plddt 0.23 ptm 0.84 i_ptm 0.24 energy -7.01
155 models [1] recycles 0 hard 1 soft 0 temp 0.00 loss 0.55 i_con 5.38 plddt 0.22 ptm 0.85 i_ptm 0.16 energy -7.01
156 models [0] recycles 0 hard 1 soft 0 temp 0.00 loss -1.19 i_con 3.66 plddt 0.41 ptm 0.86 i_ptm 0.55 energy -7.01
157 models [1] recycles 0 hard 1 soft 0 temp 0.00 loss 0.55 i_con 5.38 plddt 0.22 ptm 0.85 i_ptm 0.16 energy -7.01
158 models [3] recycles 0 hard 1 soft 0 temp 0.00 loss -0.36 i_con 4.47 plddt 0.23 ptm 0.84 i_ptm 0.24 energy -7.01
159 models [2] recycles 0 hard 1 soft 0 temp 0.00 loss 0.65 i_con 5.48 plddt 0.23 ptm 0.85 i_ptm 0.19 energy -7.01
160 models [1] recycles 0 hard 1 soft 0 temp 0.00 loss 0.55 i_con 5.38 plddt 0.22 ptm 0.85 i_ptm 0.16 energy -7.01
161 models [4] recycles 0 hard 1 soft 0 temp 0.00 loss 0.32 i_con 5.14 plddt 0.20 ptm 0.87 i_ptm 0.16 energy -7.01
162 models [3] recycles 0 hard 1 soft 0 temp 0.00 loss -0.36 i_con 4.47 plddt 0.23 ptm 0.84 i_ptm 0.24 energy -7.01
163 models [4] recycles 0 hard 1 soft 0 temp 0.00 loss 0.32 i_con 5.14 plddt 0.20 ptm 0.87 i_ptm 0.16 energy -7.01
164 models [1] recycles 0 hard 1 soft 0 temp 0.00 loss 0.55 i_con 5.38 plddt 0.22 ptm 0.85 i_ptm 0.16 energy -7.01
165 models [1] recycles 0 hard 1 soft 0 temp 0.00 loss 0.55 i_con 5.38 plddt 0.22 ptm 0.85 i_ptm 0.16 energy -7.01
166 models [2] recycles 0 hard 1 soft 0 temp 0.00 loss 0.65 i_con 5.48 plddt 0.23 ptm 0.85 i_ptm 0.19 energy -7.01
167 models [0] recycles 0 hard 1 soft 0 temp 0.00 loss -1.19 i_con 3.66 plddt 0.41 ptm 0.86 i_ptm 0.55 energy -7.01
168 models [1] recycles 0 hard 1 soft 0 temp 0.00 loss 0.55 i_con 5.38 plddt 0.22 ptm 0.85 i_ptm 0.16 energy -7.01
169 models [4] recycles 0 hard 1 soft 0 temp 0.00 loss 0.32 i_con 5.14 plddt 0.20 ptm 0.87 i_ptm 0.16 energy -7.01
170 models [0] recycles 0 hard 1 soft 0 temp 0.00 loss -1.19 i_con 3.66 plddt 0.41 ptm 0.86 i_ptm 0.55 energy -7.01
171 models [2] recycles 0 hard 1 soft 0 temp 0.00 loss 0.65 i_con 5.48 plddt 0.23 ptm 0.85 i_ptm 0.19 energy -7.01
172 models [2] recycles 0 hard 1 soft 0 temp 0.00 loss 0.65 i_con 5.48 plddt 0.23 ptm 0.85 i_ptm 0.19 energy -7.01
173 models [1] recycles 0 hard 1 soft 0 temp 0.00 loss 0.55 i_con 5.38 plddt 0.22 ptm 0.85 i_ptm 0.16 energy -7.01
174 models [1] recycles 0 hard 1 soft 0 temp 0.00 loss 0.55 i_con 5.38 plddt 0.22 ptm 0.85 i_ptm 0.16 energy -7.01
175 models [3] recycles 0 hard 1 soft 0 temp 0.00 loss -0.36 i_con 4.47 plddt 0.23 ptm 0.84 i_ptm 0.24 energy -7.01
176 models [2] recycles 0 hard 1 soft 0 temp 0.00 loss 0.65 i_con 5.48 plddt 0.23 ptm 0.85 i_ptm 0.19 energy -7.01
177 models [3] recycles 0 hard 1 soft 0 temp 0.00 loss -0.36 i_con 4.47 plddt 0.23 ptm 0.84 i_ptm 0.24 energy -7.01
178 models [1] recycles 0 hard 1 soft 0 temp 0.00 loss 0.55 i_con 5.38 plddt 0.22 ptm 0.85 i_ptm 0.16 energy -7.01
179 models [2] recycles 0 hard 1 soft 0 temp 0.00 loss 0.65 i_con 5.48 plddt 0.23 ptm 0.85 i_ptm 0.19 energy -7.01
180 models [3] recycles 0 hard 1 soft 0 temp 0.00 loss -0.36 i_con 4.47 plddt 0.23 ptm 0.84 i_ptm 0.24 energy -7.01
  seq=AIGGLHWDVFYQGFC  loss=-0.3560  loss_af=4.5486  energy=-7.0066  i_ptm=0.2440
[8/30] seed=7 ...
1 models [0] recycles 0 hard 0 soft 1 temp 1 loss 5.74 i_con 5.29 plddt 0.23 ptm 0.83 i_ptm 0.16 energy 7.40
2 models [1] recycles 0 hard 0 soft 1 temp 1 loss 4.64 i_con 4.23 plddt 0.24 ptm 0.86 i_ptm 0.24 energy 6.83
3 models [4] recycles 0 hard 0 soft 1 temp 1 loss 4.54 i_con 4.15 plddt 0.27 ptm 0.87 i_ptm 0.30 energy 6.31
4 models [3] recycles 0 hard 0 soft 1 temp 1 loss 4.21 i_con 3.84 plddt 0.32 ptm 0.86 i_ptm 0.44 energy 5.99
5 models [1] recycles 0 hard 0 soft 1 temp 1 loss 5.36 i_con 5.02 plddt 0.21 ptm 0.86 i_ptm 0.14 energy 5.08
6 models [2] recycles 0 hard 0 soft 1 temp 1 loss 4.45 i_con 4.14 plddt 0.30 ptm 0.86 i_ptm 0.32 energy 4.78
7 models [4] recycles 0 hard 0 soft 1 temp 1 loss 4.52 i_con 4.23 plddt 0.29 ptm 0.87 i_ptm 0.25 energy 4.40
8 models [1] recycles 0 hard 0 soft 1 temp 1 loss 4.81 i_con 4.52 plddt 0.22 ptm 0.86 i_ptm 0.20 energy 4.13
9 models [3] recycles 0 hard 0 soft 1 temp 1 loss 4.09 i_con 3.83 plddt 0.35 ptm 0.86 i_ptm 0.42 energy 3.82
10 models [0] recycles 0 hard 0 soft 1 temp 1 loss 4.28 i_con 4.06 plddt 0.31 ptm 0.85 i_ptm 0.36 energy 3.16
11 models [3] recycles 0 hard 0 soft 1 temp 1 loss 4.00 i_con 3.79 plddt 0.34 ptm 0.86 i_ptm 0.44 energy 2.79
12 models [0] recycles 0 hard 0 soft 1 temp 1 loss 4.33 i_con 4.14 plddt 0.27 ptm 0.84 i_ptm 0.33 energy 2.40
13 models [0] recycles 0 hard 0 soft 1 temp 1 loss 4.28 i_con 4.09 plddt 0.29 ptm 0.84 i_ptm 0.29 energy 2.36
14 models [0] recycles 0 hard 0 soft 1 temp 1 loss 4.15 i_con 3.96 plddt 0.32 ptm 0.84 i_ptm 0.37 energy 2.35
15 models [3] recycles 0 hard 0 soft 1 temp 1 loss 3.96 i_con 3.79 plddt 0.36 ptm 0.86 i_ptm 0.48 energy 2.04
16 models [4] recycles 0 hard 0 soft 1 temp 1 loss 4.46 i_con 4.30 plddt 0.29 ptm 0.87 i_ptm 0.29 energy 1.76
17 models [2] recycles 0 hard 0 soft 1 temp 1 loss 3.94 i_con 3.80 plddt 0.36 ptm 0.86 i_ptm 0.45 energy 1.60
18 models [2] recycles 0 hard 0 soft 1 temp 1 loss 3.87 i_con 3.73 plddt 0.34 ptm 0.87 i_ptm 0.49 energy 1.35
19 models [4] recycles 0 hard 0 soft 1 temp 1 loss 5.64 i_con 5.52 plddt 0.33 ptm 0.88 i_ptm 0.27 energy 1.09
20 models [0] recycles 0 hard 0 soft 1 temp 1 loss 3.94 i_con 3.82 plddt 0.36 ptm 0.84 i_ptm 0.44 energy 1.11
21 models [1] recycles 0 hard 0 soft 1 temp 1 loss 5.37 i_con 5.25 plddt 0.23 ptm 0.85 i_ptm 0.15 energy 0.95
22 models [2] recycles 0 hard 0 soft 1 temp 1 loss 3.78 i_con 3.68 plddt 0.42 ptm 0.87 i_ptm 0.55 energy 0.97
23 models [1] recycles 0 hard 0 soft 1 temp 1 loss 5.56 i_con 5.44 plddt 0.21 ptm 0.85 i_ptm 0.13 energy 0.76
24 models [3] recycles 0 hard 0 soft 1 temp 1 loss 3.84 i_con 3.74 plddt 0.35 ptm 0.86 i_ptm 0.46 energy 0.79
25 models [0] recycles 0 hard 0 soft 1 temp 1 loss 4.17 i_con 4.08 plddt 0.31 ptm 0.84 i_ptm 0.31 energy 0.39
26 models [3] recycles 0 hard 0 soft 1 temp 1 loss 3.84 i_con 3.77 plddt 0.36 ptm 0.86 i_ptm 0.44 energy 0.21
27 models [0] recycles 0 hard 0 soft 1 temp 1 loss 4.00 i_con 3.94 plddt 0.33 ptm 0.85 i_ptm 0.39 energy -0.11
28 models [0] recycles 0 hard 0 soft 1 temp 1 loss 4.03 i_con 3.98 plddt 0.30 ptm 0.84 i_ptm 0.34 energy -0.31
29 models [3] recycles 0 hard 0 soft 1 temp 1 loss 3.87 i_con 3.83 plddt 0.35 ptm 0.86 i_ptm 0.44 energy -0.50
30 models [4] recycles 0 hard 0 soft 1 temp 1 loss 3.76 i_con 3.73 plddt 0.35 ptm 0.88 i_ptm 0.48 energy -0.72
31 models [2] recycles 0 hard 0 soft 1 temp 1 loss 3.71 i_con 3.70 plddt 0.39 ptm 0.87 i_ptm 0.52 energy -1.05
32 models [0] recycles 0 hard 0 soft 1 temp 1 loss 3.83 i_con 3.83 plddt 0.35 ptm 0.86 i_ptm 0.44 energy -1.31
33 models [1] recycles 0 hard 0 soft 1 temp 1 loss 4.06 i_con 4.06 plddt 0.26 ptm 0.86 i_ptm 0.33 energy -1.59
34 models [3] recycles 0 hard 0 soft 1 temp 1 loss 3.73 i_con 3.75 plddt 0.35 ptm 0.86 i_ptm 0.44 energy -1.72
35 models [4] recycles 0 hard 0 soft 1 temp 1 loss 3.62 i_con 3.66 plddt 0.39 ptm 0.89 i_ptm 0.49 energy -2.07
36 models [3] recycles 0 hard 0 soft 1 temp 1 loss 3.70 i_con 3.75 plddt 0.34 ptm 0.86 i_ptm 0.47 energy -2.25
37 models [4] recycles 0 hard 0 soft 1 temp 1 loss 3.72 i_con 3.78 plddt 0.35 ptm 0.88 i_ptm 0.45 energy -2.35
38 models [1] recycles 0 hard 0 soft 1 temp 1 loss 4.26 i_con 4.30 plddt 0.24 ptm 0.86 i_ptm 0.21 energy -2.44
39 models [2] recycles 0 hard 0 soft 1 temp 1 loss 3.68 i_con 3.74 plddt 0.38 ptm 0.87 i_ptm 0.49 energy -2.39
40 models [3] recycles 0 hard 0 soft 1 temp 1 loss 3.73 i_con 3.79 plddt 0.34 ptm 0.86 i_ptm 0.44 energy -2.48
41 models [4] recycles 0 hard 0 soft 1 temp 1 loss 3.64 i_con 3.71 plddt 0.35 ptm 0.88 i_ptm 0.48 energy -2.59
42 models [4] recycles 0 hard 0 soft 1 temp 1 loss 3.57 i_con 3.63 plddt 0.39 ptm 0.89 i_ptm 0.50 energy -2.61
43 models [2] recycles 0 hard 0 soft 1 temp 1 loss 3.62 i_con 3.69 plddt 0.40 ptm 0.88 i_ptm 0.51 energy -2.71
44 models [3] recycles 0 hard 0 soft 1 temp 1 loss 3.60 i_con 3.67 plddt 0.35 ptm 0.86 i_ptm 0.48 energy -2.70
45 models [0] recycles 0 hard 0 soft 1 temp 1 loss 4.09 i_con 4.16 plddt 0.32 ptm 0.84 i_ptm 0.28 energy -2.71
46 models [0] recycles 0 hard 0 soft 1 temp 1 loss 4.50 i_con 4.56 plddt 0.30 ptm 0.83 i_ptm 0.17 energy -2.58
47 models [0] recycles 0 hard 0 soft 1 temp 1 loss 3.85 i_con 3.91 plddt 0.37 ptm 0.84 i_ptm 0.40 energy -2.53
48 models [1] recycles 0 hard 0 soft 1 temp 1 loss 3.87 i_con 3.93 plddt 0.32 ptm 0.87 i_ptm 0.36 energy -2.56
49 models [4] recycles 0 hard 0 soft 1 temp 1 loss 3.62 i_con 3.68 plddt 0.38 ptm 0.88 i_ptm 0.51 energy -2.56
50 models [4] recycles 0 hard 0 soft 1 temp 1 loss 3.60 i_con 3.67 plddt 0.40 ptm 0.89 i_ptm 0.53 energy -2.71
51 models [1] recycles 0 hard 0 soft 1 temp 1 loss 3.24 i_con 3.99 plddt 0.29 ptm 0.86 i_ptm 0.35 energy -2.73
52 models [4] recycles 0 hard 0 soft 1 temp 1 loss 2.87 i_con 3.65 plddt 0.39 ptm 0.88 i_ptm 0.53 energy -2.80
53 models [4] recycles 0 hard 0 soft 1 temp 1 loss 2.86 i_con 3.70 plddt 0.38 ptm 0.88 i_ptm 0.48 energy -2.99
54 models [3] recycles 0 hard 0 soft 1 temp 1 loss 2.79 i_con 3.70 plddt 0.36 ptm 0.86 i_ptm 0.48 energy -3.25
55 models [3] recycles 0 hard 0 soft 1 temp 1 loss 2.72 i_con 3.70 plddt 0.37 ptm 0.86 i_ptm 0.47 energy -3.45
56 models [2] recycles 0 hard 0 soft 1 temp 1 loss 2.67 i_con 3.72 plddt 0.41 ptm 0.87 i_ptm 0.52 energy -3.69
57 models [1] recycles 0 hard 0 soft 1 temp 1 loss 2.90 i_con 4.01 plddt 0.30 ptm 0.86 i_ptm 0.33 energy -3.92
58 models [3] recycles 0 hard 0 soft 1 temp 1 loss 2.54 i_con 3.67 plddt 0.37 ptm 0.87 i_ptm 0.49 energy -3.95
59 models [4] recycles 0 hard 0 soft 1 temp 1 loss 2.63 i_con 3.79 plddt 0.33 ptm 0.88 i_ptm 0.45 energy -4.07
60 models [4] recycles 0 hard 0 soft 1 temp 1 loss 2.64 i_con 3.85 plddt 0.32 ptm 0.88 i_ptm 0.42 energy -4.26
61 models [1] recycles 0 hard 0 soft 1 temp 1 loss 3.21 i_con 4.46 plddt 0.25 ptm 0.86 i_ptm 0.15 energy -4.40
62 models [0] recycles 0 hard 0 soft 1 temp 1 loss 2.68 i_con 3.89 plddt 0.36 ptm 0.85 i_ptm 0.38 energy -4.24
63 models [4] recycles 0 hard 0 soft 1 temp 1 loss 2.45 i_con 3.73 plddt 0.38 ptm 0.89 i_ptm 0.51 energy -4.45
64 models [2] recycles 0 hard 0 soft 1 temp 1 loss 2.40 i_con 3.72 plddt 0.40 ptm 0.87 i_ptm 0.52 energy -4.61
65 models [0] recycles 0 hard 0 soft 1 temp 1 loss 2.53 i_con 3.87 plddt 0.36 ptm 0.85 i_ptm 0.39 energy -4.68
66 models [2] recycles 0 hard 0 soft 1 temp 1 loss 2.39 i_con 3.79 plddt 0.39 ptm 0.87 i_ptm 0.46 energy -4.88
67 models [3] recycles 0 hard 0 soft 1 temp 1 loss 2.38 i_con 3.79 plddt 0.35 ptm 0.86 i_ptm 0.45 energy -4.91
68 models [0] recycles 0 hard 0 soft 1 temp 1 loss 2.44 i_con 3.90 plddt 0.32 ptm 0.84 i_ptm 0.37 energy -5.09
69 models [3] recycles 0 hard 0 soft 1 temp 1 loss 3.70 i_con 5.20 plddt 0.26 ptm 0.84 i_ptm 0.14 energy -5.25
70 models [0] recycles 0 hard 0 soft 1 temp 1 loss 2.48 i_con 3.94 plddt 0.33 ptm 0.84 i_ptm 0.37 energy -5.11
71 models [1] recycles 0 hard 0 soft 1 temp 1 loss 3.79 i_con 5.24 plddt 0.26 ptm 0.85 i_ptm 0.14 energy -5.07
72 models [4] recycles 0 hard 0 soft 1 temp 1 loss 2.17 i_con 3.63 plddt 0.45 ptm 0.88 i_ptm 0.53 energy -5.05
73 models [3] recycles 0 hard 0 soft 1 temp 1 loss 2.22 i_con 3.73 plddt 0.37 ptm 0.86 i_ptm 0.47 energy -5.22
74 models [1] recycles 0 hard 0 soft 1 temp 1 loss 2.45 i_con 4.00 plddt 0.31 ptm 0.87 i_ptm 0.36 energy -5.38
75 models [0] recycles 0 hard 0 soft 1 temp 1 loss 2.36 i_con 3.90 plddt 0.32 ptm 0.85 i_ptm 0.36 energy -5.38
76 models [4] recycles 0 hard 0 soft 1 temp 1 loss 2.12 i_con 3.71 plddt 0.34 ptm 0.88 i_ptm 0.51 energy -5.50
77 models [0] recycles 0 hard 0 soft 1 temp 1 loss 2.40 i_con 4.03 plddt 0.29 ptm 0.85 i_ptm 0.33 energy -5.66
78 models [0] recycles 0 hard 0 soft 1 temp 1 loss 2.46 i_con 4.10 plddt 0.30 ptm 0.84 i_ptm 0.29 energy -5.72
79 models [3] recycles 0 hard 0 soft 1 temp 1 loss 2.03 i_con 3.70 plddt 0.37 ptm 0.86 i_ptm 0.48 energy -5.77
80 models [2] recycles 0 hard 0 soft 1 temp 1 loss 2.03 i_con 3.75 plddt 0.35 ptm 0.87 i_ptm 0.48 energy -5.96
81 models [4] recycles 0 hard 0 soft 1 temp 1 loss 3.46 i_con 5.19 plddt 0.22 ptm 0.87 i_ptm 0.13 energy -6.02
82 models [1] recycles 0 hard 0 soft 1 temp 1 loss 3.33 i_con 5.03 plddt 0.27 ptm 0.85 i_ptm 0.13 energy -5.92
83 models [1] recycles 0 hard 0 soft 1 temp 1 loss 2.47 i_con 4.15 plddt 0.31 ptm 0.86 i_ptm 0.25 energy -5.85
84 models [1] recycles 0 hard 0 soft 1 temp 1 loss 4.06 i_con 5.78 plddt 0.27 ptm 0.86 i_ptm 0.18 energy -6.01
85 models [2] recycles 0 hard 0 soft 1 temp 1 loss 2.87 i_con 4.61 plddt 0.27 ptm 0.85 i_ptm 0.17 energy -6.06
86 models [2] recycles 0 hard 0 soft 1 temp 1 loss 2.05 i_con 3.80 plddt 0.35 ptm 0.87 i_ptm 0.44 energy -6.03
87 models [3] recycles 0 hard 0 soft 1 temp 1 loss 2.03 i_con 3.82 plddt 0.32 ptm 0.86 i_ptm 0.42 energy -6.18
88 models [4] recycles 0 hard 0 soft 1 temp 1 loss 1.98 i_con 3.81 plddt 0.37 ptm 0.88 i_ptm 0.43 energy -6.30
89 models [1] recycles 0 hard 0 soft 1 temp 1 loss 3.91 i_con 5.76 plddt 0.26 ptm 0.86 i_ptm 0.16 energy -6.39
90 models [2] recycles 0 hard 0 soft 1 temp 1 loss 1.97 i_con 3.79 plddt 0.38 ptm 0.87 i_ptm 0.48 energy -6.29
91 models [2] recycles 0 hard 0 soft 1 temp 1 loss 1.86 i_con 3.73 plddt 0.40 ptm 0.87 i_ptm 0.47 energy -6.46
92 models [1] recycles 0 hard 0 soft 1 temp 1 loss 2.34 i_con 4.25 plddt 0.26 ptm 0.86 i_ptm 0.22 energy -6.62
93 models [0] recycles 0 hard 0 soft 1 temp 1 loss 2.11 i_con 3.99 plddt 0.31 ptm 0.84 i_ptm 0.33 energy -6.50
94 models [1] recycles 0 hard 0 soft 1 temp 1 loss 2.92 i_con 4.86 plddt 0.24 ptm 0.86 i_ptm 0.12 energy -6.70
95 models [4] recycles 0 hard 0 soft 1 temp 1 loss 1.86 i_con 3.77 plddt 0.35 ptm 0.89 i_ptm 0.44 energy -6.59
96 models [4] recycles 0 hard 0 soft 1 temp 1 loss 1.92 i_con 3.89 plddt 0.31 ptm 0.88 i_ptm 0.36 energy -6.79
97 models [1] recycles 0 hard 0 soft 1 temp 1 loss 3.47 i_con 5.45 plddt 0.26 ptm 0.86 i_ptm 0.15 energy -6.84
98 models [4] recycles 0 hard 0 soft 1 temp 1 loss 3.01 i_con 4.98 plddt 0.24 ptm 0.87 i_ptm 0.21 energy -6.81
99 models [3] recycles 0 hard 0 soft 1 temp 1 loss 2.86 i_con 4.81 plddt 0.25 ptm 0.84 i_ptm 0.14 energy -6.75
100 models [3] recycles 0 hard 0 soft 1 temp 1 loss 1.82 i_con 3.81 plddt 0.31 ptm 0.86 i_ptm 0.40 energy -6.86
101 models [2] recycles 0 hard 0 soft 0 temp 1 loss 1.73 i_con 5.37 plddt 0.21 ptm 0.67 i_ptm 0.16 energy -37.28
102 models [4] recycles 0 hard 0 soft 0 temp 0.98 loss 2.30 i_con 5.97 plddt 0.21 ptm 0.86 i_ptm 0.13 energy -37.51
103 models [0] recycles 0 hard 0 soft 0 temp 0.96 loss 0.82 i_con 4.50 plddt 0.26 ptm 0.83 i_ptm 0.18 energy -37.56
104 models [1] recycles 0 hard 0 soft 0 temp 0.94 loss 0.51 i_con 4.22 plddt 0.18 ptm 0.33 i_ptm 0.55 energy -37.96
105 models [4] recycles 0 hard 0 soft 0 temp 0.92 loss 1.44 i_con 5.13 plddt 0.13 ptm 0.80 i_ptm 0.15 energy -37.82
106 models [3] recycles 0 hard 0 soft 0 temp 0.90 loss 1.01 i_con 4.73 plddt 0.23 ptm 0.76 i_ptm 0.15 energy -37.97
107 models [1] recycles 0 hard 0 soft 0 temp 0.88 loss 2.38 i_con 6.12 plddt 0.27 ptm 0.86 i_ptm 0.15 energy -38.15
108 models [3] recycles 0 hard 0 soft 0 temp 0.86 loss 1.58 i_con 5.31 plddt 0.20 ptm 0.72 i_ptm 0.18 energy -38.10
109 models [1] recycles 0 hard 0 soft 0 temp 0.84 loss 2.34 i_con 6.08 plddt 0.25 ptm 0.82 i_ptm 0.16 energy -38.08
110 models [2] recycles 0 hard 0 soft 0 temp 0.82 loss 1.83 i_con 5.57 plddt 0.27 ptm 0.86 i_ptm 0.15 energy -38.16
111 models [4] recycles 0 hard 0 soft 0 temp 0.80 loss 0.48 i_con 4.20 plddt 0.13 ptm 0.30 i_ptm 0.39 energy -38.01
112 models [4] recycles 0 hard 0 soft 0 temp 0.78 loss 0.92 i_con 4.64 plddt 0.14 ptm 0.28 i_ptm 0.53 energy -38.02
113 models [2] recycles 0 hard 0 soft 0 temp 0.76 loss 1.24 i_con 4.97 plddt 0.17 ptm 0.42 i_ptm 0.37 energy -38.17
114 models [0] recycles 0 hard 0 soft 0 temp 0.74 loss 1.90 i_con 5.61 plddt 0.24 ptm 0.79 i_ptm 0.23 energy -37.93
115 models [4] recycles 0 hard 0 soft 0 temp 0.72 loss 1.55 i_con 5.25 plddt 0.19 ptm 0.81 i_ptm 0.11 energy -37.79
116 models [0] recycles 0 hard 0 soft 0 temp 0.70 loss 1.00 i_con 4.68 plddt 0.24 ptm 0.83 i_ptm 0.15 energy -37.57
117 models [3] recycles 0 hard 0 soft 0 temp 0.68 loss 0.60 i_con 4.25 plddt 0.13 ptm 0.24 i_ptm 0.37 energy -37.43
118 models [2] recycles 0 hard 0 soft 0 temp 0.66 loss 1.70 i_con 5.38 plddt 0.26 ptm 0.85 i_ptm 0.15 energy -37.52
119 models [1] recycles 0 hard 0 soft 0 temp 0.64 loss 2.36 i_con 6.04 plddt 0.25 ptm 0.86 i_ptm 0.17 energy -37.51
120 models [0] recycles 0 hard 0 soft 0 temp 0.62 loss 0.39 i_con 4.13 plddt 0.27 ptm 0.84 i_ptm 0.30 energy -38.10
121 models [0] recycles 0 hard 0 soft 0 temp 0.60 loss 0.59 i_con 4.41 plddt 0.25 ptm 0.83 i_ptm 0.21 energy -38.90
122 models [0] recycles 0 hard 0 soft 0 temp 0.58 loss 1.54 i_con 5.40 plddt 0.24 ptm 0.84 i_ptm 0.16 energy -39.35
123 models [0] recycles 0 hard 0 soft 0 temp 0.56 loss 0.19 i_con 4.05 plddt 0.31 ptm 0.85 i_ptm 0.34 energy -39.31
124 models [2] recycles 0 hard 0 soft 0 temp 0.54 loss 0.49 i_con 4.44 plddt 0.14 ptm 0.17 i_ptm 0.59 energy -40.33
125 models [0] recycles 0 hard 0 soft 0 temp 0.52 loss 0.19 i_con 4.18 plddt 0.28 ptm 0.84 i_ptm 0.27 energy -40.58
126 models [1] recycles 0 hard 0 soft 0 temp 0.50 loss 1.41 i_con 5.48 plddt 0.25 ptm 0.86 i_ptm 0.17 energy -41.51
127 models [2] recycles 0 hard 0 soft 0 temp 0.48 loss 0.80 i_con 4.94 plddt 0.18 ptm 0.52 i_ptm 0.34 energy -42.26
128 models [4] recycles 0 hard 0 soft 0 temp 0.46 loss -0.02 i_con 4.10 plddt 0.25 ptm 0.88 i_ptm 0.28 energy -42.01
129 models [0] recycles 0 hard 0 soft 0 temp 0.44 loss -0.19 i_con 3.98 plddt 0.31 ptm 0.84 i_ptm 0.33 energy -42.40
130 models [1] recycles 0 hard 0 soft 0 temp 0.42 loss 1.29 i_con 5.63 plddt 0.25 ptm 0.85 i_ptm 0.18 energy -44.12
131 models [4] recycles 0 hard 0 soft 0 temp 0.40 loss 1.02 i_con 5.39 plddt 0.19 ptm 0.73 i_ptm 0.14 energy -44.52
132 models [1] recycles 0 hard 0 soft 0 temp 0.38 loss 1.40 i_con 5.80 plddt 0.25 ptm 0.86 i_ptm 0.17 energy -44.71
133 models [1] recycles 0 hard 0 soft 0 temp 0.36 loss 1.52 i_con 5.98 plddt 0.25 ptm 0.86 i_ptm 0.17 energy -45.30
134 models [3] recycles 0 hard 0 soft 0 temp 0.34 loss 0.82 i_con 5.31 plddt 0.23 ptm 0.84 i_ptm 0.12 energy -45.69
135 models [1] recycles 0 hard 0 soft 0 temp 0.32 loss 1.01 i_con 5.51 plddt 0.25 ptm 0.86 i_ptm 0.11 energy -45.81
136 models [3] recycles 0 hard 0 soft 0 temp 0.30 loss 1.11 i_con 5.63 plddt 0.22 ptm 0.83 i_ptm 0.12 energy -45.98
137 models [3] recycles 0 hard 0 soft 0 temp 0.28 loss 0.46 i_con 4.99 plddt 0.20 ptm 0.82 i_ptm 0.08 energy -46.09
138 models [2] recycles 0 hard 0 soft 0 temp 0.26 loss -0.97 i_con 3.59 plddt 0.29 ptm 0.40 i_ptm 0.52 energy -46.35
139 models [3] recycles 0 hard 0 soft 0 temp 0.24 loss 0.36 i_con 4.92 plddt 0.24 ptm 0.85 i_ptm 0.15 energy -46.32
140 models [2] recycles 0 hard 0 soft 0 temp 0.22 loss 1.13 i_con 5.65 plddt 0.22 ptm 0.81 i_ptm 0.09 energy -46.06
141 models [3] recycles 0 hard 0 soft 0 temp 0.20 loss 0.01 i_con 4.54 plddt 0.24 ptm 0.85 i_ptm 0.15 energy -46.06
142 models [3] recycles 0 hard 0 soft 0 temp 0.18 loss -0.08 i_con 4.45 plddt 0.23 ptm 0.84 i_ptm 0.17 energy -46.06
143 models [3] recycles 0 hard 0 soft 0 temp 0.16 loss -0.50 i_con 4.03 plddt 0.28 ptm 0.85 i_ptm 0.30 energy -46.02
144 models [4] recycles 0 hard 0 soft 0 temp 0.14 loss -0.45 i_con 4.10 plddt 0.25 ptm 0.87 i_ptm 0.29 energy -46.31
145 models [4] recycles 0 hard 0 soft 0 temp 0.12 loss 0.85 i_con 5.39 plddt 0.21 ptm 0.87 i_ptm 0.12 energy -46.18
146 models [0] recycles 0 hard 0 soft 0 temp 0.10 loss -0.60 i_con 4.00 plddt 0.29 ptm 0.84 i_ptm 0.34 energy -46.74
147 models [1] recycles 0 hard 0 soft 0 temp 0.08 loss 0.58 i_con 5.34 plddt 0.21 ptm 0.83 i_ptm 0.11 energy -48.38
148 models [1] recycles 0 hard 0 soft 0 temp 0.06 loss -0.23 i_con 4.56 plddt 0.22 ptm 0.85 i_ptm 0.11 energy -48.72
149 models [1] recycles 0 hard 0 soft 0 temp 0.04 loss 0.48 i_con 5.26 plddt 0.24 ptm 0.85 i_ptm 0.13 energy -48.62
150 models [3] recycles 0 hard 0 soft 0 temp 0.02 loss 0.20 i_con 5.00 plddt 0.18 ptm 0.79 i_ptm 0.10 energy -48.84
151 models [2] recycles 0 hard 1 soft 0 temp 0.00 loss -0.18 i_con 4.88 plddt 0.23 ptm 0.85 i_ptm 0.12 energy -7.34
152 models [3] recycles 0 hard 1 soft 0 temp 0.00 loss -0.84 i_con 4.23 plddt 0.24 ptm 0.84 i_ptm 0.25 energy -7.34
153 models [4] recycles 0 hard 1 soft 0 temp 0.00 loss 0.43 i_con 5.49 plddt 0.23 ptm 0.88 i_ptm 0.26 energy -7.34
154 models [2] recycles 0 hard 1 soft 0 temp 0.00 loss -0.18 i_con 4.88 plddt 0.23 ptm 0.85 i_ptm 0.12 energy -7.34
155 models [0] recycles 0 hard 1 soft 0 temp 0.00 loss -0.61 i_con 4.45 plddt 0.23 ptm 0.82 i_ptm 0.18 energy -7.34
156 models [4] recycles 0 hard 1 soft 0 temp 0.00 loss 0.43 i_con 5.49 plddt 0.23 ptm 0.88 i_ptm 0.26 energy -7.34
157 models [0] recycles 0 hard 1 soft 0 temp 0.00 loss -0.61 i_con 4.45 plddt 0.23 ptm 0.82 i_ptm 0.18 energy -7.34
158 models [0] recycles 0 hard 1 soft 0 temp 0.00 loss -0.61 i_con 4.45 plddt 0.23 ptm 0.82 i_ptm 0.18 energy -7.34
159 models [1] recycles 0 hard 1 soft 0 temp 0.00 loss 0.65 i_con 5.71 plddt 0.24 ptm 0.85 i_ptm 0.16 energy -7.34
160 models [1] recycles 0 hard 1 soft 0 temp 0.00 loss 0.65 i_con 5.71 plddt 0.24 ptm 0.85 i_ptm 0.16 energy -7.34
161 models [0] recycles 0 hard 1 soft 0 temp 0.00 loss -0.61 i_con 4.45 plddt 0.23 ptm 0.82 i_ptm 0.18 energy -7.34
162 models [3] recycles 0 hard 1 soft 0 temp 0.00 loss -0.84 i_con 4.23 plddt 0.24 ptm 0.84 i_ptm 0.25 energy -7.34
163 models [3] recycles 0 hard 1 soft 0 temp 0.00 loss -0.84 i_con 4.23 plddt 0.24 ptm 0.84 i_ptm 0.25 energy -7.34
164 models [4] recycles 0 hard 1 soft 0 temp 0.00 loss 0.43 i_con 5.49 plddt 0.23 ptm 0.88 i_ptm 0.26 energy -7.34
165 models [2] recycles 0 hard 1 soft 0 temp 0.00 loss -0.18 i_con 4.88 plddt 0.23 ptm 0.85 i_ptm 0.12 energy -7.34
166 models [4] recycles 0 hard 1 soft 0 temp 0.00 loss 0.43 i_con 5.49 plddt 0.23 ptm 0.88 i_ptm 0.26 energy -7.34
167 models [2] recycles 0 hard 1 soft 0 temp 0.00 loss -0.18 i_con 4.88 plddt 0.23 ptm 0.85 i_ptm 0.12 energy -7.34
168 models [2] recycles 0 hard 1 soft 0 temp 0.00 loss -0.18 i_con 4.88 plddt 0.23 ptm 0.85 i_ptm 0.12 energy -7.34
169 models [1] recycles 0 hard 1 soft 0 temp 0.00 loss 0.65 i_con 5.71 plddt 0.24 ptm 0.85 i_ptm 0.16 energy -7.34
170 models [0] recycles 0 hard 1 soft 0 temp 0.00 loss -0.61 i_con 4.45 plddt 0.23 ptm 0.82 i_ptm 0.18 energy -7.34
171 models [4] recycles 0 hard 1 soft 0 temp 0.00 loss 0.43 i_con 5.49 plddt 0.23 ptm 0.88 i_ptm 0.26 energy -7.34
172 models [1] recycles 0 hard 1 soft 0 temp 0.00 loss 0.65 i_con 5.71 plddt 0.24 ptm 0.85 i_ptm 0.16 energy -7.34
173 models [4] recycles 0 hard 1 soft 0 temp 0.00 loss 0.43 i_con 5.49 plddt 0.23 ptm 0.88 i_ptm 0.26 energy -7.34
174 models [3] recycles 0 hard 1 soft 0 temp 0.00 loss -0.84 i_con 4.23 plddt 0.24 ptm 0.84 i_ptm 0.25 energy -7.34
175 models [2] recycles 0 hard 1 soft 0 temp 0.00 loss -0.18 i_con 4.88 plddt 0.23 ptm 0.85 i_ptm 0.12 energy -7.34
176 models [4] recycles 0 hard 1 soft 0 temp 0.00 loss 0.43 i_con 5.49 plddt 0.23 ptm 0.88 i_ptm 0.26 energy -7.34
177 models [2] recycles 0 hard 1 soft 0 temp 0.00 loss -0.18 i_con 4.88 plddt 0.23 ptm 0.85 i_ptm 0.12 energy -7.34
178 models [0] recycles 0 hard 1 soft 0 temp 0.00 loss -0.61 i_con 4.45 plddt 0.23 ptm 0.82 i_ptm 0.18 energy -7.34
179 models [3] recycles 0 hard 1 soft 0 temp 0.00 loss -0.84 i_con 4.23 plddt 0.24 ptm 0.84 i_ptm 0.25 energy -7.34
180 models [2] recycles 0 hard 1 soft 0 temp 0.00 loss -0.18 i_con 4.88 plddt 0.23 ptm 0.85 i_ptm 0.12 energy -7.34
  seq=DWYWWWAHVKPNKEC  loss=-0.1827  loss_af=4.9556  energy=-7.3404  i_ptm=0.1203
[9/30] seed=8 ...
1 models [3] recycles 0 hard 0 soft 1 temp 1 loss 4.39 i_con 3.95 plddt 0.32 ptm 0.85 i_ptm 0.38 energy 7.40
2 models [1] recycles 0 hard 0 soft 1 temp 1 loss 4.39 i_con 3.97 plddt 0.28 ptm 0.87 i_ptm 0.34 energy 6.91
3 models [3] recycles 0 hard 0 soft 1 temp 1 loss 4.17 i_con 3.78 plddt 0.34 ptm 0.86 i_ptm 0.46 energy 6.36
4 models [2] recycles 0 hard 0 soft 1 temp 1 loss 4.32 i_con 3.96 plddt 0.35 ptm 0.87 i_ptm 0.43 energy 5.92
5 models [2] recycles 0 hard 0 soft 1 temp 1 loss 4.20 i_con 3.88 plddt 0.36 ptm 0.87 i_ptm 0.46 energy 5.25
6 models [3] recycles 0 hard 0 soft 1 temp 1 loss 4.06 i_con 3.77 plddt 0.37 ptm 0.86 i_ptm 0.48 energy 4.55
7 models [4] recycles 0 hard 0 soft 1 temp 1 loss 4.26 i_con 4.00 plddt 0.34 ptm 0.88 i_ptm 0.41 energy 3.93
8 models [0] recycles 0 hard 0 soft 1 temp 1 loss 4.15 i_con 3.90 plddt 0.32 ptm 0.85 i_ptm 0.42 energy 3.59
9 models [0] recycles 0 hard 0 soft 1 temp 1 loss 4.15 i_con 3.93 plddt 0.34 ptm 0.84 i_ptm 0.40 energy 3.18
10 models [1] recycles 0 hard 0 soft 1 temp 1 loss 5.11 i_con 4.89 plddt 0.22 ptm 0.85 i_ptm 0.11 energy 2.78
11 models [3] recycles 0 hard 0 soft 1 temp 1 loss 3.96 i_con 3.75 plddt 0.35 ptm 0.87 i_ptm 0.45 energy 2.83
12 models [0] recycles 0 hard 0 soft 1 temp 1 loss 4.21 i_con 4.02 plddt 0.30 ptm 0.84 i_ptm 0.37 energy 2.54
13 models [1] recycles 0 hard 0 soft 1 temp 1 loss 4.23 i_con 4.04 plddt 0.27 ptm 0.86 i_ptm 0.31 energy 2.41
14 models [2] recycles 0 hard 0 soft 1 temp 1 loss 3.98 i_con 3.81 plddt 0.38 ptm 0.87 i_ptm 0.50 energy 2.24
15 models [2] recycles 0 hard 0 soft 1 temp 1 loss 3.93 i_con 3.78 plddt 0.41 ptm 0.87 i_ptm 0.51 energy 1.95
16 models [4] recycles 0 hard 0 soft 1 temp 1 loss 3.97 i_con 3.82 plddt 0.40 ptm 0.89 i_ptm 0.52 energy 1.83
17 models [0] recycles 0 hard 0 soft 1 temp 1 loss 3.98 i_con 3.83 plddt 0.34 ptm 0.85 i_ptm 0.43 energy 1.79
18 models [2] recycles 0 hard 0 soft 1 temp 1 loss 3.79 i_con 3.66 plddt 0.45 ptm 0.88 i_ptm 0.59 energy 1.44
19 models [1] recycles 0 hard 0 soft 1 temp 1 loss 4.08 i_con 3.95 plddt 0.30 ptm 0.87 i_ptm 0.38 energy 1.21
20 models [1] recycles 0 hard 0 soft 1 temp 1 loss 4.12 i_con 3.99 plddt 0.28 ptm 0.86 i_ptm 0.32 energy 1.13
21 models [4] recycles 0 hard 0 soft 1 temp 1 loss 3.57 i_con 3.46 plddt 0.50 ptm 0.90 i_ptm 0.64 energy 1.13
22 models [3] recycles 0 hard 0 soft 1 temp 1 loss 3.79 i_con 3.68 plddt 0.38 ptm 0.86 i_ptm 0.50 energy 1.07
23 models [2] recycles 0 hard 0 soft 1 temp 1 loss 3.88 i_con 3.77 plddt 0.39 ptm 0.87 i_ptm 0.49 energy 0.93
24 models [0] recycles 0 hard 0 soft 1 temp 1 loss 3.87 i_con 3.77 plddt 0.40 ptm 0.85 i_ptm 0.47 energy 0.67
25 models [0] recycles 0 hard 0 soft 1 temp 1 loss 3.76 i_con 3.66 plddt 0.40 ptm 0.85 i_ptm 0.54 energy 0.73
26 models [2] recycles 0 hard 0 soft 1 temp 1 loss 3.81 i_con 3.73 plddt 0.44 ptm 0.87 i_ptm 0.53 energy 0.42
27 models [4] recycles 0 hard 0 soft 1 temp 1 loss 3.61 i_con 3.54 plddt 0.49 ptm 0.89 i_ptm 0.62 energy 0.28
28 models [1] recycles 0 hard 0 soft 1 temp 1 loss 3.78 i_con 3.71 plddt 0.38 ptm 0.88 i_ptm 0.52 energy 0.25
29 models [4] recycles 0 hard 0 soft 1 temp 1 loss 3.57 i_con 3.52 plddt 0.48 ptm 0.89 i_ptm 0.63 energy 0.08
30 models [1] recycles 0 hard 0 soft 1 temp 1 loss 3.94 i_con 3.87 plddt 0.33 ptm 0.87 i_ptm 0.42 energy 0.05
31 models [3] recycles 0 hard 0 soft 1 temp 1 loss 3.87 i_con 3.80 plddt 0.36 ptm 0.85 i_ptm 0.43 energy -0.06
32 models [2] recycles 0 hard 0 soft 1 temp 1 loss 3.73 i_con 3.67 plddt 0.43 ptm 0.87 i_ptm 0.55 energy -0.11
33 models [3] recycles 0 hard 0 soft 1 temp 1 loss 3.46 i_con 3.43 plddt 0.50 ptm 0.87 i_ptm 0.66 energy -0.34
34 models [3] recycles 0 hard 0 soft 1 temp 1 loss 3.43 i_con 3.39 plddt 0.49 ptm 0.87 i_ptm 0.67 energy -0.25
35 models [4] recycles 0 hard 0 soft 1 temp 1 loss 3.72 i_con 3.69 plddt 0.43 ptm 0.89 i_ptm 0.55 energy -0.38
36 models [2] recycles 0 hard 0 soft 1 temp 1 loss 3.82 i_con 3.79 plddt 0.41 ptm 0.87 i_ptm 0.50 energy -0.45
37 models [0] recycles 0 hard 0 soft 1 temp 1 loss 3.63 i_con 3.60 plddt 0.47 ptm 0.86 i_ptm 0.56 energy -0.50
38 models [2] recycles 0 hard 0 soft 1 temp 1 loss 3.65 i_con 3.62 plddt 0.47 ptm 0.88 i_ptm 0.60 energy -0.56
39 models [3] recycles 0 hard 0 soft 1 temp 1 loss 3.63 i_con 3.60 plddt 0.42 ptm 0.86 i_ptm 0.54 energy -0.56
40 models [0] recycles 0 hard 0 soft 1 temp 1 loss 3.67 i_con 3.64 plddt 0.41 ptm 0.85 i_ptm 0.51 energy -0.62
41 models [3] recycles 0 hard 0 soft 1 temp 1 loss 4.37 i_con 4.33 plddt 0.28 ptm 0.84 i_ptm 0.21 energy -0.56
42 models [4] recycles 0 hard 0 soft 1 temp 1 loss 3.71 i_con 3.66 plddt 0.44 ptm 0.89 i_ptm 0.58 energy -0.22
43 models [3] recycles 0 hard 0 soft 1 temp 1 loss 3.63 i_con 3.60 plddt 0.42 ptm 0.87 i_ptm 0.57 energy -0.40
44 models [1] recycles 0 hard 0 soft 1 temp 1 loss 3.86 i_con 3.83 plddt 0.37 ptm 0.87 i_ptm 0.46 energy -0.67
45 models [2] recycles 0 hard 0 soft 1 temp 1 loss 3.68 i_con 3.66 plddt 0.39 ptm 0.88 i_ptm 0.55 energy -0.81
46 models [4] recycles 0 hard 0 soft 1 temp 1 loss 3.57 i_con 3.57 plddt 0.46 ptm 0.89 i_ptm 0.60 energy -0.95
47 models [4] recycles 0 hard 0 soft 1 temp 1 loss 3.78 i_con 3.78 plddt 0.38 ptm 0.88 i_ptm 0.51 energy -1.06
48 models [1] recycles 0 hard 0 soft 1 temp 1 loss 3.84 i_con 3.83 plddt 0.36 ptm 0.87 i_ptm 0.45 energy -1.08
49 models [2] recycles 0 hard 0 soft 1 temp 1 loss 3.39 i_con 3.40 plddt 0.52 ptm 0.88 i_ptm 0.66 energy -1.14
50 models [0] recycles 0 hard 0 soft 1 temp 1 loss 3.71 i_con 3.69 plddt 0.38 ptm 0.86 i_ptm 0.52 energy -0.99
51 models [3] recycles 0 hard 0 soft 1 temp 1 loss 3.23 i_con 3.53 plddt 0.45 ptm 0.87 i_ptm 0.58 energy -1.19
52 models [2] recycles 0 hard 0 soft 1 temp 1 loss 3.19 i_con 3.54 plddt 0.50 ptm 0.87 i_ptm 0.62 energy -1.33
53 models [1] recycles 0 hard 0 soft 1 temp 1 loss 3.37 i_con 3.77 plddt 0.37 ptm 0.88 i_ptm 0.51 energy -1.56
54 models [0] recycles 0 hard 0 soft 1 temp 1 loss 3.29 i_con 3.70 plddt 0.40 ptm 0.86 i_ptm 0.54 energy -1.56
55 models [0] recycles 0 hard 0 soft 1 temp 1 loss 3.20 i_con 3.69 plddt 0.39 ptm 0.84 i_ptm 0.53 energy -1.82
56 models [4] recycles 0 hard 0 soft 1 temp 1 loss 3.12 i_con 3.66 plddt 0.41 ptm 0.89 i_ptm 0.56 energy -2.00
57 models [0] recycles 0 hard 0 soft 1 temp 1 loss 2.87 i_con 3.42 plddt 0.51 ptm 0.86 i_ptm 0.64 energy -2.01
58 models [2] recycles 0 hard 0 soft 1 temp 1 loss 3.00 i_con 3.60 plddt 0.43 ptm 0.88 i_ptm 0.58 energy -2.20
59 models [3] recycles 0 hard 0 soft 1 temp 1 loss 2.96 i_con 3.61 plddt 0.44 ptm 0.87 i_ptm 0.57 energy -2.35
60 models [4] recycles 0 hard 0 soft 1 temp 1 loss 3.01 i_con 3.69 plddt 0.38 ptm 0.88 i_ptm 0.51 energy -2.47
61 models [3] recycles 0 hard 0 soft 1 temp 1 loss 2.75 i_con 3.45 plddt 0.51 ptm 0.87 i_ptm 0.64 energy -2.48
62 models [3] recycles 0 hard 0 soft 1 temp 1 loss 2.52 i_con 3.24 plddt 0.56 ptm 0.88 i_ptm 0.70 energy -2.55
63 models [4] recycles 0 hard 0 soft 1 temp 1 loss 2.88 i_con 3.60 plddt 0.39 ptm 0.89 i_ptm 0.53 energy -2.58
64 models [1] recycles 0 hard 0 soft 1 temp 1 loss 3.00 i_con 3.71 plddt 0.35 ptm 0.88 i_ptm 0.54 energy -2.58
65 models [3] recycles 0 hard 0 soft 1 temp 1 loss 2.74 i_con 3.52 plddt 0.49 ptm 0.87 i_ptm 0.60 energy -2.77
66 models [1] recycles 0 hard 0 soft 1 temp 1 loss 3.09 i_con 3.85 plddt 0.35 ptm 0.87 i_ptm 0.45 energy -2.77
67 models [1] recycles 0 hard 0 soft 1 temp 1 loss 2.90 i_con 3.67 plddt 0.38 ptm 0.88 i_ptm 0.55 energy -2.78
68 models [3] recycles 0 hard 0 soft 1 temp 1 loss 2.68 i_con 3.49 plddt 0.48 ptm 0.86 i_ptm 0.62 energy -2.89
69 models [0] recycles 0 hard 0 soft 1 temp 1 loss 2.92 i_con 3.76 plddt 0.42 ptm 0.85 i_ptm 0.49 energy -2.99
70 models [4] recycles 0 hard 0 soft 1 temp 1 loss 4.51 i_con 5.35 plddt 0.33 ptm 0.88 i_ptm 0.32 energy -3.04
71 models [2] recycles 0 hard 0 soft 1 temp 1 loss 2.64 i_con 3.54 plddt 0.51 ptm 0.87 i_ptm 0.62 energy -3.18
72 models [0] recycles 0 hard 0 soft 1 temp 1 loss 2.76 i_con 3.68 plddt 0.41 ptm 0.86 i_ptm 0.55 energy -3.27
73 models [2] recycles 0 hard 0 soft 1 temp 1 loss 2.67 i_con 3.63 plddt 0.40 ptm 0.87 i_ptm 0.58 energy -3.39
74 models [4] recycles 0 hard 0 soft 1 temp 1 loss 2.68 i_con 3.69 plddt 0.39 ptm 0.89 i_ptm 0.50 energy -3.57
75 models [0] recycles 0 hard 0 soft 1 temp 1 loss 2.60 i_con 3.66 plddt 0.39 ptm 0.86 i_ptm 0.53 energy -3.74
76 models [2] recycles 0 hard 0 soft 1 temp 1 loss 2.45 i_con 3.56 plddt 0.42 ptm 0.87 i_ptm 0.58 energy -3.90
77 models [4] recycles 0 hard 0 soft 1 temp 1 loss 2.41 i_con 3.60 plddt 0.40 ptm 0.89 i_ptm 0.55 energy -4.16
78 models [4] recycles 0 hard 0 soft 1 temp 1 loss 2.46 i_con 3.70 plddt 0.38 ptm 0.88 i_ptm 0.50 energy -4.34
79 models [4] recycles 0 hard 0 soft 1 temp 1 loss 2.50 i_con 3.80 plddt 0.37 ptm 0.88 i_ptm 0.47 energy -4.54
80 models [1] recycles 0 hard 0 soft 1 temp 1 loss 4.52 i_con 5.82 plddt 0.28 ptm 0.86 i_ptm 0.22 energy -4.56
81 models [2] recycles 0 hard 0 soft 1 temp 1 loss 2.37 i_con 3.64 plddt 0.43 ptm 0.87 i_ptm 0.58 energy -4.46
82 models [4] recycles 0 hard 0 soft 1 temp 1 loss 2.27 i_con 3.64 plddt 0.37 ptm 0.89 i_ptm 0.53 energy -4.77
83 models [0] recycles 0 hard 0 soft 1 temp 1 loss 2.44 i_con 3.84 plddt 0.35 ptm 0.85 i_ptm 0.49 energy -4.89
84 models [4] recycles 0 hard 0 soft 1 temp 1 loss 2.30 i_con 3.70 plddt 0.38 ptm 0.88 i_ptm 0.51 energy -4.87
85 models [0] recycles 0 hard 0 soft 1 temp 1 loss 2.23 i_con 3.71 plddt 0.40 ptm 0.85 i_ptm 0.54 energy -5.16
86 models [4] recycles 0 hard 0 soft 1 temp 1 loss 2.20 i_con 3.73 plddt 0.38 ptm 0.89 i_ptm 0.50 energy -5.30
87 models [3] recycles 0 hard 0 soft 1 temp 1 loss 2.18 i_con 3.77 plddt 0.35 ptm 0.86 i_ptm 0.47 energy -5.52
88 models [3] recycles 0 hard 0 soft 1 temp 1 loss 2.07 i_con 3.73 plddt 0.39 ptm 0.86 i_ptm 0.52 energy -5.71
89 models [3] recycles 0 hard 0 soft 1 temp 1 loss 3.50 i_con 5.19 plddt 0.31 ptm 0.84 i_ptm 0.24 energy -5.87
90 models [1] recycles 0 hard 0 soft 1 temp 1 loss 4.14 i_con 5.82 plddt 0.31 ptm 0.86 i_ptm 0.24 energy -5.80
91 models [3] recycles 0 hard 0 soft 1 temp 1 loss 2.00 i_con 3.70 plddt 0.40 ptm 0.86 i_ptm 0.52 energy -5.88
92 models [2] recycles 0 hard 0 soft 1 temp 1 loss 2.06 i_con 3.75 plddt 0.39 ptm 0.87 i_ptm 0.51 energy -5.85
93 models [1] recycles 0 hard 0 soft 1 temp 1 loss 4.38 i_con 6.11 plddt 0.27 ptm 0.86 i_ptm 0.21 energy -6.01
94 models [4] recycles 0 hard 0 soft 1 temp 1 loss 1.95 i_con 3.72 plddt 0.36 ptm 0.88 i_ptm 0.44 energy -6.12
95 models [2] recycles 0 hard 0 soft 1 temp 1 loss 2.09 i_con 3.89 plddt 0.34 ptm 0.87 i_ptm 0.43 energy -6.24
96 models [3] recycles 0 hard 0 soft 1 temp 1 loss 1.93 i_con 3.76 plddt 0.37 ptm 0.86 i_ptm 0.46 energy -6.32
97 models [0] recycles 0 hard 0 soft 1 temp 1 loss 2.09 i_con 3.94 plddt 0.34 ptm 0.84 i_ptm 0.41 energy -6.39
98 models [2] recycles 0 hard 0 soft 1 temp 1 loss 1.85 i_con 3.73 plddt 0.39 ptm 0.88 i_ptm 0.48 energy -6.48
99 models [0] recycles 0 hard 0 soft 1 temp 1 loss 2.05 i_con 3.95 plddt 0.35 ptm 0.85 i_ptm 0.39 energy -6.56
100 models [1] recycles 0 hard 0 soft 1 temp 1 loss 3.91 i_con 5.81 plddt 0.29 ptm 0.86 i_ptm 0.22 energy -6.59
101 models [3] recycles 0 hard 0 soft 0 temp 1 loss 1.77 i_con 4.77 plddt 0.22 ptm 0.84 i_ptm 0.13 energy -30.79
102 models [2] recycles 0 hard 0 soft 0 temp 0.98 loss 2.09 i_con 5.11 plddt 0.21 ptm 0.17 i_ptm 0.43 energy -30.95
103 models [2] recycles 0 hard 0 soft 0 temp 0.96 loss -0.13 i_con 2.90 plddt 0.33 ptm 0.26 i_ptm 0.48 energy -30.96
104 models [1] recycles 0 hard 0 soft 0 temp 0.94 loss 3.60 i_con 6.65 plddt 0.28 ptm 0.86 i_ptm 0.23 energy -31.15
105 models [1] recycles 0 hard 0 soft 0 temp 0.92 loss 3.30 i_con 6.39 plddt 0.28 ptm 0.86 i_ptm 0.17 energy -31.63
106 models [1] recycles 0 hard 0 soft 0 temp 0.90 loss 2.94 i_con 6.05 plddt 0.26 ptm 0.86 i_ptm 0.16 energy -31.83
107 models [1] recycles 0 hard 0 soft 0 temp 0.88 loss 3.12 i_con 6.30 plddt 0.28 ptm 0.86 i_ptm 0.18 energy -32.50
108 models [0] recycles 0 hard 0 soft 0 temp 0.86 loss 1.00 i_con 4.22 plddt 0.29 ptm 0.84 i_ptm 0.29 energy -32.98
109 models [2] recycles 0 hard 0 soft 0 temp 0.84 loss -0.05 i_con 3.29 plddt 0.32 ptm 0.26 i_ptm 0.49 energy -34.12
110 models [1] recycles 0 hard 0 soft 0 temp 0.82 loss 2.95 i_con 6.31 plddt 0.27 ptm 0.86 i_ptm 0.15 energy -34.29
111 models [0] recycles 0 hard 0 soft 0 temp 0.80 loss 0.56 i_con 3.98 plddt 0.31 ptm 0.85 i_ptm 0.38 energy -34.90
112 models [4] recycles 0 hard 0 soft 0 temp 0.78 loss 1.37 i_con 4.93 plddt 0.21 ptm 0.86 i_ptm 0.13 energy -36.35
113 models [1] recycles 0 hard 0 soft 0 temp 0.76 loss 2.77 i_con 6.35 plddt 0.28 ptm 0.85 i_ptm 0.17 energy -36.48
114 models [3] recycles 0 hard 0 soft 0 temp 0.74 loss 1.49 i_con 5.17 plddt 0.25 ptm 0.84 i_ptm 0.18 energy -37.55
115 models [0] recycles 0 hard 0 soft 0 temp 0.72 loss 0.28 i_con 3.99 plddt 0.31 ptm 0.84 i_ptm 0.35 energy -37.79
116 models [1] recycles 0 hard 0 soft 0 temp 0.70 loss 2.36 i_con 6.18 plddt 0.27 ptm 0.86 i_ptm 0.21 energy -38.91
117 models [3] recycles 0 hard 0 soft 0 temp 0.68 loss 0.74 i_con 4.60 plddt 0.23 ptm 0.84 i_ptm 0.12 energy -39.34
118 models [1] recycles 0 hard 0 soft 0 temp 0.66 loss 2.39 i_con 6.28 plddt 0.28 ptm 0.86 i_ptm 0.15 energy -39.63
119 models [3] recycles 0 hard 0 soft 0 temp 0.64 loss 1.29 i_con 5.26 plddt 0.23 ptm 0.84 i_ptm 0.13 energy -40.47
120 models [4] recycles 0 hard 0 soft 0 temp 0.62 loss 1.54 i_con 5.53 plddt 0.27 ptm 0.88 i_ptm 0.24 energy -40.62
121 models [4] recycles 0 hard 0 soft 0 temp 0.60 loss 1.16 i_con 5.20 plddt 0.23 ptm 0.87 i_ptm 0.18 energy -41.09
122 models [2] recycles 0 hard 0 soft 0 temp 0.58 loss -1.21 i_con 2.85 plddt 0.24 ptm 0.33 i_ptm 0.53 energy -41.37
123 models [3] recycles 0 hard 0 soft 0 temp 0.56 loss 0.17 i_con 4.23 plddt 0.27 ptm 0.86 i_ptm 0.27 energy -41.27
124 models [3] recycles 0 hard 0 soft 0 temp 0.54 loss 0.67 i_con 4.77 plddt 0.26 ptm 0.84 i_ptm 0.19 energy -41.70
125 models [4] recycles 0 hard 0 soft 0 temp 0.52 loss -0.21 i_con 3.90 plddt 0.28 ptm 0.88 i_ptm 0.38 energy -41.80
126 models [4] recycles 0 hard 0 soft 0 temp 0.50 loss -0.45 i_con 3.81 plddt 0.32 ptm 0.89 i_ptm 0.43 energy -43.24
127 models [4] recycles 0 hard 0 soft 0 temp 0.48 loss -0.52 i_con 3.91 plddt 0.29 ptm 0.88 i_ptm 0.40 energy -45.01
128 models [0] recycles 0 hard 0 soft 0 temp 0.46 loss -0.60 i_con 3.95 plddt 0.31 ptm 0.84 i_ptm 0.38 energy -46.23
129 models [4] recycles 0 hard 0 soft 0 temp 0.44 loss -0.99 i_con 3.73 plddt 0.34 ptm 0.89 i_ptm 0.46 energy -47.89
130 models [4] recycles 0 hard 0 soft 0 temp 0.42 loss -0.98 i_con 3.87 plddt 0.30 ptm 0.88 i_ptm 0.39 energy -49.27
131 models [0] recycles 0 hard 0 soft 0 temp 0.40 loss -1.01 i_con 3.98 plddt 0.31 ptm 0.84 i_ptm 0.37 energy -50.63
132 models [2] recycles 0 hard 0 soft 0 temp 0.38 loss -1.08 i_con 4.08 plddt 0.28 ptm 0.87 i_ptm 0.35 energy -52.30
133 models [3] recycles 0 hard 0 soft 0 temp 0.36 loss -0.84 i_con 4.34 plddt 0.23 ptm 0.84 i_ptm 0.18 energy -52.62
134 models [0] recycles 0 hard 0 soft 0 temp 0.34 loss -1.09 i_con 4.08 plddt 0.31 ptm 0.84 i_ptm 0.33 energy -52.46
135 models [1] recycles 0 hard 0 soft 0 temp 0.32 loss 0.35 i_con 5.71 plddt 0.27 ptm 0.85 i_ptm 0.15 energy -54.25
136 models [0] recycles 0 hard 0 soft 0 temp 0.30 loss -1.16 i_con 4.23 plddt 0.24 ptm 0.83 i_ptm 0.27 energy -54.69
137 models [3] recycles 0 hard 0 soft 0 temp 0.28 loss -1.23 i_con 4.28 plddt 0.25 ptm 0.85 i_ptm 0.23 energy -55.85
138 models [4] recycles 0 hard 0 soft 0 temp 0.26 loss -1.06 i_con 4.47 plddt 0.21 ptm 0.87 i_ptm 0.16 energy -56.06
139 models [2] recycles 0 hard 0 soft 0 temp 0.24 loss -1.52 i_con 4.03 plddt 0.31 ptm 0.86 i_ptm 0.37 energy -56.22
140 models [1] recycles 0 hard 0 soft 0 temp 0.22 loss -0.09 i_con 5.54 plddt 0.25 ptm 0.86 i_ptm 0.14 energy -57.01
141 models [2] recycles 0 hard 0 soft 0 temp 0.20 loss -1.71 i_con 3.98 plddt 0.30 ptm 0.87 i_ptm 0.39 energy -57.56
142 models [4] recycles 0 hard 0 soft 0 temp 0.18 loss -0.84 i_con 4.94 plddt 0.23 ptm 0.87 i_ptm 0.21 energy -58.58
143 models [1] recycles 0 hard 0 soft 0 temp 0.16 loss -1.05 i_con 4.70 plddt 0.26 ptm 0.85 i_ptm 0.15 energy -58.20
144 models [1] recycles 0 hard 0 soft 0 temp 0.14 loss -1.34 i_con 4.40 plddt 0.27 ptm 0.86 i_ptm 0.20 energy -58.16
145 models [2] recycles 0 hard 0 soft 0 temp 0.12 loss -1.87 i_con 3.98 plddt 0.32 ptm 0.87 i_ptm 0.39 energy -59.23
146 models [2] recycles 0 hard 0 soft 0 temp 0.10 loss -1.73 i_con 4.25 plddt 0.26 ptm 0.17 i_ptm 0.33 energy -60.59
147 models [4] recycles 0 hard 0 soft 0 temp 0.08 loss -1.93 i_con 4.05 plddt 0.27 ptm 0.88 i_ptm 0.33 energy -60.52
148 models [0] recycles 0 hard 0 soft 0 temp 0.06 loss -1.99 i_con 4.03 plddt 0.28 ptm 0.85 i_ptm 0.36 energy -60.89
149 models [3] recycles 0 hard 0 soft 0 temp 0.04 loss -1.94 i_con 4.18 plddt 0.27 ptm 0.85 i_ptm 0.28 energy -61.96
150 models [3] recycles 0 hard 0 soft 0 temp 0.02 loss -2.07 i_con 4.15 plddt 0.26 ptm 0.85 i_ptm 0.28 energy -62.92
151 models [1] recycles 0 hard 1 soft 0 temp 0.00 loss 1.70 i_con 6.35 plddt 0.28 ptm 0.86 i_ptm 0.30 energy -6.75
152 models [2] recycles 0 hard 1 soft 0 temp 0.00 loss -0.86 i_con 3.80 plddt 0.34 ptm 0.87 i_ptm 0.52 energy -6.75
153 models [0] recycles 0 hard 1 soft 0 temp 0.00 loss -0.47 i_con 4.18 plddt 0.27 ptm 0.83 i_ptm 0.31 energy -6.75
154 models [4] recycles 0 hard 1 soft 0 temp 0.00 loss -0.71 i_con 3.94 plddt 0.29 ptm 0.88 i_ptm 0.45 energy -6.75
155 models [4] recycles 0 hard 1 soft 0 temp 0.00 loss -0.71 i_con 3.94 plddt 0.29 ptm 0.88 i_ptm 0.45 energy -6.75
156 models [2] recycles 0 hard 1 soft 0 temp 0.00 loss -0.86 i_con 3.80 plddt 0.34 ptm 0.87 i_ptm 0.52 energy -6.75
157 models [1] recycles 0 hard 1 soft 0 temp 0.00 loss 1.70 i_con 6.35 plddt 0.28 ptm 0.86 i_ptm 0.30 energy -6.75
158 models [2] recycles 0 hard 1 soft 0 temp 0.00 loss -0.86 i_con 3.80 plddt 0.34 ptm 0.87 i_ptm 0.52 energy -6.75
159 models [3] recycles 0 hard 1 soft 0 temp 0.00 loss 0.29 i_con 4.94 plddt 0.26 ptm 0.84 i_ptm 0.24 energy -6.75
160 models [0] recycles 0 hard 1 soft 0 temp 0.00 loss -0.47 i_con 4.18 plddt 0.27 ptm 0.83 i_ptm 0.31 energy -6.75
161 models [3] recycles 0 hard 1 soft 0 temp 0.00 loss 0.29 i_con 4.94 plddt 0.26 ptm 0.84 i_ptm 0.24 energy -6.75
162 models [2] recycles 0 hard 1 soft 0 temp 0.00 loss -0.86 i_con 3.80 plddt 0.34 ptm 0.87 i_ptm 0.52 energy -6.75
163 models [1] recycles 0 hard 1 soft 0 temp 0.00 loss 1.70 i_con 6.35 plddt 0.28 ptm 0.86 i_ptm 0.30 energy -6.75
164 models [3] recycles 0 hard 1 soft 0 temp 0.00 loss 0.29 i_con 4.94 plddt 0.26 ptm 0.84 i_ptm 0.24 energy -6.75
165 models [4] recycles 0 hard 1 soft 0 temp 0.00 loss -0.71 i_con 3.94 plddt 0.29 ptm 0.88 i_ptm 0.45 energy -6.75
166 models [4] recycles 0 hard 1 soft 0 temp 0.00 loss -0.71 i_con 3.94 plddt 0.29 ptm 0.88 i_ptm 0.45 energy -6.75
167 models [2] recycles 0 hard 1 soft 0 temp 0.00 loss -0.86 i_con 3.80 plddt 0.34 ptm 0.87 i_ptm 0.52 energy -6.75
168 models [0] recycles 0 hard 1 soft 0 temp 0.00 loss -0.47 i_con 4.18 plddt 0.27 ptm 0.83 i_ptm 0.31 energy -6.75
169 models [1] recycles 0 hard 1 soft 0 temp 0.00 loss 1.70 i_con 6.35 plddt 0.28 ptm 0.86 i_ptm 0.30 energy -6.75
170 models [0] recycles 0 hard 1 soft 0 temp 0.00 loss -0.47 i_con 4.18 plddt 0.27 ptm 0.83 i_ptm 0.31 energy -6.75
171 models [2] recycles 0 hard 1 soft 0 temp 0.00 loss -0.86 i_con 3.80 plddt 0.34 ptm 0.87 i_ptm 0.52 energy -6.75
172 models [4] recycles 0 hard 1 soft 0 temp 0.00 loss -0.71 i_con 3.94 plddt 0.29 ptm 0.88 i_ptm 0.45 energy -6.75
173 models [3] recycles 0 hard 1 soft 0 temp 0.00 loss 0.29 i_con 4.94 plddt 0.26 ptm 0.84 i_ptm 0.24 energy -6.75
174 models [4] recycles 0 hard 1 soft 0 temp 0.00 loss -0.71 i_con 3.94 plddt 0.29 ptm 0.88 i_ptm 0.45 energy -6.75
175 models [3] recycles 0 hard 1 soft 0 temp 0.00 loss 0.29 i_con 4.94 plddt 0.26 ptm 0.84 i_ptm 0.24 energy -6.75
176 models [3] recycles 0 hard 1 soft 0 temp 0.00 loss 0.29 i_con 4.94 plddt 0.26 ptm 0.84 i_ptm 0.24 energy -6.75
177 models [0] recycles 0 hard 1 soft 0 temp 0.00 loss -0.47 i_con 4.18 plddt 0.27 ptm 0.83 i_ptm 0.31 energy -6.75
178 models [3] recycles 0 hard 1 soft 0 temp 0.00 loss 0.29 i_con 4.94 plddt 0.26 ptm 0.84 i_ptm 0.24 energy -6.75
179 models [1] recycles 0 hard 1 soft 0 temp 0.00 loss 1.70 i_con 6.35 plddt 0.28 ptm 0.86 i_ptm 0.30 energy -6.75
180 models [3] recycles 0 hard 1 soft 0 temp 0.00 loss 0.29 i_con 4.94 plddt 0.26 ptm 0.84 i_ptm 0.24 energy -6.75
  seq=DWGWAWWMVFWQKDC  loss=0.2894  loss_af=5.0114  energy=-6.7458  i_ptm=0.2398
[10/30] seed=9 ...
1 models [4] recycles 0 hard 0 soft 1 temp 1 loss 5.04 i_con 4.60 plddt 0.24 ptm 0.87 i_ptm 0.17 energy 7.37
2 models [0] recycles 0 hard 0 soft 1 temp 1 loss 4.80 i_con 4.36 plddt 0.25 ptm 0.84 i_ptm 0.23 energy 7.19
3 models [1] recycles 0 hard 0 soft 1 temp 1 loss 4.71 i_con 4.29 plddt 0.24 ptm 0.86 i_ptm 0.21 energy 6.95
4 models [4] recycles 0 hard 0 soft 1 temp 1 loss 4.63 i_con 4.22 plddt 0.26 ptm 0.87 i_ptm 0.29 energy 6.59
5 models [0] recycles 0 hard 0 soft 1 temp 1 loss 4.34 i_con 3.97 plddt 0.31 ptm 0.84 i_ptm 0.38 energy 6.17
6 models [3] recycles 0 hard 0 soft 1 temp 1 loss 4.08 i_con 3.74 plddt 0.32 ptm 0.87 i_ptm 0.46 energy 5.37
7 models [3] recycles 0 hard 0 soft 1 temp 1 loss 4.05 i_con 3.75 plddt 0.36 ptm 0.85 i_ptm 0.44 energy 4.63
8 models [3] recycles 0 hard 0 soft 1 temp 1 loss 4.09 i_con 3.83 plddt 0.31 ptm 0.85 i_ptm 0.42 energy 3.91
9 models [2] recycles 0 hard 0 soft 1 temp 1 loss 4.08 i_con 3.85 plddt 0.32 ptm 0.87 i_ptm 0.45 energy 3.32
10 models [0] recycles 0 hard 0 soft 1 temp 1 loss 4.11 i_con 3.91 plddt 0.33 ptm 0.85 i_ptm 0.44 energy 2.81
11 models [3] recycles 0 hard 0 soft 1 temp 1 loss 4.07 i_con 3.88 plddt 0.30 ptm 0.86 i_ptm 0.40 energy 2.31
12 models [0] recycles 0 hard 0 soft 1 temp 1 loss 4.13 i_con 3.96 plddt 0.32 ptm 0.85 i_ptm 0.39 energy 2.03
13 models [2] recycles 0 hard 0 soft 1 temp 1 loss 3.98 i_con 3.82 plddt 0.34 ptm 0.87 i_ptm 0.46 energy 1.90
14 models [1] recycles 0 hard 0 soft 1 temp 1 loss 4.51 i_con 4.36 plddt 0.23 ptm 0.85 i_ptm 0.19 energy 1.56
15 models [3] recycles 0 hard 0 soft 1 temp 1 loss 3.74 i_con 3.60 plddt 0.38 ptm 0.86 i_ptm 0.54 energy 1.55
16 models [1] recycles 0 hard 0 soft 1 temp 1 loss 4.10 i_con 3.96 plddt 0.31 ptm 0.87 i_ptm 0.36 energy 1.50
17 models [0] recycles 0 hard 0 soft 1 temp 1 loss 4.07 i_con 3.94 plddt 0.35 ptm 0.85 i_ptm 0.42 energy 1.31
18 models [0] recycles 0 hard 0 soft 1 temp 1 loss 3.97 i_con 3.85 plddt 0.39 ptm 0.84 i_ptm 0.45 energy 1.12
19 models [0] recycles 0 hard 0 soft 1 temp 1 loss 3.90 i_con 3.79 plddt 0.41 ptm 0.85 i_ptm 0.50 energy 1.07
20 models [4] recycles 0 hard 0 soft 1 temp 1 loss 3.97 i_con 3.87 plddt 0.36 ptm 0.88 i_ptm 0.44 energy 0.78
21 models [4] recycles 0 hard 0 soft 1 temp 1 loss 3.79 i_con 3.69 plddt 0.37 ptm 0.88 i_ptm 0.52 energy 0.69
22 models [0] recycles 0 hard 0 soft 1 temp 1 loss 3.84 i_con 3.76 plddt 0.38 ptm 0.85 i_ptm 0.49 energy 0.49
23 models [1] recycles 0 hard 0 soft 1 temp 1 loss 3.88 i_con 3.80 plddt 0.36 ptm 0.87 i_ptm 0.45 energy 0.31
24 models [1] recycles 0 hard 0 soft 1 temp 1 loss 3.88 i_con 3.81 plddt 0.37 ptm 0.87 i_ptm 0.47 energy 0.10
25 models [4] recycles 0 hard 0 soft 1 temp 1 loss 3.85 i_con 3.79 plddt 0.38 ptm 0.88 i_ptm 0.50 energy -0.12
26 models [1] recycles 0 hard 0 soft 1 temp 1 loss 4.18 i_con 4.12 plddt 0.30 ptm 0.86 i_ptm 0.31 energy -0.18
27 models [3] recycles 0 hard 0 soft 1 temp 1 loss 3.60 i_con 3.56 plddt 0.48 ptm 0.87 i_ptm 0.59 energy -0.30
28 models [3] recycles 0 hard 0 soft 1 temp 1 loss 3.58 i_con 3.54 plddt 0.44 ptm 0.87 i_ptm 0.57 energy -0.35
29 models [4] recycles 0 hard 0 soft 1 temp 1 loss 5.44 i_con 5.39 plddt 0.27 ptm 0.87 i_ptm 0.13 energy -0.45
30 models [0] recycles 0 hard 0 soft 1 temp 1 loss 3.74 i_con 3.71 plddt 0.43 ptm 0.86 i_ptm 0.52 energy -0.45
31 models [3] recycles 0 hard 0 soft 1 temp 1 loss 3.78 i_con 3.75 plddt 0.41 ptm 0.87 i_ptm 0.52 energy -0.62
32 models [2] recycles 0 hard 0 soft 1 temp 1 loss 3.68 i_con 3.65 plddt 0.45 ptm 0.87 i_ptm 0.58 energy -0.49
33 models [3] recycles 0 hard 0 soft 1 temp 1 loss 3.71 i_con 3.69 plddt 0.38 ptm 0.87 i_ptm 0.53 energy -0.73
34 models [4] recycles 0 hard 0 soft 1 temp 1 loss 3.74 i_con 3.73 plddt 0.41 ptm 0.88 i_ptm 0.52 energy -0.80
35 models [0] recycles 0 hard 0 soft 1 temp 1 loss 3.75 i_con 3.73 plddt 0.42 ptm 0.86 i_ptm 0.51 energy -0.81
36 models [3] recycles 0 hard 0 soft 1 temp 1 loss 3.65 i_con 3.64 plddt 0.44 ptm 0.87 i_ptm 0.58 energy -0.82
37 models [4] recycles 0 hard 0 soft 1 temp 1 loss 3.70 i_con 3.70 plddt 0.42 ptm 0.89 i_ptm 0.54 energy -1.03
38 models [2] recycles 0 hard 0 soft 1 temp 1 loss 3.70 i_con 3.70 plddt 0.44 ptm 0.87 i_ptm 0.55 energy -1.14
39 models [4] recycles 0 hard 0 soft 1 temp 1 loss 3.77 i_con 3.77 plddt 0.41 ptm 0.88 i_ptm 0.52 energy -1.18
40 models [1] recycles 0 hard 0 soft 1 temp 1 loss 4.76 i_con 4.75 plddt 0.24 ptm 0.85 i_ptm 0.11 energy -1.25
41 models [1] recycles 0 hard 0 soft 1 temp 1 loss 3.86 i_con 3.86 plddt 0.38 ptm 0.87 i_ptm 0.44 energy -1.23
42 models [0] recycles 0 hard 0 soft 1 temp 1 loss 3.56 i_con 3.57 plddt 0.48 ptm 0.86 i_ptm 0.60 energy -1.29
43 models [0] recycles 0 hard 0 soft 1 temp 1 loss 3.68 i_con 3.68 plddt 0.41 ptm 0.86 i_ptm 0.53 energy -1.21
44 models [4] recycles 0 hard 0 soft 1 temp 1 loss 3.76 i_con 3.76 plddt 0.36 ptm 0.89 i_ptm 0.54 energy -1.31
45 models [3] recycles 0 hard 0 soft 1 temp 1 loss 3.60 i_con 3.60 plddt 0.38 ptm 0.87 i_ptm 0.55 energy -1.40
46 models [0] recycles 0 hard 0 soft 1 temp 1 loss 3.70 i_con 3.71 plddt 0.39 ptm 0.86 i_ptm 0.52 energy -1.44
47 models [1] recycles 0 hard 0 soft 1 temp 1 loss 3.70 i_con 3.71 plddt 0.38 ptm 0.87 i_ptm 0.53 energy -1.44
48 models [3] recycles 0 hard 0 soft 1 temp 1 loss 3.45 i_con 3.47 plddt 0.41 ptm 0.88 i_ptm 0.62 energy -1.60
49 models [0] recycles 0 hard 0 soft 1 temp 1 loss 3.67 i_con 3.69 plddt 0.42 ptm 0.86 i_ptm 0.53 energy -1.69
50 models [1] recycles 0 hard 0 soft 1 temp 1 loss 3.63 i_con 3.65 plddt 0.44 ptm 0.88 i_ptm 0.57 energy -1.54
51 models [3] recycles 0 hard 0 soft 1 temp 1 loss 2.71 i_con 3.11 plddt 0.47 ptm 0.88 i_ptm 0.71 energy -1.52
52 models [1] recycles 0 hard 0 soft 1 temp 1 loss 3.27 i_con 3.68 plddt 0.41 ptm 0.87 i_ptm 0.54 energy -1.55
53 models [3] recycles 0 hard 0 soft 1 temp 1 loss 3.12 i_con 3.60 plddt 0.43 ptm 0.87 i_ptm 0.57 energy -1.80
54 models [2] recycles 0 hard 0 soft 1 temp 1 loss 2.80 i_con 3.38 plddt 0.45 ptm 0.88 i_ptm 0.68 energy -2.08
55 models [3] recycles 0 hard 0 soft 1 temp 1 loss 3.19 i_con 3.79 plddt 0.36 ptm 0.86 i_ptm 0.51 energy -2.22
56 models [4] recycles 0 hard 0 soft 1 temp 1 loss 4.17 i_con 4.83 plddt 0.25 ptm 0.86 i_ptm 0.15 energy -2.46
57 models [1] recycles 0 hard 0 soft 1 temp 1 loss 2.98 i_con 3.66 plddt 0.38 ptm 0.87 i_ptm 0.57 energy -2.49
58 models [4] recycles 0 hard 0 soft 1 temp 1 loss 2.95 i_con 3.68 plddt 0.38 ptm 0.89 i_ptm 0.55 energy -2.64
59 models [1] recycles 0 hard 0 soft 1 temp 1 loss 3.24 i_con 4.01 plddt 0.30 ptm 0.86 i_ptm 0.38 energy -2.82
60 models [4] recycles 0 hard 0 soft 1 temp 1 loss 2.86 i_con 3.66 plddt 0.40 ptm 0.89 i_ptm 0.57 energy -2.85
61 models [4] recycles 0 hard 0 soft 1 temp 1 loss 2.78 i_con 3.63 plddt 0.39 ptm 0.89 i_ptm 0.59 energy -3.03
62 models [0] recycles 0 hard 0 soft 1 temp 1 loss 2.90 i_con 3.76 plddt 0.38 ptm 0.86 i_ptm 0.52 energy -3.10
63 models [1] recycles 0 hard 0 soft 1 temp 1 loss 4.21 i_con 5.09 plddt 0.23 ptm 0.86 i_ptm 0.13 energy -3.19
64 models [1] recycles 0 hard 0 soft 1 temp 1 loss 2.83 i_con 3.71 plddt 0.37 ptm 0.87 i_ptm 0.53 energy -3.13
65 models [2] recycles 0 hard 0 soft 1 temp 1 loss 2.58 i_con 3.49 plddt 0.44 ptm 0.88 i_ptm 0.64 energy -3.22
66 models [2] recycles 0 hard 0 soft 1 temp 1 loss 2.66 i_con 3.56 plddt 0.40 ptm 0.88 i_ptm 0.63 energy -3.20
67 models [4] recycles 0 hard 0 soft 1 temp 1 loss 2.83 i_con 3.74 plddt 0.40 ptm 0.88 i_ptm 0.52 energy -3.24
68 models [0] recycles 0 hard 0 soft 1 temp 1 loss 2.76 i_con 3.69 plddt 0.41 ptm 0.86 i_ptm 0.55 energy -3.29
69 models [1] recycles 0 hard 0 soft 1 temp 1 loss 2.82 i_con 3.79 plddt 0.35 ptm 0.87 i_ptm 0.48 energy -3.45
70 models [4] recycles 0 hard 0 soft 1 temp 1 loss 2.83 i_con 3.78 plddt 0.38 ptm 0.89 i_ptm 0.50 energy -3.36
71 models [0] recycles 0 hard 0 soft 1 temp 1 loss 2.84 i_con 3.82 plddt 0.38 ptm 0.84 i_ptm 0.47 energy -3.46
72 models [1] recycles 0 hard 0 soft 1 temp 1 loss 2.70 i_con 3.74 plddt 0.39 ptm 0.87 i_ptm 0.51 energy -3.68
73 models [2] recycles 0 hard 0 soft 1 temp 1 loss 2.69 i_con 3.70 plddt 0.41 ptm 0.87 i_ptm 0.54 energy -3.55
74 models [4] recycles 0 hard 0 soft 1 temp 1 loss 2.55 i_con 3.57 plddt 0.40 ptm 0.89 i_ptm 0.56 energy -3.60
75 models [0] recycles 0 hard 0 soft 1 temp 1 loss 2.76 i_con 3.84 plddt 0.37 ptm 0.86 i_ptm 0.47 energy -3.80
76 models [4] recycles 0 hard 0 soft 1 temp 1 loss 2.67 i_con 3.79 plddt 0.35 ptm 0.88 i_ptm 0.44 energy -3.96
77 models [4] recycles 0 hard 0 soft 1 temp 1 loss 2.54 i_con 3.69 plddt 0.39 ptm 0.89 i_ptm 0.53 energy -4.01
78 models [3] recycles 0 hard 0 soft 1 temp 1 loss 2.51 i_con 3.67 plddt 0.40 ptm 0.86 i_ptm 0.58 energy -4.07
79 models [1] recycles 0 hard 0 soft 1 temp 1 loss 3.38 i_con 4.57 plddt 0.23 ptm 0.85 i_ptm 0.14 energy -4.22
80 models [2] recycles 0 hard 0 soft 1 temp 1 loss 2.03 i_con 3.20 plddt 0.50 ptm 0.89 i_ptm 0.74 energy -4.08
81 models [0] recycles 0 hard 0 soft 1 temp 1 loss 2.56 i_con 3.73 plddt 0.41 ptm 0.86 i_ptm 0.55 energy -4.10
82 models [2] recycles 0 hard 0 soft 1 temp 1 loss 2.41 i_con 3.66 plddt 0.43 ptm 0.87 i_ptm 0.58 energy -4.36
83 models [0] recycles 0 hard 0 soft 1 temp 1 loss 2.45 i_con 3.71 plddt 0.46 ptm 0.86 i_ptm 0.55 energy -4.41
84 models [1] recycles 0 hard 0 soft 1 temp 1 loss 2.76 i_con 4.07 plddt 0.29 ptm 0.86 i_ptm 0.33 energy -4.60
85 models [2] recycles 0 hard 0 soft 1 temp 1 loss 2.33 i_con 3.63 plddt 0.42 ptm 0.87 i_ptm 0.59 energy -4.52
86 models [0] recycles 0 hard 0 soft 1 temp 1 loss 2.28 i_con 3.63 plddt 0.47 ptm 0.85 i_ptm 0.59 energy -4.68
87 models [2] recycles 0 hard 0 soft 1 temp 1 loss 2.05 i_con 3.45 plddt 0.46 ptm 0.88 i_ptm 0.66 energy -4.81
88 models [0] recycles 0 hard 0 soft 1 temp 1 loss 1.80 i_con 3.19 plddt 0.47 ptm 0.87 i_ptm 0.74 energy -4.83
89 models [1] recycles 0 hard 0 soft 1 temp 1 loss 3.47 i_con 4.85 plddt 0.24 ptm 0.85 i_ptm 0.13 energy -4.87
90 models [1] recycles 0 hard 0 soft 1 temp 1 loss 3.68 i_con 5.05 plddt 0.25 ptm 0.86 i_ptm 0.17 energy -4.79
91 models [0] recycles 0 hard 0 soft 1 temp 1 loss 2.15 i_con 3.55 plddt 0.42 ptm 0.87 i_ptm 0.61 energy -4.85
92 models [0] recycles 0 hard 0 soft 1 temp 1 loss 2.07 i_con 3.51 plddt 0.42 ptm 0.86 i_ptm 0.62 energy -4.99
93 models [4] recycles 0 hard 0 soft 1 temp 1 loss 2.17 i_con 3.66 plddt 0.44 ptm 0.89 i_ptm 0.56 energy -5.15
94 models [4] recycles 0 hard 0 soft 1 temp 1 loss 2.22 i_con 3.71 plddt 0.41 ptm 0.89 i_ptm 0.55 energy -5.16
95 models [4] recycles 0 hard 0 soft 1 temp 1 loss 2.04 i_con 3.58 plddt 0.42 ptm 0.89 i_ptm 0.58 energy -5.32
96 models [1] recycles 0 hard 0 soft 1 temp 1 loss 2.55 i_con 4.12 plddt 0.31 ptm 0.86 i_ptm 0.32 energy -5.48
97 models [4] recycles 0 hard 0 soft 1 temp 1 loss 2.12 i_con 3.67 plddt 0.40 ptm 0.89 i_ptm 0.55 energy -5.38
98 models [1] recycles 0 hard 0 soft 1 temp 1 loss 2.44 i_con 4.04 plddt 0.35 ptm 0.86 i_ptm 0.37 energy -5.58
99 models [3] recycles 0 hard 0 soft 1 temp 1 loss 1.55 i_con 3.17 plddt 0.45 ptm 0.88 i_ptm 0.72 energy -5.58
100 models [1] recycles 0 hard 0 soft 1 temp 1 loss 2.22 i_con 3.81 plddt 0.38 ptm 0.88 i_ptm 0.52 energy -5.51
101 models [4] recycles 0 hard 0 soft 0 temp 1 loss 3.22 i_con 5.95 plddt 0.21 ptm 0.87 i_ptm 0.14 energy -28.02
102 models [4] recycles 0 hard 0 soft 0 temp 0.98 loss 2.30 i_con 5.04 plddt 0.22 ptm 0.87 i_ptm 0.15 energy -28.20
103 models [0] recycles 0 hard 0 soft 0 temp 0.96 loss 1.16 i_con 3.88 plddt 0.34 ptm 0.85 i_ptm 0.44 energy -27.85
104 models [1] recycles 0 hard 0 soft 0 temp 0.94 loss 2.25 i_con 5.08 plddt 0.23 ptm 0.86 i_ptm 0.10 energy -29.00
105 models [3] recycles 0 hard 0 soft 0 temp 0.92 loss 2.84 i_con 5.67 plddt 0.24 ptm 0.85 i_ptm 0.17 energy -29.08
106 models [3] recycles 0 hard 0 soft 0 temp 0.90 loss 2.77 i_con 5.61 plddt 0.24 ptm 0.84 i_ptm 0.18 energy -29.21
107 models [0] recycles 0 hard 0 soft 0 temp 0.88 loss 1.40 i_con 4.30 plddt 0.26 ptm 0.84 i_ptm 0.27 energy -29.77
108 models [2] recycles 0 hard 0 soft 0 temp 0.86 loss 1.96 i_con 4.93 plddt 0.25 ptm 0.85 i_ptm 0.12 energy -30.46
109 models [2] recycles 0 hard 0 soft 0 temp 0.84 loss 0.84 i_con 3.84 plddt 0.35 ptm 0.88 i_ptm 0.46 energy -30.57
110 models [0] recycles 0 hard 0 soft 0 temp 0.82 loss 1.21 i_con 4.29 plddt 0.27 ptm 0.84 i_ptm 0.27 energy -31.49
111 models [2] recycles 0 hard 0 soft 0 temp 0.80 loss 2.28 i_con 5.48 plddt 0.28 ptm 0.74 i_ptm 0.26 energy -32.64
112 models [2] recycles 0 hard 0 soft 0 temp 0.78 loss 0.76 i_con 3.96 plddt 0.31 ptm 0.87 i_ptm 0.40 energy -32.70
113 models [3] recycles 0 hard 0 soft 0 temp 0.76 loss 0.66 i_con 4.00 plddt 0.33 ptm 0.85 i_ptm 0.37 energy -34.09
114 models [4] recycles 0 hard 0 soft 0 temp 0.74 loss 0.60 i_con 3.96 plddt 0.32 ptm 0.88 i_ptm 0.40 energy -34.29
115 models [2] recycles 0 hard 0 soft 0 temp 0.72 loss 2.45 i_con 5.84 plddt 0.30 ptm 0.86 i_ptm 0.18 energy -34.54
116 models [2] recycles 0 hard 0 soft 0 temp 0.70 loss 1.47 i_con 4.86 plddt 0.23 ptm 0.85 i_ptm 0.11 energy -34.68
117 models [1] recycles 0 hard 0 soft 0 temp 0.68 loss 1.97 i_con 5.37 plddt 0.24 ptm 0.85 i_ptm 0.15 energy -34.83
118 models [1] recycles 0 hard 0 soft 0 temp 0.66 loss 2.29 i_con 5.69 plddt 0.24 ptm 0.86 i_ptm 0.14 energy -34.83
119 models [0] recycles 0 hard 0 soft 0 temp 0.64 loss 0.36 i_con 3.80 plddt 0.34 ptm 0.86 i_ptm 0.49 energy -35.04
120 models [3] recycles 0 hard 0 soft 0 temp 0.62 loss 0.33 i_con 3.90 plddt 0.32 ptm 0.86 i_ptm 0.42 energy -36.40
121 models [3] recycles 0 hard 0 soft 0 temp 0.60 loss 0.40 i_con 4.03 plddt 0.28 ptm 0.86 i_ptm 0.35 energy -37.05
122 models [1] recycles 0 hard 0 soft 0 temp 0.58 loss 0.65 i_con 4.32 plddt 0.26 ptm 0.86 i_ptm 0.22 energy -37.45
123 models [1] recycles 0 hard 0 soft 0 temp 0.56 loss 0.28 i_con 3.94 plddt 0.34 ptm 0.88 i_ptm 0.42 energy -37.27
124 models [3] recycles 0 hard 0 soft 0 temp 0.54 loss 0.17 i_con 3.88 plddt 0.31 ptm 0.86 i_ptm 0.42 energy -37.78
125 models [2] recycles 0 hard 0 soft 0 temp 0.52 loss -0.02 i_con 3.80 plddt 0.38 ptm 0.87 i_ptm 0.50 energy -38.86
126 models [4] recycles 0 hard 0 soft 0 temp 0.50 loss -0.21 i_con 3.80 plddt 0.35 ptm 0.89 i_ptm 0.48 energy -40.76
127 models [3] recycles 0 hard 0 soft 0 temp 0.48 loss -0.16 i_con 3.86 plddt 0.32 ptm 0.86 i_ptm 0.40 energy -40.87
128 models [3] recycles 0 hard 0 soft 0 temp 0.46 loss -0.01 i_con 4.13 plddt 0.26 ptm 0.85 i_ptm 0.29 energy -42.13
129 models [0] recycles 0 hard 0 soft 0 temp 0.44 loss -0.33 i_con 3.86 plddt 0.34 ptm 0.85 i_ptm 0.46 energy -42.51
130 models [2] recycles 0 hard 0 soft 0 temp 0.42 loss -0.56 i_con 3.78 plddt 0.38 ptm 0.88 i_ptm 0.50 energy -44.00
131 models [3] recycles 0 hard 0 soft 0 temp 0.40 loss -0.63 i_con 3.86 plddt 0.32 ptm 0.86 i_ptm 0.42 energy -45.55
132 models [4] recycles 0 hard 0 soft 0 temp 0.38 loss -0.72 i_con 3.90 plddt 0.31 ptm 0.89 i_ptm 0.42 energy -46.89
133 models [1] recycles 0 hard 0 soft 0 temp 0.36 loss -0.44 i_con 4.25 plddt 0.26 ptm 0.86 i_ptm 0.25 energy -47.62
134 models [3] recycles 0 hard 0 soft 0 temp 0.34 loss -0.89 i_con 3.82 plddt 0.36 ptm 0.86 i_ptm 0.47 energy -47.80
135 models [3] recycles 0 hard 0 soft 0 temp 0.32 loss -0.92 i_con 3.88 plddt 0.33 ptm 0.86 i_ptm 0.46 energy -48.62
136 models [4] recycles 0 hard 0 soft 0 temp 0.30 loss -0.41 i_con 4.45 plddt 0.21 ptm 0.87 i_ptm 0.18 energy -49.36
137 models [1] recycles 0 hard 0 soft 0 temp 0.28 loss 0.41 i_con 5.29 plddt 0.27 ptm 0.86 i_ptm 0.16 energy -49.50
138 models [2] recycles 0 hard 0 soft 0 temp 0.26 loss -0.60 i_con 4.27 plddt 0.28 ptm 0.87 i_ptm 0.28 energy -49.40
139 models [1] recycles 0 hard 0 soft 0 temp 0.24 loss -0.66 i_con 4.22 plddt 0.27 ptm 0.86 i_ptm 0.25 energy -49.50
140 models [1] recycles 0 hard 0 soft 0 temp 0.22 loss 0.40 i_con 5.35 plddt 0.27 ptm 0.86 i_ptm 0.18 energy -50.24
141 models [2] recycles 0 hard 0 soft 0 temp 0.20 loss -1.18 i_con 3.82 plddt 0.32 ptm 0.88 i_ptm 0.46 energy -50.72
142 models [1] recycles 0 hard 0 soft 0 temp 0.18 loss -0.84 i_con 4.25 plddt 0.27 ptm 0.87 i_ptm 0.28 energy -51.67
143 models [0] recycles 0 hard 0 soft 0 temp 0.16 loss -0.88 i_con 4.22 plddt 0.28 ptm 0.84 i_ptm 0.27 energy -51.64
144 models [4] recycles 0 hard 0 soft 0 temp 0.14 loss -0.78 i_con 4.30 plddt 0.24 ptm 0.88 i_ptm 0.25 energy -51.60
145 models [1] recycles 0 hard 0 soft 0 temp 0.12 loss 0.28 i_con 5.34 plddt 0.26 ptm 0.86 i_ptm 0.14 energy -51.33
146 models [0] recycles 0 hard 0 soft 0 temp 0.10 loss -1.09 i_con 4.01 plddt 0.31 ptm 0.84 i_ptm 0.38 energy -51.68
147 models [3] recycles 0 hard 0 soft 0 temp 0.08 loss -0.03 i_con 5.23 plddt 0.25 ptm 0.84 i_ptm 0.16 energy -53.32
148 models [1] recycles 0 hard 0 soft 0 temp 0.06 loss -0.91 i_con 4.35 plddt 0.27 ptm 0.86 i_ptm 0.24 energy -53.34
149 models [3] recycles 0 hard 0 soft 0 temp 0.04 loss -1.34 i_con 4.00 plddt 0.30 ptm 0.86 i_ptm 0.37 energy -54.04
150 models [4] recycles 0 hard 0 soft 0 temp 0.02 loss -1.62 i_con 3.81 plddt 0.35 ptm 0.89 i_ptm 0.48 energy -55.00
151 models [1] recycles 0 hard 1 soft 0 temp 0.00 loss 1.57 i_con 5.36 plddt 0.25 ptm 0.85 i_ptm 0.19 energy -5.52
152 models [1] recycles 0 hard 1 soft 0 temp 0.00 loss 1.57 i_con 5.36 plddt 0.25 ptm 0.85 i_ptm 0.19 energy -5.52
153 models [2] recycles 0 hard 1 soft 0 temp 0.00 loss -0.14 i_con 3.66 plddt 0.37 ptm 0.88 i_ptm 0.58 energy -5.52
154 models [2] recycles 0 hard 1 soft 0 temp 0.00 loss -0.14 i_con 3.66 plddt 0.37 ptm 0.88 i_ptm 0.58 energy -5.52
155 models [2] recycles 0 hard 1 soft 0 temp 0.00 loss -0.14 i_con 3.66 plddt 0.37 ptm 0.88 i_ptm 0.58 energy -5.52
156 models [2] recycles 0 hard 1 soft 0 temp 0.00 loss -0.14 i_con 3.66 plddt 0.37 ptm 0.88 i_ptm 0.58 energy -5.52
157 models [1] recycles 0 hard 1 soft 0 temp 0.00 loss 1.57 i_con 5.36 plddt 0.25 ptm 0.85 i_ptm 0.19 energy -5.52
158 models [2] recycles 0 hard 1 soft 0 temp 0.00 loss -0.14 i_con 3.66 plddt 0.37 ptm 0.88 i_ptm 0.58 energy -5.52
159 models [4] recycles 0 hard 1 soft 0 temp 0.00 loss -0.10 i_con 3.70 plddt 0.34 ptm 0.89 i_ptm 0.55 energy -5.52
160 models [3] recycles 0 hard 1 soft 0 temp 0.00 loss -0.20 i_con 3.61 plddt 0.39 ptm 0.87 i_ptm 0.59 energy -5.52
161 models [0] recycles 0 hard 1 soft 0 temp 0.00 loss -0.09 i_con 3.72 plddt 0.41 ptm 0.85 i_ptm 0.56 energy -5.52
162 models [4] recycles 0 hard 1 soft 0 temp 0.00 loss -0.10 i_con 3.70 plddt 0.34 ptm 0.89 i_ptm 0.55 energy -5.52
163 models [1] recycles 0 hard 1 soft 0 temp 0.00 loss 1.57 i_con 5.36 plddt 0.25 ptm 0.85 i_ptm 0.19 energy -5.52
164 models [2] recycles 0 hard 1 soft 0 temp 0.00 loss -0.14 i_con 3.66 plddt 0.37 ptm 0.88 i_ptm 0.58 energy -5.52
165 models [2] recycles 0 hard 1 soft 0 temp 0.00 loss -0.14 i_con 3.66 plddt 0.37 ptm 0.88 i_ptm 0.58 energy -5.52
166 models [3] recycles 0 hard 1 soft 0 temp 0.00 loss -0.20 i_con 3.61 plddt 0.39 ptm 0.87 i_ptm 0.59 energy -5.52
167 models [3] recycles 0 hard 1 soft 0 temp 0.00 loss -0.20 i_con 3.61 plddt 0.39 ptm 0.87 i_ptm 0.59 energy -5.52
168 models [1] recycles 0 hard 1 soft 0 temp 0.00 loss 1.57 i_con 5.36 plddt 0.25 ptm 0.85 i_ptm 0.19 energy -5.52
169 models [3] recycles 0 hard 1 soft 0 temp 0.00 loss -0.20 i_con 3.61 plddt 0.39 ptm 0.87 i_ptm 0.59 energy -5.52
170 models [2] recycles 0 hard 1 soft 0 temp 0.00 loss -0.14 i_con 3.66 plddt 0.37 ptm 0.88 i_ptm 0.58 energy -5.52
171 models [2] recycles 0 hard 1 soft 0 temp 0.00 loss -0.14 i_con 3.66 plddt 0.37 ptm 0.88 i_ptm 0.58 energy -5.52
172 models [0] recycles 0 hard 1 soft 0 temp 0.00 loss -0.09 i_con 3.72 plddt 0.41 ptm 0.85 i_ptm 0.56 energy -5.52
173 models [1] recycles 0 hard 1 soft 0 temp 0.00 loss 1.57 i_con 5.36 plddt 0.25 ptm 0.85 i_ptm 0.19 energy -5.52
174 models [1] recycles 0 hard 1 soft 0 temp 0.00 loss 1.57 i_con 5.36 plddt 0.25 ptm 0.85 i_ptm 0.19 energy -5.52
175 models [4] recycles 0 hard 1 soft 0 temp 0.00 loss -0.10 i_con 3.70 plddt 0.34 ptm 0.89 i_ptm 0.55 energy -5.52
176 models [0] recycles 0 hard 1 soft 0 temp 0.00 loss -0.09 i_con 3.72 plddt 0.41 ptm 0.85 i_ptm 0.56 energy -5.52
177 models [4] recycles 0 hard 1 soft 0 temp 0.00 loss -0.10 i_con 3.70 plddt 0.34 ptm 0.89 i_ptm 0.55 energy -5.52
178 models [0] recycles 0 hard 1 soft 0 temp 0.00 loss -0.09 i_con 3.72 plddt 0.41 ptm 0.85 i_ptm 0.56 energy -5.52
179 models [4] recycles 0 hard 1 soft 0 temp 0.00 loss -0.10 i_con 3.70 plddt 0.34 ptm 0.89 i_ptm 0.55 energy -5.52
180 models [0] recycles 0 hard 1 soft 0 temp 0.00 loss -0.09 i_con 3.72 plddt 0.41 ptm 0.85 i_ptm 0.56 energy -5.52
  seq=DAKRACWMLWWQRDC  loss=-0.0883  loss_af=3.7787  energy=-5.5242  i_ptm=0.5616
[11/30] seed=10 ...
1 models [0] recycles 0 hard 0 soft 1 temp 1 loss 4.68 i_con 4.23 plddt 0.25 ptm 0.84 i_ptm 0.23 energy 7.39
2 models [3] recycles 0 hard 0 soft 1 temp 1 loss 4.25 i_con 3.84 plddt 0.35 ptm 0.86 i_ptm 0.43 energy 6.91
3 models [0] recycles 0 hard 0 soft 1 temp 1 loss 4.51 i_con 4.13 plddt 0.27 ptm 0.84 i_ptm 0.30 energy 6.13
4 models [1] recycles 0 hard 0 soft 1 temp 1 loss 4.49 i_con 4.13 plddt 0.23 ptm 0.86 i_ptm 0.27 energy 5.52
5 models [1] recycles 0 hard 0 soft 1 temp 1 loss 5.29 i_con 4.97 plddt 0.22 ptm 0.86 i_ptm 0.13 energy 4.90
6 models [4] recycles 0 hard 0 soft 1 temp 1 loss 4.30 i_con 4.00 plddt 0.28 ptm 0.88 i_ptm 0.35 energy 4.63
7 models [3] recycles 0 hard 0 soft 1 temp 1 loss 4.05 i_con 3.77 plddt 0.33 ptm 0.86 i_ptm 0.45 energy 4.14
8 models [1] recycles 0 hard 0 soft 1 temp 1 loss 4.25 i_con 4.01 plddt 0.28 ptm 0.86 i_ptm 0.34 energy 3.45
9 models [0] recycles 0 hard 0 soft 1 temp 1 loss 4.18 i_con 3.96 plddt 0.29 ptm 0.85 i_ptm 0.35 energy 3.02
10 models [0] recycles 0 hard 0 soft 1 temp 1 loss 4.21 i_con 4.01 plddt 0.30 ptm 0.84 i_ptm 0.38 energy 2.62
11 models [2] recycles 0 hard 0 soft 1 temp 1 loss 4.04 i_con 3.85 plddt 0.33 ptm 0.87 i_ptm 0.42 energy 2.37
12 models [3] recycles 0 hard 0 soft 1 temp 1 loss 4.07 i_con 3.90 plddt 0.37 ptm 0.86 i_ptm 0.43 energy 2.18
13 models [2] recycles 0 hard 0 soft 1 temp 1 loss 3.98 i_con 3.81 plddt 0.35 ptm 0.87 i_ptm 0.46 energy 2.13
14 models [0] recycles 0 hard 0 soft 1 temp 1 loss 4.17 i_con 4.01 plddt 0.28 ptm 0.85 i_ptm 0.35 energy 1.90
15 models [3] recycles 0 hard 0 soft 1 temp 1 loss 3.90 i_con 3.75 plddt 0.35 ptm 0.86 i_ptm 0.45 energy 1.71
16 models [3] recycles 0 hard 0 soft 1 temp 1 loss 3.74 i_con 3.61 plddt 0.40 ptm 0.86 i_ptm 0.56 energy 1.49
17 models [3] recycles 0 hard 0 soft 1 temp 1 loss 3.90 i_con 3.77 plddt 0.35 ptm 0.86 i_ptm 0.45 energy 1.29
18 models [1] recycles 0 hard 0 soft 1 temp 1 loss 4.26 i_con 4.13 plddt 0.25 ptm 0.86 i_ptm 0.29 energy 1.03
19 models [3] recycles 0 hard 0 soft 1 temp 1 loss 3.75 i_con 3.65 plddt 0.38 ptm 0.86 i_ptm 0.52 energy 0.79
20 models [1] recycles 0 hard 0 soft 1 temp 1 loss 4.20 i_con 4.10 plddt 0.27 ptm 0.86 i_ptm 0.27 energy 0.61
21 models [0] recycles 0 hard 0 soft 1 temp 1 loss 3.96 i_con 3.87 plddt 0.31 ptm 0.84 i_ptm 0.43 energy 0.48
22 models [0] recycles 0 hard 0 soft 1 temp 1 loss 3.84 i_con 3.77 plddt 0.37 ptm 0.85 i_ptm 0.46 energy 0.17
23 models [0] recycles 0 hard 0 soft 1 temp 1 loss 4.12 i_con 4.05 plddt 0.28 ptm 0.84 i_ptm 0.31 energy -0.06
24 models [3] recycles 0 hard 0 soft 1 temp 1 loss 3.73 i_con 3.68 plddt 0.37 ptm 0.86 i_ptm 0.48 energy -0.26
25 models [3] recycles 0 hard 0 soft 1 temp 1 loss 3.80 i_con 3.75 plddt 0.32 ptm 0.86 i_ptm 0.43 energy -0.31
26 models [1] recycles 0 hard 0 soft 1 temp 1 loss 4.26 i_con 4.22 plddt 0.24 ptm 0.86 i_ptm 0.21 energy -0.63
27 models [2] recycles 0 hard 0 soft 1 temp 1 loss 3.71 i_con 3.68 plddt 0.39 ptm 0.87 i_ptm 0.49 energy -0.64
28 models [0] recycles 0 hard 0 soft 1 temp 1 loss 4.17 i_con 4.13 plddt 0.30 ptm 0.84 i_ptm 0.29 energy -0.76
29 models [3] recycles 0 hard 0 soft 1 temp 1 loss 3.63 i_con 3.62 plddt 0.39 ptm 0.86 i_ptm 0.50 energy -0.88
30 models [4] recycles 0 hard 0 soft 1 temp 1 loss 3.67 i_con 3.66 plddt 0.38 ptm 0.89 i_ptm 0.50 energy -1.01
31 models [1] recycles 0 hard 0 soft 1 temp 1 loss 4.06 i_con 4.05 plddt 0.27 ptm 0.86 i_ptm 0.32 energy -1.42
32 models [0] recycles 0 hard 0 soft 1 temp 1 loss 3.87 i_con 3.88 plddt 0.37 ptm 0.84 i_ptm 0.40 energy -1.55
33 models [2] recycles 0 hard 0 soft 1 temp 1 loss 3.66 i_con 3.70 plddt 0.38 ptm 0.87 i_ptm 0.54 energy -2.05
34 models [1] recycles 0 hard 0 soft 1 temp 1 loss 4.53 i_con 4.57 plddt 0.25 ptm 0.85 i_ptm 0.17 energy -2.34
35 models [3] recycles 0 hard 0 soft 1 temp 1 loss 3.69 i_con 3.74 plddt 0.35 ptm 0.86 i_ptm 0.50 energy -2.30
36 models [3] recycles 0 hard 0 soft 1 temp 1 loss 3.60 i_con 3.67 plddt 0.37 ptm 0.87 i_ptm 0.47 energy -2.59
37 models [1] recycles 0 hard 0 soft 1 temp 1 loss 3.85 i_con 3.92 plddt 0.29 ptm 0.87 i_ptm 0.36 energy -2.79
38 models [1] recycles 0 hard 0 soft 1 temp 1 loss 3.90 i_con 3.97 plddt 0.29 ptm 0.87 i_ptm 0.35 energy -2.85
39 models [2] recycles 0 hard 0 soft 1 temp 1 loss 3.57 i_con 3.66 plddt 0.39 ptm 0.87 i_ptm 0.53 energy -2.84
40 models [1] recycles 0 hard 0 soft 1 temp 1 loss 3.79 i_con 3.87 plddt 0.30 ptm 0.87 i_ptm 0.41 energy -3.02
41 models [2] recycles 0 hard 0 soft 1 temp 1 loss 3.55 i_con 3.64 plddt 0.42 ptm 0.87 i_ptm 0.55 energy -3.01
42 models [0] recycles 0 hard 0 soft 1 temp 1 loss 3.69 i_con 3.78 plddt 0.38 ptm 0.85 i_ptm 0.46 energy -3.07
43 models [3] recycles 0 hard 0 soft 1 temp 1 loss 3.58 i_con 3.67 plddt 0.35 ptm 0.86 i_ptm 0.47 energy -3.13
44 models [0] recycles 0 hard 0 soft 1 temp 1 loss 3.74 i_con 3.84 plddt 0.35 ptm 0.85 i_ptm 0.43 energy -3.25
45 models [1] recycles 0 hard 0 soft 1 temp 1 loss 3.76 i_con 3.86 plddt 0.32 ptm 0.87 i_ptm 0.42 energy -3.34
46 models [1] recycles 0 hard 0 soft 1 temp 1 loss 3.69 i_con 3.79 plddt 0.33 ptm 0.87 i_ptm 0.43 energy -3.31
47 models [2] recycles 0 hard 0 soft 1 temp 1 loss 3.54 i_con 3.65 plddt 0.40 ptm 0.87 i_ptm 0.49 energy -3.33
48 models [2] recycles 0 hard 0 soft 1 temp 1 loss 3.58 i_con 3.69 plddt 0.39 ptm 0.87 i_ptm 0.49 energy -3.36
49 models [2] recycles 0 hard 0 soft 1 temp 1 loss 3.59 i_con 3.70 plddt 0.36 ptm 0.87 i_ptm 0.49 energy -3.43
50 models [4] recycles 0 hard 0 soft 1 temp 1 loss 3.59 i_con 3.69 plddt 0.34 ptm 0.89 i_ptm 0.50 energy -3.44
51 models [4] recycles 0 hard 0 soft 1 temp 1 loss 2.84 i_con 3.80 plddt 0.35 ptm 0.88 i_ptm 0.48 energy -3.41
52 models [4] recycles 0 hard 0 soft 1 temp 1 loss 2.72 i_con 3.72 plddt 0.37 ptm 0.88 i_ptm 0.50 energy -3.55
53 models [0] recycles 0 hard 0 soft 1 temp 1 loss 2.77 i_con 3.82 plddt 0.38 ptm 0.84 i_ptm 0.44 energy -3.72
54 models [0] recycles 0 hard 0 soft 1 temp 1 loss 2.76 i_con 3.84 plddt 0.39 ptm 0.85 i_ptm 0.46 energy -3.81
55 models [4] recycles 0 hard 0 soft 1 temp 1 loss 3.77 i_con 4.87 plddt 0.27 ptm 0.87 i_ptm 0.19 energy -3.94
56 models [0] recycles 0 hard 0 soft 1 temp 1 loss 2.70 i_con 3.80 plddt 0.34 ptm 0.85 i_ptm 0.45 energy -3.90
57 models [1] recycles 0 hard 0 soft 1 temp 1 loss 2.95 i_con 4.08 plddt 0.26 ptm 0.86 i_ptm 0.29 energy -4.03
58 models [2] recycles 0 hard 0 soft 1 temp 1 loss 2.51 i_con 3.68 plddt 0.42 ptm 0.87 i_ptm 0.53 energy -4.10
59 models [1] recycles 0 hard 0 soft 1 temp 1 loss 2.62 i_con 3.82 plddt 0.33 ptm 0.88 i_ptm 0.41 energy -4.22
60 models [1] recycles 0 hard 0 soft 1 temp 1 loss 2.85 i_con 4.07 plddt 0.28 ptm 0.87 i_ptm 0.31 energy -4.32
61 models [0] recycles 0 hard 0 soft 1 temp 1 loss 2.45 i_con 3.70 plddt 0.38 ptm 0.86 i_ptm 0.50 energy -4.40
62 models [2] recycles 0 hard 0 soft 1 temp 1 loss 2.36 i_con 3.69 plddt 0.38 ptm 0.87 i_ptm 0.50 energy -4.64
63 models [3] recycles 0 hard 0 soft 1 temp 1 loss 2.24 i_con 3.59 plddt 0.41 ptm 0.87 i_ptm 0.53 energy -4.71
64 models [1] recycles 0 hard 0 soft 1 temp 1 loss 2.59 i_con 3.98 plddt 0.30 ptm 0.87 i_ptm 0.34 energy -4.89
65 models [2] recycles 0 hard 0 soft 1 temp 1 loss 2.52 i_con 3.90 plddt 0.33 ptm 0.87 i_ptm 0.42 energy -4.80
66 models [0] recycles 0 hard 0 soft 1 temp 1 loss 2.39 i_con 3.79 plddt 0.37 ptm 0.85 i_ptm 0.45 energy -4.88
67 models [3] recycles 0 hard 0 soft 1 temp 1 loss 2.30 i_con 3.74 plddt 0.36 ptm 0.86 i_ptm 0.48 energy -5.02
68 models [2] recycles 0 hard 0 soft 1 temp 1 loss 2.41 i_con 3.92 plddt 0.31 ptm 0.87 i_ptm 0.39 energy -5.26
69 models [4] recycles 0 hard 0 soft 1 temp 1 loss 2.35 i_con 3.84 plddt 0.33 ptm 0.88 i_ptm 0.42 energy -5.19
70 models [4] recycles 0 hard 0 soft 1 temp 1 loss 2.23 i_con 3.75 plddt 0.35 ptm 0.88 i_ptm 0.45 energy -5.30
71 models [4] recycles 0 hard 0 soft 1 temp 1 loss 2.26 i_con 3.82 plddt 0.34 ptm 0.88 i_ptm 0.45 energy -5.44
72 models [2] recycles 0 hard 0 soft 1 temp 1 loss 2.21 i_con 3.82 plddt 0.34 ptm 0.87 i_ptm 0.44 energy -5.59
73 models [2] recycles 0 hard 0 soft 1 temp 1 loss 2.21 i_con 3.82 plddt 0.35 ptm 0.87 i_ptm 0.45 energy -5.59
74 models [3] recycles 0 hard 0 soft 1 temp 1 loss 1.97 i_con 3.63 plddt 0.39 ptm 0.86 i_ptm 0.50 energy -5.76
75 models [0] recycles 0 hard 0 soft 1 temp 1 loss 2.29 i_con 3.95 plddt 0.34 ptm 0.85 i_ptm 0.39 energy -5.74
76 models [3] recycles 0 hard 0 soft 1 temp 1 loss 1.98 i_con 3.72 plddt 0.37 ptm 0.86 i_ptm 0.49 energy -6.00
77 models [0] recycles 0 hard 0 soft 1 temp 1 loss 2.18 i_con 3.93 plddt 0.30 ptm 0.86 i_ptm 0.37 energy -6.06
78 models [4] recycles 0 hard 0 soft 1 temp 1 loss 2.00 i_con 3.79 plddt 0.32 ptm 0.88 i_ptm 0.45 energy -6.21
79 models [2] recycles 0 hard 0 soft 1 temp 1 loss 2.15 i_con 3.98 plddt 0.32 ptm 0.87 i_ptm 0.39 energy -6.35
80 models [0] recycles 0 hard 0 soft 1 temp 1 loss 2.21 i_con 4.02 plddt 0.29 ptm 0.84 i_ptm 0.30 energy -6.27
81 models [3] recycles 0 hard 0 soft 1 temp 1 loss 1.89 i_con 3.73 plddt 0.34 ptm 0.86 i_ptm 0.47 energy -6.36
82 models [1] recycles 0 hard 0 soft 1 temp 1 loss 3.45 i_con 5.34 plddt 0.29 ptm 0.85 i_ptm 0.24 energy -6.57
83 models [2] recycles 0 hard 0 soft 1 temp 1 loss 2.07 i_con 3.94 plddt 0.33 ptm 0.87 i_ptm 0.40 energy -6.47
84 models [3] recycles 0 hard 0 soft 1 temp 1 loss 1.90 i_con 3.76 plddt 0.35 ptm 0.86 i_ptm 0.46 energy -6.43
85 models [4] recycles 0 hard 0 soft 1 temp 1 loss 1.86 i_con 3.79 plddt 0.35 ptm 0.88 i_ptm 0.43 energy -6.63
86 models [2] recycles 0 hard 0 soft 1 temp 1 loss 1.92 i_con 3.90 plddt 0.32 ptm 0.87 i_ptm 0.40 energy -6.83
87 models [0] recycles 0 hard 0 soft 1 temp 1 loss 2.02 i_con 4.04 plddt 0.31 ptm 0.85 i_ptm 0.34 energy -6.98
88 models [3] recycles 0 hard 0 soft 1 temp 1 loss 1.81 i_con 3.82 plddt 0.33 ptm 0.87 i_ptm 0.42 energy -6.90
89 models [4] recycles 0 hard 0 soft 1 temp 1 loss 1.77 i_con 3.82 plddt 0.32 ptm 0.88 i_ptm 0.41 energy -7.07
90 models [4] recycles 0 hard 0 soft 1 temp 1 loss 1.87 i_con 3.96 plddt 0.31 ptm 0.88 i_ptm 0.35 energy -7.21
91 models [0] recycles 0 hard 0 soft 1 temp 1 loss 2.03 i_con 4.15 plddt 0.27 ptm 0.85 i_ptm 0.28 energy -7.29
92 models [2] recycles 0 hard 0 soft 1 temp 1 loss 1.78 i_con 3.92 plddt 0.34 ptm 0.87 i_ptm 0.40 energy -7.34
93 models [2] recycles 0 hard 0 soft 1 temp 1 loss 1.82 i_con 4.00 plddt 0.30 ptm 0.86 i_ptm 0.34 energy -7.50
94 models [2] recycles 0 hard 0 soft 1 temp 1 loss 1.69 i_con 3.86 plddt 0.33 ptm 0.87 i_ptm 0.40 energy -7.46
95 models [4] recycles 0 hard 0 soft 1 temp 1 loss 3.18 i_con 5.40 plddt 0.28 ptm 0.87 i_ptm 0.27 energy -7.63
96 models [1] recycles 0 hard 0 soft 1 temp 1 loss 3.35 i_con 5.53 plddt 0.24 ptm 0.86 i_ptm 0.16 energy -7.51
97 models [3] recycles 0 hard 0 soft 1 temp 1 loss 1.65 i_con 3.87 plddt 0.31 ptm 0.86 i_ptm 0.40 energy -7.63
98 models [0] recycles 0 hard 0 soft 1 temp 1 loss 1.93 i_con 4.16 plddt 0.26 ptm 0.84 i_ptm 0.30 energy -7.67
99 models [0] recycles 0 hard 0 soft 1 temp 1 loss 1.80 i_con 4.03 plddt 0.32 ptm 0.85 i_ptm 0.36 energy -7.65
100 models [1] recycles 0 hard 0 soft 1 temp 1 loss 3.14 i_con 5.41 plddt 0.22 ptm 0.86 i_ptm 0.12 energy -7.84
101 models [2] recycles 0 hard 0 soft 0 temp 1 loss 1.64 i_con 5.73 plddt 0.26 ptm 0.85 i_ptm 0.18 energy -41.61
102 models [0] recycles 0 hard 0 soft 0 temp 0.98 loss 1.15 i_con 5.25 plddt 0.25 ptm 0.83 i_ptm 0.13 energy -41.82
103 models [4] recycles 0 hard 0 soft 0 temp 0.96 loss 1.70 i_con 5.82 plddt 0.24 ptm 0.87 i_ptm 0.19 energy -41.97
104 models [4] recycles 0 hard 0 soft 0 temp 0.94 loss 1.37 i_con 5.52 plddt 0.23 ptm 0.87 i_ptm 0.15 energy -42.31
105 models [0] recycles 0 hard 0 soft 0 temp 0.92 loss 0.61 i_con 4.80 plddt 0.25 ptm 0.83 i_ptm 0.17 energy -42.67
106 models [1] recycles 0 hard 0 soft 0 temp 0.90 loss 1.38 i_con 5.74 plddt 0.26 ptm 0.86 i_ptm 0.11 energy -44.30
107 models [3] recycles 0 hard 0 soft 0 temp 0.88 loss 0.30 i_con 4.65 plddt 0.26 ptm 0.85 i_ptm 0.24 energy -44.27
108 models [0] recycles 0 hard 0 soft 0 temp 0.86 loss 0.18 i_con 4.69 plddt 0.26 ptm 0.84 i_ptm 0.19 energy -45.82
109 models [0] recycles 0 hard 0 soft 0 temp 0.84 loss -0.04 i_con 4.69 plddt 0.26 ptm 0.83 i_ptm 0.20 energy -47.97
110 models [1] recycles 0 hard 0 soft 0 temp 0.82 loss 1.26 i_con 6.16 plddt 0.26 ptm 0.86 i_ptm 0.15 energy -49.75
111 models [1] recycles 0 hard 0 soft 0 temp 0.80 loss 0.80 i_con 5.82 plddt 0.23 ptm 0.86 i_ptm 0.13 energy -51.05
112 models [0] recycles 0 hard 0 soft 0 temp 0.78 loss -0.33 i_con 4.79 plddt 0.23 ptm 0.82 i_ptm 0.14 energy -51.97
113 models [2] recycles 0 hard 0 soft 0 temp 0.76 loss -0.09 i_con 5.17 plddt 0.23 ptm 0.85 i_ptm 0.09 energy -53.38
114 models [3] recycles 0 hard 0 soft 0 temp 0.74 loss 0.60 i_con 5.88 plddt 0.24 ptm 0.85 i_ptm 0.16 energy -53.54
115 models [2] recycles 0 hard 0 soft 0 temp 0.72 loss -0.06 i_con 5.33 plddt 0.25 ptm 0.85 i_ptm 0.18 energy -54.64
116 models [0] recycles 0 hard 0 soft 0 temp 0.70 loss -0.59 i_con 4.87 plddt 0.24 ptm 0.83 i_ptm 0.11 energy -55.35
117 models [4] recycles 0 hard 0 soft 0 temp 0.68 loss -0.55 i_con 5.10 plddt 0.20 ptm 0.87 i_ptm 0.12 energy -57.30
118 models [1] recycles 0 hard 0 soft 0 temp 0.66 loss -0.04 i_con 5.67 plddt 0.24 ptm 0.86 i_ptm 0.11 energy -57.87
119 models [3] recycles 0 hard 0 soft 0 temp 0.64 loss -0.16 i_con 5.72 plddt 0.22 ptm 0.85 i_ptm 0.12 energy -59.54
120 models [3] recycles 0 hard 0 soft 0 temp 0.62 loss -1.17 i_con 4.84 plddt 0.22 ptm 0.85 i_ptm 0.11 energy -60.91
121 models [4] recycles 0 hard 0 soft 0 temp 0.60 loss -0.86 i_con 5.22 plddt 0.22 ptm 0.87 i_ptm 0.13 energy -61.62
122 models [3] recycles 0 hard 0 soft 0 temp 0.58 loss -1.64 i_con 4.52 plddt 0.17 ptm 0.24 i_ptm 0.35 energy -62.46
123 models [2] recycles 0 hard 0 soft 0 temp 0.56 loss -0.71 i_con 5.47 plddt 0.24 ptm 0.86 i_ptm 0.14 energy -62.51
124 models [2] recycles 0 hard 0 soft 0 temp 0.54 loss -0.89 i_con 5.33 plddt 0.22 ptm 0.85 i_ptm 0.12 energy -63.01
125 models [4] recycles 0 hard 0 soft 0 temp 0.52 loss -0.66 i_con 5.61 plddt 0.22 ptm 0.87 i_ptm 0.12 energy -63.47
126 models [3] recycles 0 hard 0 soft 0 temp 0.50 loss -1.76 i_con 4.57 plddt 0.18 ptm 0.23 i_ptm 0.45 energy -64.10
127 models [3] recycles 0 hard 0 soft 0 temp 0.48 loss -0.83 i_con 5.52 plddt 0.22 ptm 0.84 i_ptm 0.11 energy -64.33
128 models [4] recycles 0 hard 0 soft 0 temp 0.46 loss -1.12 i_con 5.28 plddt 0.24 ptm 0.87 i_ptm 0.15 energy -64.84
129 models [4] recycles 0 hard 0 soft 0 temp 0.44 loss -1.26 i_con 5.25 plddt 0.20 ptm 0.87 i_ptm 0.13 energy -65.90
130 models [0] recycles 0 hard 0 soft 0 temp 0.42 loss -1.64 i_con 5.01 plddt 0.23 ptm 0.83 i_ptm 0.09 energy -67.29
131 models [3] recycles 0 hard 0 soft 0 temp 0.40 loss -2.13 i_con 4.61 plddt 0.23 ptm 0.84 i_ptm 0.17 energy -68.09
132 models [1] recycles 0 hard 0 soft 0 temp 0.38 loss -1.69 i_con 5.04 plddt 0.24 ptm 0.86 i_ptm 0.12 energy -68.08
133 models [4] recycles 0 hard 0 soft 0 temp 0.36 loss -1.46 i_con 5.43 plddt 0.22 ptm 0.87 i_ptm 0.11 energy -69.70
134 models [1] recycles 0 hard 0 soft 0 temp 0.34 loss -1.58 i_con 5.36 plddt 0.25 ptm 0.86 i_ptm 0.11 energy -70.11
135 models [3] recycles 0 hard 0 soft 0 temp 0.32 loss -2.28 i_con 4.72 plddt 0.20 ptm 0.84 i_ptm 0.12 energy -70.87
136 models [2] recycles 0 hard 0 soft 0 temp 0.30 loss -2.03 i_con 5.03 plddt 0.23 ptm 0.86 i_ptm 0.12 energy -71.41
137 models [3] recycles 0 hard 0 soft 0 temp 0.28 loss -2.54 i_con 4.63 plddt 0.23 ptm 0.84 i_ptm 0.19 energy -72.49
138 models [4] recycles 0 hard 0 soft 0 temp 0.26 loss -2.48 i_con 4.76 plddt 0.20 ptm 0.87 i_ptm 0.18 energy -73.16
139 models [1] recycles 0 hard 0 soft 0 temp 0.24 loss -1.96 i_con 5.37 plddt 0.25 ptm 0.86 i_ptm 0.13 energy -74.09
140 models [4] recycles 0 hard 0 soft 0 temp 0.22 loss -2.94 i_con 4.50 plddt 0.22 ptm 0.87 i_ptm 0.21 energy -75.22
141 models [1] recycles 0 hard 0 soft 0 temp 0.20 loss -1.97 i_con 5.63 plddt 0.27 ptm 0.85 i_ptm 0.11 energy -76.64
142 models [0] recycles 0 hard 0 soft 0 temp 0.18 loss -2.99 i_con 4.75 plddt 0.21 ptm 0.82 i_ptm 0.12 energy -78.15
143 models [3] recycles 0 hard 0 soft 0 temp 0.16 loss -2.43 i_con 5.40 plddt 0.20 ptm 0.85 i_ptm 0.12 energy -79.09
144 models [3] recycles 0 hard 0 soft 0 temp 0.14 loss -2.98 i_con 4.89 plddt 0.21 ptm 0.85 i_ptm 0.10 energy -79.48
145 models [2] recycles 0 hard 0 soft 0 temp 0.12 loss -2.62 i_con 5.23 plddt 0.25 ptm 0.86 i_ptm 0.19 energy -79.19
146 models [4] recycles 0 hard 0 soft 0 temp 0.10 loss -3.01 i_con 4.92 plddt 0.21 ptm 0.87 i_ptm 0.16 energy -80.06
147 models [1] recycles 0 hard 0 soft 0 temp 0.08 loss -2.47 i_con 5.47 plddt 0.25 ptm 0.87 i_ptm 0.18 energy -80.15
148 models [2] recycles 0 hard 0 soft 0 temp 0.06 loss -2.70 i_con 5.33 plddt 0.23 ptm 0.86 i_ptm 0.14 energy -81.10
149 models [4] recycles 0 hard 0 soft 0 temp 0.04 loss -3.32 i_con 4.83 plddt 0.21 ptm 0.87 i_ptm 0.11 energy -82.34
150 models [2] recycles 0 hard 0 soft 0 temp 0.02 loss -3.64 i_con 4.61 plddt 0.26 ptm 0.86 i_ptm 0.22 energy -83.20
151 models [4] recycles 0 hard 1 soft 0 temp 0.00 loss -0.77 i_con 4.40 plddt 0.22 ptm 0.88 i_ptm 0.25 energy -7.49
152 models [1] recycles 0 hard 1 soft 0 temp 0.00 loss -0.56 i_con 4.60 plddt 0.22 ptm 0.85 i_ptm 0.22 energy -7.49
153 models [3] recycles 0 hard 1 soft 0 temp 0.00 loss -0.82 i_con 4.35 plddt 0.24 ptm 0.85 i_ptm 0.27 energy -7.49
154 models [1] recycles 0 hard 1 soft 0 temp 0.00 loss -0.56 i_con 4.60 plddt 0.22 ptm 0.85 i_ptm 0.22 energy -7.49
155 models [1] recycles 0 hard 1 soft 0 temp 0.00 loss -0.56 i_con 4.60 plddt 0.22 ptm 0.85 i_ptm 0.22 energy -7.49
156 models [1] recycles 0 hard 1 soft 0 temp 0.00 loss -0.56 i_con 4.60 plddt 0.22 ptm 0.85 i_ptm 0.22 energy -7.49
157 models [0] recycles 0 hard 1 soft 0 temp 0.00 loss -0.93 i_con 4.24 plddt 0.23 ptm 0.84 i_ptm 0.24 energy -7.49
158 models [4] recycles 0 hard 1 soft 0 temp 0.00 loss -0.77 i_con 4.40 plddt 0.22 ptm 0.88 i_ptm 0.25 energy -7.49
159 models [2] recycles 0 hard 1 soft 0 temp 0.00 loss -1.19 i_con 3.98 plddt 0.28 ptm 0.87 i_ptm 0.37 energy -7.49
160 models [4] recycles 0 hard 1 soft 0 temp 0.00 loss -0.77 i_con 4.40 plddt 0.22 ptm 0.88 i_ptm 0.25 energy -7.49
161 models [1] recycles 0 hard 1 soft 0 temp 0.00 loss -0.56 i_con 4.60 plddt 0.22 ptm 0.85 i_ptm 0.22 energy -7.49
162 models [3] recycles 0 hard 1 soft 0 temp 0.00 loss -0.82 i_con 4.35 plddt 0.24 ptm 0.85 i_ptm 0.27 energy -7.49
163 models [4] recycles 0 hard 1 soft 0 temp 0.00 loss -0.77 i_con 4.40 plddt 0.22 ptm 0.88 i_ptm 0.25 energy -7.49
164 models [0] recycles 0 hard 1 soft 0 temp 0.00 loss -0.93 i_con 4.24 plddt 0.23 ptm 0.84 i_ptm 0.24 energy -7.49
165 models [1] recycles 0 hard 1 soft 0 temp 0.00 loss -0.56 i_con 4.60 plddt 0.22 ptm 0.85 i_ptm 0.22 energy -7.49
166 models [1] recycles 0 hard 1 soft 0 temp 0.00 loss -0.56 i_con 4.60 plddt 0.22 ptm 0.85 i_ptm 0.22 energy -7.49
167 models [1] recycles 0 hard 1 soft 0 temp 0.00 loss -0.56 i_con 4.60 plddt 0.22 ptm 0.85 i_ptm 0.22 energy -7.49
168 models [0] recycles 0 hard 1 soft 0 temp 0.00 loss -0.93 i_con 4.24 plddt 0.23 ptm 0.84 i_ptm 0.24 energy -7.49
169 models [3] recycles 0 hard 1 soft 0 temp 0.00 loss -0.82 i_con 4.35 plddt 0.24 ptm 0.85 i_ptm 0.27 energy -7.49
170 models [2] recycles 0 hard 1 soft 0 temp 0.00 loss -1.19 i_con 3.98 plddt 0.28 ptm 0.87 i_ptm 0.37 energy -7.49
171 models [1] recycles 0 hard 1 soft 0 temp 0.00 loss -0.56 i_con 4.60 plddt 0.22 ptm 0.85 i_ptm 0.22 energy -7.49
172 models [4] recycles 0 hard 1 soft 0 temp 0.00 loss -0.77 i_con 4.40 plddt 0.22 ptm 0.88 i_ptm 0.25 energy -7.49
173 models [4] recycles 0 hard 1 soft 0 temp 0.00 loss -0.77 i_con 4.40 plddt 0.22 ptm 0.88 i_ptm 0.25 energy -7.49
174 models [2] recycles 0 hard 1 soft 0 temp 0.00 loss -1.19 i_con 3.98 plddt 0.28 ptm 0.87 i_ptm 0.37 energy -7.49
175 models [2] recycles 0 hard 1 soft 0 temp 0.00 loss -1.19 i_con 3.98 plddt 0.28 ptm 0.87 i_ptm 0.37 energy -7.49
176 models [0] recycles 0 hard 1 soft 0 temp 0.00 loss -0.93 i_con 4.24 plddt 0.23 ptm 0.84 i_ptm 0.24 energy -7.49
177 models [0] recycles 0 hard 1 soft 0 temp 0.00 loss -0.93 i_con 4.24 plddt 0.23 ptm 0.84 i_ptm 0.24 energy -7.49
178 models [2] recycles 0 hard 1 soft 0 temp 0.00 loss -1.19 i_con 3.98 plddt 0.28 ptm 0.87 i_ptm 0.37 energy -7.49
179 models [1] recycles 0 hard 1 soft 0 temp 0.00 loss -0.56 i_con 4.60 plddt 0.22 ptm 0.85 i_ptm 0.22 energy -7.49
180 models [4] recycles 0 hard 1 soft 0 temp 0.00 loss -0.77 i_con 4.40 plddt 0.22 ptm 0.88 i_ptm 0.25 energy -7.49
  seq=NINWWSANSNYQKDA  loss=-0.7687  loss_af=4.4755  energy=-7.4917  i_ptm=0.2491
[12/30] seed=11 ...
1 models [0] recycles 0 hard 0 soft 1 temp 1 loss 5.95 i_con 5.51 plddt 0.25 ptm 0.84 i_ptm 0.27 energy 7.38
2 models [0] recycles 0 hard 0 soft 1 temp 1 loss 5.16 i_con 4.74 plddt 0.22 ptm 0.83 i_ptm 0.11 energy 6.78
3 models [2] recycles 0 hard 0 soft 1 temp 1 loss 5.49 i_con 5.10 plddt 0.25 ptm 0.85 i_ptm 0.14 energy 6.27
4 models [0] recycles 0 hard 0 soft 1 temp 1 loss 5.04 i_con 4.66 plddt 0.22 ptm 0.83 i_ptm 0.14 energy 6.00
5 models [3] recycles 0 hard 0 soft 1 temp 1 loss 5.00 i_con 4.66 plddt 0.29 ptm 0.85 i_ptm 0.30 energy 5.37
6 models [0] recycles 0 hard 0 soft 1 temp 1 loss 5.02 i_con 4.70 plddt 0.26 ptm 0.83 i_ptm 0.18 energy 4.84
7 models [4] recycles 0 hard 0 soft 1 temp 1 loss 4.64 i_con 4.35 plddt 0.24 ptm 0.87 i_ptm 0.24 energy 4.27
8 models [3] recycles 0 hard 0 soft 1 temp 1 loss 3.92 i_con 3.66 plddt 0.40 ptm 0.87 i_ptm 0.51 energy 4.01
9 models [0] recycles 0 hard 0 soft 1 temp 1 loss 4.59 i_con 4.33 plddt 0.26 ptm 0.83 i_ptm 0.22 energy 3.64
10 models [2] recycles 0 hard 0 soft 1 temp 1 loss 4.07 i_con 3.83 plddt 0.34 ptm 0.87 i_ptm 0.45 energy 3.49
11 models [3] recycles 0 hard 0 soft 1 temp 1 loss 3.94 i_con 3.72 plddt 0.38 ptm 0.87 i_ptm 0.52 energy 3.10
12 models [3] recycles 0 hard 0 soft 1 temp 1 loss 3.93 i_con 3.73 plddt 0.36 ptm 0.86 i_ptm 0.47 energy 2.74
13 models [0] recycles 0 hard 0 soft 1 temp 1 loss 4.74 i_con 4.54 plddt 0.24 ptm 0.83 i_ptm 0.17 energy 2.44
14 models [2] recycles 0 hard 0 soft 1 temp 1 loss 4.00 i_con 3.82 plddt 0.36 ptm 0.87 i_ptm 0.46 energy 2.44
15 models [0] recycles 0 hard 0 soft 1 temp 1 loss 4.31 i_con 4.13 plddt 0.29 ptm 0.83 i_ptm 0.30 energy 2.20
16 models [2] recycles 0 hard 0 soft 1 temp 1 loss 4.10 i_con 3.92 plddt 0.32 ptm 0.87 i_ptm 0.40 energy 2.18
17 models [2] recycles 0 hard 0 soft 1 temp 1 loss 4.04 i_con 3.87 plddt 0.32 ptm 0.86 i_ptm 0.41 energy 2.12
18 models [1] recycles 0 hard 0 soft 1 temp 1 loss 4.38 i_con 4.20 plddt 0.26 ptm 0.86 i_ptm 0.26 energy 2.06
19 models [4] recycles 0 hard 0 soft 1 temp 1 loss 3.87 i_con 3.71 plddt 0.40 ptm 0.89 i_ptm 0.51 energy 1.97
20 models [3] recycles 0 hard 0 soft 1 temp 1 loss 3.96 i_con 3.80 plddt 0.32 ptm 0.86 i_ptm 0.43 energy 1.81
21 models [1] recycles 0 hard 0 soft 1 temp 1 loss 5.27 i_con 5.11 plddt 0.21 ptm 0.85 i_ptm 0.13 energy 1.60
22 models [1] recycles 0 hard 0 soft 1 temp 1 loss 4.33 i_con 4.18 plddt 0.25 ptm 0.86 i_ptm 0.28 energy 1.44
23 models [2] recycles 0 hard 0 soft 1 temp 1 loss 3.88 i_con 3.75 plddt 0.33 ptm 0.87 i_ptm 0.45 energy 1.26
24 models [4] recycles 0 hard 0 soft 1 temp 1 loss 3.97 i_con 3.86 plddt 0.34 ptm 0.88 i_ptm 0.41 energy 0.85
25 models [3] recycles 0 hard 0 soft 1 temp 1 loss 3.86 i_con 3.76 plddt 0.33 ptm 0.86 i_ptm 0.43 energy 0.64
26 models [2] recycles 0 hard 0 soft 1 temp 1 loss 3.81 i_con 3.71 plddt 0.35 ptm 0.87 i_ptm 0.46 energy 0.53
27 models [4] recycles 0 hard 0 soft 1 temp 1 loss 3.85 i_con 3.78 plddt 0.37 ptm 0.88 i_ptm 0.46 energy 0.11
28 models [0] recycles 0 hard 0 soft 1 temp 1 loss 3.93 i_con 3.86 plddt 0.34 ptm 0.85 i_ptm 0.43 energy 0.01
29 models [2] recycles 0 hard 0 soft 1 temp 1 loss 3.78 i_con 3.72 plddt 0.36 ptm 0.87 i_ptm 0.49 energy -0.10
30 models [2] recycles 0 hard 0 soft 1 temp 1 loss 3.72 i_con 3.67 plddt 0.38 ptm 0.87 i_ptm 0.51 energy -0.24
31 models [3] recycles 0 hard 0 soft 1 temp 1 loss 4.28 i_con 4.23 plddt 0.25 ptm 0.84 i_ptm 0.21 energy -0.49
32 models [1] recycles 0 hard 0 soft 1 temp 1 loss 4.22 i_con 4.16 plddt 0.25 ptm 0.86 i_ptm 0.24 energy -0.29
33 models [4] recycles 0 hard 0 soft 1 temp 1 loss 3.70 i_con 3.66 plddt 0.34 ptm 0.89 i_ptm 0.50 energy -0.43
34 models [4] recycles 0 hard 0 soft 1 temp 1 loss 4.39 i_con 4.34 plddt 0.26 ptm 0.87 i_ptm 0.23 energy -0.60
35 models [0] recycles 0 hard 0 soft 1 temp 1 loss 3.81 i_con 3.77 plddt 0.37 ptm 0.85 i_ptm 0.46 energy -0.52
36 models [4] recycles 0 hard 0 soft 1 temp 1 loss 3.97 i_con 3.94 plddt 0.33 ptm 0.87 i_ptm 0.35 energy -0.69
37 models [0] recycles 0 hard 0 soft 1 temp 1 loss 4.14 i_con 4.11 plddt 0.29 ptm 0.83 i_ptm 0.28 energy -0.75
38 models [1] recycles 0 hard 0 soft 1 temp 1 loss 4.62 i_con 4.58 plddt 0.22 ptm 0.85 i_ptm 0.15 energy -0.70
39 models [0] recycles 0 hard 0 soft 1 temp 1 loss 3.82 i_con 3.79 plddt 0.35 ptm 0.85 i_ptm 0.47 energy -0.78
40 models [1] recycles 0 hard 0 soft 1 temp 1 loss 4.14 i_con 4.11 plddt 0.27 ptm 0.87 i_ptm 0.29 energy -0.95
41 models [3] recycles 0 hard 0 soft 1 temp 1 loss 3.82 i_con 3.79 plddt 0.32 ptm 0.86 i_ptm 0.41 energy -0.84
42 models [3] recycles 0 hard 0 soft 1 temp 1 loss 3.76 i_con 3.75 plddt 0.35 ptm 0.86 i_ptm 0.45 energy -1.09
43 models [4] recycles 0 hard 0 soft 1 temp 1 loss 5.37 i_con 5.37 plddt 0.30 ptm 0.88 i_ptm 0.28 energy -1.37
44 models [3] recycles 0 hard 0 soft 1 temp 1 loss 3.72 i_con 3.73 plddt 0.35 ptm 0.86 i_ptm 0.46 energy -1.43
45 models [2] recycles 0 hard 0 soft 1 temp 1 loss 3.72 i_con 3.73 plddt 0.38 ptm 0.87 i_ptm 0.50 energy -1.53
46 models [4] recycles 0 hard 0 soft 1 temp 1 loss 3.68 i_con 3.70 plddt 0.35 ptm 0.88 i_ptm 0.50 energy -1.76
47 models [3] recycles 0 hard 0 soft 1 temp 1 loss 3.70 i_con 3.73 plddt 0.34 ptm 0.86 i_ptm 0.45 energy -1.93
48 models [4] recycles 0 hard 0 soft 1 temp 1 loss 3.69 i_con 3.73 plddt 0.34 ptm 0.88 i_ptm 0.47 energy -2.15
49 models [1] recycles 0 hard 0 soft 1 temp 1 loss 4.08 i_con 4.12 plddt 0.25 ptm 0.86 i_ptm 0.26 energy -2.28
50 models [0] recycles 0 hard 0 soft 1 temp 1 loss 3.90 i_con 3.94 plddt 0.33 ptm 0.84 i_ptm 0.40 energy -2.31
51 models [1] recycles 0 hard 0 soft 1 temp 1 loss 3.38 i_con 4.04 plddt 0.27 ptm 0.87 i_ptm 0.32 energy -2.45
52 models [4] recycles 0 hard 0 soft 1 temp 1 loss 2.98 i_con 3.70 plddt 0.33 ptm 0.89 i_ptm 0.44 energy -2.65
53 models [0] recycles 0 hard 0 soft 1 temp 1 loss 3.18 i_con 3.99 plddt 0.33 ptm 0.85 i_ptm 0.33 energy -2.92
54 models [2] recycles 0 hard 0 soft 1 temp 1 loss 2.92 i_con 3.80 plddt 0.35 ptm 0.87 i_ptm 0.44 energy -3.14
55 models [0] recycles 0 hard 0 soft 1 temp 1 loss 3.00 i_con 3.93 plddt 0.33 ptm 0.84 i_ptm 0.37 energy -3.32
56 models [4] recycles 0 hard 0 soft 1 temp 1 loss 2.78 i_con 3.75 plddt 0.34 ptm 0.88 i_ptm 0.44 energy -3.45
57 models [0] recycles 0 hard 0 soft 1 temp 1 loss 2.91 i_con 3.91 plddt 0.32 ptm 0.84 i_ptm 0.36 energy -3.57
58 models [4] recycles 0 hard 0 soft 1 temp 1 loss 2.81 i_con 3.88 plddt 0.30 ptm 0.88 i_ptm 0.38 energy -3.79
59 models [1] recycles 0 hard 0 soft 1 temp 1 loss 3.29 i_con 4.36 plddt 0.24 ptm 0.85 i_ptm 0.17 energy -3.82
60 models [4] recycles 0 hard 0 soft 1 temp 1 loss 2.72 i_con 3.79 plddt 0.35 ptm 0.88 i_ptm 0.44 energy -3.79
61 models [2] recycles 0 hard 0 soft 1 temp 1 loss 2.56 i_con 3.71 plddt 0.41 ptm 0.87 i_ptm 0.49 energy -4.01
62 models [3] recycles 0 hard 0 soft 1 temp 1 loss 2.67 i_con 3.87 plddt 0.33 ptm 0.85 i_ptm 0.41 energy -4.24
63 models [3] recycles 0 hard 0 soft 1 temp 1 loss 2.63 i_con 3.90 plddt 0.31 ptm 0.86 i_ptm 0.40 energy -4.47
64 models [1] recycles 0 hard 0 soft 1 temp 1 loss 3.03 i_con 4.36 plddt 0.25 ptm 0.86 i_ptm 0.17 energy -4.69
65 models [0] recycles 0 hard 0 soft 1 temp 1 loss 2.70 i_con 4.05 plddt 0.32 ptm 0.84 i_ptm 0.34 energy -4.72
66 models [1] recycles 0 hard 0 soft 1 temp 1 loss 2.97 i_con 4.34 plddt 0.24 ptm 0.86 i_ptm 0.19 energy -4.81
67 models [4] recycles 0 hard 0 soft 1 temp 1 loss 2.40 i_con 3.79 plddt 0.36 ptm 0.89 i_ptm 0.45 energy -4.85
68 models [1] recycles 0 hard 0 soft 1 temp 1 loss 2.88 i_con 4.26 plddt 0.24 ptm 0.86 i_ptm 0.20 energy -4.87
69 models [2] recycles 0 hard 0 soft 1 temp 1 loss 2.44 i_con 3.84 plddt 0.34 ptm 0.87 i_ptm 0.44 energy -4.89
70 models [0] recycles 0 hard 0 soft 1 temp 1 loss 2.40 i_con 3.87 plddt 0.42 ptm 0.85 i_ptm 0.40 energy -5.08
71 models [4] recycles 0 hard 0 soft 1 temp 1 loss 2.28 i_con 3.80 plddt 0.37 ptm 0.88 i_ptm 0.46 energy -5.25
72 models [0] recycles 0 hard 0 soft 1 temp 1 loss 2.29 i_con 3.86 plddt 0.38 ptm 0.85 i_ptm 0.41 energy -5.44
73 models [0] recycles 0 hard 0 soft 1 temp 1 loss 2.18 i_con 3.82 plddt 0.38 ptm 0.86 i_ptm 0.43 energy -5.67
74 models [1] recycles 0 hard 0 soft 1 temp 1 loss 2.73 i_con 4.42 plddt 0.27 ptm 0.86 i_ptm 0.23 energy -5.90
75 models [1] recycles 0 hard 0 soft 1 temp 1 loss 2.34 i_con 4.08 plddt 0.29 ptm 0.86 i_ptm 0.29 energy -6.04
76 models [0] recycles 0 hard 0 soft 1 temp 1 loss 2.18 i_con 3.93 plddt 0.36 ptm 0.84 i_ptm 0.38 energy -6.06
77 models [4] recycles 0 hard 0 soft 1 temp 1 loss 2.60 i_con 4.40 plddt 0.27 ptm 0.87 i_ptm 0.20 energy -6.26
78 models [4] recycles 0 hard 0 soft 1 temp 1 loss 1.94 i_con 3.75 plddt 0.37 ptm 0.88 i_ptm 0.48 energy -6.27
79 models [1] recycles 0 hard 0 soft 1 temp 1 loss 2.80 i_con 4.61 plddt 0.28 ptm 0.86 i_ptm 0.17 energy -6.27
80 models [3] recycles 0 hard 0 soft 1 temp 1 loss 1.98 i_con 3.79 plddt 0.35 ptm 0.87 i_ptm 0.44 energy -6.27
81 models [2] recycles 0 hard 0 soft 1 temp 1 loss 2.16 i_con 4.03 plddt 0.37 ptm 0.86 i_ptm 0.38 energy -6.44
82 models [2] recycles 0 hard 0 soft 1 temp 1 loss 1.96 i_con 3.83 plddt 0.40 ptm 0.87 i_ptm 0.46 energy -6.42
83 models [4] recycles 0 hard 0 soft 1 temp 1 loss 1.99 i_con 3.84 plddt 0.35 ptm 0.88 i_ptm 0.42 energy -6.40
84 models [0] recycles 0 hard 0 soft 1 temp 1 loss 1.99 i_con 3.87 plddt 0.40 ptm 0.85 i_ptm 0.41 energy -6.48
85 models [4] recycles 0 hard 0 soft 1 temp 1 loss 2.62 i_con 4.55 plddt 0.28 ptm 0.87 i_ptm 0.21 energy -6.68
86 models [4] recycles 0 hard 0 soft 1 temp 1 loss 2.61 i_con 4.59 plddt 0.27 ptm 0.87 i_ptm 0.17 energy -6.84
87 models [0] recycles 0 hard 0 soft 1 temp 1 loss 1.92 i_con 3.92 plddt 0.37 ptm 0.85 i_ptm 0.39 energy -6.86
88 models [4] recycles 0 hard 0 soft 1 temp 1 loss 1.90 i_con 3.90 plddt 0.34 ptm 0.88 i_ptm 0.41 energy -6.89
89 models [4] recycles 0 hard 0 soft 1 temp 1 loss 2.05 i_con 4.09 plddt 0.30 ptm 0.87 i_ptm 0.28 energy -7.04
90 models [2] recycles 0 hard 0 soft 1 temp 1 loss 1.76 i_con 3.79 plddt 0.38 ptm 0.87 i_ptm 0.48 energy -6.99
91 models [2] recycles 0 hard 0 soft 1 temp 1 loss 1.83 i_con 3.89 plddt 0.34 ptm 0.86 i_ptm 0.41 energy -7.11
92 models [0] recycles 0 hard 0 soft 1 temp 1 loss 1.97 i_con 4.06 plddt 0.34 ptm 0.84 i_ptm 0.30 energy -7.17
93 models [2] recycles 0 hard 0 soft 1 temp 1 loss 1.75 i_con 3.83 plddt 0.37 ptm 0.87 i_ptm 0.44 energy -7.13
94 models [2] recycles 0 hard 0 soft 1 temp 1 loss 1.86 i_con 3.98 plddt 0.38 ptm 0.86 i_ptm 0.40 energy -7.25
95 models [2] recycles 0 hard 0 soft 1 temp 1 loss 1.87 i_con 3.97 plddt 0.34 ptm 0.87 i_ptm 0.39 energy -7.21
96 models [4] recycles 0 hard 0 soft 1 temp 1 loss 1.65 i_con 3.77 plddt 0.38 ptm 0.89 i_ptm 0.44 energy -7.27
97 models [2] recycles 0 hard 0 soft 1 temp 1 loss 1.76 i_con 3.88 plddt 0.36 ptm 0.86 i_ptm 0.41 energy -7.27
98 models [4] recycles 0 hard 0 soft 1 temp 1 loss 1.83 i_con 3.93 plddt 0.30 ptm 0.88 i_ptm 0.38 energy -7.23
99 models [4] recycles 0 hard 0 soft 1 temp 1 loss 1.78 i_con 3.88 plddt 0.33 ptm 0.89 i_ptm 0.39 energy -7.24
100 models [4] recycles 0 hard 0 soft 1 temp 1 loss 1.82 i_con 3.93 plddt 0.29 ptm 0.88 i_ptm 0.37 energy -7.26
101 models [3] recycles 0 hard 0 soft 0 temp 1 loss 1.56 i_con 5.31 plddt 0.21 ptm 0.85 i_ptm 0.10 energy -38.23
102 models [4] recycles 0 hard 0 soft 0 temp 0.98 loss 2.35 i_con 6.11 plddt 0.16 ptm 0.85 i_ptm 0.09 energy -38.51
103 models [0] recycles 0 hard 0 soft 0 temp 0.96 loss 2.21 i_con 5.99 plddt 0.25 ptm 0.82 i_ptm 0.14 energy -38.51
104 models [3] recycles 0 hard 0 soft 0 temp 0.94 loss 2.04 i_con 5.84 plddt 0.21 ptm 0.85 i_ptm 0.16 energy -38.72
105 models [0] recycles 0 hard 0 soft 0 temp 0.92 loss 1.66 i_con 5.47 plddt 0.22 ptm 0.75 i_ptm 0.27 energy -38.85
106 models [0] recycles 0 hard 0 soft 0 temp 0.90 loss 1.17 i_con 5.00 plddt 0.20 ptm 0.82 i_ptm 0.13 energy -39.08
107 models [2] recycles 0 hard 0 soft 0 temp 0.88 loss -0.94 i_con 2.88 plddt 0.27 ptm 0.36 i_ptm 0.53 energy -38.92
108 models [3] recycles 0 hard 0 soft 0 temp 0.86 loss 1.85 i_con 5.68 plddt 0.22 ptm 0.85 i_ptm 0.13 energy -39.07
109 models [2] recycles 0 hard 0 soft 0 temp 0.84 loss 0.47 i_con 4.29 plddt 0.14 ptm 0.26 i_ptm 0.34 energy -39.07
110 models [0] recycles 0 hard 0 soft 0 temp 0.82 loss 1.72 i_con 5.55 plddt 0.22 ptm 0.82 i_ptm 0.10 energy -39.10
111 models [4] recycles 0 hard 0 soft 0 temp 0.80 loss 1.58 i_con 5.42 plddt 0.18 ptm 0.84 i_ptm 0.11 energy -39.15
112 models [1] recycles 0 hard 0 soft 0 temp 0.78 loss 0.81 i_con 4.68 plddt 0.19 ptm 0.15 i_ptm 0.18 energy -39.49
113 models [0] recycles 0 hard 0 soft 0 temp 0.76 loss 1.51 i_con 5.36 plddt 0.25 ptm 0.83 i_ptm 0.11 energy -39.21
114 models [2] recycles 0 hard 0 soft 0 temp 0.74 loss -0.51 i_con 3.31 plddt 0.26 ptm 0.47 i_ptm 0.79 energy -38.93
115 models [3] recycles 0 hard 0 soft 0 temp 0.72 loss 1.72 i_con 5.52 plddt 0.19 ptm 0.84 i_ptm 0.08 energy -38.81
116 models [4] recycles 0 hard 0 soft 0 temp 0.70 loss 0.89 i_con 4.69 plddt 0.16 ptm 0.44 i_ptm 0.43 energy -38.83
117 models [0] recycles 0 hard 0 soft 0 temp 0.68 loss 0.17 i_con 3.99 plddt 0.22 ptm 0.34 i_ptm 0.58 energy -39.04
118 models [3] recycles 0 hard 0 soft 0 temp 0.66 loss -1.53 i_con 2.27 plddt 0.27 ptm 0.68 i_ptm 0.68 energy -38.79
119 models [0] recycles 0 hard 0 soft 0 temp 0.64 loss 0.00 i_con 3.77 plddt 0.25 ptm 0.21 i_ptm 0.47 energy -38.44
120 models [3] recycles 0 hard 0 soft 0 temp 0.62 loss 0.07 i_con 3.85 plddt 0.21 ptm 0.55 i_ptm 0.54 energy -38.55
121 models [4] recycles 0 hard 0 soft 0 temp 0.60 loss -0.53 i_con 3.31 plddt 0.29 ptm 0.50 i_ptm 0.58 energy -39.10
122 models [4] recycles 0 hard 0 soft 0 temp 0.58 loss -0.75 i_con 3.05 plddt 0.30 ptm 0.53 i_ptm 0.64 energy -38.77
123 models [4] recycles 0 hard 0 soft 0 temp 0.56 loss -0.45 i_con 3.34 plddt 0.28 ptm 0.49 i_ptm 0.61 energy -38.62
124 models [1] recycles 0 hard 0 soft 0 temp 0.54 loss -1.09 i_con 2.70 plddt 0.29 ptm 0.54 i_ptm 0.50 energy -38.56
125 models [3] recycles 0 hard 0 soft 0 temp 0.52 loss -0.12 i_con 3.66 plddt 0.23 ptm 0.52 i_ptm 0.51 energy -38.57
126 models [0] recycles 0 hard 0 soft 0 temp 0.50 loss -0.58 i_con 3.22 plddt 0.30 ptm 0.41 i_ptm 0.62 energy -38.68
127 models [2] recycles 0 hard 0 soft 0 temp 0.48 loss -1.90 i_con 1.90 plddt 0.29 ptm 0.58 i_ptm 0.64 energy -38.70
128 models [4] recycles 0 hard 0 soft 0 temp 0.46 loss -1.18 i_con 2.62 plddt 0.31 ptm 0.57 i_ptm 0.68 energy -38.68
129 models [2] recycles 0 hard 0 soft 0 temp 0.44 loss -1.35 i_con 2.49 plddt 0.34 ptm 0.63 i_ptm 0.64 energy -39.04
130 models [4] recycles 0 hard 0 soft 0 temp 0.42 loss -1.42 i_con 2.46 plddt 0.31 ptm 0.67 i_ptm 0.69 energy -39.50
131 models [3] recycles 0 hard 0 soft 0 temp 0.40 loss -0.95 i_con 2.96 plddt 0.23 ptm 0.56 i_ptm 0.56 energy -39.86
132 models [4] recycles 0 hard 0 soft 0 temp 0.38 loss -0.66 i_con 3.25 plddt 0.27 ptm 0.43 i_ptm 0.54 energy -39.77
133 models [2] recycles 0 hard 0 soft 0 temp 0.36 loss -0.77 i_con 3.19 plddt 0.33 ptm 0.49 i_ptm 0.68 energy -40.22
134 models [1] recycles 0 hard 0 soft 0 temp 0.34 loss -1.39 i_con 2.59 plddt 0.31 ptm 0.51 i_ptm 0.62 energy -40.44
135 models [3] recycles 0 hard 0 soft 0 temp 0.32 loss -0.68 i_con 3.26 plddt 0.19 ptm 0.47 i_ptm 0.44 energy -40.18
136 models [4] recycles 0 hard 0 soft 0 temp 0.30 loss 0.76 i_con 4.68 plddt 0.16 ptm 0.20 i_ptm 0.30 energy -40.09
137 models [0] recycles 0 hard 0 soft 0 temp 0.28 loss 0.32 i_con 4.27 plddt 0.20 ptm 0.35 i_ptm 0.37 energy -40.23
138 models [2] recycles 0 hard 0 soft 0 temp 0.26 loss -0.55 i_con 3.40 plddt 0.25 ptm 0.31 i_ptm 0.52 energy -40.18
139 models [2] recycles 0 hard 0 soft 0 temp 0.24 loss 0.14 i_con 4.09 plddt 0.26 ptm 0.35 i_ptm 0.40 energy -40.29
140 models [1] recycles 0 hard 0 soft 0 temp 0.22 loss 1.50 i_con 5.48 plddt 0.20 ptm 0.84 i_ptm 0.10 energy -40.64
141 models [4] recycles 0 hard 0 soft 0 temp 0.20 loss -0.80 i_con 3.19 plddt 0.21 ptm 0.52 i_ptm 0.72 energy -40.71
142 models [0] recycles 0 hard 0 soft 0 temp 0.18 loss -0.33 i_con 3.72 plddt 0.23 ptm 0.37 i_ptm 0.62 energy -41.20
143 models [3] recycles 0 hard 0 soft 0 temp 0.16 loss 0.34 i_con 4.39 plddt 0.15 ptm 0.28 i_ptm 0.31 energy -41.40
144 models [3] recycles 0 hard 0 soft 0 temp 0.14 loss -1.55 i_con 2.55 plddt 0.28 ptm 0.61 i_ptm 0.60 energy -41.69
145 models [1] recycles 0 hard 0 soft 0 temp 0.12 loss -1.02 i_con 3.12 plddt 0.25 ptm 0.41 i_ptm 0.49 energy -42.09
146 models [3] recycles 0 hard 0 soft 0 temp 0.10 loss -1.39 i_con 2.73 plddt 0.25 ptm 0.63 i_ptm 0.56 energy -41.95
147 models [0] recycles 0 hard 0 soft 0 temp 0.08 loss -2.01 i_con 2.16 plddt 0.26 ptm 0.63 i_ptm 0.68 energy -42.38
148 models [2] recycles 0 hard 0 soft 0 temp 0.06 loss -1.88 i_con 2.32 plddt 0.33 ptm 0.66 i_ptm 0.67 energy -42.68
149 models [3] recycles 0 hard 0 soft 0 temp 0.04 loss -2.15 i_con 2.05 plddt 0.32 ptm 0.75 i_ptm 0.64 energy -42.63
150 models [2] recycles 0 hard 0 soft 0 temp 0.02 loss -2.19 i_con 2.03 plddt 0.30 ptm 0.75 i_ptm 0.76 energy -42.94
151 models [0] recycles 0 hard 1 soft 0 temp 0.00 loss -1.17 i_con 3.97 plddt 0.31 ptm 0.85 i_ptm 0.37 energy -7.44
152 models [3] recycles 0 hard 1 soft 0 temp 0.00 loss -1.42 i_con 3.72 plddt 0.32 ptm 0.87 i_ptm 0.50 energy -7.44
153 models [4] recycles 0 hard 1 soft 0 temp 0.00 loss -1.27 i_con 3.87 plddt 0.28 ptm 0.88 i_ptm 0.40 energy -7.44
154 models [1] recycles 0 hard 1 soft 0 temp 0.00 loss -0.05 i_con 5.08 plddt 0.21 ptm 0.85 i_ptm 0.13 energy -7.44
155 models [4] recycles 0 hard 1 soft 0 temp 0.00 loss -1.27 i_con 3.87 plddt 0.28 ptm 0.88 i_ptm 0.40 energy -7.44
156 models [0] recycles 0 hard 1 soft 0 temp 0.00 loss -1.17 i_con 3.97 plddt 0.31 ptm 0.85 i_ptm 0.37 energy -7.44
157 models [2] recycles 0 hard 1 soft 0 temp 0.00 loss -1.38 i_con 3.77 plddt 0.37 ptm 0.87 i_ptm 0.49 energy -7.44
158 models [1] recycles 0 hard 1 soft 0 temp 0.00 loss -0.05 i_con 5.08 plddt 0.21 ptm 0.85 i_ptm 0.13 energy -7.44
159 models [2] recycles 0 hard 1 soft 0 temp 0.00 loss -1.38 i_con 3.77 plddt 0.37 ptm 0.87 i_ptm 0.49 energy -7.44
160 models [3] recycles 0 hard 1 soft 0 temp 0.00 loss -1.42 i_con 3.72 plddt 0.32 ptm 0.87 i_ptm 0.50 energy -7.44
161 models [1] recycles 0 hard 1 soft 0 temp 0.00 loss -0.05 i_con 5.08 plddt 0.21 ptm 0.85 i_ptm 0.13 energy -7.44
162 models [2] recycles 0 hard 1 soft 0 temp 0.00 loss -1.38 i_con 3.77 plddt 0.37 ptm 0.87 i_ptm 0.49 energy -7.44
163 models [1] recycles 0 hard 1 soft 0 temp 0.00 loss -0.05 i_con 5.08 plddt 0.21 ptm 0.85 i_ptm 0.13 energy -7.44
164 models [1] recycles 0 hard 1 soft 0 temp 0.00 loss -0.05 i_con 5.08 plddt 0.21 ptm 0.85 i_ptm 0.13 energy -7.44
165 models [0] recycles 0 hard 1 soft 0 temp 0.00 loss -1.17 i_con 3.97 plddt 0.31 ptm 0.85 i_ptm 0.37 energy -7.44
166 models [2] recycles 0 hard 1 soft 0 temp 0.00 loss -1.38 i_con 3.77 plddt 0.37 ptm 0.87 i_ptm 0.49 energy -7.44
167 models [0] recycles 0 hard 1 soft 0 temp 0.00 loss -1.17 i_con 3.97 plddt 0.31 ptm 0.85 i_ptm 0.37 energy -7.44
168 models [3] recycles 0 hard 1 soft 0 temp 0.00 loss -1.42 i_con 3.72 plddt 0.32 ptm 0.87 i_ptm 0.50 energy -7.44
169 models [2] recycles 0 hard 1 soft 0 temp 0.00 loss -1.38 i_con 3.77 plddt 0.37 ptm 0.87 i_ptm 0.49 energy -7.44
170 models [3] recycles 0 hard 1 soft 0 temp 0.00 loss -1.42 i_con 3.72 plddt 0.32 ptm 0.87 i_ptm 0.50 energy -7.44
171 models [0] recycles 0 hard 1 soft 0 temp 0.00 loss -1.17 i_con 3.97 plddt 0.31 ptm 0.85 i_ptm 0.37 energy -7.44
172 models [3] recycles 0 hard 1 soft 0 temp 0.00 loss -1.42 i_con 3.72 plddt 0.32 ptm 0.87 i_ptm 0.50 energy -7.44
173 models [4] recycles 0 hard 1 soft 0 temp 0.00 loss -1.27 i_con 3.87 plddt 0.28 ptm 0.88 i_ptm 0.40 energy -7.44
174 models [1] recycles 0 hard 1 soft 0 temp 0.00 loss -0.05 i_con 5.08 plddt 0.21 ptm 0.85 i_ptm 0.13 energy -7.44
175 models [3] recycles 0 hard 1 soft 0 temp 0.00 loss -1.42 i_con 3.72 plddt 0.32 ptm 0.87 i_ptm 0.50 energy -7.44
176 models [1] recycles 0 hard 1 soft 0 temp 0.00 loss -0.05 i_con 5.08 plddt 0.21 ptm 0.85 i_ptm 0.13 energy -7.44
177 models [2] recycles 0 hard 1 soft 0 temp 0.00 loss -1.38 i_con 3.77 plddt 0.37 ptm 0.87 i_ptm 0.49 energy -7.44
178 models [3] recycles 0 hard 1 soft 0 temp 0.00 loss -1.42 i_con 3.72 plddt 0.32 ptm 0.87 i_ptm 0.50 energy -7.44
179 models [2] recycles 0 hard 1 soft 0 temp 0.00 loss -1.38 i_con 3.77 plddt 0.37 ptm 0.87 i_ptm 0.49 energy -7.44
180 models [0] recycles 0 hard 1 soft 0 temp 0.00 loss -1.17 i_con 3.97 plddt 0.31 ptm 0.85 i_ptm 0.37 energy -7.44
  seq=DWFWWSAHVKKQKAC  loss=-1.1744  loss_af=4.0365  energy=-7.4442  i_ptm=0.3740
[13/30] seed=12 ...
1 models [0] recycles 0 hard 0 soft 1 temp 1 loss 5.64 i_con 5.19 plddt 0.23 ptm 0.84 i_ptm 0.14 energy 7.36
2 models [0] recycles 0 hard 0 soft 1 temp 1 loss 4.87 i_con 4.45 plddt 0.25 ptm 0.83 i_ptm 0.23 energy 6.80
3 models [3] recycles 0 hard 0 soft 1 temp 1 loss 4.24 i_con 3.85 plddt 0.34 ptm 0.86 i_ptm 0.44 energy 6.61
4 models [4] recycles 0 hard 0 soft 1 temp 1 loss 4.22 i_con 3.84 plddt 0.34 ptm 0.88 i_ptm 0.43 energy 6.11
5 models [0] recycles 0 hard 0 soft 1 temp 1 loss 4.41 i_con 4.07 plddt 0.30 ptm 0.85 i_ptm 0.32 energy 5.36
6 models [3] recycles 0 hard 0 soft 1 temp 1 loss 4.14 i_con 3.83 plddt 0.34 ptm 0.86 i_ptm 0.42 energy 4.88
7 models [4] recycles 0 hard 0 soft 1 temp 1 loss 4.53 i_con 4.25 plddt 0.26 ptm 0.87 i_ptm 0.24 energy 4.21
8 models [3] recycles 0 hard 0 soft 1 temp 1 loss 4.10 i_con 3.83 plddt 0.32 ptm 0.86 i_ptm 0.44 energy 4.04
9 models [3] recycles 0 hard 0 soft 1 temp 1 loss 4.10 i_con 3.86 plddt 0.33 ptm 0.86 i_ptm 0.43 energy 3.50
10 models [4] recycles 0 hard 0 soft 1 temp 1 loss 4.08 i_con 3.87 plddt 0.36 ptm 0.89 i_ptm 0.46 energy 2.95
11 models [0] recycles 0 hard 0 soft 1 temp 1 loss 4.49 i_con 4.28 plddt 0.25 ptm 0.83 i_ptm 0.23 energy 2.72
12 models [0] recycles 0 hard 0 soft 1 temp 1 loss 4.52 i_con 4.31 plddt 0.28 ptm 0.84 i_ptm 0.21 energy 2.67
13 models [2] recycles 0 hard 0 soft 1 temp 1 loss 4.02 i_con 3.83 plddt 0.34 ptm 0.86 i_ptm 0.42 energy 2.63
14 models [4] recycles 0 hard 0 soft 1 temp 1 loss 4.20 i_con 4.01 plddt 0.28 ptm 0.88 i_ptm 0.35 energy 2.44
15 models [2] recycles 0 hard 0 soft 1 temp 1 loss 3.98 i_con 3.81 plddt 0.35 ptm 0.86 i_ptm 0.47 energy 2.15
16 models [4] recycles 0 hard 0 soft 1 temp 1 loss 3.94 i_con 3.78 plddt 0.38 ptm 0.88 i_ptm 0.47 energy 2.01
17 models [4] recycles 0 hard 0 soft 1 temp 1 loss 3.85 i_con 3.69 plddt 0.38 ptm 0.89 i_ptm 0.52 energy 1.83
18 models [2] recycles 0 hard 0 soft 1 temp 1 loss 4.00 i_con 3.85 plddt 0.39 ptm 0.88 i_ptm 0.49 energy 1.67
19 models [4] recycles 0 hard 0 soft 1 temp 1 loss 4.15 i_con 4.00 plddt 0.30 ptm 0.88 i_ptm 0.38 energy 1.59
20 models [2] recycles 0 hard 0 soft 1 temp 1 loss 3.93 i_con 3.79 plddt 0.36 ptm 0.87 i_ptm 0.47 energy 1.48
21 models [3] recycles 0 hard 0 soft 1 temp 1 loss 3.82 i_con 3.70 plddt 0.35 ptm 0.86 i_ptm 0.48 energy 1.27
22 models [0] recycles 0 hard 0 soft 1 temp 1 loss 4.02 i_con 3.90 plddt 0.35 ptm 0.85 i_ptm 0.43 energy 1.24
23 models [0] recycles 0 hard 0 soft 1 temp 1 loss 4.06 i_con 3.94 plddt 0.38 ptm 0.84 i_ptm 0.39 energy 1.11
24 models [1] recycles 0 hard 0 soft 1 temp 1 loss 4.25 i_con 4.13 plddt 0.27 ptm 0.86 i_ptm 0.27 energy 0.86
25 models [1] recycles 0 hard 0 soft 1 temp 1 loss 3.99 i_con 3.88 plddt 0.32 ptm 0.86 i_ptm 0.38 energy 0.84
26 models [4] recycles 0 hard 0 soft 1 temp 1 loss 3.96 i_con 3.87 plddt 0.36 ptm 0.89 i_ptm 0.44 energy 0.60
27 models [3] recycles 0 hard 0 soft 1 temp 1 loss 3.79 i_con 3.72 plddt 0.38 ptm 0.86 i_ptm 0.47 energy 0.26
28 models [3] recycles 0 hard 0 soft 1 temp 1 loss 3.78 i_con 3.73 plddt 0.39 ptm 0.86 i_ptm 0.46 energy -0.15
29 models [1] recycles 0 hard 0 soft 1 temp 1 loss 4.08 i_con 4.03 plddt 0.29 ptm 0.87 i_ptm 0.32 energy -0.39
30 models [2] recycles 0 hard 0 soft 1 temp 1 loss 3.75 i_con 3.72 plddt 0.40 ptm 0.87 i_ptm 0.49 energy -0.52
31 models [3] recycles 0 hard 0 soft 1 temp 1 loss 3.75 i_con 3.72 plddt 0.37 ptm 0.87 i_ptm 0.47 energy -0.66
32 models [4] recycles 0 hard 0 soft 1 temp 1 loss 3.75 i_con 3.73 plddt 0.38 ptm 0.88 i_ptm 0.49 energy -0.98
33 models [1] recycles 0 hard 0 soft 1 temp 1 loss 4.56 i_con 4.54 plddt 0.23 ptm 0.85 i_ptm 0.14 energy -1.09
34 models [3] recycles 0 hard 0 soft 1 temp 1 loss 3.64 i_con 3.63 plddt 0.38 ptm 0.87 i_ptm 0.47 energy -1.06
35 models [4] recycles 0 hard 0 soft 1 temp 1 loss 3.70 i_con 3.70 plddt 0.40 ptm 0.89 i_ptm 0.51 energy -1.12
36 models [2] recycles 0 hard 0 soft 1 temp 1 loss 3.72 i_con 3.73 plddt 0.41 ptm 0.87 i_ptm 0.52 energy -1.26
37 models [1] recycles 0 hard 0 soft 1 temp 1 loss 4.04 i_con 4.04 plddt 0.27 ptm 0.86 i_ptm 0.30 energy -1.50
38 models [1] recycles 0 hard 0 soft 1 temp 1 loss 4.75 i_con 4.75 plddt 0.24 ptm 0.86 i_ptm 0.13 energy -1.49
39 models [2] recycles 0 hard 0 soft 1 temp 1 loss 3.64 i_con 3.66 plddt 0.39 ptm 0.87 i_ptm 0.52 energy -1.53
40 models [1] recycles 0 hard 0 soft 1 temp 1 loss 3.93 i_con 3.94 plddt 0.29 ptm 0.87 i_ptm 0.35 energy -1.72
41 models [3] recycles 0 hard 0 soft 1 temp 1 loss 3.61 i_con 3.64 plddt 0.37 ptm 0.86 i_ptm 0.49 energy -1.83
42 models [3] recycles 0 hard 0 soft 1 temp 1 loss 3.68 i_con 3.71 plddt 0.33 ptm 0.87 i_ptm 0.43 energy -1.92
43 models [1] recycles 0 hard 0 soft 1 temp 1 loss 5.39 i_con 5.42 plddt 0.26 ptm 0.85 i_ptm 0.15 energy -2.06
44 models [0] recycles 0 hard 0 soft 1 temp 1 loss 3.81 i_con 3.85 plddt 0.39 ptm 0.85 i_ptm 0.43 energy -1.94
45 models [0] recycles 0 hard 0 soft 1 temp 1 loss 3.70 i_con 3.75 plddt 0.41 ptm 0.85 i_ptm 0.48 energy -2.15
46 models [2] recycles 0 hard 0 soft 1 temp 1 loss 3.58 i_con 3.64 plddt 0.38 ptm 0.87 i_ptm 0.51 energy -2.26
47 models [0] recycles 0 hard 0 soft 1 temp 1 loss 3.65 i_con 3.72 plddt 0.44 ptm 0.85 i_ptm 0.52 energy -2.41
48 models [0] recycles 0 hard 0 soft 1 temp 1 loss 3.73 i_con 3.79 plddt 0.39 ptm 0.85 i_ptm 0.45 energy -2.51
49 models [0] recycles 0 hard 0 soft 1 temp 1 loss 3.74 i_con 3.81 plddt 0.39 ptm 0.85 i_ptm 0.46 energy -2.66
50 models [3] recycles 0 hard 0 soft 1 temp 1 loss 3.54 i_con 3.62 plddt 0.41 ptm 0.86 i_ptm 0.49 energy -2.85
51 models [0] recycles 0 hard 0 soft 1 temp 1 loss 2.99 i_con 3.80 plddt 0.40 ptm 0.86 i_ptm 0.46 energy -2.90
52 models [2] recycles 0 hard 0 soft 1 temp 1 loss 2.81 i_con 3.69 plddt 0.40 ptm 0.88 i_ptm 0.53 energy -3.13
53 models [4] recycles 0 hard 0 soft 1 temp 1 loss 2.78 i_con 3.72 plddt 0.38 ptm 0.88 i_ptm 0.50 energy -3.33
54 models [3] recycles 0 hard 0 soft 1 temp 1 loss 2.68 i_con 3.66 plddt 0.38 ptm 0.86 i_ptm 0.49 energy -3.47
55 models [3] recycles 0 hard 0 soft 1 temp 1 loss 2.52 i_con 3.55 plddt 0.40 ptm 0.86 i_ptm 0.52 energy -3.63
56 models [1] recycles 0 hard 0 soft 1 temp 1 loss 3.15 i_con 4.19 plddt 0.26 ptm 0.86 i_ptm 0.24 energy -3.69
57 models [2] recycles 0 hard 0 soft 1 temp 1 loss 2.61 i_con 3.64 plddt 0.40 ptm 0.87 i_ptm 0.53 energy -3.65
58 models [2] recycles 0 hard 0 soft 1 temp 1 loss 2.63 i_con 3.71 plddt 0.39 ptm 0.87 i_ptm 0.49 energy -3.78
59 models [0] recycles 0 hard 0 soft 1 temp 1 loss 2.76 i_con 3.88 plddt 0.35 ptm 0.85 i_ptm 0.40 energy -3.94
60 models [4] recycles 0 hard 0 soft 1 temp 1 loss 2.50 i_con 3.67 plddt 0.37 ptm 0.89 i_ptm 0.50 energy -4.13
61 models [1] recycles 0 hard 0 soft 1 temp 1 loss 3.20 i_con 4.39 plddt 0.27 ptm 0.85 i_ptm 0.19 energy -4.21
62 models [0] recycles 0 hard 0 soft 1 temp 1 loss 2.65 i_con 3.84 plddt 0.36 ptm 0.84 i_ptm 0.41 energy -4.19
63 models [2] recycles 0 hard 0 soft 1 temp 1 loss 2.39 i_con 3.66 plddt 0.41 ptm 0.87 i_ptm 0.50 energy -4.42
64 models [4] recycles 0 hard 0 soft 1 temp 1 loss 2.39 i_con 3.72 plddt 0.37 ptm 0.88 i_ptm 0.46 energy -4.64
65 models [1] recycles 0 hard 0 soft 1 temp 1 loss 3.00 i_con 4.37 plddt 0.25 ptm 0.86 i_ptm 0.18 energy -4.80
66 models [3] recycles 0 hard 0 soft 1 temp 1 loss 2.47 i_con 3.84 plddt 0.31 ptm 0.86 i_ptm 0.38 energy -4.78
67 models [0] recycles 0 hard 0 soft 1 temp 1 loss 2.46 i_con 3.88 plddt 0.32 ptm 0.86 i_ptm 0.42 energy -4.93
68 models [2] recycles 0 hard 0 soft 1 temp 1 loss 2.28 i_con 3.70 plddt 0.36 ptm 0.87 i_ptm 0.49 energy -4.96
69 models [4] recycles 0 hard 0 soft 1 temp 1 loss 2.25 i_con 3.73 plddt 0.33 ptm 0.89 i_ptm 0.44 energy -5.16
70 models [1] recycles 0 hard 0 soft 1 temp 1 loss 3.59 i_con 5.09 plddt 0.26 ptm 0.86 i_ptm 0.12 energy -5.25
71 models [0] recycles 0 hard 0 soft 1 temp 1 loss 2.35 i_con 3.83 plddt 0.36 ptm 0.85 i_ptm 0.41 energy -5.14
72 models [1] recycles 0 hard 0 soft 1 temp 1 loss 2.23 i_con 3.73 plddt 0.34 ptm 0.88 i_ptm 0.46 energy -5.22
73 models [1] recycles 0 hard 0 soft 1 temp 1 loss 3.15 i_con 4.68 plddt 0.23 ptm 0.85 i_ptm 0.11 energy -5.36
74 models [2] recycles 0 hard 0 soft 1 temp 1 loss 2.13 i_con 3.66 plddt 0.40 ptm 0.87 i_ptm 0.53 energy -5.30
75 models [1] recycles 0 hard 0 soft 1 temp 1 loss 3.22 i_con 4.78 plddt 0.27 ptm 0.86 i_ptm 0.15 energy -5.45
76 models [4] recycles 0 hard 0 soft 1 temp 1 loss 2.09 i_con 3.68 plddt 0.35 ptm 0.89 i_ptm 0.50 energy -5.52
77 models [3] recycles 0 hard 0 soft 1 temp 1 loss 2.06 i_con 3.67 plddt 0.37 ptm 0.87 i_ptm 0.50 energy -5.60
78 models [2] recycles 0 hard 0 soft 1 temp 1 loss 2.06 i_con 3.67 plddt 0.39 ptm 0.87 i_ptm 0.49 energy -5.55
79 models [2] recycles 0 hard 0 soft 1 temp 1 loss 2.07 i_con 3.72 plddt 0.36 ptm 0.86 i_ptm 0.48 energy -5.72
80 models [4] recycles 0 hard 0 soft 1 temp 1 loss 2.02 i_con 3.72 plddt 0.35 ptm 0.88 i_ptm 0.48 energy -5.89
81 models [4] recycles 0 hard 0 soft 1 temp 1 loss 2.13 i_con 3.89 plddt 0.34 ptm 0.88 i_ptm 0.40 energy -6.09
82 models [2] recycles 0 hard 0 soft 1 temp 1 loss 1.93 i_con 3.75 plddt 0.33 ptm 0.86 i_ptm 0.46 energy -6.29
83 models [3] recycles 0 hard 0 soft 1 temp 1 loss 1.97 i_con 3.84 plddt 0.33 ptm 0.86 i_ptm 0.41 energy -6.45
84 models [0] recycles 0 hard 0 soft 1 temp 1 loss 2.16 i_con 4.03 plddt 0.31 ptm 0.84 i_ptm 0.36 energy -6.48
85 models [2] recycles 0 hard 0 soft 1 temp 1 loss 1.85 i_con 3.73 plddt 0.35 ptm 0.87 i_ptm 0.48 energy -6.48
86 models [4] recycles 0 hard 0 soft 1 temp 1 loss 3.21 i_con 5.14 plddt 0.28 ptm 0.87 i_ptm 0.21 energy -6.69
87 models [2] recycles 0 hard 0 soft 1 temp 1 loss 1.92 i_con 3.90 plddt 0.32 ptm 0.86 i_ptm 0.43 energy -6.82
88 models [3] recycles 0 hard 0 soft 1 temp 1 loss 3.87 i_con 5.88 plddt 0.33 ptm 0.85 i_ptm 0.26 energy -6.93
89 models [3] recycles 0 hard 0 soft 1 temp 1 loss 1.97 i_con 4.00 plddt 0.31 ptm 0.86 i_ptm 0.35 energy -7.01
90 models [2] recycles 0 hard 0 soft 1 temp 1 loss 1.74 i_con 3.75 plddt 0.35 ptm 0.88 i_ptm 0.49 energy -6.92
91 models [3] recycles 0 hard 0 soft 1 temp 1 loss 1.83 i_con 3.90 plddt 0.31 ptm 0.86 i_ptm 0.38 energy -7.14
92 models [0] recycles 0 hard 0 soft 1 temp 1 loss 2.18 i_con 4.24 plddt 0.29 ptm 0.84 i_ptm 0.26 energy -7.11
93 models [4] recycles 0 hard 0 soft 1 temp 1 loss 3.13 i_con 5.20 plddt 0.35 ptm 0.87 i_ptm 0.31 energy -7.10
94 models [2] recycles 0 hard 0 soft 1 temp 1 loss 1.91 i_con 3.98 plddt 0.31 ptm 0.87 i_ptm 0.39 energy -7.14
95 models [4] recycles 0 hard 0 soft 1 temp 1 loss 3.64 i_con 5.74 plddt 0.32 ptm 0.88 i_ptm 0.36 energy -7.24
96 models [4] recycles 0 hard 0 soft 1 temp 1 loss 2.99 i_con 5.10 plddt 0.28 ptm 0.87 i_ptm 0.24 energy -7.28
97 models [4] recycles 0 hard 0 soft 1 temp 1 loss 1.61 i_con 3.72 plddt 0.35 ptm 0.89 i_ptm 0.48 energy -7.26
98 models [0] recycles 0 hard 0 soft 1 temp 1 loss 2.13 i_con 4.27 plddt 0.28 ptm 0.85 i_ptm 0.26 energy -7.39
99 models [0] recycles 0 hard 0 soft 1 temp 1 loss 2.41 i_con 4.58 plddt 0.27 ptm 0.84 i_ptm 0.18 energy -7.47
100 models [4] recycles 0 hard 0 soft 1 temp 1 loss 1.91 i_con 4.07 plddt 0.27 ptm 0.88 i_ptm 0.31 energy -7.45
101 models [1] recycles 0 hard 0 soft 0 temp 1 loss 2.53 i_con 6.42 plddt 0.26 ptm 0.86 i_ptm 0.17 energy -39.62
102 models [4] recycles 0 hard 0 soft 0 temp 0.98 loss 2.15 i_con 6.03 plddt 0.25 ptm 0.87 i_ptm 0.15 energy -39.60
103 models [0] recycles 0 hard 0 soft 0 temp 0.96 loss 1.55 i_con 5.43 plddt 0.27 ptm 0.83 i_ptm 0.17 energy -39.55
104 models [4] recycles 0 hard 0 soft 0 temp 0.94 loss 1.19 i_con 5.12 plddt 0.25 ptm 0.87 i_ptm 0.18 energy -40.04
105 models [4] recycles 0 hard 0 soft 0 temp 0.92 loss 1.56 i_con 5.47 plddt 0.29 ptm 0.88 i_ptm 0.27 energy -39.88
106 models [1] recycles 0 hard 0 soft 0 temp 0.90 loss 2.34 i_con 6.26 plddt 0.30 ptm 0.86 i_ptm 0.17 energy -39.93
107 models [1] recycles 0 hard 0 soft 0 temp 0.88 loss 1.88 i_con 5.89 plddt 0.28 ptm 0.86 i_ptm 0.15 energy -40.91
108 models [1] recycles 0 hard 0 soft 0 temp 0.86 loss 1.69 i_con 5.80 plddt 0.27 ptm 0.87 i_ptm 0.16 energy -41.79
109 models [1] recycles 0 hard 0 soft 0 temp 0.84 loss 0.79 i_con 4.99 plddt 0.25 ptm 0.86 i_ptm 0.14 energy -42.73
110 models [2] recycles 0 hard 0 soft 0 temp 0.82 loss 1.19 i_con 5.45 plddt 0.26 ptm 0.85 i_ptm 0.18 energy -43.31
111 models [4] recycles 0 hard 0 soft 0 temp 0.80 loss 1.25 i_con 5.49 plddt 0.25 ptm 0.87 i_ptm 0.17 energy -43.17
112 models [2] recycles 0 hard 0 soft 0 temp 0.78 loss 0.81 i_con 5.11 plddt 0.25 ptm 0.86 i_ptm 0.18 energy -43.74
113 models [4] recycles 0 hard 0 soft 0 temp 0.76 loss 1.28 i_con 5.61 plddt 0.28 ptm 0.88 i_ptm 0.28 energy -43.96
114 models [1] recycles 0 hard 0 soft 0 temp 0.74 loss 1.59 i_con 5.96 plddt 0.26 ptm 0.86 i_ptm 0.17 energy -44.45
115 models [1] recycles 0 hard 0 soft 0 temp 0.72 loss 0.45 i_con 4.89 plddt 0.25 ptm 0.86 i_ptm 0.16 energy -45.15
116 models [1] recycles 0 hard 0 soft 0 temp 0.70 loss 1.06 i_con 5.59 plddt 0.24 ptm 0.85 i_ptm 0.14 energy -46.05
117 models [4] recycles 0 hard 0 soft 0 temp 0.68 loss 0.52 i_con 5.08 plddt 0.24 ptm 0.87 i_ptm 0.22 energy -46.39
118 models [1] recycles 0 hard 0 soft 0 temp 0.66 loss 0.09 i_con 4.75 plddt 0.23 ptm 0.86 i_ptm 0.17 energy -47.34
119 models [0] recycles 0 hard 0 soft 0 temp 0.64 loss -0.01 i_con 4.68 plddt 0.26 ptm 0.84 i_ptm 0.23 energy -47.71
120 models [4] recycles 0 hard 0 soft 0 temp 0.62 loss 0.55 i_con 5.40 plddt 0.23 ptm 0.87 i_ptm 0.13 energy -49.28
121 models [2] recycles 0 hard 0 soft 0 temp 0.60 loss -0.87 i_con 4.00 plddt 0.29 ptm 0.87 i_ptm 0.36 energy -49.40
122 models [4] recycles 0 hard 0 soft 0 temp 0.58 loss -0.24 i_con 4.68 plddt 0.23 ptm 0.87 i_ptm 0.15 energy -50.03
123 models [3] recycles 0 hard 0 soft 0 temp 0.56 loss -0.46 i_con 4.57 plddt 0.27 ptm 0.85 i_ptm 0.30 energy -50.99
124 models [1] recycles 0 hard 0 soft 0 temp 0.54 loss -0.13 i_con 5.01 plddt 0.26 ptm 0.87 i_ptm 0.18 energy -52.16
125 models [2] recycles 0 hard 0 soft 0 temp 0.52 loss -0.62 i_con 4.56 plddt 0.28 ptm 0.87 i_ptm 0.25 energy -52.54
126 models [0] recycles 0 hard 0 soft 0 temp 0.50 loss -0.79 i_con 4.59 plddt 0.28 ptm 0.84 i_ptm 0.26 energy -54.50
127 models [0] recycles 0 hard 0 soft 0 temp 0.48 loss -1.04 i_con 4.58 plddt 0.26 ptm 0.84 i_ptm 0.24 energy -56.92
128 models [1] recycles 0 hard 0 soft 0 temp 0.46 loss 0.10 i_con 5.95 plddt 0.24 ptm 0.85 i_ptm 0.15 energy -59.22
129 models [2] recycles 0 hard 0 soft 0 temp 0.44 loss -1.49 i_con 4.47 plddt 0.23 ptm 0.86 i_ptm 0.16 energy -60.42
130 models [4] recycles 0 hard 0 soft 0 temp 0.42 loss -1.67 i_con 4.35 plddt 0.23 ptm 0.88 i_ptm 0.20 energy -61.05
131 models [1] recycles 0 hard 0 soft 0 temp 0.40 loss -1.37 i_con 4.70 plddt 0.27 ptm 0.86 i_ptm 0.26 energy -61.40
132 models [0] recycles 0 hard 0 soft 0 temp 0.38 loss -1.56 i_con 4.71 plddt 0.24 ptm 0.82 i_ptm 0.13 energy -63.41
133 models [1] recycles 0 hard 0 soft 0 temp 0.36 loss -1.62 i_con 4.78 plddt 0.26 ptm 0.85 i_ptm 0.21 energy -64.75
134 models [2] recycles 0 hard 0 soft 0 temp 0.34 loss -2.43 i_con 4.06 plddt 0.26 ptm 0.87 i_ptm 0.30 energy -65.66
135 models [2] recycles 0 hard 0 soft 0 temp 0.32 loss -2.13 i_con 4.51 plddt 0.26 ptm 0.86 i_ptm 0.25 energy -67.18
136 models [0] recycles 0 hard 0 soft 0 temp 0.30 loss -2.32 i_con 4.49 plddt 0.29 ptm 0.84 i_ptm 0.29 energy -68.86
137 models [3] recycles 0 hard 0 soft 0 temp 0.28 loss -2.40 i_con 4.61 plddt 0.25 ptm 0.85 i_ptm 0.19 energy -70.92
138 models [2] recycles 0 hard 0 soft 0 temp 0.26 loss -2.66 i_con 4.55 plddt 0.23 ptm 0.86 i_ptm 0.18 energy -72.85
139 models [4] recycles 0 hard 0 soft 0 temp 0.24 loss -3.14 i_con 4.27 plddt 0.25 ptm 0.88 i_ptm 0.23 energy -74.84
140 models [2] recycles 0 hard 0 soft 0 temp 0.22 loss -3.15 i_con 4.45 plddt 0.26 ptm 0.86 i_ptm 0.25 energy -76.76
141 models [3] recycles 0 hard 0 soft 0 temp 0.20 loss -3.26 i_con 4.51 plddt 0.28 ptm 0.86 i_ptm 0.31 energy -78.37
142 models [3] recycles 0 hard 0 soft 0 temp 0.18 loss -3.44 i_con 4.50 plddt 0.28 ptm 0.85 i_ptm 0.32 energy -80.15
143 models [0] recycles 0 hard 0 soft 0 temp 0.16 loss -3.55 i_con 4.60 plddt 0.27 ptm 0.84 i_ptm 0.21 energy -82.32
144 models [0] recycles 0 hard 0 soft 0 temp 0.14 loss -3.74 i_con 4.61 plddt 0.28 ptm 0.84 i_ptm 0.21 energy -84.17
145 models [3] recycles 0 hard 0 soft 0 temp 0.12 loss -3.43 i_con 5.09 plddt 0.22 ptm 0.85 i_ptm 0.14 energy -86.00
146 models [3] recycles 0 hard 0 soft 0 temp 0.10 loss -3.51 i_con 4.96 plddt 0.24 ptm 0.84 i_ptm 0.18 energy -85.45
147 models [0] recycles 0 hard 0 soft 0 temp 0.08 loss -3.96 i_con 4.57 plddt 0.25 ptm 0.83 i_ptm 0.22 energy -86.09
148 models [1] recycles 0 hard 0 soft 0 temp 0.06 loss -2.73 i_con 5.82 plddt 0.26 ptm 0.86 i_ptm 0.15 energy -86.17
149 models [0] recycles 0 hard 0 soft 0 temp 0.04 loss -4.01 i_con 4.53 plddt 0.30 ptm 0.84 i_ptm 0.32 energy -86.13
150 models [3] recycles 0 hard 0 soft 0 temp 0.02 loss -4.06 i_con 4.63 plddt 0.25 ptm 0.85 i_ptm 0.25 energy -87.66
151 models [0] recycles 0 hard 1 soft 0 temp 0.00 loss 0.23 i_con 5.57 plddt 0.21 ptm 0.83 i_ptm 0.19 energy -7.75
152 models [2] recycles 0 hard 1 soft 0 temp 0.00 loss -1.19 i_con 4.15 plddt 0.25 ptm 0.86 i_ptm 0.32 energy -7.75
153 models [4] recycles 0 hard 1 soft 0 temp 0.00 loss -0.77 i_con 4.57 plddt 0.18 ptm 0.87 i_ptm 0.20 energy -7.75
154 models [1] recycles 0 hard 1 soft 0 temp 0.00 loss 0.34 i_con 5.69 plddt 0.21 ptm 0.85 i_ptm 0.15 energy -7.75
155 models [3] recycles 0 hard 1 soft 0 temp 0.00 loss -0.42 i_con 4.92 plddt 0.19 ptm 0.85 i_ptm 0.17 energy -7.75
156 models [4] recycles 0 hard 1 soft 0 temp 0.00 loss -0.77 i_con 4.57 plddt 0.18 ptm 0.87 i_ptm 0.20 energy -7.75
157 models [2] recycles 0 hard 1 soft 0 temp 0.00 loss -1.19 i_con 4.15 plddt 0.25 ptm 0.86 i_ptm 0.32 energy -7.75
158 models [2] recycles 0 hard 1 soft 0 temp 0.00 loss -1.19 i_con 4.15 plddt 0.25 ptm 0.86 i_ptm 0.32 energy -7.75
159 models [2] recycles 0 hard 1 soft 0 temp 0.00 loss -1.19 i_con 4.15 plddt 0.25 ptm 0.86 i_ptm 0.32 energy -7.75
160 models [4] recycles 0 hard 1 soft 0 temp 0.00 loss -0.77 i_con 4.57 plddt 0.18 ptm 0.87 i_ptm 0.20 energy -7.75
161 models [2] recycles 0 hard 1 soft 0 temp 0.00 loss -1.19 i_con 4.15 plddt 0.25 ptm 0.86 i_ptm 0.32 energy -7.75
162 models [2] recycles 0 hard 1 soft 0 temp 0.00 loss -1.19 i_con 4.15 plddt 0.25 ptm 0.86 i_ptm 0.32 energy -7.75
163 models [3] recycles 0 hard 1 soft 0 temp 0.00 loss -0.42 i_con 4.92 plddt 0.19 ptm 0.85 i_ptm 0.17 energy -7.75
164 models [2] recycles 0 hard 1 soft 0 temp 0.00 loss -1.19 i_con 4.15 plddt 0.25 ptm 0.86 i_ptm 0.32 energy -7.75
165 models [1] recycles 0 hard 1 soft 0 temp 0.00 loss 0.34 i_con 5.69 plddt 0.21 ptm 0.85 i_ptm 0.15 energy -7.75
166 models [1] recycles 0 hard 1 soft 0 temp 0.00 loss 0.34 i_con 5.69 plddt 0.21 ptm 0.85 i_ptm 0.15 energy -7.75
167 models [4] recycles 0 hard 1 soft 0 temp 0.00 loss -0.77 i_con 4.57 plddt 0.18 ptm 0.87 i_ptm 0.20 energy -7.75
168 models [3] recycles 0 hard 1 soft 0 temp 0.00 loss -0.42 i_con 4.92 plddt 0.19 ptm 0.85 i_ptm 0.17 energy -7.75
169 models [2] recycles 0 hard 1 soft 0 temp 0.00 loss -1.19 i_con 4.15 plddt 0.25 ptm 0.86 i_ptm 0.32 energy -7.75
170 models [1] recycles 0 hard 1 soft 0 temp 0.00 loss 0.34 i_con 5.69 plddt 0.21 ptm 0.85 i_ptm 0.15 energy -7.75
171 models [4] recycles 0 hard 1 soft 0 temp 0.00 loss -0.77 i_con 4.57 plddt 0.18 ptm 0.87 i_ptm 0.20 energy -7.75
172 models [4] recycles 0 hard 1 soft 0 temp 0.00 loss -0.77 i_con 4.57 plddt 0.18 ptm 0.87 i_ptm 0.20 energy -7.75
173 models [0] recycles 0 hard 1 soft 0 temp 0.00 loss 0.23 i_con 5.57 plddt 0.21 ptm 0.83 i_ptm 0.19 energy -7.75
174 models [0] recycles 0 hard 1 soft 0 temp 0.00 loss 0.23 i_con 5.57 plddt 0.21 ptm 0.83 i_ptm 0.19 energy -7.75
175 models [4] recycles 0 hard 1 soft 0 temp 0.00 loss -0.77 i_con 4.57 plddt 0.18 ptm 0.87 i_ptm 0.20 energy -7.75
176 models [3] recycles 0 hard 1 soft 0 temp 0.00 loss -0.42 i_con 4.92 plddt 0.19 ptm 0.85 i_ptm 0.17 energy -7.75
177 models [1] recycles 0 hard 1 soft 0 temp 0.00 loss 0.34 i_con 5.69 plddt 0.21 ptm 0.85 i_ptm 0.15 energy -7.75
178 models [2] recycles 0 hard 1 soft 0 temp 0.00 loss -1.19 i_con 4.15 plddt 0.25 ptm 0.86 i_ptm 0.32 energy -7.75
179 models [1] recycles 0 hard 1 soft 0 temp 0.00 loss 0.34 i_con 5.69 plddt 0.21 ptm 0.85 i_ptm 0.15 energy -7.75
180 models [2] recycles 0 hard 1 soft 0 temp 0.00 loss -1.19 i_con 4.15 plddt 0.25 ptm 0.86 i_ptm 0.32 energy -7.75
  seq=NINWIWRSSNYNKDC  loss=-1.1942  loss_af=4.2294  energy=-7.7480  i_ptm=0.3176
[14/30] seed=13 ...
1 models [3] recycles 0 hard 0 soft 1 temp 1 loss 4.45 i_con 4.01 plddt 0.29 ptm 0.85 i_ptm 0.35 energy 7.43
2 models [1] recycles 0 hard 0 soft 1 temp 1 loss 4.92 i_con 4.50 plddt 0.21 ptm 0.85 i_ptm 0.18 energy 6.98
3 models [4] recycles 0 hard 0 soft 1 temp 1 loss 4.52 i_con 4.11 plddt 0.26 ptm 0.88 i_ptm 0.32 energy 6.80
4 models [3] recycles 0 hard 0 soft 1 temp 1 loss 4.27 i_con 3.89 plddt 0.32 ptm 0.86 i_ptm 0.41 energy 6.26
5 models [2] recycles 0 hard 0 soft 1 temp 1 loss 4.28 i_con 3.92 plddt 0.32 ptm 0.86 i_ptm 0.40 energy 5.67
6 models [0] recycles 0 hard 0 soft 1 temp 1 loss 4.66 i_con 4.35 plddt 0.24 ptm 0.83 i_ptm 0.21 energy 4.83
7 models [3] recycles 0 hard 0 soft 1 temp 1 loss 4.28 i_con 3.98 plddt 0.31 ptm 0.85 i_ptm 0.35 energy 4.61
8 models [3] recycles 0 hard 0 soft 1 temp 1 loss 4.05 i_con 3.76 plddt 0.35 ptm 0.86 i_ptm 0.45 energy 4.57
9 models [3] recycles 0 hard 0 soft 1 temp 1 loss 4.02 i_con 3.75 plddt 0.33 ptm 0.86 i_ptm 0.44 energy 4.10
10 models [3] recycles 0 hard 0 soft 1 temp 1 loss 3.92 i_con 3.69 plddt 0.38 ptm 0.86 i_ptm 0.50 energy 3.39
11 models [2] recycles 0 hard 0 soft 1 temp 1 loss 4.02 i_con 3.81 plddt 0.35 ptm 0.87 i_ptm 0.47 energy 2.99
12 models [2] recycles 0 hard 0 soft 1 temp 1 loss 4.09 i_con 3.89 plddt 0.36 ptm 0.86 i_ptm 0.46 energy 2.62
13 models [2] recycles 0 hard 0 soft 1 temp 1 loss 4.01 i_con 3.83 plddt 0.37 ptm 0.87 i_ptm 0.50 energy 2.43
14 models [4] recycles 0 hard 0 soft 1 temp 1 loss 4.17 i_con 3.99 plddt 0.33 ptm 0.88 i_ptm 0.38 energy 2.25
15 models [3] recycles 0 hard 0 soft 1 temp 1 loss 3.86 i_con 3.68 plddt 0.37 ptm 0.87 i_ptm 0.52 energy 2.17
16 models [0] recycles 0 hard 0 soft 1 temp 1 loss 4.22 i_con 4.05 plddt 0.30 ptm 0.84 i_ptm 0.32 energy 1.98
17 models [0] recycles 0 hard 0 soft 1 temp 1 loss 4.10 i_con 3.93 plddt 0.31 ptm 0.85 i_ptm 0.41 energy 1.88
18 models [2] recycles 0 hard 0 soft 1 temp 1 loss 3.97 i_con 3.82 plddt 0.39 ptm 0.86 i_ptm 0.48 energy 1.78
19 models [2] recycles 0 hard 0 soft 1 temp 1 loss 3.86 i_con 3.72 plddt 0.41 ptm 0.87 i_ptm 0.54 energy 1.56
20 models [1] recycles 0 hard 0 soft 1 temp 1 loss 4.18 i_con 4.04 plddt 0.27 ptm 0.86 i_ptm 0.30 energy 1.22
21 models [0] recycles 0 hard 0 soft 1 temp 1 loss 3.92 i_con 3.81 plddt 0.39 ptm 0.85 i_ptm 0.47 energy 0.96
22 models [2] recycles 0 hard 0 soft 1 temp 1 loss 3.91 i_con 3.81 plddt 0.38 ptm 0.87 i_ptm 0.52 energy 0.82
23 models [0] recycles 0 hard 0 soft 1 temp 1 loss 3.94 i_con 3.86 plddt 0.36 ptm 0.84 i_ptm 0.46 energy 0.17
24 models [2] recycles 0 hard 0 soft 1 temp 1 loss 3.79 i_con 3.74 plddt 0.42 ptm 0.87 i_ptm 0.52 energy -0.12
25 models [0] recycles 0 hard 0 soft 1 temp 1 loss 3.79 i_con 3.77 plddt 0.39 ptm 0.85 i_ptm 0.49 energy -0.83
26 models [4] recycles 0 hard 0 soft 1 temp 1 loss 3.77 i_con 3.78 plddt 0.37 ptm 0.89 i_ptm 0.48 energy -1.35
27 models [1] recycles 0 hard 0 soft 1 temp 1 loss 4.06 i_con 4.06 plddt 0.26 ptm 0.86 i_ptm 0.32 energy -1.42
28 models [0] recycles 0 hard 0 soft 1 temp 1 loss 3.78 i_con 3.81 plddt 0.38 ptm 0.85 i_ptm 0.45 energy -1.72
29 models [2] recycles 0 hard 0 soft 1 temp 1 loss 3.55 i_con 3.60 plddt 0.40 ptm 0.88 i_ptm 0.56 energy -2.07
30 models [3] recycles 0 hard 0 soft 1 temp 1 loss 3.67 i_con 3.71 plddt 0.42 ptm 0.87 i_ptm 0.52 energy -1.94
31 models [1] recycles 0 hard 0 soft 1 temp 1 loss 3.91 i_con 3.95 plddt 0.30 ptm 0.87 i_ptm 0.35 energy -2.26
32 models [3] recycles 0 hard 0 soft 1 temp 1 loss 3.74 i_con 3.79 plddt 0.38 ptm 0.86 i_ptm 0.48 energy -2.34
33 models [0] recycles 0 hard 0 soft 1 temp 1 loss 3.73 i_con 3.80 plddt 0.40 ptm 0.85 i_ptm 0.48 energy -2.44
34 models [4] recycles 0 hard 0 soft 1 temp 1 loss 3.50 i_con 3.57 plddt 0.47 ptm 0.89 i_ptm 0.61 energy -2.38
35 models [1] recycles 0 hard 0 soft 1 temp 1 loss 5.02 i_con 5.07 plddt 0.23 ptm 0.85 i_ptm 0.12 energy -2.44
36 models [3] recycles 0 hard 0 soft 1 temp 1 loss 3.54 i_con 3.60 plddt 0.41 ptm 0.87 i_ptm 0.57 energy -2.42
37 models [2] recycles 0 hard 0 soft 1 temp 1 loss 3.60 i_con 3.66 plddt 0.40 ptm 0.87 i_ptm 0.56 energy -2.47
38 models [0] recycles 0 hard 0 soft 1 temp 1 loss 3.61 i_con 3.67 plddt 0.38 ptm 0.86 i_ptm 0.53 energy -2.49
39 models [3] recycles 0 hard 0 soft 1 temp 1 loss 3.52 i_con 3.59 plddt 0.41 ptm 0.87 i_ptm 0.55 energy -2.60
40 models [2] recycles 0 hard 0 soft 1 temp 1 loss 3.50 i_con 3.58 plddt 0.42 ptm 0.87 i_ptm 0.54 energy -2.69
41 models [2] recycles 0 hard 0 soft 1 temp 1 loss 3.64 i_con 3.71 plddt 0.38 ptm 0.87 i_ptm 0.50 energy -2.69
42 models [2] recycles 0 hard 0 soft 1 temp 1 loss 3.61 i_con 3.69 plddt 0.39 ptm 0.87 i_ptm 0.51 energy -2.76
43 models [2] recycles 0 hard 0 soft 1 temp 1 loss 3.60 i_con 3.68 plddt 0.40 ptm 0.88 i_ptm 0.53 energy -2.78
44 models [0] recycles 0 hard 0 soft 1 temp 1 loss 3.66 i_con 3.75 plddt 0.41 ptm 0.85 i_ptm 0.46 energy -2.84
45 models [3] recycles 0 hard 0 soft 1 temp 1 loss 3.60 i_con 3.68 plddt 0.41 ptm 0.86 i_ptm 0.50 energy -2.86
46 models [1] recycles 0 hard 0 soft 1 temp 1 loss 3.72 i_con 3.80 plddt 0.31 ptm 0.87 i_ptm 0.40 energy -3.05
47 models [3] recycles 0 hard 0 soft 1 temp 1 loss 3.44 i_con 3.53 plddt 0.37 ptm 0.87 i_ptm 0.55 energy -3.11
48 models [3] recycles 0 hard 0 soft 1 temp 1 loss 3.53 i_con 3.62 plddt 0.41 ptm 0.87 i_ptm 0.52 energy -3.11
49 models [1] recycles 0 hard 0 soft 1 temp 1 loss 3.84 i_con 3.93 plddt 0.32 ptm 0.87 i_ptm 0.35 energy -3.23
50 models [1] recycles 0 hard 0 soft 1 temp 1 loss 3.88 i_con 3.97 plddt 0.31 ptm 0.87 i_ptm 0.36 energy -3.17
51 models [1] recycles 0 hard 0 soft 1 temp 1 loss 2.99 i_con 3.86 plddt 0.32 ptm 0.87 i_ptm 0.40 energy -3.14
52 models [0] recycles 0 hard 0 soft 1 temp 1 loss 2.90 i_con 3.87 plddt 0.37 ptm 0.85 i_ptm 0.44 energy -3.47
53 models [4] recycles 0 hard 0 soft 1 temp 1 loss 2.65 i_con 3.73 plddt 0.39 ptm 0.88 i_ptm 0.48 energy -3.81
54 models [1] recycles 0 hard 0 soft 1 temp 1 loss 2.82 i_con 3.99 plddt 0.29 ptm 0.87 i_ptm 0.34 energy -4.13
55 models [3] recycles 0 hard 0 soft 1 temp 1 loss 2.30 i_con 3.55 plddt 0.41 ptm 0.86 i_ptm 0.55 energy -4.36
56 models [1] recycles 0 hard 0 soft 1 temp 1 loss 2.48 i_con 3.79 plddt 0.31 ptm 0.87 i_ptm 0.44 energy -4.58
57 models [2] recycles 0 hard 0 soft 1 temp 1 loss 2.33 i_con 3.68 plddt 0.37 ptm 0.87 i_ptm 0.50 energy -4.71
58 models [3] recycles 0 hard 0 soft 1 temp 1 loss 2.24 i_con 3.67 plddt 0.35 ptm 0.87 i_ptm 0.49 energy -4.98
59 models [2] recycles 0 hard 0 soft 1 temp 1 loss 2.23 i_con 3.73 plddt 0.36 ptm 0.87 i_ptm 0.49 energy -5.24
60 models [4] recycles 0 hard 0 soft 1 temp 1 loss 2.04 i_con 3.61 plddt 0.37 ptm 0.89 i_ptm 0.52 energy -5.43
61 models [2] recycles 0 hard 0 soft 1 temp 1 loss 2.13 i_con 3.74 plddt 0.37 ptm 0.87 i_ptm 0.47 energy -5.58
62 models [2] recycles 0 hard 0 soft 1 temp 1 loss 2.10 i_con 3.74 plddt 0.36 ptm 0.87 i_ptm 0.47 energy -5.70
63 models [2] recycles 0 hard 0 soft 1 temp 1 loss 2.06 i_con 3.76 plddt 0.35 ptm 0.87 i_ptm 0.47 energy -5.90
64 models [1] recycles 0 hard 0 soft 1 temp 1 loss 2.23 i_con 3.98 plddt 0.28 ptm 0.86 i_ptm 0.33 energy -6.07
65 models [3] recycles 0 hard 0 soft 1 temp 1 loss 1.93 i_con 3.71 plddt 0.36 ptm 0.87 i_ptm 0.47 energy -6.17
66 models [4] recycles 0 hard 0 soft 1 temp 1 loss 1.99 i_con 3.83 plddt 0.35 ptm 0.88 i_ptm 0.42 energy -6.37
67 models [4] recycles 0 hard 0 soft 1 temp 1 loss 1.95 i_con 3.83 plddt 0.32 ptm 0.88 i_ptm 0.41 energy -6.51
68 models [4] recycles 0 hard 0 soft 1 temp 1 loss 1.84 i_con 3.75 plddt 0.36 ptm 0.88 i_ptm 0.46 energy -6.56
69 models [4] recycles 0 hard 0 soft 1 temp 1 loss 2.08 i_con 4.02 plddt 0.28 ptm 0.88 i_ptm 0.34 energy -6.69
70 models [1] recycles 0 hard 0 soft 1 temp 1 loss 2.76 i_con 4.68 plddt 0.27 ptm 0.86 i_ptm 0.22 energy -6.67
71 models [2] recycles 0 hard 0 soft 1 temp 1 loss 1.80 i_con 3.79 plddt 0.35 ptm 0.86 i_ptm 0.45 energy -6.82
72 models [0] recycles 0 hard 0 soft 1 temp 1 loss 1.94 i_con 3.96 plddt 0.29 ptm 0.84 i_ptm 0.35 energy -6.97
73 models [0] recycles 0 hard 0 soft 1 temp 1 loss 1.96 i_con 4.01 plddt 0.31 ptm 0.84 i_ptm 0.33 energy -7.05
74 models [4] recycles 0 hard 0 soft 1 temp 1 loss 1.65 i_con 3.72 plddt 0.34 ptm 0.88 i_ptm 0.45 energy -7.14
75 models [1] recycles 0 hard 0 soft 1 temp 1 loss 1.82 i_con 3.92 plddt 0.32 ptm 0.87 i_ptm 0.39 energy -7.24
76 models [0] recycles 0 hard 0 soft 1 temp 1 loss 1.90 i_con 4.02 plddt 0.30 ptm 0.84 i_ptm 0.35 energy -7.31
77 models [3] recycles 0 hard 0 soft 1 temp 1 loss 1.58 i_con 3.74 plddt 0.35 ptm 0.86 i_ptm 0.45 energy -7.41
78 models [0] recycles 0 hard 0 soft 1 temp 1 loss 1.64 i_con 3.82 plddt 0.34 ptm 0.85 i_ptm 0.42 energy -7.50
79 models [3] recycles 0 hard 0 soft 1 temp 1 loss 2.23 i_con 4.41 plddt 0.26 ptm 0.84 i_ptm 0.22 energy -7.52
80 models [0] recycles 0 hard 0 soft 1 temp 1 loss 1.59 i_con 3.79 plddt 0.34 ptm 0.85 i_ptm 0.44 energy -7.56
81 models [2] recycles 0 hard 0 soft 1 temp 1 loss 1.56 i_con 3.78 plddt 0.35 ptm 0.87 i_ptm 0.44 energy -7.60
82 models [4] recycles 0 hard 0 soft 1 temp 1 loss 1.53 i_con 3.76 plddt 0.34 ptm 0.89 i_ptm 0.45 energy -7.67
83 models [1] recycles 0 hard 0 soft 1 temp 1 loss 3.20 i_con 5.45 plddt 0.25 ptm 0.86 i_ptm 0.17 energy -7.77
84 models [2] recycles 0 hard 0 soft 1 temp 1 loss 1.51 i_con 3.77 plddt 0.36 ptm 0.86 i_ptm 0.47 energy -7.77
85 models [1] recycles 0 hard 0 soft 1 temp 1 loss 2.35 i_con 4.62 plddt 0.25 ptm 0.86 i_ptm 0.20 energy -7.84
86 models [2] recycles 0 hard 0 soft 1 temp 1 loss 1.55 i_con 3.82 plddt 0.35 ptm 0.87 i_ptm 0.43 energy -7.78
87 models [0] recycles 0 hard 0 soft 1 temp 1 loss 1.42 i_con 3.70 plddt 0.34 ptm 0.86 i_ptm 0.48 energy -7.84
88 models [0] recycles 0 hard 0 soft 1 temp 1 loss 1.62 i_con 3.91 plddt 0.29 ptm 0.84 i_ptm 0.40 energy -7.89
89 models [2] recycles 0 hard 0 soft 1 temp 1 loss 1.44 i_con 3.75 plddt 0.34 ptm 0.87 i_ptm 0.48 energy -7.94
90 models [0] recycles 0 hard 0 soft 1 temp 1 loss 1.53 i_con 3.86 plddt 0.32 ptm 0.85 i_ptm 0.39 energy -8.02
91 models [2] recycles 0 hard 0 soft 1 temp 1 loss 1.50 i_con 3.86 plddt 0.32 ptm 0.87 i_ptm 0.42 energy -8.09
92 models [1] recycles 0 hard 0 soft 1 temp 1 loss 1.68 i_con 4.02 plddt 0.26 ptm 0.87 i_ptm 0.33 energy -8.07
93 models [3] recycles 0 hard 0 soft 1 temp 1 loss 1.93 i_con 4.28 plddt 0.26 ptm 0.85 i_ptm 0.23 energy -8.08
94 models [3] recycles 0 hard 0 soft 1 temp 1 loss 1.39 i_con 3.74 plddt 0.36 ptm 0.86 i_ptm 0.47 energy -8.03
95 models [1] recycles 0 hard 0 soft 1 temp 1 loss 1.88 i_con 4.24 plddt 0.24 ptm 0.85 i_ptm 0.22 energy -8.11
96 models [0] recycles 0 hard 0 soft 1 temp 1 loss 1.39 i_con 3.77 plddt 0.32 ptm 0.85 i_ptm 0.43 energy -8.16
97 models [2] recycles 0 hard 0 soft 1 temp 1 loss 1.34 i_con 3.74 plddt 0.34 ptm 0.87 i_ptm 0.48 energy -8.20
98 models [3] recycles 0 hard 0 soft 1 temp 1 loss 1.50 i_con 3.92 plddt 0.31 ptm 0.86 i_ptm 0.37 energy -8.28
99 models [2] recycles 0 hard 0 soft 1 temp 1 loss 1.36 i_con 3.76 plddt 0.37 ptm 0.87 i_ptm 0.47 energy -8.21
100 models [1] recycles 0 hard 0 soft 1 temp 1 loss 2.97 i_con 5.38 plddt 0.23 ptm 0.85 i_ptm 0.15 energy -8.30
101 models [0] recycles 0 hard 0 soft 0 temp 1 loss 0.37 i_con 5.15 plddt 0.25 ptm 0.82 i_ptm 0.16 energy -48.58
102 models [1] recycles 0 hard 0 soft 0 temp 0.98 loss 1.21 i_con 6.02 plddt 0.28 ptm 0.86 i_ptm 0.19 energy -48.79
103 models [3] recycles 0 hard 0 soft 0 temp 0.96 loss 0.17 i_con 5.07 plddt 0.21 ptm 0.83 i_ptm 0.11 energy -49.84
104 models [1] recycles 0 hard 0 soft 0 temp 0.94 loss 1.13 i_con 6.01 plddt 0.27 ptm 0.86 i_ptm 0.17 energy -49.59
105 models [0] recycles 0 hard 0 soft 0 temp 0.92 loss -0.77 i_con 4.20 plddt 0.29 ptm 0.84 i_ptm 0.28 energy -50.46
106 models [3] recycles 0 hard 0 soft 0 temp 0.90 loss 0.63 i_con 5.68 plddt 0.24 ptm 0.85 i_ptm 0.18 energy -51.25
107 models [2] recycles 0 hard 0 soft 0 temp 0.88 loss -0.14 i_con 4.94 plddt 0.23 ptm 0.86 i_ptm 0.14 energy -51.53
108 models [1] recycles 0 hard 0 soft 0 temp 0.86 loss 0.45 i_con 5.55 plddt 0.24 ptm 0.86 i_ptm 0.14 energy -51.75
109 models [0] recycles 0 hard 0 soft 0 temp 0.84 loss -0.57 i_con 4.58 plddt 0.28 ptm 0.83 i_ptm 0.22 energy -52.26
110 models [2] recycles 0 hard 0 soft 0 temp 0.82 loss 0.24 i_con 5.51 plddt 0.27 ptm 0.85 i_ptm 0.17 energy -53.47
111 models [4] recycles 0 hard 0 soft 0 temp 0.80 loss -0.67 i_con 4.63 plddt 0.21 ptm 0.87 i_ptm 0.17 energy -53.77
112 models [0] recycles 0 hard 0 soft 0 temp 0.78 loss -0.83 i_con 4.51 plddt 0.25 ptm 0.82 i_ptm 0.20 energy -54.18
113 models [4] recycles 0 hard 0 soft 0 temp 0.76 loss -0.47 i_con 5.03 plddt 0.22 ptm 0.87 i_ptm 0.21 energy -55.75
114 models [4] recycles 0 hard 0 soft 0 temp 0.74 loss -0.57 i_con 5.02 plddt 0.21 ptm 0.87 i_ptm 0.18 energy -56.73
115 models [4] recycles 0 hard 0 soft 0 temp 0.72 loss -1.00 i_con 4.62 plddt 0.22 ptm 0.87 i_ptm 0.20 energy -57.00
116 models [4] recycles 0 hard 0 soft 0 temp 0.70 loss -0.33 i_con 5.41 plddt 0.23 ptm 0.86 i_ptm 0.14 energy -58.22
117 models [3] recycles 0 hard 0 soft 0 temp 0.68 loss -0.28 i_con 5.51 plddt 0.20 ptm 0.85 i_ptm 0.13 energy -58.70
118 models [3] recycles 0 hard 0 soft 0 temp 0.66 loss -0.49 i_con 5.29 plddt 0.24 ptm 0.84 i_ptm 0.15 energy -58.51
119 models [4] recycles 0 hard 0 soft 0 temp 0.64 loss -0.89 i_con 4.86 plddt 0.22 ptm 0.87 i_ptm 0.13 energy -58.29
120 models [0] recycles 0 hard 0 soft 0 temp 0.62 loss -1.19 i_con 4.58 plddt 0.25 ptm 0.83 i_ptm 0.21 energy -58.45
121 models [4] recycles 0 hard 0 soft 0 temp 0.60 loss -1.31 i_con 4.58 plddt 0.26 ptm 0.87 i_ptm 0.25 energy -59.62
122 models [3] recycles 0 hard 0 soft 0 temp 0.58 loss -1.23 i_con 4.73 plddt 0.27 ptm 0.85 i_ptm 0.24 energy -60.33
123 models [4] recycles 0 hard 0 soft 0 temp 0.56 loss -0.73 i_con 5.33 plddt 0.21 ptm 0.87 i_ptm 0.13 energy -61.48
124 models [4] recycles 0 hard 0 soft 0 temp 0.54 loss -1.54 i_con 4.56 plddt 0.26 ptm 0.88 i_ptm 0.25 energy -61.71
125 models [3] recycles 0 hard 0 soft 0 temp 0.52 loss -1.30 i_con 4.86 plddt 0.24 ptm 0.84 i_ptm 0.17 energy -62.33
126 models [4] recycles 0 hard 0 soft 0 temp 0.50 loss -1.53 i_con 4.65 plddt 0.25 ptm 0.86 i_ptm 0.19 energy -62.50
127 models [2] recycles 0 hard 0 soft 0 temp 0.48 loss -0.79 i_con 5.44 plddt 0.25 ptm 0.85 i_ptm 0.15 energy -63.08
128 models [2] recycles 0 hard 0 soft 0 temp 0.46 loss -1.58 i_con 4.69 plddt 0.23 ptm 0.85 i_ptm 0.15 energy -63.47
129 models [3] recycles 0 hard 0 soft 0 temp 0.44 loss -1.62 i_con 4.66 plddt 0.26 ptm 0.84 i_ptm 0.24 energy -63.49
130 models [1] recycles 0 hard 0 soft 0 temp 0.42 loss -0.97 i_con 5.37 plddt 0.24 ptm 0.85 i_ptm 0.11 energy -64.12
131 models [4] recycles 0 hard 0 soft 0 temp 0.40 loss -1.10 i_con 5.22 plddt 0.21 ptm 0.87 i_ptm 0.14 energy -64.02
132 models [4] recycles 0 hard 0 soft 0 temp 0.38 loss -0.77 i_con 5.62 plddt 0.20 ptm 0.87 i_ptm 0.15 energy -64.73
133 models [4] recycles 0 hard 0 soft 0 temp 0.36 loss -1.64 i_con 4.72 plddt 0.21 ptm 0.87 i_ptm 0.14 energy -64.40
134 models [2] recycles 0 hard 0 soft 0 temp 0.34 loss -0.95 i_con 5.40 plddt 0.23 ptm 0.85 i_ptm 0.13 energy -64.27
135 models [0] recycles 0 hard 0 soft 0 temp 0.32 loss -1.80 i_con 4.58 plddt 0.28 ptm 0.83 i_ptm 0.20 energy -64.48
136 models [1] recycles 0 hard 0 soft 0 temp 0.30 loss -1.09 i_con 5.44 plddt 0.24 ptm 0.86 i_ptm 0.11 energy -66.06
137 models [4] recycles 0 hard 0 soft 0 temp 0.28 loss -1.56 i_con 5.05 plddt 0.20 ptm 0.87 i_ptm 0.13 energy -66.95
138 models [0] recycles 0 hard 0 soft 0 temp 0.26 loss -2.19 i_con 4.45 plddt 0.28 ptm 0.83 i_ptm 0.26 energy -67.08
139 models [1] recycles 0 hard 0 soft 0 temp 0.24 loss -1.11 i_con 5.53 plddt 0.24 ptm 0.86 i_ptm 0.16 energy -67.18
140 models [2] recycles 0 hard 0 soft 0 temp 0.22 loss -2.29 i_con 4.40 plddt 0.28 ptm 0.86 i_ptm 0.28 energy -67.60
141 models [4] recycles 0 hard 0 soft 0 temp 0.20 loss -2.20 i_con 4.63 plddt 0.23 ptm 0.87 i_ptm 0.21 energy -69.03
142 models [4] recycles 0 hard 0 soft 0 temp 0.18 loss -2.16 i_con 4.80 plddt 0.20 ptm 0.87 i_ptm 0.14 energy -70.30
143 models [3] recycles 0 hard 0 soft 0 temp 0.16 loss -2.37 i_con 4.61 plddt 0.24 ptm 0.85 i_ptm 0.22 energy -70.56
144 models [0] recycles 0 hard 0 soft 0 temp 0.14 loss -2.64 i_con 4.38 plddt 0.29 ptm 0.83 i_ptm 0.30 energy -70.88
145 models [0] recycles 0 hard 0 soft 0 temp 0.12 loss -2.50 i_con 4.63 plddt 0.23 ptm 0.82 i_ptm 0.18 energy -72.02
146 models [3] recycles 0 hard 0 soft 0 temp 0.10 loss -5.01 i_con 2.23 plddt 0.20 ptm 0.44 i_ptm 0.44 energy -73.23
147 models [3] recycles 0 hard 0 soft 0 temp 0.08 loss -3.49 i_con 3.77 plddt 0.21 ptm 0.38 i_ptm 0.37 energy -73.40
148 models [0] recycles 0 hard 0 soft 0 temp 0.06 loss -2.41 i_con 4.86 plddt 0.22 ptm 0.84 i_ptm 0.17 energy -73.40
149 models [1] recycles 0 hard 0 soft 0 temp 0.04 loss -1.61 i_con 5.68 plddt 0.26 ptm 0.86 i_ptm 0.13 energy -73.61
150 models [1] recycles 0 hard 0 soft 0 temp 0.02 loss -1.83 i_con 5.48 plddt 0.22 ptm 0.85 i_ptm 0.11 energy -73.81
151 models [2] recycles 0 hard 1 soft 0 temp 0.00 loss -1.50 i_con 3.70 plddt 0.30 ptm 0.87 i_ptm 0.47 energy -7.53
152 models [2] recycles 0 hard 1 soft 0 temp 0.00 loss -1.50 i_con 3.70 plddt 0.30 ptm 0.87 i_ptm 0.47 energy -7.53
153 models [4] recycles 0 hard 1 soft 0 temp 0.00 loss -0.84 i_con 4.36 plddt 0.21 ptm 0.88 i_ptm 0.28 energy -7.53
154 models [4] recycles 0 hard 1 soft 0 temp 0.00 loss -0.84 i_con 4.36 plddt 0.21 ptm 0.88 i_ptm 0.28 energy -7.53
155 models [4] recycles 0 hard 1 soft 0 temp 0.00 loss -0.84 i_con 4.36 plddt 0.21 ptm 0.88 i_ptm 0.28 energy -7.53
156 models [3] recycles 0 hard 1 soft 0 temp 0.00 loss -0.86 i_con 4.33 plddt 0.23 ptm 0.85 i_ptm 0.27 energy -7.53
157 models [4] recycles 0 hard 1 soft 0 temp 0.00 loss -0.84 i_con 4.36 plddt 0.21 ptm 0.88 i_ptm 0.28 energy -7.53
158 models [2] recycles 0 hard 1 soft 0 temp 0.00 loss -1.50 i_con 3.70 plddt 0.30 ptm 0.87 i_ptm 0.47 energy -7.53
159 models [2] recycles 0 hard 1 soft 0 temp 0.00 loss -1.50 i_con 3.70 plddt 0.30 ptm 0.87 i_ptm 0.47 energy -7.53
160 models [4] recycles 0 hard 1 soft 0 temp 0.00 loss -0.84 i_con 4.36 plddt 0.21 ptm 0.88 i_ptm 0.28 energy -7.53
161 models [1] recycles 0 hard 1 soft 0 temp 0.00 loss 0.27 i_con 5.46 plddt 0.19 ptm 0.85 i_ptm 0.17 energy -7.53
162 models [3] recycles 0 hard 1 soft 0 temp 0.00 loss -0.86 i_con 4.33 plddt 0.23 ptm 0.85 i_ptm 0.27 energy -7.53
163 models [1] recycles 0 hard 1 soft 0 temp 0.00 loss 0.27 i_con 5.46 plddt 0.19 ptm 0.85 i_ptm 0.17 energy -7.53
164 models [0] recycles 0 hard 1 soft 0 temp 0.00 loss 0.72 i_con 5.92 plddt 0.27 ptm 0.84 i_ptm 0.32 energy -7.53
165 models [3] recycles 0 hard 1 soft 0 temp 0.00 loss -0.86 i_con 4.33 plddt 0.23 ptm 0.85 i_ptm 0.27 energy -7.53
166 models [3] recycles 0 hard 1 soft 0 temp 0.00 loss -0.86 i_con 4.33 plddt 0.23 ptm 0.85 i_ptm 0.27 energy -7.53
167 models [4] recycles 0 hard 1 soft 0 temp 0.00 loss -0.84 i_con 4.36 plddt 0.21 ptm 0.88 i_ptm 0.28 energy -7.53
168 models [1] recycles 0 hard 1 soft 0 temp 0.00 loss 0.27 i_con 5.46 plddt 0.19 ptm 0.85 i_ptm 0.17 energy -7.53
169 models [3] recycles 0 hard 1 soft 0 temp 0.00 loss -0.86 i_con 4.33 plddt 0.23 ptm 0.85 i_ptm 0.27 energy -7.53
170 models [4] recycles 0 hard 1 soft 0 temp 0.00 loss -0.84 i_con 4.36 plddt 0.21 ptm 0.88 i_ptm 0.28 energy -7.53
171 models [3] recycles 0 hard 1 soft 0 temp 0.00 loss -0.86 i_con 4.33 plddt 0.23 ptm 0.85 i_ptm 0.27 energy -7.53
172 models [0] recycles 0 hard 1 soft 0 temp 0.00 loss 0.72 i_con 5.92 plddt 0.27 ptm 0.84 i_ptm 0.32 energy -7.53
173 models [2] recycles 0 hard 1 soft 0 temp 0.00 loss -1.50 i_con 3.70 plddt 0.30 ptm 0.87 i_ptm 0.47 energy -7.53
174 models [3] recycles 0 hard 1 soft 0 temp 0.00 loss -0.86 i_con 4.33 plddt 0.23 ptm 0.85 i_ptm 0.27 energy -7.53
175 models [4] recycles 0 hard 1 soft 0 temp 0.00 loss -0.84 i_con 4.36 plddt 0.21 ptm 0.88 i_ptm 0.28 energy -7.53
176 models [0] recycles 0 hard 1 soft 0 temp 0.00 loss 0.72 i_con 5.92 plddt 0.27 ptm 0.84 i_ptm 0.32 energy -7.53
177 models [0] recycles 0 hard 1 soft 0 temp 0.00 loss 0.72 i_con 5.92 plddt 0.27 ptm 0.84 i_ptm 0.32 energy -7.53
178 models [1] recycles 0 hard 1 soft 0 temp 0.00 loss 0.27 i_con 5.46 plddt 0.19 ptm 0.85 i_ptm 0.17 energy -7.53
179 models [2] recycles 0 hard 1 soft 0 temp 0.00 loss -1.50 i_con 3.70 plddt 0.30 ptm 0.87 i_ptm 0.47 energy -7.53
180 models [1] recycles 0 hard 1 soft 0 temp 0.00 loss 0.27 i_con 5.46 plddt 0.19 ptm 0.85 i_ptm 0.17 energy -7.53
  seq=AWKLLCFNSNYYGTG  loss=0.2710  loss_af=5.5425  energy=-7.5308  i_ptm=0.1650
[15/30] seed=14 ...
1 models [4] recycles 0 hard 0 soft 1 temp 1 loss 4.93 i_con 4.48 plddt 0.22 ptm 0.87 i_ptm 0.22 energy 7.41
2 models [1] recycles 0 hard 0 soft 1 temp 1 loss 6.02 i_con 5.58 plddt 0.22 ptm 0.86 i_ptm 0.17 energy 7.25
3 models [4] recycles 0 hard 0 soft 1 temp 1 loss 4.99 i_con 4.56 plddt 0.21 ptm 0.87 i_ptm 0.17 energy 7.02
4 models [2] recycles 0 hard 0 soft 1 temp 1 loss 4.32 i_con 3.91 plddt 0.33 ptm 0.87 i_ptm 0.44 energy 6.80
5 models [0] recycles 0 hard 0 soft 1 temp 1 loss 4.25 i_con 3.88 plddt 0.35 ptm 0.85 i_ptm 0.44 energy 6.05
6 models [3] recycles 0 hard 0 soft 1 temp 1 loss 4.22 i_con 3.88 plddt 0.34 ptm 0.86 i_ptm 0.40 energy 5.39
7 models [0] recycles 0 hard 0 soft 1 temp 1 loss 4.25 i_con 3.95 plddt 0.32 ptm 0.85 i_ptm 0.40 energy 4.61
8 models [2] recycles 0 hard 0 soft 1 temp 1 loss 4.15 i_con 3.89 plddt 0.31 ptm 0.86 i_ptm 0.39 energy 3.88
9 models [1] recycles 0 hard 0 soft 1 temp 1 loss 4.65 i_con 4.40 plddt 0.22 ptm 0.86 i_ptm 0.20 energy 3.46
10 models [2] recycles 0 hard 0 soft 1 temp 1 loss 4.04 i_con 3.81 plddt 0.32 ptm 0.87 i_ptm 0.43 energy 3.28
11 models [0] recycles 0 hard 0 soft 1 temp 1 loss 4.33 i_con 4.12 plddt 0.27 ptm 0.84 i_ptm 0.32 energy 2.70
12 models [4] recycles 0 hard 0 soft 1 temp 1 loss 4.10 i_con 3.90 plddt 0.29 ptm 0.88 i_ptm 0.39 energy 2.41
13 models [3] recycles 0 hard 0 soft 1 temp 1 loss 4.05 i_con 3.87 plddt 0.33 ptm 0.85 i_ptm 0.42 energy 2.25
14 models [2] recycles 0 hard 0 soft 1 temp 1 loss 3.98 i_con 3.81 plddt 0.32 ptm 0.87 i_ptm 0.42 energy 2.00
15 models [4] recycles 0 hard 0 soft 1 temp 1 loss 4.10 i_con 3.95 plddt 0.29 ptm 0.88 i_ptm 0.39 energy 1.64
16 models [1] recycles 0 hard 0 soft 1 temp 1 loss 5.03 i_con 4.89 plddt 0.22 ptm 0.85 i_ptm 0.12 energy 1.34
17 models [0] recycles 0 hard 0 soft 1 temp 1 loss 4.12 i_con 4.00 plddt 0.33 ptm 0.85 i_ptm 0.36 energy 1.17
18 models [1] recycles 0 hard 0 soft 1 temp 1 loss 4.29 i_con 4.17 plddt 0.26 ptm 0.86 i_ptm 0.28 energy 0.98
19 models [3] recycles 0 hard 0 soft 1 temp 1 loss 3.85 i_con 3.75 plddt 0.37 ptm 0.86 i_ptm 0.47 energy 0.80
20 models [3] recycles 0 hard 0 soft 1 temp 1 loss 3.82 i_con 3.73 plddt 0.38 ptm 0.87 i_ptm 0.47 energy 0.60
21 models [0] recycles 0 hard 0 soft 1 temp 1 loss 3.87 i_con 3.81 plddt 0.40 ptm 0.86 i_ptm 0.48 energy 0.09
22 models [0] recycles 0 hard 0 soft 1 temp 1 loss 4.61 i_con 4.54 plddt 0.26 ptm 0.83 i_ptm 0.18 energy -0.16
23 models [0] recycles 0 hard 0 soft 1 temp 1 loss 3.88 i_con 3.83 plddt 0.38 ptm 0.85 i_ptm 0.45 energy -0.18
24 models [1] recycles 0 hard 0 soft 1 temp 1 loss 4.05 i_con 4.02 plddt 0.28 ptm 0.87 i_ptm 0.35 energy -0.76
25 models [4] recycles 0 hard 0 soft 1 temp 1 loss 3.90 i_con 3.87 plddt 0.33 ptm 0.88 i_ptm 0.44 energy -0.84
26 models [1] recycles 0 hard 0 soft 1 temp 1 loss 4.34 i_con 4.33 plddt 0.25 ptm 0.86 i_ptm 0.20 energy -1.11
27 models [3] recycles 0 hard 0 soft 1 temp 1 loss 3.57 i_con 3.57 plddt 0.42 ptm 0.87 i_ptm 0.58 energy -1.19
28 models [1] recycles 0 hard 0 soft 1 temp 1 loss 3.89 i_con 3.88 plddt 0.32 ptm 0.87 i_ptm 0.44 energy -1.25
29 models [4] recycles 0 hard 0 soft 1 temp 1 loss 3.73 i_con 3.74 plddt 0.35 ptm 0.89 i_ptm 0.49 energy -1.55
30 models [0] recycles 0 hard 0 soft 1 temp 1 loss 3.84 i_con 3.86 plddt 0.39 ptm 0.85 i_ptm 0.44 energy -1.59
31 models [3] recycles 0 hard 0 soft 1 temp 1 loss 3.64 i_con 3.66 plddt 0.40 ptm 0.87 i_ptm 0.54 energy -1.66
32 models [2] recycles 0 hard 0 soft 1 temp 1 loss 3.63 i_con 3.68 plddt 0.43 ptm 0.88 i_ptm 0.55 energy -2.02
33 models [4] recycles 0 hard 0 soft 1 temp 1 loss 3.65 i_con 3.70 plddt 0.42 ptm 0.89 i_ptm 0.58 energy -2.14
34 models [2] recycles 0 hard 0 soft 1 temp 1 loss 3.53 i_con 3.58 plddt 0.49 ptm 0.88 i_ptm 0.60 energy -2.17
35 models [2] recycles 0 hard 0 soft 1 temp 1 loss 3.71 i_con 3.76 plddt 0.41 ptm 0.87 i_ptm 0.51 energy -2.21
36 models [4] recycles 0 hard 0 soft 1 temp 1 loss 3.51 i_con 3.57 plddt 0.45 ptm 0.89 i_ptm 0.59 energy -2.28
37 models [1] recycles 0 hard 0 soft 1 temp 1 loss 3.77 i_con 3.82 plddt 0.37 ptm 0.87 i_ptm 0.45 energy -2.24
38 models [1] recycles 0 hard 0 soft 1 temp 1 loss 4.13 i_con 4.17 plddt 0.29 ptm 0.86 i_ptm 0.26 energy -2.21
39 models [2] recycles 0 hard 0 soft 1 temp 1 loss 3.53 i_con 3.59 plddt 0.49 ptm 0.88 i_ptm 0.60 energy -2.21
40 models [4] recycles 0 hard 0 soft 1 temp 1 loss 3.94 i_con 3.98 plddt 0.33 ptm 0.88 i_ptm 0.41 energy -2.23
41 models [4] recycles 0 hard 0 soft 1 temp 1 loss 3.69 i_con 3.73 plddt 0.40 ptm 0.89 i_ptm 0.53 energy -2.16
42 models [3] recycles 0 hard 0 soft 1 temp 1 loss 3.79 i_con 3.84 plddt 0.39 ptm 0.86 i_ptm 0.47 energy -2.19
43 models [0] recycles 0 hard 0 soft 1 temp 1 loss 3.58 i_con 3.64 plddt 0.49 ptm 0.86 i_ptm 0.57 energy -2.26
44 models [3] recycles 0 hard 0 soft 1 temp 1 loss 3.43 i_con 3.49 plddt 0.53 ptm 0.87 i_ptm 0.62 energy -2.16
45 models [4] recycles 0 hard 0 soft 1 temp 1 loss 3.68 i_con 3.73 plddt 0.42 ptm 0.89 i_ptm 0.52 energy -2.13
46 models [3] recycles 0 hard 0 soft 1 temp 1 loss 3.57 i_con 3.61 plddt 0.42 ptm 0.86 i_ptm 0.56 energy -2.11
47 models [1] recycles 0 hard 0 soft 1 temp 1 loss 3.80 i_con 3.85 plddt 0.36 ptm 0.87 i_ptm 0.41 energy -2.32
48 models [3] recycles 0 hard 0 soft 1 temp 1 loss 3.31 i_con 3.39 plddt 0.54 ptm 0.87 i_ptm 0.67 energy -2.47
49 models [3] recycles 0 hard 0 soft 1 temp 1 loss 3.50 i_con 3.57 plddt 0.45 ptm 0.86 i_ptm 0.56 energy -2.50
50 models [4] recycles 0 hard 0 soft 1 temp 1 loss 3.40 i_con 3.48 plddt 0.51 ptm 0.89 i_ptm 0.64 energy -2.71
51 models [1] recycles 0 hard 0 soft 1 temp 1 loss 3.15 i_con 3.87 plddt 0.39 ptm 0.87 i_ptm 0.41 energy -2.60
52 models [2] recycles 0 hard 0 soft 1 temp 1 loss 2.69 i_con 3.51 plddt 0.52 ptm 0.87 i_ptm 0.62 energy -2.90
53 models [1] recycles 0 hard 0 soft 1 temp 1 loss 3.72 i_con 4.56 plddt 0.29 ptm 0.86 i_ptm 0.16 energy -3.06
54 models [1] recycles 0 hard 0 soft 1 temp 1 loss 3.04 i_con 3.85 plddt 0.36 ptm 0.87 i_ptm 0.40 energy -2.92
55 models [4] recycles 0 hard 0 soft 1 temp 1 loss 2.81 i_con 3.67 plddt 0.43 ptm 0.89 i_ptm 0.55 energy -3.07
56 models [2] recycles 0 hard 0 soft 1 temp 1 loss 2.79 i_con 3.74 plddt 0.43 ptm 0.87 i_ptm 0.50 energy -3.35
57 models [3] recycles 0 hard 0 soft 1 temp 1 loss 4.57 i_con 5.53 plddt 0.32 ptm 0.85 i_ptm 0.24 energy -3.45
58 models [0] recycles 0 hard 0 soft 1 temp 1 loss 2.42 i_con 3.41 plddt 0.56 ptm 0.87 i_ptm 0.66 energy -3.43
59 models [1] recycles 0 hard 0 soft 1 temp 1 loss 3.73 i_con 4.70 plddt 0.26 ptm 0.85 i_ptm 0.13 energy -3.47
60 models [3] recycles 0 hard 0 soft 1 temp 1 loss 2.68 i_con 3.69 plddt 0.46 ptm 0.86 i_ptm 0.57 energy -3.55
61 models [0] recycles 0 hard 0 soft 1 temp 1 loss 2.28 i_con 3.29 plddt 0.61 ptm 0.86 i_ptm 0.71 energy -3.48
62 models [1] recycles 0 hard 0 soft 1 temp 1 loss 3.96 i_con 4.97 plddt 0.20 ptm 0.85 i_ptm 0.09 energy -3.64
63 models [0] recycles 0 hard 0 soft 1 temp 1 loss 2.30 i_con 3.34 plddt 0.58 ptm 0.87 i_ptm 0.68 energy -3.61
64 models [3] recycles 0 hard 0 soft 1 temp 1 loss 3.60 i_con 4.71 plddt 0.29 ptm 0.84 i_ptm 0.19 energy -3.93
65 models [2] recycles 0 hard 0 soft 1 temp 1 loss 3.45 i_con 4.58 plddt 0.29 ptm 0.85 i_ptm 0.12 energy -4.00
66 models [1] recycles 0 hard 0 soft 1 temp 1 loss 3.35 i_con 4.45 plddt 0.27 ptm 0.85 i_ptm 0.16 energy -3.89
67 models [3] recycles 0 hard 0 soft 1 temp 1 loss 2.54 i_con 3.64 plddt 0.41 ptm 0.87 i_ptm 0.55 energy -3.86
68 models [0] recycles 0 hard 0 soft 1 temp 1 loss 1.88 i_con 3.01 plddt 0.68 ptm 0.87 i_ptm 0.79 energy -3.89
69 models [4] recycles 0 hard 0 soft 1 temp 1 loss 2.53 i_con 3.68 plddt 0.41 ptm 0.89 i_ptm 0.52 energy -4.02
70 models [4] recycles 0 hard 0 soft 1 temp 1 loss 2.39 i_con 3.63 plddt 0.42 ptm 0.89 i_ptm 0.54 energy -4.34
71 models [1] recycles 0 hard 0 soft 1 temp 1 loss 3.73 i_con 5.02 plddt 0.28 ptm 0.86 i_ptm 0.15 energy -4.54
72 models [4] recycles 0 hard 0 soft 1 temp 1 loss 3.45 i_con 4.73 plddt 0.29 ptm 0.87 i_ptm 0.18 energy -4.50
73 models [1] recycles 0 hard 0 soft 1 temp 1 loss 3.33 i_con 4.64 plddt 0.29 ptm 0.85 i_ptm 0.18 energy -4.61
74 models [3] recycles 0 hard 0 soft 1 temp 1 loss 2.26 i_con 3.59 plddt 0.45 ptm 0.86 i_ptm 0.54 energy -4.62
75 models [4] recycles 0 hard 0 soft 1 temp 1 loss 2.25 i_con 3.62 plddt 0.41 ptm 0.89 i_ptm 0.55 energy -4.78
76 models [4] recycles 0 hard 0 soft 1 temp 1 loss 3.25 i_con 4.67 plddt 0.34 ptm 0.87 i_ptm 0.24 energy -4.95
77 models [4] recycles 0 hard 0 soft 1 temp 1 loss 2.48 i_con 3.97 plddt 0.34 ptm 0.88 i_ptm 0.37 energy -5.18
78 models [4] recycles 0 hard 0 soft 1 temp 1 loss 2.70 i_con 4.17 plddt 0.31 ptm 0.87 i_ptm 0.27 energy -5.13
79 models [1] recycles 0 hard 0 soft 1 temp 1 loss 3.16 i_con 4.65 plddt 0.33 ptm 0.86 i_ptm 0.28 energy -5.19
80 models [2] recycles 0 hard 0 soft 1 temp 1 loss 2.18 i_con 3.68 plddt 0.40 ptm 0.87 i_ptm 0.54 energy -5.18
81 models [3] recycles 0 hard 0 soft 1 temp 1 loss 3.60 i_con 5.12 plddt 0.26 ptm 0.84 i_ptm 0.18 energy -5.32
82 models [1] recycles 0 hard 0 soft 1 temp 1 loss 3.18 i_con 4.68 plddt 0.37 ptm 0.86 i_ptm 0.34 energy -5.20
83 models [4] recycles 0 hard 0 soft 1 temp 1 loss 2.54 i_con 4.11 plddt 0.28 ptm 0.87 i_ptm 0.28 energy -5.46
84 models [0] recycles 0 hard 0 soft 1 temp 1 loss 2.14 i_con 3.73 plddt 0.38 ptm 0.86 i_ptm 0.53 energy -5.49
85 models [3] recycles 0 hard 0 soft 1 temp 1 loss 2.34 i_con 3.92 plddt 0.34 ptm 0.86 i_ptm 0.39 energy -5.50
86 models [1] recycles 0 hard 0 soft 1 temp 1 loss 3.14 i_con 4.75 plddt 0.27 ptm 0.85 i_ptm 0.19 energy -5.58
87 models [1] recycles 0 hard 0 soft 1 temp 1 loss 3.18 i_con 4.79 plddt 0.27 ptm 0.85 i_ptm 0.11 energy -5.61
88 models [4] recycles 0 hard 0 soft 1 temp 1 loss 2.42 i_con 3.99 plddt 0.32 ptm 0.88 i_ptm 0.40 energy -5.46
89 models [0] recycles 0 hard 0 soft 1 temp 1 loss 2.42 i_con 4.03 plddt 0.29 ptm 0.84 i_ptm 0.32 energy -5.60
90 models [1] recycles 0 hard 0 soft 1 temp 1 loss 2.97 i_con 4.55 plddt 0.25 ptm 0.85 i_ptm 0.17 energy -5.52
91 models [1] recycles 0 hard 0 soft 1 temp 1 loss 2.90 i_con 4.48 plddt 0.21 ptm 0.86 i_ptm 0.16 energy -5.54
92 models [4] recycles 0 hard 0 soft 1 temp 1 loss 2.78 i_con 4.37 plddt 0.24 ptm 0.87 i_ptm 0.21 energy -5.54
93 models [4] recycles 0 hard 0 soft 1 temp 1 loss 2.55 i_con 4.18 plddt 0.25 ptm 0.88 i_ptm 0.28 energy -5.66
94 models [3] recycles 0 hard 0 soft 1 temp 1 loss 2.30 i_con 3.94 plddt 0.32 ptm 0.85 i_ptm 0.40 energy -5.69
95 models [4] recycles 0 hard 0 soft 1 temp 1 loss 2.07 i_con 3.72 plddt 0.34 ptm 0.89 i_ptm 0.50 energy -5.73
96 models [1] recycles 0 hard 0 soft 1 temp 1 loss 2.50 i_con 4.14 plddt 0.25 ptm 0.86 i_ptm 0.27 energy -5.70
97 models [4] recycles 0 hard 0 soft 1 temp 1 loss 2.25 i_con 3.92 plddt 0.29 ptm 0.88 i_ptm 0.39 energy -5.81
98 models [0] recycles 0 hard 0 soft 1 temp 1 loss 2.18 i_con 3.86 plddt 0.33 ptm 0.86 i_ptm 0.40 energy -5.83
99 models [2] recycles 0 hard 0 soft 1 temp 1 loss 2.01 i_con 3.73 plddt 0.38 ptm 0.88 i_ptm 0.50 energy -5.94
100 models [3] recycles 0 hard 0 soft 1 temp 1 loss 1.65 i_con 3.39 plddt 0.42 ptm 0.87 i_ptm 0.53 energy -6.00
101 models [2] recycles 0 hard 0 soft 0 temp 1 loss 2.85 i_con 6.03 plddt 0.28 ptm 0.86 i_ptm 0.18 energy -32.53
102 models [2] recycles 0 hard 0 soft 0 temp 0.98 loss 1.48 i_con 4.71 plddt 0.24 ptm 0.86 i_ptm 0.16 energy -33.04
103 models [1] recycles 0 hard 0 soft 0 temp 0.96 loss 2.99 i_con 6.21 plddt 0.26 ptm 0.86 i_ptm 0.18 energy -33.02
104 models [1] recycles 0 hard 0 soft 0 temp 0.94 loss 3.35 i_con 6.65 plddt 0.27 ptm 0.86 i_ptm 0.19 energy -33.74
105 models [3] recycles 0 hard 0 soft 0 temp 0.92 loss 1.88 i_con 5.28 plddt 0.23 ptm 0.85 i_ptm 0.14 energy -34.79
106 models [3] recycles 0 hard 0 soft 0 temp 0.90 loss 2.31 i_con 5.74 plddt 0.25 ptm 0.85 i_ptm 0.16 energy -35.07
107 models [1] recycles 0 hard 0 soft 0 temp 0.88 loss 2.76 i_con 6.25 plddt 0.29 ptm 0.87 i_ptm 0.19 energy -35.60
108 models [2] recycles 0 hard 0 soft 0 temp 0.86 loss 1.01 i_con 4.60 plddt 0.26 ptm 0.85 i_ptm 0.15 energy -36.60
109 models [1] recycles 0 hard 0 soft 0 temp 0.84 loss 2.84 i_con 6.47 plddt 0.27 ptm 0.86 i_ptm 0.20 energy -36.98
110 models [3] recycles 0 hard 0 soft 0 temp 0.82 loss 1.10 i_con 4.82 plddt 0.23 ptm 0.85 i_ptm 0.17 energy -38.07
111 models [1] recycles 0 hard 0 soft 0 temp 0.80 loss 2.49 i_con 6.23 plddt 0.26 ptm 0.86 i_ptm 0.19 energy -38.14
112 models [3] recycles 0 hard 0 soft 0 temp 0.78 loss 0.79 i_con 4.59 plddt 0.24 ptm 0.85 i_ptm 0.20 energy -38.74
113 models [4] recycles 0 hard 0 soft 0 temp 0.76 loss 1.56 i_con 5.45 plddt 0.20 ptm 0.86 i_ptm 0.12 energy -39.65
114 models [1] recycles 0 hard 0 soft 0 temp 0.74 loss 2.07 i_con 5.97 plddt 0.24 ptm 0.86 i_ptm 0.14 energy -39.78
115 models [3] recycles 0 hard 0 soft 0 temp 0.72 loss 0.79 i_con 4.77 plddt 0.26 ptm 0.85 i_ptm 0.20 energy -40.53
116 models [0] recycles 0 hard 0 soft 0 temp 0.70 loss 0.76 i_con 4.78 plddt 0.26 ptm 0.84 i_ptm 0.20 energy -40.89
117 models [1] recycles 0 hard 0 soft 0 temp 0.68 loss 1.55 i_con 5.75 plddt 0.24 ptm 0.86 i_ptm 0.12 energy -42.78
118 models [3] recycles 0 hard 0 soft 0 temp 0.66 loss 0.45 i_con 4.69 plddt 0.24 ptm 0.85 i_ptm 0.18 energy -43.17
119 models [2] recycles 0 hard 0 soft 0 temp 0.64 loss 0.28 i_con 4.60 plddt 0.25 ptm 0.86 i_ptm 0.19 energy -43.96
120 models [2] recycles 0 hard 0 soft 0 temp 0.62 loss 0.03 i_con 4.46 plddt 0.25 ptm 0.86 i_ptm 0.25 energy -45.01
121 models [3] recycles 0 hard 0 soft 0 temp 0.60 loss -0.52 i_con 4.12 plddt 0.27 ptm 0.86 i_ptm 0.32 energy -47.15
122 models [0] recycles 0 hard 0 soft 0 temp 0.58 loss -0.20 i_con 4.50 plddt 0.26 ptm 0.83 i_ptm 0.19 energy -47.69
123 models [3] recycles 0 hard 0 soft 0 temp 0.56 loss -0.25 i_con 4.57 plddt 0.28 ptm 0.86 i_ptm 0.30 energy -48.85
124 models [0] recycles 0 hard 0 soft 0 temp 0.54 loss -0.24 i_con 4.74 plddt 0.26 ptm 0.84 i_ptm 0.19 energy -50.55
125 models [0] recycles 0 hard 0 soft 0 temp 0.52 loss -0.53 i_con 4.67 plddt 0.26 ptm 0.84 i_ptm 0.23 energy -52.74
126 models [3] recycles 0 hard 0 soft 0 temp 0.50 loss -0.86 i_con 4.55 plddt 0.26 ptm 0.85 i_ptm 0.29 energy -54.81
127 models [1] recycles 0 hard 0 soft 0 temp 0.48 loss -0.52 i_con 5.08 plddt 0.25 ptm 0.86 i_ptm 0.13 energy -56.76
128 models [1] recycles 0 hard 0 soft 0 temp 0.46 loss -0.93 i_con 4.81 plddt 0.26 ptm 0.86 i_ptm 0.19 energy -58.12
129 models [4] recycles 0 hard 0 soft 0 temp 0.44 loss -1.13 i_con 4.69 plddt 0.22 ptm 0.87 i_ptm 0.19 energy -58.97
130 models [0] recycles 0 hard 0 soft 0 temp 0.42 loss -1.38 i_con 4.59 plddt 0.29 ptm 0.83 i_ptm 0.26 energy -60.46
131 models [4] recycles 0 hard 0 soft 0 temp 0.40 loss -1.47 i_con 4.63 plddt 0.24 ptm 0.88 i_ptm 0.26 energy -61.72
132 models [0] recycles 0 hard 0 soft 0 temp 0.38 loss -1.60 i_con 4.60 plddt 0.29 ptm 0.83 i_ptm 0.23 energy -62.72
133 models [1] recycles 0 hard 0 soft 0 temp 0.36 loss -1.42 i_con 5.00 plddt 0.26 ptm 0.86 i_ptm 0.15 energy -64.92
134 models [0] recycles 0 hard 0 soft 0 temp 0.34 loss -1.89 i_con 4.61 plddt 0.27 ptm 0.84 i_ptm 0.21 energy -65.74
135 models [3] recycles 0 hard 0 soft 0 temp 0.32 loss -1.77 i_con 4.93 plddt 0.24 ptm 0.86 i_ptm 0.16 energy -67.76
136 models [4] recycles 0 hard 0 soft 0 temp 0.30 loss -1.82 i_con 4.90 plddt 0.19 ptm 0.87 i_ptm 0.12 energy -68.06
137 models [4] recycles 0 hard 0 soft 0 temp 0.28 loss -2.24 i_con 4.60 plddt 0.25 ptm 0.88 i_ptm 0.23 energy -69.16
138 models [3] recycles 0 hard 0 soft 0 temp 0.26 loss -2.42 i_con 4.42 plddt 0.30 ptm 0.86 i_ptm 0.34 energy -69.09
139 models [2] recycles 0 hard 0 soft 0 temp 0.24 loss -2.54 i_con 4.41 plddt 0.24 ptm 0.85 i_ptm 0.21 energy -70.23
140 models [1] recycles 0 hard 0 soft 0 temp 0.22 loss -2.19 i_con 4.87 plddt 0.26 ptm 0.85 i_ptm 0.15 energy -71.42
141 models [1] recycles 0 hard 0 soft 0 temp 0.20 loss -2.25 i_con 5.01 plddt 0.24 ptm 0.86 i_ptm 0.14 energy -73.36
142 models [2] recycles 0 hard 0 soft 0 temp 0.18 loss -3.13 i_con 4.20 plddt 0.27 ptm 0.86 i_ptm 0.29 energy -74.04
143 models [0] recycles 0 hard 0 soft 0 temp 0.16 loss -2.92 i_con 4.61 plddt 0.26 ptm 0.84 i_ptm 0.22 energy -76.06
144 models [3] recycles 0 hard 0 soft 0 temp 0.14 loss -3.27 i_con 4.48 plddt 0.27 ptm 0.85 i_ptm 0.26 energy -78.21
145 models [4] recycles 0 hard 0 soft 0 temp 0.12 loss -3.40 i_con 4.55 plddt 0.21 ptm 0.87 i_ptm 0.16 energy -80.29
146 models [0] recycles 0 hard 0 soft 0 temp 0.10 loss -3.28 i_con 4.71 plddt 0.24 ptm 0.83 i_ptm 0.16 energy -80.66
147 models [1] recycles 0 hard 0 soft 0 temp 0.08 loss -2.96 i_con 5.03 plddt 0.27 ptm 0.85 i_ptm 0.15 energy -80.59
148 models [1] recycles 0 hard 0 soft 0 temp 0.06 loss -2.31 i_con 5.76 plddt 0.27 ptm 0.86 i_ptm 0.12 energy -81.45
149 models [2] recycles 0 hard 0 soft 0 temp 0.04 loss -3.76 i_con 4.43 plddt 0.28 ptm 0.86 i_ptm 0.29 energy -82.69
150 models [4] recycles 0 hard 0 soft 0 temp 0.02 loss -3.45 i_con 4.96 plddt 0.23 ptm 0.87 i_ptm 0.16 energy -84.91
151 models [2] recycles 0 hard 1 soft 0 temp 0.00 loss -0.61 i_con 3.81 plddt 0.28 ptm 0.87 i_ptm 0.42 energy -6.42
152 models [4] recycles 0 hard 1 soft 0 temp 0.00 loss 0.63 i_con 5.04 plddt 0.18 ptm 0.87 i_ptm 0.11 energy -6.42
153 models [3] recycles 0 hard 1 soft 0 temp 0.00 loss -1.42 i_con 3.02 plddt 0.44 ptm 0.88 i_ptm 0.63 energy -6.42
154 models [0] recycles 0 hard 1 soft 0 temp 0.00 loss 1.52 i_con 5.94 plddt 0.26 ptm 0.84 i_ptm 0.33 energy -6.42
155 models [3] recycles 0 hard 1 soft 0 temp 0.00 loss -1.42 i_con 3.02 plddt 0.44 ptm 0.88 i_ptm 0.63 energy -6.42
156 models [2] recycles 0 hard 1 soft 0 temp 0.00 loss -0.61 i_con 3.81 plddt 0.28 ptm 0.87 i_ptm 0.42 energy -6.42
157 models [0] recycles 0 hard 1 soft 0 temp 0.00 loss 1.52 i_con 5.94 plddt 0.26 ptm 0.84 i_ptm 0.33 energy -6.42
158 models [2] recycles 0 hard 1 soft 0 temp 0.00 loss -0.61 i_con 3.81 plddt 0.28 ptm 0.87 i_ptm 0.42 energy -6.42
159 models [1] recycles 0 hard 1 soft 0 temp 0.00 loss 1.13 i_con 5.55 plddt 0.22 ptm 0.85 i_ptm 0.19 energy -6.42
160 models [1] recycles 0 hard 1 soft 0 temp 0.00 loss 1.13 i_con 5.55 plddt 0.22 ptm 0.85 i_ptm 0.19 energy -6.42
161 models [4] recycles 0 hard 1 soft 0 temp 0.00 loss 0.63 i_con 5.04 plddt 0.18 ptm 0.87 i_ptm 0.11 energy -6.42
162 models [3] recycles 0 hard 1 soft 0 temp 0.00 loss -1.42 i_con 3.02 plddt 0.44 ptm 0.88 i_ptm 0.63 energy -6.42
163 models [3] recycles 0 hard 1 soft 0 temp 0.00 loss -1.42 i_con 3.02 plddt 0.44 ptm 0.88 i_ptm 0.63 energy -6.42
164 models [3] recycles 0 hard 1 soft 0 temp 0.00 loss -1.42 i_con 3.02 plddt 0.44 ptm 0.88 i_ptm 0.63 energy -6.42
165 models [4] recycles 0 hard 1 soft 0 temp 0.00 loss 0.63 i_con 5.04 plddt 0.18 ptm 0.87 i_ptm 0.11 energy -6.42
166 models [0] recycles 0 hard 1 soft 0 temp 0.00 loss 1.52 i_con 5.94 plddt 0.26 ptm 0.84 i_ptm 0.33 energy -6.42
167 models [3] recycles 0 hard 1 soft 0 temp 0.00 loss -1.42 i_con 3.02 plddt 0.44 ptm 0.88 i_ptm 0.63 energy -6.42
168 models [4] recycles 0 hard 1 soft 0 temp 0.00 loss 0.63 i_con 5.04 plddt 0.18 ptm 0.87 i_ptm 0.11 energy -6.42
169 models [0] recycles 0 hard 1 soft 0 temp 0.00 loss 1.52 i_con 5.94 plddt 0.26 ptm 0.84 i_ptm 0.33 energy -6.42
170 models [4] recycles 0 hard 1 soft 0 temp 0.00 loss 0.63 i_con 5.04 plddt 0.18 ptm 0.87 i_ptm 0.11 energy -6.42
171 models [4] recycles 0 hard 1 soft 0 temp 0.00 loss 0.63 i_con 5.04 plddt 0.18 ptm 0.87 i_ptm 0.11 energy -6.42
172 models [2] recycles 0 hard 1 soft 0 temp 0.00 loss -0.61 i_con 3.81 plddt 0.28 ptm 0.87 i_ptm 0.42 energy -6.42
173 models [2] recycles 0 hard 1 soft 0 temp 0.00 loss -0.61 i_con 3.81 plddt 0.28 ptm 0.87 i_ptm 0.42 energy -6.42
174 models [3] recycles 0 hard 1 soft 0 temp 0.00 loss -1.42 i_con 3.02 plddt 0.44 ptm 0.88 i_ptm 0.63 energy -6.42
175 models [3] recycles 0 hard 1 soft 0 temp 0.00 loss -1.42 i_con 3.02 plddt 0.44 ptm 0.88 i_ptm 0.63 energy -6.42
176 models [0] recycles 0 hard 1 soft 0 temp 0.00 loss 1.52 i_con 5.94 plddt 0.26 ptm 0.84 i_ptm 0.33 energy -6.42
177 models [1] recycles 0 hard 1 soft 0 temp 0.00 loss 1.13 i_con 5.55 plddt 0.22 ptm 0.85 i_ptm 0.19 energy -6.42
178 models [0] recycles 0 hard 1 soft 0 temp 0.00 loss 1.52 i_con 5.94 plddt 0.26 ptm 0.84 i_ptm 0.33 energy -6.42
179 models [4] recycles 0 hard 1 soft 0 temp 0.00 loss 0.63 i_con 5.04 plddt 0.18 ptm 0.87 i_ptm 0.11 energy -6.42
180 models [4] recycles 0 hard 1 soft 0 temp 0.00 loss 0.63 i_con 5.04 plddt 0.18 ptm 0.87 i_ptm 0.11 energy -6.42
  seq=NIGKKAWVLAPCKFC  loss=0.6325  loss_af=5.1245  energy=-6.4172  i_ptm=0.1061
[16/30] seed=15 ...
1 models [0] recycles 0 hard 0 soft 1 temp 1 loss 5.48 i_con 5.03 plddt 0.23 ptm 0.84 i_ptm 0.17 energy 7.39
2 models [0] recycles 0 hard 0 soft 1 temp 1 loss 5.10 i_con 4.67 plddt 0.26 ptm 0.83 i_ptm 0.15 energy 7.17
3 models [0] recycles 0 hard 0 soft 1 temp 1 loss 4.42 i_con 4.02 plddt 0.34 ptm 0.85 i_ptm 0.39 energy 6.74
4 models [2] recycles 0 hard 0 soft 1 temp 1 loss 4.17 i_con 3.81 plddt 0.38 ptm 0.87 i_ptm 0.47 energy 6.00
5 models [4] recycles 0 hard 0 soft 1 temp 1 loss 4.19 i_con 3.85 plddt 0.33 ptm 0.89 i_ptm 0.42 energy 5.36
6 models [0] recycles 0 hard 0 soft 1 temp 1 loss 4.36 i_con 4.04 plddt 0.31 ptm 0.85 i_ptm 0.37 energy 4.92
7 models [0] recycles 0 hard 0 soft 1 temp 1 loss 4.33 i_con 4.05 plddt 0.32 ptm 0.85 i_ptm 0.37 energy 4.29
8 models [3] recycles 0 hard 0 soft 1 temp 1 loss 3.99 i_con 3.74 plddt 0.38 ptm 0.86 i_ptm 0.48 energy 3.83
9 models [0] recycles 0 hard 0 soft 1 temp 1 loss 4.35 i_con 4.12 plddt 0.30 ptm 0.83 i_ptm 0.32 energy 3.26
10 models [4] recycles 0 hard 0 soft 1 temp 1 loss 4.10 i_con 3.88 plddt 0.35 ptm 0.88 i_ptm 0.45 energy 3.12
11 models [3] recycles 0 hard 0 soft 1 temp 1 loss 4.00 i_con 3.80 plddt 0.35 ptm 0.86 i_ptm 0.44 energy 2.70
12 models [0] recycles 0 hard 0 soft 1 temp 1 loss 4.21 i_con 4.02 plddt 0.31 ptm 0.84 i_ptm 0.39 energy 2.35
13 models [3] recycles 0 hard 0 soft 1 temp 1 loss 3.82 i_con 3.66 plddt 0.44 ptm 0.87 i_ptm 0.56 energy 2.05
14 models [1] recycles 0 hard 0 soft 1 temp 1 loss 5.40 i_con 5.24 plddt 0.26 ptm 0.86 i_ptm 0.25 energy 1.85
15 models [1] recycles 0 hard 0 soft 1 temp 1 loss 4.13 i_con 3.97 plddt 0.29 ptm 0.86 i_ptm 0.33 energy 1.83
16 models [1] recycles 0 hard 0 soft 1 temp 1 loss 5.00 i_con 4.85 plddt 0.21 ptm 0.86 i_ptm 0.12 energy 1.53
17 models [4] recycles 0 hard 0 soft 1 temp 1 loss 4.03 i_con 3.90 plddt 0.34 ptm 0.88 i_ptm 0.45 energy 1.41
18 models [4] recycles 0 hard 0 soft 1 temp 1 loss 5.39 i_con 5.25 plddt 0.24 ptm 0.86 i_ptm 0.12 energy 1.32
19 models [4] recycles 0 hard 0 soft 1 temp 1 loss 4.17 i_con 4.04 plddt 0.32 ptm 0.87 i_ptm 0.38 energy 1.25
20 models [3] recycles 0 hard 0 soft 1 temp 1 loss 3.82 i_con 3.71 plddt 0.41 ptm 0.86 i_ptm 0.52 energy 1.16
21 models [4] recycles 0 hard 0 soft 1 temp 1 loss 5.54 i_con 5.42 plddt 0.33 ptm 0.87 i_ptm 0.32 energy 1.03
22 models [0] recycles 0 hard 0 soft 1 temp 1 loss 4.90 i_con 4.78 plddt 0.25 ptm 0.83 i_ptm 0.16 energy 0.89
23 models [2] recycles 0 hard 0 soft 1 temp 1 loss 4.05 i_con 3.96 plddt 0.34 ptm 0.86 i_ptm 0.39 energy 0.60
24 models [0] recycles 0 hard 0 soft 1 temp 1 loss 4.08 i_con 3.99 plddt 0.32 ptm 0.84 i_ptm 0.36 energy 0.47
25 models [4] recycles 0 hard 0 soft 1 temp 1 loss 4.40 i_con 4.32 plddt 0.28 ptm 0.87 i_ptm 0.25 energy 0.13
26 models [4] recycles 0 hard 0 soft 1 temp 1 loss 4.02 i_con 3.94 plddt 0.32 ptm 0.88 i_ptm 0.43 energy 0.05
27 models [0] recycles 0 hard 0 soft 1 temp 1 loss 3.91 i_con 3.86 plddt 0.38 ptm 0.85 i_ptm 0.43 energy -0.21
28 models [3] recycles 0 hard 0 soft 1 temp 1 loss 3.73 i_con 3.69 plddt 0.40 ptm 0.87 i_ptm 0.55 energy -0.45
29 models [3] recycles 0 hard 0 soft 1 temp 1 loss 3.73 i_con 3.69 plddt 0.41 ptm 0.86 i_ptm 0.50 energy -0.40
30 models [4] recycles 0 hard 0 soft 1 temp 1 loss 4.36 i_con 4.32 plddt 0.27 ptm 0.87 i_ptm 0.22 energy -0.71
31 models [3] recycles 0 hard 0 soft 1 temp 1 loss 3.85 i_con 3.82 plddt 0.31 ptm 0.86 i_ptm 0.42 energy -0.64
32 models [2] recycles 0 hard 0 soft 1 temp 1 loss 3.79 i_con 3.79 plddt 0.38 ptm 0.87 i_ptm 0.47 energy -1.25
33 models [1] recycles 0 hard 0 soft 1 temp 1 loss 3.97 i_con 3.98 plddt 0.25 ptm 0.87 i_ptm 0.32 energy -1.63
34 models [4] recycles 0 hard 0 soft 1 temp 1 loss 3.91 i_con 3.93 plddt 0.31 ptm 0.88 i_ptm 0.39 energy -1.87
35 models [2] recycles 0 hard 0 soft 1 temp 1 loss 3.73 i_con 3.77 plddt 0.39 ptm 0.87 i_ptm 0.50 energy -2.13
36 models [4] recycles 0 hard 0 soft 1 temp 1 loss 3.66 i_con 3.71 plddt 0.40 ptm 0.89 i_ptm 0.52 energy -2.27
37 models [2] recycles 0 hard 0 soft 1 temp 1 loss 3.86 i_con 3.91 plddt 0.35 ptm 0.86 i_ptm 0.45 energy -2.29
38 models [2] recycles 0 hard 0 soft 1 temp 1 loss 3.67 i_con 3.73 plddt 0.39 ptm 0.87 i_ptm 0.50 energy -2.37
39 models [2] recycles 0 hard 0 soft 1 temp 1 loss 3.74 i_con 3.79 plddt 0.33 ptm 0.87 i_ptm 0.44 energy -2.48
40 models [3] recycles 0 hard 0 soft 1 temp 1 loss 4.34 i_con 4.40 plddt 0.32 ptm 0.85 i_ptm 0.26 energy -2.58
41 models [3] recycles 0 hard 0 soft 1 temp 1 loss 3.72 i_con 3.79 plddt 0.34 ptm 0.86 i_ptm 0.43 energy -2.73
42 models [3] recycles 0 hard 0 soft 1 temp 1 loss 3.64 i_con 3.71 plddt 0.37 ptm 0.87 i_ptm 0.47 energy -2.73
43 models [2] recycles 0 hard 0 soft 1 temp 1 loss 3.68 i_con 3.76 plddt 0.35 ptm 0.87 i_ptm 0.45 energy -2.82
44 models [4] recycles 0 hard 0 soft 1 temp 1 loss 3.85 i_con 3.92 plddt 0.31 ptm 0.88 i_ptm 0.40 energy -2.80
45 models [4] recycles 0 hard 0 soft 1 temp 1 loss 3.73 i_con 3.81 plddt 0.32 ptm 0.88 i_ptm 0.44 energy -2.88
46 models [0] recycles 0 hard 0 soft 1 temp 1 loss 3.83 i_con 3.91 plddt 0.34 ptm 0.84 i_ptm 0.39 energy -2.94
47 models [1] recycles 0 hard 0 soft 1 temp 1 loss 4.14 i_con 4.21 plddt 0.24 ptm 0.86 i_ptm 0.22 energy -2.94
48 models [4] recycles 0 hard 0 soft 1 temp 1 loss 3.75 i_con 3.82 plddt 0.32 ptm 0.88 i_ptm 0.43 energy -2.83
49 models [4] recycles 0 hard 0 soft 1 temp 1 loss 3.69 i_con 3.77 plddt 0.37 ptm 0.88 i_ptm 0.48 energy -2.92
50 models [3] recycles 0 hard 0 soft 1 temp 1 loss 3.61 i_con 3.70 plddt 0.40 ptm 0.87 i_ptm 0.48 energy -2.96
51 models [4] recycles 0 hard 0 soft 1 temp 1 loss 3.53 i_con 4.35 plddt 0.25 ptm 0.87 i_ptm 0.20 energy -3.00
52 models [2] recycles 0 hard 0 soft 1 temp 1 loss 3.04 i_con 3.88 plddt 0.32 ptm 0.87 i_ptm 0.39 energy -3.03
53 models [3] recycles 0 hard 0 soft 1 temp 1 loss 3.03 i_con 3.95 plddt 0.31 ptm 0.85 i_ptm 0.37 energy -3.29
54 models [1] recycles 0 hard 0 soft 1 temp 1 loss 4.07 i_con 4.98 plddt 0.20 ptm 0.85 i_ptm 0.10 energy -3.30
55 models [1] recycles 0 hard 0 soft 1 temp 1 loss 3.31 i_con 4.20 plddt 0.23 ptm 0.86 i_ptm 0.23 energy -3.23
56 models [2] recycles 0 hard 0 soft 1 temp 1 loss 2.90 i_con 3.82 plddt 0.31 ptm 0.87 i_ptm 0.43 energy -3.30
57 models [4] recycles 0 hard 0 soft 1 temp 1 loss 2.85 i_con 3.85 plddt 0.30 ptm 0.88 i_ptm 0.38 energy -3.55
58 models [3] recycles 0 hard 0 soft 1 temp 1 loss 2.71 i_con 3.75 plddt 0.34 ptm 0.86 i_ptm 0.42 energy -3.70
59 models [1] recycles 0 hard 0 soft 1 temp 1 loss 3.00 i_con 4.10 plddt 0.27 ptm 0.87 i_ptm 0.29 energy -3.92
60 models [4] recycles 0 hard 0 soft 1 temp 1 loss 2.76 i_con 3.90 plddt 0.31 ptm 0.88 i_ptm 0.38 energy -4.02
61 models [2] recycles 0 hard 0 soft 1 temp 1 loss 2.63 i_con 3.81 plddt 0.37 ptm 0.87 i_ptm 0.46 energy -4.16
62 models [3] recycles 0 hard 0 soft 1 temp 1 loss 2.60 i_con 3.84 plddt 0.31 ptm 0.87 i_ptm 0.42 energy -4.37
63 models [1] recycles 0 hard 0 soft 1 temp 1 loss 3.44 i_con 4.72 plddt 0.24 ptm 0.86 i_ptm 0.15 energy -4.53
64 models [3] recycles 0 hard 0 soft 1 temp 1 loss 2.56 i_con 3.92 plddt 0.31 ptm 0.86 i_ptm 0.37 energy -4.76
65 models [3] recycles 0 hard 0 soft 1 temp 1 loss 2.42 i_con 3.81 plddt 0.35 ptm 0.86 i_ptm 0.44 energy -4.87
66 models [1] recycles 0 hard 0 soft 1 temp 1 loss 2.73 i_con 4.14 plddt 0.27 ptm 0.87 i_ptm 0.29 energy -4.96
67 models [3] recycles 0 hard 0 soft 1 temp 1 loss 2.39 i_con 3.78 plddt 0.31 ptm 0.86 i_ptm 0.40 energy -4.87
68 models [2] recycles 0 hard 0 soft 1 temp 1 loss 2.36 i_con 3.84 plddt 0.36 ptm 0.86 i_ptm 0.45 energy -5.15
69 models [3] recycles 0 hard 0 soft 1 temp 1 loss 2.26 i_con 3.83 plddt 0.30 ptm 0.86 i_ptm 0.41 energy -5.45
70 models [2] recycles 0 hard 0 soft 1 temp 1 loss 2.15 i_con 3.80 plddt 0.34 ptm 0.87 i_ptm 0.42 energy -5.72
71 models [2] recycles 0 hard 0 soft 1 temp 1 loss 2.07 i_con 3.81 plddt 0.33 ptm 0.87 i_ptm 0.41 energy -6.01
72 models [1] recycles 0 hard 0 soft 1 temp 1 loss 2.23 i_con 4.05 plddt 0.29 ptm 0.86 i_ptm 0.31 energy -6.30
73 models [1] recycles 0 hard 0 soft 1 temp 1 loss 2.67 i_con 4.50 plddt 0.22 ptm 0.86 i_ptm 0.16 energy -6.36
74 models [3] recycles 0 hard 0 soft 1 temp 1 loss 1.95 i_con 3.77 plddt 0.34 ptm 0.86 i_ptm 0.44 energy -6.28
75 models [3] recycles 0 hard 0 soft 1 temp 1 loss 2.06 i_con 3.93 plddt 0.29 ptm 0.86 i_ptm 0.34 energy -6.47
76 models [4] recycles 0 hard 0 soft 1 temp 1 loss 2.10 i_con 3.99 plddt 0.29 ptm 0.88 i_ptm 0.33 energy -6.52
77 models [3] recycles 0 hard 0 soft 1 temp 1 loss 2.02 i_con 3.94 plddt 0.32 ptm 0.86 i_ptm 0.37 energy -6.61
78 models [4] recycles 0 hard 0 soft 1 temp 1 loss 1.87 i_con 3.78 plddt 0.35 ptm 0.88 i_ptm 0.43 energy -6.57
79 models [3] recycles 0 hard 0 soft 1 temp 1 loss 1.87 i_con 3.82 plddt 0.32 ptm 0.86 i_ptm 0.38 energy -6.74
80 models [4] recycles 0 hard 0 soft 1 temp 1 loss 1.97 i_con 3.94 plddt 0.28 ptm 0.88 i_ptm 0.33 energy -6.81
81 models [0] recycles 0 hard 0 soft 1 temp 1 loss 1.97 i_con 4.01 plddt 0.30 ptm 0.85 i_ptm 0.34 energy -7.00
82 models [4] recycles 0 hard 0 soft 1 temp 1 loss 1.83 i_con 3.91 plddt 0.30 ptm 0.88 i_ptm 0.37 energy -7.17
83 models [1] recycles 0 hard 0 soft 1 temp 1 loss 2.39 i_con 4.50 plddt 0.23 ptm 0.85 i_ptm 0.18 energy -7.30
84 models [4] recycles 0 hard 0 soft 1 temp 1 loss 1.81 i_con 3.90 plddt 0.31 ptm 0.88 i_ptm 0.36 energy -7.21
85 models [1] recycles 0 hard 0 soft 1 temp 1 loss 2.04 i_con 4.15 plddt 0.26 ptm 0.87 i_ptm 0.25 energy -7.25
86 models [4] recycles 0 hard 0 soft 1 temp 1 loss 1.78 i_con 3.91 plddt 0.31 ptm 0.87 i_ptm 0.36 energy -7.33
87 models [0] recycles 0 hard 0 soft 1 temp 1 loss 1.92 i_con 4.08 plddt 0.28 ptm 0.84 i_ptm 0.30 energy -7.44
88 models [4] recycles 0 hard 0 soft 1 temp 1 loss 1.60 i_con 3.81 plddt 0.30 ptm 0.88 i_ptm 0.38 energy -7.59
89 models [0] recycles 0 hard 0 soft 1 temp 1 loss 1.77 i_con 4.02 plddt 0.27 ptm 0.84 i_ptm 0.31 energy -7.73
90 models [0] recycles 0 hard 0 soft 1 temp 1 loss 1.81 i_con 4.07 plddt 0.30 ptm 0.84 i_ptm 0.30 energy -7.78
91 models [0] recycles 0 hard 0 soft 1 temp 1 loss 1.95 i_con 4.24 plddt 0.26 ptm 0.84 i_ptm 0.26 energy -7.87
92 models [1] recycles 0 hard 0 soft 1 temp 1 loss 3.34 i_con 5.66 plddt 0.23 ptm 0.85 i_ptm 0.13 energy -8.01
93 models [1] recycles 0 hard 0 soft 1 temp 1 loss 3.26 i_con 5.57 plddt 0.25 ptm 0.86 i_ptm 0.12 energy -7.95
94 models [0] recycles 0 hard 0 soft 1 temp 1 loss 1.66 i_con 3.95 plddt 0.31 ptm 0.84 i_ptm 0.33 energy -7.85
95 models [1] recycles 0 hard 0 soft 1 temp 1 loss 2.11 i_con 4.43 plddt 0.24 ptm 0.86 i_ptm 0.19 energy -8.01
96 models [3] recycles 0 hard 0 soft 1 temp 1 loss 1.78 i_con 4.07 plddt 0.27 ptm 0.85 i_ptm 0.28 energy -7.89
97 models [1] recycles 0 hard 0 soft 1 temp 1 loss 3.22 i_con 5.51 plddt 0.25 ptm 0.86 i_ptm 0.13 energy -7.88
98 models [1] recycles 0 hard 0 soft 1 temp 1 loss 2.71 i_con 5.02 plddt 0.22 ptm 0.86 i_ptm 0.10 energy -7.99
99 models [1] recycles 0 hard 0 soft 1 temp 1 loss 3.29 i_con 5.56 plddt 0.25 ptm 0.86 i_ptm 0.17 energy -7.83
100 models [0] recycles 0 hard 0 soft 1 temp 1 loss 1.89 i_con 4.18 plddt 0.27 ptm 0.84 i_ptm 0.28 energy -7.87
101 models [4] recycles 0 hard 0 soft 0 temp 1 loss 1.40 i_con 5.67 plddt 0.22 ptm 0.87 i_ptm 0.14 energy -43.55
102 models [4] recycles 0 hard 0 soft 0 temp 0.98 loss 1.77 i_con 6.06 plddt 0.23 ptm 0.86 i_ptm 0.12 energy -43.67
103 models [4] recycles 0 hard 0 soft 0 temp 0.96 loss 1.94 i_con 6.25 plddt 0.26 ptm 0.87 i_ptm 0.21 energy -43.86
104 models [0] recycles 0 hard 0 soft 0 temp 0.94 loss -0.20 i_con 4.15 plddt 0.28 ptm 0.84 i_ptm 0.30 energy -44.28
105 models [2] recycles 0 hard 0 soft 0 temp 0.92 loss 0.76 i_con 5.30 plddt 0.25 ptm 0.84 i_ptm 0.13 energy -46.11
106 models [0] recycles 0 hard 0 soft 0 temp 0.90 loss -0.05 i_con 4.48 plddt 0.24 ptm 0.83 i_ptm 0.19 energy -46.04
107 models [2] recycles 0 hard 0 soft 0 temp 0.88 loss -0.36 i_con 4.20 plddt 0.28 ptm 0.86 i_ptm 0.28 energy -46.35
108 models [0] recycles 0 hard 0 soft 0 temp 0.86 loss -0.45 i_con 4.21 plddt 0.27 ptm 0.84 i_ptm 0.28 energy -47.32
109 models [4] recycles 0 hard 0 soft 0 temp 0.84 loss 0.75 i_con 5.54 plddt 0.21 ptm 0.88 i_ptm 0.18 energy -48.71
110 models [1] recycles 0 hard 0 soft 0 temp 0.82 loss 0.84 i_con 5.73 plddt 0.25 ptm 0.85 i_ptm 0.16 energy -49.63
111 models [4] recycles 0 hard 0 soft 0 temp 0.80 loss 0.96 i_con 5.89 plddt 0.20 ptm 0.87 i_ptm 0.11 energy -50.12
112 models [1] recycles 0 hard 0 soft 0 temp 0.78 loss 1.08 i_con 6.04 plddt 0.27 ptm 0.86 i_ptm 0.15 energy -50.35
113 models [0] recycles 0 hard 0 soft 0 temp 0.76 loss -1.00 i_con 4.05 plddt 0.30 ptm 0.85 i_ptm 0.33 energy -51.16
114 models [0] recycles 0 hard 0 soft 0 temp 0.74 loss -0.99 i_con 4.18 plddt 0.28 ptm 0.84 i_ptm 0.29 energy -52.38
115 models [4] recycles 0 hard 0 soft 0 temp 0.72 loss -0.05 i_con 5.16 plddt 0.22 ptm 0.87 i_ptm 0.13 energy -52.91
116 models [2] recycles 0 hard 0 soft 0 temp 0.70 loss 0.52 i_con 5.75 plddt 0.22 ptm 0.74 i_ptm 0.13 energy -53.09
117 models [0] recycles 0 hard 0 soft 0 temp 0.68 loss -0.97 i_con 4.27 plddt 0.24 ptm 0.84 i_ptm 0.23 energy -53.11
118 models [2] recycles 0 hard 0 soft 0 temp 0.66 loss -1.19 i_con 4.09 plddt 0.26 ptm 0.86 i_ptm 0.31 energy -53.55
119 models [4] recycles 0 hard 0 soft 0 temp 0.64 loss -1.32 i_con 4.10 plddt 0.24 ptm 0.88 i_ptm 0.30 energy -54.95
120 models [3] recycles 0 hard 0 soft 0 temp 0.62 loss -1.48 i_con 3.97 plddt 0.27 ptm 0.86 i_ptm 0.33 energy -55.20
121 models [1] recycles 0 hard 0 soft 0 temp 0.60 loss -0.01 i_con 5.61 plddt 0.27 ptm 0.86 i_ptm 0.15 energy -56.94
122 models [2] recycles 0 hard 0 soft 0 temp 0.58 loss -1.61 i_con 4.06 plddt 0.29 ptm 0.86 i_ptm 0.32 energy -57.41
123 models [3] recycles 0 hard 0 soft 0 temp 0.56 loss -1.79 i_con 4.03 plddt 0.26 ptm 0.85 i_ptm 0.33 energy -58.95
124 models [3] recycles 0 hard 0 soft 0 temp 0.54 loss -1.78 i_con 4.20 plddt 0.23 ptm 0.84 i_ptm 0.25 energy -60.51
125 models [2] recycles 0 hard 0 soft 0 temp 0.52 loss -2.02 i_con 3.96 plddt 0.29 ptm 0.86 i_ptm 0.37 energy -60.57
126 models [0] recycles 0 hard 0 soft 0 temp 0.50 loss -2.01 i_con 4.07 plddt 0.29 ptm 0.85 i_ptm 0.31 energy -61.55
127 models [3] recycles 0 hard 0 soft 0 temp 0.48 loss -2.14 i_con 4.06 plddt 0.27 ptm 0.85 i_ptm 0.34 energy -62.74
128 models [4] recycles 0 hard 0 soft 0 temp 0.46 loss -2.29 i_con 4.01 plddt 0.26 ptm 0.88 i_ptm 0.35 energy -63.75
129 models [2] recycles 0 hard 0 soft 0 temp 0.44 loss -2.52 i_con 3.92 plddt 0.31 ptm 0.86 i_ptm 0.38 energy -65.07
130 models [0] recycles 0 hard 0 soft 0 temp 0.42 loss -2.60 i_con 3.98 plddt 0.30 ptm 0.84 i_ptm 0.35 energy -66.45
131 models [2] recycles 0 hard 0 soft 0 temp 0.40 loss -2.76 i_con 3.99 plddt 0.29 ptm 0.87 i_ptm 0.35 energy -68.13
132 models [0] recycles 0 hard 0 soft 0 temp 0.38 loss -2.95 i_con 3.97 plddt 0.28 ptm 0.85 i_ptm 0.38 energy -69.97
133 models [1] recycles 0 hard 0 soft 0 temp 0.36 loss -1.48 i_con 5.48 plddt 0.26 ptm 0.86 i_ptm 0.15 energy -70.39
134 models [3] recycles 0 hard 0 soft 0 temp 0.34 loss -2.80 i_con 4.24 plddt 0.23 ptm 0.85 i_ptm 0.23 energy -71.12
135 models [0] recycles 0 hard 0 soft 0 temp 0.32 loss -2.94 i_con 4.11 plddt 0.29 ptm 0.84 i_ptm 0.32 energy -71.26
136 models [1] recycles 0 hard 0 soft 0 temp 0.30 loss -1.58 i_con 5.63 plddt 0.23 ptm 0.86 i_ptm 0.15 energy -72.90
137 models [3] recycles 0 hard 0 soft 0 temp 0.28 loss -3.23 i_con 4.07 plddt 0.25 ptm 0.86 i_ptm 0.33 energy -73.73
138 models [3] recycles 0 hard 0 soft 0 temp 0.26 loss -2.82 i_con 4.63 plddt 0.24 ptm 0.85 i_ptm 0.17 energy -75.26
139 models [0] recycles 0 hard 0 soft 0 temp 0.24 loss -2.98 i_con 4.52 plddt 0.26 ptm 0.83 i_ptm 0.19 energy -75.84
140 models [2] recycles 0 hard 0 soft 0 temp 0.22 loss -3.41 i_con 4.16 plddt 0.26 ptm 0.86 i_ptm 0.30 energy -76.42
141 models [2] recycles 0 hard 0 soft 0 temp 0.20 loss -3.61 i_con 4.09 plddt 0.24 ptm 0.87 i_ptm 0.32 energy -77.81
142 models [2] recycles 0 hard 0 soft 0 temp 0.18 loss -3.78 i_con 4.12 plddt 0.27 ptm 0.87 i_ptm 0.32 energy -79.76
143 models [3] recycles 0 hard 0 soft 0 temp 0.16 loss -3.71 i_con 4.33 plddt 0.23 ptm 0.85 i_ptm 0.21 energy -81.22
144 models [3] recycles 0 hard 0 soft 0 temp 0.14 loss -3.40 i_con 4.76 plddt 0.22 ptm 0.85 i_ptm 0.15 energy -82.33
145 models [0] recycles 0 hard 0 soft 0 temp 0.12 loss -3.87 i_con 4.32 plddt 0.24 ptm 0.83 i_ptm 0.22 energy -82.62
146 models [0] recycles 0 hard 0 soft 0 temp 0.10 loss -4.21 i_con 4.04 plddt 0.27 ptm 0.84 i_ptm 0.33 energy -83.18
147 models [4] recycles 0 hard 0 soft 0 temp 0.08 loss -4.15 i_con 4.18 plddt 0.23 ptm 0.88 i_ptm 0.28 energy -84.04
148 models [3] recycles 0 hard 0 soft 0 temp 0.06 loss -4.42 i_con 4.00 plddt 0.28 ptm 0.86 i_ptm 0.32 energy -84.90
149 models [1] recycles 0 hard 0 soft 0 temp 0.04 loss -3.63 i_con 4.94 plddt 0.21 ptm 0.85 i_ptm 0.11 energy -86.56
150 models [1] recycles 0 hard 0 soft 0 temp 0.02 loss -2.99 i_con 5.57 plddt 0.24 ptm 0.86 i_ptm 0.16 energy -86.35
151 models [1] recycles 0 hard 1 soft 0 temp 0.00 loss 1.21 i_con 6.52 plddt 0.30 ptm 0.86 i_ptm 0.34 energy -7.68
152 models [1] recycles 0 hard 1 soft 0 temp 0.00 loss 1.21 i_con 6.52 plddt 0.30 ptm 0.86 i_ptm 0.34 energy -7.68
153 models [1] recycles 0 hard 1 soft 0 temp 0.00 loss 1.21 i_con 6.52 plddt 0.30 ptm 0.86 i_ptm 0.34 energy -7.68
154 models [0] recycles 0 hard 1 soft 0 temp 0.00 loss -0.12 i_con 5.18 plddt 0.22 ptm 0.83 i_ptm 0.21 energy -7.68
155 models [0] recycles 0 hard 1 soft 0 temp 0.00 loss -0.12 i_con 5.18 plddt 0.22 ptm 0.83 i_ptm 0.21 energy -7.68
156 models [4] recycles 0 hard 1 soft 0 temp 0.00 loss -1.36 i_con 3.95 plddt 0.24 ptm 0.88 i_ptm 0.33 energy -7.68
157 models [1] recycles 0 hard 1 soft 0 temp 0.00 loss 1.21 i_con 6.52 plddt 0.30 ptm 0.86 i_ptm 0.34 energy -7.68
158 models [4] recycles 0 hard 1 soft 0 temp 0.00 loss -1.36 i_con 3.95 plddt 0.24 ptm 0.88 i_ptm 0.33 energy -7.68
159 models [4] recycles 0 hard 1 soft 0 temp 0.00 loss -1.36 i_con 3.95 plddt 0.24 ptm 0.88 i_ptm 0.33 energy -7.68
160 models [1] recycles 0 hard 1 soft 0 temp 0.00 loss 1.21 i_con 6.52 plddt 0.30 ptm 0.86 i_ptm 0.34 energy -7.68
161 models [2] recycles 0 hard 1 soft 0 temp 0.00 loss -1.43 i_con 3.88 plddt 0.27 ptm 0.87 i_ptm 0.39 energy -7.68
162 models [0] recycles 0 hard 1 soft 0 temp 0.00 loss -0.12 i_con 5.18 plddt 0.22 ptm 0.83 i_ptm 0.21 energy -7.68
163 models [0] recycles 0 hard 1 soft 0 temp 0.00 loss -0.12 i_con 5.18 plddt 0.22 ptm 0.83 i_ptm 0.21 energy -7.68
164 models [2] recycles 0 hard 1 soft 0 temp 0.00 loss -1.43 i_con 3.88 plddt 0.27 ptm 0.87 i_ptm 0.39 energy -7.68
165 models [2] recycles 0 hard 1 soft 0 temp 0.00 loss -1.43 i_con 3.88 plddt 0.27 ptm 0.87 i_ptm 0.39 energy -7.68
166 models [1] recycles 0 hard 1 soft 0 temp 0.00 loss 1.21 i_con 6.52 plddt 0.30 ptm 0.86 i_ptm 0.34 energy -7.68
167 models [3] recycles 0 hard 1 soft 0 temp 0.00 loss -1.43 i_con 3.87 plddt 0.27 ptm 0.86 i_ptm 0.36 energy -7.68
168 models [4] recycles 0 hard 1 soft 0 temp 0.00 loss -1.36 i_con 3.95 plddt 0.24 ptm 0.88 i_ptm 0.33 energy -7.68
169 models [1] recycles 0 hard 1 soft 0 temp 0.00 loss 1.21 i_con 6.52 plddt 0.30 ptm 0.86 i_ptm 0.34 energy -7.68
170 models [4] recycles 0 hard 1 soft 0 temp 0.00 loss -1.36 i_con 3.95 plddt 0.24 ptm 0.88 i_ptm 0.33 energy -7.68
171 models [2] recycles 0 hard 1 soft 0 temp 0.00 loss -1.43 i_con 3.88 plddt 0.27 ptm 0.87 i_ptm 0.39 energy -7.68
172 models [0] recycles 0 hard 1 soft 0 temp 0.00 loss -0.12 i_con 5.18 plddt 0.22 ptm 0.83 i_ptm 0.21 energy -7.68
173 models [0] recycles 0 hard 1 soft 0 temp 0.00 loss -0.12 i_con 5.18 plddt 0.22 ptm 0.83 i_ptm 0.21 energy -7.68
174 models [3] recycles 0 hard 1 soft 0 temp 0.00 loss -1.43 i_con 3.87 plddt 0.27 ptm 0.86 i_ptm 0.36 energy -7.68
175 models [4] recycles 0 hard 1 soft 0 temp 0.00 loss -1.36 i_con 3.95 plddt 0.24 ptm 0.88 i_ptm 0.33 energy -7.68
176 models [4] recycles 0 hard 1 soft 0 temp 0.00 loss -1.36 i_con 3.95 plddt 0.24 ptm 0.88 i_ptm 0.33 energy -7.68
177 models [4] recycles 0 hard 1 soft 0 temp 0.00 loss -1.36 i_con 3.95 plddt 0.24 ptm 0.88 i_ptm 0.33 energy -7.68
178 models [3] recycles 0 hard 1 soft 0 temp 0.00 loss -1.43 i_con 3.87 plddt 0.27 ptm 0.86 i_ptm 0.36 energy -7.68
179 models [4] recycles 0 hard 1 soft 0 temp 0.00 loss -1.36 i_con 3.95 plddt 0.24 ptm 0.88 i_ptm 0.33 energy -7.68
180 models [3] recycles 0 hard 1 soft 0 temp 0.00 loss -1.43 i_con 3.87 plddt 0.27 ptm 0.86 i_ptm 0.36 energy -7.68
  seq=AWGEAWCWSNTQKEG  loss=-1.4337  loss_af=3.9456  energy=-7.6847  i_ptm=0.3642
[17/30] seed=16 ...
1 models [3] recycles 0 hard 0 soft 1 temp 1 loss 4.94 i_con 4.50 plddt 0.28 ptm 0.84 i_ptm 0.27 energy 7.40
2 models [0] recycles 0 hard 0 soft 1 temp 1 loss 4.96 i_con 4.54 plddt 0.24 ptm 0.83 i_ptm 0.19 energy 6.74
3 models [2] recycles 0 hard 0 soft 1 temp 1 loss 4.57 i_con 4.18 plddt 0.28 ptm 0.86 i_ptm 0.30 energy 6.35
4 models [0] recycles 0 hard 0 soft 1 temp 1 loss 4.55 i_con 4.17 plddt 0.28 ptm 0.84 i_ptm 0.30 energy 6.10
5 models [1] recycles 0 hard 0 soft 1 temp 1 loss 5.17 i_con 4.82 plddt 0.21 ptm 0.85 i_ptm 0.13 energy 5.56
6 models [3] recycles 0 hard 0 soft 1 temp 1 loss 4.96 i_con 4.62 plddt 0.27 ptm 0.84 i_ptm 0.21 energy 5.40
7 models [3] recycles 0 hard 0 soft 1 temp 1 loss 4.21 i_con 3.88 plddt 0.32 ptm 0.86 i_ptm 0.40 energy 5.13
8 models [4] recycles 0 hard 0 soft 1 temp 1 loss 4.46 i_con 4.17 plddt 0.30 ptm 0.88 i_ptm 0.32 energy 4.42
9 models [3] recycles 0 hard 0 soft 1 temp 1 loss 4.24 i_con 3.96 plddt 0.31 ptm 0.86 i_ptm 0.36 energy 4.18
10 models [2] recycles 0 hard 0 soft 1 temp 1 loss 4.13 i_con 3.87 plddt 0.34 ptm 0.87 i_ptm 0.45 energy 4.08
11 models [3] recycles 0 hard 0 soft 1 temp 1 loss 4.04 i_con 3.80 plddt 0.37 ptm 0.86 i_ptm 0.44 energy 3.63
12 models [4] recycles 0 hard 0 soft 1 temp 1 loss 4.37 i_con 4.14 plddt 0.29 ptm 0.87 i_ptm 0.30 energy 3.16
13 models [0] recycles 0 hard 0 soft 1 temp 1 loss 4.41 i_con 4.19 plddt 0.28 ptm 0.84 i_ptm 0.25 energy 3.02
14 models [2] recycles 0 hard 0 soft 1 temp 1 loss 3.96 i_con 3.75 plddt 0.36 ptm 0.87 i_ptm 0.49 energy 2.79
15 models [0] recycles 0 hard 0 soft 1 temp 1 loss 4.38 i_con 4.18 plddt 0.28 ptm 0.84 i_ptm 0.29 energy 2.57
16 models [1] recycles 0 hard 0 soft 1 temp 1 loss 4.50 i_con 4.31 plddt 0.26 ptm 0.86 i_ptm 0.23 energy 2.40
17 models [4] recycles 0 hard 0 soft 1 temp 1 loss 4.17 i_con 3.98 plddt 0.28 ptm 0.88 i_ptm 0.37 energy 2.31
18 models [0] recycles 0 hard 0 soft 1 temp 1 loss 4.79 i_con 4.61 plddt 0.22 ptm 0.84 i_ptm 0.16 energy 2.14
19 models [4] recycles 0 hard 0 soft 1 temp 1 loss 4.07 i_con 3.89 plddt 0.33 ptm 0.88 i_ptm 0.43 energy 2.15
20 models [3] recycles 0 hard 0 soft 1 temp 1 loss 3.92 i_con 3.76 plddt 0.35 ptm 0.86 i_ptm 0.45 energy 1.94
21 models [3] recycles 0 hard 0 soft 1 temp 1 loss 3.96 i_con 3.81 plddt 0.34 ptm 0.86 i_ptm 0.43 energy 1.62
22 models [1] recycles 0 hard 0 soft 1 temp 1 loss 4.26 i_con 4.12 plddt 0.25 ptm 0.87 i_ptm 0.27 energy 1.31
23 models [3] recycles 0 hard 0 soft 1 temp 1 loss 3.86 i_con 3.73 plddt 0.34 ptm 0.86 i_ptm 0.44 energy 1.19
24 models [3] recycles 0 hard 0 soft 1 temp 1 loss 3.91 i_con 3.79 plddt 0.34 ptm 0.86 i_ptm 0.45 energy 1.25
25 models [0] recycles 0 hard 0 soft 1 temp 1 loss 4.12 i_con 4.01 plddt 0.31 ptm 0.85 i_ptm 0.34 energy 0.98
26 models [1] recycles 0 hard 0 soft 1 temp 1 loss 4.18 i_con 4.07 plddt 0.26 ptm 0.86 i_ptm 0.30 energy 0.68
27 models [4] recycles 0 hard 0 soft 1 temp 1 loss 3.76 i_con 3.68 plddt 0.39 ptm 0.88 i_ptm 0.50 energy 0.46
28 models [0] recycles 0 hard 0 soft 1 temp 1 loss 3.92 i_con 3.85 plddt 0.35 ptm 0.85 i_ptm 0.39 energy 0.17
29 models [3] recycles 0 hard 0 soft 1 temp 1 loss 3.85 i_con 3.79 plddt 0.33 ptm 0.86 i_ptm 0.42 energy -0.08
30 models [1] recycles 0 hard 0 soft 1 temp 1 loss 4.01 i_con 3.95 plddt 0.29 ptm 0.86 i_ptm 0.32 energy -0.31
31 models [4] recycles 0 hard 0 soft 1 temp 1 loss 3.66 i_con 3.62 plddt 0.37 ptm 0.89 i_ptm 0.53 energy -0.39
32 models [0] recycles 0 hard 0 soft 1 temp 1 loss 3.81 i_con 3.77 plddt 0.38 ptm 0.85 i_ptm 0.45 energy -0.53
33 models [0] recycles 0 hard 0 soft 1 temp 1 loss 3.75 i_con 3.72 plddt 0.38 ptm 0.86 i_ptm 0.46 energy -0.62
34 models [4] recycles 0 hard 0 soft 1 temp 1 loss 3.69 i_con 3.68 plddt 0.37 ptm 0.89 i_ptm 0.48 energy -0.93
35 models [0] recycles 0 hard 0 soft 1 temp 1 loss 3.70 i_con 3.70 plddt 0.39 ptm 0.85 i_ptm 0.47 energy -1.36
36 models [4] recycles 0 hard 0 soft 1 temp 1 loss 3.73 i_con 3.76 plddt 0.36 ptm 0.88 i_ptm 0.47 energy -1.75
37 models [4] recycles 0 hard 0 soft 1 temp 1 loss 3.77 i_con 3.80 plddt 0.34 ptm 0.88 i_ptm 0.46 energy -1.90
38 models [2] recycles 0 hard 0 soft 1 temp 1 loss 3.58 i_con 3.61 plddt 0.41 ptm 0.88 i_ptm 0.55 energy -1.94
39 models [1] recycles 0 hard 0 soft 1 temp 1 loss 3.76 i_con 3.79 plddt 0.34 ptm 0.87 i_ptm 0.44 energy -2.08
40 models [4] recycles 0 hard 0 soft 1 temp 1 loss 3.66 i_con 3.71 plddt 0.39 ptm 0.88 i_ptm 0.51 energy -2.31
41 models [2] recycles 0 hard 0 soft 1 temp 1 loss 3.58 i_con 3.64 plddt 0.41 ptm 0.87 i_ptm 0.54 energy -2.37
42 models [3] recycles 0 hard 0 soft 1 temp 1 loss 4.46 i_con 4.51 plddt 0.25 ptm 0.84 i_ptm 0.11 energy -2.51
43 models [4] recycles 0 hard 0 soft 1 temp 1 loss 3.67 i_con 3.73 plddt 0.34 ptm 0.88 i_ptm 0.47 energy -2.53
44 models [4] recycles 0 hard 0 soft 1 temp 1 loss 5.03 i_con 5.09 plddt 0.28 ptm 0.86 i_ptm 0.18 energy -2.71
45 models [0] recycles 0 hard 0 soft 1 temp 1 loss 3.66 i_con 3.74 plddt 0.41 ptm 0.84 i_ptm 0.49 energy -2.81
46 models [0] recycles 0 hard 0 soft 1 temp 1 loss 3.58 i_con 3.67 plddt 0.40 ptm 0.84 i_ptm 0.47 energy -2.89
47 models [0] recycles 0 hard 0 soft 1 temp 1 loss 3.58 i_con 3.67 plddt 0.40 ptm 0.85 i_ptm 0.47 energy -2.99
48 models [0] recycles 0 hard 0 soft 1 temp 1 loss 3.56 i_con 3.66 plddt 0.40 ptm 0.85 i_ptm 0.51 energy -3.14
49 models [2] recycles 0 hard 0 soft 1 temp 1 loss 3.51 i_con 3.61 plddt 0.44 ptm 0.87 i_ptm 0.53 energy -3.18
50 models [0] recycles 0 hard 0 soft 1 temp 1 loss 3.63 i_con 3.73 plddt 0.37 ptm 0.85 i_ptm 0.46 energy -3.26
51 models [2] recycles 0 hard 0 soft 1 temp 1 loss 2.75 i_con 3.72 plddt 0.37 ptm 0.87 i_ptm 0.47 energy -3.46
52 models [4] recycles 0 hard 0 soft 1 temp 1 loss 2.38 i_con 3.44 plddt 0.40 ptm 0.89 i_ptm 0.56 energy -3.74
53 models [2] recycles 0 hard 0 soft 1 temp 1 loss 2.57 i_con 3.69 plddt 0.39 ptm 0.87 i_ptm 0.49 energy -3.92
54 models [0] recycles 0 hard 0 soft 1 temp 1 loss 2.60 i_con 3.78 plddt 0.36 ptm 0.84 i_ptm 0.43 energy -4.16
55 models [2] recycles 0 hard 0 soft 1 temp 1 loss 2.41 i_con 3.68 plddt 0.42 ptm 0.87 i_ptm 0.51 energy -4.42
56 models [0] recycles 0 hard 0 soft 1 temp 1 loss 2.70 i_con 4.03 plddt 0.30 ptm 0.84 i_ptm 0.36 energy -4.67
57 models [0] recycles 0 hard 0 soft 1 temp 1 loss 2.45 i_con 3.79 plddt 0.37 ptm 0.85 i_ptm 0.44 energy -4.67
58 models [4] recycles 0 hard 0 soft 1 temp 1 loss 2.22 i_con 3.63 plddt 0.34 ptm 0.88 i_ptm 0.50 energy -4.91
59 models [3] recycles 0 hard 0 soft 1 temp 1 loss 2.36 i_con 3.85 plddt 0.32 ptm 0.85 i_ptm 0.40 energy -5.17
60 models [3] recycles 0 hard 0 soft 1 temp 1 loss 3.54 i_con 5.00 plddt 0.29 ptm 0.85 i_ptm 0.21 energy -5.10
61 models [4] recycles 0 hard 0 soft 1 temp 1 loss 2.28 i_con 3.71 plddt 0.35 ptm 0.89 i_ptm 0.47 energy -5.00
62 models [3] recycles 0 hard 0 soft 1 temp 1 loss 4.39 i_con 5.89 plddt 0.28 ptm 0.85 i_ptm 0.22 energy -5.25
63 models [4] recycles 0 hard 0 soft 1 temp 1 loss 2.23 i_con 3.75 plddt 0.33 ptm 0.89 i_ptm 0.45 energy -5.30
64 models [4] recycles 0 hard 0 soft 1 temp 1 loss 2.18 i_con 3.78 plddt 0.33 ptm 0.88 i_ptm 0.44 energy -5.53
65 models [1] recycles 0 hard 0 soft 1 temp 1 loss 2.76 i_con 4.40 plddt 0.24 ptm 0.85 i_ptm 0.20 energy -5.73
66 models [1] recycles 0 hard 0 soft 1 temp 1 loss 4.07 i_con 5.67 plddt 0.27 ptm 0.85 i_ptm 0.14 energy -5.58
67 models [0] recycles 0 hard 0 soft 1 temp 1 loss 2.24 i_con 3.85 plddt 0.33 ptm 0.85 i_ptm 0.41 energy -5.59
68 models [1] recycles 0 hard 0 soft 1 temp 1 loss 2.28 i_con 3.89 plddt 0.32 ptm 0.87 i_ptm 0.40 energy -5.61
69 models [3] recycles 0 hard 0 soft 1 temp 1 loss 2.02 i_con 3.65 plddt 0.38 ptm 0.86 i_ptm 0.49 energy -5.64
70 models [4] recycles 0 hard 0 soft 1 temp 1 loss 2.07 i_con 3.75 plddt 0.32 ptm 0.88 i_ptm 0.44 energy -5.82
71 models [4] recycles 0 hard 0 soft 1 temp 1 loss 2.44 i_con 4.10 plddt 0.30 ptm 0.87 i_ptm 0.26 energy -5.77
72 models [3] recycles 0 hard 0 soft 1 temp 1 loss 2.02 i_con 3.71 plddt 0.39 ptm 0.86 i_ptm 0.48 energy -5.81
73 models [2] recycles 0 hard 0 soft 1 temp 1 loss 2.12 i_con 3.80 plddt 0.38 ptm 0.87 i_ptm 0.43 energy -5.83
74 models [1] recycles 0 hard 0 soft 1 temp 1 loss 3.67 i_con 5.39 plddt 0.23 ptm 0.86 i_ptm 0.16 energy -5.97
75 models [0] recycles 0 hard 0 soft 1 temp 1 loss 2.16 i_con 3.86 plddt 0.35 ptm 0.85 i_ptm 0.40 energy -5.88
76 models [1] recycles 0 hard 0 soft 1 temp 1 loss 3.53 i_con 5.27 plddt 0.23 ptm 0.86 i_ptm 0.15 energy -6.05
77 models [2] recycles 0 hard 0 soft 1 temp 1 loss 1.95 i_con 3.68 plddt 0.40 ptm 0.87 i_ptm 0.51 energy -5.95
78 models [3] recycles 0 hard 0 soft 1 temp 1 loss 1.85 i_con 3.62 plddt 0.39 ptm 0.87 i_ptm 0.50 energy -6.09
79 models [4] recycles 0 hard 0 soft 1 temp 1 loss 1.94 i_con 3.74 plddt 0.34 ptm 0.89 i_ptm 0.47 energy -6.22
80 models [3] recycles 0 hard 0 soft 1 temp 1 loss 1.81 i_con 3.62 plddt 0.42 ptm 0.86 i_ptm 0.53 energy -6.25
81 models [2] recycles 0 hard 0 soft 1 temp 1 loss 1.95 i_con 3.81 plddt 0.34 ptm 0.87 i_ptm 0.43 energy -6.40
82 models [1] recycles 0 hard 0 soft 1 temp 1 loss 3.53 i_con 5.41 plddt 0.25 ptm 0.86 i_ptm 0.14 energy -6.51
83 models [3] recycles 0 hard 0 soft 1 temp 1 loss 1.80 i_con 3.65 plddt 0.39 ptm 0.86 i_ptm 0.50 energy -6.37
84 models [3] recycles 0 hard 0 soft 1 temp 1 loss 1.83 i_con 3.72 plddt 0.35 ptm 0.86 i_ptm 0.46 energy -6.49
85 models [0] recycles 0 hard 0 soft 1 temp 1 loss 1.84 i_con 3.76 plddt 0.37 ptm 0.86 i_ptm 0.45 energy -6.61
86 models [1] recycles 0 hard 0 soft 1 temp 1 loss 2.05 i_con 3.98 plddt 0.28 ptm 0.87 i_ptm 0.35 energy -6.70
87 models [4] recycles 0 hard 0 soft 1 temp 1 loss 1.79 i_con 3.74 plddt 0.32 ptm 0.89 i_ptm 0.44 energy -6.72
88 models [0] recycles 0 hard 0 soft 1 temp 1 loss 1.71 i_con 3.68 plddt 0.40 ptm 0.86 i_ptm 0.48 energy -6.79
89 models [3] recycles 0 hard 0 soft 1 temp 1 loss 1.60 i_con 3.63 plddt 0.39 ptm 0.86 i_ptm 0.48 energy -6.97
90 models [1] recycles 0 hard 0 soft 1 temp 1 loss 3.50 i_con 5.53 plddt 0.25 ptm 0.86 i_ptm 0.17 energy -7.03
91 models [0] recycles 0 hard 0 soft 1 temp 1 loss 1.92 i_con 3.92 plddt 0.35 ptm 0.85 i_ptm 0.38 energy -6.89
92 models [3] recycles 0 hard 0 soft 1 temp 1 loss 1.63 i_con 3.68 plddt 0.37 ptm 0.87 i_ptm 0.45 energy -7.05
93 models [0] recycles 0 hard 0 soft 1 temp 1 loss 1.75 i_con 3.77 plddt 0.38 ptm 0.85 i_ptm 0.44 energy -6.93
94 models [0] recycles 0 hard 0 soft 1 temp 1 loss 1.72 i_con 3.74 plddt 0.39 ptm 0.84 i_ptm 0.47 energy -6.96
95 models [4] recycles 0 hard 0 soft 1 temp 1 loss 1.65 i_con 3.74 plddt 0.37 ptm 0.88 i_ptm 0.47 energy -7.19
96 models [1] recycles 0 hard 0 soft 1 temp 1 loss 3.78 i_con 5.87 plddt 0.24 ptm 0.86 i_ptm 0.15 energy -7.22
97 models [3] recycles 0 hard 0 soft 1 temp 1 loss 1.62 i_con 3.70 plddt 0.38 ptm 0.86 i_ptm 0.45 energy -7.15
98 models [1] recycles 0 hard 0 soft 1 temp 1 loss 2.09 i_con 4.13 plddt 0.26 ptm 0.87 i_ptm 0.30 energy -7.06
99 models [1] recycles 0 hard 0 soft 1 temp 1 loss 3.03 i_con 5.07 plddt 0.27 ptm 0.85 i_ptm 0.14 energy -7.05
100 models [3] recycles 0 hard 0 soft 1 temp 1 loss 1.76 i_con 3.83 plddt 0.34 ptm 0.86 i_ptm 0.43 energy -7.13
101 models [2] recycles 0 hard 0 soft 0 temp 1 loss 1.17 i_con 5.24 plddt 0.24 ptm 0.85 i_ptm 0.14 energy -41.51
102 models [2] recycles 0 hard 0 soft 0 temp 0.98 loss 0.49 i_con 4.60 plddt 0.26 ptm 0.85 i_ptm 0.18 energy -41.83
103 models [4] recycles 0 hard 0 soft 0 temp 0.96 loss 1.15 i_con 5.24 plddt 0.21 ptm 0.87 i_ptm 0.13 energy -41.69
104 models [0] recycles 0 hard 0 soft 0 temp 0.94 loss 0.26 i_con 4.36 plddt 0.24 ptm 0.83 i_ptm 0.20 energy -41.71
105 models [4] recycles 0 hard 0 soft 0 temp 0.92 loss 1.14 i_con 5.30 plddt 0.22 ptm 0.87 i_ptm 0.14 energy -42.37
106 models [0] recycles 0 hard 0 soft 0 temp 0.90 loss 0.79 i_con 4.94 plddt 0.24 ptm 0.83 i_ptm 0.10 energy -42.23
107 models [4] recycles 0 hard 0 soft 0 temp 0.88 loss 1.30 i_con 5.45 plddt 0.18 ptm 0.87 i_ptm 0.12 energy -42.27
108 models [2] recycles 0 hard 0 soft 0 temp 0.86 loss 0.20 i_con 4.35 plddt 0.25 ptm 0.85 i_ptm 0.20 energy -42.18
109 models [2] recycles 0 hard 0 soft 0 temp 0.84 loss 0.83 i_con 4.98 plddt 0.27 ptm 0.85 i_ptm 0.15 energy -42.25
110 models [0] recycles 0 hard 0 soft 0 temp 0.82 loss 0.13 i_con 4.25 plddt 0.25 ptm 0.84 i_ptm 0.28 energy -42.02
111 models [1] recycles 0 hard 0 soft 0 temp 0.80 loss 1.43 i_con 5.67 plddt 0.29 ptm 0.84 i_ptm 0.10 energy -43.09
112 models [4] recycles 0 hard 0 soft 0 temp 0.78 loss 1.38 i_con 5.56 plddt 0.21 ptm 0.87 i_ptm 0.17 energy -42.59
113 models [3] recycles 0 hard 0 soft 0 temp 0.76 loss 0.55 i_con 4.80 plddt 0.22 ptm 0.84 i_ptm 0.15 energy -43.27
114 models [0] recycles 0 hard 0 soft 0 temp 0.74 loss 0.05 i_con 4.26 plddt 0.23 ptm 0.83 i_ptm 0.26 energy -42.90
115 models [2] recycles 0 hard 0 soft 0 temp 0.72 loss -0.21 i_con 4.11 plddt 0.28 ptm 0.86 i_ptm 0.33 energy -43.89
116 models [0] recycles 0 hard 0 soft 0 temp 0.70 loss -0.21 i_con 4.19 plddt 0.27 ptm 0.84 i_ptm 0.28 energy -44.73
117 models [3] recycles 0 hard 0 soft 0 temp 0.68 loss 0.96 i_con 5.49 plddt 0.24 ptm 0.85 i_ptm 0.20 energy -46.03
118 models [2] recycles 0 hard 0 soft 0 temp 0.66 loss 1.06 i_con 5.63 plddt 0.25 ptm 0.84 i_ptm 0.21 energy -46.43
119 models [2] recycles 0 hard 0 soft 0 temp 0.64 loss -0.04 i_con 4.56 plddt 0.19 ptm 0.22 i_ptm 0.43 energy -46.78
120 models [0] recycles 0 hard 0 soft 0 temp 0.62 loss -0.30 i_con 4.32 plddt 0.25 ptm 0.84 i_ptm 0.23 energy -46.89
121 models [4] recycles 0 hard 0 soft 0 temp 0.60 loss 0.04 i_con 4.73 plddt 0.14 ptm 0.18 i_ptm 0.29 energy -47.75
122 models [1] recycles 0 hard 0 soft 0 temp 0.58 loss 0.54 i_con 5.27 plddt 0.24 ptm 0.86 i_ptm 0.17 energy -48.04
123 models [1] recycles 0 hard 0 soft 0 temp 0.56 loss 1.04 i_con 5.76 plddt 0.23 ptm 0.85 i_ptm 0.15 energy -48.07
124 models [2] recycles 0 hard 0 soft 0 temp 0.54 loss -0.31 i_con 4.46 plddt 0.21 ptm 0.16 i_ptm 0.50 energy -48.50
125 models [2] recycles 0 hard 0 soft 0 temp 0.52 loss -0.76 i_con 4.03 plddt 0.22 ptm 0.38 i_ptm 0.49 energy -48.62
126 models [0] recycles 0 hard 0 soft 0 temp 0.50 loss -2.23 i_con 2.57 plddt 0.29 ptm 0.64 i_ptm 0.64 energy -48.72
127 models [2] recycles 0 hard 0 soft 0 temp 0.48 loss -2.32 i_con 2.52 plddt 0.21 ptm 0.54 i_ptm 0.78 energy -49.12
128 models [3] recycles 0 hard 0 soft 0 temp 0.46 loss 0.65 i_con 5.50 plddt 0.24 ptm 0.84 i_ptm 0.18 energy -49.17
129 models [0] recycles 0 hard 0 soft 0 temp 0.44 loss -0.57 i_con 4.31 plddt 0.24 ptm 0.82 i_ptm 0.23 energy -49.55
130 models [0] recycles 0 hard 0 soft 0 temp 0.42 loss -0.71 i_con 4.15 plddt 0.25 ptm 0.85 i_ptm 0.30 energy -49.39
131 models [1] recycles 0 hard 0 soft 0 temp 0.40 loss 0.91 i_con 5.93 plddt 0.23 ptm 0.85 i_ptm 0.17 energy -50.89
132 models [4] recycles 0 hard 0 soft 0 temp 0.38 loss 0.65 i_con 5.71 plddt 0.21 ptm 0.86 i_ptm 0.11 energy -51.48
133 models [2] recycles 0 hard 0 soft 0 temp 0.36 loss -0.11 i_con 4.94 plddt 0.21 ptm 0.20 i_ptm 0.34 energy -51.32
134 models [2] recycles 0 hard 0 soft 0 temp 0.34 loss -0.53 i_con 4.56 plddt 0.19 ptm 0.22 i_ptm 0.30 energy -51.75
135 models [0] recycles 0 hard 0 soft 0 temp 0.32 loss -0.98 i_con 4.13 plddt 0.26 ptm 0.83 i_ptm 0.30 energy -51.79
136 models [3] recycles 0 hard 0 soft 0 temp 0.30 loss -0.72 i_con 4.54 plddt 0.25 ptm 0.84 i_ptm 0.20 energy -53.30
137 models [1] recycles 0 hard 0 soft 0 temp 0.28 loss -0.72 i_con 4.62 plddt 0.23 ptm 0.14 i_ptm 0.12 energy -54.20
138 models [2] recycles 0 hard 0 soft 0 temp 0.26 loss -1.94 i_con 3.41 plddt 0.25 ptm 0.48 i_ptm 0.63 energy -54.23
139 models [4] recycles 0 hard 0 soft 0 temp 0.24 loss -0.85 i_con 4.47 plddt 0.16 ptm 0.23 i_ptm 0.43 energy -54.11
140 models [0] recycles 0 hard 0 soft 0 temp 0.22 loss -1.29 i_con 4.03 plddt 0.21 ptm 0.37 i_ptm 0.48 energy -53.99
141 models [1] recycles 0 hard 0 soft 0 temp 0.20 loss 0.25 i_con 5.56 plddt 0.25 ptm 0.82 i_ptm 0.09 energy -53.84
142 models [0] recycles 0 hard 0 soft 0 temp 0.18 loss -1.31 i_con 4.03 plddt 0.27 ptm 0.84 i_ptm 0.34 energy -54.09
143 models [2] recycles 0 hard 0 soft 0 temp 0.16 loss -0.95 i_con 4.53 plddt 0.25 ptm 0.86 i_ptm 0.20 energy -55.61
144 models [4] recycles 0 hard 0 soft 0 temp 0.14 loss -0.70 i_con 4.77 plddt 0.19 ptm 0.87 i_ptm 0.11 energy -55.48
145 models [2] recycles 0 hard 0 soft 0 temp 0.12 loss -1.30 i_con 4.18 plddt 0.27 ptm 0.27 i_ptm 0.44 energy -55.55
146 models [1] recycles 0 hard 0 soft 0 temp 0.10 loss -0.04 i_con 5.44 plddt 0.22 ptm 0.86 i_ptm 0.15 energy -55.60
147 models [4] recycles 0 hard 0 soft 0 temp 0.08 loss -0.16 i_con 5.35 plddt 0.19 ptm 0.86 i_ptm 0.11 energy -55.97
148 models [2] recycles 0 hard 0 soft 0 temp 0.06 loss -1.36 i_con 4.14 plddt 0.27 ptm 0.86 i_ptm 0.31 energy -55.75
149 models [1] recycles 0 hard 0 soft 0 temp 0.04 loss 0.11 i_con 5.68 plddt 0.23 ptm 0.86 i_ptm 0.15 energy -56.49
150 models [0] recycles 0 hard 0 soft 0 temp 0.02 loss -0.86 i_con 4.77 plddt 0.22 ptm 0.83 i_ptm 0.14 energy -57.08
151 models [0] recycles 0 hard 1 soft 0 temp 0.00 loss -1.19 i_con 3.67 plddt 0.40 ptm 0.85 i_ptm 0.52 energy -7.03
152 models [2] recycles 0 hard 1 soft 0 temp 0.00 loss -1.14 i_con 3.72 plddt 0.36 ptm 0.87 i_ptm 0.49 energy -7.03
153 models [4] recycles 0 hard 1 soft 0 temp 0.00 loss -1.08 i_con 3.77 plddt 0.32 ptm 0.89 i_ptm 0.47 energy -7.03
154 models [0] recycles 0 hard 1 soft 0 temp 0.00 loss -1.19 i_con 3.67 plddt 0.40 ptm 0.85 i_ptm 0.52 energy -7.03
155 models [0] recycles 0 hard 1 soft 0 temp 0.00 loss -1.19 i_con 3.67 plddt 0.40 ptm 0.85 i_ptm 0.52 energy -7.03
156 models [2] recycles 0 hard 1 soft 0 temp 0.00 loss -1.14 i_con 3.72 plddt 0.36 ptm 0.87 i_ptm 0.49 energy -7.03
157 models [4] recycles 0 hard 1 soft 0 temp 0.00 loss -1.08 i_con 3.77 plddt 0.32 ptm 0.89 i_ptm 0.47 energy -7.03
158 models [1] recycles 0 hard 1 soft 0 temp 0.00 loss 0.36 i_con 5.21 plddt 0.27 ptm 0.85 i_ptm 0.19 energy -7.03
159 models [0] recycles 0 hard 1 soft 0 temp 0.00 loss -1.19 i_con 3.67 plddt 0.40 ptm 0.85 i_ptm 0.52 energy -7.03
160 models [0] recycles 0 hard 1 soft 0 temp 0.00 loss -1.19 i_con 3.67 plddt 0.40 ptm 0.85 i_ptm 0.52 energy -7.03
161 models [0] recycles 0 hard 1 soft 0 temp 0.00 loss -1.19 i_con 3.67 plddt 0.40 ptm 0.85 i_ptm 0.52 energy -7.03
162 models [4] recycles 0 hard 1 soft 0 temp 0.00 loss -1.08 i_con 3.77 plddt 0.32 ptm 0.89 i_ptm 0.47 energy -7.03
163 models [4] recycles 0 hard 1 soft 0 temp 0.00 loss -1.08 i_con 3.77 plddt 0.32 ptm 0.89 i_ptm 0.47 energy -7.03
164 models [0] recycles 0 hard 1 soft 0 temp 0.00 loss -1.19 i_con 3.67 plddt 0.40 ptm 0.85 i_ptm 0.52 energy -7.03
165 models [2] recycles 0 hard 1 soft 0 temp 0.00 loss -1.14 i_con 3.72 plddt 0.36 ptm 0.87 i_ptm 0.49 energy -7.03
166 models [1] recycles 0 hard 1 soft 0 temp 0.00 loss 0.36 i_con 5.21 plddt 0.27 ptm 0.85 i_ptm 0.19 energy -7.03
167 models [4] recycles 0 hard 1 soft 0 temp 0.00 loss -1.08 i_con 3.77 plddt 0.32 ptm 0.89 i_ptm 0.47 energy -7.03
168 models [0] recycles 0 hard 1 soft 0 temp 0.00 loss -1.19 i_con 3.67 plddt 0.40 ptm 0.85 i_ptm 0.52 energy -7.03
169 models [0] recycles 0 hard 1 soft 0 temp 0.00 loss -1.19 i_con 3.67 plddt 0.40 ptm 0.85 i_ptm 0.52 energy -7.03
170 models [1] recycles 0 hard 1 soft 0 temp 0.00 loss 0.36 i_con 5.21 plddt 0.27 ptm 0.85 i_ptm 0.19 energy -7.03
171 models [2] recycles 0 hard 1 soft 0 temp 0.00 loss -1.14 i_con 3.72 plddt 0.36 ptm 0.87 i_ptm 0.49 energy -7.03
172 models [0] recycles 0 hard 1 soft 0 temp 0.00 loss -1.19 i_con 3.67 plddt 0.40 ptm 0.85 i_ptm 0.52 energy -7.03
173 models [2] recycles 0 hard 1 soft 0 temp 0.00 loss -1.14 i_con 3.72 plddt 0.36 ptm 0.87 i_ptm 0.49 energy -7.03
174 models [3] recycles 0 hard 1 soft 0 temp 0.00 loss -1.20 i_con 3.66 plddt 0.40 ptm 0.87 i_ptm 0.53 energy -7.03
175 models [3] recycles 0 hard 1 soft 0 temp 0.00 loss -1.20 i_con 3.66 plddt 0.40 ptm 0.87 i_ptm 0.53 energy -7.03
176 models [0] recycles 0 hard 1 soft 0 temp 0.00 loss -1.19 i_con 3.67 plddt 0.40 ptm 0.85 i_ptm 0.52 energy -7.03
177 models [2] recycles 0 hard 1 soft 0 temp 0.00 loss -1.14 i_con 3.72 plddt 0.36 ptm 0.87 i_ptm 0.49 energy -7.03
178 models [1] recycles 0 hard 1 soft 0 temp 0.00 loss 0.36 i_con 5.21 plddt 0.27 ptm 0.85 i_ptm 0.19 energy -7.03
179 models [3] recycles 0 hard 1 soft 0 temp 0.00 loss -1.20 i_con 3.66 plddt 0.40 ptm 0.87 i_ptm 0.53 energy -7.03
180 models [2] recycles 0 hard 1 soft 0 temp 0.00 loss -1.14 i_con 3.72 plddt 0.36 ptm 0.87 i_ptm 0.49 energy -7.03
  seq=AWAEWWFDSNYGGFG  loss=-1.1351  loss_af=3.7863  energy=-7.0307  i_ptm=0.4921
[18/30] seed=17 ...
1 models [3] recycles 0 hard 0 soft 1 temp 1 loss 4.33 i_con 3.89 plddt 0.34 ptm 0.85 i_ptm 0.44 energy 7.38
2 models [2] recycles 0 hard 0 soft 1 temp 1 loss 4.25 i_con 3.84 plddt 0.35 ptm 0.86 i_ptm 0.46 energy 6.89
3 models [1] recycles 0 hard 0 soft 1 temp 1 loss 4.84 i_con 4.44 plddt 0.21 ptm 0.86 i_ptm 0.19 energy 6.37
4 models [1] recycles 0 hard 0 soft 1 temp 1 loss 4.56 i_con 4.18 plddt 0.25 ptm 0.87 i_ptm 0.25 energy 6.09
5 models [4] recycles 0 hard 0 soft 1 temp 1 loss 4.29 i_con 3.94 plddt 0.29 ptm 0.88 i_ptm 0.36 energy 5.57
6 models [4] recycles 0 hard 0 soft 1 temp 1 loss 4.21 i_con 3.89 plddt 0.33 ptm 0.88 i_ptm 0.40 energy 4.98
7 models [1] recycles 0 hard 0 soft 1 temp 1 loss 5.55 i_con 5.25 plddt 0.21 ptm 0.85 i_ptm 0.14 energy 4.32
8 models [2] recycles 0 hard 0 soft 1 temp 1 loss 3.98 i_con 3.71 plddt 0.39 ptm 0.87 i_ptm 0.47 energy 4.25
9 models [3] recycles 0 hard 0 soft 1 temp 1 loss 4.03 i_con 3.77 plddt 0.35 ptm 0.86 i_ptm 0.47 energy 3.76
10 models [3] recycles 0 hard 0 soft 1 temp 1 loss 3.95 i_con 3.73 plddt 0.37 ptm 0.87 i_ptm 0.48 energy 3.17
11 models [4] recycles 0 hard 0 soft 1 temp 1 loss 4.22 i_con 4.01 plddt 0.29 ptm 0.88 i_ptm 0.34 energy 2.79
12 models [3] recycles 0 hard 0 soft 1 temp 1 loss 4.00 i_con 3.80 plddt 0.33 ptm 0.86 i_ptm 0.43 energy 2.66
13 models [4] recycles 0 hard 0 soft 1 temp 1 loss 4.17 i_con 3.98 plddt 0.29 ptm 0.88 i_ptm 0.35 energy 2.39
14 models [3] recycles 0 hard 0 soft 1 temp 1 loss 3.98 i_con 3.80 plddt 0.33 ptm 0.86 i_ptm 0.43 energy 2.26
15 models [3] recycles 0 hard 0 soft 1 temp 1 loss 3.94 i_con 3.78 plddt 0.33 ptm 0.86 i_ptm 0.45 energy 2.03
16 models [4] recycles 0 hard 0 soft 1 temp 1 loss 4.13 i_con 3.97 plddt 0.30 ptm 0.88 i_ptm 0.34 energy 1.71
17 models [0] recycles 0 hard 0 soft 1 temp 1 loss 4.20 i_con 4.05 plddt 0.28 ptm 0.84 i_ptm 0.35 energy 1.57
18 models [4] recycles 0 hard 0 soft 1 temp 1 loss 3.91 i_con 3.77 plddt 0.32 ptm 0.88 i_ptm 0.42 energy 1.37
19 models [0] recycles 0 hard 0 soft 1 temp 1 loss 4.10 i_con 3.98 plddt 0.31 ptm 0.84 i_ptm 0.36 energy 1.17
20 models [4] recycles 0 hard 0 soft 1 temp 1 loss 3.92 i_con 3.81 plddt 0.32 ptm 0.88 i_ptm 0.44 energy 0.89
21 models [3] recycles 0 hard 0 soft 1 temp 1 loss 3.78 i_con 3.69 plddt 0.34 ptm 0.86 i_ptm 0.51 energy 0.56
22 models [1] recycles 0 hard 0 soft 1 temp 1 loss 5.01 i_con 4.90 plddt 0.22 ptm 0.85 i_ptm 0.15 energy 0.48
23 models [3] recycles 0 hard 0 soft 1 temp 1 loss 3.82 i_con 3.73 plddt 0.36 ptm 0.87 i_ptm 0.46 energy 0.52
24 models [3] recycles 0 hard 0 soft 1 temp 1 loss 3.70 i_con 3.62 plddt 0.36 ptm 0.87 i_ptm 0.50 energy 0.29
25 models [0] recycles 0 hard 0 soft 1 temp 1 loss 4.05 i_con 3.99 plddt 0.31 ptm 0.85 i_ptm 0.37 energy -0.16
26 models [2] recycles 0 hard 0 soft 1 temp 1 loss 3.74 i_con 3.69 plddt 0.38 ptm 0.87 i_ptm 0.47 energy -0.23
27 models [0] recycles 0 hard 0 soft 1 temp 1 loss 3.94 i_con 3.91 plddt 0.33 ptm 0.84 i_ptm 0.38 energy -0.61
28 models [4] recycles 0 hard 0 soft 1 temp 1 loss 3.75 i_con 3.72 plddt 0.33 ptm 0.88 i_ptm 0.43 energy -0.81
29 models [3] recycles 0 hard 0 soft 1 temp 1 loss 3.73 i_con 3.71 plddt 0.36 ptm 0.86 i_ptm 0.46 energy -1.00
30 models [0] recycles 0 hard 0 soft 1 temp 1 loss 3.89 i_con 3.88 plddt 0.32 ptm 0.85 i_ptm 0.40 energy -1.23
31 models [3] recycles 0 hard 0 soft 1 temp 1 loss 3.69 i_con 3.70 plddt 0.34 ptm 0.86 i_ptm 0.48 energy -1.41
32 models [2] recycles 0 hard 0 soft 1 temp 1 loss 3.67 i_con 3.68 plddt 0.37 ptm 0.86 i_ptm 0.45 energy -1.53
33 models [4] recycles 0 hard 0 soft 1 temp 1 loss 3.68 i_con 3.70 plddt 0.35 ptm 0.88 i_ptm 0.45 energy -1.69
34 models [1] recycles 0 hard 0 soft 1 temp 1 loss 4.10 i_con 4.12 plddt 0.27 ptm 0.86 i_ptm 0.25 energy -1.81
35 models [1] recycles 0 hard 0 soft 1 temp 1 loss 4.38 i_con 4.41 plddt 0.24 ptm 0.86 i_ptm 0.17 energy -1.98
36 models [4] recycles 0 hard 0 soft 1 temp 1 loss 3.71 i_con 3.74 plddt 0.33 ptm 0.88 i_ptm 0.42 energy -1.96
37 models [1] recycles 0 hard 0 soft 1 temp 1 loss 4.15 i_con 4.18 plddt 0.27 ptm 0.86 i_ptm 0.26 energy -2.20
38 models [2] recycles 0 hard 0 soft 1 temp 1 loss 3.71 i_con 3.75 plddt 0.35 ptm 0.87 i_ptm 0.46 energy -2.27
39 models [2] recycles 0 hard 0 soft 1 temp 1 loss 3.62 i_con 3.67 plddt 0.38 ptm 0.87 i_ptm 0.49 energy -2.29
40 models [4] recycles 0 hard 0 soft 1 temp 1 loss 3.59 i_con 3.64 plddt 0.37 ptm 0.88 i_ptm 0.49 energy -2.36
41 models [0] recycles 0 hard 0 soft 1 temp 1 loss 3.84 i_con 3.90 plddt 0.30 ptm 0.84 i_ptm 0.38 energy -2.52
42 models [4] recycles 0 hard 0 soft 1 temp 1 loss 3.63 i_con 3.70 plddt 0.33 ptm 0.89 i_ptm 0.45 energy -2.58
43 models [0] recycles 0 hard 0 soft 1 temp 1 loss 3.91 i_con 3.98 plddt 0.34 ptm 0.85 i_ptm 0.35 energy -2.66
44 models [4] recycles 0 hard 0 soft 1 temp 1 loss 3.49 i_con 3.57 plddt 0.37 ptm 0.89 i_ptm 0.53 energy -2.77
45 models [3] recycles 0 hard 0 soft 1 temp 1 loss 4.40 i_con 4.46 plddt 0.24 ptm 0.84 i_ptm 0.17 energy -2.78
46 models [0] recycles 0 hard 0 soft 1 temp 1 loss 3.67 i_con 3.75 plddt 0.36 ptm 0.85 i_ptm 0.45 energy -2.73
47 models [2] recycles 0 hard 0 soft 1 temp 1 loss 3.63 i_con 3.71 plddt 0.35 ptm 0.87 i_ptm 0.49 energy -2.74
48 models [0] recycles 0 hard 0 soft 1 temp 1 loss 3.73 i_con 3.81 plddt 0.35 ptm 0.85 i_ptm 0.42 energy -2.84
49 models [3] recycles 0 hard 0 soft 1 temp 1 loss 3.62 i_con 3.70 plddt 0.36 ptm 0.86 i_ptm 0.46 energy -2.93
50 models [0] recycles 0 hard 0 soft 1 temp 1 loss 3.82 i_con 3.90 plddt 0.33 ptm 0.85 i_ptm 0.40 energy -2.92
51 models [1] recycles 0 hard 0 soft 1 temp 1 loss 3.05 i_con 3.85 plddt 0.31 ptm 0.87 i_ptm 0.38 energy -2.91
52 models [4] recycles 0 hard 0 soft 1 temp 1 loss 2.77 i_con 3.64 plddt 0.37 ptm 0.88 i_ptm 0.50 energy -3.10
53 models [1] recycles 0 hard 0 soft 1 temp 1 loss 3.19 i_con 4.11 plddt 0.31 ptm 0.86 i_ptm 0.30 energy -3.29
54 models [2] recycles 0 hard 0 soft 1 temp 1 loss 2.71 i_con 3.67 plddt 0.43 ptm 0.87 i_ptm 0.51 energy -3.40
55 models [1] recycles 0 hard 0 soft 1 temp 1 loss 2.88 i_con 3.87 plddt 0.31 ptm 0.87 i_ptm 0.39 energy -3.55
56 models [1] recycles 0 hard 0 soft 1 temp 1 loss 3.08 i_con 4.13 plddt 0.28 ptm 0.86 i_ptm 0.29 energy -3.72
57 models [4] recycles 0 hard 0 soft 1 temp 1 loss 2.64 i_con 3.73 plddt 0.36 ptm 0.88 i_ptm 0.46 energy -3.85
58 models [3] recycles 0 hard 0 soft 1 temp 1 loss 2.65 i_con 3.79 plddt 0.37 ptm 0.86 i_ptm 0.47 energy -4.00
59 models [4] recycles 0 hard 0 soft 1 temp 1 loss 2.60 i_con 3.76 plddt 0.31 ptm 0.88 i_ptm 0.44 energy -4.08
60 models [2] recycles 0 hard 0 soft 1 temp 1 loss 2.62 i_con 3.80 plddt 0.38 ptm 0.86 i_ptm 0.43 energy -4.16
61 models [3] recycles 0 hard 0 soft 1 temp 1 loss 2.45 i_con 3.67 plddt 0.36 ptm 0.86 i_ptm 0.51 energy -4.30
62 models [0] recycles 0 hard 0 soft 1 temp 1 loss 2.60 i_con 3.87 plddt 0.34 ptm 0.84 i_ptm 0.42 energy -4.45
63 models [0] recycles 0 hard 0 soft 1 temp 1 loss 2.57 i_con 3.85 plddt 0.36 ptm 0.84 i_ptm 0.40 energy -4.49
64 models [2] recycles 0 hard 0 soft 1 temp 1 loss 2.47 i_con 3.80 plddt 0.37 ptm 0.86 i_ptm 0.44 energy -4.67
65 models [1] recycles 0 hard 0 soft 1 temp 1 loss 4.25 i_con 5.60 plddt 0.27 ptm 0.86 i_ptm 0.16 energy -4.76
66 models [4] recycles 0 hard 0 soft 1 temp 1 loss 2.40 i_con 3.75 plddt 0.34 ptm 0.88 i_ptm 0.43 energy -4.74
67 models [1] recycles 0 hard 0 soft 1 temp 1 loss 2.54 i_con 3.93 plddt 0.34 ptm 0.87 i_ptm 0.37 energy -4.85
68 models [1] recycles 0 hard 0 soft 1 temp 1 loss 2.59 i_con 3.98 plddt 0.29 ptm 0.87 i_ptm 0.33 energy -4.86
69 models [0] recycles 0 hard 0 soft 1 temp 1 loss 2.47 i_con 3.89 plddt 0.37 ptm 0.84 i_ptm 0.41 energy -4.95
70 models [1] recycles 0 hard 0 soft 1 temp 1 loss 2.59 i_con 4.05 plddt 0.32 ptm 0.86 i_ptm 0.34 energy -5.09
71 models [4] recycles 0 hard 0 soft 1 temp 1 loss 2.29 i_con 3.75 plddt 0.36 ptm 0.88 i_ptm 0.44 energy -5.09
72 models [3] recycles 0 hard 0 soft 1 temp 1 loss 2.21 i_con 3.71 plddt 0.36 ptm 0.86 i_ptm 0.47 energy -5.21
73 models [3] recycles 0 hard 0 soft 1 temp 1 loss 2.24 i_con 3.78 plddt 0.34 ptm 0.86 i_ptm 0.46 energy -5.35
74 models [0] recycles 0 hard 0 soft 1 temp 1 loss 2.32 i_con 3.88 plddt 0.38 ptm 0.85 i_ptm 0.42 energy -5.40
75 models [2] recycles 0 hard 0 soft 1 temp 1 loss 2.39 i_con 3.98 plddt 0.33 ptm 0.86 i_ptm 0.38 energy -5.54
76 models [2] recycles 0 hard 0 soft 1 temp 1 loss 2.16 i_con 3.78 plddt 0.38 ptm 0.87 i_ptm 0.46 energy -5.61
77 models [3] recycles 0 hard 0 soft 1 temp 1 loss 2.01 i_con 3.66 plddt 0.37 ptm 0.86 i_ptm 0.51 energy -5.70
78 models [3] recycles 0 hard 0 soft 1 temp 1 loss 2.03 i_con 3.71 plddt 0.42 ptm 0.86 i_ptm 0.51 energy -5.78
79 models [0] recycles 0 hard 0 soft 1 temp 1 loss 2.06 i_con 3.75 plddt 0.41 ptm 0.85 i_ptm 0.48 energy -5.82
80 models [3] recycles 0 hard 0 soft 1 temp 1 loss 2.00 i_con 3.72 plddt 0.37 ptm 0.86 i_ptm 0.48 energy -5.94
81 models [4] recycles 0 hard 0 soft 1 temp 1 loss 2.14 i_con 3.85 plddt 0.29 ptm 0.88 i_ptm 0.38 energy -5.93
82 models [2] recycles 0 hard 0 soft 1 temp 1 loss 2.08 i_con 3.81 plddt 0.37 ptm 0.86 i_ptm 0.44 energy -5.98
83 models [0] recycles 0 hard 0 soft 1 temp 1 loss 2.06 i_con 3.81 plddt 0.42 ptm 0.84 i_ptm 0.47 energy -6.03
84 models [0] recycles 0 hard 0 soft 1 temp 1 loss 2.02 i_con 3.79 plddt 0.42 ptm 0.84 i_ptm 0.45 energy -6.11
85 models [0] recycles 0 hard 0 soft 1 temp 1 loss 1.89 i_con 3.68 plddt 0.47 ptm 0.86 i_ptm 0.53 energy -6.15
86 models [1] recycles 0 hard 0 soft 1 temp 1 loss 3.25 i_con 5.05 plddt 0.29 ptm 0.85 i_ptm 0.11 energy -6.23
87 models [3] recycles 0 hard 0 soft 1 temp 1 loss 1.88 i_con 3.67 plddt 0.35 ptm 0.87 i_ptm 0.49 energy -6.19
88 models [1] recycles 0 hard 0 soft 1 temp 1 loss 2.85 i_con 4.65 plddt 0.31 ptm 0.85 i_ptm 0.16 energy -6.22
89 models [4] recycles 0 hard 0 soft 1 temp 1 loss 1.87 i_con 3.66 plddt 0.36 ptm 0.88 i_ptm 0.49 energy -6.20
90 models [4] recycles 0 hard 0 soft 1 temp 1 loss 1.80 i_con 3.62 plddt 0.39 ptm 0.88 i_ptm 0.49 energy -6.26
91 models [1] recycles 0 hard 0 soft 1 temp 1 loss 3.14 i_con 4.98 plddt 0.32 ptm 0.85 i_ptm 0.14 energy -6.34
92 models [2] recycles 0 hard 0 soft 1 temp 1 loss 1.80 i_con 3.64 plddt 0.39 ptm 0.87 i_ptm 0.52 energy -6.35
93 models [1] recycles 0 hard 0 soft 1 temp 1 loss 3.29 i_con 5.13 plddt 0.26 ptm 0.85 i_ptm 0.12 energy -6.38
94 models [0] recycles 0 hard 0 soft 1 temp 1 loss 2.06 i_con 3.91 plddt 0.38 ptm 0.84 i_ptm 0.40 energy -6.35
95 models [1] recycles 0 hard 0 soft 1 temp 1 loss 3.56 i_con 5.41 plddt 0.30 ptm 0.85 i_ptm 0.16 energy -6.40
96 models [3] recycles 0 hard 0 soft 1 temp 1 loss 1.80 i_con 3.64 plddt 0.39 ptm 0.87 i_ptm 0.54 energy -6.33
97 models [3] recycles 0 hard 0 soft 1 temp 1 loss 2.52 i_con 4.36 plddt 0.31 ptm 0.85 i_ptm 0.22 energy -6.38
98 models [1] recycles 0 hard 0 soft 1 temp 1 loss 2.34 i_con 4.17 plddt 0.29 ptm 0.86 i_ptm 0.26 energy -6.34
99 models [1] recycles 0 hard 0 soft 1 temp 1 loss 2.17 i_con 4.01 plddt 0.30 ptm 0.86 i_ptm 0.32 energy -6.37
100 models [1] recycles 0 hard 0 soft 1 temp 1 loss 2.27 i_con 4.13 plddt 0.31 ptm 0.85 i_ptm 0.28 energy -6.43
101 models [3] recycles 0 hard 0 soft 0 temp 1 loss 2.46 i_con 5.99 plddt 0.23 ptm 0.85 i_ptm 0.18 energy -36.04
102 models [0] recycles 0 hard 0 soft 0 temp 0.98 loss 2.02 i_con 5.57 plddt 0.24 ptm 0.84 i_ptm 0.17 energy -36.29
103 models [2] recycles 0 hard 0 soft 0 temp 0.96 loss 1.96 i_con 5.53 plddt 0.24 ptm 0.84 i_ptm 0.11 energy -36.52
104 models [2] recycles 0 hard 0 soft 0 temp 0.94 loss 2.18 i_con 5.77 plddt 0.21 ptm 0.85 i_ptm 0.15 energy -36.71
105 models [1] recycles 0 hard 0 soft 0 temp 0.92 loss 3.01 i_con 6.61 plddt 0.30 ptm 0.87 i_ptm 0.20 energy -36.67
106 models [0] recycles 0 hard 0 soft 0 temp 0.90 loss 1.49 i_con 5.09 plddt 0.23 ptm 0.83 i_ptm 0.11 energy -36.77
107 models [4] recycles 0 hard 0 soft 0 temp 0.88 loss 2.23 i_con 5.86 plddt 0.26 ptm 0.87 i_ptm 0.19 energy -37.02
108 models [2] recycles 0 hard 0 soft 0 temp 0.86 loss 2.05 i_con 5.66 plddt 0.26 ptm 0.86 i_ptm 0.14 energy -36.80
109 models [3] recycles 0 hard 0 soft 0 temp 0.84 loss 2.39 i_con 6.02 plddt 0.24 ptm 0.85 i_ptm 0.14 energy -37.12
110 models [1] recycles 0 hard 0 soft 0 temp 0.82 loss 0.84 i_con 4.48 plddt 0.23 ptm 0.81 i_ptm 0.14 energy -37.21
111 models [4] recycles 0 hard 0 soft 0 temp 0.80 loss 1.49 i_con 5.14 plddt 0.21 ptm 0.86 i_ptm 0.10 energy -37.32
112 models [0] recycles 0 hard 0 soft 0 temp 0.78 loss 2.05 i_con 5.73 plddt 0.24 ptm 0.82 i_ptm 0.13 energy -37.55
113 models [0] recycles 0 hard 0 soft 0 temp 0.76 loss 1.49 i_con 5.20 plddt 0.22 ptm 0.83 i_ptm 0.11 energy -37.84
114 models [1] recycles 0 hard 0 soft 0 temp 0.74 loss 2.62 i_con 6.34 plddt 0.25 ptm 0.86 i_ptm 0.14 energy -37.95
115 models [0] recycles 0 hard 0 soft 0 temp 0.72 loss 1.28 i_con 5.02 plddt 0.23 ptm 0.83 i_ptm 0.08 energy -38.14
116 models [1] recycles 0 hard 0 soft 0 temp 0.70 loss 0.99 i_con 4.72 plddt 0.18 ptm 0.59 i_ptm 0.16 energy -38.04
117 models [0] recycles 0 hard 0 soft 0 temp 0.68 loss 2.21 i_con 5.94 plddt 0.23 ptm 0.60 i_ptm 0.10 energy -38.12
118 models [1] recycles 0 hard 0 soft 0 temp 0.66 loss 0.57 i_con 4.31 plddt 0.16 ptm 0.52 i_ptm 0.12 energy -38.18
119 models [0] recycles 0 hard 0 soft 0 temp 0.64 loss 1.32 i_con 5.11 plddt 0.25 ptm 0.83 i_ptm 0.14 energy -38.62
120 models [0] recycles 0 hard 0 soft 0 temp 0.62 loss 1.65 i_con 5.45 plddt 0.25 ptm 0.83 i_ptm 0.13 energy -38.74
121 models [3] recycles 0 hard 0 soft 0 temp 0.60 loss 1.67 i_con 5.47 plddt 0.20 ptm 0.71 i_ptm 0.12 energy -38.76
122 models [3] recycles 0 hard 0 soft 0 temp 0.58 loss 0.54 i_con 4.34 plddt 0.19 ptm 0.24 i_ptm 0.35 energy -38.72
123 models [0] recycles 0 hard 0 soft 0 temp 0.56 loss 0.77 i_con 4.55 plddt 0.24 ptm 0.84 i_ptm 0.15 energy -38.56
124 models [1] recycles 0 hard 0 soft 0 temp 0.54 loss 2.24 i_con 6.00 plddt 0.26 ptm 0.86 i_ptm 0.17 energy -38.32
125 models [2] recycles 0 hard 0 soft 0 temp 0.52 loss 1.99 i_con 5.74 plddt 0.23 ptm 0.85 i_ptm 0.13 energy -38.23
126 models [0] recycles 0 hard 0 soft 0 temp 0.50 loss 0.61 i_con 4.36 plddt 0.24 ptm 0.84 i_ptm 0.20 energy -38.32
127 models [2] recycles 0 hard 0 soft 0 temp 0.48 loss 0.83 i_con 4.62 plddt 0.16 ptm 0.19 i_ptm 0.31 energy -38.67
128 models [2] recycles 0 hard 0 soft 0 temp 0.46 loss -0.75 i_con 3.06 plddt 0.27 ptm 0.45 i_ptm 0.48 energy -38.76
129 models [3] recycles 0 hard 0 soft 0 temp 0.44 loss 1.04 i_con 4.85 plddt 0.20 ptm 0.86 i_ptm 0.10 energy -38.90
130 models [4] recycles 0 hard 0 soft 0 temp 0.42 loss -0.06 i_con 3.77 plddt 0.23 ptm 0.33 i_ptm 0.40 energy -39.07
131 models [0] recycles 0 hard 0 soft 0 temp 0.40 loss 0.62 i_con 4.46 plddt 0.23 ptm 0.83 i_ptm 0.18 energy -39.13
132 models [3] recycles 0 hard 0 soft 0 temp 0.38 loss 1.09 i_con 4.94 plddt 0.21 ptm 0.85 i_ptm 0.10 energy -39.29
133 models [4] recycles 0 hard 0 soft 0 temp 0.36 loss 0.73 i_con 4.60 plddt 0.24 ptm 0.88 i_ptm 0.20 energy -39.46
134 models [4] recycles 0 hard 0 soft 0 temp 0.34 loss 0.70 i_con 4.65 plddt 0.24 ptm 0.87 i_ptm 0.24 energy -40.26
135 models [0] recycles 0 hard 0 soft 0 temp 0.32 loss 0.68 i_con 4.64 plddt 0.24 ptm 0.83 i_ptm 0.15 energy -40.32
136 models [2] recycles 0 hard 0 soft 0 temp 0.30 loss 2.06 i_con 6.05 plddt 0.25 ptm 0.85 i_ptm 0.14 energy -40.65
137 models [4] recycles 0 hard 0 soft 0 temp 0.28 loss 1.24 i_con 5.21 plddt 0.24 ptm 0.87 i_ptm 0.15 energy -40.45
138 models [1] recycles 0 hard 0 soft 0 temp 0.26 loss 1.32 i_con 5.36 plddt 0.25 ptm 0.85 i_ptm 0.11 energy -41.16
139 models [3] recycles 0 hard 0 soft 0 temp 0.24 loss 0.02 i_con 4.07 plddt 0.27 ptm 0.85 i_ptm 0.30 energy -41.21
140 models [1] recycles 0 hard 0 soft 0 temp 0.22 loss 2.11 i_con 6.20 plddt 0.24 ptm 0.86 i_ptm 0.14 energy -41.62
141 models [3] recycles 0 hard 0 soft 0 temp 0.20 loss 0.57 i_con 4.69 plddt 0.27 ptm 0.84 i_ptm 0.21 energy -41.93
142 models [2] recycles 0 hard 0 soft 0 temp 0.18 loss 0.37 i_con 4.54 plddt 0.25 ptm 0.86 i_ptm 0.17 energy -42.50
143 models [3] recycles 0 hard 0 soft 0 temp 0.16 loss 0.49 i_con 4.68 plddt 0.23 ptm 0.84 i_ptm 0.16 energy -42.75
144 models [2] recycles 0 hard 0 soft 0 temp 0.14 loss -0.15 i_con 4.10 plddt 0.27 ptm 0.87 i_ptm 0.32 energy -43.23
145 models [4] recycles 0 hard 0 soft 0 temp 0.12 loss 0.63 i_con 5.02 plddt 0.22 ptm 0.87 i_ptm 0.12 energy -44.67
146 models [3] recycles 0 hard 0 soft 0 temp 0.10 loss 0.63 i_con 5.03 plddt 0.22 ptm 0.84 i_ptm 0.14 energy -44.78
147 models [4] recycles 0 hard 0 soft 0 temp 0.08 loss 0.95 i_con 5.34 plddt 0.26 ptm 0.87 i_ptm 0.21 energy -44.57
148 models [2] recycles 0 hard 0 soft 0 temp 0.06 loss -0.35 i_con 4.08 plddt 0.26 ptm 0.86 i_ptm 0.31 energy -44.96
149 models [3] recycles 0 hard 0 soft 0 temp 0.04 loss -0.42 i_con 4.10 plddt 0.25 ptm 0.85 i_ptm 0.28 energy -45.90
150 models [1] recycles 0 hard 0 soft 0 temp 0.02 loss 1.21 i_con 5.79 plddt 0.27 ptm 0.87 i_ptm 0.23 energy -46.53
151 models [0] recycles 0 hard 1 soft 0 temp 0.00 loss -0.27 i_con 4.15 plddt 0.26 ptm 0.83 i_ptm 0.30 energy -6.42
152 models [3] recycles 0 hard 1 soft 0 temp 0.00 loss -0.37 i_con 4.05 plddt 0.23 ptm 0.85 i_ptm 0.32 energy -6.42
153 models [1] recycles 0 hard 1 soft 0 temp 0.00 loss 1.43 i_con 5.85 plddt 0.22 ptm 0.85 i_ptm 0.20 energy -6.42
154 models [0] recycles 0 hard 1 soft 0 temp 0.00 loss -0.27 i_con 4.15 plddt 0.26 ptm 0.83 i_ptm 0.30 energy -6.42
155 models [1] recycles 0 hard 1 soft 0 temp 0.00 loss 1.43 i_con 5.85 plddt 0.22 ptm 0.85 i_ptm 0.20 energy -6.42
156 models [2] recycles 0 hard 1 soft 0 temp 0.00 loss -0.33 i_con 4.09 plddt 0.25 ptm 0.86 i_ptm 0.34 energy -6.42
157 models [1] recycles 0 hard 1 soft 0 temp 0.00 loss 1.43 i_con 5.85 plddt 0.22 ptm 0.85 i_ptm 0.20 energy -6.42
158 models [0] recycles 0 hard 1 soft 0 temp 0.00 loss -0.27 i_con 4.15 plddt 0.26 ptm 0.83 i_ptm 0.30 energy -6.42
159 models [4] recycles 0 hard 1 soft 0 temp 0.00 loss 0.54 i_con 4.95 plddt 0.16 ptm 0.87 i_ptm 0.12 energy -6.42
160 models [3] recycles 0 hard 1 soft 0 temp 0.00 loss -0.37 i_con 4.05 plddt 0.23 ptm 0.85 i_ptm 0.32 energy -6.42
161 models [4] recycles 0 hard 1 soft 0 temp 0.00 loss 0.54 i_con 4.95 plddt 0.16 ptm 0.87 i_ptm 0.12 energy -6.42
162 models [4] recycles 0 hard 1 soft 0 temp 0.00 loss 0.54 i_con 4.95 plddt 0.16 ptm 0.87 i_ptm 0.12 energy -6.42
163 models [0] recycles 0 hard 1 soft 0 temp 0.00 loss -0.27 i_con 4.15 plddt 0.26 ptm 0.83 i_ptm 0.30 energy -6.42
164 models [0] recycles 0 hard 1 soft 0 temp 0.00 loss -0.27 i_con 4.15 plddt 0.26 ptm 0.83 i_ptm 0.30 energy -6.42
165 models [1] recycles 0 hard 1 soft 0 temp 0.00 loss 1.43 i_con 5.85 plddt 0.22 ptm 0.85 i_ptm 0.20 energy -6.42
166 models [0] recycles 0 hard 1 soft 0 temp 0.00 loss -0.27 i_con 4.15 plddt 0.26 ptm 0.83 i_ptm 0.30 energy -6.42
167 models [1] recycles 0 hard 1 soft 0 temp 0.00 loss 1.43 i_con 5.85 plddt 0.22 ptm 0.85 i_ptm 0.20 energy -6.42
168 models [4] recycles 0 hard 1 soft 0 temp 0.00 loss 0.54 i_con 4.95 plddt 0.16 ptm 0.87 i_ptm 0.12 energy -6.42
169 models [3] recycles 0 hard 1 soft 0 temp 0.00 loss -0.37 i_con 4.05 plddt 0.23 ptm 0.85 i_ptm 0.32 energy -6.42
170 models [0] recycles 0 hard 1 soft 0 temp 0.00 loss -0.27 i_con 4.15 plddt 0.26 ptm 0.83 i_ptm 0.30 energy -6.42
171 models [4] recycles 0 hard 1 soft 0 temp 0.00 loss 0.54 i_con 4.95 plddt 0.16 ptm 0.87 i_ptm 0.12 energy -6.42
172 models [4] recycles 0 hard 1 soft 0 temp 0.00 loss 0.54 i_con 4.95 plddt 0.16 ptm 0.87 i_ptm 0.12 energy -6.42
173 models [3] recycles 0 hard 1 soft 0 temp 0.00 loss -0.37 i_con 4.05 plddt 0.23 ptm 0.85 i_ptm 0.32 energy -6.42
174 models [2] recycles 0 hard 1 soft 0 temp 0.00 loss -0.33 i_con 4.09 plddt 0.25 ptm 0.86 i_ptm 0.34 energy -6.42
175 models [2] recycles 0 hard 1 soft 0 temp 0.00 loss -0.33 i_con 4.09 plddt 0.25 ptm 0.86 i_ptm 0.34 energy -6.42
176 models [2] recycles 0 hard 1 soft 0 temp 0.00 loss -0.33 i_con 4.09 plddt 0.25 ptm 0.86 i_ptm 0.34 energy -6.42
177 models [0] recycles 0 hard 1 soft 0 temp 0.00 loss -0.27 i_con 4.15 plddt 0.26 ptm 0.83 i_ptm 0.30 energy -6.42
178 models [4] recycles 0 hard 1 soft 0 temp 0.00 loss 0.54 i_con 4.95 plddt 0.16 ptm 0.87 i_ptm 0.12 energy -6.42
179 models [4] recycles 0 hard 1 soft 0 temp 0.00 loss 0.54 i_con 4.95 plddt 0.16 ptm 0.87 i_ptm 0.12 energy -6.42
180 models [4] recycles 0 hard 1 soft 0 temp 0.00 loss 0.54 i_con 4.95 plddt 0.16 ptm 0.87 i_ptm 0.12 energy -6.42
  seq=DIIWSWWSPWYQKKC  loss=0.5368  loss_af=5.0327  energy=-6.4228  i_ptm=0.1152
[19/30] seed=18 ...
1 models [0] recycles 0 hard 0 soft 1 temp 1 loss 4.82 i_con 4.38 plddt 0.25 ptm 0.84 i_ptm 0.22 energy 7.35
2 models [0] recycles 0 hard 0 soft 1 temp 1 loss 4.60 i_con 4.17 plddt 0.26 ptm 0.84 i_ptm 0.31 energy 7.16
3 models [2] recycles 0 hard 0 soft 1 temp 1 loss 4.26 i_con 3.86 plddt 0.32 ptm 0.86 i_ptm 0.43 energy 6.65
4 models [3] recycles 0 hard 0 soft 1 temp 1 loss 4.18 i_con 3.81 plddt 0.32 ptm 0.86 i_ptm 0.40 energy 5.93
5 models [3] recycles 0 hard 0 soft 1 temp 1 loss 4.22 i_con 3.89 plddt 0.32 ptm 0.86 i_ptm 0.41 energy 5.09
6 models [1] recycles 0 hard 0 soft 1 temp 1 loss 4.37 i_con 4.07 plddt 0.25 ptm 0.86 i_ptm 0.31 energy 4.53
7 models [2] recycles 0 hard 0 soft 1 temp 1 loss 4.30 i_con 4.02 plddt 0.29 ptm 0.86 i_ptm 0.33 energy 4.18
8 models [0] recycles 0 hard 0 soft 1 temp 1 loss 4.46 i_con 4.19 plddt 0.26 ptm 0.84 i_ptm 0.27 energy 3.89
9 models [1] recycles 0 hard 0 soft 1 temp 1 loss 5.30 i_con 5.04 plddt 0.25 ptm 0.86 i_ptm 0.26 energy 3.62
10 models [1] recycles 0 hard 0 soft 1 temp 1 loss 4.90 i_con 4.65 plddt 0.21 ptm 0.86 i_ptm 0.15 energy 3.41
11 models [1] recycles 0 hard 0 soft 1 temp 1 loss 5.13 i_con 4.88 plddt 0.20 ptm 0.86 i_ptm 0.13 energy 3.42
12 models [3] recycles 0 hard 0 soft 1 temp 1 loss 3.97 i_con 3.74 plddt 0.36 ptm 0.86 i_ptm 0.45 energy 3.26
13 models [4] recycles 0 hard 0 soft 1 temp 1 loss 4.06 i_con 3.85 plddt 0.33 ptm 0.89 i_ptm 0.41 energy 2.86
14 models [3] recycles 0 hard 0 soft 1 temp 1 loss 3.81 i_con 3.62 plddt 0.38 ptm 0.87 i_ptm 0.52 energy 2.69
15 models [0] recycles 0 hard 0 soft 1 temp 1 loss 4.19 i_con 3.99 plddt 0.32 ptm 0.84 i_ptm 0.37 energy 2.65
16 models [3] recycles 0 hard 0 soft 1 temp 1 loss 3.83 i_con 3.64 plddt 0.36 ptm 0.86 i_ptm 0.49 energy 2.57
17 models [3] recycles 0 hard 0 soft 1 temp 1 loss 3.88 i_con 3.69 plddt 0.38 ptm 0.86 i_ptm 0.47 energy 2.41
18 models [1] recycles 0 hard 0 soft 1 temp 1 loss 4.27 i_con 4.08 plddt 0.26 ptm 0.87 i_ptm 0.28 energy 2.26
19 models [3] recycles 0 hard 0 soft 1 temp 1 loss 3.86 i_con 3.69 plddt 0.37 ptm 0.86 i_ptm 0.49 energy 2.13
20 models [3] recycles 0 hard 0 soft 1 temp 1 loss 3.72 i_con 3.58 plddt 0.40 ptm 0.87 i_ptm 0.54 energy 1.76
21 models [2] recycles 0 hard 0 soft 1 temp 1 loss 3.85 i_con 3.71 plddt 0.39 ptm 0.87 i_ptm 0.52 energy 1.58
22 models [0] recycles 0 hard 0 soft 1 temp 1 loss 4.04 i_con 3.91 plddt 0.36 ptm 0.84 i_ptm 0.41 energy 1.44
23 models [3] recycles 0 hard 0 soft 1 temp 1 loss 3.78 i_con 3.65 plddt 0.38 ptm 0.88 i_ptm 0.51 energy 1.20
24 models [2] recycles 0 hard 0 soft 1 temp 1 loss 3.90 i_con 3.79 plddt 0.38 ptm 0.87 i_ptm 0.49 energy 1.04
25 models [0] recycles 0 hard 0 soft 1 temp 1 loss 3.96 i_con 3.85 plddt 0.37 ptm 0.85 i_ptm 0.45 energy 0.83
26 models [4] recycles 0 hard 0 soft 1 temp 1 loss 4.89 i_con 4.80 plddt 0.25 ptm 0.87 i_ptm 0.16 energy 0.38
27 models [1] recycles 0 hard 0 soft 1 temp 1 loss 4.05 i_con 3.97 plddt 0.34 ptm 0.87 i_ptm 0.37 energy 0.36
28 models [0] recycles 0 hard 0 soft 1 temp 1 loss 3.86 i_con 3.79 plddt 0.39 ptm 0.85 i_ptm 0.48 energy 0.19
29 models [3] recycles 0 hard 0 soft 1 temp 1 loss 3.71 i_con 3.66 plddt 0.38 ptm 0.87 i_ptm 0.51 energy -0.16
30 models [0] recycles 0 hard 0 soft 1 temp 1 loss 3.82 i_con 3.78 plddt 0.37 ptm 0.86 i_ptm 0.45 energy -0.39
31 models [0] recycles 0 hard 0 soft 1 temp 1 loss 3.84 i_con 3.80 plddt 0.39 ptm 0.85 i_ptm 0.46 energy -0.48
32 models [0] recycles 0 hard 0 soft 1 temp 1 loss 3.86 i_con 3.83 plddt 0.37 ptm 0.85 i_ptm 0.43 energy -0.73
33 models [3] recycles 0 hard 0 soft 1 temp 1 loss 3.70 i_con 3.68 plddt 0.36 ptm 0.86 i_ptm 0.53 energy -0.92
34 models [3] recycles 0 hard 0 soft 1 temp 1 loss 3.60 i_con 3.59 plddt 0.40 ptm 0.87 i_ptm 0.58 energy -1.07
35 models [2] recycles 0 hard 0 soft 1 temp 1 loss 3.67 i_con 3.67 plddt 0.39 ptm 0.88 i_ptm 0.53 energy -1.12
36 models [4] recycles 0 hard 0 soft 1 temp 1 loss 3.73 i_con 3.73 plddt 0.40 ptm 0.88 i_ptm 0.51 energy -1.11
37 models [4] recycles 0 hard 0 soft 1 temp 1 loss 3.61 i_con 3.60 plddt 0.40 ptm 0.89 i_ptm 0.56 energy -1.09
38 models [1] recycles 0 hard 0 soft 1 temp 1 loss 3.75 i_con 3.74 plddt 0.36 ptm 0.87 i_ptm 0.46 energy -1.22
39 models [3] recycles 0 hard 0 soft 1 temp 1 loss 3.65 i_con 3.65 plddt 0.41 ptm 0.87 i_ptm 0.52 energy -1.16
40 models [0] recycles 0 hard 0 soft 1 temp 1 loss 3.58 i_con 3.60 plddt 0.47 ptm 0.85 i_ptm 0.57 energy -1.34
41 models [2] recycles 0 hard 0 soft 1 temp 1 loss 3.00 i_con 3.03 plddt 0.63 ptm 0.89 i_ptm 0.75 energy -1.29
42 models [4] recycles 0 hard 0 soft 1 temp 1 loss 3.58 i_con 3.59 plddt 0.43 ptm 0.89 i_ptm 0.58 energy -1.28
43 models [2] recycles 0 hard 0 soft 1 temp 1 loss 3.65 i_con 3.67 plddt 0.45 ptm 0.87 i_ptm 0.57 energy -1.39
44 models [4] recycles 0 hard 0 soft 1 temp 1 loss 3.83 i_con 3.84 plddt 0.38 ptm 0.88 i_ptm 0.49 energy -1.43
45 models [4] recycles 0 hard 0 soft 1 temp 1 loss 3.55 i_con 3.57 plddt 0.46 ptm 0.89 i_ptm 0.61 energy -1.50
46 models [4] recycles 0 hard 0 soft 1 temp 1 loss 3.62 i_con 3.64 plddt 0.43 ptm 0.89 i_ptm 0.57 energy -1.54
47 models [3] recycles 0 hard 0 soft 1 temp 1 loss 3.57 i_con 3.60 plddt 0.45 ptm 0.87 i_ptm 0.58 energy -1.61
48 models [4] recycles 0 hard 0 soft 1 temp 1 loss 3.65 i_con 3.67 plddt 0.41 ptm 0.89 i_ptm 0.53 energy -1.54
49 models [2] recycles 0 hard 0 soft 1 temp 1 loss 3.63 i_con 3.66 plddt 0.44 ptm 0.88 i_ptm 0.57 energy -1.75
50 models [2] recycles 0 hard 0 soft 1 temp 1 loss 3.60 i_con 3.64 plddt 0.47 ptm 0.87 i_ptm 0.57 energy -1.88
51 models [4] recycles 0 hard 0 soft 1 temp 1 loss 3.25 i_con 3.77 plddt 0.39 ptm 0.89 i_ptm 0.50 energy -1.91
52 models [4] recycles 0 hard 0 soft 1 temp 1 loss 3.06 i_con 3.63 plddt 0.46 ptm 0.89 i_ptm 0.57 energy -2.07
53 models [4] recycles 0 hard 0 soft 1 temp 1 loss 2.91 i_con 3.52 plddt 0.46 ptm 0.89 i_ptm 0.60 energy -2.20
54 models [1] recycles 0 hard 0 soft 1 temp 1 loss 4.99 i_con 5.59 plddt 0.29 ptm 0.86 i_ptm 0.14 energy -2.21
55 models [2] recycles 0 hard 0 soft 1 temp 1 loss 2.96 i_con 3.59 plddt 0.46 ptm 0.88 i_ptm 0.58 energy -2.26
56 models [0] recycles 0 hard 0 soft 1 temp 1 loss 3.04 i_con 3.69 plddt 0.43 ptm 0.85 i_ptm 0.52 energy -2.36
57 models [0] recycles 0 hard 0 soft 1 temp 1 loss 3.10 i_con 3.74 plddt 0.43 ptm 0.85 i_ptm 0.52 energy -2.32
58 models [3] recycles 0 hard 0 soft 1 temp 1 loss 2.85 i_con 3.53 plddt 0.48 ptm 0.87 i_ptm 0.60 energy -2.44
59 models [4] recycles 0 hard 0 soft 1 temp 1 loss 3.11 i_con 3.77 plddt 0.40 ptm 0.88 i_ptm 0.50 energy -2.42
60 models [2] recycles 0 hard 0 soft 1 temp 1 loss 2.51 i_con 3.21 plddt 0.58 ptm 0.89 i_ptm 0.73 energy -2.50
61 models [3] recycles 0 hard 0 soft 1 temp 1 loss 3.84 i_con 4.51 plddt 0.27 ptm 0.84 i_ptm 0.19 energy -2.46
62 models [2] recycles 0 hard 0 soft 1 temp 1 loss 2.97 i_con 3.65 plddt 0.48 ptm 0.87 i_ptm 0.57 energy -2.44
63 models [3] recycles 0 hard 0 soft 1 temp 1 loss 2.91 i_con 3.62 plddt 0.44 ptm 0.86 i_ptm 0.57 energy -2.53
64 models [3] recycles 0 hard 0 soft 1 temp 1 loss 3.04 i_con 3.80 plddt 0.39 ptm 0.86 i_ptm 0.46 energy -2.72
65 models [4] recycles 0 hard 0 soft 1 temp 1 loss 2.87 i_con 3.62 plddt 0.46 ptm 0.89 i_ptm 0.57 energy -2.69
66 models [0] recycles 0 hard 0 soft 1 temp 1 loss 2.95 i_con 3.72 plddt 0.44 ptm 0.86 i_ptm 0.52 energy -2.75
67 models [3] recycles 0 hard 0 soft 1 temp 1 loss 2.98 i_con 3.75 plddt 0.38 ptm 0.86 i_ptm 0.48 energy -2.80
68 models [2] recycles 0 hard 0 soft 1 temp 1 loss 2.88 i_con 3.63 plddt 0.47 ptm 0.87 i_ptm 0.57 energy -2.68
69 models [1] recycles 0 hard 0 soft 1 temp 1 loss 3.22 i_con 3.98 plddt 0.35 ptm 0.87 i_ptm 0.37 energy -2.75
70 models [1] recycles 0 hard 0 soft 1 temp 1 loss 4.54 i_con 5.32 plddt 0.31 ptm 0.85 i_ptm 0.20 energy -2.82
71 models [0] recycles 0 hard 0 soft 1 temp 1 loss 2.95 i_con 3.72 plddt 0.44 ptm 0.86 i_ptm 0.52 energy -2.77
72 models [2] recycles 0 hard 0 soft 1 temp 1 loss 2.84 i_con 3.63 plddt 0.46 ptm 0.88 i_ptm 0.58 energy -2.84
73 models [3] recycles 0 hard 0 soft 1 temp 1 loss 2.82 i_con 3.64 plddt 0.43 ptm 0.87 i_ptm 0.57 energy -2.90
74 models [3] recycles 0 hard 0 soft 1 temp 1 loss 2.96 i_con 3.79 plddt 0.40 ptm 0.86 i_ptm 0.47 energy -2.97
75 models [3] recycles 0 hard 0 soft 1 temp 1 loss 2.74 i_con 3.52 plddt 0.42 ptm 0.87 i_ptm 0.62 energy -2.78
76 models [2] recycles 0 hard 0 soft 1 temp 1 loss 2.69 i_con 3.53 plddt 0.49 ptm 0.88 i_ptm 0.62 energy -2.98
77 models [0] recycles 0 hard 0 soft 1 temp 1 loss 2.88 i_con 3.70 plddt 0.41 ptm 0.86 i_ptm 0.50 energy -2.95
78 models [1] recycles 0 hard 0 soft 1 temp 1 loss 3.07 i_con 3.94 plddt 0.32 ptm 0.86 i_ptm 0.39 energy -3.12
79 models [2] recycles 0 hard 0 soft 1 temp 1 loss 2.55 i_con 3.45 plddt 0.45 ptm 0.88 i_ptm 0.65 energy -3.20
80 models [0] recycles 0 hard 0 soft 1 temp 1 loss 2.53 i_con 3.47 plddt 0.51 ptm 0.87 i_ptm 0.63 energy -3.31
81 models [3] recycles 0 hard 0 soft 1 temp 1 loss 2.48 i_con 3.48 plddt 0.43 ptm 0.87 i_ptm 0.63 energy -3.51
82 models [4] recycles 0 hard 0 soft 1 temp 1 loss 2.75 i_con 3.77 plddt 0.36 ptm 0.88 i_ptm 0.48 energy -3.61
83 models [1] recycles 0 hard 0 soft 1 temp 1 loss 2.76 i_con 3.84 plddt 0.36 ptm 0.87 i_ptm 0.45 energy -3.81
84 models [1] recycles 0 hard 0 soft 1 temp 1 loss 3.86 i_con 4.92 plddt 0.23 ptm 0.85 i_ptm 0.11 energy -3.76
85 models [4] recycles 0 hard 0 soft 1 temp 1 loss 2.59 i_con 3.59 plddt 0.43 ptm 0.89 i_ptm 0.60 energy -3.54
86 models [1] recycles 0 hard 0 soft 1 temp 1 loss 4.39 i_con 5.47 plddt 0.25 ptm 0.86 i_ptm 0.15 energy -3.84
87 models [2] recycles 0 hard 0 soft 1 temp 1 loss 2.49 i_con 3.54 plddt 0.45 ptm 0.88 i_ptm 0.63 energy -3.70
88 models [3] recycles 0 hard 0 soft 1 temp 1 loss 2.30 i_con 3.38 plddt 0.46 ptm 0.87 i_ptm 0.69 energy -3.78
89 models [2] recycles 0 hard 0 soft 1 temp 1 loss 2.23 i_con 3.33 plddt 0.48 ptm 0.88 i_ptm 0.70 energy -3.83
90 models [3] recycles 0 hard 0 soft 1 temp 1 loss 2.41 i_con 3.54 plddt 0.41 ptm 0.87 i_ptm 0.60 energy -3.95
91 models [2] recycles 0 hard 0 soft 1 temp 1 loss 2.59 i_con 3.76 plddt 0.39 ptm 0.87 i_ptm 0.53 energy -4.10
92 models [4] recycles 0 hard 0 soft 1 temp 1 loss 2.42 i_con 3.62 plddt 0.42 ptm 0.89 i_ptm 0.57 energy -4.18
93 models [1] recycles 0 hard 0 soft 1 temp 1 loss 2.46 i_con 3.69 plddt 0.38 ptm 0.88 i_ptm 0.55 energy -4.31
94 models [2] recycles 0 hard 0 soft 1 temp 1 loss 2.26 i_con 3.50 plddt 0.44 ptm 0.87 i_ptm 0.63 energy -4.31
95 models [0] recycles 0 hard 0 soft 1 temp 1 loss 2.32 i_con 3.58 plddt 0.45 ptm 0.86 i_ptm 0.61 energy -4.40
96 models [1] recycles 0 hard 0 soft 1 temp 1 loss 4.02 i_con 5.31 plddt 0.28 ptm 0.86 i_ptm 0.14 energy -4.53
97 models [1] recycles 0 hard 0 soft 1 temp 1 loss 3.85 i_con 5.14 plddt 0.29 ptm 0.85 i_ptm 0.14 energy -4.53
98 models [2] recycles 0 hard 0 soft 1 temp 1 loss 2.40 i_con 3.66 plddt 0.40 ptm 0.87 i_ptm 0.57 energy -4.42
99 models [1] recycles 0 hard 0 soft 1 temp 1 loss 2.53 i_con 3.83 plddt 0.36 ptm 0.87 i_ptm 0.48 energy -4.53
100 models [1] recycles 0 hard 0 soft 1 temp 1 loss 2.52 i_con 3.80 plddt 0.37 ptm 0.88 i_ptm 0.50 energy -4.48
101 models [1] recycles 0 hard 0 soft 0 temp 1 loss 3.76 i_con 6.02 plddt 0.28 ptm 0.86 i_ptm 0.19 energy -23.32
102 models [1] recycles 0 hard 0 soft 0 temp 0.98 loss 3.80 i_con 6.09 plddt 0.27 ptm 0.86 i_ptm 0.18 energy -23.62
103 models [3] recycles 0 hard 0 soft 0 temp 0.96 loss 2.07 i_con 4.39 plddt 0.23 ptm 0.85 i_ptm 0.18 energy -23.97
104 models [2] recycles 0 hard 0 soft 0 temp 0.94 loss 3.39 i_con 5.74 plddt 0.29 ptm 0.86 i_ptm 0.18 energy -24.25
105 models [3] recycles 0 hard 0 soft 0 temp 0.92 loss 2.93 i_con 5.30 plddt 0.28 ptm 0.85 i_ptm 0.20 energy -24.40
106 models [2] recycles 0 hard 0 soft 0 temp 0.90 loss 1.79 i_con 4.20 plddt 0.27 ptm 0.86 i_ptm 0.28 energy -24.89
107 models [4] recycles 0 hard 0 soft 0 temp 0.88 loss 2.47 i_con 4.93 plddt 0.22 ptm 0.87 i_ptm 0.11 energy -25.39
108 models [0] recycles 0 hard 0 soft 0 temp 0.86 loss 1.48 i_con 3.96 plddt 0.35 ptm 0.84 i_ptm 0.41 energy -25.53
109 models [4] recycles 0 hard 0 soft 0 temp 0.84 loss 1.33 i_con 3.92 plddt 0.32 ptm 0.88 i_ptm 0.43 energy -26.56
110 models [1] recycles 0 hard 0 soft 0 temp 0.82 loss 2.50 i_con 5.16 plddt 0.26 ptm 0.86 i_ptm 0.14 energy -27.30
111 models [3] recycles 0 hard 0 soft 0 temp 0.80 loss 2.67 i_con 5.33 plddt 0.23 ptm 0.84 i_ptm 0.10 energy -27.45
112 models [3] recycles 0 hard 0 soft 0 temp 0.78 loss 2.62 i_con 5.30 plddt 0.28 ptm 0.85 i_ptm 0.17 energy -27.53
113 models [0] recycles 0 hard 0 soft 0 temp 0.76 loss 1.62 i_con 4.34 plddt 0.28 ptm 0.83 i_ptm 0.23 energy -27.92
114 models [1] recycles 0 hard 0 soft 0 temp 0.74 loss 2.54 i_con 5.28 plddt 0.25 ptm 0.86 i_ptm 0.15 energy -28.11
115 models [4] recycles 0 hard 0 soft 0 temp 0.72 loss 1.69 i_con 4.45 plddt 0.29 ptm 0.87 i_ptm 0.29 energy -28.34
116 models [1] recycles 0 hard 0 soft 0 temp 0.70 loss 2.62 i_con 5.57 plddt 0.27 ptm 0.86 i_ptm 0.17 energy -30.29
117 models [2] recycles 0 hard 0 soft 0 temp 0.68 loss 0.80 i_con 3.79 plddt 0.38 ptm 0.87 i_ptm 0.49 energy -30.54
118 models [4] recycles 0 hard 0 soft 0 temp 0.66 loss 1.37 i_con 4.46 plddt 0.29 ptm 0.88 i_ptm 0.29 energy -31.61
119 models [0] recycles 0 hard 0 soft 0 temp 0.64 loss 0.53 i_con 3.82 plddt 0.37 ptm 0.85 i_ptm 0.45 energy -33.61
120 models [0] recycles 0 hard 0 soft 0 temp 0.62 loss 0.76 i_con 4.11 plddt 0.31 ptm 0.83 i_ptm 0.30 energy -34.24
121 models [3] recycles 0 hard 0 soft 0 temp 0.60 loss 0.81 i_con 4.35 plddt 0.29 ptm 0.85 i_ptm 0.30 energy -36.12
122 models [4] recycles 0 hard 0 soft 0 temp 0.58 loss 0.03 i_con 3.71 plddt 0.39 ptm 0.89 i_ptm 0.52 energy -37.40
123 models [2] recycles 0 hard 0 soft 0 temp 0.56 loss 0.08 i_con 3.88 plddt 0.34 ptm 0.87 i_ptm 0.44 energy -38.69
124 models [4] recycles 0 hard 0 soft 0 temp 0.54 loss -0.17 i_con 3.70 plddt 0.39 ptm 0.89 i_ptm 0.52 energy -39.25
125 models [0] recycles 0 hard 0 soft 0 temp 0.52 loss 0.13 i_con 4.11 plddt 0.29 ptm 0.84 i_ptm 0.30 energy -40.54
126 models [1] recycles 0 hard 0 soft 0 temp 0.50 loss -0.00 i_con 4.13 plddt 0.26 ptm 0.86 i_ptm 0.27 energy -42.06
127 models [3] recycles 0 hard 0 soft 0 temp 0.48 loss 0.30 i_con 4.44 plddt 0.29 ptm 0.84 i_ptm 0.27 energy -42.18
128 models [4] recycles 0 hard 0 soft 0 temp 0.46 loss -0.77 i_con 3.60 plddt 0.41 ptm 0.89 i_ptm 0.54 energy -44.35
129 models [4] recycles 0 hard 0 soft 0 temp 0.44 loss -0.24 i_con 4.25 plddt 0.25 ptm 0.18 i_ptm 0.19 energy -45.62
130 models [1] recycles 0 hard 0 soft 0 temp 0.42 loss -0.56 i_con 3.97 plddt 0.28 ptm 0.87 i_ptm 0.36 energy -45.97
131 models [3] recycles 0 hard 0 soft 0 temp 0.40 loss -0.82 i_con 3.84 plddt 0.34 ptm 0.86 i_ptm 0.44 energy -47.31
132 models [0] recycles 0 hard 0 soft 0 temp 0.38 loss -0.82 i_con 4.03 plddt 0.30 ptm 0.85 i_ptm 0.35 energy -49.13
133 models [3] recycles 0 hard 0 soft 0 temp 0.36 loss -1.12 i_con 3.92 plddt 0.31 ptm 0.86 i_ptm 0.42 energy -51.10
134 models [3] recycles 0 hard 0 soft 0 temp 0.34 loss -1.45 i_con 3.79 plddt 0.34 ptm 0.86 i_ptm 0.45 energy -53.03
135 models [4] recycles 0 hard 0 soft 0 temp 0.32 loss 0.58 i_con 5.98 plddt 0.20 ptm 0.86 i_ptm 0.12 energy -54.80
136 models [4] recycles 0 hard 0 soft 0 temp 0.30 loss -1.07 i_con 4.34 plddt 0.22 ptm 0.88 i_ptm 0.22 energy -54.87
137 models [2] recycles 0 hard 0 soft 0 temp 0.28 loss -1.82 i_con 3.61 plddt 0.41 ptm 0.88 i_ptm 0.56 energy -54.90
138 models [2] recycles 0 hard 0 soft 0 temp 0.26 loss -0.90 i_con 4.62 plddt 0.20 ptm 0.15 i_ptm 0.28 energy -55.97
139 models [0] recycles 0 hard 0 soft 0 temp 0.24 loss -1.20 i_con 4.33 plddt 0.27 ptm 0.83 i_ptm 0.21 energy -55.99
140 models [2] recycles 0 hard 0 soft 0 temp 0.22 loss -2.95 i_con 2.63 plddt 0.32 ptm 0.42 i_ptm 0.54 energy -56.49
141 models [2] recycles 0 hard 0 soft 0 temp 0.20 loss 0.09 i_con 5.66 plddt 0.24 ptm 0.75 i_ptm 0.09 energy -56.52
142 models [1] recycles 0 hard 0 soft 0 temp 0.18 loss -0.14 i_con 5.46 plddt 0.25 ptm 0.86 i_ptm 0.11 energy -56.77
143 models [4] recycles 0 hard 0 soft 0 temp 0.16 loss 0.11 i_con 5.74 plddt 0.21 ptm 0.67 i_ptm 0.09 energy -57.03
144 models [1] recycles 0 hard 0 soft 0 temp 0.14 loss -1.59 i_con 4.03 plddt 0.29 ptm 0.87 i_ptm 0.32 energy -56.92
145 models [0] recycles 0 hard 0 soft 0 temp 0.12 loss -1.61 i_con 4.04 plddt 0.30 ptm 0.85 i_ptm 0.36 energy -57.22
146 models [1] recycles 0 hard 0 soft 0 temp 0.10 loss -1.78 i_con 4.06 plddt 0.29 ptm 0.87 i_ptm 0.32 energy -59.09
147 models [4] recycles 0 hard 0 soft 0 temp 0.08 loss -0.49 i_con 5.42 plddt 0.22 ptm 0.68 i_ptm 0.09 energy -59.87
148 models [1] recycles 0 hard 0 soft 0 temp 0.06 loss -0.36 i_con 5.55 plddt 0.24 ptm 0.86 i_ptm 0.13 energy -59.87
149 models [2] recycles 0 hard 0 soft 0 temp 0.04 loss -1.77 i_con 4.22 plddt 0.24 ptm 0.86 i_ptm 0.27 energy -60.70
150 models [1] recycles 0 hard 0 soft 0 temp 0.02 loss -1.87 i_con 4.16 plddt 0.30 ptm 0.86 i_ptm 0.28 energy -61.06
151 models [3] recycles 0 hard 1 soft 0 temp 0.00 loss -0.38 i_con 3.56 plddt 0.41 ptm 0.87 i_ptm 0.62 energy -5.71
152 models [2] recycles 0 hard 1 soft 0 temp 0.00 loss -0.33 i_con 3.60 plddt 0.38 ptm 0.88 i_ptm 0.60 energy -5.71
153 models [4] recycles 0 hard 1 soft 0 temp 0.00 loss -0.31 i_con 3.62 plddt 0.36 ptm 0.89 i_ptm 0.59 energy -5.71
154 models [1] recycles 0 hard 1 soft 0 temp 0.00 loss 0.94 i_con 4.86 plddt 0.23 ptm 0.85 i_ptm 0.14 energy -5.71
155 models [3] recycles 0 hard 1 soft 0 temp 0.00 loss -0.38 i_con 3.56 plddt 0.41 ptm 0.87 i_ptm 0.62 energy -5.71
156 models [3] recycles 0 hard 1 soft 0 temp 0.00 loss -0.38 i_con 3.56 plddt 0.41 ptm 0.87 i_ptm 0.62 energy -5.71
157 models [4] recycles 0 hard 1 soft 0 temp 0.00 loss -0.31 i_con 3.62 plddt 0.36 ptm 0.89 i_ptm 0.59 energy -5.71
158 models [2] recycles 0 hard 1 soft 0 temp 0.00 loss -0.33 i_con 3.60 plddt 0.38 ptm 0.88 i_ptm 0.60 energy -5.71
159 models [4] recycles 0 hard 1 soft 0 temp 0.00 loss -0.31 i_con 3.62 plddt 0.36 ptm 0.89 i_ptm 0.59 energy -5.71
160 models [3] recycles 0 hard 1 soft 0 temp 0.00 loss -0.38 i_con 3.56 plddt 0.41 ptm 0.87 i_ptm 0.62 energy -5.71
161 models [0] recycles 0 hard 1 soft 0 temp 0.00 loss -0.30 i_con 3.64 plddt 0.37 ptm 0.86 i_ptm 0.59 energy -5.71
162 models [2] recycles 0 hard 1 soft 0 temp 0.00 loss -0.33 i_con 3.60 plddt 0.38 ptm 0.88 i_ptm 0.60 energy -5.71
163 models [1] recycles 0 hard 1 soft 0 temp 0.00 loss 0.94 i_con 4.86 plddt 0.23 ptm 0.85 i_ptm 0.14 energy -5.71
164 models [4] recycles 0 hard 1 soft 0 temp 0.00 loss -0.31 i_con 3.62 plddt 0.36 ptm 0.89 i_ptm 0.59 energy -5.71
165 models [2] recycles 0 hard 1 soft 0 temp 0.00 loss -0.33 i_con 3.60 plddt 0.38 ptm 0.88 i_ptm 0.60 energy -5.71
166 models [4] recycles 0 hard 1 soft 0 temp 0.00 loss -0.31 i_con 3.62 plddt 0.36 ptm 0.89 i_ptm 0.59 energy -5.71
167 models [4] recycles 0 hard 1 soft 0 temp 0.00 loss -0.31 i_con 3.62 plddt 0.36 ptm 0.89 i_ptm 0.59 energy -5.71
168 models [1] recycles 0 hard 1 soft 0 temp 0.00 loss 0.94 i_con 4.86 plddt 0.23 ptm 0.85 i_ptm 0.14 energy -5.71
169 models [0] recycles 0 hard 1 soft 0 temp 0.00 loss -0.30 i_con 3.64 plddt 0.37 ptm 0.86 i_ptm 0.59 energy -5.71
170 models [2] recycles 0 hard 1 soft 0 temp 0.00 loss -0.33 i_con 3.60 plddt 0.38 ptm 0.88 i_ptm 0.60 energy -5.71
171 models [2] recycles 0 hard 1 soft 0 temp 0.00 loss -0.33 i_con 3.60 plddt 0.38 ptm 0.88 i_ptm 0.60 energy -5.71
172 models [3] recycles 0 hard 1 soft 0 temp 0.00 loss -0.38 i_con 3.56 plddt 0.41 ptm 0.87 i_ptm 0.62 energy -5.71
173 models [4] recycles 0 hard 1 soft 0 temp 0.00 loss -0.31 i_con 3.62 plddt 0.36 ptm 0.89 i_ptm 0.59 energy -5.71
174 models [0] recycles 0 hard 1 soft 0 temp 0.00 loss -0.30 i_con 3.64 plddt 0.37 ptm 0.86 i_ptm 0.59 energy -5.71
175 models [0] recycles 0 hard 1 soft 0 temp 0.00 loss -0.30 i_con 3.64 plddt 0.37 ptm 0.86 i_ptm 0.59 energy -5.71
176 models [3] recycles 0 hard 1 soft 0 temp 0.00 loss -0.38 i_con 3.56 plddt 0.41 ptm 0.87 i_ptm 0.62 energy -5.71
177 models [4] recycles 0 hard 1 soft 0 temp 0.00 loss -0.31 i_con 3.62 plddt 0.36 ptm 0.89 i_ptm 0.59 energy -5.71
178 models [1] recycles 0 hard 1 soft 0 temp 0.00 loss 0.94 i_con 4.86 plddt 0.23 ptm 0.85 i_ptm 0.14 energy -5.71
179 models [2] recycles 0 hard 1 soft 0 temp 0.00 loss -0.33 i_con 3.60 plddt 0.38 ptm 0.88 i_ptm 0.60 energy -5.71
180 models [1] recycles 0 hard 1 soft 0 temp 0.00 loss 0.94 i_con 4.86 plddt 0.23 ptm 0.85 i_ptm 0.14 energy -5.71
  seq=DAKRAWWHVWWQKDC  loss=0.9407  loss_af=4.9364  energy=-5.7083  i_ptm=0.1416
[20/30] seed=19 ...
1 models [1] recycles 0 hard 0 soft 1 temp 1 loss 4.86 i_con 4.41 plddt 0.22 ptm 0.86 i_ptm 0.22 energy 7.39
2 models [4] recycles 0 hard 0 soft 1 temp 1 loss 4.87 i_con 4.44 plddt 0.25 ptm 0.87 i_ptm 0.22 energy 7.19
3 models [2] recycles 0 hard 0 soft 1 temp 1 loss 4.37 i_con 3.95 plddt 0.34 ptm 0.87 i_ptm 0.42 energy 7.01
4 models [1] recycles 0 hard 0 soft 1 temp 1 loss 4.59 i_con 4.18 plddt 0.24 ptm 0.86 i_ptm 0.29 energy 6.61
5 models [0] recycles 0 hard 0 soft 1 temp 1 loss 4.20 i_con 3.82 plddt 0.39 ptm 0.86 i_ptm 0.51 energy 6.29
6 models [2] recycles 0 hard 0 soft 1 temp 1 loss 4.24 i_con 3.90 plddt 0.34 ptm 0.87 i_ptm 0.46 energy 5.60
7 models [0] recycles 0 hard 0 soft 1 temp 1 loss 4.26 i_con 3.94 plddt 0.36 ptm 0.85 i_ptm 0.44 energy 5.00
8 models [3] recycles 0 hard 0 soft 1 temp 1 loss 4.05 i_con 3.75 plddt 0.34 ptm 0.87 i_ptm 0.48 energy 4.54
9 models [2] recycles 0 hard 0 soft 1 temp 1 loss 4.04 i_con 3.78 plddt 0.39 ptm 0.87 i_ptm 0.51 energy 3.98
10 models [3] recycles 0 hard 0 soft 1 temp 1 loss 3.98 i_con 3.74 plddt 0.38 ptm 0.86 i_ptm 0.48 energy 3.54
11 models [4] recycles 0 hard 0 soft 1 temp 1 loss 4.26 i_con 4.03 plddt 0.33 ptm 0.88 i_ptm 0.40 energy 3.34
12 models [1] recycles 0 hard 0 soft 1 temp 1 loss 4.36 i_con 4.13 plddt 0.26 ptm 0.87 i_ptm 0.28 energy 3.05
13 models [2] recycles 0 hard 0 soft 1 temp 1 loss 3.96 i_con 3.76 plddt 0.40 ptm 0.87 i_ptm 0.53 energy 2.76
14 models [3] recycles 0 hard 0 soft 1 temp 1 loss 3.86 i_con 3.67 plddt 0.40 ptm 0.86 i_ptm 0.50 energy 2.49
15 models [2] recycles 0 hard 0 soft 1 temp 1 loss 3.96 i_con 3.79 plddt 0.37 ptm 0.87 i_ptm 0.50 energy 2.25
16 models [4] recycles 0 hard 0 soft 1 temp 1 loss 3.97 i_con 3.80 plddt 0.37 ptm 0.89 i_ptm 0.48 energy 2.06
17 models [1] recycles 0 hard 0 soft 1 temp 1 loss 4.00 i_con 3.83 plddt 0.30 ptm 0.87 i_ptm 0.45 energy 1.96
18 models [4] recycles 0 hard 0 soft 1 temp 1 loss 5.60 i_con 5.43 plddt 0.30 ptm 0.87 i_ptm 0.27 energy 1.89
19 models [3] recycles 0 hard 0 soft 1 temp 1 loss 3.93 i_con 3.77 plddt 0.37 ptm 0.87 i_ptm 0.45 energy 1.84
20 models [1] recycles 0 hard 0 soft 1 temp 1 loss 4.38 i_con 4.22 plddt 0.27 ptm 0.86 i_ptm 0.25 energy 1.73
21 models [2] recycles 0 hard 0 soft 1 temp 1 loss 3.97 i_con 3.82 plddt 0.38 ptm 0.87 i_ptm 0.48 energy 1.72
22 models [1] recycles 0 hard 0 soft 1 temp 1 loss 4.80 i_con 4.65 plddt 0.21 ptm 0.85 i_ptm 0.11 energy 1.29
23 models [1] recycles 0 hard 0 soft 1 temp 1 loss 3.99 i_con 3.85 plddt 0.36 ptm 0.87 i_ptm 0.44 energy 1.37
24 models [2] recycles 0 hard 0 soft 1 temp 1 loss 3.94 i_con 3.81 plddt 0.32 ptm 0.86 i_ptm 0.44 energy 1.27
25 models [2] recycles 0 hard 0 soft 1 temp 1 loss 3.86 i_con 3.75 plddt 0.32 ptm 0.87 i_ptm 0.45 energy 0.90
26 models [4] recycles 0 hard 0 soft 1 temp 1 loss 3.88 i_con 3.78 plddt 0.35 ptm 0.88 i_ptm 0.50 energy 0.61
27 models [2] recycles 0 hard 0 soft 1 temp 1 loss 3.85 i_con 3.76 plddt 0.38 ptm 0.87 i_ptm 0.49 energy 0.54
28 models [4] recycles 0 hard 0 soft 1 temp 1 loss 3.86 i_con 3.78 plddt 0.35 ptm 0.89 i_ptm 0.48 energy 0.29
29 models [4] recycles 0 hard 0 soft 1 temp 1 loss 3.87 i_con 3.80 plddt 0.38 ptm 0.88 i_ptm 0.49 energy 0.27
30 models [0] recycles 0 hard 0 soft 1 temp 1 loss 4.40 i_con 4.32 plddt 0.27 ptm 0.83 i_ptm 0.20 energy 0.19
31 models [1] recycles 0 hard 0 soft 1 temp 1 loss 4.08 i_con 4.00 plddt 0.29 ptm 0.86 i_ptm 0.35 energy 0.32
32 models [4] recycles 0 hard 0 soft 1 temp 1 loss 3.96 i_con 3.88 plddt 0.33 ptm 0.88 i_ptm 0.42 energy 0.21
33 models [4] recycles 0 hard 0 soft 1 temp 1 loss 3.82 i_con 3.76 plddt 0.37 ptm 0.89 i_ptm 0.49 energy -0.02
34 models [0] recycles 0 hard 0 soft 1 temp 1 loss 3.86 i_con 3.82 plddt 0.38 ptm 0.85 i_ptm 0.44 energy -0.43
35 models [2] recycles 0 hard 0 soft 1 temp 1 loss 3.75 i_con 3.72 plddt 0.41 ptm 0.88 i_ptm 0.53 energy -0.50
36 models [1] recycles 0 hard 0 soft 1 temp 1 loss 4.09 i_con 4.06 plddt 0.28 ptm 0.86 i_ptm 0.33 energy -0.80
37 models [2] recycles 0 hard 0 soft 1 temp 1 loss 3.70 i_con 3.68 plddt 0.42 ptm 0.87 i_ptm 0.56 energy -0.87
38 models [2] recycles 0 hard 0 soft 1 temp 1 loss 3.68 i_con 3.68 plddt 0.45 ptm 0.88 i_ptm 0.57 energy -1.13
39 models [1] recycles 0 hard 0 soft 1 temp 1 loss 4.30 i_con 4.29 plddt 0.25 ptm 0.85 i_ptm 0.22 energy -1.37
40 models [4] recycles 0 hard 0 soft 1 temp 1 loss 3.68 i_con 3.69 plddt 0.38 ptm 0.89 i_ptm 0.54 energy -1.44
41 models [4] recycles 0 hard 0 soft 1 temp 1 loss 3.68 i_con 3.70 plddt 0.39 ptm 0.89 i_ptm 0.54 energy -1.72
42 models [3] recycles 0 hard 0 soft 1 temp 1 loss 3.57 i_con 3.61 plddt 0.40 ptm 0.87 i_ptm 0.54 energy -2.06
43 models [1] recycles 0 hard 0 soft 1 temp 1 loss 4.01 i_con 4.05 plddt 0.30 ptm 0.87 i_ptm 0.35 energy -2.17
44 models [3] recycles 0 hard 0 soft 1 temp 1 loss 3.45 i_con 3.50 plddt 0.45 ptm 0.88 i_ptm 0.61 energy -2.23
45 models [1] recycles 0 hard 0 soft 1 temp 1 loss 4.02 i_con 4.06 plddt 0.31 ptm 0.86 i_ptm 0.34 energy -2.24
46 models [2] recycles 0 hard 0 soft 1 temp 1 loss 3.61 i_con 3.66 plddt 0.39 ptm 0.87 i_ptm 0.54 energy -2.28
47 models [4] recycles 0 hard 0 soft 1 temp 1 loss 3.60 i_con 3.66 plddt 0.41 ptm 0.89 i_ptm 0.57 energy -2.35
48 models [0] recycles 0 hard 0 soft 1 temp 1 loss 3.62 i_con 3.68 plddt 0.46 ptm 0.86 i_ptm 0.55 energy -2.35
49 models [2] recycles 0 hard 0 soft 1 temp 1 loss 3.51 i_con 3.58 plddt 0.47 ptm 0.87 i_ptm 0.61 energy -2.38
50 models [3] recycles 0 hard 0 soft 1 temp 1 loss 3.45 i_con 3.52 plddt 0.49 ptm 0.87 i_ptm 0.61 energy -2.30
51 models [1] recycles 0 hard 0 soft 1 temp 1 loss 3.19 i_con 3.82 plddt 0.34 ptm 0.88 i_ptm 0.48 energy -2.31
52 models [3] recycles 0 hard 0 soft 1 temp 1 loss 2.97 i_con 3.67 plddt 0.39 ptm 0.87 i_ptm 0.55 energy -2.52
53 models [1] recycles 0 hard 0 soft 1 temp 1 loss 2.96 i_con 3.72 plddt 0.37 ptm 0.88 i_ptm 0.52 energy -2.73
54 models [3] recycles 0 hard 0 soft 1 temp 1 loss 2.78 i_con 3.59 plddt 0.41 ptm 0.87 i_ptm 0.57 energy -2.90
55 models [2] recycles 0 hard 0 soft 1 temp 1 loss 2.65 i_con 3.51 plddt 0.51 ptm 0.88 i_ptm 0.64 energy -3.01
56 models [3] recycles 0 hard 0 soft 1 temp 1 loss 2.75 i_con 3.60 plddt 0.42 ptm 0.87 i_ptm 0.58 energy -3.03
57 models [3] recycles 0 hard 0 soft 1 temp 1 loss 2.70 i_con 3.58 plddt 0.45 ptm 0.86 i_ptm 0.60 energy -3.14
58 models [0] recycles 0 hard 0 soft 1 temp 1 loss 2.89 i_con 3.81 plddt 0.38 ptm 0.85 i_ptm 0.45 energy -3.26
59 models [2] recycles 0 hard 0 soft 1 temp 1 loss 2.72 i_con 3.69 plddt 0.41 ptm 0.87 i_ptm 0.55 energy -3.44
60 models [1] recycles 0 hard 0 soft 1 temp 1 loss 2.76 i_con 3.75 plddt 0.37 ptm 0.88 i_ptm 0.51 energy -3.53
61 models [1] recycles 0 hard 0 soft 1 temp 1 loss 2.50 i_con 3.53 plddt 0.42 ptm 0.88 i_ptm 0.62 energy -3.61
62 models [2] recycles 0 hard 0 soft 1 temp 1 loss 2.65 i_con 3.70 plddt 0.39 ptm 0.87 i_ptm 0.52 energy -3.70
63 models [2] recycles 0 hard 0 soft 1 temp 1 loss 2.45 i_con 3.52 plddt 0.45 ptm 0.88 i_ptm 0.60 energy -3.76
64 models [4] recycles 0 hard 0 soft 1 temp 1 loss 2.60 i_con 3.68 plddt 0.41 ptm 0.89 i_ptm 0.55 energy -3.77
65 models [4] recycles 0 hard 0 soft 1 temp 1 loss 2.53 i_con 3.63 plddt 0.40 ptm 0.89 i_ptm 0.57 energy -3.86
66 models [4] recycles 0 hard 0 soft 1 temp 1 loss 2.62 i_con 3.74 plddt 0.39 ptm 0.89 i_ptm 0.53 energy -3.94
67 models [4] recycles 0 hard 0 soft 1 temp 1 loss 2.46 i_con 3.62 plddt 0.45 ptm 0.89 i_ptm 0.59 energy -4.02
68 models [1] recycles 0 hard 0 soft 1 temp 1 loss 2.68 i_con 3.84 plddt 0.37 ptm 0.88 i_ptm 0.48 energy -4.07
69 models [1] recycles 0 hard 0 soft 1 temp 1 loss 2.58 i_con 3.74 plddt 0.37 ptm 0.87 i_ptm 0.52 energy -4.06
70 models [3] recycles 0 hard 0 soft 1 temp 1 loss 2.46 i_con 3.63 plddt 0.41 ptm 0.87 i_ptm 0.57 energy -4.10
71 models [4] recycles 0 hard 0 soft 1 temp 1 loss 2.40 i_con 3.67 plddt 0.41 ptm 0.89 i_ptm 0.55 energy -4.41
72 models [4] recycles 0 hard 0 soft 1 temp 1 loss 2.35 i_con 3.68 plddt 0.38 ptm 0.89 i_ptm 0.56 energy -4.63
73 models [1] recycles 0 hard 0 soft 1 temp 1 loss 2.58 i_con 3.92 plddt 0.31 ptm 0.86 i_ptm 0.40 energy -4.69
74 models [4] recycles 0 hard 0 soft 1 temp 1 loss 2.37 i_con 3.69 plddt 0.38 ptm 0.89 i_ptm 0.54 energy -4.61
75 models [2] recycles 0 hard 0 soft 1 temp 1 loss 2.34 i_con 3.72 plddt 0.42 ptm 0.87 i_ptm 0.55 energy -4.81
76 models [4] recycles 0 hard 0 soft 1 temp 1 loss 2.31 i_con 3.74 plddt 0.36 ptm 0.89 i_ptm 0.50 energy -4.99
77 models [4] recycles 0 hard 0 soft 1 temp 1 loss 2.31 i_con 3.80 plddt 0.35 ptm 0.89 i_ptm 0.49 energy -5.20
78 models [4] recycles 0 hard 0 soft 1 temp 1 loss 2.31 i_con 3.82 plddt 0.35 ptm 0.88 i_ptm 0.45 energy -5.22
79 models [0] recycles 0 hard 0 soft 1 temp 1 loss 2.31 i_con 3.86 plddt 0.34 ptm 0.86 i_ptm 0.44 energy -5.38
80 models [1] recycles 0 hard 0 soft 1 temp 1 loss 2.74 i_con 4.31 plddt 0.28 ptm 0.86 i_ptm 0.22 energy -5.48
81 models [2] recycles 0 hard 0 soft 1 temp 1 loss 2.09 i_con 3.67 plddt 0.40 ptm 0.87 i_ptm 0.57 energy -5.44
82 models [3] recycles 0 hard 0 soft 1 temp 1 loss 2.09 i_con 3.68 plddt 0.38 ptm 0.87 i_ptm 0.55 energy -5.53
83 models [3] recycles 0 hard 0 soft 1 temp 1 loss 1.97 i_con 3.58 plddt 0.44 ptm 0.87 i_ptm 0.58 energy -5.56
84 models [4] recycles 0 hard 0 soft 1 temp 1 loss 2.26 i_con 3.86 plddt 0.34 ptm 0.88 i_ptm 0.45 energy -5.58
85 models [2] recycles 0 hard 0 soft 1 temp 1 loss 2.14 i_con 3.76 plddt 0.37 ptm 0.87 i_ptm 0.54 energy -5.61
86 models [4] recycles 0 hard 0 soft 1 temp 1 loss 2.30 i_con 3.95 plddt 0.34 ptm 0.88 i_ptm 0.40 energy -5.74
87 models [2] recycles 0 hard 0 soft 1 temp 1 loss 1.99 i_con 3.64 plddt 0.40 ptm 0.87 i_ptm 0.58 energy -5.72
88 models [1] recycles 0 hard 0 soft 1 temp 1 loss 2.73 i_con 4.40 plddt 0.26 ptm 0.86 i_ptm 0.22 energy -5.79
89 models [3] recycles 0 hard 0 soft 1 temp 1 loss 1.93 i_con 3.61 plddt 0.41 ptm 0.88 i_ptm 0.57 energy -5.80
90 models [0] recycles 0 hard 0 soft 1 temp 1 loss 2.19 i_con 3.90 plddt 0.37 ptm 0.85 i_ptm 0.43 energy -5.91
91 models [4] recycles 0 hard 0 soft 1 temp 1 loss 1.97 i_con 3.69 plddt 0.40 ptm 0.89 i_ptm 0.55 energy -5.93
92 models [3] recycles 0 hard 0 soft 1 temp 1 loss 2.04 i_con 3.76 plddt 0.38 ptm 0.86 i_ptm 0.48 energy -5.95
93 models [2] recycles 0 hard 0 soft 1 temp 1 loss 1.99 i_con 3.75 plddt 0.40 ptm 0.87 i_ptm 0.52 energy -6.05
94 models [0] recycles 0 hard 0 soft 1 temp 1 loss 2.33 i_con 4.08 plddt 0.34 ptm 0.84 i_ptm 0.34 energy -6.05
95 models [0] recycles 0 hard 0 soft 1 temp 1 loss 2.46 i_con 4.22 plddt 0.32 ptm 0.84 i_ptm 0.28 energy -6.08
96 models [0] recycles 0 hard 0 soft 1 temp 1 loss 3.11 i_con 4.86 plddt 0.26 ptm 0.83 i_ptm 0.16 energy -6.07
97 models [4] recycles 0 hard 0 soft 1 temp 1 loss 2.01 i_con 3.78 plddt 0.39 ptm 0.89 i_ptm 0.48 energy -6.08
98 models [0] recycles 0 hard 0 soft 1 temp 1 loss 2.17 i_con 3.96 plddt 0.37 ptm 0.84 i_ptm 0.42 energy -6.16
99 models [4] recycles 0 hard 0 soft 1 temp 1 loss 2.04 i_con 3.82 plddt 0.36 ptm 0.88 i_ptm 0.48 energy -6.16
100 models [1] recycles 0 hard 0 soft 1 temp 1 loss 2.78 i_con 4.59 plddt 0.31 ptm 0.86 i_ptm 0.24 energy -6.27
101 models [2] recycles 0 hard 0 soft 0 temp 1 loss 0.96 i_con 4.26 plddt 0.28 ptm 0.86 i_ptm 0.26 energy -33.73
102 models [3] recycles 0 hard 0 soft 0 temp 0.98 loss 1.56 i_con 4.89 plddt 0.24 ptm 0.85 i_ptm 0.15 energy -34.06
103 models [3] recycles 0 hard 0 soft 0 temp 0.96 loss 1.63 i_con 4.97 plddt 0.23 ptm 0.84 i_ptm 0.15 energy -34.17
104 models [2] recycles 0 hard 0 soft 0 temp 0.94 loss 0.98 i_con 4.33 plddt 0.26 ptm 0.86 i_ptm 0.24 energy -34.22
105 models [2] recycles 0 hard 0 soft 0 temp 0.92 loss 2.15 i_con 5.51 plddt 0.25 ptm 0.86 i_ptm 0.19 energy -34.35
106 models [4] recycles 0 hard 0 soft 0 temp 0.90 loss 0.98 i_con 4.38 plddt 0.23 ptm 0.87 i_ptm 0.19 energy -34.71
107 models [3] recycles 0 hard 0 soft 0 temp 0.88 loss 2.11 i_con 5.50 plddt 0.24 ptm 0.85 i_ptm 0.18 energy -34.69
108 models [1] recycles 0 hard 0 soft 0 temp 0.86 loss 2.84 i_con 6.28 plddt 0.23 ptm 0.85 i_ptm 0.16 energy -35.21
109 models [2] recycles 0 hard 0 soft 0 temp 0.84 loss 1.06 i_con 4.54 plddt 0.24 ptm 0.85 i_ptm 0.18 energy -35.57
110 models [3] recycles 0 hard 0 soft 0 temp 0.82 loss 1.91 i_con 5.41 plddt 0.23 ptm 0.84 i_ptm 0.16 energy -35.82
111 models [1] recycles 0 hard 0 soft 0 temp 0.80 loss 2.21 i_con 5.70 plddt 0.24 ptm 0.85 i_ptm 0.12 energy -35.69
112 models [3] recycles 0 hard 0 soft 0 temp 0.78 loss 1.00 i_con 4.54 plddt 0.25 ptm 0.84 i_ptm 0.19 energy -36.17
113 models [0] recycles 0 hard 0 soft 0 temp 0.76 loss 0.49 i_con 4.09 plddt 0.31 ptm 0.84 i_ptm 0.35 energy -36.66
114 models [0] recycles 0 hard 0 soft 0 temp 0.74 loss 0.53 i_con 4.17 plddt 0.28 ptm 0.83 i_ptm 0.28 energy -37.16
115 models [0] recycles 0 hard 0 soft 0 temp 0.72 loss 0.35 i_con 4.10 plddt 0.29 ptm 0.84 i_ptm 0.33 energy -38.22
116 models [2] recycles 0 hard 0 soft 0 temp 0.70 loss 1.58 i_con 5.39 plddt 0.25 ptm 0.85 i_ptm 0.16 energy -38.88
117 models [2] recycles 0 hard 0 soft 0 temp 0.68 loss -0.07 i_con 3.76 plddt 0.37 ptm 0.87 i_ptm 0.52 energy -38.94
118 models [3] recycles 0 hard 0 soft 0 temp 0.66 loss 0.35 i_con 4.28 plddt 0.25 ptm 0.85 i_ptm 0.23 energy -40.04
119 models [0] recycles 0 hard 0 soft 0 temp 0.64 loss 0.14 i_con 4.09 plddt 0.28 ptm 0.84 i_ptm 0.31 energy -40.24
120 models [1] recycles 0 hard 0 soft 0 temp 0.62 loss 1.79 i_con 5.86 plddt 0.26 ptm 0.86 i_ptm 0.16 energy -41.48
121 models [0] recycles 0 hard 0 soft 0 temp 0.60 loss 0.08 i_con 4.17 plddt 0.31 ptm 0.84 i_ptm 0.30 energy -41.61
122 models [2] recycles 0 hard 0 soft 0 temp 0.58 loss 1.07 i_con 5.20 plddt 0.27 ptm 0.85 i_ptm 0.14 energy -42.03
123 models [0] recycles 0 hard 0 soft 0 temp 0.56 loss -0.16 i_con 4.02 plddt 0.31 ptm 0.85 i_ptm 0.36 energy -42.46
124 models [4] recycles 0 hard 0 soft 0 temp 0.54 loss 0.55 i_con 4.83 plddt 0.22 ptm 0.87 i_ptm 0.14 energy -43.63
125 models [1] recycles 0 hard 0 soft 0 temp 0.52 loss 1.53 i_con 5.81 plddt 0.26 ptm 0.86 i_ptm 0.13 energy -43.49
126 models [1] recycles 0 hard 0 soft 0 temp 0.50 loss 0.89 i_con 5.20 plddt 0.25 ptm 0.86 i_ptm 0.13 energy -43.87
127 models [1] recycles 0 hard 0 soft 0 temp 0.48 loss 1.15 i_con 5.49 plddt 0.25 ptm 0.86 i_ptm 0.12 energy -44.14
128 models [2] recycles 0 hard 0 soft 0 temp 0.46 loss 0.11 i_con 4.47 plddt 0.27 ptm 0.86 i_ptm 0.24 energy -44.29
129 models [0] recycles 0 hard 0 soft 0 temp 0.44 loss -0.06 i_con 4.44 plddt 0.26 ptm 0.84 i_ptm 0.21 energy -45.74
130 models [4] recycles 0 hard 0 soft 0 temp 0.42 loss -0.60 i_con 3.95 plddt 0.29 ptm 0.89 i_ptm 0.39 energy -46.26
131 models [0] recycles 0 hard 0 soft 0 temp 0.40 loss -0.54 i_con 4.11 plddt 0.29 ptm 0.84 i_ptm 0.31 energy -47.20
132 models [0] recycles 0 hard 0 soft 0 temp 0.38 loss -0.08 i_con 4.64 plddt 0.26 ptm 0.83 i_ptm 0.19 energy -47.90
133 models [2] recycles 0 hard 0 soft 0 temp 0.36 loss -0.94 i_con 3.95 plddt 0.30 ptm 0.87 i_ptm 0.37 energy -49.55
134 models [4] recycles 0 hard 0 soft 0 temp 0.34 loss -0.92 i_con 4.06 plddt 0.28 ptm 0.88 i_ptm 0.31 energy -50.43
135 models [2] recycles 0 hard 0 soft 0 temp 0.32 loss -1.23 i_con 3.80 plddt 0.33 ptm 0.87 i_ptm 0.46 energy -50.96
136 models [1] recycles 0 hard 0 soft 0 temp 0.30 loss 0.66 i_con 5.74 plddt 0.26 ptm 0.86 i_ptm 0.14 energy -51.59
137 models [3] recycles 0 hard 0 soft 0 temp 0.28 loss -0.58 i_con 4.51 plddt 0.28 ptm 0.85 i_ptm 0.26 energy -51.67
138 models [1] recycles 0 hard 0 soft 0 temp 0.26 loss -0.74 i_con 4.45 plddt 0.27 ptm 0.86 i_ptm 0.18 energy -52.66
139 models [3] recycles 0 hard 0 soft 0 temp 0.24 loss -0.50 i_con 4.75 plddt 0.24 ptm 0.85 i_ptm 0.16 energy -53.25
140 models [2] recycles 0 hard 0 soft 0 temp 0.22 loss -1.64 i_con 3.68 plddt 0.38 ptm 0.88 i_ptm 0.54 energy -53.78
141 models [0] recycles 0 hard 0 soft 0 temp 0.20 loss -1.13 i_con 4.27 plddt 0.26 ptm 0.83 i_ptm 0.24 energy -54.76
142 models [1] recycles 0 hard 0 soft 0 temp 0.18 loss -0.00 i_con 5.46 plddt 0.25 ptm 0.85 i_ptm 0.11 energy -55.39
143 models [4] recycles 0 hard 0 soft 0 temp 0.16 loss -0.61 i_con 4.90 plddt 0.21 ptm 0.87 i_ptm 0.11 energy -55.91
144 models [4] recycles 0 hard 0 soft 0 temp 0.14 loss -0.43 i_con 5.11 plddt 0.25 ptm 0.87 i_ptm 0.21 energy -56.13
145 models [0] recycles 0 hard 0 soft 0 temp 0.12 loss -1.63 i_con 4.03 plddt 0.30 ptm 0.84 i_ptm 0.35 energy -57.31
146 models [0] recycles 0 hard 0 soft 0 temp 0.10 loss -1.77 i_con 4.04 plddt 0.30 ptm 0.83 i_ptm 0.34 energy -58.80
147 models [2] recycles 0 hard 0 soft 0 temp 0.08 loss -2.17 i_con 3.74 plddt 0.35 ptm 0.87 i_ptm 0.48 energy -59.76
148 models [3] recycles 0 hard 0 soft 0 temp 0.06 loss -2.08 i_con 3.98 plddt 0.29 ptm 0.86 i_ptm 0.35 energy -61.35
149 models [3] recycles 0 hard 0 soft 0 temp 0.04 loss -0.82 i_con 5.35 plddt 0.22 ptm 0.85 i_ptm 0.16 energy -62.48
150 models [2] recycles 0 hard 0 soft 0 temp 0.02 loss -1.71 i_con 4.49 plddt 0.23 ptm 0.84 i_ptm 0.14 energy -62.77
151 models [3] recycles 0 hard 1 soft 0 temp 0.00 loss -0.63 i_con 3.73 plddt 0.36 ptm 0.87 i_ptm 0.52 energy -6.32
152 models [1] recycles 0 hard 1 soft 0 temp 0.00 loss 0.53 i_con 4.87 plddt 0.26 ptm 0.85 i_ptm 0.16 energy -6.32
153 models [3] recycles 0 hard 1 soft 0 temp 0.00 loss -0.63 i_con 3.73 plddt 0.36 ptm 0.87 i_ptm 0.52 energy -6.32
154 models [4] recycles 0 hard 1 soft 0 temp 0.00 loss -0.57 i_con 3.78 plddt 0.31 ptm 0.89 i_ptm 0.51 energy -6.32
155 models [4] recycles 0 hard 1 soft 0 temp 0.00 loss -0.57 i_con 3.78 plddt 0.31 ptm 0.89 i_ptm 0.51 energy -6.32
156 models [1] recycles 0 hard 1 soft 0 temp 0.00 loss 0.53 i_con 4.87 plddt 0.26 ptm 0.85 i_ptm 0.16 energy -6.32
157 models [2] recycles 0 hard 1 soft 0 temp 0.00 loss -0.63 i_con 3.73 plddt 0.35 ptm 0.88 i_ptm 0.53 energy -6.32
158 models [1] recycles 0 hard 1 soft 0 temp 0.00 loss 0.53 i_con 4.87 plddt 0.26 ptm 0.85 i_ptm 0.16 energy -6.32
159 models [2] recycles 0 hard 1 soft 0 temp 0.00 loss -0.63 i_con 3.73 plddt 0.35 ptm 0.88 i_ptm 0.53 energy -6.32
160 models [1] recycles 0 hard 1 soft 0 temp 0.00 loss 0.53 i_con 4.87 plddt 0.26 ptm 0.85 i_ptm 0.16 energy -6.32
161 models [1] recycles 0 hard 1 soft 0 temp 0.00 loss 0.53 i_con 4.87 plddt 0.26 ptm 0.85 i_ptm 0.16 energy -6.32
162 models [2] recycles 0 hard 1 soft 0 temp 0.00 loss -0.63 i_con 3.73 plddt 0.35 ptm 0.88 i_ptm 0.53 energy -6.32
163 models [2] recycles 0 hard 1 soft 0 temp 0.00 loss -0.63 i_con 3.73 plddt 0.35 ptm 0.88 i_ptm 0.53 energy -6.32
164 models [3] recycles 0 hard 1 soft 0 temp 0.00 loss -0.63 i_con 3.73 plddt 0.36 ptm 0.87 i_ptm 0.52 energy -6.32
165 models [2] recycles 0 hard 1 soft 0 temp 0.00 loss -0.63 i_con 3.73 plddt 0.35 ptm 0.88 i_ptm 0.53 energy -6.32
166 models [2] recycles 0 hard 1 soft 0 temp 0.00 loss -0.63 i_con 3.73 plddt 0.35 ptm 0.88 i_ptm 0.53 energy -6.32
167 models [3] recycles 0 hard 1 soft 0 temp 0.00 loss -0.63 i_con 3.73 plddt 0.36 ptm 0.87 i_ptm 0.52 energy -6.32
168 models [3] recycles 0 hard 1 soft 0 temp 0.00 loss -0.63 i_con 3.73 plddt 0.36 ptm 0.87 i_ptm 0.52 energy -6.32
169 models [2] recycles 0 hard 1 soft 0 temp 0.00 loss -0.63 i_con 3.73 plddt 0.35 ptm 0.88 i_ptm 0.53 energy -6.32
170 models [1] recycles 0 hard 1 soft 0 temp 0.00 loss 0.53 i_con 4.87 plddt 0.26 ptm 0.85 i_ptm 0.16 energy -6.32
171 models [1] recycles 0 hard 1 soft 0 temp 0.00 loss 0.53 i_con 4.87 plddt 0.26 ptm 0.85 i_ptm 0.16 energy -6.32
172 models [3] recycles 0 hard 1 soft 0 temp 0.00 loss -0.63 i_con 3.73 plddt 0.36 ptm 0.87 i_ptm 0.52 energy -6.32
173 models [1] recycles 0 hard 1 soft 0 temp 0.00 loss 0.53 i_con 4.87 plddt 0.26 ptm 0.85 i_ptm 0.16 energy -6.32
174 models [0] recycles 0 hard 1 soft 0 temp 0.00 loss -0.25 i_con 4.10 plddt 0.29 ptm 0.83 i_ptm 0.34 energy -6.32
175 models [0] recycles 0 hard 1 soft 0 temp 0.00 loss -0.25 i_con 4.10 plddt 0.29 ptm 0.83 i_ptm 0.34 energy -6.32
176 models [3] recycles 0 hard 1 soft 0 temp 0.00 loss -0.63 i_con 3.73 plddt 0.36 ptm 0.87 i_ptm 0.52 energy -6.32
177 models [2] recycles 0 hard 1 soft 0 temp 0.00 loss -0.63 i_con 3.73 plddt 0.35 ptm 0.88 i_ptm 0.53 energy -6.32
178 models [0] recycles 0 hard 1 soft 0 temp 0.00 loss -0.25 i_con 4.10 plddt 0.29 ptm 0.83 i_ptm 0.34 energy -6.32
179 models [0] recycles 0 hard 1 soft 0 temp 0.00 loss -0.25 i_con 4.10 plddt 0.29 ptm 0.83 i_ptm 0.34 energy -6.32
180 models [1] recycles 0 hard 1 soft 0 temp 0.00 loss 0.53 i_con 4.87 plddt 0.26 ptm 0.85 i_ptm 0.16 energy -6.32
  seq=NHGRAWWWLATQKEC  loss=0.5269  loss_af=4.9483  energy=-6.3164  i_ptm=0.1594
[21/30] seed=20 ...
1 models [2] recycles 0 hard 0 soft 1 temp 1 loss 4.93 i_con 4.49 plddt 0.24 ptm 0.85 i_ptm 0.22 energy 7.38
2 models [2] recycles 0 hard 0 soft 1 temp 1 loss 4.52 i_con 4.08 plddt 0.29 ptm 0.86 i_ptm 0.37 energy 7.29
3 models [2] recycles 0 hard 0 soft 1 temp 1 loss 4.33 i_con 3.91 plddt 0.32 ptm 0.87 i_ptm 0.39 energy 7.08
4 models [1] recycles 0 hard 0 soft 1 temp 1 loss 4.34 i_con 3.95 plddt 0.29 ptm 0.87 i_ptm 0.40 energy 6.42
5 models [4] recycles 0 hard 0 soft 1 temp 1 loss 4.66 i_con 4.29 plddt 0.25 ptm 0.88 i_ptm 0.25 energy 6.02
6 models [2] recycles 0 hard 0 soft 1 temp 1 loss 4.37 i_con 4.01 plddt 0.31 ptm 0.86 i_ptm 0.36 energy 5.89
7 models [4] recycles 0 hard 0 soft 1 temp 1 loss 4.19 i_con 3.84 plddt 0.32 ptm 0.88 i_ptm 0.44 energy 5.64
8 models [4] recycles 0 hard 0 soft 1 temp 1 loss 3.98 i_con 3.67 plddt 0.36 ptm 0.89 i_ptm 0.55 energy 5.04
9 models [2] recycles 0 hard 0 soft 1 temp 1 loss 4.05 i_con 3.76 plddt 0.41 ptm 0.88 i_ptm 0.54 energy 4.54
10 models [4] recycles 0 hard 0 soft 1 temp 1 loss 4.09 i_con 3.82 plddt 0.35 ptm 0.88 i_ptm 0.46 energy 4.02
11 models [0] recycles 0 hard 0 soft 1 temp 1 loss 4.07 i_con 3.83 plddt 0.38 ptm 0.85 i_ptm 0.47 energy 3.57
12 models [0] recycles 0 hard 0 soft 1 temp 1 loss 3.84 i_con 3.63 plddt 0.45 ptm 0.85 i_ptm 0.59 energy 3.09
13 models [0] recycles 0 hard 0 soft 1 temp 1 loss 3.80 i_con 3.59 plddt 0.42 ptm 0.86 i_ptm 0.61 energy 2.92
14 models [0] recycles 0 hard 0 soft 1 temp 1 loss 4.12 i_con 3.91 plddt 0.36 ptm 0.85 i_ptm 0.44 energy 2.83
15 models [3] recycles 0 hard 0 soft 1 temp 1 loss 3.88 i_con 3.69 plddt 0.38 ptm 0.87 i_ptm 0.51 energy 2.48
16 models [3] recycles 0 hard 0 soft 1 temp 1 loss 3.20 i_con 3.03 plddt 0.48 ptm 0.88 i_ptm 0.77 energy 2.35
17 models [4] recycles 0 hard 0 soft 1 temp 1 loss 4.05 i_con 3.87 plddt 0.33 ptm 0.88 i_ptm 0.45 energy 2.31
18 models [4] recycles 0 hard 0 soft 1 temp 1 loss 3.73 i_con 3.57 plddt 0.47 ptm 0.89 i_ptm 0.60 energy 2.03
19 models [2] recycles 0 hard 0 soft 1 temp 1 loss 3.83 i_con 3.67 plddt 0.42 ptm 0.87 i_ptm 0.57 energy 2.00
20 models [0] recycles 0 hard 0 soft 1 temp 1 loss 3.85 i_con 3.70 plddt 0.41 ptm 0.86 i_ptm 0.51 energy 1.79
21 models [4] recycles 0 hard 0 soft 1 temp 1 loss 3.99 i_con 3.84 plddt 0.35 ptm 0.88 i_ptm 0.47 energy 1.81
22 models [0] recycles 0 hard 0 soft 1 temp 1 loss 3.69 i_con 3.57 plddt 0.45 ptm 0.86 i_ptm 0.60 energy 1.41
23 models [0] recycles 0 hard 0 soft 1 temp 1 loss 3.90 i_con 3.78 plddt 0.42 ptm 0.86 i_ptm 0.49 energy 1.23
24 models [2] recycles 0 hard 0 soft 1 temp 1 loss 3.86 i_con 3.76 plddt 0.39 ptm 0.87 i_ptm 0.53 energy 0.90
25 models [3] recycles 0 hard 0 soft 1 temp 1 loss 3.74 i_con 3.65 plddt 0.39 ptm 0.86 i_ptm 0.54 energy 0.59
26 models [0] recycles 0 hard 0 soft 1 temp 1 loss 3.81 i_con 3.72 plddt 0.38 ptm 0.86 i_ptm 0.53 energy 0.57
27 models [4] recycles 0 hard 0 soft 1 temp 1 loss 5.01 i_con 4.91 plddt 0.25 ptm 0.86 i_ptm 0.17 energy 0.53
28 models [4] recycles 0 hard 0 soft 1 temp 1 loss 3.93 i_con 3.85 plddt 0.35 ptm 0.88 i_ptm 0.49 energy 0.40
29 models [3] recycles 0 hard 0 soft 1 temp 1 loss 3.75 i_con 3.68 plddt 0.38 ptm 0.86 i_ptm 0.55 energy 0.06
30 models [3] recycles 0 hard 0 soft 1 temp 1 loss 3.85 i_con 3.78 plddt 0.36 ptm 0.86 i_ptm 0.46 energy 0.15
31 models [4] recycles 0 hard 0 soft 1 temp 1 loss 4.89 i_con 4.82 plddt 0.25 ptm 0.86 i_ptm 0.15 energy -0.07
32 models [0] recycles 0 hard 0 soft 1 temp 1 loss 3.89 i_con 3.83 plddt 0.39 ptm 0.85 i_ptm 0.44 energy -0.06
33 models [0] recycles 0 hard 0 soft 1 temp 1 loss 3.92 i_con 3.87 plddt 0.38 ptm 0.85 i_ptm 0.44 energy -0.14
34 models [3] recycles 0 hard 0 soft 1 temp 1 loss 3.89 i_con 3.84 plddt 0.35 ptm 0.86 i_ptm 0.47 energy -0.14
35 models [2] recycles 0 hard 0 soft 1 temp 1 loss 3.86 i_con 3.82 plddt 0.41 ptm 0.87 i_ptm 0.51 energy -0.31
36 models [3] recycles 0 hard 0 soft 1 temp 1 loss 3.72 i_con 3.68 plddt 0.38 ptm 0.87 i_ptm 0.52 energy -0.48
37 models [3] recycles 0 hard 0 soft 1 temp 1 loss 3.81 i_con 3.80 plddt 0.35 ptm 0.86 i_ptm 0.45 energy -1.12
38 models [2] recycles 0 hard 0 soft 1 temp 1 loss 3.73 i_con 3.72 plddt 0.44 ptm 0.87 i_ptm 0.51 energy -0.88
39 models [3] recycles 0 hard 0 soft 1 temp 1 loss 3.65 i_con 3.65 plddt 0.35 ptm 0.87 i_ptm 0.52 energy -1.44
40 models [1] recycles 0 hard 0 soft 1 temp 1 loss 4.40 i_con 4.39 plddt 0.22 ptm 0.85 i_ptm 0.17 energy -1.44
41 models [0] recycles 0 hard 0 soft 1 temp 1 loss 3.64 i_con 3.65 plddt 0.43 ptm 0.86 i_ptm 0.54 energy -1.23
42 models [3] recycles 0 hard 0 soft 1 temp 1 loss 3.68 i_con 3.69 plddt 0.41 ptm 0.87 i_ptm 0.53 energy -1.33
43 models [4] recycles 0 hard 0 soft 1 temp 1 loss 3.97 i_con 3.98 plddt 0.33 ptm 0.88 i_ptm 0.42 energy -1.55
44 models [0] recycles 0 hard 0 soft 1 temp 1 loss 3.94 i_con 3.96 plddt 0.35 ptm 0.84 i_ptm 0.41 energy -1.60
45 models [1] recycles 0 hard 0 soft 1 temp 1 loss 3.94 i_con 3.96 plddt 0.30 ptm 0.87 i_ptm 0.35 energy -1.74
46 models [4] recycles 0 hard 0 soft 1 temp 1 loss 3.70 i_con 3.73 plddt 0.39 ptm 0.88 i_ptm 0.54 energy -1.77
47 models [4] recycles 0 hard 0 soft 1 temp 1 loss 3.75 i_con 3.77 plddt 0.41 ptm 0.89 i_ptm 0.53 energy -1.74
48 models [0] recycles 0 hard 0 soft 1 temp 1 loss 3.94 i_con 3.97 plddt 0.35 ptm 0.83 i_ptm 0.38 energy -1.76
49 models [3] recycles 0 hard 0 soft 1 temp 1 loss 3.61 i_con 3.64 plddt 0.44 ptm 0.87 i_ptm 0.54 energy -1.70
50 models [3] recycles 0 hard 0 soft 1 temp 1 loss 3.54 i_con 3.57 plddt 0.42 ptm 0.87 i_ptm 0.56 energy -1.87
51 models [4] recycles 0 hard 0 soft 1 temp 1 loss 3.04 i_con 3.56 plddt 0.44 ptm 0.89 i_ptm 0.64 energy -1.92
52 models [3] recycles 0 hard 0 soft 1 temp 1 loss 3.08 i_con 3.65 plddt 0.39 ptm 0.86 i_ptm 0.52 energy -2.12
53 models [4] recycles 0 hard 0 soft 1 temp 1 loss 3.02 i_con 3.66 plddt 0.44 ptm 0.90 i_ptm 0.57 energy -2.32
54 models [1] recycles 0 hard 0 soft 1 temp 1 loss 3.39 i_con 4.10 plddt 0.29 ptm 0.86 i_ptm 0.30 energy -2.59
55 models [0] recycles 0 hard 0 soft 1 temp 1 loss 3.01 i_con 3.73 plddt 0.42 ptm 0.86 i_ptm 0.52 energy -2.59
56 models [4] recycles 0 hard 0 soft 1 temp 1 loss 2.91 i_con 3.70 plddt 0.42 ptm 0.89 i_ptm 0.54 energy -2.83
57 models [0] recycles 0 hard 0 soft 1 temp 1 loss 2.91 i_con 3.72 plddt 0.41 ptm 0.86 i_ptm 0.53 energy -2.90
58 models [0] recycles 0 hard 0 soft 1 temp 1 loss 2.93 i_con 3.76 plddt 0.41 ptm 0.85 i_ptm 0.51 energy -2.98
59 models [2] recycles 0 hard 0 soft 1 temp 1 loss 2.80 i_con 3.65 plddt 0.44 ptm 0.87 i_ptm 0.56 energy -3.03
60 models [4] recycles 0 hard 0 soft 1 temp 1 loss 2.87 i_con 3.78 plddt 0.41 ptm 0.89 i_ptm 0.51 energy -3.21
61 models [3] recycles 0 hard 0 soft 1 temp 1 loss 2.78 i_con 3.74 plddt 0.40 ptm 0.87 i_ptm 0.51 energy -3.40
62 models [0] recycles 0 hard 0 soft 1 temp 1 loss 2.56 i_con 3.57 plddt 0.47 ptm 0.86 i_ptm 0.62 energy -3.52
63 models [1] recycles 0 hard 0 soft 1 temp 1 loss 3.18 i_con 4.18 plddt 0.26 ptm 0.86 i_ptm 0.24 energy -3.57
64 models [4] recycles 0 hard 0 soft 1 temp 1 loss 2.65 i_con 3.63 plddt 0.38 ptm 0.89 i_ptm 0.59 energy -3.47
65 models [4] recycles 0 hard 0 soft 1 temp 1 loss 2.81 i_con 3.81 plddt 0.38 ptm 0.89 i_ptm 0.49 energy -3.53
66 models [2] recycles 0 hard 0 soft 1 temp 1 loss 2.70 i_con 3.72 plddt 0.44 ptm 0.87 i_ptm 0.54 energy -3.59
67 models [4] recycles 0 hard 0 soft 1 temp 1 loss 2.92 i_con 3.99 plddt 0.34 ptm 0.88 i_ptm 0.40 energy -3.78
68 models [2] recycles 0 hard 0 soft 1 temp 1 loss 2.57 i_con 3.67 plddt 0.44 ptm 0.88 i_ptm 0.58 energy -3.86
69 models [3] recycles 0 hard 0 soft 1 temp 1 loss 2.47 i_con 3.64 plddt 0.43 ptm 0.87 i_ptm 0.58 energy -4.08
70 models [3] recycles 0 hard 0 soft 1 temp 1 loss 2.68 i_con 3.90 plddt 0.37 ptm 0.86 i_ptm 0.43 energy -4.27
71 models [3] recycles 0 hard 0 soft 1 temp 1 loss 2.36 i_con 3.57 plddt 0.43 ptm 0.87 i_ptm 0.59 energy -4.22
72 models [3] recycles 0 hard 0 soft 1 temp 1 loss 2.56 i_con 3.81 plddt 0.34 ptm 0.86 i_ptm 0.43 energy -4.38
73 models [3] recycles 0 hard 0 soft 1 temp 1 loss 2.42 i_con 3.70 plddt 0.40 ptm 0.86 i_ptm 0.52 energy -4.48
74 models [3] recycles 0 hard 0 soft 1 temp 1 loss 2.41 i_con 3.74 plddt 0.40 ptm 0.87 i_ptm 0.51 energy -4.62
75 models [4] recycles 0 hard 0 soft 1 temp 1 loss 2.22 i_con 3.57 plddt 0.40 ptm 0.89 i_ptm 0.55 energy -4.69
76 models [4] recycles 0 hard 0 soft 1 temp 1 loss 2.38 i_con 3.78 plddt 0.39 ptm 0.89 i_ptm 0.52 energy -4.87
77 models [0] recycles 0 hard 0 soft 1 temp 1 loss 2.30 i_con 3.79 plddt 0.45 ptm 0.86 i_ptm 0.53 energy -5.16
78 models [0] recycles 0 hard 0 soft 1 temp 1 loss 2.30 i_con 3.85 plddt 0.41 ptm 0.85 i_ptm 0.47 energy -5.35
79 models [4] recycles 0 hard 0 soft 1 temp 1 loss 2.21 i_con 3.82 plddt 0.38 ptm 0.88 i_ptm 0.48 energy -5.59
80 models [1] recycles 0 hard 0 soft 1 temp 1 loss 2.33 i_con 3.95 plddt 0.34 ptm 0.87 i_ptm 0.41 energy -5.61
81 models [3] recycles 0 hard 0 soft 1 temp 1 loss 2.90 i_con 4.53 plddt 0.30 ptm 0.84 i_ptm 0.25 energy -5.68
82 models [2] recycles 0 hard 0 soft 1 temp 1 loss 3.17 i_con 4.83 plddt 0.27 ptm 0.84 i_ptm 0.14 energy -5.78
83 models [1] recycles 0 hard 0 soft 1 temp 1 loss 2.34 i_con 3.99 plddt 0.34 ptm 0.87 i_ptm 0.41 energy -5.75
84 models [4] recycles 0 hard 0 soft 1 temp 1 loss 1.94 i_con 3.63 plddt 0.43 ptm 0.90 i_ptm 0.59 energy -5.83
85 models [1] recycles 0 hard 0 soft 1 temp 1 loss 2.24 i_con 3.98 plddt 0.36 ptm 0.87 i_ptm 0.41 energy -6.01
86 models [1] recycles 0 hard 0 soft 1 temp 1 loss 2.03 i_con 3.80 plddt 0.38 ptm 0.88 i_ptm 0.51 energy -6.10
87 models [1] recycles 0 hard 0 soft 1 temp 1 loss 2.02 i_con 3.85 plddt 0.35 ptm 0.88 i_ptm 0.45 energy -6.30
88 models [4] recycles 0 hard 0 soft 1 temp 1 loss 1.81 i_con 3.67 plddt 0.43 ptm 0.89 i_ptm 0.56 energy -6.40
89 models [3] recycles 0 hard 0 soft 1 temp 1 loss 1.74 i_con 3.69 plddt 0.42 ptm 0.87 i_ptm 0.53 energy -6.68
90 models [3] recycles 0 hard 0 soft 1 temp 1 loss 1.63 i_con 3.66 plddt 0.40 ptm 0.87 i_ptm 0.55 energy -6.98
91 models [3] recycles 0 hard 0 soft 1 temp 1 loss 1.54 i_con 3.64 plddt 0.39 ptm 0.87 i_ptm 0.57 energy -7.21
92 models [4] recycles 0 hard 0 soft 1 temp 1 loss 1.33 i_con 3.42 plddt 0.45 ptm 0.90 i_ptm 0.64 energy -7.15
93 models [4] recycles 0 hard 0 soft 1 temp 1 loss 1.44 i_con 3.55 plddt 0.46 ptm 0.89 i_ptm 0.60 energy -7.21
94 models [2] recycles 0 hard 0 soft 1 temp 1 loss 1.99 i_con 4.16 plddt 0.31 ptm 0.86 i_ptm 0.32 energy -7.46
95 models [4] recycles 0 hard 0 soft 1 temp 1 loss 1.44 i_con 3.63 plddt 0.41 ptm 0.89 i_ptm 0.53 energy -7.51
96 models [4] recycles 0 hard 0 soft 1 temp 1 loss 1.42 i_con 3.63 plddt 0.41 ptm 0.89 i_ptm 0.57 energy -7.55
97 models [3] recycles 0 hard 0 soft 1 temp 1 loss 1.39 i_con 3.60 plddt 0.44 ptm 0.87 i_ptm 0.58 energy -7.57
98 models [4] recycles 0 hard 0 soft 1 temp 1 loss 1.35 i_con 3.62 plddt 0.41 ptm 0.89 i_ptm 0.58 energy -7.77
99 models [1] recycles 0 hard 0 soft 1 temp 1 loss 2.94 i_con 5.19 plddt 0.25 ptm 0.86 i_ptm 0.12 energy -7.75
100 models [4] recycles 0 hard 0 soft 1 temp 1 loss 1.65 i_con 3.92 plddt 0.35 ptm 0.88 i_ptm 0.45 energy -7.78
101 models [3] recycles 0 hard 0 soft 0 temp 1 loss 1.44 i_con 4.84 plddt 0.25 ptm 0.85 i_ptm 0.23 energy -34.73
102 models [0] recycles 0 hard 0 soft 0 temp 0.98 loss 2.11 i_con 5.54 plddt 0.26 ptm 0.83 i_ptm 0.16 energy -34.96
103 models [0] recycles 0 hard 0 soft 0 temp 0.96 loss 1.08 i_con 4.55 plddt 0.23 ptm 0.79 i_ptm 0.17 energy -35.41
104 models [4] recycles 0 hard 0 soft 0 temp 0.94 loss 2.40 i_con 5.85 plddt 0.24 ptm 0.87 i_ptm 0.15 energy -35.24
105 models [4] recycles 0 hard 0 soft 0 temp 0.92 loss 1.54 i_con 5.04 plddt 0.19 ptm 0.12 i_ptm 0.06 energy -35.80
106 models [2] recycles 0 hard 0 soft 0 temp 0.90 loss 0.77 i_con 4.32 plddt 0.25 ptm 0.86 i_ptm 0.24 energy -36.25
107 models [4] recycles 0 hard 0 soft 0 temp 0.88 loss 1.83 i_con 5.45 plddt 0.24 ptm 0.87 i_ptm 0.14 energy -36.92
108 models [1] recycles 0 hard 0 soft 0 temp 0.86 loss 2.59 i_con 6.21 plddt 0.28 ptm 0.86 i_ptm 0.18 energy -36.91
109 models [1] recycles 0 hard 0 soft 0 temp 0.84 loss 1.83 i_con 5.52 plddt 0.28 ptm 0.85 i_ptm 0.12 energy -37.71
110 models [2] recycles 0 hard 0 soft 0 temp 0.82 loss 0.72 i_con 4.50 plddt 0.24 ptm 0.86 i_ptm 0.21 energy -38.56
111 models [4] recycles 0 hard 0 soft 0 temp 0.80 loss 1.24 i_con 5.01 plddt 0.22 ptm 0.87 i_ptm 0.17 energy -38.51
112 models [2] recycles 0 hard 0 soft 0 temp 0.78 loss 1.16 i_con 5.04 plddt 0.24 ptm 0.86 i_ptm 0.12 energy -39.54
113 models [1] recycles 0 hard 0 soft 0 temp 0.76 loss 1.96 i_con 5.84 plddt 0.27 ptm 0.86 i_ptm 0.15 energy -39.51
114 models [4] recycles 0 hard 0 soft 0 temp 0.74 loss 0.04 i_con 4.02 plddt 0.29 ptm 0.88 i_ptm 0.38 energy -40.51
115 models [2] recycles 0 hard 0 soft 0 temp 0.72 loss -0.11 i_con 4.01 plddt 0.33 ptm 0.87 i_ptm 0.42 energy -41.89
116 models [1] recycles 0 hard 0 soft 0 temp 0.70 loss 1.47 i_con 5.76 plddt 0.28 ptm 0.86 i_ptm 0.17 energy -43.64
117 models [1] recycles 0 hard 0 soft 0 temp 0.68 loss 0.59 i_con 4.97 plddt 0.26 ptm 0.85 i_ptm 0.10 energy -44.55
118 models [2] recycles 0 hard 0 soft 0 temp 0.66 loss -0.25 i_con 4.14 plddt 0.29 ptm 0.87 i_ptm 0.37 energy -44.56
119 models [4] recycles 0 hard 0 soft 0 temp 0.64 loss -0.06 i_con 4.33 plddt 0.23 ptm 0.87 i_ptm 0.26 energy -44.64
120 models [4] recycles 0 hard 0 soft 0 temp 0.62 loss -0.32 i_con 4.08 plddt 0.29 ptm 0.88 i_ptm 0.35 energy -44.72
121 models [4] recycles 0 hard 0 soft 0 temp 0.60 loss -0.44 i_con 4.07 plddt 0.27 ptm 0.88 i_ptm 0.36 energy -45.92
122 models [1] recycles 0 hard 0 soft 0 temp 0.58 loss 0.85 i_con 5.49 plddt 0.24 ptm 0.86 i_ptm 0.13 energy -47.22
123 models [2] recycles 0 hard 0 soft 0 temp 0.56 loss -0.71 i_con 4.03 plddt 0.32 ptm 0.87 i_ptm 0.39 energy -48.08
124 models [1] recycles 0 hard 0 soft 0 temp 0.54 loss -0.30 i_con 4.57 plddt 0.22 ptm 0.86 i_ptm 0.14 energy -49.52
125 models [0] recycles 0 hard 0 soft 0 temp 0.52 loss -0.69 i_con 4.25 plddt 0.26 ptm 0.84 i_ptm 0.26 energy -50.07
126 models [2] recycles 0 hard 0 soft 0 temp 0.50 loss -1.07 i_con 3.93 plddt 0.34 ptm 0.87 i_ptm 0.45 energy -50.69
127 models [1] recycles 0 hard 0 soft 0 temp 0.48 loss -0.06 i_con 5.05 plddt 0.27 ptm 0.85 i_ptm 0.14 energy -51.85
128 models [0] recycles 0 hard 0 soft 0 temp 0.46 loss -0.26 i_con 4.84 plddt 0.23 ptm 0.83 i_ptm 0.09 energy -51.83
129 models [0] recycles 0 hard 0 soft 0 temp 0.44 loss -1.15 i_con 3.95 plddt 0.33 ptm 0.85 i_ptm 0.40 energy -51.67
130 models [2] recycles 0 hard 0 soft 0 temp 0.42 loss -1.42 i_con 3.78 plddt 0.37 ptm 0.87 i_ptm 0.51 energy -52.68
131 models [1] recycles 0 hard 0 soft 0 temp 0.40 loss -1.19 i_con 4.20 plddt 0.28 ptm 0.87 i_ptm 0.28 energy -54.70
132 models [4] recycles 0 hard 0 soft 0 temp 0.38 loss -1.58 i_con 3.91 plddt 0.31 ptm 0.88 i_ptm 0.42 energy -55.55
133 models [2] recycles 0 hard 0 soft 0 temp 0.36 loss -1.11 i_con 4.53 plddt 0.25 ptm 0.86 i_ptm 0.19 energy -57.15
134 models [2] recycles 0 hard 0 soft 0 temp 0.34 loss -1.96 i_con 3.69 plddt 0.40 ptm 0.88 i_ptm 0.55 energy -57.13
135 models [4] recycles 0 hard 0 soft 0 temp 0.32 loss -1.93 i_con 3.91 plddt 0.34 ptm 0.89 i_ptm 0.44 energy -59.10
136 models [1] recycles 0 hard 0 soft 0 temp 0.30 loss -1.86 i_con 4.10 plddt 0.28 ptm 0.87 i_ptm 0.32 energy -60.32
137 models [3] recycles 0 hard 0 soft 0 temp 0.28 loss -2.06 i_con 4.02 plddt 0.30 ptm 0.86 i_ptm 0.40 energy -61.43
138 models [1] recycles 0 hard 0 soft 0 temp 0.26 loss -1.63 i_con 4.59 plddt 0.25 ptm 0.86 i_ptm 0.14 energy -62.94
139 models [3] recycles 0 hard 0 soft 0 temp 0.24 loss -2.36 i_con 3.90 plddt 0.35 ptm 0.87 i_ptm 0.46 energy -63.25
140 models [2] recycles 0 hard 0 soft 0 temp 0.22 loss -2.75 i_con 3.67 plddt 0.40 ptm 0.88 i_ptm 0.54 energy -64.78
141 models [4] recycles 0 hard 0 soft 0 temp 0.20 loss -2.37 i_con 4.12 plddt 0.27 ptm 0.88 i_ptm 0.36 energy -65.61
142 models [1] recycles 0 hard 0 soft 0 temp 0.18 loss -2.23 i_con 4.35 plddt 0.27 ptm 0.86 i_ptm 0.22 energy -66.49
143 models [3] recycles 0 hard 0 soft 0 temp 0.16 loss -2.71 i_con 4.02 plddt 0.30 ptm 0.86 i_ptm 0.38 energy -67.97
144 models [3] recycles 0 hard 0 soft 0 temp 0.14 loss -2.47 i_con 4.36 plddt 0.26 ptm 0.85 i_ptm 0.25 energy -68.98
145 models [4] recycles 0 hard 0 soft 0 temp 0.12 loss -2.82 i_con 4.04 plddt 0.28 ptm 0.88 i_ptm 0.37 energy -69.37
146 models [2] recycles 0 hard 0 soft 0 temp 0.10 loss -2.02 i_con 4.97 plddt 0.19 ptm 0.13 i_ptm 0.27 energy -70.71
147 models [1] recycles 0 hard 0 soft 0 temp 0.08 loss -1.96 i_con 5.10 plddt 0.23 ptm 0.85 i_ptm 0.10 energy -71.42
148 models [0] recycles 0 hard 0 soft 0 temp 0.06 loss -3.10 i_con 4.01 plddt 0.29 ptm 0.84 i_ptm 0.38 energy -71.87
149 models [3] recycles 0 hard 0 soft 0 temp 0.04 loss -3.17 i_con 4.10 plddt 0.26 ptm 0.86 i_ptm 0.33 energy -73.49
150 models [0] recycles 0 hard 0 soft 0 temp 0.02 loss -3.13 i_con 4.22 plddt 0.26 ptm 0.84 i_ptm 0.28 energy -74.22
151 models [1] recycles 0 hard 1 soft 0 temp 0.00 loss -0.21 i_con 5.22 plddt 0.20 ptm 0.85 i_ptm 0.15 energy -7.87
152 models [1] recycles 0 hard 1 soft 0 temp 0.00 loss -0.21 i_con 5.22 plddt 0.20 ptm 0.85 i_ptm 0.15 energy -7.87
153 models [1] recycles 0 hard 1 soft 0 temp 0.00 loss -0.21 i_con 5.22 plddt 0.20 ptm 0.85 i_ptm 0.15 energy -7.87
154 models [2] recycles 0 hard 1 soft 0 temp 0.00 loss -1.72 i_con 3.72 plddt 0.31 ptm 0.88 i_ptm 0.51 energy -7.87
155 models [2] recycles 0 hard 1 soft 0 temp 0.00 loss -1.72 i_con 3.72 plddt 0.31 ptm 0.88 i_ptm 0.51 energy -7.87
156 models [2] recycles 0 hard 1 soft 0 temp 0.00 loss -1.72 i_con 3.72 plddt 0.31 ptm 0.88 i_ptm 0.51 energy -7.87
157 models [4] recycles 0 hard 1 soft 0 temp 0.00 loss -1.78 i_con 3.66 plddt 0.34 ptm 0.89 i_ptm 0.54 energy -7.87
158 models [2] recycles 0 hard 1 soft 0 temp 0.00 loss -1.72 i_con 3.72 plddt 0.31 ptm 0.88 i_ptm 0.51 energy -7.87
159 models [0] recycles 0 hard 1 soft 0 temp 0.00 loss -1.50 i_con 3.93 plddt 0.29 ptm 0.86 i_ptm 0.44 energy -7.87
160 models [2] recycles 0 hard 1 soft 0 temp 0.00 loss -1.72 i_con 3.72 plddt 0.31 ptm 0.88 i_ptm 0.51 energy -7.87
161 models [4] recycles 0 hard 1 soft 0 temp 0.00 loss -1.78 i_con 3.66 plddt 0.34 ptm 0.89 i_ptm 0.54 energy -7.87
162 models [0] recycles 0 hard 1 soft 0 temp 0.00 loss -1.50 i_con 3.93 plddt 0.29 ptm 0.86 i_ptm 0.44 energy -7.87
163 models [0] recycles 0 hard 1 soft 0 temp 0.00 loss -1.50 i_con 3.93 plddt 0.29 ptm 0.86 i_ptm 0.44 energy -7.87
164 models [2] recycles 0 hard 1 soft 0 temp 0.00 loss -1.72 i_con 3.72 plddt 0.31 ptm 0.88 i_ptm 0.51 energy -7.87
165 models [3] recycles 0 hard 1 soft 0 temp 0.00 loss -1.79 i_con 3.65 plddt 0.35 ptm 0.88 i_ptm 0.58 energy -7.87
166 models [0] recycles 0 hard 1 soft 0 temp 0.00 loss -1.50 i_con 3.93 plddt 0.29 ptm 0.86 i_ptm 0.44 energy -7.87
167 models [1] recycles 0 hard 1 soft 0 temp 0.00 loss -0.21 i_con 5.22 plddt 0.20 ptm 0.85 i_ptm 0.15 energy -7.87
168 models [3] recycles 0 hard 1 soft 0 temp 0.00 loss -1.79 i_con 3.65 plddt 0.35 ptm 0.88 i_ptm 0.58 energy -7.87
169 models [1] recycles 0 hard 1 soft 0 temp 0.00 loss -0.21 i_con 5.22 plddt 0.20 ptm 0.85 i_ptm 0.15 energy -7.87
170 models [2] recycles 0 hard 1 soft 0 temp 0.00 loss -1.72 i_con 3.72 plddt 0.31 ptm 0.88 i_ptm 0.51 energy -7.87
171 models [1] recycles 0 hard 1 soft 0 temp 0.00 loss -0.21 i_con 5.22 plddt 0.20 ptm 0.85 i_ptm 0.15 energy -7.87
172 models [1] recycles 0 hard 1 soft 0 temp 0.00 loss -0.21 i_con 5.22 plddt 0.20 ptm 0.85 i_ptm 0.15 energy -7.87
173 models [4] recycles 0 hard 1 soft 0 temp 0.00 loss -1.78 i_con 3.66 plddt 0.34 ptm 0.89 i_ptm 0.54 energy -7.87
174 models [4] recycles 0 hard 1 soft 0 temp 0.00 loss -1.78 i_con 3.66 plddt 0.34 ptm 0.89 i_ptm 0.54 energy -7.87
175 models [4] recycles 0 hard 1 soft 0 temp 0.00 loss -1.78 i_con 3.66 plddt 0.34 ptm 0.89 i_ptm 0.54 energy -7.87
176 models [1] recycles 0 hard 1 soft 0 temp 0.00 loss -0.21 i_con 5.22 plddt 0.20 ptm 0.85 i_ptm 0.15 energy -7.87
177 models [0] recycles 0 hard 1 soft 0 temp 0.00 loss -1.50 i_con 3.93 plddt 0.29 ptm 0.86 i_ptm 0.44 energy -7.87
178 models [2] recycles 0 hard 1 soft 0 temp 0.00 loss -1.72 i_con 3.72 plddt 0.31 ptm 0.88 i_ptm 0.51 energy -7.87
179 models [2] recycles 0 hard 1 soft 0 temp 0.00 loss -1.72 i_con 3.72 plddt 0.31 ptm 0.88 i_ptm 0.51 energy -7.87
180 models [1] recycles 0 hard 1 soft 0 temp 0.00 loss -0.21 i_con 5.22 plddt 0.20 ptm 0.85 i_ptm 0.15 energy -7.87
  seq=NIGRRAQVVAWGGTC  loss=-0.2075  loss_af=5.2983  energy=-7.8654  i_ptm=0.1540
[22/30] seed=21 ...
1 models [4] recycles 0 hard 0 soft 1 temp 1 loss 4.36 i_con 3.92 plddt 0.32 ptm 0.89 i_ptm 0.40 energy 7.40
2 models [2] recycles 0 hard 0 soft 1 temp 1 loss 5.79 i_con 5.36 plddt 0.21 ptm 0.85 i_ptm 0.13 energy 7.04
3 models [3] recycles 0 hard 0 soft 1 temp 1 loss 4.20 i_con 3.79 plddt 0.36 ptm 0.86 i_ptm 0.49 energy 6.93
4 models [4] recycles 0 hard 0 soft 1 temp 1 loss 4.29 i_con 3.91 plddt 0.34 ptm 0.88 i_ptm 0.45 energy 6.44
5 models [2] recycles 0 hard 0 soft 1 temp 1 loss 4.20 i_con 3.85 plddt 0.35 ptm 0.87 i_ptm 0.45 energy 5.77
6 models [4] recycles 0 hard 0 soft 1 temp 1 loss 4.14 i_con 3.82 plddt 0.32 ptm 0.88 i_ptm 0.41 energy 4.91
7 models [3] recycles 0 hard 0 soft 1 temp 1 loss 4.04 i_con 3.76 plddt 0.35 ptm 0.86 i_ptm 0.44 energy 4.22
8 models [3] recycles 0 hard 0 soft 1 temp 1 loss 3.99 i_con 3.74 plddt 0.34 ptm 0.86 i_ptm 0.45 energy 3.68
9 models [3] recycles 0 hard 0 soft 1 temp 1 loss 4.01 i_con 3.78 plddt 0.33 ptm 0.86 i_ptm 0.43 energy 3.27
10 models [3] recycles 0 hard 0 soft 1 temp 1 loss 4.10 i_con 3.88 plddt 0.32 ptm 0.85 i_ptm 0.38 energy 2.96
11 models [4] recycles 0 hard 0 soft 1 temp 1 loss 4.49 i_con 4.28 plddt 0.28 ptm 0.87 i_ptm 0.25 energy 2.75
12 models [1] recycles 0 hard 0 soft 1 temp 1 loss 4.72 i_con 4.50 plddt 0.22 ptm 0.85 i_ptm 0.19 energy 2.74
13 models [2] recycles 0 hard 0 soft 1 temp 1 loss 4.05 i_con 3.86 plddt 0.33 ptm 0.87 i_ptm 0.42 energy 2.64
14 models [4] recycles 0 hard 0 soft 1 temp 1 loss 4.10 i_con 3.91 plddt 0.32 ptm 0.88 i_ptm 0.39 energy 2.38
15 models [0] recycles 0 hard 0 soft 1 temp 1 loss 4.20 i_con 4.02 plddt 0.29 ptm 0.84 i_ptm 0.33 energy 2.16
16 models [1] recycles 0 hard 0 soft 1 temp 1 loss 5.88 i_con 5.70 plddt 0.20 ptm 0.86 i_ptm 0.13 energy 2.07
17 models [2] recycles 0 hard 0 soft 1 temp 1 loss 4.00 i_con 3.84 plddt 0.33 ptm 0.87 i_ptm 0.44 energy 1.93
18 models [3] recycles 0 hard 0 soft 1 temp 1 loss 3.99 i_con 3.84 plddt 0.33 ptm 0.86 i_ptm 0.44 energy 1.58
19 models [0] recycles 0 hard 0 soft 1 temp 1 loss 4.36 i_con 4.22 plddt 0.27 ptm 0.84 i_ptm 0.26 energy 1.30
20 models [3] recycles 0 hard 0 soft 1 temp 1 loss 3.89 i_con 3.77 plddt 0.35 ptm 0.86 i_ptm 0.44 energy 1.15
21 models [4] recycles 0 hard 0 soft 1 temp 1 loss 3.99 i_con 3.88 plddt 0.29 ptm 0.88 i_ptm 0.40 energy 0.81
22 models [3] recycles 0 hard 0 soft 1 temp 1 loss 3.83 i_con 3.74 plddt 0.33 ptm 0.86 i_ptm 0.44 energy 0.49
23 models [3] recycles 0 hard 0 soft 1 temp 1 loss 3.91 i_con 3.83 plddt 0.35 ptm 0.86 i_ptm 0.43 energy 0.15
24 models [3] recycles 0 hard 0 soft 1 temp 1 loss 3.84 i_con 3.78 plddt 0.34 ptm 0.86 i_ptm 0.43 energy -0.07
25 models [1] recycles 0 hard 0 soft 1 temp 1 loss 4.76 i_con 4.70 plddt 0.20 ptm 0.85 i_ptm 0.14 energy -0.37
26 models [3] recycles 0 hard 0 soft 1 temp 1 loss 3.75 i_con 3.71 plddt 0.35 ptm 0.86 i_ptm 0.45 energy -0.44
27 models [1] recycles 0 hard 0 soft 1 temp 1 loss 4.95 i_con 4.91 plddt 0.23 ptm 0.86 i_ptm 0.14 energy -0.87
28 models [1] recycles 0 hard 0 soft 1 temp 1 loss 4.41 i_con 4.37 plddt 0.23 ptm 0.85 i_ptm 0.18 energy -0.83
29 models [0] recycles 0 hard 0 soft 1 temp 1 loss 4.30 i_con 4.27 plddt 0.28 ptm 0.84 i_ptm 0.24 energy -0.87
30 models [0] recycles 0 hard 0 soft 1 temp 1 loss 4.14 i_con 4.11 plddt 0.25 ptm 0.84 i_ptm 0.28 energy -0.94
31 models [1] recycles 0 hard 0 soft 1 temp 1 loss 4.23 i_con 4.22 plddt 0.24 ptm 0.86 i_ptm 0.24 energy -1.40
32 models [2] recycles 0 hard 0 soft 1 temp 1 loss 3.69 i_con 3.69 plddt 0.35 ptm 0.87 i_ptm 0.49 energy -1.22
33 models [1] recycles 0 hard 0 soft 1 temp 1 loss 4.68 i_con 4.69 plddt 0.21 ptm 0.86 i_ptm 0.11 energy -1.77
34 models [2] recycles 0 hard 0 soft 1 temp 1 loss 3.79 i_con 3.82 plddt 0.32 ptm 0.87 i_ptm 0.44 energy -1.93
35 models [3] recycles 0 hard 0 soft 1 temp 1 loss 3.76 i_con 3.80 plddt 0.35 ptm 0.86 i_ptm 0.45 energy -2.09
36 models [3] recycles 0 hard 0 soft 1 temp 1 loss 3.66 i_con 3.71 plddt 0.34 ptm 0.87 i_ptm 0.46 energy -2.40
37 models [2] recycles 0 hard 0 soft 1 temp 1 loss 3.61 i_con 3.67 plddt 0.38 ptm 0.88 i_ptm 0.50 energy -2.45
38 models [1] recycles 0 hard 0 soft 1 temp 1 loss 4.82 i_con 4.88 plddt 0.23 ptm 0.85 i_ptm 0.11 energy -2.72
39 models [3] recycles 0 hard 0 soft 1 temp 1 loss 3.69 i_con 3.75 plddt 0.33 ptm 0.86 i_ptm 0.44 energy -2.69
40 models [2] recycles 0 hard 0 soft 1 temp 1 loss 3.66 i_con 3.74 plddt 0.35 ptm 0.87 i_ptm 0.48 energy -2.87
41 models [3] recycles 0 hard 0 soft 1 temp 1 loss 3.69 i_con 3.77 plddt 0.31 ptm 0.86 i_ptm 0.43 energy -3.03
42 models [1] recycles 0 hard 0 soft 1 temp 1 loss 3.81 i_con 3.89 plddt 0.29 ptm 0.87 i_ptm 0.37 energy -3.16
43 models [4] recycles 0 hard 0 soft 1 temp 1 loss 3.66 i_con 3.76 plddt 0.34 ptm 0.88 i_ptm 0.45 energy -3.32
44 models [0] recycles 0 hard 0 soft 1 temp 1 loss 3.72 i_con 3.83 plddt 0.35 ptm 0.85 i_ptm 0.42 energy -3.46
45 models [2] recycles 0 hard 0 soft 1 temp 1 loss 3.64 i_con 3.75 plddt 0.36 ptm 0.87 i_ptm 0.48 energy -3.60
46 models [3] recycles 0 hard 0 soft 1 temp 1 loss 3.62 i_con 3.74 plddt 0.36 ptm 0.86 i_ptm 0.47 energy -3.70
47 models [1] recycles 0 hard 0 soft 1 temp 1 loss 4.02 i_con 4.13 plddt 0.27 ptm 0.86 i_ptm 0.29 energy -3.72
48 models [2] recycles 0 hard 0 soft 1 temp 1 loss 3.65 i_con 3.77 plddt 0.36 ptm 0.87 i_ptm 0.48 energy -3.65
49 models [1] recycles 0 hard 0 soft 1 temp 1 loss 4.49 i_con 4.60 plddt 0.22 ptm 0.85 i_ptm 0.13 energy -3.77
50 models [0] recycles 0 hard 0 soft 1 temp 1 loss 3.72 i_con 3.84 plddt 0.34 ptm 0.84 i_ptm 0.40 energy -3.72
51 models [1] recycles 0 hard 0 soft 1 temp 1 loss 3.58 i_con 4.65 plddt 0.23 ptm 0.86 i_ptm 0.17 energy -3.85
52 models [4] recycles 0 hard 0 soft 1 temp 1 loss 2.70 i_con 3.85 plddt 0.34 ptm 0.88 i_ptm 0.42 energy -4.07
53 models [1] recycles 0 hard 0 soft 1 temp 1 loss 3.38 i_con 4.58 plddt 0.25 ptm 0.86 i_ptm 0.18 energy -4.27
54 models [3] recycles 0 hard 0 soft 1 temp 1 loss 2.56 i_con 3.81 plddt 0.35 ptm 0.86 i_ptm 0.44 energy -4.40
55 models [4] recycles 0 hard 0 soft 1 temp 1 loss 2.52 i_con 3.83 plddt 0.35 ptm 0.88 i_ptm 0.44 energy -4.59
56 models [4] recycles 0 hard 0 soft 1 temp 1 loss 2.78 i_con 4.13 plddt 0.23 ptm 0.88 i_ptm 0.27 energy -4.74
57 models [1] recycles 0 hard 0 soft 1 temp 1 loss 3.79 i_con 5.13 plddt 0.24 ptm 0.86 i_ptm 0.12 energy -4.69
58 models [2] recycles 0 hard 0 soft 1 temp 1 loss 2.35 i_con 3.68 plddt 0.43 ptm 0.87 i_ptm 0.50 energy -4.63
59 models [3] recycles 0 hard 0 soft 1 temp 1 loss 2.41 i_con 3.79 plddt 0.35 ptm 0.86 i_ptm 0.44 energy -4.82
60 models [2] recycles 0 hard 0 soft 1 temp 1 loss 2.33 i_con 3.75 plddt 0.40 ptm 0.87 i_ptm 0.48 energy -4.96
61 models [2] recycles 0 hard 0 soft 1 temp 1 loss 2.64 i_con 4.10 plddt 0.30 ptm 0.86 i_ptm 0.35 energy -5.10
62 models [3] recycles 0 hard 0 soft 1 temp 1 loss 2.28 i_con 3.74 plddt 0.34 ptm 0.87 i_ptm 0.47 energy -5.10
63 models [0] recycles 0 hard 0 soft 1 temp 1 loss 2.46 i_con 3.96 plddt 0.35 ptm 0.85 i_ptm 0.38 energy -5.25
64 models [1] recycles 0 hard 0 soft 1 temp 1 loss 3.64 i_con 5.19 plddt 0.23 ptm 0.85 i_ptm 0.14 energy -5.42
65 models [3] recycles 0 hard 0 soft 1 temp 1 loss 2.10 i_con 3.65 plddt 0.43 ptm 0.87 i_ptm 0.53 energy -5.36
66 models [4] recycles 0 hard 0 soft 1 temp 1 loss 2.18 i_con 3.75 plddt 0.34 ptm 0.88 i_ptm 0.46 energy -5.47
67 models [0] recycles 0 hard 0 soft 1 temp 1 loss 2.37 i_con 3.99 plddt 0.34 ptm 0.84 i_ptm 0.37 energy -5.61
68 models [4] recycles 0 hard 0 soft 1 temp 1 loss 2.13 i_con 3.77 plddt 0.39 ptm 0.89 i_ptm 0.45 energy -5.70
69 models [0] recycles 0 hard 0 soft 1 temp 1 loss 2.15 i_con 3.84 plddt 0.39 ptm 0.85 i_ptm 0.45 energy -5.83
70 models [2] recycles 0 hard 0 soft 1 temp 1 loss 2.13 i_con 3.81 plddt 0.38 ptm 0.87 i_ptm 0.46 energy -5.81
71 models [0] recycles 0 hard 0 soft 1 temp 1 loss 2.31 i_con 4.02 plddt 0.32 ptm 0.84 i_ptm 0.34 energy -5.91
72 models [1] recycles 0 hard 0 soft 1 temp 1 loss 2.89 i_con 4.61 plddt 0.27 ptm 0.86 i_ptm 0.19 energy -5.98
73 models [3] recycles 0 hard 0 soft 1 temp 1 loss 2.19 i_con 3.95 plddt 0.34 ptm 0.86 i_ptm 0.39 energy -6.11
74 models [0] recycles 0 hard 0 soft 1 temp 1 loss 2.31 i_con 4.04 plddt 0.34 ptm 0.84 i_ptm 0.35 energy -5.98
75 models [3] recycles 0 hard 0 soft 1 temp 1 loss 2.17 i_con 3.93 plddt 0.31 ptm 0.87 i_ptm 0.39 energy -6.11
76 models [4] recycles 0 hard 0 soft 1 temp 1 loss 2.00 i_con 3.78 plddt 0.37 ptm 0.88 i_ptm 0.46 energy -6.11
77 models [4] recycles 0 hard 0 soft 1 temp 1 loss 2.03 i_con 3.83 plddt 0.35 ptm 0.88 i_ptm 0.42 energy -6.23
78 models [4] recycles 0 hard 0 soft 1 temp 1 loss 2.84 i_con 4.66 plddt 0.27 ptm 0.87 i_ptm 0.13 energy -6.31
79 models [0] recycles 0 hard 0 soft 1 temp 1 loss 2.87 i_con 4.65 plddt 0.31 ptm 0.83 i_ptm 0.21 energy -6.17
80 models [4] recycles 0 hard 0 soft 1 temp 1 loss 2.03 i_con 3.84 plddt 0.36 ptm 0.88 i_ptm 0.42 energy -6.26
81 models [2] recycles 0 hard 0 soft 1 temp 1 loss 1.93 i_con 3.76 plddt 0.36 ptm 0.87 i_ptm 0.46 energy -6.34
82 models [0] recycles 0 hard 0 soft 1 temp 1 loss 2.10 i_con 3.93 plddt 0.35 ptm 0.85 i_ptm 0.39 energy -6.32
83 models [0] recycles 0 hard 0 soft 1 temp 1 loss 2.11 i_con 3.94 plddt 0.36 ptm 0.84 i_ptm 0.36 energy -6.31
84 models [0] recycles 0 hard 0 soft 1 temp 1 loss 2.13 i_con 3.95 plddt 0.31 ptm 0.85 i_ptm 0.36 energy -6.29
85 models [3] recycles 0 hard 0 soft 1 temp 1 loss 1.89 i_con 3.72 plddt 0.34 ptm 0.87 i_ptm 0.46 energy -6.31
86 models [1] recycles 0 hard 0 soft 1 temp 1 loss 2.46 i_con 4.29 plddt 0.25 ptm 0.86 i_ptm 0.19 energy -6.37
87 models [3] recycles 0 hard 0 soft 1 temp 1 loss 1.90 i_con 3.72 plddt 0.34 ptm 0.87 i_ptm 0.48 energy -6.31
88 models [4] recycles 0 hard 0 soft 1 temp 1 loss 2.04 i_con 3.86 plddt 0.38 ptm 0.88 i_ptm 0.45 energy -6.30
89 models [3] recycles 0 hard 0 soft 1 temp 1 loss 3.27 i_con 5.11 plddt 0.29 ptm 0.84 i_ptm 0.16 energy -6.37
90 models [1] recycles 0 hard 0 soft 1 temp 1 loss 3.70 i_con 5.54 plddt 0.29 ptm 0.85 i_ptm 0.15 energy -6.36
91 models [3] recycles 0 hard 0 soft 1 temp 1 loss 1.79 i_con 3.64 plddt 0.40 ptm 0.86 i_ptm 0.52 energy -6.34
92 models [2] recycles 0 hard 0 soft 1 temp 1 loss 1.94 i_con 3.80 plddt 0.35 ptm 0.86 i_ptm 0.44 energy -6.41
93 models [4] recycles 0 hard 0 soft 1 temp 1 loss 1.96 i_con 3.83 plddt 0.38 ptm 0.88 i_ptm 0.43 energy -6.43
94 models [4] recycles 0 hard 0 soft 1 temp 1 loss 2.01 i_con 3.89 plddt 0.31 ptm 0.88 i_ptm 0.41 energy -6.51
95 models [1] recycles 0 hard 0 soft 1 temp 1 loss 2.91 i_con 4.77 plddt 0.27 ptm 0.85 i_ptm 0.18 energy -6.43
96 models [4] recycles 0 hard 0 soft 1 temp 1 loss 1.76 i_con 3.66 plddt 0.44 ptm 0.89 i_ptm 0.51 energy -6.52
97 models [3] recycles 0 hard 0 soft 1 temp 1 loss 1.93 i_con 3.85 plddt 0.32 ptm 0.86 i_ptm 0.40 energy -6.62
98 models [1] recycles 0 hard 0 soft 1 temp 1 loss 3.71 i_con 5.61 plddt 0.31 ptm 0.86 i_ptm 0.17 energy -6.57
99 models [0] recycles 0 hard 0 soft 1 temp 1 loss 1.95 i_con 3.86 plddt 0.38 ptm 0.85 i_ptm 0.41 energy -6.58
100 models [3] recycles 0 hard 0 soft 1 temp 1 loss 1.91 i_con 3.83 plddt 0.31 ptm 0.87 i_ptm 0.42 energy -6.64
101 models [4] recycles 0 hard 0 soft 0 temp 1 loss 2.14 i_con 5.71 plddt 0.23 ptm 0.87 i_ptm 0.15 energy -36.48
102 models [4] recycles 0 hard 0 soft 0 temp 0.98 loss 1.67 i_con 5.25 plddt 0.16 ptm 0.71 i_ptm 0.27 energy -36.69
103 models [1] recycles 0 hard 0 soft 0 temp 0.96 loss 2.59 i_con 6.19 plddt 0.26 ptm 0.86 i_ptm 0.13 energy -36.74
104 models [2] recycles 0 hard 0 soft 0 temp 0.94 loss 1.94 i_con 5.59 plddt 0.27 ptm 0.85 i_ptm 0.17 energy -37.29
105 models [4] recycles 0 hard 0 soft 0 temp 0.92 loss 1.48 i_con 5.16 plddt 0.23 ptm 0.88 i_ptm 0.14 energy -37.55
106 models [1] recycles 0 hard 0 soft 0 temp 0.90 loss 2.37 i_con 6.06 plddt 0.27 ptm 0.86 i_ptm 0.17 energy -37.65
107 models [2] recycles 0 hard 0 soft 0 temp 0.88 loss 2.16 i_con 5.89 plddt 0.25 ptm 0.86 i_ptm 0.16 energy -38.07
108 models [2] recycles 0 hard 0 soft 0 temp 0.86 loss 1.97 i_con 5.73 plddt 0.29 ptm 0.85 i_ptm 0.16 energy -38.29
109 models [4] recycles 0 hard 0 soft 0 temp 0.84 loss 2.08 i_con 5.85 plddt 0.20 ptm 0.87 i_ptm 0.16 energy -38.47
110 models [0] recycles 0 hard 0 soft 0 temp 0.82 loss 1.21 i_con 4.99 plddt 0.26 ptm 0.83 i_ptm 0.12 energy -38.57
111 models [3] recycles 0 hard 0 soft 0 temp 0.80 loss 1.49 i_con 5.29 plddt 0.22 ptm 0.85 i_ptm 0.13 energy -38.72
112 models [3] recycles 0 hard 0 soft 0 temp 0.78 loss 1.08 i_con 4.85 plddt 0.17 ptm 0.72 i_ptm 0.12 energy -38.61
113 models [2] recycles 0 hard 0 soft 0 temp 0.76 loss -1.95 i_con 1.85 plddt 0.23 ptm 0.50 i_ptm 0.64 energy -38.79
114 models [1] recycles 0 hard 0 soft 0 temp 0.74 loss 1.66 i_con 5.46 plddt 0.26 ptm 0.85 i_ptm 0.11 energy -38.79
115 models [0] recycles 0 hard 0 soft 0 temp 0.72 loss 2.37 i_con 6.20 plddt 0.23 ptm 0.84 i_ptm 0.15 energy -39.06
116 models [3] recycles 0 hard 0 soft 0 temp 0.70 loss 0.20 i_con 4.03 plddt 0.15 ptm 0.25 i_ptm 0.24 energy -39.20
117 models [4] recycles 0 hard 0 soft 0 temp 0.68 loss -0.08 i_con 3.77 plddt 0.16 ptm 0.32 i_ptm 0.50 energy -39.33
118 models [3] recycles 0 hard 0 soft 0 temp 0.66 loss 0.23 i_con 4.11 plddt 0.13 ptm 0.34 i_ptm 0.53 energy -39.70
119 models [0] recycles 0 hard 0 soft 0 temp 0.64 loss 1.82 i_con 5.75 plddt 0.27 ptm 0.84 i_ptm 0.16 energy -39.96
120 models [1] recycles 0 hard 0 soft 0 temp 0.62 loss 1.67 i_con 5.61 plddt 0.23 ptm 0.80 i_ptm 0.42 energy -40.17
121 models [4] recycles 0 hard 0 soft 0 temp 0.60 loss -0.95 i_con 2.99 plddt 0.24 ptm 0.38 i_ptm 0.54 energy -40.18
122 models [4] recycles 0 hard 0 soft 0 temp 0.58 loss -0.74 i_con 3.22 plddt 0.30 ptm 0.36 i_ptm 0.56 energy -40.32
123 models [4] recycles 0 hard 0 soft 0 temp 0.56 loss 0.31 i_con 4.23 plddt 0.16 ptm 0.41 i_ptm 0.41 energy -40.06
124 models [1] recycles 0 hard 0 soft 0 temp 0.54 loss 1.86 i_con 5.77 plddt 0.22 ptm 0.83 i_ptm 0.32 energy -39.92
125 models [4] recycles 0 hard 0 soft 0 temp 0.52 loss 1.70 i_con 5.62 plddt 0.20 ptm 0.86 i_ptm 0.11 energy -40.06
126 models [0] recycles 0 hard 0 soft 0 temp 0.50 loss 0.65 i_con 4.63 plddt 0.22 ptm 0.83 i_ptm 0.12 energy -40.52
127 models [4] recycles 0 hard 0 soft 0 temp 0.48 loss 0.54 i_con 4.55 plddt 0.11 ptm 0.23 i_ptm 0.29 energy -40.97
128 models [2] recycles 0 hard 0 soft 0 temp 0.46 loss 0.60 i_con 4.61 plddt 0.15 ptm 0.22 i_ptm 0.30 energy -40.89
129 models [0] recycles 0 hard 0 soft 0 temp 0.44 loss 1.60 i_con 5.66 plddt 0.24 ptm 0.81 i_ptm 0.13 energy -41.29
130 models [4] recycles 0 hard 0 soft 0 temp 0.42 loss 1.05 i_con 5.12 plddt 0.15 ptm 0.56 i_ptm 0.30 energy -41.56
131 models [0] recycles 0 hard 0 soft 0 temp 0.40 loss 1.47 i_con 5.55 plddt 0.22 ptm 0.31 i_ptm 0.09 energy -41.51
132 models [2] recycles 0 hard 0 soft 0 temp 0.38 loss 1.23 i_con 5.29 plddt 0.22 ptm 0.67 i_ptm 0.22 energy -41.36
133 models [4] recycles 0 hard 0 soft 0 temp 0.36 loss 1.35 i_con 5.41 plddt 0.21 ptm 0.87 i_ptm 0.12 energy -41.42
134 models [0] recycles 0 hard 0 soft 0 temp 0.34 loss 1.06 i_con 5.13 plddt 0.24 ptm 0.83 i_ptm 0.11 energy -41.46
135 models [0] recycles 0 hard 0 soft 0 temp 0.32 loss 1.04 i_con 5.14 plddt 0.22 ptm 0.82 i_ptm 0.08 energy -41.84
136 models [0] recycles 0 hard 0 soft 0 temp 0.30 loss -0.03 i_con 4.11 plddt 0.17 ptm 0.19 i_ptm 0.28 energy -42.19
137 models [2] recycles 0 hard 0 soft 0 temp 0.28 loss 1.01 i_con 5.18 plddt 0.23 ptm 0.86 i_ptm 0.13 energy -42.48
138 models [3] recycles 0 hard 0 soft 0 temp 0.26 loss -0.03 i_con 4.13 plddt 0.18 ptm 0.29 i_ptm 0.44 energy -42.44
139 models [0] recycles 0 hard 0 soft 0 temp 0.24 loss 0.68 i_con 4.86 plddt 0.23 ptm 0.83 i_ptm 0.12 energy -42.61
140 models [2] recycles 0 hard 0 soft 0 temp 0.22 loss -1.46 i_con 2.77 plddt 0.16 ptm 0.57 i_ptm 0.57 energy -43.05
141 models [2] recycles 0 hard 0 soft 0 temp 0.20 loss -1.95 i_con 2.30 plddt 0.27 ptm 0.55 i_ptm 0.68 energy -43.21
142 models [4] recycles 0 hard 0 soft 0 temp 0.18 loss 1.71 i_con 5.96 plddt 0.20 ptm 0.88 i_ptm 0.12 energy -43.37
143 models [0] recycles 0 hard 0 soft 0 temp 0.16 loss 0.93 i_con 5.22 plddt 0.24 ptm 0.84 i_ptm 0.09 energy -43.64
144 models [3] recycles 0 hard 0 soft 0 temp 0.14 loss 0.92 i_con 5.22 plddt 0.23 ptm 0.82 i_ptm 0.25 energy -43.75
145 models [3] recycles 0 hard 0 soft 0 temp 0.12 loss 1.26 i_con 5.56 plddt 0.24 ptm 0.86 i_ptm 0.17 energy -43.78
146 models [1] recycles 0 hard 0 soft 0 temp 0.10 loss 1.50 i_con 5.81 plddt 0.26 ptm 0.86 i_ptm 0.13 energy -43.80
147 models [0] recycles 0 hard 0 soft 0 temp 0.08 loss 0.54 i_con 4.92 plddt 0.23 ptm 0.83 i_ptm 0.11 energy -44.59
148 models [1] recycles 0 hard 0 soft 0 temp 0.06 loss 1.14 i_con 5.60 plddt 0.25 ptm 0.86 i_ptm 0.13 energy -45.32
149 models [0] recycles 0 hard 0 soft 0 temp 0.04 loss 0.27 i_con 4.72 plddt 0.25 ptm 0.84 i_ptm 0.15 energy -45.30
150 models [0] recycles 0 hard 0 soft 0 temp 0.02 loss -0.16 i_con 4.41 plddt 0.24 ptm 0.84 i_ptm 0.18 energy -46.44
151 models [1] recycles 0 hard 1 soft 0 temp 0.00 loss 0.18 i_con 4.97 plddt 0.28 ptm 0.85 i_ptm 0.19 energy -6.94
152 models [3] recycles 0 hard 1 soft 0 temp 0.00 loss 0.76 i_con 5.55 plddt 0.27 ptm 0.84 i_ptm 0.22 energy -6.94
153 models [0] recycles 0 hard 1 soft 0 temp 0.00 loss -0.08 i_con 4.70 plddt 0.24 ptm 0.82 i_ptm 0.15 energy -6.94
154 models [0] recycles 0 hard 1 soft 0 temp 0.00 loss -0.08 i_con 4.70 plddt 0.24 ptm 0.82 i_ptm 0.15 energy -6.94
155 models [0] recycles 0 hard 1 soft 0 temp 0.00 loss -0.08 i_con 4.70 plddt 0.24 ptm 0.82 i_ptm 0.15 energy -6.94
156 models [2] recycles 0 hard 1 soft 0 temp 0.00 loss -0.66 i_con 4.13 plddt 0.30 ptm 0.86 i_ptm 0.34 energy -6.94
157 models [1] recycles 0 hard 1 soft 0 temp 0.00 loss 0.18 i_con 4.97 plddt 0.28 ptm 0.85 i_ptm 0.19 energy -6.94
158 models [4] recycles 0 hard 1 soft 0 temp 0.00 loss 0.68 i_con 5.47 plddt 0.29 ptm 0.88 i_ptm 0.32 energy -6.94
159 models [1] recycles 0 hard 1 soft 0 temp 0.00 loss 0.18 i_con 4.97 plddt 0.28 ptm 0.85 i_ptm 0.19 energy -6.94
160 models [0] recycles 0 hard 1 soft 0 temp 0.00 loss -0.08 i_con 4.70 plddt 0.24 ptm 0.82 i_ptm 0.15 energy -6.94
161 models [0] recycles 0 hard 1 soft 0 temp 0.00 loss -0.08 i_con 4.70 plddt 0.24 ptm 0.82 i_ptm 0.15 energy -6.94
162 models [2] recycles 0 hard 1 soft 0 temp 0.00 loss -0.66 i_con 4.13 plddt 0.30 ptm 0.86 i_ptm 0.34 energy -6.94
163 models [3] recycles 0 hard 1 soft 0 temp 0.00 loss 0.76 i_con 5.55 plddt 0.27 ptm 0.84 i_ptm 0.22 energy -6.94
164 models [3] recycles 0 hard 1 soft 0 temp 0.00 loss 0.76 i_con 5.55 plddt 0.27 ptm 0.84 i_ptm 0.22 energy -6.94
165 models [4] recycles 0 hard 1 soft 0 temp 0.00 loss 0.68 i_con 5.47 plddt 0.29 ptm 0.88 i_ptm 0.32 energy -6.94
166 models [3] recycles 0 hard 1 soft 0 temp 0.00 loss 0.76 i_con 5.55 plddt 0.27 ptm 0.84 i_ptm 0.22 energy -6.94
167 models [0] recycles 0 hard 1 soft 0 temp 0.00 loss -0.08 i_con 4.70 plddt 0.24 ptm 0.82 i_ptm 0.15 energy -6.94
168 models [4] recycles 0 hard 1 soft 0 temp 0.00 loss 0.68 i_con 5.47 plddt 0.29 ptm 0.88 i_ptm 0.32 energy -6.94
169 models [0] recycles 0 hard 1 soft 0 temp 0.00 loss -0.08 i_con 4.70 plddt 0.24 ptm 0.82 i_ptm 0.15 energy -6.94
170 models [1] recycles 0 hard 1 soft 0 temp 0.00 loss 0.18 i_con 4.97 plddt 0.28 ptm 0.85 i_ptm 0.19 energy -6.94
171 models [3] recycles 0 hard 1 soft 0 temp 0.00 loss 0.76 i_con 5.55 plddt 0.27 ptm 0.84 i_ptm 0.22 energy -6.94
172 models [0] recycles 0 hard 1 soft 0 temp 0.00 loss -0.08 i_con 4.70 plddt 0.24 ptm 0.82 i_ptm 0.15 energy -6.94
173 models [0] recycles 0 hard 1 soft 0 temp 0.00 loss -0.08 i_con 4.70 plddt 0.24 ptm 0.82 i_ptm 0.15 energy -6.94
174 models [0] recycles 0 hard 1 soft 0 temp 0.00 loss -0.08 i_con 4.70 plddt 0.24 ptm 0.82 i_ptm 0.15 energy -6.94
175 models [0] recycles 0 hard 1 soft 0 temp 0.00 loss -0.08 i_con 4.70 plddt 0.24 ptm 0.82 i_ptm 0.15 energy -6.94
176 models [2] recycles 0 hard 1 soft 0 temp 0.00 loss -0.66 i_con 4.13 plddt 0.30 ptm 0.86 i_ptm 0.34 energy -6.94
177 models [1] recycles 0 hard 1 soft 0 temp 0.00 loss 0.18 i_con 4.97 plddt 0.28 ptm 0.85 i_ptm 0.19 energy -6.94
178 models [3] recycles 0 hard 1 soft 0 temp 0.00 loss 0.76 i_con 5.55 plddt 0.27 ptm 0.84 i_ptm 0.22 energy -6.94
179 models [3] recycles 0 hard 1 soft 0 temp 0.00 loss 0.76 i_con 5.55 plddt 0.27 ptm 0.84 i_ptm 0.22 energy -6.94
180 models [3] recycles 0 hard 1 soft 0 temp 0.00 loss 0.76 i_con 5.55 plddt 0.27 ptm 0.84 i_ptm 0.22 energy -6.94
  seq=AWIWWHQQVNYQKEC  loss=0.7601  loss_af=5.6198  energy=-6.9424  i_ptm=0.2185
[23/30] seed=22 ...
1 models [1] recycles 0 hard 0 soft 1 temp 1 loss 4.52 i_con 4.08 plddt 0.24 ptm 0.86 i_ptm 0.28 energy 7.41
2 models [0] recycles 0 hard 0 soft 1 temp 1 loss 5.50 i_con 5.07 plddt 0.22 ptm 0.83 i_ptm 0.24 energy 7.18
3 models [1] recycles 0 hard 0 soft 1 temp 1 loss 5.03 i_con 4.61 plddt 0.21 ptm 0.85 i_ptm 0.15 energy 6.79
4 models [2] recycles 0 hard 0 soft 1 temp 1 loss 4.46 i_con 4.06 plddt 0.30 ptm 0.86 i_ptm 0.34 energy 6.72
5 models [1] recycles 0 hard 0 soft 1 temp 1 loss 4.89 i_con 4.50 plddt 0.22 ptm 0.85 i_ptm 0.16 energy 6.23
6 models [3] recycles 0 hard 0 soft 1 temp 1 loss 4.05 i_con 3.69 plddt 0.39 ptm 0.87 i_ptm 0.49 energy 6.01
7 models [1] recycles 0 hard 0 soft 1 temp 1 loss 4.43 i_con 4.09 plddt 0.25 ptm 0.86 i_ptm 0.29 energy 5.22
8 models [1] recycles 0 hard 0 soft 1 temp 1 loss 4.65 i_con 4.34 plddt 0.22 ptm 0.86 i_ptm 0.21 energy 4.75
9 models [0] recycles 0 hard 0 soft 1 temp 1 loss 4.31 i_con 4.03 plddt 0.31 ptm 0.85 i_ptm 0.34 energy 4.36
10 models [0] recycles 0 hard 0 soft 1 temp 1 loss 4.11 i_con 3.85 plddt 0.36 ptm 0.85 i_ptm 0.46 energy 3.93
11 models [0] recycles 0 hard 0 soft 1 temp 1 loss 4.15 i_con 3.92 plddt 0.35 ptm 0.85 i_ptm 0.44 energy 3.44
12 models [2] recycles 0 hard 0 soft 1 temp 1 loss 3.96 i_con 3.75 plddt 0.41 ptm 0.88 i_ptm 0.54 energy 2.99
13 models [3] recycles 0 hard 0 soft 1 temp 1 loss 3.95 i_con 3.75 plddt 0.36 ptm 0.86 i_ptm 0.43 energy 2.73
14 models [3] recycles 0 hard 0 soft 1 temp 1 loss 3.89 i_con 3.70 plddt 0.36 ptm 0.86 i_ptm 0.51 energy 2.44
15 models [1] recycles 0 hard 0 soft 1 temp 1 loss 4.27 i_con 4.08 plddt 0.27 ptm 0.86 i_ptm 0.35 energy 2.28
16 models [4] recycles 0 hard 0 soft 1 temp 1 loss 3.96 i_con 3.79 plddt 0.38 ptm 0.88 i_ptm 0.50 energy 2.17
17 models [1] recycles 0 hard 0 soft 1 temp 1 loss 4.28 i_con 4.11 plddt 0.27 ptm 0.86 i_ptm 0.30 energy 1.96
18 models [1] recycles 0 hard 0 soft 1 temp 1 loss 5.21 i_con 5.04 plddt 0.23 ptm 0.85 i_ptm 0.14 energy 1.88
19 models [1] recycles 0 hard 0 soft 1 temp 1 loss 4.18 i_con 4.02 plddt 0.28 ptm 0.86 i_ptm 0.32 energy 1.87
20 models [3] recycles 0 hard 0 soft 1 temp 1 loss 3.85 i_con 3.71 plddt 0.35 ptm 0.87 i_ptm 0.49 energy 1.67
21 models [0] recycles 0 hard 0 soft 1 temp 1 loss 4.11 i_con 3.96 plddt 0.31 ptm 0.84 i_ptm 0.40 energy 1.49
22 models [3] recycles 0 hard 0 soft 1 temp 1 loss 3.81 i_con 3.68 plddt 0.36 ptm 0.87 i_ptm 0.53 energy 1.37
23 models [4] recycles 0 hard 0 soft 1 temp 1 loss 3.78 i_con 3.67 plddt 0.39 ptm 0.89 i_ptm 0.56 energy 1.12
24 models [3] recycles 0 hard 0 soft 1 temp 1 loss 3.72 i_con 3.62 plddt 0.41 ptm 0.87 i_ptm 0.57 energy 0.77
25 models [3] recycles 0 hard 0 soft 1 temp 1 loss 3.59 i_con 3.51 plddt 0.47 ptm 0.87 i_ptm 0.63 energy 0.47
26 models [2] recycles 0 hard 0 soft 1 temp 1 loss 3.76 i_con 3.69 plddt 0.44 ptm 0.88 i_ptm 0.56 energy 0.32
27 models [2] recycles 0 hard 0 soft 1 temp 1 loss 3.74 i_con 3.69 plddt 0.41 ptm 0.87 i_ptm 0.56 energy -0.25
28 models [4] recycles 0 hard 0 soft 1 temp 1 loss 3.81 i_con 3.77 plddt 0.37 ptm 0.89 i_ptm 0.51 energy -0.44
29 models [1] recycles 0 hard 0 soft 1 temp 1 loss 4.25 i_con 4.22 plddt 0.26 ptm 0.86 i_ptm 0.26 energy -0.96
30 models [3] recycles 0 hard 0 soft 1 temp 1 loss 3.64 i_con 3.63 plddt 0.44 ptm 0.87 i_ptm 0.58 energy -0.96
31 models [3] recycles 0 hard 0 soft 1 temp 1 loss 3.63 i_con 3.64 plddt 0.40 ptm 0.87 i_ptm 0.53 energy -1.39
32 models [2] recycles 0 hard 0 soft 1 temp 1 loss 3.61 i_con 3.64 plddt 0.46 ptm 0.88 i_ptm 0.61 energy -1.68
33 models [1] recycles 0 hard 0 soft 1 temp 1 loss 3.83 i_con 3.86 plddt 0.36 ptm 0.87 i_ptm 0.44 energy -1.88
34 models [2] recycles 0 hard 0 soft 1 temp 1 loss 3.58 i_con 3.62 plddt 0.45 ptm 0.88 i_ptm 0.60 energy -1.95
35 models [4] recycles 0 hard 0 soft 1 temp 1 loss 3.56 i_con 3.61 plddt 0.43 ptm 0.88 i_ptm 0.55 energy -2.13
36 models [3] recycles 0 hard 0 soft 1 temp 1 loss 3.59 i_con 3.64 plddt 0.39 ptm 0.87 i_ptm 0.55 energy -2.18
37 models [4] recycles 0 hard 0 soft 1 temp 1 loss 3.56 i_con 3.62 plddt 0.42 ptm 0.89 i_ptm 0.57 energy -2.27
38 models [0] recycles 0 hard 0 soft 1 temp 1 loss 3.74 i_con 3.80 plddt 0.42 ptm 0.85 i_ptm 0.51 energy -2.30
39 models [1] recycles 0 hard 0 soft 1 temp 1 loss 3.93 i_con 3.97 plddt 0.30 ptm 0.86 i_ptm 0.31 energy -2.36
40 models [2] recycles 0 hard 0 soft 1 temp 1 loss 3.58 i_con 3.64 plddt 0.44 ptm 0.87 i_ptm 0.60 energy -2.31
41 models [0] recycles 0 hard 0 soft 1 temp 1 loss 3.65 i_con 3.71 plddt 0.43 ptm 0.86 i_ptm 0.55 energy -2.39
42 models [3] recycles 0 hard 0 soft 1 temp 1 loss 3.46 i_con 3.53 plddt 0.48 ptm 0.88 i_ptm 0.62 energy -2.40
43 models [3] recycles 0 hard 0 soft 1 temp 1 loss 3.42 i_con 3.49 plddt 0.50 ptm 0.87 i_ptm 0.65 energy -2.42
44 models [3] recycles 0 hard 0 soft 1 temp 1 loss 3.35 i_con 3.42 plddt 0.51 ptm 0.87 i_ptm 0.68 energy -2.44
45 models [4] recycles 0 hard 0 soft 1 temp 1 loss 3.90 i_con 3.95 plddt 0.33 ptm 0.88 i_ptm 0.42 energy -2.33
46 models [2] recycles 0 hard 0 soft 1 temp 1 loss 3.58 i_con 3.64 plddt 0.45 ptm 0.88 i_ptm 0.61 energy -2.37
47 models [4] recycles 0 hard 0 soft 1 temp 1 loss 3.57 i_con 3.64 plddt 0.44 ptm 0.89 i_ptm 0.59 energy -2.49
48 models [2] recycles 0 hard 0 soft 1 temp 1 loss 3.56 i_con 3.64 plddt 0.46 ptm 0.88 i_ptm 0.58 energy -2.60
49 models [2] recycles 0 hard 0 soft 1 temp 1 loss 3.22 i_con 3.30 plddt 0.56 ptm 0.88 i_ptm 0.71 energy -2.55
50 models [0] recycles 0 hard 0 soft 1 temp 1 loss 3.42 i_con 3.50 plddt 0.51 ptm 0.86 i_ptm 0.63 energy -2.56
51 models [1] recycles 0 hard 0 soft 1 temp 1 loss 3.11 i_con 3.82 plddt 0.37 ptm 0.87 i_ptm 0.48 energy -2.59
52 models [3] recycles 0 hard 0 soft 1 temp 1 loss 2.62 i_con 3.40 plddt 0.54 ptm 0.88 i_ptm 0.68 energy -2.75
53 models [3] recycles 0 hard 0 soft 1 temp 1 loss 2.60 i_con 3.42 plddt 0.52 ptm 0.87 i_ptm 0.67 energy -2.90
54 models [1] recycles 0 hard 0 soft 1 temp 1 loss 2.88 i_con 3.70 plddt 0.40 ptm 0.88 i_ptm 0.53 energy -2.96
55 models [0] recycles 0 hard 0 soft 1 temp 1 loss 2.84 i_con 3.70 plddt 0.43 ptm 0.86 i_ptm 0.54 energy -3.04
56 models [2] recycles 0 hard 0 soft 1 temp 1 loss 2.63 i_con 3.53 plddt 0.49 ptm 0.88 i_ptm 0.64 energy -3.18
57 models [2] recycles 0 hard 0 soft 1 temp 1 loss 2.68 i_con 3.63 plddt 0.45 ptm 0.87 i_ptm 0.61 energy -3.36
58 models [2] recycles 0 hard 0 soft 1 temp 1 loss 2.57 i_con 3.61 plddt 0.48 ptm 0.88 i_ptm 0.63 energy -3.61
59 models [4] recycles 0 hard 0 soft 1 temp 1 loss 2.55 i_con 3.63 plddt 0.47 ptm 0.89 i_ptm 0.61 energy -3.76
60 models [1] recycles 0 hard 0 soft 1 temp 1 loss 2.98 i_con 4.08 plddt 0.28 ptm 0.86 i_ptm 0.32 energy -3.89
61 models [3] recycles 0 hard 0 soft 1 temp 1 loss 2.47 i_con 3.56 plddt 0.45 ptm 0.87 i_ptm 0.60 energy -3.79
62 models [3] recycles 0 hard 0 soft 1 temp 1 loss 2.38 i_con 3.51 plddt 0.48 ptm 0.88 i_ptm 0.63 energy -3.96
63 models [4] recycles 0 hard 0 soft 1 temp 1 loss 2.64 i_con 3.80 plddt 0.37 ptm 0.88 i_ptm 0.52 energy -4.07
64 models [0] recycles 0 hard 0 soft 1 temp 1 loss 2.18 i_con 3.40 plddt 0.56 ptm 0.87 i_ptm 0.69 energy -4.22
65 models [1] recycles 0 hard 0 soft 1 temp 1 loss 2.34 i_con 3.58 plddt 0.46 ptm 0.88 i_ptm 0.60 energy -4.32
66 models [1] recycles 0 hard 0 soft 1 temp 1 loss 3.18 i_con 4.38 plddt 0.26 ptm 0.86 i_ptm 0.17 energy -4.26
67 models [4] recycles 0 hard 0 soft 1 temp 1 loss 2.51 i_con 3.70 plddt 0.42 ptm 0.89 i_ptm 0.59 energy -4.14
68 models [0] recycles 0 hard 0 soft 1 temp 1 loss 2.18 i_con 3.40 plddt 0.54 ptm 0.87 i_ptm 0.68 energy -4.22
69 models [4] recycles 0 hard 0 soft 1 temp 1 loss 2.22 i_con 3.46 plddt 0.49 ptm 0.89 i_ptm 0.65 energy -4.33
70 models [2] recycles 0 hard 0 soft 1 temp 1 loss 2.28 i_con 3.56 plddt 0.49 ptm 0.87 i_ptm 0.62 energy -4.46
71 models [0] recycles 0 hard 0 soft 1 temp 1 loss 2.24 i_con 3.52 plddt 0.50 ptm 0.87 i_ptm 0.63 energy -4.43
72 models [4] recycles 0 hard 0 soft 1 temp 1 loss 2.38 i_con 3.67 plddt 0.41 ptm 0.88 i_ptm 0.57 energy -4.48
73 models [3] recycles 0 hard 0 soft 1 temp 1 loss 1.72 i_con 3.09 plddt 0.64 ptm 0.88 i_ptm 0.76 energy -4.67
74 models [1] recycles 0 hard 0 soft 1 temp 1 loss 4.47 i_con 5.83 plddt 0.31 ptm 0.86 i_ptm 0.20 energy -4.75
75 models [0] recycles 0 hard 0 soft 1 temp 1 loss 2.16 i_con 3.56 plddt 0.48 ptm 0.86 i_ptm 0.61 energy -4.84
76 models [4] recycles 0 hard 0 soft 1 temp 1 loss 2.25 i_con 3.68 plddt 0.41 ptm 0.89 i_ptm 0.54 energy -4.94
77 models [2] recycles 0 hard 0 soft 1 temp 1 loss 1.94 i_con 3.40 plddt 0.54 ptm 0.88 i_ptm 0.68 energy -5.02
78 models [0] recycles 0 hard 0 soft 1 temp 1 loss 2.55 i_con 4.00 plddt 0.36 ptm 0.84 i_ptm 0.40 energy -5.07
79 models [0] recycles 0 hard 0 soft 1 temp 1 loss 2.08 i_con 3.53 plddt 0.53 ptm 0.86 i_ptm 0.64 energy -4.97
80 models [2] recycles 0 hard 0 soft 1 temp 1 loss 2.12 i_con 3.61 plddt 0.50 ptm 0.88 i_ptm 0.61 energy -5.14
81 models [2] recycles 0 hard 0 soft 1 temp 1 loss 2.11 i_con 3.63 plddt 0.45 ptm 0.87 i_ptm 0.59 energy -5.22
82 models [1] recycles 0 hard 0 soft 1 temp 1 loss 4.17 i_con 5.68 plddt 0.28 ptm 0.85 i_ptm 0.17 energy -5.28
83 models [4] recycles 0 hard 0 soft 1 temp 1 loss 2.04 i_con 3.56 plddt 0.49 ptm 0.89 i_ptm 0.62 energy -5.23
84 models [0] recycles 0 hard 0 soft 1 temp 1 loss 1.63 i_con 3.18 plddt 0.60 ptm 0.87 i_ptm 0.75 energy -5.28
85 models [4] recycles 0 hard 0 soft 1 temp 1 loss 1.86 i_con 3.41 plddt 0.50 ptm 0.89 i_ptm 0.67 energy -5.35
86 models [2] recycles 0 hard 0 soft 1 temp 1 loss 2.07 i_con 3.64 plddt 0.46 ptm 0.88 i_ptm 0.60 energy -5.41
87 models [1] recycles 0 hard 0 soft 1 temp 1 loss 4.07 i_con 5.65 plddt 0.29 ptm 0.85 i_ptm 0.17 energy -5.50
88 models [1] recycles 0 hard 0 soft 1 temp 1 loss 4.13 i_con 5.70 plddt 0.27 ptm 0.85 i_ptm 0.15 energy -5.46
89 models [1] recycles 0 hard 0 soft 1 temp 1 loss 3.40 i_con 4.94 plddt 0.26 ptm 0.86 i_ptm 0.18 energy -5.37
90 models [2] recycles 0 hard 0 soft 1 temp 1 loss 2.09 i_con 3.61 plddt 0.46 ptm 0.88 i_ptm 0.60 energy -5.26
91 models [4] recycles 0 hard 0 soft 1 temp 1 loss 1.89 i_con 3.47 plddt 0.51 ptm 0.89 i_ptm 0.64 energy -5.42
92 models [1] recycles 0 hard 0 soft 1 temp 1 loss 3.37 i_con 4.95 plddt 0.26 ptm 0.85 i_ptm 0.15 energy -5.52
93 models [0] recycles 0 hard 0 soft 1 temp 1 loss 2.21 i_con 3.79 plddt 0.41 ptm 0.86 i_ptm 0.49 energy -5.47
94 models [0] recycles 0 hard 0 soft 1 temp 1 loss 2.23 i_con 3.81 plddt 0.39 ptm 0.85 i_ptm 0.47 energy -5.49
95 models [4] recycles 0 hard 0 soft 1 temp 1 loss 3.89 i_con 5.51 plddt 0.30 ptm 0.87 i_ptm 0.26 energy -5.63
96 models [0] recycles 0 hard 0 soft 1 temp 1 loss 2.37 i_con 4.02 plddt 0.36 ptm 0.84 i_ptm 0.37 energy -5.70
97 models [3] recycles 0 hard 0 soft 1 temp 1 loss 1.96 i_con 3.60 plddt 0.46 ptm 0.87 i_ptm 0.60 energy -5.66
98 models [1] recycles 0 hard 0 soft 1 temp 1 loss 2.15 i_con 3.82 plddt 0.39 ptm 0.88 i_ptm 0.49 energy -5.75
99 models [1] recycles 0 hard 0 soft 1 temp 1 loss 3.96 i_con 5.58 plddt 0.29 ptm 0.85 i_ptm 0.17 energy -5.65
100 models [0] recycles 0 hard 0 soft 1 temp 1 loss 1.81 i_con 3.47 plddt 0.53 ptm 0.86 i_ptm 0.66 energy -5.69
101 models [3] recycles 0 hard 0 soft 0 temp 1 loss 2.71 i_con 5.52 plddt 0.24 ptm 0.85 i_ptm 0.18 energy -28.82
102 models [2] recycles 0 hard 0 soft 0 temp 0.98 loss 1.51 i_con 4.33 plddt 0.28 ptm 0.85 i_ptm 0.22 energy -28.85
103 models [2] recycles 0 hard 0 soft 0 temp 0.96 loss 1.25 i_con 4.08 plddt 0.32 ptm 0.86 i_ptm 0.35 energy -28.95
104 models [0] recycles 0 hard 0 soft 0 temp 0.94 loss 1.13 i_con 3.99 plddt 0.31 ptm 0.85 i_ptm 0.39 energy -29.38
105 models [0] recycles 0 hard 0 soft 0 temp 0.92 loss 1.20 i_con 4.22 plddt 0.25 ptm 0.84 i_ptm 0.27 energy -30.89
106 models [3] recycles 0 hard 0 soft 0 temp 0.90 loss 1.48 i_con 4.57 plddt 0.28 ptm 0.84 i_ptm 0.24 energy -31.67
107 models [2] recycles 0 hard 0 soft 0 temp 0.88 loss 0.49 i_con 3.73 plddt 0.39 ptm 0.87 i_ptm 0.53 energy -33.03
108 models [4] recycles 0 hard 0 soft 0 temp 0.86 loss 1.12 i_con 4.37 plddt 0.25 ptm 0.87 i_ptm 0.19 energy -33.21
109 models [4] recycles 0 hard 0 soft 0 temp 0.84 loss 2.03 i_con 5.30 plddt 0.27 ptm 0.87 i_ptm 0.19 energy -33.47
110 models [1] recycles 0 hard 0 soft 0 temp 0.82 loss 2.65 i_con 5.96 plddt 0.25 ptm 0.86 i_ptm 0.17 energy -33.85
111 models [1] recycles 0 hard 0 soft 0 temp 0.80 loss 2.03 i_con 5.39 plddt 0.26 ptm 0.86 i_ptm 0.14 energy -34.27
112 models [3] recycles 0 hard 0 soft 0 temp 0.78 loss 0.70 i_con 4.10 plddt 0.27 ptm 0.85 i_ptm 0.31 energy -34.65
113 models [4] recycles 0 hard 0 soft 0 temp 0.76 loss 0.43 i_con 3.85 plddt 0.30 ptm 0.88 i_ptm 0.41 energy -34.89
114 models [2] recycles 0 hard 0 soft 0 temp 0.74 loss 0.23 i_con 3.79 plddt 0.38 ptm 0.87 i_ptm 0.49 energy -36.23
115 models [0] recycles 0 hard 0 soft 0 temp 0.72 loss 0.39 i_con 4.04 plddt 0.28 ptm 0.84 i_ptm 0.36 energy -37.17
116 models [4] recycles 0 hard 0 soft 0 temp 0.70 loss 0.17 i_con 3.95 plddt 0.30 ptm 0.88 i_ptm 0.38 energy -38.53
117 models [1] recycles 0 hard 0 soft 0 temp 0.68 loss 1.25 i_con 5.10 plddt 0.23 ptm 0.85 i_ptm 0.12 energy -39.26
118 models [2] recycles 0 hard 0 soft 0 temp 0.66 loss -0.14 i_con 3.74 plddt 0.40 ptm 0.87 i_ptm 0.52 energy -39.48
119 models [2] recycles 0 hard 0 soft 0 temp 0.64 loss -0.01 i_con 3.96 plddt 0.31 ptm 0.86 i_ptm 0.39 energy -40.44
120 models [1] recycles 0 hard 0 soft 0 temp 0.62 loss 0.13 i_con 4.12 plddt 0.27 ptm 0.86 i_ptm 0.31 energy -40.61
121 models [2] recycles 0 hard 0 soft 0 temp 0.60 loss -0.33 i_con 3.73 plddt 0.40 ptm 0.87 i_ptm 0.53 energy -41.19
122 models [0] recycles 0 hard 0 soft 0 temp 0.58 loss -0.24 i_con 3.92 plddt 0.32 ptm 0.86 i_ptm 0.38 energy -42.31
123 models [0] recycles 0 hard 0 soft 0 temp 0.56 loss 0.24 i_con 4.45 plddt 0.26 ptm 0.82 i_ptm 0.19 energy -42.91
124 models [2] recycles 0 hard 0 soft 0 temp 0.54 loss -0.56 i_con 3.71 plddt 0.40 ptm 0.88 i_ptm 0.52 energy -43.24
125 models [3] recycles 0 hard 0 soft 0 temp 0.52 loss -0.56 i_con 3.80 plddt 0.33 ptm 0.87 i_ptm 0.45 energy -44.30
126 models [4] recycles 0 hard 0 soft 0 temp 0.50 loss 0.93 i_con 5.39 plddt 0.29 ptm 0.88 i_ptm 0.33 energy -45.36
127 models [0] recycles 0 hard 0 soft 0 temp 0.48 loss -0.67 i_con 3.88 plddt 0.35 ptm 0.85 i_ptm 0.43 energy -46.11
128 models [3] recycles 0 hard 0 soft 0 temp 0.46 loss -0.97 i_con 3.71 plddt 0.35 ptm 0.87 i_ptm 0.46 energy -47.48
129 models [1] recycles 0 hard 0 soft 0 temp 0.44 loss -0.30 i_con 4.41 plddt 0.23 ptm 0.85 i_ptm 0.17 energy -47.85
130 models [0] recycles 0 hard 0 soft 0 temp 0.42 loss -0.86 i_con 3.88 plddt 0.34 ptm 0.85 i_ptm 0.44 energy -48.05
131 models [1] recycles 0 hard 0 soft 0 temp 0.40 loss -0.24 i_con 4.52 plddt 0.24 ptm 0.86 i_ptm 0.20 energy -48.37
132 models [3] recycles 0 hard 0 soft 0 temp 0.38 loss -1.01 i_con 3.90 plddt 0.32 ptm 0.85 i_ptm 0.40 energy -49.82
133 models [1] recycles 0 hard 0 soft 0 temp 0.36 loss 0.20 i_con 5.15 plddt 0.22 ptm 0.85 i_ptm 0.16 energy -50.33
134 models [0] recycles 0 hard 0 soft 0 temp 0.34 loss -1.05 i_con 3.99 plddt 0.29 ptm 0.84 i_ptm 0.37 energy -51.12
135 models [4] recycles 0 hard 0 soft 0 temp 0.32 loss -0.52 i_con 4.59 plddt 0.18 ptm 0.87 i_ptm 0.14 energy -51.94
136 models [3] recycles 0 hard 0 soft 0 temp 0.30 loss -1.27 i_con 3.86 plddt 0.32 ptm 0.86 i_ptm 0.42 energy -51.99
137 models [4] recycles 0 hard 0 soft 0 temp 0.28 loss -1.30 i_con 3.97 plddt 0.31 ptm 0.88 i_ptm 0.38 energy -53.39
138 models [0] recycles 0 hard 0 soft 0 temp 0.26 loss -1.40 i_con 3.92 plddt 0.32 ptm 0.85 i_ptm 0.42 energy -53.84
139 models [1] recycles 0 hard 0 soft 0 temp 0.24 loss -1.46 i_con 3.93 plddt 0.32 ptm 0.87 i_ptm 0.39 energy -54.54
140 models [0] recycles 0 hard 0 soft 0 temp 0.22 loss -1.64 i_con 3.84 plddt 0.40 ptm 0.85 i_ptm 0.47 energy -55.44
141 models [0] recycles 0 hard 0 soft 0 temp 0.20 loss -1.62 i_con 3.98 plddt 0.29 ptm 0.84 i_ptm 0.42 energy -56.70
142 models [2] recycles 0 hard 0 soft 0 temp 0.18 loss -2.10 i_con 3.67 plddt 0.39 ptm 0.87 i_ptm 0.55 energy -58.37
143 models [2] recycles 0 hard 0 soft 0 temp 0.16 loss -2.33 i_con 3.64 plddt 0.44 ptm 0.88 i_ptm 0.56 energy -60.28
144 models [4] recycles 0 hard 0 soft 0 temp 0.14 loss -2.25 i_con 3.78 plddt 0.35 ptm 0.89 i_ptm 0.49 energy -60.91
145 models [1] recycles 0 hard 0 soft 0 temp 0.12 loss -2.07 i_con 4.06 plddt 0.28 ptm 0.86 i_ptm 0.33 energy -62.04
146 models [4] recycles 0 hard 0 soft 0 temp 0.10 loss -2.26 i_con 3.95 plddt 0.27 ptm 0.88 i_ptm 0.39 energy -62.79
147 models [3] recycles 0 hard 0 soft 0 temp 0.08 loss -2.46 i_con 3.86 plddt 0.31 ptm 0.86 i_ptm 0.43 energy -63.84
148 models [3] recycles 0 hard 0 soft 0 temp 0.06 loss -2.62 i_con 3.80 plddt 0.34 ptm 0.87 i_ptm 0.47 energy -64.80
149 models [0] recycles 0 hard 0 soft 0 temp 0.04 loss -2.62 i_con 3.96 plddt 0.32 ptm 0.84 i_ptm 0.39 energy -66.49
150 models [4] recycles 0 hard 0 soft 0 temp 0.02 loss -3.12 i_con 3.63 plddt 0.42 ptm 0.89 i_ptm 0.57 energy -68.11
151 models [1] recycles 0 hard 1 soft 0 temp 0.00 loss 1.27 i_con 4.66 plddt 0.25 ptm 0.85 i_ptm 0.17 energy -4.95
152 models [2] recycles 0 hard 1 soft 0 temp 0.00 loss -0.01 i_con 3.41 plddt 0.52 ptm 0.88 i_ptm 0.69 energy -4.95
153 models [2] recycles 0 hard 1 soft 0 temp 0.00 loss -0.01 i_con 3.41 plddt 0.52 ptm 0.88 i_ptm 0.69 energy -4.95
154 models [3] recycles 0 hard 1 soft 0 temp 0.00 loss 0.01 i_con 3.43 plddt 0.48 ptm 0.88 i_ptm 0.66 energy -4.95
155 models [1] recycles 0 hard 1 soft 0 temp 0.00 loss 1.27 i_con 4.66 plddt 0.25 ptm 0.85 i_ptm 0.17 energy -4.95
156 models [3] recycles 0 hard 1 soft 0 temp 0.00 loss 0.01 i_con 3.43 plddt 0.48 ptm 0.88 i_ptm 0.66 energy -4.95
157 models [0] recycles 0 hard 1 soft 0 temp 0.00 loss 0.10 i_con 3.52 plddt 0.50 ptm 0.86 i_ptm 0.65 energy -4.95
158 models [0] recycles 0 hard 1 soft 0 temp 0.00 loss 0.10 i_con 3.52 plddt 0.50 ptm 0.86 i_ptm 0.65 energy -4.95
159 models [0] recycles 0 hard 1 soft 0 temp 0.00 loss 0.10 i_con 3.52 plddt 0.50 ptm 0.86 i_ptm 0.65 energy -4.95
160 models [1] recycles 0 hard 1 soft 0 temp 0.00 loss 1.27 i_con 4.66 plddt 0.25 ptm 0.85 i_ptm 0.17 energy -4.95
161 models [4] recycles 0 hard 1 soft 0 temp 0.00 loss 1.55 i_con 4.95 plddt 0.25 ptm 0.88 i_ptm 0.28 energy -4.95
162 models [4] recycles 0 hard 1 soft 0 temp 0.00 loss 1.55 i_con 4.95 plddt 0.25 ptm 0.88 i_ptm 0.28 energy -4.95
163 models [2] recycles 0 hard 1 soft 0 temp 0.00 loss -0.01 i_con 3.41 plddt 0.52 ptm 0.88 i_ptm 0.69 energy -4.95
164 models [3] recycles 0 hard 1 soft 0 temp 0.00 loss 0.01 i_con 3.43 plddt 0.48 ptm 0.88 i_ptm 0.66 energy -4.95
165 models [1] recycles 0 hard 1 soft 0 temp 0.00 loss 1.27 i_con 4.66 plddt 0.25 ptm 0.85 i_ptm 0.17 energy -4.95
166 models [0] recycles 0 hard 1 soft 0 temp 0.00 loss 0.10 i_con 3.52 plddt 0.50 ptm 0.86 i_ptm 0.65 energy -4.95
167 models [2] recycles 0 hard 1 soft 0 temp 0.00 loss -0.01 i_con 3.41 plddt 0.52 ptm 0.88 i_ptm 0.69 energy -4.95
168 models [4] recycles 0 hard 1 soft 0 temp 0.00 loss 1.55 i_con 4.95 plddt 0.25 ptm 0.88 i_ptm 0.28 energy -4.95
169 models [4] recycles 0 hard 1 soft 0 temp 0.00 loss 1.55 i_con 4.95 plddt 0.25 ptm 0.88 i_ptm 0.28 energy -4.95
170 models [1] recycles 0 hard 1 soft 0 temp 0.00 loss 1.27 i_con 4.66 plddt 0.25 ptm 0.85 i_ptm 0.17 energy -4.95
171 models [3] recycles 0 hard 1 soft 0 temp 0.00 loss 0.01 i_con 3.43 plddt 0.48 ptm 0.88 i_ptm 0.66 energy -4.95
172 models [4] recycles 0 hard 1 soft 0 temp 0.00 loss 1.55 i_con 4.95 plddt 0.25 ptm 0.88 i_ptm 0.28 energy -4.95
173 models [1] recycles 0 hard 1 soft 0 temp 0.00 loss 1.27 i_con 4.66 plddt 0.25 ptm 0.85 i_ptm 0.17 energy -4.95
174 models [4] recycles 0 hard 1 soft 0 temp 0.00 loss 1.55 i_con 4.95 plddt 0.25 ptm 0.88 i_ptm 0.28 energy -4.95
175 models [3] recycles 0 hard 1 soft 0 temp 0.00 loss 0.01 i_con 3.43 plddt 0.48 ptm 0.88 i_ptm 0.66 energy -4.95
176 models [1] recycles 0 hard 1 soft 0 temp 0.00 loss 1.27 i_con 4.66 plddt 0.25 ptm 0.85 i_ptm 0.17 energy -4.95
177 models [4] recycles 0 hard 1 soft 0 temp 0.00 loss 1.55 i_con 4.95 plddt 0.25 ptm 0.88 i_ptm 0.28 energy -4.95
178 models [4] recycles 0 hard 1 soft 0 temp 0.00 loss 1.55 i_con 4.95 plddt 0.25 ptm 0.88 i_ptm 0.28 energy -4.95
179 models [2] recycles 0 hard 1 soft 0 temp 0.00 loss -0.01 i_con 3.41 plddt 0.52 ptm 0.88 i_ptm 0.69 energy -4.95
180 models [1] recycles 0 hard 1 soft 0 temp 0.00 loss 1.27 i_con 4.66 plddt 0.25 ptm 0.85 i_ptm 0.17 energy -4.95
  seq=DHNWRSWQVMWQRDW  loss=1.2719  loss_af=4.7378  energy=-4.9514  i_ptm=0.1690
[24/30] seed=23 ...
1 models [2] recycles 0 hard 0 soft 1 temp 1 loss 4.97 i_con 4.53 plddt 0.23 ptm 0.85 i_ptm 0.19 energy 7.43
2 models [0] recycles 0 hard 0 soft 1 temp 1 loss 4.55 i_con 4.12 plddt 0.26 ptm 0.84 i_ptm 0.30 energy 7.31
3 models [2] recycles 0 hard 0 soft 1 temp 1 loss 4.32 i_con 3.90 plddt 0.31 ptm 0.86 i_ptm 0.39 energy 7.03
4 models [3] recycles 0 hard 0 soft 1 temp 1 loss 4.12 i_con 3.73 plddt 0.37 ptm 0.87 i_ptm 0.51 energy 6.58
5 models [3] recycles 0 hard 0 soft 1 temp 1 loss 4.17 i_con 3.80 plddt 0.33 ptm 0.86 i_ptm 0.44 energy 5.99
6 models [1] recycles 0 hard 0 soft 1 temp 1 loss 4.41 i_con 4.07 plddt 0.27 ptm 0.87 i_ptm 0.34 energy 5.32
7 models [0] recycles 0 hard 0 soft 1 temp 1 loss 4.16 i_con 3.85 plddt 0.40 ptm 0.86 i_ptm 0.46 energy 4.84
8 models [1] recycles 0 hard 0 soft 1 temp 1 loss 4.55 i_con 4.25 plddt 0.23 ptm 0.86 i_ptm 0.22 energy 4.35
9 models [1] recycles 0 hard 0 soft 1 temp 1 loss 4.62 i_con 4.34 plddt 0.21 ptm 0.86 i_ptm 0.19 energy 4.01
10 models [1] recycles 0 hard 0 soft 1 temp 1 loss 4.32 i_con 4.06 plddt 0.26 ptm 0.87 i_ptm 0.27 energy 3.78
11 models [1] recycles 0 hard 0 soft 1 temp 1 loss 4.44 i_con 4.19 plddt 0.26 ptm 0.86 i_ptm 0.24 energy 3.38
12 models [2] recycles 0 hard 0 soft 1 temp 1 loss 4.15 i_con 3.92 plddt 0.33 ptm 0.87 i_ptm 0.44 energy 3.19
13 models [3] recycles 0 hard 0 soft 1 temp 1 loss 3.95 i_con 3.74 plddt 0.32 ptm 0.87 i_ptm 0.44 energy 2.81
14 models [2] recycles 0 hard 0 soft 1 temp 1 loss 3.96 i_con 3.78 plddt 0.36 ptm 0.87 i_ptm 0.47 energy 2.33
15 models [4] recycles 0 hard 0 soft 1 temp 1 loss 3.90 i_con 3.73 plddt 0.32 ptm 0.89 i_ptm 0.43 energy 1.99
16 models [4] recycles 0 hard 0 soft 1 temp 1 loss 3.93 i_con 3.78 plddt 0.35 ptm 0.89 i_ptm 0.46 energy 1.77
17 models [2] recycles 0 hard 0 soft 1 temp 1 loss 3.91 i_con 3.77 plddt 0.35 ptm 0.87 i_ptm 0.47 energy 1.39
18 models [4] recycles 0 hard 0 soft 1 temp 1 loss 3.85 i_con 3.74 plddt 0.35 ptm 0.88 i_ptm 0.49 energy 0.97
19 models [0] recycles 0 hard 0 soft 1 temp 1 loss 3.96 i_con 3.87 plddt 0.38 ptm 0.85 i_ptm 0.46 energy 0.68
20 models [2] recycles 0 hard 0 soft 1 temp 1 loss 3.91 i_con 3.83 plddt 0.37 ptm 0.87 i_ptm 0.44 energy 0.36
21 models [2] recycles 0 hard 0 soft 1 temp 1 loss 3.90 i_con 3.83 plddt 0.31 ptm 0.86 i_ptm 0.40 energy 0.02
22 models [3] recycles 0 hard 0 soft 1 temp 1 loss 3.75 i_con 3.69 plddt 0.35 ptm 0.87 i_ptm 0.49 energy -0.20
23 models [4] recycles 0 hard 0 soft 1 temp 1 loss 3.85 i_con 3.81 plddt 0.35 ptm 0.89 i_ptm 0.48 energy -0.57
24 models [4] recycles 0 hard 0 soft 1 temp 1 loss 3.86 i_con 3.83 plddt 0.37 ptm 0.88 i_ptm 0.45 energy -0.67
25 models [3] recycles 0 hard 0 soft 1 temp 1 loss 3.70 i_con 3.68 plddt 0.35 ptm 0.87 i_ptm 0.48 energy -0.85
26 models [4] recycles 0 hard 0 soft 1 temp 1 loss 3.83 i_con 3.82 plddt 0.33 ptm 0.89 i_ptm 0.44 energy -1.12
27 models [3] recycles 0 hard 0 soft 1 temp 1 loss 3.69 i_con 3.69 plddt 0.36 ptm 0.87 i_ptm 0.49 energy -1.36
28 models [3] recycles 0 hard 0 soft 1 temp 1 loss 3.72 i_con 3.74 plddt 0.37 ptm 0.87 i_ptm 0.48 energy -1.55
29 models [4] recycles 0 hard 0 soft 1 temp 1 loss 3.75 i_con 3.77 plddt 0.33 ptm 0.89 i_ptm 0.41 energy -1.86
30 models [3] recycles 0 hard 0 soft 1 temp 1 loss 3.63 i_con 3.66 plddt 0.38 ptm 0.87 i_ptm 0.54 energy -1.87
31 models [3] recycles 0 hard 0 soft 1 temp 1 loss 3.88 i_con 3.91 plddt 0.30 ptm 0.85 i_ptm 0.35 energy -2.13
32 models [4] recycles 0 hard 0 soft 1 temp 1 loss 3.90 i_con 3.94 plddt 0.34 ptm 0.88 i_ptm 0.43 energy -2.09
33 models [2] recycles 0 hard 0 soft 1 temp 1 loss 3.79 i_con 3.84 plddt 0.42 ptm 0.87 i_ptm 0.47 energy -1.98
34 models [0] recycles 0 hard 0 soft 1 temp 1 loss 3.89 i_con 3.93 plddt 0.32 ptm 0.85 i_ptm 0.36 energy -2.11
35 models [1] recycles 0 hard 0 soft 1 temp 1 loss 3.85 i_con 3.90 plddt 0.34 ptm 0.87 i_ptm 0.42 energy -2.20
36 models [1] recycles 0 hard 0 soft 1 temp 1 loss 4.05 i_con 4.09 plddt 0.29 ptm 0.86 i_ptm 0.31 energy -2.20
37 models [0] recycles 0 hard 0 soft 1 temp 1 loss 3.70 i_con 3.75 plddt 0.40 ptm 0.85 i_ptm 0.51 energy -2.11
38 models [3] recycles 0 hard 0 soft 1 temp 1 loss 3.85 i_con 3.90 plddt 0.36 ptm 0.86 i_ptm 0.43 energy -2.27
39 models [0] recycles 0 hard 0 soft 1 temp 1 loss 3.88 i_con 3.92 plddt 0.39 ptm 0.85 i_ptm 0.45 energy -2.12
40 models [1] recycles 0 hard 0 soft 1 temp 1 loss 3.84 i_con 3.88 plddt 0.35 ptm 0.88 i_ptm 0.41 energy -2.14
41 models [4] recycles 0 hard 0 soft 1 temp 1 loss 3.71 i_con 3.75 plddt 0.36 ptm 0.89 i_ptm 0.47 energy -2.27
42 models [2] recycles 0 hard 0 soft 1 temp 1 loss 3.67 i_con 3.72 plddt 0.38 ptm 0.87 i_ptm 0.50 energy -2.31
43 models [4] recycles 0 hard 0 soft 1 temp 1 loss 3.93 i_con 3.98 plddt 0.30 ptm 0.88 i_ptm 0.34 energy -2.40
44 models [0] recycles 0 hard 0 soft 1 temp 1 loss 3.72 i_con 3.78 plddt 0.42 ptm 0.85 i_ptm 0.48 energy -2.28
45 models [3] recycles 0 hard 0 soft 1 temp 1 loss 3.95 i_con 4.00 plddt 0.31 ptm 0.85 i_ptm 0.35 energy -2.38
46 models [0] recycles 0 hard 0 soft 1 temp 1 loss 3.92 i_con 3.98 plddt 0.38 ptm 0.84 i_ptm 0.40 energy -2.38
47 models [4] recycles 0 hard 0 soft 1 temp 1 loss 3.70 i_con 3.76 plddt 0.38 ptm 0.89 i_ptm 0.51 energy -2.45
48 models [2] recycles 0 hard 0 soft 1 temp 1 loss 3.65 i_con 3.71 plddt 0.41 ptm 0.87 i_ptm 0.49 energy -2.30
49 models [4] recycles 0 hard 0 soft 1 temp 1 loss 4.28 i_con 4.33 plddt 0.26 ptm 0.87 i_ptm 0.22 energy -2.41
50 models [0] recycles 0 hard 0 soft 1 temp 1 loss 3.63 i_con 3.69 plddt 0.45 ptm 0.86 i_ptm 0.53 energy -2.36
51 models [1] recycles 0 hard 0 soft 1 temp 1 loss 3.20 i_con 3.84 plddt 0.34 ptm 0.88 i_ptm 0.41 energy -2.36
52 models [1] recycles 0 hard 0 soft 1 temp 1 loss 3.15 i_con 3.85 plddt 0.35 ptm 0.87 i_ptm 0.40 energy -2.52
53 models [1] recycles 0 hard 0 soft 1 temp 1 loss 3.20 i_con 3.93 plddt 0.31 ptm 0.87 i_ptm 0.39 energy -2.64
54 models [3] recycles 0 hard 0 soft 1 temp 1 loss 2.92 i_con 3.66 plddt 0.38 ptm 0.87 i_ptm 0.52 energy -2.67
55 models [4] recycles 0 hard 0 soft 1 temp 1 loss 3.75 i_con 4.51 plddt 0.22 ptm 0.86 i_ptm 0.15 energy -2.77
56 models [4] recycles 0 hard 0 soft 1 temp 1 loss 2.87 i_con 3.63 plddt 0.45 ptm 0.89 i_ptm 0.57 energy -2.70
57 models [2] recycles 0 hard 0 soft 1 temp 1 loss 2.91 i_con 3.69 plddt 0.38 ptm 0.87 i_ptm 0.52 energy -2.80
58 models [2] recycles 0 hard 0 soft 1 temp 1 loss 2.87 i_con 3.69 plddt 0.45 ptm 0.87 i_ptm 0.53 energy -2.90
59 models [0] recycles 0 hard 0 soft 1 temp 1 loss 2.78 i_con 3.61 plddt 0.42 ptm 0.86 i_ptm 0.55 energy -2.97
60 models [1] recycles 0 hard 0 soft 1 temp 1 loss 3.09 i_con 3.93 plddt 0.32 ptm 0.87 i_ptm 0.39 energy -3.03
61 models [2] recycles 0 hard 0 soft 1 temp 1 loss 2.75 i_con 3.63 plddt 0.41 ptm 0.87 i_ptm 0.56 energy -3.13
62 models [2] recycles 0 hard 0 soft 1 temp 1 loss 2.90 i_con 3.79 plddt 0.39 ptm 0.87 i_ptm 0.48 energy -3.20
63 models [3] recycles 0 hard 0 soft 1 temp 1 loss 2.72 i_con 3.66 plddt 0.41 ptm 0.87 i_ptm 0.55 energy -3.32
64 models [4] recycles 0 hard 0 soft 1 temp 1 loss 3.16 i_con 4.14 plddt 0.29 ptm 0.87 i_ptm 0.31 energy -3.51
65 models [2] recycles 0 hard 0 soft 1 temp 1 loss 2.93 i_con 3.90 plddt 0.35 ptm 0.86 i_ptm 0.44 energy -3.42
66 models [3] recycles 0 hard 0 soft 1 temp 1 loss 2.70 i_con 3.67 plddt 0.42 ptm 0.87 i_ptm 0.54 energy -3.44
67 models [0] recycles 0 hard 0 soft 1 temp 1 loss 2.72 i_con 3.75 plddt 0.43 ptm 0.85 i_ptm 0.49 energy -3.63
68 models [4] recycles 0 hard 0 soft 1 temp 1 loss 2.73 i_con 3.78 plddt 0.40 ptm 0.89 i_ptm 0.51 energy -3.70
69 models [2] recycles 0 hard 0 soft 1 temp 1 loss 2.55 i_con 3.66 plddt 0.45 ptm 0.88 i_ptm 0.54 energy -3.87
70 models [2] recycles 0 hard 0 soft 1 temp 1 loss 2.61 i_con 3.74 plddt 0.42 ptm 0.87 i_ptm 0.51 energy -3.96
71 models [0] recycles 0 hard 0 soft 1 temp 1 loss 2.56 i_con 3.71 plddt 0.41 ptm 0.86 i_ptm 0.53 energy -4.03
72 models [0] recycles 0 hard 0 soft 1 temp 1 loss 2.39 i_con 3.57 plddt 0.51 ptm 0.87 i_ptm 0.60 energy -4.09
73 models [3] recycles 0 hard 0 soft 1 temp 1 loss 2.55 i_con 3.72 plddt 0.40 ptm 0.86 i_ptm 0.52 energy -4.10
74 models [0] recycles 0 hard 0 soft 1 temp 1 loss 2.28 i_con 3.50 plddt 0.54 ptm 0.86 i_ptm 0.62 energy -4.20
75 models [1] recycles 0 hard 0 soft 1 temp 1 loss 4.29 i_con 5.47 plddt 0.27 ptm 0.85 i_ptm 0.17 energy -4.17
76 models [4] recycles 0 hard 0 soft 1 temp 1 loss 2.53 i_con 3.70 plddt 0.38 ptm 0.89 i_ptm 0.51 energy -4.11
77 models [2] recycles 0 hard 0 soft 1 temp 1 loss 2.46 i_con 3.62 plddt 0.42 ptm 0.87 i_ptm 0.57 energy -4.08
78 models [2] recycles 0 hard 0 soft 1 temp 1 loss 2.48 i_con 3.70 plddt 0.40 ptm 0.87 i_ptm 0.53 energy -4.25
79 models [4] recycles 0 hard 0 soft 1 temp 1 loss 2.55 i_con 3.75 plddt 0.36 ptm 0.88 i_ptm 0.49 energy -4.20
80 models [0] recycles 0 hard 0 soft 1 temp 1 loss 2.35 i_con 3.59 plddt 0.41 ptm 0.86 i_ptm 0.58 energy -4.32
81 models [3] recycles 0 hard 0 soft 1 temp 1 loss 2.47 i_con 3.73 plddt 0.42 ptm 0.87 i_ptm 0.53 energy -4.37
82 models [2] recycles 0 hard 0 soft 1 temp 1 loss 2.38 i_con 3.64 plddt 0.41 ptm 0.87 i_ptm 0.55 energy -4.41
83 models [0] recycles 0 hard 0 soft 1 temp 1 loss 2.44 i_con 3.70 plddt 0.41 ptm 0.85 i_ptm 0.54 energy -4.40
84 models [2] recycles 0 hard 0 soft 1 temp 1 loss 2.39 i_con 3.67 plddt 0.42 ptm 0.87 i_ptm 0.55 energy -4.46
85 models [2] recycles 0 hard 0 soft 1 temp 1 loss 2.24 i_con 3.52 plddt 0.44 ptm 0.87 i_ptm 0.60 energy -4.45
86 models [3] recycles 0 hard 0 soft 1 temp 1 loss 2.40 i_con 3.69 plddt 0.41 ptm 0.87 i_ptm 0.53 energy -4.49
87 models [4] recycles 0 hard 0 soft 1 temp 1 loss 3.08 i_con 4.39 plddt 0.28 ptm 0.87 i_ptm 0.20 energy -4.60
88 models [0] recycles 0 hard 0 soft 1 temp 1 loss 2.56 i_con 3.86 plddt 0.38 ptm 0.85 i_ptm 0.45 energy -4.53
89 models [4] recycles 0 hard 0 soft 1 temp 1 loss 2.51 i_con 3.81 plddt 0.38 ptm 0.89 i_ptm 0.48 energy -4.54
90 models [2] recycles 0 hard 0 soft 1 temp 1 loss 2.42 i_con 3.73 plddt 0.39 ptm 0.87 i_ptm 0.52 energy -4.57
91 models [3] recycles 0 hard 0 soft 1 temp 1 loss 3.83 i_con 5.14 plddt 0.25 ptm 0.85 i_ptm 0.13 energy -4.65
92 models [4] recycles 0 hard 0 soft 1 temp 1 loss 2.50 i_con 3.82 plddt 0.35 ptm 0.88 i_ptm 0.46 energy -4.60
93 models [2] recycles 0 hard 0 soft 1 temp 1 loss 2.32 i_con 3.63 plddt 0.43 ptm 0.87 i_ptm 0.55 energy -4.55
94 models [0] recycles 0 hard 0 soft 1 temp 1 loss 2.44 i_con 3.78 plddt 0.38 ptm 0.85 i_ptm 0.50 energy -4.69
95 models [0] recycles 0 hard 0 soft 1 temp 1 loss 2.22 i_con 3.57 plddt 0.42 ptm 0.86 i_ptm 0.58 energy -4.72
96 models [1] recycles 0 hard 0 soft 1 temp 1 loss 3.96 i_con 5.31 plddt 0.31 ptm 0.86 i_ptm 0.19 energy -4.72
97 models [0] recycles 0 hard 0 soft 1 temp 1 loss 2.36 i_con 3.73 plddt 0.39 ptm 0.85 i_ptm 0.53 energy -4.75
98 models [1] recycles 0 hard 0 soft 1 temp 1 loss 3.60 i_con 4.94 plddt 0.29 ptm 0.85 i_ptm 0.20 energy -4.72
99 models [4] recycles 0 hard 0 soft 1 temp 1 loss 2.41 i_con 3.76 plddt 0.39 ptm 0.88 i_ptm 0.49 energy -4.67
100 models [2] recycles 0 hard 0 soft 1 temp 1 loss 2.29 i_con 3.65 plddt 0.40 ptm 0.87 i_ptm 0.55 energy -4.73
101 models [2] recycles 0 hard 0 soft 0 temp 1 loss 3.31 i_con 5.54 plddt 0.21 ptm 0.86 i_ptm 0.14 energy -23.10
102 models [4] recycles 0 hard 0 soft 0 temp 0.98 loss 3.66 i_con 5.91 plddt 0.19 ptm 0.83 i_ptm 0.10 energy -23.27
103 models [4] recycles 0 hard 0 soft 0 temp 0.96 loss 2.14 i_con 4.37 plddt 0.18 ptm 0.19 i_ptm 0.39 energy -23.14
104 models [1] recycles 0 hard 0 soft 0 temp 0.94 loss 1.54 i_con 3.76 plddt 0.18 ptm 0.32 i_ptm 0.64 energy -23.02
105 models [3] recycles 0 hard 0 soft 0 temp 0.92 loss 0.92 i_con 3.15 plddt 0.26 ptm 0.32 i_ptm 0.49 energy -22.98
106 models [4] recycles 0 hard 0 soft 0 temp 0.90 loss 0.07 i_con 2.31 plddt 0.23 ptm 0.60 i_ptm 0.70 energy -23.19
107 models [1] recycles 0 hard 0 soft 0 temp 0.88 loss 3.57 i_con 5.81 plddt 0.27 ptm 0.85 i_ptm 0.16 energy -23.16
108 models [2] recycles 0 hard 0 soft 0 temp 0.86 loss 2.34 i_con 4.57 plddt 0.16 ptm 0.16 i_ptm 0.31 energy -23.13
109 models [4] recycles 0 hard 0 soft 0 temp 0.84 loss 1.02 i_con 3.27 plddt 0.24 ptm 0.49 i_ptm 0.67 energy -23.30
110 models [1] recycles 0 hard 0 soft 0 temp 0.82 loss 1.10 i_con 3.34 plddt 0.18 ptm 0.48 i_ptm 0.69 energy -23.27
111 models [1] recycles 0 hard 0 soft 0 temp 0.80 loss 4.24 i_con 6.49 plddt 0.26 ptm 0.86 i_ptm 0.20 energy -23.23
112 models [1] recycles 0 hard 0 soft 0 temp 0.78 loss 4.07 i_con 6.34 plddt 0.26 ptm 0.86 i_ptm 0.19 energy -23.44
113 models [4] recycles 0 hard 0 soft 0 temp 0.76 loss -0.13 i_con 2.14 plddt 0.25 ptm 0.72 i_ptm 0.72 energy -23.39
114 models [0] recycles 0 hard 0 soft 0 temp 0.74 loss 0.39 i_con 2.66 plddt 0.26 ptm 0.55 i_ptm 0.74 energy -23.46
115 models [2] recycles 0 hard 0 soft 0 temp 0.72 loss 0.31 i_con 2.60 plddt 0.25 ptm 0.50 i_ptm 0.57 energy -23.68
116 models [3] recycles 0 hard 0 soft 0 temp 0.70 loss 2.02 i_con 4.28 plddt 0.14 ptm 0.27 i_ptm 0.38 energy -23.47
117 models [4] recycles 0 hard 0 soft 0 temp 0.68 loss -0.08 i_con 2.20 plddt 0.26 ptm 0.71 i_ptm 0.71 energy -23.53
118 models [2] recycles 0 hard 0 soft 0 temp 0.66 loss -0.42 i_con 1.88 plddt 0.33 ptm 0.63 i_ptm 0.72 energy -23.65
119 models [0] recycles 0 hard 0 soft 0 temp 0.64 loss -1.02 i_con 1.26 plddt 0.32 ptm 0.64 i_ptm 0.72 energy -23.51
120 models [4] recycles 0 hard 0 soft 0 temp 0.62 loss 1.21 i_con 3.46 plddt 0.23 ptm 0.52 i_ptm 0.58 energy -23.32
121 models [4] recycles 0 hard 0 soft 0 temp 0.60 loss 0.08 i_con 2.33 plddt 0.19 ptm 0.60 i_ptm 0.60 energy -23.35
122 models [4] recycles 0 hard 0 soft 0 temp 0.58 loss 1.75 i_con 4.01 plddt 0.16 ptm 0.28 i_ptm 0.49 energy -23.40
123 models [4] recycles 0 hard 0 soft 0 temp 0.56 loss 1.00 i_con 3.29 plddt 0.16 ptm 0.53 i_ptm 0.61 energy -23.66
124 models [1] recycles 0 hard 0 soft 0 temp 0.54 loss 2.75 i_con 5.07 plddt 0.26 ptm 0.68 i_ptm 0.11 energy -23.93
125 models [1] recycles 0 hard 0 soft 0 temp 0.52 loss 2.60 i_con 4.92 plddt 0.16 ptm 0.58 i_ptm 0.38 energy -24.02
126 models [2] recycles 0 hard 0 soft 0 temp 0.50 loss 1.58 i_con 3.89 plddt 0.16 ptm 0.41 i_ptm 0.61 energy -23.91
127 models [2] recycles 0 hard 0 soft 0 temp 0.48 loss 2.02 i_con 4.33 plddt 0.11 ptm 0.37 i_ptm 0.47 energy -23.99
128 models [3] recycles 0 hard 0 soft 0 temp 0.46 loss 2.15 i_con 4.49 plddt 0.14 ptm 0.26 i_ptm 0.47 energy -24.23
129 models [4] recycles 0 hard 0 soft 0 temp 0.44 loss 0.29 i_con 2.64 plddt 0.22 ptm 0.46 i_ptm 0.83 energy -24.29
130 models [3] recycles 0 hard 0 soft 0 temp 0.42 loss 3.40 i_con 5.76 plddt 0.23 ptm 0.80 i_ptm 0.23 energy -24.27
131 models [0] recycles 0 hard 0 soft 0 temp 0.40 loss 2.29 i_con 4.66 plddt 0.21 ptm 0.83 i_ptm 0.12 energy -24.42
132 models [1] recycles 0 hard 0 soft 0 temp 0.38 loss 3.41 i_con 5.80 plddt 0.27 ptm 0.86 i_ptm 0.17 energy -24.62
133 models [4] recycles 0 hard 0 soft 0 temp 0.36 loss 2.36 i_con 4.78 plddt 0.13 ptm 0.22 i_ptm 0.46 energy -25.05
134 models [0] recycles 0 hard 0 soft 0 temp 0.34 loss 1.61 i_con 4.04 plddt 0.31 ptm 0.84 i_ptm 0.35 energy -25.03
135 models [3] recycles 0 hard 0 soft 0 temp 0.32 loss 1.89 i_con 4.36 plddt 0.22 ptm 0.23 i_ptm 0.49 energy -25.47
136 models [1] recycles 0 hard 0 soft 0 temp 0.30 loss 3.30 i_con 5.79 plddt 0.25 ptm 0.86 i_ptm 0.16 energy -25.64
137 models [2] recycles 0 hard 0 soft 0 temp 0.28 loss -1.07 i_con 1.44 plddt 0.27 ptm 0.60 i_ptm 0.61 energy -25.85
138 models [1] recycles 0 hard 0 soft 0 temp 0.26 loss 3.60 i_con 6.10 plddt 0.25 ptm 0.86 i_ptm 0.17 energy -25.80
139 models [0] recycles 0 hard 0 soft 0 temp 0.24 loss 1.46 i_con 4.01 plddt 0.31 ptm 0.85 i_ptm 0.38 energy -26.22
140 models [2] recycles 0 hard 0 soft 0 temp 0.22 loss 1.34 i_con 3.97 plddt 0.17 ptm 0.38 i_ptm 0.46 energy -27.17
141 models [0] recycles 0 hard 0 soft 0 temp 0.20 loss 1.37 i_con 4.03 plddt 0.29 ptm 0.84 i_ptm 0.37 energy -27.25
142 models [4] recycles 0 hard 0 soft 0 temp 0.18 loss 3.08 i_con 5.75 plddt 0.19 ptm 0.84 i_ptm 0.15 energy -27.57
143 models [1] recycles 0 hard 0 soft 0 temp 0.16 loss 2.97 i_con 5.65 plddt 0.25 ptm 0.85 i_ptm 0.13 energy -27.55
144 models [2] recycles 0 hard 0 soft 0 temp 0.14 loss 2.63 i_con 5.32 plddt 0.25 ptm 0.85 i_ptm 0.13 energy -27.66
145 models [4] recycles 0 hard 0 soft 0 temp 0.12 loss 3.09 i_con 5.78 plddt 0.19 ptm 0.85 i_ptm 0.15 energy -27.73
146 models [4] recycles 0 hard 0 soft 0 temp 0.10 loss 0.74 i_con 3.43 plddt 0.17 ptm 0.56 i_ptm 0.55 energy -27.75
147 models [2] recycles 0 hard 0 soft 0 temp 0.08 loss 2.69 i_con 5.39 plddt 0.22 ptm 0.72 i_ptm 0.15 energy -27.80
148 models [0] recycles 0 hard 0 soft 0 temp 0.06 loss 1.10 i_con 3.81 plddt 0.27 ptm 0.39 i_ptm 0.64 energy -27.87
149 models [4] recycles 0 hard 0 soft 0 temp 0.04 loss 1.24 i_con 3.95 plddt 0.15 ptm 0.40 i_ptm 0.55 energy -27.99
150 models [0] recycles 0 hard 0 soft 0 temp 0.02 loss -0.85 i_con 1.88 plddt 0.23 ptm 0.58 i_ptm 0.64 energy -28.08
151 models [0] recycles 0 hard 1 soft 0 temp 0.00 loss 1.68 i_con 3.75 plddt 0.35 ptm 0.85 i_ptm 0.51 energy -3.05
152 models [4] recycles 0 hard 1 soft 0 temp 0.00 loss 3.53 i_con 5.59 plddt 0.20 ptm 0.87 i_ptm 0.15 energy -3.05
153 models [4] recycles 0 hard 1 soft 0 temp 0.00 loss 3.53 i_con 5.59 plddt 0.20 ptm 0.87 i_ptm 0.15 energy -3.05
154 models [4] recycles 0 hard 1 soft 0 temp 0.00 loss 3.53 i_con 5.59 plddt 0.20 ptm 0.87 i_ptm 0.15 energy -3.05
155 models [4] recycles 0 hard 1 soft 0 temp 0.00 loss 3.53 i_con 5.59 plddt 0.20 ptm 0.87 i_ptm 0.15 energy -3.05
156 models [4] recycles 0 hard 1 soft 0 temp 0.00 loss 3.53 i_con 5.59 plddt 0.20 ptm 0.87 i_ptm 0.15 energy -3.05
157 models [0] recycles 0 hard 1 soft 0 temp 0.00 loss 1.68 i_con 3.75 plddt 0.35 ptm 0.85 i_ptm 0.51 energy -3.05
158 models [1] recycles 0 hard 1 soft 0 temp 0.00 loss 3.29 i_con 5.35 plddt 0.24 ptm 0.85 i_ptm 0.17 energy -3.05
159 models [2] recycles 0 hard 1 soft 0 temp 0.00 loss 3.24 i_con 5.30 plddt 0.25 ptm 0.86 i_ptm 0.23 energy -3.05
160 models [1] recycles 0 hard 1 soft 0 temp 0.00 loss 3.29 i_con 5.35 plddt 0.24 ptm 0.85 i_ptm 0.17 energy -3.05
161 models [0] recycles 0 hard 1 soft 0 temp 0.00 loss 1.68 i_con 3.75 plddt 0.35 ptm 0.85 i_ptm 0.51 energy -3.05
162 models [1] recycles 0 hard 1 soft 0 temp 0.00 loss 3.29 i_con 5.35 plddt 0.24 ptm 0.85 i_ptm 0.17 energy -3.05
163 models [2] recycles 0 hard 1 soft 0 temp 0.00 loss 3.24 i_con 5.30 plddt 0.25 ptm 0.86 i_ptm 0.23 energy -3.05
164 models [2] recycles 0 hard 1 soft 0 temp 0.00 loss 3.24 i_con 5.30 plddt 0.25 ptm 0.86 i_ptm 0.23 energy -3.05
165 models [2] recycles 0 hard 1 soft 0 temp 0.00 loss 3.24 i_con 5.30 plddt 0.25 ptm 0.86 i_ptm 0.23 energy -3.05
166 models [1] recycles 0 hard 1 soft 0 temp 0.00 loss 3.29 i_con 5.35 plddt 0.24 ptm 0.85 i_ptm 0.17 energy -3.05
167 models [0] recycles 0 hard 1 soft 0 temp 0.00 loss 1.68 i_con 3.75 plddt 0.35 ptm 0.85 i_ptm 0.51 energy -3.05
168 models [2] recycles 0 hard 1 soft 0 temp 0.00 loss 3.24 i_con 5.30 plddt 0.25 ptm 0.86 i_ptm 0.23 energy -3.05
169 models [2] recycles 0 hard 1 soft 0 temp 0.00 loss 3.24 i_con 5.30 plddt 0.25 ptm 0.86 i_ptm 0.23 energy -3.05
170 models [3] recycles 0 hard 1 soft 0 temp 0.00 loss 1.51 i_con 3.59 plddt 0.38 ptm 0.87 i_ptm 0.58 energy -3.05
171 models [4] recycles 0 hard 1 soft 0 temp 0.00 loss 3.53 i_con 5.59 plddt 0.20 ptm 0.87 i_ptm 0.15 energy -3.05
172 models [1] recycles 0 hard 1 soft 0 temp 0.00 loss 3.29 i_con 5.35 plddt 0.24 ptm 0.85 i_ptm 0.17 energy -3.05
173 models [4] recycles 0 hard 1 soft 0 temp 0.00 loss 3.53 i_con 5.59 plddt 0.20 ptm 0.87 i_ptm 0.15 energy -3.05
174 models [4] recycles 0 hard 1 soft 0 temp 0.00 loss 3.53 i_con 5.59 plddt 0.20 ptm 0.87 i_ptm 0.15 energy -3.05
175 models [0] recycles 0 hard 1 soft 0 temp 0.00 loss 1.68 i_con 3.75 plddt 0.35 ptm 0.85 i_ptm 0.51 energy -3.05
176 models [3] recycles 0 hard 1 soft 0 temp 0.00 loss 1.51 i_con 3.59 plddt 0.38 ptm 0.87 i_ptm 0.58 energy -3.05
177 models [1] recycles 0 hard 1 soft 0 temp 0.00 loss 3.29 i_con 5.35 plddt 0.24 ptm 0.85 i_ptm 0.17 energy -3.05
178 models [3] recycles 0 hard 1 soft 0 temp 0.00 loss 1.51 i_con 3.59 plddt 0.38 ptm 0.87 i_ptm 0.58 energy -3.05
179 models [0] recycles 0 hard 1 soft 0 temp 0.00 loss 1.68 i_con 3.75 plddt 0.35 ptm 0.85 i_ptm 0.51 energy -3.05
180 models [2] recycles 0 hard 1 soft 0 temp 0.00 loss 3.24 i_con 5.30 plddt 0.25 ptm 0.86 i_ptm 0.23 energy -3.05
  seq=MADRPVRQVFWIFWC  loss=3.2398  loss_af=5.3774  energy=-3.0538  i_ptm=0.2284
[25/30] seed=24 ...
1 models [1] recycles 0 hard 0 soft 1 temp 1 loss 4.96 i_con 4.51 plddt 0.22 ptm 0.86 i_ptm 0.19 energy 7.37
2 models [4] recycles 0 hard 0 soft 1 temp 1 loss 4.31 i_con 3.89 plddt 0.34 ptm 0.88 i_ptm 0.44 energy 7.24
3 models [3] recycles 0 hard 0 soft 1 temp 1 loss 4.23 i_con 3.82 plddt 0.33 ptm 0.86 i_ptm 0.45 energy 6.88
4 models [4] recycles 0 hard 0 soft 1 temp 1 loss 4.49 i_con 4.11 plddt 0.30 ptm 0.88 i_ptm 0.32 energy 6.17
5 models [3] recycles 0 hard 0 soft 1 temp 1 loss 4.26 i_con 3.89 plddt 0.33 ptm 0.86 i_ptm 0.40 energy 6.08
6 models [2] recycles 0 hard 0 soft 1 temp 1 loss 4.24 i_con 3.90 plddt 0.34 ptm 0.87 i_ptm 0.44 energy 5.50
7 models [2] recycles 0 hard 0 soft 1 temp 1 loss 4.16 i_con 3.85 plddt 0.34 ptm 0.86 i_ptm 0.44 energy 4.88
8 models [3] recycles 0 hard 0 soft 1 temp 1 loss 4.04 i_con 3.77 plddt 0.35 ptm 0.86 i_ptm 0.46 energy 4.16
9 models [2] recycles 0 hard 0 soft 1 temp 1 loss 4.06 i_con 3.81 plddt 0.37 ptm 0.87 i_ptm 0.46 energy 3.58
10 models [4] recycles 0 hard 0 soft 1 temp 1 loss 4.11 i_con 3.89 plddt 0.31 ptm 0.88 i_ptm 0.40 energy 3.14
11 models [4] recycles 0 hard 0 soft 1 temp 1 loss 4.09 i_con 3.88 plddt 0.33 ptm 0.88 i_ptm 0.42 energy 2.69
12 models [1] recycles 0 hard 0 soft 1 temp 1 loss 4.44 i_con 4.24 plddt 0.26 ptm 0.86 i_ptm 0.24 energy 2.53
13 models [3] recycles 0 hard 0 soft 1 temp 1 loss 3.93 i_con 3.74 plddt 0.32 ptm 0.86 i_ptm 0.47 energy 2.38
14 models [4] recycles 0 hard 0 soft 1 temp 1 loss 3.96 i_con 3.78 plddt 0.34 ptm 0.89 i_ptm 0.48 energy 2.30
15 models [4] recycles 0 hard 0 soft 1 temp 1 loss 4.07 i_con 3.90 plddt 0.33 ptm 0.88 i_ptm 0.40 energy 2.11
16 models [2] recycles 0 hard 0 soft 1 temp 1 loss 3.85 i_con 3.69 plddt 0.36 ptm 0.87 i_ptm 0.48 energy 2.00
17 models [0] recycles 0 hard 0 soft 1 temp 1 loss 4.12 i_con 3.95 plddt 0.31 ptm 0.84 i_ptm 0.37 energy 1.92
18 models [3] recycles 0 hard 0 soft 1 temp 1 loss 3.83 i_con 3.69 plddt 0.35 ptm 0.87 i_ptm 0.46 energy 1.65
19 models [0] recycles 0 hard 0 soft 1 temp 1 loss 4.10 i_con 3.96 plddt 0.31 ptm 0.84 i_ptm 0.37 energy 1.47
20 models [4] recycles 0 hard 0 soft 1 temp 1 loss 3.96 i_con 3.82 plddt 0.32 ptm 0.88 i_ptm 0.42 energy 1.28
21 models [1] recycles 0 hard 0 soft 1 temp 1 loss 4.21 i_con 4.08 plddt 0.26 ptm 0.86 i_ptm 0.32 energy 1.03
22 models [4] recycles 0 hard 0 soft 1 temp 1 loss 3.75 i_con 3.65 plddt 0.39 ptm 0.89 i_ptm 0.53 energy 0.79
23 models [2] recycles 0 hard 0 soft 1 temp 1 loss 3.74 i_con 3.65 plddt 0.40 ptm 0.87 i_ptm 0.53 energy 0.61
24 models [2] recycles 0 hard 0 soft 1 temp 1 loss 3.86 i_con 3.78 plddt 0.34 ptm 0.87 i_ptm 0.43 energy 0.20
25 models [2] recycles 0 hard 0 soft 1 temp 1 loss 3.72 i_con 3.67 plddt 0.38 ptm 0.87 i_ptm 0.50 energy -0.27
26 models [2] recycles 0 hard 0 soft 1 temp 1 loss 3.76 i_con 3.72 plddt 0.39 ptm 0.87 i_ptm 0.50 energy -0.51
27 models [3] recycles 0 hard 0 soft 1 temp 1 loss 3.75 i_con 3.74 plddt 0.35 ptm 0.86 i_ptm 0.45 energy -0.98
28 models [2] recycles 0 hard 0 soft 1 temp 1 loss 3.70 i_con 3.70 plddt 0.39 ptm 0.87 i_ptm 0.52 energy -1.33
29 models [3] recycles 0 hard 0 soft 1 temp 1 loss 3.78 i_con 3.80 plddt 0.33 ptm 0.86 i_ptm 0.42 energy -1.71
30 models [1] recycles 0 hard 0 soft 1 temp 1 loss 3.79 i_con 3.82 plddt 0.33 ptm 0.87 i_ptm 0.43 energy -1.92
31 models [0] recycles 0 hard 0 soft 1 temp 1 loss 3.70 i_con 3.73 plddt 0.38 ptm 0.85 i_ptm 0.48 energy -1.86
32 models [1] recycles 0 hard 0 soft 1 temp 1 loss 3.83 i_con 3.87 plddt 0.31 ptm 0.87 i_ptm 0.40 energy -2.15
33 models [2] recycles 0 hard 0 soft 1 temp 1 loss 3.57 i_con 3.62 plddt 0.41 ptm 0.87 i_ptm 0.54 energy -2.31
34 models [3] recycles 0 hard 0 soft 1 temp 1 loss 3.67 i_con 3.73 plddt 0.36 ptm 0.86 i_ptm 0.47 energy -2.57
35 models [1] recycles 0 hard 0 soft 1 temp 1 loss 3.77 i_con 3.83 plddt 0.33 ptm 0.87 i_ptm 0.42 energy -2.62
36 models [1] recycles 0 hard 0 soft 1 temp 1 loss 3.93 i_con 3.99 plddt 0.31 ptm 0.86 i_ptm 0.34 energy -2.64
37 models [0] recycles 0 hard 0 soft 1 temp 1 loss 3.78 i_con 3.85 plddt 0.35 ptm 0.85 i_ptm 0.42 energy -2.62
38 models [2] recycles 0 hard 0 soft 1 temp 1 loss 3.63 i_con 3.71 plddt 0.39 ptm 0.87 i_ptm 0.53 energy -2.76
39 models [1] recycles 0 hard 0 soft 1 temp 1 loss 3.73 i_con 3.81 plddt 0.34 ptm 0.87 i_ptm 0.43 energy -2.85
40 models [2] recycles 0 hard 0 soft 1 temp 1 loss 3.59 i_con 3.68 plddt 0.43 ptm 0.87 i_ptm 0.54 energy -2.82
41 models [4] recycles 0 hard 0 soft 1 temp 1 loss 3.60 i_con 3.68 plddt 0.40 ptm 0.88 i_ptm 0.50 energy -2.92
42 models [1] recycles 0 hard 0 soft 1 temp 1 loss 3.73 i_con 3.81 plddt 0.36 ptm 0.88 i_ptm 0.45 energy -2.94
43 models [1] recycles 0 hard 0 soft 1 temp 1 loss 3.67 i_con 3.75 plddt 0.35 ptm 0.87 i_ptm 0.47 energy -2.97
44 models [3] recycles 0 hard 0 soft 1 temp 1 loss 3.60 i_con 3.69 plddt 0.37 ptm 0.86 i_ptm 0.50 energy -2.94
45 models [3] recycles 0 hard 0 soft 1 temp 1 loss 3.66 i_con 3.75 plddt 0.36 ptm 0.86 i_ptm 0.47 energy -3.07
46 models [2] recycles 0 hard 0 soft 1 temp 1 loss 3.50 i_con 3.61 plddt 0.44 ptm 0.87 i_ptm 0.58 energy -3.16
47 models [1] recycles 0 hard 0 soft 1 temp 1 loss 3.88 i_con 3.97 plddt 0.29 ptm 0.87 i_ptm 0.37 energy -3.20
48 models [1] recycles 0 hard 0 soft 1 temp 1 loss 3.81 i_con 3.90 plddt 0.33 ptm 0.87 i_ptm 0.41 energy -3.11
49 models [3] recycles 0 hard 0 soft 1 temp 1 loss 3.67 i_con 3.76 plddt 0.32 ptm 0.86 i_ptm 0.45 energy -3.10
50 models [3] recycles 0 hard 0 soft 1 temp 1 loss 3.54 i_con 3.64 plddt 0.39 ptm 0.87 i_ptm 0.54 energy -3.24
51 models [4] recycles 0 hard 0 soft 1 temp 1 loss 2.89 i_con 3.79 plddt 0.37 ptm 0.88 i_ptm 0.47 energy -3.23
52 models [4] recycles 0 hard 0 soft 1 temp 1 loss 2.76 i_con 3.70 plddt 0.40 ptm 0.89 i_ptm 0.52 energy -3.35
53 models [2] recycles 0 hard 0 soft 1 temp 1 loss 2.75 i_con 3.73 plddt 0.43 ptm 0.87 i_ptm 0.52 energy -3.47
54 models [4] recycles 0 hard 0 soft 1 temp 1 loss 2.60 i_con 3.63 plddt 0.44 ptm 0.89 i_ptm 0.54 energy -3.62
55 models [2] recycles 0 hard 0 soft 1 temp 1 loss 2.61 i_con 3.68 plddt 0.44 ptm 0.88 i_ptm 0.56 energy -3.74
56 models [2] recycles 0 hard 0 soft 1 temp 1 loss 2.67 i_con 3.78 plddt 0.41 ptm 0.87 i_ptm 0.52 energy -3.89
57 models [1] recycles 0 hard 0 soft 1 temp 1 loss 2.69 i_con 3.83 plddt 0.36 ptm 0.87 i_ptm 0.43 energy -4.00
58 models [2] recycles 0 hard 0 soft 1 temp 1 loss 2.54 i_con 3.71 plddt 0.40 ptm 0.87 i_ptm 0.52 energy -4.09
59 models [3] recycles 0 hard 0 soft 1 temp 1 loss 2.44 i_con 3.64 plddt 0.43 ptm 0.87 i_ptm 0.54 energy -4.19
60 models [4] recycles 0 hard 0 soft 1 temp 1 loss 2.42 i_con 3.68 plddt 0.41 ptm 0.89 i_ptm 0.52 energy -4.41
61 models [3] recycles 0 hard 0 soft 1 temp 1 loss 2.62 i_con 3.91 plddt 0.31 ptm 0.85 i_ptm 0.37 energy -4.56
62 models [3] recycles 0 hard 0 soft 1 temp 1 loss 2.28 i_con 3.60 plddt 0.40 ptm 0.87 i_ptm 0.55 energy -4.59
63 models [3] recycles 0 hard 0 soft 1 temp 1 loss 2.37 i_con 3.74 plddt 0.35 ptm 0.87 i_ptm 0.47 energy -4.76
64 models [3] recycles 0 hard 0 soft 1 temp 1 loss 2.31 i_con 3.67 plddt 0.37 ptm 0.87 i_ptm 0.49 energy -4.77
65 models [0] recycles 0 hard 0 soft 1 temp 1 loss 2.52 i_con 3.95 plddt 0.35 ptm 0.84 i_ptm 0.39 energy -4.96
66 models [4] recycles 0 hard 0 soft 1 temp 1 loss 2.17 i_con 3.63 plddt 0.38 ptm 0.88 i_ptm 0.53 energy -5.08
67 models [2] recycles 0 hard 0 soft 1 temp 1 loss 2.28 i_con 3.79 plddt 0.37 ptm 0.87 i_ptm 0.47 energy -5.25
68 models [0] recycles 0 hard 0 soft 1 temp 1 loss 2.37 i_con 3.87 plddt 0.33 ptm 0.85 i_ptm 0.41 energy -5.21
69 models [2] recycles 0 hard 0 soft 1 temp 1 loss 2.17 i_con 3.72 plddt 0.37 ptm 0.87 i_ptm 0.50 energy -5.38
70 models [0] recycles 0 hard 0 soft 1 temp 1 loss 2.36 i_con 3.95 plddt 0.33 ptm 0.84 i_ptm 0.39 energy -5.54
71 models [2] recycles 0 hard 0 soft 1 temp 1 loss 2.16 i_con 3.80 plddt 0.36 ptm 0.86 i_ptm 0.49 energy -5.68
72 models [4] recycles 0 hard 0 soft 1 temp 1 loss 2.15 i_con 3.79 plddt 0.35 ptm 0.88 i_ptm 0.47 energy -5.68
73 models [0] recycles 0 hard 0 soft 1 temp 1 loss 2.12 i_con 3.78 plddt 0.34 ptm 0.85 i_ptm 0.46 energy -5.76
74 models [0] recycles 0 hard 0 soft 1 temp 1 loss 2.06 i_con 3.77 plddt 0.36 ptm 0.85 i_ptm 0.48 energy -5.90
75 models [3] recycles 0 hard 0 soft 1 temp 1 loss 2.06 i_con 3.80 plddt 0.32 ptm 0.87 i_ptm 0.44 energy -6.02
76 models [0] recycles 0 hard 0 soft 1 temp 1 loss 2.11 i_con 3.87 plddt 0.33 ptm 0.85 i_ptm 0.44 energy -6.10
77 models [1] recycles 0 hard 0 soft 1 temp 1 loss 2.09 i_con 3.88 plddt 0.33 ptm 0.87 i_ptm 0.42 energy -6.18
78 models [4] recycles 0 hard 0 soft 1 temp 1 loss 1.96 i_con 3.78 plddt 0.33 ptm 0.88 i_ptm 0.45 energy -6.28
79 models [3] recycles 0 hard 0 soft 1 temp 1 loss 1.99 i_con 3.81 plddt 0.33 ptm 0.86 i_ptm 0.43 energy -6.28
80 models [4] recycles 0 hard 0 soft 1 temp 1 loss 1.92 i_con 3.77 plddt 0.36 ptm 0.89 i_ptm 0.48 energy -6.39
81 models [3] recycles 0 hard 0 soft 1 temp 1 loss 1.91 i_con 3.76 plddt 0.33 ptm 0.86 i_ptm 0.46 energy -6.39
82 models [4] recycles 0 hard 0 soft 1 temp 1 loss 1.87 i_con 3.74 plddt 0.36 ptm 0.88 i_ptm 0.48 energy -6.43
83 models [2] recycles 0 hard 0 soft 1 temp 1 loss 1.91 i_con 3.76 plddt 0.37 ptm 0.87 i_ptm 0.49 energy -6.39
84 models [3] recycles 0 hard 0 soft 1 temp 1 loss 1.87 i_con 3.76 plddt 0.36 ptm 0.86 i_ptm 0.47 energy -6.53
85 models [3] recycles 0 hard 0 soft 1 temp 1 loss 1.84 i_con 3.70 plddt 0.36 ptm 0.87 i_ptm 0.49 energy -6.42
86 models [1] recycles 0 hard 0 soft 1 temp 1 loss 2.70 i_con 4.59 plddt 0.25 ptm 0.86 i_ptm 0.18 energy -6.57
87 models [3] recycles 0 hard 0 soft 1 temp 1 loss 1.82 i_con 3.69 plddt 0.38 ptm 0.87 i_ptm 0.49 energy -6.46
88 models [1] recycles 0 hard 0 soft 1 temp 1 loss 1.82 i_con 3.72 plddt 0.34 ptm 0.88 i_ptm 0.48 energy -6.57
89 models [0] recycles 0 hard 0 soft 1 temp 1 loss 2.32 i_con 4.21 plddt 0.26 ptm 0.83 i_ptm 0.24 energy -6.57
90 models [1] recycles 0 hard 0 soft 1 temp 1 loss 2.21 i_con 4.14 plddt 0.27 ptm 0.86 i_ptm 0.30 energy -6.67
91 models [2] recycles 0 hard 0 soft 1 temp 1 loss 1.82 i_con 3.71 plddt 0.38 ptm 0.87 i_ptm 0.51 energy -6.48
92 models [4] recycles 0 hard 0 soft 1 temp 1 loss 1.93 i_con 3.85 plddt 0.30 ptm 0.88 i_ptm 0.39 energy -6.63
93 models [1] recycles 0 hard 0 soft 1 temp 1 loss 2.35 i_con 4.22 plddt 0.24 ptm 0.86 i_ptm 0.23 energy -6.51
94 models [4] recycles 0 hard 0 soft 1 temp 1 loss 1.82 i_con 3.73 plddt 0.33 ptm 0.88 i_ptm 0.46 energy -6.57
95 models [2] recycles 0 hard 0 soft 1 temp 1 loss 1.86 i_con 3.82 plddt 0.37 ptm 0.87 i_ptm 0.44 energy -6.73
96 models [4] recycles 0 hard 0 soft 1 temp 1 loss 1.77 i_con 3.71 plddt 0.36 ptm 0.89 i_ptm 0.51 energy -6.68
97 models [0] recycles 0 hard 0 soft 1 temp 1 loss 2.43 i_con 4.39 plddt 0.31 ptm 0.84 i_ptm 0.24 energy -6.78
98 models [3] recycles 0 hard 0 soft 1 temp 1 loss 1.85 i_con 3.81 plddt 0.34 ptm 0.87 i_ptm 0.43 energy -6.74
99 models [1] recycles 0 hard 0 soft 1 temp 1 loss 2.07 i_con 4.03 plddt 0.28 ptm 0.86 i_ptm 0.33 energy -6.78
100 models [4] recycles 0 hard 0 soft 1 temp 1 loss 2.26 i_con 4.20 plddt 0.26 ptm 0.87 i_ptm 0.27 energy -6.73
101 models [3] recycles 0 hard 0 soft 0 temp 1 loss 1.86 i_con 5.58 plddt 0.23 ptm 0.84 i_ptm 0.13 energy -37.92
102 models [4] recycles 0 hard 0 soft 0 temp 0.98 loss 1.45 i_con 5.15 plddt 0.24 ptm 0.88 i_ptm 0.18 energy -37.83
103 models [1] recycles 0 hard 0 soft 0 temp 0.96 loss 2.46 i_con 6.16 plddt 0.26 ptm 0.86 i_ptm 0.17 energy -37.68
104 models [0] recycles 0 hard 0 soft 0 temp 0.94 loss 0.45 i_con 4.18 plddt 0.28 ptm 0.83 i_ptm 0.27 energy -38.05
105 models [0] recycles 0 hard 0 soft 0 temp 0.92 loss 0.88 i_con 4.71 plddt 0.27 ptm 0.83 i_ptm 0.20 energy -39.13
106 models [2] recycles 0 hard 0 soft 0 temp 0.90 loss 1.41 i_con 5.38 plddt 0.25 ptm 0.86 i_ptm 0.18 energy -40.38
107 models [1] recycles 0 hard 0 soft 0 temp 0.88 loss 2.04 i_con 6.02 plddt 0.26 ptm 0.86 i_ptm 0.15 energy -40.58
108 models [0] recycles 0 hard 0 soft 0 temp 0.86 loss 0.25 i_con 4.34 plddt 0.27 ptm 0.84 i_ptm 0.19 energy -41.63
109 models [2] recycles 0 hard 0 soft 0 temp 0.84 loss 1.63 i_con 5.79 plddt 0.23 ptm 0.85 i_ptm 0.14 energy -42.34
110 models [3] recycles 0 hard 0 soft 0 temp 0.82 loss -0.14 i_con 4.03 plddt 0.28 ptm 0.85 i_ptm 0.31 energy -42.46
111 models [2] recycles 0 hard 0 soft 0 temp 0.80 loss -0.19 i_con 4.03 plddt 0.28 ptm 0.87 i_ptm 0.35 energy -42.90
112 models [4] recycles 0 hard 0 soft 0 temp 0.78 loss 0.07 i_con 4.33 plddt 0.22 ptm 0.87 i_ptm 0.22 energy -43.34
113 models [4] recycles 0 hard 0 soft 0 temp 0.76 loss 1.21 i_con 5.45 plddt 0.23 ptm 0.88 i_ptm 0.13 energy -43.20
114 models [1] recycles 0 hard 0 soft 0 temp 0.74 loss 1.79 i_con 6.03 plddt 0.24 ptm 0.86 i_ptm 0.15 energy -43.20
115 models [0] recycles 0 hard 0 soft 0 temp 0.72 loss -0.48 i_con 3.75 plddt 0.21 ptm 0.29 i_ptm 0.51 energy -43.09
116 models [4] recycles 0 hard 0 soft 0 temp 0.70 loss 0.81 i_con 5.04 plddt 0.22 ptm 0.87 i_ptm 0.12 energy -43.14
117 models [2] recycles 0 hard 0 soft 0 temp 0.68 loss -0.43 i_con 3.83 plddt 0.32 ptm 0.87 i_ptm 0.43 energy -43.29
118 models [2] recycles 0 hard 0 soft 0 temp 0.66 loss -0.41 i_con 3.91 plddt 0.30 ptm 0.87 i_ptm 0.39 energy -43.94
119 models [0] recycles 0 hard 0 soft 0 temp 0.64 loss -0.30 i_con 4.16 plddt 0.26 ptm 0.84 i_ptm 0.26 energy -45.35
120 models [3] recycles 0 hard 0 soft 0 temp 0.62 loss 0.08 i_con 4.57 plddt 0.25 ptm 0.84 i_ptm 0.21 energy -45.65
121 models [0] recycles 0 hard 0 soft 0 temp 0.60 loss -0.12 i_con 4.43 plddt 0.25 ptm 0.84 i_ptm 0.19 energy -46.21
122 models [3] recycles 0 hard 0 soft 0 temp 0.58 loss 0.63 i_con 5.23 plddt 0.24 ptm 0.84 i_ptm 0.14 energy -46.78
123 models [3] recycles 0 hard 0 soft 0 temp 0.56 loss 1.09 i_con 5.69 plddt 0.22 ptm 0.83 i_ptm 0.12 energy -46.75
124 models [0] recycles 0 hard 0 soft 0 temp 0.54 loss -0.34 i_con 4.28 plddt 0.25 ptm 0.84 i_ptm 0.22 energy -46.97
125 models [1] recycles 0 hard 0 soft 0 temp 0.52 loss -0.34 i_con 4.31 plddt 0.25 ptm 0.87 i_ptm 0.25 energy -47.28
126 models [4] recycles 0 hard 0 soft 0 temp 0.50 loss 0.39 i_con 5.10 plddt 0.26 ptm 0.87 i_ptm 0.24 energy -47.92
127 models [1] recycles 0 hard 0 soft 0 temp 0.48 loss 0.80 i_con 5.59 plddt 0.26 ptm 0.86 i_ptm 0.13 energy -48.68
128 models [4] recycles 0 hard 0 soft 0 temp 0.46 loss 0.28 i_con 5.14 plddt 0.20 ptm 0.87 i_ptm 0.16 energy -49.37
129 models [2] recycles 0 hard 0 soft 0 temp 0.44 loss -0.44 i_con 4.50 plddt 0.23 ptm 0.86 i_ptm 0.20 energy -50.16
130 models [0] recycles 0 hard 0 soft 0 temp 0.42 loss -0.96 i_con 4.00 plddt 0.27 ptm 0.85 i_ptm 0.34 energy -50.38
131 models [4] recycles 0 hard 0 soft 0 temp 0.40 loss 0.30 i_con 5.41 plddt 0.22 ptm 0.87 i_ptm 0.11 energy -51.80
132 models [4] recycles 0 hard 0 soft 0 temp 0.38 loss -1.08 i_con 4.02 plddt 0.25 ptm 0.88 i_ptm 0.34 energy -51.80
133 models [4] recycles 0 hard 0 soft 0 temp 0.36 loss -1.02 i_con 4.22 plddt 0.22 ptm 0.88 i_ptm 0.24 energy -53.16
134 models [3] recycles 0 hard 0 soft 0 temp 0.34 loss -0.95 i_con 4.26 plddt 0.24 ptm 0.85 i_ptm 0.22 energy -52.89
135 models [1] recycles 0 hard 0 soft 0 temp 0.32 loss 0.40 i_con 5.63 plddt 0.25 ptm 0.85 i_ptm 0.14 energy -53.08
136 models [4] recycles 0 hard 0 soft 0 temp 0.30 loss -0.70 i_con 4.59 plddt 0.23 ptm 0.87 i_ptm 0.21 energy -53.65
137 models [3] recycles 0 hard 0 soft 0 temp 0.28 loss -1.31 i_con 4.03 plddt 0.29 ptm 0.85 i_ptm 0.33 energy -54.08
138 models [1] recycles 0 hard 0 soft 0 temp 0.26 loss 0.07 i_con 5.49 plddt 0.25 ptm 0.86 i_ptm 0.11 energy -54.94
139 models [0] recycles 0 hard 0 soft 0 temp 0.24 loss -1.27 i_con 4.14 plddt 0.28 ptm 0.84 i_ptm 0.30 energy -54.78
140 models [3] recycles 0 hard 0 soft 0 temp 0.22 loss -1.68 i_con 3.90 plddt 0.30 ptm 0.86 i_ptm 0.38 energy -56.46
141 models [3] recycles 0 hard 0 soft 0 temp 0.20 loss -1.78 i_con 3.95 plddt 0.29 ptm 0.86 i_ptm 0.38 energy -58.04
142 models [2] recycles 0 hard 0 soft 0 temp 0.18 loss -2.04 i_con 3.88 plddt 0.31 ptm 0.87 i_ptm 0.41 energy -59.87
143 models [3] recycles 0 hard 0 soft 0 temp 0.16 loss -1.95 i_con 4.13 plddt 0.25 ptm 0.85 i_ptm 0.28 energy -61.55
144 models [4] recycles 0 hard 0 soft 0 temp 0.14 loss -1.94 i_con 4.23 plddt 0.23 ptm 0.88 i_ptm 0.27 energy -62.54
145 models [4] recycles 0 hard 0 soft 0 temp 0.12 loss -1.82 i_con 4.36 plddt 0.22 ptm 0.87 i_ptm 0.21 energy -62.53
146 models [2] recycles 0 hard 0 soft 0 temp 0.10 loss -2.27 i_con 3.92 plddt 0.30 ptm 0.87 i_ptm 0.41 energy -62.60
147 models [4] recycles 0 hard 0 soft 0 temp 0.08 loss -2.26 i_con 4.07 plddt 0.26 ptm 0.88 i_ptm 0.31 energy -64.09
148 models [2] recycles 0 hard 0 soft 0 temp 0.06 loss -2.37 i_con 4.02 plddt 0.26 ptm 0.86 i_ptm 0.33 energy -64.65
149 models [4] recycles 0 hard 0 soft 0 temp 0.04 loss -1.39 i_con 5.10 plddt 0.20 ptm 0.87 i_ptm 0.13 energy -65.68
150 models [3] recycles 0 hard 0 soft 0 temp 0.02 loss -2.13 i_con 4.37 plddt 0.24 ptm 0.85 i_ptm 0.18 energy -65.78
151 models [0] recycles 0 hard 1 soft 0 temp 0.00 loss -1.01 i_con 4.09 plddt 0.24 ptm 0.84 i_ptm 0.30 energy -7.39
152 models [0] recycles 0 hard 1 soft 0 temp 0.00 loss -1.01 i_con 4.09 plddt 0.24 ptm 0.84 i_ptm 0.30 energy -7.39
153 models [2] recycles 0 hard 1 soft 0 temp 0.00 loss -1.15 i_con 3.95 plddt 0.26 ptm 0.87 i_ptm 0.38 energy -7.39
154 models [4] recycles 0 hard 1 soft 0 temp 0.00 loss -0.86 i_con 4.24 plddt 0.19 ptm 0.87 i_ptm 0.23 energy -7.39
155 models [0] recycles 0 hard 1 soft 0 temp 0.00 loss -1.01 i_con 4.09 plddt 0.24 ptm 0.84 i_ptm 0.30 energy -7.39
156 models [1] recycles 0 hard 1 soft 0 temp 0.00 loss -0.61 i_con 4.49 plddt 0.23 ptm 0.86 i_ptm 0.25 energy -7.39
157 models [2] recycles 0 hard 1 soft 0 temp 0.00 loss -1.15 i_con 3.95 plddt 0.26 ptm 0.87 i_ptm 0.38 energy -7.39
158 models [0] recycles 0 hard 1 soft 0 temp 0.00 loss -1.01 i_con 4.09 plddt 0.24 ptm 0.84 i_ptm 0.30 energy -7.39
159 models [3] recycles 0 hard 1 soft 0 temp 0.00 loss -1.23 i_con 3.88 plddt 0.28 ptm 0.86 i_ptm 0.39 energy -7.39
160 models [1] recycles 0 hard 1 soft 0 temp 0.00 loss -0.61 i_con 4.49 plddt 0.23 ptm 0.86 i_ptm 0.25 energy -7.39
161 models [1] recycles 0 hard 1 soft 0 temp 0.00 loss -0.61 i_con 4.49 plddt 0.23 ptm 0.86 i_ptm 0.25 energy -7.39
162 models [2] recycles 0 hard 1 soft 0 temp 0.00 loss -1.15 i_con 3.95 plddt 0.26 ptm 0.87 i_ptm 0.38 energy -7.39
163 models [4] recycles 0 hard 1 soft 0 temp 0.00 loss -0.86 i_con 4.24 plddt 0.19 ptm 0.87 i_ptm 0.23 energy -7.39
164 models [3] recycles 0 hard 1 soft 0 temp 0.00 loss -1.23 i_con 3.88 plddt 0.28 ptm 0.86 i_ptm 0.39 energy -7.39
165 models [3] recycles 0 hard 1 soft 0 temp 0.00 loss -1.23 i_con 3.88 plddt 0.28 ptm 0.86 i_ptm 0.39 energy -7.39
166 models [0] recycles 0 hard 1 soft 0 temp 0.00 loss -1.01 i_con 4.09 plddt 0.24 ptm 0.84 i_ptm 0.30 energy -7.39
167 models [4] recycles 0 hard 1 soft 0 temp 0.00 loss -0.86 i_con 4.24 plddt 0.19 ptm 0.87 i_ptm 0.23 energy -7.39
168 models [3] recycles 0 hard 1 soft 0 temp 0.00 loss -1.23 i_con 3.88 plddt 0.28 ptm 0.86 i_ptm 0.39 energy -7.39
169 models [1] recycles 0 hard 1 soft 0 temp 0.00 loss -0.61 i_con 4.49 plddt 0.23 ptm 0.86 i_ptm 0.25 energy -7.39
170 models [1] recycles 0 hard 1 soft 0 temp 0.00 loss -0.61 i_con 4.49 plddt 0.23 ptm 0.86 i_ptm 0.25 energy -7.39
171 models [2] recycles 0 hard 1 soft 0 temp 0.00 loss -1.15 i_con 3.95 plddt 0.26 ptm 0.87 i_ptm 0.38 energy -7.39
172 models [2] recycles 0 hard 1 soft 0 temp 0.00 loss -1.15 i_con 3.95 plddt 0.26 ptm 0.87 i_ptm 0.38 energy -7.39
173 models [1] recycles 0 hard 1 soft 0 temp 0.00 loss -0.61 i_con 4.49 plddt 0.23 ptm 0.86 i_ptm 0.25 energy -7.39
174 models [4] recycles 0 hard 1 soft 0 temp 0.00 loss -0.86 i_con 4.24 plddt 0.19 ptm 0.87 i_ptm 0.23 energy -7.39
175 models [3] recycles 0 hard 1 soft 0 temp 0.00 loss -1.23 i_con 3.88 plddt 0.28 ptm 0.86 i_ptm 0.39 energy -7.39
176 models [4] recycles 0 hard 1 soft 0 temp 0.00 loss -0.86 i_con 4.24 plddt 0.19 ptm 0.87 i_ptm 0.23 energy -7.39
177 models [0] recycles 0 hard 1 soft 0 temp 0.00 loss -1.01 i_con 4.09 plddt 0.24 ptm 0.84 i_ptm 0.30 energy -7.39
178 models [1] recycles 0 hard 1 soft 0 temp 0.00 loss -0.61 i_con 4.49 plddt 0.23 ptm 0.86 i_ptm 0.25 energy -7.39
179 models [2] recycles 0 hard 1 soft 0 temp 0.00 loss -1.15 i_con 3.95 plddt 0.26 ptm 0.87 i_ptm 0.38 energy -7.39
180 models [4] recycles 0 hard 1 soft 0 temp 0.00 loss -0.86 i_con 4.24 plddt 0.19 ptm 0.87 i_ptm 0.23 energy -7.39
  seq=NHNWASWSPNYQRDA  loss=-0.8568  loss_af=4.3183  energy=-7.3931  i_ptm=0.2296
[26/30] seed=25 ...
1 models [4] recycles 0 hard 0 soft 1 temp 1 loss 4.58 i_con 4.14 plddt 0.28 ptm 0.87 i_ptm 0.33 energy 7.40
2 models [2] recycles 0 hard 0 soft 1 temp 1 loss 4.43 i_con 4.00 plddt 0.32 ptm 0.86 i_ptm 0.40 energy 7.13
3 models [0] recycles 0 hard 0 soft 1 temp 1 loss 4.35 i_con 3.96 plddt 0.33 ptm 0.84 i_ptm 0.40 energy 6.44
4 models [0] recycles 0 hard 0 soft 1 temp 1 loss 4.33 i_con 3.97 plddt 0.31 ptm 0.84 i_ptm 0.37 energy 5.80
5 models [2] recycles 0 hard 0 soft 1 temp 1 loss 4.29 i_con 3.97 plddt 0.29 ptm 0.86 i_ptm 0.39 energy 5.11
6 models [2] recycles 0 hard 0 soft 1 temp 1 loss 4.20 i_con 3.90 plddt 0.32 ptm 0.87 i_ptm 0.39 energy 4.64
7 models [1] recycles 0 hard 0 soft 1 temp 1 loss 5.30 i_con 5.02 plddt 0.21 ptm 0.85 i_ptm 0.14 energy 4.04
8 models [2] recycles 0 hard 0 soft 1 temp 1 loss 4.25 i_con 3.99 plddt 0.32 ptm 0.86 i_ptm 0.38 energy 4.03
9 models [1] recycles 0 hard 0 soft 1 temp 1 loss 5.34 i_con 5.08 plddt 0.21 ptm 0.86 i_ptm 0.13 energy 3.69
10 models [4] recycles 0 hard 0 soft 1 temp 1 loss 4.17 i_con 3.91 plddt 0.30 ptm 0.88 i_ptm 0.39 energy 3.69
11 models [1] recycles 0 hard 0 soft 1 temp 1 loss 4.46 i_con 4.23 plddt 0.25 ptm 0.87 i_ptm 0.26 energy 3.26
12 models [1] recycles 0 hard 0 soft 1 temp 1 loss 4.47 i_con 4.24 plddt 0.24 ptm 0.86 i_ptm 0.25 energy 3.05
13 models [4] recycles 0 hard 0 soft 1 temp 1 loss 4.17 i_con 3.97 plddt 0.31 ptm 0.88 i_ptm 0.37 energy 2.73
14 models [2] recycles 0 hard 0 soft 1 temp 1 loss 4.03 i_con 3.84 plddt 0.35 ptm 0.86 i_ptm 0.45 energy 2.44
15 models [2] recycles 0 hard 0 soft 1 temp 1 loss 3.87 i_con 3.71 plddt 0.40 ptm 0.87 i_ptm 0.52 energy 2.12
16 models [0] recycles 0 hard 0 soft 1 temp 1 loss 4.07 i_con 3.91 plddt 0.33 ptm 0.84 i_ptm 0.38 energy 1.84
17 models [3] recycles 0 hard 0 soft 1 temp 1 loss 3.86 i_con 3.70 plddt 0.36 ptm 0.87 i_ptm 0.47 energy 1.81
18 models [0] recycles 0 hard 0 soft 1 temp 1 loss 4.03 i_con 3.89 plddt 0.33 ptm 0.85 i_ptm 0.39 energy 1.40
19 models [3] recycles 0 hard 0 soft 1 temp 1 loss 3.93 i_con 3.80 plddt 0.32 ptm 0.86 i_ptm 0.45 energy 1.11
20 models [4] recycles 0 hard 0 soft 1 temp 1 loss 3.90 i_con 3.80 plddt 0.36 ptm 0.88 i_ptm 0.48 energy 0.80
21 models [2] recycles 0 hard 0 soft 1 temp 1 loss 3.91 i_con 3.82 plddt 0.37 ptm 0.87 i_ptm 0.45 energy 0.52
22 models [2] recycles 0 hard 0 soft 1 temp 1 loss 3.89 i_con 3.81 plddt 0.34 ptm 0.86 i_ptm 0.44 energy 0.28
23 models [4] recycles 0 hard 0 soft 1 temp 1 loss 4.02 i_con 3.94 plddt 0.31 ptm 0.88 i_ptm 0.39 energy 0.07
24 models [3] recycles 0 hard 0 soft 1 temp 1 loss 3.73 i_con 3.68 plddt 0.39 ptm 0.86 i_ptm 0.50 energy -0.30
25 models [4] recycles 0 hard 0 soft 1 temp 1 loss 3.83 i_con 3.79 plddt 0.34 ptm 0.89 i_ptm 0.46 energy -0.48
26 models [1] recycles 0 hard 0 soft 1 temp 1 loss 4.33 i_con 4.30 plddt 0.26 ptm 0.86 i_ptm 0.20 energy -0.72
27 models [4] recycles 0 hard 0 soft 1 temp 1 loss 3.80 i_con 3.76 plddt 0.35 ptm 0.88 i_ptm 0.49 energy -0.55
28 models [2] recycles 0 hard 0 soft 1 temp 1 loss 3.78 i_con 3.76 plddt 0.40 ptm 0.87 i_ptm 0.51 energy -0.67
29 models [2] recycles 0 hard 0 soft 1 temp 1 loss 3.72 i_con 3.70 plddt 0.39 ptm 0.87 i_ptm 0.51 energy -0.88
30 models [1] recycles 0 hard 0 soft 1 temp 1 loss 4.05 i_con 4.02 plddt 0.29 ptm 0.87 i_ptm 0.34 energy -0.92
31 models [0] recycles 0 hard 0 soft 1 temp 1 loss 3.82 i_con 3.79 plddt 0.37 ptm 0.85 i_ptm 0.44 energy -0.81
32 models [2] recycles 0 hard 0 soft 1 temp 1 loss 3.70 i_con 3.68 plddt 0.41 ptm 0.87 i_ptm 0.52 energy -0.76
33 models [0] recycles 0 hard 0 soft 1 temp 1 loss 4.09 i_con 4.07 plddt 0.32 ptm 0.84 i_ptm 0.34 energy -0.92
34 models [2] recycles 0 hard 0 soft 1 temp 1 loss 3.75 i_con 3.73 plddt 0.38 ptm 0.87 i_ptm 0.51 energy -0.94
35 models [1] recycles 0 hard 0 soft 1 temp 1 loss 4.05 i_con 4.03 plddt 0.30 ptm 0.87 i_ptm 0.32 energy -1.11
36 models [2] recycles 0 hard 0 soft 1 temp 1 loss 3.78 i_con 3.77 plddt 0.37 ptm 0.87 i_ptm 0.47 energy -1.10
37 models [2] recycles 0 hard 0 soft 1 temp 1 loss 3.66 i_con 3.65 plddt 0.44 ptm 0.88 i_ptm 0.55 energy -1.05
38 models [4] recycles 0 hard 0 soft 1 temp 1 loss 3.63 i_con 3.64 plddt 0.46 ptm 0.89 i_ptm 0.59 energy -1.37
39 models [3] recycles 0 hard 0 soft 1 temp 1 loss 3.61 i_con 3.63 plddt 0.43 ptm 0.87 i_ptm 0.55 energy -1.38
40 models [0] recycles 0 hard 0 soft 1 temp 1 loss 3.75 i_con 3.76 plddt 0.44 ptm 0.85 i_ptm 0.47 energy -1.23
41 models [2] recycles 0 hard 0 soft 1 temp 1 loss 3.78 i_con 3.79 plddt 0.39 ptm 0.87 i_ptm 0.51 energy -1.59
42 models [2] recycles 0 hard 0 soft 1 temp 1 loss 3.77 i_con 3.78 plddt 0.35 ptm 0.86 i_ptm 0.45 energy -1.65
43 models [4] recycles 0 hard 0 soft 1 temp 1 loss 3.65 i_con 3.68 plddt 0.41 ptm 0.89 i_ptm 0.54 energy -1.80
44 models [2] recycles 0 hard 0 soft 1 temp 1 loss 3.69 i_con 3.73 plddt 0.43 ptm 0.87 i_ptm 0.55 energy -1.89
45 models [1] recycles 0 hard 0 soft 1 temp 1 loss 3.81 i_con 3.85 plddt 0.36 ptm 0.88 i_ptm 0.45 energy -2.05
46 models [0] recycles 0 hard 0 soft 1 temp 1 loss 3.71 i_con 3.76 plddt 0.42 ptm 0.85 i_ptm 0.49 energy -1.96
47 models [3] recycles 0 hard 0 soft 1 temp 1 loss 3.62 i_con 3.66 plddt 0.43 ptm 0.87 i_ptm 0.55 energy -1.98
48 models [0] recycles 0 hard 0 soft 1 temp 1 loss 3.75 i_con 3.79 plddt 0.37 ptm 0.84 i_ptm 0.45 energy -1.99
49 models [1] recycles 0 hard 0 soft 1 temp 1 loss 4.24 i_con 4.27 plddt 0.25 ptm 0.86 i_ptm 0.21 energy -2.11
50 models [1] recycles 0 hard 0 soft 1 temp 1 loss 3.87 i_con 3.89 plddt 0.36 ptm 0.87 i_ptm 0.40 energy -1.66
51 models [3] recycles 0 hard 0 soft 1 temp 1 loss 3.25 i_con 3.69 plddt 0.39 ptm 0.86 i_ptm 0.50 energy -1.66
52 models [2] recycles 0 hard 0 soft 1 temp 1 loss 3.10 i_con 3.68 plddt 0.42 ptm 0.87 i_ptm 0.53 energy -2.14
53 models [3] recycles 0 hard 0 soft 1 temp 1 loss 3.23 i_con 3.86 plddt 0.34 ptm 0.86 i_ptm 0.42 energy -2.33
54 models [1] recycles 0 hard 0 soft 1 temp 1 loss 3.49 i_con 4.11 plddt 0.30 ptm 0.86 i_ptm 0.28 energy -2.27
55 models [0] recycles 0 hard 0 soft 1 temp 1 loss 3.01 i_con 3.69 plddt 0.46 ptm 0.85 i_ptm 0.54 energy -2.42
56 models [3] recycles 0 hard 0 soft 1 temp 1 loss 3.54 i_con 4.20 plddt 0.27 ptm 0.84 i_ptm 0.23 energy -2.44
57 models [2] recycles 0 hard 0 soft 1 temp 1 loss 2.88 i_con 3.57 plddt 0.50 ptm 0.88 i_ptm 0.63 energy -2.46
58 models [4] recycles 0 hard 0 soft 1 temp 1 loss 2.82 i_con 3.53 plddt 0.48 ptm 0.89 i_ptm 0.61 energy -2.53
59 models [4] recycles 0 hard 0 soft 1 temp 1 loss 2.85 i_con 3.60 plddt 0.48 ptm 0.89 i_ptm 0.60 energy -2.66
60 models [1] recycles 0 hard 0 soft 1 temp 1 loss 3.20 i_con 3.94 plddt 0.37 ptm 0.87 i_ptm 0.40 energy -2.68
61 models [0] recycles 0 hard 0 soft 1 temp 1 loss 2.71 i_con 3.48 plddt 0.51 ptm 0.86 i_ptm 0.62 energy -2.73
62 models [2] recycles 0 hard 0 soft 1 temp 1 loss 2.67 i_con 3.47 plddt 0.51 ptm 0.88 i_ptm 0.62 energy -2.83
63 models [2] recycles 0 hard 0 soft 1 temp 1 loss 2.85 i_con 3.65 plddt 0.44 ptm 0.88 i_ptm 0.55 energy -2.85
64 models [1] recycles 0 hard 0 soft 1 temp 1 loss 3.20 i_con 4.02 plddt 0.32 ptm 0.86 i_ptm 0.34 energy -2.94
65 models [2] recycles 0 hard 0 soft 1 temp 1 loss 4.09 i_con 4.90 plddt 0.24 ptm 0.85 i_ptm 0.11 energy -2.97
66 models [1] recycles 0 hard 0 soft 1 temp 1 loss 3.04 i_con 3.85 plddt 0.36 ptm 0.88 i_ptm 0.45 energy -2.92
67 models [4] recycles 0 hard 0 soft 1 temp 1 loss 2.76 i_con 3.61 plddt 0.45 ptm 0.89 i_ptm 0.58 energy -3.03
68 models [1] recycles 0 hard 0 soft 1 temp 1 loss 3.13 i_con 3.98 plddt 0.34 ptm 0.87 i_ptm 0.38 energy -3.04
69 models [2] recycles 0 hard 0 soft 1 temp 1 loss 2.82 i_con 3.71 plddt 0.45 ptm 0.87 i_ptm 0.55 energy -3.15
70 models [1] recycles 0 hard 0 soft 1 temp 1 loss 2.99 i_con 3.88 plddt 0.35 ptm 0.87 i_ptm 0.44 energy -3.18
71 models [2] recycles 0 hard 0 soft 1 temp 1 loss 2.80 i_con 3.69 plddt 0.38 ptm 0.87 i_ptm 0.49 energy -3.20
72 models [4] recycles 0 hard 0 soft 1 temp 1 loss 2.71 i_con 3.65 plddt 0.41 ptm 0.89 i_ptm 0.57 energy -3.34
73 models [2] recycles 0 hard 0 soft 1 temp 1 loss 2.70 i_con 3.66 plddt 0.43 ptm 0.87 i_ptm 0.55 energy -3.37
74 models [1] recycles 0 hard 0 soft 1 temp 1 loss 3.00 i_con 3.96 plddt 0.32 ptm 0.87 i_ptm 0.41 energy -3.45
75 models [4] recycles 0 hard 0 soft 1 temp 1 loss 2.74 i_con 3.71 plddt 0.36 ptm 0.89 i_ptm 0.53 energy -3.44
76 models [4] recycles 0 hard 0 soft 1 temp 1 loss 2.72 i_con 3.70 plddt 0.37 ptm 0.89 i_ptm 0.49 energy -3.48
77 models [3] recycles 0 hard 0 soft 1 temp 1 loss 2.82 i_con 3.85 plddt 0.36 ptm 0.87 i_ptm 0.51 energy -3.66
78 models [0] recycles 0 hard 0 soft 1 temp 1 loss 2.73 i_con 3.73 plddt 0.41 ptm 0.86 i_ptm 0.51 energy -3.54
79 models [3] recycles 0 hard 0 soft 1 temp 1 loss 2.59 i_con 3.65 plddt 0.39 ptm 0.87 i_ptm 0.58 energy -3.74
80 models [4] recycles 0 hard 0 soft 1 temp 1 loss 3.37 i_con 4.44 plddt 0.25 ptm 0.86 i_ptm 0.22 energy -3.84
81 models [0] recycles 0 hard 0 soft 1 temp 1 loss 2.69 i_con 3.74 plddt 0.43 ptm 0.86 i_ptm 0.50 energy -3.69
82 models [0] recycles 0 hard 0 soft 1 temp 1 loss 2.78 i_con 3.86 plddt 0.39 ptm 0.85 i_ptm 0.47 energy -3.80
83 models [2] recycles 0 hard 0 soft 1 temp 1 loss 2.52 i_con 3.64 plddt 0.45 ptm 0.87 i_ptm 0.55 energy -3.93
84 models [0] recycles 0 hard 0 soft 1 temp 1 loss 2.54 i_con 3.71 plddt 0.44 ptm 0.86 i_ptm 0.53 energy -4.10
85 models [3] recycles 0 hard 0 soft 1 temp 1 loss 2.54 i_con 3.68 plddt 0.37 ptm 0.87 i_ptm 0.51 energy -4.01
86 models [2] recycles 0 hard 0 soft 1 temp 1 loss 2.50 i_con 3.71 plddt 0.43 ptm 0.88 i_ptm 0.53 energy -4.21
87 models [4] recycles 0 hard 0 soft 1 temp 1 loss 2.51 i_con 3.73 plddt 0.40 ptm 0.89 i_ptm 0.53 energy -4.29
88 models [0] recycles 0 hard 0 soft 1 temp 1 loss 2.57 i_con 3.84 plddt 0.41 ptm 0.85 i_ptm 0.48 energy -4.42
89 models [0] recycles 0 hard 0 soft 1 temp 1 loss 2.38 i_con 3.64 plddt 0.46 ptm 0.86 i_ptm 0.55 energy -4.38
90 models [2] recycles 0 hard 0 soft 1 temp 1 loss 2.35 i_con 3.59 plddt 0.48 ptm 0.88 i_ptm 0.60 energy -4.29
91 models [4] recycles 0 hard 0 soft 1 temp 1 loss 2.12 i_con 3.35 plddt 0.56 ptm 0.89 i_ptm 0.70 energy -4.22
92 models [4] recycles 0 hard 0 soft 1 temp 1 loss 2.29 i_con 3.54 plddt 0.46 ptm 0.89 i_ptm 0.60 energy -4.36
93 models [3] recycles 0 hard 0 soft 1 temp 1 loss 2.45 i_con 3.70 plddt 0.39 ptm 0.87 i_ptm 0.54 energy -4.37
94 models [0] recycles 0 hard 0 soft 1 temp 1 loss 2.33 i_con 3.62 plddt 0.48 ptm 0.86 i_ptm 0.58 energy -4.47
95 models [0] recycles 0 hard 0 soft 1 temp 1 loss 2.39 i_con 3.70 plddt 0.47 ptm 0.86 i_ptm 0.55 energy -4.54
96 models [3] recycles 0 hard 0 soft 1 temp 1 loss 3.88 i_con 5.19 plddt 0.31 ptm 0.85 i_ptm 0.24 energy -4.62
97 models [3] recycles 0 hard 0 soft 1 temp 1 loss 2.26 i_con 3.57 plddt 0.42 ptm 0.87 i_ptm 0.59 energy -4.57
98 models [3] recycles 0 hard 0 soft 1 temp 1 loss 2.33 i_con 3.65 plddt 0.41 ptm 0.87 i_ptm 0.59 energy -4.60
99 models [0] recycles 0 hard 0 soft 1 temp 1 loss 2.23 i_con 3.60 plddt 0.50 ptm 0.85 i_ptm 0.61 energy -4.73
100 models [1] recycles 0 hard 0 soft 1 temp 1 loss 4.02 i_con 5.38 plddt 0.24 ptm 0.85 i_ptm 0.15 energy -4.80
101 models [3] recycles 0 hard 0 soft 0 temp 1 loss 3.43 i_con 5.29 plddt 0.22 ptm 0.84 i_ptm 0.13 energy -19.45
102 models [0] recycles 0 hard 0 soft 0 temp 0.98 loss 2.06 i_con 3.94 plddt 0.35 ptm 0.85 i_ptm 0.40 energy -19.52
103 models [3] recycles 0 hard 0 soft 0 temp 0.96 loss 2.50 i_con 4.43 plddt 0.23 ptm 0.18 i_ptm 0.22 energy -20.01
104 models [4] recycles 0 hard 0 soft 0 temp 0.94 loss 2.38 i_con 4.30 plddt 0.23 ptm 0.88 i_ptm 0.25 energy -19.97
105 models [1] recycles 0 hard 0 soft 0 temp 0.92 loss 4.44 i_con 6.36 plddt 0.27 ptm 0.86 i_ptm 0.19 energy -19.93
106 models [2] recycles 0 hard 0 soft 0 temp 0.90 loss 0.92 i_con 2.88 plddt 0.21 ptm 0.29 i_ptm 0.47 energy -20.38
107 models [2] recycles 0 hard 0 soft 0 temp 0.88 loss 1.50 i_con 3.47 plddt 0.17 ptm 0.34 i_ptm 0.49 energy -20.48
108 models [0] recycles 0 hard 0 soft 0 temp 0.86 loss 2.83 i_con 4.81 plddt 0.22 ptm 0.82 i_ptm 0.12 energy -20.49
109 models [4] recycles 0 hard 0 soft 0 temp 0.84 loss 4.15 i_con 6.13 plddt 0.21 ptm 0.86 i_ptm 0.16 energy -20.52
110 models [2] recycles 0 hard 0 soft 0 temp 0.82 loss 1.18 i_con 3.19 plddt 0.22 ptm 0.44 i_ptm 0.59 energy -20.83
111 models [0] recycles 0 hard 0 soft 0 temp 0.80 loss 2.09 i_con 4.11 plddt 0.31 ptm 0.84 i_ptm 0.32 energy -20.85
112 models [2] recycles 0 hard 0 soft 0 temp 0.78 loss 3.86 i_con 5.92 plddt 0.25 ptm 0.84 i_ptm 0.12 energy -21.44
113 models [3] recycles 0 hard 0 soft 0 temp 0.76 loss 2.96 i_con 5.03 plddt 0.18 ptm 0.82 i_ptm 0.12 energy -21.49
114 models [4] recycles 0 hard 0 soft 0 temp 0.74 loss 0.77 i_con 2.85 plddt 0.18 ptm 0.38 i_ptm 0.56 energy -21.59
115 models [3] recycles 0 hard 0 soft 0 temp 0.72 loss 2.36 i_con 4.43 plddt 0.14 ptm 0.18 i_ptm 0.21 energy -21.51
116 models [4] recycles 0 hard 0 soft 0 temp 0.70 loss -0.85 i_con 1.21 plddt 0.27 ptm 0.77 i_ptm 0.81 energy -21.40
117 models [1] recycles 0 hard 0 soft 0 temp 0.68 loss 2.08 i_con 4.10 plddt 0.14 ptm 0.42 i_ptm 0.61 energy -21.08
118 models [0] recycles 0 hard 0 soft 0 temp 0.66 loss 3.55 i_con 5.60 plddt 0.22 ptm 0.83 i_ptm 0.14 energy -21.29
119 models [0] recycles 0 hard 0 soft 0 temp 0.64 loss 3.09 i_con 5.15 plddt 0.23 ptm 0.83 i_ptm 0.13 energy -21.37
120 models [3] recycles 0 hard 0 soft 0 temp 0.62 loss 1.68 i_con 3.75 plddt 0.18 ptm 0.39 i_ptm 0.51 energy -21.47
121 models [4] recycles 0 hard 0 soft 0 temp 0.60 loss 3.42 i_con 5.47 plddt 0.17 ptm 0.79 i_ptm 0.17 energy -21.29
122 models [2] recycles 0 hard 0 soft 0 temp 0.58 loss 2.55 i_con 4.63 plddt 0.18 ptm 0.24 i_ptm 0.16 energy -21.66
123 models [3] recycles 0 hard 0 soft 0 temp 0.56 loss -1.92 i_con 0.18 plddt 0.35 ptm 0.59 i_ptm 0.63 energy -21.69
124 models [4] recycles 0 hard 0 soft 0 temp 0.54 loss 1.63 i_con 3.70 plddt 0.17 ptm 0.35 i_ptm 0.48 energy -21.60
125 models [2] recycles 0 hard 0 soft 0 temp 0.52 loss 1.75 i_con 3.83 plddt 0.22 ptm 0.40 i_ptm 0.52 energy -21.58
126 models [0] recycles 0 hard 0 soft 0 temp 0.50 loss 1.91 i_con 4.01 plddt 0.19 ptm 0.46 i_ptm 0.55 energy -21.80
127 models [1] recycles 0 hard 0 soft 0 temp 0.48 loss 3.29 i_con 5.40 plddt 0.24 ptm 0.75 i_ptm 0.10 energy -21.82
128 models [4] recycles 0 hard 0 soft 0 temp 0.46 loss 0.98 i_con 3.06 plddt 0.19 ptm 0.57 i_ptm 0.58 energy -21.65
129 models [3] recycles 0 hard 0 soft 0 temp 0.44 loss 1.66 i_con 3.76 plddt 0.17 ptm 0.39 i_ptm 0.49 energy -21.78
130 models [4] recycles 0 hard 0 soft 0 temp 0.42 loss 2.13 i_con 4.25 plddt 0.18 ptm 0.16 i_ptm 0.29 energy -21.99
131 models [2] recycles 0 hard 0 soft 0 temp 0.40 loss 1.05 i_con 3.20 plddt 0.30 ptm 0.37 i_ptm 0.53 energy -22.23
132 models [4] recycles 0 hard 0 soft 0 temp 0.38 loss 1.42 i_con 3.56 plddt 0.14 ptm 0.34 i_ptm 0.55 energy -22.28
133 models [0] recycles 0 hard 0 soft 0 temp 0.36 loss 3.62 i_con 5.76 plddt 0.22 ptm 0.79 i_ptm 0.17 energy -22.14
134 models [3] recycles 0 hard 0 soft 0 temp 0.34 loss 1.27 i_con 3.42 plddt 0.22 ptm 0.46 i_ptm 0.54 energy -22.26
135 models [2] recycles 0 hard 0 soft 0 temp 0.32 loss 0.52 i_con 2.66 plddt 0.29 ptm 0.36 i_ptm 0.45 energy -22.17
136 models [2] recycles 0 hard 0 soft 0 temp 0.30 loss 2.10 i_con 4.24 plddt 0.21 ptm 0.25 i_ptm 0.49 energy -22.16
137 models [2] recycles 0 hard 0 soft 0 temp 0.28 loss 1.79 i_con 3.93 plddt 0.17 ptm 0.25 i_ptm 0.33 energy -22.19
138 models [2] recycles 0 hard 0 soft 0 temp 0.26 loss 1.08 i_con 3.23 plddt 0.30 ptm 0.35 i_ptm 0.41 energy -22.20
139 models [4] recycles 0 hard 0 soft 0 temp 0.24 loss 1.77 i_con 3.92 plddt 0.20 ptm 0.21 i_ptm 0.34 energy -22.35
140 models [0] recycles 0 hard 0 soft 0 temp 0.22 loss 3.23 i_con 5.39 plddt 0.22 ptm 0.82 i_ptm 0.10 energy -22.45
141 models [1] recycles 0 hard 0 soft 0 temp 0.20 loss 4.02 i_con 6.19 plddt 0.27 ptm 0.86 i_ptm 0.15 energy -22.47
142 models [4] recycles 0 hard 0 soft 0 temp 0.18 loss 1.98 i_con 4.16 plddt 0.19 ptm 0.21 i_ptm 0.27 energy -22.55
143 models [3] recycles 0 hard 0 soft 0 temp 0.16 loss 1.39 i_con 3.60 plddt 0.19 ptm 0.36 i_ptm 0.47 energy -22.96
144 models [1] recycles 0 hard 0 soft 0 temp 0.14 loss 2.13 i_con 4.38 plddt 0.25 ptm 0.15 i_ptm 0.19 energy -23.16
145 models [0] recycles 0 hard 0 soft 0 temp 0.12 loss 1.88 i_con 4.15 plddt 0.22 ptm 0.23 i_ptm 0.26 energy -23.50
146 models [4] recycles 0 hard 0 soft 0 temp 0.10 loss 1.57 i_con 3.86 plddt 0.19 ptm 0.19 i_ptm 0.36 energy -23.63
147 models [0] recycles 0 hard 0 soft 0 temp 0.08 loss 0.96 i_con 3.25 plddt 0.26 ptm 0.25 i_ptm 0.41 energy -23.69
148 models [1] recycles 0 hard 0 soft 0 temp 0.06 loss 3.19 i_con 5.50 plddt 0.24 ptm 0.35 i_ptm 0.07 energy -23.81
149 models [0] recycles 0 hard 0 soft 0 temp 0.04 loss 1.32 i_con 3.64 plddt 0.27 ptm 0.29 i_ptm 0.52 energy -23.95
150 models [2] recycles 0 hard 0 soft 0 temp 0.02 loss 1.95 i_con 4.28 plddt 0.19 ptm 0.16 i_ptm 0.20 energy -24.12
151 models [1] recycles 0 hard 1 soft 0 temp 0.00 loss 2.22 i_con 5.63 plddt 0.23 ptm 0.85 i_ptm 0.19 energy -4.98
152 models [2] recycles 0 hard 1 soft 0 temp 0.00 loss 0.19 i_con 3.61 plddt 0.43 ptm 0.88 i_ptm 0.60 energy -4.98
153 models [1] recycles 0 hard 1 soft 0 temp 0.00 loss 2.22 i_con 5.63 plddt 0.23 ptm 0.85 i_ptm 0.19 energy -4.98
154 models [3] recycles 0 hard 1 soft 0 temp 0.00 loss -0.02 i_con 3.41 plddt 0.47 ptm 0.88 i_ptm 0.66 energy -4.98
155 models [4] recycles 0 hard 1 soft 0 temp 0.00 loss -0.05 i_con 3.38 plddt 0.47 ptm 0.90 i_ptm 0.68 energy -4.98
156 models [0] recycles 0 hard 1 soft 0 temp 0.00 loss 0.23 i_con 3.65 plddt 0.43 ptm 0.86 i_ptm 0.57 energy -4.98
157 models [2] recycles 0 hard 1 soft 0 temp 0.00 loss 0.19 i_con 3.61 plddt 0.43 ptm 0.88 i_ptm 0.60 energy -4.98
158 models [2] recycles 0 hard 1 soft 0 temp 0.00 loss 0.19 i_con 3.61 plddt 0.43 ptm 0.88 i_ptm 0.60 energy -4.98
159 models [3] recycles 0 hard 1 soft 0 temp 0.00 loss -0.02 i_con 3.41 plddt 0.47 ptm 0.88 i_ptm 0.66 energy -4.98
160 models [0] recycles 0 hard 1 soft 0 temp 0.00 loss 0.23 i_con 3.65 plddt 0.43 ptm 0.86 i_ptm 0.57 energy -4.98
161 models [0] recycles 0 hard 1 soft 0 temp 0.00 loss 0.23 i_con 3.65 plddt 0.43 ptm 0.86 i_ptm 0.57 energy -4.98
162 models [2] recycles 0 hard 1 soft 0 temp 0.00 loss 0.19 i_con 3.61 plddt 0.43 ptm 0.88 i_ptm 0.60 energy -4.98
163 models [1] recycles 0 hard 1 soft 0 temp 0.00 loss 2.22 i_con 5.63 plddt 0.23 ptm 0.85 i_ptm 0.19 energy -4.98
164 models [3] recycles 0 hard 1 soft 0 temp 0.00 loss -0.02 i_con 3.41 plddt 0.47 ptm 0.88 i_ptm 0.66 energy -4.98
165 models [2] recycles 0 hard 1 soft 0 temp 0.00 loss 0.19 i_con 3.61 plddt 0.43 ptm 0.88 i_ptm 0.60 energy -4.98
166 models [3] recycles 0 hard 1 soft 0 temp 0.00 loss -0.02 i_con 3.41 plddt 0.47 ptm 0.88 i_ptm 0.66 energy -4.98
167 models [3] recycles 0 hard 1 soft 0 temp 0.00 loss -0.02 i_con 3.41 plddt 0.47 ptm 0.88 i_ptm 0.66 energy -4.98
168 models [3] recycles 0 hard 1 soft 0 temp 0.00 loss -0.02 i_con 3.41 plddt 0.47 ptm 0.88 i_ptm 0.66 energy -4.98
169 models [2] recycles 0 hard 1 soft 0 temp 0.00 loss 0.19 i_con 3.61 plddt 0.43 ptm 0.88 i_ptm 0.60 energy -4.98
170 models [3] recycles 0 hard 1 soft 0 temp 0.00 loss -0.02 i_con 3.41 plddt 0.47 ptm 0.88 i_ptm 0.66 energy -4.98
171 models [2] recycles 0 hard 1 soft 0 temp 0.00 loss 0.19 i_con 3.61 plddt 0.43 ptm 0.88 i_ptm 0.60 energy -4.98
172 models [4] recycles 0 hard 1 soft 0 temp 0.00 loss -0.05 i_con 3.38 plddt 0.47 ptm 0.90 i_ptm 0.68 energy -4.98
173 models [2] recycles 0 hard 1 soft 0 temp 0.00 loss 0.19 i_con 3.61 plddt 0.43 ptm 0.88 i_ptm 0.60 energy -4.98
174 models [1] recycles 0 hard 1 soft 0 temp 0.00 loss 2.22 i_con 5.63 plddt 0.23 ptm 0.85 i_ptm 0.19 energy -4.98
175 models [2] recycles 0 hard 1 soft 0 temp 0.00 loss 0.19 i_con 3.61 plddt 0.43 ptm 0.88 i_ptm 0.60 energy -4.98
176 models [1] recycles 0 hard 1 soft 0 temp 0.00 loss 2.22 i_con 5.63 plddt 0.23 ptm 0.85 i_ptm 0.19 energy -4.98
177 models [1] recycles 0 hard 1 soft 0 temp 0.00 loss 2.22 i_con 5.63 plddt 0.23 ptm 0.85 i_ptm 0.19 energy -4.98
178 models [3] recycles 0 hard 1 soft 0 temp 0.00 loss -0.02 i_con 3.41 plddt 0.47 ptm 0.88 i_ptm 0.66 energy -4.98
179 models [4] recycles 0 hard 1 soft 0 temp 0.00 loss -0.05 i_con 3.38 plddt 0.47 ptm 0.90 i_ptm 0.68 energy -4.98
180 models [4] recycles 0 hard 1 soft 0 temp 0.00 loss -0.05 i_con 3.38 plddt 0.47 ptm 0.90 i_ptm 0.68 energy -4.98
  seq=TAKNAVADVWWQCDC  loss=-0.0470  loss_af=3.4375  energy=-4.9780  i_ptm=0.6789
[27/30] seed=26 ...
1 models [2] recycles 0 hard 0 soft 1 temp 1 loss 5.79 i_con 5.34 plddt 0.22 ptm 0.86 i_ptm 0.19 energy 7.40
2 models [4] recycles 0 hard 0 soft 1 temp 1 loss 4.76 i_con 4.33 plddt 0.25 ptm 0.87 i_ptm 0.25 energy 7.29
3 models [2] recycles 0 hard 0 soft 1 temp 1 loss 4.35 i_con 3.92 plddt 0.33 ptm 0.87 i_ptm 0.44 energy 7.12
4 models [2] recycles 0 hard 0 soft 1 temp 1 loss 4.32 i_con 3.92 plddt 0.34 ptm 0.86 i_ptm 0.44 energy 6.61
5 models [4] recycles 0 hard 0 soft 1 temp 1 loss 4.25 i_con 3.88 plddt 0.36 ptm 0.88 i_ptm 0.47 energy 6.10
6 models [4] recycles 0 hard 0 soft 1 temp 1 loss 4.25 i_con 3.91 plddt 0.32 ptm 0.88 i_ptm 0.43 energy 5.42
7 models [3] recycles 0 hard 0 soft 1 temp 1 loss 4.05 i_con 3.74 plddt 0.35 ptm 0.86 i_ptm 0.50 energy 4.72
8 models [2] recycles 0 hard 0 soft 1 temp 1 loss 4.06 i_con 3.78 plddt 0.34 ptm 0.87 i_ptm 0.47 energy 4.35
9 models [3] recycles 0 hard 0 soft 1 temp 1 loss 3.96 i_con 3.71 plddt 0.33 ptm 0.86 i_ptm 0.46 energy 3.78
10 models [2] recycles 0 hard 0 soft 1 temp 1 loss 3.95 i_con 3.73 plddt 0.39 ptm 0.87 i_ptm 0.45 energy 3.18
11 models [4] recycles 0 hard 0 soft 1 temp 1 loss 4.14 i_con 3.92 plddt 0.29 ptm 0.88 i_ptm 0.38 energy 2.87
12 models [3] recycles 0 hard 0 soft 1 temp 1 loss 3.94 i_con 3.74 plddt 0.34 ptm 0.86 i_ptm 0.46 energy 2.60
13 models [4] recycles 0 hard 0 soft 1 temp 1 loss 4.01 i_con 3.84 plddt 0.34 ptm 0.88 i_ptm 0.43 energy 2.20
14 models [0] recycles 0 hard 0 soft 1 temp 1 loss 4.34 i_con 4.17 plddt 0.28 ptm 0.84 i_ptm 0.28 energy 1.99
15 models [3] recycles 0 hard 0 soft 1 temp 1 loss 3.81 i_con 3.66 plddt 0.42 ptm 0.87 i_ptm 0.54 energy 1.94
16 models [3] recycles 0 hard 0 soft 1 temp 1 loss 4.66 i_con 4.49 plddt 0.26 ptm 0.84 i_ptm 0.21 energy 1.76
17 models [1] recycles 0 hard 0 soft 1 temp 1 loss 4.37 i_con 4.20 plddt 0.26 ptm 0.86 i_ptm 0.25 energy 1.76
18 models [1] recycles 0 hard 0 soft 1 temp 1 loss 4.16 i_con 4.01 plddt 0.27 ptm 0.87 i_ptm 0.33 energy 1.56
19 models [0] recycles 0 hard 0 soft 1 temp 1 loss 4.09 i_con 3.96 plddt 0.31 ptm 0.84 i_ptm 0.40 energy 1.40
20 models [4] recycles 0 hard 0 soft 1 temp 1 loss 4.19 i_con 4.07 plddt 0.29 ptm 0.88 i_ptm 0.35 energy 1.01
21 models [0] recycles 0 hard 0 soft 1 temp 1 loss 4.10 i_con 3.98 plddt 0.33 ptm 0.84 i_ptm 0.40 energy 1.01
22 models [2] recycles 0 hard 0 soft 1 temp 1 loss 3.87 i_con 3.77 plddt 0.39 ptm 0.87 i_ptm 0.50 energy 0.78
23 models [0] recycles 0 hard 0 soft 1 temp 1 loss 4.05 i_con 3.95 plddt 0.32 ptm 0.85 i_ptm 0.40 energy 0.48
24 models [4] recycles 0 hard 0 soft 1 temp 1 loss 4.11 i_con 4.02 plddt 0.29 ptm 0.87 i_ptm 0.33 energy 0.33
25 models [3] recycles 0 hard 0 soft 1 temp 1 loss 3.93 i_con 3.85 plddt 0.31 ptm 0.86 i_ptm 0.40 energy 0.15
26 models [1] recycles 0 hard 0 soft 1 temp 1 loss 4.01 i_con 3.93 plddt 0.30 ptm 0.87 i_ptm 0.38 energy 0.20
27 models [0] recycles 0 hard 0 soft 1 temp 1 loss 4.11 i_con 4.04 plddt 0.29 ptm 0.85 i_ptm 0.33 energy 0.01
28 models [4] recycles 0 hard 0 soft 1 temp 1 loss 3.86 i_con 3.80 plddt 0.34 ptm 0.88 i_ptm 0.43 energy -0.04
29 models [3] recycles 0 hard 0 soft 1 temp 1 loss 3.65 i_con 3.61 plddt 0.41 ptm 0.87 i_ptm 0.53 energy -0.34
30 models [2] recycles 0 hard 0 soft 1 temp 1 loss 3.67 i_con 3.63 plddt 0.40 ptm 0.87 i_ptm 0.54 energy -0.47
31 models [2] recycles 0 hard 0 soft 1 temp 1 loss 3.69 i_con 3.67 plddt 0.36 ptm 0.87 i_ptm 0.53 energy -0.74
32 models [4] recycles 0 hard 0 soft 1 temp 1 loss 4.13 i_con 4.11 plddt 0.29 ptm 0.88 i_ptm 0.35 energy -1.03
33 models [4] recycles 0 hard 0 soft 1 temp 1 loss 3.94 i_con 3.93 plddt 0.32 ptm 0.88 i_ptm 0.41 energy -1.18
34 models [1] recycles 0 hard 0 soft 1 temp 1 loss 4.50 i_con 4.49 plddt 0.25 ptm 0.86 i_ptm 0.21 energy -1.39
35 models [0] recycles 0 hard 0 soft 1 temp 1 loss 3.93 i_con 3.93 plddt 0.33 ptm 0.84 i_ptm 0.40 energy -1.42
36 models [1] recycles 0 hard 0 soft 1 temp 1 loss 4.60 i_con 4.59 plddt 0.27 ptm 0.86 i_ptm 0.20 energy -1.42
37 models [2] recycles 0 hard 0 soft 1 temp 1 loss 3.74 i_con 3.75 plddt 0.40 ptm 0.88 i_ptm 0.51 energy -1.46
38 models [1] recycles 0 hard 0 soft 1 temp 1 loss 4.09 i_con 4.09 plddt 0.28 ptm 0.87 i_ptm 0.32 energy -1.55
39 models [0] recycles 0 hard 0 soft 1 temp 1 loss 3.81 i_con 3.81 plddt 0.33 ptm 0.86 i_ptm 0.42 energy -1.45
40 models [0] recycles 0 hard 0 soft 1 temp 1 loss 3.81 i_con 3.83 plddt 0.35 ptm 0.85 i_ptm 0.45 energy -1.66
41 models [1] recycles 0 hard 0 soft 1 temp 1 loss 3.88 i_con 3.90 plddt 0.29 ptm 0.86 i_ptm 0.39 energy -1.93
42 models [1] recycles 0 hard 0 soft 1 temp 1 loss 3.80 i_con 3.83 plddt 0.32 ptm 0.87 i_ptm 0.43 energy -2.07
43 models [2] recycles 0 hard 0 soft 1 temp 1 loss 3.68 i_con 3.73 plddt 0.37 ptm 0.87 i_ptm 0.52 energy -2.21
44 models [4] recycles 0 hard 0 soft 1 temp 1 loss 3.78 i_con 3.84 plddt 0.34 ptm 0.89 i_ptm 0.47 energy -2.44
45 models [0] recycles 0 hard 0 soft 1 temp 1 loss 3.83 i_con 3.88 plddt 0.35 ptm 0.85 i_ptm 0.43 energy -2.37
46 models [1] recycles 0 hard 0 soft 1 temp 1 loss 4.07 i_con 4.12 plddt 0.27 ptm 0.86 i_ptm 0.28 energy -2.50
47 models [2] recycles 0 hard 0 soft 1 temp 1 loss 3.65 i_con 3.71 plddt 0.39 ptm 0.87 i_ptm 0.49 energy -2.47
48 models [2] recycles 0 hard 0 soft 1 temp 1 loss 3.62 i_con 3.70 plddt 0.43 ptm 0.87 i_ptm 0.52 energy -2.74
49 models [2] recycles 0 hard 0 soft 1 temp 1 loss 3.59 i_con 3.66 plddt 0.40 ptm 0.88 i_ptm 0.53 energy -2.59
50 models [3] recycles 0 hard 0 soft 1 temp 1 loss 3.54 i_con 3.61 plddt 0.39 ptm 0.87 i_ptm 0.53 energy -2.68
51 models [3] recycles 0 hard 0 soft 1 temp 1 loss 2.86 i_con 3.63 plddt 0.40 ptm 0.87 i_ptm 0.54 energy -2.77
52 models [0] recycles 0 hard 0 soft 1 temp 1 loss 2.95 i_con 3.77 plddt 0.37 ptm 0.86 i_ptm 0.47 energy -2.95
53 models [2] recycles 0 hard 0 soft 1 temp 1 loss 2.75 i_con 3.66 plddt 0.38 ptm 0.87 i_ptm 0.50 energy -3.25
54 models [3] recycles 0 hard 0 soft 1 temp 1 loss 2.68 i_con 3.69 plddt 0.36 ptm 0.86 i_ptm 0.49 energy -3.56
55 models [2] recycles 0 hard 0 soft 1 temp 1 loss 2.68 i_con 3.69 plddt 0.38 ptm 0.87 i_ptm 0.48 energy -3.57
56 models [1] recycles 0 hard 0 soft 1 temp 1 loss 3.16 i_con 4.25 plddt 0.24 ptm 0.86 i_ptm 0.23 energy -3.89
57 models [3] recycles 0 hard 0 soft 1 temp 1 loss 2.58 i_con 3.64 plddt 0.40 ptm 0.87 i_ptm 0.54 energy -3.75
58 models [1] recycles 0 hard 0 soft 1 temp 1 loss 2.35 i_con 3.49 plddt 0.41 ptm 0.88 i_ptm 0.51 energy -3.98
59 models [2] recycles 0 hard 0 soft 1 temp 1 loss 2.52 i_con 3.68 plddt 0.38 ptm 0.87 i_ptm 0.51 energy -4.07
60 models [1] recycles 0 hard 0 soft 1 temp 1 loss 2.70 i_con 3.96 plddt 0.30 ptm 0.87 i_ptm 0.36 energy -4.42
61 models [1] recycles 0 hard 0 soft 1 temp 1 loss 2.93 i_con 4.22 plddt 0.24 ptm 0.86 i_ptm 0.21 energy -4.54
62 models [3] recycles 0 hard 0 soft 1 temp 1 loss 2.54 i_con 3.85 plddt 0.32 ptm 0.86 i_ptm 0.41 energy -4.60
63 models [2] recycles 0 hard 0 soft 1 temp 1 loss 2.37 i_con 3.78 plddt 0.34 ptm 0.87 i_ptm 0.45 energy -4.89
64 models [1] recycles 0 hard 0 soft 1 temp 1 loss 2.37 i_con 3.84 plddt 0.32 ptm 0.87 i_ptm 0.41 energy -5.13
65 models [1] recycles 0 hard 0 soft 1 temp 1 loss 2.64 i_con 4.07 plddt 0.26 ptm 0.86 i_ptm 0.30 energy -5.00
66 models [0] recycles 0 hard 0 soft 1 temp 1 loss 2.45 i_con 3.90 plddt 0.32 ptm 0.85 i_ptm 0.41 energy -5.04
67 models [1] recycles 0 hard 0 soft 1 temp 1 loss 2.28 i_con 3.81 plddt 0.32 ptm 0.87 i_ptm 0.41 energy -5.35
68 models [4] recycles 0 hard 0 soft 1 temp 1 loss 2.16 i_con 3.64 plddt 0.38 ptm 0.88 i_ptm 0.48 energy -5.12
69 models [4] recycles 0 hard 0 soft 1 temp 1 loss 2.23 i_con 3.80 plddt 0.33 ptm 0.88 i_ptm 0.41 energy -5.47
70 models [2] recycles 0 hard 0 soft 1 temp 1 loss 2.12 i_con 3.75 plddt 0.36 ptm 0.87 i_ptm 0.45 energy -5.67
71 models [3] recycles 0 hard 0 soft 1 temp 1 loss 2.07 i_con 3.77 plddt 0.35 ptm 0.87 i_ptm 0.48 energy -5.89
72 models [3] recycles 0 hard 0 soft 1 temp 1 loss 1.97 i_con 3.73 plddt 0.37 ptm 0.87 i_ptm 0.47 energy -6.08
73 models [3] recycles 0 hard 0 soft 1 temp 1 loss 2.00 i_con 3.81 plddt 0.34 ptm 0.86 i_ptm 0.43 energy -6.25
74 models [3] recycles 0 hard 0 soft 1 temp 1 loss 1.74 i_con 3.58 plddt 0.40 ptm 0.87 i_ptm 0.51 energy -6.32
75 models [3] recycles 0 hard 0 soft 1 temp 1 loss 1.90 i_con 3.78 plddt 0.34 ptm 0.86 i_ptm 0.45 energy -6.47
76 models [1] recycles 0 hard 0 soft 1 temp 1 loss 2.91 i_con 4.85 plddt 0.21 ptm 0.86 i_ptm 0.13 energy -6.73
77 models [3] recycles 0 hard 0 soft 1 temp 1 loss 2.39 i_con 4.30 plddt 0.27 ptm 0.86 i_ptm 0.26 energy -6.62
78 models [3] recycles 0 hard 0 soft 1 temp 1 loss 1.89 i_con 3.87 plddt 0.30 ptm 0.85 i_ptm 0.42 energy -6.83
79 models [0] recycles 0 hard 0 soft 1 temp 1 loss 2.07 i_con 4.10 plddt 0.29 ptm 0.85 i_ptm 0.31 energy -6.98
80 models [4] recycles 0 hard 0 soft 1 temp 1 loss 1.93 i_con 3.97 plddt 0.27 ptm 0.88 i_ptm 0.35 energy -7.05
81 models [1] recycles 0 hard 0 soft 1 temp 1 loss 2.22 i_con 4.28 plddt 0.25 ptm 0.86 i_ptm 0.24 energy -7.10
82 models [3] recycles 0 hard 0 soft 1 temp 1 loss 1.74 i_con 3.79 plddt 0.33 ptm 0.86 i_ptm 0.43 energy -7.06
83 models [3] recycles 0 hard 0 soft 1 temp 1 loss 1.64 i_con 3.71 plddt 0.37 ptm 0.87 i_ptm 0.47 energy -7.10
84 models [2] recycles 0 hard 0 soft 1 temp 1 loss 1.72 i_con 3.83 plddt 0.33 ptm 0.87 i_ptm 0.41 energy -7.22
85 models [3] recycles 0 hard 0 soft 1 temp 1 loss 1.64 i_con 3.75 plddt 0.33 ptm 0.86 i_ptm 0.45 energy -7.23
86 models [1] recycles 0 hard 0 soft 1 temp 1 loss 1.80 i_con 3.93 plddt 0.29 ptm 0.87 i_ptm 0.36 energy -7.35
87 models [2] recycles 0 hard 0 soft 1 temp 1 loss 1.59 i_con 3.74 plddt 0.34 ptm 0.87 i_ptm 0.45 energy -7.37
88 models [4] recycles 0 hard 0 soft 1 temp 1 loss 3.10 i_con 5.27 plddt 0.24 ptm 0.86 i_ptm 0.19 energy -7.50
89 models [0] recycles 0 hard 0 soft 1 temp 1 loss 1.83 i_con 4.00 plddt 0.29 ptm 0.85 i_ptm 0.35 energy -7.47
90 models [0] recycles 0 hard 0 soft 1 temp 1 loss 1.63 i_con 3.85 plddt 0.34 ptm 0.86 i_ptm 0.46 energy -7.63
91 models [2] recycles 0 hard 0 soft 1 temp 1 loss 1.73 i_con 3.94 plddt 0.29 ptm 0.86 i_ptm 0.37 energy -7.60
92 models [3] recycles 0 hard 0 soft 1 temp 1 loss 2.21 i_con 4.46 plddt 0.28 ptm 0.85 i_ptm 0.24 energy -7.75
93 models [3] recycles 0 hard 0 soft 1 temp 1 loss 1.65 i_con 3.91 plddt 0.32 ptm 0.86 i_ptm 0.42 energy -7.76
94 models [1] recycles 0 hard 0 soft 1 temp 1 loss 3.12 i_con 5.40 plddt 0.23 ptm 0.86 i_ptm 0.16 energy -7.87
95 models [3] recycles 0 hard 0 soft 1 temp 1 loss 1.59 i_con 3.88 plddt 0.31 ptm 0.86 i_ptm 0.41 energy -7.88
96 models [2] recycles 0 hard 0 soft 1 temp 1 loss 1.65 i_con 3.97 plddt 0.28 ptm 0.87 i_ptm 0.35 energy -7.96
97 models [0] recycles 0 hard 0 soft 1 temp 1 loss 1.62 i_con 3.95 plddt 0.32 ptm 0.86 i_ptm 0.39 energy -7.99
98 models [0] recycles 0 hard 0 soft 1 temp 1 loss 1.58 i_con 3.98 plddt 0.30 ptm 0.84 i_ptm 0.38 energy -8.21
99 models [3] recycles 0 hard 0 soft 1 temp 1 loss 1.52 i_con 3.95 plddt 0.31 ptm 0.86 i_ptm 0.39 energy -8.33
100 models [0] recycles 0 hard 0 soft 1 temp 1 loss 1.59 i_con 4.06 plddt 0.29 ptm 0.85 i_ptm 0.33 energy -8.47
101 models [0] recycles 0 hard 0 soft 0 temp 1 loss 1.22 i_con 5.35 plddt 0.25 ptm 0.83 i_ptm 0.13 energy -42.04
102 models [3] recycles 0 hard 0 soft 0 temp 0.98 loss 1.83 i_con 6.02 plddt 0.25 ptm 0.85 i_ptm 0.23 energy -42.68
103 models [0] recycles 0 hard 0 soft 0 temp 0.96 loss 0.43 i_con 4.68 plddt 0.27 ptm 0.83 i_ptm 0.22 energy -43.32
104 models [4] recycles 0 hard 0 soft 0 temp 0.94 loss 1.37 i_con 5.80 plddt 0.22 ptm 0.86 i_ptm 0.16 energy -45.10
105 models [2] recycles 0 hard 0 soft 0 temp 0.92 loss 1.01 i_con 5.50 plddt 0.23 ptm 0.85 i_ptm 0.13 energy -45.68
106 models [0] recycles 0 hard 0 soft 0 temp 0.90 loss 0.32 i_con 4.81 plddt 0.25 ptm 0.83 i_ptm 0.18 energy -45.64
107 models [3] recycles 0 hard 0 soft 0 temp 0.88 loss 0.05 i_con 4.63 plddt 0.22 ptm 0.84 i_ptm 0.17 energy -46.57
108 models [3] recycles 0 hard 0 soft 0 temp 0.86 loss -0.17 i_con 4.48 plddt 0.28 ptm 0.85 i_ptm 0.29 energy -47.26
109 models [2] recycles 0 hard 0 soft 0 temp 0.84 loss -0.63 i_con 4.21 plddt 0.27 ptm 0.86 i_ptm 0.30 energy -49.08
110 models [0] recycles 0 hard 0 soft 0 temp 0.82 loss 0.01 i_con 4.84 plddt 0.24 ptm 0.83 i_ptm 0.19 energy -49.08
111 models [1] recycles 0 hard 0 soft 0 temp 0.80 loss 1.18 i_con 6.07 plddt 0.27 ptm 0.86 i_ptm 0.19 energy -49.67
112 models [4] recycles 0 hard 0 soft 0 temp 0.78 loss -0.21 i_con 4.76 plddt 0.24 ptm 0.88 i_ptm 0.20 energy -50.46
113 models [4] recycles 0 hard 0 soft 0 temp 0.76 loss 0.26 i_con 5.31 plddt 0.22 ptm 0.87 i_ptm 0.12 energy -51.30
114 models [3] recycles 0 hard 0 soft 0 temp 0.74 loss -0.49 i_con 4.61 plddt 0.27 ptm 0.85 i_ptm 0.26 energy -51.77
115 models [4] recycles 0 hard 0 soft 0 temp 0.72 loss 0.10 i_con 5.36 plddt 0.21 ptm 0.87 i_ptm 0.14 energy -53.39
116 models [1] recycles 0 hard 0 soft 0 temp 0.70 loss 0.31 i_con 5.67 plddt 0.23 ptm 0.85 i_ptm 0.15 energy -54.39
117 models [1] recycles 0 hard 0 soft 0 temp 0.68 loss 0.32 i_con 5.75 plddt 0.25 ptm 0.86 i_ptm 0.16 energy -55.05
118 models [0] recycles 0 hard 0 soft 0 temp 0.66 loss -0.77 i_con 4.71 plddt 0.25 ptm 0.84 i_ptm 0.21 energy -55.60
119 models [4] recycles 0 hard 0 soft 0 temp 0.64 loss -1.18 i_con 4.52 plddt 0.26 ptm 0.88 i_ptm 0.28 energy -57.72
120 models [4] recycles 0 hard 0 soft 0 temp 0.62 loss -1.39 i_con 4.46 plddt 0.26 ptm 0.88 i_ptm 0.28 energy -59.27
121 models [0] recycles 0 hard 0 soft 0 temp 0.60 loss -1.17 i_con 4.75 plddt 0.22 ptm 0.84 i_ptm 0.18 energy -59.95
122 models [1] recycles 0 hard 0 soft 0 temp 0.58 loss -0.81 i_con 5.19 plddt 0.23 ptm 0.86 i_ptm 0.12 energy -60.77
123 models [1] recycles 0 hard 0 soft 0 temp 0.56 loss -0.94 i_con 5.19 plddt 0.23 ptm 0.85 i_ptm 0.11 energy -62.00
124 models [3] recycles 0 hard 0 soft 0 temp 0.54 loss -1.64 i_con 4.49 plddt 0.26 ptm 0.85 i_ptm 0.26 energy -62.10
125 models [2] recycles 0 hard 0 soft 0 temp 0.52 loss -1.83 i_con 4.50 plddt 0.28 ptm 0.86 i_ptm 0.30 energy -63.99
126 models [0] recycles 0 hard 0 soft 0 temp 0.50 loss -1.81 i_con 4.71 plddt 0.21 ptm 0.83 i_ptm 0.20 energy -65.92
127 models [3] recycles 0 hard 0 soft 0 temp 0.48 loss -2.21 i_con 4.50 plddt 0.27 ptm 0.85 i_ptm 0.29 energy -67.81
128 models [4] recycles 0 hard 0 soft 0 temp 0.46 loss -2.25 i_con 4.64 plddt 0.21 ptm 0.87 i_ptm 0.20 energy -69.64
129 models [4] recycles 0 hard 0 soft 0 temp 0.44 loss -1.62 i_con 5.32 plddt 0.21 ptm 0.87 i_ptm 0.15 energy -70.15
130 models [1] recycles 0 hard 0 soft 0 temp 0.42 loss -1.85 i_con 5.12 plddt 0.22 ptm 0.86 i_ptm 0.12 energy -70.51
131 models [0] recycles 0 hard 0 soft 0 temp 0.40 loss -2.38 i_con 4.60 plddt 0.24 ptm 0.84 i_ptm 0.21 energy -70.55
132 models [3] recycles 0 hard 0 soft 0 temp 0.38 loss -2.64 i_con 4.53 plddt 0.25 ptm 0.84 i_ptm 0.26 energy -72.41
133 models [4] recycles 0 hard 0 soft 0 temp 0.36 loss -2.86 i_con 4.47 plddt 0.25 ptm 0.88 i_ptm 0.29 energy -74.07
134 models [1] recycles 0 hard 0 soft 0 temp 0.34 loss -1.84 i_con 5.61 plddt 0.24 ptm 0.86 i_ptm 0.17 energy -75.19
135 models [4] recycles 0 hard 0 soft 0 temp 0.32 loss -2.98 i_con 4.48 plddt 0.24 ptm 0.88 i_ptm 0.22 energy -75.34
136 models [1] recycles 0 hard 0 soft 0 temp 0.30 loss -2.01 i_con 5.58 plddt 0.23 ptm 0.85 i_ptm 0.13 energy -76.64
137 models [3] recycles 0 hard 0 soft 0 temp 0.28 loss -3.05 i_con 4.61 plddt 0.24 ptm 0.85 i_ptm 0.24 energy -77.32
138 models [2] recycles 0 hard 0 soft 0 temp 0.26 loss -3.31 i_con 4.44 plddt 0.28 ptm 0.87 i_ptm 0.29 energy -78.23
139 models [0] recycles 0 hard 0 soft 0 temp 0.24 loss -3.30 i_con 4.62 plddt 0.22 ptm 0.84 i_ptm 0.22 energy -79.97
140 models [4] recycles 0 hard 0 soft 0 temp 0.22 loss -3.51 i_con 4.55 plddt 0.24 ptm 0.87 i_ptm 0.26 energy -81.36
141 models [3] recycles 0 hard 0 soft 0 temp 0.20 loss -3.77 i_con 4.45 plddt 0.24 ptm 0.84 i_ptm 0.23 energy -82.95
142 models [1] recycles 0 hard 0 soft 0 temp 0.18 loss -2.95 i_con 5.43 plddt 0.23 ptm 0.85 i_ptm 0.14 energy -84.52
143 models [4] recycles 0 hard 0 soft 0 temp 0.16 loss -2.89 i_con 5.53 plddt 0.20 ptm 0.87 i_ptm 0.11 energy -84.99
144 models [3] recycles 0 hard 0 soft 0 temp 0.14 loss -3.88 i_con 4.55 plddt 0.25 ptm 0.85 i_ptm 0.25 energy -85.04
145 models [2] recycles 0 hard 0 soft 0 temp 0.12 loss -4.01 i_con 4.52 plddt 0.28 ptm 0.85 i_ptm 0.28 energy -86.05
146 models [4] recycles 0 hard 0 soft 0 temp 0.10 loss -4.14 i_con 4.54 plddt 0.26 ptm 0.88 i_ptm 0.30 energy -87.52
147 models [1] recycles 0 hard 0 soft 0 temp 0.08 loss -2.99 i_con 5.80 plddt 0.23 ptm 0.85 i_ptm 0.15 energy -88.72
148 models [4] recycles 0 hard 0 soft 0 temp 0.06 loss -4.43 i_con 4.40 plddt 0.26 ptm 0.88 i_ptm 0.33 energy -88.96
149 models [4] recycles 0 hard 0 soft 0 temp 0.04 loss -4.42 i_con 4.50 plddt 0.27 ptm 0.87 i_ptm 0.27 energy -89.91
150 models [4] recycles 0 hard 0 soft 0 temp 0.02 loss -4.58 i_con 4.47 plddt 0.25 ptm 0.87 i_ptm 0.28 energy -91.25
151 models [3] recycles 0 hard 1 soft 0 temp 0.00 loss -2.40 i_con 3.90 plddt 0.28 ptm 0.86 i_ptm 0.42 energy -9.11
152 models [4] recycles 0 hard 1 soft 0 temp 0.00 loss -1.88 i_con 4.42 plddt 0.19 ptm 0.87 i_ptm 0.23 energy -9.11
153 models [4] recycles 0 hard 1 soft 0 temp 0.00 loss -1.88 i_con 4.42 plddt 0.19 ptm 0.87 i_ptm 0.23 energy -9.11
154 models [3] recycles 0 hard 1 soft 0 temp 0.00 loss -2.40 i_con 3.90 plddt 0.28 ptm 0.86 i_ptm 0.42 energy -9.11
155 models [1] recycles 0 hard 1 soft 0 temp 0.00 loss -1.60 i_con 4.71 plddt 0.22 ptm 0.85 i_ptm 0.21 energy -9.11
156 models [3] recycles 0 hard 1 soft 0 temp 0.00 loss -2.40 i_con 3.90 plddt 0.28 ptm 0.86 i_ptm 0.42 energy -9.11
157 models [3] recycles 0 hard 1 soft 0 temp 0.00 loss -2.40 i_con 3.90 plddt 0.28 ptm 0.86 i_ptm 0.42 energy -9.11
158 models [2] recycles 0 hard 1 soft 0 temp 0.00 loss -2.38 i_con 3.93 plddt 0.26 ptm 0.87 i_ptm 0.39 energy -9.11
159 models [1] recycles 0 hard 1 soft 0 temp 0.00 loss -1.60 i_con 4.71 plddt 0.22 ptm 0.85 i_ptm 0.21 energy -9.11
160 models [4] recycles 0 hard 1 soft 0 temp 0.00 loss -1.88 i_con 4.42 plddt 0.19 ptm 0.87 i_ptm 0.23 energy -9.11
161 models [2] recycles 0 hard 1 soft 0 temp 0.00 loss -2.38 i_con 3.93 plddt 0.26 ptm 0.87 i_ptm 0.39 energy -9.11
162 models [1] recycles 0 hard 1 soft 0 temp 0.00 loss -1.60 i_con 4.71 plddt 0.22 ptm 0.85 i_ptm 0.21 energy -9.11
163 models [1] recycles 0 hard 1 soft 0 temp 0.00 loss -1.60 i_con 4.71 plddt 0.22 ptm 0.85 i_ptm 0.21 energy -9.11
164 models [1] recycles 0 hard 1 soft 0 temp 0.00 loss -1.60 i_con 4.71 plddt 0.22 ptm 0.85 i_ptm 0.21 energy -9.11
165 models [2] recycles 0 hard 1 soft 0 temp 0.00 loss -2.38 i_con 3.93 plddt 0.26 ptm 0.87 i_ptm 0.39 energy -9.11
166 models [4] recycles 0 hard 1 soft 0 temp 0.00 loss -1.88 i_con 4.42 plddt 0.19 ptm 0.87 i_ptm 0.23 energy -9.11
167 models [1] recycles 0 hard 1 soft 0 temp 0.00 loss -1.60 i_con 4.71 plddt 0.22 ptm 0.85 i_ptm 0.21 energy -9.11
168 models [1] recycles 0 hard 1 soft 0 temp 0.00 loss -1.60 i_con 4.71 plddt 0.22 ptm 0.85 i_ptm 0.21 energy -9.11
169 models [0] recycles 0 hard 1 soft 0 temp 0.00 loss -2.23 i_con 4.07 plddt 0.24 ptm 0.84 i_ptm 0.33 energy -9.11
170 models [3] recycles 0 hard 1 soft 0 temp 0.00 loss -2.40 i_con 3.90 plddt 0.28 ptm 0.86 i_ptm 0.42 energy -9.11
171 models [0] recycles 0 hard 1 soft 0 temp 0.00 loss -2.23 i_con 4.07 plddt 0.24 ptm 0.84 i_ptm 0.33 energy -9.11
172 models [0] recycles 0 hard 1 soft 0 temp 0.00 loss -2.23 i_con 4.07 plddt 0.24 ptm 0.84 i_ptm 0.33 energy -9.11
173 models [0] recycles 0 hard 1 soft 0 temp 0.00 loss -2.23 i_con 4.07 plddt 0.24 ptm 0.84 i_ptm 0.33 energy -9.11
174 models [2] recycles 0 hard 1 soft 0 temp 0.00 loss -2.38 i_con 3.93 plddt 0.26 ptm 0.87 i_ptm 0.39 energy -9.11
175 models [2] recycles 0 hard 1 soft 0 temp 0.00 loss -2.38 i_con 3.93 plddt 0.26 ptm 0.87 i_ptm 0.39 energy -9.11
176 models [2] recycles 0 hard 1 soft 0 temp 0.00 loss -2.38 i_con 3.93 plddt 0.26 ptm 0.87 i_ptm 0.39 energy -9.11
177 models [2] recycles 0 hard 1 soft 0 temp 0.00 loss -2.38 i_con 3.93 plddt 0.26 ptm 0.87 i_ptm 0.39 energy -9.11
178 models [2] recycles 0 hard 1 soft 0 temp 0.00 loss -2.38 i_con 3.93 plddt 0.26 ptm 0.87 i_ptm 0.39 energy -9.11
179 models [1] recycles 0 hard 1 soft 0 temp 0.00 loss -1.60 i_con 4.71 plddt 0.22 ptm 0.85 i_ptm 0.21 energy -9.11
180 models [2] recycles 0 hard 1 soft 0 temp 0.00 loss -2.38 i_con 3.93 plddt 0.26 ptm 0.87 i_ptm 0.39 energy -9.11
  seq=AINWLHMDSNYYAFS  loss=-2.3776  loss_af=4.0004  energy=-9.1114  i_ptm=0.3858
[28/30] seed=27 ...
1 models [1] recycles 0 hard 0 soft 1 temp 1 loss 4.87 i_con 4.42 plddt 0.21 ptm 0.85 i_ptm 0.19 energy 7.39
2 models [4] recycles 0 hard 0 soft 1 temp 1 loss 4.52 i_con 4.08 plddt 0.27 ptm 0.88 i_ptm 0.33 energy 7.33
3 models [0] recycles 0 hard 0 soft 1 temp 1 loss 4.82 i_con 4.39 plddt 0.24 ptm 0.84 i_ptm 0.20 energy 7.04
4 models [0] recycles 0 hard 0 soft 1 temp 1 loss 4.65 i_con 4.25 plddt 0.26 ptm 0.84 i_ptm 0.24 energy 6.68
5 models [4] recycles 0 hard 0 soft 1 temp 1 loss 4.35 i_con 3.97 plddt 0.33 ptm 0.88 i_ptm 0.40 energy 6.26
6 models [1] recycles 0 hard 0 soft 1 temp 1 loss 4.46 i_con 4.11 plddt 0.25 ptm 0.87 i_ptm 0.27 energy 5.58
7 models [3] recycles 0 hard 0 soft 1 temp 1 loss 4.02 i_con 3.71 plddt 0.37 ptm 0.86 i_ptm 0.49 energy 4.95
8 models [0] recycles 0 hard 0 soft 1 temp 1 loss 4.41 i_con 4.13 plddt 0.28 ptm 0.84 i_ptm 0.32 energy 4.13
9 models [2] recycles 0 hard 0 soft 1 temp 1 loss 4.16 i_con 3.90 plddt 0.31 ptm 0.87 i_ptm 0.39 energy 3.78
10 models [4] recycles 0 hard 0 soft 1 temp 1 loss 4.03 i_con 3.80 plddt 0.35 ptm 0.89 i_ptm 0.45 energy 3.38
11 models [3] recycles 0 hard 0 soft 1 temp 1 loss 3.99 i_con 3.77 plddt 0.33 ptm 0.86 i_ptm 0.42 energy 2.90
12 models [4] recycles 0 hard 0 soft 1 temp 1 loss 3.96 i_con 3.77 plddt 0.37 ptm 0.89 i_ptm 0.49 energy 2.47
13 models [4] recycles 0 hard 0 soft 1 temp 1 loss 4.02 i_con 3.85 plddt 0.38 ptm 0.88 i_ptm 0.49 energy 2.13
14 models [0] recycles 0 hard 0 soft 1 temp 1 loss 4.29 i_con 4.11 plddt 0.27 ptm 0.84 i_ptm 0.31 energy 1.96
15 models [2] recycles 0 hard 0 soft 1 temp 1 loss 3.92 i_con 3.77 plddt 0.34 ptm 0.86 i_ptm 0.45 energy 1.80
16 models [0] recycles 0 hard 0 soft 1 temp 1 loss 4.13 i_con 3.98 plddt 0.30 ptm 0.84 i_ptm 0.35 energy 1.54
17 models [1] recycles 0 hard 0 soft 1 temp 1 loss 4.30 i_con 4.15 plddt 0.25 ptm 0.86 i_ptm 0.26 energy 1.34
18 models [1] recycles 0 hard 0 soft 1 temp 1 loss 4.20 i_con 4.06 plddt 0.26 ptm 0.86 i_ptm 0.30 energy 1.21
19 models [4] recycles 0 hard 0 soft 1 temp 1 loss 3.82 i_con 3.71 plddt 0.35 ptm 0.89 i_ptm 0.50 energy 0.89
20 models [0] recycles 0 hard 0 soft 1 temp 1 loss 4.03 i_con 3.93 plddt 0.31 ptm 0.84 i_ptm 0.37 energy 0.50
21 models [0] recycles 0 hard 0 soft 1 temp 1 loss 4.13 i_con 4.06 plddt 0.30 ptm 0.84 i_ptm 0.34 energy 0.02
22 models [2] recycles 0 hard 0 soft 1 temp 1 loss 3.79 i_con 3.75 plddt 0.39 ptm 0.87 i_ptm 0.50 energy -0.46
23 models [4] recycles 0 hard 0 soft 1 temp 1 loss 3.67 i_con 3.66 plddt 0.36 ptm 0.88 i_ptm 0.49 energy -0.93
24 models [1] recycles 0 hard 0 soft 1 temp 1 loss 4.01 i_con 4.01 plddt 0.28 ptm 0.87 i_ptm 0.32 energy -1.41
25 models [0] recycles 0 hard 0 soft 1 temp 1 loss 3.84 i_con 3.85 plddt 0.34 ptm 0.85 i_ptm 0.43 energy -1.50
26 models [1] recycles 0 hard 0 soft 1 temp 1 loss 4.01 i_con 4.03 plddt 0.27 ptm 0.86 i_ptm 0.31 energy -1.73
27 models [1] recycles 0 hard 0 soft 1 temp 1 loss 4.06 i_con 4.08 plddt 0.27 ptm 0.87 i_ptm 0.30 energy -1.91
28 models [2] recycles 0 hard 0 soft 1 temp 1 loss 3.61 i_con 3.65 plddt 0.38 ptm 0.88 i_ptm 0.51 energy -2.14
29 models [3] recycles 0 hard 0 soft 1 temp 1 loss 3.63 i_con 3.68 plddt 0.37 ptm 0.87 i_ptm 0.48 energy -2.37
30 models [2] recycles 0 hard 0 soft 1 temp 1 loss 3.60 i_con 3.66 plddt 0.39 ptm 0.87 i_ptm 0.52 energy -2.51
31 models [3] recycles 0 hard 0 soft 1 temp 1 loss 3.68 i_con 3.74 plddt 0.33 ptm 0.86 i_ptm 0.44 energy -2.53
32 models [4] recycles 0 hard 0 soft 1 temp 1 loss 3.69 i_con 3.75 plddt 0.33 ptm 0.88 i_ptm 0.47 energy -2.64
33 models [4] recycles 0 hard 0 soft 1 temp 1 loss 3.58 i_con 3.65 plddt 0.39 ptm 0.89 i_ptm 0.51 energy -2.75
34 models [3] recycles 0 hard 0 soft 1 temp 1 loss 3.57 i_con 3.64 plddt 0.37 ptm 0.87 i_ptm 0.48 energy -2.79
35 models [1] recycles 0 hard 0 soft 1 temp 1 loss 3.72 i_con 3.80 plddt 0.30 ptm 0.87 i_ptm 0.43 energy -2.95
36 models [2] recycles 0 hard 0 soft 1 temp 1 loss 3.58 i_con 3.66 plddt 0.40 ptm 0.87 i_ptm 0.52 energy -2.96
37 models [2] recycles 0 hard 0 soft 1 temp 1 loss 3.55 i_con 3.64 plddt 0.38 ptm 0.88 i_ptm 0.51 energy -3.07
38 models [0] recycles 0 hard 0 soft 1 temp 1 loss 3.89 i_con 3.98 plddt 0.28 ptm 0.85 i_ptm 0.35 energy -3.15
39 models [1] recycles 0 hard 0 soft 1 temp 1 loss 4.67 i_con 4.75 plddt 0.24 ptm 0.86 i_ptm 0.18 energy -3.22
40 models [3] recycles 0 hard 0 soft 1 temp 1 loss 3.61 i_con 3.71 plddt 0.35 ptm 0.86 i_ptm 0.45 energy -3.28
41 models [1] recycles 0 hard 0 soft 1 temp 1 loss 3.81 i_con 3.91 plddt 0.29 ptm 0.87 i_ptm 0.39 energy -3.35
42 models [1] recycles 0 hard 0 soft 1 temp 1 loss 3.83 i_con 3.94 plddt 0.30 ptm 0.87 i_ptm 0.36 energy -3.47
43 models [1] recycles 0 hard 0 soft 1 temp 1 loss 3.86 i_con 3.96 plddt 0.28 ptm 0.87 i_ptm 0.36 energy -3.50
44 models [3] recycles 0 hard 0 soft 1 temp 1 loss 3.61 i_con 3.72 plddt 0.38 ptm 0.86 i_ptm 0.47 energy -3.55
45 models [1] recycles 0 hard 0 soft 1 temp 1 loss 3.84 i_con 3.95 plddt 0.30 ptm 0.87 i_ptm 0.36 energy -3.62
46 models [3] recycles 0 hard 0 soft 1 temp 1 loss 3.63 i_con 3.74 plddt 0.35 ptm 0.86 i_ptm 0.46 energy -3.55
47 models [3] recycles 0 hard 0 soft 1 temp 1 loss 3.59 i_con 3.70 plddt 0.37 ptm 0.86 i_ptm 0.46 energy -3.54
48 models [0] recycles 0 hard 0 soft 1 temp 1 loss 3.87 i_con 3.98 plddt 0.30 ptm 0.85 i_ptm 0.36 energy -3.61
49 models [4] recycles 0 hard 0 soft 1 temp 1 loss 3.59 i_con 3.71 plddt 0.37 ptm 0.88 i_ptm 0.51 energy -3.58
50 models [2] recycles 0 hard 0 soft 1 temp 1 loss 3.63 i_con 3.74 plddt 0.36 ptm 0.87 i_ptm 0.47 energy -3.54
51 models [1] recycles 0 hard 0 soft 1 temp 1 loss 2.84 i_con 3.87 plddt 0.33 ptm 0.87 i_ptm 0.39 energy -3.65
52 models [0] recycles 0 hard 0 soft 1 temp 1 loss 2.86 i_con 3.95 plddt 0.29 ptm 0.84 i_ptm 0.34 energy -3.86
53 models [4] recycles 0 hard 0 soft 1 temp 1 loss 2.56 i_con 3.73 plddt 0.35 ptm 0.89 i_ptm 0.46 energy -4.13
54 models [2] recycles 0 hard 0 soft 1 temp 1 loss 2.48 i_con 3.71 plddt 0.37 ptm 0.87 i_ptm 0.50 energy -4.29
55 models [4] recycles 0 hard 0 soft 1 temp 1 loss 2.44 i_con 3.70 plddt 0.37 ptm 0.88 i_ptm 0.50 energy -4.43
56 models [1] recycles 0 hard 0 soft 1 temp 1 loss 2.98 i_con 4.27 plddt 0.25 ptm 0.86 i_ptm 0.23 energy -4.55
57 models [4] recycles 0 hard 0 soft 1 temp 1 loss 2.45 i_con 3.74 plddt 0.34 ptm 0.88 i_ptm 0.50 energy -4.51
58 models [2] recycles 0 hard 0 soft 1 temp 1 loss 2.37 i_con 3.70 plddt 0.39 ptm 0.87 i_ptm 0.51 energy -4.64
59 models [1] recycles 0 hard 0 soft 1 temp 1 loss 2.51 i_con 3.89 plddt 0.31 ptm 0.87 i_ptm 0.44 energy -4.83
60 models [1] recycles 0 hard 0 soft 1 temp 1 loss 3.17 i_con 4.58 plddt 0.23 ptm 0.85 i_ptm 0.15 energy -4.96
61 models [1] recycles 0 hard 0 soft 1 temp 1 loss 2.55 i_con 4.01 plddt 0.28 ptm 0.86 i_ptm 0.34 energy -5.10
62 models [0] recycles 0 hard 0 soft 1 temp 1 loss 2.54 i_con 4.05 plddt 0.32 ptm 0.85 i_ptm 0.36 energy -5.26
63 models [1] recycles 0 hard 0 soft 1 temp 1 loss 3.22 i_con 4.71 plddt 0.24 ptm 0.85 i_ptm 0.15 energy -5.21
64 models [0] recycles 0 hard 0 soft 1 temp 1 loss 2.43 i_con 3.99 plddt 0.32 ptm 0.85 i_ptm 0.37 energy -5.42
65 models [0] recycles 0 hard 0 soft 1 temp 1 loss 2.33 i_con 3.93 plddt 0.35 ptm 0.84 i_ptm 0.40 energy -5.54
66 models [0] recycles 0 hard 0 soft 1 temp 1 loss 2.35 i_con 3.94 plddt 0.36 ptm 0.85 i_ptm 0.42 energy -5.53
67 models [0] recycles 0 hard 0 soft 1 temp 1 loss 2.31 i_con 3.97 plddt 0.34 ptm 0.84 i_ptm 0.37 energy -5.74
68 models [2] recycles 0 hard 0 soft 1 temp 1 loss 2.16 i_con 3.84 plddt 0.31 ptm 0.86 i_ptm 0.43 energy -5.81
69 models [1] recycles 0 hard 0 soft 1 temp 1 loss 3.03 i_con 4.68 plddt 0.26 ptm 0.86 i_ptm 0.17 energy -5.75
70 models [4] recycles 0 hard 0 soft 1 temp 1 loss 2.26 i_con 3.96 plddt 0.29 ptm 0.88 i_ptm 0.35 energy -5.88
71 models [3] recycles 0 hard 0 soft 1 temp 1 loss 2.00 i_con 3.73 plddt 0.36 ptm 0.86 i_ptm 0.49 energy -5.98
72 models [4] recycles 0 hard 0 soft 1 temp 1 loss 1.98 i_con 3.76 plddt 0.35 ptm 0.88 i_ptm 0.48 energy -6.16
73 models [0] recycles 0 hard 0 soft 1 temp 1 loss 2.09 i_con 3.94 plddt 0.35 ptm 0.85 i_ptm 0.40 energy -6.38
74 models [1] recycles 0 hard 0 soft 1 temp 1 loss 2.79 i_con 4.64 plddt 0.21 ptm 0.86 i_ptm 0.14 energy -6.41
75 models [3] recycles 0 hard 0 soft 1 temp 1 loss 1.96 i_con 3.84 plddt 0.36 ptm 0.85 i_ptm 0.44 energy -6.48
76 models [0] recycles 0 hard 0 soft 1 temp 1 loss 2.18 i_con 4.03 plddt 0.34 ptm 0.84 i_ptm 0.34 energy -6.37
77 models [3] recycles 0 hard 0 soft 1 temp 1 loss 2.85 i_con 4.76 plddt 0.28 ptm 0.84 i_ptm 0.18 energy -6.61
78 models [2] recycles 0 hard 0 soft 1 temp 1 loss 1.93 i_con 3.80 plddt 0.33 ptm 0.87 i_ptm 0.45 energy -6.46
79 models [1] recycles 0 hard 0 soft 1 temp 1 loss 3.22 i_con 5.14 plddt 0.25 ptm 0.85 i_ptm 0.13 energy -6.65
80 models [4] recycles 0 hard 0 soft 1 temp 1 loss 1.93 i_con 3.86 plddt 0.32 ptm 0.88 i_ptm 0.40 energy -6.68
81 models [3] recycles 0 hard 0 soft 1 temp 1 loss 1.83 i_con 3.81 plddt 0.35 ptm 0.86 i_ptm 0.45 energy -6.82
82 models [0] recycles 0 hard 0 soft 1 temp 1 loss 2.02 i_con 3.97 plddt 0.35 ptm 0.85 i_ptm 0.38 energy -6.71
83 models [2] recycles 0 hard 0 soft 1 temp 1 loss 1.81 i_con 3.80 plddt 0.34 ptm 0.87 i_ptm 0.45 energy -6.86
84 models [2] recycles 0 hard 0 soft 1 temp 1 loss 1.83 i_con 3.86 plddt 0.33 ptm 0.87 i_ptm 0.41 energy -6.99
85 models [1] recycles 0 hard 0 soft 1 temp 1 loss 3.10 i_con 5.11 plddt 0.25 ptm 0.86 i_ptm 0.13 energy -6.96
86 models [4] recycles 0 hard 0 soft 1 temp 1 loss 2.47 i_con 4.48 plddt 0.26 ptm 0.87 i_ptm 0.22 energy -6.96
87 models [4] recycles 0 hard 0 soft 1 temp 1 loss 1.94 i_con 4.00 plddt 0.28 ptm 0.88 i_ptm 0.34 energy -7.12
88 models [0] recycles 0 hard 0 soft 1 temp 1 loss 2.15 i_con 4.22 plddt 0.26 ptm 0.84 i_ptm 0.24 energy -7.16
89 models [4] recycles 0 hard 0 soft 1 temp 1 loss 1.92 i_con 3.99 plddt 0.30 ptm 0.88 i_ptm 0.34 energy -7.15
90 models [3] recycles 0 hard 0 soft 1 temp 1 loss 1.90 i_con 3.98 plddt 0.31 ptm 0.86 i_ptm 0.35 energy -7.16
91 models [2] recycles 0 hard 0 soft 1 temp 1 loss 1.76 i_con 3.83 plddt 0.33 ptm 0.86 i_ptm 0.45 energy -7.11
92 models [4] recycles 0 hard 0 soft 1 temp 1 loss 1.78 i_con 3.85 plddt 0.30 ptm 0.88 i_ptm 0.38 energy -7.14
93 models [1] recycles 0 hard 0 soft 1 temp 1 loss 1.79 i_con 3.84 plddt 0.31 ptm 0.87 i_ptm 0.38 energy -7.06
94 models [3] recycles 0 hard 0 soft 1 temp 1 loss 1.72 i_con 3.82 plddt 0.32 ptm 0.86 i_ptm 0.40 energy -7.24
95 models [2] recycles 0 hard 0 soft 1 temp 1 loss 1.98 i_con 4.12 plddt 0.29 ptm 0.86 i_ptm 0.30 energy -7.37
96 models [0] recycles 0 hard 0 soft 1 temp 1 loss 4.20 i_con 6.33 plddt 0.31 ptm 0.84 i_ptm 0.33 energy -7.32
97 models [1] recycles 0 hard 0 soft 1 temp 1 loss 2.83 i_con 4.96 plddt 0.24 ptm 0.86 i_ptm 0.13 energy -7.35
98 models [0] recycles 0 hard 0 soft 1 temp 1 loss 1.85 i_con 3.94 plddt 0.29 ptm 0.84 i_ptm 0.33 energy -7.18
99 models [4] recycles 0 hard 0 soft 1 temp 1 loss 1.71 i_con 3.81 plddt 0.32 ptm 0.88 i_ptm 0.44 energy -7.22
100 models [2] recycles 0 hard 0 soft 1 temp 1 loss 1.78 i_con 3.91 plddt 0.35 ptm 0.87 i_ptm 0.42 energy -7.29
101 models [1] recycles 0 hard 0 soft 0 temp 1 loss 2.18 i_con 6.36 plddt 0.30 ptm 0.87 i_ptm 0.21 energy -42.46
102 models [4] recycles 0 hard 0 soft 0 temp 0.98 loss 1.47 i_con 5.71 plddt 0.22 ptm 0.88 i_ptm 0.14 energy -43.11
103 models [0] recycles 0 hard 0 soft 0 temp 0.96 loss 0.30 i_con 4.52 plddt 0.24 ptm 0.83 i_ptm 0.21 energy -42.94
104 models [2] recycles 0 hard 0 soft 0 temp 0.94 loss 0.85 i_con 5.11 plddt 0.24 ptm 0.85 i_ptm 0.12 energy -43.38
105 models [2] recycles 0 hard 0 soft 0 temp 0.92 loss -0.11 i_con 4.13 plddt 0.23 ptm 0.28 i_ptm 0.32 energy -43.11
106 models [2] recycles 0 hard 0 soft 0 temp 0.90 loss -1.43 i_con 2.80 plddt 0.30 ptm 0.49 i_ptm 0.66 energy -42.95
107 models [1] recycles 0 hard 0 soft 0 temp 0.88 loss 1.47 i_con 5.69 plddt 0.26 ptm 0.86 i_ptm 0.14 energy -42.94
108 models [3] recycles 0 hard 0 soft 0 temp 0.86 loss 1.10 i_con 5.40 plddt 0.24 ptm 0.85 i_ptm 0.14 energy -43.78
109 models [1] recycles 0 hard 0 soft 0 temp 0.84 loss 1.79 i_con 6.10 plddt 0.27 ptm 0.86 i_ptm 0.18 energy -43.85
110 models [2] recycles 0 hard 0 soft 0 temp 0.82 loss -1.13 i_con 3.23 plddt 0.24 ptm 0.33 i_ptm 0.44 energy -44.40
111 models [0] recycles 0 hard 0 soft 0 temp 0.80 loss -0.08 i_con 4.27 plddt 0.25 ptm 0.83 i_ptm 0.25 energy -44.27
112 models [1] recycles 0 hard 0 soft 0 temp 0.78 loss 1.80 i_con 6.23 plddt 0.28 ptm 0.86 i_ptm 0.16 energy -45.04
113 models [3] recycles 0 hard 0 soft 0 temp 0.76 loss 1.03 i_con 5.50 plddt 0.21 ptm 0.85 i_ptm 0.12 energy -45.55
114 models [0] recycles 0 hard 0 soft 0 temp 0.74 loss 0.74 i_con 5.26 plddt 0.26 ptm 0.84 i_ptm 0.15 energy -45.95
115 models [0] recycles 0 hard 0 soft 0 temp 0.72 loss -1.24 i_con 3.33 plddt 0.25 ptm 0.33 i_ptm 0.53 energy -46.43
116 models [1] recycles 0 hard 0 soft 0 temp 0.70 loss 1.05 i_con 5.64 plddt 0.23 ptm 0.81 i_ptm 0.09 energy -46.61
117 models [3] recycles 0 hard 0 soft 0 temp 0.68 loss -1.69 i_con 2.89 plddt 0.25 ptm 0.74 i_ptm 0.74 energy -46.52
118 models [0] recycles 0 hard 0 soft 0 temp 0.66 loss -2.84 i_con 1.75 plddt 0.29 ptm 0.62 i_ptm 0.62 energy -46.59
119 models [1] recycles 0 hard 0 soft 0 temp 0.64 loss 1.54 i_con 6.10 plddt 0.27 ptm 0.86 i_ptm 0.17 energy -46.41
120 models [2] recycles 0 hard 0 soft 0 temp 0.62 loss -2.37 i_con 2.21 plddt 0.24 ptm 0.71 i_ptm 0.70 energy -46.59
121 models [1] recycles 0 hard 0 soft 0 temp 0.60 loss -1.02 i_con 3.55 plddt 0.20 ptm 0.48 i_ptm 0.61 energy -46.58
122 models [4] recycles 0 hard 0 soft 0 temp 0.58 loss -2.82 i_con 1.79 plddt 0.37 ptm 0.72 i_ptm 0.70 energy -46.70
123 models [4] recycles 0 hard 0 soft 0 temp 0.56 loss -0.61 i_con 3.97 plddt 0.14 ptm 0.51 i_ptm 0.49 energy -46.68
124 models [2] recycles 0 hard 0 soft 0 temp 0.54 loss -1.97 i_con 2.62 plddt 0.25 ptm 0.62 i_ptm 0.83 energy -46.61
125 models [3] recycles 0 hard 0 soft 0 temp 0.52 loss -1.13 i_con 3.46 plddt 0.17 ptm 0.52 i_ptm 0.60 energy -46.75
126 models [3] recycles 0 hard 0 soft 0 temp 0.50 loss -0.86 i_con 3.75 plddt 0.17 ptm 0.46 i_ptm 0.48 energy -46.93
127 models [0] recycles 0 hard 0 soft 0 temp 0.48 loss -2.88 i_con 1.76 plddt 0.26 ptm 0.71 i_ptm 0.65 energy -47.15
128 models [3] recycles 0 hard 0 soft 0 temp 0.46 loss -3.18 i_con 1.47 plddt 0.29 ptm 0.83 i_ptm 0.84 energy -47.14
129 models [2] recycles 0 hard 0 soft 0 temp 0.44 loss -1.29 i_con 3.35 plddt 0.19 ptm 0.52 i_ptm 0.68 energy -47.21
130 models [3] recycles 0 hard 0 soft 0 temp 0.42 loss -2.73 i_con 1.92 plddt 0.24 ptm 0.76 i_ptm 0.76 energy -47.26
131 models [1] recycles 0 hard 0 soft 0 temp 0.40 loss -2.30 i_con 2.34 plddt 0.27 ptm 0.68 i_ptm 0.71 energy -47.12
132 models [1] recycles 0 hard 0 soft 0 temp 0.38 loss 0.21 i_con 4.88 plddt 0.22 ptm 0.77 i_ptm 0.30 energy -47.42
133 models [0] recycles 0 hard 0 soft 0 temp 0.36 loss -2.59 i_con 2.10 plddt 0.32 ptm 0.70 i_ptm 0.75 energy -47.55
134 models [0] recycles 0 hard 0 soft 0 temp 0.34 loss -2.89 i_con 1.80 plddt 0.29 ptm 0.65 i_ptm 0.65 energy -47.58
135 models [0] recycles 0 hard 0 soft 0 temp 0.32 loss -1.74 i_con 2.95 plddt 0.25 ptm 0.53 i_ptm 0.59 energy -47.56
136 models [0] recycles 0 hard 0 soft 0 temp 0.30 loss -2.41 i_con 2.29 plddt 0.30 ptm 0.59 i_ptm 0.65 energy -47.74
137 models [0] recycles 0 hard 0 soft 0 temp 0.28 loss -2.90 i_con 1.84 plddt 0.26 ptm 0.66 i_ptm 0.67 energy -48.19
138 models [2] recycles 0 hard 0 soft 0 temp 0.26 loss -1.01 i_con 3.73 plddt 0.28 ptm 0.42 i_ptm 0.62 energy -48.18
139 models [1] recycles 0 hard 0 soft 0 temp 0.24 loss -0.45 i_con 4.28 plddt 0.18 ptm 0.23 i_ptm 0.27 energy -48.10
140 models [4] recycles 0 hard 0 soft 0 temp 0.22 loss -0.63 i_con 4.09 plddt 0.22 ptm 0.44 i_ptm 0.52 energy -47.93
141 models [1] recycles 0 hard 0 soft 0 temp 0.20 loss -2.85 i_con 1.94 plddt 0.32 ptm 0.68 i_ptm 0.64 energy -48.61
142 models [2] recycles 0 hard 0 soft 0 temp 0.18 loss -1.13 i_con 3.64 plddt 0.29 ptm 0.56 i_ptm 0.75 energy -48.36
143 models [2] recycles 0 hard 0 soft 0 temp 0.16 loss -1.08 i_con 3.70 plddt 0.27 ptm 0.35 i_ptm 0.67 energy -48.49
144 models [0] recycles 0 hard 0 soft 0 temp 0.14 loss -1.34 i_con 3.41 plddt 0.26 ptm 0.42 i_ptm 0.61 energy -48.25
145 models [0] recycles 0 hard 0 soft 0 temp 0.12 loss -1.06 i_con 3.69 plddt 0.20 ptm 0.36 i_ptm 0.51 energy -48.30
146 models [2] recycles 0 hard 0 soft 0 temp 0.10 loss -1.62 i_con 3.15 plddt 0.28 ptm 0.61 i_ptm 0.66 energy -48.41
147 models [4] recycles 0 hard 0 soft 0 temp 0.08 loss -3.42 i_con 1.34 plddt 0.34 ptm 0.84 i_ptm 0.79 energy -48.29
148 models [0] recycles 0 hard 0 soft 0 temp 0.06 loss -3.18 i_con 1.56 plddt 0.26 ptm 0.77 i_ptm 0.77 energy -48.20
149 models [4] recycles 0 hard 0 soft 0 temp 0.04 loss -2.97 i_con 1.82 plddt 0.32 ptm 0.78 i_ptm 0.74 energy -48.52
150 models [4] recycles 0 hard 0 soft 0 temp 0.02 loss -3.15 i_con 1.69 plddt 0.32 ptm 0.73 i_ptm 0.83 energy -49.06
151 models [3] recycles 0 hard 1 soft 0 temp 0.00 loss -0.30 i_con 4.03 plddt 0.25 ptm 0.86 i_ptm 0.33 energy -6.29
152 models [1] recycles 0 hard 1 soft 0 temp 0.00 loss 1.84 i_con 6.17 plddt 0.28 ptm 0.86 i_ptm 0.31 energy -6.29
153 models [0] recycles 0 hard 1 soft 0 temp 0.00 loss 1.54 i_con 5.87 plddt 0.26 ptm 0.84 i_ptm 0.32 energy -6.29
154 models [4] recycles 0 hard 1 soft 0 temp 0.00 loss -0.19 i_con 4.13 plddt 0.22 ptm 0.88 i_ptm 0.30 energy -6.29
155 models [3] recycles 0 hard 1 soft 0 temp 0.00 loss -0.30 i_con 4.03 plddt 0.25 ptm 0.86 i_ptm 0.33 energy -6.29
156 models [1] recycles 0 hard 1 soft 0 temp 0.00 loss 1.84 i_con 6.17 plddt 0.28 ptm 0.86 i_ptm 0.31 energy -6.29
157 models [3] recycles 0 hard 1 soft 0 temp 0.00 loss -0.30 i_con 4.03 plddt 0.25 ptm 0.86 i_ptm 0.33 energy -6.29
158 models [0] recycles 0 hard 1 soft 0 temp 0.00 loss 1.54 i_con 5.87 plddt 0.26 ptm 0.84 i_ptm 0.32 energy -6.29
159 models [4] recycles 0 hard 1 soft 0 temp 0.00 loss -0.19 i_con 4.13 plddt 0.22 ptm 0.88 i_ptm 0.30 energy -6.29
160 models [0] recycles 0 hard 1 soft 0 temp 0.00 loss 1.54 i_con 5.87 plddt 0.26 ptm 0.84 i_ptm 0.32 energy -6.29
161 models [2] recycles 0 hard 1 soft 0 temp 0.00 loss -0.57 i_con 3.77 plddt 0.32 ptm 0.87 i_ptm 0.49 energy -6.29
162 models [2] recycles 0 hard 1 soft 0 temp 0.00 loss -0.57 i_con 3.77 plddt 0.32 ptm 0.87 i_ptm 0.49 energy -6.29
163 models [0] recycles 0 hard 1 soft 0 temp 0.00 loss 1.54 i_con 5.87 plddt 0.26 ptm 0.84 i_ptm 0.32 energy -6.29
164 models [4] recycles 0 hard 1 soft 0 temp 0.00 loss -0.19 i_con 4.13 plddt 0.22 ptm 0.88 i_ptm 0.30 energy -6.29
165 models [3] recycles 0 hard 1 soft 0 temp 0.00 loss -0.30 i_con 4.03 plddt 0.25 ptm 0.86 i_ptm 0.33 energy -6.29
166 models [3] recycles 0 hard 1 soft 0 temp 0.00 loss -0.30 i_con 4.03 plddt 0.25 ptm 0.86 i_ptm 0.33 energy -6.29
167 models [4] recycles 0 hard 1 soft 0 temp 0.00 loss -0.19 i_con 4.13 plddt 0.22 ptm 0.88 i_ptm 0.30 energy -6.29
168 models [2] recycles 0 hard 1 soft 0 temp 0.00 loss -0.57 i_con 3.77 plddt 0.32 ptm 0.87 i_ptm 0.49 energy -6.29
169 models [4] recycles 0 hard 1 soft 0 temp 0.00 loss -0.19 i_con 4.13 plddt 0.22 ptm 0.88 i_ptm 0.30 energy -6.29
170 models [1] recycles 0 hard 1 soft 0 temp 0.00 loss 1.84 i_con 6.17 plddt 0.28 ptm 0.86 i_ptm 0.31 energy -6.29
171 models [1] recycles 0 hard 1 soft 0 temp 0.00 loss 1.84 i_con 6.17 plddt 0.28 ptm 0.86 i_ptm 0.31 energy -6.29
172 models [0] recycles 0 hard 1 soft 0 temp 0.00 loss 1.54 i_con 5.87 plddt 0.26 ptm 0.84 i_ptm 0.32 energy -6.29
173 models [0] recycles 0 hard 1 soft 0 temp 0.00 loss 1.54 i_con 5.87 plddt 0.26 ptm 0.84 i_ptm 0.32 energy -6.29
174 models [2] recycles 0 hard 1 soft 0 temp 0.00 loss -0.57 i_con 3.77 plddt 0.32 ptm 0.87 i_ptm 0.49 energy -6.29
175 models [0] recycles 0 hard 1 soft 0 temp 0.00 loss 1.54 i_con 5.87 plddt 0.26 ptm 0.84 i_ptm 0.32 energy -6.29
176 models [4] recycles 0 hard 1 soft 0 temp 0.00 loss -0.19 i_con 4.13 plddt 0.22 ptm 0.88 i_ptm 0.30 energy -6.29
177 models [4] recycles 0 hard 1 soft 0 temp 0.00 loss -0.19 i_con 4.13 plddt 0.22 ptm 0.88 i_ptm 0.30 energy -6.29
178 models [0] recycles 0 hard 1 soft 0 temp 0.00 loss 1.54 i_con 5.87 plddt 0.26 ptm 0.84 i_ptm 0.32 energy -6.29
179 models [0] recycles 0 hard 1 soft 0 temp 0.00 loss 1.54 i_con 5.87 plddt 0.26 ptm 0.84 i_ptm 0.32 energy -6.29
180 models [4] recycles 0 hard 1 soft 0 temp 0.00 loss -0.19 i_con 4.13 plddt 0.22 ptm 0.88 i_ptm 0.30 energy -6.29
  seq=GHNWWWICPNYNKDC  loss=-0.1918  loss_af=4.2134  energy=-6.2931  i_ptm=0.2956
[29/30] seed=28 ...
1 models [0] recycles 0 hard 0 soft 1 temp 1 loss 4.75 i_con 4.31 plddt 0.24 ptm 0.83 i_ptm 0.23 energy 7.39
2 models [0] recycles 0 hard 0 soft 1 temp 1 loss 4.59 i_con 4.16 plddt 0.26 ptm 0.85 i_ptm 0.29 energy 7.22
3 models [1] recycles 0 hard 0 soft 1 temp 1 loss 5.53 i_con 5.12 plddt 0.26 ptm 0.86 i_ptm 0.26 energy 6.72
4 models [2] recycles 0 hard 0 soft 1 temp 1 loss 4.42 i_con 4.03 plddt 0.33 ptm 0.86 i_ptm 0.37 energy 6.48
5 models [1] recycles 0 hard 0 soft 1 temp 1 loss 4.58 i_con 4.20 plddt 0.25 ptm 0.86 i_ptm 0.27 energy 6.03
6 models [2] recycles 0 hard 0 soft 1 temp 1 loss 4.28 i_con 3.93 plddt 0.32 ptm 0.87 i_ptm 0.41 energy 5.66
7 models [4] recycles 0 hard 0 soft 1 temp 1 loss 4.54 i_con 4.20 plddt 0.27 ptm 0.88 i_ptm 0.31 energy 5.35
8 models [0] recycles 0 hard 0 soft 1 temp 1 loss 4.16 i_con 3.85 plddt 0.37 ptm 0.85 i_ptm 0.47 energy 5.03
9 models [4] recycles 0 hard 0 soft 1 temp 1 loss 4.19 i_con 3.89 plddt 0.31 ptm 0.88 i_ptm 0.42 energy 4.58
10 models [0] recycles 0 hard 0 soft 1 temp 1 loss 4.45 i_con 4.17 plddt 0.28 ptm 0.84 i_ptm 0.29 energy 4.19
11 models [4] recycles 0 hard 0 soft 1 temp 1 loss 4.22 i_con 3.96 plddt 0.32 ptm 0.88 i_ptm 0.41 energy 3.97
12 models [0] recycles 0 hard 0 soft 1 temp 1 loss 4.14 i_con 3.89 plddt 0.34 ptm 0.85 i_ptm 0.44 energy 3.61
13 models [0] recycles 0 hard 0 soft 1 temp 1 loss 3.99 i_con 3.77 plddt 0.41 ptm 0.86 i_ptm 0.51 energy 3.19
14 models [4] recycles 0 hard 0 soft 1 temp 1 loss 4.97 i_con 4.75 plddt 0.24 ptm 0.87 i_ptm 0.17 energy 2.77
15 models [0] recycles 0 hard 0 soft 1 temp 1 loss 3.99 i_con 3.80 plddt 0.37 ptm 0.85 i_ptm 0.48 energy 2.64
16 models [4] recycles 0 hard 0 soft 1 temp 1 loss 4.07 i_con 3.89 plddt 0.32 ptm 0.88 i_ptm 0.43 energy 2.17
17 models [0] recycles 0 hard 0 soft 1 temp 1 loss 3.87 i_con 3.70 plddt 0.36 ptm 0.86 i_ptm 0.52 energy 2.07
18 models [4] recycles 0 hard 0 soft 1 temp 1 loss 3.72 i_con 3.57 plddt 0.47 ptm 0.89 i_ptm 0.61 energy 1.91
19 models [2] recycles 0 hard 0 soft 1 temp 1 loss 3.94 i_con 3.80 plddt 0.39 ptm 0.87 i_ptm 0.51 energy 1.74
20 models [4] recycles 0 hard 0 soft 1 temp 1 loss 4.17 i_con 4.03 plddt 0.31 ptm 0.87 i_ptm 0.33 energy 1.46
21 models [1] recycles 0 hard 0 soft 1 temp 1 loss 4.15 i_con 4.02 plddt 0.28 ptm 0.86 i_ptm 0.32 energy 1.26
22 models [3] recycles 0 hard 0 soft 1 temp 1 loss 3.85 i_con 3.72 plddt 0.36 ptm 0.86 i_ptm 0.48 energy 1.19
23 models [2] recycles 0 hard 0 soft 1 temp 1 loss 3.81 i_con 3.71 plddt 0.41 ptm 0.88 i_ptm 0.53 energy 0.93
24 models [3] recycles 0 hard 0 soft 1 temp 1 loss 3.78 i_con 3.69 plddt 0.39 ptm 0.87 i_ptm 0.53 energy 0.65
25 models [4] recycles 0 hard 0 soft 1 temp 1 loss 3.84 i_con 3.77 plddt 0.33 ptm 0.88 i_ptm 0.51 energy 0.09
26 models [2] recycles 0 hard 0 soft 1 temp 1 loss 3.68 i_con 3.63 plddt 0.44 ptm 0.87 i_ptm 0.56 energy -0.11
27 models [2] recycles 0 hard 0 soft 1 temp 1 loss 3.74 i_con 3.70 plddt 0.41 ptm 0.88 i_ptm 0.53 energy -0.27
28 models [4] recycles 0 hard 0 soft 1 temp 1 loss 3.97 i_con 3.93 plddt 0.32 ptm 0.88 i_ptm 0.43 energy -0.52
29 models [2] recycles 0 hard 0 soft 1 temp 1 loss 3.67 i_con 3.64 plddt 0.44 ptm 0.88 i_ptm 0.59 energy -0.68
30 models [3] recycles 0 hard 0 soft 1 temp 1 loss 4.36 i_con 4.32 plddt 0.28 ptm 0.84 i_ptm 0.26 energy -0.73
31 models [3] recycles 0 hard 0 soft 1 temp 1 loss 3.61 i_con 3.59 plddt 0.43 ptm 0.87 i_ptm 0.53 energy -0.78
32 models [4] recycles 0 hard 0 soft 1 temp 1 loss 3.78 i_con 3.76 plddt 0.35 ptm 0.89 i_ptm 0.50 energy -0.94
33 models [3] recycles 0 hard 0 soft 1 temp 1 loss 3.89 i_con 3.88 plddt 0.30 ptm 0.85 i_ptm 0.37 energy -1.33
34 models [0] recycles 0 hard 0 soft 1 temp 1 loss 3.67 i_con 3.68 plddt 0.41 ptm 0.86 i_ptm 0.55 energy -1.28
35 models [3] recycles 0 hard 0 soft 1 temp 1 loss 3.56 i_con 3.57 plddt 0.45 ptm 0.87 i_ptm 0.59 energy -1.36
36 models [0] recycles 0 hard 0 soft 1 temp 1 loss 3.77 i_con 3.77 plddt 0.35 ptm 0.85 i_ptm 0.45 energy -1.38
37 models [4] recycles 0 hard 0 soft 1 temp 1 loss 3.81 i_con 3.82 plddt 0.35 ptm 0.88 i_ptm 0.49 energy -1.53
38 models [0] recycles 0 hard 0 soft 1 temp 1 loss 3.69 i_con 3.71 plddt 0.41 ptm 0.85 i_ptm 0.50 energy -1.65
39 models [4] recycles 0 hard 0 soft 1 temp 1 loss 3.74 i_con 3.76 plddt 0.39 ptm 0.89 i_ptm 0.51 energy -1.63
40 models [3] recycles 0 hard 0 soft 1 temp 1 loss 3.58 i_con 3.61 plddt 0.42 ptm 0.87 i_ptm 0.56 energy -1.68
41 models [3] recycles 0 hard 0 soft 1 temp 1 loss 4.58 i_con 4.60 plddt 0.25 ptm 0.84 i_ptm 0.19 energy -1.81
42 models [1] recycles 0 hard 0 soft 1 temp 1 loss 4.11 i_con 4.13 plddt 0.26 ptm 0.86 i_ptm 0.25 energy -1.88
43 models [0] recycles 0 hard 0 soft 1 temp 1 loss 3.76 i_con 3.79 plddt 0.38 ptm 0.85 i_ptm 0.46 energy -1.77
44 models [0] recycles 0 hard 0 soft 1 temp 1 loss 3.70 i_con 3.74 plddt 0.38 ptm 0.85 i_ptm 0.48 energy -2.01
45 models [4] recycles 0 hard 0 soft 1 temp 1 loss 4.10 i_con 4.13 plddt 0.28 ptm 0.87 i_ptm 0.31 energy -2.02
46 models [3] recycles 0 hard 0 soft 1 temp 1 loss 3.66 i_con 3.70 plddt 0.39 ptm 0.87 i_ptm 0.54 energy -2.03
47 models [4] recycles 0 hard 0 soft 1 temp 1 loss 3.73 i_con 3.77 plddt 0.36 ptm 0.89 i_ptm 0.48 energy -2.06
48 models [1] recycles 0 hard 0 soft 1 temp 1 loss 3.96 i_con 4.00 plddt 0.27 ptm 0.87 i_ptm 0.35 energy -2.15
49 models [4] recycles 0 hard 0 soft 1 temp 1 loss 3.73 i_con 3.77 plddt 0.36 ptm 0.89 i_ptm 0.51 energy -2.09
50 models [1] recycles 0 hard 0 soft 1 temp 1 loss 3.86 i_con 3.90 plddt 0.33 ptm 0.87 i_ptm 0.42 energy -2.15
51 models [4] recycles 0 hard 0 soft 1 temp 1 loss 3.28 i_con 3.87 plddt 0.32 ptm 0.89 i_ptm 0.48 energy -2.19
52 models [0] recycles 0 hard 0 soft 1 temp 1 loss 3.16 i_con 3.84 plddt 0.38 ptm 0.85 i_ptm 0.43 energy -2.48
53 models [0] recycles 0 hard 0 soft 1 temp 1 loss 3.07 i_con 3.84 plddt 0.37 ptm 0.86 i_ptm 0.46 energy -2.75
54 models [3] recycles 0 hard 0 soft 1 temp 1 loss 3.15 i_con 3.98 plddt 0.29 ptm 0.85 i_ptm 0.34 energy -3.01
55 models [4] recycles 0 hard 0 soft 1 temp 1 loss 2.91 i_con 3.73 plddt 0.38 ptm 0.89 i_ptm 0.49 energy -2.95
56 models [0] recycles 0 hard 0 soft 1 temp 1 loss 2.93 i_con 3.78 plddt 0.38 ptm 0.86 i_ptm 0.49 energy -3.05
57 models [2] recycles 0 hard 0 soft 1 temp 1 loss 2.85 i_con 3.80 plddt 0.41 ptm 0.88 i_ptm 0.52 energy -3.35
58 models [3] recycles 0 hard 0 soft 1 temp 1 loss 2.76 i_con 3.75 plddt 0.37 ptm 0.87 i_ptm 0.47 energy -3.51
59 models [4] recycles 0 hard 0 soft 1 temp 1 loss 2.92 i_con 3.99 plddt 0.30 ptm 0.88 i_ptm 0.40 energy -3.80
60 models [0] recycles 0 hard 0 soft 1 temp 1 loss 2.77 i_con 3.89 plddt 0.38 ptm 0.85 i_ptm 0.46 energy -3.96
61 models [1] recycles 0 hard 0 soft 1 temp 1 loss 3.82 i_con 4.97 plddt 0.21 ptm 0.85 i_ptm 0.14 energy -4.11
62 models [3] recycles 0 hard 0 soft 1 temp 1 loss 2.61 i_con 3.72 plddt 0.34 ptm 0.87 i_ptm 0.51 energy -3.91
63 models [1] recycles 0 hard 0 soft 1 temp 1 loss 3.34 i_con 4.55 plddt 0.22 ptm 0.85 i_ptm 0.16 energy -4.31
64 models [0] recycles 0 hard 0 soft 1 temp 1 loss 2.63 i_con 3.79 plddt 0.41 ptm 0.86 i_ptm 0.48 energy -4.07
65 models [3] recycles 0 hard 0 soft 1 temp 1 loss 2.58 i_con 3.81 plddt 0.32 ptm 0.86 i_ptm 0.44 energy -4.33
66 models [3] recycles 0 hard 0 soft 1 temp 1 loss 2.41 i_con 3.75 plddt 0.36 ptm 0.86 i_ptm 0.47 energy -4.68
67 models [1] recycles 0 hard 0 soft 1 temp 1 loss 2.89 i_con 4.28 plddt 0.26 ptm 0.86 i_ptm 0.25 energy -4.87
68 models [4] recycles 0 hard 0 soft 1 temp 1 loss 2.50 i_con 3.91 plddt 0.33 ptm 0.88 i_ptm 0.40 energy -4.92
69 models [2] recycles 0 hard 0 soft 1 temp 1 loss 2.42 i_con 3.89 plddt 0.34 ptm 0.86 i_ptm 0.41 energy -5.13
70 models [1] recycles 0 hard 0 soft 1 temp 1 loss 2.57 i_con 4.11 plddt 0.31 ptm 0.87 i_ptm 0.33 energy -5.37
71 models [4] recycles 0 hard 0 soft 1 temp 1 loss 2.47 i_con 3.91 plddt 0.31 ptm 0.88 i_ptm 0.41 energy -5.03
72 models [4] recycles 0 hard 0 soft 1 temp 1 loss 2.33 i_con 3.83 plddt 0.33 ptm 0.88 i_ptm 0.44 energy -5.23
73 models [4] recycles 0 hard 0 soft 1 temp 1 loss 2.27 i_con 3.88 plddt 0.31 ptm 0.88 i_ptm 0.41 energy -5.58
74 models [0] recycles 0 hard 0 soft 1 temp 1 loss 2.73 i_con 4.40 plddt 0.27 ptm 0.84 i_ptm 0.19 energy -5.82
75 models [1] recycles 0 hard 0 soft 1 temp 1 loss 3.53 i_con 5.18 plddt 0.23 ptm 0.86 i_ptm 0.12 energy -5.76
76 models [1] recycles 0 hard 0 soft 1 temp 1 loss 3.68 i_con 5.31 plddt 0.23 ptm 0.85 i_ptm 0.13 energy -5.70
77 models [2] recycles 0 hard 0 soft 1 temp 1 loss 2.34 i_con 3.96 plddt 0.30 ptm 0.86 i_ptm 0.38 energy -5.63
78 models [4] recycles 0 hard 0 soft 1 temp 1 loss 3.72 i_con 5.39 plddt 0.23 ptm 0.87 i_ptm 0.18 energy -5.82
79 models [4] recycles 0 hard 0 soft 1 temp 1 loss 3.66 i_con 5.35 plddt 0.25 ptm 0.87 i_ptm 0.16 energy -5.87
80 models [2] recycles 0 hard 0 soft 1 temp 1 loss 2.11 i_con 3.84 plddt 0.36 ptm 0.87 i_ptm 0.44 energy -6.00
81 models [4] recycles 0 hard 0 soft 1 temp 1 loss 2.04 i_con 3.84 plddt 0.34 ptm 0.88 i_ptm 0.43 energy -6.22
82 models [0] recycles 0 hard 0 soft 1 temp 1 loss 2.31 i_con 4.15 plddt 0.31 ptm 0.84 i_ptm 0.28 energy -6.34
83 models [0] recycles 0 hard 0 soft 1 temp 1 loss 2.09 i_con 3.90 plddt 0.35 ptm 0.85 i_ptm 0.42 energy -6.25
84 models [0] recycles 0 hard 0 soft 1 temp 1 loss 2.44 i_con 4.31 plddt 0.29 ptm 0.83 i_ptm 0.23 energy -6.46
85 models [1] recycles 0 hard 0 soft 1 temp 1 loss 2.20 i_con 4.10 plddt 0.27 ptm 0.87 i_ptm 0.32 energy -6.57
86 models [2] recycles 0 hard 0 soft 1 temp 1 loss 1.94 i_con 3.84 plddt 0.37 ptm 0.86 i_ptm 0.45 energy -6.55
87 models [2] recycles 0 hard 0 soft 1 temp 1 loss 3.16 i_con 5.07 plddt 0.26 ptm 0.85 i_ptm 0.14 energy -6.63
88 models [4] recycles 0 hard 0 soft 1 temp 1 loss 3.41 i_con 5.29 plddt 0.26 ptm 0.87 i_ptm 0.22 energy -6.51
89 models [0] recycles 0 hard 0 soft 1 temp 1 loss 1.85 i_con 3.75 plddt 0.37 ptm 0.85 i_ptm 0.51 energy -6.55
90 models [4] recycles 0 hard 0 soft 1 temp 1 loss 3.04 i_con 4.96 plddt 0.26 ptm 0.86 i_ptm 0.14 energy -6.63
91 models [2] recycles 0 hard 0 soft 1 temp 1 loss 1.91 i_con 3.82 plddt 0.35 ptm 0.87 i_ptm 0.46 energy -6.57
92 models [3] recycles 0 hard 0 soft 1 temp 1 loss 2.73 i_con 4.67 plddt 0.30 ptm 0.84 i_ptm 0.14 energy -6.73
93 models [1] recycles 0 hard 0 soft 1 temp 1 loss 2.27 i_con 4.21 plddt 0.26 ptm 0.87 i_ptm 0.25 energy -6.71
94 models [1] recycles 0 hard 0 soft 1 temp 1 loss 3.37 i_con 5.30 plddt 0.27 ptm 0.86 i_ptm 0.16 energy -6.69
95 models [1] recycles 0 hard 0 soft 1 temp 1 loss 2.40 i_con 4.29 plddt 0.26 ptm 0.86 i_ptm 0.22 energy -6.54
96 models [0] recycles 0 hard 0 soft 1 temp 1 loss 2.00 i_con 3.93 plddt 0.37 ptm 0.85 i_ptm 0.40 energy -6.66
97 models [0] recycles 0 hard 0 soft 1 temp 1 loss 1.85 i_con 3.83 plddt 0.34 ptm 0.85 i_ptm 0.46 energy -6.82
98 models [3] recycles 0 hard 0 soft 1 temp 1 loss 2.44 i_con 4.43 plddt 0.30 ptm 0.85 i_ptm 0.26 energy -6.87
99 models [3] recycles 0 hard 0 soft 1 temp 1 loss 1.86 i_con 3.86 plddt 0.33 ptm 0.86 i_ptm 0.43 energy -6.91
100 models [4] recycles 0 hard 0 soft 1 temp 1 loss 1.95 i_con 3.99 plddt 0.33 ptm 0.88 i_ptm 0.35 energy -7.05
101 models [4] recycles 0 hard 0 soft 0 temp 1 loss 2.00 i_con 5.31 plddt 0.23 ptm 0.87 i_ptm 0.15 energy -33.80
102 models [2] recycles 0 hard 0 soft 0 temp 0.98 loss 2.32 i_con 5.62 plddt 0.25 ptm 0.85 i_ptm 0.16 energy -33.69
103 models [2] recycles 0 hard 0 soft 0 temp 0.96 loss 1.92 i_con 5.23 plddt 0.24 ptm 0.85 i_ptm 0.11 energy -33.84
104 models [1] recycles 0 hard 0 soft 0 temp 0.94 loss 2.90 i_con 6.27 plddt 0.27 ptm 0.86 i_ptm 0.18 energy -34.44
105 models [0] recycles 0 hard 0 soft 0 temp 0.92 loss 1.01 i_con 4.42 plddt 0.28 ptm 0.83 i_ptm 0.19 energy -34.86
106 models [4] recycles 0 hard 0 soft 0 temp 0.90 loss 1.94 i_con 5.37 plddt 0.21 ptm 0.86 i_ptm 0.14 energy -35.07
107 models [4] recycles 0 hard 0 soft 0 temp 0.88 loss 2.03 i_con 5.47 plddt 0.23 ptm 0.87 i_ptm 0.13 energy -35.21
108 models [2] recycles 0 hard 0 soft 0 temp 0.86 loss 0.61 i_con 4.10 plddt 0.29 ptm 0.86 i_ptm 0.30 energy -35.63
109 models [0] recycles 0 hard 0 soft 0 temp 0.84 loss 1.12 i_con 4.65 plddt 0.28 ptm 0.83 i_ptm 0.13 energy -36.05
110 models [4] recycles 0 hard 0 soft 0 temp 0.82 loss 1.51 i_con 5.01 plddt 0.18 ptm 0.84 i_ptm 0.20 energy -35.84
111 models [1] recycles 0 hard 0 soft 0 temp 0.80 loss 2.57 i_con 6.08 plddt 0.25 ptm 0.86 i_ptm 0.16 energy -35.89
112 models [2] recycles 0 hard 0 soft 0 temp 0.78 loss 0.86 i_con 4.42 plddt 0.25 ptm 0.85 i_ptm 0.19 energy -36.34
113 models [2] recycles 0 hard 0 soft 0 temp 0.76 loss 2.12 i_con 5.67 plddt 0.26 ptm 0.75 i_ptm 0.15 energy -36.25
114 models [1] recycles 0 hard 0 soft 0 temp 0.74 loss 2.22 i_con 5.77 plddt 0.25 ptm 0.85 i_ptm 0.14 energy -36.21
115 models [1] recycles 0 hard 0 soft 0 temp 0.72 loss 2.88 i_con 6.44 plddt 0.26 ptm 0.86 i_ptm 0.18 energy -36.33
116 models [0] recycles 0 hard 0 soft 0 temp 0.70 loss 0.29 i_con 3.93 plddt 0.31 ptm 0.84 i_ptm 0.34 energy -37.10
117 models [2] recycles 0 hard 0 soft 0 temp 0.68 loss 0.20 i_con 3.96 plddt 0.32 ptm 0.87 i_ptm 0.38 energy -38.35
118 models [1] recycles 0 hard 0 soft 0 temp 0.66 loss 2.36 i_con 6.24 plddt 0.28 ptm 0.86 i_ptm 0.16 energy -39.57
119 models [0] recycles 0 hard 0 soft 0 temp 0.64 loss 0.84 i_con 4.80 plddt 0.27 ptm 0.83 i_ptm 0.12 energy -40.34
120 models [3] recycles 0 hard 0 soft 0 temp 0.62 loss 0.83 i_con 4.80 plddt 0.25 ptm 0.85 i_ptm 0.12 energy -40.45
121 models [0] recycles 0 hard 0 soft 0 temp 0.60 loss 0.00 i_con 4.01 plddt 0.29 ptm 0.84 i_ptm 0.31 energy -40.79
122 models [3] recycles 0 hard 0 soft 0 temp 0.58 loss -0.23 i_con 3.94 plddt 0.30 ptm 0.87 i_ptm 0.39 energy -42.36
123 models [2] recycles 0 hard 0 soft 0 temp 0.56 loss -0.34 i_con 3.96 plddt 0.31 ptm 0.87 i_ptm 0.35 energy -43.64
124 models [1] recycles 0 hard 0 soft 0 temp 0.54 loss 1.14 i_con 5.52 plddt 0.25 ptm 0.85 i_ptm 0.14 energy -44.59
125 models [0] recycles 0 hard 0 soft 0 temp 0.52 loss -0.47 i_con 3.99 plddt 0.29 ptm 0.84 i_ptm 0.33 energy -45.32
126 models [0] recycles 0 hard 0 soft 0 temp 0.50 loss -0.34 i_con 4.28 plddt 0.28 ptm 0.84 i_ptm 0.21 energy -46.89
127 models [3] recycles 0 hard 0 soft 0 temp 0.48 loss -0.73 i_con 3.91 plddt 0.31 ptm 0.86 i_ptm 0.37 energy -47.05
128 models [2] recycles 0 hard 0 soft 0 temp 0.46 loss -0.88 i_con 3.92 plddt 0.30 ptm 0.87 i_ptm 0.37 energy -48.67
129 models [2] recycles 0 hard 0 soft 0 temp 0.44 loss -1.19 i_con 3.78 plddt 0.32 ptm 0.87 i_ptm 0.41 energy -50.37
130 models [2] recycles 0 hard 0 soft 0 temp 0.42 loss -1.26 i_con 3.90 plddt 0.31 ptm 0.87 i_ptm 0.39 energy -52.31
131 models [0] recycles 0 hard 0 soft 0 temp 0.40 loss -0.76 i_con 4.45 plddt 0.27 ptm 0.82 i_ptm 0.17 energy -52.86
132 models [2] recycles 0 hard 0 soft 0 temp 0.38 loss 0.12 i_con 5.35 plddt 0.25 ptm 0.80 i_ptm 0.06 energy -53.01
133 models [3] recycles 0 hard 0 soft 0 temp 0.36 loss -1.33 i_con 3.93 plddt 0.28 ptm 0.86 i_ptm 0.32 energy -53.35
134 models [3] recycles 0 hard 0 soft 0 temp 0.34 loss -1.29 i_con 4.02 plddt 0.27 ptm 0.85 i_ptm 0.29 energy -53.85
135 models [2] recycles 0 hard 0 soft 0 temp 0.32 loss -1.29 i_con 4.10 plddt 0.26 ptm 0.86 i_ptm 0.27 energy -54.70
136 models [3] recycles 0 hard 0 soft 0 temp 0.30 loss -0.20 i_con 5.21 plddt 0.24 ptm 0.84 i_ptm 0.16 energy -54.87
137 models [2] recycles 0 hard 0 soft 0 temp 0.28 loss -0.66 i_con 4.74 plddt 0.24 ptm 0.85 i_ptm 0.11 energy -54.78
138 models [2] recycles 0 hard 0 soft 0 temp 0.26 loss -1.07 i_con 4.37 plddt 0.25 ptm 0.85 i_ptm 0.23 energy -55.08
139 models [1] recycles 0 hard 0 soft 0 temp 0.24 loss 0.25 i_con 5.70 plddt 0.28 ptm 0.85 i_ptm 0.13 energy -55.22
140 models [4] recycles 0 hard 0 soft 0 temp 0.22 loss -1.09 i_con 4.39 plddt 0.23 ptm 0.87 i_ptm 0.18 energy -55.58
141 models [2] recycles 0 hard 0 soft 0 temp 0.20 loss -1.45 i_con 4.05 plddt 0.28 ptm 0.87 i_ptm 0.33 energy -55.69
142 models [4] recycles 0 hard 0 soft 0 temp 0.18 loss -1.31 i_con 4.22 plddt 0.26 ptm 0.87 i_ptm 0.25 energy -56.03
143 models [0] recycles 0 hard 0 soft 0 temp 0.16 loss -1.40 i_con 4.16 plddt 0.30 ptm 0.84 i_ptm 0.28 energy -56.31
144 models [0] recycles 0 hard 0 soft 0 temp 0.14 loss -1.74 i_con 3.92 plddt 0.30 ptm 0.85 i_ptm 0.35 energy -57.23
145 models [1] recycles 0 hard 0 soft 0 temp 0.12 loss -0.78 i_con 5.05 plddt 0.28 ptm 0.85 i_ptm 0.13 energy -59.04
146 models [0] recycles 0 hard 0 soft 0 temp 0.10 loss -1.67 i_con 4.19 plddt 0.29 ptm 0.83 i_ptm 0.27 energy -59.30
147 models [4] recycles 0 hard 0 soft 0 temp 0.08 loss -1.93 i_con 4.09 plddt 0.28 ptm 0.88 i_ptm 0.31 energy -60.95
148 models [0] recycles 0 hard 0 soft 0 temp 0.06 loss -2.24 i_con 3.87 plddt 0.31 ptm 0.85 i_ptm 0.36 energy -61.77
149 models [0] recycles 0 hard 0 soft 0 temp 0.04 loss -2.23 i_con 4.00 plddt 0.28 ptm 0.84 i_ptm 0.32 energy -63.01
150 models [1] recycles 0 hard 0 soft 0 temp 0.02 loss -0.56 i_con 5.82 plddt 0.27 ptm 0.85 i_ptm 0.13 energy -64.49
151 models [4] recycles 0 hard 1 soft 0 temp 0.00 loss 0.25 i_con 3.93 plddt 0.23 ptm 0.88 i_ptm 0.32 energy -5.36
152 models [2] recycles 0 hard 1 soft 0 temp 0.00 loss 0.04 i_con 3.72 plddt 0.31 ptm 0.87 i_ptm 0.42 energy -5.36
153 models [4] recycles 0 hard 1 soft 0 temp 0.00 loss 0.25 i_con 3.93 plddt 0.23 ptm 0.88 i_ptm 0.32 energy -5.36
154 models [1] recycles 0 hard 1 soft 0 temp 0.00 loss 2.03 i_con 5.71 plddt 0.24 ptm 0.85 i_ptm 0.19 energy -5.36
155 models [3] recycles 0 hard 1 soft 0 temp 0.00 loss 0.13 i_con 3.81 plddt 0.27 ptm 0.86 i_ptm 0.36 energy -5.36
156 models [4] recycles 0 hard 1 soft 0 temp 0.00 loss 0.25 i_con 3.93 plddt 0.23 ptm 0.88 i_ptm 0.32 energy -5.36
157 models [2] recycles 0 hard 1 soft 0 temp 0.00 loss 0.04 i_con 3.72 plddt 0.31 ptm 0.87 i_ptm 0.42 energy -5.36
158 models [4] recycles 0 hard 1 soft 0 temp 0.00 loss 0.25 i_con 3.93 plddt 0.23 ptm 0.88 i_ptm 0.32 energy -5.36
159 models [3] recycles 0 hard 1 soft 0 temp 0.00 loss 0.13 i_con 3.81 plddt 0.27 ptm 0.86 i_ptm 0.36 energy -5.36
160 models [1] recycles 0 hard 1 soft 0 temp 0.00 loss 2.03 i_con 5.71 plddt 0.24 ptm 0.85 i_ptm 0.19 energy -5.36
161 models [2] recycles 0 hard 1 soft 0 temp 0.00 loss 0.04 i_con 3.72 plddt 0.31 ptm 0.87 i_ptm 0.42 energy -5.36
162 models [2] recycles 0 hard 1 soft 0 temp 0.00 loss 0.04 i_con 3.72 plddt 0.31 ptm 0.87 i_ptm 0.42 energy -5.36
163 models [0] recycles 0 hard 1 soft 0 temp 0.00 loss 0.33 i_con 4.01 plddt 0.26 ptm 0.84 i_ptm 0.29 energy -5.36
164 models [3] recycles 0 hard 1 soft 0 temp 0.00 loss 0.13 i_con 3.81 plddt 0.27 ptm 0.86 i_ptm 0.36 energy -5.36
165 models [2] recycles 0 hard 1 soft 0 temp 0.00 loss 0.04 i_con 3.72 plddt 0.31 ptm 0.87 i_ptm 0.42 energy -5.36
166 models [0] recycles 0 hard 1 soft 0 temp 0.00 loss 0.33 i_con 4.01 plddt 0.26 ptm 0.84 i_ptm 0.29 energy -5.36
167 models [1] recycles 0 hard 1 soft 0 temp 0.00 loss 2.03 i_con 5.71 plddt 0.24 ptm 0.85 i_ptm 0.19 energy -5.36
168 models [4] recycles 0 hard 1 soft 0 temp 0.00 loss 0.25 i_con 3.93 plddt 0.23 ptm 0.88 i_ptm 0.32 energy -5.36
169 models [2] recycles 0 hard 1 soft 0 temp 0.00 loss 0.04 i_con 3.72 plddt 0.31 ptm 0.87 i_ptm 0.42 energy -5.36
170 models [4] recycles 0 hard 1 soft 0 temp 0.00 loss 0.25 i_con 3.93 plddt 0.23 ptm 0.88 i_ptm 0.32 energy -5.36
171 models [4] recycles 0 hard 1 soft 0 temp 0.00 loss 0.25 i_con 3.93 plddt 0.23 ptm 0.88 i_ptm 0.32 energy -5.36
172 models [2] recycles 0 hard 1 soft 0 temp 0.00 loss 0.04 i_con 3.72 plddt 0.31 ptm 0.87 i_ptm 0.42 energy -5.36
173 models [2] recycles 0 hard 1 soft 0 temp 0.00 loss 0.04 i_con 3.72 plddt 0.31 ptm 0.87 i_ptm 0.42 energy -5.36
174 models [1] recycles 0 hard 1 soft 0 temp 0.00 loss 2.03 i_con 5.71 plddt 0.24 ptm 0.85 i_ptm 0.19 energy -5.36
175 models [3] recycles 0 hard 1 soft 0 temp 0.00 loss 0.13 i_con 3.81 plddt 0.27 ptm 0.86 i_ptm 0.36 energy -5.36
176 models [2] recycles 0 hard 1 soft 0 temp 0.00 loss 0.04 i_con 3.72 plddt 0.31 ptm 0.87 i_ptm 0.42 energy -5.36
177 models [3] recycles 0 hard 1 soft 0 temp 0.00 loss 0.13 i_con 3.81 plddt 0.27 ptm 0.86 i_ptm 0.36 energy -5.36
178 models [0] recycles 0 hard 1 soft 0 temp 0.00 loss 0.33 i_con 4.01 plddt 0.26 ptm 0.84 i_ptm 0.29 energy -5.36
179 models [2] recycles 0 hard 1 soft 0 temp 0.00 loss 0.04 i_con 3.72 plddt 0.31 ptm 0.87 i_ptm 0.42 energy -5.36
180 models [3] recycles 0 hard 1 soft 0 temp 0.00 loss 0.13 i_con 3.81 plddt 0.27 ptm 0.86 i_ptm 0.36 energy -5.36
  seq=AIGEPPKQSNYCWFW  loss=0.1327  loss_af=3.8869  energy=-5.3632  i_ptm=0.3644
[30/30] seed=29 ...
1 models [2] recycles 0 hard 0 soft 1 temp 1 loss 4.39 i_con 3.96 plddt 0.31 ptm 0.86 i_ptm 0.38 energy 7.36
2 models [4] recycles 0 hard 0 soft 1 temp 1 loss 5.98 i_con 5.55 plddt 0.24 ptm 0.87 i_ptm 0.24 energy 7.08
3 models [3] recycles 0 hard 0 soft 1 temp 1 loss 4.14 i_con 3.74 plddt 0.36 ptm 0.86 i_ptm 0.46 energy 6.64
4 models [2] recycles 0 hard 0 soft 1 temp 1 loss 4.31 i_con 3.95 plddt 0.32 ptm 0.86 i_ptm 0.39 energy 5.78
5 models [2] recycles 0 hard 0 soft 1 temp 1 loss 4.07 i_con 3.76 plddt 0.38 ptm 0.87 i_ptm 0.46 energy 5.07
6 models [4] recycles 0 hard 0 soft 1 temp 1 loss 4.17 i_con 3.89 plddt 0.34 ptm 0.88 i_ptm 0.41 energy 4.29
7 models [0] recycles 0 hard 0 soft 1 temp 1 loss 4.34 i_con 4.09 plddt 0.30 ptm 0.83 i_ptm 0.34 energy 3.66
8 models [3] recycles 0 hard 0 soft 1 temp 1 loss 3.91 i_con 3.69 plddt 0.38 ptm 0.86 i_ptm 0.47 energy 3.16
9 models [2] recycles 0 hard 0 soft 1 temp 1 loss 4.06 i_con 3.85 plddt 0.36 ptm 0.87 i_ptm 0.45 energy 2.93
10 models [1] recycles 0 hard 0 soft 1 temp 1 loss 4.32 i_con 4.11 plddt 0.25 ptm 0.87 i_ptm 0.28 energy 2.70
11 models [4] recycles 0 hard 0 soft 1 temp 1 loss 4.09 i_con 3.89 plddt 0.33 ptm 0.88 i_ptm 0.42 energy 2.67
12 models [1] recycles 0 hard 0 soft 1 temp 1 loss 4.51 i_con 4.30 plddt 0.23 ptm 0.86 i_ptm 0.20 energy 2.56
13 models [1] recycles 0 hard 0 soft 1 temp 1 loss 4.42 i_con 4.22 plddt 0.23 ptm 0.86 i_ptm 0.23 energy 2.50
14 models [1] recycles 0 hard 0 soft 1 temp 1 loss 4.38 i_con 4.19 plddt 0.25 ptm 0.86 i_ptm 0.23 energy 2.30
15 models [0] recycles 0 hard 0 soft 1 temp 1 loss 4.16 i_con 3.99 plddt 0.31 ptm 0.84 i_ptm 0.33 energy 2.15
16 models [0] recycles 0 hard 0 soft 1 temp 1 loss 4.18 i_con 4.01 plddt 0.31 ptm 0.84 i_ptm 0.35 energy 1.91
17 models [2] recycles 0 hard 0 soft 1 temp 1 loss 3.85 i_con 3.70 plddt 0.41 ptm 0.87 i_ptm 0.55 energy 1.74
18 models [1] recycles 0 hard 0 soft 1 temp 1 loss 4.60 i_con 4.44 plddt 0.25 ptm 0.85 i_ptm 0.16 energy 1.62
19 models [4] recycles 0 hard 0 soft 1 temp 1 loss 3.87 i_con 3.72 plddt 0.36 ptm 0.89 i_ptm 0.48 energy 1.65
20 models [2] recycles 0 hard 0 soft 1 temp 1 loss 3.87 i_con 3.73 plddt 0.38 ptm 0.87 i_ptm 0.47 energy 1.40
21 models [2] recycles 0 hard 0 soft 1 temp 1 loss 3.91 i_con 3.78 plddt 0.35 ptm 0.87 i_ptm 0.47 energy 1.25
22 models [4] recycles 0 hard 0 soft 1 temp 1 loss 3.85 i_con 3.75 plddt 0.37 ptm 0.88 i_ptm 0.50 energy 0.91
23 models [2] recycles 0 hard 0 soft 1 temp 1 loss 3.78 i_con 3.69 plddt 0.39 ptm 0.87 i_ptm 0.51 energy 0.67
24 models [2] recycles 0 hard 0 soft 1 temp 1 loss 3.78 i_con 3.70 plddt 0.39 ptm 0.87 i_ptm 0.49 energy 0.37
25 models [3] recycles 0 hard 0 soft 1 temp 1 loss 3.75 i_con 3.68 plddt 0.36 ptm 0.87 i_ptm 0.46 energy 0.02
26 models [1] recycles 0 hard 0 soft 1 temp 1 loss 3.81 i_con 3.76 plddt 0.32 ptm 0.87 i_ptm 0.45 energy -0.30
27 models [0] recycles 0 hard 0 soft 1 temp 1 loss 3.90 i_con 3.87 plddt 0.34 ptm 0.85 i_ptm 0.42 energy -0.79
28 models [4] recycles 0 hard 0 soft 1 temp 1 loss 3.74 i_con 3.73 plddt 0.37 ptm 0.89 i_ptm 0.49 energy -1.24
29 models [0] recycles 0 hard 0 soft 1 temp 1 loss 3.74 i_con 3.75 plddt 0.40 ptm 0.85 i_ptm 0.49 energy -1.45
30 models [4] recycles 0 hard 0 soft 1 temp 1 loss 3.66 i_con 3.69 plddt 0.38 ptm 0.89 i_ptm 0.51 energy -1.88
31 models [3] recycles 0 hard 0 soft 1 temp 1 loss 3.60 i_con 3.64 plddt 0.37 ptm 0.86 i_ptm 0.48 energy -2.07
32 models [1] recycles 0 hard 0 soft 1 temp 1 loss 5.01 i_con 5.05 plddt 0.22 ptm 0.85 i_ptm 0.10 energy -2.45
33 models [1] recycles 0 hard 0 soft 1 temp 1 loss 4.01 i_con 4.07 plddt 0.29 ptm 0.86 i_ptm 0.33 energy -2.43
34 models [1] recycles 0 hard 0 soft 1 temp 1 loss 4.01 i_con 4.06 plddt 0.26 ptm 0.86 i_ptm 0.29 energy -2.48
35 models [3] recycles 0 hard 0 soft 1 temp 1 loss 3.76 i_con 3.81 plddt 0.34 ptm 0.85 i_ptm 0.43 energy -2.33
36 models [1] recycles 0 hard 0 soft 1 temp 1 loss 3.76 i_con 3.83 plddt 0.35 ptm 0.86 i_ptm 0.42 energy -2.63
37 models [0] recycles 0 hard 0 soft 1 temp 1 loss 3.73 i_con 3.79 plddt 0.36 ptm 0.85 i_ptm 0.47 energy -2.50
38 models [0] recycles 0 hard 0 soft 1 temp 1 loss 3.80 i_con 3.88 plddt 0.38 ptm 0.85 i_ptm 0.43 energy -2.87
39 models [3] recycles 0 hard 0 soft 1 temp 1 loss 3.57 i_con 3.66 plddt 0.38 ptm 0.86 i_ptm 0.50 energy -2.92
40 models [0] recycles 0 hard 0 soft 1 temp 1 loss 3.72 i_con 3.81 plddt 0.37 ptm 0.85 i_ptm 0.46 energy -3.01
41 models [3] recycles 0 hard 0 soft 1 temp 1 loss 3.67 i_con 3.76 plddt 0.35 ptm 0.86 i_ptm 0.45 energy -3.07
42 models [2] recycles 0 hard 0 soft 1 temp 1 loss 3.56 i_con 3.66 plddt 0.41 ptm 0.87 i_ptm 0.53 energy -3.04
43 models [3] recycles 0 hard 0 soft 1 temp 1 loss 3.61 i_con 3.70 plddt 0.35 ptm 0.86 i_ptm 0.48 energy -3.16
44 models [0] recycles 0 hard 0 soft 1 temp 1 loss 3.78 i_con 3.88 plddt 0.35 ptm 0.85 i_ptm 0.44 energy -3.32
45 models [1] recycles 0 hard 0 soft 1 temp 1 loss 4.42 i_con 4.50 plddt 0.23 ptm 0.85 i_ptm 0.15 energy -3.27
46 models [3] recycles 0 hard 0 soft 1 temp 1 loss 3.67 i_con 3.76 plddt 0.36 ptm 0.86 i_ptm 0.44 energy -3.20
47 models [1] recycles 0 hard 0 soft 1 temp 1 loss 3.80 i_con 3.89 plddt 0.32 ptm 0.87 i_ptm 0.40 energy -3.35
48 models [1] recycles 0 hard 0 soft 1 temp 1 loss 3.91 i_con 4.01 plddt 0.29 ptm 0.86 i_ptm 0.34 energy -3.42
49 models [4] recycles 0 hard 0 soft 1 temp 1 loss 3.61 i_con 3.72 plddt 0.38 ptm 0.89 i_ptm 0.49 energy -3.35
50 models [1] recycles 0 hard 0 soft 1 temp 1 loss 3.83 i_con 3.93 plddt 0.31 ptm 0.88 i_ptm 0.39 energy -3.47
51 models [0] recycles 0 hard 0 soft 1 temp 1 loss 2.99 i_con 3.98 plddt 0.31 ptm 0.83 i_ptm 0.35 energy -3.53
52 models [3] recycles 0 hard 0 soft 1 temp 1 loss 2.71 i_con 3.75 plddt 0.36 ptm 0.86 i_ptm 0.45 energy -3.69
53 models [2] recycles 0 hard 0 soft 1 temp 1 loss 2.62 i_con 3.70 plddt 0.40 ptm 0.87 i_ptm 0.52 energy -3.79
54 models [2] recycles 0 hard 0 soft 1 temp 1 loss 2.64 i_con 3.76 plddt 0.40 ptm 0.87 i_ptm 0.52 energy -3.94
55 models [4] recycles 0 hard 0 soft 1 temp 1 loss 2.65 i_con 3.81 plddt 0.35 ptm 0.88 i_ptm 0.44 energy -4.08
56 models [3] recycles 0 hard 0 soft 1 temp 1 loss 2.53 i_con 3.72 plddt 0.35 ptm 0.86 i_ptm 0.46 energy -4.19
57 models [1] recycles 0 hard 0 soft 1 temp 1 loss 3.14 i_con 4.34 plddt 0.23 ptm 0.85 i_ptm 0.19 energy -4.26
58 models [1] recycles 0 hard 0 soft 1 temp 1 loss 4.23 i_con 5.44 plddt 0.27 ptm 0.86 i_ptm 0.14 energy -4.28
59 models [3] recycles 0 hard 0 soft 1 temp 1 loss 2.50 i_con 3.71 plddt 0.37 ptm 0.86 i_ptm 0.46 energy -4.26
60 models [3] recycles 0 hard 0 soft 1 temp 1 loss 2.57 i_con 3.81 plddt 0.34 ptm 0.86 i_ptm 0.44 energy -4.36
61 models [4] recycles 0 hard 0 soft 1 temp 1 loss 2.41 i_con 3.69 plddt 0.35 ptm 0.88 i_ptm 0.49 energy -4.48
62 models [1] recycles 0 hard 0 soft 1 temp 1 loss 3.71 i_con 5.00 plddt 0.26 ptm 0.86 i_ptm 0.13 energy -4.55
63 models [3] recycles 0 hard 0 soft 1 temp 1 loss 2.42 i_con 3.70 plddt 0.38 ptm 0.86 i_ptm 0.49 energy -4.46
64 models [1] recycles 0 hard 0 soft 1 temp 1 loss 2.63 i_con 3.95 plddt 0.29 ptm 0.87 i_ptm 0.34 energy -4.64
65 models [2] recycles 0 hard 0 soft 1 temp 1 loss 2.45 i_con 3.82 plddt 0.38 ptm 0.86 i_ptm 0.46 energy -4.76
66 models [2] recycles 0 hard 0 soft 1 temp 1 loss 2.37 i_con 3.79 plddt 0.37 ptm 0.87 i_ptm 0.46 energy -4.94
67 models [2] recycles 0 hard 0 soft 1 temp 1 loss 2.32 i_con 3.77 plddt 0.38 ptm 0.87 i_ptm 0.46 energy -5.04
68 models [3] recycles 0 hard 0 soft 1 temp 1 loss 2.30 i_con 3.79 plddt 0.37 ptm 0.86 i_ptm 0.45 energy -5.18
69 models [1] recycles 0 hard 0 soft 1 temp 1 loss 2.50 i_con 4.03 plddt 0.33 ptm 0.86 i_ptm 0.32 energy -5.32
70 models [1] recycles 0 hard 0 soft 1 temp 1 loss 2.76 i_con 4.30 plddt 0.26 ptm 0.85 i_ptm 0.20 energy -5.39
71 models [0] recycles 0 hard 0 soft 1 temp 1 loss 2.51 i_con 4.03 plddt 0.30 ptm 0.84 i_ptm 0.36 energy -5.31
72 models [0] recycles 0 hard 0 soft 1 temp 1 loss 2.51 i_con 4.08 plddt 0.32 ptm 0.84 i_ptm 0.32 energy -5.45
73 models [2] recycles 0 hard 0 soft 1 temp 1 loss 2.20 i_con 3.81 plddt 0.37 ptm 0.87 i_ptm 0.44 energy -5.58
74 models [4] recycles 0 hard 0 soft 1 temp 1 loss 2.01 i_con 3.63 plddt 0.41 ptm 0.89 i_ptm 0.53 energy -5.61
75 models [1] recycles 0 hard 0 soft 1 temp 1 loss 2.20 i_con 3.83 plddt 0.34 ptm 0.87 i_ptm 0.43 energy -5.67
76 models [4] recycles 0 hard 0 soft 1 temp 1 loss 2.11 i_con 3.77 plddt 0.36 ptm 0.88 i_ptm 0.46 energy -5.76
77 models [0] recycles 0 hard 0 soft 1 temp 1 loss 2.36 i_con 4.04 plddt 0.30 ptm 0.84 i_ptm 0.33 energy -5.82
78 models [0] recycles 0 hard 0 soft 1 temp 1 loss 2.17 i_con 3.88 plddt 0.34 ptm 0.86 i_ptm 0.41 energy -5.92
79 models [1] recycles 0 hard 0 soft 1 temp 1 loss 2.44 i_con 4.15 plddt 0.27 ptm 0.86 i_ptm 0.27 energy -5.96
80 models [1] recycles 0 hard 0 soft 1 temp 1 loss 2.30 i_con 3.99 plddt 0.26 ptm 0.87 i_ptm 0.35 energy -5.88
81 models [3] recycles 0 hard 0 soft 1 temp 1 loss 2.03 i_con 3.75 plddt 0.35 ptm 0.86 i_ptm 0.46 energy -5.96
82 models [1] recycles 0 hard 0 soft 1 temp 1 loss 2.32 i_con 4.08 plddt 0.30 ptm 0.87 i_ptm 0.32 energy -6.09
83 models [0] recycles 0 hard 0 soft 1 temp 1 loss 2.32 i_con 4.11 plddt 0.30 ptm 0.84 i_ptm 0.31 energy -6.20
84 models [4] recycles 0 hard 0 soft 1 temp 1 loss 1.91 i_con 3.70 plddt 0.35 ptm 0.88 i_ptm 0.46 energy -6.16
85 models [1] recycles 0 hard 0 soft 1 temp 1 loss 3.49 i_con 5.29 plddt 0.25 ptm 0.86 i_ptm 0.14 energy -6.27
86 models [2] recycles 0 hard 0 soft 1 temp 1 loss 1.98 i_con 3.77 plddt 0.36 ptm 0.87 i_ptm 0.46 energy -6.19
87 models [1] recycles 0 hard 0 soft 1 temp 1 loss 2.16 i_con 3.95 plddt 0.29 ptm 0.87 i_ptm 0.36 energy -6.19
88 models [0] recycles 0 hard 0 soft 1 temp 1 loss 2.14 i_con 3.95 plddt 0.32 ptm 0.84 i_ptm 0.37 energy -6.26
89 models [4] recycles 0 hard 0 soft 1 temp 1 loss 1.96 i_con 3.82 plddt 0.31 ptm 0.89 i_ptm 0.42 energy -6.41
90 models [1] recycles 0 hard 0 soft 1 temp 1 loss 2.10 i_con 3.95 plddt 0.30 ptm 0.87 i_ptm 0.37 energy -6.41
91 models [0] recycles 0 hard 0 soft 1 temp 1 loss 2.02 i_con 3.90 plddt 0.35 ptm 0.85 i_ptm 0.42 energy -6.48
92 models [2] recycles 0 hard 0 soft 1 temp 1 loss 1.97 i_con 3.87 plddt 0.33 ptm 0.87 i_ptm 0.39 energy -6.58
93 models [2] recycles 0 hard 0 soft 1 temp 1 loss 2.05 i_con 3.97 plddt 0.33 ptm 0.86 i_ptm 0.37 energy -6.62
94 models [2] recycles 0 hard 0 soft 1 temp 1 loss 1.95 i_con 3.85 plddt 0.35 ptm 0.87 i_ptm 0.44 energy -6.56
95 models [3] recycles 0 hard 0 soft 1 temp 1 loss 1.86 i_con 3.80 plddt 0.34 ptm 0.86 i_ptm 0.44 energy -6.67
96 models [2] recycles 0 hard 0 soft 1 temp 1 loss 1.86 i_con 3.79 plddt 0.35 ptm 0.86 i_ptm 0.45 energy -6.65
97 models [3] recycles 0 hard 0 soft 1 temp 1 loss 1.81 i_con 3.76 plddt 0.34 ptm 0.87 i_ptm 0.46 energy -6.72
98 models [1] recycles 0 hard 0 soft 1 temp 1 loss 3.81 i_con 5.77 plddt 0.27 ptm 0.87 i_ptm 0.19 energy -6.77
99 models [1] recycles 0 hard 0 soft 1 temp 1 loss 2.14 i_con 4.09 plddt 0.28 ptm 0.87 i_ptm 0.30 energy -6.75
100 models [0] recycles 0 hard 0 soft 1 temp 1 loss 2.56 i_con 4.54 plddt 0.25 ptm 0.83 i_ptm 0.16 energy -6.84
101 models [4] recycles 0 hard 0 soft 0 temp 1 loss 1.32 i_con 5.32 plddt 0.22 ptm 0.87 i_ptm 0.17 energy -40.80
102 models [3] recycles 0 hard 0 soft 0 temp 0.98 loss 1.48 i_con 5.50 plddt 0.26 ptm 0.84 i_ptm 0.17 energy -40.98
103 models [4] recycles 0 hard 0 soft 0 temp 0.96 loss 0.74 i_con 4.75 plddt 0.15 ptm 0.12 i_ptm 0.20 energy -40.90
104 models [2] recycles 0 hard 0 soft 0 temp 0.94 loss 1.95 i_con 5.98 plddt 0.24 ptm 0.82 i_ptm 0.13 energy -41.02
105 models [0] recycles 0 hard 0 soft 0 temp 0.92 loss 0.90 i_con 4.92 plddt 0.26 ptm 0.83 i_ptm 0.16 energy -40.89
106 models [0] recycles 0 hard 0 soft 0 temp 0.90 loss 0.17 i_con 4.21 plddt 0.29 ptm 0.84 i_ptm 0.29 energy -41.07
107 models [2] recycles 0 hard 0 soft 0 temp 0.88 loss 1.12 i_con 5.29 plddt 0.17 ptm 0.59 i_ptm 0.19 energy -42.45
108 models [2] recycles 0 hard 0 soft 0 temp 0.86 loss 1.69 i_con 5.88 plddt 0.27 ptm 0.85 i_ptm 0.12 energy -42.71
109 models [3] recycles 0 hard 0 soft 0 temp 0.84 loss 1.20 i_con 5.41 plddt 0.24 ptm 0.83 i_ptm 0.17 energy -42.88
110 models [1] recycles 0 hard 0 soft 0 temp 0.82 loss 1.80 i_con 6.04 plddt 0.28 ptm 0.85 i_ptm 0.13 energy -43.05
111 models [0] recycles 0 hard 0 soft 0 temp 0.80 loss -0.05 i_con 4.20 plddt 0.29 ptm 0.84 i_ptm 0.30 energy -43.21
112 models [1] recycles 0 hard 0 soft 0 temp 0.78 loss 1.83 i_con 6.16 plddt 0.29 ptm 0.86 i_ptm 0.14 energy -44.04
113 models [3] recycles 0 hard 0 soft 0 temp 0.76 loss 1.41 i_con 5.78 plddt 0.23 ptm 0.84 i_ptm 0.13 energy -44.47
114 models [2] recycles 0 hard 0 soft 0 temp 0.74 loss 1.54 i_con 5.93 plddt 0.26 ptm 0.85 i_ptm 0.20 energy -44.63
115 models [4] recycles 0 hard 0 soft 0 temp 0.72 loss 0.89 i_con 5.28 plddt 0.23 ptm 0.87 i_ptm 0.17 energy -44.59
116 models [2] recycles 0 hard 0 soft 0 temp 0.70 loss -0.06 i_con 4.31 plddt 0.28 ptm 0.85 i_ptm 0.26 energy -44.41
117 models [1] recycles 0 hard 0 soft 0 temp 0.68 loss 1.47 i_con 5.87 plddt 0.28 ptm 0.86 i_ptm 0.18 energy -44.72
118 models [1] recycles 0 hard 0 soft 0 temp 0.66 loss 1.46 i_con 5.90 plddt 0.28 ptm 0.85 i_ptm 0.13 energy -45.13
119 models [3] recycles 0 hard 0 soft 0 temp 0.64 loss 0.98 i_con 5.47 plddt 0.26 ptm 0.84 i_ptm 0.18 energy -45.72
120 models [2] recycles 0 hard 0 soft 0 temp 0.62 loss -0.43 i_con 4.09 plddt 0.33 ptm 0.86 i_ptm 0.33 energy -45.86
121 models [3] recycles 0 hard 0 soft 0 temp 0.60 loss 0.64 i_con 5.18 plddt 0.23 ptm 0.85 i_ptm 0.13 energy -46.14
122 models [4] recycles 0 hard 0 soft 0 temp 0.58 loss 0.88 i_con 5.44 plddt 0.24 ptm 0.87 i_ptm 0.15 energy -46.41
123 models [1] recycles 0 hard 0 soft 0 temp 0.56 loss 2.16 i_con 6.76 plddt 0.30 ptm 0.86 i_ptm 0.20 energy -46.72
124 models [2] recycles 0 hard 0 soft 0 temp 0.54 loss 1.10 i_con 5.73 plddt 0.28 ptm 0.86 i_ptm 0.16 energy -47.04
125 models [4] recycles 0 hard 0 soft 0 temp 0.52 loss -0.27 i_con 4.40 plddt 0.15 ptm 0.29 i_ptm 0.28 energy -47.54
126 models [1] recycles 0 hard 0 soft 0 temp 0.50 loss 1.62 i_con 6.33 plddt 0.31 ptm 0.81 i_ptm 0.16 energy -47.85
127 models [3] recycles 0 hard 0 soft 0 temp 0.48 loss -1.73 i_con 2.98 plddt 0.25 ptm 0.32 i_ptm 0.50 energy -47.79
128 models [0] recycles 0 hard 0 soft 0 temp 0.46 loss -0.12 i_con 4.60 plddt 0.28 ptm 0.84 i_ptm 0.15 energy -47.94
129 models [0] recycles 0 hard 0 soft 0 temp 0.44 loss 0.34 i_con 5.11 plddt 0.23 ptm 0.83 i_ptm 0.11 energy -48.44
130 models [4] recycles 0 hard 0 soft 0 temp 0.42 loss -0.31 i_con 4.43 plddt 0.16 ptm 0.34 i_ptm 0.49 energy -48.25
131 models [0] recycles 0 hard 0 soft 0 temp 0.40 loss -0.23 i_con 4.50 plddt 0.31 ptm 0.83 i_ptm 0.19 energy -47.97
132 models [4] recycles 0 hard 0 soft 0 temp 0.38 loss -1.94 i_con 2.80 plddt 0.28 ptm 0.66 i_ptm 0.67 energy -48.10
133 models [3] recycles 0 hard 0 soft 0 temp 0.36 loss -3.93 i_con 0.84 plddt 0.38 ptm 0.66 i_ptm 0.60 energy -48.32
134 models [2] recycles 0 hard 0 soft 0 temp 0.34 loss -3.27 i_con 1.48 plddt 0.26 ptm 0.57 i_ptm 0.60 energy -48.27
135 models [3] recycles 0 hard 0 soft 0 temp 0.32 loss -0.62 i_con 4.11 plddt 0.19 ptm 0.29 i_ptm 0.51 energy -48.14
136 models [4] recycles 0 hard 0 soft 0 temp 0.30 loss -0.34 i_con 4.41 plddt 0.17 ptm 0.18 i_ptm 0.34 energy -48.27
137 models [4] recycles 0 hard 0 soft 0 temp 0.28 loss -0.80 i_con 3.96 plddt 0.18 ptm 0.25 i_ptm 0.30 energy -48.43
138 models [2] recycles 0 hard 0 soft 0 temp 0.26 loss 0.45 i_con 5.21 plddt 0.19 ptm 0.35 i_ptm 0.20 energy -48.34
139 models [0] recycles 0 hard 0 soft 0 temp 0.24 loss -0.04 i_con 4.74 plddt 0.25 ptm 0.83 i_ptm 0.12 energy -48.54
140 models [0] recycles 0 hard 0 soft 0 temp 0.22 loss -0.27 i_con 4.53 plddt 0.24 ptm 0.84 i_ptm 0.14 energy -48.78
141 models [4] recycles 0 hard 0 soft 0 temp 0.20 loss -0.43 i_con 4.41 plddt 0.19 ptm 0.27 i_ptm 0.28 energy -49.18
142 models [1] recycles 0 hard 0 soft 0 temp 0.18 loss 0.78 i_con 5.66 plddt 0.26 ptm 0.78 i_ptm 0.18 energy -49.53
143 models [2] recycles 0 hard 0 soft 0 temp 0.16 loss -0.32 i_con 4.55 plddt 0.20 ptm 0.18 i_ptm 0.17 energy -49.56
144 models [2] recycles 0 hard 0 soft 0 temp 0.14 loss 0.15 i_con 5.05 plddt 0.18 ptm 0.41 i_ptm 0.31 energy -49.80
145 models [3] recycles 0 hard 0 soft 0 temp 0.12 loss -4.00 i_con 0.94 plddt 0.38 ptm 0.69 i_ptm 0.67 energy -50.00
146 models [4] recycles 0 hard 0 soft 0 temp 0.10 loss -0.95 i_con 4.02 plddt 0.21 ptm 0.32 i_ptm 0.38 energy -50.49
147 models [2] recycles 0 hard 0 soft 0 temp 0.08 loss -0.83 i_con 4.13 plddt 0.20 ptm 0.28 i_ptm 0.26 energy -50.42
148 models [1] recycles 0 hard 0 soft 0 temp 0.06 loss -0.55 i_con 4.45 plddt 0.20 ptm 0.35 i_ptm 0.36 energy -50.76
149 models [0] recycles 0 hard 0 soft 0 temp 0.04 loss 0.74 i_con 5.77 plddt 0.24 ptm 0.84 i_ptm 0.13 energy -51.00
150 models [3] recycles 0 hard 0 soft 0 temp 0.02 loss -2.78 i_con 2.28 plddt 0.38 ptm 0.39 i_ptm 0.50 energy -51.17
151 models [2] recycles 0 hard 1 soft 0 temp 0.00 loss -0.97 i_con 3.93 plddt 0.30 ptm 0.87 i_ptm 0.43 energy -7.10
152 models [4] recycles 0 hard 1 soft 0 temp 0.00 loss 0.32 i_con 5.21 plddt 0.22 ptm 0.87 i_ptm 0.25 energy -7.10
153 models [0] recycles 0 hard 1 soft 0 temp 0.00 loss 1.63 i_con 6.54 plddt 0.33 ptm 0.84 i_ptm 0.37 energy -7.10
154 models [4] recycles 0 hard 1 soft 0 temp 0.00 loss 0.32 i_con 5.21 plddt 0.22 ptm 0.87 i_ptm 0.25 energy -7.10
155 models [2] recycles 0 hard 1 soft 0 temp 0.00 loss -0.97 i_con 3.93 plddt 0.30 ptm 0.87 i_ptm 0.43 energy -7.10
156 models [3] recycles 0 hard 1 soft 0 temp 0.00 loss -0.83 i_con 4.07 plddt 0.25 ptm 0.85 i_ptm 0.35 energy -7.10
157 models [1] recycles 0 hard 1 soft 0 temp 0.00 loss 1.76 i_con 6.66 plddt 0.28 ptm 0.86 i_ptm 0.33 energy -7.10
158 models [1] recycles 0 hard 1 soft 0 temp 0.00 loss 1.76 i_con 6.66 plddt 0.28 ptm 0.86 i_ptm 0.33 energy -7.10
159 models [4] recycles 0 hard 1 soft 0 temp 0.00 loss 0.32 i_con 5.21 plddt 0.22 ptm 0.87 i_ptm 0.25 energy -7.10
160 models [0] recycles 0 hard 1 soft 0 temp 0.00 loss 1.63 i_con 6.54 plddt 0.33 ptm 0.84 i_ptm 0.37 energy -7.10
161 models [0] recycles 0 hard 1 soft 0 temp 0.00 loss 1.63 i_con 6.54 plddt 0.33 ptm 0.84 i_ptm 0.37 energy -7.10
162 models [4] recycles 0 hard 1 soft 0 temp 0.00 loss 0.32 i_con 5.21 plddt 0.22 ptm 0.87 i_ptm 0.25 energy -7.10
163 models [1] recycles 0 hard 1 soft 0 temp 0.00 loss 1.76 i_con 6.66 plddt 0.28 ptm 0.86 i_ptm 0.33 energy -7.10
164 models [1] recycles 0 hard 1 soft 0 temp 0.00 loss 1.76 i_con 6.66 plddt 0.28 ptm 0.86 i_ptm 0.33 energy -7.10
165 models [0] recycles 0 hard 1 soft 0 temp 0.00 loss 1.63 i_con 6.54 plddt 0.33 ptm 0.84 i_ptm 0.37 energy -7.10
166 models [2] recycles 0 hard 1 soft 0 temp 0.00 loss -0.97 i_con 3.93 plddt 0.30 ptm 0.87 i_ptm 0.43 energy -7.10
167 models [4] recycles 0 hard 1 soft 0 temp 0.00 loss 0.32 i_con 5.21 plddt 0.22 ptm 0.87 i_ptm 0.25 energy -7.10
168 models [3] recycles 0 hard 1 soft 0 temp 0.00 loss -0.83 i_con 4.07 plddt 0.25 ptm 0.85 i_ptm 0.35 energy -7.10
169 models [3] recycles 0 hard 1 soft 0 temp 0.00 loss -0.83 i_con 4.07 plddt 0.25 ptm 0.85 i_ptm 0.35 energy -7.10
170 models [0] recycles 0 hard 1 soft 0 temp 0.00 loss 1.63 i_con 6.54 plddt 0.33 ptm 0.84 i_ptm 0.37 energy -7.10
171 models [3] recycles 0 hard 1 soft 0 temp 0.00 loss -0.83 i_con 4.07 plddt 0.25 ptm 0.85 i_ptm 0.35 energy -7.10
172 models [1] recycles 0 hard 1 soft 0 temp 0.00 loss 1.76 i_con 6.66 plddt 0.28 ptm 0.86 i_ptm 0.33 energy -7.10
173 models [4] recycles 0 hard 1 soft 0 temp 0.00 loss 0.32 i_con 5.21 plddt 0.22 ptm 0.87 i_ptm 0.25 energy -7.10
174 models [1] recycles 0 hard 1 soft 0 temp 0.00 loss 1.76 i_con 6.66 plddt 0.28 ptm 0.86 i_ptm 0.33 energy -7.10
175 models [2] recycles 0 hard 1 soft 0 temp 0.00 loss -0.97 i_con 3.93 plddt 0.30 ptm 0.87 i_ptm 0.43 energy -7.10
176 models [1] recycles 0 hard 1 soft 0 temp 0.00 loss 1.76 i_con 6.66 plddt 0.28 ptm 0.86 i_ptm 0.33 energy -7.10
177 models [3] recycles 0 hard 1 soft 0 temp 0.00 loss -0.83 i_con 4.07 plddt 0.25 ptm 0.85 i_ptm 0.35 energy -7.10
178 models [2] recycles 0 hard 1 soft 0 temp 0.00 loss -0.97 i_con 3.93 plddt 0.30 ptm 0.87 i_ptm 0.43 energy -7.10
179 models [4] recycles 0 hard 1 soft 0 temp 0.00 loss 0.32 i_con 5.21 plddt 0.22 ptm 0.87 i_ptm 0.25 energy -7.10
180 models [1] recycles 0 hard 1 soft 0 temp 0.00 loss 1.76 i_con 6.66 plddt 0.28 ptm 0.86 i_ptm 0.33 energy -7.10
  seq=IWNWWCWDPNYQKDC  loss=1.7567  loss_af=6.7300  energy=-7.1047  i_ptm=0.3300

Saved 30 results to /home/share_nfs/342-Projets_BGE/342.3-Gen-Chem/342.3.2-BioInfo/342.3.2.8-SeqModels/protein_design/prg/PA_PB1/results/colabdesign/run_multimer2/gen_energy_D.json

================================================================================
SUMMARY
================================================================================
 seed  loss_total   loss_af    energy   i_ptm     ptm   plddt  seq
--------------------------------------------------------------------------------
    0     -0.2096    3.5967   -5.4376  0.6278  0.8813  0.3790  NHSRAWWHVWWQRGC
    1     -0.9225    4.1005   -7.1757  0.3377  0.8378  0.2663  DWFWWSWCLDSNKDA
    2     -0.0540    3.7903   -5.4919  0.5267  0.8723  0.3236  TINNAWRMVFWQRDA
    3     -1.3682    3.9500   -7.5974  0.4123  0.8556  0.2636  AWIWWCNQSNYQKFA
    4      0.1865    3.7751   -5.1267  0.5397  0.8741  0.3785  MIGNRAQDVFWQGFW
    5     -0.8835    3.8028   -6.6948  0.5036  0.8736  0.3457  NIGIRAQVVNWCRFW
    6     -0.3560    4.5486   -7.0066  0.2440  0.8441  0.2342  AIGGLHWDVFYQGFC
    7     -0.1827    4.9556   -7.3404  0.1203  0.8508  0.2346  DWYWWWAHVKPNKEC
    8      0.2894    5.0114   -6.7458  0.2398  0.8439  0.2642  DWGWAWWMVFWQKDC
    9     -0.0883    3.7787   -5.5242  0.5616  0.8527  0.4147  DAKRACWMLWWQRDC
   10     -0.7687    4.4755   -7.4917  0.2491  0.8763  0.2154  NINWWSANSNYQKDA
   11     -1.1744    4.0365   -7.4442  0.3740  0.8454  0.3111  DWFWWSAHVKKQKAC
   12     -1.1942    4.2294   -7.7480  0.3176  0.8636  0.2451  NINWIWRSSNYNKDC
   13      0.2710    5.5425   -7.5308  0.1650  0.8530  0.1940  AWKLLCFNSNYYGTG
   14      0.6325    5.1245   -6.4172  0.1061  0.8688  0.1800  NIGKKAWVLAPCKFC
   15     -1.4337    3.9456   -7.6847  0.3642  0.8620  0.2709  AWGEAWCWSNTQKEG
   16     -1.1351    3.7863   -7.0307  0.4921  0.8702  0.3591  AWAEWWFDSNYGGFG
   17      0.5368    5.0327   -6.4228  0.1152  0.8657  0.1645  DIIWSWWSPWYQKKC
   18      0.9407    4.9364   -5.7083  0.1416  0.8472  0.2256  DAKRAWWHVWWQKDC
   19      0.5269    4.9483   -6.3164  0.1594  0.8506  0.2571  NHGRAWWWLATQKEC
   20     -0.2075    5.2983   -7.8654  0.1540  0.8520  0.1989  NIGRRAQVVAWGGTC
   21      0.7601    5.6198   -6.9424  0.2185  0.8439  0.2724  AWIWWHQQVNYQKEC
   22      1.2719    4.7378   -4.9514  0.1690  0.8498  0.2456  DHNWRSWQVMWQRDW
   23      3.2398    5.3774   -3.0538  0.2284  0.8564  0.2502  MADRPVRQVFWIFWC
   24     -0.8568    4.3183   -7.3931  0.2296  0.8744  0.1873  NHNWASWSPNYQRDA
   25     -0.0470    3.4375   -4.9780  0.6789  0.8993  0.4708  TAKNAVADVWWQCDC
   26     -2.3776    4.0004   -9.1114  0.3858  0.8664  0.2587  AINWLHMDSNYYAFS
   27     -0.1918    4.2134   -6.2931  0.2956  0.8777  0.2151  GHNWWWICPNYNKDC
   28      0.1327    3.8869   -5.3632  0.3644  0.8615  0.2728  AIGEPPKQSNYCWFW
   29      1.7567    6.7300   -7.1047  0.3300  0.8621  0.2824  IWNWWCWDPNYQKDC
---------------------------------------------
End time : Sun May 24 22:27:18 CEST 2026
