Job ID       : 310063
Array task   : 0  →  protocol: gen_energy_C
Node         : aar018
Start time   : Sun May 24 12:31:35 CEST 2026
---------------------------------------------
Sun May 24 12:31:35 2026       
+-----------------------------------------------------------------------------------------+
| NVIDIA-SMI 560.35.03              Driver Version: 560.35.03      CUDA Version: 12.6     |
|-----------------------------------------+------------------------+----------------------+
| GPU  Name                 Persistence-M | Bus-Id          Disp.A | Volatile Uncorr. ECC |
| Fan  Temp   Perf          Pwr:Usage/Cap |           Memory-Usage | GPU-Util  Compute M. |
|                                         |                        |               MIG M. |
|=========================================+========================+======================|
|   0  NVIDIA A30                     Off |   00000000:17:00.0 Off |                    0 |
| N/A   31C    P0             31W /  165W |       1MiB /  24576MiB |      0%      Default |
|                                         |                        |             Disabled |
+-----------------------------------------+------------------------+----------------------+
                                                                                         
+-----------------------------------------------------------------------------------------+
| Processes:                                                                              |
---------------------------------------------
JAX devices: [cuda(id=0)]
GPU check passed: cuda:0
Output file  : /home/share_nfs/342-Projets_BGE/342.3-Gen-Chem/342.3.2-BioInfo/342.3.2.8-SeqModels/protein_design/prg/PA_PB1/results/colabdesign/run_multimer2/gen_energy_C.json
Running protocol: gen_energy_C ...
/home/share_nfs/342-Projets_BGE/342.3-Gen-Chem/342.3.2-BioInfo/342.3.2.8-SeqModels/protein_design/prg/PA_PB1/data/energy_model_params/PNB_2R_3lay_negbinom_energy_model_weights.json
Models loaded: ['model_1_multimer_v3', 'model_2_multimer_v3', 'model_3_multimer_v3', 'model_4_multimer_v3', 'model_5_multimer_v3']
[1/30] seed=0 ...
1 models [2] recycles 0 hard 0 soft 1 temp 1 loss 5.31 i_con 4.87 plddt 0.24 ptm 0.85 i_ptm 0.12 energy 7.38
2 models [3] recycles 0 hard 0 soft 1 temp 1 loss 4.33 i_con 3.89 plddt 0.30 ptm 0.86 i_ptm 0.39 energy 7.37
3 models [2] recycles 0 hard 0 soft 1 temp 1 loss 4.33 i_con 3.92 plddt 0.32 ptm 0.86 i_ptm 0.42 energy 6.83
4 models [3] recycles 0 hard 0 soft 1 temp 1 loss 4.12 i_con 3.75 plddt 0.35 ptm 0.87 i_ptm 0.48 energy 6.17
5 models [3] recycles 0 hard 0 soft 1 temp 1 loss 4.10 i_con 3.76 plddt 0.36 ptm 0.86 i_ptm 0.48 energy 5.48
6 models [2] recycles 0 hard 0 soft 1 temp 1 loss 4.14 i_con 3.84 plddt 0.35 ptm 0.87 i_ptm 0.45 energy 4.74
7 models [1] recycles 0 hard 0 soft 1 temp 1 loss 5.16 i_con 4.87 plddt 0.20 ptm 0.85 i_ptm 0.15 energy 4.02
8 models [1] recycles 0 hard 0 soft 1 temp 1 loss 5.15 i_con 4.87 plddt 0.22 ptm 0.85 i_ptm 0.21 energy 3.98
9 models [3] recycles 0 hard 0 soft 1 temp 1 loss 4.11 i_con 3.84 plddt 0.32 ptm 0.86 i_ptm 0.40 energy 3.94
10 models [1] recycles 0 hard 0 soft 1 temp 1 loss 4.43 i_con 4.18 plddt 0.24 ptm 0.86 i_ptm 0.24 energy 3.42
11 models [0] recycles 0 hard 0 soft 1 temp 1 loss 4.19 i_con 3.97 plddt 0.31 ptm 0.85 i_ptm 0.40 energy 3.03
12 models [0] recycles 0 hard 0 soft 1 temp 1 loss 4.12 i_con 3.93 plddt 0.35 ptm 0.85 i_ptm 0.39 energy 2.64
13 models [0] recycles 0 hard 0 soft 1 temp 1 loss 4.04 i_con 3.85 plddt 0.35 ptm 0.84 i_ptm 0.44 energy 2.44
14 models [1] recycles 0 hard 0 soft 1 temp 1 loss 4.34 i_con 4.15 plddt 0.25 ptm 0.87 i_ptm 0.29 energy 2.34
15 models [0] recycles 0 hard 0 soft 1 temp 1 loss 4.14 i_con 3.96 plddt 0.32 ptm 0.85 i_ptm 0.40 energy 2.33
16 models [4] recycles 0 hard 0 soft 1 temp 1 loss 4.03 i_con 3.85 plddt 0.29 ptm 0.88 i_ptm 0.43 energy 2.11
17 models [3] recycles 0 hard 0 soft 1 temp 1 loss 3.94 i_con 3.77 plddt 0.35 ptm 0.86 i_ptm 0.46 energy 2.04
18 models [1] recycles 0 hard 0 soft 1 temp 1 loss 4.21 i_con 4.04 plddt 0.24 ptm 0.87 i_ptm 0.30 energy 1.86
19 models [4] recycles 0 hard 0 soft 1 temp 1 loss 3.95 i_con 3.79 plddt 0.34 ptm 0.88 i_ptm 0.50 energy 1.84
20 models [1] recycles 0 hard 0 soft 1 temp 1 loss 4.44 i_con 4.28 plddt 0.24 ptm 0.85 i_ptm 0.21 energy 1.68
21 models [0] recycles 0 hard 0 soft 1 temp 1 loss 4.02 i_con 3.87 plddt 0.36 ptm 0.85 i_ptm 0.47 energy 1.69
22 models [3] recycles 0 hard 0 soft 1 temp 1 loss 3.84 i_con 3.70 plddt 0.38 ptm 0.87 i_ptm 0.51 energy 1.44
23 models [3] recycles 0 hard 0 soft 1 temp 1 loss 3.84 i_con 3.71 plddt 0.37 ptm 0.87 i_ptm 0.48 energy 1.28
24 models [4] recycles 0 hard 0 soft 1 temp 1 loss 3.92 i_con 3.82 plddt 0.36 ptm 0.89 i_ptm 0.51 energy 0.82
25 models [4] recycles 0 hard 0 soft 1 temp 1 loss 3.83 i_con 3.72 plddt 0.39 ptm 0.89 i_ptm 0.55 energy 0.81
26 models [0] recycles 0 hard 0 soft 1 temp 1 loss 4.01 i_con 3.92 plddt 0.36 ptm 0.85 i_ptm 0.41 energy 0.52
27 models [1] recycles 0 hard 0 soft 1 temp 1 loss 3.88 i_con 3.79 plddt 0.34 ptm 0.88 i_ptm 0.47 energy 0.51
28 models [2] recycles 0 hard 0 soft 1 temp 1 loss 3.76 i_con 3.69 plddt 0.44 ptm 0.87 i_ptm 0.57 energy 0.32
29 models [3] recycles 0 hard 0 soft 1 temp 1 loss 3.69 i_con 3.62 plddt 0.41 ptm 0.87 i_ptm 0.58 energy 0.21
30 models [4] recycles 0 hard 0 soft 1 temp 1 loss 3.90 i_con 3.84 plddt 0.34 ptm 0.88 i_ptm 0.46 energy -0.22
31 models [3] recycles 0 hard 0 soft 1 temp 1 loss 3.64 i_con 3.58 plddt 0.40 ptm 0.87 i_ptm 0.55 energy -0.02
32 models [1] recycles 0 hard 0 soft 1 temp 1 loss 3.91 i_con 3.85 plddt 0.32 ptm 0.87 i_ptm 0.45 energy -0.19
33 models [2] recycles 0 hard 0 soft 1 temp 1 loss 3.76 i_con 3.71 plddt 0.42 ptm 0.88 i_ptm 0.57 energy -0.30
34 models [0] recycles 0 hard 0 soft 1 temp 1 loss 4.09 i_con 4.05 plddt 0.32 ptm 0.83 i_ptm 0.33 energy -0.58
35 models [0] recycles 0 hard 0 soft 1 temp 1 loss 3.84 i_con 3.81 plddt 0.40 ptm 0.85 i_ptm 0.48 energy -0.57
36 models [1] recycles 0 hard 0 soft 1 temp 1 loss 3.85 i_con 3.82 plddt 0.35 ptm 0.87 i_ptm 0.45 energy -0.72
37 models [4] recycles 0 hard 0 soft 1 temp 1 loss 3.72 i_con 3.70 plddt 0.41 ptm 0.89 i_ptm 0.56 energy -0.85
38 models [1] recycles 0 hard 0 soft 1 temp 1 loss 3.93 i_con 3.91 plddt 0.31 ptm 0.87 i_ptm 0.42 energy -1.00
39 models [1] recycles 0 hard 0 soft 1 temp 1 loss 3.89 i_con 3.88 plddt 0.35 ptm 0.87 i_ptm 0.44 energy -1.14
40 models [4] recycles 0 hard 0 soft 1 temp 1 loss 3.76 i_con 3.76 plddt 0.37 ptm 0.89 i_ptm 0.55 energy -1.25
41 models [2] recycles 0 hard 0 soft 1 temp 1 loss 3.58 i_con 3.59 plddt 0.48 ptm 0.88 i_ptm 0.63 energy -1.23
42 models [3] recycles 0 hard 0 soft 1 temp 1 loss 3.55 i_con 3.56 plddt 0.43 ptm 0.87 i_ptm 0.61 energy -1.32
43 models [4] recycles 0 hard 0 soft 1 temp 1 loss 3.75 i_con 3.76 plddt 0.41 ptm 0.88 i_ptm 0.54 energy -1.44
44 models [3] recycles 0 hard 0 soft 1 temp 1 loss 3.60 i_con 3.62 plddt 0.43 ptm 0.87 i_ptm 0.57 energy -1.53
45 models [4] recycles 0 hard 0 soft 1 temp 1 loss 3.71 i_con 3.72 plddt 0.40 ptm 0.89 i_ptm 0.56 energy -1.44
46 models [1] recycles 0 hard 0 soft 1 temp 1 loss 4.17 i_con 4.18 plddt 0.27 ptm 0.86 i_ptm 0.24 energy -1.66
47 models [3] recycles 0 hard 0 soft 1 temp 1 loss 3.53 i_con 3.56 plddt 0.39 ptm 0.87 i_ptm 0.61 energy -1.64
48 models [1] recycles 0 hard 0 soft 1 temp 1 loss 4.78 i_con 4.79 plddt 0.25 ptm 0.85 i_ptm 0.16 energy -1.71
49 models [4] recycles 0 hard 0 soft 1 temp 1 loss 3.63 i_con 3.66 plddt 0.41 ptm 0.89 i_ptm 0.57 energy -1.85
50 models [4] recycles 0 hard 0 soft 1 temp 1 loss 3.70 i_con 3.74 plddt 0.38 ptm 0.89 i_ptm 0.55 energy -2.09
51 models [0] recycles 0 hard 0 soft 1 temp 1 loss 3.30 i_con 3.69 plddt 0.46 ptm 0.86 i_ptm 0.57 energy -2.19
52 models [1] recycles 0 hard 0 soft 1 temp 1 loss 3.28 i_con 3.68 plddt 0.40 ptm 0.87 i_ptm 0.58 energy -2.29
53 models [1] recycles 0 hard 0 soft 1 temp 1 loss 3.37 i_con 3.78 plddt 0.39 ptm 0.88 i_ptm 0.52 energy -2.32
54 models [2] recycles 0 hard 0 soft 1 temp 1 loss 3.31 i_con 3.72 plddt 0.43 ptm 0.87 i_ptm 0.56 energy -2.36
55 models [3] recycles 0 hard 0 soft 1 temp 1 loss 4.17 i_con 4.54 plddt 0.25 ptm 0.84 i_ptm 0.15 energy -2.21
56 models [0] recycles 0 hard 0 soft 1 temp 1 loss 3.17 i_con 3.56 plddt 0.43 ptm 0.86 i_ptm 0.63 energy -2.25
57 models [3] recycles 0 hard 0 soft 1 temp 1 loss 3.13 i_con 3.57 plddt 0.44 ptm 0.87 i_ptm 0.62 energy -2.52
58 models [4] recycles 0 hard 0 soft 1 temp 1 loss 3.18 i_con 3.64 plddt 0.40 ptm 0.89 i_ptm 0.58 energy -2.56
59 models [1] recycles 0 hard 0 soft 1 temp 1 loss 4.44 i_con 4.89 plddt 0.22 ptm 0.85 i_ptm 0.10 energy -2.64
60 models [2] recycles 0 hard 0 soft 1 temp 1 loss 3.22 i_con 3.68 plddt 0.44 ptm 0.88 i_ptm 0.59 energy -2.57
61 models [0] recycles 0 hard 0 soft 1 temp 1 loss 3.17 i_con 3.64 plddt 0.43 ptm 0.85 i_ptm 0.58 energy -2.67
62 models [2] recycles 0 hard 0 soft 1 temp 1 loss 3.21 i_con 3.70 plddt 0.43 ptm 0.87 i_ptm 0.56 energy -2.75
63 models [4] recycles 0 hard 0 soft 1 temp 1 loss 3.21 i_con 3.71 plddt 0.39 ptm 0.89 i_ptm 0.56 energy -2.79
64 models [3] recycles 0 hard 0 soft 1 temp 1 loss 3.10 i_con 3.64 plddt 0.40 ptm 0.87 i_ptm 0.58 energy -2.99
65 models [1] recycles 0 hard 0 soft 1 temp 1 loss 3.46 i_con 3.94 plddt 0.33 ptm 0.87 i_ptm 0.40 energy -2.75
66 models [4] recycles 0 hard 0 soft 1 temp 1 loss 3.22 i_con 3.75 plddt 0.41 ptm 0.89 i_ptm 0.55 energy -2.94
67 models [1] recycles 0 hard 0 soft 1 temp 1 loss 3.80 i_con 4.33 plddt 0.25 ptm 0.86 i_ptm 0.19 energy -3.05
68 models [2] recycles 0 hard 0 soft 1 temp 1 loss 3.12 i_con 3.67 plddt 0.42 ptm 0.87 i_ptm 0.59 energy -3.06
69 models [0] recycles 0 hard 0 soft 1 temp 1 loss 3.16 i_con 3.72 plddt 0.41 ptm 0.85 i_ptm 0.55 energy -3.08
70 models [2] recycles 0 hard 0 soft 1 temp 1 loss 2.96 i_con 3.54 plddt 0.43 ptm 0.87 i_ptm 0.64 energy -3.18
71 models [3] recycles 0 hard 0 soft 1 temp 1 loss 3.16 i_con 3.76 plddt 0.38 ptm 0.87 i_ptm 0.49 energy -3.34
72 models [4] recycles 0 hard 0 soft 1 temp 1 loss 2.97 i_con 3.60 plddt 0.42 ptm 0.89 i_ptm 0.60 energy -3.44
73 models [2] recycles 0 hard 0 soft 1 temp 1 loss 3.05 i_con 3.65 plddt 0.41 ptm 0.88 i_ptm 0.58 energy -3.28
74 models [3] recycles 0 hard 0 soft 1 temp 1 loss 2.98 i_con 3.64 plddt 0.43 ptm 0.87 i_ptm 0.58 energy -3.58
75 models [2] recycles 0 hard 0 soft 1 temp 1 loss 2.95 i_con 3.64 plddt 0.47 ptm 0.87 i_ptm 0.59 energy -3.74
76 models [3] recycles 0 hard 0 soft 1 temp 1 loss 2.99 i_con 3.65 plddt 0.42 ptm 0.86 i_ptm 0.57 energy -3.59
77 models [3] recycles 0 hard 0 soft 1 temp 1 loss 3.11 i_con 3.81 plddt 0.36 ptm 0.86 i_ptm 0.49 energy -3.81
78 models [3] recycles 0 hard 0 soft 1 temp 1 loss 2.51 i_con 3.22 plddt 0.55 ptm 0.87 i_ptm 0.70 energy -3.76
79 models [4] recycles 0 hard 0 soft 1 temp 1 loss 3.02 i_con 3.72 plddt 0.39 ptm 0.88 i_ptm 0.54 energy -3.82
80 models [4] recycles 0 hard 0 soft 1 temp 1 loss 3.04 i_con 3.75 plddt 0.40 ptm 0.89 i_ptm 0.54 energy -3.86
81 models [1] recycles 0 hard 0 soft 1 temp 1 loss 3.39 i_con 4.10 plddt 0.29 ptm 0.86 i_ptm 0.29 energy -3.91
82 models [0] recycles 0 hard 0 soft 1 temp 1 loss 3.04 i_con 3.76 plddt 0.43 ptm 0.86 i_ptm 0.53 energy -3.91
83 models [0] recycles 0 hard 0 soft 1 temp 1 loss 2.69 i_con 3.47 plddt 0.53 ptm 0.87 i_ptm 0.66 energy -4.14
84 models [0] recycles 0 hard 0 soft 1 temp 1 loss 2.91 i_con 3.69 plddt 0.45 ptm 0.86 i_ptm 0.54 energy -4.15
85 models [2] recycles 0 hard 0 soft 1 temp 1 loss 2.59 i_con 3.41 plddt 0.56 ptm 0.88 i_ptm 0.70 energy -4.33
86 models [1] recycles 0 hard 0 soft 1 temp 1 loss 3.26 i_con 4.05 plddt 0.31 ptm 0.86 i_ptm 0.33 energy -4.34
87 models [3] recycles 0 hard 0 soft 1 temp 1 loss 2.59 i_con 3.41 plddt 0.51 ptm 0.87 i_ptm 0.65 energy -4.31
88 models [0] recycles 0 hard 0 soft 1 temp 1 loss 2.83 i_con 3.64 plddt 0.48 ptm 0.86 i_ptm 0.58 energy -4.32
89 models [1] recycles 0 hard 0 soft 1 temp 1 loss 3.09 i_con 3.92 plddt 0.37 ptm 0.87 i_ptm 0.43 energy -4.46
90 models [1] recycles 0 hard 0 soft 1 temp 1 loss 2.98 i_con 3.83 plddt 0.38 ptm 0.87 i_ptm 0.47 energy -4.53
91 models [1] recycles 0 hard 0 soft 1 temp 1 loss 2.74 i_con 3.62 plddt 0.44 ptm 0.88 i_ptm 0.57 energy -4.69
92 models [4] recycles 0 hard 0 soft 1 temp 1 loss 2.69 i_con 3.61 plddt 0.44 ptm 0.89 i_ptm 0.60 energy -4.86
93 models [2] recycles 0 hard 0 soft 1 temp 1 loss 2.71 i_con 3.62 plddt 0.47 ptm 0.88 i_ptm 0.61 energy -4.85
94 models [0] recycles 0 hard 0 soft 1 temp 1 loss 2.83 i_con 3.79 plddt 0.41 ptm 0.85 i_ptm 0.51 energy -5.07
95 models [2] recycles 0 hard 0 soft 1 temp 1 loss 2.73 i_con 3.71 plddt 0.44 ptm 0.87 i_ptm 0.58 energy -5.19
96 models [4] recycles 0 hard 0 soft 1 temp 1 loss 2.60 i_con 3.57 plddt 0.44 ptm 0.89 i_ptm 0.59 energy -5.18
97 models [4] recycles 0 hard 0 soft 1 temp 1 loss 2.62 i_con 3.62 plddt 0.45 ptm 0.89 i_ptm 0.58 energy -5.28
98 models [4] recycles 0 hard 0 soft 1 temp 1 loss 2.51 i_con 3.53 plddt 0.47 ptm 0.89 i_ptm 0.62 energy -5.36
99 models [2] recycles 0 hard 0 soft 1 temp 1 loss 2.52 i_con 3.55 plddt 0.50 ptm 0.88 i_ptm 0.63 energy -5.38
100 models [0] recycles 0 hard 0 soft 1 temp 1 loss 2.69 i_con 3.71 plddt 0.47 ptm 0.85 i_ptm 0.57 energy -5.36
101 models [0] recycles 0 hard 0 soft 0 temp 1 loss 3.00 i_con 4.19 plddt 0.30 ptm 0.83 i_ptm 0.28 energy -25.20
102 models [1] recycles 0 hard 0 soft 0 temp 0.98 loss 5.17 i_con 6.37 plddt 0.29 ptm 0.86 i_ptm 0.20 energy -25.52
103 models [3] recycles 0 hard 0 soft 0 temp 0.96 loss 2.86 i_con 4.08 plddt 0.32 ptm 0.85 i_ptm 0.34 energy -25.82
104 models [3] recycles 0 hard 0 soft 0 temp 0.94 loss 2.68 i_con 3.93 plddt 0.32 ptm 0.86 i_ptm 0.41 energy -26.40
105 models [0] recycles 0 hard 0 soft 0 temp 0.92 loss 2.55 i_con 3.86 plddt 0.35 ptm 0.85 i_ptm 0.43 energy -27.44
106 models [2] recycles 0 hard 0 soft 0 temp 0.90 loss 2.53 i_con 3.92 plddt 0.33 ptm 0.86 i_ptm 0.46 energy -29.15
107 models [4] recycles 0 hard 0 soft 0 temp 0.88 loss 2.74 i_con 4.14 plddt 0.27 ptm 0.87 i_ptm 0.30 energy -29.36
108 models [0] recycles 0 hard 0 soft 0 temp 0.86 loss 2.57 i_con 3.97 plddt 0.33 ptm 0.84 i_ptm 0.41 energy -29.32
109 models [3] recycles 0 hard 0 soft 0 temp 0.84 loss 2.59 i_con 4.03 plddt 0.33 ptm 0.85 i_ptm 0.35 energy -30.13
110 models [0] recycles 0 hard 0 soft 0 temp 0.82 loss 2.75 i_con 4.20 plddt 0.29 ptm 0.83 i_ptm 0.27 energy -30.45
111 models [3] recycles 0 hard 0 soft 0 temp 0.80 loss 2.77 i_con 4.23 plddt 0.28 ptm 0.85 i_ptm 0.25 energy -30.49
112 models [3] recycles 0 hard 0 soft 0 temp 0.78 loss 2.65 i_con 4.10 plddt 0.28 ptm 0.85 i_ptm 0.29 energy -30.47
113 models [0] recycles 0 hard 0 soft 0 temp 0.76 loss 2.44 i_con 3.90 plddt 0.36 ptm 0.85 i_ptm 0.43 energy -30.38
114 models [3] recycles 0 hard 0 soft 0 temp 0.74 loss 2.46 i_con 3.95 plddt 0.32 ptm 0.85 i_ptm 0.38 energy -31.12
115 models [3] recycles 0 hard 0 soft 0 temp 0.72 loss 2.40 i_con 3.88 plddt 0.30 ptm 0.86 i_ptm 0.41 energy -31.06
116 models [0] recycles 0 hard 0 soft 0 temp 0.70 loss 2.46 i_con 3.97 plddt 0.32 ptm 0.84 i_ptm 0.39 energy -31.65
117 models [4] recycles 0 hard 0 soft 0 temp 0.68 loss 2.25 i_con 3.81 plddt 0.30 ptm 0.88 i_ptm 0.42 energy -32.54
118 models [2] recycles 0 hard 0 soft 0 temp 0.66 loss 2.17 i_con 3.75 plddt 0.37 ptm 0.87 i_ptm 0.51 energy -32.77
119 models [2] recycles 0 hard 0 soft 0 temp 0.64 loss 2.23 i_con 3.88 plddt 0.34 ptm 0.87 i_ptm 0.45 energy -34.18
120 models [4] recycles 0 hard 0 soft 0 temp 0.62 loss 2.10 i_con 3.76 plddt 0.35 ptm 0.88 i_ptm 0.46 energy -34.55
121 models [0] recycles 0 hard 0 soft 0 temp 0.60 loss 2.08 i_con 3.79 plddt 0.35 ptm 0.84 i_ptm 0.46 energy -35.42
122 models [0] recycles 0 hard 0 soft 0 temp 0.58 loss 2.17 i_con 3.91 plddt 0.31 ptm 0.84 i_ptm 0.37 energy -36.18
123 models [4] recycles 0 hard 0 soft 0 temp 0.56 loss 1.92 i_con 3.71 plddt 0.34 ptm 0.89 i_ptm 0.49 energy -37.18
124 models [0] recycles 0 hard 0 soft 0 temp 0.54 loss 2.03 i_con 3.85 plddt 0.35 ptm 0.85 i_ptm 0.44 energy -37.88
125 models [2] recycles 0 hard 0 soft 0 temp 0.52 loss 1.89 i_con 3.78 plddt 0.35 ptm 0.88 i_ptm 0.49 energy -39.00
126 models [1] recycles 0 hard 0 soft 0 temp 0.50 loss 3.34 i_con 5.26 plddt 0.23 ptm 0.86 i_ptm 0.14 energy -39.94
127 models [0] recycles 0 hard 0 soft 0 temp 0.48 loss 1.91 i_con 3.83 plddt 0.33 ptm 0.86 i_ptm 0.44 energy -39.92
128 models [0] recycles 0 hard 0 soft 0 temp 0.46 loss 1.89 i_con 3.89 plddt 0.33 ptm 0.84 i_ptm 0.43 energy -41.42
129 models [0] recycles 0 hard 0 soft 0 temp 0.44 loss 3.66 i_con 5.67 plddt 0.20 ptm 0.69 i_ptm 0.37 energy -41.92
130 models [4] recycles 0 hard 0 soft 0 temp 0.42 loss 2.06 i_con 4.07 plddt 0.26 ptm 0.88 i_ptm 0.33 energy -41.72
131 models [2] recycles 0 hard 0 soft 0 temp 0.40 loss 1.65 i_con 3.68 plddt 0.37 ptm 0.88 i_ptm 0.52 energy -41.72
132 models [2] recycles 0 hard 0 soft 0 temp 0.38 loss 1.65 i_con 3.74 plddt 0.35 ptm 0.87 i_ptm 0.52 energy -43.09
133 models [3] recycles 0 hard 0 soft 0 temp 0.36 loss 1.68 i_con 3.83 plddt 0.33 ptm 0.86 i_ptm 0.42 energy -44.32
134 models [0] recycles 0 hard 0 soft 0 temp 0.34 loss 1.62 i_con 3.82 plddt 0.35 ptm 0.85 i_ptm 0.46 energy -45.45
135 models [4] recycles 0 hard 0 soft 0 temp 0.32 loss 1.48 i_con 3.73 plddt 0.32 ptm 0.89 i_ptm 0.48 energy -46.30
136 models [3] recycles 0 hard 0 soft 0 temp 0.30 loss 1.48 i_con 3.77 plddt 0.34 ptm 0.86 i_ptm 0.45 energy -46.96
137 models [3] recycles 0 hard 0 soft 0 temp 0.28 loss 1.48 i_con 3.80 plddt 0.33 ptm 0.85 i_ptm 0.44 energy -47.85
138 models [4] recycles 0 hard 0 soft 0 temp 0.26 loss 1.25 i_con 3.63 plddt 0.36 ptm 0.89 i_ptm 0.51 energy -48.83
139 models [3] recycles 0 hard 0 soft 0 temp 0.24 loss 1.38 i_con 3.79 plddt 0.32 ptm 0.86 i_ptm 0.46 energy -49.52
140 models [2] recycles 0 hard 0 soft 0 temp 0.22 loss 1.27 i_con 3.75 plddt 0.37 ptm 0.88 i_ptm 0.51 energy -50.79
141 models [2] recycles 0 hard 0 soft 0 temp 0.20 loss 1.14 i_con 3.71 plddt 0.37 ptm 0.88 i_ptm 0.52 energy -52.58
142 models [4] recycles 0 hard 0 soft 0 temp 0.18 loss 1.05 i_con 3.69 plddt 0.36 ptm 0.89 i_ptm 0.51 energy -53.99
143 models [1] recycles 0 hard 0 soft 0 temp 0.16 loss 2.35 i_con 4.98 plddt 0.25 ptm 0.86 i_ptm 0.14 energy -54.03
144 models [2] recycles 0 hard 0 soft 0 temp 0.14 loss 1.13 i_con 3.78 plddt 0.37 ptm 0.88 i_ptm 0.50 energy -54.12
145 models [4] recycles 0 hard 0 soft 0 temp 0.12 loss 1.04 i_con 3.73 plddt 0.33 ptm 0.90 i_ptm 0.48 energy -55.19
146 models [2] recycles 0 hard 0 soft 0 temp 0.10 loss 1.04 i_con 3.76 plddt 0.37 ptm 0.87 i_ptm 0.50 energy -55.78
147 models [1] recycles 0 hard 0 soft 0 temp 0.08 loss 1.24 i_con 4.02 plddt 0.28 ptm 0.88 i_ptm 0.34 energy -57.13
148 models [3] recycles 0 hard 0 soft 0 temp 0.06 loss 1.00 i_con 3.83 plddt 0.31 ptm 0.86 i_ptm 0.41 energy -57.91
149 models [2] recycles 0 hard 0 soft 0 temp 0.04 loss 0.78 i_con 3.69 plddt 0.39 ptm 0.88 i_ptm 0.52 energy -59.35
150 models [2] recycles 0 hard 0 soft 0 temp 0.02 loss 0.79 i_con 3.78 plddt 0.36 ptm 0.88 i_ptm 0.47 energy -61.05
151 models [2] recycles 0 hard 1 soft 0 temp 0.00 loss 0.89 i_con 3.50 plddt 0.48 ptm 0.88 i_ptm 0.66 energy -5.31
152 models [4] recycles 0 hard 1 soft 0 temp 0.00 loss 0.98 i_con 3.58 plddt 0.42 ptm 0.89 i_ptm 0.61 energy -5.31
153 models [0] recycles 0 hard 1 soft 0 temp 0.00 loss 1.00 i_con 3.61 plddt 0.46 ptm 0.86 i_ptm 0.62 energy -5.31
154 models [4] recycles 0 hard 1 soft 0 temp 0.00 loss 0.98 i_con 3.58 plddt 0.42 ptm 0.89 i_ptm 0.61 energy -5.31
155 models [2] recycles 0 hard 1 soft 0 temp 0.00 loss 0.89 i_con 3.50 plddt 0.48 ptm 0.88 i_ptm 0.66 energy -5.31
156 models [4] recycles 0 hard 1 soft 0 temp 0.00 loss 0.98 i_con 3.58 plddt 0.42 ptm 0.89 i_ptm 0.61 energy -5.31
157 models [4] recycles 0 hard 1 soft 0 temp 0.00 loss 0.98 i_con 3.58 plddt 0.42 ptm 0.89 i_ptm 0.61 energy -5.31
158 models [1] recycles 0 hard 1 soft 0 temp 0.00 loss 2.97 i_con 5.56 plddt 0.28 ptm 0.85 i_ptm 0.21 energy -5.31
159 models [4] recycles 0 hard 1 soft 0 temp 0.00 loss 0.98 i_con 3.58 plddt 0.42 ptm 0.89 i_ptm 0.61 energy -5.31
160 models [3] recycles 0 hard 1 soft 0 temp 0.00 loss 0.81 i_con 3.41 plddt 0.49 ptm 0.88 i_ptm 0.68 energy -5.31
161 models [0] recycles 0 hard 1 soft 0 temp 0.00 loss 1.00 i_con 3.61 plddt 0.46 ptm 0.86 i_ptm 0.62 energy -5.31
162 models [2] recycles 0 hard 1 soft 0 temp 0.00 loss 0.89 i_con 3.50 plddt 0.48 ptm 0.88 i_ptm 0.66 energy -5.31
163 models [3] recycles 0 hard 1 soft 0 temp 0.00 loss 0.81 i_con 3.41 plddt 0.49 ptm 0.88 i_ptm 0.68 energy -5.31
164 models [0] recycles 0 hard 1 soft 0 temp 0.00 loss 1.00 i_con 3.61 plddt 0.46 ptm 0.86 i_ptm 0.62 energy -5.31
165 models [2] recycles 0 hard 1 soft 0 temp 0.00 loss 0.89 i_con 3.50 plddt 0.48 ptm 0.88 i_ptm 0.66 energy -5.31
166 models [2] recycles 0 hard 1 soft 0 temp 0.00 loss 0.89 i_con 3.50 plddt 0.48 ptm 0.88 i_ptm 0.66 energy -5.31
167 models [4] recycles 0 hard 1 soft 0 temp 0.00 loss 0.98 i_con 3.58 plddt 0.42 ptm 0.89 i_ptm 0.61 energy -5.31
168 models [4] recycles 0 hard 1 soft 0 temp 0.00 loss 0.98 i_con 3.58 plddt 0.42 ptm 0.89 i_ptm 0.61 energy -5.31
169 models [0] recycles 0 hard 1 soft 0 temp 0.00 loss 1.00 i_con 3.61 plddt 0.46 ptm 0.86 i_ptm 0.62 energy -5.31
170 models [1] recycles 0 hard 1 soft 0 temp 0.00 loss 2.97 i_con 5.56 plddt 0.28 ptm 0.85 i_ptm 0.21 energy -5.31
171 models [3] recycles 0 hard 1 soft 0 temp 0.00 loss 0.81 i_con 3.41 plddt 0.49 ptm 0.88 i_ptm 0.68 energy -5.31
172 models [4] recycles 0 hard 1 soft 0 temp 0.00 loss 0.98 i_con 3.58 plddt 0.42 ptm 0.89 i_ptm 0.61 energy -5.31
173 models [0] recycles 0 hard 1 soft 0 temp 0.00 loss 1.00 i_con 3.61 plddt 0.46 ptm 0.86 i_ptm 0.62 energy -5.31
174 models [2] recycles 0 hard 1 soft 0 temp 0.00 loss 0.89 i_con 3.50 plddt 0.48 ptm 0.88 i_ptm 0.66 energy -5.31
175 models [0] recycles 0 hard 1 soft 0 temp 0.00 loss 1.00 i_con 3.61 plddt 0.46 ptm 0.86 i_ptm 0.62 energy -5.31
176 models [1] recycles 0 hard 1 soft 0 temp 0.00 loss 2.97 i_con 5.56 plddt 0.28 ptm 0.85 i_ptm 0.21 energy -5.31
177 models [2] recycles 0 hard 1 soft 0 temp 0.00 loss 0.89 i_con 3.50 plddt 0.48 ptm 0.88 i_ptm 0.66 energy -5.31
178 models [2] recycles 0 hard 1 soft 0 temp 0.00 loss 0.89 i_con 3.50 plddt 0.48 ptm 0.88 i_ptm 0.66 energy -5.31
179 models [4] recycles 0 hard 1 soft 0 temp 0.00 loss 0.98 i_con 3.58 plddt 0.42 ptm 0.89 i_ptm 0.61 energy -5.31
180 models [2] recycles 0 hard 1 soft 0 temp 0.00 loss 0.89 i_con 3.50 plddt 0.48 ptm 0.88 i_ptm 0.66 energy -5.31
  seq=NHNWWWWMNFWQRDC  loss=0.8903  loss_af=3.5470  energy=-5.3135  i_ptm=0.6551
[2/30] seed=1 ...
1 models [2] recycles 0 hard 0 soft 1 temp 1 loss 6.01 i_con 5.56 plddt 0.23 ptm 0.85 i_ptm 0.18 energy 7.40
2 models [1] recycles 0 hard 0 soft 1 temp 1 loss 5.55 i_con 5.12 plddt 0.21 ptm 0.86 i_ptm 0.16 energy 7.11
3 models [1] recycles 0 hard 0 soft 1 temp 1 loss 4.88 i_con 4.45 plddt 0.23 ptm 0.86 i_ptm 0.19 energy 7.09
4 models [2] recycles 0 hard 0 soft 1 temp 1 loss 4.41 i_con 4.00 plddt 0.32 ptm 0.86 i_ptm 0.38 energy 6.74
5 models [2] recycles 0 hard 0 soft 1 temp 1 loss 4.45 i_con 4.05 plddt 0.28 ptm 0.86 i_ptm 0.33 energy 6.54
6 models [4] recycles 0 hard 0 soft 1 temp 1 loss 4.74 i_con 4.35 plddt 0.26 ptm 0.87 i_ptm 0.23 energy 6.32
7 models [3] recycles 0 hard 0 soft 1 temp 1 loss 4.10 i_con 3.73 plddt 0.35 ptm 0.87 i_ptm 0.48 energy 6.10
8 models [0] recycles 0 hard 0 soft 1 temp 1 loss 4.61 i_con 4.27 plddt 0.26 ptm 0.84 i_ptm 0.26 energy 5.30
9 models [0] recycles 0 hard 0 soft 1 temp 1 loss 4.36 i_con 4.04 plddt 0.33 ptm 0.84 i_ptm 0.37 energy 5.00
10 models [3] recycles 0 hard 0 soft 1 temp 1 loss 4.08 i_con 3.78 plddt 0.35 ptm 0.86 i_ptm 0.46 energy 4.68
11 models [1] recycles 0 hard 0 soft 1 temp 1 loss 4.54 i_con 4.26 plddt 0.24 ptm 0.86 i_ptm 0.22 energy 4.03
12 models [0] recycles 0 hard 0 soft 1 temp 1 loss 4.20 i_con 3.94 plddt 0.34 ptm 0.85 i_ptm 0.41 energy 3.91
13 models [0] recycles 0 hard 0 soft 1 temp 1 loss 4.06 i_con 3.83 plddt 0.40 ptm 0.85 i_ptm 0.49 energy 3.42
14 models [1] recycles 0 hard 0 soft 1 temp 1 loss 4.51 i_con 4.29 plddt 0.25 ptm 0.86 i_ptm 0.20 energy 2.90
15 models [1] recycles 0 hard 0 soft 1 temp 1 loss 4.36 i_con 4.14 plddt 0.26 ptm 0.86 i_ptm 0.28 energy 2.87
16 models [4] recycles 0 hard 0 soft 1 temp 1 loss 3.88 i_con 3.69 plddt 0.41 ptm 0.89 i_ptm 0.56 energy 2.58
17 models [2] recycles 0 hard 0 soft 1 temp 1 loss 4.08 i_con 3.89 plddt 0.35 ptm 0.86 i_ptm 0.44 energy 2.50
18 models [1] recycles 0 hard 0 soft 1 temp 1 loss 3.92 i_con 3.75 plddt 0.37 ptm 0.88 i_ptm 0.47 energy 2.16
19 models [3] recycles 0 hard 0 soft 1 temp 1 loss 3.88 i_con 3.71 plddt 0.38 ptm 0.87 i_ptm 0.49 energy 2.17
20 models [3] recycles 0 hard 0 soft 1 temp 1 loss 3.87 i_con 3.72 plddt 0.36 ptm 0.86 i_ptm 0.49 energy 1.76
21 models [1] recycles 0 hard 0 soft 1 temp 1 loss 4.07 i_con 3.93 plddt 0.32 ptm 0.88 i_ptm 0.40 energy 1.57
22 models [2] recycles 0 hard 0 soft 1 temp 1 loss 3.93 i_con 3.80 plddt 0.34 ptm 0.87 i_ptm 0.44 energy 1.29
23 models [2] recycles 0 hard 0 soft 1 temp 1 loss 3.86 i_con 3.74 plddt 0.39 ptm 0.87 i_ptm 0.51 energy 1.21
24 models [3] recycles 0 hard 0 soft 1 temp 1 loss 3.78 i_con 3.67 plddt 0.39 ptm 0.87 i_ptm 0.53 energy 1.07
25 models [1] recycles 0 hard 0 soft 1 temp 1 loss 4.16 i_con 4.05 plddt 0.28 ptm 0.87 i_ptm 0.32 energy 0.80
26 models [4] recycles 0 hard 0 soft 1 temp 1 loss 3.93 i_con 3.83 plddt 0.34 ptm 0.88 i_ptm 0.46 energy 0.58
27 models [4] recycles 0 hard 0 soft 1 temp 1 loss 3.76 i_con 3.68 plddt 0.39 ptm 0.88 i_ptm 0.52 energy 0.53
28 models [2] recycles 0 hard 0 soft 1 temp 1 loss 3.62 i_con 3.56 plddt 0.47 ptm 0.88 i_ptm 0.57 energy 0.27
29 models [0] recycles 0 hard 0 soft 1 temp 1 loss 3.81 i_con 3.73 plddt 0.40 ptm 0.86 i_ptm 0.51 energy 0.29
30 models [0] recycles 0 hard 0 soft 1 temp 1 loss 3.81 i_con 3.73 plddt 0.40 ptm 0.86 i_ptm 0.52 energy 0.29
31 models [2] recycles 0 hard 0 soft 1 temp 1 loss 3.61 i_con 3.57 plddt 0.46 ptm 0.87 i_ptm 0.60 energy -0.36
32 models [4] recycles 0 hard 0 soft 1 temp 1 loss 3.91 i_con 3.86 plddt 0.33 ptm 0.89 i_ptm 0.44 energy -0.39
33 models [0] recycles 0 hard 0 soft 1 temp 1 loss 3.87 i_con 3.84 plddt 0.36 ptm 0.85 i_ptm 0.44 energy -0.67
34 models [3] recycles 0 hard 0 soft 1 temp 1 loss 3.69 i_con 3.67 plddt 0.39 ptm 0.87 i_ptm 0.55 energy -0.81
35 models [3] recycles 0 hard 0 soft 1 temp 1 loss 3.58 i_con 3.58 plddt 0.42 ptm 0.87 i_ptm 0.58 energy -1.15
36 models [1] recycles 0 hard 0 soft 1 temp 1 loss 3.82 i_con 3.81 plddt 0.33 ptm 0.88 i_ptm 0.46 energy -1.08
37 models [2] recycles 0 hard 0 soft 1 temp 1 loss 3.63 i_con 3.64 plddt 0.43 ptm 0.87 i_ptm 0.55 energy -1.33
38 models [0] recycles 0 hard 0 soft 1 temp 1 loss 3.74 i_con 3.75 plddt 0.40 ptm 0.85 i_ptm 0.51 energy -1.34
39 models [3] recycles 0 hard 0 soft 1 temp 1 loss 3.70 i_con 3.72 plddt 0.41 ptm 0.87 i_ptm 0.52 energy -1.52
40 models [3] recycles 0 hard 0 soft 1 temp 1 loss 3.52 i_con 3.54 plddt 0.47 ptm 0.88 i_ptm 0.60 energy -1.47
41 models [0] recycles 0 hard 0 soft 1 temp 1 loss 3.64 i_con 3.68 plddt 0.44 ptm 0.86 i_ptm 0.51 energy -1.76
42 models [2] recycles 0 hard 0 soft 1 temp 1 loss 3.55 i_con 3.57 plddt 0.49 ptm 0.88 i_ptm 0.60 energy -1.51
43 models [0] recycles 0 hard 0 soft 1 temp 1 loss 3.62 i_con 3.66 plddt 0.46 ptm 0.86 i_ptm 0.54 energy -1.86
44 models [2] recycles 0 hard 0 soft 1 temp 1 loss 3.44 i_con 3.49 plddt 0.53 ptm 0.88 i_ptm 0.65 energy -1.79
45 models [1] recycles 0 hard 0 soft 1 temp 1 loss 3.85 i_con 3.88 plddt 0.35 ptm 0.87 i_ptm 0.47 energy -1.93
46 models [1] recycles 0 hard 0 soft 1 temp 1 loss 5.27 i_con 5.29 plddt 0.25 ptm 0.85 i_ptm 0.13 energy -1.86
47 models [2] recycles 0 hard 0 soft 1 temp 1 loss 3.70 i_con 3.73 plddt 0.35 ptm 0.87 i_ptm 0.51 energy -1.77
48 models [4] recycles 0 hard 0 soft 1 temp 1 loss 3.65 i_con 3.69 plddt 0.37 ptm 0.89 i_ptm 0.54 energy -2.02
49 models [1] recycles 0 hard 0 soft 1 temp 1 loss 3.75 i_con 3.79 plddt 0.38 ptm 0.88 i_ptm 0.50 energy -2.14
50 models [1] recycles 0 hard 0 soft 1 temp 1 loss 4.74 i_con 4.76 plddt 0.22 ptm 0.85 i_ptm 0.14 energy -2.10
51 models [4] recycles 0 hard 0 soft 1 temp 1 loss 3.38 i_con 3.73 plddt 0.36 ptm 0.89 i_ptm 0.52 energy -2.04
52 models [4] recycles 0 hard 0 soft 1 temp 1 loss 3.35 i_con 3.72 plddt 0.36 ptm 0.89 i_ptm 0.53 energy -2.17
53 models [0] recycles 0 hard 0 soft 1 temp 1 loss 3.26 i_con 3.66 plddt 0.37 ptm 0.86 i_ptm 0.51 energy -2.30
54 models [0] recycles 0 hard 0 soft 1 temp 1 loss 3.45 i_con 3.86 plddt 0.34 ptm 0.85 i_ptm 0.42 energy -2.42
55 models [2] recycles 0 hard 0 soft 1 temp 1 loss 3.24 i_con 3.68 plddt 0.44 ptm 0.88 i_ptm 0.58 energy -2.48
56 models [4] recycles 0 hard 0 soft 1 temp 1 loss 3.51 i_con 3.95 plddt 0.33 ptm 0.89 i_ptm 0.41 energy -2.53
57 models [1] recycles 0 hard 0 soft 1 temp 1 loss 3.90 i_con 4.33 plddt 0.26 ptm 0.87 i_ptm 0.22 energy -2.51
58 models [1] recycles 0 hard 0 soft 1 temp 1 loss 3.12 i_con 3.57 plddt 0.42 ptm 0.88 i_ptm 0.58 energy -2.55
59 models [1] recycles 0 hard 0 soft 1 temp 1 loss 3.23 i_con 3.70 plddt 0.39 ptm 0.88 i_ptm 0.52 energy -2.63
60 models [0] recycles 0 hard 0 soft 1 temp 1 loss 3.30 i_con 3.75 plddt 0.41 ptm 0.86 i_ptm 0.50 energy -2.55
61 models [4] recycles 0 hard 0 soft 1 temp 1 loss 2.89 i_con 3.37 plddt 0.53 ptm 0.90 i_ptm 0.68 energy -2.61
62 models [0] recycles 0 hard 0 soft 1 temp 1 loss 3.95 i_con 4.38 plddt 0.27 ptm 0.84 i_ptm 0.20 energy -2.55
63 models [2] recycles 0 hard 0 soft 1 temp 1 loss 3.26 i_con 3.69 plddt 0.39 ptm 0.87 i_ptm 0.54 energy -2.44
64 models [4] recycles 0 hard 0 soft 1 temp 1 loss 3.20 i_con 3.69 plddt 0.40 ptm 0.89 i_ptm 0.52 energy -2.76
65 models [0] recycles 0 hard 0 soft 1 temp 1 loss 3.17 i_con 3.64 plddt 0.43 ptm 0.86 i_ptm 0.54 energy -2.65
66 models [2] recycles 0 hard 0 soft 1 temp 1 loss 3.21 i_con 3.73 plddt 0.38 ptm 0.87 i_ptm 0.49 energy -2.91
67 models [3] recycles 0 hard 0 soft 1 temp 1 loss 3.17 i_con 3.72 plddt 0.37 ptm 0.86 i_ptm 0.52 energy -3.07
68 models [3] recycles 0 hard 0 soft 1 temp 1 loss 3.07 i_con 3.64 plddt 0.41 ptm 0.87 i_ptm 0.57 energy -3.12
69 models [4] recycles 0 hard 0 soft 1 temp 1 loss 2.96 i_con 3.55 plddt 0.44 ptm 0.88 i_ptm 0.58 energy -3.23
70 models [2] recycles 0 hard 0 soft 1 temp 1 loss 3.04 i_con 3.65 plddt 0.42 ptm 0.87 i_ptm 0.55 energy -3.30
71 models [2] recycles 0 hard 0 soft 1 temp 1 loss 3.03 i_con 3.65 plddt 0.41 ptm 0.87 i_ptm 0.56 energy -3.40
72 models [1] recycles 0 hard 0 soft 1 temp 1 loss 4.25 i_con 4.89 plddt 0.26 ptm 0.86 i_ptm 0.13 energy -3.55
73 models [4] recycles 0 hard 0 soft 1 temp 1 loss 3.04 i_con 3.67 plddt 0.40 ptm 0.88 i_ptm 0.51 energy -3.44
74 models [3] recycles 0 hard 0 soft 1 temp 1 loss 2.92 i_con 3.59 plddt 0.42 ptm 0.87 i_ptm 0.59 energy -3.63
75 models [2] recycles 0 hard 0 soft 1 temp 1 loss 2.96 i_con 3.65 plddt 0.40 ptm 0.87 i_ptm 0.57 energy -3.72
76 models [4] recycles 0 hard 0 soft 1 temp 1 loss 2.95 i_con 3.66 plddt 0.36 ptm 0.89 i_ptm 0.53 energy -3.88
77 models [0] recycles 0 hard 0 soft 1 temp 1 loss 3.62 i_con 4.33 plddt 0.27 ptm 0.84 i_ptm 0.24 energy -3.95
78 models [3] recycles 0 hard 0 soft 1 temp 1 loss 2.94 i_con 3.67 plddt 0.41 ptm 0.87 i_ptm 0.56 energy -3.93
79 models [3] recycles 0 hard 0 soft 1 temp 1 loss 2.83 i_con 3.58 plddt 0.41 ptm 0.86 i_ptm 0.60 energy -4.07
80 models [3] recycles 0 hard 0 soft 1 temp 1 loss 2.61 i_con 3.40 plddt 0.50 ptm 0.87 i_ptm 0.66 energy -4.22
81 models [4] recycles 0 hard 0 soft 1 temp 1 loss 2.81 i_con 3.60 plddt 0.40 ptm 0.89 i_ptm 0.55 energy -4.22
82 models [3] recycles 0 hard 0 soft 1 temp 1 loss 2.91 i_con 3.70 plddt 0.40 ptm 0.86 i_ptm 0.56 energy -4.29
83 models [4] recycles 0 hard 0 soft 1 temp 1 loss 2.90 i_con 3.71 plddt 0.36 ptm 0.88 i_ptm 0.51 energy -4.41
84 models [1] recycles 0 hard 0 soft 1 temp 1 loss 5.33 i_con 6.14 plddt 0.29 ptm 0.87 i_ptm 0.23 energy -4.44
85 models [4] recycles 0 hard 0 soft 1 temp 1 loss 2.70 i_con 3.53 plddt 0.43 ptm 0.89 i_ptm 0.61 energy -4.43
86 models [0] recycles 0 hard 0 soft 1 temp 1 loss 2.91 i_con 3.74 plddt 0.39 ptm 0.85 i_ptm 0.54 energy -4.45
87 models [4] recycles 0 hard 0 soft 1 temp 1 loss 3.31 i_con 4.13 plddt 0.30 ptm 0.87 i_ptm 0.32 energy -4.46
88 models [3] recycles 0 hard 0 soft 1 temp 1 loss 2.84 i_con 3.69 plddt 0.43 ptm 0.87 i_ptm 0.58 energy -4.51
89 models [3] recycles 0 hard 0 soft 1 temp 1 loss 2.75 i_con 3.62 plddt 0.42 ptm 0.87 i_ptm 0.60 energy -4.61
90 models [0] recycles 0 hard 0 soft 1 temp 1 loss 2.68 i_con 3.57 plddt 0.40 ptm 0.86 i_ptm 0.60 energy -4.72
91 models [3] recycles 0 hard 0 soft 1 temp 1 loss 2.78 i_con 3.66 plddt 0.41 ptm 0.87 i_ptm 0.57 energy -4.71
92 models [3] recycles 0 hard 0 soft 1 temp 1 loss 2.74 i_con 3.65 plddt 0.41 ptm 0.87 i_ptm 0.59 energy -4.86
93 models [1] recycles 0 hard 0 soft 1 temp 1 loss 3.29 i_con 4.20 plddt 0.28 ptm 0.85 i_ptm 0.30 energy -4.93
94 models [2] recycles 0 hard 0 soft 1 temp 1 loss 2.80 i_con 3.71 plddt 0.40 ptm 0.88 i_ptm 0.56 energy -4.86
95 models [2] recycles 0 hard 0 soft 1 temp 1 loss 2.62 i_con 3.56 plddt 0.44 ptm 0.87 i_ptm 0.62 energy -4.96
96 models [4] recycles 0 hard 0 soft 1 temp 1 loss 2.98 i_con 3.94 plddt 0.32 ptm 0.88 i_ptm 0.41 energy -5.10
97 models [0] recycles 0 hard 0 soft 1 temp 1 loss 2.75 i_con 3.70 plddt 0.36 ptm 0.86 i_ptm 0.53 energy -5.08
98 models [0] recycles 0 hard 0 soft 1 temp 1 loss 2.71 i_con 3.66 plddt 0.41 ptm 0.86 i_ptm 0.56 energy -5.04
99 models [3] recycles 0 hard 0 soft 1 temp 1 loss 2.66 i_con 3.64 plddt 0.42 ptm 0.87 i_ptm 0.60 energy -5.20
100 models [3] recycles 0 hard 0 soft 1 temp 1 loss 2.57 i_con 3.57 plddt 0.44 ptm 0.87 i_ptm 0.62 energy -5.27
101 models [2] recycles 0 hard 0 soft 0 temp 1 loss 4.71 i_con 5.80 plddt 0.27 ptm 0.85 i_ptm 0.14 energy -23.43
102 models [2] recycles 0 hard 0 soft 0 temp 0.98 loss 4.08 i_con 5.17 plddt 0.22 ptm 0.85 i_ptm 0.11 energy -23.40
103 models [3] recycles 0 hard 0 soft 0 temp 0.96 loss 4.52 i_con 5.61 plddt 0.28 ptm 0.85 i_ptm 0.24 energy -23.26
104 models [2] recycles 0 hard 0 soft 0 temp 0.94 loss 3.27 i_con 4.36 plddt 0.27 ptm 0.86 i_ptm 0.21 energy -23.34
105 models [3] recycles 0 hard 0 soft 0 temp 0.92 loss 4.69 i_con 5.78 plddt 0.22 ptm 0.82 i_ptm 0.09 energy -23.31
106 models [0] recycles 0 hard 0 soft 0 temp 0.90 loss 3.46 i_con 4.56 plddt 0.24 ptm 0.83 i_ptm 0.15 energy -23.54
107 models [0] recycles 0 hard 0 soft 0 temp 0.88 loss 2.81 i_con 3.91 plddt 0.33 ptm 0.85 i_ptm 0.43 energy -23.33
108 models [1] recycles 0 hard 0 soft 0 temp 0.86 loss 4.67 i_con 5.77 plddt 0.26 ptm 0.86 i_ptm 0.15 energy -23.51
109 models [0] recycles 0 hard 0 soft 0 temp 0.84 loss 3.08 i_con 4.20 plddt 0.29 ptm 0.84 i_ptm 0.31 energy -23.83
110 models [0] recycles 0 hard 0 soft 0 temp 0.82 loss 3.54 i_con 4.67 plddt 0.26 ptm 0.83 i_ptm 0.19 energy -24.09
111 models [2] recycles 0 hard 0 soft 0 temp 0.80 loss 4.86 i_con 6.00 plddt 0.26 ptm 0.86 i_ptm 0.16 energy -24.27
112 models [1] recycles 0 hard 0 soft 0 temp 0.78 loss 4.75 i_con 5.89 plddt 0.29 ptm 0.86 i_ptm 0.20 energy -24.14
113 models [0] recycles 0 hard 0 soft 0 temp 0.76 loss 2.88 i_con 4.03 plddt 0.34 ptm 0.85 i_ptm 0.40 energy -24.28
114 models [0] recycles 0 hard 0 soft 0 temp 0.74 loss 2.77 i_con 3.95 plddt 0.31 ptm 0.85 i_ptm 0.40 energy -25.05
115 models [1] recycles 0 hard 0 soft 0 temp 0.72 loss 4.48 i_con 5.67 plddt 0.28 ptm 0.86 i_ptm 0.16 energy -25.24
116 models [1] recycles 0 hard 0 soft 0 temp 0.70 loss 3.88 i_con 5.09 plddt 0.25 ptm 0.85 i_ptm 0.15 energy -25.73
117 models [3] recycles 0 hard 0 soft 0 temp 0.68 loss 2.77 i_con 3.99 plddt 0.30 ptm 0.86 i_ptm 0.39 energy -25.77
118 models [2] recycles 0 hard 0 soft 0 temp 0.66 loss 2.74 i_con 3.97 plddt 0.34 ptm 0.87 i_ptm 0.41 energy -25.83
119 models [3] recycles 0 hard 0 soft 0 temp 0.64 loss 2.54 i_con 3.78 plddt 0.34 ptm 0.87 i_ptm 0.50 energy -26.03
120 models [0] recycles 0 hard 0 soft 0 temp 0.62 loss 2.53 i_con 3.78 plddt 0.39 ptm 0.85 i_ptm 0.51 energy -26.15
121 models [3] recycles 0 hard 0 soft 0 temp 0.60 loss 3.18 i_con 4.43 plddt 0.26 ptm 0.86 i_ptm 0.19 energy -26.31
122 models [4] recycles 0 hard 0 soft 0 temp 0.58 loss 2.33 i_con 3.59 plddt 0.40 ptm 0.89 i_ptm 0.60 energy -26.43
123 models [3] recycles 0 hard 0 soft 0 temp 0.56 loss 3.58 i_con 4.84 plddt 0.25 ptm 0.84 i_ptm 0.13 energy -26.62
124 models [3] recycles 0 hard 0 soft 0 temp 0.54 loss 2.66 i_con 3.92 plddt 0.31 ptm 0.85 i_ptm 0.41 energy -26.58
125 models [3] recycles 0 hard 0 soft 0 temp 0.52 loss 2.53 i_con 3.79 plddt 0.38 ptm 0.86 i_ptm 0.52 energy -26.44
126 models [0] recycles 0 hard 0 soft 0 temp 0.50 loss 2.11 i_con 3.38 plddt 0.45 ptm 0.87 i_ptm 0.67 energy -26.35
127 models [2] recycles 0 hard 0 soft 0 temp 0.48 loss 2.02 i_con 3.30 plddt 0.45 ptm 0.88 i_ptm 0.70 energy -26.63
128 models [4] recycles 0 hard 0 soft 0 temp 0.46 loss 2.28 i_con 3.56 plddt 0.41 ptm 0.89 i_ptm 0.62 energy -26.82
129 models [0] recycles 0 hard 0 soft 0 temp 0.44 loss 1.95 i_con 3.25 plddt 0.49 ptm 0.87 i_ptm 0.71 energy -26.95
130 models [0] recycles 0 hard 0 soft 0 temp 0.42 loss 1.96 i_con 3.26 plddt 0.43 ptm 0.87 i_ptm 0.68 energy -27.10
131 models [1] recycles 0 hard 0 soft 0 temp 0.40 loss 4.12 i_con 5.40 plddt 0.32 ptm 0.85 i_ptm 0.22 energy -26.97
132 models [1] recycles 0 hard 0 soft 0 temp 0.38 loss 3.74 i_con 5.03 plddt 0.30 ptm 0.85 i_ptm 0.19 energy -27.08
133 models [1] recycles 0 hard 0 soft 0 temp 0.36 loss 2.36 i_con 3.67 plddt 0.39 ptm 0.87 i_ptm 0.53 energy -27.43
134 models [2] recycles 0 hard 0 soft 0 temp 0.34 loss 2.20 i_con 3.52 plddt 0.44 ptm 0.88 i_ptm 0.62 energy -27.49
135 models [4] recycles 0 hard 0 soft 0 temp 0.32 loss 2.04 i_con 3.42 plddt 0.42 ptm 0.89 i_ptm 0.66 energy -28.82
136 models [0] recycles 0 hard 0 soft 0 temp 0.30 loss 1.91 i_con 3.31 plddt 0.47 ptm 0.86 i_ptm 0.70 energy -29.14
137 models [3] recycles 0 hard 0 soft 0 temp 0.28 loss 2.89 i_con 4.31 plddt 0.27 ptm 0.84 i_ptm 0.22 energy -29.83
138 models [4] recycles 0 hard 0 soft 0 temp 0.26 loss 2.14 i_con 3.57 plddt 0.40 ptm 0.89 i_ptm 0.60 energy -29.68
139 models [0] recycles 0 hard 0 soft 0 temp 0.24 loss 1.75 i_con 3.19 plddt 0.45 ptm 0.87 i_ptm 0.71 energy -29.99
140 models [2] recycles 0 hard 0 soft 0 temp 0.22 loss 1.82 i_con 3.30 plddt 0.45 ptm 0.88 i_ptm 0.70 energy -30.66
141 models [4] recycles 0 hard 0 soft 0 temp 0.20 loss 2.26 i_con 3.76 plddt 0.35 ptm 0.89 i_ptm 0.53 energy -31.12
142 models [4] recycles 0 hard 0 soft 0 temp 0.18 loss 1.70 i_con 3.21 plddt 0.46 ptm 0.90 i_ptm 0.72 energy -31.30
143 models [1] recycles 0 hard 0 soft 0 temp 0.16 loss 3.01 i_con 4.51 plddt 0.28 ptm 0.85 i_ptm 0.15 energy -31.33
144 models [1] recycles 0 hard 0 soft 0 temp 0.14 loss 2.37 i_con 3.87 plddt 0.36 ptm 0.88 i_ptm 0.43 energy -31.46
145 models [1] recycles 0 hard 0 soft 0 temp 0.12 loss 2.23 i_con 3.75 plddt 0.38 ptm 0.87 i_ptm 0.50 energy -31.74
146 models [3] recycles 0 hard 0 soft 0 temp 0.10 loss 1.93 i_con 3.45 plddt 0.42 ptm 0.87 i_ptm 0.64 energy -31.63
147 models [1] recycles 0 hard 0 soft 0 temp 0.08 loss 2.83 i_con 4.36 plddt 0.27 ptm 0.85 i_ptm 0.23 energy -32.04
148 models [2] recycles 0 hard 0 soft 0 temp 0.06 loss 3.14 i_con 4.66 plddt 0.21 ptm 0.23 i_ptm 0.18 energy -32.02
149 models [3] recycles 0 hard 0 soft 0 temp 0.04 loss 1.85 i_con 3.40 plddt 0.42 ptm 0.88 i_ptm 0.68 energy -32.17
150 models [4] recycles 0 hard 0 soft 0 temp 0.02 loss 1.55 i_con 3.10 plddt 0.46 ptm 0.90 i_ptm 0.75 energy -32.25
151 models [2] recycles 0 hard 1 soft 0 temp 0.00 loss 0.56 i_con 3.24 plddt 0.43 ptm 0.88 i_ptm 0.72 energy -5.47
152 models [2] recycles 0 hard 1 soft 0 temp 0.00 loss 0.56 i_con 3.24 plddt 0.43 ptm 0.88 i_ptm 0.72 energy -5.47
153 models [3] recycles 0 hard 1 soft 0 temp 0.00 loss 0.74 i_con 3.41 plddt 0.40 ptm 0.88 i_ptm 0.70 energy -5.47
154 models [0] recycles 0 hard 1 soft 0 temp 0.00 loss 0.60 i_con 3.28 plddt 0.43 ptm 0.87 i_ptm 0.71 energy -5.47
155 models [4] recycles 0 hard 1 soft 0 temp 0.00 loss 0.95 i_con 3.61 plddt 0.35 ptm 0.89 i_ptm 0.59 energy -5.47
156 models [2] recycles 0 hard 1 soft 0 temp 0.00 loss 0.56 i_con 3.24 plddt 0.43 ptm 0.88 i_ptm 0.72 energy -5.47
157 models [3] recycles 0 hard 1 soft 0 temp 0.00 loss 0.74 i_con 3.41 plddt 0.40 ptm 0.88 i_ptm 0.70 energy -5.47
158 models [1] recycles 0 hard 1 soft 0 temp 0.00 loss 2.59 i_con 5.25 plddt 0.26 ptm 0.85 i_ptm 0.21 energy -5.47
159 models [0] recycles 0 hard 1 soft 0 temp 0.00 loss 0.60 i_con 3.28 plddt 0.43 ptm 0.87 i_ptm 0.71 energy -5.47
160 models [1] recycles 0 hard 1 soft 0 temp 0.00 loss 2.59 i_con 5.25 plddt 0.26 ptm 0.85 i_ptm 0.21 energy -5.47
161 models [4] recycles 0 hard 1 soft 0 temp 0.00 loss 0.95 i_con 3.61 plddt 0.35 ptm 0.89 i_ptm 0.59 energy -5.47
162 models [1] recycles 0 hard 1 soft 0 temp 0.00 loss 2.59 i_con 5.25 plddt 0.26 ptm 0.85 i_ptm 0.21 energy -5.47
163 models [3] recycles 0 hard 1 soft 0 temp 0.00 loss 0.74 i_con 3.41 plddt 0.40 ptm 0.88 i_ptm 0.70 energy -5.47
164 models [3] recycles 0 hard 1 soft 0 temp 0.00 loss 0.74 i_con 3.41 plddt 0.40 ptm 0.88 i_ptm 0.70 energy -5.47
165 models [3] recycles 0 hard 1 soft 0 temp 0.00 loss 0.74 i_con 3.41 plddt 0.40 ptm 0.88 i_ptm 0.70 energy -5.47
166 models [1] recycles 0 hard 1 soft 0 temp 0.00 loss 2.59 i_con 5.25 plddt 0.26 ptm 0.85 i_ptm 0.21 energy -5.47
167 models [1] recycles 0 hard 1 soft 0 temp 0.00 loss 2.59 i_con 5.25 plddt 0.26 ptm 0.85 i_ptm 0.21 energy -5.47
168 models [0] recycles 0 hard 1 soft 0 temp 0.00 loss 0.60 i_con 3.28 plddt 0.43 ptm 0.87 i_ptm 0.71 energy -5.47
169 models [3] recycles 0 hard 1 soft 0 temp 0.00 loss 0.74 i_con 3.41 plddt 0.40 ptm 0.88 i_ptm 0.70 energy -5.47
170 models [0] recycles 0 hard 1 soft 0 temp 0.00 loss 0.60 i_con 3.28 plddt 0.43 ptm 0.87 i_ptm 0.71 energy -5.47
171 models [0] recycles 0 hard 1 soft 0 temp 0.00 loss 0.60 i_con 3.28 plddt 0.43 ptm 0.87 i_ptm 0.71 energy -5.47
172 models [0] recycles 0 hard 1 soft 0 temp 0.00 loss 0.60 i_con 3.28 plddt 0.43 ptm 0.87 i_ptm 0.71 energy -5.47
173 models [4] recycles 0 hard 1 soft 0 temp 0.00 loss 0.95 i_con 3.61 plddt 0.35 ptm 0.89 i_ptm 0.59 energy -5.47
174 models [3] recycles 0 hard 1 soft 0 temp 0.00 loss 0.74 i_con 3.41 plddt 0.40 ptm 0.88 i_ptm 0.70 energy -5.47
175 models [1] recycles 0 hard 1 soft 0 temp 0.00 loss 2.59 i_con 5.25 plddt 0.26 ptm 0.85 i_ptm 0.21 energy -5.47
176 models [1] recycles 0 hard 1 soft 0 temp 0.00 loss 2.59 i_con 5.25 plddt 0.26 ptm 0.85 i_ptm 0.21 energy -5.47
177 models [3] recycles 0 hard 1 soft 0 temp 0.00 loss 0.74 i_con 3.41 plddt 0.40 ptm 0.88 i_ptm 0.70 energy -5.47
178 models [1] recycles 0 hard 1 soft 0 temp 0.00 loss 2.59 i_con 5.25 plddt 0.26 ptm 0.85 i_ptm 0.21 energy -5.47
179 models [2] recycles 0 hard 1 soft 0 temp 0.00 loss 0.56 i_con 3.24 plddt 0.43 ptm 0.88 i_ptm 0.72 energy -5.47
180 models [0] recycles 0 hard 1 soft 0 temp 0.00 loss 0.60 i_con 3.28 plddt 0.43 ptm 0.87 i_ptm 0.71 energy -5.47
  seq=DWKRAWRHVWWQFDC  loss=0.5997  loss_af=3.3332  energy=-5.4671  i_ptm=0.7098
[3/30] seed=2 ...
1 models [0] recycles 0 hard 0 soft 1 temp 1 loss 4.75 i_con 4.30 plddt 0.24 ptm 0.83 i_ptm 0.24 energy 7.37
2 models [4] recycles 0 hard 0 soft 1 temp 1 loss 4.72 i_con 4.30 plddt 0.26 ptm 0.87 i_ptm 0.26 energy 7.05
3 models [3] recycles 0 hard 0 soft 1 temp 1 loss 4.22 i_con 3.82 plddt 0.33 ptm 0.86 i_ptm 0.42 energy 6.73
4 models [0] recycles 0 hard 0 soft 1 temp 1 loss 4.32 i_con 3.96 plddt 0.30 ptm 0.84 i_ptm 0.39 energy 5.86
5 models [1] recycles 0 hard 0 soft 1 temp 1 loss 4.38 i_con 4.05 plddt 0.26 ptm 0.87 i_ptm 0.33 energy 5.20
6 models [4] recycles 0 hard 0 soft 1 temp 1 loss 4.20 i_con 3.89 plddt 0.33 ptm 0.88 i_ptm 0.44 energy 4.70
7 models [3] recycles 0 hard 0 soft 1 temp 1 loss 4.03 i_con 3.76 plddt 0.37 ptm 0.86 i_ptm 0.47 energy 4.21
8 models [4] recycles 0 hard 0 soft 1 temp 1 loss 4.21 i_con 3.97 plddt 0.32 ptm 0.88 i_ptm 0.42 energy 3.50
9 models [3] recycles 0 hard 0 soft 1 temp 1 loss 3.92 i_con 3.70 plddt 0.35 ptm 0.87 i_ptm 0.51 energy 3.19
10 models [3] recycles 0 hard 0 soft 1 temp 1 loss 3.99 i_con 3.78 plddt 0.35 ptm 0.86 i_ptm 0.47 energy 2.89
11 models [1] recycles 0 hard 0 soft 1 temp 1 loss 5.46 i_con 5.25 plddt 0.21 ptm 0.86 i_ptm 0.12 energy 2.55
12 models [3] recycles 0 hard 0 soft 1 temp 1 loss 3.82 i_con 3.63 plddt 0.45 ptm 0.86 i_ptm 0.57 energy 2.55
13 models [2] recycles 0 hard 0 soft 1 temp 1 loss 4.01 i_con 3.83 plddt 0.36 ptm 0.87 i_ptm 0.47 energy 2.35
14 models [1] recycles 0 hard 0 soft 1 temp 1 loss 4.29 i_con 4.10 plddt 0.28 ptm 0.86 i_ptm 0.31 energy 2.26
15 models [1] recycles 0 hard 0 soft 1 temp 1 loss 5.14 i_con 4.95 plddt 0.22 ptm 0.85 i_ptm 0.11 energy 2.28
16 models [4] recycles 0 hard 0 soft 1 temp 1 loss 3.89 i_con 3.72 plddt 0.40 ptm 0.89 i_ptm 0.52 energy 2.21
17 models [3] recycles 0 hard 0 soft 1 temp 1 loss 3.84 i_con 3.67 plddt 0.36 ptm 0.87 i_ptm 0.51 energy 2.09
18 models [2] recycles 0 hard 0 soft 1 temp 1 loss 3.88 i_con 3.73 plddt 0.40 ptm 0.88 i_ptm 0.52 energy 1.86
19 models [2] recycles 0 hard 0 soft 1 temp 1 loss 3.99 i_con 3.84 plddt 0.36 ptm 0.87 i_ptm 0.43 energy 1.69
20 models [4] recycles 0 hard 0 soft 1 temp 1 loss 4.04 i_con 3.91 plddt 0.35 ptm 0.88 i_ptm 0.43 energy 1.42
21 models [3] recycles 0 hard 0 soft 1 temp 1 loss 3.75 i_con 3.62 plddt 0.38 ptm 0.87 i_ptm 0.55 energy 1.28
22 models [3] recycles 0 hard 0 soft 1 temp 1 loss 3.74 i_con 3.63 plddt 0.40 ptm 0.87 i_ptm 0.51 energy 0.93
23 models [0] recycles 0 hard 0 soft 1 temp 1 loss 4.07 i_con 3.97 plddt 0.35 ptm 0.84 i_ptm 0.37 energy 0.66
24 models [4] recycles 0 hard 0 soft 1 temp 1 loss 3.89 i_con 3.80 plddt 0.36 ptm 0.88 i_ptm 0.48 energy 0.61
25 models [3] recycles 0 hard 0 soft 1 temp 1 loss 3.75 i_con 3.66 plddt 0.39 ptm 0.87 i_ptm 0.53 energy 0.56
26 models [1] recycles 0 hard 0 soft 1 temp 1 loss 4.13 i_con 4.04 plddt 0.27 ptm 0.86 i_ptm 0.32 energy 0.43
27 models [2] recycles 0 hard 0 soft 1 temp 1 loss 3.81 i_con 3.74 plddt 0.40 ptm 0.87 i_ptm 0.53 energy 0.29
28 models [2] recycles 0 hard 0 soft 1 temp 1 loss 3.74 i_con 3.68 plddt 0.40 ptm 0.87 i_ptm 0.55 energy -0.07
29 models [3] recycles 0 hard 0 soft 1 temp 1 loss 3.73 i_con 3.69 plddt 0.40 ptm 0.87 i_ptm 0.54 energy -0.51
30 models [2] recycles 0 hard 0 soft 1 temp 1 loss 3.82 i_con 3.79 plddt 0.37 ptm 0.87 i_ptm 0.49 energy -0.63
31 models [4] recycles 0 hard 0 soft 1 temp 1 loss 3.63 i_con 3.61 plddt 0.42 ptm 0.89 i_ptm 0.57 energy -0.88
32 models [4] recycles 0 hard 0 soft 1 temp 1 loss 3.71 i_con 3.70 plddt 0.41 ptm 0.89 i_ptm 0.54 energy -1.01
33 models [0] recycles 0 hard 0 soft 1 temp 1 loss 3.80 i_con 3.80 plddt 0.36 ptm 0.85 i_ptm 0.48 energy -1.12
34 models [1] recycles 0 hard 0 soft 1 temp 1 loss 3.91 i_con 3.90 plddt 0.32 ptm 0.87 i_ptm 0.39 energy -1.14
35 models [1] recycles 0 hard 0 soft 1 temp 1 loss 3.74 i_con 3.73 plddt 0.36 ptm 0.88 i_ptm 0.50 energy -1.05
36 models [3] recycles 0 hard 0 soft 1 temp 1 loss 3.38 i_con 3.38 plddt 0.48 ptm 0.88 i_ptm 0.62 energy -1.08
37 models [3] recycles 0 hard 0 soft 1 temp 1 loss 3.59 i_con 3.59 plddt 0.43 ptm 0.86 i_ptm 0.55 energy -1.18
38 models [0] recycles 0 hard 0 soft 1 temp 1 loss 3.72 i_con 3.71 plddt 0.39 ptm 0.85 i_ptm 0.53 energy -1.00
39 models [3] recycles 0 hard 0 soft 1 temp 1 loss 3.56 i_con 3.57 plddt 0.44 ptm 0.87 i_ptm 0.57 energy -1.22
40 models [3] recycles 0 hard 0 soft 1 temp 1 loss 3.55 i_con 3.55 plddt 0.41 ptm 0.87 i_ptm 0.59 energy -1.16
41 models [0] recycles 0 hard 0 soft 1 temp 1 loss 3.72 i_con 3.73 plddt 0.42 ptm 0.85 i_ptm 0.52 energy -1.43
42 models [3] recycles 0 hard 0 soft 1 temp 1 loss 3.73 i_con 3.75 plddt 0.40 ptm 0.86 i_ptm 0.53 energy -1.58
43 models [4] recycles 0 hard 0 soft 1 temp 1 loss 3.66 i_con 3.68 plddt 0.44 ptm 0.89 i_ptm 0.57 energy -1.46
44 models [1] recycles 0 hard 0 soft 1 temp 1 loss 3.79 i_con 3.79 plddt 0.36 ptm 0.87 i_ptm 0.48 energy -1.48
45 models [4] recycles 0 hard 0 soft 1 temp 1 loss 3.56 i_con 3.59 plddt 0.44 ptm 0.89 i_ptm 0.60 energy -1.70
46 models [4] recycles 0 hard 0 soft 1 temp 1 loss 3.72 i_con 3.75 plddt 0.41 ptm 0.89 i_ptm 0.50 energy -1.65
47 models [3] recycles 0 hard 0 soft 1 temp 1 loss 3.62 i_con 3.64 plddt 0.43 ptm 0.87 i_ptm 0.58 energy -1.63
48 models [3] recycles 0 hard 0 soft 1 temp 1 loss 3.26 i_con 3.29 plddt 0.44 ptm 0.88 i_ptm 0.70 energy -1.77
49 models [1] recycles 0 hard 0 soft 1 temp 1 loss 3.16 i_con 3.19 plddt 0.45 ptm 0.89 i_ptm 0.73 energy -1.74
50 models [4] recycles 0 hard 0 soft 1 temp 1 loss 5.39 i_con 5.41 plddt 0.34 ptm 0.88 i_ptm 0.34 energy -1.81
51 models [0] recycles 0 hard 0 soft 1 temp 1 loss 3.28 i_con 3.59 plddt 0.43 ptm 0.86 i_ptm 0.57 energy -1.84
52 models [0] recycles 0 hard 0 soft 1 temp 1 loss 3.32 i_con 3.67 plddt 0.39 ptm 0.86 i_ptm 0.58 energy -2.02
53 models [2] recycles 0 hard 0 soft 1 temp 1 loss 3.25 i_con 3.64 plddt 0.43 ptm 0.88 i_ptm 0.59 energy -2.24
54 models [2] recycles 0 hard 0 soft 1 temp 1 loss 3.16 i_con 3.57 plddt 0.45 ptm 0.88 i_ptm 0.61 energy -2.33
55 models [0] recycles 0 hard 0 soft 1 temp 1 loss 3.21 i_con 3.63 plddt 0.41 ptm 0.86 i_ptm 0.57 energy -2.41
56 models [2] recycles 0 hard 0 soft 1 temp 1 loss 2.97 i_con 3.42 plddt 0.46 ptm 0.88 i_ptm 0.67 energy -2.49
57 models [3] recycles 0 hard 0 soft 1 temp 1 loss 3.09 i_con 3.54 plddt 0.41 ptm 0.87 i_ptm 0.62 energy -2.53
58 models [1] recycles 0 hard 0 soft 1 temp 1 loss 3.66 i_con 4.09 plddt 0.32 ptm 0.86 i_ptm 0.30 energy -2.46
59 models [1] recycles 0 hard 0 soft 1 temp 1 loss 2.90 i_con 3.36 plddt 0.47 ptm 0.89 i_ptm 0.68 energy -2.57
60 models [3] recycles 0 hard 0 soft 1 temp 1 loss 3.07 i_con 3.54 plddt 0.47 ptm 0.87 i_ptm 0.62 energy -2.57
61 models [4] recycles 0 hard 0 soft 1 temp 1 loss 3.27 i_con 3.72 plddt 0.41 ptm 0.89 i_ptm 0.56 energy -2.54
62 models [2] recycles 0 hard 0 soft 1 temp 1 loss 3.11 i_con 3.60 plddt 0.46 ptm 0.88 i_ptm 0.62 energy -2.73
63 models [4] recycles 0 hard 0 soft 1 temp 1 loss 3.12 i_con 3.63 plddt 0.42 ptm 0.89 i_ptm 0.58 energy -2.82
64 models [3] recycles 0 hard 0 soft 1 temp 1 loss 3.08 i_con 3.63 plddt 0.42 ptm 0.88 i_ptm 0.60 energy -3.06
65 models [0] recycles 0 hard 0 soft 1 temp 1 loss 3.43 i_con 3.97 plddt 0.35 ptm 0.85 i_ptm 0.42 energy -3.03
66 models [3] recycles 0 hard 0 soft 1 temp 1 loss 4.02 i_con 4.57 plddt 0.27 ptm 0.85 i_ptm 0.21 energy -3.10
67 models [1] recycles 0 hard 0 soft 1 temp 1 loss 3.15 i_con 3.71 plddt 0.37 ptm 0.88 i_ptm 0.53 energy -3.12
68 models [1] recycles 0 hard 0 soft 1 temp 1 loss 3.33 i_con 3.88 plddt 0.30 ptm 0.87 i_ptm 0.41 energy -3.10
69 models [2] recycles 0 hard 0 soft 1 temp 1 loss 3.15 i_con 3.73 plddt 0.41 ptm 0.88 i_ptm 0.57 energy -3.17
70 models [1] recycles 0 hard 0 soft 1 temp 1 loss 3.89 i_con 4.47 plddt 0.24 ptm 0.85 i_ptm 0.16 energy -3.30
71 models [4] recycles 0 hard 0 soft 1 temp 1 loss 3.18 i_con 3.74 plddt 0.37 ptm 0.88 i_ptm 0.52 energy -3.16
72 models [1] recycles 0 hard 0 soft 1 temp 1 loss 3.43 i_con 4.03 plddt 0.29 ptm 0.87 i_ptm 0.36 energy -3.34
73 models [0] recycles 0 hard 0 soft 1 temp 1 loss 3.11 i_con 3.73 plddt 0.38 ptm 0.86 i_ptm 0.53 energy -3.39
74 models [1] recycles 0 hard 0 soft 1 temp 1 loss 3.67 i_con 4.30 plddt 0.26 ptm 0.86 i_ptm 0.20 energy -3.55
75 models [4] recycles 0 hard 0 soft 1 temp 1 loss 3.52 i_con 4.16 plddt 0.31 ptm 0.87 i_ptm 0.28 energy -3.57
76 models [0] recycles 0 hard 0 soft 1 temp 1 loss 3.10 i_con 3.75 plddt 0.41 ptm 0.85 i_ptm 0.52 energy -3.52
77 models [1] recycles 0 hard 0 soft 1 temp 1 loss 4.09 i_con 4.76 plddt 0.29 ptm 0.86 i_ptm 0.19 energy -3.69
78 models [3] recycles 0 hard 0 soft 1 temp 1 loss 3.04 i_con 3.74 plddt 0.35 ptm 0.87 i_ptm 0.51 energy -3.82
79 models [2] recycles 0 hard 0 soft 1 temp 1 loss 2.95 i_con 3.69 plddt 0.42 ptm 0.88 i_ptm 0.57 energy -3.98
80 models [2] recycles 0 hard 0 soft 1 temp 1 loss 2.82 i_con 3.58 plddt 0.44 ptm 0.88 i_ptm 0.60 energy -4.08
81 models [0] recycles 0 hard 0 soft 1 temp 1 loss 3.03 i_con 3.78 plddt 0.37 ptm 0.85 i_ptm 0.51 energy -4.07
82 models [2] recycles 0 hard 0 soft 1 temp 1 loss 2.92 i_con 3.70 plddt 0.38 ptm 0.87 i_ptm 0.56 energy -4.21
83 models [4] recycles 0 hard 0 soft 1 temp 1 loss 2.87 i_con 3.67 plddt 0.42 ptm 0.89 i_ptm 0.54 energy -4.27
84 models [2] recycles 0 hard 0 soft 1 temp 1 loss 2.88 i_con 3.69 plddt 0.40 ptm 0.87 i_ptm 0.55 energy -4.34
85 models [2] recycles 0 hard 0 soft 1 temp 1 loss 2.89 i_con 3.70 plddt 0.40 ptm 0.87 i_ptm 0.55 energy -4.38
86 models [1] recycles 0 hard 0 soft 1 temp 1 loss 2.81 i_con 3.64 plddt 0.39 ptm 0.88 i_ptm 0.59 energy -4.44
87 models [0] recycles 0 hard 0 soft 1 temp 1 loss 2.86 i_con 3.69 plddt 0.39 ptm 0.86 i_ptm 0.54 energy -4.48
88 models [3] recycles 0 hard 0 soft 1 temp 1 loss 2.67 i_con 3.52 plddt 0.42 ptm 0.87 i_ptm 0.62 energy -4.56
89 models [4] recycles 0 hard 0 soft 1 temp 1 loss 2.71 i_con 3.57 plddt 0.41 ptm 0.89 i_ptm 0.61 energy -4.62
90 models [1] recycles 0 hard 0 soft 1 temp 1 loss 3.22 i_con 4.08 plddt 0.30 ptm 0.86 i_ptm 0.32 energy -4.67
91 models [2] recycles 0 hard 0 soft 1 temp 1 loss 2.71 i_con 3.58 plddt 0.42 ptm 0.88 i_ptm 0.63 energy -4.62
92 models [1] recycles 0 hard 0 soft 1 temp 1 loss 3.02 i_con 3.89 plddt 0.35 ptm 0.87 i_ptm 0.43 energy -4.66
93 models [3] recycles 0 hard 0 soft 1 temp 1 loss 2.71 i_con 3.58 plddt 0.44 ptm 0.87 i_ptm 0.59 energy -4.66
94 models [1] recycles 0 hard 0 soft 1 temp 1 loss 2.51 i_con 3.38 plddt 0.45 ptm 0.89 i_ptm 0.69 energy -4.62
95 models [4] recycles 0 hard 0 soft 1 temp 1 loss 2.61 i_con 3.49 plddt 0.43 ptm 0.90 i_ptm 0.64 energy -4.67
96 models [2] recycles 0 hard 0 soft 1 temp 1 loss 2.64 i_con 3.50 plddt 0.45 ptm 0.88 i_ptm 0.66 energy -4.58
97 models [3] recycles 0 hard 0 soft 1 temp 1 loss 2.69 i_con 3.58 plddt 0.43 ptm 0.87 i_ptm 0.59 energy -4.74
98 models [3] recycles 0 hard 0 soft 1 temp 1 loss 2.61 i_con 3.51 plddt 0.43 ptm 0.87 i_ptm 0.63 energy -4.81
99 models [0] recycles 0 hard 0 soft 1 temp 1 loss 2.85 i_con 3.75 plddt 0.42 ptm 0.86 i_ptm 0.53 energy -4.80
100 models [0] recycles 0 hard 0 soft 1 temp 1 loss 2.87 i_con 3.80 plddt 0.38 ptm 0.86 i_ptm 0.51 energy -4.98
101 models [1] recycles 0 hard 0 soft 0 temp 1 loss 4.96 i_con 6.19 plddt 0.27 ptm 0.86 i_ptm 0.18 energy -26.10
102 models [0] recycles 0 hard 0 soft 0 temp 0.98 loss 3.50 i_con 4.75 plddt 0.23 ptm 0.84 i_ptm 0.17 energy -26.52
103 models [0] recycles 0 hard 0 soft 0 temp 0.96 loss 2.85 i_con 4.12 plddt 0.29 ptm 0.85 i_ptm 0.33 energy -26.87
104 models [3] recycles 0 hard 0 soft 0 temp 0.94 loss 1.16 i_con 2.43 plddt 0.26 ptm 0.66 i_ptm 0.59 energy -27.01
105 models [3] recycles 0 hard 0 soft 0 temp 0.92 loss 3.00 i_con 4.27 plddt 0.23 ptm 0.84 i_ptm 0.21 energy -26.92
106 models [3] recycles 0 hard 0 soft 0 temp 0.90 loss 2.58 i_con 3.86 plddt 0.30 ptm 0.87 i_ptm 0.41 energy -26.98
107 models [0] recycles 0 hard 0 soft 0 temp 0.88 loss 2.76 i_con 4.05 plddt 0.31 ptm 0.85 i_ptm 0.36 energy -27.17
108 models [4] recycles 0 hard 0 soft 0 temp 0.86 loss 4.45 i_con 5.74 plddt 0.21 ptm 0.87 i_ptm 0.14 energy -27.31
109 models [2] recycles 0 hard 0 soft 0 temp 0.84 loss 3.44 i_con 4.72 plddt 0.17 ptm 0.13 i_ptm 0.39 energy -27.32
110 models [3] recycles 0 hard 0 soft 0 temp 0.82 loss 3.71 i_con 5.01 plddt 0.21 ptm 0.54 i_ptm 0.22 energy -27.51
111 models [3] recycles 0 hard 0 soft 0 temp 0.80 loss 2.94 i_con 4.24 plddt 0.19 ptm 0.22 i_ptm 0.46 energy -27.68
112 models [3] recycles 0 hard 0 soft 0 temp 0.78 loss 2.76 i_con 4.08 plddt 0.18 ptm 0.28 i_ptm 0.36 energy -27.89
113 models [4] recycles 0 hard 0 soft 0 temp 0.76 loss 4.69 i_con 6.00 plddt 0.23 ptm 0.87 i_ptm 0.13 energy -27.61
114 models [4] recycles 0 hard 0 soft 0 temp 0.74 loss 4.65 i_con 5.96 plddt 0.21 ptm 0.87 i_ptm 0.11 energy -27.88
115 models [2] recycles 0 hard 0 soft 0 temp 0.72 loss 2.17 i_con 3.50 plddt 0.28 ptm 0.26 i_ptm 0.40 energy -28.03
116 models [3] recycles 0 hard 0 soft 0 temp 0.70 loss 3.77 i_con 5.10 plddt 0.18 ptm 0.70 i_ptm 0.09 energy -28.23
117 models [2] recycles 0 hard 0 soft 0 temp 0.68 loss 1.79 i_con 3.12 plddt 0.27 ptm 0.26 i_ptm 0.50 energy -28.08
118 models [0] recycles 0 hard 0 soft 0 temp 0.66 loss 2.81 i_con 4.13 plddt 0.25 ptm 0.84 i_ptm 0.29 energy -28.04
119 models [4] recycles 0 hard 0 soft 0 temp 0.64 loss 4.00 i_con 5.34 plddt 0.18 ptm 0.19 i_ptm 0.07 energy -28.46
120 models [0] recycles 0 hard 0 soft 0 temp 0.62 loss 2.76 i_con 4.11 plddt 0.28 ptm 0.84 i_ptm 0.29 energy -28.43
121 models [4] recycles 0 hard 0 soft 0 temp 0.60 loss 2.82 i_con 4.17 plddt 0.26 ptm 0.88 i_ptm 0.28 energy -28.45
122 models [4] recycles 0 hard 0 soft 0 temp 0.58 loss 3.20 i_con 4.56 plddt 0.22 ptm 0.87 i_ptm 0.17 energy -28.71
123 models [3] recycles 0 hard 0 soft 0 temp 0.56 loss 3.14 i_con 4.49 plddt 0.23 ptm 0.84 i_ptm 0.16 energy -28.53
124 models [3] recycles 0 hard 0 soft 0 temp 0.54 loss 3.26 i_con 4.63 plddt 0.26 ptm 0.84 i_ptm 0.22 energy -28.75
125 models [0] recycles 0 hard 0 soft 0 temp 0.52 loss 3.60 i_con 4.97 plddt 0.24 ptm 0.83 i_ptm 0.14 energy -29.06
126 models [1] recycles 0 hard 0 soft 0 temp 0.50 loss 4.39 i_con 5.79 plddt 0.25 ptm 0.86 i_ptm 0.12 energy -29.51
127 models [4] recycles 0 hard 0 soft 0 temp 0.48 loss 3.87 i_con 5.28 plddt 0.25 ptm 0.88 i_ptm 0.27 energy -29.70
128 models [4] recycles 0 hard 0 soft 0 temp 0.46 loss 2.76 i_con 4.22 plddt 0.25 ptm 0.87 i_ptm 0.25 energy -30.63
129 models [4] recycles 0 hard 0 soft 0 temp 0.44 loss 2.56 i_con 4.01 plddt 0.27 ptm 0.88 i_ptm 0.32 energy -30.49
130 models [2] recycles 0 hard 0 soft 0 temp 0.42 loss 2.39 i_con 3.86 plddt 0.34 ptm 0.87 i_ptm 0.45 energy -30.57
131 models [2] recycles 0 hard 0 soft 0 temp 0.40 loss 4.30 i_con 5.82 plddt 0.24 ptm 0.79 i_ptm 0.10 energy -31.97
132 models [0] recycles 0 hard 0 soft 0 temp 0.38 loss 2.67 i_con 4.19 plddt 0.25 ptm 0.84 i_ptm 0.25 energy -31.84
133 models [3] recycles 0 hard 0 soft 0 temp 0.36 loss 2.98 i_con 4.52 plddt 0.24 ptm 0.85 i_ptm 0.23 energy -32.23
134 models [4] recycles 0 hard 0 soft 0 temp 0.34 loss 2.31 i_con 3.87 plddt 0.28 ptm 0.89 i_ptm 0.39 energy -32.58
135 models [1] recycles 0 hard 0 soft 0 temp 0.32 loss 2.51 i_con 4.10 plddt 0.26 ptm 0.87 i_ptm 0.30 energy -33.37
136 models [1] recycles 0 hard 0 soft 0 temp 0.30 loss 3.47 i_con 5.09 plddt 0.24 ptm 0.85 i_ptm 0.12 energy -33.93
137 models [1] recycles 0 hard 0 soft 0 temp 0.28 loss 3.07 i_con 4.69 plddt 0.26 ptm 0.87 i_ptm 0.22 energy -33.98
138 models [2] recycles 0 hard 0 soft 0 temp 0.26 loss 2.23 i_con 3.88 plddt 0.30 ptm 0.87 i_ptm 0.42 energy -34.46
139 models [3] recycles 0 hard 0 soft 0 temp 0.24 loss 2.84 i_con 4.54 plddt 0.25 ptm 0.85 i_ptm 0.23 energy -35.56
140 models [0] recycles 0 hard 0 soft 0 temp 0.22 loss 2.82 i_con 4.54 plddt 0.22 ptm 0.83 i_ptm 0.18 energy -35.86
141 models [4] recycles 0 hard 0 soft 0 temp 0.20 loss 2.12 i_con 3.86 plddt 0.29 ptm 0.89 i_ptm 0.42 energy -36.35
142 models [1] recycles 0 hard 0 soft 0 temp 0.18 loss 2.64 i_con 4.45 plddt 0.24 ptm 0.85 i_ptm 0.15 energy -37.61
143 models [0] recycles 0 hard 0 soft 0 temp 0.16 loss 2.20 i_con 4.02 plddt 0.29 ptm 0.84 i_ptm 0.34 energy -37.79
144 models [1] recycles 0 hard 0 soft 0 temp 0.14 loss 2.75 i_con 4.66 plddt 0.27 ptm 0.86 i_ptm 0.19 energy -39.64
145 models [4] recycles 0 hard 0 soft 0 temp 0.12 loss 2.03 i_con 3.96 plddt 0.28 ptm 0.88 i_ptm 0.36 energy -40.09
146 models [3] recycles 0 hard 0 soft 0 temp 0.10 loss 1.98 i_con 3.93 plddt 0.29 ptm 0.86 i_ptm 0.35 energy -40.52
147 models [0] recycles 0 hard 0 soft 0 temp 0.08 loss 2.14 i_con 4.12 plddt 0.25 ptm 0.84 i_ptm 0.29 energy -41.07
148 models [2] recycles 0 hard 0 soft 0 temp 0.06 loss 1.68 i_con 3.76 plddt 0.36 ptm 0.88 i_ptm 0.48 energy -42.76
149 models [1] recycles 0 hard 0 soft 0 temp 0.04 loss 2.03 i_con 4.15 plddt 0.26 ptm 0.86 i_ptm 0.30 energy -43.79
150 models [1] recycles 0 hard 0 soft 0 temp 0.02 loss 1.97 i_con 4.11 plddt 0.26 ptm 0.87 i_ptm 0.29 energy -44.36
151 models [4] recycles 0 hard 1 soft 0 temp 0.00 loss 0.97 i_con 3.44 plddt 0.40 ptm 0.90 i_ptm 0.67 energy -5.08
152 models [4] recycles 0 hard 1 soft 0 temp 0.00 loss 0.97 i_con 3.44 plddt 0.40 ptm 0.90 i_ptm 0.67 energy -5.08
153 models [2] recycles 0 hard 1 soft 0 temp 0.00 loss 0.63 i_con 3.11 plddt 0.47 ptm 0.89 i_ptm 0.77 energy -5.08
154 models [0] recycles 0 hard 1 soft 0 temp 0.00 loss 0.78 i_con 3.26 plddt 0.43 ptm 0.87 i_ptm 0.72 energy -5.08
155 models [1] recycles 0 hard 1 soft 0 temp 0.00 loss 1.33 i_con 3.80 plddt 0.32 ptm 0.87 i_ptm 0.49 energy -5.08
156 models [3] recycles 0 hard 1 soft 0 temp 0.00 loss 0.98 i_con 3.46 plddt 0.38 ptm 0.88 i_ptm 0.66 energy -5.08
157 models [4] recycles 0 hard 1 soft 0 temp 0.00 loss 0.97 i_con 3.44 plddt 0.40 ptm 0.90 i_ptm 0.67 energy -5.08
158 models [3] recycles 0 hard 1 soft 0 temp 0.00 loss 0.98 i_con 3.46 plddt 0.38 ptm 0.88 i_ptm 0.66 energy -5.08
159 models [4] recycles 0 hard 1 soft 0 temp 0.00 loss 0.97 i_con 3.44 plddt 0.40 ptm 0.90 i_ptm 0.67 energy -5.08
160 models [4] recycles 0 hard 1 soft 0 temp 0.00 loss 0.97 i_con 3.44 plddt 0.40 ptm 0.90 i_ptm 0.67 energy -5.08
161 models [0] recycles 0 hard 1 soft 0 temp 0.00 loss 0.78 i_con 3.26 plddt 0.43 ptm 0.87 i_ptm 0.72 energy -5.08
162 models [0] recycles 0 hard 1 soft 0 temp 0.00 loss 0.78 i_con 3.26 plddt 0.43 ptm 0.87 i_ptm 0.72 energy -5.08
163 models [1] recycles 0 hard 1 soft 0 temp 0.00 loss 1.33 i_con 3.80 plddt 0.32 ptm 0.87 i_ptm 0.49 energy -5.08
164 models [2] recycles 0 hard 1 soft 0 temp 0.00 loss 0.63 i_con 3.11 plddt 0.47 ptm 0.89 i_ptm 0.77 energy -5.08
165 models [2] recycles 0 hard 1 soft 0 temp 0.00 loss 0.63 i_con 3.11 plddt 0.47 ptm 0.89 i_ptm 0.77 energy -5.08
166 models [2] recycles 0 hard 1 soft 0 temp 0.00 loss 0.63 i_con 3.11 plddt 0.47 ptm 0.89 i_ptm 0.77 energy -5.08
167 models [2] recycles 0 hard 1 soft 0 temp 0.00 loss 0.63 i_con 3.11 plddt 0.47 ptm 0.89 i_ptm 0.77 energy -5.08
168 models [4] recycles 0 hard 1 soft 0 temp 0.00 loss 0.97 i_con 3.44 plddt 0.40 ptm 0.90 i_ptm 0.67 energy -5.08
169 models [1] recycles 0 hard 1 soft 0 temp 0.00 loss 1.33 i_con 3.80 plddt 0.32 ptm 0.87 i_ptm 0.49 energy -5.08
170 models [1] recycles 0 hard 1 soft 0 temp 0.00 loss 1.33 i_con 3.80 plddt 0.32 ptm 0.87 i_ptm 0.49 energy -5.08
171 models [2] recycles 0 hard 1 soft 0 temp 0.00 loss 0.63 i_con 3.11 plddt 0.47 ptm 0.89 i_ptm 0.77 energy -5.08
172 models [2] recycles 0 hard 1 soft 0 temp 0.00 loss 0.63 i_con 3.11 plddt 0.47 ptm 0.89 i_ptm 0.77 energy -5.08
173 models [4] recycles 0 hard 1 soft 0 temp 0.00 loss 0.97 i_con 3.44 plddt 0.40 ptm 0.90 i_ptm 0.67 energy -5.08
174 models [1] recycles 0 hard 1 soft 0 temp 0.00 loss 1.33 i_con 3.80 plddt 0.32 ptm 0.87 i_ptm 0.49 energy -5.08
175 models [0] recycles 0 hard 1 soft 0 temp 0.00 loss 0.78 i_con 3.26 plddt 0.43 ptm 0.87 i_ptm 0.72 energy -5.08
176 models [4] recycles 0 hard 1 soft 0 temp 0.00 loss 0.97 i_con 3.44 plddt 0.40 ptm 0.90 i_ptm 0.67 energy -5.08
177 models [2] recycles 0 hard 1 soft 0 temp 0.00 loss 0.63 i_con 3.11 plddt 0.47 ptm 0.89 i_ptm 0.77 energy -5.08
178 models [0] recycles 0 hard 1 soft 0 temp 0.00 loss 0.78 i_con 3.26 plddt 0.43 ptm 0.87 i_ptm 0.72 energy -5.08
179 models [4] recycles 0 hard 1 soft 0 temp 0.00 loss 0.97 i_con 3.44 plddt 0.40 ptm 0.90 i_ptm 0.67 energy -5.08
180 models [2] recycles 0 hard 1 soft 0 temp 0.00 loss 0.63 i_con 3.11 plddt 0.47 ptm 0.89 i_ptm 0.77 energy -5.08
  seq=NHNRAWWHSWWQRDW  loss=0.6273  loss_af=3.1649  energy=-5.0752  i_ptm=0.7709
[4/30] seed=3 ...
1 models [4] recycles 0 hard 0 soft 1 temp 1 loss 4.84 i_con 4.39 plddt 0.23 ptm 0.87 i_ptm 0.23 energy 7.37
2 models [4] recycles 0 hard 0 soft 1 temp 1 loss 4.43 i_con 4.01 plddt 0.28 ptm 0.88 i_ptm 0.37 energy 7.09
3 models [4] recycles 0 hard 0 soft 1 temp 1 loss 4.41 i_con 4.01 plddt 0.28 ptm 0.88 i_ptm 0.39 energy 6.53
4 models [3] recycles 0 hard 0 soft 1 temp 1 loss 4.17 i_con 3.80 plddt 0.34 ptm 0.86 i_ptm 0.43 energy 5.94
5 models [0] recycles 0 hard 0 soft 1 temp 1 loss 4.36 i_con 4.04 plddt 0.31 ptm 0.85 i_ptm 0.37 energy 5.03
6 models [3] recycles 0 hard 0 soft 1 temp 1 loss 4.08 i_con 3.79 plddt 0.34 ptm 0.86 i_ptm 0.44 energy 4.43
7 models [1] recycles 0 hard 0 soft 1 temp 1 loss 4.60 i_con 4.33 plddt 0.23 ptm 0.86 i_ptm 0.19 energy 3.78
8 models [1] recycles 0 hard 0 soft 1 temp 1 loss 4.50 i_con 4.24 plddt 0.24 ptm 0.86 i_ptm 0.22 energy 3.72
9 models [3] recycles 0 hard 0 soft 1 temp 1 loss 4.02 i_con 3.79 plddt 0.32 ptm 0.86 i_ptm 0.42 energy 3.32
10 models [4] recycles 0 hard 0 soft 1 temp 1 loss 4.16 i_con 3.95 plddt 0.31 ptm 0.88 i_ptm 0.36 energy 2.93
11 models [3] recycles 0 hard 0 soft 1 temp 1 loss 3.98 i_con 3.78 plddt 0.32 ptm 0.86 i_ptm 0.42 energy 2.74
12 models [4] recycles 0 hard 0 soft 1 temp 1 loss 4.00 i_con 3.82 plddt 0.32 ptm 0.88 i_ptm 0.42 energy 2.28
13 models [3] recycles 0 hard 0 soft 1 temp 1 loss 3.92 i_con 3.75 plddt 0.35 ptm 0.86 i_ptm 0.45 energy 2.14
14 models [4] recycles 0 hard 0 soft 1 temp 1 loss 4.15 i_con 3.98 plddt 0.28 ptm 0.88 i_ptm 0.35 energy 1.92
15 models [2] recycles 0 hard 0 soft 1 temp 1 loss 3.87 i_con 3.71 plddt 0.34 ptm 0.87 i_ptm 0.45 energy 1.95
16 models [4] recycles 0 hard 0 soft 1 temp 1 loss 3.97 i_con 3.82 plddt 0.31 ptm 0.88 i_ptm 0.42 energy 1.60
17 models [3] recycles 0 hard 0 soft 1 temp 1 loss 3.83 i_con 3.70 plddt 0.36 ptm 0.87 i_ptm 0.50 energy 1.34
18 models [2] recycles 0 hard 0 soft 1 temp 1 loss 3.82 i_con 3.70 plddt 0.35 ptm 0.87 i_ptm 0.49 energy 1.11
19 models [4] recycles 0 hard 0 soft 1 temp 1 loss 3.80 i_con 3.70 plddt 0.35 ptm 0.89 i_ptm 0.50 energy 0.79
20 models [3] recycles 0 hard 0 soft 1 temp 1 loss 3.74 i_con 3.65 plddt 0.37 ptm 0.87 i_ptm 0.49 energy 0.61
21 models [4] recycles 0 hard 0 soft 1 temp 1 loss 3.92 i_con 3.84 plddt 0.36 ptm 0.88 i_ptm 0.44 energy 0.25
22 models [3] recycles 0 hard 0 soft 1 temp 1 loss 3.77 i_con 3.71 plddt 0.36 ptm 0.87 i_ptm 0.47 energy 0.02
23 models [0] recycles 0 hard 0 soft 1 temp 1 loss 4.17 i_con 4.11 plddt 0.28 ptm 0.84 i_ptm 0.30 energy -0.26
24 models [3] recycles 0 hard 0 soft 1 temp 1 loss 3.75 i_con 3.71 plddt 0.37 ptm 0.86 i_ptm 0.46 energy -0.45
25 models [3] recycles 0 hard 0 soft 1 temp 1 loss 3.69 i_con 3.68 plddt 0.36 ptm 0.87 i_ptm 0.49 energy -1.09
26 models [0] recycles 0 hard 0 soft 1 temp 1 loss 4.03 i_con 4.03 plddt 0.27 ptm 0.84 i_ptm 0.32 energy -1.47
27 models [4] recycles 0 hard 0 soft 1 temp 1 loss 3.87 i_con 3.89 plddt 0.29 ptm 0.88 i_ptm 0.38 energy -1.83
28 models [1] recycles 0 hard 0 soft 1 temp 1 loss 4.74 i_con 4.77 plddt 0.22 ptm 0.86 i_ptm 0.14 energy -2.15
29 models [0] recycles 0 hard 0 soft 1 temp 1 loss 4.04 i_con 4.08 plddt 0.32 ptm 0.84 i_ptm 0.31 energy -2.13
30 models [0] recycles 0 hard 0 soft 1 temp 1 loss 3.86 i_con 3.91 plddt 0.35 ptm 0.85 i_ptm 0.43 energy -2.11
31 models [1] recycles 0 hard 0 soft 1 temp 1 loss 4.09 i_con 4.13 plddt 0.28 ptm 0.86 i_ptm 0.29 energy -2.20
32 models [1] recycles 0 hard 0 soft 1 temp 1 loss 4.07 i_con 4.11 plddt 0.26 ptm 0.86 i_ptm 0.30 energy -2.31
33 models [0] recycles 0 hard 0 soft 1 temp 1 loss 3.82 i_con 3.87 plddt 0.38 ptm 0.85 i_ptm 0.42 energy -2.36
34 models [4] recycles 0 hard 0 soft 1 temp 1 loss 3.65 i_con 3.71 plddt 0.36 ptm 0.89 i_ptm 0.50 energy -2.50
35 models [0] recycles 0 hard 0 soft 1 temp 1 loss 3.79 i_con 3.86 plddt 0.36 ptm 0.85 i_ptm 0.42 energy -2.67
36 models [3] recycles 0 hard 0 soft 1 temp 1 loss 3.59 i_con 3.66 plddt 0.41 ptm 0.87 i_ptm 0.51 energy -2.56
37 models [4] recycles 0 hard 0 soft 1 temp 1 loss 3.82 i_con 3.89 plddt 0.31 ptm 0.88 i_ptm 0.40 energy -2.70
38 models [0] recycles 0 hard 0 soft 1 temp 1 loss 3.71 i_con 3.78 plddt 0.34 ptm 0.84 i_ptm 0.46 energy -2.77
39 models [4] recycles 0 hard 0 soft 1 temp 1 loss 3.64 i_con 3.72 plddt 0.36 ptm 0.88 i_ptm 0.48 energy -2.78
40 models [3] recycles 0 hard 0 soft 1 temp 1 loss 3.67 i_con 3.75 plddt 0.34 ptm 0.87 i_ptm 0.47 energy -2.80
41 models [1] recycles 0 hard 0 soft 1 temp 1 loss 4.73 i_con 4.80 plddt 0.23 ptm 0.85 i_ptm 0.14 energy -2.94
42 models [3] recycles 0 hard 0 soft 1 temp 1 loss 3.64 i_con 3.73 plddt 0.35 ptm 0.87 i_ptm 0.47 energy -2.99
43 models [0] recycles 0 hard 0 soft 1 temp 1 loss 3.77 i_con 3.87 plddt 0.37 ptm 0.84 i_ptm 0.42 energy -3.18
44 models [0] recycles 0 hard 0 soft 1 temp 1 loss 3.83 i_con 3.91 plddt 0.30 ptm 0.84 i_ptm 0.39 energy -3.14
45 models [1] recycles 0 hard 0 soft 1 temp 1 loss 3.97 i_con 4.06 plddt 0.26 ptm 0.86 i_ptm 0.30 energy -3.28
46 models [3] recycles 0 hard 0 soft 1 temp 1 loss 3.70 i_con 3.79 plddt 0.33 ptm 0.86 i_ptm 0.43 energy -3.28
47 models [3] recycles 0 hard 0 soft 1 temp 1 loss 3.66 i_con 3.76 plddt 0.36 ptm 0.86 i_ptm 0.46 energy -3.40
48 models [3] recycles 0 hard 0 soft 1 temp 1 loss 3.67 i_con 3.78 plddt 0.35 ptm 0.87 i_ptm 0.47 energy -3.38
49 models [1] recycles 0 hard 0 soft 1 temp 1 loss 4.24 i_con 4.34 plddt 0.24 ptm 0.86 i_ptm 0.21 energy -3.50
50 models [3] recycles 0 hard 0 soft 1 temp 1 loss 3.59 i_con 3.70 plddt 0.37 ptm 0.86 i_ptm 0.49 energy -3.38
51 models [3] recycles 0 hard 0 soft 1 temp 1 loss 3.15 i_con 3.76 plddt 0.35 ptm 0.86 i_ptm 0.45 energy -3.41
52 models [2] recycles 0 hard 0 soft 1 temp 1 loss 2.96 i_con 3.61 plddt 0.37 ptm 0.87 i_ptm 0.50 energy -3.55
53 models [4] recycles 0 hard 0 soft 1 temp 1 loss 3.03 i_con 3.72 plddt 0.36 ptm 0.89 i_ptm 0.48 energy -3.75
54 models [2] recycles 0 hard 0 soft 1 temp 1 loss 2.99 i_con 3.72 plddt 0.38 ptm 0.87 i_ptm 0.51 energy -3.95
55 models [4] recycles 0 hard 0 soft 1 temp 1 loss 3.02 i_con 3.77 plddt 0.35 ptm 0.88 i_ptm 0.45 energy -4.09
56 models [4] recycles 0 hard 0 soft 1 temp 1 loss 3.10 i_con 3.87 plddt 0.30 ptm 0.88 i_ptm 0.38 energy -4.22
57 models [0] recycles 0 hard 0 soft 1 temp 1 loss 3.14 i_con 3.95 plddt 0.36 ptm 0.84 i_ptm 0.39 energy -4.36
58 models [1] recycles 0 hard 0 soft 1 temp 1 loss 4.33 i_con 5.15 plddt 0.22 ptm 0.85 i_ptm 0.13 energy -4.47
59 models [0] recycles 0 hard 0 soft 1 temp 1 loss 3.02 i_con 3.85 plddt 0.34 ptm 0.85 i_ptm 0.45 energy -4.44
60 models [2] recycles 0 hard 0 soft 1 temp 1 loss 2.91 i_con 3.76 plddt 0.36 ptm 0.87 i_ptm 0.48 energy -4.60
61 models [1] recycles 0 hard 0 soft 1 temp 1 loss 4.59 i_con 5.46 plddt 0.25 ptm 0.85 i_ptm 0.15 energy -4.72
62 models [3] recycles 0 hard 0 soft 1 temp 1 loss 2.90 i_con 3.77 plddt 0.36 ptm 0.87 i_ptm 0.47 energy -4.71
63 models [0] recycles 0 hard 0 soft 1 temp 1 loss 3.05 i_con 3.95 plddt 0.33 ptm 0.85 i_ptm 0.40 energy -4.84
64 models [4] recycles 0 hard 0 soft 1 temp 1 loss 2.81 i_con 3.72 plddt 0.34 ptm 0.89 i_ptm 0.47 energy -4.87
65 models [4] recycles 0 hard 0 soft 1 temp 1 loss 2.79 i_con 3.73 plddt 0.40 ptm 0.87 i_ptm 0.47 energy -4.98
66 models [0] recycles 0 hard 0 soft 1 temp 1 loss 2.97 i_con 3.93 plddt 0.33 ptm 0.85 i_ptm 0.38 energy -5.14
67 models [4] recycles 0 hard 0 soft 1 temp 1 loss 2.66 i_con 3.63 plddt 0.41 ptm 0.89 i_ptm 0.50 energy -5.14
68 models [3] recycles 0 hard 0 soft 1 temp 1 loss 4.56 i_con 5.55 plddt 0.32 ptm 0.84 i_ptm 0.24 energy -5.27
69 models [0] recycles 0 hard 0 soft 1 temp 1 loss 2.92 i_con 3.90 plddt 0.34 ptm 0.84 i_ptm 0.40 energy -5.21
70 models [1] recycles 0 hard 0 soft 1 temp 1 loss 2.97 i_con 3.95 plddt 0.30 ptm 0.88 i_ptm 0.37 energy -5.27
71 models [0] recycles 0 hard 0 soft 1 temp 1 loss 2.97 i_con 3.96 plddt 0.33 ptm 0.85 i_ptm 0.37 energy -5.29
72 models [0] recycles 0 hard 0 soft 1 temp 1 loss 2.91 i_con 3.90 plddt 0.35 ptm 0.85 i_ptm 0.41 energy -5.31
73 models [4] recycles 0 hard 0 soft 1 temp 1 loss 2.72 i_con 3.74 plddt 0.36 ptm 0.88 i_ptm 0.44 energy -5.44
74 models [3] recycles 0 hard 0 soft 1 temp 1 loss 2.83 i_con 3.88 plddt 0.35 ptm 0.85 i_ptm 0.39 energy -5.55
75 models [4] recycles 0 hard 0 soft 1 temp 1 loss 2.70 i_con 3.73 plddt 0.37 ptm 0.88 i_ptm 0.48 energy -5.43
76 models [4] recycles 0 hard 0 soft 1 temp 1 loss 2.61 i_con 3.67 plddt 0.40 ptm 0.88 i_ptm 0.50 energy -5.59
77 models [1] recycles 0 hard 0 soft 1 temp 1 loss 3.18 i_con 4.25 plddt 0.25 ptm 0.87 i_ptm 0.25 energy -5.74
78 models [4] recycles 0 hard 0 soft 1 temp 1 loss 2.78 i_con 3.84 plddt 0.33 ptm 0.88 i_ptm 0.41 energy -5.61
79 models [3] recycles 0 hard 0 soft 1 temp 1 loss 2.60 i_con 3.68 plddt 0.39 ptm 0.87 i_ptm 0.51 energy -5.73
80 models [1] recycles 0 hard 0 soft 1 temp 1 loss 4.41 i_con 5.51 plddt 0.28 ptm 0.85 i_ptm 0.15 energy -5.87
81 models [2] recycles 0 hard 0 soft 1 temp 1 loss 2.71 i_con 3.81 plddt 0.36 ptm 0.87 i_ptm 0.47 energy -5.80
82 models [1] recycles 0 hard 0 soft 1 temp 1 loss 4.03 i_con 5.14 plddt 0.26 ptm 0.86 i_ptm 0.14 energy -5.90
83 models [2] recycles 0 hard 0 soft 1 temp 1 loss 2.53 i_con 3.64 plddt 0.40 ptm 0.87 i_ptm 0.51 energy -5.85
84 models [3] recycles 0 hard 0 soft 1 temp 1 loss 4.74 i_con 5.87 plddt 0.36 ptm 0.85 i_ptm 0.28 energy -5.98
85 models [0] recycles 0 hard 0 soft 1 temp 1 loss 2.86 i_con 3.99 plddt 0.34 ptm 0.84 i_ptm 0.37 energy -5.97
86 models [2] recycles 0 hard 0 soft 1 temp 1 loss 2.54 i_con 3.66 plddt 0.38 ptm 0.87 i_ptm 0.51 energy -5.88
87 models [0] recycles 0 hard 0 soft 1 temp 1 loss 2.74 i_con 3.89 plddt 0.35 ptm 0.85 i_ptm 0.42 energy -6.07
88 models [2] recycles 0 hard 0 soft 1 temp 1 loss 2.61 i_con 3.77 plddt 0.37 ptm 0.87 i_ptm 0.47 energy -6.11
89 models [1] recycles 0 hard 0 soft 1 temp 1 loss 3.31 i_con 4.47 plddt 0.23 ptm 0.85 i_ptm 0.17 energy -6.18
90 models [2] recycles 0 hard 0 soft 1 temp 1 loss 2.62 i_con 3.77 plddt 0.35 ptm 0.87 i_ptm 0.47 energy -6.09
91 models [3] recycles 0 hard 0 soft 1 temp 1 loss 2.72 i_con 3.88 plddt 0.30 ptm 0.86 i_ptm 0.38 energy -6.14
92 models [0] recycles 0 hard 0 soft 1 temp 1 loss 2.73 i_con 3.87 plddt 0.31 ptm 0.85 i_ptm 0.40 energy -6.05
93 models [2] recycles 0 hard 0 soft 1 temp 1 loss 2.51 i_con 3.70 plddt 0.39 ptm 0.87 i_ptm 0.48 energy -6.28
94 models [1] recycles 0 hard 0 soft 1 temp 1 loss 2.77 i_con 3.97 plddt 0.29 ptm 0.87 i_ptm 0.34 energy -6.37
95 models [0] recycles 0 hard 0 soft 1 temp 1 loss 2.86 i_con 4.05 plddt 0.36 ptm 0.84 i_ptm 0.34 energy -6.25
96 models [3] recycles 0 hard 0 soft 1 temp 1 loss 2.50 i_con 3.71 plddt 0.34 ptm 0.86 i_ptm 0.48 energy -6.34
97 models [0] recycles 0 hard 0 soft 1 temp 1 loss 2.66 i_con 3.86 plddt 0.31 ptm 0.85 i_ptm 0.41 energy -6.37
98 models [1] recycles 0 hard 0 soft 1 temp 1 loss 4.90 i_con 6.14 plddt 0.25 ptm 0.86 i_ptm 0.15 energy -6.59
99 models [2] recycles 0 hard 0 soft 1 temp 1 loss 2.53 i_con 3.77 plddt 0.34 ptm 0.87 i_ptm 0.45 energy -6.51
100 models [2] recycles 0 hard 0 soft 1 temp 1 loss 2.52 i_con 3.78 plddt 0.33 ptm 0.87 i_ptm 0.45 energy -6.62
101 models [0] recycles 0 hard 0 soft 0 temp 1 loss 3.23 i_con 4.90 plddt 0.24 ptm 0.83 i_ptm 0.14 energy -34.78
102 models [1] recycles 0 hard 0 soft 0 temp 0.98 loss 4.78 i_con 6.45 plddt 0.27 ptm 0.86 i_ptm 0.19 energy -34.78
103 models [2] recycles 0 hard 0 soft 0 temp 0.96 loss 3.14 i_con 4.82 plddt 0.27 ptm 0.85 i_ptm 0.15 energy -35.01
104 models [3] recycles 0 hard 0 soft 0 temp 0.94 loss 2.27 i_con 3.94 plddt 0.30 ptm 0.86 i_ptm 0.39 energy -34.83
105 models [3] recycles 0 hard 0 soft 0 temp 0.92 loss 2.26 i_con 3.95 plddt 0.29 ptm 0.86 i_ptm 0.37 energy -35.09
106 models [4] recycles 0 hard 0 soft 0 temp 0.90 loss 3.59 i_con 5.28 plddt 0.24 ptm 0.86 i_ptm 0.15 energy -35.19
107 models [0] recycles 0 hard 0 soft 0 temp 0.88 loss 2.79 i_con 4.49 plddt 0.24 ptm 0.82 i_ptm 0.17 energy -35.37
108 models [3] recycles 0 hard 0 soft 0 temp 0.86 loss 3.04 i_con 4.72 plddt 0.24 ptm 0.84 i_ptm 0.13 energy -35.12
109 models [0] recycles 0 hard 0 soft 0 temp 0.84 loss 2.32 i_con 4.00 plddt 0.31 ptm 0.85 i_ptm 0.38 energy -35.08
110 models [1] recycles 0 hard 0 soft 0 temp 0.82 loss 4.41 i_con 6.15 plddt 0.27 ptm 0.86 i_ptm 0.18 energy -36.30
111 models [1] recycles 0 hard 0 soft 0 temp 0.80 loss 4.27 i_con 6.03 plddt 0.26 ptm 0.86 i_ptm 0.16 energy -36.67
112 models [0] recycles 0 hard 0 soft 0 temp 0.78 loss 3.34 i_con 5.10 plddt 0.26 ptm 0.82 i_ptm 0.14 energy -36.68
113 models [1] recycles 0 hard 0 soft 0 temp 0.76 loss 4.50 i_con 6.27 plddt 0.28 ptm 0.86 i_ptm 0.20 energy -36.86
114 models [2] recycles 0 hard 0 soft 0 temp 0.74 loss 3.00 i_con 4.80 plddt 0.24 ptm 0.85 i_ptm 0.14 energy -37.52
115 models [3] recycles 0 hard 0 soft 0 temp 0.72 loss 3.83 i_con 5.63 plddt 0.23 ptm 0.85 i_ptm 0.19 energy -37.49
116 models [3] recycles 0 hard 0 soft 0 temp 0.70 loss 2.09 i_con 3.91 plddt 0.31 ptm 0.86 i_ptm 0.39 energy -37.65
117 models [4] recycles 0 hard 0 soft 0 temp 0.68 loss 3.38 i_con 5.21 plddt 0.21 ptm 0.87 i_ptm 0.12 energy -38.29
118 models [2] recycles 0 hard 0 soft 0 temp 0.66 loss 2.07 i_con 3.91 plddt 0.32 ptm 0.87 i_ptm 0.42 energy -38.21
119 models [1] recycles 0 hard 0 soft 0 temp 0.64 loss 4.22 i_con 6.10 plddt 0.27 ptm 0.85 i_ptm 0.18 energy -39.13
120 models [1] recycles 0 hard 0 soft 0 temp 0.62 loss 3.71 i_con 5.62 plddt 0.25 ptm 0.85 i_ptm 0.16 energy -39.63
121 models [2] recycles 0 hard 0 soft 0 temp 0.60 loss 2.04 i_con 3.97 plddt 0.32 ptm 0.86 i_ptm 0.37 energy -39.94
122 models [2] recycles 0 hard 0 soft 0 temp 0.58 loss 2.40 i_con 4.33 plddt 0.27 ptm 0.86 i_ptm 0.21 energy -40.04
123 models [3] recycles 0 hard 0 soft 0 temp 0.56 loss 2.45 i_con 4.38 plddt 0.24 ptm 0.84 i_ptm 0.19 energy -39.98
124 models [3] recycles 0 hard 0 soft 0 temp 0.54 loss 2.00 i_con 3.91 plddt 0.31 ptm 0.86 i_ptm 0.37 energy -39.71
125 models [1] recycles 0 hard 0 soft 0 temp 0.52 loss 3.61 i_con 5.57 plddt 0.25 ptm 0.85 i_ptm 0.14 energy -40.79
126 models [4] recycles 0 hard 0 soft 0 temp 0.50 loss 3.19 i_con 5.18 plddt 0.21 ptm 0.87 i_ptm 0.11 energy -41.37
127 models [0] recycles 0 hard 0 soft 0 temp 0.48 loss 2.62 i_con 4.63 plddt 0.23 ptm 0.82 i_ptm 0.15 energy -41.72
128 models [4] recycles 0 hard 0 soft 0 temp 0.46 loss 1.94 i_con 3.97 plddt 0.29 ptm 0.88 i_ptm 0.35 energy -42.00
129 models [3] recycles 0 hard 0 soft 0 temp 0.44 loss 3.29 i_con 5.32 plddt 0.26 ptm 0.84 i_ptm 0.18 energy -42.04
130 models [2] recycles 0 hard 0 soft 0 temp 0.42 loss 1.65 i_con 3.70 plddt 0.34 ptm 0.87 i_ptm 0.48 energy -42.28
131 models [1] recycles 0 hard 0 soft 0 temp 0.40 loss 3.78 i_con 5.83 plddt 0.26 ptm 0.85 i_ptm 0.16 energy -42.53
132 models [2] recycles 0 hard 0 soft 0 temp 0.38 loss 2.40 i_con 4.48 plddt 0.25 ptm 0.85 i_ptm 0.16 energy -43.16
133 models [4] recycles 0 hard 0 soft 0 temp 0.36 loss 3.24 i_con 5.30 plddt 0.21 ptm 0.87 i_ptm 0.12 energy -42.86
134 models [1] recycles 0 hard 0 soft 0 temp 0.34 loss 3.78 i_con 5.86 plddt 0.25 ptm 0.85 i_ptm 0.18 energy -43.06
135 models [0] recycles 0 hard 0 soft 0 temp 0.32 loss 2.06 i_con 4.15 plddt 0.27 ptm 0.84 i_ptm 0.29 energy -43.17
136 models [0] recycles 0 hard 0 soft 0 temp 0.30 loss 1.93 i_con 4.07 plddt 0.28 ptm 0.84 i_ptm 0.32 energy -44.28
137 models [4] recycles 0 hard 0 soft 0 temp 0.28 loss 2.85 i_con 5.03 plddt 0.19 ptm 0.87 i_ptm 0.11 energy -45.14
138 models [4] recycles 0 hard 0 soft 0 temp 0.26 loss 2.42 i_con 4.60 plddt 0.22 ptm 0.87 i_ptm 0.13 energy -45.18
139 models [4] recycles 0 hard 0 soft 0 temp 0.24 loss 2.26 i_con 4.46 plddt 0.24 ptm 0.87 i_ptm 0.19 energy -45.34
140 models [4] recycles 0 hard 0 soft 0 temp 0.22 loss 3.16 i_con 5.34 plddt 0.22 ptm 0.87 i_ptm 0.14 energy -45.25
141 models [2] recycles 0 hard 0 soft 0 temp 0.20 loss 1.67 i_con 3.86 plddt 0.35 ptm 0.86 i_ptm 0.42 energy -45.05
142 models [2] recycles 0 hard 0 soft 0 temp 0.18 loss 1.66 i_con 3.90 plddt 0.31 ptm 0.87 i_ptm 0.40 energy -46.04
143 models [3] recycles 0 hard 0 soft 0 temp 0.16 loss 2.13 i_con 4.38 plddt 0.24 ptm 0.84 i_ptm 0.15 energy -46.50
144 models [2] recycles 0 hard 0 soft 0 temp 0.14 loss 1.62 i_con 3.87 plddt 0.33 ptm 0.87 i_ptm 0.43 energy -46.44
145 models [4] recycles 0 hard 0 soft 0 temp 0.12 loss 1.67 i_con 3.94 plddt 0.29 ptm 0.87 i_ptm 0.38 energy -46.86
146 models [4] recycles 0 hard 0 soft 0 temp 0.10 loss 1.51 i_con 3.81 plddt 0.33 ptm 0.88 i_ptm 0.43 energy -47.30
147 models [1] recycles 0 hard 0 soft 0 temp 0.08 loss 3.39 i_con 5.70 plddt 0.27 ptm 0.85 i_ptm 0.17 energy -47.59
148 models [4] recycles 0 hard 0 soft 0 temp 0.06 loss 1.60 i_con 3.92 plddt 0.29 ptm 0.88 i_ptm 0.36 energy -47.80
149 models [0] recycles 0 hard 0 soft 0 temp 0.04 loss 1.64 i_con 3.97 plddt 0.30 ptm 0.85 i_ptm 0.37 energy -48.04
150 models [4] recycles 0 hard 0 soft 0 temp 0.02 loss 3.02 i_con 5.42 plddt 0.21 ptm 0.87 i_ptm 0.14 energy -49.57
151 models [1] recycles 0 hard 1 soft 0 temp 0.00 loss 3.15 i_con 6.03 plddt 0.32 ptm 0.85 i_ptm 0.22 energy -5.90
152 models [1] recycles 0 hard 1 soft 0 temp 0.00 loss 3.15 i_con 6.03 plddt 0.32 ptm 0.85 i_ptm 0.22 energy -5.90
153 models [3] recycles 0 hard 1 soft 0 temp 0.00 loss 2.88 i_con 5.76 plddt 0.32 ptm 0.85 i_ptm 0.28 energy -5.90
154 models [1] recycles 0 hard 1 soft 0 temp 0.00 loss 3.15 i_con 6.03 plddt 0.32 ptm 0.85 i_ptm 0.22 energy -5.90
155 models [1] recycles 0 hard 1 soft 0 temp 0.00 loss 3.15 i_con 6.03 plddt 0.32 ptm 0.85 i_ptm 0.22 energy -5.90
156 models [2] recycles 0 hard 1 soft 0 temp 0.00 loss 2.59 i_con 5.47 plddt 0.32 ptm 0.86 i_ptm 0.24 energy -5.90
157 models [4] recycles 0 hard 1 soft 0 temp 0.00 loss 1.01 i_con 3.89 plddt 0.31 ptm 0.88 i_ptm 0.46 energy -5.90
158 models [3] recycles 0 hard 1 soft 0 temp 0.00 loss 2.88 i_con 5.76 plddt 0.32 ptm 0.85 i_ptm 0.28 energy -5.90
159 models [2] recycles 0 hard 1 soft 0 temp 0.00 loss 2.59 i_con 5.47 plddt 0.32 ptm 0.86 i_ptm 0.24 energy -5.90
160 models [4] recycles 0 hard 1 soft 0 temp 0.00 loss 1.01 i_con 3.89 plddt 0.31 ptm 0.88 i_ptm 0.46 energy -5.90
161 models [3] recycles 0 hard 1 soft 0 temp 0.00 loss 2.88 i_con 5.76 plddt 0.32 ptm 0.85 i_ptm 0.28 energy -5.90
162 models [4] recycles 0 hard 1 soft 0 temp 0.00 loss 1.01 i_con 3.89 plddt 0.31 ptm 0.88 i_ptm 0.46 energy -5.90
163 models [0] recycles 0 hard 1 soft 0 temp 0.00 loss 1.38 i_con 4.25 plddt 0.28 ptm 0.83 i_ptm 0.27 energy -5.90
164 models [1] recycles 0 hard 1 soft 0 temp 0.00 loss 3.15 i_con 6.03 plddt 0.32 ptm 0.85 i_ptm 0.22 energy -5.90
165 models [3] recycles 0 hard 1 soft 0 temp 0.00 loss 2.88 i_con 5.76 plddt 0.32 ptm 0.85 i_ptm 0.28 energy -5.90
166 models [2] recycles 0 hard 1 soft 0 temp 0.00 loss 2.59 i_con 5.47 plddt 0.32 ptm 0.86 i_ptm 0.24 energy -5.90
167 models [1] recycles 0 hard 1 soft 0 temp 0.00 loss 3.15 i_con 6.03 plddt 0.32 ptm 0.85 i_ptm 0.22 energy -5.90
168 models [2] recycles 0 hard 1 soft 0 temp 0.00 loss 2.59 i_con 5.47 plddt 0.32 ptm 0.86 i_ptm 0.24 energy -5.90
169 models [0] recycles 0 hard 1 soft 0 temp 0.00 loss 1.38 i_con 4.25 plddt 0.28 ptm 0.83 i_ptm 0.27 energy -5.90
170 models [4] recycles 0 hard 1 soft 0 temp 0.00 loss 1.01 i_con 3.89 plddt 0.31 ptm 0.88 i_ptm 0.46 energy -5.90
171 models [1] recycles 0 hard 1 soft 0 temp 0.00 loss 3.15 i_con 6.03 plddt 0.32 ptm 0.85 i_ptm 0.22 energy -5.90
172 models [4] recycles 0 hard 1 soft 0 temp 0.00 loss 1.01 i_con 3.89 plddt 0.31 ptm 0.88 i_ptm 0.46 energy -5.90
173 models [4] recycles 0 hard 1 soft 0 temp 0.00 loss 1.01 i_con 3.89 plddt 0.31 ptm 0.88 i_ptm 0.46 energy -5.90
174 models [4] recycles 0 hard 1 soft 0 temp 0.00 loss 1.01 i_con 3.89 plddt 0.31 ptm 0.88 i_ptm 0.46 energy -5.90
175 models [1] recycles 0 hard 1 soft 0 temp 0.00 loss 3.15 i_con 6.03 plddt 0.32 ptm 0.85 i_ptm 0.22 energy -5.90
176 models [1] recycles 0 hard 1 soft 0 temp 0.00 loss 3.15 i_con 6.03 plddt 0.32 ptm 0.85 i_ptm 0.22 energy -5.90
177 models [0] recycles 0 hard 1 soft 0 temp 0.00 loss 1.38 i_con 4.25 plddt 0.28 ptm 0.83 i_ptm 0.27 energy -5.90
178 models [3] recycles 0 hard 1 soft 0 temp 0.00 loss 2.88 i_con 5.76 plddt 0.32 ptm 0.85 i_ptm 0.28 energy -5.90
179 models [3] recycles 0 hard 1 soft 0 temp 0.00 loss 2.88 i_con 5.76 plddt 0.32 ptm 0.85 i_ptm 0.28 energy -5.90
180 models [3] recycles 0 hard 1 soft 0 temp 0.00 loss 2.88 i_con 5.76 plddt 0.32 ptm 0.85 i_ptm 0.28 energy -5.90
  seq=AWIWWCCFYNYQKEA  loss=2.8772  loss_af=5.8250  energy=-5.8956  i_ptm=0.2813
[5/30] seed=4 ...
1 models [4] recycles 0 hard 0 soft 1 temp 1 loss 4.54 i_con 4.10 plddt 0.31 ptm 0.88 i_ptm 0.36 energy 7.39
2 models [1] recycles 0 hard 0 soft 1 temp 1 loss 4.85 i_con 4.43 plddt 0.23 ptm 0.86 i_ptm 0.20 energy 6.95
3 models [0] recycles 0 hard 0 soft 1 temp 1 loss 4.84 i_con 4.42 plddt 0.22 ptm 0.83 i_ptm 0.19 energy 6.88
4 models [2] recycles 0 hard 0 soft 1 temp 1 loss 4.38 i_con 3.98 plddt 0.31 ptm 0.86 i_ptm 0.41 energy 6.61
5 models [1] recycles 0 hard 0 soft 1 temp 1 loss 4.37 i_con 3.99 plddt 0.27 ptm 0.87 i_ptm 0.34 energy 6.08
6 models [1] recycles 0 hard 0 soft 1 temp 1 loss 4.57 i_con 4.20 plddt 0.24 ptm 0.86 i_ptm 0.27 energy 5.72
7 models [0] recycles 0 hard 0 soft 1 temp 1 loss 4.14 i_con 3.81 plddt 0.37 ptm 0.85 i_ptm 0.48 energy 5.41
8 models [0] recycles 0 hard 0 soft 1 temp 1 loss 4.19 i_con 3.89 plddt 0.36 ptm 0.85 i_ptm 0.45 energy 4.73
9 models [4] recycles 0 hard 0 soft 1 temp 1 loss 4.26 i_con 3.99 plddt 0.33 ptm 0.87 i_ptm 0.40 energy 4.13
10 models [0] recycles 0 hard 0 soft 1 temp 1 loss 4.07 i_con 3.81 plddt 0.37 ptm 0.86 i_ptm 0.49 energy 3.84
11 models [4] recycles 0 hard 0 soft 1 temp 1 loss 4.19 i_con 3.95 plddt 0.33 ptm 0.88 i_ptm 0.40 energy 3.35
12 models [0] recycles 0 hard 0 soft 1 temp 1 loss 4.10 i_con 3.89 plddt 0.34 ptm 0.85 i_ptm 0.44 energy 2.93
13 models [0] recycles 0 hard 0 soft 1 temp 1 loss 3.98 i_con 3.78 plddt 0.41 ptm 0.85 i_ptm 0.51 energy 2.71
14 models [4] recycles 0 hard 0 soft 1 temp 1 loss 4.01 i_con 3.82 plddt 0.35 ptm 0.88 i_ptm 0.46 energy 2.62
15 models [0] recycles 0 hard 0 soft 1 temp 1 loss 4.12 i_con 3.93 plddt 0.36 ptm 0.84 i_ptm 0.37 energy 2.49
16 models [1] recycles 0 hard 0 soft 1 temp 1 loss 5.55 i_con 5.35 plddt 0.24 ptm 0.86 i_ptm 0.19 energy 2.36
17 models [3] recycles 0 hard 0 soft 1 temp 1 loss 3.77 i_con 3.59 plddt 0.40 ptm 0.87 i_ptm 0.58 energy 2.35
18 models [3] recycles 0 hard 0 soft 1 temp 1 loss 3.94 i_con 3.78 plddt 0.36 ptm 0.86 i_ptm 0.46 energy 1.96
19 models [1] recycles 0 hard 0 soft 1 temp 1 loss 4.53 i_con 4.36 plddt 0.26 ptm 0.86 i_ptm 0.19 energy 2.01
20 models [4] recycles 0 hard 0 soft 1 temp 1 loss 3.96 i_con 3.79 plddt 0.36 ptm 0.88 i_ptm 0.49 energy 2.06
21 models [2] recycles 0 hard 0 soft 1 temp 1 loss 3.88 i_con 3.73 plddt 0.38 ptm 0.88 i_ptm 0.53 energy 1.86
22 models [2] recycles 0 hard 0 soft 1 temp 1 loss 4.02 i_con 3.87 plddt 0.37 ptm 0.87 i_ptm 0.48 energy 1.74
23 models [4] recycles 0 hard 0 soft 1 temp 1 loss 3.91 i_con 3.77 plddt 0.31 ptm 0.88 i_ptm 0.50 energy 1.57
24 models [2] recycles 0 hard 0 soft 1 temp 1 loss 3.88 i_con 3.73 plddt 0.36 ptm 0.87 i_ptm 0.52 energy 1.68
25 models [0] recycles 0 hard 0 soft 1 temp 1 loss 3.89 i_con 3.75 plddt 0.40 ptm 0.86 i_ptm 0.51 energy 1.62
26 models [4] recycles 0 hard 0 soft 1 temp 1 loss 3.89 i_con 3.76 plddt 0.39 ptm 0.89 i_ptm 0.52 energy 1.47
27 models [2] recycles 0 hard 0 soft 1 temp 1 loss 3.93 i_con 3.81 plddt 0.38 ptm 0.87 i_ptm 0.51 energy 1.14
28 models [1] recycles 0 hard 0 soft 1 temp 1 loss 4.70 i_con 4.57 plddt 0.23 ptm 0.85 i_ptm 0.14 energy 0.97
29 models [2] recycles 0 hard 0 soft 1 temp 1 loss 3.80 i_con 3.69 plddt 0.42 ptm 0.88 i_ptm 0.57 energy 1.11
30 models [4] recycles 0 hard 0 soft 1 temp 1 loss 4.04 i_con 3.94 plddt 0.31 ptm 0.88 i_ptm 0.41 energy 0.58
31 models [1] recycles 0 hard 0 soft 1 temp 1 loss 4.04 i_con 3.93 plddt 0.30 ptm 0.87 i_ptm 0.33 energy 0.67
32 models [3] recycles 0 hard 0 soft 1 temp 1 loss 3.69 i_con 3.60 plddt 0.42 ptm 0.87 i_ptm 0.56 energy 0.67
33 models [2] recycles 0 hard 0 soft 1 temp 1 loss 3.88 i_con 3.78 plddt 0.41 ptm 0.87 i_ptm 0.52 energy 0.68
34 models [3] recycles 0 hard 0 soft 1 temp 1 loss 3.77 i_con 3.69 plddt 0.38 ptm 0.87 i_ptm 0.53 energy 0.34
35 models [3] recycles 0 hard 0 soft 1 temp 1 loss 3.92 i_con 3.86 plddt 0.31 ptm 0.86 i_ptm 0.40 energy -0.12
36 models [2] recycles 0 hard 0 soft 1 temp 1 loss 3.75 i_con 3.71 plddt 0.40 ptm 0.87 i_ptm 0.53 energy -0.37
37 models [2] recycles 0 hard 0 soft 1 temp 1 loss 3.86 i_con 3.83 plddt 0.37 ptm 0.87 i_ptm 0.47 energy -0.73
38 models [2] recycles 0 hard 0 soft 1 temp 1 loss 3.76 i_con 3.74 plddt 0.40 ptm 0.88 i_ptm 0.52 energy -0.88
39 models [0] recycles 0 hard 0 soft 1 temp 1 loss 3.88 i_con 3.87 plddt 0.36 ptm 0.85 i_ptm 0.46 energy -1.05
40 models [1] recycles 0 hard 0 soft 1 temp 1 loss 4.22 i_con 4.21 plddt 0.25 ptm 0.86 i_ptm 0.23 energy -1.45
41 models [4] recycles 0 hard 0 soft 1 temp 1 loss 3.72 i_con 3.71 plddt 0.41 ptm 0.89 i_ptm 0.55 energy -1.00
42 models [2] recycles 0 hard 0 soft 1 temp 1 loss 3.84 i_con 3.85 plddt 0.36 ptm 0.87 i_ptm 0.49 energy -1.47
43 models [0] recycles 0 hard 0 soft 1 temp 1 loss 3.69 i_con 3.70 plddt 0.43 ptm 0.86 i_ptm 0.54 energy -1.46
44 models [3] recycles 0 hard 0 soft 1 temp 1 loss 3.78 i_con 3.82 plddt 0.35 ptm 0.86 i_ptm 0.48 energy -1.99
45 models [2] recycles 0 hard 0 soft 1 temp 1 loss 3.65 i_con 3.68 plddt 0.43 ptm 0.88 i_ptm 0.56 energy -1.82
46 models [3] recycles 0 hard 0 soft 1 temp 1 loss 3.65 i_con 3.69 plddt 0.39 ptm 0.87 i_ptm 0.51 energy -2.05
47 models [1] recycles 0 hard 0 soft 1 temp 1 loss 4.15 i_con 4.17 plddt 0.25 ptm 0.86 i_ptm 0.26 energy -2.00
48 models [1] recycles 0 hard 0 soft 1 temp 1 loss 3.88 i_con 3.91 plddt 0.30 ptm 0.87 i_ptm 0.39 energy -1.97
49 models [4] recycles 0 hard 0 soft 1 temp 1 loss 3.75 i_con 3.79 plddt 0.37 ptm 0.88 i_ptm 0.48 energy -2.22
50 models [1] recycles 0 hard 0 soft 1 temp 1 loss 4.10 i_con 4.14 plddt 0.26 ptm 0.86 i_ptm 0.25 energy -2.38
51 models [4] recycles 0 hard 0 soft 1 temp 1 loss 3.37 i_con 3.73 plddt 0.38 ptm 0.88 i_ptm 0.51 energy -2.12
52 models [4] recycles 0 hard 0 soft 1 temp 1 loss 3.30 i_con 3.74 plddt 0.37 ptm 0.88 i_ptm 0.52 energy -2.50
53 models [3] recycles 0 hard 0 soft 1 temp 1 loss 3.39 i_con 3.84 plddt 0.35 ptm 0.86 i_ptm 0.45 energy -2.59
54 models [4] recycles 0 hard 0 soft 1 temp 1 loss 3.68 i_con 4.10 plddt 0.31 ptm 0.87 i_ptm 0.34 energy -2.44
55 models [0] recycles 0 hard 0 soft 1 temp 1 loss 3.49 i_con 3.93 plddt 0.37 ptm 0.84 i_ptm 0.39 energy -2.51
56 models [2] recycles 0 hard 0 soft 1 temp 1 loss 3.27 i_con 3.76 plddt 0.41 ptm 0.87 i_ptm 0.53 energy -2.77
57 models [2] recycles 0 hard 0 soft 1 temp 1 loss 3.25 i_con 3.81 plddt 0.37 ptm 0.87 i_ptm 0.49 energy -3.13
58 models [3] recycles 0 hard 0 soft 1 temp 1 loss 3.03 i_con 3.64 plddt 0.42 ptm 0.87 i_ptm 0.54 energy -3.36
59 models [3] recycles 0 hard 0 soft 1 temp 1 loss 3.07 i_con 3.73 plddt 0.37 ptm 0.87 i_ptm 0.51 energy -3.59
60 models [3] recycles 0 hard 0 soft 1 temp 1 loss 2.94 i_con 3.65 plddt 0.43 ptm 0.87 i_ptm 0.54 energy -3.81
61 models [4] recycles 0 hard 0 soft 1 temp 1 loss 4.78 i_con 5.46 plddt 0.26 ptm 0.86 i_ptm 0.22 energy -3.81
62 models [2] recycles 0 hard 0 soft 1 temp 1 loss 3.09 i_con 3.82 plddt 0.38 ptm 0.87 i_ptm 0.51 energy -3.95
63 models [2] recycles 0 hard 0 soft 1 temp 1 loss 3.01 i_con 3.76 plddt 0.40 ptm 0.87 i_ptm 0.52 energy -4.03
64 models [2] recycles 0 hard 0 soft 1 temp 1 loss 3.27 i_con 4.05 plddt 0.31 ptm 0.86 i_ptm 0.35 energy -4.25
65 models [2] recycles 0 hard 0 soft 1 temp 1 loss 3.02 i_con 3.85 plddt 0.36 ptm 0.86 i_ptm 0.49 energy -4.46
66 models [0] recycles 0 hard 0 soft 1 temp 1 loss 2.97 i_con 3.82 plddt 0.42 ptm 0.84 i_ptm 0.46 energy -4.53
67 models [2] recycles 0 hard 0 soft 1 temp 1 loss 3.05 i_con 3.93 plddt 0.35 ptm 0.87 i_ptm 0.46 energy -4.75
68 models [4] recycles 0 hard 0 soft 1 temp 1 loss 2.95 i_con 3.84 plddt 0.33 ptm 0.88 i_ptm 0.46 energy -4.81
69 models [4] recycles 0 hard 0 soft 1 temp 1 loss 3.14 i_con 4.07 plddt 0.31 ptm 0.88 i_ptm 0.36 energy -4.98
70 models [1] recycles 0 hard 0 soft 1 temp 1 loss 4.55 i_con 5.50 plddt 0.26 ptm 0.85 i_ptm 0.13 energy -5.16
71 models [3] recycles 0 hard 0 soft 1 temp 1 loss 4.44 i_con 5.39 plddt 0.29 ptm 0.84 i_ptm 0.16 energy -5.10
72 models [1] recycles 0 hard 0 soft 1 temp 1 loss 4.27 i_con 5.20 plddt 0.22 ptm 0.86 i_ptm 0.16 energy -5.04
73 models [0] recycles 0 hard 0 soft 1 temp 1 loss 3.02 i_con 3.96 plddt 0.34 ptm 0.85 i_ptm 0.39 energy -5.01
74 models [3] recycles 0 hard 0 soft 1 temp 1 loss 3.01 i_con 3.99 plddt 0.30 ptm 0.85 i_ptm 0.34 energy -5.26
75 models [4] recycles 0 hard 0 soft 1 temp 1 loss 2.96 i_con 3.96 plddt 0.30 ptm 0.88 i_ptm 0.40 energy -5.35
76 models [1] recycles 0 hard 0 soft 1 temp 1 loss 3.92 i_con 4.95 plddt 0.22 ptm 0.85 i_ptm 0.15 energy -5.55
77 models [4] recycles 0 hard 0 soft 1 temp 1 loss 2.88 i_con 3.92 plddt 0.30 ptm 0.88 i_ptm 0.41 energy -5.51
78 models [0] recycles 0 hard 0 soft 1 temp 1 loss 3.06 i_con 4.16 plddt 0.30 ptm 0.85 i_ptm 0.31 energy -5.81
79 models [4] recycles 0 hard 0 soft 1 temp 1 loss 2.89 i_con 3.96 plddt 0.30 ptm 0.88 i_ptm 0.38 energy -5.71
80 models [3] recycles 0 hard 0 soft 1 temp 1 loss 3.11 i_con 4.22 plddt 0.29 ptm 0.84 i_ptm 0.24 energy -5.93
81 models [3] recycles 0 hard 0 soft 1 temp 1 loss 2.85 i_con 3.95 plddt 0.30 ptm 0.86 i_ptm 0.39 energy -5.87
82 models [0] recycles 0 hard 0 soft 1 temp 1 loss 2.85 i_con 3.99 plddt 0.30 ptm 0.84 i_ptm 0.37 energy -6.09
83 models [0] recycles 0 hard 0 soft 1 temp 1 loss 2.90 i_con 4.08 plddt 0.32 ptm 0.84 i_ptm 0.34 energy -6.25
84 models [0] recycles 0 hard 0 soft 1 temp 1 loss 3.13 i_con 4.33 plddt 0.27 ptm 0.83 i_ptm 0.20 energy -6.37
85 models [3] recycles 0 hard 0 soft 1 temp 1 loss 2.59 i_con 3.79 plddt 0.35 ptm 0.86 i_ptm 0.47 energy -6.30
86 models [4] recycles 0 hard 0 soft 1 temp 1 loss 2.81 i_con 4.03 plddt 0.31 ptm 0.87 i_ptm 0.37 energy -6.43
87 models [2] recycles 0 hard 0 soft 1 temp 1 loss 2.59 i_con 3.85 plddt 0.34 ptm 0.86 i_ptm 0.44 energy -6.63
88 models [4] recycles 0 hard 0 soft 1 temp 1 loss 2.98 i_con 4.27 plddt 0.27 ptm 0.87 i_ptm 0.27 energy -6.80
89 models [4] recycles 0 hard 0 soft 1 temp 1 loss 2.72 i_con 3.97 plddt 0.28 ptm 0.88 i_ptm 0.40 energy -6.60
90 models [0] recycles 0 hard 0 soft 1 temp 1 loss 2.68 i_con 3.98 plddt 0.35 ptm 0.85 i_ptm 0.38 energy -6.81
91 models [3] recycles 0 hard 0 soft 1 temp 1 loss 2.52 i_con 3.86 plddt 0.32 ptm 0.86 i_ptm 0.45 energy -7.02
92 models [0] recycles 0 hard 0 soft 1 temp 1 loss 4.28 i_con 5.64 plddt 0.33 ptm 0.83 i_ptm 0.29 energy -7.15
93 models [1] recycles 0 hard 0 soft 1 temp 1 loss 3.77 i_con 5.11 plddt 0.23 ptm 0.86 i_ptm 0.13 energy -7.10
94 models [0] recycles 0 hard 0 soft 1 temp 1 loss 2.60 i_con 3.94 plddt 0.36 ptm 0.85 i_ptm 0.43 energy -7.02
95 models [2] recycles 0 hard 0 soft 1 temp 1 loss 2.51 i_con 3.89 plddt 0.34 ptm 0.86 i_ptm 0.42 energy -7.20
96 models [1] recycles 0 hard 0 soft 1 temp 1 loss 3.82 i_con 5.17 plddt 0.22 ptm 0.86 i_ptm 0.15 energy -7.13
97 models [0] recycles 0 hard 0 soft 1 temp 1 loss 2.90 i_con 4.25 plddt 0.27 ptm 0.83 i_ptm 0.24 energy -7.08
98 models [1] recycles 0 hard 0 soft 1 temp 1 loss 3.72 i_con 5.04 plddt 0.23 ptm 0.86 i_ptm 0.16 energy -6.98
99 models [0] recycles 0 hard 0 soft 1 temp 1 loss 2.76 i_con 4.09 plddt 0.31 ptm 0.85 i_ptm 0.34 energy -6.98
100 models [1] recycles 0 hard 0 soft 1 temp 1 loss 3.45 i_con 4.79 plddt 0.27 ptm 0.86 i_ptm 0.20 energy -7.04
101 models [0] recycles 0 hard 0 soft 0 temp 1 loss 3.92 i_con 5.45 plddt 0.28 ptm 0.83 i_ptm 0.18 energy -32.17
102 models [3] recycles 0 hard 0 soft 0 temp 0.98 loss 2.69 i_con 4.23 plddt 0.26 ptm 0.85 i_ptm 0.27 energy -32.26
103 models [0] recycles 0 hard 0 soft 0 temp 0.96 loss 2.89 i_con 4.42 plddt 0.26 ptm 0.83 i_ptm 0.19 energy -32.03
104 models [4] recycles 0 hard 0 soft 0 temp 0.94 loss 2.79 i_con 4.31 plddt 0.22 ptm 0.87 i_ptm 0.24 energy -32.05
105 models [0] recycles 0 hard 0 soft 0 temp 0.92 loss 3.52 i_con 5.06 plddt 0.28 ptm 0.83 i_ptm 0.15 energy -32.25
106 models [3] recycles 0 hard 0 soft 0 temp 0.90 loss 2.36 i_con 3.91 plddt 0.32 ptm 0.86 i_ptm 0.39 energy -32.47
107 models [0] recycles 0 hard 0 soft 0 temp 0.88 loss 2.44 i_con 4.00 plddt 0.31 ptm 0.84 i_ptm 0.36 energy -32.71
108 models [3] recycles 0 hard 0 soft 0 temp 0.86 loss 2.27 i_con 3.86 plddt 0.33 ptm 0.86 i_ptm 0.41 energy -33.30
109 models [0] recycles 0 hard 0 soft 0 temp 0.84 loss 3.03 i_con 4.66 plddt 0.27 ptm 0.83 i_ptm 0.14 energy -34.12
110 models [0] recycles 0 hard 0 soft 0 temp 0.82 loss 2.40 i_con 4.03 plddt 0.32 ptm 0.84 i_ptm 0.36 energy -34.01
111 models [4] recycles 0 hard 0 soft 0 temp 0.80 loss 2.21 i_con 3.89 plddt 0.34 ptm 0.88 i_ptm 0.42 energy -34.92
112 models [1] recycles 0 hard 0 soft 0 temp 0.78 loss 4.28 i_con 6.01 plddt 0.25 ptm 0.86 i_ptm 0.16 energy -35.93
113 models [0] recycles 0 hard 0 soft 0 temp 0.76 loss 2.16 i_con 3.91 plddt 0.32 ptm 0.84 i_ptm 0.42 energy -36.32
114 models [4] recycles 0 hard 0 soft 0 temp 0.74 loss 2.09 i_con 3.86 plddt 0.31 ptm 0.88 i_ptm 0.42 energy -36.75
115 models [4] recycles 0 hard 0 soft 0 temp 0.72 loss 2.89 i_con 4.66 plddt 0.23 ptm 0.87 i_ptm 0.17 energy -36.95
116 models [2] recycles 0 hard 0 soft 0 temp 0.70 loss 2.01 i_con 3.79 plddt 0.34 ptm 0.87 i_ptm 0.46 energy -36.97
117 models [4] recycles 0 hard 0 soft 0 temp 0.68 loss 2.03 i_con 3.86 plddt 0.32 ptm 0.88 i_ptm 0.44 energy -37.99
118 models [2] recycles 0 hard 0 soft 0 temp 0.66 loss 1.78 i_con 3.67 plddt 0.37 ptm 0.87 i_ptm 0.49 energy -38.96
119 models [1] recycles 0 hard 0 soft 0 temp 0.64 loss 3.43 i_con 5.38 plddt 0.23 ptm 0.86 i_ptm 0.15 energy -40.55
120 models [3] recycles 0 hard 0 soft 0 temp 0.62 loss 1.97 i_con 3.93 plddt 0.31 ptm 0.85 i_ptm 0.38 energy -40.53
121 models [1] recycles 0 hard 0 soft 0 temp 0.60 loss 3.31 i_con 5.27 plddt 0.25 ptm 0.86 i_ptm 0.14 energy -40.72
122 models [3] recycles 0 hard 0 soft 0 temp 0.58 loss 1.80 i_con 3.78 plddt 0.34 ptm 0.86 i_ptm 0.44 energy -40.75
123 models [3] recycles 0 hard 0 soft 0 temp 0.56 loss 1.78 i_con 3.78 plddt 0.34 ptm 0.86 i_ptm 0.43 energy -41.41
124 models [2] recycles 0 hard 0 soft 0 temp 0.54 loss 1.75 i_con 3.79 plddt 0.33 ptm 0.87 i_ptm 0.44 energy -42.15
125 models [3] recycles 0 hard 0 soft 0 temp 0.52 loss 1.67 i_con 3.74 plddt 0.34 ptm 0.86 i_ptm 0.45 energy -42.82
126 models [2] recycles 0 hard 0 soft 0 temp 0.50 loss 1.54 i_con 3.70 plddt 0.36 ptm 0.87 i_ptm 0.48 energy -44.38
127 models [3] recycles 0 hard 0 soft 0 temp 0.48 loss 1.64 i_con 3.85 plddt 0.32 ptm 0.86 i_ptm 0.44 energy -45.44
128 models [3] recycles 0 hard 0 soft 0 temp 0.46 loss 1.53 i_con 3.76 plddt 0.34 ptm 0.86 i_ptm 0.45 energy -45.86
129 models [0] recycles 0 hard 0 soft 0 temp 0.44 loss 1.59 i_con 3.89 plddt 0.33 ptm 0.85 i_ptm 0.40 energy -47.22
130 models [2] recycles 0 hard 0 soft 0 temp 0.42 loss 1.22 i_con 3.58 plddt 0.38 ptm 0.88 i_ptm 0.53 energy -48.44
131 models [3] recycles 0 hard 0 soft 0 temp 0.40 loss 1.36 i_con 3.78 plddt 0.34 ptm 0.86 i_ptm 0.44 energy -49.75
132 models [3] recycles 0 hard 0 soft 0 temp 0.38 loss 1.29 i_con 3.77 plddt 0.32 ptm 0.86 i_ptm 0.44 energy -50.94
133 models [1] recycles 0 hard 0 soft 0 temp 0.36 loss 2.80 i_con 5.32 plddt 0.25 ptm 0.86 i_ptm 0.15 energy -51.85
134 models [4] recycles 0 hard 0 soft 0 temp 0.34 loss 1.46 i_con 3.99 plddt 0.29 ptm 0.87 i_ptm 0.35 energy -51.98
135 models [4] recycles 0 hard 0 soft 0 temp 0.32 loss 1.27 i_con 3.80 plddt 0.31 ptm 0.89 i_ptm 0.42 energy -51.92
136 models [1] recycles 0 hard 0 soft 0 temp 0.30 loss 2.62 i_con 5.19 plddt 0.24 ptm 0.85 i_ptm 0.16 energy -52.89
137 models [2] recycles 0 hard 0 soft 0 temp 0.28 loss 2.38 i_con 4.95 plddt 0.23 ptm 0.84 i_ptm 0.11 energy -52.90
138 models [0] recycles 0 hard 0 soft 0 temp 0.26 loss 1.40 i_con 3.96 plddt 0.31 ptm 0.84 i_ptm 0.36 energy -52.74
139 models [1] recycles 0 hard 0 soft 0 temp 0.24 loss 2.55 i_con 5.16 plddt 0.23 ptm 0.85 i_ptm 0.14 energy -53.65
140 models [2] recycles 0 hard 0 soft 0 temp 0.22 loss 1.20 i_con 3.83 plddt 0.32 ptm 0.87 i_ptm 0.40 energy -53.93
141 models [4] recycles 0 hard 0 soft 0 temp 0.20 loss 2.23 i_con 4.89 plddt 0.24 ptm 0.87 i_ptm 0.16 energy -54.74
142 models [4] recycles 0 hard 0 soft 0 temp 0.18 loss 1.31 i_con 3.98 plddt 0.27 ptm 0.88 i_ptm 0.34 energy -54.80
143 models [3] recycles 0 hard 0 soft 0 temp 0.16 loss 1.05 i_con 3.76 plddt 0.35 ptm 0.86 i_ptm 0.46 energy -55.40
144 models [2] recycles 0 hard 0 soft 0 temp 0.14 loss 1.03 i_con 3.76 plddt 0.35 ptm 0.87 i_ptm 0.48 energy -55.82
145 models [3] recycles 0 hard 0 soft 0 temp 0.12 loss 1.05 i_con 3.81 plddt 0.33 ptm 0.86 i_ptm 0.42 energy -56.63
146 models [4] recycles 0 hard 0 soft 0 temp 0.10 loss 1.05 i_con 3.88 plddt 0.30 ptm 0.88 i_ptm 0.40 energy -57.91
147 models [0] recycles 0 hard 0 soft 0 temp 0.08 loss 1.11 i_con 3.99 plddt 0.29 ptm 0.84 i_ptm 0.35 energy -58.89
148 models [4] recycles 0 hard 0 soft 0 temp 0.06 loss 0.89 i_con 3.82 plddt 0.31 ptm 0.88 i_ptm 0.41 energy -59.86
149 models [3] recycles 0 hard 0 soft 0 temp 0.04 loss 0.82 i_con 3.80 plddt 0.31 ptm 0.86 i_ptm 0.43 energy -60.85
150 models [0] recycles 0 hard 0 soft 0 temp 0.02 loss 0.94 i_con 3.92 plddt 0.35 ptm 0.84 i_ptm 0.41 energy -60.78
151 models [2] recycles 0 hard 1 soft 0 temp 0.00 loss 1.04 i_con 4.50 plddt 0.24 ptm 0.85 i_ptm 0.23 energy -7.08
152 models [3] recycles 0 hard 1 soft 0 temp 0.00 loss 0.90 i_con 4.37 plddt 0.28 ptm 0.85 i_ptm 0.31 energy -7.08
153 models [1] recycles 0 hard 1 soft 0 temp 0.00 loss 1.28 i_con 4.75 plddt 0.26 ptm 0.85 i_ptm 0.21 energy -7.08
154 models [2] recycles 0 hard 1 soft 0 temp 0.00 loss 1.04 i_con 4.50 plddt 0.24 ptm 0.85 i_ptm 0.23 energy -7.08
155 models [3] recycles 0 hard 1 soft 0 temp 0.00 loss 0.90 i_con 4.37 plddt 0.28 ptm 0.85 i_ptm 0.31 energy -7.08
156 models [4] recycles 0 hard 1 soft 0 temp 0.00 loss 1.57 i_con 5.03 plddt 0.21 ptm 0.87 i_ptm 0.22 energy -7.08
157 models [2] recycles 0 hard 1 soft 0 temp 0.00 loss 1.04 i_con 4.50 plddt 0.24 ptm 0.85 i_ptm 0.23 energy -7.08
158 models [4] recycles 0 hard 1 soft 0 temp 0.00 loss 1.57 i_con 5.03 plddt 0.21 ptm 0.87 i_ptm 0.22 energy -7.08
159 models [2] recycles 0 hard 1 soft 0 temp 0.00 loss 1.04 i_con 4.50 plddt 0.24 ptm 0.85 i_ptm 0.23 energy -7.08
160 models [4] recycles 0 hard 1 soft 0 temp 0.00 loss 1.57 i_con 5.03 plddt 0.21 ptm 0.87 i_ptm 0.22 energy -7.08
161 models [1] recycles 0 hard 1 soft 0 temp 0.00 loss 1.28 i_con 4.75 plddt 0.26 ptm 0.85 i_ptm 0.21 energy -7.08
162 models [2] recycles 0 hard 1 soft 0 temp 0.00 loss 1.04 i_con 4.50 plddt 0.24 ptm 0.85 i_ptm 0.23 energy -7.08
163 models [1] recycles 0 hard 1 soft 0 temp 0.00 loss 1.28 i_con 4.75 plddt 0.26 ptm 0.85 i_ptm 0.21 energy -7.08
164 models [0] recycles 0 hard 1 soft 0 temp 0.00 loss 0.49 i_con 3.96 plddt 0.28 ptm 0.83 i_ptm 0.38 energy -7.08
165 models [2] recycles 0 hard 1 soft 0 temp 0.00 loss 1.04 i_con 4.50 plddt 0.24 ptm 0.85 i_ptm 0.23 energy -7.08
166 models [4] recycles 0 hard 1 soft 0 temp 0.00 loss 1.57 i_con 5.03 plddt 0.21 ptm 0.87 i_ptm 0.22 energy -7.08
167 models [0] recycles 0 hard 1 soft 0 temp 0.00 loss 0.49 i_con 3.96 plddt 0.28 ptm 0.83 i_ptm 0.38 energy -7.08
168 models [4] recycles 0 hard 1 soft 0 temp 0.00 loss 1.57 i_con 5.03 plddt 0.21 ptm 0.87 i_ptm 0.22 energy -7.08
169 models [0] recycles 0 hard 1 soft 0 temp 0.00 loss 0.49 i_con 3.96 plddt 0.28 ptm 0.83 i_ptm 0.38 energy -7.08
170 models [4] recycles 0 hard 1 soft 0 temp 0.00 loss 1.57 i_con 5.03 plddt 0.21 ptm 0.87 i_ptm 0.22 energy -7.08
171 models [0] recycles 0 hard 1 soft 0 temp 0.00 loss 0.49 i_con 3.96 plddt 0.28 ptm 0.83 i_ptm 0.38 energy -7.08
172 models [0] recycles 0 hard 1 soft 0 temp 0.00 loss 0.49 i_con 3.96 plddt 0.28 ptm 0.83 i_ptm 0.38 energy -7.08
173 models [3] recycles 0 hard 1 soft 0 temp 0.00 loss 0.90 i_con 4.37 plddt 0.28 ptm 0.85 i_ptm 0.31 energy -7.08
174 models [3] recycles 0 hard 1 soft 0 temp 0.00 loss 0.90 i_con 4.37 plddt 0.28 ptm 0.85 i_ptm 0.31 energy -7.08
175 models [4] recycles 0 hard 1 soft 0 temp 0.00 loss 1.57 i_con 5.03 plddt 0.21 ptm 0.87 i_ptm 0.22 energy -7.08
176 models [0] recycles 0 hard 1 soft 0 temp 0.00 loss 0.49 i_con 3.96 plddt 0.28 ptm 0.83 i_ptm 0.38 energy -7.08
177 models [0] recycles 0 hard 1 soft 0 temp 0.00 loss 0.49 i_con 3.96 plddt 0.28 ptm 0.83 i_ptm 0.38 energy -7.08
178 models [1] recycles 0 hard 1 soft 0 temp 0.00 loss 1.28 i_con 4.75 plddt 0.26 ptm 0.85 i_ptm 0.21 energy -7.08
179 models [2] recycles 0 hard 1 soft 0 temp 0.00 loss 1.04 i_con 4.50 plddt 0.24 ptm 0.85 i_ptm 0.23 energy -7.08
180 models [2] recycles 0 hard 1 soft 0 temp 0.00 loss 1.04 i_con 4.50 plddt 0.24 ptm 0.85 i_ptm 0.23 energy -7.08
  seq=AIGPPWWQLNYYAFG  loss=1.0393  loss_af=4.5784  energy=-7.0783  i_ptm=0.2290
[6/30] seed=5 ...
1 models [0] recycles 0 hard 0 soft 1 temp 1 loss 4.62 i_con 4.18 plddt 0.28 ptm 0.84 i_ptm 0.31 energy 7.39
2 models [3] recycles 0 hard 0 soft 1 temp 1 loss 4.23 i_con 3.81 plddt 0.36 ptm 0.86 i_ptm 0.44 energy 7.04
3 models [1] recycles 0 hard 0 soft 1 temp 1 loss 5.11 i_con 4.70 plddt 0.21 ptm 0.86 i_ptm 0.17 energy 6.48
4 models [0] recycles 0 hard 0 soft 1 temp 1 loss 4.51 i_con 4.12 plddt 0.32 ptm 0.84 i_ptm 0.30 energy 6.42
5 models [4] recycles 0 hard 0 soft 1 temp 1 loss 4.72 i_con 4.34 plddt 0.25 ptm 0.87 i_ptm 0.23 energy 6.04
6 models [1] recycles 0 hard 0 soft 1 temp 1 loss 4.69 i_con 4.32 plddt 0.23 ptm 0.86 i_ptm 0.22 energy 5.84
7 models [0] recycles 0 hard 0 soft 1 temp 1 loss 4.40 i_con 4.04 plddt 0.29 ptm 0.84 i_ptm 0.35 energy 5.71
8 models [4] recycles 0 hard 0 soft 1 temp 1 loss 4.42 i_con 4.09 plddt 0.30 ptm 0.87 i_ptm 0.34 energy 5.20
9 models [0] recycles 0 hard 0 soft 1 temp 1 loss 4.07 i_con 3.78 plddt 0.39 ptm 0.86 i_ptm 0.48 energy 4.59
10 models [3] recycles 0 hard 0 soft 1 temp 1 loss 3.92 i_con 3.65 plddt 0.40 ptm 0.87 i_ptm 0.52 energy 4.12
11 models [0] recycles 0 hard 0 soft 1 temp 1 loss 4.24 i_con 3.99 plddt 0.34 ptm 0.85 i_ptm 0.43 energy 3.75
12 models [0] recycles 0 hard 0 soft 1 temp 1 loss 4.10 i_con 3.87 plddt 0.39 ptm 0.85 i_ptm 0.47 energy 3.51
13 models [3] recycles 0 hard 0 soft 1 temp 1 loss 4.21 i_con 3.97 plddt 0.31 ptm 0.85 i_ptm 0.35 energy 3.28
14 models [4] recycles 0 hard 0 soft 1 temp 1 loss 4.29 i_con 4.06 plddt 0.28 ptm 0.88 i_ptm 0.33 energy 3.24
15 models [0] recycles 0 hard 0 soft 1 temp 1 loss 3.92 i_con 3.72 plddt 0.43 ptm 0.86 i_ptm 0.56 energy 2.97
16 models [2] recycles 0 hard 0 soft 1 temp 1 loss 4.01 i_con 3.82 plddt 0.35 ptm 0.87 i_ptm 0.46 energy 2.49
17 models [3] recycles 0 hard 0 soft 1 temp 1 loss 3.89 i_con 3.72 plddt 0.40 ptm 0.86 i_ptm 0.48 energy 2.18
18 models [1] recycles 0 hard 0 soft 1 temp 1 loss 4.71 i_con 4.53 plddt 0.21 ptm 0.86 i_ptm 0.15 energy 2.00
19 models [1] recycles 0 hard 0 soft 1 temp 1 loss 4.22 i_con 4.06 plddt 0.29 ptm 0.87 i_ptm 0.31 energy 1.92
20 models [1] recycles 0 hard 0 soft 1 temp 1 loss 4.23 i_con 4.07 plddt 0.29 ptm 0.87 i_ptm 0.32 energy 1.81
21 models [2] recycles 0 hard 0 soft 1 temp 1 loss 4.02 i_con 3.88 plddt 0.35 ptm 0.87 i_ptm 0.44 energy 1.62
22 models [2] recycles 0 hard 0 soft 1 temp 1 loss 3.94 i_con 3.80 plddt 0.35 ptm 0.87 i_ptm 0.46 energy 1.52
23 models [0] recycles 0 hard 0 soft 1 temp 1 loss 3.91 i_con 3.78 plddt 0.41 ptm 0.85 i_ptm 0.52 energy 1.25
24 models [1] recycles 0 hard 0 soft 1 temp 1 loss 4.20 i_con 4.07 plddt 0.26 ptm 0.87 i_ptm 0.30 energy 1.06
25 models [0] recycles 0 hard 0 soft 1 temp 1 loss 3.93 i_con 3.82 plddt 0.35 ptm 0.85 i_ptm 0.44 energy 0.79
26 models [3] recycles 0 hard 0 soft 1 temp 1 loss 3.69 i_con 3.60 plddt 0.42 ptm 0.86 i_ptm 0.54 energy 0.58
27 models [4] recycles 0 hard 0 soft 1 temp 1 loss 3.85 i_con 3.76 plddt 0.38 ptm 0.89 i_ptm 0.50 energy 0.45
28 models [1] recycles 0 hard 0 soft 1 temp 1 loss 4.15 i_con 4.08 plddt 0.29 ptm 0.86 i_ptm 0.29 energy 0.17
29 models [0] recycles 0 hard 0 soft 1 temp 1 loss 3.91 i_con 3.85 plddt 0.40 ptm 0.85 i_ptm 0.45 energy -0.00
30 models [1] recycles 0 hard 0 soft 1 temp 1 loss 4.58 i_con 4.51 plddt 0.23 ptm 0.86 i_ptm 0.15 energy -0.15
31 models [1] recycles 0 hard 0 soft 1 temp 1 loss 4.74 i_con 4.66 plddt 0.24 ptm 0.86 i_ptm 0.13 energy -0.08
32 models [4] recycles 0 hard 0 soft 1 temp 1 loss 3.88 i_con 3.83 plddt 0.35 ptm 0.88 i_ptm 0.43 energy -0.19
33 models [4] recycles 0 hard 0 soft 1 temp 1 loss 3.68 i_con 3.64 plddt 0.41 ptm 0.89 i_ptm 0.53 energy -0.37
34 models [4] recycles 0 hard 0 soft 1 temp 1 loss 3.61 i_con 3.58 plddt 0.43 ptm 0.89 i_ptm 0.57 energy -0.60
35 models [4] recycles 0 hard 0 soft 1 temp 1 loss 3.84 i_con 3.80 plddt 0.32 ptm 0.88 i_ptm 0.43 energy -0.50
36 models [2] recycles 0 hard 0 soft 1 temp 1 loss 3.70 i_con 3.69 plddt 0.43 ptm 0.87 i_ptm 0.53 energy -0.81
37 models [3] recycles 0 hard 0 soft 1 temp 1 loss 3.68 i_con 3.67 plddt 0.40 ptm 0.87 i_ptm 0.54 energy -0.91
38 models [1] recycles 0 hard 0 soft 1 temp 1 loss 3.83 i_con 3.82 plddt 0.34 ptm 0.87 i_ptm 0.44 energy -1.12
39 models [3] recycles 0 hard 0 soft 1 temp 1 loss 3.45 i_con 3.46 plddt 0.49 ptm 0.87 i_ptm 0.62 energy -1.25
40 models [4] recycles 0 hard 0 soft 1 temp 1 loss 3.70 i_con 3.70 plddt 0.39 ptm 0.88 i_ptm 0.51 energy -1.31
41 models [3] recycles 0 hard 0 soft 1 temp 1 loss 3.64 i_con 3.65 plddt 0.42 ptm 0.86 i_ptm 0.52 energy -1.50
42 models [3] recycles 0 hard 0 soft 1 temp 1 loss 3.60 i_con 3.62 plddt 0.44 ptm 0.87 i_ptm 0.56 energy -1.55
43 models [2] recycles 0 hard 0 soft 1 temp 1 loss 3.59 i_con 3.62 plddt 0.44 ptm 0.87 i_ptm 0.55 energy -1.84
44 models [3] recycles 0 hard 0 soft 1 temp 1 loss 3.49 i_con 3.52 plddt 0.44 ptm 0.87 i_ptm 0.56 energy -1.82
45 models [3] recycles 0 hard 0 soft 1 temp 1 loss 3.54 i_con 3.58 plddt 0.47 ptm 0.87 i_ptm 0.57 energy -1.88
46 models [2] recycles 0 hard 0 soft 1 temp 1 loss 3.63 i_con 3.67 plddt 0.44 ptm 0.87 i_ptm 0.53 energy -1.96
47 models [0] recycles 0 hard 0 soft 1 temp 1 loss 3.76 i_con 3.80 plddt 0.43 ptm 0.85 i_ptm 0.46 energy -2.08
48 models [3] recycles 0 hard 0 soft 1 temp 1 loss 3.53 i_con 3.58 plddt 0.46 ptm 0.87 i_ptm 0.58 energy -2.13
49 models [0] recycles 0 hard 0 soft 1 temp 1 loss 3.82 i_con 3.86 plddt 0.35 ptm 0.85 i_ptm 0.39 energy -2.17
50 models [4] recycles 0 hard 0 soft 1 temp 1 loss 3.56 i_con 3.60 plddt 0.38 ptm 0.89 i_ptm 0.52 energy -2.21
51 models [2] recycles 0 hard 0 soft 1 temp 1 loss 3.38 i_con 3.76 plddt 0.36 ptm 0.87 i_ptm 0.48 energy -2.22
52 models [2] recycles 0 hard 0 soft 1 temp 1 loss 3.27 i_con 3.70 plddt 0.39 ptm 0.87 i_ptm 0.50 energy -2.44
53 models [1] recycles 0 hard 0 soft 1 temp 1 loss 3.54 i_con 3.98 plddt 0.34 ptm 0.87 i_ptm 0.36 energy -2.54
54 models [0] recycles 0 hard 0 soft 1 temp 1 loss 3.28 i_con 3.75 plddt 0.42 ptm 0.85 i_ptm 0.49 energy -2.64
55 models [4] recycles 0 hard 0 soft 1 temp 1 loss 3.26 i_con 3.74 plddt 0.37 ptm 0.88 i_ptm 0.48 energy -2.73
56 models [1] recycles 0 hard 0 soft 1 temp 1 loss 3.40 i_con 3.94 plddt 0.33 ptm 0.87 i_ptm 0.39 energy -3.02
57 models [0] recycles 0 hard 0 soft 1 temp 1 loss 3.14 i_con 3.72 plddt 0.42 ptm 0.85 i_ptm 0.47 energy -3.20
58 models [0] recycles 0 hard 0 soft 1 temp 1 loss 2.93 i_con 3.55 plddt 0.51 ptm 0.86 i_ptm 0.58 energy -3.32
59 models [4] recycles 0 hard 0 soft 1 temp 1 loss 3.05 i_con 3.68 plddt 0.37 ptm 0.89 i_ptm 0.49 energy -3.46
60 models [2] recycles 0 hard 0 soft 1 temp 1 loss 2.60 i_con 3.26 plddt 0.58 ptm 0.88 i_ptm 0.69 energy -3.53
61 models [1] recycles 0 hard 0 soft 1 temp 1 loss 3.50 i_con 4.12 plddt 0.29 ptm 0.87 i_ptm 0.29 energy -3.43
62 models [0] recycles 0 hard 0 soft 1 temp 1 loss 3.08 i_con 3.72 plddt 0.44 ptm 0.85 i_ptm 0.50 energy -3.50
63 models [2] recycles 0 hard 0 soft 1 temp 1 loss 3.25 i_con 3.90 plddt 0.38 ptm 0.86 i_ptm 0.42 energy -3.56
64 models [2] recycles 0 hard 0 soft 1 temp 1 loss 2.94 i_con 3.60 plddt 0.47 ptm 0.87 i_ptm 0.55 energy -3.55
65 models [3] recycles 0 hard 0 soft 1 temp 1 loss 4.07 i_con 4.74 plddt 0.28 ptm 0.84 i_ptm 0.17 energy -3.71
66 models [0] recycles 0 hard 0 soft 1 temp 1 loss 3.00 i_con 3.67 plddt 0.44 ptm 0.85 i_ptm 0.53 energy -3.61
67 models [4] recycles 0 hard 0 soft 1 temp 1 loss 3.06 i_con 3.76 plddt 0.39 ptm 0.88 i_ptm 0.50 energy -3.77
68 models [0] recycles 0 hard 0 soft 1 temp 1 loss 2.61 i_con 3.33 plddt 0.55 ptm 0.87 i_ptm 0.66 energy -3.80
69 models [4] recycles 0 hard 0 soft 1 temp 1 loss 2.96 i_con 3.66 plddt 0.39 ptm 0.89 i_ptm 0.51 energy -3.77
70 models [3] recycles 0 hard 0 soft 1 temp 1 loss 2.94 i_con 3.67 plddt 0.44 ptm 0.86 i_ptm 0.54 energy -3.96
71 models [2] recycles 0 hard 0 soft 1 temp 1 loss 2.95 i_con 3.71 plddt 0.42 ptm 0.87 i_ptm 0.51 energy -4.10
72 models [2] recycles 0 hard 0 soft 1 temp 1 loss 2.90 i_con 3.68 plddt 0.45 ptm 0.87 i_ptm 0.53 energy -4.14
73 models [0] recycles 0 hard 0 soft 1 temp 1 loss 3.02 i_con 3.79 plddt 0.44 ptm 0.85 i_ptm 0.47 energy -4.13
74 models [2] recycles 0 hard 0 soft 1 temp 1 loss 2.86 i_con 3.64 plddt 0.44 ptm 0.87 i_ptm 0.53 energy -4.19
75 models [1] recycles 0 hard 0 soft 1 temp 1 loss 3.32 i_con 4.11 plddt 0.30 ptm 0.86 i_ptm 0.29 energy -4.30
76 models [0] recycles 0 hard 0 soft 1 temp 1 loss 2.96 i_con 3.73 plddt 0.44 ptm 0.85 i_ptm 0.49 energy -4.15
77 models [3] recycles 0 hard 0 soft 1 temp 1 loss 2.79 i_con 3.60 plddt 0.46 ptm 0.87 i_ptm 0.58 energy -4.30
78 models [3] recycles 0 hard 0 soft 1 temp 1 loss 2.94 i_con 3.77 plddt 0.37 ptm 0.87 i_ptm 0.50 energy -4.47
79 models [3] recycles 0 hard 0 soft 1 temp 1 loss 2.77 i_con 3.63 plddt 0.46 ptm 0.87 i_ptm 0.57 energy -4.57
80 models [1] recycles 0 hard 0 soft 1 temp 1 loss 3.63 i_con 4.48 plddt 0.25 ptm 0.85 i_ptm 0.16 energy -4.59
81 models [2] recycles 0 hard 0 soft 1 temp 1 loss 2.74 i_con 3.59 plddt 0.46 ptm 0.87 i_ptm 0.56 energy -4.50
82 models [3] recycles 0 hard 0 soft 1 temp 1 loss 4.11 i_con 4.94 plddt 0.30 ptm 0.85 i_ptm 0.19 energy -4.49
83 models [1] recycles 0 hard 0 soft 1 temp 1 loss 3.89 i_con 4.69 plddt 0.24 ptm 0.85 i_ptm 0.12 energy -4.40
84 models [1] recycles 0 hard 0 soft 1 temp 1 loss 4.35 i_con 5.14 plddt 0.24 ptm 0.85 i_ptm 0.11 energy -4.32
85 models [0] recycles 0 hard 0 soft 1 temp 1 loss 2.76 i_con 3.57 plddt 0.51 ptm 0.86 i_ptm 0.59 energy -4.31
86 models [3] recycles 0 hard 0 soft 1 temp 1 loss 2.78 i_con 3.58 plddt 0.42 ptm 0.87 i_ptm 0.56 energy -4.27
87 models [1] recycles 0 hard 0 soft 1 temp 1 loss 3.05 i_con 3.85 plddt 0.38 ptm 0.87 i_ptm 0.46 energy -4.29
88 models [0] recycles 0 hard 0 soft 1 temp 1 loss 2.90 i_con 3.72 plddt 0.47 ptm 0.86 i_ptm 0.53 energy -4.40
89 models [1] recycles 0 hard 0 soft 1 temp 1 loss 3.83 i_con 4.66 plddt 0.26 ptm 0.85 i_ptm 0.15 energy -4.51
90 models [2] recycles 0 hard 0 soft 1 temp 1 loss 2.81 i_con 3.64 plddt 0.44 ptm 0.87 i_ptm 0.57 energy -4.44
91 models [2] recycles 0 hard 0 soft 1 temp 1 loss 2.68 i_con 3.52 plddt 0.45 ptm 0.87 i_ptm 0.62 energy -4.47
92 models [4] recycles 0 hard 0 soft 1 temp 1 loss 2.78 i_con 3.64 plddt 0.42 ptm 0.89 i_ptm 0.55 energy -4.58
93 models [4] recycles 0 hard 0 soft 1 temp 1 loss 2.82 i_con 3.70 plddt 0.38 ptm 0.89 i_ptm 0.51 energy -4.69
94 models [4] recycles 0 hard 0 soft 1 temp 1 loss 2.83 i_con 3.72 plddt 0.40 ptm 0.89 i_ptm 0.53 energy -4.73
95 models [3] recycles 0 hard 0 soft 1 temp 1 loss 2.48 i_con 3.40 plddt 0.54 ptm 0.87 i_ptm 0.67 energy -4.82
96 models [0] recycles 0 hard 0 soft 1 temp 1 loss 2.79 i_con 3.70 plddt 0.48 ptm 0.86 i_ptm 0.54 energy -4.83
97 models [2] recycles 0 hard 0 soft 1 temp 1 loss 2.77 i_con 3.69 plddt 0.46 ptm 0.87 i_ptm 0.55 energy -4.87
98 models [3] recycles 0 hard 0 soft 1 temp 1 loss 3.92 i_con 4.82 plddt 0.26 ptm 0.84 i_ptm 0.15 energy -4.90
99 models [1] recycles 0 hard 0 soft 1 temp 1 loss 4.23 i_con 5.12 plddt 0.25 ptm 0.86 i_ptm 0.14 energy -4.84
100 models [4] recycles 0 hard 0 soft 1 temp 1 loss 3.30 i_con 4.20 plddt 0.33 ptm 0.87 i_ptm 0.28 energy -4.81
101 models [1] recycles 0 hard 0 soft 0 temp 1 loss 5.43 i_con 6.44 plddt 0.28 ptm 0.86 i_ptm 0.20 energy -21.63
102 models [1] recycles 0 hard 0 soft 0 temp 0.98 loss 5.05 i_con 6.06 plddt 0.25 ptm 0.85 i_ptm 0.15 energy -21.75
103 models [3] recycles 0 hard 0 soft 0 temp 0.96 loss 2.71 i_con 3.73 plddt 0.28 ptm 0.35 i_ptm 0.64 energy -21.86
104 models [3] recycles 0 hard 0 soft 0 temp 0.94 loss 1.52 i_con 2.54 plddt 0.27 ptm 0.59 i_ptm 0.81 energy -21.89
105 models [3] recycles 0 hard 0 soft 0 temp 0.92 loss 2.80 i_con 3.80 plddt 0.19 ptm 0.27 i_ptm 0.36 energy -21.66
106 models [4] recycles 0 hard 0 soft 0 temp 0.90 loss 2.64 i_con 3.63 plddt 0.17 ptm 0.33 i_ptm 0.47 energy -21.66
107 models [2] recycles 0 hard 0 soft 0 temp 0.88 loss 2.08 i_con 3.10 plddt 0.27 ptm 0.35 i_ptm 0.45 energy -21.70
108 models [1] recycles 0 hard 0 soft 0 temp 0.86 loss 4.99 i_con 6.00 plddt 0.28 ptm 0.85 i_ptm 0.16 energy -21.66
109 models [3] recycles 0 hard 0 soft 0 temp 0.84 loss 2.03 i_con 3.04 plddt 0.27 ptm 0.44 i_ptm 0.53 energy -21.68
110 models [3] recycles 0 hard 0 soft 0 temp 0.82 loss 1.77 i_con 2.79 plddt 0.29 ptm 0.62 i_ptm 0.71 energy -21.78
111 models [4] recycles 0 hard 0 soft 0 temp 0.80 loss 3.37 i_con 4.40 plddt 0.19 ptm 0.17 i_ptm 0.60 energy -22.15
112 models [0] recycles 0 hard 0 soft 0 temp 0.78 loss 2.09 i_con 3.13 plddt 0.29 ptm 0.42 i_ptm 0.50 energy -22.24
113 models [1] recycles 0 hard 0 soft 0 temp 0.76 loss 2.51 i_con 3.55 plddt 0.24 ptm 0.36 i_ptm 0.58 energy -22.22
114 models [4] recycles 0 hard 0 soft 0 temp 0.74 loss 3.26 i_con 4.30 plddt 0.22 ptm 0.15 i_ptm 0.36 energy -22.28
115 models [4] recycles 0 hard 0 soft 0 temp 0.72 loss 3.61 i_con 4.64 plddt 0.13 ptm 0.12 i_ptm 0.39 energy -22.29
116 models [4] recycles 0 hard 0 soft 0 temp 0.70 loss 3.84 i_con 4.87 plddt 0.18 ptm 0.63 i_ptm 0.36 energy -22.27
117 models [2] recycles 0 hard 0 soft 0 temp 0.68 loss 1.02 i_con 2.06 plddt 0.29 ptm 0.49 i_ptm 0.65 energy -22.22
118 models [2] recycles 0 hard 0 soft 0 temp 0.66 loss 2.20 i_con 3.25 plddt 0.29 ptm 0.53 i_ptm 0.66 energy -22.32
119 models [3] recycles 0 hard 0 soft 0 temp 0.64 loss 0.75 i_con 1.79 plddt 0.31 ptm 0.64 i_ptm 0.67 energy -22.26
120 models [1] recycles 0 hard 0 soft 0 temp 0.62 loss 3.67 i_con 4.70 plddt 0.21 ptm 0.14 i_ptm 0.14 energy -22.20
121 models [4] recycles 0 hard 0 soft 0 temp 0.60 loss 2.85 i_con 3.88 plddt 0.19 ptm 0.26 i_ptm 0.58 energy -22.22
122 models [3] recycles 0 hard 0 soft 0 temp 0.58 loss 0.93 i_con 1.96 plddt 0.29 ptm 0.69 i_ptm 0.73 energy -22.04
123 models [0] recycles 0 hard 0 soft 0 temp 0.56 loss 2.56 i_con 3.59 plddt 0.29 ptm 0.29 i_ptm 0.50 energy -22.12
124 models [1] recycles 0 hard 0 soft 0 temp 0.54 loss 4.58 i_con 5.60 plddt 0.25 ptm 0.77 i_ptm 0.09 energy -21.91
125 models [1] recycles 0 hard 0 soft 0 temp 0.52 loss 2.16 i_con 3.20 plddt 0.32 ptm 0.24 i_ptm 0.44 energy -22.20
126 models [4] recycles 0 hard 0 soft 0 temp 0.50 loss 1.13 i_con 2.16 plddt 0.28 ptm 0.59 i_ptm 0.80 energy -22.02
127 models [1] recycles 0 hard 0 soft 0 temp 0.48 loss 3.02 i_con 4.05 plddt 0.21 ptm 0.22 i_ptm 0.43 energy -22.22
128 models [4] recycles 0 hard 0 soft 0 temp 0.46 loss 0.60 i_con 1.63 plddt 0.25 ptm 0.70 i_ptm 0.79 energy -22.15
129 models [4] recycles 0 hard 0 soft 0 temp 0.44 loss 1.54 i_con 2.57 plddt 0.31 ptm 0.63 i_ptm 0.77 energy -21.98
130 models [3] recycles 0 hard 0 soft 0 temp 0.42 loss 0.98 i_con 2.03 plddt 0.42 ptm 0.75 i_ptm 0.79 energy -22.16
131 models [3] recycles 0 hard 0 soft 0 temp 0.40 loss 0.53 i_con 1.58 plddt 0.35 ptm 0.77 i_ptm 0.82 energy -22.30
132 models [1] recycles 0 hard 0 soft 0 temp 0.38 loss 2.42 i_con 3.45 plddt 0.19 ptm 0.46 i_ptm 0.61 energy -22.18
133 models [4] recycles 0 hard 0 soft 0 temp 0.36 loss 1.22 i_con 2.27 plddt 0.20 ptm 0.66 i_ptm 0.83 energy -22.47
134 models [4] recycles 0 hard 0 soft 0 temp 0.34 loss 0.77 i_con 1.82 plddt 0.28 ptm 0.65 i_ptm 0.76 energy -22.40
135 models [2] recycles 0 hard 0 soft 0 temp 0.32 loss 2.55 i_con 3.57 plddt 0.19 ptm 0.29 i_ptm 0.48 energy -22.13
136 models [3] recycles 0 hard 0 soft 0 temp 0.30 loss 0.53 i_con 1.55 plddt 0.23 ptm 0.68 i_ptm 0.76 energy -22.09
137 models [2] recycles 0 hard 0 soft 0 temp 0.28 loss 2.52 i_con 3.56 plddt 0.29 ptm 0.43 i_ptm 0.61 energy -22.31
138 models [3] recycles 0 hard 0 soft 0 temp 0.26 loss 2.40 i_con 3.43 plddt 0.25 ptm 0.48 i_ptm 0.54 energy -22.17
139 models [2] recycles 0 hard 0 soft 0 temp 0.24 loss 1.93 i_con 2.97 plddt 0.24 ptm 0.43 i_ptm 0.45 energy -22.35
140 models [0] recycles 0 hard 0 soft 0 temp 0.22 loss 2.96 i_con 4.00 plddt 0.23 ptm 0.37 i_ptm 0.47 energy -22.26
141 models [2] recycles 0 hard 0 soft 0 temp 0.20 loss 1.02 i_con 2.08 plddt 0.41 ptm 0.46 i_ptm 0.60 energy -22.31
142 models [3] recycles 0 hard 0 soft 0 temp 0.18 loss 0.03 i_con 1.07 plddt 0.24 ptm 0.81 i_ptm 0.82 energy -22.29
143 models [1] recycles 0 hard 0 soft 0 temp 0.16 loss 4.54 i_con 5.58 plddt 0.25 ptm 0.84 i_ptm 0.11 energy -22.35
144 models [3] recycles 0 hard 0 soft 0 temp 0.14 loss 1.56 i_con 2.62 plddt 0.36 ptm 0.76 i_ptm 0.77 energy -22.46
145 models [3] recycles 0 hard 0 soft 0 temp 0.12 loss 0.78 i_con 1.82 plddt 0.27 ptm 0.70 i_ptm 0.63 energy -22.27
146 models [2] recycles 0 hard 0 soft 0 temp 0.10 loss 2.57 i_con 3.61 plddt 0.25 ptm 0.31 i_ptm 0.44 energy -22.18
147 models [2] recycles 0 hard 0 soft 0 temp 0.08 loss 2.33 i_con 3.38 plddt 0.32 ptm 0.44 i_ptm 0.46 energy -22.33
148 models [0] recycles 0 hard 0 soft 0 temp 0.06 loss 3.26 i_con 4.29 plddt 0.21 ptm 0.23 i_ptm 0.31 energy -22.15
149 models [4] recycles 0 hard 0 soft 0 temp 0.04 loss 1.22 i_con 2.27 plddt 0.29 ptm 0.63 i_ptm 0.74 energy -22.43
150 models [4] recycles 0 hard 0 soft 0 temp 0.02 loss 3.43 i_con 4.47 plddt 0.18 ptm 0.21 i_ptm 0.39 energy -22.36
151 models [1] recycles 0 hard 1 soft 0 temp 0.00 loss 4.44 i_con 5.67 plddt 0.23 ptm 0.85 i_ptm 0.16 energy -2.61
152 models [3] recycles 0 hard 1 soft 0 temp 0.00 loss 2.57 i_con 3.81 plddt 0.32 ptm 0.87 i_ptm 0.49 energy -2.61
153 models [4] recycles 0 hard 1 soft 0 temp 0.00 loss 2.54 i_con 3.78 plddt 0.33 ptm 0.89 i_ptm 0.51 energy -2.61
154 models [2] recycles 0 hard 1 soft 0 temp 0.00 loss 2.38 i_con 3.62 plddt 0.42 ptm 0.88 i_ptm 0.58 energy -2.61
155 models [3] recycles 0 hard 1 soft 0 temp 0.00 loss 2.57 i_con 3.81 plddt 0.32 ptm 0.87 i_ptm 0.49 energy -2.61
156 models [1] recycles 0 hard 1 soft 0 temp 0.00 loss 4.44 i_con 5.67 plddt 0.23 ptm 0.85 i_ptm 0.16 energy -2.61
157 models [0] recycles 0 hard 1 soft 0 temp 0.00 loss 2.52 i_con 3.77 plddt 0.39 ptm 0.85 i_ptm 0.51 energy -2.61
158 models [3] recycles 0 hard 1 soft 0 temp 0.00 loss 2.57 i_con 3.81 plddt 0.32 ptm 0.87 i_ptm 0.49 energy -2.61
159 models [0] recycles 0 hard 1 soft 0 temp 0.00 loss 2.52 i_con 3.77 plddt 0.39 ptm 0.85 i_ptm 0.51 energy -2.61
160 models [1] recycles 0 hard 1 soft 0 temp 0.00 loss 4.44 i_con 5.67 plddt 0.23 ptm 0.85 i_ptm 0.16 energy -2.61
161 models [0] recycles 0 hard 1 soft 0 temp 0.00 loss 2.52 i_con 3.77 plddt 0.39 ptm 0.85 i_ptm 0.51 energy -2.61
162 models [4] recycles 0 hard 1 soft 0 temp 0.00 loss 2.54 i_con 3.78 plddt 0.33 ptm 0.89 i_ptm 0.51 energy -2.61
163 models [2] recycles 0 hard 1 soft 0 temp 0.00 loss 2.38 i_con 3.62 plddt 0.42 ptm 0.88 i_ptm 0.58 energy -2.61
164 models [4] recycles 0 hard 1 soft 0 temp 0.00 loss 2.54 i_con 3.78 plddt 0.33 ptm 0.89 i_ptm 0.51 energy -2.61
165 models [0] recycles 0 hard 1 soft 0 temp 0.00 loss 2.52 i_con 3.77 plddt 0.39 ptm 0.85 i_ptm 0.51 energy -2.61
166 models [0] recycles 0 hard 1 soft 0 temp 0.00 loss 2.52 i_con 3.77 plddt 0.39 ptm 0.85 i_ptm 0.51 energy -2.61
167 models [0] recycles 0 hard 1 soft 0 temp 0.00 loss 2.52 i_con 3.77 plddt 0.39 ptm 0.85 i_ptm 0.51 energy -2.61
168 models [1] recycles 0 hard 1 soft 0 temp 0.00 loss 4.44 i_con 5.67 plddt 0.23 ptm 0.85 i_ptm 0.16 energy -2.61
169 models [4] recycles 0 hard 1 soft 0 temp 0.00 loss 2.54 i_con 3.78 plddt 0.33 ptm 0.89 i_ptm 0.51 energy -2.61
170 models [4] recycles 0 hard 1 soft 0 temp 0.00 loss 2.54 i_con 3.78 plddt 0.33 ptm 0.89 i_ptm 0.51 energy -2.61
171 models [4] recycles 0 hard 1 soft 0 temp 0.00 loss 2.54 i_con 3.78 plddt 0.33 ptm 0.89 i_ptm 0.51 energy -2.61
172 models [3] recycles 0 hard 1 soft 0 temp 0.00 loss 2.57 i_con 3.81 plddt 0.32 ptm 0.87 i_ptm 0.49 energy -2.61
173 models [4] recycles 0 hard 1 soft 0 temp 0.00 loss 2.54 i_con 3.78 plddt 0.33 ptm 0.89 i_ptm 0.51 energy -2.61
174 models [0] recycles 0 hard 1 soft 0 temp 0.00 loss 2.52 i_con 3.77 plddt 0.39 ptm 0.85 i_ptm 0.51 energy -2.61
175 models [4] recycles 0 hard 1 soft 0 temp 0.00 loss 2.54 i_con 3.78 plddt 0.33 ptm 0.89 i_ptm 0.51 energy -2.61
176 models [2] recycles 0 hard 1 soft 0 temp 0.00 loss 2.38 i_con 3.62 plddt 0.42 ptm 0.88 i_ptm 0.58 energy -2.61
177 models [2] recycles 0 hard 1 soft 0 temp 0.00 loss 2.38 i_con 3.62 plddt 0.42 ptm 0.88 i_ptm 0.58 energy -2.61
178 models [0] recycles 0 hard 1 soft 0 temp 0.00 loss 2.52 i_con 3.77 plddt 0.39 ptm 0.85 i_ptm 0.51 energy -2.61
179 models [3] recycles 0 hard 1 soft 0 temp 0.00 loss 2.57 i_con 3.81 plddt 0.32 ptm 0.87 i_ptm 0.49 energy -2.61
180 models [2] recycles 0 hard 1 soft 0 temp 0.00 loss 2.38 i_con 3.62 plddt 0.42 ptm 0.88 i_ptm 0.58 energy -2.61
  seq=TKGNAVTHVWWCCFG  loss=2.3763  loss_af=3.6808  energy=-2.6089  i_ptm=0.5846
[7/30] seed=6 ...
1 models [1] recycles 0 hard 0 soft 1 temp 1 loss 4.55 i_con 4.11 plddt 0.26 ptm 0.87 i_ptm 0.29 energy 7.40
2 models [1] recycles 0 hard 0 soft 1 temp 1 loss 4.91 i_con 4.48 plddt 0.22 ptm 0.86 i_ptm 0.20 energy 7.08
3 models [1] recycles 0 hard 0 soft 1 temp 1 loss 4.42 i_con 4.00 plddt 0.28 ptm 0.86 i_ptm 0.33 energy 7.01
4 models [2] recycles 0 hard 0 soft 1 temp 1 loss 4.46 i_con 4.06 plddt 0.27 ptm 0.86 i_ptm 0.33 energy 6.54
5 models [2] recycles 0 hard 0 soft 1 temp 1 loss 4.26 i_con 3.89 plddt 0.33 ptm 0.86 i_ptm 0.39 energy 6.09
6 models [2] recycles 0 hard 0 soft 1 temp 1 loss 4.14 i_con 3.80 plddt 0.31 ptm 0.87 i_ptm 0.42 energy 5.47
7 models [4] recycles 0 hard 0 soft 1 temp 1 loss 4.22 i_con 3.91 plddt 0.30 ptm 0.88 i_ptm 0.38 energy 4.74
8 models [2] recycles 0 hard 0 soft 1 temp 1 loss 4.08 i_con 3.81 plddt 0.32 ptm 0.86 i_ptm 0.44 energy 4.13
9 models [4] recycles 0 hard 0 soft 1 temp 1 loss 4.43 i_con 4.18 plddt 0.25 ptm 0.87 i_ptm 0.29 energy 3.49
10 models [3] recycles 0 hard 0 soft 1 temp 1 loss 4.15 i_con 3.90 plddt 0.30 ptm 0.86 i_ptm 0.37 energy 3.46
11 models [0] recycles 0 hard 0 soft 1 temp 1 loss 4.14 i_con 3.93 plddt 0.33 ptm 0.85 i_ptm 0.40 energy 2.96
12 models [1] recycles 0 hard 0 soft 1 temp 1 loss 4.29 i_con 4.09 plddt 0.27 ptm 0.87 i_ptm 0.30 energy 2.52
13 models [1] recycles 0 hard 0 soft 1 temp 1 loss 4.21 i_con 4.03 plddt 0.28 ptm 0.86 i_ptm 0.33 energy 2.22
14 models [0] recycles 0 hard 0 soft 1 temp 1 loss 4.17 i_con 4.01 plddt 0.29 ptm 0.84 i_ptm 0.33 energy 1.93
15 models [0] recycles 0 hard 0 soft 1 temp 1 loss 4.00 i_con 3.85 plddt 0.35 ptm 0.85 i_ptm 0.44 energy 1.67
16 models [4] recycles 0 hard 0 soft 1 temp 1 loss 4.05 i_con 3.91 plddt 0.31 ptm 0.88 i_ptm 0.41 energy 1.37
17 models [0] recycles 0 hard 0 soft 1 temp 1 loss 3.85 i_con 3.74 plddt 0.41 ptm 0.86 i_ptm 0.49 energy 1.06
18 models [2] recycles 0 hard 0 soft 1 temp 1 loss 3.98 i_con 3.88 plddt 0.31 ptm 0.86 i_ptm 0.40 energy 0.63
19 models [1] recycles 0 hard 0 soft 1 temp 1 loss 5.19 i_con 5.09 plddt 0.20 ptm 0.85 i_ptm 0.11 energy 0.49
20 models [0] recycles 0 hard 0 soft 1 temp 1 loss 3.88 i_con 3.80 plddt 0.40 ptm 0.86 i_ptm 0.48 energy 0.43
21 models [3] recycles 0 hard 0 soft 1 temp 1 loss 3.82 i_con 3.76 plddt 0.34 ptm 0.86 i_ptm 0.46 energy -0.05
22 models [3] recycles 0 hard 0 soft 1 temp 1 loss 3.80 i_con 3.74 plddt 0.31 ptm 0.86 i_ptm 0.42 energy -0.25
23 models [3] recycles 0 hard 0 soft 1 temp 1 loss 3.83 i_con 3.78 plddt 0.35 ptm 0.87 i_ptm 0.44 energy -0.36
24 models [0] recycles 0 hard 0 soft 1 temp 1 loss 3.96 i_con 3.93 plddt 0.32 ptm 0.85 i_ptm 0.38 energy -0.62
25 models [1] recycles 0 hard 0 soft 1 temp 1 loss 3.95 i_con 3.91 plddt 0.32 ptm 0.87 i_ptm 0.38 energy -0.74
26 models [2] recycles 0 hard 0 soft 1 temp 1 loss 3.86 i_con 3.84 plddt 0.34 ptm 0.87 i_ptm 0.43 energy -0.79
27 models [3] recycles 0 hard 0 soft 1 temp 1 loss 3.73 i_con 3.72 plddt 0.38 ptm 0.86 i_ptm 0.49 energy -1.09
28 models [4] recycles 0 hard 0 soft 1 temp 1 loss 4.52 i_con 4.50 plddt 0.24 ptm 0.87 i_ptm 0.22 energy -1.01
29 models [3] recycles 0 hard 0 soft 1 temp 1 loss 3.76 i_con 3.74 plddt 0.34 ptm 0.86 i_ptm 0.44 energy -0.96
30 models [0] recycles 0 hard 0 soft 1 temp 1 loss 3.75 i_con 3.75 plddt 0.35 ptm 0.85 i_ptm 0.46 energy -1.33
31 models [2] recycles 0 hard 0 soft 1 temp 1 loss 3.70 i_con 3.72 plddt 0.42 ptm 0.87 i_ptm 0.52 energy -1.63
32 models [0] recycles 0 hard 0 soft 1 temp 1 loss 3.76 i_con 3.78 plddt 0.35 ptm 0.86 i_ptm 0.45 energy -1.79
33 models [1] recycles 0 hard 0 soft 1 temp 1 loss 3.86 i_con 3.89 plddt 0.30 ptm 0.87 i_ptm 0.36 energy -1.95
34 models [0] recycles 0 hard 0 soft 1 temp 1 loss 3.80 i_con 3.83 plddt 0.36 ptm 0.85 i_ptm 0.43 energy -1.98
35 models [2] recycles 0 hard 0 soft 1 temp 1 loss 4.34 i_con 4.36 plddt 0.28 ptm 0.85 i_ptm 0.19 energy -1.95
36 models [2] recycles 0 hard 0 soft 1 temp 1 loss 3.72 i_con 3.74 plddt 0.36 ptm 0.87 i_ptm 0.50 energy -1.73
37 models [4] recycles 0 hard 0 soft 1 temp 1 loss 3.79 i_con 3.82 plddt 0.33 ptm 0.88 i_ptm 0.45 energy -2.09
38 models [4] recycles 0 hard 0 soft 1 temp 1 loss 3.97 i_con 4.01 plddt 0.27 ptm 0.88 i_ptm 0.32 energy -2.19
39 models [1] recycles 0 hard 0 soft 1 temp 1 loss 4.51 i_con 4.54 plddt 0.24 ptm 0.86 i_ptm 0.13 energy -2.20
40 models [4] recycles 0 hard 0 soft 1 temp 1 loss 4.05 i_con 4.08 plddt 0.30 ptm 0.88 i_ptm 0.32 energy -2.04
41 models [0] recycles 0 hard 0 soft 1 temp 1 loss 3.71 i_con 3.75 plddt 0.40 ptm 0.85 i_ptm 0.47 energy -2.08
42 models [2] recycles 0 hard 0 soft 1 temp 1 loss 3.61 i_con 3.66 plddt 0.43 ptm 0.87 i_ptm 0.57 energy -2.23
43 models [0] recycles 0 hard 0 soft 1 temp 1 loss 3.76 i_con 3.81 plddt 0.38 ptm 0.85 i_ptm 0.47 energy -2.27
44 models [2] recycles 0 hard 0 soft 1 temp 1 loss 3.77 i_con 3.83 plddt 0.35 ptm 0.86 i_ptm 0.43 energy -2.43
45 models [3] recycles 0 hard 0 soft 1 temp 1 loss 3.66 i_con 3.73 plddt 0.41 ptm 0.87 i_ptm 0.50 energy -2.44
46 models [3] recycles 0 hard 0 soft 1 temp 1 loss 3.74 i_con 3.79 plddt 0.36 ptm 0.86 i_ptm 0.45 energy -2.42
47 models [0] recycles 0 hard 0 soft 1 temp 1 loss 3.80 i_con 3.86 plddt 0.41 ptm 0.85 i_ptm 0.47 energy -2.35
48 models [0] recycles 0 hard 0 soft 1 temp 1 loss 3.70 i_con 3.77 plddt 0.40 ptm 0.85 i_ptm 0.47 energy -2.53
49 models [4] recycles 0 hard 0 soft 1 temp 1 loss 3.78 i_con 3.85 plddt 0.34 ptm 0.89 i_ptm 0.44 energy -2.57
50 models [2] recycles 0 hard 0 soft 1 temp 1 loss 3.79 i_con 3.86 plddt 0.33 ptm 0.87 i_ptm 0.44 energy -2.63
51 models [0] recycles 0 hard 0 soft 1 temp 1 loss 3.39 i_con 3.85 plddt 0.40 ptm 0.85 i_ptm 0.48 energy -2.60
52 models [0] recycles 0 hard 0 soft 1 temp 1 loss 3.44 i_con 3.92 plddt 0.38 ptm 0.84 i_ptm 0.40 energy -2.70
53 models [1] recycles 0 hard 0 soft 1 temp 1 loss 4.83 i_con 5.31 plddt 0.24 ptm 0.85 i_ptm 0.14 energy -2.77
54 models [4] recycles 0 hard 0 soft 1 temp 1 loss 3.41 i_con 3.90 plddt 0.32 ptm 0.88 i_ptm 0.42 energy -2.79
55 models [3] recycles 0 hard 0 soft 1 temp 1 loss 3.39 i_con 3.91 plddt 0.33 ptm 0.86 i_ptm 0.40 energy -2.90
56 models [2] recycles 0 hard 0 soft 1 temp 1 loss 3.27 i_con 3.77 plddt 0.34 ptm 0.87 i_ptm 0.42 energy -2.82
57 models [2] recycles 0 hard 0 soft 1 temp 1 loss 3.27 i_con 3.80 plddt 0.37 ptm 0.87 i_ptm 0.45 energy -2.97
58 models [0] recycles 0 hard 0 soft 1 temp 1 loss 3.20 i_con 3.76 plddt 0.39 ptm 0.86 i_ptm 0.49 energy -3.10
59 models [4] recycles 0 hard 0 soft 1 temp 1 loss 3.22 i_con 3.78 plddt 0.33 ptm 0.89 i_ptm 0.45 energy -3.16
60 models [0] recycles 0 hard 0 soft 1 temp 1 loss 3.10 i_con 3.68 plddt 0.42 ptm 0.86 i_ptm 0.53 energy -3.20
61 models [4] recycles 0 hard 0 soft 1 temp 1 loss 3.25 i_con 3.85 plddt 0.30 ptm 0.88 i_ptm 0.40 energy -3.34
62 models [2] recycles 0 hard 0 soft 1 temp 1 loss 3.22 i_con 3.85 plddt 0.35 ptm 0.87 i_ptm 0.43 energy -3.50
63 models [2] recycles 0 hard 0 soft 1 temp 1 loss 3.10 i_con 3.77 plddt 0.37 ptm 0.87 i_ptm 0.48 energy -3.64
64 models [2] recycles 0 hard 0 soft 1 temp 1 loss 3.05 i_con 3.73 plddt 0.40 ptm 0.87 i_ptm 0.48 energy -3.68
65 models [0] recycles 0 hard 0 soft 1 temp 1 loss 3.30 i_con 4.00 plddt 0.30 ptm 0.85 i_ptm 0.32 energy -3.83
66 models [0] recycles 0 hard 0 soft 1 temp 1 loss 3.12 i_con 3.84 plddt 0.38 ptm 0.85 i_ptm 0.44 energy -3.91
67 models [1] recycles 0 hard 0 soft 1 temp 1 loss 4.98 i_con 5.70 plddt 0.28 ptm 0.86 i_ptm 0.19 energy -3.98
68 models [2] recycles 0 hard 0 soft 1 temp 1 loss 3.04 i_con 3.75 plddt 0.40 ptm 0.87 i_ptm 0.49 energy -3.86
69 models [3] recycles 0 hard 0 soft 1 temp 1 loss 4.52 i_con 5.22 plddt 0.26 ptm 0.84 i_ptm 0.18 energy -3.89
70 models [3] recycles 0 hard 0 soft 1 temp 1 loss 3.24 i_con 3.92 plddt 0.33 ptm 0.85 i_ptm 0.39 energy -3.73
71 models [3] recycles 0 hard 0 soft 1 temp 1 loss 3.13 i_con 3.81 plddt 0.34 ptm 0.86 i_ptm 0.47 energy -3.73
72 models [0] recycles 0 hard 0 soft 1 temp 1 loss 3.22 i_con 3.92 plddt 0.38 ptm 0.85 i_ptm 0.40 energy -3.81
73 models [2] recycles 0 hard 0 soft 1 temp 1 loss 3.04 i_con 3.74 plddt 0.41 ptm 0.87 i_ptm 0.51 energy -3.77
74 models [2] recycles 0 hard 0 soft 1 temp 1 loss 2.97 i_con 3.69 plddt 0.40 ptm 0.87 i_ptm 0.53 energy -3.92
75 models [1] recycles 0 hard 0 soft 1 temp 1 loss 3.85 i_con 4.58 plddt 0.23 ptm 0.85 i_ptm 0.15 energy -4.02
76 models [4] recycles 0 hard 0 soft 1 temp 1 loss 3.06 i_con 3.78 plddt 0.36 ptm 0.88 i_ptm 0.47 energy -3.91
77 models [2] recycles 0 hard 0 soft 1 temp 1 loss 3.06 i_con 3.78 plddt 0.38 ptm 0.87 i_ptm 0.48 energy -3.94
78 models [4] recycles 0 hard 0 soft 1 temp 1 loss 3.11 i_con 3.86 plddt 0.31 ptm 0.88 i_ptm 0.42 energy -4.07
79 models [4] recycles 0 hard 0 soft 1 temp 1 loss 4.86 i_con 5.63 plddt 0.27 ptm 0.87 i_ptm 0.23 energy -4.24
80 models [1] recycles 0 hard 0 soft 1 temp 1 loss 3.25 i_con 4.03 plddt 0.29 ptm 0.87 i_ptm 0.33 energy -4.25
81 models [0] recycles 0 hard 0 soft 1 temp 1 loss 3.01 i_con 3.78 plddt 0.42 ptm 0.86 i_ptm 0.48 energy -4.18
82 models [2] recycles 0 hard 0 soft 1 temp 1 loss 4.13 i_con 4.92 plddt 0.28 ptm 0.84 i_ptm 0.15 energy -4.34
83 models [0] recycles 0 hard 0 soft 1 temp 1 loss 3.04 i_con 3.82 plddt 0.38 ptm 0.86 i_ptm 0.45 energy -4.21
84 models [0] recycles 0 hard 0 soft 1 temp 1 loss 2.68 i_con 3.49 plddt 0.46 ptm 0.86 i_ptm 0.61 energy -4.31
85 models [0] recycles 0 hard 0 soft 1 temp 1 loss 2.55 i_con 3.37 plddt 0.46 ptm 0.87 i_ptm 0.66 energy -4.37
86 models [1] recycles 0 hard 0 soft 1 temp 1 loss 3.19 i_con 3.98 plddt 0.28 ptm 0.87 i_ptm 0.33 energy -4.32
87 models [4] recycles 0 hard 0 soft 1 temp 1 loss 2.88 i_con 3.70 plddt 0.38 ptm 0.88 i_ptm 0.51 energy -4.36
88 models [4] recycles 0 hard 0 soft 1 temp 1 loss 2.84 i_con 3.67 plddt 0.39 ptm 0.89 i_ptm 0.58 energy -4.45
89 models [3] recycles 0 hard 0 soft 1 temp 1 loss 3.12 i_con 3.96 plddt 0.33 ptm 0.86 i_ptm 0.37 energy -4.51
90 models [1] recycles 0 hard 0 soft 1 temp 1 loss 4.17 i_con 4.99 plddt 0.21 ptm 0.86 i_ptm 0.11 energy -4.49
91 models [2] recycles 0 hard 0 soft 1 temp 1 loss 2.93 i_con 3.74 plddt 0.40 ptm 0.87 i_ptm 0.50 energy -4.34
92 models [0] recycles 0 hard 0 soft 1 temp 1 loss 2.85 i_con 3.69 plddt 0.40 ptm 0.86 i_ptm 0.54 energy -4.50
93 models [0] recycles 0 hard 0 soft 1 temp 1 loss 2.40 i_con 3.26 plddt 0.46 ptm 0.87 i_ptm 0.68 energy -4.59
94 models [2] recycles 0 hard 0 soft 1 temp 1 loss 2.92 i_con 3.78 plddt 0.37 ptm 0.87 i_ptm 0.49 energy -4.59
95 models [3] recycles 0 hard 0 soft 1 temp 1 loss 2.84 i_con 3.73 plddt 0.36 ptm 0.87 i_ptm 0.49 energy -4.75
96 models [2] recycles 0 hard 0 soft 1 temp 1 loss 2.83 i_con 3.74 plddt 0.40 ptm 0.88 i_ptm 0.50 energy -4.87
97 models [3] recycles 0 hard 0 soft 1 temp 1 loss 2.16 i_con 3.10 plddt 0.44 ptm 0.88 i_ptm 0.73 energy -4.96
98 models [0] recycles 0 hard 0 soft 1 temp 1 loss 2.46 i_con 3.39 plddt 0.47 ptm 0.87 i_ptm 0.65 energy -4.91
99 models [3] recycles 0 hard 0 soft 1 temp 1 loss 2.67 i_con 3.60 plddt 0.39 ptm 0.88 i_ptm 0.59 energy -4.96
100 models [1] recycles 0 hard 0 soft 1 temp 1 loss 3.06 i_con 3.99 plddt 0.32 ptm 0.87 i_ptm 0.36 energy -4.97
101 models [2] recycles 0 hard 0 soft 0 temp 1 loss 3.12 i_con 4.25 plddt 0.27 ptm 0.86 i_ptm 0.26 energy -24.02
102 models [4] recycles 0 hard 0 soft 0 temp 0.98 loss 3.76 i_con 4.88 plddt 0.17 ptm 0.87 i_ptm 0.10 energy -23.96
103 models [4] recycles 0 hard 0 soft 0 temp 0.96 loss 3.90 i_con 5.00 plddt 0.15 ptm 0.18 i_ptm 0.06 energy -23.80
104 models [2] recycles 0 hard 0 soft 0 temp 0.94 loss 2.93 i_con 4.04 plddt 0.20 ptm 0.35 i_ptm 0.41 energy -23.79
105 models [1] recycles 0 hard 0 soft 0 temp 0.92 loss 5.03 i_con 6.16 plddt 0.27 ptm 0.87 i_ptm 0.18 energy -24.11
106 models [1] recycles 0 hard 0 soft 0 temp 0.90 loss 4.82 i_con 5.98 plddt 0.29 ptm 0.85 i_ptm 0.18 energy -24.64
107 models [1] recycles 0 hard 0 soft 0 temp 0.88 loss 4.68 i_con 5.85 plddt 0.27 ptm 0.86 i_ptm 0.16 energy -24.89
108 models [4] recycles 0 hard 0 soft 0 temp 0.86 loss 2.63 i_con 3.80 plddt 0.21 ptm 0.37 i_ptm 0.40 energy -24.89
109 models [4] recycles 0 hard 0 soft 0 temp 0.84 loss 3.52 i_con 4.67 plddt 0.17 ptm 0.71 i_ptm 0.20 energy -24.77
110 models [2] recycles 0 hard 0 soft 0 temp 0.82 loss 3.11 i_con 4.27 plddt 0.19 ptm 0.19 i_ptm 0.37 energy -24.87
111 models [2] recycles 0 hard 0 soft 0 temp 0.80 loss 2.46 i_con 3.64 plddt 0.29 ptm 0.31 i_ptm 0.23 energy -25.02
112 models [1] recycles 0 hard 0 soft 0 temp 0.78 loss 4.88 i_con 6.06 plddt 0.29 ptm 0.86 i_ptm 0.16 energy -25.09
113 models [0] recycles 0 hard 0 soft 0 temp 0.76 loss 2.76 i_con 3.95 plddt 0.33 ptm 0.84 i_ptm 0.40 energy -25.19
114 models [3] recycles 0 hard 0 soft 0 temp 0.74 loss 3.29 i_con 4.49 plddt 0.24 ptm 0.85 i_ptm 0.17 energy -25.50
115 models [2] recycles 0 hard 0 soft 0 temp 0.72 loss 4.20 i_con 5.41 plddt 0.24 ptm 0.83 i_ptm 0.11 energy -25.59
116 models [1] recycles 0 hard 0 soft 0 temp 0.70 loss 4.56 i_con 5.77 plddt 0.27 ptm 0.86 i_ptm 0.16 energy -25.66
117 models [3] recycles 0 hard 0 soft 0 temp 0.68 loss 5.08 i_con 6.32 plddt 0.26 ptm 0.85 i_ptm 0.18 energy -26.18
118 models [3] recycles 0 hard 0 soft 0 temp 0.66 loss 4.87 i_con 6.12 plddt 0.26 ptm 0.84 i_ptm 0.17 energy -26.45
119 models [4] recycles 0 hard 0 soft 0 temp 0.64 loss 4.71 i_con 5.96 plddt 0.23 ptm 0.86 i_ptm 0.11 energy -26.49
120 models [0] recycles 0 hard 0 soft 0 temp 0.62 loss 3.91 i_con 5.17 plddt 0.22 ptm 0.82 i_ptm 0.12 energy -26.77
121 models [1] recycles 0 hard 0 soft 0 temp 0.60 loss 4.42 i_con 5.69 plddt 0.26 ptm 0.86 i_ptm 0.15 energy -26.77
122 models [3] recycles 0 hard 0 soft 0 temp 0.58 loss 4.70 i_con 5.97 plddt 0.24 ptm 0.84 i_ptm 0.15 energy -26.96
123 models [2] recycles 0 hard 0 soft 0 temp 0.56 loss 3.40 i_con 4.66 plddt 0.19 ptm 0.17 i_ptm 0.35 energy -26.81
124 models [1] recycles 0 hard 0 soft 0 temp 0.54 loss 4.31 i_con 5.57 plddt 0.25 ptm 0.86 i_ptm 0.14 energy -26.79
125 models [4] recycles 0 hard 0 soft 0 temp 0.52 loss 3.97 i_con 5.23 plddt 0.19 ptm 0.87 i_ptm 0.12 energy -26.84
126 models [4] recycles 0 hard 0 soft 0 temp 0.50 loss 4.82 i_con 6.08 plddt 0.22 ptm 0.86 i_ptm 0.14 energy -26.69
127 models [0] recycles 0 hard 0 soft 0 temp 0.48 loss 2.63 i_con 3.91 plddt 0.34 ptm 0.85 i_ptm 0.42 energy -26.83
128 models [0] recycles 0 hard 0 soft 0 temp 0.46 loss 2.57 i_con 3.88 plddt 0.37 ptm 0.85 i_ptm 0.44 energy -27.50
129 models [0] recycles 0 hard 0 soft 0 temp 0.44 loss 2.64 i_con 3.98 plddt 0.29 ptm 0.85 i_ptm 0.37 energy -28.39
130 models [3] recycles 0 hard 0 soft 0 temp 0.42 loss 3.21 i_con 4.59 plddt 0.21 ptm 0.84 i_ptm 0.14 energy -29.18
131 models [1] recycles 0 hard 0 soft 0 temp 0.40 loss 3.38 i_con 4.75 plddt 0.21 ptm 0.86 i_ptm 0.10 energy -28.93
132 models [0] recycles 0 hard 0 soft 0 temp 0.38 loss 2.53 i_con 3.92 plddt 0.36 ptm 0.85 i_ptm 0.42 energy -28.98
133 models [1] recycles 0 hard 0 soft 0 temp 0.36 loss 3.15 i_con 4.56 plddt 0.23 ptm 0.85 i_ptm 0.16 energy -29.86
134 models [3] recycles 0 hard 0 soft 0 temp 0.34 loss 2.46 i_con 3.89 plddt 0.33 ptm 0.86 i_ptm 0.41 energy -29.93
135 models [2] recycles 0 hard 0 soft 0 temp 0.32 loss 2.16 i_con 3.61 plddt 0.41 ptm 0.88 i_ptm 0.57 energy -30.30
136 models [3] recycles 0 hard 0 soft 0 temp 0.30 loss 3.67 i_con 5.09 plddt 0.23 ptm 0.84 i_ptm 0.14 energy -30.07
137 models [1] recycles 0 hard 0 soft 0 temp 0.28 loss 3.91 i_con 5.34 plddt 0.23 ptm 0.85 i_ptm 0.13 energy -30.17
138 models [1] recycles 0 hard 0 soft 0 temp 0.26 loss 2.68 i_con 4.13 plddt 0.29 ptm 0.87 i_ptm 0.31 energy -30.27
139 models [3] recycles 0 hard 0 soft 0 temp 0.24 loss 2.35 i_con 3.81 plddt 0.33 ptm 0.86 i_ptm 0.45 energy -30.53
140 models [0] recycles 0 hard 0 soft 0 temp 0.22 loss 2.33 i_con 3.79 plddt 0.34 ptm 0.85 i_ptm 0.49 energy -30.53
141 models [4] recycles 0 hard 0 soft 0 temp 0.20 loss 2.49 i_con 3.94 plddt 0.32 ptm 0.89 i_ptm 0.40 energy -30.50
142 models [2] recycles 0 hard 0 soft 0 temp 0.18 loss 2.32 i_con 3.79 plddt 0.38 ptm 0.87 i_ptm 0.49 energy -30.63
143 models [2] recycles 0 hard 0 soft 0 temp 0.16 loss 2.60 i_con 4.08 plddt 0.32 ptm 0.86 i_ptm 0.35 energy -30.92
144 models [2] recycles 0 hard 0 soft 0 temp 0.14 loss 2.26 i_con 3.76 plddt 0.39 ptm 0.87 i_ptm 0.50 energy -31.14
145 models [3] recycles 0 hard 0 soft 0 temp 0.12 loss 2.62 i_con 4.13 plddt 0.18 ptm 0.22 i_ptm 0.38 energy -31.87
146 models [4] recycles 0 hard 0 soft 0 temp 0.10 loss 2.28 i_con 3.82 plddt 0.32 ptm 0.88 i_ptm 0.42 energy -32.12
147 models [3] recycles 0 hard 0 soft 0 temp 0.08 loss 4.41 i_con 5.98 plddt 0.25 ptm 0.85 i_ptm 0.20 energy -32.95
148 models [4] recycles 0 hard 0 soft 0 temp 0.06 loss 2.38 i_con 3.96 plddt 0.28 ptm 0.87 i_ptm 0.35 energy -32.96
149 models [3] recycles 0 hard 0 soft 0 temp 0.04 loss 2.31 i_con 3.91 plddt 0.32 ptm 0.86 i_ptm 0.45 energy -33.26
150 models [4] recycles 0 hard 0 soft 0 temp 0.02 loss 2.23 i_con 3.82 plddt 0.33 ptm 0.88 i_ptm 0.45 energy -33.13
151 models [3] recycles 0 hard 1 soft 0 temp 0.00 loss 0.60 i_con 3.09 plddt 0.44 ptm 0.88 i_ptm 0.74 energy -5.08
152 models [1] recycles 0 hard 1 soft 0 temp 0.00 loss 3.13 i_con 5.59 plddt 0.22 ptm 0.85 i_ptm 0.20 energy -5.08
153 models [4] recycles 0 hard 1 soft 0 temp 0.00 loss 1.96 i_con 4.43 plddt 0.25 ptm 0.88 i_ptm 0.30 energy -5.08
154 models [3] recycles 0 hard 1 soft 0 temp 0.00 loss 0.60 i_con 3.09 plddt 0.44 ptm 0.88 i_ptm 0.74 energy -5.08
155 models [1] recycles 0 hard 1 soft 0 temp 0.00 loss 3.13 i_con 5.59 plddt 0.22 ptm 0.85 i_ptm 0.20 energy -5.08
156 models [0] recycles 0 hard 1 soft 0 temp 0.00 loss 3.16 i_con 5.62 plddt 0.27 ptm 0.84 i_ptm 0.29 energy -5.08
157 models [1] recycles 0 hard 1 soft 0 temp 0.00 loss 3.13 i_con 5.59 plddt 0.22 ptm 0.85 i_ptm 0.20 energy -5.08
158 models [3] recycles 0 hard 1 soft 0 temp 0.00 loss 0.60 i_con 3.09 plddt 0.44 ptm 0.88 i_ptm 0.74 energy -5.08
159 models [2] recycles 0 hard 1 soft 0 temp 0.00 loss 1.23 i_con 3.70 plddt 0.35 ptm 0.87 i_ptm 0.55 energy -5.08
160 models [1] recycles 0 hard 1 soft 0 temp 0.00 loss 3.13 i_con 5.59 plddt 0.22 ptm 0.85 i_ptm 0.20 energy -5.08
161 models [4] recycles 0 hard 1 soft 0 temp 0.00 loss 1.96 i_con 4.43 plddt 0.25 ptm 0.88 i_ptm 0.30 energy -5.08
162 models [3] recycles 0 hard 1 soft 0 temp 0.00 loss 0.60 i_con 3.09 plddt 0.44 ptm 0.88 i_ptm 0.74 energy -5.08
163 models [4] recycles 0 hard 1 soft 0 temp 0.00 loss 1.96 i_con 4.43 plddt 0.25 ptm 0.88 i_ptm 0.30 energy -5.08
164 models [1] recycles 0 hard 1 soft 0 temp 0.00 loss 3.13 i_con 5.59 plddt 0.22 ptm 0.85 i_ptm 0.20 energy -5.08
165 models [1] recycles 0 hard 1 soft 0 temp 0.00 loss 3.13 i_con 5.59 plddt 0.22 ptm 0.85 i_ptm 0.20 energy -5.08
166 models [2] recycles 0 hard 1 soft 0 temp 0.00 loss 1.23 i_con 3.70 plddt 0.35 ptm 0.87 i_ptm 0.55 energy -5.08
167 models [0] recycles 0 hard 1 soft 0 temp 0.00 loss 3.16 i_con 5.62 plddt 0.27 ptm 0.84 i_ptm 0.29 energy -5.08
168 models [1] recycles 0 hard 1 soft 0 temp 0.00 loss 3.13 i_con 5.59 plddt 0.22 ptm 0.85 i_ptm 0.20 energy -5.08
169 models [4] recycles 0 hard 1 soft 0 temp 0.00 loss 1.96 i_con 4.43 plddt 0.25 ptm 0.88 i_ptm 0.30 energy -5.08
170 models [0] recycles 0 hard 1 soft 0 temp 0.00 loss 3.16 i_con 5.62 plddt 0.27 ptm 0.84 i_ptm 0.29 energy -5.08
171 models [2] recycles 0 hard 1 soft 0 temp 0.00 loss 1.23 i_con 3.70 plddt 0.35 ptm 0.87 i_ptm 0.55 energy -5.08
172 models [2] recycles 0 hard 1 soft 0 temp 0.00 loss 1.23 i_con 3.70 plddt 0.35 ptm 0.87 i_ptm 0.55 energy -5.08
173 models [1] recycles 0 hard 1 soft 0 temp 0.00 loss 3.13 i_con 5.59 plddt 0.22 ptm 0.85 i_ptm 0.20 energy -5.08
174 models [1] recycles 0 hard 1 soft 0 temp 0.00 loss 3.13 i_con 5.59 plddt 0.22 ptm 0.85 i_ptm 0.20 energy -5.08
175 models [3] recycles 0 hard 1 soft 0 temp 0.00 loss 0.60 i_con 3.09 plddt 0.44 ptm 0.88 i_ptm 0.74 energy -5.08
176 models [2] recycles 0 hard 1 soft 0 temp 0.00 loss 1.23 i_con 3.70 plddt 0.35 ptm 0.87 i_ptm 0.55 energy -5.08
177 models [3] recycles 0 hard 1 soft 0 temp 0.00 loss 0.60 i_con 3.09 plddt 0.44 ptm 0.88 i_ptm 0.74 energy -5.08
178 models [1] recycles 0 hard 1 soft 0 temp 0.00 loss 3.13 i_con 5.59 plddt 0.22 ptm 0.85 i_ptm 0.20 energy -5.08
179 models [2] recycles 0 hard 1 soft 0 temp 0.00 loss 1.23 i_con 3.70 plddt 0.35 ptm 0.87 i_ptm 0.55 energy -5.08
180 models [3] recycles 0 hard 1 soft 0 temp 0.00 loss 0.60 i_con 3.09 plddt 0.44 ptm 0.88 i_ptm 0.74 energy -5.08
  seq=DAMNRVQQVNWFCFG  loss=0.6050  loss_af=3.1466  energy=-5.0832  i_ptm=0.7394
[8/30] seed=7 ...
1 models [0] recycles 0 hard 0 soft 1 temp 1 loss 5.74 i_con 5.29 plddt 0.23 ptm 0.83 i_ptm 0.16 energy 7.40
2 models [1] recycles 0 hard 0 soft 1 temp 1 loss 4.61 i_con 4.20 plddt 0.24 ptm 0.86 i_ptm 0.25 energy 6.83
3 models [4] recycles 0 hard 0 soft 1 temp 1 loss 4.53 i_con 4.12 plddt 0.28 ptm 0.88 i_ptm 0.33 energy 6.64
4 models [3] recycles 0 hard 0 soft 1 temp 1 loss 4.12 i_con 3.74 plddt 0.35 ptm 0.86 i_ptm 0.47 energy 6.25
5 models [1] recycles 0 hard 0 soft 1 temp 1 loss 5.59 i_con 5.23 plddt 0.22 ptm 0.86 i_ptm 0.14 energy 5.74
6 models [2] recycles 0 hard 0 soft 1 temp 1 loss 4.33 i_con 3.99 plddt 0.32 ptm 0.86 i_ptm 0.36 energy 5.44
7 models [4] recycles 0 hard 0 soft 1 temp 1 loss 4.81 i_con 4.49 plddt 0.25 ptm 0.87 i_ptm 0.17 energy 4.85
8 models [1] recycles 0 hard 0 soft 1 temp 1 loss 5.81 i_con 5.49 plddt 0.20 ptm 0.86 i_ptm 0.14 energy 4.70
9 models [3] recycles 0 hard 0 soft 1 temp 1 loss 4.21 i_con 3.91 plddt 0.34 ptm 0.86 i_ptm 0.39 energy 4.54
10 models [0] recycles 0 hard 0 soft 1 temp 1 loss 4.41 i_con 4.13 plddt 0.27 ptm 0.84 i_ptm 0.28 energy 4.09
11 models [3] recycles 0 hard 0 soft 1 temp 1 loss 4.01 i_con 3.76 plddt 0.32 ptm 0.86 i_ptm 0.42 energy 3.52
12 models [0] recycles 0 hard 0 soft 1 temp 1 loss 4.48 i_con 4.26 plddt 0.24 ptm 0.83 i_ptm 0.25 energy 3.05
13 models [0] recycles 0 hard 0 soft 1 temp 1 loss 4.19 i_con 3.98 plddt 0.30 ptm 0.85 i_ptm 0.32 energy 2.84
14 models [0] recycles 0 hard 0 soft 1 temp 1 loss 4.20 i_con 3.99 plddt 0.29 ptm 0.84 i_ptm 0.35 energy 2.70
15 models [3] recycles 0 hard 0 soft 1 temp 1 loss 3.94 i_con 3.75 plddt 0.35 ptm 0.86 i_ptm 0.46 energy 2.54
16 models [4] recycles 0 hard 0 soft 1 temp 1 loss 4.14 i_con 3.96 plddt 0.29 ptm 0.88 i_ptm 0.36 energy 2.15
17 models [2] recycles 0 hard 0 soft 1 temp 1 loss 3.84 i_con 3.68 plddt 0.39 ptm 0.87 i_ptm 0.49 energy 1.91
18 models [2] recycles 0 hard 0 soft 1 temp 1 loss 3.85 i_con 3.70 plddt 0.37 ptm 0.87 i_ptm 0.48 energy 1.62
19 models [4] recycles 0 hard 0 soft 1 temp 1 loss 4.10 i_con 3.96 plddt 0.33 ptm 0.88 i_ptm 0.37 energy 1.38
20 models [0] recycles 0 hard 0 soft 1 temp 1 loss 4.03 i_con 3.90 plddt 0.32 ptm 0.84 i_ptm 0.40 energy 1.34
21 models [1] recycles 0 hard 0 soft 1 temp 1 loss 4.24 i_con 4.11 plddt 0.25 ptm 0.85 i_ptm 0.27 energy 1.04
22 models [2] recycles 0 hard 0 soft 1 temp 1 loss 3.80 i_con 3.69 plddt 0.41 ptm 0.87 i_ptm 0.49 energy 0.98
23 models [1] recycles 0 hard 0 soft 1 temp 1 loss 4.98 i_con 4.87 plddt 0.21 ptm 0.85 i_ptm 0.12 energy 0.50
24 models [3] recycles 0 hard 0 soft 1 temp 1 loss 3.76 i_con 3.67 plddt 0.37 ptm 0.86 i_ptm 0.47 energy 0.49
25 models [0] recycles 0 hard 0 soft 1 temp 1 loss 4.24 i_con 4.16 plddt 0.28 ptm 0.84 i_ptm 0.28 energy 0.15
26 models [3] recycles 0 hard 0 soft 1 temp 1 loss 3.72 i_con 3.66 plddt 0.37 ptm 0.86 i_ptm 0.46 energy -0.12
27 models [0] recycles 0 hard 0 soft 1 temp 1 loss 3.95 i_con 3.91 plddt 0.33 ptm 0.85 i_ptm 0.39 energy -0.65
28 models [0] recycles 0 hard 0 soft 1 temp 1 loss 3.92 i_con 3.91 plddt 0.32 ptm 0.84 i_ptm 0.40 energy -1.17
29 models [3] recycles 0 hard 0 soft 1 temp 1 loss 3.76 i_con 3.76 plddt 0.34 ptm 0.86 i_ptm 0.44 energy -1.33
30 models [4] recycles 0 hard 0 soft 1 temp 1 loss 3.73 i_con 3.74 plddt 0.36 ptm 0.88 i_ptm 0.47 energy -1.43
31 models [2] recycles 0 hard 0 soft 1 temp 1 loss 3.66 i_con 3.68 plddt 0.39 ptm 0.87 i_ptm 0.50 energy -1.69
32 models [0] recycles 0 hard 0 soft 1 temp 1 loss 3.86 i_con 3.90 plddt 0.34 ptm 0.85 i_ptm 0.40 energy -1.97
33 models [1] recycles 0 hard 0 soft 1 temp 1 loss 3.87 i_con 3.90 plddt 0.28 ptm 0.87 i_ptm 0.39 energy -2.16
34 models [3] recycles 0 hard 0 soft 1 temp 1 loss 3.69 i_con 3.74 plddt 0.36 ptm 0.86 i_ptm 0.45 energy -2.30
35 models [4] recycles 0 hard 0 soft 1 temp 1 loss 3.60 i_con 3.66 plddt 0.37 ptm 0.89 i_ptm 0.50 energy -2.43
36 models [3] recycles 0 hard 0 soft 1 temp 1 loss 3.67 i_con 3.73 plddt 0.36 ptm 0.86 i_ptm 0.47 energy -2.56
37 models [4] recycles 0 hard 0 soft 1 temp 1 loss 3.76 i_con 3.82 plddt 0.34 ptm 0.88 i_ptm 0.43 energy -2.57
38 models [1] recycles 0 hard 0 soft 1 temp 1 loss 3.75 i_con 3.81 plddt 0.32 ptm 0.87 i_ptm 0.42 energy -2.56
39 models [2] recycles 0 hard 0 soft 1 temp 1 loss 3.63 i_con 3.71 plddt 0.37 ptm 0.87 i_ptm 0.50 energy -2.74
40 models [3] recycles 0 hard 0 soft 1 temp 1 loss 3.68 i_con 3.76 plddt 0.34 ptm 0.86 i_ptm 0.45 energy -2.98
41 models [4] recycles 0 hard 0 soft 1 temp 1 loss 3.61 i_con 3.70 plddt 0.36 ptm 0.89 i_ptm 0.50 energy -3.10
42 models [4] recycles 0 hard 0 soft 1 temp 1 loss 3.58 i_con 3.67 plddt 0.37 ptm 0.89 i_ptm 0.50 energy -3.10
43 models [2] recycles 0 hard 0 soft 1 temp 1 loss 3.54 i_con 3.64 plddt 0.39 ptm 0.88 i_ptm 0.51 energy -3.14
44 models [3] recycles 0 hard 0 soft 1 temp 1 loss 3.60 i_con 3.69 plddt 0.38 ptm 0.86 i_ptm 0.49 energy -3.16
45 models [0] recycles 0 hard 0 soft 1 temp 1 loss 3.78 i_con 3.87 plddt 0.35 ptm 0.84 i_ptm 0.41 energy -3.17
46 models [0] recycles 0 hard 0 soft 1 temp 1 loss 4.12 i_con 4.20 plddt 0.29 ptm 0.83 i_ptm 0.23 energy -3.21
47 models [0] recycles 0 hard 0 soft 1 temp 1 loss 3.75 i_con 3.84 plddt 0.36 ptm 0.84 i_ptm 0.39 energy -3.18
48 models [1] recycles 0 hard 0 soft 1 temp 1 loss 3.83 i_con 3.92 plddt 0.32 ptm 0.87 i_ptm 0.35 energy -3.28
49 models [4] recycles 0 hard 0 soft 1 temp 1 loss 3.50 i_con 3.60 plddt 0.35 ptm 0.88 i_ptm 0.52 energy -3.27
50 models [4] recycles 0 hard 0 soft 1 temp 1 loss 3.50 i_con 3.61 plddt 0.39 ptm 0.89 i_ptm 0.50 energy -3.37
51 models [1] recycles 0 hard 0 soft 1 temp 1 loss 3.29 i_con 3.91 plddt 0.32 ptm 0.87 i_ptm 0.37 energy -3.44
52 models [4] recycles 0 hard 0 soft 1 temp 1 loss 2.92 i_con 3.55 plddt 0.40 ptm 0.88 i_ptm 0.53 energy -3.42
53 models [4] recycles 0 hard 0 soft 1 temp 1 loss 2.91 i_con 3.58 plddt 0.38 ptm 0.89 i_ptm 0.51 energy -3.64
54 models [3] recycles 0 hard 0 soft 1 temp 1 loss 2.95 i_con 3.67 plddt 0.38 ptm 0.86 i_ptm 0.47 energy -3.90
55 models [3] recycles 0 hard 0 soft 1 temp 1 loss 2.86 i_con 3.60 plddt 0.37 ptm 0.86 i_ptm 0.50 energy -4.01
56 models [2] recycles 0 hard 0 soft 1 temp 1 loss 3.05 i_con 3.79 plddt 0.38 ptm 0.86 i_ptm 0.47 energy -3.98
57 models [1] recycles 0 hard 0 soft 1 temp 1 loss 3.41 i_con 4.14 plddt 0.25 ptm 0.86 i_ptm 0.25 energy -4.03
58 models [3] recycles 0 hard 0 soft 1 temp 1 loss 2.94 i_con 3.68 plddt 0.36 ptm 0.87 i_ptm 0.49 energy -4.03
59 models [4] recycles 0 hard 0 soft 1 temp 1 loss 3.04 i_con 3.82 plddt 0.32 ptm 0.88 i_ptm 0.43 energy -4.25
60 models [4] recycles 0 hard 0 soft 1 temp 1 loss 3.00 i_con 3.79 plddt 0.33 ptm 0.88 i_ptm 0.44 energy -4.27
61 models [1] recycles 0 hard 0 soft 1 temp 1 loss 3.20 i_con 4.01 plddt 0.28 ptm 0.87 i_ptm 0.30 energy -4.43
62 models [0] recycles 0 hard 0 soft 1 temp 1 loss 2.98 i_con 3.79 plddt 0.38 ptm 0.86 i_ptm 0.45 energy -4.37
63 models [4] recycles 0 hard 0 soft 1 temp 1 loss 2.94 i_con 3.80 plddt 0.35 ptm 0.88 i_ptm 0.45 energy -4.61
64 models [2] recycles 0 hard 0 soft 1 temp 1 loss 2.81 i_con 3.67 plddt 0.39 ptm 0.87 i_ptm 0.49 energy -4.63
65 models [0] recycles 0 hard 0 soft 1 temp 1 loss 3.02 i_con 3.91 plddt 0.37 ptm 0.84 i_ptm 0.39 energy -4.77
66 models [2] recycles 0 hard 0 soft 1 temp 1 loss 2.83 i_con 3.75 plddt 0.38 ptm 0.87 i_ptm 0.48 energy -4.93
67 models [3] recycles 0 hard 0 soft 1 temp 1 loss 3.47 i_con 4.38 plddt 0.32 ptm 0.84 i_ptm 0.28 energy -4.90
68 models [0] recycles 0 hard 0 soft 1 temp 1 loss 2.94 i_con 3.87 plddt 0.35 ptm 0.84 i_ptm 0.42 energy -4.97
69 models [3] recycles 0 hard 0 soft 1 temp 1 loss 3.38 i_con 4.32 plddt 0.26 ptm 0.85 i_ptm 0.20 energy -5.11
70 models [0] recycles 0 hard 0 soft 1 temp 1 loss 3.01 i_con 3.96 plddt 0.36 ptm 0.84 i_ptm 0.39 energy -5.06
71 models [1] recycles 0 hard 0 soft 1 temp 1 loss 3.39 i_con 4.33 plddt 0.27 ptm 0.86 i_ptm 0.20 energy -5.07
72 models [4] recycles 0 hard 0 soft 1 temp 1 loss 2.84 i_con 3.79 plddt 0.38 ptm 0.88 i_ptm 0.46 energy -5.08
73 models [3] recycles 0 hard 0 soft 1 temp 1 loss 2.76 i_con 3.72 plddt 0.36 ptm 0.86 i_ptm 0.48 energy -5.14
74 models [1] recycles 0 hard 0 soft 1 temp 1 loss 3.10 i_con 4.09 plddt 0.30 ptm 0.86 i_ptm 0.28 energy -5.27
75 models [0] recycles 0 hard 0 soft 1 temp 1 loss 2.91 i_con 3.89 plddt 0.34 ptm 0.85 i_ptm 0.40 energy -5.23
76 models [4] recycles 0 hard 0 soft 1 temp 1 loss 2.72 i_con 3.71 plddt 0.36 ptm 0.88 i_ptm 0.47 energy -5.30
77 models [0] recycles 0 hard 0 soft 1 temp 1 loss 3.03 i_con 4.04 plddt 0.35 ptm 0.84 i_ptm 0.35 energy -5.39
78 models [0] recycles 0 hard 0 soft 1 temp 1 loss 3.59 i_con 4.59 plddt 0.34 ptm 0.83 i_ptm 0.26 energy -5.31
79 models [3] recycles 0 hard 0 soft 1 temp 1 loss 2.71 i_con 3.74 plddt 0.39 ptm 0.86 i_ptm 0.47 energy -5.47
80 models [2] recycles 0 hard 0 soft 1 temp 1 loss 2.69 i_con 3.73 plddt 0.38 ptm 0.87 i_ptm 0.46 energy -5.51
81 models [4] recycles 0 hard 0 soft 1 temp 1 loss 2.84 i_con 3.89 plddt 0.32 ptm 0.88 i_ptm 0.38 energy -5.58
82 models [1] recycles 0 hard 0 soft 1 temp 1 loss 3.34 i_con 4.38 plddt 0.28 ptm 0.85 i_ptm 0.19 energy -5.54
83 models [1] recycles 0 hard 0 soft 1 temp 1 loss 3.11 i_con 4.15 plddt 0.31 ptm 0.86 i_ptm 0.29 energy -5.56
84 models [1] recycles 0 hard 0 soft 1 temp 1 loss 3.87 i_con 4.92 plddt 0.22 ptm 0.86 i_ptm 0.13 energy -5.65
85 models [2] recycles 0 hard 0 soft 1 temp 1 loss 4.11 i_con 5.16 plddt 0.30 ptm 0.85 i_ptm 0.20 energy -5.59
86 models [2] recycles 0 hard 0 soft 1 temp 1 loss 2.61 i_con 3.70 plddt 0.40 ptm 0.87 i_ptm 0.47 energy -5.71
87 models [3] recycles 0 hard 0 soft 1 temp 1 loss 2.60 i_con 3.70 plddt 0.36 ptm 0.86 i_ptm 0.47 energy -5.79
88 models [4] recycles 0 hard 0 soft 1 temp 1 loss 2.72 i_con 3.83 plddt 0.37 ptm 0.88 i_ptm 0.42 energy -5.84
89 models [1] recycles 0 hard 0 soft 1 temp 1 loss 4.13 i_con 5.24 plddt 0.24 ptm 0.86 i_ptm 0.12 energy -5.92
90 models [2] recycles 0 hard 0 soft 1 temp 1 loss 2.67 i_con 3.80 plddt 0.39 ptm 0.87 i_ptm 0.46 energy -5.98
91 models [2] recycles 0 hard 0 soft 1 temp 1 loss 2.64 i_con 3.79 plddt 0.38 ptm 0.87 i_ptm 0.47 energy -6.06
92 models [1] recycles 0 hard 0 soft 1 temp 1 loss 3.52 i_con 4.62 plddt 0.26 ptm 0.85 i_ptm 0.18 energy -5.91
93 models [0] recycles 0 hard 0 soft 1 temp 1 loss 2.81 i_con 3.94 plddt 0.33 ptm 0.84 i_ptm 0.38 energy -6.00
94 models [1] recycles 0 hard 0 soft 1 temp 1 loss 3.53 i_con 4.65 plddt 0.30 ptm 0.86 i_ptm 0.22 energy -5.97
95 models [4] recycles 0 hard 0 soft 1 temp 1 loss 2.53 i_con 3.69 plddt 0.37 ptm 0.89 i_ptm 0.48 energy -6.11
96 models [4] recycles 0 hard 0 soft 1 temp 1 loss 2.62 i_con 3.79 plddt 0.35 ptm 0.88 i_ptm 0.43 energy -6.14
97 models [1] recycles 0 hard 0 soft 1 temp 1 loss 2.69 i_con 3.85 plddt 0.39 ptm 0.87 i_ptm 0.41 energy -6.09
98 models [4] recycles 0 hard 0 soft 1 temp 1 loss 2.60 i_con 3.78 plddt 0.34 ptm 0.88 i_ptm 0.42 energy -6.20
99 models [3] recycles 0 hard 0 soft 1 temp 1 loss 3.32 i_con 4.47 plddt 0.30 ptm 0.84 i_ptm 0.24 energy -6.10
100 models [3] recycles 0 hard 0 soft 1 temp 1 loss 2.53 i_con 3.71 plddt 0.35 ptm 0.86 i_ptm 0.45 energy -6.25
101 models [2] recycles 0 hard 0 soft 0 temp 1 loss 3.17 i_con 5.07 plddt 0.25 ptm 0.16 i_ptm 0.09 energy -39.61
102 models [4] recycles 0 hard 0 soft 0 temp 0.98 loss 2.08 i_con 3.98 plddt 0.22 ptm 0.39 i_ptm 0.44 energy -39.49
103 models [0] recycles 0 hard 0 soft 0 temp 0.96 loss 2.41 i_con 4.30 plddt 0.27 ptm 0.83 i_ptm 0.24 energy -39.24
104 models [1] recycles 0 hard 0 soft 0 temp 0.94 loss 4.13 i_con 6.05 plddt 0.26 ptm 0.86 i_ptm 0.14 energy -40.02
105 models [4] recycles 0 hard 0 soft 0 temp 0.92 loss 3.73 i_con 5.65 plddt 0.21 ptm 0.87 i_ptm 0.12 energy -39.99
106 models [3] recycles 0 hard 0 soft 0 temp 0.90 loss 3.04 i_con 4.96 plddt 0.19 ptm 0.84 i_ptm 0.08 energy -40.13
107 models [1] recycles 0 hard 0 soft 0 temp 0.88 loss 3.87 i_con 5.81 plddt 0.24 ptm 0.86 i_ptm 0.12 energy -40.46
108 models [3] recycles 0 hard 0 soft 0 temp 0.86 loss 2.78 i_con 4.73 plddt 0.23 ptm 0.85 i_ptm 0.13 energy -40.54
109 models [1] recycles 0 hard 0 soft 0 temp 0.84 loss 4.01 i_con 5.97 plddt 0.27 ptm 0.87 i_ptm 0.17 energy -40.65
110 models [2] recycles 0 hard 0 soft 0 temp 0.82 loss 2.69 i_con 4.67 plddt 0.25 ptm 0.85 i_ptm 0.14 energy -41.13
111 models [4] recycles 0 hard 0 soft 0 temp 0.80 loss 3.36 i_con 5.34 plddt 0.23 ptm 0.87 i_ptm 0.13 energy -41.17
112 models [4] recycles 0 hard 0 soft 0 temp 0.78 loss 2.76 i_con 4.75 plddt 0.22 ptm 0.88 i_ptm 0.14 energy -41.27
113 models [2] recycles 0 hard 0 soft 0 temp 0.76 loss 2.37 i_con 4.35 plddt 0.25 ptm 0.86 i_ptm 0.19 energy -41.12
114 models [0] recycles 0 hard 0 soft 0 temp 0.74 loss 2.35 i_con 4.33 plddt 0.25 ptm 0.84 i_ptm 0.21 energy -41.16
115 models [4] recycles 0 hard 0 soft 0 temp 0.72 loss 2.35 i_con 4.34 plddt 0.23 ptm 0.86 i_ptm 0.17 energy -41.43
116 models [0] recycles 0 hard 0 soft 0 temp 0.70 loss 2.07 i_con 4.06 plddt 0.28 ptm 0.85 i_ptm 0.31 energy -41.30
117 models [3] recycles 0 hard 0 soft 0 temp 0.68 loss 2.02 i_con 4.04 plddt 0.29 ptm 0.86 i_ptm 0.35 energy -41.89
118 models [2] recycles 0 hard 0 soft 0 temp 0.66 loss 1.88 i_con 3.92 plddt 0.37 ptm 0.86 i_ptm 0.43 energy -42.06
119 models [1] recycles 0 hard 0 soft 0 temp 0.64 loss 3.85 i_con 5.89 plddt 0.26 ptm 0.86 i_ptm 0.19 energy -42.22
120 models [0] recycles 0 hard 0 soft 0 temp 0.62 loss 1.98 i_con 4.02 plddt 0.31 ptm 0.85 i_ptm 0.34 energy -42.24
121 models [0] recycles 0 hard 0 soft 0 temp 0.60 loss 2.02 i_con 4.07 plddt 0.28 ptm 0.85 i_ptm 0.32 energy -42.55
122 models [0] recycles 0 hard 0 soft 0 temp 0.58 loss 2.36 i_con 4.45 plddt 0.23 ptm 0.84 i_ptm 0.18 energy -43.19
123 models [0] recycles 0 hard 0 soft 0 temp 0.56 loss 2.12 i_con 4.22 plddt 0.26 ptm 0.83 i_ptm 0.22 energy -43.43
124 models [2] recycles 0 hard 0 soft 0 temp 0.54 loss 1.84 i_con 3.96 plddt 0.31 ptm 0.87 i_ptm 0.38 energy -43.74
125 models [0] recycles 0 hard 0 soft 0 temp 0.52 loss 1.70 i_con 3.84 plddt 0.34 ptm 0.85 i_ptm 0.43 energy -44.14
126 models [1] recycles 0 hard 0 soft 0 temp 0.50 loss 3.56 i_con 5.75 plddt 0.25 ptm 0.86 i_ptm 0.18 energy -45.24
127 models [2] recycles 0 hard 0 soft 0 temp 0.48 loss 1.74 i_con 3.94 plddt 0.30 ptm 0.87 i_ptm 0.37 energy -45.49
128 models [4] recycles 0 hard 0 soft 0 temp 0.46 loss 1.88 i_con 4.13 plddt 0.26 ptm 0.88 i_ptm 0.29 energy -46.44
129 models [0] recycles 0 hard 0 soft 0 temp 0.44 loss 1.77 i_con 4.03 plddt 0.30 ptm 0.84 i_ptm 0.31 energy -46.59
130 models [1] recycles 0 hard 0 soft 0 temp 0.42 loss 3.16 i_con 5.42 plddt 0.27 ptm 0.85 i_ptm 0.14 energy -46.67
131 models [4] recycles 0 hard 0 soft 0 temp 0.40 loss 1.54 i_con 3.82 plddt 0.30 ptm 0.88 i_ptm 0.39 energy -46.98
132 models [1] recycles 0 hard 0 soft 0 temp 0.38 loss 1.86 i_con 4.16 plddt 0.27 ptm 0.86 i_ptm 0.28 energy -47.42
133 models [1] recycles 0 hard 0 soft 0 temp 0.36 loss 3.32 i_con 5.64 plddt 0.24 ptm 0.85 i_ptm 0.13 energy -47.76
134 models [3] recycles 0 hard 0 soft 0 temp 0.34 loss 1.48 i_con 3.83 plddt 0.31 ptm 0.86 i_ptm 0.43 energy -48.40
135 models [1] recycles 0 hard 0 soft 0 temp 0.32 loss 2.47 i_con 4.82 plddt 0.23 ptm 0.86 i_ptm 0.13 energy -48.63
136 models [3] recycles 0 hard 0 soft 0 temp 0.30 loss 1.56 i_con 3.92 plddt 0.29 ptm 0.86 i_ptm 0.37 energy -48.62
137 models [3] recycles 0 hard 0 soft 0 temp 0.28 loss 1.42 i_con 3.80 plddt 0.32 ptm 0.87 i_ptm 0.46 energy -48.92
138 models [2] recycles 0 hard 0 soft 0 temp 0.26 loss 1.39 i_con 3.83 plddt 0.32 ptm 0.86 i_ptm 0.41 energy -50.13
139 models [3] recycles 0 hard 0 soft 0 temp 0.24 loss 1.47 i_con 3.93 plddt 0.30 ptm 0.86 i_ptm 0.38 energy -50.57
140 models [2] recycles 0 hard 0 soft 0 temp 0.22 loss 2.89 i_con 5.35 plddt 0.23 ptm 0.84 i_ptm 0.14 energy -50.77
141 models [3] recycles 0 hard 0 soft 0 temp 0.20 loss 1.27 i_con 3.74 plddt 0.33 ptm 0.87 i_ptm 0.47 energy -50.75
142 models [3] recycles 0 hard 0 soft 0 temp 0.18 loss 1.28 i_con 3.82 plddt 0.30 ptm 0.86 i_ptm 0.40 energy -52.10
143 models [3] recycles 0 hard 0 soft 0 temp 0.16 loss 1.13 i_con 3.74 plddt 0.35 ptm 0.86 i_ptm 0.45 energy -53.55
144 models [4] recycles 0 hard 0 soft 0 temp 0.14 loss 1.05 i_con 3.73 plddt 0.32 ptm 0.89 i_ptm 0.44 energy -55.06
145 models [4] recycles 0 hard 0 soft 0 temp 0.12 loss 0.91 i_con 3.64 plddt 0.32 ptm 0.88 i_ptm 0.46 energy -56.00
146 models [0] recycles 0 hard 0 soft 0 temp 0.10 loss 1.22 i_con 3.98 plddt 0.29 ptm 0.84 i_ptm 0.39 energy -56.70
147 models [1] recycles 0 hard 0 soft 0 temp 0.08 loss 1.50 i_con 4.32 plddt 0.25 ptm 0.86 i_ptm 0.22 energy -57.87
148 models [1] recycles 0 hard 0 soft 0 temp 0.06 loss 2.47 i_con 5.34 plddt 0.25 ptm 0.85 i_ptm 0.12 energy -58.78
149 models [1] recycles 0 hard 0 soft 0 temp 0.04 loss 2.37 i_con 5.24 plddt 0.24 ptm 0.86 i_ptm 0.13 energy -58.77
150 models [3] recycles 0 hard 0 soft 0 temp 0.02 loss 1.03 i_con 3.91 plddt 0.31 ptm 0.85 i_ptm 0.39 energy -58.93
151 models [2] recycles 0 hard 1 soft 0 temp 0.00 loss 1.18 i_con 3.75 plddt 0.34 ptm 0.87 i_ptm 0.48 energy -5.26
152 models [3] recycles 0 hard 1 soft 0 temp 0.00 loss 1.15 i_con 3.72 plddt 0.34 ptm 0.86 i_ptm 0.49 energy -5.26
153 models [4] recycles 0 hard 1 soft 0 temp 0.00 loss 1.11 i_con 3.68 plddt 0.33 ptm 0.89 i_ptm 0.52 energy -5.26
154 models [2] recycles 0 hard 1 soft 0 temp 0.00 loss 1.18 i_con 3.75 plddt 0.34 ptm 0.87 i_ptm 0.48 energy -5.26
155 models [0] recycles 0 hard 1 soft 0 temp 0.00 loss 1.31 i_con 3.87 plddt 0.31 ptm 0.84 i_ptm 0.42 energy -5.26
156 models [4] recycles 0 hard 1 soft 0 temp 0.00 loss 1.11 i_con 3.68 plddt 0.33 ptm 0.89 i_ptm 0.52 energy -5.26
157 models [0] recycles 0 hard 1 soft 0 temp 0.00 loss 1.31 i_con 3.87 plddt 0.31 ptm 0.84 i_ptm 0.42 energy -5.26
158 models [0] recycles 0 hard 1 soft 0 temp 0.00 loss 1.31 i_con 3.87 plddt 0.31 ptm 0.84 i_ptm 0.42 energy -5.26
159 models [1] recycles 0 hard 1 soft 0 temp 0.00 loss 1.54 i_con 4.10 plddt 0.27 ptm 0.86 i_ptm 0.29 energy -5.26
160 models [1] recycles 0 hard 1 soft 0 temp 0.00 loss 1.54 i_con 4.10 plddt 0.27 ptm 0.86 i_ptm 0.29 energy -5.26
161 models [0] recycles 0 hard 1 soft 0 temp 0.00 loss 1.31 i_con 3.87 plddt 0.31 ptm 0.84 i_ptm 0.42 energy -5.26
162 models [3] recycles 0 hard 1 soft 0 temp 0.00 loss 1.15 i_con 3.72 plddt 0.34 ptm 0.86 i_ptm 0.49 energy -5.26
163 models [3] recycles 0 hard 1 soft 0 temp 0.00 loss 1.15 i_con 3.72 plddt 0.34 ptm 0.86 i_ptm 0.49 energy -5.26
164 models [4] recycles 0 hard 1 soft 0 temp 0.00 loss 1.11 i_con 3.68 plddt 0.33 ptm 0.89 i_ptm 0.52 energy -5.26
165 models [2] recycles 0 hard 1 soft 0 temp 0.00 loss 1.18 i_con 3.75 plddt 0.34 ptm 0.87 i_ptm 0.48 energy -5.26
166 models [4] recycles 0 hard 1 soft 0 temp 0.00 loss 1.11 i_con 3.68 plddt 0.33 ptm 0.89 i_ptm 0.52 energy -5.26
167 models [2] recycles 0 hard 1 soft 0 temp 0.00 loss 1.18 i_con 3.75 plddt 0.34 ptm 0.87 i_ptm 0.48 energy -5.26
168 models [2] recycles 0 hard 1 soft 0 temp 0.00 loss 1.18 i_con 3.75 plddt 0.34 ptm 0.87 i_ptm 0.48 energy -5.26
169 models [1] recycles 0 hard 1 soft 0 temp 0.00 loss 1.54 i_con 4.10 plddt 0.27 ptm 0.86 i_ptm 0.29 energy -5.26
170 models [0] recycles 0 hard 1 soft 0 temp 0.00 loss 1.31 i_con 3.87 plddt 0.31 ptm 0.84 i_ptm 0.42 energy -5.26
171 models [4] recycles 0 hard 1 soft 0 temp 0.00 loss 1.11 i_con 3.68 plddt 0.33 ptm 0.89 i_ptm 0.52 energy -5.26
172 models [1] recycles 0 hard 1 soft 0 temp 0.00 loss 1.54 i_con 4.10 plddt 0.27 ptm 0.86 i_ptm 0.29 energy -5.26
173 models [4] recycles 0 hard 1 soft 0 temp 0.00 loss 1.11 i_con 3.68 plddt 0.33 ptm 0.89 i_ptm 0.52 energy -5.26
174 models [3] recycles 0 hard 1 soft 0 temp 0.00 loss 1.15 i_con 3.72 plddt 0.34 ptm 0.86 i_ptm 0.49 energy -5.26
175 models [2] recycles 0 hard 1 soft 0 temp 0.00 loss 1.18 i_con 3.75 plddt 0.34 ptm 0.87 i_ptm 0.48 energy -5.26
176 models [4] recycles 0 hard 1 soft 0 temp 0.00 loss 1.11 i_con 3.68 plddt 0.33 ptm 0.89 i_ptm 0.52 energy -5.26
177 models [2] recycles 0 hard 1 soft 0 temp 0.00 loss 1.18 i_con 3.75 plddt 0.34 ptm 0.87 i_ptm 0.48 energy -5.26
178 models [0] recycles 0 hard 1 soft 0 temp 0.00 loss 1.31 i_con 3.87 plddt 0.31 ptm 0.84 i_ptm 0.42 energy -5.26
179 models [3] recycles 0 hard 1 soft 0 temp 0.00 loss 1.15 i_con 3.72 plddt 0.34 ptm 0.86 i_ptm 0.49 energy -5.26
180 models [2] recycles 0 hard 1 soft 0 temp 0.00 loss 1.18 i_con 3.75 plddt 0.34 ptm 0.87 i_ptm 0.48 energy -5.26
  seq=DHFWWWWDHNYQKDA  loss=1.1826  loss_af=3.8135  energy=-5.2619  i_ptm=0.4775
[9/30] seed=8 ...
1 models [3] recycles 0 hard 0 soft 1 temp 1 loss 4.39 i_con 3.95 plddt 0.32 ptm 0.85 i_ptm 0.38 energy 7.40
2 models [1] recycles 0 hard 0 soft 1 temp 1 loss 4.39 i_con 3.97 plddt 0.28 ptm 0.87 i_ptm 0.34 energy 6.92
3 models [3] recycles 0 hard 0 soft 1 temp 1 loss 4.16 i_con 3.77 plddt 0.35 ptm 0.86 i_ptm 0.47 energy 6.39
4 models [2] recycles 0 hard 0 soft 1 temp 1 loss 4.26 i_con 3.91 plddt 0.35 ptm 0.87 i_ptm 0.43 energy 5.56
5 models [2] recycles 0 hard 0 soft 1 temp 1 loss 4.11 i_con 3.81 plddt 0.36 ptm 0.87 i_ptm 0.47 energy 4.87
6 models [3] recycles 0 hard 0 soft 1 temp 1 loss 4.04 i_con 3.76 plddt 0.37 ptm 0.87 i_ptm 0.48 energy 4.25
7 models [4] recycles 0 hard 0 soft 1 temp 1 loss 4.32 i_con 4.06 plddt 0.32 ptm 0.88 i_ptm 0.37 energy 3.71
8 models [0] recycles 0 hard 0 soft 1 temp 1 loss 4.23 i_con 3.99 plddt 0.31 ptm 0.85 i_ptm 0.37 energy 3.42
9 models [0] recycles 0 hard 0 soft 1 temp 1 loss 4.21 i_con 3.98 plddt 0.35 ptm 0.84 i_ptm 0.40 energy 3.22
10 models [1] recycles 0 hard 0 soft 1 temp 1 loss 5.40 i_con 5.17 plddt 0.22 ptm 0.85 i_ptm 0.13 energy 3.06
11 models [3] recycles 0 hard 0 soft 1 temp 1 loss 3.98 i_con 3.76 plddt 0.37 ptm 0.87 i_ptm 0.47 energy 3.05
12 models [0] recycles 0 hard 0 soft 1 temp 1 loss 4.00 i_con 3.80 plddt 0.36 ptm 0.85 i_ptm 0.48 energy 2.78
13 models [1] recycles 0 hard 0 soft 1 temp 1 loss 4.50 i_con 4.29 plddt 0.23 ptm 0.86 i_ptm 0.21 energy 2.56
14 models [2] recycles 0 hard 0 soft 1 temp 1 loss 4.01 i_con 3.82 plddt 0.35 ptm 0.87 i_ptm 0.49 energy 2.47
15 models [2] recycles 0 hard 0 soft 1 temp 1 loss 3.97 i_con 3.80 plddt 0.41 ptm 0.87 i_ptm 0.51 energy 2.33
16 models [4] recycles 0 hard 0 soft 1 temp 1 loss 4.17 i_con 3.99 plddt 0.36 ptm 0.88 i_ptm 0.44 energy 2.23
17 models [0] recycles 0 hard 0 soft 1 temp 1 loss 3.94 i_con 3.77 plddt 0.35 ptm 0.85 i_ptm 0.45 energy 2.15
18 models [2] recycles 0 hard 0 soft 1 temp 1 loss 3.94 i_con 3.78 plddt 0.41 ptm 0.87 i_ptm 0.54 energy 2.01
19 models [1] recycles 0 hard 0 soft 1 temp 1 loss 4.57 i_con 4.41 plddt 0.24 ptm 0.86 i_ptm 0.17 energy 1.83
20 models [1] recycles 0 hard 0 soft 1 temp 1 loss 4.47 i_con 4.30 plddt 0.24 ptm 0.86 i_ptm 0.18 energy 1.87
21 models [4] recycles 0 hard 0 soft 1 temp 1 loss 4.02 i_con 3.86 plddt 0.34 ptm 0.89 i_ptm 0.46 energy 1.90
22 models [3] recycles 0 hard 0 soft 1 temp 1 loss 3.91 i_con 3.76 plddt 0.34 ptm 0.86 i_ptm 0.45 energy 1.79
23 models [2] recycles 0 hard 0 soft 1 temp 1 loss 3.95 i_con 3.81 plddt 0.36 ptm 0.87 i_ptm 0.48 energy 1.57
24 models [0] recycles 0 hard 0 soft 1 temp 1 loss 4.19 i_con 4.05 plddt 0.29 ptm 0.84 i_ptm 0.32 energy 1.29
25 models [0] recycles 0 hard 0 soft 1 temp 1 loss 3.90 i_con 3.78 plddt 0.38 ptm 0.85 i_ptm 0.51 energy 1.27
26 models [2] recycles 0 hard 0 soft 1 temp 1 loss 3.92 i_con 3.81 plddt 0.39 ptm 0.87 i_ptm 0.51 energy 1.00
27 models [4] recycles 0 hard 0 soft 1 temp 1 loss 3.72 i_con 3.63 plddt 0.43 ptm 0.89 i_ptm 0.57 energy 0.62
28 models [1] recycles 0 hard 0 soft 1 temp 1 loss 4.02 i_con 3.94 plddt 0.32 ptm 0.87 i_ptm 0.40 energy 0.35
29 models [4] recycles 0 hard 0 soft 1 temp 1 loss 3.76 i_con 3.70 plddt 0.40 ptm 0.89 i_ptm 0.54 energy 0.13
30 models [1] recycles 0 hard 0 soft 1 temp 1 loss 4.03 i_con 3.97 plddt 0.30 ptm 0.87 i_ptm 0.34 energy -0.11
31 models [3] recycles 0 hard 0 soft 1 temp 1 loss 3.67 i_con 3.62 plddt 0.38 ptm 0.86 i_ptm 0.56 energy -0.07
32 models [2] recycles 0 hard 0 soft 1 temp 1 loss 3.59 i_con 3.54 plddt 0.45 ptm 0.88 i_ptm 0.63 energy -0.14
33 models [3] recycles 0 hard 0 soft 1 temp 1 loss 3.52 i_con 3.47 plddt 0.42 ptm 0.87 i_ptm 0.64 energy -0.30
34 models [3] recycles 0 hard 0 soft 1 temp 1 loss 3.62 i_con 3.58 plddt 0.39 ptm 0.87 i_ptm 0.60 energy -0.44
35 models [4] recycles 0 hard 0 soft 1 temp 1 loss 3.74 i_con 3.69 plddt 0.38 ptm 0.89 i_ptm 0.53 energy -0.24
36 models [2] recycles 0 hard 0 soft 1 temp 1 loss 3.71 i_con 3.69 plddt 0.42 ptm 0.87 i_ptm 0.56 energy -0.80
37 models [0] recycles 0 hard 0 soft 1 temp 1 loss 3.76 i_con 3.75 plddt 0.43 ptm 0.85 i_ptm 0.51 energy -0.86
38 models [2] recycles 0 hard 0 soft 1 temp 1 loss 3.73 i_con 3.73 plddt 0.42 ptm 0.87 i_ptm 0.54 energy -1.02
39 models [3] recycles 0 hard 0 soft 1 temp 1 loss 3.42 i_con 3.42 plddt 0.49 ptm 0.87 i_ptm 0.63 energy -1.12
40 models [0] recycles 0 hard 0 soft 1 temp 1 loss 3.69 i_con 3.68 plddt 0.44 ptm 0.85 i_ptm 0.52 energy -0.84
41 models [3] recycles 0 hard 0 soft 1 temp 1 loss 4.40 i_con 4.39 plddt 0.29 ptm 0.84 i_ptm 0.22 energy -1.18
42 models [4] recycles 0 hard 0 soft 1 temp 1 loss 3.72 i_con 3.72 plddt 0.43 ptm 0.89 i_ptm 0.57 energy -1.06
43 models [3] recycles 0 hard 0 soft 1 temp 1 loss 3.55 i_con 3.55 plddt 0.43 ptm 0.87 i_ptm 0.60 energy -1.18
44 models [1] recycles 0 hard 0 soft 1 temp 1 loss 3.66 i_con 3.68 plddt 0.41 ptm 0.87 i_ptm 0.56 energy -1.50
45 models [2] recycles 0 hard 0 soft 1 temp 1 loss 3.50 i_con 3.52 plddt 0.40 ptm 0.88 i_ptm 0.61 energy -1.46
46 models [4] recycles 0 hard 0 soft 1 temp 1 loss 3.49 i_con 3.52 plddt 0.48 ptm 0.89 i_ptm 0.62 energy -1.63
47 models [4] recycles 0 hard 0 soft 1 temp 1 loss 3.72 i_con 3.74 plddt 0.37 ptm 0.88 i_ptm 0.53 energy -1.60
48 models [1] recycles 0 hard 0 soft 1 temp 1 loss 3.85 i_con 3.86 plddt 0.31 ptm 0.87 i_ptm 0.39 energy -1.58
49 models [2] recycles 0 hard 0 soft 1 temp 1 loss 3.71 i_con 3.72 plddt 0.37 ptm 0.88 i_ptm 0.54 energy -1.62
50 models [0] recycles 0 hard 0 soft 1 temp 1 loss 3.62 i_con 3.65 plddt 0.40 ptm 0.86 i_ptm 0.53 energy -1.76
51 models [3] recycles 0 hard 0 soft 1 temp 1 loss 3.35 i_con 3.64 plddt 0.42 ptm 0.87 i_ptm 0.55 energy -1.73
52 models [2] recycles 0 hard 0 soft 1 temp 1 loss 3.21 i_con 3.51 plddt 0.50 ptm 0.88 i_ptm 0.64 energy -1.74
53 models [1] recycles 0 hard 0 soft 1 temp 1 loss 3.34 i_con 3.66 plddt 0.40 ptm 0.88 i_ptm 0.56 energy -1.91
54 models [0] recycles 0 hard 0 soft 1 temp 1 loss 3.29 i_con 3.65 plddt 0.42 ptm 0.86 i_ptm 0.57 energy -2.06
55 models [0] recycles 0 hard 0 soft 1 temp 1 loss 3.22 i_con 3.59 plddt 0.41 ptm 0.85 i_ptm 0.58 energy -2.14
56 models [4] recycles 0 hard 0 soft 1 temp 1 loss 3.21 i_con 3.60 plddt 0.41 ptm 0.89 i_ptm 0.58 energy -2.26
57 models [0] recycles 0 hard 0 soft 1 temp 1 loss 3.04 i_con 3.45 plddt 0.43 ptm 0.86 i_ptm 0.64 energy -2.32
58 models [2] recycles 0 hard 0 soft 1 temp 1 loss 3.27 i_con 3.69 plddt 0.42 ptm 0.88 i_ptm 0.57 energy -2.38
59 models [3] recycles 0 hard 0 soft 1 temp 1 loss 2.91 i_con 3.36 plddt 0.43 ptm 0.88 i_ptm 0.69 energy -2.53
60 models [4] recycles 0 hard 0 soft 1 temp 1 loss 3.19 i_con 3.65 plddt 0.41 ptm 0.88 i_ptm 0.58 energy -2.58
61 models [3] recycles 0 hard 0 soft 1 temp 1 loss 2.74 i_con 3.23 plddt 0.47 ptm 0.87 i_ptm 0.74 energy -2.71
62 models [3] recycles 0 hard 0 soft 1 temp 1 loss 3.05 i_con 3.54 plddt 0.50 ptm 0.87 i_ptm 0.61 energy -2.72
63 models [4] recycles 0 hard 0 soft 1 temp 1 loss 3.14 i_con 3.63 plddt 0.41 ptm 0.89 i_ptm 0.58 energy -2.72
64 models [1] recycles 0 hard 0 soft 1 temp 1 loss 3.24 i_con 3.73 plddt 0.37 ptm 0.87 i_ptm 0.54 energy -2.76
65 models [3] recycles 0 hard 0 soft 1 temp 1 loss 2.86 i_con 3.36 plddt 0.43 ptm 0.87 i_ptm 0.69 energy -2.77
66 models [1] recycles 0 hard 0 soft 1 temp 1 loss 3.51 i_con 3.99 plddt 0.32 ptm 0.86 i_ptm 0.38 energy -2.74
67 models [1] recycles 0 hard 0 soft 1 temp 1 loss 3.13 i_con 3.61 plddt 0.41 ptm 0.88 i_ptm 0.59 energy -2.72
68 models [3] recycles 0 hard 0 soft 1 temp 1 loss 2.95 i_con 3.44 plddt 0.41 ptm 0.87 i_ptm 0.65 energy -2.73
69 models [0] recycles 0 hard 0 soft 1 temp 1 loss 3.27 i_con 3.77 plddt 0.39 ptm 0.85 i_ptm 0.50 energy -2.80
70 models [4] recycles 0 hard 0 soft 1 temp 1 loss 4.94 i_con 5.47 plddt 0.33 ptm 0.87 i_ptm 0.31 energy -2.97
71 models [2] recycles 0 hard 0 soft 1 temp 1 loss 3.13 i_con 3.70 plddt 0.46 ptm 0.87 i_ptm 0.55 energy -3.10
72 models [0] recycles 0 hard 0 soft 1 temp 1 loss 2.92 i_con 3.51 plddt 0.43 ptm 0.86 i_ptm 0.63 energy -3.27
73 models [2] recycles 0 hard 0 soft 1 temp 1 loss 3.02 i_con 3.62 plddt 0.46 ptm 0.87 i_ptm 0.61 energy -3.31
74 models [4] recycles 0 hard 0 soft 1 temp 1 loss 3.03 i_con 3.63 plddt 0.43 ptm 0.89 i_ptm 0.59 energy -3.28
75 models [0] recycles 0 hard 0 soft 1 temp 1 loss 2.96 i_con 3.59 plddt 0.41 ptm 0.86 i_ptm 0.57 energy -3.44
76 models [2] recycles 0 hard 0 soft 1 temp 1 loss 2.77 i_con 3.42 plddt 0.46 ptm 0.88 i_ptm 0.66 energy -3.49
77 models [4] recycles 0 hard 0 soft 1 temp 1 loss 2.91 i_con 3.58 plddt 0.47 ptm 0.90 i_ptm 0.60 energy -3.61
78 models [4] recycles 0 hard 0 soft 1 temp 1 loss 3.07 i_con 3.73 plddt 0.38 ptm 0.89 i_ptm 0.53 energy -3.60
79 models [4] recycles 0 hard 0 soft 1 temp 1 loss 2.99 i_con 3.67 plddt 0.42 ptm 0.89 i_ptm 0.55 energy -3.70
80 models [1] recycles 0 hard 0 soft 1 temp 1 loss 3.09 i_con 3.79 plddt 0.38 ptm 0.87 i_ptm 0.46 energy -3.82
81 models [2] recycles 0 hard 0 soft 1 temp 1 loss 2.97 i_con 3.67 plddt 0.42 ptm 0.87 i_ptm 0.57 energy -3.79
82 models [4] recycles 0 hard 0 soft 1 temp 1 loss 2.86 i_con 3.59 plddt 0.40 ptm 0.89 i_ptm 0.59 energy -3.96
83 models [0] recycles 0 hard 0 soft 1 temp 1 loss 2.97 i_con 3.72 plddt 0.38 ptm 0.86 i_ptm 0.53 energy -4.04
84 models [4] recycles 0 hard 0 soft 1 temp 1 loss 2.83 i_con 3.61 plddt 0.44 ptm 0.89 i_ptm 0.58 energy -4.17
85 models [0] recycles 0 hard 0 soft 1 temp 1 loss 3.02 i_con 3.78 plddt 0.38 ptm 0.85 i_ptm 0.50 energy -4.10
86 models [4] recycles 0 hard 0 soft 1 temp 1 loss 2.88 i_con 3.66 plddt 0.38 ptm 0.89 i_ptm 0.56 energy -4.22
87 models [3] recycles 0 hard 0 soft 1 temp 1 loss 2.75 i_con 3.54 plddt 0.42 ptm 0.87 i_ptm 0.62 energy -4.22
88 models [3] recycles 0 hard 0 soft 1 temp 1 loss 2.83 i_con 3.63 plddt 0.40 ptm 0.87 i_ptm 0.56 energy -4.31
89 models [3] recycles 0 hard 0 soft 1 temp 1 loss 3.01 i_con 3.81 plddt 0.38 ptm 0.86 i_ptm 0.50 energy -4.32
90 models [1] recycles 0 hard 0 soft 1 temp 1 loss 4.25 i_con 5.03 plddt 0.27 ptm 0.85 i_ptm 0.18 energy -4.25
91 models [3] recycles 0 hard 0 soft 1 temp 1 loss 2.78 i_con 3.57 plddt 0.44 ptm 0.87 i_ptm 0.59 energy -4.23
92 models [2] recycles 0 hard 0 soft 1 temp 1 loss 2.88 i_con 3.68 plddt 0.41 ptm 0.87 i_ptm 0.56 energy -4.34
93 models [1] recycles 0 hard 0 soft 1 temp 1 loss 3.47 i_con 4.29 plddt 0.26 ptm 0.85 i_ptm 0.24 energy -4.45
94 models [4] recycles 0 hard 0 soft 1 temp 1 loss 2.91 i_con 3.69 plddt 0.41 ptm 0.89 i_ptm 0.52 energy -4.24
95 models [2] recycles 0 hard 0 soft 1 temp 1 loss 2.87 i_con 3.66 plddt 0.40 ptm 0.88 i_ptm 0.56 energy -4.28
96 models [3] recycles 0 hard 0 soft 1 temp 1 loss 2.90 i_con 3.72 plddt 0.41 ptm 0.87 i_ptm 0.51 energy -4.39
97 models [0] recycles 0 hard 0 soft 1 temp 1 loss 2.70 i_con 3.55 plddt 0.49 ptm 0.86 i_ptm 0.58 energy -4.48
98 models [2] recycles 0 hard 0 soft 1 temp 1 loss 2.87 i_con 3.70 plddt 0.42 ptm 0.88 i_ptm 0.56 energy -4.44
99 models [0] recycles 0 hard 0 soft 1 temp 1 loss 2.80 i_con 3.67 plddt 0.41 ptm 0.86 i_ptm 0.57 energy -4.64
100 models [1] recycles 0 hard 0 soft 1 temp 1 loss 3.62 i_con 4.48 plddt 0.25 ptm 0.86 i_ptm 0.17 energy -4.69
101 models [3] recycles 0 hard 0 soft 0 temp 1 loss 3.24 i_con 4.38 plddt 0.23 ptm 0.85 i_ptm 0.17 energy -24.40
102 models [2] recycles 0 hard 0 soft 0 temp 0.98 loss 2.80 i_con 3.96 plddt 0.33 ptm 0.87 i_ptm 0.43 energy -24.57
103 models [2] recycles 0 hard 0 soft 0 temp 0.96 loss 3.34 i_con 4.50 plddt 0.25 ptm 0.85 i_ptm 0.16 energy -24.77
104 models [1] recycles 0 hard 0 soft 0 temp 0.94 loss 5.23 i_con 6.40 plddt 0.26 ptm 0.85 i_ptm 0.21 energy -24.78
105 models [1] recycles 0 hard 0 soft 0 temp 0.92 loss 4.84 i_con 6.04 plddt 0.29 ptm 0.85 i_ptm 0.20 energy -25.39
106 models [1] recycles 0 hard 0 soft 0 temp 0.90 loss 4.38 i_con 5.59 plddt 0.24 ptm 0.86 i_ptm 0.17 energy -25.81
107 models [1] recycles 0 hard 0 soft 0 temp 0.88 loss 4.53 i_con 5.75 plddt 0.28 ptm 0.85 i_ptm 0.20 energy -25.75
108 models [0] recycles 0 hard 0 soft 0 temp 0.86 loss 2.63 i_con 3.87 plddt 0.35 ptm 0.85 i_ptm 0.44 energy -26.03
109 models [2] recycles 0 hard 0 soft 0 temp 0.84 loss 2.63 i_con 3.91 plddt 0.35 ptm 0.87 i_ptm 0.45 energy -26.92
110 models [1] recycles 0 hard 0 soft 0 temp 0.82 loss 3.00 i_con 4.32 plddt 0.27 ptm 0.86 i_ptm 0.24 energy -27.91
111 models [0] recycles 0 hard 0 soft 0 temp 0.80 loss 2.53 i_con 3.86 plddt 0.37 ptm 0.86 i_ptm 0.47 energy -27.85
112 models [4] recycles 0 hard 0 soft 0 temp 0.78 loss 2.41 i_con 3.82 plddt 0.34 ptm 0.88 i_ptm 0.48 energy -29.57
113 models [1] recycles 0 hard 0 soft 0 temp 0.76 loss 4.14 i_con 5.58 plddt 0.25 ptm 0.85 i_ptm 0.17 energy -30.21
114 models [3] recycles 0 hard 0 soft 0 temp 0.74 loss 2.67 i_con 4.12 plddt 0.29 ptm 0.84 i_ptm 0.32 energy -30.49
115 models [0] recycles 0 hard 0 soft 0 temp 0.72 loss 2.30 i_con 3.76 plddt 0.37 ptm 0.86 i_ptm 0.51 energy -30.43
116 models [1] recycles 0 hard 0 soft 0 temp 0.70 loss 2.72 i_con 4.20 plddt 0.29 ptm 0.86 i_ptm 0.28 energy -31.11
117 models [3] recycles 0 hard 0 soft 0 temp 0.68 loss 2.26 i_con 3.77 plddt 0.36 ptm 0.87 i_ptm 0.49 energy -31.48
118 models [1] recycles 0 hard 0 soft 0 temp 0.66 loss 3.29 i_con 4.83 plddt 0.26 ptm 0.86 i_ptm 0.11 energy -32.26
119 models [3] recycles 0 hard 0 soft 0 temp 0.64 loss 2.18 i_con 3.73 plddt 0.38 ptm 0.87 i_ptm 0.52 energy -32.22
120 models [4] recycles 0 hard 0 soft 0 temp 0.62 loss 2.26 i_con 3.84 plddt 0.37 ptm 0.89 i_ptm 0.48 energy -32.78
121 models [4] recycles 0 hard 0 soft 0 temp 0.60 loss 1.97 i_con 3.59 plddt 0.39 ptm 0.89 i_ptm 0.58 energy -33.56
122 models [2] recycles 0 hard 0 soft 0 temp 0.58 loss 2.14 i_con 3.77 plddt 0.36 ptm 0.88 i_ptm 0.53 energy -33.93
123 models [3] recycles 0 hard 0 soft 0 temp 0.56 loss 2.03 i_con 3.75 plddt 0.39 ptm 0.87 i_ptm 0.50 energy -35.48
124 models [3] recycles 0 hard 0 soft 0 temp 0.54 loss 1.96 i_con 3.73 plddt 0.37 ptm 0.86 i_ptm 0.51 energy -36.70
125 models [4] recycles 0 hard 0 soft 0 temp 0.52 loss 2.05 i_con 3.84 plddt 0.37 ptm 0.89 i_ptm 0.48 energy -37.01
126 models [4] recycles 0 hard 0 soft 0 temp 0.50 loss 1.52 i_con 3.32 plddt 0.44 ptm 0.90 i_ptm 0.65 energy -37.10
127 models [4] recycles 0 hard 0 soft 0 temp 0.48 loss 1.96 i_con 3.78 plddt 0.38 ptm 0.89 i_ptm 0.53 energy -37.69
128 models [0] recycles 0 hard 0 soft 0 temp 0.46 loss 1.91 i_con 3.77 plddt 0.36 ptm 0.85 i_ptm 0.52 energy -38.46
129 models [4] recycles 0 hard 0 soft 0 temp 0.44 loss 1.34 i_con 3.20 plddt 0.44 ptm 0.90 i_ptm 0.68 energy -38.45
130 models [4] recycles 0 hard 0 soft 0 temp 0.42 loss 1.61 i_con 3.48 plddt 0.41 ptm 0.90 i_ptm 0.62 energy -38.48
131 models [0] recycles 0 hard 0 soft 0 temp 0.40 loss 1.66 i_con 3.54 plddt 0.42 ptm 0.86 i_ptm 0.62 energy -38.69
132 models [2] recycles 0 hard 0 soft 0 temp 0.38 loss 1.09 i_con 3.02 plddt 0.47 ptm 0.89 i_ptm 0.74 energy -39.48
133 models [3] recycles 0 hard 0 soft 0 temp 0.36 loss 1.76 i_con 3.71 plddt 0.38 ptm 0.86 i_ptm 0.55 energy -40.18
134 models [0] recycles 0 hard 0 soft 0 temp 0.34 loss 2.05 i_con 4.04 plddt 0.31 ptm 0.84 i_ptm 0.35 energy -41.16
135 models [1] recycles 0 hard 0 soft 0 temp 0.32 loss 1.96 i_con 3.98 plddt 0.29 ptm 0.87 i_ptm 0.39 energy -41.72
136 models [0] recycles 0 hard 0 soft 0 temp 0.30 loss 1.88 i_con 3.92 plddt 0.36 ptm 0.84 i_ptm 0.43 energy -41.91
137 models [3] recycles 0 hard 0 soft 0 temp 0.28 loss 2.43 i_con 4.45 plddt 0.26 ptm 0.84 i_ptm 0.23 energy -42.00
138 models [4] recycles 0 hard 0 soft 0 temp 0.26 loss 1.73 i_con 3.79 plddt 0.36 ptm 0.89 i_ptm 0.48 energy -42.31
139 models [2] recycles 0 hard 0 soft 0 temp 0.24 loss 1.75 i_con 3.83 plddt 0.40 ptm 0.87 i_ptm 0.48 energy -42.74
140 models [1] recycles 0 hard 0 soft 0 temp 0.22 loss 2.12 i_con 4.20 plddt 0.27 ptm 0.86 i_ptm 0.23 energy -42.99
141 models [2] recycles 0 hard 0 soft 0 temp 0.20 loss 1.56 i_con 3.66 plddt 0.38 ptm 0.88 i_ptm 0.55 energy -43.14
142 models [4] recycles 0 hard 0 soft 0 temp 0.18 loss 1.63 i_con 3.76 plddt 0.34 ptm 0.89 i_ptm 0.49 energy -43.91
143 models [1] recycles 0 hard 0 soft 0 temp 0.16 loss 2.45 i_con 4.63 plddt 0.24 ptm 0.85 i_ptm 0.16 energy -45.07
144 models [1] recycles 0 hard 0 soft 0 temp 0.14 loss 1.80 i_con 3.98 plddt 0.31 ptm 0.86 i_ptm 0.41 energy -44.97
145 models [2] recycles 0 hard 0 soft 0 temp 0.12 loss 1.60 i_con 3.78 plddt 0.41 ptm 0.87 i_ptm 0.53 energy -44.86
146 models [2] recycles 0 hard 0 soft 0 temp 0.10 loss 0.69 i_con 2.91 plddt 0.50 ptm 0.89 i_ptm 0.76 energy -45.39
147 models [4] recycles 0 hard 0 soft 0 temp 0.08 loss 1.53 i_con 3.77 plddt 0.36 ptm 0.89 i_ptm 0.51 energy -45.99
148 models [0] recycles 0 hard 0 soft 0 temp 0.06 loss 1.29 i_con 3.53 plddt 0.40 ptm 0.86 i_ptm 0.61 energy -45.95
149 models [3] recycles 0 hard 0 soft 0 temp 0.04 loss 1.55 i_con 3.79 plddt 0.35 ptm 0.86 i_ptm 0.49 energy -45.95
150 models [3] recycles 0 hard 0 soft 0 temp 0.02 loss 1.19 i_con 3.44 plddt 0.40 ptm 0.88 i_ptm 0.65 energy -46.34
151 models [1] recycles 0 hard 1 soft 0 temp 0.00 loss 3.61 i_con 5.58 plddt 0.26 ptm 0.85 i_ptm 0.20 energy -4.10
152 models [2] recycles 0 hard 1 soft 0 temp 0.00 loss 2.57 i_con 4.55 plddt 0.29 ptm 0.86 i_ptm 0.32 energy -4.10
153 models [0] recycles 0 hard 1 soft 0 temp 0.00 loss 1.98 i_con 3.96 plddt 0.34 ptm 0.84 i_ptm 0.41 energy -4.10
154 models [4] recycles 0 hard 1 soft 0 temp 0.00 loss 2.64 i_con 4.62 plddt 0.29 ptm 0.88 i_ptm 0.31 energy -4.10
155 models [4] recycles 0 hard 1 soft 0 temp 0.00 loss 2.64 i_con 4.62 plddt 0.29 ptm 0.88 i_ptm 0.31 energy -4.10
156 models [2] recycles 0 hard 1 soft 0 temp 0.00 loss 2.57 i_con 4.55 plddt 0.29 ptm 0.86 i_ptm 0.32 energy -4.10
157 models [1] recycles 0 hard 1 soft 0 temp 0.00 loss 3.61 i_con 5.58 plddt 0.26 ptm 0.85 i_ptm 0.20 energy -4.10
158 models [2] recycles 0 hard 1 soft 0 temp 0.00 loss 2.57 i_con 4.55 plddt 0.29 ptm 0.86 i_ptm 0.32 energy -4.10
159 models [3] recycles 0 hard 1 soft 0 temp 0.00 loss 2.36 i_con 4.34 plddt 0.35 ptm 0.86 i_ptm 0.44 energy -4.10
160 models [0] recycles 0 hard 1 soft 0 temp 0.00 loss 1.98 i_con 3.96 plddt 0.34 ptm 0.84 i_ptm 0.41 energy -4.10
161 models [3] recycles 0 hard 1 soft 0 temp 0.00 loss 2.36 i_con 4.34 plddt 0.35 ptm 0.86 i_ptm 0.44 energy -4.10
162 models [2] recycles 0 hard 1 soft 0 temp 0.00 loss 2.57 i_con 4.55 plddt 0.29 ptm 0.86 i_ptm 0.32 energy -4.10
163 models [1] recycles 0 hard 1 soft 0 temp 0.00 loss 3.61 i_con 5.58 plddt 0.26 ptm 0.85 i_ptm 0.20 energy -4.10
164 models [3] recycles 0 hard 1 soft 0 temp 0.00 loss 2.36 i_con 4.34 plddt 0.35 ptm 0.86 i_ptm 0.44 energy -4.10
165 models [4] recycles 0 hard 1 soft 0 temp 0.00 loss 2.64 i_con 4.62 plddt 0.29 ptm 0.88 i_ptm 0.31 energy -4.10
166 models [4] recycles 0 hard 1 soft 0 temp 0.00 loss 2.64 i_con 4.62 plddt 0.29 ptm 0.88 i_ptm 0.31 energy -4.10
167 models [2] recycles 0 hard 1 soft 0 temp 0.00 loss 2.57 i_con 4.55 plddt 0.29 ptm 0.86 i_ptm 0.32 energy -4.10
168 models [0] recycles 0 hard 1 soft 0 temp 0.00 loss 1.98 i_con 3.96 plddt 0.34 ptm 0.84 i_ptm 0.41 energy -4.10
169 models [1] recycles 0 hard 1 soft 0 temp 0.00 loss 3.61 i_con 5.58 plddt 0.26 ptm 0.85 i_ptm 0.20 energy -4.10
170 models [0] recycles 0 hard 1 soft 0 temp 0.00 loss 1.98 i_con 3.96 plddt 0.34 ptm 0.84 i_ptm 0.41 energy -4.10
171 models [2] recycles 0 hard 1 soft 0 temp 0.00 loss 2.57 i_con 4.55 plddt 0.29 ptm 0.86 i_ptm 0.32 energy -4.10
172 models [4] recycles 0 hard 1 soft 0 temp 0.00 loss 2.64 i_con 4.62 plddt 0.29 ptm 0.88 i_ptm 0.31 energy -4.10
173 models [3] recycles 0 hard 1 soft 0 temp 0.00 loss 2.36 i_con 4.34 plddt 0.35 ptm 0.86 i_ptm 0.44 energy -4.10
174 models [4] recycles 0 hard 1 soft 0 temp 0.00 loss 2.64 i_con 4.62 plddt 0.29 ptm 0.88 i_ptm 0.31 energy -4.10
175 models [3] recycles 0 hard 1 soft 0 temp 0.00 loss 2.36 i_con 4.34 plddt 0.35 ptm 0.86 i_ptm 0.44 energy -4.10
176 models [3] recycles 0 hard 1 soft 0 temp 0.00 loss 2.36 i_con 4.34 plddt 0.35 ptm 0.86 i_ptm 0.44 energy -4.10
177 models [0] recycles 0 hard 1 soft 0 temp 0.00 loss 1.98 i_con 3.96 plddt 0.34 ptm 0.84 i_ptm 0.41 energy -4.10
178 models [3] recycles 0 hard 1 soft 0 temp 0.00 loss 2.36 i_con 4.34 plddt 0.35 ptm 0.86 i_ptm 0.44 energy -4.10
179 models [1] recycles 0 hard 1 soft 0 temp 0.00 loss 3.61 i_con 5.58 plddt 0.26 ptm 0.85 i_ptm 0.20 energy -4.10
180 models [3] recycles 0 hard 1 soft 0 temp 0.00 loss 2.36 i_con 4.34 plddt 0.35 ptm 0.86 i_ptm 0.44 energy -4.10
  seq=NAGRAWWMVFWQRFL  loss=2.3587  loss_af=4.4085  energy=-4.0997  i_ptm=0.4427
[10/30] seed=9 ...
1 models [4] recycles 0 hard 0 soft 1 temp 1 loss 5.04 i_con 4.59 plddt 0.24 ptm 0.87 i_ptm 0.17 energy 7.37
2 models [0] recycles 0 hard 0 soft 1 temp 1 loss 4.68 i_con 4.25 plddt 0.26 ptm 0.84 i_ptm 0.26 energy 7.17
3 models [1] recycles 0 hard 0 soft 1 temp 1 loss 4.71 i_con 4.29 plddt 0.23 ptm 0.86 i_ptm 0.22 energy 6.90
4 models [4] recycles 0 hard 0 soft 1 temp 1 loss 4.57 i_con 4.17 plddt 0.27 ptm 0.88 i_ptm 0.31 energy 6.55
5 models [0] recycles 0 hard 0 soft 1 temp 1 loss 4.37 i_con 4.00 plddt 0.30 ptm 0.84 i_ptm 0.35 energy 6.08
6 models [3] recycles 0 hard 0 soft 1 temp 1 loss 4.12 i_con 3.79 plddt 0.34 ptm 0.87 i_ptm 0.46 energy 5.36
7 models [3] recycles 0 hard 0 soft 1 temp 1 loss 3.91 i_con 3.61 plddt 0.44 ptm 0.86 i_ptm 0.56 energy 4.79
8 models [3] recycles 0 hard 0 soft 1 temp 1 loss 3.90 i_con 3.63 plddt 0.43 ptm 0.86 i_ptm 0.55 energy 4.34
9 models [2] recycles 0 hard 0 soft 1 temp 1 loss 4.02 i_con 3.76 plddt 0.36 ptm 0.87 i_ptm 0.50 energy 3.87
10 models [0] recycles 0 hard 0 soft 1 temp 1 loss 4.10 i_con 3.86 plddt 0.38 ptm 0.85 i_ptm 0.47 energy 3.48
11 models [3] recycles 0 hard 0 soft 1 temp 1 loss 4.06 i_con 3.84 plddt 0.30 ptm 0.86 i_ptm 0.42 energy 3.07
12 models [0] recycles 0 hard 0 soft 1 temp 1 loss 4.19 i_con 3.99 plddt 0.31 ptm 0.84 i_ptm 0.40 energy 2.58
13 models [2] recycles 0 hard 0 soft 1 temp 1 loss 3.98 i_con 3.80 plddt 0.36 ptm 0.87 i_ptm 0.49 energy 2.35
14 models [1] recycles 0 hard 0 soft 1 temp 1 loss 4.47 i_con 4.29 plddt 0.26 ptm 0.85 i_ptm 0.20 energy 2.11
15 models [3] recycles 0 hard 0 soft 1 temp 1 loss 3.82 i_con 3.65 plddt 0.39 ptm 0.86 i_ptm 0.50 energy 2.13
16 models [1] recycles 0 hard 0 soft 1 temp 1 loss 4.12 i_con 3.95 plddt 0.31 ptm 0.87 i_ptm 0.36 energy 1.86
17 models [0] recycles 0 hard 0 soft 1 temp 1 loss 4.13 i_con 3.98 plddt 0.35 ptm 0.85 i_ptm 0.41 energy 1.71
18 models [0] recycles 0 hard 0 soft 1 temp 1 loss 3.96 i_con 3.82 plddt 0.40 ptm 0.85 i_ptm 0.49 energy 1.63
19 models [0] recycles 0 hard 0 soft 1 temp 1 loss 3.94 i_con 3.81 plddt 0.39 ptm 0.85 i_ptm 0.48 energy 1.38
20 models [4] recycles 0 hard 0 soft 1 temp 1 loss 3.93 i_con 3.81 plddt 0.38 ptm 0.88 i_ptm 0.50 energy 1.20
21 models [4] recycles 0 hard 0 soft 1 temp 1 loss 3.84 i_con 3.72 plddt 0.41 ptm 0.88 i_ptm 0.55 energy 1.16
22 models [0] recycles 0 hard 0 soft 1 temp 1 loss 4.00 i_con 3.89 plddt 0.35 ptm 0.85 i_ptm 0.44 energy 1.00
23 models [1] recycles 0 hard 0 soft 1 temp 1 loss 3.94 i_con 3.83 plddt 0.36 ptm 0.87 i_ptm 0.45 energy 0.97
24 models [1] recycles 0 hard 0 soft 1 temp 1 loss 3.97 i_con 3.86 plddt 0.37 ptm 0.87 i_ptm 0.44 energy 0.79
25 models [4] recycles 0 hard 0 soft 1 temp 1 loss 3.83 i_con 3.74 plddt 0.41 ptm 0.89 i_ptm 0.54 energy 0.63
26 models [1] recycles 0 hard 0 soft 1 temp 1 loss 4.10 i_con 4.01 plddt 0.35 ptm 0.86 i_ptm 0.36 energy 0.40
27 models [3] recycles 0 hard 0 soft 1 temp 1 loss 3.74 i_con 3.66 plddt 0.42 ptm 0.87 i_ptm 0.53 energy 0.39
28 models [3] recycles 0 hard 0 soft 1 temp 1 loss 3.77 i_con 3.71 plddt 0.40 ptm 0.86 i_ptm 0.49 energy -0.01
29 models [4] recycles 0 hard 0 soft 1 temp 1 loss 4.53 i_con 4.46 plddt 0.29 ptm 0.87 i_ptm 0.25 energy -0.03
30 models [0] recycles 0 hard 0 soft 1 temp 1 loss 3.80 i_con 3.75 plddt 0.43 ptm 0.85 i_ptm 0.52 energy -0.06
31 models [3] recycles 0 hard 0 soft 1 temp 1 loss 3.74 i_con 3.69 plddt 0.42 ptm 0.87 i_ptm 0.56 energy -0.23
32 models [2] recycles 0 hard 0 soft 1 temp 1 loss 3.74 i_con 3.70 plddt 0.43 ptm 0.87 i_ptm 0.56 energy -0.25
33 models [3] recycles 0 hard 0 soft 1 temp 1 loss 3.71 i_con 3.67 plddt 0.42 ptm 0.87 i_ptm 0.55 energy -0.45
34 models [4] recycles 0 hard 0 soft 1 temp 1 loss 3.69 i_con 3.69 plddt 0.45 ptm 0.88 i_ptm 0.55 energy -0.98
35 models [0] recycles 0 hard 0 soft 1 temp 1 loss 3.76 i_con 3.75 plddt 0.41 ptm 0.85 i_ptm 0.48 energy -0.99
36 models [3] recycles 0 hard 0 soft 1 temp 1 loss 3.55 i_con 3.55 plddt 0.43 ptm 0.87 i_ptm 0.60 energy -1.07
37 models [4] recycles 0 hard 0 soft 1 temp 1 loss 3.70 i_con 3.71 plddt 0.40 ptm 0.89 i_ptm 0.52 energy -1.26
38 models [2] recycles 0 hard 0 soft 1 temp 1 loss 3.66 i_con 3.67 plddt 0.46 ptm 0.87 i_ptm 0.58 energy -1.31
39 models [4] recycles 0 hard 0 soft 1 temp 1 loss 5.12 i_con 5.12 plddt 0.29 ptm 0.87 i_ptm 0.20 energy -1.47
40 models [1] recycles 0 hard 0 soft 1 temp 1 loss 4.75 i_con 4.75 plddt 0.25 ptm 0.85 i_ptm 0.11 energy -1.34
41 models [1] recycles 0 hard 0 soft 1 temp 1 loss 4.06 i_con 4.06 plddt 0.31 ptm 0.86 i_ptm 0.32 energy -1.37
42 models [0] recycles 0 hard 0 soft 1 temp 1 loss 3.54 i_con 3.55 plddt 0.42 ptm 0.86 i_ptm 0.62 energy -1.34
43 models [0] recycles 0 hard 0 soft 1 temp 1 loss 3.69 i_con 3.71 plddt 0.41 ptm 0.85 i_ptm 0.55 energy -1.45
44 models [4] recycles 0 hard 0 soft 1 temp 1 loss 3.72 i_con 3.73 plddt 0.40 ptm 0.89 i_ptm 0.55 energy -1.47
45 models [3] recycles 0 hard 0 soft 1 temp 1 loss 3.47 i_con 3.49 plddt 0.41 ptm 0.87 i_ptm 0.61 energy -1.73
46 models [0] recycles 0 hard 0 soft 1 temp 1 loss 3.61 i_con 3.63 plddt 0.42 ptm 0.86 i_ptm 0.58 energy -1.68
47 models [1] recycles 0 hard 0 soft 1 temp 1 loss 3.50 i_con 3.53 plddt 0.41 ptm 0.88 i_ptm 0.63 energy -1.76
48 models [3] recycles 0 hard 0 soft 1 temp 1 loss 3.42 i_con 3.44 plddt 0.44 ptm 0.88 i_ptm 0.65 energy -1.55
49 models [0] recycles 0 hard 0 soft 1 temp 1 loss 3.57 i_con 3.60 plddt 0.43 ptm 0.86 i_ptm 0.58 energy -1.87
50 models [1] recycles 0 hard 0 soft 1 temp 1 loss 3.51 i_con 3.55 plddt 0.44 ptm 0.88 i_ptm 0.62 energy -1.92
51 models [3] recycles 0 hard 0 soft 1 temp 1 loss 3.03 i_con 3.37 plddt 0.46 ptm 0.87 i_ptm 0.67 energy -2.01
52 models [1] recycles 0 hard 0 soft 1 temp 1 loss 3.44 i_con 3.82 plddt 0.37 ptm 0.86 i_ptm 0.47 energy -2.24
53 models [3] recycles 0 hard 0 soft 1 temp 1 loss 3.07 i_con 3.49 plddt 0.42 ptm 0.87 i_ptm 0.65 energy -2.39
54 models [2] recycles 0 hard 0 soft 1 temp 1 loss 2.77 i_con 3.24 plddt 0.47 ptm 0.88 i_ptm 0.72 energy -2.60
55 models [3] recycles 0 hard 0 soft 1 temp 1 loss 3.08 i_con 3.58 plddt 0.40 ptm 0.87 i_ptm 0.61 energy -2.78
56 models [4] recycles 0 hard 0 soft 1 temp 1 loss 3.06 i_con 3.59 plddt 0.40 ptm 0.89 i_ptm 0.58 energy -2.94
57 models [1] recycles 0 hard 0 soft 1 temp 1 loss 3.05 i_con 3.59 plddt 0.41 ptm 0.88 i_ptm 0.60 energy -2.98
58 models [4] recycles 0 hard 0 soft 1 temp 1 loss 3.02 i_con 3.58 plddt 0.42 ptm 0.89 i_ptm 0.60 energy -3.09
59 models [1] recycles 0 hard 0 soft 1 temp 1 loss 3.37 i_con 3.94 plddt 0.34 ptm 0.87 i_ptm 0.42 energy -3.20
60 models [4] recycles 0 hard 0 soft 1 temp 1 loss 2.92 i_con 3.51 plddt 0.42 ptm 0.89 i_ptm 0.63 energy -3.21
61 models [4] recycles 0 hard 0 soft 1 temp 1 loss 2.92 i_con 3.54 plddt 0.43 ptm 0.89 i_ptm 0.64 energy -3.36
62 models [0] recycles 0 hard 0 soft 1 temp 1 loss 3.13 i_con 3.76 plddt 0.37 ptm 0.86 i_ptm 0.53 energy -3.48
63 models [1] recycles 0 hard 0 soft 1 temp 1 loss 3.37 i_con 4.01 plddt 0.31 ptm 0.87 i_ptm 0.34 energy -3.56
64 models [1] recycles 0 hard 0 soft 1 temp 1 loss 2.82 i_con 3.47 plddt 0.42 ptm 0.88 i_ptm 0.66 energy -3.53
65 models [2] recycles 0 hard 0 soft 1 temp 1 loss 2.84 i_con 3.49 plddt 0.45 ptm 0.88 i_ptm 0.65 energy -3.56
66 models [2] recycles 0 hard 0 soft 1 temp 1 loss 2.92 i_con 3.58 plddt 0.40 ptm 0.88 i_ptm 0.62 energy -3.55
67 models [4] recycles 0 hard 0 soft 1 temp 1 loss 2.91 i_con 3.57 plddt 0.42 ptm 0.89 i_ptm 0.60 energy -3.62
68 models [0] recycles 0 hard 0 soft 1 temp 1 loss 2.75 i_con 3.42 plddt 0.46 ptm 0.87 i_ptm 0.69 energy -3.65
69 models [1] recycles 0 hard 0 soft 1 temp 1 loss 2.76 i_con 3.45 plddt 0.44 ptm 0.88 i_ptm 0.67 energy -3.74
70 models [4] recycles 0 hard 0 soft 1 temp 1 loss 3.19 i_con 3.84 plddt 0.38 ptm 0.88 i_ptm 0.48 energy -3.59
71 models [0] recycles 0 hard 0 soft 1 temp 1 loss 2.85 i_con 3.55 plddt 0.44 ptm 0.85 i_ptm 0.62 energy -3.77
72 models [1] recycles 0 hard 0 soft 1 temp 1 loss 2.74 i_con 3.45 plddt 0.42 ptm 0.88 i_ptm 0.66 energy -3.85
73 models [2] recycles 0 hard 0 soft 1 temp 1 loss 2.83 i_con 3.52 plddt 0.42 ptm 0.88 i_ptm 0.65 energy -3.75
74 models [4] recycles 0 hard 0 soft 1 temp 1 loss 2.84 i_con 3.54 plddt 0.43 ptm 0.89 i_ptm 0.62 energy -3.82
75 models [0] recycles 0 hard 0 soft 1 temp 1 loss 2.93 i_con 3.65 plddt 0.41 ptm 0.86 i_ptm 0.57 energy -3.91
76 models [4] recycles 0 hard 0 soft 1 temp 1 loss 2.80 i_con 3.51 plddt 0.41 ptm 0.89 i_ptm 0.63 energy -3.86
77 models [4] recycles 0 hard 0 soft 1 temp 1 loss 2.76 i_con 3.49 plddt 0.43 ptm 0.89 i_ptm 0.64 energy -3.93
78 models [3] recycles 0 hard 0 soft 1 temp 1 loss 2.99 i_con 3.74 plddt 0.44 ptm 0.86 i_ptm 0.53 energy -4.01
79 models [1] recycles 0 hard 0 soft 1 temp 1 loss 2.84 i_con 3.59 plddt 0.40 ptm 0.88 i_ptm 0.62 energy -4.07
80 models [2] recycles 0 hard 0 soft 1 temp 1 loss 2.52 i_con 3.28 plddt 0.52 ptm 0.89 i_ptm 0.73 energy -4.03
81 models [0] recycles 0 hard 0 soft 1 temp 1 loss 2.88 i_con 3.64 plddt 0.41 ptm 0.86 i_ptm 0.59 energy -4.10
82 models [2] recycles 0 hard 0 soft 1 temp 1 loss 2.90 i_con 3.69 plddt 0.40 ptm 0.87 i_ptm 0.55 energy -4.27
83 models [0] recycles 0 hard 0 soft 1 temp 1 loss 2.84 i_con 3.64 plddt 0.41 ptm 0.86 i_ptm 0.59 energy -4.30
84 models [1] recycles 0 hard 0 soft 1 temp 1 loss 3.15 i_con 3.98 plddt 0.32 ptm 0.87 i_ptm 0.40 energy -4.48
85 models [2] recycles 0 hard 0 soft 1 temp 1 loss 2.95 i_con 3.77 plddt 0.38 ptm 0.87 i_ptm 0.51 energy -4.40
86 models [0] recycles 0 hard 0 soft 1 temp 1 loss 2.72 i_con 3.57 plddt 0.45 ptm 0.86 i_ptm 0.62 energy -4.49
87 models [2] recycles 0 hard 0 soft 1 temp 1 loss 2.61 i_con 3.45 plddt 0.45 ptm 0.88 i_ptm 0.67 energy -4.51
88 models [0] recycles 0 hard 0 soft 1 temp 1 loss 2.36 i_con 3.23 plddt 0.46 ptm 0.87 i_ptm 0.72 energy -4.63
89 models [1] recycles 0 hard 0 soft 1 temp 1 loss 3.40 i_con 4.26 plddt 0.26 ptm 0.86 i_ptm 0.25 energy -4.70
90 models [1] recycles 0 hard 0 soft 1 temp 1 loss 2.60 i_con 3.44 plddt 0.41 ptm 0.89 i_ptm 0.66 energy -4.50
91 models [0] recycles 0 hard 0 soft 1 temp 1 loss 2.89 i_con 3.75 plddt 0.43 ptm 0.87 i_ptm 0.53 energy -4.60
92 models [0] recycles 0 hard 0 soft 1 temp 1 loss 2.78 i_con 3.67 plddt 0.45 ptm 0.86 i_ptm 0.56 energy -4.73
93 models [4] recycles 0 hard 0 soft 1 temp 1 loss 2.80 i_con 3.69 plddt 0.40 ptm 0.89 i_ptm 0.55 energy -4.76
94 models [4] recycles 0 hard 0 soft 1 temp 1 loss 2.79 i_con 3.72 plddt 0.41 ptm 0.89 i_ptm 0.53 energy -4.93
95 models [4] recycles 0 hard 0 soft 1 temp 1 loss 2.70 i_con 3.65 plddt 0.39 ptm 0.89 i_ptm 0.55 energy -5.05
96 models [1] recycles 0 hard 0 soft 1 temp 1 loss 4.22 i_con 5.17 plddt 0.27 ptm 0.86 i_ptm 0.14 energy -5.11
97 models [4] recycles 0 hard 0 soft 1 temp 1 loss 2.73 i_con 3.68 plddt 0.35 ptm 0.89 i_ptm 0.53 energy -5.09
98 models [1] recycles 0 hard 0 soft 1 temp 1 loss 4.35 i_con 5.32 plddt 0.26 ptm 0.85 i_ptm 0.14 energy -5.26
99 models [3] recycles 0 hard 0 soft 1 temp 1 loss 2.64 i_con 3.62 plddt 0.38 ptm 0.87 i_ptm 0.55 energy -5.20
100 models [1] recycles 0 hard 0 soft 1 temp 1 loss 4.16 i_con 5.13 plddt 0.25 ptm 0.86 i_ptm 0.14 energy -5.21
101 models [4] recycles 0 hard 0 soft 0 temp 1 loss 4.70 i_con 5.81 plddt 0.20 ptm 0.87 i_ptm 0.15 energy -23.96
102 models [4] recycles 0 hard 0 soft 0 temp 0.98 loss 4.21 i_con 5.33 plddt 0.21 ptm 0.87 i_ptm 0.14 energy -24.02
103 models [0] recycles 0 hard 0 soft 0 temp 0.96 loss 3.46 i_con 4.59 plddt 0.25 ptm 0.83 i_ptm 0.15 energy -23.99
104 models [1] recycles 0 hard 0 soft 0 temp 0.94 loss 4.51 i_con 5.64 plddt 0.26 ptm 0.86 i_ptm 0.16 energy -24.02
105 models [3] recycles 0 hard 0 soft 0 temp 0.92 loss 4.60 i_con 5.73 plddt 0.21 ptm 0.85 i_ptm 0.11 energy -24.23
106 models [3] recycles 0 hard 0 soft 0 temp 0.90 loss 4.26 i_con 5.39 plddt 0.19 ptm 0.82 i_ptm 0.10 energy -24.12
107 models [0] recycles 0 hard 0 soft 0 temp 0.88 loss 3.21 i_con 4.34 plddt 0.24 ptm 0.84 i_ptm 0.24 energy -24.02
108 models [2] recycles 0 hard 0 soft 0 temp 0.86 loss 3.69 i_con 4.83 plddt 0.23 ptm 0.86 i_ptm 0.12 energy -24.41
109 models [2] recycles 0 hard 0 soft 0 temp 0.84 loss 3.00 i_con 4.16 plddt 0.26 ptm 0.86 i_ptm 0.31 energy -24.52
110 models [0] recycles 0 hard 0 soft 0 temp 0.82 loss 3.40 i_con 4.55 plddt 0.25 ptm 0.84 i_ptm 0.17 energy -24.54
111 models [2] recycles 0 hard 0 soft 0 temp 0.80 loss 2.81 i_con 3.98 plddt 0.31 ptm 0.87 i_ptm 0.44 energy -24.66
112 models [2] recycles 0 hard 0 soft 0 temp 0.78 loss 3.07 i_con 4.27 plddt 0.25 ptm 0.86 i_ptm 0.27 energy -25.37
113 models [3] recycles 0 hard 0 soft 0 temp 0.76 loss 3.76 i_con 4.96 plddt 0.23 ptm 0.84 i_ptm 0.16 energy -25.61
114 models [4] recycles 0 hard 0 soft 0 temp 0.74 loss 4.15 i_con 5.36 plddt 0.23 ptm 0.87 i_ptm 0.16 energy -25.86
115 models [2] recycles 0 hard 0 soft 0 temp 0.72 loss 4.20 i_con 5.43 plddt 0.25 ptm 0.86 i_ptm 0.16 energy -26.15
116 models [2] recycles 0 hard 0 soft 0 temp 0.70 loss 2.82 i_con 4.07 plddt 0.31 ptm 0.87 i_ptm 0.38 energy -26.36
117 models [1] recycles 0 hard 0 soft 0 temp 0.68 loss 4.64 i_con 5.90 plddt 0.25 ptm 0.86 i_ptm 0.17 energy -26.70
118 models [1] recycles 0 hard 0 soft 0 temp 0.66 loss 4.67 i_con 5.95 plddt 0.25 ptm 0.86 i_ptm 0.16 energy -27.11
119 models [0] recycles 0 hard 0 soft 0 temp 0.64 loss 3.12 i_con 4.42 plddt 0.22 ptm 0.83 i_ptm 0.19 energy -27.54
120 models [3] recycles 0 hard 0 soft 0 temp 0.62 loss 3.08 i_con 4.38 plddt 0.24 ptm 0.85 i_ptm 0.21 energy -27.64
121 models [3] recycles 0 hard 0 soft 0 temp 0.60 loss 3.27 i_con 4.60 plddt 0.23 ptm 0.84 i_ptm 0.20 energy -28.06
122 models [1] recycles 0 hard 0 soft 0 temp 0.58 loss 3.59 i_con 4.93 plddt 0.25 ptm 0.86 i_ptm 0.14 energy -28.26
123 models [1] recycles 0 hard 0 soft 0 temp 0.56 loss 3.76 i_con 5.10 plddt 0.24 ptm 0.86 i_ptm 0.16 energy -28.30
124 models [3] recycles 0 hard 0 soft 0 temp 0.54 loss 3.29 i_con 4.64 plddt 0.26 ptm 0.84 i_ptm 0.20 energy -28.32
125 models [2] recycles 0 hard 0 soft 0 temp 0.52 loss 3.23 i_con 4.59 plddt 0.23 ptm 0.85 i_ptm 0.18 energy -28.74
126 models [4] recycles 0 hard 0 soft 0 temp 0.50 loss 3.51 i_con 4.86 plddt 0.21 ptm 0.87 i_ptm 0.11 energy -28.58
127 models [3] recycles 0 hard 0 soft 0 temp 0.48 loss 3.18 i_con 4.53 plddt 0.25 ptm 0.84 i_ptm 0.19 energy -28.45
128 models [3] recycles 0 hard 0 soft 0 temp 0.46 loss 3.43 i_con 4.81 plddt 0.24 ptm 0.84 i_ptm 0.16 energy -29.17
129 models [0] recycles 0 hard 0 soft 0 temp 0.44 loss 2.76 i_con 4.18 plddt 0.26 ptm 0.84 i_ptm 0.29 energy -29.90
130 models [2] recycles 0 hard 0 soft 0 temp 0.42 loss 2.47 i_con 3.95 plddt 0.33 ptm 0.87 i_ptm 0.44 energy -30.84
131 models [3] recycles 0 hard 0 soft 0 temp 0.40 loss 3.82 i_con 5.31 plddt 0.26 ptm 0.84 i_ptm 0.21 energy -31.22
132 models [4] recycles 0 hard 0 soft 0 temp 0.38 loss 3.04 i_con 4.53 plddt 0.23 ptm 0.87 i_ptm 0.20 energy -31.25
133 models [1] recycles 0 hard 0 soft 0 temp 0.36 loss 3.53 i_con 5.01 plddt 0.24 ptm 0.86 i_ptm 0.11 energy -31.21
134 models [3] recycles 0 hard 0 soft 0 temp 0.34 loss 2.58 i_con 4.08 plddt 0.29 ptm 0.85 i_ptm 0.33 energy -31.48
135 models [3] recycles 0 hard 0 soft 0 temp 0.32 loss 2.41 i_con 3.96 plddt 0.33 ptm 0.86 i_ptm 0.42 energy -32.28
136 models [4] recycles 0 hard 0 soft 0 temp 0.30 loss 3.22 i_con 4.80 plddt 0.22 ptm 0.87 i_ptm 0.19 energy -33.08
137 models [1] recycles 0 hard 0 soft 0 temp 0.28 loss 3.86 i_con 5.44 plddt 0.26 ptm 0.85 i_ptm 0.13 energy -33.08
138 models [2] recycles 0 hard 0 soft 0 temp 0.26 loss 2.38 i_con 3.97 plddt 0.33 ptm 0.88 i_ptm 0.43 energy -33.20
139 models [1] recycles 0 hard 0 soft 0 temp 0.24 loss 3.17 i_con 4.78 plddt 0.22 ptm 0.86 i_ptm 0.10 energy -33.70
140 models [1] recycles 0 hard 0 soft 0 temp 0.22 loss 3.03 i_con 4.64 plddt 0.26 ptm 0.86 i_ptm 0.16 energy -33.58
141 models [2] recycles 0 hard 0 soft 0 temp 0.20 loss 2.47 i_con 4.10 plddt 0.28 ptm 0.87 i_ptm 0.35 energy -34.03
142 models [1] recycles 0 hard 0 soft 0 temp 0.18 loss 2.77 i_con 4.41 plddt 0.27 ptm 0.86 i_ptm 0.20 energy -34.23
143 models [0] recycles 0 hard 0 soft 0 temp 0.16 loss 2.35 i_con 3.99 plddt 0.32 ptm 0.85 i_ptm 0.39 energy -34.23
144 models [4] recycles 0 hard 0 soft 0 temp 0.14 loss 2.25 i_con 3.94 plddt 0.29 ptm 0.88 i_ptm 0.41 energy -35.06
145 models [1] recycles 0 hard 0 soft 0 temp 0.12 loss 2.65 i_con 4.34 plddt 0.26 ptm 0.86 i_ptm 0.22 energy -35.33
146 models [0] recycles 0 hard 0 soft 0 temp 0.10 loss 2.29 i_con 3.99 plddt 0.35 ptm 0.85 i_ptm 0.42 energy -35.38
147 models [3] recycles 0 hard 0 soft 0 temp 0.08 loss 2.86 i_con 4.60 plddt 0.28 ptm 0.85 i_ptm 0.23 energy -36.17
148 models [1] recycles 0 hard 0 soft 0 temp 0.06 loss 2.30 i_con 4.02 plddt 0.20 ptm 0.20 i_ptm 0.43 energy -36.14
149 models [3] recycles 0 hard 0 soft 0 temp 0.04 loss 2.48 i_con 4.22 plddt 0.28 ptm 0.85 i_ptm 0.26 energy -36.22
150 models [4] recycles 0 hard 0 soft 0 temp 0.02 loss 2.20 i_con 3.95 plddt 0.31 ptm 0.88 i_ptm 0.41 energy -36.46
151 models [1] recycles 0 hard 1 soft 0 temp 0.00 loss 2.05 i_con 4.37 plddt 0.25 ptm 0.85 i_ptm 0.23 energy -4.80
152 models [1] recycles 0 hard 1 soft 0 temp 0.00 loss 2.05 i_con 4.37 plddt 0.25 ptm 0.85 i_ptm 0.23 energy -4.80
153 models [2] recycles 0 hard 1 soft 0 temp 0.00 loss 1.18 i_con 3.52 plddt 0.37 ptm 0.88 i_ptm 0.64 energy -4.80
154 models [2] recycles 0 hard 1 soft 0 temp 0.00 loss 1.18 i_con 3.52 plddt 0.37 ptm 0.88 i_ptm 0.64 energy -4.80
155 models [2] recycles 0 hard 1 soft 0 temp 0.00 loss 1.18 i_con 3.52 plddt 0.37 ptm 0.88 i_ptm 0.64 energy -4.80
156 models [2] recycles 0 hard 1 soft 0 temp 0.00 loss 1.18 i_con 3.52 plddt 0.37 ptm 0.88 i_ptm 0.64 energy -4.80
157 models [1] recycles 0 hard 1 soft 0 temp 0.00 loss 2.05 i_con 4.37 plddt 0.25 ptm 0.85 i_ptm 0.23 energy -4.80
158 models [2] recycles 0 hard 1 soft 0 temp 0.00 loss 1.18 i_con 3.52 plddt 0.37 ptm 0.88 i_ptm 0.64 energy -4.80
159 models [4] recycles 0 hard 1 soft 0 temp 0.00 loss 1.23 i_con 3.57 plddt 0.36 ptm 0.90 i_ptm 0.63 energy -4.80
160 models [3] recycles 0 hard 1 soft 0 temp 0.00 loss 1.22 i_con 3.56 plddt 0.37 ptm 0.88 i_ptm 0.62 energy -4.80
161 models [0] recycles 0 hard 1 soft 0 temp 0.00 loss 1.55 i_con 3.89 plddt 0.31 ptm 0.85 i_ptm 0.47 energy -4.80
162 models [4] recycles 0 hard 1 soft 0 temp 0.00 loss 1.23 i_con 3.57 plddt 0.36 ptm 0.90 i_ptm 0.63 energy -4.80
163 models [1] recycles 0 hard 1 soft 0 temp 0.00 loss 2.05 i_con 4.37 plddt 0.25 ptm 0.85 i_ptm 0.23 energy -4.80
164 models [2] recycles 0 hard 1 soft 0 temp 0.00 loss 1.18 i_con 3.52 plddt 0.37 ptm 0.88 i_ptm 0.64 energy -4.80
165 models [2] recycles 0 hard 1 soft 0 temp 0.00 loss 1.18 i_con 3.52 plddt 0.37 ptm 0.88 i_ptm 0.64 energy -4.80
166 models [3] recycles 0 hard 1 soft 0 temp 0.00 loss 1.22 i_con 3.56 plddt 0.37 ptm 0.88 i_ptm 0.62 energy -4.80
167 models [3] recycles 0 hard 1 soft 0 temp 0.00 loss 1.22 i_con 3.56 plddt 0.37 ptm 0.88 i_ptm 0.62 energy -4.80
168 models [1] recycles 0 hard 1 soft 0 temp 0.00 loss 2.05 i_con 4.37 plddt 0.25 ptm 0.85 i_ptm 0.23 energy -4.80
169 models [3] recycles 0 hard 1 soft 0 temp 0.00 loss 1.22 i_con 3.56 plddt 0.37 ptm 0.88 i_ptm 0.62 energy -4.80
170 models [2] recycles 0 hard 1 soft 0 temp 0.00 loss 1.18 i_con 3.52 plddt 0.37 ptm 0.88 i_ptm 0.64 energy -4.80
171 models [2] recycles 0 hard 1 soft 0 temp 0.00 loss 1.18 i_con 3.52 plddt 0.37 ptm 0.88 i_ptm 0.64 energy -4.80
172 models [0] recycles 0 hard 1 soft 0 temp 0.00 loss 1.55 i_con 3.89 plddt 0.31 ptm 0.85 i_ptm 0.47 energy -4.80
173 models [1] recycles 0 hard 1 soft 0 temp 0.00 loss 2.05 i_con 4.37 plddt 0.25 ptm 0.85 i_ptm 0.23 energy -4.80
174 models [1] recycles 0 hard 1 soft 0 temp 0.00 loss 2.05 i_con 4.37 plddt 0.25 ptm 0.85 i_ptm 0.23 energy -4.80
175 models [4] recycles 0 hard 1 soft 0 temp 0.00 loss 1.23 i_con 3.57 plddt 0.36 ptm 0.90 i_ptm 0.63 energy -4.80
176 models [0] recycles 0 hard 1 soft 0 temp 0.00 loss 1.55 i_con 3.89 plddt 0.31 ptm 0.85 i_ptm 0.47 energy -4.80
177 models [4] recycles 0 hard 1 soft 0 temp 0.00 loss 1.23 i_con 3.57 plddt 0.36 ptm 0.90 i_ptm 0.63 energy -4.80
178 models [0] recycles 0 hard 1 soft 0 temp 0.00 loss 1.55 i_con 3.89 plddt 0.31 ptm 0.85 i_ptm 0.47 energy -4.80
179 models [4] recycles 0 hard 1 soft 0 temp 0.00 loss 1.23 i_con 3.57 plddt 0.36 ptm 0.90 i_ptm 0.63 energy -4.80
180 models [0] recycles 0 hard 1 soft 0 temp 0.00 loss 1.55 i_con 3.89 plddt 0.31 ptm 0.85 i_ptm 0.47 energy -4.80
  seq=NAKPAWWHVWWQQDC  loss=1.5545  loss_af=3.9561  energy=-4.8033  i_ptm=0.4685
[11/30] seed=10 ...
1 models [0] recycles 0 hard 0 soft 1 temp 1 loss 4.67 i_con 4.23 plddt 0.25 ptm 0.84 i_ptm 0.24 energy 7.39
2 models [3] recycles 0 hard 0 soft 1 temp 1 loss 4.24 i_con 3.83 plddt 0.35 ptm 0.86 i_ptm 0.43 energy 6.91
3 models [0] recycles 0 hard 0 soft 1 temp 1 loss 4.41 i_con 4.03 plddt 0.29 ptm 0.85 i_ptm 0.37 energy 6.17
4 models [1] recycles 0 hard 0 soft 1 temp 1 loss 4.52 i_con 4.17 plddt 0.23 ptm 0.86 i_ptm 0.26 energy 5.40
5 models [1] recycles 0 hard 0 soft 1 temp 1 loss 5.22 i_con 4.90 plddt 0.22 ptm 0.86 i_ptm 0.13 energy 4.70
6 models [4] recycles 0 hard 0 soft 1 temp 1 loss 4.29 i_con 4.00 plddt 0.32 ptm 0.88 i_ptm 0.37 energy 4.60
7 models [3] recycles 0 hard 0 soft 1 temp 1 loss 4.03 i_con 3.75 plddt 0.35 ptm 0.86 i_ptm 0.46 energy 4.28
8 models [1] recycles 0 hard 0 soft 1 temp 1 loss 4.31 i_con 4.05 plddt 0.28 ptm 0.86 i_ptm 0.33 energy 3.68
9 models [0] recycles 0 hard 0 soft 1 temp 1 loss 4.22 i_con 3.99 plddt 0.27 ptm 0.85 i_ptm 0.35 energy 3.21
10 models [0] recycles 0 hard 0 soft 1 temp 1 loss 4.25 i_con 4.04 plddt 0.29 ptm 0.84 i_ptm 0.35 energy 2.72
11 models [2] recycles 0 hard 0 soft 1 temp 1 loss 4.01 i_con 3.82 plddt 0.34 ptm 0.87 i_ptm 0.43 energy 2.43
12 models [3] recycles 0 hard 0 soft 1 temp 1 loss 3.93 i_con 3.76 plddt 0.39 ptm 0.86 i_ptm 0.48 energy 2.18
13 models [2] recycles 0 hard 0 soft 1 temp 1 loss 3.92 i_con 3.76 plddt 0.36 ptm 0.87 i_ptm 0.45 energy 1.85
14 models [0] recycles 0 hard 0 soft 1 temp 1 loss 4.10 i_con 3.95 plddt 0.31 ptm 0.85 i_ptm 0.36 energy 1.61
15 models [3] recycles 0 hard 0 soft 1 temp 1 loss 3.85 i_con 3.71 plddt 0.37 ptm 0.86 i_ptm 0.46 energy 1.40
16 models [3] recycles 0 hard 0 soft 1 temp 1 loss 3.81 i_con 3.69 plddt 0.39 ptm 0.86 i_ptm 0.53 energy 1.20
17 models [3] recycles 0 hard 0 soft 1 temp 1 loss 3.91 i_con 3.81 plddt 0.34 ptm 0.86 i_ptm 0.43 energy 0.71
18 models [1] recycles 0 hard 0 soft 1 temp 1 loss 4.17 i_con 4.08 plddt 0.26 ptm 0.87 i_ptm 0.30 energy 0.36
19 models [3] recycles 0 hard 0 soft 1 temp 1 loss 3.72 i_con 3.65 plddt 0.37 ptm 0.86 i_ptm 0.52 energy 0.21
20 models [1] recycles 0 hard 0 soft 1 temp 1 loss 4.31 i_con 4.24 plddt 0.24 ptm 0.86 i_ptm 0.22 energy 0.01
21 models [0] recycles 0 hard 0 soft 1 temp 1 loss 4.03 i_con 3.97 plddt 0.29 ptm 0.84 i_ptm 0.39 energy -0.06
22 models [0] recycles 0 hard 0 soft 1 temp 1 loss 3.94 i_con 3.89 plddt 0.33 ptm 0.85 i_ptm 0.43 energy -0.35
23 models [0] recycles 0 hard 0 soft 1 temp 1 loss 4.07 i_con 4.03 plddt 0.30 ptm 0.84 i_ptm 0.35 energy -0.61
24 models [3] recycles 0 hard 0 soft 1 temp 1 loss 3.83 i_con 3.80 plddt 0.34 ptm 0.86 i_ptm 0.46 energy -0.75
25 models [3] recycles 0 hard 0 soft 1 temp 1 loss 3.77 i_con 3.74 plddt 0.35 ptm 0.86 i_ptm 0.48 energy -0.78
26 models [1] recycles 0 hard 0 soft 1 temp 1 loss 4.46 i_con 4.42 plddt 0.23 ptm 0.86 i_ptm 0.15 energy -0.81
27 models [2] recycles 0 hard 0 soft 1 temp 1 loss 3.79 i_con 3.77 plddt 0.37 ptm 0.87 i_ptm 0.48 energy -0.77
28 models [0] recycles 0 hard 0 soft 1 temp 1 loss 3.99 i_con 3.97 plddt 0.30 ptm 0.85 i_ptm 0.38 energy -0.92
29 models [3] recycles 0 hard 0 soft 1 temp 1 loss 3.72 i_con 3.72 plddt 0.38 ptm 0.86 i_ptm 0.49 energy -1.12
30 models [4] recycles 0 hard 0 soft 1 temp 1 loss 3.79 i_con 3.78 plddt 0.34 ptm 0.88 i_ptm 0.46 energy -1.11
31 models [1] recycles 0 hard 0 soft 1 temp 1 loss 4.04 i_con 4.03 plddt 0.29 ptm 0.86 i_ptm 0.35 energy -1.24
32 models [0] recycles 0 hard 0 soft 1 temp 1 loss 3.90 i_con 3.91 plddt 0.35 ptm 0.84 i_ptm 0.40 energy -1.39
33 models [2] recycles 0 hard 0 soft 1 temp 1 loss 3.71 i_con 3.72 plddt 0.39 ptm 0.87 i_ptm 0.52 energy -1.49
34 models [1] recycles 0 hard 0 soft 1 temp 1 loss 4.46 i_con 4.47 plddt 0.22 ptm 0.85 i_ptm 0.15 energy -1.66
35 models [3] recycles 0 hard 0 soft 1 temp 1 loss 3.66 i_con 3.68 plddt 0.37 ptm 0.86 i_ptm 0.50 energy -1.62
36 models [3] recycles 0 hard 0 soft 1 temp 1 loss 3.71 i_con 3.72 plddt 0.36 ptm 0.87 i_ptm 0.47 energy -1.62
37 models [1] recycles 0 hard 0 soft 1 temp 1 loss 3.91 i_con 3.93 plddt 0.30 ptm 0.87 i_ptm 0.40 energy -1.78
38 models [1] recycles 0 hard 0 soft 1 temp 1 loss 3.92 i_con 3.94 plddt 0.30 ptm 0.87 i_ptm 0.38 energy -1.76
39 models [2] recycles 0 hard 0 soft 1 temp 1 loss 3.63 i_con 3.66 plddt 0.41 ptm 0.87 i_ptm 0.54 energy -1.80
40 models [1] recycles 0 hard 0 soft 1 temp 1 loss 3.89 i_con 3.92 plddt 0.30 ptm 0.87 i_ptm 0.39 energy -1.98
41 models [2] recycles 0 hard 0 soft 1 temp 1 loss 3.60 i_con 3.66 plddt 0.40 ptm 0.88 i_ptm 0.53 energy -2.31
42 models [0] recycles 0 hard 0 soft 1 temp 1 loss 3.84 i_con 3.89 plddt 0.34 ptm 0.85 i_ptm 0.40 energy -2.42
43 models [3] recycles 0 hard 0 soft 1 temp 1 loss 3.65 i_con 3.72 plddt 0.37 ptm 0.86 i_ptm 0.48 energy -2.66
44 models [0] recycles 0 hard 0 soft 1 temp 1 loss 3.74 i_con 3.82 plddt 0.39 ptm 0.85 i_ptm 0.43 energy -2.79
45 models [1] recycles 0 hard 0 soft 1 temp 1 loss 3.78 i_con 3.86 plddt 0.32 ptm 0.87 i_ptm 0.43 energy -2.89
46 models [1] recycles 0 hard 0 soft 1 temp 1 loss 3.86 i_con 3.94 plddt 0.32 ptm 0.87 i_ptm 0.38 energy -3.02
47 models [2] recycles 0 hard 0 soft 1 temp 1 loss 3.66 i_con 3.75 plddt 0.37 ptm 0.87 i_ptm 0.48 energy -3.00
48 models [2] recycles 0 hard 0 soft 1 temp 1 loss 3.60 i_con 3.69 plddt 0.39 ptm 0.87 i_ptm 0.51 energy -3.01
49 models [2] recycles 0 hard 0 soft 1 temp 1 loss 3.61 i_con 3.71 plddt 0.37 ptm 0.87 i_ptm 0.48 energy -3.17
50 models [4] recycles 0 hard 0 soft 1 temp 1 loss 3.68 i_con 3.78 plddt 0.34 ptm 0.89 i_ptm 0.48 energy -3.21
51 models [4] recycles 0 hard 0 soft 1 temp 1 loss 3.27 i_con 3.84 plddt 0.35 ptm 0.88 i_ptm 0.44 energy -3.16
52 models [4] recycles 0 hard 0 soft 1 temp 1 loss 3.16 i_con 3.76 plddt 0.36 ptm 0.88 i_ptm 0.45 energy -3.29
53 models [0] recycles 0 hard 0 soft 1 temp 1 loss 3.26 i_con 3.89 plddt 0.35 ptm 0.84 i_ptm 0.40 energy -3.49
54 models [0] recycles 0 hard 0 soft 1 temp 1 loss 3.21 i_con 3.89 plddt 0.34 ptm 0.85 i_ptm 0.43 energy -3.73
55 models [4] recycles 0 hard 0 soft 1 temp 1 loss 3.38 i_con 4.08 plddt 0.28 ptm 0.87 i_ptm 0.29 energy -3.86
56 models [0] recycles 0 hard 0 soft 1 temp 1 loss 3.19 i_con 3.89 plddt 0.33 ptm 0.84 i_ptm 0.43 energy -3.80
57 models [1] recycles 0 hard 0 soft 1 temp 1 loss 3.42 i_con 4.15 plddt 0.26 ptm 0.85 i_ptm 0.26 energy -4.04
58 models [2] recycles 0 hard 0 soft 1 temp 1 loss 2.97 i_con 3.72 plddt 0.36 ptm 0.87 i_ptm 0.47 energy -4.09
59 models [1] recycles 0 hard 0 soft 1 temp 1 loss 3.09 i_con 3.85 plddt 0.31 ptm 0.87 i_ptm 0.42 energy -4.12
60 models [1] recycles 0 hard 0 soft 1 temp 1 loss 3.36 i_con 4.16 plddt 0.26 ptm 0.86 i_ptm 0.28 energy -4.33
61 models [0] recycles 0 hard 0 soft 1 temp 1 loss 3.09 i_con 3.88 plddt 0.31 ptm 0.85 i_ptm 0.42 energy -4.32
62 models [2] recycles 0 hard 0 soft 1 temp 1 loss 3.03 i_con 3.86 plddt 0.33 ptm 0.86 i_ptm 0.40 energy -4.53
63 models [3] recycles 0 hard 0 soft 1 temp 1 loss 2.85 i_con 3.69 plddt 0.37 ptm 0.87 i_ptm 0.50 energy -4.50
64 models [1] recycles 0 hard 0 soft 1 temp 1 loss 2.96 i_con 3.81 plddt 0.31 ptm 0.87 i_ptm 0.42 energy -4.64
65 models [2] recycles 0 hard 0 soft 1 temp 1 loss 3.40 i_con 4.29 plddt 0.27 ptm 0.86 i_ptm 0.24 energy -4.81
66 models [0] recycles 0 hard 0 soft 1 temp 1 loss 2.97 i_con 3.85 plddt 0.33 ptm 0.85 i_ptm 0.43 energy -4.72
67 models [3] recycles 0 hard 0 soft 1 temp 1 loss 2.80 i_con 3.68 plddt 0.38 ptm 0.86 i_ptm 0.50 energy -4.70
68 models [2] recycles 0 hard 0 soft 1 temp 1 loss 2.85 i_con 3.74 plddt 0.34 ptm 0.87 i_ptm 0.45 energy -4.77
69 models [4] recycles 0 hard 0 soft 1 temp 1 loss 2.72 i_con 3.66 plddt 0.41 ptm 0.88 i_ptm 0.52 energy -5.02
70 models [4] recycles 0 hard 0 soft 1 temp 1 loss 2.72 i_con 3.66 plddt 0.42 ptm 0.88 i_ptm 0.51 energy -5.01
71 models [4] recycles 0 hard 0 soft 1 temp 1 loss 4.08 i_con 5.05 plddt 0.28 ptm 0.87 i_ptm 0.24 energy -5.20
72 models [2] recycles 0 hard 0 soft 1 temp 1 loss 2.76 i_con 3.74 plddt 0.35 ptm 0.87 i_ptm 0.45 energy -5.25
73 models [2] recycles 0 hard 0 soft 1 temp 1 loss 2.78 i_con 3.77 plddt 0.39 ptm 0.87 i_ptm 0.47 energy -5.25
74 models [3] recycles 0 hard 0 soft 1 temp 1 loss 2.83 i_con 3.84 plddt 0.32 ptm 0.85 i_ptm 0.40 energy -5.38
75 models [0] recycles 0 hard 0 soft 1 temp 1 loss 2.85 i_con 3.84 plddt 0.35 ptm 0.85 i_ptm 0.45 energy -5.28
76 models [3] recycles 0 hard 0 soft 1 temp 1 loss 2.72 i_con 3.75 plddt 0.36 ptm 0.86 i_ptm 0.48 energy -5.49
77 models [0] recycles 0 hard 0 soft 1 temp 1 loss 2.87 i_con 3.92 plddt 0.30 ptm 0.86 i_ptm 0.37 energy -5.61
78 models [4] recycles 0 hard 0 soft 1 temp 1 loss 2.68 i_con 3.74 plddt 0.35 ptm 0.88 i_ptm 0.47 energy -5.60
79 models [2] recycles 0 hard 0 soft 1 temp 1 loss 2.77 i_con 3.85 plddt 0.33 ptm 0.87 i_ptm 0.41 energy -5.74
80 models [0] recycles 0 hard 0 soft 1 temp 1 loss 3.10 i_con 4.16 plddt 0.28 ptm 0.84 i_ptm 0.26 energy -5.65
81 models [3] recycles 0 hard 0 soft 1 temp 1 loss 2.69 i_con 3.77 plddt 0.33 ptm 0.86 i_ptm 0.45 energy -5.71
82 models [1] recycles 0 hard 0 soft 1 temp 1 loss 3.89 i_con 4.95 plddt 0.23 ptm 0.85 i_ptm 0.13 energy -5.72
83 models [2] recycles 0 hard 0 soft 1 temp 1 loss 2.76 i_con 3.85 plddt 0.36 ptm 0.87 i_ptm 0.43 energy -5.73
84 models [3] recycles 0 hard 0 soft 1 temp 1 loss 2.93 i_con 4.02 plddt 0.31 ptm 0.85 i_ptm 0.35 energy -5.80
85 models [4] recycles 0 hard 0 soft 1 temp 1 loss 2.61 i_con 3.69 plddt 0.40 ptm 0.88 i_ptm 0.48 energy -5.68
86 models [2] recycles 0 hard 0 soft 1 temp 1 loss 2.70 i_con 3.82 plddt 0.33 ptm 0.87 i_ptm 0.41 energy -5.94
87 models [0] recycles 0 hard 0 soft 1 temp 1 loss 2.84 i_con 3.97 plddt 0.34 ptm 0.85 i_ptm 0.37 energy -6.03
88 models [3] recycles 0 hard 0 soft 1 temp 1 loss 2.54 i_con 3.68 plddt 0.39 ptm 0.87 i_ptm 0.50 energy -5.98
89 models [4] recycles 0 hard 0 soft 1 temp 1 loss 2.50 i_con 3.67 plddt 0.38 ptm 0.89 i_ptm 0.49 energy -6.19
90 models [4] recycles 0 hard 0 soft 1 temp 1 loss 2.74 i_con 3.93 plddt 0.31 ptm 0.88 i_ptm 0.38 energy -6.30
91 models [0] recycles 0 hard 0 soft 1 temp 1 loss 2.87 i_con 4.05 plddt 0.29 ptm 0.85 i_ptm 0.34 energy -6.27
92 models [2] recycles 0 hard 0 soft 1 temp 1 loss 2.75 i_con 3.93 plddt 0.32 ptm 0.86 i_ptm 0.38 energy -6.23
93 models [2] recycles 0 hard 0 soft 1 temp 1 loss 2.43 i_con 3.64 plddt 0.37 ptm 0.87 i_ptm 0.50 energy -6.35
94 models [2] recycles 0 hard 0 soft 1 temp 1 loss 2.48 i_con 3.72 plddt 0.38 ptm 0.87 i_ptm 0.47 energy -6.51
95 models [4] recycles 0 hard 0 soft 1 temp 1 loss 2.86 i_con 4.11 plddt 0.27 ptm 0.87 i_ptm 0.28 energy -6.64
96 models [1] recycles 0 hard 0 soft 1 temp 1 loss 4.40 i_con 5.63 plddt 0.23 ptm 0.86 i_ptm 0.18 energy -6.57
97 models [3] recycles 0 hard 0 soft 1 temp 1 loss 2.42 i_con 3.66 plddt 0.41 ptm 0.86 i_ptm 0.53 energy -6.50
98 models [0] recycles 0 hard 0 soft 1 temp 1 loss 2.90 i_con 4.14 plddt 0.29 ptm 0.84 i_ptm 0.30 energy -6.56
99 models [0] recycles 0 hard 0 soft 1 temp 1 loss 2.82 i_con 4.09 plddt 0.29 ptm 0.84 i_ptm 0.31 energy -6.71
100 models [1] recycles 0 hard 0 soft 1 temp 1 loss 4.52 i_con 5.81 plddt 0.23 ptm 0.86 i_ptm 0.17 energy -6.83
101 models [2] recycles 0 hard 0 soft 0 temp 1 loss 3.78 i_con 5.38 plddt 0.24 ptm 0.85 i_ptm 0.13 energy -33.41
102 models [0] recycles 0 hard 0 soft 0 temp 0.98 loss 3.87 i_con 5.47 plddt 0.26 ptm 0.83 i_ptm 0.15 energy -33.45
103 models [4] recycles 0 hard 0 soft 0 temp 0.96 loss 4.39 i_con 5.98 plddt 0.24 ptm 0.88 i_ptm 0.19 energy -33.37
104 models [4] recycles 0 hard 0 soft 0 temp 0.94 loss 3.03 i_con 4.63 plddt 0.22 ptm 0.87 i_ptm 0.16 energy -33.52
105 models [0] recycles 0 hard 0 soft 0 temp 0.92 loss 3.66 i_con 5.29 plddt 0.26 ptm 0.83 i_ptm 0.12 energy -33.91
106 models [1] recycles 0 hard 0 soft 0 temp 0.90 loss 4.61 i_con 6.25 plddt 0.29 ptm 0.86 i_ptm 0.16 energy -34.24
107 models [3] recycles 0 hard 0 soft 0 temp 0.88 loss 3.66 i_con 5.32 plddt 0.23 ptm 0.85 i_ptm 0.15 energy -34.80
108 models [0] recycles 0 hard 0 soft 0 temp 0.86 loss 3.14 i_con 4.80 plddt 0.23 ptm 0.83 i_ptm 0.12 energy -34.81
109 models [0] recycles 0 hard 0 soft 0 temp 0.84 loss 3.21 i_con 4.87 plddt 0.24 ptm 0.83 i_ptm 0.12 energy -34.69
110 models [1] recycles 0 hard 0 soft 0 temp 0.82 loss 4.34 i_con 6.03 plddt 0.27 ptm 0.86 i_ptm 0.12 energy -35.31
111 models [1] recycles 0 hard 0 soft 0 temp 0.80 loss 4.39 i_con 6.11 plddt 0.27 ptm 0.86 i_ptm 0.15 energy -35.87
112 models [0] recycles 0 hard 0 soft 0 temp 0.78 loss 2.99 i_con 4.72 plddt 0.23 ptm 0.83 i_ptm 0.09 energy -36.23
113 models [2] recycles 0 hard 0 soft 0 temp 0.76 loss 4.17 i_con 5.92 plddt 0.27 ptm 0.85 i_ptm 0.12 energy -36.30
114 models [3] recycles 0 hard 0 soft 0 temp 0.74 loss 4.06 i_con 5.80 plddt 0.25 ptm 0.85 i_ptm 0.15 energy -36.42
115 models [2] recycles 0 hard 0 soft 0 temp 0.72 loss 3.97 i_con 5.71 plddt 0.25 ptm 0.86 i_ptm 0.24 energy -36.28
116 models [0] recycles 0 hard 0 soft 0 temp 0.70 loss 2.86 i_con 4.60 plddt 0.25 ptm 0.82 i_ptm 0.16 energy -36.37
117 models [4] recycles 0 hard 0 soft 0 temp 0.68 loss 2.20 i_con 3.94 plddt 0.12 ptm 0.30 i_ptm 0.46 energy -36.53
118 models [1] recycles 0 hard 0 soft 0 temp 0.66 loss 4.43 i_con 6.18 plddt 0.27 ptm 0.86 i_ptm 0.17 energy -36.48
119 models [3] recycles 0 hard 0 soft 0 temp 0.64 loss 3.76 i_con 5.52 plddt 0.24 ptm 0.84 i_ptm 0.15 energy -36.77
120 models [3] recycles 0 hard 0 soft 0 temp 0.62 loss -0.33 i_con 1.43 plddt 0.33 ptm 0.58 i_ptm 0.56 energy -36.58
121 models [4] recycles 0 hard 0 soft 0 temp 0.60 loss 4.07 i_con 5.82 plddt 0.23 ptm 0.87 i_ptm 0.13 energy -36.51
122 models [3] recycles 0 hard 0 soft 0 temp 0.58 loss 2.00 i_con 3.74 plddt 0.22 ptm 0.28 i_ptm 0.36 energy -36.42
123 models [2] recycles 0 hard 0 soft 0 temp 0.56 loss 1.99 i_con 3.74 plddt 0.31 ptm 0.45 i_ptm 0.53 energy -36.20
124 models [2] recycles 0 hard 0 soft 0 temp 0.54 loss 4.13 i_con 5.87 plddt 0.27 ptm 0.86 i_ptm 0.12 energy -36.19
125 models [4] recycles 0 hard 0 soft 0 temp 0.52 loss 4.15 i_con 5.87 plddt 0.22 ptm 0.87 i_ptm 0.15 energy -35.90
126 models [3] recycles 0 hard 0 soft 0 temp 0.50 loss 2.46 i_con 4.18 plddt 0.19 ptm 0.40 i_ptm 0.42 energy -36.13
127 models [3] recycles 0 hard 0 soft 0 temp 0.48 loss -0.76 i_con 1.00 plddt 0.40 ptm 0.53 i_ptm 0.56 energy -36.35
128 models [4] recycles 0 hard 0 soft 0 temp 0.46 loss 3.10 i_con 4.85 plddt 0.23 ptm 0.87 i_ptm 0.12 energy -36.37
129 models [4] recycles 0 hard 0 soft 0 temp 0.44 loss 3.93 i_con 5.67 plddt 0.22 ptm 0.88 i_ptm 0.12 energy -36.27
130 models [0] recycles 0 hard 0 soft 0 temp 0.42 loss 2.81 i_con 4.56 plddt 0.22 ptm 0.84 i_ptm 0.12 energy -36.67
131 models [3] recycles 0 hard 0 soft 0 temp 0.40 loss 0.76 i_con 2.54 plddt 0.43 ptm 0.50 i_ptm 0.45 energy -36.72
132 models [1] recycles 0 hard 0 soft 0 temp 0.38 loss 4.17 i_con 5.94 plddt 0.27 ptm 0.86 i_ptm 0.15 energy -36.77
133 models [4] recycles 0 hard 0 soft 0 temp 0.36 loss 4.05 i_con 5.82 plddt 0.23 ptm 0.88 i_ptm 0.15 energy -36.88
134 models [1] recycles 0 hard 0 soft 0 temp 0.34 loss 4.30 i_con 6.06 plddt 0.26 ptm 0.86 i_ptm 0.12 energy -36.71
135 models [3] recycles 0 hard 0 soft 0 temp 0.32 loss 3.69 i_con 5.45 plddt 0.22 ptm 0.73 i_ptm 0.11 energy -36.93
136 models [2] recycles 0 hard 0 soft 0 temp 0.30 loss 3.55 i_con 5.32 plddt 0.24 ptm 0.86 i_ptm 0.12 energy -36.98
137 models [3] recycles 0 hard 0 soft 0 temp 0.28 loss 3.50 i_con 5.29 plddt 0.22 ptm 0.70 i_ptm 0.43 energy -37.33
138 models [4] recycles 0 hard 0 soft 0 temp 0.26 loss 3.66 i_con 5.46 plddt 0.18 ptm 0.77 i_ptm 0.11 energy -37.66
139 models [1] recycles 0 hard 0 soft 0 temp 0.24 loss 3.28 i_con 5.12 plddt 0.23 ptm 0.72 i_ptm 0.20 energy -38.21
140 models [4] recycles 0 hard 0 soft 0 temp 0.22 loss 2.27 i_con 4.12 plddt 0.21 ptm 0.28 i_ptm 0.28 energy -38.52
141 models [1] recycles 0 hard 0 soft 0 temp 0.20 loss 4.14 i_con 6.01 plddt 0.28 ptm 0.86 i_ptm 0.14 energy -38.83
142 models [0] recycles 0 hard 0 soft 0 temp 0.18 loss 2.51 i_con 4.37 plddt 0.19 ptm 0.44 i_ptm 0.45 energy -38.84
143 models [3] recycles 0 hard 0 soft 0 temp 0.16 loss 1.76 i_con 3.62 plddt 0.23 ptm 0.48 i_ptm 0.50 energy -38.85
144 models [3] recycles 0 hard 0 soft 0 temp 0.14 loss 1.82 i_con 3.66 plddt 0.18 ptm 0.31 i_ptm 0.36 energy -38.51
145 models [2] recycles 0 hard 0 soft 0 temp 0.12 loss 3.30 i_con 5.15 plddt 0.20 ptm 0.32 i_ptm 0.25 energy -38.57
146 models [4] recycles 0 hard 0 soft 0 temp 0.10 loss 3.39 i_con 5.23 plddt 0.20 ptm 0.84 i_ptm 0.12 energy -38.30
147 models [1] recycles 0 hard 0 soft 0 temp 0.08 loss 3.55 i_con 5.40 plddt 0.23 ptm 0.74 i_ptm 0.36 energy -38.38
148 models [2] recycles 0 hard 0 soft 0 temp 0.06 loss 3.37 i_con 5.24 plddt 0.23 ptm 0.61 i_ptm 0.13 energy -38.98
149 models [4] recycles 0 hard 0 soft 0 temp 0.04 loss 3.03 i_con 4.88 plddt 0.16 ptm 0.27 i_ptm 0.26 energy -38.73
150 models [2] recycles 0 hard 0 soft 0 temp 0.02 loss 1.73 i_con 3.60 plddt 0.32 ptm 0.46 i_ptm 0.41 energy -38.71
151 models [4] recycles 0 hard 1 soft 0 temp 0.00 loss 0.38 i_con 3.88 plddt 0.23 ptm 0.88 i_ptm 0.39 energy -7.16
152 models [1] recycles 0 hard 1 soft 0 temp 0.00 loss 2.44 i_con 5.95 plddt 0.23 ptm 0.85 i_ptm 0.21 energy -7.16
153 models [3] recycles 0 hard 1 soft 0 temp 0.00 loss 0.58 i_con 4.09 plddt 0.24 ptm 0.86 i_ptm 0.32 energy -7.16
154 models [1] recycles 0 hard 1 soft 0 temp 0.00 loss 2.44 i_con 5.95 plddt 0.23 ptm 0.85 i_ptm 0.21 energy -7.16
155 models [1] recycles 0 hard 1 soft 0 temp 0.00 loss 2.44 i_con 5.95 plddt 0.23 ptm 0.85 i_ptm 0.21 energy -7.16
156 models [1] recycles 0 hard 1 soft 0 temp 0.00 loss 2.44 i_con 5.95 plddt 0.23 ptm 0.85 i_ptm 0.21 energy -7.16
157 models [0] recycles 0 hard 1 soft 0 temp 0.00 loss 0.69 i_con 4.20 plddt 0.23 ptm 0.84 i_ptm 0.29 energy -7.16
158 models [4] recycles 0 hard 1 soft 0 temp 0.00 loss 0.38 i_con 3.88 plddt 0.23 ptm 0.88 i_ptm 0.39 energy -7.16
159 models [2] recycles 0 hard 1 soft 0 temp 0.00 loss 0.35 i_con 3.86 plddt 0.27 ptm 0.87 i_ptm 0.41 energy -7.16
160 models [4] recycles 0 hard 1 soft 0 temp 0.00 loss 0.38 i_con 3.88 plddt 0.23 ptm 0.88 i_ptm 0.39 energy -7.16
161 models [1] recycles 0 hard 1 soft 0 temp 0.00 loss 2.44 i_con 5.95 plddt 0.23 ptm 0.85 i_ptm 0.21 energy -7.16
162 models [3] recycles 0 hard 1 soft 0 temp 0.00 loss 0.58 i_con 4.09 plddt 0.24 ptm 0.86 i_ptm 0.32 energy -7.16
163 models [4] recycles 0 hard 1 soft 0 temp 0.00 loss 0.38 i_con 3.88 plddt 0.23 ptm 0.88 i_ptm 0.39 energy -7.16
164 models [0] recycles 0 hard 1 soft 0 temp 0.00 loss 0.69 i_con 4.20 plddt 0.23 ptm 0.84 i_ptm 0.29 energy -7.16
165 models [1] recycles 0 hard 1 soft 0 temp 0.00 loss 2.44 i_con 5.95 plddt 0.23 ptm 0.85 i_ptm 0.21 energy -7.16
166 models [1] recycles 0 hard 1 soft 0 temp 0.00 loss 2.44 i_con 5.95 plddt 0.23 ptm 0.85 i_ptm 0.21 energy -7.16
167 models [1] recycles 0 hard 1 soft 0 temp 0.00 loss 2.44 i_con 5.95 plddt 0.23 ptm 0.85 i_ptm 0.21 energy -7.16
168 models [0] recycles 0 hard 1 soft 0 temp 0.00 loss 0.69 i_con 4.20 plddt 0.23 ptm 0.84 i_ptm 0.29 energy -7.16
169 models [3] recycles 0 hard 1 soft 0 temp 0.00 loss 0.58 i_con 4.09 plddt 0.24 ptm 0.86 i_ptm 0.32 energy -7.16
170 models [2] recycles 0 hard 1 soft 0 temp 0.00 loss 0.35 i_con 3.86 plddt 0.27 ptm 0.87 i_ptm 0.41 energy -7.16
171 models [1] recycles 0 hard 1 soft 0 temp 0.00 loss 2.44 i_con 5.95 plddt 0.23 ptm 0.85 i_ptm 0.21 energy -7.16
172 models [4] recycles 0 hard 1 soft 0 temp 0.00 loss 0.38 i_con 3.88 plddt 0.23 ptm 0.88 i_ptm 0.39 energy -7.16
173 models [4] recycles 0 hard 1 soft 0 temp 0.00 loss 0.38 i_con 3.88 plddt 0.23 ptm 0.88 i_ptm 0.39 energy -7.16
174 models [2] recycles 0 hard 1 soft 0 temp 0.00 loss 0.35 i_con 3.86 plddt 0.27 ptm 0.87 i_ptm 0.41 energy -7.16
175 models [2] recycles 0 hard 1 soft 0 temp 0.00 loss 0.35 i_con 3.86 plddt 0.27 ptm 0.87 i_ptm 0.41 energy -7.16
176 models [0] recycles 0 hard 1 soft 0 temp 0.00 loss 0.69 i_con 4.20 plddt 0.23 ptm 0.84 i_ptm 0.29 energy -7.16
177 models [0] recycles 0 hard 1 soft 0 temp 0.00 loss 0.69 i_con 4.20 plddt 0.23 ptm 0.84 i_ptm 0.29 energy -7.16
178 models [2] recycles 0 hard 1 soft 0 temp 0.00 loss 0.35 i_con 3.86 plddt 0.27 ptm 0.87 i_ptm 0.41 energy -7.16
179 models [1] recycles 0 hard 1 soft 0 temp 0.00 loss 2.44 i_con 5.95 plddt 0.23 ptm 0.85 i_ptm 0.21 energy -7.16
180 models [4] recycles 0 hard 1 soft 0 temp 0.00 loss 0.38 i_con 3.88 plddt 0.23 ptm 0.88 i_ptm 0.39 energy -7.16
  seq=DHNWWCADVWYNKDC  loss=0.3759  loss_af=3.9563  energy=-7.1608  i_ptm=0.3876
[12/30] seed=11 ...
1 models [0] recycles 0 hard 0 soft 1 temp 1 loss 5.95 i_con 5.51 plddt 0.26 ptm 0.84 i_ptm 0.27 energy 7.38
2 models [0] recycles 0 hard 0 soft 1 temp 1 loss 5.22 i_con 4.80 plddt 0.21 ptm 0.83 i_ptm 0.11 energy 6.78
3 models [2] recycles 0 hard 0 soft 1 temp 1 loss 5.61 i_con 5.22 plddt 0.24 ptm 0.85 i_ptm 0.14 energy 6.32
4 models [0] recycles 0 hard 0 soft 1 temp 1 loss 5.04 i_con 4.66 plddt 0.22 ptm 0.83 i_ptm 0.14 energy 6.02
5 models [3] recycles 0 hard 0 soft 1 temp 1 loss 4.33 i_con 3.99 plddt 0.28 ptm 0.86 i_ptm 0.33 energy 5.41
6 models [0] recycles 0 hard 0 soft 1 temp 1 loss 4.97 i_con 4.65 plddt 0.25 ptm 0.83 i_ptm 0.17 energy 4.89
7 models [4] recycles 0 hard 0 soft 1 temp 1 loss 4.41 i_con 4.12 plddt 0.25 ptm 0.87 i_ptm 0.30 energy 4.39
8 models [3] recycles 0 hard 0 soft 1 temp 1 loss 3.93 i_con 3.67 plddt 0.35 ptm 0.86 i_ptm 0.50 energy 3.91
9 models [0] recycles 0 hard 0 soft 1 temp 1 loss 4.98 i_con 4.71 plddt 0.26 ptm 0.83 i_ptm 0.19 energy 3.82
10 models [2] recycles 0 hard 0 soft 1 temp 1 loss 4.08 i_con 3.84 plddt 0.31 ptm 0.87 i_ptm 0.40 energy 3.35
11 models [3] recycles 0 hard 0 soft 1 temp 1 loss 4.06 i_con 3.85 plddt 0.32 ptm 0.85 i_ptm 0.39 energy 2.91
12 models [3] recycles 0 hard 0 soft 1 temp 1 loss 3.99 i_con 3.80 plddt 0.33 ptm 0.86 i_ptm 0.42 energy 2.64
13 models [0] recycles 0 hard 0 soft 1 temp 1 loss 4.90 i_con 4.69 plddt 0.24 ptm 0.83 i_ptm 0.13 energy 2.50
14 models [2] recycles 0 hard 0 soft 1 temp 1 loss 3.98 i_con 3.79 plddt 0.33 ptm 0.87 i_ptm 0.42 energy 2.43
15 models [0] recycles 0 hard 0 soft 1 temp 1 loss 4.26 i_con 4.07 plddt 0.29 ptm 0.84 i_ptm 0.32 energy 2.26
16 models [2] recycles 0 hard 0 soft 1 temp 1 loss 4.03 i_con 3.86 plddt 0.31 ptm 0.87 i_ptm 0.39 energy 2.02
17 models [2] recycles 0 hard 0 soft 1 temp 1 loss 3.93 i_con 3.77 plddt 0.33 ptm 0.87 i_ptm 0.42 energy 1.86
18 models [1] recycles 0 hard 0 soft 1 temp 1 loss 4.47 i_con 4.31 plddt 0.23 ptm 0.86 i_ptm 0.21 energy 1.56
19 models [4] recycles 0 hard 0 soft 1 temp 1 loss 3.77 i_con 3.63 plddt 0.40 ptm 0.89 i_ptm 0.51 energy 1.65
20 models [3] recycles 0 hard 0 soft 1 temp 1 loss 3.93 i_con 3.79 plddt 0.33 ptm 0.86 i_ptm 0.44 energy 1.52
21 models [1] recycles 0 hard 0 soft 1 temp 1 loss 5.52 i_con 5.38 plddt 0.22 ptm 0.85 i_ptm 0.13 energy 1.10
22 models [1] recycles 0 hard 0 soft 1 temp 1 loss 4.44 i_con 4.31 plddt 0.23 ptm 0.86 i_ptm 0.21 energy 1.10
23 models [2] recycles 0 hard 0 soft 1 temp 1 loss 3.84 i_con 3.72 plddt 0.35 ptm 0.87 i_ptm 0.46 energy 1.07
24 models [4] recycles 0 hard 0 soft 1 temp 1 loss 3.93 i_con 3.83 plddt 0.31 ptm 0.88 i_ptm 0.41 energy 0.52
25 models [3] recycles 0 hard 0 soft 1 temp 1 loss 3.87 i_con 3.79 plddt 0.33 ptm 0.86 i_ptm 0.43 energy 0.10
26 models [2] recycles 0 hard 0 soft 1 temp 1 loss 3.75 i_con 3.71 plddt 0.36 ptm 0.86 i_ptm 0.47 energy -0.33
27 models [4] recycles 0 hard 0 soft 1 temp 1 loss 3.82 i_con 3.80 plddt 0.33 ptm 0.88 i_ptm 0.42 energy -0.94
28 models [0] recycles 0 hard 0 soft 1 temp 1 loss 4.65 i_con 4.63 plddt 0.27 ptm 0.83 i_ptm 0.17 energy -0.95
29 models [2] recycles 0 hard 0 soft 1 temp 1 loss 3.75 i_con 3.73 plddt 0.34 ptm 0.87 i_ptm 0.45 energy -0.99
30 models [2] recycles 0 hard 0 soft 1 temp 1 loss 3.79 i_con 3.80 plddt 0.33 ptm 0.86 i_ptm 0.40 energy -1.51
31 models [3] recycles 0 hard 0 soft 1 temp 1 loss 3.81 i_con 3.83 plddt 0.32 ptm 0.86 i_ptm 0.40 energy -1.75
32 models [1] recycles 0 hard 0 soft 1 temp 1 loss 4.26 i_con 4.27 plddt 0.25 ptm 0.86 i_ptm 0.21 energy -1.74
33 models [4] recycles 0 hard 0 soft 1 temp 1 loss 3.73 i_con 3.74 plddt 0.31 ptm 0.88 i_ptm 0.43 energy -1.54
34 models [4] recycles 0 hard 0 soft 1 temp 1 loss 4.01 i_con 4.03 plddt 0.27 ptm 0.88 i_ptm 0.33 energy -1.89
35 models [0] recycles 0 hard 0 soft 1 temp 1 loss 3.80 i_con 3.83 plddt 0.36 ptm 0.85 i_ptm 0.43 energy -1.82
36 models [4] recycles 0 hard 0 soft 1 temp 1 loss 5.11 i_con 5.13 plddt 0.29 ptm 0.87 i_ptm 0.24 energy -1.86
37 models [0] recycles 0 hard 0 soft 1 temp 1 loss 4.30 i_con 4.33 plddt 0.26 ptm 0.83 i_ptm 0.19 energy -1.91
38 models [1] recycles 0 hard 0 soft 1 temp 1 loss 4.22 i_con 4.24 plddt 0.25 ptm 0.86 i_ptm 0.23 energy -1.78
39 models [0] recycles 0 hard 0 soft 1 temp 1 loss 3.86 i_con 3.88 plddt 0.31 ptm 0.85 i_ptm 0.40 energy -1.82
40 models [1] recycles 0 hard 0 soft 1 temp 1 loss 4.43 i_con 4.45 plddt 0.23 ptm 0.86 i_ptm 0.15 energy -1.98
41 models [3] recycles 0 hard 0 soft 1 temp 1 loss 3.87 i_con 3.89 plddt 0.32 ptm 0.86 i_ptm 0.39 energy -1.78
42 models [3] recycles 0 hard 0 soft 1 temp 1 loss 3.68 i_con 3.71 plddt 0.38 ptm 0.86 i_ptm 0.49 energy -1.89
43 models [4] recycles 0 hard 0 soft 1 temp 1 loss 4.95 i_con 4.98 plddt 0.24 ptm 0.87 i_ptm 0.18 energy -2.15
44 models [3] recycles 0 hard 0 soft 1 temp 1 loss 3.69 i_con 3.74 plddt 0.37 ptm 0.86 i_ptm 0.48 energy -2.29
45 models [2] recycles 0 hard 0 soft 1 temp 1 loss 3.67 i_con 3.73 plddt 0.36 ptm 0.87 i_ptm 0.46 energy -2.56
46 models [4] recycles 0 hard 0 soft 1 temp 1 loss 3.64 i_con 3.71 plddt 0.31 ptm 0.88 i_ptm 0.45 energy -2.81
47 models [3] recycles 0 hard 0 soft 1 temp 1 loss 3.64 i_con 3.73 plddt 0.37 ptm 0.86 i_ptm 0.49 energy -2.94
48 models [4] recycles 0 hard 0 soft 1 temp 1 loss 3.66 i_con 3.75 plddt 0.35 ptm 0.88 i_ptm 0.41 energy -3.06
49 models [1] recycles 0 hard 0 soft 1 temp 1 loss 4.41 i_con 4.48 plddt 0.24 ptm 0.85 i_ptm 0.14 energy -3.02
50 models [0] recycles 0 hard 0 soft 1 temp 1 loss 3.94 i_con 4.02 plddt 0.31 ptm 0.83 i_ptm 0.32 energy -2.98
51 models [1] recycles 0 hard 0 soft 1 temp 1 loss 3.92 i_con 4.42 plddt 0.23 ptm 0.86 i_ptm 0.19 energy -2.91
52 models [4] recycles 0 hard 0 soft 1 temp 1 loss 3.25 i_con 3.74 plddt 0.31 ptm 0.89 i_ptm 0.42 energy -2.77
53 models [0] recycles 0 hard 0 soft 1 temp 1 loss 3.81 i_con 4.36 plddt 0.26 ptm 0.83 i_ptm 0.19 energy -3.12
54 models [2] recycles 0 hard 0 soft 1 temp 1 loss 3.27 i_con 3.80 plddt 0.33 ptm 0.86 i_ptm 0.41 energy -2.99
55 models [0] recycles 0 hard 0 soft 1 temp 1 loss 4.05 i_con 4.65 plddt 0.26 ptm 0.83 i_ptm 0.20 energy -3.37
56 models [4] recycles 0 hard 0 soft 1 temp 1 loss 3.07 i_con 3.73 plddt 0.32 ptm 0.88 i_ptm 0.41 energy -3.62
57 models [0] recycles 0 hard 0 soft 1 temp 1 loss 3.31 i_con 4.02 plddt 0.30 ptm 0.84 i_ptm 0.33 energy -3.88
58 models [4] recycles 0 hard 0 soft 1 temp 1 loss 3.09 i_con 3.86 plddt 0.31 ptm 0.88 i_ptm 0.37 energy -4.16
59 models [1] recycles 0 hard 0 soft 1 temp 1 loss 3.74 i_con 4.50 plddt 0.23 ptm 0.85 i_ptm 0.16 energy -4.20
60 models [4] recycles 0 hard 0 soft 1 temp 1 loss 3.02 i_con 3.79 plddt 0.30 ptm 0.88 i_ptm 0.43 energy -4.22
61 models [2] recycles 0 hard 0 soft 1 temp 1 loss 2.94 i_con 3.78 plddt 0.34 ptm 0.87 i_ptm 0.43 energy -4.52
62 models [3] recycles 0 hard 0 soft 1 temp 1 loss 2.91 i_con 3.79 plddt 0.36 ptm 0.86 i_ptm 0.47 energy -4.72
63 models [3] recycles 0 hard 0 soft 1 temp 1 loss 2.83 i_con 3.77 plddt 0.37 ptm 0.86 i_ptm 0.47 energy -5.02
64 models [1] recycles 0 hard 0 soft 1 temp 1 loss 3.66 i_con 4.64 plddt 0.24 ptm 0.85 i_ptm 0.14 energy -5.28
65 models [0] recycles 0 hard 0 soft 1 temp 1 loss 2.98 i_con 3.95 plddt 0.31 ptm 0.85 i_ptm 0.40 energy -5.18
66 models [1] recycles 0 hard 0 soft 1 temp 1 loss 4.00 i_con 5.00 plddt 0.23 ptm 0.85 i_ptm 0.12 energy -5.38
67 models [4] recycles 0 hard 0 soft 1 temp 1 loss 2.82 i_con 3.82 plddt 0.32 ptm 0.88 i_ptm 0.43 energy -5.34
68 models [1] recycles 0 hard 0 soft 1 temp 1 loss 4.26 i_con 5.29 plddt 0.22 ptm 0.86 i_ptm 0.16 energy -5.53
69 models [2] recycles 0 hard 0 soft 1 temp 1 loss 2.68 i_con 3.74 plddt 0.34 ptm 0.87 i_ptm 0.46 energy -5.61
70 models [0] recycles 0 hard 0 soft 1 temp 1 loss 2.84 i_con 3.94 plddt 0.32 ptm 0.84 i_ptm 0.40 energy -5.81
71 models [4] recycles 0 hard 0 soft 1 temp 1 loss 2.67 i_con 3.78 plddt 0.32 ptm 0.88 i_ptm 0.44 energy -5.90
72 models [0] recycles 0 hard 0 soft 1 temp 1 loss 2.77 i_con 3.89 plddt 0.31 ptm 0.85 i_ptm 0.42 energy -5.99
73 models [0] recycles 0 hard 0 soft 1 temp 1 loss 2.80 i_con 3.97 plddt 0.31 ptm 0.85 i_ptm 0.39 energy -6.19
74 models [1] recycles 0 hard 0 soft 1 temp 1 loss 3.28 i_con 4.49 plddt 0.24 ptm 0.86 i_ptm 0.18 energy -6.44
75 models [1] recycles 0 hard 0 soft 1 temp 1 loss 3.14 i_con 4.36 plddt 0.23 ptm 0.85 i_ptm 0.21 energy -6.50
76 models [0] recycles 0 hard 0 soft 1 temp 1 loss 2.65 i_con 3.86 plddt 0.34 ptm 0.85 i_ptm 0.44 energy -6.39
77 models [4] recycles 0 hard 0 soft 1 temp 1 loss 2.47 i_con 3.73 plddt 0.32 ptm 0.88 i_ptm 0.46 energy -6.66
78 models [4] recycles 0 hard 0 soft 1 temp 1 loss 2.58 i_con 3.88 plddt 0.30 ptm 0.88 i_ptm 0.41 energy -6.88
79 models [1] recycles 0 hard 0 soft 1 temp 1 loss 3.59 i_con 4.90 plddt 0.22 ptm 0.86 i_ptm 0.12 energy -6.97
80 models [3] recycles 0 hard 0 soft 1 temp 1 loss 2.50 i_con 3.79 plddt 0.34 ptm 0.87 i_ptm 0.46 energy -6.77
81 models [2] recycles 0 hard 0 soft 1 temp 1 loss 2.58 i_con 3.91 plddt 0.34 ptm 0.86 i_ptm 0.39 energy -6.98
82 models [2] recycles 0 hard 0 soft 1 temp 1 loss 2.40 i_con 3.73 plddt 0.40 ptm 0.87 i_ptm 0.48 energy -6.99
83 models [4] recycles 0 hard 0 soft 1 temp 1 loss 2.82 i_con 4.18 plddt 0.30 ptm 0.87 i_ptm 0.30 energy -7.17
84 models [0] recycles 0 hard 0 soft 1 temp 1 loss 2.63 i_con 4.01 plddt 0.33 ptm 0.84 i_ptm 0.36 energy -7.23
85 models [4] recycles 0 hard 0 soft 1 temp 1 loss 2.79 i_con 4.19 plddt 0.27 ptm 0.87 i_ptm 0.30 energy -7.37
86 models [4] recycles 0 hard 0 soft 1 temp 1 loss 2.72 i_con 4.12 plddt 0.27 ptm 0.87 i_ptm 0.28 energy -7.37
87 models [0] recycles 0 hard 0 soft 1 temp 1 loss 3.14 i_con 4.56 plddt 0.31 ptm 0.83 i_ptm 0.21 energy -7.47
88 models [4] recycles 0 hard 0 soft 1 temp 1 loss 2.66 i_con 4.09 plddt 0.28 ptm 0.88 i_ptm 0.33 energy -7.50
89 models [4] recycles 0 hard 0 soft 1 temp 1 loss 2.94 i_con 4.40 plddt 0.28 ptm 0.87 i_ptm 0.23 energy -7.66
90 models [2] recycles 0 hard 0 soft 1 temp 1 loss 3.60 i_con 5.05 plddt 0.27 ptm 0.85 i_ptm 0.12 energy -7.61
91 models [2] recycles 0 hard 0 soft 1 temp 1 loss 2.48 i_con 3.93 plddt 0.31 ptm 0.86 i_ptm 0.40 energy -7.60
92 models [0] recycles 0 hard 0 soft 1 temp 1 loss 3.09 i_con 4.53 plddt 0.33 ptm 0.82 i_ptm 0.18 energy -7.52
93 models [2] recycles 0 hard 0 soft 1 temp 1 loss 2.56 i_con 4.01 plddt 0.32 ptm 0.86 i_ptm 0.39 energy -7.62
94 models [2] recycles 0 hard 0 soft 1 temp 1 loss 2.49 i_con 3.94 plddt 0.31 ptm 0.86 i_ptm 0.39 energy -7.61
95 models [2] recycles 0 hard 0 soft 1 temp 1 loss 2.41 i_con 3.88 plddt 0.32 ptm 0.87 i_ptm 0.42 energy -7.70
96 models [4] recycles 0 hard 0 soft 1 temp 1 loss 2.46 i_con 3.93 plddt 0.30 ptm 0.88 i_ptm 0.40 energy -7.72
97 models [2] recycles 0 hard 0 soft 1 temp 1 loss 2.34 i_con 3.84 plddt 0.34 ptm 0.86 i_ptm 0.45 energy -7.86
98 models [4] recycles 0 hard 0 soft 1 temp 1 loss 2.76 i_con 4.29 plddt 0.23 ptm 0.87 i_ptm 0.22 energy -8.05
99 models [4] recycles 0 hard 0 soft 1 temp 1 loss 2.58 i_con 4.11 plddt 0.26 ptm 0.88 i_ptm 0.32 energy -8.04
100 models [4] recycles 0 hard 0 soft 1 temp 1 loss 2.63 i_con 4.17 plddt 0.31 ptm 0.87 i_ptm 0.32 energy -8.05
101 models [3] recycles 0 hard 0 soft 0 temp 1 loss 2.71 i_con 4.45 plddt 0.12 ptm 0.25 i_ptm 0.36 energy -36.69
102 models [4] recycles 0 hard 0 soft 0 temp 0.98 loss 2.77 i_con 4.52 plddt 0.18 ptm 0.14 i_ptm 0.25 energy -36.69
103 models [0] recycles 0 hard 0 soft 0 temp 0.96 loss 3.56 i_con 5.32 plddt 0.23 ptm 0.83 i_ptm 0.13 energy -36.59
104 models [3] recycles 0 hard 0 soft 0 temp 0.94 loss 3.27 i_con 5.02 plddt 0.19 ptm 0.40 i_ptm 0.08 energy -36.61
105 models [0] recycles 0 hard 0 soft 0 temp 0.92 loss 2.38 i_con 4.16 plddt 0.27 ptm 0.84 i_ptm 0.30 energy -36.93
106 models [0] recycles 0 hard 0 soft 0 temp 0.90 loss 2.34 i_con 4.13 plddt 0.27 ptm 0.84 i_ptm 0.28 energy -37.39
107 models [2] recycles 0 hard 0 soft 0 temp 0.88 loss 1.30 i_con 3.10 plddt 0.31 ptm 0.27 i_ptm 0.54 energy -37.31
108 models [3] recycles 0 hard 0 soft 0 temp 0.86 loss 2.69 i_con 4.48 plddt 0.24 ptm 0.85 i_ptm 0.17 energy -37.44
109 models [2] recycles 0 hard 0 soft 0 temp 0.84 loss 2.76 i_con 4.58 plddt 0.29 ptm 0.86 i_ptm 0.25 energy -37.90
110 models [0] recycles 0 hard 0 soft 0 temp 0.82 loss 2.86 i_con 4.70 plddt 0.24 ptm 0.83 i_ptm 0.17 energy -38.22
111 models [4] recycles 0 hard 0 soft 0 temp 0.80 loss 2.72 i_con 4.55 plddt 0.24 ptm 0.87 i_ptm 0.20 energy -38.10
112 models [1] recycles 0 hard 0 soft 0 temp 0.78 loss 3.67 i_con 5.53 plddt 0.24 ptm 0.85 i_ptm 0.15 energy -38.55
113 models [0] recycles 0 hard 0 soft 0 temp 0.76 loss 2.20 i_con 4.08 plddt 0.28 ptm 0.84 i_ptm 0.33 energy -39.12
114 models [2] recycles 0 hard 0 soft 0 temp 0.74 loss 3.41 i_con 5.34 plddt 0.23 ptm 0.85 i_ptm 0.14 energy -40.09
115 models [3] recycles 0 hard 0 soft 0 temp 0.72 loss 2.40 i_con 4.32 plddt 0.23 ptm 0.84 i_ptm 0.21 energy -40.11
116 models [4] recycles 0 hard 0 soft 0 temp 0.70 loss 2.58 i_con 4.51 plddt 0.25 ptm 0.87 i_ptm 0.20 energy -40.15
117 models [0] recycles 0 hard 0 soft 0 temp 0.68 loss 1.98 i_con 3.97 plddt 0.32 ptm 0.84 i_ptm 0.39 energy -41.04
118 models [3] recycles 0 hard 0 soft 0 temp 0.66 loss 2.32 i_con 4.34 plddt 0.24 ptm 0.84 i_ptm 0.22 energy -41.90
119 models [0] recycles 0 hard 0 soft 0 temp 0.64 loss 2.44 i_con 4.46 plddt 0.25 ptm 0.83 i_ptm 0.20 energy -41.90
120 models [3] recycles 0 hard 0 soft 0 temp 0.62 loss 1.72 i_con 3.77 plddt 0.34 ptm 0.87 i_ptm 0.46 energy -42.39
121 models [4] recycles 0 hard 0 soft 0 temp 0.60 loss 2.23 i_con 4.33 plddt 0.24 ptm 0.87 i_ptm 0.19 energy -43.42
122 models [4] recycles 0 hard 0 soft 0 temp 0.58 loss 2.17 i_con 4.29 plddt 0.25 ptm 0.87 i_ptm 0.22 energy -43.75
123 models [4] recycles 0 hard 0 soft 0 temp 0.56 loss 1.63 i_con 3.74 plddt 0.30 ptm 0.89 i_ptm 0.46 energy -43.64
124 models [1] recycles 0 hard 0 soft 0 temp 0.54 loss 2.90 i_con 5.00 plddt 0.25 ptm 0.85 i_ptm 0.15 energy -43.66
125 models [3] recycles 0 hard 0 soft 0 temp 0.52 loss 1.76 i_con 3.90 plddt 0.31 ptm 0.86 i_ptm 0.40 energy -44.10
126 models [0] recycles 0 hard 0 soft 0 temp 0.50 loss 1.63 i_con 3.80 plddt 0.34 ptm 0.85 i_ptm 0.45 energy -44.81
127 models [2] recycles 0 hard 0 soft 0 temp 0.48 loss 1.58 i_con 3.79 plddt 0.35 ptm 0.87 i_ptm 0.48 energy -45.57
128 models [4] recycles 0 hard 0 soft 0 temp 0.46 loss 1.82 i_con 4.10 plddt 0.26 ptm 0.87 i_ptm 0.29 energy -47.03
129 models [2] recycles 0 hard 0 soft 0 temp 0.44 loss 1.42 i_con 3.72 plddt 0.36 ptm 0.87 i_ptm 0.53 energy -47.19
130 models [4] recycles 0 hard 0 soft 0 temp 0.42 loss 2.68 i_con 5.06 plddt 0.26 ptm 0.87 i_ptm 0.21 energy -48.98
131 models [3] recycles 0 hard 0 soft 0 temp 0.40 loss 1.35 i_con 3.77 plddt 0.34 ptm 0.87 i_ptm 0.46 energy -49.63
132 models [4] recycles 0 hard 0 soft 0 temp 0.38 loss 1.54 i_con 4.02 plddt 0.26 ptm 0.88 i_ptm 0.32 energy -51.13
133 models [2] recycles 0 hard 0 soft 0 temp 0.36 loss 1.25 i_con 3.75 plddt 0.33 ptm 0.87 i_ptm 0.48 energy -51.35
134 models [1] recycles 0 hard 0 soft 0 temp 0.34 loss 3.05 i_con 5.64 plddt 0.24 ptm 0.85 i_ptm 0.15 energy -53.15
135 models [3] recycles 0 hard 0 soft 0 temp 0.32 loss 1.12 i_con 3.73 plddt 0.35 ptm 0.87 i_ptm 0.47 energy -53.44
136 models [4] recycles 0 hard 0 soft 0 temp 0.30 loss 1.25 i_con 3.89 plddt 0.32 ptm 0.88 i_ptm 0.39 energy -54.35
137 models [0] recycles 0 hard 0 soft 0 temp 0.28 loss 1.50 i_con 4.17 plddt 0.26 ptm 0.83 i_ptm 0.28 energy -54.90
138 models [2] recycles 0 hard 0 soft 0 temp 0.26 loss 1.09 i_con 3.77 plddt 0.34 ptm 0.87 i_ptm 0.46 energy -54.83
139 models [2] recycles 0 hard 0 soft 0 temp 0.24 loss 1.02 i_con 3.75 plddt 0.33 ptm 0.87 i_ptm 0.47 energy -55.98
140 models [1] recycles 0 hard 0 soft 0 temp 0.22 loss 2.80 i_con 5.63 plddt 0.25 ptm 0.86 i_ptm 0.14 energy -57.93
141 models [4] recycles 0 hard 0 soft 0 temp 0.20 loss 1.04 i_con 3.89 plddt 0.30 ptm 0.89 i_ptm 0.38 energy -58.48
142 models [0] recycles 0 hard 0 soft 0 temp 0.18 loss 1.31 i_con 4.20 plddt 0.27 ptm 0.83 i_ptm 0.26 energy -59.14
143 models [3] recycles 0 hard 0 soft 0 temp 0.16 loss 0.80 i_con 3.70 plddt 0.36 ptm 0.86 i_ptm 0.49 energy -59.32
144 models [3] recycles 0 hard 0 soft 0 temp 0.14 loss 0.91 i_con 3.84 plddt 0.31 ptm 0.86 i_ptm 0.42 energy -59.97
145 models [1] recycles 0 hard 0 soft 0 temp 0.12 loss 2.51 i_con 5.44 plddt 0.26 ptm 0.86 i_ptm 0.15 energy -60.09
146 models [3] recycles 0 hard 0 soft 0 temp 0.10 loss 1.18 i_con 4.13 plddt 0.27 ptm 0.85 i_ptm 0.26 energy -60.42
147 models [0] recycles 0 hard 0 soft 0 temp 0.08 loss 0.82 i_con 3.78 plddt 0.38 ptm 0.85 i_ptm 0.46 energy -60.36
148 models [2] recycles 0 hard 0 soft 0 temp 0.06 loss 0.79 i_con 3.78 plddt 0.33 ptm 0.88 i_ptm 0.49 energy -60.96
149 models [3] recycles 0 hard 0 soft 0 temp 0.04 loss 0.93 i_con 3.96 plddt 0.29 ptm 0.86 i_ptm 0.38 energy -61.89
150 models [2] recycles 0 hard 0 soft 0 temp 0.02 loss 0.77 i_con 3.82 plddt 0.34 ptm 0.87 i_ptm 0.44 energy -62.39
151 models [0] recycles 0 hard 1 soft 0 temp 0.00 loss 0.18 i_con 3.99 plddt 0.27 ptm 0.84 i_ptm 0.38 energy -7.76
152 models [3] recycles 0 hard 1 soft 0 temp 0.00 loss 0.66 i_con 4.46 plddt 0.25 ptm 0.85 i_ptm 0.30 energy -7.76
153 models [4] recycles 0 hard 1 soft 0 temp 0.00 loss 0.76 i_con 4.56 plddt 0.20 ptm 0.88 i_ptm 0.27 energy -7.76
154 models [1] recycles 0 hard 1 soft 0 temp 0.00 loss 1.56 i_con 5.36 plddt 0.22 ptm 0.85 i_ptm 0.16 energy -7.76
155 models [4] recycles 0 hard 1 soft 0 temp 0.00 loss 0.76 i_con 4.56 plddt 0.20 ptm 0.88 i_ptm 0.27 energy -7.76
156 models [0] recycles 0 hard 1 soft 0 temp 0.00 loss 0.18 i_con 3.99 plddt 0.27 ptm 0.84 i_ptm 0.38 energy -7.76
157 models [2] recycles 0 hard 1 soft 0 temp 0.00 loss 0.87 i_con 4.67 plddt 0.23 ptm 0.85 i_ptm 0.21 energy -7.76
158 models [1] recycles 0 hard 1 soft 0 temp 0.00 loss 1.56 i_con 5.36 plddt 0.22 ptm 0.85 i_ptm 0.16 energy -7.76
159 models [2] recycles 0 hard 1 soft 0 temp 0.00 loss 0.87 i_con 4.67 plddt 0.23 ptm 0.85 i_ptm 0.21 energy -7.76
160 models [3] recycles 0 hard 1 soft 0 temp 0.00 loss 0.66 i_con 4.46 plddt 0.25 ptm 0.85 i_ptm 0.30 energy -7.76
161 models [1] recycles 0 hard 1 soft 0 temp 0.00 loss 1.56 i_con 5.36 plddt 0.22 ptm 0.85 i_ptm 0.16 energy -7.76
162 models [2] recycles 0 hard 1 soft 0 temp 0.00 loss 0.87 i_con 4.67 plddt 0.23 ptm 0.85 i_ptm 0.21 energy -7.76
163 models [1] recycles 0 hard 1 soft 0 temp 0.00 loss 1.56 i_con 5.36 plddt 0.22 ptm 0.85 i_ptm 0.16 energy -7.76
164 models [1] recycles 0 hard 1 soft 0 temp 0.00 loss 1.56 i_con 5.36 plddt 0.22 ptm 0.85 i_ptm 0.16 energy -7.76
165 models [0] recycles 0 hard 1 soft 0 temp 0.00 loss 0.18 i_con 3.99 plddt 0.27 ptm 0.84 i_ptm 0.38 energy -7.76
166 models [2] recycles 0 hard 1 soft 0 temp 0.00 loss 0.87 i_con 4.67 plddt 0.23 ptm 0.85 i_ptm 0.21 energy -7.76
167 models [0] recycles 0 hard 1 soft 0 temp 0.00 loss 0.18 i_con 3.99 plddt 0.27 ptm 0.84 i_ptm 0.38 energy -7.76
168 models [3] recycles 0 hard 1 soft 0 temp 0.00 loss 0.66 i_con 4.46 plddt 0.25 ptm 0.85 i_ptm 0.30 energy -7.76
169 models [2] recycles 0 hard 1 soft 0 temp 0.00 loss 0.87 i_con 4.67 plddt 0.23 ptm 0.85 i_ptm 0.21 energy -7.76
170 models [3] recycles 0 hard 1 soft 0 temp 0.00 loss 0.66 i_con 4.46 plddt 0.25 ptm 0.85 i_ptm 0.30 energy -7.76
171 models [0] recycles 0 hard 1 soft 0 temp 0.00 loss 0.18 i_con 3.99 plddt 0.27 ptm 0.84 i_ptm 0.38 energy -7.76
172 models [3] recycles 0 hard 1 soft 0 temp 0.00 loss 0.66 i_con 4.46 plddt 0.25 ptm 0.85 i_ptm 0.30 energy -7.76
173 models [4] recycles 0 hard 1 soft 0 temp 0.00 loss 0.76 i_con 4.56 plddt 0.20 ptm 0.88 i_ptm 0.27 energy -7.76
174 models [1] recycles 0 hard 1 soft 0 temp 0.00 loss 1.56 i_con 5.36 plddt 0.22 ptm 0.85 i_ptm 0.16 energy -7.76
175 models [3] recycles 0 hard 1 soft 0 temp 0.00 loss 0.66 i_con 4.46 plddt 0.25 ptm 0.85 i_ptm 0.30 energy -7.76
176 models [1] recycles 0 hard 1 soft 0 temp 0.00 loss 1.56 i_con 5.36 plddt 0.22 ptm 0.85 i_ptm 0.16 energy -7.76
177 models [2] recycles 0 hard 1 soft 0 temp 0.00 loss 0.87 i_con 4.67 plddt 0.23 ptm 0.85 i_ptm 0.21 energy -7.76
178 models [3] recycles 0 hard 1 soft 0 temp 0.00 loss 0.66 i_con 4.46 plddt 0.25 ptm 0.85 i_ptm 0.30 energy -7.76
179 models [2] recycles 0 hard 1 soft 0 temp 0.00 loss 0.87 i_con 4.67 plddt 0.23 ptm 0.85 i_ptm 0.21 energy -7.76
180 models [0] recycles 0 hard 1 soft 0 temp 0.00 loss 0.18 i_con 3.99 plddt 0.27 ptm 0.84 i_ptm 0.38 energy -7.76
  seq=AIIWLWWQPNYYRFA  loss=0.1836  loss_af=4.0633  energy=-7.7594  i_ptm=0.3804
[13/30] seed=12 ...
1 models [0] recycles 0 hard 0 soft 1 temp 1 loss 5.64 i_con 5.20 plddt 0.23 ptm 0.84 i_ptm 0.13 energy 7.36
2 models [0] recycles 0 hard 0 soft 1 temp 1 loss 5.46 i_con 5.05 plddt 0.28 ptm 0.83 i_ptm 0.31 energy 6.81
3 models [3] recycles 0 hard 0 soft 1 temp 1 loss 4.29 i_con 3.90 plddt 0.35 ptm 0.86 i_ptm 0.41 energy 6.46
4 models [4] recycles 0 hard 0 soft 1 temp 1 loss 4.22 i_con 3.86 plddt 0.35 ptm 0.88 i_ptm 0.45 energy 5.96
5 models [0] recycles 0 hard 0 soft 1 temp 1 loss 4.33 i_con 3.99 plddt 0.29 ptm 0.85 i_ptm 0.37 energy 5.25
6 models [3] recycles 0 hard 0 soft 1 temp 1 loss 4.10 i_con 3.81 plddt 0.34 ptm 0.86 i_ptm 0.43 energy 4.48
7 models [4] recycles 0 hard 0 soft 1 temp 1 loss 4.38 i_con 4.13 plddt 0.31 ptm 0.88 i_ptm 0.32 energy 3.72
8 models [3] recycles 0 hard 0 soft 1 temp 1 loss 4.11 i_con 3.87 plddt 0.33 ptm 0.86 i_ptm 0.43 energy 3.56
9 models [3] recycles 0 hard 0 soft 1 temp 1 loss 4.06 i_con 3.84 plddt 0.34 ptm 0.86 i_ptm 0.44 energy 2.96
10 models [4] recycles 0 hard 0 soft 1 temp 1 loss 3.97 i_con 3.78 plddt 0.39 ptm 0.89 i_ptm 0.52 energy 2.48
11 models [0] recycles 0 hard 0 soft 1 temp 1 loss 4.87 i_con 4.68 plddt 0.25 ptm 0.83 i_ptm 0.16 energy 2.28
12 models [0] recycles 0 hard 0 soft 1 temp 1 loss 4.35 i_con 4.17 plddt 0.28 ptm 0.84 i_ptm 0.26 energy 2.16
13 models [2] recycles 0 hard 0 soft 1 temp 1 loss 4.02 i_con 3.85 plddt 0.34 ptm 0.86 i_ptm 0.41 energy 2.06
14 models [4] recycles 0 hard 0 soft 1 temp 1 loss 4.38 i_con 4.21 plddt 0.27 ptm 0.87 i_ptm 0.30 energy 2.00
15 models [2] recycles 0 hard 0 soft 1 temp 1 loss 3.91 i_con 3.75 plddt 0.36 ptm 0.86 i_ptm 0.50 energy 1.89
16 models [4] recycles 0 hard 0 soft 1 temp 1 loss 4.01 i_con 3.86 plddt 0.34 ptm 0.88 i_ptm 0.43 energy 1.68
17 models [4] recycles 0 hard 0 soft 1 temp 1 loss 3.85 i_con 3.72 plddt 0.39 ptm 0.89 i_ptm 0.51 energy 1.54
18 models [2] recycles 0 hard 0 soft 1 temp 1 loss 3.94 i_con 3.82 plddt 0.41 ptm 0.88 i_ptm 0.50 energy 1.24
19 models [4] recycles 0 hard 0 soft 1 temp 1 loss 4.08 i_con 3.96 plddt 0.32 ptm 0.88 i_ptm 0.41 energy 1.04
20 models [2] recycles 0 hard 0 soft 1 temp 1 loss 3.95 i_con 3.84 plddt 0.36 ptm 0.87 i_ptm 0.48 energy 0.87
21 models [3] recycles 0 hard 0 soft 1 temp 1 loss 3.70 i_con 3.60 plddt 0.44 ptm 0.86 i_ptm 0.59 energy 0.80
22 models [0] recycles 0 hard 0 soft 1 temp 1 loss 4.07 i_con 3.97 plddt 0.34 ptm 0.85 i_ptm 0.39 energy 0.72
23 models [0] recycles 0 hard 0 soft 1 temp 1 loss 4.15 i_con 4.05 plddt 0.34 ptm 0.84 i_ptm 0.32 energy 0.50
24 models [1] recycles 0 hard 0 soft 1 temp 1 loss 4.07 i_con 3.99 plddt 0.29 ptm 0.87 i_ptm 0.36 energy 0.29
25 models [1] recycles 0 hard 0 soft 1 temp 1 loss 4.00 i_con 3.92 plddt 0.30 ptm 0.86 i_ptm 0.34 energy 0.09
26 models [4] recycles 0 hard 0 soft 1 temp 1 loss 3.83 i_con 3.77 plddt 0.39 ptm 0.89 i_ptm 0.51 energy -0.06
27 models [3] recycles 0 hard 0 soft 1 temp 1 loss 3.81 i_con 3.76 plddt 0.37 ptm 0.86 i_ptm 0.48 energy -0.41
28 models [3] recycles 0 hard 0 soft 1 temp 1 loss 3.76 i_con 3.72 plddt 0.39 ptm 0.86 i_ptm 0.46 energy -0.50
29 models [1] recycles 0 hard 0 soft 1 temp 1 loss 3.95 i_con 3.91 plddt 0.29 ptm 0.87 i_ptm 0.39 energy -0.72
30 models [2] recycles 0 hard 0 soft 1 temp 1 loss 3.74 i_con 3.73 plddt 0.39 ptm 0.87 i_ptm 0.50 energy -0.92
31 models [3] recycles 0 hard 0 soft 1 temp 1 loss 3.71 i_con 3.71 plddt 0.37 ptm 0.86 i_ptm 0.46 energy -1.33
32 models [4] recycles 0 hard 0 soft 1 temp 1 loss 3.70 i_con 3.73 plddt 0.35 ptm 0.88 i_ptm 0.48 energy -1.91
33 models [1] recycles 0 hard 0 soft 1 temp 1 loss 4.01 i_con 4.05 plddt 0.30 ptm 0.86 i_ptm 0.33 energy -2.15
34 models [3] recycles 0 hard 0 soft 1 temp 1 loss 3.63 i_con 3.67 plddt 0.37 ptm 0.87 i_ptm 0.46 energy -2.20
35 models [4] recycles 0 hard 0 soft 1 temp 1 loss 3.67 i_con 3.72 plddt 0.36 ptm 0.89 i_ptm 0.50 energy -2.36
36 models [2] recycles 0 hard 0 soft 1 temp 1 loss 3.63 i_con 3.70 plddt 0.41 ptm 0.87 i_ptm 0.54 energy -2.45
37 models [1] recycles 0 hard 0 soft 1 temp 1 loss 3.98 i_con 4.04 plddt 0.27 ptm 0.86 i_ptm 0.32 energy -2.55
38 models [1] recycles 0 hard 0 soft 1 temp 1 loss 4.80 i_con 4.85 plddt 0.21 ptm 0.86 i_ptm 0.10 energy -2.52
39 models [2] recycles 0 hard 0 soft 1 temp 1 loss 3.64 i_con 3.70 plddt 0.37 ptm 0.87 i_ptm 0.51 energy -2.33
40 models [1] recycles 0 hard 0 soft 1 temp 1 loss 3.84 i_con 3.90 plddt 0.30 ptm 0.87 i_ptm 0.38 energy -2.56
41 models [3] recycles 0 hard 0 soft 1 temp 1 loss 3.53 i_con 3.60 plddt 0.38 ptm 0.86 i_ptm 0.53 energy -2.69
42 models [3] recycles 0 hard 0 soft 1 temp 1 loss 3.77 i_con 3.84 plddt 0.34 ptm 0.86 i_ptm 0.44 energy -2.72
43 models [1] recycles 0 hard 0 soft 1 temp 1 loss 5.30 i_con 5.36 plddt 0.28 ptm 0.85 i_ptm 0.13 energy -2.64
44 models [0] recycles 0 hard 0 soft 1 temp 1 loss 3.82 i_con 3.88 plddt 0.38 ptm 0.85 i_ptm 0.44 energy -2.50
45 models [0] recycles 0 hard 0 soft 1 temp 1 loss 3.68 i_con 3.76 plddt 0.38 ptm 0.85 i_ptm 0.48 energy -2.71
46 models [2] recycles 0 hard 0 soft 1 temp 1 loss 3.57 i_con 3.64 plddt 0.39 ptm 0.87 i_ptm 0.53 energy -2.80
47 models [0] recycles 0 hard 0 soft 1 temp 1 loss 3.74 i_con 3.83 plddt 0.39 ptm 0.85 i_ptm 0.47 energy -3.00
48 models [0] recycles 0 hard 0 soft 1 temp 1 loss 3.72 i_con 3.81 plddt 0.40 ptm 0.85 i_ptm 0.47 energy -3.03
49 models [0] recycles 0 hard 0 soft 1 temp 1 loss 3.70 i_con 3.78 plddt 0.39 ptm 0.85 i_ptm 0.46 energy -2.98
50 models [3] recycles 0 hard 0 soft 1 temp 1 loss 3.57 i_con 3.66 plddt 0.38 ptm 0.86 i_ptm 0.48 energy -3.01
51 models [0] recycles 0 hard 0 soft 1 temp 1 loss 3.28 i_con 3.82 plddt 0.37 ptm 0.85 i_ptm 0.45 energy -3.02
52 models [2] recycles 0 hard 0 soft 1 temp 1 loss 3.07 i_con 3.66 plddt 0.40 ptm 0.88 i_ptm 0.52 energy -3.28
53 models [4] recycles 0 hard 0 soft 1 temp 1 loss 3.08 i_con 3.70 plddt 0.38 ptm 0.88 i_ptm 0.49 energy -3.44
54 models [3] recycles 0 hard 0 soft 1 temp 1 loss 3.01 i_con 3.66 plddt 0.43 ptm 0.86 i_ptm 0.52 energy -3.55
55 models [3] recycles 0 hard 0 soft 1 temp 1 loss 2.91 i_con 3.57 plddt 0.40 ptm 0.86 i_ptm 0.53 energy -3.60
56 models [1] recycles 0 hard 0 soft 1 temp 1 loss 3.37 i_con 4.03 plddt 0.26 ptm 0.86 i_ptm 0.31 energy -3.69
57 models [2] recycles 0 hard 0 soft 1 temp 1 loss 2.99 i_con 3.67 plddt 0.41 ptm 0.87 i_ptm 0.52 energy -3.68
58 models [2] recycles 0 hard 0 soft 1 temp 1 loss 2.99 i_con 3.68 plddt 0.38 ptm 0.87 i_ptm 0.52 energy -3.76
59 models [0] recycles 0 hard 0 soft 1 temp 1 loss 3.09 i_con 3.79 plddt 0.39 ptm 0.85 i_ptm 0.47 energy -3.82
60 models [4] recycles 0 hard 0 soft 1 temp 1 loss 2.94 i_con 3.65 plddt 0.37 ptm 0.89 i_ptm 0.51 energy -3.89
61 models [1] recycles 0 hard 0 soft 1 temp 1 loss 3.38 i_con 4.11 plddt 0.27 ptm 0.86 i_ptm 0.31 energy -4.00
62 models [0] recycles 0 hard 0 soft 1 temp 1 loss 3.03 i_con 3.77 plddt 0.37 ptm 0.84 i_ptm 0.48 energy -4.03
63 models [2] recycles 0 hard 0 soft 1 temp 1 loss 2.97 i_con 3.74 plddt 0.40 ptm 0.87 i_ptm 0.51 energy -4.15
64 models [4] recycles 0 hard 0 soft 1 temp 1 loss 2.90 i_con 3.70 plddt 0.38 ptm 0.88 i_ptm 0.50 energy -4.30
65 models [1] recycles 0 hard 0 soft 1 temp 1 loss 3.23 i_con 4.04 plddt 0.29 ptm 0.87 i_ptm 0.34 energy -4.43
66 models [3] recycles 0 hard 0 soft 1 temp 1 loss 2.89 i_con 3.72 plddt 0.36 ptm 0.87 i_ptm 0.46 energy -4.50
67 models [0] recycles 0 hard 0 soft 1 temp 1 loss 3.01 i_con 3.87 plddt 0.31 ptm 0.85 i_ptm 0.41 energy -4.67
68 models [2] recycles 0 hard 0 soft 1 temp 1 loss 2.86 i_con 3.74 plddt 0.35 ptm 0.87 i_ptm 0.48 energy -4.70
69 models [4] recycles 0 hard 0 soft 1 temp 1 loss 2.78 i_con 3.68 plddt 0.35 ptm 0.89 i_ptm 0.47 energy -4.83
70 models [1] recycles 0 hard 0 soft 1 temp 1 loss 4.38 i_con 5.31 plddt 0.28 ptm 0.86 i_ptm 0.17 energy -5.00
71 models [0] recycles 0 hard 0 soft 1 temp 1 loss 2.91 i_con 3.82 plddt 0.37 ptm 0.85 i_ptm 0.44 energy -4.88
72 models [1] recycles 0 hard 0 soft 1 temp 1 loss 2.89 i_con 3.81 plddt 0.34 ptm 0.87 i_ptm 0.44 energy -4.97
73 models [1] recycles 0 hard 0 soft 1 temp 1 loss 4.25 i_con 5.19 plddt 0.27 ptm 0.85 i_ptm 0.15 energy -5.04
74 models [2] recycles 0 hard 0 soft 1 temp 1 loss 2.77 i_con 3.70 plddt 0.36 ptm 0.87 i_ptm 0.50 energy -4.96
75 models [1] recycles 0 hard 0 soft 1 temp 1 loss 4.28 i_con 5.23 plddt 0.26 ptm 0.85 i_ptm 0.12 energy -5.12
76 models [4] recycles 0 hard 0 soft 1 temp 1 loss 2.72 i_con 3.67 plddt 0.40 ptm 0.89 i_ptm 0.52 energy -5.07
77 models [3] recycles 0 hard 0 soft 1 temp 1 loss 2.76 i_con 3.74 plddt 0.36 ptm 0.87 i_ptm 0.47 energy -5.22
78 models [2] recycles 0 hard 0 soft 1 temp 1 loss 2.69 i_con 3.70 plddt 0.38 ptm 0.87 i_ptm 0.50 energy -5.37
79 models [2] recycles 0 hard 0 soft 1 temp 1 loss 2.75 i_con 3.77 plddt 0.36 ptm 0.86 i_ptm 0.48 energy -5.39
80 models [4] recycles 0 hard 0 soft 1 temp 1 loss 2.75 i_con 3.79 plddt 0.32 ptm 0.88 i_ptm 0.44 energy -5.56
81 models [4] recycles 0 hard 0 soft 1 temp 1 loss 2.62 i_con 3.66 plddt 0.37 ptm 0.89 i_ptm 0.51 energy -5.52
82 models [2] recycles 0 hard 0 soft 1 temp 1 loss 2.62 i_con 3.69 plddt 0.35 ptm 0.87 i_ptm 0.51 energy -5.67
83 models [3] recycles 0 hard 0 soft 1 temp 1 loss 2.63 i_con 3.72 plddt 0.37 ptm 0.86 i_ptm 0.46 energy -5.81
84 models [0] recycles 0 hard 0 soft 1 temp 1 loss 2.69 i_con 3.80 plddt 0.35 ptm 0.85 i_ptm 0.46 energy -5.86
85 models [2] recycles 0 hard 0 soft 1 temp 1 loss 2.56 i_con 3.70 plddt 0.38 ptm 0.87 i_ptm 0.52 energy -5.99
86 models [4] recycles 0 hard 0 soft 1 temp 1 loss 3.59 i_con 4.72 plddt 0.24 ptm 0.86 i_ptm 0.16 energy -6.04
87 models [2] recycles 0 hard 0 soft 1 temp 1 loss 2.71 i_con 3.84 plddt 0.35 ptm 0.87 i_ptm 0.45 energy -5.96
88 models [3] recycles 0 hard 0 soft 1 temp 1 loss 2.62 i_con 3.76 plddt 0.36 ptm 0.86 i_ptm 0.46 energy -6.04
89 models [3] recycles 0 hard 0 soft 1 temp 1 loss 2.64 i_con 3.80 plddt 0.34 ptm 0.86 i_ptm 0.45 energy -6.10
90 models [2] recycles 0 hard 0 soft 1 temp 1 loss 2.53 i_con 3.68 plddt 0.40 ptm 0.88 i_ptm 0.53 energy -6.02
91 models [3] recycles 0 hard 0 soft 1 temp 1 loss 2.61 i_con 3.78 plddt 0.34 ptm 0.86 i_ptm 0.44 energy -6.20
92 models [0] recycles 0 hard 0 soft 1 temp 1 loss 2.85 i_con 4.01 plddt 0.30 ptm 0.84 i_ptm 0.33 energy -6.14
93 models [4] recycles 0 hard 0 soft 1 temp 1 loss 2.40 i_con 3.58 plddt 0.40 ptm 0.89 i_ptm 0.55 energy -6.21
94 models [2] recycles 0 hard 0 soft 1 temp 1 loss 2.63 i_con 3.82 plddt 0.35 ptm 0.87 i_ptm 0.45 energy -6.28
95 models [4] recycles 0 hard 0 soft 1 temp 1 loss 2.61 i_con 3.84 plddt 0.31 ptm 0.88 i_ptm 0.42 energy -6.48
96 models [4] recycles 0 hard 0 soft 1 temp 1 loss 2.73 i_con 3.93 plddt 0.33 ptm 0.87 i_ptm 0.38 energy -6.34
97 models [4] recycles 0 hard 0 soft 1 temp 1 loss 2.44 i_con 3.65 plddt 0.36 ptm 0.88 i_ptm 0.48 energy -6.38
98 models [0] recycles 0 hard 0 soft 1 temp 1 loss 2.71 i_con 3.92 plddt 0.33 ptm 0.85 i_ptm 0.38 energy -6.36
99 models [0] recycles 0 hard 0 soft 1 temp 1 loss 2.56 i_con 3.80 plddt 0.37 ptm 0.85 i_ptm 0.48 energy -6.49
100 models [4] recycles 0 hard 0 soft 1 temp 1 loss 2.47 i_con 3.73 plddt 0.33 ptm 0.88 i_ptm 0.46 energy -6.60
101 models [1] recycles 0 hard 0 soft 0 temp 1 loss 4.64 i_con 6.40 plddt 0.28 ptm 0.86 i_ptm 0.19 energy -36.71
102 models [4] recycles 0 hard 0 soft 0 temp 0.98 loss 2.42 i_con 4.19 plddt 0.26 ptm 0.88 i_ptm 0.26 energy -37.00
103 models [0] recycles 0 hard 0 soft 0 temp 0.96 loss 3.34 i_con 5.12 plddt 0.24 ptm 0.83 i_ptm 0.14 energy -37.03
104 models [4] recycles 0 hard 0 soft 0 temp 0.94 loss 3.84 i_con 5.61 plddt 0.21 ptm 0.82 i_ptm 0.10 energy -36.97
105 models [4] recycles 0 hard 0 soft 0 temp 0.92 loss 1.44 i_con 3.22 plddt 0.26 ptm 0.64 i_ptm 0.64 energy -36.96
106 models [1] recycles 0 hard 0 soft 0 temp 0.90 loss 2.47 i_con 4.23 plddt 0.16 ptm 0.64 i_ptm 0.70 energy -37.03
107 models [1] recycles 0 hard 0 soft 0 temp 0.88 loss 3.60 i_con 5.37 plddt 0.29 ptm 0.82 i_ptm 0.12 energy -36.75
108 models [1] recycles 0 hard 0 soft 0 temp 0.86 loss 4.44 i_con 6.22 plddt 0.27 ptm 0.86 i_ptm 0.11 energy -37.10
109 models [1] recycles 0 hard 0 soft 0 temp 0.84 loss 3.17 i_con 4.94 plddt 0.23 ptm 0.83 i_ptm 0.13 energy -37.04
110 models [2] recycles 0 hard 0 soft 0 temp 0.82 loss 3.55 i_con 5.34 plddt 0.24 ptm 0.85 i_ptm 0.12 energy -37.37
111 models [4] recycles 0 hard 0 soft 0 temp 0.80 loss 4.32 i_con 6.12 plddt 0.22 ptm 0.87 i_ptm 0.14 energy -37.49
112 models [2] recycles 0 hard 0 soft 0 temp 0.78 loss 3.67 i_con 5.48 plddt 0.22 ptm 0.77 i_ptm 0.15 energy -37.79
113 models [4] recycles 0 hard 0 soft 0 temp 0.76 loss 4.00 i_con 5.82 plddt 0.22 ptm 0.72 i_ptm 0.08 energy -37.95
114 models [1] recycles 0 hard 0 soft 0 temp 0.74 loss 4.06 i_con 5.90 plddt 0.27 ptm 0.85 i_ptm 0.12 energy -38.17
115 models [1] recycles 0 hard 0 soft 0 temp 0.72 loss 2.54 i_con 4.37 plddt 0.20 ptm 0.44 i_ptm 0.14 energy -38.28
116 models [1] recycles 0 hard 0 soft 0 temp 0.70 loss 3.07 i_con 4.89 plddt 0.21 ptm 0.73 i_ptm 0.14 energy -38.05
117 models [4] recycles 0 hard 0 soft 0 temp 0.68 loss 3.73 i_con 5.56 plddt 0.20 ptm 0.81 i_ptm 0.09 energy -38.26
118 models [1] recycles 0 hard 0 soft 0 temp 0.66 loss 3.36 i_con 5.19 plddt 0.24 ptm 0.68 i_ptm 0.21 energy -38.20
119 models [0] recycles 0 hard 0 soft 0 temp 0.64 loss 3.14 i_con 4.97 plddt 0.24 ptm 0.84 i_ptm 0.13 energy -38.24
120 models [4] recycles 0 hard 0 soft 0 temp 0.62 loss 4.18 i_con 6.04 plddt 0.23 ptm 0.88 i_ptm 0.16 energy -38.92
121 models [2] recycles 0 hard 0 soft 0 temp 0.60 loss 4.20 i_con 6.08 plddt 0.25 ptm 0.85 i_ptm 0.09 energy -39.13
122 models [4] recycles 0 hard 0 soft 0 temp 0.58 loss 3.80 i_con 5.67 plddt 0.23 ptm 0.88 i_ptm 0.14 energy -38.98
123 models [3] recycles 0 hard 0 soft 0 temp 0.56 loss 3.98 i_con 5.86 plddt 0.23 ptm 0.85 i_ptm 0.16 energy -39.25
124 models [1] recycles 0 hard 0 soft 0 temp 0.54 loss 4.56 i_con 6.45 plddt 0.27 ptm 0.87 i_ptm 0.16 energy -39.29
125 models [2] recycles 0 hard 0 soft 0 temp 0.52 loss 3.64 i_con 5.55 plddt 0.25 ptm 0.76 i_ptm 0.08 energy -39.71
126 models [0] recycles 0 hard 0 soft 0 temp 0.50 loss 2.73 i_con 4.66 plddt 0.24 ptm 0.83 i_ptm 0.15 energy -40.18
127 models [0] recycles 0 hard 0 soft 0 temp 0.48 loss 2.55 i_con 4.48 plddt 0.24 ptm 0.84 i_ptm 0.19 energy -40.16
128 models [1] recycles 0 hard 0 soft 0 temp 0.46 loss 2.39 i_con 4.33 plddt 0.20 ptm 0.77 i_ptm 0.17 energy -40.37
129 models [2] recycles 0 hard 0 soft 0 temp 0.44 loss 3.73 i_con 5.68 plddt 0.25 ptm 0.86 i_ptm 0.14 energy -40.48
130 models [4] recycles 0 hard 0 soft 0 temp 0.42 loss 3.74 i_con 5.68 plddt 0.23 ptm 0.88 i_ptm 0.13 energy -40.49
131 models [1] recycles 0 hard 0 soft 0 temp 0.40 loss 4.07 i_con 6.01 plddt 0.25 ptm 0.86 i_ptm 0.15 energy -40.43
132 models [0] recycles 0 hard 0 soft 0 temp 0.38 loss 2.85 i_con 4.82 plddt 0.24 ptm 0.82 i_ptm 0.12 energy -40.84
133 models [1] recycles 0 hard 0 soft 0 temp 0.36 loss 3.93 i_con 5.94 plddt 0.27 ptm 0.86 i_ptm 0.18 energy -41.62
134 models [2] recycles 0 hard 0 soft 0 temp 0.34 loss 3.11 i_con 5.12 plddt 0.20 ptm 0.86 i_ptm 0.11 energy -41.87
135 models [2] recycles 0 hard 0 soft 0 temp 0.32 loss 1.75 i_con 3.76 plddt 0.21 ptm 0.34 i_ptm 0.34 energy -41.74
136 models [0] recycles 0 hard 0 soft 0 temp 0.30 loss 2.92 i_con 4.93 plddt 0.25 ptm 0.83 i_ptm 0.10 energy -41.73
137 models [3] recycles 0 hard 0 soft 0 temp 0.28 loss 1.06 i_con 3.07 plddt 0.27 ptm 0.38 i_ptm 0.38 energy -41.51
138 models [2] recycles 0 hard 0 soft 0 temp 0.26 loss 3.93 i_con 5.94 plddt 0.22 ptm 0.85 i_ptm 0.12 energy -41.73
139 models [4] recycles 0 hard 0 soft 0 temp 0.24 loss 3.42 i_con 5.43 plddt 0.20 ptm 0.88 i_ptm 0.12 energy -41.90
140 models [2] recycles 0 hard 0 soft 0 temp 0.22 loss 3.56 i_con 5.59 plddt 0.24 ptm 0.86 i_ptm 0.17 energy -42.15
141 models [3] recycles 0 hard 0 soft 0 temp 0.20 loss 3.28 i_con 5.34 plddt 0.23 ptm 0.84 i_ptm 0.12 energy -42.73
142 models [3] recycles 0 hard 0 soft 0 temp 0.18 loss 3.67 i_con 5.73 plddt 0.24 ptm 0.85 i_ptm 0.18 energy -42.85
143 models [0] recycles 0 hard 0 soft 0 temp 0.16 loss 2.70 i_con 4.79 plddt 0.27 ptm 0.84 i_ptm 0.18 energy -43.29
144 models [0] recycles 0 hard 0 soft 0 temp 0.14 loss 2.44 i_con 4.58 plddt 0.25 ptm 0.84 i_ptm 0.15 energy -44.33
145 models [3] recycles 0 hard 0 soft 0 temp 0.12 loss 2.66 i_con 4.81 plddt 0.23 ptm 0.86 i_ptm 0.14 energy -44.43
146 models [3] recycles 0 hard 0 soft 0 temp 0.10 loss 3.40 i_con 5.55 plddt 0.21 ptm 0.85 i_ptm 0.15 energy -44.47
147 models [0] recycles 0 hard 0 soft 0 temp 0.08 loss 2.48 i_con 4.64 plddt 0.24 ptm 0.82 i_ptm 0.16 energy -44.72
148 models [1] recycles 0 hard 0 soft 0 temp 0.06 loss 4.17 i_con 6.34 plddt 0.28 ptm 0.87 i_ptm 0.22 energy -44.87
149 models [0] recycles 0 hard 0 soft 0 temp 0.04 loss 2.70 i_con 4.91 plddt 0.24 ptm 0.84 i_ptm 0.19 energy -45.75
150 models [3] recycles 0 hard 0 soft 0 temp 0.02 loss 3.28 i_con 5.52 plddt 0.22 ptm 0.84 i_ptm 0.17 energy -46.35
151 models [0] recycles 0 hard 1 soft 0 temp 0.00 loss 0.53 i_con 3.76 plddt 0.32 ptm 0.85 i_ptm 0.50 energy -6.59
152 models [2] recycles 0 hard 1 soft 0 temp 0.00 loss 0.48 i_con 3.71 plddt 0.35 ptm 0.87 i_ptm 0.51 energy -6.59
153 models [4] recycles 0 hard 1 soft 0 temp 0.00 loss 1.88 i_con 5.10 plddt 0.19 ptm 0.87 i_ptm 0.14 energy -6.59
154 models [1] recycles 0 hard 1 soft 0 temp 0.00 loss 2.29 i_con 5.51 plddt 0.23 ptm 0.85 i_ptm 0.17 energy -6.59
155 models [3] recycles 0 hard 1 soft 0 temp 0.00 loss 0.60 i_con 3.83 plddt 0.30 ptm 0.86 i_ptm 0.45 energy -6.59
156 models [4] recycles 0 hard 1 soft 0 temp 0.00 loss 1.88 i_con 5.10 plddt 0.19 ptm 0.87 i_ptm 0.14 energy -6.59
157 models [2] recycles 0 hard 1 soft 0 temp 0.00 loss 0.48 i_con 3.71 plddt 0.35 ptm 0.87 i_ptm 0.51 energy -6.59
158 models [2] recycles 0 hard 1 soft 0 temp 0.00 loss 0.48 i_con 3.71 plddt 0.35 ptm 0.87 i_ptm 0.51 energy -6.59
159 models [2] recycles 0 hard 1 soft 0 temp 0.00 loss 0.48 i_con 3.71 plddt 0.35 ptm 0.87 i_ptm 0.51 energy -6.59
160 models [4] recycles 0 hard 1 soft 0 temp 0.00 loss 1.88 i_con 5.10 plddt 0.19 ptm 0.87 i_ptm 0.14 energy -6.59
161 models [2] recycles 0 hard 1 soft 0 temp 0.00 loss 0.48 i_con 3.71 plddt 0.35 ptm 0.87 i_ptm 0.51 energy -6.59
162 models [2] recycles 0 hard 1 soft 0 temp 0.00 loss 0.48 i_con 3.71 plddt 0.35 ptm 0.87 i_ptm 0.51 energy -6.59
163 models [3] recycles 0 hard 1 soft 0 temp 0.00 loss 0.60 i_con 3.83 plddt 0.30 ptm 0.86 i_ptm 0.45 energy -6.59
164 models [2] recycles 0 hard 1 soft 0 temp 0.00 loss 0.48 i_con 3.71 plddt 0.35 ptm 0.87 i_ptm 0.51 energy -6.59
165 models [1] recycles 0 hard 1 soft 0 temp 0.00 loss 2.29 i_con 5.51 plddt 0.23 ptm 0.85 i_ptm 0.17 energy -6.59
166 models [1] recycles 0 hard 1 soft 0 temp 0.00 loss 2.29 i_con 5.51 plddt 0.23 ptm 0.85 i_ptm 0.17 energy -6.59
167 models [4] recycles 0 hard 1 soft 0 temp 0.00 loss 1.88 i_con 5.10 plddt 0.19 ptm 0.87 i_ptm 0.14 energy -6.59
168 models [3] recycles 0 hard 1 soft 0 temp 0.00 loss 0.60 i_con 3.83 plddt 0.30 ptm 0.86 i_ptm 0.45 energy -6.59
169 models [2] recycles 0 hard 1 soft 0 temp 0.00 loss 0.48 i_con 3.71 plddt 0.35 ptm 0.87 i_ptm 0.51 energy -6.59
170 models [1] recycles 0 hard 1 soft 0 temp 0.00 loss 2.29 i_con 5.51 plddt 0.23 ptm 0.85 i_ptm 0.17 energy -6.59
171 models [4] recycles 0 hard 1 soft 0 temp 0.00 loss 1.88 i_con 5.10 plddt 0.19 ptm 0.87 i_ptm 0.14 energy -6.59
172 models [4] recycles 0 hard 1 soft 0 temp 0.00 loss 1.88 i_con 5.10 plddt 0.19 ptm 0.87 i_ptm 0.14 energy -6.59
173 models [0] recycles 0 hard 1 soft 0 temp 0.00 loss 0.53 i_con 3.76 plddt 0.32 ptm 0.85 i_ptm 0.50 energy -6.59
174 models [0] recycles 0 hard 1 soft 0 temp 0.00 loss 0.53 i_con 3.76 plddt 0.32 ptm 0.85 i_ptm 0.50 energy -6.59
175 models [4] recycles 0 hard 1 soft 0 temp 0.00 loss 1.88 i_con 5.10 plddt 0.19 ptm 0.87 i_ptm 0.14 energy -6.59
176 models [3] recycles 0 hard 1 soft 0 temp 0.00 loss 0.60 i_con 3.83 plddt 0.30 ptm 0.86 i_ptm 0.45 energy -6.59
177 models [1] recycles 0 hard 1 soft 0 temp 0.00 loss 2.29 i_con 5.51 plddt 0.23 ptm 0.85 i_ptm 0.17 energy -6.59
178 models [2] recycles 0 hard 1 soft 0 temp 0.00 loss 0.48 i_con 3.71 plddt 0.35 ptm 0.87 i_ptm 0.51 energy -6.59
179 models [1] recycles 0 hard 1 soft 0 temp 0.00 loss 2.29 i_con 5.51 plddt 0.23 ptm 0.85 i_ptm 0.17 energy -6.59
180 models [2] recycles 0 hard 1 soft 0 temp 0.00 loss 0.48 i_con 3.71 plddt 0.35 ptm 0.87 i_ptm 0.51 energy -6.59
  seq=EWYWITWDLWYQKDA  loss=0.4828  loss_af=3.7790  energy=-6.5924  i_ptm=0.5097
[14/30] seed=13 ...
1 models [3] recycles 0 hard 0 soft 1 temp 1 loss 4.45 i_con 4.01 plddt 0.29 ptm 0.85 i_ptm 0.35 energy 7.43
2 models [1] recycles 0 hard 0 soft 1 temp 1 loss 4.65 i_con 4.22 plddt 0.22 ptm 0.86 i_ptm 0.24 energy 6.98
3 models [4] recycles 0 hard 0 soft 1 temp 1 loss 4.53 i_con 4.12 plddt 0.27 ptm 0.88 i_ptm 0.30 energy 6.63
4 models [3] recycles 0 hard 0 soft 1 temp 1 loss 4.22 i_con 3.84 plddt 0.32 ptm 0.86 i_ptm 0.39 energy 6.20
5 models [2] recycles 0 hard 0 soft 1 temp 1 loss 4.15 i_con 3.82 plddt 0.34 ptm 0.86 i_ptm 0.42 energy 5.34
6 models [0] recycles 0 hard 0 soft 1 temp 1 loss 5.01 i_con 4.71 plddt 0.25 ptm 0.83 i_ptm 0.15 energy 4.50
7 models [3] recycles 0 hard 0 soft 1 temp 1 loss 4.02 i_con 3.75 plddt 0.35 ptm 0.86 i_ptm 0.44 energy 4.12
8 models [3] recycles 0 hard 0 soft 1 temp 1 loss 4.00 i_con 3.75 plddt 0.34 ptm 0.86 i_ptm 0.45 energy 3.70
9 models [3] recycles 0 hard 0 soft 1 temp 1 loss 3.99 i_con 3.76 plddt 0.35 ptm 0.86 i_ptm 0.45 energy 3.23
10 models [3] recycles 0 hard 0 soft 1 temp 1 loss 3.93 i_con 3.72 plddt 0.32 ptm 0.86 i_ptm 0.48 energy 2.89
11 models [2] recycles 0 hard 0 soft 1 temp 1 loss 3.96 i_con 3.76 plddt 0.36 ptm 0.87 i_ptm 0.47 energy 2.66
12 models [2] recycles 0 hard 0 soft 1 temp 1 loss 4.02 i_con 3.84 plddt 0.35 ptm 0.87 i_ptm 0.43 energy 2.37
13 models [2] recycles 0 hard 0 soft 1 temp 1 loss 3.97 i_con 3.79 plddt 0.37 ptm 0.87 i_ptm 0.46 energy 2.31
14 models [4] recycles 0 hard 0 soft 1 temp 1 loss 4.17 i_con 4.00 plddt 0.32 ptm 0.88 i_ptm 0.36 energy 2.03
15 models [3] recycles 0 hard 0 soft 1 temp 1 loss 3.86 i_con 3.70 plddt 0.40 ptm 0.87 i_ptm 0.49 energy 1.92
16 models [0] recycles 0 hard 0 soft 1 temp 1 loss 4.22 i_con 4.05 plddt 0.30 ptm 0.84 i_ptm 0.33 energy 1.93
17 models [0] recycles 0 hard 0 soft 1 temp 1 loss 4.19 i_con 4.03 plddt 0.30 ptm 0.84 i_ptm 0.34 energy 1.75
18 models [2] recycles 0 hard 0 soft 1 temp 1 loss 4.00 i_con 3.85 plddt 0.36 ptm 0.86 i_ptm 0.45 energy 1.65
19 models [2] recycles 0 hard 0 soft 1 temp 1 loss 3.89 i_con 3.75 plddt 0.40 ptm 0.87 i_ptm 0.48 energy 1.52
20 models [1] recycles 0 hard 0 soft 1 temp 1 loss 4.22 i_con 4.09 plddt 0.28 ptm 0.86 i_ptm 0.28 energy 1.21
21 models [0] recycles 0 hard 0 soft 1 temp 1 loss 4.24 i_con 4.11 plddt 0.27 ptm 0.84 i_ptm 0.29 energy 1.09
22 models [2] recycles 0 hard 0 soft 1 temp 1 loss 3.90 i_con 3.79 plddt 0.37 ptm 0.87 i_ptm 0.50 energy 0.97
23 models [0] recycles 0 hard 0 soft 1 temp 1 loss 4.07 i_con 3.97 plddt 0.31 ptm 0.84 i_ptm 0.37 energy 0.56
24 models [2] recycles 0 hard 0 soft 1 temp 1 loss 3.81 i_con 3.73 plddt 0.41 ptm 0.87 i_ptm 0.51 energy 0.29
25 models [0] recycles 0 hard 0 soft 1 temp 1 loss 3.89 i_con 3.83 plddt 0.34 ptm 0.85 i_ptm 0.42 energy -0.13
26 models [4] recycles 0 hard 0 soft 1 temp 1 loss 3.63 i_con 3.59 plddt 0.44 ptm 0.89 i_ptm 0.53 energy -0.41
27 models [1] recycles 0 hard 0 soft 1 temp 1 loss 4.04 i_con 4.00 plddt 0.27 ptm 0.86 i_ptm 0.35 energy -0.61
28 models [0] recycles 0 hard 0 soft 1 temp 1 loss 3.93 i_con 3.89 plddt 0.33 ptm 0.84 i_ptm 0.41 energy -0.67
29 models [2] recycles 0 hard 0 soft 1 temp 1 loss 3.66 i_con 3.64 plddt 0.42 ptm 0.87 i_ptm 0.52 energy -0.72
30 models [3] recycles 0 hard 0 soft 1 temp 1 loss 3.71 i_con 3.68 plddt 0.40 ptm 0.86 i_ptm 0.51 energy -0.77
31 models [1] recycles 0 hard 0 soft 1 temp 1 loss 4.08 i_con 4.05 plddt 0.28 ptm 0.87 i_ptm 0.33 energy -0.91
32 models [3] recycles 0 hard 0 soft 1 temp 1 loss 4.37 i_con 4.35 plddt 0.30 ptm 0.85 i_ptm 0.27 energy -0.86
33 models [0] recycles 0 hard 0 soft 1 temp 1 loss 3.88 i_con 3.87 plddt 0.32 ptm 0.85 i_ptm 0.42 energy -1.04
34 models [4] recycles 0 hard 0 soft 1 temp 1 loss 3.69 i_con 3.69 plddt 0.37 ptm 0.88 i_ptm 0.48 energy -1.34
35 models [1] recycles 0 hard 0 soft 1 temp 1 loss 5.11 i_con 5.12 plddt 0.25 ptm 0.85 i_ptm 0.12 energy -1.69
36 models [3] recycles 0 hard 0 soft 1 temp 1 loss 3.71 i_con 3.74 plddt 0.35 ptm 0.86 i_ptm 0.46 energy -1.75
37 models [2] recycles 0 hard 0 soft 1 temp 1 loss 3.69 i_con 3.73 plddt 0.41 ptm 0.87 i_ptm 0.50 energy -2.04
38 models [0] recycles 0 hard 0 soft 1 temp 1 loss 3.74 i_con 3.79 plddt 0.37 ptm 0.85 i_ptm 0.44 energy -2.26
39 models [3] recycles 0 hard 0 soft 1 temp 1 loss 3.63 i_con 3.69 plddt 0.34 ptm 0.86 i_ptm 0.46 energy -2.39
40 models [2] recycles 0 hard 0 soft 1 temp 1 loss 3.62 i_con 3.69 plddt 0.39 ptm 0.87 i_ptm 0.50 energy -2.52
41 models [2] recycles 0 hard 0 soft 1 temp 1 loss 3.74 i_con 3.80 plddt 0.36 ptm 0.87 i_ptm 0.47 energy -2.41
42 models [2] recycles 0 hard 0 soft 1 temp 1 loss 3.60 i_con 3.67 plddt 0.44 ptm 0.87 i_ptm 0.53 energy -2.52
43 models [2] recycles 0 hard 0 soft 1 temp 1 loss 3.56 i_con 3.63 plddt 0.42 ptm 0.88 i_ptm 0.54 energy -2.52
44 models [0] recycles 0 hard 0 soft 1 temp 1 loss 3.74 i_con 3.80 plddt 0.34 ptm 0.85 i_ptm 0.44 energy -2.55
45 models [3] recycles 0 hard 0 soft 1 temp 1 loss 3.63 i_con 3.71 plddt 0.39 ptm 0.86 i_ptm 0.50 energy -2.72
46 models [1] recycles 0 hard 0 soft 1 temp 1 loss 3.92 i_con 3.98 plddt 0.28 ptm 0.87 i_ptm 0.33 energy -2.71
47 models [3] recycles 0 hard 0 soft 1 temp 1 loss 3.59 i_con 3.66 plddt 0.36 ptm 0.87 i_ptm 0.50 energy -2.73
48 models [3] recycles 0 hard 0 soft 1 temp 1 loss 3.68 i_con 3.76 plddt 0.34 ptm 0.87 i_ptm 0.48 energy -2.87
49 models [1] recycles 0 hard 0 soft 1 temp 1 loss 3.82 i_con 3.90 plddt 0.31 ptm 0.88 i_ptm 0.41 energy -3.00
50 models [1] recycles 0 hard 0 soft 1 temp 1 loss 4.04 i_con 4.13 plddt 0.27 ptm 0.86 i_ptm 0.28 energy -3.09
51 models [1] recycles 0 hard 0 soft 1 temp 1 loss 3.26 i_con 3.80 plddt 0.33 ptm 0.87 i_ptm 0.46 energy -3.02
52 models [0] recycles 0 hard 0 soft 1 temp 1 loss 3.28 i_con 3.87 plddt 0.33 ptm 0.85 i_ptm 0.42 energy -3.31
53 models [4] recycles 0 hard 0 soft 1 temp 1 loss 3.10 i_con 3.73 plddt 0.36 ptm 0.89 i_ptm 0.49 energy -3.49
54 models [1] recycles 0 hard 0 soft 1 temp 1 loss 3.15 i_con 3.81 plddt 0.35 ptm 0.87 i_ptm 0.43 energy -3.65
55 models [3] recycles 0 hard 0 soft 1 temp 1 loss 3.05 i_con 3.73 plddt 0.35 ptm 0.86 i_ptm 0.47 energy -3.77
56 models [1] recycles 0 hard 0 soft 1 temp 1 loss 3.17 i_con 3.90 plddt 0.30 ptm 0.87 i_ptm 0.38 energy -4.00
57 models [2] recycles 0 hard 0 soft 1 temp 1 loss 2.99 i_con 3.75 plddt 0.37 ptm 0.87 i_ptm 0.51 energy -4.11
58 models [3] recycles 0 hard 0 soft 1 temp 1 loss 2.91 i_con 3.71 plddt 0.34 ptm 0.87 i_ptm 0.48 energy -4.31
59 models [2] recycles 0 hard 0 soft 1 temp 1 loss 2.93 i_con 3.72 plddt 0.36 ptm 0.87 i_ptm 0.47 energy -4.25
60 models [4] recycles 0 hard 0 soft 1 temp 1 loss 2.89 i_con 3.72 plddt 0.35 ptm 0.89 i_ptm 0.48 energy -4.46
61 models [2] recycles 0 hard 0 soft 1 temp 1 loss 2.95 i_con 3.82 plddt 0.35 ptm 0.87 i_ptm 0.43 energy -4.65
62 models [2] recycles 0 hard 0 soft 1 temp 1 loss 2.83 i_con 3.73 plddt 0.38 ptm 0.87 i_ptm 0.48 energy -4.81
63 models [2] recycles 0 hard 0 soft 1 temp 1 loss 2.89 i_con 3.81 plddt 0.35 ptm 0.87 i_ptm 0.44 energy -4.94
64 models [1] recycles 0 hard 0 soft 1 temp 1 loss 3.36 i_con 4.27 plddt 0.24 ptm 0.86 i_ptm 0.24 energy -4.93
65 models [3] recycles 0 hard 0 soft 1 temp 1 loss 2.79 i_con 3.68 plddt 0.38 ptm 0.87 i_ptm 0.52 energy -4.75
66 models [4] recycles 0 hard 0 soft 1 temp 1 loss 2.75 i_con 3.69 plddt 0.35 ptm 0.88 i_ptm 0.47 energy -5.00
67 models [4] recycles 0 hard 0 soft 1 temp 1 loss 2.56 i_con 3.56 plddt 0.36 ptm 0.89 i_ptm 0.53 energy -5.27
68 models [4] recycles 0 hard 0 soft 1 temp 1 loss 2.61 i_con 3.66 plddt 0.35 ptm 0.88 i_ptm 0.50 energy -5.55
69 models [4] recycles 0 hard 0 soft 1 temp 1 loss 2.69 i_con 3.79 plddt 0.33 ptm 0.88 i_ptm 0.44 energy -5.83
70 models [1] recycles 0 hard 0 soft 1 temp 1 loss 4.20 i_con 5.31 plddt 0.24 ptm 0.85 i_ptm 0.13 energy -5.92
71 models [2] recycles 0 hard 0 soft 1 temp 1 loss 2.74 i_con 3.83 plddt 0.35 ptm 0.86 i_ptm 0.45 energy -5.77
72 models [0] recycles 0 hard 0 soft 1 temp 1 loss 2.89 i_con 4.02 plddt 0.29 ptm 0.84 i_ptm 0.36 energy -6.02
73 models [0] recycles 0 hard 0 soft 1 temp 1 loss 2.90 i_con 4.02 plddt 0.31 ptm 0.85 i_ptm 0.36 energy -5.95
74 models [4] recycles 0 hard 0 soft 1 temp 1 loss 2.49 i_con 3.60 plddt 0.36 ptm 0.89 i_ptm 0.49 energy -5.90
75 models [1] recycles 0 hard 0 soft 1 temp 1 loss 4.44 i_con 5.59 plddt 0.25 ptm 0.86 i_ptm 0.18 energy -6.08
76 models [0] recycles 0 hard 0 soft 1 temp 1 loss 2.89 i_con 4.01 plddt 0.31 ptm 0.84 i_ptm 0.37 energy -5.91
77 models [3] recycles 0 hard 0 soft 1 temp 1 loss 2.47 i_con 3.64 plddt 0.37 ptm 0.87 i_ptm 0.53 energy -6.15
78 models [0] recycles 0 hard 0 soft 1 temp 1 loss 2.75 i_con 3.95 plddt 0.31 ptm 0.85 i_ptm 0.41 energy -6.38
79 models [3] recycles 0 hard 0 soft 1 temp 1 loss 2.64 i_con 3.88 plddt 0.32 ptm 0.85 i_ptm 0.39 energy -6.52
80 models [0] recycles 0 hard 0 soft 1 temp 1 loss 2.65 i_con 3.89 plddt 0.33 ptm 0.85 i_ptm 0.41 energy -6.57
81 models [2] recycles 0 hard 0 soft 1 temp 1 loss 2.46 i_con 3.72 plddt 0.36 ptm 0.87 i_ptm 0.49 energy -6.59
82 models [4] recycles 0 hard 0 soft 1 temp 1 loss 2.34 i_con 3.58 plddt 0.36 ptm 0.89 i_ptm 0.51 energy -6.52
83 models [1] recycles 0 hard 0 soft 1 temp 1 loss 3.84 i_con 5.11 plddt 0.23 ptm 0.86 i_ptm 0.14 energy -6.74
84 models [2] recycles 0 hard 0 soft 1 temp 1 loss 2.42 i_con 3.70 plddt 0.37 ptm 0.86 i_ptm 0.50 energy -6.71
85 models [1] recycles 0 hard 0 soft 1 temp 1 loss 2.76 i_con 4.06 plddt 0.27 ptm 0.87 i_ptm 0.32 energy -6.89
86 models [2] recycles 0 hard 0 soft 1 temp 1 loss 2.52 i_con 3.84 plddt 0.34 ptm 0.87 i_ptm 0.44 energy -6.90
87 models [0] recycles 0 hard 0 soft 1 temp 1 loss 2.61 i_con 3.94 plddt 0.31 ptm 0.86 i_ptm 0.40 energy -7.00
88 models [0] recycles 0 hard 0 soft 1 temp 1 loss 2.55 i_con 3.90 plddt 0.31 ptm 0.85 i_ptm 0.40 energy -7.07
89 models [2] recycles 0 hard 0 soft 1 temp 1 loss 2.59 i_con 3.96 plddt 0.31 ptm 0.86 i_ptm 0.41 energy -7.18
90 models [0] recycles 0 hard 0 soft 1 temp 1 loss 2.57 i_con 3.94 plddt 0.32 ptm 0.86 i_ptm 0.39 energy -7.17
91 models [2] recycles 0 hard 0 soft 1 temp 1 loss 2.37 i_con 3.75 plddt 0.34 ptm 0.87 i_ptm 0.51 energy -7.23
92 models [1] recycles 0 hard 0 soft 1 temp 1 loss 2.88 i_con 4.25 plddt 0.24 ptm 0.86 i_ptm 0.26 energy -7.27
93 models [3] recycles 0 hard 0 soft 1 temp 1 loss 2.33 i_con 3.69 plddt 0.36 ptm 0.87 i_ptm 0.49 energy -7.11
94 models [3] recycles 0 hard 0 soft 1 temp 1 loss 2.25 i_con 3.65 plddt 0.36 ptm 0.86 i_ptm 0.52 energy -7.29
95 models [1] recycles 0 hard 0 soft 1 temp 1 loss 4.08 i_con 5.52 plddt 0.24 ptm 0.85 i_ptm 0.13 energy -7.55
96 models [0] recycles 0 hard 0 soft 1 temp 1 loss 2.61 i_con 4.02 plddt 0.29 ptm 0.84 i_ptm 0.35 energy -7.41
97 models [2] recycles 0 hard 0 soft 1 temp 1 loss 2.39 i_con 3.83 plddt 0.32 ptm 0.87 i_ptm 0.43 energy -7.53
98 models [3] recycles 0 hard 0 soft 1 temp 1 loss 2.20 i_con 3.61 plddt 0.38 ptm 0.87 i_ptm 0.55 energy -7.39
99 models [2] recycles 0 hard 0 soft 1 temp 1 loss 2.30 i_con 3.74 plddt 0.35 ptm 0.87 i_ptm 0.46 energy -7.51
100 models [1] recycles 0 hard 0 soft 1 temp 1 loss 4.26 i_con 5.72 plddt 0.24 ptm 0.85 i_ptm 0.15 energy -7.69
101 models [0] recycles 0 hard 0 soft 0 temp 1 loss 2.29 i_con 4.19 plddt 0.25 ptm 0.83 i_ptm 0.24 energy -39.47
102 models [1] recycles 0 hard 0 soft 0 temp 0.98 loss 4.30 i_con 6.21 plddt 0.26 ptm 0.86 i_ptm 0.17 energy -39.76
103 models [3] recycles 0 hard 0 soft 0 temp 0.96 loss 3.64 i_con 5.55 plddt 0.25 ptm 0.85 i_ptm 0.20 energy -39.84
104 models [1] recycles 0 hard 0 soft 0 temp 0.94 loss 4.57 i_con 6.49 plddt 0.27 ptm 0.86 i_ptm 0.19 energy -39.72
105 models [0] recycles 0 hard 0 soft 0 temp 0.92 loss 2.28 i_con 4.21 plddt 0.30 ptm 0.84 i_ptm 0.29 energy -39.94
106 models [3] recycles 0 hard 0 soft 0 temp 0.90 loss 3.51 i_con 5.46 plddt 0.22 ptm 0.85 i_ptm 0.15 energy -40.48
107 models [2] recycles 0 hard 0 soft 0 temp 0.88 loss 3.48 i_con 5.43 plddt 0.23 ptm 0.86 i_ptm 0.16 energy -40.64
108 models [1] recycles 0 hard 0 soft 0 temp 0.86 loss 3.85 i_con 5.79 plddt 0.23 ptm 0.86 i_ptm 0.13 energy -40.41
109 models [0] recycles 0 hard 0 soft 0 temp 0.84 loss 2.14 i_con 4.11 plddt 0.29 ptm 0.84 i_ptm 0.31 energy -40.88
110 models [2] recycles 0 hard 0 soft 0 temp 0.82 loss 4.02 i_con 6.01 plddt 0.25 ptm 0.85 i_ptm 0.17 energy -41.36
111 models [4] recycles 0 hard 0 soft 0 temp 0.80 loss 3.71 i_con 5.71 plddt 0.23 ptm 0.87 i_ptm 0.13 energy -41.52
112 models [0] recycles 0 hard 0 soft 0 temp 0.78 loss 2.28 i_con 4.28 plddt 0.27 ptm 0.83 i_ptm 0.24 energy -41.52
113 models [4] recycles 0 hard 0 soft 0 temp 0.76 loss 3.52 i_con 5.55 plddt 0.23 ptm 0.88 i_ptm 0.19 energy -41.97
114 models [4] recycles 0 hard 0 soft 0 temp 0.74 loss 3.79 i_con 5.81 plddt 0.23 ptm 0.87 i_ptm 0.17 energy -41.91
115 models [4] recycles 0 hard 0 soft 0 temp 0.72 loss 3.88 i_con 5.91 plddt 0.21 ptm 0.87 i_ptm 0.14 energy -42.09
116 models [4] recycles 0 hard 0 soft 0 temp 0.70 loss 3.53 i_con 5.55 plddt 0.22 ptm 0.87 i_ptm 0.14 energy -42.01
117 models [3] recycles 0 hard 0 soft 0 temp 0.68 loss 4.07 i_con 6.10 plddt 0.27 ptm 0.86 i_ptm 0.26 energy -42.09
118 models [3] recycles 0 hard 0 soft 0 temp 0.66 loss 3.18 i_con 5.23 plddt 0.23 ptm 0.86 i_ptm 0.15 energy -42.61
119 models [4] recycles 0 hard 0 soft 0 temp 0.64 loss 2.42 i_con 4.48 plddt 0.15 ptm 0.72 i_ptm 0.14 energy -42.86
120 models [0] recycles 0 hard 0 soft 0 temp 0.62 loss 2.66 i_con 4.74 plddt 0.25 ptm 0.83 i_ptm 0.20 energy -43.27
121 models [4] recycles 0 hard 0 soft 0 temp 0.60 loss 3.63 i_con 5.75 plddt 0.22 ptm 0.87 i_ptm 0.13 energy -43.98
122 models [3] recycles 0 hard 0 soft 0 temp 0.58 loss 3.33 i_con 5.45 plddt 0.23 ptm 0.85 i_ptm 0.15 energy -43.86
123 models [4] recycles 0 hard 0 soft 0 temp 0.56 loss 3.44 i_con 5.55 plddt 0.22 ptm 0.88 i_ptm 0.15 energy -43.81
124 models [4] recycles 0 hard 0 soft 0 temp 0.54 loss 3.94 i_con 6.07 plddt 0.20 ptm 0.88 i_ptm 0.14 energy -44.20
125 models [3] recycles 0 hard 0 soft 0 temp 0.52 loss 3.61 i_con 5.73 plddt 0.24 ptm 0.84 i_ptm 0.19 energy -44.06
126 models [4] recycles 0 hard 0 soft 0 temp 0.50 loss 3.62 i_con 5.78 plddt 0.21 ptm 0.87 i_ptm 0.13 energy -44.77
127 models [2] recycles 0 hard 0 soft 0 temp 0.48 loss 3.37 i_con 5.52 plddt 0.24 ptm 0.86 i_ptm 0.15 energy -44.52
128 models [2] recycles 0 hard 0 soft 0 temp 0.46 loss 1.95 i_con 4.11 plddt 0.28 ptm 0.87 i_ptm 0.34 energy -44.56
129 models [3] recycles 0 hard 0 soft 0 temp 0.44 loss 2.72 i_con 4.89 plddt 0.22 ptm 0.85 i_ptm 0.16 energy -44.88
130 models [1] recycles 0 hard 0 soft 0 temp 0.42 loss 3.75 i_con 5.92 plddt 0.25 ptm 0.86 i_ptm 0.17 energy -44.96
131 models [4] recycles 0 hard 0 soft 0 temp 0.40 loss 2.20 i_con 4.36 plddt 0.23 ptm 0.88 i_ptm 0.20 energy -44.76
132 models [4] recycles 0 hard 0 soft 0 temp 0.38 loss 3.06 i_con 5.20 plddt 0.19 ptm 0.87 i_ptm 0.13 energy -44.45
133 models [4] recycles 0 hard 0 soft 0 temp 0.36 loss 3.02 i_con 5.15 plddt 0.21 ptm 0.87 i_ptm 0.14 energy -44.19
134 models [2] recycles 0 hard 0 soft 0 temp 0.34 loss 2.08 i_con 4.19 plddt 0.27 ptm 0.86 i_ptm 0.31 energy -43.65
135 models [0] recycles 0 hard 0 soft 0 temp 0.32 loss 1.83 i_con 3.98 plddt 0.32 ptm 0.85 i_ptm 0.41 energy -44.21
136 models [1] recycles 0 hard 0 soft 0 temp 0.30 loss 3.51 i_con 5.72 plddt 0.25 ptm 0.86 i_ptm 0.19 energy -45.66
137 models [4] recycles 0 hard 0 soft 0 temp 0.28 loss 2.83 i_con 5.04 plddt 0.19 ptm 0.87 i_ptm 0.11 energy -45.80
138 models [0] recycles 0 hard 0 soft 0 temp 0.26 loss 1.86 i_con 4.11 plddt 0.25 ptm 0.83 i_ptm 0.32 energy -46.42
139 models [1] recycles 0 hard 0 soft 0 temp 0.24 loss 3.43 i_con 5.74 plddt 0.26 ptm 0.86 i_ptm 0.19 energy -47.79
140 models [2] recycles 0 hard 0 soft 0 temp 0.22 loss 1.67 i_con 3.98 plddt 0.28 ptm 0.87 i_ptm 0.38 energy -47.75
141 models [4] recycles 0 hard 0 soft 0 temp 0.20 loss 2.93 i_con 5.29 plddt 0.20 ptm 0.87 i_ptm 0.14 energy -48.78
142 models [4] recycles 0 hard 0 soft 0 temp 0.18 loss 1.84 i_con 4.22 plddt 0.23 ptm 0.88 i_ptm 0.27 energy -49.04
143 models [3] recycles 0 hard 0 soft 0 temp 0.16 loss 1.78 i_con 4.16 plddt 0.25 ptm 0.85 i_ptm 0.28 energy -49.02
144 models [0] recycles 0 hard 0 soft 0 temp 0.14 loss 1.53 i_con 3.91 plddt 0.29 ptm 0.84 i_ptm 0.40 energy -49.10
145 models [0] recycles 0 hard 0 soft 0 temp 0.12 loss 1.47 i_con 3.95 plddt 0.32 ptm 0.84 i_ptm 0.39 energy -51.03
146 models [3] recycles 0 hard 0 soft 0 temp 0.10 loss 1.34 i_con 3.89 plddt 0.28 ptm 0.87 i_ptm 0.41 energy -52.35
147 models [3] recycles 0 hard 0 soft 0 temp 0.08 loss 1.50 i_con 4.08 plddt 0.24 ptm 0.86 i_ptm 0.30 energy -53.15
148 models [0] recycles 0 hard 0 soft 0 temp 0.06 loss 1.24 i_con 3.87 plddt 0.31 ptm 0.86 i_ptm 0.41 energy -54.05
149 models [1] recycles 0 hard 0 soft 0 temp 0.04 loss 2.25 i_con 4.98 plddt 0.25 ptm 0.86 i_ptm 0.16 energy -56.06
150 models [1] recycles 0 hard 0 soft 0 temp 0.02 loss 2.68 i_con 5.41 plddt 0.25 ptm 0.86 i_ptm 0.17 energy -56.11
151 models [2] recycles 0 hard 1 soft 0 temp 0.00 loss 0.23 i_con 3.83 plddt 0.30 ptm 0.87 i_ptm 0.44 energy -7.34
152 models [2] recycles 0 hard 1 soft 0 temp 0.00 loss 0.23 i_con 3.83 plddt 0.30 ptm 0.87 i_ptm 0.44 energy -7.34
153 models [4] recycles 0 hard 1 soft 0 temp 0.00 loss 1.80 i_con 5.39 plddt 0.18 ptm 0.87 i_ptm 0.13 energy -7.34
154 models [4] recycles 0 hard 1 soft 0 temp 0.00 loss 1.80 i_con 5.39 plddt 0.18 ptm 0.87 i_ptm 0.13 energy -7.34
155 models [4] recycles 0 hard 1 soft 0 temp 0.00 loss 1.80 i_con 5.39 plddt 0.18 ptm 0.87 i_ptm 0.13 energy -7.34
156 models [3] recycles 0 hard 1 soft 0 temp 0.00 loss 0.18 i_con 3.78 plddt 0.30 ptm 0.87 i_ptm 0.46 energy -7.34
157 models [4] recycles 0 hard 1 soft 0 temp 0.00 loss 1.80 i_con 5.39 plddt 0.18 ptm 0.87 i_ptm 0.13 energy -7.34
158 models [2] recycles 0 hard 1 soft 0 temp 0.00 loss 0.23 i_con 3.83 plddt 0.30 ptm 0.87 i_ptm 0.44 energy -7.34
159 models [2] recycles 0 hard 1 soft 0 temp 0.00 loss 0.23 i_con 3.83 plddt 0.30 ptm 0.87 i_ptm 0.44 energy -7.34
160 models [4] recycles 0 hard 1 soft 0 temp 0.00 loss 1.80 i_con 5.39 plddt 0.18 ptm 0.87 i_ptm 0.13 energy -7.34
161 models [1] recycles 0 hard 1 soft 0 temp 0.00 loss 2.42 i_con 6.01 plddt 0.21 ptm 0.86 i_ptm 0.21 energy -7.34
162 models [3] recycles 0 hard 1 soft 0 temp 0.00 loss 0.18 i_con 3.78 plddt 0.30 ptm 0.87 i_ptm 0.46 energy -7.34
163 models [1] recycles 0 hard 1 soft 0 temp 0.00 loss 2.42 i_con 6.01 plddt 0.21 ptm 0.86 i_ptm 0.21 energy -7.34
164 models [0] recycles 0 hard 1 soft 0 temp 0.00 loss 0.42 i_con 4.01 plddt 0.26 ptm 0.84 i_ptm 0.37 energy -7.34
165 models [3] recycles 0 hard 1 soft 0 temp 0.00 loss 0.18 i_con 3.78 plddt 0.30 ptm 0.87 i_ptm 0.46 energy -7.34
166 models [3] recycles 0 hard 1 soft 0 temp 0.00 loss 0.18 i_con 3.78 plddt 0.30 ptm 0.87 i_ptm 0.46 energy -7.34
167 models [4] recycles 0 hard 1 soft 0 temp 0.00 loss 1.80 i_con 5.39 plddt 0.18 ptm 0.87 i_ptm 0.13 energy -7.34
168 models [1] recycles 0 hard 1 soft 0 temp 0.00 loss 2.42 i_con 6.01 plddt 0.21 ptm 0.86 i_ptm 0.21 energy -7.34
169 models [3] recycles 0 hard 1 soft 0 temp 0.00 loss 0.18 i_con 3.78 plddt 0.30 ptm 0.87 i_ptm 0.46 energy -7.34
170 models [4] recycles 0 hard 1 soft 0 temp 0.00 loss 1.80 i_con 5.39 plddt 0.18 ptm 0.87 i_ptm 0.13 energy -7.34
171 models [3] recycles 0 hard 1 soft 0 temp 0.00 loss 0.18 i_con 3.78 plddt 0.30 ptm 0.87 i_ptm 0.46 energy -7.34
172 models [0] recycles 0 hard 1 soft 0 temp 0.00 loss 0.42 i_con 4.01 plddt 0.26 ptm 0.84 i_ptm 0.37 energy -7.34
173 models [2] recycles 0 hard 1 soft 0 temp 0.00 loss 0.23 i_con 3.83 plddt 0.30 ptm 0.87 i_ptm 0.44 energy -7.34
174 models [3] recycles 0 hard 1 soft 0 temp 0.00 loss 0.18 i_con 3.78 plddt 0.30 ptm 0.87 i_ptm 0.46 energy -7.34
175 models [4] recycles 0 hard 1 soft 0 temp 0.00 loss 1.80 i_con 5.39 plddt 0.18 ptm 0.87 i_ptm 0.13 energy -7.34
176 models [0] recycles 0 hard 1 soft 0 temp 0.00 loss 0.42 i_con 4.01 plddt 0.26 ptm 0.84 i_ptm 0.37 energy -7.34
177 models [0] recycles 0 hard 1 soft 0 temp 0.00 loss 0.42 i_con 4.01 plddt 0.26 ptm 0.84 i_ptm 0.37 energy -7.34
178 models [1] recycles 0 hard 1 soft 0 temp 0.00 loss 2.42 i_con 6.01 plddt 0.21 ptm 0.86 i_ptm 0.21 energy -7.34
179 models [2] recycles 0 hard 1 soft 0 temp 0.00 loss 0.23 i_con 3.83 plddt 0.30 ptm 0.87 i_ptm 0.44 energy -7.34
180 models [1] recycles 0 hard 1 soft 0 temp 0.00 loss 2.42 i_con 6.01 plddt 0.21 ptm 0.86 i_ptm 0.21 energy -7.34
  seq=AWSWAQCDLNYYKFS  loss=2.4179  loss_af=6.0897  energy=-7.3436  i_ptm=0.2091
[15/30] seed=14 ...
1 models [4] recycles 0 hard 0 soft 1 temp 1 loss 4.91 i_con 4.46 plddt 0.23 ptm 0.87 i_ptm 0.23 energy 7.41
2 models [1] recycles 0 hard 0 soft 1 temp 1 loss 6.08 i_con 5.64 plddt 0.22 ptm 0.86 i_ptm 0.16 energy 7.24
3 models [4] recycles 0 hard 0 soft 1 temp 1 loss 4.59 i_con 4.16 plddt 0.27 ptm 0.87 i_ptm 0.27 energy 7.06
4 models [2] recycles 0 hard 0 soft 1 temp 1 loss 4.20 i_con 3.80 plddt 0.36 ptm 0.88 i_ptm 0.48 energy 6.74
5 models [0] recycles 0 hard 0 soft 1 temp 1 loss 4.54 i_con 4.18 plddt 0.27 ptm 0.83 i_ptm 0.28 energy 5.88
6 models [3] recycles 0 hard 0 soft 1 temp 1 loss 4.06 i_con 3.72 plddt 0.37 ptm 0.86 i_ptm 0.47 energy 5.37
7 models [0] recycles 0 hard 0 soft 1 temp 1 loss 4.26 i_con 3.95 plddt 0.31 ptm 0.85 i_ptm 0.39 energy 4.66
8 models [2] recycles 0 hard 0 soft 1 temp 1 loss 4.16 i_con 3.89 plddt 0.33 ptm 0.86 i_ptm 0.40 energy 4.08
9 models [1] recycles 0 hard 0 soft 1 temp 1 loss 4.54 i_con 4.28 plddt 0.24 ptm 0.86 i_ptm 0.24 energy 3.70
10 models [2] recycles 0 hard 0 soft 1 temp 1 loss 4.20 i_con 3.96 plddt 0.31 ptm 0.87 i_ptm 0.41 energy 3.42
11 models [0] recycles 0 hard 0 soft 1 temp 1 loss 4.30 i_con 4.08 plddt 0.28 ptm 0.85 i_ptm 0.33 energy 2.95
12 models [4] recycles 0 hard 0 soft 1 temp 1 loss 4.34 i_con 4.13 plddt 0.26 ptm 0.88 i_ptm 0.30 energy 2.63
13 models [3] recycles 0 hard 0 soft 1 temp 1 loss 3.91 i_con 3.73 plddt 0.38 ptm 0.86 i_ptm 0.48 energy 2.40
14 models [2] recycles 0 hard 0 soft 1 temp 1 loss 3.93 i_con 3.76 plddt 0.36 ptm 0.87 i_ptm 0.50 energy 2.24
15 models [4] recycles 0 hard 0 soft 1 temp 1 loss 3.99 i_con 3.82 plddt 0.36 ptm 0.88 i_ptm 0.47 energy 2.04
16 models [1] recycles 0 hard 0 soft 1 temp 1 loss 4.78 i_con 4.62 plddt 0.21 ptm 0.85 i_ptm 0.12 energy 1.67
17 models [0] recycles 0 hard 0 soft 1 temp 1 loss 3.97 i_con 3.83 plddt 0.36 ptm 0.86 i_ptm 0.45 energy 1.68
18 models [1] recycles 0 hard 0 soft 1 temp 1 loss 4.17 i_con 4.03 plddt 0.28 ptm 0.87 i_ptm 0.33 energy 1.46
19 models [3] recycles 0 hard 0 soft 1 temp 1 loss 3.76 i_con 3.64 plddt 0.41 ptm 0.87 i_ptm 0.54 energy 1.23
20 models [3] recycles 0 hard 0 soft 1 temp 1 loss 3.80 i_con 3.69 plddt 0.36 ptm 0.87 i_ptm 0.47 energy 0.97
21 models [0] recycles 0 hard 0 soft 1 temp 1 loss 3.82 i_con 3.73 plddt 0.40 ptm 0.86 i_ptm 0.50 energy 0.55
22 models [0] recycles 0 hard 0 soft 1 temp 1 loss 4.18 i_con 4.10 plddt 0.29 ptm 0.84 i_ptm 0.31 energy 0.11
23 models [0] recycles 0 hard 0 soft 1 temp 1 loss 3.95 i_con 3.89 plddt 0.33 ptm 0.85 i_ptm 0.40 energy -0.13
24 models [1] recycles 0 hard 0 soft 1 temp 1 loss 4.15 i_con 4.08 plddt 0.26 ptm 0.86 i_ptm 0.28 energy -0.14
25 models [4] recycles 0 hard 0 soft 1 temp 1 loss 3.75 i_con 3.71 plddt 0.38 ptm 0.88 i_ptm 0.52 energy -0.34
26 models [1] recycles 0 hard 0 soft 1 temp 1 loss 4.60 i_con 4.55 plddt 0.23 ptm 0.85 i_ptm 0.14 energy -0.52
27 models [3] recycles 0 hard 0 soft 1 temp 1 loss 3.63 i_con 3.59 plddt 0.41 ptm 0.87 i_ptm 0.58 energy -0.43
28 models [1] recycles 0 hard 0 soft 1 temp 1 loss 3.95 i_con 3.91 plddt 0.30 ptm 0.86 i_ptm 0.40 energy -0.59
29 models [4] recycles 0 hard 0 soft 1 temp 1 loss 3.98 i_con 3.95 plddt 0.30 ptm 0.88 i_ptm 0.40 energy -0.81
30 models [0] recycles 0 hard 0 soft 1 temp 1 loss 3.80 i_con 3.80 plddt 0.38 ptm 0.86 i_ptm 0.48 energy -1.18
31 models [3] recycles 0 hard 0 soft 1 temp 1 loss 3.74 i_con 3.74 plddt 0.36 ptm 0.86 i_ptm 0.49 energy -1.32
32 models [2] recycles 0 hard 0 soft 1 temp 1 loss 3.68 i_con 3.68 plddt 0.41 ptm 0.88 i_ptm 0.53 energy -1.31
33 models [4] recycles 0 hard 0 soft 1 temp 1 loss 3.86 i_con 3.86 plddt 0.36 ptm 0.88 i_ptm 0.49 energy -1.28
34 models [2] recycles 0 hard 0 soft 1 temp 1 loss 3.69 i_con 3.70 plddt 0.42 ptm 0.88 i_ptm 0.52 energy -1.41
35 models [2] recycles 0 hard 0 soft 1 temp 1 loss 3.72 i_con 3.75 plddt 0.40 ptm 0.87 i_ptm 0.52 energy -1.72
36 models [4] recycles 0 hard 0 soft 1 temp 1 loss 3.77 i_con 3.80 plddt 0.34 ptm 0.88 i_ptm 0.47 energy -1.89
37 models [1] recycles 0 hard 0 soft 1 temp 1 loss 4.01 i_con 4.04 plddt 0.30 ptm 0.87 i_ptm 0.32 energy -1.89
38 models [1] recycles 0 hard 0 soft 1 temp 1 loss 4.97 i_con 4.98 plddt 0.22 ptm 0.86 i_ptm 0.11 energy -1.78
39 models [2] recycles 0 hard 0 soft 1 temp 1 loss 3.63 i_con 3.66 plddt 0.45 ptm 0.88 i_ptm 0.56 energy -1.77
40 models [4] recycles 0 hard 0 soft 1 temp 1 loss 3.93 i_con 3.97 plddt 0.32 ptm 0.88 i_ptm 0.40 energy -2.12
41 models [4] recycles 0 hard 0 soft 1 temp 1 loss 3.69 i_con 3.75 plddt 0.40 ptm 0.89 i_ptm 0.52 energy -2.24
42 models [3] recycles 0 hard 0 soft 1 temp 1 loss 3.70 i_con 3.75 plddt 0.38 ptm 0.86 i_ptm 0.48 energy -2.24
43 models [0] recycles 0 hard 0 soft 1 temp 1 loss 3.72 i_con 3.77 plddt 0.40 ptm 0.86 i_ptm 0.49 energy -2.21
44 models [3] recycles 0 hard 0 soft 1 temp 1 loss 3.58 i_con 3.63 plddt 0.44 ptm 0.86 i_ptm 0.56 energy -2.15
45 models [4] recycles 0 hard 0 soft 1 temp 1 loss 3.63 i_con 3.67 plddt 0.45 ptm 0.89 i_ptm 0.57 energy -1.93
46 models [3] recycles 0 hard 0 soft 1 temp 1 loss 3.59 i_con 3.63 plddt 0.42 ptm 0.87 i_ptm 0.56 energy -1.96
47 models [1] recycles 0 hard 0 soft 1 temp 1 loss 3.74 i_con 3.78 plddt 0.35 ptm 0.87 i_ptm 0.46 energy -2.05
48 models [3] recycles 0 hard 0 soft 1 temp 1 loss 3.45 i_con 3.50 plddt 0.49 ptm 0.88 i_ptm 0.64 energy -2.07
49 models [3] recycles 0 hard 0 soft 1 temp 1 loss 3.60 i_con 3.65 plddt 0.39 ptm 0.87 i_ptm 0.55 energy -2.13
50 models [4] recycles 0 hard 0 soft 1 temp 1 loss 3.40 i_con 3.46 plddt 0.51 ptm 0.89 i_ptm 0.65 energy -2.35
51 models [1] recycles 0 hard 0 soft 1 temp 1 loss 3.44 i_con 3.85 plddt 0.35 ptm 0.87 i_ptm 0.45 energy -2.38
52 models [2] recycles 0 hard 0 soft 1 temp 1 loss 2.90 i_con 3.35 plddt 0.55 ptm 0.88 i_ptm 0.68 energy -2.45
53 models [1] recycles 0 hard 0 soft 1 temp 1 loss 3.45 i_con 3.88 plddt 0.34 ptm 0.87 i_ptm 0.43 energy -2.48
54 models [1] recycles 0 hard 0 soft 1 temp 1 loss 3.30 i_con 3.75 plddt 0.35 ptm 0.88 i_ptm 0.47 energy -2.59
55 models [4] recycles 0 hard 0 soft 1 temp 1 loss 3.12 i_con 3.64 plddt 0.44 ptm 0.89 i_ptm 0.57 energy -2.86
56 models [2] recycles 0 hard 0 soft 1 temp 1 loss 3.14 i_con 3.67 plddt 0.42 ptm 0.88 i_ptm 0.54 energy -2.97
57 models [3] recycles 0 hard 0 soft 1 temp 1 loss 3.73 i_con 4.31 plddt 0.26 ptm 0.85 i_ptm 0.21 energy -3.24
58 models [0] recycles 0 hard 0 soft 1 temp 1 loss 3.15 i_con 3.75 plddt 0.43 ptm 0.86 i_ptm 0.50 energy -3.29
59 models [1] recycles 0 hard 0 soft 1 temp 1 loss 3.27 i_con 3.85 plddt 0.33 ptm 0.87 i_ptm 0.42 energy -3.28
60 models [3] recycles 0 hard 0 soft 1 temp 1 loss 2.87 i_con 3.52 plddt 0.50 ptm 0.87 i_ptm 0.61 energy -3.53
61 models [0] recycles 0 hard 0 soft 1 temp 1 loss 2.75 i_con 3.44 plddt 0.54 ptm 0.86 i_ptm 0.65 energy -3.69
62 models [1] recycles 0 hard 0 soft 1 temp 1 loss 3.42 i_con 4.10 plddt 0.27 ptm 0.86 i_ptm 0.30 energy -3.77
63 models [0] recycles 0 hard 0 soft 1 temp 1 loss 2.65 i_con 3.36 plddt 0.53 ptm 0.87 i_ptm 0.66 energy -3.79
64 models [3] recycles 0 hard 0 soft 1 temp 1 loss 2.79 i_con 3.55 plddt 0.49 ptm 0.87 i_ptm 0.63 energy -4.01
65 models [2] recycles 0 hard 0 soft 1 temp 1 loss 2.83 i_con 3.60 plddt 0.47 ptm 0.88 i_ptm 0.59 energy -4.13
66 models [1] recycles 0 hard 0 soft 1 temp 1 loss 3.20 i_con 3.99 plddt 0.30 ptm 0.86 i_ptm 0.37 energy -4.32
67 models [3] recycles 0 hard 0 soft 1 temp 1 loss 2.72 i_con 3.52 plddt 0.50 ptm 0.87 i_ptm 0.62 energy -4.25
68 models [0] recycles 0 hard 0 soft 1 temp 1 loss 2.84 i_con 3.64 plddt 0.46 ptm 0.86 i_ptm 0.54 energy -4.25
69 models [4] recycles 0 hard 0 soft 1 temp 1 loss 2.98 i_con 3.81 plddt 0.33 ptm 0.89 i_ptm 0.48 energy -4.48
70 models [4] recycles 0 hard 0 soft 1 temp 1 loss 2.35 i_con 3.19 plddt 0.52 ptm 0.90 i_ptm 0.69 energy -4.44
71 models [1] recycles 0 hard 0 soft 1 temp 1 loss 3.02 i_con 3.87 plddt 0.35 ptm 0.87 i_ptm 0.41 energy -4.58
72 models [4] recycles 0 hard 0 soft 1 temp 1 loss 2.82 i_con 3.68 plddt 0.42 ptm 0.89 i_ptm 0.56 energy -4.61
73 models [1] recycles 0 hard 0 soft 1 temp 1 loss 2.89 i_con 3.72 plddt 0.41 ptm 0.88 i_ptm 0.53 energy -4.43
74 models [3] recycles 0 hard 0 soft 1 temp 1 loss 2.61 i_con 3.50 plddt 0.42 ptm 0.87 i_ptm 0.60 energy -4.71
75 models [4] recycles 0 hard 0 soft 1 temp 1 loss 2.73 i_con 3.65 plddt 0.43 ptm 0.89 i_ptm 0.57 energy -4.87
76 models [4] recycles 0 hard 0 soft 1 temp 1 loss 2.63 i_con 3.54 plddt 0.51 ptm 0.89 i_ptm 0.65 energy -4.77
77 models [4] recycles 0 hard 0 soft 1 temp 1 loss 2.02 i_con 3.01 plddt 0.66 ptm 0.90 i_ptm 0.80 energy -5.11
78 models [4] recycles 0 hard 0 soft 1 temp 1 loss 2.36 i_con 3.34 plddt 0.56 ptm 0.90 i_ptm 0.71 energy -5.12
79 models [1] recycles 0 hard 0 soft 1 temp 1 loss 2.94 i_con 3.94 plddt 0.36 ptm 0.87 i_ptm 0.43 energy -5.31
80 models [2] recycles 0 hard 0 soft 1 temp 1 loss 2.47 i_con 3.45 plddt 0.54 ptm 0.88 i_ptm 0.65 energy -5.13
81 models [3] recycles 0 hard 0 soft 1 temp 1 loss 2.50 i_con 3.56 plddt 0.49 ptm 0.86 i_ptm 0.61 energy -5.57
82 models [1] recycles 0 hard 0 soft 1 temp 1 loss 2.44 i_con 3.56 plddt 0.48 ptm 0.88 i_ptm 0.60 energy -5.87
83 models [4] recycles 0 hard 0 soft 1 temp 1 loss 2.35 i_con 3.46 plddt 0.48 ptm 0.89 i_ptm 0.64 energy -5.79
84 models [0] recycles 0 hard 0 soft 1 temp 1 loss 2.58 i_con 3.76 plddt 0.37 ptm 0.86 i_ptm 0.48 energy -6.20
85 models [3] recycles 0 hard 0 soft 1 temp 1 loss 2.50 i_con 3.70 plddt 0.38 ptm 0.87 i_ptm 0.53 energy -6.33
86 models [1] recycles 0 hard 0 soft 1 temp 1 loss 2.75 i_con 4.02 plddt 0.29 ptm 0.86 i_ptm 0.33 energy -6.67
87 models [1] recycles 0 hard 0 soft 1 temp 1 loss 2.46 i_con 3.72 plddt 0.42 ptm 0.88 i_ptm 0.54 energy -6.58
88 models [4] recycles 0 hard 0 soft 1 temp 1 loss 2.43 i_con 3.72 plddt 0.38 ptm 0.89 i_ptm 0.49 energy -6.77
89 models [0] recycles 0 hard 0 soft 1 temp 1 loss 2.33 i_con 3.69 plddt 0.40 ptm 0.86 i_ptm 0.52 energy -7.09
90 models [1] recycles 0 hard 0 soft 1 temp 1 loss 2.57 i_con 3.96 plddt 0.33 ptm 0.87 i_ptm 0.41 energy -7.31
91 models [1] recycles 0 hard 0 soft 1 temp 1 loss 2.81 i_con 4.20 plddt 0.28 ptm 0.86 i_ptm 0.28 energy -7.31
92 models [4] recycles 0 hard 0 soft 1 temp 1 loss 2.52 i_con 3.88 plddt 0.32 ptm 0.89 i_ptm 0.45 energy -7.15
93 models [4] recycles 0 hard 0 soft 1 temp 1 loss 2.28 i_con 3.66 plddt 0.38 ptm 0.89 i_ptm 0.53 energy -7.24
94 models [3] recycles 0 hard 0 soft 1 temp 1 loss 1.88 i_con 3.32 plddt 0.56 ptm 0.88 i_ptm 0.69 energy -7.40
95 models [4] recycles 0 hard 0 soft 1 temp 1 loss 2.18 i_con 3.63 plddt 0.43 ptm 0.89 i_ptm 0.57 energy -7.53
96 models [1] recycles 0 hard 0 soft 1 temp 1 loss 2.53 i_con 4.01 plddt 0.29 ptm 0.87 i_ptm 0.37 energy -7.77
97 models [4] recycles 0 hard 0 soft 1 temp 1 loss 2.16 i_con 3.65 plddt 0.42 ptm 0.89 i_ptm 0.53 energy -7.75
98 models [0] recycles 0 hard 0 soft 1 temp 1 loss 2.12 i_con 3.61 plddt 0.46 ptm 0.86 i_ptm 0.56 energy -7.72
99 models [2] recycles 0 hard 0 soft 1 temp 1 loss 2.05 i_con 3.51 plddt 0.41 ptm 0.88 i_ptm 0.59 energy -7.60
100 models [3] recycles 0 hard 0 soft 1 temp 1 loss 2.25 i_con 3.74 plddt 0.40 ptm 0.87 i_ptm 0.51 energy -7.74
101 models [2] recycles 0 hard 0 soft 0 temp 1 loss 2.61 i_con 4.27 plddt 0.28 ptm 0.85 i_ptm 0.27 energy -34.71
102 models [2] recycles 0 hard 0 soft 0 temp 0.98 loss 2.48 i_con 4.16 plddt 0.26 ptm 0.86 i_ptm 0.30 energy -35.08
103 models [1] recycles 0 hard 0 soft 0 temp 0.96 loss 4.04 i_con 5.75 plddt 0.26 ptm 0.86 i_ptm 0.16 energy -35.52
104 models [1] recycles 0 hard 0 soft 0 temp 0.94 loss 4.20 i_con 5.91 plddt 0.25 ptm 0.85 i_ptm 0.15 energy -35.55
105 models [3] recycles 0 hard 0 soft 0 temp 0.92 loss 2.09 i_con 3.81 plddt 0.33 ptm 0.87 i_ptm 0.47 energy -35.68
106 models [3] recycles 0 hard 0 soft 0 temp 0.90 loss 3.01 i_con 4.71 plddt 0.22 ptm 0.85 i_ptm 0.13 energy -35.60
107 models [1] recycles 0 hard 0 soft 0 temp 0.88 loss 4.18 i_con 5.89 plddt 0.27 ptm 0.86 i_ptm 0.17 energy -35.62
108 models [2] recycles 0 hard 0 soft 0 temp 0.86 loss 2.37 i_con 4.08 plddt 0.30 ptm 0.86 i_ptm 0.34 energy -35.62
109 models [1] recycles 0 hard 0 soft 0 temp 0.84 loss 4.00 i_con 5.73 plddt 0.25 ptm 0.86 i_ptm 0.17 energy -35.98
110 models [3] recycles 0 hard 0 soft 0 temp 0.82 loss 2.70 i_con 4.45 plddt 0.21 ptm 0.85 i_ptm 0.13 energy -36.50
111 models [1] recycles 0 hard 0 soft 0 temp 0.80 loss 3.93 i_con 5.69 plddt 0.25 ptm 0.86 i_ptm 0.17 energy -36.79
112 models [3] recycles 0 hard 0 soft 0 temp 0.78 loss 2.06 i_con 3.85 plddt 0.31 ptm 0.87 i_ptm 0.43 energy -37.04
113 models [4] recycles 0 hard 0 soft 0 temp 0.76 loss 2.14 i_con 3.94 plddt 0.28 ptm 0.88 i_ptm 0.37 energy -37.43
114 models [1] recycles 0 hard 0 soft 0 temp 0.74 loss 3.78 i_con 5.59 plddt 0.23 ptm 0.86 i_ptm 0.14 energy -37.64
115 models [3] recycles 0 hard 0 soft 0 temp 0.72 loss 2.09 i_con 3.91 plddt 0.31 ptm 0.86 i_ptm 0.41 energy -37.77
116 models [0] recycles 0 hard 0 soft 0 temp 0.70 loss 2.17 i_con 3.98 plddt 0.31 ptm 0.86 i_ptm 0.39 energy -37.60
117 models [1] recycles 0 hard 0 soft 0 temp 0.68 loss 4.00 i_con 5.81 plddt 0.26 ptm 0.87 i_ptm 0.19 energy -37.72
118 models [3] recycles 0 hard 0 soft 0 temp 0.66 loss 2.42 i_con 4.23 plddt 0.25 ptm 0.86 i_ptm 0.24 energy -37.75
119 models [2] recycles 0 hard 0 soft 0 temp 0.64 loss 2.20 i_con 4.01 plddt 0.33 ptm 0.87 i_ptm 0.38 energy -37.59
120 models [2] recycles 0 hard 0 soft 0 temp 0.62 loss 3.45 i_con 5.27 plddt 0.23 ptm 0.27 i_ptm 0.19 energy -37.81
121 models [3] recycles 0 hard 0 soft 0 temp 0.60 loss 1.99 i_con 3.82 plddt 0.29 ptm 0.86 i_ptm 0.43 energy -38.05
122 models [0] recycles 0 hard 0 soft 0 temp 0.58 loss 1.85 i_con 3.72 plddt 0.42 ptm 0.86 i_ptm 0.49 energy -38.42
123 models [3] recycles 0 hard 0 soft 0 temp 0.56 loss 2.55 i_con 4.43 plddt 0.24 ptm 0.84 i_ptm 0.16 energy -39.09
124 models [0] recycles 0 hard 0 soft 0 temp 0.54 loss 1.95 i_con 3.83 plddt 0.38 ptm 0.85 i_ptm 0.46 energy -38.96
125 models [0] recycles 0 hard 0 soft 0 temp 0.52 loss 1.81 i_con 3.73 plddt 0.42 ptm 0.86 i_ptm 0.52 energy -39.60
126 models [3] recycles 0 hard 0 soft 0 temp 0.50 loss 1.85 i_con 3.81 plddt 0.34 ptm 0.86 i_ptm 0.47 energy -40.43
127 models [1] recycles 0 hard 0 soft 0 temp 0.48 loss 2.36 i_con 4.31 plddt 0.21 ptm 0.19 i_ptm 0.18 energy -40.44
128 models [1] recycles 0 hard 0 soft 0 temp 0.46 loss 2.25 i_con 4.20 plddt 0.24 ptm 0.86 i_ptm 0.22 energy -40.53
129 models [4] recycles 0 hard 0 soft 0 temp 0.44 loss 2.05 i_con 3.99 plddt 0.28 ptm 0.88 i_ptm 0.37 energy -40.34
130 models [0] recycles 0 hard 0 soft 0 temp 0.42 loss 2.09 i_con 4.04 plddt 0.30 ptm 0.84 i_ptm 0.35 energy -40.40
131 models [4] recycles 0 hard 0 soft 0 temp 0.40 loss 2.07 i_con 4.03 plddt 0.28 ptm 0.88 i_ptm 0.37 energy -40.69
132 models [0] recycles 0 hard 0 soft 0 temp 0.38 loss 1.67 i_con 3.64 plddt 0.45 ptm 0.86 i_ptm 0.57 energy -40.53
133 models [1] recycles 0 hard 0 soft 0 temp 0.36 loss 2.17 i_con 4.13 plddt 0.27 ptm 0.86 i_ptm 0.29 energy -40.58
134 models [0] recycles 0 hard 0 soft 0 temp 0.34 loss 1.84 i_con 3.81 plddt 0.39 ptm 0.86 i_ptm 0.48 energy -40.61
135 models [3] recycles 0 hard 0 soft 0 temp 0.32 loss 1.74 i_con 3.77 plddt 0.34 ptm 0.87 i_ptm 0.47 energy -41.88
136 models [4] recycles 0 hard 0 soft 0 temp 0.30 loss 1.82 i_con 3.84 plddt 0.34 ptm 0.89 i_ptm 0.45 energy -41.74
137 models [4] recycles 0 hard 0 soft 0 temp 0.28 loss 1.74 i_con 3.79 plddt 0.35 ptm 0.89 i_ptm 0.48 energy -42.25
138 models [3] recycles 0 hard 0 soft 0 temp 0.26 loss 1.82 i_con 3.93 plddt 0.32 ptm 0.86 i_ptm 0.40 energy -43.48
139 models [2] recycles 0 hard 0 soft 0 temp 0.24 loss 1.30 i_con 3.46 plddt 0.52 ptm 0.88 i_ptm 0.63 energy -44.08
140 models [1] recycles 0 hard 0 soft 0 temp 0.22 loss 1.79 i_con 3.97 plddt 0.31 ptm 0.86 i_ptm 0.35 energy -45.09
141 models [1] recycles 0 hard 0 soft 0 temp 0.20 loss 2.78 i_con 4.96 plddt 0.23 ptm 0.86 i_ptm 0.11 energy -45.12
142 models [2] recycles 0 hard 0 soft 0 temp 0.18 loss 1.40 i_con 3.60 plddt 0.47 ptm 0.88 i_ptm 0.60 energy -45.24
143 models [0] recycles 0 hard 0 soft 0 temp 0.16 loss 1.46 i_con 3.71 plddt 0.40 ptm 0.86 i_ptm 0.52 energy -46.04
144 models [3] recycles 0 hard 0 soft 0 temp 0.14 loss 1.41 i_con 3.66 plddt 0.41 ptm 0.87 i_ptm 0.53 energy -46.23
145 models [4] recycles 0 hard 0 soft 0 temp 0.12 loss 1.21 i_con 3.54 plddt 0.46 ptm 0.90 i_ptm 0.61 energy -47.72
146 models [0] recycles 0 hard 0 soft 0 temp 0.10 loss 1.42 i_con 3.76 plddt 0.38 ptm 0.85 i_ptm 0.51 energy -48.11
147 models [1] recycles 0 hard 0 soft 0 temp 0.08 loss 3.20 i_con 5.60 plddt 0.25 ptm 0.85 i_ptm 0.17 energy -49.54
148 models [1] recycles 0 hard 0 soft 0 temp 0.06 loss 2.66 i_con 5.08 plddt 0.24 ptm 0.85 i_ptm 0.13 energy -49.85
149 models [2] recycles 0 hard 0 soft 0 temp 0.04 loss 1.31 i_con 3.73 plddt 0.40 ptm 0.87 i_ptm 0.51 energy -49.76
150 models [4] recycles 0 hard 0 soft 0 temp 0.02 loss 1.20 i_con 3.64 plddt 0.43 ptm 0.89 i_ptm 0.56 energy -49.95
151 models [2] recycles 0 hard 1 soft 0 temp 0.00 loss -0.03 i_con 3.73 plddt 0.31 ptm 0.88 i_ptm 0.53 energy -7.66
152 models [4] recycles 0 hard 1 soft 0 temp 0.00 loss 0.55 i_con 4.30 plddt 0.21 ptm 0.88 i_ptm 0.24 energy -7.66
153 models [3] recycles 0 hard 1 soft 0 temp 0.00 loss -0.52 i_con 3.27 plddt 0.53 ptm 0.88 i_ptm 0.70 energy -7.66
154 models [0] recycles 0 hard 1 soft 0 temp 0.00 loss -0.09 i_con 3.68 plddt 0.34 ptm 0.86 i_ptm 0.54 energy -7.66
155 models [3] recycles 0 hard 1 soft 0 temp 0.00 loss -0.52 i_con 3.27 plddt 0.53 ptm 0.88 i_ptm 0.70 energy -7.66
156 models [2] recycles 0 hard 1 soft 0 temp 0.00 loss -0.03 i_con 3.73 plddt 0.31 ptm 0.88 i_ptm 0.53 energy -7.66
157 models [0] recycles 0 hard 1 soft 0 temp 0.00 loss -0.09 i_con 3.68 plddt 0.34 ptm 0.86 i_ptm 0.54 energy -7.66
158 models [2] recycles 0 hard 1 soft 0 temp 0.00 loss -0.03 i_con 3.73 plddt 0.31 ptm 0.88 i_ptm 0.53 energy -7.66
159 models [1] recycles 0 hard 1 soft 0 temp 0.00 loss 0.63 i_con 4.38 plddt 0.22 ptm 0.86 i_ptm 0.22 energy -7.66
160 models [1] recycles 0 hard 1 soft 0 temp 0.00 loss 0.63 i_con 4.38 plddt 0.22 ptm 0.86 i_ptm 0.22 energy -7.66
161 models [4] recycles 0 hard 1 soft 0 temp 0.00 loss 0.55 i_con 4.30 plddt 0.21 ptm 0.88 i_ptm 0.24 energy -7.66
162 models [3] recycles 0 hard 1 soft 0 temp 0.00 loss -0.52 i_con 3.27 plddt 0.53 ptm 0.88 i_ptm 0.70 energy -7.66
163 models [3] recycles 0 hard 1 soft 0 temp 0.00 loss -0.52 i_con 3.27 plddt 0.53 ptm 0.88 i_ptm 0.70 energy -7.66
164 models [3] recycles 0 hard 1 soft 0 temp 0.00 loss -0.52 i_con 3.27 plddt 0.53 ptm 0.88 i_ptm 0.70 energy -7.66
165 models [4] recycles 0 hard 1 soft 0 temp 0.00 loss 0.55 i_con 4.30 plddt 0.21 ptm 0.88 i_ptm 0.24 energy -7.66
166 models [0] recycles 0 hard 1 soft 0 temp 0.00 loss -0.09 i_con 3.68 plddt 0.34 ptm 0.86 i_ptm 0.54 energy -7.66
167 models [3] recycles 0 hard 1 soft 0 temp 0.00 loss -0.52 i_con 3.27 plddt 0.53 ptm 0.88 i_ptm 0.70 energy -7.66
168 models [4] recycles 0 hard 1 soft 0 temp 0.00 loss 0.55 i_con 4.30 plddt 0.21 ptm 0.88 i_ptm 0.24 energy -7.66
169 models [0] recycles 0 hard 1 soft 0 temp 0.00 loss -0.09 i_con 3.68 plddt 0.34 ptm 0.86 i_ptm 0.54 energy -7.66
170 models [4] recycles 0 hard 1 soft 0 temp 0.00 loss 0.55 i_con 4.30 plddt 0.21 ptm 0.88 i_ptm 0.24 energy -7.66
171 models [4] recycles 0 hard 1 soft 0 temp 0.00 loss 0.55 i_con 4.30 plddt 0.21 ptm 0.88 i_ptm 0.24 energy -7.66
172 models [2] recycles 0 hard 1 soft 0 temp 0.00 loss -0.03 i_con 3.73 plddt 0.31 ptm 0.88 i_ptm 0.53 energy -7.66
173 models [2] recycles 0 hard 1 soft 0 temp 0.00 loss -0.03 i_con 3.73 plddt 0.31 ptm 0.88 i_ptm 0.53 energy -7.66
174 models [3] recycles 0 hard 1 soft 0 temp 0.00 loss -0.52 i_con 3.27 plddt 0.53 ptm 0.88 i_ptm 0.70 energy -7.66
175 models [3] recycles 0 hard 1 soft 0 temp 0.00 loss -0.52 i_con 3.27 plddt 0.53 ptm 0.88 i_ptm 0.70 energy -7.66
176 models [0] recycles 0 hard 1 soft 0 temp 0.00 loss -0.09 i_con 3.68 plddt 0.34 ptm 0.86 i_ptm 0.54 energy -7.66
177 models [1] recycles 0 hard 1 soft 0 temp 0.00 loss 0.63 i_con 4.38 plddt 0.22 ptm 0.86 i_ptm 0.22 energy -7.66
178 models [0] recycles 0 hard 1 soft 0 temp 0.00 loss -0.09 i_con 3.68 plddt 0.34 ptm 0.86 i_ptm 0.54 energy -7.66
179 models [4] recycles 0 hard 1 soft 0 temp 0.00 loss 0.55 i_con 4.30 plddt 0.21 ptm 0.88 i_ptm 0.24 energy -7.66
180 models [4] recycles 0 hard 1 soft 0 temp 0.00 loss 0.55 i_con 4.30 plddt 0.21 ptm 0.88 i_ptm 0.24 energy -7.66
  seq=NHKKIAQVVFYGGGL  loss=0.5475  loss_af=4.3775  energy=-7.6599  i_ptm=0.2391
[16/30] seed=15 ...
1 models [0] recycles 0 hard 0 soft 1 temp 1 loss 5.46 i_con 5.01 plddt 0.23 ptm 0.84 i_ptm 0.16 energy 7.39
2 models [0] recycles 0 hard 0 soft 1 temp 1 loss 5.01 i_con 4.57 plddt 0.26 ptm 0.83 i_ptm 0.17 energy 7.17
3 models [0] recycles 0 hard 0 soft 1 temp 1 loss 4.25 i_con 3.84 plddt 0.39 ptm 0.85 i_ptm 0.48 energy 7.01
4 models [2] recycles 0 hard 0 soft 1 temp 1 loss 4.25 i_con 3.85 plddt 0.38 ptm 0.87 i_ptm 0.47 energy 6.68
5 models [4] recycles 0 hard 0 soft 1 temp 1 loss 4.31 i_con 3.94 plddt 0.31 ptm 0.88 i_ptm 0.37 energy 6.16
6 models [0] recycles 0 hard 0 soft 1 temp 1 loss 4.30 i_con 3.94 plddt 0.34 ptm 0.85 i_ptm 0.39 energy 5.73
7 models [0] recycles 0 hard 0 soft 1 temp 1 loss 4.18 i_con 3.87 plddt 0.37 ptm 0.85 i_ptm 0.46 energy 5.02
8 models [3] recycles 0 hard 0 soft 1 temp 1 loss 3.90 i_con 3.62 plddt 0.43 ptm 0.87 i_ptm 0.53 energy 4.45
9 models [0] recycles 0 hard 0 soft 1 temp 1 loss 4.07 i_con 3.80 plddt 0.42 ptm 0.85 i_ptm 0.49 energy 4.12
10 models [4] recycles 0 hard 0 soft 1 temp 1 loss 4.05 i_con 3.81 plddt 0.38 ptm 0.88 i_ptm 0.48 energy 3.66
11 models [3] recycles 0 hard 0 soft 1 temp 1 loss 3.94 i_con 3.71 plddt 0.39 ptm 0.87 i_ptm 0.49 energy 3.36
12 models [0] recycles 0 hard 0 soft 1 temp 1 loss 3.98 i_con 3.76 plddt 0.43 ptm 0.85 i_ptm 0.49 energy 3.18
13 models [3] recycles 0 hard 0 soft 1 temp 1 loss 3.95 i_con 3.74 plddt 0.37 ptm 0.86 i_ptm 0.47 energy 3.09
14 models [1] recycles 0 hard 0 soft 1 temp 1 loss 4.91 i_con 4.69 plddt 0.21 ptm 0.86 i_ptm 0.13 energy 2.88
15 models [1] recycles 0 hard 0 soft 1 temp 1 loss 4.12 i_con 3.91 plddt 0.32 ptm 0.87 i_ptm 0.40 energy 2.95
16 models [1] recycles 0 hard 0 soft 1 temp 1 loss 5.10 i_con 4.88 plddt 0.21 ptm 0.86 i_ptm 0.13 energy 2.78
17 models [4] recycles 0 hard 0 soft 1 temp 1 loss 4.08 i_con 3.89 plddt 0.34 ptm 0.88 i_ptm 0.44 energy 2.59
18 models [4] recycles 0 hard 0 soft 1 temp 1 loss 4.91 i_con 4.71 plddt 0.23 ptm 0.86 i_ptm 0.14 energy 2.48
19 models [4] recycles 0 hard 0 soft 1 temp 1 loss 4.03 i_con 3.84 plddt 0.36 ptm 0.88 i_ptm 0.47 energy 2.58
20 models [3] recycles 0 hard 0 soft 1 temp 1 loss 3.86 i_con 3.68 plddt 0.40 ptm 0.86 i_ptm 0.50 energy 2.32
21 models [4] recycles 0 hard 0 soft 1 temp 1 loss 4.31 i_con 4.15 plddt 0.31 ptm 0.87 i_ptm 0.33 energy 1.88
22 models [0] recycles 0 hard 0 soft 1 temp 1 loss 4.49 i_con 4.32 plddt 0.27 ptm 0.83 i_ptm 0.22 energy 1.91
23 models [2] recycles 0 hard 0 soft 1 temp 1 loss 3.88 i_con 3.73 plddt 0.41 ptm 0.87 i_ptm 0.54 energy 1.86
24 models [0] recycles 0 hard 0 soft 1 temp 1 loss 4.10 i_con 3.95 plddt 0.35 ptm 0.85 i_ptm 0.40 energy 1.63
25 models [4] recycles 0 hard 0 soft 1 temp 1 loss 3.96 i_con 3.82 plddt 0.37 ptm 0.88 i_ptm 0.47 energy 1.50
26 models [4] recycles 0 hard 0 soft 1 temp 1 loss 4.05 i_con 3.92 plddt 0.33 ptm 0.88 i_ptm 0.45 energy 1.36
27 models [0] recycles 0 hard 0 soft 1 temp 1 loss 3.18 i_con 3.07 plddt 0.63 ptm 0.87 i_ptm 0.75 energy 1.43
28 models [3] recycles 0 hard 0 soft 1 temp 1 loss 3.68 i_con 3.56 plddt 0.41 ptm 0.88 i_ptm 0.59 energy 1.16
29 models [3] recycles 0 hard 0 soft 1 temp 1 loss 3.70 i_con 3.60 plddt 0.45 ptm 0.86 i_ptm 0.54 energy 0.93
30 models [4] recycles 0 hard 0 soft 1 temp 1 loss 4.82 i_con 4.72 plddt 0.28 ptm 0.87 i_ptm 0.18 energy 0.58
31 models [3] recycles 0 hard 0 soft 1 temp 1 loss 3.87 i_con 3.77 plddt 0.32 ptm 0.86 i_ptm 0.44 energy 0.57
32 models [2] recycles 0 hard 0 soft 1 temp 1 loss 3.87 i_con 3.80 plddt 0.34 ptm 0.87 i_ptm 0.47 energy 0.04
33 models [1] recycles 0 hard 0 soft 1 temp 1 loss 4.86 i_con 4.79 plddt 0.22 ptm 0.86 i_ptm 0.12 energy -0.19
34 models [4] recycles 0 hard 0 soft 1 temp 1 loss 4.01 i_con 3.95 plddt 0.29 ptm 0.88 i_ptm 0.39 energy -0.18
35 models [2] recycles 0 hard 0 soft 1 temp 1 loss 3.74 i_con 3.70 plddt 0.42 ptm 0.88 i_ptm 0.55 energy -0.42
36 models [4] recycles 0 hard 0 soft 1 temp 1 loss 3.74 i_con 3.73 plddt 0.42 ptm 0.89 i_ptm 0.55 energy -0.83
37 models [2] recycles 0 hard 0 soft 1 temp 1 loss 3.85 i_con 3.83 plddt 0.38 ptm 0.87 i_ptm 0.49 energy -0.82
38 models [2] recycles 0 hard 0 soft 1 temp 1 loss 3.60 i_con 3.60 plddt 0.48 ptm 0.88 i_ptm 0.59 energy -1.15
39 models [2] recycles 0 hard 0 soft 1 temp 1 loss 3.73 i_con 3.72 plddt 0.41 ptm 0.87 i_ptm 0.52 energy -1.17
40 models [3] recycles 0 hard 0 soft 1 temp 1 loss 4.67 i_con 4.67 plddt 0.32 ptm 0.85 i_ptm 0.27 energy -1.32
41 models [3] recycles 0 hard 0 soft 1 temp 1 loss 3.81 i_con 3.81 plddt 0.35 ptm 0.86 i_ptm 0.44 energy -1.48
42 models [3] recycles 0 hard 0 soft 1 temp 1 loss 3.59 i_con 3.61 plddt 0.45 ptm 0.87 i_ptm 0.57 energy -1.50
43 models [2] recycles 0 hard 0 soft 1 temp 1 loss 3.73 i_con 3.74 plddt 0.41 ptm 0.88 i_ptm 0.52 energy -1.49
44 models [4] recycles 0 hard 0 soft 1 temp 1 loss 5.33 i_con 5.34 plddt 0.28 ptm 0.87 i_ptm 0.17 energy -1.68
45 models [4] recycles 0 hard 0 soft 1 temp 1 loss 3.81 i_con 3.83 plddt 0.37 ptm 0.88 i_ptm 0.48 energy -1.71
46 models [0] recycles 0 hard 0 soft 1 temp 1 loss 3.80 i_con 3.84 plddt 0.38 ptm 0.85 i_ptm 0.44 energy -1.92
47 models [1] recycles 0 hard 0 soft 1 temp 1 loss 4.42 i_con 4.45 plddt 0.26 ptm 0.86 i_ptm 0.16 energy -1.99
48 models [4] recycles 0 hard 0 soft 1 temp 1 loss 3.68 i_con 3.71 plddt 0.40 ptm 0.89 i_ptm 0.55 energy -1.93
49 models [4] recycles 0 hard 0 soft 1 temp 1 loss 3.74 i_con 3.78 plddt 0.41 ptm 0.88 i_ptm 0.51 energy -1.99
50 models [3] recycles 0 hard 0 soft 1 temp 1 loss 4.13 i_con 4.17 plddt 0.31 ptm 0.85 i_ptm 0.26 energy -2.06
51 models [4] recycles 0 hard 0 soft 1 temp 1 loss 5.40 i_con 5.70 plddt 0.31 ptm 0.88 i_ptm 0.28 energy -1.86
52 models [2] recycles 0 hard 0 soft 1 temp 1 loss 3.22 i_con 3.58 plddt 0.45 ptm 0.88 i_ptm 0.58 energy -2.04
53 models [3] recycles 0 hard 0 soft 1 temp 1 loss 5.36 i_con 5.77 plddt 0.32 ptm 0.85 i_ptm 0.22 energy -2.36
54 models [1] recycles 0 hard 0 soft 1 temp 1 loss 4.39 i_con 4.80 plddt 0.25 ptm 0.85 i_ptm 0.13 energy -2.40
55 models [1] recycles 0 hard 0 soft 1 temp 1 loss 3.50 i_con 3.94 plddt 0.31 ptm 0.87 i_ptm 0.38 energy -2.56
56 models [2] recycles 0 hard 0 soft 1 temp 1 loss 3.27 i_con 3.74 plddt 0.38 ptm 0.87 i_ptm 0.52 energy -2.69
57 models [4] recycles 0 hard 0 soft 1 temp 1 loss 3.12 i_con 3.64 plddt 0.40 ptm 0.89 i_ptm 0.55 energy -2.88
58 models [3] recycles 0 hard 0 soft 1 temp 1 loss 2.93 i_con 3.46 plddt 0.44 ptm 0.87 i_ptm 0.61 energy -2.96
59 models [1] recycles 0 hard 0 soft 1 temp 1 loss 3.27 i_con 3.79 plddt 0.34 ptm 0.88 i_ptm 0.46 energy -2.95
60 models [4] recycles 0 hard 0 soft 1 temp 1 loss 3.05 i_con 3.62 plddt 0.41 ptm 0.89 i_ptm 0.56 energy -3.14
61 models [2] recycles 0 hard 0 soft 1 temp 1 loss 3.15 i_con 3.72 plddt 0.40 ptm 0.87 i_ptm 0.52 energy -3.16
62 models [3] recycles 0 hard 0 soft 1 temp 1 loss 2.78 i_con 3.40 plddt 0.50 ptm 0.88 i_ptm 0.66 energy -3.36
63 models [1] recycles 0 hard 0 soft 1 temp 1 loss 4.10 i_con 4.70 plddt 0.30 ptm 0.87 i_ptm 0.22 energy -3.37
64 models [3] recycles 0 hard 0 soft 1 temp 1 loss 3.28 i_con 3.93 plddt 0.33 ptm 0.86 i_ptm 0.38 energy -3.58
65 models [3] recycles 0 hard 0 soft 1 temp 1 loss 2.86 i_con 3.53 plddt 0.45 ptm 0.87 i_ptm 0.60 energy -3.62
66 models [1] recycles 0 hard 0 soft 1 temp 1 loss 3.24 i_con 3.90 plddt 0.33 ptm 0.87 i_ptm 0.40 energy -3.65
67 models [3] recycles 0 hard 0 soft 1 temp 1 loss 4.53 i_con 5.18 plddt 0.26 ptm 0.85 i_ptm 0.17 energy -3.59
68 models [2] recycles 0 hard 0 soft 1 temp 1 loss 3.26 i_con 3.91 plddt 0.36 ptm 0.86 i_ptm 0.45 energy -3.59
69 models [3] recycles 0 hard 0 soft 1 temp 1 loss 3.03 i_con 3.72 plddt 0.36 ptm 0.86 i_ptm 0.54 energy -3.75
70 models [2] recycles 0 hard 0 soft 1 temp 1 loss 2.93 i_con 3.62 plddt 0.43 ptm 0.88 i_ptm 0.55 energy -3.70
71 models [2] recycles 0 hard 0 soft 1 temp 1 loss 3.04 i_con 3.79 plddt 0.37 ptm 0.88 i_ptm 0.50 energy -4.05
72 models [1] recycles 0 hard 0 soft 1 temp 1 loss 3.39 i_con 4.14 plddt 0.30 ptm 0.87 i_ptm 0.30 energy -4.10
73 models [1] recycles 0 hard 0 soft 1 temp 1 loss 3.85 i_con 4.60 plddt 0.26 ptm 0.85 i_ptm 0.12 energy -4.10
74 models [3] recycles 0 hard 0 soft 1 temp 1 loss 2.73 i_con 3.49 plddt 0.40 ptm 0.88 i_ptm 0.61 energy -4.08
75 models [3] recycles 0 hard 0 soft 1 temp 1 loss 2.91 i_con 3.66 plddt 0.36 ptm 0.87 i_ptm 0.54 energy -4.04
76 models [4] recycles 0 hard 0 soft 1 temp 1 loss 3.82 i_con 4.57 plddt 0.24 ptm 0.87 i_ptm 0.18 energy -4.11
77 models [3] recycles 0 hard 0 soft 1 temp 1 loss 2.66 i_con 3.42 plddt 0.43 ptm 0.88 i_ptm 0.64 energy -4.12
78 models [4] recycles 0 hard 0 soft 1 temp 1 loss 3.12 i_con 3.93 plddt 0.32 ptm 0.88 i_ptm 0.43 energy -4.40
79 models [3] recycles 0 hard 0 soft 1 temp 1 loss 2.95 i_con 3.78 plddt 0.36 ptm 0.86 i_ptm 0.49 energy -4.48
80 models [4] recycles 0 hard 0 soft 1 temp 1 loss 3.21 i_con 4.03 plddt 0.29 ptm 0.88 i_ptm 0.38 energy -4.45
81 models [0] recycles 0 hard 0 soft 1 temp 1 loss 2.84 i_con 3.71 plddt 0.39 ptm 0.86 i_ptm 0.52 energy -4.66
82 models [4] recycles 0 hard 0 soft 1 temp 1 loss 3.00 i_con 3.86 plddt 0.32 ptm 0.88 i_ptm 0.43 energy -4.65
83 models [1] recycles 0 hard 0 soft 1 temp 1 loss 3.21 i_con 4.10 plddt 0.28 ptm 0.86 i_ptm 0.33 energy -4.82
84 models [4] recycles 0 hard 0 soft 1 temp 1 loss 3.31 i_con 4.21 plddt 0.26 ptm 0.87 i_ptm 0.27 energy -4.85
85 models [1] recycles 0 hard 0 soft 1 temp 1 loss 3.40 i_con 4.32 plddt 0.24 ptm 0.86 i_ptm 0.24 energy -5.00
86 models [4] recycles 0 hard 0 soft 1 temp 1 loss 2.88 i_con 3.82 plddt 0.33 ptm 0.88 i_ptm 0.44 energy -5.04
87 models [0] recycles 0 hard 0 soft 1 temp 1 loss 2.80 i_con 3.77 plddt 0.39 ptm 0.85 i_ptm 0.50 energy -5.12
88 models [4] recycles 0 hard 0 soft 1 temp 1 loss 2.90 i_con 3.90 plddt 0.32 ptm 0.88 i_ptm 0.39 energy -5.32
89 models [0] recycles 0 hard 0 soft 1 temp 1 loss 2.47 i_con 3.50 plddt 0.44 ptm 0.86 i_ptm 0.61 energy -5.44
90 models [0] recycles 0 hard 0 soft 1 temp 1 loss 2.92 i_con 3.93 plddt 0.36 ptm 0.85 i_ptm 0.43 energy -5.37
91 models [0] recycles 0 hard 0 soft 1 temp 1 loss 2.73 i_con 3.74 plddt 0.38 ptm 0.86 i_ptm 0.54 energy -5.33
92 models [1] recycles 0 hard 0 soft 1 temp 1 loss 3.39 i_con 4.36 plddt 0.25 ptm 0.85 i_ptm 0.18 energy -5.22
93 models [1] recycles 0 hard 0 soft 1 temp 1 loss 3.89 i_con 4.85 plddt 0.25 ptm 0.86 i_ptm 0.18 energy -5.17
94 models [0] recycles 0 hard 0 soft 1 temp 1 loss 2.90 i_con 3.87 plddt 0.38 ptm 0.85 i_ptm 0.44 energy -5.20
95 models [1] recycles 0 hard 0 soft 1 temp 1 loss 3.34 i_con 4.38 plddt 0.23 ptm 0.85 i_ptm 0.19 energy -5.58
96 models [3] recycles 0 hard 0 soft 1 temp 1 loss 2.78 i_con 3.83 plddt 0.29 ptm 0.86 i_ptm 0.44 energy -5.60
97 models [1] recycles 0 hard 0 soft 1 temp 1 loss 4.01 i_con 5.06 plddt 0.23 ptm 0.86 i_ptm 0.15 energy -5.67
98 models [1] recycles 0 hard 0 soft 1 temp 1 loss 3.38 i_con 4.43 plddt 0.24 ptm 0.86 i_ptm 0.21 energy -5.62
99 models [1] recycles 0 hard 0 soft 1 temp 1 loss 3.10 i_con 4.15 plddt 0.26 ptm 0.86 i_ptm 0.27 energy -5.62
100 models [0] recycles 0 hard 0 soft 1 temp 1 loss 2.77 i_con 3.87 plddt 0.37 ptm 0.85 i_ptm 0.43 energy -5.81
101 models [4] recycles 0 hard 0 soft 0 temp 1 loss 4.60 i_con 5.83 plddt 0.24 ptm 0.87 i_ptm 0.15 energy -26.22
102 models [4] recycles 0 hard 0 soft 0 temp 0.98 loss 2.74 i_con 4.00 plddt 0.27 ptm 0.88 i_ptm 0.38 energy -26.72
103 models [4] recycles 0 hard 0 soft 0 temp 0.96 loss 3.18 i_con 4.48 plddt 0.23 ptm 0.87 i_ptm 0.20 energy -27.60
104 models [0] recycles 0 hard 0 soft 0 temp 0.94 loss 2.78 i_con 4.08 plddt 0.30 ptm 0.84 i_ptm 0.33 energy -27.31
105 models [2] recycles 0 hard 0 soft 0 temp 0.92 loss 3.39 i_con 4.68 plddt 0.26 ptm 0.85 i_ptm 0.12 energy -27.30
106 models [0] recycles 0 hard 0 soft 0 temp 0.90 loss 2.47 i_con 3.78 plddt 0.35 ptm 0.86 i_ptm 0.51 energy -27.56
107 models [2] recycles 0 hard 0 soft 0 temp 0.88 loss 2.27 i_con 3.57 plddt 0.43 ptm 0.88 i_ptm 0.59 energy -27.32
108 models [0] recycles 0 hard 0 soft 0 temp 0.86 loss 2.69 i_con 4.03 plddt 0.31 ptm 0.85 i_ptm 0.39 energy -28.13
109 models [4] recycles 0 hard 0 soft 0 temp 0.84 loss 2.70 i_con 4.08 plddt 0.25 ptm 0.88 i_ptm 0.32 energy -28.94
110 models [1] recycles 0 hard 0 soft 0 temp 0.82 loss 4.21 i_con 5.59 plddt 0.24 ptm 0.85 i_ptm 0.13 energy -29.07
111 models [4] recycles 0 hard 0 soft 0 temp 0.80 loss 2.66 i_con 4.05 plddt 0.27 ptm 0.88 i_ptm 0.34 energy -29.33
112 models [1] recycles 0 hard 0 soft 0 temp 0.78 loss 4.88 i_con 6.28 plddt 0.26 ptm 0.86 i_ptm 0.19 energy -29.46
113 models [0] recycles 0 hard 0 soft 0 temp 0.76 loss 2.56 i_con 3.99 plddt 0.36 ptm 0.85 i_ptm 0.39 energy -29.86
114 models [0] recycles 0 hard 0 soft 0 temp 0.74 loss 2.17 i_con 3.63 plddt 0.42 ptm 0.86 i_ptm 0.54 energy -30.45
115 models [4] recycles 0 hard 0 soft 0 temp 0.72 loss 2.47 i_con 3.93 plddt 0.30 ptm 0.88 i_ptm 0.39 energy -30.70
116 models [2] recycles 0 hard 0 soft 0 temp 0.70 loss 1.96 i_con 3.46 plddt 0.50 ptm 0.88 i_ptm 0.62 energy -30.98
117 models [0] recycles 0 hard 0 soft 0 temp 0.68 loss 1.92 i_con 3.43 plddt 0.45 ptm 0.86 i_ptm 0.62 energy -31.21
118 models [2] recycles 0 hard 0 soft 0 temp 0.66 loss 2.22 i_con 3.73 plddt 0.39 ptm 0.87 i_ptm 0.53 energy -31.32
119 models [4] recycles 0 hard 0 soft 0 temp 0.64 loss 2.51 i_con 4.03 plddt 0.28 ptm 0.88 i_ptm 0.39 energy -31.74
120 models [3] recycles 0 hard 0 soft 0 temp 0.62 loss 1.84 i_con 3.37 plddt 0.47 ptm 0.87 i_ptm 0.64 energy -31.78
121 models [1] recycles 0 hard 0 soft 0 temp 0.60 loss 3.11 i_con 4.62 plddt 0.23 ptm 0.85 i_ptm 0.15 energy -31.83
122 models [2] recycles 0 hard 0 soft 0 temp 0.58 loss 1.54 i_con 3.09 plddt 0.57 ptm 0.88 i_ptm 0.70 energy -31.90
123 models [3] recycles 0 hard 0 soft 0 temp 0.56 loss 2.16 i_con 3.72 plddt 0.39 ptm 0.87 i_ptm 0.53 energy -32.46
124 models [3] recycles 0 hard 0 soft 0 temp 0.54 loss 2.14 i_con 3.72 plddt 0.39 ptm 0.86 i_ptm 0.53 energy -32.90
125 models [2] recycles 0 hard 0 soft 0 temp 0.52 loss 1.46 i_con 3.11 plddt 0.60 ptm 0.89 i_ptm 0.73 energy -33.62
126 models [0] recycles 0 hard 0 soft 0 temp 0.50 loss 1.99 i_con 3.62 plddt 0.40 ptm 0.86 i_ptm 0.54 energy -33.66
127 models [3] recycles 0 hard 0 soft 0 temp 0.48 loss 1.64 i_con 3.29 plddt 0.39 ptm 0.87 i_ptm 0.65 energy -34.37
128 models [4] recycles 0 hard 0 soft 0 temp 0.46 loss 1.60 i_con 3.27 plddt 0.52 ptm 0.90 i_ptm 0.66 energy -34.37
129 models [2] recycles 0 hard 0 soft 0 temp 0.44 loss 1.55 i_con 3.21 plddt 0.54 ptm 0.88 i_ptm 0.67 energy -34.17
130 models [0] recycles 0 hard 0 soft 0 temp 0.42 loss 1.80 i_con 3.45 plddt 0.41 ptm 0.86 i_ptm 0.61 energy -34.10
131 models [2] recycles 0 hard 0 soft 0 temp 0.40 loss 1.98 i_con 3.68 plddt 0.43 ptm 0.88 i_ptm 0.56 energy -35.04
132 models [0] recycles 0 hard 0 soft 0 temp 0.38 loss 2.03 i_con 3.73 plddt 0.41 ptm 0.86 i_ptm 0.52 energy -35.13
133 models [1] recycles 0 hard 0 soft 0 temp 0.36 loss 3.54 i_con 5.25 plddt 0.27 ptm 0.85 i_ptm 0.16 energy -35.52
134 models [3] recycles 0 hard 0 soft 0 temp 0.34 loss 1.34 i_con 3.08 plddt 0.57 ptm 0.88 i_ptm 0.71 energy -35.60
135 models [0] recycles 0 hard 0 soft 0 temp 0.32 loss 2.02 i_con 3.74 plddt 0.40 ptm 0.85 i_ptm 0.52 energy -35.54
136 models [1] recycles 0 hard 0 soft 0 temp 0.30 loss 1.87 i_con 3.61 plddt 0.35 ptm 0.88 i_ptm 0.52 energy -36.16
137 models [3] recycles 0 hard 0 soft 0 temp 0.28 loss 1.02 i_con 2.78 plddt 0.65 ptm 0.88 i_ptm 0.79 energy -35.91
138 models [3] recycles 0 hard 0 soft 0 temp 0.26 loss 1.27 i_con 3.02 plddt 0.45 ptm 0.88 i_ptm 0.73 energy -36.16
139 models [0] recycles 0 hard 0 soft 0 temp 0.24 loss 1.95 i_con 3.70 plddt 0.41 ptm 0.86 i_ptm 0.53 energy -36.13
140 models [2] recycles 0 hard 0 soft 0 temp 0.22 loss 1.72 i_con 3.50 plddt 0.48 ptm 0.88 i_ptm 0.60 energy -36.50
141 models [2] recycles 0 hard 0 soft 0 temp 0.20 loss 1.76 i_con 3.54 plddt 0.48 ptm 0.88 i_ptm 0.61 energy -36.62
142 models [2] recycles 0 hard 0 soft 0 temp 0.18 loss 1.28 i_con 3.08 plddt 0.58 ptm 0.89 i_ptm 0.71 energy -36.91
143 models [3] recycles 0 hard 0 soft 0 temp 0.16 loss 1.34 i_con 3.14 plddt 0.52 ptm 0.87 i_ptm 0.68 energy -37.05
144 models [3] recycles 0 hard 0 soft 0 temp 0.14 loss 0.73 i_con 2.55 plddt 0.68 ptm 0.89 i_ptm 0.82 energy -36.94
145 models [0] recycles 0 hard 0 soft 0 temp 0.12 loss 1.37 i_con 3.19 plddt 0.58 ptm 0.86 i_ptm 0.70 energy -37.08
146 models [0] recycles 0 hard 0 soft 0 temp 0.10 loss 0.82 i_con 2.65 plddt 0.67 ptm 0.88 i_ptm 0.81 energy -37.15
147 models [4] recycles 0 hard 0 soft 0 temp 0.08 loss 1.71 i_con 3.54 plddt 0.45 ptm 0.90 i_ptm 0.61 energy -37.57
148 models [3] recycles 0 hard 0 soft 0 temp 0.06 loss 0.69 i_con 2.54 plddt 0.69 ptm 0.89 i_ptm 0.81 energy -37.69
149 models [1] recycles 0 hard 0 soft 0 temp 0.04 loss 1.91 i_con 3.76 plddt 0.35 ptm 0.87 i_ptm 0.47 energy -38.29
150 models [1] recycles 0 hard 0 soft 0 temp 0.02 loss 2.12 i_con 3.99 plddt 0.32 ptm 0.86 i_ptm 0.36 energy -38.83
151 models [1] recycles 0 hard 1 soft 0 temp 0.00 loss 1.54 i_con 4.87 plddt 0.24 ptm 0.86 i_ptm 0.22 energy -6.82
152 models [1] recycles 0 hard 1 soft 0 temp 0.00 loss 1.54 i_con 4.87 plddt 0.24 ptm 0.86 i_ptm 0.22 energy -6.82
153 models [1] recycles 0 hard 1 soft 0 temp 0.00 loss 1.54 i_con 4.87 plddt 0.24 ptm 0.86 i_ptm 0.22 energy -6.82
154 models [0] recycles 0 hard 1 soft 0 temp 0.00 loss 1.22 i_con 4.55 plddt 0.20 ptm 0.83 i_ptm 0.19 energy -6.82
155 models [0] recycles 0 hard 1 soft 0 temp 0.00 loss 1.22 i_con 4.55 plddt 0.20 ptm 0.83 i_ptm 0.19 energy -6.82
156 models [4] recycles 0 hard 1 soft 0 temp 0.00 loss 1.16 i_con 4.49 plddt 0.20 ptm 0.88 i_ptm 0.29 energy -6.82
157 models [1] recycles 0 hard 1 soft 0 temp 0.00 loss 1.54 i_con 4.87 plddt 0.24 ptm 0.86 i_ptm 0.22 energy -6.82
158 models [4] recycles 0 hard 1 soft 0 temp 0.00 loss 1.16 i_con 4.49 plddt 0.20 ptm 0.88 i_ptm 0.29 energy -6.82
159 models [4] recycles 0 hard 1 soft 0 temp 0.00 loss 1.16 i_con 4.49 plddt 0.20 ptm 0.88 i_ptm 0.29 energy -6.82
160 models [1] recycles 0 hard 1 soft 0 temp 0.00 loss 1.54 i_con 4.87 plddt 0.24 ptm 0.86 i_ptm 0.22 energy -6.82
161 models [2] recycles 0 hard 1 soft 0 temp 0.00 loss 1.16 i_con 4.50 plddt 0.26 ptm 0.86 i_ptm 0.27 energy -6.82
162 models [0] recycles 0 hard 1 soft 0 temp 0.00 loss 1.22 i_con 4.55 plddt 0.20 ptm 0.83 i_ptm 0.19 energy -6.82
163 models [0] recycles 0 hard 1 soft 0 temp 0.00 loss 1.22 i_con 4.55 plddt 0.20 ptm 0.83 i_ptm 0.19 energy -6.82
164 models [2] recycles 0 hard 1 soft 0 temp 0.00 loss 1.16 i_con 4.50 plddt 0.26 ptm 0.86 i_ptm 0.27 energy -6.82
165 models [2] recycles 0 hard 1 soft 0 temp 0.00 loss 1.16 i_con 4.50 plddt 0.26 ptm 0.86 i_ptm 0.27 energy -6.82
166 models [1] recycles 0 hard 1 soft 0 temp 0.00 loss 1.54 i_con 4.87 plddt 0.24 ptm 0.86 i_ptm 0.22 energy -6.82
167 models [3] recycles 0 hard 1 soft 0 temp 0.00 loss 1.18 i_con 4.52 plddt 0.23 ptm 0.85 i_ptm 0.27 energy -6.82
168 models [4] recycles 0 hard 1 soft 0 temp 0.00 loss 1.16 i_con 4.49 plddt 0.20 ptm 0.88 i_ptm 0.29 energy -6.82
169 models [1] recycles 0 hard 1 soft 0 temp 0.00 loss 1.54 i_con 4.87 plddt 0.24 ptm 0.86 i_ptm 0.22 energy -6.82
170 models [4] recycles 0 hard 1 soft 0 temp 0.00 loss 1.16 i_con 4.49 plddt 0.20 ptm 0.88 i_ptm 0.29 energy -6.82
171 models [2] recycles 0 hard 1 soft 0 temp 0.00 loss 1.16 i_con 4.50 plddt 0.26 ptm 0.86 i_ptm 0.27 energy -6.82
172 models [0] recycles 0 hard 1 soft 0 temp 0.00 loss 1.22 i_con 4.55 plddt 0.20 ptm 0.83 i_ptm 0.19 energy -6.82
173 models [0] recycles 0 hard 1 soft 0 temp 0.00 loss 1.22 i_con 4.55 plddt 0.20 ptm 0.83 i_ptm 0.19 energy -6.82
174 models [3] recycles 0 hard 1 soft 0 temp 0.00 loss 1.18 i_con 4.52 plddt 0.23 ptm 0.85 i_ptm 0.27 energy -6.82
175 models [4] recycles 0 hard 1 soft 0 temp 0.00 loss 1.16 i_con 4.49 plddt 0.20 ptm 0.88 i_ptm 0.29 energy -6.82
176 models [4] recycles 0 hard 1 soft 0 temp 0.00 loss 1.16 i_con 4.49 plddt 0.20 ptm 0.88 i_ptm 0.29 energy -6.82
177 models [4] recycles 0 hard 1 soft 0 temp 0.00 loss 1.16 i_con 4.49 plddt 0.20 ptm 0.88 i_ptm 0.29 energy -6.82
178 models [3] recycles 0 hard 1 soft 0 temp 0.00 loss 1.18 i_con 4.52 plddt 0.23 ptm 0.85 i_ptm 0.27 energy -6.82
179 models [4] recycles 0 hard 1 soft 0 temp 0.00 loss 1.16 i_con 4.49 plddt 0.20 ptm 0.88 i_ptm 0.29 energy -6.82
180 models [3] recycles 0 hard 1 soft 0 temp 0.00 loss 1.18 i_con 4.52 plddt 0.23 ptm 0.85 i_ptm 0.27 energy -6.82
  seq=AIGLRWIQVNYQGFC  loss=1.1846  loss_af=4.5962  energy=-6.8232  i_ptm=0.2713
[17/30] seed=16 ...
1 models [3] recycles 0 hard 0 soft 1 temp 1 loss 4.94 i_con 4.50 plddt 0.28 ptm 0.84 i_ptm 0.27 energy 7.40
2 models [0] recycles 0 hard 0 soft 1 temp 1 loss 5.46 i_con 5.05 plddt 0.25 ptm 0.83 i_ptm 0.25 energy 6.80
3 models [2] recycles 0 hard 0 soft 1 temp 1 loss 4.64 i_con 4.23 plddt 0.27 ptm 0.86 i_ptm 0.28 energy 6.59
4 models [0] recycles 0 hard 0 soft 1 temp 1 loss 4.67 i_con 4.28 plddt 0.26 ptm 0.84 i_ptm 0.26 energy 6.29
5 models [1] recycles 0 hard 0 soft 1 temp 1 loss 4.85 i_con 4.49 plddt 0.23 ptm 0.86 i_ptm 0.18 energy 5.72
6 models [3] recycles 0 hard 0 soft 1 temp 1 loss 4.21 i_con 3.88 plddt 0.34 ptm 0.85 i_ptm 0.43 energy 5.35
7 models [3] recycles 0 hard 0 soft 1 temp 1 loss 4.18 i_con 3.87 plddt 0.32 ptm 0.86 i_ptm 0.41 energy 4.96
8 models [4] recycles 0 hard 0 soft 1 temp 1 loss 4.28 i_con 4.00 plddt 0.32 ptm 0.88 i_ptm 0.39 energy 4.21
9 models [3] recycles 0 hard 0 soft 1 temp 1 loss 3.98 i_con 3.73 plddt 0.37 ptm 0.87 i_ptm 0.47 energy 3.74
10 models [2] recycles 0 hard 0 soft 1 temp 1 loss 4.01 i_con 3.78 plddt 0.34 ptm 0.87 i_ptm 0.48 energy 3.22
11 models [3] recycles 0 hard 0 soft 1 temp 1 loss 4.01 i_con 3.81 plddt 0.32 ptm 0.86 i_ptm 0.41 energy 2.62
12 models [4] recycles 0 hard 0 soft 1 temp 1 loss 4.34 i_con 4.16 plddt 0.28 ptm 0.87 i_ptm 0.31 energy 2.20
13 models [0] recycles 0 hard 0 soft 1 temp 1 loss 4.27 i_con 4.09 plddt 0.27 ptm 0.84 i_ptm 0.28 energy 2.13
14 models [2] recycles 0 hard 0 soft 1 temp 1 loss 3.91 i_con 3.75 plddt 0.39 ptm 0.87 i_ptm 0.52 energy 1.86
15 models [0] recycles 0 hard 0 soft 1 temp 1 loss 4.19 i_con 4.04 plddt 0.30 ptm 0.85 i_ptm 0.34 energy 1.65
16 models [1] recycles 0 hard 0 soft 1 temp 1 loss 4.36 i_con 4.22 plddt 0.27 ptm 0.86 i_ptm 0.26 energy 1.37
17 models [4] recycles 0 hard 0 soft 1 temp 1 loss 3.99 i_con 3.86 plddt 0.33 ptm 0.88 i_ptm 0.45 energy 1.24
18 models [0] recycles 0 hard 0 soft 1 temp 1 loss 4.12 i_con 4.00 plddt 0.33 ptm 0.85 i_ptm 0.38 energy 0.98
19 models [4] recycles 0 hard 0 soft 1 temp 1 loss 3.91 i_con 3.81 plddt 0.37 ptm 0.88 i_ptm 0.48 energy 0.77
20 models [3] recycles 0 hard 0 soft 1 temp 1 loss 3.82 i_con 3.73 plddt 0.36 ptm 0.86 i_ptm 0.47 energy 0.45
21 models [3] recycles 0 hard 0 soft 1 temp 1 loss 3.82 i_con 3.75 plddt 0.35 ptm 0.86 i_ptm 0.44 energy 0.07
22 models [1] recycles 0 hard 0 soft 1 temp 1 loss 4.06 i_con 4.00 plddt 0.27 ptm 0.87 i_ptm 0.31 energy -0.25
23 models [3] recycles 0 hard 0 soft 1 temp 1 loss 3.74 i_con 3.70 plddt 0.37 ptm 0.86 i_ptm 0.46 energy -0.46
24 models [3] recycles 0 hard 0 soft 1 temp 1 loss 3.73 i_con 3.70 plddt 0.36 ptm 0.86 i_ptm 0.49 energy -0.66
25 models [0] recycles 0 hard 0 soft 1 temp 1 loss 3.75 i_con 3.74 plddt 0.39 ptm 0.86 i_ptm 0.48 energy -1.12
26 models [1] recycles 0 hard 0 soft 1 temp 1 loss 5.20 i_con 5.19 plddt 0.23 ptm 0.85 i_ptm 0.15 energy -1.23
27 models [4] recycles 0 hard 0 soft 1 temp 1 loss 3.49 i_con 3.49 plddt 0.47 ptm 0.88 i_ptm 0.61 energy -1.11
28 models [0] recycles 0 hard 0 soft 1 temp 1 loss 3.66 i_con 3.66 plddt 0.42 ptm 0.85 i_ptm 0.49 energy -1.15
29 models [3] recycles 0 hard 0 soft 1 temp 1 loss 3.60 i_con 3.62 plddt 0.43 ptm 0.87 i_ptm 0.55 energy -1.41
30 models [1] recycles 0 hard 0 soft 1 temp 1 loss 5.03 i_con 5.04 plddt 0.25 ptm 0.85 i_ptm 0.13 energy -1.70
31 models [4] recycles 0 hard 0 soft 1 temp 1 loss 3.59 i_con 3.61 plddt 0.41 ptm 0.89 i_ptm 0.53 energy -1.52
32 models [0] recycles 0 hard 0 soft 1 temp 1 loss 3.61 i_con 3.64 plddt 0.47 ptm 0.86 i_ptm 0.55 energy -1.59
33 models [0] recycles 0 hard 0 soft 1 temp 1 loss 3.59 i_con 3.62 plddt 0.45 ptm 0.86 i_ptm 0.55 energy -1.74
34 models [4] recycles 0 hard 0 soft 1 temp 1 loss 3.61 i_con 3.65 plddt 0.41 ptm 0.89 i_ptm 0.53 energy -1.92
35 models [0] recycles 0 hard 0 soft 1 temp 1 loss 3.46 i_con 3.52 plddt 0.50 ptm 0.85 i_ptm 0.60 energy -2.10
36 models [4] recycles 0 hard 0 soft 1 temp 1 loss 3.59 i_con 3.65 plddt 0.44 ptm 0.88 i_ptm 0.55 energy -2.14
37 models [4] recycles 0 hard 0 soft 1 temp 1 loss 5.30 i_con 5.33 plddt 0.30 ptm 0.87 i_ptm 0.23 energy -2.04
38 models [2] recycles 0 hard 0 soft 1 temp 1 loss 3.58 i_con 3.63 plddt 0.44 ptm 0.87 i_ptm 0.56 energy -2.14
39 models [1] recycles 0 hard 0 soft 1 temp 1 loss 3.68 i_con 3.73 plddt 0.39 ptm 0.86 i_ptm 0.48 energy -2.26
40 models [4] recycles 0 hard 0 soft 1 temp 1 loss 3.56 i_con 3.62 plddt 0.44 ptm 0.88 i_ptm 0.54 energy -2.29
41 models [2] recycles 0 hard 0 soft 1 temp 1 loss 3.51 i_con 3.57 plddt 0.47 ptm 0.87 i_ptm 0.58 energy -2.35
42 models [3] recycles 0 hard 0 soft 1 temp 1 loss 3.62 i_con 3.68 plddt 0.39 ptm 0.87 i_ptm 0.49 energy -2.48
43 models [4] recycles 0 hard 0 soft 1 temp 1 loss 3.63 i_con 3.69 plddt 0.38 ptm 0.88 i_ptm 0.49 energy -2.56
44 models [4] recycles 0 hard 0 soft 1 temp 1 loss 5.41 i_con 5.46 plddt 0.33 ptm 0.86 i_ptm 0.24 energy -2.48
45 models [0] recycles 0 hard 0 soft 1 temp 1 loss 3.56 i_con 3.64 plddt 0.45 ptm 0.85 i_ptm 0.54 energy -2.59
46 models [0] recycles 0 hard 0 soft 1 temp 1 loss 3.54 i_con 3.61 plddt 0.44 ptm 0.84 i_ptm 0.51 energy -2.61
47 models [0] recycles 0 hard 0 soft 1 temp 1 loss 3.47 i_con 3.55 plddt 0.47 ptm 0.85 i_ptm 0.56 energy -2.61
48 models [0] recycles 0 hard 0 soft 1 temp 1 loss 3.53 i_con 3.60 plddt 0.47 ptm 0.85 i_ptm 0.55 energy -2.48
49 models [2] recycles 0 hard 0 soft 1 temp 1 loss 3.54 i_con 3.62 plddt 0.46 ptm 0.87 i_ptm 0.56 energy -2.57
50 models [0] recycles 0 hard 0 soft 1 temp 1 loss 3.66 i_con 3.74 plddt 0.40 ptm 0.85 i_ptm 0.47 energy -2.62
51 models [2] recycles 0 hard 0 soft 1 temp 1 loss 3.26 i_con 3.74 plddt 0.40 ptm 0.87 i_ptm 0.47 energy -2.71
52 models [4] recycles 0 hard 0 soft 1 temp 1 loss 2.93 i_con 3.46 plddt 0.46 ptm 0.90 i_ptm 0.58 energy -2.89
53 models [2] recycles 0 hard 0 soft 1 temp 1 loss 3.19 i_con 3.70 plddt 0.42 ptm 0.87 i_ptm 0.51 energy -2.84
54 models [0] recycles 0 hard 0 soft 1 temp 1 loss 3.23 i_con 3.77 plddt 0.39 ptm 0.84 i_ptm 0.45 energy -3.02
55 models [2] recycles 0 hard 0 soft 1 temp 1 loss 3.01 i_con 3.56 plddt 0.50 ptm 0.87 i_ptm 0.59 energy -3.04
56 models [0] recycles 0 hard 0 soft 1 temp 1 loss 3.28 i_con 3.84 plddt 0.38 ptm 0.84 i_ptm 0.44 energy -3.12
57 models [0] recycles 0 hard 0 soft 1 temp 1 loss 3.10 i_con 3.70 plddt 0.41 ptm 0.85 i_ptm 0.51 energy -3.28
58 models [4] recycles 0 hard 0 soft 1 temp 1 loss 2.99 i_con 3.61 plddt 0.42 ptm 0.88 i_ptm 0.55 energy -3.41
59 models [3] recycles 0 hard 0 soft 1 temp 1 loss 3.53 i_con 4.17 plddt 0.28 ptm 0.84 i_ptm 0.23 energy -3.55
60 models [3] recycles 0 hard 0 soft 1 temp 1 loss 3.21 i_con 3.84 plddt 0.38 ptm 0.86 i_ptm 0.45 energy -3.45
61 models [4] recycles 0 hard 0 soft 1 temp 1 loss 3.12 i_con 3.70 plddt 0.41 ptm 0.89 i_ptm 0.52 energy -3.18
62 models [3] recycles 0 hard 0 soft 1 temp 1 loss 4.58 i_con 5.19 plddt 0.27 ptm 0.84 i_ptm 0.17 energy -3.40
63 models [4] recycles 0 hard 0 soft 1 temp 1 loss 3.07 i_con 3.66 plddt 0.42 ptm 0.89 i_ptm 0.53 energy -3.21
64 models [4] recycles 0 hard 0 soft 1 temp 1 loss 3.05 i_con 3.64 plddt 0.41 ptm 0.89 i_ptm 0.53 energy -3.24
65 models [1] recycles 0 hard 0 soft 1 temp 1 loss 3.11 i_con 3.72 plddt 0.41 ptm 0.87 i_ptm 0.50 energy -3.31
66 models [1] recycles 0 hard 0 soft 1 temp 1 loss 4.43 i_con 5.01 plddt 0.25 ptm 0.85 i_ptm 0.12 energy -3.30
67 models [0] recycles 0 hard 0 soft 1 temp 1 loss 3.12 i_con 3.70 plddt 0.43 ptm 0.85 i_ptm 0.50 energy -3.22
68 models [1] recycles 0 hard 0 soft 1 temp 1 loss 3.20 i_con 3.83 plddt 0.37 ptm 0.87 i_ptm 0.45 energy -3.45
69 models [3] recycles 0 hard 0 soft 1 temp 1 loss 3.11 i_con 3.72 plddt 0.38 ptm 0.87 i_ptm 0.48 energy -3.32
70 models [4] recycles 0 hard 0 soft 1 temp 1 loss 2.89 i_con 3.54 plddt 0.46 ptm 0.89 i_ptm 0.58 energy -3.56
71 models [4] recycles 0 hard 0 soft 1 temp 1 loss 4.35 i_con 5.00 plddt 0.26 ptm 0.86 i_ptm 0.13 energy -3.64
72 models [3] recycles 0 hard 0 soft 1 temp 1 loss 2.99 i_con 3.68 plddt 0.40 ptm 0.87 i_ptm 0.50 energy -3.71
73 models [2] recycles 0 hard 0 soft 1 temp 1 loss 3.04 i_con 3.76 plddt 0.41 ptm 0.87 i_ptm 0.47 energy -3.89
74 models [1] recycles 0 hard 0 soft 1 temp 1 loss 4.50 i_con 5.23 plddt 0.25 ptm 0.85 i_ptm 0.13 energy -4.05
75 models [0] recycles 0 hard 0 soft 1 temp 1 loss 2.59 i_con 3.32 plddt 0.51 ptm 0.86 i_ptm 0.62 energy -3.92
76 models [1] recycles 0 hard 0 soft 1 temp 1 loss 4.68 i_con 5.43 plddt 0.24 ptm 0.86 i_ptm 0.14 energy -4.09
77 models [2] recycles 0 hard 0 soft 1 temp 1 loss 3.00 i_con 3.72 plddt 0.36 ptm 0.87 i_ptm 0.49 energy -3.93
78 models [3] recycles 0 hard 0 soft 1 temp 1 loss 2.85 i_con 3.62 plddt 0.42 ptm 0.87 i_ptm 0.50 energy -4.11
79 models [4] recycles 0 hard 0 soft 1 temp 1 loss 3.05 i_con 3.85 plddt 0.35 ptm 0.88 i_ptm 0.45 energy -4.29
80 models [3] recycles 0 hard 0 soft 1 temp 1 loss 2.76 i_con 3.58 plddt 0.45 ptm 0.86 i_ptm 0.55 energy -4.38
81 models [2] recycles 0 hard 0 soft 1 temp 1 loss 2.82 i_con 3.67 plddt 0.42 ptm 0.87 i_ptm 0.50 energy -4.53
82 models [1] recycles 0 hard 0 soft 1 temp 1 loss 4.52 i_con 5.38 plddt 0.26 ptm 0.86 i_ptm 0.14 energy -4.70
83 models [3] recycles 0 hard 0 soft 1 temp 1 loss 2.78 i_con 3.63 plddt 0.38 ptm 0.86 i_ptm 0.51 energy -4.55
84 models [3] recycles 0 hard 0 soft 1 temp 1 loss 2.83 i_con 3.67 plddt 0.38 ptm 0.86 i_ptm 0.47 energy -4.50
85 models [0] recycles 0 hard 0 soft 1 temp 1 loss 2.29 i_con 3.18 plddt 0.52 ptm 0.87 i_ptm 0.63 energy -4.71
86 models [1] recycles 0 hard 0 soft 1 temp 1 loss 3.18 i_con 4.09 plddt 0.28 ptm 0.87 i_ptm 0.31 energy -4.89
87 models [4] recycles 0 hard 0 soft 1 temp 1 loss 3.08 i_con 3.97 plddt 0.30 ptm 0.88 i_ptm 0.38 energy -4.82
88 models [0] recycles 0 hard 0 soft 1 temp 1 loss 2.78 i_con 3.69 plddt 0.40 ptm 0.86 i_ptm 0.46 energy -4.85
89 models [3] recycles 0 hard 0 soft 1 temp 1 loss 2.46 i_con 3.41 plddt 0.45 ptm 0.87 i_ptm 0.57 energy -5.05
90 models [1] recycles 0 hard 0 soft 1 temp 1 loss 4.59 i_con 5.53 plddt 0.26 ptm 0.86 i_ptm 0.14 energy -5.08
91 models [0] recycles 0 hard 0 soft 1 temp 1 loss 2.83 i_con 3.77 plddt 0.41 ptm 0.85 i_ptm 0.45 energy -4.98
92 models [3] recycles 0 hard 0 soft 1 temp 1 loss 3.50 i_con 4.45 plddt 0.27 ptm 0.84 i_ptm 0.19 energy -5.11
93 models [0] recycles 0 hard 0 soft 1 temp 1 loss 4.08 i_con 5.06 plddt 0.29 ptm 0.83 i_ptm 0.20 energy -5.24
94 models [0] recycles 0 hard 0 soft 1 temp 1 loss 2.93 i_con 3.93 plddt 0.34 ptm 0.84 i_ptm 0.36 energy -5.36
95 models [4] recycles 0 hard 0 soft 1 temp 1 loss 2.53 i_con 3.55 plddt 0.45 ptm 0.89 i_ptm 0.58 energy -5.39
96 models [1] recycles 0 hard 0 soft 1 temp 1 loss 4.60 i_con 5.64 plddt 0.24 ptm 0.86 i_ptm 0.14 energy -5.63
97 models [3] recycles 0 hard 0 soft 1 temp 1 loss 2.42 i_con 3.47 plddt 0.45 ptm 0.87 i_ptm 0.54 energy -5.52
98 models [1] recycles 0 hard 0 soft 1 temp 1 loss 4.46 i_con 5.52 plddt 0.26 ptm 0.86 i_ptm 0.14 energy -5.64
99 models [1] recycles 0 hard 0 soft 1 temp 1 loss 3.21 i_con 4.24 plddt 0.27 ptm 0.86 i_ptm 0.23 energy -5.51
100 models [3] recycles 0 hard 0 soft 1 temp 1 loss 2.47 i_con 3.51 plddt 0.43 ptm 0.87 i_ptm 0.54 energy -5.47
101 models [2] recycles 0 hard 0 soft 0 temp 1 loss 3.82 i_con 5.19 plddt 0.26 ptm 0.85 i_ptm 0.12 energy -28.97
102 models [2] recycles 0 hard 0 soft 0 temp 0.98 loss 2.65 i_con 4.02 plddt 0.30 ptm 0.86 i_ptm 0.36 energy -28.98
103 models [4] recycles 0 hard 0 soft 0 temp 0.96 loss 4.02 i_con 5.42 plddt 0.20 ptm 0.87 i_ptm 0.12 energy -29.68
104 models [0] recycles 0 hard 0 soft 0 temp 0.94 loss 2.77 i_con 4.18 plddt 0.27 ptm 0.84 i_ptm 0.26 energy -29.69
105 models [4] recycles 0 hard 0 soft 0 temp 0.92 loss 2.63 i_con 4.08 plddt 0.29 ptm 0.88 i_ptm 0.32 energy -30.35
106 models [0] recycles 0 hard 0 soft 0 temp 0.90 loss 2.94 i_con 4.39 plddt 0.25 ptm 0.83 i_ptm 0.21 energy -30.47
107 models [4] recycles 0 hard 0 soft 0 temp 0.88 loss 3.12 i_con 4.57 plddt 0.22 ptm 0.86 i_ptm 0.18 energy -30.60
108 models [2] recycles 0 hard 0 soft 0 temp 0.86 loss 4.38 i_con 5.82 plddt 0.25 ptm 0.85 i_ptm 0.14 energy -30.27
109 models [2] recycles 0 hard 0 soft 0 temp 0.84 loss 2.82 i_con 4.26 plddt 0.29 ptm 0.85 i_ptm 0.27 energy -30.27
110 models [0] recycles 0 hard 0 soft 0 temp 0.82 loss 2.74 i_con 4.16 plddt 0.26 ptm 0.84 i_ptm 0.32 energy -30.02
111 models [1] recycles 0 hard 0 soft 0 temp 0.80 loss 2.81 i_con 4.29 plddt 0.24 ptm 0.86 i_ptm 0.22 energy -31.14
112 models [4] recycles 0 hard 0 soft 0 temp 0.78 loss 2.83 i_con 4.30 plddt 0.22 ptm 0.87 i_ptm 0.25 energy -30.87
113 models [3] recycles 0 hard 0 soft 0 temp 0.76 loss 2.47 i_con 3.94 plddt 0.30 ptm 0.86 i_ptm 0.40 energy -30.72
114 models [0] recycles 0 hard 0 soft 0 temp 0.74 loss 2.51 i_con 4.05 plddt 0.28 ptm 0.84 i_ptm 0.35 energy -32.35
115 models [2] recycles 0 hard 0 soft 0 temp 0.72 loss 2.39 i_con 4.03 plddt 0.31 ptm 0.86 i_ptm 0.38 energy -34.12
116 models [0] recycles 0 hard 0 soft 0 temp 0.70 loss 2.44 i_con 4.13 plddt 0.28 ptm 0.84 i_ptm 0.32 energy -35.25
117 models [3] recycles 0 hard 0 soft 0 temp 0.68 loss 2.12 i_con 3.87 plddt 0.29 ptm 0.86 i_ptm 0.40 energy -36.28
118 models [2] recycles 0 hard 0 soft 0 temp 0.66 loss 2.02 i_con 3.82 plddt 0.36 ptm 0.87 i_ptm 0.45 energy -37.15
119 models [2] recycles 0 hard 0 soft 0 temp 0.64 loss 1.96 i_con 3.79 plddt 0.35 ptm 0.86 i_ptm 0.44 energy -37.86
120 models [0] recycles 0 hard 0 soft 0 temp 0.62 loss 1.91 i_con 3.78 plddt 0.38 ptm 0.85 i_ptm 0.44 energy -38.61
121 models [4] recycles 0 hard 0 soft 0 temp 0.60 loss 2.12 i_con 3.99 plddt 0.28 ptm 0.88 i_ptm 0.36 energy -38.79
122 models [1] recycles 0 hard 0 soft 0 temp 0.58 loss 3.16 i_con 5.05 plddt 0.28 ptm 0.86 i_ptm 0.14 energy -39.23
123 models [1] recycles 0 hard 0 soft 0 temp 0.56 loss 2.98 i_con 4.87 plddt 0.23 ptm 0.85 i_ptm 0.12 energy -39.28
124 models [2] recycles 0 hard 0 soft 0 temp 0.54 loss 1.95 i_con 3.84 plddt 0.35 ptm 0.87 i_ptm 0.41 energy -39.12
125 models [2] recycles 0 hard 0 soft 0 temp 0.52 loss 1.81 i_con 3.77 plddt 0.35 ptm 0.87 i_ptm 0.45 energy -40.43
126 models [0] recycles 0 hard 0 soft 0 temp 0.50 loss 1.98 i_con 3.95 plddt 0.28 ptm 0.84 i_ptm 0.33 energy -40.77
127 models [2] recycles 0 hard 0 soft 0 temp 0.48 loss 1.72 i_con 3.77 plddt 0.39 ptm 0.87 i_ptm 0.45 energy -42.19
128 models [3] recycles 0 hard 0 soft 0 temp 0.46 loss 1.72 i_con 3.82 plddt 0.32 ptm 0.86 i_ptm 0.41 energy -43.30
129 models [0] recycles 0 hard 0 soft 0 temp 0.44 loss 1.79 i_con 3.94 plddt 0.30 ptm 0.84 i_ptm 0.34 energy -44.42
130 models [0] recycles 0 hard 0 soft 0 temp 0.42 loss 1.87 i_con 4.06 plddt 0.27 ptm 0.85 i_ptm 0.31 energy -45.25
131 models [1] recycles 0 hard 0 soft 0 temp 0.40 loss 2.85 i_con 5.04 plddt 0.22 ptm 0.85 i_ptm 0.11 energy -45.43
132 models [4] recycles 0 hard 0 soft 0 temp 0.38 loss 1.72 i_con 3.92 plddt 0.28 ptm 0.88 i_ptm 0.35 energy -45.52
133 models [2] recycles 0 hard 0 soft 0 temp 0.36 loss 1.53 i_con 3.76 plddt 0.38 ptm 0.86 i_ptm 0.46 energy -45.83
134 models [2] recycles 0 hard 0 soft 0 temp 0.34 loss 1.45 i_con 3.74 plddt 0.39 ptm 0.87 i_ptm 0.46 energy -47.04
135 models [0] recycles 0 hard 0 soft 0 temp 0.32 loss 1.52 i_con 3.89 plddt 0.30 ptm 0.84 i_ptm 0.37 energy -48.83
136 models [3] recycles 0 hard 0 soft 0 temp 0.30 loss 1.88 i_con 4.27 plddt 0.28 ptm 0.85 i_ptm 0.25 energy -49.38
137 models [1] recycles 0 hard 0 soft 0 temp 0.28 loss 3.26 i_con 5.65 plddt 0.28 ptm 0.85 i_ptm 0.17 energy -49.31
138 models [2] recycles 0 hard 0 soft 0 temp 0.26 loss 1.32 i_con 3.71 plddt 0.37 ptm 0.87 i_ptm 0.46 energy -49.08
139 models [4] recycles 0 hard 0 soft 0 temp 0.24 loss 1.27 i_con 3.73 plddt 0.33 ptm 0.89 i_ptm 0.46 energy -50.37
140 models [0] recycles 0 hard 0 soft 0 temp 0.22 loss 1.40 i_con 3.85 plddt 0.33 ptm 0.85 i_ptm 0.40 energy -50.34
141 models [1] recycles 0 hard 0 soft 0 temp 0.20 loss 3.08 i_con 5.57 plddt 0.26 ptm 0.85 i_ptm 0.16 energy -51.23
142 models [0] recycles 0 hard 0 soft 0 temp 0.18 loss 1.38 i_con 3.86 plddt 0.34 ptm 0.85 i_ptm 0.43 energy -51.04
143 models [2] recycles 0 hard 0 soft 0 temp 0.16 loss 1.23 i_con 3.73 plddt 0.39 ptm 0.87 i_ptm 0.49 energy -51.21
144 models [4] recycles 0 hard 0 soft 0 temp 0.14 loss 1.29 i_con 3.85 plddt 0.28 ptm 0.88 i_ptm 0.41 energy -52.59
145 models [2] recycles 0 hard 0 soft 0 temp 0.12 loss 1.15 i_con 3.73 plddt 0.37 ptm 0.86 i_ptm 0.45 energy -52.85
146 models [1] recycles 0 hard 0 soft 0 temp 0.10 loss 2.11 i_con 4.75 plddt 0.21 ptm 0.85 i_ptm 0.21 energy -54.43
147 models [4] recycles 0 hard 0 soft 0 temp 0.08 loss 1.25 i_con 3.89 plddt 0.29 ptm 0.88 i_ptm 0.39 energy -54.24
148 models [2] recycles 0 hard 0 soft 0 temp 0.06 loss 1.14 i_con 3.81 plddt 0.34 ptm 0.87 i_ptm 0.43 energy -54.72
149 models [1] recycles 0 hard 0 soft 0 temp 0.04 loss 2.69 i_con 5.43 plddt 0.24 ptm 0.85 i_ptm 0.16 energy -56.32
150 models [0] recycles 0 hard 0 soft 0 temp 0.02 loss 1.35 i_con 4.10 plddt 0.28 ptm 0.84 i_ptm 0.28 energy -56.43
151 models [0] recycles 0 hard 1 soft 0 temp 0.00 loss 2.12 i_con 5.85 plddt 0.22 ptm 0.83 i_ptm 0.23 energy -7.62
152 models [2] recycles 0 hard 1 soft 0 temp 0.00 loss 0.36 i_con 4.09 plddt 0.24 ptm 0.86 i_ptm 0.33 energy -7.62
153 models [4] recycles 0 hard 1 soft 0 temp 0.00 loss 1.69 i_con 5.42 plddt 0.20 ptm 0.87 i_ptm 0.20 energy -7.62
154 models [0] recycles 0 hard 1 soft 0 temp 0.00 loss 2.12 i_con 5.85 plddt 0.22 ptm 0.83 i_ptm 0.23 energy -7.62
155 models [0] recycles 0 hard 1 soft 0 temp 0.00 loss 2.12 i_con 5.85 plddt 0.22 ptm 0.83 i_ptm 0.23 energy -7.62
156 models [2] recycles 0 hard 1 soft 0 temp 0.00 loss 0.36 i_con 4.09 plddt 0.24 ptm 0.86 i_ptm 0.33 energy -7.62
157 models [4] recycles 0 hard 1 soft 0 temp 0.00 loss 1.69 i_con 5.42 plddt 0.20 ptm 0.87 i_ptm 0.20 energy -7.62
158 models [1] recycles 0 hard 1 soft 0 temp 0.00 loss 2.56 i_con 6.29 plddt 0.22 ptm 0.86 i_ptm 0.20 energy -7.62
159 models [0] recycles 0 hard 1 soft 0 temp 0.00 loss 2.12 i_con 5.85 plddt 0.22 ptm 0.83 i_ptm 0.23 energy -7.62
160 models [0] recycles 0 hard 1 soft 0 temp 0.00 loss 2.12 i_con 5.85 plddt 0.22 ptm 0.83 i_ptm 0.23 energy -7.62
161 models [0] recycles 0 hard 1 soft 0 temp 0.00 loss 2.12 i_con 5.85 plddt 0.22 ptm 0.83 i_ptm 0.23 energy -7.62
162 models [4] recycles 0 hard 1 soft 0 temp 0.00 loss 1.69 i_con 5.42 plddt 0.20 ptm 0.87 i_ptm 0.20 energy -7.62
163 models [4] recycles 0 hard 1 soft 0 temp 0.00 loss 1.69 i_con 5.42 plddt 0.20 ptm 0.87 i_ptm 0.20 energy -7.62
164 models [0] recycles 0 hard 1 soft 0 temp 0.00 loss 2.12 i_con 5.85 plddt 0.22 ptm 0.83 i_ptm 0.23 energy -7.62
165 models [2] recycles 0 hard 1 soft 0 temp 0.00 loss 0.36 i_con 4.09 plddt 0.24 ptm 0.86 i_ptm 0.33 energy -7.62
166 models [1] recycles 0 hard 1 soft 0 temp 0.00 loss 2.56 i_con 6.29 plddt 0.22 ptm 0.86 i_ptm 0.20 energy -7.62
167 models [4] recycles 0 hard 1 soft 0 temp 0.00 loss 1.69 i_con 5.42 plddt 0.20 ptm 0.87 i_ptm 0.20 energy -7.62
168 models [0] recycles 0 hard 1 soft 0 temp 0.00 loss 2.12 i_con 5.85 plddt 0.22 ptm 0.83 i_ptm 0.23 energy -7.62
169 models [0] recycles 0 hard 1 soft 0 temp 0.00 loss 2.12 i_con 5.85 plddt 0.22 ptm 0.83 i_ptm 0.23 energy -7.62
170 models [1] recycles 0 hard 1 soft 0 temp 0.00 loss 2.56 i_con 6.29 plddt 0.22 ptm 0.86 i_ptm 0.20 energy -7.62
171 models [2] recycles 0 hard 1 soft 0 temp 0.00 loss 0.36 i_con 4.09 plddt 0.24 ptm 0.86 i_ptm 0.33 energy -7.62
172 models [0] recycles 0 hard 1 soft 0 temp 0.00 loss 2.12 i_con 5.85 plddt 0.22 ptm 0.83 i_ptm 0.23 energy -7.62
173 models [2] recycles 0 hard 1 soft 0 temp 0.00 loss 0.36 i_con 4.09 plddt 0.24 ptm 0.86 i_ptm 0.33 energy -7.62
174 models [3] recycles 0 hard 1 soft 0 temp 0.00 loss 0.33 i_con 4.06 plddt 0.24 ptm 0.86 i_ptm 0.34 energy -7.62
175 models [3] recycles 0 hard 1 soft 0 temp 0.00 loss 0.33 i_con 4.06 plddt 0.24 ptm 0.86 i_ptm 0.34 energy -7.62
176 models [0] recycles 0 hard 1 soft 0 temp 0.00 loss 2.12 i_con 5.85 plddt 0.22 ptm 0.83 i_ptm 0.23 energy -7.62
177 models [2] recycles 0 hard 1 soft 0 temp 0.00 loss 0.36 i_con 4.09 plddt 0.24 ptm 0.86 i_ptm 0.33 energy -7.62
178 models [1] recycles 0 hard 1 soft 0 temp 0.00 loss 2.56 i_con 6.29 plddt 0.22 ptm 0.86 i_ptm 0.20 energy -7.62
179 models [3] recycles 0 hard 1 soft 0 temp 0.00 loss 0.33 i_con 4.06 plddt 0.24 ptm 0.86 i_ptm 0.34 energy -7.62
180 models [2] recycles 0 hard 1 soft 0 temp 0.00 loss 0.36 i_con 4.09 plddt 0.24 ptm 0.86 i_ptm 0.33 energy -7.62
  seq=AWGEWQCHSNTQPFG  loss=0.3551  loss_af=4.1633  energy=-7.6164  i_ptm=0.3275
[18/30] seed=17 ...
1 models [3] recycles 0 hard 0 soft 1 temp 1 loss 4.32 i_con 3.89 plddt 0.34 ptm 0.85 i_ptm 0.44 energy 7.38
2 models [2] recycles 0 hard 0 soft 1 temp 1 loss 4.25 i_con 3.84 plddt 0.35 ptm 0.86 i_ptm 0.45 energy 6.87
3 models [1] recycles 0 hard 0 soft 1 temp 1 loss 4.83 i_con 4.43 plddt 0.21 ptm 0.86 i_ptm 0.19 energy 6.30
4 models [1] recycles 0 hard 0 soft 1 temp 1 loss 4.51 i_con 4.13 plddt 0.25 ptm 0.87 i_ptm 0.26 energy 5.96
5 models [4] recycles 0 hard 0 soft 1 temp 1 loss 4.20 i_con 3.87 plddt 0.32 ptm 0.88 i_ptm 0.41 energy 5.33
6 models [4] recycles 0 hard 0 soft 1 temp 1 loss 4.05 i_con 3.75 plddt 0.35 ptm 0.88 i_ptm 0.48 energy 4.66
7 models [1] recycles 0 hard 0 soft 1 temp 1 loss 4.59 i_con 4.31 plddt 0.22 ptm 0.86 i_ptm 0.20 energy 4.14
8 models [2] recycles 0 hard 0 soft 1 temp 1 loss 3.91 i_con 3.65 plddt 0.40 ptm 0.87 i_ptm 0.49 energy 3.98
9 models [3] recycles 0 hard 0 soft 1 temp 1 loss 3.97 i_con 3.73 plddt 0.36 ptm 0.86 i_ptm 0.47 energy 3.56
10 models [3] recycles 0 hard 0 soft 1 temp 1 loss 4.00 i_con 3.77 plddt 0.34 ptm 0.86 i_ptm 0.46 energy 3.10
11 models [4] recycles 0 hard 0 soft 1 temp 1 loss 4.16 i_con 3.96 plddt 0.27 ptm 0.88 i_ptm 0.36 energy 2.64
12 models [3] recycles 0 hard 0 soft 1 temp 1 loss 3.98 i_con 3.79 plddt 0.33 ptm 0.86 i_ptm 0.41 energy 2.54
13 models [4] recycles 0 hard 0 soft 1 temp 1 loss 4.12 i_con 3.94 plddt 0.29 ptm 0.88 i_ptm 0.36 energy 2.19
14 models [3] recycles 0 hard 0 soft 1 temp 1 loss 3.91 i_con 3.75 plddt 0.36 ptm 0.87 i_ptm 0.47 energy 1.99
15 models [3] recycles 0 hard 0 soft 1 temp 1 loss 3.93 i_con 3.78 plddt 0.35 ptm 0.86 i_ptm 0.47 energy 1.77
16 models [4] recycles 0 hard 0 soft 1 temp 1 loss 4.11 i_con 3.97 plddt 0.31 ptm 0.88 i_ptm 0.37 energy 1.49
17 models [0] recycles 0 hard 0 soft 1 temp 1 loss 4.10 i_con 3.97 plddt 0.33 ptm 0.85 i_ptm 0.42 energy 1.20
18 models [4] recycles 0 hard 0 soft 1 temp 1 loss 4.31 i_con 4.18 plddt 0.26 ptm 0.87 i_ptm 0.27 energy 1.13
19 models [0] recycles 0 hard 0 soft 1 temp 1 loss 4.21 i_con 4.08 plddt 0.27 ptm 0.84 i_ptm 0.29 energy 1.24
20 models [4] recycles 0 hard 0 soft 1 temp 1 loss 3.95 i_con 3.83 plddt 0.33 ptm 0.88 i_ptm 0.47 energy 1.12
21 models [3] recycles 0 hard 0 soft 1 temp 1 loss 3.86 i_con 3.75 plddt 0.32 ptm 0.85 i_ptm 0.44 energy 0.88
22 models [1] recycles 0 hard 0 soft 1 temp 1 loss 5.37 i_con 5.27 plddt 0.22 ptm 0.85 i_ptm 0.14 energy 0.42
23 models [3] recycles 0 hard 0 soft 1 temp 1 loss 3.90 i_con 3.81 plddt 0.35 ptm 0.86 i_ptm 0.42 energy 0.52
24 models [3] recycles 0 hard 0 soft 1 temp 1 loss 3.76 i_con 3.69 plddt 0.36 ptm 0.87 i_ptm 0.45 energy 0.16
25 models [0] recycles 0 hard 0 soft 1 temp 1 loss 4.07 i_con 4.01 plddt 0.28 ptm 0.85 i_ptm 0.35 energy -0.17
26 models [2] recycles 0 hard 0 soft 1 temp 1 loss 3.82 i_con 3.78 plddt 0.40 ptm 0.87 i_ptm 0.52 energy -0.29
27 models [0] recycles 0 hard 0 soft 1 temp 1 loss 4.09 i_con 4.06 plddt 0.29 ptm 0.84 i_ptm 0.33 energy -0.76
28 models [4] recycles 0 hard 0 soft 1 temp 1 loss 3.91 i_con 3.89 plddt 0.32 ptm 0.88 i_ptm 0.45 energy -0.97
29 models [3] recycles 0 hard 0 soft 1 temp 1 loss 3.78 i_con 3.77 plddt 0.38 ptm 0.86 i_ptm 0.46 energy -0.91
30 models [0] recycles 0 hard 0 soft 1 temp 1 loss 4.07 i_con 4.05 plddt 0.29 ptm 0.85 i_ptm 0.33 energy -1.04
31 models [3] recycles 0 hard 0 soft 1 temp 1 loss 4.01 i_con 3.99 plddt 0.27 ptm 0.85 i_ptm 0.32 energy -1.07
32 models [2] recycles 0 hard 0 soft 1 temp 1 loss 3.72 i_con 3.72 plddt 0.42 ptm 0.87 i_ptm 0.54 energy -1.26
33 models [4] recycles 0 hard 0 soft 1 temp 1 loss 3.91 i_con 3.91 plddt 0.32 ptm 0.88 i_ptm 0.43 energy -1.40
34 models [1] recycles 0 hard 0 soft 1 temp 1 loss 4.00 i_con 4.00 plddt 0.31 ptm 0.86 i_ptm 0.33 energy -1.57
35 models [1] recycles 0 hard 0 soft 1 temp 1 loss 4.49 i_con 4.49 plddt 0.23 ptm 0.86 i_ptm 0.14 energy -1.51
36 models [4] recycles 0 hard 0 soft 1 temp 1 loss 3.80 i_con 3.80 plddt 0.35 ptm 0.89 i_ptm 0.49 energy -1.36
37 models [1] recycles 0 hard 0 soft 1 temp 1 loss 4.33 i_con 4.34 plddt 0.23 ptm 0.86 i_ptm 0.18 energy -1.67
38 models [2] recycles 0 hard 0 soft 1 temp 1 loss 3.78 i_con 3.79 plddt 0.39 ptm 0.87 i_ptm 0.52 energy -1.52
39 models [2] recycles 0 hard 0 soft 1 temp 1 loss 3.71 i_con 3.74 plddt 0.37 ptm 0.87 i_ptm 0.50 energy -1.87
40 models [4] recycles 0 hard 0 soft 1 temp 1 loss 3.66 i_con 3.71 plddt 0.36 ptm 0.88 i_ptm 0.50 energy -2.23
41 models [0] recycles 0 hard 0 soft 1 temp 1 loss 3.87 i_con 3.92 plddt 0.33 ptm 0.84 i_ptm 0.41 energy -2.30
42 models [4] recycles 0 hard 0 soft 1 temp 1 loss 3.69 i_con 3.73 plddt 0.33 ptm 0.88 i_ptm 0.45 energy -2.30
43 models [0] recycles 0 hard 0 soft 1 temp 1 loss 3.82 i_con 3.87 plddt 0.35 ptm 0.85 i_ptm 0.42 energy -2.33
44 models [4] recycles 0 hard 0 soft 1 temp 1 loss 3.63 i_con 3.68 plddt 0.33 ptm 0.89 i_ptm 0.47 energy -2.37
45 models [3] recycles 0 hard 0 soft 1 temp 1 loss 5.70 i_con 5.74 plddt 0.25 ptm 0.85 i_ptm 0.17 energy -2.39
46 models [0] recycles 0 hard 0 soft 1 temp 1 loss 3.87 i_con 3.92 plddt 0.32 ptm 0.84 i_ptm 0.38 energy -2.37
47 models [2] recycles 0 hard 0 soft 1 temp 1 loss 3.65 i_con 3.71 plddt 0.37 ptm 0.87 i_ptm 0.51 energy -2.49
48 models [0] recycles 0 hard 0 soft 1 temp 1 loss 3.72 i_con 3.79 plddt 0.37 ptm 0.85 i_ptm 0.45 energy -2.74
49 models [3] recycles 0 hard 0 soft 1 temp 1 loss 3.64 i_con 3.72 plddt 0.36 ptm 0.86 i_ptm 0.46 energy -2.89
50 models [0] recycles 0 hard 0 soft 1 temp 1 loss 3.85 i_con 3.93 plddt 0.36 ptm 0.85 i_ptm 0.42 energy -2.89
51 models [1] recycles 0 hard 0 soft 1 temp 1 loss 3.38 i_con 3.90 plddt 0.30 ptm 0.87 i_ptm 0.38 energy -2.94
52 models [4] recycles 0 hard 0 soft 1 temp 1 loss 3.12 i_con 3.65 plddt 0.36 ptm 0.89 i_ptm 0.53 energy -2.94
53 models [1] recycles 0 hard 0 soft 1 temp 1 loss 3.42 i_con 3.99 plddt 0.29 ptm 0.87 i_ptm 0.36 energy -3.21
54 models [2] recycles 0 hard 0 soft 1 temp 1 loss 3.10 i_con 3.69 plddt 0.40 ptm 0.87 i_ptm 0.50 energy -3.29
55 models [1] recycles 0 hard 0 soft 1 temp 1 loss 3.29 i_con 3.92 plddt 0.29 ptm 0.87 i_ptm 0.38 energy -3.55
56 models [1] recycles 0 hard 0 soft 1 temp 1 loss 3.88 i_con 4.52 plddt 0.24 ptm 0.86 i_ptm 0.20 energy -3.59
57 models [4] recycles 0 hard 0 soft 1 temp 1 loss 3.04 i_con 3.74 plddt 0.36 ptm 0.89 i_ptm 0.50 energy -3.86
58 models [3] recycles 0 hard 0 soft 1 temp 1 loss 3.39 i_con 4.14 plddt 0.27 ptm 0.84 i_ptm 0.29 energy -4.11
59 models [4] recycles 0 hard 0 soft 1 temp 1 loss 2.97 i_con 3.70 plddt 0.34 ptm 0.89 i_ptm 0.51 energy -3.96
60 models [2] recycles 0 hard 0 soft 1 temp 1 loss 3.00 i_con 3.77 plddt 0.35 ptm 0.87 i_ptm 0.46 energy -4.22
61 models [3] recycles 0 hard 0 soft 1 temp 1 loss 3.02 i_con 3.83 plddt 0.32 ptm 0.86 i_ptm 0.43 energy -4.38
62 models [0] recycles 0 hard 0 soft 1 temp 1 loss 3.10 i_con 3.96 plddt 0.36 ptm 0.84 i_ptm 0.41 energy -4.58
63 models [0] recycles 0 hard 0 soft 1 temp 1 loss 2.98 i_con 3.86 plddt 0.36 ptm 0.85 i_ptm 0.43 energy -4.74
64 models [2] recycles 0 hard 0 soft 1 temp 1 loss 2.77 i_con 3.71 plddt 0.36 ptm 0.87 i_ptm 0.49 energy -5.00
65 models [1] recycles 0 hard 0 soft 1 temp 1 loss 4.56 i_con 5.52 plddt 0.24 ptm 0.86 i_ptm 0.15 energy -5.15
66 models [4] recycles 0 hard 0 soft 1 temp 1 loss 2.80 i_con 3.71 plddt 0.35 ptm 0.89 i_ptm 0.48 energy -4.88
67 models [1] recycles 0 hard 0 soft 1 temp 1 loss 3.17 i_con 4.14 plddt 0.26 ptm 0.86 i_ptm 0.29 energy -5.21
68 models [1] recycles 0 hard 0 soft 1 temp 1 loss 3.41 i_con 4.33 plddt 0.22 ptm 0.86 i_ptm 0.20 energy -5.02
69 models [0] recycles 0 hard 0 soft 1 temp 1 loss 3.01 i_con 3.91 plddt 0.32 ptm 0.84 i_ptm 0.41 energy -4.87
70 models [1] recycles 0 hard 0 soft 1 temp 1 loss 3.27 i_con 4.23 plddt 0.24 ptm 0.86 i_ptm 0.26 energy -5.16
71 models [4] recycles 0 hard 0 soft 1 temp 1 loss 2.79 i_con 3.71 plddt 0.33 ptm 0.88 i_ptm 0.45 energy -4.94
72 models [3] recycles 0 hard 0 soft 1 temp 1 loss 2.78 i_con 3.75 plddt 0.35 ptm 0.86 i_ptm 0.46 energy -5.17
73 models [3] recycles 0 hard 0 soft 1 temp 1 loss 2.82 i_con 3.84 plddt 0.31 ptm 0.86 i_ptm 0.42 energy -5.46
74 models [0] recycles 0 hard 0 soft 1 temp 1 loss 2.89 i_con 3.94 plddt 0.32 ptm 0.85 i_ptm 0.39 energy -5.62
75 models [2] recycles 0 hard 0 soft 1 temp 1 loss 2.75 i_con 3.86 plddt 0.34 ptm 0.86 i_ptm 0.42 energy -5.89
76 models [2] recycles 0 hard 0 soft 1 temp 1 loss 2.64 i_con 3.79 plddt 0.36 ptm 0.87 i_ptm 0.46 energy -6.09
77 models [3] recycles 0 hard 0 soft 1 temp 1 loss 2.64 i_con 3.82 plddt 0.33 ptm 0.86 i_ptm 0.45 energy -6.27
78 models [3] recycles 0 hard 0 soft 1 temp 1 loss 3.38 i_con 4.59 plddt 0.29 ptm 0.84 i_ptm 0.21 energy -6.45
79 models [0] recycles 0 hard 0 soft 1 temp 1 loss 2.76 i_con 4.00 plddt 0.33 ptm 0.84 i_ptm 0.36 energy -6.56
80 models [3] recycles 0 hard 0 soft 1 temp 1 loss 2.50 i_con 3.76 plddt 0.34 ptm 0.86 i_ptm 0.45 energy -6.61
81 models [4] recycles 0 hard 0 soft 1 temp 1 loss 2.49 i_con 3.77 plddt 0.30 ptm 0.88 i_ptm 0.43 energy -6.75
82 models [2] recycles 0 hard 0 soft 1 temp 1 loss 2.54 i_con 3.84 plddt 0.33 ptm 0.87 i_ptm 0.45 energy -6.81
83 models [0] recycles 0 hard 0 soft 1 temp 1 loss 2.63 i_con 3.94 plddt 0.33 ptm 0.84 i_ptm 0.41 energy -6.90
84 models [0] recycles 0 hard 0 soft 1 temp 1 loss 2.64 i_con 3.95 plddt 0.33 ptm 0.84 i_ptm 0.40 energy -6.89
85 models [0] recycles 0 hard 0 soft 1 temp 1 loss 2.54 i_con 3.88 plddt 0.34 ptm 0.85 i_ptm 0.44 energy -7.03
86 models [1] recycles 0 hard 0 soft 1 temp 1 loss 4.44 i_con 5.77 plddt 0.25 ptm 0.86 i_ptm 0.16 energy -7.02
87 models [3] recycles 0 hard 0 soft 1 temp 1 loss 2.38 i_con 3.73 plddt 0.35 ptm 0.87 i_ptm 0.47 energy -7.05
88 models [1] recycles 0 hard 0 soft 1 temp 1 loss 3.88 i_con 5.25 plddt 0.24 ptm 0.85 i_ptm 0.12 energy -7.20
89 models [4] recycles 0 hard 0 soft 1 temp 1 loss 2.38 i_con 3.74 plddt 0.33 ptm 0.88 i_ptm 0.44 energy -7.12
90 models [4] recycles 0 hard 0 soft 1 temp 1 loss 2.39 i_con 3.75 plddt 0.33 ptm 0.87 i_ptm 0.43 energy -7.18
91 models [1] recycles 0 hard 0 soft 1 temp 1 loss 4.07 i_con 5.46 plddt 0.25 ptm 0.86 i_ptm 0.12 energy -7.30
92 models [2] recycles 0 hard 0 soft 1 temp 1 loss 2.41 i_con 3.79 plddt 0.37 ptm 0.86 i_ptm 0.46 energy -7.22
93 models [1] recycles 0 hard 0 soft 1 temp 1 loss 4.17 i_con 5.55 plddt 0.23 ptm 0.85 i_ptm 0.14 energy -7.27
94 models [0] recycles 0 hard 0 soft 1 temp 1 loss 2.97 i_con 4.35 plddt 0.28 ptm 0.83 i_ptm 0.21 energy -7.25
95 models [1] recycles 0 hard 0 soft 1 temp 1 loss 3.97 i_con 5.32 plddt 0.21 ptm 0.85 i_ptm 0.13 energy -7.16
96 models [3] recycles 0 hard 0 soft 1 temp 1 loss 2.83 i_con 4.19 plddt 0.25 ptm 0.85 i_ptm 0.16 energy -7.20
97 models [3] recycles 0 hard 0 soft 1 temp 1 loss 2.72 i_con 4.09 plddt 0.28 ptm 0.85 i_ptm 0.31 energy -7.21
98 models [1] recycles 0 hard 0 soft 1 temp 1 loss 3.08 i_con 4.44 plddt 0.25 ptm 0.85 i_ptm 0.18 energy -7.19
99 models [1] recycles 0 hard 0 soft 1 temp 1 loss 3.90 i_con 5.24 plddt 0.24 ptm 0.85 i_ptm 0.15 energy -7.08
100 models [1] recycles 0 hard 0 soft 1 temp 1 loss 2.91 i_con 4.25 plddt 0.26 ptm 0.85 i_ptm 0.27 energy -7.09
101 models [3] recycles 0 hard 0 soft 0 temp 1 loss 4.10 i_con 5.74 plddt 0.25 ptm 0.85 i_ptm 0.19 energy -34.44
102 models [0] recycles 0 hard 0 soft 0 temp 0.98 loss 3.91 i_con 5.57 plddt 0.26 ptm 0.82 i_ptm 0.16 energy -34.64
103 models [2] recycles 0 hard 0 soft 0 temp 0.96 loss 4.07 i_con 5.74 plddt 0.27 ptm 0.85 i_ptm 0.17 energy -34.86
104 models [2] recycles 0 hard 0 soft 0 temp 0.94 loss 3.69 i_con 5.35 plddt 0.26 ptm 0.85 i_ptm 0.15 energy -34.81
105 models [1] recycles 0 hard 0 soft 0 temp 0.92 loss 4.72 i_con 6.39 plddt 0.27 ptm 0.86 i_ptm 0.16 energy -34.98
106 models [0] recycles 0 hard 0 soft 0 temp 0.90 loss 3.05 i_con 4.73 plddt 0.23 ptm 0.83 i_ptm 0.13 energy -35.24
107 models [4] recycles 0 hard 0 soft 0 temp 0.88 loss 3.79 i_con 5.49 plddt 0.21 ptm 0.87 i_ptm 0.12 energy -35.58
108 models [2] recycles 0 hard 0 soft 0 temp 0.86 loss 2.51 i_con 4.22 plddt 0.28 ptm 0.86 i_ptm 0.30 energy -35.68
109 models [3] recycles 0 hard 0 soft 0 temp 0.84 loss 3.06 i_con 4.79 plddt 0.22 ptm 0.84 i_ptm 0.12 energy -36.09
110 models [1] recycles 0 hard 0 soft 0 temp 0.82 loss 4.13 i_con 5.85 plddt 0.23 ptm 0.86 i_ptm 0.15 energy -36.06
111 models [4] recycles 0 hard 0 soft 0 temp 0.80 loss 3.62 i_con 5.37 plddt 0.23 ptm 0.87 i_ptm 0.18 energy -36.52
112 models [0] recycles 0 hard 0 soft 0 temp 0.78 loss 2.32 i_con 4.08 plddt 0.27 ptm 0.84 i_ptm 0.32 energy -36.67
113 models [0] recycles 0 hard 0 soft 0 temp 0.76 loss 2.50 i_con 4.31 plddt 0.24 ptm 0.83 i_ptm 0.21 energy -37.78
114 models [1] recycles 0 hard 0 soft 0 temp 0.74 loss 2.59 i_con 4.42 plddt 0.23 ptm 0.86 i_ptm 0.18 energy -38.11
115 models [0] recycles 0 hard 0 soft 0 temp 0.72 loss 2.28 i_con 4.12 plddt 0.27 ptm 0.84 i_ptm 0.29 energy -38.37
116 models [1] recycles 0 hard 0 soft 0 temp 0.70 loss 3.89 i_con 5.80 plddt 0.25 ptm 0.85 i_ptm 0.14 energy -39.65
117 models [0] recycles 0 hard 0 soft 0 temp 0.68 loss 2.22 i_con 4.14 plddt 0.26 ptm 0.84 i_ptm 0.29 energy -39.77
118 models [1] recycles 0 hard 0 soft 0 temp 0.66 loss 3.57 i_con 5.52 plddt 0.26 ptm 0.86 i_ptm 0.14 energy -40.40
119 models [0] recycles 0 hard 0 soft 0 temp 0.64 loss 2.07 i_con 4.03 plddt 0.29 ptm 0.84 i_ptm 0.35 energy -40.62
120 models [0] recycles 0 hard 0 soft 0 temp 0.62 loss 2.05 i_con 4.07 plddt 0.26 ptm 0.84 i_ptm 0.32 energy -42.01
121 models [3] recycles 0 hard 0 soft 0 temp 0.60 loss 1.88 i_con 3.99 plddt 0.28 ptm 0.85 i_ptm 0.32 energy -43.71
122 models [3] recycles 0 hard 0 soft 0 temp 0.58 loss 2.85 i_con 4.98 plddt 0.22 ptm 0.84 i_ptm 0.13 energy -44.13
123 models [0] recycles 0 hard 0 soft 0 temp 0.56 loss 1.87 i_con 4.00 plddt 0.29 ptm 0.85 i_ptm 0.35 energy -44.03
124 models [1] recycles 0 hard 0 soft 0 temp 0.54 loss 3.39 i_con 5.55 plddt 0.24 ptm 0.86 i_ptm 0.16 energy -44.73
125 models [2] recycles 0 hard 0 soft 0 temp 0.52 loss 1.76 i_con 3.95 plddt 0.29 ptm 0.87 i_ptm 0.37 energy -45.09
126 models [0] recycles 0 hard 0 soft 0 temp 0.50 loss 1.65 i_con 3.88 plddt 0.32 ptm 0.85 i_ptm 0.38 energy -45.93
127 models [2] recycles 0 hard 0 soft 0 temp 0.48 loss 1.62 i_con 3.89 plddt 0.32 ptm 0.87 i_ptm 0.42 energy -46.67
128 models [2] recycles 0 hard 0 soft 0 temp 0.46 loss 1.50 i_con 3.81 plddt 0.34 ptm 0.87 i_ptm 0.45 energy -47.48
129 models [3] recycles 0 hard 0 soft 0 temp 0.44 loss 1.70 i_con 4.07 plddt 0.26 ptm 0.85 i_ptm 0.30 energy -48.72
130 models [4] recycles 0 hard 0 soft 0 temp 0.42 loss 1.29 i_con 3.65 plddt 0.35 ptm 0.89 i_ptm 0.47 energy -48.52
131 models [0] recycles 0 hard 0 soft 0 temp 0.40 loss 1.55 i_con 3.97 plddt 0.29 ptm 0.84 i_ptm 0.35 energy -49.72
132 models [3] recycles 0 hard 0 soft 0 temp 0.38 loss 1.45 i_con 3.93 plddt 0.29 ptm 0.86 i_ptm 0.38 energy -50.94
133 models [4] recycles 0 hard 0 soft 0 temp 0.36 loss 1.27 i_con 3.80 plddt 0.32 ptm 0.89 i_ptm 0.41 energy -51.90
134 models [4] recycles 0 hard 0 soft 0 temp 0.34 loss 1.20 i_con 3.74 plddt 0.32 ptm 0.88 i_ptm 0.45 energy -52.25
135 models [0] recycles 0 hard 0 soft 0 temp 0.32 loss 1.38 i_con 3.94 plddt 0.30 ptm 0.84 i_ptm 0.38 energy -52.46
136 models [2] recycles 0 hard 0 soft 0 temp 0.30 loss 1.22 i_con 3.83 plddt 0.34 ptm 0.87 i_ptm 0.42 energy -53.57
137 models [4] recycles 0 hard 0 soft 0 temp 0.28 loss 1.37 i_con 4.02 plddt 0.29 ptm 0.88 i_ptm 0.32 energy -54.41
138 models [1] recycles 0 hard 0 soft 0 temp 0.26 loss 3.03 i_con 5.67 plddt 0.25 ptm 0.86 i_ptm 0.14 energy -54.35
139 models [3] recycles 0 hard 0 soft 0 temp 0.24 loss 1.29 i_con 3.94 plddt 0.31 ptm 0.86 i_ptm 0.37 energy -54.34
140 models [1] recycles 0 hard 0 soft 0 temp 0.22 loss 2.49 i_con 5.15 plddt 0.23 ptm 0.86 i_ptm 0.12 energy -54.67
141 models [3] recycles 0 hard 0 soft 0 temp 0.20 loss 1.20 i_con 3.87 plddt 0.32 ptm 0.87 i_ptm 0.40 energy -54.82
142 models [2] recycles 0 hard 0 soft 0 temp 0.18 loss 1.16 i_con 3.90 plddt 0.32 ptm 0.88 i_ptm 0.39 energy -56.14
143 models [3] recycles 0 hard 0 soft 0 temp 0.16 loss 1.12 i_con 3.88 plddt 0.30 ptm 0.86 i_ptm 0.39 energy -56.55
144 models [2] recycles 0 hard 0 soft 0 temp 0.14 loss 1.01 i_con 3.83 plddt 0.34 ptm 0.88 i_ptm 0.44 energy -57.70
145 models [4] recycles 0 hard 0 soft 0 temp 0.12 loss 0.80 i_con 3.67 plddt 0.36 ptm 0.89 i_ptm 0.46 energy -58.70
146 models [3] recycles 0 hard 0 soft 0 temp 0.10 loss 0.93 i_con 3.82 plddt 0.30 ptm 0.86 i_ptm 0.41 energy -59.17
147 models [4] recycles 0 hard 0 soft 0 temp 0.08 loss 0.75 i_con 3.69 plddt 0.34 ptm 0.88 i_ptm 0.45 energy -60.16
148 models [2] recycles 0 hard 0 soft 0 temp 0.06 loss 0.75 i_con 3.75 plddt 0.35 ptm 0.87 i_ptm 0.45 energy -61.44
149 models [3] recycles 0 hard 0 soft 0 temp 0.04 loss 1.99 i_con 5.04 plddt 0.21 ptm 0.81 i_ptm 0.10 energy -62.71
150 models [1] recycles 0 hard 0 soft 0 temp 0.02 loss 2.46 i_con 5.53 plddt 0.26 ptm 0.86 i_ptm 0.14 energy -62.84
151 models [0] recycles 0 hard 1 soft 0 temp 0.00 loss 0.16 i_con 3.87 plddt 0.28 ptm 0.85 i_ptm 0.44 energy -7.56
152 models [3] recycles 0 hard 1 soft 0 temp 0.00 loss 0.22 i_con 3.93 plddt 0.27 ptm 0.85 i_ptm 0.40 energy -7.56
153 models [1] recycles 0 hard 1 soft 0 temp 0.00 loss 1.90 i_con 5.60 plddt 0.21 ptm 0.85 i_ptm 0.19 energy -7.56
154 models [0] recycles 0 hard 1 soft 0 temp 0.00 loss 0.16 i_con 3.87 plddt 0.28 ptm 0.85 i_ptm 0.44 energy -7.56
155 models [1] recycles 0 hard 1 soft 0 temp 0.00 loss 1.90 i_con 5.60 plddt 0.21 ptm 0.85 i_ptm 0.19 energy -7.56
156 models [2] recycles 0 hard 1 soft 0 temp 0.00 loss 0.20 i_con 3.90 plddt 0.26 ptm 0.86 i_ptm 0.41 energy -7.56
157 models [1] recycles 0 hard 1 soft 0 temp 0.00 loss 1.90 i_con 5.60 plddt 0.21 ptm 0.85 i_ptm 0.19 energy -7.56
158 models [0] recycles 0 hard 1 soft 0 temp 0.00 loss 0.16 i_con 3.87 plddt 0.28 ptm 0.85 i_ptm 0.44 energy -7.56
159 models [4] recycles 0 hard 1 soft 0 temp 0.00 loss 0.54 i_con 4.25 plddt 0.20 ptm 0.87 i_ptm 0.25 energy -7.56
160 models [3] recycles 0 hard 1 soft 0 temp 0.00 loss 0.22 i_con 3.93 plddt 0.27 ptm 0.85 i_ptm 0.40 energy -7.56
161 models [4] recycles 0 hard 1 soft 0 temp 0.00 loss 0.54 i_con 4.25 plddt 0.20 ptm 0.87 i_ptm 0.25 energy -7.56
162 models [4] recycles 0 hard 1 soft 0 temp 0.00 loss 0.54 i_con 4.25 plddt 0.20 ptm 0.87 i_ptm 0.25 energy -7.56
163 models [0] recycles 0 hard 1 soft 0 temp 0.00 loss 0.16 i_con 3.87 plddt 0.28 ptm 0.85 i_ptm 0.44 energy -7.56
164 models [0] recycles 0 hard 1 soft 0 temp 0.00 loss 0.16 i_con 3.87 plddt 0.28 ptm 0.85 i_ptm 0.44 energy -7.56
165 models [1] recycles 0 hard 1 soft 0 temp 0.00 loss 1.90 i_con 5.60 plddt 0.21 ptm 0.85 i_ptm 0.19 energy -7.56
166 models [0] recycles 0 hard 1 soft 0 temp 0.00 loss 0.16 i_con 3.87 plddt 0.28 ptm 0.85 i_ptm 0.44 energy -7.56
167 models [1] recycles 0 hard 1 soft 0 temp 0.00 loss 1.90 i_con 5.60 plddt 0.21 ptm 0.85 i_ptm 0.19 energy -7.56
168 models [4] recycles 0 hard 1 soft 0 temp 0.00 loss 0.54 i_con 4.25 plddt 0.20 ptm 0.87 i_ptm 0.25 energy -7.56
169 models [3] recycles 0 hard 1 soft 0 temp 0.00 loss 0.22 i_con 3.93 plddt 0.27 ptm 0.85 i_ptm 0.40 energy -7.56
170 models [0] recycles 0 hard 1 soft 0 temp 0.00 loss 0.16 i_con 3.87 plddt 0.28 ptm 0.85 i_ptm 0.44 energy -7.56
171 models [4] recycles 0 hard 1 soft 0 temp 0.00 loss 0.54 i_con 4.25 plddt 0.20 ptm 0.87 i_ptm 0.25 energy -7.56
172 models [4] recycles 0 hard 1 soft 0 temp 0.00 loss 0.54 i_con 4.25 plddt 0.20 ptm 0.87 i_ptm 0.25 energy -7.56
173 models [3] recycles 0 hard 1 soft 0 temp 0.00 loss 0.22 i_con 3.93 plddt 0.27 ptm 0.85 i_ptm 0.40 energy -7.56
174 models [2] recycles 0 hard 1 soft 0 temp 0.00 loss 0.20 i_con 3.90 plddt 0.26 ptm 0.86 i_ptm 0.41 energy -7.56
175 models [2] recycles 0 hard 1 soft 0 temp 0.00 loss 0.20 i_con 3.90 plddt 0.26 ptm 0.86 i_ptm 0.41 energy -7.56
176 models [2] recycles 0 hard 1 soft 0 temp 0.00 loss 0.20 i_con 3.90 plddt 0.26 ptm 0.86 i_ptm 0.41 energy -7.56
177 models [0] recycles 0 hard 1 soft 0 temp 0.00 loss 0.16 i_con 3.87 plddt 0.28 ptm 0.85 i_ptm 0.44 energy -7.56
178 models [4] recycles 0 hard 1 soft 0 temp 0.00 loss 0.54 i_con 4.25 plddt 0.20 ptm 0.87 i_ptm 0.25 energy -7.56
179 models [4] recycles 0 hard 1 soft 0 temp 0.00 loss 0.54 i_con 4.25 plddt 0.20 ptm 0.87 i_ptm 0.25 energy -7.56
180 models [4] recycles 0 hard 1 soft 0 temp 0.00 loss 0.54 i_con 4.25 plddt 0.20 ptm 0.87 i_ptm 0.25 energy -7.56
  seq=AIGWWWMDVNYYAFA  loss=0.5442  loss_af=4.3256  energy=-7.5628  i_ptm=0.2548
[19/30] seed=18 ...
1 models [0] recycles 0 hard 0 soft 1 temp 1 loss 4.82 i_con 4.37 plddt 0.25 ptm 0.84 i_ptm 0.22 energy 7.35
2 models [0] recycles 0 hard 0 soft 1 temp 1 loss 4.53 i_con 4.10 plddt 0.27 ptm 0.84 i_ptm 0.33 energy 7.14
3 models [2] recycles 0 hard 0 soft 1 temp 1 loss 4.29 i_con 3.89 plddt 0.31 ptm 0.86 i_ptm 0.42 energy 6.64
4 models [3] recycles 0 hard 0 soft 1 temp 1 loss 4.15 i_con 3.79 plddt 0.33 ptm 0.86 i_ptm 0.44 energy 5.87
5 models [3] recycles 0 hard 0 soft 1 temp 1 loss 4.15 i_con 3.84 plddt 0.33 ptm 0.86 i_ptm 0.44 energy 4.98
6 models [1] recycles 0 hard 0 soft 1 temp 1 loss 4.51 i_con 4.22 plddt 0.23 ptm 0.86 i_ptm 0.24 energy 4.20
7 models [2] recycles 0 hard 0 soft 1 temp 1 loss 4.44 i_con 4.17 plddt 0.26 ptm 0.86 i_ptm 0.29 energy 3.97
8 models [0] recycles 0 hard 0 soft 1 temp 1 loss 4.32 i_con 4.07 plddt 0.31 ptm 0.85 i_ptm 0.35 energy 3.78
9 models [1] recycles 0 hard 0 soft 1 temp 1 loss 5.15 i_con 4.90 plddt 0.22 ptm 0.86 i_ptm 0.19 energy 3.34
10 models [1] recycles 0 hard 0 soft 1 temp 1 loss 5.31 i_con 5.07 plddt 0.21 ptm 0.86 i_ptm 0.14 energy 3.23
11 models [1] recycles 0 hard 0 soft 1 temp 1 loss 5.22 i_con 4.97 plddt 0.19 ptm 0.86 i_ptm 0.11 energy 3.21
12 models [3] recycles 0 hard 0 soft 1 temp 1 loss 3.97 i_con 3.75 plddt 0.34 ptm 0.86 i_ptm 0.45 energy 3.06
13 models [4] recycles 0 hard 0 soft 1 temp 1 loss 4.07 i_con 3.88 plddt 0.35 ptm 0.89 i_ptm 0.42 energy 2.61
14 models [3] recycles 0 hard 0 soft 1 temp 1 loss 3.77 i_con 3.59 plddt 0.39 ptm 0.87 i_ptm 0.55 energy 2.34
15 models [0] recycles 0 hard 0 soft 1 temp 1 loss 4.09 i_con 3.91 plddt 0.34 ptm 0.84 i_ptm 0.42 energy 2.14
16 models [3] recycles 0 hard 0 soft 1 temp 1 loss 3.84 i_con 3.68 plddt 0.37 ptm 0.87 i_ptm 0.51 energy 1.94
17 models [3] recycles 0 hard 0 soft 1 temp 1 loss 3.79 i_con 3.64 plddt 0.40 ptm 0.86 i_ptm 0.53 energy 1.71
18 models [1] recycles 0 hard 0 soft 1 temp 1 loss 4.31 i_con 4.16 plddt 0.26 ptm 0.87 i_ptm 0.27 energy 1.46
19 models [3] recycles 0 hard 0 soft 1 temp 1 loss 3.81 i_con 3.68 plddt 0.36 ptm 0.86 i_ptm 0.51 energy 1.31
20 models [3] recycles 0 hard 0 soft 1 temp 1 loss 3.63 i_con 3.52 plddt 0.40 ptm 0.87 i_ptm 0.58 energy 1.06
21 models [2] recycles 0 hard 0 soft 1 temp 1 loss 3.86 i_con 3.74 plddt 0.39 ptm 0.87 i_ptm 0.51 energy 1.00
22 models [0] recycles 0 hard 0 soft 1 temp 1 loss 3.95 i_con 3.85 plddt 0.38 ptm 0.85 i_ptm 0.45 energy 0.70
23 models [3] recycles 0 hard 0 soft 1 temp 1 loss 3.75 i_con 3.66 plddt 0.37 ptm 0.87 i_ptm 0.51 energy 0.54
24 models [2] recycles 0 hard 0 soft 1 temp 1 loss 4.01 i_con 3.94 plddt 0.35 ptm 0.86 i_ptm 0.44 energy 0.10
25 models [0] recycles 0 hard 0 soft 1 temp 1 loss 3.88 i_con 3.82 plddt 0.38 ptm 0.85 i_ptm 0.46 energy 0.00
26 models [4] recycles 0 hard 0 soft 1 temp 1 loss 4.11 i_con 4.05 plddt 0.31 ptm 0.88 i_ptm 0.36 energy -0.15
27 models [1] recycles 0 hard 0 soft 1 temp 1 loss 4.07 i_con 4.01 plddt 0.31 ptm 0.86 i_ptm 0.34 energy -0.17
28 models [0] recycles 0 hard 0 soft 1 temp 1 loss 3.96 i_con 3.91 plddt 0.36 ptm 0.85 i_ptm 0.44 energy -0.37
29 models [3] recycles 0 hard 0 soft 1 temp 1 loss 3.63 i_con 3.59 plddt 0.40 ptm 0.87 i_ptm 0.56 energy -0.44
30 models [0] recycles 0 hard 0 soft 1 temp 1 loss 3.91 i_con 3.87 plddt 0.38 ptm 0.85 i_ptm 0.41 energy -0.38
31 models [0] recycles 0 hard 0 soft 1 temp 1 loss 3.84 i_con 3.80 plddt 0.39 ptm 0.85 i_ptm 0.47 energy -0.44
32 models [0] recycles 0 hard 0 soft 1 temp 1 loss 4.10 i_con 4.07 plddt 0.32 ptm 0.84 i_ptm 0.31 energy -0.64
33 models [3] recycles 0 hard 0 soft 1 temp 1 loss 3.67 i_con 3.64 plddt 0.41 ptm 0.87 i_ptm 0.55 energy -0.68
34 models [3] recycles 0 hard 0 soft 1 temp 1 loss 3.63 i_con 3.61 plddt 0.40 ptm 0.87 i_ptm 0.58 energy -0.83
35 models [2] recycles 0 hard 0 soft 1 temp 1 loss 3.73 i_con 3.71 plddt 0.37 ptm 0.88 i_ptm 0.53 energy -0.89
36 models [4] recycles 0 hard 0 soft 1 temp 1 loss 3.75 i_con 3.74 plddt 0.41 ptm 0.88 i_ptm 0.52 energy -0.95
37 models [4] recycles 0 hard 0 soft 1 temp 1 loss 3.63 i_con 3.62 plddt 0.42 ptm 0.89 i_ptm 0.56 energy -1.06
38 models [1] recycles 0 hard 0 soft 1 temp 1 loss 3.81 i_con 3.80 plddt 0.37 ptm 0.87 i_ptm 0.44 energy -1.14
39 models [3] recycles 0 hard 0 soft 1 temp 1 loss 3.61 i_con 3.60 plddt 0.40 ptm 0.87 i_ptm 0.57 energy -1.07
40 models [0] recycles 0 hard 0 soft 1 temp 1 loss 3.80 i_con 3.80 plddt 0.41 ptm 0.84 i_ptm 0.47 energy -1.09
41 models [2] recycles 0 hard 0 soft 1 temp 1 loss 3.67 i_con 3.67 plddt 0.46 ptm 0.87 i_ptm 0.57 energy -1.08
42 models [4] recycles 0 hard 0 soft 1 temp 1 loss 3.63 i_con 3.64 plddt 0.43 ptm 0.89 i_ptm 0.56 energy -1.25
43 models [2] recycles 0 hard 0 soft 1 temp 1 loss 3.67 i_con 3.68 plddt 0.42 ptm 0.87 i_ptm 0.54 energy -1.27
44 models [4] recycles 0 hard 0 soft 1 temp 1 loss 3.70 i_con 3.71 plddt 0.40 ptm 0.89 i_ptm 0.52 energy -1.47
45 models [4] recycles 0 hard 0 soft 1 temp 1 loss 3.55 i_con 3.57 plddt 0.46 ptm 0.89 i_ptm 0.58 energy -1.51
46 models [4] recycles 0 hard 0 soft 1 temp 1 loss 3.60 i_con 3.62 plddt 0.43 ptm 0.89 i_ptm 0.58 energy -1.55
47 models [3] recycles 0 hard 0 soft 1 temp 1 loss 3.60 i_con 3.62 plddt 0.41 ptm 0.87 i_ptm 0.54 energy -1.65
48 models [4] recycles 0 hard 0 soft 1 temp 1 loss 3.73 i_con 3.76 plddt 0.38 ptm 0.89 i_ptm 0.49 energy -1.75
49 models [2] recycles 0 hard 0 soft 1 temp 1 loss 3.56 i_con 3.60 plddt 0.47 ptm 0.88 i_ptm 0.59 energy -1.80
50 models [2] recycles 0 hard 0 soft 1 temp 1 loss 3.66 i_con 3.68 plddt 0.40 ptm 0.87 i_ptm 0.55 energy -1.68
51 models [4] recycles 0 hard 0 soft 1 temp 1 loss 3.50 i_con 3.81 plddt 0.33 ptm 0.89 i_ptm 0.45 energy -1.91
52 models [4] recycles 0 hard 0 soft 1 temp 1 loss 3.34 i_con 3.68 plddt 0.43 ptm 0.89 i_ptm 0.54 energy -1.97
53 models [4] recycles 0 hard 0 soft 1 temp 1 loss 3.15 i_con 3.50 plddt 0.44 ptm 0.89 i_ptm 0.60 energy -2.03
54 models [1] recycles 0 hard 0 soft 1 temp 1 loss 4.40 i_con 4.76 plddt 0.27 ptm 0.86 i_ptm 0.16 energy -2.15
55 models [2] recycles 0 hard 0 soft 1 temp 1 loss 3.13 i_con 3.51 plddt 0.47 ptm 0.88 i_ptm 0.59 energy -2.15
56 models [0] recycles 0 hard 0 soft 1 temp 1 loss 3.42 i_con 3.78 plddt 0.37 ptm 0.85 i_ptm 0.44 energy -2.13
57 models [0] recycles 0 hard 0 soft 1 temp 1 loss 3.41 i_con 3.79 plddt 0.38 ptm 0.84 i_ptm 0.45 energy -2.21
58 models [3] recycles 0 hard 0 soft 1 temp 1 loss 3.30 i_con 3.70 plddt 0.39 ptm 0.86 i_ptm 0.51 energy -2.30
59 models [4] recycles 0 hard 0 soft 1 temp 1 loss 3.29 i_con 3.70 plddt 0.42 ptm 0.89 i_ptm 0.53 energy -2.33
60 models [2] recycles 0 hard 0 soft 1 temp 1 loss 2.79 i_con 3.22 plddt 0.56 ptm 0.89 i_ptm 0.71 energy -2.38
61 models [3] recycles 0 hard 0 soft 1 temp 1 loss 3.30 i_con 3.71 plddt 0.38 ptm 0.86 i_ptm 0.48 energy -2.38
62 models [2] recycles 0 hard 0 soft 1 temp 1 loss 3.04 i_con 3.47 plddt 0.51 ptm 0.88 i_ptm 0.64 energy -2.41
63 models [3] recycles 0 hard 0 soft 1 temp 1 loss 3.17 i_con 3.61 plddt 0.43 ptm 0.87 i_ptm 0.55 energy -2.49
64 models [3] recycles 0 hard 0 soft 1 temp 1 loss 3.21 i_con 3.66 plddt 0.41 ptm 0.87 i_ptm 0.54 energy -2.52
65 models [4] recycles 0 hard 0 soft 1 temp 1 loss 3.27 i_con 3.71 plddt 0.41 ptm 0.89 i_ptm 0.54 energy -2.47
66 models [0] recycles 0 hard 0 soft 1 temp 1 loss 3.34 i_con 3.81 plddt 0.41 ptm 0.86 i_ptm 0.48 energy -2.62
67 models [3] recycles 0 hard 0 soft 1 temp 1 loss 4.53 i_con 5.00 plddt 0.27 ptm 0.84 i_ptm 0.17 energy -2.73
68 models [2] recycles 0 hard 0 soft 1 temp 1 loss 3.21 i_con 3.68 plddt 0.43 ptm 0.87 i_ptm 0.54 energy -2.65
69 models [1] recycles 0 hard 0 soft 1 temp 1 loss 3.40 i_con 3.89 plddt 0.35 ptm 0.87 i_ptm 0.41 energy -2.80
70 models [1] recycles 0 hard 0 soft 1 temp 1 loss 3.46 i_con 3.95 plddt 0.33 ptm 0.87 i_ptm 0.36 energy -2.78
71 models [0] recycles 0 hard 0 soft 1 temp 1 loss 3.23 i_con 3.77 plddt 0.42 ptm 0.86 i_ptm 0.49 energy -2.96
72 models [2] recycles 0 hard 0 soft 1 temp 1 loss 2.98 i_con 3.51 plddt 0.49 ptm 0.88 i_ptm 0.63 energy -2.93
73 models [3] recycles 0 hard 0 soft 1 temp 1 loss 3.05 i_con 3.59 plddt 0.46 ptm 0.87 i_ptm 0.58 energy -2.98
74 models [3] recycles 0 hard 0 soft 1 temp 1 loss 3.01 i_con 3.60 plddt 0.46 ptm 0.87 i_ptm 0.59 energy -3.19
75 models [3] recycles 0 hard 0 soft 1 temp 1 loss 2.77 i_con 3.35 plddt 0.53 ptm 0.87 i_ptm 0.68 energy -3.11
76 models [2] recycles 0 hard 0 soft 1 temp 1 loss 3.03 i_con 3.61 plddt 0.39 ptm 0.87 i_ptm 0.59 energy -3.22
77 models [0] recycles 0 hard 0 soft 1 temp 1 loss 3.15 i_con 3.76 plddt 0.41 ptm 0.86 i_ptm 0.48 energy -3.33
78 models [1] recycles 0 hard 0 soft 1 temp 1 loss 3.67 i_con 4.25 plddt 0.29 ptm 0.86 i_ptm 0.25 energy -3.25
79 models [2] recycles 0 hard 0 soft 1 temp 1 loss 3.05 i_con 3.62 plddt 0.45 ptm 0.88 i_ptm 0.58 energy -3.13
80 models [0] recycles 0 hard 0 soft 1 temp 1 loss 2.93 i_con 3.54 plddt 0.51 ptm 0.87 i_ptm 0.61 energy -3.30
81 models [3] recycles 0 hard 0 soft 1 temp 1 loss 2.96 i_con 3.56 plddt 0.42 ptm 0.87 i_ptm 0.61 energy -3.30
82 models [4] recycles 0 hard 0 soft 1 temp 1 loss 3.21 i_con 3.82 plddt 0.38 ptm 0.88 i_ptm 0.49 energy -3.33
83 models [1] recycles 0 hard 0 soft 1 temp 1 loss 3.27 i_con 3.90 plddt 0.35 ptm 0.87 i_ptm 0.38 energy -3.50
84 models [1] recycles 0 hard 0 soft 1 temp 1 loss 3.24 i_con 3.86 plddt 0.39 ptm 0.86 i_ptm 0.44 energy -3.42
85 models [4] recycles 0 hard 0 soft 1 temp 1 loss 2.96 i_con 3.61 plddt 0.43 ptm 0.89 i_ptm 0.56 energy -3.53
86 models [1] recycles 0 hard 0 soft 1 temp 1 loss 3.29 i_con 3.95 plddt 0.33 ptm 0.87 i_ptm 0.41 energy -3.59
87 models [2] recycles 0 hard 0 soft 1 temp 1 loss 3.06 i_con 3.73 plddt 0.39 ptm 0.87 i_ptm 0.50 energy -3.61
88 models [3] recycles 0 hard 0 soft 1 temp 1 loss 2.85 i_con 3.52 plddt 0.45 ptm 0.87 i_ptm 0.57 energy -3.65
89 models [2] recycles 0 hard 0 soft 1 temp 1 loss 3.02 i_con 3.71 plddt 0.38 ptm 0.87 i_ptm 0.52 energy -3.77
90 models [3] recycles 0 hard 0 soft 1 temp 1 loss 2.88 i_con 3.60 plddt 0.42 ptm 0.87 i_ptm 0.55 energy -3.91
91 models [2] recycles 0 hard 0 soft 1 temp 1 loss 2.99 i_con 3.72 plddt 0.41 ptm 0.87 i_ptm 0.54 energy -3.96
92 models [4] recycles 0 hard 0 soft 1 temp 1 loss 2.64 i_con 3.34 plddt 0.51 ptm 0.89 i_ptm 0.67 energy -3.76
93 models [1] recycles 0 hard 0 soft 1 temp 1 loss 2.93 i_con 3.65 plddt 0.42 ptm 0.88 i_ptm 0.52 energy -3.86
94 models [2] recycles 0 hard 0 soft 1 temp 1 loss 2.81 i_con 3.54 plddt 0.49 ptm 0.87 i_ptm 0.60 energy -3.94
95 models [0] recycles 0 hard 0 soft 1 temp 1 loss 2.90 i_con 3.63 plddt 0.45 ptm 0.86 i_ptm 0.55 energy -3.94
96 models [1] recycles 0 hard 0 soft 1 temp 1 loss 3.39 i_con 4.12 plddt 0.29 ptm 0.87 i_ptm 0.31 energy -4.00
97 models [1] recycles 0 hard 0 soft 1 temp 1 loss 2.81 i_con 3.55 plddt 0.45 ptm 0.88 i_ptm 0.59 energy -4.01
98 models [2] recycles 0 hard 0 soft 1 temp 1 loss 2.86 i_con 3.60 plddt 0.44 ptm 0.87 i_ptm 0.57 energy -4.00
99 models [1] recycles 0 hard 0 soft 1 temp 1 loss 2.79 i_con 3.55 plddt 0.44 ptm 0.88 i_ptm 0.59 energy -4.08
100 models [1] recycles 0 hard 0 soft 1 temp 1 loss 2.96 i_con 3.71 plddt 0.39 ptm 0.88 i_ptm 0.53 energy -4.08
101 models [1] recycles 0 hard 0 soft 0 temp 1 loss 4.77 i_con 5.80 plddt 0.26 ptm 0.86 i_ptm 0.18 energy -21.96
102 models [1] recycles 0 hard 0 soft 0 temp 0.98 loss 4.58 i_con 5.61 plddt 0.26 ptm 0.86 i_ptm 0.16 energy -21.89
103 models [3] recycles 0 hard 0 soft 0 temp 0.96 loss 3.34 i_con 4.36 plddt 0.24 ptm 0.85 i_ptm 0.16 energy -22.03
104 models [2] recycles 0 hard 0 soft 0 temp 0.94 loss 3.05 i_con 4.09 plddt 0.31 ptm 0.86 i_ptm 0.31 energy -22.17
105 models [3] recycles 0 hard 0 soft 0 temp 0.92 loss 2.87 i_con 3.91 plddt 0.29 ptm 0.86 i_ptm 0.39 energy -22.24
106 models [2] recycles 0 hard 0 soft 0 temp 0.90 loss 2.00 i_con 3.06 plddt 0.33 ptm 0.58 i_ptm 0.32 energy -22.48
107 models [4] recycles 0 hard 0 soft 0 temp 0.88 loss 2.78 i_con 3.84 plddt 0.32 ptm 0.88 i_ptm 0.42 energy -22.50
108 models [0] recycles 0 hard 0 soft 0 temp 0.86 loss 2.64 i_con 3.73 plddt 0.38 ptm 0.86 i_ptm 0.50 energy -22.98
109 models [4] recycles 0 hard 0 soft 0 temp 0.84 loss 3.24 i_con 4.34 plddt 0.24 ptm 0.88 i_ptm 0.22 energy -23.49
110 models [1] recycles 0 hard 0 soft 0 temp 0.82 loss 4.03 i_con 5.13 plddt 0.24 ptm 0.86 i_ptm 0.13 energy -23.68
111 models [3] recycles 0 hard 0 soft 0 temp 0.80 loss 2.94 i_con 4.05 plddt 0.27 ptm 0.86 i_ptm 0.30 energy -23.69
112 models [3] recycles 0 hard 0 soft 0 temp 0.78 loss 4.32 i_con 5.43 plddt 0.21 ptm 0.83 i_ptm 0.09 energy -23.82
113 models [0] recycles 0 hard 0 soft 0 temp 0.76 loss 2.85 i_con 3.97 plddt 0.29 ptm 0.84 i_ptm 0.37 energy -23.72
114 models [1] recycles 0 hard 0 soft 0 temp 0.74 loss 4.43 i_con 5.58 plddt 0.24 ptm 0.86 i_ptm 0.14 energy -24.41
115 models [4] recycles 0 hard 0 soft 0 temp 0.72 loss 4.52 i_con 5.67 plddt 0.20 ptm 0.87 i_ptm 0.12 energy -24.59
116 models [1] recycles 0 hard 0 soft 0 temp 0.70 loss 4.54 i_con 5.69 plddt 0.25 ptm 0.86 i_ptm 0.16 energy -24.60
117 models [2] recycles 0 hard 0 soft 0 temp 0.68 loss 3.08 i_con 4.23 plddt 0.17 ptm 0.27 i_ptm 0.43 energy -24.66
118 models [4] recycles 0 hard 0 soft 0 temp 0.66 loss 3.61 i_con 4.75 plddt 0.15 ptm 0.11 i_ptm 0.10 energy -24.54
119 models [0] recycles 0 hard 0 soft 0 temp 0.64 loss 2.89 i_con 4.05 plddt 0.30 ptm 0.84 i_ptm 0.32 energy -24.63
120 models [0] recycles 0 hard 0 soft 0 temp 0.62 loss 3.06 i_con 4.22 plddt 0.28 ptm 0.83 i_ptm 0.24 energy -24.69
121 models [3] recycles 0 hard 0 soft 0 temp 0.60 loss 2.76 i_con 3.93 plddt 0.30 ptm 0.86 i_ptm 0.35 energy -24.83
122 models [4] recycles 0 hard 0 soft 0 temp 0.58 loss 3.09 i_con 4.26 plddt 0.23 ptm 0.88 i_ptm 0.23 energy -24.94
123 models [2] recycles 0 hard 0 soft 0 temp 0.56 loss 2.89 i_con 4.06 plddt 0.22 ptm 0.23 i_ptm 0.35 energy -25.01
124 models [4] recycles 0 hard 0 soft 0 temp 0.54 loss 3.99 i_con 5.16 plddt 0.24 ptm 0.87 i_ptm 0.13 energy -24.84
125 models [0] recycles 0 hard 0 soft 0 temp 0.52 loss 3.12 i_con 4.30 plddt 0.25 ptm 0.84 i_ptm 0.23 energy -24.99
126 models [1] recycles 0 hard 0 soft 0 temp 0.50 loss 4.43 i_con 5.60 plddt 0.23 ptm 0.85 i_ptm 0.12 energy -24.90
127 models [3] recycles 0 hard 0 soft 0 temp 0.48 loss 3.54 i_con 4.69 plddt 0.17 ptm 0.26 i_ptm 0.42 energy -24.74
128 models [4] recycles 0 hard 0 soft 0 temp 0.46 loss 4.26 i_con 5.43 plddt 0.20 ptm 0.74 i_ptm 0.10 energy -24.82
129 models [4] recycles 0 hard 0 soft 0 temp 0.44 loss 4.24 i_con 5.40 plddt 0.14 ptm 0.72 i_ptm 0.09 energy -25.02
130 models [1] recycles 0 hard 0 soft 0 temp 0.42 loss 4.78 i_con 5.96 plddt 0.25 ptm 0.87 i_ptm 0.13 energy -25.11
131 models [3] recycles 0 hard 0 soft 0 temp 0.40 loss 3.34 i_con 4.51 plddt 0.15 ptm 0.21 i_ptm 0.32 energy -25.06
132 models [0] recycles 0 hard 0 soft 0 temp 0.38 loss 2.87 i_con 4.05 plddt 0.28 ptm 0.85 i_ptm 0.32 energy -25.21
133 models [3] recycles 0 hard 0 soft 0 temp 0.36 loss 3.13 i_con 4.35 plddt 0.13 ptm 0.25 i_ptm 0.45 energy -26.12
134 models [3] recycles 0 hard 0 soft 0 temp 0.34 loss 3.25 i_con 4.48 plddt 0.15 ptm 0.26 i_ptm 0.38 energy -26.30
135 models [4] recycles 0 hard 0 soft 0 temp 0.32 loss 3.67 i_con 4.90 plddt 0.11 ptm 0.64 i_ptm 0.16 energy -26.31
136 models [4] recycles 0 hard 0 soft 0 temp 0.30 loss 4.80 i_con 6.03 plddt 0.21 ptm 0.85 i_ptm 0.11 energy -26.35
137 models [2] recycles 0 hard 0 soft 0 temp 0.28 loss 2.66 i_con 3.90 plddt 0.17 ptm 0.27 i_ptm 0.50 energy -26.42
138 models [2] recycles 0 hard 0 soft 0 temp 0.26 loss 2.90 i_con 4.14 plddt 0.24 ptm 0.22 i_ptm 0.26 energy -26.48
139 models [0] recycles 0 hard 0 soft 0 temp 0.24 loss 3.48 i_con 4.71 plddt 0.19 ptm 0.31 i_ptm 0.11 energy -26.28
140 models [2] recycles 0 hard 0 soft 0 temp 0.22 loss 2.59 i_con 3.82 plddt 0.21 ptm 0.30 i_ptm 0.58 energy -26.08
141 models [2] recycles 0 hard 0 soft 0 temp 0.20 loss 2.96 i_con 4.18 plddt 0.20 ptm 0.25 i_ptm 0.28 energy -26.10
142 models [1] recycles 0 hard 0 soft 0 temp 0.18 loss 3.95 i_con 5.19 plddt 0.27 ptm 0.87 i_ptm 0.16 energy -26.24
143 models [4] recycles 0 hard 0 soft 0 temp 0.16 loss 3.41 i_con 4.65 plddt 0.13 ptm 0.19 i_ptm 0.18 energy -26.37
144 models [1] recycles 0 hard 0 soft 0 temp 0.14 loss 3.96 i_con 5.21 plddt 0.22 ptm 0.74 i_ptm 0.08 energy -26.58
145 models [0] recycles 0 hard 0 soft 0 temp 0.12 loss 3.78 i_con 5.04 plddt 0.21 ptm 0.75 i_ptm 0.09 energy -26.77
146 models [1] recycles 0 hard 0 soft 0 temp 0.10 loss 3.79 i_con 5.06 plddt 0.19 ptm 0.44 i_ptm 0.10 energy -27.17
147 models [4] recycles 0 hard 0 soft 0 temp 0.08 loss 3.24 i_con 4.52 plddt 0.22 ptm 0.87 i_ptm 0.18 energy -27.25
148 models [1] recycles 0 hard 0 soft 0 temp 0.06 loss 4.17 i_con 5.47 plddt 0.23 ptm 0.86 i_ptm 0.15 energy -27.39
149 models [2] recycles 0 hard 0 soft 0 temp 0.04 loss 2.01 i_con 3.31 plddt 0.20 ptm 0.29 i_ptm 0.41 energy -27.70
150 models [1] recycles 0 hard 0 soft 0 temp 0.02 loss 4.31 i_con 5.62 plddt 0.25 ptm 0.86 i_ptm 0.15 energy -27.74
151 models [3] recycles 0 hard 1 soft 0 temp 0.00 loss 2.07 i_con 3.42 plddt 0.50 ptm 0.87 i_ptm 0.65 energy -2.82
152 models [2] recycles 0 hard 1 soft 0 temp 0.00 loss 2.40 i_con 3.75 plddt 0.37 ptm 0.87 i_ptm 0.50 energy -2.82
153 models [4] recycles 0 hard 1 soft 0 temp 0.00 loss 4.08 i_con 5.41 plddt 0.26 ptm 0.88 i_ptm 0.30 energy -2.82
154 models [1] recycles 0 hard 1 soft 0 temp 0.00 loss 4.12 i_con 5.46 plddt 0.28 ptm 0.85 i_ptm 0.20 energy -2.82
155 models [3] recycles 0 hard 1 soft 0 temp 0.00 loss 2.07 i_con 3.42 plddt 0.50 ptm 0.87 i_ptm 0.65 energy -2.82
156 models [3] recycles 0 hard 1 soft 0 temp 0.00 loss 2.07 i_con 3.42 plddt 0.50 ptm 0.87 i_ptm 0.65 energy -2.82
157 models [4] recycles 0 hard 1 soft 0 temp 0.00 loss 4.08 i_con 5.41 plddt 0.26 ptm 0.88 i_ptm 0.30 energy -2.82
158 models [2] recycles 0 hard 1 soft 0 temp 0.00 loss 2.40 i_con 3.75 plddt 0.37 ptm 0.87 i_ptm 0.50 energy -2.82
159 models [4] recycles 0 hard 1 soft 0 temp 0.00 loss 4.08 i_con 5.41 plddt 0.26 ptm 0.88 i_ptm 0.30 energy -2.82
160 models [3] recycles 0 hard 1 soft 0 temp 0.00 loss 2.07 i_con 3.42 plddt 0.50 ptm 0.87 i_ptm 0.65 energy -2.82
161 models [0] recycles 0 hard 1 soft 0 temp 0.00 loss 2.25 i_con 3.61 plddt 0.47 ptm 0.86 i_ptm 0.60 energy -2.82
162 models [2] recycles 0 hard 1 soft 0 temp 0.00 loss 2.40 i_con 3.75 plddt 0.37 ptm 0.87 i_ptm 0.50 energy -2.82
163 models [1] recycles 0 hard 1 soft 0 temp 0.00 loss 4.12 i_con 5.46 plddt 0.28 ptm 0.85 i_ptm 0.20 energy -2.82
164 models [4] recycles 0 hard 1 soft 0 temp 0.00 loss 4.08 i_con 5.41 plddt 0.26 ptm 0.88 i_ptm 0.30 energy -2.82
165 models [2] recycles 0 hard 1 soft 0 temp 0.00 loss 2.40 i_con 3.75 plddt 0.37 ptm 0.87 i_ptm 0.50 energy -2.82
166 models [4] recycles 0 hard 1 soft 0 temp 0.00 loss 4.08 i_con 5.41 plddt 0.26 ptm 0.88 i_ptm 0.30 energy -2.82
167 models [4] recycles 0 hard 1 soft 0 temp 0.00 loss 4.08 i_con 5.41 plddt 0.26 ptm 0.88 i_ptm 0.30 energy -2.82
168 models [1] recycles 0 hard 1 soft 0 temp 0.00 loss 4.12 i_con 5.46 plddt 0.28 ptm 0.85 i_ptm 0.20 energy -2.82
169 models [0] recycles 0 hard 1 soft 0 temp 0.00 loss 2.25 i_con 3.61 plddt 0.47 ptm 0.86 i_ptm 0.60 energy -2.82
170 models [2] recycles 0 hard 1 soft 0 temp 0.00 loss 2.40 i_con 3.75 plddt 0.37 ptm 0.87 i_ptm 0.50 energy -2.82
171 models [2] recycles 0 hard 1 soft 0 temp 0.00 loss 2.40 i_con 3.75 plddt 0.37 ptm 0.87 i_ptm 0.50 energy -2.82
172 models [3] recycles 0 hard 1 soft 0 temp 0.00 loss 2.07 i_con 3.42 plddt 0.50 ptm 0.87 i_ptm 0.65 energy -2.82
173 models [4] recycles 0 hard 1 soft 0 temp 0.00 loss 4.08 i_con 5.41 plddt 0.26 ptm 0.88 i_ptm 0.30 energy -2.82
174 models [0] recycles 0 hard 1 soft 0 temp 0.00 loss 2.25 i_con 3.61 plddt 0.47 ptm 0.86 i_ptm 0.60 energy -2.82
175 models [0] recycles 0 hard 1 soft 0 temp 0.00 loss 2.25 i_con 3.61 plddt 0.47 ptm 0.86 i_ptm 0.60 energy -2.82
176 models [3] recycles 0 hard 1 soft 0 temp 0.00 loss 2.07 i_con 3.42 plddt 0.50 ptm 0.87 i_ptm 0.65 energy -2.82
177 models [4] recycles 0 hard 1 soft 0 temp 0.00 loss 4.08 i_con 5.41 plddt 0.26 ptm 0.88 i_ptm 0.30 energy -2.82
178 models [1] recycles 0 hard 1 soft 0 temp 0.00 loss 4.12 i_con 5.46 plddt 0.28 ptm 0.85 i_ptm 0.20 energy -2.82
179 models [2] recycles 0 hard 1 soft 0 temp 0.00 loss 2.40 i_con 3.75 plddt 0.37 ptm 0.87 i_ptm 0.50 energy -2.82
180 models [1] recycles 0 hard 1 soft 0 temp 0.00 loss 4.12 i_con 5.46 plddt 0.28 ptm 0.85 i_ptm 0.20 energy -2.82
  seq=TANNAWYDVMWQEFW  loss=4.1204  loss_af=5.5298  energy=-2.8188  i_ptm=0.2036
[20/30] seed=19 ...
1 models [1] recycles 0 hard 0 soft 1 temp 1 loss 4.84 i_con 4.40 plddt 0.22 ptm 0.86 i_ptm 0.22 energy 7.39
2 models [4] recycles 0 hard 0 soft 1 temp 1 loss 4.75 i_con 4.32 plddt 0.27 ptm 0.87 i_ptm 0.26 energy 7.20
3 models [2] recycles 0 hard 0 soft 1 temp 1 loss 4.36 i_con 3.94 plddt 0.33 ptm 0.87 i_ptm 0.39 energy 7.02
4 models [1] recycles 0 hard 0 soft 1 temp 1 loss 4.70 i_con 4.30 plddt 0.22 ptm 0.85 i_ptm 0.22 energy 6.42
5 models [0] recycles 0 hard 0 soft 1 temp 1 loss 4.21 i_con 3.85 plddt 0.35 ptm 0.85 i_ptm 0.49 energy 5.98
6 models [2] recycles 0 hard 0 soft 1 temp 1 loss 4.21 i_con 3.88 plddt 0.33 ptm 0.87 i_ptm 0.46 energy 5.27
7 models [0] recycles 0 hard 0 soft 1 temp 1 loss 4.27 i_con 3.97 plddt 0.35 ptm 0.85 i_ptm 0.42 energy 4.71
8 models [3] recycles 0 hard 0 soft 1 temp 1 loss 4.05 i_con 3.78 plddt 0.36 ptm 0.87 i_ptm 0.48 energy 4.23
9 models [2] recycles 0 hard 0 soft 1 temp 1 loss 3.97 i_con 3.72 plddt 0.41 ptm 0.87 i_ptm 0.51 energy 3.63
10 models [3] recycles 0 hard 0 soft 1 temp 1 loss 3.85 i_con 3.62 plddt 0.42 ptm 0.87 i_ptm 0.57 energy 3.34
11 models [4] recycles 0 hard 0 soft 1 temp 1 loss 5.68 i_con 5.46 plddt 0.32 ptm 0.87 i_ptm 0.31 energy 3.11
12 models [1] recycles 0 hard 0 soft 1 temp 1 loss 4.37 i_con 4.15 plddt 0.26 ptm 0.87 i_ptm 0.28 energy 2.98
13 models [2] recycles 0 hard 0 soft 1 temp 1 loss 3.98 i_con 3.78 plddt 0.38 ptm 0.87 i_ptm 0.48 energy 2.80
14 models [3] recycles 0 hard 0 soft 1 temp 1 loss 3.82 i_con 3.63 plddt 0.40 ptm 0.86 i_ptm 0.52 energy 2.55
15 models [2] recycles 0 hard 0 soft 1 temp 1 loss 3.91 i_con 3.73 plddt 0.38 ptm 0.87 i_ptm 0.49 energy 2.35
16 models [4] recycles 0 hard 0 soft 1 temp 1 loss 3.95 i_con 3.78 plddt 0.38 ptm 0.89 i_ptm 0.49 energy 2.12
17 models [1] recycles 0 hard 0 soft 1 temp 1 loss 3.99 i_con 3.82 plddt 0.31 ptm 0.87 i_ptm 0.45 energy 1.95
18 models [4] recycles 0 hard 0 soft 1 temp 1 loss 5.74 i_con 5.58 plddt 0.31 ptm 0.87 i_ptm 0.29 energy 1.95
19 models [3] recycles 0 hard 0 soft 1 temp 1 loss 3.83 i_con 3.68 plddt 0.37 ptm 0.87 i_ptm 0.51 energy 1.76
20 models [1] recycles 0 hard 0 soft 1 temp 1 loss 4.69 i_con 4.52 plddt 0.23 ptm 0.86 i_ptm 0.15 energy 1.95
21 models [2] recycles 0 hard 0 soft 1 temp 1 loss 3.93 i_con 3.76 plddt 0.37 ptm 0.88 i_ptm 0.50 energy 2.12
22 models [1] recycles 0 hard 0 soft 1 temp 1 loss 4.93 i_con 4.78 plddt 0.24 ptm 0.85 i_ptm 0.12 energy 1.44
23 models [1] recycles 0 hard 0 soft 1 temp 1 loss 4.04 i_con 3.91 plddt 0.32 ptm 0.87 i_ptm 0.37 energy 1.32
24 models [2] recycles 0 hard 0 soft 1 temp 1 loss 3.91 i_con 3.79 plddt 0.36 ptm 0.87 i_ptm 0.48 energy 1.30
25 models [2] recycles 0 hard 0 soft 1 temp 1 loss 3.88 i_con 3.76 plddt 0.36 ptm 0.87 i_ptm 0.50 energy 1.15
26 models [4] recycles 0 hard 0 soft 1 temp 1 loss 3.83 i_con 3.72 plddt 0.37 ptm 0.88 i_ptm 0.52 energy 0.96
27 models [2] recycles 0 hard 0 soft 1 temp 1 loss 3.90 i_con 3.80 plddt 0.38 ptm 0.87 i_ptm 0.51 energy 0.73
28 models [4] recycles 0 hard 0 soft 1 temp 1 loss 3.90 i_con 3.81 plddt 0.35 ptm 0.89 i_ptm 0.46 energy 0.49
29 models [4] recycles 0 hard 0 soft 1 temp 1 loss 3.87 i_con 3.79 plddt 0.37 ptm 0.88 i_ptm 0.49 energy 0.42
30 models [0] recycles 0 hard 0 soft 1 temp 1 loss 3.96 i_con 3.89 plddt 0.33 ptm 0.85 i_ptm 0.40 energy 0.14
31 models [1] recycles 0 hard 0 soft 1 temp 1 loss 3.98 i_con 3.90 plddt 0.32 ptm 0.87 i_ptm 0.41 energy 0.19
32 models [4] recycles 0 hard 0 soft 1 temp 1 loss 3.84 i_con 3.78 plddt 0.37 ptm 0.89 i_ptm 0.47 energy -0.04
33 models [4] recycles 0 hard 0 soft 1 temp 1 loss 3.77 i_con 3.72 plddt 0.38 ptm 0.89 i_ptm 0.51 energy -0.32
34 models [0] recycles 0 hard 0 soft 1 temp 1 loss 3.77 i_con 3.73 plddt 0.41 ptm 0.86 i_ptm 0.51 energy -0.38
35 models [2] recycles 0 hard 0 soft 1 temp 1 loss 3.44 i_con 3.42 plddt 0.48 ptm 0.89 i_ptm 0.63 energy -0.62
36 models [1] recycles 0 hard 0 soft 1 temp 1 loss 3.74 i_con 3.70 plddt 0.37 ptm 0.88 i_ptm 0.54 energy -0.49
37 models [2] recycles 0 hard 0 soft 1 temp 1 loss 3.48 i_con 3.45 plddt 0.48 ptm 0.88 i_ptm 0.64 energy -0.40
38 models [2] recycles 0 hard 0 soft 1 temp 1 loss 3.39 i_con 3.36 plddt 0.51 ptm 0.88 i_ptm 0.67 energy -0.44
39 models [1] recycles 0 hard 0 soft 1 temp 1 loss 3.97 i_con 3.94 plddt 0.32 ptm 0.87 i_ptm 0.38 energy -0.73
40 models [4] recycles 0 hard 0 soft 1 temp 1 loss 3.58 i_con 3.56 plddt 0.42 ptm 0.90 i_ptm 0.58 energy -0.83
41 models [4] recycles 0 hard 0 soft 1 temp 1 loss 3.68 i_con 3.65 plddt 0.41 ptm 0.89 i_ptm 0.55 energy -0.61
42 models [3] recycles 0 hard 0 soft 1 temp 1 loss 3.56 i_con 3.55 plddt 0.44 ptm 0.87 i_ptm 0.55 energy -0.93
43 models [1] recycles 0 hard 0 soft 1 temp 1 loss 3.64 i_con 3.63 plddt 0.40 ptm 0.88 i_ptm 0.55 energy -1.12
44 models [3] recycles 0 hard 0 soft 1 temp 1 loss 3.46 i_con 3.46 plddt 0.45 ptm 0.88 i_ptm 0.62 energy -1.10
45 models [1] recycles 0 hard 0 soft 1 temp 1 loss 4.15 i_con 4.12 plddt 0.30 ptm 0.86 i_ptm 0.29 energy -0.86
46 models [2] recycles 0 hard 0 soft 1 temp 1 loss 3.70 i_con 3.68 plddt 0.36 ptm 0.87 i_ptm 0.51 energy -1.04
47 models [4] recycles 0 hard 0 soft 1 temp 1 loss 3.63 i_con 3.64 plddt 0.41 ptm 0.89 i_ptm 0.57 energy -1.27
48 models [0] recycles 0 hard 0 soft 1 temp 1 loss 3.76 i_con 3.77 plddt 0.39 ptm 0.85 i_ptm 0.49 energy -1.25
49 models [2] recycles 0 hard 0 soft 1 temp 1 loss 3.51 i_con 3.52 plddt 0.47 ptm 0.88 i_ptm 0.61 energy -1.35
50 models [3] recycles 0 hard 0 soft 1 temp 1 loss 3.46 i_con 3.49 plddt 0.48 ptm 0.88 i_ptm 0.61 energy -1.54
51 models [1] recycles 0 hard 0 soft 1 temp 1 loss 3.23 i_con 3.50 plddt 0.45 ptm 0.88 i_ptm 0.59 energy -1.64
52 models [3] recycles 0 hard 0 soft 1 temp 1 loss 3.27 i_con 3.58 plddt 0.44 ptm 0.87 i_ptm 0.58 energy -1.83
53 models [1] recycles 0 hard 0 soft 1 temp 1 loss 3.49 i_con 3.82 plddt 0.35 ptm 0.88 i_ptm 0.45 energy -1.96
54 models [3] recycles 0 hard 0 soft 1 temp 1 loss 3.14 i_con 3.49 plddt 0.47 ptm 0.87 i_ptm 0.61 energy -2.00
55 models [2] recycles 0 hard 0 soft 1 temp 1 loss 3.23 i_con 3.61 plddt 0.40 ptm 0.88 i_ptm 0.56 energy -2.19
56 models [3] recycles 0 hard 0 soft 1 temp 1 loss 2.95 i_con 3.36 plddt 0.52 ptm 0.88 i_ptm 0.67 energy -2.29
57 models [3] recycles 0 hard 0 soft 1 temp 1 loss 3.06 i_con 3.48 plddt 0.47 ptm 0.87 i_ptm 0.62 energy -2.35
58 models [0] recycles 0 hard 0 soft 1 temp 1 loss 3.04 i_con 3.48 plddt 0.49 ptm 0.86 i_ptm 0.62 energy -2.46
59 models [2] recycles 0 hard 0 soft 1 temp 1 loss 2.97 i_con 3.44 plddt 0.52 ptm 0.88 i_ptm 0.64 energy -2.59
60 models [1] recycles 0 hard 0 soft 1 temp 1 loss 3.20 i_con 3.66 plddt 0.38 ptm 0.88 i_ptm 0.56 energy -2.62
61 models [1] recycles 0 hard 0 soft 1 temp 1 loss 2.94 i_con 3.44 plddt 0.48 ptm 0.88 i_ptm 0.62 energy -2.77
62 models [2] recycles 0 hard 0 soft 1 temp 1 loss 3.01 i_con 3.52 plddt 0.48 ptm 0.88 i_ptm 0.63 energy -2.78
63 models [2] recycles 0 hard 0 soft 1 temp 1 loss 2.84 i_con 3.37 plddt 0.52 ptm 0.88 i_ptm 0.67 energy -2.85
64 models [4] recycles 0 hard 0 soft 1 temp 1 loss 2.59 i_con 3.12 plddt 0.59 ptm 0.90 i_ptm 0.74 energy -2.82
65 models [4] recycles 0 hard 0 soft 1 temp 1 loss 2.46 i_con 3.00 plddt 0.59 ptm 0.90 i_ptm 0.75 energy -2.88
66 models [4] recycles 0 hard 0 soft 1 temp 1 loss 3.05 i_con 3.57 plddt 0.47 ptm 0.89 i_ptm 0.59 energy -2.88
67 models [4] recycles 0 hard 0 soft 1 temp 1 loss 3.15 i_con 3.68 plddt 0.43 ptm 0.89 i_ptm 0.53 energy -2.93
68 models [1] recycles 0 hard 0 soft 1 temp 1 loss 3.26 i_con 3.79 plddt 0.38 ptm 0.88 i_ptm 0.52 energy -3.00
69 models [1] recycles 0 hard 0 soft 1 temp 1 loss 3.25 i_con 3.79 plddt 0.40 ptm 0.87 i_ptm 0.48 energy -3.02
70 models [3] recycles 0 hard 0 soft 1 temp 1 loss 2.88 i_con 3.46 plddt 0.50 ptm 0.87 i_ptm 0.64 energy -3.11
71 models [4] recycles 0 hard 0 soft 1 temp 1 loss 2.80 i_con 3.37 plddt 0.50 ptm 0.89 i_ptm 0.67 energy -3.13
72 models [4] recycles 0 hard 0 soft 1 temp 1 loss 2.79 i_con 3.38 plddt 0.51 ptm 0.89 i_ptm 0.65 energy -3.20
73 models [1] recycles 0 hard 0 soft 1 temp 1 loss 3.01 i_con 3.60 plddt 0.42 ptm 0.87 i_ptm 0.57 energy -3.25
74 models [4] recycles 0 hard 0 soft 1 temp 1 loss 3.13 i_con 3.72 plddt 0.38 ptm 0.88 i_ptm 0.50 energy -3.24
75 models [2] recycles 0 hard 0 soft 1 temp 1 loss 3.02 i_con 3.65 plddt 0.45 ptm 0.87 i_ptm 0.56 energy -3.44
76 models [4] recycles 0 hard 0 soft 1 temp 1 loss 2.81 i_con 3.48 plddt 0.47 ptm 0.89 i_ptm 0.61 energy -3.63
77 models [4] recycles 0 hard 0 soft 1 temp 1 loss 2.75 i_con 3.39 plddt 0.51 ptm 0.89 i_ptm 0.66 energy -3.45
78 models [4] recycles 0 hard 0 soft 1 temp 1 loss 2.79 i_con 3.45 plddt 0.49 ptm 0.89 i_ptm 0.64 energy -3.52
79 models [0] recycles 0 hard 0 soft 1 temp 1 loss 3.01 i_con 3.66 plddt 0.43 ptm 0.86 i_ptm 0.55 energy -3.54
80 models [1] recycles 0 hard 0 soft 1 temp 1 loss 3.37 i_con 4.05 plddt 0.33 ptm 0.86 i_ptm 0.33 energy -3.71
81 models [2] recycles 0 hard 0 soft 1 temp 1 loss 2.95 i_con 3.63 plddt 0.44 ptm 0.87 i_ptm 0.56 energy -3.70
82 models [3] recycles 0 hard 0 soft 1 temp 1 loss 2.91 i_con 3.61 plddt 0.43 ptm 0.87 i_ptm 0.57 energy -3.79
83 models [3] recycles 0 hard 0 soft 1 temp 1 loss 2.81 i_con 3.55 plddt 0.45 ptm 0.87 i_ptm 0.59 energy -4.01
84 models [4] recycles 0 hard 0 soft 1 temp 1 loss 2.92 i_con 3.69 plddt 0.41 ptm 0.89 i_ptm 0.53 energy -4.17
85 models [2] recycles 0 hard 0 soft 1 temp 1 loss 2.73 i_con 3.51 plddt 0.49 ptm 0.88 i_ptm 0.62 energy -4.14
86 models [4] recycles 0 hard 0 soft 1 temp 1 loss 2.84 i_con 3.61 plddt 0.45 ptm 0.89 i_ptm 0.57 energy -4.11
87 models [2] recycles 0 hard 0 soft 1 temp 1 loss 2.78 i_con 3.56 plddt 0.46 ptm 0.87 i_ptm 0.60 energy -4.17
88 models [1] recycles 0 hard 0 soft 1 temp 1 loss 3.40 i_con 4.16 plddt 0.28 ptm 0.86 i_ptm 0.29 energy -4.16
89 models [3] recycles 0 hard 0 soft 1 temp 1 loss 2.79 i_con 3.54 plddt 0.46 ptm 0.87 i_ptm 0.59 energy -4.02
90 models [0] recycles 0 hard 0 soft 1 temp 1 loss 2.75 i_con 3.53 plddt 0.48 ptm 0.86 i_ptm 0.61 energy -4.13
91 models [4] recycles 0 hard 0 soft 1 temp 1 loss 2.50 i_con 3.28 plddt 0.52 ptm 0.90 i_ptm 0.67 energy -4.11
92 models [3] recycles 0 hard 0 soft 1 temp 1 loss 2.79 i_con 3.54 plddt 0.42 ptm 0.87 i_ptm 0.59 energy -4.05
93 models [2] recycles 0 hard 0 soft 1 temp 1 loss 2.79 i_con 3.55 plddt 0.42 ptm 0.87 i_ptm 0.63 energy -4.09
94 models [0] recycles 0 hard 0 soft 1 temp 1 loss 2.89 i_con 3.68 plddt 0.43 ptm 0.85 i_ptm 0.55 energy -4.21
95 models [0] recycles 0 hard 0 soft 1 temp 1 loss 2.88 i_con 3.67 plddt 0.40 ptm 0.86 i_ptm 0.57 energy -4.28
96 models [0] recycles 0 hard 0 soft 1 temp 1 loss 3.08 i_con 3.89 plddt 0.36 ptm 0.85 i_ptm 0.46 energy -4.33
97 models [4] recycles 0 hard 0 soft 1 temp 1 loss 2.86 i_con 3.69 plddt 0.38 ptm 0.89 i_ptm 0.57 energy -4.42
98 models [0] recycles 0 hard 0 soft 1 temp 1 loss 2.69 i_con 3.54 plddt 0.48 ptm 0.86 i_ptm 0.61 energy -4.53
99 models [4] recycles 0 hard 0 soft 1 temp 1 loss 2.34 i_con 3.19 plddt 0.57 ptm 0.89 i_ptm 0.73 energy -4.44
100 models [1] recycles 0 hard 0 soft 1 temp 1 loss 3.82 i_con 4.64 plddt 0.28 ptm 0.85 i_ptm 0.18 energy -4.44
101 models [2] recycles 0 hard 0 soft 0 temp 1 loss 4.66 i_con 5.75 plddt 0.28 ptm 0.79 i_ptm 0.12 energy -23.35
102 models [3] recycles 0 hard 0 soft 0 temp 0.98 loss 5.03 i_con 6.13 plddt 0.30 ptm 0.86 i_ptm 0.29 energy -23.50
103 models [3] recycles 0 hard 0 soft 0 temp 0.96 loss 5.01 i_con 6.12 plddt 0.32 ptm 0.86 i_ptm 0.33 energy -23.54
104 models [2] recycles 0 hard 0 soft 0 temp 0.94 loss 4.14 i_con 5.25 plddt 0.20 ptm 0.20 i_ptm 0.19 energy -23.96
105 models [2] recycles 0 hard 0 soft 0 temp 0.92 loss 3.62 i_con 4.74 plddt 0.15 ptm 0.15 i_ptm 0.27 energy -24.02
106 models [4] recycles 0 hard 0 soft 0 temp 0.90 loss 3.30 i_con 4.43 plddt 0.20 ptm 0.14 i_ptm 0.33 energy -24.31
107 models [3] recycles 0 hard 0 soft 0 temp 0.88 loss 4.60 i_con 5.76 plddt 0.24 ptm 0.85 i_ptm 0.16 energy -24.67
108 models [1] recycles 0 hard 0 soft 0 temp 0.86 loss 5.22 i_con 6.38 plddt 0.27 ptm 0.85 i_ptm 0.17 energy -24.71
109 models [2] recycles 0 hard 0 soft 0 temp 0.84 loss 3.91 i_con 5.10 plddt 0.25 ptm 0.85 i_ptm 0.18 energy -25.35
110 models [3] recycles 0 hard 0 soft 0 temp 0.82 loss 3.98 i_con 5.17 plddt 0.22 ptm 0.84 i_ptm 0.14 energy -25.47
111 models [1] recycles 0 hard 0 soft 0 temp 0.80 loss 4.68 i_con 5.89 plddt 0.25 ptm 0.85 i_ptm 0.13 energy -25.65
112 models [3] recycles 0 hard 0 soft 0 temp 0.78 loss 2.96 i_con 4.17 plddt 0.26 ptm 0.85 i_ptm 0.30 energy -25.64
113 models [0] recycles 0 hard 0 soft 0 temp 0.76 loss 3.20 i_con 4.43 plddt 0.27 ptm 0.82 i_ptm 0.20 energy -26.08
114 models [0] recycles 0 hard 0 soft 0 temp 0.74 loss 2.78 i_con 4.01 plddt 0.30 ptm 0.84 i_ptm 0.37 energy -26.00
115 models [0] recycles 0 hard 0 soft 0 temp 0.72 loss 2.53 i_con 3.80 plddt 0.34 ptm 0.85 i_ptm 0.48 energy -26.78
116 models [2] recycles 0 hard 0 soft 0 temp 0.70 loss 3.66 i_con 4.94 plddt 0.29 ptm 0.85 i_ptm 0.19 energy -27.05
117 models [2] recycles 0 hard 0 soft 0 temp 0.68 loss 2.49 i_con 3.79 plddt 0.38 ptm 0.87 i_ptm 0.52 energy -27.12
118 models [3] recycles 0 hard 0 soft 0 temp 0.66 loss 2.48 i_con 3.76 plddt 0.35 ptm 0.87 i_ptm 0.49 energy -27.03
119 models [0] recycles 0 hard 0 soft 0 temp 0.64 loss 2.57 i_con 3.89 plddt 0.34 ptm 0.85 i_ptm 0.46 energy -27.69
120 models [1] recycles 0 hard 0 soft 0 temp 0.62 loss 2.83 i_con 4.18 plddt 0.30 ptm 0.86 i_ptm 0.28 energy -28.39
121 models [0] recycles 0 hard 0 soft 0 temp 0.60 loss 2.33 i_con 3.70 plddt 0.39 ptm 0.86 i_ptm 0.53 energy -28.64
122 models [2] recycles 0 hard 0 soft 0 temp 0.58 loss 3.88 i_con 5.28 plddt 0.29 ptm 0.85 i_ptm 0.14 energy -29.47
123 models [0] recycles 0 hard 0 soft 0 temp 0.56 loss 2.53 i_con 3.94 plddt 0.33 ptm 0.85 i_ptm 0.41 energy -29.56
124 models [4] recycles 0 hard 0 soft 0 temp 0.54 loss 2.27 i_con 3.76 plddt 0.36 ptm 0.89 i_ptm 0.51 energy -31.08
125 models [1] recycles 0 hard 0 soft 0 temp 0.52 loss 4.15 i_con 5.66 plddt 0.30 ptm 0.86 i_ptm 0.19 energy -31.56
126 models [1] recycles 0 hard 0 soft 0 temp 0.50 loss 2.58 i_con 4.08 plddt 0.30 ptm 0.87 i_ptm 0.36 energy -31.53
127 models [1] recycles 0 hard 0 soft 0 temp 0.48 loss 2.43 i_con 3.95 plddt 0.31 ptm 0.87 i_ptm 0.36 energy -31.84
128 models [2] recycles 0 hard 0 soft 0 temp 0.46 loss 2.26 i_con 3.83 plddt 0.36 ptm 0.87 i_ptm 0.47 energy -32.69
129 models [0] recycles 0 hard 0 soft 0 temp 0.44 loss 2.37 i_con 3.96 plddt 0.34 ptm 0.85 i_ptm 0.38 energy -33.07
130 models [4] recycles 0 hard 0 soft 0 temp 0.42 loss 3.36 i_con 5.01 plddt 0.29 ptm 0.88 i_ptm 0.26 energy -34.28
131 models [0] recycles 0 hard 0 soft 0 temp 0.40 loss 2.42 i_con 4.08 plddt 0.31 ptm 0.84 i_ptm 0.35 energy -34.60
132 models [0] recycles 0 hard 0 soft 0 temp 0.38 loss 2.38 i_con 4.07 plddt 0.30 ptm 0.83 i_ptm 0.33 energy -35.24
133 models [2] recycles 0 hard 0 soft 0 temp 0.36 loss 1.99 i_con 3.70 plddt 0.38 ptm 0.88 i_ptm 0.54 energy -35.37
134 models [4] recycles 0 hard 0 soft 0 temp 0.34 loss 3.19 i_con 4.94 plddt 0.25 ptm 0.87 i_ptm 0.22 energy -36.50
135 models [2] recycles 0 hard 0 soft 0 temp 0.32 loss 2.09 i_con 3.86 plddt 0.35 ptm 0.87 i_ptm 0.45 energy -36.70
136 models [1] recycles 0 hard 0 soft 0 temp 0.30 loss 2.34 i_con 4.17 plddt 0.27 ptm 0.87 i_ptm 0.29 energy -38.02
137 models [3] recycles 0 hard 0 soft 0 temp 0.28 loss 2.53 i_con 4.38 plddt 0.29 ptm 0.84 i_ptm 0.28 energy -38.30
138 models [1] recycles 0 hard 0 soft 0 temp 0.26 loss 2.04 i_con 3.91 plddt 0.32 ptm 0.87 i_ptm 0.41 energy -38.80
139 models [3] recycles 0 hard 0 soft 0 temp 0.24 loss 1.89 i_con 3.78 plddt 0.34 ptm 0.86 i_ptm 0.47 energy -39.13
140 models [2] recycles 0 hard 0 soft 0 temp 0.22 loss 1.91 i_con 3.83 plddt 0.36 ptm 0.88 i_ptm 0.48 energy -39.79
141 models [0] recycles 0 hard 0 soft 0 temp 0.20 loss 2.05 i_con 4.01 plddt 0.31 ptm 0.84 i_ptm 0.38 energy -40.67
142 models [1] recycles 0 hard 0 soft 0 temp 0.18 loss 1.75 i_con 3.75 plddt 0.35 ptm 0.88 i_ptm 0.50 energy -41.41
143 models [4] recycles 0 hard 0 soft 0 temp 0.16 loss 2.06 i_con 4.06 plddt 0.28 ptm 0.88 i_ptm 0.34 energy -41.45
144 models [4] recycles 0 hard 0 soft 0 temp 0.14 loss 1.94 i_con 3.95 plddt 0.31 ptm 0.88 i_ptm 0.42 energy -41.48
145 models [0] recycles 0 hard 0 soft 0 temp 0.12 loss 1.52 i_con 3.58 plddt 0.39 ptm 0.86 i_ptm 0.58 energy -42.38
146 models [0] recycles 0 hard 0 soft 0 temp 0.10 loss 1.76 i_con 3.82 plddt 0.36 ptm 0.84 i_ptm 0.48 energy -42.41
147 models [2] recycles 0 hard 0 soft 0 temp 0.08 loss 1.47 i_con 3.54 plddt 0.39 ptm 0.88 i_ptm 0.61 energy -42.59
148 models [3] recycles 0 hard 0 soft 0 temp 0.06 loss 1.61 i_con 3.69 plddt 0.36 ptm 0.86 i_ptm 0.54 energy -42.88
149 models [3] recycles 0 hard 0 soft 0 temp 0.04 loss 1.67 i_con 3.82 plddt 0.33 ptm 0.86 i_ptm 0.46 energy -44.42
150 models [2] recycles 0 hard 0 soft 0 temp 0.02 loss 1.36 i_con 3.56 plddt 0.40 ptm 0.88 i_ptm 0.61 energy -45.26
151 models [3] recycles 0 hard 1 soft 0 temp 0.00 loss 1.61 i_con 3.51 plddt 0.36 ptm 0.87 i_ptm 0.61 energy -3.94
152 models [1] recycles 0 hard 1 soft 0 temp 0.00 loss 2.79 i_con 4.69 plddt 0.23 ptm 0.85 i_ptm 0.22 energy -3.94
153 models [3] recycles 0 hard 1 soft 0 temp 0.00 loss 1.61 i_con 3.51 plddt 0.36 ptm 0.87 i_ptm 0.61 energy -3.94
154 models [4] recycles 0 hard 1 soft 0 temp 0.00 loss 2.93 i_con 4.82 plddt 0.20 ptm 0.87 i_ptm 0.17 energy -3.94
155 models [4] recycles 0 hard 1 soft 0 temp 0.00 loss 2.93 i_con 4.82 plddt 0.20 ptm 0.87 i_ptm 0.17 energy -3.94
156 models [1] recycles 0 hard 1 soft 0 temp 0.00 loss 2.79 i_con 4.69 plddt 0.23 ptm 0.85 i_ptm 0.22 energy -3.94
157 models [2] recycles 0 hard 1 soft 0 temp 0.00 loss 1.73 i_con 3.64 plddt 0.38 ptm 0.88 i_ptm 0.58 energy -3.94
158 models [1] recycles 0 hard 1 soft 0 temp 0.00 loss 2.79 i_con 4.69 plddt 0.23 ptm 0.85 i_ptm 0.22 energy -3.94
159 models [2] recycles 0 hard 1 soft 0 temp 0.00 loss 1.73 i_con 3.64 plddt 0.38 ptm 0.88 i_ptm 0.58 energy -3.94
160 models [1] recycles 0 hard 1 soft 0 temp 0.00 loss 2.79 i_con 4.69 plddt 0.23 ptm 0.85 i_ptm 0.22 energy -3.94
161 models [1] recycles 0 hard 1 soft 0 temp 0.00 loss 2.79 i_con 4.69 plddt 0.23 ptm 0.85 i_ptm 0.22 energy -3.94
162 models [2] recycles 0 hard 1 soft 0 temp 0.00 loss 1.73 i_con 3.64 plddt 0.38 ptm 0.88 i_ptm 0.58 energy -3.94
163 models [2] recycles 0 hard 1 soft 0 temp 0.00 loss 1.73 i_con 3.64 plddt 0.38 ptm 0.88 i_ptm 0.58 energy -3.94
164 models [3] recycles 0 hard 1 soft 0 temp 0.00 loss 1.61 i_con 3.51 plddt 0.36 ptm 0.87 i_ptm 0.61 energy -3.94
165 models [2] recycles 0 hard 1 soft 0 temp 0.00 loss 1.73 i_con 3.64 plddt 0.38 ptm 0.88 i_ptm 0.58 energy -3.94
166 models [2] recycles 0 hard 1 soft 0 temp 0.00 loss 1.73 i_con 3.64 plddt 0.38 ptm 0.88 i_ptm 0.58 energy -3.94
167 models [3] recycles 0 hard 1 soft 0 temp 0.00 loss 1.61 i_con 3.51 plddt 0.36 ptm 0.87 i_ptm 0.61 energy -3.94
168 models [3] recycles 0 hard 1 soft 0 temp 0.00 loss 1.61 i_con 3.51 plddt 0.36 ptm 0.87 i_ptm 0.61 energy -3.94
169 models [2] recycles 0 hard 1 soft 0 temp 0.00 loss 1.73 i_con 3.64 plddt 0.38 ptm 0.88 i_ptm 0.58 energy -3.94
170 models [1] recycles 0 hard 1 soft 0 temp 0.00 loss 2.79 i_con 4.69 plddt 0.23 ptm 0.85 i_ptm 0.22 energy -3.94
171 models [1] recycles 0 hard 1 soft 0 temp 0.00 loss 2.79 i_con 4.69 plddt 0.23 ptm 0.85 i_ptm 0.22 energy -3.94
172 models [3] recycles 0 hard 1 soft 0 temp 0.00 loss 1.61 i_con 3.51 plddt 0.36 ptm 0.87 i_ptm 0.61 energy -3.94
173 models [1] recycles 0 hard 1 soft 0 temp 0.00 loss 2.79 i_con 4.69 plddt 0.23 ptm 0.85 i_ptm 0.22 energy -3.94
174 models [0] recycles 0 hard 1 soft 0 temp 0.00 loss 1.80 i_con 3.70 plddt 0.35 ptm 0.85 i_ptm 0.54 energy -3.94
175 models [0] recycles 0 hard 1 soft 0 temp 0.00 loss 1.80 i_con 3.70 plddt 0.35 ptm 0.85 i_ptm 0.54 energy -3.94
176 models [3] recycles 0 hard 1 soft 0 temp 0.00 loss 1.61 i_con 3.51 plddt 0.36 ptm 0.87 i_ptm 0.61 energy -3.94
177 models [2] recycles 0 hard 1 soft 0 temp 0.00 loss 1.73 i_con 3.64 plddt 0.38 ptm 0.88 i_ptm 0.58 energy -3.94
178 models [0] recycles 0 hard 1 soft 0 temp 0.00 loss 1.80 i_con 3.70 plddt 0.35 ptm 0.85 i_ptm 0.54 energy -3.94
179 models [0] recycles 0 hard 1 soft 0 temp 0.00 loss 1.80 i_con 3.70 plddt 0.35 ptm 0.85 i_ptm 0.54 energy -3.94
180 models [1] recycles 0 hard 1 soft 0 temp 0.00 loss 2.79 i_con 4.69 plddt 0.23 ptm 0.85 i_ptm 0.22 energy -3.94
  seq=DHGRAWWAVFWQRDW  loss=2.7942  loss_af=4.7629  energy=-3.9373  i_ptm=0.2199
[21/30] seed=20 ...
1 models [2] recycles 0 hard 0 soft 1 temp 1 loss 4.94 i_con 4.49 plddt 0.24 ptm 0.85 i_ptm 0.22 energy 7.38
2 models [2] recycles 0 hard 0 soft 1 temp 1 loss 4.52 i_con 4.08 plddt 0.29 ptm 0.86 i_ptm 0.37 energy 7.29
3 models [2] recycles 0 hard 0 soft 1 temp 1 loss 4.34 i_con 3.92 plddt 0.31 ptm 0.87 i_ptm 0.39 energy 7.05
4 models [1] recycles 0 hard 0 soft 1 temp 1 loss 4.30 i_con 3.91 plddt 0.28 ptm 0.87 i_ptm 0.40 energy 6.35
5 models [4] recycles 0 hard 0 soft 1 temp 1 loss 4.46 i_con 4.10 plddt 0.28 ptm 0.88 i_ptm 0.34 energy 5.86
6 models [2] recycles 0 hard 0 soft 1 temp 1 loss 4.66 i_con 4.32 plddt 0.26 ptm 0.85 i_ptm 0.26 energy 5.44
7 models [4] recycles 0 hard 0 soft 1 temp 1 loss 4.29 i_con 3.96 plddt 0.32 ptm 0.88 i_ptm 0.42 energy 5.35
8 models [4] recycles 0 hard 0 soft 1 temp 1 loss 4.03 i_con 3.72 plddt 0.40 ptm 0.89 i_ptm 0.55 energy 4.91
9 models [2] recycles 0 hard 0 soft 1 temp 1 loss 3.98 i_con 3.71 plddt 0.43 ptm 0.88 i_ptm 0.57 energy 4.21
10 models [4] recycles 0 hard 0 soft 1 temp 1 loss 4.07 i_con 3.83 plddt 0.36 ptm 0.88 i_ptm 0.48 energy 3.62
11 models [0] recycles 0 hard 0 soft 1 temp 1 loss 4.01 i_con 3.79 plddt 0.36 ptm 0.85 i_ptm 0.47 energy 3.04
12 models [0] recycles 0 hard 0 soft 1 temp 1 loss 4.00 i_con 3.81 plddt 0.38 ptm 0.85 i_ptm 0.50 energy 2.66
13 models [0] recycles 0 hard 0 soft 1 temp 1 loss 3.91 i_con 3.73 plddt 0.42 ptm 0.86 i_ptm 0.54 energy 2.34
14 models [0] recycles 0 hard 0 soft 1 temp 1 loss 4.08 i_con 3.91 plddt 0.36 ptm 0.85 i_ptm 0.43 energy 2.24
15 models [3] recycles 0 hard 0 soft 1 temp 1 loss 3.86 i_con 3.69 plddt 0.39 ptm 0.87 i_ptm 0.51 energy 2.04
16 models [3] recycles 0 hard 0 soft 1 temp 1 loss 3.72 i_con 3.58 plddt 0.46 ptm 0.87 i_ptm 0.57 energy 1.76
17 models [4] recycles 0 hard 0 soft 1 temp 1 loss 3.99 i_con 3.85 plddt 0.35 ptm 0.88 i_ptm 0.46 energy 1.58
18 models [4] recycles 0 hard 0 soft 1 temp 1 loss 3.89 i_con 3.77 plddt 0.39 ptm 0.89 i_ptm 0.53 energy 1.35
19 models [2] recycles 0 hard 0 soft 1 temp 1 loss 4.00 i_con 3.89 plddt 0.40 ptm 0.87 i_ptm 0.50 energy 1.14
20 models [0] recycles 0 hard 0 soft 1 temp 1 loss 3.87 i_con 3.75 plddt 0.40 ptm 0.86 i_ptm 0.50 energy 1.12
21 models [4] recycles 0 hard 0 soft 1 temp 1 loss 4.00 i_con 3.88 plddt 0.31 ptm 0.88 i_ptm 0.44 energy 0.87
22 models [0] recycles 0 hard 0 soft 1 temp 1 loss 3.82 i_con 3.72 plddt 0.39 ptm 0.86 i_ptm 0.52 energy 0.67
23 models [0] recycles 0 hard 0 soft 1 temp 1 loss 3.88 i_con 3.80 plddt 0.39 ptm 0.86 i_ptm 0.46 energy 0.49
24 models [2] recycles 0 hard 0 soft 1 temp 1 loss 3.72 i_con 3.66 plddt 0.47 ptm 0.87 i_ptm 0.56 energy 0.02
25 models [3] recycles 0 hard 0 soft 1 temp 1 loss 4.45 i_con 4.38 plddt 0.26 ptm 0.84 i_ptm 0.12 energy -0.10
26 models [0] recycles 0 hard 0 soft 1 temp 1 loss 3.83 i_con 3.76 plddt 0.40 ptm 0.86 i_ptm 0.51 energy 0.07
27 models [4] recycles 0 hard 0 soft 1 temp 1 loss 4.78 i_con 4.72 plddt 0.26 ptm 0.87 i_ptm 0.20 energy -0.18
28 models [4] recycles 0 hard 0 soft 1 temp 1 loss 3.97 i_con 3.91 plddt 0.32 ptm 0.88 i_ptm 0.45 energy -0.14
29 models [3] recycles 0 hard 0 soft 1 temp 1 loss 3.74 i_con 3.71 plddt 0.41 ptm 0.86 i_ptm 0.54 energy -0.58
30 models [3] recycles 0 hard 0 soft 1 temp 1 loss 3.81 i_con 3.80 plddt 0.37 ptm 0.86 i_ptm 0.48 energy -1.06
31 models [4] recycles 0 hard 0 soft 1 temp 1 loss 4.87 i_con 4.86 plddt 0.24 ptm 0.86 i_ptm 0.14 energy -1.39
32 models [0] recycles 0 hard 0 soft 1 temp 1 loss 3.61 i_con 3.61 plddt 0.41 ptm 0.86 i_ptm 0.55 energy -1.09
33 models [0] recycles 0 hard 0 soft 1 temp 1 loss 3.79 i_con 3.82 plddt 0.40 ptm 0.86 i_ptm 0.48 energy -1.74
34 models [3] recycles 0 hard 0 soft 1 temp 1 loss 3.85 i_con 3.89 plddt 0.35 ptm 0.86 i_ptm 0.44 energy -2.14
35 models [2] recycles 0 hard 0 soft 1 temp 1 loss 3.72 i_con 3.75 plddt 0.43 ptm 0.87 i_ptm 0.53 energy -1.77
36 models [3] recycles 0 hard 0 soft 1 temp 1 loss 3.64 i_con 3.68 plddt 0.40 ptm 0.87 i_ptm 0.54 energy -2.09
37 models [3] recycles 0 hard 0 soft 1 temp 1 loss 3.60 i_con 3.64 plddt 0.39 ptm 0.86 i_ptm 0.55 energy -2.13
38 models [2] recycles 0 hard 0 soft 1 temp 1 loss 3.69 i_con 3.73 plddt 0.43 ptm 0.87 i_ptm 0.53 energy -1.95
39 models [3] recycles 0 hard 0 soft 1 temp 1 loss 3.65 i_con 3.70 plddt 0.38 ptm 0.87 i_ptm 0.53 energy -2.34
40 models [1] recycles 0 hard 0 soft 1 temp 1 loss 4.12 i_con 4.16 plddt 0.28 ptm 0.86 i_ptm 0.27 energy -2.36
41 models [0] recycles 0 hard 0 soft 1 temp 1 loss 3.76 i_con 3.81 plddt 0.38 ptm 0.85 i_ptm 0.46 energy -2.29
42 models [3] recycles 0 hard 0 soft 1 temp 1 loss 3.69 i_con 3.75 plddt 0.37 ptm 0.86 i_ptm 0.49 energy -2.56
43 models [4] recycles 0 hard 0 soft 1 temp 1 loss 3.94 i_con 4.00 plddt 0.32 ptm 0.88 i_ptm 0.40 energy -2.48
44 models [0] recycles 0 hard 0 soft 1 temp 1 loss 3.72 i_con 3.79 plddt 0.39 ptm 0.85 i_ptm 0.49 energy -2.54
45 models [1] recycles 0 hard 0 soft 1 temp 1 loss 4.13 i_con 4.19 plddt 0.26 ptm 0.86 i_ptm 0.22 energy -2.76
46 models [4] recycles 0 hard 0 soft 1 temp 1 loss 3.94 i_con 4.00 plddt 0.28 ptm 0.88 i_ptm 0.40 energy -2.72
47 models [4] recycles 0 hard 0 soft 1 temp 1 loss 4.02 i_con 4.09 plddt 0.33 ptm 0.88 i_ptm 0.35 energy -2.79
48 models [0] recycles 0 hard 0 soft 1 temp 1 loss 3.74 i_con 3.82 plddt 0.41 ptm 0.85 i_ptm 0.47 energy -2.71
49 models [3] recycles 0 hard 0 soft 1 temp 1 loss 3.44 i_con 3.53 plddt 0.50 ptm 0.87 i_ptm 0.63 energy -2.82
50 models [3] recycles 0 hard 0 soft 1 temp 1 loss 3.45 i_con 3.54 plddt 0.48 ptm 0.87 i_ptm 0.64 energy -2.72
51 models [4] recycles 0 hard 0 soft 1 temp 1 loss 3.27 i_con 3.76 plddt 0.42 ptm 0.89 i_ptm 0.55 energy -2.74
52 models [3] recycles 0 hard 0 soft 1 temp 1 loss 3.31 i_con 3.84 plddt 0.34 ptm 0.85 i_ptm 0.42 energy -3.00
53 models [4] recycles 0 hard 0 soft 1 temp 1 loss 3.25 i_con 3.77 plddt 0.40 ptm 0.89 i_ptm 0.51 energy -2.90
54 models [1] recycles 0 hard 0 soft 1 temp 1 loss 4.47 i_con 4.99 plddt 0.22 ptm 0.85 i_ptm 0.11 energy -2.99
55 models [0] recycles 0 hard 0 soft 1 temp 1 loss 2.94 i_con 3.49 plddt 0.53 ptm 0.86 i_ptm 0.59 energy -2.98
56 models [4] recycles 0 hard 0 soft 1 temp 1 loss 3.26 i_con 3.87 plddt 0.33 ptm 0.89 i_ptm 0.46 energy -3.35
57 models [0] recycles 0 hard 0 soft 1 temp 1 loss 3.13 i_con 3.77 plddt 0.42 ptm 0.86 i_ptm 0.50 energy -3.47
58 models [0] recycles 0 hard 0 soft 1 temp 1 loss 3.05 i_con 3.73 plddt 0.44 ptm 0.85 i_ptm 0.53 energy -3.71
59 models [2] recycles 0 hard 0 soft 1 temp 1 loss 3.26 i_con 3.95 plddt 0.33 ptm 0.86 i_ptm 0.41 energy -3.75
60 models [4] recycles 0 hard 0 soft 1 temp 1 loss 3.24 i_con 3.91 plddt 0.33 ptm 0.88 i_ptm 0.44 energy -3.69
61 models [3] recycles 0 hard 0 soft 1 temp 1 loss 2.95 i_con 3.67 plddt 0.42 ptm 0.87 i_ptm 0.54 energy -3.88
62 models [0] recycles 0 hard 0 soft 1 temp 1 loss 2.75 i_con 3.53 plddt 0.50 ptm 0.86 i_ptm 0.61 energy -4.13
63 models [1] recycles 0 hard 0 soft 1 temp 1 loss 4.02 i_con 4.76 plddt 0.23 ptm 0.85 i_ptm 0.12 energy -4.09
64 models [4] recycles 0 hard 0 soft 1 temp 1 loss 3.18 i_con 3.91 plddt 0.34 ptm 0.88 i_ptm 0.43 energy -3.98
65 models [4] recycles 0 hard 0 soft 1 temp 1 loss 3.29 i_con 4.05 plddt 0.29 ptm 0.88 i_ptm 0.33 energy -4.19
66 models [2] recycles 0 hard 0 soft 1 temp 1 loss 3.03 i_con 3.83 plddt 0.40 ptm 0.87 i_ptm 0.45 energy -4.32
67 models [4] recycles 0 hard 0 soft 1 temp 1 loss 5.44 i_con 6.24 plddt 0.26 ptm 0.87 i_ptm 0.20 energy -4.39
68 models [2] recycles 0 hard 0 soft 1 temp 1 loss 3.06 i_con 3.90 plddt 0.34 ptm 0.87 i_ptm 0.42 energy -4.54
69 models [3] recycles 0 hard 0 soft 1 temp 1 loss 2.84 i_con 3.70 plddt 0.40 ptm 0.86 i_ptm 0.53 energy -4.64
70 models [3] recycles 0 hard 0 soft 1 temp 1 loss 3.16 i_con 4.06 plddt 0.30 ptm 0.85 i_ptm 0.34 energy -4.83
71 models [3] recycles 0 hard 0 soft 1 temp 1 loss 2.91 i_con 3.77 plddt 0.34 ptm 0.87 i_ptm 0.45 energy -4.62
72 models [3] recycles 0 hard 0 soft 1 temp 1 loss 3.10 i_con 4.02 plddt 0.30 ptm 0.86 i_ptm 0.35 energy -4.94
73 models [3] recycles 0 hard 0 soft 1 temp 1 loss 2.99 i_con 3.90 plddt 0.31 ptm 0.86 i_ptm 0.41 energy -4.88
74 models [3] recycles 0 hard 0 soft 1 temp 1 loss 2.93 i_con 3.86 plddt 0.32 ptm 0.86 i_ptm 0.44 energy -5.02
75 models [4] recycles 0 hard 0 soft 1 temp 1 loss 2.97 i_con 3.95 plddt 0.31 ptm 0.88 i_ptm 0.39 energy -5.24
76 models [4] recycles 0 hard 0 soft 1 temp 1 loss 2.81 i_con 3.83 plddt 0.33 ptm 0.88 i_ptm 0.44 energy -5.45
77 models [0] recycles 0 hard 0 soft 1 temp 1 loss 2.94 i_con 4.02 plddt 0.33 ptm 0.84 i_ptm 0.37 energy -5.70
78 models [0] recycles 0 hard 0 soft 1 temp 1 loss 2.84 i_con 3.92 plddt 0.34 ptm 0.85 i_ptm 0.40 energy -5.77
79 models [4] recycles 0 hard 0 soft 1 temp 1 loss 2.94 i_con 4.06 plddt 0.29 ptm 0.87 i_ptm 0.34 energy -5.94
80 models [1] recycles 0 hard 0 soft 1 temp 1 loss 4.40 i_con 5.52 plddt 0.26 ptm 0.85 i_ptm 0.14 energy -5.99
81 models [3] recycles 0 hard 0 soft 1 temp 1 loss 3.03 i_con 4.17 plddt 0.28 ptm 0.84 i_ptm 0.27 energy -6.05
82 models [2] recycles 0 hard 0 soft 1 temp 1 loss 2.96 i_con 4.08 plddt 0.29 ptm 0.85 i_ptm 0.33 energy -5.98
83 models [1] recycles 0 hard 0 soft 1 temp 1 loss 3.77 i_con 4.88 plddt 0.21 ptm 0.85 i_ptm 0.11 energy -5.95
84 models [4] recycles 0 hard 0 soft 1 temp 1 loss 2.81 i_con 3.90 plddt 0.32 ptm 0.89 i_ptm 0.42 energy -5.80
85 models [1] recycles 0 hard 0 soft 1 temp 1 loss 3.93 i_con 5.07 plddt 0.21 ptm 0.85 i_ptm 0.14 energy -6.07
86 models [1] recycles 0 hard 0 soft 1 temp 1 loss 4.39 i_con 5.52 plddt 0.21 ptm 0.86 i_ptm 0.14 energy -6.03
87 models [1] recycles 0 hard 0 soft 1 temp 1 loss 3.42 i_con 4.50 plddt 0.23 ptm 0.86 i_ptm 0.15 energy -5.80
88 models [4] recycles 0 hard 0 soft 1 temp 1 loss 2.75 i_con 3.86 plddt 0.32 ptm 0.88 i_ptm 0.44 energy -5.86
89 models [3] recycles 0 hard 0 soft 1 temp 1 loss 2.68 i_con 3.83 plddt 0.33 ptm 0.86 i_ptm 0.44 energy -6.09
90 models [3] recycles 0 hard 0 soft 1 temp 1 loss 2.69 i_con 3.89 plddt 0.32 ptm 0.86 i_ptm 0.43 energy -6.31
91 models [3] recycles 0 hard 0 soft 1 temp 1 loss 2.62 i_con 3.85 plddt 0.32 ptm 0.86 i_ptm 0.42 energy -6.51
92 models [4] recycles 0 hard 0 soft 1 temp 1 loss 2.78 i_con 4.06 plddt 0.28 ptm 0.88 i_ptm 0.30 energy -6.75
93 models [4] recycles 0 hard 0 soft 1 temp 1 loss 2.62 i_con 3.93 plddt 0.30 ptm 0.88 i_ptm 0.34 energy -6.87
94 models [2] recycles 0 hard 0 soft 1 temp 1 loss 2.62 i_con 3.97 plddt 0.28 ptm 0.86 i_ptm 0.35 energy -7.10
95 models [4] recycles 0 hard 0 soft 1 temp 1 loss 2.54 i_con 3.92 plddt 0.29 ptm 0.88 i_ptm 0.38 energy -7.22
96 models [4] recycles 0 hard 0 soft 1 temp 1 loss 2.53 i_con 3.94 plddt 0.29 ptm 0.88 i_ptm 0.37 energy -7.42
97 models [3] recycles 0 hard 0 soft 1 temp 1 loss 2.67 i_con 4.11 plddt 0.26 ptm 0.85 i_ptm 0.29 energy -7.57
98 models [4] recycles 0 hard 0 soft 1 temp 1 loss 2.54 i_con 3.97 plddt 0.28 ptm 0.88 i_ptm 0.33 energy -7.53
99 models [1] recycles 0 hard 0 soft 1 temp 1 loss 4.36 i_con 5.81 plddt 0.25 ptm 0.86 i_ptm 0.21 energy -7.61
100 models [4] recycles 0 hard 0 soft 1 temp 1 loss 2.61 i_con 4.06 plddt 0.26 ptm 0.87 i_ptm 0.32 energy -7.62
101 models [3] recycles 0 hard 0 soft 0 temp 1 loss 2.59 i_con 4.25 plddt 0.24 ptm 0.85 i_ptm 0.23 energy -34.63
102 models [0] recycles 0 hard 0 soft 0 temp 0.98 loss 3.87 i_con 5.53 plddt 0.27 ptm 0.83 i_ptm 0.19 energy -34.68
103 models [0] recycles 0 hard 0 soft 0 temp 0.96 loss 3.45 i_con 5.10 plddt 0.26 ptm 0.83 i_ptm 0.16 energy -34.62
104 models [4] recycles 0 hard 0 soft 0 temp 0.94 loss 2.30 i_con 3.97 plddt 0.28 ptm 0.88 i_ptm 0.32 energy -35.02
105 models [4] recycles 0 hard 0 soft 0 temp 0.92 loss 2.29 i_con 3.99 plddt 0.28 ptm 0.88 i_ptm 0.34 energy -35.53
106 models [2] recycles 0 hard 0 soft 0 temp 0.90 loss 2.36 i_con 4.10 plddt 0.27 ptm 0.86 i_ptm 0.30 energy -36.24
107 models [4] recycles 0 hard 0 soft 0 temp 0.88 loss 2.16 i_con 3.92 plddt 0.29 ptm 0.88 i_ptm 0.36 energy -36.56
108 models [1] recycles 0 hard 0 soft 0 temp 0.86 loss 4.36 i_con 6.13 plddt 0.27 ptm 0.86 i_ptm 0.17 energy -36.84
109 models [1] recycles 0 hard 0 soft 0 temp 0.84 loss 4.25 i_con 6.04 plddt 0.30 ptm 0.86 i_ptm 0.23 energy -37.22
110 models [2] recycles 0 hard 0 soft 0 temp 0.82 loss 2.62 i_con 4.41 plddt 0.25 ptm 0.86 i_ptm 0.22 energy -37.29
111 models [4] recycles 0 hard 0 soft 0 temp 0.80 loss 3.11 i_con 4.90 plddt 0.22 ptm 0.87 i_ptm 0.16 energy -37.27
112 models [2] recycles 0 hard 0 soft 0 temp 0.78 loss 2.15 i_con 3.96 plddt 0.30 ptm 0.87 i_ptm 0.36 energy -37.65
113 models [1] recycles 0 hard 0 soft 0 temp 0.76 loss 3.87 i_con 5.73 plddt 0.28 ptm 0.86 i_ptm 0.15 energy -38.62
114 models [4] recycles 0 hard 0 soft 0 temp 0.74 loss 2.10 i_con 3.98 plddt 0.27 ptm 0.88 i_ptm 0.35 energy -39.03
115 models [2] recycles 0 hard 0 soft 0 temp 0.72 loss 1.99 i_con 3.89 plddt 0.30 ptm 0.87 i_ptm 0.40 energy -39.49
116 models [1] recycles 0 hard 0 soft 0 temp 0.70 loss 4.20 i_con 6.14 plddt 0.31 ptm 0.86 i_ptm 0.26 energy -40.18
117 models [1] recycles 0 hard 0 soft 0 temp 0.68 loss 3.89 i_con 5.85 plddt 0.28 ptm 0.86 i_ptm 0.18 energy -40.72
118 models [2] recycles 0 hard 0 soft 0 temp 0.66 loss 2.04 i_con 4.00 plddt 0.28 ptm 0.87 i_ptm 0.37 energy -40.72
119 models [4] recycles 0 hard 0 soft 0 temp 0.64 loss 2.99 i_con 4.98 plddt 0.20 ptm 0.87 i_ptm 0.12 energy -41.39
120 models [4] recycles 0 hard 0 soft 0 temp 0.62 loss 1.97 i_con 3.98 plddt 0.28 ptm 0.88 i_ptm 0.31 energy -41.60
121 models [4] recycles 0 hard 0 soft 0 temp 0.60 loss 2.16 i_con 4.20 plddt 0.26 ptm 0.88 i_ptm 0.27 energy -42.36
122 models [1] recycles 0 hard 0 soft 0 temp 0.58 loss 3.96 i_con 6.02 plddt 0.25 ptm 0.86 i_ptm 0.15 energy -42.63
123 models [2] recycles 0 hard 0 soft 0 temp 0.56 loss 1.91 i_con 3.99 plddt 0.28 ptm 0.87 i_ptm 0.35 energy -43.04
124 models [1] recycles 0 hard 0 soft 0 temp 0.54 loss 3.64 i_con 5.76 plddt 0.28 ptm 0.86 i_ptm 0.14 energy -43.91
125 models [0] recycles 0 hard 0 soft 0 temp 0.52 loss 2.77 i_con 4.91 plddt 0.24 ptm 0.83 i_ptm 0.09 energy -44.35
126 models [2] recycles 0 hard 0 soft 0 temp 0.50 loss 2.20 i_con 4.34 plddt 0.27 ptm 0.86 i_ptm 0.28 energy -44.30
127 models [1] recycles 0 hard 0 soft 0 temp 0.48 loss 3.38 i_con 5.54 plddt 0.28 ptm 0.85 i_ptm 0.15 energy -44.59
128 models [0] recycles 0 hard 0 soft 0 temp 0.46 loss 2.94 i_con 5.12 plddt 0.25 ptm 0.82 i_ptm 0.13 energy -45.20
129 models [0] recycles 0 hard 0 soft 0 temp 0.44 loss 2.54 i_con 4.74 plddt 0.26 ptm 0.82 i_ptm 0.13 energy -45.33
130 models [2] recycles 0 hard 0 soft 0 temp 0.42 loss 1.83 i_con 4.02 plddt 0.29 ptm 0.86 i_ptm 0.37 energy -45.23
131 models [1] recycles 0 hard 0 soft 0 temp 0.40 loss 2.23 i_con 4.46 plddt 0.25 ptm 0.86 i_ptm 0.19 energy -46.03
132 models [4] recycles 0 hard 0 soft 0 temp 0.38 loss 1.87 i_con 4.12 plddt 0.26 ptm 0.88 i_ptm 0.29 energy -46.46
133 models [2] recycles 0 hard 0 soft 0 temp 0.36 loss 1.72 i_con 3.98 plddt 0.30 ptm 0.87 i_ptm 0.36 energy -46.49
134 models [2] recycles 0 hard 0 soft 0 temp 0.34 loss 1.57 i_con 3.85 plddt 0.32 ptm 0.87 i_ptm 0.46 energy -47.09
135 models [4] recycles 0 hard 0 soft 0 temp 0.32 loss 2.15 i_con 4.47 plddt 0.22 ptm 0.87 i_ptm 0.19 energy -47.92
136 models [1] recycles 0 hard 0 soft 0 temp 0.30 loss 3.07 i_con 5.39 plddt 0.24 ptm 0.86 i_ptm 0.12 energy -47.97
137 models [3] recycles 0 hard 0 soft 0 temp 0.28 loss 1.57 i_con 3.89 plddt 0.31 ptm 0.86 i_ptm 0.40 energy -47.62
138 models [1] recycles 0 hard 0 soft 0 temp 0.26 loss 3.09 i_con 5.47 plddt 0.21 ptm 0.43 i_ptm 0.28 energy -49.17
139 models [3] recycles 0 hard 0 soft 0 temp 0.24 loss 1.54 i_con 3.93 plddt 0.32 ptm 0.86 i_ptm 0.38 energy -49.23
140 models [2] recycles 0 hard 0 soft 0 temp 0.22 loss 1.42 i_con 3.84 plddt 0.31 ptm 0.88 i_ptm 0.42 energy -49.69
141 models [4] recycles 0 hard 0 soft 0 temp 0.20 loss 2.51 i_con 4.95 plddt 0.23 ptm 0.87 i_ptm 0.18 energy -50.51
142 models [1] recycles 0 hard 0 soft 0 temp 0.18 loss 2.97 i_con 5.43 plddt 0.26 ptm 0.86 i_ptm 0.14 energy -50.77
143 models [3] recycles 0 hard 0 soft 0 temp 0.16 loss 1.45 i_con 3.92 plddt 0.30 ptm 0.86 i_ptm 0.38 energy -50.63
144 models [3] recycles 0 hard 0 soft 0 temp 0.14 loss 1.45 i_con 3.95 plddt 0.31 ptm 0.86 i_ptm 0.40 energy -51.38
145 models [4] recycles 0 hard 0 soft 0 temp 0.12 loss 2.52 i_con 5.06 plddt 0.24 ptm 0.87 i_ptm 0.18 energy -52.24
146 models [2] recycles 0 hard 0 soft 0 temp 0.10 loss 1.37 i_con 3.93 plddt 0.29 ptm 0.88 i_ptm 0.41 energy -52.60
147 models [1] recycles 0 hard 0 soft 0 temp 0.08 loss 2.72 i_con 5.34 plddt 0.24 ptm 0.85 i_ptm 0.12 energy -53.94
148 models [0] recycles 0 hard 0 soft 0 temp 0.06 loss 1.37 i_con 4.00 plddt 0.28 ptm 0.84 i_ptm 0.38 energy -53.94
149 models [3] recycles 0 hard 0 soft 0 temp 0.04 loss 1.32 i_con 3.99 plddt 0.29 ptm 0.86 i_ptm 0.37 energy -54.88
150 models [0] recycles 0 hard 0 soft 0 temp 0.02 loss 1.37 i_con 4.09 plddt 0.28 ptm 0.84 i_ptm 0.31 energy -55.88
151 models [1] recycles 0 hard 1 soft 0 temp 0.00 loss 1.39 i_con 5.76 plddt 0.24 ptm 0.86 i_ptm 0.23 energy -8.89
152 models [1] recycles 0 hard 1 soft 0 temp 0.00 loss 1.39 i_con 5.76 plddt 0.24 ptm 0.86 i_ptm 0.23 energy -8.89
153 models [1] recycles 0 hard 1 soft 0 temp 0.00 loss 1.39 i_con 5.76 plddt 0.24 ptm 0.86 i_ptm 0.23 energy -8.89
154 models [2] recycles 0 hard 1 soft 0 temp 0.00 loss 0.86 i_con 5.22 plddt 0.23 ptm 0.85 i_ptm 0.19 energy -8.89
155 models [2] recycles 0 hard 1 soft 0 temp 0.00 loss 0.86 i_con 5.22 plddt 0.23 ptm 0.85 i_ptm 0.19 energy -8.89
156 models [2] recycles 0 hard 1 soft 0 temp 0.00 loss 0.86 i_con 5.22 plddt 0.23 ptm 0.85 i_ptm 0.19 energy -8.89
157 models [4] recycles 0 hard 1 soft 0 temp 0.00 loss 1.25 i_con 5.61 plddt 0.19 ptm 0.87 i_ptm 0.17 energy -8.89
158 models [2] recycles 0 hard 1 soft 0 temp 0.00 loss 0.86 i_con 5.22 plddt 0.23 ptm 0.85 i_ptm 0.19 energy -8.89
159 models [0] recycles 0 hard 1 soft 0 temp 0.00 loss 0.44 i_con 4.81 plddt 0.20 ptm 0.83 i_ptm 0.14 energy -8.89
160 models [2] recycles 0 hard 1 soft 0 temp 0.00 loss 0.86 i_con 5.22 plddt 0.23 ptm 0.85 i_ptm 0.19 energy -8.89
161 models [4] recycles 0 hard 1 soft 0 temp 0.00 loss 1.25 i_con 5.61 plddt 0.19 ptm 0.87 i_ptm 0.17 energy -8.89
162 models [0] recycles 0 hard 1 soft 0 temp 0.00 loss 0.44 i_con 4.81 plddt 0.20 ptm 0.83 i_ptm 0.14 energy -8.89
163 models [0] recycles 0 hard 1 soft 0 temp 0.00 loss 0.44 i_con 4.81 plddt 0.20 ptm 0.83 i_ptm 0.14 energy -8.89
164 models [2] recycles 0 hard 1 soft 0 temp 0.00 loss 0.86 i_con 5.22 plddt 0.23 ptm 0.85 i_ptm 0.19 energy -8.89
165 models [3] recycles 0 hard 1 soft 0 temp 0.00 loss 0.62 i_con 4.99 plddt 0.20 ptm 0.84 i_ptm 0.18 energy -8.89
166 models [0] recycles 0 hard 1 soft 0 temp 0.00 loss 0.44 i_con 4.81 plddt 0.20 ptm 0.83 i_ptm 0.14 energy -8.89
167 models [1] recycles 0 hard 1 soft 0 temp 0.00 loss 1.39 i_con 5.76 plddt 0.24 ptm 0.86 i_ptm 0.23 energy -8.89
168 models [3] recycles 0 hard 1 soft 0 temp 0.00 loss 0.62 i_con 4.99 plddt 0.20 ptm 0.84 i_ptm 0.18 energy -8.89
169 models [1] recycles 0 hard 1 soft 0 temp 0.00 loss 1.39 i_con 5.76 plddt 0.24 ptm 0.86 i_ptm 0.23 energy -8.89
170 models [2] recycles 0 hard 1 soft 0 temp 0.00 loss 0.86 i_con 5.22 plddt 0.23 ptm 0.85 i_ptm 0.19 energy -8.89
171 models [1] recycles 0 hard 1 soft 0 temp 0.00 loss 1.39 i_con 5.76 plddt 0.24 ptm 0.86 i_ptm 0.23 energy -8.89
172 models [1] recycles 0 hard 1 soft 0 temp 0.00 loss 1.39 i_con 5.76 plddt 0.24 ptm 0.86 i_ptm 0.23 energy -8.89
173 models [4] recycles 0 hard 1 soft 0 temp 0.00 loss 1.25 i_con 5.61 plddt 0.19 ptm 0.87 i_ptm 0.17 energy -8.89
174 models [4] recycles 0 hard 1 soft 0 temp 0.00 loss 1.25 i_con 5.61 plddt 0.19 ptm 0.87 i_ptm 0.17 energy -8.89
175 models [4] recycles 0 hard 1 soft 0 temp 0.00 loss 1.25 i_con 5.61 plddt 0.19 ptm 0.87 i_ptm 0.17 energy -8.89
176 models [1] recycles 0 hard 1 soft 0 temp 0.00 loss 1.39 i_con 5.76 plddt 0.24 ptm 0.86 i_ptm 0.23 energy -8.89
177 models [0] recycles 0 hard 1 soft 0 temp 0.00 loss 0.44 i_con 4.81 plddt 0.20 ptm 0.83 i_ptm 0.14 energy -8.89
178 models [2] recycles 0 hard 1 soft 0 temp 0.00 loss 0.86 i_con 5.22 plddt 0.23 ptm 0.85 i_ptm 0.19 energy -8.89
179 models [2] recycles 0 hard 1 soft 0 temp 0.00 loss 0.86 i_con 5.22 plddt 0.23 ptm 0.85 i_ptm 0.19 energy -8.89
180 models [1] recycles 0 hard 1 soft 0 temp 0.00 loss 1.39 i_con 5.76 plddt 0.24 ptm 0.86 i_ptm 0.23 energy -8.89
  seq=AIGLIPEFVNYYWFC  loss=1.3929  loss_af=5.8355  energy=-8.8853  i_ptm=0.2253
[22/30] seed=21 ...
1 models [4] recycles 0 hard 0 soft 1 temp 1 loss 4.36 i_con 3.92 plddt 0.31 ptm 0.89 i_ptm 0.40 energy 7.40
2 models [2] recycles 0 hard 0 soft 1 temp 1 loss 5.74 i_con 5.31 plddt 0.21 ptm 0.85 i_ptm 0.13 energy 7.03
3 models [3] recycles 0 hard 0 soft 1 temp 1 loss 4.16 i_con 3.76 plddt 0.38 ptm 0.86 i_ptm 0.50 energy 6.85
4 models [4] recycles 0 hard 0 soft 1 temp 1 loss 4.46 i_con 4.08 plddt 0.26 ptm 0.88 i_ptm 0.32 energy 6.10
5 models [2] recycles 0 hard 0 soft 1 temp 1 loss 4.27 i_con 3.92 plddt 0.33 ptm 0.86 i_ptm 0.40 energy 5.61
6 models [4] recycles 0 hard 0 soft 1 temp 1 loss 4.12 i_con 3.81 plddt 0.33 ptm 0.88 i_ptm 0.44 energy 4.83
7 models [3] recycles 0 hard 0 soft 1 temp 1 loss 4.03 i_con 3.76 plddt 0.36 ptm 0.86 i_ptm 0.45 energy 4.11
8 models [3] recycles 0 hard 0 soft 1 temp 1 loss 4.05 i_con 3.80 plddt 0.34 ptm 0.86 i_ptm 0.44 energy 3.74
9 models [3] recycles 0 hard 0 soft 1 temp 1 loss 4.01 i_con 3.78 plddt 0.33 ptm 0.86 i_ptm 0.42 energy 3.18
10 models [3] recycles 0 hard 0 soft 1 temp 1 loss 4.32 i_con 4.10 plddt 0.28 ptm 0.85 i_ptm 0.26 energy 2.83
11 models [4] recycles 0 hard 0 soft 1 temp 1 loss 4.36 i_con 4.15 plddt 0.29 ptm 0.88 i_ptm 0.30 energy 2.73
12 models [1] recycles 0 hard 0 soft 1 temp 1 loss 4.68 i_con 4.47 plddt 0.23 ptm 0.86 i_ptm 0.19 energy 2.73
13 models [2] recycles 0 hard 0 soft 1 temp 1 loss 4.08 i_con 3.89 plddt 0.34 ptm 0.87 i_ptm 0.43 energy 2.39
14 models [4] recycles 0 hard 0 soft 1 temp 1 loss 4.24 i_con 4.05 plddt 0.28 ptm 0.88 i_ptm 0.36 energy 2.31
15 models [0] recycles 0 hard 0 soft 1 temp 1 loss 4.23 i_con 4.05 plddt 0.30 ptm 0.84 i_ptm 0.33 energy 2.19
16 models [1] recycles 0 hard 0 soft 1 temp 1 loss 5.47 i_con 5.29 plddt 0.20 ptm 0.86 i_ptm 0.14 energy 2.01
17 models [2] recycles 0 hard 0 soft 1 temp 1 loss 3.95 i_con 3.79 plddt 0.35 ptm 0.87 i_ptm 0.44 energy 1.82
18 models [3] recycles 0 hard 0 soft 1 temp 1 loss 4.04 i_con 3.89 plddt 0.32 ptm 0.86 i_ptm 0.42 energy 1.59
19 models [0] recycles 0 hard 0 soft 1 temp 1 loss 4.64 i_con 4.49 plddt 0.22 ptm 0.84 i_ptm 0.19 energy 1.35
20 models [3] recycles 0 hard 0 soft 1 temp 1 loss 3.92 i_con 3.80 plddt 0.35 ptm 0.86 i_ptm 0.42 energy 1.17
21 models [4] recycles 0 hard 0 soft 1 temp 1 loss 3.97 i_con 3.86 plddt 0.30 ptm 0.88 i_ptm 0.40 energy 0.84
22 models [3] recycles 0 hard 0 soft 1 temp 1 loss 3.85 i_con 3.76 plddt 0.35 ptm 0.86 i_ptm 0.46 energy 0.52
23 models [3] recycles 0 hard 0 soft 1 temp 1 loss 3.83 i_con 3.76 plddt 0.35 ptm 0.86 i_ptm 0.45 energy 0.14
24 models [3] recycles 0 hard 0 soft 1 temp 1 loss 3.78 i_con 3.73 plddt 0.35 ptm 0.86 i_ptm 0.46 energy -0.19
25 models [1] recycles 0 hard 0 soft 1 temp 1 loss 4.13 i_con 4.08 plddt 0.26 ptm 0.86 i_ptm 0.32 energy -0.33
26 models [3] recycles 0 hard 0 soft 1 temp 1 loss 3.76 i_con 3.72 plddt 0.36 ptm 0.86 i_ptm 0.46 energy -0.45
27 models [1] recycles 0 hard 0 soft 1 temp 1 loss 4.40 i_con 4.36 plddt 0.24 ptm 0.85 i_ptm 0.20 energy -0.69
28 models [1] recycles 0 hard 0 soft 1 temp 1 loss 4.10 i_con 4.06 plddt 0.28 ptm 0.86 i_ptm 0.30 energy -0.65
29 models [0] recycles 0 hard 0 soft 1 temp 1 loss 4.10 i_con 4.08 plddt 0.28 ptm 0.84 i_ptm 0.32 energy -1.05
30 models [0] recycles 0 hard 0 soft 1 temp 1 loss 3.93 i_con 3.93 plddt 0.30 ptm 0.85 i_ptm 0.38 energy -1.34
31 models [1] recycles 0 hard 0 soft 1 temp 1 loss 4.10 i_con 4.12 plddt 0.26 ptm 0.86 i_ptm 0.30 energy -1.74
32 models [2] recycles 0 hard 0 soft 1 temp 1 loss 3.64 i_con 3.67 plddt 0.37 ptm 0.87 i_ptm 0.52 energy -1.69
33 models [1] recycles 0 hard 0 soft 1 temp 1 loss 4.80 i_con 4.83 plddt 0.22 ptm 0.86 i_ptm 0.13 energy -2.07
34 models [2] recycles 0 hard 0 soft 1 temp 1 loss 3.76 i_con 3.80 plddt 0.33 ptm 0.87 i_ptm 0.46 energy -2.07
35 models [3] recycles 0 hard 0 soft 1 temp 1 loss 3.79 i_con 3.83 plddt 0.34 ptm 0.86 i_ptm 0.43 energy -2.23
36 models [3] recycles 0 hard 0 soft 1 temp 1 loss 3.63 i_con 3.68 plddt 0.35 ptm 0.86 i_ptm 0.47 energy -2.36
37 models [2] recycles 0 hard 0 soft 1 temp 1 loss 3.60 i_con 3.66 plddt 0.39 ptm 0.88 i_ptm 0.52 energy -2.52
38 models [1] recycles 0 hard 0 soft 1 temp 1 loss 4.76 i_con 4.81 plddt 0.23 ptm 0.85 i_ptm 0.12 energy -2.60
39 models [3] recycles 0 hard 0 soft 1 temp 1 loss 3.67 i_con 3.73 plddt 0.34 ptm 0.86 i_ptm 0.45 energy -2.59
40 models [2] recycles 0 hard 0 soft 1 temp 1 loss 3.60 i_con 3.67 plddt 0.38 ptm 0.87 i_ptm 0.51 energy -2.66
41 models [3] recycles 0 hard 0 soft 1 temp 1 loss 3.66 i_con 3.73 plddt 0.33 ptm 0.86 i_ptm 0.46 energy -2.76
42 models [1] recycles 0 hard 0 soft 1 temp 1 loss 3.77 i_con 3.85 plddt 0.31 ptm 0.87 i_ptm 0.39 energy -2.93
43 models [4] recycles 0 hard 0 soft 1 temp 1 loss 3.51 i_con 3.60 plddt 0.39 ptm 0.89 i_ptm 0.53 energy -2.89
44 models [0] recycles 0 hard 0 soft 1 temp 1 loss 3.74 i_con 3.83 plddt 0.37 ptm 0.85 i_ptm 0.42 energy -2.93
45 models [2] recycles 0 hard 0 soft 1 temp 1 loss 3.61 i_con 3.69 plddt 0.36 ptm 0.87 i_ptm 0.49 energy -3.03
46 models [3] recycles 0 hard 0 soft 1 temp 1 loss 3.63 i_con 3.72 plddt 0.37 ptm 0.86 i_ptm 0.49 energy -3.07
47 models [1] recycles 0 hard 0 soft 1 temp 1 loss 3.88 i_con 3.96 plddt 0.30 ptm 0.86 i_ptm 0.36 energy -3.15
48 models [2] recycles 0 hard 0 soft 1 temp 1 loss 3.61 i_con 3.70 plddt 0.38 ptm 0.87 i_ptm 0.51 energy -3.18
49 models [1] recycles 0 hard 0 soft 1 temp 1 loss 4.10 i_con 4.19 plddt 0.24 ptm 0.86 i_ptm 0.25 energy -3.25
50 models [0] recycles 0 hard 0 soft 1 temp 1 loss 3.71 i_con 3.80 plddt 0.35 ptm 0.85 i_ptm 0.45 energy -3.21
51 models [1] recycles 0 hard 0 soft 1 temp 1 loss 3.53 i_con 4.13 plddt 0.24 ptm 0.86 i_ptm 0.24 energy -3.40
52 models [4] recycles 0 hard 0 soft 1 temp 1 loss 3.07 i_con 3.68 plddt 0.35 ptm 0.89 i_ptm 0.48 energy -3.39
53 models [1] recycles 0 hard 0 soft 1 temp 1 loss 3.21 i_con 3.86 plddt 0.32 ptm 0.87 i_ptm 0.41 energy -3.58
54 models [3] recycles 0 hard 0 soft 1 temp 1 loss 3.02 i_con 3.71 plddt 0.36 ptm 0.86 i_ptm 0.47 energy -3.75
55 models [4] recycles 0 hard 0 soft 1 temp 1 loss 3.01 i_con 3.71 plddt 0.35 ptm 0.88 i_ptm 0.50 energy -3.85
56 models [4] recycles 0 hard 0 soft 1 temp 1 loss 2.93 i_con 3.69 plddt 0.34 ptm 0.89 i_ptm 0.48 energy -4.11
57 models [1] recycles 0 hard 0 soft 1 temp 1 loss 3.19 i_con 3.93 plddt 0.29 ptm 0.87 i_ptm 0.34 energy -4.07
58 models [2] recycles 0 hard 0 soft 1 temp 1 loss 2.88 i_con 3.69 plddt 0.37 ptm 0.87 i_ptm 0.50 energy -4.34
59 models [3] recycles 0 hard 0 soft 1 temp 1 loss 2.91 i_con 3.74 plddt 0.35 ptm 0.87 i_ptm 0.49 energy -4.50
60 models [2] recycles 0 hard 0 soft 1 temp 1 loss 2.90 i_con 3.77 plddt 0.36 ptm 0.87 i_ptm 0.47 energy -4.67
61 models [2] recycles 0 hard 0 soft 1 temp 1 loss 2.93 i_con 3.79 plddt 0.34 ptm 0.87 i_ptm 0.47 energy -4.65
62 models [3] recycles 0 hard 0 soft 1 temp 1 loss 2.87 i_con 3.77 plddt 0.35 ptm 0.86 i_ptm 0.47 energy -4.81
63 models [0] recycles 0 hard 0 soft 1 temp 1 loss 3.08 i_con 4.00 plddt 0.32 ptm 0.85 i_ptm 0.37 energy -4.95
64 models [1] recycles 0 hard 0 soft 1 temp 1 loss 4.80 i_con 5.73 plddt 0.24 ptm 0.85 i_ptm 0.14 energy -5.06
65 models [3] recycles 0 hard 0 soft 1 temp 1 loss 2.78 i_con 3.71 plddt 0.35 ptm 0.86 i_ptm 0.47 energy -4.96
66 models [4] recycles 0 hard 0 soft 1 temp 1 loss 2.84 i_con 3.77 plddt 0.31 ptm 0.88 i_ptm 0.43 energy -5.02
67 models [0] recycles 0 hard 0 soft 1 temp 1 loss 2.82 i_con 3.80 plddt 0.38 ptm 0.85 i_ptm 0.45 energy -5.20
68 models [4] recycles 0 hard 0 soft 1 temp 1 loss 2.67 i_con 3.69 plddt 0.39 ptm 0.89 i_ptm 0.49 energy -5.38
69 models [0] recycles 0 hard 0 soft 1 temp 1 loss 2.82 i_con 3.87 plddt 0.34 ptm 0.85 i_ptm 0.44 energy -5.56
70 models [2] recycles 0 hard 0 soft 1 temp 1 loss 2.71 i_con 3.77 plddt 0.37 ptm 0.87 i_ptm 0.47 energy -5.60
71 models [0] recycles 0 hard 0 soft 1 temp 1 loss 3.02 i_con 4.09 plddt 0.29 ptm 0.84 i_ptm 0.32 energy -5.70
72 models [1] recycles 0 hard 0 soft 1 temp 1 loss 2.99 i_con 4.07 plddt 0.29 ptm 0.86 i_ptm 0.32 energy -5.76
73 models [3] recycles 0 hard 0 soft 1 temp 1 loss 2.76 i_con 3.84 plddt 0.35 ptm 0.86 i_ptm 0.45 energy -5.74
74 models [0] recycles 0 hard 0 soft 1 temp 1 loss 2.87 i_con 3.95 plddt 0.33 ptm 0.85 i_ptm 0.39 energy -5.73
75 models [3] recycles 0 hard 0 soft 1 temp 1 loss 2.69 i_con 3.80 plddt 0.35 ptm 0.87 i_ptm 0.46 energy -5.85
76 models [4] recycles 0 hard 0 soft 1 temp 1 loss 2.60 i_con 3.72 plddt 0.34 ptm 0.88 i_ptm 0.46 energy -5.96
77 models [4] recycles 0 hard 0 soft 1 temp 1 loss 2.61 i_con 3.75 plddt 0.31 ptm 0.88 i_ptm 0.43 energy -6.03
78 models [4] recycles 0 hard 0 soft 1 temp 1 loss 2.77 i_con 3.92 plddt 0.29 ptm 0.88 i_ptm 0.35 energy -6.08
79 models [0] recycles 0 hard 0 soft 1 temp 1 loss 2.81 i_con 3.98 plddt 0.32 ptm 0.84 i_ptm 0.37 energy -6.17
80 models [4] recycles 0 hard 0 soft 1 temp 1 loss 2.59 i_con 3.77 plddt 0.33 ptm 0.88 i_ptm 0.43 energy -6.21
81 models [2] recycles 0 hard 0 soft 1 temp 1 loss 2.61 i_con 3.81 plddt 0.35 ptm 0.86 i_ptm 0.44 energy -6.30
82 models [0] recycles 0 hard 0 soft 1 temp 1 loss 2.76 i_con 3.98 plddt 0.33 ptm 0.85 i_ptm 0.38 energy -6.43
83 models [0] recycles 0 hard 0 soft 1 temp 1 loss 2.72 i_con 3.93 plddt 0.34 ptm 0.84 i_ptm 0.39 energy -6.36
84 models [0] recycles 0 hard 0 soft 1 temp 1 loss 2.64 i_con 3.86 plddt 0.33 ptm 0.85 i_ptm 0.42 energy -6.46
85 models [3] recycles 0 hard 0 soft 1 temp 1 loss 2.39 i_con 3.66 plddt 0.40 ptm 0.87 i_ptm 0.54 energy -6.67
86 models [1] recycles 0 hard 0 soft 1 temp 1 loss 3.81 i_con 5.09 plddt 0.25 ptm 0.85 i_ptm 0.12 energy -6.79
87 models [3] recycles 0 hard 0 soft 1 temp 1 loss 2.47 i_con 3.72 plddt 0.37 ptm 0.87 i_ptm 0.50 energy -6.58
88 models [4] recycles 0 hard 0 soft 1 temp 1 loss 2.44 i_con 3.73 plddt 0.37 ptm 0.89 i_ptm 0.48 energy -6.76
89 models [3] recycles 0 hard 0 soft 1 temp 1 loss 2.66 i_con 3.96 plddt 0.31 ptm 0.85 i_ptm 0.35 energy -6.88
90 models [1] recycles 0 hard 0 soft 1 temp 1 loss 3.93 i_con 5.23 plddt 0.23 ptm 0.85 i_ptm 0.12 energy -6.89
91 models [3] recycles 0 hard 0 soft 1 temp 1 loss 2.38 i_con 3.67 plddt 0.37 ptm 0.87 i_ptm 0.55 energy -6.79
92 models [2] recycles 0 hard 0 soft 1 temp 1 loss 2.44 i_con 3.75 plddt 0.36 ptm 0.87 i_ptm 0.47 energy -6.87
93 models [4] recycles 0 hard 0 soft 1 temp 1 loss 2.42 i_con 3.74 plddt 0.35 ptm 0.88 i_ptm 0.45 energy -6.92
94 models [4] recycles 0 hard 0 soft 1 temp 1 loss 2.44 i_con 3.78 plddt 0.32 ptm 0.88 i_ptm 0.44 energy -7.04
95 models [1] recycles 0 hard 0 soft 1 temp 1 loss 4.17 i_con 5.51 plddt 0.26 ptm 0.85 i_ptm 0.15 energy -7.06
96 models [4] recycles 0 hard 0 soft 1 temp 1 loss 2.50 i_con 3.83 plddt 0.32 ptm 0.88 i_ptm 0.41 energy -6.99
97 models [3] recycles 0 hard 0 soft 1 temp 1 loss 2.23 i_con 3.60 plddt 0.43 ptm 0.87 i_ptm 0.56 energy -7.11
98 models [1] recycles 0 hard 0 soft 1 temp 1 loss 4.56 i_con 5.92 plddt 0.26 ptm 0.86 i_ptm 0.18 energy -7.15
99 models [0] recycles 0 hard 0 soft 1 temp 1 loss 2.55 i_con 3.91 plddt 0.33 ptm 0.85 i_ptm 0.38 energy -7.16
100 models [3] recycles 0 hard 0 soft 1 temp 1 loss 2.68 i_con 4.05 plddt 0.29 ptm 0.85 i_ptm 0.31 energy -7.21
101 models [4] recycles 0 hard 0 soft 0 temp 1 loss 3.99 i_con 5.85 plddt 0.22 ptm 0.87 i_ptm 0.17 energy -38.80
102 models [4] recycles 0 hard 0 soft 0 temp 0.98 loss 3.70 i_con 5.58 plddt 0.19 ptm 0.83 i_ptm 0.16 energy -39.32
103 models [1] recycles 0 hard 0 soft 0 temp 0.96 loss 4.13 i_con 6.01 plddt 0.28 ptm 0.86 i_ptm 0.17 energy -38.91
104 models [2] recycles 0 hard 0 soft 0 temp 0.94 loss 3.04 i_con 4.91 plddt 0.23 ptm 0.85 i_ptm 0.12 energy -38.87
105 models [4] recycles 0 hard 0 soft 0 temp 0.92 loss 2.39 i_con 4.26 plddt 0.24 ptm 0.88 i_ptm 0.24 energy -38.92
106 models [1] recycles 0 hard 0 soft 0 temp 0.90 loss 4.58 i_con 6.46 plddt 0.28 ptm 0.87 i_ptm 0.24 energy -39.18
107 models [2] recycles 0 hard 0 soft 0 temp 0.88 loss 2.19 i_con 4.08 plddt 0.29 ptm 0.86 i_ptm 0.36 energy -39.23
108 models [2] recycles 0 hard 0 soft 0 temp 0.86 loss 3.15 i_con 5.05 plddt 0.25 ptm 0.85 i_ptm 0.14 energy -39.41
109 models [4] recycles 0 hard 0 soft 0 temp 0.84 loss 2.00 i_con 3.90 plddt 0.30 ptm 0.88 i_ptm 0.40 energy -39.30
110 models [0] recycles 0 hard 0 soft 0 temp 0.82 loss 2.07 i_con 4.02 plddt 0.30 ptm 0.85 i_ptm 0.35 energy -40.44
111 models [3] recycles 0 hard 0 soft 0 temp 0.80 loss 3.52 i_con 5.50 plddt 0.27 ptm 0.84 i_ptm 0.19 energy -41.00
112 models [3] recycles 0 hard 0 soft 0 temp 0.78 loss 2.22 i_con 4.20 plddt 0.24 ptm 0.85 i_ptm 0.25 energy -41.17
113 models [2] recycles 0 hard 0 soft 0 temp 0.76 loss 2.06 i_con 4.06 plddt 0.29 ptm 0.86 i_ptm 0.33 energy -41.32
114 models [1] recycles 0 hard 0 soft 0 temp 0.74 loss 3.96 i_con 5.96 plddt 0.26 ptm 0.85 i_ptm 0.16 energy -41.44
115 models [0] recycles 0 hard 0 soft 0 temp 0.72 loss 2.19 i_con 4.21 plddt 0.24 ptm 0.84 i_ptm 0.27 energy -41.80
116 models [3] recycles 0 hard 0 soft 0 temp 0.70 loss 2.48 i_con 4.51 plddt 0.21 ptm 0.12 i_ptm 0.33 energy -42.17
117 models [4] recycles 0 hard 0 soft 0 temp 0.68 loss 1.90 i_con 3.95 plddt 0.26 ptm 0.88 i_ptm 0.38 energy -42.40
118 models [3] recycles 0 hard 0 soft 0 temp 0.66 loss 2.22 i_con 4.30 plddt 0.26 ptm 0.84 i_ptm 0.23 energy -42.99
119 models [0] recycles 0 hard 0 soft 0 temp 0.64 loss 1.97 i_con 4.05 plddt 0.30 ptm 0.84 i_ptm 0.35 energy -43.09
120 models [1] recycles 0 hard 0 soft 0 temp 0.62 loss 4.16 i_con 6.28 plddt 0.30 ptm 0.86 i_ptm 0.23 energy -43.75
121 models [4] recycles 0 hard 0 soft 0 temp 0.60 loss 3.04 i_con 5.19 plddt 0.22 ptm 0.87 i_ptm 0.15 energy -44.57
122 models [4] recycles 0 hard 0 soft 0 temp 0.58 loss 2.62 i_con 4.77 plddt 0.22 ptm 0.87 i_ptm 0.14 energy -44.47
123 models [4] recycles 0 hard 0 soft 0 temp 0.56 loss 3.28 i_con 5.44 plddt 0.23 ptm 0.87 i_ptm 0.13 energy -44.72
124 models [1] recycles 0 hard 0 soft 0 temp 0.54 loss 3.70 i_con 5.85 plddt 0.26 ptm 0.86 i_ptm 0.15 energy -44.58
125 models [4] recycles 0 hard 0 soft 0 temp 0.52 loss 1.90 i_con 4.06 plddt 0.27 ptm 0.88 i_ptm 0.35 energy -44.79
126 models [0] recycles 0 hard 0 soft 0 temp 0.50 loss 1.83 i_con 4.03 plddt 0.28 ptm 0.83 i_ptm 0.34 energy -45.30
127 models [4] recycles 0 hard 0 soft 0 temp 0.48 loss 1.94 i_con 4.18 plddt 0.24 ptm 0.87 i_ptm 0.27 energy -46.30
128 models [2] recycles 0 hard 0 soft 0 temp 0.46 loss 1.83 i_con 4.08 plddt 0.30 ptm 0.87 i_ptm 0.36 energy -46.44
129 models [0] recycles 0 hard 0 soft 0 temp 0.44 loss 1.70 i_con 3.99 plddt 0.29 ptm 0.84 i_ptm 0.34 energy -47.22
130 models [4] recycles 0 hard 0 soft 0 temp 0.42 loss 2.79 i_con 5.13 plddt 0.21 ptm 0.86 i_ptm 0.10 energy -48.36
131 models [0] recycles 0 hard 0 soft 0 temp 0.40 loss 1.65 i_con 3.99 plddt 0.29 ptm 0.84 i_ptm 0.34 energy -48.28
132 models [2] recycles 0 hard 0 soft 0 temp 0.38 loss 1.50 i_con 3.87 plddt 0.33 ptm 0.87 i_ptm 0.42 energy -48.82
133 models [4] recycles 0 hard 0 soft 0 temp 0.36 loss 3.30 i_con 5.70 plddt 0.24 ptm 0.87 i_ptm 0.16 energy -49.44
134 models [0] recycles 0 hard 0 soft 0 temp 0.34 loss 1.51 i_con 3.91 plddt 0.33 ptm 0.84 i_ptm 0.39 energy -49.47
135 models [0] recycles 0 hard 0 soft 0 temp 0.32 loss 1.62 i_con 4.09 plddt 0.28 ptm 0.84 i_ptm 0.32 energy -50.86
136 models [0] recycles 0 hard 0 soft 0 temp 0.30 loss 1.41 i_con 3.93 plddt 0.32 ptm 0.84 i_ptm 0.41 energy -51.73
137 models [2] recycles 0 hard 0 soft 0 temp 0.28 loss 1.19 i_con 3.78 plddt 0.35 ptm 0.87 i_ptm 0.48 energy -53.17
138 models [3] recycles 0 hard 0 soft 0 temp 0.26 loss 1.24 i_con 3.84 plddt 0.32 ptm 0.86 i_ptm 0.41 energy -53.43
139 models [0] recycles 0 hard 0 soft 0 temp 0.24 loss 1.16 i_con 3.84 plddt 0.32 ptm 0.84 i_ptm 0.41 energy -54.84
140 models [2] recycles 0 hard 0 soft 0 temp 0.22 loss 0.95 i_con 3.71 plddt 0.37 ptm 0.87 i_ptm 0.48 energy -56.39
141 models [2] recycles 0 hard 0 soft 0 temp 0.20 loss 1.02 i_con 3.84 plddt 0.35 ptm 0.87 i_ptm 0.43 energy -57.78
142 models [4] recycles 0 hard 0 soft 0 temp 0.18 loss 0.99 i_con 3.87 plddt 0.32 ptm 0.88 i_ptm 0.42 energy -58.94
143 models [0] recycles 0 hard 0 soft 0 temp 0.16 loss 1.07 i_con 3.97 plddt 0.31 ptm 0.84 i_ptm 0.34 energy -59.43
144 models [3] recycles 0 hard 0 soft 0 temp 0.14 loss 2.68 i_con 5.63 plddt 0.28 ptm 0.85 i_ptm 0.20 energy -60.51
145 models [3] recycles 0 hard 0 soft 0 temp 0.12 loss 2.14 i_con 5.10 plddt 0.26 ptm 0.84 i_ptm 0.16 energy -60.63
146 models [1] recycles 0 hard 0 soft 0 temp 0.10 loss 2.33 i_con 5.29 plddt 0.27 ptm 0.85 i_ptm 0.16 energy -60.66
147 models [0] recycles 0 hard 0 soft 0 temp 0.08 loss 0.99 i_con 3.96 plddt 0.30 ptm 0.85 i_ptm 0.37 energy -60.65
148 models [1] recycles 0 hard 0 soft 0 temp 0.06 loss 2.52 i_con 5.48 plddt 0.25 ptm 0.86 i_ptm 0.18 energy -60.86
149 models [0] recycles 0 hard 0 soft 0 temp 0.04 loss 0.95 i_con 3.92 plddt 0.33 ptm 0.85 i_ptm 0.41 energy -60.61
150 models [0] recycles 0 hard 0 soft 0 temp 0.02 loss 0.83 i_con 3.86 plddt 0.32 ptm 0.85 i_ptm 0.43 energy -61.83
151 models [1] recycles 0 hard 1 soft 0 temp 0.00 loss 2.66 i_con 6.18 plddt 0.36 ptm 0.86 i_ptm 0.31 energy -7.17
152 models [3] recycles 0 hard 1 soft 0 temp 0.00 loss -0.51 i_con 3.04 plddt 0.62 ptm 0.88 i_ptm 0.78 energy -7.17
153 models [0] recycles 0 hard 1 soft 0 temp 0.00 loss 2.39 i_con 5.91 plddt 0.39 ptm 0.84 i_ptm 0.41 energy -7.17
154 models [0] recycles 0 hard 1 soft 0 temp 0.00 loss 2.39 i_con 5.91 plddt 0.39 ptm 0.84 i_ptm 0.41 energy -7.17
155 models [0] recycles 0 hard 1 soft 0 temp 0.00 loss 2.39 i_con 5.91 plddt 0.39 ptm 0.84 i_ptm 0.41 energy -7.17
156 models [2] recycles 0 hard 1 soft 0 temp 0.00 loss 1.43 i_con 4.95 plddt 0.29 ptm 0.85 i_ptm 0.17 energy -7.17
157 models [1] recycles 0 hard 1 soft 0 temp 0.00 loss 2.66 i_con 6.18 plddt 0.36 ptm 0.86 i_ptm 0.31 energy -7.17
158 models [4] recycles 0 hard 1 soft 0 temp 0.00 loss 1.65 i_con 5.17 plddt 0.31 ptm 0.86 i_ptm 0.17 energy -7.17
159 models [1] recycles 0 hard 1 soft 0 temp 0.00 loss 2.66 i_con 6.18 plddt 0.36 ptm 0.86 i_ptm 0.31 energy -7.17
160 models [0] recycles 0 hard 1 soft 0 temp 0.00 loss 2.39 i_con 5.91 plddt 0.39 ptm 0.84 i_ptm 0.41 energy -7.17
161 models [0] recycles 0 hard 1 soft 0 temp 0.00 loss 2.39 i_con 5.91 plddt 0.39 ptm 0.84 i_ptm 0.41 energy -7.17
162 models [2] recycles 0 hard 1 soft 0 temp 0.00 loss 1.43 i_con 4.95 plddt 0.29 ptm 0.85 i_ptm 0.17 energy -7.17
163 models [3] recycles 0 hard 1 soft 0 temp 0.00 loss -0.51 i_con 3.04 plddt 0.62 ptm 0.88 i_ptm 0.78 energy -7.17
164 models [3] recycles 0 hard 1 soft 0 temp 0.00 loss -0.51 i_con 3.04 plddt 0.62 ptm 0.88 i_ptm 0.78 energy -7.17
165 models [4] recycles 0 hard 1 soft 0 temp 0.00 loss 1.65 i_con 5.17 plddt 0.31 ptm 0.86 i_ptm 0.17 energy -7.17
166 models [3] recycles 0 hard 1 soft 0 temp 0.00 loss -0.51 i_con 3.04 plddt 0.62 ptm 0.88 i_ptm 0.78 energy -7.17
167 models [0] recycles 0 hard 1 soft 0 temp 0.00 loss 2.39 i_con 5.91 plddt 0.39 ptm 0.84 i_ptm 0.41 energy -7.17
168 models [4] recycles 0 hard 1 soft 0 temp 0.00 loss 1.65 i_con 5.17 plddt 0.31 ptm 0.86 i_ptm 0.17 energy -7.17
169 models [0] recycles 0 hard 1 soft 0 temp 0.00 loss 2.39 i_con 5.91 plddt 0.39 ptm 0.84 i_ptm 0.41 energy -7.17
170 models [1] recycles 0 hard 1 soft 0 temp 0.00 loss 2.66 i_con 6.18 plddt 0.36 ptm 0.86 i_ptm 0.31 energy -7.17
171 models [3] recycles 0 hard 1 soft 0 temp 0.00 loss -0.51 i_con 3.04 plddt 0.62 ptm 0.88 i_ptm 0.78 energy -7.17
172 models [0] recycles 0 hard 1 soft 0 temp 0.00 loss 2.39 i_con 5.91 plddt 0.39 ptm 0.84 i_ptm 0.41 energy -7.17
173 models [0] recycles 0 hard 1 soft 0 temp 0.00 loss 2.39 i_con 5.91 plddt 0.39 ptm 0.84 i_ptm 0.41 energy -7.17
174 models [0] recycles 0 hard 1 soft 0 temp 0.00 loss 2.39 i_con 5.91 plddt 0.39 ptm 0.84 i_ptm 0.41 energy -7.17
175 models [0] recycles 0 hard 1 soft 0 temp 0.00 loss 2.39 i_con 5.91 plddt 0.39 ptm 0.84 i_ptm 0.41 energy -7.17
176 models [2] recycles 0 hard 1 soft 0 temp 0.00 loss 1.43 i_con 4.95 plddt 0.29 ptm 0.85 i_ptm 0.17 energy -7.17
177 models [1] recycles 0 hard 1 soft 0 temp 0.00 loss 2.66 i_con 6.18 plddt 0.36 ptm 0.86 i_ptm 0.31 energy -7.17
178 models [3] recycles 0 hard 1 soft 0 temp 0.00 loss -0.51 i_con 3.04 plddt 0.62 ptm 0.88 i_ptm 0.78 energy -7.17
179 models [3] recycles 0 hard 1 soft 0 temp 0.00 loss -0.51 i_con 3.04 plddt 0.62 ptm 0.88 i_ptm 0.78 energy -7.17
180 models [3] recycles 0 hard 1 soft 0 temp 0.00 loss -0.51 i_con 3.04 plddt 0.62 ptm 0.88 i_ptm 0.78 energy -7.17
  seq=AWIWWCMDGNYYKFS  loss=-0.5092  loss_af=3.0751  energy=-7.1686  i_ptm=0.7827
[23/30] seed=22 ...
1 models [1] recycles 0 hard 0 soft 1 temp 1 loss 4.53 i_con 4.09 plddt 0.24 ptm 0.86 i_ptm 0.28 energy 7.41
2 models [0] recycles 0 hard 0 soft 1 temp 1 loss 5.51 i_con 5.07 plddt 0.22 ptm 0.83 i_ptm 0.24 energy 7.19
3 models [1] recycles 0 hard 0 soft 1 temp 1 loss 5.00 i_con 4.58 plddt 0.21 ptm 0.85 i_ptm 0.15 energy 6.81
4 models [2] recycles 0 hard 0 soft 1 temp 1 loss 4.46 i_con 4.06 plddt 0.29 ptm 0.86 i_ptm 0.33 energy 6.64
5 models [1] recycles 0 hard 0 soft 1 temp 1 loss 4.73 i_con 4.35 plddt 0.23 ptm 0.85 i_ptm 0.20 energy 6.17
6 models [3] recycles 0 hard 0 soft 1 temp 1 loss 4.04 i_con 3.69 plddt 0.38 ptm 0.87 i_ptm 0.46 energy 5.83
7 models [1] recycles 0 hard 0 soft 1 temp 1 loss 4.43 i_con 4.10 plddt 0.26 ptm 0.86 i_ptm 0.28 energy 4.99
8 models [1] recycles 0 hard 0 soft 1 temp 1 loss 5.06 i_con 4.75 plddt 0.21 ptm 0.85 i_ptm 0.16 energy 4.52
9 models [0] recycles 0 hard 0 soft 1 temp 1 loss 4.46 i_con 4.16 plddt 0.26 ptm 0.84 i_ptm 0.28 energy 4.50
10 models [0] recycles 0 hard 0 soft 1 temp 1 loss 4.23 i_con 3.95 plddt 0.33 ptm 0.84 i_ptm 0.39 energy 4.21
11 models [0] recycles 0 hard 0 soft 1 temp 1 loss 4.25 i_con 4.00 plddt 0.29 ptm 0.84 i_ptm 0.36 energy 3.64
12 models [2] recycles 0 hard 0 soft 1 temp 1 loss 3.98 i_con 3.75 plddt 0.36 ptm 0.87 i_ptm 0.45 energy 3.18
13 models [3] recycles 0 hard 0 soft 1 temp 1 loss 3.94 i_con 3.74 plddt 0.35 ptm 0.86 i_ptm 0.44 energy 2.80
14 models [3] recycles 0 hard 0 soft 1 temp 1 loss 3.93 i_con 3.74 plddt 0.35 ptm 0.86 i_ptm 0.47 energy 2.46
15 models [1] recycles 0 hard 0 soft 1 temp 1 loss 4.52 i_con 4.34 plddt 0.24 ptm 0.85 i_ptm 0.22 energy 2.10
16 models [4] recycles 0 hard 0 soft 1 temp 1 loss 4.01 i_con 3.85 plddt 0.34 ptm 0.88 i_ptm 0.46 energy 1.93
17 models [1] recycles 0 hard 0 soft 1 temp 1 loss 4.31 i_con 4.15 plddt 0.25 ptm 0.86 i_ptm 0.27 energy 1.82
18 models [1] recycles 0 hard 0 soft 1 temp 1 loss 4.53 i_con 4.38 plddt 0.24 ptm 0.85 i_ptm 0.19 energy 1.56
19 models [1] recycles 0 hard 0 soft 1 temp 1 loss 4.29 i_con 4.14 plddt 0.25 ptm 0.86 i_ptm 0.26 energy 1.51
20 models [3] recycles 0 hard 0 soft 1 temp 1 loss 3.90 i_con 3.78 plddt 0.34 ptm 0.86 i_ptm 0.46 energy 1.12
21 models [0] recycles 0 hard 0 soft 1 temp 1 loss 4.05 i_con 3.96 plddt 0.32 ptm 0.84 i_ptm 0.39 energy 0.56
22 models [3] recycles 0 hard 0 soft 1 temp 1 loss 3.82 i_con 3.75 plddt 0.35 ptm 0.86 i_ptm 0.45 energy -0.04
23 models [4] recycles 0 hard 0 soft 1 temp 1 loss 3.78 i_con 3.74 plddt 0.33 ptm 0.88 i_ptm 0.46 energy -0.53
24 models [3] recycles 0 hard 0 soft 1 temp 1 loss 3.78 i_con 3.76 plddt 0.34 ptm 0.86 i_ptm 0.46 energy -0.93
25 models [3] recycles 0 hard 0 soft 1 temp 1 loss 3.69 i_con 3.69 plddt 0.38 ptm 0.86 i_ptm 0.48 energy -1.27
26 models [2] recycles 0 hard 0 soft 1 temp 1 loss 3.76 i_con 3.78 plddt 0.35 ptm 0.87 i_ptm 0.45 energy -1.67
27 models [2] recycles 0 hard 0 soft 1 temp 1 loss 3.68 i_con 3.72 plddt 0.37 ptm 0.87 i_ptm 0.49 energy -2.08
28 models [4] recycles 0 hard 0 soft 1 temp 1 loss 3.93 i_con 3.98 plddt 0.27 ptm 0.88 i_ptm 0.35 energy -2.43
29 models [1] recycles 0 hard 0 soft 1 temp 1 loss 3.79 i_con 3.85 plddt 0.32 ptm 0.87 i_ptm 0.44 energy -2.47
30 models [3] recycles 0 hard 0 soft 1 temp 1 loss 3.73 i_con 3.79 plddt 0.33 ptm 0.86 i_ptm 0.44 energy -2.46
31 models [3] recycles 0 hard 0 soft 1 temp 1 loss 3.63 i_con 3.70 plddt 0.36 ptm 0.86 i_ptm 0.47 energy -2.61
32 models [2] recycles 0 hard 0 soft 1 temp 1 loss 3.70 i_con 3.78 plddt 0.36 ptm 0.87 i_ptm 0.45 energy -2.73
33 models [1] recycles 0 hard 0 soft 1 temp 1 loss 3.93 i_con 4.00 plddt 0.27 ptm 0.86 i_ptm 0.32 energy -2.89
34 models [2] recycles 0 hard 0 soft 1 temp 1 loss 3.64 i_con 3.73 plddt 0.36 ptm 0.87 i_ptm 0.47 energy -2.90
35 models [4] recycles 0 hard 0 soft 1 temp 1 loss 3.55 i_con 3.64 plddt 0.39 ptm 0.88 i_ptm 0.51 energy -2.99
36 models [3] recycles 0 hard 0 soft 1 temp 1 loss 3.66 i_con 3.75 plddt 0.36 ptm 0.86 i_ptm 0.47 energy -3.03
37 models [4] recycles 0 hard 0 soft 1 temp 1 loss 3.54 i_con 3.63 plddt 0.38 ptm 0.89 i_ptm 0.51 energy -3.07
38 models [0] recycles 0 hard 0 soft 1 temp 1 loss 3.80 i_con 3.90 plddt 0.33 ptm 0.85 i_ptm 0.42 energy -3.16
39 models [1] recycles 0 hard 0 soft 1 temp 1 loss 3.88 i_con 3.97 plddt 0.29 ptm 0.86 i_ptm 0.35 energy -3.20
40 models [2] recycles 0 hard 0 soft 1 temp 1 loss 3.65 i_con 3.75 plddt 0.41 ptm 0.87 i_ptm 0.50 energy -3.17
41 models [0] recycles 0 hard 0 soft 1 temp 1 loss 3.84 i_con 3.93 plddt 0.32 ptm 0.85 i_ptm 0.38 energy -3.22
42 models [3] recycles 0 hard 0 soft 1 temp 1 loss 3.53 i_con 3.63 plddt 0.40 ptm 0.87 i_ptm 0.51 energy -3.20
43 models [3] recycles 0 hard 0 soft 1 temp 1 loss 3.57 i_con 3.66 plddt 0.39 ptm 0.86 i_ptm 0.50 energy -3.15
44 models [3] recycles 0 hard 0 soft 1 temp 1 loss 3.55 i_con 3.65 plddt 0.40 ptm 0.86 i_ptm 0.49 energy -3.20
45 models [4] recycles 0 hard 0 soft 1 temp 1 loss 3.59 i_con 3.69 plddt 0.36 ptm 0.89 i_ptm 0.48 energy -3.23
46 models [2] recycles 0 hard 0 soft 1 temp 1 loss 3.46 i_con 3.57 plddt 0.43 ptm 0.88 i_ptm 0.54 energy -3.31
47 models [4] recycles 0 hard 0 soft 1 temp 1 loss 3.61 i_con 3.72 plddt 0.36 ptm 0.88 i_ptm 0.48 energy -3.31
48 models [2] recycles 0 hard 0 soft 1 temp 1 loss 3.62 i_con 3.73 plddt 0.40 ptm 0.87 i_ptm 0.50 energy -3.31
49 models [2] recycles 0 hard 0 soft 1 temp 1 loss 3.51 i_con 3.62 plddt 0.43 ptm 0.87 i_ptm 0.54 energy -3.35
50 models [0] recycles 0 hard 0 soft 1 temp 1 loss 3.74 i_con 3.84 plddt 0.35 ptm 0.85 i_ptm 0.44 energy -3.41
51 models [1] recycles 0 hard 0 soft 1 temp 1 loss 3.32 i_con 3.93 plddt 0.29 ptm 0.87 i_ptm 0.38 energy -3.40
52 models [3] recycles 0 hard 0 soft 1 temp 1 loss 2.98 i_con 3.62 plddt 0.42 ptm 0.86 i_ptm 0.52 energy -3.52
53 models [3] recycles 0 hard 0 soft 1 temp 1 loss 2.92 i_con 3.59 plddt 0.43 ptm 0.86 i_ptm 0.53 energy -3.61
54 models [1] recycles 0 hard 0 soft 1 temp 1 loss 3.22 i_con 3.89 plddt 0.31 ptm 0.87 i_ptm 0.40 energy -3.71
55 models [0] recycles 0 hard 0 soft 1 temp 1 loss 3.12 i_con 3.80 plddt 0.35 ptm 0.85 i_ptm 0.43 energy -3.74
56 models [2] recycles 0 hard 0 soft 1 temp 1 loss 3.06 i_con 3.76 plddt 0.37 ptm 0.87 i_ptm 0.48 energy -3.85
57 models [2] recycles 0 hard 0 soft 1 temp 1 loss 3.09 i_con 3.81 plddt 0.37 ptm 0.86 i_ptm 0.47 energy -3.92
58 models [2] recycles 0 hard 0 soft 1 temp 1 loss 2.90 i_con 3.63 plddt 0.43 ptm 0.87 i_ptm 0.56 energy -3.94
59 models [4] recycles 0 hard 0 soft 1 temp 1 loss 2.95 i_con 3.70 plddt 0.37 ptm 0.88 i_ptm 0.49 energy -4.05
60 models [1] recycles 0 hard 0 soft 1 temp 1 loss 3.27 i_con 4.03 plddt 0.28 ptm 0.86 i_ptm 0.34 energy -4.18
61 models [3] recycles 0 hard 0 soft 1 temp 1 loss 2.98 i_con 3.75 plddt 0.37 ptm 0.86 i_ptm 0.47 energy -4.18
62 models [3] recycles 0 hard 0 soft 1 temp 1 loss 2.90 i_con 3.68 plddt 0.38 ptm 0.87 i_ptm 0.50 energy -4.24
63 models [4] recycles 0 hard 0 soft 1 temp 1 loss 2.93 i_con 3.72 plddt 0.36 ptm 0.88 i_ptm 0.47 energy -4.32
64 models [0] recycles 0 hard 0 soft 1 temp 1 loss 3.10 i_con 3.93 plddt 0.33 ptm 0.85 i_ptm 0.42 energy -4.47
65 models [1] recycles 0 hard 0 soft 1 temp 1 loss 3.05 i_con 3.89 plddt 0.30 ptm 0.87 i_ptm 0.39 energy -4.55
66 models [1] recycles 0 hard 0 soft 1 temp 1 loss 3.13 i_con 3.98 plddt 0.29 ptm 0.87 i_ptm 0.36 energy -4.60
67 models [4] recycles 0 hard 0 soft 1 temp 1 loss 2.83 i_con 3.67 plddt 0.37 ptm 0.88 i_ptm 0.52 energy -4.52
68 models [0] recycles 0 hard 0 soft 1 temp 1 loss 3.00 i_con 3.87 plddt 0.37 ptm 0.85 i_ptm 0.43 energy -4.64
69 models [4] recycles 0 hard 0 soft 1 temp 1 loss 2.85 i_con 3.73 plddt 0.36 ptm 0.88 i_ptm 0.51 energy -4.75
70 models [2] recycles 0 hard 0 soft 1 temp 1 loss 2.78 i_con 3.69 plddt 0.41 ptm 0.87 i_ptm 0.50 energy -4.84
71 models [0] recycles 0 hard 0 soft 1 temp 1 loss 2.98 i_con 3.90 plddt 0.37 ptm 0.86 i_ptm 0.43 energy -4.90
72 models [4] recycles 0 hard 0 soft 1 temp 1 loss 2.78 i_con 3.72 plddt 0.37 ptm 0.88 i_ptm 0.48 energy -5.02
73 models [3] recycles 0 hard 0 soft 1 temp 1 loss 2.66 i_con 3.63 plddt 0.38 ptm 0.87 i_ptm 0.51 energy -5.15
74 models [1] recycles 0 hard 0 soft 1 temp 1 loss 4.45 i_con 5.42 plddt 0.25 ptm 0.86 i_ptm 0.17 energy -5.23
75 models [0] recycles 0 hard 0 soft 1 temp 1 loss 2.96 i_con 3.93 plddt 0.29 ptm 0.84 i_ptm 0.33 energy -5.20
76 models [4] recycles 0 hard 0 soft 1 temp 1 loss 2.76 i_con 3.75 plddt 0.34 ptm 0.89 i_ptm 0.48 energy -5.29
77 models [2] recycles 0 hard 0 soft 1 temp 1 loss 2.83 i_con 3.84 plddt 0.35 ptm 0.87 i_ptm 0.46 energy -5.36
78 models [0] recycles 0 hard 0 soft 1 temp 1 loss 2.87 i_con 3.90 plddt 0.36 ptm 0.84 i_ptm 0.43 energy -5.46
79 models [0] recycles 0 hard 0 soft 1 temp 1 loss 2.92 i_con 3.96 plddt 0.32 ptm 0.85 i_ptm 0.37 energy -5.53
80 models [2] recycles 0 hard 0 soft 1 temp 1 loss 2.64 i_con 3.72 plddt 0.39 ptm 0.87 i_ptm 0.49 energy -5.67
81 models [2] recycles 0 hard 0 soft 1 temp 1 loss 2.66 i_con 3.74 plddt 0.35 ptm 0.87 i_ptm 0.46 energy -5.69
82 models [1] recycles 0 hard 0 soft 1 temp 1 loss 2.92 i_con 4.01 plddt 0.28 ptm 0.86 i_ptm 0.33 energy -5.82
83 models [4] recycles 0 hard 0 soft 1 temp 1 loss 2.61 i_con 3.71 plddt 0.36 ptm 0.88 i_ptm 0.49 energy -5.77
84 models [0] recycles 0 hard 0 soft 1 temp 1 loss 2.75 i_con 3.86 plddt 0.33 ptm 0.85 i_ptm 0.40 energy -5.90
85 models [4] recycles 0 hard 0 soft 1 temp 1 loss 2.59 i_con 3.73 plddt 0.36 ptm 0.88 i_ptm 0.49 energy -6.01
86 models [2] recycles 0 hard 0 soft 1 temp 1 loss 2.64 i_con 3.80 plddt 0.37 ptm 0.87 i_ptm 0.48 energy -6.14
87 models [1] recycles 0 hard 0 soft 1 temp 1 loss 2.76 i_con 3.94 plddt 0.33 ptm 0.87 i_ptm 0.37 energy -6.27
88 models [1] recycles 0 hard 0 soft 1 temp 1 loss 4.08 i_con 5.29 plddt 0.25 ptm 0.85 i_ptm 0.14 energy -6.43
89 models [1] recycles 0 hard 0 soft 1 temp 1 loss 4.23 i_con 5.41 plddt 0.26 ptm 0.85 i_ptm 0.13 energy -6.29
90 models [2] recycles 0 hard 0 soft 1 temp 1 loss 2.59 i_con 3.81 plddt 0.36 ptm 0.87 i_ptm 0.45 energy -6.41
91 models [4] recycles 0 hard 0 soft 1 temp 1 loss 2.55 i_con 3.74 plddt 0.37 ptm 0.88 i_ptm 0.48 energy -6.23
92 models [1] recycles 0 hard 0 soft 1 temp 1 loss 4.37 i_con 5.60 plddt 0.27 ptm 0.85 i_ptm 0.16 energy -6.50
93 models [0] recycles 0 hard 0 soft 1 temp 1 loss 2.67 i_con 3.90 plddt 0.36 ptm 0.85 i_ptm 0.40 energy -6.50
94 models [0] recycles 0 hard 0 soft 1 temp 1 loss 2.70 i_con 3.99 plddt 0.35 ptm 0.84 i_ptm 0.34 energy -6.76
95 models [4] recycles 0 hard 0 soft 1 temp 1 loss 2.62 i_con 3.90 plddt 0.34 ptm 0.88 i_ptm 0.40 energy -6.73
96 models [0] recycles 0 hard 0 soft 1 temp 1 loss 3.08 i_con 4.38 plddt 0.28 ptm 0.83 i_ptm 0.21 energy -6.87
97 models [3] recycles 0 hard 0 soft 1 temp 1 loss 2.36 i_con 3.63 plddt 0.42 ptm 0.87 i_ptm 0.51 energy -6.64
98 models [1] recycles 0 hard 0 soft 1 temp 1 loss 2.60 i_con 3.90 plddt 0.33 ptm 0.87 i_ptm 0.39 energy -6.83
99 models [1] recycles 0 hard 0 soft 1 temp 1 loss 5.05 i_con 6.38 plddt 0.30 ptm 0.86 i_ptm 0.25 energy -6.99
100 models [0] recycles 0 hard 0 soft 1 temp 1 loss 2.81 i_con 4.10 plddt 0.31 ptm 0.84 i_ptm 0.31 energy -6.78
101 models [3] recycles 0 hard 0 soft 0 temp 1 loss 1.99 i_con 3.92 plddt 0.22 ptm 0.27 i_ptm 0.38 energy -40.13
102 models [2] recycles 0 hard 0 soft 0 temp 0.98 loss 0.98 i_con 2.91 plddt 0.25 ptm 0.36 i_ptm 0.48 energy -39.93
103 models [2] recycles 0 hard 0 soft 0 temp 0.96 loss 1.26 i_con 3.19 plddt 0.24 ptm 0.40 i_ptm 0.60 energy -40.02
104 models [0] recycles 0 hard 0 soft 0 temp 0.94 loss 2.66 i_con 4.57 plddt 0.22 ptm 0.13 i_ptm 0.17 energy -39.91
105 models [0] recycles 0 hard 0 soft 0 temp 0.92 loss 2.72 i_con 4.66 plddt 0.29 ptm 0.84 i_ptm 0.19 energy -40.08
106 models [3] recycles 0 hard 0 soft 0 temp 0.90 loss 3.44 i_con 5.40 plddt 0.24 ptm 0.83 i_ptm 0.14 energy -40.63
107 models [2] recycles 0 hard 0 soft 0 temp 0.88 loss 3.05 i_con 5.02 plddt 0.27 ptm 0.85 i_ptm 0.14 energy -40.95
108 models [4] recycles 0 hard 0 soft 0 temp 0.86 loss 3.25 i_con 5.22 plddt 0.23 ptm 0.87 i_ptm 0.13 energy -40.95
109 models [4] recycles 0 hard 0 soft 0 temp 0.84 loss 3.20 i_con 5.17 plddt 0.24 ptm 0.87 i_ptm 0.11 energy -40.94
110 models [1] recycles 0 hard 0 soft 0 temp 0.82 loss 3.77 i_con 5.75 plddt 0.25 ptm 0.85 i_ptm 0.12 energy -41.08
111 models [1] recycles 0 hard 0 soft 0 temp 0.80 loss 3.69 i_con 5.70 plddt 0.26 ptm 0.86 i_ptm 0.11 energy -41.70
112 models [3] recycles 0 hard 0 soft 0 temp 0.78 loss 3.64 i_con 5.65 plddt 0.22 ptm 0.84 i_ptm 0.13 energy -41.78
113 models [4] recycles 0 hard 0 soft 0 temp 0.76 loss 2.55 i_con 4.57 plddt 0.21 ptm 0.15 i_ptm 0.25 energy -41.90
114 models [2] recycles 0 hard 0 soft 0 temp 0.74 loss 2.20 i_con 4.22 plddt 0.18 ptm 0.21 i_ptm 0.62 energy -42.00
115 models [0] recycles 0 hard 0 soft 0 temp 0.72 loss 3.47 i_con 5.50 plddt 0.22 ptm 0.82 i_ptm 0.09 energy -42.14
116 models [4] recycles 0 hard 0 soft 0 temp 0.70 loss 3.60 i_con 5.64 plddt 0.24 ptm 0.87 i_ptm 0.13 energy -42.34
117 models [1] recycles 0 hard 0 soft 0 temp 0.68 loss 3.49 i_con 5.54 plddt 0.26 ptm 0.86 i_ptm 0.11 energy -42.51
118 models [2] recycles 0 hard 0 soft 0 temp 0.66 loss 3.49 i_con 5.58 plddt 0.25 ptm 0.85 i_ptm 0.14 energy -43.18
119 models [2] recycles 0 hard 0 soft 0 temp 0.64 loss 3.88 i_con 5.96 plddt 0.27 ptm 0.85 i_ptm 0.17 energy -43.17
120 models [1] recycles 0 hard 0 soft 0 temp 0.62 loss 3.93 i_con 6.04 plddt 0.26 ptm 0.85 i_ptm 0.15 energy -43.75
121 models [2] recycles 0 hard 0 soft 0 temp 0.60 loss 3.31 i_con 5.47 plddt 0.24 ptm 0.85 i_ptm 0.12 energy -44.61
122 models [0] recycles 0 hard 0 soft 0 temp 0.58 loss 2.91 i_con 5.08 plddt 0.24 ptm 0.84 i_ptm 0.13 energy -44.89
123 models [0] recycles 0 hard 0 soft 0 temp 0.56 loss 2.61 i_con 4.80 plddt 0.27 ptm 0.82 i_ptm 0.14 energy -45.21
124 models [2] recycles 0 hard 0 soft 0 temp 0.54 loss 2.94 i_con 5.17 plddt 0.24 ptm 0.86 i_ptm 0.13 energy -46.05
125 models [3] recycles 0 hard 0 soft 0 temp 0.52 loss 1.76 i_con 3.99 plddt 0.28 ptm 0.86 i_ptm 0.33 energy -46.02
126 models [4] recycles 0 hard 0 soft 0 temp 0.50 loss 3.30 i_con 5.55 plddt 0.21 ptm 0.87 i_ptm 0.13 energy -46.56
127 models [0] recycles 0 hard 0 soft 0 temp 0.48 loss 2.15 i_con 4.39 plddt 0.26 ptm 0.84 i_ptm 0.18 energy -46.44
128 models [3] recycles 0 hard 0 soft 0 temp 0.46 loss 2.45 i_con 4.70 plddt 0.25 ptm 0.84 i_ptm 0.22 energy -46.47
129 models [1] recycles 0 hard 0 soft 0 temp 0.44 loss 3.61 i_con 5.90 plddt 0.27 ptm 0.86 i_ptm 0.17 energy -47.18
130 models [0] recycles 0 hard 0 soft 0 temp 0.42 loss 2.51 i_con 4.82 plddt 0.24 ptm 0.83 i_ptm 0.11 energy -47.68
131 models [1] recycles 0 hard 0 soft 0 temp 0.40 loss 2.83 i_con 5.15 plddt 0.24 ptm 0.85 i_ptm 0.11 energy -47.87
132 models [3] recycles 0 hard 0 soft 0 temp 0.38 loss 2.38 i_con 4.71 plddt 0.22 ptm 0.83 i_ptm 0.10 energy -48.24
133 models [1] recycles 0 hard 0 soft 0 temp 0.36 loss 3.14 i_con 5.47 plddt 0.25 ptm 0.86 i_ptm 0.13 energy -48.00
134 models [0] recycles 0 hard 0 soft 0 temp 0.34 loss 1.85 i_con 4.23 plddt 0.27 ptm 0.83 i_ptm 0.23 energy -48.89
135 models [4] recycles 0 hard 0 soft 0 temp 0.32 loss 2.72 i_con 5.11 plddt 0.23 ptm 0.87 i_ptm 0.12 energy -49.36
136 models [3] recycles 0 hard 0 soft 0 temp 0.30 loss 1.87 i_con 4.29 plddt 0.24 ptm 0.84 i_ptm 0.21 energy -49.82
137 models [4] recycles 0 hard 0 soft 0 temp 0.28 loss 2.19 i_con 4.63 plddt 0.27 ptm 0.88 i_ptm 0.21 energy -50.26
138 models [0] recycles 0 hard 0 soft 0 temp 0.26 loss 2.10 i_con 4.59 plddt 0.28 ptm 0.83 i_ptm 0.18 energy -51.12
139 models [1] recycles 0 hard 0 soft 0 temp 0.24 loss 3.31 i_con 5.83 plddt 0.27 ptm 0.86 i_ptm 0.15 energy -51.92
140 models [0] recycles 0 hard 0 soft 0 temp 0.22 loss 2.05 i_con 4.59 plddt 0.26 ptm 0.83 i_ptm 0.15 energy -52.24
141 models [0] recycles 0 hard 0 soft 0 temp 0.20 loss 1.58 i_con 4.14 plddt 0.26 ptm 0.84 i_ptm 0.28 energy -52.61
142 models [2] recycles 0 hard 0 soft 0 temp 0.18 loss 1.25 i_con 3.87 plddt 0.30 ptm 0.86 i_ptm 0.40 energy -53.70
143 models [2] recycles 0 hard 0 soft 0 temp 0.16 loss 1.21 i_con 3.91 plddt 0.30 ptm 0.87 i_ptm 0.39 energy -55.48
144 models [4] recycles 0 hard 0 soft 0 temp 0.14 loss 2.34 i_con 5.10 plddt 0.22 ptm 0.87 i_ptm 0.16 energy -56.83
145 models [1] recycles 0 hard 0 soft 0 temp 0.12 loss 3.02 i_con 5.78 plddt 0.26 ptm 0.86 i_ptm 0.18 energy -56.76
146 models [4] recycles 0 hard 0 soft 0 temp 0.10 loss 2.01 i_con 4.79 plddt 0.23 ptm 0.86 i_ptm 0.16 energy -57.27
147 models [3] recycles 0 hard 0 soft 0 temp 0.08 loss 1.81 i_con 4.58 plddt 0.27 ptm 0.84 i_ptm 0.24 energy -57.01
148 models [3] recycles 0 hard 0 soft 0 temp 0.06 loss 1.12 i_con 3.94 plddt 0.31 ptm 0.86 i_ptm 0.38 energy -57.80
149 models [0] recycles 0 hard 0 soft 0 temp 0.04 loss 1.36 i_con 4.23 plddt 0.27 ptm 0.84 i_ptm 0.25 energy -58.89
150 models [4] recycles 0 hard 0 soft 0 temp 0.02 loss 1.13 i_con 4.06 plddt 0.26 ptm 0.88 i_ptm 0.30 energy -60.14
151 models [1] recycles 0 hard 1 soft 0 temp 0.00 loss 2.06 i_con 5.51 plddt 0.22 ptm 0.85 i_ptm 0.19 energy -7.05
152 models [2] recycles 0 hard 1 soft 0 temp 0.00 loss 0.31 i_con 3.77 plddt 0.34 ptm 0.87 i_ptm 0.49 energy -7.05
153 models [2] recycles 0 hard 1 soft 0 temp 0.00 loss 0.31 i_con 3.77 plddt 0.34 ptm 0.87 i_ptm 0.49 energy -7.05
154 models [3] recycles 0 hard 1 soft 0 temp 0.00 loss 0.26 i_con 3.71 plddt 0.35 ptm 0.86 i_ptm 0.49 energy -7.05
155 models [1] recycles 0 hard 1 soft 0 temp 0.00 loss 2.06 i_con 5.51 plddt 0.22 ptm 0.85 i_ptm 0.19 energy -7.05
156 models [3] recycles 0 hard 1 soft 0 temp 0.00 loss 0.26 i_con 3.71 plddt 0.35 ptm 0.86 i_ptm 0.49 energy -7.05
157 models [0] recycles 0 hard 1 soft 0 temp 0.00 loss 0.48 i_con 3.93 plddt 0.28 ptm 0.84 i_ptm 0.36 energy -7.05
158 models [0] recycles 0 hard 1 soft 0 temp 0.00 loss 0.48 i_con 3.93 plddt 0.28 ptm 0.84 i_ptm 0.36 energy -7.05
159 models [0] recycles 0 hard 1 soft 0 temp 0.00 loss 0.48 i_con 3.93 plddt 0.28 ptm 0.84 i_ptm 0.36 energy -7.05
160 models [1] recycles 0 hard 1 soft 0 temp 0.00 loss 2.06 i_con 5.51 plddt 0.22 ptm 0.85 i_ptm 0.19 energy -7.05
161 models [4] recycles 0 hard 1 soft 0 temp 0.00 loss 0.47 i_con 3.92 plddt 0.27 ptm 0.88 i_ptm 0.43 energy -7.05
162 models [4] recycles 0 hard 1 soft 0 temp 0.00 loss 0.47 i_con 3.92 plddt 0.27 ptm 0.88 i_ptm 0.43 energy -7.05
163 models [2] recycles 0 hard 1 soft 0 temp 0.00 loss 0.31 i_con 3.77 plddt 0.34 ptm 0.87 i_ptm 0.49 energy -7.05
164 models [3] recycles 0 hard 1 soft 0 temp 0.00 loss 0.26 i_con 3.71 plddt 0.35 ptm 0.86 i_ptm 0.49 energy -7.05
165 models [1] recycles 0 hard 1 soft 0 temp 0.00 loss 2.06 i_con 5.51 plddt 0.22 ptm 0.85 i_ptm 0.19 energy -7.05
166 models [0] recycles 0 hard 1 soft 0 temp 0.00 loss 0.48 i_con 3.93 plddt 0.28 ptm 0.84 i_ptm 0.36 energy -7.05
167 models [2] recycles 0 hard 1 soft 0 temp 0.00 loss 0.31 i_con 3.77 plddt 0.34 ptm 0.87 i_ptm 0.49 energy -7.05
168 models [4] recycles 0 hard 1 soft 0 temp 0.00 loss 0.47 i_con 3.92 plddt 0.27 ptm 0.88 i_ptm 0.43 energy -7.05
169 models [4] recycles 0 hard 1 soft 0 temp 0.00 loss 0.47 i_con 3.92 plddt 0.27 ptm 0.88 i_ptm 0.43 energy -7.05
170 models [1] recycles 0 hard 1 soft 0 temp 0.00 loss 2.06 i_con 5.51 plddt 0.22 ptm 0.85 i_ptm 0.19 energy -7.05
171 models [3] recycles 0 hard 1 soft 0 temp 0.00 loss 0.26 i_con 3.71 plddt 0.35 ptm 0.86 i_ptm 0.49 energy -7.05
172 models [4] recycles 0 hard 1 soft 0 temp 0.00 loss 0.47 i_con 3.92 plddt 0.27 ptm 0.88 i_ptm 0.43 energy -7.05
173 models [1] recycles 0 hard 1 soft 0 temp 0.00 loss 2.06 i_con 5.51 plddt 0.22 ptm 0.85 i_ptm 0.19 energy -7.05
174 models [4] recycles 0 hard 1 soft 0 temp 0.00 loss 0.47 i_con 3.92 plddt 0.27 ptm 0.88 i_ptm 0.43 energy -7.05
175 models [3] recycles 0 hard 1 soft 0 temp 0.00 loss 0.26 i_con 3.71 plddt 0.35 ptm 0.86 i_ptm 0.49 energy -7.05
176 models [1] recycles 0 hard 1 soft 0 temp 0.00 loss 2.06 i_con 5.51 plddt 0.22 ptm 0.85 i_ptm 0.19 energy -7.05
177 models [4] recycles 0 hard 1 soft 0 temp 0.00 loss 0.47 i_con 3.92 plddt 0.27 ptm 0.88 i_ptm 0.43 energy -7.05
178 models [4] recycles 0 hard 1 soft 0 temp 0.00 loss 0.47 i_con 3.92 plddt 0.27 ptm 0.88 i_ptm 0.43 energy -7.05
179 models [2] recycles 0 hard 1 soft 0 temp 0.00 loss 0.31 i_con 3.77 plddt 0.34 ptm 0.87 i_ptm 0.49 energy -7.05
180 models [1] recycles 0 hard 1 soft 0 temp 0.00 loss 2.06 i_con 5.51 plddt 0.22 ptm 0.85 i_ptm 0.19 energy -7.05
  seq=DWFWWTWNLNSNKDA  loss=2.0606  loss_af=5.5837  energy=-7.0462  i_ptm=0.1853
[24/30] seed=23 ...
1 models [2] recycles 0 hard 0 soft 1 temp 1 loss 4.97 i_con 4.52 plddt 0.23 ptm 0.85 i_ptm 0.20 energy 7.43
2 models [0] recycles 0 hard 0 soft 1 temp 1 loss 4.50 i_con 4.06 plddt 0.28 ptm 0.84 i_ptm 0.31 energy 7.30
3 models [2] recycles 0 hard 0 soft 1 temp 1 loss 4.30 i_con 3.89 plddt 0.30 ptm 0.86 i_ptm 0.40 energy 6.87
4 models [3] recycles 0 hard 0 soft 1 temp 1 loss 4.10 i_con 3.71 plddt 0.35 ptm 0.87 i_ptm 0.49 energy 6.42
5 models [3] recycles 0 hard 0 soft 1 temp 1 loss 4.13 i_con 3.78 plddt 0.38 ptm 0.87 i_ptm 0.49 energy 5.80
6 models [1] recycles 0 hard 0 soft 1 temp 1 loss 4.92 i_con 4.58 plddt 0.21 ptm 0.85 i_ptm 0.18 energy 5.17
7 models [0] recycles 0 hard 0 soft 1 temp 1 loss 4.11 i_con 3.79 plddt 0.44 ptm 0.86 i_ptm 0.51 energy 5.14
8 models [1] recycles 0 hard 0 soft 1 temp 1 loss 4.96 i_con 4.63 plddt 0.21 ptm 0.85 i_ptm 0.15 energy 4.84
9 models [1] recycles 0 hard 0 soft 1 temp 1 loss 4.46 i_con 4.16 plddt 0.25 ptm 0.86 i_ptm 0.24 energy 4.68
10 models [1] recycles 0 hard 0 soft 1 temp 1 loss 4.50 i_con 4.21 plddt 0.24 ptm 0.86 i_ptm 0.23 energy 4.18
11 models [1] recycles 0 hard 0 soft 1 temp 1 loss 4.32 i_con 4.06 plddt 0.27 ptm 0.86 i_ptm 0.29 energy 3.87
12 models [2] recycles 0 hard 0 soft 1 temp 1 loss 4.05 i_con 3.81 plddt 0.36 ptm 0.87 i_ptm 0.49 energy 3.55
13 models [3] recycles 0 hard 0 soft 1 temp 1 loss 4.21 i_con 3.97 plddt 0.29 ptm 0.86 i_ptm 0.37 energy 3.27
14 models [2] recycles 0 hard 0 soft 1 temp 1 loss 3.92 i_con 3.71 plddt 0.37 ptm 0.88 i_ptm 0.52 energy 3.00
15 models [4] recycles 0 hard 0 soft 1 temp 1 loss 4.02 i_con 3.82 plddt 0.33 ptm 0.89 i_ptm 0.44 energy 2.77
16 models [4] recycles 0 hard 0 soft 1 temp 1 loss 3.98 i_con 3.79 plddt 0.38 ptm 0.89 i_ptm 0.49 energy 2.43
17 models [2] recycles 0 hard 0 soft 1 temp 1 loss 3.98 i_con 3.81 plddt 0.36 ptm 0.87 i_ptm 0.49 energy 2.25
18 models [4] recycles 0 hard 0 soft 1 temp 1 loss 3.98 i_con 3.81 plddt 0.32 ptm 0.88 i_ptm 0.44 energy 1.99
19 models [0] recycles 0 hard 0 soft 1 temp 1 loss 4.11 i_con 3.95 plddt 0.33 ptm 0.85 i_ptm 0.41 energy 1.84
20 models [2] recycles 0 hard 0 soft 1 temp 1 loss 3.92 i_con 3.78 plddt 0.40 ptm 0.87 i_ptm 0.51 energy 1.54
21 models [2] recycles 0 hard 0 soft 1 temp 1 loss 3.92 i_con 3.78 plddt 0.36 ptm 0.87 i_ptm 0.48 energy 1.39
22 models [3] recycles 0 hard 0 soft 1 temp 1 loss 3.78 i_con 3.66 plddt 0.38 ptm 0.87 i_ptm 0.53 energy 1.03
23 models [4] recycles 0 hard 0 soft 1 temp 1 loss 4.01 i_con 3.90 plddt 0.31 ptm 0.88 i_ptm 0.44 energy 0.75
24 models [4] recycles 0 hard 0 soft 1 temp 1 loss 3.80 i_con 3.72 plddt 0.43 ptm 0.89 i_ptm 0.55 energy 0.53
25 models [3] recycles 0 hard 0 soft 1 temp 1 loss 3.74 i_con 3.65 plddt 0.38 ptm 0.87 i_ptm 0.53 energy 0.40
26 models [4] recycles 0 hard 0 soft 1 temp 1 loss 4.12 i_con 4.05 plddt 0.32 ptm 0.88 i_ptm 0.36 energy -0.01
27 models [3] recycles 0 hard 0 soft 1 temp 1 loss 3.74 i_con 3.68 plddt 0.39 ptm 0.87 i_ptm 0.52 energy -0.03
28 models [3] recycles 0 hard 0 soft 1 temp 1 loss 3.91 i_con 3.85 plddt 0.35 ptm 0.87 i_ptm 0.45 energy -0.18
29 models [4] recycles 0 hard 0 soft 1 temp 1 loss 3.76 i_con 3.72 plddt 0.37 ptm 0.89 i_ptm 0.53 energy -0.44
30 models [3] recycles 0 hard 0 soft 1 temp 1 loss 3.58 i_con 3.55 plddt 0.43 ptm 0.87 i_ptm 0.61 energy -0.54
31 models [3] recycles 0 hard 0 soft 1 temp 1 loss 3.70 i_con 3.67 plddt 0.38 ptm 0.86 i_ptm 0.53 energy -0.58
32 models [4] recycles 0 hard 0 soft 1 temp 1 loss 5.67 i_con 5.64 plddt 0.28 ptm 0.87 i_ptm 0.18 energy -0.77
33 models [2] recycles 0 hard 0 soft 1 temp 1 loss 3.74 i_con 3.73 plddt 0.42 ptm 0.87 i_ptm 0.54 energy -0.82
34 models [0] recycles 0 hard 0 soft 1 temp 1 loss 3.93 i_con 3.92 plddt 0.38 ptm 0.86 i_ptm 0.44 energy -1.10
35 models [1] recycles 0 hard 0 soft 1 temp 1 loss 3.84 i_con 3.83 plddt 0.33 ptm 0.87 i_ptm 0.47 energy -1.14
36 models [1] recycles 0 hard 0 soft 1 temp 1 loss 4.79 i_con 4.77 plddt 0.22 ptm 0.85 i_ptm 0.09 energy -1.19
37 models [0] recycles 0 hard 0 soft 1 temp 1 loss 3.69 i_con 3.69 plddt 0.47 ptm 0.86 i_ptm 0.56 energy -1.12
38 models [3] recycles 0 hard 0 soft 1 temp 1 loss 3.67 i_con 3.66 plddt 0.39 ptm 0.87 i_ptm 0.56 energy -1.14
39 models [0] recycles 0 hard 0 soft 1 temp 1 loss 3.55 i_con 3.57 plddt 0.51 ptm 0.86 i_ptm 0.61 energy -1.38
40 models [1] recycles 0 hard 0 soft 1 temp 1 loss 3.80 i_con 3.81 plddt 0.36 ptm 0.88 i_ptm 0.48 energy -1.48
41 models [4] recycles 0 hard 0 soft 1 temp 1 loss 3.68 i_con 3.69 plddt 0.37 ptm 0.89 i_ptm 0.55 energy -1.61
42 models [2] recycles 0 hard 0 soft 1 temp 1 loss 3.71 i_con 3.74 plddt 0.39 ptm 0.87 i_ptm 0.54 energy -1.69
43 models [4] recycles 0 hard 0 soft 1 temp 1 loss 3.70 i_con 3.73 plddt 0.37 ptm 0.89 i_ptm 0.51 energy -1.89
44 models [0] recycles 0 hard 0 soft 1 temp 1 loss 3.69 i_con 3.73 plddt 0.41 ptm 0.85 i_ptm 0.51 energy -1.89
45 models [3] recycles 0 hard 0 soft 1 temp 1 loss 3.61 i_con 3.66 plddt 0.42 ptm 0.87 i_ptm 0.56 energy -2.12
46 models [0] recycles 0 hard 0 soft 1 temp 1 loss 3.77 i_con 3.82 plddt 0.39 ptm 0.85 i_ptm 0.51 energy -2.26
47 models [4] recycles 0 hard 0 soft 1 temp 1 loss 3.58 i_con 3.64 plddt 0.44 ptm 0.89 i_ptm 0.59 energy -2.38
48 models [2] recycles 0 hard 0 soft 1 temp 1 loss 3.62 i_con 3.69 plddt 0.46 ptm 0.87 i_ptm 0.57 energy -2.40
49 models [4] recycles 0 hard 0 soft 1 temp 1 loss 3.70 i_con 3.76 plddt 0.40 ptm 0.88 i_ptm 0.53 energy -2.51
50 models [0] recycles 0 hard 0 soft 1 temp 1 loss 3.60 i_con 3.66 plddt 0.44 ptm 0.86 i_ptm 0.57 energy -2.50
51 models [1] recycles 0 hard 0 soft 1 temp 1 loss 3.44 i_con 3.88 plddt 0.33 ptm 0.87 i_ptm 0.44 energy -2.54
52 models [1] recycles 0 hard 0 soft 1 temp 1 loss 3.46 i_con 3.90 plddt 0.33 ptm 0.87 i_ptm 0.41 energy -2.52
53 models [1] recycles 0 hard 0 soft 1 temp 1 loss 3.58 i_con 4.01 plddt 0.29 ptm 0.87 i_ptm 0.37 energy -2.48
54 models [3] recycles 0 hard 0 soft 1 temp 1 loss 3.28 i_con 3.72 plddt 0.38 ptm 0.87 i_ptm 0.52 energy -2.51
55 models [4] recycles 0 hard 0 soft 1 temp 1 loss 3.26 i_con 3.72 plddt 0.42 ptm 0.88 i_ptm 0.55 energy -2.60
56 models [4] recycles 0 hard 0 soft 1 temp 1 loss 3.22 i_con 3.70 plddt 0.42 ptm 0.89 i_ptm 0.54 energy -2.68
57 models [2] recycles 0 hard 0 soft 1 temp 1 loss 3.02 i_con 3.54 plddt 0.51 ptm 0.88 i_ptm 0.63 energy -2.81
58 models [2] recycles 0 hard 0 soft 1 temp 1 loss 3.16 i_con 3.68 plddt 0.47 ptm 0.88 i_ptm 0.56 energy -2.83
59 models [0] recycles 0 hard 0 soft 1 temp 1 loss 3.14 i_con 3.67 plddt 0.44 ptm 0.86 i_ptm 0.55 energy -2.93
60 models [1] recycles 0 hard 0 soft 1 temp 1 loss 3.58 i_con 4.10 plddt 0.29 ptm 0.86 i_ptm 0.32 energy -2.98
61 models [2] recycles 0 hard 0 soft 1 temp 1 loss 3.05 i_con 3.58 plddt 0.50 ptm 0.88 i_ptm 0.61 energy -2.88
62 models [2] recycles 0 hard 0 soft 1 temp 1 loss 3.20 i_con 3.73 plddt 0.39 ptm 0.88 i_ptm 0.51 energy -2.93
63 models [3] recycles 0 hard 0 soft 1 temp 1 loss 3.05 i_con 3.59 plddt 0.45 ptm 0.87 i_ptm 0.58 energy -3.01
64 models [4] recycles 0 hard 0 soft 1 temp 1 loss 3.17 i_con 3.75 plddt 0.39 ptm 0.89 i_ptm 0.54 energy -3.18
65 models [2] recycles 0 hard 0 soft 1 temp 1 loss 3.11 i_con 3.72 plddt 0.44 ptm 0.88 i_ptm 0.57 energy -3.30
66 models [3] recycles 0 hard 0 soft 1 temp 1 loss 2.87 i_con 3.50 plddt 0.51 ptm 0.87 i_ptm 0.64 energy -3.39
67 models [0] recycles 0 hard 0 soft 1 temp 1 loss 3.13 i_con 3.77 plddt 0.46 ptm 0.85 i_ptm 0.51 energy -3.48
68 models [4] recycles 0 hard 0 soft 1 temp 1 loss 3.02 i_con 3.66 plddt 0.44 ptm 0.89 i_ptm 0.57 energy -3.46
69 models [2] recycles 0 hard 0 soft 1 temp 1 loss 2.94 i_con 3.59 plddt 0.48 ptm 0.88 i_ptm 0.61 energy -3.51
70 models [2] recycles 0 hard 0 soft 1 temp 1 loss 2.94 i_con 3.62 plddt 0.51 ptm 0.88 i_ptm 0.60 energy -3.65
71 models [0] recycles 0 hard 0 soft 1 temp 1 loss 3.17 i_con 3.85 plddt 0.41 ptm 0.86 i_ptm 0.47 energy -3.73
72 models [0] recycles 0 hard 0 soft 1 temp 1 loss 3.06 i_con 3.77 plddt 0.46 ptm 0.86 i_ptm 0.53 energy -3.80
73 models [3] recycles 0 hard 0 soft 1 temp 1 loss 2.79 i_con 3.50 plddt 0.49 ptm 0.87 i_ptm 0.61 energy -3.81
74 models [0] recycles 0 hard 0 soft 1 temp 1 loss 3.06 i_con 3.75 plddt 0.43 ptm 0.86 i_ptm 0.53 energy -3.73
75 models [1] recycles 0 hard 0 soft 1 temp 1 loss 2.97 i_con 3.68 plddt 0.47 ptm 0.88 i_ptm 0.57 energy -3.85
76 models [4] recycles 0 hard 0 soft 1 temp 1 loss 3.04 i_con 3.75 plddt 0.38 ptm 0.89 i_ptm 0.52 energy -3.86
77 models [2] recycles 0 hard 0 soft 1 temp 1 loss 2.96 i_con 3.68 plddt 0.40 ptm 0.87 i_ptm 0.56 energy -3.94
78 models [2] recycles 0 hard 0 soft 1 temp 1 loss 2.96 i_con 3.72 plddt 0.44 ptm 0.87 i_ptm 0.55 energy -4.06
79 models [4] recycles 0 hard 0 soft 1 temp 1 loss 3.07 i_con 3.81 plddt 0.34 ptm 0.89 i_ptm 0.49 energy -4.02
80 models [0] recycles 0 hard 0 soft 1 temp 1 loss 3.14 i_con 3.90 plddt 0.41 ptm 0.85 i_ptm 0.46 energy -4.07
81 models [3] recycles 0 hard 0 soft 1 temp 1 loss 2.85 i_con 3.63 plddt 0.46 ptm 0.88 i_ptm 0.58 energy -4.17
82 models [2] recycles 0 hard 0 soft 1 temp 1 loss 2.85 i_con 3.65 plddt 0.49 ptm 0.88 i_ptm 0.58 energy -4.25
83 models [0] recycles 0 hard 0 soft 1 temp 1 loss 2.95 i_con 3.73 plddt 0.42 ptm 0.85 i_ptm 0.52 energy -4.22
84 models [2] recycles 0 hard 0 soft 1 temp 1 loss 2.88 i_con 3.67 plddt 0.43 ptm 0.87 i_ptm 0.55 energy -4.23
85 models [2] recycles 0 hard 0 soft 1 temp 1 loss 2.79 i_con 3.60 plddt 0.48 ptm 0.88 i_ptm 0.58 energy -4.31
86 models [3] recycles 0 hard 0 soft 1 temp 1 loss 2.81 i_con 3.61 plddt 0.45 ptm 0.87 i_ptm 0.57 energy -4.28
87 models [4] recycles 0 hard 0 soft 1 temp 1 loss 2.89 i_con 3.71 plddt 0.40 ptm 0.89 i_ptm 0.53 energy -4.39
88 models [0] recycles 0 hard 0 soft 1 temp 1 loss 3.82 i_con 4.65 plddt 0.32 ptm 0.84 i_ptm 0.27 energy -4.46
89 models [4] recycles 0 hard 0 soft 1 temp 1 loss 2.89 i_con 3.74 plddt 0.36 ptm 0.89 i_ptm 0.48 energy -4.54
90 models [2] recycles 0 hard 0 soft 1 temp 1 loss 2.83 i_con 3.69 plddt 0.42 ptm 0.88 i_ptm 0.56 energy -4.62
91 models [3] recycles 0 hard 0 soft 1 temp 1 loss 4.58 i_con 5.44 plddt 0.28 ptm 0.85 i_ptm 0.22 energy -4.70
92 models [4] recycles 0 hard 0 soft 1 temp 1 loss 3.10 i_con 3.96 plddt 0.33 ptm 0.88 i_ptm 0.40 energy -4.67
93 models [2] recycles 0 hard 0 soft 1 temp 1 loss 2.83 i_con 3.72 plddt 0.42 ptm 0.88 i_ptm 0.51 energy -4.72
94 models [0] recycles 0 hard 0 soft 1 temp 1 loss 3.71 i_con 4.60 plddt 0.30 ptm 0.83 i_ptm 0.20 energy -4.84
95 models [0] recycles 0 hard 0 soft 1 temp 1 loss 2.80 i_con 3.74 plddt 0.43 ptm 0.86 i_ptm 0.55 energy -4.97
96 models [1] recycles 0 hard 0 soft 1 temp 1 loss 4.05 i_con 4.98 plddt 0.23 ptm 0.86 i_ptm 0.11 energy -5.06
97 models [0] recycles 0 hard 0 soft 1 temp 1 loss 2.83 i_con 3.77 plddt 0.35 ptm 0.84 i_ptm 0.45 energy -5.01
98 models [1] recycles 0 hard 0 soft 1 temp 1 loss 3.91 i_con 4.84 plddt 0.30 ptm 0.85 i_ptm 0.21 energy -5.01
99 models [4] recycles 0 hard 0 soft 1 temp 1 loss 2.55 i_con 3.51 plddt 0.42 ptm 0.89 i_ptm 0.59 energy -5.08
100 models [2] recycles 0 hard 0 soft 1 temp 1 loss 2.66 i_con 3.62 plddt 0.40 ptm 0.87 i_ptm 0.57 energy -5.13
101 models [2] recycles 0 hard 0 soft 0 temp 1 loss 3.36 i_con 4.54 plddt 0.25 ptm 0.86 i_ptm 0.17 energy -25.25
102 models [4] recycles 0 hard 0 soft 0 temp 0.98 loss 3.21 i_con 4.40 plddt 0.25 ptm 0.87 i_ptm 0.22 energy -25.32
103 models [4] recycles 0 hard 0 soft 0 temp 0.96 loss 3.39 i_con 4.59 plddt 0.21 ptm 0.87 i_ptm 0.15 energy -25.52
104 models [1] recycles 0 hard 0 soft 0 temp 0.94 loss 4.67 i_con 5.88 plddt 0.27 ptm 0.85 i_ptm 0.16 energy -25.71
105 models [3] recycles 0 hard 0 soft 0 temp 0.92 loss 3.93 i_con 5.15 plddt 0.24 ptm 0.85 i_ptm 0.18 energy -26.02
106 models [4] recycles 0 hard 0 soft 0 temp 0.90 loss 2.75 i_con 3.98 plddt 0.28 ptm 0.88 i_ptm 0.37 energy -26.09
107 models [1] recycles 0 hard 0 soft 0 temp 0.88 loss 5.07 i_con 6.32 plddt 0.27 ptm 0.86 i_ptm 0.19 energy -26.44
108 models [2] recycles 0 hard 0 soft 0 temp 0.86 loss 2.60 i_con 3.86 plddt 0.34 ptm 0.87 i_ptm 0.45 energy -26.56
109 models [4] recycles 0 hard 0 soft 0 temp 0.84 loss 2.63 i_con 3.91 plddt 0.31 ptm 0.88 i_ptm 0.41 energy -26.86
110 models [1] recycles 0 hard 0 soft 0 temp 0.82 loss 4.08 i_con 5.38 plddt 0.25 ptm 0.85 i_ptm 0.14 energy -27.56
111 models [1] recycles 0 hard 0 soft 0 temp 0.80 loss 4.19 i_con 5.50 plddt 0.23 ptm 0.85 i_ptm 0.14 energy -27.61
112 models [1] recycles 0 hard 0 soft 0 temp 0.78 loss 3.12 i_con 4.42 plddt 0.25 ptm 0.86 i_ptm 0.21 energy -27.68
113 models [4] recycles 0 hard 0 soft 0 temp 0.76 loss 2.56 i_con 3.88 plddt 0.30 ptm 0.88 i_ptm 0.43 energy -27.92
114 models [0] recycles 0 hard 0 soft 0 temp 0.74 loss 2.43 i_con 3.78 plddt 0.38 ptm 0.86 i_ptm 0.49 energy -28.22
115 models [2] recycles 0 hard 0 soft 0 temp 0.72 loss 2.23 i_con 3.65 plddt 0.40 ptm 0.87 i_ptm 0.56 energy -29.54
116 models [3] recycles 0 hard 0 soft 0 temp 0.70 loss 2.28 i_con 3.71 plddt 0.38 ptm 0.87 i_ptm 0.55 energy -30.00
117 models [4] recycles 0 hard 0 soft 0 temp 0.68 loss 2.23 i_con 3.68 plddt 0.37 ptm 0.88 i_ptm 0.53 energy -30.16
118 models [2] recycles 0 hard 0 soft 0 temp 0.66 loss 2.43 i_con 3.93 plddt 0.32 ptm 0.87 i_ptm 0.42 energy -31.42
119 models [0] recycles 0 hard 0 soft 0 temp 0.64 loss 2.27 i_con 3.78 plddt 0.34 ptm 0.86 i_ptm 0.47 energy -31.66
120 models [4] recycles 0 hard 0 soft 0 temp 0.62 loss 2.19 i_con 3.74 plddt 0.36 ptm 0.89 i_ptm 0.50 energy -32.18
121 models [4] recycles 0 hard 0 soft 0 temp 0.60 loss 2.14 i_con 3.70 plddt 0.36 ptm 0.89 i_ptm 0.52 energy -32.63
122 models [4] recycles 0 hard 0 soft 0 temp 0.58 loss 1.92 i_con 3.50 plddt 0.40 ptm 0.89 i_ptm 0.57 energy -32.72
123 models [4] recycles 0 hard 0 soft 0 temp 0.56 loss 1.92 i_con 3.50 plddt 0.38 ptm 0.89 i_ptm 0.56 energy -32.77
124 models [1] recycles 0 hard 0 soft 0 temp 0.54 loss 3.35 i_con 4.91 plddt 0.24 ptm 0.85 i_ptm 0.15 energy -32.74
125 models [1] recycles 0 hard 0 soft 0 temp 0.52 loss 2.20 i_con 3.76 plddt 0.35 ptm 0.88 i_ptm 0.49 energy -32.62
126 models [2] recycles 0 hard 0 soft 0 temp 0.50 loss 1.79 i_con 3.37 plddt 0.43 ptm 0.88 i_ptm 0.65 energy -32.78
127 models [2] recycles 0 hard 0 soft 0 temp 0.48 loss 1.80 i_con 3.40 plddt 0.44 ptm 0.88 i_ptm 0.62 energy -33.10
128 models [3] recycles 0 hard 0 soft 0 temp 0.46 loss 1.83 i_con 3.45 plddt 0.38 ptm 0.87 i_ptm 0.60 energy -33.56
129 models [4] recycles 0 hard 0 soft 0 temp 0.44 loss 1.89 i_con 3.52 plddt 0.41 ptm 0.89 i_ptm 0.58 energy -33.80
130 models [3] recycles 0 hard 0 soft 0 temp 0.42 loss 1.73 i_con 3.38 plddt 0.40 ptm 0.87 i_ptm 0.61 energy -34.23
131 models [0] recycles 0 hard 0 soft 0 temp 0.40 loss 2.03 i_con 3.70 plddt 0.38 ptm 0.85 i_ptm 0.53 energy -34.54
132 models [1] recycles 0 hard 0 soft 0 temp 0.38 loss 3.78 i_con 5.46 plddt 0.27 ptm 0.85 i_ptm 0.15 energy -35.04
133 models [4] recycles 0 hard 0 soft 0 temp 0.36 loss 1.89 i_con 3.59 plddt 0.37 ptm 0.89 i_ptm 0.54 energy -35.23
134 models [0] recycles 0 hard 0 soft 0 temp 0.34 loss 1.98 i_con 3.70 plddt 0.37 ptm 0.85 i_ptm 0.49 energy -35.74
135 models [3] recycles 0 hard 0 soft 0 temp 0.32 loss 1.81 i_con 3.53 plddt 0.38 ptm 0.87 i_ptm 0.56 energy -35.69
136 models [1] recycles 0 hard 0 soft 0 temp 0.30 loss 2.81 i_con 4.52 plddt 0.22 ptm 0.11 i_ptm 0.13 energy -35.83
137 models [2] recycles 0 hard 0 soft 0 temp 0.28 loss 1.93 i_con 3.66 plddt 0.35 ptm 0.88 i_ptm 0.53 energy -35.99
138 models [1] recycles 0 hard 0 soft 0 temp 0.26 loss 3.88 i_con 5.62 plddt 0.26 ptm 0.85 i_ptm 0.16 energy -36.29
139 models [0] recycles 0 hard 0 soft 0 temp 0.24 loss 1.82 i_con 3.59 plddt 0.40 ptm 0.86 i_ptm 0.54 energy -36.50
140 models [2] recycles 0 hard 0 soft 0 temp 0.22 loss 1.90 i_con 3.69 plddt 0.37 ptm 0.88 i_ptm 0.54 energy -37.03
141 models [0] recycles 0 hard 0 soft 0 temp 0.20 loss 1.95 i_con 3.75 plddt 0.35 ptm 0.85 i_ptm 0.50 energy -37.38
142 models [4] recycles 0 hard 0 soft 0 temp 0.18 loss 2.32 i_con 4.11 plddt 0.26 ptm 0.88 i_ptm 0.31 energy -37.28
143 models [1] recycles 0 hard 0 soft 0 temp 0.16 loss 4.11 i_con 5.89 plddt 0.28 ptm 0.82 i_ptm 0.08 energy -37.01
144 models [2] recycles 0 hard 0 soft 0 temp 0.14 loss 1.63 i_con 3.41 plddt 0.40 ptm 0.88 i_ptm 0.59 energy -36.89
145 models [4] recycles 0 hard 0 soft 0 temp 0.12 loss 1.89 i_con 3.69 plddt 0.35 ptm 0.88 i_ptm 0.51 energy -37.38
146 models [4] recycles 0 hard 0 soft 0 temp 0.10 loss 1.77 i_con 3.60 plddt 0.38 ptm 0.89 i_ptm 0.54 energy -37.81
147 models [2] recycles 0 hard 0 soft 0 temp 0.08 loss 1.64 i_con 3.48 plddt 0.44 ptm 0.88 i_ptm 0.61 energy -37.84
148 models [0] recycles 0 hard 0 soft 0 temp 0.06 loss 1.57 i_con 3.43 plddt 0.41 ptm 0.86 i_ptm 0.64 energy -38.23
149 models [4] recycles 0 hard 0 soft 0 temp 0.04 loss 1.62 i_con 3.51 plddt 0.39 ptm 0.90 i_ptm 0.58 energy -38.84
150 models [0] recycles 0 hard 0 soft 0 temp 0.02 loss 1.46 i_con 3.36 plddt 0.43 ptm 0.87 i_ptm 0.64 energy -39.21
151 models [0] recycles 0 hard 1 soft 0 temp 0.00 loss 1.26 i_con 4.37 plddt 0.27 ptm 0.83 i_ptm 0.23 energy -6.38
152 models [4] recycles 0 hard 1 soft 0 temp 0.00 loss 1.31 i_con 4.42 plddt 0.23 ptm 0.87 i_ptm 0.16 energy -6.38
153 models [4] recycles 0 hard 1 soft 0 temp 0.00 loss 1.31 i_con 4.42 plddt 0.23 ptm 0.87 i_ptm 0.16 energy -6.38
154 models [4] recycles 0 hard 1 soft 0 temp 0.00 loss 1.31 i_con 4.42 plddt 0.23 ptm 0.87 i_ptm 0.16 energy -6.38
155 models [4] recycles 0 hard 1 soft 0 temp 0.00 loss 1.31 i_con 4.42 plddt 0.23 ptm 0.87 i_ptm 0.16 energy -6.38
156 models [4] recycles 0 hard 1 soft 0 temp 0.00 loss 1.31 i_con 4.42 plddt 0.23 ptm 0.87 i_ptm 0.16 energy -6.38
157 models [0] recycles 0 hard 1 soft 0 temp 0.00 loss 1.26 i_con 4.37 plddt 0.27 ptm 0.83 i_ptm 0.23 energy -6.38
158 models [1] recycles 0 hard 1 soft 0 temp 0.00 loss 2.21 i_con 5.32 plddt 0.26 ptm 0.85 i_ptm 0.16 energy -6.38
159 models [2] recycles 0 hard 1 soft 0 temp 0.00 loss 0.53 i_con 3.65 plddt 0.31 ptm 0.87 i_ptm 0.50 energy -6.38
160 models [1] recycles 0 hard 1 soft 0 temp 0.00 loss 2.21 i_con 5.32 plddt 0.26 ptm 0.85 i_ptm 0.16 energy -6.38
161 models [0] recycles 0 hard 1 soft 0 temp 0.00 loss 1.26 i_con 4.37 plddt 0.27 ptm 0.83 i_ptm 0.23 energy -6.38
162 models [1] recycles 0 hard 1 soft 0 temp 0.00 loss 2.21 i_con 5.32 plddt 0.26 ptm 0.85 i_ptm 0.16 energy -6.38
163 models [2] recycles 0 hard 1 soft 0 temp 0.00 loss 0.53 i_con 3.65 plddt 0.31 ptm 0.87 i_ptm 0.50 energy -6.38
164 models [2] recycles 0 hard 1 soft 0 temp 0.00 loss 0.53 i_con 3.65 plddt 0.31 ptm 0.87 i_ptm 0.50 energy -6.38
165 models [2] recycles 0 hard 1 soft 0 temp 0.00 loss 0.53 i_con 3.65 plddt 0.31 ptm 0.87 i_ptm 0.50 energy -6.38
166 models [1] recycles 0 hard 1 soft 0 temp 0.00 loss 2.21 i_con 5.32 plddt 0.26 ptm 0.85 i_ptm 0.16 energy -6.38
167 models [0] recycles 0 hard 1 soft 0 temp 0.00 loss 1.26 i_con 4.37 plddt 0.27 ptm 0.83 i_ptm 0.23 energy -6.38
168 models [2] recycles 0 hard 1 soft 0 temp 0.00 loss 0.53 i_con 3.65 plddt 0.31 ptm 0.87 i_ptm 0.50 energy -6.38
169 models [2] recycles 0 hard 1 soft 0 temp 0.00 loss 0.53 i_con 3.65 plddt 0.31 ptm 0.87 i_ptm 0.50 energy -6.38
170 models [3] recycles 0 hard 1 soft 0 temp 0.00 loss 1.27 i_con 4.38 plddt 0.26 ptm 0.85 i_ptm 0.26 energy -6.38
171 models [4] recycles 0 hard 1 soft 0 temp 0.00 loss 1.31 i_con 4.42 plddt 0.23 ptm 0.87 i_ptm 0.16 energy -6.38
172 models [1] recycles 0 hard 1 soft 0 temp 0.00 loss 2.21 i_con 5.32 plddt 0.26 ptm 0.85 i_ptm 0.16 energy -6.38
173 models [4] recycles 0 hard 1 soft 0 temp 0.00 loss 1.31 i_con 4.42 plddt 0.23 ptm 0.87 i_ptm 0.16 energy -6.38
174 models [4] recycles 0 hard 1 soft 0 temp 0.00 loss 1.31 i_con 4.42 plddt 0.23 ptm 0.87 i_ptm 0.16 energy -6.38
175 models [0] recycles 0 hard 1 soft 0 temp 0.00 loss 1.26 i_con 4.37 plddt 0.27 ptm 0.83 i_ptm 0.23 energy -6.38
176 models [3] recycles 0 hard 1 soft 0 temp 0.00 loss 1.27 i_con 4.38 plddt 0.26 ptm 0.85 i_ptm 0.26 energy -6.38
177 models [1] recycles 0 hard 1 soft 0 temp 0.00 loss 2.21 i_con 5.32 plddt 0.26 ptm 0.85 i_ptm 0.16 energy -6.38
178 models [3] recycles 0 hard 1 soft 0 temp 0.00 loss 1.27 i_con 4.38 plddt 0.26 ptm 0.85 i_ptm 0.26 energy -6.38
179 models [0] recycles 0 hard 1 soft 0 temp 0.00 loss 1.26 i_con 4.37 plddt 0.27 ptm 0.83 i_ptm 0.23 energy -6.38
180 models [2] recycles 0 hard 1 soft 0 temp 0.00 loss 0.53 i_con 3.65 plddt 0.31 ptm 0.87 i_ptm 0.50 energy -6.38
  seq=NWKRAWRDVAWIRTC  loss=0.5340  loss_af=3.7217  energy=-6.3754  i_ptm=0.5035
[25/30] seed=24 ...
1 models [1] recycles 0 hard 0 soft 1 temp 1 loss 4.96 i_con 4.51 plddt 0.22 ptm 0.86 i_ptm 0.20 energy 7.37
2 models [4] recycles 0 hard 0 soft 1 temp 1 loss 4.31 i_con 3.88 plddt 0.34 ptm 0.88 i_ptm 0.44 energy 7.23
3 models [3] recycles 0 hard 0 soft 1 temp 1 loss 4.27 i_con 3.86 plddt 0.31 ptm 0.86 i_ptm 0.42 energy 6.83
4 models [4] recycles 0 hard 0 soft 1 temp 1 loss 4.81 i_con 4.43 plddt 0.26 ptm 0.87 i_ptm 0.22 energy 6.04
5 models [3] recycles 0 hard 0 soft 1 temp 1 loss 4.95 i_con 4.58 plddt 0.27 ptm 0.84 i_ptm 0.20 energy 6.03
6 models [2] recycles 0 hard 0 soft 1 temp 1 loss 4.23 i_con 3.88 plddt 0.35 ptm 0.87 i_ptm 0.44 energy 5.66
7 models [2] recycles 0 hard 0 soft 1 temp 1 loss 4.09 i_con 3.78 plddt 0.33 ptm 0.87 i_ptm 0.47 energy 4.96
8 models [3] recycles 0 hard 0 soft 1 temp 1 loss 4.04 i_con 3.76 plddt 0.36 ptm 0.86 i_ptm 0.46 energy 4.24
9 models [2] recycles 0 hard 0 soft 1 temp 1 loss 3.98 i_con 3.74 plddt 0.38 ptm 0.87 i_ptm 0.49 energy 3.69
10 models [4] recycles 0 hard 0 soft 1 temp 1 loss 4.14 i_con 3.91 plddt 0.29 ptm 0.88 i_ptm 0.37 energy 3.25
11 models [4] recycles 0 hard 0 soft 1 temp 1 loss 4.06 i_con 3.85 plddt 0.32 ptm 0.88 i_ptm 0.41 energy 2.76
12 models [1] recycles 0 hard 0 soft 1 temp 1 loss 4.37 i_con 4.18 plddt 0.26 ptm 0.86 i_ptm 0.26 energy 2.43
13 models [3] recycles 0 hard 0 soft 1 temp 1 loss 3.99 i_con 3.80 plddt 0.31 ptm 0.86 i_ptm 0.44 energy 2.28
14 models [4] recycles 0 hard 0 soft 1 temp 1 loss 4.07 i_con 3.90 plddt 0.30 ptm 0.88 i_ptm 0.40 energy 2.01
15 models [4] recycles 0 hard 0 soft 1 temp 1 loss 4.10 i_con 3.94 plddt 0.31 ptm 0.88 i_ptm 0.37 energy 1.79
16 models [2] recycles 0 hard 0 soft 1 temp 1 loss 3.88 i_con 3.73 plddt 0.34 ptm 0.87 i_ptm 0.45 energy 1.64
17 models [0] recycles 0 hard 0 soft 1 temp 1 loss 4.08 i_con 3.94 plddt 0.31 ptm 0.85 i_ptm 0.38 energy 1.37
18 models [3] recycles 0 hard 0 soft 1 temp 1 loss 3.84 i_con 3.72 plddt 0.34 ptm 0.86 i_ptm 0.45 energy 1.02
19 models [0] recycles 0 hard 0 soft 1 temp 1 loss 4.00 i_con 3.90 plddt 0.32 ptm 0.84 i_ptm 0.40 energy 0.58
20 models [4] recycles 0 hard 0 soft 1 temp 1 loss 3.84 i_con 3.75 plddt 0.32 ptm 0.88 i_ptm 0.45 energy 0.40
21 models [1] recycles 0 hard 0 soft 1 temp 1 loss 4.08 i_con 4.00 plddt 0.26 ptm 0.86 i_ptm 0.34 energy 0.09
22 models [4] recycles 0 hard 0 soft 1 temp 1 loss 3.74 i_con 3.68 plddt 0.37 ptm 0.89 i_ptm 0.51 energy -0.08
23 models [2] recycles 0 hard 0 soft 1 temp 1 loss 3.73 i_con 3.68 plddt 0.39 ptm 0.87 i_ptm 0.52 energy -0.33
24 models [2] recycles 0 hard 0 soft 1 temp 1 loss 3.80 i_con 3.77 plddt 0.35 ptm 0.87 i_ptm 0.45 energy -0.66
25 models [2] recycles 0 hard 0 soft 1 temp 1 loss 3.80 i_con 3.78 plddt 0.36 ptm 0.87 i_ptm 0.44 energy -0.91
26 models [2] recycles 0 hard 0 soft 1 temp 1 loss 3.72 i_con 3.71 plddt 0.40 ptm 0.87 i_ptm 0.50 energy -1.04
27 models [3] recycles 0 hard 0 soft 1 temp 1 loss 3.75 i_con 3.75 plddt 0.35 ptm 0.86 i_ptm 0.46 energy -1.36
28 models [2] recycles 0 hard 0 soft 1 temp 1 loss 3.68 i_con 3.71 plddt 0.38 ptm 0.87 i_ptm 0.50 energy -1.78
29 models [3] recycles 0 hard 0 soft 1 temp 1 loss 3.83 i_con 3.86 plddt 0.31 ptm 0.86 i_ptm 0.39 energy -1.90
30 models [1] recycles 0 hard 0 soft 1 temp 1 loss 3.83 i_con 3.88 plddt 0.29 ptm 0.87 i_ptm 0.40 energy -2.27
31 models [0] recycles 0 hard 0 soft 1 temp 1 loss 3.71 i_con 3.76 plddt 0.35 ptm 0.85 i_ptm 0.46 energy -2.36
32 models [1] recycles 0 hard 0 soft 1 temp 1 loss 3.84 i_con 3.90 plddt 0.31 ptm 0.87 i_ptm 0.37 energy -2.54
33 models [2] recycles 0 hard 0 soft 1 temp 1 loss 3.57 i_con 3.64 plddt 0.40 ptm 0.87 i_ptm 0.52 energy -2.59
34 models [3] recycles 0 hard 0 soft 1 temp 1 loss 3.70 i_con 3.77 plddt 0.35 ptm 0.85 i_ptm 0.44 energy -2.70
35 models [1] recycles 0 hard 0 soft 1 temp 1 loss 3.78 i_con 3.85 plddt 0.32 ptm 0.87 i_ptm 0.41 energy -2.93
36 models [1] recycles 0 hard 0 soft 1 temp 1 loss 3.82 i_con 3.90 plddt 0.33 ptm 0.87 i_ptm 0.40 energy -2.96
37 models [0] recycles 0 hard 0 soft 1 temp 1 loss 3.79 i_con 3.87 plddt 0.35 ptm 0.85 i_ptm 0.42 energy -2.89
38 models [2] recycles 0 hard 0 soft 1 temp 1 loss 3.59 i_con 3.68 plddt 0.40 ptm 0.87 i_ptm 0.53 energy -2.93
39 models [1] recycles 0 hard 0 soft 1 temp 1 loss 3.77 i_con 3.85 plddt 0.32 ptm 0.87 i_ptm 0.40 energy -3.06
40 models [2] recycles 0 hard 0 soft 1 temp 1 loss 3.65 i_con 3.74 plddt 0.38 ptm 0.87 i_ptm 0.48 energy -3.04
41 models [4] recycles 0 hard 0 soft 1 temp 1 loss 3.59 i_con 3.68 plddt 0.38 ptm 0.88 i_ptm 0.49 energy -3.10
42 models [1] recycles 0 hard 0 soft 1 temp 1 loss 3.74 i_con 3.82 plddt 0.33 ptm 0.88 i_ptm 0.43 energy -3.09
43 models [1] recycles 0 hard 0 soft 1 temp 1 loss 3.70 i_con 3.79 plddt 0.32 ptm 0.86 i_ptm 0.44 energy -3.15
44 models [3] recycles 0 hard 0 soft 1 temp 1 loss 3.60 i_con 3.69 plddt 0.36 ptm 0.86 i_ptm 0.50 energy -3.21
45 models [3] recycles 0 hard 0 soft 1 temp 1 loss 3.61 i_con 3.71 plddt 0.34 ptm 0.86 i_ptm 0.47 energy -3.32
46 models [2] recycles 0 hard 0 soft 1 temp 1 loss 3.54 i_con 3.65 plddt 0.40 ptm 0.87 i_ptm 0.53 energy -3.42
47 models [1] recycles 0 hard 0 soft 1 temp 1 loss 3.81 i_con 3.91 plddt 0.29 ptm 0.87 i_ptm 0.37 energy -3.44
48 models [1] recycles 0 hard 0 soft 1 temp 1 loss 3.91 i_con 4.01 plddt 0.29 ptm 0.87 i_ptm 0.34 energy -3.45
49 models [3] recycles 0 hard 0 soft 1 temp 1 loss 3.62 i_con 3.73 plddt 0.35 ptm 0.86 i_ptm 0.47 energy -3.46
50 models [3] recycles 0 hard 0 soft 1 temp 1 loss 3.59 i_con 3.70 plddt 0.36 ptm 0.86 i_ptm 0.50 energy -3.49
51 models [4] recycles 0 hard 0 soft 1 temp 1 loss 3.00 i_con 3.65 plddt 0.38 ptm 0.88 i_ptm 0.50 energy -3.57
52 models [4] recycles 0 hard 0 soft 1 temp 1 loss 2.89 i_con 3.58 plddt 0.43 ptm 0.89 i_ptm 0.56 energy -3.73
53 models [2] recycles 0 hard 0 soft 1 temp 1 loss 3.16 i_con 3.88 plddt 0.34 ptm 0.87 i_ptm 0.39 energy -3.96
54 models [4] recycles 0 hard 0 soft 1 temp 1 loss 2.99 i_con 3.74 plddt 0.33 ptm 0.88 i_ptm 0.45 energy -4.05
55 models [2] recycles 0 hard 0 soft 1 temp 1 loss 2.90 i_con 3.65 plddt 0.41 ptm 0.87 i_ptm 0.54 energy -4.09
56 models [2] recycles 0 hard 0 soft 1 temp 1 loss 3.06 i_con 3.87 plddt 0.33 ptm 0.87 i_ptm 0.40 energy -4.36
57 models [1] recycles 0 hard 0 soft 1 temp 1 loss 3.11 i_con 3.91 plddt 0.31 ptm 0.87 i_ptm 0.38 energy -4.35
58 models [2] recycles 0 hard 0 soft 1 temp 1 loss 2.88 i_con 3.67 plddt 0.40 ptm 0.87 i_ptm 0.50 energy -4.24
59 models [3] recycles 0 hard 0 soft 1 temp 1 loss 2.85 i_con 3.70 plddt 0.36 ptm 0.87 i_ptm 0.49 energy -4.56
60 models [4] recycles 0 hard 0 soft 1 temp 1 loss 2.81 i_con 3.70 plddt 0.37 ptm 0.89 i_ptm 0.47 energy -4.77
61 models [3] recycles 0 hard 0 soft 1 temp 1 loss 3.08 i_con 4.00 plddt 0.28 ptm 0.85 i_ptm 0.32 energy -4.98
62 models [3] recycles 0 hard 0 soft 1 temp 1 loss 2.76 i_con 3.68 plddt 0.35 ptm 0.86 i_ptm 0.48 energy -4.91
63 models [3] recycles 0 hard 0 soft 1 temp 1 loss 2.80 i_con 3.70 plddt 0.35 ptm 0.86 i_ptm 0.47 energy -4.82
64 models [3] recycles 0 hard 0 soft 1 temp 1 loss 2.81 i_con 3.73 plddt 0.36 ptm 0.87 i_ptm 0.45 energy -4.95
65 models [0] recycles 0 hard 0 soft 1 temp 1 loss 3.21 i_con 4.14 plddt 0.29 ptm 0.83 i_ptm 0.30 energy -5.01
66 models [4] recycles 0 hard 0 soft 1 temp 1 loss 2.72 i_con 3.68 plddt 0.35 ptm 0.88 i_ptm 0.47 energy -5.13
67 models [2] recycles 0 hard 0 soft 1 temp 1 loss 2.71 i_con 3.67 plddt 0.43 ptm 0.87 i_ptm 0.53 energy -5.09
68 models [0] recycles 0 hard 0 soft 1 temp 1 loss 3.00 i_con 3.99 plddt 0.30 ptm 0.85 i_ptm 0.36 energy -5.29
69 models [2] recycles 0 hard 0 soft 1 temp 1 loss 2.78 i_con 3.80 plddt 0.36 ptm 0.87 i_ptm 0.44 energy -5.41
70 models [0] recycles 0 hard 0 soft 1 temp 1 loss 2.94 i_con 3.95 plddt 0.30 ptm 0.84 i_ptm 0.38 energy -5.42
71 models [2] recycles 0 hard 0 soft 1 temp 1 loss 2.65 i_con 3.69 plddt 0.40 ptm 0.87 i_ptm 0.50 energy -5.46
72 models [4] recycles 0 hard 0 soft 1 temp 1 loss 2.73 i_con 3.77 plddt 0.33 ptm 0.88 i_ptm 0.44 energy -5.52
73 models [0] recycles 0 hard 0 soft 1 temp 1 loss 2.81 i_con 3.87 plddt 0.36 ptm 0.85 i_ptm 0.43 energy -5.65
74 models [0] recycles 0 hard 0 soft 1 temp 1 loss 2.86 i_con 3.94 plddt 0.32 ptm 0.85 i_ptm 0.36 energy -5.72
75 models [3] recycles 0 hard 0 soft 1 temp 1 loss 2.62 i_con 3.69 plddt 0.34 ptm 0.87 i_ptm 0.46 energy -5.69
76 models [0] recycles 0 hard 0 soft 1 temp 1 loss 2.87 i_con 3.97 plddt 0.32 ptm 0.85 i_ptm 0.38 energy -5.85
77 models [1] recycles 0 hard 0 soft 1 temp 1 loss 4.68 i_con 5.82 plddt 0.27 ptm 0.86 i_ptm 0.22 energy -6.06
78 models [4] recycles 0 hard 0 soft 1 temp 1 loss 2.63 i_con 3.76 plddt 0.33 ptm 0.88 i_ptm 0.45 energy -5.97
79 models [3] recycles 0 hard 0 soft 1 temp 1 loss 2.69 i_con 3.84 plddt 0.33 ptm 0.85 i_ptm 0.40 energy -6.06
80 models [4] recycles 0 hard 0 soft 1 temp 1 loss 2.70 i_con 3.83 plddt 0.32 ptm 0.89 i_ptm 0.41 energy -5.97
81 models [3] recycles 0 hard 0 soft 1 temp 1 loss 2.65 i_con 3.79 plddt 0.31 ptm 0.86 i_ptm 0.42 energy -6.08
82 models [4] recycles 0 hard 0 soft 1 temp 1 loss 2.62 i_con 3.74 plddt 0.33 ptm 0.88 i_ptm 0.46 energy -5.96
83 models [2] recycles 0 hard 0 soft 1 temp 1 loss 2.58 i_con 3.73 plddt 0.40 ptm 0.87 i_ptm 0.50 energy -6.04
84 models [3] recycles 0 hard 0 soft 1 temp 1 loss 2.52 i_con 3.67 plddt 0.35 ptm 0.86 i_ptm 0.50 energy -6.08
85 models [3] recycles 0 hard 0 soft 1 temp 1 loss 2.54 i_con 3.69 plddt 0.36 ptm 0.87 i_ptm 0.49 energy -6.07
86 models [1] recycles 0 hard 0 soft 1 temp 1 loss 3.63 i_con 4.80 plddt 0.26 ptm 0.86 i_ptm 0.15 energy -6.21
87 models [3] recycles 0 hard 0 soft 1 temp 1 loss 2.56 i_con 3.76 plddt 0.34 ptm 0.87 i_ptm 0.44 energy -6.32
88 models [1] recycles 0 hard 0 soft 1 temp 1 loss 4.33 i_con 5.55 plddt 0.24 ptm 0.87 i_ptm 0.18 energy -6.48
89 models [0] recycles 0 hard 0 soft 1 temp 1 loss 3.27 i_con 4.46 plddt 0.24 ptm 0.83 i_ptm 0.16 energy -6.33
90 models [1] recycles 0 hard 0 soft 1 temp 1 loss 4.11 i_con 5.31 plddt 0.26 ptm 0.86 i_ptm 0.28 energy -6.36
91 models [2] recycles 0 hard 0 soft 1 temp 1 loss 2.52 i_con 3.73 plddt 0.37 ptm 0.88 i_ptm 0.49 energy -6.37
92 models [4] recycles 0 hard 0 soft 1 temp 1 loss 2.66 i_con 3.88 plddt 0.30 ptm 0.88 i_ptm 0.39 energy -6.43
93 models [1] recycles 0 hard 0 soft 1 temp 1 loss 4.81 i_con 6.02 plddt 0.26 ptm 0.86 i_ptm 0.20 energy -6.40
94 models [4] recycles 0 hard 0 soft 1 temp 1 loss 2.58 i_con 3.77 plddt 0.31 ptm 0.88 i_ptm 0.41 energy -6.28
95 models [2] recycles 0 hard 0 soft 1 temp 1 loss 2.51 i_con 3.72 plddt 0.39 ptm 0.87 i_ptm 0.49 energy -6.36
96 models [4] recycles 0 hard 0 soft 1 temp 1 loss 2.43 i_con 3.63 plddt 0.41 ptm 0.89 i_ptm 0.53 energy -6.28
97 models [0] recycles 0 hard 0 soft 1 temp 1 loss 2.66 i_con 3.86 plddt 0.36 ptm 0.85 i_ptm 0.40 energy -6.34
98 models [3] recycles 0 hard 0 soft 1 temp 1 loss 2.40 i_con 3.65 plddt 0.40 ptm 0.87 i_ptm 0.50 energy -6.50
99 models [1] recycles 0 hard 0 soft 1 temp 1 loss 3.26 i_con 4.51 plddt 0.22 ptm 0.86 i_ptm 0.16 energy -6.64
100 models [4] recycles 0 hard 0 soft 1 temp 1 loss 3.81 i_con 5.04 plddt 0.25 ptm 0.87 i_ptm 0.21 energy -6.52
101 models [3] recycles 0 hard 0 soft 0 temp 1 loss 3.64 i_con 5.53 plddt 0.25 ptm 0.85 i_ptm 0.17 energy -39.31
102 models [4] recycles 0 hard 0 soft 0 temp 0.98 loss 2.76 i_con 4.67 plddt 0.24 ptm 0.87 i_ptm 0.17 energy -39.60
103 models [1] recycles 0 hard 0 soft 0 temp 0.96 loss 4.37 i_con 6.27 plddt 0.27 ptm 0.86 i_ptm 0.16 energy -39.39
104 models [0] recycles 0 hard 0 soft 0 temp 0.94 loss 2.33 i_con 4.25 plddt 0.28 ptm 0.83 i_ptm 0.25 energy -39.94
105 models [0] recycles 0 hard 0 soft 0 temp 0.92 loss 2.96 i_con 4.90 plddt 0.26 ptm 0.83 i_ptm 0.14 energy -40.30
106 models [2] recycles 0 hard 0 soft 0 temp 0.90 loss 3.77 i_con 5.71 plddt 0.22 ptm 0.84 i_ptm 0.17 energy -40.44
107 models [1] recycles 0 hard 0 soft 0 temp 0.88 loss 4.56 i_con 6.50 plddt 0.28 ptm 0.87 i_ptm 0.16 energy -40.32
108 models [0] recycles 0 hard 0 soft 0 temp 0.86 loss 2.56 i_con 4.52 plddt 0.26 ptm 0.83 i_ptm 0.17 energy -40.64
109 models [2] recycles 0 hard 0 soft 0 temp 0.84 loss 2.88 i_con 4.83 plddt 0.19 ptm 0.17 i_ptm 0.08 energy -40.61
110 models [3] recycles 0 hard 0 soft 0 temp 0.82 loss 3.39 i_con 5.32 plddt 0.26 ptm 0.86 i_ptm 0.16 energy -40.21
111 models [2] recycles 0 hard 0 soft 0 temp 0.80 loss 1.78 i_con 3.70 plddt 0.17 ptm 0.50 i_ptm 0.55 energy -40.02
112 models [4] recycles 0 hard 0 soft 0 temp 0.78 loss 1.83 i_con 3.75 plddt 0.20 ptm 0.44 i_ptm 0.46 energy -39.90
113 models [4] recycles 0 hard 0 soft 0 temp 0.76 loss 2.98 i_con 4.89 plddt 0.15 ptm 0.36 i_ptm 0.18 energy -39.80
114 models [1] recycles 0 hard 0 soft 0 temp 0.74 loss 3.61 i_con 5.54 plddt 0.22 ptm 0.84 i_ptm 0.10 energy -40.04
115 models [0] recycles 0 hard 0 soft 0 temp 0.72 loss 2.58 i_con 4.52 plddt 0.24 ptm 0.84 i_ptm 0.15 energy -40.25
116 models [4] recycles 0 hard 0 soft 0 temp 0.70 loss 0.83 i_con 2.80 plddt 0.32 ptm 0.49 i_ptm 0.52 energy -40.73
117 models [2] recycles 0 hard 0 soft 0 temp 0.68 loss 3.28 i_con 5.24 plddt 0.22 ptm 0.71 i_ptm 0.10 energy -40.87
118 models [2] recycles 0 hard 0 soft 0 temp 0.66 loss 3.71 i_con 5.68 plddt 0.23 ptm 0.85 i_ptm 0.14 energy -40.92
119 models [0] recycles 0 hard 0 soft 0 temp 0.64 loss 2.81 i_con 4.76 plddt 0.18 ptm 0.23 i_ptm 0.44 energy -40.68
120 models [3] recycles 0 hard 0 soft 0 temp 0.62 loss 3.62 i_con 5.58 plddt 0.20 ptm 0.82 i_ptm 0.15 energy -40.65
121 models [0] recycles 0 hard 0 soft 0 temp 0.60 loss 2.70 i_con 4.66 plddt 0.22 ptm 0.84 i_ptm 0.13 energy -40.74
122 models [3] recycles 0 hard 0 soft 0 temp 0.58 loss 4.17 i_con 6.12 plddt 0.26 ptm 0.85 i_ptm 0.21 energy -40.46
123 models [3] recycles 0 hard 0 soft 0 temp 0.56 loss 0.04 i_con 1.99 plddt 0.21 ptm 0.38 i_ptm 0.39 energy -40.57
124 models [0] recycles 0 hard 0 soft 0 temp 0.54 loss 2.89 i_con 4.84 plddt 0.22 ptm 0.84 i_ptm 0.11 energy -40.48
125 models [1] recycles 0 hard 0 soft 0 temp 0.52 loss 4.44 i_con 6.41 plddt 0.27 ptm 0.87 i_ptm 0.21 energy -40.78
126 models [4] recycles 0 hard 0 soft 0 temp 0.50 loss 3.46 i_con 5.44 plddt 0.20 ptm 0.75 i_ptm 0.08 energy -41.31
127 models [1] recycles 0 hard 0 soft 0 temp 0.48 loss 3.41 i_con 5.44 plddt 0.27 ptm 0.84 i_ptm 0.16 energy -41.92
128 models [4] recycles 0 hard 0 soft 0 temp 0.46 loss 3.38 i_con 5.41 plddt 0.21 ptm 0.86 i_ptm 0.14 energy -42.20
129 models [2] recycles 0 hard 0 soft 0 temp 0.44 loss 3.02 i_con 5.06 plddt 0.20 ptm 0.21 i_ptm 0.09 energy -42.25
130 models [0] recycles 0 hard 0 soft 0 temp 0.42 loss 3.01 i_con 5.04 plddt 0.25 ptm 0.84 i_ptm 0.09 energy -42.11
131 models [4] recycles 0 hard 0 soft 0 temp 0.40 loss 2.85 i_con 4.88 plddt 0.17 ptm 0.22 i_ptm 0.19 energy -42.31
132 models [4] recycles 0 hard 0 soft 0 temp 0.38 loss 3.92 i_con 5.96 plddt 0.21 ptm 0.82 i_ptm 0.11 energy -42.37
133 models [4] recycles 0 hard 0 soft 0 temp 0.36 loss 3.62 i_con 5.66 plddt 0.20 ptm 0.78 i_ptm 0.11 energy -42.42
134 models [3] recycles 0 hard 0 soft 0 temp 0.34 loss 2.53 i_con 4.57 plddt 0.24 ptm 0.86 i_ptm 0.19 energy -42.45
135 models [1] recycles 0 hard 0 soft 0 temp 0.32 loss 3.93 i_con 6.01 plddt 0.24 ptm 0.85 i_ptm 0.14 energy -43.17
136 models [4] recycles 0 hard 0 soft 0 temp 0.30 loss 3.32 i_con 5.40 plddt 0.20 ptm 0.87 i_ptm 0.11 energy -43.30
137 models [3] recycles 0 hard 0 soft 0 temp 0.28 loss 2.05 i_con 4.14 plddt 0.27 ptm 0.86 i_ptm 0.28 energy -43.43
138 models [1] recycles 0 hard 0 soft 0 temp 0.26 loss 3.45 i_con 5.58 plddt 0.25 ptm 0.86 i_ptm 0.15 energy -44.14
139 models [0] recycles 0 hard 0 soft 0 temp 0.24 loss 2.03 i_con 4.19 plddt 0.26 ptm 0.84 i_ptm 0.27 energy -44.78
140 models [3] recycles 0 hard 0 soft 0 temp 0.22 loss 2.05 i_con 4.29 plddt 0.24 ptm 0.85 i_ptm 0.23 energy -46.33
141 models [3] recycles 0 hard 0 soft 0 temp 0.20 loss 2.11 i_con 4.34 plddt 0.22 ptm 0.85 i_ptm 0.16 energy -46.17
142 models [2] recycles 0 hard 0 soft 0 temp 0.18 loss 1.75 i_con 3.97 plddt 0.30 ptm 0.87 i_ptm 0.38 energy -45.85
143 models [3] recycles 0 hard 0 soft 0 temp 0.16 loss 1.78 i_con 4.03 plddt 0.26 ptm 0.87 i_ptm 0.32 energy -46.60
144 models [4] recycles 0 hard 0 soft 0 temp 0.14 loss 1.86 i_con 4.13 plddt 0.24 ptm 0.88 i_ptm 0.26 energy -46.86
145 models [4] recycles 0 hard 0 soft 0 temp 0.12 loss 2.21 i_con 4.48 plddt 0.21 ptm 0.87 i_ptm 0.14 energy -46.98
146 models [2] recycles 0 hard 0 soft 0 temp 0.10 loss 3.48 i_con 5.76 plddt 0.21 ptm 0.85 i_ptm 0.11 energy -47.21
147 models [4] recycles 0 hard 0 soft 0 temp 0.08 loss 1.73 i_con 4.02 plddt 0.27 ptm 0.89 i_ptm 0.36 energy -47.23
148 models [2] recycles 0 hard 0 soft 0 temp 0.06 loss 1.56 i_con 3.89 plddt 0.30 ptm 0.87 i_ptm 0.41 energy -47.90
149 models [4] recycles 0 hard 0 soft 0 temp 0.04 loss 1.58 i_con 3.95 plddt 0.26 ptm 0.88 i_ptm 0.37 energy -48.86
150 models [3] recycles 0 hard 0 soft 0 temp 0.02 loss 1.53 i_con 3.97 plddt 0.29 ptm 0.86 i_ptm 0.34 energy -50.20
151 models [0] recycles 0 hard 1 soft 0 temp 0.00 loss 0.69 i_con 4.02 plddt 0.25 ptm 0.84 i_ptm 0.33 energy -6.81
152 models [0] recycles 0 hard 1 soft 0 temp 0.00 loss 0.69 i_con 4.02 plddt 0.25 ptm 0.84 i_ptm 0.33 energy -6.81
153 models [2] recycles 0 hard 1 soft 0 temp 0.00 loss 0.44 i_con 3.78 plddt 0.31 ptm 0.87 i_ptm 0.47 energy -6.81
154 models [4] recycles 0 hard 1 soft 0 temp 0.00 loss 1.05 i_con 4.38 plddt 0.22 ptm 0.88 i_ptm 0.26 energy -6.81
155 models [0] recycles 0 hard 1 soft 0 temp 0.00 loss 0.69 i_con 4.02 plddt 0.25 ptm 0.84 i_ptm 0.33 energy -6.81
156 models [1] recycles 0 hard 1 soft 0 temp 0.00 loss 2.01 i_con 5.33 plddt 0.22 ptm 0.85 i_ptm 0.14 energy -6.81
157 models [2] recycles 0 hard 1 soft 0 temp 0.00 loss 0.44 i_con 3.78 plddt 0.31 ptm 0.87 i_ptm 0.47 energy -6.81
158 models [0] recycles 0 hard 1 soft 0 temp 0.00 loss 0.69 i_con 4.02 plddt 0.25 ptm 0.84 i_ptm 0.33 energy -6.81
159 models [3] recycles 0 hard 1 soft 0 temp 0.00 loss 0.40 i_con 3.74 plddt 0.29 ptm 0.86 i_ptm 0.46 energy -6.81
160 models [1] recycles 0 hard 1 soft 0 temp 0.00 loss 2.01 i_con 5.33 plddt 0.22 ptm 0.85 i_ptm 0.14 energy -6.81
161 models [1] recycles 0 hard 1 soft 0 temp 0.00 loss 2.01 i_con 5.33 plddt 0.22 ptm 0.85 i_ptm 0.14 energy -6.81
162 models [2] recycles 0 hard 1 soft 0 temp 0.00 loss 0.44 i_con 3.78 plddt 0.31 ptm 0.87 i_ptm 0.47 energy -6.81
163 models [4] recycles 0 hard 1 soft 0 temp 0.00 loss 1.05 i_con 4.38 plddt 0.22 ptm 0.88 i_ptm 0.26 energy -6.81
164 models [3] recycles 0 hard 1 soft 0 temp 0.00 loss 0.40 i_con 3.74 plddt 0.29 ptm 0.86 i_ptm 0.46 energy -6.81
165 models [3] recycles 0 hard 1 soft 0 temp 0.00 loss 0.40 i_con 3.74 plddt 0.29 ptm 0.86 i_ptm 0.46 energy -6.81
166 models [0] recycles 0 hard 1 soft 0 temp 0.00 loss 0.69 i_con 4.02 plddt 0.25 ptm 0.84 i_ptm 0.33 energy -6.81
167 models [4] recycles 0 hard 1 soft 0 temp 0.00 loss 1.05 i_con 4.38 plddt 0.22 ptm 0.88 i_ptm 0.26 energy -6.81
168 models [3] recycles 0 hard 1 soft 0 temp 0.00 loss 0.40 i_con 3.74 plddt 0.29 ptm 0.86 i_ptm 0.46 energy -6.81
169 models [1] recycles 0 hard 1 soft 0 temp 0.00 loss 2.01 i_con 5.33 plddt 0.22 ptm 0.85 i_ptm 0.14 energy -6.81
170 models [1] recycles 0 hard 1 soft 0 temp 0.00 loss 2.01 i_con 5.33 plddt 0.22 ptm 0.85 i_ptm 0.14 energy -6.81
171 models [2] recycles 0 hard 1 soft 0 temp 0.00 loss 0.44 i_con 3.78 plddt 0.31 ptm 0.87 i_ptm 0.47 energy -6.81
172 models [2] recycles 0 hard 1 soft 0 temp 0.00 loss 0.44 i_con 3.78 plddt 0.31 ptm 0.87 i_ptm 0.47 energy -6.81
173 models [1] recycles 0 hard 1 soft 0 temp 0.00 loss 2.01 i_con 5.33 plddt 0.22 ptm 0.85 i_ptm 0.14 energy -6.81
174 models [4] recycles 0 hard 1 soft 0 temp 0.00 loss 1.05 i_con 4.38 plddt 0.22 ptm 0.88 i_ptm 0.26 energy -6.81
175 models [3] recycles 0 hard 1 soft 0 temp 0.00 loss 0.40 i_con 3.74 plddt 0.29 ptm 0.86 i_ptm 0.46 energy -6.81
176 models [4] recycles 0 hard 1 soft 0 temp 0.00 loss 1.05 i_con 4.38 plddt 0.22 ptm 0.88 i_ptm 0.26 energy -6.81
177 models [0] recycles 0 hard 1 soft 0 temp 0.00 loss 0.69 i_con 4.02 plddt 0.25 ptm 0.84 i_ptm 0.33 energy -6.81
178 models [1] recycles 0 hard 1 soft 0 temp 0.00 loss 2.01 i_con 5.33 plddt 0.22 ptm 0.85 i_ptm 0.14 energy -6.81
179 models [2] recycles 0 hard 1 soft 0 temp 0.00 loss 0.44 i_con 3.78 plddt 0.31 ptm 0.87 i_ptm 0.47 energy -6.81
180 models [4] recycles 0 hard 1 soft 0 temp 0.00 loss 1.05 i_con 4.38 plddt 0.22 ptm 0.88 i_ptm 0.26 energy -6.81
  seq=DHNWWWMNVNYNKDA  loss=1.0494  loss_af=4.4548  energy=-6.8108  i_ptm=0.2633
[26/30] seed=25 ...
1 models [4] recycles 0 hard 0 soft 1 temp 1 loss 4.58 i_con 4.14 plddt 0.28 ptm 0.87 i_ptm 0.33 energy 7.40
2 models [2] recycles 0 hard 0 soft 1 temp 1 loss 4.46 i_con 4.03 plddt 0.30 ptm 0.86 i_ptm 0.38 energy 7.13
3 models [0] recycles 0 hard 0 soft 1 temp 1 loss 4.53 i_con 4.14 plddt 0.28 ptm 0.83 i_ptm 0.30 energy 6.51
4 models [0] recycles 0 hard 0 soft 1 temp 1 loss 4.25 i_con 3.88 plddt 0.32 ptm 0.85 i_ptm 0.42 energy 6.12
5 models [2] recycles 0 hard 0 soft 1 temp 1 loss 4.23 i_con 3.89 plddt 0.36 ptm 0.87 i_ptm 0.47 energy 5.42
6 models [2] recycles 0 hard 0 soft 1 temp 1 loss 4.21 i_con 3.91 plddt 0.34 ptm 0.87 i_ptm 0.42 energy 4.66
7 models [1] recycles 0 hard 0 soft 1 temp 1 loss 4.81 i_con 4.52 plddt 0.21 ptm 0.85 i_ptm 0.16 energy 4.06
8 models [2] recycles 0 hard 0 soft 1 temp 1 loss 4.18 i_con 3.91 plddt 0.32 ptm 0.86 i_ptm 0.40 energy 4.10
9 models [1] recycles 0 hard 0 soft 1 temp 1 loss 4.41 i_con 4.16 plddt 0.23 ptm 0.86 i_ptm 0.24 energy 3.58
10 models [4] recycles 0 hard 0 soft 1 temp 1 loss 4.10 i_con 3.86 plddt 0.31 ptm 0.88 i_ptm 0.43 energy 3.37
11 models [1] recycles 0 hard 0 soft 1 temp 1 loss 4.42 i_con 4.19 plddt 0.25 ptm 0.87 i_ptm 0.25 energy 3.07
12 models [1] recycles 0 hard 0 soft 1 temp 1 loss 4.27 i_con 4.05 plddt 0.29 ptm 0.87 i_ptm 0.33 energy 2.81
13 models [4] recycles 0 hard 0 soft 1 temp 1 loss 4.08 i_con 3.88 plddt 0.35 ptm 0.88 i_ptm 0.44 energy 2.66
14 models [2] recycles 0 hard 0 soft 1 temp 1 loss 3.99 i_con 3.80 plddt 0.38 ptm 0.87 i_ptm 0.48 energy 2.50
15 models [2] recycles 0 hard 0 soft 1 temp 1 loss 3.90 i_con 3.73 plddt 0.38 ptm 0.87 i_ptm 0.54 energy 2.34
16 models [0] recycles 0 hard 0 soft 1 temp 1 loss 4.06 i_con 3.89 plddt 0.34 ptm 0.85 i_ptm 0.45 energy 2.15
17 models [3] recycles 0 hard 0 soft 1 temp 1 loss 3.84 i_con 3.67 plddt 0.36 ptm 0.87 i_ptm 0.48 energy 2.05
18 models [0] recycles 0 hard 0 soft 1 temp 1 loss 3.99 i_con 3.83 plddt 0.36 ptm 0.85 i_ptm 0.44 energy 1.80
19 models [3] recycles 0 hard 0 soft 1 temp 1 loss 3.87 i_con 3.72 plddt 0.32 ptm 0.87 i_ptm 0.49 energy 1.62
20 models [4] recycles 0 hard 0 soft 1 temp 1 loss 3.97 i_con 3.84 plddt 0.34 ptm 0.88 i_ptm 0.47 energy 1.28
21 models [2] recycles 0 hard 0 soft 1 temp 1 loss 3.88 i_con 3.77 plddt 0.36 ptm 0.87 i_ptm 0.48 energy 1.03
22 models [2] recycles 0 hard 0 soft 1 temp 1 loss 3.83 i_con 3.73 plddt 0.40 ptm 0.87 i_ptm 0.51 energy 0.79
23 models [4] recycles 0 hard 0 soft 1 temp 1 loss 3.77 i_con 3.69 plddt 0.40 ptm 0.89 i_ptm 0.54 energy 0.48
24 models [3] recycles 0 hard 0 soft 1 temp 1 loss 3.70 i_con 3.63 plddt 0.37 ptm 0.87 i_ptm 0.51 energy 0.20
25 models [4] recycles 0 hard 0 soft 1 temp 1 loss 3.66 i_con 3.60 plddt 0.46 ptm 0.89 i_ptm 0.57 energy -0.02
26 models [1] recycles 0 hard 0 soft 1 temp 1 loss 4.13 i_con 4.07 plddt 0.25 ptm 0.86 i_ptm 0.28 energy -0.23
27 models [4] recycles 0 hard 0 soft 1 temp 1 loss 3.66 i_con 3.60 plddt 0.40 ptm 0.89 i_ptm 0.56 energy 0.11
28 models [2] recycles 0 hard 0 soft 1 temp 1 loss 3.76 i_con 3.71 plddt 0.40 ptm 0.87 i_ptm 0.53 energy -0.22
29 models [2] recycles 0 hard 0 soft 1 temp 1 loss 3.78 i_con 3.72 plddt 0.37 ptm 0.87 i_ptm 0.53 energy -0.15
30 models [1] recycles 0 hard 0 soft 1 temp 1 loss 3.77 i_con 3.74 plddt 0.35 ptm 0.88 i_ptm 0.48 energy -0.62
31 models [0] recycles 0 hard 0 soft 1 temp 1 loss 3.82 i_con 3.80 plddt 0.37 ptm 0.85 i_ptm 0.45 energy -0.81
32 models [2] recycles 0 hard 0 soft 1 temp 1 loss 3.59 i_con 3.57 plddt 0.44 ptm 0.88 i_ptm 0.58 energy -0.72
33 models [0] recycles 0 hard 0 soft 1 temp 1 loss 3.94 i_con 3.92 plddt 0.33 ptm 0.85 i_ptm 0.39 energy -0.96
34 models [2] recycles 0 hard 0 soft 1 temp 1 loss 3.69 i_con 3.69 plddt 0.41 ptm 0.87 i_ptm 0.54 energy -1.13
35 models [1] recycles 0 hard 0 soft 1 temp 1 loss 3.83 i_con 3.82 plddt 0.31 ptm 0.87 i_ptm 0.42 energy -1.11
36 models [2] recycles 0 hard 0 soft 1 temp 1 loss 3.54 i_con 3.55 plddt 0.46 ptm 0.87 i_ptm 0.60 energy -1.34
37 models [2] recycles 0 hard 0 soft 1 temp 1 loss 3.70 i_con 3.71 plddt 0.40 ptm 0.87 i_ptm 0.53 energy -1.42
38 models [4] recycles 0 hard 0 soft 1 temp 1 loss 3.53 i_con 3.55 plddt 0.45 ptm 0.89 i_ptm 0.61 energy -1.60
39 models [3] recycles 0 hard 0 soft 1 temp 1 loss 3.50 i_con 3.53 plddt 0.40 ptm 0.87 i_ptm 0.60 energy -1.71
40 models [0] recycles 0 hard 0 soft 1 temp 1 loss 3.71 i_con 3.75 plddt 0.40 ptm 0.86 i_ptm 0.50 energy -1.84
41 models [2] recycles 0 hard 0 soft 1 temp 1 loss 3.66 i_con 3.68 plddt 0.43 ptm 0.87 i_ptm 0.54 energy -1.72
42 models [2] recycles 0 hard 0 soft 1 temp 1 loss 3.68 i_con 3.72 plddt 0.39 ptm 0.86 i_ptm 0.55 energy -1.89
43 models [4] recycles 0 hard 0 soft 1 temp 1 loss 3.43 i_con 3.47 plddt 0.48 ptm 0.89 i_ptm 0.64 energy -1.91
44 models [2] recycles 0 hard 0 soft 1 temp 1 loss 3.45 i_con 3.48 plddt 0.46 ptm 0.88 i_ptm 0.65 energy -1.67
45 models [1] recycles 0 hard 0 soft 1 temp 1 loss 3.75 i_con 3.77 plddt 0.37 ptm 0.88 i_ptm 0.51 energy -1.67
46 models [0] recycles 0 hard 0 soft 1 temp 1 loss 3.65 i_con 3.68 plddt 0.40 ptm 0.85 i_ptm 0.52 energy -1.97
47 models [3] recycles 0 hard 0 soft 1 temp 1 loss 3.46 i_con 3.51 plddt 0.44 ptm 0.87 i_ptm 0.59 energy -2.06
48 models [0] recycles 0 hard 0 soft 1 temp 1 loss 3.75 i_con 3.78 plddt 0.37 ptm 0.84 i_ptm 0.46 energy -1.83
49 models [1] recycles 0 hard 0 soft 1 temp 1 loss 3.45 i_con 3.49 plddt 0.40 ptm 0.88 i_ptm 0.62 energy -2.09
50 models [1] recycles 0 hard 0 soft 1 temp 1 loss 3.51 i_con 3.56 plddt 0.46 ptm 0.87 i_ptm 0.59 energy -2.09
51 models [3] recycles 0 hard 0 soft 1 temp 1 loss 3.19 i_con 3.55 plddt 0.45 ptm 0.87 i_ptm 0.58 energy -2.06
52 models [2] recycles 0 hard 0 soft 1 temp 1 loss 3.22 i_con 3.59 plddt 0.47 ptm 0.88 i_ptm 0.59 energy -2.14
53 models [3] recycles 0 hard 0 soft 1 temp 1 loss 3.24 i_con 3.61 plddt 0.44 ptm 0.87 i_ptm 0.59 energy -2.14
54 models [1] recycles 0 hard 0 soft 1 temp 1 loss 3.51 i_con 3.91 plddt 0.34 ptm 0.87 i_ptm 0.42 energy -2.29
55 models [0] recycles 0 hard 0 soft 1 temp 1 loss 2.95 i_con 3.38 plddt 0.54 ptm 0.86 i_ptm 0.66 energy -2.37
56 models [3] recycles 0 hard 0 soft 1 temp 1 loss 3.22 i_con 3.65 plddt 0.41 ptm 0.87 i_ptm 0.56 energy -2.42
57 models [2] recycles 0 hard 0 soft 1 temp 1 loss 3.08 i_con 3.52 plddt 0.49 ptm 0.88 i_ptm 0.61 energy -2.50
58 models [4] recycles 0 hard 0 soft 1 temp 1 loss 2.69 i_con 3.15 plddt 0.59 ptm 0.90 i_ptm 0.72 energy -2.54
59 models [4] recycles 0 hard 0 soft 1 temp 1 loss 2.96 i_con 3.44 plddt 0.51 ptm 0.89 i_ptm 0.64 energy -2.66
60 models [1] recycles 0 hard 0 soft 1 temp 1 loss 4.23 i_con 4.69 plddt 0.26 ptm 0.85 i_ptm 0.14 energy -2.67
61 models [0] recycles 0 hard 0 soft 1 temp 1 loss 2.69 i_con 3.18 plddt 0.59 ptm 0.87 i_ptm 0.74 energy -2.66
62 models [2] recycles 0 hard 0 soft 1 temp 1 loss 3.14 i_con 3.62 plddt 0.43 ptm 0.87 i_ptm 0.57 energy -2.70
63 models [2] recycles 0 hard 0 soft 1 temp 1 loss 3.08 i_con 3.59 plddt 0.42 ptm 0.87 i_ptm 0.56 energy -2.82
64 models [1] recycles 0 hard 0 soft 1 temp 1 loss 3.50 i_con 3.99 plddt 0.33 ptm 0.86 i_ptm 0.37 energy -2.82
65 models [2] recycles 0 hard 0 soft 1 temp 1 loss 3.34 i_con 3.86 plddt 0.36 ptm 0.87 i_ptm 0.43 energy -2.95
66 models [1] recycles 0 hard 0 soft 1 temp 1 loss 3.24 i_con 3.75 plddt 0.37 ptm 0.88 i_ptm 0.51 energy -2.86
67 models [4] recycles 0 hard 0 soft 1 temp 1 loss 3.07 i_con 3.60 plddt 0.40 ptm 0.89 i_ptm 0.54 energy -2.93
68 models [1] recycles 0 hard 0 soft 1 temp 1 loss 3.25 i_con 3.78 plddt 0.38 ptm 0.88 i_ptm 0.52 energy -2.98
69 models [2] recycles 0 hard 0 soft 1 temp 1 loss 3.17 i_con 3.73 plddt 0.42 ptm 0.87 i_ptm 0.52 energy -3.08
70 models [1] recycles 0 hard 0 soft 1 temp 1 loss 3.23 i_con 3.78 plddt 0.40 ptm 0.87 i_ptm 0.50 energy -3.02
71 models [2] recycles 0 hard 0 soft 1 temp 1 loss 3.03 i_con 3.60 plddt 0.42 ptm 0.88 i_ptm 0.56 energy -3.16
72 models [4] recycles 0 hard 0 soft 1 temp 1 loss 3.05 i_con 3.65 plddt 0.40 ptm 0.89 i_ptm 0.55 energy -3.27
73 models [2] recycles 0 hard 0 soft 1 temp 1 loss 2.97 i_con 3.59 plddt 0.45 ptm 0.87 i_ptm 0.58 energy -3.35
74 models [1] recycles 0 hard 0 soft 1 temp 1 loss 3.29 i_con 3.89 plddt 0.35 ptm 0.87 i_ptm 0.44 energy -3.34
75 models [4] recycles 0 hard 0 soft 1 temp 1 loss 3.01 i_con 3.64 plddt 0.41 ptm 0.89 i_ptm 0.56 energy -3.41
76 models [4] recycles 0 hard 0 soft 1 temp 1 loss 2.45 i_con 3.08 plddt 0.60 ptm 0.90 i_ptm 0.74 energy -3.36
77 models [3] recycles 0 hard 0 soft 1 temp 1 loss 3.08 i_con 3.70 plddt 0.42 ptm 0.87 i_ptm 0.55 energy -3.41
78 models [0] recycles 0 hard 0 soft 1 temp 1 loss 3.02 i_con 3.66 plddt 0.44 ptm 0.86 i_ptm 0.55 energy -3.47
79 models [3] recycles 0 hard 0 soft 1 temp 1 loss 2.90 i_con 3.56 plddt 0.43 ptm 0.87 i_ptm 0.58 energy -3.58
80 models [4] recycles 0 hard 0 soft 1 temp 1 loss 4.62 i_con 5.30 plddt 0.33 ptm 0.87 i_ptm 0.21 energy -3.72
81 models [0] recycles 0 hard 0 soft 1 temp 1 loss 2.84 i_con 3.52 plddt 0.50 ptm 0.86 i_ptm 0.61 energy -3.63
82 models [0] recycles 0 hard 0 soft 1 temp 1 loss 2.94 i_con 3.64 plddt 0.48 ptm 0.86 i_ptm 0.58 energy -3.76
83 models [2] recycles 0 hard 0 soft 1 temp 1 loss 2.59 i_con 3.29 plddt 0.57 ptm 0.88 i_ptm 0.69 energy -3.70
84 models [0] recycles 0 hard 0 soft 1 temp 1 loss 2.92 i_con 3.61 plddt 0.47 ptm 0.86 i_ptm 0.56 energy -3.68
85 models [3] recycles 0 hard 0 soft 1 temp 1 loss 2.87 i_con 3.57 plddt 0.46 ptm 0.87 i_ptm 0.58 energy -3.77
86 models [2] recycles 0 hard 0 soft 1 temp 1 loss 2.46 i_con 3.18 plddt 0.59 ptm 0.89 i_ptm 0.72 energy -3.80
87 models [4] recycles 0 hard 0 soft 1 temp 1 loss 2.84 i_con 3.58 plddt 0.45 ptm 0.89 i_ptm 0.58 energy -3.95
88 models [0] recycles 0 hard 0 soft 1 temp 1 loss 2.91 i_con 3.65 plddt 0.46 ptm 0.85 i_ptm 0.54 energy -3.95
89 models [0] recycles 0 hard 0 soft 1 temp 1 loss 2.96 i_con 3.69 plddt 0.45 ptm 0.85 i_ptm 0.52 energy -3.92
90 models [2] recycles 0 hard 0 soft 1 temp 1 loss 2.88 i_con 3.59 plddt 0.47 ptm 0.88 i_ptm 0.59 energy -3.81
91 models [4] recycles 0 hard 0 soft 1 temp 1 loss 2.87 i_con 3.57 plddt 0.48 ptm 0.89 i_ptm 0.61 energy -3.77
92 models [4] recycles 0 hard 0 soft 1 temp 1 loss 2.93 i_con 3.62 plddt 0.43 ptm 0.89 i_ptm 0.56 energy -3.74
93 models [3] recycles 0 hard 0 soft 1 temp 1 loss 3.75 i_con 4.46 plddt 0.38 ptm 0.85 i_ptm 0.31 energy -3.86
94 models [0] recycles 0 hard 0 soft 1 temp 1 loss 3.01 i_con 3.76 plddt 0.43 ptm 0.85 i_ptm 0.46 energy -4.01
95 models [0] recycles 0 hard 0 soft 1 temp 1 loss 2.78 i_con 3.53 plddt 0.50 ptm 0.86 i_ptm 0.59 energy -3.98
96 models [3] recycles 0 hard 0 soft 1 temp 1 loss 3.09 i_con 3.84 plddt 0.37 ptm 0.85 i_ptm 0.43 energy -4.08
97 models [3] recycles 0 hard 0 soft 1 temp 1 loss 2.88 i_con 3.64 plddt 0.43 ptm 0.86 i_ptm 0.55 energy -4.11
98 models [3] recycles 0 hard 0 soft 1 temp 1 loss 2.83 i_con 3.62 plddt 0.43 ptm 0.87 i_ptm 0.57 energy -4.19
99 models [0] recycles 0 hard 0 soft 1 temp 1 loss 2.86 i_con 3.66 plddt 0.46 ptm 0.85 i_ptm 0.56 energy -4.28
100 models [1] recycles 0 hard 0 soft 1 temp 1 loss 3.81 i_con 4.61 plddt 0.33 ptm 0.86 i_ptm 0.28 energy -4.32
101 models [3] recycles 0 hard 0 soft 0 temp 1 loss 4.45 i_con 5.45 plddt 0.22 ptm 0.85 i_ptm 0.15 energy -21.54
102 models [0] recycles 0 hard 0 soft 0 temp 0.98 loss 2.95 i_con 3.97 plddt 0.35 ptm 0.84 i_ptm 0.38 energy -21.63
103 models [3] recycles 0 hard 0 soft 0 temp 0.96 loss 4.34 i_con 5.36 plddt 0.24 ptm 0.85 i_ptm 0.14 energy -21.89
104 models [4] recycles 0 hard 0 soft 0 temp 0.94 loss 3.04 i_con 4.06 plddt 0.29 ptm 0.88 i_ptm 0.32 energy -21.72
105 models [1] recycles 0 hard 0 soft 0 temp 0.92 loss 5.22 i_con 6.23 plddt 0.26 ptm 0.86 i_ptm 0.19 energy -21.71
106 models [2] recycles 0 hard 0 soft 0 temp 0.90 loss 2.73 i_con 3.77 plddt 0.37 ptm 0.86 i_ptm 0.46 energy -22.15
107 models [2] recycles 0 hard 0 soft 0 temp 0.88 loss 3.00 i_con 4.08 plddt 0.31 ptm 0.86 i_ptm 0.33 energy -22.98
108 models [0] recycles 0 hard 0 soft 0 temp 0.86 loss 2.84 i_con 3.93 plddt 0.37 ptm 0.85 i_ptm 0.44 energy -23.13
109 models [4] recycles 0 hard 0 soft 0 temp 0.84 loss 2.78 i_con 3.89 plddt 0.31 ptm 0.88 i_ptm 0.41 energy -23.71
110 models [2] recycles 0 hard 0 soft 0 temp 0.82 loss 2.68 i_con 3.81 plddt 0.38 ptm 0.87 i_ptm 0.48 energy -23.78
111 models [0] recycles 0 hard 0 soft 0 temp 0.80 loss 2.78 i_con 3.91 plddt 0.36 ptm 0.84 i_ptm 0.42 energy -24.05
112 models [2] recycles 0 hard 0 soft 0 temp 0.78 loss 2.58 i_con 3.74 plddt 0.42 ptm 0.87 i_ptm 0.49 energy -24.45
113 models [3] recycles 0 hard 0 soft 0 temp 0.76 loss 2.84 i_con 4.01 plddt 0.30 ptm 0.85 i_ptm 0.37 energy -24.77
114 models [4] recycles 0 hard 0 soft 0 temp 0.74 loss 2.43 i_con 3.62 plddt 0.45 ptm 0.89 i_ptm 0.57 energy -24.87
115 models [3] recycles 0 hard 0 soft 0 temp 0.72 loss 2.81 i_con 3.99 plddt 0.32 ptm 0.86 i_ptm 0.37 energy -24.96
116 models [4] recycles 0 hard 0 soft 0 temp 0.70 loss 2.58 i_con 3.77 plddt 0.37 ptm 0.89 i_ptm 0.49 energy -25.02
117 models [1] recycles 0 hard 0 soft 0 temp 0.68 loss 4.20 i_con 5.38 plddt 0.28 ptm 0.86 i_ptm 0.17 energy -25.17
118 models [0] recycles 0 hard 0 soft 0 temp 0.66 loss 2.52 i_con 3.71 plddt 0.44 ptm 0.86 i_ptm 0.54 energy -24.96
119 models [0] recycles 0 hard 0 soft 0 temp 0.64 loss 2.70 i_con 3.90 plddt 0.35 ptm 0.85 i_ptm 0.42 energy -25.32
120 models [3] recycles 0 hard 0 soft 0 temp 0.62 loss 2.51 i_con 3.75 plddt 0.40 ptm 0.86 i_ptm 0.49 energy -25.87
121 models [4] recycles 0 hard 0 soft 0 temp 0.60 loss 2.60 i_con 3.83 plddt 0.34 ptm 0.89 i_ptm 0.46 energy -26.04
122 models [2] recycles 0 hard 0 soft 0 temp 0.58 loss 2.20 i_con 3.47 plddt 0.49 ptm 0.87 i_ptm 0.61 energy -26.51
123 models [3] recycles 0 hard 0 soft 0 temp 0.56 loss 2.37 i_con 3.66 plddt 0.45 ptm 0.87 i_ptm 0.57 energy -26.96
124 models [4] recycles 0 hard 0 soft 0 temp 0.54 loss 2.35 i_con 3.66 plddt 0.41 ptm 0.89 i_ptm 0.54 energy -27.33
125 models [2] recycles 0 hard 0 soft 0 temp 0.52 loss 2.28 i_con 3.61 plddt 0.45 ptm 0.87 i_ptm 0.55 energy -27.83
126 models [0] recycles 0 hard 0 soft 0 temp 0.50 loss 2.35 i_con 3.72 plddt 0.42 ptm 0.85 i_ptm 0.50 energy -28.51
127 models [1] recycles 0 hard 0 soft 0 temp 0.48 loss 4.28 i_con 5.64 plddt 0.31 ptm 0.86 i_ptm 0.20 energy -28.63
128 models [4] recycles 0 hard 0 soft 0 temp 0.46 loss 2.18 i_con 3.56 plddt 0.47 ptm 0.89 i_ptm 0.58 energy -28.56
129 models [3] recycles 0 hard 0 soft 0 temp 0.44 loss 2.24 i_con 3.65 plddt 0.46 ptm 0.87 i_ptm 0.54 energy -29.29
130 models [4] recycles 0 hard 0 soft 0 temp 0.42 loss 2.25 i_con 3.67 plddt 0.40 ptm 0.89 i_ptm 0.53 energy -29.69
131 models [2] recycles 0 hard 0 soft 0 temp 0.40 loss 1.92 i_con 3.38 plddt 0.53 ptm 0.88 i_ptm 0.63 energy -30.01
132 models [4] recycles 0 hard 0 soft 0 temp 0.38 loss 2.05 i_con 3.54 plddt 0.47 ptm 0.89 i_ptm 0.60 energy -30.88
133 models [0] recycles 0 hard 0 soft 0 temp 0.36 loss 2.44 i_con 3.92 plddt 0.36 ptm 0.84 i_ptm 0.40 energy -31.01
134 models [3] recycles 0 hard 0 soft 0 temp 0.34 loss 2.12 i_con 3.60 plddt 0.46 ptm 0.87 i_ptm 0.56 energy -30.68
135 models [2] recycles 0 hard 0 soft 0 temp 0.32 loss 2.23 i_con 3.72 plddt 0.40 ptm 0.87 i_ptm 0.50 energy -31.01
136 models [2] recycles 0 hard 0 soft 0 temp 0.30 loss 1.89 i_con 3.40 plddt 0.53 ptm 0.88 i_ptm 0.64 energy -31.26
137 models [2] recycles 0 hard 0 soft 0 temp 0.28 loss 1.89 i_con 3.42 plddt 0.52 ptm 0.87 i_ptm 0.65 energy -31.59
138 models [2] recycles 0 hard 0 soft 0 temp 0.26 loss 1.88 i_con 3.46 plddt 0.50 ptm 0.88 i_ptm 0.60 energy -32.48
139 models [4] recycles 0 hard 0 soft 0 temp 0.24 loss 1.87 i_con 3.43 plddt 0.50 ptm 0.89 i_ptm 0.63 energy -32.32
140 models [0] recycles 0 hard 0 soft 0 temp 0.22 loss 2.03 i_con 3.63 plddt 0.46 ptm 0.85 i_ptm 0.56 energy -33.10
141 models [1] recycles 0 hard 0 soft 0 temp 0.20 loss 3.76 i_con 5.35 plddt 0.29 ptm 0.85 i_ptm 0.18 energy -33.20
142 models [4] recycles 0 hard 0 soft 0 temp 0.18 loss 2.14 i_con 3.76 plddt 0.37 ptm 0.88 i_ptm 0.46 energy -33.56
143 models [3] recycles 0 hard 0 soft 0 temp 0.16 loss 1.99 i_con 3.61 plddt 0.46 ptm 0.86 i_ptm 0.56 energy -33.52
144 models [1] recycles 0 hard 0 soft 0 temp 0.14 loss 3.62 i_con 5.23 plddt 0.30 ptm 0.86 i_ptm 0.17 energy -33.76
145 models [0] recycles 0 hard 0 soft 0 temp 0.12 loss 1.86 i_con 3.49 plddt 0.54 ptm 0.86 i_ptm 0.62 energy -33.71
146 models [4] recycles 0 hard 0 soft 0 temp 0.10 loss 1.97 i_con 3.61 plddt 0.46 ptm 0.89 i_ptm 0.56 energy -33.88
147 models [0] recycles 0 hard 0 soft 0 temp 0.08 loss 2.06 i_con 3.70 plddt 0.44 ptm 0.85 i_ptm 0.53 energy -34.07
148 models [1] recycles 0 hard 0 soft 0 temp 0.06 loss 3.39 i_con 5.03 plddt 0.27 ptm 0.85 i_ptm 0.16 energy -34.18
149 models [0] recycles 0 hard 0 soft 0 temp 0.04 loss 1.86 i_con 3.53 plddt 0.52 ptm 0.86 i_ptm 0.60 energy -34.38
150 models [2] recycles 0 hard 0 soft 0 temp 0.02 loss 1.71 i_con 3.40 plddt 0.52 ptm 0.88 i_ptm 0.62 energy -34.71
151 models [1] recycles 0 hard 1 soft 0 temp 0.00 loss 4.02 i_con 5.98 plddt 0.29 ptm 0.86 i_ptm 0.25 energy -4.05
152 models [2] recycles 0 hard 1 soft 0 temp 0.00 loss 1.65 i_con 3.61 plddt 0.36 ptm 0.87 i_ptm 0.56 energy -4.05
153 models [1] recycles 0 hard 1 soft 0 temp 0.00 loss 4.02 i_con 5.98 plddt 0.29 ptm 0.86 i_ptm 0.25 energy -4.05
154 models [3] recycles 0 hard 1 soft 0 temp 0.00 loss 1.49 i_con 3.45 plddt 0.38 ptm 0.87 i_ptm 0.64 energy -4.05
155 models [4] recycles 0 hard 1 soft 0 temp 0.00 loss 1.61 i_con 3.57 plddt 0.34 ptm 0.89 i_ptm 0.57 energy -4.05
156 models [0] recycles 0 hard 1 soft 0 temp 0.00 loss 1.74 i_con 3.70 plddt 0.37 ptm 0.85 i_ptm 0.55 energy -4.05
157 models [2] recycles 0 hard 1 soft 0 temp 0.00 loss 1.65 i_con 3.61 plddt 0.36 ptm 0.87 i_ptm 0.56 energy -4.05
158 models [2] recycles 0 hard 1 soft 0 temp 0.00 loss 1.65 i_con 3.61 plddt 0.36 ptm 0.87 i_ptm 0.56 energy -4.05
159 models [3] recycles 0 hard 1 soft 0 temp 0.00 loss 1.49 i_con 3.45 plddt 0.38 ptm 0.87 i_ptm 0.64 energy -4.05
160 models [0] recycles 0 hard 1 soft 0 temp 0.00 loss 1.74 i_con 3.70 plddt 0.37 ptm 0.85 i_ptm 0.55 energy -4.05
161 models [0] recycles 0 hard 1 soft 0 temp 0.00 loss 1.74 i_con 3.70 plddt 0.37 ptm 0.85 i_ptm 0.55 energy -4.05
162 models [2] recycles 0 hard 1 soft 0 temp 0.00 loss 1.65 i_con 3.61 plddt 0.36 ptm 0.87 i_ptm 0.56 energy -4.05
163 models [1] recycles 0 hard 1 soft 0 temp 0.00 loss 4.02 i_con 5.98 plddt 0.29 ptm 0.86 i_ptm 0.25 energy -4.05
164 models [3] recycles 0 hard 1 soft 0 temp 0.00 loss 1.49 i_con 3.45 plddt 0.38 ptm 0.87 i_ptm 0.64 energy -4.05
165 models [2] recycles 0 hard 1 soft 0 temp 0.00 loss 1.65 i_con 3.61 plddt 0.36 ptm 0.87 i_ptm 0.56 energy -4.05
166 models [3] recycles 0 hard 1 soft 0 temp 0.00 loss 1.49 i_con 3.45 plddt 0.38 ptm 0.87 i_ptm 0.64 energy -4.05
167 models [3] recycles 0 hard 1 soft 0 temp 0.00 loss 1.49 i_con 3.45 plddt 0.38 ptm 0.87 i_ptm 0.64 energy -4.05
168 models [3] recycles 0 hard 1 soft 0 temp 0.00 loss 1.49 i_con 3.45 plddt 0.38 ptm 0.87 i_ptm 0.64 energy -4.05
169 models [2] recycles 0 hard 1 soft 0 temp 0.00 loss 1.65 i_con 3.61 plddt 0.36 ptm 0.87 i_ptm 0.56 energy -4.05
170 models [3] recycles 0 hard 1 soft 0 temp 0.00 loss 1.49 i_con 3.45 plddt 0.38 ptm 0.87 i_ptm 0.64 energy -4.05
171 models [2] recycles 0 hard 1 soft 0 temp 0.00 loss 1.65 i_con 3.61 plddt 0.36 ptm 0.87 i_ptm 0.56 energy -4.05
172 models [4] recycles 0 hard 1 soft 0 temp 0.00 loss 1.61 i_con 3.57 plddt 0.34 ptm 0.89 i_ptm 0.57 energy -4.05
173 models [2] recycles 0 hard 1 soft 0 temp 0.00 loss 1.65 i_con 3.61 plddt 0.36 ptm 0.87 i_ptm 0.56 energy -4.05
174 models [1] recycles 0 hard 1 soft 0 temp 0.00 loss 4.02 i_con 5.98 plddt 0.29 ptm 0.86 i_ptm 0.25 energy -4.05
175 models [2] recycles 0 hard 1 soft 0 temp 0.00 loss 1.65 i_con 3.61 plddt 0.36 ptm 0.87 i_ptm 0.56 energy -4.05
176 models [1] recycles 0 hard 1 soft 0 temp 0.00 loss 4.02 i_con 5.98 plddt 0.29 ptm 0.86 i_ptm 0.25 energy -4.05
177 models [1] recycles 0 hard 1 soft 0 temp 0.00 loss 4.02 i_con 5.98 plddt 0.29 ptm 0.86 i_ptm 0.25 energy -4.05
178 models [3] recycles 0 hard 1 soft 0 temp 0.00 loss 1.49 i_con 3.45 plddt 0.38 ptm 0.87 i_ptm 0.64 energy -4.05
179 models [4] recycles 0 hard 1 soft 0 temp 0.00 loss 1.61 i_con 3.57 plddt 0.34 ptm 0.89 i_ptm 0.57 energy -4.05
180 models [4] recycles 0 hard 1 soft 0 temp 0.00 loss 1.61 i_con 3.57 plddt 0.34 ptm 0.89 i_ptm 0.57 energy -4.05
  seq=TANWAWWDVWWQAFC  loss=1.6141  loss_af=3.6386  energy=-4.0489  i_ptm=0.5748
[27/30] seed=26 ...
1 models [2] recycles 0 hard 0 soft 1 temp 1 loss 5.80 i_con 5.35 plddt 0.23 ptm 0.86 i_ptm 0.19 energy 7.40
2 models [4] recycles 0 hard 0 soft 1 temp 1 loss 4.72 i_con 4.28 plddt 0.26 ptm 0.87 i_ptm 0.27 energy 7.28
3 models [2] recycles 0 hard 0 soft 1 temp 1 loss 4.32 i_con 3.90 plddt 0.34 ptm 0.87 i_ptm 0.47 energy 7.12
4 models [2] recycles 0 hard 0 soft 1 temp 1 loss 4.45 i_con 4.05 plddt 0.30 ptm 0.85 i_ptm 0.35 energy 6.53
5 models [4] recycles 0 hard 0 soft 1 temp 1 loss 4.43 i_con 4.05 plddt 0.30 ptm 0.88 i_ptm 0.35 energy 6.11
6 models [4] recycles 0 hard 0 soft 1 temp 1 loss 4.20 i_con 3.87 plddt 0.33 ptm 0.88 i_ptm 0.43 energy 5.41
7 models [3] recycles 0 hard 0 soft 1 temp 1 loss 3.94 i_con 3.64 plddt 0.36 ptm 0.86 i_ptm 0.50 energy 4.67
8 models [2] recycles 0 hard 0 soft 1 temp 1 loss 4.03 i_con 3.75 plddt 0.34 ptm 0.87 i_ptm 0.48 energy 4.19
9 models [3] recycles 0 hard 0 soft 1 temp 1 loss 4.04 i_con 3.79 plddt 0.34 ptm 0.86 i_ptm 0.43 energy 3.61
10 models [2] recycles 0 hard 0 soft 1 temp 1 loss 3.86 i_con 3.63 plddt 0.43 ptm 0.87 i_ptm 0.51 energy 3.29
11 models [4] recycles 0 hard 0 soft 1 temp 1 loss 4.17 i_con 3.95 plddt 0.31 ptm 0.88 i_ptm 0.39 energy 2.98
12 models [3] recycles 0 hard 0 soft 1 temp 1 loss 3.97 i_con 3.76 plddt 0.33 ptm 0.86 i_ptm 0.44 energy 2.88
13 models [4] recycles 0 hard 0 soft 1 temp 1 loss 4.09 i_con 3.90 plddt 0.34 ptm 0.88 i_ptm 0.43 energy 2.57
14 models [0] recycles 0 hard 0 soft 1 temp 1 loss 4.28 i_con 4.10 plddt 0.32 ptm 0.84 i_ptm 0.31 energy 2.26
15 models [3] recycles 0 hard 0 soft 1 temp 1 loss 3.89 i_con 3.72 plddt 0.38 ptm 0.87 i_ptm 0.51 energy 2.17
16 models [3] recycles 0 hard 0 soft 1 temp 1 loss 4.68 i_con 4.51 plddt 0.27 ptm 0.84 i_ptm 0.23 energy 2.06
17 models [1] recycles 0 hard 0 soft 1 temp 1 loss 4.57 i_con 4.40 plddt 0.24 ptm 0.85 i_ptm 0.17 energy 1.88
18 models [1] recycles 0 hard 0 soft 1 temp 1 loss 4.26 i_con 4.09 plddt 0.27 ptm 0.87 i_ptm 0.29 energy 1.88
19 models [0] recycles 0 hard 0 soft 1 temp 1 loss 4.05 i_con 3.89 plddt 0.33 ptm 0.84 i_ptm 0.42 energy 1.86
20 models [4] recycles 0 hard 0 soft 1 temp 1 loss 3.93 i_con 3.80 plddt 0.35 ptm 0.88 i_ptm 0.47 energy 1.35
21 models [0] recycles 0 hard 0 soft 1 temp 1 loss 4.10 i_con 3.98 plddt 0.34 ptm 0.84 i_ptm 0.36 energy 1.11
22 models [2] recycles 0 hard 0 soft 1 temp 1 loss 3.78 i_con 3.68 plddt 0.41 ptm 0.87 i_ptm 0.54 energy 0.82
23 models [0] recycles 0 hard 0 soft 1 temp 1 loss 3.90 i_con 3.83 plddt 0.34 ptm 0.85 i_ptm 0.45 energy 0.15
24 models [4] recycles 0 hard 0 soft 1 temp 1 loss 3.75 i_con 3.71 plddt 0.37 ptm 0.88 i_ptm 0.51 energy -0.34
25 models [3] recycles 0 hard 0 soft 1 temp 1 loss 3.79 i_con 3.75 plddt 0.33 ptm 0.86 i_ptm 0.44 energy -0.59
26 models [1] recycles 0 hard 0 soft 1 temp 1 loss 3.86 i_con 3.85 plddt 0.34 ptm 0.87 i_ptm 0.44 energy -1.02
27 models [0] recycles 0 hard 0 soft 1 temp 1 loss 3.91 i_con 3.91 plddt 0.33 ptm 0.85 i_ptm 0.41 energy -1.24
28 models [4] recycles 0 hard 0 soft 1 temp 1 loss 3.71 i_con 3.71 plddt 0.36 ptm 0.88 i_ptm 0.50 energy -1.43
29 models [3] recycles 0 hard 0 soft 1 temp 1 loss 3.58 i_con 3.61 plddt 0.38 ptm 0.87 i_ptm 0.53 energy -1.83
30 models [2] recycles 0 hard 0 soft 1 temp 1 loss 3.64 i_con 3.68 plddt 0.41 ptm 0.87 i_ptm 0.54 energy -2.04
31 models [2] recycles 0 hard 0 soft 1 temp 1 loss 3.64 i_con 3.69 plddt 0.38 ptm 0.87 i_ptm 0.51 energy -2.18
32 models [4] recycles 0 hard 0 soft 1 temp 1 loss 3.87 i_con 3.92 plddt 0.32 ptm 0.88 i_ptm 0.41 energy -2.44
33 models [4] recycles 0 hard 0 soft 1 temp 1 loss 3.63 i_con 3.69 plddt 0.37 ptm 0.88 i_ptm 0.51 energy -2.40
34 models [1] recycles 0 hard 0 soft 1 temp 1 loss 4.22 i_con 4.27 plddt 0.23 ptm 0.86 i_ptm 0.21 energy -2.61
35 models [0] recycles 0 hard 0 soft 1 temp 1 loss 3.80 i_con 3.86 plddt 0.34 ptm 0.84 i_ptm 0.43 energy -2.49
36 models [1] recycles 0 hard 0 soft 1 temp 1 loss 3.83 i_con 3.89 plddt 0.32 ptm 0.87 i_ptm 0.40 energy -2.65
37 models [2] recycles 0 hard 0 soft 1 temp 1 loss 3.65 i_con 3.72 plddt 0.41 ptm 0.88 i_ptm 0.50 energy -2.67
38 models [1] recycles 0 hard 0 soft 1 temp 1 loss 3.87 i_con 3.93 plddt 0.31 ptm 0.87 i_ptm 0.39 energy -2.73
39 models [0] recycles 0 hard 0 soft 1 temp 1 loss 3.69 i_con 3.77 plddt 0.36 ptm 0.86 i_ptm 0.45 energy -2.79
40 models [0] recycles 0 hard 0 soft 1 temp 1 loss 3.69 i_con 3.77 plddt 0.36 ptm 0.85 i_ptm 0.47 energy -2.88
41 models [1] recycles 0 hard 0 soft 1 temp 1 loss 3.91 i_con 3.98 plddt 0.28 ptm 0.86 i_ptm 0.34 energy -2.89
42 models [1] recycles 0 hard 0 soft 1 temp 1 loss 3.68 i_con 3.76 plddt 0.34 ptm 0.87 i_ptm 0.44 energy -2.93
43 models [2] recycles 0 hard 0 soft 1 temp 1 loss 3.62 i_con 3.71 plddt 0.38 ptm 0.87 i_ptm 0.51 energy -2.95
44 models [4] recycles 0 hard 0 soft 1 temp 1 loss 3.53 i_con 3.62 plddt 0.42 ptm 0.89 i_ptm 0.56 energy -2.99
45 models [0] recycles 0 hard 0 soft 1 temp 1 loss 3.69 i_con 3.78 plddt 0.35 ptm 0.85 i_ptm 0.48 energy -3.06
46 models [1] recycles 0 hard 0 soft 1 temp 1 loss 4.06 i_con 4.14 plddt 0.27 ptm 0.86 i_ptm 0.28 energy -3.09
47 models [2] recycles 0 hard 0 soft 1 temp 1 loss 3.59 i_con 3.68 plddt 0.37 ptm 0.87 i_ptm 0.51 energy -3.13
48 models [2] recycles 0 hard 0 soft 1 temp 1 loss 3.60 i_con 3.70 plddt 0.40 ptm 0.87 i_ptm 0.51 energy -3.18
49 models [2] recycles 0 hard 0 soft 1 temp 1 loss 3.51 i_con 3.61 plddt 0.41 ptm 0.88 i_ptm 0.54 energy -3.17
50 models [3] recycles 0 hard 0 soft 1 temp 1 loss 3.60 i_con 3.70 plddt 0.37 ptm 0.87 i_ptm 0.50 energy -3.18
51 models [3] recycles 0 hard 0 soft 1 temp 1 loss 3.16 i_con 3.74 plddt 0.36 ptm 0.86 i_ptm 0.48 energy -3.24
52 models [0] recycles 0 hard 0 soft 1 temp 1 loss 3.23 i_con 3.83 plddt 0.35 ptm 0.86 i_ptm 0.45 energy -3.33
53 models [2] recycles 0 hard 0 soft 1 temp 1 loss 3.07 i_con 3.71 plddt 0.37 ptm 0.87 i_ptm 0.49 energy -3.51
54 models [3] recycles 0 hard 0 soft 1 temp 1 loss 3.02 i_con 3.68 plddt 0.35 ptm 0.86 i_ptm 0.47 energy -3.64
55 models [2] recycles 0 hard 0 soft 1 temp 1 loss 3.06 i_con 3.76 plddt 0.37 ptm 0.87 i_ptm 0.47 energy -3.80
56 models [1] recycles 0 hard 0 soft 1 temp 1 loss 3.43 i_con 4.13 plddt 0.25 ptm 0.87 i_ptm 0.28 energy -3.85
57 models [3] recycles 0 hard 0 soft 1 temp 1 loss 3.00 i_con 3.71 plddt 0.36 ptm 0.87 i_ptm 0.46 energy -3.89
58 models [1] recycles 0 hard 0 soft 1 temp 1 loss 3.46 i_con 4.19 plddt 0.27 ptm 0.86 i_ptm 0.26 energy -4.01
59 models [2] recycles 0 hard 0 soft 1 temp 1 loss 2.95 i_con 3.70 plddt 0.37 ptm 0.87 i_ptm 0.51 energy -4.08
60 models [1] recycles 0 hard 0 soft 1 temp 1 loss 3.17 i_con 3.95 plddt 0.31 ptm 0.87 i_ptm 0.37 energy -4.24
61 models [1] recycles 0 hard 0 soft 1 temp 1 loss 3.49 i_con 4.27 plddt 0.23 ptm 0.86 i_ptm 0.21 energy -4.28
62 models [3] recycles 0 hard 0 soft 1 temp 1 loss 2.99 i_con 3.77 plddt 0.34 ptm 0.86 i_ptm 0.46 energy -4.26
63 models [2] recycles 0 hard 0 soft 1 temp 1 loss 2.86 i_con 3.67 plddt 0.38 ptm 0.87 i_ptm 0.51 energy -4.37
64 models [1] recycles 0 hard 0 soft 1 temp 1 loss 2.97 i_con 3.81 plddt 0.33 ptm 0.88 i_ptm 0.46 energy -4.52
65 models [1] recycles 0 hard 0 soft 1 temp 1 loss 3.85 i_con 4.67 plddt 0.21 ptm 0.85 i_ptm 0.13 energy -4.52
66 models [0] recycles 0 hard 0 soft 1 temp 1 loss 3.09 i_con 3.92 plddt 0.33 ptm 0.85 i_ptm 0.40 energy -4.49
67 models [1] recycles 0 hard 0 soft 1 temp 1 loss 2.99 i_con 3.83 plddt 0.32 ptm 0.87 i_ptm 0.42 energy -4.55
68 models [4] recycles 0 hard 0 soft 1 temp 1 loss 2.85 i_con 3.67 plddt 0.34 ptm 0.89 i_ptm 0.50 energy -4.46
69 models [4] recycles 0 hard 0 soft 1 temp 1 loss 2.83 i_con 3.70 plddt 0.37 ptm 0.89 i_ptm 0.51 energy -4.66
70 models [2] recycles 0 hard 0 soft 1 temp 1 loss 2.86 i_con 3.75 plddt 0.35 ptm 0.87 i_ptm 0.46 energy -4.79
71 models [3] recycles 0 hard 0 soft 1 temp 1 loss 2.80 i_con 3.70 plddt 0.35 ptm 0.87 i_ptm 0.49 energy -4.84
72 models [3] recycles 0 hard 0 soft 1 temp 1 loss 2.86 i_con 3.80 plddt 0.34 ptm 0.86 i_ptm 0.43 energy -5.03
73 models [3] recycles 0 hard 0 soft 1 temp 1 loss 2.83 i_con 3.77 plddt 0.35 ptm 0.86 i_ptm 0.45 energy -5.05
74 models [3] recycles 0 hard 0 soft 1 temp 1 loss 2.80 i_con 3.78 plddt 0.34 ptm 0.86 i_ptm 0.45 energy -5.23
75 models [3] recycles 0 hard 0 soft 1 temp 1 loss 2.72 i_con 3.72 plddt 0.36 ptm 0.86 i_ptm 0.48 energy -5.33
76 models [1] recycles 0 hard 0 soft 1 temp 1 loss 3.97 i_con 4.97 plddt 0.25 ptm 0.86 i_ptm 0.13 energy -5.40
77 models [3] recycles 0 hard 0 soft 1 temp 1 loss 3.32 i_con 4.33 plddt 0.26 ptm 0.85 i_ptm 0.23 energy -5.42
78 models [3] recycles 0 hard 0 soft 1 temp 1 loss 2.79 i_con 3.81 plddt 0.34 ptm 0.85 i_ptm 0.46 energy -5.42
79 models [0] recycles 0 hard 0 soft 1 temp 1 loss 3.14 i_con 4.18 plddt 0.29 ptm 0.84 i_ptm 0.30 energy -5.55
80 models [4] recycles 0 hard 0 soft 1 temp 1 loss 2.76 i_con 3.82 plddt 0.34 ptm 0.88 i_ptm 0.44 energy -5.62
81 models [1] recycles 0 hard 0 soft 1 temp 1 loss 2.96 i_con 3.99 plddt 0.31 ptm 0.87 i_ptm 0.37 energy -5.51
82 models [3] recycles 0 hard 0 soft 1 temp 1 loss 2.71 i_con 3.77 plddt 0.33 ptm 0.86 i_ptm 0.44 energy -5.64
83 models [3] recycles 0 hard 0 soft 1 temp 1 loss 2.73 i_con 3.83 plddt 0.35 ptm 0.86 i_ptm 0.45 energy -5.83
84 models [2] recycles 0 hard 0 soft 1 temp 1 loss 2.79 i_con 3.90 plddt 0.33 ptm 0.86 i_ptm 0.40 energy -5.89
85 models [3] recycles 0 hard 0 soft 1 temp 1 loss 2.61 i_con 3.72 plddt 0.36 ptm 0.86 i_ptm 0.48 energy -5.89
86 models [1] recycles 0 hard 0 soft 1 temp 1 loss 2.73 i_con 3.85 plddt 0.35 ptm 0.87 i_ptm 0.43 energy -5.95
87 models [2] recycles 0 hard 0 soft 1 temp 1 loss 2.74 i_con 3.89 plddt 0.33 ptm 0.87 i_ptm 0.41 energy -6.09
88 models [4] recycles 0 hard 0 soft 1 temp 1 loss 2.52 i_con 3.67 plddt 0.37 ptm 0.88 i_ptm 0.48 energy -6.05
89 models [0] recycles 0 hard 0 soft 1 temp 1 loss 2.76 i_con 3.91 plddt 0.32 ptm 0.85 i_ptm 0.40 energy -6.09
90 models [0] recycles 0 hard 0 soft 1 temp 1 loss 2.68 i_con 3.85 plddt 0.34 ptm 0.85 i_ptm 0.47 energy -6.17
91 models [2] recycles 0 hard 0 soft 1 temp 1 loss 2.68 i_con 3.86 plddt 0.32 ptm 0.87 i_ptm 0.42 energy -6.27
92 models [3] recycles 0 hard 0 soft 1 temp 1 loss 2.68 i_con 3.87 plddt 0.33 ptm 0.86 i_ptm 0.42 energy -6.27
93 models [3] recycles 0 hard 0 soft 1 temp 1 loss 2.51 i_con 3.69 plddt 0.36 ptm 0.86 i_ptm 0.49 energy -6.21
94 models [1] recycles 0 hard 0 soft 1 temp 1 loss 2.71 i_con 3.91 plddt 0.30 ptm 0.87 i_ptm 0.41 energy -6.36
95 models [3] recycles 0 hard 0 soft 1 temp 1 loss 2.49 i_con 3.69 plddt 0.37 ptm 0.87 i_ptm 0.53 energy -6.33
96 models [2] recycles 0 hard 0 soft 1 temp 1 loss 2.73 i_con 3.95 plddt 0.31 ptm 0.87 i_ptm 0.40 energy -6.45
97 models [0] recycles 0 hard 0 soft 1 temp 1 loss 2.67 i_con 3.91 plddt 0.33 ptm 0.86 i_ptm 0.44 energy -6.55
98 models [0] recycles 0 hard 0 soft 1 temp 1 loss 2.70 i_con 3.94 plddt 0.31 ptm 0.84 i_ptm 0.41 energy -6.54
99 models [3] recycles 0 hard 0 soft 1 temp 1 loss 2.67 i_con 3.92 plddt 0.31 ptm 0.85 i_ptm 0.38 energy -6.60
100 models [0] recycles 0 hard 0 soft 1 temp 1 loss 2.63 i_con 3.89 plddt 0.34 ptm 0.85 i_ptm 0.44 energy -6.66
101 models [0] recycles 0 hard 0 soft 0 temp 1 loss 2.62 i_con 4.44 plddt 0.24 ptm 0.83 i_ptm 0.17 energy -37.86
102 models [3] recycles 0 hard 0 soft 0 temp 0.98 loss 3.54 i_con 5.36 plddt 0.22 ptm 0.84 i_ptm 0.14 energy -38.07
103 models [0] recycles 0 hard 0 soft 0 temp 0.96 loss 2.73 i_con 4.56 plddt 0.22 ptm 0.83 i_ptm 0.17 energy -38.30
104 models [4] recycles 0 hard 0 soft 0 temp 0.94 loss 4.15 i_con 5.99 plddt 0.21 ptm 0.85 i_ptm 0.14 energy -38.42
105 models [2] recycles 0 hard 0 soft 0 temp 0.92 loss 3.95 i_con 5.79 plddt 0.26 ptm 0.85 i_ptm 0.16 energy -38.33
106 models [0] recycles 0 hard 0 soft 0 temp 0.90 loss 2.33 i_con 4.19 plddt 0.25 ptm 0.84 i_ptm 0.30 energy -38.57
107 models [3] recycles 0 hard 0 soft 0 temp 0.88 loss 3.10 i_con 4.97 plddt 0.23 ptm 0.32 i_ptm 0.08 energy -38.93
108 models [3] recycles 0 hard 0 soft 0 temp 0.86 loss 3.51 i_con 5.38 plddt 0.23 ptm 0.85 i_ptm 0.17 energy -38.98
109 models [2] recycles 0 hard 0 soft 0 temp 0.84 loss 2.22 i_con 4.10 plddt 0.28 ptm 0.87 i_ptm 0.35 energy -39.00
110 models [0] recycles 0 hard 0 soft 0 temp 0.82 loss 2.45 i_con 4.33 plddt 0.24 ptm 0.83 i_ptm 0.24 energy -39.09
111 models [1] recycles 0 hard 0 soft 0 temp 0.80 loss 4.52 i_con 6.39 plddt 0.29 ptm 0.86 i_ptm 0.18 energy -38.97
112 models [4] recycles 0 hard 0 soft 0 temp 0.78 loss 3.87 i_con 5.75 plddt 0.22 ptm 0.87 i_ptm 0.16 energy -39.19
113 models [4] recycles 0 hard 0 soft 0 temp 0.76 loss 3.57 i_con 5.45 plddt 0.23 ptm 0.86 i_ptm 0.15 energy -39.05
114 models [3] recycles 0 hard 0 soft 0 temp 0.74 loss 3.94 i_con 5.81 plddt 0.27 ptm 0.85 i_ptm 0.20 energy -38.83
115 models [4] recycles 0 hard 0 soft 0 temp 0.72 loss 3.65 i_con 5.51 plddt 0.20 ptm 0.87 i_ptm 0.12 energy -38.94
116 models [1] recycles 0 hard 0 soft 0 temp 0.70 loss 3.91 i_con 5.80 plddt 0.25 ptm 0.85 i_ptm 0.14 energy -39.31
117 models [1] recycles 0 hard 0 soft 0 temp 0.68 loss 4.41 i_con 6.29 plddt 0.25 ptm 0.86 i_ptm 0.18 energy -39.23
118 models [0] recycles 0 hard 0 soft 0 temp 0.66 loss 3.00 i_con 4.89 plddt 0.22 ptm 0.83 i_ptm 0.11 energy -39.23
119 models [4] recycles 0 hard 0 soft 0 temp 0.64 loss 3.95 i_con 5.84 plddt 0.22 ptm 0.49 i_ptm 0.53 energy -39.32
120 models [4] recycles 0 hard 0 soft 0 temp 0.62 loss 2.77 i_con 4.65 plddt 0.17 ptm 0.36 i_ptm 0.26 energy -39.23
121 models [0] recycles 0 hard 0 soft 0 temp 0.60 loss 2.34 i_con 4.23 plddt 0.26 ptm 0.85 i_ptm 0.28 energy -39.24
122 models [1] recycles 0 hard 0 soft 0 temp 0.58 loss 2.69 i_con 4.58 plddt 0.23 ptm 0.83 i_ptm 0.15 energy -39.30
123 models [1] recycles 0 hard 0 soft 0 temp 0.56 loss 4.36 i_con 6.25 plddt 0.26 ptm 0.86 i_ptm 0.19 energy -39.17
124 models [3] recycles 0 hard 0 soft 0 temp 0.54 loss 3.74 i_con 5.62 plddt 0.23 ptm 0.85 i_ptm 0.16 energy -39.05
125 models [2] recycles 0 hard 0 soft 0 temp 0.52 loss 3.16 i_con 5.04 plddt 0.22 ptm 0.85 i_ptm 0.12 energy -39.20
126 models [0] recycles 0 hard 0 soft 0 temp 0.50 loss 2.37 i_con 4.25 plddt 0.25 ptm 0.84 i_ptm 0.26 energy -39.12
127 models [3] recycles 0 hard 0 soft 0 temp 0.48 loss 3.22 i_con 5.14 plddt 0.23 ptm 0.83 i_ptm 0.12 energy -39.96
128 models [4] recycles 0 hard 0 soft 0 temp 0.46 loss 3.42 i_con 5.34 plddt 0.21 ptm 0.87 i_ptm 0.13 energy -39.89
129 models [4] recycles 0 hard 0 soft 0 temp 0.44 loss 2.21 i_con 4.14 plddt 0.27 ptm 0.88 i_ptm 0.30 energy -39.94
130 models [1] recycles 0 hard 0 soft 0 temp 0.42 loss 3.41 i_con 5.33 plddt 0.23 ptm 0.84 i_ptm 0.14 energy -39.90
131 models [0] recycles 0 hard 0 soft 0 temp 0.40 loss 2.11 i_con 4.05 plddt 0.29 ptm 0.86 i_ptm 0.33 energy -40.22
132 models [3] recycles 0 hard 0 soft 0 temp 0.38 loss 2.03 i_con 3.98 plddt 0.29 ptm 0.85 i_ptm 0.36 energy -40.30
133 models [4] recycles 0 hard 0 soft 0 temp 0.36 loss 2.14 i_con 4.10 plddt 0.24 ptm 0.88 i_ptm 0.30 energy -40.63
134 models [1] recycles 0 hard 0 soft 0 temp 0.34 loss 3.42 i_con 5.38 plddt 0.22 ptm 0.76 i_ptm 0.24 energy -40.82
135 models [4] recycles 0 hard 0 soft 0 temp 0.32 loss 2.80 i_con 4.78 plddt 0.18 ptm 0.13 i_ptm 0.12 energy -41.18
136 models [1] recycles 0 hard 0 soft 0 temp 0.30 loss 3.99 i_con 5.98 plddt 0.25 ptm 0.86 i_ptm 0.18 energy -41.32
137 models [3] recycles 0 hard 0 soft 0 temp 0.28 loss 2.91 i_con 4.91 plddt 0.21 ptm 0.84 i_ptm 0.14 energy -41.60
138 models [2] recycles 0 hard 0 soft 0 temp 0.26 loss 1.84 i_con 3.83 plddt 0.32 ptm 0.87 i_ptm 0.43 energy -41.30
139 models [0] recycles 0 hard 0 soft 0 temp 0.24 loss 2.06 i_con 4.07 plddt 0.28 ptm 0.84 i_ptm 0.35 energy -41.64
140 models [4] recycles 0 hard 0 soft 0 temp 0.22 loss 3.50 i_con 5.53 plddt 0.19 ptm 0.81 i_ptm 0.12 energy -42.35
141 models [3] recycles 0 hard 0 soft 0 temp 0.20 loss 2.00 i_con 4.04 plddt 0.27 ptm 0.85 i_ptm 0.34 energy -42.41
142 models [1] recycles 0 hard 0 soft 0 temp 0.18 loss 3.02 i_con 5.08 plddt 0.22 ptm 0.85 i_ptm 0.11 energy -42.74
143 models [4] recycles 0 hard 0 soft 0 temp 0.16 loss 1.85 i_con 3.92 plddt 0.26 ptm 0.88 i_ptm 0.35 energy -42.89
144 models [3] recycles 0 hard 0 soft 0 temp 0.14 loss 1.78 i_con 3.88 plddt 0.31 ptm 0.86 i_ptm 0.41 energy -43.30
145 models [2] recycles 0 hard 0 soft 0 temp 0.12 loss 1.65 i_con 3.78 plddt 0.34 ptm 0.87 i_ptm 0.48 energy -43.78
146 models [4] recycles 0 hard 0 soft 0 temp 0.10 loss 1.91 i_con 4.04 plddt 0.25 ptm 0.88 i_ptm 0.32 energy -44.00
147 models [1] recycles 0 hard 0 soft 0 temp 0.08 loss 3.57 i_con 5.74 plddt 0.27 ptm 0.86 i_ptm 0.13 energy -44.81
148 models [4] recycles 0 hard 0 soft 0 temp 0.06 loss 1.69 i_con 3.88 plddt 0.28 ptm 0.88 i_ptm 0.39 energy -45.13
149 models [4] recycles 0 hard 0 soft 0 temp 0.04 loss 3.16 i_con 5.36 plddt 0.21 ptm 0.85 i_ptm 0.09 energy -45.64
150 models [4] recycles 0 hard 0 soft 0 temp 0.02 loss 3.21 i_con 5.42 plddt 0.19 ptm 0.78 i_ptm 0.31 energy -45.71
151 models [3] recycles 0 hard 1 soft 0 temp 0.00 loss 0.54 i_con 3.73 plddt 0.31 ptm 0.87 i_ptm 0.52 energy -6.51
152 models [4] recycles 0 hard 1 soft 0 temp 0.00 loss 0.59 i_con 3.77 plddt 0.26 ptm 0.89 i_ptm 0.44 energy -6.51
153 models [4] recycles 0 hard 1 soft 0 temp 0.00 loss 0.59 i_con 3.77 plddt 0.26 ptm 0.89 i_ptm 0.44 energy -6.51
154 models [3] recycles 0 hard 1 soft 0 temp 0.00 loss 0.54 i_con 3.73 plddt 0.31 ptm 0.87 i_ptm 0.52 energy -6.51
155 models [1] recycles 0 hard 1 soft 0 temp 0.00 loss 1.05 i_con 4.23 plddt 0.22 ptm 0.86 i_ptm 0.27 energy -6.51
156 models [3] recycles 0 hard 1 soft 0 temp 0.00 loss 0.54 i_con 3.73 plddt 0.31 ptm 0.87 i_ptm 0.52 energy -6.51
157 models [3] recycles 0 hard 1 soft 0 temp 0.00 loss 0.54 i_con 3.73 plddt 0.31 ptm 0.87 i_ptm 0.52 energy -6.51
158 models [2] recycles 0 hard 1 soft 0 temp 0.00 loss 0.61 i_con 3.79 plddt 0.29 ptm 0.87 i_ptm 0.47 energy -6.51
159 models [1] recycles 0 hard 1 soft 0 temp 0.00 loss 1.05 i_con 4.23 plddt 0.22 ptm 0.86 i_ptm 0.27 energy -6.51
160 models [4] recycles 0 hard 1 soft 0 temp 0.00 loss 0.59 i_con 3.77 plddt 0.26 ptm 0.89 i_ptm 0.44 energy -6.51
161 models [2] recycles 0 hard 1 soft 0 temp 0.00 loss 0.61 i_con 3.79 plddt 0.29 ptm 0.87 i_ptm 0.47 energy -6.51
162 models [1] recycles 0 hard 1 soft 0 temp 0.00 loss 1.05 i_con 4.23 plddt 0.22 ptm 0.86 i_ptm 0.27 energy -6.51
163 models [1] recycles 0 hard 1 soft 0 temp 0.00 loss 1.05 i_con 4.23 plddt 0.22 ptm 0.86 i_ptm 0.27 energy -6.51
164 models [1] recycles 0 hard 1 soft 0 temp 0.00 loss 1.05 i_con 4.23 plddt 0.22 ptm 0.86 i_ptm 0.27 energy -6.51
165 models [2] recycles 0 hard 1 soft 0 temp 0.00 loss 0.61 i_con 3.79 plddt 0.29 ptm 0.87 i_ptm 0.47 energy -6.51
166 models [4] recycles 0 hard 1 soft 0 temp 0.00 loss 0.59 i_con 3.77 plddt 0.26 ptm 0.89 i_ptm 0.44 energy -6.51
167 models [1] recycles 0 hard 1 soft 0 temp 0.00 loss 1.05 i_con 4.23 plddt 0.22 ptm 0.86 i_ptm 0.27 energy -6.51
168 models [1] recycles 0 hard 1 soft 0 temp 0.00 loss 1.05 i_con 4.23 plddt 0.22 ptm 0.86 i_ptm 0.27 energy -6.51
169 models [0] recycles 0 hard 1 soft 0 temp 0.00 loss 0.72 i_con 3.91 plddt 0.28 ptm 0.85 i_ptm 0.44 energy -6.51
170 models [3] recycles 0 hard 1 soft 0 temp 0.00 loss 0.54 i_con 3.73 plddt 0.31 ptm 0.87 i_ptm 0.52 energy -6.51
171 models [0] recycles 0 hard 1 soft 0 temp 0.00 loss 0.72 i_con 3.91 plddt 0.28 ptm 0.85 i_ptm 0.44 energy -6.51
172 models [0] recycles 0 hard 1 soft 0 temp 0.00 loss 0.72 i_con 3.91 plddt 0.28 ptm 0.85 i_ptm 0.44 energy -6.51
173 models [0] recycles 0 hard 1 soft 0 temp 0.00 loss 0.72 i_con 3.91 plddt 0.28 ptm 0.85 i_ptm 0.44 energy -6.51
174 models [2] recycles 0 hard 1 soft 0 temp 0.00 loss 0.61 i_con 3.79 plddt 0.29 ptm 0.87 i_ptm 0.47 energy -6.51
175 models [2] recycles 0 hard 1 soft 0 temp 0.00 loss 0.61 i_con 3.79 plddt 0.29 ptm 0.87 i_ptm 0.47 energy -6.51
176 models [2] recycles 0 hard 1 soft 0 temp 0.00 loss 0.61 i_con 3.79 plddt 0.29 ptm 0.87 i_ptm 0.47 energy -6.51
177 models [2] recycles 0 hard 1 soft 0 temp 0.00 loss 0.61 i_con 3.79 plddt 0.29 ptm 0.87 i_ptm 0.47 energy -6.51
178 models [2] recycles 0 hard 1 soft 0 temp 0.00 loss 0.61 i_con 3.79 plddt 0.29 ptm 0.87 i_ptm 0.47 energy -6.51
179 models [1] recycles 0 hard 1 soft 0 temp 0.00 loss 1.05 i_con 4.23 plddt 0.22 ptm 0.86 i_ptm 0.27 energy -6.51
180 models [2] recycles 0 hard 1 soft 0 temp 0.00 loss 0.61 i_con 3.79 plddt 0.29 ptm 0.87 i_ptm 0.47 energy -6.51
  seq=AWGWAWWDNNYYRFA  loss=0.6082  loss_af=3.8619  energy=-6.5075  i_ptm=0.4745
[28/30] seed=27 ...
1 models [1] recycles 0 hard 0 soft 1 temp 1 loss 4.88 i_con 4.43 plddt 0.21 ptm 0.85 i_ptm 0.19 energy 7.39
2 models [4] recycles 0 hard 0 soft 1 temp 1 loss 4.53 i_con 4.09 plddt 0.27 ptm 0.88 i_ptm 0.33 energy 7.32
3 models [0] recycles 0 hard 0 soft 1 temp 1 loss 5.02 i_con 4.59 plddt 0.21 ptm 0.84 i_ptm 0.15 energy 7.05
4 models [0] recycles 0 hard 0 soft 1 temp 1 loss 4.59 i_con 4.18 plddt 0.27 ptm 0.84 i_ptm 0.28 energy 6.82
5 models [4] recycles 0 hard 0 soft 1 temp 1 loss 4.46 i_con 4.08 plddt 0.29 ptm 0.88 i_ptm 0.35 energy 6.21
6 models [1] recycles 0 hard 0 soft 1 temp 1 loss 4.67 i_con 4.32 plddt 0.21 ptm 0.86 i_ptm 0.21 energy 5.48
7 models [3] recycles 0 hard 0 soft 1 temp 1 loss 4.06 i_con 3.75 plddt 0.35 ptm 0.86 i_ptm 0.46 energy 5.02
8 models [0] recycles 0 hard 0 soft 1 temp 1 loss 4.26 i_con 3.97 plddt 0.31 ptm 0.85 i_ptm 0.38 energy 4.44
9 models [2] recycles 0 hard 0 soft 1 temp 1 loss 4.26 i_con 3.98 plddt 0.31 ptm 0.87 i_ptm 0.37 energy 4.13
10 models [4] recycles 0 hard 0 soft 1 temp 1 loss 4.13 i_con 3.88 plddt 0.34 ptm 0.89 i_ptm 0.44 energy 3.69
11 models [3] recycles 0 hard 0 soft 1 temp 1 loss 3.95 i_con 3.73 plddt 0.37 ptm 0.86 i_ptm 0.48 energy 3.14
12 models [4] recycles 0 hard 0 soft 1 temp 1 loss 4.04 i_con 3.84 plddt 0.36 ptm 0.88 i_ptm 0.47 energy 2.80
13 models [4] recycles 0 hard 0 soft 1 temp 1 loss 4.04 i_con 3.85 plddt 0.37 ptm 0.88 i_ptm 0.48 energy 2.54
14 models [0] recycles 0 hard 0 soft 1 temp 1 loss 4.27 i_con 4.08 plddt 0.30 ptm 0.84 i_ptm 0.32 energy 2.29
15 models [2] recycles 0 hard 0 soft 1 temp 1 loss 3.95 i_con 3.78 plddt 0.34 ptm 0.87 i_ptm 0.47 energy 2.12
16 models [0] recycles 0 hard 0 soft 1 temp 1 loss 4.02 i_con 3.86 plddt 0.38 ptm 0.85 i_ptm 0.46 energy 1.93
17 models [1] recycles 0 hard 0 soft 1 temp 1 loss 5.11 i_con 4.94 plddt 0.22 ptm 0.85 i_ptm 0.16 energy 1.83
18 models [1] recycles 0 hard 0 soft 1 temp 1 loss 4.27 i_con 4.11 plddt 0.25 ptm 0.86 i_ptm 0.29 energy 1.74
19 models [4] recycles 0 hard 0 soft 1 temp 1 loss 3.98 i_con 3.85 plddt 0.36 ptm 0.89 i_ptm 0.47 energy 1.47
20 models [0] recycles 0 hard 0 soft 1 temp 1 loss 4.01 i_con 3.87 plddt 0.33 ptm 0.85 i_ptm 0.40 energy 1.33
21 models [0] recycles 0 hard 0 soft 1 temp 1 loss 4.17 i_con 4.04 plddt 0.29 ptm 0.84 i_ptm 0.32 energy 1.16
22 models [2] recycles 0 hard 0 soft 1 temp 1 loss 3.85 i_con 3.74 plddt 0.41 ptm 0.87 i_ptm 0.51 energy 0.99
23 models [4] recycles 0 hard 0 soft 1 temp 1 loss 3.76 i_con 3.67 plddt 0.37 ptm 0.88 i_ptm 0.53 energy 0.58
24 models [1] recycles 0 hard 0 soft 1 temp 1 loss 4.32 i_con 4.24 plddt 0.23 ptm 0.86 i_ptm 0.20 energy 0.03
25 models [0] recycles 0 hard 0 soft 1 temp 1 loss 3.90 i_con 3.83 plddt 0.33 ptm 0.85 i_ptm 0.42 energy 0.07
26 models [1] recycles 0 hard 0 soft 1 temp 1 loss 4.08 i_con 4.01 plddt 0.26 ptm 0.86 i_ptm 0.33 energy -0.19
27 models [1] recycles 0 hard 0 soft 1 temp 1 loss 4.13 i_con 4.09 plddt 0.26 ptm 0.87 i_ptm 0.29 energy -0.55
28 models [2] recycles 0 hard 0 soft 1 temp 1 loss 3.68 i_con 3.67 plddt 0.36 ptm 0.88 i_ptm 0.49 energy -1.06
29 models [3] recycles 0 hard 0 soft 1 temp 1 loss 3.73 i_con 3.74 plddt 0.35 ptm 0.87 i_ptm 0.46 energy -1.54
30 models [2] recycles 0 hard 0 soft 1 temp 1 loss 3.60 i_con 3.64 plddt 0.41 ptm 0.87 i_ptm 0.51 energy -1.99
31 models [3] recycles 0 hard 0 soft 1 temp 1 loss 3.65 i_con 3.70 plddt 0.34 ptm 0.86 i_ptm 0.47 energy -2.29
32 models [4] recycles 0 hard 0 soft 1 temp 1 loss 3.68 i_con 3.73 plddt 0.34 ptm 0.88 i_ptm 0.46 energy -2.33
33 models [4] recycles 0 hard 0 soft 1 temp 1 loss 3.57 i_con 3.63 plddt 0.41 ptm 0.89 i_ptm 0.51 energy -2.51
34 models [3] recycles 0 hard 0 soft 1 temp 1 loss 3.53 i_con 3.60 plddt 0.38 ptm 0.87 i_ptm 0.50 energy -2.62
35 models [1] recycles 0 hard 0 soft 1 temp 1 loss 3.78 i_con 3.85 plddt 0.30 ptm 0.87 i_ptm 0.39 energy -2.73
36 models [2] recycles 0 hard 0 soft 1 temp 1 loss 3.58 i_con 3.65 plddt 0.38 ptm 0.87 i_ptm 0.50 energy -2.74
37 models [2] recycles 0 hard 0 soft 1 temp 1 loss 3.60 i_con 3.68 plddt 0.39 ptm 0.87 i_ptm 0.51 energy -2.90
38 models [0] recycles 0 hard 0 soft 1 temp 1 loss 3.80 i_con 3.88 plddt 0.36 ptm 0.85 i_ptm 0.39 energy -3.05
39 models [1] recycles 0 hard 0 soft 1 temp 1 loss 4.54 i_con 4.62 plddt 0.28 ptm 0.86 i_ptm 0.21 energy -3.10
40 models [3] recycles 0 hard 0 soft 1 temp 1 loss 3.63 i_con 3.72 plddt 0.35 ptm 0.86 i_ptm 0.44 energy -3.16
41 models [1] recycles 0 hard 0 soft 1 temp 1 loss 3.79 i_con 3.88 plddt 0.32 ptm 0.87 i_ptm 0.41 energy -3.16
42 models [1] recycles 0 hard 0 soft 1 temp 1 loss 3.77 i_con 3.86 plddt 0.31 ptm 0.87 i_ptm 0.40 energy -3.21
43 models [1] recycles 0 hard 0 soft 1 temp 1 loss 3.91 i_con 3.99 plddt 0.27 ptm 0.86 i_ptm 0.33 energy -3.14
44 models [3] recycles 0 hard 0 soft 1 temp 1 loss 3.58 i_con 3.67 plddt 0.36 ptm 0.86 i_ptm 0.48 energy -3.10
45 models [1] recycles 0 hard 0 soft 1 temp 1 loss 3.67 i_con 3.77 plddt 0.36 ptm 0.87 i_ptm 0.45 energy -3.28
46 models [3] recycles 0 hard 0 soft 1 temp 1 loss 3.60 i_con 3.70 plddt 0.35 ptm 0.86 i_ptm 0.46 energy -3.23
47 models [3] recycles 0 hard 0 soft 1 temp 1 loss 3.53 i_con 3.63 plddt 0.37 ptm 0.86 i_ptm 0.48 energy -3.35
48 models [0] recycles 0 hard 0 soft 1 temp 1 loss 3.76 i_con 3.86 plddt 0.34 ptm 0.85 i_ptm 0.41 energy -3.39
49 models [4] recycles 0 hard 0 soft 1 temp 1 loss 3.55 i_con 3.67 plddt 0.40 ptm 0.88 i_ptm 0.51 energy -3.46
50 models [2] recycles 0 hard 0 soft 1 temp 1 loss 3.60 i_con 3.72 plddt 0.39 ptm 0.87 i_ptm 0.48 energy -3.54
51 models [1] recycles 0 hard 0 soft 1 temp 1 loss 3.06 i_con 3.68 plddt 0.38 ptm 0.88 i_ptm 0.48 energy -3.43
52 models [0] recycles 0 hard 0 soft 1 temp 1 loss 3.24 i_con 3.89 plddt 0.34 ptm 0.84 i_ptm 0.38 energy -3.59
53 models [4] recycles 0 hard 0 soft 1 temp 1 loss 3.03 i_con 3.72 plddt 0.33 ptm 0.88 i_ptm 0.46 energy -3.80
54 models [2] recycles 0 hard 0 soft 1 temp 1 loss 2.96 i_con 3.69 plddt 0.38 ptm 0.87 i_ptm 0.50 energy -3.97
55 models [4] recycles 0 hard 0 soft 1 temp 1 loss 2.93 i_con 3.70 plddt 0.38 ptm 0.88 i_ptm 0.46 energy -4.20
56 models [1] recycles 0 hard 0 soft 1 temp 1 loss 3.10 i_con 3.88 plddt 0.33 ptm 0.87 i_ptm 0.39 energy -4.23
57 models [4] recycles 0 hard 0 soft 1 temp 1 loss 2.96 i_con 3.72 plddt 0.32 ptm 0.88 i_ptm 0.46 energy -4.15
58 models [2] recycles 0 hard 0 soft 1 temp 1 loss 2.90 i_con 3.70 plddt 0.39 ptm 0.87 i_ptm 0.48 energy -4.30
59 models [1] recycles 0 hard 0 soft 1 temp 1 loss 2.96 i_con 3.79 plddt 0.33 ptm 0.87 i_ptm 0.42 energy -4.48
60 models [1] recycles 0 hard 0 soft 1 temp 1 loss 3.22 i_con 4.06 plddt 0.28 ptm 0.86 i_ptm 0.29 energy -4.56
61 models [1] recycles 0 hard 0 soft 1 temp 1 loss 3.16 i_con 4.00 plddt 0.29 ptm 0.87 i_ptm 0.35 energy -4.53
62 models [0] recycles 0 hard 0 soft 1 temp 1 loss 3.02 i_con 3.87 plddt 0.34 ptm 0.85 i_ptm 0.41 energy -4.56
63 models [1] recycles 0 hard 0 soft 1 temp 1 loss 3.22 i_con 4.08 plddt 0.28 ptm 0.86 i_ptm 0.29 energy -4.66
64 models [0] recycles 0 hard 0 soft 1 temp 1 loss 3.27 i_con 4.13 plddt 0.27 ptm 0.85 i_ptm 0.30 energy -4.68
65 models [0] recycles 0 hard 0 soft 1 temp 1 loss 2.99 i_con 3.89 plddt 0.32 ptm 0.84 i_ptm 0.40 energy -4.80
66 models [0] recycles 0 hard 0 soft 1 temp 1 loss 2.83 i_con 3.76 plddt 0.39 ptm 0.86 i_ptm 0.50 energy -4.97
67 models [0] recycles 0 hard 0 soft 1 temp 1 loss 2.90 i_con 3.84 plddt 0.37 ptm 0.85 i_ptm 0.43 energy -5.03
68 models [2] recycles 0 hard 0 soft 1 temp 1 loss 2.81 i_con 3.77 plddt 0.35 ptm 0.86 i_ptm 0.44 energy -5.13
69 models [1] recycles 0 hard 0 soft 1 temp 1 loss 3.79 i_con 4.77 plddt 0.25 ptm 0.86 i_ptm 0.19 energy -5.28
70 models [4] recycles 0 hard 0 soft 1 temp 1 loss 2.87 i_con 3.86 plddt 0.31 ptm 0.89 i_ptm 0.43 energy -5.29
71 models [3] recycles 0 hard 0 soft 1 temp 1 loss 2.73 i_con 3.75 plddt 0.36 ptm 0.86 i_ptm 0.47 energy -5.43
72 models [4] recycles 0 hard 0 soft 1 temp 1 loss 2.65 i_con 3.71 plddt 0.35 ptm 0.88 i_ptm 0.47 energy -5.63
73 models [0] recycles 0 hard 0 soft 1 temp 1 loss 2.74 i_con 3.83 plddt 0.39 ptm 0.85 i_ptm 0.46 energy -5.76
74 models [1] recycles 0 hard 0 soft 1 temp 1 loss 4.27 i_con 5.38 plddt 0.24 ptm 0.87 i_ptm 0.21 energy -5.91
75 models [3] recycles 0 hard 0 soft 1 temp 1 loss 2.66 i_con 3.76 plddt 0.36 ptm 0.86 i_ptm 0.45 energy -5.83
76 models [0] recycles 0 hard 0 soft 1 temp 1 loss 2.78 i_con 3.92 plddt 0.36 ptm 0.85 i_ptm 0.42 energy -5.98
77 models [3] recycles 0 hard 0 soft 1 temp 1 loss 2.79 i_con 3.94 plddt 0.34 ptm 0.85 i_ptm 0.37 energy -6.07
78 models [2] recycles 0 hard 0 soft 1 temp 1 loss 2.55 i_con 3.70 plddt 0.37 ptm 0.87 i_ptm 0.48 energy -6.07
79 models [1] recycles 0 hard 0 soft 1 temp 1 loss 3.18 i_con 4.32 plddt 0.24 ptm 0.86 i_ptm 0.19 energy -6.06
80 models [4] recycles 0 hard 0 soft 1 temp 1 loss 2.64 i_con 3.78 plddt 0.35 ptm 0.89 i_ptm 0.44 energy -6.03
81 models [3] recycles 0 hard 0 soft 1 temp 1 loss 2.54 i_con 3.69 plddt 0.35 ptm 0.87 i_ptm 0.46 energy -6.12
82 models [0] recycles 0 hard 0 soft 1 temp 1 loss 2.68 i_con 3.89 plddt 0.38 ptm 0.85 i_ptm 0.42 energy -6.35
83 models [2] recycles 0 hard 0 soft 1 temp 1 loss 2.50 i_con 3.73 plddt 0.40 ptm 0.87 i_ptm 0.51 energy -6.44
84 models [2] recycles 0 hard 0 soft 1 temp 1 loss 2.47 i_con 3.69 plddt 0.41 ptm 0.87 i_ptm 0.51 energy -6.38
85 models [1] recycles 0 hard 0 soft 1 temp 1 loss 4.61 i_con 5.84 plddt 0.27 ptm 0.86 i_ptm 0.18 energy -6.49
86 models [4] recycles 0 hard 0 soft 1 temp 1 loss 2.50 i_con 3.73 plddt 0.36 ptm 0.88 i_ptm 0.47 energy -6.45
87 models [4] recycles 0 hard 0 soft 1 temp 1 loss 2.55 i_con 3.79 plddt 0.31 ptm 0.89 i_ptm 0.42 energy -6.55
88 models [0] recycles 0 hard 0 soft 1 temp 1 loss 2.62 i_con 3.87 plddt 0.33 ptm 0.85 i_ptm 0.42 energy -6.59
89 models [4] recycles 0 hard 0 soft 1 temp 1 loss 2.54 i_con 3.80 plddt 0.34 ptm 0.88 i_ptm 0.42 energy -6.61
90 models [3] recycles 0 hard 0 soft 1 temp 1 loss 2.52 i_con 3.80 plddt 0.35 ptm 0.86 i_ptm 0.44 energy -6.73
91 models [2] recycles 0 hard 0 soft 1 temp 1 loss 2.48 i_con 3.75 plddt 0.38 ptm 0.86 i_ptm 0.49 energy -6.66
92 models [4] recycles 0 hard 0 soft 1 temp 1 loss 2.46 i_con 3.72 plddt 0.36 ptm 0.89 i_ptm 0.49 energy -6.65
93 models [1] recycles 0 hard 0 soft 1 temp 1 loss 2.65 i_con 3.93 plddt 0.31 ptm 0.87 i_ptm 0.37 energy -6.76
94 models [3] recycles 0 hard 0 soft 1 temp 1 loss 2.39 i_con 3.69 plddt 0.36 ptm 0.86 i_ptm 0.50 energy -6.86
95 models [2] recycles 0 hard 0 soft 1 temp 1 loss 2.59 i_con 3.91 plddt 0.34 ptm 0.86 i_ptm 0.39 energy -6.92
96 models [0] recycles 0 hard 0 soft 1 temp 1 loss 2.64 i_con 3.95 plddt 0.29 ptm 0.84 i_ptm 0.37 energy -6.93
97 models [1] recycles 0 hard 0 soft 1 temp 1 loss 2.76 i_con 4.06 plddt 0.27 ptm 0.86 i_ptm 0.29 energy -6.87
98 models [0] recycles 0 hard 0 soft 1 temp 1 loss 2.55 i_con 3.83 plddt 0.35 ptm 0.84 i_ptm 0.44 energy -6.72
99 models [4] recycles 0 hard 0 soft 1 temp 1 loss 2.34 i_con 3.65 plddt 0.37 ptm 0.89 i_ptm 0.50 energy -6.86
100 models [2] recycles 0 hard 0 soft 1 temp 1 loss 2.52 i_con 3.85 plddt 0.35 ptm 0.87 i_ptm 0.43 energy -6.96
101 models [1] recycles 0 hard 0 soft 0 temp 1 loss 4.17 i_con 6.19 plddt 0.29 ptm 0.86 i_ptm 0.19 energy -41.85
102 models [4] recycles 0 hard 0 soft 0 temp 0.98 loss 3.67 i_con 5.73 plddt 0.27 ptm 0.88 i_ptm 0.25 energy -42.56
103 models [0] recycles 0 hard 0 soft 0 temp 0.96 loss 2.46 i_con 4.52 plddt 0.25 ptm 0.83 i_ptm 0.18 energy -42.57
104 models [2] recycles 0 hard 0 soft 0 temp 0.94 loss 0.73 i_con 2.78 plddt 0.30 ptm 0.42 i_ptm 0.45 energy -42.53
105 models [2] recycles 0 hard 0 soft 0 temp 0.92 loss 3.98 i_con 6.03 plddt 0.27 ptm 0.69 i_ptm 0.10 energy -42.48
106 models [2] recycles 0 hard 0 soft 0 temp 0.90 loss 2.32 i_con 4.37 plddt 0.17 ptm 0.16 i_ptm 0.35 energy -42.63
107 models [1] recycles 0 hard 0 soft 0 temp 0.88 loss 3.98 i_con 6.04 plddt 0.26 ptm 0.86 i_ptm 0.15 energy -42.72
108 models [3] recycles 0 hard 0 soft 0 temp 0.86 loss 3.36 i_con 5.43 plddt 0.28 ptm 0.85 i_ptm 0.22 energy -42.94
109 models [1] recycles 0 hard 0 soft 0 temp 0.84 loss 4.24 i_con 6.32 plddt 0.26 ptm 0.86 i_ptm 0.13 energy -43.13
110 models [2] recycles 0 hard 0 soft 0 temp 0.82 loss 2.74 i_con 4.82 plddt 0.18 ptm 0.12 i_ptm 0.21 energy -43.28
111 models [0] recycles 0 hard 0 soft 0 temp 0.80 loss 2.32 i_con 4.42 plddt 0.26 ptm 0.83 i_ptm 0.20 energy -43.45
112 models [1] recycles 0 hard 0 soft 0 temp 0.78 loss 3.89 i_con 6.01 plddt 0.27 ptm 0.86 i_ptm 0.09 energy -43.78
113 models [3] recycles 0 hard 0 soft 0 temp 0.76 loss 3.72 i_con 5.83 plddt 0.25 ptm 0.83 i_ptm 0.16 energy -43.75
114 models [0] recycles 0 hard 0 soft 0 temp 0.74 loss 1.97 i_con 4.10 plddt 0.29 ptm 0.85 i_ptm 0.33 energy -44.04
115 models [0] recycles 0 hard 0 soft 0 temp 0.72 loss 2.57 i_con 4.74 plddt 0.25 ptm 0.83 i_ptm 0.19 energy -44.97
116 models [1] recycles 0 hard 0 soft 0 temp 0.70 loss 3.25 i_con 5.45 plddt 0.28 ptm 0.86 i_ptm 0.16 energy -45.53
117 models [3] recycles 0 hard 0 soft 0 temp 0.68 loss 2.95 i_con 5.13 plddt 0.21 ptm 0.80 i_ptm 0.12 energy -45.18
118 models [0] recycles 0 hard 0 soft 0 temp 0.66 loss 2.14 i_con 4.33 plddt 0.27 ptm 0.83 i_ptm 0.21 energy -45.18
119 models [1] recycles 0 hard 0 soft 0 temp 0.64 loss 3.80 i_con 5.98 plddt 0.25 ptm 0.86 i_ptm 0.15 energy -45.21
120 models [2] recycles 0 hard 0 soft 0 temp 0.62 loss 3.87 i_con 6.09 plddt 0.25 ptm 0.86 i_ptm 0.14 energy -45.95
121 models [1] recycles 0 hard 0 soft 0 temp 0.60 loss 3.11 i_con 5.32 plddt 0.27 ptm 0.86 i_ptm 0.14 energy -45.83
122 models [4] recycles 0 hard 0 soft 0 temp 0.58 loss 3.64 i_con 5.85 plddt 0.22 ptm 0.87 i_ptm 0.13 energy -45.84
123 models [4] recycles 0 hard 0 soft 0 temp 0.56 loss 3.14 i_con 5.36 plddt 0.23 ptm 0.87 i_ptm 0.20 energy -45.92
124 models [2] recycles 0 hard 0 soft 0 temp 0.54 loss 2.31 i_con 4.54 plddt 0.24 ptm 0.85 i_ptm 0.18 energy -46.17
125 models [3] recycles 0 hard 0 soft 0 temp 0.52 loss 1.69 i_con 3.93 plddt 0.31 ptm 0.86 i_ptm 0.39 energy -46.09
126 models [3] recycles 0 hard 0 soft 0 temp 0.50 loss 3.30 i_con 5.56 plddt 0.26 ptm 0.84 i_ptm 0.17 energy -46.60
127 models [0] recycles 0 hard 0 soft 0 temp 0.48 loss 2.34 i_con 4.59 plddt 0.25 ptm 0.84 i_ptm 0.20 energy -46.46
128 models [3] recycles 0 hard 0 soft 0 temp 0.46 loss 1.96 i_con 4.21 plddt 0.28 ptm 0.85 i_ptm 0.28 energy -46.46
129 models [2] recycles 0 hard 0 soft 0 temp 0.44 loss 0.49 i_con 2.75 plddt 0.29 ptm 0.32 i_ptm 0.41 energy -46.73
130 models [3] recycles 0 hard 0 soft 0 temp 0.42 loss 1.52 i_con 3.80 plddt 0.34 ptm 0.87 i_ptm 0.45 energy -46.90
131 models [1] recycles 0 hard 0 soft 0 temp 0.40 loss 2.02 i_con 4.37 plddt 0.27 ptm 0.87 i_ptm 0.22 energy -48.34
132 models [1] recycles 0 hard 0 soft 0 temp 0.38 loss 3.21 i_con 5.54 plddt 0.25 ptm 0.86 i_ptm 0.15 energy -48.15
133 models [0] recycles 0 hard 0 soft 0 temp 0.36 loss 1.75 i_con 4.08 plddt 0.28 ptm 0.84 i_ptm 0.32 energy -48.06
134 models [0] recycles 0 hard 0 soft 0 temp 0.34 loss 1.81 i_con 4.17 plddt 0.26 ptm 0.84 i_ptm 0.26 energy -48.72
135 models [0] recycles 0 hard 0 soft 0 temp 0.32 loss 1.58 i_con 3.97 plddt 0.31 ptm 0.85 i_ptm 0.38 energy -49.14
136 models [0] recycles 0 hard 0 soft 0 temp 0.30 loss 1.39 i_con 3.83 plddt 0.35 ptm 0.85 i_ptm 0.42 energy -50.17
137 models [0] recycles 0 hard 0 soft 0 temp 0.28 loss 1.53 i_con 4.02 plddt 0.28 ptm 0.84 i_ptm 0.33 energy -51.24
138 models [2] recycles 0 hard 0 soft 0 temp 0.26 loss 1.49 i_con 3.99 plddt 0.30 ptm 0.87 i_ptm 0.36 energy -51.56
139 models [1] recycles 0 hard 0 soft 0 temp 0.24 loss 2.60 i_con 5.12 plddt 0.25 ptm 0.85 i_ptm 0.12 energy -51.95
140 models [4] recycles 0 hard 0 soft 0 temp 0.22 loss 1.98 i_con 4.51 plddt 0.22 ptm 0.87 i_ptm 0.18 energy -52.05
141 models [1] recycles 0 hard 0 soft 0 temp 0.20 loss 2.83 i_con 5.38 plddt 0.24 ptm 0.85 i_ptm 0.11 energy -52.42
142 models [2] recycles 0 hard 0 soft 0 temp 0.18 loss 1.39 i_con 3.93 plddt 0.34 ptm 0.87 i_ptm 0.39 energy -52.18
143 models [2] recycles 0 hard 0 soft 0 temp 0.16 loss 1.18 i_con 3.79 plddt 0.35 ptm 0.87 i_ptm 0.45 energy -53.44
144 models [0] recycles 0 hard 0 soft 0 temp 0.14 loss 1.30 i_con 3.99 plddt 0.29 ptm 0.85 i_ptm 0.36 energy -55.12
145 models [0] recycles 0 hard 0 soft 0 temp 0.12 loss 1.22 i_con 3.92 plddt 0.31 ptm 0.85 i_ptm 0.40 energy -55.30
146 models [2] recycles 0 hard 0 soft 0 temp 0.10 loss 0.97 i_con 3.75 plddt 0.38 ptm 0.88 i_ptm 0.51 energy -56.90
147 models [4] recycles 0 hard 0 soft 0 temp 0.08 loss 1.69 i_con 4.55 plddt 0.24 ptm 0.88 i_ptm 0.19 energy -58.83
148 models [0] recycles 0 hard 0 soft 0 temp 0.06 loss 1.24 i_con 4.13 plddt 0.28 ptm 0.83 i_ptm 0.28 energy -59.38
149 models [4] recycles 0 hard 0 soft 0 temp 0.04 loss 0.99 i_con 3.89 plddt 0.30 ptm 0.89 i_ptm 0.39 energy -59.55
150 models [4] recycles 0 hard 0 soft 0 temp 0.02 loss 1.06 i_con 3.99 plddt 0.30 ptm 0.88 i_ptm 0.36 energy -60.02
151 models [3] recycles 0 hard 1 soft 0 temp 0.00 loss 0.30 i_con 3.37 plddt 0.40 ptm 0.87 i_ptm 0.60 energy -6.27
152 models [1] recycles 0 hard 1 soft 0 temp 0.00 loss 1.80 i_con 4.86 plddt 0.20 ptm 0.85 i_ptm 0.13 energy -6.27
153 models [0] recycles 0 hard 1 soft 0 temp 0.00 loss 0.77 i_con 3.83 plddt 0.30 ptm 0.85 i_ptm 0.46 energy -6.27
154 models [4] recycles 0 hard 1 soft 0 temp 0.00 loss 1.37 i_con 4.43 plddt 0.21 ptm 0.87 i_ptm 0.23 energy -6.27
155 models [3] recycles 0 hard 1 soft 0 temp 0.00 loss 0.30 i_con 3.37 plddt 0.40 ptm 0.87 i_ptm 0.60 energy -6.27
156 models [1] recycles 0 hard 1 soft 0 temp 0.00 loss 1.80 i_con 4.86 plddt 0.20 ptm 0.85 i_ptm 0.13 energy -6.27
157 models [3] recycles 0 hard 1 soft 0 temp 0.00 loss 0.30 i_con 3.37 plddt 0.40 ptm 0.87 i_ptm 0.60 energy -6.27
158 models [0] recycles 0 hard 1 soft 0 temp 0.00 loss 0.77 i_con 3.83 plddt 0.30 ptm 0.85 i_ptm 0.46 energy -6.27
159 models [4] recycles 0 hard 1 soft 0 temp 0.00 loss 1.37 i_con 4.43 plddt 0.21 ptm 0.87 i_ptm 0.23 energy -6.27
160 models [0] recycles 0 hard 1 soft 0 temp 0.00 loss 0.77 i_con 3.83 plddt 0.30 ptm 0.85 i_ptm 0.46 energy -6.27
161 models [2] recycles 0 hard 1 soft 0 temp 0.00 loss 0.63 i_con 3.70 plddt 0.34 ptm 0.88 i_ptm 0.54 energy -6.27
162 models [2] recycles 0 hard 1 soft 0 temp 0.00 loss 0.63 i_con 3.70 plddt 0.34 ptm 0.88 i_ptm 0.54 energy -6.27
163 models [0] recycles 0 hard 1 soft 0 temp 0.00 loss 0.77 i_con 3.83 plddt 0.30 ptm 0.85 i_ptm 0.46 energy -6.27
164 models [4] recycles 0 hard 1 soft 0 temp 0.00 loss 1.37 i_con 4.43 plddt 0.21 ptm 0.87 i_ptm 0.23 energy -6.27
165 models [3] recycles 0 hard 1 soft 0 temp 0.00 loss 0.30 i_con 3.37 plddt 0.40 ptm 0.87 i_ptm 0.60 energy -6.27
166 models [3] recycles 0 hard 1 soft 0 temp 0.00 loss 0.30 i_con 3.37 plddt 0.40 ptm 0.87 i_ptm 0.60 energy -6.27
167 models [4] recycles 0 hard 1 soft 0 temp 0.00 loss 1.37 i_con 4.43 plddt 0.21 ptm 0.87 i_ptm 0.23 energy -6.27
168 models [2] recycles 0 hard 1 soft 0 temp 0.00 loss 0.63 i_con 3.70 plddt 0.34 ptm 0.88 i_ptm 0.54 energy -6.27
169 models [4] recycles 0 hard 1 soft 0 temp 0.00 loss 1.37 i_con 4.43 plddt 0.21 ptm 0.87 i_ptm 0.23 energy -6.27
170 models [1] recycles 0 hard 1 soft 0 temp 0.00 loss 1.80 i_con 4.86 plddt 0.20 ptm 0.85 i_ptm 0.13 energy -6.27
171 models [1] recycles 0 hard 1 soft 0 temp 0.00 loss 1.80 i_con 4.86 plddt 0.20 ptm 0.85 i_ptm 0.13 energy -6.27
172 models [0] recycles 0 hard 1 soft 0 temp 0.00 loss 0.77 i_con 3.83 plddt 0.30 ptm 0.85 i_ptm 0.46 energy -6.27
173 models [0] recycles 0 hard 1 soft 0 temp 0.00 loss 0.77 i_con 3.83 plddt 0.30 ptm 0.85 i_ptm 0.46 energy -6.27
174 models [2] recycles 0 hard 1 soft 0 temp 0.00 loss 0.63 i_con 3.70 plddt 0.34 ptm 0.88 i_ptm 0.54 energy -6.27
175 models [0] recycles 0 hard 1 soft 0 temp 0.00 loss 0.77 i_con 3.83 plddt 0.30 ptm 0.85 i_ptm 0.46 energy -6.27
176 models [4] recycles 0 hard 1 soft 0 temp 0.00 loss 1.37 i_con 4.43 plddt 0.21 ptm 0.87 i_ptm 0.23 energy -6.27
177 models [4] recycles 0 hard 1 soft 0 temp 0.00 loss 1.37 i_con 4.43 plddt 0.21 ptm 0.87 i_ptm 0.23 energy -6.27
178 models [0] recycles 0 hard 1 soft 0 temp 0.00 loss 0.77 i_con 3.83 plddt 0.30 ptm 0.85 i_ptm 0.46 energy -6.27
179 models [0] recycles 0 hard 1 soft 0 temp 0.00 loss 0.77 i_con 3.83 plddt 0.30 ptm 0.85 i_ptm 0.46 energy -6.27
180 models [4] recycles 0 hard 1 soft 0 temp 0.00 loss 1.37 i_con 4.43 plddt 0.21 ptm 0.87 i_ptm 0.23 energy -6.27
  seq=KHNWWWWNLDYNKDA  loss=1.3716  loss_af=4.5061  energy=-6.2690  i_ptm=0.2299
[29/30] seed=28 ...
1 models [0] recycles 0 hard 0 soft 1 temp 1 loss 4.77 i_con 4.33 plddt 0.24 ptm 0.83 i_ptm 0.23 energy 7.39
2 models [0] recycles 0 hard 0 soft 1 temp 1 loss 4.60 i_con 4.16 plddt 0.26 ptm 0.85 i_ptm 0.29 energy 7.24
3 models [1] recycles 0 hard 0 soft 1 temp 1 loss 5.48 i_con 5.05 plddt 0.23 ptm 0.86 i_ptm 0.22 energy 6.95
4 models [2] recycles 0 hard 0 soft 1 temp 1 loss 4.43 i_con 4.02 plddt 0.30 ptm 0.86 i_ptm 0.36 energy 6.75
5 models [1] recycles 0 hard 0 soft 1 temp 1 loss 4.61 i_con 4.22 plddt 0.25 ptm 0.86 i_ptm 0.25 energy 6.22
6 models [2] recycles 0 hard 0 soft 1 temp 1 loss 4.42 i_con 4.06 plddt 0.31 ptm 0.86 i_ptm 0.37 energy 5.84
7 models [4] recycles 0 hard 0 soft 1 temp 1 loss 4.56 i_con 4.22 plddt 0.28 ptm 0.88 i_ptm 0.31 energy 5.28
8 models [0] recycles 0 hard 0 soft 1 temp 1 loss 4.15 i_con 3.83 plddt 0.39 ptm 0.86 i_ptm 0.47 energy 5.07
9 models [4] recycles 0 hard 0 soft 1 temp 1 loss 4.10 i_con 3.81 plddt 0.37 ptm 0.89 i_ptm 0.50 energy 4.56
10 models [0] recycles 0 hard 0 soft 1 temp 1 loss 4.43 i_con 4.16 plddt 0.28 ptm 0.84 i_ptm 0.31 energy 3.98
11 models [4] recycles 0 hard 0 soft 1 temp 1 loss 4.06 i_con 3.80 plddt 0.35 ptm 0.88 i_ptm 0.45 energy 3.82
12 models [0] recycles 0 hard 0 soft 1 temp 1 loss 4.21 i_con 3.97 plddt 0.33 ptm 0.85 i_ptm 0.40 energy 3.46
13 models [0] recycles 0 hard 0 soft 1 temp 1 loss 4.05 i_con 3.83 plddt 0.37 ptm 0.86 i_ptm 0.48 energy 3.08
14 models [4] recycles 0 hard 0 soft 1 temp 1 loss 4.10 i_con 3.90 plddt 0.30 ptm 0.88 i_ptm 0.44 energy 2.54
15 models [0] recycles 0 hard 0 soft 1 temp 1 loss 3.98 i_con 3.80 plddt 0.37 ptm 0.85 i_ptm 0.49 energy 2.27
16 models [4] recycles 0 hard 0 soft 1 temp 1 loss 3.93 i_con 3.77 plddt 0.39 ptm 0.89 i_ptm 0.51 energy 1.80
17 models [0] recycles 0 hard 0 soft 1 temp 1 loss 3.85 i_con 3.69 plddt 0.37 ptm 0.86 i_ptm 0.53 energy 1.80
18 models [4] recycles 0 hard 0 soft 1 temp 1 loss 3.71 i_con 3.59 plddt 0.45 ptm 0.89 i_ptm 0.59 energy 1.41
19 models [2] recycles 0 hard 0 soft 1 temp 1 loss 3.80 i_con 3.67 plddt 0.40 ptm 0.87 i_ptm 0.54 energy 1.36
20 models [4] recycles 0 hard 0 soft 1 temp 1 loss 3.79 i_con 3.67 plddt 0.40 ptm 0.89 i_ptm 0.54 energy 1.07
21 models [1] recycles 0 hard 0 soft 1 temp 1 loss 4.00 i_con 3.88 plddt 0.31 ptm 0.87 i_ptm 0.42 energy 0.96
22 models [3] recycles 0 hard 0 soft 1 temp 1 loss 3.71 i_con 3.62 plddt 0.41 ptm 0.87 i_ptm 0.55 energy 0.64
23 models [2] recycles 0 hard 0 soft 1 temp 1 loss 3.64 i_con 3.57 plddt 0.46 ptm 0.88 i_ptm 0.58 energy 0.31
24 models [3] recycles 0 hard 0 soft 1 temp 1 loss 3.73 i_con 3.65 plddt 0.41 ptm 0.87 i_ptm 0.54 energy 0.43
25 models [4] recycles 0 hard 0 soft 1 temp 1 loss 3.81 i_con 3.75 plddt 0.37 ptm 0.88 i_ptm 0.52 energy 0.05
26 models [2] recycles 0 hard 0 soft 1 temp 1 loss 3.68 i_con 3.63 plddt 0.45 ptm 0.87 i_ptm 0.58 energy -0.15
27 models [2] recycles 0 hard 0 soft 1 temp 1 loss 3.71 i_con 3.67 plddt 0.41 ptm 0.88 i_ptm 0.54 energy -0.45
28 models [4] recycles 0 hard 0 soft 1 temp 1 loss 3.82 i_con 3.78 plddt 0.38 ptm 0.88 i_ptm 0.50 energy -0.43
29 models [2] recycles 0 hard 0 soft 1 temp 1 loss 3.68 i_con 3.66 plddt 0.41 ptm 0.88 i_ptm 0.58 energy -0.72
30 models [3] recycles 0 hard 0 soft 1 temp 1 loss 3.68 i_con 3.67 plddt 0.38 ptm 0.86 i_ptm 0.51 energy -1.08
31 models [3] recycles 0 hard 0 soft 1 temp 1 loss 3.37 i_con 3.38 plddt 0.47 ptm 0.87 i_ptm 0.58 energy -1.13
32 models [4] recycles 0 hard 0 soft 1 temp 1 loss 3.80 i_con 3.79 plddt 0.36 ptm 0.88 i_ptm 0.49 energy -1.22
33 models [3] recycles 0 hard 0 soft 1 temp 1 loss 4.24 i_con 4.25 plddt 0.26 ptm 0.84 i_ptm 0.21 energy -1.63
34 models [0] recycles 0 hard 0 soft 1 temp 1 loss 3.74 i_con 3.74 plddt 0.41 ptm 0.85 i_ptm 0.49 energy -1.23
35 models [3] recycles 0 hard 0 soft 1 temp 1 loss 3.41 i_con 3.45 plddt 0.48 ptm 0.87 i_ptm 0.62 energy -1.72
36 models [0] recycles 0 hard 0 soft 1 temp 1 loss 3.71 i_con 3.74 plddt 0.42 ptm 0.84 i_ptm 0.48 energy -1.69
37 models [4] recycles 0 hard 0 soft 1 temp 1 loss 3.72 i_con 3.74 plddt 0.38 ptm 0.88 i_ptm 0.51 energy -1.77
38 models [0] recycles 0 hard 0 soft 1 temp 1 loss 3.61 i_con 3.65 plddt 0.47 ptm 0.85 i_ptm 0.52 energy -1.75
39 models [4] recycles 0 hard 0 soft 1 temp 1 loss 3.73 i_con 3.76 plddt 0.38 ptm 0.88 i_ptm 0.49 energy -1.83
40 models [3] recycles 0 hard 0 soft 1 temp 1 loss 3.38 i_con 3.43 plddt 0.52 ptm 0.87 i_ptm 0.64 energy -2.01
41 models [3] recycles 0 hard 0 soft 1 temp 1 loss 4.73 i_con 4.77 plddt 0.28 ptm 0.84 i_ptm 0.20 energy -2.16
42 models [1] recycles 0 hard 0 soft 1 temp 1 loss 4.54 i_con 4.58 plddt 0.25 ptm 0.85 i_ptm 0.17 energy -2.21
43 models [0] recycles 0 hard 0 soft 1 temp 1 loss 3.55 i_con 3.60 plddt 0.45 ptm 0.85 i_ptm 0.55 energy -2.08
44 models [0] recycles 0 hard 0 soft 1 temp 1 loss 3.59 i_con 3.63 plddt 0.42 ptm 0.85 i_ptm 0.52 energy -1.98
45 models [4] recycles 0 hard 0 soft 1 temp 1 loss 3.70 i_con 3.74 plddt 0.41 ptm 0.89 i_ptm 0.53 energy -1.86
46 models [3] recycles 0 hard 0 soft 1 temp 1 loss 3.53 i_con 3.58 plddt 0.43 ptm 0.87 i_ptm 0.55 energy -2.22
47 models [4] recycles 0 hard 0 soft 1 temp 1 loss 3.73 i_con 3.78 plddt 0.37 ptm 0.89 i_ptm 0.49 energy -2.27
48 models [1] recycles 0 hard 0 soft 1 temp 1 loss 3.82 i_con 3.87 plddt 0.34 ptm 0.87 i_ptm 0.45 energy -2.31
49 models [4] recycles 0 hard 0 soft 1 temp 1 loss 3.68 i_con 3.74 plddt 0.40 ptm 0.89 i_ptm 0.52 energy -2.29
50 models [1] recycles 0 hard 0 soft 1 temp 1 loss 3.87 i_con 3.91 plddt 0.34 ptm 0.87 i_ptm 0.41 energy -2.26
51 models [4] recycles 0 hard 0 soft 1 temp 1 loss 3.45 i_con 3.85 plddt 0.34 ptm 0.89 i_ptm 0.49 energy -2.32
52 models [0] recycles 0 hard 0 soft 1 temp 1 loss 3.39 i_con 3.83 plddt 0.39 ptm 0.85 i_ptm 0.45 energy -2.48
53 models [0] recycles 0 hard 0 soft 1 temp 1 loss 3.28 i_con 3.75 plddt 0.41 ptm 0.86 i_ptm 0.49 energy -2.62
54 models [3] recycles 0 hard 0 soft 1 temp 1 loss 3.61 i_con 4.11 plddt 0.29 ptm 0.85 i_ptm 0.21 energy -2.84
55 models [4] recycles 0 hard 0 soft 1 temp 1 loss 3.19 i_con 3.66 plddt 0.43 ptm 0.89 i_ptm 0.52 energy -2.64
56 models [0] recycles 0 hard 0 soft 1 temp 1 loss 3.26 i_con 3.76 plddt 0.41 ptm 0.85 i_ptm 0.48 energy -2.81
57 models [2] recycles 0 hard 0 soft 1 temp 1 loss 3.16 i_con 3.70 plddt 0.42 ptm 0.88 i_ptm 0.54 energy -2.96
58 models [3] recycles 0 hard 0 soft 1 temp 1 loss 2.96 i_con 3.50 plddt 0.49 ptm 0.87 i_ptm 0.61 energy -2.96
59 models [4] recycles 0 hard 0 soft 1 temp 1 loss 3.09 i_con 3.68 plddt 0.41 ptm 0.89 i_ptm 0.54 energy -3.21
60 models [0] recycles 0 hard 0 soft 1 temp 1 loss 3.18 i_con 3.78 plddt 0.45 ptm 0.85 i_ptm 0.48 energy -3.31
61 models [1] recycles 0 hard 0 soft 1 temp 1 loss 4.25 i_con 4.85 plddt 0.23 ptm 0.85 i_ptm 0.11 energy -3.39
62 models [3] recycles 0 hard 0 soft 1 temp 1 loss 2.96 i_con 3.55 plddt 0.48 ptm 0.87 i_ptm 0.59 energy -3.24
63 models [1] recycles 0 hard 0 soft 1 temp 1 loss 4.12 i_con 4.73 plddt 0.25 ptm 0.85 i_ptm 0.11 energy -3.46
64 models [0] recycles 0 hard 0 soft 1 temp 1 loss 3.13 i_con 3.72 plddt 0.47 ptm 0.86 i_ptm 0.50 energy -3.23
65 models [3] recycles 0 hard 0 soft 1 temp 1 loss 2.95 i_con 3.61 plddt 0.42 ptm 0.87 i_ptm 0.54 energy -3.59
66 models [3] recycles 0 hard 0 soft 1 temp 1 loss 3.04 i_con 3.74 plddt 0.39 ptm 0.86 i_ptm 0.50 energy -3.82
67 models [1] recycles 0 hard 0 soft 1 temp 1 loss 4.06 i_con 4.78 plddt 0.23 ptm 0.86 i_ptm 0.12 energy -3.99
68 models [4] recycles 0 hard 0 soft 1 temp 1 loss 3.13 i_con 3.80 plddt 0.39 ptm 0.88 i_ptm 0.50 energy -3.66
69 models [2] recycles 0 hard 0 soft 1 temp 1 loss 3.16 i_con 3.89 plddt 0.35 ptm 0.86 i_ptm 0.45 energy -4.00
70 models [1] recycles 0 hard 0 soft 1 temp 1 loss 3.12 i_con 3.87 plddt 0.37 ptm 0.88 i_ptm 0.44 energy -4.04
71 models [4] recycles 0 hard 0 soft 1 temp 1 loss 3.14 i_con 3.92 plddt 0.32 ptm 0.89 i_ptm 0.42 energy -4.26
72 models [4] recycles 0 hard 0 soft 1 temp 1 loss 2.95 i_con 3.76 plddt 0.42 ptm 0.88 i_ptm 0.53 energy -4.36
73 models [4] recycles 0 hard 0 soft 1 temp 1 loss 3.21 i_con 4.05 plddt 0.34 ptm 0.88 i_ptm 0.38 energy -4.52
74 models [0] recycles 0 hard 0 soft 1 temp 1 loss 2.95 i_con 3.78 plddt 0.41 ptm 0.85 i_ptm 0.48 energy -4.44
75 models [1] recycles 0 hard 0 soft 1 temp 1 loss 4.65 i_con 5.50 plddt 0.27 ptm 0.86 i_ptm 0.12 energy -4.60
76 models [1] recycles 0 hard 0 soft 1 temp 1 loss 3.73 i_con 4.59 plddt 0.24 ptm 0.85 i_ptm 0.14 energy -4.68
77 models [2] recycles 0 hard 0 soft 1 temp 1 loss 2.93 i_con 3.76 plddt 0.40 ptm 0.86 i_ptm 0.49 energy -4.42
78 models [4] recycles 0 hard 0 soft 1 temp 1 loss 3.15 i_con 4.02 plddt 0.34 ptm 0.88 i_ptm 0.41 energy -4.70
79 models [4] recycles 0 hard 0 soft 1 temp 1 loss 3.24 i_con 4.09 plddt 0.31 ptm 0.88 i_ptm 0.33 energy -4.60
80 models [2] recycles 0 hard 0 soft 1 temp 1 loss 3.03 i_con 3.84 plddt 0.37 ptm 0.86 i_ptm 0.43 energy -4.35
81 models [4] recycles 0 hard 0 soft 1 temp 1 loss 2.80 i_con 3.72 plddt 0.41 ptm 0.88 i_ptm 0.51 energy -4.88
82 models [0] recycles 0 hard 0 soft 1 temp 1 loss 2.80 i_con 3.73 plddt 0.44 ptm 0.85 i_ptm 0.52 energy -4.92
83 models [0] recycles 0 hard 0 soft 1 temp 1 loss 2.82 i_con 3.78 plddt 0.40 ptm 0.85 i_ptm 0.48 energy -5.11
84 models [0] recycles 0 hard 0 soft 1 temp 1 loss 2.92 i_con 3.90 plddt 0.38 ptm 0.84 i_ptm 0.42 energy -5.21
85 models [1] recycles 0 hard 0 soft 1 temp 1 loss 3.07 i_con 4.00 plddt 0.32 ptm 0.87 i_ptm 0.37 energy -5.01
86 models [2] recycles 0 hard 0 soft 1 temp 1 loss 2.75 i_con 3.76 plddt 0.38 ptm 0.87 i_ptm 0.48 energy -5.38
87 models [2] recycles 0 hard 0 soft 1 temp 1 loss 4.04 i_con 5.04 plddt 0.29 ptm 0.85 i_ptm 0.12 energy -5.38
88 models [4] recycles 0 hard 0 soft 1 temp 1 loss 4.13 i_con 5.14 plddt 0.24 ptm 0.87 i_ptm 0.15 energy -5.43
89 models [0] recycles 0 hard 0 soft 1 temp 1 loss 2.76 i_con 3.75 plddt 0.42 ptm 0.85 i_ptm 0.50 energy -5.26
90 models [4] recycles 0 hard 0 soft 1 temp 1 loss 2.82 i_con 3.87 plddt 0.34 ptm 0.88 i_ptm 0.46 energy -5.56
91 models [2] recycles 0 hard 0 soft 1 temp 1 loss 2.79 i_con 3.85 plddt 0.35 ptm 0.87 i_ptm 0.44 energy -5.64
92 models [3] recycles 0 hard 0 soft 1 temp 1 loss 3.59 i_con 4.69 plddt 0.27 ptm 0.84 i_ptm 0.16 energy -5.84
93 models [1] recycles 0 hard 0 soft 1 temp 1 loss 3.02 i_con 4.15 plddt 0.26 ptm 0.87 i_ptm 0.29 energy -6.01
94 models [1] recycles 0 hard 0 soft 1 temp 1 loss 3.33 i_con 4.45 plddt 0.25 ptm 0.86 i_ptm 0.19 energy -5.99
95 models [1] recycles 0 hard 0 soft 1 temp 1 loss 3.03 i_con 4.10 plddt 0.27 ptm 0.87 i_ptm 0.28 energy -5.74
96 models [0] recycles 0 hard 0 soft 1 temp 1 loss 2.79 i_con 3.91 plddt 0.37 ptm 0.85 i_ptm 0.42 energy -5.93
97 models [0] recycles 0 hard 0 soft 1 temp 1 loss 2.71 i_con 3.89 plddt 0.39 ptm 0.85 i_ptm 0.45 energy -6.20
98 models [3] recycles 0 hard 0 soft 1 temp 1 loss 2.91 i_con 4.06 plddt 0.31 ptm 0.85 i_ptm 0.29 energy -6.11
99 models [3] recycles 0 hard 0 soft 1 temp 1 loss 2.45 i_con 3.61 plddt 0.39 ptm 0.87 i_ptm 0.56 energy -6.11
100 models [4] recycles 0 hard 0 soft 1 temp 1 loss 2.68 i_con 3.83 plddt 0.31 ptm 0.88 i_ptm 0.38 energy -6.11
101 models [4] recycles 0 hard 0 soft 0 temp 1 loss 3.70 i_con 5.09 plddt 0.23 ptm 0.87 i_ptm 0.15 energy -29.29
102 models [2] recycles 0 hard 0 soft 0 temp 0.98 loss 3.22 i_con 4.62 plddt 0.27 ptm 0.85 i_ptm 0.20 energy -29.44
103 models [2] recycles 0 hard 0 soft 0 temp 0.96 loss 2.79 i_con 4.18 plddt 0.30 ptm 0.86 i_ptm 0.31 energy -29.20
104 models [1] recycles 0 hard 0 soft 0 temp 0.94 loss 4.75 i_con 6.17 plddt 0.24 ptm 0.86 i_ptm 0.19 energy -29.99
105 models [0] recycles 0 hard 0 soft 0 temp 0.92 loss 2.68 i_con 4.12 plddt 0.31 ptm 0.83 i_ptm 0.32 energy -30.11
106 models [4] recycles 0 hard 0 soft 0 temp 0.90 loss 2.57 i_con 4.02 plddt 0.26 ptm 0.87 i_ptm 0.31 energy -30.46
107 models [4] recycles 0 hard 0 soft 0 temp 0.88 loss 2.47 i_con 3.94 plddt 0.31 ptm 0.88 i_ptm 0.39 energy -30.81
108 models [2] recycles 0 hard 0 soft 0 temp 0.86 loss 2.39 i_con 3.89 plddt 0.36 ptm 0.86 i_ptm 0.43 energy -31.33
109 models [0] recycles 0 hard 0 soft 0 temp 0.84 loss 2.43 i_con 3.96 plddt 0.33 ptm 0.84 i_ptm 0.40 energy -31.96
110 models [4] recycles 0 hard 0 soft 0 temp 0.82 loss 2.27 i_con 3.83 plddt 0.31 ptm 0.89 i_ptm 0.46 energy -32.45
111 models [1] recycles 0 hard 0 soft 0 temp 0.80 loss 4.12 i_con 5.73 plddt 0.28 ptm 0.85 i_ptm 0.17 energy -33.79
112 models [2] recycles 0 hard 0 soft 0 temp 0.78 loss 2.14 i_con 3.77 plddt 0.34 ptm 0.87 i_ptm 0.49 energy -33.97
113 models [2] recycles 0 hard 0 soft 0 temp 0.76 loss 2.09 i_con 3.76 plddt 0.39 ptm 0.87 i_ptm 0.50 energy -34.55
114 models [1] recycles 0 hard 0 soft 0 temp 0.74 loss 3.73 i_con 5.45 plddt 0.26 ptm 0.85 i_ptm 0.15 energy -35.93
115 models [1] recycles 0 hard 0 soft 0 temp 0.72 loss 2.89 i_con 4.60 plddt 0.20 ptm 0.85 i_ptm 0.14 energy -35.94
116 models [0] recycles 0 hard 0 soft 0 temp 0.70 loss 2.15 i_con 3.87 plddt 0.36 ptm 0.85 i_ptm 0.47 energy -35.70
117 models [2] recycles 0 hard 0 soft 0 temp 0.68 loss 2.06 i_con 3.86 plddt 0.37 ptm 0.87 i_ptm 0.48 energy -37.40
118 models [1] recycles 0 hard 0 soft 0 temp 0.66 loss 4.17 i_con 6.00 plddt 0.26 ptm 0.86 i_ptm 0.19 energy -38.11
119 models [0] recycles 0 hard 0 soft 0 temp 0.64 loss 2.09 i_con 3.94 plddt 0.34 ptm 0.84 i_ptm 0.39 energy -38.25
120 models [3] recycles 0 hard 0 soft 0 temp 0.62 loss 1.99 i_con 3.89 plddt 0.30 ptm 0.86 i_ptm 0.42 energy -39.23
121 models [0] recycles 0 hard 0 soft 0 temp 0.60 loss 1.93 i_con 3.85 plddt 0.32 ptm 0.85 i_ptm 0.47 energy -39.61
122 models [3] recycles 0 hard 0 soft 0 temp 0.58 loss 1.78 i_con 3.74 plddt 0.34 ptm 0.86 i_ptm 0.46 energy -40.41
123 models [2] recycles 0 hard 0 soft 0 temp 0.56 loss 1.87 i_con 3.86 plddt 0.32 ptm 0.86 i_ptm 0.45 energy -41.16
124 models [1] recycles 0 hard 0 soft 0 temp 0.54 loss 2.06 i_con 4.05 plddt 0.26 ptm 0.86 i_ptm 0.33 energy -41.14
125 models [0] recycles 0 hard 0 soft 0 temp 0.52 loss 1.85 i_con 3.84 plddt 0.35 ptm 0.84 i_ptm 0.47 energy -41.08
126 models [0] recycles 0 hard 0 soft 0 temp 0.50 loss 1.78 i_con 3.80 plddt 0.34 ptm 0.85 i_ptm 0.47 energy -41.92
127 models [3] recycles 0 hard 0 soft 0 temp 0.48 loss 1.81 i_con 3.88 plddt 0.32 ptm 0.86 i_ptm 0.42 energy -42.72
128 models [2] recycles 0 hard 0 soft 0 temp 0.46 loss 1.62 i_con 3.69 plddt 0.37 ptm 0.87 i_ptm 0.52 energy -42.69
129 models [2] recycles 0 hard 0 soft 0 temp 0.44 loss 1.60 i_con 3.74 plddt 0.37 ptm 0.87 i_ptm 0.50 energy -44.04
130 models [2] recycles 0 hard 0 soft 0 temp 0.42 loss 1.47 i_con 3.67 plddt 0.36 ptm 0.87 i_ptm 0.49 energy -45.25
131 models [0] recycles 0 hard 0 soft 0 temp 0.40 loss 1.62 i_con 3.86 plddt 0.33 ptm 0.84 i_ptm 0.42 energy -46.18
132 models [2] recycles 0 hard 0 soft 0 temp 0.38 loss 1.19 i_con 3.50 plddt 0.44 ptm 0.88 i_ptm 0.59 energy -47.39
133 models [3] recycles 0 hard 0 soft 0 temp 0.36 loss 1.58 i_con 3.90 plddt 0.31 ptm 0.86 i_ptm 0.39 energy -47.76
134 models [3] recycles 0 hard 0 soft 0 temp 0.34 loss 1.46 i_con 3.78 plddt 0.38 ptm 0.86 i_ptm 0.49 energy -47.67
135 models [2] recycles 0 hard 0 soft 0 temp 0.32 loss 1.28 i_con 3.64 plddt 0.39 ptm 0.88 i_ptm 0.54 energy -48.31
136 models [3] recycles 0 hard 0 soft 0 temp 0.30 loss 1.43 i_con 3.82 plddt 0.31 ptm 0.86 i_ptm 0.44 energy -49.18
137 models [2] recycles 0 hard 0 soft 0 temp 0.28 loss 1.25 i_con 3.67 plddt 0.40 ptm 0.88 i_ptm 0.53 energy -49.59
138 models [2] recycles 0 hard 0 soft 0 temp 0.26 loss 1.22 i_con 3.68 plddt 0.32 ptm 0.87 i_ptm 0.48 energy -50.57
139 models [1] recycles 0 hard 0 soft 0 temp 0.24 loss 2.33 i_con 4.86 plddt 0.22 ptm 0.85 i_ptm 0.11 energy -52.13
140 models [4] recycles 0 hard 0 soft 0 temp 0.22 loss 1.30 i_con 3.83 plddt 0.29 ptm 0.88 i_ptm 0.41 energy -52.10
141 models [2] recycles 0 hard 0 soft 0 temp 0.20 loss 1.00 i_con 3.57 plddt 0.39 ptm 0.88 i_ptm 0.53 energy -52.50
142 models [4] recycles 0 hard 0 soft 0 temp 0.18 loss 1.15 i_con 3.74 plddt 0.34 ptm 0.88 i_ptm 0.45 energy -53.12
143 models [0] recycles 0 hard 0 soft 0 temp 0.16 loss 1.11 i_con 3.73 plddt 0.37 ptm 0.85 i_ptm 0.48 energy -53.78
144 models [0] recycles 0 hard 0 soft 0 temp 0.14 loss 0.97 i_con 3.66 plddt 0.38 ptm 0.86 i_ptm 0.52 energy -55.11
145 models [1] recycles 0 hard 0 soft 0 temp 0.12 loss 1.21 i_con 3.92 plddt 0.27 ptm 0.86 i_ptm 0.35 energy -55.56
146 models [0] recycles 0 hard 0 soft 0 temp 0.10 loss 1.40 i_con 4.12 plddt 0.26 ptm 0.83 i_ptm 0.32 energy -55.89
147 models [4] recycles 0 hard 0 soft 0 temp 0.08 loss 1.73 i_con 4.45 plddt 0.21 ptm 0.87 i_ptm 0.21 energy -56.06
148 models [0] recycles 0 hard 0 soft 0 temp 0.06 loss 1.01 i_con 3.75 plddt 0.34 ptm 0.86 i_ptm 0.45 energy -56.09
149 models [0] recycles 0 hard 0 soft 0 temp 0.04 loss 1.10 i_con 3.86 plddt 0.33 ptm 0.85 i_ptm 0.41 energy -56.43
150 models [1] recycles 0 hard 0 soft 0 temp 0.02 loss 1.17 i_con 3.99 plddt 0.27 ptm 0.86 i_ptm 0.30 energy -57.79
151 models [4] recycles 0 hard 1 soft 0 temp 0.00 loss 2.51 i_con 5.70 plddt 0.18 ptm 0.87 i_ptm 0.14 energy -6.54
152 models [2] recycles 0 hard 1 soft 0 temp 0.00 loss 2.68 i_con 5.87 plddt 0.21 ptm 0.86 i_ptm 0.21 energy -6.54
153 models [4] recycles 0 hard 1 soft 0 temp 0.00 loss 2.51 i_con 5.70 plddt 0.18 ptm 0.87 i_ptm 0.14 energy -6.54
154 models [1] recycles 0 hard 1 soft 0 temp 0.00 loss 2.80 i_con 5.99 plddt 0.21 ptm 0.85 i_ptm 0.18 energy -6.54
155 models [3] recycles 0 hard 1 soft 0 temp 0.00 loss 2.48 i_con 5.67 plddt 0.21 ptm 0.85 i_ptm 0.23 energy -6.54
156 models [4] recycles 0 hard 1 soft 0 temp 0.00 loss 2.51 i_con 5.70 plddt 0.18 ptm 0.87 i_ptm 0.14 energy -6.54
157 models [2] recycles 0 hard 1 soft 0 temp 0.00 loss 2.68 i_con 5.87 plddt 0.21 ptm 0.86 i_ptm 0.21 energy -6.54
158 models [4] recycles 0 hard 1 soft 0 temp 0.00 loss 2.51 i_con 5.70 plddt 0.18 ptm 0.87 i_ptm 0.14 energy -6.54
159 models [3] recycles 0 hard 1 soft 0 temp 0.00 loss 2.48 i_con 5.67 plddt 0.21 ptm 0.85 i_ptm 0.23 energy -6.54
160 models [1] recycles 0 hard 1 soft 0 temp 0.00 loss 2.80 i_con 5.99 plddt 0.21 ptm 0.85 i_ptm 0.18 energy -6.54
161 models [2] recycles 0 hard 1 soft 0 temp 0.00 loss 2.68 i_con 5.87 plddt 0.21 ptm 0.86 i_ptm 0.21 energy -6.54
162 models [2] recycles 0 hard 1 soft 0 temp 0.00 loss 2.68 i_con 5.87 plddt 0.21 ptm 0.86 i_ptm 0.21 energy -6.54
163 models [0] recycles 0 hard 1 soft 0 temp 0.00 loss 1.99 i_con 5.17 plddt 0.21 ptm 0.83 i_ptm 0.15 energy -6.54
164 models [3] recycles 0 hard 1 soft 0 temp 0.00 loss 2.48 i_con 5.67 plddt 0.21 ptm 0.85 i_ptm 0.23 energy -6.54
165 models [2] recycles 0 hard 1 soft 0 temp 0.00 loss 2.68 i_con 5.87 plddt 0.21 ptm 0.86 i_ptm 0.21 energy -6.54
166 models [0] recycles 0 hard 1 soft 0 temp 0.00 loss 1.99 i_con 5.17 plddt 0.21 ptm 0.83 i_ptm 0.15 energy -6.54
167 models [1] recycles 0 hard 1 soft 0 temp 0.00 loss 2.80 i_con 5.99 plddt 0.21 ptm 0.85 i_ptm 0.18 energy -6.54
168 models [4] recycles 0 hard 1 soft 0 temp 0.00 loss 2.51 i_con 5.70 plddt 0.18 ptm 0.87 i_ptm 0.14 energy -6.54
169 models [2] recycles 0 hard 1 soft 0 temp 0.00 loss 2.68 i_con 5.87 plddt 0.21 ptm 0.86 i_ptm 0.21 energy -6.54
170 models [4] recycles 0 hard 1 soft 0 temp 0.00 loss 2.51 i_con 5.70 plddt 0.18 ptm 0.87 i_ptm 0.14 energy -6.54
171 models [4] recycles 0 hard 1 soft 0 temp 0.00 loss 2.51 i_con 5.70 plddt 0.18 ptm 0.87 i_ptm 0.14 energy -6.54
172 models [2] recycles 0 hard 1 soft 0 temp 0.00 loss 2.68 i_con 5.87 plddt 0.21 ptm 0.86 i_ptm 0.21 energy -6.54
173 models [2] recycles 0 hard 1 soft 0 temp 0.00 loss 2.68 i_con 5.87 plddt 0.21 ptm 0.86 i_ptm 0.21 energy -6.54
174 models [1] recycles 0 hard 1 soft 0 temp 0.00 loss 2.80 i_con 5.99 plddt 0.21 ptm 0.85 i_ptm 0.18 energy -6.54
175 models [3] recycles 0 hard 1 soft 0 temp 0.00 loss 2.48 i_con 5.67 plddt 0.21 ptm 0.85 i_ptm 0.23 energy -6.54
176 models [2] recycles 0 hard 1 soft 0 temp 0.00 loss 2.68 i_con 5.87 plddt 0.21 ptm 0.86 i_ptm 0.21 energy -6.54
177 models [3] recycles 0 hard 1 soft 0 temp 0.00 loss 2.48 i_con 5.67 plddt 0.21 ptm 0.85 i_ptm 0.23 energy -6.54
178 models [0] recycles 0 hard 1 soft 0 temp 0.00 loss 1.99 i_con 5.17 plddt 0.21 ptm 0.83 i_ptm 0.15 energy -6.54
179 models [2] recycles 0 hard 1 soft 0 temp 0.00 loss 2.68 i_con 5.87 plddt 0.21 ptm 0.86 i_ptm 0.21 energy -6.54
180 models [3] recycles 0 hard 1 soft 0 temp 0.00 loss 2.48 i_con 5.67 plddt 0.21 ptm 0.85 i_ptm 0.23 energy -6.54
  seq=AIGEPQCFLFYCEFC  loss=2.4824  loss_af=5.7499  energy=-6.5350  i_ptm=0.2272
[30/30] seed=29 ...
1 models [2] recycles 0 hard 0 soft 1 temp 1 loss 4.40 i_con 3.96 plddt 0.31 ptm 0.86 i_ptm 0.38 energy 7.36
2 models [4] recycles 0 hard 0 soft 1 temp 1 loss 5.88 i_con 5.45 plddt 0.25 ptm 0.87 i_ptm 0.24 energy 7.09
3 models [3] recycles 0 hard 0 soft 1 temp 1 loss 4.20 i_con 3.79 plddt 0.35 ptm 0.86 i_ptm 0.45 energy 6.75
4 models [2] recycles 0 hard 0 soft 1 temp 1 loss 4.29 i_con 3.93 plddt 0.33 ptm 0.86 i_ptm 0.40 energy 5.89
5 models [2] recycles 0 hard 0 soft 1 temp 1 loss 4.03 i_con 3.71 plddt 0.38 ptm 0.87 i_ptm 0.47 energy 5.18
6 models [4] recycles 0 hard 0 soft 1 temp 1 loss 4.30 i_con 4.01 plddt 0.30 ptm 0.88 i_ptm 0.39 energy 4.44
7 models [0] recycles 0 hard 0 soft 1 temp 1 loss 4.30 i_con 4.04 plddt 0.32 ptm 0.83 i_ptm 0.37 energy 3.89
8 models [3] recycles 0 hard 0 soft 1 temp 1 loss 3.92 i_con 3.69 plddt 0.38 ptm 0.87 i_ptm 0.48 energy 3.38
9 models [2] recycles 0 hard 0 soft 1 temp 1 loss 4.11 i_con 3.90 plddt 0.35 ptm 0.87 i_ptm 0.46 energy 2.93
10 models [1] recycles 0 hard 0 soft 1 temp 1 loss 4.63 i_con 4.42 plddt 0.23 ptm 0.86 i_ptm 0.18 energy 2.63
11 models [4] recycles 0 hard 0 soft 1 temp 1 loss 4.26 i_con 4.06 plddt 0.29 ptm 0.88 i_ptm 0.36 energy 2.63
12 models [1] recycles 0 hard 0 soft 1 temp 1 loss 4.34 i_con 4.14 plddt 0.25 ptm 0.86 i_ptm 0.26 energy 2.53
13 models [1] recycles 0 hard 0 soft 1 temp 1 loss 4.35 i_con 4.15 plddt 0.24 ptm 0.86 i_ptm 0.26 energy 2.39
14 models [1] recycles 0 hard 0 soft 1 temp 1 loss 4.33 i_con 4.14 plddt 0.26 ptm 0.86 i_ptm 0.26 energy 2.33
15 models [0] recycles 0 hard 0 soft 1 temp 1 loss 4.19 i_con 4.01 plddt 0.29 ptm 0.84 i_ptm 0.32 energy 2.18
16 models [0] recycles 0 hard 0 soft 1 temp 1 loss 4.07 i_con 3.91 plddt 0.33 ptm 0.84 i_ptm 0.40 energy 2.01
17 models [2] recycles 0 hard 0 soft 1 temp 1 loss 3.84 i_con 3.68 plddt 0.36 ptm 0.87 i_ptm 0.52 energy 1.79
18 models [1] recycles 0 hard 0 soft 1 temp 1 loss 4.31 i_con 4.15 plddt 0.27 ptm 0.86 i_ptm 0.23 energy 1.58
19 models [4] recycles 0 hard 0 soft 1 temp 1 loss 3.84 i_con 3.71 plddt 0.38 ptm 0.89 i_ptm 0.49 energy 1.45
20 models [2] recycles 0 hard 0 soft 1 temp 1 loss 3.86 i_con 3.74 plddt 0.38 ptm 0.87 i_ptm 0.49 energy 1.22
21 models [2] recycles 0 hard 0 soft 1 temp 1 loss 3.88 i_con 3.76 plddt 0.36 ptm 0.87 i_ptm 0.47 energy 1.04
22 models [4] recycles 0 hard 0 soft 1 temp 1 loss 3.79 i_con 3.70 plddt 0.39 ptm 0.88 i_ptm 0.50 energy 0.73
23 models [2] recycles 0 hard 0 soft 1 temp 1 loss 3.76 i_con 3.68 plddt 0.39 ptm 0.87 i_ptm 0.50 energy 0.33
24 models [2] recycles 0 hard 0 soft 1 temp 1 loss 3.75 i_con 3.69 plddt 0.38 ptm 0.87 i_ptm 0.50 energy -0.09
25 models [3] recycles 0 hard 0 soft 1 temp 1 loss 3.72 i_con 3.67 plddt 0.36 ptm 0.87 i_ptm 0.49 energy -0.38
26 models [1] recycles 0 hard 0 soft 1 temp 1 loss 3.82 i_con 3.78 plddt 0.32 ptm 0.87 i_ptm 0.45 energy -0.65
27 models [0] recycles 0 hard 0 soft 1 temp 1 loss 3.72 i_con 3.71 plddt 0.41 ptm 0.85 i_ptm 0.51 energy -0.91
28 models [4] recycles 0 hard 0 soft 1 temp 1 loss 3.69 i_con 3.68 plddt 0.38 ptm 0.89 i_ptm 0.51 energy -1.17
29 models [0] recycles 0 hard 0 soft 1 temp 1 loss 3.74 i_con 3.75 plddt 0.40 ptm 0.85 i_ptm 0.49 energy -1.39
30 models [4] recycles 0 hard 0 soft 1 temp 1 loss 3.63 i_con 3.64 plddt 0.40 ptm 0.89 i_ptm 0.54 energy -1.55
31 models [3] recycles 0 hard 0 soft 1 temp 1 loss 3.56 i_con 3.59 plddt 0.40 ptm 0.86 i_ptm 0.51 energy -1.80
32 models [1] recycles 0 hard 0 soft 1 temp 1 loss 4.76 i_con 4.79 plddt 0.23 ptm 0.85 i_ptm 0.10 energy -2.13
33 models [1] recycles 0 hard 0 soft 1 temp 1 loss 3.83 i_con 3.87 plddt 0.30 ptm 0.87 i_ptm 0.42 energy -2.07
34 models [1] recycles 0 hard 0 soft 1 temp 1 loss 3.94 i_con 3.97 plddt 0.30 ptm 0.86 i_ptm 0.35 energy -2.04
35 models [3] recycles 0 hard 0 soft 1 temp 1 loss 3.78 i_con 3.82 plddt 0.35 ptm 0.85 i_ptm 0.42 energy -2.04
36 models [1] recycles 0 hard 0 soft 1 temp 1 loss 3.90 i_con 3.95 plddt 0.32 ptm 0.86 i_ptm 0.35 energy -2.29
37 models [0] recycles 0 hard 0 soft 1 temp 1 loss 3.74 i_con 3.79 plddt 0.38 ptm 0.85 i_ptm 0.46 energy -2.24
38 models [0] recycles 0 hard 0 soft 1 temp 1 loss 3.81 i_con 3.88 plddt 0.40 ptm 0.85 i_ptm 0.44 energy -2.45
39 models [3] recycles 0 hard 0 soft 1 temp 1 loss 3.61 i_con 3.68 plddt 0.37 ptm 0.86 i_ptm 0.48 energy -2.65
40 models [0] recycles 0 hard 0 soft 1 temp 1 loss 3.69 i_con 3.78 plddt 0.39 ptm 0.85 i_ptm 0.49 energy -2.94
41 models [3] recycles 0 hard 0 soft 1 temp 1 loss 3.65 i_con 3.74 plddt 0.35 ptm 0.87 i_ptm 0.45 energy -3.01
42 models [2] recycles 0 hard 0 soft 1 temp 1 loss 3.59 i_con 3.68 plddt 0.40 ptm 0.87 i_ptm 0.52 energy -3.03
43 models [3] recycles 0 hard 0 soft 1 temp 1 loss 3.58 i_con 3.67 plddt 0.36 ptm 0.86 i_ptm 0.49 energy -3.16
44 models [0] recycles 0 hard 0 soft 1 temp 1 loss 3.77 i_con 3.87 plddt 0.37 ptm 0.85 i_ptm 0.46 energy -3.24
45 models [1] recycles 0 hard 0 soft 1 temp 1 loss 4.18 i_con 4.26 plddt 0.24 ptm 0.86 i_ptm 0.22 energy -3.23
46 models [3] recycles 0 hard 0 soft 1 temp 1 loss 3.69 i_con 3.79 plddt 0.35 ptm 0.86 i_ptm 0.46 energy -3.18
47 models [1] recycles 0 hard 0 soft 1 temp 1 loss 3.71 i_con 3.80 plddt 0.32 ptm 0.87 i_ptm 0.45 energy -3.16
48 models [1] recycles 0 hard 0 soft 1 temp 1 loss 3.91 i_con 4.00 plddt 0.29 ptm 0.87 i_ptm 0.34 energy -3.19
49 models [4] recycles 0 hard 0 soft 1 temp 1 loss 3.54 i_con 3.64 plddt 0.38 ptm 0.89 i_ptm 0.52 energy -3.22
50 models [1] recycles 0 hard 0 soft 1 temp 1 loss 3.78 i_con 3.88 plddt 0.33 ptm 0.88 i_ptm 0.42 energy -3.38
51 models [0] recycles 0 hard 0 soft 1 temp 1 loss 3.29 i_con 3.89 plddt 0.37 ptm 0.84 i_ptm 0.41 energy -3.35
52 models [3] recycles 0 hard 0 soft 1 temp 1 loss 3.06 i_con 3.70 plddt 0.38 ptm 0.86 i_ptm 0.48 energy -3.53
53 models [2] recycles 0 hard 0 soft 1 temp 1 loss 2.98 i_con 3.66 plddt 0.41 ptm 0.87 i_ptm 0.53 energy -3.71
54 models [2] recycles 0 hard 0 soft 1 temp 1 loss 3.04 i_con 3.75 plddt 0.39 ptm 0.87 i_ptm 0.51 energy -3.86
55 models [4] recycles 0 hard 0 soft 1 temp 1 loss 3.04 i_con 3.77 plddt 0.35 ptm 0.89 i_ptm 0.47 energy -3.96
56 models [3] recycles 0 hard 0 soft 1 temp 1 loss 2.92 i_con 3.68 plddt 0.39 ptm 0.86 i_ptm 0.48 energy -4.08
57 models [1] recycles 0 hard 0 soft 1 temp 1 loss 3.38 i_con 4.13 plddt 0.25 ptm 0.85 i_ptm 0.28 energy -4.13
58 models [1] recycles 0 hard 0 soft 1 temp 1 loss 4.70 i_con 5.45 plddt 0.27 ptm 0.86 i_ptm 0.14 energy -4.12
59 models [3] recycles 0 hard 0 soft 1 temp 1 loss 2.94 i_con 3.68 plddt 0.36 ptm 0.86 i_ptm 0.48 energy -4.01
60 models [3] recycles 0 hard 0 soft 1 temp 1 loss 3.06 i_con 3.80 plddt 0.33 ptm 0.86 i_ptm 0.44 energy -4.07
61 models [4] recycles 0 hard 0 soft 1 temp 1 loss 2.90 i_con 3.69 plddt 0.37 ptm 0.88 i_ptm 0.50 energy -4.26
62 models [1] recycles 0 hard 0 soft 1 temp 1 loss 3.86 i_con 4.67 plddt 0.24 ptm 0.86 i_ptm 0.12 energy -4.40
63 models [3] recycles 0 hard 0 soft 1 temp 1 loss 2.87 i_con 3.67 plddt 0.37 ptm 0.86 i_ptm 0.50 energy -4.32
64 models [1] recycles 0 hard 0 soft 1 temp 1 loss 3.10 i_con 3.92 plddt 0.30 ptm 0.87 i_ptm 0.36 energy -4.46
65 models [2] recycles 0 hard 0 soft 1 temp 1 loss 2.94 i_con 3.77 plddt 0.38 ptm 0.86 i_ptm 0.48 energy -4.46
66 models [2] recycles 0 hard 0 soft 1 temp 1 loss 2.82 i_con 3.67 plddt 0.38 ptm 0.87 i_ptm 0.51 energy -4.58
67 models [2] recycles 0 hard 0 soft 1 temp 1 loss 2.78 i_con 3.68 plddt 0.40 ptm 0.87 i_ptm 0.51 energy -4.78
68 models [3] recycles 0 hard 0 soft 1 temp 1 loss 3.37 i_con 4.27 plddt 0.27 ptm 0.84 i_ptm 0.21 energy -4.86
69 models [1] recycles 0 hard 0 soft 1 temp 1 loss 3.28 i_con 4.17 plddt 0.28 ptm 0.86 i_ptm 0.25 energy -4.78
70 models [1] recycles 0 hard 0 soft 1 temp 1 loss 3.59 i_con 4.46 plddt 0.24 ptm 0.85 i_ptm 0.17 energy -4.77
71 models [0] recycles 0 hard 0 soft 1 temp 1 loss 3.14 i_con 4.04 plddt 0.32 ptm 0.84 i_ptm 0.35 energy -4.83
72 models [0] recycles 0 hard 0 soft 1 temp 1 loss 3.04 i_con 3.96 plddt 0.33 ptm 0.84 i_ptm 0.38 energy -4.92
73 models [2] recycles 0 hard 0 soft 1 temp 1 loss 2.81 i_con 3.74 plddt 0.38 ptm 0.87 i_ptm 0.47 energy -4.97
74 models [4] recycles 0 hard 0 soft 1 temp 1 loss 2.79 i_con 3.74 plddt 0.39 ptm 0.89 i_ptm 0.48 energy -5.06
75 models [1] recycles 0 hard 0 soft 1 temp 1 loss 3.26 i_con 4.20 plddt 0.28 ptm 0.86 i_ptm 0.25 energy -5.08
76 models [4] recycles 0 hard 0 soft 1 temp 1 loss 2.75 i_con 3.69 plddt 0.35 ptm 0.88 i_ptm 0.49 energy -5.01
77 models [0] recycles 0 hard 0 soft 1 temp 1 loss 3.07 i_con 4.03 plddt 0.33 ptm 0.85 i_ptm 0.34 energy -5.16
78 models [0] recycles 0 hard 0 soft 1 temp 1 loss 2.93 i_con 3.90 plddt 0.35 ptm 0.85 i_ptm 0.41 energy -5.19
79 models [1] recycles 0 hard 0 soft 1 temp 1 loss 4.75 i_con 5.73 plddt 0.30 ptm 0.86 i_ptm 0.17 energy -5.26
80 models [1] recycles 0 hard 0 soft 1 temp 1 loss 3.22 i_con 4.19 plddt 0.23 ptm 0.86 i_ptm 0.25 energy -5.23
81 models [3] recycles 0 hard 0 soft 1 temp 1 loss 2.69 i_con 3.66 plddt 0.36 ptm 0.86 i_ptm 0.50 energy -5.17
82 models [1] recycles 0 hard 0 soft 1 temp 1 loss 3.67 i_con 4.65 plddt 0.23 ptm 0.86 i_ptm 0.13 energy -5.27
83 models [0] recycles 0 hard 0 soft 1 temp 1 loss 2.96 i_con 3.94 plddt 0.34 ptm 0.85 i_ptm 0.39 energy -5.20
84 models [4] recycles 0 hard 0 soft 1 temp 1 loss 2.68 i_con 3.67 plddt 0.39 ptm 0.89 i_ptm 0.51 energy -5.29
85 models [1] recycles 0 hard 0 soft 1 temp 1 loss 4.33 i_con 5.34 plddt 0.26 ptm 0.86 i_ptm 0.14 energy -5.45
86 models [2] recycles 0 hard 0 soft 1 temp 1 loss 2.68 i_con 3.69 plddt 0.40 ptm 0.88 i_ptm 0.50 energy -5.39
87 models [1] recycles 0 hard 0 soft 1 temp 1 loss 2.98 i_con 4.00 plddt 0.30 ptm 0.87 i_ptm 0.36 energy -5.46
88 models [0] recycles 0 hard 0 soft 1 temp 1 loss 2.88 i_con 3.90 plddt 0.37 ptm 0.84 i_ptm 0.40 energy -5.43
89 models [4] recycles 0 hard 0 soft 1 temp 1 loss 2.76 i_con 3.81 plddt 0.37 ptm 0.89 i_ptm 0.46 energy -5.57
90 models [1] recycles 0 hard 0 soft 1 temp 1 loss 2.76 i_con 3.81 plddt 0.33 ptm 0.87 i_ptm 0.42 energy -5.59
91 models [0] recycles 0 hard 0 soft 1 temp 1 loss 2.95 i_con 4.01 plddt 0.31 ptm 0.85 i_ptm 0.36 energy -5.66
92 models [2] recycles 0 hard 0 soft 1 temp 1 loss 2.61 i_con 3.69 plddt 0.40 ptm 0.87 i_ptm 0.51 energy -5.66
93 models [2] recycles 0 hard 0 soft 1 temp 1 loss 2.71 i_con 3.79 plddt 0.38 ptm 0.87 i_ptm 0.46 energy -5.71
94 models [2] recycles 0 hard 0 soft 1 temp 1 loss 2.78 i_con 3.87 plddt 0.37 ptm 0.87 i_ptm 0.43 energy -5.78
95 models [3] recycles 0 hard 0 soft 1 temp 1 loss 2.61 i_con 3.69 plddt 0.38 ptm 0.86 i_ptm 0.49 energy -5.75
96 models [2] recycles 0 hard 0 soft 1 temp 1 loss 2.65 i_con 3.76 plddt 0.36 ptm 0.86 i_ptm 0.46 energy -5.89
97 models [3] recycles 0 hard 0 soft 1 temp 1 loss 2.50 i_con 3.64 plddt 0.42 ptm 0.87 i_ptm 0.52 energy -6.00
98 models [1] recycles 0 hard 0 soft 1 temp 1 loss 4.28 i_con 5.44 plddt 0.28 ptm 0.86 i_ptm 0.15 energy -6.14
99 models [1] recycles 0 hard 0 soft 1 temp 1 loss 2.94 i_con 4.11 plddt 0.30 ptm 0.86 i_ptm 0.31 energy -6.17
100 models [0] recycles 0 hard 0 soft 1 temp 1 loss 2.93 i_con 4.08 plddt 0.35 ptm 0.84 i_ptm 0.32 energy -6.07
101 models [4] recycles 0 hard 0 soft 0 temp 1 loss 3.30 i_con 5.00 plddt 0.21 ptm 0.87 i_ptm 0.16 energy -35.56
102 models [3] recycles 0 hard 0 soft 0 temp 0.98 loss 2.51 i_con 4.20 plddt 0.25 ptm 0.85 i_ptm 0.24 energy -35.37
103 models [4] recycles 0 hard 0 soft 0 temp 0.96 loss 4.31 i_con 6.01 plddt 0.22 ptm 0.83 i_ptm 0.13 energy -35.61
104 models [2] recycles 0 hard 0 soft 0 temp 0.94 loss 2.64 i_con 4.34 plddt 0.16 ptm 0.21 i_ptm 0.41 energy -35.54
105 models [0] recycles 0 hard 0 soft 0 temp 0.92 loss 2.66 i_con 4.36 plddt 0.25 ptm 0.84 i_ptm 0.22 energy -35.60
106 models [0] recycles 0 hard 0 soft 0 temp 0.90 loss 2.86 i_con 4.57 plddt 0.25 ptm 0.83 i_ptm 0.16 energy -35.79
107 models [2] recycles 0 hard 0 soft 0 temp 0.88 loss 2.49 i_con 4.21 plddt 0.16 ptm 0.33 i_ptm 0.61 energy -36.01
108 models [2] recycles 0 hard 0 soft 0 temp 0.86 loss 3.04 i_con 4.76 plddt 0.18 ptm 0.25 i_ptm 0.38 energy -36.01
109 models [3] recycles 0 hard 0 soft 0 temp 0.84 loss 2.34 i_con 4.05 plddt 0.21 ptm 0.30 i_ptm 0.42 energy -35.95
110 models [1] recycles 0 hard 0 soft 0 temp 0.82 loss 4.06 i_con 5.79 plddt 0.25 ptm 0.86 i_ptm 0.13 energy -36.03
111 models [0] recycles 0 hard 0 soft 0 temp 0.80 loss 3.21 i_con 4.94 plddt 0.24 ptm 0.70 i_ptm 0.14 energy -35.92
112 models [1] recycles 0 hard 0 soft 0 temp 0.78 loss 4.53 i_con 6.26 plddt 0.28 ptm 0.86 i_ptm 0.18 energy -35.98
113 models [3] recycles 0 hard 0 soft 0 temp 0.76 loss 2.42 i_con 4.19 plddt 0.27 ptm 0.84 i_ptm 0.25 energy -36.88
114 models [2] recycles 0 hard 0 soft 0 temp 0.74 loss 3.75 i_con 5.51 plddt 0.24 ptm 0.86 i_ptm 0.19 energy -36.69
115 models [4] recycles 0 hard 0 soft 0 temp 0.72 loss 3.91 i_con 5.67 plddt 0.24 ptm 0.87 i_ptm 0.14 energy -36.83
116 models [2] recycles 0 hard 0 soft 0 temp 0.70 loss 3.38 i_con 5.14 plddt 0.21 ptm 0.79 i_ptm 0.36 energy -36.77
117 models [1] recycles 0 hard 0 soft 0 temp 0.68 loss 3.92 i_con 5.68 plddt 0.25 ptm 0.85 i_ptm 0.16 energy -36.74
118 models [1] recycles 0 hard 0 soft 0 temp 0.66 loss 4.00 i_con 5.77 plddt 0.27 ptm 0.85 i_ptm 0.16 energy -36.85
119 models [3] recycles 0 hard 0 soft 0 temp 0.64 loss 2.51 i_con 4.30 plddt 0.24 ptm 0.84 i_ptm 0.20 energy -37.32
120 models [2] recycles 0 hard 0 soft 0 temp 0.62 loss 3.03 i_con 4.85 plddt 0.24 ptm 0.86 i_ptm 0.12 energy -37.83
121 models [3] recycles 0 hard 0 soft 0 temp 0.60 loss 3.50 i_con 5.30 plddt 0.23 ptm 0.84 i_ptm 0.14 energy -37.58
122 models [4] recycles 0 hard 0 soft 0 temp 0.58 loss 2.36 i_con 4.17 plddt 0.25 ptm 0.88 i_ptm 0.28 energy -37.55
123 models [1] recycles 0 hard 0 soft 0 temp 0.56 loss 3.99 i_con 5.81 plddt 0.25 ptm 0.85 i_ptm 0.17 energy -37.83
124 models [2] recycles 0 hard 0 soft 0 temp 0.54 loss 2.97 i_con 4.80 plddt 0.24 ptm 0.86 i_ptm 0.10 energy -38.08
125 models [4] recycles 0 hard 0 soft 0 temp 0.52 loss 3.49 i_con 5.31 plddt 0.23 ptm 0.87 i_ptm 0.16 energy -37.99
126 models [1] recycles 0 hard 0 soft 0 temp 0.50 loss 3.93 i_con 5.76 plddt 0.25 ptm 0.85 i_ptm 0.13 energy -37.98
127 models [3] recycles 0 hard 0 soft 0 temp 0.48 loss 2.90 i_con 4.73 plddt 0.23 ptm 0.79 i_ptm 0.15 energy -38.16
128 models [0] recycles 0 hard 0 soft 0 temp 0.46 loss 2.83 i_con 4.66 plddt 0.26 ptm 0.83 i_ptm 0.18 energy -38.18
129 models [0] recycles 0 hard 0 soft 0 temp 0.44 loss 3.47 i_con 5.32 plddt 0.26 ptm 0.83 i_ptm 0.20 energy -38.38
130 models [4] recycles 0 hard 0 soft 0 temp 0.42 loss 3.93 i_con 5.79 plddt 0.23 ptm 0.87 i_ptm 0.15 energy -38.73
131 models [0] recycles 0 hard 0 soft 0 temp 0.40 loss 2.34 i_con 4.23 plddt 0.27 ptm 0.84 i_ptm 0.25 energy -39.19
132 models [4] recycles 0 hard 0 soft 0 temp 0.38 loss 2.65 i_con 4.57 plddt 0.23 ptm 0.87 i_ptm 0.15 energy -39.98
133 models [3] recycles 0 hard 0 soft 0 temp 0.36 loss 2.85 i_con 4.79 plddt 0.27 ptm 0.85 i_ptm 0.19 energy -40.31
134 models [2] recycles 0 hard 0 soft 0 temp 0.34 loss 2.99 i_con 4.93 plddt 0.18 ptm 0.25 i_ptm 0.32 energy -40.37
135 models [3] recycles 0 hard 0 soft 0 temp 0.32 loss 3.72 i_con 5.66 plddt 0.26 ptm 0.85 i_ptm 0.20 energy -40.29
136 models [4] recycles 0 hard 0 soft 0 temp 0.30 loss 3.54 i_con 5.49 plddt 0.22 ptm 0.87 i_ptm 0.11 energy -40.52
137 models [4] recycles 0 hard 0 soft 0 temp 0.28 loss 3.50 i_con 5.43 plddt 0.18 ptm 0.75 i_ptm 0.09 energy -40.23
138 models [2] recycles 0 hard 0 soft 0 temp 0.26 loss 3.87 i_con 5.82 plddt 0.24 ptm 0.82 i_ptm 0.12 energy -40.46
139 models [0] recycles 0 hard 0 soft 0 temp 0.24 loss 2.80 i_con 4.74 plddt 0.23 ptm 0.82 i_ptm 0.13 energy -40.38
140 models [0] recycles 0 hard 0 soft 0 temp 0.22 loss 1.50 i_con 3.45 plddt 0.24 ptm 0.39 i_ptm 0.50 energy -40.60
141 models [4] recycles 0 hard 0 soft 0 temp 0.20 loss 3.87 i_con 5.82 plddt 0.19 ptm 0.86 i_ptm 0.08 energy -40.66
142 models [1] recycles 0 hard 0 soft 0 temp 0.18 loss 4.21 i_con 6.18 plddt 0.25 ptm 0.86 i_ptm 0.13 energy -40.98
143 models [2] recycles 0 hard 0 soft 0 temp 0.16 loss 2.81 i_con 4.80 plddt 0.17 ptm 0.53 i_ptm 0.34 energy -41.33
144 models [2] recycles 0 hard 0 soft 0 temp 0.14 loss 2.61 i_con 4.59 plddt 0.24 ptm 0.86 i_ptm 0.19 energy -41.10
145 models [3] recycles 0 hard 0 soft 0 temp 0.12 loss 3.74 i_con 5.71 plddt 0.24 ptm 0.84 i_ptm 0.14 energy -40.94
146 models [4] recycles 0 hard 0 soft 0 temp 0.10 loss 2.79 i_con 4.76 plddt 0.20 ptm 0.85 i_ptm 0.15 energy -41.02
147 models [2] recycles 0 hard 0 soft 0 temp 0.08 loss 2.02 i_con 4.00 plddt 0.21 ptm 0.41 i_ptm 0.70 energy -41.28
148 models [1] recycles 0 hard 0 soft 0 temp 0.06 loss 2.89 i_con 4.89 plddt 0.22 ptm 0.37 i_ptm 0.23 energy -41.69
149 models [0] recycles 0 hard 0 soft 0 temp 0.04 loss -0.21 i_con 1.82 plddt 0.27 ptm 0.54 i_ptm 0.63 energy -42.04
150 models [3] recycles 0 hard 0 soft 0 temp 0.02 loss -0.49 i_con 1.56 plddt 0.30 ptm 0.82 i_ptm 0.82 energy -42.37
151 models [2] recycles 0 hard 1 soft 0 temp 0.00 loss 0.57 i_con 3.79 plddt 0.34 ptm 0.87 i_ptm 0.48 energy -6.57
152 models [4] recycles 0 hard 1 soft 0 temp 0.00 loss 0.60 i_con 3.82 plddt 0.33 ptm 0.88 i_ptm 0.47 energy -6.57
153 models [0] recycles 0 hard 1 soft 0 temp 0.00 loss 0.69 i_con 3.91 plddt 0.33 ptm 0.84 i_ptm 0.40 energy -6.57
154 models [4] recycles 0 hard 1 soft 0 temp 0.00 loss 0.60 i_con 3.82 plddt 0.33 ptm 0.88 i_ptm 0.47 energy -6.57
155 models [2] recycles 0 hard 1 soft 0 temp 0.00 loss 0.57 i_con 3.79 plddt 0.34 ptm 0.87 i_ptm 0.48 energy -6.57
156 models [3] recycles 0 hard 1 soft 0 temp 0.00 loss 0.61 i_con 3.83 plddt 0.32 ptm 0.86 i_ptm 0.43 energy -6.57
157 models [1] recycles 0 hard 1 soft 0 temp 0.00 loss 2.28 i_con 5.50 plddt 0.33 ptm 0.85 i_ptm 0.22 energy -6.57
158 models [1] recycles 0 hard 1 soft 0 temp 0.00 loss 2.28 i_con 5.50 plddt 0.33 ptm 0.85 i_ptm 0.22 energy -6.57
159 models [4] recycles 0 hard 1 soft 0 temp 0.00 loss 0.60 i_con 3.82 plddt 0.33 ptm 0.88 i_ptm 0.47 energy -6.57
160 models [0] recycles 0 hard 1 soft 0 temp 0.00 loss 0.69 i_con 3.91 plddt 0.33 ptm 0.84 i_ptm 0.40 energy -6.57
161 models [0] recycles 0 hard 1 soft 0 temp 0.00 loss 0.69 i_con 3.91 plddt 0.33 ptm 0.84 i_ptm 0.40 energy -6.57
162 models [4] recycles 0 hard 1 soft 0 temp 0.00 loss 0.60 i_con 3.82 plddt 0.33 ptm 0.88 i_ptm 0.47 energy -6.57
163 models [1] recycles 0 hard 1 soft 0 temp 0.00 loss 2.28 i_con 5.50 plddt 0.33 ptm 0.85 i_ptm 0.22 energy -6.57
164 models [1] recycles 0 hard 1 soft 0 temp 0.00 loss 2.28 i_con 5.50 plddt 0.33 ptm 0.85 i_ptm 0.22 energy -6.57
165 models [0] recycles 0 hard 1 soft 0 temp 0.00 loss 0.69 i_con 3.91 plddt 0.33 ptm 0.84 i_ptm 0.40 energy -6.57
166 models [2] recycles 0 hard 1 soft 0 temp 0.00 loss 0.57 i_con 3.79 plddt 0.34 ptm 0.87 i_ptm 0.48 energy -6.57
167 models [4] recycles 0 hard 1 soft 0 temp 0.00 loss 0.60 i_con 3.82 plddt 0.33 ptm 0.88 i_ptm 0.47 energy -6.57
168 models [3] recycles 0 hard 1 soft 0 temp 0.00 loss 0.61 i_con 3.83 plddt 0.32 ptm 0.86 i_ptm 0.43 energy -6.57
169 models [3] recycles 0 hard 1 soft 0 temp 0.00 loss 0.61 i_con 3.83 plddt 0.32 ptm 0.86 i_ptm 0.43 energy -6.57
170 models [0] recycles 0 hard 1 soft 0 temp 0.00 loss 0.69 i_con 3.91 plddt 0.33 ptm 0.84 i_ptm 0.40 energy -6.57
171 models [3] recycles 0 hard 1 soft 0 temp 0.00 loss 0.61 i_con 3.83 plddt 0.32 ptm 0.86 i_ptm 0.43 energy -6.57
172 models [1] recycles 0 hard 1 soft 0 temp 0.00 loss 2.28 i_con 5.50 plddt 0.33 ptm 0.85 i_ptm 0.22 energy -6.57
173 models [4] recycles 0 hard 1 soft 0 temp 0.00 loss 0.60 i_con 3.82 plddt 0.33 ptm 0.88 i_ptm 0.47 energy -6.57
174 models [1] recycles 0 hard 1 soft 0 temp 0.00 loss 2.28 i_con 5.50 plddt 0.33 ptm 0.85 i_ptm 0.22 energy -6.57
175 models [2] recycles 0 hard 1 soft 0 temp 0.00 loss 0.57 i_con 3.79 plddt 0.34 ptm 0.87 i_ptm 0.48 energy -6.57
176 models [1] recycles 0 hard 1 soft 0 temp 0.00 loss 2.28 i_con 5.50 plddt 0.33 ptm 0.85 i_ptm 0.22 energy -6.57
177 models [3] recycles 0 hard 1 soft 0 temp 0.00 loss 0.61 i_con 3.83 plddt 0.32 ptm 0.86 i_ptm 0.43 energy -6.57
178 models [2] recycles 0 hard 1 soft 0 temp 0.00 loss 0.57 i_con 3.79 plddt 0.34 ptm 0.87 i_ptm 0.48 energy -6.57
179 models [4] recycles 0 hard 1 soft 0 temp 0.00 loss 0.60 i_con 3.82 plddt 0.33 ptm 0.88 i_ptm 0.47 energy -6.57
180 models [1] recycles 0 hard 1 soft 0 temp 0.00 loss 2.28 i_con 5.50 plddt 0.33 ptm 0.85 i_ptm 0.22 energy -6.57
  seq=DWFWWTWNNWYQKDA  loss=2.2807  loss_af=5.5668  energy=-6.5722  i_ptm=0.2194

Saved 30 results to /home/share_nfs/342-Projets_BGE/342.3-Gen-Chem/342.3.2-BioInfo/342.3.2.8-SeqModels/protein_design/prg/PA_PB1/results/colabdesign/run_multimer2/gen_energy_C.json

================================================================================
SUMMARY
================================================================================
 seed  loss_total   loss_af    energy   i_ptm     ptm   plddt  seq
--------------------------------------------------------------------------------
    0      0.8903    3.5470   -5.3135  0.6551  0.8806  0.4840  NHNWWWWMNFWQRDC
    1      0.5997    3.3332   -5.4671  0.7098  0.8652  0.4252  DWKRAWRHVWWQFDC
    2      0.6273    3.1649   -5.0752  0.7709  0.8911  0.4728  NHNRAWWHSWWQRDW
    3      2.8772    5.8250   -5.8956  0.2813  0.8514  0.3249  AWIWWCCFYNYQKEA
    4      1.0393    4.5784   -7.0783  0.2290  0.8522  0.2351  AIGPPWWQLNYYAFG
    5      2.3763    3.6808   -2.6089  0.5846  0.8804  0.4206  TKGNAVTHVWWCCFG
    6      0.6050    3.1466   -5.0832  0.7394  0.8774  0.4351  DAMNRVQQVNWFCFG
    7      1.1826    3.8135   -5.2619  0.4775  0.8702  0.3423  DHFWWWWDHNYQKDA
    8      2.3587    4.4085   -4.0997  0.4427  0.8592  0.3472  NAGRAWWMVFWQRFL
    9      1.5545    3.9561   -4.8033  0.4685  0.8500  0.3103  NAKPAWWHVWWQQDC
   10      0.3759    3.9563   -7.1608  0.3876  0.8840  0.2310  DHNWWCADVWYNKDC
   11      0.1836    4.0633   -7.7594  0.3804  0.8362  0.2740  AIIWLWWQPNYYRFA
   12      0.4828    3.7790   -6.5924  0.5097  0.8725  0.3476  EWYWITWDLWYQKDA
   13      2.4179    6.0897   -7.3436  0.2091  0.8556  0.2107  AWSWAQCDLNYYKFS
   14      0.5475    4.3775   -7.6599  0.2391  0.8759  0.2053  NHKKIAQVVFYGGGL
   15      1.1846    4.5962   -6.8232  0.2713  0.8500  0.2345  AIGLRWIQVNYQGFC
   16      0.3551    4.1633   -7.6164  0.3275  0.8641  0.2387  AWGEWQCHSNTQPFG
   17      0.5442    4.3256   -7.5628  0.2548  0.8742  0.2007  AIGWWWMDVNYYAFA
   18      4.1204    5.5298   -2.8188  0.2036  0.8542  0.2763  TANNAWYDVMWQEFW
   19      2.7942    4.7629   -3.9373  0.2199  0.8527  0.2335  DHGRAWWAVFWQRDW
   20      1.3929    5.8355   -8.8853  0.2253  0.8571  0.2445  AIGLIPEFVNYYWFC
   21     -0.5092    3.0751   -7.1686  0.7827  0.8825  0.6158  AWIWWCMDGNYYKFS
   22      2.0606    5.5837   -7.0462  0.1853  0.8541  0.2246  DWFWWTWNLNSNKDA
   23      0.5340    3.7217   -6.3754  0.5035  0.8702  0.3120  NWKRAWRDVAWIRTC
   24      1.0494    4.4548   -6.8108  0.2633  0.8751  0.2188  DHNWWWMNVNYNKDA
   25      1.6141    3.6386   -4.0489  0.5748  0.8907  0.3433  TANWAWWDVWWQAFC
   26      0.6082    3.8619   -6.5075  0.4745  0.8709  0.2920  AWGWAWWDNNYYRFA
   27      1.3716    4.5061   -6.2690  0.2299  0.8732  0.2139  KHNWWWWNLDYNKDA
   28      2.4824    5.7499   -6.5350  0.2272  0.8505  0.2069  AIGEPQCFLFYCEFC
   29      2.2807    5.5668   -6.5722  0.2194  0.8514  0.3278  DWFWWTWNNWYQKDA
---------------------------------------------
End time : Sun May 24 17:29:36 CEST 2026
