Job ID       : 310069
Array task   : 2  →  protocol: gen_energy_E
Node         : aar018
Start time   : Sun May 24 22:27:30 CEST 2026
---------------------------------------------
Sun May 24 22:27:30 2026       
+-----------------------------------------------------------------------------------------+
| NVIDIA-SMI 560.35.03              Driver Version: 560.35.03      CUDA Version: 12.6     |
|-----------------------------------------+------------------------+----------------------+
| GPU  Name                 Persistence-M | Bus-Id          Disp.A | Volatile Uncorr. ECC |
| Fan  Temp   Perf          Pwr:Usage/Cap |           Memory-Usage | GPU-Util  Compute M. |
|                                         |                        |               MIG M. |
|=========================================+========================+======================|
|   0  NVIDIA A30                     Off |   00000000:17:00.0 Off |                    0 |
| N/A   59C    P0             37W /  165W |       1MiB /  24576MiB |      0%      Default |
|                                         |                        |             Disabled |
+-----------------------------------------+------------------------+----------------------+
                                                                                         
+-----------------------------------------------------------------------------------------+
| Processes:                                                                              |
---------------------------------------------
JAX devices: [cuda(id=0)]
GPU check passed: cuda:0
Output file  : /home/share_nfs/342-Projets_BGE/342.3-Gen-Chem/342.3.2-BioInfo/342.3.2.8-SeqModels/protein_design/prg/PA_PB1/results/colabdesign/run_multimer2/gen_energy_E.json
Running protocol: gen_energy_E ...
/home/share_nfs/342-Projets_BGE/342.3-Gen-Chem/342.3.2-BioInfo/342.3.2.8-SeqModels/protein_design/prg/PA_PB1/data/energy_model_params/PNB_2R_3lay_negbinom_energy_model_weights.json
Models loaded: ['model_1_multimer_v3', 'model_2_multimer_v3', 'model_3_multimer_v3', 'model_4_multimer_v3', 'model_5_multimer_v3']
[1/30] seed=0 ...
1 models [2] recycles 0 hard 0 soft 1 temp 1 loss 5.36 i_con 4.91 plddt 0.23 ptm 0.85 i_ptm 0.12 energy 7.38
2 models [3] recycles 0 hard 0 soft 1 temp 1 loss 4.30 i_con 3.86 plddt 0.31 ptm 0.86 i_ptm 0.42 energy 7.37
3 models [2] recycles 0 hard 0 soft 1 temp 1 loss 4.29 i_con 3.89 plddt 0.33 ptm 0.86 i_ptm 0.45 energy 6.74
4 models [3] recycles 0 hard 0 soft 1 temp 1 loss 4.22 i_con 3.85 plddt 0.32 ptm 0.86 i_ptm 0.43 energy 6.14
5 models [3] recycles 0 hard 0 soft 1 temp 1 loss 4.14 i_con 3.81 plddt 0.33 ptm 0.86 i_ptm 0.44 energy 5.32
6 models [2] recycles 0 hard 0 soft 1 temp 1 loss 4.05 i_con 3.76 plddt 0.36 ptm 0.87 i_ptm 0.47 energy 4.58
7 models [1] recycles 0 hard 0 soft 1 temp 1 loss 5.38 i_con 5.11 plddt 0.21 ptm 0.85 i_ptm 0.16 energy 3.82
8 models [1] recycles 0 hard 0 soft 1 temp 1 loss 4.84 i_con 4.57 plddt 0.20 ptm 0.85 i_ptm 0.17 energy 3.86
9 models [3] recycles 0 hard 0 soft 1 temp 1 loss 4.01 i_con 3.75 plddt 0.35 ptm 0.86 i_ptm 0.47 energy 3.81
10 models [1] recycles 0 hard 0 soft 1 temp 1 loss 4.40 i_con 4.16 plddt 0.25 ptm 0.86 i_ptm 0.27 energy 3.37
11 models [0] recycles 0 hard 0 soft 1 temp 1 loss 4.15 i_con 3.93 plddt 0.31 ptm 0.85 i_ptm 0.43 energy 3.01
12 models [0] recycles 0 hard 0 soft 1 temp 1 loss 4.17 i_con 3.96 plddt 0.34 ptm 0.85 i_ptm 0.39 energy 2.78
13 models [0] recycles 0 hard 0 soft 1 temp 1 loss 4.07 i_con 3.87 plddt 0.33 ptm 0.85 i_ptm 0.43 energy 2.48
14 models [1] recycles 0 hard 0 soft 1 temp 1 loss 5.10 i_con 4.90 plddt 0.19 ptm 0.86 i_ptm 0.12 energy 2.34
15 models [0] recycles 0 hard 0 soft 1 temp 1 loss 4.37 i_con 4.18 plddt 0.29 ptm 0.84 i_ptm 0.29 energy 2.34
16 models [4] recycles 0 hard 0 soft 1 temp 1 loss 4.22 i_con 4.03 plddt 0.26 ptm 0.88 i_ptm 0.37 energy 2.35
17 models [3] recycles 0 hard 0 soft 1 temp 1 loss 4.01 i_con 3.83 plddt 0.34 ptm 0.86 i_ptm 0.44 energy 2.26
18 models [1] recycles 0 hard 0 soft 1 temp 1 loss 4.37 i_con 4.19 plddt 0.24 ptm 0.86 i_ptm 0.24 energy 2.08
19 models [4] recycles 0 hard 0 soft 1 temp 1 loss 4.01 i_con 3.84 plddt 0.36 ptm 0.88 i_ptm 0.51 energy 2.19
20 models [1] recycles 0 hard 0 soft 1 temp 1 loss 4.46 i_con 4.28 plddt 0.25 ptm 0.85 i_ptm 0.22 energy 2.12
21 models [0] recycles 0 hard 0 soft 1 temp 1 loss 4.02 i_con 3.85 plddt 0.35 ptm 0.85 i_ptm 0.49 energy 2.17
22 models [3] recycles 0 hard 0 soft 1 temp 1 loss 3.75 i_con 3.59 plddt 0.40 ptm 0.87 i_ptm 0.54 energy 1.90
23 models [3] recycles 0 hard 0 soft 1 temp 1 loss 3.88 i_con 3.74 plddt 0.35 ptm 0.87 i_ptm 0.47 energy 1.57
24 models [4] recycles 0 hard 0 soft 1 temp 1 loss 3.85 i_con 3.73 plddt 0.39 ptm 0.89 i_ptm 0.53 energy 1.11
25 models [4] recycles 0 hard 0 soft 1 temp 1 loss 3.75 i_con 3.64 plddt 0.41 ptm 0.89 i_ptm 0.58 energy 0.96
26 models [0] recycles 0 hard 0 soft 1 temp 1 loss 4.03 i_con 3.92 plddt 0.35 ptm 0.86 i_ptm 0.41 energy 0.81
27 models [1] recycles 0 hard 0 soft 1 temp 1 loss 3.85 i_con 3.76 plddt 0.34 ptm 0.88 i_ptm 0.49 energy 0.48
28 models [2] recycles 0 hard 0 soft 1 temp 1 loss 3.75 i_con 3.67 plddt 0.43 ptm 0.87 i_ptm 0.55 energy 0.33
29 models [3] recycles 0 hard 0 soft 1 temp 1 loss 3.69 i_con 3.63 plddt 0.41 ptm 0.87 i_ptm 0.55 energy 0.06
30 models [4] recycles 0 hard 0 soft 1 temp 1 loss 3.77 i_con 3.73 plddt 0.39 ptm 0.89 i_ptm 0.52 energy -0.26
31 models [3] recycles 0 hard 0 soft 1 temp 1 loss 3.64 i_con 3.60 plddt 0.39 ptm 0.87 i_ptm 0.55 energy -0.45
32 models [1] recycles 0 hard 0 soft 1 temp 1 loss 3.87 i_con 3.83 plddt 0.32 ptm 0.87 i_ptm 0.46 energy -0.53
33 models [2] recycles 0 hard 0 soft 1 temp 1 loss 3.60 i_con 3.57 plddt 0.43 ptm 0.88 i_ptm 0.60 energy -0.65
34 models [0] recycles 0 hard 0 soft 1 temp 1 loss 4.33 i_con 4.29 plddt 0.29 ptm 0.83 i_ptm 0.22 energy -0.60
35 models [0] recycles 0 hard 0 soft 1 temp 1 loss 3.86 i_con 3.82 plddt 0.36 ptm 0.85 i_ptm 0.44 energy -0.49
36 models [1] recycles 0 hard 0 soft 1 temp 1 loss 3.81 i_con 3.77 plddt 0.36 ptm 0.87 i_ptm 0.48 energy -0.58
37 models [4] recycles 0 hard 0 soft 1 temp 1 loss 3.69 i_con 3.67 plddt 0.39 ptm 0.88 i_ptm 0.52 energy -0.82
38 models [1] recycles 0 hard 0 soft 1 temp 1 loss 3.94 i_con 3.92 plddt 0.29 ptm 0.87 i_ptm 0.39 energy -0.92
39 models [1] recycles 0 hard 0 soft 1 temp 1 loss 3.80 i_con 3.79 plddt 0.39 ptm 0.87 i_ptm 0.48 energy -0.92
40 models [4] recycles 0 hard 0 soft 1 temp 1 loss 3.69 i_con 3.68 plddt 0.38 ptm 0.89 i_ptm 0.55 energy -1.04
41 models [2] recycles 0 hard 0 soft 1 temp 1 loss 3.58 i_con 3.58 plddt 0.44 ptm 0.87 i_ptm 0.59 energy -1.12
42 models [3] recycles 0 hard 0 soft 1 temp 1 loss 3.58 i_con 3.59 plddt 0.41 ptm 0.87 i_ptm 0.58 energy -1.30
43 models [4] recycles 0 hard 0 soft 1 temp 1 loss 3.72 i_con 3.73 plddt 0.40 ptm 0.88 i_ptm 0.50 energy -1.40
44 models [3] recycles 0 hard 0 soft 1 temp 1 loss 3.60 i_con 3.62 plddt 0.41 ptm 0.87 i_ptm 0.57 energy -1.54
45 models [4] recycles 0 hard 0 soft 1 temp 1 loss 3.66 i_con 3.68 plddt 0.41 ptm 0.89 i_ptm 0.54 energy -1.67
46 models [1] recycles 0 hard 0 soft 1 temp 1 loss 4.61 i_con 4.62 plddt 0.27 ptm 0.86 i_ptm 0.19 energy -1.74
47 models [3] recycles 0 hard 0 soft 1 temp 1 loss 3.33 i_con 3.36 plddt 0.42 ptm 0.88 i_ptm 0.68 energy -1.73
48 models [1] recycles 0 hard 0 soft 1 temp 1 loss 4.97 i_con 4.98 plddt 0.25 ptm 0.85 i_ptm 0.14 energy -1.73
49 models [4] recycles 0 hard 0 soft 1 temp 1 loss 3.61 i_con 3.64 plddt 0.42 ptm 0.89 i_ptm 0.58 energy -1.72
50 models [4] recycles 0 hard 0 soft 1 temp 1 loss 3.61 i_con 3.65 plddt 0.43 ptm 0.89 i_ptm 0.58 energy -1.93
51 models [0] recycles 0 hard 0 soft 1 temp 1 loss 3.64 i_con 3.77 plddt 0.41 ptm 0.86 i_ptm 0.49 energy -1.87
52 models [1] recycles 0 hard 0 soft 1 temp 1 loss 3.49 i_con 3.63 plddt 0.40 ptm 0.87 i_ptm 0.56 energy -1.97
53 models [1] recycles 0 hard 0 soft 1 temp 1 loss 3.54 i_con 3.69 plddt 0.41 ptm 0.88 i_ptm 0.55 energy -2.07
54 models [2] recycles 0 hard 0 soft 1 temp 1 loss 3.39 i_con 3.54 plddt 0.46 ptm 0.88 i_ptm 0.60 energy -2.09
55 models [3] recycles 0 hard 0 soft 1 temp 1 loss 4.41 i_con 4.56 plddt 0.26 ptm 0.84 i_ptm 0.16 energy -2.29
56 models [0] recycles 0 hard 0 soft 1 temp 1 loss 3.52 i_con 3.69 plddt 0.40 ptm 0.86 i_ptm 0.55 energy -2.30
57 models [3] recycles 0 hard 0 soft 1 temp 1 loss 3.43 i_con 3.61 plddt 0.42 ptm 0.87 i_ptm 0.59 energy -2.38
58 models [4] recycles 0 hard 0 soft 1 temp 1 loss 3.46 i_con 3.64 plddt 0.41 ptm 0.88 i_ptm 0.54 energy -2.45
59 models [1] recycles 0 hard 0 soft 1 temp 1 loss 5.01 i_con 5.19 plddt 0.28 ptm 0.85 i_ptm 0.17 energy -2.49
60 models [2] recycles 0 hard 0 soft 1 temp 1 loss 3.42 i_con 3.61 plddt 0.41 ptm 0.87 i_ptm 0.58 energy -2.47
61 models [0] recycles 0 hard 0 soft 1 temp 1 loss 3.72 i_con 3.90 plddt 0.35 ptm 0.84 i_ptm 0.42 energy -2.46
62 models [2] recycles 0 hard 0 soft 1 temp 1 loss 3.33 i_con 3.53 plddt 0.48 ptm 0.88 i_ptm 0.62 energy -2.50
63 models [4] recycles 0 hard 0 soft 1 temp 1 loss 3.47 i_con 3.66 plddt 0.38 ptm 0.89 i_ptm 0.58 energy -2.43
64 models [3] recycles 0 hard 0 soft 1 temp 1 loss 3.39 i_con 3.58 plddt 0.43 ptm 0.87 i_ptm 0.59 energy -2.53
65 models [1] recycles 0 hard 0 soft 1 temp 1 loss 4.34 i_con 4.53 plddt 0.25 ptm 0.86 i_ptm 0.15 energy -2.62
66 models [4] recycles 0 hard 0 soft 1 temp 1 loss 3.53 i_con 3.72 plddt 0.38 ptm 0.89 i_ptm 0.53 energy -2.56
67 models [1] recycles 0 hard 0 soft 1 temp 1 loss 4.00 i_con 4.18 plddt 0.29 ptm 0.86 i_ptm 0.27 energy -2.55
68 models [2] recycles 0 hard 0 soft 1 temp 1 loss 3.39 i_con 3.58 plddt 0.44 ptm 0.87 i_ptm 0.58 energy -2.52
69 models [0] recycles 0 hard 0 soft 1 temp 1 loss 3.51 i_con 3.71 plddt 0.41 ptm 0.86 i_ptm 0.54 energy -2.55
70 models [2] recycles 0 hard 0 soft 1 temp 1 loss 3.36 i_con 3.55 plddt 0.43 ptm 0.87 i_ptm 0.60 energy -2.50
71 models [3] recycles 0 hard 0 soft 1 temp 1 loss 3.46 i_con 3.66 plddt 0.44 ptm 0.87 i_ptm 0.56 energy -2.57
72 models [4] recycles 0 hard 0 soft 1 temp 1 loss 3.37 i_con 3.57 plddt 0.41 ptm 0.89 i_ptm 0.58 energy -2.64
73 models [2] recycles 0 hard 0 soft 1 temp 1 loss 3.45 i_con 3.65 plddt 0.42 ptm 0.87 i_ptm 0.54 energy -2.60
74 models [3] recycles 0 hard 0 soft 1 temp 1 loss 3.47 i_con 3.68 plddt 0.40 ptm 0.86 i_ptm 0.54 energy -2.73
75 models [2] recycles 0 hard 0 soft 1 temp 1 loss 3.36 i_con 3.58 plddt 0.46 ptm 0.87 i_ptm 0.58 energy -2.70
76 models [3] recycles 0 hard 0 soft 1 temp 1 loss 3.51 i_con 3.72 plddt 0.38 ptm 0.86 i_ptm 0.52 energy -2.69
77 models [3] recycles 0 hard 0 soft 1 temp 1 loss 3.61 i_con 3.83 plddt 0.35 ptm 0.86 i_ptm 0.47 energy -2.79
78 models [3] recycles 0 hard 0 soft 1 temp 1 loss 3.29 i_con 3.51 plddt 0.44 ptm 0.87 i_ptm 0.61 energy -2.78
79 models [4] recycles 0 hard 0 soft 1 temp 1 loss 3.51 i_con 3.72 plddt 0.37 ptm 0.88 i_ptm 0.53 energy -2.73
80 models [4] recycles 0 hard 0 soft 1 temp 1 loss 3.55 i_con 3.77 plddt 0.39 ptm 0.89 i_ptm 0.53 energy -2.80
81 models [1] recycles 0 hard 0 soft 1 temp 1 loss 3.55 i_con 3.77 plddt 0.42 ptm 0.87 i_ptm 0.53 energy -2.79
82 models [0] recycles 0 hard 0 soft 1 temp 1 loss 3.40 i_con 3.63 plddt 0.44 ptm 0.86 i_ptm 0.56 energy -2.83
83 models [0] recycles 0 hard 0 soft 1 temp 1 loss 3.48 i_con 3.70 plddt 0.42 ptm 0.86 i_ptm 0.52 energy -2.81
84 models [0] recycles 0 hard 0 soft 1 temp 1 loss 3.50 i_con 3.72 plddt 0.37 ptm 0.86 i_ptm 0.52 energy -2.88
85 models [2] recycles 0 hard 0 soft 1 temp 1 loss 3.39 i_con 3.62 plddt 0.44 ptm 0.87 i_ptm 0.57 energy -2.87
86 models [1] recycles 0 hard 0 soft 1 temp 1 loss 3.71 i_con 3.92 plddt 0.32 ptm 0.87 i_ptm 0.39 energy -2.83
87 models [3] recycles 0 hard 0 soft 1 temp 1 loss 3.45 i_con 3.67 plddt 0.37 ptm 0.87 i_ptm 0.53 energy -2.87
88 models [0] recycles 0 hard 0 soft 1 temp 1 loss 3.54 i_con 3.77 plddt 0.40 ptm 0.86 i_ptm 0.49 energy -2.87
89 models [1] recycles 0 hard 0 soft 1 temp 1 loss 3.59 i_con 3.82 plddt 0.36 ptm 0.87 i_ptm 0.47 energy -2.88
90 models [1] recycles 0 hard 0 soft 1 temp 1 loss 3.94 i_con 4.16 plddt 0.29 ptm 0.86 i_ptm 0.28 energy -2.88
91 models [1] recycles 0 hard 0 soft 1 temp 1 loss 3.52 i_con 3.74 plddt 0.38 ptm 0.87 i_ptm 0.49 energy -2.85
92 models [4] recycles 0 hard 0 soft 1 temp 1 loss 3.52 i_con 3.74 plddt 0.38 ptm 0.89 i_ptm 0.54 energy -2.87
93 models [2] recycles 0 hard 0 soft 1 temp 1 loss 3.43 i_con 3.66 plddt 0.43 ptm 0.88 i_ptm 0.57 energy -2.87
94 models [0] recycles 0 hard 0 soft 1 temp 1 loss 3.52 i_con 3.75 plddt 0.40 ptm 0.86 i_ptm 0.50 energy -2.89
95 models [2] recycles 0 hard 0 soft 1 temp 1 loss 3.50 i_con 3.74 plddt 0.36 ptm 0.87 i_ptm 0.52 energy -3.00
96 models [4] recycles 0 hard 0 soft 1 temp 1 loss 3.39 i_con 3.63 plddt 0.44 ptm 0.89 i_ptm 0.59 energy -2.96
97 models [4] recycles 0 hard 0 soft 1 temp 1 loss 3.47 i_con 3.70 plddt 0.41 ptm 0.89 i_ptm 0.55 energy -2.92
98 models [4] recycles 0 hard 0 soft 1 temp 1 loss 3.45 i_con 3.68 plddt 0.42 ptm 0.88 i_ptm 0.53 energy -2.81
99 models [2] recycles 0 hard 0 soft 1 temp 1 loss 3.45 i_con 3.69 plddt 0.42 ptm 0.87 i_ptm 0.56 energy -2.96
100 models [0] recycles 0 hard 0 soft 1 temp 1 loss 3.46 i_con 3.69 plddt 0.41 ptm 0.86 i_ptm 0.57 energy -2.93
101 models [0] recycles 0 hard 0 soft 0 temp 1 loss -2.40 i_con 5.10 plddt 0.30 ptm 0.82 i_ptm 0.18 energy -15.14
102 models [1] recycles 0 hard 0 soft 0 temp 0.98 loss -1.93 i_con 5.98 plddt 0.32 ptm 0.86 i_ptm 0.25 energy -15.96
103 models [3] recycles 0 hard 0 soft 0 temp 0.96 loss -5.06 i_con 3.74 plddt 0.37 ptm 0.87 i_ptm 0.50 energy -17.74
104 models [3] recycles 0 hard 0 soft 0 temp 0.94 loss -6.19 i_con 3.83 plddt 0.33 ptm 0.87 i_ptm 0.44 energy -20.18
105 models [0] recycles 0 hard 0 soft 0 temp 0.92 loss -7.59 i_con 3.63 plddt 0.39 ptm 0.86 i_ptm 0.55 energy -22.55
106 models [2] recycles 0 hard 0 soft 0 temp 0.90 loss -8.38 i_con 3.81 plddt 0.41 ptm 0.86 i_ptm 0.52 energy -24.51
107 models [4] recycles 0 hard 0 soft 0 temp 0.88 loss -9.46 i_con 3.67 plddt 0.40 ptm 0.89 i_ptm 0.56 energy -26.39
108 models [0] recycles 0 hard 0 soft 0 temp 0.86 loss -10.50 i_con 3.48 plddt 0.49 ptm 0.86 i_ptm 0.61 energy -28.07
109 models [3] recycles 0 hard 0 soft 0 temp 0.84 loss -10.65 i_con 4.17 plddt 0.29 ptm 0.84 i_ptm 0.30 energy -29.77
110 models [0] recycles 0 hard 0 soft 0 temp 0.82 loss -11.40 i_con 4.25 plddt 0.29 ptm 0.83 i_ptm 0.25 energy -31.43
111 models [3] recycles 0 hard 0 soft 0 temp 0.80 loss -12.01 i_con 3.89 plddt 0.33 ptm 0.86 i_ptm 0.43 energy -31.93
112 models [3] recycles 0 hard 0 soft 0 temp 0.78 loss -13.09 i_con 3.72 plddt 0.37 ptm 0.87 i_ptm 0.48 energy -33.76
113 models [0] recycles 0 hard 0 soft 0 temp 0.76 loss -14.68 i_con 3.21 plddt 0.53 ptm 0.87 i_ptm 0.65 energy -35.88
114 models [3] recycles 0 hard 0 soft 0 temp 0.74 loss -14.98 i_con 3.77 plddt 0.39 ptm 0.86 i_ptm 0.49 energy -37.63
115 models [3] recycles 0 hard 0 soft 0 temp 0.72 loss -16.05 i_con 3.75 plddt 0.35 ptm 0.86 i_ptm 0.48 energy -39.74
116 models [0] recycles 0 hard 0 soft 0 temp 0.70 loss -16.75 i_con 3.86 plddt 0.34 ptm 0.85 i_ptm 0.41 energy -41.36
117 models [4] recycles 0 hard 0 soft 0 temp 0.68 loss -17.56 i_con 4.03 plddt 0.28 ptm 0.88 i_ptm 0.34 energy -43.34
118 models [2] recycles 0 hard 0 soft 0 temp 0.66 loss -18.77 i_con 3.68 plddt 0.43 ptm 0.87 i_ptm 0.54 energy -45.01
119 models [2] recycles 0 hard 0 soft 0 temp 0.64 loss -19.75 i_con 3.76 plddt 0.39 ptm 0.88 i_ptm 0.52 energy -47.15
120 models [4] recycles 0 hard 0 soft 0 temp 0.62 loss -20.70 i_con 3.93 plddt 0.33 ptm 0.88 i_ptm 0.40 energy -49.39
121 models [0] recycles 0 hard 0 soft 0 temp 0.60 loss -21.67 i_con 3.99 plddt 0.33 ptm 0.83 i_ptm 0.36 energy -51.45
122 models [0] recycles 0 hard 0 soft 0 temp 0.58 loss -22.67 i_con 3.94 plddt 0.31 ptm 0.84 i_ptm 0.38 energy -53.36
123 models [4] recycles 0 hard 0 soft 0 temp 0.56 loss -23.93 i_con 3.82 plddt 0.34 ptm 0.89 i_ptm 0.44 energy -55.63
124 models [0] recycles 0 hard 0 soft 0 temp 0.54 loss -24.89 i_con 3.94 plddt 0.33 ptm 0.84 i_ptm 0.38 energy -57.80
125 models [2] recycles 0 hard 0 soft 0 temp 0.52 loss -25.95 i_con 3.59 plddt 0.44 ptm 0.88 i_ptm 0.57 energy -59.19
126 models [1] recycles 0 hard 0 soft 0 temp 0.50 loss -24.15 i_con 5.74 plddt 0.23 ptm 0.85 i_ptm 0.16 energy -59.94
127 models [0] recycles 0 hard 0 soft 0 temp 0.48 loss -27.13 i_con 3.71 plddt 0.37 ptm 0.86 i_ptm 0.48 energy -61.80
128 models [0] recycles 0 hard 0 soft 0 temp 0.46 loss -27.51 i_con 3.91 plddt 0.32 ptm 0.84 i_ptm 0.40 energy -62.98
129 models [0] recycles 0 hard 0 soft 0 temp 0.44 loss -28.75 i_con 3.83 plddt 0.33 ptm 0.85 i_ptm 0.43 energy -65.28
130 models [4] recycles 0 hard 0 soft 0 temp 0.42 loss -29.56 i_con 4.07 plddt 0.26 ptm 0.88 i_ptm 0.32 energy -67.40
131 models [2] recycles 0 hard 0 soft 0 temp 0.40 loss -30.74 i_con 3.95 plddt 0.31 ptm 0.87 i_ptm 0.38 energy -69.52
132 models [2] recycles 0 hard 0 soft 0 temp 0.38 loss -31.84 i_con 3.89 plddt 0.30 ptm 0.87 i_ptm 0.40 energy -71.61
133 models [3] recycles 0 hard 0 soft 0 temp 0.36 loss -32.77 i_con 4.07 plddt 0.28 ptm 0.86 i_ptm 0.33 energy -73.82
134 models [0] recycles 0 hard 0 soft 0 temp 0.34 loss -33.93 i_con 3.98 plddt 0.33 ptm 0.85 i_ptm 0.39 energy -75.96
135 models [4] recycles 0 hard 0 soft 0 temp 0.32 loss -34.87 i_con 3.96 plddt 0.28 ptm 0.88 i_ptm 0.36 energy -77.82
136 models [3] recycles 0 hard 0 soft 0 temp 0.30 loss -34.77 i_con 5.17 plddt 0.23 ptm 0.85 i_ptm 0.17 energy -80.03
137 models [3] recycles 0 hard 0 soft 0 temp 0.28 loss -36.31 i_con 4.15 plddt 0.25 ptm 0.85 i_ptm 0.29 energy -81.06
138 models [4] recycles 0 hard 0 soft 0 temp 0.26 loss -37.31 i_con 4.12 plddt 0.24 ptm 0.88 i_ptm 0.27 energy -83.02
139 models [3] recycles 0 hard 0 soft 0 temp 0.24 loss -38.39 i_con 4.00 plddt 0.27 ptm 0.85 i_ptm 0.37 energy -84.92
140 models [2] recycles 0 hard 0 soft 0 temp 0.22 loss -37.73 i_con 5.64 plddt 0.29 ptm 0.86 i_ptm 0.19 energy -86.88
141 models [2] recycles 0 hard 0 soft 0 temp 0.20 loss -39.93 i_con 4.08 plddt 0.29 ptm 0.87 i_ptm 0.31 energy -88.17
142 models [4] recycles 0 hard 0 soft 0 temp 0.18 loss -39.77 i_con 4.63 plddt 0.21 ptm 0.87 i_ptm 0.17 energy -88.96
143 models [1] recycles 0 hard 0 soft 0 temp 0.16 loss -39.39 i_con 5.55 plddt 0.26 ptm 0.86 i_ptm 0.15 energy -90.03
144 models [2] recycles 0 hard 0 soft 0 temp 0.14 loss -40.14 i_con 5.67 plddt 0.26 ptm 0.86 i_ptm 0.16 energy -91.75
145 models [4] recycles 0 hard 0 soft 0 temp 0.12 loss -41.42 i_con 4.68 plddt 0.21 ptm 0.88 i_ptm 0.14 energy -92.36
146 models [2] recycles 0 hard 0 soft 0 temp 0.10 loss -41.30 i_con 5.01 plddt 0.24 ptm 0.85 i_ptm 0.18 energy -92.78
147 models [1] recycles 0 hard 0 soft 0 temp 0.08 loss -41.08 i_con 5.50 plddt 0.21 ptm 0.86 i_ptm 0.11 energy -93.33
148 models [3] recycles 0 hard 0 soft 0 temp 0.06 loss -41.63 i_con 5.79 plddt 0.23 ptm 0.85 i_ptm 0.16 energy -95.00
149 models [2] recycles 0 hard 0 soft 0 temp 0.04 loss -44.09 i_con 4.29 plddt 0.24 ptm 0.86 i_ptm 0.26 energy -96.91
150 models [2] recycles 0 hard 0 soft 0 temp 0.02 loss -45.18 i_con 4.14 plddt 0.29 ptm 0.87 i_ptm 0.32 energy -98.78
151 models [2] recycles 0 hard 1 soft 0 temp 0.00 loss -0.92 i_con 3.71 plddt 0.37 ptm 0.87 i_ptm 0.56 energy -5.21
152 models [4] recycles 0 hard 1 soft 0 temp 0.00 loss -0.67 i_con 3.95 plddt 0.26 ptm 0.88 i_ptm 0.43 energy -5.21
153 models [0] recycles 0 hard 1 soft 0 temp 0.00 loss -0.77 i_con 3.86 plddt 0.36 ptm 0.85 i_ptm 0.48 energy -5.21
154 models [4] recycles 0 hard 1 soft 0 temp 0.00 loss -0.67 i_con 3.95 plddt 0.26 ptm 0.88 i_ptm 0.43 energy -5.21
155 models [2] recycles 0 hard 1 soft 0 temp 0.00 loss -0.92 i_con 3.71 plddt 0.37 ptm 0.87 i_ptm 0.56 energy -5.21
156 models [4] recycles 0 hard 1 soft 0 temp 0.00 loss -0.67 i_con 3.95 plddt 0.26 ptm 0.88 i_ptm 0.43 energy -5.21
157 models [4] recycles 0 hard 1 soft 0 temp 0.00 loss -0.67 i_con 3.95 plddt 0.26 ptm 0.88 i_ptm 0.43 energy -5.21
158 models [1] recycles 0 hard 1 soft 0 temp 0.00 loss 0.85 i_con 5.47 plddt 0.24 ptm 0.85 i_ptm 0.20 energy -5.21
159 models [4] recycles 0 hard 1 soft 0 temp 0.00 loss -0.67 i_con 3.95 plddt 0.26 ptm 0.88 i_ptm 0.43 energy -5.21
160 models [3] recycles 0 hard 1 soft 0 temp 0.00 loss -0.98 i_con 3.65 plddt 0.33 ptm 0.87 i_ptm 0.58 energy -5.21
161 models [0] recycles 0 hard 1 soft 0 temp 0.00 loss -0.77 i_con 3.86 plddt 0.36 ptm 0.85 i_ptm 0.48 energy -5.21
162 models [2] recycles 0 hard 1 soft 0 temp 0.00 loss -0.92 i_con 3.71 plddt 0.37 ptm 0.87 i_ptm 0.56 energy -5.21
163 models [3] recycles 0 hard 1 soft 0 temp 0.00 loss -0.98 i_con 3.65 plddt 0.33 ptm 0.87 i_ptm 0.58 energy -5.21
164 models [0] recycles 0 hard 1 soft 0 temp 0.00 loss -0.77 i_con 3.86 plddt 0.36 ptm 0.85 i_ptm 0.48 energy -5.21
165 models [2] recycles 0 hard 1 soft 0 temp 0.00 loss -0.92 i_con 3.71 plddt 0.37 ptm 0.87 i_ptm 0.56 energy -5.21
166 models [2] recycles 0 hard 1 soft 0 temp 0.00 loss -0.92 i_con 3.71 plddt 0.37 ptm 0.87 i_ptm 0.56 energy -5.21
167 models [4] recycles 0 hard 1 soft 0 temp 0.00 loss -0.67 i_con 3.95 plddt 0.26 ptm 0.88 i_ptm 0.43 energy -5.21
168 models [4] recycles 0 hard 1 soft 0 temp 0.00 loss -0.67 i_con 3.95 plddt 0.26 ptm 0.88 i_ptm 0.43 energy -5.21
169 models [0] recycles 0 hard 1 soft 0 temp 0.00 loss -0.77 i_con 3.86 plddt 0.36 ptm 0.85 i_ptm 0.48 energy -5.21
170 models [1] recycles 0 hard 1 soft 0 temp 0.00 loss 0.85 i_con 5.47 plddt 0.24 ptm 0.85 i_ptm 0.20 energy -5.21
171 models [3] recycles 0 hard 1 soft 0 temp 0.00 loss -0.98 i_con 3.65 plddt 0.33 ptm 0.87 i_ptm 0.58 energy -5.21
172 models [4] recycles 0 hard 1 soft 0 temp 0.00 loss -0.67 i_con 3.95 plddt 0.26 ptm 0.88 i_ptm 0.43 energy -5.21
173 models [0] recycles 0 hard 1 soft 0 temp 0.00 loss -0.77 i_con 3.86 plddt 0.36 ptm 0.85 i_ptm 0.48 energy -5.21
174 models [2] recycles 0 hard 1 soft 0 temp 0.00 loss -0.92 i_con 3.71 plddt 0.37 ptm 0.87 i_ptm 0.56 energy -5.21
175 models [0] recycles 0 hard 1 soft 0 temp 0.00 loss -0.77 i_con 3.86 plddt 0.36 ptm 0.85 i_ptm 0.48 energy -5.21
176 models [1] recycles 0 hard 1 soft 0 temp 0.00 loss 0.85 i_con 5.47 plddt 0.24 ptm 0.85 i_ptm 0.20 energy -5.21
177 models [2] recycles 0 hard 1 soft 0 temp 0.00 loss -0.92 i_con 3.71 plddt 0.37 ptm 0.87 i_ptm 0.56 energy -5.21
178 models [2] recycles 0 hard 1 soft 0 temp 0.00 loss -0.92 i_con 3.71 plddt 0.37 ptm 0.87 i_ptm 0.56 energy -5.21
179 models [4] recycles 0 hard 1 soft 0 temp 0.00 loss -0.67 i_con 3.95 plddt 0.26 ptm 0.88 i_ptm 0.43 energy -5.21
180 models [2] recycles 0 hard 1 soft 0 temp 0.00 loss -0.92 i_con 3.71 plddt 0.37 ptm 0.87 i_ptm 0.56 energy -5.21
  seq=DAGRWLWVVWWQRDC  loss=-0.9179  loss_af=3.7743  energy=-5.2136  i_ptm=0.5596
[2/30] seed=1 ...
1 models [2] recycles 0 hard 0 soft 1 temp 1 loss 6.00 i_con 5.55 plddt 0.22 ptm 0.85 i_ptm 0.18 energy 7.40
2 models [1] recycles 0 hard 0 soft 1 temp 1 loss 5.43 i_con 5.00 plddt 0.21 ptm 0.86 i_ptm 0.14 energy 7.13
3 models [1] recycles 0 hard 0 soft 1 temp 1 loss 4.73 i_con 4.30 plddt 0.24 ptm 0.86 i_ptm 0.20 energy 7.05
4 models [2] recycles 0 hard 0 soft 1 temp 1 loss 4.23 i_con 3.83 plddt 0.38 ptm 0.87 i_ptm 0.43 energy 6.70
5 models [2] recycles 0 hard 0 soft 1 temp 1 loss 4.36 i_con 3.99 plddt 0.29 ptm 0.86 i_ptm 0.34 energy 6.00
6 models [4] recycles 0 hard 0 soft 1 temp 1 loss 4.38 i_con 4.04 plddt 0.28 ptm 0.87 i_ptm 0.34 energy 5.33
7 models [3] recycles 0 hard 0 soft 1 temp 1 loss 4.09 i_con 3.76 plddt 0.35 ptm 0.86 i_ptm 0.43 energy 5.20
8 models [0] recycles 0 hard 0 soft 1 temp 1 loss 4.60 i_con 4.30 plddt 0.25 ptm 0.83 i_ptm 0.25 energy 4.45
9 models [0] recycles 0 hard 0 soft 1 temp 1 loss 4.52 i_con 4.24 plddt 0.28 ptm 0.83 i_ptm 0.27 energy 4.08
10 models [3] recycles 0 hard 0 soft 1 temp 1 loss 4.25 i_con 3.99 plddt 0.30 ptm 0.85 i_ptm 0.33 energy 3.85
11 models [1] recycles 0 hard 0 soft 1 temp 1 loss 5.43 i_con 5.16 plddt 0.22 ptm 0.86 i_ptm 0.16 energy 3.84
12 models [0] recycles 0 hard 0 soft 1 temp 1 loss 4.45 i_con 4.19 plddt 0.28 ptm 0.83 i_ptm 0.28 energy 3.77
13 models [0] recycles 0 hard 0 soft 1 temp 1 loss 4.32 i_con 4.09 plddt 0.30 ptm 0.84 i_ptm 0.36 energy 3.32
14 models [1] recycles 0 hard 0 soft 1 temp 1 loss 4.45 i_con 4.23 plddt 0.25 ptm 0.86 i_ptm 0.24 energy 2.91
15 models [1] recycles 0 hard 0 soft 1 temp 1 loss 5.50 i_con 5.28 plddt 0.25 ptm 0.85 i_ptm 0.20 energy 2.89
16 models [4] recycles 0 hard 0 soft 1 temp 1 loss 4.06 i_con 3.85 plddt 0.34 ptm 0.88 i_ptm 0.43 energy 2.79
17 models [2] recycles 0 hard 0 soft 1 temp 1 loss 4.00 i_con 3.81 plddt 0.37 ptm 0.86 i_ptm 0.42 energy 2.54
18 models [1] recycles 0 hard 0 soft 1 temp 1 loss 4.33 i_con 4.14 plddt 0.26 ptm 0.86 i_ptm 0.27 energy 2.23
19 models [3] recycles 0 hard 0 soft 1 temp 1 loss 3.92 i_con 3.75 plddt 0.34 ptm 0.86 i_ptm 0.44 energy 2.06
20 models [3] recycles 0 hard 0 soft 1 temp 1 loss 3.89 i_con 3.73 plddt 0.36 ptm 0.86 i_ptm 0.44 energy 1.89
21 models [1] recycles 0 hard 0 soft 1 temp 1 loss 4.39 i_con 4.24 plddt 0.26 ptm 0.86 i_ptm 0.22 energy 1.53
22 models [2] recycles 0 hard 0 soft 1 temp 1 loss 3.98 i_con 3.84 plddt 0.33 ptm 0.86 i_ptm 0.41 energy 1.49
23 models [2] recycles 0 hard 0 soft 1 temp 1 loss 3.89 i_con 3.76 plddt 0.35 ptm 0.87 i_ptm 0.46 energy 1.16
24 models [3] recycles 0 hard 0 soft 1 temp 1 loss 3.92 i_con 3.80 plddt 0.33 ptm 0.86 i_ptm 0.42 energy 0.94
25 models [1] recycles 0 hard 0 soft 1 temp 1 loss 4.22 i_con 4.12 plddt 0.27 ptm 0.86 i_ptm 0.27 energy 0.50
26 models [4] recycles 0 hard 0 soft 1 temp 1 loss 4.03 i_con 3.95 plddt 0.28 ptm 0.88 i_ptm 0.36 energy 0.18
27 models [4] recycles 0 hard 0 soft 1 temp 1 loss 3.88 i_con 3.82 plddt 0.33 ptm 0.88 i_ptm 0.41 energy 0.01
28 models [2] recycles 0 hard 0 soft 1 temp 1 loss 3.79 i_con 3.73 plddt 0.36 ptm 0.87 i_ptm 0.46 energy -0.21
29 models [0] recycles 0 hard 0 soft 1 temp 1 loss 3.92 i_con 3.88 plddt 0.33 ptm 0.85 i_ptm 0.43 energy -0.56
30 models [0] recycles 0 hard 0 soft 1 temp 1 loss 3.90 i_con 3.88 plddt 0.34 ptm 0.85 i_ptm 0.40 energy -0.95
31 models [2] recycles 0 hard 0 soft 1 temp 1 loss 3.71 i_con 3.70 plddt 0.36 ptm 0.87 i_ptm 0.52 energy -1.19
32 models [4] recycles 0 hard 0 soft 1 temp 1 loss 3.76 i_con 3.78 plddt 0.34 ptm 0.88 i_ptm 0.44 energy -1.65
33 models [0] recycles 0 hard 0 soft 1 temp 1 loss 3.87 i_con 3.89 plddt 0.34 ptm 0.84 i_ptm 0.39 energy -1.83
34 models [3] recycles 0 hard 0 soft 1 temp 1 loss 3.72 i_con 3.76 plddt 0.35 ptm 0.86 i_ptm 0.45 energy -2.18
35 models [3] recycles 0 hard 0 soft 1 temp 1 loss 3.63 i_con 3.68 plddt 0.37 ptm 0.86 i_ptm 0.47 energy -2.26
36 models [1] recycles 0 hard 0 soft 1 temp 1 loss 3.84 i_con 3.89 plddt 0.32 ptm 0.87 i_ptm 0.39 energy -2.40
37 models [2] recycles 0 hard 0 soft 1 temp 1 loss 3.64 i_con 3.71 plddt 0.38 ptm 0.87 i_ptm 0.51 energy -2.59
38 models [0] recycles 0 hard 0 soft 1 temp 1 loss 3.82 i_con 3.88 plddt 0.33 ptm 0.85 i_ptm 0.44 energy -2.66
39 models [3] recycles 0 hard 0 soft 1 temp 1 loss 3.66 i_con 3.73 plddt 0.35 ptm 0.87 i_ptm 0.45 energy -2.81
40 models [3] recycles 0 hard 0 soft 1 temp 1 loss 3.63 i_con 3.71 plddt 0.36 ptm 0.87 i_ptm 0.46 energy -2.87
41 models [0] recycles 0 hard 0 soft 1 temp 1 loss 3.81 i_con 3.89 plddt 0.33 ptm 0.85 i_ptm 0.38 energy -2.87
42 models [2] recycles 0 hard 0 soft 1 temp 1 loss 3.70 i_con 3.78 plddt 0.35 ptm 0.87 i_ptm 0.45 energy -2.91
43 models [0] recycles 0 hard 0 soft 1 temp 1 loss 3.77 i_con 3.85 plddt 0.37 ptm 0.85 i_ptm 0.40 energy -2.99
44 models [2] recycles 0 hard 0 soft 1 temp 1 loss 3.61 i_con 3.69 plddt 0.39 ptm 0.87 i_ptm 0.51 energy -2.99
45 models [1] recycles 0 hard 0 soft 1 temp 1 loss 3.68 i_con 3.76 plddt 0.32 ptm 0.88 i_ptm 0.47 energy -2.96
46 models [1] recycles 0 hard 0 soft 1 temp 1 loss 3.93 i_con 4.01 plddt 0.30 ptm 0.86 i_ptm 0.34 energy -3.04
47 models [2] recycles 0 hard 0 soft 1 temp 1 loss 3.62 i_con 3.71 plddt 0.39 ptm 0.87 i_ptm 0.49 energy -2.97
48 models [4] recycles 0 hard 0 soft 1 temp 1 loss 3.59 i_con 3.68 plddt 0.37 ptm 0.88 i_ptm 0.50 energy -3.08
49 models [1] recycles 0 hard 0 soft 1 temp 1 loss 4.37 i_con 4.45 plddt 0.22 ptm 0.85 i_ptm 0.17 energy -3.11
50 models [1] recycles 0 hard 0 soft 1 temp 1 loss 4.36 i_con 4.43 plddt 0.22 ptm 0.85 i_ptm 0.16 energy -3.09
51 models [4] recycles 0 hard 0 soft 1 temp 1 loss 3.42 i_con 3.66 plddt 0.40 ptm 0.89 i_ptm 0.53 energy -2.95
52 models [4] recycles 0 hard 0 soft 1 temp 1 loss 3.37 i_con 3.63 plddt 0.41 ptm 0.88 i_ptm 0.52 energy -3.12
53 models [0] recycles 0 hard 0 soft 1 temp 1 loss 3.57 i_con 3.83 plddt 0.36 ptm 0.85 i_ptm 0.45 energy -3.31
54 models [0] recycles 0 hard 0 soft 1 temp 1 loss 3.55 i_con 3.83 plddt 0.36 ptm 0.85 i_ptm 0.41 energy -3.42
55 models [2] recycles 0 hard 0 soft 1 temp 1 loss 3.36 i_con 3.65 plddt 0.42 ptm 0.87 i_ptm 0.54 energy -3.54
56 models [4] recycles 0 hard 0 soft 1 temp 1 loss 3.41 i_con 3.72 plddt 0.36 ptm 0.89 i_ptm 0.48 energy -3.67
57 models [1] recycles 0 hard 0 soft 1 temp 1 loss 3.61 i_con 3.91 plddt 0.33 ptm 0.87 i_ptm 0.39 energy -3.69
58 models [1] recycles 0 hard 0 soft 1 temp 1 loss 3.68 i_con 3.98 plddt 0.30 ptm 0.86 i_ptm 0.36 energy -3.74
59 models [1] recycles 0 hard 0 soft 1 temp 1 loss 3.72 i_con 4.04 plddt 0.31 ptm 0.86 i_ptm 0.34 energy -3.86
60 models [0] recycles 0 hard 0 soft 1 temp 1 loss 3.51 i_con 3.85 plddt 0.37 ptm 0.85 i_ptm 0.42 energy -3.97
61 models [4] recycles 0 hard 0 soft 1 temp 1 loss 3.33 i_con 3.66 plddt 0.39 ptm 0.88 i_ptm 0.50 energy -4.00
62 models [0] recycles 0 hard 0 soft 1 temp 1 loss 3.51 i_con 3.86 plddt 0.37 ptm 0.85 i_ptm 0.43 energy -4.13
63 models [2] recycles 0 hard 0 soft 1 temp 1 loss 3.31 i_con 3.67 plddt 0.42 ptm 0.87 i_ptm 0.52 energy -4.19
64 models [4] recycles 0 hard 0 soft 1 temp 1 loss 3.26 i_con 3.63 plddt 0.41 ptm 0.89 i_ptm 0.56 energy -4.24
65 models [0] recycles 0 hard 0 soft 1 temp 1 loss 3.38 i_con 3.75 plddt 0.40 ptm 0.86 i_ptm 0.49 energy -4.33
66 models [2] recycles 0 hard 0 soft 1 temp 1 loss 3.29 i_con 3.66 plddt 0.43 ptm 0.88 i_ptm 0.55 energy -4.27
67 models [3] recycles 0 hard 0 soft 1 temp 1 loss 3.27 i_con 3.65 plddt 0.40 ptm 0.86 i_ptm 0.51 energy -4.35
68 models [3] recycles 0 hard 0 soft 1 temp 1 loss 3.17 i_con 3.56 plddt 0.42 ptm 0.87 i_ptm 0.56 energy -4.46
69 models [4] recycles 0 hard 0 soft 1 temp 1 loss 3.19 i_con 3.58 plddt 0.40 ptm 0.88 i_ptm 0.52 energy -4.53
70 models [2] recycles 0 hard 0 soft 1 temp 1 loss 3.25 i_con 3.65 plddt 0.43 ptm 0.87 i_ptm 0.54 energy -4.62
71 models [2] recycles 0 hard 0 soft 1 temp 1 loss 3.26 i_con 3.68 plddt 0.41 ptm 0.87 i_ptm 0.53 energy -4.72
72 models [1] recycles 0 hard 0 soft 1 temp 1 loss 3.63 i_con 4.04 plddt 0.33 ptm 0.87 i_ptm 0.35 energy -4.74
73 models [4] recycles 0 hard 0 soft 1 temp 1 loss 3.32 i_con 3.73 plddt 0.38 ptm 0.88 i_ptm 0.50 energy -4.74
74 models [3] recycles 0 hard 0 soft 1 temp 1 loss 3.24 i_con 3.66 plddt 0.39 ptm 0.86 i_ptm 0.50 energy -4.79
75 models [2] recycles 0 hard 0 soft 1 temp 1 loss 3.18 i_con 3.61 plddt 0.45 ptm 0.87 i_ptm 0.58 energy -4.83
76 models [4] recycles 0 hard 0 soft 1 temp 1 loss 3.27 i_con 3.69 plddt 0.36 ptm 0.89 i_ptm 0.51 energy -4.92
77 models [0] recycles 0 hard 0 soft 1 temp 1 loss 3.48 i_con 3.91 plddt 0.36 ptm 0.85 i_ptm 0.42 energy -4.95
78 models [3] recycles 0 hard 0 soft 1 temp 1 loss 3.26 i_con 3.70 plddt 0.36 ptm 0.86 i_ptm 0.50 energy -5.04
79 models [3] recycles 0 hard 0 soft 1 temp 1 loss 3.23 i_con 3.67 plddt 0.39 ptm 0.86 i_ptm 0.51 energy -5.01
80 models [3] recycles 0 hard 0 soft 1 temp 1 loss 3.12 i_con 3.57 plddt 0.39 ptm 0.87 i_ptm 0.54 energy -5.11
81 models [4] recycles 0 hard 0 soft 1 temp 1 loss 3.13 i_con 3.59 plddt 0.43 ptm 0.89 i_ptm 0.57 energy -5.18
82 models [3] recycles 0 hard 0 soft 1 temp 1 loss 3.23 i_con 3.69 plddt 0.39 ptm 0.86 i_ptm 0.50 energy -5.23
83 models [4] recycles 0 hard 0 soft 1 temp 1 loss 3.18 i_con 3.64 plddt 0.36 ptm 0.89 i_ptm 0.52 energy -5.25
84 models [1] recycles 0 hard 0 soft 1 temp 1 loss 3.55 i_con 4.01 plddt 0.29 ptm 0.87 i_ptm 0.36 energy -5.31
85 models [4] recycles 0 hard 0 soft 1 temp 1 loss 3.12 i_con 3.59 plddt 0.41 ptm 0.89 i_ptm 0.56 energy -5.33
86 models [0] recycles 0 hard 0 soft 1 temp 1 loss 3.39 i_con 3.85 plddt 0.35 ptm 0.85 i_ptm 0.43 energy -5.28
87 models [4] recycles 0 hard 0 soft 1 temp 1 loss 3.44 i_con 3.91 plddt 0.35 ptm 0.87 i_ptm 0.40 energy -5.42
88 models [3] recycles 0 hard 0 soft 1 temp 1 loss 3.17 i_con 3.65 plddt 0.41 ptm 0.86 i_ptm 0.53 energy -5.39
89 models [3] recycles 0 hard 0 soft 1 temp 1 loss 3.13 i_con 3.62 plddt 0.40 ptm 0.86 i_ptm 0.52 energy -5.52
90 models [0] recycles 0 hard 0 soft 1 temp 1 loss 3.30 i_con 3.80 plddt 0.37 ptm 0.85 i_ptm 0.46 energy -5.64
91 models [3] recycles 0 hard 0 soft 1 temp 1 loss 3.23 i_con 3.72 plddt 0.37 ptm 0.86 i_ptm 0.49 energy -5.60
92 models [3] recycles 0 hard 0 soft 1 temp 1 loss 3.19 i_con 3.69 plddt 0.39 ptm 0.87 i_ptm 0.50 energy -5.57
93 models [1] recycles 0 hard 0 soft 1 temp 1 loss 3.32 i_con 3.82 plddt 0.36 ptm 0.86 i_ptm 0.44 energy -5.64
94 models [2] recycles 0 hard 0 soft 1 temp 1 loss 3.22 i_con 3.72 plddt 0.41 ptm 0.87 i_ptm 0.51 energy -5.61
95 models [2] recycles 0 hard 0 soft 1 temp 1 loss 3.11 i_con 3.63 plddt 0.44 ptm 0.87 i_ptm 0.55 energy -5.75
96 models [4] recycles 0 hard 0 soft 1 temp 1 loss 3.19 i_con 3.71 plddt 0.39 ptm 0.88 i_ptm 0.51 energy -5.80
97 models [0] recycles 0 hard 0 soft 1 temp 1 loss 3.23 i_con 3.76 plddt 0.38 ptm 0.85 i_ptm 0.49 energy -5.92
98 models [0] recycles 0 hard 0 soft 1 temp 1 loss 3.21 i_con 3.73 plddt 0.39 ptm 0.86 i_ptm 0.50 energy -5.87
99 models [3] recycles 0 hard 0 soft 1 temp 1 loss 3.06 i_con 3.59 plddt 0.39 ptm 0.87 i_ptm 0.52 energy -5.93
100 models [3] recycles 0 hard 0 soft 1 temp 1 loss 3.05 i_con 3.59 plddt 0.43 ptm 0.86 i_ptm 0.52 energy -5.96
101 models [2] recycles 0 hard 0 soft 0 temp 1 loss -16.69 i_con 0.93 plddt 0.40 ptm 0.59 i_ptm 0.62 energy -35.37
102 models [2] recycles 0 hard 0 soft 0 temp 0.98 loss -12.96 i_con 4.63 plddt 0.16 ptm 0.18 i_ptm 0.23 energy -35.33
103 models [3] recycles 0 hard 0 soft 0 temp 0.96 loss -12.90 i_con 5.04 plddt 0.18 ptm 0.75 i_ptm 0.20 energy -36.06
104 models [2] recycles 0 hard 0 soft 0 temp 0.94 loss -14.00 i_con 4.10 plddt 0.13 ptm 0.32 i_ptm 0.46 energy -36.36
105 models [3] recycles 0 hard 0 soft 0 temp 0.92 loss -16.68 i_con 1.87 plddt 0.35 ptm 0.72 i_ptm 0.72 energy -37.22
106 models [0] recycles 0 hard 0 soft 0 temp 0.90 loss -13.70 i_con 4.83 plddt 0.22 ptm 0.82 i_ptm 0.09 energy -37.21
107 models [0] recycles 0 hard 0 soft 0 temp 0.88 loss -14.50 i_con 4.16 plddt 0.25 ptm 0.84 i_ptm 0.24 energy -37.47
108 models [1] recycles 0 hard 0 soft 0 temp 0.86 loss -13.52 i_con 6.18 plddt 0.28 ptm 0.86 i_ptm 0.15 energy -39.53
109 models [0] recycles 0 hard 0 soft 0 temp 0.84 loss -15.99 i_con 4.66 plddt 0.25 ptm 0.84 i_ptm 0.18 energy -41.45
110 models [0] recycles 0 hard 0 soft 0 temp 0.82 loss -17.52 i_con 4.23 plddt 0.26 ptm 0.84 i_ptm 0.25 energy -43.63
111 models [2] recycles 0 hard 0 soft 0 temp 0.80 loss -17.20 i_con 5.63 plddt 0.23 ptm 0.85 i_ptm 0.12 energy -45.82
112 models [1] recycles 0 hard 0 soft 0 temp 0.78 loss -18.30 i_con 4.73 plddt 0.18 ptm 0.35 i_ptm 0.26 energy -46.23
113 models [0] recycles 0 hard 0 soft 0 temp 0.76 loss -18.50 i_con 5.01 plddt 0.25 ptm 0.81 i_ptm 0.11 energy -47.16
114 models [0] recycles 0 hard 0 soft 0 temp 0.74 loss -19.71 i_con 4.22 plddt 0.26 ptm 0.85 i_ptm 0.25 energy -48.01
115 models [1] recycles 0 hard 0 soft 0 temp 0.72 loss -18.82 i_con 6.17 plddt 0.28 ptm 0.86 i_ptm 0.18 energy -50.13
116 models [1] recycles 0 hard 0 soft 0 temp 0.70 loss -20.54 i_con 5.55 plddt 0.24 ptm 0.86 i_ptm 0.13 energy -52.32
117 models [3] recycles 0 hard 0 soft 0 temp 0.68 loss -20.84 i_con 5.92 plddt 0.23 ptm 0.85 i_ptm 0.14 energy -53.67
118 models [2] recycles 0 hard 0 soft 0 temp 0.66 loss -21.74 i_con 5.30 plddt 0.19 ptm 0.37 i_ptm 0.08 energy -54.24
119 models [3] recycles 0 hard 0 soft 0 temp 0.64 loss -22.31 i_con 4.86 plddt 0.22 ptm 0.86 i_ptm 0.18 energy -54.49
120 models [0] recycles 0 hard 0 soft 0 temp 0.62 loss -23.10 i_con 4.44 plddt 0.24 ptm 0.84 i_ptm 0.17 energy -55.24
121 models [3] recycles 0 hard 0 soft 0 temp 0.60 loss -22.75 i_con 5.38 plddt 0.20 ptm 0.86 i_ptm 0.11 energy -56.42
122 models [4] recycles 0 hard 0 soft 0 temp 0.58 loss -23.56 i_con 5.08 plddt 0.15 ptm 0.57 i_ptm 0.29 energy -57.45
123 models [3] recycles 0 hard 0 soft 0 temp 0.56 loss -23.62 i_con 5.19 plddt 0.21 ptm 0.84 i_ptm 0.12 energy -57.79
124 models [3] recycles 0 hard 0 soft 0 temp 0.54 loss -23.90 i_con 4.96 plddt 0.19 ptm 0.83 i_ptm 0.10 energy -57.89
125 models [3] recycles 0 hard 0 soft 0 temp 0.52 loss -24.38 i_con 5.19 plddt 0.19 ptm 0.84 i_ptm 0.11 energy -59.31
126 models [0] recycles 0 hard 0 soft 0 temp 0.50 loss -24.80 i_con 5.48 plddt 0.21 ptm 0.73 i_ptm 0.15 energy -60.72
127 models [2] recycles 0 hard 0 soft 0 temp 0.48 loss -27.02 i_con 3.39 plddt 0.24 ptm 0.47 i_ptm 0.70 energy -60.97
128 models [4] recycles 0 hard 0 soft 0 temp 0.46 loss -25.82 i_con 5.04 plddt 0.15 ptm 0.18 i_ptm 0.23 energy -61.89
129 models [0] recycles 0 hard 0 soft 0 temp 0.44 loss -25.91 i_con 5.45 plddt 0.24 ptm 0.82 i_ptm 0.10 energy -62.87
130 models [0] recycles 0 hard 0 soft 0 temp 0.42 loss -26.76 i_con 4.80 plddt 0.24 ptm 0.84 i_ptm 0.14 energy -63.27
131 models [1] recycles 0 hard 0 soft 0 temp 0.40 loss -25.99 i_con 6.07 plddt 0.25 ptm 0.86 i_ptm 0.14 energy -64.28
132 models [1] recycles 0 hard 0 soft 0 temp 0.38 loss -26.92 i_con 6.12 plddt 0.25 ptm 0.86 i_ptm 0.13 energy -66.23
133 models [1] recycles 0 hard 0 soft 0 temp 0.36 loss -27.99 i_con 6.10 plddt 0.24 ptm 0.86 i_ptm 0.12 energy -68.35
134 models [2] recycles 0 hard 0 soft 0 temp 0.34 loss -28.90 i_con 6.16 plddt 0.20 ptm 0.87 i_ptm 0.11 energy -70.27
135 models [4] recycles 0 hard 0 soft 0 temp 0.32 loss -29.98 i_con 5.64 plddt 0.18 ptm 0.82 i_ptm 0.08 energy -71.41
136 models [0] recycles 0 hard 0 soft 0 temp 0.30 loss -31.43 i_con 4.65 plddt 0.22 ptm 0.84 i_ptm 0.14 energy -72.32
137 models [3] recycles 0 hard 0 soft 0 temp 0.28 loss -31.71 i_con 5.22 plddt 0.20 ptm 0.80 i_ptm 0.06 energy -74.02
138 models [4] recycles 0 hard 0 soft 0 temp 0.26 loss -31.93 i_con 5.76 plddt 0.18 ptm 0.87 i_ptm 0.09 energy -75.55
139 models [0] recycles 0 hard 0 soft 0 temp 0.24 loss -32.86 i_con 5.25 plddt 0.22 ptm 0.83 i_ptm 0.12 energy -76.39
140 models [2] recycles 0 hard 0 soft 0 temp 0.22 loss -32.87 i_con 6.13 plddt 0.24 ptm 0.85 i_ptm 0.12 energy -78.14
141 models [4] recycles 0 hard 0 soft 0 temp 0.20 loss -33.29 i_con 6.26 plddt 0.21 ptm 0.85 i_ptm 0.09 energy -79.25
142 models [4] recycles 0 hard 0 soft 0 temp 0.18 loss -33.83 i_con 5.92 plddt 0.20 ptm 0.88 i_ptm 0.10 energy -79.65
143 models [1] recycles 0 hard 0 soft 0 temp 0.16 loss -34.81 i_con 5.10 plddt 0.21 ptm 0.83 i_ptm 0.08 energy -79.98
144 models [1] recycles 0 hard 0 soft 0 temp 0.14 loss -34.84 i_con 5.57 plddt 0.22 ptm 0.84 i_ptm 0.08 energy -80.97
145 models [1] recycles 0 hard 0 soft 0 temp 0.12 loss -34.91 i_con 5.83 plddt 0.21 ptm 0.86 i_ptm 0.09 energy -81.63
146 models [3] recycles 0 hard 0 soft 0 temp 0.10 loss -35.51 i_con 5.74 plddt 0.21 ptm 0.85 i_ptm 0.12 energy -82.65
147 models [1] recycles 0 hard 0 soft 0 temp 0.08 loss -36.01 i_con 5.44 plddt 0.18 ptm 0.72 i_ptm 0.09 energy -83.05
148 models [2] recycles 0 hard 0 soft 0 temp 0.06 loss -36.55 i_con 5.10 plddt 0.19 ptm 0.15 i_ptm 0.30 energy -83.46
149 models [3] recycles 0 hard 0 soft 0 temp 0.04 loss -37.10 i_con 5.46 plddt 0.18 ptm 0.85 i_ptm 0.13 energy -85.27
150 models [4] recycles 0 hard 0 soft 0 temp 0.02 loss -37.76 i_con 5.52 plddt 0.19 ptm 0.84 i_ptm 0.07 energy -86.71
151 models [2] recycles 0 hard 1 soft 0 temp 0.00 loss -1.51 i_con 3.70 plddt 0.33 ptm 0.87 i_ptm 0.51 energy -5.86
152 models [2] recycles 0 hard 1 soft 0 temp 0.00 loss -1.51 i_con 3.70 plddt 0.33 ptm 0.87 i_ptm 0.51 energy -5.86
153 models [3] recycles 0 hard 1 soft 0 temp 0.00 loss -1.49 i_con 3.72 plddt 0.31 ptm 0.86 i_ptm 0.48 energy -5.86
154 models [0] recycles 0 hard 1 soft 0 temp 0.00 loss -0.21 i_con 4.99 plddt 0.29 ptm 0.84 i_ptm 0.37 energy -5.86
155 models [4] recycles 0 hard 1 soft 0 temp 0.00 loss -0.12 i_con 5.08 plddt 0.24 ptm 0.88 i_ptm 0.29 energy -5.86
156 models [2] recycles 0 hard 1 soft 0 temp 0.00 loss -1.51 i_con 3.70 plddt 0.33 ptm 0.87 i_ptm 0.51 energy -5.86
157 models [3] recycles 0 hard 1 soft 0 temp 0.00 loss -1.49 i_con 3.72 plddt 0.31 ptm 0.86 i_ptm 0.48 energy -5.86
158 models [1] recycles 0 hard 1 soft 0 temp 0.00 loss 0.37 i_con 5.60 plddt 0.54 ptm 0.88 i_ptm 0.67 energy -5.86
159 models [0] recycles 0 hard 1 soft 0 temp 0.00 loss -0.21 i_con 4.99 plddt 0.29 ptm 0.84 i_ptm 0.37 energy -5.86
160 models [1] recycles 0 hard 1 soft 0 temp 0.00 loss 0.37 i_con 5.60 plddt 0.54 ptm 0.88 i_ptm 0.67 energy -5.86
161 models [4] recycles 0 hard 1 soft 0 temp 0.00 loss -0.12 i_con 5.08 plddt 0.24 ptm 0.88 i_ptm 0.29 energy -5.86
162 models [1] recycles 0 hard 1 soft 0 temp 0.00 loss 0.37 i_con 5.60 plddt 0.54 ptm 0.88 i_ptm 0.67 energy -5.86
163 models [3] recycles 0 hard 1 soft 0 temp 0.00 loss -1.49 i_con 3.72 plddt 0.31 ptm 0.86 i_ptm 0.48 energy -5.86
164 models [3] recycles 0 hard 1 soft 0 temp 0.00 loss -1.49 i_con 3.72 plddt 0.31 ptm 0.86 i_ptm 0.48 energy -5.86
165 models [3] recycles 0 hard 1 soft 0 temp 0.00 loss -1.49 i_con 3.72 plddt 0.31 ptm 0.86 i_ptm 0.48 energy -5.86
166 models [1] recycles 0 hard 1 soft 0 temp 0.00 loss 0.37 i_con 5.60 plddt 0.54 ptm 0.88 i_ptm 0.67 energy -5.86
167 models [1] recycles 0 hard 1 soft 0 temp 0.00 loss 0.37 i_con 5.60 plddt 0.54 ptm 0.88 i_ptm 0.67 energy -5.86
168 models [0] recycles 0 hard 1 soft 0 temp 0.00 loss -0.21 i_con 4.99 plddt 0.29 ptm 0.84 i_ptm 0.37 energy -5.86
169 models [3] recycles 0 hard 1 soft 0 temp 0.00 loss -1.49 i_con 3.72 plddt 0.31 ptm 0.86 i_ptm 0.48 energy -5.86
170 models [0] recycles 0 hard 1 soft 0 temp 0.00 loss -0.21 i_con 4.99 plddt 0.29 ptm 0.84 i_ptm 0.37 energy -5.86
171 models [0] recycles 0 hard 1 soft 0 temp 0.00 loss -0.21 i_con 4.99 plddt 0.29 ptm 0.84 i_ptm 0.37 energy -5.86
172 models [0] recycles 0 hard 1 soft 0 temp 0.00 loss -0.21 i_con 4.99 plddt 0.29 ptm 0.84 i_ptm 0.37 energy -5.86
173 models [4] recycles 0 hard 1 soft 0 temp 0.00 loss -0.12 i_con 5.08 plddt 0.24 ptm 0.88 i_ptm 0.29 energy -5.86
174 models [3] recycles 0 hard 1 soft 0 temp 0.00 loss -1.49 i_con 3.72 plddt 0.31 ptm 0.86 i_ptm 0.48 energy -5.86
175 models [1] recycles 0 hard 1 soft 0 temp 0.00 loss 0.37 i_con 5.60 plddt 0.54 ptm 0.88 i_ptm 0.67 energy -5.86
176 models [1] recycles 0 hard 1 soft 0 temp 0.00 loss 0.37 i_con 5.60 plddt 0.54 ptm 0.88 i_ptm 0.67 energy -5.86
177 models [3] recycles 0 hard 1 soft 0 temp 0.00 loss -1.49 i_con 3.72 plddt 0.31 ptm 0.86 i_ptm 0.48 energy -5.86
178 models [1] recycles 0 hard 1 soft 0 temp 0.00 loss 0.37 i_con 5.60 plddt 0.54 ptm 0.88 i_ptm 0.67 energy -5.86
179 models [2] recycles 0 hard 1 soft 0 temp 0.00 loss -1.51 i_con 3.70 plddt 0.33 ptm 0.87 i_ptm 0.51 energy -5.86
180 models [0] recycles 0 hard 1 soft 0 temp 0.00 loss -0.21 i_con 4.99 plddt 0.29 ptm 0.84 i_ptm 0.37 energy -5.86
  seq=DWFWWSMDLDSNKDA  loss=-0.2137  loss_af=5.0639  energy=-5.8640  i_ptm=0.3741
[3/30] seed=2 ...
1 models [0] recycles 0 hard 0 soft 1 temp 1 loss 4.74 i_con 4.30 plddt 0.26 ptm 0.83 i_ptm 0.24 energy 7.37
2 models [4] recycles 0 hard 0 soft 1 temp 1 loss 4.55 i_con 4.13 plddt 0.27 ptm 0.88 i_ptm 0.33 energy 6.95
3 models [3] recycles 0 hard 0 soft 1 temp 1 loss 4.20 i_con 3.79 plddt 0.31 ptm 0.86 i_ptm 0.44 energy 6.67
4 models [0] recycles 0 hard 0 soft 1 temp 1 loss 4.39 i_con 4.02 plddt 0.28 ptm 0.84 i_ptm 0.35 energy 5.87
5 models [1] recycles 0 hard 0 soft 1 temp 1 loss 4.44 i_con 4.10 plddt 0.26 ptm 0.87 i_ptm 0.30 energy 5.43
6 models [4] recycles 0 hard 0 soft 1 temp 1 loss 4.42 i_con 4.10 plddt 0.28 ptm 0.87 i_ptm 0.34 energy 4.98
7 models [3] recycles 0 hard 0 soft 1 temp 1 loss 4.12 i_con 3.82 plddt 0.33 ptm 0.85 i_ptm 0.43 energy 4.70
8 models [4] recycles 0 hard 0 soft 1 temp 1 loss 4.21 i_con 3.94 plddt 0.30 ptm 0.88 i_ptm 0.41 energy 3.95
9 models [3] recycles 0 hard 0 soft 1 temp 1 loss 3.98 i_con 3.75 plddt 0.35 ptm 0.87 i_ptm 0.49 energy 3.40
10 models [3] recycles 0 hard 0 soft 1 temp 1 loss 3.97 i_con 3.76 plddt 0.36 ptm 0.86 i_ptm 0.48 energy 2.77
11 models [1] recycles 0 hard 0 soft 1 temp 1 loss 5.15 i_con 4.95 plddt 0.21 ptm 0.86 i_ptm 0.10 energy 2.51
12 models [3] recycles 0 hard 0 soft 1 temp 1 loss 3.89 i_con 3.70 plddt 0.40 ptm 0.86 i_ptm 0.52 energy 2.54
13 models [2] recycles 0 hard 0 soft 1 temp 1 loss 4.02 i_con 3.84 plddt 0.36 ptm 0.87 i_ptm 0.47 energy 2.22
14 models [1] recycles 0 hard 0 soft 1 temp 1 loss 4.24 i_con 4.07 plddt 0.28 ptm 0.86 i_ptm 0.32 energy 2.03
15 models [1] recycles 0 hard 0 soft 1 temp 1 loss 5.05 i_con 4.87 plddt 0.20 ptm 0.85 i_ptm 0.11 energy 1.99
16 models [4] recycles 0 hard 0 soft 1 temp 1 loss 4.03 i_con 3.86 plddt 0.34 ptm 0.88 i_ptm 0.45 energy 2.07
17 models [3] recycles 0 hard 0 soft 1 temp 1 loss 3.76 i_con 3.61 plddt 0.38 ptm 0.87 i_ptm 0.54 energy 1.84
18 models [2] recycles 0 hard 0 soft 1 temp 1 loss 4.06 i_con 3.91 plddt 0.36 ptm 0.87 i_ptm 0.44 energy 1.62
19 models [2] recycles 0 hard 0 soft 1 temp 1 loss 4.17 i_con 4.03 plddt 0.33 ptm 0.86 i_ptm 0.36 energy 1.45
20 models [4] recycles 0 hard 0 soft 1 temp 1 loss 4.12 i_con 3.99 plddt 0.32 ptm 0.88 i_ptm 0.37 energy 1.20
21 models [3] recycles 0 hard 0 soft 1 temp 1 loss 3.72 i_con 3.60 plddt 0.41 ptm 0.87 i_ptm 0.57 energy 1.16
22 models [3] recycles 0 hard 0 soft 1 temp 1 loss 3.70 i_con 3.59 plddt 0.41 ptm 0.87 i_ptm 0.55 energy 1.04
23 models [0] recycles 0 hard 0 soft 1 temp 1 loss 3.97 i_con 3.86 plddt 0.38 ptm 0.84 i_ptm 0.43 energy 1.00
24 models [4] recycles 0 hard 0 soft 1 temp 1 loss 3.98 i_con 3.88 plddt 0.36 ptm 0.88 i_ptm 0.47 energy 0.78
25 models [3] recycles 0 hard 0 soft 1 temp 1 loss 3.80 i_con 3.70 plddt 0.37 ptm 0.86 i_ptm 0.51 energy 0.83
26 models [1] recycles 0 hard 0 soft 1 temp 1 loss 4.03 i_con 3.93 plddt 0.31 ptm 0.86 i_ptm 0.39 energy 0.59
27 models [2] recycles 0 hard 0 soft 1 temp 1 loss 3.83 i_con 3.75 plddt 0.37 ptm 0.87 i_ptm 0.50 energy 0.33
28 models [2] recycles 0 hard 0 soft 1 temp 1 loss 3.75 i_con 3.70 plddt 0.40 ptm 0.87 i_ptm 0.56 energy -0.07
29 models [3] recycles 0 hard 0 soft 1 temp 1 loss 3.65 i_con 3.61 plddt 0.41 ptm 0.87 i_ptm 0.55 energy -0.39
30 models [2] recycles 0 hard 0 soft 1 temp 1 loss 3.81 i_con 3.77 plddt 0.38 ptm 0.87 i_ptm 0.50 energy -0.45
31 models [4] recycles 0 hard 0 soft 1 temp 1 loss 3.75 i_con 3.73 plddt 0.40 ptm 0.88 i_ptm 0.53 energy -0.79
32 models [4] recycles 0 hard 0 soft 1 temp 1 loss 3.76 i_con 3.76 plddt 0.41 ptm 0.89 i_ptm 0.53 energy -1.09
33 models [0] recycles 0 hard 0 soft 1 temp 1 loss 3.77 i_con 3.77 plddt 0.40 ptm 0.85 i_ptm 0.50 energy -1.21
34 models [1] recycles 0 hard 0 soft 1 temp 1 loss 4.54 i_con 4.55 plddt 0.29 ptm 0.85 i_ptm 0.18 energy -1.53
35 models [1] recycles 0 hard 0 soft 1 temp 1 loss 3.55 i_con 3.57 plddt 0.41 ptm 0.88 i_ptm 0.60 energy -1.59
36 models [3] recycles 0 hard 0 soft 1 temp 1 loss 3.49 i_con 3.52 plddt 0.46 ptm 0.87 i_ptm 0.62 energy -1.67
37 models [3] recycles 0 hard 0 soft 1 temp 1 loss 3.58 i_con 3.61 plddt 0.42 ptm 0.86 i_ptm 0.56 energy -1.63
38 models [0] recycles 0 hard 0 soft 1 temp 1 loss 3.88 i_con 3.91 plddt 0.38 ptm 0.84 i_ptm 0.43 energy -1.84
39 models [3] recycles 0 hard 0 soft 1 temp 1 loss 3.53 i_con 3.56 plddt 0.46 ptm 0.87 i_ptm 0.59 energy -1.73
40 models [3] recycles 0 hard 0 soft 1 temp 1 loss 3.51 i_con 3.55 plddt 0.41 ptm 0.87 i_ptm 0.59 energy -1.96
41 models [0] recycles 0 hard 0 soft 1 temp 1 loss 3.71 i_con 3.76 plddt 0.42 ptm 0.85 i_ptm 0.51 energy -2.11
42 models [3] recycles 0 hard 0 soft 1 temp 1 loss 4.51 i_con 4.56 plddt 0.31 ptm 0.85 i_ptm 0.28 energy -2.37
43 models [4] recycles 0 hard 0 soft 1 temp 1 loss 3.68 i_con 3.74 plddt 0.38 ptm 0.89 i_ptm 0.51 energy -2.46
44 models [1] recycles 0 hard 0 soft 1 temp 1 loss 3.75 i_con 3.80 plddt 0.35 ptm 0.87 i_ptm 0.47 energy -2.48
45 models [4] recycles 0 hard 0 soft 1 temp 1 loss 3.59 i_con 3.66 plddt 0.41 ptm 0.89 i_ptm 0.55 energy -2.52
46 models [4] recycles 0 hard 0 soft 1 temp 1 loss 3.65 i_con 3.72 plddt 0.42 ptm 0.89 i_ptm 0.52 energy -2.48
47 models [3] recycles 0 hard 0 soft 1 temp 1 loss 3.73 i_con 3.80 plddt 0.40 ptm 0.86 i_ptm 0.49 energy -2.63
48 models [3] recycles 0 hard 0 soft 1 temp 1 loss 3.37 i_con 3.44 plddt 0.45 ptm 0.87 i_ptm 0.63 energy -2.52
49 models [1] recycles 0 hard 0 soft 1 temp 1 loss 3.41 i_con 3.48 plddt 0.43 ptm 0.88 i_ptm 0.64 energy -2.49
50 models [4] recycles 0 hard 0 soft 1 temp 1 loss 3.74 i_con 3.80 plddt 0.39 ptm 0.88 i_ptm 0.49 energy -2.54
51 models [0] recycles 0 hard 0 soft 1 temp 1 loss 3.54 i_con 3.74 plddt 0.40 ptm 0.86 i_ptm 0.52 energy -2.63
52 models [0] recycles 0 hard 0 soft 1 temp 1 loss 3.47 i_con 3.68 plddt 0.38 ptm 0.85 i_ptm 0.56 energy -2.74
53 models [2] recycles 0 hard 0 soft 1 temp 1 loss 3.51 i_con 3.73 plddt 0.40 ptm 0.88 i_ptm 0.52 energy -2.84
54 models [2] recycles 0 hard 0 soft 1 temp 1 loss 3.45 i_con 3.69 plddt 0.42 ptm 0.87 i_ptm 0.54 energy -2.98
55 models [0] recycles 0 hard 0 soft 1 temp 1 loss 3.43 i_con 3.68 plddt 0.39 ptm 0.86 i_ptm 0.54 energy -3.10
56 models [2] recycles 0 hard 0 soft 1 temp 1 loss 3.27 i_con 3.53 plddt 0.43 ptm 0.88 i_ptm 0.61 energy -3.16
57 models [3] recycles 0 hard 0 soft 1 temp 1 loss 3.43 i_con 3.68 plddt 0.40 ptm 0.87 i_ptm 0.58 energy -3.02
58 models [1] recycles 0 hard 0 soft 1 temp 1 loss 3.51 i_con 3.76 plddt 0.42 ptm 0.88 i_ptm 0.51 energy -3.06
59 models [1] recycles 0 hard 0 soft 1 temp 1 loss 3.23 i_con 3.48 plddt 0.44 ptm 0.88 i_ptm 0.64 energy -3.06
60 models [3] recycles 0 hard 0 soft 1 temp 1 loss 3.33 i_con 3.58 plddt 0.41 ptm 0.87 i_ptm 0.61 energy -3.11
61 models [4] recycles 0 hard 0 soft 1 temp 1 loss 3.48 i_con 3.73 plddt 0.37 ptm 0.89 i_ptm 0.54 energy -3.08
62 models [2] recycles 0 hard 0 soft 1 temp 1 loss 3.36 i_con 3.62 plddt 0.42 ptm 0.88 i_ptm 0.58 energy -3.20
63 models [4] recycles 0 hard 0 soft 1 temp 1 loss 3.32 i_con 3.59 plddt 0.40 ptm 0.89 i_ptm 0.58 energy -3.34
64 models [3] recycles 0 hard 0 soft 1 temp 1 loss 3.34 i_con 3.62 plddt 0.41 ptm 0.87 i_ptm 0.60 energy -3.36
65 models [0] recycles 0 hard 0 soft 1 temp 1 loss 3.38 i_con 3.66 plddt 0.39 ptm 0.86 i_ptm 0.56 energy -3.46
66 models [3] recycles 0 hard 0 soft 1 temp 1 loss 3.39 i_con 3.68 plddt 0.44 ptm 0.87 i_ptm 0.58 energy -3.47
67 models [1] recycles 0 hard 0 soft 1 temp 1 loss 3.36 i_con 3.64 plddt 0.37 ptm 0.88 i_ptm 0.58 energy -3.38
68 models [1] recycles 0 hard 0 soft 1 temp 1 loss 4.14 i_con 4.42 plddt 0.27 ptm 0.86 i_ptm 0.24 energy -3.56
69 models [2] recycles 0 hard 0 soft 1 temp 1 loss 3.36 i_con 3.65 plddt 0.42 ptm 0.88 i_ptm 0.57 energy -3.53
70 models [1] recycles 0 hard 0 soft 1 temp 1 loss 4.35 i_con 4.65 plddt 0.25 ptm 0.85 i_ptm 0.18 energy -3.73
71 models [4] recycles 0 hard 0 soft 1 temp 1 loss 3.38 i_con 3.69 plddt 0.39 ptm 0.88 i_ptm 0.54 energy -3.65
72 models [1] recycles 0 hard 0 soft 1 temp 1 loss 3.53 i_con 3.84 plddt 0.33 ptm 0.87 i_ptm 0.45 energy -3.79
73 models [0] recycles 0 hard 0 soft 1 temp 1 loss 3.25 i_con 3.55 plddt 0.42 ptm 0.87 i_ptm 0.62 energy -3.60
74 models [1] recycles 0 hard 0 soft 1 temp 1 loss 4.05 i_con 4.35 plddt 0.25 ptm 0.85 i_ptm 0.19 energy -3.80
75 models [4] recycles 0 hard 0 soft 1 temp 1 loss 3.92 i_con 4.21 plddt 0.28 ptm 0.87 i_ptm 0.28 energy -3.64
76 models [0] recycles 0 hard 0 soft 1 temp 1 loss 3.24 i_con 3.54 plddt 0.43 ptm 0.86 i_ptm 0.62 energy -3.56
77 models [1] recycles 0 hard 0 soft 1 temp 1 loss 4.44 i_con 4.75 plddt 0.28 ptm 0.86 i_ptm 0.21 energy -3.83
78 models [3] recycles 0 hard 0 soft 1 temp 1 loss 3.31 i_con 3.63 plddt 0.40 ptm 0.87 i_ptm 0.57 energy -3.74
79 models [2] recycles 0 hard 0 soft 1 temp 1 loss 3.30 i_con 3.63 plddt 0.43 ptm 0.88 i_ptm 0.59 energy -3.86
80 models [2] recycles 0 hard 0 soft 1 temp 1 loss 3.31 i_con 3.66 plddt 0.42 ptm 0.87 i_ptm 0.57 energy -4.02
81 models [0] recycles 0 hard 0 soft 1 temp 1 loss 3.29 i_con 3.63 plddt 0.43 ptm 0.85 i_ptm 0.60 energy -4.01
82 models [2] recycles 0 hard 0 soft 1 temp 1 loss 3.15 i_con 3.50 plddt 0.43 ptm 0.88 i_ptm 0.64 energy -4.04
83 models [4] recycles 0 hard 0 soft 1 temp 1 loss 3.39 i_con 3.73 plddt 0.40 ptm 0.89 i_ptm 0.51 energy -4.02
84 models [2] recycles 0 hard 0 soft 1 temp 1 loss 3.36 i_con 3.70 plddt 0.40 ptm 0.87 i_ptm 0.55 energy -3.94
85 models [2] recycles 0 hard 0 soft 1 temp 1 loss 3.34 i_con 3.69 plddt 0.39 ptm 0.88 i_ptm 0.57 energy -4.10
86 models [1] recycles 0 hard 0 soft 1 temp 1 loss 3.29 i_con 3.65 plddt 0.38 ptm 0.88 i_ptm 0.58 energy -4.18
87 models [0] recycles 0 hard 0 soft 1 temp 1 loss 3.08 i_con 3.43 plddt 0.43 ptm 0.86 i_ptm 0.63 energy -4.09
88 models [3] recycles 0 hard 0 soft 1 temp 1 loss 3.29 i_con 3.65 plddt 0.39 ptm 0.87 i_ptm 0.56 energy -4.19
89 models [4] recycles 0 hard 0 soft 1 temp 1 loss 3.22 i_con 3.58 plddt 0.39 ptm 0.89 i_ptm 0.60 energy -4.22
90 models [1] recycles 0 hard 0 soft 1 temp 1 loss 4.21 i_con 4.57 plddt 0.24 ptm 0.86 i_ptm 0.15 energy -4.36
91 models [2] recycles 0 hard 0 soft 1 temp 1 loss 3.30 i_con 3.67 plddt 0.41 ptm 0.87 i_ptm 0.57 energy -4.33
92 models [1] recycles 0 hard 0 soft 1 temp 1 loss 4.11 i_con 4.48 plddt 0.26 ptm 0.86 i_ptm 0.17 energy -4.41
93 models [3] recycles 0 hard 0 soft 1 temp 1 loss 3.20 i_con 3.58 plddt 0.41 ptm 0.87 i_ptm 0.60 energy -4.36
94 models [1] recycles 0 hard 0 soft 1 temp 1 loss 3.23 i_con 3.60 plddt 0.39 ptm 0.88 i_ptm 0.60 energy -4.28
95 models [4] recycles 0 hard 0 soft 1 temp 1 loss 3.26 i_con 3.63 plddt 0.39 ptm 0.89 i_ptm 0.58 energy -4.23
96 models [2] recycles 0 hard 0 soft 1 temp 1 loss 3.19 i_con 3.57 plddt 0.44 ptm 0.88 i_ptm 0.62 energy -4.38
97 models [3] recycles 0 hard 0 soft 1 temp 1 loss 3.31 i_con 3.68 plddt 0.39 ptm 0.87 i_ptm 0.55 energy -4.39
98 models [3] recycles 0 hard 0 soft 1 temp 1 loss 3.21 i_con 3.60 plddt 0.41 ptm 0.87 i_ptm 0.60 energy -4.50
99 models [0] recycles 0 hard 0 soft 1 temp 1 loss 3.08 i_con 3.47 plddt 0.42 ptm 0.87 i_ptm 0.61 energy -4.53
100 models [0] recycles 0 hard 0 soft 1 temp 1 loss 3.30 i_con 3.68 plddt 0.37 ptm 0.86 i_ptm 0.52 energy -4.41
101 models [1] recycles 0 hard 0 soft 0 temp 1 loss -5.52 i_con 5.99 plddt 0.27 ptm 0.86 i_ptm 0.15 energy -23.16
102 models [0] recycles 0 hard 0 soft 0 temp 0.98 loss -7.90 i_con 3.94 plddt 0.32 ptm 0.85 i_ptm 0.40 energy -23.82
103 models [0] recycles 0 hard 0 soft 0 temp 0.96 loss -8.77 i_con 3.99 plddt 0.33 ptm 0.85 i_ptm 0.39 energy -25.65
104 models [3] recycles 0 hard 0 soft 0 temp 0.94 loss -9.19 i_con 4.43 plddt 0.27 ptm 0.85 i_ptm 0.20 energy -27.38
105 models [3] recycles 0 hard 0 soft 0 temp 0.92 loss -9.19 i_con 5.04 plddt 0.23 ptm 0.84 i_ptm 0.13 energy -28.61
106 models [3] recycles 0 hard 0 soft 0 temp 0.90 loss -10.42 i_con 4.04 plddt 0.28 ptm 0.86 i_ptm 0.35 energy -29.05
107 models [0] recycles 0 hard 0 soft 0 temp 0.88 loss -11.15 i_con 4.03 plddt 0.32 ptm 0.85 i_ptm 0.36 energy -30.50
108 models [4] recycles 0 hard 0 soft 0 temp 0.86 loss -11.71 i_con 4.29 plddt 0.25 ptm 0.88 i_ptm 0.23 energy -32.16
109 models [2] recycles 0 hard 0 soft 0 temp 0.84 loss -12.37 i_con 3.92 plddt 0.34 ptm 0.87 i_ptm 0.44 energy -32.71
110 models [3] recycles 0 hard 0 soft 0 temp 0.82 loss -13.24 i_con 3.95 plddt 0.31 ptm 0.86 i_ptm 0.38 energy -34.51
111 models [3] recycles 0 hard 0 soft 0 temp 0.80 loss -13.58 i_con 4.45 plddt 0.24 ptm 0.84 i_ptm 0.17 energy -36.21
112 models [3] recycles 0 hard 0 soft 0 temp 0.78 loss -13.82 i_con 4.56 plddt 0.27 ptm 0.84 i_ptm 0.18 energy -36.91
113 models [4] recycles 0 hard 0 soft 0 temp 0.76 loss -14.98 i_con 4.17 plddt 0.26 ptm 0.88 i_ptm 0.28 energy -38.46
114 models [4] recycles 0 hard 0 soft 0 temp 0.74 loss -14.54 i_con 5.16 plddt 0.25 ptm 0.87 i_ptm 0.17 energy -39.55
115 models [2] recycles 0 hard 0 soft 0 temp 0.72 loss -15.74 i_con 4.20 plddt 0.33 ptm 0.86 i_ptm 0.32 energy -40.00
116 models [3] recycles 0 hard 0 soft 0 temp 0.70 loss -16.91 i_con 3.78 plddt 0.36 ptm 0.86 i_ptm 0.47 energy -41.50
117 models [2] recycles 0 hard 0 soft 0 temp 0.68 loss -17.88 i_con 3.75 plddt 0.40 ptm 0.87 i_ptm 0.52 energy -43.37
118 models [0] recycles 0 hard 0 soft 0 temp 0.66 loss -18.58 i_con 3.98 plddt 0.33 ptm 0.84 i_ptm 0.39 energy -45.24
119 models [4] recycles 0 hard 0 soft 0 temp 0.64 loss -19.89 i_con 3.81 plddt 0.33 ptm 0.88 i_ptm 0.49 energy -47.52
120 models [0] recycles 0 hard 0 soft 0 temp 0.62 loss -20.80 i_con 3.95 plddt 0.33 ptm 0.85 i_ptm 0.39 energy -49.64
121 models [4] recycles 0 hard 0 soft 0 temp 0.60 loss -21.30 i_con 4.45 plddt 0.22 ptm 0.88 i_ptm 0.22 energy -51.66
122 models [4] recycles 0 hard 0 soft 0 temp 0.58 loss -21.80 i_con 3.98 plddt 0.29 ptm 0.88 i_ptm 0.37 energy -51.69
123 models [3] recycles 0 hard 0 soft 0 temp 0.56 loss -22.89 i_con 3.92 plddt 0.30 ptm 0.87 i_ptm 0.42 energy -53.77
124 models [3] recycles 0 hard 0 soft 0 temp 0.54 loss -23.25 i_con 4.47 plddt 0.25 ptm 0.84 i_ptm 0.18 energy -55.59
125 models [0] recycles 0 hard 0 soft 0 temp 0.52 loss -23.72 i_con 4.59 plddt 0.31 ptm 0.83 i_ptm 0.23 energy -56.77
126 models [1] recycles 0 hard 0 soft 0 temp 0.50 loss -23.98 i_con 5.42 plddt 0.25 ptm 0.85 i_ptm 0.14 energy -58.94
127 models [4] recycles 0 hard 0 soft 0 temp 0.48 loss -24.64 i_con 5.29 plddt 0.19 ptm 0.87 i_ptm 0.14 energy -60.03
128 models [4] recycles 0 hard 0 soft 0 temp 0.46 loss -26.41 i_con 3.84 plddt 0.28 ptm 0.88 i_ptm 0.41 energy -60.64
129 models [4] recycles 0 hard 0 soft 0 temp 0.44 loss -27.29 i_con 3.92 plddt 0.29 ptm 0.88 i_ptm 0.38 energy -62.56
130 models [2] recycles 0 hard 0 soft 0 temp 0.42 loss -28.26 i_con 3.88 plddt 0.30 ptm 0.87 i_ptm 0.43 energy -64.40
131 models [2] recycles 0 hard 0 soft 0 temp 0.40 loss -29.38 i_con 3.83 plddt 0.33 ptm 0.87 i_ptm 0.47 energy -66.56
132 models [0] recycles 0 hard 0 soft 0 temp 0.38 loss -29.75 i_con 4.50 plddt 0.26 ptm 0.84 i_ptm 0.21 energy -68.64
133 models [3] recycles 0 hard 0 soft 0 temp 0.36 loss -30.50 i_con 4.50 plddt 0.25 ptm 0.85 i_ptm 0.22 energy -70.15
134 models [4] recycles 0 hard 0 soft 0 temp 0.34 loss -31.37 i_con 4.70 plddt 0.23 ptm 0.87 i_ptm 0.19 energy -72.30
135 models [1] recycles 0 hard 0 soft 0 temp 0.32 loss -32.75 i_con 4.21 plddt 0.27 ptm 0.86 i_ptm 0.28 energy -74.07
136 models [1] recycles 0 hard 0 soft 0 temp 0.30 loss -32.81 i_con 5.03 plddt 0.27 ptm 0.85 i_ptm 0.12 energy -75.82
137 models [1] recycles 0 hard 0 soft 0 temp 0.28 loss -33.81 i_con 4.46 plddt 0.23 ptm 0.86 i_ptm 0.17 energy -76.69
138 models [2] recycles 0 hard 0 soft 0 temp 0.26 loss -34.94 i_con 4.05 plddt 0.27 ptm 0.86 i_ptm 0.36 energy -78.12
139 models [3] recycles 0 hard 0 soft 0 temp 0.24 loss -35.63 i_con 4.28 plddt 0.22 ptm 0.85 i_ptm 0.21 energy -79.98
140 models [0] recycles 0 hard 0 soft 0 temp 0.22 loss -36.27 i_con 4.31 plddt 0.25 ptm 0.83 i_ptm 0.24 energy -81.31
141 models [4] recycles 0 hard 0 soft 0 temp 0.20 loss -37.32 i_con 4.12 plddt 0.25 ptm 0.88 i_ptm 0.33 energy -83.04
142 models [1] recycles 0 hard 0 soft 0 temp 0.18 loss -37.59 i_con 4.56 plddt 0.25 ptm 0.85 i_ptm 0.17 energy -84.46
143 models [0] recycles 0 hard 0 soft 0 temp 0.16 loss -39.17 i_con 4.04 plddt 0.29 ptm 0.84 i_ptm 0.35 energy -86.56
144 models [1] recycles 0 hard 0 soft 0 temp 0.14 loss -38.77 i_con 5.42 plddt 0.23 ptm 0.85 i_ptm 0.14 energy -88.52
145 models [4] recycles 0 hard 0 soft 0 temp 0.12 loss -41.04 i_con 4.06 plddt 0.27 ptm 0.88 i_ptm 0.31 energy -90.34
146 models [3] recycles 0 hard 0 soft 0 temp 0.10 loss -41.01 i_con 4.95 plddt 0.22 ptm 0.84 i_ptm 0.14 energy -92.07
147 models [0] recycles 0 hard 0 soft 0 temp 0.08 loss -41.84 i_con 4.16 plddt 0.26 ptm 0.84 i_ptm 0.29 energy -92.15
148 models [2] recycles 0 hard 0 soft 0 temp 0.06 loss -42.88 i_con 3.94 plddt 0.33 ptm 0.87 i_ptm 0.42 energy -93.77
149 models [1] recycles 0 hard 0 soft 0 temp 0.04 loss -42.48 i_con 5.32 plddt 0.25 ptm 0.85 i_ptm 0.17 energy -95.76
150 models [1] recycles 0 hard 0 soft 0 temp 0.02 loss -44.38 i_con 4.25 plddt 0.25 ptm 0.87 i_ptm 0.25 energy -97.41
151 models [4] recycles 0 hard 1 soft 0 temp 0.00 loss -1.07 i_con 3.72 plddt 0.34 ptm 0.89 i_ptm 0.55 energy -5.40
152 models [4] recycles 0 hard 1 soft 0 temp 0.00 loss -1.07 i_con 3.72 plddt 0.34 ptm 0.89 i_ptm 0.55 energy -5.40
153 models [2] recycles 0 hard 1 soft 0 temp 0.00 loss -1.13 i_con 3.66 plddt 0.37 ptm 0.88 i_ptm 0.58 energy -5.40
154 models [0] recycles 0 hard 1 soft 0 temp 0.00 loss -1.06 i_con 3.73 plddt 0.37 ptm 0.86 i_ptm 0.55 energy -5.40
155 models [1] recycles 0 hard 1 soft 0 temp 0.00 loss -0.09 i_con 4.69 plddt 0.26 ptm 0.85 i_ptm 0.20 energy -5.40
156 models [3] recycles 0 hard 1 soft 0 temp 0.00 loss -1.23 i_con 3.57 plddt 0.42 ptm 0.88 i_ptm 0.62 energy -5.40
157 models [4] recycles 0 hard 1 soft 0 temp 0.00 loss -1.07 i_con 3.72 plddt 0.34 ptm 0.89 i_ptm 0.55 energy -5.40
158 models [3] recycles 0 hard 1 soft 0 temp 0.00 loss -1.23 i_con 3.57 plddt 0.42 ptm 0.88 i_ptm 0.62 energy -5.40
159 models [4] recycles 0 hard 1 soft 0 temp 0.00 loss -1.07 i_con 3.72 plddt 0.34 ptm 0.89 i_ptm 0.55 energy -5.40
160 models [4] recycles 0 hard 1 soft 0 temp 0.00 loss -1.07 i_con 3.72 plddt 0.34 ptm 0.89 i_ptm 0.55 energy -5.40
161 models [0] recycles 0 hard 1 soft 0 temp 0.00 loss -1.06 i_con 3.73 plddt 0.37 ptm 0.86 i_ptm 0.55 energy -5.40
162 models [0] recycles 0 hard 1 soft 0 temp 0.00 loss -1.06 i_con 3.73 plddt 0.37 ptm 0.86 i_ptm 0.55 energy -5.40
163 models [1] recycles 0 hard 1 soft 0 temp 0.00 loss -0.09 i_con 4.69 plddt 0.26 ptm 0.85 i_ptm 0.20 energy -5.40
164 models [2] recycles 0 hard 1 soft 0 temp 0.00 loss -1.13 i_con 3.66 plddt 0.37 ptm 0.88 i_ptm 0.58 energy -5.40
165 models [2] recycles 0 hard 1 soft 0 temp 0.00 loss -1.13 i_con 3.66 plddt 0.37 ptm 0.88 i_ptm 0.58 energy -5.40
166 models [2] recycles 0 hard 1 soft 0 temp 0.00 loss -1.13 i_con 3.66 plddt 0.37 ptm 0.88 i_ptm 0.58 energy -5.40
167 models [2] recycles 0 hard 1 soft 0 temp 0.00 loss -1.13 i_con 3.66 plddt 0.37 ptm 0.88 i_ptm 0.58 energy -5.40
168 models [4] recycles 0 hard 1 soft 0 temp 0.00 loss -1.07 i_con 3.72 plddt 0.34 ptm 0.89 i_ptm 0.55 energy -5.40
169 models [1] recycles 0 hard 1 soft 0 temp 0.00 loss -0.09 i_con 4.69 plddt 0.26 ptm 0.85 i_ptm 0.20 energy -5.40
170 models [1] recycles 0 hard 1 soft 0 temp 0.00 loss -0.09 i_con 4.69 plddt 0.26 ptm 0.85 i_ptm 0.20 energy -5.40
171 models [2] recycles 0 hard 1 soft 0 temp 0.00 loss -1.13 i_con 3.66 plddt 0.37 ptm 0.88 i_ptm 0.58 energy -5.40
172 models [2] recycles 0 hard 1 soft 0 temp 0.00 loss -1.13 i_con 3.66 plddt 0.37 ptm 0.88 i_ptm 0.58 energy -5.40
173 models [4] recycles 0 hard 1 soft 0 temp 0.00 loss -1.07 i_con 3.72 plddt 0.34 ptm 0.89 i_ptm 0.55 energy -5.40
174 models [1] recycles 0 hard 1 soft 0 temp 0.00 loss -0.09 i_con 4.69 plddt 0.26 ptm 0.85 i_ptm 0.20 energy -5.40
175 models [0] recycles 0 hard 1 soft 0 temp 0.00 loss -1.06 i_con 3.73 plddt 0.37 ptm 0.86 i_ptm 0.55 energy -5.40
176 models [4] recycles 0 hard 1 soft 0 temp 0.00 loss -1.07 i_con 3.72 plddt 0.34 ptm 0.89 i_ptm 0.55 energy -5.40
177 models [2] recycles 0 hard 1 soft 0 temp 0.00 loss -1.13 i_con 3.66 plddt 0.37 ptm 0.88 i_ptm 0.58 energy -5.40
178 models [0] recycles 0 hard 1 soft 0 temp 0.00 loss -1.06 i_con 3.73 plddt 0.37 ptm 0.86 i_ptm 0.55 energy -5.40
179 models [4] recycles 0 hard 1 soft 0 temp 0.00 loss -1.07 i_con 3.72 plddt 0.34 ptm 0.89 i_ptm 0.55 energy -5.40
180 models [2] recycles 0 hard 1 soft 0 temp 0.00 loss -1.13 i_con 3.66 plddt 0.37 ptm 0.88 i_ptm 0.58 energy -5.40
  seq=DAKRAWWHVAWQRDC  loss=-1.1343  loss_af=3.7215  energy=-5.3953  i_ptm=0.5812
[4/30] seed=3 ...
1 models [4] recycles 0 hard 0 soft 1 temp 1 loss 4.84 i_con 4.39 plddt 0.23 ptm 0.87 i_ptm 0.23 energy 7.37
2 models [4] recycles 0 hard 0 soft 1 temp 1 loss 4.43 i_con 4.01 plddt 0.28 ptm 0.88 i_ptm 0.37 energy 7.08
3 models [4] recycles 0 hard 0 soft 1 temp 1 loss 4.41 i_con 4.01 plddt 0.28 ptm 0.88 i_ptm 0.39 energy 6.52
4 models [3] recycles 0 hard 0 soft 1 temp 1 loss 4.16 i_con 3.80 plddt 0.34 ptm 0.86 i_ptm 0.43 energy 5.91
5 models [0] recycles 0 hard 0 soft 1 temp 1 loss 4.32 i_con 4.00 plddt 0.32 ptm 0.85 i_ptm 0.38 energy 5.02
6 models [3] recycles 0 hard 0 soft 1 temp 1 loss 4.08 i_con 3.79 plddt 0.34 ptm 0.86 i_ptm 0.47 energy 4.51
7 models [1] recycles 0 hard 0 soft 1 temp 1 loss 4.54 i_con 4.27 plddt 0.23 ptm 0.86 i_ptm 0.21 energy 3.90
8 models [1] recycles 0 hard 0 soft 1 temp 1 loss 4.57 i_con 4.31 plddt 0.22 ptm 0.86 i_ptm 0.18 energy 3.79
9 models [3] recycles 0 hard 0 soft 1 temp 1 loss 4.05 i_con 3.81 plddt 0.34 ptm 0.86 i_ptm 0.44 energy 3.52
10 models [4] recycles 0 hard 0 soft 1 temp 1 loss 4.28 i_con 4.06 plddt 0.29 ptm 0.87 i_ptm 0.30 energy 3.06
11 models [3] recycles 0 hard 0 soft 1 temp 1 loss 4.02 i_con 3.81 plddt 0.32 ptm 0.86 i_ptm 0.42 energy 2.82
12 models [4] recycles 0 hard 0 soft 1 temp 1 loss 4.04 i_con 3.84 plddt 0.31 ptm 0.88 i_ptm 0.39 energy 2.44
13 models [3] recycles 0 hard 0 soft 1 temp 1 loss 3.97 i_con 3.79 plddt 0.33 ptm 0.86 i_ptm 0.44 energy 2.26
14 models [4] recycles 0 hard 0 soft 1 temp 1 loss 4.23 i_con 4.06 plddt 0.27 ptm 0.88 i_ptm 0.33 energy 1.86
15 models [2] recycles 0 hard 0 soft 1 temp 1 loss 3.92 i_con 3.76 plddt 0.33 ptm 0.87 i_ptm 0.43 energy 1.86
16 models [4] recycles 0 hard 0 soft 1 temp 1 loss 4.14 i_con 3.99 plddt 0.30 ptm 0.88 i_ptm 0.36 energy 1.62
17 models [3] recycles 0 hard 0 soft 1 temp 1 loss 3.92 i_con 3.79 plddt 0.35 ptm 0.87 i_ptm 0.48 energy 1.47
18 models [2] recycles 0 hard 0 soft 1 temp 1 loss 3.86 i_con 3.75 plddt 0.34 ptm 0.87 i_ptm 0.44 energy 1.02
19 models [4] recycles 0 hard 0 soft 1 temp 1 loss 3.90 i_con 3.80 plddt 0.32 ptm 0.88 i_ptm 0.44 energy 0.72
20 models [3] recycles 0 hard 0 soft 1 temp 1 loss 3.81 i_con 3.71 plddt 0.37 ptm 0.87 i_ptm 0.48 energy 0.62
21 models [4] recycles 0 hard 0 soft 1 temp 1 loss 4.14 i_con 4.05 plddt 0.29 ptm 0.88 i_ptm 0.35 energy 0.37
22 models [3] recycles 0 hard 0 soft 1 temp 1 loss 3.85 i_con 3.78 plddt 0.33 ptm 0.87 i_ptm 0.44 energy 0.04
23 models [0] recycles 0 hard 0 soft 1 temp 1 loss 4.12 i_con 4.06 plddt 0.30 ptm 0.84 i_ptm 0.33 energy -0.29
24 models [3] recycles 0 hard 0 soft 1 temp 1 loss 3.77 i_con 3.72 plddt 0.35 ptm 0.86 i_ptm 0.46 energy -0.38
25 models [3] recycles 0 hard 0 soft 1 temp 1 loss 3.86 i_con 3.84 plddt 0.31 ptm 0.86 i_ptm 0.41 energy -0.84
26 models [0] recycles 0 hard 0 soft 1 temp 1 loss 3.99 i_con 3.96 plddt 0.30 ptm 0.85 i_ptm 0.36 energy -0.85
27 models [4] recycles 0 hard 0 soft 1 temp 1 loss 3.93 i_con 3.92 plddt 0.29 ptm 0.88 i_ptm 0.37 energy -1.16
28 models [1] recycles 0 hard 0 soft 1 temp 1 loss 4.94 i_con 4.92 plddt 0.24 ptm 0.86 i_ptm 0.13 energy -1.22
29 models [0] recycles 0 hard 0 soft 1 temp 1 loss 4.71 i_con 4.69 plddt 0.25 ptm 0.83 i_ptm 0.15 energy -1.14
30 models [0] recycles 0 hard 0 soft 1 temp 1 loss 4.42 i_con 4.41 plddt 0.27 ptm 0.84 i_ptm 0.23 energy -1.27
31 models [1] recycles 0 hard 0 soft 1 temp 1 loss 4.23 i_con 4.22 plddt 0.25 ptm 0.86 i_ptm 0.23 energy -1.26
32 models [1] recycles 0 hard 0 soft 1 temp 1 loss 4.28 i_con 4.27 plddt 0.24 ptm 0.86 i_ptm 0.21 energy -1.22
33 models [0] recycles 0 hard 0 soft 1 temp 1 loss 4.03 i_con 4.02 plddt 0.31 ptm 0.85 i_ptm 0.35 energy -1.13
34 models [4] recycles 0 hard 0 soft 1 temp 1 loss 3.98 i_con 3.98 plddt 0.30 ptm 0.88 i_ptm 0.36 energy -1.34
35 models [0] recycles 0 hard 0 soft 1 temp 1 loss 3.93 i_con 3.93 plddt 0.34 ptm 0.85 i_ptm 0.40 energy -1.39
36 models [3] recycles 0 hard 0 soft 1 temp 1 loss 3.63 i_con 3.64 plddt 0.38 ptm 0.87 i_ptm 0.51 energy -1.42
37 models [4] recycles 0 hard 0 soft 1 temp 1 loss 4.01 i_con 4.01 plddt 0.27 ptm 0.88 i_ptm 0.32 energy -1.47
38 models [0] recycles 0 hard 0 soft 1 temp 1 loss 3.79 i_con 3.79 plddt 0.32 ptm 0.84 i_ptm 0.45 energy -1.47
39 models [4] recycles 0 hard 0 soft 1 temp 1 loss 3.82 i_con 3.83 plddt 0.30 ptm 0.88 i_ptm 0.39 energy -1.54
40 models [3] recycles 0 hard 0 soft 1 temp 1 loss 3.62 i_con 3.64 plddt 0.37 ptm 0.87 i_ptm 0.51 energy -1.50
41 models [1] recycles 0 hard 0 soft 1 temp 1 loss 4.05 i_con 4.06 plddt 0.27 ptm 0.86 i_ptm 0.28 energy -1.75
42 models [3] recycles 0 hard 0 soft 1 temp 1 loss 3.59 i_con 3.62 plddt 0.37 ptm 0.87 i_ptm 0.52 energy -1.67
43 models [0] recycles 0 hard 0 soft 1 temp 1 loss 3.76 i_con 3.78 plddt 0.33 ptm 0.85 i_ptm 0.43 energy -1.80
44 models [0] recycles 0 hard 0 soft 1 temp 1 loss 3.86 i_con 3.89 plddt 0.31 ptm 0.84 i_ptm 0.38 energy -1.91
45 models [1] recycles 0 hard 0 soft 1 temp 1 loss 3.97 i_con 4.00 plddt 0.28 ptm 0.87 i_ptm 0.31 energy -1.89
46 models [3] recycles 0 hard 0 soft 1 temp 1 loss 4.18 i_con 4.20 plddt 0.27 ptm 0.85 i_ptm 0.23 energy -1.86
47 models [3] recycles 0 hard 0 soft 1 temp 1 loss 3.68 i_con 3.71 plddt 0.37 ptm 0.86 i_ptm 0.48 energy -1.86
48 models [3] recycles 0 hard 0 soft 1 temp 1 loss 3.62 i_con 3.65 plddt 0.38 ptm 0.87 i_ptm 0.50 energy -1.83
49 models [1] recycles 0 hard 0 soft 1 temp 1 loss 3.93 i_con 3.95 plddt 0.27 ptm 0.87 i_ptm 0.36 energy -1.97
50 models [3] recycles 0 hard 0 soft 1 temp 1 loss 3.58 i_con 3.62 plddt 0.38 ptm 0.87 i_ptm 0.51 energy -1.97
51 models [3] recycles 0 hard 0 soft 1 temp 1 loss 3.58 i_con 3.71 plddt 0.37 ptm 0.86 i_ptm 0.49 energy -1.92
52 models [2] recycles 0 hard 0 soft 1 temp 1 loss 3.53 i_con 3.69 plddt 0.35 ptm 0.86 i_ptm 0.45 energy -2.25
53 models [4] recycles 0 hard 0 soft 1 temp 1 loss 3.63 i_con 3.80 plddt 0.30 ptm 0.88 i_ptm 0.41 energy -2.47
54 models [2] recycles 0 hard 0 soft 1 temp 1 loss 3.55 i_con 3.75 plddt 0.32 ptm 0.86 i_ptm 0.45 energy -2.69
55 models [4] recycles 0 hard 0 soft 1 temp 1 loss 3.45 i_con 3.67 plddt 0.31 ptm 0.89 i_ptm 0.48 energy -2.88
56 models [4] recycles 0 hard 0 soft 1 temp 1 loss 3.38 i_con 3.60 plddt 0.33 ptm 0.89 i_ptm 0.49 energy -2.87
57 models [0] recycles 0 hard 0 soft 1 temp 1 loss 3.74 i_con 3.97 plddt 0.31 ptm 0.84 i_ptm 0.37 energy -2.96
58 models [1] recycles 0 hard 0 soft 1 temp 1 loss 4.82 i_con 5.06 plddt 0.24 ptm 0.85 i_ptm 0.17 energy -3.11
59 models [0] recycles 0 hard 0 soft 1 temp 1 loss 3.70 i_con 3.93 plddt 0.30 ptm 0.85 i_ptm 0.37 energy -3.09
60 models [2] recycles 0 hard 0 soft 1 temp 1 loss 3.47 i_con 3.73 plddt 0.33 ptm 0.87 i_ptm 0.45 energy -3.23
61 models [1] recycles 0 hard 0 soft 1 temp 1 loss 3.48 i_con 3.75 plddt 0.32 ptm 0.87 i_ptm 0.43 energy -3.46
62 models [3] recycles 0 hard 0 soft 1 temp 1 loss 3.37 i_con 3.65 plddt 0.36 ptm 0.87 i_ptm 0.52 energy -3.45
63 models [0] recycles 0 hard 0 soft 1 temp 1 loss 3.59 i_con 3.90 plddt 0.33 ptm 0.84 i_ptm 0.42 energy -3.72
64 models [4] recycles 0 hard 0 soft 1 temp 1 loss 3.48 i_con 3.80 plddt 0.33 ptm 0.88 i_ptm 0.44 energy -3.81
65 models [4] recycles 0 hard 0 soft 1 temp 1 loss 3.53 i_con 3.86 plddt 0.35 ptm 0.88 i_ptm 0.43 energy -3.93
66 models [0] recycles 0 hard 0 soft 1 temp 1 loss 3.72 i_con 4.05 plddt 0.30 ptm 0.84 i_ptm 0.33 energy -3.96
67 models [4] recycles 0 hard 0 soft 1 temp 1 loss 3.45 i_con 3.78 plddt 0.32 ptm 0.88 i_ptm 0.46 energy -4.04
68 models [3] recycles 0 hard 0 soft 1 temp 1 loss 3.34 i_con 3.68 plddt 0.37 ptm 0.87 i_ptm 0.51 energy -4.01
69 models [0] recycles 0 hard 0 soft 1 temp 1 loss 3.51 i_con 3.86 plddt 0.33 ptm 0.85 i_ptm 0.41 energy -4.16
70 models [1] recycles 0 hard 0 soft 1 temp 1 loss 3.76 i_con 4.11 plddt 0.28 ptm 0.87 i_ptm 0.30 energy -4.17
71 models [0] recycles 0 hard 0 soft 1 temp 1 loss 3.64 i_con 4.01 plddt 0.31 ptm 0.85 i_ptm 0.36 energy -4.38
72 models [0] recycles 0 hard 0 soft 1 temp 1 loss 3.58 i_con 3.97 plddt 0.33 ptm 0.84 i_ptm 0.38 energy -4.49
73 models [4] recycles 0 hard 0 soft 1 temp 1 loss 3.54 i_con 3.92 plddt 0.33 ptm 0.88 i_ptm 0.39 energy -4.45
74 models [3] recycles 0 hard 0 soft 1 temp 1 loss 3.41 i_con 3.76 plddt 0.34 ptm 0.87 i_ptm 0.45 energy -4.19
75 models [4] recycles 0 hard 0 soft 1 temp 1 loss 3.55 i_con 3.93 plddt 0.32 ptm 0.88 i_ptm 0.39 energy -4.42
76 models [4] recycles 0 hard 0 soft 1 temp 1 loss 3.40 i_con 3.77 plddt 0.34 ptm 0.88 i_ptm 0.45 energy -4.37
77 models [1] recycles 0 hard 0 soft 1 temp 1 loss 3.49 i_con 3.85 plddt 0.33 ptm 0.88 i_ptm 0.44 energy -4.34
78 models [4] recycles 0 hard 0 soft 1 temp 1 loss 3.40 i_con 3.79 plddt 0.34 ptm 0.88 i_ptm 0.45 energy -4.48
79 models [3] recycles 0 hard 0 soft 1 temp 1 loss 3.28 i_con 3.67 plddt 0.36 ptm 0.87 i_ptm 0.52 energy -4.54
80 models [1] recycles 0 hard 0 soft 1 temp 1 loss 3.72 i_con 4.12 plddt 0.25 ptm 0.87 i_ptm 0.32 energy -4.72
81 models [2] recycles 0 hard 0 soft 1 temp 1 loss 3.31 i_con 3.72 plddt 0.35 ptm 0.87 i_ptm 0.48 energy -4.72
82 models [1] recycles 0 hard 0 soft 1 temp 1 loss 3.61 i_con 3.99 plddt 0.29 ptm 0.87 i_ptm 0.37 energy -4.59
83 models [2] recycles 0 hard 0 soft 1 temp 1 loss 3.41 i_con 3.81 plddt 0.37 ptm 0.87 i_ptm 0.45 energy -4.62
84 models [3] recycles 0 hard 0 soft 1 temp 1 loss 3.37 i_con 3.78 plddt 0.35 ptm 0.86 i_ptm 0.45 energy -4.77
85 models [0] recycles 0 hard 0 soft 1 temp 1 loss 3.56 i_con 3.96 plddt 0.32 ptm 0.85 i_ptm 0.39 energy -4.68
86 models [2] recycles 0 hard 0 soft 1 temp 1 loss 3.37 i_con 3.77 plddt 0.34 ptm 0.87 i_ptm 0.46 energy -4.67
87 models [0] recycles 0 hard 0 soft 1 temp 1 loss 3.42 i_con 3.84 plddt 0.35 ptm 0.86 i_ptm 0.45 energy -4.80
88 models [2] recycles 0 hard 0 soft 1 temp 1 loss 3.38 i_con 3.82 plddt 0.33 ptm 0.86 i_ptm 0.41 energy -5.05
89 models [1] recycles 0 hard 0 soft 1 temp 1 loss 3.62 i_con 4.08 plddt 0.27 ptm 0.87 i_ptm 0.33 energy -5.36
90 models [2] recycles 0 hard 0 soft 1 temp 1 loss 3.27 i_con 3.75 plddt 0.35 ptm 0.87 i_ptm 0.45 energy -5.40
91 models [3] recycles 0 hard 0 soft 1 temp 1 loss 3.36 i_con 3.86 plddt 0.32 ptm 0.86 i_ptm 0.41 energy -5.68
92 models [0] recycles 0 hard 0 soft 1 temp 1 loss 3.22 i_con 3.71 plddt 0.36 ptm 0.86 i_ptm 0.51 energy -5.52
93 models [2] recycles 0 hard 0 soft 1 temp 1 loss 3.37 i_con 3.87 plddt 0.31 ptm 0.87 i_ptm 0.40 energy -5.63
94 models [1] recycles 0 hard 0 soft 1 temp 1 loss 3.37 i_con 3.86 plddt 0.31 ptm 0.87 i_ptm 0.40 energy -5.55
95 models [0] recycles 0 hard 0 soft 1 temp 1 loss 3.36 i_con 3.87 plddt 0.33 ptm 0.85 i_ptm 0.42 energy -5.81
96 models [3] recycles 0 hard 0 soft 1 temp 1 loss 3.19 i_con 3.72 plddt 0.35 ptm 0.86 i_ptm 0.48 energy -5.93
97 models [0] recycles 0 hard 0 soft 1 temp 1 loss 3.24 i_con 3.78 plddt 0.33 ptm 0.85 i_ptm 0.47 energy -6.09
98 models [1] recycles 0 hard 0 soft 1 temp 1 loss 5.76 i_con 6.32 plddt 0.30 ptm 0.86 i_ptm 0.26 energy -6.33
99 models [2] recycles 0 hard 0 soft 1 temp 1 loss 3.28 i_con 3.83 plddt 0.31 ptm 0.87 i_ptm 0.42 energy -6.19
100 models [2] recycles 0 hard 0 soft 1 temp 1 loss 3.21 i_con 3.77 plddt 0.34 ptm 0.86 i_ptm 0.45 energy -6.28
101 models [0] recycles 0 hard 0 soft 0 temp 1 loss -10.65 i_con 4.00 plddt 0.29 ptm 0.84 i_ptm 0.38 energy -29.45
102 models [1] recycles 0 hard 0 soft 0 temp 0.98 loss -8.79 i_con 6.60 plddt 0.29 ptm 0.87 i_ptm 0.25 energy -30.92
103 models [2] recycles 0 hard 0 soft 0 temp 0.96 loss -10.20 i_con 5.70 plddt 0.29 ptm 0.85 i_ptm 0.18 energy -31.95
104 models [3] recycles 0 hard 0 soft 0 temp 0.94 loss -11.99 i_con 4.70 plddt 0.26 ptm 0.84 i_ptm 0.18 energy -33.51
105 models [3] recycles 0 hard 0 soft 0 temp 0.92 loss -11.34 i_con 5.50 plddt 0.27 ptm 0.85 i_ptm 0.20 energy -33.83
106 models [4] recycles 0 hard 0 soft 0 temp 0.90 loss -13.26 i_con 4.14 plddt 0.27 ptm 0.87 i_ptm 0.31 energy -34.96
107 models [0] recycles 0 hard 0 soft 0 temp 0.88 loss -13.52 i_con 4.45 plddt 0.26 ptm 0.82 i_ptm 0.20 energy -36.08
108 models [3] recycles 0 hard 0 soft 0 temp 0.86 loss -13.65 i_con 4.53 plddt 0.27 ptm 0.85 i_ptm 0.24 energy -36.52
109 models [0] recycles 0 hard 0 soft 0 temp 0.84 loss -14.95 i_con 4.05 plddt 0.28 ptm 0.84 i_ptm 0.34 energy -38.14
110 models [1] recycles 0 hard 0 soft 0 temp 0.82 loss -14.14 i_con 5.62 plddt 0.26 ptm 0.86 i_ptm 0.15 energy -39.67
111 models [1] recycles 0 hard 0 soft 0 temp 0.80 loss -14.61 i_con 5.55 plddt 0.24 ptm 0.86 i_ptm 0.18 energy -40.48
112 models [0] recycles 0 hard 0 soft 0 temp 0.78 loss -16.64 i_con 4.00 plddt 0.31 ptm 0.84 i_ptm 0.34 energy -41.43
113 models [1] recycles 0 hard 0 soft 0 temp 0.76 loss -15.76 i_con 5.85 plddt 0.25 ptm 0.85 i_ptm 0.11 energy -43.36
114 models [2] recycles 0 hard 0 soft 0 temp 0.74 loss -17.85 i_con 3.86 plddt 0.32 ptm 0.86 i_ptm 0.39 energy -43.57
115 models [3] recycles 0 hard 0 soft 0 temp 0.72 loss -18.62 i_con 3.88 plddt 0.29 ptm 0.86 i_ptm 0.41 energy -45.14
116 models [3] recycles 0 hard 0 soft 0 temp 0.70 loss -19.53 i_con 3.77 plddt 0.32 ptm 0.86 i_ptm 0.43 energy -46.73
117 models [4] recycles 0 hard 0 soft 0 temp 0.68 loss -20.44 i_con 3.86 plddt 0.28 ptm 0.88 i_ptm 0.38 energy -48.76
118 models [2] recycles 0 hard 0 soft 0 temp 0.66 loss -21.38 i_con 3.89 plddt 0.31 ptm 0.87 i_ptm 0.40 energy -50.67
119 models [1] recycles 0 hard 0 soft 0 temp 0.64 loss -20.78 i_con 5.51 plddt 0.24 ptm 0.85 i_ptm 0.15 energy -52.74
120 models [1] recycles 0 hard 0 soft 0 temp 0.62 loss -22.83 i_con 4.15 plddt 0.26 ptm 0.86 i_ptm 0.28 energy -54.11
121 models [2] recycles 0 hard 0 soft 0 temp 0.60 loss -23.16 i_con 4.34 plddt 0.25 ptm 0.85 i_ptm 0.21 energy -55.15
122 models [2] recycles 0 hard 0 soft 0 temp 0.58 loss -23.66 i_con 3.95 plddt 0.29 ptm 0.87 i_ptm 0.35 energy -55.36
123 models [3] recycles 0 hard 0 soft 0 temp 0.56 loss -24.45 i_con 4.10 plddt 0.27 ptm 0.85 i_ptm 0.32 energy -57.23
124 models [3] recycles 0 hard 0 soft 0 temp 0.54 loss -25.21 i_con 3.89 plddt 0.32 ptm 0.86 i_ptm 0.41 energy -58.33
125 models [1] recycles 0 hard 0 soft 0 temp 0.52 loss -25.63 i_con 4.47 plddt 0.25 ptm 0.86 i_ptm 0.19 energy -60.35
126 models [4] recycles 0 hard 0 soft 0 temp 0.50 loss -24.89 i_con 5.49 plddt 0.25 ptm 0.87 i_ptm 0.21 energy -60.90
127 models [0] recycles 0 hard 0 soft 0 temp 0.48 loss -26.89 i_con 4.41 plddt 0.23 ptm 0.83 i_ptm 0.20 energy -62.75
128 models [4] recycles 0 hard 0 soft 0 temp 0.46 loss -25.87 i_con 5.77 plddt 0.23 ptm 0.87 i_ptm 0.16 energy -63.44
129 models [3] recycles 0 hard 0 soft 0 temp 0.44 loss -26.89 i_con 5.53 plddt 0.25 ptm 0.84 i_ptm 0.18 energy -64.98
130 models [2] recycles 0 hard 0 soft 0 temp 0.42 loss -27.95 i_con 5.19 plddt 0.23 ptm 0.85 i_ptm 0.13 energy -66.43
131 models [1] recycles 0 hard 0 soft 0 temp 0.40 loss -27.38 i_con 5.89 plddt 0.26 ptm 0.86 i_ptm 0.15 energy -66.68
132 models [2] recycles 0 hard 0 soft 0 temp 0.38 loss -28.91 i_con 5.11 plddt 0.24 ptm 0.85 i_ptm 0.10 energy -68.20
133 models [4] recycles 0 hard 0 soft 0 temp 0.36 loss -29.19 i_con 5.36 plddt 0.22 ptm 0.87 i_ptm 0.13 energy -69.25
134 models [1] recycles 0 hard 0 soft 0 temp 0.34 loss -29.09 i_con 5.91 plddt 0.25 ptm 0.86 i_ptm 0.17 energy -70.15
135 models [0] recycles 0 hard 0 soft 0 temp 0.32 loss -31.52 i_con 4.20 plddt 0.25 ptm 0.84 i_ptm 0.26 energy -71.60
136 models [0] recycles 0 hard 0 soft 0 temp 0.30 loss -31.71 i_con 4.66 plddt 0.24 ptm 0.82 i_ptm 0.13 energy -72.89
137 models [4] recycles 0 hard 0 soft 0 temp 0.28 loss -30.74 i_con 5.72 plddt 0.24 ptm 0.87 i_ptm 0.20 energy -73.06
138 models [4] recycles 0 hard 0 soft 0 temp 0.26 loss -31.66 i_con 5.43 plddt 0.22 ptm 0.87 i_ptm 0.20 energy -74.33
139 models [4] recycles 0 hard 0 soft 0 temp 0.24 loss -32.21 i_con 5.58 plddt 0.23 ptm 0.87 i_ptm 0.18 energy -75.72
140 models [4] recycles 0 hard 0 soft 0 temp 0.22 loss -33.13 i_con 5.50 plddt 0.23 ptm 0.88 i_ptm 0.19 energy -77.40
141 models [2] recycles 0 hard 0 soft 0 temp 0.20 loss -35.29 i_con 3.98 plddt 0.30 ptm 0.87 i_ptm 0.37 energy -78.69
142 models [2] recycles 0 hard 0 soft 0 temp 0.18 loss -36.04 i_con 4.06 plddt 0.28 ptm 0.87 i_ptm 0.34 energy -80.34
143 models [3] recycles 0 hard 0 soft 0 temp 0.16 loss -35.18 i_con 5.61 plddt 0.24 ptm 0.85 i_ptm 0.16 energy -81.73
144 models [2] recycles 0 hard 0 soft 0 temp 0.14 loss -36.82 i_con 4.55 plddt 0.23 ptm 0.86 i_ptm 0.19 energy -82.90
145 models [4] recycles 0 hard 0 soft 0 temp 0.12 loss -35.87 i_con 5.66 plddt 0.21 ptm 0.86 i_ptm 0.13 energy -83.22
146 models [4] recycles 0 hard 0 soft 0 temp 0.10 loss -36.83 i_con 4.63 plddt 0.22 ptm 0.87 i_ptm 0.17 energy -83.09
147 models [1] recycles 0 hard 0 soft 0 temp 0.08 loss -35.81 i_con 5.78 plddt 0.28 ptm 0.86 i_ptm 0.12 energy -83.32
148 models [4] recycles 0 hard 0 soft 0 temp 0.06 loss -36.43 i_con 5.77 plddt 0.20 ptm 0.88 i_ptm 0.18 energy -84.55
149 models [0] recycles 0 hard 0 soft 0 temp 0.04 loss -38.44 i_con 4.35 plddt 0.24 ptm 0.83 i_ptm 0.23 energy -85.75
150 models [4] recycles 0 hard 0 soft 0 temp 0.02 loss -37.45 i_con 5.95 plddt 0.20 ptm 0.88 i_ptm 0.14 energy -86.96
151 models [1] recycles 0 hard 1 soft 0 temp 0.00 loss -1.10 i_con 5.24 plddt 0.22 ptm 0.85 i_ptm 0.13 energy -7.14
152 models [1] recycles 0 hard 1 soft 0 temp 0.00 loss -1.10 i_con 5.24 plddt 0.22 ptm 0.85 i_ptm 0.13 energy -7.14
153 models [3] recycles 0 hard 1 soft 0 temp 0.00 loss -1.85 i_con 4.50 plddt 0.27 ptm 0.86 i_ptm 0.36 energy -7.14
154 models [1] recycles 0 hard 1 soft 0 temp 0.00 loss -1.10 i_con 5.24 plddt 0.22 ptm 0.85 i_ptm 0.13 energy -7.14
155 models [1] recycles 0 hard 1 soft 0 temp 0.00 loss -1.10 i_con 5.24 plddt 0.22 ptm 0.85 i_ptm 0.13 energy -7.14
156 models [2] recycles 0 hard 1 soft 0 temp 0.00 loss -1.45 i_con 4.90 plddt 0.23 ptm 0.85 i_ptm 0.20 energy -7.14
157 models [4] recycles 0 hard 1 soft 0 temp 0.00 loss -1.79 i_con 4.56 plddt 0.22 ptm 0.87 i_ptm 0.19 energy -7.14
158 models [3] recycles 0 hard 1 soft 0 temp 0.00 loss -1.85 i_con 4.50 plddt 0.27 ptm 0.86 i_ptm 0.36 energy -7.14
159 models [2] recycles 0 hard 1 soft 0 temp 0.00 loss -1.45 i_con 4.90 plddt 0.23 ptm 0.85 i_ptm 0.20 energy -7.14
160 models [4] recycles 0 hard 1 soft 0 temp 0.00 loss -1.79 i_con 4.56 plddt 0.22 ptm 0.87 i_ptm 0.19 energy -7.14
161 models [3] recycles 0 hard 1 soft 0 temp 0.00 loss -1.85 i_con 4.50 plddt 0.27 ptm 0.86 i_ptm 0.36 energy -7.14
162 models [4] recycles 0 hard 1 soft 0 temp 0.00 loss -1.79 i_con 4.56 plddt 0.22 ptm 0.87 i_ptm 0.19 energy -7.14
163 models [0] recycles 0 hard 1 soft 0 temp 0.00 loss -2.52 i_con 3.83 plddt 0.29 ptm 0.84 i_ptm 0.48 energy -7.14
164 models [1] recycles 0 hard 1 soft 0 temp 0.00 loss -1.10 i_con 5.24 plddt 0.22 ptm 0.85 i_ptm 0.13 energy -7.14
165 models [3] recycles 0 hard 1 soft 0 temp 0.00 loss -1.85 i_con 4.50 plddt 0.27 ptm 0.86 i_ptm 0.36 energy -7.14
166 models [2] recycles 0 hard 1 soft 0 temp 0.00 loss -1.45 i_con 4.90 plddt 0.23 ptm 0.85 i_ptm 0.20 energy -7.14
167 models [1] recycles 0 hard 1 soft 0 temp 0.00 loss -1.10 i_con 5.24 plddt 0.22 ptm 0.85 i_ptm 0.13 energy -7.14
168 models [2] recycles 0 hard 1 soft 0 temp 0.00 loss -1.45 i_con 4.90 plddt 0.23 ptm 0.85 i_ptm 0.20 energy -7.14
169 models [0] recycles 0 hard 1 soft 0 temp 0.00 loss -2.52 i_con 3.83 plddt 0.29 ptm 0.84 i_ptm 0.48 energy -7.14
170 models [4] recycles 0 hard 1 soft 0 temp 0.00 loss -1.79 i_con 4.56 plddt 0.22 ptm 0.87 i_ptm 0.19 energy -7.14
171 models [1] recycles 0 hard 1 soft 0 temp 0.00 loss -1.10 i_con 5.24 plddt 0.22 ptm 0.85 i_ptm 0.13 energy -7.14
172 models [4] recycles 0 hard 1 soft 0 temp 0.00 loss -1.79 i_con 4.56 plddt 0.22 ptm 0.87 i_ptm 0.19 energy -7.14
173 models [4] recycles 0 hard 1 soft 0 temp 0.00 loss -1.79 i_con 4.56 plddt 0.22 ptm 0.87 i_ptm 0.19 energy -7.14
174 models [4] recycles 0 hard 1 soft 0 temp 0.00 loss -1.79 i_con 4.56 plddt 0.22 ptm 0.87 i_ptm 0.19 energy -7.14
175 models [1] recycles 0 hard 1 soft 0 temp 0.00 loss -1.10 i_con 5.24 plddt 0.22 ptm 0.85 i_ptm 0.13 energy -7.14
176 models [1] recycles 0 hard 1 soft 0 temp 0.00 loss -1.10 i_con 5.24 plddt 0.22 ptm 0.85 i_ptm 0.13 energy -7.14
177 models [0] recycles 0 hard 1 soft 0 temp 0.00 loss -2.52 i_con 3.83 plddt 0.29 ptm 0.84 i_ptm 0.48 energy -7.14
178 models [3] recycles 0 hard 1 soft 0 temp 0.00 loss -1.85 i_con 4.50 plddt 0.27 ptm 0.86 i_ptm 0.36 energy -7.14
179 models [3] recycles 0 hard 1 soft 0 temp 0.00 loss -1.85 i_con 4.50 plddt 0.27 ptm 0.86 i_ptm 0.36 energy -7.14
180 models [3] recycles 0 hard 1 soft 0 temp 0.00 loss -1.85 i_con 4.50 plddt 0.27 ptm 0.86 i_ptm 0.36 energy -7.14
  seq=AIGWWHWDLFYYKFA  loss=-1.8473  loss_af=4.5750  energy=-7.1358  i_ptm=0.3599
[5/30] seed=4 ...
1 models [4] recycles 0 hard 0 soft 1 temp 1 loss 4.54 i_con 4.10 plddt 0.31 ptm 0.88 i_ptm 0.36 energy 7.39
2 models [1] recycles 0 hard 0 soft 1 temp 1 loss 4.97 i_con 4.55 plddt 0.23 ptm 0.86 i_ptm 0.18 energy 6.96
3 models [0] recycles 0 hard 0 soft 1 temp 1 loss 4.93 i_con 4.50 plddt 0.23 ptm 0.83 i_ptm 0.18 energy 6.91
4 models [2] recycles 0 hard 0 soft 1 temp 1 loss 4.32 i_con 3.91 plddt 0.33 ptm 0.86 i_ptm 0.43 energy 6.82
5 models [1] recycles 0 hard 0 soft 1 temp 1 loss 4.52 i_con 4.13 plddt 0.24 ptm 0.86 i_ptm 0.30 energy 6.24
6 models [1] recycles 0 hard 0 soft 1 temp 1 loss 4.44 i_con 4.06 plddt 0.26 ptm 0.86 i_ptm 0.33 energy 5.98
7 models [0] recycles 0 hard 0 soft 1 temp 1 loss 4.22 i_con 3.88 plddt 0.34 ptm 0.85 i_ptm 0.44 energy 5.54
8 models [0] recycles 0 hard 0 soft 1 temp 1 loss 4.37 i_con 4.06 plddt 0.33 ptm 0.84 i_ptm 0.34 energy 4.95
9 models [4] recycles 0 hard 0 soft 1 temp 1 loss 4.31 i_con 4.00 plddt 0.31 ptm 0.87 i_ptm 0.39 energy 4.82
10 models [0] recycles 0 hard 0 soft 1 temp 1 loss 3.91 i_con 3.63 plddt 0.40 ptm 0.86 i_ptm 0.58 energy 4.37
11 models [4] recycles 0 hard 0 soft 1 temp 1 loss 4.13 i_con 3.86 plddt 0.37 ptm 0.88 i_ptm 0.46 energy 4.08
12 models [0] recycles 0 hard 0 soft 1 temp 1 loss 3.96 i_con 3.72 plddt 0.40 ptm 0.86 i_ptm 0.54 energy 3.63
13 models [0] recycles 0 hard 0 soft 1 temp 1 loss 4.00 i_con 3.79 plddt 0.39 ptm 0.85 i_ptm 0.49 energy 2.99
14 models [4] recycles 0 hard 0 soft 1 temp 1 loss 3.91 i_con 3.73 plddt 0.39 ptm 0.88 i_ptm 0.50 energy 2.43
15 models [0] recycles 0 hard 0 soft 1 temp 1 loss 4.01 i_con 3.84 plddt 0.36 ptm 0.84 i_ptm 0.44 energy 2.03
16 models [1] recycles 0 hard 0 soft 1 temp 1 loss 4.31 i_con 4.14 plddt 0.25 ptm 0.86 i_ptm 0.27 energy 1.97
17 models [3] recycles 0 hard 0 soft 1 temp 1 loss 3.76 i_con 3.62 plddt 0.42 ptm 0.87 i_ptm 0.55 energy 1.77
18 models [3] recycles 0 hard 0 soft 1 temp 1 loss 3.96 i_con 3.81 plddt 0.34 ptm 0.86 i_ptm 0.41 energy 1.65
19 models [1] recycles 0 hard 0 soft 1 temp 1 loss 4.26 i_con 4.11 plddt 0.26 ptm 0.87 i_ptm 0.28 energy 1.49
20 models [4] recycles 0 hard 0 soft 1 temp 1 loss 3.91 i_con 3.77 plddt 0.35 ptm 0.88 i_ptm 0.47 energy 1.38
21 models [2] recycles 0 hard 0 soft 1 temp 1 loss 3.84 i_con 3.73 plddt 0.37 ptm 0.87 i_ptm 0.49 energy 1.01
22 models [2] recycles 0 hard 0 soft 1 temp 1 loss 3.97 i_con 3.87 plddt 0.34 ptm 0.87 i_ptm 0.40 energy 0.64
23 models [4] recycles 0 hard 0 soft 1 temp 1 loss 3.82 i_con 3.73 plddt 0.35 ptm 0.88 i_ptm 0.50 energy 0.54
24 models [2] recycles 0 hard 0 soft 1 temp 1 loss 3.73 i_con 3.65 plddt 0.39 ptm 0.87 i_ptm 0.55 energy 0.22
25 models [0] recycles 0 hard 0 soft 1 temp 1 loss 3.79 i_con 3.74 plddt 0.41 ptm 0.86 i_ptm 0.49 energy -0.08
26 models [4] recycles 0 hard 0 soft 1 temp 1 loss 3.71 i_con 3.67 plddt 0.41 ptm 0.89 i_ptm 0.52 energy -0.38
27 models [2] recycles 0 hard 0 soft 1 temp 1 loss 3.71 i_con 3.67 plddt 0.40 ptm 0.88 i_ptm 0.55 energy -0.45
28 models [1] recycles 0 hard 0 soft 1 temp 1 loss 4.28 i_con 4.25 plddt 0.24 ptm 0.85 i_ptm 0.20 energy -0.96
29 models [2] recycles 0 hard 0 soft 1 temp 1 loss 3.66 i_con 3.66 plddt 0.42 ptm 0.88 i_ptm 0.56 energy -1.02
30 models [4] recycles 0 hard 0 soft 1 temp 1 loss 3.80 i_con 3.81 plddt 0.35 ptm 0.89 i_ptm 0.48 energy -1.56
31 models [1] recycles 0 hard 0 soft 1 temp 1 loss 3.87 i_con 3.90 plddt 0.32 ptm 0.87 i_ptm 0.36 energy -1.81
32 models [3] recycles 0 hard 0 soft 1 temp 1 loss 3.58 i_con 3.61 plddt 0.43 ptm 0.87 i_ptm 0.53 energy -1.88
33 models [2] recycles 0 hard 0 soft 1 temp 1 loss 3.70 i_con 3.73 plddt 0.43 ptm 0.87 i_ptm 0.53 energy -1.74
34 models [3] recycles 0 hard 0 soft 1 temp 1 loss 3.42 i_con 3.47 plddt 0.43 ptm 0.87 i_ptm 0.63 energy -2.06
35 models [3] recycles 0 hard 0 soft 1 temp 1 loss 3.98 i_con 4.02 plddt 0.32 ptm 0.85 i_ptm 0.33 energy -2.07
36 models [2] recycles 0 hard 0 soft 1 temp 1 loss 3.69 i_con 3.72 plddt 0.39 ptm 0.87 i_ptm 0.52 energy -1.91
37 models [2] recycles 0 hard 0 soft 1 temp 1 loss 3.72 i_con 3.77 plddt 0.40 ptm 0.87 i_ptm 0.51 energy -2.11
38 models [2] recycles 0 hard 0 soft 1 temp 1 loss 3.61 i_con 3.67 plddt 0.44 ptm 0.88 i_ptm 0.56 energy -2.30
39 models [0] recycles 0 hard 0 soft 1 temp 1 loss 3.67 i_con 3.73 plddt 0.40 ptm 0.85 i_ptm 0.50 energy -2.34
40 models [1] recycles 0 hard 0 soft 1 temp 1 loss 3.83 i_con 3.86 plddt 0.34 ptm 0.87 i_ptm 0.40 energy -1.97
41 models [4] recycles 0 hard 0 soft 1 temp 1 loss 3.63 i_con 3.68 plddt 0.39 ptm 0.89 i_ptm 0.53 energy -2.17
42 models [2] recycles 0 hard 0 soft 1 temp 1 loss 3.73 i_con 3.78 plddt 0.37 ptm 0.87 i_ptm 0.49 energy -2.27
43 models [0] recycles 0 hard 0 soft 1 temp 1 loss 3.59 i_con 3.65 plddt 0.46 ptm 0.86 i_ptm 0.55 energy -2.36
44 models [3] recycles 0 hard 0 soft 1 temp 1 loss 3.87 i_con 3.92 plddt 0.33 ptm 0.85 i_ptm 0.39 energy -2.42
45 models [2] recycles 0 hard 0 soft 1 temp 1 loss 3.73 i_con 3.79 plddt 0.40 ptm 0.87 i_ptm 0.49 energy -2.36
46 models [3] recycles 0 hard 0 soft 1 temp 1 loss 4.37 i_con 4.43 plddt 0.23 ptm 0.84 i_ptm 0.13 energy -2.62
47 models [1] recycles 0 hard 0 soft 1 temp 1 loss 3.87 i_con 3.92 plddt 0.30 ptm 0.87 i_ptm 0.38 energy -2.45
48 models [1] recycles 0 hard 0 soft 1 temp 1 loss 3.68 i_con 3.74 plddt 0.37 ptm 0.88 i_ptm 0.48 energy -2.43
49 models [4] recycles 0 hard 0 soft 1 temp 1 loss 3.65 i_con 3.71 plddt 0.40 ptm 0.89 i_ptm 0.51 energy -2.51
50 models [1] recycles 0 hard 0 soft 1 temp 1 loss 3.74 i_con 3.80 plddt 0.37 ptm 0.87 i_ptm 0.45 energy -2.48
51 models [4] recycles 0 hard 0 soft 1 temp 1 loss 3.81 i_con 3.99 plddt 0.31 ptm 0.88 i_ptm 0.38 energy -2.42
52 models [4] recycles 0 hard 0 soft 1 temp 1 loss 3.53 i_con 3.72 plddt 0.41 ptm 0.89 i_ptm 0.54 energy -2.50
53 models [3] recycles 0 hard 0 soft 1 temp 1 loss 3.28 i_con 3.49 plddt 0.43 ptm 0.87 i_ptm 0.64 energy -2.66
54 models [4] recycles 0 hard 0 soft 1 temp 1 loss 3.68 i_con 3.90 plddt 0.36 ptm 0.88 i_ptm 0.45 energy -2.84
55 models [0] recycles 0 hard 0 soft 1 temp 1 loss 3.63 i_con 3.86 plddt 0.40 ptm 0.85 i_ptm 0.44 energy -2.84
56 models [2] recycles 0 hard 0 soft 1 temp 1 loss 3.24 i_con 3.46 plddt 0.45 ptm 0.88 i_ptm 0.65 energy -2.76
57 models [2] recycles 0 hard 0 soft 1 temp 1 loss 3.34 i_con 3.57 plddt 0.43 ptm 0.88 i_ptm 0.60 energy -2.81
58 models [3] recycles 0 hard 0 soft 1 temp 1 loss 3.21 i_con 3.43 plddt 0.43 ptm 0.87 i_ptm 0.64 energy -2.78
59 models [3] recycles 0 hard 0 soft 1 temp 1 loss 3.43 i_con 3.65 plddt 0.38 ptm 0.87 i_ptm 0.56 energy -2.83
60 models [3] recycles 0 hard 0 soft 1 temp 1 loss 3.41 i_con 3.64 plddt 0.40 ptm 0.87 i_ptm 0.55 energy -2.89
61 models [4] recycles 0 hard 0 soft 1 temp 1 loss 5.39 i_con 5.61 plddt 0.24 ptm 0.86 i_ptm 0.14 energy -2.99
62 models [2] recycles 0 hard 0 soft 1 temp 1 loss 3.35 i_con 3.60 plddt 0.43 ptm 0.87 i_ptm 0.61 energy -3.06
63 models [2] recycles 0 hard 0 soft 1 temp 1 loss 3.44 i_con 3.70 plddt 0.45 ptm 0.88 i_ptm 0.57 energy -3.15
64 models [2] recycles 0 hard 0 soft 1 temp 1 loss 3.54 i_con 3.79 plddt 0.41 ptm 0.87 i_ptm 0.51 energy -3.13
65 models [2] recycles 0 hard 0 soft 1 temp 1 loss 3.29 i_con 3.55 plddt 0.44 ptm 0.87 i_ptm 0.61 energy -3.18
66 models [0] recycles 0 hard 0 soft 1 temp 1 loss 3.41 i_con 3.67 plddt 0.41 ptm 0.85 i_ptm 0.53 energy -3.11
67 models [2] recycles 0 hard 0 soft 1 temp 1 loss 3.28 i_con 3.54 plddt 0.44 ptm 0.88 i_ptm 0.62 energy -3.14
68 models [4] recycles 0 hard 0 soft 1 temp 1 loss 3.44 i_con 3.70 plddt 0.39 ptm 0.89 i_ptm 0.54 energy -3.21
69 models [4] recycles 0 hard 0 soft 1 temp 1 loss 3.61 i_con 3.88 plddt 0.36 ptm 0.88 i_ptm 0.45 energy -3.38
70 models [1] recycles 0 hard 0 soft 1 temp 1 loss 3.75 i_con 4.02 plddt 0.32 ptm 0.86 i_ptm 0.34 energy -3.42
71 models [3] recycles 0 hard 0 soft 1 temp 1 loss 3.42 i_con 3.70 plddt 0.43 ptm 0.86 i_ptm 0.53 energy -3.44
72 models [1] recycles 0 hard 0 soft 1 temp 1 loss 3.79 i_con 4.07 plddt 0.30 ptm 0.87 i_ptm 0.32 energy -3.48
73 models [0] recycles 0 hard 0 soft 1 temp 1 loss 3.03 i_con 3.32 plddt 0.56 ptm 0.86 i_ptm 0.68 energy -3.37
74 models [3] recycles 0 hard 0 soft 1 temp 1 loss 3.22 i_con 3.51 plddt 0.44 ptm 0.87 i_ptm 0.62 energy -3.41
75 models [4] recycles 0 hard 0 soft 1 temp 1 loss 3.40 i_con 3.68 plddt 0.43 ptm 0.89 i_ptm 0.57 energy -3.38
76 models [1] recycles 0 hard 0 soft 1 temp 1 loss 3.65 i_con 3.93 plddt 0.32 ptm 0.86 i_ptm 0.39 energy -3.46
77 models [4] recycles 0 hard 0 soft 1 temp 1 loss 3.41 i_con 3.69 plddt 0.45 ptm 0.89 i_ptm 0.56 energy -3.36
78 models [0] recycles 0 hard 0 soft 1 temp 1 loss 3.25 i_con 3.54 plddt 0.46 ptm 0.87 i_ptm 0.61 energy -3.41
79 models [4] recycles 0 hard 0 soft 1 temp 1 loss 3.27 i_con 3.55 plddt 0.47 ptm 0.89 i_ptm 0.60 energy -3.36
80 models [3] recycles 0 hard 0 soft 1 temp 1 loss 2.66 i_con 2.97 plddt 0.64 ptm 0.88 i_ptm 0.79 energy -3.42
81 models [3] recycles 0 hard 0 soft 1 temp 1 loss 3.35 i_con 3.63 plddt 0.40 ptm 0.87 i_ptm 0.58 energy -3.45
82 models [0] recycles 0 hard 0 soft 1 temp 1 loss 3.08 i_con 3.37 plddt 0.43 ptm 0.86 i_ptm 0.60 energy -3.44
83 models [0] recycles 0 hard 0 soft 1 temp 1 loss 3.27 i_con 3.55 plddt 0.44 ptm 0.86 i_ptm 0.59 energy -3.40
84 models [0] recycles 0 hard 0 soft 1 temp 1 loss 3.11 i_con 3.40 plddt 0.44 ptm 0.86 i_ptm 0.65 energy -3.48
85 models [3] recycles 0 hard 0 soft 1 temp 1 loss 3.09 i_con 3.39 plddt 0.53 ptm 0.87 i_ptm 0.65 energy -3.43
86 models [4] recycles 0 hard 0 soft 1 temp 1 loss 3.15 i_con 3.44 plddt 0.52 ptm 0.89 i_ptm 0.64 energy -3.47
87 models [2] recycles 0 hard 0 soft 1 temp 1 loss 3.13 i_con 3.43 plddt 0.44 ptm 0.87 i_ptm 0.66 energy -3.57
88 models [4] recycles 0 hard 0 soft 1 temp 1 loss 3.33 i_con 3.62 plddt 0.46 ptm 0.89 i_ptm 0.56 energy -3.52
89 models [4] recycles 0 hard 0 soft 1 temp 1 loss 2.94 i_con 3.26 plddt 0.46 ptm 0.89 i_ptm 0.70 energy -3.73
90 models [0] recycles 0 hard 0 soft 1 temp 1 loss 2.85 i_con 3.16 plddt 0.47 ptm 0.87 i_ptm 0.73 energy -3.65
91 models [3] recycles 0 hard 0 soft 1 temp 1 loss 2.79 i_con 3.10 plddt 0.49 ptm 0.88 i_ptm 0.75 energy -3.61
92 models [0] recycles 0 hard 0 soft 1 temp 1 loss 2.72 i_con 3.01 plddt 0.50 ptm 0.86 i_ptm 0.77 energy -3.37
93 models [1] recycles 0 hard 0 soft 1 temp 1 loss 3.31 i_con 3.60 plddt 0.43 ptm 0.88 i_ptm 0.58 energy -3.56
94 models [0] recycles 0 hard 0 soft 1 temp 1 loss 2.71 i_con 3.02 plddt 0.49 ptm 0.87 i_ptm 0.78 energy -3.62
95 models [2] recycles 0 hard 0 soft 1 temp 1 loss 2.95 i_con 3.25 plddt 0.48 ptm 0.88 i_ptm 0.72 energy -3.53
96 models [1] recycles 0 hard 0 soft 1 temp 1 loss 2.38 i_con 2.69 plddt 0.51 ptm 0.90 i_ptm 0.84 energy -3.50
97 models [0] recycles 0 hard 0 soft 1 temp 1 loss 2.61 i_con 2.91 plddt 0.52 ptm 0.87 i_ptm 0.80 energy -3.52
98 models [1] recycles 0 hard 0 soft 1 temp 1 loss 4.65 i_con 4.92 plddt 0.27 ptm 0.86 i_ptm 0.14 energy -3.46
99 models [0] recycles 0 hard 0 soft 1 temp 1 loss 2.61 i_con 2.91 plddt 0.50 ptm 0.88 i_ptm 0.79 energy -3.44
100 models [1] recycles 0 hard 0 soft 1 temp 1 loss 2.92 i_con 3.21 plddt 0.45 ptm 0.89 i_ptm 0.73 energy -3.42
101 models [0] recycles 0 hard 0 soft 0 temp 1 loss -6.25 i_con 3.74 plddt 0.38 ptm 0.85 i_ptm 0.51 energy -20.10
102 models [3] recycles 0 hard 0 soft 0 temp 0.98 loss -7.07 i_con 4.08 plddt 0.26 ptm 0.86 i_ptm 0.30 energy -22.46
103 models [0] recycles 0 hard 0 soft 0 temp 0.96 loss -8.25 i_con 3.91 plddt 0.32 ptm 0.85 i_ptm 0.43 energy -24.47
104 models [4] recycles 0 hard 0 soft 0 temp 0.94 loss -7.98 i_con 5.23 plddt 0.18 ptm 0.86 i_ptm 0.18 energy -26.58
105 models [0] recycles 0 hard 0 soft 0 temp 0.92 loss -9.38 i_con 4.01 plddt 0.30 ptm 0.85 i_ptm 0.36 energy -26.93
106 models [3] recycles 0 hard 0 soft 0 temp 0.90 loss -9.66 i_con 4.43 plddt 0.21 ptm 0.85 i_ptm 0.14 energy -28.33
107 models [0] recycles 0 hard 0 soft 0 temp 0.88 loss -10.56 i_con 3.91 plddt 0.31 ptm 0.85 i_ptm 0.40 energy -29.08
108 models [3] recycles 0 hard 0 soft 0 temp 0.86 loss -10.92 i_con 4.50 plddt 0.26 ptm 0.85 i_ptm 0.23 energy -31.00
109 models [0] recycles 0 hard 0 soft 0 temp 0.84 loss -12.18 i_con 4.00 plddt 0.30 ptm 0.84 i_ptm 0.35 energy -32.49
110 models [0] recycles 0 hard 0 soft 0 temp 0.82 loss -12.85 i_con 4.03 plddt 0.31 ptm 0.85 i_ptm 0.39 energy -33.91
111 models [4] recycles 0 hard 0 soft 0 temp 0.80 loss -12.55 i_con 5.24 plddt 0.23 ptm 0.87 i_ptm 0.13 energy -35.74
112 models [1] recycles 0 hard 0 soft 0 temp 0.78 loss -12.12 i_con 5.74 plddt 0.23 ptm 0.85 i_ptm 0.17 energy -35.87
113 models [0] recycles 0 hard 0 soft 0 temp 0.76 loss -14.45 i_con 4.13 plddt 0.28 ptm 0.83 i_ptm 0.30 energy -37.31
114 models [4] recycles 0 hard 0 soft 0 temp 0.74 loss -15.21 i_con 4.35 plddt 0.22 ptm 0.87 i_ptm 0.24 energy -39.29
115 models [4] recycles 0 hard 0 soft 0 temp 0.72 loss -16.07 i_con 4.32 plddt 0.21 ptm 0.87 i_ptm 0.25 energy -40.95
116 models [2] recycles 0 hard 0 soft 0 temp 0.70 loss -17.08 i_con 4.09 plddt 0.29 ptm 0.87 i_ptm 0.36 energy -42.47
117 models [4] recycles 0 hard 0 soft 0 temp 0.68 loss -18.20 i_con 4.05 plddt 0.27 ptm 0.88 i_ptm 0.38 energy -44.64
118 models [2] recycles 0 hard 0 soft 0 temp 0.66 loss -17.54 i_con 5.84 plddt 0.23 ptm 0.83 i_ptm 0.12 energy -46.92
119 models [1] recycles 0 hard 0 soft 0 temp 0.64 loss -18.45 i_con 4.99 plddt 0.24 ptm 0.85 i_ptm 0.12 energy -47.04
120 models [3] recycles 0 hard 0 soft 0 temp 0.62 loss -19.86 i_con 4.08 plddt 0.27 ptm 0.85 i_ptm 0.35 energy -48.03
121 models [1] recycles 0 hard 0 soft 0 temp 0.60 loss -20.03 i_con 5.06 plddt 0.22 ptm 0.85 i_ptm 0.11 energy -50.33
122 models [3] recycles 0 hard 0 soft 0 temp 0.58 loss -21.55 i_con 4.12 plddt 0.25 ptm 0.85 i_ptm 0.30 energy -51.49
123 models [3] recycles 0 hard 0 soft 0 temp 0.56 loss -22.59 i_con 4.19 plddt 0.24 ptm 0.85 i_ptm 0.27 energy -53.72
124 models [2] recycles 0 hard 0 soft 0 temp 0.54 loss -23.89 i_con 4.01 plddt 0.30 ptm 0.87 i_ptm 0.41 energy -55.93
125 models [3] recycles 0 hard 0 soft 0 temp 0.52 loss -24.93 i_con 4.05 plddt 0.27 ptm 0.85 i_ptm 0.35 energy -58.10
126 models [2] recycles 0 hard 0 soft 0 temp 0.50 loss -26.00 i_con 4.04 plddt 0.27 ptm 0.87 i_ptm 0.36 energy -60.22
127 models [3] recycles 0 hard 0 soft 0 temp 0.48 loss -27.18 i_con 4.11 plddt 0.26 ptm 0.86 i_ptm 0.33 energy -62.73
128 models [3] recycles 0 hard 0 soft 0 temp 0.46 loss -27.56 i_con 4.76 plddt 0.22 ptm 0.85 i_ptm 0.14 energy -64.79
129 models [0] recycles 0 hard 0 soft 0 temp 0.44 loss -27.89 i_con 4.56 plddt 0.23 ptm 0.83 i_ptm 0.18 energy -65.04
130 models [2] recycles 0 hard 0 soft 0 temp 0.42 loss -29.58 i_con 4.02 plddt 0.29 ptm 0.87 i_ptm 0.39 energy -67.35
131 models [3] recycles 0 hard 0 soft 0 temp 0.40 loss -30.49 i_con 4.26 plddt 0.24 ptm 0.85 i_ptm 0.22 energy -69.65
132 models [3] recycles 0 hard 0 soft 0 temp 0.38 loss -31.24 i_con 4.11 plddt 0.25 ptm 0.85 i_ptm 0.30 energy -70.85
133 models [1] recycles 0 hard 0 soft 0 temp 0.36 loss -31.35 i_con 5.10 plddt 0.23 ptm 0.86 i_ptm 0.12 energy -73.06
134 models [4] recycles 0 hard 0 soft 0 temp 0.34 loss -33.03 i_con 4.25 plddt 0.23 ptm 0.87 i_ptm 0.26 energy -74.72
135 models [4] recycles 0 hard 0 soft 0 temp 0.32 loss -33.79 i_con 4.24 plddt 0.23 ptm 0.88 i_ptm 0.27 energy -76.22
136 models [1] recycles 0 hard 0 soft 0 temp 0.30 loss -33.42 i_con 5.54 plddt 0.23 ptm 0.86 i_ptm 0.12 energy -78.09
137 models [2] recycles 0 hard 0 soft 0 temp 0.28 loss -35.24 i_con 4.06 plddt 0.27 ptm 0.87 i_ptm 0.35 energy -78.76
138 models [0] recycles 0 hard 0 soft 0 temp 0.26 loss -35.59 i_con 4.64 plddt 0.24 ptm 0.83 i_ptm 0.18 energy -80.62
139 models [1] recycles 0 hard 0 soft 0 temp 0.24 loss -35.47 i_con 5.57 plddt 0.22 ptm 0.86 i_ptm 0.11 energy -82.24
140 models [2] recycles 0 hard 0 soft 0 temp 0.22 loss -36.84 i_con 5.16 plddt 0.22 ptm 0.85 i_ptm 0.13 energy -84.16
141 models [4] recycles 0 hard 0 soft 0 temp 0.20 loss -37.69 i_con 5.09 plddt 0.20 ptm 0.87 i_ptm 0.13 energy -85.72
142 models [4] recycles 0 hard 0 soft 0 temp 0.18 loss -37.73 i_con 5.72 plddt 0.21 ptm 0.87 i_ptm 0.15 energy -87.06
143 models [3] recycles 0 hard 0 soft 0 temp 0.16 loss -38.30 i_con 5.50 plddt 0.23 ptm 0.85 i_ptm 0.20 energy -87.76
144 models [2] recycles 0 hard 0 soft 0 temp 0.14 loss -39.98 i_con 4.33 plddt 0.25 ptm 0.86 i_ptm 0.27 energy -88.77
145 models [3] recycles 0 hard 0 soft 0 temp 0.12 loss -39.34 i_con 5.28 plddt 0.21 ptm 0.85 i_ptm 0.14 energy -89.39
146 models [4] recycles 0 hard 0 soft 0 temp 0.10 loss -39.96 i_con 5.07 plddt 0.20 ptm 0.87 i_ptm 0.16 energy -90.21
147 models [0] recycles 0 hard 0 soft 0 temp 0.08 loss -40.90 i_con 4.79 plddt 0.22 ptm 0.83 i_ptm 0.10 energy -91.54
148 models [4] recycles 0 hard 0 soft 0 temp 0.06 loss -40.90 i_con 5.54 plddt 0.19 ptm 0.87 i_ptm 0.12 energy -93.04
149 models [3] recycles 0 hard 0 soft 0 temp 0.04 loss -41.90 i_con 5.56 plddt 0.24 ptm 0.86 i_ptm 0.23 energy -95.09
150 models [0] recycles 0 hard 0 soft 0 temp 0.02 loss -43.65 i_con 4.83 plddt 0.23 ptm 0.83 i_ptm 0.12 energy -97.10
151 models [2] recycles 0 hard 1 soft 0 temp 0.00 loss -0.75 i_con 4.53 plddt 0.32 ptm 0.86 i_ptm 0.35 energy -5.94
152 models [3] recycles 0 hard 1 soft 0 temp 0.00 loss -0.79 i_con 4.48 plddt 0.31 ptm 0.85 i_ptm 0.31 energy -5.94
153 models [1] recycles 0 hard 1 soft 0 temp 0.00 loss -0.96 i_con 4.32 plddt 0.45 ptm 0.87 i_ptm 0.53 energy -5.94
154 models [2] recycles 0 hard 1 soft 0 temp 0.00 loss -0.75 i_con 4.53 plddt 0.32 ptm 0.86 i_ptm 0.35 energy -5.94
155 models [3] recycles 0 hard 1 soft 0 temp 0.00 loss -0.79 i_con 4.48 plddt 0.31 ptm 0.85 i_ptm 0.31 energy -5.94
156 models [4] recycles 0 hard 1 soft 0 temp 0.00 loss -0.59 i_con 4.68 plddt 0.27 ptm 0.88 i_ptm 0.24 energy -5.94
157 models [2] recycles 0 hard 1 soft 0 temp 0.00 loss -0.75 i_con 4.53 plddt 0.32 ptm 0.86 i_ptm 0.35 energy -5.94
158 models [4] recycles 0 hard 1 soft 0 temp 0.00 loss -0.59 i_con 4.68 plddt 0.27 ptm 0.88 i_ptm 0.24 energy -5.94
159 models [2] recycles 0 hard 1 soft 0 temp 0.00 loss -0.75 i_con 4.53 plddt 0.32 ptm 0.86 i_ptm 0.35 energy -5.94
160 models [4] recycles 0 hard 1 soft 0 temp 0.00 loss -0.59 i_con 4.68 plddt 0.27 ptm 0.88 i_ptm 0.24 energy -5.94
161 models [1] recycles 0 hard 1 soft 0 temp 0.00 loss -0.96 i_con 4.32 plddt 0.45 ptm 0.87 i_ptm 0.53 energy -5.94
162 models [2] recycles 0 hard 1 soft 0 temp 0.00 loss -0.75 i_con 4.53 plddt 0.32 ptm 0.86 i_ptm 0.35 energy -5.94
163 models [1] recycles 0 hard 1 soft 0 temp 0.00 loss -0.96 i_con 4.32 plddt 0.45 ptm 0.87 i_ptm 0.53 energy -5.94
164 models [0] recycles 0 hard 1 soft 0 temp 0.00 loss -0.71 i_con 4.56 plddt 0.21 ptm 0.83 i_ptm 0.12 energy -5.94
165 models [2] recycles 0 hard 1 soft 0 temp 0.00 loss -0.75 i_con 4.53 plddt 0.32 ptm 0.86 i_ptm 0.35 energy -5.94
166 models [4] recycles 0 hard 1 soft 0 temp 0.00 loss -0.59 i_con 4.68 plddt 0.27 ptm 0.88 i_ptm 0.24 energy -5.94
167 models [0] recycles 0 hard 1 soft 0 temp 0.00 loss -0.71 i_con 4.56 plddt 0.21 ptm 0.83 i_ptm 0.12 energy -5.94
168 models [4] recycles 0 hard 1 soft 0 temp 0.00 loss -0.59 i_con 4.68 plddt 0.27 ptm 0.88 i_ptm 0.24 energy -5.94
169 models [0] recycles 0 hard 1 soft 0 temp 0.00 loss -0.71 i_con 4.56 plddt 0.21 ptm 0.83 i_ptm 0.12 energy -5.94
170 models [4] recycles 0 hard 1 soft 0 temp 0.00 loss -0.59 i_con 4.68 plddt 0.27 ptm 0.88 i_ptm 0.24 energy -5.94
171 models [0] recycles 0 hard 1 soft 0 temp 0.00 loss -0.71 i_con 4.56 plddt 0.21 ptm 0.83 i_ptm 0.12 energy -5.94
172 models [0] recycles 0 hard 1 soft 0 temp 0.00 loss -0.71 i_con 4.56 plddt 0.21 ptm 0.83 i_ptm 0.12 energy -5.94
173 models [3] recycles 0 hard 1 soft 0 temp 0.00 loss -0.79 i_con 4.48 plddt 0.31 ptm 0.85 i_ptm 0.31 energy -5.94
174 models [3] recycles 0 hard 1 soft 0 temp 0.00 loss -0.79 i_con 4.48 plddt 0.31 ptm 0.85 i_ptm 0.31 energy -5.94
175 models [4] recycles 0 hard 1 soft 0 temp 0.00 loss -0.59 i_con 4.68 plddt 0.27 ptm 0.88 i_ptm 0.24 energy -5.94
176 models [0] recycles 0 hard 1 soft 0 temp 0.00 loss -0.71 i_con 4.56 plddt 0.21 ptm 0.83 i_ptm 0.12 energy -5.94
177 models [0] recycles 0 hard 1 soft 0 temp 0.00 loss -0.71 i_con 4.56 plddt 0.21 ptm 0.83 i_ptm 0.12 energy -5.94
178 models [1] recycles 0 hard 1 soft 0 temp 0.00 loss -0.96 i_con 4.32 plddt 0.45 ptm 0.87 i_ptm 0.53 energy -5.94
179 models [2] recycles 0 hard 1 soft 0 temp 0.00 loss -0.75 i_con 4.53 plddt 0.32 ptm 0.86 i_ptm 0.35 energy -5.94
180 models [2] recycles 0 hard 1 soft 0 temp 0.00 loss -0.75 i_con 4.53 plddt 0.32 ptm 0.86 i_ptm 0.35 energy -5.94
  seq=NIIPRAWVAFFQGFC  loss=-0.7454  loss_af=4.5963  energy=-5.9352  i_ptm=0.3463
[6/30] seed=5 ...
1 models [0] recycles 0 hard 0 soft 1 temp 1 loss 4.62 i_con 4.18 plddt 0.28 ptm 0.84 i_ptm 0.31 energy 7.39
2 models [3] recycles 0 hard 0 soft 1 temp 1 loss 4.16 i_con 3.75 plddt 0.40 ptm 0.86 i_ptm 0.49 energy 7.04
3 models [1] recycles 0 hard 0 soft 1 temp 1 loss 5.37 i_con 4.97 plddt 0.21 ptm 0.86 i_ptm 0.15 energy 6.35
4 models [0] recycles 0 hard 0 soft 1 temp 1 loss 4.39 i_con 4.01 plddt 0.32 ptm 0.85 i_ptm 0.36 energy 6.18
5 models [4] recycles 0 hard 0 soft 1 temp 1 loss 5.18 i_con 4.82 plddt 0.22 ptm 0.87 i_ptm 0.13 energy 5.60
6 models [1] recycles 0 hard 0 soft 1 temp 1 loss 4.84 i_con 4.48 plddt 0.21 ptm 0.86 i_ptm 0.16 energy 5.52
7 models [0] recycles 0 hard 0 soft 1 temp 1 loss 4.32 i_con 3.99 plddt 0.32 ptm 0.84 i_ptm 0.37 energy 5.30
8 models [4] recycles 0 hard 0 soft 1 temp 1 loss 4.49 i_con 4.17 plddt 0.30 ptm 0.88 i_ptm 0.34 energy 4.86
9 models [0] recycles 0 hard 0 soft 1 temp 1 loss 4.13 i_con 3.83 plddt 0.37 ptm 0.86 i_ptm 0.46 energy 4.72
10 models [3] recycles 0 hard 0 soft 1 temp 1 loss 3.95 i_con 3.68 plddt 0.38 ptm 0.87 i_ptm 0.50 energy 4.10
11 models [0] recycles 0 hard 0 soft 1 temp 1 loss 4.22 i_con 3.97 plddt 0.35 ptm 0.85 i_ptm 0.42 energy 3.68
12 models [0] recycles 0 hard 0 soft 1 temp 1 loss 4.09 i_con 3.86 plddt 0.38 ptm 0.85 i_ptm 0.46 energy 3.45
13 models [3] recycles 0 hard 0 soft 1 temp 1 loss 4.32 i_con 4.10 plddt 0.28 ptm 0.85 i_ptm 0.28 energy 2.93
14 models [4] recycles 0 hard 0 soft 1 temp 1 loss 4.07 i_con 3.86 plddt 0.32 ptm 0.88 i_ptm 0.44 energy 2.88
15 models [0] recycles 0 hard 0 soft 1 temp 1 loss 3.80 i_con 3.61 plddt 0.42 ptm 0.86 i_ptm 0.56 energy 2.56
16 models [2] recycles 0 hard 0 soft 1 temp 1 loss 4.02 i_con 3.85 plddt 0.37 ptm 0.87 i_ptm 0.47 energy 2.24
17 models [3] recycles 0 hard 0 soft 1 temp 1 loss 3.74 i_con 3.58 plddt 0.43 ptm 0.87 i_ptm 0.54 energy 2.09
18 models [1] recycles 0 hard 0 soft 1 temp 1 loss 4.42 i_con 4.24 plddt 0.22 ptm 0.86 i_ptm 0.21 energy 1.99
19 models [1] recycles 0 hard 0 soft 1 temp 1 loss 4.15 i_con 3.99 plddt 0.30 ptm 0.87 i_ptm 0.36 energy 1.83
20 models [1] recycles 0 hard 0 soft 1 temp 1 loss 4.13 i_con 3.97 plddt 0.31 ptm 0.87 i_ptm 0.37 energy 1.73
21 models [2] recycles 0 hard 0 soft 1 temp 1 loss 4.00 i_con 3.85 plddt 0.37 ptm 0.87 i_ptm 0.46 energy 1.65
22 models [2] recycles 0 hard 0 soft 1 temp 1 loss 3.82 i_con 3.69 plddt 0.41 ptm 0.88 i_ptm 0.54 energy 1.41
23 models [0] recycles 0 hard 0 soft 1 temp 1 loss 3.86 i_con 3.75 plddt 0.43 ptm 0.85 i_ptm 0.52 energy 1.08
24 models [1] recycles 0 hard 0 soft 1 temp 1 loss 3.97 i_con 3.86 plddt 0.33 ptm 0.87 i_ptm 0.42 energy 0.94
25 models [0] recycles 0 hard 0 soft 1 temp 1 loss 3.82 i_con 3.72 plddt 0.38 ptm 0.85 i_ptm 0.51 energy 0.77
26 models [3] recycles 0 hard 0 soft 1 temp 1 loss 3.69 i_con 3.60 plddt 0.41 ptm 0.87 i_ptm 0.54 energy 0.58
27 models [4] recycles 0 hard 0 soft 1 temp 1 loss 3.73 i_con 3.65 plddt 0.43 ptm 0.89 i_ptm 0.58 energy 0.54
28 models [1] recycles 0 hard 0 soft 1 temp 1 loss 4.07 i_con 3.99 plddt 0.32 ptm 0.87 i_ptm 0.37 energy 0.25
29 models [0] recycles 0 hard 0 soft 1 temp 1 loss 3.83 i_con 3.77 plddt 0.42 ptm 0.85 i_ptm 0.50 energy 0.03
30 models [1] recycles 0 hard 0 soft 1 temp 1 loss 4.44 i_con 4.37 plddt 0.25 ptm 0.86 i_ptm 0.18 energy -0.20
31 models [1] recycles 0 hard 0 soft 1 temp 1 loss 5.48 i_con 5.41 plddt 0.27 ptm 0.85 i_ptm 0.15 energy -0.03
32 models [4] recycles 0 hard 0 soft 1 temp 1 loss 3.73 i_con 3.67 plddt 0.45 ptm 0.89 i_ptm 0.53 energy -0.07
33 models [4] recycles 0 hard 0 soft 1 temp 1 loss 3.66 i_con 3.63 plddt 0.46 ptm 0.90 i_ptm 0.56 energy -0.43
34 models [4] recycles 0 hard 0 soft 1 temp 1 loss 3.71 i_con 3.67 plddt 0.38 ptm 0.89 i_ptm 0.51 energy -0.57
35 models [4] recycles 0 hard 0 soft 1 temp 1 loss 3.84 i_con 3.81 plddt 0.35 ptm 0.88 i_ptm 0.46 energy -0.60
36 models [2] recycles 0 hard 0 soft 1 temp 1 loss 3.74 i_con 3.72 plddt 0.43 ptm 0.87 i_ptm 0.54 energy -0.71
37 models [3] recycles 0 hard 0 soft 1 temp 1 loss 3.65 i_con 3.63 plddt 0.42 ptm 0.87 i_ptm 0.57 energy -0.74
38 models [1] recycles 0 hard 0 soft 1 temp 1 loss 3.85 i_con 3.83 plddt 0.37 ptm 0.87 i_ptm 0.45 energy -0.76
39 models [3] recycles 0 hard 0 soft 1 temp 1 loss 3.70 i_con 3.69 plddt 0.39 ptm 0.86 i_ptm 0.53 energy -0.96
40 models [4] recycles 0 hard 0 soft 1 temp 1 loss 5.81 i_con 5.79 plddt 0.35 ptm 0.87 i_ptm 0.30 energy -0.95
41 models [3] recycles 0 hard 0 soft 1 temp 1 loss 3.50 i_con 3.51 plddt 0.48 ptm 0.87 i_ptm 0.61 energy -1.07
42 models [3] recycles 0 hard 0 soft 1 temp 1 loss 3.69 i_con 3.69 plddt 0.43 ptm 0.87 i_ptm 0.55 energy -1.08
43 models [2] recycles 0 hard 0 soft 1 temp 1 loss 3.59 i_con 3.60 plddt 0.46 ptm 0.87 i_ptm 0.57 energy -1.15
44 models [3] recycles 0 hard 0 soft 1 temp 1 loss 3.70 i_con 3.70 plddt 0.40 ptm 0.87 i_ptm 0.51 energy -1.21
45 models [3] recycles 0 hard 0 soft 1 temp 1 loss 3.56 i_con 3.58 plddt 0.46 ptm 0.87 i_ptm 0.57 energy -1.30
46 models [2] recycles 0 hard 0 soft 1 temp 1 loss 3.58 i_con 3.59 plddt 0.47 ptm 0.88 i_ptm 0.59 energy -1.31
47 models [0] recycles 0 hard 0 soft 1 temp 1 loss 3.77 i_con 3.78 plddt 0.44 ptm 0.85 i_ptm 0.51 energy -1.29
48 models [3] recycles 0 hard 0 soft 1 temp 1 loss 3.40 i_con 3.42 plddt 0.48 ptm 0.87 i_ptm 0.62 energy -1.46
49 models [0] recycles 0 hard 0 soft 1 temp 1 loss 3.83 i_con 3.84 plddt 0.38 ptm 0.85 i_ptm 0.40 energy -1.52
50 models [4] recycles 0 hard 0 soft 1 temp 1 loss 3.68 i_con 3.71 plddt 0.44 ptm 0.89 i_ptm 0.56 energy -1.57
51 models [2] recycles 0 hard 0 soft 1 temp 1 loss 3.60 i_con 3.70 plddt 0.46 ptm 0.88 i_ptm 0.57 energy -1.48
52 models [2] recycles 0 hard 0 soft 1 temp 1 loss 3.53 i_con 3.65 plddt 0.47 ptm 0.87 i_ptm 0.58 energy -1.69
53 models [1] recycles 0 hard 0 soft 1 temp 1 loss 4.01 i_con 4.11 plddt 0.30 ptm 0.87 i_ptm 0.31 energy -1.70
54 models [0] recycles 0 hard 0 soft 1 temp 1 loss 3.51 i_con 3.64 plddt 0.47 ptm 0.85 i_ptm 0.56 energy -1.78
55 models [4] recycles 0 hard 0 soft 1 temp 1 loss 3.56 i_con 3.68 plddt 0.44 ptm 0.89 i_ptm 0.55 energy -1.77
56 models [1] recycles 0 hard 0 soft 1 temp 1 loss 4.03 i_con 4.16 plddt 0.29 ptm 0.86 i_ptm 0.28 energy -1.93
57 models [0] recycles 0 hard 0 soft 1 temp 1 loss 3.66 i_con 3.79 plddt 0.42 ptm 0.85 i_ptm 0.48 energy -1.85
58 models [0] recycles 0 hard 0 soft 1 temp 1 loss 3.60 i_con 3.75 plddt 0.45 ptm 0.85 i_ptm 0.50 energy -2.10
59 models [4] recycles 0 hard 0 soft 1 temp 1 loss 3.35 i_con 3.51 plddt 0.49 ptm 0.90 i_ptm 0.64 energy -2.13
60 models [2] recycles 0 hard 0 soft 1 temp 1 loss 3.13 i_con 3.30 plddt 0.57 ptm 0.88 i_ptm 0.71 energy -2.09
61 models [1] recycles 0 hard 0 soft 1 temp 1 loss 3.79 i_con 3.94 plddt 0.32 ptm 0.87 i_ptm 0.40 energy -2.16
62 models [0] recycles 0 hard 0 soft 1 temp 1 loss 3.53 i_con 3.70 plddt 0.44 ptm 0.85 i_ptm 0.51 energy -2.25
63 models [2] recycles 0 hard 0 soft 1 temp 1 loss 3.55 i_con 3.72 plddt 0.42 ptm 0.87 i_ptm 0.54 energy -2.33
64 models [2] recycles 0 hard 0 soft 1 temp 1 loss 3.41 i_con 3.58 plddt 0.50 ptm 0.88 i_ptm 0.61 energy -2.29
65 models [3] recycles 0 hard 0 soft 1 temp 1 loss 4.02 i_con 4.15 plddt 0.25 ptm 0.84 i_ptm 0.24 energy -2.08
66 models [0] recycles 0 hard 0 soft 1 temp 1 loss 3.42 i_con 3.58 plddt 0.45 ptm 0.86 i_ptm 0.58 energy -2.16
67 models [4] recycles 0 hard 0 soft 1 temp 1 loss 5.26 i_con 5.41 plddt 0.32 ptm 0.87 i_ptm 0.29 energy -2.17
68 models [0] recycles 0 hard 0 soft 1 temp 1 loss 3.37 i_con 3.56 plddt 0.47 ptm 0.86 i_ptm 0.59 energy -2.41
69 models [4] recycles 0 hard 0 soft 1 temp 1 loss 4.61 i_con 4.78 plddt 0.23 ptm 0.87 i_ptm 0.11 energy -2.45
70 models [3] recycles 0 hard 0 soft 1 temp 1 loss 3.42 i_con 3.61 plddt 0.41 ptm 0.87 i_ptm 0.57 energy -2.41
71 models [2] recycles 0 hard 0 soft 1 temp 1 loss 3.39 i_con 3.59 plddt 0.47 ptm 0.88 i_ptm 0.60 energy -2.53
72 models [2] recycles 0 hard 0 soft 1 temp 1 loss 3.50 i_con 3.70 plddt 0.41 ptm 0.87 i_ptm 0.54 energy -2.61
73 models [0] recycles 0 hard 0 soft 1 temp 1 loss 3.47 i_con 3.67 plddt 0.41 ptm 0.86 i_ptm 0.55 energy -2.58
74 models [2] recycles 0 hard 0 soft 1 temp 1 loss 3.09 i_con 3.30 plddt 0.47 ptm 0.88 i_ptm 0.69 energy -2.70
75 models [1] recycles 0 hard 0 soft 1 temp 1 loss 4.20 i_con 4.40 plddt 0.30 ptm 0.86 i_ptm 0.28 energy -2.73
76 models [0] recycles 0 hard 0 soft 1 temp 1 loss 3.14 i_con 3.38 plddt 0.45 ptm 0.86 i_ptm 0.66 energy -2.92
77 models [3] recycles 0 hard 0 soft 1 temp 1 loss 3.28 i_con 3.51 plddt 0.43 ptm 0.88 i_ptm 0.63 energy -2.86
78 models [3] recycles 0 hard 0 soft 1 temp 1 loss 3.19 i_con 3.43 plddt 0.44 ptm 0.88 i_ptm 0.66 energy -2.94
79 models [3] recycles 0 hard 0 soft 1 temp 1 loss 2.82 i_con 3.07 plddt 0.61 ptm 0.88 i_ptm 0.76 energy -2.87
80 models [1] recycles 0 hard 0 soft 1 temp 1 loss 3.41 i_con 3.65 plddt 0.44 ptm 0.88 i_ptm 0.56 energy -2.94
81 models [2] recycles 0 hard 0 soft 1 temp 1 loss 3.23 i_con 3.47 plddt 0.51 ptm 0.88 i_ptm 0.63 energy -2.96
82 models [3] recycles 0 hard 0 soft 1 temp 1 loss 3.11 i_con 3.34 plddt 0.46 ptm 0.88 i_ptm 0.67 energy -2.85
83 models [1] recycles 0 hard 0 soft 1 temp 1 loss 4.19 i_con 4.41 plddt 0.27 ptm 0.86 i_ptm 0.21 energy -2.92
84 models [1] recycles 0 hard 0 soft 1 temp 1 loss 3.56 i_con 3.81 plddt 0.35 ptm 0.87 i_ptm 0.45 energy -3.09
85 models [0] recycles 0 hard 0 soft 1 temp 1 loss 3.05 i_con 3.30 plddt 0.46 ptm 0.87 i_ptm 0.69 energy -3.06
86 models [3] recycles 0 hard 0 soft 1 temp 1 loss 3.33 i_con 3.58 plddt 0.43 ptm 0.87 i_ptm 0.61 energy -3.04
87 models [1] recycles 0 hard 0 soft 1 temp 1 loss 3.14 i_con 3.40 plddt 0.43 ptm 0.88 i_ptm 0.67 energy -3.12
88 models [0] recycles 0 hard 0 soft 1 temp 1 loss 3.01 i_con 3.27 plddt 0.46 ptm 0.87 i_ptm 0.70 energy -3.14
89 models [1] recycles 0 hard 0 soft 1 temp 1 loss 4.03 i_con 4.29 plddt 0.34 ptm 0.87 i_ptm 0.41 energy -3.20
90 models [2] recycles 0 hard 0 soft 1 temp 1 loss 2.94 i_con 3.22 plddt 0.49 ptm 0.88 i_ptm 0.72 energy -3.25
91 models [2] recycles 0 hard 0 soft 1 temp 1 loss 2.88 i_con 3.16 plddt 0.51 ptm 0.88 i_ptm 0.74 energy -3.29
92 models [4] recycles 0 hard 0 soft 1 temp 1 loss 3.11 i_con 3.37 plddt 0.46 ptm 0.90 i_ptm 0.68 energy -3.18
93 models [4] recycles 0 hard 0 soft 1 temp 1 loss 2.87 i_con 3.15 plddt 0.47 ptm 0.90 i_ptm 0.73 energy -3.25
94 models [4] recycles 0 hard 0 soft 1 temp 1 loss 2.76 i_con 3.04 plddt 0.50 ptm 0.90 i_ptm 0.75 energy -3.31
95 models [3] recycles 0 hard 0 soft 1 temp 1 loss 3.10 i_con 3.37 plddt 0.43 ptm 0.87 i_ptm 0.67 energy -3.29
96 models [0] recycles 0 hard 0 soft 1 temp 1 loss 3.18 i_con 3.46 plddt 0.45 ptm 0.86 i_ptm 0.65 energy -3.30
97 models [2] recycles 0 hard 0 soft 1 temp 1 loss 3.39 i_con 3.66 plddt 0.42 ptm 0.87 i_ptm 0.54 energy -3.31
98 models [3] recycles 0 hard 0 soft 1 temp 1 loss 3.32 i_con 3.60 plddt 0.40 ptm 0.87 i_ptm 0.61 energy -3.41
99 models [1] recycles 0 hard 0 soft 1 temp 1 loss 3.12 i_con 3.40 plddt 0.44 ptm 0.89 i_ptm 0.65 energy -3.37
100 models [4] recycles 0 hard 0 soft 1 temp 1 loss 3.49 i_con 3.77 plddt 0.41 ptm 0.89 i_ptm 0.48 energy -3.45
101 models [1] recycles 0 hard 0 soft 0 temp 1 loss -1.48 i_con 6.46 plddt 0.28 ptm 0.86 i_ptm 0.20 energy -16.01
102 models [1] recycles 0 hard 0 soft 0 temp 0.98 loss -3.06 i_con 5.48 plddt 0.25 ptm 0.85 i_ptm 0.16 energy -17.22
103 models [3] recycles 0 hard 0 soft 0 temp 0.96 loss -4.35 i_con 4.42 plddt 0.27 ptm 0.84 i_ptm 0.21 energy -17.67
104 models [3] recycles 0 hard 0 soft 0 temp 0.94 loss -3.82 i_con 4.94 plddt 0.21 ptm 0.79 i_ptm 0.12 energy -17.68
105 models [3] recycles 0 hard 0 soft 0 temp 0.92 loss -6.29 i_con 2.55 plddt 0.30 ptm 0.43 i_ptm 0.43 energy -17.83
106 models [4] recycles 0 hard 0 soft 0 temp 0.90 loss -4.02 i_con 4.89 plddt 0.17 ptm 0.13 i_ptm 0.08 energy -17.98
107 models [2] recycles 0 hard 0 soft 0 temp 0.88 loss -4.06 i_con 4.83 plddt 0.17 ptm 0.14 i_ptm 0.21 energy -17.94
108 models [1] recycles 0 hard 0 soft 0 temp 0.86 loss -4.31 i_con 4.63 plddt 0.26 ptm 0.86 i_ptm 0.16 energy -18.03
109 models [3] recycles 0 hard 0 soft 0 temp 0.84 loss -4.68 i_con 4.32 plddt 0.16 ptm 0.21 i_ptm 0.36 energy -18.18
110 models [3] recycles 0 hard 0 soft 0 temp 0.82 loss -4.48 i_con 4.74 plddt 0.17 ptm 0.19 i_ptm 0.23 energy -18.61
111 models [4] recycles 0 hard 0 soft 0 temp 0.80 loss -5.35 i_con 3.92 plddt 0.18 ptm 0.30 i_ptm 0.55 energy -18.72
112 models [0] recycles 0 hard 0 soft 0 temp 0.78 loss -5.24 i_con 4.07 plddt 0.29 ptm 0.84 i_ptm 0.28 energy -18.75
113 models [1] recycles 0 hard 0 soft 0 temp 0.76 loss -4.97 i_con 4.80 plddt 0.24 ptm 0.85 i_ptm 0.15 energy -19.68
114 models [4] recycles 0 hard 0 soft 0 temp 0.74 loss -5.02 i_con 4.89 plddt 0.16 ptm 0.46 i_ptm 0.29 energy -19.98
115 models [4] recycles 0 hard 0 soft 0 temp 0.72 loss -6.60 i_con 3.56 plddt 0.20 ptm 0.50 i_ptm 0.70 energy -20.48
116 models [4] recycles 0 hard 0 soft 0 temp 0.70 loss -7.35 i_con 3.07 plddt 0.18 ptm 0.51 i_ptm 0.70 energy -21.01
117 models [2] recycles 0 hard 0 soft 0 temp 0.68 loss -6.78 i_con 3.73 plddt 0.18 ptm 0.24 i_ptm 0.45 energy -21.18
118 models [2] recycles 0 hard 0 soft 0 temp 0.66 loss -6.91 i_con 3.75 plddt 0.18 ptm 0.33 i_ptm 0.55 energy -21.48
119 models [3] recycles 0 hard 0 soft 0 temp 0.64 loss -8.24 i_con 2.52 plddt 0.33 ptm 0.60 i_ptm 0.60 energy -21.67
120 models [1] recycles 0 hard 0 soft 0 temp 0.62 loss -4.93 i_con 5.96 plddt 0.25 ptm 0.86 i_ptm 0.15 energy -21.92
121 models [4] recycles 0 hard 0 soft 0 temp 0.60 loss -8.29 i_con 3.32 plddt 0.27 ptm 0.33 i_ptm 0.52 energy -23.38
122 models [3] recycles 0 hard 0 soft 0 temp 0.58 loss -7.38 i_con 4.31 plddt 0.26 ptm 0.85 i_ptm 0.25 energy -23.52
123 models [0] recycles 0 hard 0 soft 0 temp 0.56 loss -7.94 i_con 4.50 plddt 0.24 ptm 0.83 i_ptm 0.17 energy -25.03
124 models [1] recycles 0 hard 0 soft 0 temp 0.54 loss -7.63 i_con 5.65 plddt 0.25 ptm 0.86 i_ptm 0.13 energy -26.72
125 models [1] recycles 0 hard 0 soft 0 temp 0.52 loss -8.77 i_con 5.37 plddt 0.24 ptm 0.86 i_ptm 0.12 energy -28.42
126 models [4] recycles 0 hard 0 soft 0 temp 0.50 loss -10.66 i_con 4.24 plddt 0.25 ptm 0.87 i_ptm 0.24 energy -29.94
127 models [1] recycles 0 hard 0 soft 0 temp 0.48 loss -11.30 i_con 4.31 plddt 0.25 ptm 0.86 i_ptm 0.21 energy -31.37
128 models [4] recycles 0 hard 0 soft 0 temp 0.46 loss -12.47 i_con 3.93 plddt 0.30 ptm 0.89 i_ptm 0.38 energy -32.95
129 models [4] recycles 0 hard 0 soft 0 temp 0.44 loss -13.36 i_con 4.01 plddt 0.28 ptm 0.88 i_ptm 0.33 energy -34.89
130 models [3] recycles 0 hard 0 soft 0 temp 0.42 loss -13.60 i_con 4.64 plddt 0.22 ptm 0.84 i_ptm 0.15 energy -36.65
131 models [3] recycles 0 hard 0 soft 0 temp 0.40 loss -14.65 i_con 4.14 plddt 0.26 ptm 0.84 i_ptm 0.28 energy -37.74
132 models [1] recycles 0 hard 0 soft 0 temp 0.38 loss -15.38 i_con 4.13 plddt 0.30 ptm 0.86 i_ptm 0.28 energy -39.16
133 models [4] recycles 0 hard 0 soft 0 temp 0.36 loss -16.42 i_con 4.02 plddt 0.28 ptm 0.88 i_ptm 0.33 energy -41.02
134 models [4] recycles 0 hard 0 soft 0 temp 0.34 loss -16.96 i_con 4.30 plddt 0.24 ptm 0.88 i_ptm 0.22 energy -42.67
135 models [2] recycles 0 hard 0 soft 0 temp 0.32 loss -17.05 i_con 5.14 plddt 0.28 ptm 0.86 i_ptm 0.22 energy -44.53
136 models [3] recycles 0 hard 0 soft 0 temp 0.30 loss -18.84 i_con 4.05 plddt 0.26 ptm 0.85 i_ptm 0.34 energy -45.92
137 models [2] recycles 0 hard 0 soft 0 temp 0.28 loss -19.57 i_con 4.00 plddt 0.28 ptm 0.86 i_ptm 0.36 energy -47.30
138 models [3] recycles 0 hard 0 soft 0 temp 0.26 loss -20.21 i_con 4.24 plddt 0.26 ptm 0.84 i_ptm 0.26 energy -49.05
139 models [2] recycles 0 hard 0 soft 0 temp 0.24 loss -19.34 i_con 5.50 plddt 0.24 ptm 0.55 i_ptm 0.07 energy -49.82
140 models [0] recycles 0 hard 0 soft 0 temp 0.22 loss -20.29 i_con 4.59 plddt 0.22 ptm 0.83 i_ptm 0.16 energy -49.93
141 models [2] recycles 0 hard 0 soft 0 temp 0.20 loss -21.54 i_con 3.97 plddt 0.31 ptm 0.86 i_ptm 0.40 energy -51.16
142 models [3] recycles 0 hard 0 soft 0 temp 0.18 loss -22.06 i_con 4.26 plddt 0.25 ptm 0.85 i_ptm 0.26 energy -52.78
143 models [1] recycles 0 hard 0 soft 0 temp 0.16 loss -22.61 i_con 4.28 plddt 0.24 ptm 0.86 i_ptm 0.24 energy -53.93
144 models [3] recycles 0 hard 0 soft 0 temp 0.14 loss -23.49 i_con 4.13 plddt 0.27 ptm 0.85 i_ptm 0.30 energy -55.38
145 models [3] recycles 0 hard 0 soft 0 temp 0.12 loss -23.23 i_con 5.27 plddt 0.23 ptm 0.84 i_ptm 0.14 energy -57.15
146 models [2] recycles 0 hard 0 soft 0 temp 0.10 loss -24.89 i_con 4.11 plddt 0.29 ptm 0.87 i_ptm 0.34 energy -58.14
147 models [2] recycles 0 hard 0 soft 0 temp 0.08 loss -25.70 i_con 4.05 plddt 0.29 ptm 0.86 i_ptm 0.35 energy -59.63
148 models [0] recycles 0 hard 0 soft 0 temp 0.06 loss -26.36 i_con 4.23 plddt 0.27 ptm 0.84 i_ptm 0.30 energy -61.33
149 models [4] recycles 0 hard 0 soft 0 temp 0.04 loss -26.23 i_con 5.30 plddt 0.22 ptm 0.86 i_ptm 0.14 energy -63.23
150 models [4] recycles 0 hard 0 soft 0 temp 0.02 loss -27.47 i_con 4.70 plddt 0.23 ptm 0.87 i_ptm 0.19 energy -64.50
151 models [1] recycles 0 hard 1 soft 0 temp 0.00 loss 0.23 i_con 5.01 plddt 0.24 ptm 0.85 i_ptm 0.17 energy -5.39
152 models [3] recycles 0 hard 1 soft 0 temp 0.00 loss -1.14 i_con 3.65 plddt 0.33 ptm 0.87 i_ptm 0.57 energy -5.39
153 models [4] recycles 0 hard 1 soft 0 temp 0.00 loss -1.23 i_con 3.55 plddt 0.35 ptm 0.89 i_ptm 0.59 energy -5.39
154 models [2] recycles 0 hard 1 soft 0 temp 0.00 loss -1.34 i_con 3.45 plddt 0.38 ptm 0.88 i_ptm 0.63 energy -5.39
155 models [3] recycles 0 hard 1 soft 0 temp 0.00 loss -1.14 i_con 3.65 plddt 0.33 ptm 0.87 i_ptm 0.57 energy -5.39
156 models [1] recycles 0 hard 1 soft 0 temp 0.00 loss 0.23 i_con 5.01 plddt 0.24 ptm 0.85 i_ptm 0.17 energy -5.39
157 models [0] recycles 0 hard 1 soft 0 temp 0.00 loss -1.08 i_con 3.71 plddt 0.36 ptm 0.85 i_ptm 0.56 energy -5.39
158 models [3] recycles 0 hard 1 soft 0 temp 0.00 loss -1.14 i_con 3.65 plddt 0.33 ptm 0.87 i_ptm 0.57 energy -5.39
159 models [0] recycles 0 hard 1 soft 0 temp 0.00 loss -1.08 i_con 3.71 plddt 0.36 ptm 0.85 i_ptm 0.56 energy -5.39
160 models [1] recycles 0 hard 1 soft 0 temp 0.00 loss 0.23 i_con 5.01 plddt 0.24 ptm 0.85 i_ptm 0.17 energy -5.39
161 models [0] recycles 0 hard 1 soft 0 temp 0.00 loss -1.08 i_con 3.71 plddt 0.36 ptm 0.85 i_ptm 0.56 energy -5.39
162 models [4] recycles 0 hard 1 soft 0 temp 0.00 loss -1.23 i_con 3.55 plddt 0.35 ptm 0.89 i_ptm 0.59 energy -5.39
163 models [2] recycles 0 hard 1 soft 0 temp 0.00 loss -1.34 i_con 3.45 plddt 0.38 ptm 0.88 i_ptm 0.63 energy -5.39
164 models [4] recycles 0 hard 1 soft 0 temp 0.00 loss -1.23 i_con 3.55 plddt 0.35 ptm 0.89 i_ptm 0.59 energy -5.39
165 models [0] recycles 0 hard 1 soft 0 temp 0.00 loss -1.08 i_con 3.71 plddt 0.36 ptm 0.85 i_ptm 0.56 energy -5.39
166 models [0] recycles 0 hard 1 soft 0 temp 0.00 loss -1.08 i_con 3.71 plddt 0.36 ptm 0.85 i_ptm 0.56 energy -5.39
167 models [0] recycles 0 hard 1 soft 0 temp 0.00 loss -1.08 i_con 3.71 plddt 0.36 ptm 0.85 i_ptm 0.56 energy -5.39
168 models [1] recycles 0 hard 1 soft 0 temp 0.00 loss 0.23 i_con 5.01 plddt 0.24 ptm 0.85 i_ptm 0.17 energy -5.39
169 models [4] recycles 0 hard 1 soft 0 temp 0.00 loss -1.23 i_con 3.55 plddt 0.35 ptm 0.89 i_ptm 0.59 energy -5.39
170 models [4] recycles 0 hard 1 soft 0 temp 0.00 loss -1.23 i_con 3.55 plddt 0.35 ptm 0.89 i_ptm 0.59 energy -5.39
171 models [4] recycles 0 hard 1 soft 0 temp 0.00 loss -1.23 i_con 3.55 plddt 0.35 ptm 0.89 i_ptm 0.59 energy -5.39
172 models [3] recycles 0 hard 1 soft 0 temp 0.00 loss -1.14 i_con 3.65 plddt 0.33 ptm 0.87 i_ptm 0.57 energy -5.39
173 models [4] recycles 0 hard 1 soft 0 temp 0.00 loss -1.23 i_con 3.55 plddt 0.35 ptm 0.89 i_ptm 0.59 energy -5.39
174 models [0] recycles 0 hard 1 soft 0 temp 0.00 loss -1.08 i_con 3.71 plddt 0.36 ptm 0.85 i_ptm 0.56 energy -5.39
175 models [4] recycles 0 hard 1 soft 0 temp 0.00 loss -1.23 i_con 3.55 plddt 0.35 ptm 0.89 i_ptm 0.59 energy -5.39
176 models [2] recycles 0 hard 1 soft 0 temp 0.00 loss -1.34 i_con 3.45 plddt 0.38 ptm 0.88 i_ptm 0.63 energy -5.39
177 models [2] recycles 0 hard 1 soft 0 temp 0.00 loss -1.34 i_con 3.45 plddt 0.38 ptm 0.88 i_ptm 0.63 energy -5.39
178 models [0] recycles 0 hard 1 soft 0 temp 0.00 loss -1.08 i_con 3.71 plddt 0.36 ptm 0.85 i_ptm 0.56 energy -5.39
179 models [3] recycles 0 hard 1 soft 0 temp 0.00 loss -1.14 i_con 3.65 plddt 0.33 ptm 0.87 i_ptm 0.57 energy -5.39
180 models [2] recycles 0 hard 1 soft 0 temp 0.00 loss -1.34 i_con 3.45 plddt 0.38 ptm 0.88 i_ptm 0.63 energy -5.39
  seq=NAKRAWADVWWQKDC  loss=-1.3379  loss_af=3.5149  energy=-5.3920  i_ptm=0.6316
[7/30] seed=6 ...
1 models [1] recycles 0 hard 0 soft 1 temp 1 loss 4.54 i_con 4.10 plddt 0.26 ptm 0.87 i_ptm 0.29 energy 7.40
2 models [1] recycles 0 hard 0 soft 1 temp 1 loss 4.77 i_con 4.34 plddt 0.24 ptm 0.86 i_ptm 0.22 energy 7.07
3 models [1] recycles 0 hard 0 soft 1 temp 1 loss 4.35 i_con 3.94 plddt 0.28 ptm 0.86 i_ptm 0.33 energy 6.85
4 models [2] recycles 0 hard 0 soft 1 temp 1 loss 4.34 i_con 3.96 plddt 0.31 ptm 0.86 i_ptm 0.38 energy 6.16
5 models [2] recycles 0 hard 0 soft 1 temp 1 loss 4.22 i_con 3.87 plddt 0.34 ptm 0.86 i_ptm 0.43 energy 5.82
6 models [2] recycles 0 hard 0 soft 1 temp 1 loss 4.27 i_con 3.94 plddt 0.29 ptm 0.87 i_ptm 0.37 energy 5.13
7 models [4] recycles 0 hard 0 soft 1 temp 1 loss 4.12 i_con 3.81 plddt 0.31 ptm 0.88 i_ptm 0.43 energy 4.71
8 models [2] recycles 0 hard 0 soft 1 temp 1 loss 4.03 i_con 3.76 plddt 0.37 ptm 0.86 i_ptm 0.49 energy 4.04
9 models [4] recycles 0 hard 0 soft 1 temp 1 loss 4.19 i_con 3.94 plddt 0.28 ptm 0.88 i_ptm 0.37 energy 3.47
10 models [3] recycles 0 hard 0 soft 1 temp 1 loss 4.05 i_con 3.82 plddt 0.34 ptm 0.86 i_ptm 0.43 energy 3.15
11 models [0] recycles 0 hard 0 soft 1 temp 1 loss 4.18 i_con 3.98 plddt 0.30 ptm 0.85 i_ptm 0.36 energy 2.64
12 models [1] recycles 0 hard 0 soft 1 temp 1 loss 4.26 i_con 4.08 plddt 0.26 ptm 0.87 i_ptm 0.32 energy 2.21
13 models [1] recycles 0 hard 0 soft 1 temp 1 loss 4.20 i_con 4.03 plddt 0.26 ptm 0.86 i_ptm 0.30 energy 2.01
14 models [0] recycles 0 hard 0 soft 1 temp 1 loss 4.25 i_con 4.09 plddt 0.30 ptm 0.84 i_ptm 0.32 energy 1.80
15 models [0] recycles 0 hard 0 soft 1 temp 1 loss 4.15 i_con 4.01 plddt 0.33 ptm 0.84 i_ptm 0.35 energy 1.60
16 models [4] recycles 0 hard 0 soft 1 temp 1 loss 4.14 i_con 3.99 plddt 0.30 ptm 0.88 i_ptm 0.38 energy 1.57
17 models [0] recycles 0 hard 0 soft 1 temp 1 loss 4.12 i_con 3.98 plddt 0.32 ptm 0.84 i_ptm 0.36 energy 1.38
18 models [2] recycles 0 hard 0 soft 1 temp 1 loss 4.00 i_con 3.88 plddt 0.34 ptm 0.86 i_ptm 0.42 energy 1.18
19 models [1] recycles 0 hard 0 soft 1 temp 1 loss 5.06 i_con 4.92 plddt 0.21 ptm 0.86 i_ptm 0.19 energy 1.21
20 models [0] recycles 0 hard 0 soft 1 temp 1 loss 4.02 i_con 3.90 plddt 0.34 ptm 0.85 i_ptm 0.41 energy 1.08
21 models [3] recycles 0 hard 0 soft 1 temp 1 loss 3.72 i_con 3.63 plddt 0.41 ptm 0.86 i_ptm 0.53 energy 0.67
22 models [3] recycles 0 hard 0 soft 1 temp 1 loss 4.02 i_con 3.92 plddt 0.30 ptm 0.85 i_ptm 0.38 energy 0.59
23 models [3] recycles 0 hard 0 soft 1 temp 1 loss 3.90 i_con 3.80 plddt 0.34 ptm 0.86 i_ptm 0.44 energy 0.69
24 models [0] recycles 0 hard 0 soft 1 temp 1 loss 4.01 i_con 3.92 plddt 0.31 ptm 0.85 i_ptm 0.37 energy 0.43
25 models [1] recycles 0 hard 0 soft 1 temp 1 loss 3.97 i_con 3.90 plddt 0.31 ptm 0.87 i_ptm 0.39 energy 0.19
26 models [2] recycles 0 hard 0 soft 1 temp 1 loss 3.81 i_con 3.76 plddt 0.40 ptm 0.88 i_ptm 0.51 energy -0.17
27 models [3] recycles 0 hard 0 soft 1 temp 1 loss 3.78 i_con 3.73 plddt 0.36 ptm 0.86 i_ptm 0.47 energy -0.44
28 models [4] recycles 0 hard 0 soft 1 temp 1 loss 4.35 i_con 4.31 plddt 0.26 ptm 0.87 i_ptm 0.27 energy -0.57
29 models [3] recycles 0 hard 0 soft 1 temp 1 loss 3.82 i_con 3.78 plddt 0.34 ptm 0.86 i_ptm 0.45 energy -0.53
30 models [0] recycles 0 hard 0 soft 1 temp 1 loss 3.90 i_con 3.88 plddt 0.35 ptm 0.85 i_ptm 0.41 energy -1.00
31 models [2] recycles 0 hard 0 soft 1 temp 1 loss 3.75 i_con 3.75 plddt 0.42 ptm 0.87 i_ptm 0.52 energy -1.16
32 models [0] recycles 0 hard 0 soft 1 temp 1 loss 3.73 i_con 3.74 plddt 0.38 ptm 0.86 i_ptm 0.48 energy -1.43
33 models [1] recycles 0 hard 0 soft 1 temp 1 loss 3.90 i_con 3.91 plddt 0.29 ptm 0.87 i_ptm 0.38 energy -1.54
34 models [0] recycles 0 hard 0 soft 1 temp 1 loss 3.77 i_con 3.80 plddt 0.39 ptm 0.85 i_ptm 0.45 energy -1.86
35 models [2] recycles 0 hard 0 soft 1 temp 1 loss 4.05 i_con 4.07 plddt 0.31 ptm 0.86 i_ptm 0.33 energy -1.70
36 models [2] recycles 0 hard 0 soft 1 temp 1 loss 3.67 i_con 3.69 plddt 0.40 ptm 0.87 i_ptm 0.54 energy -1.71
37 models [4] recycles 0 hard 0 soft 1 temp 1 loss 3.80 i_con 3.83 plddt 0.36 ptm 0.88 i_ptm 0.49 energy -1.95
38 models [4] recycles 0 hard 0 soft 1 temp 1 loss 5.20 i_con 5.23 plddt 0.22 ptm 0.87 i_ptm 0.12 energy -2.07
39 models [1] recycles 0 hard 0 soft 1 temp 1 loss 5.15 i_con 5.17 plddt 0.24 ptm 0.86 i_ptm 0.13 energy -1.87
40 models [4] recycles 0 hard 0 soft 1 temp 1 loss 4.34 i_con 4.36 plddt 0.23 ptm 0.87 i_ptm 0.23 energy -1.89
41 models [0] recycles 0 hard 0 soft 1 temp 1 loss 3.85 i_con 3.88 plddt 0.33 ptm 0.85 i_ptm 0.40 energy -1.88
42 models [2] recycles 0 hard 0 soft 1 temp 1 loss 3.80 i_con 3.84 plddt 0.34 ptm 0.86 i_ptm 0.45 energy -2.22
43 models [0] recycles 0 hard 0 soft 1 temp 1 loss 3.88 i_con 3.93 plddt 0.34 ptm 0.85 i_ptm 0.38 energy -2.32
44 models [2] recycles 0 hard 0 soft 1 temp 1 loss 3.87 i_con 3.91 plddt 0.32 ptm 0.86 i_ptm 0.40 energy -2.22
45 models [3] recycles 0 hard 0 soft 1 temp 1 loss 3.80 i_con 3.85 plddt 0.38 ptm 0.86 i_ptm 0.43 energy -2.28
46 models [3] recycles 0 hard 0 soft 1 temp 1 loss 3.70 i_con 3.75 plddt 0.38 ptm 0.86 i_ptm 0.49 energy -2.14
47 models [0] recycles 0 hard 0 soft 1 temp 1 loss 3.82 i_con 3.87 plddt 0.39 ptm 0.85 i_ptm 0.45 energy -2.04
48 models [0] recycles 0 hard 0 soft 1 temp 1 loss 3.73 i_con 3.79 plddt 0.40 ptm 0.84 i_ptm 0.46 energy -2.22
49 models [4] recycles 0 hard 0 soft 1 temp 1 loss 3.86 i_con 3.89 plddt 0.33 ptm 0.88 i_ptm 0.40 energy -2.06
50 models [2] recycles 0 hard 0 soft 1 temp 1 loss 3.70 i_con 3.75 plddt 0.37 ptm 0.87 i_ptm 0.51 energy -2.38
51 models [0] recycles 0 hard 0 soft 1 temp 1 loss 3.77 i_con 3.94 plddt 0.33 ptm 0.84 i_ptm 0.38 energy -2.43
52 models [0] recycles 0 hard 0 soft 1 temp 1 loss 3.66 i_con 3.85 plddt 0.38 ptm 0.85 i_ptm 0.44 energy -2.49
53 models [1] recycles 0 hard 0 soft 1 temp 1 loss 4.69 i_con 4.88 plddt 0.23 ptm 0.85 i_ptm 0.13 energy -2.60
54 models [4] recycles 0 hard 0 soft 1 temp 1 loss 3.64 i_con 3.82 plddt 0.35 ptm 0.88 i_ptm 0.48 energy -2.52
55 models [3] recycles 0 hard 0 soft 1 temp 1 loss 3.43 i_con 3.63 plddt 0.43 ptm 0.87 i_ptm 0.58 energy -2.56
56 models [2] recycles 0 hard 0 soft 1 temp 1 loss 3.66 i_con 3.85 plddt 0.34 ptm 0.87 i_ptm 0.47 energy -2.55
57 models [2] recycles 0 hard 0 soft 1 temp 1 loss 3.64 i_con 3.83 plddt 0.37 ptm 0.88 i_ptm 0.49 energy -2.56
58 models [0] recycles 0 hard 0 soft 1 temp 1 loss 3.83 i_con 4.03 plddt 0.29 ptm 0.84 i_ptm 0.33 energy -2.66
59 models [4] recycles 0 hard 0 soft 1 temp 1 loss 3.71 i_con 3.92 plddt 0.31 ptm 0.88 i_ptm 0.43 energy -2.73
60 models [0] recycles 0 hard 0 soft 1 temp 1 loss 3.57 i_con 3.78 plddt 0.38 ptm 0.85 i_ptm 0.47 energy -2.66
61 models [4] recycles 0 hard 0 soft 1 temp 1 loss 3.64 i_con 3.84 plddt 0.32 ptm 0.88 i_ptm 0.44 energy -2.69
62 models [2] recycles 0 hard 0 soft 1 temp 1 loss 3.56 i_con 3.78 plddt 0.38 ptm 0.87 i_ptm 0.47 energy -2.85
63 models [2] recycles 0 hard 0 soft 1 temp 1 loss 3.48 i_con 3.70 plddt 0.41 ptm 0.87 i_ptm 0.54 energy -2.80
64 models [2] recycles 0 hard 0 soft 1 temp 1 loss 3.48 i_con 3.71 plddt 0.42 ptm 0.88 i_ptm 0.54 energy -2.87
65 models [0] recycles 0 hard 0 soft 1 temp 1 loss 3.82 i_con 4.04 plddt 0.30 ptm 0.85 i_ptm 0.34 energy -2.89
66 models [0] recycles 0 hard 0 soft 1 temp 1 loss 3.53 i_con 3.76 plddt 0.41 ptm 0.86 i_ptm 0.51 energy -2.87
67 models [1] recycles 0 hard 0 soft 1 temp 1 loss 3.77 i_con 3.98 plddt 0.30 ptm 0.87 i_ptm 0.38 energy -2.87
68 models [2] recycles 0 hard 0 soft 1 temp 1 loss 3.55 i_con 3.77 plddt 0.37 ptm 0.87 i_ptm 0.51 energy -2.82
69 models [3] recycles 0 hard 0 soft 1 temp 1 loss 3.39 i_con 3.62 plddt 0.43 ptm 0.87 i_ptm 0.56 energy -2.91
70 models [3] recycles 0 hard 0 soft 1 temp 1 loss 3.58 i_con 3.81 plddt 0.37 ptm 0.86 i_ptm 0.47 energy -2.97
71 models [3] recycles 0 hard 0 soft 1 temp 1 loss 3.48 i_con 3.72 plddt 0.37 ptm 0.87 i_ptm 0.50 energy -2.97
72 models [0] recycles 0 hard 0 soft 1 temp 1 loss 3.44 i_con 3.69 plddt 0.43 ptm 0.86 i_ptm 0.53 energy -3.04
73 models [2] recycles 0 hard 0 soft 1 temp 1 loss 3.53 i_con 3.78 plddt 0.38 ptm 0.87 i_ptm 0.48 energy -3.05
74 models [2] recycles 0 hard 0 soft 1 temp 1 loss 3.45 i_con 3.71 plddt 0.41 ptm 0.87 i_ptm 0.54 energy -3.17
75 models [1] recycles 0 hard 0 soft 1 temp 1 loss 3.61 i_con 3.85 plddt 0.33 ptm 0.87 i_ptm 0.47 energy -3.09
76 models [4] recycles 0 hard 0 soft 1 temp 1 loss 3.47 i_con 3.73 plddt 0.39 ptm 0.88 i_ptm 0.53 energy -3.17
77 models [2] recycles 0 hard 0 soft 1 temp 1 loss 3.52 i_con 3.78 plddt 0.38 ptm 0.87 i_ptm 0.50 energy -3.21
78 models [4] recycles 0 hard 0 soft 1 temp 1 loss 3.44 i_con 3.70 plddt 0.36 ptm 0.88 i_ptm 0.53 energy -3.26
79 models [4] recycles 0 hard 0 soft 1 temp 1 loss 4.41 i_con 4.67 plddt 0.24 ptm 0.86 i_ptm 0.17 energy -3.34
80 models [1] recycles 0 hard 0 soft 1 temp 1 loss 3.61 i_con 3.87 plddt 0.33 ptm 0.87 i_ptm 0.41 energy -3.31
81 models [0] recycles 0 hard 0 soft 1 temp 1 loss 3.47 i_con 3.74 plddt 0.38 ptm 0.86 i_ptm 0.48 energy -3.33
82 models [2] recycles 0 hard 0 soft 1 temp 1 loss 3.53 i_con 3.80 plddt 0.36 ptm 0.86 i_ptm 0.48 energy -3.32
83 models [0] recycles 0 hard 0 soft 1 temp 1 loss 3.48 i_con 3.75 plddt 0.40 ptm 0.86 i_ptm 0.49 energy -3.31
84 models [0] recycles 0 hard 0 soft 1 temp 1 loss 3.47 i_con 3.75 plddt 0.41 ptm 0.85 i_ptm 0.50 energy -3.36
85 models [0] recycles 0 hard 0 soft 1 temp 1 loss 3.49 i_con 3.77 plddt 0.40 ptm 0.86 i_ptm 0.50 energy -3.38
86 models [1] recycles 0 hard 0 soft 1 temp 1 loss 3.68 i_con 3.96 plddt 0.30 ptm 0.87 i_ptm 0.36 energy -3.57
87 models [4] recycles 0 hard 0 soft 1 temp 1 loss 3.41 i_con 3.70 plddt 0.35 ptm 0.88 i_ptm 0.53 energy -3.48
88 models [4] recycles 0 hard 0 soft 1 temp 1 loss 3.48 i_con 3.77 plddt 0.35 ptm 0.88 i_ptm 0.48 energy -3.54
89 models [3] recycles 0 hard 0 soft 1 temp 1 loss 3.42 i_con 3.70 plddt 0.37 ptm 0.87 i_ptm 0.50 energy -3.36
90 models [1] recycles 0 hard 0 soft 1 temp 1 loss 4.21 i_con 4.50 plddt 0.26 ptm 0.85 i_ptm 0.14 energy -3.68
91 models [2] recycles 0 hard 0 soft 1 temp 1 loss 3.51 i_con 3.80 plddt 0.35 ptm 0.87 i_ptm 0.46 energy -3.50
92 models [0] recycles 0 hard 0 soft 1 temp 1 loss 3.51 i_con 3.80 plddt 0.38 ptm 0.85 i_ptm 0.45 energy -3.52
93 models [0] recycles 0 hard 0 soft 1 temp 1 loss 3.50 i_con 3.80 plddt 0.39 ptm 0.85 i_ptm 0.46 energy -3.58
94 models [2] recycles 0 hard 0 soft 1 temp 1 loss 3.45 i_con 3.75 plddt 0.41 ptm 0.87 i_ptm 0.50 energy -3.63
95 models [3] recycles 0 hard 0 soft 1 temp 1 loss 3.25 i_con 3.54 plddt 0.46 ptm 0.87 i_ptm 0.61 energy -3.50
96 models [2] recycles 0 hard 0 soft 1 temp 1 loss 3.36 i_con 3.66 plddt 0.39 ptm 0.88 i_ptm 0.56 energy -3.57
97 models [3] recycles 0 hard 0 soft 1 temp 1 loss 3.52 i_con 3.82 plddt 0.35 ptm 0.86 i_ptm 0.45 energy -3.59
98 models [0] recycles 0 hard 0 soft 1 temp 1 loss 3.46 i_con 3.76 plddt 0.42 ptm 0.86 i_ptm 0.50 energy -3.58
99 models [3] recycles 0 hard 0 soft 1 temp 1 loss 3.36 i_con 3.66 plddt 0.41 ptm 0.88 i_ptm 0.54 energy -3.61
100 models [1] recycles 0 hard 0 soft 1 temp 1 loss 4.56 i_con 4.85 plddt 0.24 ptm 0.85 i_ptm 0.11 energy -3.60
101 models [2] recycles 0 hard 0 soft 0 temp 1 loss -9.14 i_con 1.43 plddt 0.40 ptm 0.66 i_ptm 0.40 energy -21.26
102 models [4] recycles 0 hard 0 soft 0 temp 0.98 loss -6.81 i_con 3.88 plddt 0.32 ptm 0.89 i_ptm 0.44 energy -21.50
103 models [4] recycles 0 hard 0 soft 0 temp 0.96 loss -7.80 i_con 3.84 plddt 0.34 ptm 0.88 i_ptm 0.45 energy -23.43
104 models [2] recycles 0 hard 0 soft 0 temp 0.94 loss -8.94 i_con 3.86 plddt 0.38 ptm 0.86 i_ptm 0.47 energy -25.73
105 models [1] recycles 0 hard 0 soft 0 temp 0.92 loss -7.93 i_con 5.97 plddt 0.26 ptm 0.86 i_ptm 0.18 energy -27.93
106 models [1] recycles 0 hard 0 soft 0 temp 0.90 loss -9.48 i_con 5.03 plddt 0.23 ptm 0.85 i_ptm 0.12 energy -29.16
107 models [1] recycles 0 hard 0 soft 0 temp 0.88 loss -8.51 i_con 6.02 plddt 0.29 ptm 0.86 i_ptm 0.21 energy -29.21
108 models [4] recycles 0 hard 0 soft 0 temp 0.86 loss -11.20 i_con 3.79 plddt 0.35 ptm 0.89 i_ptm 0.50 energy -30.12
109 models [4] recycles 0 hard 0 soft 0 temp 0.84 loss -10.96 i_con 5.13 plddt 0.23 ptm 0.86 i_ptm 0.15 energy -32.33
110 models [2] recycles 0 hard 0 soft 0 temp 0.82 loss -12.60 i_con 3.94 plddt 0.32 ptm 0.86 i_ptm 0.42 energy -33.20
111 models [2] recycles 0 hard 0 soft 0 temp 0.80 loss -13.58 i_con 3.90 plddt 0.31 ptm 0.87 i_ptm 0.43 energy -35.08
112 models [1] recycles 0 hard 0 soft 0 temp 0.78 loss -14.31 i_con 4.22 plddt 0.26 ptm 0.87 i_ptm 0.28 energy -37.21
113 models [0] recycles 0 hard 0 soft 0 temp 0.76 loss -15.38 i_con 4.05 plddt 0.28 ptm 0.84 i_ptm 0.33 energy -39.00
114 models [3] recycles 0 hard 0 soft 0 temp 0.74 loss -16.53 i_con 3.88 plddt 0.31 ptm 0.86 i_ptm 0.39 energy -40.96
115 models [2] recycles 0 hard 0 soft 0 temp 0.72 loss -17.73 i_con 3.81 plddt 0.36 ptm 0.87 i_ptm 0.49 energy -43.21
116 models [1] recycles 0 hard 0 soft 0 temp 0.70 loss -17.19 i_con 5.35 plddt 0.23 ptm 0.86 i_ptm 0.11 energy -45.22
117 models [3] recycles 0 hard 0 soft 0 temp 0.68 loss -18.49 i_con 4.47 plddt 0.24 ptm 0.84 i_ptm 0.18 energy -46.08
118 models [3] recycles 0 hard 0 soft 0 temp 0.66 loss -19.15 i_con 4.30 plddt 0.23 ptm 0.84 i_ptm 0.22 energy -47.05
119 models [4] recycles 0 hard 0 soft 0 temp 0.64 loss -19.22 i_con 5.13 plddt 0.23 ptm 0.87 i_ptm 0.17 energy -48.85
120 models [0] recycles 0 hard 0 soft 0 temp 0.62 loss -20.52 i_con 4.66 plddt 0.24 ptm 0.82 i_ptm 0.15 energy -50.51
121 models [1] recycles 0 hard 0 soft 0 temp 0.60 loss -20.21 i_con 5.67 plddt 0.25 ptm 0.86 i_ptm 0.16 energy -51.91
122 models [3] recycles 0 hard 0 soft 0 temp 0.58 loss -21.19 i_con 5.19 plddt 0.21 ptm 0.84 i_ptm 0.12 energy -52.93
123 models [2] recycles 0 hard 0 soft 0 temp 0.56 loss -21.60 i_con 5.40 plddt 0.23 ptm 0.85 i_ptm 0.14 energy -54.16
124 models [1] recycles 0 hard 0 soft 0 temp 0.54 loss -22.14 i_con 5.57 plddt 0.25 ptm 0.86 i_ptm 0.13 energy -55.57
125 models [4] recycles 0 hard 0 soft 0 temp 0.52 loss -23.74 i_con 4.51 plddt 0.19 ptm 0.87 i_ptm 0.20 energy -56.67
126 models [4] recycles 0 hard 0 soft 0 temp 0.50 loss -23.54 i_con 5.06 plddt 0.19 ptm 0.86 i_ptm 0.12 energy -57.36
127 models [0] recycles 0 hard 0 soft 0 temp 0.48 loss -24.98 i_con 4.36 plddt 0.24 ptm 0.83 i_ptm 0.22 energy -58.83
128 models [0] recycles 0 hard 0 soft 0 temp 0.46 loss -25.96 i_con 4.01 plddt 0.28 ptm 0.84 i_ptm 0.38 energy -60.08
129 models [0] recycles 0 hard 0 soft 0 temp 0.44 loss -26.90 i_con 4.11 plddt 0.25 ptm 0.84 i_ptm 0.33 energy -62.17
130 models [3] recycles 0 hard 0 soft 0 temp 0.42 loss -27.80 i_con 4.23 plddt 0.23 ptm 0.84 i_ptm 0.24 energy -64.22
131 models [1] recycles 0 hard 0 soft 0 temp 0.40 loss -27.44 i_con 5.03 plddt 0.21 ptm 0.86 i_ptm 0.13 energy -65.09
132 models [0] recycles 0 hard 0 soft 0 temp 0.38 loss -28.40 i_con 4.83 plddt 0.20 ptm 0.83 i_ptm 0.12 energy -66.63
133 models [1] recycles 0 hard 0 soft 0 temp 0.36 loss -29.66 i_con 4.42 plddt 0.23 ptm 0.86 i_ptm 0.20 energy -68.31
134 models [3] recycles 0 hard 0 soft 0 temp 0.34 loss -30.92 i_con 4.17 plddt 0.26 ptm 0.85 i_ptm 0.28 energy -70.31
135 models [2] recycles 0 hard 0 soft 0 temp 0.32 loss -31.88 i_con 4.22 plddt 0.26 ptm 0.86 i_ptm 0.29 energy -72.35
136 models [3] recycles 0 hard 0 soft 0 temp 0.30 loss -32.67 i_con 4.27 plddt 0.24 ptm 0.85 i_ptm 0.23 energy -74.03
137 models [1] recycles 0 hard 0 soft 0 temp 0.28 loss -32.19 i_con 5.65 plddt 0.25 ptm 0.85 i_ptm 0.16 energy -75.85
138 models [1] recycles 0 hard 0 soft 0 temp 0.26 loss -34.37 i_con 4.46 plddt 0.26 ptm 0.86 i_ptm 0.21 energy -77.81
139 models [3] recycles 0 hard 0 soft 0 temp 0.24 loss -34.21 i_con 5.43 plddt 0.22 ptm 0.84 i_ptm 0.15 energy -79.43
140 models [0] recycles 0 hard 0 soft 0 temp 0.22 loss -36.30 i_con 4.25 plddt 0.24 ptm 0.83 i_ptm 0.25 energy -81.25
141 models [4] recycles 0 hard 0 soft 0 temp 0.20 loss -36.10 i_con 5.46 plddt 0.22 ptm 0.87 i_ptm 0.13 energy -83.29
142 models [2] recycles 0 hard 0 soft 0 temp 0.18 loss -37.62 i_con 4.91 plddt 0.23 ptm 0.85 i_ptm 0.18 energy -85.22
143 models [2] recycles 0 hard 0 soft 0 temp 0.16 loss -37.48 i_con 5.77 plddt 0.26 ptm 0.86 i_ptm 0.24 energy -86.65
144 models [2] recycles 0 hard 0 soft 0 temp 0.14 loss -38.56 i_con 5.53 plddt 0.25 ptm 0.85 i_ptm 0.20 energy -88.32
145 models [3] recycles 0 hard 0 soft 0 temp 0.12 loss -39.96 i_con 5.11 plddt 0.22 ptm 0.85 i_ptm 0.15 energy -90.29
146 models [4] recycles 0 hard 0 soft 0 temp 0.10 loss -40.04 i_con 5.19 plddt 0.20 ptm 0.87 i_ptm 0.14 energy -90.60
147 models [3] recycles 0 hard 0 soft 0 temp 0.08 loss -41.20 i_con 4.43 plddt 0.22 ptm 0.85 i_ptm 0.18 energy -91.41
148 models [4] recycles 0 hard 0 soft 0 temp 0.06 loss -41.38 i_con 4.86 plddt 0.21 ptm 0.87 i_ptm 0.17 energy -92.64
149 models [3] recycles 0 hard 0 soft 0 temp 0.04 loss -41.97 i_con 4.33 plddt 0.23 ptm 0.85 i_ptm 0.24 energy -92.75
150 models [4] recycles 0 hard 0 soft 0 temp 0.02 loss -41.54 i_con 5.79 plddt 0.23 ptm 0.87 i_ptm 0.17 energy -94.82
151 models [3] recycles 0 hard 1 soft 0 temp 0.00 loss -0.33 i_con 5.75 plddt 0.27 ptm 0.85 i_ptm 0.30 energy -6.84
152 models [1] recycles 0 hard 1 soft 0 temp 0.00 loss -0.16 i_con 5.92 plddt 0.24 ptm 0.86 i_ptm 0.21 energy -6.84
153 models [4] recycles 0 hard 1 soft 0 temp 0.00 loss -0.27 i_con 5.80 plddt 0.21 ptm 0.87 i_ptm 0.20 energy -6.84
154 models [3] recycles 0 hard 1 soft 0 temp 0.00 loss -0.33 i_con 5.75 plddt 0.27 ptm 0.85 i_ptm 0.30 energy -6.84
155 models [1] recycles 0 hard 1 soft 0 temp 0.00 loss -0.16 i_con 5.92 plddt 0.24 ptm 0.86 i_ptm 0.21 energy -6.84
156 models [0] recycles 0 hard 1 soft 0 temp 0.00 loss -1.45 i_con 4.62 plddt 0.21 ptm 0.83 i_ptm 0.14 energy -6.84
157 models [1] recycles 0 hard 1 soft 0 temp 0.00 loss -0.16 i_con 5.92 plddt 0.24 ptm 0.86 i_ptm 0.21 energy -6.84
158 models [3] recycles 0 hard 1 soft 0 temp 0.00 loss -0.33 i_con 5.75 plddt 0.27 ptm 0.85 i_ptm 0.30 energy -6.84
159 models [2] recycles 0 hard 1 soft 0 temp 0.00 loss 0.42 i_con 6.50 plddt 0.30 ptm 0.87 i_ptm 0.39 energy -6.84
160 models [1] recycles 0 hard 1 soft 0 temp 0.00 loss -0.16 i_con 5.92 plddt 0.24 ptm 0.86 i_ptm 0.21 energy -6.84
161 models [4] recycles 0 hard 1 soft 0 temp 0.00 loss -0.27 i_con 5.80 plddt 0.21 ptm 0.87 i_ptm 0.20 energy -6.84
162 models [3] recycles 0 hard 1 soft 0 temp 0.00 loss -0.33 i_con 5.75 plddt 0.27 ptm 0.85 i_ptm 0.30 energy -6.84
163 models [4] recycles 0 hard 1 soft 0 temp 0.00 loss -0.27 i_con 5.80 plddt 0.21 ptm 0.87 i_ptm 0.20 energy -6.84
164 models [1] recycles 0 hard 1 soft 0 temp 0.00 loss -0.16 i_con 5.92 plddt 0.24 ptm 0.86 i_ptm 0.21 energy -6.84
165 models [1] recycles 0 hard 1 soft 0 temp 0.00 loss -0.16 i_con 5.92 plddt 0.24 ptm 0.86 i_ptm 0.21 energy -6.84
166 models [2] recycles 0 hard 1 soft 0 temp 0.00 loss 0.42 i_con 6.50 plddt 0.30 ptm 0.87 i_ptm 0.39 energy -6.84
167 models [0] recycles 0 hard 1 soft 0 temp 0.00 loss -1.45 i_con 4.62 plddt 0.21 ptm 0.83 i_ptm 0.14 energy -6.84
168 models [1] recycles 0 hard 1 soft 0 temp 0.00 loss -0.16 i_con 5.92 plddt 0.24 ptm 0.86 i_ptm 0.21 energy -6.84
169 models [4] recycles 0 hard 1 soft 0 temp 0.00 loss -0.27 i_con 5.80 plddt 0.21 ptm 0.87 i_ptm 0.20 energy -6.84
170 models [0] recycles 0 hard 1 soft 0 temp 0.00 loss -1.45 i_con 4.62 plddt 0.21 ptm 0.83 i_ptm 0.14 energy -6.84
171 models [2] recycles 0 hard 1 soft 0 temp 0.00 loss 0.42 i_con 6.50 plddt 0.30 ptm 0.87 i_ptm 0.39 energy -6.84
172 models [2] recycles 0 hard 1 soft 0 temp 0.00 loss 0.42 i_con 6.50 plddt 0.30 ptm 0.87 i_ptm 0.39 energy -6.84
173 models [1] recycles 0 hard 1 soft 0 temp 0.00 loss -0.16 i_con 5.92 plddt 0.24 ptm 0.86 i_ptm 0.21 energy -6.84
174 models [1] recycles 0 hard 1 soft 0 temp 0.00 loss -0.16 i_con 5.92 plddt 0.24 ptm 0.86 i_ptm 0.21 energy -6.84
175 models [3] recycles 0 hard 1 soft 0 temp 0.00 loss -0.33 i_con 5.75 plddt 0.27 ptm 0.85 i_ptm 0.30 energy -6.84
176 models [2] recycles 0 hard 1 soft 0 temp 0.00 loss 0.42 i_con 6.50 plddt 0.30 ptm 0.87 i_ptm 0.39 energy -6.84
177 models [3] recycles 0 hard 1 soft 0 temp 0.00 loss -0.33 i_con 5.75 plddt 0.27 ptm 0.85 i_ptm 0.30 energy -6.84
178 models [1] recycles 0 hard 1 soft 0 temp 0.00 loss -0.16 i_con 5.92 plddt 0.24 ptm 0.86 i_ptm 0.21 energy -6.84
179 models [2] recycles 0 hard 1 soft 0 temp 0.00 loss 0.42 i_con 6.50 plddt 0.30 ptm 0.87 i_ptm 0.39 energy -6.84
180 models [3] recycles 0 hard 1 soft 0 temp 0.00 loss -0.33 i_con 5.75 plddt 0.27 ptm 0.85 i_ptm 0.30 energy -6.84
  seq=AIGEAHCDVFYQAFC  loss=-0.3334  loss_af=5.8194  energy=-6.8365  i_ptm=0.2955
[8/30] seed=7 ...
1 models [0] recycles 0 hard 0 soft 1 temp 1 loss 5.74 i_con 5.29 plddt 0.23 ptm 0.83 i_ptm 0.16 energy 7.40
2 models [1] recycles 0 hard 0 soft 1 temp 1 loss 4.64 i_con 4.22 plddt 0.24 ptm 0.86 i_ptm 0.24 energy 6.83
3 models [4] recycles 0 hard 0 soft 1 temp 1 loss 4.55 i_con 4.16 plddt 0.26 ptm 0.87 i_ptm 0.30 energy 6.30
4 models [3] recycles 0 hard 0 soft 1 temp 1 loss 4.13 i_con 3.76 plddt 0.34 ptm 0.86 i_ptm 0.45 energy 6.00
5 models [1] recycles 0 hard 0 soft 1 temp 1 loss 5.49 i_con 5.14 plddt 0.22 ptm 0.86 i_ptm 0.17 energy 5.52
6 models [2] recycles 0 hard 0 soft 1 temp 1 loss 4.41 i_con 4.08 plddt 0.31 ptm 0.86 i_ptm 0.33 energy 5.15
7 models [4] recycles 0 hard 0 soft 1 temp 1 loss 4.38 i_con 4.08 plddt 0.31 ptm 0.88 i_ptm 0.31 energy 4.68
8 models [1] recycles 0 hard 0 soft 1 temp 1 loss 4.80 i_con 4.51 plddt 0.22 ptm 0.86 i_ptm 0.19 energy 4.22
9 models [3] recycles 0 hard 0 soft 1 temp 1 loss 4.01 i_con 3.75 plddt 0.38 ptm 0.87 i_ptm 0.47 energy 3.88
10 models [0] recycles 0 hard 0 soft 1 temp 1 loss 4.36 i_con 4.12 plddt 0.28 ptm 0.84 i_ptm 0.29 energy 3.39
11 models [3] recycles 0 hard 0 soft 1 temp 1 loss 3.98 i_con 3.76 plddt 0.35 ptm 0.86 i_ptm 0.45 energy 3.10
12 models [0] recycles 0 hard 0 soft 1 temp 1 loss 4.24 i_con 4.04 plddt 0.29 ptm 0.84 i_ptm 0.34 energy 2.74
13 models [0] recycles 0 hard 0 soft 1 temp 1 loss 4.31 i_con 4.11 plddt 0.30 ptm 0.84 i_ptm 0.28 energy 2.58
14 models [0] recycles 0 hard 0 soft 1 temp 1 loss 4.13 i_con 3.93 plddt 0.32 ptm 0.85 i_ptm 0.42 energy 2.57
15 models [3] recycles 0 hard 0 soft 1 temp 1 loss 3.97 i_con 3.79 plddt 0.35 ptm 0.86 i_ptm 0.46 energy 2.41
16 models [4] recycles 0 hard 0 soft 1 temp 1 loss 4.36 i_con 4.19 plddt 0.30 ptm 0.87 i_ptm 0.35 energy 1.95
17 models [2] recycles 0 hard 0 soft 1 temp 1 loss 3.89 i_con 3.74 plddt 0.38 ptm 0.86 i_ptm 0.50 energy 1.76
18 models [2] recycles 0 hard 0 soft 1 temp 1 loss 3.89 i_con 3.75 plddt 0.35 ptm 0.87 i_ptm 0.49 energy 1.49
19 models [4] recycles 0 hard 0 soft 1 temp 1 loss 5.57 i_con 5.44 plddt 0.30 ptm 0.87 i_ptm 0.22 energy 1.19
20 models [0] recycles 0 hard 0 soft 1 temp 1 loss 3.96 i_con 3.84 plddt 0.35 ptm 0.84 i_ptm 0.45 energy 1.18
21 models [1] recycles 0 hard 0 soft 1 temp 1 loss 4.26 i_con 4.15 plddt 0.26 ptm 0.85 i_ptm 0.24 energy 0.76
22 models [2] recycles 0 hard 0 soft 1 temp 1 loss 3.74 i_con 3.65 plddt 0.42 ptm 0.87 i_ptm 0.55 energy 0.80
23 models [1] recycles 0 hard 0 soft 1 temp 1 loss 5.28 i_con 5.18 plddt 0.22 ptm 0.85 i_ptm 0.15 energy 0.60
24 models [3] recycles 0 hard 0 soft 1 temp 1 loss 3.82 i_con 3.73 plddt 0.34 ptm 0.86 i_ptm 0.47 energy 0.57
25 models [0] recycles 0 hard 0 soft 1 temp 1 loss 4.06 i_con 3.98 plddt 0.35 ptm 0.84 i_ptm 0.36 energy 0.25
26 models [3] recycles 0 hard 0 soft 1 temp 1 loss 3.83 i_con 3.76 plddt 0.37 ptm 0.86 i_ptm 0.46 energy 0.17
27 models [0] recycles 0 hard 0 soft 1 temp 1 loss 3.94 i_con 3.88 plddt 0.38 ptm 0.85 i_ptm 0.44 energy -0.10
28 models [0] recycles 0 hard 0 soft 1 temp 1 loss 3.93 i_con 3.88 plddt 0.35 ptm 0.84 i_ptm 0.42 energy -0.31
29 models [3] recycles 0 hard 0 soft 1 temp 1 loss 3.80 i_con 3.76 plddt 0.38 ptm 0.86 i_ptm 0.45 energy -0.43
30 models [4] recycles 0 hard 0 soft 1 temp 1 loss 3.74 i_con 3.70 plddt 0.39 ptm 0.88 i_ptm 0.51 energy -0.48
31 models [2] recycles 0 hard 0 soft 1 temp 1 loss 3.69 i_con 3.67 plddt 0.41 ptm 0.87 i_ptm 0.53 energy -0.61
32 models [0] recycles 0 hard 0 soft 1 temp 1 loss 3.79 i_con 3.77 plddt 0.42 ptm 0.86 i_ptm 0.49 energy -0.72
33 models [1] recycles 0 hard 0 soft 1 temp 1 loss 4.01 i_con 3.97 plddt 0.29 ptm 0.87 i_ptm 0.37 energy -0.74
34 models [3] recycles 0 hard 0 soft 1 temp 1 loss 3.72 i_con 3.70 plddt 0.41 ptm 0.86 i_ptm 0.47 energy -0.86
35 models [4] recycles 0 hard 0 soft 1 temp 1 loss 3.67 i_con 3.66 plddt 0.39 ptm 0.89 i_ptm 0.49 energy -1.09
36 models [3] recycles 0 hard 0 soft 1 temp 1 loss 3.69 i_con 3.69 plddt 0.39 ptm 0.86 i_ptm 0.49 energy -1.18
37 models [4] recycles 0 hard 0 soft 1 temp 1 loss 3.80 i_con 3.80 plddt 0.39 ptm 0.88 i_ptm 0.48 energy -1.23
38 models [1] recycles 0 hard 0 soft 1 temp 1 loss 3.93 i_con 3.92 plddt 0.32 ptm 0.87 i_ptm 0.38 energy -1.25
39 models [2] recycles 0 hard 0 soft 1 temp 1 loss 3.74 i_con 3.74 plddt 0.38 ptm 0.87 i_ptm 0.50 energy -1.37
40 models [3] recycles 0 hard 0 soft 1 temp 1 loss 3.75 i_con 3.76 plddt 0.35 ptm 0.86 i_ptm 0.45 energy -1.42
41 models [4] recycles 0 hard 0 soft 1 temp 1 loss 3.64 i_con 3.66 plddt 0.39 ptm 0.89 i_ptm 0.51 energy -1.54
42 models [4] recycles 0 hard 0 soft 1 temp 1 loss 3.62 i_con 3.64 plddt 0.41 ptm 0.89 i_ptm 0.53 energy -1.53
43 models [2] recycles 0 hard 0 soft 1 temp 1 loss 3.61 i_con 3.64 plddt 0.41 ptm 0.88 i_ptm 0.54 energy -1.66
44 models [3] recycles 0 hard 0 soft 1 temp 1 loss 3.64 i_con 3.67 plddt 0.38 ptm 0.86 i_ptm 0.48 energy -1.85
45 models [0] recycles 0 hard 0 soft 1 temp 1 loss 3.69 i_con 3.72 plddt 0.40 ptm 0.85 i_ptm 0.49 energy -1.81
46 models [0] recycles 0 hard 0 soft 1 temp 1 loss 3.89 i_con 3.92 plddt 0.35 ptm 0.84 i_ptm 0.37 energy -1.91
47 models [0] recycles 0 hard 0 soft 1 temp 1 loss 3.75 i_con 3.79 plddt 0.34 ptm 0.85 i_ptm 0.42 energy -2.13
48 models [1] recycles 0 hard 0 soft 1 temp 1 loss 3.78 i_con 3.83 plddt 0.33 ptm 0.87 i_ptm 0.40 energy -2.45
49 models [4] recycles 0 hard 0 soft 1 temp 1 loss 3.70 i_con 3.76 plddt 0.32 ptm 0.88 i_ptm 0.46 energy -2.59
50 models [4] recycles 0 hard 0 soft 1 temp 1 loss 3.70 i_con 3.77 plddt 0.34 ptm 0.88 i_ptm 0.46 energy -2.71
51 models [1] recycles 0 hard 0 soft 1 temp 1 loss 3.86 i_con 4.06 plddt 0.29 ptm 0.86 i_ptm 0.29 energy -2.69
52 models [4] recycles 0 hard 0 soft 1 temp 1 loss 3.57 i_con 3.77 plddt 0.35 ptm 0.88 i_ptm 0.47 energy -2.65
53 models [4] recycles 0 hard 0 soft 1 temp 1 loss 3.44 i_con 3.65 plddt 0.38 ptm 0.89 i_ptm 0.49 energy -2.73
54 models [3] recycles 0 hard 0 soft 1 temp 1 loss 3.47 i_con 3.70 plddt 0.37 ptm 0.86 i_ptm 0.47 energy -2.97
55 models [3] recycles 0 hard 0 soft 1 temp 1 loss 3.46 i_con 3.70 plddt 0.37 ptm 0.87 i_ptm 0.47 energy -3.04
56 models [2] recycles 0 hard 0 soft 1 temp 1 loss 3.48 i_con 3.74 plddt 0.37 ptm 0.87 i_ptm 0.48 energy -3.22
57 models [1] recycles 0 hard 0 soft 1 temp 1 loss 3.76 i_con 4.00 plddt 0.29 ptm 0.86 i_ptm 0.32 energy -3.16
58 models [3] recycles 0 hard 0 soft 1 temp 1 loss 3.43 i_con 3.69 plddt 0.37 ptm 0.87 i_ptm 0.46 energy -3.27
59 models [4] recycles 0 hard 0 soft 1 temp 1 loss 3.45 i_con 3.72 plddt 0.34 ptm 0.89 i_ptm 0.46 energy -3.36
60 models [4] recycles 0 hard 0 soft 1 temp 1 loss 3.41 i_con 3.70 plddt 0.37 ptm 0.88 i_ptm 0.47 energy -3.50
61 models [1] recycles 0 hard 0 soft 1 temp 1 loss 3.66 i_con 3.94 plddt 0.31 ptm 0.87 i_ptm 0.36 energy -3.43
62 models [0] recycles 0 hard 0 soft 1 temp 1 loss 3.55 i_con 3.83 plddt 0.38 ptm 0.86 i_ptm 0.44 energy -3.48
63 models [4] recycles 0 hard 0 soft 1 temp 1 loss 3.47 i_con 3.76 plddt 0.34 ptm 0.88 i_ptm 0.45 energy -3.60
64 models [2] recycles 0 hard 0 soft 1 temp 1 loss 3.35 i_con 3.64 plddt 0.39 ptm 0.87 i_ptm 0.53 energy -3.57
65 models [0] recycles 0 hard 0 soft 1 temp 1 loss 3.45 i_con 3.75 plddt 0.37 ptm 0.85 i_ptm 0.46 energy -3.70
66 models [2] recycles 0 hard 0 soft 1 temp 1 loss 3.50 i_con 3.81 plddt 0.37 ptm 0.87 i_ptm 0.45 energy -3.77
67 models [3] recycles 0 hard 0 soft 1 temp 1 loss 3.44 i_con 3.74 plddt 0.36 ptm 0.86 i_ptm 0.47 energy -3.65
68 models [0] recycles 0 hard 0 soft 1 temp 1 loss 3.41 i_con 3.74 plddt 0.39 ptm 0.85 i_ptm 0.49 energy -3.83
69 models [3] recycles 0 hard 0 soft 1 temp 1 loss 3.27 i_con 3.59 plddt 0.41 ptm 0.87 i_ptm 0.52 energy -3.80
70 models [0] recycles 0 hard 0 soft 1 temp 1 loss 3.71 i_con 4.02 plddt 0.28 ptm 0.84 i_ptm 0.34 energy -3.81
71 models [1] recycles 0 hard 0 soft 1 temp 1 loss 3.79 i_con 4.09 plddt 0.27 ptm 0.86 i_ptm 0.27 energy -3.81
72 models [4] recycles 0 hard 0 soft 1 temp 1 loss 3.28 i_con 3.61 plddt 0.41 ptm 0.88 i_ptm 0.52 energy -3.86
73 models [3] recycles 0 hard 0 soft 1 temp 1 loss 3.42 i_con 3.75 plddt 0.35 ptm 0.86 i_ptm 0.45 energy -4.00
74 models [1] recycles 0 hard 0 soft 1 temp 1 loss 3.47 i_con 3.81 plddt 0.34 ptm 0.87 i_ptm 0.44 energy -4.13
75 models [0] recycles 0 hard 0 soft 1 temp 1 loss 3.63 i_con 3.97 plddt 0.27 ptm 0.85 i_ptm 0.34 energy -4.15
76 models [4] recycles 0 hard 0 soft 1 temp 1 loss 3.28 i_con 3.63 plddt 0.37 ptm 0.89 i_ptm 0.55 energy -4.08
77 models [0] recycles 0 hard 0 soft 1 temp 1 loss 3.58 i_con 3.94 plddt 0.33 ptm 0.84 i_ptm 0.38 energy -4.21
78 models [0] recycles 0 hard 0 soft 1 temp 1 loss 3.64 i_con 4.01 plddt 0.31 ptm 0.84 i_ptm 0.34 energy -4.35
79 models [3] recycles 0 hard 0 soft 1 temp 1 loss 3.44 i_con 3.82 plddt 0.34 ptm 0.86 i_ptm 0.42 energy -4.47
80 models [2] recycles 0 hard 0 soft 1 temp 1 loss 3.41 i_con 3.81 plddt 0.33 ptm 0.87 i_ptm 0.45 energy -4.64
81 models [4] recycles 0 hard 0 soft 1 temp 1 loss 3.51 i_con 3.89 plddt 0.32 ptm 0.88 i_ptm 0.40 energy -4.50
82 models [1] recycles 0 hard 0 soft 1 temp 1 loss 3.67 i_con 4.07 plddt 0.30 ptm 0.86 i_ptm 0.32 energy -4.68
83 models [1] recycles 0 hard 0 soft 1 temp 1 loss 3.68 i_con 4.08 plddt 0.29 ptm 0.87 i_ptm 0.29 energy -4.75
84 models [1] recycles 0 hard 0 soft 1 temp 1 loss 5.01 i_con 5.41 plddt 0.26 ptm 0.86 i_ptm 0.16 energy -4.67
85 models [2] recycles 0 hard 0 soft 1 temp 1 loss 3.58 i_con 3.98 plddt 0.32 ptm 0.86 i_ptm 0.36 energy -4.68
86 models [2] recycles 0 hard 0 soft 1 temp 1 loss 3.31 i_con 3.70 plddt 0.39 ptm 0.87 i_ptm 0.50 energy -4.49
87 models [3] recycles 0 hard 0 soft 1 temp 1 loss 3.30 i_con 3.70 plddt 0.37 ptm 0.86 i_ptm 0.49 energy -4.61
88 models [4] recycles 0 hard 0 soft 1 temp 1 loss 3.31 i_con 3.73 plddt 0.39 ptm 0.88 i_ptm 0.47 energy -4.79
89 models [1] recycles 0 hard 0 soft 1 temp 1 loss 3.92 i_con 4.34 plddt 0.24 ptm 0.86 i_ptm 0.18 energy -5.01
90 models [2] recycles 0 hard 0 soft 1 temp 1 loss 3.43 i_con 3.85 plddt 0.36 ptm 0.87 i_ptm 0.44 energy -4.90
91 models [2] recycles 0 hard 0 soft 1 temp 1 loss 3.31 i_con 3.76 plddt 0.37 ptm 0.87 i_ptm 0.47 energy -5.09
92 models [1] recycles 0 hard 0 soft 1 temp 1 loss 3.58 i_con 4.03 plddt 0.29 ptm 0.86 i_ptm 0.31 energy -5.17
93 models [0] recycles 0 hard 0 soft 1 temp 1 loss 3.45 i_con 3.90 plddt 0.36 ptm 0.84 i_ptm 0.41 energy -5.13
94 models [1] recycles 0 hard 0 soft 1 temp 1 loss 3.59 i_con 4.04 plddt 0.27 ptm 0.87 i_ptm 0.30 energy -5.24
95 models [4] recycles 0 hard 0 soft 1 temp 1 loss 3.32 i_con 3.79 plddt 0.34 ptm 0.89 i_ptm 0.44 energy -5.29
96 models [4] recycles 0 hard 0 soft 1 temp 1 loss 3.27 i_con 3.72 plddt 0.39 ptm 0.88 i_ptm 0.48 energy -5.17
97 models [1] recycles 0 hard 0 soft 1 temp 1 loss 3.72 i_con 4.18 plddt 0.28 ptm 0.86 i_ptm 0.25 energy -5.36
98 models [4] recycles 0 hard 0 soft 1 temp 1 loss 3.54 i_con 4.01 plddt 0.27 ptm 0.88 i_ptm 0.32 energy -5.36
99 models [3] recycles 0 hard 0 soft 1 temp 1 loss 3.59 i_con 4.04 plddt 0.30 ptm 0.84 i_ptm 0.31 energy -5.24
100 models [3] recycles 0 hard 0 soft 1 temp 1 loss 3.25 i_con 3.71 plddt 0.38 ptm 0.86 i_ptm 0.47 energy -5.23
101 models [2] recycles 0 hard 0 soft 0 temp 1 loss -7.16 i_con 6.16 plddt 0.24 ptm 0.83 i_ptm 0.13 energy -26.78
102 models [4] recycles 0 hard 0 soft 0 temp 0.98 loss -7.76 i_con 5.80 plddt 0.22 ptm 0.87 i_ptm 0.15 energy -27.28
103 models [0] recycles 0 hard 0 soft 0 temp 0.96 loss -9.91 i_con 4.57 plddt 0.23 ptm 0.82 i_ptm 0.16 energy -29.11
104 models [1] recycles 0 hard 0 soft 0 temp 0.94 loss -8.64 i_con 6.09 plddt 0.26 ptm 0.85 i_ptm 0.14 energy -29.60
105 models [4] recycles 0 hard 0 soft 0 temp 0.92 loss -9.96 i_con 5.60 plddt 0.23 ptm 0.87 i_ptm 0.16 energy -31.27
106 models [3] recycles 0 hard 0 soft 0 temp 0.90 loss -11.42 i_con 5.02 plddt 0.23 ptm 0.84 i_ptm 0.14 energy -33.02
107 models [1] recycles 0 hard 0 soft 0 temp 0.88 loss -10.95 i_con 5.90 plddt 0.26 ptm 0.86 i_ptm 0.10 energy -33.84
108 models [3] recycles 0 hard 0 soft 0 temp 0.86 loss -12.33 i_con 5.48 plddt 0.24 ptm 0.85 i_ptm 0.15 energy -35.75
109 models [1] recycles 0 hard 0 soft 0 temp 0.84 loss -12.92 i_con 5.74 plddt 0.26 ptm 0.86 i_ptm 0.12 energy -37.46
110 models [2] recycles 0 hard 0 soft 0 temp 0.82 loss -14.02 i_con 5.62 plddt 0.26 ptm 0.85 i_ptm 0.11 energy -39.43
111 models [4] recycles 0 hard 0 soft 0 temp 0.80 loss -14.79 i_con 5.03 plddt 0.21 ptm 0.86 i_ptm 0.09 energy -39.80
112 models [4] recycles 0 hard 0 soft 0 temp 0.78 loss -15.01 i_con 5.58 plddt 0.22 ptm 0.87 i_ptm 0.13 energy -41.34
113 models [2] recycles 0 hard 0 soft 0 temp 0.76 loss -16.46 i_con 5.02 plddt 0.25 ptm 0.85 i_ptm 0.13 energy -43.12
114 models [0] recycles 0 hard 0 soft 0 temp 0.74 loss -17.59 i_con 4.78 plddt 0.25 ptm 0.84 i_ptm 0.14 energy -44.89
115 models [4] recycles 0 hard 0 soft 0 temp 0.72 loss -17.65 i_con 5.63 plddt 0.22 ptm 0.87 i_ptm 0.12 energy -46.71
116 models [0] recycles 0 hard 0 soft 0 temp 0.70 loss -19.68 i_con 4.38 plddt 0.25 ptm 0.84 i_ptm 0.20 energy -48.28
117 models [3] recycles 0 hard 0 soft 0 temp 0.68 loss -19.23 i_con 5.68 plddt 0.23 ptm 0.85 i_ptm 0.15 energy -49.98
118 models [2] recycles 0 hard 0 soft 0 temp 0.66 loss -19.84 i_con 5.72 plddt 0.23 ptm 0.85 i_ptm 0.15 energy -51.28
119 models [1] recycles 0 hard 0 soft 0 temp 0.64 loss -20.15 i_con 5.70 plddt 0.24 ptm 0.86 i_ptm 0.11 energy -51.86
120 models [0] recycles 0 hard 0 soft 0 temp 0.62 loss -21.95 i_con 4.84 plddt 0.23 ptm 0.83 i_ptm 0.12 energy -53.73
121 models [0] recycles 0 hard 0 soft 0 temp 0.60 loss -22.47 i_con 5.06 plddt 0.23 ptm 0.83 i_ptm 0.14 energy -55.22
122 models [0] recycles 0 hard 0 soft 0 temp 0.58 loss -23.00 i_con 5.31 plddt 0.25 ptm 0.83 i_ptm 0.15 energy -56.77
123 models [0] recycles 0 hard 0 soft 0 temp 0.56 loss -24.57 i_con 4.82 plddt 0.26 ptm 0.84 i_ptm 0.18 energy -58.92
124 models [2] recycles 0 hard 0 soft 0 temp 0.54 loss -24.70 i_con 5.75 plddt 0.22 ptm 0.86 i_ptm 0.13 energy -61.07
125 models [0] recycles 0 hard 0 soft 0 temp 0.52 loss -26.14 i_con 5.14 plddt 0.24 ptm 0.83 i_ptm 0.12 energy -62.71
126 models [1] recycles 0 hard 0 soft 0 temp 0.50 loss -26.02 i_con 6.17 plddt 0.24 ptm 0.86 i_ptm 0.11 energy -64.53
127 models [2] recycles 0 hard 0 soft 0 temp 0.48 loss -27.67 i_con 5.57 plddt 0.22 ptm 0.86 i_ptm 0.13 energy -66.64
128 models [4] recycles 0 hard 0 soft 0 temp 0.46 loss -28.45 i_con 5.65 plddt 0.19 ptm 0.87 i_ptm 0.10 energy -68.36
129 models [0] recycles 0 hard 0 soft 0 temp 0.44 loss -29.58 i_con 5.14 plddt 0.25 ptm 0.83 i_ptm 0.15 energy -69.59
130 models [1] recycles 0 hard 0 soft 0 temp 0.42 loss -29.58 i_con 6.19 plddt 0.25 ptm 0.85 i_ptm 0.15 energy -71.69
131 models [4] recycles 0 hard 0 soft 0 temp 0.40 loss -30.98 i_con 5.77 plddt 0.20 ptm 0.87 i_ptm 0.12 energy -73.67
132 models [1] recycles 0 hard 0 soft 0 temp 0.38 loss -31.77 i_con 5.80 plddt 0.22 ptm 0.86 i_ptm 0.11 energy -75.30
133 models [1] recycles 0 hard 0 soft 0 temp 0.36 loss -32.43 i_con 5.94 plddt 0.23 ptm 0.86 i_ptm 0.12 energy -76.90
134 models [3] recycles 0 hard 0 soft 0 temp 0.34 loss -34.23 i_con 5.18 plddt 0.23 ptm 0.84 i_ptm 0.15 energy -78.97
135 models [1] recycles 0 hard 0 soft 0 temp 0.32 loss -34.36 i_con 5.78 plddt 0.25 ptm 0.86 i_ptm 0.12 energy -80.43
136 models [3] recycles 0 hard 0 soft 0 temp 0.30 loss -35.03 i_con 5.96 plddt 0.22 ptm 0.85 i_ptm 0.16 energy -82.13
137 models [3] recycles 0 hard 0 soft 0 temp 0.28 loss -37.46 i_con 4.50 plddt 0.21 ptm 0.85 i_ptm 0.17 energy -84.06
138 models [2] recycles 0 hard 0 soft 0 temp 0.26 loss -36.90 i_con 5.67 plddt 0.24 ptm 0.85 i_ptm 0.14 energy -85.30
139 models [3] recycles 0 hard 0 soft 0 temp 0.24 loss -37.87 i_con 5.54 plddt 0.24 ptm 0.85 i_ptm 0.16 energy -86.96
140 models [2] recycles 0 hard 0 soft 0 temp 0.22 loss -38.49 i_con 5.50 plddt 0.23 ptm 0.86 i_ptm 0.12 energy -88.15
141 models [3] recycles 0 hard 0 soft 0 temp 0.20 loss -39.28 i_con 5.53 plddt 0.23 ptm 0.85 i_ptm 0.19 energy -89.78
142 models [3] recycles 0 hard 0 soft 0 temp 0.18 loss -39.72 i_con 5.83 plddt 0.22 ptm 0.85 i_ptm 0.18 energy -91.26
143 models [3] recycles 0 hard 0 soft 0 temp 0.16 loss -40.98 i_con 5.48 plddt 0.21 ptm 0.85 i_ptm 0.14 energy -93.09
144 models [4] recycles 0 hard 0 soft 0 temp 0.14 loss -41.14 i_con 5.99 plddt 0.21 ptm 0.87 i_ptm 0.12 energy -94.44
145 models [4] recycles 0 hard 0 soft 0 temp 0.12 loss -42.38 i_con 5.78 plddt 0.20 ptm 0.87 i_ptm 0.11 energy -96.47
146 models [0] recycles 0 hard 0 soft 0 temp 0.10 loss -43.95 i_con 4.91 plddt 0.21 ptm 0.83 i_ptm 0.14 energy -97.88
147 models [1] recycles 0 hard 0 soft 0 temp 0.08 loss -44.15 i_con 5.65 plddt 0.23 ptm 0.86 i_ptm 0.12 energy -99.76
148 models [1] recycles 0 hard 0 soft 0 temp 0.06 loss -44.93 i_con 5.84 plddt 0.22 ptm 0.85 i_ptm 0.11 energy -101.70
149 models [1] recycles 0 hard 0 soft 0 temp 0.04 loss -45.90 i_con 5.94 plddt 0.22 ptm 0.86 i_ptm 0.10 energy -103.84
150 models [3] recycles 0 hard 0 soft 0 temp 0.02 loss -47.53 i_con 5.27 plddt 0.21 ptm 0.84 i_ptm 0.15 energy -105.76
151 models [2] recycles 0 hard 1 soft 0 temp 0.00 loss -2.04 i_con 3.82 plddt 0.30 ptm 0.87 i_ptm 0.44 energy -6.59
152 models [3] recycles 0 hard 1 soft 0 temp 0.00 loss -2.07 i_con 3.79 plddt 0.28 ptm 0.86 i_ptm 0.42 energy -6.59
153 models [4] recycles 0 hard 1 soft 0 temp 0.00 loss -1.47 i_con 4.38 plddt 0.25 ptm 0.88 i_ptm 0.30 energy -6.59
154 models [2] recycles 0 hard 1 soft 0 temp 0.00 loss -2.04 i_con 3.82 plddt 0.30 ptm 0.87 i_ptm 0.44 energy -6.59
155 models [0] recycles 0 hard 1 soft 0 temp 0.00 loss -1.98 i_con 3.88 plddt 0.29 ptm 0.84 i_ptm 0.38 energy -6.59
156 models [4] recycles 0 hard 1 soft 0 temp 0.00 loss -1.47 i_con 4.38 plddt 0.25 ptm 0.88 i_ptm 0.30 energy -6.59
157 models [0] recycles 0 hard 1 soft 0 temp 0.00 loss -1.98 i_con 3.88 plddt 0.29 ptm 0.84 i_ptm 0.38 energy -6.59
158 models [0] recycles 0 hard 1 soft 0 temp 0.00 loss -1.98 i_con 3.88 plddt 0.29 ptm 0.84 i_ptm 0.38 energy -6.59
159 models [1] recycles 0 hard 1 soft 0 temp 0.00 loss -0.71 i_con 5.15 plddt 0.22 ptm 0.85 i_ptm 0.16 energy -6.59
160 models [1] recycles 0 hard 1 soft 0 temp 0.00 loss -0.71 i_con 5.15 plddt 0.22 ptm 0.85 i_ptm 0.16 energy -6.59
161 models [0] recycles 0 hard 1 soft 0 temp 0.00 loss -1.98 i_con 3.88 plddt 0.29 ptm 0.84 i_ptm 0.38 energy -6.59
162 models [3] recycles 0 hard 1 soft 0 temp 0.00 loss -2.07 i_con 3.79 plddt 0.28 ptm 0.86 i_ptm 0.42 energy -6.59
163 models [3] recycles 0 hard 1 soft 0 temp 0.00 loss -2.07 i_con 3.79 plddt 0.28 ptm 0.86 i_ptm 0.42 energy -6.59
164 models [4] recycles 0 hard 1 soft 0 temp 0.00 loss -1.47 i_con 4.38 plddt 0.25 ptm 0.88 i_ptm 0.30 energy -6.59
165 models [2] recycles 0 hard 1 soft 0 temp 0.00 loss -2.04 i_con 3.82 plddt 0.30 ptm 0.87 i_ptm 0.44 energy -6.59
166 models [4] recycles 0 hard 1 soft 0 temp 0.00 loss -1.47 i_con 4.38 plddt 0.25 ptm 0.88 i_ptm 0.30 energy -6.59
167 models [2] recycles 0 hard 1 soft 0 temp 0.00 loss -2.04 i_con 3.82 plddt 0.30 ptm 0.87 i_ptm 0.44 energy -6.59
168 models [2] recycles 0 hard 1 soft 0 temp 0.00 loss -2.04 i_con 3.82 plddt 0.30 ptm 0.87 i_ptm 0.44 energy -6.59
169 models [1] recycles 0 hard 1 soft 0 temp 0.00 loss -0.71 i_con 5.15 plddt 0.22 ptm 0.85 i_ptm 0.16 energy -6.59
170 models [0] recycles 0 hard 1 soft 0 temp 0.00 loss -1.98 i_con 3.88 plddt 0.29 ptm 0.84 i_ptm 0.38 energy -6.59
171 models [4] recycles 0 hard 1 soft 0 temp 0.00 loss -1.47 i_con 4.38 plddt 0.25 ptm 0.88 i_ptm 0.30 energy -6.59
172 models [1] recycles 0 hard 1 soft 0 temp 0.00 loss -0.71 i_con 5.15 plddt 0.22 ptm 0.85 i_ptm 0.16 energy -6.59
173 models [4] recycles 0 hard 1 soft 0 temp 0.00 loss -1.47 i_con 4.38 plddt 0.25 ptm 0.88 i_ptm 0.30 energy -6.59
174 models [3] recycles 0 hard 1 soft 0 temp 0.00 loss -2.07 i_con 3.79 plddt 0.28 ptm 0.86 i_ptm 0.42 energy -6.59
175 models [2] recycles 0 hard 1 soft 0 temp 0.00 loss -2.04 i_con 3.82 plddt 0.30 ptm 0.87 i_ptm 0.44 energy -6.59
176 models [4] recycles 0 hard 1 soft 0 temp 0.00 loss -1.47 i_con 4.38 plddt 0.25 ptm 0.88 i_ptm 0.30 energy -6.59
177 models [2] recycles 0 hard 1 soft 0 temp 0.00 loss -2.04 i_con 3.82 plddt 0.30 ptm 0.87 i_ptm 0.44 energy -6.59
178 models [0] recycles 0 hard 1 soft 0 temp 0.00 loss -1.98 i_con 3.88 plddt 0.29 ptm 0.84 i_ptm 0.38 energy -6.59
179 models [3] recycles 0 hard 1 soft 0 temp 0.00 loss -2.07 i_con 3.79 plddt 0.28 ptm 0.86 i_ptm 0.42 energy -6.59
180 models [2] recycles 0 hard 1 soft 0 temp 0.00 loss -2.04 i_con 3.82 plddt 0.30 ptm 0.87 i_ptm 0.44 energy -6.59
  seq=DWFWWSISSNYQKDA  loss=-2.0426  loss_af=3.8900  energy=-6.5918  i_ptm=0.4417
[9/30] seed=8 ...
1 models [3] recycles 0 hard 0 soft 1 temp 1 loss 4.39 i_con 3.95 plddt 0.32 ptm 0.85 i_ptm 0.38 energy 7.40
2 models [1] recycles 0 hard 0 soft 1 temp 1 loss 4.40 i_con 3.98 plddt 0.28 ptm 0.87 i_ptm 0.34 energy 6.91
3 models [3] recycles 0 hard 0 soft 1 temp 1 loss 4.21 i_con 3.82 plddt 0.32 ptm 0.86 i_ptm 0.42 energy 6.38
4 models [2] recycles 0 hard 0 soft 1 temp 1 loss 4.26 i_con 3.91 plddt 0.36 ptm 0.87 i_ptm 0.44 energy 5.64
5 models [2] recycles 0 hard 0 soft 1 temp 1 loss 4.05 i_con 3.73 plddt 0.36 ptm 0.87 i_ptm 0.46 energy 5.02
6 models [3] recycles 0 hard 0 soft 1 temp 1 loss 4.04 i_con 3.74 plddt 0.37 ptm 0.86 i_ptm 0.46 energy 4.60
7 models [4] recycles 0 hard 0 soft 1 temp 1 loss 4.13 i_con 3.86 plddt 0.36 ptm 0.88 i_ptm 0.46 energy 4.04
8 models [0] recycles 0 hard 0 soft 1 temp 1 loss 4.09 i_con 3.84 plddt 0.35 ptm 0.86 i_ptm 0.48 energy 3.68
9 models [0] recycles 0 hard 0 soft 1 temp 1 loss 4.04 i_con 3.82 plddt 0.39 ptm 0.85 i_ptm 0.47 energy 3.20
10 models [1] recycles 0 hard 0 soft 1 temp 1 loss 4.32 i_con 4.11 plddt 0.28 ptm 0.87 i_ptm 0.31 energy 2.90
11 models [3] recycles 0 hard 0 soft 1 temp 1 loss 3.81 i_con 3.62 plddt 0.42 ptm 0.87 i_ptm 0.54 energy 2.71
12 models [0] recycles 0 hard 0 soft 1 temp 1 loss 4.02 i_con 3.83 plddt 0.35 ptm 0.85 i_ptm 0.47 energy 2.59
13 models [1] recycles 0 hard 0 soft 1 temp 1 loss 4.39 i_con 4.19 plddt 0.25 ptm 0.86 i_ptm 0.25 energy 2.41
14 models [2] recycles 0 hard 0 soft 1 temp 1 loss 3.93 i_con 3.75 plddt 0.40 ptm 0.88 i_ptm 0.54 energy 2.33
15 models [2] recycles 0 hard 0 soft 1 temp 1 loss 3.86 i_con 3.69 plddt 0.39 ptm 0.87 i_ptm 0.54 energy 2.09
16 models [4] recycles 0 hard 0 soft 1 temp 1 loss 3.84 i_con 3.69 plddt 0.41 ptm 0.89 i_ptm 0.57 energy 1.92
17 models [0] recycles 0 hard 0 soft 1 temp 1 loss 4.08 i_con 3.93 plddt 0.31 ptm 0.85 i_ptm 0.40 energy 1.73
18 models [2] recycles 0 hard 0 soft 1 temp 1 loss 3.84 i_con 3.70 plddt 0.40 ptm 0.88 i_ptm 0.56 energy 1.56
19 models [1] recycles 0 hard 0 soft 1 temp 1 loss 4.19 i_con 4.05 plddt 0.27 ptm 0.87 i_ptm 0.33 energy 1.21
20 models [1] recycles 0 hard 0 soft 1 temp 1 loss 4.09 i_con 3.96 plddt 0.28 ptm 0.87 i_ptm 0.35 energy 1.21
21 models [4] recycles 0 hard 0 soft 1 temp 1 loss 3.87 i_con 3.75 plddt 0.37 ptm 0.89 i_ptm 0.53 energy 1.18
22 models [3] recycles 0 hard 0 soft 1 temp 1 loss 3.69 i_con 3.59 plddt 0.42 ptm 0.87 i_ptm 0.57 energy 0.96
23 models [2] recycles 0 hard 0 soft 1 temp 1 loss 3.83 i_con 3.74 plddt 0.41 ptm 0.87 i_ptm 0.55 energy 0.71
24 models [0] recycles 0 hard 0 soft 1 temp 1 loss 4.03 i_con 3.95 plddt 0.34 ptm 0.85 i_ptm 0.39 energy 0.43
25 models [0] recycles 0 hard 0 soft 1 temp 1 loss 3.49 i_con 3.41 plddt 0.44 ptm 0.86 i_ptm 0.66 energy 0.48
26 models [2] recycles 0 hard 0 soft 1 temp 1 loss 3.80 i_con 3.73 plddt 0.43 ptm 0.87 i_ptm 0.54 energy 0.26
27 models [4] recycles 0 hard 0 soft 1 temp 1 loss 3.64 i_con 3.58 plddt 0.46 ptm 0.90 i_ptm 0.61 energy 0.00
28 models [1] recycles 0 hard 0 soft 1 temp 1 loss 3.81 i_con 3.76 plddt 0.35 ptm 0.88 i_ptm 0.51 energy -0.21
29 models [4] recycles 0 hard 0 soft 1 temp 1 loss 3.77 i_con 3.73 plddt 0.39 ptm 0.89 i_ptm 0.53 energy -0.48
30 models [1] recycles 0 hard 0 soft 1 temp 1 loss 3.98 i_con 3.94 plddt 0.29 ptm 0.87 i_ptm 0.37 energy -0.71
31 models [3] recycles 0 hard 0 soft 1 temp 1 loss 4.42 i_con 4.38 plddt 0.26 ptm 0.84 i_ptm 0.12 energy -0.75
32 models [2] recycles 0 hard 0 soft 1 temp 1 loss 3.65 i_con 3.63 plddt 0.45 ptm 0.87 i_ptm 0.58 energy -0.70
33 models [3] recycles 0 hard 0 soft 1 temp 1 loss 3.75 i_con 3.73 plddt 0.39 ptm 0.86 i_ptm 0.51 energy -0.83
34 models [3] recycles 0 hard 0 soft 1 temp 1 loss 3.60 i_con 3.58 plddt 0.44 ptm 0.87 i_ptm 0.60 energy -0.64
35 models [4] recycles 0 hard 0 soft 1 temp 1 loss 3.71 i_con 3.70 plddt 0.39 ptm 0.89 i_ptm 0.54 energy -1.02
36 models [2] recycles 0 hard 0 soft 1 temp 1 loss 3.69 i_con 3.69 plddt 0.44 ptm 0.87 i_ptm 0.55 energy -1.02
37 models [0] recycles 0 hard 0 soft 1 temp 1 loss 3.71 i_con 3.71 plddt 0.42 ptm 0.86 i_ptm 0.52 energy -1.19
38 models [2] recycles 0 hard 0 soft 1 temp 1 loss 3.72 i_con 3.73 plddt 0.41 ptm 0.87 i_ptm 0.54 energy -1.33
39 models [3] recycles 0 hard 0 soft 1 temp 1 loss 3.58 i_con 3.60 plddt 0.43 ptm 0.86 i_ptm 0.56 energy -1.50
40 models [0] recycles 0 hard 0 soft 1 temp 1 loss 3.56 i_con 3.59 plddt 0.42 ptm 0.85 i_ptm 0.58 energy -1.76
41 models [3] recycles 0 hard 0 soft 1 temp 1 loss 3.94 i_con 3.96 plddt 0.29 ptm 0.85 i_ptm 0.34 energy -1.92
42 models [4] recycles 0 hard 0 soft 1 temp 1 loss 3.62 i_con 3.66 plddt 0.42 ptm 0.89 i_ptm 0.57 energy -1.81
43 models [3] recycles 0 hard 0 soft 1 temp 1 loss 3.32 i_con 3.37 plddt 0.44 ptm 0.88 i_ptm 0.69 energy -2.11
44 models [1] recycles 0 hard 0 soft 1 temp 1 loss 3.30 i_con 3.35 plddt 0.45 ptm 0.88 i_ptm 0.69 energy -2.13
45 models [2] recycles 0 hard 0 soft 1 temp 1 loss 3.56 i_con 3.60 plddt 0.41 ptm 0.87 i_ptm 0.57 energy -2.06
46 models [4] recycles 0 hard 0 soft 1 temp 1 loss 3.41 i_con 3.46 plddt 0.44 ptm 0.89 i_ptm 0.65 energy -2.20
47 models [4] recycles 0 hard 0 soft 1 temp 1 loss 4.95 i_con 4.97 plddt 0.25 ptm 0.86 i_ptm 0.15 energy -2.05
48 models [1] recycles 0 hard 0 soft 1 temp 1 loss 3.88 i_con 3.92 plddt 0.32 ptm 0.86 i_ptm 0.37 energy -2.25
49 models [2] recycles 0 hard 0 soft 1 temp 1 loss 3.46 i_con 3.51 plddt 0.44 ptm 0.88 i_ptm 0.65 energy -2.18
50 models [0] recycles 0 hard 0 soft 1 temp 1 loss 3.63 i_con 3.66 plddt 0.39 ptm 0.86 i_ptm 0.55 energy -1.86
51 models [3] recycles 0 hard 0 soft 1 temp 1 loss 3.47 i_con 3.60 plddt 0.41 ptm 0.87 i_ptm 0.58 energy -1.82
52 models [2] recycles 0 hard 0 soft 1 temp 1 loss 3.29 i_con 3.43 plddt 0.44 ptm 0.88 i_ptm 0.67 energy -1.96
53 models [1] recycles 0 hard 0 soft 1 temp 1 loss 3.35 i_con 3.51 plddt 0.42 ptm 0.88 i_ptm 0.63 energy -2.19
54 models [0] recycles 0 hard 0 soft 1 temp 1 loss 3.32 i_con 3.48 plddt 0.43 ptm 0.86 i_ptm 0.64 energy -2.23
55 models [0] recycles 0 hard 0 soft 1 temp 1 loss 3.42 i_con 3.61 plddt 0.42 ptm 0.85 i_ptm 0.59 energy -2.42
56 models [4] recycles 0 hard 0 soft 1 temp 1 loss 3.14 i_con 3.34 plddt 0.45 ptm 0.89 i_ptm 0.68 energy -2.56
57 models [0] recycles 0 hard 0 soft 1 temp 1 loss 3.16 i_con 3.36 plddt 0.44 ptm 0.87 i_ptm 0.68 energy -2.50
58 models [2] recycles 0 hard 0 soft 1 temp 1 loss 3.36 i_con 3.57 plddt 0.45 ptm 0.88 i_ptm 0.63 energy -2.61
59 models [3] recycles 0 hard 0 soft 1 temp 1 loss 3.20 i_con 3.41 plddt 0.43 ptm 0.87 i_ptm 0.67 energy -2.66
60 models [4] recycles 0 hard 0 soft 1 temp 1 loss 3.29 i_con 3.51 plddt 0.43 ptm 0.89 i_ptm 0.61 energy -2.73
61 models [3] recycles 0 hard 0 soft 1 temp 1 loss 3.17 i_con 3.38 plddt 0.44 ptm 0.86 i_ptm 0.67 energy -2.73
62 models [3] recycles 0 hard 0 soft 1 temp 1 loss 3.25 i_con 3.48 plddt 0.52 ptm 0.87 i_ptm 0.64 energy -2.78
63 models [4] recycles 0 hard 0 soft 1 temp 1 loss 3.32 i_con 3.54 plddt 0.43 ptm 0.89 i_ptm 0.59 energy -2.81
64 models [1] recycles 0 hard 0 soft 1 temp 1 loss 3.34 i_con 3.57 plddt 0.42 ptm 0.88 i_ptm 0.61 energy -2.95
65 models [3] recycles 0 hard 0 soft 1 temp 1 loss 2.86 i_con 3.10 plddt 0.45 ptm 0.88 i_ptm 0.76 energy -2.93
66 models [1] recycles 0 hard 0 soft 1 temp 1 loss 3.67 i_con 3.90 plddt 0.34 ptm 0.86 i_ptm 0.42 energy -2.92
67 models [1] recycles 0 hard 0 soft 1 temp 1 loss 3.29 i_con 3.51 plddt 0.43 ptm 0.89 i_ptm 0.64 energy -2.79
68 models [3] recycles 0 hard 0 soft 1 temp 1 loss 3.26 i_con 3.47 plddt 0.43 ptm 0.86 i_ptm 0.63 energy -2.70
69 models [0] recycles 0 hard 0 soft 1 temp 1 loss 3.51 i_con 3.75 plddt 0.40 ptm 0.85 i_ptm 0.51 energy -2.98
70 models [4] recycles 0 hard 0 soft 1 temp 1 loss 5.07 i_con 5.31 plddt 0.33 ptm 0.87 i_ptm 0.32 energy -3.03
71 models [2] recycles 0 hard 0 soft 1 temp 1 loss 3.41 i_con 3.65 plddt 0.43 ptm 0.87 i_ptm 0.57 energy -3.00
72 models [0] recycles 0 hard 0 soft 1 temp 1 loss 3.11 i_con 3.36 plddt 0.45 ptm 0.87 i_ptm 0.69 energy -3.11
73 models [2] recycles 0 hard 0 soft 1 temp 1 loss 3.30 i_con 3.57 plddt 0.42 ptm 0.87 i_ptm 0.63 energy -3.27
74 models [4] recycles 0 hard 0 soft 1 temp 1 loss 3.24 i_con 3.51 plddt 0.44 ptm 0.89 i_ptm 0.61 energy -3.23
75 models [0] recycles 0 hard 0 soft 1 temp 1 loss 3.27 i_con 3.54 plddt 0.43 ptm 0.86 i_ptm 0.61 energy -3.26
76 models [2] recycles 0 hard 0 soft 1 temp 1 loss 3.09 i_con 3.36 plddt 0.47 ptm 0.88 i_ptm 0.69 energy -3.28
77 models [4] recycles 0 hard 0 soft 1 temp 1 loss 3.33 i_con 3.61 plddt 0.43 ptm 0.89 i_ptm 0.57 energy -3.33
78 models [4] recycles 0 hard 0 soft 1 temp 1 loss 3.33 i_con 3.61 plddt 0.42 ptm 0.89 i_ptm 0.57 energy -3.39
79 models [4] recycles 0 hard 0 soft 1 temp 1 loss 3.07 i_con 3.37 plddt 0.41 ptm 0.89 i_ptm 0.66 energy -3.53
80 models [1] recycles 0 hard 0 soft 1 temp 1 loss 3.29 i_con 3.58 plddt 0.43 ptm 0.88 i_ptm 0.58 energy -3.53
81 models [2] recycles 0 hard 0 soft 1 temp 1 loss 3.29 i_con 3.58 plddt 0.43 ptm 0.87 i_ptm 0.62 energy -3.46
82 models [4] recycles 0 hard 0 soft 1 temp 1 loss 3.15 i_con 3.44 plddt 0.43 ptm 0.89 i_ptm 0.65 energy -3.50
83 models [0] recycles 0 hard 0 soft 1 temp 1 loss 3.45 i_con 3.76 plddt 0.40 ptm 0.86 i_ptm 0.54 energy -3.69
84 models [4] recycles 0 hard 0 soft 1 temp 1 loss 3.20 i_con 3.50 plddt 0.42 ptm 0.89 i_ptm 0.60 energy -3.66
85 models [0] recycles 0 hard 0 soft 1 temp 1 loss 3.14 i_con 3.45 plddt 0.44 ptm 0.86 i_ptm 0.67 energy -3.74
86 models [4] recycles 0 hard 0 soft 1 temp 1 loss 3.14 i_con 3.46 plddt 0.43 ptm 0.90 i_ptm 0.65 energy -3.76
87 models [3] recycles 0 hard 0 soft 1 temp 1 loss 3.17 i_con 3.49 plddt 0.44 ptm 0.87 i_ptm 0.64 energy -3.83
88 models [3] recycles 0 hard 0 soft 1 temp 1 loss 2.97 i_con 3.30 plddt 0.46 ptm 0.88 i_ptm 0.71 energy -3.82
89 models [3] recycles 0 hard 0 soft 1 temp 1 loss 3.49 i_con 3.81 plddt 0.40 ptm 0.85 i_ptm 0.50 energy -3.82
90 models [1] recycles 0 hard 0 soft 1 temp 1 loss 4.76 i_con 5.08 plddt 0.29 ptm 0.85 i_ptm 0.15 energy -3.91
91 models [3] recycles 0 hard 0 soft 1 temp 1 loss 3.10 i_con 3.43 plddt 0.45 ptm 0.87 i_ptm 0.67 energy -3.80
92 models [2] recycles 0 hard 0 soft 1 temp 1 loss 3.21 i_con 3.55 plddt 0.45 ptm 0.88 i_ptm 0.63 energy -3.90
93 models [1] recycles 0 hard 0 soft 1 temp 1 loss 4.81 i_con 5.13 plddt 0.27 ptm 0.85 i_ptm 0.14 energy -3.96
94 models [4] recycles 0 hard 0 soft 1 temp 1 loss 3.20 i_con 3.52 plddt 0.43 ptm 0.89 i_ptm 0.58 energy -3.84
95 models [2] recycles 0 hard 0 soft 1 temp 1 loss 3.13 i_con 3.47 plddt 0.46 ptm 0.88 i_ptm 0.67 energy -3.90
96 models [3] recycles 0 hard 0 soft 1 temp 1 loss 2.82 i_con 3.16 plddt 0.47 ptm 0.88 i_ptm 0.74 energy -3.93
97 models [0] recycles 0 hard 0 soft 1 temp 1 loss 3.00 i_con 3.35 plddt 0.45 ptm 0.86 i_ptm 0.70 energy -3.96
98 models [2] recycles 0 hard 0 soft 1 temp 1 loss 3.27 i_con 3.61 plddt 0.43 ptm 0.88 i_ptm 0.61 energy -3.97
99 models [0] recycles 0 hard 0 soft 1 temp 1 loss 3.21 i_con 3.57 plddt 0.45 ptm 0.86 i_ptm 0.62 energy -4.08
100 models [1] recycles 0 hard 0 soft 1 temp 1 loss 3.21 i_con 3.56 plddt 0.44 ptm 0.88 i_ptm 0.61 energy -4.10
101 models [3] recycles 0 hard 0 soft 0 temp 1 loss -4.95 i_con 5.06 plddt 0.19 ptm 0.70 i_ptm 0.08 energy -20.18
102 models [2] recycles 0 hard 0 soft 0 temp 0.98 loss -6.58 i_con 4.22 plddt 0.23 ptm 0.21 i_ptm 0.39 energy -21.75
103 models [2] recycles 0 hard 0 soft 0 temp 0.96 loss -5.38 i_con 5.44 plddt 0.23 ptm 0.85 i_ptm 0.13 energy -21.80
104 models [1] recycles 0 hard 0 soft 0 temp 0.94 loss -5.65 i_con 5.25 plddt 0.20 ptm 0.16 i_ptm 0.06 energy -21.96
105 models [1] recycles 0 hard 0 soft 0 temp 0.92 loss -4.71 i_con 6.30 plddt 0.26 ptm 0.85 i_ptm 0.18 energy -22.16
106 models [1] recycles 0 hard 0 soft 0 temp 0.90 loss -5.57 i_con 6.23 plddt 0.27 ptm 0.80 i_ptm 0.10 energy -23.76
107 models [1] recycles 0 hard 0 soft 0 temp 0.88 loss -6.56 i_con 5.13 plddt 0.25 ptm 0.68 i_ptm 0.09 energy -23.55
108 models [0] recycles 0 hard 0 soft 0 temp 0.86 loss -6.34 i_con 5.64 plddt 0.28 ptm 0.85 i_ptm 0.21 energy -24.10
109 models [2] recycles 0 hard 0 soft 0 temp 0.84 loss -8.47 i_con 3.67 plddt 0.40 ptm 0.49 i_ptm 0.39 energy -24.41
110 models [1] recycles 0 hard 0 soft 0 temp 0.82 loss -5.63 i_con 6.62 plddt 0.26 ptm 0.87 i_ptm 0.19 energy -24.65
111 models [0] recycles 0 hard 0 soft 0 temp 0.80 loss -7.84 i_con 4.72 plddt 0.26 ptm 0.83 i_ptm 0.17 energy -25.27
112 models [4] recycles 0 hard 0 soft 0 temp 0.78 loss -7.37 i_con 5.66 plddt 0.26 ptm 0.87 i_ptm 0.18 energy -26.19
113 models [1] recycles 0 hard 0 soft 0 temp 0.76 loss -7.12 i_con 6.57 plddt 0.29 ptm 0.85 i_ptm 0.23 energy -27.51
114 models [3] recycles 0 hard 0 soft 0 temp 0.74 loss -9.67 i_con 4.88 plddt 0.25 ptm 0.84 i_ptm 0.13 energy -29.25
115 models [0] recycles 0 hard 0 soft 0 temp 0.72 loss -11.26 i_con 3.97 plddt 0.34 ptm 0.84 i_ptm 0.38 energy -30.60
116 models [1] recycles 0 hard 0 soft 0 temp 0.70 loss -9.76 i_con 6.36 plddt 0.27 ptm 0.86 i_ptm 0.19 energy -32.38
117 models [3] recycles 0 hard 0 soft 0 temp 0.68 loss -12.53 i_con 3.92 plddt 0.33 ptm 0.86 i_ptm 0.42 energy -33.03
118 models [1] recycles 0 hard 0 soft 0 temp 0.66 loss -11.46 i_con 5.82 plddt 0.28 ptm 0.85 i_ptm 0.14 energy -34.69
119 models [3] recycles 0 hard 0 soft 0 temp 0.64 loss -13.56 i_con 4.25 plddt 0.25 ptm 0.85 i_ptm 0.24 energy -35.76
120 models [4] recycles 0 hard 0 soft 0 temp 0.62 loss -13.23 i_con 5.33 plddt 0.23 ptm 0.88 i_ptm 0.23 energy -37.28
121 models [4] recycles 0 hard 0 soft 0 temp 0.60 loss -14.64 i_con 4.49 plddt 0.24 ptm 0.87 i_ptm 0.24 energy -38.43
122 models [2] recycles 0 hard 0 soft 0 temp 0.58 loss -15.26 i_con 4.34 plddt 0.25 ptm 0.86 i_ptm 0.25 energy -39.34
123 models [3] recycles 0 hard 0 soft 0 temp 0.56 loss -16.18 i_con 4.12 plddt 0.28 ptm 0.86 i_ptm 0.32 energy -40.75
124 models [3] recycles 0 hard 0 soft 0 temp 0.54 loss -16.99 i_con 3.98 plddt 0.28 ptm 0.85 i_ptm 0.35 energy -42.09
125 models [4] recycles 0 hard 0 soft 0 temp 0.52 loss -17.82 i_con 4.04 plddt 0.27 ptm 0.88 i_ptm 0.33 energy -43.88
126 models [4] recycles 0 hard 0 soft 0 temp 0.50 loss -18.74 i_con 3.87 plddt 0.31 ptm 0.89 i_ptm 0.39 energy -45.35
127 models [4] recycles 0 hard 0 soft 0 temp 0.48 loss -19.72 i_con 4.01 plddt 0.27 ptm 0.88 i_ptm 0.36 energy -47.61
128 models [0] recycles 0 hard 0 soft 0 temp 0.46 loss -20.59 i_con 4.15 plddt 0.28 ptm 0.83 i_ptm 0.29 energy -49.62
129 models [4] recycles 0 hard 0 soft 0 temp 0.44 loss -20.58 i_con 4.39 plddt 0.24 ptm 0.87 i_ptm 0.26 energy -50.09
130 models [4] recycles 0 hard 0 soft 0 temp 0.42 loss -21.51 i_con 4.14 plddt 0.26 ptm 0.88 i_ptm 0.29 energy -51.46
131 models [0] recycles 0 hard 0 soft 0 temp 0.40 loss -22.33 i_con 4.36 plddt 0.25 ptm 0.83 i_ptm 0.22 energy -53.52
132 models [2] recycles 0 hard 0 soft 0 temp 0.38 loss -23.71 i_con 4.00 plddt 0.29 ptm 0.87 i_ptm 0.40 energy -55.56
133 models [3] recycles 0 hard 0 soft 0 temp 0.36 loss -24.51 i_con 4.20 plddt 0.25 ptm 0.84 i_ptm 0.26 energy -57.58
134 models [0] recycles 0 hard 0 soft 0 temp 0.34 loss -25.38 i_con 4.35 plddt 0.25 ptm 0.84 i_ptm 0.21 energy -59.62
135 models [1] recycles 0 hard 0 soft 0 temp 0.32 loss -25.53 i_con 5.25 plddt 0.23 ptm 0.86 i_ptm 0.11 energy -61.70
136 models [0] recycles 0 hard 0 soft 0 temp 0.30 loss -27.06 i_con 4.61 plddt 0.23 ptm 0.82 i_ptm 0.16 energy -63.49
137 models [3] recycles 0 hard 0 soft 0 temp 0.28 loss -28.63 i_con 4.16 plddt 0.25 ptm 0.85 i_ptm 0.27 energy -65.74
138 models [4] recycles 0 hard 0 soft 0 temp 0.26 loss -29.40 i_con 4.36 plddt 0.23 ptm 0.88 i_ptm 0.26 energy -67.66
139 models [2] recycles 0 hard 0 soft 0 temp 0.24 loss -30.77 i_con 4.07 plddt 0.32 ptm 0.86 i_ptm 0.38 energy -69.82
140 models [1] recycles 0 hard 0 soft 0 temp 0.22 loss -31.10 i_con 4.81 plddt 0.24 ptm 0.86 i_ptm 0.15 energy -71.98
141 models [2] recycles 0 hard 0 soft 0 temp 0.20 loss -32.49 i_con 4.39 plddt 0.29 ptm 0.86 i_ptm 0.26 energy -73.90
142 models [4] recycles 0 hard 0 soft 0 temp 0.18 loss -33.20 i_con 4.19 plddt 0.23 ptm 0.88 i_ptm 0.30 energy -74.94
143 models [1] recycles 0 hard 0 soft 0 temp 0.16 loss -33.04 i_con 5.25 plddt 0.25 ptm 0.85 i_ptm 0.15 energy -76.73
144 models [1] recycles 0 hard 0 soft 0 temp 0.14 loss -34.87 i_con 4.53 plddt 0.24 ptm 0.85 i_ptm 0.16 energy -78.94
145 models [2] recycles 0 hard 0 soft 0 temp 0.12 loss -36.31 i_con 4.23 plddt 0.28 ptm 0.85 i_ptm 0.29 energy -81.22
146 models [2] recycles 0 hard 0 soft 0 temp 0.10 loss -36.99 i_con 4.27 plddt 0.26 ptm 0.85 i_ptm 0.28 energy -82.65
147 models [4] recycles 0 hard 0 soft 0 temp 0.08 loss -37.34 i_con 4.92 plddt 0.21 ptm 0.87 i_ptm 0.18 energy -84.67
148 models [0] recycles 0 hard 0 soft 0 temp 0.06 loss -38.43 i_con 4.78 plddt 0.23 ptm 0.83 i_ptm 0.17 energy -86.57
149 models [3] recycles 0 hard 0 soft 0 temp 0.04 loss -39.67 i_con 4.61 plddt 0.24 ptm 0.85 i_ptm 0.19 energy -88.70
150 models [3] recycles 0 hard 0 soft 0 temp 0.02 loss -40.63 i_con 4.30 plddt 0.24 ptm 0.85 i_ptm 0.23 energy -90.01
151 models [1] recycles 0 hard 1 soft 0 temp 0.00 loss 0.36 i_con 5.34 plddt 0.28 ptm 0.85 i_ptm 0.19 energy -5.61
152 models [2] recycles 0 hard 1 soft 0 temp 0.00 loss -1.48 i_con 3.51 plddt 0.39 ptm 0.88 i_ptm 0.62 energy -5.61
153 models [0] recycles 0 hard 1 soft 0 temp 0.00 loss -1.37 i_con 3.62 plddt 0.38 ptm 0.85 i_ptm 0.60 energy -5.61
154 models [4] recycles 0 hard 1 soft 0 temp 0.00 loss -1.64 i_con 3.35 plddt 0.41 ptm 0.90 i_ptm 0.67 energy -5.61
155 models [4] recycles 0 hard 1 soft 0 temp 0.00 loss -1.64 i_con 3.35 plddt 0.41 ptm 0.90 i_ptm 0.67 energy -5.61
156 models [2] recycles 0 hard 1 soft 0 temp 0.00 loss -1.48 i_con 3.51 plddt 0.39 ptm 0.88 i_ptm 0.62 energy -5.61
157 models [1] recycles 0 hard 1 soft 0 temp 0.00 loss 0.36 i_con 5.34 plddt 0.28 ptm 0.85 i_ptm 0.19 energy -5.61
158 models [2] recycles 0 hard 1 soft 0 temp 0.00 loss -1.48 i_con 3.51 plddt 0.39 ptm 0.88 i_ptm 0.62 energy -5.61
159 models [3] recycles 0 hard 1 soft 0 temp 0.00 loss -1.43 i_con 3.56 plddt 0.38 ptm 0.87 i_ptm 0.62 energy -5.61
160 models [0] recycles 0 hard 1 soft 0 temp 0.00 loss -1.37 i_con 3.62 plddt 0.38 ptm 0.85 i_ptm 0.60 energy -5.61
161 models [3] recycles 0 hard 1 soft 0 temp 0.00 loss -1.43 i_con 3.56 plddt 0.38 ptm 0.87 i_ptm 0.62 energy -5.61
162 models [2] recycles 0 hard 1 soft 0 temp 0.00 loss -1.48 i_con 3.51 plddt 0.39 ptm 0.88 i_ptm 0.62 energy -5.61
163 models [1] recycles 0 hard 1 soft 0 temp 0.00 loss 0.36 i_con 5.34 plddt 0.28 ptm 0.85 i_ptm 0.19 energy -5.61
164 models [3] recycles 0 hard 1 soft 0 temp 0.00 loss -1.43 i_con 3.56 plddt 0.38 ptm 0.87 i_ptm 0.62 energy -5.61
165 models [4] recycles 0 hard 1 soft 0 temp 0.00 loss -1.64 i_con 3.35 plddt 0.41 ptm 0.90 i_ptm 0.67 energy -5.61
166 models [4] recycles 0 hard 1 soft 0 temp 0.00 loss -1.64 i_con 3.35 plddt 0.41 ptm 0.90 i_ptm 0.67 energy -5.61
167 models [2] recycles 0 hard 1 soft 0 temp 0.00 loss -1.48 i_con 3.51 plddt 0.39 ptm 0.88 i_ptm 0.62 energy -5.61
168 models [0] recycles 0 hard 1 soft 0 temp 0.00 loss -1.37 i_con 3.62 plddt 0.38 ptm 0.85 i_ptm 0.60 energy -5.61
169 models [1] recycles 0 hard 1 soft 0 temp 0.00 loss 0.36 i_con 5.34 plddt 0.28 ptm 0.85 i_ptm 0.19 energy -5.61
170 models [0] recycles 0 hard 1 soft 0 temp 0.00 loss -1.37 i_con 3.62 plddt 0.38 ptm 0.85 i_ptm 0.60 energy -5.61
171 models [2] recycles 0 hard 1 soft 0 temp 0.00 loss -1.48 i_con 3.51 plddt 0.39 ptm 0.88 i_ptm 0.62 energy -5.61
172 models [4] recycles 0 hard 1 soft 0 temp 0.00 loss -1.64 i_con 3.35 plddt 0.41 ptm 0.90 i_ptm 0.67 energy -5.61
173 models [3] recycles 0 hard 1 soft 0 temp 0.00 loss -1.43 i_con 3.56 plddt 0.38 ptm 0.87 i_ptm 0.62 energy -5.61
174 models [4] recycles 0 hard 1 soft 0 temp 0.00 loss -1.64 i_con 3.35 plddt 0.41 ptm 0.90 i_ptm 0.67 energy -5.61
175 models [3] recycles 0 hard 1 soft 0 temp 0.00 loss -1.43 i_con 3.56 plddt 0.38 ptm 0.87 i_ptm 0.62 energy -5.61
176 models [3] recycles 0 hard 1 soft 0 temp 0.00 loss -1.43 i_con 3.56 plddt 0.38 ptm 0.87 i_ptm 0.62 energy -5.61
177 models [0] recycles 0 hard 1 soft 0 temp 0.00 loss -1.37 i_con 3.62 plddt 0.38 ptm 0.85 i_ptm 0.60 energy -5.61
178 models [3] recycles 0 hard 1 soft 0 temp 0.00 loss -1.43 i_con 3.56 plddt 0.38 ptm 0.87 i_ptm 0.62 energy -5.61
179 models [1] recycles 0 hard 1 soft 0 temp 0.00 loss 0.36 i_con 5.34 plddt 0.28 ptm 0.85 i_ptm 0.19 energy -5.61
180 models [3] recycles 0 hard 1 soft 0 temp 0.00 loss -1.43 i_con 3.56 plddt 0.38 ptm 0.87 i_ptm 0.62 energy -5.61
  seq=DAYRAWWHVWWQQEC  loss=-1.4347  loss_af=3.6170  energy=-5.6130  i_ptm=0.6151
[10/30] seed=9 ...
1 models [4] recycles 0 hard 0 soft 1 temp 1 loss 5.04 i_con 4.60 plddt 0.24 ptm 0.87 i_ptm 0.17 energy 7.37
2 models [0] recycles 0 hard 0 soft 1 temp 1 loss 4.79 i_con 4.36 plddt 0.25 ptm 0.84 i_ptm 0.23 energy 7.19
3 models [1] recycles 0 hard 0 soft 1 temp 1 loss 4.73 i_con 4.31 plddt 0.23 ptm 0.86 i_ptm 0.22 energy 6.96
4 models [4] recycles 0 hard 0 soft 1 temp 1 loss 4.64 i_con 4.24 plddt 0.26 ptm 0.87 i_ptm 0.27 energy 6.61
5 models [0] recycles 0 hard 0 soft 1 temp 1 loss 4.28 i_con 3.91 plddt 0.32 ptm 0.84 i_ptm 0.40 energy 6.21
6 models [3] recycles 0 hard 0 soft 1 temp 1 loss 4.13 i_con 3.78 plddt 0.33 ptm 0.86 i_ptm 0.44 energy 5.58
7 models [3] recycles 0 hard 0 soft 1 temp 1 loss 4.00 i_con 3.69 plddt 0.39 ptm 0.86 i_ptm 0.50 energy 4.97
8 models [3] recycles 0 hard 0 soft 1 temp 1 loss 3.92 i_con 3.64 plddt 0.42 ptm 0.86 i_ptm 0.54 energy 4.45
9 models [2] recycles 0 hard 0 soft 1 temp 1 loss 3.96 i_con 3.70 plddt 0.39 ptm 0.87 i_ptm 0.55 energy 4.16
10 models [0] recycles 0 hard 0 soft 1 temp 1 loss 4.13 i_con 3.88 plddt 0.34 ptm 0.85 i_ptm 0.46 energy 3.64
11 models [3] recycles 0 hard 0 soft 1 temp 1 loss 3.87 i_con 3.64 plddt 0.37 ptm 0.87 i_ptm 0.55 energy 3.26
12 models [0] recycles 0 hard 0 soft 1 temp 1 loss 4.07 i_con 3.86 plddt 0.37 ptm 0.85 i_ptm 0.49 energy 2.99
13 models [2] recycles 0 hard 0 soft 1 temp 1 loss 3.88 i_con 3.69 plddt 0.41 ptm 0.87 i_ptm 0.53 energy 2.50
14 models [1] recycles 0 hard 0 soft 1 temp 1 loss 4.42 i_con 4.24 plddt 0.25 ptm 0.86 i_ptm 0.22 energy 2.00
15 models [3] recycles 0 hard 0 soft 1 temp 1 loss 3.83 i_con 3.67 plddt 0.39 ptm 0.86 i_ptm 0.50 energy 1.86
16 models [1] recycles 0 hard 0 soft 1 temp 1 loss 4.20 i_con 4.04 plddt 0.30 ptm 0.87 i_ptm 0.33 energy 1.73
17 models [0] recycles 0 hard 0 soft 1 temp 1 loss 4.14 i_con 3.99 plddt 0.33 ptm 0.85 i_ptm 0.38 energy 1.67
18 models [0] recycles 0 hard 0 soft 1 temp 1 loss 4.19 i_con 4.05 plddt 0.33 ptm 0.84 i_ptm 0.36 energy 1.37
19 models [0] recycles 0 hard 0 soft 1 temp 1 loss 3.97 i_con 3.84 plddt 0.36 ptm 0.85 i_ptm 0.47 energy 1.18
20 models [4] recycles 0 hard 0 soft 1 temp 1 loss 4.07 i_con 3.95 plddt 0.32 ptm 0.88 i_ptm 0.38 energy 1.03
21 models [4] recycles 0 hard 0 soft 1 temp 1 loss 3.96 i_con 3.86 plddt 0.34 ptm 0.88 i_ptm 0.45 energy 0.80
22 models [0] recycles 0 hard 0 soft 1 temp 1 loss 4.02 i_con 3.92 plddt 0.31 ptm 0.85 i_ptm 0.39 energy 0.73
23 models [1] recycles 0 hard 0 soft 1 temp 1 loss 4.04 i_con 3.95 plddt 0.31 ptm 0.87 i_ptm 0.35 energy 0.50
24 models [1] recycles 0 hard 0 soft 1 temp 1 loss 4.20 i_con 4.10 plddt 0.29 ptm 0.87 i_ptm 0.30 energy 0.44
25 models [4] recycles 0 hard 0 soft 1 temp 1 loss 3.89 i_con 3.81 plddt 0.35 ptm 0.88 i_ptm 0.46 energy 0.34
26 models [1] recycles 0 hard 0 soft 1 temp 1 loss 4.26 i_con 4.18 plddt 0.27 ptm 0.86 i_ptm 0.29 energy 0.17
27 models [3] recycles 0 hard 0 soft 1 temp 1 loss 3.70 i_con 3.64 plddt 0.38 ptm 0.86 i_ptm 0.51 energy -0.07
28 models [3] recycles 0 hard 0 soft 1 temp 1 loss 3.72 i_con 3.67 plddt 0.39 ptm 0.87 i_ptm 0.51 energy -0.21
29 models [4] recycles 0 hard 0 soft 1 temp 1 loss 4.83 i_con 4.76 plddt 0.25 ptm 0.87 i_ptm 0.19 energy -0.24
30 models [0] recycles 0 hard 0 soft 1 temp 1 loss 3.98 i_con 3.92 plddt 0.34 ptm 0.85 i_ptm 0.39 energy -0.05
31 models [3] recycles 0 hard 0 soft 1 temp 1 loss 3.72 i_con 3.68 plddt 0.35 ptm 0.87 i_ptm 0.49 energy -0.48
32 models [2] recycles 0 hard 0 soft 1 temp 1 loss 3.66 i_con 3.63 plddt 0.43 ptm 0.87 i_ptm 0.57 energy -0.43
33 models [3] recycles 0 hard 0 soft 1 temp 1 loss 3.66 i_con 3.63 plddt 0.39 ptm 0.87 i_ptm 0.55 energy -0.53
34 models [4] recycles 0 hard 0 soft 1 temp 1 loss 3.79 i_con 3.75 plddt 0.37 ptm 0.88 i_ptm 0.49 energy -0.46
35 models [0] recycles 0 hard 0 soft 1 temp 1 loss 3.75 i_con 3.72 plddt 0.41 ptm 0.86 i_ptm 0.50 energy -0.61
36 models [3] recycles 0 hard 0 soft 1 temp 1 loss 3.70 i_con 3.68 plddt 0.40 ptm 0.87 i_ptm 0.56 energy -0.74
37 models [4] recycles 0 hard 0 soft 1 temp 1 loss 3.68 i_con 3.66 plddt 0.43 ptm 0.89 i_ptm 0.57 energy -0.67
38 models [2] recycles 0 hard 0 soft 1 temp 1 loss 3.72 i_con 3.71 plddt 0.41 ptm 0.88 i_ptm 0.53 energy -0.92
39 models [4] recycles 0 hard 0 soft 1 temp 1 loss 3.72 i_con 3.72 plddt 0.41 ptm 0.89 i_ptm 0.53 energy -1.18
40 models [1] recycles 0 hard 0 soft 1 temp 1 loss 4.69 i_con 4.67 plddt 0.22 ptm 0.85 i_ptm 0.11 energy -1.17
41 models [1] recycles 0 hard 0 soft 1 temp 1 loss 3.82 i_con 3.81 plddt 0.35 ptm 0.87 i_ptm 0.45 energy -1.18
42 models [0] recycles 0 hard 0 soft 1 temp 1 loss 3.61 i_con 3.63 plddt 0.43 ptm 0.86 i_ptm 0.58 energy -1.35
43 models [0] recycles 0 hard 0 soft 1 temp 1 loss 3.74 i_con 3.74 plddt 0.39 ptm 0.85 i_ptm 0.50 energy -1.33
44 models [4] recycles 0 hard 0 soft 1 temp 1 loss 3.88 i_con 3.89 plddt 0.32 ptm 0.89 i_ptm 0.49 energy -1.49
45 models [3] recycles 0 hard 0 soft 1 temp 1 loss 3.36 i_con 3.38 plddt 0.44 ptm 0.88 i_ptm 0.68 energy -1.55
46 models [0] recycles 0 hard 0 soft 1 temp 1 loss 3.85 i_con 3.87 plddt 0.38 ptm 0.85 i_ptm 0.45 energy -1.57
47 models [1] recycles 0 hard 0 soft 1 temp 1 loss 3.64 i_con 3.66 plddt 0.43 ptm 0.88 i_ptm 0.55 energy -1.55
48 models [3] recycles 0 hard 0 soft 1 temp 1 loss 2.80 i_con 2.82 plddt 0.49 ptm 0.89 i_ptm 0.82 energy -1.48
49 models [0] recycles 0 hard 0 soft 1 temp 1 loss 3.54 i_con 3.56 plddt 0.47 ptm 0.86 i_ptm 0.60 energy -1.53
50 models [1] recycles 0 hard 0 soft 1 temp 1 loss 3.96 i_con 3.96 plddt 0.34 ptm 0.87 i_ptm 0.38 energy -1.44
51 models [3] recycles 0 hard 0 soft 1 temp 1 loss 2.53 i_con 2.64 plddt 0.53 ptm 0.89 i_ptm 0.83 energy -1.57
52 models [1] recycles 0 hard 0 soft 1 temp 1 loss 3.60 i_con 3.70 plddt 0.36 ptm 0.87 i_ptm 0.50 energy -1.67
53 models [3] recycles 0 hard 0 soft 1 temp 1 loss 2.85 i_con 2.98 plddt 0.48 ptm 0.88 i_ptm 0.76 energy -1.79
54 models [2] recycles 0 hard 0 soft 1 temp 1 loss 2.69 i_con 2.82 plddt 0.53 ptm 0.89 i_ptm 0.81 energy -1.84
55 models [3] recycles 0 hard 0 soft 1 temp 1 loss 3.56 i_con 3.69 plddt 0.39 ptm 0.87 i_ptm 0.55 energy -1.86
56 models [4] recycles 0 hard 0 soft 1 temp 1 loss 5.21 i_con 5.32 plddt 0.27 ptm 0.87 i_ptm 0.20 energy -1.89
57 models [1] recycles 0 hard 0 soft 1 temp 1 loss 3.71 i_con 3.84 plddt 0.32 ptm 0.87 i_ptm 0.43 energy -1.94
58 models [4] recycles 0 hard 0 soft 1 temp 1 loss 3.45 i_con 3.60 plddt 0.44 ptm 0.89 i_ptm 0.58 energy -2.03
59 models [1] recycles 0 hard 0 soft 1 temp 1 loss 3.85 i_con 3.99 plddt 0.30 ptm 0.87 i_ptm 0.41 energy -2.16
60 models [4] recycles 0 hard 0 soft 1 temp 1 loss 3.56 i_con 3.72 plddt 0.42 ptm 0.89 i_ptm 0.57 energy -2.24
61 models [4] recycles 0 hard 0 soft 1 temp 1 loss 3.98 i_con 4.13 plddt 0.32 ptm 0.87 i_ptm 0.32 energy -2.27
62 models [0] recycles 0 hard 0 soft 1 temp 1 loss 3.54 i_con 3.71 plddt 0.45 ptm 0.86 i_ptm 0.57 energy -2.25
63 models [1] recycles 0 hard 0 soft 1 temp 1 loss 3.86 i_con 4.02 plddt 0.29 ptm 0.87 i_ptm 0.35 energy -2.33
64 models [1] recycles 0 hard 0 soft 1 temp 1 loss 3.59 i_con 3.76 plddt 0.37 ptm 0.87 i_ptm 0.49 energy -2.33
65 models [2] recycles 0 hard 0 soft 1 temp 1 loss 3.43 i_con 3.60 plddt 0.45 ptm 0.88 i_ptm 0.59 energy -2.28
66 models [2] recycles 0 hard 0 soft 1 temp 1 loss 3.40 i_con 3.59 plddt 0.45 ptm 0.88 i_ptm 0.59 energy -2.37
67 models [4] recycles 0 hard 0 soft 1 temp 1 loss 3.54 i_con 3.71 plddt 0.40 ptm 0.89 i_ptm 0.56 energy -2.39
68 models [0] recycles 0 hard 0 soft 1 temp 1 loss 3.44 i_con 3.63 plddt 0.43 ptm 0.86 i_ptm 0.57 energy -2.44
69 models [1] recycles 0 hard 0 soft 1 temp 1 loss 3.26 i_con 3.45 plddt 0.45 ptm 0.88 i_ptm 0.60 energy -2.43
70 models [4] recycles 0 hard 0 soft 1 temp 1 loss 3.53 i_con 3.71 plddt 0.39 ptm 0.89 i_ptm 0.54 energy -2.42
71 models [0] recycles 0 hard 0 soft 1 temp 1 loss 3.03 i_con 3.22 plddt 0.47 ptm 0.86 i_ptm 0.71 energy -2.48
72 models [1] recycles 0 hard 0 soft 1 temp 1 loss 3.57 i_con 3.76 plddt 0.40 ptm 0.88 i_ptm 0.51 energy -2.47
73 models [2] recycles 0 hard 0 soft 1 temp 1 loss 3.33 i_con 3.52 plddt 0.41 ptm 0.88 i_ptm 0.64 energy -2.45
74 models [4] recycles 0 hard 0 soft 1 temp 1 loss 3.51 i_con 3.69 plddt 0.41 ptm 0.89 i_ptm 0.54 energy -2.44
75 models [0] recycles 0 hard 0 soft 1 temp 1 loss 2.56 i_con 2.76 plddt 0.50 ptm 0.88 i_ptm 0.83 energy -2.48
76 models [4] recycles 0 hard 0 soft 1 temp 1 loss 3.43 i_con 3.61 plddt 0.40 ptm 0.89 i_ptm 0.61 energy -2.45
77 models [4] recycles 0 hard 0 soft 1 temp 1 loss 3.86 i_con 4.05 plddt 0.33 ptm 0.88 i_ptm 0.36 energy -2.53
78 models [3] recycles 0 hard 0 soft 1 temp 1 loss 3.54 i_con 3.73 plddt 0.40 ptm 0.86 i_ptm 0.51 energy -2.47
79 models [1] recycles 0 hard 0 soft 1 temp 1 loss 3.72 i_con 3.90 plddt 0.34 ptm 0.87 i_ptm 0.45 energy -2.49
80 models [2] recycles 0 hard 0 soft 1 temp 1 loss 3.26 i_con 3.45 plddt 0.45 ptm 0.88 i_ptm 0.65 energy -2.45
81 models [0] recycles 0 hard 0 soft 1 temp 1 loss 3.15 i_con 3.34 plddt 0.45 ptm 0.87 i_ptm 0.70 energy -2.46
82 models [2] recycles 0 hard 0 soft 1 temp 1 loss 3.43 i_con 3.61 plddt 0.43 ptm 0.87 i_ptm 0.58 energy -2.36
83 models [0] recycles 0 hard 0 soft 1 temp 1 loss 3.11 i_con 3.29 plddt 0.46 ptm 0.87 i_ptm 0.71 energy -2.37
84 models [1] recycles 0 hard 0 soft 1 temp 1 loss 3.53 i_con 3.71 plddt 0.39 ptm 0.88 i_ptm 0.54 energy -2.41
85 models [2] recycles 0 hard 0 soft 1 temp 1 loss 3.26 i_con 3.45 plddt 0.45 ptm 0.88 i_ptm 0.65 energy -2.44
86 models [0] recycles 0 hard 0 soft 1 temp 1 loss 2.65 i_con 2.84 plddt 0.53 ptm 0.87 i_ptm 0.82 energy -2.38
87 models [2] recycles 0 hard 0 soft 1 temp 1 loss 3.25 i_con 3.44 plddt 0.44 ptm 0.88 i_ptm 0.66 energy -2.44
88 models [0] recycles 0 hard 0 soft 1 temp 1 loss 2.95 i_con 3.14 plddt 0.49 ptm 0.87 i_ptm 0.74 energy -2.42
89 models [1] recycles 0 hard 0 soft 1 temp 1 loss 3.83 i_con 4.00 plddt 0.33 ptm 0.87 i_ptm 0.38 energy -2.31
90 models [1] recycles 0 hard 0 soft 1 temp 1 loss 3.26 i_con 3.44 plddt 0.50 ptm 0.89 i_ptm 0.64 energy -2.26
91 models [0] recycles 0 hard 0 soft 1 temp 1 loss 2.52 i_con 2.70 plddt 0.53 ptm 0.89 i_ptm 0.83 energy -2.30
92 models [0] recycles 0 hard 0 soft 1 temp 1 loss 2.92 i_con 3.10 plddt 0.47 ptm 0.87 i_ptm 0.75 energy -2.34
93 models [4] recycles 0 hard 0 soft 1 temp 1 loss 3.08 i_con 3.27 plddt 0.55 ptm 0.90 i_ptm 0.69 energy -2.42
94 models [4] recycles 0 hard 0 soft 1 temp 1 loss 3.55 i_con 3.74 plddt 0.40 ptm 0.89 i_ptm 0.51 energy -2.50
95 models [4] recycles 0 hard 0 soft 1 temp 1 loss 2.79 i_con 2.99 plddt 0.46 ptm 0.90 i_ptm 0.76 energy -2.52
96 models [1] recycles 0 hard 0 soft 1 temp 1 loss 3.35 i_con 3.55 plddt 0.43 ptm 0.88 i_ptm 0.62 energy -2.51
97 models [4] recycles 0 hard 0 soft 1 temp 1 loss 2.71 i_con 2.91 plddt 0.48 ptm 0.91 i_ptm 0.78 energy -2.51
98 models [1] recycles 0 hard 0 soft 1 temp 1 loss 2.74 i_con 2.94 plddt 0.52 ptm 0.89 i_ptm 0.79 energy -2.46
99 models [3] recycles 0 hard 0 soft 1 temp 1 loss 2.34 i_con 2.54 plddt 0.53 ptm 0.89 i_ptm 0.83 energy -2.43
100 models [1] recycles 0 hard 0 soft 1 temp 1 loss 2.49 i_con 2.69 plddt 0.52 ptm 0.90 i_ptm 0.83 energy -2.46
101 models [4] recycles 0 hard 0 soft 0 temp 1 loss -1.12 i_con 5.82 plddt 0.24 ptm 0.87 i_ptm 0.13 energy -14.04
102 models [4] recycles 0 hard 0 soft 0 temp 0.98 loss -2.62 i_con 4.91 plddt 0.23 ptm 0.87 i_ptm 0.13 energy -15.21
103 models [0] recycles 0 hard 0 soft 0 temp 0.96 loss -4.10 i_con 3.63 plddt 0.38 ptm 0.86 i_ptm 0.51 energy -15.59
104 models [1] recycles 0 hard 0 soft 0 temp 0.94 loss -3.47 i_con 5.34 plddt 0.25 ptm 0.86 i_ptm 0.14 energy -17.76
105 models [3] recycles 0 hard 0 soft 0 temp 0.92 loss -4.46 i_con 4.56 plddt 0.17 ptm 0.16 i_ptm 0.17 energy -18.21
106 models [3] recycles 0 hard 0 soft 0 temp 0.90 loss -4.79 i_con 4.39 plddt 0.28 ptm 0.17 i_ptm 0.21 energy -18.51
107 models [0] recycles 0 hard 0 soft 0 temp 0.88 loss -5.32 i_con 3.98 plddt 0.30 ptm 0.85 i_ptm 0.40 energy -18.75
108 models [2] recycles 0 hard 0 soft 0 temp 0.86 loss -6.86 i_con 3.26 plddt 0.34 ptm 0.56 i_ptm 0.29 energy -20.35
109 models [2] recycles 0 hard 0 soft 0 temp 0.84 loss -6.24 i_con 4.05 plddt 0.23 ptm 0.25 i_ptm 0.23 energy -20.75
110 models [0] recycles 0 hard 0 soft 0 temp 0.82 loss -6.57 i_con 3.79 plddt 0.34 ptm 0.86 i_ptm 0.45 energy -20.86
111 models [2] recycles 0 hard 0 soft 0 temp 0.80 loss -7.60 i_con 3.81 plddt 0.34 ptm 0.87 i_ptm 0.48 energy -22.96
112 models [2] recycles 0 hard 0 soft 0 temp 0.78 loss -7.75 i_con 4.66 plddt 0.23 ptm 0.85 i_ptm 0.13 energy -24.98
113 models [3] recycles 0 hard 0 soft 0 temp 0.76 loss -6.73 i_con 5.63 plddt 0.25 ptm 0.80 i_ptm 0.09 energy -24.87
114 models [4] recycles 0 hard 0 soft 0 temp 0.74 loss -7.22 i_con 5.10 plddt 0.20 ptm 0.85 i_ptm 0.13 energy -24.80
115 models [2] recycles 0 hard 0 soft 0 temp 0.72 loss -8.83 i_con 3.93 plddt 0.28 ptm 0.34 i_ptm 0.50 energy -25.66
116 models [2] recycles 0 hard 0 soft 0 temp 0.70 loss -9.26 i_con 3.49 plddt 0.21 ptm 0.37 i_ptm 0.55 energy -25.65
117 models [1] recycles 0 hard 0 soft 0 temp 0.68 loss -8.55 i_con 4.32 plddt 0.18 ptm 0.68 i_ptm 0.15 energy -25.90
118 models [1] recycles 0 hard 0 soft 0 temp 0.66 loss -9.22 i_con 3.91 plddt 0.23 ptm 0.30 i_ptm 0.45 energy -26.42
119 models [0] recycles 0 hard 0 soft 0 temp 0.64 loss -9.59 i_con 3.82 plddt 0.26 ptm 0.38 i_ptm 0.60 energy -26.97
120 models [3] recycles 0 hard 0 soft 0 temp 0.62 loss -11.63 i_con 2.41 plddt 0.25 ptm 0.31 i_ptm 0.34 energy -28.23
121 models [3] recycles 0 hard 0 soft 0 temp 0.60 loss -10.07 i_con 4.04 plddt 0.14 ptm 0.26 i_ptm 0.38 energy -28.39
122 models [1] recycles 0 hard 0 soft 0 temp 0.58 loss -10.00 i_con 4.19 plddt 0.17 ptm 0.35 i_ptm 0.61 energy -28.54
123 models [1] recycles 0 hard 0 soft 0 temp 0.56 loss -8.29 i_con 6.12 plddt 0.26 ptm 0.86 i_ptm 0.14 energy -28.97
124 models [3] recycles 0 hard 0 soft 0 temp 0.54 loss -9.79 i_con 4.72 plddt 0.17 ptm 0.18 i_ptm 0.19 energy -29.18
125 models [2] recycles 0 hard 0 soft 0 temp 0.52 loss -10.64 i_con 4.16 plddt 0.23 ptm 0.23 i_ptm 0.56 energy -29.76
126 models [4] recycles 0 hard 0 soft 0 temp 0.50 loss -10.08 i_con 4.80 plddt 0.14 ptm 0.20 i_ptm 0.23 energy -29.93
127 models [3] recycles 0 hard 0 soft 0 temp 0.48 loss -10.27 i_con 4.76 plddt 0.23 ptm 0.84 i_ptm 0.20 energy -30.22
128 models [3] recycles 0 hard 0 soft 0 temp 0.46 loss -10.98 i_con 4.56 plddt 0.26 ptm 0.85 i_ptm 0.21 energy -31.23
129 models [0] recycles 0 hard 0 soft 0 temp 0.44 loss -12.13 i_con 4.05 plddt 0.30 ptm 0.84 i_ptm 0.36 energy -32.49
130 models [2] recycles 0 hard 0 soft 0 temp 0.42 loss -13.27 i_con 3.80 plddt 0.38 ptm 0.87 i_ptm 0.47 energy -34.26
131 models [3] recycles 0 hard 0 soft 0 temp 0.40 loss -12.86 i_con 5.05 plddt 0.21 ptm 0.84 i_ptm 0.12 energy -35.98
132 models [4] recycles 0 hard 0 soft 0 temp 0.38 loss -13.36 i_con 4.48 plddt 0.22 ptm 0.87 i_ptm 0.15 energy -35.85
133 models [1] recycles 0 hard 0 soft 0 temp 0.36 loss -13.84 i_con 4.69 plddt 0.23 ptm 0.85 i_ptm 0.10 energy -37.22
134 models [3] recycles 0 hard 0 soft 0 temp 0.34 loss -14.79 i_con 3.83 plddt 0.34 ptm 0.86 i_ptm 0.47 energy -37.36
135 models [3] recycles 0 hard 0 soft 0 temp 0.32 loss -15.70 i_con 3.89 plddt 0.32 ptm 0.86 i_ptm 0.42 energy -39.32
136 models [4] recycles 0 hard 0 soft 0 temp 0.30 loss -15.60 i_con 4.93 plddt 0.22 ptm 0.87 i_ptm 0.19 energy -41.22
137 models [1] recycles 0 hard 0 soft 0 temp 0.28 loss -16.64 i_con 4.44 plddt 0.26 ptm 0.85 i_ptm 0.18 energy -42.31
138 models [2] recycles 0 hard 0 soft 0 temp 0.26 loss -18.19 i_con 3.78 plddt 0.37 ptm 0.88 i_ptm 0.52 energy -44.08
139 models [1] recycles 0 hard 0 soft 0 temp 0.24 loss -17.67 i_con 5.16 plddt 0.23 ptm 0.86 i_ptm 0.10 energy -45.83
140 models [1] recycles 0 hard 0 soft 0 temp 0.22 loss -18.25 i_con 4.77 plddt 0.26 ptm 0.86 i_ptm 0.18 energy -46.19
141 models [2] recycles 0 hard 0 soft 0 temp 0.20 loss -19.95 i_con 3.96 plddt 0.29 ptm 0.87 i_ptm 0.38 energy -47.97
142 models [1] recycles 0 hard 0 soft 0 temp 0.18 loss -19.29 i_con 5.52 plddt 0.25 ptm 0.86 i_ptm 0.17 energy -49.78
143 models [0] recycles 0 hard 0 soft 0 temp 0.16 loss -20.86 i_con 4.61 plddt 0.28 ptm 0.83 i_ptm 0.21 energy -51.07
144 models [4] recycles 0 hard 0 soft 0 temp 0.14 loss -22.37 i_con 4.01 plddt 0.27 ptm 0.88 i_ptm 0.37 energy -52.90
145 models [1] recycles 0 hard 0 soft 0 temp 0.12 loss -21.65 i_con 5.69 plddt 0.24 ptm 0.85 i_ptm 0.12 energy -54.84
146 models [0] recycles 0 hard 0 soft 0 temp 0.10 loss -23.63 i_con 4.51 plddt 0.24 ptm 0.83 i_ptm 0.17 energy -56.43
147 models [3] recycles 0 hard 0 soft 0 temp 0.08 loss -23.40 i_con 5.31 plddt 0.22 ptm 0.84 i_ptm 0.14 energy -57.56
148 models [1] recycles 0 hard 0 soft 0 temp 0.06 loss -24.15 i_con 4.85 plddt 0.25 ptm 0.86 i_ptm 0.16 energy -58.14
149 models [3] recycles 0 hard 0 soft 0 temp 0.04 loss -25.57 i_con 4.30 plddt 0.24 ptm 0.85 i_ptm 0.23 energy -59.91
150 models [4] recycles 0 hard 0 soft 0 temp 0.02 loss -26.68 i_con 3.97 plddt 0.28 ptm 0.88 i_ptm 0.41 energy -61.46
151 models [1] recycles 0 hard 1 soft 0 temp 0.00 loss 2.26 i_con 5.86 plddt 0.27 ptm 0.85 i_ptm 0.24 energy -4.08
152 models [1] recycles 0 hard 1 soft 0 temp 0.00 loss 2.26 i_con 5.86 plddt 0.27 ptm 0.85 i_ptm 0.24 energy -4.08
153 models [2] recycles 0 hard 1 soft 0 temp 0.00 loss 1.71 i_con 5.30 plddt 0.26 ptm 0.85 i_ptm 0.21 energy -4.08
154 models [2] recycles 0 hard 1 soft 0 temp 0.00 loss 1.71 i_con 5.30 plddt 0.26 ptm 0.85 i_ptm 0.21 energy -4.08
155 models [2] recycles 0 hard 1 soft 0 temp 0.00 loss 1.71 i_con 5.30 plddt 0.26 ptm 0.85 i_ptm 0.21 energy -4.08
156 models [2] recycles 0 hard 1 soft 0 temp 0.00 loss 1.71 i_con 5.30 plddt 0.26 ptm 0.85 i_ptm 0.21 energy -4.08
157 models [1] recycles 0 hard 1 soft 0 temp 0.00 loss 2.26 i_con 5.86 plddt 0.27 ptm 0.85 i_ptm 0.24 energy -4.08
158 models [2] recycles 0 hard 1 soft 0 temp 0.00 loss 1.71 i_con 5.30 plddt 0.26 ptm 0.85 i_ptm 0.21 energy -4.08
159 models [4] recycles 0 hard 1 soft 0 temp 0.00 loss 1.76 i_con 5.36 plddt 0.20 ptm 0.87 i_ptm 0.15 energy -4.08
160 models [3] recycles 0 hard 1 soft 0 temp 0.00 loss -0.48 i_con 3.14 plddt 0.40 ptm 0.88 i_ptm 0.75 energy -4.08
161 models [0] recycles 0 hard 1 soft 0 temp 0.00 loss -0.64 i_con 2.98 plddt 0.45 ptm 0.87 i_ptm 0.78 energy -4.08
162 models [4] recycles 0 hard 1 soft 0 temp 0.00 loss 1.76 i_con 5.36 plddt 0.20 ptm 0.87 i_ptm 0.15 energy -4.08
163 models [1] recycles 0 hard 1 soft 0 temp 0.00 loss 2.26 i_con 5.86 plddt 0.27 ptm 0.85 i_ptm 0.24 energy -4.08
164 models [2] recycles 0 hard 1 soft 0 temp 0.00 loss 1.71 i_con 5.30 plddt 0.26 ptm 0.85 i_ptm 0.21 energy -4.08
165 models [2] recycles 0 hard 1 soft 0 temp 0.00 loss 1.71 i_con 5.30 plddt 0.26 ptm 0.85 i_ptm 0.21 energy -4.08
166 models [3] recycles 0 hard 1 soft 0 temp 0.00 loss -0.48 i_con 3.14 plddt 0.40 ptm 0.88 i_ptm 0.75 energy -4.08
167 models [3] recycles 0 hard 1 soft 0 temp 0.00 loss -0.48 i_con 3.14 plddt 0.40 ptm 0.88 i_ptm 0.75 energy -4.08
168 models [1] recycles 0 hard 1 soft 0 temp 0.00 loss 2.26 i_con 5.86 plddt 0.27 ptm 0.85 i_ptm 0.24 energy -4.08
169 models [3] recycles 0 hard 1 soft 0 temp 0.00 loss -0.48 i_con 3.14 plddt 0.40 ptm 0.88 i_ptm 0.75 energy -4.08
170 models [2] recycles 0 hard 1 soft 0 temp 0.00 loss 1.71 i_con 5.30 plddt 0.26 ptm 0.85 i_ptm 0.21 energy -4.08
171 models [2] recycles 0 hard 1 soft 0 temp 0.00 loss 1.71 i_con 5.30 plddt 0.26 ptm 0.85 i_ptm 0.21 energy -4.08
172 models [0] recycles 0 hard 1 soft 0 temp 0.00 loss -0.64 i_con 2.98 plddt 0.45 ptm 0.87 i_ptm 0.78 energy -4.08
173 models [1] recycles 0 hard 1 soft 0 temp 0.00 loss 2.26 i_con 5.86 plddt 0.27 ptm 0.85 i_ptm 0.24 energy -4.08
174 models [1] recycles 0 hard 1 soft 0 temp 0.00 loss 2.26 i_con 5.86 plddt 0.27 ptm 0.85 i_ptm 0.24 energy -4.08
175 models [4] recycles 0 hard 1 soft 0 temp 0.00 loss 1.76 i_con 5.36 plddt 0.20 ptm 0.87 i_ptm 0.15 energy -4.08
176 models [0] recycles 0 hard 1 soft 0 temp 0.00 loss -0.64 i_con 2.98 plddt 0.45 ptm 0.87 i_ptm 0.78 energy -4.08
177 models [4] recycles 0 hard 1 soft 0 temp 0.00 loss 1.76 i_con 5.36 plddt 0.20 ptm 0.87 i_ptm 0.15 energy -4.08
178 models [0] recycles 0 hard 1 soft 0 temp 0.00 loss -0.64 i_con 2.98 plddt 0.45 ptm 0.87 i_ptm 0.78 energy -4.08
179 models [4] recycles 0 hard 1 soft 0 temp 0.00 loss 1.76 i_con 5.36 plddt 0.20 ptm 0.87 i_ptm 0.15 energy -4.08
180 models [0] recycles 0 hard 1 soft 0 temp 0.00 loss -0.64 i_con 2.98 plddt 0.45 ptm 0.87 i_ptm 0.78 energy -4.08
  seq=TAIRRSWCVFWQEFC  loss=-0.6423  loss_af=3.0311  energy=-4.0815  i_ptm=0.7774
[11/30] seed=10 ...
1 models [0] recycles 0 hard 0 soft 1 temp 1 loss 4.68 i_con 4.23 plddt 0.25 ptm 0.84 i_ptm 0.23 energy 7.39
2 models [3] recycles 0 hard 0 soft 1 temp 1 loss 4.25 i_con 3.84 plddt 0.35 ptm 0.86 i_ptm 0.43 energy 6.91
3 models [0] recycles 0 hard 0 soft 1 temp 1 loss 4.51 i_con 4.13 plddt 0.27 ptm 0.84 i_ptm 0.30 energy 6.12
4 models [1] recycles 0 hard 0 soft 1 temp 1 loss 4.48 i_con 4.12 plddt 0.23 ptm 0.86 i_ptm 0.28 energy 5.52
5 models [1] recycles 0 hard 0 soft 1 temp 1 loss 5.30 i_con 4.98 plddt 0.22 ptm 0.86 i_ptm 0.13 energy 4.86
6 models [4] recycles 0 hard 0 soft 1 temp 1 loss 4.31 i_con 4.01 plddt 0.28 ptm 0.88 i_ptm 0.34 energy 4.56
7 models [3] recycles 0 hard 0 soft 1 temp 1 loss 4.04 i_con 3.77 plddt 0.32 ptm 0.86 i_ptm 0.44 energy 4.12
8 models [1] recycles 0 hard 0 soft 1 temp 1 loss 4.27 i_con 4.02 plddt 0.27 ptm 0.86 i_ptm 0.33 energy 3.44
9 models [0] recycles 0 hard 0 soft 1 temp 1 loss 4.20 i_con 3.98 plddt 0.28 ptm 0.85 i_ptm 0.34 energy 3.02
10 models [0] recycles 0 hard 0 soft 1 temp 1 loss 4.22 i_con 4.02 plddt 0.30 ptm 0.84 i_ptm 0.37 energy 2.62
11 models [2] recycles 0 hard 0 soft 1 temp 1 loss 4.02 i_con 3.84 plddt 0.34 ptm 0.87 i_ptm 0.43 energy 2.37
12 models [3] recycles 0 hard 0 soft 1 temp 1 loss 4.12 i_con 3.95 plddt 0.35 ptm 0.85 i_ptm 0.40 energy 2.14
13 models [2] recycles 0 hard 0 soft 1 temp 1 loss 3.94 i_con 3.78 plddt 0.38 ptm 0.87 i_ptm 0.48 energy 2.12
14 models [0] recycles 0 hard 0 soft 1 temp 1 loss 4.15 i_con 3.99 plddt 0.29 ptm 0.84 i_ptm 0.36 energy 1.81
15 models [3] recycles 0 hard 0 soft 1 temp 1 loss 3.81 i_con 3.67 plddt 0.36 ptm 0.86 i_ptm 0.46 energy 1.61
16 models [3] recycles 0 hard 0 soft 1 temp 1 loss 3.76 i_con 3.63 plddt 0.40 ptm 0.86 i_ptm 0.54 energy 1.41
17 models [3] recycles 0 hard 0 soft 1 temp 1 loss 3.90 i_con 3.77 plddt 0.36 ptm 0.86 i_ptm 0.45 energy 1.23
18 models [1] recycles 0 hard 0 soft 1 temp 1 loss 4.29 i_con 4.16 plddt 0.25 ptm 0.86 i_ptm 0.27 energy 1.01
19 models [3] recycles 0 hard 0 soft 1 temp 1 loss 3.83 i_con 3.72 plddt 0.37 ptm 0.86 i_ptm 0.49 energy 0.85
20 models [1] recycles 0 hard 0 soft 1 temp 1 loss 4.32 i_con 4.22 plddt 0.26 ptm 0.85 i_ptm 0.21 energy 0.55
21 models [0] recycles 0 hard 0 soft 1 temp 1 loss 3.96 i_con 3.87 plddt 0.33 ptm 0.84 i_ptm 0.44 energy 0.47
22 models [0] recycles 0 hard 0 soft 1 temp 1 loss 3.85 i_con 3.78 plddt 0.36 ptm 0.85 i_ptm 0.45 energy 0.10
23 models [0] recycles 0 hard 0 soft 1 temp 1 loss 4.19 i_con 4.12 plddt 0.28 ptm 0.84 i_ptm 0.28 energy -0.09
24 models [3] recycles 0 hard 0 soft 1 temp 1 loss 3.78 i_con 3.73 plddt 0.37 ptm 0.86 i_ptm 0.47 energy -0.26
25 models [3] recycles 0 hard 0 soft 1 temp 1 loss 3.82 i_con 3.78 plddt 0.33 ptm 0.86 i_ptm 0.43 energy -0.40
26 models [1] recycles 0 hard 0 soft 1 temp 1 loss 4.73 i_con 4.68 plddt 0.24 ptm 0.86 i_ptm 0.16 energy -0.62
27 models [2] recycles 0 hard 0 soft 1 temp 1 loss 3.71 i_con 3.68 plddt 0.38 ptm 0.87 i_ptm 0.52 energy -0.70
28 models [0] recycles 0 hard 0 soft 1 temp 1 loss 3.93 i_con 3.91 plddt 0.35 ptm 0.85 i_ptm 0.41 energy -0.87
29 models [3] recycles 0 hard 0 soft 1 temp 1 loss 3.62 i_con 3.61 plddt 0.42 ptm 0.87 i_ptm 0.53 energy -0.82
30 models [4] recycles 0 hard 0 soft 1 temp 1 loss 3.63 i_con 3.61 plddt 0.41 ptm 0.89 i_ptm 0.53 energy -0.78
31 models [1] recycles 0 hard 0 soft 1 temp 1 loss 3.93 i_con 3.91 plddt 0.30 ptm 0.87 i_ptm 0.37 energy -0.95
32 models [0] recycles 0 hard 0 soft 1 temp 1 loss 3.84 i_con 3.84 plddt 0.38 ptm 0.84 i_ptm 0.43 energy -1.10
33 models [2] recycles 0 hard 0 soft 1 temp 1 loss 3.71 i_con 3.71 plddt 0.37 ptm 0.87 i_ptm 0.52 energy -1.16
34 models [1] recycles 0 hard 0 soft 1 temp 1 loss 4.25 i_con 4.24 plddt 0.25 ptm 0.85 i_ptm 0.22 energy -1.28
35 models [3] recycles 0 hard 0 soft 1 temp 1 loss 3.70 i_con 3.70 plddt 0.37 ptm 0.86 i_ptm 0.49 energy -1.33
36 models [3] recycles 0 hard 0 soft 1 temp 1 loss 3.64 i_con 3.67 plddt 0.39 ptm 0.87 i_ptm 0.49 energy -1.88
37 models [1] recycles 0 hard 0 soft 1 temp 1 loss 4.01 i_con 4.05 plddt 0.27 ptm 0.86 i_ptm 0.30 energy -2.29
38 models [1] recycles 0 hard 0 soft 1 temp 1 loss 3.85 i_con 3.89 plddt 0.30 ptm 0.87 i_ptm 0.39 energy -2.20
39 models [2] recycles 0 hard 0 soft 1 temp 1 loss 3.58 i_con 3.64 plddt 0.43 ptm 0.87 i_ptm 0.56 energy -2.40
40 models [1] recycles 0 hard 0 soft 1 temp 1 loss 3.86 i_con 3.91 plddt 0.29 ptm 0.87 i_ptm 0.38 energy -2.50
41 models [2] recycles 0 hard 0 soft 1 temp 1 loss 3.57 i_con 3.65 plddt 0.43 ptm 0.87 i_ptm 0.56 energy -2.64
42 models [0] recycles 0 hard 0 soft 1 temp 1 loss 3.64 i_con 3.72 plddt 0.39 ptm 0.86 i_ptm 0.47 energy -2.78
43 models [3] recycles 0 hard 0 soft 1 temp 1 loss 3.60 i_con 3.68 plddt 0.35 ptm 0.86 i_ptm 0.48 energy -2.85
44 models [0] recycles 0 hard 0 soft 1 temp 1 loss 3.69 i_con 3.77 plddt 0.37 ptm 0.85 i_ptm 0.47 energy -2.84
45 models [1] recycles 0 hard 0 soft 1 temp 1 loss 3.66 i_con 3.74 plddt 0.36 ptm 0.88 i_ptm 0.46 energy -2.98
46 models [1] recycles 0 hard 0 soft 1 temp 1 loss 3.58 i_con 3.66 plddt 0.37 ptm 0.88 i_ptm 0.50 energy -2.91
47 models [2] recycles 0 hard 0 soft 1 temp 1 loss 3.56 i_con 3.65 plddt 0.41 ptm 0.87 i_ptm 0.52 energy -2.98
48 models [2] recycles 0 hard 0 soft 1 temp 1 loss 3.60 i_con 3.70 plddt 0.39 ptm 0.87 i_ptm 0.51 energy -3.03
49 models [2] recycles 0 hard 0 soft 1 temp 1 loss 3.56 i_con 3.65 plddt 0.39 ptm 0.87 i_ptm 0.52 energy -3.01
50 models [4] recycles 0 hard 0 soft 1 temp 1 loss 3.56 i_con 3.65 plddt 0.38 ptm 0.89 i_ptm 0.54 energy -2.97
51 models [4] recycles 0 hard 0 soft 1 temp 1 loss 3.60 i_con 3.83 plddt 0.34 ptm 0.88 i_ptm 0.46 energy -2.97
52 models [4] recycles 0 hard 0 soft 1 temp 1 loss 3.43 i_con 3.67 plddt 0.39 ptm 0.88 i_ptm 0.52 energy -3.00
53 models [0] recycles 0 hard 0 soft 1 temp 1 loss 3.40 i_con 3.64 plddt 0.45 ptm 0.85 i_ptm 0.54 energy -3.02
54 models [0] recycles 0 hard 0 soft 1 temp 1 loss 3.57 i_con 3.82 plddt 0.39 ptm 0.85 i_ptm 0.47 energy -3.10
55 models [4] recycles 0 hard 0 soft 1 temp 1 loss 4.77 i_con 5.01 plddt 0.27 ptm 0.87 i_ptm 0.20 energy -3.14
56 models [0] recycles 0 hard 0 soft 1 temp 1 loss 3.38 i_con 3.63 plddt 0.43 ptm 0.85 i_ptm 0.55 energy -3.12
57 models [1] recycles 0 hard 0 soft 1 temp 1 loss 3.68 i_con 3.93 plddt 0.30 ptm 0.86 i_ptm 0.38 energy -3.14
58 models [2] recycles 0 hard 0 soft 1 temp 1 loss 3.35 i_con 3.61 plddt 0.45 ptm 0.88 i_ptm 0.59 energy -3.09
59 models [1] recycles 0 hard 0 soft 1 temp 1 loss 3.46 i_con 3.71 plddt 0.37 ptm 0.88 i_ptm 0.48 energy -3.17
60 models [1] recycles 0 hard 0 soft 1 temp 1 loss 3.63 i_con 3.88 plddt 0.31 ptm 0.87 i_ptm 0.41 energy -3.20
61 models [0] recycles 0 hard 0 soft 1 temp 1 loss 3.52 i_con 3.78 plddt 0.40 ptm 0.86 i_ptm 0.51 energy -3.19
62 models [2] recycles 0 hard 0 soft 1 temp 1 loss 3.33 i_con 3.60 plddt 0.43 ptm 0.87 i_ptm 0.57 energy -3.28
63 models [3] recycles 0 hard 0 soft 1 temp 1 loss 3.39 i_con 3.67 plddt 0.37 ptm 0.87 i_ptm 0.51 energy -3.38
64 models [1] recycles 0 hard 0 soft 1 temp 1 loss 3.60 i_con 3.88 plddt 0.32 ptm 0.87 i_ptm 0.40 energy -3.44
65 models [2] recycles 0 hard 0 soft 1 temp 1 loss 3.53 i_con 3.81 plddt 0.37 ptm 0.87 i_ptm 0.47 energy -3.44
66 models [0] recycles 0 hard 0 soft 1 temp 1 loss 3.47 i_con 3.76 plddt 0.42 ptm 0.85 i_ptm 0.51 energy -3.50
67 models [3] recycles 0 hard 0 soft 1 temp 1 loss 3.38 i_con 3.67 plddt 0.37 ptm 0.86 i_ptm 0.50 energy -3.55
68 models [2] recycles 0 hard 0 soft 1 temp 1 loss 3.39 i_con 3.68 plddt 0.39 ptm 0.87 i_ptm 0.52 energy -3.58
69 models [4] recycles 0 hard 0 soft 1 temp 1 loss 3.46 i_con 3.77 plddt 0.38 ptm 0.88 i_ptm 0.49 energy -3.67
70 models [4] recycles 0 hard 0 soft 1 temp 1 loss 3.39 i_con 3.70 plddt 0.37 ptm 0.88 i_ptm 0.52 energy -3.67
71 models [4] recycles 0 hard 0 soft 1 temp 1 loss 3.43 i_con 3.74 plddt 0.40 ptm 0.88 i_ptm 0.51 energy -3.74
72 models [2] recycles 0 hard 0 soft 1 temp 1 loss 3.40 i_con 3.71 plddt 0.38 ptm 0.87 i_ptm 0.52 energy -3.69
73 models [2] recycles 0 hard 0 soft 1 temp 1 loss 3.37 i_con 3.69 plddt 0.42 ptm 0.87 i_ptm 0.55 energy -3.83
74 models [3] recycles 0 hard 0 soft 1 temp 1 loss 3.38 i_con 3.70 plddt 0.40 ptm 0.86 i_ptm 0.49 energy -3.81
75 models [0] recycles 0 hard 0 soft 1 temp 1 loss 3.39 i_con 3.72 plddt 0.44 ptm 0.85 i_ptm 0.53 energy -3.89
76 models [3] recycles 0 hard 0 soft 1 temp 1 loss 3.32 i_con 3.65 plddt 0.38 ptm 0.86 i_ptm 0.52 energy -3.89
77 models [0] recycles 0 hard 0 soft 1 temp 1 loss 3.46 i_con 3.80 plddt 0.37 ptm 0.86 i_ptm 0.45 energy -4.04
78 models [4] recycles 0 hard 0 soft 1 temp 1 loss 3.35 i_con 3.69 plddt 0.37 ptm 0.89 i_ptm 0.51 energy -4.07
79 models [2] recycles 0 hard 0 soft 1 temp 1 loss 3.33 i_con 3.68 plddt 0.40 ptm 0.87 i_ptm 0.52 energy -4.13
80 models [0] recycles 0 hard 0 soft 1 temp 1 loss 3.33 i_con 3.69 plddt 0.43 ptm 0.86 i_ptm 0.53 energy -4.16
81 models [3] recycles 0 hard 0 soft 1 temp 1 loss 3.37 i_con 3.74 plddt 0.35 ptm 0.86 i_ptm 0.47 energy -4.27
82 models [1] recycles 0 hard 0 soft 1 temp 1 loss 3.30 i_con 3.67 plddt 0.39 ptm 0.87 i_ptm 0.52 energy -4.27
83 models [2] recycles 0 hard 0 soft 1 temp 1 loss 3.35 i_con 3.72 plddt 0.41 ptm 0.88 i_ptm 0.51 energy -4.23
84 models [3] recycles 0 hard 0 soft 1 temp 1 loss 3.35 i_con 3.71 plddt 0.35 ptm 0.86 i_ptm 0.48 energy -4.24
85 models [4] recycles 0 hard 0 soft 1 temp 1 loss 3.27 i_con 3.64 plddt 0.42 ptm 0.89 i_ptm 0.53 energy -4.36
86 models [2] recycles 0 hard 0 soft 1 temp 1 loss 3.30 i_con 3.68 plddt 0.41 ptm 0.88 i_ptm 0.54 energy -4.32
87 models [0] recycles 0 hard 0 soft 1 temp 1 loss 3.43 i_con 3.82 plddt 0.38 ptm 0.85 i_ptm 0.44 energy -4.46
88 models [3] recycles 0 hard 0 soft 1 temp 1 loss 3.29 i_con 3.68 plddt 0.37 ptm 0.87 i_ptm 0.49 energy -4.51
89 models [4] recycles 0 hard 0 soft 1 temp 1 loss 3.29 i_con 3.68 plddt 0.38 ptm 0.89 i_ptm 0.50 energy -4.54
90 models [4] recycles 0 hard 0 soft 1 temp 1 loss 3.37 i_con 3.77 plddt 0.38 ptm 0.88 i_ptm 0.46 energy -4.56
91 models [0] recycles 0 hard 0 soft 1 temp 1 loss 3.40 i_con 3.80 plddt 0.37 ptm 0.85 i_ptm 0.46 energy -4.66
92 models [2] recycles 0 hard 0 soft 1 temp 1 loss 3.27 i_con 3.68 plddt 0.43 ptm 0.87 i_ptm 0.52 energy -4.69
93 models [2] recycles 0 hard 0 soft 1 temp 1 loss 3.19 i_con 3.60 plddt 0.41 ptm 0.87 i_ptm 0.53 energy -4.67
94 models [2] recycles 0 hard 0 soft 1 temp 1 loss 3.27 i_con 3.67 plddt 0.38 ptm 0.87 i_ptm 0.52 energy -4.66
95 models [4] recycles 0 hard 0 soft 1 temp 1 loss 3.78 i_con 4.19 plddt 0.26 ptm 0.87 i_ptm 0.27 energy -4.82
96 models [1] recycles 0 hard 0 soft 1 temp 1 loss 3.64 i_con 4.05 plddt 0.27 ptm 0.86 i_ptm 0.31 energy -4.85
97 models [3] recycles 0 hard 0 soft 1 temp 1 loss 3.17 i_con 3.59 plddt 0.39 ptm 0.87 i_ptm 0.53 energy -4.81
98 models [0] recycles 0 hard 0 soft 1 temp 1 loss 3.43 i_con 3.84 plddt 0.36 ptm 0.85 i_ptm 0.47 energy -4.75
99 models [0] recycles 0 hard 0 soft 1 temp 1 loss 3.39 i_con 3.81 plddt 0.39 ptm 0.85 i_ptm 0.47 energy -4.83
100 models [1] recycles 0 hard 0 soft 1 temp 1 loss 3.17 i_con 3.59 plddt 0.42 ptm 0.88 i_ptm 0.54 energy -4.80
101 models [2] recycles 0 hard 0 soft 0 temp 1 loss -9.32 i_con 4.18 plddt 0.30 ptm 0.86 i_ptm 0.30 energy -27.13
102 models [0] recycles 0 hard 0 soft 0 temp 0.98 loss -9.53 i_con 4.17 plddt 0.30 ptm 0.84 i_ptm 0.28 energy -27.53
103 models [4] recycles 0 hard 0 soft 0 temp 0.96 loss -9.21 i_con 5.38 plddt 0.23 ptm 0.86 i_ptm 0.14 energy -29.34
104 models [4] recycles 0 hard 0 soft 0 temp 0.94 loss -10.56 i_con 4.06 plddt 0.29 ptm 0.88 i_ptm 0.33 energy -29.38
105 models [0] recycles 0 hard 0 soft 0 temp 0.92 loss -9.86 i_con 4.97 plddt 0.25 ptm 0.83 i_ptm 0.13 energy -29.81
106 models [1] recycles 0 hard 0 soft 0 temp 0.90 loss -9.15 i_con 6.09 plddt 0.27 ptm 0.86 i_ptm 0.15 energy -30.64
107 models [3] recycles 0 hard 0 soft 0 temp 0.88 loss -11.49 i_con 4.31 plddt 0.26 ptm 0.85 i_ptm 0.22 energy -31.73
108 models [0] recycles 0 hard 0 soft 0 temp 0.86 loss -10.62 i_con 5.25 plddt 0.24 ptm 0.85 i_ptm 0.19 energy -31.89
109 models [0] recycles 0 hard 0 soft 0 temp 0.84 loss -11.36 i_con 4.63 plddt 0.25 ptm 0.84 i_ptm 0.18 energy -32.14
110 models [1] recycles 0 hard 0 soft 0 temp 0.82 loss -11.01 i_con 5.64 plddt 0.26 ptm 0.86 i_ptm 0.13 energy -33.44
111 models [1] recycles 0 hard 0 soft 0 temp 0.80 loss -11.74 i_con 5.62 plddt 0.25 ptm 0.86 i_ptm 0.13 energy -34.87
112 models [0] recycles 0 hard 0 soft 0 temp 0.78 loss -12.80 i_con 4.71 plddt 0.25 ptm 0.82 i_ptm 0.14 energy -35.18
113 models [2] recycles 0 hard 0 soft 0 temp 0.76 loss -17.07 i_con 1.25 plddt 0.32 ptm 0.57 i_ptm 0.61 energy -36.77
114 models [3] recycles 0 hard 0 soft 0 temp 0.74 loss -15.62 i_con 2.70 plddt 0.24 ptm 0.61 i_ptm 0.55 energy -36.79
115 models [2] recycles 0 hard 0 soft 0 temp 0.72 loss -18.68 i_con 0.20 plddt 0.39 ptm 0.88 i_ptm 0.85 energy -37.88
116 models [0] recycles 0 hard 0 soft 0 temp 0.70 loss -14.53 i_con 4.46 plddt 0.25 ptm 0.83 i_ptm 0.16 energy -38.14
117 models [4] recycles 0 hard 0 soft 0 temp 0.68 loss -16.80 i_con 2.68 plddt 0.21 ptm 0.60 i_ptm 0.60 energy -39.12
118 models [1] recycles 0 hard 0 soft 0 temp 0.66 loss -15.04 i_con 4.68 plddt 0.23 ptm 0.68 i_ptm 0.13 energy -39.60
119 models [3] recycles 0 hard 0 soft 0 temp 0.64 loss -19.00 i_con 0.92 plddt 0.34 ptm 0.75 i_ptm 0.69 energy -39.97
120 models [3] recycles 0 hard 0 soft 0 temp 0.62 loss -18.47 i_con 1.56 plddt 0.37 ptm 0.71 i_ptm 0.69 energy -40.19
121 models [4] recycles 0 hard 0 soft 0 temp 0.60 loss -18.19 i_con 1.82 plddt 0.30 ptm 0.78 i_ptm 0.79 energy -40.16
122 models [3] recycles 0 hard 0 soft 0 temp 0.58 loss -18.90 i_con 1.23 plddt 0.33 ptm 0.73 i_ptm 0.67 energy -40.39
123 models [2] recycles 0 hard 0 soft 0 temp 0.56 loss -15.84 i_con 4.35 plddt 0.16 ptm 0.51 i_ptm 0.49 energy -40.56
124 models [2] recycles 0 hard 0 soft 0 temp 0.54 loss -15.21 i_con 5.13 plddt 0.23 ptm 0.85 i_ptm 0.08 energy -40.84
125 models [4] recycles 0 hard 0 soft 0 temp 0.52 loss -16.76 i_con 3.59 plddt 0.21 ptm 0.36 i_ptm 0.42 energy -40.85
126 models [3] recycles 0 hard 0 soft 0 temp 0.50 loss -20.17 i_con 0.21 plddt 0.41 ptm 0.73 i_ptm 0.74 energy -40.88
127 models [3] recycles 0 hard 0 soft 0 temp 0.48 loss -16.94 i_con 3.58 plddt 0.23 ptm 0.48 i_ptm 0.52 energy -41.20
128 models [4] recycles 0 hard 0 soft 0 temp 0.46 loss -16.52 i_con 4.39 plddt 0.16 ptm 0.44 i_ptm 0.24 energy -41.98
129 models [4] recycles 0 hard 0 soft 0 temp 0.44 loss -15.98 i_con 5.12 plddt 0.15 ptm 0.45 i_ptm 0.17 energy -42.38
130 models [0] recycles 0 hard 0 soft 0 temp 0.42 loss -16.78 i_con 4.48 plddt 0.24 ptm 0.83 i_ptm 0.15 energy -42.67
131 models [3] recycles 0 hard 0 soft 0 temp 0.40 loss -20.41 i_con 1.59 plddt 0.37 ptm 0.70 i_ptm 0.60 energy -44.14
132 models [1] recycles 0 hard 0 soft 0 temp 0.38 loss -16.65 i_con 5.48 plddt 0.27 ptm 0.86 i_ptm 0.11 energy -44.42
133 models [4] recycles 0 hard 0 soft 0 temp 0.36 loss -20.31 i_con 2.48 plddt 0.26 ptm 0.54 i_ptm 0.53 energy -45.74
134 models [1] recycles 0 hard 0 soft 0 temp 0.34 loss -18.47 i_con 4.32 plddt 0.20 ptm 0.45 i_ptm 0.42 energy -45.74
135 models [3] recycles 0 hard 0 soft 0 temp 0.32 loss -19.58 i_con 3.22 plddt 0.28 ptm 0.42 i_ptm 0.50 energy -45.74
136 models [2] recycles 0 hard 0 soft 0 temp 0.30 loss -18.93 i_con 3.89 plddt 0.22 ptm 0.47 i_ptm 0.42 energy -45.79
137 models [3] recycles 0 hard 0 soft 0 temp 0.28 loss -19.15 i_con 4.03 plddt 0.21 ptm 0.33 i_ptm 0.42 energy -46.51
138 models [4] recycles 0 hard 0 soft 0 temp 0.26 loss -19.20 i_con 4.16 plddt 0.17 ptm 0.32 i_ptm 0.41 energy -46.89
139 models [1] recycles 0 hard 0 soft 0 temp 0.24 loss -18.57 i_con 4.91 plddt 0.25 ptm 0.84 i_ptm 0.09 energy -47.10
140 models [4] recycles 0 hard 0 soft 0 temp 0.22 loss -20.68 i_con 2.94 plddt 0.25 ptm 0.46 i_ptm 0.55 energy -47.39
141 models [1] recycles 0 hard 0 soft 0 temp 0.20 loss -19.50 i_con 4.18 plddt 0.24 ptm 0.80 i_ptm 0.13 energy -47.51
142 models [0] recycles 0 hard 0 soft 0 temp 0.18 loss -19.25 i_con 4.66 plddt 0.22 ptm 0.81 i_ptm 0.14 energy -47.97
143 models [3] recycles 0 hard 0 soft 0 temp 0.16 loss -24.31 i_con 0.54 plddt 0.42 ptm 0.69 i_ptm 0.65 energy -49.82
144 models [3] recycles 0 hard 0 soft 0 temp 0.14 loss -24.85 i_con 0.60 plddt 0.43 ptm 0.72 i_ptm 0.69 energy -51.02
145 models [2] recycles 0 hard 0 soft 0 temp 0.12 loss -21.84 i_con 4.03 plddt 0.22 ptm 0.29 i_ptm 0.38 energy -51.90
146 models [4] recycles 0 hard 0 soft 0 temp 0.10 loss -23.54 i_con 2.39 plddt 0.30 ptm 0.59 i_ptm 0.53 energy -52.02
147 models [1] recycles 0 hard 0 soft 0 temp 0.08 loss -21.15 i_con 4.80 plddt 0.23 ptm 0.24 i_ptm 0.16 energy -52.05
148 models [2] recycles 0 hard 0 soft 0 temp 0.06 loss -23.02 i_con 3.38 plddt 0.32 ptm 0.43 i_ptm 0.43 energy -52.94
149 models [4] recycles 0 hard 0 soft 0 temp 0.04 loss -22.93 i_con 3.47 plddt 0.26 ptm 0.48 i_ptm 0.51 energy -52.94
150 models [2] recycles 0 hard 0 soft 0 temp 0.02 loss -23.09 i_con 3.67 plddt 0.27 ptm 0.52 i_ptm 0.43 energy -53.67
151 models [4] recycles 0 hard 1 soft 0 temp 0.00 loss -1.07 i_con 3.99 plddt 0.22 ptm 0.88 i_ptm 0.37 energy -5.70
152 models [1] recycles 0 hard 1 soft 0 temp 0.00 loss -0.14 i_con 4.92 plddt 0.20 ptm 0.85 i_ptm 0.14 energy -5.70
153 models [3] recycles 0 hard 1 soft 0 temp 0.00 loss -1.35 i_con 3.71 plddt 0.32 ptm 0.87 i_ptm 0.48 energy -5.70
154 models [1] recycles 0 hard 1 soft 0 temp 0.00 loss -0.14 i_con 4.92 plddt 0.20 ptm 0.85 i_ptm 0.14 energy -5.70
155 models [1] recycles 0 hard 1 soft 0 temp 0.00 loss -0.14 i_con 4.92 plddt 0.20 ptm 0.85 i_ptm 0.14 energy -5.70
156 models [1] recycles 0 hard 1 soft 0 temp 0.00 loss -0.14 i_con 4.92 plddt 0.20 ptm 0.85 i_ptm 0.14 energy -5.70
157 models [0] recycles 0 hard 1 soft 0 temp 0.00 loss -1.15 i_con 3.91 plddt 0.29 ptm 0.85 i_ptm 0.41 energy -5.70
158 models [4] recycles 0 hard 1 soft 0 temp 0.00 loss -1.07 i_con 3.99 plddt 0.22 ptm 0.88 i_ptm 0.37 energy -5.70
159 models [2] recycles 0 hard 1 soft 0 temp 0.00 loss -1.24 i_con 3.82 plddt 0.29 ptm 0.87 i_ptm 0.45 energy -5.70
160 models [4] recycles 0 hard 1 soft 0 temp 0.00 loss -1.07 i_con 3.99 plddt 0.22 ptm 0.88 i_ptm 0.37 energy -5.70
161 models [1] recycles 0 hard 1 soft 0 temp 0.00 loss -0.14 i_con 4.92 plddt 0.20 ptm 0.85 i_ptm 0.14 energy -5.70
162 models [3] recycles 0 hard 1 soft 0 temp 0.00 loss -1.35 i_con 3.71 plddt 0.32 ptm 0.87 i_ptm 0.48 energy -5.70
163 models [4] recycles 0 hard 1 soft 0 temp 0.00 loss -1.07 i_con 3.99 plddt 0.22 ptm 0.88 i_ptm 0.37 energy -5.70
164 models [0] recycles 0 hard 1 soft 0 temp 0.00 loss -1.15 i_con 3.91 plddt 0.29 ptm 0.85 i_ptm 0.41 energy -5.70
165 models [1] recycles 0 hard 1 soft 0 temp 0.00 loss -0.14 i_con 4.92 plddt 0.20 ptm 0.85 i_ptm 0.14 energy -5.70
166 models [1] recycles 0 hard 1 soft 0 temp 0.00 loss -0.14 i_con 4.92 plddt 0.20 ptm 0.85 i_ptm 0.14 energy -5.70
167 models [1] recycles 0 hard 1 soft 0 temp 0.00 loss -0.14 i_con 4.92 plddt 0.20 ptm 0.85 i_ptm 0.14 energy -5.70
168 models [0] recycles 0 hard 1 soft 0 temp 0.00 loss -1.15 i_con 3.91 plddt 0.29 ptm 0.85 i_ptm 0.41 energy -5.70
169 models [3] recycles 0 hard 1 soft 0 temp 0.00 loss -1.35 i_con 3.71 plddt 0.32 ptm 0.87 i_ptm 0.48 energy -5.70
170 models [2] recycles 0 hard 1 soft 0 temp 0.00 loss -1.24 i_con 3.82 plddt 0.29 ptm 0.87 i_ptm 0.45 energy -5.70
171 models [1] recycles 0 hard 1 soft 0 temp 0.00 loss -0.14 i_con 4.92 plddt 0.20 ptm 0.85 i_ptm 0.14 energy -5.70
172 models [4] recycles 0 hard 1 soft 0 temp 0.00 loss -1.07 i_con 3.99 plddt 0.22 ptm 0.88 i_ptm 0.37 energy -5.70
173 models [4] recycles 0 hard 1 soft 0 temp 0.00 loss -1.07 i_con 3.99 plddt 0.22 ptm 0.88 i_ptm 0.37 energy -5.70
174 models [2] recycles 0 hard 1 soft 0 temp 0.00 loss -1.24 i_con 3.82 plddt 0.29 ptm 0.87 i_ptm 0.45 energy -5.70
175 models [2] recycles 0 hard 1 soft 0 temp 0.00 loss -1.24 i_con 3.82 plddt 0.29 ptm 0.87 i_ptm 0.45 energy -5.70
176 models [0] recycles 0 hard 1 soft 0 temp 0.00 loss -1.15 i_con 3.91 plddt 0.29 ptm 0.85 i_ptm 0.41 energy -5.70
177 models [0] recycles 0 hard 1 soft 0 temp 0.00 loss -1.15 i_con 3.91 plddt 0.29 ptm 0.85 i_ptm 0.41 energy -5.70
178 models [2] recycles 0 hard 1 soft 0 temp 0.00 loss -1.24 i_con 3.82 plddt 0.29 ptm 0.87 i_ptm 0.45 energy -5.70
179 models [1] recycles 0 hard 1 soft 0 temp 0.00 loss -0.14 i_con 4.92 plddt 0.20 ptm 0.85 i_ptm 0.14 energy -5.70
180 models [4] recycles 0 hard 1 soft 0 temp 0.00 loss -1.07 i_con 3.99 plddt 0.22 ptm 0.88 i_ptm 0.37 energy -5.70
  seq=NHYWASWDLNYQEDA  loss=-1.0655  loss_af=4.0685  energy=-5.7045  i_ptm=0.3711
[12/30] seed=11 ...
1 models [0] recycles 0 hard 0 soft 1 temp 1 loss 5.95 i_con 5.51 plddt 0.25 ptm 0.84 i_ptm 0.27 energy 7.38
2 models [0] recycles 0 hard 0 soft 1 temp 1 loss 5.16 i_con 4.74 plddt 0.22 ptm 0.83 i_ptm 0.11 energy 6.78
3 models [2] recycles 0 hard 0 soft 1 temp 1 loss 5.51 i_con 5.12 plddt 0.23 ptm 0.85 i_ptm 0.14 energy 6.28
4 models [0] recycles 0 hard 0 soft 1 temp 1 loss 5.04 i_con 4.66 plddt 0.21 ptm 0.83 i_ptm 0.14 energy 6.01
5 models [3] recycles 0 hard 0 soft 1 temp 1 loss 4.32 i_con 3.97 plddt 0.29 ptm 0.86 i_ptm 0.35 energy 5.45
6 models [0] recycles 0 hard 0 soft 1 temp 1 loss 4.55 i_con 4.24 plddt 0.27 ptm 0.83 i_ptm 0.25 energy 4.87
7 models [4] recycles 0 hard 0 soft 1 temp 1 loss 4.36 i_con 4.07 plddt 0.28 ptm 0.88 i_ptm 0.34 energy 4.35
8 models [3] recycles 0 hard 0 soft 1 temp 1 loss 4.00 i_con 3.73 plddt 0.35 ptm 0.86 i_ptm 0.47 energy 4.00
9 models [0] recycles 0 hard 0 soft 1 temp 1 loss 4.43 i_con 4.16 plddt 0.29 ptm 0.83 i_ptm 0.29 energy 3.92
10 models [2] recycles 0 hard 0 soft 1 temp 1 loss 4.01 i_con 3.76 plddt 0.34 ptm 0.87 i_ptm 0.46 energy 3.55
11 models [3] recycles 0 hard 0 soft 1 temp 1 loss 3.95 i_con 3.73 plddt 0.36 ptm 0.86 i_ptm 0.47 energy 3.23
12 models [3] recycles 0 hard 0 soft 1 temp 1 loss 3.89 i_con 3.68 plddt 0.39 ptm 0.86 i_ptm 0.50 energy 2.98
13 models [0] recycles 0 hard 0 soft 1 temp 1 loss 4.94 i_con 4.72 plddt 0.26 ptm 0.83 i_ptm 0.15 energy 2.87
14 models [2] recycles 0 hard 0 soft 1 temp 1 loss 3.92 i_con 3.72 plddt 0.39 ptm 0.88 i_ptm 0.49 energy 2.79
15 models [0] recycles 0 hard 0 soft 1 temp 1 loss 4.27 i_con 4.07 plddt 0.31 ptm 0.84 i_ptm 0.32 energy 2.53
16 models [2] recycles 0 hard 0 soft 1 temp 1 loss 4.03 i_con 3.84 plddt 0.36 ptm 0.87 i_ptm 0.44 energy 2.47
17 models [2] recycles 0 hard 0 soft 1 temp 1 loss 4.02 i_con 3.84 plddt 0.37 ptm 0.87 i_ptm 0.45 energy 2.36
18 models [1] recycles 0 hard 0 soft 1 temp 1 loss 4.29 i_con 4.10 plddt 0.25 ptm 0.86 i_ptm 0.28 energy 2.25
19 models [4] recycles 0 hard 0 soft 1 temp 1 loss 3.83 i_con 3.67 plddt 0.43 ptm 0.89 i_ptm 0.56 energy 2.18
20 models [3] recycles 0 hard 0 soft 1 temp 1 loss 4.00 i_con 3.83 plddt 0.32 ptm 0.86 i_ptm 0.41 energy 2.08
21 models [1] recycles 0 hard 0 soft 1 temp 1 loss 5.17 i_con 5.00 plddt 0.22 ptm 0.85 i_ptm 0.15 energy 1.78
22 models [1] recycles 0 hard 0 soft 1 temp 1 loss 4.22 i_con 4.06 plddt 0.28 ptm 0.87 i_ptm 0.35 energy 1.64
23 models [2] recycles 0 hard 0 soft 1 temp 1 loss 3.91 i_con 3.78 plddt 0.38 ptm 0.87 i_ptm 0.47 energy 1.51
24 models [4] recycles 0 hard 0 soft 1 temp 1 loss 4.00 i_con 3.88 plddt 0.34 ptm 0.88 i_ptm 0.42 energy 1.18
25 models [3] recycles 0 hard 0 soft 1 temp 1 loss 3.85 i_con 3.73 plddt 0.36 ptm 0.86 i_ptm 0.45 energy 1.11
26 models [2] recycles 0 hard 0 soft 1 temp 1 loss 3.80 i_con 3.69 plddt 0.39 ptm 0.87 i_ptm 0.50 energy 0.96
27 models [4] recycles 0 hard 0 soft 1 temp 1 loss 3.76 i_con 3.67 plddt 0.40 ptm 0.88 i_ptm 0.53 energy 0.60
28 models [0] recycles 0 hard 0 soft 1 temp 1 loss 3.89 i_con 3.81 plddt 0.37 ptm 0.85 i_ptm 0.45 energy 0.35
29 models [2] recycles 0 hard 0 soft 1 temp 1 loss 3.79 i_con 3.72 plddt 0.38 ptm 0.87 i_ptm 0.51 energy 0.12
30 models [2] recycles 0 hard 0 soft 1 temp 1 loss 3.80 i_con 3.74 plddt 0.37 ptm 0.87 i_ptm 0.48 energy 0.06
31 models [3] recycles 0 hard 0 soft 1 temp 1 loss 3.82 i_con 3.77 plddt 0.36 ptm 0.86 i_ptm 0.45 energy -0.24
32 models [1] recycles 0 hard 0 soft 1 temp 1 loss 4.06 i_con 4.01 plddt 0.29 ptm 0.86 i_ptm 0.34 energy -0.45
33 models [4] recycles 0 hard 0 soft 1 temp 1 loss 3.77 i_con 3.74 plddt 0.36 ptm 0.88 i_ptm 0.48 energy -0.57
34 models [4] recycles 0 hard 0 soft 1 temp 1 loss 3.77 i_con 3.75 plddt 0.37 ptm 0.89 i_ptm 0.47 energy -0.70
35 models [0] recycles 0 hard 0 soft 1 temp 1 loss 3.85 i_con 3.82 plddt 0.37 ptm 0.85 i_ptm 0.42 energy -0.68
36 models [4] recycles 0 hard 0 soft 1 temp 1 loss 3.65 i_con 3.63 plddt 0.42 ptm 0.88 i_ptm 0.54 energy -0.81
37 models [0] recycles 0 hard 0 soft 1 temp 1 loss 4.08 i_con 4.05 plddt 0.32 ptm 0.84 i_ptm 0.30 energy -0.83
38 models [1] recycles 0 hard 0 soft 1 temp 1 loss 3.84 i_con 3.81 plddt 0.36 ptm 0.87 i_ptm 0.43 energy -0.72
39 models [0] recycles 0 hard 0 soft 1 temp 1 loss 3.77 i_con 3.74 plddt 0.39 ptm 0.85 i_ptm 0.48 energy -0.79
40 models [1] recycles 0 hard 0 soft 1 temp 1 loss 3.78 i_con 3.77 plddt 0.35 ptm 0.88 i_ptm 0.46 energy -1.02
41 models [3] recycles 0 hard 0 soft 1 temp 1 loss 3.61 i_con 3.60 plddt 0.39 ptm 0.87 i_ptm 0.55 energy -1.01
42 models [3] recycles 0 hard 0 soft 1 temp 1 loss 3.61 i_con 3.60 plddt 0.40 ptm 0.86 i_ptm 0.52 energy -1.11
43 models [4] recycles 0 hard 0 soft 1 temp 1 loss 4.00 i_con 4.01 plddt 0.33 ptm 0.88 i_ptm 0.38 energy -1.37
44 models [3] recycles 0 hard 0 soft 1 temp 1 loss 3.65 i_con 3.65 plddt 0.36 ptm 0.86 i_ptm 0.50 energy -1.23
45 models [2] recycles 0 hard 0 soft 1 temp 1 loss 3.71 i_con 3.73 plddt 0.40 ptm 0.87 i_ptm 0.50 energy -1.46
46 models [4] recycles 0 hard 0 soft 1 temp 1 loss 3.66 i_con 3.70 plddt 0.37 ptm 0.88 i_ptm 0.47 energy -1.93
47 models [3] recycles 0 hard 0 soft 1 temp 1 loss 3.69 i_con 3.74 plddt 0.37 ptm 0.85 i_ptm 0.46 energy -2.31
48 models [4] recycles 0 hard 0 soft 1 temp 1 loss 3.56 i_con 3.63 plddt 0.45 ptm 0.89 i_ptm 0.54 energy -2.42
49 models [1] recycles 0 hard 0 soft 1 temp 1 loss 4.20 i_con 4.25 plddt 0.28 ptm 0.85 i_ptm 0.21 energy -2.49
50 models [0] recycles 0 hard 0 soft 1 temp 1 loss 3.93 i_con 3.99 plddt 0.35 ptm 0.83 i_ptm 0.33 energy -2.43
51 models [1] recycles 0 hard 0 soft 1 temp 1 loss 3.81 i_con 3.98 plddt 0.32 ptm 0.87 i_ptm 0.36 energy -2.37
52 models [4] recycles 0 hard 0 soft 1 temp 1 loss 3.41 i_con 3.61 plddt 0.38 ptm 0.89 i_ptm 0.53 energy -2.64
53 models [0] recycles 0 hard 0 soft 1 temp 1 loss 3.61 i_con 3.82 plddt 0.38 ptm 0.85 i_ptm 0.44 energy -2.70
54 models [2] recycles 0 hard 0 soft 1 temp 1 loss 3.48 i_con 3.70 plddt 0.41 ptm 0.87 i_ptm 0.50 energy -2.82
55 models [0] recycles 0 hard 0 soft 1 temp 1 loss 3.65 i_con 3.88 plddt 0.39 ptm 0.85 i_ptm 0.44 energy -2.95
56 models [4] recycles 0 hard 0 soft 1 temp 1 loss 3.38 i_con 3.62 plddt 0.40 ptm 0.89 i_ptm 0.52 energy -3.01
57 models [0] recycles 0 hard 0 soft 1 temp 1 loss 3.54 i_con 3.78 plddt 0.35 ptm 0.85 i_ptm 0.47 energy -3.12
58 models [4] recycles 0 hard 0 soft 1 temp 1 loss 3.46 i_con 3.71 plddt 0.40 ptm 0.88 i_ptm 0.48 energy -3.09
59 models [1] recycles 0 hard 0 soft 1 temp 1 loss 3.83 i_con 4.07 plddt 0.31 ptm 0.86 i_ptm 0.32 energy -3.08
60 models [4] recycles 0 hard 0 soft 1 temp 1 loss 3.51 i_con 3.76 plddt 0.39 ptm 0.88 i_ptm 0.48 energy -3.09
61 models [2] recycles 0 hard 0 soft 1 temp 1 loss 3.31 i_con 3.58 plddt 0.43 ptm 0.87 i_ptm 0.58 energy -3.23
62 models [3] recycles 0 hard 0 soft 1 temp 1 loss 3.43 i_con 3.69 plddt 0.39 ptm 0.86 i_ptm 0.46 energy -3.26
63 models [3] recycles 0 hard 0 soft 1 temp 1 loss 3.35 i_con 3.64 plddt 0.42 ptm 0.86 i_ptm 0.49 energy -3.49
64 models [1] recycles 0 hard 0 soft 1 temp 1 loss 3.92 i_con 4.20 plddt 0.31 ptm 0.86 i_ptm 0.26 energy -3.53
65 models [0] recycles 0 hard 0 soft 1 temp 1 loss 3.47 i_con 3.76 plddt 0.41 ptm 0.85 i_ptm 0.46 energy -3.50
66 models [1] recycles 0 hard 0 soft 1 temp 1 loss 3.81 i_con 4.08 plddt 0.32 ptm 0.86 i_ptm 0.29 energy -3.38
67 models [4] recycles 0 hard 0 soft 1 temp 1 loss 3.37 i_con 3.64 plddt 0.40 ptm 0.89 i_ptm 0.55 energy -3.32
68 models [1] recycles 0 hard 0 soft 1 temp 1 loss 5.45 i_con 5.72 plddt 0.29 ptm 0.86 i_ptm 0.17 energy -3.43
69 models [2] recycles 0 hard 0 soft 1 temp 1 loss 3.23 i_con 3.52 plddt 0.43 ptm 0.88 i_ptm 0.58 energy -3.44
70 models [0] recycles 0 hard 0 soft 1 temp 1 loss 3.60 i_con 3.90 plddt 0.40 ptm 0.84 i_ptm 0.43 energy -3.55
71 models [4] recycles 0 hard 0 soft 1 temp 1 loss 2.63 i_con 2.94 plddt 0.58 ptm 0.90 i_ptm 0.74 energy -3.53
72 models [0] recycles 0 hard 0 soft 1 temp 1 loss 3.45 i_con 3.74 plddt 0.38 ptm 0.85 i_ptm 0.51 energy -3.50
73 models [0] recycles 0 hard 0 soft 1 temp 1 loss 3.18 i_con 3.48 plddt 0.42 ptm 0.86 i_ptm 0.59 energy -3.50
74 models [1] recycles 0 hard 0 soft 1 temp 1 loss 3.57 i_con 3.85 plddt 0.33 ptm 0.87 i_ptm 0.43 energy -3.54
75 models [1] recycles 0 hard 0 soft 1 temp 1 loss 3.59 i_con 3.88 plddt 0.38 ptm 0.86 i_ptm 0.41 energy -3.53
76 models [0] recycles 0 hard 0 soft 1 temp 1 loss 3.40 i_con 3.71 plddt 0.42 ptm 0.85 i_ptm 0.54 energy -3.62
77 models [4] recycles 0 hard 0 soft 1 temp 1 loss 3.32 i_con 3.64 plddt 0.43 ptm 0.89 i_ptm 0.55 energy -3.75
78 models [4] recycles 0 hard 0 soft 1 temp 1 loss 3.26 i_con 3.58 plddt 0.40 ptm 0.89 i_ptm 0.56 energy -3.84
79 models [1] recycles 0 hard 0 soft 1 temp 1 loss 5.10 i_con 5.41 plddt 0.31 ptm 0.86 i_ptm 0.16 energy -3.80
80 models [3] recycles 0 hard 0 soft 1 temp 1 loss 3.24 i_con 3.56 plddt 0.42 ptm 0.87 i_ptm 0.57 energy -3.75
81 models [2] recycles 0 hard 0 soft 1 temp 1 loss 3.32 i_con 3.65 plddt 0.43 ptm 0.87 i_ptm 0.56 energy -3.89
82 models [2] recycles 0 hard 0 soft 1 temp 1 loss 3.22 i_con 3.56 plddt 0.44 ptm 0.88 i_ptm 0.60 energy -3.98
83 models [4] recycles 0 hard 0 soft 1 temp 1 loss 3.22 i_con 3.56 plddt 0.43 ptm 0.88 i_ptm 0.57 energy -4.05
84 models [0] recycles 0 hard 0 soft 1 temp 1 loss 3.37 i_con 3.71 plddt 0.40 ptm 0.85 i_ptm 0.51 energy -4.04
85 models [4] recycles 0 hard 0 soft 1 temp 1 loss 3.31 i_con 3.67 plddt 0.41 ptm 0.88 i_ptm 0.50 energy -4.14
86 models [4] recycles 0 hard 0 soft 1 temp 1 loss 4.41 i_con 4.77 plddt 0.35 ptm 0.86 i_ptm 0.23 energy -4.24
87 models [0] recycles 0 hard 0 soft 1 temp 1 loss 3.42 i_con 3.78 plddt 0.40 ptm 0.85 i_ptm 0.50 energy -4.24
88 models [4] recycles 0 hard 0 soft 1 temp 1 loss 3.31 i_con 3.69 plddt 0.42 ptm 0.88 i_ptm 0.52 energy -4.34
89 models [4] recycles 0 hard 0 soft 1 temp 1 loss 3.42 i_con 3.79 plddt 0.39 ptm 0.88 i_ptm 0.45 energy -4.28
90 models [2] recycles 0 hard 0 soft 1 temp 1 loss 3.29 i_con 3.67 plddt 0.42 ptm 0.87 i_ptm 0.55 energy -4.35
91 models [2] recycles 0 hard 0 soft 1 temp 1 loss 3.34 i_con 3.71 plddt 0.38 ptm 0.87 i_ptm 0.54 energy -4.30
92 models [0] recycles 0 hard 0 soft 1 temp 1 loss 3.49 i_con 3.86 plddt 0.35 ptm 0.84 i_ptm 0.40 energy -4.36
93 models [2] recycles 0 hard 0 soft 1 temp 1 loss 3.30 i_con 3.69 plddt 0.41 ptm 0.87 i_ptm 0.53 energy -4.46
94 models [2] recycles 0 hard 0 soft 1 temp 1 loss 3.33 i_con 3.73 plddt 0.41 ptm 0.87 i_ptm 0.50 energy -4.55
95 models [2] recycles 0 hard 0 soft 1 temp 1 loss 3.37 i_con 3.77 plddt 0.35 ptm 0.87 i_ptm 0.48 energy -4.60
96 models [4] recycles 0 hard 0 soft 1 temp 1 loss 3.22 i_con 3.62 plddt 0.40 ptm 0.89 i_ptm 0.54 energy -4.63
97 models [2] recycles 0 hard 0 soft 1 temp 1 loss 3.32 i_con 3.72 plddt 0.42 ptm 0.86 i_ptm 0.52 energy -4.61
98 models [4] recycles 0 hard 0 soft 1 temp 1 loss 3.50 i_con 3.90 plddt 0.37 ptm 0.87 i_ptm 0.41 energy -4.61
99 models [4] recycles 0 hard 0 soft 1 temp 1 loss 3.09 i_con 3.49 plddt 0.42 ptm 0.89 i_ptm 0.59 energy -4.58
100 models [4] recycles 0 hard 0 soft 1 temp 1 loss 3.16 i_con 3.55 plddt 0.41 ptm 0.89 i_ptm 0.54 energy -4.56
101 models [3] recycles 0 hard 0 soft 0 temp 1 loss -7.80 i_con 4.94 plddt 0.23 ptm 0.85 i_ptm 0.12 energy -25.62
102 models [4] recycles 0 hard 0 soft 0 temp 0.98 loss -9.90 i_con 3.10 plddt 0.32 ptm 0.49 i_ptm 0.41 energy -26.14
103 models [0] recycles 0 hard 0 soft 0 temp 0.96 loss -8.60 i_con 4.34 plddt 0.24 ptm 0.83 i_ptm 0.19 energy -26.04
104 models [3] recycles 0 hard 0 soft 0 temp 0.94 loss -8.23 i_con 5.35 plddt 0.23 ptm 0.85 i_ptm 0.14 energy -27.32
105 models [0] recycles 0 hard 0 soft 0 temp 0.92 loss -9.95 i_con 4.36 plddt 0.25 ptm 0.84 i_ptm 0.20 energy -28.77
106 models [0] recycles 0 hard 0 soft 0 temp 0.90 loss -10.60 i_con 4.66 plddt 0.24 ptm 0.83 i_ptm 0.17 energy -30.69
107 models [2] recycles 0 hard 0 soft 0 temp 0.88 loss -10.95 i_con 4.47 plddt 0.25 ptm 0.85 i_ptm 0.17 energy -31.00
108 models [3] recycles 0 hard 0 soft 0 temp 0.86 loss -11.39 i_con 4.28 plddt 0.21 ptm 0.85 i_ptm 0.15 energy -31.49
109 models [2] recycles 0 hard 0 soft 0 temp 0.84 loss -10.74 i_con 5.10 plddt 0.18 ptm 0.36 i_ptm 0.32 energy -31.84
110 models [0] recycles 0 hard 0 soft 0 temp 0.82 loss -11.67 i_con 4.25 plddt 0.26 ptm 0.84 i_ptm 0.22 energy -31.99
111 models [4] recycles 0 hard 0 soft 0 temp 0.80 loss -11.38 i_con 5.24 plddt 0.22 ptm 0.87 i_ptm 0.15 energy -33.39
112 models [1] recycles 0 hard 0 soft 0 temp 0.78 loss -11.37 i_con 5.65 plddt 0.25 ptm 0.86 i_ptm 0.15 energy -34.19
113 models [0] recycles 0 hard 0 soft 0 temp 0.76 loss -13.86 i_con 4.07 plddt 0.29 ptm 0.84 i_ptm 0.31 energy -36.01
114 models [2] recycles 0 hard 0 soft 0 temp 0.74 loss -14.89 i_con 4.16 plddt 0.28 ptm 0.86 i_ptm 0.29 energy -38.24
115 models [3] recycles 0 hard 0 soft 0 temp 0.72 loss -14.98 i_con 4.30 plddt 0.22 ptm 0.84 i_ptm 0.17 energy -38.71
116 models [4] recycles 0 hard 0 soft 0 temp 0.70 loss -16.46 i_con 3.25 plddt 0.20 ptm 0.49 i_ptm 0.55 energy -39.57
117 models [0] recycles 0 hard 0 soft 0 temp 0.68 loss -15.39 i_con 4.29 plddt 0.24 ptm 0.84 i_ptm 0.20 energy -39.50
118 models [3] recycles 0 hard 0 soft 0 temp 0.66 loss -15.03 i_con 5.69 plddt 0.24 ptm 0.84 i_ptm 0.15 energy -41.61
119 models [0] recycles 0 hard 0 soft 0 temp 0.64 loss -16.63 i_con 4.27 plddt 0.25 ptm 0.84 i_ptm 0.24 energy -41.95
120 models [3] recycles 0 hard 0 soft 0 temp 0.62 loss -16.78 i_con 5.20 plddt 0.23 ptm 0.84 i_ptm 0.15 energy -44.13
121 models [4] recycles 0 hard 0 soft 0 temp 0.60 loss -17.79 i_con 4.54 plddt 0.22 ptm 0.87 i_ptm 0.17 energy -44.81
122 models [4] recycles 0 hard 0 soft 0 temp 0.58 loss -18.22 i_con 4.63 plddt 0.24 ptm 0.87 i_ptm 0.19 energy -45.86
123 models [4] recycles 0 hard 0 soft 0 temp 0.56 loss -19.61 i_con 4.35 plddt 0.20 ptm 0.87 i_ptm 0.19 energy -48.08
124 models [1] recycles 0 hard 0 soft 0 temp 0.54 loss -19.49 i_con 4.75 plddt 0.23 ptm 0.86 i_ptm 0.16 energy -48.63
125 models [3] recycles 0 hard 0 soft 0 temp 0.52 loss -20.85 i_con 4.36 plddt 0.23 ptm 0.84 i_ptm 0.20 energy -50.56
126 models [0] recycles 0 hard 0 soft 0 temp 0.50 loss -21.31 i_con 4.58 plddt 0.24 ptm 0.83 i_ptm 0.19 energy -51.93
127 models [2] recycles 0 hard 0 soft 0 temp 0.48 loss -22.48 i_con 4.61 plddt 0.24 ptm 0.85 i_ptm 0.17 energy -54.33
128 models [4] recycles 0 hard 0 soft 0 temp 0.46 loss -22.02 i_con 5.24 plddt 0.20 ptm 0.86 i_ptm 0.12 energy -54.69
129 models [2] recycles 0 hard 0 soft 0 temp 0.44 loss -22.47 i_con 5.47 plddt 0.22 ptm 0.85 i_ptm 0.13 energy -56.03
130 models [4] recycles 0 hard 0 soft 0 temp 0.42 loss -23.17 i_con 4.77 plddt 0.20 ptm 0.87 i_ptm 0.12 energy -56.06
131 models [3] recycles 0 hard 0 soft 0 temp 0.40 loss -22.92 i_con 5.87 plddt 0.27 ptm 0.84 i_ptm 0.22 energy -57.74
132 models [4] recycles 0 hard 0 soft 0 temp 0.38 loss -23.22 i_con 5.60 plddt 0.21 ptm 0.86 i_ptm 0.13 energy -57.80
133 models [2] recycles 0 hard 0 soft 0 temp 0.36 loss -24.80 i_con 4.39 plddt 0.22 ptm 0.85 i_ptm 0.22 energy -58.53
134 models [1] recycles 0 hard 0 soft 0 temp 0.34 loss -25.46 i_con 4.49 plddt 0.24 ptm 0.85 i_ptm 0.17 energy -60.05
135 models [3] recycles 0 hard 0 soft 0 temp 0.32 loss -26.28 i_con 4.55 plddt 0.23 ptm 0.84 i_ptm 0.17 energy -61.80
136 models [4] recycles 0 hard 0 soft 0 temp 0.30 loss -27.07 i_con 4.34 plddt 0.21 ptm 0.87 i_ptm 0.20 energy -62.98
137 models [0] recycles 0 hard 0 soft 0 temp 0.28 loss -27.18 i_con 4.49 plddt 0.21 ptm 0.82 i_ptm 0.16 energy -63.49
138 models [2] recycles 0 hard 0 soft 0 temp 0.26 loss -28.12 i_con 4.56 plddt 0.21 ptm 0.86 i_ptm 0.16 energy -65.50
139 models [2] recycles 0 hard 0 soft 0 temp 0.24 loss -29.35 i_con 4.13 plddt 0.24 ptm 0.86 i_ptm 0.29 energy -67.11
140 models [1] recycles 0 hard 0 soft 0 temp 0.22 loss -29.54 i_con 5.01 plddt 0.23 ptm 0.86 i_ptm 0.11 energy -69.26
141 models [4] recycles 0 hard 0 soft 0 temp 0.20 loss -30.77 i_con 4.40 plddt 0.21 ptm 0.87 i_ptm 0.17 energy -70.48
142 models [0] recycles 0 hard 0 soft 0 temp 0.18 loss -31.34 i_con 4.53 plddt 0.25 ptm 0.83 i_ptm 0.21 energy -71.88
143 models [3] recycles 0 hard 0 soft 0 temp 0.16 loss -32.71 i_con 4.19 plddt 0.25 ptm 0.84 i_ptm 0.26 energy -73.95
144 models [3] recycles 0 hard 0 soft 0 temp 0.14 loss -32.86 i_con 4.45 plddt 0.25 ptm 0.84 i_ptm 0.27 energy -74.78
145 models [1] recycles 0 hard 0 soft 0 temp 0.12 loss -33.41 i_con 4.94 plddt 0.24 ptm 0.85 i_ptm 0.10 energy -76.85
146 models [3] recycles 0 hard 0 soft 0 temp 0.10 loss -33.89 i_con 4.68 plddt 0.24 ptm 0.84 i_ptm 0.18 energy -77.29
147 models [0] recycles 0 hard 0 soft 0 temp 0.08 loss -35.04 i_con 4.41 plddt 0.23 ptm 0.83 i_ptm 0.19 energy -79.05
148 models [2] recycles 0 hard 0 soft 0 temp 0.06 loss -36.31 i_con 4.13 plddt 0.26 ptm 0.86 i_ptm 0.29 energy -81.02
149 models [3] recycles 0 hard 0 soft 0 temp 0.04 loss -36.97 i_con 4.58 plddt 0.26 ptm 0.85 i_ptm 0.29 energy -83.24
150 models [2] recycles 0 hard 0 soft 0 temp 0.02 loss -38.03 i_con 4.58 plddt 0.23 ptm 0.85 i_ptm 0.15 energy -85.38
151 models [0] recycles 0 hard 1 soft 0 temp 0.00 loss -1.23 i_con 4.47 plddt 0.27 ptm 0.83 i_ptm 0.28 energy -6.41
152 models [3] recycles 0 hard 1 soft 0 temp 0.00 loss -1.44 i_con 4.26 plddt 0.35 ptm 0.85 i_ptm 0.36 energy -6.41
153 models [4] recycles 0 hard 1 soft 0 temp 0.00 loss -1.43 i_con 4.26 plddt 0.26 ptm 0.87 i_ptm 0.22 energy -6.41
154 models [1] recycles 0 hard 1 soft 0 temp 0.00 loss -1.19 i_con 4.51 plddt 0.35 ptm 0.86 i_ptm 0.37 energy -6.41
155 models [4] recycles 0 hard 1 soft 0 temp 0.00 loss -1.43 i_con 4.26 plddt 0.26 ptm 0.87 i_ptm 0.22 energy -6.41
156 models [0] recycles 0 hard 1 soft 0 temp 0.00 loss -1.23 i_con 4.47 plddt 0.27 ptm 0.83 i_ptm 0.28 energy -6.41
157 models [2] recycles 0 hard 1 soft 0 temp 0.00 loss -1.87 i_con 3.83 plddt 0.37 ptm 0.87 i_ptm 0.46 energy -6.41
158 models [1] recycles 0 hard 1 soft 0 temp 0.00 loss -1.19 i_con 4.51 plddt 0.35 ptm 0.86 i_ptm 0.37 energy -6.41
159 models [2] recycles 0 hard 1 soft 0 temp 0.00 loss -1.87 i_con 3.83 plddt 0.37 ptm 0.87 i_ptm 0.46 energy -6.41
160 models [3] recycles 0 hard 1 soft 0 temp 0.00 loss -1.44 i_con 4.26 plddt 0.35 ptm 0.85 i_ptm 0.36 energy -6.41
161 models [1] recycles 0 hard 1 soft 0 temp 0.00 loss -1.19 i_con 4.51 plddt 0.35 ptm 0.86 i_ptm 0.37 energy -6.41
162 models [2] recycles 0 hard 1 soft 0 temp 0.00 loss -1.87 i_con 3.83 plddt 0.37 ptm 0.87 i_ptm 0.46 energy -6.41
163 models [1] recycles 0 hard 1 soft 0 temp 0.00 loss -1.19 i_con 4.51 plddt 0.35 ptm 0.86 i_ptm 0.37 energy -6.41
164 models [1] recycles 0 hard 1 soft 0 temp 0.00 loss -1.19 i_con 4.51 plddt 0.35 ptm 0.86 i_ptm 0.37 energy -6.41
165 models [0] recycles 0 hard 1 soft 0 temp 0.00 loss -1.23 i_con 4.47 plddt 0.27 ptm 0.83 i_ptm 0.28 energy -6.41
166 models [2] recycles 0 hard 1 soft 0 temp 0.00 loss -1.87 i_con 3.83 plddt 0.37 ptm 0.87 i_ptm 0.46 energy -6.41
167 models [0] recycles 0 hard 1 soft 0 temp 0.00 loss -1.23 i_con 4.47 plddt 0.27 ptm 0.83 i_ptm 0.28 energy -6.41
168 models [3] recycles 0 hard 1 soft 0 temp 0.00 loss -1.44 i_con 4.26 plddt 0.35 ptm 0.85 i_ptm 0.36 energy -6.41
169 models [2] recycles 0 hard 1 soft 0 temp 0.00 loss -1.87 i_con 3.83 plddt 0.37 ptm 0.87 i_ptm 0.46 energy -6.41
170 models [3] recycles 0 hard 1 soft 0 temp 0.00 loss -1.44 i_con 4.26 plddt 0.35 ptm 0.85 i_ptm 0.36 energy -6.41
171 models [0] recycles 0 hard 1 soft 0 temp 0.00 loss -1.23 i_con 4.47 plddt 0.27 ptm 0.83 i_ptm 0.28 energy -6.41
172 models [3] recycles 0 hard 1 soft 0 temp 0.00 loss -1.44 i_con 4.26 plddt 0.35 ptm 0.85 i_ptm 0.36 energy -6.41
173 models [4] recycles 0 hard 1 soft 0 temp 0.00 loss -1.43 i_con 4.26 plddt 0.26 ptm 0.87 i_ptm 0.22 energy -6.41
174 models [1] recycles 0 hard 1 soft 0 temp 0.00 loss -1.19 i_con 4.51 plddt 0.35 ptm 0.86 i_ptm 0.37 energy -6.41
175 models [3] recycles 0 hard 1 soft 0 temp 0.00 loss -1.44 i_con 4.26 plddt 0.35 ptm 0.85 i_ptm 0.36 energy -6.41
176 models [1] recycles 0 hard 1 soft 0 temp 0.00 loss -1.19 i_con 4.51 plddt 0.35 ptm 0.86 i_ptm 0.37 energy -6.41
177 models [2] recycles 0 hard 1 soft 0 temp 0.00 loss -1.87 i_con 3.83 plddt 0.37 ptm 0.87 i_ptm 0.46 energy -6.41
178 models [3] recycles 0 hard 1 soft 0 temp 0.00 loss -1.44 i_con 4.26 plddt 0.35 ptm 0.85 i_ptm 0.36 energy -6.41
179 models [2] recycles 0 hard 1 soft 0 temp 0.00 loss -1.87 i_con 3.83 plddt 0.37 ptm 0.87 i_ptm 0.46 energy -6.41
180 models [0] recycles 0 hard 1 soft 0 temp 0.00 loss -1.23 i_con 4.47 plddt 0.27 ptm 0.83 i_ptm 0.28 energy -6.41
  seq=NWWRAWAHVAYQKIS  loss=-1.2267  loss_af=4.5387  energy=-6.4061  i_ptm=0.2795
[13/30] seed=12 ...
1 models [0] recycles 0 hard 0 soft 1 temp 1 loss 5.64 i_con 5.19 plddt 0.23 ptm 0.84 i_ptm 0.14 energy 7.36
2 models [0] recycles 0 hard 0 soft 1 temp 1 loss 4.81 i_con 4.39 plddt 0.27 ptm 0.83 i_ptm 0.25 energy 6.80
3 models [3] recycles 0 hard 0 soft 1 temp 1 loss 4.26 i_con 3.87 plddt 0.33 ptm 0.86 i_ptm 0.43 energy 6.51
4 models [4] recycles 0 hard 0 soft 1 temp 1 loss 4.31 i_con 3.94 plddt 0.32 ptm 0.88 i_ptm 0.39 energy 6.14
5 models [0] recycles 0 hard 0 soft 1 temp 1 loss 4.28 i_con 3.95 plddt 0.33 ptm 0.85 i_ptm 0.39 energy 5.38
6 models [3] recycles 0 hard 0 soft 1 temp 1 loss 4.04 i_con 3.73 plddt 0.37 ptm 0.87 i_ptm 0.49 energy 4.91
7 models [4] recycles 0 hard 0 soft 1 temp 1 loss 4.41 i_con 4.12 plddt 0.31 ptm 0.88 i_ptm 0.35 energy 4.41
8 models [3] recycles 0 hard 0 soft 1 temp 1 loss 4.15 i_con 3.88 plddt 0.31 ptm 0.85 i_ptm 0.39 energy 3.95
9 models [3] recycles 0 hard 0 soft 1 temp 1 loss 4.06 i_con 3.82 plddt 0.35 ptm 0.86 i_ptm 0.44 energy 3.49
10 models [4] recycles 0 hard 0 soft 1 temp 1 loss 3.99 i_con 3.77 plddt 0.39 ptm 0.89 i_ptm 0.52 energy 3.06
11 models [0] recycles 0 hard 0 soft 1 temp 1 loss 4.63 i_con 4.42 plddt 0.27 ptm 0.83 i_ptm 0.20 energy 2.75
12 models [0] recycles 0 hard 0 soft 1 temp 1 loss 4.89 i_con 4.68 plddt 0.26 ptm 0.84 i_ptm 0.15 energy 2.78
13 models [2] recycles 0 hard 0 soft 1 temp 1 loss 3.99 i_con 3.79 plddt 0.34 ptm 0.86 i_ptm 0.43 energy 2.65
14 models [4] recycles 0 hard 0 soft 1 temp 1 loss 4.12 i_con 3.93 plddt 0.31 ptm 0.88 i_ptm 0.38 energy 2.41
15 models [2] recycles 0 hard 0 soft 1 temp 1 loss 3.94 i_con 3.76 plddt 0.35 ptm 0.86 i_ptm 0.47 energy 2.27
16 models [4] recycles 0 hard 0 soft 1 temp 1 loss 3.96 i_con 3.80 plddt 0.36 ptm 0.89 i_ptm 0.45 energy 2.08
17 models [4] recycles 0 hard 0 soft 1 temp 1 loss 3.91 i_con 3.75 plddt 0.35 ptm 0.89 i_ptm 0.48 energy 1.89
18 models [2] recycles 0 hard 0 soft 1 temp 1 loss 3.99 i_con 3.84 plddt 0.35 ptm 0.87 i_ptm 0.45 energy 1.71
19 models [4] recycles 0 hard 0 soft 1 temp 1 loss 4.05 i_con 3.91 plddt 0.32 ptm 0.88 i_ptm 0.40 energy 1.45
20 models [2] recycles 0 hard 0 soft 1 temp 1 loss 3.92 i_con 3.79 plddt 0.37 ptm 0.87 i_ptm 0.49 energy 1.35
21 models [3] recycles 0 hard 0 soft 1 temp 1 loss 3.83 i_con 3.70 plddt 0.33 ptm 0.86 i_ptm 0.45 energy 1.17
22 models [0] recycles 0 hard 0 soft 1 temp 1 loss 3.91 i_con 3.81 plddt 0.37 ptm 0.85 i_ptm 0.43 energy 0.71
23 models [0] recycles 0 hard 0 soft 1 temp 1 loss 3.99 i_con 3.89 plddt 0.38 ptm 0.84 i_ptm 0.38 energy 0.68
24 models [1] recycles 0 hard 0 soft 1 temp 1 loss 4.07 i_con 3.97 plddt 0.29 ptm 0.87 i_ptm 0.33 energy 0.49
25 models [1] recycles 0 hard 0 soft 1 temp 1 loss 3.97 i_con 3.90 plddt 0.32 ptm 0.87 i_ptm 0.37 energy 0.23
26 models [4] recycles 0 hard 0 soft 1 temp 1 loss 3.85 i_con 3.79 plddt 0.37 ptm 0.89 i_ptm 0.48 energy -0.05
27 models [3] recycles 0 hard 0 soft 1 temp 1 loss 3.69 i_con 3.64 plddt 0.39 ptm 0.87 i_ptm 0.52 energy -0.23
28 models [3] recycles 0 hard 0 soft 1 temp 1 loss 3.56 i_con 3.53 plddt 0.45 ptm 0.87 i_ptm 0.56 energy -0.42
29 models [1] recycles 0 hard 0 soft 1 temp 1 loss 3.81 i_con 3.77 plddt 0.35 ptm 0.87 i_ptm 0.44 energy -0.35
30 models [2] recycles 0 hard 0 soft 1 temp 1 loss 3.78 i_con 3.72 plddt 0.41 ptm 0.88 i_ptm 0.51 energy -0.16
31 models [3] recycles 0 hard 0 soft 1 temp 1 loss 3.66 i_con 3.62 plddt 0.37 ptm 0.87 i_ptm 0.53 energy -0.41
32 models [4] recycles 0 hard 0 soft 1 temp 1 loss 3.76 i_con 3.72 plddt 0.41 ptm 0.89 i_ptm 0.54 energy -0.44
33 models [1] recycles 0 hard 0 soft 1 temp 1 loss 4.17 i_con 4.13 plddt 0.28 ptm 0.86 i_ptm 0.26 energy -0.65
34 models [3] recycles 0 hard 0 soft 1 temp 1 loss 3.58 i_con 3.56 plddt 0.44 ptm 0.87 i_ptm 0.56 energy -0.71
35 models [4] recycles 0 hard 0 soft 1 temp 1 loss 3.84 i_con 3.81 plddt 0.36 ptm 0.89 i_ptm 0.48 energy -0.70
36 models [2] recycles 0 hard 0 soft 1 temp 1 loss 3.42 i_con 3.42 plddt 0.53 ptm 0.88 i_ptm 0.67 energy -0.82
37 models [1] recycles 0 hard 0 soft 1 temp 1 loss 4.08 i_con 4.05 plddt 0.31 ptm 0.87 i_ptm 0.33 energy -0.92
38 models [1] recycles 0 hard 0 soft 1 temp 1 loss 4.82 i_con 4.79 plddt 0.26 ptm 0.86 i_ptm 0.12 energy -0.80
39 models [2] recycles 0 hard 0 soft 1 temp 1 loss 3.65 i_con 3.64 plddt 0.42 ptm 0.87 i_ptm 0.56 energy -1.00
40 models [1] recycles 0 hard 0 soft 1 temp 1 loss 3.75 i_con 3.74 plddt 0.38 ptm 0.87 i_ptm 0.49 energy -1.05
41 models [3] recycles 0 hard 0 soft 1 temp 1 loss 3.60 i_con 3.59 plddt 0.44 ptm 0.87 i_ptm 0.57 energy -0.98
42 models [3] recycles 0 hard 0 soft 1 temp 1 loss 3.38 i_con 3.38 plddt 0.43 ptm 0.88 i_ptm 0.65 energy -1.09
43 models [1] recycles 0 hard 0 soft 1 temp 1 loss 4.35 i_con 4.32 plddt 0.29 ptm 0.85 i_ptm 0.20 energy -0.70
44 models [0] recycles 0 hard 0 soft 1 temp 1 loss 3.45 i_con 3.45 plddt 0.53 ptm 0.86 i_ptm 0.63 energy -1.07
45 models [0] recycles 0 hard 0 soft 1 temp 1 loss 3.58 i_con 3.58 plddt 0.46 ptm 0.86 i_ptm 0.57 energy -1.11
46 models [2] recycles 0 hard 0 soft 1 temp 1 loss 3.59 i_con 3.59 plddt 0.44 ptm 0.88 i_ptm 0.57 energy -1.16
47 models [0] recycles 0 hard 0 soft 1 temp 1 loss 3.31 i_con 3.32 plddt 0.53 ptm 0.86 i_ptm 0.66 energy -1.10
48 models [0] recycles 0 hard 0 soft 1 temp 1 loss 3.32 i_con 3.33 plddt 0.53 ptm 0.86 i_ptm 0.65 energy -1.27
49 models [0] recycles 0 hard 0 soft 1 temp 1 loss 3.34 i_con 3.35 plddt 0.53 ptm 0.86 i_ptm 0.64 energy -1.14
50 models [3] recycles 0 hard 0 soft 1 temp 1 loss 3.43 i_con 3.45 plddt 0.51 ptm 0.87 i_ptm 0.63 energy -1.32
51 models [0] recycles 0 hard 0 soft 1 temp 1 loss 3.39 i_con 3.46 plddt 0.49 ptm 0.87 i_ptm 0.62 energy -1.25
52 models [2] recycles 0 hard 0 soft 1 temp 1 loss 3.43 i_con 3.52 plddt 0.47 ptm 0.88 i_ptm 0.60 energy -1.48
53 models [4] recycles 0 hard 0 soft 1 temp 1 loss 3.64 i_con 3.72 plddt 0.41 ptm 0.89 i_ptm 0.52 energy -1.32
54 models [3] recycles 0 hard 0 soft 1 temp 1 loss 3.33 i_con 3.45 plddt 0.51 ptm 0.87 i_ptm 0.62 energy -1.67
55 models [3] recycles 0 hard 0 soft 1 temp 1 loss 3.27 i_con 3.38 plddt 0.52 ptm 0.87 i_ptm 0.65 energy -1.63
56 models [1] recycles 0 hard 0 soft 1 temp 1 loss 3.53 i_con 3.64 plddt 0.42 ptm 0.88 i_ptm 0.56 energy -1.72
57 models [2] recycles 0 hard 0 soft 1 temp 1 loss 3.51 i_con 3.61 plddt 0.47 ptm 0.88 i_ptm 0.60 energy -1.53
58 models [2] recycles 0 hard 0 soft 1 temp 1 loss 3.44 i_con 3.57 plddt 0.48 ptm 0.88 i_ptm 0.60 energy -1.82
59 models [0] recycles 0 hard 0 soft 1 temp 1 loss 3.52 i_con 3.64 plddt 0.46 ptm 0.86 i_ptm 0.55 energy -1.84
60 models [4] recycles 0 hard 0 soft 1 temp 1 loss 3.37 i_con 3.52 plddt 0.47 ptm 0.90 i_ptm 0.61 energy -1.97
61 models [1] recycles 0 hard 0 soft 1 temp 1 loss 3.77 i_con 3.91 plddt 0.33 ptm 0.87 i_ptm 0.40 energy -2.09
62 models [0] recycles 0 hard 0 soft 1 temp 1 loss 3.56 i_con 3.70 plddt 0.44 ptm 0.85 i_ptm 0.51 energy -1.94
63 models [2] recycles 0 hard 0 soft 1 temp 1 loss 3.48 i_con 3.64 plddt 0.43 ptm 0.87 i_ptm 0.52 energy -2.13
64 models [4] recycles 0 hard 0 soft 1 temp 1 loss 3.43 i_con 3.58 plddt 0.45 ptm 0.89 i_ptm 0.58 energy -2.06
65 models [1] recycles 0 hard 0 soft 1 temp 1 loss 3.83 i_con 3.98 plddt 0.35 ptm 0.87 i_ptm 0.38 energy -2.15
66 models [3] recycles 0 hard 0 soft 1 temp 1 loss 3.52 i_con 3.68 plddt 0.38 ptm 0.87 i_ptm 0.51 energy -2.17
67 models [0] recycles 0 hard 0 soft 1 temp 1 loss 3.66 i_con 3.83 plddt 0.40 ptm 0.86 i_ptm 0.45 energy -2.25
68 models [2] recycles 0 hard 0 soft 1 temp 1 loss 3.47 i_con 3.63 plddt 0.44 ptm 0.87 i_ptm 0.55 energy -2.19
69 models [4] recycles 0 hard 0 soft 1 temp 1 loss 3.41 i_con 3.57 plddt 0.44 ptm 0.89 i_ptm 0.57 energy -2.24
70 models [1] recycles 0 hard 0 soft 1 temp 1 loss 3.85 i_con 4.00 plddt 0.33 ptm 0.87 i_ptm 0.36 energy -2.23
71 models [0] recycles 0 hard 0 soft 1 temp 1 loss 3.40 i_con 3.56 plddt 0.48 ptm 0.86 i_ptm 0.59 energy -2.20
72 models [1] recycles 0 hard 0 soft 1 temp 1 loss 3.65 i_con 3.81 plddt 0.38 ptm 0.87 i_ptm 0.45 energy -2.20
73 models [1] recycles 0 hard 0 soft 1 temp 1 loss 3.84 i_con 3.99 plddt 0.33 ptm 0.86 i_ptm 0.35 energy -2.16
74 models [2] recycles 0 hard 0 soft 1 temp 1 loss 3.32 i_con 3.48 plddt 0.51 ptm 0.88 i_ptm 0.63 energy -2.13
75 models [1] recycles 0 hard 0 soft 1 temp 1 loss 4.35 i_con 4.50 plddt 0.27 ptm 0.86 i_ptm 0.16 energy -2.28
76 models [4] recycles 0 hard 0 soft 1 temp 1 loss 3.22 i_con 3.39 plddt 0.50 ptm 0.89 i_ptm 0.64 energy -2.21
77 models [3] recycles 0 hard 0 soft 1 temp 1 loss 3.25 i_con 3.41 plddt 0.50 ptm 0.88 i_ptm 0.62 energy -2.12
78 models [2] recycles 0 hard 0 soft 1 temp 1 loss 3.38 i_con 3.55 plddt 0.48 ptm 0.88 i_ptm 0.59 energy -2.23
79 models [2] recycles 0 hard 0 soft 1 temp 1 loss 3.54 i_con 3.71 plddt 0.40 ptm 0.87 i_ptm 0.54 energy -2.25
80 models [4] recycles 0 hard 0 soft 1 temp 1 loss 3.44 i_con 3.61 plddt 0.44 ptm 0.89 i_ptm 0.57 energy -2.27
81 models [4] recycles 0 hard 0 soft 1 temp 1 loss 3.59 i_con 3.76 plddt 0.35 ptm 0.89 i_ptm 0.51 energy -2.37
82 models [2] recycles 0 hard 0 soft 1 temp 1 loss 3.32 i_con 3.51 plddt 0.49 ptm 0.88 i_ptm 0.63 energy -2.39
83 models [3] recycles 0 hard 0 soft 1 temp 1 loss 3.46 i_con 3.64 plddt 0.42 ptm 0.87 i_ptm 0.53 energy -2.41
84 models [0] recycles 0 hard 0 soft 1 temp 1 loss 3.45 i_con 3.64 plddt 0.45 ptm 0.86 i_ptm 0.55 energy -2.42
85 models [2] recycles 0 hard 0 soft 1 temp 1 loss 3.48 i_con 3.66 plddt 0.42 ptm 0.88 i_ptm 0.54 energy -2.47
86 models [4] recycles 0 hard 0 soft 1 temp 1 loss 3.53 i_con 3.72 plddt 0.40 ptm 0.88 i_ptm 0.55 energy -2.52
87 models [2] recycles 0 hard 0 soft 1 temp 1 loss 3.23 i_con 3.45 plddt 0.51 ptm 0.88 i_ptm 0.65 energy -2.61
88 models [3] recycles 0 hard 0 soft 1 temp 1 loss 3.54 i_con 3.72 plddt 0.42 ptm 0.86 i_ptm 0.53 energy -2.40
89 models [3] recycles 0 hard 0 soft 1 temp 1 loss 3.43 i_con 3.64 plddt 0.43 ptm 0.87 i_ptm 0.54 energy -2.67
90 models [2] recycles 0 hard 0 soft 1 temp 1 loss 3.37 i_con 3.57 plddt 0.44 ptm 0.88 i_ptm 0.58 energy -2.56
91 models [3] recycles 0 hard 0 soft 1 temp 1 loss 3.38 i_con 3.59 plddt 0.45 ptm 0.87 i_ptm 0.58 energy -2.69
92 models [0] recycles 0 hard 0 soft 1 temp 1 loss 3.29 i_con 3.51 plddt 0.51 ptm 0.86 i_ptm 0.58 energy -2.67
93 models [4] recycles 0 hard 0 soft 1 temp 1 loss 3.24 i_con 3.46 plddt 0.49 ptm 0.89 i_ptm 0.63 energy -2.68
94 models [2] recycles 0 hard 0 soft 1 temp 1 loss 3.16 i_con 3.40 plddt 0.51 ptm 0.88 i_ptm 0.66 energy -2.88
95 models [4] recycles 0 hard 0 soft 1 temp 1 loss 3.47 i_con 3.69 plddt 0.41 ptm 0.89 i_ptm 0.52 energy -2.74
96 models [4] recycles 0 hard 0 soft 1 temp 1 loss 3.55 i_con 3.77 plddt 0.38 ptm 0.88 i_ptm 0.48 energy -2.85
97 models [4] recycles 0 hard 0 soft 1 temp 1 loss 3.43 i_con 3.65 plddt 0.40 ptm 0.89 i_ptm 0.52 energy -2.89
98 models [0] recycles 0 hard 0 soft 1 temp 1 loss 3.54 i_con 3.76 plddt 0.42 ptm 0.85 i_ptm 0.48 energy -2.84
99 models [0] recycles 0 hard 0 soft 1 temp 1 loss 3.52 i_con 3.76 plddt 0.39 ptm 0.86 i_ptm 0.47 energy -2.97
100 models [4] recycles 0 hard 0 soft 1 temp 1 loss 3.32 i_con 3.56 plddt 0.44 ptm 0.89 i_ptm 0.56 energy -3.04
101 models [1] recycles 0 hard 0 soft 0 temp 1 loss -2.04 i_con 5.93 plddt 0.26 ptm 0.86 i_ptm 0.17 energy -16.10
102 models [4] recycles 0 hard 0 soft 0 temp 0.98 loss -3.02 i_con 5.46 plddt 0.23 ptm 0.87 i_ptm 0.12 energy -17.11
103 models [0] recycles 0 hard 0 soft 0 temp 0.96 loss -4.86 i_con 3.79 plddt 0.39 ptm 0.85 i_ptm 0.47 energy -17.43
104 models [4] recycles 0 hard 0 soft 0 temp 0.94 loss -5.44 i_con 3.97 plddt 0.33 ptm 0.88 i_ptm 0.40 energy -18.96
105 models [4] recycles 0 hard 0 soft 0 temp 0.92 loss -6.20 i_con 3.77 plddt 0.40 ptm 0.89 i_ptm 0.51 energy -20.07
106 models [1] recycles 0 hard 0 soft 0 temp 0.90 loss -4.93 i_con 5.44 plddt 0.26 ptm 0.85 i_ptm 0.15 energy -20.89
107 models [1] recycles 0 hard 0 soft 0 temp 0.88 loss -6.27 i_con 4.54 plddt 0.25 ptm 0.86 i_ptm 0.18 energy -21.79
108 models [1] recycles 0 hard 0 soft 0 temp 0.86 loss -6.13 i_con 4.83 plddt 0.23 ptm 0.86 i_ptm 0.13 energy -22.09
109 models [1] recycles 0 hard 0 soft 0 temp 0.84 loss -5.79 i_con 5.34 plddt 0.26 ptm 0.86 i_ptm 0.18 energy -22.40
110 models [2] recycles 0 hard 0 soft 0 temp 0.82 loss -7.85 i_con 3.88 plddt 0.33 ptm 0.86 i_ptm 0.43 energy -23.58
111 models [4] recycles 0 hard 0 soft 0 temp 0.80 loss -8.48 i_con 4.15 plddt 0.27 ptm 0.88 i_ptm 0.29 energy -25.41
112 models [2] recycles 0 hard 0 soft 0 temp 0.78 loss -9.46 i_con 3.74 plddt 0.40 ptm 0.88 i_ptm 0.52 energy -26.53
113 models [4] recycles 0 hard 0 soft 0 temp 0.76 loss -10.08 i_con 3.98 plddt 0.29 ptm 0.88 i_ptm 0.38 energy -28.28
114 models [1] recycles 0 hard 0 soft 0 temp 0.74 loss -9.34 i_con 5.64 plddt 0.25 ptm 0.86 i_ptm 0.16 energy -30.10
115 models [1] recycles 0 hard 0 soft 0 temp 0.72 loss -10.28 i_con 5.42 plddt 0.25 ptm 0.86 i_ptm 0.13 energy -31.55
116 models [1] recycles 0 hard 0 soft 0 temp 0.70 loss -11.74 i_con 4.44 plddt 0.26 ptm 0.85 i_ptm 0.20 energy -32.52
117 models [4] recycles 0 hard 0 soft 0 temp 0.68 loss -12.67 i_con 4.27 plddt 0.24 ptm 0.87 i_ptm 0.26 energy -34.04
118 models [1] recycles 0 hard 0 soft 0 temp 0.66 loss -11.44 i_con 5.64 plddt 0.25 ptm 0.86 i_ptm 0.15 energy -34.30
119 models [0] recycles 0 hard 0 soft 0 temp 0.64 loss -13.30 i_con 4.43 plddt 0.24 ptm 0.83 i_ptm 0.19 energy -35.61
120 models [4] recycles 0 hard 0 soft 0 temp 0.62 loss -14.26 i_con 4.02 plddt 0.29 ptm 0.88 i_ptm 0.36 energy -36.71
121 models [2] recycles 0 hard 0 soft 0 temp 0.60 loss -15.38 i_con 3.79 plddt 0.33 ptm 0.87 i_ptm 0.40 energy -38.49
122 models [4] recycles 0 hard 0 soft 0 temp 0.58 loss -16.01 i_con 4.05 plddt 0.27 ptm 0.88 i_ptm 0.32 energy -40.27
123 models [3] recycles 0 hard 0 soft 0 temp 0.56 loss -16.17 i_con 4.72 plddt 0.23 ptm 0.84 i_ptm 0.15 energy -41.93
124 models [1] recycles 0 hard 0 soft 0 temp 0.54 loss -15.05 i_con 6.46 plddt 0.26 ptm 0.87 i_ptm 0.19 energy -43.17
125 models [2] recycles 0 hard 0 soft 0 temp 0.52 loss -18.29 i_con 4.00 plddt 0.29 ptm 0.87 i_ptm 0.34 energy -44.71
126 models [0] recycles 0 hard 0 soft 0 temp 0.50 loss -18.82 i_con 4.35 plddt 0.27 ptm 0.83 i_ptm 0.21 energy -46.50
127 models [0] recycles 0 hard 0 soft 0 temp 0.48 loss -19.68 i_con 4.03 plddt 0.31 ptm 0.84 i_ptm 0.35 energy -47.55
128 models [1] recycles 0 hard 0 soft 0 temp 0.46 loss -18.83 i_con 5.78 plddt 0.26 ptm 0.85 i_ptm 0.16 energy -49.37
129 models [2] recycles 0 hard 0 soft 0 temp 0.44 loss -20.93 i_con 4.12 plddt 0.28 ptm 0.86 i_ptm 0.30 energy -50.24
130 models [4] recycles 0 hard 0 soft 0 temp 0.42 loss -21.60 i_con 4.09 plddt 0.27 ptm 0.88 i_ptm 0.33 energy -51.52
131 models [1] recycles 0 hard 0 soft 0 temp 0.40 loss -19.99 i_con 6.49 plddt 0.28 ptm 0.86 i_ptm 0.20 energy -53.11
132 models [0] recycles 0 hard 0 soft 0 temp 0.38 loss -22.45 i_con 4.78 plddt 0.23 ptm 0.81 i_ptm 0.14 energy -54.62
133 models [1] recycles 0 hard 0 soft 0 temp 0.36 loss -21.56 i_con 6.02 plddt 0.26 ptm 0.85 i_ptm 0.15 energy -55.31
134 models [2] recycles 0 hard 0 soft 0 temp 0.34 loss -24.09 i_con 4.22 plddt 0.26 ptm 0.86 i_ptm 0.29 energy -56.78
135 models [2] recycles 0 hard 0 soft 0 temp 0.32 loss -24.90 i_con 4.19 plddt 0.27 ptm 0.86 i_ptm 0.31 energy -58.32
136 models [0] recycles 0 hard 0 soft 0 temp 0.30 loss -24.66 i_con 5.22 plddt 0.24 ptm 0.82 i_ptm 0.16 energy -59.91
137 models [3] recycles 0 hard 0 soft 0 temp 0.28 loss -24.74 i_con 5.78 plddt 0.24 ptm 0.85 i_ptm 0.17 energy -61.19
138 models [2] recycles 0 hard 0 soft 0 temp 0.26 loss -26.87 i_con 4.39 plddt 0.24 ptm 0.86 i_ptm 0.25 energy -62.68
139 models [4] recycles 0 hard 0 soft 0 temp 0.24 loss -26.87 i_con 4.66 plddt 0.21 ptm 0.87 i_ptm 0.14 energy -63.24
140 models [2] recycles 0 hard 0 soft 0 temp 0.22 loss -27.40 i_con 4.14 plddt 0.28 ptm 0.86 i_ptm 0.36 energy -63.22
141 models [3] recycles 0 hard 0 soft 0 temp 0.20 loss -27.45 i_con 5.00 plddt 0.23 ptm 0.84 i_ptm 0.18 energy -65.06
142 models [3] recycles 0 hard 0 soft 0 temp 0.18 loss -27.59 i_con 5.40 plddt 0.24 ptm 0.84 i_ptm 0.15 energy -66.14
143 models [0] recycles 0 hard 0 soft 0 temp 0.16 loss -28.18 i_con 5.22 plddt 0.22 ptm 0.83 i_ptm 0.11 energy -66.96
144 models [0] recycles 0 hard 0 soft 0 temp 0.14 loss -28.89 i_con 5.16 plddt 0.23 ptm 0.83 i_ptm 0.13 energy -68.25
145 models [3] recycles 0 hard 0 soft 0 temp 0.12 loss -28.59 i_con 5.64 plddt 0.24 ptm 0.84 i_ptm 0.17 energy -68.60
146 models [3] recycles 0 hard 0 soft 0 temp 0.10 loss -29.08 i_con 5.82 plddt 0.22 ptm 0.84 i_ptm 0.17 energy -69.95
147 models [0] recycles 0 hard 0 soft 0 temp 0.08 loss -31.36 i_con 4.30 plddt 0.24 ptm 0.82 i_ptm 0.24 energy -71.49
148 models [1] recycles 0 hard 0 soft 0 temp 0.06 loss -30.45 i_con 5.95 plddt 0.27 ptm 0.86 i_ptm 0.17 energy -72.95
149 models [0] recycles 0 hard 0 soft 0 temp 0.04 loss -32.30 i_con 4.93 plddt 0.22 ptm 0.83 i_ptm 0.13 energy -74.61
150 models [3] recycles 0 hard 0 soft 0 temp 0.02 loss -32.34 i_con 5.66 plddt 0.22 ptm 0.84 i_ptm 0.16 energy -76.17
151 models [0] recycles 0 hard 1 soft 0 temp 0.00 loss 2.28 i_con 3.86 plddt 0.40 ptm 0.84 i_ptm 0.47 energy -1.82
152 models [2] recycles 0 hard 1 soft 0 temp 0.00 loss 3.57 i_con 5.14 plddt 0.28 ptm 0.85 i_ptm 0.23 energy -1.82
153 models [4] recycles 0 hard 1 soft 0 temp 0.00 loss 4.20 i_con 5.76 plddt 0.25 ptm 0.87 i_ptm 0.16 energy -1.82
154 models [1] recycles 0 hard 1 soft 0 temp 0.00 loss 4.69 i_con 6.26 plddt 0.30 ptm 0.86 i_ptm 0.26 energy -1.82
155 models [3] recycles 0 hard 1 soft 0 temp 0.00 loss 1.97 i_con 3.55 plddt 0.46 ptm 0.87 i_ptm 0.61 energy -1.82
156 models [4] recycles 0 hard 1 soft 0 temp 0.00 loss 4.20 i_con 5.76 plddt 0.25 ptm 0.87 i_ptm 0.16 energy -1.82
157 models [2] recycles 0 hard 1 soft 0 temp 0.00 loss 3.57 i_con 5.14 plddt 0.28 ptm 0.85 i_ptm 0.23 energy -1.82
158 models [2] recycles 0 hard 1 soft 0 temp 0.00 loss 3.57 i_con 5.14 plddt 0.28 ptm 0.85 i_ptm 0.23 energy -1.82
159 models [2] recycles 0 hard 1 soft 0 temp 0.00 loss 3.57 i_con 5.14 plddt 0.28 ptm 0.85 i_ptm 0.23 energy -1.82
160 models [4] recycles 0 hard 1 soft 0 temp 0.00 loss 4.20 i_con 5.76 plddt 0.25 ptm 0.87 i_ptm 0.16 energy -1.82
161 models [2] recycles 0 hard 1 soft 0 temp 0.00 loss 3.57 i_con 5.14 plddt 0.28 ptm 0.85 i_ptm 0.23 energy -1.82
162 models [2] recycles 0 hard 1 soft 0 temp 0.00 loss 3.57 i_con 5.14 plddt 0.28 ptm 0.85 i_ptm 0.23 energy -1.82
163 models [3] recycles 0 hard 1 soft 0 temp 0.00 loss 1.97 i_con 3.55 plddt 0.46 ptm 0.87 i_ptm 0.61 energy -1.82
164 models [2] recycles 0 hard 1 soft 0 temp 0.00 loss 3.57 i_con 5.14 plddt 0.28 ptm 0.85 i_ptm 0.23 energy -1.82
165 models [1] recycles 0 hard 1 soft 0 temp 0.00 loss 4.69 i_con 6.26 plddt 0.30 ptm 0.86 i_ptm 0.26 energy -1.82
166 models [1] recycles 0 hard 1 soft 0 temp 0.00 loss 4.69 i_con 6.26 plddt 0.30 ptm 0.86 i_ptm 0.26 energy -1.82
167 models [4] recycles 0 hard 1 soft 0 temp 0.00 loss 4.20 i_con 5.76 plddt 0.25 ptm 0.87 i_ptm 0.16 energy -1.82
168 models [3] recycles 0 hard 1 soft 0 temp 0.00 loss 1.97 i_con 3.55 plddt 0.46 ptm 0.87 i_ptm 0.61 energy -1.82
169 models [2] recycles 0 hard 1 soft 0 temp 0.00 loss 3.57 i_con 5.14 plddt 0.28 ptm 0.85 i_ptm 0.23 energy -1.82
170 models [1] recycles 0 hard 1 soft 0 temp 0.00 loss 4.69 i_con 6.26 plddt 0.30 ptm 0.86 i_ptm 0.26 energy -1.82
171 models [4] recycles 0 hard 1 soft 0 temp 0.00 loss 4.20 i_con 5.76 plddt 0.25 ptm 0.87 i_ptm 0.16 energy -1.82
172 models [4] recycles 0 hard 1 soft 0 temp 0.00 loss 4.20 i_con 5.76 plddt 0.25 ptm 0.87 i_ptm 0.16 energy -1.82
173 models [0] recycles 0 hard 1 soft 0 temp 0.00 loss 2.28 i_con 3.86 plddt 0.40 ptm 0.84 i_ptm 0.47 energy -1.82
174 models [0] recycles 0 hard 1 soft 0 temp 0.00 loss 2.28 i_con 3.86 plddt 0.40 ptm 0.84 i_ptm 0.47 energy -1.82
175 models [4] recycles 0 hard 1 soft 0 temp 0.00 loss 4.20 i_con 5.76 plddt 0.25 ptm 0.87 i_ptm 0.16 energy -1.82
176 models [3] recycles 0 hard 1 soft 0 temp 0.00 loss 1.97 i_con 3.55 plddt 0.46 ptm 0.87 i_ptm 0.61 energy -1.82
177 models [1] recycles 0 hard 1 soft 0 temp 0.00 loss 4.69 i_con 6.26 plddt 0.30 ptm 0.86 i_ptm 0.26 energy -1.82
178 models [2] recycles 0 hard 1 soft 0 temp 0.00 loss 3.57 i_con 5.14 plddt 0.28 ptm 0.85 i_ptm 0.23 energy -1.82
179 models [1] recycles 0 hard 1 soft 0 temp 0.00 loss 4.69 i_con 6.26 plddt 0.30 ptm 0.86 i_ptm 0.26 energy -1.82
180 models [2] recycles 0 hard 1 soft 0 temp 0.00 loss 3.57 i_con 5.14 plddt 0.28 ptm 0.85 i_ptm 0.23 energy -1.82
  seq=DANNAWWVVMWQEFC  loss=3.5749  loss_af=5.2132  energy=-1.8203  i_ptm=0.2280
[14/30] seed=13 ...
1 models [3] recycles 0 hard 0 soft 1 temp 1 loss 4.45 i_con 4.01 plddt 0.29 ptm 0.85 i_ptm 0.35 energy 7.43
2 models [1] recycles 0 hard 0 soft 1 temp 1 loss 4.92 i_con 4.49 plddt 0.21 ptm 0.85 i_ptm 0.18 energy 6.98
3 models [4] recycles 0 hard 0 soft 1 temp 1 loss 4.42 i_con 4.01 plddt 0.31 ptm 0.88 i_ptm 0.38 energy 6.79
4 models [3] recycles 0 hard 0 soft 1 temp 1 loss 4.29 i_con 3.90 plddt 0.31 ptm 0.86 i_ptm 0.38 energy 6.32
5 models [2] recycles 0 hard 0 soft 1 temp 1 loss 4.37 i_con 3.99 plddt 0.30 ptm 0.86 i_ptm 0.37 energy 6.25
6 models [0] recycles 0 hard 0 soft 1 temp 1 loss 5.15 i_con 4.76 plddt 0.23 ptm 0.83 i_ptm 0.19 energy 6.18
7 models [3] recycles 0 hard 0 soft 1 temp 1 loss 4.17 i_con 3.81 plddt 0.36 ptm 0.86 i_ptm 0.47 energy 5.98
8 models [3] recycles 0 hard 0 soft 1 temp 1 loss 4.13 i_con 3.81 plddt 0.33 ptm 0.86 i_ptm 0.45 energy 5.20
9 models [3] recycles 0 hard 0 soft 1 temp 1 loss 4.21 i_con 3.91 plddt 0.29 ptm 0.86 i_ptm 0.39 energy 4.59
10 models [3] recycles 0 hard 0 soft 1 temp 1 loss 4.01 i_con 3.75 plddt 0.34 ptm 0.86 i_ptm 0.46 energy 3.83
11 models [2] recycles 0 hard 0 soft 1 temp 1 loss 4.16 i_con 3.93 plddt 0.31 ptm 0.87 i_ptm 0.42 energy 3.28
12 models [2] recycles 0 hard 0 soft 1 temp 1 loss 4.17 i_con 3.96 plddt 0.34 ptm 0.86 i_ptm 0.41 energy 2.79
13 models [2] recycles 0 hard 0 soft 1 temp 1 loss 4.11 i_con 3.92 plddt 0.31 ptm 0.87 i_ptm 0.42 energy 2.39
14 models [4] recycles 0 hard 0 soft 1 temp 1 loss 4.25 i_con 4.07 plddt 0.30 ptm 0.88 i_ptm 0.34 energy 2.12
15 models [3] recycles 0 hard 0 soft 1 temp 1 loss 3.99 i_con 3.82 plddt 0.33 ptm 0.87 i_ptm 0.44 energy 2.06
16 models [0] recycles 0 hard 0 soft 1 temp 1 loss 4.37 i_con 4.21 plddt 0.27 ptm 0.84 i_ptm 0.27 energy 1.77
17 models [0] recycles 0 hard 0 soft 1 temp 1 loss 4.08 i_con 3.93 plddt 0.30 ptm 0.85 i_ptm 0.40 energy 1.55
18 models [2] recycles 0 hard 0 soft 1 temp 1 loss 4.01 i_con 3.88 plddt 0.33 ptm 0.86 i_ptm 0.42 energy 1.27
19 models [2] recycles 0 hard 0 soft 1 temp 1 loss 3.92 i_con 3.81 plddt 0.36 ptm 0.87 i_ptm 0.47 energy 0.87
20 models [1] recycles 0 hard 0 soft 1 temp 1 loss 4.30 i_con 4.20 plddt 0.28 ptm 0.86 i_ptm 0.28 energy 0.58
21 models [0] recycles 0 hard 0 soft 1 temp 1 loss 3.91 i_con 3.84 plddt 0.38 ptm 0.86 i_ptm 0.47 energy 0.35
22 models [2] recycles 0 hard 0 soft 1 temp 1 loss 3.94 i_con 3.86 plddt 0.31 ptm 0.87 i_ptm 0.41 energy 0.10
23 models [0] recycles 0 hard 0 soft 1 temp 1 loss 3.80 i_con 3.76 plddt 0.41 ptm 0.85 i_ptm 0.52 energy -0.46
24 models [2] recycles 0 hard 0 soft 1 temp 1 loss 3.88 i_con 3.85 plddt 0.35 ptm 0.87 i_ptm 0.46 energy -0.63
25 models [0] recycles 0 hard 0 soft 1 temp 1 loss 3.80 i_con 3.79 plddt 0.39 ptm 0.85 i_ptm 0.50 energy -1.11
26 models [4] recycles 0 hard 0 soft 1 temp 1 loss 4.78 i_con 4.80 plddt 0.23 ptm 0.87 i_ptm 0.17 energy -1.96
27 models [1] recycles 0 hard 0 soft 1 temp 1 loss 3.96 i_con 3.99 plddt 0.28 ptm 0.87 i_ptm 0.33 energy -1.98
28 models [0] recycles 0 hard 0 soft 1 temp 1 loss 3.72 i_con 3.78 plddt 0.39 ptm 0.85 i_ptm 0.48 energy -2.41
29 models [2] recycles 0 hard 0 soft 1 temp 1 loss 3.79 i_con 3.85 plddt 0.32 ptm 0.87 i_ptm 0.43 energy -2.62
30 models [3] recycles 0 hard 0 soft 1 temp 1 loss 3.71 i_con 3.78 plddt 0.36 ptm 0.86 i_ptm 0.44 energy -2.78
31 models [1] recycles 0 hard 0 soft 1 temp 1 loss 3.94 i_con 4.01 plddt 0.28 ptm 0.87 i_ptm 0.30 energy -2.91
32 models [3] recycles 0 hard 0 soft 1 temp 1 loss 3.76 i_con 3.85 plddt 0.34 ptm 0.86 i_ptm 0.43 energy -3.06
33 models [0] recycles 0 hard 0 soft 1 temp 1 loss 3.81 i_con 3.90 plddt 0.33 ptm 0.85 i_ptm 0.38 energy -3.19
34 models [4] recycles 0 hard 0 soft 1 temp 1 loss 3.66 i_con 3.76 plddt 0.33 ptm 0.88 i_ptm 0.42 energy -3.33
35 models [1] recycles 0 hard 0 soft 1 temp 1 loss 4.07 i_con 4.17 plddt 0.24 ptm 0.86 i_ptm 0.24 energy -3.67
36 models [3] recycles 0 hard 0 soft 1 temp 1 loss 3.68 i_con 3.79 plddt 0.35 ptm 0.86 i_ptm 0.45 energy -3.53
37 models [2] recycles 0 hard 0 soft 1 temp 1 loss 3.68 i_con 3.79 plddt 0.37 ptm 0.86 i_ptm 0.45 energy -3.41
38 models [0] recycles 0 hard 0 soft 1 temp 1 loss 3.68 i_con 3.79 plddt 0.39 ptm 0.85 i_ptm 0.43 energy -3.56
39 models [3] recycles 0 hard 0 soft 1 temp 1 loss 3.61 i_con 3.74 plddt 0.34 ptm 0.86 i_ptm 0.46 energy -3.97
40 models [2] recycles 0 hard 0 soft 1 temp 1 loss 3.65 i_con 3.79 plddt 0.35 ptm 0.86 i_ptm 0.43 energy -4.12
41 models [2] recycles 0 hard 0 soft 1 temp 1 loss 3.71 i_con 3.86 plddt 0.33 ptm 0.87 i_ptm 0.42 energy -4.28
42 models [2] recycles 0 hard 0 soft 1 temp 1 loss 3.74 i_con 3.89 plddt 0.34 ptm 0.86 i_ptm 0.41 energy -4.40
43 models [2] recycles 0 hard 0 soft 1 temp 1 loss 3.63 i_con 3.79 plddt 0.36 ptm 0.87 i_ptm 0.46 energy -4.45
44 models [0] recycles 0 hard 0 soft 1 temp 1 loss 3.60 i_con 3.77 plddt 0.39 ptm 0.85 i_ptm 0.46 energy -4.58
45 models [3] recycles 0 hard 0 soft 1 temp 1 loss 3.63 i_con 3.80 plddt 0.35 ptm 0.85 i_ptm 0.43 energy -4.72
46 models [1] recycles 0 hard 0 soft 1 temp 1 loss 4.23 i_con 4.40 plddt 0.25 ptm 0.86 i_ptm 0.18 energy -4.73
47 models [3] recycles 0 hard 0 soft 1 temp 1 loss 3.52 i_con 3.69 plddt 0.38 ptm 0.86 i_ptm 0.52 energy -4.52
48 models [3] recycles 0 hard 0 soft 1 temp 1 loss 3.44 i_con 3.62 plddt 0.44 ptm 0.87 i_ptm 0.55 energy -4.75
49 models [1] recycles 0 hard 0 soft 1 temp 1 loss 3.83 i_con 4.00 plddt 0.32 ptm 0.87 i_ptm 0.33 energy -4.76
50 models [1] recycles 0 hard 0 soft 1 temp 1 loss 4.08 i_con 4.25 plddt 0.27 ptm 0.86 i_ptm 0.20 energy -4.85
51 models [1] recycles 0 hard 0 soft 1 temp 1 loss 3.46 i_con 3.86 plddt 0.31 ptm 0.87 i_ptm 0.37 energy -4.64
52 models [0] recycles 0 hard 0 soft 1 temp 1 loss 3.31 i_con 3.75 plddt 0.44 ptm 0.86 i_ptm 0.49 energy -4.97
53 models [4] recycles 0 hard 0 soft 1 temp 1 loss 3.33 i_con 3.76 plddt 0.38 ptm 0.88 i_ptm 0.47 energy -4.92
54 models [1] recycles 0 hard 0 soft 1 temp 1 loss 3.72 i_con 4.17 plddt 0.29 ptm 0.86 i_ptm 0.24 energy -5.19
55 models [3] recycles 0 hard 0 soft 1 temp 1 loss 3.36 i_con 3.78 plddt 0.36 ptm 0.86 i_ptm 0.48 energy -4.89
56 models [1] recycles 0 hard 0 soft 1 temp 1 loss 3.54 i_con 3.96 plddt 0.31 ptm 0.86 i_ptm 0.34 energy -4.89
57 models [2] recycles 0 hard 0 soft 1 temp 1 loss 3.66 i_con 4.10 plddt 0.34 ptm 0.86 i_ptm 0.37 energy -4.99
58 models [3] recycles 0 hard 0 soft 1 temp 1 loss 3.38 i_con 3.81 plddt 0.31 ptm 0.87 i_ptm 0.42 energy -4.98
59 models [2] recycles 0 hard 0 soft 1 temp 1 loss 3.42 i_con 3.88 plddt 0.33 ptm 0.87 i_ptm 0.43 energy -5.30
60 models [4] recycles 0 hard 0 soft 1 temp 1 loss 3.30 i_con 3.77 plddt 0.33 ptm 0.88 i_ptm 0.45 energy -5.33
61 models [2] recycles 0 hard 0 soft 1 temp 1 loss 3.39 i_con 3.87 plddt 0.35 ptm 0.87 i_ptm 0.42 energy -5.47
62 models [2] recycles 0 hard 0 soft 1 temp 1 loss 3.36 i_con 3.86 plddt 0.35 ptm 0.86 i_ptm 0.41 energy -5.69
63 models [2] recycles 0 hard 0 soft 1 temp 1 loss 3.30 i_con 3.82 plddt 0.35 ptm 0.87 i_ptm 0.43 energy -5.82
64 models [1] recycles 0 hard 0 soft 1 temp 1 loss 4.38 i_con 4.90 plddt 0.23 ptm 0.85 i_ptm 0.12 energy -6.02
65 models [3] recycles 0 hard 0 soft 1 temp 1 loss 3.29 i_con 3.80 plddt 0.33 ptm 0.86 i_ptm 0.43 energy -5.79
66 models [4] recycles 0 hard 0 soft 1 temp 1 loss 3.54 i_con 4.06 plddt 0.32 ptm 0.87 i_ptm 0.33 energy -5.95
67 models [4] recycles 0 hard 0 soft 1 temp 1 loss 3.51 i_con 4.03 plddt 0.28 ptm 0.88 i_ptm 0.35 energy -5.89
68 models [4] recycles 0 hard 0 soft 1 temp 1 loss 3.30 i_con 3.82 plddt 0.34 ptm 0.88 i_ptm 0.44 energy -5.85
69 models [4] recycles 0 hard 0 soft 1 temp 1 loss 3.34 i_con 3.89 plddt 0.34 ptm 0.88 i_ptm 0.41 energy -6.16
70 models [1] recycles 0 hard 0 soft 1 temp 1 loss 4.49 i_con 5.07 plddt 0.25 ptm 0.85 i_ptm 0.11 energy -6.46
71 models [2] recycles 0 hard 0 soft 1 temp 1 loss 3.26 i_con 3.82 plddt 0.36 ptm 0.86 i_ptm 0.45 energy -6.27
72 models [0] recycles 0 hard 0 soft 1 temp 1 loss 3.37 i_con 3.96 plddt 0.33 ptm 0.84 i_ptm 0.36 energy -6.51
73 models [0] recycles 0 hard 0 soft 1 temp 1 loss 3.38 i_con 3.96 plddt 0.34 ptm 0.84 i_ptm 0.39 energy -6.47
74 models [4] recycles 0 hard 0 soft 1 temp 1 loss 3.21 i_con 3.80 plddt 0.32 ptm 0.88 i_ptm 0.40 energy -6.64
75 models [1] recycles 0 hard 0 soft 1 temp 1 loss 4.90 i_con 5.52 plddt 0.27 ptm 0.86 i_ptm 0.16 energy -6.91
76 models [0] recycles 0 hard 0 soft 1 temp 1 loss 3.34 i_con 3.95 plddt 0.33 ptm 0.84 i_ptm 0.37 energy -6.72
77 models [3] recycles 0 hard 0 soft 1 temp 1 loss 3.22 i_con 3.83 plddt 0.32 ptm 0.86 i_ptm 0.44 energy -6.80
78 models [0] recycles 0 hard 0 soft 1 temp 1 loss 3.15 i_con 3.78 plddt 0.44 ptm 0.86 i_ptm 0.48 energy -6.85
79 models [3] recycles 0 hard 0 soft 1 temp 1 loss 3.49 i_con 4.12 plddt 0.32 ptm 0.84 i_ptm 0.30 energy -6.92
80 models [0] recycles 0 hard 0 soft 1 temp 1 loss 3.30 i_con 3.93 plddt 0.31 ptm 0.84 i_ptm 0.33 energy -7.01
81 models [2] recycles 0 hard 0 soft 1 temp 1 loss 3.12 i_con 3.77 plddt 0.35 ptm 0.87 i_ptm 0.45 energy -7.12
82 models [4] recycles 0 hard 0 soft 1 temp 1 loss 3.25 i_con 3.89 plddt 0.27 ptm 0.88 i_ptm 0.33 energy -7.11
83 models [1] recycles 0 hard 0 soft 1 temp 1 loss 4.60 i_con 5.24 plddt 0.28 ptm 0.86 i_ptm 0.13 energy -7.14
84 models [2] recycles 0 hard 0 soft 1 temp 1 loss 3.26 i_con 3.90 plddt 0.38 ptm 0.85 i_ptm 0.40 energy -7.09
85 models [1] recycles 0 hard 0 soft 1 temp 1 loss 4.70 i_con 5.33 plddt 0.28 ptm 0.86 i_ptm 0.17 energy -7.00
86 models [2] recycles 0 hard 0 soft 1 temp 1 loss 3.23 i_con 3.83 plddt 0.35 ptm 0.87 i_ptm 0.44 energy -6.74
87 models [0] recycles 0 hard 0 soft 1 temp 1 loss 3.17 i_con 3.80 plddt 0.37 ptm 0.86 i_ptm 0.46 energy -6.97
88 models [0] recycles 0 hard 0 soft 1 temp 1 loss 3.09 i_con 3.75 plddt 0.41 ptm 0.85 i_ptm 0.48 energy -7.17
89 models [2] recycles 0 hard 0 soft 1 temp 1 loss 3.13 i_con 3.77 plddt 0.34 ptm 0.87 i_ptm 0.46 energy -7.08
90 models [0] recycles 0 hard 0 soft 1 temp 1 loss 3.18 i_con 3.84 plddt 0.34 ptm 0.85 i_ptm 0.42 energy -7.27
91 models [2] recycles 0 hard 0 soft 1 temp 1 loss 3.13 i_con 3.80 plddt 0.35 ptm 0.87 i_ptm 0.46 energy -7.29
92 models [1] recycles 0 hard 0 soft 1 temp 1 loss 3.26 i_con 3.94 plddt 0.29 ptm 0.87 i_ptm 0.34 energy -7.44
93 models [3] recycles 0 hard 0 soft 1 temp 1 loss 3.11 i_con 3.79 plddt 0.37 ptm 0.87 i_ptm 0.45 energy -7.36
94 models [3] recycles 0 hard 0 soft 1 temp 1 loss 3.12 i_con 3.80 plddt 0.32 ptm 0.86 i_ptm 0.44 energy -7.45
95 models [1] recycles 0 hard 0 soft 1 temp 1 loss 4.48 i_con 5.17 plddt 0.25 ptm 0.85 i_ptm 0.16 energy -7.64
96 models [0] recycles 0 hard 0 soft 1 temp 1 loss 3.23 i_con 3.90 plddt 0.31 ptm 0.85 i_ptm 0.35 energy -7.43
97 models [2] recycles 0 hard 0 soft 1 temp 1 loss 3.13 i_con 3.81 plddt 0.33 ptm 0.87 i_ptm 0.45 energy -7.43
98 models [3] recycles 0 hard 0 soft 1 temp 1 loss 3.07 i_con 3.77 plddt 0.33 ptm 0.87 i_ptm 0.44 energy -7.58
99 models [2] recycles 0 hard 0 soft 1 temp 1 loss 3.06 i_con 3.75 plddt 0.37 ptm 0.87 i_ptm 0.48 energy -7.53
100 models [1] recycles 0 hard 0 soft 1 temp 1 loss 4.44 i_con 5.14 plddt 0.24 ptm 0.85 i_ptm 0.12 energy -7.74
101 models [0] recycles 0 hard 0 soft 0 temp 1 loss -13.04 i_con 4.66 plddt 0.25 ptm 0.82 i_ptm 0.14 energy -35.54
102 models [1] recycles 0 hard 0 soft 0 temp 0.98 loss -11.85 i_con 6.15 plddt 0.29 ptm 0.86 i_ptm 0.18 energy -36.14
103 models [3] recycles 0 hard 0 soft 0 temp 0.96 loss -13.41 i_con 5.67 plddt 0.28 ptm 0.85 i_ptm 0.22 energy -38.31
104 models [1] recycles 0 hard 0 soft 0 temp 0.94 loss -13.44 i_con 6.29 plddt 0.27 ptm 0.86 i_ptm 0.17 energy -39.60
105 models [0] recycles 0 hard 0 soft 0 temp 0.92 loss -16.40 i_con 4.31 plddt 0.27 ptm 0.84 i_ptm 0.18 energy -41.57
106 models [3] recycles 0 hard 0 soft 0 temp 0.90 loss -15.78 i_con 5.65 plddt 0.22 ptm 0.84 i_ptm 0.16 energy -43.03
107 models [2] recycles 0 hard 0 soft 0 temp 0.88 loss -17.41 i_con 4.06 plddt 0.27 ptm 0.87 i_ptm 0.32 energy -43.09
108 models [1] recycles 0 hard 0 soft 0 temp 0.86 loss -16.54 i_con 5.83 plddt 0.24 ptm 0.86 i_ptm 0.16 energy -44.89
109 models [0] recycles 0 hard 0 soft 0 temp 0.84 loss -19.17 i_con 4.22 plddt 0.29 ptm 0.84 i_ptm 0.25 energy -46.93
110 models [2] recycles 0 hard 0 soft 0 temp 0.82 loss -19.36 i_con 5.26 plddt 0.23 ptm 0.86 i_ptm 0.13 energy -49.39
111 models [4] recycles 0 hard 0 soft 0 temp 0.80 loss -19.34 i_con 5.32 plddt 0.20 ptm 0.86 i_ptm 0.11 energy -49.48
112 models [0] recycles 0 hard 0 soft 0 temp 0.78 loss -20.62 i_con 4.28 plddt 0.29 ptm 0.83 i_ptm 0.21 energy -49.95
113 models [4] recycles 0 hard 0 soft 0 temp 0.76 loss -20.23 i_con 5.76 plddt 0.21 ptm 0.87 i_ptm 0.15 energy -52.13
114 models [4] recycles 0 hard 0 soft 0 temp 0.74 loss -21.06 i_con 5.64 plddt 0.22 ptm 0.87 i_ptm 0.13 energy -53.54
115 models [4] recycles 0 hard 0 soft 0 temp 0.72 loss -21.14 i_con 5.76 plddt 0.21 ptm 0.87 i_ptm 0.14 energy -53.96
116 models [4] recycles 0 hard 0 soft 0 temp 0.70 loss -21.69 i_con 5.73 plddt 0.23 ptm 0.87 i_ptm 0.15 energy -55.00
117 models [3] recycles 0 hard 0 soft 0 temp 0.68 loss -23.06 i_con 4.99 plddt 0.22 ptm 0.85 i_ptm 0.16 energy -56.26
118 models [3] recycles 0 hard 0 soft 0 temp 0.66 loss -23.02 i_con 5.16 plddt 0.19 ptm 0.80 i_ptm 0.14 energy -56.51
119 models [4] recycles 0 hard 0 soft 0 temp 0.64 loss -23.75 i_con 4.74 plddt 0.22 ptm 0.87 i_ptm 0.21 energy -57.14
120 models [0] recycles 0 hard 0 soft 0 temp 0.62 loss -24.48 i_con 5.13 plddt 0.24 ptm 0.83 i_ptm 0.13 energy -59.38
121 models [4] recycles 0 hard 0 soft 0 temp 0.60 loss -25.01 i_con 5.53 plddt 0.21 ptm 0.87 i_ptm 0.13 energy -61.23
122 models [3] recycles 0 hard 0 soft 0 temp 0.58 loss -26.60 i_con 4.68 plddt 0.25 ptm 0.84 i_ptm 0.21 energy -62.71
123 models [4] recycles 0 hard 0 soft 0 temp 0.56 loss -26.05 i_con 5.76 plddt 0.23 ptm 0.87 i_ptm 0.17 energy -63.77
124 models [4] recycles 0 hard 0 soft 0 temp 0.54 loss -27.52 i_con 5.53 plddt 0.21 ptm 0.84 i_ptm 0.15 energy -66.26
125 models [3] recycles 0 hard 0 soft 0 temp 0.52 loss -27.56 i_con 5.57 plddt 0.24 ptm 0.84 i_ptm 0.18 energy -66.40
126 models [4] recycles 0 hard 0 soft 0 temp 0.50 loss -28.13 i_con 5.61 plddt 0.21 ptm 0.87 i_ptm 0.13 energy -67.65
127 models [2] recycles 0 hard 0 soft 0 temp 0.48 loss -29.29 i_con 5.21 plddt 0.23 ptm 0.81 i_ptm 0.12 energy -69.15
128 models [2] recycles 0 hard 0 soft 0 temp 0.46 loss -28.56 i_con 6.03 plddt 0.24 ptm 0.86 i_ptm 0.16 energy -69.32
129 models [3] recycles 0 hard 0 soft 0 temp 0.44 loss -29.51 i_con 5.74 plddt 0.23 ptm 0.84 i_ptm 0.16 energy -70.66
130 models [1] recycles 0 hard 0 soft 0 temp 0.42 loss -29.97 i_con 6.12 plddt 0.26 ptm 0.86 i_ptm 0.15 energy -72.32
131 models [4] recycles 0 hard 0 soft 0 temp 0.40 loss -32.06 i_con 5.24 plddt 0.21 ptm 0.87 i_ptm 0.15 energy -74.76
132 models [4] recycles 0 hard 0 soft 0 temp 0.38 loss -32.72 i_con 5.52 plddt 0.19 ptm 0.87 i_ptm 0.15 energy -76.65
133 models [4] recycles 0 hard 0 soft 0 temp 0.36 loss -34.48 i_con 5.05 plddt 0.22 ptm 0.87 i_ptm 0.13 energy -79.23
134 models [2] recycles 0 hard 0 soft 0 temp 0.34 loss -35.32 i_con 4.92 plddt 0.27 ptm 0.86 i_ptm 0.17 energy -80.62
135 models [0] recycles 0 hard 0 soft 0 temp 0.32 loss -36.26 i_con 4.80 plddt 0.26 ptm 0.83 i_ptm 0.13 energy -82.26
136 models [1] recycles 0 hard 0 soft 0 temp 0.30 loss -36.31 i_con 5.93 plddt 0.26 ptm 0.86 i_ptm 0.13 energy -84.63
137 models [4] recycles 0 hard 0 soft 0 temp 0.28 loss -37.69 i_con 5.75 plddt 0.23 ptm 0.87 i_ptm 0.16 energy -87.05
138 models [0] recycles 0 hard 0 soft 0 temp 0.26 loss -40.31 i_con 4.34 plddt 0.26 ptm 0.83 i_ptm 0.23 energy -89.45
139 models [1] recycles 0 hard 0 soft 0 temp 0.24 loss -39.86 i_con 5.72 plddt 0.25 ptm 0.86 i_ptm 0.10 energy -91.31
140 models [2] recycles 0 hard 0 soft 0 temp 0.22 loss -41.28 i_con 5.39 plddt 0.21 ptm 0.86 i_ptm 0.08 energy -93.48
141 models [4] recycles 0 hard 0 soft 0 temp 0.20 loss -41.42 i_con 5.97 plddt 0.22 ptm 0.87 i_ptm 0.12 energy -94.93
142 models [4] recycles 0 hard 0 soft 0 temp 0.18 loss -42.77 i_con 5.82 plddt 0.20 ptm 0.88 i_ptm 0.11 energy -97.33
143 models [3] recycles 0 hard 0 soft 0 temp 0.16 loss -44.84 i_con 4.84 plddt 0.18 ptm 0.85 i_ptm 0.07 energy -99.53
144 models [0] recycles 0 hard 0 soft 0 temp 0.14 loss -45.42 i_con 5.07 plddt 0.27 ptm 0.83 i_ptm 0.09 energy -101.12
145 models [0] recycles 0 hard 0 soft 0 temp 0.12 loss -46.12 i_con 5.51 plddt 0.25 ptm 0.83 i_ptm 0.11 energy -103.41
146 models [3] recycles 0 hard 0 soft 0 temp 0.10 loss -47.34 i_con 5.50 plddt 0.22 ptm 0.78 i_ptm 0.11 energy -105.83
147 models [3] recycles 0 hard 0 soft 0 temp 0.08 loss -47.57 i_con 5.53 plddt 0.17 ptm 0.86 i_ptm 0.11 energy -106.38
148 models [0] recycles 0 hard 0 soft 0 temp 0.06 loss -49.19 i_con 5.13 plddt 0.26 ptm 0.84 i_ptm 0.09 energy -108.78
149 models [1] recycles 0 hard 0 soft 0 temp 0.04 loss -49.62 i_con 5.61 plddt 0.27 ptm 0.86 i_ptm 0.08 energy -110.59
150 models [1] recycles 0 hard 0 soft 0 temp 0.02 loss -50.30 i_con 6.02 plddt 0.22 ptm 0.86 i_ptm 0.09 energy -112.80
151 models [2] recycles 0 hard 1 soft 0 temp 0.00 loss -2.49 i_con 5.62 plddt 0.25 ptm 0.86 i_ptm 0.21 energy -9.09
152 models [2] recycles 0 hard 1 soft 0 temp 0.00 loss -2.49 i_con 5.62 plddt 0.25 ptm 0.86 i_ptm 0.21 energy -9.09
153 models [4] recycles 0 hard 1 soft 0 temp 0.00 loss -2.95 i_con 5.15 plddt 0.19 ptm 0.87 i_ptm 0.18 energy -9.09
154 models [4] recycles 0 hard 1 soft 0 temp 0.00 loss -2.95 i_con 5.15 plddt 0.19 ptm 0.87 i_ptm 0.18 energy -9.09
155 models [4] recycles 0 hard 1 soft 0 temp 0.00 loss -2.95 i_con 5.15 plddt 0.19 ptm 0.87 i_ptm 0.18 energy -9.09
156 models [3] recycles 0 hard 1 soft 0 temp 0.00 loss -3.71 i_con 4.40 plddt 0.35 ptm 0.86 i_ptm 0.38 energy -9.09
157 models [4] recycles 0 hard 1 soft 0 temp 0.00 loss -2.95 i_con 5.15 plddt 0.19 ptm 0.87 i_ptm 0.18 energy -9.09
158 models [2] recycles 0 hard 1 soft 0 temp 0.00 loss -2.49 i_con 5.62 plddt 0.25 ptm 0.86 i_ptm 0.21 energy -9.09
159 models [2] recycles 0 hard 1 soft 0 temp 0.00 loss -2.49 i_con 5.62 plddt 0.25 ptm 0.86 i_ptm 0.21 energy -9.09
160 models [4] recycles 0 hard 1 soft 0 temp 0.00 loss -2.95 i_con 5.15 plddt 0.19 ptm 0.87 i_ptm 0.18 energy -9.09
161 models [1] recycles 0 hard 1 soft 0 temp 0.00 loss -2.81 i_con 5.29 plddt 0.23 ptm 0.85 i_ptm 0.15 energy -9.09
162 models [3] recycles 0 hard 1 soft 0 temp 0.00 loss -3.71 i_con 4.40 plddt 0.35 ptm 0.86 i_ptm 0.38 energy -9.09
163 models [1] recycles 0 hard 1 soft 0 temp 0.00 loss -2.81 i_con 5.29 plddt 0.23 ptm 0.85 i_ptm 0.15 energy -9.09
164 models [0] recycles 0 hard 1 soft 0 temp 0.00 loss -3.46 i_con 4.64 plddt 0.22 ptm 0.83 i_ptm 0.17 energy -9.09
165 models [3] recycles 0 hard 1 soft 0 temp 0.00 loss -3.71 i_con 4.40 plddt 0.35 ptm 0.86 i_ptm 0.38 energy -9.09
166 models [3] recycles 0 hard 1 soft 0 temp 0.00 loss -3.71 i_con 4.40 plddt 0.35 ptm 0.86 i_ptm 0.38 energy -9.09
167 models [4] recycles 0 hard 1 soft 0 temp 0.00 loss -2.95 i_con 5.15 plddt 0.19 ptm 0.87 i_ptm 0.18 energy -9.09
168 models [1] recycles 0 hard 1 soft 0 temp 0.00 loss -2.81 i_con 5.29 plddt 0.23 ptm 0.85 i_ptm 0.15 energy -9.09
169 models [3] recycles 0 hard 1 soft 0 temp 0.00 loss -3.71 i_con 4.40 plddt 0.35 ptm 0.86 i_ptm 0.38 energy -9.09
170 models [4] recycles 0 hard 1 soft 0 temp 0.00 loss -2.95 i_con 5.15 plddt 0.19 ptm 0.87 i_ptm 0.18 energy -9.09
171 models [3] recycles 0 hard 1 soft 0 temp 0.00 loss -3.71 i_con 4.40 plddt 0.35 ptm 0.86 i_ptm 0.38 energy -9.09
172 models [0] recycles 0 hard 1 soft 0 temp 0.00 loss -3.46 i_con 4.64 plddt 0.22 ptm 0.83 i_ptm 0.17 energy -9.09
173 models [2] recycles 0 hard 1 soft 0 temp 0.00 loss -2.49 i_con 5.62 plddt 0.25 ptm 0.86 i_ptm 0.21 energy -9.09
174 models [3] recycles 0 hard 1 soft 0 temp 0.00 loss -3.71 i_con 4.40 plddt 0.35 ptm 0.86 i_ptm 0.38 energy -9.09
175 models [4] recycles 0 hard 1 soft 0 temp 0.00 loss -2.95 i_con 5.15 plddt 0.19 ptm 0.87 i_ptm 0.18 energy -9.09
176 models [0] recycles 0 hard 1 soft 0 temp 0.00 loss -3.46 i_con 4.64 plddt 0.22 ptm 0.83 i_ptm 0.17 energy -9.09
177 models [0] recycles 0 hard 1 soft 0 temp 0.00 loss -3.46 i_con 4.64 plddt 0.22 ptm 0.83 i_ptm 0.17 energy -9.09
178 models [1] recycles 0 hard 1 soft 0 temp 0.00 loss -2.81 i_con 5.29 plddt 0.23 ptm 0.85 i_ptm 0.15 energy -9.09
179 models [2] recycles 0 hard 1 soft 0 temp 0.00 loss -2.49 i_con 5.62 plddt 0.25 ptm 0.86 i_ptm 0.21 energy -9.09
180 models [1] recycles 0 hard 1 soft 0 temp 0.00 loss -2.81 i_con 5.29 plddt 0.23 ptm 0.85 i_ptm 0.15 energy -9.09
  seq=AIGGLHEFVNYWPFC  loss=-2.8126  loss_af=5.3644  energy=-9.0857  i_ptm=0.1498
[15/30] seed=14 ...
1 models [4] recycles 0 hard 0 soft 1 temp 1 loss 4.93 i_con 4.48 plddt 0.22 ptm 0.87 i_ptm 0.22 energy 7.41
2 models [1] recycles 0 hard 0 soft 1 temp 1 loss 6.01 i_con 5.57 plddt 0.22 ptm 0.86 i_ptm 0.17 energy 7.25
3 models [4] recycles 0 hard 0 soft 1 temp 1 loss 4.93 i_con 4.50 plddt 0.23 ptm 0.87 i_ptm 0.18 energy 7.00
4 models [2] recycles 0 hard 0 soft 1 temp 1 loss 4.25 i_con 3.85 plddt 0.35 ptm 0.87 i_ptm 0.46 energy 6.72
5 models [0] recycles 0 hard 0 soft 1 temp 1 loss 4.23 i_con 3.86 plddt 0.36 ptm 0.85 i_ptm 0.47 energy 6.12
6 models [3] recycles 0 hard 0 soft 1 temp 1 loss 4.16 i_con 3.83 plddt 0.32 ptm 0.86 i_ptm 0.42 energy 5.31
7 models [0] recycles 0 hard 0 soft 1 temp 1 loss 4.33 i_con 4.03 plddt 0.30 ptm 0.84 i_ptm 0.36 energy 4.47
8 models [2] recycles 0 hard 0 soft 1 temp 1 loss 4.20 i_con 3.93 plddt 0.30 ptm 0.86 i_ptm 0.38 energy 3.90
9 models [1] recycles 0 hard 0 soft 1 temp 1 loss 4.56 i_con 4.31 plddt 0.22 ptm 0.86 i_ptm 0.23 energy 3.46
10 models [2] recycles 0 hard 0 soft 1 temp 1 loss 4.05 i_con 3.82 plddt 0.31 ptm 0.87 i_ptm 0.42 energy 3.24
11 models [0] recycles 0 hard 0 soft 1 temp 1 loss 4.31 i_con 4.11 plddt 0.29 ptm 0.84 i_ptm 0.32 energy 2.72
12 models [4] recycles 0 hard 0 soft 1 temp 1 loss 4.23 i_con 4.03 plddt 0.26 ptm 0.88 i_ptm 0.29 energy 2.46
13 models [3] recycles 0 hard 0 soft 1 temp 1 loss 4.02 i_con 3.83 plddt 0.34 ptm 0.86 i_ptm 0.43 energy 2.30
14 models [2] recycles 0 hard 0 soft 1 temp 1 loss 3.91 i_con 3.74 plddt 0.33 ptm 0.87 i_ptm 0.45 energy 1.96
15 models [4] recycles 0 hard 0 soft 1 temp 1 loss 4.10 i_con 3.94 plddt 0.30 ptm 0.88 i_ptm 0.40 energy 1.73
16 models [1] recycles 0 hard 0 soft 1 temp 1 loss 4.81 i_con 4.66 plddt 0.22 ptm 0.85 i_ptm 0.15 energy 1.40
17 models [0] recycles 0 hard 0 soft 1 temp 1 loss 4.09 i_con 3.97 plddt 0.34 ptm 0.85 i_ptm 0.38 energy 0.98
18 models [1] recycles 0 hard 0 soft 1 temp 1 loss 4.29 i_con 4.17 plddt 0.25 ptm 0.86 i_ptm 0.26 energy 0.82
19 models [3] recycles 0 hard 0 soft 1 temp 1 loss 3.80 i_con 3.71 plddt 0.40 ptm 0.86 i_ptm 0.52 energy 0.65
20 models [3] recycles 0 hard 0 soft 1 temp 1 loss 3.75 i_con 3.67 plddt 0.39 ptm 0.87 i_ptm 0.51 energy 0.43
21 models [0] recycles 0 hard 0 soft 1 temp 1 loss 3.88 i_con 3.82 plddt 0.35 ptm 0.86 i_ptm 0.44 energy -0.07
22 models [0] recycles 0 hard 0 soft 1 temp 1 loss 4.23 i_con 4.18 plddt 0.27 ptm 0.83 i_ptm 0.25 energy -0.48
23 models [0] recycles 0 hard 0 soft 1 temp 1 loss 3.89 i_con 3.85 plddt 0.34 ptm 0.85 i_ptm 0.40 energy -0.57
24 models [1] recycles 0 hard 0 soft 1 temp 1 loss 4.14 i_con 4.10 plddt 0.26 ptm 0.86 i_ptm 0.30 energy -0.64
25 models [4] recycles 0 hard 0 soft 1 temp 1 loss 3.82 i_con 3.80 plddt 0.34 ptm 0.88 i_ptm 0.48 energy -0.95
26 models [1] recycles 0 hard 0 soft 1 temp 1 loss 4.67 i_con 4.66 plddt 0.25 ptm 0.86 i_ptm 0.17 energy -1.31
27 models [3] recycles 0 hard 0 soft 1 temp 1 loss 3.70 i_con 3.71 plddt 0.37 ptm 0.87 i_ptm 0.50 energy -1.49
28 models [1] recycles 0 hard 0 soft 1 temp 1 loss 4.12 i_con 4.11 plddt 0.24 ptm 0.86 i_ptm 0.26 energy -1.29
29 models [4] recycles 0 hard 0 soft 1 temp 1 loss 5.08 i_con 5.06 plddt 0.24 ptm 0.87 i_ptm 0.19 energy -1.12
30 models [0] recycles 0 hard 0 soft 1 temp 1 loss 3.90 i_con 3.89 plddt 0.36 ptm 0.85 i_ptm 0.42 energy -1.18
31 models [3] recycles 0 hard 0 soft 1 temp 1 loss 3.70 i_con 3.71 plddt 0.38 ptm 0.86 i_ptm 0.50 energy -1.44
32 models [2] recycles 0 hard 0 soft 1 temp 1 loss 3.77 i_con 3.78 plddt 0.37 ptm 0.87 i_ptm 0.49 energy -1.46
33 models [4] recycles 0 hard 0 soft 1 temp 1 loss 3.75 i_con 3.78 plddt 0.39 ptm 0.88 i_ptm 0.51 energy -1.76
34 models [2] recycles 0 hard 0 soft 1 temp 1 loss 3.63 i_con 3.66 plddt 0.43 ptm 0.88 i_ptm 0.54 energy -1.86
35 models [2] recycles 0 hard 0 soft 1 temp 1 loss 3.69 i_con 3.73 plddt 0.41 ptm 0.87 i_ptm 0.53 energy -2.00
36 models [4] recycles 0 hard 0 soft 1 temp 1 loss 3.61 i_con 3.65 plddt 0.38 ptm 0.89 i_ptm 0.55 energy -2.23
37 models [1] recycles 0 hard 0 soft 1 temp 1 loss 3.98 i_con 4.02 plddt 0.30 ptm 0.87 i_ptm 0.35 energy -2.27
38 models [1] recycles 0 hard 0 soft 1 temp 1 loss 3.92 i_con 3.97 plddt 0.30 ptm 0.87 i_ptm 0.34 energy -2.30
39 models [2] recycles 0 hard 0 soft 1 temp 1 loss 3.49 i_con 3.55 plddt 0.50 ptm 0.88 i_ptm 0.63 energy -2.20
40 models [4] recycles 0 hard 0 soft 1 temp 1 loss 3.92 i_con 3.96 plddt 0.32 ptm 0.88 i_ptm 0.40 energy -2.18
41 models [4] recycles 0 hard 0 soft 1 temp 1 loss 3.76 i_con 3.80 plddt 0.38 ptm 0.88 i_ptm 0.47 energy -2.21
42 models [3] recycles 0 hard 0 soft 1 temp 1 loss 3.47 i_con 3.53 plddt 0.49 ptm 0.87 i_ptm 0.62 energy -2.23
43 models [0] recycles 0 hard 0 soft 1 temp 1 loss 3.54 i_con 3.60 plddt 0.48 ptm 0.86 i_ptm 0.58 energy -2.17
44 models [3] recycles 0 hard 0 soft 1 temp 1 loss 3.07 i_con 3.14 plddt 0.64 ptm 0.87 i_ptm 0.76 energy -2.16
45 models [4] recycles 0 hard 0 soft 1 temp 1 loss 3.65 i_con 3.70 plddt 0.43 ptm 0.89 i_ptm 0.55 energy -2.15
46 models [3] recycles 0 hard 0 soft 1 temp 1 loss 3.58 i_con 3.63 plddt 0.43 ptm 0.87 i_ptm 0.56 energy -2.19
47 models [1] recycles 0 hard 0 soft 1 temp 1 loss 3.69 i_con 3.74 plddt 0.39 ptm 0.87 i_ptm 0.50 energy -2.20
48 models [3] recycles 0 hard 0 soft 1 temp 1 loss 3.25 i_con 3.32 plddt 0.56 ptm 0.88 i_ptm 0.69 energy -2.28
49 models [3] recycles 0 hard 0 soft 1 temp 1 loss 3.42 i_con 3.48 plddt 0.50 ptm 0.87 i_ptm 0.63 energy -2.27
50 models [4] recycles 0 hard 0 soft 1 temp 1 loss 2.91 i_con 3.00 plddt 0.65 ptm 0.90 i_ptm 0.79 energy -2.37
51 models [1] recycles 0 hard 0 soft 1 temp 1 loss 3.47 i_con 3.65 plddt 0.44 ptm 0.88 i_ptm 0.56 energy -2.39
52 models [2] recycles 0 hard 0 soft 1 temp 1 loss 3.25 i_con 3.45 plddt 0.53 ptm 0.88 i_ptm 0.66 energy -2.51
53 models [1] recycles 0 hard 0 soft 1 temp 1 loss 3.81 i_con 4.00 plddt 0.33 ptm 0.87 i_ptm 0.37 energy -2.57
54 models [1] recycles 0 hard 0 soft 1 temp 1 loss 3.49 i_con 3.67 plddt 0.41 ptm 0.88 i_ptm 0.51 energy -2.45
55 models [4] recycles 0 hard 0 soft 1 temp 1 loss 3.34 i_con 3.55 plddt 0.46 ptm 0.89 i_ptm 0.60 energy -2.61
56 models [2] recycles 0 hard 0 soft 1 temp 1 loss 3.18 i_con 3.41 plddt 0.57 ptm 0.88 i_ptm 0.67 energy -2.77
57 models [3] recycles 0 hard 0 soft 1 temp 1 loss 3.02 i_con 3.25 plddt 0.58 ptm 0.88 i_ptm 0.72 energy -2.71
58 models [0] recycles 0 hard 0 soft 1 temp 1 loss 3.24 i_con 3.48 plddt 0.55 ptm 0.86 i_ptm 0.64 energy -2.88
59 models [1] recycles 0 hard 0 soft 1 temp 1 loss 3.55 i_con 3.79 plddt 0.40 ptm 0.87 i_ptm 0.48 energy -2.98
60 models [3] recycles 0 hard 0 soft 1 temp 1 loss 3.01 i_con 3.27 plddt 0.59 ptm 0.88 i_ptm 0.71 energy -3.01
61 models [0] recycles 0 hard 0 soft 1 temp 1 loss 3.16 i_con 3.40 plddt 0.56 ptm 0.86 i_ptm 0.67 energy -2.90
62 models [1] recycles 0 hard 0 soft 1 temp 1 loss 4.20 i_con 4.40 plddt 0.25 ptm 0.85 i_ptm 0.20 energy -2.81
63 models [0] recycles 0 hard 0 soft 1 temp 1 loss 3.34 i_con 3.58 plddt 0.50 ptm 0.86 i_ptm 0.60 energy -2.88
64 models [3] recycles 0 hard 0 soft 1 temp 1 loss 3.40 i_con 3.65 plddt 0.46 ptm 0.87 i_ptm 0.59 energy -3.03
65 models [2] recycles 0 hard 0 soft 1 temp 1 loss 3.00 i_con 3.27 plddt 0.60 ptm 0.88 i_ptm 0.72 energy -3.08
66 models [1] recycles 0 hard 0 soft 1 temp 1 loss 3.16 i_con 3.42 plddt 0.52 ptm 0.88 i_ptm 0.67 energy -3.07
67 models [3] recycles 0 hard 0 soft 1 temp 1 loss 3.23 i_con 3.48 plddt 0.51 ptm 0.87 i_ptm 0.62 energy -3.05
68 models [0] recycles 0 hard 0 soft 1 temp 1 loss 2.80 i_con 3.08 plddt 0.65 ptm 0.87 i_ptm 0.76 energy -3.08
69 models [4] recycles 0 hard 0 soft 1 temp 1 loss 3.28 i_con 3.54 plddt 0.51 ptm 0.89 i_ptm 0.62 energy -3.13
70 models [4] recycles 0 hard 0 soft 1 temp 1 loss 3.31 i_con 3.59 plddt 0.47 ptm 0.89 i_ptm 0.59 energy -3.26
71 models [1] recycles 0 hard 0 soft 1 temp 1 loss 4.38 i_con 4.64 plddt 0.29 ptm 0.86 i_ptm 0.21 energy -3.35
72 models [4] recycles 0 hard 0 soft 1 temp 1 loss 3.38 i_con 3.67 plddt 0.46 ptm 0.89 i_ptm 0.55 energy -3.44
73 models [1] recycles 0 hard 0 soft 1 temp 1 loss 3.57 i_con 3.85 plddt 0.38 ptm 0.87 i_ptm 0.44 energy -3.47
74 models [3] recycles 0 hard 0 soft 1 temp 1 loss 3.19 i_con 3.48 plddt 0.54 ptm 0.87 i_ptm 0.65 energy -3.29
75 models [4] recycles 0 hard 0 soft 1 temp 1 loss 3.29 i_con 3.56 plddt 0.49 ptm 0.89 i_ptm 0.63 energy -3.30
76 models [4] recycles 0 hard 0 soft 1 temp 1 loss 3.89 i_con 4.18 plddt 0.31 ptm 0.87 i_ptm 0.30 energy -3.56
77 models [4] recycles 0 hard 0 soft 1 temp 1 loss 3.04 i_con 3.33 plddt 0.57 ptm 0.89 i_ptm 0.70 energy -3.41
78 models [4] recycles 0 hard 0 soft 1 temp 1 loss 2.98 i_con 3.29 plddt 0.57 ptm 0.90 i_ptm 0.71 energy -3.52
79 models [1] recycles 0 hard 0 soft 1 temp 1 loss 3.86 i_con 4.12 plddt 0.32 ptm 0.86 i_ptm 0.30 energy -3.35
80 models [2] recycles 0 hard 0 soft 1 temp 1 loss 3.38 i_con 3.66 plddt 0.47 ptm 0.87 i_ptm 0.57 energy -3.30
81 models [3] recycles 0 hard 0 soft 1 temp 1 loss 2.97 i_con 3.29 plddt 0.61 ptm 0.87 i_ptm 0.73 energy -3.55
82 models [1] recycles 0 hard 0 soft 1 temp 1 loss 3.36 i_con 3.65 plddt 0.45 ptm 0.87 i_ptm 0.56 energy -3.41
83 models [4] recycles 0 hard 0 soft 1 temp 1 loss 3.12 i_con 3.41 plddt 0.52 ptm 0.89 i_ptm 0.66 energy -3.42
84 models [0] recycles 0 hard 0 soft 1 temp 1 loss 3.26 i_con 3.54 plddt 0.51 ptm 0.86 i_ptm 0.62 energy -3.38
85 models [3] recycles 0 hard 0 soft 1 temp 1 loss 2.58 i_con 2.89 plddt 0.65 ptm 0.88 i_ptm 0.78 energy -3.48
86 models [1] recycles 0 hard 0 soft 1 temp 1 loss 3.82 i_con 4.11 plddt 0.31 ptm 0.86 i_ptm 0.31 energy -3.57
87 models [1] recycles 0 hard 0 soft 1 temp 1 loss 3.30 i_con 3.58 plddt 0.48 ptm 0.88 i_ptm 0.61 energy -3.33
88 models [4] recycles 0 hard 0 soft 1 temp 1 loss 3.21 i_con 3.50 plddt 0.51 ptm 0.89 i_ptm 0.64 energy -3.39
89 models [0] recycles 0 hard 0 soft 1 temp 1 loss 3.29 i_con 3.58 plddt 0.48 ptm 0.86 i_ptm 0.59 energy -3.41
90 models [1] recycles 0 hard 0 soft 1 temp 1 loss 3.06 i_con 3.35 plddt 0.54 ptm 0.88 i_ptm 0.68 energy -3.39
91 models [1] recycles 0 hard 0 soft 1 temp 1 loss 3.33 i_con 3.63 plddt 0.46 ptm 0.88 i_ptm 0.56 energy -3.54
92 models [4] recycles 0 hard 0 soft 1 temp 1 loss 3.46 i_con 3.74 plddt 0.42 ptm 0.88 i_ptm 0.50 energy -3.36
93 models [4] recycles 0 hard 0 soft 1 temp 1 loss 3.21 i_con 3.50 plddt 0.50 ptm 0.89 i_ptm 0.64 energy -3.39
94 models [3] recycles 0 hard 0 soft 1 temp 1 loss 2.59 i_con 2.92 plddt 0.70 ptm 0.88 i_ptm 0.81 energy -3.59
95 models [4] recycles 0 hard 0 soft 1 temp 1 loss 3.24 i_con 3.56 plddt 0.48 ptm 0.89 i_ptm 0.59 energy -3.76
96 models [1] recycles 0 hard 0 soft 1 temp 1 loss 3.29 i_con 3.64 plddt 0.47 ptm 0.88 i_ptm 0.57 energy -3.97
97 models [4] recycles 0 hard 0 soft 1 temp 1 loss 2.99 i_con 3.34 plddt 0.55 ptm 0.89 i_ptm 0.68 energy -3.92
98 models [0] recycles 0 hard 0 soft 1 temp 1 loss 3.48 i_con 3.81 plddt 0.43 ptm 0.85 i_ptm 0.46 energy -3.93
99 models [2] recycles 0 hard 0 soft 1 temp 1 loss 2.93 i_con 3.27 plddt 0.59 ptm 0.89 i_ptm 0.72 energy -3.86
100 models [3] recycles 0 hard 0 soft 1 temp 1 loss 3.24 i_con 3.58 plddt 0.47 ptm 0.87 i_ptm 0.58 energy -3.93
101 models [2] recycles 0 hard 0 soft 0 temp 1 loss -7.43 i_con 5.09 plddt 0.26 ptm 0.85 i_ptm 0.12 energy -25.19
102 models [2] recycles 0 hard 0 soft 0 temp 0.98 loss -8.00 i_con 4.72 plddt 0.18 ptm 0.12 i_ptm 0.14 energy -25.61
103 models [1] recycles 0 hard 0 soft 0 temp 0.96 loss -7.25 i_con 5.74 plddt 0.27 ptm 0.86 i_ptm 0.17 energy -26.12
104 models [1] recycles 0 hard 0 soft 0 temp 0.94 loss -7.86 i_con 6.10 plddt 0.26 ptm 0.86 i_ptm 0.17 energy -28.06
105 models [3] recycles 0 hard 0 soft 0 temp 0.92 loss -9.79 i_con 5.06 plddt 0.19 ptm 0.27 i_ptm 0.07 energy -29.87
106 models [3] recycles 0 hard 0 soft 0 temp 0.90 loss -9.60 i_con 5.38 plddt 0.16 ptm 0.79 i_ptm 0.08 energy -30.12
107 models [1] recycles 0 hard 0 soft 0 temp 0.88 loss -9.17 i_con 6.03 plddt 0.27 ptm 0.86 i_ptm 0.13 energy -30.54
108 models [2] recycles 0 hard 0 soft 0 temp 0.86 loss -12.91 i_con 3.01 plddt 0.32 ptm 0.31 i_ptm 0.50 energy -31.97
109 models [1] recycles 0 hard 0 soft 0 temp 0.84 loss -10.39 i_con 5.59 plddt 0.21 ptm 0.86 i_ptm 0.11 energy -32.13
110 models [3] recycles 0 hard 0 soft 0 temp 0.82 loss -11.54 i_con 4.35 plddt 0.22 ptm 0.33 i_ptm 0.50 energy -31.92
111 models [1] recycles 0 hard 0 soft 0 temp 0.80 loss -10.01 i_con 6.13 plddt 0.25 ptm 0.86 i_ptm 0.15 energy -32.42
112 models [3] recycles 0 hard 0 soft 0 temp 0.78 loss -12.29 i_con 4.99 plddt 0.17 ptm 0.76 i_ptm 0.07 energy -34.72
113 models [4] recycles 0 hard 0 soft 0 temp 0.76 loss -11.97 i_con 5.64 plddt 0.18 ptm 0.77 i_ptm 0.09 energy -35.40
114 models [1] recycles 0 hard 0 soft 0 temp 0.74 loss -11.80 i_con 6.24 plddt 0.23 ptm 0.86 i_ptm 0.14 energy -36.23
115 models [3] recycles 0 hard 0 soft 0 temp 0.72 loss -13.71 i_con 4.84 plddt 0.17 ptm 0.40 i_ptm 0.13 energy -37.27
116 models [0] recycles 0 hard 0 soft 0 temp 0.70 loss -14.38 i_con 4.89 plddt 0.24 ptm 0.83 i_ptm 0.17 energy -38.68
117 models [1] recycles 0 hard 0 soft 0 temp 0.68 loss -14.16 i_con 6.24 plddt 0.23 ptm 0.86 i_ptm 0.12 energy -40.94
118 models [3] recycles 0 hard 0 soft 0 temp 0.66 loss -15.95 i_con 4.83 plddt 0.20 ptm 0.43 i_ptm 0.09 energy -41.71
119 models [2] recycles 0 hard 0 soft 0 temp 0.64 loss -17.14 i_con 4.59 plddt 0.19 ptm 0.13 i_ptm 0.34 energy -43.61
120 models [2] recycles 0 hard 0 soft 0 temp 0.62 loss -20.31 i_con 1.82 plddt 0.34 ptm 0.44 i_ptm 0.67 energy -44.39
121 models [3] recycles 0 hard 0 soft 0 temp 0.60 loss -17.45 i_con 4.79 plddt 0.16 ptm 0.18 i_ptm 0.37 energy -44.64
122 models [0] recycles 0 hard 0 soft 0 temp 0.58 loss -17.89 i_con 4.63 plddt 0.26 ptm 0.83 i_ptm 0.18 energy -45.18
123 models [3] recycles 0 hard 0 soft 0 temp 0.56 loss -18.73 i_con 4.87 plddt 0.17 ptm 0.25 i_ptm 0.44 energy -47.37
124 models [0] recycles 0 hard 0 soft 0 temp 0.54 loss -19.73 i_con 4.79 plddt 0.26 ptm 0.84 i_ptm 0.14 energy -49.19
125 models [0] recycles 0 hard 0 soft 0 temp 0.52 loss -19.36 i_con 5.64 plddt 0.24 ptm 0.79 i_ptm 0.12 energy -50.16
126 models [3] recycles 0 hard 0 soft 0 temp 0.50 loss -20.30 i_con 4.66 plddt 0.19 ptm 0.14 i_ptm 0.14 energy -50.07
127 models [1] recycles 0 hard 0 soft 0 temp 0.48 loss -18.91 i_con 6.27 plddt 0.27 ptm 0.85 i_ptm 0.15 energy -50.51
128 models [1] recycles 0 hard 0 soft 0 temp 0.46 loss -20.45 i_con 5.73 plddt 0.27 ptm 0.86 i_ptm 0.14 energy -52.51
129 models [4] recycles 0 hard 0 soft 0 temp 0.44 loss -22.39 i_con 4.85 plddt 0.15 ptm 0.11 i_ptm 0.34 energy -54.65
130 models [0] recycles 0 hard 0 soft 0 temp 0.42 loss -23.20 i_con 4.25 plddt 0.28 ptm 0.83 i_ptm 0.25 energy -55.05
131 models [4] recycles 0 hard 0 soft 0 temp 0.40 loss -23.79 i_con 4.69 plddt 0.14 ptm 0.34 i_ptm 0.45 energy -57.13
132 models [0] recycles 0 hard 0 soft 0 temp 0.38 loss -23.65 i_con 5.06 plddt 0.23 ptm 0.82 i_ptm 0.09 energy -57.58
133 models [1] recycles 0 hard 0 soft 0 temp 0.36 loss -23.44 i_con 5.75 plddt 0.21 ptm 0.86 i_ptm 0.14 energy -58.53
134 models [0] recycles 0 hard 0 soft 0 temp 0.34 loss -23.85 i_con 5.89 plddt 0.26 ptm 0.84 i_ptm 0.12 energy -59.65
135 models [3] recycles 0 hard 0 soft 0 temp 0.32 loss -24.48 i_con 5.28 plddt 0.20 ptm 0.86 i_ptm 0.07 energy -59.68
136 models [4] recycles 0 hard 0 soft 0 temp 0.30 loss -23.47 i_con 6.39 plddt 0.19 ptm 0.87 i_ptm 0.11 energy -59.88
137 models [4] recycles 0 hard 0 soft 0 temp 0.28 loss -25.08 i_con 5.80 plddt 0.20 ptm 0.52 i_ptm 0.29 energy -61.91
138 models [3] recycles 0 hard 0 soft 0 temp 0.26 loss -25.34 i_con 5.60 plddt 0.22 ptm 0.86 i_ptm 0.11 energy -62.03
139 models [2] recycles 0 hard 0 soft 0 temp 0.24 loss -28.04 i_con 3.22 plddt 0.31 ptm 0.31 i_ptm 0.61 energy -62.65
140 models [1] recycles 0 hard 0 soft 0 temp 0.22 loss -25.79 i_con 5.59 plddt 0.23 ptm 0.85 i_ptm 0.09 energy -62.91
141 models [1] recycles 0 hard 0 soft 0 temp 0.20 loss -25.61 i_con 6.00 plddt 0.23 ptm 0.86 i_ptm 0.09 energy -63.37
142 models [2] recycles 0 hard 0 soft 0 temp 0.18 loss -27.63 i_con 5.00 plddt 0.21 ptm 0.21 i_ptm 0.34 energy -65.42
143 models [0] recycles 0 hard 0 soft 0 temp 0.16 loss -28.43 i_con 4.36 plddt 0.25 ptm 0.84 i_ptm 0.22 energy -65.74
144 models [3] recycles 0 hard 0 soft 0 temp 0.14 loss -28.19 i_con 4.99 plddt 0.19 ptm 0.69 i_ptm 0.08 energy -66.52
145 models [4] recycles 0 hard 0 soft 0 temp 0.12 loss -28.33 i_con 4.98 plddt 0.15 ptm 0.12 i_ptm 0.07 energy -66.80
146 models [0] recycles 0 hard 0 soft 0 temp 0.10 loss -28.45 i_con 5.66 plddt 0.21 ptm 0.74 i_ptm 0.15 energy -68.37
147 models [1] recycles 0 hard 0 soft 0 temp 0.08 loss -28.45 i_con 5.70 plddt 0.27 ptm 0.85 i_ptm 0.11 energy -68.44
148 models [1] recycles 0 hard 0 soft 0 temp 0.06 loss -28.80 i_con 5.97 plddt 0.25 ptm 0.86 i_ptm 0.10 energy -69.69
149 models [2] recycles 0 hard 0 soft 0 temp 0.04 loss -31.81 i_con 4.04 plddt 0.30 ptm 0.31 i_ptm 0.53 energy -71.84
150 models [4] recycles 0 hard 0 soft 0 temp 0.02 loss -31.01 i_con 4.92 plddt 0.21 ptm 0.87 i_ptm 0.15 energy -72.02
151 models [2] recycles 0 hard 1 soft 0 temp 0.00 loss -0.74 i_con 4.35 plddt 0.45 ptm 0.87 i_ptm 0.48 energy -5.72
152 models [4] recycles 0 hard 1 soft 0 temp 0.00 loss -0.64 i_con 4.44 plddt 0.39 ptm 0.88 i_ptm 0.42 energy -5.72
153 models [3] recycles 0 hard 1 soft 0 temp 0.00 loss -1.69 i_con 3.41 plddt 0.53 ptm 0.88 i_ptm 0.67 energy -5.72
154 models [0] recycles 0 hard 1 soft 0 temp 0.00 loss -1.28 i_con 3.81 plddt 0.39 ptm 0.84 i_ptm 0.45 energy -5.72
155 models [3] recycles 0 hard 1 soft 0 temp 0.00 loss -1.69 i_con 3.41 plddt 0.53 ptm 0.88 i_ptm 0.67 energy -5.72
156 models [2] recycles 0 hard 1 soft 0 temp 0.00 loss -0.74 i_con 4.35 plddt 0.45 ptm 0.87 i_ptm 0.48 energy -5.72
157 models [0] recycles 0 hard 1 soft 0 temp 0.00 loss -1.28 i_con 3.81 plddt 0.39 ptm 0.84 i_ptm 0.45 energy -5.72
158 models [2] recycles 0 hard 1 soft 0 temp 0.00 loss -0.74 i_con 4.35 plddt 0.45 ptm 0.87 i_ptm 0.48 energy -5.72
159 models [1] recycles 0 hard 1 soft 0 temp 0.00 loss 0.53 i_con 5.60 plddt 0.31 ptm 0.86 i_ptm 0.27 energy -5.72
160 models [1] recycles 0 hard 1 soft 0 temp 0.00 loss 0.53 i_con 5.60 plddt 0.31 ptm 0.86 i_ptm 0.27 energy -5.72
161 models [4] recycles 0 hard 1 soft 0 temp 0.00 loss -0.64 i_con 4.44 plddt 0.39 ptm 0.88 i_ptm 0.42 energy -5.72
162 models [3] recycles 0 hard 1 soft 0 temp 0.00 loss -1.69 i_con 3.41 plddt 0.53 ptm 0.88 i_ptm 0.67 energy -5.72
163 models [3] recycles 0 hard 1 soft 0 temp 0.00 loss -1.69 i_con 3.41 plddt 0.53 ptm 0.88 i_ptm 0.67 energy -5.72
164 models [3] recycles 0 hard 1 soft 0 temp 0.00 loss -1.69 i_con 3.41 plddt 0.53 ptm 0.88 i_ptm 0.67 energy -5.72
165 models [4] recycles 0 hard 1 soft 0 temp 0.00 loss -0.64 i_con 4.44 plddt 0.39 ptm 0.88 i_ptm 0.42 energy -5.72
166 models [0] recycles 0 hard 1 soft 0 temp 0.00 loss -1.28 i_con 3.81 plddt 0.39 ptm 0.84 i_ptm 0.45 energy -5.72
167 models [3] recycles 0 hard 1 soft 0 temp 0.00 loss -1.69 i_con 3.41 plddt 0.53 ptm 0.88 i_ptm 0.67 energy -5.72
168 models [4] recycles 0 hard 1 soft 0 temp 0.00 loss -0.64 i_con 4.44 plddt 0.39 ptm 0.88 i_ptm 0.42 energy -5.72
169 models [0] recycles 0 hard 1 soft 0 temp 0.00 loss -1.28 i_con 3.81 plddt 0.39 ptm 0.84 i_ptm 0.45 energy -5.72
170 models [4] recycles 0 hard 1 soft 0 temp 0.00 loss -0.64 i_con 4.44 plddt 0.39 ptm 0.88 i_ptm 0.42 energy -5.72
171 models [4] recycles 0 hard 1 soft 0 temp 0.00 loss -0.64 i_con 4.44 plddt 0.39 ptm 0.88 i_ptm 0.42 energy -5.72
172 models [2] recycles 0 hard 1 soft 0 temp 0.00 loss -0.74 i_con 4.35 plddt 0.45 ptm 0.87 i_ptm 0.48 energy -5.72
173 models [2] recycles 0 hard 1 soft 0 temp 0.00 loss -0.74 i_con 4.35 plddt 0.45 ptm 0.87 i_ptm 0.48 energy -5.72
174 models [3] recycles 0 hard 1 soft 0 temp 0.00 loss -1.69 i_con 3.41 plddt 0.53 ptm 0.88 i_ptm 0.67 energy -5.72
175 models [3] recycles 0 hard 1 soft 0 temp 0.00 loss -1.69 i_con 3.41 plddt 0.53 ptm 0.88 i_ptm 0.67 energy -5.72
176 models [0] recycles 0 hard 1 soft 0 temp 0.00 loss -1.28 i_con 3.81 plddt 0.39 ptm 0.84 i_ptm 0.45 energy -5.72
177 models [1] recycles 0 hard 1 soft 0 temp 0.00 loss 0.53 i_con 5.60 plddt 0.31 ptm 0.86 i_ptm 0.27 energy -5.72
178 models [0] recycles 0 hard 1 soft 0 temp 0.00 loss -1.28 i_con 3.81 plddt 0.39 ptm 0.84 i_ptm 0.45 energy -5.72
179 models [4] recycles 0 hard 1 soft 0 temp 0.00 loss -0.64 i_con 4.44 plddt 0.39 ptm 0.88 i_ptm 0.42 energy -5.72
180 models [4] recycles 0 hard 1 soft 0 temp 0.00 loss -0.64 i_con 4.44 plddt 0.39 ptm 0.88 i_ptm 0.42 energy -5.72
  seq=NHGLKAWVLAWQRFC  loss=-0.6439  loss_af=4.5038  energy=-5.7196  i_ptm=0.4177
[16/30] seed=15 ...
1 models [0] recycles 0 hard 0 soft 1 temp 1 loss 5.48 i_con 5.03 plddt 0.23 ptm 0.84 i_ptm 0.17 energy 7.39
2 models [0] recycles 0 hard 0 soft 1 temp 1 loss 5.09 i_con 4.66 plddt 0.26 ptm 0.83 i_ptm 0.15 energy 7.17
3 models [0] recycles 0 hard 0 soft 1 temp 1 loss 4.43 i_con 4.02 plddt 0.34 ptm 0.85 i_ptm 0.39 energy 6.77
4 models [2] recycles 0 hard 0 soft 1 temp 1 loss 4.16 i_con 3.80 plddt 0.39 ptm 0.87 i_ptm 0.48 energy 6.02
5 models [4] recycles 0 hard 0 soft 1 temp 1 loss 4.23 i_con 3.90 plddt 0.31 ptm 0.88 i_ptm 0.40 energy 5.36
6 models [0] recycles 0 hard 0 soft 1 temp 1 loss 4.36 i_con 4.04 plddt 0.31 ptm 0.85 i_ptm 0.36 energy 4.90
7 models [0] recycles 0 hard 0 soft 1 temp 1 loss 4.22 i_con 3.94 plddt 0.35 ptm 0.85 i_ptm 0.41 energy 4.24
8 models [3] recycles 0 hard 0 soft 1 temp 1 loss 3.99 i_con 3.74 plddt 0.38 ptm 0.86 i_ptm 0.48 energy 3.81
9 models [0] recycles 0 hard 0 soft 1 temp 1 loss 4.20 i_con 3.97 plddt 0.32 ptm 0.84 i_ptm 0.38 energy 3.26
10 models [4] recycles 0 hard 0 soft 1 temp 1 loss 4.04 i_con 3.83 plddt 0.35 ptm 0.88 i_ptm 0.45 energy 2.94
11 models [3] recycles 0 hard 0 soft 1 temp 1 loss 3.93 i_con 3.74 plddt 0.34 ptm 0.86 i_ptm 0.46 energy 2.59
12 models [0] recycles 0 hard 0 soft 1 temp 1 loss 4.22 i_con 4.03 plddt 0.30 ptm 0.84 i_ptm 0.34 energy 2.36
13 models [3] recycles 0 hard 0 soft 1 temp 1 loss 3.94 i_con 3.76 plddt 0.34 ptm 0.86 i_ptm 0.45 energy 2.22
14 models [1] recycles 0 hard 0 soft 1 temp 1 loss 5.43 i_con 5.25 plddt 0.25 ptm 0.86 i_ptm 0.23 energy 2.14
15 models [1] recycles 0 hard 0 soft 1 temp 1 loss 4.24 i_con 4.07 plddt 0.26 ptm 0.86 i_ptm 0.30 energy 2.08
16 models [1] recycles 0 hard 0 soft 1 temp 1 loss 5.12 i_con 4.95 plddt 0.21 ptm 0.86 i_ptm 0.12 energy 1.90
17 models [4] recycles 0 hard 0 soft 1 temp 1 loss 4.19 i_con 4.03 plddt 0.30 ptm 0.88 i_ptm 0.38 energy 1.78
18 models [4] recycles 0 hard 0 soft 1 temp 1 loss 4.73 i_con 4.57 plddt 0.25 ptm 0.86 i_ptm 0.17 energy 1.77
19 models [4] recycles 0 hard 0 soft 1 temp 1 loss 4.02 i_con 3.88 plddt 0.36 ptm 0.87 i_ptm 0.44 energy 1.62
20 models [3] recycles 0 hard 0 soft 1 temp 1 loss 3.85 i_con 3.71 plddt 0.40 ptm 0.86 i_ptm 0.51 energy 1.52
21 models [4] recycles 0 hard 0 soft 1 temp 1 loss 5.62 i_con 5.49 plddt 0.35 ptm 0.87 i_ptm 0.35 energy 1.25
22 models [0] recycles 0 hard 0 soft 1 temp 1 loss 4.93 i_con 4.79 plddt 0.24 ptm 0.82 i_ptm 0.14 energy 1.20
23 models [2] recycles 0 hard 0 soft 1 temp 1 loss 4.09 i_con 3.95 plddt 0.33 ptm 0.86 i_ptm 0.38 energy 1.29
24 models [0] recycles 0 hard 0 soft 1 temp 1 loss 4.34 i_con 4.21 plddt 0.27 ptm 0.83 i_ptm 0.28 energy 1.01
25 models [4] recycles 0 hard 0 soft 1 temp 1 loss 4.00 i_con 3.88 plddt 0.34 ptm 0.88 i_ptm 0.44 energy 1.08
26 models [4] recycles 0 hard 0 soft 1 temp 1 loss 4.07 i_con 3.96 plddt 0.31 ptm 0.88 i_ptm 0.42 energy 0.82
27 models [0] recycles 0 hard 0 soft 1 temp 1 loss 4.04 i_con 3.94 plddt 0.34 ptm 0.85 i_ptm 0.39 energy 0.58
28 models [3] recycles 0 hard 0 soft 1 temp 1 loss 3.85 i_con 3.77 plddt 0.36 ptm 0.87 i_ptm 0.45 energy 0.18
29 models [3] recycles 0 hard 0 soft 1 temp 1 loss 3.81 i_con 3.76 plddt 0.37 ptm 0.86 i_ptm 0.45 energy -0.24
30 models [4] recycles 0 hard 0 soft 1 temp 1 loss 4.97 i_con 4.92 plddt 0.24 ptm 0.86 i_ptm 0.12 energy -0.49
31 models [3] recycles 0 hard 0 soft 1 temp 1 loss 3.87 i_con 3.82 plddt 0.32 ptm 0.86 i_ptm 0.41 energy -0.44
32 models [2] recycles 0 hard 0 soft 1 temp 1 loss 3.79 i_con 3.77 plddt 0.36 ptm 0.87 i_ptm 0.48 energy -0.83
33 models [1] recycles 0 hard 0 soft 1 temp 1 loss 4.63 i_con 4.60 plddt 0.21 ptm 0.85 i_ptm 0.13 energy -0.95
34 models [4] recycles 0 hard 0 soft 1 temp 1 loss 3.93 i_con 3.91 plddt 0.32 ptm 0.88 i_ptm 0.40 energy -1.02
35 models [2] recycles 0 hard 0 soft 1 temp 1 loss 3.74 i_con 3.74 plddt 0.39 ptm 0.88 i_ptm 0.51 energy -1.15
36 models [4] recycles 0 hard 0 soft 1 temp 1 loss 3.77 i_con 3.77 plddt 0.34 ptm 0.88 i_ptm 0.46 energy -1.40
37 models [2] recycles 0 hard 0 soft 1 temp 1 loss 3.84 i_con 3.85 plddt 0.33 ptm 0.86 i_ptm 0.43 energy -1.54
38 models [2] recycles 0 hard 0 soft 1 temp 1 loss 3.68 i_con 3.70 plddt 0.37 ptm 0.87 i_ptm 0.48 energy -1.76
39 models [2] recycles 0 hard 0 soft 1 temp 1 loss 3.77 i_con 3.80 plddt 0.34 ptm 0.87 i_ptm 0.44 energy -1.93
40 models [3] recycles 0 hard 0 soft 1 temp 1 loss 4.01 i_con 4.05 plddt 0.26 ptm 0.85 i_ptm 0.28 energy -2.25
41 models [3] recycles 0 hard 0 soft 1 temp 1 loss 3.79 i_con 3.83 plddt 0.32 ptm 0.86 i_ptm 0.40 energy -2.23
42 models [3] recycles 0 hard 0 soft 1 temp 1 loss 3.68 i_con 3.73 plddt 0.37 ptm 0.87 i_ptm 0.48 energy -2.22
43 models [2] recycles 0 hard 0 soft 1 temp 1 loss 3.76 i_con 3.81 plddt 0.34 ptm 0.87 i_ptm 0.45 energy -2.30
44 models [4] recycles 0 hard 0 soft 1 temp 1 loss 4.55 i_con 4.60 plddt 0.25 ptm 0.87 i_ptm 0.18 energy -2.38
45 models [4] recycles 0 hard 0 soft 1 temp 1 loss 3.72 i_con 3.78 plddt 0.34 ptm 0.88 i_ptm 0.48 energy -2.40
46 models [0] recycles 0 hard 0 soft 1 temp 1 loss 3.94 i_con 3.99 plddt 0.29 ptm 0.84 i_ptm 0.33 energy -2.42
47 models [1] recycles 0 hard 0 soft 1 temp 1 loss 4.36 i_con 4.40 plddt 0.24 ptm 0.86 i_ptm 0.17 energy -2.42
48 models [4] recycles 0 hard 0 soft 1 temp 1 loss 3.75 i_con 3.81 plddt 0.35 ptm 0.88 i_ptm 0.45 energy -2.43
49 models [4] recycles 0 hard 0 soft 1 temp 1 loss 3.61 i_con 3.67 plddt 0.40 ptm 0.89 i_ptm 0.55 energy -2.46
50 models [3] recycles 0 hard 0 soft 1 temp 1 loss 3.68 i_con 3.74 plddt 0.36 ptm 0.87 i_ptm 0.44 energy -2.57
51 models [4] recycles 0 hard 0 soft 1 temp 1 loss 3.58 i_con 3.80 plddt 0.35 ptm 0.88 i_ptm 0.48 energy -2.83
52 models [2] recycles 0 hard 0 soft 1 temp 1 loss 3.53 i_con 3.76 plddt 0.35 ptm 0.87 i_ptm 0.47 energy -2.90
53 models [3] recycles 0 hard 0 soft 1 temp 1 loss 3.64 i_con 3.87 plddt 0.33 ptm 0.86 i_ptm 0.40 energy -3.03
54 models [1] recycles 0 hard 0 soft 1 temp 1 loss 4.94 i_con 5.17 plddt 0.21 ptm 0.85 i_ptm 0.12 energy -3.07
55 models [1] recycles 0 hard 0 soft 1 temp 1 loss 3.80 i_con 4.03 plddt 0.24 ptm 0.86 i_ptm 0.26 energy -3.01
56 models [2] recycles 0 hard 0 soft 1 temp 1 loss 3.47 i_con 3.72 plddt 0.35 ptm 0.87 i_ptm 0.51 energy -3.12
57 models [4] recycles 0 hard 0 soft 1 temp 1 loss 3.41 i_con 3.68 plddt 0.39 ptm 0.89 i_ptm 0.52 energy -3.25
58 models [3] recycles 0 hard 0 soft 1 temp 1 loss 3.49 i_con 3.75 plddt 0.35 ptm 0.86 i_ptm 0.44 energy -3.27
59 models [1] recycles 0 hard 0 soft 1 temp 1 loss 3.72 i_con 3.99 plddt 0.28 ptm 0.87 i_ptm 0.33 energy -3.45
60 models [4] recycles 0 hard 0 soft 1 temp 1 loss 3.37 i_con 3.65 plddt 0.36 ptm 0.89 i_ptm 0.51 energy -3.47
61 models [2] recycles 0 hard 0 soft 1 temp 1 loss 3.44 i_con 3.73 plddt 0.39 ptm 0.87 i_ptm 0.51 energy -3.53
62 models [3] recycles 0 hard 0 soft 1 temp 1 loss 3.37 i_con 3.68 plddt 0.42 ptm 0.87 i_ptm 0.52 energy -3.65
63 models [1] recycles 0 hard 0 soft 1 temp 1 loss 4.28 i_con 4.58 plddt 0.25 ptm 0.86 i_ptm 0.17 energy -3.78
64 models [3] recycles 0 hard 0 soft 1 temp 1 loss 3.54 i_con 3.85 plddt 0.34 ptm 0.86 i_ptm 0.41 energy -3.79
65 models [3] recycles 0 hard 0 soft 1 temp 1 loss 3.41 i_con 3.74 plddt 0.35 ptm 0.87 i_ptm 0.50 energy -3.89
66 models [1] recycles 0 hard 0 soft 1 temp 1 loss 3.71 i_con 4.03 plddt 0.31 ptm 0.87 i_ptm 0.32 energy -3.94
67 models [3] recycles 0 hard 0 soft 1 temp 1 loss 3.38 i_con 3.71 plddt 0.40 ptm 0.87 i_ptm 0.51 energy -3.85
68 models [2] recycles 0 hard 0 soft 1 temp 1 loss 3.45 i_con 3.79 plddt 0.40 ptm 0.86 i_ptm 0.49 energy -4.00
69 models [3] recycles 0 hard 0 soft 1 temp 1 loss 3.69 i_con 4.03 plddt 0.28 ptm 0.85 i_ptm 0.33 energy -4.07
70 models [2] recycles 0 hard 0 soft 1 temp 1 loss 3.47 i_con 3.81 plddt 0.34 ptm 0.87 i_ptm 0.45 energy -4.05
71 models [2] recycles 0 hard 0 soft 1 temp 1 loss 3.32 i_con 3.68 plddt 0.40 ptm 0.88 i_ptm 0.56 energy -4.16
72 models [1] recycles 0 hard 0 soft 1 temp 1 loss 3.60 i_con 3.96 plddt 0.31 ptm 0.86 i_ptm 0.35 energy -4.25
73 models [1] recycles 0 hard 0 soft 1 temp 1 loss 3.69 i_con 4.04 plddt 0.29 ptm 0.86 i_ptm 0.31 energy -4.26
74 models [3] recycles 0 hard 0 soft 1 temp 1 loss 3.33 i_con 3.70 plddt 0.37 ptm 0.87 i_ptm 0.48 energy -4.28
75 models [3] recycles 0 hard 0 soft 1 temp 1 loss 3.34 i_con 3.71 plddt 0.37 ptm 0.87 i_ptm 0.49 energy -4.32
76 models [4] recycles 0 hard 0 soft 1 temp 1 loss 3.39 i_con 3.77 plddt 0.37 ptm 0.89 i_ptm 0.46 energy -4.38
77 models [3] recycles 0 hard 0 soft 1 temp 1 loss 3.35 i_con 3.73 plddt 0.35 ptm 0.87 i_ptm 0.45 energy -4.42
78 models [4] recycles 0 hard 0 soft 1 temp 1 loss 3.05 i_con 3.43 plddt 0.40 ptm 0.89 i_ptm 0.63 energy -4.46
79 models [3] recycles 0 hard 0 soft 1 temp 1 loss 3.38 i_con 3.76 plddt 0.34 ptm 0.86 i_ptm 0.44 energy -4.50
80 models [4] recycles 0 hard 0 soft 1 temp 1 loss 3.34 i_con 3.73 plddt 0.37 ptm 0.89 i_ptm 0.48 energy -4.51
81 models [0] recycles 0 hard 0 soft 1 temp 1 loss 3.46 i_con 3.86 plddt 0.33 ptm 0.85 i_ptm 0.40 energy -4.61
82 models [4] recycles 0 hard 0 soft 1 temp 1 loss 3.29 i_con 3.70 plddt 0.42 ptm 0.88 i_ptm 0.54 energy -4.65
83 models [1] recycles 0 hard 0 soft 1 temp 1 loss 3.52 i_con 3.92 plddt 0.31 ptm 0.86 i_ptm 0.37 energy -4.66
84 models [4] recycles 0 hard 0 soft 1 temp 1 loss 3.26 i_con 3.67 plddt 0.41 ptm 0.89 i_ptm 0.53 energy -4.69
85 models [1] recycles 0 hard 0 soft 1 temp 1 loss 3.54 i_con 3.95 plddt 0.30 ptm 0.87 i_ptm 0.36 energy -4.77
86 models [4] recycles 0 hard 0 soft 1 temp 1 loss 3.24 i_con 3.66 plddt 0.40 ptm 0.88 i_ptm 0.54 energy -4.79
87 models [0] recycles 0 hard 0 soft 1 temp 1 loss 3.48 i_con 3.90 plddt 0.36 ptm 0.84 i_ptm 0.39 energy -4.84
88 models [4] recycles 0 hard 0 soft 1 temp 1 loss 3.25 i_con 3.67 plddt 0.39 ptm 0.89 i_ptm 0.51 energy -4.87
89 models [0] recycles 0 hard 0 soft 1 temp 1 loss 3.36 i_con 3.79 plddt 0.42 ptm 0.84 i_ptm 0.44 energy -4.89
90 models [0] recycles 0 hard 0 soft 1 temp 1 loss 3.42 i_con 3.85 plddt 0.36 ptm 0.85 i_ptm 0.40 energy -4.95
91 models [0] recycles 0 hard 0 soft 1 temp 1 loss 3.45 i_con 3.89 plddt 0.39 ptm 0.85 i_ptm 0.44 energy -5.05
92 models [1] recycles 0 hard 0 soft 1 temp 1 loss 3.63 i_con 4.07 plddt 0.31 ptm 0.86 i_ptm 0.31 energy -5.04
93 models [1] recycles 0 hard 0 soft 1 temp 1 loss 3.90 i_con 4.32 plddt 0.27 ptm 0.86 i_ptm 0.20 energy -5.01
94 models [0] recycles 0 hard 0 soft 1 temp 1 loss 3.36 i_con 3.79 plddt 0.36 ptm 0.84 i_ptm 0.44 energy -4.97
95 models [1] recycles 0 hard 0 soft 1 temp 1 loss 3.33 i_con 3.78 plddt 0.37 ptm 0.87 i_ptm 0.45 energy -5.12
96 models [3] recycles 0 hard 0 soft 1 temp 1 loss 3.25 i_con 3.69 plddt 0.38 ptm 0.86 i_ptm 0.48 energy -5.10
97 models [1] recycles 0 hard 0 soft 1 temp 1 loss 4.27 i_con 4.70 plddt 0.24 ptm 0.85 i_ptm 0.14 energy -5.06
98 models [1] recycles 0 hard 0 soft 1 temp 1 loss 3.47 i_con 3.91 plddt 0.34 ptm 0.87 i_ptm 0.39 energy -5.06
99 models [1] recycles 0 hard 0 soft 1 temp 1 loss 3.50 i_con 3.94 plddt 0.29 ptm 0.86 i_ptm 0.34 energy -5.10
100 models [0] recycles 0 hard 0 soft 1 temp 1 loss 3.32 i_con 3.76 plddt 0.34 ptm 0.85 i_ptm 0.43 energy -5.11
101 models [4] recycles 0 hard 0 soft 0 temp 1 loss -10.42 i_con 3.97 plddt 0.32 ptm 0.88 i_ptm 0.37 energy -28.92
102 models [4] recycles 0 hard 0 soft 0 temp 0.98 loss -11.34 i_con 3.88 plddt 0.31 ptm 0.88 i_ptm 0.43 energy -30.59
103 models [4] recycles 0 hard 0 soft 0 temp 0.96 loss -12.69 i_con 3.72 plddt 0.37 ptm 0.89 i_ptm 0.49 energy -32.94
104 models [0] recycles 0 hard 0 soft 0 temp 0.94 loss -13.54 i_con 3.91 plddt 0.32 ptm 0.85 i_ptm 0.38 energy -35.04
105 models [2] recycles 0 hard 0 soft 0 temp 0.92 loss -14.55 i_con 3.99 plddt 0.34 ptm 0.86 i_ptm 0.38 energy -37.22
106 models [0] recycles 0 hard 0 soft 0 temp 0.90 loss -15.62 i_con 3.96 plddt 0.30 ptm 0.84 i_ptm 0.37 energy -39.29
107 models [2] recycles 0 hard 0 soft 0 temp 0.88 loss -16.75 i_con 3.89 plddt 0.33 ptm 0.86 i_ptm 0.42 energy -41.41
108 models [0] recycles 0 hard 0 soft 0 temp 0.86 loss -17.76 i_con 3.95 plddt 0.32 ptm 0.84 i_ptm 0.35 energy -43.56
109 models [4] recycles 0 hard 0 soft 0 temp 0.84 loss -17.66 i_con 5.08 plddt 0.22 ptm 0.87 i_ptm 0.19 energy -45.63
110 models [1] recycles 0 hard 0 soft 0 temp 0.82 loss -17.70 i_con 5.49 plddt 0.27 ptm 0.85 i_ptm 0.16 energy -46.53
111 models [4] recycles 0 hard 0 soft 0 temp 0.80 loss -19.65 i_con 4.13 plddt 0.26 ptm 0.88 i_ptm 0.31 energy -47.71
112 models [1] recycles 0 hard 0 soft 0 temp 0.78 loss -18.45 i_con 6.12 plddt 0.26 ptm 0.86 i_ptm 0.15 energy -49.29
113 models [0] recycles 0 hard 0 soft 0 temp 0.76 loss -21.39 i_con 4.04 plddt 0.31 ptm 0.84 i_ptm 0.33 energy -51.01
114 models [0] recycles 0 hard 0 soft 0 temp 0.74 loss -22.33 i_con 4.04 plddt 0.28 ptm 0.84 i_ptm 0.32 energy -52.88
115 models [4] recycles 0 hard 0 soft 0 temp 0.72 loss -22.27 i_con 5.09 plddt 0.26 ptm 0.87 i_ptm 0.24 energy -54.85
116 models [2] recycles 0 hard 0 soft 0 temp 0.70 loss -23.94 i_con 4.13 plddt 0.28 ptm 0.86 i_ptm 0.33 energy -56.29
117 models [0] recycles 0 hard 0 soft 0 temp 0.68 loss -24.57 i_con 4.01 plddt 0.28 ptm 0.84 i_ptm 0.34 energy -57.29
118 models [2] recycles 0 hard 0 soft 0 temp 0.66 loss -25.56 i_con 3.97 plddt 0.29 ptm 0.86 i_ptm 0.40 energy -59.21
119 models [4] recycles 0 hard 0 soft 0 temp 0.64 loss -24.78 i_con 5.64 plddt 0.21 ptm 0.87 i_ptm 0.15 energy -61.00
120 models [3] recycles 0 hard 0 soft 0 temp 0.62 loss -26.13 i_con 4.63 plddt 0.22 ptm 0.85 i_ptm 0.14 energy -61.67
121 models [1] recycles 0 hard 0 soft 0 temp 0.60 loss -25.28 i_con 5.73 plddt 0.26 ptm 0.85 i_ptm 0.15 energy -62.16
122 models [2] recycles 0 hard 0 soft 0 temp 0.58 loss -27.64 i_con 3.86 plddt 0.34 ptm 0.87 i_ptm 0.41 energy -63.15
123 models [3] recycles 0 hard 0 soft 0 temp 0.56 loss -27.72 i_con 4.47 plddt 0.22 ptm 0.84 i_ptm 0.18 energy -64.54
124 models [3] recycles 0 hard 0 soft 0 temp 0.54 loss -27.52 i_con 5.12 plddt 0.21 ptm 0.84 i_ptm 0.12 energy -65.43
125 models [2] recycles 0 hard 0 soft 0 temp 0.52 loss -29.09 i_con 3.83 plddt 0.34 ptm 0.87 i_ptm 0.46 energy -65.95
126 models [0] recycles 0 hard 0 soft 0 temp 0.50 loss -29.67 i_con 4.20 plddt 0.28 ptm 0.84 i_ptm 0.24 energy -67.88
127 models [3] recycles 0 hard 0 soft 0 temp 0.48 loss -30.57 i_con 4.06 plddt 0.27 ptm 0.85 i_ptm 0.34 energy -69.41
128 models [4] recycles 0 hard 0 soft 0 temp 0.46 loss -30.57 i_con 4.77 plddt 0.22 ptm 0.87 i_ptm 0.14 energy -70.84
129 models [2] recycles 0 hard 0 soft 0 temp 0.44 loss -32.18 i_con 3.87 plddt 0.36 ptm 0.86 i_ptm 0.43 energy -72.23
130 models [0] recycles 0 hard 0 soft 0 temp 0.42 loss -33.01 i_con 4.07 plddt 0.30 ptm 0.84 i_ptm 0.31 energy -74.31
131 models [2] recycles 0 hard 0 soft 0 temp 0.40 loss -33.29 i_con 4.79 plddt 0.21 ptm 0.85 i_ptm 0.12 energy -76.33
132 models [0] recycles 0 hard 0 soft 0 temp 0.38 loss -34.40 i_con 4.25 plddt 0.25 ptm 0.84 i_ptm 0.24 energy -77.44
133 models [1] recycles 0 hard 0 soft 0 temp 0.36 loss -34.42 i_con 5.06 plddt 0.24 ptm 0.85 i_ptm 0.13 energy -79.11
134 models [3] recycles 0 hard 0 soft 0 temp 0.34 loss -36.06 i_con 4.25 plddt 0.23 ptm 0.85 i_ptm 0.23 energy -80.77
135 models [0] recycles 0 hard 0 soft 0 temp 0.32 loss -35.97 i_con 4.81 plddt 0.23 ptm 0.83 i_ptm 0.14 energy -81.72
136 models [1] recycles 0 hard 0 soft 0 temp 0.30 loss -35.41 i_con 6.09 plddt 0.23 ptm 0.86 i_ptm 0.18 energy -83.17
137 models [3] recycles 0 hard 0 soft 0 temp 0.28 loss -38.03 i_con 4.46 plddt 0.21 ptm 0.85 i_ptm 0.16 energy -85.16
138 models [3] recycles 0 hard 0 soft 0 temp 0.26 loss -37.78 i_con 4.95 plddt 0.23 ptm 0.84 i_ptm 0.15 energy -85.61
139 models [0] recycles 0 hard 0 soft 0 temp 0.24 loss -38.70 i_con 4.60 plddt 0.23 ptm 0.84 i_ptm 0.17 energy -86.76
140 models [2] recycles 0 hard 0 soft 0 temp 0.22 loss -38.89 i_con 5.32 plddt 0.23 ptm 0.85 i_ptm 0.15 energy -88.57
141 models [2] recycles 0 hard 0 soft 0 temp 0.20 loss -40.01 i_con 4.47 plddt 0.22 ptm 0.27 i_ptm 0.25 energy -89.10
142 models [2] recycles 0 hard 0 soft 0 temp 0.18 loss -39.31 i_con 5.20 plddt 0.23 ptm 0.85 i_ptm 0.12 energy -89.16
143 models [3] recycles 0 hard 0 soft 0 temp 0.16 loss -39.36 i_con 5.28 plddt 0.25 ptm 0.84 i_ptm 0.14 energy -89.45
144 models [3] recycles 0 hard 0 soft 0 temp 0.14 loss -39.48 i_con 5.66 plddt 0.22 ptm 0.85 i_ptm 0.13 energy -90.43
145 models [0] recycles 0 hard 0 soft 0 temp 0.12 loss -41.23 i_con 4.75 plddt 0.23 ptm 0.82 i_ptm 0.13 energy -92.10
146 models [0] recycles 0 hard 0 soft 0 temp 0.10 loss -42.03 i_con 4.88 plddt 0.20 ptm 0.83 i_ptm 0.13 energy -93.98
147 models [4] recycles 0 hard 0 soft 0 temp 0.08 loss -42.47 i_con 5.05 plddt 0.19 ptm 0.87 i_ptm 0.11 energy -95.20
148 models [3] recycles 0 hard 0 soft 0 temp 0.06 loss -43.24 i_con 4.47 plddt 0.23 ptm 0.85 i_ptm 0.16 energy -95.58
149 models [1] recycles 0 hard 0 soft 0 temp 0.04 loss -42.29 i_con 5.65 plddt 0.23 ptm 0.85 i_ptm 0.12 energy -96.03
150 models [1] recycles 0 hard 0 soft 0 temp 0.02 loss -43.96 i_con 4.84 plddt 0.23 ptm 0.85 i_ptm 0.09 energy -97.75
151 models [1] recycles 0 hard 1 soft 0 temp 0.00 loss -0.74 i_con 4.62 plddt 0.29 ptm 0.86 i_ptm 0.30 energy -6.03
152 models [1] recycles 0 hard 1 soft 0 temp 0.00 loss -0.74 i_con 4.62 plddt 0.29 ptm 0.86 i_ptm 0.30 energy -6.03
153 models [1] recycles 0 hard 1 soft 0 temp 0.00 loss -0.74 i_con 4.62 plddt 0.29 ptm 0.86 i_ptm 0.30 energy -6.03
154 models [0] recycles 0 hard 1 soft 0 temp 0.00 loss -1.37 i_con 3.98 plddt 0.27 ptm 0.84 i_ptm 0.34 energy -6.03
155 models [0] recycles 0 hard 1 soft 0 temp 0.00 loss -1.37 i_con 3.98 plddt 0.27 ptm 0.84 i_ptm 0.34 energy -6.03
156 models [4] recycles 0 hard 1 soft 0 temp 0.00 loss -0.94 i_con 4.41 plddt 0.26 ptm 0.88 i_ptm 0.30 energy -6.03
157 models [1] recycles 0 hard 1 soft 0 temp 0.00 loss -0.74 i_con 4.62 plddt 0.29 ptm 0.86 i_ptm 0.30 energy -6.03
158 models [4] recycles 0 hard 1 soft 0 temp 0.00 loss -0.94 i_con 4.41 plddt 0.26 ptm 0.88 i_ptm 0.30 energy -6.03
159 models [4] recycles 0 hard 1 soft 0 temp 0.00 loss -0.94 i_con 4.41 plddt 0.26 ptm 0.88 i_ptm 0.30 energy -6.03
160 models [1] recycles 0 hard 1 soft 0 temp 0.00 loss -0.74 i_con 4.62 plddt 0.29 ptm 0.86 i_ptm 0.30 energy -6.03
161 models [2] recycles 0 hard 1 soft 0 temp 0.00 loss -0.97 i_con 4.39 plddt 0.28 ptm 0.86 i_ptm 0.28 energy -6.03
162 models [0] recycles 0 hard 1 soft 0 temp 0.00 loss -1.37 i_con 3.98 plddt 0.27 ptm 0.84 i_ptm 0.34 energy -6.03
163 models [0] recycles 0 hard 1 soft 0 temp 0.00 loss -1.37 i_con 3.98 plddt 0.27 ptm 0.84 i_ptm 0.34 energy -6.03
164 models [2] recycles 0 hard 1 soft 0 temp 0.00 loss -0.97 i_con 4.39 plddt 0.28 ptm 0.86 i_ptm 0.28 energy -6.03
165 models [2] recycles 0 hard 1 soft 0 temp 0.00 loss -0.97 i_con 4.39 plddt 0.28 ptm 0.86 i_ptm 0.28 energy -6.03
166 models [1] recycles 0 hard 1 soft 0 temp 0.00 loss -0.74 i_con 4.62 plddt 0.29 ptm 0.86 i_ptm 0.30 energy -6.03
167 models [3] recycles 0 hard 1 soft 0 temp 0.00 loss -1.05 i_con 4.32 plddt 0.32 ptm 0.86 i_ptm 0.36 energy -6.03
168 models [4] recycles 0 hard 1 soft 0 temp 0.00 loss -0.94 i_con 4.41 plddt 0.26 ptm 0.88 i_ptm 0.30 energy -6.03
169 models [1] recycles 0 hard 1 soft 0 temp 0.00 loss -0.74 i_con 4.62 plddt 0.29 ptm 0.86 i_ptm 0.30 energy -6.03
170 models [4] recycles 0 hard 1 soft 0 temp 0.00 loss -0.94 i_con 4.41 plddt 0.26 ptm 0.88 i_ptm 0.30 energy -6.03
171 models [2] recycles 0 hard 1 soft 0 temp 0.00 loss -0.97 i_con 4.39 plddt 0.28 ptm 0.86 i_ptm 0.28 energy -6.03
172 models [0] recycles 0 hard 1 soft 0 temp 0.00 loss -1.37 i_con 3.98 plddt 0.27 ptm 0.84 i_ptm 0.34 energy -6.03
173 models [0] recycles 0 hard 1 soft 0 temp 0.00 loss -1.37 i_con 3.98 plddt 0.27 ptm 0.84 i_ptm 0.34 energy -6.03
174 models [3] recycles 0 hard 1 soft 0 temp 0.00 loss -1.05 i_con 4.32 plddt 0.32 ptm 0.86 i_ptm 0.36 energy -6.03
175 models [4] recycles 0 hard 1 soft 0 temp 0.00 loss -0.94 i_con 4.41 plddt 0.26 ptm 0.88 i_ptm 0.30 energy -6.03
176 models [4] recycles 0 hard 1 soft 0 temp 0.00 loss -0.94 i_con 4.41 plddt 0.26 ptm 0.88 i_ptm 0.30 energy -6.03
177 models [4] recycles 0 hard 1 soft 0 temp 0.00 loss -0.94 i_con 4.41 plddt 0.26 ptm 0.88 i_ptm 0.30 energy -6.03
178 models [3] recycles 0 hard 1 soft 0 temp 0.00 loss -1.05 i_con 4.32 plddt 0.32 ptm 0.86 i_ptm 0.36 energy -6.03
179 models [4] recycles 0 hard 1 soft 0 temp 0.00 loss -0.94 i_con 4.41 plddt 0.26 ptm 0.88 i_ptm 0.30 energy -6.03
180 models [3] recycles 0 hard 1 soft 0 temp 0.00 loss -1.05 i_con 4.32 plddt 0.32 ptm 0.86 i_ptm 0.36 energy -6.03
  seq=AWWLAQFHSNHQGFG  loss=-1.0453  loss_af=4.3852  energy=-6.0338  i_ptm=0.3591
[17/30] seed=16 ...
1 models [3] recycles 0 hard 0 soft 1 temp 1 loss 4.94 i_con 4.50 plddt 0.28 ptm 0.84 i_ptm 0.27 energy 7.40
2 models [0] recycles 0 hard 0 soft 1 temp 1 loss 4.95 i_con 4.53 plddt 0.24 ptm 0.83 i_ptm 0.19 energy 6.75
3 models [2] recycles 0 hard 0 soft 1 temp 1 loss 4.57 i_con 4.17 plddt 0.28 ptm 0.86 i_ptm 0.31 energy 6.38
4 models [0] recycles 0 hard 0 soft 1 temp 1 loss 4.72 i_con 4.34 plddt 0.26 ptm 0.84 i_ptm 0.26 energy 6.13
5 models [1] recycles 0 hard 0 soft 1 temp 1 loss 4.88 i_con 4.52 plddt 0.22 ptm 0.86 i_ptm 0.18 energy 5.67
6 models [3] recycles 0 hard 0 soft 1 temp 1 loss 4.44 i_con 4.09 plddt 0.28 ptm 0.84 i_ptm 0.30 energy 5.52
7 models [3] recycles 0 hard 0 soft 1 temp 1 loss 4.13 i_con 3.79 plddt 0.35 ptm 0.86 i_ptm 0.44 energy 5.40
8 models [4] recycles 0 hard 0 soft 1 temp 1 loss 4.25 i_con 3.94 plddt 0.29 ptm 0.88 i_ptm 0.41 energy 4.85
9 models [3] recycles 0 hard 0 soft 1 temp 1 loss 4.15 i_con 3.87 plddt 0.31 ptm 0.86 i_ptm 0.39 energy 4.41
10 models [2] recycles 0 hard 0 soft 1 temp 1 loss 4.04 i_con 3.76 plddt 0.34 ptm 0.87 i_ptm 0.44 energy 4.21
11 models [3] recycles 0 hard 0 soft 1 temp 1 loss 4.12 i_con 3.86 plddt 0.32 ptm 0.86 i_ptm 0.40 energy 3.81
12 models [4] recycles 0 hard 0 soft 1 temp 1 loss 4.26 i_con 4.02 plddt 0.30 ptm 0.88 i_ptm 0.36 energy 3.36
13 models [0] recycles 0 hard 0 soft 1 temp 1 loss 4.39 i_con 4.16 plddt 0.27 ptm 0.84 i_ptm 0.28 energy 3.08
14 models [2] recycles 0 hard 0 soft 1 temp 1 loss 3.91 i_con 3.71 plddt 0.36 ptm 0.87 i_ptm 0.45 energy 2.75
15 models [0] recycles 0 hard 0 soft 1 temp 1 loss 4.27 i_con 4.09 plddt 0.29 ptm 0.84 i_ptm 0.31 energy 2.25
16 models [1] recycles 0 hard 0 soft 1 temp 1 loss 4.29 i_con 4.13 plddt 0.27 ptm 0.86 i_ptm 0.31 energy 1.86
17 models [4] recycles 0 hard 0 soft 1 temp 1 loss 4.03 i_con 3.88 plddt 0.32 ptm 0.88 i_ptm 0.45 energy 1.50
18 models [0] recycles 0 hard 0 soft 1 temp 1 loss 4.31 i_con 4.18 plddt 0.30 ptm 0.85 i_ptm 0.30 energy 1.18
19 models [4] recycles 0 hard 0 soft 1 temp 1 loss 4.07 i_con 3.96 plddt 0.31 ptm 0.88 i_ptm 0.39 energy 0.74
20 models [3] recycles 0 hard 0 soft 1 temp 1 loss 3.81 i_con 3.72 plddt 0.34 ptm 0.86 i_ptm 0.46 energy 0.39
21 models [3] recycles 0 hard 0 soft 1 temp 1 loss 3.75 i_con 3.70 plddt 0.38 ptm 0.86 i_ptm 0.47 energy -0.21
22 models [1] recycles 0 hard 0 soft 1 temp 1 loss 3.97 i_con 3.92 plddt 0.27 ptm 0.87 i_ptm 0.35 energy -0.59
23 models [3] recycles 0 hard 0 soft 1 temp 1 loss 3.75 i_con 3.73 plddt 0.37 ptm 0.86 i_ptm 0.46 energy -1.03
24 models [3] recycles 0 hard 0 soft 1 temp 1 loss 3.80 i_con 3.81 plddt 0.36 ptm 0.86 i_ptm 0.45 energy -1.46
25 models [0] recycles 0 hard 0 soft 1 temp 1 loss 3.95 i_con 3.98 plddt 0.34 ptm 0.85 i_ptm 0.36 energy -1.78
26 models [1] recycles 0 hard 0 soft 1 temp 1 loss 4.17 i_con 4.20 plddt 0.26 ptm 0.86 i_ptm 0.26 energy -2.13
27 models [4] recycles 0 hard 0 soft 1 temp 1 loss 3.78 i_con 3.82 plddt 0.34 ptm 0.87 i_ptm 0.44 energy -2.07
28 models [0] recycles 0 hard 0 soft 1 temp 1 loss 3.82 i_con 3.87 plddt 0.35 ptm 0.85 i_ptm 0.40 energy -2.33
29 models [3] recycles 0 hard 0 soft 1 temp 1 loss 3.71 i_con 3.78 plddt 0.37 ptm 0.86 i_ptm 0.45 energy -2.53
30 models [1] recycles 0 hard 0 soft 1 temp 1 loss 3.92 i_con 3.98 plddt 0.30 ptm 0.86 i_ptm 0.34 energy -2.67
31 models [4] recycles 0 hard 0 soft 1 temp 1 loss 3.57 i_con 3.65 plddt 0.39 ptm 0.89 i_ptm 0.50 energy -2.73
32 models [0] recycles 0 hard 0 soft 1 temp 1 loss 3.83 i_con 3.91 plddt 0.36 ptm 0.85 i_ptm 0.41 energy -2.87
33 models [0] recycles 0 hard 0 soft 1 temp 1 loss 3.83 i_con 3.91 plddt 0.33 ptm 0.85 i_ptm 0.38 energy -2.96
34 models [4] recycles 0 hard 0 soft 1 temp 1 loss 3.67 i_con 3.76 plddt 0.37 ptm 0.89 i_ptm 0.47 energy -3.08
35 models [0] recycles 0 hard 0 soft 1 temp 1 loss 3.80 i_con 3.88 plddt 0.34 ptm 0.84 i_ptm 0.39 energy -3.09
36 models [4] recycles 0 hard 0 soft 1 temp 1 loss 3.69 i_con 3.78 plddt 0.37 ptm 0.88 i_ptm 0.47 energy -3.15
37 models [4] recycles 0 hard 0 soft 1 temp 1 loss 3.67 i_con 3.77 plddt 0.37 ptm 0.88 i_ptm 0.47 energy -3.25
38 models [2] recycles 0 hard 0 soft 1 temp 1 loss 3.60 i_con 3.70 plddt 0.38 ptm 0.87 i_ptm 0.50 energy -3.30
39 models [1] recycles 0 hard 0 soft 1 temp 1 loss 3.66 i_con 3.76 plddt 0.33 ptm 0.86 i_ptm 0.43 energy -3.29
40 models [4] recycles 0 hard 0 soft 1 temp 1 loss 3.61 i_con 3.72 plddt 0.37 ptm 0.88 i_ptm 0.48 energy -3.34
41 models [2] recycles 0 hard 0 soft 1 temp 1 loss 3.55 i_con 3.66 plddt 0.38 ptm 0.87 i_ptm 0.53 energy -3.42
42 models [3] recycles 0 hard 0 soft 1 temp 1 loss 4.51 i_con 4.62 plddt 0.29 ptm 0.85 i_ptm 0.25 energy -3.44
43 models [4] recycles 0 hard 0 soft 1 temp 1 loss 3.64 i_con 3.75 plddt 0.36 ptm 0.88 i_ptm 0.48 energy -3.48
44 models [4] recycles 0 hard 0 soft 1 temp 1 loss 4.57 i_con 4.68 plddt 0.33 ptm 0.86 i_ptm 0.24 energy -3.50
45 models [0] recycles 0 hard 0 soft 1 temp 1 loss 3.86 i_con 3.97 plddt 0.35 ptm 0.84 i_ptm 0.37 energy -3.47
46 models [0] recycles 0 hard 0 soft 1 temp 1 loss 3.71 i_con 3.82 plddt 0.39 ptm 0.84 i_ptm 0.43 energy -3.54
47 models [0] recycles 0 hard 0 soft 1 temp 1 loss 3.77 i_con 3.88 plddt 0.34 ptm 0.85 i_ptm 0.40 energy -3.57
48 models [0] recycles 0 hard 0 soft 1 temp 1 loss 3.73 i_con 3.85 plddt 0.37 ptm 0.84 i_ptm 0.40 energy -3.63
49 models [2] recycles 0 hard 0 soft 1 temp 1 loss 3.54 i_con 3.67 plddt 0.43 ptm 0.87 i_ptm 0.53 energy -3.66
50 models [0] recycles 0 hard 0 soft 1 temp 1 loss 3.72 i_con 3.85 plddt 0.37 ptm 0.84 i_ptm 0.41 energy -3.71
51 models [2] recycles 0 hard 0 soft 1 temp 1 loss 3.40 i_con 3.72 plddt 0.40 ptm 0.87 i_ptm 0.48 energy -3.77
52 models [4] recycles 0 hard 0 soft 1 temp 1 loss 3.34 i_con 3.66 plddt 0.41 ptm 0.89 i_ptm 0.50 energy -3.79
53 models [2] recycles 0 hard 0 soft 1 temp 1 loss 3.36 i_con 3.69 plddt 0.36 ptm 0.87 i_ptm 0.50 energy -3.92
54 models [0] recycles 0 hard 0 soft 1 temp 1 loss 3.56 i_con 3.90 plddt 0.35 ptm 0.84 i_ptm 0.39 energy -3.98
55 models [2] recycles 0 hard 0 soft 1 temp 1 loss 3.34 i_con 3.69 plddt 0.38 ptm 0.87 i_ptm 0.50 energy -4.07
56 models [0] recycles 0 hard 0 soft 1 temp 1 loss 3.60 i_con 3.95 plddt 0.34 ptm 0.84 i_ptm 0.38 energy -4.16
57 models [0] recycles 0 hard 0 soft 1 temp 1 loss 3.52 i_con 3.88 plddt 0.38 ptm 0.85 i_ptm 0.42 energy -4.25
58 models [4] recycles 0 hard 0 soft 1 temp 1 loss 3.17 i_con 3.55 plddt 0.45 ptm 0.89 i_ptm 0.57 energy -4.35
59 models [3] recycles 0 hard 0 soft 1 temp 1 loss 3.34 i_con 3.72 plddt 0.38 ptm 0.86 i_ptm 0.47 energy -4.36
60 models [3] recycles 0 hard 0 soft 1 temp 1 loss 3.33 i_con 3.70 plddt 0.38 ptm 0.87 i_ptm 0.50 energy -4.34
61 models [4] recycles 0 hard 0 soft 1 temp 1 loss 3.27 i_con 3.65 plddt 0.44 ptm 0.89 i_ptm 0.54 energy -4.39
62 models [3] recycles 0 hard 0 soft 1 temp 1 loss 3.25 i_con 3.64 plddt 0.45 ptm 0.86 i_ptm 0.54 energy -4.46
63 models [4] recycles 0 hard 0 soft 1 temp 1 loss 3.23 i_con 3.63 plddt 0.40 ptm 0.89 i_ptm 0.53 energy -4.51
64 models [4] recycles 0 hard 0 soft 1 temp 1 loss 3.23 i_con 3.63 plddt 0.44 ptm 0.89 i_ptm 0.53 energy -4.58
65 models [1] recycles 0 hard 0 soft 1 temp 1 loss 3.42 i_con 3.82 plddt 0.38 ptm 0.87 i_ptm 0.45 energy -4.65
66 models [1] recycles 0 hard 0 soft 1 temp 1 loss 3.45 i_con 3.85 plddt 0.33 ptm 0.87 i_ptm 0.41 energy -4.74
67 models [0] recycles 0 hard 0 soft 1 temp 1 loss 3.41 i_con 3.84 plddt 0.38 ptm 0.85 i_ptm 0.43 energy -4.85
68 models [1] recycles 0 hard 0 soft 1 temp 1 loss 3.21 i_con 3.65 plddt 0.43 ptm 0.88 i_ptm 0.53 energy -4.95
69 models [3] recycles 0 hard 0 soft 1 temp 1 loss 3.10 i_con 3.54 plddt 0.45 ptm 0.87 i_ptm 0.56 energy -4.97
70 models [4] recycles 0 hard 0 soft 1 temp 1 loss 3.18 i_con 3.61 plddt 0.44 ptm 0.89 i_ptm 0.54 energy -4.90
71 models [4] recycles 0 hard 0 soft 1 temp 1 loss 3.16 i_con 3.61 plddt 0.45 ptm 0.88 i_ptm 0.54 energy -5.06
72 models [3] recycles 0 hard 0 soft 1 temp 1 loss 2.91 i_con 3.38 plddt 0.53 ptm 0.87 i_ptm 0.62 energy -5.12
73 models [2] recycles 0 hard 0 soft 1 temp 1 loss 3.24 i_con 3.70 plddt 0.44 ptm 0.87 i_ptm 0.50 energy -5.18
74 models [1] recycles 0 hard 0 soft 1 temp 1 loss 3.38 i_con 3.84 plddt 0.33 ptm 0.87 i_ptm 0.42 energy -5.28
75 models [0] recycles 0 hard 0 soft 1 temp 1 loss 3.28 i_con 3.75 plddt 0.43 ptm 0.85 i_ptm 0.48 energy -5.30
76 models [1] recycles 0 hard 0 soft 1 temp 1 loss 3.53 i_con 4.00 plddt 0.31 ptm 0.86 i_ptm 0.34 energy -5.41
77 models [2] recycles 0 hard 0 soft 1 temp 1 loss 3.22 i_con 3.69 plddt 0.41 ptm 0.87 i_ptm 0.51 energy -5.28
78 models [3] recycles 0 hard 0 soft 1 temp 1 loss 2.84 i_con 3.34 plddt 0.51 ptm 0.88 i_ptm 0.62 energy -5.52
79 models [4] recycles 0 hard 0 soft 1 temp 1 loss 3.32 i_con 3.80 plddt 0.35 ptm 0.88 i_ptm 0.45 energy -5.48
80 models [3] recycles 0 hard 0 soft 1 temp 1 loss 3.19 i_con 3.67 plddt 0.42 ptm 0.86 i_ptm 0.51 energy -5.40
81 models [2] recycles 0 hard 0 soft 1 temp 1 loss 3.07 i_con 3.57 plddt 0.48 ptm 0.87 i_ptm 0.56 energy -5.43
82 models [1] recycles 0 hard 0 soft 1 temp 1 loss 3.51 i_con 4.00 plddt 0.34 ptm 0.86 i_ptm 0.36 energy -5.51
83 models [3] recycles 0 hard 0 soft 1 temp 1 loss 3.19 i_con 3.69 plddt 0.42 ptm 0.86 i_ptm 0.51 energy -5.52
84 models [3] recycles 0 hard 0 soft 1 temp 1 loss 3.20 i_con 3.70 plddt 0.44 ptm 0.86 i_ptm 0.51 energy -5.57
85 models [0] recycles 0 hard 0 soft 1 temp 1 loss 3.42 i_con 3.92 plddt 0.34 ptm 0.85 i_ptm 0.38 energy -5.67
86 models [1] recycles 0 hard 0 soft 1 temp 1 loss 3.31 i_con 3.82 plddt 0.35 ptm 0.87 i_ptm 0.46 energy -5.77
87 models [4] recycles 0 hard 0 soft 1 temp 1 loss 3.21 i_con 3.73 plddt 0.36 ptm 0.89 i_ptm 0.48 energy -5.88
88 models [0] recycles 0 hard 0 soft 1 temp 1 loss 3.04 i_con 3.59 plddt 0.47 ptm 0.86 i_ptm 0.54 energy -6.04
89 models [3] recycles 0 hard 0 soft 1 temp 1 loss 2.90 i_con 3.46 plddt 0.49 ptm 0.87 i_ptm 0.59 energy -6.14
90 models [1] recycles 0 hard 0 soft 1 temp 1 loss 3.42 i_con 3.96 plddt 0.36 ptm 0.87 i_ptm 0.39 energy -6.13
91 models [0] recycles 0 hard 0 soft 1 temp 1 loss 3.65 i_con 4.20 plddt 0.32 ptm 0.84 i_ptm 0.26 energy -6.10
92 models [3] recycles 0 hard 0 soft 1 temp 1 loss 3.03 i_con 3.59 plddt 0.47 ptm 0.87 i_ptm 0.55 energy -6.07
93 models [0] recycles 0 hard 0 soft 1 temp 1 loss 3.46 i_con 4.01 plddt 0.35 ptm 0.84 i_ptm 0.34 energy -6.15
94 models [0] recycles 0 hard 0 soft 1 temp 1 loss 3.16 i_con 3.73 plddt 0.47 ptm 0.85 i_ptm 0.53 energy -6.20
95 models [4] recycles 0 hard 0 soft 1 temp 1 loss 3.13 i_con 3.70 plddt 0.43 ptm 0.88 i_ptm 0.51 energy -6.24
96 models [1] recycles 0 hard 0 soft 1 temp 1 loss 3.72 i_con 4.29 plddt 0.28 ptm 0.85 i_ptm 0.20 energy -6.40
97 models [3] recycles 0 hard 0 soft 1 temp 1 loss 2.97 i_con 3.57 plddt 0.47 ptm 0.87 i_ptm 0.59 energy -6.45
98 models [1] recycles 0 hard 0 soft 1 temp 1 loss 3.32 i_con 3.89 plddt 0.36 ptm 0.87 i_ptm 0.43 energy -6.38
99 models [1] recycles 0 hard 0 soft 1 temp 1 loss 3.35 i_con 3.93 plddt 0.34 ptm 0.87 i_ptm 0.40 energy -6.41
100 models [3] recycles 0 hard 0 soft 1 temp 1 loss 2.86 i_con 3.46 plddt 0.51 ptm 0.87 i_ptm 0.60 energy -6.48
101 models [2] recycles 0 hard 0 soft 0 temp 1 loss -10.58 i_con 5.70 plddt 0.21 ptm 0.83 i_ptm 0.08 energy -32.71
102 models [2] recycles 0 hard 0 soft 0 temp 0.98 loss -11.05 i_con 5.52 plddt 0.23 ptm 0.85 i_ptm 0.12 energy -33.30
103 models [4] recycles 0 hard 0 soft 0 temp 0.96 loss -11.20 i_con 6.06 plddt 0.18 ptm 0.86 i_ptm 0.09 energy -34.68
104 models [0] recycles 0 hard 0 soft 0 temp 0.94 loss -13.02 i_con 4.46 plddt 0.24 ptm 0.83 i_ptm 0.19 energy -35.10
105 models [4] recycles 0 hard 0 soft 0 temp 0.92 loss -13.42 i_con 5.17 plddt 0.19 ptm 0.14 i_ptm 0.06 energy -37.34
106 models [0] recycles 0 hard 0 soft 0 temp 0.90 loss -14.77 i_con 4.41 plddt 0.27 ptm 0.83 i_ptm 0.20 energy -38.49
107 models [4] recycles 0 hard 0 soft 0 temp 0.88 loss -14.83 i_con 5.45 plddt 0.23 ptm 0.87 i_ptm 0.21 energy -40.72
108 models [2] recycles 0 hard 0 soft 0 temp 0.86 loss -16.32 i_con 5.18 plddt 0.23 ptm 0.84 i_ptm 0.11 energy -43.15
109 models [2] recycles 0 hard 0 soft 0 temp 0.84 loss -16.75 i_con 5.40 plddt 0.25 ptm 0.85 i_ptm 0.11 energy -44.44
110 models [0] recycles 0 hard 0 soft 0 temp 0.82 loss -18.67 i_con 4.20 plddt 0.26 ptm 0.84 i_ptm 0.29 energy -45.87
111 models [1] recycles 0 hard 0 soft 0 temp 0.80 loss -18.84 i_con 5.22 plddt 0.26 ptm 0.85 i_ptm 0.11 energy -48.27
112 models [4] recycles 0 hard 0 soft 0 temp 0.78 loss -19.56 i_con 5.77 plddt 0.20 ptm 0.87 i_ptm 0.12 energy -50.81
113 models [3] recycles 0 hard 0 soft 0 temp 0.76 loss -21.85 i_con 4.55 plddt 0.24 ptm 0.85 i_ptm 0.19 energy -52.95
114 models [0] recycles 0 hard 0 soft 0 temp 0.74 loss -23.15 i_con 4.39 plddt 0.24 ptm 0.83 i_ptm 0.19 energy -55.24
115 models [2] recycles 0 hard 0 soft 0 temp 0.72 loss -23.74 i_con 5.02 plddt 0.21 ptm 0.13 i_ptm 0.08 energy -57.67
116 models [0] recycles 0 hard 0 soft 0 temp 0.70 loss -24.94 i_con 4.32 plddt 0.30 ptm 0.84 i_ptm 0.22 energy -58.66
117 models [3] recycles 0 hard 0 soft 0 temp 0.68 loss -25.54 i_con 4.77 plddt 0.26 ptm 0.85 i_ptm 0.23 energy -60.78
118 models [2] recycles 0 hard 0 soft 0 temp 0.66 loss -25.76 i_con 5.80 plddt 0.23 ptm 0.85 i_ptm 0.11 energy -63.27
119 models [2] recycles 0 hard 0 soft 0 temp 0.64 loss -27.41 i_con 5.37 plddt 0.22 ptm 0.85 i_ptm 0.11 energy -65.73
120 models [0] recycles 0 hard 0 soft 0 temp 0.62 loss -28.64 i_con 4.64 plddt 0.22 ptm 0.84 i_ptm 0.13 energy -66.73
121 models [4] recycles 0 hard 0 soft 0 temp 0.60 loss -29.43 i_con 4.85 plddt 0.21 ptm 0.87 i_ptm 0.13 energy -68.72
122 models [1] recycles 0 hard 0 soft 0 temp 0.58 loss -28.40 i_con 6.28 plddt 0.25 ptm 0.86 i_ptm 0.13 energy -69.50
123 models [1] recycles 0 hard 0 soft 0 temp 0.56 loss -29.00 i_con 6.23 plddt 0.26 ptm 0.86 i_ptm 0.13 energy -70.61
124 models [2] recycles 0 hard 0 soft 0 temp 0.54 loss -30.26 i_con 5.97 plddt 0.23 ptm 0.83 i_ptm 0.10 energy -72.62
125 models [2] recycles 0 hard 0 soft 0 temp 0.52 loss -33.26 i_con 3.11 plddt 0.22 ptm 0.49 i_ptm 0.58 energy -72.89
126 models [0] recycles 0 hard 0 soft 0 temp 0.50 loss -31.62 i_con 4.86 plddt 0.25 ptm 0.83 i_ptm 0.19 energy -73.11
127 models [2] recycles 0 hard 0 soft 0 temp 0.48 loss -32.42 i_con 4.94 plddt 0.23 ptm 0.77 i_ptm 0.09 energy -74.86
128 models [3] recycles 0 hard 0 soft 0 temp 0.46 loss -31.91 i_con 5.58 plddt 0.21 ptm 0.83 i_ptm 0.10 energy -75.14
129 models [0] recycles 0 hard 0 soft 0 temp 0.44 loss -32.79 i_con 4.83 plddt 0.25 ptm 0.82 i_ptm 0.11 energy -75.39
130 models [0] recycles 0 hard 0 soft 0 temp 0.42 loss -32.96 i_con 4.95 plddt 0.26 ptm 0.84 i_ptm 0.16 energy -75.97
131 models [1] recycles 0 hard 0 soft 0 temp 0.40 loss -32.45 i_con 6.58 plddt 0.26 ptm 0.85 i_ptm 0.15 energy -78.20
132 models [4] recycles 0 hard 0 soft 0 temp 0.38 loss -34.22 i_con 5.95 plddt 0.20 ptm 0.87 i_ptm 0.13 energy -80.49
133 models [2] recycles 0 hard 0 soft 0 temp 0.36 loss -35.77 i_con 5.14 plddt 0.24 ptm 0.84 i_ptm 0.12 energy -81.98
134 models [2] recycles 0 hard 0 soft 0 temp 0.34 loss -36.61 i_con 5.18 plddt 0.24 ptm 0.85 i_ptm 0.13 energy -83.73
135 models [0] recycles 0 hard 0 soft 0 temp 0.32 loss -37.02 i_con 5.12 plddt 0.22 ptm 0.83 i_ptm 0.15 energy -84.43
136 models [3] recycles 0 hard 0 soft 0 temp 0.30 loss -38.12 i_con 4.57 plddt 0.24 ptm 0.85 i_ptm 0.23 energy -85.54
137 models [1] recycles 0 hard 0 soft 0 temp 0.28 loss -37.92 i_con 5.94 plddt 0.25 ptm 0.85 i_ptm 0.14 energy -87.87
138 models [2] recycles 0 hard 0 soft 0 temp 0.26 loss -39.94 i_con 5.09 plddt 0.25 ptm 0.86 i_ptm 0.16 energy -90.20
139 models [4] recycles 0 hard 0 soft 0 temp 0.24 loss -39.73 i_con 5.76 plddt 0.21 ptm 0.87 i_ptm 0.14 energy -91.12
140 models [0] recycles 0 hard 0 soft 0 temp 0.22 loss -41.06 i_con 5.56 plddt 0.26 ptm 0.67 i_ptm 0.08 energy -93.39
141 models [1] recycles 0 hard 0 soft 0 temp 0.20 loss -40.80 i_con 6.25 plddt 0.27 ptm 0.86 i_ptm 0.15 energy -94.26
142 models [0] recycles 0 hard 0 soft 0 temp 0.18 loss -42.51 i_con 5.61 plddt 0.18 ptm 0.83 i_ptm 0.11 energy -96.39
143 models [2] recycles 0 hard 0 soft 0 temp 0.16 loss -43.60 i_con 5.45 plddt 0.22 ptm 0.86 i_ptm 0.12 energy -98.26
144 models [4] recycles 0 hard 0 soft 0 temp 0.14 loss -43.71 i_con 5.86 plddt 0.20 ptm 0.87 i_ptm 0.13 energy -99.29
145 models [2] recycles 0 hard 0 soft 0 temp 0.12 loss -44.99 i_con 5.60 plddt 0.21 ptm 0.85 i_ptm 0.14 energy -101.32
146 models [1] recycles 0 hard 0 soft 0 temp 0.10 loss -45.76 i_con 5.85 plddt 0.21 ptm 0.86 i_ptm 0.09 energy -103.38
147 models [4] recycles 0 hard 0 soft 0 temp 0.08 loss -46.32 i_con 6.27 plddt 0.18 ptm 0.86 i_ptm 0.11 energy -105.34
148 models [2] recycles 0 hard 0 soft 0 temp 0.06 loss -47.54 i_con 5.86 plddt 0.22 ptm 0.87 i_ptm 0.11 energy -106.95
149 models [1] recycles 0 hard 0 soft 0 temp 0.04 loss -48.12 i_con 5.45 plddt 0.17 ptm 0.86 i_ptm 0.07 energy -107.31
150 models [0] recycles 0 hard 0 soft 0 temp 0.02 loss -48.98 i_con 5.63 plddt 0.19 ptm 0.74 i_ptm 0.10 energy -109.37
151 models [0] recycles 0 hard 1 soft 0 temp 0.00 loss -2.29 i_con 3.81 plddt 0.31 ptm 0.85 i_ptm 0.43 energy -6.86
152 models [2] recycles 0 hard 1 soft 0 temp 0.00 loss -2.40 i_con 3.71 plddt 0.30 ptm 0.87 i_ptm 0.49 energy -6.86
153 models [4] recycles 0 hard 1 soft 0 temp 0.00 loss -1.46 i_con 4.63 plddt 0.20 ptm 0.87 i_ptm 0.19 energy -6.86
154 models [0] recycles 0 hard 1 soft 0 temp 0.00 loss -2.29 i_con 3.81 plddt 0.31 ptm 0.85 i_ptm 0.43 energy -6.86
155 models [0] recycles 0 hard 1 soft 0 temp 0.00 loss -2.29 i_con 3.81 plddt 0.31 ptm 0.85 i_ptm 0.43 energy -6.86
156 models [2] recycles 0 hard 1 soft 0 temp 0.00 loss -2.40 i_con 3.71 plddt 0.30 ptm 0.87 i_ptm 0.49 energy -6.86
157 models [4] recycles 0 hard 1 soft 0 temp 0.00 loss -1.46 i_con 4.63 plddt 0.20 ptm 0.87 i_ptm 0.19 energy -6.86
158 models [1] recycles 0 hard 1 soft 0 temp 0.00 loss -2.00 i_con 4.10 plddt 0.24 ptm 0.86 i_ptm 0.28 energy -6.86
159 models [0] recycles 0 hard 1 soft 0 temp 0.00 loss -2.29 i_con 3.81 plddt 0.31 ptm 0.85 i_ptm 0.43 energy -6.86
160 models [0] recycles 0 hard 1 soft 0 temp 0.00 loss -2.29 i_con 3.81 plddt 0.31 ptm 0.85 i_ptm 0.43 energy -6.86
161 models [0] recycles 0 hard 1 soft 0 temp 0.00 loss -2.29 i_con 3.81 plddt 0.31 ptm 0.85 i_ptm 0.43 energy -6.86
162 models [4] recycles 0 hard 1 soft 0 temp 0.00 loss -1.46 i_con 4.63 plddt 0.20 ptm 0.87 i_ptm 0.19 energy -6.86
163 models [4] recycles 0 hard 1 soft 0 temp 0.00 loss -1.46 i_con 4.63 plddt 0.20 ptm 0.87 i_ptm 0.19 energy -6.86
164 models [0] recycles 0 hard 1 soft 0 temp 0.00 loss -2.29 i_con 3.81 plddt 0.31 ptm 0.85 i_ptm 0.43 energy -6.86
165 models [2] recycles 0 hard 1 soft 0 temp 0.00 loss -2.40 i_con 3.71 plddt 0.30 ptm 0.87 i_ptm 0.49 energy -6.86
166 models [1] recycles 0 hard 1 soft 0 temp 0.00 loss -2.00 i_con 4.10 plddt 0.24 ptm 0.86 i_ptm 0.28 energy -6.86
167 models [4] recycles 0 hard 1 soft 0 temp 0.00 loss -1.46 i_con 4.63 plddt 0.20 ptm 0.87 i_ptm 0.19 energy -6.86
168 models [0] recycles 0 hard 1 soft 0 temp 0.00 loss -2.29 i_con 3.81 plddt 0.31 ptm 0.85 i_ptm 0.43 energy -6.86
169 models [0] recycles 0 hard 1 soft 0 temp 0.00 loss -2.29 i_con 3.81 plddt 0.31 ptm 0.85 i_ptm 0.43 energy -6.86
170 models [1] recycles 0 hard 1 soft 0 temp 0.00 loss -2.00 i_con 4.10 plddt 0.24 ptm 0.86 i_ptm 0.28 energy -6.86
171 models [2] recycles 0 hard 1 soft 0 temp 0.00 loss -2.40 i_con 3.71 plddt 0.30 ptm 0.87 i_ptm 0.49 energy -6.86
172 models [0] recycles 0 hard 1 soft 0 temp 0.00 loss -2.29 i_con 3.81 plddt 0.31 ptm 0.85 i_ptm 0.43 energy -6.86
173 models [2] recycles 0 hard 1 soft 0 temp 0.00 loss -2.40 i_con 3.71 plddt 0.30 ptm 0.87 i_ptm 0.49 energy -6.86
174 models [3] recycles 0 hard 1 soft 0 temp 0.00 loss -2.38 i_con 3.73 plddt 0.33 ptm 0.86 i_ptm 0.46 energy -6.86
175 models [3] recycles 0 hard 1 soft 0 temp 0.00 loss -2.38 i_con 3.73 plddt 0.33 ptm 0.86 i_ptm 0.46 energy -6.86
176 models [0] recycles 0 hard 1 soft 0 temp 0.00 loss -2.29 i_con 3.81 plddt 0.31 ptm 0.85 i_ptm 0.43 energy -6.86
177 models [2] recycles 0 hard 1 soft 0 temp 0.00 loss -2.40 i_con 3.71 plddt 0.30 ptm 0.87 i_ptm 0.49 energy -6.86
178 models [1] recycles 0 hard 1 soft 0 temp 0.00 loss -2.00 i_con 4.10 plddt 0.24 ptm 0.86 i_ptm 0.28 energy -6.86
179 models [3] recycles 0 hard 1 soft 0 temp 0.00 loss -2.38 i_con 3.73 plddt 0.33 ptm 0.86 i_ptm 0.46 energy -6.86
180 models [2] recycles 0 hard 1 soft 0 temp 0.00 loss -2.40 i_con 3.71 plddt 0.30 ptm 0.87 i_ptm 0.49 energy -6.86
  seq=DWFWWPEFHNAQKVA  loss=-2.3978  loss_af=3.7786  energy=-6.8627  i_ptm=0.4896
[18/30] seed=17 ...
1 models [3] recycles 0 hard 0 soft 1 temp 1 loss 4.33 i_con 3.89 plddt 0.34 ptm 0.85 i_ptm 0.44 energy 7.38
2 models [2] recycles 0 hard 0 soft 1 temp 1 loss 4.24 i_con 3.83 plddt 0.35 ptm 0.86 i_ptm 0.46 energy 6.89
3 models [1] recycles 0 hard 0 soft 1 temp 1 loss 4.79 i_con 4.40 plddt 0.22 ptm 0.86 i_ptm 0.20 energy 6.34
4 models [1] recycles 0 hard 0 soft 1 temp 1 loss 4.59 i_con 4.21 plddt 0.24 ptm 0.87 i_ptm 0.25 energy 6.00
5 models [4] recycles 0 hard 0 soft 1 temp 1 loss 4.25 i_con 3.92 plddt 0.32 ptm 0.88 i_ptm 0.38 energy 5.35
6 models [4] recycles 0 hard 0 soft 1 temp 1 loss 4.14 i_con 3.84 plddt 0.33 ptm 0.88 i_ptm 0.41 energy 4.69
7 models [1] recycles 0 hard 0 soft 1 temp 1 loss 4.63 i_con 4.34 plddt 0.22 ptm 0.86 i_ptm 0.18 energy 4.08
8 models [2] recycles 0 hard 0 soft 1 temp 1 loss 4.05 i_con 3.79 plddt 0.37 ptm 0.86 i_ptm 0.44 energy 3.94
9 models [3] recycles 0 hard 0 soft 1 temp 1 loss 4.01 i_con 3.76 plddt 0.35 ptm 0.86 i_ptm 0.45 energy 3.64
10 models [3] recycles 0 hard 0 soft 1 temp 1 loss 3.96 i_con 3.73 plddt 0.37 ptm 0.87 i_ptm 0.48 energy 3.25
11 models [4] recycles 0 hard 0 soft 1 temp 1 loss 4.17 i_con 3.95 plddt 0.29 ptm 0.88 i_ptm 0.37 energy 2.90
12 models [3] recycles 0 hard 0 soft 1 temp 1 loss 4.71 i_con 4.50 plddt 0.29 ptm 0.85 i_ptm 0.30 energy 2.83
13 models [4] recycles 0 hard 0 soft 1 temp 1 loss 4.12 i_con 3.93 plddt 0.30 ptm 0.88 i_ptm 0.37 energy 2.44
14 models [3] recycles 0 hard 0 soft 1 temp 1 loss 3.98 i_con 3.80 plddt 0.37 ptm 0.87 i_ptm 0.46 energy 2.28
15 models [3] recycles 0 hard 0 soft 1 temp 1 loss 3.90 i_con 3.74 plddt 0.36 ptm 0.86 i_ptm 0.49 energy 1.97
16 models [4] recycles 0 hard 0 soft 1 temp 1 loss 4.29 i_con 4.14 plddt 0.29 ptm 0.87 i_ptm 0.32 energy 1.70
17 models [0] recycles 0 hard 0 soft 1 temp 1 loss 4.25 i_con 4.10 plddt 0.30 ptm 0.84 i_ptm 0.34 energy 1.69
18 models [4] recycles 0 hard 0 soft 1 temp 1 loss 4.03 i_con 3.88 plddt 0.32 ptm 0.88 i_ptm 0.43 energy 1.46
19 models [0] recycles 0 hard 0 soft 1 temp 1 loss 4.47 i_con 4.33 plddt 0.27 ptm 0.83 i_ptm 0.21 energy 1.26
20 models [4] recycles 0 hard 0 soft 1 temp 1 loss 3.98 i_con 3.86 plddt 0.34 ptm 0.88 i_ptm 0.47 energy 1.08
21 models [3] recycles 0 hard 0 soft 1 temp 1 loss 3.86 i_con 3.75 plddt 0.32 ptm 0.85 i_ptm 0.46 energy 0.86
22 models [1] recycles 0 hard 0 soft 1 temp 1 loss 5.26 i_con 5.15 plddt 0.21 ptm 0.85 i_ptm 0.14 energy 0.49
23 models [3] recycles 0 hard 0 soft 1 temp 1 loss 3.85 i_con 3.76 plddt 0.34 ptm 0.86 i_ptm 0.42 energy 0.33
24 models [3] recycles 0 hard 0 soft 1 temp 1 loss 3.73 i_con 3.67 plddt 0.37 ptm 0.87 i_ptm 0.51 energy 0.11
25 models [0] recycles 0 hard 0 soft 1 temp 1 loss 4.09 i_con 4.03 plddt 0.29 ptm 0.84 i_ptm 0.36 energy -0.26
26 models [2] recycles 0 hard 0 soft 1 temp 1 loss 3.81 i_con 3.78 plddt 0.40 ptm 0.87 i_ptm 0.53 energy -0.45
27 models [0] recycles 0 hard 0 soft 1 temp 1 loss 4.27 i_con 4.22 plddt 0.26 ptm 0.84 i_ptm 0.26 energy -0.66
28 models [4] recycles 0 hard 0 soft 1 temp 1 loss 4.10 i_con 4.08 plddt 0.27 ptm 0.87 i_ptm 0.35 energy -0.98
29 models [3] recycles 0 hard 0 soft 1 temp 1 loss 3.77 i_con 3.76 plddt 0.38 ptm 0.87 i_ptm 0.48 energy -0.96
30 models [0] recycles 0 hard 0 soft 1 temp 1 loss 4.16 i_con 4.15 plddt 0.26 ptm 0.84 i_ptm 0.29 energy -1.20
31 models [3] recycles 0 hard 0 soft 1 temp 1 loss 3.75 i_con 3.76 plddt 0.39 ptm 0.86 i_ptm 0.51 energy -1.42
32 models [2] recycles 0 hard 0 soft 1 temp 1 loss 3.75 i_con 3.77 plddt 0.40 ptm 0.86 i_ptm 0.52 energy -1.68
33 models [4] recycles 0 hard 0 soft 1 temp 1 loss 3.90 i_con 3.92 plddt 0.34 ptm 0.88 i_ptm 0.44 energy -1.77
34 models [1] recycles 0 hard 0 soft 1 temp 1 loss 3.93 i_con 3.95 plddt 0.28 ptm 0.86 i_ptm 0.33 energy -1.92
35 models [1] recycles 0 hard 0 soft 1 temp 1 loss 4.21 i_con 4.24 plddt 0.25 ptm 0.86 i_ptm 0.23 energy -2.06
36 models [4] recycles 0 hard 0 soft 1 temp 1 loss 3.72 i_con 3.76 plddt 0.36 ptm 0.89 i_ptm 0.52 energy -2.05
37 models [1] recycles 0 hard 0 soft 1 temp 1 loss 4.02 i_con 4.06 plddt 0.28 ptm 0.86 i_ptm 0.31 energy -2.20
38 models [2] recycles 0 hard 0 soft 1 temp 1 loss 3.70 i_con 3.75 plddt 0.38 ptm 0.87 i_ptm 0.52 energy -2.18
39 models [2] recycles 0 hard 0 soft 1 temp 1 loss 3.74 i_con 3.79 plddt 0.38 ptm 0.87 i_ptm 0.52 energy -2.24
40 models [4] recycles 0 hard 0 soft 1 temp 1 loss 3.71 i_con 3.76 plddt 0.36 ptm 0.88 i_ptm 0.47 energy -2.31
41 models [0] recycles 0 hard 0 soft 1 temp 1 loss 3.84 i_con 3.89 plddt 0.35 ptm 0.84 i_ptm 0.42 energy -2.48
42 models [4] recycles 0 hard 0 soft 1 temp 1 loss 3.62 i_con 3.68 plddt 0.42 ptm 0.89 i_ptm 0.56 energy -2.51
43 models [0] recycles 0 hard 0 soft 1 temp 1 loss 3.89 i_con 3.95 plddt 0.38 ptm 0.85 i_ptm 0.38 energy -2.52
44 models [4] recycles 0 hard 0 soft 1 temp 1 loss 3.72 i_con 3.78 plddt 0.37 ptm 0.89 i_ptm 0.50 energy -2.58
45 models [3] recycles 0 hard 0 soft 1 temp 1 loss 3.77 i_con 3.84 plddt 0.36 ptm 0.86 i_ptm 0.44 energy -2.63
46 models [0] recycles 0 hard 0 soft 1 temp 1 loss 3.95 i_con 4.01 plddt 0.31 ptm 0.83 i_ptm 0.35 energy -2.65
47 models [2] recycles 0 hard 0 soft 1 temp 1 loss 3.68 i_con 3.76 plddt 0.40 ptm 0.87 i_ptm 0.50 energy -2.69
48 models [0] recycles 0 hard 0 soft 1 temp 1 loss 3.74 i_con 3.81 plddt 0.40 ptm 0.85 i_ptm 0.45 energy -2.65
49 models [3] recycles 0 hard 0 soft 1 temp 1 loss 3.57 i_con 3.65 plddt 0.40 ptm 0.87 i_ptm 0.55 energy -2.68
50 models [0] recycles 0 hard 0 soft 1 temp 1 loss 3.74 i_con 3.82 plddt 0.41 ptm 0.85 i_ptm 0.46 energy -2.76
51 models [1] recycles 0 hard 0 soft 1 temp 1 loss 3.78 i_con 4.00 plddt 0.33 ptm 0.86 i_ptm 0.35 energy -2.84
52 models [4] recycles 0 hard 0 soft 1 temp 1 loss 3.43 i_con 3.66 plddt 0.44 ptm 0.89 i_ptm 0.57 energy -2.86
53 models [1] recycles 0 hard 0 soft 1 temp 1 loss 3.99 i_con 4.22 plddt 0.27 ptm 0.86 i_ptm 0.25 energy -2.96
54 models [2] recycles 0 hard 0 soft 1 temp 1 loss 3.55 i_con 3.79 plddt 0.41 ptm 0.87 i_ptm 0.50 energy -2.97
55 models [1] recycles 0 hard 0 soft 1 temp 1 loss 3.72 i_con 3.96 plddt 0.31 ptm 0.86 i_ptm 0.39 energy -3.05
56 models [1] recycles 0 hard 0 soft 1 temp 1 loss 4.00 i_con 4.24 plddt 0.27 ptm 0.86 i_ptm 0.20 energy -3.12
57 models [4] recycles 0 hard 0 soft 1 temp 1 loss 3.46 i_con 3.71 plddt 0.41 ptm 0.88 i_ptm 0.54 energy -3.10
58 models [3] recycles 0 hard 0 soft 1 temp 1 loss 3.50 i_con 3.76 plddt 0.37 ptm 0.86 i_ptm 0.52 energy -3.20
59 models [4] recycles 0 hard 0 soft 1 temp 1 loss 3.46 i_con 3.72 plddt 0.39 ptm 0.89 i_ptm 0.52 energy -3.25
60 models [2] recycles 0 hard 0 soft 1 temp 1 loss 3.54 i_con 3.81 plddt 0.40 ptm 0.87 i_ptm 0.51 energy -3.30
61 models [3] recycles 0 hard 0 soft 1 temp 1 loss 3.13 i_con 3.41 plddt 0.42 ptm 0.87 i_ptm 0.63 energy -3.33
62 models [0] recycles 0 hard 0 soft 1 temp 1 loss 3.54 i_con 3.81 plddt 0.40 ptm 0.85 i_ptm 0.46 energy -3.30
63 models [0] recycles 0 hard 0 soft 1 temp 1 loss 3.42 i_con 3.70 plddt 0.45 ptm 0.85 i_ptm 0.53 energy -3.35
64 models [2] recycles 0 hard 0 soft 1 temp 1 loss 3.38 i_con 3.66 plddt 0.46 ptm 0.87 i_ptm 0.56 energy -3.36
65 models [1] recycles 0 hard 0 soft 1 temp 1 loss 3.87 i_con 4.13 plddt 0.30 ptm 0.86 i_ptm 0.31 energy -3.34
66 models [4] recycles 0 hard 0 soft 1 temp 1 loss 3.40 i_con 3.68 plddt 0.41 ptm 0.89 i_ptm 0.52 energy -3.44
67 models [1] recycles 0 hard 0 soft 1 temp 1 loss 3.61 i_con 3.89 plddt 0.37 ptm 0.87 i_ptm 0.40 energy -3.45
68 models [1] recycles 0 hard 0 soft 1 temp 1 loss 3.82 i_con 4.10 plddt 0.29 ptm 0.86 i_ptm 0.29 energy -3.47
69 models [0] recycles 0 hard 0 soft 1 temp 1 loss 3.62 i_con 3.91 plddt 0.35 ptm 0.84 i_ptm 0.39 energy -3.54
70 models [1] recycles 0 hard 0 soft 1 temp 1 loss 4.65 i_con 4.94 plddt 0.23 ptm 0.85 i_ptm 0.11 energy -3.60
71 models [4] recycles 0 hard 0 soft 1 temp 1 loss 3.31 i_con 3.61 plddt 0.40 ptm 0.89 i_ptm 0.55 energy -3.60
72 models [3] recycles 0 hard 0 soft 1 temp 1 loss 3.19 i_con 3.49 plddt 0.40 ptm 0.87 i_ptm 0.61 energy -3.61
73 models [3] recycles 0 hard 0 soft 1 temp 1 loss 3.36 i_con 3.66 plddt 0.40 ptm 0.87 i_ptm 0.55 energy -3.62
74 models [0] recycles 0 hard 0 soft 1 temp 1 loss 3.56 i_con 3.87 plddt 0.40 ptm 0.85 i_ptm 0.45 energy -3.70
75 models [2] recycles 0 hard 0 soft 1 temp 1 loss 3.47 i_con 3.78 plddt 0.37 ptm 0.87 i_ptm 0.51 energy -3.73
76 models [2] recycles 0 hard 0 soft 1 temp 1 loss 3.33 i_con 3.65 plddt 0.41 ptm 0.87 i_ptm 0.57 energy -3.84
77 models [3] recycles 0 hard 0 soft 1 temp 1 loss 3.22 i_con 3.54 plddt 0.39 ptm 0.87 i_ptm 0.56 energy -3.83
78 models [3] recycles 0 hard 0 soft 1 temp 1 loss 3.34 i_con 3.67 plddt 0.43 ptm 0.86 i_ptm 0.55 energy -3.86
79 models [0] recycles 0 hard 0 soft 1 temp 1 loss 3.39 i_con 3.72 plddt 0.43 ptm 0.85 i_ptm 0.52 energy -3.89
80 models [3] recycles 0 hard 0 soft 1 temp 1 loss 3.35 i_con 3.68 plddt 0.39 ptm 0.87 i_ptm 0.52 energy -3.87
81 models [4] recycles 0 hard 0 soft 1 temp 1 loss 3.35 i_con 3.67 plddt 0.41 ptm 0.89 i_ptm 0.54 energy -3.86
82 models [2] recycles 0 hard 0 soft 1 temp 1 loss 3.28 i_con 3.62 plddt 0.46 ptm 0.87 i_ptm 0.59 energy -4.00
83 models [0] recycles 0 hard 0 soft 1 temp 1 loss 3.45 i_con 3.80 plddt 0.40 ptm 0.85 i_ptm 0.45 energy -4.09
84 models [0] recycles 0 hard 0 soft 1 temp 1 loss 3.45 i_con 3.80 plddt 0.41 ptm 0.84 i_ptm 0.47 energy -4.09
85 models [0] recycles 0 hard 0 soft 1 temp 1 loss 3.41 i_con 3.75 plddt 0.41 ptm 0.85 i_ptm 0.51 energy -4.04
86 models [1] recycles 0 hard 0 soft 1 temp 1 loss 5.12 i_con 5.47 plddt 0.27 ptm 0.85 i_ptm 0.14 energy -4.25
87 models [3] recycles 0 hard 0 soft 1 temp 1 loss 2.79 i_con 3.15 plddt 0.44 ptm 0.88 i_ptm 0.68 energy -4.18
88 models [1] recycles 0 hard 0 soft 1 temp 1 loss 3.55 i_con 3.90 plddt 0.37 ptm 0.86 i_ptm 0.42 energy -4.11
89 models [4] recycles 0 hard 0 soft 1 temp 1 loss 3.23 i_con 3.59 plddt 0.42 ptm 0.89 i_ptm 0.57 energy -4.19
90 models [4] recycles 0 hard 0 soft 1 temp 1 loss 3.22 i_con 3.58 plddt 0.40 ptm 0.88 i_ptm 0.59 energy -4.20
91 models [1] recycles 0 hard 0 soft 1 temp 1 loss 3.70 i_con 4.04 plddt 0.29 ptm 0.86 i_ptm 0.32 energy -4.17
92 models [2] recycles 0 hard 0 soft 1 temp 1 loss 3.21 i_con 3.57 plddt 0.46 ptm 0.87 i_ptm 0.60 energy -4.12
93 models [1] recycles 0 hard 0 soft 1 temp 1 loss 4.53 i_con 4.87 plddt 0.23 ptm 0.85 i_ptm 0.12 energy -4.13
94 models [0] recycles 0 hard 0 soft 1 temp 1 loss 3.40 i_con 3.75 plddt 0.43 ptm 0.85 i_ptm 0.52 energy -4.06
95 models [1] recycles 0 hard 0 soft 1 temp 1 loss 3.93 i_con 4.27 plddt 0.27 ptm 0.85 i_ptm 0.26 energy -4.13
96 models [3] recycles 0 hard 0 soft 1 temp 1 loss 2.81 i_con 3.17 plddt 0.57 ptm 0.88 i_ptm 0.71 energy -4.08
97 models [3] recycles 0 hard 0 soft 1 temp 1 loss 3.45 i_con 3.79 plddt 0.34 ptm 0.86 i_ptm 0.46 energy -4.08
98 models [1] recycles 0 hard 0 soft 1 temp 1 loss 3.63 i_con 3.98 plddt 0.32 ptm 0.87 i_ptm 0.39 energy -4.19
99 models [1] recycles 0 hard 0 soft 1 temp 1 loss 3.45 i_con 3.81 plddt 0.41 ptm 0.87 i_ptm 0.49 energy -4.20
100 models [1] recycles 0 hard 0 soft 1 temp 1 loss 3.40 i_con 3.76 plddt 0.40 ptm 0.87 i_ptm 0.49 energy -4.23
101 models [3] recycles 0 hard 0 soft 0 temp 1 loss -6.12 i_con 4.93 plddt 0.18 ptm 0.78 i_ptm 0.08 energy -22.27
102 models [0] recycles 0 hard 0 soft 0 temp 0.98 loss -6.85 i_con 4.99 plddt 0.25 ptm 0.83 i_ptm 0.16 energy -23.82
103 models [2] recycles 0 hard 0 soft 0 temp 0.96 loss -6.49 i_con 5.40 plddt 0.26 ptm 0.83 i_ptm 0.14 energy -23.92
104 models [2] recycles 0 hard 0 soft 0 temp 0.94 loss -7.40 i_con 4.37 plddt 0.14 ptm 0.27 i_ptm 0.50 energy -23.72
105 models [1] recycles 0 hard 0 soft 0 temp 0.92 loss -6.21 i_con 5.78 plddt 0.24 ptm 0.84 i_ptm 0.12 energy -24.14
106 models [0] recycles 0 hard 0 soft 0 temp 0.90 loss -7.78 i_con 4.23 plddt 0.27 ptm 0.84 i_ptm 0.24 energy -24.18
107 models [4] recycles 0 hard 0 soft 0 temp 0.88 loss -8.34 i_con 3.91 plddt 0.33 ptm 0.89 i_ptm 0.44 energy -24.65
108 models [2] recycles 0 hard 0 soft 0 temp 0.86 loss -7.56 i_con 5.79 plddt 0.23 ptm 0.78 i_ptm 0.15 energy -26.85
109 models [3] recycles 0 hard 0 soft 0 temp 0.84 loss -7.93 i_con 5.36 plddt 0.22 ptm 0.85 i_ptm 0.15 energy -26.74
110 models [1] recycles 0 hard 0 soft 0 temp 0.82 loss -8.04 i_con 5.58 plddt 0.23 ptm 0.86 i_ptm 0.15 energy -27.39
111 models [4] recycles 0 hard 0 soft 0 temp 0.80 loss -8.32 i_con 5.73 plddt 0.23 ptm 0.87 i_ptm 0.13 energy -28.25
112 models [0] recycles 0 hard 0 soft 0 temp 0.78 loss -10.83 i_con 4.12 plddt 0.28 ptm 0.83 i_ptm 0.31 energy -30.04
113 models [0] recycles 0 hard 0 soft 0 temp 0.76 loss -11.95 i_con 4.08 plddt 0.28 ptm 0.84 i_ptm 0.32 energy -32.22
114 models [1] recycles 0 hard 0 soft 0 temp 0.74 loss -11.51 i_con 5.64 plddt 0.26 ptm 0.85 i_ptm 0.15 energy -34.44
115 models [0] recycles 0 hard 0 soft 0 temp 0.72 loss -13.64 i_con 3.97 plddt 0.31 ptm 0.85 i_ptm 0.37 energy -35.37
116 models [1] recycles 0 hard 0 soft 0 temp 0.70 loss -13.17 i_con 5.50 plddt 0.25 ptm 0.85 i_ptm 0.14 energy -37.50
117 models [0] recycles 0 hard 0 soft 0 temp 0.68 loss -15.00 i_con 4.05 plddt 0.29 ptm 0.84 i_ptm 0.33 energy -38.24
118 models [1] recycles 0 hard 0 soft 0 temp 0.66 loss -14.41 i_con 5.66 plddt 0.29 ptm 0.85 i_ptm 0.15 energy -40.29
119 models [0] recycles 0 hard 0 soft 0 temp 0.64 loss -16.38 i_con 4.68 plddt 0.24 ptm 0.82 i_ptm 0.11 energy -42.27
120 models [0] recycles 0 hard 0 soft 0 temp 0.62 loss -17.58 i_con 4.05 plddt 0.25 ptm 0.84 i_ptm 0.33 energy -43.42
121 models [3] recycles 0 hard 0 soft 0 temp 0.60 loss -17.85 i_con 4.73 plddt 0.20 ptm 0.84 i_ptm 0.11 energy -45.31
122 models [3] recycles 0 hard 0 soft 0 temp 0.58 loss -17.85 i_con 4.82 plddt 0.22 ptm 0.84 i_ptm 0.11 energy -45.49
123 models [0] recycles 0 hard 0 soft 0 temp 0.56 loss -18.86 i_con 4.04 plddt 0.29 ptm 0.84 i_ptm 0.33 energy -45.95
124 models [1] recycles 0 hard 0 soft 0 temp 0.54 loss -17.99 i_con 6.08 plddt 0.26 ptm 0.86 i_ptm 0.19 energy -48.28
125 models [2] recycles 0 hard 0 soft 0 temp 0.52 loss -20.05 i_con 4.57 plddt 0.24 ptm 0.85 i_ptm 0.21 energy -49.40
126 models [0] recycles 0 hard 0 soft 0 temp 0.50 loss -20.94 i_con 4.07 plddt 0.27 ptm 0.85 i_ptm 0.31 energy -50.16
127 models [2] recycles 0 hard 0 soft 0 temp 0.48 loss -21.35 i_con 4.77 plddt 0.27 ptm 0.85 i_ptm 0.15 energy -52.40
128 models [2] recycles 0 hard 0 soft 0 temp 0.46 loss -21.76 i_con 5.11 plddt 0.22 ptm 0.18 i_ptm 0.15 energy -53.88
129 models [3] recycles 0 hard 0 soft 0 temp 0.44 loss -22.29 i_con 4.59 plddt 0.26 ptm 0.85 i_ptm 0.23 energy -53.92
130 models [4] recycles 0 hard 0 soft 0 temp 0.42 loss -23.32 i_con 4.74 plddt 0.20 ptm 0.87 i_ptm 0.14 energy -56.27
131 models [0] recycles 0 hard 0 soft 0 temp 0.40 loss -23.97 i_con 4.19 plddt 0.25 ptm 0.83 i_ptm 0.26 energy -56.47
132 models [3] recycles 0 hard 0 soft 0 temp 0.38 loss -24.98 i_con 4.09 plddt 0.26 ptm 0.86 i_ptm 0.33 energy -58.28
133 models [4] recycles 0 hard 0 soft 0 temp 0.36 loss -25.41 i_con 4.71 plddt 0.23 ptm 0.87 i_ptm 0.16 energy -60.40
134 models [4] recycles 0 hard 0 soft 0 temp 0.34 loss -26.09 i_con 4.92 plddt 0.20 ptm 0.87 i_ptm 0.13 energy -62.17
135 models [0] recycles 0 hard 0 soft 0 temp 0.32 loss -27.28 i_con 4.12 plddt 0.28 ptm 0.83 i_ptm 0.29 energy -62.95
136 models [2] recycles 0 hard 0 soft 0 temp 0.30 loss -27.27 i_con 5.14 plddt 0.23 ptm 0.85 i_ptm 0.15 energy -64.97
137 models [4] recycles 0 hard 0 soft 0 temp 0.28 loss -27.33 i_con 5.66 plddt 0.24 ptm 0.87 i_ptm 0.20 energy -66.14
138 models [1] recycles 0 hard 0 soft 0 temp 0.26 loss -28.30 i_con 5.76 plddt 0.25 ptm 0.85 i_ptm 0.14 energy -68.27
139 models [3] recycles 0 hard 0 soft 0 temp 0.24 loss -30.33 i_con 4.62 plddt 0.25 ptm 0.85 i_ptm 0.25 energy -70.05
140 models [1] recycles 0 hard 0 soft 0 temp 0.22 loss -30.30 i_con 5.76 plddt 0.25 ptm 0.86 i_ptm 0.15 energy -72.25
141 models [3] recycles 0 hard 0 soft 0 temp 0.20 loss -32.46 i_con 4.53 plddt 0.23 ptm 0.85 i_ptm 0.17 energy -74.15
142 models [2] recycles 0 hard 0 soft 0 temp 0.18 loss -32.65 i_con 4.71 plddt 0.25 ptm 0.86 i_ptm 0.21 energy -74.87
143 models [3] recycles 0 hard 0 soft 0 temp 0.16 loss -32.63 i_con 5.73 plddt 0.23 ptm 0.85 i_ptm 0.19 energy -76.87
144 models [2] recycles 0 hard 0 soft 0 temp 0.14 loss -34.16 i_con 5.28 plddt 0.23 ptm 0.85 i_ptm 0.20 energy -79.03
145 models [4] recycles 0 hard 0 soft 0 temp 0.12 loss -35.67 i_con 4.54 plddt 0.23 ptm 0.87 i_ptm 0.22 energy -80.57
146 models [3] recycles 0 hard 0 soft 0 temp 0.10 loss -35.09 i_con 5.92 plddt 0.24 ptm 0.84 i_ptm 0.17 energy -82.16
147 models [4] recycles 0 hard 0 soft 0 temp 0.08 loss -36.16 i_con 5.82 plddt 0.23 ptm 0.86 i_ptm 0.13 energy -84.11
148 models [2] recycles 0 hard 0 soft 0 temp 0.06 loss -38.18 i_con 4.81 plddt 0.22 ptm 0.86 i_ptm 0.13 energy -86.13
149 models [3] recycles 0 hard 0 soft 0 temp 0.04 loss -38.66 i_con 4.88 plddt 0.23 ptm 0.84 i_ptm 0.18 energy -87.23
150 models [1] recycles 0 hard 0 soft 0 temp 0.02 loss -38.31 i_con 5.70 plddt 0.25 ptm 0.86 i_ptm 0.14 energy -88.16
151 models [0] recycles 0 hard 1 soft 0 temp 0.00 loss -1.91 i_con 4.05 plddt 0.30 ptm 0.84 i_ptm 0.39 energy -6.70
152 models [3] recycles 0 hard 1 soft 0 temp 0.00 loss -0.80 i_con 5.15 plddt 0.22 ptm 0.84 i_ptm 0.15 energy -6.70
153 models [1] recycles 0 hard 1 soft 0 temp 0.00 loss -0.28 i_con 5.67 plddt 0.21 ptm 0.85 i_ptm 0.15 energy -6.70
154 models [0] recycles 0 hard 1 soft 0 temp 0.00 loss -1.91 i_con 4.05 plddt 0.30 ptm 0.84 i_ptm 0.39 energy -6.70
155 models [1] recycles 0 hard 1 soft 0 temp 0.00 loss -0.28 i_con 5.67 plddt 0.21 ptm 0.85 i_ptm 0.15 energy -6.70
156 models [2] recycles 0 hard 1 soft 0 temp 0.00 loss -2.04 i_con 3.92 plddt 0.29 ptm 0.87 i_ptm 0.47 energy -6.70
157 models [1] recycles 0 hard 1 soft 0 temp 0.00 loss -0.28 i_con 5.67 plddt 0.21 ptm 0.85 i_ptm 0.15 energy -6.70
158 models [0] recycles 0 hard 1 soft 0 temp 0.00 loss -1.91 i_con 4.05 plddt 0.30 ptm 0.84 i_ptm 0.39 energy -6.70
159 models [4] recycles 0 hard 1 soft 0 temp 0.00 loss -1.15 i_con 4.80 plddt 0.20 ptm 0.87 i_ptm 0.19 energy -6.70
160 models [3] recycles 0 hard 1 soft 0 temp 0.00 loss -0.80 i_con 5.15 plddt 0.22 ptm 0.84 i_ptm 0.15 energy -6.70
161 models [4] recycles 0 hard 1 soft 0 temp 0.00 loss -1.15 i_con 4.80 plddt 0.20 ptm 0.87 i_ptm 0.19 energy -6.70
162 models [4] recycles 0 hard 1 soft 0 temp 0.00 loss -1.15 i_con 4.80 plddt 0.20 ptm 0.87 i_ptm 0.19 energy -6.70
163 models [0] recycles 0 hard 1 soft 0 temp 0.00 loss -1.91 i_con 4.05 plddt 0.30 ptm 0.84 i_ptm 0.39 energy -6.70
164 models [0] recycles 0 hard 1 soft 0 temp 0.00 loss -1.91 i_con 4.05 plddt 0.30 ptm 0.84 i_ptm 0.39 energy -6.70
165 models [1] recycles 0 hard 1 soft 0 temp 0.00 loss -0.28 i_con 5.67 plddt 0.21 ptm 0.85 i_ptm 0.15 energy -6.70
166 models [0] recycles 0 hard 1 soft 0 temp 0.00 loss -1.91 i_con 4.05 plddt 0.30 ptm 0.84 i_ptm 0.39 energy -6.70
167 models [1] recycles 0 hard 1 soft 0 temp 0.00 loss -0.28 i_con 5.67 plddt 0.21 ptm 0.85 i_ptm 0.15 energy -6.70
168 models [4] recycles 0 hard 1 soft 0 temp 0.00 loss -1.15 i_con 4.80 plddt 0.20 ptm 0.87 i_ptm 0.19 energy -6.70
169 models [3] recycles 0 hard 1 soft 0 temp 0.00 loss -0.80 i_con 5.15 plddt 0.22 ptm 0.84 i_ptm 0.15 energy -6.70
170 models [0] recycles 0 hard 1 soft 0 temp 0.00 loss -1.91 i_con 4.05 plddt 0.30 ptm 0.84 i_ptm 0.39 energy -6.70
171 models [4] recycles 0 hard 1 soft 0 temp 0.00 loss -1.15 i_con 4.80 plddt 0.20 ptm 0.87 i_ptm 0.19 energy -6.70
172 models [4] recycles 0 hard 1 soft 0 temp 0.00 loss -1.15 i_con 4.80 plddt 0.20 ptm 0.87 i_ptm 0.19 energy -6.70
173 models [3] recycles 0 hard 1 soft 0 temp 0.00 loss -0.80 i_con 5.15 plddt 0.22 ptm 0.84 i_ptm 0.15 energy -6.70
174 models [2] recycles 0 hard 1 soft 0 temp 0.00 loss -2.04 i_con 3.92 plddt 0.29 ptm 0.87 i_ptm 0.47 energy -6.70
175 models [2] recycles 0 hard 1 soft 0 temp 0.00 loss -2.04 i_con 3.92 plddt 0.29 ptm 0.87 i_ptm 0.47 energy -6.70
176 models [2] recycles 0 hard 1 soft 0 temp 0.00 loss -2.04 i_con 3.92 plddt 0.29 ptm 0.87 i_ptm 0.47 energy -6.70
177 models [0] recycles 0 hard 1 soft 0 temp 0.00 loss -1.91 i_con 4.05 plddt 0.30 ptm 0.84 i_ptm 0.39 energy -6.70
178 models [4] recycles 0 hard 1 soft 0 temp 0.00 loss -1.15 i_con 4.80 plddt 0.20 ptm 0.87 i_ptm 0.19 energy -6.70
179 models [4] recycles 0 hard 1 soft 0 temp 0.00 loss -1.15 i_con 4.80 plddt 0.20 ptm 0.87 i_ptm 0.19 energy -6.70
180 models [4] recycles 0 hard 1 soft 0 temp 0.00 loss -1.15 i_con 4.80 plddt 0.20 ptm 0.87 i_ptm 0.19 energy -6.70
  seq=AWGWWAVLYNEQEFC  loss=-1.1468  loss_af=4.8808  energy=-6.6974  i_ptm=0.1922
[19/30] seed=18 ...
1 models [0] recycles 0 hard 0 soft 1 temp 1 loss 4.82 i_con 4.38 plddt 0.25 ptm 0.84 i_ptm 0.22 energy 7.35
2 models [0] recycles 0 hard 0 soft 1 temp 1 loss 4.60 i_con 4.17 plddt 0.26 ptm 0.84 i_ptm 0.31 energy 7.16
3 models [2] recycles 0 hard 0 soft 1 temp 1 loss 4.29 i_con 3.89 plddt 0.31 ptm 0.86 i_ptm 0.42 energy 6.65
4 models [3] recycles 0 hard 0 soft 1 temp 1 loss 4.16 i_con 3.80 plddt 0.32 ptm 0.86 i_ptm 0.40 energy 5.93
5 models [3] recycles 0 hard 0 soft 1 temp 1 loss 4.16 i_con 3.84 plddt 0.33 ptm 0.86 i_ptm 0.43 energy 5.20
6 models [1] recycles 0 hard 0 soft 1 temp 1 loss 4.38 i_con 4.09 plddt 0.25 ptm 0.86 i_ptm 0.27 energy 4.32
7 models [2] recycles 0 hard 0 soft 1 temp 1 loss 4.32 i_con 4.05 plddt 0.29 ptm 0.86 i_ptm 0.37 energy 3.99
8 models [0] recycles 0 hard 0 soft 1 temp 1 loss 4.37 i_con 4.10 plddt 0.27 ptm 0.84 i_ptm 0.29 energy 3.84
9 models [1] recycles 0 hard 0 soft 1 temp 1 loss 4.53 i_con 4.28 plddt 0.22 ptm 0.86 i_ptm 0.22 energy 3.37
10 models [1] recycles 0 hard 0 soft 1 temp 1 loss 5.02 i_con 4.78 plddt 0.21 ptm 0.86 i_ptm 0.15 energy 3.20
11 models [1] recycles 0 hard 0 soft 1 temp 1 loss 5.35 i_con 5.11 plddt 0.22 ptm 0.86 i_ptm 0.14 energy 3.24
12 models [3] recycles 0 hard 0 soft 1 temp 1 loss 3.99 i_con 3.77 plddt 0.33 ptm 0.86 i_ptm 0.42 energy 3.13
13 models [4] recycles 0 hard 0 soft 1 temp 1 loss 4.25 i_con 4.05 plddt 0.30 ptm 0.88 i_ptm 0.34 energy 2.69
14 models [3] recycles 0 hard 0 soft 1 temp 1 loss 3.95 i_con 3.76 plddt 0.33 ptm 0.87 i_ptm 0.43 energy 2.45
15 models [0] recycles 0 hard 0 soft 1 temp 1 loss 4.16 i_con 3.98 plddt 0.33 ptm 0.84 i_ptm 0.38 energy 2.28
16 models [3] recycles 0 hard 0 soft 1 temp 1 loss 3.84 i_con 3.66 plddt 0.36 ptm 0.86 i_ptm 0.48 energy 2.17
17 models [3] recycles 0 hard 0 soft 1 temp 1 loss 3.86 i_con 3.70 plddt 0.36 ptm 0.86 i_ptm 0.48 energy 1.97
18 models [1] recycles 0 hard 0 soft 1 temp 1 loss 4.32 i_con 4.16 plddt 0.24 ptm 0.87 i_ptm 0.24 energy 1.60
19 models [3] recycles 0 hard 0 soft 1 temp 1 loss 3.79 i_con 3.66 plddt 0.36 ptm 0.86 i_ptm 0.49 energy 1.48
20 models [3] recycles 0 hard 0 soft 1 temp 1 loss 3.74 i_con 3.61 plddt 0.40 ptm 0.87 i_ptm 0.55 energy 1.36
21 models [2] recycles 0 hard 0 soft 1 temp 1 loss 3.76 i_con 3.64 plddt 0.41 ptm 0.87 i_ptm 0.57 energy 1.23
22 models [0] recycles 0 hard 0 soft 1 temp 1 loss 3.95 i_con 3.83 plddt 0.37 ptm 0.85 i_ptm 0.44 energy 1.11
23 models [3] recycles 0 hard 0 soft 1 temp 1 loss 3.81 i_con 3.69 plddt 0.36 ptm 0.87 i_ptm 0.47 energy 1.01
24 models [2] recycles 0 hard 0 soft 1 temp 1 loss 3.88 i_con 3.78 plddt 0.37 ptm 0.87 i_ptm 0.49 energy 0.74
25 models [0] recycles 0 hard 0 soft 1 temp 1 loss 3.94 i_con 3.84 plddt 0.33 ptm 0.85 i_ptm 0.45 energy 0.55
26 models [4] recycles 0 hard 0 soft 1 temp 1 loss 4.16 i_con 4.08 plddt 0.30 ptm 0.88 i_ptm 0.33 energy 0.23
27 models [1] recycles 0 hard 0 soft 1 temp 1 loss 4.06 i_con 3.98 plddt 0.30 ptm 0.87 i_ptm 0.36 energy 0.23
28 models [0] recycles 0 hard 0 soft 1 temp 1 loss 3.93 i_con 3.87 plddt 0.37 ptm 0.85 i_ptm 0.43 energy -0.15
29 models [3] recycles 0 hard 0 soft 1 temp 1 loss 3.73 i_con 3.70 plddt 0.37 ptm 0.87 i_ptm 0.48 energy -0.63
30 models [0] recycles 0 hard 0 soft 1 temp 1 loss 3.88 i_con 3.87 plddt 0.36 ptm 0.85 i_ptm 0.42 energy -1.11
31 models [0] recycles 0 hard 0 soft 1 temp 1 loss 3.81 i_con 3.81 plddt 0.37 ptm 0.85 i_ptm 0.45 energy -1.33
32 models [0] recycles 0 hard 0 soft 1 temp 1 loss 3.93 i_con 3.96 plddt 0.32 ptm 0.84 i_ptm 0.35 energy -1.95
33 models [3] recycles 0 hard 0 soft 1 temp 1 loss 3.69 i_con 3.72 plddt 0.34 ptm 0.86 i_ptm 0.47 energy -2.00
34 models [3] recycles 0 hard 0 soft 1 temp 1 loss 3.68 i_con 3.73 plddt 0.36 ptm 0.86 i_ptm 0.47 energy -2.19
35 models [2] recycles 0 hard 0 soft 1 temp 1 loss 3.66 i_con 3.72 plddt 0.41 ptm 0.88 i_ptm 0.52 energy -2.32
36 models [4] recycles 0 hard 0 soft 1 temp 1 loss 3.68 i_con 3.74 plddt 0.37 ptm 0.88 i_ptm 0.50 energy -2.32
37 models [4] recycles 0 hard 0 soft 1 temp 1 loss 3.62 i_con 3.68 plddt 0.37 ptm 0.89 i_ptm 0.55 energy -2.45
38 models [1] recycles 0 hard 0 soft 1 temp 1 loss 3.72 i_con 3.78 plddt 0.37 ptm 0.87 i_ptm 0.47 energy -2.50
39 models [3] recycles 0 hard 0 soft 1 temp 1 loss 3.40 i_con 3.47 plddt 0.51 ptm 0.87 i_ptm 0.64 energy -2.54
40 models [0] recycles 0 hard 0 soft 1 temp 1 loss 3.66 i_con 3.73 plddt 0.43 ptm 0.85 i_ptm 0.52 energy -2.57
41 models [2] recycles 0 hard 0 soft 1 temp 1 loss 3.45 i_con 3.54 plddt 0.53 ptm 0.88 i_ptm 0.62 energy -2.61
42 models [4] recycles 0 hard 0 soft 1 temp 1 loss 3.61 i_con 3.68 plddt 0.41 ptm 0.89 i_ptm 0.53 energy -2.56
43 models [2] recycles 0 hard 0 soft 1 temp 1 loss 3.53 i_con 3.61 plddt 0.47 ptm 0.88 i_ptm 0.58 energy -2.72
44 models [4] recycles 0 hard 0 soft 1 temp 1 loss 3.62 i_con 3.70 plddt 0.39 ptm 0.89 i_ptm 0.54 energy -2.77
45 models [4] recycles 0 hard 0 soft 1 temp 1 loss 3.50 i_con 3.59 plddt 0.45 ptm 0.89 i_ptm 0.59 energy -2.81
46 models [4] recycles 0 hard 0 soft 1 temp 1 loss 3.61 i_con 3.68 plddt 0.40 ptm 0.89 i_ptm 0.53 energy -2.74
47 models [3] recycles 0 hard 0 soft 1 temp 1 loss 3.50 i_con 3.58 plddt 0.45 ptm 0.87 i_ptm 0.58 energy -2.70
48 models [4] recycles 0 hard 0 soft 1 temp 1 loss 3.62 i_con 3.69 plddt 0.37 ptm 0.89 i_ptm 0.51 energy -2.75
49 models [2] recycles 0 hard 0 soft 1 temp 1 loss 3.47 i_con 3.56 plddt 0.48 ptm 0.88 i_ptm 0.62 energy -2.89
50 models [2] recycles 0 hard 0 soft 1 temp 1 loss 3.49 i_con 3.59 plddt 0.48 ptm 0.87 i_ptm 0.62 energy -2.90
51 models [4] recycles 0 hard 0 soft 1 temp 1 loss 3.46 i_con 3.69 plddt 0.41 ptm 0.89 i_ptm 0.53 energy -2.90
52 models [4] recycles 0 hard 0 soft 1 temp 1 loss 3.46 i_con 3.70 plddt 0.40 ptm 0.89 i_ptm 0.51 energy -3.01
53 models [4] recycles 0 hard 0 soft 1 temp 1 loss 3.32 i_con 3.58 plddt 0.42 ptm 0.89 i_ptm 0.58 energy -3.16
54 models [1] recycles 0 hard 0 soft 1 temp 1 loss 4.60 i_con 4.85 plddt 0.28 ptm 0.86 i_ptm 0.17 energy -3.21
55 models [2] recycles 0 hard 0 soft 1 temp 1 loss 3.33 i_con 3.59 plddt 0.45 ptm 0.88 i_ptm 0.58 energy -3.15
56 models [0] recycles 0 hard 0 soft 1 temp 1 loss 3.42 i_con 3.68 plddt 0.43 ptm 0.85 i_ptm 0.51 energy -3.16
57 models [0] recycles 0 hard 0 soft 1 temp 1 loss 3.44 i_con 3.70 plddt 0.44 ptm 0.85 i_ptm 0.52 energy -3.11
58 models [3] recycles 0 hard 0 soft 1 temp 1 loss 3.29 i_con 3.56 plddt 0.46 ptm 0.86 i_ptm 0.56 energy -3.25
59 models [4] recycles 0 hard 0 soft 1 temp 1 loss 3.48 i_con 3.74 plddt 0.37 ptm 0.89 i_ptm 0.52 energy -3.29
60 models [2] recycles 0 hard 0 soft 1 temp 1 loss 2.96 i_con 3.25 plddt 0.58 ptm 0.89 i_ptm 0.74 energy -3.30
61 models [3] recycles 0 hard 0 soft 1 temp 1 loss 3.58 i_con 3.85 plddt 0.34 ptm 0.85 i_ptm 0.45 energy -3.32
62 models [2] recycles 0 hard 0 soft 1 temp 1 loss 3.41 i_con 3.68 plddt 0.46 ptm 0.87 i_ptm 0.57 energy -3.24
63 models [3] recycles 0 hard 0 soft 1 temp 1 loss 3.44 i_con 3.71 plddt 0.38 ptm 0.86 i_ptm 0.49 energy -3.32
64 models [3] recycles 0 hard 0 soft 1 temp 1 loss 3.34 i_con 3.63 plddt 0.42 ptm 0.87 i_ptm 0.54 energy -3.50
65 models [4] recycles 0 hard 0 soft 1 temp 1 loss 3.49 i_con 3.78 plddt 0.36 ptm 0.89 i_ptm 0.48 energy -3.51
66 models [0] recycles 0 hard 0 soft 1 temp 1 loss 3.50 i_con 3.80 plddt 0.35 ptm 0.85 i_ptm 0.45 energy -3.63
67 models [3] recycles 0 hard 0 soft 1 temp 1 loss 3.29 i_con 3.60 plddt 0.44 ptm 0.87 i_ptm 0.56 energy -3.63
68 models [2] recycles 0 hard 0 soft 1 temp 1 loss 3.23 i_con 3.55 plddt 0.47 ptm 0.88 i_ptm 0.61 energy -3.73
69 models [1] recycles 0 hard 0 soft 1 temp 1 loss 3.40 i_con 3.72 plddt 0.42 ptm 0.88 i_ptm 0.52 energy -3.76
70 models [1] recycles 0 hard 0 soft 1 temp 1 loss 3.92 i_con 4.23 plddt 0.29 ptm 0.85 i_ptm 0.26 energy -3.80
71 models [0] recycles 0 hard 0 soft 1 temp 1 loss 3.32 i_con 3.64 plddt 0.47 ptm 0.86 i_ptm 0.58 energy -3.75
72 models [2] recycles 0 hard 0 soft 1 temp 1 loss 3.15 i_con 3.49 plddt 0.51 ptm 0.88 i_ptm 0.65 energy -3.89
73 models [3] recycles 0 hard 0 soft 1 temp 1 loss 3.36 i_con 3.69 plddt 0.40 ptm 0.86 i_ptm 0.51 energy -3.87
74 models [3] recycles 0 hard 0 soft 1 temp 1 loss 3.27 i_con 3.61 plddt 0.45 ptm 0.87 i_ptm 0.57 energy -3.93
75 models [3] recycles 0 hard 0 soft 1 temp 1 loss 3.38 i_con 3.71 plddt 0.39 ptm 0.86 i_ptm 0.50 energy -3.95
76 models [2] recycles 0 hard 0 soft 1 temp 1 loss 3.13 i_con 3.48 plddt 0.52 ptm 0.88 i_ptm 0.67 energy -4.01
77 models [0] recycles 0 hard 0 soft 1 temp 1 loss 3.44 i_con 3.79 plddt 0.36 ptm 0.85 i_ptm 0.47 energy -4.11
78 models [1] recycles 0 hard 0 soft 1 temp 1 loss 3.67 i_con 4.03 plddt 0.30 ptm 0.86 i_ptm 0.33 energy -4.26
79 models [2] recycles 0 hard 0 soft 1 temp 1 loss 3.31 i_con 3.67 plddt 0.41 ptm 0.87 i_ptm 0.53 energy -4.23
80 models [0] recycles 0 hard 0 soft 1 temp 1 loss 2.96 i_con 3.33 plddt 0.56 ptm 0.87 i_ptm 0.67 energy -4.20
81 models [3] recycles 0 hard 0 soft 1 temp 1 loss 3.19 i_con 3.56 plddt 0.49 ptm 0.87 i_ptm 0.60 energy -4.30
82 models [4] recycles 0 hard 0 soft 1 temp 1 loss 3.18 i_con 3.55 plddt 0.46 ptm 0.89 i_ptm 0.61 energy -4.31
83 models [1] recycles 0 hard 0 soft 1 temp 1 loss 3.61 i_con 3.96 plddt 0.31 ptm 0.87 i_ptm 0.37 energy -4.17
84 models [1] recycles 0 hard 0 soft 1 temp 1 loss 3.63 i_con 3.99 plddt 0.32 ptm 0.86 i_ptm 0.39 energy -4.28
85 models [4] recycles 0 hard 0 soft 1 temp 1 loss 3.08 i_con 3.46 plddt 0.46 ptm 0.89 i_ptm 0.62 energy -4.30
86 models [1] recycles 0 hard 0 soft 1 temp 1 loss 3.60 i_con 3.97 plddt 0.30 ptm 0.87 i_ptm 0.36 energy -4.38
87 models [2] recycles 0 hard 0 soft 1 temp 1 loss 3.30 i_con 3.67 plddt 0.41 ptm 0.87 i_ptm 0.53 energy -4.34
88 models [3] recycles 0 hard 0 soft 1 temp 1 loss 3.11 i_con 3.50 plddt 0.45 ptm 0.87 i_ptm 0.59 energy -4.40
89 models [2] recycles 0 hard 0 soft 1 temp 1 loss 3.01 i_con 3.41 plddt 0.52 ptm 0.88 i_ptm 0.66 energy -4.45
90 models [3] recycles 0 hard 0 soft 1 temp 1 loss 3.23 i_con 3.62 plddt 0.44 ptm 0.87 i_ptm 0.54 energy -4.50
91 models [2] recycles 0 hard 0 soft 1 temp 1 loss 3.27 i_con 3.67 plddt 0.43 ptm 0.87 i_ptm 0.55 energy -4.55
92 models [4] recycles 0 hard 0 soft 1 temp 1 loss 3.20 i_con 3.60 plddt 0.44 ptm 0.89 i_ptm 0.58 energy -4.53
93 models [1] recycles 0 hard 0 soft 1 temp 1 loss 3.32 i_con 3.72 plddt 0.41 ptm 0.88 i_ptm 0.51 energy -4.57
94 models [2] recycles 0 hard 0 soft 1 temp 1 loss 3.15 i_con 3.55 plddt 0.49 ptm 0.87 i_ptm 0.62 energy -4.51
95 models [0] recycles 0 hard 0 soft 1 temp 1 loss 3.03 i_con 3.44 plddt 0.52 ptm 0.87 i_ptm 0.64 energy -4.53
96 models [1] recycles 0 hard 0 soft 1 temp 1 loss 4.68 i_con 5.07 plddt 0.27 ptm 0.86 i_ptm 0.17 energy -4.66
97 models [1] recycles 0 hard 0 soft 1 temp 1 loss 3.13 i_con 3.54 plddt 0.45 ptm 0.88 i_ptm 0.60 energy -4.63
98 models [2] recycles 0 hard 0 soft 1 temp 1 loss 3.03 i_con 3.44 plddt 0.51 ptm 0.88 i_ptm 0.66 energy -4.58
99 models [1] recycles 0 hard 0 soft 1 temp 1 loss 3.26 i_con 3.65 plddt 0.43 ptm 0.88 i_ptm 0.55 energy -4.46
100 models [1] recycles 0 hard 0 soft 1 temp 1 loss 3.40 i_con 3.77 plddt 0.35 ptm 0.88 i_ptm 0.48 energy -4.42
101 models [1] recycles 0 hard 0 soft 0 temp 1 loss -5.98 i_con 6.04 plddt 0.29 ptm 0.83 i_ptm 0.17 energy -24.17
102 models [1] recycles 0 hard 0 soft 0 temp 0.98 loss -7.91 i_con 4.25 plddt 0.19 ptm 0.30 i_ptm 0.54 energy -24.48
103 models [3] recycles 0 hard 0 soft 0 temp 0.96 loss -10.98 i_con 1.48 plddt 0.25 ptm 0.78 i_ptm 0.76 energy -25.07
104 models [2] recycles 0 hard 0 soft 0 temp 0.94 loss -9.36 i_con 3.20 plddt 0.19 ptm 0.47 i_ptm 0.47 energy -25.29
105 models [3] recycles 0 hard 0 soft 0 temp 0.92 loss -11.38 i_con 1.18 plddt 0.29 ptm 0.65 i_ptm 0.63 energy -25.25
106 models [2] recycles 0 hard 0 soft 0 temp 0.90 loss -7.00 i_con 5.69 plddt 0.28 ptm 0.86 i_ptm 0.18 energy -25.54
107 models [4] recycles 0 hard 0 soft 0 temp 0.88 loss -6.87 i_con 5.82 plddt 0.23 ptm 0.87 i_ptm 0.17 energy -25.54
108 models [0] recycles 0 hard 0 soft 0 temp 0.86 loss -9.31 i_con 4.30 plddt 0.25 ptm 0.84 i_ptm 0.23 energy -27.37
109 models [4] recycles 0 hard 0 soft 0 temp 0.84 loss -10.29 i_con 4.24 plddt 0.24 ptm 0.88 i_ptm 0.30 energy -29.22
110 models [1] recycles 0 hard 0 soft 0 temp 0.82 loss -9.34 i_con 5.60 plddt 0.26 ptm 0.86 i_ptm 0.14 energy -30.04
111 models [3] recycles 0 hard 0 soft 0 temp 0.80 loss -9.50 i_con 5.95 plddt 0.25 ptm 0.85 i_ptm 0.17 energy -31.05
112 models [3] recycles 0 hard 0 soft 0 temp 0.78 loss -10.27 i_con 5.67 plddt 0.25 ptm 0.86 i_ptm 0.15 energy -32.03
113 models [0] recycles 0 hard 0 soft 0 temp 0.76 loss -11.37 i_con 5.07 plddt 0.25 ptm 0.83 i_ptm 0.17 energy -33.03
114 models [1] recycles 0 hard 0 soft 0 temp 0.74 loss -10.26 i_con 6.45 plddt 0.28 ptm 0.86 i_ptm 0.19 energy -33.57
115 models [4] recycles 0 hard 0 soft 0 temp 0.72 loss -11.49 i_con 5.96 plddt 0.21 ptm 0.87 i_ptm 0.14 energy -35.05
116 models [1] recycles 0 hard 0 soft 0 temp 0.70 loss -11.90 i_con 5.86 plddt 0.26 ptm 0.86 i_ptm 0.15 energy -35.67
117 models [2] recycles 0 hard 0 soft 0 temp 0.68 loss -13.71 i_con 4.27 plddt 0.27 ptm 0.87 i_ptm 0.32 energy -36.11
118 models [4] recycles 0 hard 0 soft 0 temp 0.66 loss -12.77 i_con 5.27 plddt 0.21 ptm 0.87 i_ptm 0.17 energy -36.24
119 models [0] recycles 0 hard 0 soft 0 temp 0.64 loss -14.58 i_con 4.04 plddt 0.29 ptm 0.84 i_ptm 0.32 energy -37.38
120 models [0] recycles 0 hard 0 soft 0 temp 0.62 loss -14.22 i_con 5.13 plddt 0.25 ptm 0.83 i_ptm 0.14 energy -38.85
121 models [3] recycles 0 hard 0 soft 0 temp 0.60 loss -15.45 i_con 4.17 plddt 0.25 ptm 0.85 i_ptm 0.25 energy -39.39
122 models [4] recycles 0 hard 0 soft 0 temp 0.58 loss -14.89 i_con 5.24 plddt 0.19 ptm 0.87 i_ptm 0.13 energy -40.42
123 models [2] recycles 0 hard 0 soft 0 temp 0.56 loss -16.30 i_con 3.85 plddt 0.28 ptm 0.29 i_ptm 0.47 energy -40.43
124 models [4] recycles 0 hard 0 soft 0 temp 0.54 loss -14.69 i_con 5.65 plddt 0.23 ptm 0.87 i_ptm 0.12 energy -40.84
125 models [0] recycles 0 hard 0 soft 0 temp 0.52 loss -15.34 i_con 5.16 plddt 0.25 ptm 0.83 i_ptm 0.14 energy -41.15
126 models [1] recycles 0 hard 0 soft 0 temp 0.50 loss -15.40 i_con 5.55 plddt 0.23 ptm 0.86 i_ptm 0.12 energy -42.05
127 models [3] recycles 0 hard 0 soft 0 temp 0.48 loss -15.88 i_con 5.52 plddt 0.24 ptm 0.84 i_ptm 0.19 energy -42.94
128 models [4] recycles 0 hard 0 soft 0 temp 0.46 loss -15.93 i_con 5.77 plddt 0.22 ptm 0.87 i_ptm 0.15 energy -43.55
129 models [4] recycles 0 hard 0 soft 0 temp 0.44 loss -16.43 i_con 5.51 plddt 0.21 ptm 0.87 i_ptm 0.15 energy -44.03
130 models [1] recycles 0 hard 0 soft 0 temp 0.42 loss -16.50 i_con 5.92 plddt 0.26 ptm 0.86 i_ptm 0.16 energy -44.99
131 models [3] recycles 0 hard 0 soft 0 temp 0.40 loss -18.27 i_con 4.85 plddt 0.22 ptm 0.84 i_ptm 0.13 energy -46.39
132 models [0] recycles 0 hard 0 soft 0 temp 0.38 loss -17.82 i_con 5.26 plddt 0.23 ptm 0.83 i_ptm 0.12 energy -46.32
133 models [3] recycles 0 hard 0 soft 0 temp 0.36 loss -17.52 i_con 5.74 plddt 0.22 ptm 0.85 i_ptm 0.15 energy -46.69
134 models [3] recycles 0 hard 0 soft 0 temp 0.34 loss -18.34 i_con 5.47 plddt 0.23 ptm 0.85 i_ptm 0.11 energy -47.77
135 models [4] recycles 0 hard 0 soft 0 temp 0.32 loss -18.91 i_con 5.16 plddt 0.21 ptm 0.87 i_ptm 0.14 energy -48.31
136 models [4] recycles 0 hard 0 soft 0 temp 0.30 loss -18.64 i_con 5.60 plddt 0.20 ptm 0.87 i_ptm 0.14 energy -48.63
137 models [2] recycles 0 hard 0 soft 0 temp 0.28 loss -19.79 i_con 4.75 plddt 0.23 ptm 0.86 i_ptm 0.17 energy -49.24
138 models [2] recycles 0 hard 0 soft 0 temp 0.26 loss -20.71 i_con 4.10 plddt 0.28 ptm 0.87 i_ptm 0.35 energy -49.78
139 models [0] recycles 0 hard 0 soft 0 temp 0.24 loss -21.02 i_con 4.20 plddt 0.19 ptm 0.32 i_ptm 0.44 energy -50.62
140 models [2] recycles 0 hard 0 soft 0 temp 0.22 loss -20.45 i_con 4.74 plddt 0.15 ptm 0.31 i_ptm 0.41 energy -50.55
141 models [2] recycles 0 hard 0 soft 0 temp 0.20 loss -21.07 i_con 4.02 plddt 0.29 ptm 0.87 i_ptm 0.37 energy -50.34
142 models [1] recycles 0 hard 0 soft 0 temp 0.18 loss -19.68 i_con 6.16 plddt 0.27 ptm 0.86 i_ptm 0.14 energy -51.82
143 models [4] recycles 0 hard 0 soft 0 temp 0.16 loss -20.35 i_con 5.85 plddt 0.20 ptm 0.87 i_ptm 0.13 energy -52.55
144 models [1] recycles 0 hard 0 soft 0 temp 0.14 loss -20.29 i_con 6.33 plddt 0.27 ptm 0.87 i_ptm 0.21 energy -53.38
145 models [0] recycles 0 hard 0 soft 0 temp 0.12 loss -22.89 i_con 4.37 plddt 0.26 ptm 0.84 i_ptm 0.21 energy -54.65
146 models [1] recycles 0 hard 0 soft 0 temp 0.10 loss -21.74 i_con 6.07 plddt 0.28 ptm 0.86 i_ptm 0.17 energy -55.78
147 models [4] recycles 0 hard 0 soft 0 temp 0.08 loss -23.71 i_con 4.46 plddt 0.21 ptm 0.87 i_ptm 0.17 energy -56.49
148 models [1] recycles 0 hard 0 soft 0 temp 0.06 loss -22.08 i_con 6.30 plddt 0.27 ptm 0.85 i_ptm 0.16 energy -56.90
149 models [2] recycles 0 hard 0 soft 0 temp 0.04 loss -23.66 i_con 5.10 plddt 0.23 ptm 0.86 i_ptm 0.18 energy -57.68
150 models [1] recycles 0 hard 0 soft 0 temp 0.02 loss -22.69 i_con 5.99 plddt 0.25 ptm 0.85 i_ptm 0.14 energy -57.50
151 models [3] recycles 0 hard 1 soft 0 temp 0.00 loss -0.35 i_con 3.52 plddt 0.44 ptm 0.87 i_ptm 0.60 energy -4.36
152 models [2] recycles 0 hard 1 soft 0 temp 0.00 loss -0.28 i_con 3.59 plddt 0.43 ptm 0.88 i_ptm 0.59 energy -4.36
153 models [4] recycles 0 hard 1 soft 0 temp 0.00 loss 1.29 i_con 5.14 plddt 0.24 ptm 0.87 i_ptm 0.24 energy -4.36
154 models [1] recycles 0 hard 1 soft 0 temp 0.00 loss 1.90 i_con 5.75 plddt 0.26 ptm 0.86 i_ptm 0.23 energy -4.36
155 models [3] recycles 0 hard 1 soft 0 temp 0.00 loss -0.35 i_con 3.52 plddt 0.44 ptm 0.87 i_ptm 0.60 energy -4.36
156 models [3] recycles 0 hard 1 soft 0 temp 0.00 loss -0.35 i_con 3.52 plddt 0.44 ptm 0.87 i_ptm 0.60 energy -4.36
157 models [4] recycles 0 hard 1 soft 0 temp 0.00 loss 1.29 i_con 5.14 plddt 0.24 ptm 0.87 i_ptm 0.24 energy -4.36
158 models [2] recycles 0 hard 1 soft 0 temp 0.00 loss -0.28 i_con 3.59 plddt 0.43 ptm 0.88 i_ptm 0.59 energy -4.36
159 models [4] recycles 0 hard 1 soft 0 temp 0.00 loss 1.29 i_con 5.14 plddt 0.24 ptm 0.87 i_ptm 0.24 energy -4.36
160 models [3] recycles 0 hard 1 soft 0 temp 0.00 loss -0.35 i_con 3.52 plddt 0.44 ptm 0.87 i_ptm 0.60 energy -4.36
161 models [0] recycles 0 hard 1 soft 0 temp 0.00 loss -0.22 i_con 3.65 plddt 0.42 ptm 0.85 i_ptm 0.56 energy -4.36
162 models [2] recycles 0 hard 1 soft 0 temp 0.00 loss -0.28 i_con 3.59 plddt 0.43 ptm 0.88 i_ptm 0.59 energy -4.36
163 models [1] recycles 0 hard 1 soft 0 temp 0.00 loss 1.90 i_con 5.75 plddt 0.26 ptm 0.86 i_ptm 0.23 energy -4.36
164 models [4] recycles 0 hard 1 soft 0 temp 0.00 loss 1.29 i_con 5.14 plddt 0.24 ptm 0.87 i_ptm 0.24 energy -4.36
165 models [2] recycles 0 hard 1 soft 0 temp 0.00 loss -0.28 i_con 3.59 plddt 0.43 ptm 0.88 i_ptm 0.59 energy -4.36
166 models [4] recycles 0 hard 1 soft 0 temp 0.00 loss 1.29 i_con 5.14 plddt 0.24 ptm 0.87 i_ptm 0.24 energy -4.36
167 models [4] recycles 0 hard 1 soft 0 temp 0.00 loss 1.29 i_con 5.14 plddt 0.24 ptm 0.87 i_ptm 0.24 energy -4.36
168 models [1] recycles 0 hard 1 soft 0 temp 0.00 loss 1.90 i_con 5.75 plddt 0.26 ptm 0.86 i_ptm 0.23 energy -4.36
169 models [0] recycles 0 hard 1 soft 0 temp 0.00 loss -0.22 i_con 3.65 plddt 0.42 ptm 0.85 i_ptm 0.56 energy -4.36
170 models [2] recycles 0 hard 1 soft 0 temp 0.00 loss -0.28 i_con 3.59 plddt 0.43 ptm 0.88 i_ptm 0.59 energy -4.36
171 models [2] recycles 0 hard 1 soft 0 temp 0.00 loss -0.28 i_con 3.59 plddt 0.43 ptm 0.88 i_ptm 0.59 energy -4.36
172 models [3] recycles 0 hard 1 soft 0 temp 0.00 loss -0.35 i_con 3.52 plddt 0.44 ptm 0.87 i_ptm 0.60 energy -4.36
173 models [4] recycles 0 hard 1 soft 0 temp 0.00 loss 1.29 i_con 5.14 plddt 0.24 ptm 0.87 i_ptm 0.24 energy -4.36
174 models [0] recycles 0 hard 1 soft 0 temp 0.00 loss -0.22 i_con 3.65 plddt 0.42 ptm 0.85 i_ptm 0.56 energy -4.36
175 models [0] recycles 0 hard 1 soft 0 temp 0.00 loss -0.22 i_con 3.65 plddt 0.42 ptm 0.85 i_ptm 0.56 energy -4.36
176 models [3] recycles 0 hard 1 soft 0 temp 0.00 loss -0.35 i_con 3.52 plddt 0.44 ptm 0.87 i_ptm 0.60 energy -4.36
177 models [4] recycles 0 hard 1 soft 0 temp 0.00 loss 1.29 i_con 5.14 plddt 0.24 ptm 0.87 i_ptm 0.24 energy -4.36
178 models [1] recycles 0 hard 1 soft 0 temp 0.00 loss 1.90 i_con 5.75 plddt 0.26 ptm 0.86 i_ptm 0.23 energy -4.36
179 models [2] recycles 0 hard 1 soft 0 temp 0.00 loss -0.28 i_con 3.59 plddt 0.43 ptm 0.88 i_ptm 0.59 energy -4.36
180 models [1] recycles 0 hard 1 soft 0 temp 0.00 loss 1.90 i_con 5.75 plddt 0.26 ptm 0.86 i_ptm 0.23 energy -4.36
  seq=DINWAWWVSFWNPFA  loss=1.9013  loss_af=5.8270  energy=-4.3618  i_ptm=0.2284
[20/30] seed=19 ...
1 models [1] recycles 0 hard 0 soft 1 temp 1 loss 4.86 i_con 4.41 plddt 0.22 ptm 0.86 i_ptm 0.22 energy 7.39
2 models [4] recycles 0 hard 0 soft 1 temp 1 loss 4.73 i_con 4.30 plddt 0.26 ptm 0.87 i_ptm 0.25 energy 7.19
3 models [2] recycles 0 hard 0 soft 1 temp 1 loss 4.35 i_con 3.93 plddt 0.32 ptm 0.87 i_ptm 0.39 energy 7.00
4 models [1] recycles 0 hard 0 soft 1 temp 1 loss 4.55 i_con 4.15 plddt 0.23 ptm 0.86 i_ptm 0.27 energy 6.40
5 models [0] recycles 0 hard 0 soft 1 temp 1 loss 4.18 i_con 3.82 plddt 0.37 ptm 0.85 i_ptm 0.51 energy 5.95
6 models [2] recycles 0 hard 0 soft 1 temp 1 loss 4.16 i_con 3.83 plddt 0.37 ptm 0.87 i_ptm 0.50 energy 5.23
7 models [0] recycles 0 hard 0 soft 1 temp 1 loss 4.25 i_con 3.96 plddt 0.35 ptm 0.85 i_ptm 0.42 energy 4.55
8 models [3] recycles 0 hard 0 soft 1 temp 1 loss 4.01 i_con 3.74 plddt 0.36 ptm 0.87 i_ptm 0.48 energy 4.09
9 models [2] recycles 0 hard 0 soft 1 temp 1 loss 4.01 i_con 3.78 plddt 0.38 ptm 0.87 i_ptm 0.47 energy 3.54
10 models [3] recycles 0 hard 0 soft 1 temp 1 loss 3.99 i_con 3.77 plddt 0.34 ptm 0.86 i_ptm 0.45 energy 3.12
11 models [4] recycles 0 hard 0 soft 1 temp 1 loss 4.24 i_con 4.03 plddt 0.33 ptm 0.88 i_ptm 0.38 energy 2.88
12 models [1] recycles 0 hard 0 soft 1 temp 1 loss 4.29 i_con 4.07 plddt 0.27 ptm 0.87 i_ptm 0.31 energy 2.85
13 models [2] recycles 0 hard 0 soft 1 temp 1 loss 3.95 i_con 3.75 plddt 0.39 ptm 0.87 i_ptm 0.51 energy 2.70
14 models [3] recycles 0 hard 0 soft 1 temp 1 loss 3.83 i_con 3.65 plddt 0.40 ptm 0.86 i_ptm 0.51 energy 2.42
15 models [2] recycles 0 hard 0 soft 1 temp 1 loss 3.88 i_con 3.71 plddt 0.39 ptm 0.87 i_ptm 0.50 energy 2.18
16 models [4] recycles 0 hard 0 soft 1 temp 1 loss 3.98 i_con 3.82 plddt 0.36 ptm 0.89 i_ptm 0.45 energy 1.92
17 models [1] recycles 0 hard 0 soft 1 temp 1 loss 3.95 i_con 3.79 plddt 0.32 ptm 0.87 i_ptm 0.47 energy 1.82
18 models [4] recycles 0 hard 0 soft 1 temp 1 loss 5.40 i_con 5.24 plddt 0.28 ptm 0.87 i_ptm 0.22 energy 1.75
19 models [3] recycles 0 hard 0 soft 1 temp 1 loss 3.96 i_con 3.81 plddt 0.34 ptm 0.86 i_ptm 0.43 energy 1.76
20 models [1] recycles 0 hard 0 soft 1 temp 1 loss 4.35 i_con 4.21 plddt 0.27 ptm 0.86 i_ptm 0.24 energy 1.42
21 models [2] recycles 0 hard 0 soft 1 temp 1 loss 3.90 i_con 3.77 plddt 0.36 ptm 0.87 i_ptm 0.46 energy 1.48
22 models [1] recycles 0 hard 0 soft 1 temp 1 loss 4.44 i_con 4.30 plddt 0.25 ptm 0.85 i_ptm 0.20 energy 1.28
23 models [1] recycles 0 hard 0 soft 1 temp 1 loss 4.02 i_con 3.88 plddt 0.35 ptm 0.87 i_ptm 0.41 energy 1.37
24 models [2] recycles 0 hard 0 soft 1 temp 1 loss 3.88 i_con 3.74 plddt 0.35 ptm 0.86 i_ptm 0.46 energy 1.35
25 models [2] recycles 0 hard 0 soft 1 temp 1 loss 3.83 i_con 3.71 plddt 0.37 ptm 0.87 i_ptm 0.49 energy 1.01
26 models [4] recycles 0 hard 0 soft 1 temp 1 loss 3.80 i_con 3.69 plddt 0.39 ptm 0.88 i_ptm 0.53 energy 0.88
27 models [2] recycles 0 hard 0 soft 1 temp 1 loss 3.89 i_con 3.79 plddt 0.38 ptm 0.87 i_ptm 0.48 energy 0.67
28 models [4] recycles 0 hard 0 soft 1 temp 1 loss 3.84 i_con 3.76 plddt 0.36 ptm 0.89 i_ptm 0.48 energy 0.30
29 models [4] recycles 0 hard 0 soft 1 temp 1 loss 3.80 i_con 3.73 plddt 0.41 ptm 0.88 i_ptm 0.52 energy 0.19
30 models [0] recycles 0 hard 0 soft 1 temp 1 loss 4.06 i_con 3.99 plddt 0.34 ptm 0.84 i_ptm 0.34 energy 0.07
31 models [1] recycles 0 hard 0 soft 1 temp 1 loss 3.98 i_con 3.90 plddt 0.30 ptm 0.87 i_ptm 0.40 energy 0.22
32 models [4] recycles 0 hard 0 soft 1 temp 1 loss 3.78 i_con 3.73 plddt 0.42 ptm 0.89 i_ptm 0.53 energy -0.00
33 models [4] recycles 0 hard 0 soft 1 temp 1 loss 3.80 i_con 3.76 plddt 0.38 ptm 0.89 i_ptm 0.50 energy -0.33
34 models [0] recycles 0 hard 0 soft 1 temp 1 loss 3.85 i_con 3.81 plddt 0.39 ptm 0.85 i_ptm 0.44 energy -0.44
35 models [2] recycles 0 hard 0 soft 1 temp 1 loss 3.62 i_con 3.59 plddt 0.48 ptm 0.88 i_ptm 0.57 energy -0.36
36 models [1] recycles 0 hard 0 soft 1 temp 1 loss 4.87 i_con 4.82 plddt 0.27 ptm 0.85 i_ptm 0.16 energy -0.57
37 models [2] recycles 0 hard 0 soft 1 temp 1 loss 3.68 i_con 3.65 plddt 0.43 ptm 0.87 i_ptm 0.54 energy -0.53
38 models [2] recycles 0 hard 0 soft 1 temp 1 loss 3.56 i_con 3.54 plddt 0.49 ptm 0.88 i_ptm 0.61 energy -0.66
39 models [1] recycles 0 hard 0 soft 1 temp 1 loss 4.38 i_con 4.34 plddt 0.27 ptm 0.86 i_ptm 0.20 energy -0.69
40 models [4] recycles 0 hard 0 soft 1 temp 1 loss 3.65 i_con 3.63 plddt 0.40 ptm 0.89 i_ptm 0.52 energy -0.73
41 models [4] recycles 0 hard 0 soft 1 temp 1 loss 3.70 i_con 3.68 plddt 0.37 ptm 0.88 i_ptm 0.50 energy -0.79
42 models [3] recycles 0 hard 0 soft 1 temp 1 loss 3.63 i_con 3.61 plddt 0.40 ptm 0.86 i_ptm 0.52 energy -0.87
43 models [1] recycles 0 hard 0 soft 1 temp 1 loss 3.91 i_con 3.89 plddt 0.32 ptm 0.87 i_ptm 0.40 energy -0.95
44 models [3] recycles 0 hard 0 soft 1 temp 1 loss 3.81 i_con 3.78 plddt 0.37 ptm 0.86 i_ptm 0.47 energy -0.85
45 models [1] recycles 0 hard 0 soft 1 temp 1 loss 4.30 i_con 4.28 plddt 0.28 ptm 0.86 i_ptm 0.24 energy -1.04
46 models [2] recycles 0 hard 0 soft 1 temp 1 loss 3.68 i_con 3.68 plddt 0.39 ptm 0.87 i_ptm 0.52 energy -1.10
47 models [4] recycles 0 hard 0 soft 1 temp 1 loss 3.51 i_con 3.52 plddt 0.48 ptm 0.89 i_ptm 0.61 energy -1.24
48 models [0] recycles 0 hard 0 soft 1 temp 1 loss 3.57 i_con 3.58 plddt 0.44 ptm 0.86 i_ptm 0.58 energy -1.27
49 models [2] recycles 0 hard 0 soft 1 temp 1 loss 3.64 i_con 3.64 plddt 0.42 ptm 0.87 i_ptm 0.58 energy -1.20
50 models [3] recycles 0 hard 0 soft 1 temp 1 loss 3.60 i_con 3.60 plddt 0.41 ptm 0.87 i_ptm 0.58 energy -1.18
51 models [1] recycles 0 hard 0 soft 1 temp 1 loss 3.82 i_con 3.89 plddt 0.33 ptm 0.87 i_ptm 0.41 energy -1.36
52 models [3] recycles 0 hard 0 soft 1 temp 1 loss 3.27 i_con 3.35 plddt 0.50 ptm 0.88 i_ptm 0.66 energy -1.39
53 models [1] recycles 0 hard 0 soft 1 temp 1 loss 3.76 i_con 3.84 plddt 0.34 ptm 0.87 i_ptm 0.48 energy -1.45
54 models [3] recycles 0 hard 0 soft 1 temp 1 loss 3.18 i_con 3.28 plddt 0.54 ptm 0.88 i_ptm 0.68 energy -1.44
55 models [2] recycles 0 hard 0 soft 1 temp 1 loss 3.51 i_con 3.61 plddt 0.39 ptm 0.88 i_ptm 0.58 energy -1.63
56 models [3] recycles 0 hard 0 soft 1 temp 1 loss 3.34 i_con 3.44 plddt 0.49 ptm 0.88 i_ptm 0.63 energy -1.55
57 models [3] recycles 0 hard 0 soft 1 temp 1 loss 2.53 i_con 2.66 plddt 0.69 ptm 0.88 i_ptm 0.81 energy -1.69
58 models [0] recycles 0 hard 0 soft 1 temp 1 loss 3.26 i_con 3.41 plddt 0.57 ptm 0.86 i_ptm 0.68 energy -1.87
59 models [2] recycles 0 hard 0 soft 1 temp 1 loss 3.20 i_con 3.37 plddt 0.56 ptm 0.88 i_ptm 0.69 energy -2.07
60 models [1] recycles 0 hard 0 soft 1 temp 1 loss 3.60 i_con 3.76 plddt 0.40 ptm 0.88 i_ptm 0.53 energy -2.19
61 models [1] recycles 0 hard 0 soft 1 temp 1 loss 3.44 i_con 3.60 plddt 0.46 ptm 0.88 i_ptm 0.57 energy -2.21
62 models [2] recycles 0 hard 0 soft 1 temp 1 loss 3.23 i_con 3.40 plddt 0.55 ptm 0.88 i_ptm 0.68 energy -2.15
63 models [2] recycles 0 hard 0 soft 1 temp 1 loss 3.26 i_con 3.43 plddt 0.51 ptm 0.88 i_ptm 0.65 energy -2.25
64 models [4] recycles 0 hard 0 soft 1 temp 1 loss 2.86 i_con 3.05 plddt 0.63 ptm 0.90 i_ptm 0.76 energy -2.21
65 models [4] recycles 0 hard 0 soft 1 temp 1 loss 2.71 i_con 2.91 plddt 0.63 ptm 0.90 i_ptm 0.79 energy -2.36
66 models [4] recycles 0 hard 0 soft 1 temp 1 loss 4.66 i_con 4.81 plddt 0.32 ptm 0.87 i_ptm 0.23 energy -2.24
67 models [4] recycles 0 hard 0 soft 1 temp 1 loss 3.90 i_con 4.05 plddt 0.33 ptm 0.88 i_ptm 0.35 energy -2.22
68 models [1] recycles 0 hard 0 soft 1 temp 1 loss 3.24 i_con 3.41 plddt 0.53 ptm 0.89 i_ptm 0.67 energy -2.16
69 models [1] recycles 0 hard 0 soft 1 temp 1 loss 3.35 i_con 3.50 plddt 0.48 ptm 0.87 i_ptm 0.60 energy -2.07
70 models [3] recycles 0 hard 0 soft 1 temp 1 loss 3.09 i_con 3.28 plddt 0.57 ptm 0.88 i_ptm 0.70 energy -2.33
71 models [4] recycles 0 hard 0 soft 1 temp 1 loss 3.56 i_con 3.74 plddt 0.38 ptm 0.88 i_ptm 0.51 energy -2.43
72 models [4] recycles 0 hard 0 soft 1 temp 1 loss 3.33 i_con 3.55 plddt 0.46 ptm 0.89 i_ptm 0.60 energy -2.67
73 models [1] recycles 0 hard 0 soft 1 temp 1 loss 3.50 i_con 3.71 plddt 0.40 ptm 0.87 i_ptm 0.53 energy -2.72
74 models [4] recycles 0 hard 0 soft 1 temp 1 loss 3.49 i_con 3.70 plddt 0.43 ptm 0.89 i_ptm 0.56 energy -2.66
75 models [2] recycles 0 hard 0 soft 1 temp 1 loss 3.41 i_con 3.63 plddt 0.47 ptm 0.87 i_ptm 0.60 energy -2.75
76 models [4] recycles 0 hard 0 soft 1 temp 1 loss 3.30 i_con 3.52 plddt 0.47 ptm 0.89 i_ptm 0.61 energy -2.77
77 models [4] recycles 0 hard 0 soft 1 temp 1 loss 3.47 i_con 3.68 plddt 0.44 ptm 0.89 i_ptm 0.56 energy -2.66
78 models [4] recycles 0 hard 0 soft 1 temp 1 loss 3.42 i_con 3.64 plddt 0.43 ptm 0.88 i_ptm 0.56 energy -2.83
79 models [0] recycles 0 hard 0 soft 1 temp 1 loss 3.61 i_con 3.83 plddt 0.36 ptm 0.86 i_ptm 0.45 energy -2.81
80 models [1] recycles 0 hard 0 soft 1 temp 1 loss 3.52 i_con 3.75 plddt 0.40 ptm 0.88 i_ptm 0.53 energy -2.90
81 models [2] recycles 0 hard 0 soft 1 temp 1 loss 3.30 i_con 3.54 plddt 0.49 ptm 0.87 i_ptm 0.62 energy -2.88
82 models [3] recycles 0 hard 0 soft 1 temp 1 loss 3.56 i_con 3.79 plddt 0.37 ptm 0.87 i_ptm 0.48 energy -2.94
83 models [3] recycles 0 hard 0 soft 1 temp 1 loss 2.87 i_con 3.13 plddt 0.59 ptm 0.88 i_ptm 0.75 energy -3.05
84 models [4] recycles 0 hard 0 soft 1 temp 1 loss 3.53 i_con 3.77 plddt 0.39 ptm 0.89 i_ptm 0.52 energy -3.04
85 models [2] recycles 0 hard 0 soft 1 temp 1 loss 3.01 i_con 3.27 plddt 0.60 ptm 0.88 i_ptm 0.72 energy -2.93
86 models [4] recycles 0 hard 0 soft 1 temp 1 loss 3.18 i_con 3.42 plddt 0.53 ptm 0.90 i_ptm 0.65 energy -2.90
87 models [2] recycles 0 hard 0 soft 1 temp 1 loss 2.65 i_con 2.92 plddt 0.66 ptm 0.89 i_ptm 0.80 energy -2.98
88 models [1] recycles 0 hard 0 soft 1 temp 1 loss 4.73 i_con 4.94 plddt 0.26 ptm 0.85 i_ptm 0.14 energy -2.90
89 models [3] recycles 0 hard 0 soft 1 temp 1 loss 2.49 i_con 2.75 plddt 0.69 ptm 0.89 i_ptm 0.82 energy -2.98
90 models [0] recycles 0 hard 0 soft 1 temp 1 loss 2.78 i_con 3.06 plddt 0.63 ptm 0.87 i_ptm 0.77 energy -3.14
91 models [4] recycles 0 hard 0 soft 1 temp 1 loss 2.93 i_con 3.22 plddt 0.60 ptm 0.90 i_ptm 0.73 energy -3.24
92 models [3] recycles 0 hard 0 soft 1 temp 1 loss 2.85 i_con 3.12 plddt 0.59 ptm 0.88 i_ptm 0.74 energy -3.17
93 models [2] recycles 0 hard 0 soft 1 temp 1 loss 3.09 i_con 3.36 plddt 0.55 ptm 0.88 i_ptm 0.68 energy -3.18
94 models [0] recycles 0 hard 0 soft 1 temp 1 loss 3.46 i_con 3.73 plddt 0.45 ptm 0.85 i_ptm 0.51 energy -3.17
95 models [0] recycles 0 hard 0 soft 1 temp 1 loss 3.57 i_con 3.83 plddt 0.41 ptm 0.85 i_ptm 0.44 energy -3.22
96 models [0] recycles 0 hard 0 soft 1 temp 1 loss 3.09 i_con 3.37 plddt 0.54 ptm 0.86 i_ptm 0.67 energy -3.22
97 models [4] recycles 0 hard 0 soft 1 temp 1 loss 3.20 i_con 3.48 plddt 0.49 ptm 0.89 i_ptm 0.62 energy -3.23
98 models [0] recycles 0 hard 0 soft 1 temp 1 loss 3.14 i_con 3.41 plddt 0.55 ptm 0.86 i_ptm 0.67 energy -3.16
99 models [4] recycles 0 hard 0 soft 1 temp 1 loss 3.03 i_con 3.31 plddt 0.54 ptm 0.89 i_ptm 0.69 energy -3.25
100 models [1] recycles 0 hard 0 soft 1 temp 1 loss 4.53 i_con 4.79 plddt 0.31 ptm 0.85 i_ptm 0.13 energy -3.31
101 models [2] recycles 0 hard 0 soft 0 temp 1 loss -4.47 i_con 4.50 plddt 0.20 ptm 0.18 i_ptm 0.25 energy -18.12
102 models [3] recycles 0 hard 0 soft 0 temp 0.98 loss -4.43 i_con 4.90 plddt 0.21 ptm 0.74 i_ptm 0.35 energy -18.80
103 models [3] recycles 0 hard 0 soft 0 temp 0.96 loss -3.74 i_con 5.88 plddt 0.28 ptm 0.86 i_ptm 0.27 energy -19.40
104 models [2] recycles 0 hard 0 soft 0 temp 0.94 loss -5.56 i_con 4.39 plddt 0.20 ptm 0.20 i_ptm 0.36 energy -20.05
105 models [2] recycles 0 hard 0 soft 0 temp 0.92 loss -6.09 i_con 4.19 plddt 0.24 ptm 0.21 i_ptm 0.38 energy -20.71
106 models [4] recycles 0 hard 0 soft 0 temp 0.90 loss -5.49 i_con 5.26 plddt 0.13 ptm 0.13 i_ptm 0.32 energy -21.68
107 models [3] recycles 0 hard 0 soft 0 temp 0.88 loss -5.70 i_con 5.33 plddt 0.26 ptm 0.85 i_ptm 0.18 energy -22.20
108 models [1] recycles 0 hard 0 soft 0 temp 0.86 loss -5.15 i_con 6.10 plddt 0.27 ptm 0.85 i_ptm 0.17 energy -22.65
109 models [2] recycles 0 hard 0 soft 0 temp 0.84 loss -6.71 i_con 5.45 plddt 0.26 ptm 0.85 i_ptm 0.14 energy -24.47
110 models [3] recycles 0 hard 0 soft 0 temp 0.82 loss -7.47 i_con 5.26 plddt 0.26 ptm 0.84 i_ptm 0.16 energy -25.60
111 models [1] recycles 0 hard 0 soft 0 temp 0.80 loss -7.00 i_con 5.90 plddt 0.26 ptm 0.85 i_ptm 0.13 energy -25.94
112 models [3] recycles 0 hard 0 soft 0 temp 0.78 loss -9.30 i_con 4.42 plddt 0.25 ptm 0.85 i_ptm 0.18 energy -27.59
113 models [0] recycles 0 hard 0 soft 0 temp 0.76 loss -9.80 i_con 4.35 plddt 0.28 ptm 0.83 i_ptm 0.20 energy -28.43
114 models [0] recycles 0 hard 0 soft 0 temp 0.74 loss -10.47 i_con 4.06 plddt 0.30 ptm 0.83 i_ptm 0.29 energy -29.20
115 models [0] recycles 0 hard 0 soft 0 temp 0.72 loss -11.19 i_con 4.16 plddt 0.28 ptm 0.84 i_ptm 0.28 energy -30.84
116 models [2] recycles 0 hard 0 soft 0 temp 0.70 loss -11.65 i_con 4.47 plddt 0.26 ptm 0.85 i_ptm 0.20 energy -32.39
117 models [2] recycles 0 hard 0 soft 0 temp 0.68 loss -11.91 i_con 4.62 plddt 0.26 ptm 0.85 i_ptm 0.17 energy -33.20
118 models [3] recycles 0 hard 0 soft 0 temp 0.66 loss -12.07 i_con 4.47 plddt 0.23 ptm 0.84 i_ptm 0.14 energy -33.24
119 models [0] recycles 0 hard 0 soft 0 temp 0.64 loss -12.72 i_con 4.09 plddt 0.29 ptm 0.84 i_ptm 0.30 energy -33.76
120 models [1] recycles 0 hard 0 soft 0 temp 0.62 loss -13.19 i_con 4.53 plddt 0.26 ptm 0.86 i_ptm 0.17 energy -35.59
121 models [0] recycles 0 hard 0 soft 0 temp 0.60 loss -13.71 i_con 4.06 plddt 0.30 ptm 0.84 i_ptm 0.30 energy -35.69
122 models [2] recycles 0 hard 0 soft 0 temp 0.58 loss -14.83 i_con 3.91 plddt 0.32 ptm 0.87 i_ptm 0.40 energy -37.62
123 models [0] recycles 0 hard 0 soft 0 temp 0.56 loss -15.54 i_con 4.07 plddt 0.28 ptm 0.85 i_ptm 0.29 energy -39.37
124 models [4] recycles 0 hard 0 soft 0 temp 0.54 loss -16.25 i_con 4.38 plddt 0.25 ptm 0.88 i_ptm 0.22 energy -41.40
125 models [1] recycles 0 hard 0 soft 0 temp 0.52 loss -14.95 i_con 5.81 plddt 0.26 ptm 0.86 i_ptm 0.17 energy -41.67
126 models [1] recycles 0 hard 0 soft 0 temp 0.50 loss -17.75 i_con 3.92 plddt 0.30 ptm 0.88 i_ptm 0.38 energy -43.48
127 models [1] recycles 0 hard 0 soft 0 temp 0.48 loss -18.39 i_con 4.07 plddt 0.29 ptm 0.87 i_ptm 0.29 energy -45.07
128 models [2] recycles 0 hard 0 soft 0 temp 0.46 loss -19.60 i_con 3.95 plddt 0.30 ptm 0.87 i_ptm 0.38 energy -47.24
129 models [0] recycles 0 hard 0 soft 0 temp 0.44 loss -20.45 i_con 4.05 plddt 0.27 ptm 0.85 i_ptm 0.28 energy -49.14
130 models [4] recycles 0 hard 0 soft 0 temp 0.42 loss -20.27 i_con 5.19 plddt 0.25 ptm 0.87 i_ptm 0.18 energy -51.06
131 models [0] recycles 0 hard 0 soft 0 temp 0.40 loss -22.23 i_con 4.20 plddt 0.26 ptm 0.84 i_ptm 0.26 energy -53.01
132 models [0] recycles 0 hard 0 soft 0 temp 0.38 loss -22.78 i_con 4.30 plddt 0.24 ptm 0.83 i_ptm 0.21 energy -54.33
133 models [2] recycles 0 hard 0 soft 0 temp 0.36 loss -24.05 i_con 3.88 plddt 0.32 ptm 0.87 i_ptm 0.41 energy -56.00
134 models [4] recycles 0 hard 0 soft 0 temp 0.34 loss -23.97 i_con 4.94 plddt 0.25 ptm 0.87 i_ptm 0.19 energy -57.96
135 models [2] recycles 0 hard 0 soft 0 temp 0.32 loss -25.18 i_con 3.95 plddt 0.30 ptm 0.86 i_ptm 0.36 energy -58.41
136 models [1] recycles 0 hard 0 soft 0 temp 0.30 loss -24.84 i_con 5.32 plddt 0.25 ptm 0.87 i_ptm 0.12 energy -60.48
137 models [3] recycles 0 hard 0 soft 0 temp 0.28 loss -26.43 i_con 4.21 plddt 0.24 ptm 0.85 i_ptm 0.26 energy -61.44
138 models [1] recycles 0 hard 0 soft 0 temp 0.26 loss -26.83 i_con 4.36 plddt 0.26 ptm 0.87 i_ptm 0.19 energy -62.53
139 models [3] recycles 0 hard 0 soft 0 temp 0.24 loss -26.73 i_con 4.99 plddt 0.23 ptm 0.84 i_ptm 0.15 energy -63.60
140 models [2] recycles 0 hard 0 soft 0 temp 0.22 loss -27.99 i_con 4.10 plddt 0.28 ptm 0.86 i_ptm 0.31 energy -64.34
141 models [0] recycles 0 hard 0 soft 0 temp 0.20 loss -28.08 i_con 4.35 plddt 0.24 ptm 0.83 i_ptm 0.20 energy -65.02
142 models [1] recycles 0 hard 0 soft 0 temp 0.18 loss -28.76 i_con 4.26 plddt 0.28 ptm 0.86 i_ptm 0.25 energy -66.17
143 models [4] recycles 0 hard 0 soft 0 temp 0.16 loss -28.50 i_con 5.44 plddt 0.21 ptm 0.87 i_ptm 0.14 energy -68.03
144 models [4] recycles 0 hard 0 soft 0 temp 0.14 loss -29.43 i_con 5.20 plddt 0.25 ptm 0.87 i_ptm 0.18 energy -69.41
145 models [0] recycles 0 hard 0 soft 0 temp 0.12 loss -31.39 i_con 4.03 plddt 0.30 ptm 0.84 i_ptm 0.35 energy -70.98
146 models [0] recycles 0 hard 0 soft 0 temp 0.10 loss -32.25 i_con 4.21 plddt 0.27 ptm 0.83 i_ptm 0.26 energy -73.08
147 models [2] recycles 0 hard 0 soft 0 temp 0.08 loss -33.47 i_con 3.90 plddt 0.29 ptm 0.87 i_ptm 0.40 energy -74.87
148 models [3] recycles 0 hard 0 soft 0 temp 0.06 loss -34.11 i_con 4.17 plddt 0.24 ptm 0.85 i_ptm 0.28 energy -76.71
149 models [3] recycles 0 hard 0 soft 0 temp 0.04 loss -33.54 i_con 5.52 plddt 0.21 ptm 0.85 i_ptm 0.16 energy -78.28
150 models [2] recycles 0 hard 0 soft 0 temp 0.02 loss -35.89 i_con 3.98 plddt 0.30 ptm 0.86 i_ptm 0.36 energy -79.88
151 models [3] recycles 0 hard 1 soft 0 temp 0.00 loss -1.66 i_con 3.96 plddt 0.27 ptm 0.86 i_ptm 0.37 energy -6.32
152 models [1] recycles 0 hard 1 soft 0 temp 0.00 loss 0.17 i_con 5.79 plddt 0.28 ptm 0.86 i_ptm 0.20 energy -6.32
153 models [3] recycles 0 hard 1 soft 0 temp 0.00 loss -1.66 i_con 3.96 plddt 0.27 ptm 0.86 i_ptm 0.37 energy -6.32
154 models [4] recycles 0 hard 1 soft 0 temp 0.00 loss -1.70 i_con 3.92 plddt 0.28 ptm 0.89 i_ptm 0.42 energy -6.32
155 models [4] recycles 0 hard 1 soft 0 temp 0.00 loss -1.70 i_con 3.92 plddt 0.28 ptm 0.89 i_ptm 0.42 energy -6.32
156 models [1] recycles 0 hard 1 soft 0 temp 0.00 loss 0.17 i_con 5.79 plddt 0.28 ptm 0.86 i_ptm 0.20 energy -6.32
157 models [2] recycles 0 hard 1 soft 0 temp 0.00 loss -1.68 i_con 3.94 plddt 0.28 ptm 0.87 i_ptm 0.41 energy -6.32
158 models [1] recycles 0 hard 1 soft 0 temp 0.00 loss 0.17 i_con 5.79 plddt 0.28 ptm 0.86 i_ptm 0.20 energy -6.32
159 models [2] recycles 0 hard 1 soft 0 temp 0.00 loss -1.68 i_con 3.94 plddt 0.28 ptm 0.87 i_ptm 0.41 energy -6.32
160 models [1] recycles 0 hard 1 soft 0 temp 0.00 loss 0.17 i_con 5.79 plddt 0.28 ptm 0.86 i_ptm 0.20 energy -6.32
161 models [1] recycles 0 hard 1 soft 0 temp 0.00 loss 0.17 i_con 5.79 plddt 0.28 ptm 0.86 i_ptm 0.20 energy -6.32
162 models [2] recycles 0 hard 1 soft 0 temp 0.00 loss -1.68 i_con 3.94 plddt 0.28 ptm 0.87 i_ptm 0.41 energy -6.32
163 models [2] recycles 0 hard 1 soft 0 temp 0.00 loss -1.68 i_con 3.94 plddt 0.28 ptm 0.87 i_ptm 0.41 energy -6.32
164 models [3] recycles 0 hard 1 soft 0 temp 0.00 loss -1.66 i_con 3.96 plddt 0.27 ptm 0.86 i_ptm 0.37 energy -6.32
165 models [2] recycles 0 hard 1 soft 0 temp 0.00 loss -1.68 i_con 3.94 plddt 0.28 ptm 0.87 i_ptm 0.41 energy -6.32
166 models [2] recycles 0 hard 1 soft 0 temp 0.00 loss -1.68 i_con 3.94 plddt 0.28 ptm 0.87 i_ptm 0.41 energy -6.32
167 models [3] recycles 0 hard 1 soft 0 temp 0.00 loss -1.66 i_con 3.96 plddt 0.27 ptm 0.86 i_ptm 0.37 energy -6.32
168 models [3] recycles 0 hard 1 soft 0 temp 0.00 loss -1.66 i_con 3.96 plddt 0.27 ptm 0.86 i_ptm 0.37 energy -6.32
169 models [2] recycles 0 hard 1 soft 0 temp 0.00 loss -1.68 i_con 3.94 plddt 0.28 ptm 0.87 i_ptm 0.41 energy -6.32
170 models [1] recycles 0 hard 1 soft 0 temp 0.00 loss 0.17 i_con 5.79 plddt 0.28 ptm 0.86 i_ptm 0.20 energy -6.32
171 models [1] recycles 0 hard 1 soft 0 temp 0.00 loss 0.17 i_con 5.79 plddt 0.28 ptm 0.86 i_ptm 0.20 energy -6.32
172 models [3] recycles 0 hard 1 soft 0 temp 0.00 loss -1.66 i_con 3.96 plddt 0.27 ptm 0.86 i_ptm 0.37 energy -6.32
173 models [1] recycles 0 hard 1 soft 0 temp 0.00 loss 0.17 i_con 5.79 plddt 0.28 ptm 0.86 i_ptm 0.20 energy -6.32
174 models [0] recycles 0 hard 1 soft 0 temp 0.00 loss -0.73 i_con 4.88 plddt 0.22 ptm 0.82 i_ptm 0.13 energy -6.32
175 models [0] recycles 0 hard 1 soft 0 temp 0.00 loss -0.73 i_con 4.88 plddt 0.22 ptm 0.82 i_ptm 0.13 energy -6.32
176 models [3] recycles 0 hard 1 soft 0 temp 0.00 loss -1.66 i_con 3.96 plddt 0.27 ptm 0.86 i_ptm 0.37 energy -6.32
177 models [2] recycles 0 hard 1 soft 0 temp 0.00 loss -1.68 i_con 3.94 plddt 0.28 ptm 0.87 i_ptm 0.41 energy -6.32
178 models [0] recycles 0 hard 1 soft 0 temp 0.00 loss -0.73 i_con 4.88 plddt 0.22 ptm 0.82 i_ptm 0.13 energy -6.32
179 models [0] recycles 0 hard 1 soft 0 temp 0.00 loss -0.73 i_con 4.88 plddt 0.22 ptm 0.82 i_ptm 0.13 energy -6.32
180 models [1] recycles 0 hard 1 soft 0 temp 0.00 loss 0.17 i_con 5.79 plddt 0.28 ptm 0.86 i_ptm 0.20 energy -6.32
  seq=DHGNAWWASNWQKDC  loss=0.1720  loss_af=5.8636  energy=-6.3241  i_ptm=0.2024
[21/30] seed=20 ...
1 models [2] recycles 0 hard 0 soft 1 temp 1 loss 4.93 i_con 4.49 plddt 0.24 ptm 0.85 i_ptm 0.22 energy 7.38
2 models [2] recycles 0 hard 0 soft 1 temp 1 loss 4.51 i_con 4.08 plddt 0.28 ptm 0.86 i_ptm 0.37 energy 7.29
3 models [2] recycles 0 hard 0 soft 1 temp 1 loss 4.35 i_con 3.93 plddt 0.31 ptm 0.87 i_ptm 0.39 energy 7.07
4 models [1] recycles 0 hard 0 soft 1 temp 1 loss 4.35 i_con 3.96 plddt 0.29 ptm 0.87 i_ptm 0.37 energy 6.50
5 models [4] recycles 0 hard 0 soft 1 temp 1 loss 4.61 i_con 4.24 plddt 0.28 ptm 0.88 i_ptm 0.29 energy 6.07
6 models [2] recycles 0 hard 0 soft 1 temp 1 loss 4.27 i_con 3.90 plddt 0.35 ptm 0.86 i_ptm 0.43 energy 6.06
7 models [4] recycles 0 hard 0 soft 1 temp 1 loss 4.37 i_con 4.03 plddt 0.28 ptm 0.88 i_ptm 0.37 energy 5.43
8 models [4] recycles 0 hard 0 soft 1 temp 1 loss 4.02 i_con 3.71 plddt 0.35 ptm 0.89 i_ptm 0.53 energy 5.08
9 models [2] recycles 0 hard 0 soft 1 temp 1 loss 3.99 i_con 3.70 plddt 0.39 ptm 0.88 i_ptm 0.54 energy 4.43
10 models [4] recycles 0 hard 0 soft 1 temp 1 loss 4.19 i_con 3.92 plddt 0.29 ptm 0.88 i_ptm 0.42 energy 4.02
11 models [0] recycles 0 hard 0 soft 1 temp 1 loss 4.03 i_con 3.78 plddt 0.37 ptm 0.86 i_ptm 0.49 energy 3.73
12 models [0] recycles 0 hard 0 soft 1 temp 1 loss 4.00 i_con 3.78 plddt 0.40 ptm 0.85 i_ptm 0.50 energy 3.07
13 models [0] recycles 0 hard 0 soft 1 temp 1 loss 3.80 i_con 3.61 plddt 0.42 ptm 0.86 i_ptm 0.59 energy 2.61
14 models [0] recycles 0 hard 0 soft 1 temp 1 loss 3.91 i_con 3.73 plddt 0.42 ptm 0.85 i_ptm 0.53 energy 2.48
15 models [3] recycles 0 hard 0 soft 1 temp 1 loss 3.90 i_con 3.72 plddt 0.39 ptm 0.87 i_ptm 0.48 energy 2.33
16 models [3] recycles 0 hard 0 soft 1 temp 1 loss 3.58 i_con 3.43 plddt 0.42 ptm 0.87 i_ptm 0.64 energy 1.90
17 models [4] recycles 0 hard 0 soft 1 temp 1 loss 4.03 i_con 3.87 plddt 0.34 ptm 0.88 i_ptm 0.44 energy 1.85
18 models [4] recycles 0 hard 0 soft 1 temp 1 loss 3.89 i_con 3.75 plddt 0.41 ptm 0.89 i_ptm 0.53 energy 1.77
19 models [2] recycles 0 hard 0 soft 1 temp 1 loss 4.00 i_con 3.86 plddt 0.37 ptm 0.87 i_ptm 0.48 energy 1.58
20 models [0] recycles 0 hard 0 soft 1 temp 1 loss 3.98 i_con 3.85 plddt 0.39 ptm 0.85 i_ptm 0.43 energy 1.37
21 models [4] recycles 0 hard 0 soft 1 temp 1 loss 4.02 i_con 3.90 plddt 0.33 ptm 0.88 i_ptm 0.45 energy 1.06
22 models [0] recycles 0 hard 0 soft 1 temp 1 loss 3.86 i_con 3.75 plddt 0.40 ptm 0.86 i_ptm 0.50 energy 0.96
23 models [0] recycles 0 hard 0 soft 1 temp 1 loss 3.93 i_con 3.83 plddt 0.40 ptm 0.85 i_ptm 0.46 energy 0.81
24 models [2] recycles 0 hard 0 soft 1 temp 1 loss 3.85 i_con 3.76 plddt 0.41 ptm 0.87 i_ptm 0.53 energy 0.60
25 models [3] recycles 0 hard 0 soft 1 temp 1 loss 3.82 i_con 3.74 plddt 0.35 ptm 0.86 i_ptm 0.46 energy 0.21
26 models [0] recycles 0 hard 0 soft 1 temp 1 loss 3.96 i_con 3.89 plddt 0.35 ptm 0.85 i_ptm 0.41 energy 0.03
27 models [4] recycles 0 hard 0 soft 1 temp 1 loss 5.67 i_con 5.61 plddt 0.27 ptm 0.86 i_ptm 0.19 energy -0.35
28 models [4] recycles 0 hard 0 soft 1 temp 1 loss 3.89 i_con 3.84 plddt 0.37 ptm 0.88 i_ptm 0.49 energy -0.36
29 models [3] recycles 0 hard 0 soft 1 temp 1 loss 3.46 i_con 3.44 plddt 0.44 ptm 0.87 i_ptm 0.65 energy -0.72
30 models [3] recycles 0 hard 0 soft 1 temp 1 loss 3.65 i_con 3.63 plddt 0.44 ptm 0.87 i_ptm 0.55 energy -0.91
31 models [4] recycles 0 hard 0 soft 1 temp 1 loss 5.39 i_con 5.37 plddt 0.24 ptm 0.86 i_ptm 0.10 energy -1.01
32 models [0] recycles 0 hard 0 soft 1 temp 1 loss 3.84 i_con 3.83 plddt 0.38 ptm 0.85 i_ptm 0.45 energy -0.99
33 models [0] recycles 0 hard 0 soft 1 temp 1 loss 3.79 i_con 3.80 plddt 0.40 ptm 0.85 i_ptm 0.47 energy -1.36
34 models [3] recycles 0 hard 0 soft 1 temp 1 loss 3.69 i_con 3.71 plddt 0.40 ptm 0.86 i_ptm 0.54 energy -1.49
35 models [2] recycles 0 hard 0 soft 1 temp 1 loss 3.80 i_con 3.81 plddt 0.41 ptm 0.87 i_ptm 0.51 energy -1.32
36 models [3] recycles 0 hard 0 soft 1 temp 1 loss 3.63 i_con 3.65 plddt 0.41 ptm 0.87 i_ptm 0.53 energy -1.61
37 models [3] recycles 0 hard 0 soft 1 temp 1 loss 3.54 i_con 3.57 plddt 0.41 ptm 0.87 i_ptm 0.59 energy -1.85
38 models [2] recycles 0 hard 0 soft 1 temp 1 loss 3.70 i_con 3.73 plddt 0.45 ptm 0.87 i_ptm 0.50 energy -1.58
39 models [3] recycles 0 hard 0 soft 1 temp 1 loss 3.61 i_con 3.64 plddt 0.38 ptm 0.87 i_ptm 0.55 energy -1.80
40 models [1] recycles 0 hard 0 soft 1 temp 1 loss 4.18 i_con 4.19 plddt 0.25 ptm 0.86 i_ptm 0.24 energy -1.76
41 models [0] recycles 0 hard 0 soft 1 temp 1 loss 3.44 i_con 3.47 plddt 0.45 ptm 0.86 i_ptm 0.62 energy -1.63
42 models [3] recycles 0 hard 0 soft 1 temp 1 loss 3.56 i_con 3.57 plddt 0.40 ptm 0.87 i_ptm 0.59 energy -1.44
43 models [4] recycles 0 hard 0 soft 1 temp 1 loss 5.51 i_con 5.51 plddt 0.27 ptm 0.87 i_ptm 0.23 energy -1.39
44 models [0] recycles 0 hard 0 soft 1 temp 1 loss 3.94 i_con 3.95 plddt 0.36 ptm 0.84 i_ptm 0.41 energy -1.42
45 models [1] recycles 0 hard 0 soft 1 temp 1 loss 3.91 i_con 3.91 plddt 0.31 ptm 0.87 i_ptm 0.38 energy -1.34
46 models [4] recycles 0 hard 0 soft 1 temp 1 loss 3.77 i_con 3.78 plddt 0.38 ptm 0.88 i_ptm 0.50 energy -1.41
47 models [4] recycles 0 hard 0 soft 1 temp 1 loss 3.77 i_con 3.79 plddt 0.41 ptm 0.89 i_ptm 0.52 energy -1.61
48 models [0] recycles 0 hard 0 soft 1 temp 1 loss 3.74 i_con 3.78 plddt 0.44 ptm 0.84 i_ptm 0.49 energy -1.80
49 models [3] recycles 0 hard 0 soft 1 temp 1 loss 3.19 i_con 3.23 plddt 0.46 ptm 0.88 i_ptm 0.69 energy -1.96
50 models [3] recycles 0 hard 0 soft 1 temp 1 loss 3.50 i_con 3.53 plddt 0.43 ptm 0.87 i_ptm 0.60 energy -1.78
51 models [4] recycles 0 hard 0 soft 1 temp 1 loss 3.57 i_con 3.70 plddt 0.42 ptm 0.89 i_ptm 0.55 energy -1.96
52 models [3] recycles 0 hard 0 soft 1 temp 1 loss 3.41 i_con 3.57 plddt 0.43 ptm 0.86 i_ptm 0.59 energy -2.08
53 models [4] recycles 0 hard 0 soft 1 temp 1 loss 3.57 i_con 3.70 plddt 0.43 ptm 0.89 i_ptm 0.54 energy -1.80
54 models [1] recycles 0 hard 0 soft 1 temp 1 loss 4.28 i_con 4.40 plddt 0.25 ptm 0.85 i_ptm 0.17 energy -1.89
55 models [0] recycles 0 hard 0 soft 1 temp 1 loss 3.58 i_con 3.70 plddt 0.44 ptm 0.86 i_ptm 0.53 energy -1.71
56 models [4] recycles 0 hard 0 soft 1 temp 1 loss 3.60 i_con 3.75 plddt 0.36 ptm 0.89 i_ptm 0.51 energy -2.11
57 models [0] recycles 0 hard 0 soft 1 temp 1 loss 3.58 i_con 3.76 plddt 0.42 ptm 0.85 i_ptm 0.49 energy -2.31
58 models [0] recycles 0 hard 0 soft 1 temp 1 loss 3.53 i_con 3.71 plddt 0.41 ptm 0.85 i_ptm 0.52 energy -2.37
59 models [2] recycles 0 hard 0 soft 1 temp 1 loss 3.62 i_con 3.79 plddt 0.36 ptm 0.87 i_ptm 0.48 energy -2.34
60 models [4] recycles 0 hard 0 soft 1 temp 1 loss 3.68 i_con 3.85 plddt 0.37 ptm 0.88 i_ptm 0.47 energy -2.36
61 models [3] recycles 0 hard 0 soft 1 temp 1 loss 3.50 i_con 3.69 plddt 0.39 ptm 0.87 i_ptm 0.51 energy -2.44
62 models [0] recycles 0 hard 0 soft 1 temp 1 loss 3.52 i_con 3.72 plddt 0.43 ptm 0.85 i_ptm 0.52 energy -2.60
63 models [1] recycles 0 hard 0 soft 1 temp 1 loss 4.05 i_con 4.25 plddt 0.26 ptm 0.86 i_ptm 0.21 energy -2.74
64 models [4] recycles 0 hard 0 soft 1 temp 1 loss 3.35 i_con 3.56 plddt 0.48 ptm 0.90 i_ptm 0.62 energy -2.64
65 models [4] recycles 0 hard 0 soft 1 temp 1 loss 3.57 i_con 3.77 plddt 0.38 ptm 0.89 i_ptm 0.50 energy -2.62
66 models [2] recycles 0 hard 0 soft 1 temp 1 loss 3.29 i_con 3.51 plddt 0.54 ptm 0.88 i_ptm 0.62 energy -2.64
67 models [4] recycles 0 hard 0 soft 1 temp 1 loss 5.53 i_con 5.73 plddt 0.26 ptm 0.87 i_ptm 0.19 energy -2.73
68 models [2] recycles 0 hard 0 soft 1 temp 1 loss 3.43 i_con 3.65 plddt 0.42 ptm 0.88 i_ptm 0.57 energy -2.78
69 models [3] recycles 0 hard 0 soft 1 temp 1 loss 3.40 i_con 3.62 plddt 0.45 ptm 0.86 i_ptm 0.55 energy -2.75
70 models [3] recycles 0 hard 0 soft 1 temp 1 loss 4.14 i_con 4.36 plddt 0.29 ptm 0.85 i_ptm 0.22 energy -2.89
71 models [3] recycles 0 hard 0 soft 1 temp 1 loss 3.38 i_con 3.61 plddt 0.44 ptm 0.87 i_ptm 0.56 energy -2.86
72 models [3] recycles 0 hard 0 soft 1 temp 1 loss 3.51 i_con 3.75 plddt 0.40 ptm 0.86 i_ptm 0.47 energy -2.95
73 models [3] recycles 0 hard 0 soft 1 temp 1 loss 3.40 i_con 3.65 plddt 0.46 ptm 0.86 i_ptm 0.56 energy -3.00
74 models [3] recycles 0 hard 0 soft 1 temp 1 loss 3.84 i_con 4.07 plddt 0.30 ptm 0.85 i_ptm 0.31 energy -3.03
75 models [4] recycles 0 hard 0 soft 1 temp 1 loss 3.29 i_con 3.53 plddt 0.44 ptm 0.89 i_ptm 0.58 energy -2.96
76 models [4] recycles 0 hard 0 soft 1 temp 1 loss 3.41 i_con 3.65 plddt 0.46 ptm 0.89 i_ptm 0.58 energy -2.98
77 models [0] recycles 0 hard 0 soft 1 temp 1 loss 3.55 i_con 3.78 plddt 0.38 ptm 0.85 i_ptm 0.48 energy -2.93
78 models [0] recycles 0 hard 0 soft 1 temp 1 loss 3.25 i_con 3.48 plddt 0.41 ptm 0.86 i_ptm 0.60 energy -2.88
79 models [4] recycles 0 hard 0 soft 1 temp 1 loss 3.53 i_con 3.76 plddt 0.37 ptm 0.89 i_ptm 0.51 energy -2.92
80 models [1] recycles 0 hard 0 soft 1 temp 1 loss 3.53 i_con 3.76 plddt 0.36 ptm 0.87 i_ptm 0.49 energy -2.93
81 models [3] recycles 0 hard 0 soft 1 temp 1 loss 3.41 i_con 3.65 plddt 0.40 ptm 0.87 i_ptm 0.54 energy -2.99
82 models [2] recycles 0 hard 0 soft 1 temp 1 loss 3.48 i_con 3.73 plddt 0.41 ptm 0.87 i_ptm 0.53 energy -3.15
83 models [1] recycles 0 hard 0 soft 1 temp 1 loss 3.40 i_con 3.66 plddt 0.39 ptm 0.88 i_ptm 0.55 energy -3.28
84 models [4] recycles 0 hard 0 soft 1 temp 1 loss 3.11 i_con 3.39 plddt 0.53 ptm 0.90 i_ptm 0.67 energy -3.29
85 models [1] recycles 0 hard 0 soft 1 temp 1 loss 3.37 i_con 3.65 plddt 0.43 ptm 0.88 i_ptm 0.53 energy -3.35
86 models [1] recycles 0 hard 0 soft 1 temp 1 loss 3.58 i_con 3.86 plddt 0.34 ptm 0.88 i_ptm 0.43 energy -3.45
87 models [1] recycles 0 hard 0 soft 1 temp 1 loss 3.54 i_con 3.82 plddt 0.34 ptm 0.88 i_ptm 0.43 energy -3.46
88 models [4] recycles 0 hard 0 soft 1 temp 1 loss 3.34 i_con 3.62 plddt 0.39 ptm 0.89 i_ptm 0.56 energy -3.48
89 models [3] recycles 0 hard 0 soft 1 temp 1 loss 2.96 i_con 3.25 plddt 0.46 ptm 0.88 i_ptm 0.69 energy -3.50
90 models [3] recycles 0 hard 0 soft 1 temp 1 loss 2.58 i_con 2.87 plddt 0.52 ptm 0.88 i_ptm 0.81 energy -3.34
91 models [3] recycles 0 hard 0 soft 1 temp 1 loss 2.95 i_con 3.25 plddt 0.45 ptm 0.88 i_ptm 0.69 energy -3.54
92 models [4] recycles 0 hard 0 soft 1 temp 1 loss 3.26 i_con 3.55 plddt 0.42 ptm 0.89 i_ptm 0.62 energy -3.52
93 models [4] recycles 0 hard 0 soft 1 temp 1 loss 2.89 i_con 3.18 plddt 0.47 ptm 0.89 i_ptm 0.70 energy -3.42
94 models [2] recycles 0 hard 0 soft 1 temp 1 loss 3.27 i_con 3.56 plddt 0.47 ptm 0.87 i_ptm 0.61 energy -3.48
95 models [4] recycles 0 hard 0 soft 1 temp 1 loss 2.95 i_con 3.27 plddt 0.47 ptm 0.89 i_ptm 0.72 energy -3.78
96 models [4] recycles 0 hard 0 soft 1 temp 1 loss 3.01 i_con 3.34 plddt 0.44 ptm 0.89 i_ptm 0.68 energy -3.85
97 models [3] recycles 0 hard 0 soft 1 temp 1 loss 3.23 i_con 3.56 plddt 0.39 ptm 0.87 i_ptm 0.61 energy -3.92
98 models [4] recycles 0 hard 0 soft 1 temp 1 loss 3.10 i_con 3.45 plddt 0.41 ptm 0.89 i_ptm 0.66 energy -4.11
99 models [1] recycles 0 hard 0 soft 1 temp 1 loss 3.50 i_con 3.86 plddt 0.37 ptm 0.87 i_ptm 0.46 energy -4.20
100 models [4] recycles 0 hard 0 soft 1 temp 1 loss 3.27 i_con 3.62 plddt 0.41 ptm 0.89 i_ptm 0.60 energy -4.10
101 models [3] recycles 0 hard 0 soft 0 temp 1 loss -7.87 i_con 3.80 plddt 0.35 ptm 0.87 i_ptm 0.49 energy -23.47
102 models [0] recycles 0 hard 0 soft 0 temp 0.98 loss -8.81 i_con 3.89 plddt 0.34 ptm 0.85 i_ptm 0.44 energy -25.53
103 models [0] recycles 0 hard 0 soft 0 temp 0.96 loss -10.17 i_con 3.66 plddt 0.36 ptm 0.86 i_ptm 0.51 energy -27.78
104 models [4] recycles 0 hard 0 soft 0 temp 0.94 loss -9.92 i_con 4.69 plddt 0.24 ptm 0.87 i_ptm 0.12 energy -29.37
105 models [4] recycles 0 hard 0 soft 0 temp 0.92 loss -11.01 i_con 3.92 plddt 0.30 ptm 0.89 i_ptm 0.45 energy -29.99
106 models [2] recycles 0 hard 0 soft 0 temp 0.90 loss -12.23 i_con 3.70 plddt 0.41 ptm 0.88 i_ptm 0.54 energy -31.97
107 models [4] recycles 0 hard 0 soft 0 temp 0.88 loss -13.22 i_con 3.78 plddt 0.35 ptm 0.89 i_ptm 0.50 energy -34.13
108 models [1] recycles 0 hard 0 soft 0 temp 0.86 loss -12.34 i_con 5.69 plddt 0.27 ptm 0.86 i_ptm 0.16 energy -36.20
109 models [1] recycles 0 hard 0 soft 0 temp 0.84 loss -12.95 i_con 5.68 plddt 0.27 ptm 0.86 i_ptm 0.18 energy -37.41
110 models [2] recycles 0 hard 0 soft 0 temp 0.82 loss -15.14 i_con 3.70 plddt 0.39 ptm 0.88 i_ptm 0.53 energy -37.80
111 models [4] recycles 0 hard 0 soft 0 temp 0.80 loss -15.38 i_con 4.45 plddt 0.24 ptm 0.87 i_ptm 0.20 energy -39.82
112 models [2] recycles 0 hard 0 soft 0 temp 0.78 loss -16.20 i_con 3.71 plddt 0.39 ptm 0.88 i_ptm 0.52 energy -39.94
113 models [1] recycles 0 hard 0 soft 0 temp 0.76 loss -14.95 i_con 5.99 plddt 0.28 ptm 0.85 i_ptm 0.17 energy -42.03
114 models [4] recycles 0 hard 0 soft 0 temp 0.74 loss -17.20 i_con 4.55 plddt 0.21 ptm 0.87 i_ptm 0.13 energy -43.65
115 models [2] recycles 0 hard 0 soft 0 temp 0.72 loss -17.99 i_con 3.84 plddt 0.38 ptm 0.87 i_ptm 0.50 energy -43.78
116 models [1] recycles 0 hard 0 soft 0 temp 0.70 loss -17.28 i_con 5.52 plddt 0.26 ptm 0.85 i_ptm 0.12 energy -45.76
117 models [1] recycles 0 hard 0 soft 0 temp 0.68 loss -18.23 i_con 5.26 plddt 0.24 ptm 0.85 i_ptm 0.12 energy -47.12
118 models [2] recycles 0 hard 0 soft 0 temp 0.66 loss -19.78 i_con 4.02 plddt 0.30 ptm 0.87 i_ptm 0.40 energy -47.74
119 models [4] recycles 0 hard 0 soft 0 temp 0.64 loss -20.81 i_con 3.96 plddt 0.29 ptm 0.88 i_ptm 0.39 energy -49.69
120 models [4] recycles 0 hard 0 soft 0 temp 0.62 loss -21.87 i_con 3.98 plddt 0.28 ptm 0.88 i_ptm 0.38 energy -51.83
121 models [4] recycles 0 hard 0 soft 0 temp 0.60 loss -22.35 i_con 4.38 plddt 0.22 ptm 0.87 i_ptm 0.18 energy -53.63
122 models [1] recycles 0 hard 0 soft 0 temp 0.58 loss -21.59 i_con 5.61 plddt 0.23 ptm 0.86 i_ptm 0.13 energy -54.56
123 models [2] recycles 0 hard 0 soft 0 temp 0.56 loss -23.92 i_con 3.96 plddt 0.31 ptm 0.87 i_ptm 0.42 energy -55.90
124 models [1] recycles 0 hard 0 soft 0 temp 0.54 loss -23.06 i_con 5.79 plddt 0.25 ptm 0.86 i_ptm 0.15 energy -57.84
125 models [0] recycles 0 hard 0 soft 0 temp 0.52 loss -25.26 i_con 4.53 plddt 0.24 ptm 0.83 i_ptm 0.17 energy -59.73
126 models [2] recycles 0 hard 0 soft 0 temp 0.50 loss -26.93 i_con 3.81 plddt 0.38 ptm 0.88 i_ptm 0.50 energy -61.59
127 models [1] recycles 0 hard 0 soft 0 temp 0.48 loss -26.32 i_con 5.10 plddt 0.27 ptm 0.85 i_ptm 0.15 energy -62.99
128 models [0] recycles 0 hard 0 soft 0 temp 0.46 loss -27.27 i_con 4.77 plddt 0.25 ptm 0.83 i_ptm 0.15 energy -64.23
129 models [0] recycles 0 hard 0 soft 0 temp 0.44 loss -27.90 i_con 4.98 plddt 0.25 ptm 0.83 i_ptm 0.16 energy -65.90
130 models [2] recycles 0 hard 0 soft 0 temp 0.42 loss -30.41 i_con 3.54 plddt 0.43 ptm 0.87 i_ptm 0.57 energy -67.99
131 models [1] recycles 0 hard 0 soft 0 temp 0.40 loss -29.69 i_con 4.70 plddt 0.20 ptm 0.86 i_ptm 0.13 energy -68.94
132 models [4] recycles 0 hard 0 soft 0 temp 0.38 loss -30.76 i_con 4.35 plddt 0.22 ptm 0.87 i_ptm 0.20 energy -70.38
133 models [2] recycles 0 hard 0 soft 0 temp 0.36 loss -31.67 i_con 3.74 plddt 0.37 ptm 0.88 i_ptm 0.48 energy -70.96
134 models [2] recycles 0 hard 0 soft 0 temp 0.34 loss -32.65 i_con 3.72 plddt 0.36 ptm 0.87 i_ptm 0.51 energy -72.88
135 models [4] recycles 0 hard 0 soft 0 temp 0.32 loss -33.37 i_con 4.08 plddt 0.30 ptm 0.88 i_ptm 0.34 energy -75.05
136 models [1] recycles 0 hard 0 soft 0 temp 0.30 loss -33.58 i_con 5.00 plddt 0.23 ptm 0.87 i_ptm 0.12 energy -77.32
137 models [3] recycles 0 hard 0 soft 0 temp 0.28 loss -34.91 i_con 4.08 plddt 0.26 ptm 0.86 i_ptm 0.30 energy -78.12
138 models [1] recycles 0 hard 0 soft 0 temp 0.26 loss -34.87 i_con 5.00 plddt 0.21 ptm 0.86 i_ptm 0.10 energy -79.91
139 models [3] recycles 0 hard 0 soft 0 temp 0.24 loss -35.16 i_con 5.54 plddt 0.21 ptm 0.85 i_ptm 0.12 energy -81.55
140 models [2] recycles 0 hard 0 soft 0 temp 0.22 loss -37.62 i_con 4.12 plddt 0.29 ptm 0.87 i_ptm 0.34 energy -83.61
141 models [4] recycles 0 hard 0 soft 0 temp 0.20 loss -38.10 i_con 4.56 plddt 0.22 ptm 0.87 i_ptm 0.18 energy -85.46
142 models [1] recycles 0 hard 0 soft 0 temp 0.18 loss -37.29 i_con 5.57 plddt 0.22 ptm 0.86 i_ptm 0.14 energy -85.88
143 models [3] recycles 0 hard 0 soft 0 temp 0.16 loss -38.76 i_con 4.86 plddt 0.21 ptm 0.85 i_ptm 0.14 energy -87.40
144 models [3] recycles 0 hard 0 soft 0 temp 0.14 loss -39.83 i_con 4.36 plddt 0.22 ptm 0.85 i_ptm 0.21 energy -88.54
145 models [4] recycles 0 hard 0 soft 0 temp 0.12 loss -39.57 i_con 5.15 plddt 0.23 ptm 0.87 i_ptm 0.17 energy -89.58
146 models [2] recycles 0 hard 0 soft 0 temp 0.10 loss -41.45 i_con 4.14 plddt 0.26 ptm 0.87 i_ptm 0.31 energy -91.34
147 models [1] recycles 0 hard 0 soft 0 temp 0.08 loss -40.99 i_con 5.06 plddt 0.21 ptm 0.86 i_ptm 0.09 energy -92.26
148 models [0] recycles 0 hard 0 soft 0 temp 0.06 loss -42.43 i_con 4.12 plddt 0.28 ptm 0.83 i_ptm 0.31 energy -93.24
149 models [3] recycles 0 hard 0 soft 0 temp 0.04 loss -43.13 i_con 4.41 plddt 0.22 ptm 0.85 i_ptm 0.19 energy -95.24
150 models [0] recycles 0 hard 0 soft 0 temp 0.02 loss -42.27 i_con 5.18 plddt 0.23 ptm 0.83 i_ptm 0.12 energy -95.05
151 models [1] recycles 0 hard 1 soft 0 temp 0.00 loss -1.48 i_con 4.19 plddt 0.22 ptm 0.86 i_ptm 0.27 energy -6.39
152 models [1] recycles 0 hard 1 soft 0 temp 0.00 loss -1.48 i_con 4.19 plddt 0.22 ptm 0.86 i_ptm 0.27 energy -6.39
153 models [1] recycles 0 hard 1 soft 0 temp 0.00 loss -1.48 i_con 4.19 plddt 0.22 ptm 0.86 i_ptm 0.27 energy -6.39
154 models [2] recycles 0 hard 1 soft 0 temp 0.00 loss -2.21 i_con 3.48 plddt 0.40 ptm 0.88 i_ptm 0.65 energy -6.39
155 models [2] recycles 0 hard 1 soft 0 temp 0.00 loss -2.21 i_con 3.48 plddt 0.40 ptm 0.88 i_ptm 0.65 energy -6.39
156 models [2] recycles 0 hard 1 soft 0 temp 0.00 loss -2.21 i_con 3.48 plddt 0.40 ptm 0.88 i_ptm 0.65 energy -6.39
157 models [4] recycles 0 hard 1 soft 0 temp 0.00 loss -2.00 i_con 3.68 plddt 0.33 ptm 0.90 i_ptm 0.58 energy -6.39
158 models [2] recycles 0 hard 1 soft 0 temp 0.00 loss -2.21 i_con 3.48 plddt 0.40 ptm 0.88 i_ptm 0.65 energy -6.39
159 models [0] recycles 0 hard 1 soft 0 temp 0.00 loss -2.15 i_con 3.55 plddt 0.49 ptm 0.86 i_ptm 0.65 energy -6.39
160 models [2] recycles 0 hard 1 soft 0 temp 0.00 loss -2.21 i_con 3.48 plddt 0.40 ptm 0.88 i_ptm 0.65 energy -6.39
161 models [4] recycles 0 hard 1 soft 0 temp 0.00 loss -2.00 i_con 3.68 plddt 0.33 ptm 0.90 i_ptm 0.58 energy -6.39
162 models [0] recycles 0 hard 1 soft 0 temp 0.00 loss -2.15 i_con 3.55 plddt 0.49 ptm 0.86 i_ptm 0.65 energy -6.39
163 models [0] recycles 0 hard 1 soft 0 temp 0.00 loss -2.15 i_con 3.55 plddt 0.49 ptm 0.86 i_ptm 0.65 energy -6.39
164 models [2] recycles 0 hard 1 soft 0 temp 0.00 loss -2.21 i_con 3.48 plddt 0.40 ptm 0.88 i_ptm 0.65 energy -6.39
165 models [3] recycles 0 hard 1 soft 0 temp 0.00 loss -2.21 i_con 3.48 plddt 0.35 ptm 0.88 i_ptm 0.63 energy -6.39
166 models [0] recycles 0 hard 1 soft 0 temp 0.00 loss -2.15 i_con 3.55 plddt 0.49 ptm 0.86 i_ptm 0.65 energy -6.39
167 models [1] recycles 0 hard 1 soft 0 temp 0.00 loss -1.48 i_con 4.19 plddt 0.22 ptm 0.86 i_ptm 0.27 energy -6.39
168 models [3] recycles 0 hard 1 soft 0 temp 0.00 loss -2.21 i_con 3.48 plddt 0.35 ptm 0.88 i_ptm 0.63 energy -6.39
169 models [1] recycles 0 hard 1 soft 0 temp 0.00 loss -1.48 i_con 4.19 plddt 0.22 ptm 0.86 i_ptm 0.27 energy -6.39
170 models [2] recycles 0 hard 1 soft 0 temp 0.00 loss -2.21 i_con 3.48 plddt 0.40 ptm 0.88 i_ptm 0.65 energy -6.39
171 models [1] recycles 0 hard 1 soft 0 temp 0.00 loss -1.48 i_con 4.19 plddt 0.22 ptm 0.86 i_ptm 0.27 energy -6.39
172 models [1] recycles 0 hard 1 soft 0 temp 0.00 loss -1.48 i_con 4.19 plddt 0.22 ptm 0.86 i_ptm 0.27 energy -6.39
173 models [4] recycles 0 hard 1 soft 0 temp 0.00 loss -2.00 i_con 3.68 plddt 0.33 ptm 0.90 i_ptm 0.58 energy -6.39
174 models [4] recycles 0 hard 1 soft 0 temp 0.00 loss -2.00 i_con 3.68 plddt 0.33 ptm 0.90 i_ptm 0.58 energy -6.39
175 models [4] recycles 0 hard 1 soft 0 temp 0.00 loss -2.00 i_con 3.68 plddt 0.33 ptm 0.90 i_ptm 0.58 energy -6.39
176 models [1] recycles 0 hard 1 soft 0 temp 0.00 loss -1.48 i_con 4.19 plddt 0.22 ptm 0.86 i_ptm 0.27 energy -6.39
177 models [0] recycles 0 hard 1 soft 0 temp 0.00 loss -2.15 i_con 3.55 plddt 0.49 ptm 0.86 i_ptm 0.65 energy -6.39
178 models [2] recycles 0 hard 1 soft 0 temp 0.00 loss -2.21 i_con 3.48 plddt 0.40 ptm 0.88 i_ptm 0.65 energy -6.39
179 models [2] recycles 0 hard 1 soft 0 temp 0.00 loss -2.21 i_con 3.48 plddt 0.40 ptm 0.88 i_ptm 0.65 energy -6.39
180 models [1] recycles 0 hard 1 soft 0 temp 0.00 loss -1.48 i_con 4.19 plddt 0.22 ptm 0.86 i_ptm 0.27 energy -6.39
  seq=NIKRRAWVVAWQGGC  loss=-1.4836  loss_af=4.2669  energy=-6.3894  i_ptm=0.2749
[22/30] seed=21 ...
1 models [4] recycles 0 hard 0 soft 1 temp 1 loss 4.36 i_con 3.92 plddt 0.32 ptm 0.89 i_ptm 0.40 energy 7.40
2 models [2] recycles 0 hard 0 soft 1 temp 1 loss 5.69 i_con 5.27 plddt 0.22 ptm 0.85 i_ptm 0.12 energy 7.04
3 models [3] recycles 0 hard 0 soft 1 temp 1 loss 4.39 i_con 3.96 plddt 0.31 ptm 0.86 i_ptm 0.39 energy 7.16
4 models [4] recycles 0 hard 0 soft 1 temp 1 loss 4.55 i_con 4.13 plddt 0.28 ptm 0.88 i_ptm 0.36 energy 6.80
5 models [2] recycles 0 hard 0 soft 1 temp 1 loss 4.37 i_con 3.97 plddt 0.32 ptm 0.86 i_ptm 0.41 energy 6.68
6 models [4] recycles 0 hard 0 soft 1 temp 1 loss 4.19 i_con 3.82 plddt 0.34 ptm 0.88 i_ptm 0.44 energy 6.06
7 models [3] recycles 0 hard 0 soft 1 temp 1 loss 4.11 i_con 3.78 plddt 0.34 ptm 0.86 i_ptm 0.47 energy 5.29
8 models [3] recycles 0 hard 0 soft 1 temp 1 loss 4.15 i_con 3.85 plddt 0.38 ptm 0.86 i_ptm 0.45 energy 4.68
9 models [3] recycles 0 hard 0 soft 1 temp 1 loss 3.92 i_con 3.65 plddt 0.41 ptm 0.86 i_ptm 0.49 energy 4.38
10 models [3] recycles 0 hard 0 soft 1 temp 1 loss 4.61 i_con 4.34 plddt 0.26 ptm 0.84 i_ptm 0.19 energy 3.88
11 models [4] recycles 0 hard 0 soft 1 temp 1 loss 4.59 i_con 4.32 plddt 0.28 ptm 0.88 i_ptm 0.29 energy 3.92
12 models [1] recycles 0 hard 0 soft 1 temp 1 loss 4.67 i_con 4.40 plddt 0.23 ptm 0.86 i_ptm 0.21 energy 3.91
13 models [2] recycles 0 hard 0 soft 1 temp 1 loss 4.06 i_con 3.82 plddt 0.34 ptm 0.87 i_ptm 0.44 energy 3.60
14 models [4] recycles 0 hard 0 soft 1 temp 1 loss 4.11 i_con 3.89 plddt 0.30 ptm 0.88 i_ptm 0.40 energy 3.07
15 models [0] recycles 0 hard 0 soft 1 temp 1 loss 4.29 i_con 4.08 plddt 0.27 ptm 0.84 i_ptm 0.31 energy 2.73
16 models [1] recycles 0 hard 0 soft 1 temp 1 loss 5.46 i_con 5.25 plddt 0.21 ptm 0.86 i_ptm 0.15 energy 2.58
17 models [2] recycles 0 hard 0 soft 1 temp 1 loss 3.99 i_con 3.82 plddt 0.36 ptm 0.87 i_ptm 0.44 energy 2.28
18 models [3] recycles 0 hard 0 soft 1 temp 1 loss 3.97 i_con 3.81 plddt 0.35 ptm 0.86 i_ptm 0.47 energy 2.03
19 models [0] recycles 0 hard 0 soft 1 temp 1 loss 4.27 i_con 4.11 plddt 0.27 ptm 0.84 i_ptm 0.31 energy 1.77
20 models [3] recycles 0 hard 0 soft 1 temp 1 loss 3.93 i_con 3.79 plddt 0.34 ptm 0.86 i_ptm 0.44 energy 1.50
21 models [4] recycles 0 hard 0 soft 1 temp 1 loss 4.04 i_con 3.91 plddt 0.27 ptm 0.88 i_ptm 0.37 energy 1.10
22 models [3] recycles 0 hard 0 soft 1 temp 1 loss 3.84 i_con 3.73 plddt 0.35 ptm 0.86 i_ptm 0.44 energy 0.89
23 models [3] recycles 0 hard 0 soft 1 temp 1 loss 3.88 i_con 3.79 plddt 0.33 ptm 0.86 i_ptm 0.44 energy 0.46
24 models [3] recycles 0 hard 0 soft 1 temp 1 loss 3.77 i_con 3.71 plddt 0.36 ptm 0.86 i_ptm 0.48 energy -0.02
25 models [1] recycles 0 hard 0 soft 1 temp 1 loss 4.45 i_con 4.39 plddt 0.23 ptm 0.85 i_ptm 0.20 energy -0.31
26 models [3] recycles 0 hard 0 soft 1 temp 1 loss 3.73 i_con 3.69 plddt 0.35 ptm 0.86 i_ptm 0.47 energy -0.51
27 models [1] recycles 0 hard 0 soft 1 temp 1 loss 4.34 i_con 4.31 plddt 0.26 ptm 0.86 i_ptm 0.21 energy -0.93
28 models [1] recycles 0 hard 0 soft 1 temp 1 loss 4.06 i_con 4.05 plddt 0.28 ptm 0.86 i_ptm 0.31 energy -1.25
29 models [0] recycles 0 hard 0 soft 1 temp 1 loss 3.93 i_con 3.95 plddt 0.33 ptm 0.85 i_ptm 0.39 energy -1.63
30 models [0] recycles 0 hard 0 soft 1 temp 1 loss 3.90 i_con 3.93 plddt 0.30 ptm 0.85 i_ptm 0.36 energy -2.03
31 models [1] recycles 0 hard 0 soft 1 temp 1 loss 4.08 i_con 4.12 plddt 0.27 ptm 0.86 i_ptm 0.30 energy -2.27
32 models [2] recycles 0 hard 0 soft 1 temp 1 loss 3.66 i_con 3.71 plddt 0.37 ptm 0.87 i_ptm 0.52 energy -2.39
33 models [1] recycles 0 hard 0 soft 1 temp 1 loss 4.63 i_con 4.68 plddt 0.22 ptm 0.86 i_ptm 0.16 energy -2.51
34 models [2] recycles 0 hard 0 soft 1 temp 1 loss 3.72 i_con 3.78 plddt 0.34 ptm 0.87 i_ptm 0.47 energy -2.59
35 models [3] recycles 0 hard 0 soft 1 temp 1 loss 3.73 i_con 3.80 plddt 0.34 ptm 0.86 i_ptm 0.45 energy -2.71
36 models [3] recycles 0 hard 0 soft 1 temp 1 loss 3.61 i_con 3.68 plddt 0.35 ptm 0.86 i_ptm 0.48 energy -2.77
37 models [2] recycles 0 hard 0 soft 1 temp 1 loss 3.64 i_con 3.72 plddt 0.38 ptm 0.87 i_ptm 0.48 energy -2.84
38 models [1] recycles 0 hard 0 soft 1 temp 1 loss 4.82 i_con 4.89 plddt 0.22 ptm 0.85 i_ptm 0.10 energy -2.97
39 models [3] recycles 0 hard 0 soft 1 temp 1 loss 3.60 i_con 3.69 plddt 0.34 ptm 0.86 i_ptm 0.47 energy -3.01
40 models [2] recycles 0 hard 0 soft 1 temp 1 loss 3.62 i_con 3.72 plddt 0.36 ptm 0.87 i_ptm 0.49 energy -3.19
41 models [3] recycles 0 hard 0 soft 1 temp 1 loss 3.65 i_con 3.75 plddt 0.33 ptm 0.86 i_ptm 0.46 energy -3.25
42 models [1] recycles 0 hard 0 soft 1 temp 1 loss 3.77 i_con 3.86 plddt 0.30 ptm 0.87 i_ptm 0.39 energy -3.30
43 models [4] recycles 0 hard 0 soft 1 temp 1 loss 3.64 i_con 3.74 plddt 0.35 ptm 0.89 i_ptm 0.46 energy -3.33
44 models [0] recycles 0 hard 0 soft 1 temp 1 loss 3.75 i_con 3.86 plddt 0.34 ptm 0.85 i_ptm 0.39 energy -3.42
45 models [2] recycles 0 hard 0 soft 1 temp 1 loss 3.59 i_con 3.70 plddt 0.34 ptm 0.87 i_ptm 0.48 energy -3.54
46 models [3] recycles 0 hard 0 soft 1 temp 1 loss 3.60 i_con 3.71 plddt 0.35 ptm 0.86 i_ptm 0.49 energy -3.59
47 models [1] recycles 0 hard 0 soft 1 temp 1 loss 3.86 i_con 3.97 plddt 0.29 ptm 0.86 i_ptm 0.37 energy -3.67
48 models [2] recycles 0 hard 0 soft 1 temp 1 loss 3.62 i_con 3.74 plddt 0.34 ptm 0.87 i_ptm 0.47 energy -3.67
49 models [1] recycles 0 hard 0 soft 1 temp 1 loss 4.77 i_con 4.88 plddt 0.23 ptm 0.85 i_ptm 0.12 energy -3.80
50 models [0] recycles 0 hard 0 soft 1 temp 1 loss 3.72 i_con 3.85 plddt 0.36 ptm 0.84 i_ptm 0.42 energy -3.76
51 models [1] recycles 0 hard 0 soft 1 temp 1 loss 4.18 i_con 4.49 plddt 0.22 ptm 0.86 i_ptm 0.14 energy -3.85
52 models [4] recycles 0 hard 0 soft 1 temp 1 loss 3.32 i_con 3.63 plddt 0.34 ptm 0.88 i_ptm 0.48 energy -3.83
53 models [1] recycles 0 hard 0 soft 1 temp 1 loss 3.62 i_con 3.94 plddt 0.32 ptm 0.87 i_ptm 0.37 energy -3.97
54 models [3] recycles 0 hard 0 soft 1 temp 1 loss 3.40 i_con 3.73 plddt 0.35 ptm 0.86 i_ptm 0.46 energy -4.00
55 models [4] recycles 0 hard 0 soft 1 temp 1 loss 3.32 i_con 3.67 plddt 0.34 ptm 0.88 i_ptm 0.49 energy -4.13
56 models [4] recycles 0 hard 0 soft 1 temp 1 loss 3.37 i_con 3.73 plddt 0.32 ptm 0.89 i_ptm 0.45 energy -4.24
57 models [1] recycles 0 hard 0 soft 1 temp 1 loss 3.60 i_con 3.96 plddt 0.30 ptm 0.87 i_ptm 0.33 energy -4.32
58 models [2] recycles 0 hard 0 soft 1 temp 1 loss 3.36 i_con 3.74 plddt 0.37 ptm 0.87 i_ptm 0.47 energy -4.40
59 models [3] recycles 0 hard 0 soft 1 temp 1 loss 3.30 i_con 3.69 plddt 0.37 ptm 0.87 i_ptm 0.49 energy -4.58
60 models [2] recycles 0 hard 0 soft 1 temp 1 loss 3.35 i_con 3.76 plddt 0.36 ptm 0.86 i_ptm 0.48 energy -4.75
61 models [2] recycles 0 hard 0 soft 1 temp 1 loss 3.43 i_con 3.84 plddt 0.33 ptm 0.87 i_ptm 0.45 energy -4.74
62 models [3] recycles 0 hard 0 soft 1 temp 1 loss 3.40 i_con 3.81 plddt 0.34 ptm 0.86 i_ptm 0.45 energy -4.80
63 models [0] recycles 0 hard 0 soft 1 temp 1 loss 3.50 i_con 3.90 plddt 0.36 ptm 0.85 i_ptm 0.43 energy -4.72
64 models [1] recycles 0 hard 0 soft 1 temp 1 loss 5.21 i_con 5.62 plddt 0.26 ptm 0.85 i_ptm 0.15 energy -4.92
65 models [3] recycles 0 hard 0 soft 1 temp 1 loss 3.24 i_con 3.67 plddt 0.37 ptm 0.86 i_ptm 0.51 energy -4.84
66 models [4] recycles 0 hard 0 soft 1 temp 1 loss 3.20 i_con 3.64 plddt 0.37 ptm 0.88 i_ptm 0.50 energy -5.07
67 models [0] recycles 0 hard 0 soft 1 temp 1 loss 3.44 i_con 3.89 plddt 0.32 ptm 0.85 i_ptm 0.42 energy -5.12
68 models [4] recycles 0 hard 0 soft 1 temp 1 loss 3.29 i_con 3.74 plddt 0.37 ptm 0.89 i_ptm 0.46 energy -5.17
69 models [0] recycles 0 hard 0 soft 1 temp 1 loss 3.36 i_con 3.82 plddt 0.35 ptm 0.85 i_ptm 0.45 energy -5.24
70 models [2] recycles 0 hard 0 soft 1 temp 1 loss 3.30 i_con 3.77 plddt 0.36 ptm 0.87 i_ptm 0.47 energy -5.33
71 models [0] recycles 0 hard 0 soft 1 temp 1 loss 3.55 i_con 4.02 plddt 0.28 ptm 0.84 i_ptm 0.35 energy -5.50
72 models [1] recycles 0 hard 0 soft 1 temp 1 loss 3.59 i_con 4.08 plddt 0.28 ptm 0.86 i_ptm 0.31 energy -5.63
73 models [3] recycles 0 hard 0 soft 1 temp 1 loss 3.31 i_con 3.80 plddt 0.35 ptm 0.86 i_ptm 0.46 energy -5.51
74 models [0] recycles 0 hard 0 soft 1 temp 1 loss 3.43 i_con 3.91 plddt 0.32 ptm 0.84 i_ptm 0.41 energy -5.53
75 models [3] recycles 0 hard 0 soft 1 temp 1 loss 3.29 i_con 3.79 plddt 0.34 ptm 0.86 i_ptm 0.44 energy -5.62
76 models [4] recycles 0 hard 0 soft 1 temp 1 loss 3.20 i_con 3.69 plddt 0.35 ptm 0.88 i_ptm 0.46 energy -5.60
77 models [4] recycles 0 hard 0 soft 1 temp 1 loss 3.15 i_con 3.66 plddt 0.35 ptm 0.88 i_ptm 0.48 energy -5.78
78 models [4] recycles 0 hard 0 soft 1 temp 1 loss 3.14 i_con 3.66 plddt 0.36 ptm 0.89 i_ptm 0.49 energy -5.91
79 models [0] recycles 0 hard 0 soft 1 temp 1 loss 3.53 i_con 4.06 plddt 0.32 ptm 0.84 i_ptm 0.31 energy -5.98
80 models [4] recycles 0 hard 0 soft 1 temp 1 loss 3.22 i_con 3.74 plddt 0.33 ptm 0.89 i_ptm 0.46 energy -5.93
81 models [2] recycles 0 hard 0 soft 1 temp 1 loss 3.33 i_con 3.87 plddt 0.33 ptm 0.86 i_ptm 0.41 energy -6.05
82 models [0] recycles 0 hard 0 soft 1 temp 1 loss 3.30 i_con 3.84 plddt 0.37 ptm 0.85 i_ptm 0.45 energy -6.03
83 models [0] recycles 0 hard 0 soft 1 temp 1 loss 3.39 i_con 3.93 plddt 0.36 ptm 0.84 i_ptm 0.40 energy -6.02
84 models [0] recycles 0 hard 0 soft 1 temp 1 loss 3.43 i_con 3.98 plddt 0.31 ptm 0.85 i_ptm 0.37 energy -6.22
85 models [3] recycles 0 hard 0 soft 1 temp 1 loss 3.13 i_con 3.69 plddt 0.37 ptm 0.87 i_ptm 0.53 energy -6.31
86 models [1] recycles 0 hard 0 soft 1 temp 1 loss 4.40 i_con 4.96 plddt 0.27 ptm 0.85 i_ptm 0.13 energy -6.34
87 models [3] recycles 0 hard 0 soft 1 temp 1 loss 3.18 i_con 3.73 plddt 0.35 ptm 0.87 i_ptm 0.50 energy -6.19
88 models [4] recycles 0 hard 0 soft 1 temp 1 loss 3.23 i_con 3.80 plddt 0.34 ptm 0.89 i_ptm 0.44 energy -6.36
89 models [3] recycles 0 hard 0 soft 1 temp 1 loss 3.17 i_con 3.76 plddt 0.35 ptm 0.86 i_ptm 0.48 energy -6.50
90 models [1] recycles 0 hard 0 soft 1 temp 1 loss 3.68 i_con 4.27 plddt 0.26 ptm 0.86 i_ptm 0.28 energy -6.58
91 models [3] recycles 0 hard 0 soft 1 temp 1 loss 3.14 i_con 3.72 plddt 0.34 ptm 0.86 i_ptm 0.50 energy -6.45
92 models [2] recycles 0 hard 0 soft 1 temp 1 loss 3.28 i_con 3.87 plddt 0.31 ptm 0.86 i_ptm 0.42 energy -6.58
93 models [4] recycles 0 hard 0 soft 1 temp 1 loss 3.17 i_con 3.76 plddt 0.34 ptm 0.88 i_ptm 0.45 energy -6.59
94 models [4] recycles 0 hard 0 soft 1 temp 1 loss 3.10 i_con 3.70 plddt 0.34 ptm 0.88 i_ptm 0.47 energy -6.65
95 models [1] recycles 0 hard 0 soft 1 temp 1 loss 4.57 i_con 5.18 plddt 0.24 ptm 0.85 i_ptm 0.13 energy -6.80
96 models [4] recycles 0 hard 0 soft 1 temp 1 loss 3.04 i_con 3.64 plddt 0.37 ptm 0.89 i_ptm 0.50 energy -6.62
97 models [3] recycles 0 hard 0 soft 1 temp 1 loss 3.08 i_con 3.67 plddt 0.36 ptm 0.87 i_ptm 0.50 energy -6.58
98 models [1] recycles 0 hard 0 soft 1 temp 1 loss 5.57 i_con 6.17 plddt 0.29 ptm 0.86 i_ptm 0.22 energy -6.74
99 models [0] recycles 0 hard 0 soft 1 temp 1 loss 3.34 i_con 3.94 plddt 0.33 ptm 0.85 i_ptm 0.40 energy -6.67
100 models [3] recycles 0 hard 0 soft 1 temp 1 loss 3.66 i_con 4.25 plddt 0.28 ptm 0.85 i_ptm 0.24 energy -6.64
101 models [4] recycles 0 hard 0 soft 0 temp 1 loss -11.62 i_con 5.03 plddt 0.21 ptm 0.87 i_ptm 0.13 energy -33.47
102 models [4] recycles 0 hard 0 soft 0 temp 0.98 loss -12.09 i_con 5.21 plddt 0.21 ptm 0.86 i_ptm 0.16 energy -34.77
103 models [1] recycles 0 hard 0 soft 0 temp 0.96 loss -11.38 i_con 6.35 plddt 0.27 ptm 0.86 i_ptm 0.18 energy -35.61
104 models [2] recycles 0 hard 0 soft 0 temp 0.94 loss -14.30 i_con 4.36 plddt 0.27 ptm 0.85 i_ptm 0.25 energy -37.48
105 models [4] recycles 0 hard 0 soft 0 temp 0.92 loss -13.52 i_con 5.66 plddt 0.23 ptm 0.87 i_ptm 0.14 energy -38.52
106 models [1] recycles 0 hard 0 soft 0 temp 0.90 loss -13.51 i_con 6.24 plddt 0.26 ptm 0.86 i_ptm 0.16 energy -39.65
107 models [2] recycles 0 hard 0 soft 0 temp 0.88 loss -15.30 i_con 5.48 plddt 0.25 ptm 0.85 i_ptm 0.16 energy -41.70
108 models [2] recycles 0 hard 0 soft 0 temp 0.86 loss -15.94 i_con 5.36 plddt 0.26 ptm 0.85 i_ptm 0.16 energy -42.75
109 models [4] recycles 0 hard 0 soft 0 temp 0.84 loss -16.53 i_con 5.03 plddt 0.22 ptm 0.87 i_ptm 0.13 energy -43.28
110 models [0] recycles 0 hard 0 soft 0 temp 0.82 loss -17.60 i_con 4.25 plddt 0.27 ptm 0.84 i_ptm 0.27 energy -43.86
111 models [3] recycles 0 hard 0 soft 0 temp 0.80 loss -18.79 i_con 4.09 plddt 0.27 ptm 0.86 i_ptm 0.31 energy -45.92
112 models [3] recycles 0 hard 0 soft 0 temp 0.78 loss -18.88 i_con 4.95 plddt 0.21 ptm 0.85 i_ptm 0.13 energy -47.82
113 models [2] recycles 0 hard 0 soft 0 temp 0.76 loss -19.98 i_con 4.28 plddt 0.25 ptm 0.85 i_ptm 0.26 energy -48.67
114 models [1] recycles 0 hard 0 soft 0 temp 0.74 loss -19.07 i_con 5.81 plddt 0.27 ptm 0.85 i_ptm 0.14 energy -49.90
115 models [0] recycles 0 hard 0 soft 0 temp 0.72 loss -20.66 i_con 4.78 plddt 0.21 ptm 0.83 i_ptm 0.13 energy -51.03
116 models [3] recycles 0 hard 0 soft 0 temp 0.70 loss -21.45 i_con 4.32 plddt 0.22 ptm 0.84 i_ptm 0.21 energy -51.70
117 models [4] recycles 0 hard 0 soft 0 temp 0.68 loss -21.92 i_con 4.69 plddt 0.24 ptm 0.87 i_ptm 0.22 energy -53.37
118 models [3] recycles 0 hard 0 soft 0 temp 0.66 loss -23.41 i_con 4.13 plddt 0.26 ptm 0.85 i_ptm 0.31 energy -55.23
119 models [0] recycles 0 hard 0 soft 0 temp 0.64 loss -23.42 i_con 4.28 plddt 0.26 ptm 0.84 i_ptm 0.23 energy -55.55
120 models [1] recycles 0 hard 0 soft 0 temp 0.62 loss -22.47 i_con 6.10 plddt 0.25 ptm 0.86 i_ptm 0.17 energy -57.28
121 models [4] recycles 0 hard 0 soft 0 temp 0.60 loss -25.06 i_con 4.53 plddt 0.23 ptm 0.87 i_ptm 0.22 energy -59.34
122 models [4] recycles 0 hard 0 soft 0 temp 0.58 loss -24.94 i_con 5.13 plddt 0.25 ptm 0.87 i_ptm 0.17 energy -60.28
123 models [4] recycles 0 hard 0 soft 0 temp 0.56 loss -24.72 i_con 5.81 plddt 0.23 ptm 0.87 i_ptm 0.14 energy -61.22
124 models [1] recycles 0 hard 0 soft 0 temp 0.54 loss -25.09 i_con 6.22 plddt 0.27 ptm 0.86 i_ptm 0.20 energy -62.77
125 models [4] recycles 0 hard 0 soft 0 temp 0.52 loss -27.12 i_con 5.11 plddt 0.21 ptm 0.87 i_ptm 0.16 energy -64.61
126 models [0] recycles 0 hard 0 soft 0 temp 0.50 loss -27.46 i_con 5.33 plddt 0.25 ptm 0.82 i_ptm 0.15 energy -65.73
127 models [4] recycles 0 hard 0 soft 0 temp 0.48 loss -28.30 i_con 5.08 plddt 0.20 ptm 0.87 i_ptm 0.14 energy -66.92
128 models [2] recycles 0 hard 0 soft 0 temp 0.46 loss -29.05 i_con 4.89 plddt 0.18 ptm 0.13 i_ptm 0.08 energy -68.03
129 models [0] recycles 0 hard 0 soft 0 temp 0.44 loss -30.14 i_con 4.26 plddt 0.25 ptm 0.84 i_ptm 0.20 energy -68.94
130 models [4] recycles 0 hard 0 soft 0 temp 0.42 loss -29.81 i_con 5.49 plddt 0.20 ptm 0.87 i_ptm 0.13 energy -70.76
131 models [0] recycles 0 hard 0 soft 0 temp 0.40 loss -30.59 i_con 4.98 plddt 0.23 ptm 0.83 i_ptm 0.17 energy -71.29
132 models [2] recycles 0 hard 0 soft 0 temp 0.38 loss -30.50 i_con 5.75 plddt 0.23 ptm 0.84 i_ptm 0.12 energy -72.64
133 models [4] recycles 0 hard 0 soft 0 temp 0.36 loss -30.67 i_con 5.75 plddt 0.22 ptm 0.87 i_ptm 0.15 energy -72.99
134 models [0] recycles 0 hard 0 soft 0 temp 0.34 loss -32.45 i_con 4.68 plddt 0.24 ptm 0.12 i_ptm 0.10 energy -74.42
135 models [0] recycles 0 hard 0 soft 0 temp 0.32 loss -32.13 i_con 5.60 plddt 0.26 ptm 0.83 i_ptm 0.11 energy -75.61
136 models [0] recycles 0 hard 0 soft 0 temp 0.30 loss -32.46 i_con 5.56 plddt 0.25 ptm 0.82 i_ptm 0.14 energy -76.18
137 models [2] recycles 0 hard 0 soft 0 temp 0.28 loss -34.32 i_con 4.48 plddt 0.25 ptm 0.86 i_ptm 0.23 energy -77.75
138 models [3] recycles 0 hard 0 soft 0 temp 0.26 loss -33.51 i_con 5.72 plddt 0.23 ptm 0.83 i_ptm 0.15 energy -78.61
139 models [0] recycles 0 hard 0 soft 0 temp 0.24 loss -33.46 i_con 5.77 plddt 0.26 ptm 0.82 i_ptm 0.16 energy -78.61
140 models [2] recycles 0 hard 0 soft 0 temp 0.22 loss -34.74 i_con 5.27 plddt 0.20 ptm 0.85 i_ptm 0.14 energy -80.18
141 models [2] recycles 0 hard 0 soft 0 temp 0.20 loss -34.50 i_con 5.93 plddt 0.26 ptm 0.86 i_ptm 0.16 energy -81.00
142 models [4] recycles 0 hard 0 soft 0 temp 0.18 loss -35.22 i_con 6.12 plddt 0.22 ptm 0.87 i_ptm 0.17 energy -82.83
143 models [0] recycles 0 hard 0 soft 0 temp 0.16 loss -36.72 i_con 5.59 plddt 0.25 ptm 0.83 i_ptm 0.14 energy -84.76
144 models [3] recycles 0 hard 0 soft 0 temp 0.14 loss -38.05 i_con 5.27 plddt 0.25 ptm 0.85 i_ptm 0.17 energy -86.79
145 models [3] recycles 0 hard 0 soft 0 temp 0.12 loss -37.67 i_con 6.21 plddt 0.26 ptm 0.85 i_ptm 0.23 energy -87.91
146 models [1] recycles 0 hard 0 soft 0 temp 0.10 loss -38.60 i_con 6.22 plddt 0.28 ptm 0.86 i_ptm 0.13 energy -89.80
147 models [0] recycles 0 hard 0 soft 0 temp 0.08 loss -40.17 i_con 5.68 plddt 0.26 ptm 0.83 i_ptm 0.17 energy -91.87
148 models [1] recycles 0 hard 0 soft 0 temp 0.06 loss -40.52 i_con 6.25 plddt 0.25 ptm 0.86 i_ptm 0.14 energy -93.69
149 models [0] recycles 0 hard 0 soft 0 temp 0.04 loss -42.15 i_con 5.50 plddt 0.23 ptm 0.84 i_ptm 0.15 energy -95.46
150 models [0] recycles 0 hard 0 soft 0 temp 0.02 loss -43.93 i_con 4.70 plddt 0.21 ptm 0.83 i_ptm 0.15 energy -97.42
151 models [1] recycles 0 hard 1 soft 0 temp 0.00 loss -0.09 i_con 6.49 plddt 0.27 ptm 0.86 i_ptm 0.32 energy -7.39
152 models [3] recycles 0 hard 1 soft 0 temp 0.00 loss -2.37 i_con 4.20 plddt 0.21 ptm 0.85 i_ptm 0.27 energy -7.39
153 models [0] recycles 0 hard 1 soft 0 temp 0.00 loss -1.91 i_con 4.66 plddt 0.16 ptm 0.83 i_ptm 0.15 energy -7.39
154 models [0] recycles 0 hard 1 soft 0 temp 0.00 loss -1.91 i_con 4.66 plddt 0.16 ptm 0.83 i_ptm 0.15 energy -7.39
155 models [0] recycles 0 hard 1 soft 0 temp 0.00 loss -1.91 i_con 4.66 plddt 0.16 ptm 0.83 i_ptm 0.15 energy -7.39
156 models [2] recycles 0 hard 1 soft 0 temp 0.00 loss -2.64 i_con 3.94 plddt 0.25 ptm 0.87 i_ptm 0.41 energy -7.39
157 models [1] recycles 0 hard 1 soft 0 temp 0.00 loss -0.09 i_con 6.49 plddt 0.27 ptm 0.86 i_ptm 0.32 energy -7.39
158 models [4] recycles 0 hard 1 soft 0 temp 0.00 loss -2.63 i_con 3.95 plddt 0.23 ptm 0.88 i_ptm 0.37 energy -7.39
159 models [1] recycles 0 hard 1 soft 0 temp 0.00 loss -0.09 i_con 6.49 plddt 0.27 ptm 0.86 i_ptm 0.32 energy -7.39
160 models [0] recycles 0 hard 1 soft 0 temp 0.00 loss -1.91 i_con 4.66 plddt 0.16 ptm 0.83 i_ptm 0.15 energy -7.39
161 models [0] recycles 0 hard 1 soft 0 temp 0.00 loss -1.91 i_con 4.66 plddt 0.16 ptm 0.83 i_ptm 0.15 energy -7.39
162 models [2] recycles 0 hard 1 soft 0 temp 0.00 loss -2.64 i_con 3.94 plddt 0.25 ptm 0.87 i_ptm 0.41 energy -7.39
163 models [3] recycles 0 hard 1 soft 0 temp 0.00 loss -2.37 i_con 4.20 plddt 0.21 ptm 0.85 i_ptm 0.27 energy -7.39
164 models [3] recycles 0 hard 1 soft 0 temp 0.00 loss -2.37 i_con 4.20 plddt 0.21 ptm 0.85 i_ptm 0.27 energy -7.39
165 models [4] recycles 0 hard 1 soft 0 temp 0.00 loss -2.63 i_con 3.95 plddt 0.23 ptm 0.88 i_ptm 0.37 energy -7.39
166 models [3] recycles 0 hard 1 soft 0 temp 0.00 loss -2.37 i_con 4.20 plddt 0.21 ptm 0.85 i_ptm 0.27 energy -7.39
167 models [0] recycles 0 hard 1 soft 0 temp 0.00 loss -1.91 i_con 4.66 plddt 0.16 ptm 0.83 i_ptm 0.15 energy -7.39
168 models [4] recycles 0 hard 1 soft 0 temp 0.00 loss -2.63 i_con 3.95 plddt 0.23 ptm 0.88 i_ptm 0.37 energy -7.39
169 models [0] recycles 0 hard 1 soft 0 temp 0.00 loss -1.91 i_con 4.66 plddt 0.16 ptm 0.83 i_ptm 0.15 energy -7.39
170 models [1] recycles 0 hard 1 soft 0 temp 0.00 loss -0.09 i_con 6.49 plddt 0.27 ptm 0.86 i_ptm 0.32 energy -7.39
171 models [3] recycles 0 hard 1 soft 0 temp 0.00 loss -2.37 i_con 4.20 plddt 0.21 ptm 0.85 i_ptm 0.27 energy -7.39
172 models [0] recycles 0 hard 1 soft 0 temp 0.00 loss -1.91 i_con 4.66 plddt 0.16 ptm 0.83 i_ptm 0.15 energy -7.39
173 models [0] recycles 0 hard 1 soft 0 temp 0.00 loss -1.91 i_con 4.66 plddt 0.16 ptm 0.83 i_ptm 0.15 energy -7.39
174 models [0] recycles 0 hard 1 soft 0 temp 0.00 loss -1.91 i_con 4.66 plddt 0.16 ptm 0.83 i_ptm 0.15 energy -7.39
175 models [0] recycles 0 hard 1 soft 0 temp 0.00 loss -1.91 i_con 4.66 plddt 0.16 ptm 0.83 i_ptm 0.15 energy -7.39
176 models [2] recycles 0 hard 1 soft 0 temp 0.00 loss -2.64 i_con 3.94 plddt 0.25 ptm 0.87 i_ptm 0.41 energy -7.39
177 models [1] recycles 0 hard 1 soft 0 temp 0.00 loss -0.09 i_con 6.49 plddt 0.27 ptm 0.86 i_ptm 0.32 energy -7.39
178 models [3] recycles 0 hard 1 soft 0 temp 0.00 loss -2.37 i_con 4.20 plddt 0.21 ptm 0.85 i_ptm 0.27 energy -7.39
179 models [3] recycles 0 hard 1 soft 0 temp 0.00 loss -2.37 i_con 4.20 plddt 0.21 ptm 0.85 i_ptm 0.27 energy -7.39
180 models [3] recycles 0 hard 1 soft 0 temp 0.00 loss -2.37 i_con 4.20 plddt 0.21 ptm 0.85 i_ptm 0.27 energy -7.39
  seq=AWGWWPCDMNYYKFC  loss=-2.3737  loss_af=4.2802  energy=-7.3932  i_ptm=0.2683
[23/30] seed=22 ...
1 models [1] recycles 0 hard 0 soft 1 temp 1 loss 4.52 i_con 4.08 plddt 0.24 ptm 0.86 i_ptm 0.28 energy 7.41
2 models [0] recycles 0 hard 0 soft 1 temp 1 loss 5.50 i_con 5.06 plddt 0.21 ptm 0.83 i_ptm 0.24 energy 7.18
3 models [1] recycles 0 hard 0 soft 1 temp 1 loss 5.13 i_con 4.72 plddt 0.22 ptm 0.85 i_ptm 0.14 energy 6.78
4 models [2] recycles 0 hard 0 soft 1 temp 1 loss 4.33 i_con 3.93 plddt 0.32 ptm 0.86 i_ptm 0.38 energy 6.67
5 models [1] recycles 0 hard 0 soft 1 temp 1 loss 4.64 i_con 4.27 plddt 0.24 ptm 0.86 i_ptm 0.22 energy 5.93
6 models [3] recycles 0 hard 0 soft 1 temp 1 loss 4.06 i_con 3.72 plddt 0.36 ptm 0.87 i_ptm 0.45 energy 5.42
7 models [1] recycles 0 hard 0 soft 1 temp 1 loss 4.66 i_con 4.34 plddt 0.24 ptm 0.86 i_ptm 0.22 energy 4.83
8 models [1] recycles 0 hard 0 soft 1 temp 1 loss 4.94 i_con 4.62 plddt 0.22 ptm 0.85 i_ptm 0.16 energy 4.77
9 models [0] recycles 0 hard 0 soft 1 temp 1 loss 4.35 i_con 4.05 plddt 0.29 ptm 0.84 i_ptm 0.34 energy 4.68
10 models [0] recycles 0 hard 0 soft 1 temp 1 loss 4.31 i_con 4.03 plddt 0.30 ptm 0.84 i_ptm 0.34 energy 4.12
11 models [0] recycles 0 hard 0 soft 1 temp 1 loss 4.32 i_con 4.08 plddt 0.30 ptm 0.84 i_ptm 0.33 energy 3.55
12 models [2] recycles 0 hard 0 soft 1 temp 1 loss 4.00 i_con 3.78 plddt 0.35 ptm 0.87 i_ptm 0.43 energy 3.00
13 models [3] recycles 0 hard 0 soft 1 temp 1 loss 3.90 i_con 3.71 plddt 0.40 ptm 0.86 i_ptm 0.48 energy 2.59
14 models [3] recycles 0 hard 0 soft 1 temp 1 loss 3.91 i_con 3.72 plddt 0.33 ptm 0.86 i_ptm 0.49 energy 2.36
15 models [1] recycles 0 hard 0 soft 1 temp 1 loss 4.56 i_con 4.38 plddt 0.24 ptm 0.85 i_ptm 0.22 energy 2.07
16 models [4] recycles 0 hard 0 soft 1 temp 1 loss 4.00 i_con 3.84 plddt 0.35 ptm 0.88 i_ptm 0.46 energy 1.87
17 models [1] recycles 0 hard 0 soft 1 temp 1 loss 4.32 i_con 4.16 plddt 0.25 ptm 0.86 i_ptm 0.25 energy 1.67
18 models [1] recycles 0 hard 0 soft 1 temp 1 loss 4.46 i_con 4.31 plddt 0.23 ptm 0.85 i_ptm 0.20 energy 1.39
19 models [1] recycles 0 hard 0 soft 1 temp 1 loss 4.29 i_con 4.15 plddt 0.25 ptm 0.86 i_ptm 0.28 energy 1.37
20 models [3] recycles 0 hard 0 soft 1 temp 1 loss 3.92 i_con 3.80 plddt 0.34 ptm 0.86 i_ptm 0.45 energy 1.15
21 models [0] recycles 0 hard 0 soft 1 temp 1 loss 4.11 i_con 4.00 plddt 0.32 ptm 0.84 i_ptm 0.37 energy 0.87
22 models [3] recycles 0 hard 0 soft 1 temp 1 loss 3.88 i_con 3.79 plddt 0.35 ptm 0.86 i_ptm 0.44 energy 0.55
23 models [4] recycles 0 hard 0 soft 1 temp 1 loss 3.85 i_con 3.76 plddt 0.34 ptm 0.88 i_ptm 0.45 energy 0.45
24 models [3] recycles 0 hard 0 soft 1 temp 1 loss 3.78 i_con 3.72 plddt 0.38 ptm 0.86 i_ptm 0.47 energy -0.01
25 models [3] recycles 0 hard 0 soft 1 temp 1 loss 3.70 i_con 3.65 plddt 0.43 ptm 0.86 i_ptm 0.53 energy -0.24
26 models [2] recycles 0 hard 0 soft 1 temp 1 loss 3.84 i_con 3.81 plddt 0.35 ptm 0.87 i_ptm 0.46 energy -0.66
27 models [2] recycles 0 hard 0 soft 1 temp 1 loss 3.70 i_con 3.69 plddt 0.35 ptm 0.87 i_ptm 0.51 energy -1.05
28 models [4] recycles 0 hard 0 soft 1 temp 1 loss 3.80 i_con 3.81 plddt 0.33 ptm 0.88 i_ptm 0.45 energy -1.50
29 models [1] recycles 0 hard 0 soft 1 temp 1 loss 4.07 i_con 4.09 plddt 0.26 ptm 0.86 i_ptm 0.31 energy -1.83
30 models [3] recycles 0 hard 0 soft 1 temp 1 loss 3.70 i_con 3.73 plddt 0.37 ptm 0.86 i_ptm 0.46 energy -1.96
31 models [3] recycles 0 hard 0 soft 1 temp 1 loss 3.71 i_con 3.76 plddt 0.35 ptm 0.86 i_ptm 0.43 energy -2.34
32 models [2] recycles 0 hard 0 soft 1 temp 1 loss 3.80 i_con 3.86 plddt 0.35 ptm 0.87 i_ptm 0.44 energy -2.52
33 models [1] recycles 0 hard 0 soft 1 temp 1 loss 4.19 i_con 4.24 plddt 0.25 ptm 0.86 i_ptm 0.25 energy -2.59
34 models [2] recycles 0 hard 0 soft 1 temp 1 loss 3.70 i_con 3.77 plddt 0.38 ptm 0.87 i_ptm 0.49 energy -2.57
35 models [4] recycles 0 hard 0 soft 1 temp 1 loss 3.61 i_con 3.68 plddt 0.41 ptm 0.88 i_ptm 0.48 energy -2.65
36 models [3] recycles 0 hard 0 soft 1 temp 1 loss 3.76 i_con 3.83 plddt 0.32 ptm 0.86 i_ptm 0.42 energy -2.82
37 models [4] recycles 0 hard 0 soft 1 temp 1 loss 3.57 i_con 3.66 plddt 0.40 ptm 0.89 i_ptm 0.51 energy -3.00
38 models [0] recycles 0 hard 0 soft 1 temp 1 loss 3.84 i_con 3.93 plddt 0.35 ptm 0.85 i_ptm 0.41 energy -3.05
39 models [1] recycles 0 hard 0 soft 1 temp 1 loss 4.08 i_con 4.16 plddt 0.25 ptm 0.85 i_ptm 0.24 energy -3.18
40 models [2] recycles 0 hard 0 soft 1 temp 1 loss 3.63 i_con 3.72 plddt 0.39 ptm 0.87 i_ptm 0.50 energy -3.15
41 models [0] recycles 0 hard 0 soft 1 temp 1 loss 3.79 i_con 3.89 plddt 0.35 ptm 0.85 i_ptm 0.40 energy -3.18
42 models [3] recycles 0 hard 0 soft 1 temp 1 loss 3.70 i_con 3.80 plddt 0.35 ptm 0.86 i_ptm 0.45 energy -3.24
43 models [3] recycles 0 hard 0 soft 1 temp 1 loss 3.67 i_con 3.78 plddt 0.37 ptm 0.86 i_ptm 0.48 energy -3.36
44 models [3] recycles 0 hard 0 soft 1 temp 1 loss 3.68 i_con 3.78 plddt 0.35 ptm 0.86 i_ptm 0.46 energy -3.33
45 models [4] recycles 0 hard 0 soft 1 temp 1 loss 3.66 i_con 3.76 plddt 0.37 ptm 0.88 i_ptm 0.44 energy -3.26
46 models [2] recycles 0 hard 0 soft 1 temp 1 loss 3.56 i_con 3.66 plddt 0.37 ptm 0.87 i_ptm 0.50 energy -3.21
47 models [4] recycles 0 hard 0 soft 1 temp 1 loss 3.56 i_con 3.66 plddt 0.41 ptm 0.88 i_ptm 0.51 energy -3.29
48 models [2] recycles 0 hard 0 soft 1 temp 1 loss 3.70 i_con 3.80 plddt 0.38 ptm 0.87 i_ptm 0.46 energy -3.32
49 models [2] recycles 0 hard 0 soft 1 temp 1 loss 3.53 i_con 3.63 plddt 0.42 ptm 0.87 i_ptm 0.52 energy -3.32
50 models [0] recycles 0 hard 0 soft 1 temp 1 loss 3.75 i_con 3.86 plddt 0.38 ptm 0.84 i_ptm 0.46 energy -3.41
51 models [1] recycles 0 hard 0 soft 1 temp 1 loss 3.73 i_con 4.00 plddt 0.31 ptm 0.86 i_ptm 0.36 energy -3.40
52 models [3] recycles 0 hard 0 soft 1 temp 1 loss 3.47 i_con 3.75 plddt 0.37 ptm 0.86 i_ptm 0.46 energy -3.42
53 models [3] recycles 0 hard 0 soft 1 temp 1 loss 3.42 i_con 3.70 plddt 0.38 ptm 0.86 i_ptm 0.49 energy -3.45
54 models [1] recycles 0 hard 0 soft 1 temp 1 loss 3.63 i_con 3.92 plddt 0.31 ptm 0.87 i_ptm 0.36 energy -3.58
55 models [0] recycles 0 hard 0 soft 1 temp 1 loss 3.56 i_con 3.85 plddt 0.34 ptm 0.85 i_ptm 0.42 energy -3.53
56 models [2] recycles 0 hard 0 soft 1 temp 1 loss 3.44 i_con 3.74 plddt 0.37 ptm 0.87 i_ptm 0.49 energy -3.65
57 models [2] recycles 0 hard 0 soft 1 temp 1 loss 3.55 i_con 3.86 plddt 0.33 ptm 0.86 i_ptm 0.42 energy -3.76
58 models [2] recycles 0 hard 0 soft 1 temp 1 loss 3.37 i_con 3.68 plddt 0.42 ptm 0.87 i_ptm 0.53 energy -3.67
59 models [4] recycles 0 hard 0 soft 1 temp 1 loss 3.39 i_con 3.72 plddt 0.37 ptm 0.88 i_ptm 0.47 energy -3.86
60 models [1] recycles 0 hard 0 soft 1 temp 1 loss 3.72 i_con 4.05 plddt 0.29 ptm 0.86 i_ptm 0.31 energy -3.96
61 models [3] recycles 0 hard 0 soft 1 temp 1 loss 3.36 i_con 3.69 plddt 0.39 ptm 0.86 i_ptm 0.48 energy -3.93
62 models [3] recycles 0 hard 0 soft 1 temp 1 loss 3.37 i_con 3.72 plddt 0.37 ptm 0.87 i_ptm 0.47 energy -4.06
63 models [4] recycles 0 hard 0 soft 1 temp 1 loss 3.46 i_con 3.82 plddt 0.32 ptm 0.88 i_ptm 0.41 energy -4.23
64 models [0] recycles 0 hard 0 soft 1 temp 1 loss 3.42 i_con 3.77 plddt 0.40 ptm 0.85 i_ptm 0.50 energy -4.17
65 models [1] recycles 0 hard 0 soft 1 temp 1 loss 3.53 i_con 3.89 plddt 0.31 ptm 0.87 i_ptm 0.40 energy -4.28
66 models [1] recycles 0 hard 0 soft 1 temp 1 loss 3.55 i_con 3.91 plddt 0.30 ptm 0.87 i_ptm 0.39 energy -4.29
67 models [4] recycles 0 hard 0 soft 1 temp 1 loss 3.49 i_con 3.85 plddt 0.31 ptm 0.88 i_ptm 0.41 energy -4.33
68 models [0] recycles 0 hard 0 soft 1 temp 1 loss 3.46 i_con 3.84 plddt 0.37 ptm 0.85 i_ptm 0.46 energy -4.38
69 models [4] recycles 0 hard 0 soft 1 temp 1 loss 3.41 i_con 3.79 plddt 0.35 ptm 0.88 i_ptm 0.45 energy -4.44
70 models [2] recycles 0 hard 0 soft 1 temp 1 loss 3.30 i_con 3.68 plddt 0.40 ptm 0.87 i_ptm 0.52 energy -4.46
71 models [0] recycles 0 hard 0 soft 1 temp 1 loss 3.67 i_con 4.06 plddt 0.29 ptm 0.85 i_ptm 0.33 energy -4.60
72 models [4] recycles 0 hard 0 soft 1 temp 1 loss 3.16 i_con 3.57 plddt 0.42 ptm 0.88 i_ptm 0.56 energy -4.68
73 models [3] recycles 0 hard 0 soft 1 temp 1 loss 3.30 i_con 3.70 plddt 0.37 ptm 0.87 i_ptm 0.48 energy -4.66
74 models [1] recycles 0 hard 0 soft 1 temp 1 loss 4.94 i_con 5.35 plddt 0.24 ptm 0.86 i_ptm 0.17 energy -4.78
75 models [0] recycles 0 hard 0 soft 1 temp 1 loss 3.38 i_con 3.79 plddt 0.39 ptm 0.85 i_ptm 0.46 energy -4.68
76 models [4] recycles 0 hard 0 soft 1 temp 1 loss 3.32 i_con 3.72 plddt 0.39 ptm 0.89 i_ptm 0.51 energy -4.65
77 models [2] recycles 0 hard 0 soft 1 temp 1 loss 3.39 i_con 3.80 plddt 0.36 ptm 0.87 i_ptm 0.48 energy -4.75
78 models [0] recycles 0 hard 0 soft 1 temp 1 loss 3.58 i_con 4.00 plddt 0.32 ptm 0.84 i_ptm 0.37 energy -4.79
79 models [0] recycles 0 hard 0 soft 1 temp 1 loss 3.50 i_con 3.91 plddt 0.32 ptm 0.85 i_ptm 0.41 energy -4.80
80 models [2] recycles 0 hard 0 soft 1 temp 1 loss 3.34 i_con 3.77 plddt 0.37 ptm 0.87 i_ptm 0.47 energy -4.94
81 models [2] recycles 0 hard 0 soft 1 temp 1 loss 3.21 i_con 3.64 plddt 0.39 ptm 0.87 i_ptm 0.54 energy -4.89
82 models [1] recycles 0 hard 0 soft 1 temp 1 loss 4.56 i_con 4.99 plddt 0.27 ptm 0.85 i_ptm 0.16 energy -4.96
83 models [4] recycles 0 hard 0 soft 1 temp 1 loss 3.21 i_con 3.65 plddt 0.43 ptm 0.88 i_ptm 0.53 energy -4.92
84 models [0] recycles 0 hard 0 soft 1 temp 1 loss 3.37 i_con 3.81 plddt 0.40 ptm 0.85 i_ptm 0.47 energy -4.98
85 models [4] recycles 0 hard 0 soft 1 temp 1 loss 3.19 i_con 3.63 plddt 0.39 ptm 0.88 i_ptm 0.53 energy -5.04
86 models [2] recycles 0 hard 0 soft 1 temp 1 loss 3.23 i_con 3.67 plddt 0.42 ptm 0.87 i_ptm 0.56 energy -4.99
87 models [1] recycles 0 hard 0 soft 1 temp 1 loss 3.60 i_con 4.04 plddt 0.32 ptm 0.86 i_ptm 0.33 energy -5.06
88 models [1] recycles 0 hard 0 soft 1 temp 1 loss 5.02 i_con 5.46 plddt 0.29 ptm 0.85 i_ptm 0.18 energy -5.15
89 models [1] recycles 0 hard 0 soft 1 temp 1 loss 5.18 i_con 5.62 plddt 0.31 ptm 0.85 i_ptm 0.16 energy -5.14
90 models [2] recycles 0 hard 0 soft 1 temp 1 loss 3.19 i_con 3.65 plddt 0.43 ptm 0.88 i_ptm 0.55 energy -5.18
91 models [4] recycles 0 hard 0 soft 1 temp 1 loss 3.20 i_con 3.66 plddt 0.39 ptm 0.88 i_ptm 0.50 energy -5.23
92 models [1] recycles 0 hard 0 soft 1 temp 1 loss 4.95 i_con 5.40 plddt 0.27 ptm 0.85 i_ptm 0.18 energy -5.23
93 models [0] recycles 0 hard 0 soft 1 temp 1 loss 3.46 i_con 3.92 plddt 0.37 ptm 0.85 i_ptm 0.40 energy -5.19
94 models [0] recycles 0 hard 0 soft 1 temp 1 loss 3.35 i_con 3.82 plddt 0.39 ptm 0.84 i_ptm 0.48 energy -5.28
95 models [4] recycles 0 hard 0 soft 1 temp 1 loss 3.29 i_con 3.76 plddt 0.36 ptm 0.89 i_ptm 0.48 energy -5.29
96 models [0] recycles 0 hard 0 soft 1 temp 1 loss 3.53 i_con 4.00 plddt 0.36 ptm 0.84 i_ptm 0.33 energy -5.34
97 models [3] recycles 0 hard 0 soft 1 temp 1 loss 3.15 i_con 3.62 plddt 0.40 ptm 0.87 i_ptm 0.55 energy -5.26
98 models [1] recycles 0 hard 0 soft 1 temp 1 loss 3.46 i_con 3.92 plddt 0.33 ptm 0.87 i_ptm 0.41 energy -5.28
99 models [1] recycles 0 hard 0 soft 1 temp 1 loss 5.35 i_con 5.81 plddt 0.27 ptm 0.86 i_ptm 0.20 energy -5.34
100 models [0] recycles 0 hard 0 soft 1 temp 1 loss 3.37 i_con 3.84 plddt 0.37 ptm 0.84 i_ptm 0.47 energy -5.27
101 models [3] recycles 0 hard 0 soft 0 temp 1 loss -11.34 i_con 5.03 plddt 0.20 ptm 0.74 i_ptm 0.12 energy -32.89
102 models [2] recycles 0 hard 0 soft 0 temp 0.98 loss -10.66 i_con 5.75 plddt 0.26 ptm 0.84 i_ptm 0.16 energy -32.97
103 models [2] recycles 0 hard 0 soft 0 temp 0.96 loss -12.53 i_con 4.05 plddt 0.32 ptm 0.86 i_ptm 0.34 energy -33.31
104 models [0] recycles 0 hard 0 soft 0 temp 0.94 loss -13.41 i_con 4.10 plddt 0.28 ptm 0.85 i_ptm 0.29 energy -35.17
105 models [0] recycles 0 hard 0 soft 0 temp 0.92 loss -13.81 i_con 4.81 plddt 0.29 ptm 0.83 i_ptm 0.12 energy -37.39
106 models [3] recycles 0 hard 0 soft 0 temp 0.90 loss -13.98 i_con 4.88 plddt 0.28 ptm 0.84 i_ptm 0.21 energy -37.88
107 models [2] recycles 0 hard 0 soft 0 temp 0.88 loss -14.18 i_con 5.35 plddt 0.27 ptm 0.85 i_ptm 0.16 energy -39.19
108 models [4] recycles 0 hard 0 soft 0 temp 0.86 loss -14.64 i_con 5.34 plddt 0.21 ptm 0.87 i_ptm 0.14 energy -40.12
109 models [4] recycles 0 hard 0 soft 0 temp 0.84 loss -15.40 i_con 4.96 plddt 0.17 ptm 0.12 i_ptm 0.13 energy -40.89
110 models [1] recycles 0 hard 0 soft 0 temp 0.82 loss -14.30 i_con 6.18 plddt 0.25 ptm 0.86 i_ptm 0.15 energy -41.10
111 models [1] recycles 0 hard 0 soft 0 temp 0.80 loss -15.07 i_con 6.38 plddt 0.28 ptm 0.86 i_ptm 0.18 energy -43.05
112 models [3] recycles 0 hard 0 soft 0 temp 0.78 loss -15.63 i_con 6.32 plddt 0.30 ptm 0.85 i_ptm 0.26 energy -44.04
113 models [4] recycles 0 hard 0 soft 0 temp 0.76 loss -17.28 i_con 5.55 plddt 0.22 ptm 0.85 i_ptm 0.11 energy -45.80
114 models [2] recycles 0 hard 0 soft 0 temp 0.74 loss -17.94 i_con 5.72 plddt 0.24 ptm 0.85 i_ptm 0.19 energy -47.48
115 models [0] recycles 0 hard 0 soft 0 temp 0.72 loss -19.25 i_con 5.24 plddt 0.26 ptm 0.83 i_ptm 0.12 energy -49.12
116 models [4] recycles 0 hard 0 soft 0 temp 0.70 loss -19.05 i_con 5.87 plddt 0.21 ptm 0.87 i_ptm 0.11 energy -50.01
117 models [1] recycles 0 hard 0 soft 0 temp 0.68 loss -19.26 i_con 5.92 plddt 0.27 ptm 0.85 i_ptm 0.13 energy -50.50
118 models [2] recycles 0 hard 0 soft 0 temp 0.66 loss -20.32 i_con 5.68 plddt 0.21 ptm 0.85 i_ptm 0.14 energy -52.17
119 models [2] recycles 0 hard 0 soft 0 temp 0.64 loss -20.52 i_con 6.16 plddt 0.22 ptm 0.85 i_ptm 0.15 energy -53.51
120 models [1] recycles 0 hard 0 soft 0 temp 0.62 loss -21.14 i_con 6.40 plddt 0.25 ptm 0.85 i_ptm 0.12 energy -55.23
121 models [2] recycles 0 hard 0 soft 0 temp 0.60 loss -21.64 i_con 6.21 plddt 0.25 ptm 0.83 i_ptm 0.15 energy -55.85
122 models [0] recycles 0 hard 0 soft 0 temp 0.58 loss -22.55 i_con 5.33 plddt 0.24 ptm 0.74 i_ptm 0.39 energy -55.91
123 models [0] recycles 0 hard 0 soft 0 temp 0.56 loss -23.01 i_con 4.97 plddt 0.25 ptm 0.82 i_ptm 0.10 energy -56.11
124 models [2] recycles 0 hard 0 soft 0 temp 0.54 loss -23.20 i_con 5.02 plddt 0.22 ptm 0.86 i_ptm 0.11 energy -56.61
125 models [3] recycles 0 hard 0 soft 0 temp 0.52 loss -26.71 i_con 1.76 plddt 0.33 ptm 0.61 i_ptm 0.61 energy -57.09
126 models [4] recycles 0 hard 0 soft 0 temp 0.50 loss -22.80 i_con 5.82 plddt 0.20 ptm 0.87 i_ptm 0.12 energy -57.39
127 models [0] recycles 0 hard 0 soft 0 temp 0.48 loss -23.36 i_con 5.56 plddt 0.25 ptm 0.83 i_ptm 0.13 energy -57.98
128 models [3] recycles 0 hard 0 soft 0 temp 0.46 loss -25.87 i_con 3.94 plddt 0.19 ptm 0.22 i_ptm 0.24 energy -59.77
129 models [1] recycles 0 hard 0 soft 0 temp 0.44 loss -23.74 i_con 6.22 plddt 0.25 ptm 0.86 i_ptm 0.12 energy -60.08
130 models [0] recycles 0 hard 0 soft 0 temp 0.42 loss -25.19 i_con 5.54 plddt 0.24 ptm 0.83 i_ptm 0.12 energy -61.61
131 models [1] recycles 0 hard 0 soft 0 temp 0.40 loss -25.01 i_con 6.06 plddt 0.26 ptm 0.86 i_ptm 0.14 energy -62.29
132 models [3] recycles 0 hard 0 soft 0 temp 0.38 loss -25.90 i_con 6.10 plddt 0.23 ptm 0.85 i_ptm 0.17 energy -64.15
133 models [1] recycles 0 hard 0 soft 0 temp 0.36 loss -26.98 i_con 6.03 plddt 0.25 ptm 0.86 i_ptm 0.12 energy -66.17
134 models [0] recycles 0 hard 0 soft 0 temp 0.34 loss -28.58 i_con 5.33 plddt 0.23 ptm 0.83 i_ptm 0.13 energy -67.97
135 models [4] recycles 0 hard 0 soft 0 temp 0.32 loss -28.63 i_con 6.35 plddt 0.21 ptm 0.88 i_ptm 0.13 energy -70.11
136 models [3] recycles 0 hard 0 soft 0 temp 0.30 loss -30.17 i_con 5.78 plddt 0.22 ptm 0.84 i_ptm 0.17 energy -72.04
137 models [4] recycles 0 hard 0 soft 0 temp 0.28 loss -30.87 i_con 6.07 plddt 0.22 ptm 0.87 i_ptm 0.13 energy -74.05
138 models [0] recycles 0 hard 0 soft 0 temp 0.26 loss -32.36 i_con 5.33 plddt 0.24 ptm 0.83 i_ptm 0.12 energy -75.54
139 models [1] recycles 0 hard 0 soft 0 temp 0.24 loss -32.63 i_con 5.88 plddt 0.27 ptm 0.86 i_ptm 0.11 energy -77.16
140 models [0] recycles 0 hard 0 soft 0 temp 0.22 loss -33.86 i_con 5.60 plddt 0.26 ptm 0.83 i_ptm 0.11 energy -79.06
141 models [0] recycles 0 hard 0 soft 0 temp 0.20 loss -34.95 i_con 5.45 plddt 0.23 ptm 0.83 i_ptm 0.11 energy -80.95
142 models [2] recycles 0 hard 0 soft 0 temp 0.18 loss -34.98 i_con 6.28 plddt 0.24 ptm 0.86 i_ptm 0.17 energy -82.68
143 models [2] recycles 0 hard 0 soft 0 temp 0.16 loss -35.62 i_con 6.00 plddt 0.22 ptm 0.86 i_ptm 0.16 energy -83.39
144 models [4] recycles 0 hard 0 soft 0 temp 0.14 loss -35.76 i_con 6.37 plddt 0.21 ptm 0.84 i_ptm 0.09 energy -84.42
145 models [1] recycles 0 hard 0 soft 0 temp 0.12 loss -36.85 i_con 6.07 plddt 0.24 ptm 0.86 i_ptm 0.13 energy -85.98
146 models [4] recycles 0 hard 0 soft 0 temp 0.10 loss -37.86 i_con 6.05 plddt 0.21 ptm 0.87 i_ptm 0.13 energy -87.99
147 models [3] recycles 0 hard 0 soft 0 temp 0.08 loss -39.72 i_con 5.22 plddt 0.22 ptm 0.84 i_ptm 0.13 energy -90.03
148 models [3] recycles 0 hard 0 soft 0 temp 0.06 loss -39.82 i_con 5.64 plddt 0.22 ptm 0.85 i_ptm 0.16 energy -91.08
149 models [0] recycles 0 hard 0 soft 0 temp 0.04 loss -41.29 i_con 4.98 plddt 0.23 ptm 0.83 i_ptm 0.10 energy -92.69
150 models [4] recycles 0 hard 0 soft 0 temp 0.02 loss -41.15 i_con 6.04 plddt 0.20 ptm 0.87 i_ptm 0.12 energy -94.55
151 models [1] recycles 0 hard 1 soft 0 temp 0.00 loss -0.84 i_con 4.84 plddt 0.26 ptm 0.85 i_ptm 0.24 energy -6.39
152 models [2] recycles 0 hard 1 soft 0 temp 0.00 loss -1.18 i_con 4.51 plddt 0.30 ptm 0.86 i_ptm 0.33 energy -6.39
153 models [2] recycles 0 hard 1 soft 0 temp 0.00 loss -1.18 i_con 4.51 plddt 0.30 ptm 0.86 i_ptm 0.33 energy -6.39
154 models [3] recycles 0 hard 1 soft 0 temp 0.00 loss -1.80 i_con 3.89 plddt 0.27 ptm 0.85 i_ptm 0.42 energy -6.39
155 models [1] recycles 0 hard 1 soft 0 temp 0.00 loss -0.84 i_con 4.84 plddt 0.26 ptm 0.85 i_ptm 0.24 energy -6.39
156 models [3] recycles 0 hard 1 soft 0 temp 0.00 loss -1.80 i_con 3.89 plddt 0.27 ptm 0.85 i_ptm 0.42 energy -6.39
157 models [0] recycles 0 hard 1 soft 0 temp 0.00 loss -1.85 i_con 3.85 plddt 0.37 ptm 0.84 i_ptm 0.46 energy -6.39
158 models [0] recycles 0 hard 1 soft 0 temp 0.00 loss -1.85 i_con 3.85 plddt 0.37 ptm 0.84 i_ptm 0.46 energy -6.39
159 models [0] recycles 0 hard 1 soft 0 temp 0.00 loss -1.85 i_con 3.85 plddt 0.37 ptm 0.84 i_ptm 0.46 energy -6.39
160 models [1] recycles 0 hard 1 soft 0 temp 0.00 loss -0.84 i_con 4.84 plddt 0.26 ptm 0.85 i_ptm 0.24 energy -6.39
161 models [4] recycles 0 hard 1 soft 0 temp 0.00 loss -1.21 i_con 4.47 plddt 0.22 ptm 0.88 i_ptm 0.28 energy -6.39
162 models [4] recycles 0 hard 1 soft 0 temp 0.00 loss -1.21 i_con 4.47 plddt 0.22 ptm 0.88 i_ptm 0.28 energy -6.39
163 models [2] recycles 0 hard 1 soft 0 temp 0.00 loss -1.18 i_con 4.51 plddt 0.30 ptm 0.86 i_ptm 0.33 energy -6.39
164 models [3] recycles 0 hard 1 soft 0 temp 0.00 loss -1.80 i_con 3.89 plddt 0.27 ptm 0.85 i_ptm 0.42 energy -6.39
165 models [1] recycles 0 hard 1 soft 0 temp 0.00 loss -0.84 i_con 4.84 plddt 0.26 ptm 0.85 i_ptm 0.24 energy -6.39
166 models [0] recycles 0 hard 1 soft 0 temp 0.00 loss -1.85 i_con 3.85 plddt 0.37 ptm 0.84 i_ptm 0.46 energy -6.39
167 models [2] recycles 0 hard 1 soft 0 temp 0.00 loss -1.18 i_con 4.51 plddt 0.30 ptm 0.86 i_ptm 0.33 energy -6.39
168 models [4] recycles 0 hard 1 soft 0 temp 0.00 loss -1.21 i_con 4.47 plddt 0.22 ptm 0.88 i_ptm 0.28 energy -6.39
169 models [4] recycles 0 hard 1 soft 0 temp 0.00 loss -1.21 i_con 4.47 plddt 0.22 ptm 0.88 i_ptm 0.28 energy -6.39
170 models [1] recycles 0 hard 1 soft 0 temp 0.00 loss -0.84 i_con 4.84 plddt 0.26 ptm 0.85 i_ptm 0.24 energy -6.39
171 models [3] recycles 0 hard 1 soft 0 temp 0.00 loss -1.80 i_con 3.89 plddt 0.27 ptm 0.85 i_ptm 0.42 energy -6.39
172 models [4] recycles 0 hard 1 soft 0 temp 0.00 loss -1.21 i_con 4.47 plddt 0.22 ptm 0.88 i_ptm 0.28 energy -6.39
173 models [1] recycles 0 hard 1 soft 0 temp 0.00 loss -0.84 i_con 4.84 plddt 0.26 ptm 0.85 i_ptm 0.24 energy -6.39
174 models [4] recycles 0 hard 1 soft 0 temp 0.00 loss -1.21 i_con 4.47 plddt 0.22 ptm 0.88 i_ptm 0.28 energy -6.39
175 models [3] recycles 0 hard 1 soft 0 temp 0.00 loss -1.80 i_con 3.89 plddt 0.27 ptm 0.85 i_ptm 0.42 energy -6.39
176 models [1] recycles 0 hard 1 soft 0 temp 0.00 loss -0.84 i_con 4.84 plddt 0.26 ptm 0.85 i_ptm 0.24 energy -6.39
177 models [4] recycles 0 hard 1 soft 0 temp 0.00 loss -1.21 i_con 4.47 plddt 0.22 ptm 0.88 i_ptm 0.28 energy -6.39
178 models [4] recycles 0 hard 1 soft 0 temp 0.00 loss -1.21 i_con 4.47 plddt 0.22 ptm 0.88 i_ptm 0.28 energy -6.39
179 models [2] recycles 0 hard 1 soft 0 temp 0.00 loss -1.18 i_con 4.51 plddt 0.30 ptm 0.86 i_ptm 0.33 energy -6.39
180 models [1] recycles 0 hard 1 soft 0 temp 0.00 loss -0.84 i_con 4.84 plddt 0.26 ptm 0.85 i_ptm 0.24 energy -6.39
  seq=DWFWWSISLKYNRDA  loss=-0.8436  loss_af=4.9105  energy=-6.3934  i_ptm=0.2411
[24/30] seed=23 ...
1 models [2] recycles 0 hard 0 soft 1 temp 1 loss 4.97 i_con 4.53 plddt 0.23 ptm 0.85 i_ptm 0.19 energy 7.43
2 models [0] recycles 0 hard 0 soft 1 temp 1 loss 4.49 i_con 4.06 plddt 0.29 ptm 0.84 i_ptm 0.32 energy 7.31
3 models [2] recycles 0 hard 0 soft 1 temp 1 loss 4.23 i_con 3.82 plddt 0.33 ptm 0.87 i_ptm 0.44 energy 6.83
4 models [3] recycles 0 hard 0 soft 1 temp 1 loss 4.15 i_con 3.76 plddt 0.35 ptm 0.86 i_ptm 0.47 energy 6.35
5 models [3] recycles 0 hard 0 soft 1 temp 1 loss 4.28 i_con 3.91 plddt 0.30 ptm 0.86 i_ptm 0.40 energy 6.01
6 models [1] recycles 0 hard 0 soft 1 temp 1 loss 4.54 i_con 4.20 plddt 0.24 ptm 0.86 i_ptm 0.28 energy 5.41
7 models [0] recycles 0 hard 0 soft 1 temp 1 loss 4.35 i_con 4.02 plddt 0.32 ptm 0.85 i_ptm 0.35 energy 5.23
8 models [1] recycles 0 hard 0 soft 1 temp 1 loss 5.75 i_con 5.44 plddt 0.22 ptm 0.85 i_ptm 0.14 energy 4.71
9 models [1] recycles 0 hard 0 soft 1 temp 1 loss 4.86 i_con 4.55 plddt 0.20 ptm 0.86 i_ptm 0.14 energy 4.59
10 models [1] recycles 0 hard 0 soft 1 temp 1 loss 4.48 i_con 4.18 plddt 0.24 ptm 0.86 i_ptm 0.22 energy 4.46
11 models [1] recycles 0 hard 0 soft 1 temp 1 loss 4.49 i_con 4.21 plddt 0.26 ptm 0.86 i_ptm 0.25 energy 3.97
12 models [2] recycles 0 hard 0 soft 1 temp 1 loss 4.03 i_con 3.78 plddt 0.39 ptm 0.88 i_ptm 0.51 energy 3.67
13 models [3] recycles 0 hard 0 soft 1 temp 1 loss 3.96 i_con 3.73 plddt 0.33 ptm 0.87 i_ptm 0.48 energy 3.21
14 models [2] recycles 0 hard 0 soft 1 temp 1 loss 4.00 i_con 3.80 plddt 0.37 ptm 0.88 i_ptm 0.49 energy 2.80
15 models [4] recycles 0 hard 0 soft 1 temp 1 loss 3.93 i_con 3.75 plddt 0.36 ptm 0.89 i_ptm 0.47 energy 2.44
16 models [4] recycles 0 hard 0 soft 1 temp 1 loss 3.95 i_con 3.78 plddt 0.40 ptm 0.89 i_ptm 0.50 energy 2.12
17 models [2] recycles 0 hard 0 soft 1 temp 1 loss 3.99 i_con 3.83 plddt 0.36 ptm 0.87 i_ptm 0.46 energy 1.83
18 models [4] recycles 0 hard 0 soft 1 temp 1 loss 4.01 i_con 3.87 plddt 0.31 ptm 0.88 i_ptm 0.45 energy 1.57
19 models [0] recycles 0 hard 0 soft 1 temp 1 loss 3.97 i_con 3.84 plddt 0.40 ptm 0.85 i_ptm 0.48 energy 1.35
20 models [2] recycles 0 hard 0 soft 1 temp 1 loss 3.92 i_con 3.80 plddt 0.39 ptm 0.87 i_ptm 0.50 energy 1.11
21 models [2] recycles 0 hard 0 soft 1 temp 1 loss 3.98 i_con 3.87 plddt 0.32 ptm 0.86 i_ptm 0.43 energy 0.83
22 models [3] recycles 0 hard 0 soft 1 temp 1 loss 3.74 i_con 3.65 plddt 0.37 ptm 0.87 i_ptm 0.57 energy 0.50
23 models [4] recycles 0 hard 0 soft 1 temp 1 loss 3.89 i_con 3.81 plddt 0.37 ptm 0.89 i_ptm 0.50 energy 0.48
24 models [4] recycles 0 hard 0 soft 1 temp 1 loss 3.71 i_con 3.64 plddt 0.47 ptm 0.89 i_ptm 0.59 energy 0.28
25 models [3] recycles 0 hard 0 soft 1 temp 1 loss 3.70 i_con 3.63 plddt 0.38 ptm 0.87 i_ptm 0.57 energy 0.13
26 models [4] recycles 0 hard 0 soft 1 temp 1 loss 3.90 i_con 3.84 plddt 0.34 ptm 0.89 i_ptm 0.47 energy -0.10
27 models [3] recycles 0 hard 0 soft 1 temp 1 loss 3.71 i_con 3.66 plddt 0.38 ptm 0.87 i_ptm 0.55 energy -0.32
28 models [3] recycles 0 hard 0 soft 1 temp 1 loss 3.58 i_con 3.55 plddt 0.39 ptm 0.88 i_ptm 0.61 energy -0.62
29 models [4] recycles 0 hard 0 soft 1 temp 1 loss 3.78 i_con 3.75 plddt 0.36 ptm 0.89 i_ptm 0.47 energy -0.72
30 models [3] recycles 0 hard 0 soft 1 temp 1 loss 3.63 i_con 3.62 plddt 0.43 ptm 0.87 i_ptm 0.60 energy -0.89
31 models [3] recycles 0 hard 0 soft 1 temp 1 loss 3.73 i_con 3.71 plddt 0.36 ptm 0.86 i_ptm 0.52 energy -0.84
32 models [4] recycles 0 hard 0 soft 1 temp 1 loss 4.95 i_con 4.93 plddt 0.27 ptm 0.87 i_ptm 0.16 energy -1.03
33 models [2] recycles 0 hard 0 soft 1 temp 1 loss 3.84 i_con 3.82 plddt 0.39 ptm 0.87 i_ptm 0.48 energy -0.95
34 models [0] recycles 0 hard 0 soft 1 temp 1 loss 3.85 i_con 3.84 plddt 0.39 ptm 0.86 i_ptm 0.47 energy -1.07
35 models [1] recycles 0 hard 0 soft 1 temp 1 loss 3.82 i_con 3.81 plddt 0.33 ptm 0.87 i_ptm 0.45 energy -1.14
36 models [1] recycles 0 hard 0 soft 1 temp 1 loss 4.09 i_con 4.08 plddt 0.27 ptm 0.86 i_ptm 0.29 energy -1.10
37 models [0] recycles 0 hard 0 soft 1 temp 1 loss 3.75 i_con 3.74 plddt 0.39 ptm 0.86 i_ptm 0.52 energy -0.95
38 models [3] recycles 0 hard 0 soft 1 temp 1 loss 3.68 i_con 3.68 plddt 0.38 ptm 0.87 i_ptm 0.54 energy -1.20
39 models [0] recycles 0 hard 0 soft 1 temp 1 loss 3.83 i_con 3.83 plddt 0.39 ptm 0.85 i_ptm 0.47 energy -1.10
40 models [1] recycles 0 hard 0 soft 1 temp 1 loss 3.83 i_con 3.83 plddt 0.35 ptm 0.88 i_ptm 0.46 energy -1.16
41 models [4] recycles 0 hard 0 soft 1 temp 1 loss 3.76 i_con 3.76 plddt 0.38 ptm 0.89 i_ptm 0.52 energy -1.10
42 models [2] recycles 0 hard 0 soft 1 temp 1 loss 3.77 i_con 3.77 plddt 0.37 ptm 0.88 i_ptm 0.52 energy -1.16
43 models [4] recycles 0 hard 0 soft 1 temp 1 loss 3.80 i_con 3.80 plddt 0.32 ptm 0.89 i_ptm 0.47 energy -1.39
44 models [0] recycles 0 hard 0 soft 1 temp 1 loss 3.71 i_con 3.72 plddt 0.43 ptm 0.86 i_ptm 0.54 energy -1.51
45 models [3] recycles 0 hard 0 soft 1 temp 1 loss 3.55 i_con 3.58 plddt 0.45 ptm 0.87 i_ptm 0.61 energy -1.68
46 models [0] recycles 0 hard 0 soft 1 temp 1 loss 3.76 i_con 3.79 plddt 0.39 ptm 0.85 i_ptm 0.51 energy -1.71
47 models [4] recycles 0 hard 0 soft 1 temp 1 loss 3.65 i_con 3.68 plddt 0.39 ptm 0.89 i_ptm 0.56 energy -1.88
48 models [2] recycles 0 hard 0 soft 1 temp 1 loss 3.64 i_con 3.68 plddt 0.45 ptm 0.87 i_ptm 0.58 energy -1.85
49 models [4] recycles 0 hard 0 soft 1 temp 1 loss 3.81 i_con 3.84 plddt 0.33 ptm 0.88 i_ptm 0.47 energy -1.87
50 models [0] recycles 0 hard 0 soft 1 temp 1 loss 3.74 i_con 3.77 plddt 0.39 ptm 0.86 i_ptm 0.50 energy -1.80
51 models [1] recycles 0 hard 0 soft 1 temp 1 loss 3.87 i_con 3.99 plddt 0.30 ptm 0.87 i_ptm 0.39 energy -1.91
52 models [1] recycles 0 hard 0 soft 1 temp 1 loss 3.75 i_con 3.86 plddt 0.33 ptm 0.87 i_ptm 0.41 energy -1.75
53 models [1] recycles 0 hard 0 soft 1 temp 1 loss 3.63 i_con 3.75 plddt 0.34 ptm 0.88 i_ptm 0.49 energy -1.83
54 models [3] recycles 0 hard 0 soft 1 temp 1 loss 3.51 i_con 3.64 plddt 0.40 ptm 0.87 i_ptm 0.56 energy -1.88
55 models [4] recycles 0 hard 0 soft 1 temp 1 loss 3.61 i_con 3.75 plddt 0.35 ptm 0.88 i_ptm 0.52 energy -2.03
56 models [4] recycles 0 hard 0 soft 1 temp 1 loss 3.57 i_con 3.72 plddt 0.39 ptm 0.89 i_ptm 0.56 energy -2.16
57 models [2] recycles 0 hard 0 soft 1 temp 1 loss 3.44 i_con 3.61 plddt 0.43 ptm 0.88 i_ptm 0.60 energy -2.30
58 models [2] recycles 0 hard 0 soft 1 temp 1 loss 3.38 i_con 3.56 plddt 0.44 ptm 0.88 i_ptm 0.63 energy -2.39
59 models [0] recycles 0 hard 0 soft 1 temp 1 loss 3.59 i_con 3.77 plddt 0.40 ptm 0.86 i_ptm 0.51 energy -2.44
60 models [1] recycles 0 hard 0 soft 1 temp 1 loss 3.82 i_con 3.99 plddt 0.29 ptm 0.86 i_ptm 0.37 energy -2.44
61 models [2] recycles 0 hard 0 soft 1 temp 1 loss 3.48 i_con 3.66 plddt 0.42 ptm 0.87 i_ptm 0.57 energy -2.42
62 models [2] recycles 0 hard 0 soft 1 temp 1 loss 3.50 i_con 3.69 plddt 0.39 ptm 0.88 i_ptm 0.55 energy -2.50
63 models [3] recycles 0 hard 0 soft 1 temp 1 loss 3.43 i_con 3.62 plddt 0.39 ptm 0.87 i_ptm 0.56 energy -2.47
64 models [4] recycles 0 hard 0 soft 1 temp 1 loss 3.68 i_con 3.86 plddt 0.32 ptm 0.89 i_ptm 0.47 energy -2.44
65 models [2] recycles 0 hard 0 soft 1 temp 1 loss 3.53 i_con 3.71 plddt 0.38 ptm 0.88 i_ptm 0.54 energy -2.49
66 models [3] recycles 0 hard 0 soft 1 temp 1 loss 3.43 i_con 3.63 plddt 0.39 ptm 0.87 i_ptm 0.57 energy -2.59
67 models [0] recycles 0 hard 0 soft 1 temp 1 loss 3.52 i_con 3.72 plddt 0.39 ptm 0.85 i_ptm 0.52 energy -2.62
68 models [4] recycles 0 hard 0 soft 1 temp 1 loss 3.52 i_con 3.71 plddt 0.38 ptm 0.89 i_ptm 0.55 energy -2.59
69 models [2] recycles 0 hard 0 soft 1 temp 1 loss 3.36 i_con 3.58 plddt 0.49 ptm 0.88 i_ptm 0.62 energy -2.72
70 models [2] recycles 0 hard 0 soft 1 temp 1 loss 3.56 i_con 3.78 plddt 0.41 ptm 0.87 i_ptm 0.52 energy -2.74
71 models [0] recycles 0 hard 0 soft 1 temp 1 loss 3.44 i_con 3.66 plddt 0.48 ptm 0.86 i_ptm 0.57 energy -2.70
72 models [0] recycles 0 hard 0 soft 1 temp 1 loss 3.63 i_con 3.84 plddt 0.34 ptm 0.86 i_ptm 0.46 energy -2.76
73 models [3] recycles 0 hard 0 soft 1 temp 1 loss 3.43 i_con 3.64 plddt 0.38 ptm 0.87 i_ptm 0.53 energy -2.70
74 models [0] recycles 0 hard 0 soft 1 temp 1 loss 3.58 i_con 3.79 plddt 0.35 ptm 0.86 i_ptm 0.49 energy -2.80
75 models [1] recycles 0 hard 0 soft 1 temp 1 loss 3.71 i_con 3.92 plddt 0.30 ptm 0.87 i_ptm 0.43 energy -2.80
76 models [4] recycles 0 hard 0 soft 1 temp 1 loss 3.43 i_con 3.65 plddt 0.39 ptm 0.89 i_ptm 0.57 energy -2.75
77 models [2] recycles 0 hard 0 soft 1 temp 1 loss 3.48 i_con 3.69 plddt 0.38 ptm 0.87 i_ptm 0.52 energy -2.79
78 models [2] recycles 0 hard 0 soft 1 temp 1 loss 3.32 i_con 3.56 plddt 0.50 ptm 0.88 i_ptm 0.64 energy -2.82
79 models [4] recycles 0 hard 0 soft 1 temp 1 loss 3.51 i_con 3.73 plddt 0.36 ptm 0.89 i_ptm 0.53 energy -2.81
80 models [0] recycles 0 hard 0 soft 1 temp 1 loss 3.61 i_con 3.83 plddt 0.34 ptm 0.86 i_ptm 0.46 energy -2.84
81 models [3] recycles 0 hard 0 soft 1 temp 1 loss 3.32 i_con 3.55 plddt 0.42 ptm 0.88 i_ptm 0.63 energy -2.83
82 models [2] recycles 0 hard 0 soft 1 temp 1 loss 3.40 i_con 3.63 plddt 0.40 ptm 0.88 i_ptm 0.54 energy -2.91
83 models [0] recycles 0 hard 0 soft 1 temp 1 loss 3.47 i_con 3.70 plddt 0.41 ptm 0.86 i_ptm 0.53 energy -2.90
84 models [2] recycles 0 hard 0 soft 1 temp 1 loss 3.42 i_con 3.66 plddt 0.43 ptm 0.88 i_ptm 0.56 energy -2.96
85 models [2] recycles 0 hard 0 soft 1 temp 1 loss 3.38 i_con 3.61 plddt 0.45 ptm 0.87 i_ptm 0.57 energy -2.89
86 models [3] recycles 0 hard 0 soft 1 temp 1 loss 3.39 i_con 3.63 plddt 0.43 ptm 0.87 i_ptm 0.58 energy -2.90
87 models [4] recycles 0 hard 0 soft 1 temp 1 loss 3.45 i_con 3.68 plddt 0.40 ptm 0.89 i_ptm 0.56 energy -2.94
88 models [0] recycles 0 hard 0 soft 1 temp 1 loss 3.49 i_con 3.72 plddt 0.45 ptm 0.86 i_ptm 0.57 energy -2.85
89 models [4] recycles 0 hard 0 soft 1 temp 1 loss 3.40 i_con 3.64 plddt 0.44 ptm 0.90 i_ptm 0.59 energy -3.01
90 models [2] recycles 0 hard 0 soft 1 temp 1 loss 3.50 i_con 3.74 plddt 0.40 ptm 0.88 i_ptm 0.53 energy -3.03
91 models [3] recycles 0 hard 0 soft 1 temp 1 loss 3.45 i_con 3.69 plddt 0.38 ptm 0.87 i_ptm 0.55 energy -3.05
92 models [4] recycles 0 hard 0 soft 1 temp 1 loss 3.43 i_con 3.67 plddt 0.37 ptm 0.89 i_ptm 0.52 energy -3.00
93 models [2] recycles 0 hard 0 soft 1 temp 1 loss 3.36 i_con 3.61 plddt 0.45 ptm 0.88 i_ptm 0.59 energy -3.06
94 models [0] recycles 0 hard 0 soft 1 temp 1 loss 3.56 i_con 3.81 plddt 0.40 ptm 0.85 i_ptm 0.47 energy -3.14
95 models [0] recycles 0 hard 0 soft 1 temp 1 loss 3.45 i_con 3.70 plddt 0.40 ptm 0.86 i_ptm 0.54 energy -3.11
96 models [1] recycles 0 hard 0 soft 1 temp 1 loss 3.57 i_con 3.82 plddt 0.42 ptm 0.88 i_ptm 0.48 energy -3.08
97 models [0] recycles 0 hard 0 soft 1 temp 1 loss 3.45 i_con 3.69 plddt 0.42 ptm 0.86 i_ptm 0.56 energy -3.02
98 models [1] recycles 0 hard 0 soft 1 temp 1 loss 4.72 i_con 4.94 plddt 0.26 ptm 0.85 i_ptm 0.15 energy -2.95
99 models [4] recycles 0 hard 0 soft 1 temp 1 loss 3.51 i_con 3.74 plddt 0.36 ptm 0.89 i_ptm 0.52 energy -2.95
100 models [2] recycles 0 hard 0 soft 1 temp 1 loss 3.45 i_con 3.70 plddt 0.39 ptm 0.87 i_ptm 0.54 energy -3.14
101 models [2] recycles 0 hard 0 soft 0 temp 1 loss -2.10 i_con 5.33 plddt 0.35 ptm 0.86 i_ptm 0.20 energy -14.99
102 models [4] recycles 0 hard 0 soft 0 temp 0.98 loss -3.95 i_con 3.74 plddt 0.36 ptm 0.88 i_ptm 0.50 energy -15.53
103 models [4] recycles 0 hard 0 soft 0 temp 0.96 loss -4.62 i_con 4.06 plddt 0.29 ptm 0.88 i_ptm 0.33 energy -17.50
104 models [1] recycles 0 hard 0 soft 0 temp 0.94 loss -3.25 i_con 5.87 plddt 0.27 ptm 0.85 i_ptm 0.17 energy -18.38
105 models [3] recycles 0 hard 0 soft 0 temp 0.92 loss -3.88 i_con 5.55 plddt 0.25 ptm 0.85 i_ptm 0.19 energy -19.00
106 models [4] recycles 0 hard 0 soft 0 temp 0.90 loss -6.23 i_con 3.96 plddt 0.28 ptm 0.88 i_ptm 0.37 energy -20.51
107 models [1] recycles 0 hard 0 soft 0 temp 0.88 loss -5.26 i_con 5.60 plddt 0.27 ptm 0.86 i_ptm 0.15 energy -21.88
108 models [2] recycles 0 hard 0 soft 0 temp 0.86 loss -7.57 i_con 3.84 plddt 0.41 ptm 0.86 i_ptm 0.48 energy -22.95
109 models [4] recycles 0 hard 0 soft 0 temp 0.84 loss -8.44 i_con 3.92 plddt 0.30 ptm 0.87 i_ptm 0.42 energy -24.87
110 models [1] recycles 0 hard 0 soft 0 temp 0.82 loss -7.44 i_con 5.44 plddt 0.25 ptm 0.85 i_ptm 0.15 energy -25.90
111 models [1] recycles 0 hard 0 soft 0 temp 0.80 loss -9.21 i_con 4.28 plddt 0.23 ptm 0.85 i_ptm 0.20 energy -27.14
112 models [1] recycles 0 hard 0 soft 0 temp 0.78 loss -9.60 i_con 4.03 plddt 0.27 ptm 0.87 i_ptm 0.29 energy -27.40
113 models [4] recycles 0 hard 0 soft 0 temp 0.76 loss -10.41 i_con 3.80 plddt 0.34 ptm 0.88 i_ptm 0.47 energy -28.56
114 models [0] recycles 0 hard 0 soft 0 temp 0.74 loss -11.18 i_con 3.92 plddt 0.34 ptm 0.85 i_ptm 0.42 energy -30.32
115 models [2] recycles 0 hard 0 soft 0 temp 0.72 loss -12.29 i_con 3.80 plddt 0.38 ptm 0.87 i_ptm 0.48 energy -32.30
116 models [3] recycles 0 hard 0 soft 0 temp 0.70 loss -12.98 i_con 3.98 plddt 0.31 ptm 0.86 i_ptm 0.41 energy -34.06
117 models [4] recycles 0 hard 0 soft 0 temp 0.68 loss -13.64 i_con 3.90 plddt 0.31 ptm 0.88 i_ptm 0.43 energy -35.21
118 models [2] recycles 0 hard 0 soft 0 temp 0.66 loss -11.80 i_con 6.41 plddt 0.29 ptm 0.82 i_ptm 0.20 energy -36.56
119 models [0] recycles 0 hard 0 soft 0 temp 0.64 loss -14.12 i_con 4.06 plddt 0.28 ptm 0.84 i_ptm 0.36 energy -36.49
120 models [4] recycles 0 hard 0 soft 0 temp 0.62 loss -13.51 i_con 5.56 plddt 0.21 ptm 0.87 i_ptm 0.16 energy -38.30
121 models [4] recycles 0 hard 0 soft 0 temp 0.60 loss -15.65 i_con 4.02 plddt 0.27 ptm 0.88 i_ptm 0.37 energy -39.47
122 models [4] recycles 0 hard 0 soft 0 temp 0.58 loss -16.28 i_con 4.22 plddt 0.24 ptm 0.87 i_ptm 0.27 energy -41.15
123 models [4] recycles 0 hard 0 soft 0 temp 0.56 loss -14.95 i_con 5.74 plddt 0.22 ptm 0.87 i_ptm 0.15 energy -41.53
124 models [1] recycles 0 hard 0 soft 0 temp 0.54 loss -15.29 i_con 5.81 plddt 0.25 ptm 0.85 i_ptm 0.15 energy -42.35
125 models [1] recycles 0 hard 0 soft 0 temp 0.52 loss -16.07 i_con 5.64 plddt 0.27 ptm 0.86 i_ptm 0.15 energy -43.56
126 models [2] recycles 0 hard 0 soft 0 temp 0.50 loss -18.44 i_con 3.87 plddt 0.30 ptm 0.87 i_ptm 0.43 energy -44.75
127 models [2] recycles 0 hard 0 soft 0 temp 0.48 loss -19.08 i_con 4.14 plddt 0.33 ptm 0.86 i_ptm 0.32 energy -46.58
128 models [3] recycles 0 hard 0 soft 0 temp 0.46 loss -19.34 i_con 4.61 plddt 0.24 ptm 0.84 i_ptm 0.19 energy -48.05
129 models [4] recycles 0 hard 0 soft 0 temp 0.44 loss -19.83 i_con 4.34 plddt 0.22 ptm 0.87 i_ptm 0.23 energy -48.50
130 models [3] recycles 0 hard 0 soft 0 temp 0.42 loss -18.83 i_con 5.64 plddt 0.25 ptm 0.84 i_ptm 0.25 energy -49.10
131 models [0] recycles 0 hard 0 soft 0 temp 0.40 loss -20.14 i_con 4.70 plddt 0.24 ptm 0.83 i_ptm 0.14 energy -49.83
132 models [1] recycles 0 hard 0 soft 0 temp 0.38 loss -19.61 i_con 5.92 plddt 0.25 ptm 0.86 i_ptm 0.15 energy -51.21
133 models [4] recycles 0 hard 0 soft 0 temp 0.36 loss -20.89 i_con 5.24 plddt 0.20 ptm 0.87 i_ptm 0.14 energy -52.41
134 models [0] recycles 0 hard 0 soft 0 temp 0.34 loss -22.36 i_con 4.20 plddt 0.26 ptm 0.83 i_ptm 0.26 energy -53.28
135 models [3] recycles 0 hard 0 soft 0 temp 0.32 loss -23.19 i_con 3.98 plddt 0.27 ptm 0.86 i_ptm 0.39 energy -54.49
136 models [1] recycles 0 hard 0 soft 0 temp 0.30 loss -22.08 i_con 6.01 plddt 0.25 ptm 0.86 i_ptm 0.18 energy -56.32
137 models [2] recycles 0 hard 0 soft 0 temp 0.28 loss -24.63 i_con 4.02 plddt 0.26 ptm 0.87 i_ptm 0.36 energy -57.45
138 models [1] recycles 0 hard 0 soft 0 temp 0.26 loss -23.38 i_con 6.13 plddt 0.23 ptm 0.85 i_ptm 0.16 energy -59.17
139 models [0] recycles 0 hard 0 soft 0 temp 0.24 loss -26.27 i_con 4.10 plddt 0.27 ptm 0.84 i_ptm 0.31 energy -60.89
140 models [2] recycles 0 hard 0 soft 0 temp 0.22 loss -27.18 i_con 4.11 plddt 0.26 ptm 0.86 i_ptm 0.31 energy -62.73
141 models [0] recycles 0 hard 0 soft 0 temp 0.20 loss -27.04 i_con 4.97 plddt 0.23 ptm 0.82 i_ptm 0.10 energy -64.18
142 models [4] recycles 0 hard 0 soft 0 temp 0.18 loss -28.49 i_con 4.37 plddt 0.23 ptm 0.87 i_ptm 0.24 energy -65.87
143 models [1] recycles 0 hard 0 soft 0 temp 0.16 loss -27.37 i_con 5.70 plddt 0.22 ptm 0.85 i_ptm 0.12 energy -66.29
144 models [2] recycles 0 hard 0 soft 0 temp 0.14 loss -28.89 i_con 4.55 plddt 0.24 ptm 0.21 i_ptm 0.39 energy -67.02
145 models [4] recycles 0 hard 0 soft 0 temp 0.12 loss -27.92 i_con 5.49 plddt 0.16 ptm 0.73 i_ptm 0.31 energy -66.99
146 models [4] recycles 0 hard 0 soft 0 temp 0.10 loss -27.69 i_con 5.83 plddt 0.19 ptm 0.86 i_ptm 0.19 energy -67.20
147 models [2] recycles 0 hard 0 soft 0 temp 0.08 loss -27.87 i_con 5.73 plddt 0.22 ptm 0.85 i_ptm 0.14 energy -67.37
148 models [0] recycles 0 hard 0 soft 0 temp 0.06 loss -30.24 i_con 4.07 plddt 0.28 ptm 0.84 i_ptm 0.33 energy -68.77
149 models [4] recycles 0 hard 0 soft 0 temp 0.04 loss -31.06 i_con 4.29 plddt 0.22 ptm 0.88 i_ptm 0.26 energy -70.85
150 models [0] recycles 0 hard 0 soft 0 temp 0.02 loss -31.74 i_con 4.56 plddt 0.22 ptm 0.83 i_ptm 0.16 energy -72.75
151 models [0] recycles 0 hard 1 soft 0 temp 0.00 loss 0.32 i_con 3.53 plddt 0.48 ptm 0.86 i_ptm 0.61 energy -3.62
152 models [4] recycles 0 hard 1 soft 0 temp 0.00 loss 0.43 i_con 3.63 plddt 0.37 ptm 0.89 i_ptm 0.60 energy -3.62
153 models [4] recycles 0 hard 1 soft 0 temp 0.00 loss 0.43 i_con 3.63 plddt 0.37 ptm 0.89 i_ptm 0.60 energy -3.62
154 models [4] recycles 0 hard 1 soft 0 temp 0.00 loss 0.43 i_con 3.63 plddt 0.37 ptm 0.89 i_ptm 0.60 energy -3.62
155 models [4] recycles 0 hard 1 soft 0 temp 0.00 loss 0.43 i_con 3.63 plddt 0.37 ptm 0.89 i_ptm 0.60 energy -3.62
156 models [4] recycles 0 hard 1 soft 0 temp 0.00 loss 0.43 i_con 3.63 plddt 0.37 ptm 0.89 i_ptm 0.60 energy -3.62
157 models [0] recycles 0 hard 1 soft 0 temp 0.00 loss 0.32 i_con 3.53 plddt 0.48 ptm 0.86 i_ptm 0.61 energy -3.62
158 models [1] recycles 0 hard 1 soft 0 temp 0.00 loss 1.93 i_con 5.12 plddt 0.27 ptm 0.85 i_ptm 0.18 energy -3.62
159 models [2] recycles 0 hard 1 soft 0 temp 0.00 loss 0.49 i_con 3.69 plddt 0.40 ptm 0.88 i_ptm 0.57 energy -3.62
160 models [1] recycles 0 hard 1 soft 0 temp 0.00 loss 1.93 i_con 5.12 plddt 0.27 ptm 0.85 i_ptm 0.18 energy -3.62
161 models [0] recycles 0 hard 1 soft 0 temp 0.00 loss 0.32 i_con 3.53 plddt 0.48 ptm 0.86 i_ptm 0.61 energy -3.62
162 models [1] recycles 0 hard 1 soft 0 temp 0.00 loss 1.93 i_con 5.12 plddt 0.27 ptm 0.85 i_ptm 0.18 energy -3.62
163 models [2] recycles 0 hard 1 soft 0 temp 0.00 loss 0.49 i_con 3.69 plddt 0.40 ptm 0.88 i_ptm 0.57 energy -3.62
164 models [2] recycles 0 hard 1 soft 0 temp 0.00 loss 0.49 i_con 3.69 plddt 0.40 ptm 0.88 i_ptm 0.57 energy -3.62
165 models [2] recycles 0 hard 1 soft 0 temp 0.00 loss 0.49 i_con 3.69 plddt 0.40 ptm 0.88 i_ptm 0.57 energy -3.62
166 models [1] recycles 0 hard 1 soft 0 temp 0.00 loss 1.93 i_con 5.12 plddt 0.27 ptm 0.85 i_ptm 0.18 energy -3.62
167 models [0] recycles 0 hard 1 soft 0 temp 0.00 loss 0.32 i_con 3.53 plddt 0.48 ptm 0.86 i_ptm 0.61 energy -3.62
168 models [2] recycles 0 hard 1 soft 0 temp 0.00 loss 0.49 i_con 3.69 plddt 0.40 ptm 0.88 i_ptm 0.57 energy -3.62
169 models [2] recycles 0 hard 1 soft 0 temp 0.00 loss 0.49 i_con 3.69 plddt 0.40 ptm 0.88 i_ptm 0.57 energy -3.62
170 models [3] recycles 0 hard 1 soft 0 temp 0.00 loss 0.42 i_con 3.62 plddt 0.38 ptm 0.87 i_ptm 0.59 energy -3.62
171 models [4] recycles 0 hard 1 soft 0 temp 0.00 loss 0.43 i_con 3.63 plddt 0.37 ptm 0.89 i_ptm 0.60 energy -3.62
172 models [1] recycles 0 hard 1 soft 0 temp 0.00 loss 1.93 i_con 5.12 plddt 0.27 ptm 0.85 i_ptm 0.18 energy -3.62
173 models [4] recycles 0 hard 1 soft 0 temp 0.00 loss 0.43 i_con 3.63 plddt 0.37 ptm 0.89 i_ptm 0.60 energy -3.62
174 models [4] recycles 0 hard 1 soft 0 temp 0.00 loss 0.43 i_con 3.63 plddt 0.37 ptm 0.89 i_ptm 0.60 energy -3.62
175 models [0] recycles 0 hard 1 soft 0 temp 0.00 loss 0.32 i_con 3.53 plddt 0.48 ptm 0.86 i_ptm 0.61 energy -3.62
176 models [3] recycles 0 hard 1 soft 0 temp 0.00 loss 0.42 i_con 3.62 plddt 0.38 ptm 0.87 i_ptm 0.59 energy -3.62
177 models [1] recycles 0 hard 1 soft 0 temp 0.00 loss 1.93 i_con 5.12 plddt 0.27 ptm 0.85 i_ptm 0.18 energy -3.62
178 models [3] recycles 0 hard 1 soft 0 temp 0.00 loss 0.42 i_con 3.62 plddt 0.38 ptm 0.87 i_ptm 0.59 energy -3.62
179 models [0] recycles 0 hard 1 soft 0 temp 0.00 loss 0.32 i_con 3.53 plddt 0.48 ptm 0.86 i_ptm 0.61 energy -3.62
180 models [2] recycles 0 hard 1 soft 0 temp 0.00 loss 0.49 i_con 3.69 plddt 0.40 ptm 0.88 i_ptm 0.57 energy -3.62
  seq=TKGNHWMVVWWQWFC  loss=0.4862  loss_af=3.7473  energy=-3.6234  i_ptm=0.5705
[25/30] seed=24 ...
1 models [1] recycles 0 hard 0 soft 1 temp 1 loss 4.96 i_con 4.51 plddt 0.22 ptm 0.86 i_ptm 0.19 energy 7.37
2 models [4] recycles 0 hard 0 soft 1 temp 1 loss 4.32 i_con 3.89 plddt 0.34 ptm 0.88 i_ptm 0.44 energy 7.24
3 models [3] recycles 0 hard 0 soft 1 temp 1 loss 4.24 i_con 3.83 plddt 0.32 ptm 0.86 i_ptm 0.43 energy 6.86
4 models [4] recycles 0 hard 0 soft 1 temp 1 loss 5.42 i_con 5.04 plddt 0.24 ptm 0.87 i_ptm 0.14 energy 6.13
5 models [3] recycles 0 hard 0 soft 1 temp 1 loss 4.89 i_con 4.51 plddt 0.26 ptm 0.85 i_ptm 0.22 energy 6.10
6 models [2] recycles 0 hard 0 soft 1 temp 1 loss 4.36 i_con 4.01 plddt 0.31 ptm 0.86 i_ptm 0.38 energy 5.51
7 models [2] recycles 0 hard 0 soft 1 temp 1 loss 4.25 i_con 3.93 plddt 0.31 ptm 0.86 i_ptm 0.39 energy 5.06
8 models [3] recycles 0 hard 0 soft 1 temp 1 loss 3.95 i_con 3.66 plddt 0.36 ptm 0.86 i_ptm 0.51 energy 4.38
9 models [2] recycles 0 hard 0 soft 1 temp 1 loss 4.16 i_con 3.89 plddt 0.34 ptm 0.87 i_ptm 0.43 energy 4.10
10 models [4] recycles 0 hard 0 soft 1 temp 1 loss 4.23 i_con 3.96 plddt 0.31 ptm 0.88 i_ptm 0.37 energy 3.99
11 models [4] recycles 0 hard 0 soft 1 temp 1 loss 4.14 i_con 3.90 plddt 0.35 ptm 0.88 i_ptm 0.45 energy 3.47
12 models [1] recycles 0 hard 0 soft 1 temp 1 loss 4.46 i_con 4.23 plddt 0.25 ptm 0.86 i_ptm 0.25 energy 3.16
13 models [3] recycles 0 hard 0 soft 1 temp 1 loss 4.08 i_con 3.86 plddt 0.29 ptm 0.86 i_ptm 0.41 energy 2.81
14 models [4] recycles 0 hard 0 soft 1 temp 1 loss 4.10 i_con 3.91 plddt 0.30 ptm 0.88 i_ptm 0.41 energy 2.43
15 models [4] recycles 0 hard 0 soft 1 temp 1 loss 4.36 i_con 4.17 plddt 0.26 ptm 0.88 i_ptm 0.29 energy 2.35
16 models [2] recycles 0 hard 0 soft 1 temp 1 loss 4.01 i_con 3.83 plddt 0.33 ptm 0.87 i_ptm 0.43 energy 2.28
17 models [0] recycles 0 hard 0 soft 1 temp 1 loss 3.95 i_con 3.78 plddt 0.37 ptm 0.85 i_ptm 0.48 energy 2.03
18 models [3] recycles 0 hard 0 soft 1 temp 1 loss 3.82 i_con 3.66 plddt 0.42 ptm 0.87 i_ptm 0.55 energy 1.97
19 models [0] recycles 0 hard 0 soft 1 temp 1 loss 3.97 i_con 3.82 plddt 0.39 ptm 0.84 i_ptm 0.46 energy 1.78
20 models [4] recycles 0 hard 0 soft 1 temp 1 loss 4.06 i_con 3.90 plddt 0.33 ptm 0.88 i_ptm 0.44 energy 1.72
21 models [1] recycles 0 hard 0 soft 1 temp 1 loss 4.08 i_con 3.92 plddt 0.29 ptm 0.87 i_ptm 0.40 energy 1.66
22 models [4] recycles 0 hard 0 soft 1 temp 1 loss 4.01 i_con 3.87 plddt 0.37 ptm 0.89 i_ptm 0.49 energy 1.53
23 models [2] recycles 0 hard 0 soft 1 temp 1 loss 3.84 i_con 3.72 plddt 0.41 ptm 0.87 i_ptm 0.54 energy 1.35
24 models [2] recycles 0 hard 0 soft 1 temp 1 loss 4.03 i_con 3.91 plddt 0.33 ptm 0.87 i_ptm 0.37 energy 1.11
25 models [2] recycles 0 hard 0 soft 1 temp 1 loss 3.98 i_con 3.88 plddt 0.33 ptm 0.87 i_ptm 0.41 energy 0.75
26 models [2] recycles 0 hard 0 soft 1 temp 1 loss 3.92 i_con 3.83 plddt 0.34 ptm 0.87 i_ptm 0.45 energy 0.32
27 models [3] recycles 0 hard 0 soft 1 temp 1 loss 4.45 i_con 4.38 plddt 0.30 ptm 0.84 i_ptm 0.24 energy 0.07
28 models [2] recycles 0 hard 0 soft 1 temp 1 loss 3.87 i_con 3.79 plddt 0.37 ptm 0.87 i_ptm 0.48 energy 0.33
29 models [3] recycles 0 hard 0 soft 1 temp 1 loss 3.80 i_con 3.72 plddt 0.35 ptm 0.87 i_ptm 0.48 energy 0.21
30 models [1] recycles 0 hard 0 soft 1 temp 1 loss 4.18 i_con 4.12 plddt 0.26 ptm 0.86 i_ptm 0.27 energy -0.18
31 models [0] recycles 0 hard 0 soft 1 temp 1 loss 3.56 i_con 3.51 plddt 0.50 ptm 0.87 i_ptm 0.63 energy 0.01
32 models [1] recycles 0 hard 0 soft 1 temp 1 loss 4.07 i_con 4.01 plddt 0.28 ptm 0.87 i_ptm 0.33 energy -0.18
33 models [2] recycles 0 hard 0 soft 1 temp 1 loss 3.88 i_con 3.84 plddt 0.36 ptm 0.87 i_ptm 0.47 energy -0.47
34 models [3] recycles 0 hard 0 soft 1 temp 1 loss 3.72 i_con 3.69 plddt 0.39 ptm 0.86 i_ptm 0.51 energy -0.61
35 models [1] recycles 0 hard 0 soft 1 temp 1 loss 4.00 i_con 3.95 plddt 0.30 ptm 0.87 i_ptm 0.35 energy -0.47
36 models [1] recycles 0 hard 0 soft 1 temp 1 loss 3.85 i_con 3.82 plddt 0.35 ptm 0.87 i_ptm 0.46 energy -0.70
37 models [0] recycles 0 hard 0 soft 1 temp 1 loss 3.79 i_con 3.77 plddt 0.39 ptm 0.86 i_ptm 0.49 energy -0.85
38 models [2] recycles 0 hard 0 soft 1 temp 1 loss 3.71 i_con 3.69 plddt 0.39 ptm 0.87 i_ptm 0.55 energy -0.92
39 models [1] recycles 0 hard 0 soft 1 temp 1 loss 3.94 i_con 3.92 plddt 0.31 ptm 0.87 i_ptm 0.38 energy -1.00
40 models [2] recycles 0 hard 0 soft 1 temp 1 loss 3.70 i_con 3.70 plddt 0.42 ptm 0.87 i_ptm 0.54 energy -1.01
41 models [4] recycles 0 hard 0 soft 1 temp 1 loss 3.75 i_con 3.74 plddt 0.38 ptm 0.89 i_ptm 0.51 energy -1.08
42 models [1] recycles 0 hard 0 soft 1 temp 1 loss 3.77 i_con 3.77 plddt 0.35 ptm 0.88 i_ptm 0.47 energy -1.21
43 models [1] recycles 0 hard 0 soft 1 temp 1 loss 3.66 i_con 3.67 plddt 0.38 ptm 0.87 i_ptm 0.54 energy -1.32
44 models [3] recycles 0 hard 0 soft 1 temp 1 loss 3.68 i_con 3.69 plddt 0.40 ptm 0.87 i_ptm 0.56 energy -1.36
45 models [3] recycles 0 hard 0 soft 1 temp 1 loss 3.71 i_con 3.72 plddt 0.35 ptm 0.86 i_ptm 0.50 energy -1.49
46 models [2] recycles 0 hard 0 soft 1 temp 1 loss 3.62 i_con 3.65 plddt 0.42 ptm 0.87 i_ptm 0.57 energy -1.58
47 models [1] recycles 0 hard 0 soft 1 temp 1 loss 4.06 i_con 4.07 plddt 0.29 ptm 0.86 i_ptm 0.33 energy -1.61
48 models [1] recycles 0 hard 0 soft 1 temp 1 loss 3.85 i_con 3.87 plddt 0.32 ptm 0.87 i_ptm 0.41 energy -1.64
49 models [3] recycles 0 hard 0 soft 1 temp 1 loss 3.57 i_con 3.59 plddt 0.42 ptm 0.86 i_ptm 0.56 energy -1.71
50 models [3] recycles 0 hard 0 soft 1 temp 1 loss 3.58 i_con 3.61 plddt 0.43 ptm 0.87 i_ptm 0.58 energy -1.77
51 models [4] recycles 0 hard 0 soft 1 temp 1 loss 3.53 i_con 3.66 plddt 0.40 ptm 0.89 i_ptm 0.54 energy -1.90
52 models [4] recycles 0 hard 0 soft 1 temp 1 loss 2.95 i_con 3.11 plddt 0.58 ptm 0.90 i_ptm 0.74 energy -2.00
53 models [2] recycles 0 hard 0 soft 1 temp 1 loss 3.35 i_con 3.50 plddt 0.50 ptm 0.88 i_ptm 0.63 energy -2.09
54 models [4] recycles 0 hard 0 soft 1 temp 1 loss 3.09 i_con 3.27 plddt 0.56 ptm 0.90 i_ptm 0.71 energy -2.19
55 models [2] recycles 0 hard 0 soft 1 temp 1 loss 3.23 i_con 3.41 plddt 0.56 ptm 0.88 i_ptm 0.69 energy -2.25
56 models [2] recycles 0 hard 0 soft 1 temp 1 loss 3.11 i_con 3.28 plddt 0.57 ptm 0.88 i_ptm 0.69 energy -2.14
57 models [1] recycles 0 hard 0 soft 1 temp 1 loss 4.43 i_con 4.57 plddt 0.30 ptm 0.86 i_ptm 0.24 energy -2.07
58 models [2] recycles 0 hard 0 soft 1 temp 1 loss 3.03 i_con 3.22 plddt 0.58 ptm 0.88 i_ptm 0.72 energy -2.37
59 models [3] recycles 0 hard 0 soft 1 temp 1 loss 3.27 i_con 3.46 plddt 0.51 ptm 0.88 i_ptm 0.65 energy -2.45
60 models [4] recycles 0 hard 0 soft 1 temp 1 loss 3.24 i_con 3.44 plddt 0.51 ptm 0.89 i_ptm 0.65 energy -2.45
61 models [3] recycles 0 hard 0 soft 1 temp 1 loss 3.46 i_con 3.65 plddt 0.42 ptm 0.87 i_ptm 0.57 energy -2.49
62 models [3] recycles 0 hard 0 soft 1 temp 1 loss 3.26 i_con 3.46 plddt 0.50 ptm 0.87 i_ptm 0.65 energy -2.53
63 models [3] recycles 0 hard 0 soft 1 temp 1 loss 3.29 i_con 3.48 plddt 0.53 ptm 0.87 i_ptm 0.65 energy -2.40
64 models [3] recycles 0 hard 0 soft 1 temp 1 loss 3.54 i_con 3.72 plddt 0.40 ptm 0.87 i_ptm 0.52 energy -2.37
65 models [0] recycles 0 hard 0 soft 1 temp 1 loss 3.66 i_con 3.85 plddt 0.42 ptm 0.84 i_ptm 0.48 energy -2.45
66 models [4] recycles 0 hard 0 soft 1 temp 1 loss 2.70 i_con 2.90 plddt 0.68 ptm 0.90 i_ptm 0.83 energy -2.31
67 models [2] recycles 0 hard 0 soft 1 temp 1 loss 2.99 i_con 3.19 plddt 0.60 ptm 0.89 i_ptm 0.73 energy -2.40
68 models [0] recycles 0 hard 0 soft 1 temp 1 loss 2.68 i_con 2.90 plddt 0.63 ptm 0.87 i_ptm 0.80 energy -2.54
69 models [2] recycles 0 hard 0 soft 1 temp 1 loss 3.13 i_con 3.35 plddt 0.55 ptm 0.88 i_ptm 0.68 energy -2.59
70 models [0] recycles 0 hard 0 soft 1 temp 1 loss 2.68 i_con 2.90 plddt 0.66 ptm 0.87 i_ptm 0.80 energy -2.52
71 models [2] recycles 0 hard 0 soft 1 temp 1 loss 3.05 i_con 3.26 plddt 0.59 ptm 0.88 i_ptm 0.74 energy -2.43
72 models [4] recycles 0 hard 0 soft 1 temp 1 loss 3.50 i_con 3.68 plddt 0.43 ptm 0.88 i_ptm 0.57 energy -2.42
73 models [0] recycles 0 hard 0 soft 1 temp 1 loss 3.07 i_con 3.27 plddt 0.58 ptm 0.87 i_ptm 0.72 energy -2.43
74 models [0] recycles 0 hard 0 soft 1 temp 1 loss 3.27 i_con 3.47 plddt 0.53 ptm 0.86 i_ptm 0.66 energy -2.46
75 models [3] recycles 0 hard 0 soft 1 temp 1 loss 3.32 i_con 3.54 plddt 0.42 ptm 0.87 i_ptm 0.61 energy -2.71
76 models [0] recycles 0 hard 0 soft 1 temp 1 loss 3.37 i_con 3.61 plddt 0.50 ptm 0.86 i_ptm 0.61 energy -2.87
77 models [1] recycles 0 hard 0 soft 1 temp 1 loss 3.41 i_con 3.63 plddt 0.48 ptm 0.88 i_ptm 0.60 energy -2.77
78 models [4] recycles 0 hard 0 soft 1 temp 1 loss 3.06 i_con 3.29 plddt 0.51 ptm 0.89 i_ptm 0.67 energy -2.83
79 models [3] recycles 0 hard 0 soft 1 temp 1 loss 3.41 i_con 3.64 plddt 0.47 ptm 0.86 i_ptm 0.59 energy -2.80
80 models [4] recycles 0 hard 0 soft 1 temp 1 loss 2.87 i_con 3.12 plddt 0.60 ptm 0.90 i_ptm 0.77 energy -2.84
81 models [3] recycles 0 hard 0 soft 1 temp 1 loss 3.03 i_con 3.27 plddt 0.59 ptm 0.88 i_ptm 0.73 energy -2.85
82 models [4] recycles 0 hard 0 soft 1 temp 1 loss 2.97 i_con 3.20 plddt 0.60 ptm 0.90 i_ptm 0.74 energy -2.70
83 models [2] recycles 0 hard 0 soft 1 temp 1 loss 2.85 i_con 3.09 plddt 0.63 ptm 0.88 i_ptm 0.75 energy -2.78
84 models [3] recycles 0 hard 0 soft 1 temp 1 loss 2.71 i_con 2.95 plddt 0.66 ptm 0.88 i_ptm 0.79 energy -2.72
85 models [3] recycles 0 hard 0 soft 1 temp 1 loss 2.69 i_con 2.91 plddt 0.66 ptm 0.88 i_ptm 0.80 energy -2.57
86 models [1] recycles 0 hard 0 soft 1 temp 1 loss 5.12 i_con 5.31 plddt 0.29 ptm 0.85 i_ptm 0.16 energy -2.68
87 models [3] recycles 0 hard 0 soft 1 temp 1 loss 2.93 i_con 3.17 plddt 0.61 ptm 0.88 i_ptm 0.76 energy -2.77
88 models [1] recycles 0 hard 0 soft 1 temp 1 loss 3.73 i_con 3.93 plddt 0.38 ptm 0.87 i_ptm 0.44 energy -2.57
89 models [0] recycles 0 hard 0 soft 1 temp 1 loss 3.67 i_con 3.87 plddt 0.41 ptm 0.85 i_ptm 0.48 energy -2.53
90 models [1] recycles 0 hard 0 soft 1 temp 1 loss 2.94 i_con 3.16 plddt 0.60 ptm 0.89 i_ptm 0.75 energy -2.59
91 models [2] recycles 0 hard 0 soft 1 temp 1 loss 3.52 i_con 3.72 plddt 0.46 ptm 0.88 i_ptm 0.55 energy -2.49
92 models [4] recycles 0 hard 0 soft 1 temp 1 loss 3.65 i_con 3.84 plddt 0.37 ptm 0.88 i_ptm 0.44 energy -2.49
93 models [1] recycles 0 hard 0 soft 1 temp 1 loss 4.55 i_con 4.75 plddt 0.27 ptm 0.86 i_ptm 0.17 energy -2.75
94 models [4] recycles 0 hard 0 soft 1 temp 1 loss 2.84 i_con 3.06 plddt 0.62 ptm 0.90 i_ptm 0.77 energy -2.66
95 models [2] recycles 0 hard 0 soft 1 temp 1 loss 2.35 i_con 2.60 plddt 0.74 ptm 0.89 i_ptm 0.85 energy -2.68
96 models [4] recycles 0 hard 0 soft 1 temp 1 loss 2.53 i_con 2.77 plddt 0.71 ptm 0.91 i_ptm 0.84 energy -2.73
97 models [0] recycles 0 hard 0 soft 1 temp 1 loss 3.03 i_con 3.27 plddt 0.59 ptm 0.87 i_ptm 0.72 energy -2.78
98 models [3] recycles 0 hard 0 soft 1 temp 1 loss 2.85 i_con 3.09 plddt 0.63 ptm 0.88 i_ptm 0.77 energy -2.80
99 models [1] recycles 0 hard 0 soft 1 temp 1 loss 3.77 i_con 3.98 plddt 0.33 ptm 0.86 i_ptm 0.35 energy -2.82
100 models [4] recycles 0 hard 0 soft 1 temp 1 loss 3.42 i_con 3.63 plddt 0.45 ptm 0.89 i_ptm 0.58 energy -2.70
101 models [3] recycles 0 hard 0 soft 0 temp 1 loss -1.86 i_con 4.73 plddt 0.18 ptm 0.24 i_ptm 0.16 energy -13.35
102 models [4] recycles 0 hard 0 soft 0 temp 0.98 loss -1.50 i_con 5.30 plddt 0.23 ptm 0.87 i_ptm 0.19 energy -13.75
103 models [1] recycles 0 hard 0 soft 0 temp 0.96 loss -0.94 i_con 6.08 plddt 0.27 ptm 0.86 i_ptm 0.16 energy -14.18
104 models [0] recycles 0 hard 0 soft 0 temp 0.94 loss -3.04 i_con 4.25 plddt 0.29 ptm 0.83 i_ptm 0.27 energy -14.72
105 models [0] recycles 0 hard 0 soft 0 temp 0.92 loss -3.24 i_con 4.88 plddt 0.23 ptm 0.83 i_ptm 0.10 energy -16.40
106 models [2] recycles 0 hard 0 soft 0 temp 0.90 loss -2.84 i_con 5.40 plddt 0.24 ptm 0.80 i_ptm 0.17 energy -16.61
107 models [1] recycles 0 hard 0 soft 0 temp 0.88 loss -2.14 i_con 6.19 plddt 0.29 ptm 0.86 i_ptm 0.19 energy -16.79
108 models [0] recycles 0 hard 0 soft 0 temp 0.86 loss -4.77 i_con 4.28 plddt 0.27 ptm 0.84 i_ptm 0.23 energy -18.24
109 models [2] recycles 0 hard 0 soft 0 temp 0.84 loss -4.25 i_con 5.38 plddt 0.28 ptm 0.85 i_ptm 0.16 energy -19.41
110 models [3] recycles 0 hard 0 soft 0 temp 0.82 loss -4.65 i_con 5.31 plddt 0.23 ptm 0.84 i_ptm 0.11 energy -20.08
111 models [2] recycles 0 hard 0 soft 0 temp 0.80 loss -6.08 i_con 3.98 plddt 0.34 ptm 0.86 i_ptm 0.41 energy -20.24
112 models [4] recycles 0 hard 0 soft 0 temp 0.78 loss -7.29 i_con 3.78 plddt 0.36 ptm 0.89 i_ptm 0.47 energy -22.25
113 models [4] recycles 0 hard 0 soft 0 temp 0.76 loss -8.32 i_con 3.76 plddt 0.35 ptm 0.89 i_ptm 0.47 energy -24.30
114 models [1] recycles 0 hard 0 soft 0 temp 0.74 loss -7.44 i_con 5.43 plddt 0.24 ptm 0.86 i_ptm 0.12 energy -25.89
115 models [0] recycles 0 hard 0 soft 0 temp 0.72 loss -8.37 i_con 5.11 plddt 0.25 ptm 0.83 i_ptm 0.14 energy -27.11
116 models [4] recycles 0 hard 0 soft 0 temp 0.70 loss -9.87 i_con 3.93 plddt 0.33 ptm 0.89 i_ptm 0.42 energy -27.75
117 models [2] recycles 0 hard 0 soft 0 temp 0.68 loss -11.19 i_con 3.58 plddt 0.45 ptm 0.88 i_ptm 0.58 energy -29.66
118 models [2] recycles 0 hard 0 soft 0 temp 0.66 loss -11.73 i_con 3.70 plddt 0.40 ptm 0.88 i_ptm 0.54 energy -30.98
119 models [0] recycles 0 hard 0 soft 0 temp 0.64 loss -11.84 i_con 3.99 plddt 0.34 ptm 0.84 i_ptm 0.38 energy -31.78
120 models [3] recycles 0 hard 0 soft 0 temp 0.62 loss -12.63 i_con 4.09 plddt 0.28 ptm 0.85 i_ptm 0.32 energy -33.58
121 models [0] recycles 0 hard 0 soft 0 temp 0.60 loss -13.67 i_con 3.81 plddt 0.37 ptm 0.86 i_ptm 0.48 energy -35.10
122 models [3] recycles 0 hard 0 soft 0 temp 0.58 loss -14.37 i_con 4.09 plddt 0.27 ptm 0.85 i_ptm 0.30 energy -37.06
123 models [3] recycles 0 hard 0 soft 0 temp 0.56 loss -15.23 i_con 3.92 plddt 0.30 ptm 0.86 i_ptm 0.38 energy -38.45
124 models [0] recycles 0 hard 0 soft 0 temp 0.54 loss -16.02 i_con 4.14 plddt 0.28 ptm 0.84 i_ptm 0.30 energy -40.48
125 models [1] recycles 0 hard 0 soft 0 temp 0.52 loss -15.69 i_con 5.42 plddt 0.25 ptm 0.86 i_ptm 0.17 energy -42.37
126 models [4] recycles 0 hard 0 soft 0 temp 0.50 loss -16.40 i_con 5.34 plddt 0.29 ptm 0.88 i_ptm 0.31 energy -43.62
127 models [1] recycles 0 hard 0 soft 0 temp 0.48 loss -16.41 i_con 6.23 plddt 0.27 ptm 0.87 i_ptm 0.21 energy -45.42
128 models [4] recycles 0 hard 0 soft 0 temp 0.46 loss -17.99 i_con 5.48 plddt 0.23 ptm 0.87 i_ptm 0.26 energy -47.10
129 models [2] recycles 0 hard 0 soft 0 temp 0.44 loss -20.32 i_con 4.01 plddt 0.29 ptm 0.86 i_ptm 0.39 energy -48.79
130 models [0] recycles 0 hard 0 soft 0 temp 0.42 loss -20.79 i_con 4.28 plddt 0.25 ptm 0.84 i_ptm 0.20 energy -50.29
131 models [4] recycles 0 hard 0 soft 0 temp 0.40 loss -21.88 i_con 3.98 plddt 0.29 ptm 0.88 i_ptm 0.39 energy -51.85
132 models [4] recycles 0 hard 0 soft 0 temp 0.38 loss -22.72 i_con 4.11 plddt 0.23 ptm 0.88 i_ptm 0.34 energy -53.81
133 models [4] recycles 0 hard 0 soft 0 temp 0.36 loss -22.96 i_con 4.56 plddt 0.21 ptm 0.87 i_ptm 0.20 energy -55.19
134 models [3] recycles 0 hard 0 soft 0 temp 0.34 loss -23.63 i_con 4.12 plddt 0.28 ptm 0.85 i_ptm 0.34 energy -55.64
135 models [1] recycles 0 hard 0 soft 0 temp 0.32 loss -23.27 i_con 5.32 plddt 0.24 ptm 0.85 i_ptm 0.11 energy -57.34
136 models [4] recycles 0 hard 0 soft 0 temp 0.30 loss -25.08 i_con 4.03 plddt 0.26 ptm 0.88 i_ptm 0.31 energy -58.36
137 models [3] recycles 0 hard 0 soft 0 temp 0.28 loss -28.84 i_con 1.21 plddt 0.37 ptm 0.62 i_ptm 0.63 energy -60.22
138 models [1] recycles 0 hard 0 soft 0 temp 0.26 loss -24.56 i_con 5.66 plddt 0.25 ptm 0.86 i_ptm 0.13 energy -60.60
139 models [0] recycles 0 hard 0 soft 0 temp 0.24 loss -26.22 i_con 4.43 plddt 0.24 ptm 0.83 i_ptm 0.16 energy -61.46
140 models [3] recycles 0 hard 0 soft 0 temp 0.22 loss -27.22 i_con 3.88 plddt 0.23 ptm 0.28 i_ptm 0.28 energy -62.36
141 models [3] recycles 0 hard 0 soft 0 temp 0.20 loss -28.82 i_con 2.40 plddt 0.24 ptm 0.45 i_ptm 0.47 energy -62.60
142 models [2] recycles 0 hard 0 soft 0 temp 0.18 loss -27.20 i_con 4.05 plddt 0.28 ptm 0.86 i_ptm 0.32 energy -62.65
143 models [3] recycles 0 hard 0 soft 0 temp 0.16 loss -27.32 i_con 4.13 plddt 0.25 ptm 0.86 i_ptm 0.32 energy -63.06
144 models [4] recycles 0 hard 0 soft 0 temp 0.14 loss -27.00 i_con 5.22 plddt 0.19 ptm 0.87 i_ptm 0.12 energy -64.60
145 models [4] recycles 0 hard 0 soft 0 temp 0.12 loss -27.29 i_con 4.99 plddt 0.21 ptm 0.87 i_ptm 0.16 energy -64.72
146 models [2] recycles 0 hard 0 soft 0 temp 0.10 loss -28.32 i_con 4.35 plddt 0.23 ptm 0.85 i_ptm 0.21 energy -65.48
147 models [4] recycles 0 hard 0 soft 0 temp 0.08 loss -28.94 i_con 4.11 plddt 0.24 ptm 0.88 i_ptm 0.29 energy -66.25
148 models [2] recycles 0 hard 0 soft 0 temp 0.06 loss -30.09 i_con 3.82 plddt 0.34 ptm 0.86 i_ptm 0.45 energy -67.96
149 models [4] recycles 0 hard 0 soft 0 temp 0.04 loss -30.65 i_con 4.16 plddt 0.26 ptm 0.87 i_ptm 0.30 energy -69.77
150 models [3] recycles 0 hard 0 soft 0 temp 0.02 loss -31.57 i_con 4.14 plddt 0.26 ptm 0.85 i_ptm 0.30 energy -71.58
151 models [0] recycles 0 hard 1 soft 0 temp 0.00 loss 0.89 i_con 4.46 plddt 0.33 ptm 0.84 i_ptm 0.36 energy -4.04
152 models [0] recycles 0 hard 1 soft 0 temp 0.00 loss 0.89 i_con 4.46 plddt 0.33 ptm 0.84 i_ptm 0.36 energy -4.04
153 models [2] recycles 0 hard 1 soft 0 temp 0.00 loss 0.81 i_con 4.38 plddt 0.34 ptm 0.86 i_ptm 0.32 energy -4.04
154 models [4] recycles 0 hard 1 soft 0 temp 0.00 loss 0.92 i_con 4.50 plddt 0.33 ptm 0.88 i_ptm 0.29 energy -4.04
155 models [0] recycles 0 hard 1 soft 0 temp 0.00 loss 0.89 i_con 4.46 plddt 0.33 ptm 0.84 i_ptm 0.36 energy -4.04
156 models [1] recycles 0 hard 1 soft 0 temp 0.00 loss 1.05 i_con 4.62 plddt 0.31 ptm 0.86 i_ptm 0.31 energy -4.04
157 models [2] recycles 0 hard 1 soft 0 temp 0.00 loss 0.81 i_con 4.38 plddt 0.34 ptm 0.86 i_ptm 0.32 energy -4.04
158 models [0] recycles 0 hard 1 soft 0 temp 0.00 loss 0.89 i_con 4.46 plddt 0.33 ptm 0.84 i_ptm 0.36 energy -4.04
159 models [3] recycles 0 hard 1 soft 0 temp 0.00 loss 0.86 i_con 4.44 plddt 0.36 ptm 0.86 i_ptm 0.40 energy -4.04
160 models [1] recycles 0 hard 1 soft 0 temp 0.00 loss 1.05 i_con 4.62 plddt 0.31 ptm 0.86 i_ptm 0.31 energy -4.04
161 models [1] recycles 0 hard 1 soft 0 temp 0.00 loss 1.05 i_con 4.62 plddt 0.31 ptm 0.86 i_ptm 0.31 energy -4.04
162 models [2] recycles 0 hard 1 soft 0 temp 0.00 loss 0.81 i_con 4.38 plddt 0.34 ptm 0.86 i_ptm 0.32 energy -4.04
163 models [4] recycles 0 hard 1 soft 0 temp 0.00 loss 0.92 i_con 4.50 plddt 0.33 ptm 0.88 i_ptm 0.29 energy -4.04
164 models [3] recycles 0 hard 1 soft 0 temp 0.00 loss 0.86 i_con 4.44 plddt 0.36 ptm 0.86 i_ptm 0.40 energy -4.04
165 models [3] recycles 0 hard 1 soft 0 temp 0.00 loss 0.86 i_con 4.44 plddt 0.36 ptm 0.86 i_ptm 0.40 energy -4.04
166 models [0] recycles 0 hard 1 soft 0 temp 0.00 loss 0.89 i_con 4.46 plddt 0.33 ptm 0.84 i_ptm 0.36 energy -4.04
167 models [4] recycles 0 hard 1 soft 0 temp 0.00 loss 0.92 i_con 4.50 plddt 0.33 ptm 0.88 i_ptm 0.29 energy -4.04
168 models [3] recycles 0 hard 1 soft 0 temp 0.00 loss 0.86 i_con 4.44 plddt 0.36 ptm 0.86 i_ptm 0.40 energy -4.04
169 models [1] recycles 0 hard 1 soft 0 temp 0.00 loss 1.05 i_con 4.62 plddt 0.31 ptm 0.86 i_ptm 0.31 energy -4.04
170 models [1] recycles 0 hard 1 soft 0 temp 0.00 loss 1.05 i_con 4.62 plddt 0.31 ptm 0.86 i_ptm 0.31 energy -4.04
171 models [2] recycles 0 hard 1 soft 0 temp 0.00 loss 0.81 i_con 4.38 plddt 0.34 ptm 0.86 i_ptm 0.32 energy -4.04
172 models [2] recycles 0 hard 1 soft 0 temp 0.00 loss 0.81 i_con 4.38 plddt 0.34 ptm 0.86 i_ptm 0.32 energy -4.04
173 models [1] recycles 0 hard 1 soft 0 temp 0.00 loss 1.05 i_con 4.62 plddt 0.31 ptm 0.86 i_ptm 0.31 energy -4.04
174 models [4] recycles 0 hard 1 soft 0 temp 0.00 loss 0.92 i_con 4.50 plddt 0.33 ptm 0.88 i_ptm 0.29 energy -4.04
175 models [3] recycles 0 hard 1 soft 0 temp 0.00 loss 0.86 i_con 4.44 plddt 0.36 ptm 0.86 i_ptm 0.40 energy -4.04
176 models [4] recycles 0 hard 1 soft 0 temp 0.00 loss 0.92 i_con 4.50 plddt 0.33 ptm 0.88 i_ptm 0.29 energy -4.04
177 models [0] recycles 0 hard 1 soft 0 temp 0.00 loss 0.89 i_con 4.46 plddt 0.33 ptm 0.84 i_ptm 0.36 energy -4.04
178 models [1] recycles 0 hard 1 soft 0 temp 0.00 loss 1.05 i_con 4.62 plddt 0.31 ptm 0.86 i_ptm 0.31 energy -4.04
179 models [2] recycles 0 hard 1 soft 0 temp 0.00 loss 0.81 i_con 4.38 plddt 0.34 ptm 0.86 i_ptm 0.32 energy -4.04
180 models [4] recycles 0 hard 1 soft 0 temp 0.00 loss 0.92 i_con 4.50 plddt 0.33 ptm 0.88 i_ptm 0.29 energy -4.04
  seq=THGNAWWNSMWQKFC  loss=0.9247  loss_af=4.5638  energy=-4.0434  i_ptm=0.2878
[26/30] seed=25 ...
1 models [4] recycles 0 hard 0 soft 1 temp 1 loss 4.58 i_con 4.14 plddt 0.28 ptm 0.87 i_ptm 0.33 energy 7.40
2 models [2] recycles 0 hard 0 soft 1 temp 1 loss 4.42 i_con 4.00 plddt 0.32 ptm 0.86 i_ptm 0.40 energy 7.12
3 models [0] recycles 0 hard 0 soft 1 temp 1 loss 4.35 i_con 3.96 plddt 0.33 ptm 0.84 i_ptm 0.40 energy 6.44
4 models [0] recycles 0 hard 0 soft 1 temp 1 loss 4.34 i_con 3.98 plddt 0.31 ptm 0.84 i_ptm 0.37 energy 5.79
5 models [2] recycles 0 hard 0 soft 1 temp 1 loss 4.29 i_con 3.97 plddt 0.29 ptm 0.86 i_ptm 0.39 energy 5.08
6 models [2] recycles 0 hard 0 soft 1 temp 1 loss 4.21 i_con 3.91 plddt 0.33 ptm 0.87 i_ptm 0.40 energy 4.60
7 models [1] recycles 0 hard 0 soft 1 temp 1 loss 5.25 i_con 4.97 plddt 0.20 ptm 0.85 i_ptm 0.12 energy 4.09
8 models [2] recycles 0 hard 0 soft 1 temp 1 loss 4.22 i_con 3.95 plddt 0.33 ptm 0.86 i_ptm 0.41 energy 4.08
9 models [1] recycles 0 hard 0 soft 1 temp 1 loss 5.31 i_con 5.06 plddt 0.22 ptm 0.85 i_ptm 0.14 energy 3.52
10 models [4] recycles 0 hard 0 soft 1 temp 1 loss 4.07 i_con 3.83 plddt 0.32 ptm 0.88 i_ptm 0.43 energy 3.43
11 models [1] recycles 0 hard 0 soft 1 temp 1 loss 4.47 i_con 4.24 plddt 0.25 ptm 0.86 i_ptm 0.23 energy 3.00
12 models [1] recycles 0 hard 0 soft 1 temp 1 loss 4.43 i_con 4.21 plddt 0.24 ptm 0.86 i_ptm 0.25 energy 2.91
13 models [4] recycles 0 hard 0 soft 1 temp 1 loss 4.15 i_con 3.95 plddt 0.34 ptm 0.88 i_ptm 0.42 energy 2.67
14 models [2] recycles 0 hard 0 soft 1 temp 1 loss 4.01 i_con 3.82 plddt 0.38 ptm 0.87 i_ptm 0.49 energy 2.51
15 models [2] recycles 0 hard 0 soft 1 temp 1 loss 3.90 i_con 3.72 plddt 0.39 ptm 0.87 i_ptm 0.53 energy 2.30
16 models [0] recycles 0 hard 0 soft 1 temp 1 loss 3.96 i_con 3.79 plddt 0.37 ptm 0.85 i_ptm 0.48 energy 2.06
17 models [3] recycles 0 hard 0 soft 1 temp 1 loss 3.79 i_con 3.64 plddt 0.40 ptm 0.87 i_ptm 0.53 energy 1.78
18 models [0] recycles 0 hard 0 soft 1 temp 1 loss 3.98 i_con 3.84 plddt 0.36 ptm 0.85 i_ptm 0.43 energy 1.42
19 models [3] recycles 0 hard 0 soft 1 temp 1 loss 3.88 i_con 3.75 plddt 0.32 ptm 0.87 i_ptm 0.48 energy 1.25
20 models [4] recycles 0 hard 0 soft 1 temp 1 loss 3.91 i_con 3.80 plddt 0.35 ptm 0.88 i_ptm 0.47 energy 0.94
21 models [2] recycles 0 hard 0 soft 1 temp 1 loss 3.87 i_con 3.78 plddt 0.38 ptm 0.87 i_ptm 0.47 energy 0.54
22 models [2] recycles 0 hard 0 soft 1 temp 1 loss 3.82 i_con 3.75 plddt 0.39 ptm 0.87 i_ptm 0.50 energy 0.18
23 models [4] recycles 0 hard 0 soft 1 temp 1 loss 3.81 i_con 3.75 plddt 0.38 ptm 0.89 i_ptm 0.51 energy -0.05
24 models [3] recycles 0 hard 0 soft 1 temp 1 loss 3.64 i_con 3.59 plddt 0.42 ptm 0.87 i_ptm 0.54 energy -0.25
25 models [4] recycles 0 hard 0 soft 1 temp 1 loss 3.73 i_con 3.68 plddt 0.42 ptm 0.89 i_ptm 0.53 energy -0.27
26 models [1] recycles 0 hard 0 soft 1 temp 1 loss 4.06 i_con 4.00 plddt 0.27 ptm 0.87 i_ptm 0.30 energy -0.43
27 models [4] recycles 0 hard 0 soft 1 temp 1 loss 3.80 i_con 3.76 plddt 0.33 ptm 0.88 i_ptm 0.47 energy -0.47
28 models [2] recycles 0 hard 0 soft 1 temp 1 loss 3.74 i_con 3.71 plddt 0.40 ptm 0.87 i_ptm 0.51 energy -0.64
29 models [2] recycles 0 hard 0 soft 1 temp 1 loss 3.73 i_con 3.71 plddt 0.40 ptm 0.87 i_ptm 0.53 energy -0.77
30 models [1] recycles 0 hard 0 soft 1 temp 1 loss 3.82 i_con 3.79 plddt 0.34 ptm 0.87 i_ptm 0.45 energy -0.76
31 models [0] recycles 0 hard 0 soft 1 temp 1 loss 3.85 i_con 3.83 plddt 0.34 ptm 0.85 i_ptm 0.41 energy -0.93
32 models [2] recycles 0 hard 0 soft 1 temp 1 loss 3.51 i_con 3.50 plddt 0.46 ptm 0.88 i_ptm 0.60 energy -0.91
33 models [0] recycles 0 hard 0 soft 1 temp 1 loss 3.87 i_con 3.86 plddt 0.34 ptm 0.85 i_ptm 0.40 energy -1.09
34 models [2] recycles 0 hard 0 soft 1 temp 1 loss 3.60 i_con 3.60 plddt 0.45 ptm 0.87 i_ptm 0.58 energy -1.05
35 models [1] recycles 0 hard 0 soft 1 temp 1 loss 3.90 i_con 3.89 plddt 0.33 ptm 0.87 i_ptm 0.40 energy -1.10
36 models [2] recycles 0 hard 0 soft 1 temp 1 loss 3.60 i_con 3.61 plddt 0.45 ptm 0.87 i_ptm 0.56 energy -1.22
37 models [2] recycles 0 hard 0 soft 1 temp 1 loss 3.67 i_con 3.67 plddt 0.43 ptm 0.88 i_ptm 0.55 energy -1.21
38 models [4] recycles 0 hard 0 soft 1 temp 1 loss 3.58 i_con 3.59 plddt 0.43 ptm 0.89 i_ptm 0.59 energy -1.36
39 models [3] recycles 0 hard 0 soft 1 temp 1 loss 3.49 i_con 3.51 plddt 0.40 ptm 0.87 i_ptm 0.57 energy -1.57
40 models [0] recycles 0 hard 0 soft 1 temp 1 loss 3.78 i_con 3.80 plddt 0.40 ptm 0.85 i_ptm 0.44 energy -1.46
41 models [2] recycles 0 hard 0 soft 1 temp 1 loss 3.67 i_con 3.69 plddt 0.45 ptm 0.87 i_ptm 0.56 energy -1.44
42 models [2] recycles 0 hard 0 soft 1 temp 1 loss 3.70 i_con 3.72 plddt 0.43 ptm 0.86 i_ptm 0.52 energy -1.56
43 models [4] recycles 0 hard 0 soft 1 temp 1 loss 3.61 i_con 3.62 plddt 0.43 ptm 0.89 i_ptm 0.56 energy -1.46
44 models [2] recycles 0 hard 0 soft 1 temp 1 loss 3.58 i_con 3.61 plddt 0.44 ptm 0.87 i_ptm 0.60 energy -1.62
45 models [1] recycles 0 hard 0 soft 1 temp 1 loss 3.71 i_con 3.72 plddt 0.41 ptm 0.88 i_ptm 0.52 energy -1.51
46 models [0] recycles 0 hard 0 soft 1 temp 1 loss 3.75 i_con 3.76 plddt 0.40 ptm 0.85 i_ptm 0.49 energy -1.52
47 models [3] recycles 0 hard 0 soft 1 temp 1 loss 3.60 i_con 3.63 plddt 0.44 ptm 0.87 i_ptm 0.57 energy -1.63
48 models [0] recycles 0 hard 0 soft 1 temp 1 loss 3.78 i_con 3.81 plddt 0.37 ptm 0.84 i_ptm 0.42 energy -1.69
49 models [1] recycles 0 hard 0 soft 1 temp 1 loss 3.99 i_con 4.00 plddt 0.30 ptm 0.86 i_ptm 0.33 energy -1.74
50 models [1] recycles 0 hard 0 soft 1 temp 1 loss 3.33 i_con 3.37 plddt 0.52 ptm 0.88 i_ptm 0.65 energy -1.69
51 models [3] recycles 0 hard 0 soft 1 temp 1 loss 3.47 i_con 3.58 plddt 0.42 ptm 0.86 i_ptm 0.53 energy -1.72
52 models [2] recycles 0 hard 0 soft 1 temp 1 loss 3.54 i_con 3.67 plddt 0.42 ptm 0.87 i_ptm 0.56 energy -1.85
53 models [3] recycles 0 hard 0 soft 1 temp 1 loss 3.38 i_con 3.52 plddt 0.49 ptm 0.87 i_ptm 0.61 energy -1.97
54 models [1] recycles 0 hard 0 soft 1 temp 1 loss 3.62 i_con 3.75 plddt 0.40 ptm 0.87 i_ptm 0.47 energy -1.86
55 models [0] recycles 0 hard 0 soft 1 temp 1 loss 3.52 i_con 3.67 plddt 0.46 ptm 0.86 i_ptm 0.56 energy -2.04
56 models [3] recycles 0 hard 0 soft 1 temp 1 loss 3.35 i_con 3.51 plddt 0.40 ptm 0.87 i_ptm 0.60 energy -2.15
57 models [2] recycles 0 hard 0 soft 1 temp 1 loss 3.19 i_con 3.36 plddt 0.54 ptm 0.88 i_ptm 0.67 energy -2.15
58 models [4] recycles 0 hard 0 soft 1 temp 1 loss 3.11 i_con 3.29 plddt 0.54 ptm 0.90 i_ptm 0.68 energy -2.24
59 models [4] recycles 0 hard 0 soft 1 temp 1 loss 3.20 i_con 3.37 plddt 0.52 ptm 0.89 i_ptm 0.67 energy -2.21
60 models [1] recycles 0 hard 0 soft 1 temp 1 loss 3.75 i_con 3.91 plddt 0.37 ptm 0.87 i_ptm 0.42 energy -2.18
61 models [0] recycles 0 hard 0 soft 1 temp 1 loss 3.42 i_con 3.58 plddt 0.50 ptm 0.85 i_ptm 0.59 energy -2.16
62 models [2] recycles 0 hard 0 soft 1 temp 1 loss 3.48 i_con 3.66 plddt 0.44 ptm 0.87 i_ptm 0.57 energy -2.30
63 models [2] recycles 0 hard 0 soft 1 temp 1 loss 3.44 i_con 3.62 plddt 0.44 ptm 0.88 i_ptm 0.56 energy -2.36
64 models [1] recycles 0 hard 0 soft 1 temp 1 loss 3.81 i_con 3.98 plddt 0.34 ptm 0.86 i_ptm 0.37 energy -2.30
65 models [2] recycles 0 hard 0 soft 1 temp 1 loss 4.34 i_con 4.51 plddt 0.27 ptm 0.85 i_ptm 0.17 energy -2.37
66 models [1] recycles 0 hard 0 soft 1 temp 1 loss 3.59 i_con 3.77 plddt 0.39 ptm 0.88 i_ptm 0.48 energy -2.32
67 models [4] recycles 0 hard 0 soft 1 temp 1 loss 3.48 i_con 3.65 plddt 0.41 ptm 0.89 i_ptm 0.53 energy -2.35
68 models [1] recycles 0 hard 0 soft 1 temp 1 loss 3.51 i_con 3.70 plddt 0.38 ptm 0.88 i_ptm 0.53 energy -2.46
69 models [2] recycles 0 hard 0 soft 1 temp 1 loss 3.55 i_con 3.74 plddt 0.43 ptm 0.87 i_ptm 0.51 energy -2.44
70 models [1] recycles 0 hard 0 soft 1 temp 1 loss 3.58 i_con 3.77 plddt 0.40 ptm 0.88 i_ptm 0.50 energy -2.50
71 models [2] recycles 0 hard 0 soft 1 temp 1 loss 3.41 i_con 3.60 plddt 0.41 ptm 0.87 i_ptm 0.55 energy -2.46
72 models [4] recycles 0 hard 0 soft 1 temp 1 loss 3.41 i_con 3.62 plddt 0.45 ptm 0.89 i_ptm 0.59 energy -2.67
73 models [2] recycles 0 hard 0 soft 1 temp 1 loss 3.21 i_con 3.43 plddt 0.51 ptm 0.87 i_ptm 0.64 energy -2.65
74 models [1] recycles 0 hard 0 soft 1 temp 1 loss 3.62 i_con 3.82 plddt 0.36 ptm 0.87 i_ptm 0.48 energy -2.60
75 models [4] recycles 0 hard 0 soft 1 temp 1 loss 3.23 i_con 3.45 plddt 0.49 ptm 0.89 i_ptm 0.64 energy -2.66
76 models [4] recycles 0 hard 0 soft 1 temp 1 loss 2.93 i_con 3.15 plddt 0.57 ptm 0.90 i_ptm 0.72 energy -2.66
77 models [3] recycles 0 hard 0 soft 1 temp 1 loss 3.15 i_con 3.36 plddt 0.55 ptm 0.88 i_ptm 0.69 energy -2.52
78 models [0] recycles 0 hard 0 soft 1 temp 1 loss 3.45 i_con 3.63 plddt 0.42 ptm 0.86 i_ptm 0.53 energy -2.45
79 models [3] recycles 0 hard 0 soft 1 temp 1 loss 3.41 i_con 3.61 plddt 0.42 ptm 0.87 i_ptm 0.57 energy -2.59
80 models [4] recycles 0 hard 0 soft 1 temp 1 loss 3.28 i_con 3.50 plddt 0.50 ptm 0.89 i_ptm 0.63 energy -2.72
81 models [0] recycles 0 hard 0 soft 1 temp 1 loss 3.47 i_con 3.68 plddt 0.43 ptm 0.85 i_ptm 0.50 energy -2.69
82 models [0] recycles 0 hard 0 soft 1 temp 1 loss 3.39 i_con 3.59 plddt 0.47 ptm 0.86 i_ptm 0.59 energy -2.55
83 models [2] recycles 0 hard 0 soft 1 temp 1 loss 2.96 i_con 3.18 plddt 0.59 ptm 0.88 i_ptm 0.71 energy -2.61
84 models [0] recycles 0 hard 0 soft 1 temp 1 loss 3.59 i_con 3.77 plddt 0.43 ptm 0.86 i_ptm 0.51 energy -2.43
85 models [3] recycles 0 hard 0 soft 1 temp 1 loss 3.45 i_con 3.66 plddt 0.41 ptm 0.87 i_ptm 0.55 energy -2.62
86 models [2] recycles 0 hard 0 soft 1 temp 1 loss 3.35 i_con 3.58 plddt 0.50 ptm 0.88 i_ptm 0.61 energy -2.77
87 models [4] recycles 0 hard 0 soft 1 temp 1 loss 2.99 i_con 3.23 plddt 0.55 ptm 0.90 i_ptm 0.69 energy -2.83
88 models [0] recycles 0 hard 0 soft 1 temp 1 loss 3.64 i_con 3.86 plddt 0.40 ptm 0.85 i_ptm 0.45 energy -2.80
89 models [0] recycles 0 hard 0 soft 1 temp 1 loss 3.54 i_con 3.77 plddt 0.42 ptm 0.85 i_ptm 0.48 energy -2.89
90 models [2] recycles 0 hard 0 soft 1 temp 1 loss 3.43 i_con 3.65 plddt 0.47 ptm 0.87 i_ptm 0.56 energy -2.78
91 models [4] recycles 0 hard 0 soft 1 temp 1 loss 3.18 i_con 3.41 plddt 0.51 ptm 0.89 i_ptm 0.65 energy -2.86
92 models [4] recycles 0 hard 0 soft 1 temp 1 loss 3.49 i_con 3.71 plddt 0.41 ptm 0.89 i_ptm 0.53 energy -2.82
93 models [3] recycles 0 hard 0 soft 1 temp 1 loss 3.39 i_con 3.63 plddt 0.40 ptm 0.87 i_ptm 0.54 energy -2.93
94 models [0] recycles 0 hard 0 soft 1 temp 1 loss 3.43 i_con 3.67 plddt 0.46 ptm 0.85 i_ptm 0.50 energy -2.96
95 models [0] recycles 0 hard 0 soft 1 temp 1 loss 3.21 i_con 3.46 plddt 0.52 ptm 0.86 i_ptm 0.63 energy -3.04
96 models [3] recycles 0 hard 0 soft 1 temp 1 loss 3.52 i_con 3.77 plddt 0.40 ptm 0.86 i_ptm 0.50 energy -3.11
97 models [3] recycles 0 hard 0 soft 1 temp 1 loss 3.35 i_con 3.60 plddt 0.42 ptm 0.86 i_ptm 0.56 energy -3.10
98 models [3] recycles 0 hard 0 soft 1 temp 1 loss 3.33 i_con 3.60 plddt 0.44 ptm 0.87 i_ptm 0.59 energy -3.23
99 models [0] recycles 0 hard 0 soft 1 temp 1 loss 3.37 i_con 3.65 plddt 0.47 ptm 0.85 i_ptm 0.56 energy -3.36
100 models [1] recycles 0 hard 0 soft 1 temp 1 loss 4.29 i_con 4.55 plddt 0.29 ptm 0.85 i_ptm 0.23 energy -3.32
101 models [3] recycles 0 hard 0 soft 0 temp 1 loss -3.03 i_con 5.09 plddt 0.21 ptm 0.76 i_ptm 0.05 energy -16.38
102 models [0] recycles 0 hard 0 soft 0 temp 0.98 loss -4.09 i_con 4.23 plddt 0.27 ptm 0.84 i_ptm 0.27 energy -16.79
103 models [3] recycles 0 hard 0 soft 0 temp 0.96 loss -5.50 i_con 3.26 plddt 0.25 ptm 0.41 i_ptm 0.53 energy -17.66
104 models [4] recycles 0 hard 0 soft 0 temp 0.94 loss -3.50 i_con 5.57 plddt 0.24 ptm 0.87 i_ptm 0.16 energy -18.29
105 models [1] recycles 0 hard 0 soft 0 temp 0.92 loss -3.54 i_con 5.95 plddt 0.26 ptm 0.86 i_ptm 0.16 energy -19.14
106 models [2] recycles 0 hard 0 soft 0 temp 0.90 loss -6.40 i_con 3.20 plddt 0.26 ptm 0.38 i_ptm 0.57 energy -19.34
107 models [2] recycles 0 hard 0 soft 0 temp 0.88 loss -6.67 i_con 3.06 plddt 0.25 ptm 0.31 i_ptm 0.36 energy -19.61
108 models [0] recycles 0 hard 0 soft 0 temp 0.86 loss -5.93 i_con 3.93 plddt 0.35 ptm 0.85 i_ptm 0.41 energy -19.85
109 models [4] recycles 0 hard 0 soft 0 temp 0.84 loss -5.30 i_con 5.37 plddt 0.18 ptm 0.87 i_ptm 0.11 energy -21.51
110 models [2] recycles 0 hard 0 soft 0 temp 0.82 loss -5.14 i_con 5.64 plddt 0.29 ptm 0.86 i_ptm 0.16 energy -21.70
111 models [0] recycles 0 hard 0 soft 0 temp 0.80 loss -7.15 i_con 3.88 plddt 0.36 ptm 0.84 i_ptm 0.43 energy -22.19
112 models [2] recycles 0 hard 0 soft 0 temp 0.78 loss -8.05 i_con 3.94 plddt 0.34 ptm 0.87 i_ptm 0.40 energy -24.11
113 models [3] recycles 0 hard 0 soft 0 temp 0.76 loss -9.01 i_con 3.85 plddt 0.35 ptm 0.86 i_ptm 0.45 energy -25.83
114 models [4] recycles 0 hard 0 soft 0 temp 0.74 loss -9.65 i_con 4.15 plddt 0.31 ptm 0.88 i_ptm 0.32 energy -27.73
115 models [3] recycles 0 hard 0 soft 0 temp 0.72 loss -8.84 i_con 5.22 plddt 0.25 ptm 0.85 i_ptm 0.17 energy -28.27
116 models [4] recycles 0 hard 0 soft 0 temp 0.70 loss -9.00 i_con 5.43 plddt 0.25 ptm 0.87 i_ptm 0.14 energy -29.02
117 models [1] recycles 0 hard 0 soft 0 temp 0.68 loss -9.64 i_con 5.08 plddt 0.19 ptm 0.26 i_ptm 0.13 energy -29.60
118 models [0] recycles 0 hard 0 soft 0 temp 0.66 loss -10.87 i_con 3.99 plddt 0.34 ptm 0.85 i_ptm 0.39 energy -29.85
119 models [0] recycles 0 hard 0 soft 0 temp 0.64 loss -11.58 i_con 4.10 plddt 0.29 ptm 0.84 i_ptm 0.29 energy -31.49
120 models [3] recycles 0 hard 0 soft 0 temp 0.62 loss -11.18 i_con 5.11 plddt 0.22 ptm 0.84 i_ptm 0.17 energy -32.74
121 models [4] recycles 0 hard 0 soft 0 temp 0.60 loss -12.87 i_con 4.16 plddt 0.25 ptm 0.88 i_ptm 0.29 energy -34.21
122 models [2] recycles 0 hard 0 soft 0 temp 0.58 loss -13.81 i_con 4.01 plddt 0.32 ptm 0.86 i_ptm 0.35 energy -35.78
123 models [3] recycles 0 hard 0 soft 0 temp 0.56 loss -14.08 i_con 4.14 plddt 0.26 ptm 0.86 i_ptm 0.30 energy -36.57
124 models [4] recycles 0 hard 0 soft 0 temp 0.54 loss -14.81 i_con 3.93 plddt 0.28 ptm 0.88 i_ptm 0.38 energy -37.63
125 models [2] recycles 0 hard 0 soft 0 temp 0.52 loss -15.70 i_con 3.92 plddt 0.34 ptm 0.86 i_ptm 0.41 energy -39.37
126 models [0] recycles 0 hard 0 soft 0 temp 0.50 loss -16.33 i_con 4.16 plddt 0.27 ptm 0.83 i_ptm 0.28 energy -41.12
127 models [1] recycles 0 hard 0 soft 0 temp 0.48 loss -14.90 i_con 6.31 plddt 0.25 ptm 0.86 i_ptm 0.19 energy -42.57
128 models [4] recycles 0 hard 0 soft 0 temp 0.46 loss -16.82 i_con 5.20 plddt 0.22 ptm 0.87 i_ptm 0.13 energy -44.20
129 models [3] recycles 0 hard 0 soft 0 temp 0.44 loss -16.79 i_con 5.37 plddt 0.23 ptm 0.85 i_ptm 0.17 energy -44.48
130 models [4] recycles 0 hard 0 soft 0 temp 0.42 loss -18.68 i_con 3.98 plddt 0.29 ptm 0.88 i_ptm 0.39 energy -45.46
131 models [2] recycles 0 hard 0 soft 0 temp 0.40 loss -19.38 i_con 4.06 plddt 0.31 ptm 0.86 i_ptm 0.34 energy -47.01
132 models [4] recycles 0 hard 0 soft 0 temp 0.38 loss -19.57 i_con 4.61 plddt 0.20 ptm 0.86 i_ptm 0.14 energy -48.51
133 models [0] recycles 0 hard 0 soft 0 temp 0.36 loss -19.72 i_con 4.68 plddt 0.23 ptm 0.82 i_ptm 0.13 energy -48.95
134 models [3] recycles 0 hard 0 soft 0 temp 0.34 loss -20.60 i_con 4.23 plddt 0.25 ptm 0.85 i_ptm 0.26 energy -49.80
135 models [2] recycles 0 hard 0 soft 0 temp 0.32 loss -21.59 i_con 3.99 plddt 0.28 ptm 0.87 i_ptm 0.37 energy -51.31
136 models [2] recycles 0 hard 0 soft 0 temp 0.30 loss -22.49 i_con 3.98 plddt 0.28 ptm 0.87 i_ptm 0.38 energy -53.07
137 models [2] recycles 0 hard 0 soft 0 temp 0.28 loss -23.54 i_con 3.90 plddt 0.33 ptm 0.86 i_ptm 0.41 energy -55.00
138 models [2] recycles 0 hard 0 soft 0 temp 0.26 loss -24.35 i_con 3.96 plddt 0.29 ptm 0.87 i_ptm 0.36 energy -56.76
139 models [4] recycles 0 hard 0 soft 0 temp 0.24 loss -24.15 i_con 5.10 plddt 0.21 ptm 0.88 i_ptm 0.12 energy -58.67
140 models [0] recycles 0 hard 0 soft 0 temp 0.22 loss -24.23 i_con 4.93 plddt 0.24 ptm 0.83 i_ptm 0.13 energy -58.47
141 models [1] recycles 0 hard 0 soft 0 temp 0.20 loss -24.04 i_con 5.74 plddt 0.25 ptm 0.85 i_ptm 0.14 energy -59.71
142 models [4] recycles 0 hard 0 soft 0 temp 0.18 loss -24.75 i_con 5.83 plddt 0.22 ptm 0.87 i_ptm 0.15 energy -61.31
143 models [3] recycles 0 hard 0 soft 0 temp 0.16 loss -27.01 i_con 4.07 plddt 0.28 ptm 0.85 i_ptm 0.34 energy -62.30
144 models [1] recycles 0 hard 0 soft 0 temp 0.14 loss -26.04 i_con 5.92 plddt 0.26 ptm 0.86 i_ptm 0.15 energy -64.06
145 models [0] recycles 0 hard 0 soft 0 temp 0.12 loss -28.69 i_con 4.05 plddt 0.29 ptm 0.85 i_ptm 0.32 energy -65.63
146 models [4] recycles 0 hard 0 soft 0 temp 0.10 loss -29.53 i_con 4.18 plddt 0.26 ptm 0.88 i_ptm 0.30 energy -67.56
147 models [0] recycles 0 hard 0 soft 0 temp 0.08 loss -30.33 i_con 4.09 plddt 0.29 ptm 0.84 i_ptm 0.32 energy -68.97
148 models [1] recycles 0 hard 0 soft 0 temp 0.06 loss -29.27 i_con 6.14 plddt 0.25 ptm 0.85 i_ptm 0.15 energy -70.95
149 models [0] recycles 0 hard 0 soft 0 temp 0.04 loss -32.06 i_con 4.17 plddt 0.27 ptm 0.84 i_ptm 0.26 energy -72.61
150 models [2] recycles 0 hard 0 soft 0 temp 0.02 loss -33.04 i_con 3.96 plddt 0.31 ptm 0.86 i_ptm 0.35 energy -74.15
151 models [1] recycles 0 hard 1 soft 0 temp 0.00 loss 1.03 i_con 5.80 plddt 0.26 ptm 0.86 i_ptm 0.20 energy -5.39
152 models [2] recycles 0 hard 1 soft 0 temp 0.00 loss -1.08 i_con 3.71 plddt 0.37 ptm 0.87 i_ptm 0.53 energy -5.39
153 models [1] recycles 0 hard 1 soft 0 temp 0.00 loss 1.03 i_con 5.80 plddt 0.26 ptm 0.86 i_ptm 0.20 energy -5.39
154 models [3] recycles 0 hard 1 soft 0 temp 0.00 loss -1.10 i_con 3.69 plddt 0.38 ptm 0.87 i_ptm 0.55 energy -5.39
155 models [4] recycles 0 hard 1 soft 0 temp 0.00 loss -0.93 i_con 3.85 plddt 0.28 ptm 0.89 i_ptm 0.44 energy -5.39
156 models [0] recycles 0 hard 1 soft 0 temp 0.00 loss -0.92 i_con 3.86 plddt 0.33 ptm 0.84 i_ptm 0.44 energy -5.39
157 models [2] recycles 0 hard 1 soft 0 temp 0.00 loss -1.08 i_con 3.71 plddt 0.37 ptm 0.87 i_ptm 0.53 energy -5.39
158 models [2] recycles 0 hard 1 soft 0 temp 0.00 loss -1.08 i_con 3.71 plddt 0.37 ptm 0.87 i_ptm 0.53 energy -5.39
159 models [3] recycles 0 hard 1 soft 0 temp 0.00 loss -1.10 i_con 3.69 plddt 0.38 ptm 0.87 i_ptm 0.55 energy -5.39
160 models [0] recycles 0 hard 1 soft 0 temp 0.00 loss -0.92 i_con 3.86 plddt 0.33 ptm 0.84 i_ptm 0.44 energy -5.39
161 models [0] recycles 0 hard 1 soft 0 temp 0.00 loss -0.92 i_con 3.86 plddt 0.33 ptm 0.84 i_ptm 0.44 energy -5.39
162 models [2] recycles 0 hard 1 soft 0 temp 0.00 loss -1.08 i_con 3.71 plddt 0.37 ptm 0.87 i_ptm 0.53 energy -5.39
163 models [1] recycles 0 hard 1 soft 0 temp 0.00 loss 1.03 i_con 5.80 plddt 0.26 ptm 0.86 i_ptm 0.20 energy -5.39
164 models [3] recycles 0 hard 1 soft 0 temp 0.00 loss -1.10 i_con 3.69 plddt 0.38 ptm 0.87 i_ptm 0.55 energy -5.39
165 models [2] recycles 0 hard 1 soft 0 temp 0.00 loss -1.08 i_con 3.71 plddt 0.37 ptm 0.87 i_ptm 0.53 energy -5.39
166 models [3] recycles 0 hard 1 soft 0 temp 0.00 loss -1.10 i_con 3.69 plddt 0.38 ptm 0.87 i_ptm 0.55 energy -5.39
167 models [3] recycles 0 hard 1 soft 0 temp 0.00 loss -1.10 i_con 3.69 plddt 0.38 ptm 0.87 i_ptm 0.55 energy -5.39
168 models [3] recycles 0 hard 1 soft 0 temp 0.00 loss -1.10 i_con 3.69 plddt 0.38 ptm 0.87 i_ptm 0.55 energy -5.39
169 models [2] recycles 0 hard 1 soft 0 temp 0.00 loss -1.08 i_con 3.71 plddt 0.37 ptm 0.87 i_ptm 0.53 energy -5.39
170 models [3] recycles 0 hard 1 soft 0 temp 0.00 loss -1.10 i_con 3.69 plddt 0.38 ptm 0.87 i_ptm 0.55 energy -5.39
171 models [2] recycles 0 hard 1 soft 0 temp 0.00 loss -1.08 i_con 3.71 plddt 0.37 ptm 0.87 i_ptm 0.53 energy -5.39
172 models [4] recycles 0 hard 1 soft 0 temp 0.00 loss -0.93 i_con 3.85 plddt 0.28 ptm 0.89 i_ptm 0.44 energy -5.39
173 models [2] recycles 0 hard 1 soft 0 temp 0.00 loss -1.08 i_con 3.71 plddt 0.37 ptm 0.87 i_ptm 0.53 energy -5.39
174 models [1] recycles 0 hard 1 soft 0 temp 0.00 loss 1.03 i_con 5.80 plddt 0.26 ptm 0.86 i_ptm 0.20 energy -5.39
175 models [2] recycles 0 hard 1 soft 0 temp 0.00 loss -1.08 i_con 3.71 plddt 0.37 ptm 0.87 i_ptm 0.53 energy -5.39
176 models [1] recycles 0 hard 1 soft 0 temp 0.00 loss 1.03 i_con 5.80 plddt 0.26 ptm 0.86 i_ptm 0.20 energy -5.39
177 models [1] recycles 0 hard 1 soft 0 temp 0.00 loss 1.03 i_con 5.80 plddt 0.26 ptm 0.86 i_ptm 0.20 energy -5.39
178 models [3] recycles 0 hard 1 soft 0 temp 0.00 loss -1.10 i_con 3.69 plddt 0.38 ptm 0.87 i_ptm 0.55 energy -5.39
179 models [4] recycles 0 hard 1 soft 0 temp 0.00 loss -0.93 i_con 3.85 plddt 0.28 ptm 0.89 i_ptm 0.44 energy -5.39
180 models [4] recycles 0 hard 1 soft 0 temp 0.00 loss -0.93 i_con 3.85 plddt 0.28 ptm 0.89 i_ptm 0.44 energy -5.39
  seq=TAGNAWWAPWWQWFC  loss=-0.9306  loss_af=3.9184  energy=-5.3877  i_ptm=0.4443
[27/30] seed=26 ...
1 models [2] recycles 0 hard 0 soft 1 temp 1 loss 5.79 i_con 5.34 plddt 0.22 ptm 0.86 i_ptm 0.19 energy 7.40
2 models [4] recycles 0 hard 0 soft 1 temp 1 loss 4.74 i_con 4.30 plddt 0.26 ptm 0.87 i_ptm 0.26 energy 7.29
3 models [2] recycles 0 hard 0 soft 1 temp 1 loss 4.36 i_con 3.94 plddt 0.34 ptm 0.87 i_ptm 0.44 energy 7.11
4 models [2] recycles 0 hard 0 soft 1 temp 1 loss 4.57 i_con 4.17 plddt 0.31 ptm 0.85 i_ptm 0.34 energy 6.57
5 models [4] recycles 0 hard 0 soft 1 temp 1 loss 4.35 i_con 3.96 plddt 0.32 ptm 0.88 i_ptm 0.42 energy 6.31
6 models [4] recycles 0 hard 0 soft 1 temp 1 loss 4.26 i_con 3.89 plddt 0.31 ptm 0.88 i_ptm 0.44 energy 5.89
7 models [3] recycles 0 hard 0 soft 1 temp 1 loss 3.98 i_con 3.66 plddt 0.36 ptm 0.87 i_ptm 0.52 energy 5.18
8 models [2] recycles 0 hard 0 soft 1 temp 1 loss 4.01 i_con 3.71 plddt 0.36 ptm 0.87 i_ptm 0.51 energy 4.71
9 models [3] recycles 0 hard 0 soft 1 temp 1 loss 4.04 i_con 3.76 plddt 0.32 ptm 0.86 i_ptm 0.43 energy 4.16
10 models [2] recycles 0 hard 0 soft 1 temp 1 loss 4.01 i_con 3.77 plddt 0.39 ptm 0.87 i_ptm 0.47 energy 3.62
11 models [4] recycles 0 hard 0 soft 1 temp 1 loss 4.10 i_con 3.87 plddt 0.32 ptm 0.88 i_ptm 0.41 energy 3.30
12 models [3] recycles 0 hard 0 soft 1 temp 1 loss 3.94 i_con 3.72 plddt 0.34 ptm 0.86 i_ptm 0.46 energy 3.01
13 models [4] recycles 0 hard 0 soft 1 temp 1 loss 3.97 i_con 3.78 plddt 0.39 ptm 0.89 i_ptm 0.52 energy 2.58
14 models [0] recycles 0 hard 0 soft 1 temp 1 loss 4.20 i_con 4.01 plddt 0.29 ptm 0.84 i_ptm 0.35 energy 2.35
15 models [3] recycles 0 hard 0 soft 1 temp 1 loss 3.90 i_con 3.73 plddt 0.35 ptm 0.86 i_ptm 0.48 energy 2.13
16 models [3] recycles 0 hard 0 soft 1 temp 1 loss 4.87 i_con 4.70 plddt 0.25 ptm 0.84 i_ptm 0.21 energy 1.90
17 models [1] recycles 0 hard 0 soft 1 temp 1 loss 4.64 i_con 4.47 plddt 0.23 ptm 0.85 i_ptm 0.16 energy 1.86
18 models [1] recycles 0 hard 0 soft 1 temp 1 loss 4.19 i_con 4.02 plddt 0.26 ptm 0.87 i_ptm 0.31 energy 1.84
19 models [0] recycles 0 hard 0 soft 1 temp 1 loss 4.10 i_con 3.94 plddt 0.31 ptm 0.84 i_ptm 0.38 energy 1.82
20 models [4] recycles 0 hard 0 soft 1 temp 1 loss 4.14 i_con 3.99 plddt 0.30 ptm 0.88 i_ptm 0.36 energy 1.59
21 models [0] recycles 0 hard 0 soft 1 temp 1 loss 4.17 i_con 4.02 plddt 0.30 ptm 0.84 i_ptm 0.34 energy 1.56
22 models [2] recycles 0 hard 0 soft 1 temp 1 loss 3.91 i_con 3.78 plddt 0.38 ptm 0.87 i_ptm 0.50 energy 1.34
23 models [0] recycles 0 hard 0 soft 1 temp 1 loss 4.08 i_con 3.97 plddt 0.32 ptm 0.85 i_ptm 0.36 energy 0.79
24 models [4] recycles 0 hard 0 soft 1 temp 1 loss 4.11 i_con 4.02 plddt 0.30 ptm 0.87 i_ptm 0.34 energy 0.51
25 models [3] recycles 0 hard 0 soft 1 temp 1 loss 3.87 i_con 3.78 plddt 0.34 ptm 0.86 i_ptm 0.43 energy 0.32
26 models [1] recycles 0 hard 0 soft 1 temp 1 loss 3.99 i_con 3.94 plddt 0.29 ptm 0.87 i_ptm 0.36 energy -0.36
27 models [0] recycles 0 hard 0 soft 1 temp 1 loss 4.30 i_con 4.25 plddt 0.28 ptm 0.84 i_ptm 0.25 energy -0.56
28 models [4] recycles 0 hard 0 soft 1 temp 1 loss 3.92 i_con 3.88 plddt 0.35 ptm 0.88 i_ptm 0.46 energy -0.40
29 models [3] recycles 0 hard 0 soft 1 temp 1 loss 3.70 i_con 3.67 plddt 0.40 ptm 0.87 i_ptm 0.50 energy -0.61
30 models [2] recycles 0 hard 0 soft 1 temp 1 loss 3.86 i_con 3.83 plddt 0.38 ptm 0.87 i_ptm 0.50 energy -0.83
31 models [2] recycles 0 hard 0 soft 1 temp 1 loss 3.72 i_con 3.71 plddt 0.37 ptm 0.87 i_ptm 0.52 energy -1.10
32 models [4] recycles 0 hard 0 soft 1 temp 1 loss 4.24 i_con 4.25 plddt 0.28 ptm 0.87 i_ptm 0.28 energy -1.52
33 models [4] recycles 0 hard 0 soft 1 temp 1 loss 3.89 i_con 3.90 plddt 0.31 ptm 0.88 i_ptm 0.38 energy -1.59
34 models [1] recycles 0 hard 0 soft 1 temp 1 loss 4.38 i_con 4.40 plddt 0.23 ptm 0.85 i_ptm 0.16 energy -1.88
35 models [0] recycles 0 hard 0 soft 1 temp 1 loss 4.00 i_con 4.02 plddt 0.29 ptm 0.84 i_ptm 0.33 energy -1.71
36 models [1] recycles 0 hard 0 soft 1 temp 1 loss 3.94 i_con 3.96 plddt 0.28 ptm 0.86 i_ptm 0.32 energy -1.95
37 models [2] recycles 0 hard 0 soft 1 temp 1 loss 3.80 i_con 3.83 plddt 0.37 ptm 0.87 i_ptm 0.48 energy -1.75
38 models [1] recycles 0 hard 0 soft 1 temp 1 loss 3.94 i_con 3.98 plddt 0.29 ptm 0.87 i_ptm 0.35 energy -2.08
39 models [0] recycles 0 hard 0 soft 1 temp 1 loss 3.85 i_con 3.89 plddt 0.35 ptm 0.85 i_ptm 0.39 energy -2.00
40 models [0] recycles 0 hard 0 soft 1 temp 1 loss 3.84 i_con 3.88 plddt 0.35 ptm 0.85 i_ptm 0.42 energy -1.95
41 models [1] recycles 0 hard 0 soft 1 temp 1 loss 4.11 i_con 4.15 plddt 0.27 ptm 0.85 i_ptm 0.24 energy -2.19
42 models [1] recycles 0 hard 0 soft 1 temp 1 loss 3.89 i_con 3.93 plddt 0.29 ptm 0.86 i_ptm 0.37 energy -2.07
43 models [2] recycles 0 hard 0 soft 1 temp 1 loss 3.77 i_con 3.81 plddt 0.37 ptm 0.86 i_ptm 0.46 energy -2.01
44 models [4] recycles 0 hard 0 soft 1 temp 1 loss 3.82 i_con 3.87 plddt 0.35 ptm 0.89 i_ptm 0.44 energy -2.22
45 models [0] recycles 0 hard 0 soft 1 temp 1 loss 3.85 i_con 3.90 plddt 0.36 ptm 0.85 i_ptm 0.40 energy -2.27
46 models [1] recycles 0 hard 0 soft 1 temp 1 loss 4.11 i_con 4.14 plddt 0.27 ptm 0.86 i_ptm 0.25 energy -2.18
47 models [2] recycles 0 hard 0 soft 1 temp 1 loss 3.71 i_con 3.75 plddt 0.40 ptm 0.87 i_ptm 0.52 energy -2.01
48 models [2] recycles 0 hard 0 soft 1 temp 1 loss 3.68 i_con 3.73 plddt 0.41 ptm 0.87 i_ptm 0.48 energy -2.25
49 models [2] recycles 0 hard 0 soft 1 temp 1 loss 3.74 i_con 3.80 plddt 0.37 ptm 0.87 i_ptm 0.46 energy -2.39
50 models [3] recycles 0 hard 0 soft 1 temp 1 loss 3.66 i_con 3.72 plddt 0.38 ptm 0.87 i_ptm 0.50 energy -2.39
51 models [3] recycles 0 hard 0 soft 1 temp 1 loss 3.50 i_con 3.70 plddt 0.37 ptm 0.87 i_ptm 0.51 energy -2.55
52 models [0] recycles 0 hard 0 soft 1 temp 1 loss 3.67 i_con 3.88 plddt 0.38 ptm 0.85 i_ptm 0.43 energy -2.72
53 models [2] recycles 0 hard 0 soft 1 temp 1 loss 3.53 i_con 3.74 plddt 0.38 ptm 0.87 i_ptm 0.46 energy -2.71
54 models [3] recycles 0 hard 0 soft 1 temp 1 loss 3.45 i_con 3.67 plddt 0.38 ptm 0.86 i_ptm 0.52 energy -2.91
55 models [2] recycles 0 hard 0 soft 1 temp 1 loss 3.56 i_con 3.81 plddt 0.39 ptm 0.87 i_ptm 0.46 energy -3.05
56 models [1] recycles 0 hard 0 soft 1 temp 1 loss 3.90 i_con 4.14 plddt 0.26 ptm 0.86 i_ptm 0.25 energy -3.14
57 models [3] recycles 0 hard 0 soft 1 temp 1 loss 3.47 i_con 3.71 plddt 0.35 ptm 0.87 i_ptm 0.50 energy -3.07
58 models [1] recycles 0 hard 0 soft 1 temp 1 loss 4.03 i_con 4.27 plddt 0.25 ptm 0.86 i_ptm 0.23 energy -3.17
59 models [2] recycles 0 hard 0 soft 1 temp 1 loss 3.57 i_con 3.82 plddt 0.36 ptm 0.86 i_ptm 0.45 energy -3.14
60 models [1] recycles 0 hard 0 soft 1 temp 1 loss 4.08 i_con 4.33 plddt 0.27 ptm 0.86 i_ptm 0.22 energy -3.21
61 models [1] recycles 0 hard 0 soft 1 temp 1 loss 4.80 i_con 5.03 plddt 0.21 ptm 0.85 i_ptm 0.10 energy -3.12
62 models [3] recycles 0 hard 0 soft 1 temp 1 loss 3.47 i_con 3.71 plddt 0.35 ptm 0.86 i_ptm 0.48 energy -3.06
63 models [2] recycles 0 hard 0 soft 1 temp 1 loss 3.49 i_con 3.75 plddt 0.35 ptm 0.87 i_ptm 0.47 energy -3.31
64 models [1] recycles 0 hard 0 soft 1 temp 1 loss 3.63 i_con 3.91 plddt 0.29 ptm 0.87 i_ptm 0.38 energy -3.55
65 models [1] recycles 0 hard 0 soft 1 temp 1 loss 4.27 i_con 4.55 plddt 0.20 ptm 0.85 i_ptm 0.12 energy -3.68
66 models [0] recycles 0 hard 0 soft 1 temp 1 loss 3.64 i_con 3.95 plddt 0.35 ptm 0.85 i_ptm 0.41 energy -3.69
67 models [1] recycles 0 hard 0 soft 1 temp 1 loss 3.74 i_con 4.05 plddt 0.27 ptm 0.86 i_ptm 0.31 energy -3.85
68 models [4] recycles 0 hard 0 soft 1 temp 1 loss 3.41 i_con 3.74 plddt 0.33 ptm 0.88 i_ptm 0.46 energy -3.93
69 models [4] recycles 0 hard 0 soft 1 temp 1 loss 3.46 i_con 3.81 plddt 0.32 ptm 0.88 i_ptm 0.41 energy -4.14
70 models [2] recycles 0 hard 0 soft 1 temp 1 loss 3.37 i_con 3.73 plddt 0.35 ptm 0.87 i_ptm 0.48 energy -4.26
71 models [3] recycles 0 hard 0 soft 1 temp 1 loss 3.44 i_con 3.82 plddt 0.33 ptm 0.86 i_ptm 0.45 energy -4.48
72 models [3] recycles 0 hard 0 soft 1 temp 1 loss 3.35 i_con 3.74 plddt 0.36 ptm 0.86 i_ptm 0.47 energy -4.48
73 models [3] recycles 0 hard 0 soft 1 temp 1 loss 3.37 i_con 3.76 plddt 0.34 ptm 0.86 i_ptm 0.47 energy -4.56
74 models [3] recycles 0 hard 0 soft 1 temp 1 loss 3.36 i_con 3.78 plddt 0.38 ptm 0.86 i_ptm 0.49 energy -4.77
75 models [3] recycles 0 hard 0 soft 1 temp 1 loss 3.33 i_con 3.74 plddt 0.36 ptm 0.86 i_ptm 0.47 energy -4.71
76 models [1] recycles 0 hard 0 soft 1 temp 1 loss 4.02 i_con 4.41 plddt 0.23 ptm 0.86 i_ptm 0.18 energy -4.71
77 models [3] recycles 0 hard 0 soft 1 temp 1 loss 3.52 i_con 3.91 plddt 0.30 ptm 0.86 i_ptm 0.38 energy -4.56
78 models [3] recycles 0 hard 0 soft 1 temp 1 loss 3.36 i_con 3.77 plddt 0.33 ptm 0.85 i_ptm 0.44 energy -4.78
79 models [0] recycles 0 hard 0 soft 1 temp 1 loss 3.55 i_con 4.00 plddt 0.34 ptm 0.85 i_ptm 0.38 energy -5.08
80 models [4] recycles 0 hard 0 soft 1 temp 1 loss 3.42 i_con 3.87 plddt 0.34 ptm 0.88 i_ptm 0.40 energy -5.15
81 models [1] recycles 0 hard 0 soft 1 temp 1 loss 3.78 i_con 4.23 plddt 0.27 ptm 0.86 i_ptm 0.27 energy -5.27
82 models [3] recycles 0 hard 0 soft 1 temp 1 loss 5.05 i_con 5.49 plddt 0.31 ptm 0.85 i_ptm 0.21 energy -5.16
83 models [3] recycles 0 hard 0 soft 1 temp 1 loss 3.25 i_con 3.69 plddt 0.39 ptm 0.86 i_ptm 0.49 energy -5.04
84 models [2] recycles 0 hard 0 soft 1 temp 1 loss 3.62 i_con 4.10 plddt 0.33 ptm 0.86 i_ptm 0.33 energy -5.44
85 models [3] recycles 0 hard 0 soft 1 temp 1 loss 3.32 i_con 3.77 plddt 0.33 ptm 0.86 i_ptm 0.45 energy -5.21
86 models [1] recycles 0 hard 0 soft 1 temp 1 loss 3.51 i_con 3.98 plddt 0.28 ptm 0.87 i_ptm 0.35 energy -5.34
87 models [2] recycles 0 hard 0 soft 1 temp 1 loss 3.22 i_con 3.70 plddt 0.37 ptm 0.87 i_ptm 0.49 energy -5.45
88 models [4] recycles 0 hard 0 soft 1 temp 1 loss 3.50 i_con 3.98 plddt 0.28 ptm 0.87 i_ptm 0.34 energy -5.54
89 models [0] recycles 0 hard 0 soft 1 temp 1 loss 3.51 i_con 4.00 plddt 0.32 ptm 0.85 i_ptm 0.35 energy -5.60
90 models [0] recycles 0 hard 0 soft 1 temp 1 loss 3.45 i_con 3.96 plddt 0.34 ptm 0.85 i_ptm 0.40 energy -5.85
91 models [2] recycles 0 hard 0 soft 1 temp 1 loss 3.39 i_con 3.91 plddt 0.31 ptm 0.86 i_ptm 0.39 energy -5.86
92 models [3] recycles 0 hard 0 soft 1 temp 1 loss 3.45 i_con 3.94 plddt 0.29 ptm 0.85 i_ptm 0.36 energy -5.69
93 models [3] recycles 0 hard 0 soft 1 temp 1 loss 3.29 i_con 3.79 plddt 0.32 ptm 0.86 i_ptm 0.46 energy -5.66
94 models [1] recycles 0 hard 0 soft 1 temp 1 loss 4.11 i_con 4.62 plddt 0.22 ptm 0.85 i_ptm 0.14 energy -5.87
95 models [3] recycles 0 hard 0 soft 1 temp 1 loss 3.16 i_con 3.69 plddt 0.35 ptm 0.87 i_ptm 0.49 energy -5.89
96 models [2] recycles 0 hard 0 soft 1 temp 1 loss 3.31 i_con 3.84 plddt 0.32 ptm 0.87 i_ptm 0.42 energy -5.96
97 models [0] recycles 0 hard 0 soft 1 temp 1 loss 3.30 i_con 3.85 plddt 0.38 ptm 0.86 i_ptm 0.44 energy -6.18
98 models [0] recycles 0 hard 0 soft 1 temp 1 loss 3.44 i_con 3.98 plddt 0.35 ptm 0.84 i_ptm 0.40 energy -6.09
99 models [3] recycles 0 hard 0 soft 1 temp 1 loss 3.28 i_con 3.85 plddt 0.32 ptm 0.86 i_ptm 0.40 energy -6.32
100 models [0] recycles 0 hard 0 soft 1 temp 1 loss 3.36 i_con 3.94 plddt 0.33 ptm 0.85 i_ptm 0.41 energy -6.49
101 models [0] recycles 0 hard 0 soft 0 temp 1 loss -9.30 i_con 5.66 plddt 0.27 ptm 0.84 i_ptm 0.20 energy -30.08
102 models [3] recycles 0 hard 0 soft 0 temp 0.98 loss -10.76 i_con 4.98 plddt 0.24 ptm 0.85 i_ptm 0.18 energy -31.63
103 models [0] recycles 0 hard 0 soft 0 temp 0.96 loss -10.73 i_con 5.90 plddt 0.31 ptm 0.84 i_ptm 0.32 energy -33.40
104 models [4] recycles 0 hard 0 soft 0 temp 0.94 loss -12.23 i_con 5.30 plddt 0.23 ptm 0.86 i_ptm 0.16 energy -35.22
105 models [2] recycles 0 hard 0 soft 0 temp 0.92 loss -13.28 i_con 5.11 plddt 0.25 ptm 0.84 i_ptm 0.14 energy -36.93
106 models [0] recycles 0 hard 0 soft 0 temp 0.90 loss -14.47 i_con 4.71 plddt 0.24 ptm 0.83 i_ptm 0.20 energy -38.51
107 models [3] recycles 0 hard 0 soft 0 temp 0.88 loss -15.10 i_con 5.26 plddt 0.23 ptm 0.84 i_ptm 0.18 energy -40.87
108 models [3] recycles 0 hard 0 soft 0 temp 0.86 loss -16.92 i_con 4.12 plddt 0.27 ptm 0.85 i_ptm 0.29 energy -42.23
109 models [2] recycles 0 hard 0 soft 0 temp 0.84 loss -17.99 i_con 4.14 plddt 0.28 ptm 0.86 i_ptm 0.34 energy -44.41
110 models [0] recycles 0 hard 0 soft 0 temp 0.82 loss -18.18 i_con 5.12 plddt 0.23 ptm 0.83 i_ptm 0.13 energy -46.75
111 models [1] recycles 0 hard 0 soft 0 temp 0.80 loss -17.72 i_con 6.35 plddt 0.24 ptm 0.85 i_ptm 0.14 energy -48.28
112 models [4] recycles 0 hard 0 soft 0 temp 0.78 loss -20.53 i_con 4.59 plddt 0.22 ptm 0.87 i_ptm 0.16 energy -50.40
113 models [4] recycles 0 hard 0 soft 0 temp 0.76 loss -21.64 i_con 4.09 plddt 0.26 ptm 0.87 i_ptm 0.31 energy -51.60
114 models [3] recycles 0 hard 0 soft 0 temp 0.74 loss -21.34 i_con 5.50 plddt 0.25 ptm 0.84 i_ptm 0.17 energy -53.84
115 models [4] recycles 0 hard 0 soft 0 temp 0.72 loss -22.08 i_con 5.56 plddt 0.25 ptm 0.87 i_ptm 0.24 energy -55.43
116 models [1] recycles 0 hard 0 soft 0 temp 0.70 loss -22.72 i_con 5.88 plddt 0.24 ptm 0.85 i_ptm 0.14 energy -57.36
117 models [1] recycles 0 hard 0 soft 0 temp 0.68 loss -23.80 i_con 5.71 plddt 0.25 ptm 0.85 i_ptm 0.13 energy -59.17
118 models [0] recycles 0 hard 0 soft 0 temp 0.66 loss -25.58 i_con 4.90 plddt 0.23 ptm 0.83 i_ptm 0.14 energy -61.10
119 models [4] recycles 0 hard 0 soft 0 temp 0.64 loss -25.77 i_con 5.64 plddt 0.23 ptm 0.87 i_ptm 0.14 energy -62.97
120 models [4] recycles 0 hard 0 soft 0 temp 0.62 loss -27.38 i_con 4.82 plddt 0.20 ptm 0.87 i_ptm 0.14 energy -64.57
121 models [0] recycles 0 hard 0 soft 0 temp 0.60 loss -27.96 i_con 4.72 plddt 0.22 ptm 0.83 i_ptm 0.13 energy -65.51
122 models [1] recycles 0 hard 0 soft 0 temp 0.58 loss -28.99 i_con 4.64 plddt 0.22 ptm 0.14 i_ptm 0.11 energy -67.42
123 models [1] recycles 0 hard 0 soft 0 temp 0.56 loss -28.10 i_con 5.82 plddt 0.25 ptm 0.86 i_ptm 0.15 energy -67.98
124 models [3] recycles 0 hard 0 soft 0 temp 0.54 loss -29.33 i_con 5.61 plddt 0.24 ptm 0.84 i_ptm 0.15 energy -70.04
125 models [2] recycles 0 hard 0 soft 0 temp 0.52 loss -30.33 i_con 5.46 plddt 0.23 ptm 0.85 i_ptm 0.13 energy -71.74
126 models [0] recycles 0 hard 0 soft 0 temp 0.50 loss -31.61 i_con 4.99 plddt 0.23 ptm 0.83 i_ptm 0.11 energy -73.37
127 models [3] recycles 0 hard 0 soft 0 temp 0.48 loss -32.02 i_con 5.49 plddt 0.22 ptm 0.84 i_ptm 0.14 energy -75.16
128 models [4] recycles 0 hard 0 soft 0 temp 0.46 loss -33.45 i_con 5.07 plddt 0.20 ptm 0.87 i_ptm 0.15 energy -77.19
129 models [4] recycles 0 hard 0 soft 0 temp 0.44 loss -33.97 i_con 5.38 plddt 0.19 ptm 0.87 i_ptm 0.15 energy -78.86
130 models [1] recycles 0 hard 0 soft 0 temp 0.42 loss -34.03 i_con 5.81 plddt 0.24 ptm 0.86 i_ptm 0.12 energy -79.84
131 models [0] recycles 0 hard 0 soft 0 temp 0.40 loss -35.76 i_con 4.81 plddt 0.23 ptm 0.84 i_ptm 0.12 energy -81.29
132 models [3] recycles 0 hard 0 soft 0 temp 0.38 loss -35.66 i_con 5.91 plddt 0.24 ptm 0.83 i_ptm 0.18 energy -83.31
133 models [4] recycles 0 hard 0 soft 0 temp 0.36 loss -36.95 i_con 5.55 plddt 0.18 ptm 0.87 i_ptm 0.12 energy -85.17
134 models [1] recycles 0 hard 0 soft 0 temp 0.34 loss -37.67 i_con 5.85 plddt 0.26 ptm 0.86 i_ptm 0.16 energy -87.20
135 models [4] recycles 0 hard 0 soft 0 temp 0.32 loss -39.50 i_con 4.96 plddt 0.22 ptm 0.87 i_ptm 0.19 energy -89.08
136 models [1] recycles 0 hard 0 soft 0 temp 0.30 loss -39.26 i_con 5.82 plddt 0.22 ptm 0.85 i_ptm 0.10 energy -90.32
137 models [3] recycles 0 hard 0 soft 0 temp 0.28 loss -40.13 i_con 5.91 plddt 0.23 ptm 0.84 i_ptm 0.20 energy -92.22
138 models [2] recycles 0 hard 0 soft 0 temp 0.26 loss -41.62 i_con 5.34 plddt 0.23 ptm 0.86 i_ptm 0.15 energy -94.08
139 models [0] recycles 0 hard 0 soft 0 temp 0.24 loss -42.43 i_con 5.21 plddt 0.19 ptm 0.83 i_ptm 0.09 energy -95.43
140 models [4] recycles 0 hard 0 soft 0 temp 0.22 loss -43.17 i_con 5.23 plddt 0.19 ptm 0.87 i_ptm 0.15 energy -96.96
141 models [3] recycles 0 hard 0 soft 0 temp 0.20 loss -43.35 i_con 5.65 plddt 0.23 ptm 0.84 i_ptm 0.14 energy -98.16
142 models [1] recycles 0 hard 0 soft 0 temp 0.18 loss -43.97 i_con 5.91 plddt 0.20 ptm 0.85 i_ptm 0.11 energy -99.92
143 models [4] recycles 0 hard 0 soft 0 temp 0.16 loss -45.58 i_con 5.37 plddt 0.20 ptm 0.87 i_ptm 0.15 energy -102.06
144 models [3] recycles 0 hard 0 soft 0 temp 0.14 loss -45.88 i_con 5.61 plddt 0.20 ptm 0.84 i_ptm 0.15 energy -103.15
145 models [2] recycles 0 hard 0 soft 0 temp 0.12 loss -46.35 i_con 5.93 plddt 0.21 ptm 0.85 i_ptm 0.14 energy -104.73
146 models [4] recycles 0 hard 0 soft 0 temp 0.10 loss -46.81 i_con 6.34 plddt 0.20 ptm 0.87 i_ptm 0.11 energy -106.46
147 models [1] recycles 0 hard 0 soft 0 temp 0.08 loss -48.02 i_con 5.78 plddt 0.25 ptm 0.86 i_ptm 0.10 energy -107.75
148 models [4] recycles 0 hard 0 soft 0 temp 0.06 loss -48.27 i_con 6.21 plddt 0.18 ptm 0.87 i_ptm 0.12 energy -109.13
149 models [4] recycles 0 hard 0 soft 0 temp 0.04 loss -49.46 i_con 5.92 plddt 0.19 ptm 0.87 i_ptm 0.11 energy -110.93
150 models [4] recycles 0 hard 0 soft 0 temp 0.02 loss -50.62 i_con 5.67 plddt 0.18 ptm 0.87 i_ptm 0.12 energy -112.74
151 models [3] recycles 0 hard 1 soft 0 temp 0.00 loss -3.37 i_con 4.52 plddt 0.30 ptm 0.85 i_ptm 0.33 energy -8.85
152 models [4] recycles 0 hard 1 soft 0 temp 0.00 loss -3.36 i_con 4.52 plddt 0.25 ptm 0.87 i_ptm 0.28 energy -8.85
153 models [4] recycles 0 hard 1 soft 0 temp 0.00 loss -3.36 i_con 4.52 plddt 0.25 ptm 0.87 i_ptm 0.28 energy -8.85
154 models [3] recycles 0 hard 1 soft 0 temp 0.00 loss -3.37 i_con 4.52 plddt 0.30 ptm 0.85 i_ptm 0.33 energy -8.85
155 models [1] recycles 0 hard 1 soft 0 temp 0.00 loss -1.86 i_con 6.03 plddt 0.26 ptm 0.86 i_ptm 0.25 energy -8.85
156 models [3] recycles 0 hard 1 soft 0 temp 0.00 loss -3.37 i_con 4.52 plddt 0.30 ptm 0.85 i_ptm 0.33 energy -8.85
157 models [3] recycles 0 hard 1 soft 0 temp 0.00 loss -3.37 i_con 4.52 plddt 0.30 ptm 0.85 i_ptm 0.33 energy -8.85
158 models [2] recycles 0 hard 1 soft 0 temp 0.00 loss -2.07 i_con 5.81 plddt 0.26 ptm 0.85 i_ptm 0.21 energy -8.85
159 models [1] recycles 0 hard 1 soft 0 temp 0.00 loss -1.86 i_con 6.03 plddt 0.26 ptm 0.86 i_ptm 0.25 energy -8.85
160 models [4] recycles 0 hard 1 soft 0 temp 0.00 loss -3.36 i_con 4.52 plddt 0.25 ptm 0.87 i_ptm 0.28 energy -8.85
161 models [2] recycles 0 hard 1 soft 0 temp 0.00 loss -2.07 i_con 5.81 plddt 0.26 ptm 0.85 i_ptm 0.21 energy -8.85
162 models [1] recycles 0 hard 1 soft 0 temp 0.00 loss -1.86 i_con 6.03 plddt 0.26 ptm 0.86 i_ptm 0.25 energy -8.85
163 models [1] recycles 0 hard 1 soft 0 temp 0.00 loss -1.86 i_con 6.03 plddt 0.26 ptm 0.86 i_ptm 0.25 energy -8.85
164 models [1] recycles 0 hard 1 soft 0 temp 0.00 loss -1.86 i_con 6.03 plddt 0.26 ptm 0.86 i_ptm 0.25 energy -8.85
165 models [2] recycles 0 hard 1 soft 0 temp 0.00 loss -2.07 i_con 5.81 plddt 0.26 ptm 0.85 i_ptm 0.21 energy -8.85
166 models [4] recycles 0 hard 1 soft 0 temp 0.00 loss -3.36 i_con 4.52 plddt 0.25 ptm 0.87 i_ptm 0.28 energy -8.85
167 models [1] recycles 0 hard 1 soft 0 temp 0.00 loss -1.86 i_con 6.03 plddt 0.26 ptm 0.86 i_ptm 0.25 energy -8.85
168 models [1] recycles 0 hard 1 soft 0 temp 0.00 loss -1.86 i_con 6.03 plddt 0.26 ptm 0.86 i_ptm 0.25 energy -8.85
169 models [0] recycles 0 hard 1 soft 0 temp 0.00 loss -2.72 i_con 5.16 plddt 0.26 ptm 0.83 i_ptm 0.26 energy -8.85
170 models [3] recycles 0 hard 1 soft 0 temp 0.00 loss -3.37 i_con 4.52 plddt 0.30 ptm 0.85 i_ptm 0.33 energy -8.85
171 models [0] recycles 0 hard 1 soft 0 temp 0.00 loss -2.72 i_con 5.16 plddt 0.26 ptm 0.83 i_ptm 0.26 energy -8.85
172 models [0] recycles 0 hard 1 soft 0 temp 0.00 loss -2.72 i_con 5.16 plddt 0.26 ptm 0.83 i_ptm 0.26 energy -8.85
173 models [0] recycles 0 hard 1 soft 0 temp 0.00 loss -2.72 i_con 5.16 plddt 0.26 ptm 0.83 i_ptm 0.26 energy -8.85
174 models [2] recycles 0 hard 1 soft 0 temp 0.00 loss -2.07 i_con 5.81 plddt 0.26 ptm 0.85 i_ptm 0.21 energy -8.85
175 models [2] recycles 0 hard 1 soft 0 temp 0.00 loss -2.07 i_con 5.81 plddt 0.26 ptm 0.85 i_ptm 0.21 energy -8.85
176 models [2] recycles 0 hard 1 soft 0 temp 0.00 loss -2.07 i_con 5.81 plddt 0.26 ptm 0.85 i_ptm 0.21 energy -8.85
177 models [2] recycles 0 hard 1 soft 0 temp 0.00 loss -2.07 i_con 5.81 plddt 0.26 ptm 0.85 i_ptm 0.21 energy -8.85
178 models [2] recycles 0 hard 1 soft 0 temp 0.00 loss -2.07 i_con 5.81 plddt 0.26 ptm 0.85 i_ptm 0.21 energy -8.85
179 models [1] recycles 0 hard 1 soft 0 temp 0.00 loss -1.86 i_con 6.03 plddt 0.26 ptm 0.86 i_ptm 0.25 energy -8.85
180 models [2] recycles 0 hard 1 soft 0 temp 0.00 loss -2.07 i_con 5.81 plddt 0.26 ptm 0.85 i_ptm 0.21 energy -8.85
  seq=AIIWLCWQSNYYRFA  loss=-2.0746  loss_af=5.8860  energy=-8.8451  i_ptm=0.2135
[28/30] seed=27 ...
1 models [1] recycles 0 hard 0 soft 1 temp 1 loss 4.87 i_con 4.42 plddt 0.21 ptm 0.85 i_ptm 0.19 energy 7.39
2 models [4] recycles 0 hard 0 soft 1 temp 1 loss 4.50 i_con 4.06 plddt 0.26 ptm 0.88 i_ptm 0.34 energy 7.33
3 models [0] recycles 0 hard 0 soft 1 temp 1 loss 4.82 i_con 4.39 plddt 0.24 ptm 0.84 i_ptm 0.20 energy 7.02
4 models [0] recycles 0 hard 0 soft 1 temp 1 loss 4.63 i_con 4.23 plddt 0.27 ptm 0.84 i_ptm 0.25 energy 6.64
5 models [4] recycles 0 hard 0 soft 1 temp 1 loss 4.37 i_con 3.99 plddt 0.32 ptm 0.88 i_ptm 0.37 energy 6.22
6 models [1] recycles 0 hard 0 soft 1 temp 1 loss 4.58 i_con 4.23 plddt 0.24 ptm 0.86 i_ptm 0.21 energy 5.63
7 models [3] recycles 0 hard 0 soft 1 temp 1 loss 4.07 i_con 3.74 plddt 0.34 ptm 0.86 i_ptm 0.47 energy 5.26
8 models [0] recycles 0 hard 0 soft 1 temp 1 loss 4.30 i_con 4.00 plddt 0.28 ptm 0.85 i_ptm 0.39 energy 4.63
9 models [2] recycles 0 hard 0 soft 1 temp 1 loss 4.06 i_con 3.80 plddt 0.36 ptm 0.87 i_ptm 0.46 energy 4.01
10 models [4] recycles 0 hard 0 soft 1 temp 1 loss 4.03 i_con 3.79 plddt 0.36 ptm 0.89 i_ptm 0.47 energy 3.53
11 models [3] recycles 0 hard 0 soft 1 temp 1 loss 4.00 i_con 3.78 plddt 0.33 ptm 0.86 i_ptm 0.43 energy 3.00
12 models [4] recycles 0 hard 0 soft 1 temp 1 loss 3.97 i_con 3.77 plddt 0.36 ptm 0.89 i_ptm 0.48 energy 2.66
13 models [4] recycles 0 hard 0 soft 1 temp 1 loss 3.95 i_con 3.77 plddt 0.36 ptm 0.88 i_ptm 0.49 energy 2.36
14 models [0] recycles 0 hard 0 soft 1 temp 1 loss 4.29 i_con 4.11 plddt 0.26 ptm 0.84 i_ptm 0.30 energy 2.15
15 models [2] recycles 0 hard 0 soft 1 temp 1 loss 3.91 i_con 3.74 plddt 0.34 ptm 0.86 i_ptm 0.46 energy 1.95
16 models [0] recycles 0 hard 0 soft 1 temp 1 loss 4.08 i_con 3.93 plddt 0.31 ptm 0.84 i_ptm 0.37 energy 1.57
17 models [1] recycles 0 hard 0 soft 1 temp 1 loss 4.34 i_con 4.20 plddt 0.26 ptm 0.86 i_ptm 0.24 energy 1.38
18 models [1] recycles 0 hard 0 soft 1 temp 1 loss 4.16 i_con 4.02 plddt 0.27 ptm 0.87 i_ptm 0.32 energy 1.30
19 models [4] recycles 0 hard 0 soft 1 temp 1 loss 3.78 i_con 3.67 plddt 0.37 ptm 0.89 i_ptm 0.53 energy 1.03
20 models [0] recycles 0 hard 0 soft 1 temp 1 loss 3.99 i_con 3.89 plddt 0.33 ptm 0.84 i_ptm 0.38 energy 0.63
21 models [0] recycles 0 hard 0 soft 1 temp 1 loss 4.08 i_con 3.99 plddt 0.33 ptm 0.84 i_ptm 0.37 energy 0.40
22 models [2] recycles 0 hard 0 soft 1 temp 1 loss 3.78 i_con 3.72 plddt 0.40 ptm 0.87 i_ptm 0.52 energy 0.14
23 models [4] recycles 0 hard 0 soft 1 temp 1 loss 3.71 i_con 3.67 plddt 0.35 ptm 0.88 i_ptm 0.52 energy -0.36
24 models [1] recycles 0 hard 0 soft 1 temp 1 loss 4.03 i_con 4.01 plddt 0.29 ptm 0.87 i_ptm 0.33 energy -0.91
25 models [0] recycles 0 hard 0 soft 1 temp 1 loss 3.84 i_con 3.82 plddt 0.37 ptm 0.85 i_ptm 0.45 energy -0.97
26 models [1] recycles 0 hard 0 soft 1 temp 1 loss 4.03 i_con 4.02 plddt 0.26 ptm 0.86 i_ptm 0.33 energy -1.38
27 models [1] recycles 0 hard 0 soft 1 temp 1 loss 4.09 i_con 4.10 plddt 0.27 ptm 0.86 i_ptm 0.28 energy -1.68
28 models [2] recycles 0 hard 0 soft 1 temp 1 loss 3.64 i_con 3.67 plddt 0.37 ptm 0.87 i_ptm 0.51 energy -1.96
29 models [3] recycles 0 hard 0 soft 1 temp 1 loss 3.67 i_con 3.72 plddt 0.35 ptm 0.87 i_ptm 0.46 energy -2.32
30 models [2] recycles 0 hard 0 soft 1 temp 1 loss 3.64 i_con 3.70 plddt 0.40 ptm 0.87 i_ptm 0.51 energy -2.50
31 models [3] recycles 0 hard 0 soft 1 temp 1 loss 3.64 i_con 3.72 plddt 0.35 ptm 0.86 i_ptm 0.44 energy -2.80
32 models [4] recycles 0 hard 0 soft 1 temp 1 loss 3.63 i_con 3.71 plddt 0.33 ptm 0.88 i_ptm 0.48 energy -2.88
33 models [4] recycles 0 hard 0 soft 1 temp 1 loss 3.64 i_con 3.73 plddt 0.40 ptm 0.89 i_ptm 0.48 energy -2.99
34 models [3] recycles 0 hard 0 soft 1 temp 1 loss 3.56 i_con 3.65 plddt 0.36 ptm 0.87 i_ptm 0.48 energy -3.08
35 models [1] recycles 0 hard 0 soft 1 temp 1 loss 3.76 i_con 3.85 plddt 0.30 ptm 0.87 i_ptm 0.40 energy -3.16
36 models [2] recycles 0 hard 0 soft 1 temp 1 loss 3.56 i_con 3.66 plddt 0.41 ptm 0.87 i_ptm 0.52 energy -3.18
37 models [2] recycles 0 hard 0 soft 1 temp 1 loss 3.54 i_con 3.64 plddt 0.41 ptm 0.88 i_ptm 0.54 energy -3.19
38 models [0] recycles 0 hard 0 soft 1 temp 1 loss 3.88 i_con 3.97 plddt 0.33 ptm 0.85 i_ptm 0.36 energy -3.21
39 models [1] recycles 0 hard 0 soft 1 temp 1 loss 4.14 i_con 4.23 plddt 0.26 ptm 0.86 i_ptm 0.26 energy -3.25
40 models [3] recycles 0 hard 0 soft 1 temp 1 loss 3.64 i_con 3.73 plddt 0.35 ptm 0.86 i_ptm 0.44 energy -3.13
41 models [1] recycles 0 hard 0 soft 1 temp 1 loss 3.83 i_con 3.92 plddt 0.29 ptm 0.87 i_ptm 0.38 energy -3.24
42 models [1] recycles 0 hard 0 soft 1 temp 1 loss 3.93 i_con 4.02 plddt 0.29 ptm 0.86 i_ptm 0.32 energy -3.23
43 models [1] recycles 0 hard 0 soft 1 temp 1 loss 3.90 i_con 3.99 plddt 0.27 ptm 0.87 i_ptm 0.33 energy -3.20
44 models [3] recycles 0 hard 0 soft 1 temp 1 loss 3.57 i_con 3.66 plddt 0.36 ptm 0.86 i_ptm 0.46 energy -3.23
45 models [1] recycles 0 hard 0 soft 1 temp 1 loss 3.75 i_con 3.85 plddt 0.32 ptm 0.87 i_ptm 0.41 energy -3.31
46 models [3] recycles 0 hard 0 soft 1 temp 1 loss 3.63 i_con 3.73 plddt 0.35 ptm 0.86 i_ptm 0.45 energy -3.27
47 models [3] recycles 0 hard 0 soft 1 temp 1 loss 3.61 i_con 3.71 plddt 0.36 ptm 0.86 i_ptm 0.46 energy -3.31
48 models [0] recycles 0 hard 0 soft 1 temp 1 loss 3.83 i_con 3.93 plddt 0.33 ptm 0.85 i_ptm 0.40 energy -3.41
49 models [4] recycles 0 hard 0 soft 1 temp 1 loss 3.58 i_con 3.69 plddt 0.36 ptm 0.88 i_ptm 0.50 energy -3.42
50 models [2] recycles 0 hard 0 soft 1 temp 1 loss 3.61 i_con 3.72 plddt 0.38 ptm 0.87 i_ptm 0.48 energy -3.44
51 models [1] recycles 0 hard 0 soft 1 temp 1 loss 3.72 i_con 4.00 plddt 0.30 ptm 0.87 i_ptm 0.34 energy -3.52
52 models [0] recycles 0 hard 0 soft 1 temp 1 loss 3.72 i_con 4.01 plddt 0.34 ptm 0.84 i_ptm 0.36 energy -3.55
53 models [4] recycles 0 hard 0 soft 1 temp 1 loss 3.44 i_con 3.74 plddt 0.35 ptm 0.88 i_ptm 0.47 energy -3.56
54 models [2] recycles 0 hard 0 soft 1 temp 1 loss 3.45 i_con 3.75 plddt 0.36 ptm 0.87 i_ptm 0.48 energy -3.60
55 models [4] recycles 0 hard 0 soft 1 temp 1 loss 3.38 i_con 3.68 plddt 0.37 ptm 0.88 i_ptm 0.49 energy -3.64
56 models [1] recycles 0 hard 0 soft 1 temp 1 loss 3.63 i_con 3.93 plddt 0.32 ptm 0.87 i_ptm 0.38 energy -3.71
57 models [4] recycles 0 hard 0 soft 1 temp 1 loss 3.38 i_con 3.69 plddt 0.38 ptm 0.88 i_ptm 0.50 energy -3.71
58 models [2] recycles 0 hard 0 soft 1 temp 1 loss 3.39 i_con 3.71 plddt 0.40 ptm 0.87 i_ptm 0.50 energy -3.78
59 models [1] recycles 0 hard 0 soft 1 temp 1 loss 3.70 i_con 4.01 plddt 0.28 ptm 0.86 i_ptm 0.32 energy -3.80
60 models [1] recycles 0 hard 0 soft 1 temp 1 loss 3.73 i_con 4.04 plddt 0.30 ptm 0.86 i_ptm 0.31 energy -3.85
61 models [1] recycles 0 hard 0 soft 1 temp 1 loss 3.58 i_con 3.90 plddt 0.31 ptm 0.87 i_ptm 0.37 energy -3.83
62 models [0] recycles 0 hard 0 soft 1 temp 1 loss 3.61 i_con 3.93 plddt 0.35 ptm 0.84 i_ptm 0.38 energy -3.81
63 models [1] recycles 0 hard 0 soft 1 temp 1 loss 3.82 i_con 4.14 plddt 0.30 ptm 0.86 i_ptm 0.27 energy -3.93
64 models [0] recycles 0 hard 0 soft 1 temp 1 loss 3.55 i_con 3.89 plddt 0.35 ptm 0.85 i_ptm 0.41 energy -3.97
65 models [0] recycles 0 hard 0 soft 1 temp 1 loss 3.53 i_con 3.87 plddt 0.34 ptm 0.84 i_ptm 0.40 energy -4.06
66 models [0] recycles 0 hard 0 soft 1 temp 1 loss 3.49 i_con 3.85 plddt 0.38 ptm 0.85 i_ptm 0.43 energy -4.14
67 models [0] recycles 0 hard 0 soft 1 temp 1 loss 3.56 i_con 3.91 plddt 0.35 ptm 0.84 i_ptm 0.38 energy -4.17
68 models [2] recycles 0 hard 0 soft 1 temp 1 loss 3.39 i_con 3.74 plddt 0.37 ptm 0.86 i_ptm 0.46 energy -4.17
69 models [1] recycles 0 hard 0 soft 1 temp 1 loss 4.62 i_con 4.98 plddt 0.28 ptm 0.85 i_ptm 0.16 energy -4.28
70 models [4] recycles 0 hard 0 soft 1 temp 1 loss 3.38 i_con 3.74 plddt 0.36 ptm 0.89 i_ptm 0.48 energy -4.29
71 models [3] recycles 0 hard 0 soft 1 temp 1 loss 3.41 i_con 3.78 plddt 0.35 ptm 0.85 i_ptm 0.45 energy -4.38
72 models [4] recycles 0 hard 0 soft 1 temp 1 loss 3.33 i_con 3.71 plddt 0.38 ptm 0.87 i_ptm 0.46 energy -4.43
73 models [0] recycles 0 hard 0 soft 1 temp 1 loss 3.50 i_con 3.89 plddt 0.38 ptm 0.85 i_ptm 0.43 energy -4.47
74 models [1] recycles 0 hard 0 soft 1 temp 1 loss 4.83 i_con 5.21 plddt 0.28 ptm 0.86 i_ptm 0.13 energy -4.48
75 models [3] recycles 0 hard 0 soft 1 temp 1 loss 3.36 i_con 3.74 plddt 0.36 ptm 0.86 i_ptm 0.46 energy -4.38
76 models [0] recycles 0 hard 0 soft 1 temp 1 loss 3.49 i_con 3.88 plddt 0.39 ptm 0.84 i_ptm 0.43 energy -4.53
77 models [3] recycles 0 hard 0 soft 1 temp 1 loss 3.41 i_con 3.79 plddt 0.36 ptm 0.86 i_ptm 0.44 energy -4.45
78 models [2] recycles 0 hard 0 soft 1 temp 1 loss 3.34 i_con 3.74 plddt 0.40 ptm 0.86 i_ptm 0.47 energy -4.55
79 models [1] recycles 0 hard 0 soft 1 temp 1 loss 3.58 i_con 3.97 plddt 0.31 ptm 0.86 i_ptm 0.34 energy -4.56
80 models [4] recycles 0 hard 0 soft 1 temp 1 loss 3.27 i_con 3.67 plddt 0.38 ptm 0.89 i_ptm 0.52 energy -4.65
81 models [3] recycles 0 hard 0 soft 1 temp 1 loss 3.27 i_con 3.69 plddt 0.38 ptm 0.87 i_ptm 0.48 energy -4.77
82 models [0] recycles 0 hard 0 soft 1 temp 1 loss 3.50 i_con 3.93 plddt 0.38 ptm 0.85 i_ptm 0.40 energy -4.86
83 models [2] recycles 0 hard 0 soft 1 temp 1 loss 3.35 i_con 3.79 plddt 0.40 ptm 0.87 i_ptm 0.49 energy -4.94
84 models [2] recycles 0 hard 0 soft 1 temp 1 loss 3.34 i_con 3.77 plddt 0.38 ptm 0.86 i_ptm 0.47 energy -4.94
85 models [1] recycles 0 hard 0 soft 1 temp 1 loss 3.61 i_con 4.03 plddt 0.31 ptm 0.87 i_ptm 0.34 energy -4.92
86 models [4] recycles 0 hard 0 soft 1 temp 1 loss 3.41 i_con 3.84 plddt 0.34 ptm 0.88 i_ptm 0.43 energy -4.97
87 models [4] recycles 0 hard 0 soft 1 temp 1 loss 3.26 i_con 3.69 plddt 0.37 ptm 0.89 i_ptm 0.47 energy -4.95
88 models [0] recycles 0 hard 0 soft 1 temp 1 loss 3.52 i_con 3.96 plddt 0.32 ptm 0.85 i_ptm 0.34 energy -5.02
89 models [4] recycles 0 hard 0 soft 1 temp 1 loss 3.23 i_con 3.67 plddt 0.40 ptm 0.88 i_ptm 0.50 energy -5.02
90 models [3] recycles 0 hard 0 soft 1 temp 1 loss 3.39 i_con 3.84 plddt 0.36 ptm 0.86 i_ptm 0.42 energy -5.11
91 models [2] recycles 0 hard 0 soft 1 temp 1 loss 3.37 i_con 3.81 plddt 0.36 ptm 0.86 i_ptm 0.46 energy -5.05
92 models [4] recycles 0 hard 0 soft 1 temp 1 loss 3.23 i_con 3.67 plddt 0.37 ptm 0.89 i_ptm 0.50 energy -4.99
93 models [1] recycles 0 hard 0 soft 1 temp 1 loss 3.49 i_con 3.92 plddt 0.32 ptm 0.87 i_ptm 0.38 energy -4.99
94 models [3] recycles 0 hard 0 soft 1 temp 1 loss 3.26 i_con 3.70 plddt 0.36 ptm 0.85 i_ptm 0.47 energy -5.00
95 models [2] recycles 0 hard 0 soft 1 temp 1 loss 3.41 i_con 3.86 plddt 0.36 ptm 0.86 i_ptm 0.43 energy -5.14
96 models [0] recycles 0 hard 0 soft 1 temp 1 loss 3.44 i_con 3.89 plddt 0.32 ptm 0.84 i_ptm 0.37 energy -5.17
97 models [1] recycles 0 hard 0 soft 1 temp 1 loss 3.58 i_con 4.04 plddt 0.30 ptm 0.86 i_ptm 0.32 energy -5.29
98 models [0] recycles 0 hard 0 soft 1 temp 1 loss 3.37 i_con 3.82 plddt 0.37 ptm 0.84 i_ptm 0.41 energy -5.14
99 models [4] recycles 0 hard 0 soft 1 temp 1 loss 3.23 i_con 3.70 plddt 0.36 ptm 0.88 i_ptm 0.47 energy -5.28
100 models [2] recycles 0 hard 0 soft 1 temp 1 loss 3.38 i_con 3.86 plddt 0.39 ptm 0.86 i_ptm 0.45 energy -5.33
101 models [1] recycles 0 hard 0 soft 0 temp 1 loss -9.33 i_con 6.37 plddt 0.26 ptm 0.86 i_ptm 0.17 energy -31.55
102 models [4] recycles 0 hard 0 soft 0 temp 0.98 loss -11.81 i_con 4.28 plddt 0.14 ptm 0.23 i_ptm 0.44 energy -32.35
103 models [0] recycles 0 hard 0 soft 0 temp 0.96 loss -11.93 i_con 4.35 plddt 0.26 ptm 0.83 i_ptm 0.23 energy -32.70
104 models [2] recycles 0 hard 0 soft 0 temp 0.94 loss -11.62 i_con 5.52 plddt 0.25 ptm 0.85 i_ptm 0.15 energy -34.44
105 models [2] recycles 0 hard 0 soft 0 temp 0.92 loss -12.86 i_con 4.70 plddt 0.16 ptm 0.13 i_ptm 0.16 energy -35.28
106 models [2] recycles 0 hard 0 soft 0 temp 0.90 loss -13.94 i_con 3.60 plddt 0.15 ptm 0.50 i_ptm 0.48 energy -35.25
107 models [1] recycles 0 hard 0 soft 0 temp 0.88 loss -11.68 i_con 5.75 plddt 0.24 ptm 0.86 i_ptm 0.12 energy -35.02
108 models [3] recycles 0 hard 0 soft 0 temp 0.86 loss -14.01 i_con 4.34 plddt 0.24 ptm 0.83 i_ptm 0.18 energy -36.86
109 models [1] recycles 0 hard 0 soft 0 temp 0.84 loss -12.69 i_con 5.88 plddt 0.24 ptm 0.83 i_ptm 0.29 energy -37.30
110 models [2] recycles 0 hard 0 soft 0 temp 0.82 loss -13.11 i_con 5.55 plddt 0.25 ptm 0.86 i_ptm 0.17 energy -37.46
111 models [0] recycles 0 hard 0 soft 0 temp 0.80 loss -14.49 i_con 4.48 plddt 0.24 ptm 0.82 i_ptm 0.17 energy -38.09
112 models [1] recycles 0 hard 0 soft 0 temp 0.78 loss -14.03 i_con 5.14 plddt 0.21 ptm 0.18 i_ptm 0.07 energy -38.48
113 models [3] recycles 0 hard 0 soft 0 temp 0.76 loss -13.55 i_con 5.64 plddt 0.24 ptm 0.85 i_ptm 0.18 energy -38.54
114 models [0] recycles 0 hard 0 soft 0 temp 0.74 loss -14.50 i_con 4.88 plddt 0.23 ptm 0.83 i_ptm 0.10 energy -38.92
115 models [0] recycles 0 hard 0 soft 0 temp 0.72 loss -14.52 i_con 4.91 plddt 0.24 ptm 0.83 i_ptm 0.14 energy -39.00
116 models [1] recycles 0 hard 0 soft 0 temp 0.70 loss -13.88 i_con 6.23 plddt 0.27 ptm 0.86 i_ptm 0.12 energy -40.35
117 models [3] recycles 0 hard 0 soft 0 temp 0.68 loss -16.04 i_con 5.00 plddt 0.23 ptm 0.84 i_ptm 0.11 energy -42.24
118 models [0] recycles 0 hard 0 soft 0 temp 0.66 loss -15.69 i_con 5.50 plddt 0.25 ptm 0.83 i_ptm 0.16 energy -42.51
119 models [1] recycles 0 hard 0 soft 0 temp 0.64 loss -16.04 i_con 6.14 plddt 0.24 ptm 0.86 i_ptm 0.13 energy -44.50
120 models [2] recycles 0 hard 0 soft 0 temp 0.62 loss -17.20 i_con 5.97 plddt 0.26 ptm 0.86 i_ptm 0.18 energy -46.49
121 models [1] recycles 0 hard 0 soft 0 temp 0.60 loss -17.47 i_con 6.37 plddt 0.27 ptm 0.86 i_ptm 0.18 energy -47.82
122 models [4] recycles 0 hard 0 soft 0 temp 0.58 loss -19.15 i_con 5.69 plddt 0.21 ptm 0.88 i_ptm 0.12 energy -49.85
123 models [4] recycles 0 hard 0 soft 0 temp 0.56 loss -20.03 i_con 5.66 plddt 0.20 ptm 0.87 i_ptm 0.14 energy -51.55
124 models [2] recycles 0 hard 0 soft 0 temp 0.54 loss -22.30 i_con 4.22 plddt 0.24 ptm 0.86 i_ptm 0.28 energy -53.19
125 models [3] recycles 0 hard 0 soft 0 temp 0.52 loss -21.61 i_con 5.76 plddt 0.23 ptm 0.84 i_ptm 0.16 energy -54.90
126 models [3] recycles 0 hard 0 soft 0 temp 0.50 loss -22.65 i_con 5.64 plddt 0.21 ptm 0.85 i_ptm 0.15 energy -56.74
127 models [0] recycles 0 hard 0 soft 0 temp 0.48 loss -24.07 i_con 4.87 plddt 0.25 ptm 0.84 i_ptm 0.19 energy -58.03
128 models [3] recycles 0 hard 0 soft 0 temp 0.46 loss -24.23 i_con 5.70 plddt 0.23 ptm 0.85 i_ptm 0.17 energy -60.01
129 models [2] recycles 0 hard 0 soft 0 temp 0.44 loss -25.60 i_con 5.33 plddt 0.22 ptm 0.86 i_ptm 0.17 energy -62.01
130 models [3] recycles 0 hard 0 soft 0 temp 0.42 loss -27.18 i_con 4.48 plddt 0.22 ptm 0.84 i_ptm 0.14 energy -63.47
131 models [1] recycles 0 hard 0 soft 0 temp 0.40 loss -25.67 i_con 6.26 plddt 0.26 ptm 0.86 i_ptm 0.17 energy -64.00
132 models [1] recycles 0 hard 0 soft 0 temp 0.38 loss -26.36 i_con 6.39 plddt 0.26 ptm 0.86 i_ptm 0.16 energy -65.66
133 models [0] recycles 0 hard 0 soft 0 temp 0.36 loss -29.13 i_con 4.59 plddt 0.23 ptm 0.83 i_ptm 0.14 energy -67.60
134 models [0] recycles 0 hard 0 soft 0 temp 0.34 loss -29.81 i_con 4.76 plddt 0.25 ptm 0.83 i_ptm 0.18 energy -69.31
135 models [0] recycles 0 hard 0 soft 0 temp 0.32 loss -30.76 i_con 4.65 plddt 0.27 ptm 0.83 i_ptm 0.24 energy -70.96
136 models [0] recycles 0 hard 0 soft 0 temp 0.30 loss -31.64 i_con 4.87 plddt 0.25 ptm 0.83 i_ptm 0.11 energy -73.18
137 models [0] recycles 0 hard 0 soft 0 temp 0.28 loss -32.24 i_con 5.24 plddt 0.23 ptm 0.83 i_ptm 0.11 energy -75.12
138 models [2] recycles 0 hard 0 soft 0 temp 0.26 loss -32.98 i_con 5.35 plddt 0.23 ptm 0.85 i_ptm 0.13 energy -76.82
139 models [1] recycles 0 hard 0 soft 0 temp 0.24 loss -33.72 i_con 5.31 plddt 0.23 ptm 0.85 i_ptm 0.10 energy -78.21
140 models [4] recycles 0 hard 0 soft 0 temp 0.22 loss -32.96 i_con 6.15 plddt 0.21 ptm 0.87 i_ptm 0.11 energy -78.39
141 models [1] recycles 0 hard 0 soft 0 temp 0.20 loss -34.22 i_con 5.43 plddt 0.30 ptm 0.14 i_ptm 0.05 energy -79.45
142 models [2] recycles 0 hard 0 soft 0 temp 0.18 loss -34.64 i_con 5.16 plddt 0.22 ptm 0.85 i_ptm 0.15 energy -79.74
143 models [2] recycles 0 hard 0 soft 0 temp 0.16 loss -35.26 i_con 4.97 plddt 0.23 ptm 0.85 i_ptm 0.13 energy -80.63
144 models [0] recycles 0 hard 0 soft 0 temp 0.14 loss -36.14 i_con 4.31 plddt 0.23 ptm 0.83 i_ptm 0.21 energy -81.04
145 models [0] recycles 0 hard 0 soft 0 temp 0.12 loss -36.48 i_con 4.95 plddt 0.23 ptm 0.83 i_ptm 0.14 energy -83.01
146 models [2] recycles 0 hard 0 soft 0 temp 0.10 loss -36.70 i_con 5.59 plddt 0.24 ptm 0.83 i_ptm 0.08 energy -84.73
147 models [4] recycles 0 hard 0 soft 0 temp 0.08 loss -37.20 i_con 5.27 plddt 0.17 ptm 0.28 i_ptm 0.06 energy -85.11
148 models [0] recycles 0 hard 0 soft 0 temp 0.06 loss -37.23 i_con 5.44 plddt 0.24 ptm 0.83 i_ptm 0.12 energy -85.50
149 models [4] recycles 0 hard 0 soft 0 temp 0.04 loss -37.31 i_con 5.72 plddt 0.19 ptm 0.81 i_ptm 0.08 energy -86.20
150 models [4] recycles 0 hard 0 soft 0 temp 0.02 loss -37.28 i_con 5.97 plddt 0.24 ptm 0.87 i_ptm 0.13 energy -86.64
151 models [3] recycles 0 hard 1 soft 0 temp 0.00 loss -1.96 i_con 3.90 plddt 0.30 ptm 0.85 i_ptm 0.40 energy -6.59
152 models [1] recycles 0 hard 1 soft 0 temp 0.00 loss -0.91 i_con 4.95 plddt 0.26 ptm 0.85 i_ptm 0.19 energy -6.59
153 models [0] recycles 0 hard 1 soft 0 temp 0.00 loss -1.84 i_con 4.01 plddt 0.28 ptm 0.84 i_ptm 0.36 energy -6.59
154 models [4] recycles 0 hard 1 soft 0 temp 0.00 loss -1.36 i_con 4.50 plddt 0.23 ptm 0.88 i_ptm 0.29 energy -6.59
155 models [3] recycles 0 hard 1 soft 0 temp 0.00 loss -1.96 i_con 3.90 plddt 0.30 ptm 0.85 i_ptm 0.40 energy -6.59
156 models [1] recycles 0 hard 1 soft 0 temp 0.00 loss -0.91 i_con 4.95 plddt 0.26 ptm 0.85 i_ptm 0.19 energy -6.59
157 models [3] recycles 0 hard 1 soft 0 temp 0.00 loss -1.96 i_con 3.90 plddt 0.30 ptm 0.85 i_ptm 0.40 energy -6.59
158 models [0] recycles 0 hard 1 soft 0 temp 0.00 loss -1.84 i_con 4.01 plddt 0.28 ptm 0.84 i_ptm 0.36 energy -6.59
159 models [4] recycles 0 hard 1 soft 0 temp 0.00 loss -1.36 i_con 4.50 plddt 0.23 ptm 0.88 i_ptm 0.29 energy -6.59
160 models [0] recycles 0 hard 1 soft 0 temp 0.00 loss -1.84 i_con 4.01 plddt 0.28 ptm 0.84 i_ptm 0.36 energy -6.59
161 models [2] recycles 0 hard 1 soft 0 temp 0.00 loss -1.34 i_con 4.52 plddt 0.27 ptm 0.86 i_ptm 0.26 energy -6.59
162 models [2] recycles 0 hard 1 soft 0 temp 0.00 loss -1.34 i_con 4.52 plddt 0.27 ptm 0.86 i_ptm 0.26 energy -6.59
163 models [0] recycles 0 hard 1 soft 0 temp 0.00 loss -1.84 i_con 4.01 plddt 0.28 ptm 0.84 i_ptm 0.36 energy -6.59
164 models [4] recycles 0 hard 1 soft 0 temp 0.00 loss -1.36 i_con 4.50 plddt 0.23 ptm 0.88 i_ptm 0.29 energy -6.59
165 models [3] recycles 0 hard 1 soft 0 temp 0.00 loss -1.96 i_con 3.90 plddt 0.30 ptm 0.85 i_ptm 0.40 energy -6.59
166 models [3] recycles 0 hard 1 soft 0 temp 0.00 loss -1.96 i_con 3.90 plddt 0.30 ptm 0.85 i_ptm 0.40 energy -6.59
167 models [4] recycles 0 hard 1 soft 0 temp 0.00 loss -1.36 i_con 4.50 plddt 0.23 ptm 0.88 i_ptm 0.29 energy -6.59
168 models [2] recycles 0 hard 1 soft 0 temp 0.00 loss -1.34 i_con 4.52 plddt 0.27 ptm 0.86 i_ptm 0.26 energy -6.59
169 models [4] recycles 0 hard 1 soft 0 temp 0.00 loss -1.36 i_con 4.50 plddt 0.23 ptm 0.88 i_ptm 0.29 energy -6.59
170 models [1] recycles 0 hard 1 soft 0 temp 0.00 loss -0.91 i_con 4.95 plddt 0.26 ptm 0.85 i_ptm 0.19 energy -6.59
171 models [1] recycles 0 hard 1 soft 0 temp 0.00 loss -0.91 i_con 4.95 plddt 0.26 ptm 0.85 i_ptm 0.19 energy -6.59
172 models [0] recycles 0 hard 1 soft 0 temp 0.00 loss -1.84 i_con 4.01 plddt 0.28 ptm 0.84 i_ptm 0.36 energy -6.59
173 models [0] recycles 0 hard 1 soft 0 temp 0.00 loss -1.84 i_con 4.01 plddt 0.28 ptm 0.84 i_ptm 0.36 energy -6.59
174 models [2] recycles 0 hard 1 soft 0 temp 0.00 loss -1.34 i_con 4.52 plddt 0.27 ptm 0.86 i_ptm 0.26 energy -6.59
175 models [0] recycles 0 hard 1 soft 0 temp 0.00 loss -1.84 i_con 4.01 plddt 0.28 ptm 0.84 i_ptm 0.36 energy -6.59
176 models [4] recycles 0 hard 1 soft 0 temp 0.00 loss -1.36 i_con 4.50 plddt 0.23 ptm 0.88 i_ptm 0.29 energy -6.59
177 models [4] recycles 0 hard 1 soft 0 temp 0.00 loss -1.36 i_con 4.50 plddt 0.23 ptm 0.88 i_ptm 0.29 energy -6.59
178 models [0] recycles 0 hard 1 soft 0 temp 0.00 loss -1.84 i_con 4.01 plddt 0.28 ptm 0.84 i_ptm 0.36 energy -6.59
179 models [0] recycles 0 hard 1 soft 0 temp 0.00 loss -1.84 i_con 4.01 plddt 0.28 ptm 0.84 i_ptm 0.36 energy -6.59
180 models [4] recycles 0 hard 1 soft 0 temp 0.00 loss -1.36 i_con 4.50 plddt 0.23 ptm 0.88 i_ptm 0.29 energy -6.59
  seq=DIFWWSWNLNYQKDA  loss=-1.3558  loss_af=4.5725  energy=-6.5869  i_ptm=0.2913
[29/30] seed=28 ...
1 models [0] recycles 0 hard 0 soft 1 temp 1 loss 4.75 i_con 4.31 plddt 0.24 ptm 0.83 i_ptm 0.23 energy 7.39
2 models [0] recycles 0 hard 0 soft 1 temp 1 loss 4.60 i_con 4.16 plddt 0.26 ptm 0.85 i_ptm 0.29 energy 7.22
3 models [1] recycles 0 hard 0 soft 1 temp 1 loss 5.55 i_con 5.14 plddt 0.26 ptm 0.86 i_ptm 0.27 energy 6.72
4 models [2] recycles 0 hard 0 soft 1 temp 1 loss 4.61 i_con 4.22 plddt 0.29 ptm 0.86 i_ptm 0.29 energy 6.48
5 models [1] recycles 0 hard 0 soft 1 temp 1 loss 4.68 i_con 4.29 plddt 0.24 ptm 0.85 i_ptm 0.23 energy 6.21
6 models [2] recycles 0 hard 0 soft 1 temp 1 loss 4.28 i_con 3.92 plddt 0.34 ptm 0.87 i_ptm 0.43 energy 5.92
7 models [4] recycles 0 hard 0 soft 1 temp 1 loss 4.41 i_con 4.07 plddt 0.29 ptm 0.88 i_ptm 0.35 energy 5.38
8 models [0] recycles 0 hard 0 soft 1 temp 1 loss 4.13 i_con 3.82 plddt 0.40 ptm 0.86 i_ptm 0.50 energy 4.99
9 models [4] recycles 0 hard 0 soft 1 temp 1 loss 4.06 i_con 3.77 plddt 0.34 ptm 0.88 i_ptm 0.46 energy 4.44
10 models [0] recycles 0 hard 0 soft 1 temp 1 loss 4.12 i_con 3.86 plddt 0.40 ptm 0.85 i_ptm 0.47 energy 4.03
11 models [4] recycles 0 hard 0 soft 1 temp 1 loss 4.18 i_con 3.93 plddt 0.31 ptm 0.88 i_ptm 0.42 energy 3.79
12 models [0] recycles 0 hard 0 soft 1 temp 1 loss 4.16 i_con 3.93 plddt 0.33 ptm 0.85 i_ptm 0.41 energy 3.39
13 models [0] recycles 0 hard 0 soft 1 temp 1 loss 4.02 i_con 3.82 plddt 0.40 ptm 0.86 i_ptm 0.49 energy 2.88
14 models [4] recycles 0 hard 0 soft 1 temp 1 loss 4.23 i_con 4.04 plddt 0.28 ptm 0.88 i_ptm 0.33 energy 2.39
15 models [0] recycles 0 hard 0 soft 1 temp 1 loss 4.05 i_con 3.87 plddt 0.34 ptm 0.85 i_ptm 0.45 energy 2.20
16 models [4] recycles 0 hard 0 soft 1 temp 1 loss 4.06 i_con 3.91 plddt 0.36 ptm 0.88 i_ptm 0.47 energy 1.78
17 models [0] recycles 0 hard 0 soft 1 temp 1 loss 4.00 i_con 3.84 plddt 0.38 ptm 0.86 i_ptm 0.47 energy 1.88
18 models [4] recycles 0 hard 0 soft 1 temp 1 loss 3.89 i_con 3.75 plddt 0.41 ptm 0.89 i_ptm 0.53 energy 1.59
19 models [2] recycles 0 hard 0 soft 1 temp 1 loss 3.92 i_con 3.79 plddt 0.38 ptm 0.87 i_ptm 0.51 energy 1.30
20 models [4] recycles 0 hard 0 soft 1 temp 1 loss 3.88 i_con 3.77 plddt 0.34 ptm 0.88 i_ptm 0.43 energy 0.80
21 models [1] recycles 0 hard 0 soft 1 temp 1 loss 4.01 i_con 3.91 plddt 0.30 ptm 0.86 i_ptm 0.39 energy 0.59
22 models [3] recycles 0 hard 0 soft 1 temp 1 loss 3.75 i_con 3.67 plddt 0.40 ptm 0.86 i_ptm 0.51 energy 0.36
23 models [2] recycles 0 hard 0 soft 1 temp 1 loss 3.67 i_con 3.61 plddt 0.42 ptm 0.88 i_ptm 0.53 energy 0.08
24 models [3] recycles 0 hard 0 soft 1 temp 1 loss 3.75 i_con 3.71 plddt 0.38 ptm 0.87 i_ptm 0.52 energy -0.43
25 models [4] recycles 0 hard 0 soft 1 temp 1 loss 3.98 i_con 3.95 plddt 0.32 ptm 0.88 i_ptm 0.43 energy -0.81
26 models [2] recycles 0 hard 0 soft 1 temp 1 loss 3.70 i_con 3.68 plddt 0.38 ptm 0.87 i_ptm 0.51 energy -0.76
27 models [2] recycles 0 hard 0 soft 1 temp 1 loss 3.75 i_con 3.76 plddt 0.37 ptm 0.88 i_ptm 0.48 energy -1.47
28 models [4] recycles 0 hard 0 soft 1 temp 1 loss 4.02 i_con 4.04 plddt 0.26 ptm 0.87 i_ptm 0.33 energy -1.79
29 models [2] recycles 0 hard 0 soft 1 temp 1 loss 3.69 i_con 3.73 plddt 0.37 ptm 0.88 i_ptm 0.52 energy -1.97
30 models [3] recycles 0 hard 0 soft 1 temp 1 loss 4.26 i_con 4.29 plddt 0.29 ptm 0.85 i_ptm 0.27 energy -2.13
31 models [3] recycles 0 hard 0 soft 1 temp 1 loss 3.61 i_con 3.66 plddt 0.41 ptm 0.87 i_ptm 0.52 energy -2.15
32 models [4] recycles 0 hard 0 soft 1 temp 1 loss 3.59 i_con 3.65 plddt 0.40 ptm 0.89 i_ptm 0.53 energy -2.36
33 models [3] recycles 0 hard 0 soft 1 temp 1 loss 4.50 i_con 4.56 plddt 0.29 ptm 0.85 i_ptm 0.25 energy -2.53
34 models [0] recycles 0 hard 0 soft 1 temp 1 loss 3.75 i_con 3.82 plddt 0.40 ptm 0.86 i_ptm 0.48 energy -2.48
35 models [3] recycles 0 hard 0 soft 1 temp 1 loss 3.67 i_con 3.73 plddt 0.37 ptm 0.87 i_ptm 0.49 energy -2.58
36 models [0] recycles 0 hard 0 soft 1 temp 1 loss 3.77 i_con 3.84 plddt 0.38 ptm 0.85 i_ptm 0.48 energy -2.68
37 models [4] recycles 0 hard 0 soft 1 temp 1 loss 3.73 i_con 3.80 plddt 0.33 ptm 0.89 i_ptm 0.49 energy -2.70
38 models [0] recycles 0 hard 0 soft 1 temp 1 loss 3.74 i_con 3.81 plddt 0.39 ptm 0.85 i_ptm 0.46 energy -2.78
39 models [4] recycles 0 hard 0 soft 1 temp 1 loss 3.79 i_con 3.87 plddt 0.35 ptm 0.88 i_ptm 0.45 energy -2.93
40 models [3] recycles 0 hard 0 soft 1 temp 1 loss 3.60 i_con 3.69 plddt 0.40 ptm 0.87 i_ptm 0.55 energy -2.95
41 models [3] recycles 0 hard 0 soft 1 temp 1 loss 3.72 i_con 3.81 plddt 0.36 ptm 0.86 i_ptm 0.46 energy -3.05
42 models [1] recycles 0 hard 0 soft 1 temp 1 loss 4.57 i_con 4.64 plddt 0.27 ptm 0.86 i_ptm 0.22 energy -3.01
43 models [0] recycles 0 hard 0 soft 1 temp 1 loss 3.67 i_con 3.76 plddt 0.42 ptm 0.85 i_ptm 0.50 energy -3.05
44 models [0] recycles 0 hard 0 soft 1 temp 1 loss 3.61 i_con 3.71 plddt 0.41 ptm 0.85 i_ptm 0.51 energy -3.14
45 models [4] recycles 0 hard 0 soft 1 temp 1 loss 5.23 i_con 5.32 plddt 0.26 ptm 0.87 i_ptm 0.18 energy -3.30
46 models [3] recycles 0 hard 0 soft 1 temp 1 loss 3.54 i_con 3.65 plddt 0.37 ptm 0.87 i_ptm 0.56 energy -3.39
47 models [4] recycles 0 hard 0 soft 1 temp 1 loss 3.66 i_con 3.76 plddt 0.34 ptm 0.88 i_ptm 0.46 energy -3.40
48 models [1] recycles 0 hard 0 soft 1 temp 1 loss 4.75 i_con 4.85 plddt 0.21 ptm 0.86 i_ptm 0.11 energy -3.52
49 models [4] recycles 0 hard 0 soft 1 temp 1 loss 3.85 i_con 3.95 plddt 0.29 ptm 0.88 i_ptm 0.40 energy -3.37
50 models [1] recycles 0 hard 0 soft 1 temp 1 loss 3.80 i_con 3.90 plddt 0.34 ptm 0.87 i_ptm 0.41 energy -3.29
51 models [4] recycles 0 hard 0 soft 1 temp 1 loss 3.67 i_con 3.92 plddt 0.27 ptm 0.88 i_ptm 0.39 energy -3.26
52 models [0] recycles 0 hard 0 soft 1 temp 1 loss 3.59 i_con 3.87 plddt 0.37 ptm 0.85 i_ptm 0.44 energy -3.43
53 models [0] recycles 0 hard 0 soft 1 temp 1 loss 3.37 i_con 3.68 plddt 0.43 ptm 0.86 i_ptm 0.53 energy -3.69
54 models [3] recycles 0 hard 0 soft 1 temp 1 loss 3.33 i_con 3.67 plddt 0.44 ptm 0.87 i_ptm 0.56 energy -3.93
55 models [4] recycles 0 hard 0 soft 1 temp 1 loss 3.49 i_con 3.83 plddt 0.34 ptm 0.88 i_ptm 0.43 energy -4.04
56 models [0] recycles 0 hard 0 soft 1 temp 1 loss 3.35 i_con 3.69 plddt 0.40 ptm 0.86 i_ptm 0.53 energy -4.02
57 models [2] recycles 0 hard 0 soft 1 temp 1 loss 3.41 i_con 3.75 plddt 0.37 ptm 0.88 i_ptm 0.49 energy -4.07
58 models [3] recycles 0 hard 0 soft 1 temp 1 loss 3.34 i_con 3.70 plddt 0.41 ptm 0.87 i_ptm 0.52 energy -4.24
59 models [4] recycles 0 hard 0 soft 1 temp 1 loss 3.52 i_con 3.88 plddt 0.32 ptm 0.89 i_ptm 0.42 energy -4.28
60 models [0] recycles 0 hard 0 soft 1 temp 1 loss 3.46 i_con 3.84 plddt 0.41 ptm 0.85 i_ptm 0.47 energy -4.42
61 models [1] recycles 0 hard 0 soft 1 temp 1 loss 3.65 i_con 4.03 plddt 0.30 ptm 0.86 i_ptm 0.35 energy -4.51
62 models [3] recycles 0 hard 0 soft 1 temp 1 loss 3.27 i_con 3.65 plddt 0.43 ptm 0.87 i_ptm 0.57 energy -4.41
63 models [1] recycles 0 hard 0 soft 1 temp 1 loss 4.01 i_con 4.40 plddt 0.25 ptm 0.85 i_ptm 0.17 energy -4.58
64 models [0] recycles 0 hard 0 soft 1 temp 1 loss 3.31 i_con 3.69 plddt 0.48 ptm 0.86 i_ptm 0.54 energy -4.39
65 models [3] recycles 0 hard 0 soft 1 temp 1 loss 3.21 i_con 3.61 plddt 0.45 ptm 0.87 i_ptm 0.57 energy -4.58
66 models [3] recycles 0 hard 0 soft 1 temp 1 loss 3.18 i_con 3.60 plddt 0.45 ptm 0.87 i_ptm 0.57 energy -4.79
67 models [1] recycles 0 hard 0 soft 1 temp 1 loss 3.57 i_con 3.98 plddt 0.30 ptm 0.87 i_ptm 0.36 energy -4.81
68 models [4] recycles 0 hard 0 soft 1 temp 1 loss 3.36 i_con 3.79 plddt 0.35 ptm 0.88 i_ptm 0.47 energy -4.91
69 models [2] recycles 0 hard 0 soft 1 temp 1 loss 3.29 i_con 3.73 plddt 0.37 ptm 0.87 i_ptm 0.50 energy -5.09
70 models [1] recycles 0 hard 0 soft 1 temp 1 loss 4.09 i_con 4.54 plddt 0.26 ptm 0.86 i_ptm 0.16 energy -5.23
71 models [4] recycles 0 hard 0 soft 1 temp 1 loss 3.25 i_con 3.70 plddt 0.38 ptm 0.89 i_ptm 0.51 energy -5.09
72 models [4] recycles 0 hard 0 soft 1 temp 1 loss 3.16 i_con 3.63 plddt 0.42 ptm 0.89 i_ptm 0.52 energy -5.35
73 models [4] recycles 0 hard 0 soft 1 temp 1 loss 3.23 i_con 3.72 plddt 0.40 ptm 0.89 i_ptm 0.49 energy -5.48
74 models [0] recycles 0 hard 0 soft 1 temp 1 loss 3.19 i_con 3.70 plddt 0.45 ptm 0.86 i_ptm 0.54 energy -5.61
75 models [1] recycles 0 hard 0 soft 1 temp 1 loss 5.02 i_con 5.53 plddt 0.27 ptm 0.86 i_ptm 0.14 energy -5.84
76 models [1] recycles 0 hard 0 soft 1 temp 1 loss 4.66 i_con 5.15 plddt 0.25 ptm 0.85 i_ptm 0.12 energy -5.68
77 models [2] recycles 0 hard 0 soft 1 temp 1 loss 3.21 i_con 3.69 plddt 0.36 ptm 0.87 i_ptm 0.51 energy -5.50
78 models [4] recycles 0 hard 0 soft 1 temp 1 loss 3.18 i_con 3.67 plddt 0.40 ptm 0.89 i_ptm 0.52 energy -5.52
79 models [4] recycles 0 hard 0 soft 1 temp 1 loss 3.48 i_con 3.97 plddt 0.34 ptm 0.88 i_ptm 0.36 energy -5.54
80 models [2] recycles 0 hard 0 soft 1 temp 1 loss 3.32 i_con 3.82 plddt 0.37 ptm 0.86 i_ptm 0.44 energy -5.69
81 models [4] recycles 0 hard 0 soft 1 temp 1 loss 3.18 i_con 3.71 plddt 0.38 ptm 0.88 i_ptm 0.49 energy -5.89
82 models [0] recycles 0 hard 0 soft 1 temp 1 loss 3.88 i_con 4.42 plddt 0.29 ptm 0.83 i_ptm 0.16 energy -6.08
83 models [0] recycles 0 hard 0 soft 1 temp 1 loss 3.13 i_con 3.67 plddt 0.47 ptm 0.86 i_ptm 0.55 energy -5.87
84 models [0] recycles 0 hard 0 soft 1 temp 1 loss 3.46 i_con 3.99 plddt 0.35 ptm 0.84 i_ptm 0.36 energy -6.03
85 models [1] recycles 0 hard 0 soft 1 temp 1 loss 3.60 i_con 4.14 plddt 0.28 ptm 0.87 i_ptm 0.28 energy -6.16
86 models [2] recycles 0 hard 0 soft 1 temp 1 loss 3.20 i_con 3.75 plddt 0.40 ptm 0.87 i_ptm 0.48 energy -6.07
87 models [2] recycles 0 hard 0 soft 1 temp 1 loss 3.23 i_con 3.79 plddt 0.37 ptm 0.87 i_ptm 0.47 energy -6.17
88 models [4] recycles 0 hard 0 soft 1 temp 1 loss 4.26 i_con 4.81 plddt 0.25 ptm 0.87 i_ptm 0.15 energy -6.22
89 models [0] recycles 0 hard 0 soft 1 temp 1 loss 3.22 i_con 3.77 plddt 0.37 ptm 0.85 i_ptm 0.49 energy -6.18
90 models [4] recycles 0 hard 0 soft 1 temp 1 loss 3.31 i_con 3.87 plddt 0.30 ptm 0.88 i_ptm 0.42 energy -6.30
91 models [2] recycles 0 hard 0 soft 1 temp 1 loss 3.94 i_con 4.52 plddt 0.27 ptm 0.85 i_ptm 0.13 energy -6.51
92 models [3] recycles 0 hard 0 soft 1 temp 1 loss 3.08 i_con 3.67 plddt 0.42 ptm 0.86 i_ptm 0.51 energy -6.43
93 models [1] recycles 0 hard 0 soft 1 temp 1 loss 4.85 i_con 5.43 plddt 0.27 ptm 0.86 i_ptm 0.14 energy -6.50
94 models [1] recycles 0 hard 0 soft 1 temp 1 loss 4.92 i_con 5.50 plddt 0.25 ptm 0.86 i_ptm 0.13 energy -6.53
95 models [1] recycles 0 hard 0 soft 1 temp 1 loss 4.82 i_con 5.40 plddt 0.28 ptm 0.86 i_ptm 0.15 energy -6.55
96 models [0] recycles 0 hard 0 soft 1 temp 1 loss 3.45 i_con 4.03 plddt 0.35 ptm 0.84 i_ptm 0.35 energy -6.43
97 models [0] recycles 0 hard 0 soft 1 temp 1 loss 3.37 i_con 3.93 plddt 0.37 ptm 0.84 i_ptm 0.39 energy -6.26
98 models [3] recycles 0 hard 0 soft 1 temp 1 loss 3.08 i_con 3.63 plddt 0.43 ptm 0.87 i_ptm 0.53 energy -5.99
99 models [3] recycles 0 hard 0 soft 1 temp 1 loss 3.14 i_con 3.68 plddt 0.38 ptm 0.87 i_ptm 0.53 energy -6.08
100 models [4] recycles 0 hard 0 soft 1 temp 1 loss 3.28 i_con 3.83 plddt 0.31 ptm 0.88 i_ptm 0.39 energy -6.23
101 models [4] recycles 0 hard 0 soft 0 temp 1 loss -8.03 i_con 5.45 plddt 0.22 ptm 0.87 i_ptm 0.13 energy -27.13
102 models [2] recycles 0 hard 0 soft 0 temp 0.98 loss -9.74 i_con 3.91 plddt 0.31 ptm 0.87 i_ptm 0.37 energy -27.42
103 models [2] recycles 0 hard 0 soft 0 temp 0.96 loss -9.23 i_con 5.54 plddt 0.26 ptm 0.86 i_ptm 0.16 energy -29.68
104 models [1] recycles 0 hard 0 soft 0 temp 0.94 loss -8.60 i_con 6.82 plddt 0.27 ptm 0.86 i_ptm 0.21 energy -30.99
105 models [0] recycles 0 hard 0 soft 0 temp 0.92 loss -12.16 i_con 4.31 plddt 0.28 ptm 0.83 i_ptm 0.22 energy -33.08
106 models [4] recycles 0 hard 0 soft 0 temp 0.90 loss -11.55 i_con 5.76 plddt 0.23 ptm 0.86 i_ptm 0.14 energy -34.77
107 models [4] recycles 0 hard 0 soft 0 temp 0.88 loss -12.73 i_con 5.59 plddt 0.22 ptm 0.87 i_ptm 0.13 energy -36.79
108 models [2] recycles 0 hard 0 soft 0 temp 0.86 loss -13.57 i_con 5.16 plddt 0.26 ptm 0.85 i_ptm 0.13 energy -37.60
109 models [0] recycles 0 hard 0 soft 0 temp 0.84 loss -14.70 i_con 4.69 plddt 0.25 ptm 0.82 i_ptm 0.14 energy -38.94
110 models [4] recycles 0 hard 0 soft 0 temp 0.82 loss -15.60 i_con 4.02 plddt 0.26 ptm 0.88 i_ptm 0.31 energy -39.40
111 models [1] recycles 0 hard 0 soft 0 temp 0.80 loss -14.68 i_con 5.90 plddt 0.25 ptm 0.85 i_ptm 0.12 energy -41.32
112 models [2] recycles 0 hard 0 soft 0 temp 0.78 loss -17.62 i_con 3.94 plddt 0.30 ptm 0.86 i_ptm 0.34 energy -43.26
113 models [2] recycles 0 hard 0 soft 0 temp 0.76 loss -18.30 i_con 4.12 plddt 0.27 ptm 0.86 i_ptm 0.29 energy -44.99
114 models [1] recycles 0 hard 0 soft 0 temp 0.74 loss -17.93 i_con 5.58 plddt 0.24 ptm 0.85 i_ptm 0.12 energy -47.16
115 models [1] recycles 0 hard 0 soft 0 temp 0.72 loss -18.54 i_con 5.88 plddt 0.24 ptm 0.86 i_ptm 0.14 energy -49.01
116 models [0] recycles 0 hard 0 soft 0 temp 0.70 loss -20.99 i_con 4.09 plddt 0.30 ptm 0.84 i_ptm 0.30 energy -50.30
117 models [2] recycles 0 hard 0 soft 0 temp 0.68 loss -22.07 i_con 4.14 plddt 0.27 ptm 0.87 i_ptm 0.30 energy -52.56
118 models [1] recycles 0 hard 0 soft 0 temp 0.66 loss -21.37 i_con 5.76 plddt 0.24 ptm 0.86 i_ptm 0.13 energy -54.42
119 models [0] recycles 0 hard 0 soft 0 temp 0.64 loss -23.47 i_con 4.67 plddt 0.24 ptm 0.83 i_ptm 0.13 energy -56.43
120 models [3] recycles 0 hard 0 soft 0 temp 0.62 loss -23.66 i_con 5.33 plddt 0.24 ptm 0.85 i_ptm 0.16 energy -58.13
121 models [0] recycles 0 hard 0 soft 0 temp 0.60 loss -25.11 i_con 4.23 plddt 0.29 ptm 0.83 i_ptm 0.23 energy -58.82
122 models [3] recycles 0 hard 0 soft 0 temp 0.58 loss -26.13 i_con 4.11 plddt 0.25 ptm 0.86 i_ptm 0.28 energy -60.62
123 models [2] recycles 0 hard 0 soft 0 temp 0.56 loss -26.81 i_con 4.15 plddt 0.29 ptm 0.86 i_ptm 0.28 energy -62.06
124 models [1] recycles 0 hard 0 soft 0 temp 0.54 loss -26.33 i_con 5.46 plddt 0.24 ptm 0.85 i_ptm 0.12 energy -63.74
125 models [0] recycles 0 hard 0 soft 0 temp 0.52 loss -28.27 i_con 4.31 plddt 0.26 ptm 0.83 i_ptm 0.23 energy -65.30
126 models [0] recycles 0 hard 0 soft 0 temp 0.50 loss -28.21 i_con 5.23 plddt 0.26 ptm 0.83 i_ptm 0.11 energy -67.03
127 models [3] recycles 0 hard 0 soft 0 temp 0.48 loss -30.37 i_con 3.98 plddt 0.28 ptm 0.86 i_ptm 0.35 energy -68.83
128 models [2] recycles 0 hard 0 soft 0 temp 0.46 loss -31.44 i_con 4.14 plddt 0.26 ptm 0.86 i_ptm 0.28 energy -71.31
129 models [2] recycles 0 hard 0 soft 0 temp 0.44 loss -32.06 i_con 3.99 plddt 0.27 ptm 0.86 i_ptm 0.34 energy -72.25
130 models [2] recycles 0 hard 0 soft 0 temp 0.42 loss -33.08 i_con 3.98 plddt 0.27 ptm 0.86 i_ptm 0.35 energy -74.28
131 models [0] recycles 0 hard 0 soft 0 temp 0.40 loss -34.00 i_con 4.28 plddt 0.28 ptm 0.83 i_ptm 0.23 energy -76.70
132 models [2] recycles 0 hard 0 soft 0 temp 0.38 loss -35.34 i_con 4.07 plddt 0.26 ptm 0.86 i_ptm 0.32 energy -78.96
133 models [3] recycles 0 hard 0 soft 0 temp 0.36 loss -34.73 i_con 5.86 plddt 0.23 ptm 0.85 i_ptm 0.16 energy -81.33
134 models [3] recycles 0 hard 0 soft 0 temp 0.34 loss -36.21 i_con 5.33 plddt 0.25 ptm 0.84 i_ptm 0.15 energy -83.25
135 models [2] recycles 0 hard 0 soft 0 temp 0.32 loss -36.43 i_con 5.57 plddt 0.24 ptm 0.85 i_ptm 0.20 energy -84.15
136 models [3] recycles 0 hard 0 soft 0 temp 0.30 loss -38.28 i_con 4.51 plddt 0.21 ptm 0.85 i_ptm 0.16 energy -85.74
137 models [2] recycles 0 hard 0 soft 0 temp 0.28 loss -37.97 i_con 5.54 plddt 0.26 ptm 0.86 i_ptm 0.20 energy -87.17
138 models [2] recycles 0 hard 0 soft 0 temp 0.26 loss -39.48 i_con 5.00 plddt 0.22 ptm 0.85 i_ptm 0.12 energy -89.12
139 models [1] recycles 0 hard 0 soft 0 temp 0.24 loss -38.87 i_con 6.01 plddt 0.25 ptm 0.86 i_ptm 0.13 energy -89.92
140 models [4] recycles 0 hard 0 soft 0 temp 0.22 loss -41.58 i_con 4.45 plddt 0.22 ptm 0.87 i_ptm 0.24 energy -92.22
141 models [2] recycles 0 hard 0 soft 0 temp 0.20 loss -42.10 i_con 4.95 plddt 0.21 ptm 0.86 i_ptm 0.15 energy -94.26
142 models [4] recycles 0 hard 0 soft 0 temp 0.18 loss -41.45 i_con 5.42 plddt 0.22 ptm 0.87 i_ptm 0.16 energy -93.89
143 models [0] recycles 0 hard 0 soft 0 temp 0.16 loss -42.50 i_con 5.26 plddt 0.21 ptm 0.83 i_ptm 0.10 energy -95.67
144 models [0] recycles 0 hard 0 soft 0 temp 0.14 loss -44.20 i_con 4.56 plddt 0.22 ptm 0.84 i_ptm 0.19 energy -97.67
145 models [1] recycles 0 hard 0 soft 0 temp 0.12 loss -44.18 i_con 5.34 plddt 0.21 ptm 0.86 i_ptm 0.13 energy -99.19
146 models [0] recycles 0 hard 0 soft 0 temp 0.10 loss -45.40 i_con 4.93 plddt 0.24 ptm 0.83 i_ptm 0.10 energy -100.80
147 models [4] recycles 0 hard 0 soft 0 temp 0.08 loss -45.27 i_con 5.76 plddt 0.17 ptm 0.88 i_ptm 0.13 energy -102.23
148 models [0] recycles 0 hard 0 soft 0 temp 0.06 loss -46.71 i_con 5.26 plddt 0.27 ptm 0.83 i_ptm 0.10 energy -104.09
149 models [0] recycles 0 hard 0 soft 0 temp 0.04 loss -47.46 i_con 5.51 plddt 0.26 ptm 0.83 i_ptm 0.10 energy -106.08
150 models [1] recycles 0 hard 0 soft 0 temp 0.02 loss -48.12 i_con 5.94 plddt 0.31 ptm 0.86 i_ptm 0.09 energy -108.25
151 models [4] recycles 0 hard 1 soft 0 temp 0.00 loss -1.83 i_con 5.32 plddt 0.20 ptm 0.87 i_ptm 0.22 energy -8.04
152 models [2] recycles 0 hard 1 soft 0 temp 0.00 loss -3.36 i_con 3.81 plddt 0.29 ptm 0.87 i_ptm 0.45 energy -8.04
153 models [4] recycles 0 hard 1 soft 0 temp 0.00 loss -1.83 i_con 5.32 plddt 0.20 ptm 0.87 i_ptm 0.22 energy -8.04
154 models [1] recycles 0 hard 1 soft 0 temp 0.00 loss -1.42 i_con 5.74 plddt 0.23 ptm 0.85 i_ptm 0.18 energy -8.04
155 models [3] recycles 0 hard 1 soft 0 temp 0.00 loss -3.07 i_con 4.09 plddt 0.23 ptm 0.84 i_ptm 0.31 energy -8.04
156 models [4] recycles 0 hard 1 soft 0 temp 0.00 loss -1.83 i_con 5.32 plddt 0.20 ptm 0.87 i_ptm 0.22 energy -8.04
157 models [2] recycles 0 hard 1 soft 0 temp 0.00 loss -3.36 i_con 3.81 plddt 0.29 ptm 0.87 i_ptm 0.45 energy -8.04
158 models [4] recycles 0 hard 1 soft 0 temp 0.00 loss -1.83 i_con 5.32 plddt 0.20 ptm 0.87 i_ptm 0.22 energy -8.04
159 models [3] recycles 0 hard 1 soft 0 temp 0.00 loss -3.07 i_con 4.09 plddt 0.23 ptm 0.84 i_ptm 0.31 energy -8.04
160 models [1] recycles 0 hard 1 soft 0 temp 0.00 loss -1.42 i_con 5.74 plddt 0.23 ptm 0.85 i_ptm 0.18 energy -8.04
161 models [2] recycles 0 hard 1 soft 0 temp 0.00 loss -3.36 i_con 3.81 plddt 0.29 ptm 0.87 i_ptm 0.45 energy -8.04
162 models [2] recycles 0 hard 1 soft 0 temp 0.00 loss -3.36 i_con 3.81 plddt 0.29 ptm 0.87 i_ptm 0.45 energy -8.04
163 models [0] recycles 0 hard 1 soft 0 temp 0.00 loss -2.71 i_con 4.44 plddt 0.22 ptm 0.82 i_ptm 0.15 energy -8.04
164 models [3] recycles 0 hard 1 soft 0 temp 0.00 loss -3.07 i_con 4.09 plddt 0.23 ptm 0.84 i_ptm 0.31 energy -8.04
165 models [2] recycles 0 hard 1 soft 0 temp 0.00 loss -3.36 i_con 3.81 plddt 0.29 ptm 0.87 i_ptm 0.45 energy -8.04
166 models [0] recycles 0 hard 1 soft 0 temp 0.00 loss -2.71 i_con 4.44 plddt 0.22 ptm 0.82 i_ptm 0.15 energy -8.04
167 models [1] recycles 0 hard 1 soft 0 temp 0.00 loss -1.42 i_con 5.74 plddt 0.23 ptm 0.85 i_ptm 0.18 energy -8.04
168 models [4] recycles 0 hard 1 soft 0 temp 0.00 loss -1.83 i_con 5.32 plddt 0.20 ptm 0.87 i_ptm 0.22 energy -8.04
169 models [2] recycles 0 hard 1 soft 0 temp 0.00 loss -3.36 i_con 3.81 plddt 0.29 ptm 0.87 i_ptm 0.45 energy -8.04
170 models [4] recycles 0 hard 1 soft 0 temp 0.00 loss -1.83 i_con 5.32 plddt 0.20 ptm 0.87 i_ptm 0.22 energy -8.04
171 models [4] recycles 0 hard 1 soft 0 temp 0.00 loss -1.83 i_con 5.32 plddt 0.20 ptm 0.87 i_ptm 0.22 energy -8.04
172 models [2] recycles 0 hard 1 soft 0 temp 0.00 loss -3.36 i_con 3.81 plddt 0.29 ptm 0.87 i_ptm 0.45 energy -8.04
173 models [2] recycles 0 hard 1 soft 0 temp 0.00 loss -3.36 i_con 3.81 plddt 0.29 ptm 0.87 i_ptm 0.45 energy -8.04
174 models [1] recycles 0 hard 1 soft 0 temp 0.00 loss -1.42 i_con 5.74 plddt 0.23 ptm 0.85 i_ptm 0.18 energy -8.04
175 models [3] recycles 0 hard 1 soft 0 temp 0.00 loss -3.07 i_con 4.09 plddt 0.23 ptm 0.84 i_ptm 0.31 energy -8.04
176 models [2] recycles 0 hard 1 soft 0 temp 0.00 loss -3.36 i_con 3.81 plddt 0.29 ptm 0.87 i_ptm 0.45 energy -8.04
177 models [3] recycles 0 hard 1 soft 0 temp 0.00 loss -3.07 i_con 4.09 plddt 0.23 ptm 0.84 i_ptm 0.31 energy -8.04
178 models [0] recycles 0 hard 1 soft 0 temp 0.00 loss -2.71 i_con 4.44 plddt 0.22 ptm 0.82 i_ptm 0.15 energy -8.04
179 models [2] recycles 0 hard 1 soft 0 temp 0.00 loss -3.36 i_con 3.81 plddt 0.29 ptm 0.87 i_ptm 0.45 energy -8.04
180 models [3] recycles 0 hard 1 soft 0 temp 0.00 loss -3.07 i_con 4.09 plddt 0.23 ptm 0.84 i_ptm 0.31 energy -8.04
  seq=AIGPAPEFLNYWWFC  loss=-3.0691  loss_af=4.1675  energy=-8.0407  i_ptm=0.3083
[30/30] seed=29 ...
1 models [2] recycles 0 hard 0 soft 1 temp 1 loss 4.39 i_con 3.96 plddt 0.31 ptm 0.86 i_ptm 0.38 energy 7.36
2 models [4] recycles 0 hard 0 soft 1 temp 1 loss 5.97 i_con 5.54 plddt 0.24 ptm 0.87 i_ptm 0.24 energy 7.08
3 models [3] recycles 0 hard 0 soft 1 temp 1 loss 4.15 i_con 3.75 plddt 0.37 ptm 0.86 i_ptm 0.46 energy 6.68
4 models [2] recycles 0 hard 0 soft 1 temp 1 loss 4.27 i_con 3.91 plddt 0.32 ptm 0.86 i_ptm 0.38 energy 5.85
5 models [2] recycles 0 hard 0 soft 1 temp 1 loss 4.03 i_con 3.72 plddt 0.39 ptm 0.87 i_ptm 0.48 energy 5.06
6 models [4] recycles 0 hard 0 soft 1 temp 1 loss 4.21 i_con 3.93 plddt 0.34 ptm 0.88 i_ptm 0.41 energy 4.34
7 models [0] recycles 0 hard 0 soft 1 temp 1 loss 4.30 i_con 4.05 plddt 0.31 ptm 0.83 i_ptm 0.36 energy 3.68
8 models [3] recycles 0 hard 0 soft 1 temp 1 loss 3.91 i_con 3.69 plddt 0.38 ptm 0.86 i_ptm 0.46 energy 3.12
9 models [2] recycles 0 hard 0 soft 1 temp 1 loss 4.01 i_con 3.80 plddt 0.36 ptm 0.88 i_ptm 0.49 energy 2.81
10 models [1] recycles 0 hard 0 soft 1 temp 1 loss 4.52 i_con 4.32 plddt 0.23 ptm 0.86 i_ptm 0.21 energy 2.61
11 models [4] recycles 0 hard 0 soft 1 temp 1 loss 4.06 i_con 3.86 plddt 0.31 ptm 0.88 i_ptm 0.43 energy 2.59
12 models [1] recycles 0 hard 0 soft 1 temp 1 loss 4.49 i_con 4.29 plddt 0.24 ptm 0.86 i_ptm 0.21 energy 2.50
13 models [1] recycles 0 hard 0 soft 1 temp 1 loss 4.42 i_con 4.22 plddt 0.24 ptm 0.86 i_ptm 0.23 energy 2.47
14 models [1] recycles 0 hard 0 soft 1 temp 1 loss 4.36 i_con 4.17 plddt 0.26 ptm 0.86 i_ptm 0.24 energy 2.33
15 models [0] recycles 0 hard 0 soft 1 temp 1 loss 4.21 i_con 4.03 plddt 0.29 ptm 0.84 i_ptm 0.32 energy 2.18
16 models [0] recycles 0 hard 0 soft 1 temp 1 loss 4.17 i_con 4.01 plddt 0.31 ptm 0.84 i_ptm 0.35 energy 1.98
17 models [2] recycles 0 hard 0 soft 1 temp 1 loss 3.94 i_con 3.79 plddt 0.38 ptm 0.87 i_ptm 0.52 energy 1.84
18 models [1] recycles 0 hard 0 soft 1 temp 1 loss 4.57 i_con 4.42 plddt 0.24 ptm 0.85 i_ptm 0.16 energy 1.57
19 models [4] recycles 0 hard 0 soft 1 temp 1 loss 3.92 i_con 3.77 plddt 0.36 ptm 0.89 i_ptm 0.46 energy 1.61
20 models [2] recycles 0 hard 0 soft 1 temp 1 loss 3.94 i_con 3.80 plddt 0.38 ptm 0.87 i_ptm 0.48 energy 1.58
21 models [2] recycles 0 hard 0 soft 1 temp 1 loss 3.92 i_con 3.79 plddt 0.37 ptm 0.87 i_ptm 0.49 energy 1.35
22 models [4] recycles 0 hard 0 soft 1 temp 1 loss 3.91 i_con 3.80 plddt 0.37 ptm 0.88 i_ptm 0.49 energy 1.03
23 models [2] recycles 0 hard 0 soft 1 temp 1 loss 3.86 i_con 3.76 plddt 0.37 ptm 0.87 i_ptm 0.50 energy 0.82
24 models [2] recycles 0 hard 0 soft 1 temp 1 loss 3.84 i_con 3.74 plddt 0.38 ptm 0.87 i_ptm 0.48 energy 0.57
25 models [3] recycles 0 hard 0 soft 1 temp 1 loss 3.76 i_con 3.68 plddt 0.37 ptm 0.87 i_ptm 0.48 energy 0.40
26 models [1] recycles 0 hard 0 soft 1 temp 1 loss 3.93 i_con 3.85 plddt 0.30 ptm 0.87 i_ptm 0.38 energy 0.09
27 models [0] recycles 0 hard 0 soft 1 temp 1 loss 3.99 i_con 3.93 plddt 0.33 ptm 0.84 i_ptm 0.39 energy -0.13
28 models [4] recycles 0 hard 0 soft 1 temp 1 loss 3.89 i_con 3.86 plddt 0.33 ptm 0.88 i_ptm 0.42 energy -0.70
29 models [0] recycles 0 hard 0 soft 1 temp 1 loss 3.83 i_con 3.82 plddt 0.37 ptm 0.85 i_ptm 0.46 energy -0.96
30 models [4] recycles 0 hard 0 soft 1 temp 1 loss 3.73 i_con 3.74 plddt 0.37 ptm 0.88 i_ptm 0.50 energy -1.39
31 models [3] recycles 0 hard 0 soft 1 temp 1 loss 3.66 i_con 3.68 plddt 0.40 ptm 0.86 i_ptm 0.49 energy -1.58
32 models [1] recycles 0 hard 0 soft 1 temp 1 loss 5.18 i_con 5.20 plddt 0.25 ptm 0.85 i_ptm 0.12 energy -2.02
33 models [1] recycles 0 hard 0 soft 1 temp 1 loss 4.06 i_con 4.09 plddt 0.30 ptm 0.86 i_ptm 0.33 energy -1.95
34 models [1] recycles 0 hard 0 soft 1 temp 1 loss 4.10 i_con 4.13 plddt 0.26 ptm 0.86 i_ptm 0.25 energy -1.97
35 models [3] recycles 0 hard 0 soft 1 temp 1 loss 3.77 i_con 3.79 plddt 0.34 ptm 0.85 i_ptm 0.44 energy -1.75
36 models [1] recycles 0 hard 0 soft 1 temp 1 loss 4.19 i_con 4.23 plddt 0.28 ptm 0.85 i_ptm 0.23 energy -2.25
37 models [0] recycles 0 hard 0 soft 1 temp 1 loss 3.77 i_con 3.81 plddt 0.39 ptm 0.85 i_ptm 0.47 energy -2.08
38 models [0] recycles 0 hard 0 soft 1 temp 1 loss 3.85 i_con 3.92 plddt 0.39 ptm 0.85 i_ptm 0.41 energy -2.57
39 models [3] recycles 0 hard 0 soft 1 temp 1 loss 3.63 i_con 3.71 plddt 0.38 ptm 0.86 i_ptm 0.49 energy -2.67
40 models [0] recycles 0 hard 0 soft 1 temp 1 loss 3.77 i_con 3.85 plddt 0.40 ptm 0.84 i_ptm 0.47 energy -2.85
41 models [3] recycles 0 hard 0 soft 1 temp 1 loss 3.66 i_con 3.74 plddt 0.35 ptm 0.86 i_ptm 0.46 energy -2.94
42 models [2] recycles 0 hard 0 soft 1 temp 1 loss 3.53 i_con 3.63 plddt 0.42 ptm 0.87 i_ptm 0.56 energy -3.04
43 models [3] recycles 0 hard 0 soft 1 temp 1 loss 3.50 i_con 3.59 plddt 0.40 ptm 0.87 i_ptm 0.57 energy -3.09
44 models [0] recycles 0 hard 0 soft 1 temp 1 loss 3.76 i_con 3.86 plddt 0.39 ptm 0.85 i_ptm 0.48 energy -3.14
45 models [1] recycles 0 hard 0 soft 1 temp 1 loss 4.26 i_con 4.35 plddt 0.26 ptm 0.85 i_ptm 0.19 energy -3.17
46 models [3] recycles 0 hard 0 soft 1 temp 1 loss 3.59 i_con 3.68 plddt 0.41 ptm 0.87 i_ptm 0.52 energy -3.12
47 models [1] recycles 0 hard 0 soft 1 temp 1 loss 3.82 i_con 3.91 plddt 0.33 ptm 0.87 i_ptm 0.40 energy -3.10
48 models [1] recycles 0 hard 0 soft 1 temp 1 loss 3.87 i_con 3.95 plddt 0.31 ptm 0.87 i_ptm 0.35 energy -3.10
49 models [4] recycles 0 hard 0 soft 1 temp 1 loss 3.56 i_con 3.65 plddt 0.40 ptm 0.89 i_ptm 0.52 energy -3.04
50 models [1] recycles 0 hard 0 soft 1 temp 1 loss 3.74 i_con 3.83 plddt 0.36 ptm 0.88 i_ptm 0.47 energy -3.13
51 models [0] recycles 0 hard 0 soft 1 temp 1 loss 3.52 i_con 3.78 plddt 0.38 ptm 0.84 i_ptm 0.45 energy -3.21
52 models [3] recycles 0 hard 0 soft 1 temp 1 loss 3.34 i_con 3.61 plddt 0.42 ptm 0.86 i_ptm 0.53 energy -3.31
53 models [2] recycles 0 hard 0 soft 1 temp 1 loss 3.37 i_con 3.65 plddt 0.43 ptm 0.87 i_ptm 0.55 energy -3.32
54 models [2] recycles 0 hard 0 soft 1 temp 1 loss 3.37 i_con 3.65 plddt 0.45 ptm 0.87 i_ptm 0.56 energy -3.32
55 models [4] recycles 0 hard 0 soft 1 temp 1 loss 3.39 i_con 3.67 plddt 0.40 ptm 0.89 i_ptm 0.52 energy -3.44
56 models [3] recycles 0 hard 0 soft 1 temp 1 loss 3.30 i_con 3.60 plddt 0.39 ptm 0.87 i_ptm 0.54 energy -3.53
57 models [1] recycles 0 hard 0 soft 1 temp 1 loss 3.79 i_con 4.07 plddt 0.28 ptm 0.85 i_ptm 0.32 energy -3.55
58 models [1] recycles 0 hard 0 soft 1 temp 1 loss 4.88 i_con 5.16 plddt 0.26 ptm 0.86 i_ptm 0.13 energy -3.56
59 models [3] recycles 0 hard 0 soft 1 temp 1 loss 3.40 i_con 3.69 plddt 0.40 ptm 0.86 i_ptm 0.47 energy -3.46
60 models [3] recycles 0 hard 0 soft 1 temp 1 loss 3.47 i_con 3.76 plddt 0.38 ptm 0.86 i_ptm 0.47 energy -3.55
61 models [4] recycles 0 hard 0 soft 1 temp 1 loss 3.38 i_con 3.69 plddt 0.38 ptm 0.89 i_ptm 0.52 energy -3.66
62 models [1] recycles 0 hard 0 soft 1 temp 1 loss 3.57 i_con 3.87 plddt 0.33 ptm 0.87 i_ptm 0.41 energy -3.72
63 models [3] recycles 0 hard 0 soft 1 temp 1 loss 3.35 i_con 3.65 plddt 0.38 ptm 0.86 i_ptm 0.48 energy -3.65
64 models [1] recycles 0 hard 0 soft 1 temp 1 loss 3.57 i_con 3.87 plddt 0.29 ptm 0.87 i_ptm 0.39 energy -3.78
65 models [2] recycles 0 hard 0 soft 1 temp 1 loss 3.43 i_con 3.75 plddt 0.38 ptm 0.87 i_ptm 0.51 energy -3.83
66 models [2] recycles 0 hard 0 soft 1 temp 1 loss 3.30 i_con 3.62 plddt 0.42 ptm 0.88 i_ptm 0.56 energy -3.81
67 models [2] recycles 0 hard 0 soft 1 temp 1 loss 3.33 i_con 3.65 plddt 0.41 ptm 0.87 i_ptm 0.54 energy -3.80
68 models [3] recycles 0 hard 0 soft 1 temp 1 loss 3.41 i_con 3.74 plddt 0.36 ptm 0.86 i_ptm 0.47 energy -3.88
69 models [1] recycles 0 hard 0 soft 1 temp 1 loss 3.59 i_con 3.93 plddt 0.33 ptm 0.86 i_ptm 0.38 energy -4.04
70 models [1] recycles 0 hard 0 soft 1 temp 1 loss 3.57 i_con 3.90 plddt 0.32 ptm 0.86 i_ptm 0.40 energy -4.01
71 models [0] recycles 0 hard 0 soft 1 temp 1 loss 3.18 i_con 3.53 plddt 0.39 ptm 0.86 i_ptm 0.58 energy -4.05
72 models [0] recycles 0 hard 0 soft 1 temp 1 loss 3.56 i_con 3.90 plddt 0.37 ptm 0.85 i_ptm 0.41 energy -4.05
73 models [2] recycles 0 hard 0 soft 1 temp 1 loss 3.38 i_con 3.73 plddt 0.39 ptm 0.87 i_ptm 0.49 energy -4.07
74 models [4] recycles 0 hard 0 soft 1 temp 1 loss 3.32 i_con 3.67 plddt 0.41 ptm 0.89 i_ptm 0.52 energy -4.09
75 models [1] recycles 0 hard 0 soft 1 temp 1 loss 3.33 i_con 3.69 plddt 0.41 ptm 0.88 i_ptm 0.53 energy -4.15
76 models [4] recycles 0 hard 0 soft 1 temp 1 loss 3.33 i_con 3.69 plddt 0.39 ptm 0.89 i_ptm 0.51 energy -4.20
77 models [0] recycles 0 hard 0 soft 1 temp 1 loss 3.43 i_con 3.80 plddt 0.39 ptm 0.85 i_ptm 0.46 energy -4.28
78 models [0] recycles 0 hard 0 soft 1 temp 1 loss 3.42 i_con 3.78 plddt 0.38 ptm 0.85 i_ptm 0.45 energy -4.25
79 models [1] recycles 0 hard 0 soft 1 temp 1 loss 3.66 i_con 4.02 plddt 0.30 ptm 0.86 i_ptm 0.34 energy -4.30
80 models [1] recycles 0 hard 0 soft 1 temp 1 loss 3.59 i_con 3.95 plddt 0.27 ptm 0.87 i_ptm 0.38 energy -4.28
81 models [3] recycles 0 hard 0 soft 1 temp 1 loss 3.23 i_con 3.59 plddt 0.42 ptm 0.86 i_ptm 0.52 energy -4.23
82 models [1] recycles 0 hard 0 soft 1 temp 1 loss 3.69 i_con 4.04 plddt 0.31 ptm 0.87 i_ptm 0.33 energy -4.27
83 models [0] recycles 0 hard 0 soft 1 temp 1 loss 3.45 i_con 3.82 plddt 0.39 ptm 0.85 i_ptm 0.45 energy -4.32
84 models [4] recycles 0 hard 0 soft 1 temp 1 loss 3.17 i_con 3.55 plddt 0.46 ptm 0.89 i_ptm 0.58 energy -4.32
85 models [1] recycles 0 hard 0 soft 1 temp 1 loss 3.54 i_con 3.91 plddt 0.33 ptm 0.88 i_ptm 0.41 energy -4.37
86 models [2] recycles 0 hard 0 soft 1 temp 1 loss 3.25 i_con 3.63 plddt 0.40 ptm 0.88 i_ptm 0.54 energy -4.41
87 models [1] recycles 0 hard 0 soft 1 temp 1 loss 3.42 i_con 3.80 plddt 0.34 ptm 0.88 i_ptm 0.45 energy -4.48
88 models [0] recycles 0 hard 0 soft 1 temp 1 loss 3.45 i_con 3.84 plddt 0.37 ptm 0.85 i_ptm 0.45 energy -4.46
89 models [4] recycles 0 hard 0 soft 1 temp 1 loss 3.26 i_con 3.64 plddt 0.37 ptm 0.89 i_ptm 0.53 energy -4.44
90 models [1] recycles 0 hard 0 soft 1 temp 1 loss 3.40 i_con 3.78 plddt 0.36 ptm 0.87 i_ptm 0.44 energy -4.43
91 models [0] recycles 0 hard 0 soft 1 temp 1 loss 3.30 i_con 3.69 plddt 0.42 ptm 0.86 i_ptm 0.53 energy -4.46
92 models [2] recycles 0 hard 0 soft 1 temp 1 loss 3.26 i_con 3.65 plddt 0.44 ptm 0.88 i_ptm 0.55 energy -4.54
93 models [2] recycles 0 hard 0 soft 1 temp 1 loss 3.25 i_con 3.65 plddt 0.42 ptm 0.88 i_ptm 0.54 energy -4.55
94 models [2] recycles 0 hard 0 soft 1 temp 1 loss 3.26 i_con 3.66 plddt 0.41 ptm 0.88 i_ptm 0.54 energy -4.55
95 models [3] recycles 0 hard 0 soft 1 temp 1 loss 3.25 i_con 3.64 plddt 0.40 ptm 0.87 i_ptm 0.52 energy -4.55
96 models [2] recycles 0 hard 0 soft 1 temp 1 loss 3.06 i_con 3.47 plddt 0.44 ptm 0.88 i_ptm 0.59 energy -4.66
97 models [3] recycles 0 hard 0 soft 1 temp 1 loss 3.17 i_con 3.58 plddt 0.43 ptm 0.87 i_ptm 0.54 energy -4.68
98 models [1] recycles 0 hard 0 soft 1 temp 1 loss 4.07 i_con 4.48 plddt 0.24 ptm 0.86 i_ptm 0.18 energy -4.79
99 models [1] recycles 0 hard 0 soft 1 temp 1 loss 3.44 i_con 3.85 plddt 0.32 ptm 0.87 i_ptm 0.38 energy -4.77
100 models [0] recycles 0 hard 0 soft 1 temp 1 loss 3.46 i_con 3.88 plddt 0.35 ptm 0.85 i_ptm 0.41 energy -4.77
101 models [4] recycles 0 hard 0 soft 0 temp 1 loss -8.39 i_con 4.38 plddt 0.23 ptm 0.87 i_ptm 0.23 energy -25.70
102 models [3] recycles 0 hard 0 soft 0 temp 0.98 loss -8.08 i_con 4.96 plddt 0.25 ptm 0.84 i_ptm 0.14 energy -26.24
103 models [4] recycles 0 hard 0 soft 0 temp 0.96 loss -7.57 i_con 5.63 plddt 0.20 ptm 0.86 i_ptm 0.11 energy -26.55
104 models [2] recycles 0 hard 0 soft 0 temp 0.94 loss -7.67 i_con 6.05 plddt 0.29 ptm 0.86 i_ptm 0.21 energy -27.59
105 models [0] recycles 0 hard 0 soft 0 temp 0.92 loss -9.34 i_con 4.79 plddt 0.28 ptm 0.83 i_ptm 0.15 energy -28.41
106 models [0] recycles 0 hard 0 soft 0 temp 0.90 loss -10.85 i_con 4.16 plddt 0.28 ptm 0.84 i_ptm 0.30 energy -30.16
107 models [2] recycles 0 hard 0 soft 0 temp 0.88 loss -12.95 i_con 2.98 plddt 0.18 ptm 0.26 i_ptm 0.25 energy -32.03
108 models [2] recycles 0 hard 0 soft 0 temp 0.86 loss -10.24 i_con 5.62 plddt 0.22 ptm 0.36 i_ptm 0.08 energy -31.86
109 models [3] recycles 0 hard 0 soft 0 temp 0.84 loss -11.17 i_con 4.71 plddt 0.29 ptm 0.85 i_ptm 0.24 energy -31.90
110 models [1] recycles 0 hard 0 soft 0 temp 0.82 loss -10.78 i_con 5.93 plddt 0.29 ptm 0.85 i_ptm 0.11 energy -33.55
111 models [0] recycles 0 hard 0 soft 0 temp 0.80 loss -12.55 i_con 4.52 plddt 0.24 ptm 0.83 i_ptm 0.16 energy -34.31
112 models [1] recycles 0 hard 0 soft 0 temp 0.78 loss -11.35 i_con 5.85 plddt 0.29 ptm 0.86 i_ptm 0.15 energy -34.54
113 models [3] recycles 0 hard 0 soft 0 temp 0.76 loss -13.28 i_con 4.35 plddt 0.25 ptm 0.84 i_ptm 0.20 energy -35.42
114 models [2] recycles 0 hard 0 soft 0 temp 0.74 loss -12.52 i_con 5.24 plddt 0.27 ptm 0.86 i_ptm 0.15 energy -35.67
115 models [4] recycles 0 hard 0 soft 0 temp 0.72 loss -13.95 i_con 4.42 plddt 0.23 ptm 0.87 i_ptm 0.19 energy -36.89
116 models [2] recycles 0 hard 0 soft 0 temp 0.70 loss -14.66 i_con 3.98 plddt 0.33 ptm 0.86 i_ptm 0.37 energy -37.42
117 models [1] recycles 0 hard 0 soft 0 temp 0.68 loss -13.95 i_con 5.59 plddt 0.26 ptm 0.85 i_ptm 0.13 energy -39.21
118 models [1] recycles 0 hard 0 soft 0 temp 0.66 loss -15.45 i_con 4.92 plddt 0.24 ptm 0.85 i_ptm 0.11 energy -40.89
119 models [3] recycles 0 hard 0 soft 0 temp 0.64 loss -16.01 i_con 4.68 plddt 0.25 ptm 0.84 i_ptm 0.17 energy -41.52
120 models [2] recycles 0 hard 0 soft 0 temp 0.62 loss -17.37 i_con 3.97 plddt 0.31 ptm 0.87 i_ptm 0.36 energy -42.82
121 models [3] recycles 0 hard 0 soft 0 temp 0.60 loss -18.09 i_con 4.31 plddt 0.24 ptm 0.85 i_ptm 0.18 energy -44.94
122 models [4] recycles 0 hard 0 soft 0 temp 0.58 loss -18.13 i_con 4.77 plddt 0.21 ptm 0.86 i_ptm 0.14 energy -45.96
123 models [1] recycles 0 hard 0 soft 0 temp 0.56 loss -17.02 i_con 5.87 plddt 0.26 ptm 0.86 i_ptm 0.13 energy -45.93
124 models [2] recycles 0 hard 0 soft 0 temp 0.54 loss -18.51 i_con 4.62 plddt 0.23 ptm 0.86 i_ptm 0.13 energy -46.41
125 models [4] recycles 0 hard 0 soft 0 temp 0.52 loss -17.73 i_con 5.56 plddt 0.21 ptm 0.76 i_ptm 0.08 energy -46.73
126 models [1] recycles 0 hard 0 soft 0 temp 0.50 loss -18.55 i_con 4.79 plddt 0.25 ptm 0.86 i_ptm 0.17 energy -46.82
127 models [3] recycles 0 hard 0 soft 0 temp 0.48 loss -19.85 i_con 4.28 plddt 0.24 ptm 0.85 i_ptm 0.24 energy -48.41
128 models [0] recycles 0 hard 0 soft 0 temp 0.46 loss -19.10 i_con 5.67 plddt 0.25 ptm 0.83 i_ptm 0.12 energy -49.70
129 models [0] recycles 0 hard 0 soft 0 temp 0.44 loss -20.57 i_con 4.29 plddt 0.27 ptm 0.84 i_ptm 0.24 energy -49.87
130 models [4] recycles 0 hard 0 soft 0 temp 0.42 loss -22.54 i_con 2.38 plddt 0.26 ptm 0.49 i_ptm 0.59 energy -49.99
131 models [0] recycles 0 hard 0 soft 0 temp 0.40 loss -20.24 i_con 4.75 plddt 0.20 ptm 0.27 i_ptm 0.54 energy -50.16
132 models [4] recycles 0 hard 0 soft 0 temp 0.38 loss -21.05 i_con 4.02 plddt 0.19 ptm 0.31 i_ptm 0.45 energy -50.31
133 models [3] recycles 0 hard 0 soft 0 temp 0.36 loss -21.87 i_con 3.38 plddt 0.21 ptm 0.42 i_ptm 0.60 energy -50.65
134 models [2] recycles 0 hard 0 soft 0 temp 0.34 loss -24.53 i_con 0.75 plddt 0.25 ptm 0.60 i_ptm 0.67 energy -50.71
135 models [3] recycles 0 hard 0 soft 0 temp 0.32 loss -24.96 i_con 0.31 plddt 0.52 ptm 0.89 i_ptm 0.90 energy -50.63
136 models [4] recycles 0 hard 0 soft 0 temp 0.30 loss -21.22 i_con 4.22 plddt 0.15 ptm 0.30 i_ptm 0.38 energy -51.04
137 models [4] recycles 0 hard 0 soft 0 temp 0.28 loss -21.07 i_con 4.21 plddt 0.14 ptm 0.21 i_ptm 0.34 energy -50.73
138 models [2] recycles 0 hard 0 soft 0 temp 0.26 loss -19.10 i_con 6.31 plddt 0.25 ptm 0.85 i_ptm 0.14 energy -50.97
139 models [0] recycles 0 hard 0 soft 0 temp 0.24 loss -20.57 i_con 5.20 plddt 0.21 ptm 0.40 i_ptm 0.63 energy -51.71
140 models [0] recycles 0 hard 0 soft 0 temp 0.22 loss -22.30 i_con 3.78 plddt 0.28 ptm 0.38 i_ptm 0.48 energy -52.30
141 models [4] recycles 0 hard 0 soft 0 temp 0.20 loss -22.48 i_con 3.57 plddt 0.16 ptm 0.37 i_ptm 0.57 energy -52.28
142 models [1] recycles 0 hard 0 soft 0 temp 0.18 loss -20.12 i_con 6.12 plddt 0.29 ptm 0.86 i_ptm 0.12 energy -52.62
143 models [2] recycles 0 hard 0 soft 0 temp 0.16 loss -21.00 i_con 5.48 plddt 0.24 ptm 0.86 i_ptm 0.12 energy -53.11
144 models [2] recycles 0 hard 0 soft 0 temp 0.14 loss -22.27 i_con 4.28 plddt 0.28 ptm 0.87 i_ptm 0.28 energy -53.25
145 models [3] recycles 0 hard 0 soft 0 temp 0.12 loss -21.83 i_con 5.40 plddt 0.23 ptm 0.84 i_ptm 0.13 energy -54.62
146 models [4] recycles 0 hard 0 soft 0 temp 0.10 loss -22.30 i_con 5.19 plddt 0.22 ptm 0.87 i_ptm 0.11 energy -55.15
147 models [2] recycles 0 hard 0 soft 0 temp 0.08 loss -23.36 i_con 4.62 plddt 0.23 ptm 0.86 i_ptm 0.15 energy -56.10
148 models [1] recycles 0 hard 0 soft 0 temp 0.06 loss -23.10 i_con 5.26 plddt 0.24 ptm 0.85 i_ptm 0.10 energy -56.88
149 models [0] recycles 0 hard 0 soft 0 temp 0.04 loss -24.19 i_con 4.93 plddt 0.26 ptm 0.83 i_ptm 0.14 energy -58.39
150 models [3] recycles 0 hard 0 soft 0 temp 0.02 loss -25.03 i_con 5.10 plddt 0.23 ptm 0.84 i_ptm 0.11 energy -60.42
151 models [2] recycles 0 hard 1 soft 0 temp 0.00 loss -2.66 i_con 3.85 plddt 0.31 ptm 0.87 i_ptm 0.45 energy -7.31
152 models [4] recycles 0 hard 1 soft 0 temp 0.00 loss -2.48 i_con 4.02 plddt 0.23 ptm 0.88 i_ptm 0.35 energy -7.31
153 models [0] recycles 0 hard 1 soft 0 temp 0.00 loss -2.52 i_con 3.98 plddt 0.26 ptm 0.84 i_ptm 0.36 energy -7.31
154 models [4] recycles 0 hard 1 soft 0 temp 0.00 loss -2.48 i_con 4.02 plddt 0.23 ptm 0.88 i_ptm 0.35 energy -7.31
155 models [2] recycles 0 hard 1 soft 0 temp 0.00 loss -2.66 i_con 3.85 plddt 0.31 ptm 0.87 i_ptm 0.45 energy -7.31
156 models [3] recycles 0 hard 1 soft 0 temp 0.00 loss -2.86 i_con 3.65 plddt 0.32 ptm 0.87 i_ptm 0.51 energy -7.31
157 models [1] recycles 0 hard 1 soft 0 temp 0.00 loss -1.35 i_con 5.15 plddt 0.20 ptm 0.85 i_ptm 0.11 energy -7.31
158 models [1] recycles 0 hard 1 soft 0 temp 0.00 loss -1.35 i_con 5.15 plddt 0.20 ptm 0.85 i_ptm 0.11 energy -7.31
159 models [4] recycles 0 hard 1 soft 0 temp 0.00 loss -2.48 i_con 4.02 plddt 0.23 ptm 0.88 i_ptm 0.35 energy -7.31
160 models [0] recycles 0 hard 1 soft 0 temp 0.00 loss -2.52 i_con 3.98 plddt 0.26 ptm 0.84 i_ptm 0.36 energy -7.31
161 models [0] recycles 0 hard 1 soft 0 temp 0.00 loss -2.52 i_con 3.98 plddt 0.26 ptm 0.84 i_ptm 0.36 energy -7.31
162 models [4] recycles 0 hard 1 soft 0 temp 0.00 loss -2.48 i_con 4.02 plddt 0.23 ptm 0.88 i_ptm 0.35 energy -7.31
163 models [1] recycles 0 hard 1 soft 0 temp 0.00 loss -1.35 i_con 5.15 plddt 0.20 ptm 0.85 i_ptm 0.11 energy -7.31
164 models [1] recycles 0 hard 1 soft 0 temp 0.00 loss -1.35 i_con 5.15 plddt 0.20 ptm 0.85 i_ptm 0.11 energy -7.31
165 models [0] recycles 0 hard 1 soft 0 temp 0.00 loss -2.52 i_con 3.98 plddt 0.26 ptm 0.84 i_ptm 0.36 energy -7.31
166 models [2] recycles 0 hard 1 soft 0 temp 0.00 loss -2.66 i_con 3.85 plddt 0.31 ptm 0.87 i_ptm 0.45 energy -7.31
167 models [4] recycles 0 hard 1 soft 0 temp 0.00 loss -2.48 i_con 4.02 plddt 0.23 ptm 0.88 i_ptm 0.35 energy -7.31
168 models [3] recycles 0 hard 1 soft 0 temp 0.00 loss -2.86 i_con 3.65 plddt 0.32 ptm 0.87 i_ptm 0.51 energy -7.31
169 models [3] recycles 0 hard 1 soft 0 temp 0.00 loss -2.86 i_con 3.65 plddt 0.32 ptm 0.87 i_ptm 0.51 energy -7.31
170 models [0] recycles 0 hard 1 soft 0 temp 0.00 loss -2.52 i_con 3.98 plddt 0.26 ptm 0.84 i_ptm 0.36 energy -7.31
171 models [3] recycles 0 hard 1 soft 0 temp 0.00 loss -2.86 i_con 3.65 plddt 0.32 ptm 0.87 i_ptm 0.51 energy -7.31
172 models [1] recycles 0 hard 1 soft 0 temp 0.00 loss -1.35 i_con 5.15 plddt 0.20 ptm 0.85 i_ptm 0.11 energy -7.31
173 models [4] recycles 0 hard 1 soft 0 temp 0.00 loss -2.48 i_con 4.02 plddt 0.23 ptm 0.88 i_ptm 0.35 energy -7.31
174 models [1] recycles 0 hard 1 soft 0 temp 0.00 loss -1.35 i_con 5.15 plddt 0.20 ptm 0.85 i_ptm 0.11 energy -7.31
175 models [2] recycles 0 hard 1 soft 0 temp 0.00 loss -2.66 i_con 3.85 plddt 0.31 ptm 0.87 i_ptm 0.45 energy -7.31
176 models [1] recycles 0 hard 1 soft 0 temp 0.00 loss -1.35 i_con 5.15 plddt 0.20 ptm 0.85 i_ptm 0.11 energy -7.31
177 models [3] recycles 0 hard 1 soft 0 temp 0.00 loss -2.86 i_con 3.65 plddt 0.32 ptm 0.87 i_ptm 0.51 energy -7.31
178 models [2] recycles 0 hard 1 soft 0 temp 0.00 loss -2.66 i_con 3.85 plddt 0.31 ptm 0.87 i_ptm 0.45 energy -7.31
179 models [4] recycles 0 hard 1 soft 0 temp 0.00 loss -2.48 i_con 4.02 plddt 0.23 ptm 0.88 i_ptm 0.35 energy -7.31
180 models [1] recycles 0 hard 1 soft 0 temp 0.00 loss -1.35 i_con 5.15 plddt 0.20 ptm 0.85 i_ptm 0.11 energy -7.31
  seq=NWNWASWNPNYQEDA  loss=-1.3459  loss_af=5.2305  energy=-7.3070  i_ptm=0.1129

Saved 30 results to /home/share_nfs/342-Projets_BGE/342.3-Gen-Chem/342.3.2-BioInfo/342.3.2.8-SeqModels/protein_design/prg/PA_PB1/results/colabdesign/run_multimer2/gen_energy_E.json

================================================================================
SUMMARY
================================================================================
 seed  loss_total   loss_af    energy   i_ptm     ptm   plddt  seq
--------------------------------------------------------------------------------
    0     -0.9179    3.7743   -5.2136  0.5596  0.8730  0.3681  DAGRWLWVVWWQRDC
    1     -0.2137    5.0639   -5.8640  0.3741  0.8414  0.2857  DWFWWSMDLDSNKDA
    2     -1.1343    3.7215   -5.3953  0.5812  0.8772  0.3695  DAKRAWWHVAWQRDC
    3     -1.8473    4.5750   -7.1358  0.3599  0.8563  0.2675  AIGWWHWDLFYYKFA
    4     -0.7454    4.5963   -5.9352  0.3463  0.8630  0.3190  NIIPRAWVAFFQGFC
    5     -1.3379    3.5149   -5.3920  0.6316  0.8803  0.3825  NAKRAWADVWWQKDC
    6     -0.3334    5.8194   -6.8365  0.2955  0.8533  0.2682  AIGEAHCDVFYQAFC
    7     -2.0426    3.8900   -6.5918  0.4417  0.8705  0.2972  DWFWWSISSNYQKDA
    8     -1.4347    3.6170   -5.6130  0.6151  0.8713  0.3842  DAYRAWWHVWWQQEC
    9     -0.6423    3.0311   -4.0815  0.7774  0.8719  0.4512  TAIRRSWCVFWQEFC
   10     -1.0655    4.0685   -5.7045  0.3711  0.8819  0.2219  NHYWASWDLNYQEDA
   11     -1.2267    4.5387   -6.4061  0.2795  0.8309  0.2679  NWWRAWAHVAYQKIS
   12      3.5749    5.2132   -1.8203  0.2280  0.8541  0.2751  DANNAWWVVMWQEFC
   13     -2.8126    5.3644   -9.0857  0.1498  0.8514  0.2267  AIGGLHEFVNYWPFC
   14     -0.6439    4.5038   -5.7196  0.4177  0.8815  0.3854  NHGLKAWVLAWQRFC
   15     -1.0453    4.3852   -6.0338  0.3591  0.8553  0.3171  AWWLAQFHSNHQGFG
   16     -2.3978    3.7786   -6.8627  0.4896  0.8737  0.3008  DWFWWPEFHNAQKVA
   17     -1.1468    4.8808   -6.6974  0.1922  0.8711  0.2047  AWGWWAVLYNEQEFC
   18      1.9013    5.8270   -4.3618  0.2284  0.8555  0.2608  DINWAWWVSFWNPFA
   19      0.1720    5.8636   -6.3241  0.2024  0.8551  0.2786  DHGNAWWASNWQKDC
   20     -1.4836    4.2669   -6.3894  0.2749  0.8578  0.2208  NIKRRAWVVAWQGGC
   21     -2.3737    4.2802   -7.3932  0.2683  0.8457  0.2068  AWGWWPCDMNYYKFC
   22     -0.8436    4.9105   -6.3934  0.2411  0.8547  0.2574  DWFWWSISLKYNRDA
   23      0.4862    3.7473   -3.6234  0.5705  0.8766  0.4020  TKGNHWMVVWWQWFC
   24      0.9247    4.5638   -4.0434  0.2878  0.8765  0.3315  THGNAWWNSMWQKFC
   25     -0.9306    3.9184   -5.3877  0.4443  0.8859  0.2767  TAGNAWWAPWWQWFC
   26     -2.0746    5.8860   -8.8451  0.2135  0.8548  0.2590  AIIWLCWQSNYYRFA
   27     -1.3558    4.5725   -6.5869  0.2913  0.8770  0.2261  DIFWWSWNLNYQKDA
   28     -3.0691    4.1675   -8.0407  0.3083  0.8432  0.2329  AIGPAPEFLNYWWFC
   29     -1.3459    5.2305   -7.3070  0.1129  0.8505  0.2024  NWNWASWNPNYQEDA
---------------------------------------------
End time : Mon May 25 03:25:07 CEST 2026
