Job ID       : 305336
Array task   : 0  →  protocol: gen_energy_C
Node         : aar114
Start time   : Wed May  6 13:54:14 CEST 2026
---------------------------------------------
Wed May  6 13:54:14 2026       
+-----------------------------------------------------------------------------------------+
| NVIDIA-SMI 550.54.14              Driver Version: 550.54.14      CUDA Version: 12.4     |
|-----------------------------------------+------------------------+----------------------+
| GPU  Name                 Persistence-M | Bus-Id          Disp.A | Volatile Uncorr. ECC |
| Fan  Temp   Perf          Pwr:Usage/Cap |           Memory-Usage | GPU-Util  Compute M. |
|                                         |                        |               MIG M. |
|=========================================+========================+======================|
|   0  Tesla V100-PCIE-32GB           Off |   00000000:3B:00.0 Off |                    0 |
| N/A   32C    P0             36W /  250W |    4186MiB /  32768MiB |      0%      Default |
|                                         |                        |                  N/A |
+-----------------------------------------+------------------------+----------------------+
                                                                                         
+-----------------------------------------------------------------------------------------+
| Processes:                                                                              |
---------------------------------------------
JAX devices: [cuda(id=0)]
GPU check passed: cuda:0
Output file  : /home/share_nfs/342-Projets_BGE/342.3-Gen-Chem/342.3.2-BioInfo/342.3.2.8-SeqModels/protein_design/colabdesign_energy_guidance/prg/PA_PB1/results/run_multimer/gen_energy_C.json
Running protocol: gen_energy_C ...
py3Dmol not installed
/home/share_nfs/342-Projets_BGE/342.3-Gen-Chem/342.3.2-BioInfo/342.3.2.8-SeqModels/protein_design/energy_model_params/PAPB1pep/PNB_2R_3lay_negbinom_energy_model_weights.json
Models loaded: ['model_1_multimer_v3', 'model_2_multimer_v3', 'model_3_multimer_v3', 'model_4_multimer_v3', 'model_5_multimer_v3']
[1/20] seed=0 ...
1 models [2] recycles 0 hard 0 soft 1 temp 1 loss 5.17 i_con 4.72 plddt 0.23 ptm 0.85 i_ptm 0.16 energy 7.38
2 models [3] recycles 0 hard 0 soft 1 temp 1 loss 4.28 i_con 3.85 plddt 0.32 ptm 0.86 i_ptm 0.42 energy 7.22
3 models [2] recycles 0 hard 0 soft 1 temp 1 loss 4.34 i_con 3.93 plddt 0.33 ptm 0.86 i_ptm 0.42 energy 6.79
4 models [3] recycles 0 hard 0 soft 1 temp 1 loss 4.15 i_con 3.78 plddt 0.37 ptm 0.86 i_ptm 0.47 energy 6.15
5 models [3] recycles 0 hard 0 soft 1 temp 1 loss 4.10 i_con 3.77 plddt 0.35 ptm 0.86 i_ptm 0.45 energy 5.46
6 models [2] recycles 0 hard 0 soft 1 temp 1 loss 4.10 i_con 3.81 plddt 0.35 ptm 0.87 i_ptm 0.45 energy 4.65
7 models [1] recycles 0 hard 0 soft 1 temp 1 loss 4.50 i_con 4.22 plddt 0.23 ptm 0.86 i_ptm 0.24 energy 3.98
8 models [1] recycles 0 hard 0 soft 1 temp 1 loss 4.38 i_con 4.11 plddt 0.26 ptm 0.86 i_ptm 0.28 energy 3.80
9 models [3] recycles 0 hard 0 soft 1 temp 1 loss 3.95 i_con 3.72 plddt 0.37 ptm 0.86 i_ptm 0.50 energy 3.24
10 models [1] recycles 0 hard 0 soft 1 temp 1 loss 4.46 i_con 4.24 plddt 0.24 ptm 0.86 i_ptm 0.25 energy 2.78
11 models [0] recycles 0 hard 0 soft 1 temp 1 loss 4.84 i_con 4.64 plddt 0.26 ptm 0.83 i_ptm 0.19 energy 2.54
12 models [0] recycles 0 hard 0 soft 1 temp 1 loss 4.17 i_con 3.98 plddt 0.30 ptm 0.84 i_ptm 0.34 energy 2.49
13 models [0] recycles 0 hard 0 soft 1 temp 1 loss 4.20 i_con 4.01 plddt 0.30 ptm 0.84 i_ptm 0.36 energy 2.30
14 models [1] recycles 0 hard 0 soft 1 temp 1 loss 4.21 i_con 4.04 plddt 0.27 ptm 0.87 i_ptm 0.33 energy 2.04
15 models [0] recycles 0 hard 0 soft 1 temp 1 loss 4.10 i_con 3.93 plddt 0.32 ptm 0.85 i_ptm 0.38 energy 1.92
16 models [4] recycles 0 hard 0 soft 1 temp 1 loss 4.06 i_con 3.91 plddt 0.32 ptm 0.88 i_ptm 0.40 energy 1.57
17 models [3] recycles 0 hard 0 soft 1 temp 1 loss 4.53 i_con 4.39 plddt 0.24 ptm 0.84 i_ptm 0.17 energy 1.24
18 models [1] recycles 0 hard 0 soft 1 temp 1 loss 4.46 i_con 4.32 plddt 0.24 ptm 0.86 i_ptm 0.21 energy 1.29
19 models [4] recycles 0 hard 0 soft 1 temp 1 loss 4.04 i_con 3.92 plddt 0.31 ptm 0.88 i_ptm 0.45 energy 1.20
20 models [1] recycles 0 hard 0 soft 1 temp 1 loss 5.02 i_con 4.89 plddt 0.22 ptm 0.86 i_ptm 0.17 energy 1.01
21 models [0] recycles 0 hard 0 soft 1 temp 1 loss 3.98 i_con 3.86 plddt 0.32 ptm 0.85 i_ptm 0.44 energy 1.14
22 models [3] recycles 0 hard 0 soft 1 temp 1 loss 3.77 i_con 3.67 plddt 0.41 ptm 0.87 i_ptm 0.54 energy 0.84
23 models [3] recycles 0 hard 0 soft 1 temp 1 loss 3.81 i_con 3.72 plddt 0.37 ptm 0.86 i_ptm 0.49 energy 0.51
24 models [4] recycles 0 hard 0 soft 1 temp 1 loss 4.63 i_con 4.54 plddt 0.24 ptm 0.86 i_ptm 0.20 energy 0.25
25 models [4] recycles 0 hard 0 soft 1 temp 1 loss 4.07 i_con 4.00 plddt 0.32 ptm 0.88 i_ptm 0.42 energy 0.18
26 models [0] recycles 0 hard 0 soft 1 temp 1 loss 3.96 i_con 3.90 plddt 0.34 ptm 0.86 i_ptm 0.46 energy -0.05
27 models [1] recycles 0 hard 0 soft 1 temp 1 loss 4.23 i_con 4.17 plddt 0.24 ptm 0.86 i_ptm 0.25 energy -0.21
28 models [2] recycles 0 hard 0 soft 1 temp 1 loss 3.88 i_con 3.82 plddt 0.35 ptm 0.87 i_ptm 0.51 energy -0.16
29 models [3] recycles 0 hard 0 soft 1 temp 1 loss 3.76 i_con 3.72 plddt 0.38 ptm 0.87 i_ptm 0.50 energy -0.45
30 models [4] recycles 0 hard 0 soft 1 temp 1 loss 4.04 i_con 4.00 plddt 0.33 ptm 0.88 i_ptm 0.43 energy -0.65
31 models [3] recycles 0 hard 0 soft 1 temp 1 loss 3.70 i_con 3.68 plddt 0.40 ptm 0.86 i_ptm 0.54 energy -0.89
32 models [1] recycles 0 hard 0 soft 1 temp 1 loss 4.21 i_con 4.19 plddt 0.25 ptm 0.86 i_ptm 0.23 energy -0.92
33 models [2] recycles 0 hard 0 soft 1 temp 1 loss 3.81 i_con 3.79 plddt 0.39 ptm 0.87 i_ptm 0.53 energy -0.89
34 models [0] recycles 0 hard 0 soft 1 temp 1 loss 4.06 i_con 4.04 plddt 0.33 ptm 0.84 i_ptm 0.34 energy -1.00
35 models [0] recycles 0 hard 0 soft 1 temp 1 loss 3.91 i_con 3.89 plddt 0.35 ptm 0.84 i_ptm 0.43 energy -1.08
36 models [1] recycles 0 hard 0 soft 1 temp 1 loss 4.34 i_con 4.32 plddt 0.21 ptm 0.85 i_ptm 0.21 energy -1.10
37 models [4] recycles 0 hard 0 soft 1 temp 1 loss 3.84 i_con 3.82 plddt 0.39 ptm 0.88 i_ptm 0.48 energy -0.82
38 models [1] recycles 0 hard 0 soft 1 temp 1 loss 4.03 i_con 4.02 plddt 0.27 ptm 0.86 i_ptm 0.35 energy -1.25
39 models [1] recycles 0 hard 0 soft 1 temp 1 loss 4.59 i_con 4.57 plddt 0.23 ptm 0.85 i_ptm 0.14 energy -1.22
40 models [4] recycles 0 hard 0 soft 1 temp 1 loss 3.85 i_con 3.85 plddt 0.38 ptm 0.88 i_ptm 0.47 energy -1.25
41 models [2] recycles 0 hard 0 soft 1 temp 1 loss 3.79 i_con 3.80 plddt 0.39 ptm 0.87 i_ptm 0.51 energy -1.48
42 models [3] recycles 0 hard 0 soft 1 temp 1 loss 3.56 i_con 3.58 plddt 0.42 ptm 0.87 i_ptm 0.57 energy -1.74
43 models [4] recycles 0 hard 0 soft 1 temp 1 loss 3.66 i_con 3.70 plddt 0.44 ptm 0.89 i_ptm 0.56 energy -1.95
44 models [3] recycles 0 hard 0 soft 1 temp 1 loss 4.70 i_con 4.73 plddt 0.25 ptm 0.85 i_ptm 0.11 energy -2.08
45 models [4] recycles 0 hard 0 soft 1 temp 1 loss 3.69 i_con 3.73 plddt 0.41 ptm 0.89 i_ptm 0.56 energy -1.99
46 models [1] recycles 0 hard 0 soft 1 temp 1 loss 4.58 i_con 4.61 plddt 0.25 ptm 0.85 i_ptm 0.13 energy -2.23
47 models [3] recycles 0 hard 0 soft 1 temp 1 loss 3.64 i_con 3.69 plddt 0.40 ptm 0.87 i_ptm 0.53 energy -2.16
48 models [1] recycles 0 hard 0 soft 1 temp 1 loss 3.82 i_con 3.86 plddt 0.35 ptm 0.87 i_ptm 0.45 energy -2.14
49 models [4] recycles 0 hard 0 soft 1 temp 1 loss 3.67 i_con 3.73 plddt 0.40 ptm 0.89 i_ptm 0.55 energy -2.34
50 models [4] recycles 0 hard 0 soft 1 temp 1 loss 3.72 i_con 3.77 plddt 0.39 ptm 0.88 i_ptm 0.52 energy -2.34
51 models [0] recycles 0 hard 0 soft 1 temp 1 loss 3.59 i_con 3.98 plddt 0.36 ptm 0.84 i_ptm 0.38 energy -2.29
52 models [1] recycles 0 hard 0 soft 1 temp 1 loss 3.65 i_con 4.08 plddt 0.29 ptm 0.86 i_ptm 0.32 energy -2.50
53 models [1] recycles 0 hard 0 soft 1 temp 1 loss 3.73 i_con 4.13 plddt 0.28 ptm 0.86 i_ptm 0.30 energy -2.36
54 models [2] recycles 0 hard 0 soft 1 temp 1 loss 3.22 i_con 3.67 plddt 0.42 ptm 0.88 i_ptm 0.57 energy -2.56
55 models [3] recycles 0 hard 0 soft 1 temp 1 loss 3.35 i_con 3.83 plddt 0.35 ptm 0.86 i_ptm 0.45 energy -2.71
56 models [0] recycles 0 hard 0 soft 1 temp 1 loss 3.56 i_con 4.03 plddt 0.33 ptm 0.85 i_ptm 0.34 energy -2.70
57 models [3] recycles 0 hard 0 soft 1 temp 1 loss 3.19 i_con 3.67 plddt 0.40 ptm 0.87 i_ptm 0.53 energy -2.70
58 models [4] recycles 0 hard 0 soft 1 temp 1 loss 3.30 i_con 3.82 plddt 0.37 ptm 0.88 i_ptm 0.49 energy -2.93
59 models [1] recycles 0 hard 0 soft 1 temp 1 loss 3.70 i_con 4.26 plddt 0.26 ptm 0.85 i_ptm 0.23 energy -3.14
60 models [2] recycles 0 hard 0 soft 1 temp 1 loss 3.19 i_con 3.71 plddt 0.39 ptm 0.88 i_ptm 0.49 energy -2.95
61 models [0] recycles 0 hard 0 soft 1 temp 1 loss 3.05 i_con 3.65 plddt 0.48 ptm 0.86 i_ptm 0.56 energy -3.25
62 models [2] recycles 0 hard 0 soft 1 temp 1 loss 3.15 i_con 3.79 plddt 0.36 ptm 0.87 i_ptm 0.48 energy -3.53
63 models [4] recycles 0 hard 0 soft 1 temp 1 loss 3.39 i_con 4.04 plddt 0.29 ptm 0.88 i_ptm 0.34 energy -3.62
64 models [3] recycles 0 hard 0 soft 1 temp 1 loss 3.11 i_con 3.79 plddt 0.36 ptm 0.86 i_ptm 0.47 energy -3.71
65 models [1] recycles 0 hard 0 soft 1 temp 1 loss 3.48 i_con 4.16 plddt 0.26 ptm 0.86 i_ptm 0.27 energy -3.77
66 models [4] recycles 0 hard 0 soft 1 temp 1 loss 3.04 i_con 3.76 plddt 0.40 ptm 0.89 i_ptm 0.52 energy -3.89
67 models [1] recycles 0 hard 0 soft 1 temp 1 loss 4.08 i_con 4.80 plddt 0.24 ptm 0.85 i_ptm 0.10 energy -3.95
68 models [2] recycles 0 hard 0 soft 1 temp 1 loss 2.99 i_con 3.70 plddt 0.37 ptm 0.87 i_ptm 0.53 energy -3.88
69 models [0] recycles 0 hard 0 soft 1 temp 1 loss 3.10 i_con 3.89 plddt 0.37 ptm 0.85 i_ptm 0.44 energy -4.26
70 models [2] recycles 0 hard 0 soft 1 temp 1 loss 2.91 i_con 3.73 plddt 0.38 ptm 0.87 i_ptm 0.50 energy -4.37
71 models [3] recycles 0 hard 0 soft 1 temp 1 loss 2.97 i_con 3.81 plddt 0.37 ptm 0.86 i_ptm 0.45 energy -4.50
72 models [4] recycles 0 hard 0 soft 1 temp 1 loss 2.97 i_con 3.80 plddt 0.33 ptm 0.88 i_ptm 0.49 energy -4.49
73 models [2] recycles 0 hard 0 soft 1 temp 1 loss 2.88 i_con 3.76 plddt 0.39 ptm 0.87 i_ptm 0.48 energy -4.70
74 models [3] recycles 0 hard 0 soft 1 temp 1 loss 2.75 i_con 3.67 plddt 0.40 ptm 0.87 i_ptm 0.53 energy -4.89
75 models [2] recycles 0 hard 0 soft 1 temp 1 loss 2.85 i_con 3.80 plddt 0.38 ptm 0.87 i_ptm 0.46 energy -5.08
76 models [3] recycles 0 hard 0 soft 1 temp 1 loss 2.77 i_con 3.76 plddt 0.37 ptm 0.87 i_ptm 0.47 energy -5.26
77 models [3] recycles 0 hard 0 soft 1 temp 1 loss 4.44 i_con 5.45 plddt 0.28 ptm 0.84 i_ptm 0.18 energy -5.41
78 models [3] recycles 0 hard 0 soft 1 temp 1 loss 2.76 i_con 3.78 plddt 0.36 ptm 0.87 i_ptm 0.47 energy -5.45
79 models [4] recycles 0 hard 0 soft 1 temp 1 loss 2.78 i_con 3.85 plddt 0.34 ptm 0.88 i_ptm 0.44 energy -5.72
80 models [4] recycles 0 hard 0 soft 1 temp 1 loss 2.76 i_con 3.85 plddt 0.34 ptm 0.88 i_ptm 0.42 energy -5.76
81 models [1] recycles 0 hard 0 soft 1 temp 1 loss 3.02 i_con 4.16 plddt 0.28 ptm 0.86 i_ptm 0.28 energy -6.08
82 models [0] recycles 0 hard 0 soft 1 temp 1 loss 2.74 i_con 3.90 plddt 0.37 ptm 0.85 i_ptm 0.43 energy -6.12
83 models [0] recycles 0 hard 0 soft 1 temp 1 loss 2.76 i_con 3.94 plddt 0.35 ptm 0.84 i_ptm 0.42 energy -6.21
84 models [0] recycles 0 hard 0 soft 1 temp 1 loss 2.78 i_con 3.99 plddt 0.33 ptm 0.85 i_ptm 0.40 energy -6.36
85 models [2] recycles 0 hard 0 soft 1 temp 1 loss 2.75 i_con 3.98 plddt 0.31 ptm 0.86 i_ptm 0.39 energy -6.47
86 models [1] recycles 0 hard 0 soft 1 temp 1 loss 2.84 i_con 4.07 plddt 0.30 ptm 0.87 i_ptm 0.34 energy -6.50
87 models [3] recycles 0 hard 0 soft 1 temp 1 loss 2.49 i_con 3.71 plddt 0.39 ptm 0.86 i_ptm 0.49 energy -6.38
88 models [0] recycles 0 hard 0 soft 1 temp 1 loss 2.66 i_con 3.90 plddt 0.37 ptm 0.85 i_ptm 0.41 energy -6.47
89 models [1] recycles 0 hard 0 soft 1 temp 1 loss 2.79 i_con 4.04 plddt 0.31 ptm 0.87 i_ptm 0.36 energy -6.60
90 models [1] recycles 0 hard 0 soft 1 temp 1 loss 4.13 i_con 5.37 plddt 0.23 ptm 0.85 i_ptm 0.12 energy -6.56
91 models [1] recycles 0 hard 0 soft 1 temp 1 loss 4.37 i_con 5.60 plddt 0.28 ptm 0.86 i_ptm 0.15 energy -6.51
92 models [4] recycles 0 hard 0 soft 1 temp 1 loss 2.56 i_con 3.80 plddt 0.33 ptm 0.88 i_ptm 0.45 energy -6.52
93 models [2] recycles 0 hard 0 soft 1 temp 1 loss 2.53 i_con 3.78 plddt 0.38 ptm 0.87 i_ptm 0.50 energy -6.57
94 models [0] recycles 0 hard 0 soft 1 temp 1 loss 2.56 i_con 3.83 plddt 0.41 ptm 0.86 i_ptm 0.48 energy -6.63
95 models [2] recycles 0 hard 0 soft 1 temp 1 loss 2.54 i_con 3.83 plddt 0.37 ptm 0.86 i_ptm 0.46 energy -6.77
96 models [4] recycles 0 hard 0 soft 1 temp 1 loss 2.63 i_con 3.94 plddt 0.32 ptm 0.88 i_ptm 0.40 energy -6.91
97 models [4] recycles 0 hard 0 soft 1 temp 1 loss 2.61 i_con 3.92 plddt 0.30 ptm 0.88 i_ptm 0.37 energy -6.91
98 models [4] recycles 0 hard 0 soft 1 temp 1 loss 2.52 i_con 3.86 plddt 0.34 ptm 0.88 i_ptm 0.42 energy -7.02
99 models [2] recycles 0 hard 0 soft 1 temp 1 loss 2.66 i_con 3.99 plddt 0.33 ptm 0.86 i_ptm 0.38 energy -7.00
100 models [0] recycles 0 hard 0 soft 1 temp 1 loss 2.57 i_con 3.93 plddt 0.37 ptm 0.84 i_ptm 0.42 energy -7.09
101 models [0] recycles 0 hard 0 soft 0 temp 1 loss 3.36 i_con 4.97 plddt 0.25 ptm 0.82 i_ptm 0.12 energy -33.65
102 models [1] recycles 0 hard 0 soft 0 temp 0.98 loss 4.91 i_con 6.52 plddt 0.28 ptm 0.86 i_ptm 0.24 energy -33.52
103 models [3] recycles 0 hard 0 soft 0 temp 0.96 loss 2.39 i_con 4.03 plddt 0.29 ptm 0.85 i_ptm 0.37 energy -34.29
104 models [3] recycles 0 hard 0 soft 0 temp 0.94 loss 2.51 i_con 4.17 plddt 0.27 ptm 0.85 i_ptm 0.27 energy -34.55
105 models [0] recycles 0 hard 0 soft 0 temp 0.92 loss 2.30 i_con 3.96 plddt 0.33 ptm 0.85 i_ptm 0.40 energy -34.47
106 models [2] recycles 0 hard 0 soft 0 temp 0.90 loss 2.45 i_con 4.15 plddt 0.29 ptm 0.86 i_ptm 0.30 energy -35.31
107 models [4] recycles 0 hard 0 soft 0 temp 0.88 loss 2.29 i_con 3.98 plddt 0.32 ptm 0.88 i_ptm 0.38 energy -35.22
108 models [0] recycles 0 hard 0 soft 0 temp 0.86 loss 2.23 i_con 3.96 plddt 0.32 ptm 0.85 i_ptm 0.42 energy -35.96
109 models [3] recycles 0 hard 0 soft 0 temp 0.84 loss 2.17 i_con 3.95 plddt 0.30 ptm 0.86 i_ptm 0.40 energy -37.12
110 models [0] recycles 0 hard 0 soft 0 temp 0.82 loss 2.18 i_con 4.00 plddt 0.31 ptm 0.84 i_ptm 0.38 energy -37.74
111 models [3] recycles 0 hard 0 soft 0 temp 0.80 loss 3.67 i_con 5.57 plddt 0.27 ptm 0.85 i_ptm 0.20 energy -39.35
112 models [3] recycles 0 hard 0 soft 0 temp 0.78 loss 2.07 i_con 3.98 plddt 0.29 ptm 0.85 i_ptm 0.36 energy -39.56
113 models [0] recycles 0 hard 0 soft 0 temp 0.76 loss 2.15 i_con 4.05 plddt 0.28 ptm 0.84 i_ptm 0.34 energy -39.47
114 models [3] recycles 0 hard 0 soft 0 temp 0.74 loss 1.86 i_con 3.83 plddt 0.34 ptm 0.86 i_ptm 0.45 energy -40.75
115 models [3] recycles 0 hard 0 soft 0 temp 0.72 loss 1.82 i_con 3.83 plddt 0.33 ptm 0.86 i_ptm 0.42 energy -41.52
116 models [0] recycles 0 hard 0 soft 0 temp 0.70 loss 1.93 i_con 3.99 plddt 0.30 ptm 0.85 i_ptm 0.37 energy -42.54
117 models [4] recycles 0 hard 0 soft 0 temp 0.68 loss 1.71 i_con 3.80 plddt 0.32 ptm 0.89 i_ptm 0.45 energy -43.30
118 models [2] recycles 0 hard 0 soft 0 temp 0.66 loss 1.71 i_con 3.88 plddt 0.32 ptm 0.87 i_ptm 0.43 energy -44.73
119 models [2] recycles 0 hard 0 soft 0 temp 0.64 loss 1.64 i_con 3.88 plddt 0.34 ptm 0.86 i_ptm 0.42 energy -46.15
120 models [4] recycles 0 hard 0 soft 0 temp 0.62 loss 1.46 i_con 3.77 plddt 0.32 ptm 0.89 i_ptm 0.46 energy -47.61
121 models [0] recycles 0 hard 0 soft 0 temp 0.60 loss 1.64 i_con 4.02 plddt 0.29 ptm 0.84 i_ptm 0.33 energy -49.03
122 models [0] recycles 0 hard 0 soft 0 temp 0.58 loss 1.66 i_con 4.04 plddt 0.29 ptm 0.84 i_ptm 0.31 energy -49.01
123 models [4] recycles 0 hard 0 soft 0 temp 0.56 loss 1.43 i_con 3.86 plddt 0.31 ptm 0.88 i_ptm 0.40 energy -49.90
124 models [0] recycles 0 hard 0 soft 0 temp 0.54 loss 1.40 i_con 3.86 plddt 0.32 ptm 0.85 i_ptm 0.42 energy -50.52
125 models [2] recycles 0 hard 0 soft 0 temp 0.52 loss 1.24 i_con 3.74 plddt 0.36 ptm 0.87 i_ptm 0.49 energy -51.32
126 models [1] recycles 0 hard 0 soft 0 temp 0.50 loss 2.84 i_con 5.42 plddt 0.26 ptm 0.86 i_ptm 0.16 energy -53.06
127 models [0] recycles 0 hard 0 soft 0 temp 0.48 loss 1.28 i_con 3.89 plddt 0.32 ptm 0.84 i_ptm 0.39 energy -53.55
128 models [0] recycles 0 hard 0 soft 0 temp 0.46 loss 1.23 i_con 3.93 plddt 0.32 ptm 0.85 i_ptm 0.40 energy -55.37
129 models [0] recycles 0 hard 0 soft 0 temp 0.44 loss 1.03 i_con 3.83 plddt 0.33 ptm 0.85 i_ptm 0.41 energy -57.22
130 models [4] recycles 0 hard 0 soft 0 temp 0.42 loss 0.97 i_con 3.86 plddt 0.29 ptm 0.88 i_ptm 0.39 energy -59.21
131 models [2] recycles 0 hard 0 soft 0 temp 0.40 loss 0.77 i_con 3.73 plddt 0.36 ptm 0.88 i_ptm 0.51 energy -60.41
132 models [2] recycles 0 hard 0 soft 0 temp 0.38 loss 0.87 i_con 3.91 plddt 0.31 ptm 0.87 i_ptm 0.40 energy -62.06
133 models [3] recycles 0 hard 0 soft 0 temp 0.36 loss 0.65 i_con 3.74 plddt 0.34 ptm 0.86 i_ptm 0.44 energy -63.16
134 models [0] recycles 0 hard 0 soft 0 temp 0.34 loss 0.67 i_con 3.85 plddt 0.32 ptm 0.85 i_ptm 0.42 energy -64.83
135 models [4] recycles 0 hard 0 soft 0 temp 0.32 loss 0.59 i_con 3.84 plddt 0.29 ptm 0.88 i_ptm 0.42 energy -66.51
136 models [3] recycles 0 hard 0 soft 0 temp 0.30 loss 0.57 i_con 3.82 plddt 0.30 ptm 0.86 i_ptm 0.42 energy -66.45
137 models [3] recycles 0 hard 0 soft 0 temp 0.28 loss 0.47 i_con 3.74 plddt 0.34 ptm 0.86 i_ptm 0.48 energy -66.75
138 models [4] recycles 0 hard 0 soft 0 temp 0.26 loss 0.40 i_con 3.75 plddt 0.31 ptm 0.89 i_ptm 0.46 energy -68.33
139 models [3] recycles 0 hard 0 soft 0 temp 0.24 loss 0.34 i_con 3.76 plddt 0.34 ptm 0.86 i_ptm 0.47 energy -69.69
140 models [2] recycles 0 hard 0 soft 0 temp 0.22 loss 0.37 i_con 3.82 plddt 0.34 ptm 0.87 i_ptm 0.44 energy -70.26
141 models [2] recycles 0 hard 0 soft 0 temp 0.20 loss 0.28 i_con 3.81 plddt 0.32 ptm 0.87 i_ptm 0.47 energy -71.84
142 models [4] recycles 0 hard 0 soft 0 temp 0.18 loss 0.29 i_con 3.85 plddt 0.29 ptm 0.89 i_ptm 0.43 energy -72.75
143 models [1] recycles 0 hard 0 soft 0 temp 0.16 loss 1.47 i_con 5.05 plddt 0.26 ptm 0.86 i_ptm 0.13 energy -73.02
144 models [2] recycles 0 hard 0 soft 0 temp 0.14 loss 0.12 i_con 3.72 plddt 0.34 ptm 0.88 i_ptm 0.49 energy -73.28
145 models [4] recycles 0 hard 0 soft 0 temp 0.12 loss 0.12 i_con 3.82 plddt 0.29 ptm 0.88 i_ptm 0.40 energy -75.33
146 models [2] recycles 0 hard 0 soft 0 temp 0.10 loss 0.02 i_con 3.78 plddt 0.33 ptm 0.87 i_ptm 0.46 energy -76.62
147 models [1] recycles 0 hard 0 soft 0 temp 0.08 loss 0.14 i_con 3.91 plddt 0.31 ptm 0.87 i_ptm 0.38 energy -76.90
148 models [3] recycles 0 hard 0 soft 0 temp 0.06 loss -0.02 i_con 3.78 plddt 0.32 ptm 0.86 i_ptm 0.44 energy -77.55
149 models [2] recycles 0 hard 0 soft 0 temp 0.04 loss -0.04 i_con 3.79 plddt 0.31 ptm 0.87 i_ptm 0.47 energy -78.09
150 models [2] recycles 0 hard 0 soft 0 temp 0.02 loss -0.20 i_con 3.75 plddt 0.38 ptm 0.88 i_ptm 0.50 energy -80.14
151 models [2] recycles 0 hard 1 soft 0 temp 0.00 loss 1.16 i_con 5.21 plddt 0.29 ptm 0.85 i_ptm 0.22 energy -8.23
152 models [4] recycles 0 hard 1 soft 0 temp 0.00 loss 1.42 i_con 5.47 plddt 0.28 ptm 0.87 i_ptm 0.23 energy -8.23
153 models [0] recycles 0 hard 1 soft 0 temp 0.00 loss -0.30 i_con 3.75 plddt 0.40 ptm 0.85 i_ptm 0.50 energy -8.23
154 models [4] recycles 0 hard 1 soft 0 temp 0.00 loss 1.42 i_con 5.47 plddt 0.28 ptm 0.87 i_ptm 0.23 energy -8.23
155 models [2] recycles 0 hard 1 soft 0 temp 0.00 loss 1.16 i_con 5.21 plddt 0.29 ptm 0.85 i_ptm 0.22 energy -8.23
156 models [4] recycles 0 hard 1 soft 0 temp 0.00 loss 1.42 i_con 5.47 plddt 0.28 ptm 0.87 i_ptm 0.23 energy -8.23
157 models [4] recycles 0 hard 1 soft 0 temp 0.00 loss 1.42 i_con 5.47 plddt 0.28 ptm 0.87 i_ptm 0.23 energy -8.23
158 models [1] recycles 0 hard 1 soft 0 temp 0.00 loss 1.74 i_con 5.78 plddt 0.32 ptm 0.85 i_ptm 0.22 energy -8.23
159 models [4] recycles 0 hard 1 soft 0 temp 0.00 loss 1.42 i_con 5.47 plddt 0.28 ptm 0.87 i_ptm 0.23 energy -8.23
160 models [3] recycles 0 hard 1 soft 0 temp 0.00 loss -0.11 i_con 3.94 plddt 0.35 ptm 0.85 i_ptm 0.42 energy -8.23
161 models [0] recycles 0 hard 1 soft 0 temp 0.00 loss -0.30 i_con 3.75 plddt 0.40 ptm 0.85 i_ptm 0.50 energy -8.23
162 models [2] recycles 0 hard 1 soft 0 temp 0.00 loss 1.16 i_con 5.21 plddt 0.29 ptm 0.85 i_ptm 0.22 energy -8.23
163 models [3] recycles 0 hard 1 soft 0 temp 0.00 loss -0.11 i_con 3.94 plddt 0.35 ptm 0.85 i_ptm 0.42 energy -8.23
164 models [0] recycles 0 hard 1 soft 0 temp 0.00 loss -0.30 i_con 3.75 plddt 0.40 ptm 0.85 i_ptm 0.50 energy -8.23
165 models [2] recycles 0 hard 1 soft 0 temp 0.00 loss 1.16 i_con 5.21 plddt 0.29 ptm 0.85 i_ptm 0.22 energy -8.23
166 models [2] recycles 0 hard 1 soft 0 temp 0.00 loss 1.16 i_con 5.21 plddt 0.29 ptm 0.85 i_ptm 0.22 energy -8.23
167 models [4] recycles 0 hard 1 soft 0 temp 0.00 loss 1.42 i_con 5.47 plddt 0.28 ptm 0.87 i_ptm 0.23 energy -8.23
168 models [4] recycles 0 hard 1 soft 0 temp 0.00 loss 1.42 i_con 5.47 plddt 0.28 ptm 0.87 i_ptm 0.23 energy -8.23
169 models [0] recycles 0 hard 1 soft 0 temp 0.00 loss -0.30 i_con 3.75 plddt 0.40 ptm 0.85 i_ptm 0.50 energy -8.23
170 models [1] recycles 0 hard 1 soft 0 temp 0.00 loss 1.74 i_con 5.78 plddt 0.32 ptm 0.85 i_ptm 0.22 energy -8.23
171 models [3] recycles 0 hard 1 soft 0 temp 0.00 loss -0.11 i_con 3.94 plddt 0.35 ptm 0.85 i_ptm 0.42 energy -8.23
172 models [4] recycles 0 hard 1 soft 0 temp 0.00 loss 1.42 i_con 5.47 plddt 0.28 ptm 0.87 i_ptm 0.23 energy -8.23
173 models [0] recycles 0 hard 1 soft 0 temp 0.00 loss -0.30 i_con 3.75 plddt 0.40 ptm 0.85 i_ptm 0.50 energy -8.23
174 models [2] recycles 0 hard 1 soft 0 temp 0.00 loss 1.16 i_con 5.21 plddt 0.29 ptm 0.85 i_ptm 0.22 energy -8.23
175 models [0] recycles 0 hard 1 soft 0 temp 0.00 loss -0.30 i_con 3.75 plddt 0.40 ptm 0.85 i_ptm 0.50 energy -8.23
176 models [1] recycles 0 hard 1 soft 0 temp 0.00 loss 1.74 i_con 5.78 plddt 0.32 ptm 0.85 i_ptm 0.22 energy -8.23
177 models [2] recycles 0 hard 1 soft 0 temp 0.00 loss 1.16 i_con 5.21 plddt 0.29 ptm 0.85 i_ptm 0.22 energy -8.23
178 models [2] recycles 0 hard 1 soft 0 temp 0.00 loss 1.16 i_con 5.21 plddt 0.29 ptm 0.85 i_ptm 0.22 energy -8.23
179 models [4] recycles 0 hard 1 soft 0 temp 0.00 loss 1.42 i_con 5.47 plddt 0.28 ptm 0.87 i_ptm 0.23 energy -8.23
180 models [2] recycles 0 hard 1 soft 0 temp 0.00 loss 1.16 i_con 5.21 plddt 0.29 ptm 0.85 i_ptm 0.22 energy -8.23
  seq=AIGGWQWWLNYYGFC  loss=1.1628  loss_af=5.2791  energy=-8.2325  i_ptm=0.2204
[2/20] seed=1 ...
1 models [2] recycles 0 hard 0 soft 1 temp 1 loss 5.85 i_con 5.40 plddt 0.22 ptm 0.85 i_ptm 0.14 energy 7.40
2 models [1] recycles 0 hard 0 soft 1 temp 1 loss 5.72 i_con 5.28 plddt 0.23 ptm 0.85 i_ptm 0.24 energy 7.32
3 models [1] recycles 0 hard 0 soft 1 temp 1 loss 4.69 i_con 4.25 plddt 0.24 ptm 0.86 i_ptm 0.23 energy 7.16
4 models [2] recycles 0 hard 0 soft 1 temp 1 loss 4.35 i_con 3.93 plddt 0.30 ptm 0.87 i_ptm 0.37 energy 6.94
5 models [2] recycles 0 hard 0 soft 1 temp 1 loss 4.47 i_con 4.09 plddt 0.27 ptm 0.86 i_ptm 0.31 energy 6.28
6 models [4] recycles 0 hard 0 soft 1 temp 1 loss 4.40 i_con 4.04 plddt 0.31 ptm 0.88 i_ptm 0.37 energy 5.83
7 models [3] recycles 0 hard 0 soft 1 temp 1 loss 4.13 i_con 3.80 plddt 0.33 ptm 0.86 i_ptm 0.43 energy 5.31
8 models [0] recycles 0 hard 0 soft 1 temp 1 loss 4.66 i_con 4.36 plddt 0.29 ptm 0.84 i_ptm 0.22 energy 4.62
9 models [0] recycles 0 hard 0 soft 1 temp 1 loss 4.22 i_con 3.93 plddt 0.33 ptm 0.85 i_ptm 0.42 energy 4.48
10 models [3] recycles 0 hard 0 soft 1 temp 1 loss 3.96 i_con 3.70 plddt 0.36 ptm 0.86 i_ptm 0.49 energy 3.96
11 models [1] recycles 0 hard 0 soft 1 temp 1 loss 4.75 i_con 4.50 plddt 0.22 ptm 0.86 i_ptm 0.16 energy 3.45
12 models [0] recycles 0 hard 0 soft 1 temp 1 loss 4.12 i_con 3.89 plddt 0.37 ptm 0.84 i_ptm 0.41 energy 3.28
13 models [0] recycles 0 hard 0 soft 1 temp 1 loss 3.98 i_con 3.78 plddt 0.37 ptm 0.85 i_ptm 0.51 energy 2.81
14 models [1] recycles 0 hard 0 soft 1 temp 1 loss 4.45 i_con 4.25 plddt 0.26 ptm 0.86 i_ptm 0.24 energy 2.46
15 models [1] recycles 0 hard 0 soft 1 temp 1 loss 4.49 i_con 4.29 plddt 0.24 ptm 0.86 i_ptm 0.22 energy 2.37
16 models [4] recycles 0 hard 0 soft 1 temp 1 loss 4.00 i_con 3.82 plddt 0.34 ptm 0.89 i_ptm 0.48 energy 2.22
17 models [2] recycles 0 hard 0 soft 1 temp 1 loss 3.84 i_con 3.68 plddt 0.42 ptm 0.87 i_ptm 0.54 energy 2.00
18 models [1] recycles 0 hard 0 soft 1 temp 1 loss 4.13 i_con 3.97 plddt 0.27 ptm 0.87 i_ptm 0.33 energy 1.66
19 models [3] recycles 0 hard 0 soft 1 temp 1 loss 3.83 i_con 3.70 plddt 0.39 ptm 0.87 i_ptm 0.49 energy 1.48
20 models [3] recycles 0 hard 0 soft 1 temp 1 loss 3.93 i_con 3.81 plddt 0.35 ptm 0.86 i_ptm 0.48 energy 1.06
21 models [1] recycles 0 hard 0 soft 1 temp 1 loss 4.21 i_con 4.08 plddt 0.25 ptm 0.86 i_ptm 0.26 energy 0.95
22 models [2] recycles 0 hard 0 soft 1 temp 1 loss 3.93 i_con 3.82 plddt 0.38 ptm 0.87 i_ptm 0.49 energy 0.88
23 models [2] recycles 0 hard 0 soft 1 temp 1 loss 3.85 i_con 3.76 plddt 0.40 ptm 0.88 i_ptm 0.52 energy 0.58
24 models [3] recycles 0 hard 0 soft 1 temp 1 loss 3.69 i_con 3.61 plddt 0.38 ptm 0.87 i_ptm 0.54 energy 0.27
25 models [1] recycles 0 hard 0 soft 1 temp 1 loss 4.52 i_con 4.44 plddt 0.22 ptm 0.85 i_ptm 0.16 energy -0.00
26 models [4] recycles 0 hard 0 soft 1 temp 1 loss 3.81 i_con 3.75 plddt 0.37 ptm 0.89 i_ptm 0.51 energy -0.13
27 models [4] recycles 0 hard 0 soft 1 temp 1 loss 3.81 i_con 3.77 plddt 0.36 ptm 0.88 i_ptm 0.45 energy -0.47
28 models [2] recycles 0 hard 0 soft 1 temp 1 loss 3.98 i_con 3.94 plddt 0.32 ptm 0.87 i_ptm 0.39 energy -0.60
29 models [0] recycles 0 hard 0 soft 1 temp 1 loss 3.93 i_con 3.90 plddt 0.38 ptm 0.85 i_ptm 0.45 energy -0.71
30 models [0] recycles 0 hard 0 soft 1 temp 1 loss 3.76 i_con 3.73 plddt 0.38 ptm 0.85 i_ptm 0.50 energy -0.76
31 models [2] recycles 0 hard 0 soft 1 temp 1 loss 3.72 i_con 3.71 plddt 0.41 ptm 0.87 i_ptm 0.53 energy -0.83
32 models [4] recycles 0 hard 0 soft 1 temp 1 loss 4.07 i_con 4.06 plddt 0.29 ptm 0.88 i_ptm 0.35 energy -1.25
33 models [0] recycles 0 hard 0 soft 1 temp 1 loss 3.74 i_con 3.74 plddt 0.41 ptm 0.86 i_ptm 0.51 energy -1.27
34 models [3] recycles 0 hard 0 soft 1 temp 1 loss 3.58 i_con 3.59 plddt 0.38 ptm 0.87 i_ptm 0.60 energy -1.45
35 models [3] recycles 0 hard 0 soft 1 temp 1 loss 3.68 i_con 3.69 plddt 0.45 ptm 0.86 i_ptm 0.55 energy -1.30
36 models [1] recycles 0 hard 0 soft 1 temp 1 loss 4.05 i_con 4.06 plddt 0.29 ptm 0.86 i_ptm 0.31 energy -1.66
37 models [2] recycles 0 hard 0 soft 1 temp 1 loss 3.70 i_con 3.72 plddt 0.38 ptm 0.87 i_ptm 0.50 energy -1.73
38 models [0] recycles 0 hard 0 soft 1 temp 1 loss 3.76 i_con 3.79 plddt 0.39 ptm 0.85 i_ptm 0.49 energy -1.82
39 models [3] recycles 0 hard 0 soft 1 temp 1 loss 3.38 i_con 3.43 plddt 0.53 ptm 0.87 i_ptm 0.68 energy -1.93
40 models [3] recycles 0 hard 0 soft 1 temp 1 loss 3.39 i_con 3.44 plddt 0.52 ptm 0.87 i_ptm 0.67 energy -1.93
41 models [0] recycles 0 hard 0 soft 1 temp 1 loss 3.69 i_con 3.73 plddt 0.43 ptm 0.86 i_ptm 0.52 energy -1.81
42 models [2] recycles 0 hard 0 soft 1 temp 1 loss 3.64 i_con 3.69 plddt 0.42 ptm 0.87 i_ptm 0.56 energy -2.04
43 models [0] recycles 0 hard 0 soft 1 temp 1 loss 3.50 i_con 3.55 plddt 0.50 ptm 0.86 i_ptm 0.59 energy -2.11
44 models [2] recycles 0 hard 0 soft 1 temp 1 loss 3.48 i_con 3.54 plddt 0.51 ptm 0.88 i_ptm 0.64 energy -2.21
45 models [1] recycles 0 hard 0 soft 1 temp 1 loss 3.67 i_con 3.73 plddt 0.43 ptm 0.88 i_ptm 0.53 energy -2.25
46 models [1] recycles 0 hard 0 soft 1 temp 1 loss 4.28 i_con 4.32 plddt 0.25 ptm 0.86 i_ptm 0.20 energy -2.32
47 models [2] recycles 0 hard 0 soft 1 temp 1 loss 3.54 i_con 3.59 plddt 0.48 ptm 0.88 i_ptm 0.60 energy -2.20
48 models [4] recycles 0 hard 0 soft 1 temp 1 loss 3.55 i_con 3.61 plddt 0.45 ptm 0.89 i_ptm 0.60 energy -2.30
49 models [1] recycles 0 hard 0 soft 1 temp 1 loss 3.35 i_con 3.43 plddt 0.55 ptm 0.89 i_ptm 0.67 energy -2.38
50 models [1] recycles 0 hard 0 soft 1 temp 1 loss 3.16 i_con 3.23 plddt 0.58 ptm 0.89 i_ptm 0.72 energy -2.36
51 models [4] recycles 0 hard 0 soft 1 temp 1 loss 3.37 i_con 3.79 plddt 0.41 ptm 0.88 i_ptm 0.52 energy -2.38
52 models [4] recycles 0 hard 0 soft 1 temp 1 loss 3.17 i_con 3.65 plddt 0.42 ptm 0.89 i_ptm 0.58 energy -2.65
53 models [0] recycles 0 hard 0 soft 1 temp 1 loss 2.92 i_con 3.47 plddt 0.55 ptm 0.86 i_ptm 0.66 energy -2.98
54 models [0] recycles 0 hard 0 soft 1 temp 1 loss 3.30 i_con 3.87 plddt 0.41 ptm 0.85 i_ptm 0.45 energy -3.14
55 models [2] recycles 0 hard 0 soft 1 temp 1 loss 2.99 i_con 3.56 plddt 0.48 ptm 0.87 i_ptm 0.56 energy -3.13
56 models [4] recycles 0 hard 0 soft 1 temp 1 loss 3.01 i_con 3.60 plddt 0.46 ptm 0.89 i_ptm 0.57 energy -3.23
57 models [1] recycles 0 hard 0 soft 1 temp 1 loss 3.03 i_con 3.68 plddt 0.46 ptm 0.87 i_ptm 0.55 energy -3.51
58 models [1] recycles 0 hard 0 soft 1 temp 1 loss 4.46 i_con 5.10 plddt 0.30 ptm 0.86 i_ptm 0.17 energy -3.56
59 models [1] recycles 0 hard 0 soft 1 temp 1 loss 3.21 i_con 3.84 plddt 0.40 ptm 0.87 i_ptm 0.47 energy -3.40
60 models [0] recycles 0 hard 0 soft 1 temp 1 loss 2.92 i_con 3.58 plddt 0.52 ptm 0.86 i_ptm 0.62 energy -3.54
61 models [4] recycles 0 hard 0 soft 1 temp 1 loss 2.95 i_con 3.62 plddt 0.45 ptm 0.89 i_ptm 0.56 energy -3.65
62 models [0] recycles 0 hard 0 soft 1 temp 1 loss 2.88 i_con 3.58 plddt 0.52 ptm 0.86 i_ptm 0.58 energy -3.74
63 models [2] recycles 0 hard 0 soft 1 temp 1 loss 2.90 i_con 3.62 plddt 0.48 ptm 0.87 i_ptm 0.55 energy -3.88
64 models [4] recycles 0 hard 0 soft 1 temp 1 loss 2.83 i_con 3.59 plddt 0.44 ptm 0.89 i_ptm 0.55 energy -4.06
65 models [0] recycles 0 hard 0 soft 1 temp 1 loss 2.94 i_con 3.72 plddt 0.44 ptm 0.85 i_ptm 0.51 energy -4.21
66 models [2] recycles 0 hard 0 soft 1 temp 1 loss 2.97 i_con 3.77 plddt 0.43 ptm 0.86 i_ptm 0.52 energy -4.31
67 models [3] recycles 0 hard 0 soft 1 temp 1 loss 2.94 i_con 3.77 plddt 0.38 ptm 0.86 i_ptm 0.49 energy -4.47
68 models [3] recycles 0 hard 0 soft 1 temp 1 loss 2.69 i_con 3.53 plddt 0.49 ptm 0.87 i_ptm 0.59 energy -4.48
69 models [4] recycles 0 hard 0 soft 1 temp 1 loss 2.71 i_con 3.57 plddt 0.45 ptm 0.89 i_ptm 0.58 energy -4.57
70 models [2] recycles 0 hard 0 soft 1 temp 1 loss 2.79 i_con 3.67 plddt 0.38 ptm 0.88 i_ptm 0.54 energy -4.71
71 models [2] recycles 0 hard 0 soft 1 temp 1 loss 2.64 i_con 3.55 plddt 0.51 ptm 0.88 i_ptm 0.61 energy -4.84
72 models [1] recycles 0 hard 0 soft 1 temp 1 loss 4.44 i_con 5.36 plddt 0.29 ptm 0.86 i_ptm 0.16 energy -4.95
73 models [4] recycles 0 hard 0 soft 1 temp 1 loss 2.67 i_con 3.60 plddt 0.42 ptm 0.89 i_ptm 0.56 energy -4.94
74 models [3] recycles 0 hard 0 soft 1 temp 1 loss 2.76 i_con 3.70 plddt 0.43 ptm 0.87 i_ptm 0.53 energy -5.02
75 models [2] recycles 0 hard 0 soft 1 temp 1 loss 2.85 i_con 3.79 plddt 0.41 ptm 0.87 i_ptm 0.49 energy -4.96
76 models [4] recycles 0 hard 0 soft 1 temp 1 loss 2.78 i_con 3.70 plddt 0.39 ptm 0.89 i_ptm 0.52 energy -4.93
77 models [0] recycles 0 hard 0 soft 1 temp 1 loss 3.23 i_con 4.17 plddt 0.33 ptm 0.84 i_ptm 0.29 energy -5.02
78 models [3] recycles 0 hard 0 soft 1 temp 1 loss 2.75 i_con 3.69 plddt 0.43 ptm 0.87 i_ptm 0.54 energy -4.96
79 models [3] recycles 0 hard 0 soft 1 temp 1 loss 2.51 i_con 3.47 plddt 0.50 ptm 0.87 i_ptm 0.61 energy -5.04
80 models [3] recycles 0 hard 0 soft 1 temp 1 loss 2.80 i_con 3.75 plddt 0.40 ptm 0.86 i_ptm 0.51 energy -5.09
81 models [4] recycles 0 hard 0 soft 1 temp 1 loss 2.47 i_con 3.45 plddt 0.51 ptm 0.89 i_ptm 0.63 energy -5.14
82 models [3] recycles 0 hard 0 soft 1 temp 1 loss 2.47 i_con 3.47 plddt 0.52 ptm 0.87 i_ptm 0.64 energy -5.22
83 models [4] recycles 0 hard 0 soft 1 temp 1 loss 2.57 i_con 3.57 plddt 0.46 ptm 0.89 i_ptm 0.58 energy -5.31
84 models [1] recycles 0 hard 0 soft 1 temp 1 loss 4.30 i_con 5.32 plddt 0.31 ptm 0.86 i_ptm 0.17 energy -5.40
85 models [4] recycles 0 hard 0 soft 1 temp 1 loss 2.61 i_con 3.62 plddt 0.44 ptm 0.88 i_ptm 0.54 energy -5.34
86 models [0] recycles 0 hard 0 soft 1 temp 1 loss 2.82 i_con 3.84 plddt 0.37 ptm 0.85 i_ptm 0.46 energy -5.44
87 models [4] recycles 0 hard 0 soft 1 temp 1 loss 2.77 i_con 3.82 plddt 0.37 ptm 0.89 i_ptm 0.45 energy -5.55
88 models [3] recycles 0 hard 0 soft 1 temp 1 loss 2.60 i_con 3.66 plddt 0.46 ptm 0.86 i_ptm 0.54 energy -5.59
89 models [3] recycles 0 hard 0 soft 1 temp 1 loss 2.68 i_con 3.72 plddt 0.39 ptm 0.86 i_ptm 0.50 energy -5.48
90 models [0] recycles 0 hard 0 soft 1 temp 1 loss 3.82 i_con 4.88 plddt 0.28 ptm 0.83 i_ptm 0.15 energy -5.68
91 models [3] recycles 0 hard 0 soft 1 temp 1 loss 2.40 i_con 3.48 plddt 0.53 ptm 0.87 i_ptm 0.63 energy -5.64
92 models [3] recycles 0 hard 0 soft 1 temp 1 loss 2.41 i_con 3.49 plddt 0.50 ptm 0.87 i_ptm 0.63 energy -5.67
93 models [1] recycles 0 hard 0 soft 1 temp 1 loss 4.75 i_con 5.81 plddt 0.31 ptm 0.86 i_ptm 0.21 energy -5.66
94 models [2] recycles 0 hard 0 soft 1 temp 1 loss 2.56 i_con 3.65 plddt 0.47 ptm 0.87 i_ptm 0.56 energy -5.70
95 models [2] recycles 0 hard 0 soft 1 temp 1 loss 2.54 i_con 3.64 plddt 0.48 ptm 0.87 i_ptm 0.57 energy -5.75
96 models [4] recycles 0 hard 0 soft 1 temp 1 loss 2.58 i_con 3.68 plddt 0.40 ptm 0.89 i_ptm 0.52 energy -5.77
97 models [0] recycles 0 hard 0 soft 1 temp 1 loss 3.45 i_con 4.57 plddt 0.30 ptm 0.82 i_ptm 0.13 energy -5.93
98 models [0] recycles 0 hard 0 soft 1 temp 1 loss 2.58 i_con 3.68 plddt 0.48 ptm 0.85 i_ptm 0.54 energy -5.78
99 models [3] recycles 0 hard 0 soft 1 temp 1 loss 2.49 i_con 3.61 plddt 0.49 ptm 0.87 i_ptm 0.58 energy -5.84
100 models [3] recycles 0 hard 0 soft 1 temp 1 loss 2.48 i_con 3.61 plddt 0.48 ptm 0.86 i_ptm 0.55 energy -5.91
101 models [2] recycles 0 hard 0 soft 0 temp 1 loss 3.82 i_con 5.36 plddt 0.24 ptm 0.85 i_ptm 0.14 energy -32.41
102 models [2] recycles 0 hard 0 soft 0 temp 0.98 loss 2.79 i_con 4.32 plddt 0.27 ptm 0.85 i_ptm 0.22 energy -32.16
103 models [3] recycles 0 hard 0 soft 0 temp 0.96 loss 2.48 i_con 4.02 plddt 0.28 ptm 0.86 i_ptm 0.37 energy -32.18
104 models [2] recycles 0 hard 0 soft 0 temp 0.94 loss 2.53 i_con 4.09 plddt 0.29 ptm 0.86 i_ptm 0.35 energy -32.63
105 models [3] recycles 0 hard 0 soft 0 temp 0.92 loss 2.30 i_con 3.86 plddt 0.32 ptm 0.86 i_ptm 0.43 energy -32.61
106 models [0] recycles 0 hard 0 soft 0 temp 0.90 loss 2.26 i_con 3.88 plddt 0.34 ptm 0.85 i_ptm 0.45 energy -33.69
107 models [0] recycles 0 hard 0 soft 0 temp 0.88 loss 2.36 i_con 4.02 plddt 0.32 ptm 0.84 i_ptm 0.37 energy -34.41
108 models [1] recycles 0 hard 0 soft 0 temp 0.86 loss 3.15 i_con 4.82 plddt 0.22 ptm 0.85 i_ptm 0.13 energy -34.97
109 models [0] recycles 0 hard 0 soft 0 temp 0.84 loss 2.24 i_con 3.93 plddt 0.35 ptm 0.84 i_ptm 0.42 energy -35.14
110 models [0] recycles 0 hard 0 soft 0 temp 0.82 loss 2.22 i_con 3.94 plddt 0.38 ptm 0.85 i_ptm 0.43 energy -35.47
111 models [2] recycles 0 hard 0 soft 0 temp 0.80 loss 2.00 i_con 3.73 plddt 0.41 ptm 0.87 i_ptm 0.54 energy -35.92
112 models [1] recycles 0 hard 0 soft 0 temp 0.78 loss 3.32 i_con 5.08 plddt 0.22 ptm 0.86 i_ptm 0.13 energy -36.83
113 models [0] recycles 0 hard 0 soft 0 temp 0.76 loss 2.19 i_con 3.98 plddt 0.34 ptm 0.85 i_ptm 0.41 energy -37.13
114 models [0] recycles 0 hard 0 soft 0 temp 0.74 loss 2.19 i_con 4.01 plddt 0.29 ptm 0.85 i_ptm 0.36 energy -37.84
115 models [1] recycles 0 hard 0 soft 0 temp 0.72 loss 2.89 i_con 4.69 plddt 0.23 ptm 0.86 i_ptm 0.14 energy -37.54
116 models [1] recycles 0 hard 0 soft 0 temp 0.70 loss 2.26 i_con 4.06 plddt 0.30 ptm 0.86 i_ptm 0.33 energy -37.55
117 models [3] recycles 0 hard 0 soft 0 temp 0.68 loss 2.00 i_con 3.82 plddt 0.33 ptm 0.87 i_ptm 0.47 energy -37.71
118 models [2] recycles 0 hard 0 soft 0 temp 0.66 loss 1.92 i_con 3.76 plddt 0.36 ptm 0.88 i_ptm 0.50 energy -38.13
119 models [3] recycles 0 hard 0 soft 0 temp 0.64 loss 1.95 i_con 3.83 plddt 0.31 ptm 0.87 i_ptm 0.44 energy -38.94
120 models [0] recycles 0 hard 0 soft 0 temp 0.62 loss 1.97 i_con 3.87 plddt 0.36 ptm 0.85 i_ptm 0.47 energy -39.28
121 models [3] recycles 0 hard 0 soft 0 temp 0.60 loss 2.00 i_con 3.97 plddt 0.29 ptm 0.86 i_ptm 0.39 energy -40.84
122 models [4] recycles 0 hard 0 soft 0 temp 0.58 loss 1.78 i_con 3.75 plddt 0.35 ptm 0.89 i_ptm 0.51 energy -40.74
123 models [3] recycles 0 hard 0 soft 0 temp 0.56 loss 1.86 i_con 3.84 plddt 0.32 ptm 0.87 i_ptm 0.46 energy -41.03
124 models [3] recycles 0 hard 0 soft 0 temp 0.54 loss 1.77 i_con 3.82 plddt 0.33 ptm 0.87 i_ptm 0.44 energy -42.16
125 models [3] recycles 0 hard 0 soft 0 temp 0.52 loss 1.74 i_con 3.81 plddt 0.32 ptm 0.87 i_ptm 0.46 energy -42.70
126 models [0] recycles 0 hard 0 soft 0 temp 0.50 loss 1.84 i_con 3.97 plddt 0.33 ptm 0.84 i_ptm 0.37 energy -44.03
127 models [2] recycles 0 hard 0 soft 0 temp 0.48 loss 1.72 i_con 3.88 plddt 0.34 ptm 0.87 i_ptm 0.45 energy -44.38
128 models [4] recycles 0 hard 0 soft 0 temp 0.46 loss 1.78 i_con 3.96 plddt 0.31 ptm 0.88 i_ptm 0.40 energy -44.94
129 models [0] recycles 0 hard 0 soft 0 temp 0.44 loss 1.66 i_con 3.86 plddt 0.37 ptm 0.85 i_ptm 0.46 energy -45.40
130 models [0] recycles 0 hard 0 soft 0 temp 0.42 loss 1.59 i_con 3.83 plddt 0.32 ptm 0.86 i_ptm 0.45 energy -46.32
131 models [1] recycles 0 hard 0 soft 0 temp 0.40 loss 3.51 i_con 5.77 plddt 0.26 ptm 0.86 i_ptm 0.15 energy -46.68
132 models [1] recycles 0 hard 0 soft 0 temp 0.38 loss 3.25 i_con 5.53 plddt 0.23 ptm 0.85 i_ptm 0.13 energy -47.13
133 models [1] recycles 0 hard 0 soft 0 temp 0.36 loss 2.64 i_con 4.94 plddt 0.23 ptm 0.86 i_ptm 0.14 energy -47.59
134 models [2] recycles 0 hard 0 soft 0 temp 0.34 loss 2.55 i_con 4.84 plddt 0.18 ptm 0.15 i_ptm 0.27 energy -47.57
135 models [4] recycles 0 hard 0 soft 0 temp 0.32 loss 3.18 i_con 5.49 plddt 0.22 ptm 0.87 i_ptm 0.12 energy -47.57
136 models [0] recycles 0 hard 0 soft 0 temp 0.30 loss 1.82 i_con 4.11 plddt 0.29 ptm 0.84 i_ptm 0.32 energy -47.35
137 models [3] recycles 0 hard 0 soft 0 temp 0.28 loss 1.57 i_con 3.89 plddt 0.30 ptm 0.86 i_ptm 0.41 energy -47.70
138 models [4] recycles 0 hard 0 soft 0 temp 0.26 loss 1.70 i_con 4.02 plddt 0.27 ptm 0.88 i_ptm 0.36 energy -47.90
139 models [0] recycles 0 hard 0 soft 0 temp 0.24 loss 1.63 i_con 3.97 plddt 0.31 ptm 0.85 i_ptm 0.39 energy -48.12
140 models [2] recycles 0 hard 0 soft 0 temp 0.22 loss 1.46 i_con 3.82 plddt 0.33 ptm 0.87 i_ptm 0.47 energy -48.59
141 models [4] recycles 0 hard 0 soft 0 temp 0.20 loss 1.91 i_con 4.27 plddt 0.23 ptm 0.87 i_ptm 0.25 energy -48.70
142 models [4] recycles 0 hard 0 soft 0 temp 0.18 loss 1.58 i_con 3.96 plddt 0.27 ptm 0.88 i_ptm 0.39 energy -49.05
143 models [1] recycles 0 hard 0 soft 0 temp 0.16 loss 2.92 i_con 5.35 plddt 0.24 ptm 0.86 i_ptm 0.13 energy -50.03
144 models [1] recycles 0 hard 0 soft 0 temp 0.14 loss 2.70 i_con 5.14 plddt 0.23 ptm 0.85 i_ptm 0.11 energy -50.33
145 models [1] recycles 0 hard 0 soft 0 temp 0.12 loss 1.91 i_con 4.37 plddt 0.22 ptm 0.85 i_ptm 0.19 energy -50.66
146 models [3] recycles 0 hard 0 soft 0 temp 0.10 loss 1.37 i_con 3.84 plddt 0.31 ptm 0.86 i_ptm 0.44 energy -50.79
147 models [1] recycles 0 hard 0 soft 0 temp 0.08 loss 2.45 i_con 4.98 plddt 0.23 ptm 0.85 i_ptm 0.10 energy -52.27
148 models [2] recycles 0 hard 0 soft 0 temp 0.06 loss 1.38 i_con 3.94 plddt 0.31 ptm 0.87 i_ptm 0.41 energy -52.62
149 models [3] recycles 0 hard 0 soft 0 temp 0.04 loss 1.25 i_con 3.85 plddt 0.31 ptm 0.86 i_ptm 0.44 energy -53.37
150 models [4] recycles 0 hard 0 soft 0 temp 0.02 loss 1.46 i_con 4.11 plddt 0.25 ptm 0.87 i_ptm 0.33 energy -54.49
151 models [2] recycles 0 hard 1 soft 0 temp 0.00 loss 3.27 i_con 5.50 plddt 0.27 ptm 0.86 i_ptm 0.23 energy -4.59
152 models [2] recycles 0 hard 1 soft 0 temp 0.00 loss 3.27 i_con 5.50 plddt 0.27 ptm 0.86 i_ptm 0.23 energy -4.59
153 models [3] recycles 0 hard 1 soft 0 temp 0.00 loss 1.36 i_con 3.59 plddt 0.40 ptm 0.87 i_ptm 0.56 energy -4.59
154 models [0] recycles 0 hard 1 soft 0 temp 0.00 loss 1.44 i_con 3.67 plddt 0.41 ptm 0.85 i_ptm 0.54 energy -4.59
155 models [4] recycles 0 hard 1 soft 0 temp 0.00 loss 3.26 i_con 5.48 plddt 0.22 ptm 0.87 i_ptm 0.15 energy -4.59
156 models [2] recycles 0 hard 1 soft 0 temp 0.00 loss 3.27 i_con 5.50 plddt 0.27 ptm 0.86 i_ptm 0.23 energy -4.59
157 models [3] recycles 0 hard 1 soft 0 temp 0.00 loss 1.36 i_con 3.59 plddt 0.40 ptm 0.87 i_ptm 0.56 energy -4.59
158 models [1] recycles 0 hard 1 soft 0 temp 0.00 loss 3.42 i_con 5.64 plddt 0.28 ptm 0.86 i_ptm 0.21 energy -4.59
159 models [0] recycles 0 hard 1 soft 0 temp 0.00 loss 1.44 i_con 3.67 plddt 0.41 ptm 0.85 i_ptm 0.54 energy -4.59
160 models [1] recycles 0 hard 1 soft 0 temp 0.00 loss 3.42 i_con 5.64 plddt 0.28 ptm 0.86 i_ptm 0.21 energy -4.59
161 models [4] recycles 0 hard 1 soft 0 temp 0.00 loss 3.26 i_con 5.48 plddt 0.22 ptm 0.87 i_ptm 0.15 energy -4.59
162 models [1] recycles 0 hard 1 soft 0 temp 0.00 loss 3.42 i_con 5.64 plddt 0.28 ptm 0.86 i_ptm 0.21 energy -4.59
163 models [3] recycles 0 hard 1 soft 0 temp 0.00 loss 1.36 i_con 3.59 plddt 0.40 ptm 0.87 i_ptm 0.56 energy -4.59
164 models [3] recycles 0 hard 1 soft 0 temp 0.00 loss 1.36 i_con 3.59 plddt 0.40 ptm 0.87 i_ptm 0.56 energy -4.59
165 models [3] recycles 0 hard 1 soft 0 temp 0.00 loss 1.36 i_con 3.59 plddt 0.40 ptm 0.87 i_ptm 0.56 energy -4.59
166 models [1] recycles 0 hard 1 soft 0 temp 0.00 loss 3.42 i_con 5.64 plddt 0.28 ptm 0.86 i_ptm 0.21 energy -4.59
167 models [1] recycles 0 hard 1 soft 0 temp 0.00 loss 3.42 i_con 5.64 plddt 0.28 ptm 0.86 i_ptm 0.21 energy -4.59
168 models [0] recycles 0 hard 1 soft 0 temp 0.00 loss 1.44 i_con 3.67 plddt 0.41 ptm 0.85 i_ptm 0.54 energy -4.59
169 models [3] recycles 0 hard 1 soft 0 temp 0.00 loss 1.36 i_con 3.59 plddt 0.40 ptm 0.87 i_ptm 0.56 energy -4.59
170 models [0] recycles 0 hard 1 soft 0 temp 0.00 loss 1.44 i_con 3.67 plddt 0.41 ptm 0.85 i_ptm 0.54 energy -4.59
171 models [0] recycles 0 hard 1 soft 0 temp 0.00 loss 1.44 i_con 3.67 plddt 0.41 ptm 0.85 i_ptm 0.54 energy -4.59
172 models [0] recycles 0 hard 1 soft 0 temp 0.00 loss 1.44 i_con 3.67 plddt 0.41 ptm 0.85 i_ptm 0.54 energy -4.59
173 models [4] recycles 0 hard 1 soft 0 temp 0.00 loss 3.26 i_con 5.48 plddt 0.22 ptm 0.87 i_ptm 0.15 energy -4.59
174 models [3] recycles 0 hard 1 soft 0 temp 0.00 loss 1.36 i_con 3.59 plddt 0.40 ptm 0.87 i_ptm 0.56 energy -4.59
175 models [1] recycles 0 hard 1 soft 0 temp 0.00 loss 3.42 i_con 5.64 plddt 0.28 ptm 0.86 i_ptm 0.21 energy -4.59
176 models [1] recycles 0 hard 1 soft 0 temp 0.00 loss 3.42 i_con 5.64 plddt 0.28 ptm 0.86 i_ptm 0.21 energy -4.59
177 models [3] recycles 0 hard 1 soft 0 temp 0.00 loss 1.36 i_con 3.59 plddt 0.40 ptm 0.87 i_ptm 0.56 energy -4.59
178 models [1] recycles 0 hard 1 soft 0 temp 0.00 loss 3.42 i_con 5.64 plddt 0.28 ptm 0.86 i_ptm 0.21 energy -4.59
179 models [2] recycles 0 hard 1 soft 0 temp 0.00 loss 3.27 i_con 5.50 plddt 0.27 ptm 0.86 i_ptm 0.23 energy -4.59
180 models [0] recycles 0 hard 1 soft 0 temp 0.00 loss 1.44 i_con 3.67 plddt 0.41 ptm 0.85 i_ptm 0.54 energy -4.59
  seq=AAKLPAQWVNWFFGC  loss=1.4364  loss_af=3.7327  energy=-4.5927  i_ptm=0.5350
[3/20] seed=2 ...
1 models [0] recycles 0 hard 0 soft 1 temp 1 loss 5.83 i_con 5.38 plddt 0.26 ptm 0.84 i_ptm 0.32 energy 7.37
2 models [4] recycles 0 hard 0 soft 1 temp 1 loss 4.53 i_con 4.11 plddt 0.28 ptm 0.88 i_ptm 0.31 energy 6.98
3 models [3] recycles 0 hard 0 soft 1 temp 1 loss 4.15 i_con 3.76 plddt 0.38 ptm 0.86 i_ptm 0.48 energy 6.69
4 models [0] recycles 0 hard 0 soft 1 temp 1 loss 4.37 i_con 4.00 plddt 0.30 ptm 0.85 i_ptm 0.35 energy 6.08
5 models [1] recycles 0 hard 0 soft 1 temp 1 loss 4.75 i_con 4.40 plddt 0.23 ptm 0.85 i_ptm 0.17 energy 5.40
6 models [4] recycles 0 hard 0 soft 1 temp 1 loss 5.03 i_con 4.69 plddt 0.22 ptm 0.87 i_ptm 0.16 energy 5.36
7 models [3] recycles 0 hard 0 soft 1 temp 1 loss 4.01 i_con 3.68 plddt 0.34 ptm 0.86 i_ptm 0.47 energy 5.27
8 models [4] recycles 0 hard 0 soft 1 temp 1 loss 4.25 i_con 3.95 plddt 0.33 ptm 0.88 i_ptm 0.41 energy 4.52
9 models [3] recycles 0 hard 0 soft 1 temp 1 loss 3.93 i_con 3.66 plddt 0.39 ptm 0.87 i_ptm 0.50 energy 4.06
10 models [3] recycles 0 hard 0 soft 1 temp 1 loss 3.96 i_con 3.71 plddt 0.34 ptm 0.87 i_ptm 0.46 energy 3.58
11 models [1] recycles 0 hard 0 soft 1 temp 1 loss 4.73 i_con 4.50 plddt 0.22 ptm 0.86 i_ptm 0.17 energy 3.06
12 models [3] recycles 0 hard 0 soft 1 temp 1 loss 3.67 i_con 3.46 plddt 0.40 ptm 0.87 i_ptm 0.59 energy 3.00
13 models [2] recycles 0 hard 0 soft 1 temp 1 loss 4.06 i_con 3.85 plddt 0.35 ptm 0.87 i_ptm 0.46 energy 2.91
14 models [1] recycles 0 hard 0 soft 1 temp 1 loss 4.41 i_con 4.22 plddt 0.25 ptm 0.86 i_ptm 0.26 energy 2.45
15 models [1] recycles 0 hard 0 soft 1 temp 1 loss 4.41 i_con 4.22 plddt 0.27 ptm 0.86 i_ptm 0.27 energy 2.30
16 models [4] recycles 0 hard 0 soft 1 temp 1 loss 3.98 i_con 3.82 plddt 0.38 ptm 0.88 i_ptm 0.48 energy 1.98
17 models [3] recycles 0 hard 0 soft 1 temp 1 loss 3.88 i_con 3.71 plddt 0.36 ptm 0.86 i_ptm 0.49 energy 1.98
18 models [2] recycles 0 hard 0 soft 1 temp 1 loss 4.02 i_con 3.87 plddt 0.34 ptm 0.88 i_ptm 0.42 energy 1.68
19 models [2] recycles 0 hard 0 soft 1 temp 1 loss 3.94 i_con 3.81 plddt 0.35 ptm 0.87 i_ptm 0.46 energy 1.32
20 models [4] recycles 0 hard 0 soft 1 temp 1 loss 3.97 i_con 3.85 plddt 0.34 ptm 0.88 i_ptm 0.45 energy 1.22
21 models [3] recycles 0 hard 0 soft 1 temp 1 loss 3.71 i_con 3.59 plddt 0.40 ptm 0.87 i_ptm 0.54 energy 1.10
22 models [3] recycles 0 hard 0 soft 1 temp 1 loss 3.79 i_con 3.68 plddt 0.36 ptm 0.87 i_ptm 0.50 energy 0.88
23 models [0] recycles 0 hard 0 soft 1 temp 1 loss 3.92 i_con 3.82 plddt 0.38 ptm 0.85 i_ptm 0.46 energy 0.76
24 models [4] recycles 0 hard 0 soft 1 temp 1 loss 3.97 i_con 3.88 plddt 0.32 ptm 0.88 i_ptm 0.39 energy 0.37
25 models [3] recycles 0 hard 0 soft 1 temp 1 loss 5.47 i_con 5.40 plddt 0.25 ptm 0.84 i_ptm 0.16 energy 0.03
26 models [1] recycles 0 hard 0 soft 1 temp 1 loss 4.28 i_con 4.19 plddt 0.26 ptm 0.86 i_ptm 0.27 energy 0.26
27 models [2] recycles 0 hard 0 soft 1 temp 1 loss 3.88 i_con 3.81 plddt 0.34 ptm 0.87 i_ptm 0.43 energy 0.08
28 models [2] recycles 0 hard 0 soft 1 temp 1 loss 3.75 i_con 3.71 plddt 0.42 ptm 0.88 i_ptm 0.55 energy -0.34
29 models [3] recycles 0 hard 0 soft 1 temp 1 loss 3.83 i_con 3.79 plddt 0.32 ptm 0.86 i_ptm 0.41 energy -0.58
30 models [2] recycles 0 hard 0 soft 1 temp 1 loss 3.94 i_con 3.91 plddt 0.33 ptm 0.86 i_ptm 0.39 energy -0.70
31 models [4] recycles 0 hard 0 soft 1 temp 1 loss 3.81 i_con 3.79 plddt 0.36 ptm 0.89 i_ptm 0.46 energy -0.97
32 models [4] recycles 0 hard 0 soft 1 temp 1 loss 4.95 i_con 4.93 plddt 0.22 ptm 0.87 i_ptm 0.16 energy -1.11
33 models [0] recycles 0 hard 0 soft 1 temp 1 loss 3.80 i_con 3.78 plddt 0.35 ptm 0.85 i_ptm 0.46 energy -1.05
34 models [1] recycles 0 hard 0 soft 1 temp 1 loss 4.43 i_con 4.41 plddt 0.24 ptm 0.86 i_ptm 0.17 energy -1.13
35 models [1] recycles 0 hard 0 soft 1 temp 1 loss 4.56 i_con 4.54 plddt 0.22 ptm 0.86 i_ptm 0.14 energy -1.12
36 models [3] recycles 0 hard 0 soft 1 temp 1 loss 3.65 i_con 3.65 plddt 0.38 ptm 0.86 i_ptm 0.52 energy -1.21
37 models [3] recycles 0 hard 0 soft 1 temp 1 loss 3.92 i_con 3.91 plddt 0.32 ptm 0.85 i_ptm 0.38 energy -1.15
38 models [0] recycles 0 hard 0 soft 1 temp 1 loss 4.02 i_con 4.01 plddt 0.33 ptm 0.84 i_ptm 0.34 energy -1.04
39 models [3] recycles 0 hard 0 soft 1 temp 1 loss 3.61 i_con 3.60 plddt 0.37 ptm 0.87 i_ptm 0.53 energy -1.10
40 models [3] recycles 0 hard 0 soft 1 temp 1 loss 3.55 i_con 3.55 plddt 0.41 ptm 0.87 i_ptm 0.55 energy -1.27
41 models [0] recycles 0 hard 0 soft 1 temp 1 loss 3.55 i_con 3.55 plddt 0.42 ptm 0.85 i_ptm 0.60 energy -1.28
42 models [3] recycles 0 hard 0 soft 1 temp 1 loss 3.39 i_con 3.40 plddt 0.40 ptm 0.87 i_ptm 0.61 energy -1.40
43 models [4] recycles 0 hard 0 soft 1 temp 1 loss 3.69 i_con 3.69 plddt 0.36 ptm 0.89 i_ptm 0.50 energy -1.47
44 models [1] recycles 0 hard 0 soft 1 temp 1 loss 3.90 i_con 3.92 plddt 0.31 ptm 0.87 i_ptm 0.38 energy -1.70
45 models [4] recycles 0 hard 0 soft 1 temp 1 loss 3.59 i_con 3.61 plddt 0.37 ptm 0.89 i_ptm 0.53 energy -1.75
46 models [4] recycles 0 hard 0 soft 1 temp 1 loss 3.62 i_con 3.65 plddt 0.37 ptm 0.89 i_ptm 0.54 energy -1.87
47 models [3] recycles 0 hard 0 soft 1 temp 1 loss 3.53 i_con 3.57 plddt 0.41 ptm 0.87 i_ptm 0.56 energy -1.96
48 models [3] recycles 0 hard 0 soft 1 temp 1 loss 3.61 i_con 3.65 plddt 0.37 ptm 0.87 i_ptm 0.53 energy -2.15
49 models [1] recycles 0 hard 0 soft 1 temp 1 loss 3.77 i_con 3.83 plddt 0.36 ptm 0.87 i_ptm 0.46 energy -2.38
50 models [4] recycles 0 hard 0 soft 1 temp 1 loss 3.49 i_con 3.55 plddt 0.41 ptm 0.89 i_ptm 0.60 energy -2.39
51 models [0] recycles 0 hard 0 soft 1 temp 1 loss 3.28 i_con 3.70 plddt 0.42 ptm 0.86 i_ptm 0.53 energy -2.39
52 models [0] recycles 0 hard 0 soft 1 temp 1 loss 3.19 i_con 3.65 plddt 0.41 ptm 0.85 i_ptm 0.56 energy -2.56
53 models [2] recycles 0 hard 0 soft 1 temp 1 loss 3.23 i_con 3.69 plddt 0.39 ptm 0.87 i_ptm 0.53 energy -2.61
54 models [2] recycles 0 hard 0 soft 1 temp 1 loss 3.26 i_con 3.74 plddt 0.35 ptm 0.87 i_ptm 0.49 energy -2.70
55 models [0] recycles 0 hard 0 soft 1 temp 1 loss 3.21 i_con 3.72 plddt 0.38 ptm 0.86 i_ptm 0.52 energy -2.85
56 models [2] recycles 0 hard 0 soft 1 temp 1 loss 3.63 i_con 4.15 plddt 0.30 ptm 0.85 i_ptm 0.27 energy -2.94
57 models [3] recycles 0 hard 0 soft 1 temp 1 loss 3.11 i_con 3.63 plddt 0.43 ptm 0.87 i_ptm 0.56 energy -2.91
58 models [1] recycles 0 hard 0 soft 1 temp 1 loss 3.18 i_con 3.71 plddt 0.36 ptm 0.88 i_ptm 0.51 energy -3.02
59 models [1] recycles 0 hard 0 soft 1 temp 1 loss 3.49 i_con 4.04 plddt 0.28 ptm 0.87 i_ptm 0.30 energy -3.11
60 models [3] recycles 0 hard 0 soft 1 temp 1 loss 3.10 i_con 3.65 plddt 0.39 ptm 0.87 i_ptm 0.54 energy -3.06
61 models [4] recycles 0 hard 0 soft 1 temp 1 loss 3.13 i_con 3.70 plddt 0.38 ptm 0.89 i_ptm 0.55 energy -3.16
62 models [2] recycles 0 hard 0 soft 1 temp 1 loss 3.05 i_con 3.63 plddt 0.41 ptm 0.87 i_ptm 0.54 energy -3.19
63 models [4] recycles 0 hard 0 soft 1 temp 1 loss 2.65 i_con 3.26 plddt 0.44 ptm 0.90 i_ptm 0.68 energy -3.31
64 models [3] recycles 0 hard 0 soft 1 temp 1 loss 3.07 i_con 3.69 plddt 0.37 ptm 0.86 i_ptm 0.50 energy -3.40
65 models [0] recycles 0 hard 0 soft 1 temp 1 loss 3.26 i_con 3.88 plddt 0.31 ptm 0.85 i_ptm 0.39 energy -3.42
66 models [3] recycles 0 hard 0 soft 1 temp 1 loss 2.59 i_con 3.24 plddt 0.44 ptm 0.88 i_ptm 0.72 energy -3.48
67 models [1] recycles 0 hard 0 soft 1 temp 1 loss 2.86 i_con 3.49 plddt 0.43 ptm 0.88 i_ptm 0.62 energy -3.47
68 models [1] recycles 0 hard 0 soft 1 temp 1 loss 3.26 i_con 3.89 plddt 0.36 ptm 0.87 i_ptm 0.41 energy -3.47
69 models [2] recycles 0 hard 0 soft 1 temp 1 loss 2.78 i_con 3.44 plddt 0.49 ptm 0.88 i_ptm 0.65 energy -3.57
70 models [1] recycles 0 hard 0 soft 1 temp 1 loss 3.80 i_con 4.45 plddt 0.24 ptm 0.86 i_ptm 0.16 energy -3.63
71 models [4] recycles 0 hard 0 soft 1 temp 1 loss 3.05 i_con 3.72 plddt 0.34 ptm 0.88 i_ptm 0.49 energy -3.65
72 models [1] recycles 0 hard 0 soft 1 temp 1 loss 3.62 i_con 4.30 plddt 0.25 ptm 0.86 i_ptm 0.21 energy -3.77
73 models [0] recycles 0 hard 0 soft 1 temp 1 loss 2.84 i_con 3.56 plddt 0.45 ptm 0.86 i_ptm 0.59 energy -3.86
74 models [1] recycles 0 hard 0 soft 1 temp 1 loss 4.00 i_con 4.71 plddt 0.29 ptm 0.86 i_ptm 0.23 energy -3.91
75 models [4] recycles 0 hard 0 soft 1 temp 1 loss 3.01 i_con 3.73 plddt 0.36 ptm 0.89 i_ptm 0.50 energy -3.94
76 models [0] recycles 0 hard 0 soft 1 temp 1 loss 2.61 i_con 3.34 plddt 0.45 ptm 0.87 i_ptm 0.69 energy -3.92
77 models [1] recycles 0 hard 0 soft 1 temp 1 loss 2.87 i_con 3.63 plddt 0.43 ptm 0.88 i_ptm 0.58 energy -4.06
78 models [3] recycles 0 hard 0 soft 1 temp 1 loss 2.74 i_con 3.48 plddt 0.38 ptm 0.87 i_ptm 0.62 energy -4.04
79 models [2] recycles 0 hard 0 soft 1 temp 1 loss 2.46 i_con 3.20 plddt 0.52 ptm 0.89 i_ptm 0.72 energy -3.97
80 models [2] recycles 0 hard 0 soft 1 temp 1 loss 2.41 i_con 3.17 plddt 0.47 ptm 0.88 i_ptm 0.72 energy -4.08
81 models [0] recycles 0 hard 0 soft 1 temp 1 loss 2.41 i_con 3.17 plddt 0.46 ptm 0.87 i_ptm 0.72 energy -4.08
82 models [2] recycles 0 hard 0 soft 1 temp 1 loss 3.00 i_con 3.77 plddt 0.37 ptm 0.87 i_ptm 0.49 energy -4.18
83 models [4] recycles 0 hard 0 soft 1 temp 1 loss 2.89 i_con 3.68 plddt 0.41 ptm 0.89 i_ptm 0.53 energy -4.25
84 models [2] recycles 0 hard 0 soft 1 temp 1 loss 2.82 i_con 3.63 plddt 0.43 ptm 0.87 i_ptm 0.59 energy -4.31
85 models [2] recycles 0 hard 0 soft 1 temp 1 loss 2.87 i_con 3.68 plddt 0.38 ptm 0.87 i_ptm 0.53 energy -4.34
86 models [1] recycles 0 hard 0 soft 1 temp 1 loss 3.43 i_con 4.21 plddt 0.26 ptm 0.86 i_ptm 0.24 energy -4.28
87 models [0] recycles 0 hard 0 soft 1 temp 1 loss 2.95 i_con 3.76 plddt 0.42 ptm 0.85 i_ptm 0.51 energy -4.33
88 models [3] recycles 0 hard 0 soft 1 temp 1 loss 2.75 i_con 3.57 plddt 0.41 ptm 0.87 i_ptm 0.62 energy -4.42
89 models [4] recycles 0 hard 0 soft 1 temp 1 loss 3.07 i_con 3.90 plddt 0.28 ptm 0.88 i_ptm 0.39 energy -4.53
90 models [1] recycles 0 hard 0 soft 1 temp 1 loss 3.35 i_con 4.17 plddt 0.30 ptm 0.86 i_ptm 0.28 energy -4.46
91 models [2] recycles 0 hard 0 soft 1 temp 1 loss 2.86 i_con 3.68 plddt 0.42 ptm 0.88 i_ptm 0.54 energy -4.39
92 models [1] recycles 0 hard 0 soft 1 temp 1 loss 3.06 i_con 3.87 plddt 0.34 ptm 0.87 i_ptm 0.39 energy -4.40
93 models [3] recycles 0 hard 0 soft 1 temp 1 loss 2.97 i_con 3.80 plddt 0.32 ptm 0.86 i_ptm 0.45 energy -4.50
94 models [1] recycles 0 hard 0 soft 1 temp 1 loss 2.56 i_con 3.44 plddt 0.44 ptm 0.88 i_ptm 0.64 energy -4.68
95 models [4] recycles 0 hard 0 soft 1 temp 1 loss 4.73 i_con 5.59 plddt 0.26 ptm 0.87 i_ptm 0.21 energy -4.67
96 models [2] recycles 0 hard 0 soft 1 temp 1 loss 3.09 i_con 3.96 plddt 0.33 ptm 0.86 i_ptm 0.39 energy -4.68
97 models [3] recycles 0 hard 0 soft 1 temp 1 loss 3.29 i_con 4.17 plddt 0.27 ptm 0.85 i_ptm 0.25 energy -4.74
98 models [3] recycles 0 hard 0 soft 1 temp 1 loss 3.04 i_con 3.93 plddt 0.30 ptm 0.85 i_ptm 0.38 energy -4.83
99 models [0] recycles 0 hard 0 soft 1 temp 1 loss 2.70 i_con 3.58 plddt 0.42 ptm 0.86 i_ptm 0.60 energy -4.71
100 models [0] recycles 0 hard 0 soft 1 temp 1 loss 2.73 i_con 3.64 plddt 0.41 ptm 0.86 i_ptm 0.59 energy -4.84
101 models [1] recycles 0 hard 0 soft 0 temp 1 loss 4.89 i_con 5.96 plddt 0.25 ptm 0.86 i_ptm 0.17 energy -22.95
102 models [0] recycles 0 hard 0 soft 0 temp 0.98 loss 3.21 i_con 4.29 plddt 0.25 ptm 0.85 i_ptm 0.22 energy -23.09
103 models [0] recycles 0 hard 0 soft 0 temp 0.96 loss 3.42 i_con 4.51 plddt 0.23 ptm 0.83 i_ptm 0.18 energy -23.44
104 models [3] recycles 0 hard 0 soft 0 temp 0.94 loss 1.22 i_con 2.30 plddt 0.28 ptm 0.60 i_ptm 0.75 energy -23.04
105 models [3] recycles 0 hard 0 soft 0 temp 0.92 loss 0.49 i_con 1.58 plddt 0.44 ptm 0.85 i_ptm 0.86 energy -22.83
106 models [3] recycles 0 hard 0 soft 0 temp 0.90 loss -0.71 i_con 0.37 plddt 0.32 ptm 0.93 i_ptm 0.93 energy -22.89
107 models [0] recycles 0 hard 0 soft 0 temp 0.88 loss 3.91 i_con 4.97 plddt 0.21 ptm 0.84 i_ptm 0.10 energy -22.78
108 models [4] recycles 0 hard 0 soft 0 temp 0.86 loss 4.63 i_con 5.70 plddt 0.22 ptm 0.87 i_ptm 0.13 energy -23.04
109 models [2] recycles 0 hard 0 soft 0 temp 0.84 loss 4.28 i_con 5.36 plddt 0.20 ptm 0.47 i_ptm 0.12 energy -23.29
110 models [3] recycles 0 hard 0 soft 0 temp 0.82 loss 0.90 i_con 1.99 plddt 0.32 ptm 0.71 i_ptm 0.72 energy -23.26
111 models [3] recycles 0 hard 0 soft 0 temp 0.80 loss 2.15 i_con 3.25 plddt 0.24 ptm 0.56 i_ptm 0.53 energy -23.52
112 models [3] recycles 0 hard 0 soft 0 temp 0.78 loss -0.19 i_con 0.94 plddt 0.35 ptm 0.81 i_ptm 0.81 energy -23.73
113 models [4] recycles 0 hard 0 soft 0 temp 0.76 loss 2.89 i_con 4.00 plddt 0.22 ptm 0.32 i_ptm 0.63 energy -23.63
114 models [4] recycles 0 hard 0 soft 0 temp 0.74 loss 2.89 i_con 4.00 plddt 0.19 ptm 0.27 i_ptm 0.53 energy -23.80
115 models [2] recycles 0 hard 0 soft 0 temp 0.72 loss 2.18 i_con 3.31 plddt 0.25 ptm 0.36 i_ptm 0.64 energy -23.98
116 models [3] recycles 0 hard 0 soft 0 temp 0.70 loss 0.22 i_con 1.36 plddt 0.37 ptm 0.76 i_ptm 0.76 energy -24.01
117 models [2] recycles 0 hard 0 soft 0 temp 0.68 loss 1.49 i_con 2.63 plddt 0.27 ptm 0.49 i_ptm 0.59 energy -24.26
118 models [0] recycles 0 hard 0 soft 0 temp 0.66 loss 2.72 i_con 3.86 plddt 0.24 ptm 0.31 i_ptm 0.61 energy -24.25
119 models [4] recycles 0 hard 0 soft 0 temp 0.64 loss 1.33 i_con 2.48 plddt 0.35 ptm 0.71 i_ptm 0.80 energy -24.18
120 models [0] recycles 0 hard 0 soft 0 temp 0.62 loss 2.60 i_con 3.74 plddt 0.26 ptm 0.38 i_ptm 0.49 energy -24.31
121 models [4] recycles 0 hard 0 soft 0 temp 0.60 loss 4.75 i_con 5.89 plddt 0.21 ptm 0.87 i_ptm 0.14 energy -24.51
122 models [4] recycles 0 hard 0 soft 0 temp 0.58 loss 0.38 i_con 1.55 plddt 0.26 ptm 0.56 i_ptm 0.80 energy -24.87
123 models [3] recycles 0 hard 0 soft 0 temp 0.56 loss 1.48 i_con 2.66 plddt 0.31 ptm 0.64 i_ptm 0.64 energy -25.01
124 models [3] recycles 0 hard 0 soft 0 temp 0.54 loss 0.11 i_con 1.29 plddt 0.22 ptm 0.77 i_ptm 0.77 energy -25.07
125 models [0] recycles 0 hard 0 soft 0 temp 0.52 loss 3.69 i_con 4.86 plddt 0.23 ptm 0.83 i_ptm 0.10 energy -25.10
126 models [1] recycles 0 hard 0 soft 0 temp 0.50 loss 4.00 i_con 5.19 plddt 0.21 ptm 0.86 i_ptm 0.10 energy -25.24
127 models [4] recycles 0 hard 0 soft 0 temp 0.48 loss 1.77 i_con 2.98 plddt 0.24 ptm 0.66 i_ptm 0.66 energy -25.69
128 models [4] recycles 0 hard 0 soft 0 temp 0.46 loss 1.10 i_con 2.32 plddt 0.38 ptm 0.68 i_ptm 0.84 energy -25.56
129 models [4] recycles 0 hard 0 soft 0 temp 0.44 loss 0.63 i_con 1.84 plddt 0.37 ptm 0.69 i_ptm 0.84 energy -25.54
130 models [2] recycles 0 hard 0 soft 0 temp 0.42 loss 0.85 i_con 2.05 plddt 0.29 ptm 0.55 i_ptm 0.80 energy -25.41
131 models [2] recycles 0 hard 0 soft 0 temp 0.40 loss 0.46 i_con 1.65 plddt 0.30 ptm 0.62 i_ptm 0.74 energy -25.24
132 models [0] recycles 0 hard 0 soft 0 temp 0.38 loss 1.84 i_con 3.03 plddt 0.26 ptm 0.57 i_ptm 0.69 energy -25.36
133 models [3] recycles 0 hard 0 soft 0 temp 0.36 loss -0.73 i_con 0.48 plddt 0.32 ptm 0.83 i_ptm 0.83 energy -25.47
134 models [4] recycles 0 hard 0 soft 0 temp 0.34 loss 1.09 i_con 2.30 plddt 0.35 ptm 0.80 i_ptm 0.88 energy -25.59
135 models [1] recycles 0 hard 0 soft 0 temp 0.32 loss 4.15 i_con 5.35 plddt 0.19 ptm 0.85 i_ptm 0.07 energy -25.64
136 models [1] recycles 0 hard 0 soft 0 temp 0.30 loss 4.07 i_con 5.26 plddt 0.24 ptm 0.85 i_ptm 0.08 energy -25.41
137 models [1] recycles 0 hard 0 soft 0 temp 0.28 loss 2.70 i_con 3.90 plddt 0.21 ptm 0.27 i_ptm 0.45 energy -25.61
138 models [2] recycles 0 hard 0 soft 0 temp 0.26 loss 1.28 i_con 2.49 plddt 0.25 ptm 0.50 i_ptm 0.72 energy -25.72
139 models [3] recycles 0 hard 0 soft 0 temp 0.24 loss 0.68 i_con 1.90 plddt 0.33 ptm 0.71 i_ptm 0.69 energy -25.66
140 models [0] recycles 0 hard 0 soft 0 temp 0.22 loss 3.31 i_con 4.50 plddt 0.19 ptm 0.18 i_ptm 0.38 energy -25.54
141 models [4] recycles 0 hard 0 soft 0 temp 0.20 loss 2.52 i_con 3.72 plddt 0.17 ptm 0.47 i_ptm 0.59 energy -25.65
142 models [1] recycles 0 hard 0 soft 0 temp 0.18 loss 4.18 i_con 5.38 plddt 0.20 ptm 0.84 i_ptm 0.26 energy -25.62
143 models [0] recycles 0 hard 0 soft 0 temp 0.16 loss 4.35 i_con 5.56 plddt 0.23 ptm 0.83 i_ptm 0.11 energy -25.71
144 models [1] recycles 0 hard 0 soft 0 temp 0.14 loss 4.12 i_con 5.33 plddt 0.20 ptm 0.85 i_ptm 0.08 energy -25.73
145 models [4] recycles 0 hard 0 soft 0 temp 0.12 loss 3.61 i_con 4.81 plddt 0.16 ptm 0.37 i_ptm 0.46 energy -25.60
146 models [3] recycles 0 hard 0 soft 0 temp 0.10 loss 2.51 i_con 3.73 plddt 0.21 ptm 0.45 i_ptm 0.47 energy -25.86
147 models [0] recycles 0 hard 0 soft 0 temp 0.08 loss 2.29 i_con 3.52 plddt 0.26 ptm 0.33 i_ptm 0.47 energy -26.13
148 models [2] recycles 0 hard 0 soft 0 temp 0.06 loss 1.85 i_con 3.09 plddt 0.34 ptm 0.56 i_ptm 0.74 energy -26.17
149 models [1] recycles 0 hard 0 soft 0 temp 0.04 loss 3.89 i_con 5.13 plddt 0.22 ptm 0.86 i_ptm 0.11 energy -26.24
150 models [1] recycles 0 hard 0 soft 0 temp 0.02 loss 1.91 i_con 3.16 plddt 0.28 ptm 0.51 i_ptm 0.51 energy -26.42
151 models [4] recycles 0 hard 1 soft 0 temp 0.00 loss 2.81 i_con 5.11 plddt 0.19 ptm 0.87 i_ptm 0.15 energy -4.75
152 models [4] recycles 0 hard 1 soft 0 temp 0.00 loss 2.81 i_con 5.11 plddt 0.19 ptm 0.87 i_ptm 0.15 energy -4.75
153 models [2] recycles 0 hard 1 soft 0 temp 0.00 loss 1.24 i_con 3.55 plddt 0.35 ptm 0.88 i_ptm 0.60 energy -4.75
154 models [0] recycles 0 hard 1 soft 0 temp 0.00 loss 1.56 i_con 3.86 plddt 0.29 ptm 0.85 i_ptm 0.46 energy -4.75
155 models [1] recycles 0 hard 1 soft 0 temp 0.00 loss 3.67 i_con 5.97 plddt 0.23 ptm 0.86 i_ptm 0.20 energy -4.75
156 models [3] recycles 0 hard 1 soft 0 temp 0.00 loss 1.10 i_con 3.41 plddt 0.37 ptm 0.88 i_ptm 0.63 energy -4.75
157 models [4] recycles 0 hard 1 soft 0 temp 0.00 loss 2.81 i_con 5.11 plddt 0.19 ptm 0.87 i_ptm 0.15 energy -4.75
158 models [3] recycles 0 hard 1 soft 0 temp 0.00 loss 1.10 i_con 3.41 plddt 0.37 ptm 0.88 i_ptm 0.63 energy -4.75
159 models [4] recycles 0 hard 1 soft 0 temp 0.00 loss 2.81 i_con 5.11 plddt 0.19 ptm 0.87 i_ptm 0.15 energy -4.75
160 models [4] recycles 0 hard 1 soft 0 temp 0.00 loss 2.81 i_con 5.11 plddt 0.19 ptm 0.87 i_ptm 0.15 energy -4.75
161 models [0] recycles 0 hard 1 soft 0 temp 0.00 loss 1.56 i_con 3.86 plddt 0.29 ptm 0.85 i_ptm 0.46 energy -4.75
162 models [0] recycles 0 hard 1 soft 0 temp 0.00 loss 1.56 i_con 3.86 plddt 0.29 ptm 0.85 i_ptm 0.46 energy -4.75
163 models [1] recycles 0 hard 1 soft 0 temp 0.00 loss 3.67 i_con 5.97 plddt 0.23 ptm 0.86 i_ptm 0.20 energy -4.75
164 models [2] recycles 0 hard 1 soft 0 temp 0.00 loss 1.24 i_con 3.55 plddt 0.35 ptm 0.88 i_ptm 0.60 energy -4.75
165 models [2] recycles 0 hard 1 soft 0 temp 0.00 loss 1.24 i_con 3.55 plddt 0.35 ptm 0.88 i_ptm 0.60 energy -4.75
166 models [2] recycles 0 hard 1 soft 0 temp 0.00 loss 1.24 i_con 3.55 plddt 0.35 ptm 0.88 i_ptm 0.60 energy -4.75
167 models [2] recycles 0 hard 1 soft 0 temp 0.00 loss 1.24 i_con 3.55 plddt 0.35 ptm 0.88 i_ptm 0.60 energy -4.75
168 models [4] recycles 0 hard 1 soft 0 temp 0.00 loss 2.81 i_con 5.11 plddt 0.19 ptm 0.87 i_ptm 0.15 energy -4.75
169 models [1] recycles 0 hard 1 soft 0 temp 0.00 loss 3.67 i_con 5.97 plddt 0.23 ptm 0.86 i_ptm 0.20 energy -4.75
170 models [1] recycles 0 hard 1 soft 0 temp 0.00 loss 3.67 i_con 5.97 plddt 0.23 ptm 0.86 i_ptm 0.20 energy -4.75
171 models [2] recycles 0 hard 1 soft 0 temp 0.00 loss 1.24 i_con 3.55 plddt 0.35 ptm 0.88 i_ptm 0.60 energy -4.75
172 models [2] recycles 0 hard 1 soft 0 temp 0.00 loss 1.24 i_con 3.55 plddt 0.35 ptm 0.88 i_ptm 0.60 energy -4.75
173 models [4] recycles 0 hard 1 soft 0 temp 0.00 loss 2.81 i_con 5.11 plddt 0.19 ptm 0.87 i_ptm 0.15 energy -4.75
174 models [1] recycles 0 hard 1 soft 0 temp 0.00 loss 3.67 i_con 5.97 plddt 0.23 ptm 0.86 i_ptm 0.20 energy -4.75
175 models [0] recycles 0 hard 1 soft 0 temp 0.00 loss 1.56 i_con 3.86 plddt 0.29 ptm 0.85 i_ptm 0.46 energy -4.75
176 models [4] recycles 0 hard 1 soft 0 temp 0.00 loss 2.81 i_con 5.11 plddt 0.19 ptm 0.87 i_ptm 0.15 energy -4.75
177 models [2] recycles 0 hard 1 soft 0 temp 0.00 loss 1.24 i_con 3.55 plddt 0.35 ptm 0.88 i_ptm 0.60 energy -4.75
178 models [0] recycles 0 hard 1 soft 0 temp 0.00 loss 1.56 i_con 3.86 plddt 0.29 ptm 0.85 i_ptm 0.46 energy -4.75
179 models [4] recycles 0 hard 1 soft 0 temp 0.00 loss 2.81 i_con 5.11 plddt 0.19 ptm 0.87 i_ptm 0.15 energy -4.75
180 models [2] recycles 0 hard 1 soft 0 temp 0.00 loss 1.24 i_con 3.55 plddt 0.35 ptm 0.88 i_ptm 0.60 energy -4.75
  seq=TAMNRVQCVNWFCTG  loss=1.2398  loss_af=3.6154  energy=-4.7512  i_ptm=0.5959
[4/20] seed=3 ...
1 models [4] recycles 0 hard 0 soft 1 temp 1 loss 4.63 i_con 4.19 plddt 0.26 ptm 0.88 i_ptm 0.29 energy 7.37
2 models [4] recycles 0 hard 0 soft 1 temp 1 loss 4.56 i_con 4.13 plddt 0.30 ptm 0.88 i_ptm 0.35 energy 7.07
3 models [4] recycles 0 hard 0 soft 1 temp 1 loss 5.89 i_con 5.49 plddt 0.28 ptm 0.87 i_ptm 0.26 energy 6.72
4 models [3] recycles 0 hard 0 soft 1 temp 1 loss 4.18 i_con 3.79 plddt 0.34 ptm 0.85 i_ptm 0.41 energy 6.61
5 models [0] recycles 0 hard 0 soft 1 temp 1 loss 4.43 i_con 4.06 plddt 0.30 ptm 0.85 i_ptm 0.33 energy 5.92
6 models [3] recycles 0 hard 0 soft 1 temp 1 loss 4.24 i_con 3.91 plddt 0.32 ptm 0.85 i_ptm 0.40 energy 5.37
7 models [1] recycles 0 hard 0 soft 1 temp 1 loss 4.44 i_con 4.12 plddt 0.25 ptm 0.86 i_ptm 0.27 energy 4.84
8 models [1] recycles 0 hard 0 soft 1 temp 1 loss 4.48 i_con 4.19 plddt 0.24 ptm 0.87 i_ptm 0.26 energy 4.33
9 models [3] recycles 0 hard 0 soft 1 temp 1 loss 4.01 i_con 3.74 plddt 0.36 ptm 0.87 i_ptm 0.48 energy 4.00
10 models [4] recycles 0 hard 0 soft 1 temp 1 loss 4.15 i_con 3.91 plddt 0.30 ptm 0.89 i_ptm 0.45 energy 3.41
11 models [3] recycles 0 hard 0 soft 1 temp 1 loss 3.78 i_con 3.56 plddt 0.38 ptm 0.87 i_ptm 0.57 energy 3.20
12 models [4] recycles 0 hard 0 soft 1 temp 1 loss 4.37 i_con 4.16 plddt 0.28 ptm 0.87 i_ptm 0.30 energy 2.89
13 models [3] recycles 0 hard 0 soft 1 temp 1 loss 4.06 i_con 3.85 plddt 0.32 ptm 0.86 i_ptm 0.42 energy 2.72
14 models [4] recycles 0 hard 0 soft 1 temp 1 loss 3.99 i_con 3.80 plddt 0.35 ptm 0.89 i_ptm 0.51 energy 2.54
15 models [2] recycles 0 hard 0 soft 1 temp 1 loss 3.99 i_con 3.81 plddt 0.37 ptm 0.87 i_ptm 0.48 energy 2.36
16 models [4] recycles 0 hard 0 soft 1 temp 1 loss 3.95 i_con 3.77 plddt 0.35 ptm 0.89 i_ptm 0.51 energy 2.19
17 models [3] recycles 0 hard 0 soft 1 temp 1 loss 3.85 i_con 3.69 plddt 0.37 ptm 0.86 i_ptm 0.50 energy 1.90
18 models [2] recycles 0 hard 0 soft 1 temp 1 loss 4.05 i_con 3.90 plddt 0.34 ptm 0.87 i_ptm 0.45 energy 1.68
19 models [4] recycles 0 hard 0 soft 1 temp 1 loss 3.99 i_con 3.85 plddt 0.35 ptm 0.89 i_ptm 0.48 energy 1.56
20 models [3] recycles 0 hard 0 soft 1 temp 1 loss 3.68 i_con 3.53 plddt 0.38 ptm 0.87 i_ptm 0.57 energy 1.56
21 models [4] recycles 0 hard 0 soft 1 temp 1 loss 4.25 i_con 4.11 plddt 0.28 ptm 0.88 i_ptm 0.30 energy 1.45
22 models [3] recycles 0 hard 0 soft 1 temp 1 loss 3.96 i_con 3.83 plddt 0.34 ptm 0.86 i_ptm 0.43 energy 1.33
23 models [0] recycles 0 hard 0 soft 1 temp 1 loss 3.89 i_con 3.78 plddt 0.41 ptm 0.85 i_ptm 0.52 energy 1.00
24 models [3] recycles 0 hard 0 soft 1 temp 1 loss 3.85 i_con 3.74 plddt 0.35 ptm 0.87 i_ptm 0.47 energy 0.80
25 models [3] recycles 0 hard 0 soft 1 temp 1 loss 3.84 i_con 3.74 plddt 0.37 ptm 0.87 i_ptm 0.49 energy 0.66
26 models [0] recycles 0 hard 0 soft 1 temp 1 loss 3.78 i_con 3.71 plddt 0.41 ptm 0.86 i_ptm 0.54 energy 0.30
27 models [4] recycles 0 hard 0 soft 1 temp 1 loss 3.96 i_con 3.90 plddt 0.34 ptm 0.88 i_ptm 0.44 energy -0.14
28 models [1] recycles 0 hard 0 soft 1 temp 1 loss 4.36 i_con 4.30 plddt 0.23 ptm 0.86 i_ptm 0.21 energy -0.28
29 models [0] recycles 0 hard 0 soft 1 temp 1 loss 4.09 i_con 4.03 plddt 0.32 ptm 0.84 i_ptm 0.35 energy -0.20
30 models [0] recycles 0 hard 0 soft 1 temp 1 loss 3.83 i_con 3.79 plddt 0.41 ptm 0.85 i_ptm 0.49 energy -0.27
31 models [1] recycles 0 hard 0 soft 1 temp 1 loss 3.94 i_con 3.89 plddt 0.33 ptm 0.88 i_ptm 0.41 energy -0.34
32 models [1] recycles 0 hard 0 soft 1 temp 1 loss 3.95 i_con 3.90 plddt 0.29 ptm 0.87 i_ptm 0.38 energy -0.51
33 models [0] recycles 0 hard 0 soft 1 temp 1 loss 3.88 i_con 3.85 plddt 0.36 ptm 0.85 i_ptm 0.45 energy -0.68
34 models [4] recycles 0 hard 0 soft 1 temp 1 loss 3.92 i_con 3.90 plddt 0.32 ptm 0.88 i_ptm 0.45 energy -1.05
35 models [0] recycles 0 hard 0 soft 1 temp 1 loss 3.69 i_con 3.68 plddt 0.41 ptm 0.85 i_ptm 0.55 energy -1.10
36 models [3] recycles 0 hard 0 soft 1 temp 1 loss 3.71 i_con 3.71 plddt 0.41 ptm 0.87 i_ptm 0.55 energy -1.32
37 models [4] recycles 0 hard 0 soft 1 temp 1 loss 3.88 i_con 3.88 plddt 0.33 ptm 0.88 i_ptm 0.46 energy -1.37
38 models [0] recycles 0 hard 0 soft 1 temp 1 loss 3.86 i_con 3.88 plddt 0.34 ptm 0.85 i_ptm 0.45 energy -1.62
39 models [4] recycles 0 hard 0 soft 1 temp 1 loss 3.81 i_con 3.82 plddt 0.36 ptm 0.88 i_ptm 0.51 energy -1.61
40 models [3] recycles 0 hard 0 soft 1 temp 1 loss 3.66 i_con 3.70 plddt 0.43 ptm 0.87 i_ptm 0.56 energy -1.93
41 models [1] recycles 0 hard 0 soft 1 temp 1 loss 3.76 i_con 3.78 plddt 0.33 ptm 0.88 i_ptm 0.46 energy -1.68
42 models [3] recycles 0 hard 0 soft 1 temp 1 loss 5.12 i_con 5.14 plddt 0.28 ptm 0.85 i_ptm 0.21 energy -1.80
43 models [0] recycles 0 hard 0 soft 1 temp 1 loss 4.10 i_con 4.12 plddt 0.33 ptm 0.84 i_ptm 0.32 energy -1.62
44 models [0] recycles 0 hard 0 soft 1 temp 1 loss 3.51 i_con 3.53 plddt 0.51 ptm 0.86 i_ptm 0.63 energy -1.50
45 models [1] recycles 0 hard 0 soft 1 temp 1 loss 3.98 i_con 3.99 plddt 0.29 ptm 0.87 i_ptm 0.33 energy -1.55
46 models [3] recycles 0 hard 0 soft 1 temp 1 loss 3.67 i_con 3.69 plddt 0.38 ptm 0.87 i_ptm 0.52 energy -1.73
47 models [3] recycles 0 hard 0 soft 1 temp 1 loss 3.57 i_con 3.61 plddt 0.41 ptm 0.87 i_ptm 0.57 energy -1.94
48 models [3] recycles 0 hard 0 soft 1 temp 1 loss 3.74 i_con 3.77 plddt 0.37 ptm 0.86 i_ptm 0.49 energy -1.81
49 models [1] recycles 0 hard 0 soft 1 temp 1 loss 3.68 i_con 3.70 plddt 0.37 ptm 0.89 i_ptm 0.53 energy -1.72
50 models [3] recycles 0 hard 0 soft 1 temp 1 loss 3.65 i_con 3.69 plddt 0.39 ptm 0.87 i_ptm 0.53 energy -2.02
51 models [3] recycles 0 hard 0 soft 1 temp 1 loss 3.32 i_con 3.62 plddt 0.40 ptm 0.87 i_ptm 0.53 energy -1.80
52 models [2] recycles 0 hard 0 soft 1 temp 1 loss 3.53 i_con 3.84 plddt 0.36 ptm 0.87 i_ptm 0.47 energy -1.86
53 models [4] recycles 0 hard 0 soft 1 temp 1 loss 3.49 i_con 3.85 plddt 0.32 ptm 0.89 i_ptm 0.48 energy -2.12
54 models [2] recycles 0 hard 0 soft 1 temp 1 loss 3.40 i_con 3.79 plddt 0.37 ptm 0.87 i_ptm 0.50 energy -2.25
55 models [4] recycles 0 hard 0 soft 1 temp 1 loss 3.28 i_con 3.68 plddt 0.37 ptm 0.89 i_ptm 0.54 energy -2.32
56 models [4] recycles 0 hard 0 soft 1 temp 1 loss 3.38 i_con 3.79 plddt 0.35 ptm 0.89 i_ptm 0.51 energy -2.37
57 models [0] recycles 0 hard 0 soft 1 temp 1 loss 3.28 i_con 3.73 plddt 0.42 ptm 0.86 i_ptm 0.53 energy -2.55
58 models [1] recycles 0 hard 0 soft 1 temp 1 loss 3.24 i_con 3.70 plddt 0.37 ptm 0.88 i_ptm 0.53 energy -2.62
59 models [0] recycles 0 hard 0 soft 1 temp 1 loss 3.07 i_con 3.56 plddt 0.49 ptm 0.86 i_ptm 0.59 energy -2.67
60 models [2] recycles 0 hard 0 soft 1 temp 1 loss 3.24 i_con 3.72 plddt 0.43 ptm 0.87 i_ptm 0.56 energy -2.73
61 models [1] recycles 0 hard 0 soft 1 temp 1 loss 3.34 i_con 3.81 plddt 0.33 ptm 0.88 i_ptm 0.47 energy -2.71
62 models [3] recycles 0 hard 0 soft 1 temp 1 loss 3.21 i_con 3.71 plddt 0.41 ptm 0.87 i_ptm 0.54 energy -2.79
63 models [0] recycles 0 hard 0 soft 1 temp 1 loss 3.38 i_con 3.86 plddt 0.35 ptm 0.85 i_ptm 0.44 energy -2.75
64 models [4] recycles 0 hard 0 soft 1 temp 1 loss 3.31 i_con 3.83 plddt 0.35 ptm 0.88 i_ptm 0.48 energy -2.91
65 models [4] recycles 0 hard 0 soft 1 temp 1 loss 3.21 i_con 3.73 plddt 0.35 ptm 0.89 i_ptm 0.51 energy -2.92
66 models [0] recycles 0 hard 0 soft 1 temp 1 loss 3.26 i_con 3.78 plddt 0.38 ptm 0.85 i_ptm 0.45 energy -2.92
67 models [4] recycles 0 hard 0 soft 1 temp 1 loss 3.27 i_con 3.81 plddt 0.31 ptm 0.89 i_ptm 0.45 energy -3.05
68 models [3] recycles 0 hard 0 soft 1 temp 1 loss 3.02 i_con 3.58 plddt 0.40 ptm 0.87 i_ptm 0.55 energy -3.12
69 models [0] recycles 0 hard 0 soft 1 temp 1 loss 3.24 i_con 3.80 plddt 0.36 ptm 0.86 i_ptm 0.44 energy -3.10
70 models [1] recycles 0 hard 0 soft 1 temp 1 loss 3.80 i_con 4.37 plddt 0.23 ptm 0.86 i_ptm 0.18 energy -3.21
71 models [0] recycles 0 hard 0 soft 1 temp 1 loss 3.24 i_con 3.82 plddt 0.36 ptm 0.85 i_ptm 0.45 energy -3.19
72 models [0] recycles 0 hard 0 soft 1 temp 1 loss 3.18 i_con 3.77 plddt 0.40 ptm 0.86 i_ptm 0.49 energy -3.28
73 models [4] recycles 0 hard 0 soft 1 temp 1 loss 3.08 i_con 3.68 plddt 0.41 ptm 0.89 i_ptm 0.55 energy -3.31
74 models [3] recycles 0 hard 0 soft 1 temp 1 loss 3.05 i_con 3.65 plddt 0.40 ptm 0.87 i_ptm 0.52 energy -3.30
75 models [4] recycles 0 hard 0 soft 1 temp 1 loss 3.19 i_con 3.80 plddt 0.35 ptm 0.88 i_ptm 0.48 energy -3.40
76 models [4] recycles 0 hard 0 soft 1 temp 1 loss 3.17 i_con 3.77 plddt 0.35 ptm 0.88 i_ptm 0.47 energy -3.32
77 models [1] recycles 0 hard 0 soft 1 temp 1 loss 3.54 i_con 4.16 plddt 0.27 ptm 0.86 i_ptm 0.30 energy -3.43
78 models [4] recycles 0 hard 0 soft 1 temp 1 loss 3.21 i_con 3.83 plddt 0.34 ptm 0.88 i_ptm 0.48 energy -3.42
79 models [3] recycles 0 hard 0 soft 1 temp 1 loss 3.16 i_con 3.77 plddt 0.36 ptm 0.86 i_ptm 0.47 energy -3.38
80 models [1] recycles 0 hard 0 soft 1 temp 1 loss 3.27 i_con 3.87 plddt 0.31 ptm 0.88 i_ptm 0.39 energy -3.33
81 models [2] recycles 0 hard 0 soft 1 temp 1 loss 3.83 i_con 4.44 plddt 0.26 ptm 0.85 i_ptm 0.21 energy -3.45
82 models [1] recycles 0 hard 0 soft 1 temp 1 loss 3.07 i_con 3.69 plddt 0.36 ptm 0.88 i_ptm 0.52 energy -3.44
83 models [2] recycles 0 hard 0 soft 1 temp 1 loss 3.01 i_con 3.63 plddt 0.41 ptm 0.88 i_ptm 0.55 energy -3.39
84 models [3] recycles 0 hard 0 soft 1 temp 1 loss 2.98 i_con 3.62 plddt 0.41 ptm 0.87 i_ptm 0.57 energy -3.51
85 models [0] recycles 0 hard 0 soft 1 temp 1 loss 3.07 i_con 3.70 plddt 0.43 ptm 0.86 i_ptm 0.51 energy -3.41
86 models [2] recycles 0 hard 0 soft 1 temp 1 loss 2.98 i_con 3.60 plddt 0.41 ptm 0.87 i_ptm 0.57 energy -3.40
87 models [0] recycles 0 hard 0 soft 1 temp 1 loss 3.07 i_con 3.70 plddt 0.39 ptm 0.87 i_ptm 0.54 energy -3.45
88 models [2] recycles 0 hard 0 soft 1 temp 1 loss 3.20 i_con 3.83 plddt 0.32 ptm 0.87 i_ptm 0.42 energy -3.51
89 models [1] recycles 0 hard 0 soft 1 temp 1 loss 3.15 i_con 3.79 plddt 0.36 ptm 0.88 i_ptm 0.48 energy -3.51
90 models [2] recycles 0 hard 0 soft 1 temp 1 loss 2.99 i_con 3.66 plddt 0.42 ptm 0.88 i_ptm 0.57 energy -3.61
91 models [3] recycles 0 hard 0 soft 1 temp 1 loss 3.16 i_con 3.83 plddt 0.34 ptm 0.86 i_ptm 0.45 energy -3.68
92 models [0] recycles 0 hard 0 soft 1 temp 1 loss 3.22 i_con 3.89 plddt 0.34 ptm 0.85 i_ptm 0.43 energy -3.69
93 models [2] recycles 0 hard 0 soft 1 temp 1 loss 2.94 i_con 3.64 plddt 0.40 ptm 0.87 i_ptm 0.55 energy -3.78
94 models [1] recycles 0 hard 0 soft 1 temp 1 loss 3.17 i_con 3.83 plddt 0.32 ptm 0.87 i_ptm 0.44 energy -3.65
95 models [0] recycles 0 hard 0 soft 1 temp 1 loss 3.19 i_con 3.89 plddt 0.32 ptm 0.85 i_ptm 0.42 energy -3.82
96 models [3] recycles 0 hard 0 soft 1 temp 1 loss 2.94 i_con 3.68 plddt 0.42 ptm 0.87 i_ptm 0.56 energy -3.95
97 models [0] recycles 0 hard 0 soft 1 temp 1 loss 2.88 i_con 3.63 plddt 0.46 ptm 0.86 i_ptm 0.55 energy -4.00
98 models [1] recycles 0 hard 0 soft 1 temp 1 loss 3.16 i_con 3.87 plddt 0.35 ptm 0.87 i_ptm 0.46 energy -3.91
99 models [2] recycles 0 hard 0 soft 1 temp 1 loss 2.95 i_con 3.68 plddt 0.41 ptm 0.87 i_ptm 0.56 energy -3.98
100 models [2] recycles 0 hard 0 soft 1 temp 1 loss 3.03 i_con 3.79 plddt 0.35 ptm 0.87 i_ptm 0.49 energy -4.13
101 models [0] recycles 0 hard 0 soft 0 temp 1 loss 3.72 i_con 4.84 plddt 0.25 ptm 0.83 i_ptm 0.15 energy -23.88
102 models [1] recycles 0 hard 0 soft 0 temp 0.98 loss 5.04 i_con 6.16 plddt 0.27 ptm 0.86 i_ptm 0.21 energy -23.88
103 models [2] recycles 0 hard 0 soft 0 temp 0.96 loss 2.79 i_con 3.94 plddt 0.35 ptm 0.87 i_ptm 0.44 energy -24.40
104 models [3] recycles 0 hard 0 soft 0 temp 0.94 loss 2.57 i_con 3.74 plddt 0.38 ptm 0.87 i_ptm 0.52 energy -24.59
105 models [3] recycles 0 hard 0 soft 0 temp 0.92 loss 2.48 i_con 3.68 plddt 0.40 ptm 0.87 i_ptm 0.52 energy -25.22
106 models [4] recycles 0 hard 0 soft 0 temp 0.90 loss 2.64 i_con 3.88 plddt 0.33 ptm 0.89 i_ptm 0.44 energy -25.95
107 models [0] recycles 0 hard 0 soft 0 temp 0.88 loss 2.57 i_con 3.81 plddt 0.37 ptm 0.86 i_ptm 0.50 energy -26.02
108 models [3] recycles 0 hard 0 soft 0 temp 0.86 loss 2.49 i_con 3.77 plddt 0.36 ptm 0.87 i_ptm 0.51 energy -26.96
109 models [0] recycles 0 hard 0 soft 0 temp 0.84 loss 2.48 i_con 3.76 plddt 0.37 ptm 0.86 i_ptm 0.52 energy -26.86
110 models [1] recycles 0 hard 0 soft 0 temp 0.82 loss 4.50 i_con 5.84 plddt 0.26 ptm 0.86 i_ptm 0.19 energy -28.30
111 models [1] recycles 0 hard 0 soft 0 temp 0.80 loss 2.39 i_con 3.75 plddt 0.36 ptm 0.88 i_ptm 0.50 energy -28.40
112 models [0] recycles 0 hard 0 soft 0 temp 0.78 loss 2.52 i_con 3.90 plddt 0.33 ptm 0.85 i_ptm 0.44 energy -28.91
113 models [1] recycles 0 hard 0 soft 0 temp 0.76 loss 2.80 i_con 4.19 plddt 0.27 ptm 0.86 i_ptm 0.29 energy -29.16
114 models [2] recycles 0 hard 0 soft 0 temp 0.74 loss 2.30 i_con 3.71 plddt 0.41 ptm 0.87 i_ptm 0.54 energy -29.42
115 models [3] recycles 0 hard 0 soft 0 temp 0.72 loss 2.24 i_con 3.68 plddt 0.39 ptm 0.87 i_ptm 0.50 energy -30.07
116 models [3] recycles 0 hard 0 soft 0 temp 0.70 loss 2.52 i_con 3.99 plddt 0.29 ptm 0.85 i_ptm 0.36 energy -30.67
117 models [4] recycles 0 hard 0 soft 0 temp 0.68 loss 2.62 i_con 4.09 plddt 0.28 ptm 0.88 i_ptm 0.34 energy -30.92
118 models [2] recycles 0 hard 0 soft 0 temp 0.66 loss 2.28 i_con 3.77 plddt 0.39 ptm 0.88 i_ptm 0.50 energy -30.95
119 models [1] recycles 0 hard 0 soft 0 temp 0.64 loss 2.09 i_con 3.58 plddt 0.37 ptm 0.87 i_ptm 0.49 energy -31.15
120 models [1] recycles 0 hard 0 soft 0 temp 0.62 loss 2.46 i_con 3.94 plddt 0.31 ptm 0.87 i_ptm 0.38 energy -31.03
121 models [2] recycles 0 hard 0 soft 0 temp 0.60 loss 2.55 i_con 4.04 plddt 0.32 ptm 0.86 i_ptm 0.36 energy -31.07
122 models [2] recycles 0 hard 0 soft 0 temp 0.58 loss 2.38 i_con 3.86 plddt 0.35 ptm 0.87 i_ptm 0.45 energy -30.94
123 models [3] recycles 0 hard 0 soft 0 temp 0.56 loss 2.01 i_con 3.52 plddt 0.42 ptm 0.87 i_ptm 0.55 energy -31.28
124 models [3] recycles 0 hard 0 soft 0 temp 0.54 loss 2.75 i_con 4.25 plddt 0.26 ptm 0.85 i_ptm 0.24 energy -31.60
125 models [1] recycles 0 hard 0 soft 0 temp 0.52 loss 2.86 i_con 4.35 plddt 0.23 ptm 0.85 i_ptm 0.18 energy -31.44
126 models [4] recycles 0 hard 0 soft 0 temp 0.50 loss 2.24 i_con 3.75 plddt 0.37 ptm 0.89 i_ptm 0.50 energy -31.43
127 models [0] recycles 0 hard 0 soft 0 temp 0.48 loss 2.32 i_con 3.86 plddt 0.35 ptm 0.84 i_ptm 0.45 energy -32.11
128 models [4] recycles 0 hard 0 soft 0 temp 0.46 loss 2.30 i_con 3.86 plddt 0.32 ptm 0.89 i_ptm 0.47 energy -32.52
129 models [3] recycles 0 hard 0 soft 0 temp 0.44 loss 2.17 i_con 3.75 plddt 0.37 ptm 0.87 i_ptm 0.48 energy -32.88
130 models [2] recycles 0 hard 0 soft 0 temp 0.42 loss 1.94 i_con 3.56 plddt 0.43 ptm 0.88 i_ptm 0.57 energy -33.64
131 models [1] recycles 0 hard 0 soft 0 temp 0.40 loss 2.25 i_con 3.90 plddt 0.31 ptm 0.87 i_ptm 0.42 energy -34.32
132 models [2] recycles 0 hard 0 soft 0 temp 0.38 loss 2.00 i_con 3.69 plddt 0.40 ptm 0.87 i_ptm 0.54 energy -35.06
133 models [4] recycles 0 hard 0 soft 0 temp 0.36 loss 1.99 i_con 3.70 plddt 0.38 ptm 0.89 i_ptm 0.53 energy -35.56
134 models [1] recycles 0 hard 0 soft 0 temp 0.34 loss 1.89 i_con 3.63 plddt 0.40 ptm 0.88 i_ptm 0.54 energy -36.05
135 models [0] recycles 0 hard 0 soft 0 temp 0.32 loss 1.95 i_con 3.71 plddt 0.39 ptm 0.85 i_ptm 0.53 energy -36.56
136 models [0] recycles 0 hard 0 soft 0 temp 0.30 loss 1.66 i_con 3.51 plddt 0.45 ptm 0.86 i_ptm 0.59 energy -38.09
137 models [4] recycles 0 hard 0 soft 0 temp 0.28 loss 2.52 i_con 4.38 plddt 0.23 ptm 0.87 i_ptm 0.24 energy -38.70
138 models [4] recycles 0 hard 0 soft 0 temp 0.26 loss 1.80 i_con 3.66 plddt 0.40 ptm 0.89 i_ptm 0.52 energy -38.51
139 models [4] recycles 0 hard 0 soft 0 temp 0.24 loss 2.11 i_con 3.97 plddt 0.31 ptm 0.87 i_ptm 0.39 energy -38.58
140 models [4] recycles 0 hard 0 soft 0 temp 0.22 loss 1.71 i_con 3.59 plddt 0.43 ptm 0.89 i_ptm 0.58 energy -38.63
141 models [2] recycles 0 hard 0 soft 0 temp 0.20 loss 1.81 i_con 3.68 plddt 0.38 ptm 0.88 i_ptm 0.52 energy -38.73
142 models [2] recycles 0 hard 0 soft 0 temp 0.18 loss 1.88 i_con 3.75 plddt 0.35 ptm 0.87 i_ptm 0.50 energy -38.76
143 models [3] recycles 0 hard 0 soft 0 temp 0.16 loss 1.81 i_con 3.73 plddt 0.35 ptm 0.87 i_ptm 0.47 energy -39.67
144 models [2] recycles 0 hard 0 soft 0 temp 0.14 loss 1.42 i_con 3.39 plddt 0.50 ptm 0.88 i_ptm 0.62 energy -40.36
145 models [4] recycles 0 hard 0 soft 0 temp 0.12 loss 1.51 i_con 3.48 plddt 0.42 ptm 0.90 i_ptm 0.57 energy -40.56
146 models [4] recycles 0 hard 0 soft 0 temp 0.10 loss 1.72 i_con 3.73 plddt 0.38 ptm 0.89 i_ptm 0.52 energy -41.45
147 models [1] recycles 0 hard 0 soft 0 temp 0.08 loss 1.76 i_con 3.78 plddt 0.34 ptm 0.88 i_ptm 0.45 energy -41.70
148 models [4] recycles 0 hard 0 soft 0 temp 0.06 loss 1.82 i_con 3.86 plddt 0.35 ptm 0.88 i_ptm 0.46 energy -41.98
149 models [0] recycles 0 hard 0 soft 0 temp 0.04 loss 1.42 i_con 3.52 plddt 0.40 ptm 0.86 i_ptm 0.58 energy -43.08
150 models [4] recycles 0 hard 0 soft 0 temp 0.02 loss 1.75 i_con 3.86 plddt 0.36 ptm 0.88 i_ptm 0.46 energy -43.48
151 models [1] recycles 0 hard 1 soft 0 temp 0.00 loss 2.04 i_con 4.72 plddt 0.23 ptm 0.86 i_ptm 0.24 energy -5.53
152 models [1] recycles 0 hard 1 soft 0 temp 0.00 loss 2.04 i_con 4.72 plddt 0.23 ptm 0.86 i_ptm 0.24 energy -5.53
153 models [3] recycles 0 hard 1 soft 0 temp 0.00 loss 1.82 i_con 4.51 plddt 0.25 ptm 0.85 i_ptm 0.23 energy -5.53
154 models [1] recycles 0 hard 1 soft 0 temp 0.00 loss 2.04 i_con 4.72 plddt 0.23 ptm 0.86 i_ptm 0.24 energy -5.53
155 models [1] recycles 0 hard 1 soft 0 temp 0.00 loss 2.04 i_con 4.72 plddt 0.23 ptm 0.86 i_ptm 0.24 energy -5.53
156 models [2] recycles 0 hard 1 soft 0 temp 0.00 loss 1.80 i_con 4.49 plddt 0.22 ptm 0.85 i_ptm 0.20 energy -5.53
157 models [4] recycles 0 hard 1 soft 0 temp 0.00 loss 2.22 i_con 4.90 plddt 0.21 ptm 0.88 i_ptm 0.26 energy -5.53
158 models [3] recycles 0 hard 1 soft 0 temp 0.00 loss 1.82 i_con 4.51 plddt 0.25 ptm 0.85 i_ptm 0.23 energy -5.53
159 models [2] recycles 0 hard 1 soft 0 temp 0.00 loss 1.80 i_con 4.49 plddt 0.22 ptm 0.85 i_ptm 0.20 energy -5.53
160 models [4] recycles 0 hard 1 soft 0 temp 0.00 loss 2.22 i_con 4.90 plddt 0.21 ptm 0.88 i_ptm 0.26 energy -5.53
161 models [3] recycles 0 hard 1 soft 0 temp 0.00 loss 1.82 i_con 4.51 plddt 0.25 ptm 0.85 i_ptm 0.23 energy -5.53
162 models [4] recycles 0 hard 1 soft 0 temp 0.00 loss 2.22 i_con 4.90 plddt 0.21 ptm 0.88 i_ptm 0.26 energy -5.53
163 models [0] recycles 0 hard 1 soft 0 temp 0.00 loss 1.01 i_con 3.71 plddt 0.33 ptm 0.86 i_ptm 0.53 energy -5.53
164 models [1] recycles 0 hard 1 soft 0 temp 0.00 loss 2.04 i_con 4.72 plddt 0.23 ptm 0.86 i_ptm 0.24 energy -5.53
165 models [3] recycles 0 hard 1 soft 0 temp 0.00 loss 1.82 i_con 4.51 plddt 0.25 ptm 0.85 i_ptm 0.23 energy -5.53
166 models [2] recycles 0 hard 1 soft 0 temp 0.00 loss 1.80 i_con 4.49 plddt 0.22 ptm 0.85 i_ptm 0.20 energy -5.53
167 models [1] recycles 0 hard 1 soft 0 temp 0.00 loss 2.04 i_con 4.72 plddt 0.23 ptm 0.86 i_ptm 0.24 energy -5.53
168 models [2] recycles 0 hard 1 soft 0 temp 0.00 loss 1.80 i_con 4.49 plddt 0.22 ptm 0.85 i_ptm 0.20 energy -5.53
169 models [0] recycles 0 hard 1 soft 0 temp 0.00 loss 1.01 i_con 3.71 plddt 0.33 ptm 0.86 i_ptm 0.53 energy -5.53
170 models [4] recycles 0 hard 1 soft 0 temp 0.00 loss 2.22 i_con 4.90 plddt 0.21 ptm 0.88 i_ptm 0.26 energy -5.53
171 models [1] recycles 0 hard 1 soft 0 temp 0.00 loss 2.04 i_con 4.72 plddt 0.23 ptm 0.86 i_ptm 0.24 energy -5.53
172 models [4] recycles 0 hard 1 soft 0 temp 0.00 loss 2.22 i_con 4.90 plddt 0.21 ptm 0.88 i_ptm 0.26 energy -5.53
173 models [4] recycles 0 hard 1 soft 0 temp 0.00 loss 2.22 i_con 4.90 plddt 0.21 ptm 0.88 i_ptm 0.26 energy -5.53
174 models [4] recycles 0 hard 1 soft 0 temp 0.00 loss 2.22 i_con 4.90 plddt 0.21 ptm 0.88 i_ptm 0.26 energy -5.53
175 models [1] recycles 0 hard 1 soft 0 temp 0.00 loss 2.04 i_con 4.72 plddt 0.23 ptm 0.86 i_ptm 0.24 energy -5.53
176 models [1] recycles 0 hard 1 soft 0 temp 0.00 loss 2.04 i_con 4.72 plddt 0.23 ptm 0.86 i_ptm 0.24 energy -5.53
177 models [0] recycles 0 hard 1 soft 0 temp 0.00 loss 1.01 i_con 3.71 plddt 0.33 ptm 0.86 i_ptm 0.53 energy -5.53
178 models [3] recycles 0 hard 1 soft 0 temp 0.00 loss 1.82 i_con 4.51 plddt 0.25 ptm 0.85 i_ptm 0.23 energy -5.53
179 models [3] recycles 0 hard 1 soft 0 temp 0.00 loss 1.82 i_con 4.51 plddt 0.25 ptm 0.85 i_ptm 0.23 energy -5.53
180 models [3] recycles 0 hard 1 soft 0 temp 0.00 loss 1.82 i_con 4.51 plddt 0.25 ptm 0.85 i_ptm 0.23 energy -5.53
  seq=AIGRRWQDVFYQGGC  loss=1.8195  loss_af=4.5826  energy=-5.5263  i_ptm=0.2288
[5/20] seed=4 ...
1 models [4] recycles 0 hard 0 soft 1 temp 1 loss 4.73 i_con 4.29 plddt 0.27 ptm 0.88 i_ptm 0.27 energy 7.39
2 models [1] recycles 0 hard 0 soft 1 temp 1 loss 4.92 i_con 4.48 plddt 0.22 ptm 0.85 i_ptm 0.14 energy 7.21
3 models [0] recycles 0 hard 0 soft 1 temp 1 loss 4.70 i_con 4.27 plddt 0.25 ptm 0.84 i_ptm 0.26 energy 7.06
4 models [2] recycles 0 hard 0 soft 1 temp 1 loss 4.19 i_con 3.79 plddt 0.34 ptm 0.87 i_ptm 0.44 energy 6.81
5 models [1] recycles 0 hard 0 soft 1 temp 1 loss 4.68 i_con 4.30 plddt 0.23 ptm 0.85 i_ptm 0.23 energy 6.16
6 models [1] recycles 0 hard 0 soft 1 temp 1 loss 4.36 i_con 3.99 plddt 0.27 ptm 0.87 i_ptm 0.32 energy 5.97
7 models [0] recycles 0 hard 0 soft 1 temp 1 loss 4.43 i_con 4.08 plddt 0.27 ptm 0.84 i_ptm 0.30 energy 5.57
8 models [0] recycles 0 hard 0 soft 1 temp 1 loss 4.32 i_con 3.98 plddt 0.29 ptm 0.84 i_ptm 0.36 energy 5.27
9 models [4] recycles 0 hard 0 soft 1 temp 1 loss 4.31 i_con 4.00 plddt 0.28 ptm 0.89 i_ptm 0.38 energy 4.78
10 models [0] recycles 0 hard 0 soft 1 temp 1 loss 4.18 i_con 3.89 plddt 0.32 ptm 0.85 i_ptm 0.42 energy 4.51
11 models [4] recycles 0 hard 0 soft 1 temp 1 loss 4.20 i_con 3.93 plddt 0.31 ptm 0.88 i_ptm 0.43 energy 3.99
12 models [0] recycles 0 hard 0 soft 1 temp 1 loss 4.01 i_con 3.76 plddt 0.36 ptm 0.85 i_ptm 0.47 energy 3.65
13 models [0] recycles 0 hard 0 soft 1 temp 1 loss 4.06 i_con 3.83 plddt 0.35 ptm 0.85 i_ptm 0.43 energy 3.26
14 models [4] recycles 0 hard 0 soft 1 temp 1 loss 3.98 i_con 3.78 plddt 0.33 ptm 0.88 i_ptm 0.46 energy 2.74
15 models [0] recycles 0 hard 0 soft 1 temp 1 loss 4.21 i_con 4.03 plddt 0.30 ptm 0.85 i_ptm 0.34 energy 2.22
16 models [1] recycles 0 hard 0 soft 1 temp 1 loss 4.27 i_con 4.09 plddt 0.25 ptm 0.86 i_ptm 0.28 energy 2.00
17 models [3] recycles 0 hard 0 soft 1 temp 1 loss 3.85 i_con 3.69 plddt 0.36 ptm 0.86 i_ptm 0.49 energy 1.86
18 models [3] recycles 0 hard 0 soft 1 temp 1 loss 3.79 i_con 3.65 plddt 0.37 ptm 0.87 i_ptm 0.53 energy 1.52
19 models [1] recycles 0 hard 0 soft 1 temp 1 loss 4.27 i_con 4.14 plddt 0.24 ptm 0.86 i_ptm 0.26 energy 1.04
20 models [4] recycles 0 hard 0 soft 1 temp 1 loss 4.00 i_con 3.88 plddt 0.31 ptm 0.88 i_ptm 0.44 energy 0.93
21 models [2] recycles 0 hard 0 soft 1 temp 1 loss 3.89 i_con 3.79 plddt 0.38 ptm 0.87 i_ptm 0.49 energy 0.75
22 models [2] recycles 0 hard 0 soft 1 temp 1 loss 3.77 i_con 3.68 plddt 0.41 ptm 0.88 i_ptm 0.53 energy 0.57
23 models [4] recycles 0 hard 0 soft 1 temp 1 loss 4.00 i_con 3.91 plddt 0.29 ptm 0.88 i_ptm 0.36 energy 0.19
24 models [2] recycles 0 hard 0 soft 1 temp 1 loss 3.96 i_con 3.90 plddt 0.31 ptm 0.87 i_ptm 0.40 energy -0.19
25 models [0] recycles 0 hard 0 soft 1 temp 1 loss 3.87 i_con 3.81 plddt 0.35 ptm 0.85 i_ptm 0.44 energy -0.12
26 models [4] recycles 0 hard 0 soft 1 temp 1 loss 3.81 i_con 3.77 plddt 0.36 ptm 0.88 i_ptm 0.50 energy -0.44
27 models [2] recycles 0 hard 0 soft 1 temp 1 loss 3.65 i_con 3.64 plddt 0.45 ptm 0.88 i_ptm 0.57 energy -0.82
28 models [1] recycles 0 hard 0 soft 1 temp 1 loss 4.04 i_con 4.03 plddt 0.27 ptm 0.86 i_ptm 0.29 energy -1.27
29 models [2] recycles 0 hard 0 soft 1 temp 1 loss 3.69 i_con 3.71 plddt 0.40 ptm 0.88 i_ptm 0.52 energy -1.57
30 models [4] recycles 0 hard 0 soft 1 temp 1 loss 3.90 i_con 3.91 plddt 0.31 ptm 0.88 i_ptm 0.39 energy -1.63
31 models [1] recycles 0 hard 0 soft 1 temp 1 loss 4.17 i_con 4.20 plddt 0.23 ptm 0.86 i_ptm 0.23 energy -2.01
32 models [3] recycles 0 hard 0 soft 1 temp 1 loss 3.57 i_con 3.61 plddt 0.37 ptm 0.87 i_ptm 0.56 energy -2.10
33 models [2] recycles 0 hard 0 soft 1 temp 1 loss 3.59 i_con 3.62 plddt 0.41 ptm 0.87 i_ptm 0.53 energy -1.81
34 models [3] recycles 0 hard 0 soft 1 temp 1 loss 3.54 i_con 3.58 plddt 0.37 ptm 0.87 i_ptm 0.55 energy -2.15
35 models [3] recycles 0 hard 0 soft 1 temp 1 loss 3.59 i_con 3.64 plddt 0.42 ptm 0.87 i_ptm 0.54 energy -2.21
36 models [2] recycles 0 hard 0 soft 1 temp 1 loss 3.67 i_con 3.73 plddt 0.37 ptm 0.88 i_ptm 0.53 energy -2.32
37 models [2] recycles 0 hard 0 soft 1 temp 1 loss 3.68 i_con 3.74 plddt 0.39 ptm 0.87 i_ptm 0.50 energy -2.39
38 models [2] recycles 0 hard 0 soft 1 temp 1 loss 3.65 i_con 3.71 plddt 0.38 ptm 0.87 i_ptm 0.51 energy -2.39
39 models [0] recycles 0 hard 0 soft 1 temp 1 loss 3.71 i_con 3.77 plddt 0.36 ptm 0.86 i_ptm 0.45 energy -2.47
40 models [1] recycles 0 hard 0 soft 1 temp 1 loss 3.87 i_con 3.93 plddt 0.27 ptm 0.87 i_ptm 0.35 energy -2.59
41 models [4] recycles 0 hard 0 soft 1 temp 1 loss 3.94 i_con 4.00 plddt 0.26 ptm 0.88 i_ptm 0.33 energy -2.71
42 models [2] recycles 0 hard 0 soft 1 temp 1 loss 3.60 i_con 3.67 plddt 0.40 ptm 0.87 i_ptm 0.53 energy -2.76
43 models [0] recycles 0 hard 0 soft 1 temp 1 loss 3.72 i_con 3.79 plddt 0.35 ptm 0.86 i_ptm 0.46 energy -2.55
44 models [3] recycles 0 hard 0 soft 1 temp 1 loss 3.59 i_con 3.67 plddt 0.39 ptm 0.87 i_ptm 0.52 energy -2.74
45 models [2] recycles 0 hard 0 soft 1 temp 1 loss 3.67 i_con 3.75 plddt 0.37 ptm 0.88 i_ptm 0.51 energy -2.79
46 models [3] recycles 0 hard 0 soft 1 temp 1 loss 3.41 i_con 3.49 plddt 0.41 ptm 0.87 i_ptm 0.61 energy -2.79
47 models [1] recycles 0 hard 0 soft 1 temp 1 loss 4.40 i_con 4.46 plddt 0.20 ptm 0.86 i_ptm 0.15 energy -2.67
48 models [1] recycles 0 hard 0 soft 1 temp 1 loss 3.92 i_con 3.98 plddt 0.29 ptm 0.87 i_ptm 0.38 energy -2.57
49 models [4] recycles 0 hard 0 soft 1 temp 1 loss 4.86 i_con 4.92 plddt 0.26 ptm 0.87 i_ptm 0.19 energy -2.69
50 models [1] recycles 0 hard 0 soft 1 temp 1 loss 4.07 i_con 4.13 plddt 0.26 ptm 0.87 i_ptm 0.30 energy -2.61
51 models [4] recycles 0 hard 0 soft 1 temp 1 loss 3.28 i_con 3.75 plddt 0.35 ptm 0.88 i_ptm 0.48 energy -2.71
52 models [4] recycles 0 hard 0 soft 1 temp 1 loss 3.30 i_con 3.80 plddt 0.34 ptm 0.89 i_ptm 0.49 energy -2.82
53 models [3] recycles 0 hard 0 soft 1 temp 1 loss 2.95 i_con 3.49 plddt 0.41 ptm 0.87 i_ptm 0.60 energy -3.00
54 models [4] recycles 0 hard 0 soft 1 temp 1 loss 3.58 i_con 4.12 plddt 0.25 ptm 0.88 i_ptm 0.30 energy -3.09
55 models [0] recycles 0 hard 0 soft 1 temp 1 loss 3.20 i_con 3.78 plddt 0.40 ptm 0.85 i_ptm 0.48 energy -3.22
56 models [2] recycles 0 hard 0 soft 1 temp 1 loss 2.97 i_con 3.60 plddt 0.40 ptm 0.88 i_ptm 0.55 energy -3.44
57 models [2] recycles 0 hard 0 soft 1 temp 1 loss 3.00 i_con 3.66 plddt 0.42 ptm 0.87 i_ptm 0.55 energy -3.59
58 models [3] recycles 0 hard 0 soft 1 temp 1 loss 2.77 i_con 3.46 plddt 0.39 ptm 0.87 i_ptm 0.61 energy -3.74
59 models [3] recycles 0 hard 0 soft 1 temp 1 loss 3.05 i_con 3.72 plddt 0.37 ptm 0.87 i_ptm 0.53 energy -3.64
60 models [3] recycles 0 hard 0 soft 1 temp 1 loss 3.03 i_con 3.71 plddt 0.40 ptm 0.87 i_ptm 0.52 energy -3.72
61 models [4] recycles 0 hard 0 soft 1 temp 1 loss 3.13 i_con 3.82 plddt 0.31 ptm 0.88 i_ptm 0.41 energy -3.82
62 models [2] recycles 0 hard 0 soft 1 temp 1 loss 2.94 i_con 3.66 plddt 0.38 ptm 0.87 i_ptm 0.54 energy -3.93
63 models [2] recycles 0 hard 0 soft 1 temp 1 loss 2.89 i_con 3.65 plddt 0.40 ptm 0.87 i_ptm 0.54 energy -4.10
64 models [2] recycles 0 hard 0 soft 1 temp 1 loss 2.81 i_con 3.62 plddt 0.41 ptm 0.88 i_ptm 0.57 energy -4.37
65 models [2] recycles 0 hard 0 soft 1 temp 1 loss 2.96 i_con 3.77 plddt 0.34 ptm 0.87 i_ptm 0.49 energy -4.38
66 models [0] recycles 0 hard 0 soft 1 temp 1 loss 2.68 i_con 3.51 plddt 0.40 ptm 0.86 i_ptm 0.61 energy -4.43
67 models [2] recycles 0 hard 0 soft 1 temp 1 loss 2.90 i_con 3.75 plddt 0.38 ptm 0.87 i_ptm 0.52 energy -4.56
68 models [4] recycles 0 hard 0 soft 1 temp 1 loss 2.92 i_con 3.77 plddt 0.34 ptm 0.88 i_ptm 0.49 energy -4.56
69 models [4] recycles 0 hard 0 soft 1 temp 1 loss 3.26 i_con 4.11 plddt 0.27 ptm 0.88 i_ptm 0.29 energy -4.65
70 models [1] recycles 0 hard 0 soft 1 temp 1 loss 3.23 i_con 4.12 plddt 0.26 ptm 0.87 i_ptm 0.29 energy -4.82
71 models [3] recycles 0 hard 0 soft 1 temp 1 loss 2.90 i_con 3.79 plddt 0.34 ptm 0.86 i_ptm 0.47 energy -4.78
72 models [1] recycles 0 hard 0 soft 1 temp 1 loss 3.82 i_con 4.70 plddt 0.25 ptm 0.86 i_ptm 0.16 energy -4.79
73 models [0] recycles 0 hard 0 soft 1 temp 1 loss 2.76 i_con 3.66 plddt 0.36 ptm 0.86 i_ptm 0.51 energy -4.86
74 models [3] recycles 0 hard 0 soft 1 temp 1 loss 2.71 i_con 3.64 plddt 0.42 ptm 0.87 i_ptm 0.55 energy -4.95
75 models [4] recycles 0 hard 0 soft 1 temp 1 loss 2.89 i_con 3.82 plddt 0.32 ptm 0.89 i_ptm 0.45 energy -5.02
76 models [1] recycles 0 hard 0 soft 1 temp 1 loss 2.98 i_con 3.94 plddt 0.29 ptm 0.88 i_ptm 0.39 energy -5.16
77 models [4] recycles 0 hard 0 soft 1 temp 1 loss 2.67 i_con 3.63 plddt 0.45 ptm 0.89 i_ptm 0.58 energy -5.09
78 models [0] recycles 0 hard 0 soft 1 temp 1 loss 2.83 i_con 3.83 plddt 0.38 ptm 0.86 i_ptm 0.44 energy -5.29
79 models [4] recycles 0 hard 0 soft 1 temp 1 loss 2.71 i_con 3.72 plddt 0.37 ptm 0.88 i_ptm 0.51 energy -5.36
80 models [3] recycles 0 hard 0 soft 1 temp 1 loss 2.68 i_con 3.69 plddt 0.37 ptm 0.86 i_ptm 0.52 energy -5.34
81 models [3] recycles 0 hard 0 soft 1 temp 1 loss 2.64 i_con 3.67 plddt 0.40 ptm 0.87 i_ptm 0.55 energy -5.47
82 models [0] recycles 0 hard 0 soft 1 temp 1 loss 2.78 i_con 3.83 plddt 0.34 ptm 0.86 i_ptm 0.43 energy -5.55
83 models [0] recycles 0 hard 0 soft 1 temp 1 loss 2.69 i_con 3.75 plddt 0.38 ptm 0.86 i_ptm 0.51 energy -5.61
84 models [0] recycles 0 hard 0 soft 1 temp 1 loss 2.84 i_con 3.91 plddt 0.34 ptm 0.85 i_ptm 0.39 energy -5.66
85 models [3] recycles 0 hard 0 soft 1 temp 1 loss 2.54 i_con 3.63 plddt 0.44 ptm 0.86 i_ptm 0.56 energy -5.72
86 models [4] recycles 0 hard 0 soft 1 temp 1 loss 2.69 i_con 3.77 plddt 0.35 ptm 0.88 i_ptm 0.46 energy -5.74
87 models [2] recycles 0 hard 0 soft 1 temp 1 loss 2.72 i_con 3.83 plddt 0.38 ptm 0.87 i_ptm 0.49 energy -5.85
88 models [4] recycles 0 hard 0 soft 1 temp 1 loss 2.71 i_con 3.81 plddt 0.34 ptm 0.89 i_ptm 0.46 energy -5.84
89 models [4] recycles 0 hard 0 soft 1 temp 1 loss 2.98 i_con 4.10 plddt 0.31 ptm 0.87 i_ptm 0.32 energy -5.93
90 models [0] recycles 0 hard 0 soft 1 temp 1 loss 2.64 i_con 3.76 plddt 0.44 ptm 0.85 i_ptm 0.52 energy -5.91
91 models [3] recycles 0 hard 0 soft 1 temp 1 loss 2.55 i_con 3.67 plddt 0.39 ptm 0.87 i_ptm 0.54 energy -5.90
92 models [0] recycles 0 hard 0 soft 1 temp 1 loss 2.66 i_con 3.80 plddt 0.37 ptm 0.86 i_ptm 0.49 energy -6.00
93 models [1] recycles 0 hard 0 soft 1 temp 1 loss 3.38 i_con 4.53 plddt 0.25 ptm 0.85 i_ptm 0.16 energy -6.09
94 models [0] recycles 0 hard 0 soft 1 temp 1 loss 2.60 i_con 3.75 plddt 0.40 ptm 0.86 i_ptm 0.52 energy -6.03
95 models [2] recycles 0 hard 0 soft 1 temp 1 loss 2.66 i_con 3.79 plddt 0.35 ptm 0.87 i_ptm 0.46 energy -5.99
96 models [1] recycles 0 hard 0 soft 1 temp 1 loss 2.92 i_con 4.08 plddt 0.29 ptm 0.87 i_ptm 0.35 energy -6.13
97 models [0] recycles 0 hard 0 soft 1 temp 1 loss 2.56 i_con 3.71 plddt 0.38 ptm 0.86 i_ptm 0.50 energy -6.08
98 models [1] recycles 0 hard 0 soft 1 temp 1 loss 4.00 i_con 5.14 plddt 0.28 ptm 0.85 i_ptm 0.17 energy -6.10
99 models [0] recycles 0 hard 0 soft 1 temp 1 loss 2.53 i_con 3.69 plddt 0.35 ptm 0.86 i_ptm 0.50 energy -6.13
100 models [1] recycles 0 hard 0 soft 1 temp 1 loss 3.28 i_con 4.42 plddt 0.23 ptm 0.86 i_ptm 0.18 energy -6.10
101 models [0] recycles 0 hard 0 soft 0 temp 1 loss 3.04 i_con 4.52 plddt 0.24 ptm 0.83 i_ptm 0.15 energy -31.05
102 models [3] recycles 0 hard 0 soft 0 temp 0.98 loss 4.26 i_con 5.75 plddt 0.24 ptm 0.85 i_ptm 0.15 energy -31.36
103 models [0] recycles 0 hard 0 soft 0 temp 0.96 loss 3.31 i_con 4.79 plddt 0.22 ptm 0.81 i_ptm 0.12 energy -31.24
104 models [4] recycles 0 hard 0 soft 0 temp 0.94 loss 4.49 i_con 5.98 plddt 0.22 ptm 0.87 i_ptm 0.15 energy -31.28
105 models [0] recycles 0 hard 0 soft 0 temp 0.92 loss 2.84 i_con 4.32 plddt 0.25 ptm 0.83 i_ptm 0.21 energy -31.23
106 models [3] recycles 0 hard 0 soft 0 temp 0.90 loss 3.88 i_con 5.36 plddt 0.20 ptm 0.85 i_ptm 0.15 energy -31.37
107 models [0] recycles 0 hard 0 soft 0 temp 0.88 loss 2.70 i_con 4.19 plddt 0.26 ptm 0.85 i_ptm 0.28 energy -31.27
108 models [3] recycles 0 hard 0 soft 0 temp 0.86 loss 2.76 i_con 4.25 plddt 0.25 ptm 0.84 i_ptm 0.25 energy -31.21
109 models [0] recycles 0 hard 0 soft 0 temp 0.84 loss 2.52 i_con 4.02 plddt 0.29 ptm 0.85 i_ptm 0.35 energy -31.29
110 models [0] recycles 0 hard 0 soft 0 temp 0.82 loss 2.61 i_con 4.14 plddt 0.29 ptm 0.84 i_ptm 0.30 energy -31.93
111 models [4] recycles 0 hard 0 soft 0 temp 0.80 loss 3.28 i_con 4.80 plddt 0.15 ptm 0.11 i_ptm 0.29 energy -32.10
112 models [1] recycles 0 hard 0 soft 0 temp 0.78 loss 3.56 i_con 5.09 plddt 0.24 ptm 0.85 i_ptm 0.14 energy -32.07
113 models [0] recycles 0 hard 0 soft 0 temp 0.76 loss 2.33 i_con 3.88 plddt 0.36 ptm 0.85 i_ptm 0.44 energy -32.19
114 models [4] recycles 0 hard 0 soft 0 temp 0.74 loss 2.34 i_con 3.90 plddt 0.29 ptm 0.88 i_ptm 0.37 energy -32.65
115 models [4] recycles 0 hard 0 soft 0 temp 0.72 loss 2.41 i_con 4.00 plddt 0.30 ptm 0.88 i_ptm 0.34 energy -33.28
116 models [2] recycles 0 hard 0 soft 0 temp 0.70 loss 2.24 i_con 3.86 plddt 0.32 ptm 0.87 i_ptm 0.40 energy -33.65
117 models [4] recycles 0 hard 0 soft 0 temp 0.68 loss 2.20 i_con 3.83 plddt 0.30 ptm 0.88 i_ptm 0.39 energy -33.97
118 models [2] recycles 0 hard 0 soft 0 temp 0.66 loss 2.30 i_con 3.94 plddt 0.30 ptm 0.86 i_ptm 0.37 energy -34.32
119 models [1] recycles 0 hard 0 soft 0 temp 0.64 loss 3.80 i_con 5.47 plddt 0.26 ptm 0.85 i_ptm 0.16 energy -34.88
120 models [3] recycles 0 hard 0 soft 0 temp 0.62 loss 2.57 i_con 4.24 plddt 0.25 ptm 0.85 i_ptm 0.22 energy -34.73
121 models [1] recycles 0 hard 0 soft 0 temp 0.60 loss 3.11 i_con 4.78 plddt 0.23 ptm 0.85 i_ptm 0.12 energy -34.89
122 models [3] recycles 0 hard 0 soft 0 temp 0.58 loss 2.11 i_con 3.78 plddt 0.33 ptm 0.86 i_ptm 0.46 energy -34.72
123 models [3] recycles 0 hard 0 soft 0 temp 0.56 loss 2.53 i_con 4.24 plddt 0.25 ptm 0.83 i_ptm 0.24 energy -35.72
124 models [2] recycles 0 hard 0 soft 0 temp 0.54 loss 2.16 i_con 3.88 plddt 0.34 ptm 0.87 i_ptm 0.40 energy -35.71
125 models [3] recycles 0 hard 0 soft 0 temp 0.52 loss 2.40 i_con 4.13 plddt 0.27 ptm 0.85 i_ptm 0.32 energy -36.00
126 models [2] recycles 0 hard 0 soft 0 temp 0.50 loss 2.83 i_con 4.57 plddt 0.18 ptm 0.18 i_ptm 0.25 energy -36.34
127 models [3] recycles 0 hard 0 soft 0 temp 0.48 loss 2.46 i_con 4.21 plddt 0.27 ptm 0.84 i_ptm 0.26 energy -36.43
128 models [3] recycles 0 hard 0 soft 0 temp 0.46 loss 2.58 i_con 4.32 plddt 0.23 ptm 0.85 i_ptm 0.21 energy -36.28
129 models [0] recycles 0 hard 0 soft 0 temp 0.44 loss 2.42 i_con 4.17 plddt 0.30 ptm 0.83 i_ptm 0.30 energy -36.54
130 models [2] recycles 0 hard 0 soft 0 temp 0.42 loss 2.23 i_con 3.99 plddt 0.30 ptm 0.87 i_ptm 0.35 energy -36.50
131 models [3] recycles 0 hard 0 soft 0 temp 0.40 loss 2.02 i_con 3.78 plddt 0.34 ptm 0.86 i_ptm 0.45 energy -36.37
132 models [3] recycles 0 hard 0 soft 0 temp 0.38 loss 2.02 i_con 3.78 plddt 0.32 ptm 0.87 i_ptm 0.44 energy -36.68
133 models [1] recycles 0 hard 0 soft 0 temp 0.36 loss 3.50 i_con 5.33 plddt 0.25 ptm 0.85 i_ptm 0.15 energy -38.18
134 models [4] recycles 0 hard 0 soft 0 temp 0.34 loss 1.89 i_con 3.74 plddt 0.31 ptm 0.89 i_ptm 0.48 energy -38.46
135 models [4] recycles 0 hard 0 soft 0 temp 0.32 loss 1.91 i_con 3.81 plddt 0.31 ptm 0.88 i_ptm 0.43 energy -39.48
136 models [1] recycles 0 hard 0 soft 0 temp 0.30 loss 3.22 i_con 5.15 plddt 0.22 ptm 0.85 i_ptm 0.12 energy -40.26
137 models [2] recycles 0 hard 0 soft 0 temp 0.28 loss 1.88 i_con 3.83 plddt 0.33 ptm 0.87 i_ptm 0.41 energy -40.26
138 models [0] recycles 0 hard 0 soft 0 temp 0.26 loss 1.76 i_con 3.77 plddt 0.37 ptm 0.85 i_ptm 0.47 energy -41.34
139 models [1] recycles 0 hard 0 soft 0 temp 0.24 loss 3.33 i_con 5.39 plddt 0.25 ptm 0.85 i_ptm 0.18 energy -42.75
140 models [2] recycles 0 hard 0 soft 0 temp 0.22 loss 1.65 i_con 3.74 plddt 0.39 ptm 0.87 i_ptm 0.52 energy -42.97
141 models [4] recycles 0 hard 0 soft 0 temp 0.20 loss 1.70 i_con 3.84 plddt 0.33 ptm 0.88 i_ptm 0.42 energy -44.07
142 models [4] recycles 0 hard 0 soft 0 temp 0.18 loss 1.57 i_con 3.73 plddt 0.39 ptm 0.89 i_ptm 0.53 energy -44.45
143 models [3] recycles 0 hard 0 soft 0 temp 0.16 loss 1.53 i_con 3.73 plddt 0.36 ptm 0.87 i_ptm 0.49 energy -45.26
144 models [2] recycles 0 hard 0 soft 0 temp 0.14 loss 1.66 i_con 3.89 plddt 0.34 ptm 0.87 i_ptm 0.45 energy -45.83
145 models [3] recycles 0 hard 0 soft 0 temp 0.12 loss 1.30 i_con 3.56 plddt 0.39 ptm 0.87 i_ptm 0.59 energy -46.37
146 models [4] recycles 0 hard 0 soft 0 temp 0.10 loss 1.46 i_con 3.75 plddt 0.35 ptm 0.89 i_ptm 0.47 energy -47.10
147 models [0] recycles 0 hard 0 soft 0 temp 0.08 loss 1.59 i_con 3.90 plddt 0.32 ptm 0.84 i_ptm 0.40 energy -47.62
148 models [4] recycles 0 hard 0 soft 0 temp 0.06 loss 1.80 i_con 4.14 plddt 0.27 ptm 0.87 i_ptm 0.33 energy -48.21
149 models [3] recycles 0 hard 0 soft 0 temp 0.04 loss 1.23 i_con 3.57 plddt 0.38 ptm 0.87 i_ptm 0.56 energy -48.08
150 models [0] recycles 0 hard 0 soft 0 temp 0.02 loss 1.79 i_con 4.15 plddt 0.31 ptm 0.83 i_ptm 0.30 energy -48.47
151 models [2] recycles 0 hard 1 soft 0 temp 0.00 loss 0.73 i_con 3.86 plddt 0.32 ptm 0.87 i_ptm 0.48 energy -6.39
152 models [3] recycles 0 hard 1 soft 0 temp 0.00 loss 0.54 i_con 3.67 plddt 0.33 ptm 0.87 i_ptm 0.56 energy -6.39
153 models [1] recycles 0 hard 1 soft 0 temp 0.00 loss 2.47 i_con 5.58 plddt 0.23 ptm 0.85 i_ptm 0.19 energy -6.39
154 models [2] recycles 0 hard 1 soft 0 temp 0.00 loss 0.73 i_con 3.86 plddt 0.32 ptm 0.87 i_ptm 0.48 energy -6.39
155 models [3] recycles 0 hard 1 soft 0 temp 0.00 loss 0.54 i_con 3.67 plddt 0.33 ptm 0.87 i_ptm 0.56 energy -6.39
156 models [4] recycles 0 hard 1 soft 0 temp 0.00 loss 2.07 i_con 5.18 plddt 0.19 ptm 0.87 i_ptm 0.13 energy -6.39
157 models [2] recycles 0 hard 1 soft 0 temp 0.00 loss 0.73 i_con 3.86 plddt 0.32 ptm 0.87 i_ptm 0.48 energy -6.39
158 models [4] recycles 0 hard 1 soft 0 temp 0.00 loss 2.07 i_con 5.18 plddt 0.19 ptm 0.87 i_ptm 0.13 energy -6.39
159 models [2] recycles 0 hard 1 soft 0 temp 0.00 loss 0.73 i_con 3.86 plddt 0.32 ptm 0.87 i_ptm 0.48 energy -6.39
160 models [4] recycles 0 hard 1 soft 0 temp 0.00 loss 2.07 i_con 5.18 plddt 0.19 ptm 0.87 i_ptm 0.13 energy -6.39
161 models [1] recycles 0 hard 1 soft 0 temp 0.00 loss 2.47 i_con 5.58 plddt 0.23 ptm 0.85 i_ptm 0.19 energy -6.39
162 models [2] recycles 0 hard 1 soft 0 temp 0.00 loss 0.73 i_con 3.86 plddt 0.32 ptm 0.87 i_ptm 0.48 energy -6.39
163 models [1] recycles 0 hard 1 soft 0 temp 0.00 loss 2.47 i_con 5.58 plddt 0.23 ptm 0.85 i_ptm 0.19 energy -6.39
164 models [0] recycles 0 hard 1 soft 0 temp 0.00 loss 0.58 i_con 3.71 plddt 0.40 ptm 0.85 i_ptm 0.53 energy -6.39
165 models [2] recycles 0 hard 1 soft 0 temp 0.00 loss 0.73 i_con 3.86 plddt 0.32 ptm 0.87 i_ptm 0.48 energy -6.39
166 models [4] recycles 0 hard 1 soft 0 temp 0.00 loss 2.07 i_con 5.18 plddt 0.19 ptm 0.87 i_ptm 0.13 energy -6.39
167 models [0] recycles 0 hard 1 soft 0 temp 0.00 loss 0.58 i_con 3.71 plddt 0.40 ptm 0.85 i_ptm 0.53 energy -6.39
168 models [4] recycles 0 hard 1 soft 0 temp 0.00 loss 2.07 i_con 5.18 plddt 0.19 ptm 0.87 i_ptm 0.13 energy -6.39
169 models [0] recycles 0 hard 1 soft 0 temp 0.00 loss 0.58 i_con 3.71 plddt 0.40 ptm 0.85 i_ptm 0.53 energy -6.39
170 models [4] recycles 0 hard 1 soft 0 temp 0.00 loss 2.07 i_con 5.18 plddt 0.19 ptm 0.87 i_ptm 0.13 energy -6.39
171 models [0] recycles 0 hard 1 soft 0 temp 0.00 loss 0.58 i_con 3.71 plddt 0.40 ptm 0.85 i_ptm 0.53 energy -6.39
172 models [0] recycles 0 hard 1 soft 0 temp 0.00 loss 0.58 i_con 3.71 plddt 0.40 ptm 0.85 i_ptm 0.53 energy -6.39
173 models [3] recycles 0 hard 1 soft 0 temp 0.00 loss 0.54 i_con 3.67 plddt 0.33 ptm 0.87 i_ptm 0.56 energy -6.39
174 models [3] recycles 0 hard 1 soft 0 temp 0.00 loss 0.54 i_con 3.67 plddt 0.33 ptm 0.87 i_ptm 0.56 energy -6.39
175 models [4] recycles 0 hard 1 soft 0 temp 0.00 loss 2.07 i_con 5.18 plddt 0.19 ptm 0.87 i_ptm 0.13 energy -6.39
176 models [0] recycles 0 hard 1 soft 0 temp 0.00 loss 0.58 i_con 3.71 plddt 0.40 ptm 0.85 i_ptm 0.53 energy -6.39
177 models [0] recycles 0 hard 1 soft 0 temp 0.00 loss 0.58 i_con 3.71 plddt 0.40 ptm 0.85 i_ptm 0.53 energy -6.39
178 models [1] recycles 0 hard 1 soft 0 temp 0.00 loss 2.47 i_con 5.58 plddt 0.23 ptm 0.85 i_ptm 0.19 energy -6.39
179 models [2] recycles 0 hard 1 soft 0 temp 0.00 loss 0.73 i_con 3.86 plddt 0.32 ptm 0.87 i_ptm 0.48 energy -6.39
180 models [2] recycles 0 hard 1 soft 0 temp 0.00 loss 0.73 i_con 3.86 plddt 0.32 ptm 0.87 i_ptm 0.48 energy -6.39
  seq=MIGNRAQVVFWQCFC  loss=0.7332  loss_af=3.9282  energy=-6.3900  i_ptm=0.4834
[6/20] seed=5 ...
1 models [0] recycles 0 hard 0 soft 1 temp 1 loss 4.97 i_con 4.53 plddt 0.24 ptm 0.83 i_ptm 0.18 energy 7.39
2 models [3] recycles 0 hard 0 soft 1 temp 1 loss 4.19 i_con 3.77 plddt 0.36 ptm 0.86 i_ptm 0.45 energy 7.09
3 models [1] recycles 0 hard 0 soft 1 temp 1 loss 4.87 i_con 4.48 plddt 0.23 ptm 0.86 i_ptm 0.15 energy 6.20
4 models [0] recycles 0 hard 0 soft 1 temp 1 loss 4.35 i_con 3.99 plddt 0.31 ptm 0.85 i_ptm 0.38 energy 5.89
5 models [4] recycles 0 hard 0 soft 1 temp 1 loss 4.14 i_con 3.81 plddt 0.33 ptm 0.89 i_ptm 0.45 energy 5.31
6 models [1] recycles 0 hard 0 soft 1 temp 1 loss 5.30 i_con 5.00 plddt 0.23 ptm 0.85 i_ptm 0.13 energy 4.48
7 models [0] recycles 0 hard 0 soft 1 temp 1 loss 4.63 i_con 4.33 plddt 0.26 ptm 0.84 i_ptm 0.21 energy 4.37
8 models [4] recycles 0 hard 0 soft 1 temp 1 loss 4.20 i_con 3.93 plddt 0.33 ptm 0.88 i_ptm 0.38 energy 4.12
9 models [0] recycles 0 hard 0 soft 1 temp 1 loss 4.59 i_con 4.34 plddt 0.25 ptm 0.83 i_ptm 0.21 energy 3.57
10 models [3] recycles 0 hard 0 soft 1 temp 1 loss 4.06 i_con 3.83 plddt 0.33 ptm 0.86 i_ptm 0.44 energy 3.32
11 models [0] recycles 0 hard 0 soft 1 temp 1 loss 4.23 i_con 4.02 plddt 0.29 ptm 0.84 i_ptm 0.34 energy 2.87
12 models [0] recycles 0 hard 0 soft 1 temp 1 loss 4.32 i_con 4.12 plddt 0.28 ptm 0.84 i_ptm 0.31 energy 2.49
13 models [3] recycles 0 hard 0 soft 1 temp 1 loss 3.95 i_con 3.77 plddt 0.33 ptm 0.85 i_ptm 0.42 energy 2.20
14 models [4] recycles 0 hard 0 soft 1 temp 1 loss 4.43 i_con 4.27 plddt 0.27 ptm 0.87 i_ptm 0.27 energy 1.84
15 models [0] recycles 0 hard 0 soft 1 temp 1 loss 4.19 i_con 4.03 plddt 0.29 ptm 0.84 i_ptm 0.31 energy 1.83
16 models [2] recycles 0 hard 0 soft 1 temp 1 loss 3.97 i_con 3.83 plddt 0.37 ptm 0.86 i_ptm 0.44 energy 1.66
17 models [3] recycles 0 hard 0 soft 1 temp 1 loss 3.94 i_con 3.79 plddt 0.34 ptm 0.86 i_ptm 0.46 energy 1.70
18 models [1] recycles 0 hard 0 soft 1 temp 1 loss 4.39 i_con 4.25 plddt 0.23 ptm 0.86 i_ptm 0.21 energy 1.26
19 models [1] recycles 0 hard 0 soft 1 temp 1 loss 4.16 i_con 4.03 plddt 0.30 ptm 0.87 i_ptm 0.35 energy 1.11
20 models [1] recycles 0 hard 0 soft 1 temp 1 loss 4.43 i_con 4.30 plddt 0.23 ptm 0.86 i_ptm 0.20 energy 1.05
21 models [2] recycles 0 hard 0 soft 1 temp 1 loss 3.83 i_con 3.73 plddt 0.38 ptm 0.87 i_ptm 0.51 energy 0.84
22 models [2] recycles 0 hard 0 soft 1 temp 1 loss 3.89 i_con 3.81 plddt 0.34 ptm 0.87 i_ptm 0.43 energy 0.34
23 models [0] recycles 0 hard 0 soft 1 temp 1 loss 4.03 i_con 3.98 plddt 0.31 ptm 0.84 i_ptm 0.36 energy -0.37
24 models [1] recycles 0 hard 0 soft 1 temp 1 loss 3.96 i_con 3.93 plddt 0.30 ptm 0.87 i_ptm 0.37 energy -0.77
25 models [0] recycles 0 hard 0 soft 1 temp 1 loss 4.22 i_con 4.19 plddt 0.27 ptm 0.83 i_ptm 0.27 energy -1.05
26 models [3] recycles 0 hard 0 soft 1 temp 1 loss 3.78 i_con 3.78 plddt 0.34 ptm 0.86 i_ptm 0.42 energy -1.26
27 models [4] recycles 0 hard 0 soft 1 temp 1 loss 3.71 i_con 3.73 plddt 0.36 ptm 0.89 i_ptm 0.49 energy -1.78
28 models [1] recycles 0 hard 0 soft 1 temp 1 loss 3.75 i_con 3.78 plddt 0.34 ptm 0.88 i_ptm 0.44 energy -2.02
29 models [0] recycles 0 hard 0 soft 1 temp 1 loss 3.91 i_con 3.95 plddt 0.33 ptm 0.85 i_ptm 0.38 energy -2.24
30 models [1] recycles 0 hard 0 soft 1 temp 1 loss 3.70 i_con 3.76 plddt 0.33 ptm 0.87 i_ptm 0.45 energy -2.49
31 models [1] recycles 0 hard 0 soft 1 temp 1 loss 3.95 i_con 4.01 plddt 0.29 ptm 0.86 i_ptm 0.36 energy -2.50
32 models [4] recycles 0 hard 0 soft 1 temp 1 loss 3.69 i_con 3.75 plddt 0.35 ptm 0.88 i_ptm 0.45 energy -2.45
33 models [4] recycles 0 hard 0 soft 1 temp 1 loss 3.65 i_con 3.72 plddt 0.35 ptm 0.88 i_ptm 0.50 energy -2.73
34 models [4] recycles 0 hard 0 soft 1 temp 1 loss 3.70 i_con 3.78 plddt 0.33 ptm 0.88 i_ptm 0.45 energy -2.77
35 models [4] recycles 0 hard 0 soft 1 temp 1 loss 3.66 i_con 3.75 plddt 0.37 ptm 0.88 i_ptm 0.50 energy -2.98
36 models [2] recycles 0 hard 0 soft 1 temp 1 loss 3.64 i_con 3.72 plddt 0.37 ptm 0.87 i_ptm 0.50 energy -2.97
37 models [3] recycles 0 hard 0 soft 1 temp 1 loss 3.67 i_con 3.75 plddt 0.37 ptm 0.86 i_ptm 0.45 energy -2.91
38 models [1] recycles 0 hard 0 soft 1 temp 1 loss 3.83 i_con 3.91 plddt 0.30 ptm 0.87 i_ptm 0.39 energy -2.97
39 models [3] recycles 0 hard 0 soft 1 temp 1 loss 3.67 i_con 3.76 plddt 0.36 ptm 0.86 i_ptm 0.44 energy -3.06
40 models [4] recycles 0 hard 0 soft 1 temp 1 loss 3.65 i_con 3.74 plddt 0.37 ptm 0.89 i_ptm 0.51 energy -2.93
41 models [3] recycles 0 hard 0 soft 1 temp 1 loss 3.62 i_con 3.71 plddt 0.36 ptm 0.86 i_ptm 0.45 energy -3.04
42 models [3] recycles 0 hard 0 soft 1 temp 1 loss 3.73 i_con 3.82 plddt 0.33 ptm 0.86 i_ptm 0.42 energy -3.16
43 models [2] recycles 0 hard 0 soft 1 temp 1 loss 3.60 i_con 3.70 plddt 0.41 ptm 0.87 i_ptm 0.51 energy -3.28
44 models [3] recycles 0 hard 0 soft 1 temp 1 loss 4.96 i_con 5.06 plddt 0.29 ptm 0.84 i_ptm 0.16 energy -3.31
45 models [3] recycles 0 hard 0 soft 1 temp 1 loss 3.46 i_con 3.56 plddt 0.40 ptm 0.87 i_ptm 0.54 energy -3.26
46 models [2] recycles 0 hard 0 soft 1 temp 1 loss 3.63 i_con 3.73 plddt 0.40 ptm 0.87 i_ptm 0.49 energy -3.26
47 models [0] recycles 0 hard 0 soft 1 temp 1 loss 3.84 i_con 3.94 plddt 0.33 ptm 0.85 i_ptm 0.40 energy -3.30
48 models [3] recycles 0 hard 0 soft 1 temp 1 loss 3.60 i_con 3.70 plddt 0.36 ptm 0.87 i_ptm 0.46 energy -3.31
49 models [0] recycles 0 hard 0 soft 1 temp 1 loss 3.76 i_con 3.86 plddt 0.36 ptm 0.85 i_ptm 0.42 energy -3.30
50 models [4] recycles 0 hard 0 soft 1 temp 1 loss 3.56 i_con 3.66 plddt 0.37 ptm 0.88 i_ptm 0.52 energy -3.24
51 models [2] recycles 0 hard 0 soft 1 temp 1 loss 3.03 i_con 3.65 plddt 0.42 ptm 0.87 i_ptm 0.52 energy -3.38
52 models [2] recycles 0 hard 0 soft 1 temp 1 loss 2.99 i_con 3.63 plddt 0.41 ptm 0.88 i_ptm 0.57 energy -3.49
53 models [1] recycles 0 hard 0 soft 1 temp 1 loss 4.80 i_con 5.44 plddt 0.24 ptm 0.86 i_ptm 0.15 energy -3.60
54 models [0] recycles 0 hard 0 soft 1 temp 1 loss 3.17 i_con 3.83 plddt 0.38 ptm 0.84 i_ptm 0.42 energy -3.60
55 models [4] recycles 0 hard 0 soft 1 temp 1 loss 2.92 i_con 3.60 plddt 0.42 ptm 0.89 i_ptm 0.53 energy -3.70
56 models [1] recycles 0 hard 0 soft 1 temp 1 loss 3.20 i_con 3.91 plddt 0.34 ptm 0.87 i_ptm 0.40 energy -3.88
57 models [0] recycles 0 hard 0 soft 1 temp 1 loss 3.03 i_con 3.75 plddt 0.41 ptm 0.85 i_ptm 0.50 energy -3.90
58 models [0] recycles 0 hard 0 soft 1 temp 1 loss 2.94 i_con 3.69 plddt 0.42 ptm 0.86 i_ptm 0.53 energy -4.02
59 models [4] recycles 0 hard 0 soft 1 temp 1 loss 2.89 i_con 3.65 plddt 0.38 ptm 0.89 i_ptm 0.53 energy -4.11
60 models [2] recycles 0 hard 0 soft 1 temp 1 loss 2.90 i_con 3.67 plddt 0.40 ptm 0.87 i_ptm 0.53 energy -4.17
61 models [1] recycles 0 hard 0 soft 1 temp 1 loss 3.21 i_con 3.97 plddt 0.30 ptm 0.87 i_ptm 0.37 energy -4.17
62 models [0] recycles 0 hard 0 soft 1 temp 1 loss 3.00 i_con 3.77 plddt 0.41 ptm 0.85 i_ptm 0.46 energy -4.12
63 models [2] recycles 0 hard 0 soft 1 temp 1 loss 2.89 i_con 3.68 plddt 0.42 ptm 0.88 i_ptm 0.53 energy -4.24
64 models [2] recycles 0 hard 0 soft 1 temp 1 loss 2.93 i_con 3.71 plddt 0.39 ptm 0.87 i_ptm 0.52 energy -4.22
65 models [3] recycles 0 hard 0 soft 1 temp 1 loss 2.92 i_con 3.73 plddt 0.37 ptm 0.86 i_ptm 0.48 energy -4.36
66 models [0] recycles 0 hard 0 soft 1 temp 1 loss 2.72 i_con 3.54 plddt 0.45 ptm 0.86 i_ptm 0.57 energy -4.37
67 models [4] recycles 0 hard 0 soft 1 temp 1 loss 2.78 i_con 3.62 plddt 0.43 ptm 0.89 i_ptm 0.55 energy -4.49
68 models [0] recycles 0 hard 0 soft 1 temp 1 loss 2.88 i_con 3.72 plddt 0.39 ptm 0.86 i_ptm 0.51 energy -4.53
69 models [4] recycles 0 hard 0 soft 1 temp 1 loss 2.74 i_con 3.58 plddt 0.41 ptm 0.89 i_ptm 0.56 energy -4.53
70 models [3] recycles 0 hard 0 soft 1 temp 1 loss 2.82 i_con 3.67 plddt 0.39 ptm 0.87 i_ptm 0.52 energy -4.57
71 models [2] recycles 0 hard 0 soft 1 temp 1 loss 2.79 i_con 3.67 plddt 0.39 ptm 0.87 i_ptm 0.52 energy -4.69
72 models [2] recycles 0 hard 0 soft 1 temp 1 loss 2.73 i_con 3.63 plddt 0.41 ptm 0.87 i_ptm 0.55 energy -4.79
73 models [0] recycles 0 hard 0 soft 1 temp 1 loss 2.93 i_con 3.85 plddt 0.37 ptm 0.85 i_ptm 0.44 energy -4.91
74 models [2] recycles 0 hard 0 soft 1 temp 1 loss 2.73 i_con 3.66 plddt 0.40 ptm 0.87 i_ptm 0.54 energy -4.95
75 models [1] recycles 0 hard 0 soft 1 temp 1 loss 3.10 i_con 4.04 plddt 0.30 ptm 0.86 i_ptm 0.33 energy -5.06
76 models [0] recycles 0 hard 0 soft 1 temp 1 loss 4.01 i_con 4.93 plddt 0.27 ptm 0.83 i_ptm 0.27 energy -4.94
77 models [3] recycles 0 hard 0 soft 1 temp 1 loss 2.74 i_con 3.65 plddt 0.42 ptm 0.86 i_ptm 0.54 energy -4.83
78 models [3] recycles 0 hard 0 soft 1 temp 1 loss 2.65 i_con 3.59 plddt 0.40 ptm 0.87 i_ptm 0.54 energy -4.99
79 models [3] recycles 0 hard 0 soft 1 temp 1 loss 2.83 i_con 3.78 plddt 0.38 ptm 0.86 i_ptm 0.47 energy -5.04
80 models [1] recycles 0 hard 0 soft 1 temp 1 loss 3.43 i_con 4.35 plddt 0.29 ptm 0.86 i_ptm 0.21 energy -4.99
81 models [2] recycles 0 hard 0 soft 1 temp 1 loss 2.77 i_con 3.69 plddt 0.42 ptm 0.87 i_ptm 0.55 energy -4.85
82 models [3] recycles 0 hard 0 soft 1 temp 1 loss 2.63 i_con 3.54 plddt 0.41 ptm 0.87 i_ptm 0.59 energy -4.84
83 models [1] recycles 0 hard 0 soft 1 temp 1 loss 3.11 i_con 4.00 plddt 0.33 ptm 0.86 i_ptm 0.37 energy -4.78
84 models [1] recycles 0 hard 0 soft 1 temp 1 loss 2.97 i_con 3.86 plddt 0.35 ptm 0.87 i_ptm 0.43 energy -4.78
85 models [0] recycles 0 hard 0 soft 1 temp 1 loss 2.94 i_con 3.81 plddt 0.40 ptm 0.85 i_ptm 0.47 energy -4.65
86 models [3] recycles 0 hard 0 soft 1 temp 1 loss 2.63 i_con 3.59 plddt 0.40 ptm 0.86 i_ptm 0.54 energy -5.07
87 models [1] recycles 0 hard 0 soft 1 temp 1 loss 2.95 i_con 3.87 plddt 0.34 ptm 0.87 i_ptm 0.42 energy -4.93
88 models [0] recycles 0 hard 0 soft 1 temp 1 loss 2.67 i_con 3.63 plddt 0.41 ptm 0.86 i_ptm 0.57 energy -5.06
89 models [1] recycles 0 hard 0 soft 1 temp 1 loss 2.85 i_con 3.81 plddt 0.35 ptm 0.87 i_ptm 0.45 energy -5.14
90 models [2] recycles 0 hard 0 soft 1 temp 1 loss 2.63 i_con 3.61 plddt 0.40 ptm 0.87 i_ptm 0.58 energy -5.21
91 models [2] recycles 0 hard 0 soft 1 temp 1 loss 2.68 i_con 3.65 plddt 0.43 ptm 0.87 i_ptm 0.55 energy -5.15
92 models [4] recycles 0 hard 0 soft 1 temp 1 loss 2.56 i_con 3.52 plddt 0.39 ptm 0.89 i_ptm 0.59 energy -5.15
93 models [4] recycles 0 hard 0 soft 1 temp 1 loss 2.68 i_con 3.68 plddt 0.39 ptm 0.89 i_ptm 0.52 energy -5.29
94 models [4] recycles 0 hard 0 soft 1 temp 1 loss 2.59 i_con 3.59 plddt 0.39 ptm 0.89 i_ptm 0.54 energy -5.30
95 models [3] recycles 0 hard 0 soft 1 temp 1 loss 2.51 i_con 3.56 plddt 0.45 ptm 0.87 i_ptm 0.58 energy -5.52
96 models [0] recycles 0 hard 0 soft 1 temp 1 loss 2.78 i_con 3.84 plddt 0.37 ptm 0.85 i_ptm 0.43 energy -5.59
97 models [2] recycles 0 hard 0 soft 1 temp 1 loss 2.59 i_con 3.70 plddt 0.42 ptm 0.87 i_ptm 0.54 energy -5.85
98 models [3] recycles 0 hard 0 soft 1 temp 1 loss 4.49 i_con 5.61 plddt 0.37 ptm 0.85 i_ptm 0.30 energy -5.92
99 models [1] recycles 0 hard 0 soft 1 temp 1 loss 3.63 i_con 4.72 plddt 0.30 ptm 0.85 i_ptm 0.11 energy -5.79
100 models [4] recycles 0 hard 0 soft 1 temp 1 loss 2.61 i_con 3.69 plddt 0.40 ptm 0.88 i_ptm 0.51 energy -5.67
101 models [1] recycles 0 hard 0 soft 0 temp 1 loss 4.62 i_con 6.20 plddt 0.29 ptm 0.86 i_ptm 0.19 energy -32.97
102 models [1] recycles 0 hard 0 soft 0 temp 0.98 loss 4.33 i_con 5.94 plddt 0.28 ptm 0.86 i_ptm 0.13 energy -33.67
103 models [3] recycles 0 hard 0 soft 0 temp 0.96 loss 2.82 i_con 4.40 plddt 0.13 ptm 0.33 i_ptm 0.22 energy -33.43
104 models [3] recycles 0 hard 0 soft 0 temp 0.94 loss 3.93 i_con 5.53 plddt 0.24 ptm 0.85 i_ptm 0.14 energy -33.52
105 models [3] recycles 0 hard 0 soft 0 temp 0.92 loss 2.90 i_con 4.49 plddt 0.24 ptm 0.86 i_ptm 0.18 energy -33.40
106 models [4] recycles 0 hard 0 soft 0 temp 0.90 loss 3.68 i_con 5.28 plddt 0.20 ptm 0.87 i_ptm 0.11 energy -33.49
107 models [2] recycles 0 hard 0 soft 0 temp 0.88 loss 3.08 i_con 4.68 plddt 0.23 ptm 0.85 i_ptm 0.16 energy -33.71
108 models [1] recycles 0 hard 0 soft 0 temp 0.86 loss 4.58 i_con 6.20 plddt 0.29 ptm 0.87 i_ptm 0.19 energy -33.88
109 models [3] recycles 0 hard 0 soft 0 temp 0.84 loss 4.04 i_con 5.68 plddt 0.27 ptm 0.85 i_ptm 0.18 energy -34.34
110 models [3] recycles 0 hard 0 soft 0 temp 0.82 loss 4.16 i_con 5.81 plddt 0.26 ptm 0.85 i_ptm 0.18 energy -34.47
111 models [4] recycles 0 hard 0 soft 0 temp 0.80 loss 3.27 i_con 4.94 plddt 0.20 ptm 0.87 i_ptm 0.13 energy -35.00
112 models [0] recycles 0 hard 0 soft 0 temp 0.78 loss 2.63 i_con 4.30 plddt 0.28 ptm 0.84 i_ptm 0.23 energy -34.74
113 models [1] recycles 0 hard 0 soft 0 temp 0.76 loss 4.54 i_con 6.22 plddt 0.28 ptm 0.86 i_ptm 0.21 energy -35.08
114 models [4] recycles 0 hard 0 soft 0 temp 0.74 loss 3.10 i_con 4.79 plddt 0.23 ptm 0.87 i_ptm 0.15 energy -35.35
115 models [4] recycles 0 hard 0 soft 0 temp 0.72 loss 2.30 i_con 4.00 plddt 0.28 ptm 0.88 i_ptm 0.34 energy -35.39
116 models [4] recycles 0 hard 0 soft 0 temp 0.70 loss 3.80 i_con 5.51 plddt 0.22 ptm 0.88 i_ptm 0.17 energy -35.70
117 models [2] recycles 0 hard 0 soft 0 temp 0.68 loss 2.81 i_con 4.52 plddt 0.24 ptm 0.85 i_ptm 0.18 energy -35.72
118 models [2] recycles 0 hard 0 soft 0 temp 0.66 loss 2.20 i_con 3.93 plddt 0.32 ptm 0.88 i_ptm 0.40 energy -35.82
119 models [3] recycles 0 hard 0 soft 0 temp 0.64 loss 2.27 i_con 4.05 plddt 0.29 ptm 0.86 i_ptm 0.33 energy -37.15
120 models [1] recycles 0 hard 0 soft 0 temp 0.62 loss 4.18 i_con 5.98 plddt 0.30 ptm 0.87 i_ptm 0.23 energy -37.39
121 models [4] recycles 0 hard 0 soft 0 temp 0.60 loss 3.39 i_con 5.21 plddt 0.24 ptm 0.87 i_ptm 0.14 energy -37.99
122 models [3] recycles 0 hard 0 soft 0 temp 0.58 loss 2.36 i_con 4.20 plddt 0.25 ptm 0.85 i_ptm 0.21 energy -38.27
123 models [0] recycles 0 hard 0 soft 0 temp 0.56 loss 3.53 i_con 5.37 plddt 0.24 ptm 0.28 i_ptm 0.08 energy -38.47
124 models [1] recycles 0 hard 0 soft 0 temp 0.54 loss 3.45 i_con 5.30 plddt 0.27 ptm 0.86 i_ptm 0.16 energy -38.57
125 models [1] recycles 0 hard 0 soft 0 temp 0.52 loss 4.04 i_con 5.89 plddt 0.28 ptm 0.87 i_ptm 0.21 energy -38.52
126 models [4] recycles 0 hard 0 soft 0 temp 0.50 loss 2.37 i_con 4.23 plddt 0.24 ptm 0.88 i_ptm 0.26 energy -38.84
127 models [1] recycles 0 hard 0 soft 0 temp 0.48 loss 3.30 i_con 5.17 plddt 0.28 ptm 0.86 i_ptm 0.16 energy -38.78
128 models [4] recycles 0 hard 0 soft 0 temp 0.46 loss 2.32 i_con 4.20 plddt 0.26 ptm 0.88 i_ptm 0.27 energy -38.98
129 models [4] recycles 0 hard 0 soft 0 temp 0.44 loss 2.29 i_con 4.17 plddt 0.26 ptm 0.88 i_ptm 0.27 energy -39.07
130 models [3] recycles 0 hard 0 soft 0 temp 0.42 loss 3.24 i_con 5.12 plddt 0.24 ptm 0.85 i_ptm 0.18 energy -39.08
131 models [3] recycles 0 hard 0 soft 0 temp 0.40 loss 2.17 i_con 4.05 plddt 0.28 ptm 0.86 i_ptm 0.33 energy -39.04
132 models [1] recycles 0 hard 0 soft 0 temp 0.38 loss 3.25 i_con 5.14 plddt 0.25 ptm 0.86 i_ptm 0.15 energy -39.22
133 models [4] recycles 0 hard 0 soft 0 temp 0.36 loss 3.09 i_con 4.98 plddt 0.16 ptm 0.11 i_ptm 0.20 energy -39.49
134 models [4] recycles 0 hard 0 soft 0 temp 0.34 loss 3.04 i_con 4.93 plddt 0.15 ptm 0.16 i_ptm 0.21 energy -39.52
135 models [2] recycles 0 hard 0 soft 0 temp 0.32 loss 0.96 i_con 2.87 plddt 0.30 ptm 0.26 i_ptm 0.43 energy -39.49
136 models [3] recycles 0 hard 0 soft 0 temp 0.30 loss 2.28 i_con 4.18 plddt 0.25 ptm 0.86 i_ptm 0.27 energy -39.37
137 models [2] recycles 0 hard 0 soft 0 temp 0.28 loss 1.93 i_con 3.83 plddt 0.32 ptm 0.87 i_ptm 0.46 energy -39.38
138 models [3] recycles 0 hard 0 soft 0 temp 0.26 loss 1.93 i_con 3.89 plddt 0.32 ptm 0.86 i_ptm 0.42 energy -40.41
139 models [2] recycles 0 hard 0 soft 0 temp 0.24 loss 1.89 i_con 3.90 plddt 0.31 ptm 0.87 i_ptm 0.42 energy -41.59
140 models [0] recycles 0 hard 0 soft 0 temp 0.22 loss 1.91 i_con 3.99 plddt 0.29 ptm 0.85 i_ptm 0.35 energy -43.11
141 models [2] recycles 0 hard 0 soft 0 temp 0.20 loss 1.69 i_con 3.83 plddt 0.33 ptm 0.87 i_ptm 0.43 energy -44.11
142 models [3] recycles 0 hard 0 soft 0 temp 0.18 loss 1.79 i_con 3.97 plddt 0.29 ptm 0.86 i_ptm 0.39 energy -44.92
143 models [1] recycles 0 hard 0 soft 0 temp 0.16 loss 2.07 i_con 4.27 plddt 0.27 ptm 0.86 i_ptm 0.25 energy -45.38
144 models [3] recycles 0 hard 0 soft 0 temp 0.14 loss 1.58 i_con 3.80 plddt 0.33 ptm 0.87 i_ptm 0.46 energy -45.69
145 models [3] recycles 0 hard 0 soft 0 temp 0.12 loss 1.64 i_con 3.89 plddt 0.32 ptm 0.86 i_ptm 0.42 energy -46.38
146 models [2] recycles 0 hard 0 soft 0 temp 0.10 loss 1.46 i_con 3.73 plddt 0.36 ptm 0.88 i_ptm 0.50 energy -46.49
147 models [2] recycles 0 hard 0 soft 0 temp 0.08 loss 1.38 i_con 3.73 plddt 0.35 ptm 0.88 i_ptm 0.49 energy -48.29
148 models [0] recycles 0 hard 0 soft 0 temp 0.06 loss 1.44 i_con 3.84 plddt 0.36 ptm 0.85 i_ptm 0.43 energy -49.37
149 models [4] recycles 0 hard 0 soft 0 temp 0.04 loss 1.44 i_con 3.90 plddt 0.30 ptm 0.89 i_ptm 0.39 energy -50.58
150 models [4] recycles 0 hard 0 soft 0 temp 0.02 loss 1.81 i_con 4.33 plddt 0.21 ptm 0.87 i_ptm 0.20 energy -52.11
151 models [1] recycles 0 hard 1 soft 0 temp 0.00 loss 2.60 i_con 5.14 plddt 0.25 ptm 0.85 i_ptm 0.18 energy -5.23
152 models [3] recycles 0 hard 1 soft 0 temp 0.00 loss 1.18 i_con 3.73 plddt 0.32 ptm 0.86 i_ptm 0.50 energy -5.23
153 models [4] recycles 0 hard 1 soft 0 temp 0.00 loss 1.21 i_con 3.76 plddt 0.31 ptm 0.89 i_ptm 0.49 energy -5.23
154 models [2] recycles 0 hard 1 soft 0 temp 0.00 loss 1.18 i_con 3.73 plddt 0.34 ptm 0.87 i_ptm 0.51 energy -5.23
155 models [3] recycles 0 hard 1 soft 0 temp 0.00 loss 1.18 i_con 3.73 plddt 0.32 ptm 0.86 i_ptm 0.50 energy -5.23
156 models [1] recycles 0 hard 1 soft 0 temp 0.00 loss 2.60 i_con 5.14 plddt 0.25 ptm 0.85 i_ptm 0.18 energy -5.23
157 models [0] recycles 0 hard 1 soft 0 temp 0.00 loss 1.62 i_con 4.16 plddt 0.27 ptm 0.83 i_ptm 0.32 energy -5.23
158 models [3] recycles 0 hard 1 soft 0 temp 0.00 loss 1.18 i_con 3.73 plddt 0.32 ptm 0.86 i_ptm 0.50 energy -5.23
159 models [0] recycles 0 hard 1 soft 0 temp 0.00 loss 1.62 i_con 4.16 plddt 0.27 ptm 0.83 i_ptm 0.32 energy -5.23
160 models [1] recycles 0 hard 1 soft 0 temp 0.00 loss 2.60 i_con 5.14 plddt 0.25 ptm 0.85 i_ptm 0.18 energy -5.23
161 models [0] recycles 0 hard 1 soft 0 temp 0.00 loss 1.62 i_con 4.16 plddt 0.27 ptm 0.83 i_ptm 0.32 energy -5.23
162 models [4] recycles 0 hard 1 soft 0 temp 0.00 loss 1.21 i_con 3.76 plddt 0.31 ptm 0.89 i_ptm 0.49 energy -5.23
163 models [2] recycles 0 hard 1 soft 0 temp 0.00 loss 1.18 i_con 3.73 plddt 0.34 ptm 0.87 i_ptm 0.51 energy -5.23
164 models [4] recycles 0 hard 1 soft 0 temp 0.00 loss 1.21 i_con 3.76 plddt 0.31 ptm 0.89 i_ptm 0.49 energy -5.23
165 models [0] recycles 0 hard 1 soft 0 temp 0.00 loss 1.62 i_con 4.16 plddt 0.27 ptm 0.83 i_ptm 0.32 energy -5.23
166 models [0] recycles 0 hard 1 soft 0 temp 0.00 loss 1.62 i_con 4.16 plddt 0.27 ptm 0.83 i_ptm 0.32 energy -5.23
167 models [0] recycles 0 hard 1 soft 0 temp 0.00 loss 1.62 i_con 4.16 plddt 0.27 ptm 0.83 i_ptm 0.32 energy -5.23
168 models [1] recycles 0 hard 1 soft 0 temp 0.00 loss 2.60 i_con 5.14 plddt 0.25 ptm 0.85 i_ptm 0.18 energy -5.23
169 models [4] recycles 0 hard 1 soft 0 temp 0.00 loss 1.21 i_con 3.76 plddt 0.31 ptm 0.89 i_ptm 0.49 energy -5.23
170 models [4] recycles 0 hard 1 soft 0 temp 0.00 loss 1.21 i_con 3.76 plddt 0.31 ptm 0.89 i_ptm 0.49 energy -5.23
171 models [4] recycles 0 hard 1 soft 0 temp 0.00 loss 1.21 i_con 3.76 plddt 0.31 ptm 0.89 i_ptm 0.49 energy -5.23
172 models [3] recycles 0 hard 1 soft 0 temp 0.00 loss 1.18 i_con 3.73 plddt 0.32 ptm 0.86 i_ptm 0.50 energy -5.23
173 models [4] recycles 0 hard 1 soft 0 temp 0.00 loss 1.21 i_con 3.76 plddt 0.31 ptm 0.89 i_ptm 0.49 energy -5.23
174 models [0] recycles 0 hard 1 soft 0 temp 0.00 loss 1.62 i_con 4.16 plddt 0.27 ptm 0.83 i_ptm 0.32 energy -5.23
175 models [4] recycles 0 hard 1 soft 0 temp 0.00 loss 1.21 i_con 3.76 plddt 0.31 ptm 0.89 i_ptm 0.49 energy -5.23
176 models [2] recycles 0 hard 1 soft 0 temp 0.00 loss 1.18 i_con 3.73 plddt 0.34 ptm 0.87 i_ptm 0.51 energy -5.23
177 models [2] recycles 0 hard 1 soft 0 temp 0.00 loss 1.18 i_con 3.73 plddt 0.34 ptm 0.87 i_ptm 0.51 energy -5.23
178 models [0] recycles 0 hard 1 soft 0 temp 0.00 loss 1.62 i_con 4.16 plddt 0.27 ptm 0.83 i_ptm 0.32 energy -5.23
179 models [3] recycles 0 hard 1 soft 0 temp 0.00 loss 1.18 i_con 3.73 plddt 0.32 ptm 0.86 i_ptm 0.50 energy -5.23
180 models [2] recycles 0 hard 1 soft 0 temp 0.00 loss 1.18 i_con 3.73 plddt 0.34 ptm 0.87 i_ptm 0.51 energy -5.23
  seq=DWNWAWWCLDSQKDA  loss=1.1845  loss_af=3.8000  energy=-5.2310  i_ptm=0.5094
[7/20] seed=6 ...
1 models [1] recycles 0 hard 0 soft 1 temp 1 loss 4.51 i_con 4.06 plddt 0.27 ptm 0.87 i_ptm 0.34 energy 7.40
2 models [1] recycles 0 hard 0 soft 1 temp 1 loss 4.67 i_con 4.26 plddt 0.23 ptm 0.86 i_ptm 0.23 energy 6.74
3 models [1] recycles 0 hard 0 soft 1 temp 1 loss 4.50 i_con 4.10 plddt 0.25 ptm 0.87 i_ptm 0.30 energy 6.44
4 models [2] recycles 0 hard 0 soft 1 temp 1 loss 4.50 i_con 4.13 plddt 0.28 ptm 0.85 i_ptm 0.32 energy 6.02
5 models [2] recycles 0 hard 0 soft 1 temp 1 loss 4.09 i_con 3.75 plddt 0.36 ptm 0.88 i_ptm 0.47 energy 5.50
6 models [2] recycles 0 hard 0 soft 1 temp 1 loss 4.10 i_con 3.80 plddt 0.36 ptm 0.87 i_ptm 0.48 energy 4.75
7 models [4] recycles 0 hard 0 soft 1 temp 1 loss 4.20 i_con 3.92 plddt 0.30 ptm 0.88 i_ptm 0.40 energy 4.12
8 models [2] recycles 0 hard 0 soft 1 temp 1 loss 4.13 i_con 3.88 plddt 0.33 ptm 0.87 i_ptm 0.42 energy 3.68
9 models [4] recycles 0 hard 0 soft 1 temp 1 loss 4.28 i_con 4.05 plddt 0.30 ptm 0.88 i_ptm 0.36 energy 3.32
10 models [3] recycles 0 hard 0 soft 1 temp 1 loss 3.94 i_con 3.73 plddt 0.35 ptm 0.87 i_ptm 0.48 energy 3.08
11 models [0] recycles 0 hard 0 soft 1 temp 1 loss 4.08 i_con 3.89 plddt 0.32 ptm 0.85 i_ptm 0.40 energy 2.51
12 models [1] recycles 0 hard 0 soft 1 temp 1 loss 4.56 i_con 4.36 plddt 0.23 ptm 0.86 i_ptm 0.22 energy 2.39
13 models [1] recycles 0 hard 0 soft 1 temp 1 loss 4.11 i_con 3.92 plddt 0.29 ptm 0.87 i_ptm 0.39 energy 2.32
14 models [0] recycles 0 hard 0 soft 1 temp 1 loss 4.00 i_con 3.83 plddt 0.37 ptm 0.85 i_ptm 0.48 energy 2.09
15 models [0] recycles 0 hard 0 soft 1 temp 1 loss 3.95 i_con 3.79 plddt 0.35 ptm 0.86 i_ptm 0.50 energy 1.79
16 models [4] recycles 0 hard 0 soft 1 temp 1 loss 4.00 i_con 3.87 plddt 0.34 ptm 0.88 i_ptm 0.47 energy 1.46
17 models [0] recycles 0 hard 0 soft 1 temp 1 loss 4.02 i_con 3.89 plddt 0.35 ptm 0.85 i_ptm 0.43 energy 1.37
18 models [2] recycles 0 hard 0 soft 1 temp 1 loss 3.84 i_con 3.71 plddt 0.38 ptm 0.87 i_ptm 0.52 energy 1.21
19 models [1] recycles 0 hard 0 soft 1 temp 1 loss 4.97 i_con 4.84 plddt 0.22 ptm 0.85 i_ptm 0.13 energy 1.05
20 models [0] recycles 0 hard 0 soft 1 temp 1 loss 4.01 i_con 3.90 plddt 0.34 ptm 0.85 i_ptm 0.43 energy 0.92
21 models [3] recycles 0 hard 0 soft 1 temp 1 loss 4.05 i_con 3.94 plddt 0.29 ptm 0.85 i_ptm 0.33 energy 0.73
22 models [3] recycles 0 hard 0 soft 1 temp 1 loss 3.76 i_con 3.66 plddt 0.39 ptm 0.87 i_ptm 0.52 energy 0.84
23 models [3] recycles 0 hard 0 soft 1 temp 1 loss 3.81 i_con 3.72 plddt 0.36 ptm 0.85 i_ptm 0.48 energy 0.54
24 models [0] recycles 0 hard 0 soft 1 temp 1 loss 3.93 i_con 3.84 plddt 0.36 ptm 0.86 i_ptm 0.46 energy 0.55
25 models [1] recycles 0 hard 0 soft 1 temp 1 loss 4.06 i_con 3.97 plddt 0.29 ptm 0.87 i_ptm 0.36 energy 0.37
26 models [2] recycles 0 hard 0 soft 1 temp 1 loss 3.68 i_con 3.62 plddt 0.44 ptm 0.88 i_ptm 0.57 energy 0.11
27 models [3] recycles 0 hard 0 soft 1 temp 1 loss 3.73 i_con 3.67 plddt 0.37 ptm 0.86 i_ptm 0.53 energy 0.02
28 models [4] recycles 0 hard 0 soft 1 temp 1 loss 3.78 i_con 3.73 plddt 0.37 ptm 0.89 i_ptm 0.51 energy -0.30
29 models [3] recycles 0 hard 0 soft 1 temp 1 loss 3.69 i_con 3.64 plddt 0.39 ptm 0.87 i_ptm 0.51 energy -0.28
30 models [0] recycles 0 hard 0 soft 1 temp 1 loss 3.87 i_con 3.86 plddt 0.39 ptm 0.85 i_ptm 0.46 energy -0.91
31 models [2] recycles 0 hard 0 soft 1 temp 1 loss 3.71 i_con 3.71 plddt 0.43 ptm 0.88 i_ptm 0.55 energy -1.29
32 models [0] recycles 0 hard 0 soft 1 temp 1 loss 3.71 i_con 3.73 plddt 0.44 ptm 0.86 i_ptm 0.54 energy -1.42
33 models [1] recycles 0 hard 0 soft 1 temp 1 loss 3.93 i_con 3.95 plddt 0.30 ptm 0.87 i_ptm 0.40 energy -1.71
34 models [0] recycles 0 hard 0 soft 1 temp 1 loss 3.84 i_con 3.87 plddt 0.38 ptm 0.86 i_ptm 0.45 energy -1.82
35 models [2] recycles 0 hard 0 soft 1 temp 1 loss 3.59 i_con 3.62 plddt 0.44 ptm 0.88 i_ptm 0.58 energy -1.71
36 models [2] recycles 0 hard 0 soft 1 temp 1 loss 3.69 i_con 3.74 plddt 0.39 ptm 0.87 i_ptm 0.53 energy -2.17
37 models [4] recycles 0 hard 0 soft 1 temp 1 loss 3.74 i_con 3.78 plddt 0.38 ptm 0.88 i_ptm 0.53 energy -2.18
38 models [4] recycles 0 hard 0 soft 1 temp 1 loss 3.78 i_con 3.83 plddt 0.37 ptm 0.89 i_ptm 0.50 energy -2.26
39 models [1] recycles 0 hard 0 soft 1 temp 1 loss 4.12 i_con 4.17 plddt 0.28 ptm 0.86 i_ptm 0.27 energy -2.34
40 models [4] recycles 0 hard 0 soft 1 temp 1 loss 3.63 i_con 3.69 plddt 0.40 ptm 0.88 i_ptm 0.54 energy -2.33
41 models [0] recycles 0 hard 0 soft 1 temp 1 loss 3.70 i_con 3.75 plddt 0.41 ptm 0.85 i_ptm 0.52 energy -2.22
42 models [2] recycles 0 hard 0 soft 1 temp 1 loss 3.70 i_con 3.75 plddt 0.43 ptm 0.87 i_ptm 0.53 energy -2.24
43 models [0] recycles 0 hard 0 soft 1 temp 1 loss 3.69 i_con 3.74 plddt 0.42 ptm 0.85 i_ptm 0.51 energy -2.24
44 models [2] recycles 0 hard 0 soft 1 temp 1 loss 3.59 i_con 3.65 plddt 0.44 ptm 0.88 i_ptm 0.56 energy -2.27
45 models [3] recycles 0 hard 0 soft 1 temp 1 loss 3.65 i_con 3.71 plddt 0.41 ptm 0.86 i_ptm 0.53 energy -2.40
46 models [3] recycles 0 hard 0 soft 1 temp 1 loss 3.51 i_con 3.58 plddt 0.46 ptm 0.87 i_ptm 0.57 energy -2.45
47 models [0] recycles 0 hard 0 soft 1 temp 1 loss 3.64 i_con 3.70 plddt 0.44 ptm 0.85 i_ptm 0.50 energy -2.41
48 models [0] recycles 0 hard 0 soft 1 temp 1 loss 3.59 i_con 3.66 plddt 0.42 ptm 0.86 i_ptm 0.53 energy -2.60
49 models [4] recycles 0 hard 0 soft 1 temp 1 loss 3.52 i_con 3.60 plddt 0.45 ptm 0.89 i_ptm 0.57 energy -2.74
50 models [2] recycles 0 hard 0 soft 1 temp 1 loss 3.48 i_con 3.55 plddt 0.47 ptm 0.88 i_ptm 0.60 energy -2.54
51 models [0] recycles 0 hard 0 soft 1 temp 1 loss 3.12 i_con 3.59 plddt 0.50 ptm 0.86 i_ptm 0.58 energy -2.59
52 models [0] recycles 0 hard 0 soft 1 temp 1 loss 3.19 i_con 3.70 plddt 0.40 ptm 0.85 i_ptm 0.53 energy -2.83
53 models [1] recycles 0 hard 0 soft 1 temp 1 loss 3.14 i_con 3.70 plddt 0.40 ptm 0.87 i_ptm 0.52 energy -3.11
54 models [4] recycles 0 hard 0 soft 1 temp 1 loss 3.11 i_con 3.71 plddt 0.44 ptm 0.89 i_ptm 0.55 energy -3.26
55 models [3] recycles 0 hard 0 soft 1 temp 1 loss 2.82 i_con 3.48 plddt 0.50 ptm 0.87 i_ptm 0.62 energy -3.53
56 models [2] recycles 0 hard 0 soft 1 temp 1 loss 2.93 i_con 3.59 plddt 0.49 ptm 0.87 i_ptm 0.58 energy -3.57
57 models [2] recycles 0 hard 0 soft 1 temp 1 loss 3.05 i_con 3.76 plddt 0.42 ptm 0.86 i_ptm 0.51 energy -3.84
58 models [0] recycles 0 hard 0 soft 1 temp 1 loss 2.87 i_con 3.65 plddt 0.41 ptm 0.86 i_ptm 0.57 energy -4.17
59 models [4] recycles 0 hard 0 soft 1 temp 1 loss 2.84 i_con 3.66 plddt 0.43 ptm 0.88 i_ptm 0.54 energy -4.38
60 models [0] recycles 0 hard 0 soft 1 temp 1 loss 2.87 i_con 3.74 plddt 0.42 ptm 0.85 i_ptm 0.52 energy -4.61
61 models [4] recycles 0 hard 0 soft 1 temp 1 loss 2.83 i_con 3.76 plddt 0.42 ptm 0.88 i_ptm 0.51 energy -4.90
62 models [2] recycles 0 hard 0 soft 1 temp 1 loss 2.68 i_con 3.65 plddt 0.43 ptm 0.87 i_ptm 0.54 energy -5.12
63 models [2] recycles 0 hard 0 soft 1 temp 1 loss 2.55 i_con 3.55 plddt 0.45 ptm 0.87 i_ptm 0.58 energy -5.26
64 models [2] recycles 0 hard 0 soft 1 temp 1 loss 2.65 i_con 3.67 plddt 0.43 ptm 0.87 i_ptm 0.54 energy -5.39
65 models [0] recycles 0 hard 0 soft 1 temp 1 loss 2.59 i_con 3.67 plddt 0.48 ptm 0.86 i_ptm 0.54 energy -5.66
66 models [0] recycles 0 hard 0 soft 1 temp 1 loss 4.20 i_con 5.27 plddt 0.33 ptm 0.84 i_ptm 0.20 energy -5.65
67 models [1] recycles 0 hard 0 soft 1 temp 1 loss 4.95 i_con 5.95 plddt 0.33 ptm 0.86 i_ptm 0.24 energy -5.36
68 models [2] recycles 0 hard 0 soft 1 temp 1 loss 2.54 i_con 3.52 plddt 0.46 ptm 0.87 i_ptm 0.60 energy -5.14
69 models [3] recycles 0 hard 0 soft 1 temp 1 loss 2.48 i_con 3.53 plddt 0.50 ptm 0.87 i_ptm 0.60 energy -5.51
70 models [3] recycles 0 hard 0 soft 1 temp 1 loss 2.64 i_con 3.74 plddt 0.41 ptm 0.86 i_ptm 0.54 energy -5.76
71 models [3] recycles 0 hard 0 soft 1 temp 1 loss 2.82 i_con 3.96 plddt 0.34 ptm 0.85 i_ptm 0.42 energy -6.02
72 models [0] recycles 0 hard 0 soft 1 temp 1 loss 2.67 i_con 3.81 plddt 0.42 ptm 0.85 i_ptm 0.45 energy -5.97
73 models [2] recycles 0 hard 0 soft 1 temp 1 loss 2.53 i_con 3.69 plddt 0.41 ptm 0.87 i_ptm 0.53 energy -6.09
74 models [2] recycles 0 hard 0 soft 1 temp 1 loss 2.54 i_con 3.72 plddt 0.45 ptm 0.88 i_ptm 0.54 energy -6.13
75 models [1] recycles 0 hard 0 soft 1 temp 1 loss 5.62 i_con 6.80 plddt 0.37 ptm 0.86 i_ptm 0.29 energy -6.20
76 models [4] recycles 0 hard 0 soft 1 temp 1 loss 2.54 i_con 3.69 plddt 0.41 ptm 0.89 i_ptm 0.54 energy -6.07
77 models [2] recycles 0 hard 0 soft 1 temp 1 loss 2.59 i_con 3.77 plddt 0.39 ptm 0.86 i_ptm 0.49 energy -6.19
78 models [4] recycles 0 hard 0 soft 1 temp 1 loss 2.53 i_con 3.72 plddt 0.41 ptm 0.88 i_ptm 0.53 energy -6.24
79 models [4] recycles 0 hard 0 soft 1 temp 1 loss 2.53 i_con 3.74 plddt 0.43 ptm 0.89 i_ptm 0.52 energy -6.36
80 models [1] recycles 0 hard 0 soft 1 temp 1 loss 4.85 i_con 6.10 plddt 0.32 ptm 0.86 i_ptm 0.20 energy -6.58
81 models [0] recycles 0 hard 0 soft 1 temp 1 loss 4.05 i_con 5.31 plddt 0.34 ptm 0.84 i_ptm 0.21 energy -6.64
82 models [2] recycles 0 hard 0 soft 1 temp 1 loss 2.58 i_con 3.81 plddt 0.42 ptm 0.87 i_ptm 0.50 energy -6.43
83 models [0] recycles 0 hard 0 soft 1 temp 1 loss 2.58 i_con 3.81 plddt 0.38 ptm 0.85 i_ptm 0.47 energy -6.46
84 models [0] recycles 0 hard 0 soft 1 temp 1 loss 2.36 i_con 3.57 plddt 0.52 ptm 0.86 i_ptm 0.62 energy -6.31
85 models [0] recycles 0 hard 0 soft 1 temp 1 loss 2.64 i_con 3.85 plddt 0.44 ptm 0.84 i_ptm 0.47 energy -6.32
86 models [1] recycles 0 hard 0 soft 1 temp 1 loss 4.05 i_con 5.23 plddt 0.28 ptm 0.85 i_ptm 0.16 energy -6.24
87 models [4] recycles 0 hard 0 soft 1 temp 1 loss 2.50 i_con 3.68 plddt 0.36 ptm 0.89 i_ptm 0.53 energy -6.19
88 models [4] recycles 0 hard 0 soft 1 temp 1 loss 2.57 i_con 3.76 plddt 0.38 ptm 0.88 i_ptm 0.52 energy -6.24
89 models [3] recycles 0 hard 0 soft 1 temp 1 loss 3.67 i_con 4.87 plddt 0.27 ptm 0.84 i_ptm 0.14 energy -6.35
90 models [1] recycles 0 hard 0 soft 1 temp 1 loss 3.87 i_con 5.03 plddt 0.27 ptm 0.86 i_ptm 0.15 energy -6.21
91 models [2] recycles 0 hard 0 soft 1 temp 1 loss 2.61 i_con 3.76 plddt 0.38 ptm 0.88 i_ptm 0.51 energy -6.08
92 models [0] recycles 0 hard 0 soft 1 temp 1 loss 2.36 i_con 3.53 plddt 0.40 ptm 0.87 i_ptm 0.59 energy -6.15
93 models [0] recycles 0 hard 0 soft 1 temp 1 loss 2.50 i_con 3.71 plddt 0.47 ptm 0.85 i_ptm 0.54 energy -6.33
94 models [2] recycles 0 hard 0 soft 1 temp 1 loss 2.40 i_con 3.63 plddt 0.43 ptm 0.87 i_ptm 0.54 energy -6.43
95 models [3] recycles 0 hard 0 soft 1 temp 1 loss 2.42 i_con 3.68 plddt 0.43 ptm 0.86 i_ptm 0.54 energy -6.60
96 models [2] recycles 0 hard 0 soft 1 temp 1 loss 2.52 i_con 3.79 plddt 0.38 ptm 0.87 i_ptm 0.49 energy -6.64
97 models [3] recycles 0 hard 0 soft 1 temp 1 loss 2.13 i_con 3.42 plddt 0.52 ptm 0.87 i_ptm 0.66 energy -6.70
98 models [0] recycles 0 hard 0 soft 1 temp 1 loss 2.32 i_con 3.63 plddt 0.48 ptm 0.86 i_ptm 0.57 energy -6.79
99 models [3] recycles 0 hard 0 soft 1 temp 1 loss 3.59 i_con 4.87 plddt 0.31 ptm 0.84 i_ptm 0.18 energy -6.72
100 models [1] recycles 0 hard 0 soft 1 temp 1 loss 3.78 i_con 5.00 plddt 0.28 ptm 0.86 i_ptm 0.13 energy -6.44
101 models [2] recycles 0 hard 0 soft 0 temp 1 loss 4.40 i_con 6.06 plddt 0.23 ptm 0.85 i_ptm 0.16 energy -34.68
102 models [4] recycles 0 hard 0 soft 0 temp 0.98 loss 4.37 i_con 6.03 plddt 0.21 ptm 0.87 i_ptm 0.15 energy -34.89
103 models [4] recycles 0 hard 0 soft 0 temp 0.96 loss 4.44 i_con 6.11 plddt 0.22 ptm 0.87 i_ptm 0.13 energy -34.96
104 models [2] recycles 0 hard 0 soft 0 temp 0.94 loss 2.41 i_con 4.11 plddt 0.28 ptm 0.85 i_ptm 0.32 energy -35.43
105 models [1] recycles 0 hard 0 soft 0 temp 0.92 loss 4.63 i_con 6.32 plddt 0.25 ptm 0.85 i_ptm 0.18 energy -35.36
106 models [1] recycles 0 hard 0 soft 0 temp 0.90 loss 4.80 i_con 6.50 plddt 0.28 ptm 0.86 i_ptm 0.20 energy -35.52
107 models [1] recycles 0 hard 0 soft 0 temp 0.88 loss 3.98 i_con 5.70 plddt 0.24 ptm 0.86 i_ptm 0.15 energy -36.02
108 models [4] recycles 0 hard 0 soft 0 temp 0.86 loss 3.57 i_con 5.29 plddt 0.23 ptm 0.86 i_ptm 0.15 energy -35.97
109 models [4] recycles 0 hard 0 soft 0 temp 0.84 loss 3.01 i_con 4.71 plddt 0.22 ptm 0.86 i_ptm 0.15 energy -35.64
110 models [2] recycles 0 hard 0 soft 0 temp 0.82 loss 2.89 i_con 4.61 plddt 0.25 ptm 0.85 i_ptm 0.13 energy -35.97
111 models [2] recycles 0 hard 0 soft 0 temp 0.80 loss 2.66 i_con 4.39 plddt 0.26 ptm 0.86 i_ptm 0.21 energy -36.01
112 models [1] recycles 0 hard 0 soft 0 temp 0.78 loss 4.55 i_con 6.26 plddt 0.27 ptm 0.86 i_ptm 0.20 energy -35.79
113 models [0] recycles 0 hard 0 soft 0 temp 0.76 loss 3.64 i_con 5.39 plddt 0.24 ptm 0.83 i_ptm 0.15 energy -36.65
114 models [3] recycles 0 hard 0 soft 0 temp 0.74 loss 2.74 i_con 4.50 plddt 0.21 ptm 0.84 i_ptm 0.16 energy -36.79
115 models [2] recycles 0 hard 0 soft 0 temp 0.72 loss 2.08 i_con 3.82 plddt 0.34 ptm 0.87 i_ptm 0.45 energy -36.22
116 models [1] recycles 0 hard 0 soft 0 temp 0.70 loss 4.36 i_con 6.15 plddt 0.27 ptm 0.86 i_ptm 0.18 energy -37.27
117 models [3] recycles 0 hard 0 soft 0 temp 0.68 loss 2.31 i_con 4.15 plddt 0.27 ptm 0.86 i_ptm 0.31 energy -38.29
118 models [3] recycles 0 hard 0 soft 0 temp 0.66 loss 2.09 i_con 3.93 plddt 0.30 ptm 0.86 i_ptm 0.41 energy -38.16
119 models [4] recycles 0 hard 0 soft 0 temp 0.64 loss 2.01 i_con 3.89 plddt 0.32 ptm 0.88 i_ptm 0.40 energy -38.86
120 models [0] recycles 0 hard 0 soft 0 temp 0.62 loss 2.11 i_con 4.01 plddt 0.31 ptm 0.84 i_ptm 0.39 energy -39.32
121 models [1] recycles 0 hard 0 soft 0 temp 0.60 loss 3.57 i_con 5.48 plddt 0.24 ptm 0.85 i_ptm 0.16 energy -39.78
122 models [3] recycles 0 hard 0 soft 0 temp 0.58 loss 2.04 i_con 3.98 plddt 0.30 ptm 0.85 i_ptm 0.37 energy -40.29
123 models [2] recycles 0 hard 0 soft 0 temp 0.56 loss 1.92 i_con 3.89 plddt 0.33 ptm 0.87 i_ptm 0.43 energy -40.79
124 models [1] recycles 0 hard 0 soft 0 temp 0.54 loss 4.04 i_con 6.02 plddt 0.28 ptm 0.85 i_ptm 0.21 energy -41.13
125 models [4] recycles 0 hard 0 soft 0 temp 0.52 loss 2.75 i_con 4.75 plddt 0.21 ptm 0.86 i_ptm 0.12 energy -41.70
126 models [4] recycles 0 hard 0 soft 0 temp 0.50 loss 1.92 i_con 3.94 plddt 0.30 ptm 0.88 i_ptm 0.41 energy -41.73
127 models [0] recycles 0 hard 0 soft 0 temp 0.48 loss 2.07 i_con 4.11 plddt 0.30 ptm 0.84 i_ptm 0.31 energy -42.36
128 models [0] recycles 0 hard 0 soft 0 temp 0.46 loss 2.02 i_con 4.07 plddt 0.32 ptm 0.84 i_ptm 0.35 energy -42.48
129 models [0] recycles 0 hard 0 soft 0 temp 0.44 loss 1.64 i_con 3.71 plddt 0.41 ptm 0.86 i_ptm 0.50 energy -42.64
130 models [3] recycles 0 hard 0 soft 0 temp 0.42 loss 1.67 i_con 3.75 plddt 0.37 ptm 0.86 i_ptm 0.47 energy -42.92
131 models [1] recycles 0 hard 0 soft 0 temp 0.40 loss 3.78 i_con 5.87 plddt 0.27 ptm 0.86 i_ptm 0.18 energy -43.38
132 models [0] recycles 0 hard 0 soft 0 temp 0.38 loss 1.68 i_con 3.82 plddt 0.36 ptm 0.85 i_ptm 0.45 energy -44.00
133 models [1] recycles 0 hard 0 soft 0 temp 0.36 loss 3.56 i_con 5.76 plddt 0.26 ptm 0.86 i_ptm 0.16 energy -45.67
134 models [3] recycles 0 hard 0 soft 0 temp 0.34 loss 1.53 i_con 3.75 plddt 0.37 ptm 0.86 i_ptm 0.50 energy -45.67
135 models [2] recycles 0 hard 0 soft 0 temp 0.32 loss 1.74 i_con 3.96 plddt 0.31 ptm 0.87 i_ptm 0.39 energy -45.80
136 models [3] recycles 0 hard 0 soft 0 temp 0.30 loss 1.47 i_con 3.74 plddt 0.37 ptm 0.87 i_ptm 0.50 energy -46.65
137 models [1] recycles 0 hard 0 soft 0 temp 0.28 loss 3.29 i_con 5.59 plddt 0.24 ptm 0.85 i_ptm 0.15 energy -47.60
138 models [1] recycles 0 hard 0 soft 0 temp 0.26 loss 2.79 i_con 5.09 plddt 0.23 ptm 0.85 i_ptm 0.14 energy -47.55
139 models [3] recycles 0 hard 0 soft 0 temp 0.24 loss 1.36 i_con 3.67 plddt 0.38 ptm 0.87 i_ptm 0.50 energy -47.45
140 models [0] recycles 0 hard 0 soft 0 temp 0.22 loss 1.50 i_con 3.87 plddt 0.36 ptm 0.84 i_ptm 0.39 energy -48.78
141 models [4] recycles 0 hard 0 soft 0 temp 0.20 loss 1.52 i_con 3.89 plddt 0.31 ptm 0.89 i_ptm 0.42 energy -48.74
142 models [2] recycles 0 hard 0 soft 0 temp 0.18 loss 1.15 i_con 3.64 plddt 0.43 ptm 0.88 i_ptm 0.53 energy -50.83
143 models [2] recycles 0 hard 0 soft 0 temp 0.16 loss 1.61 i_con 4.14 plddt 0.26 ptm 0.86 i_ptm 0.27 energy -52.18
144 models [2] recycles 0 hard 0 soft 0 temp 0.14 loss 1.25 i_con 3.81 plddt 0.32 ptm 0.87 i_ptm 0.43 energy -52.44
145 models [3] recycles 0 hard 0 soft 0 temp 0.12 loss 1.12 i_con 3.75 plddt 0.33 ptm 0.86 i_ptm 0.49 energy -53.81
146 models [4] recycles 0 hard 0 soft 0 temp 0.10 loss 1.27 i_con 3.91 plddt 0.27 ptm 0.88 i_ptm 0.39 energy -54.24
147 models [3] recycles 0 hard 0 soft 0 temp 0.08 loss 1.10 i_con 3.79 plddt 0.32 ptm 0.87 i_ptm 0.44 energy -55.14
148 models [4] recycles 0 hard 0 soft 0 temp 0.06 loss 1.18 i_con 3.87 plddt 0.29 ptm 0.89 i_ptm 0.42 energy -55.27
149 models [3] recycles 0 hard 0 soft 0 temp 0.04 loss 0.78 i_con 3.53 plddt 0.43 ptm 0.87 i_ptm 0.55 energy -56.11
150 models [4] recycles 0 hard 0 soft 0 temp 0.02 loss 1.54 i_con 4.30 plddt 0.21 ptm 0.87 i_ptm 0.20 energy -56.79
151 models [3] recycles 0 hard 1 soft 0 temp 0.00 loss 0.91 i_con 3.48 plddt 0.35 ptm 0.87 i_ptm 0.62 energy -5.26
152 models [1] recycles 0 hard 1 soft 0 temp 0.00 loss 3.03 i_con 5.59 plddt 0.27 ptm 0.86 i_ptm 0.25 energy -5.26
153 models [4] recycles 0 hard 1 soft 0 temp 0.00 loss 2.59 i_con 5.14 plddt 0.18 ptm 0.87 i_ptm 0.11 energy -5.26
154 models [3] recycles 0 hard 1 soft 0 temp 0.00 loss 0.91 i_con 3.48 plddt 0.35 ptm 0.87 i_ptm 0.62 energy -5.26
155 models [1] recycles 0 hard 1 soft 0 temp 0.00 loss 3.03 i_con 5.59 plddt 0.27 ptm 0.86 i_ptm 0.25 energy -5.26
156 models [0] recycles 0 hard 1 soft 0 temp 0.00 loss 1.22 i_con 3.79 plddt 0.34 ptm 0.85 i_ptm 0.50 energy -5.26
157 models [1] recycles 0 hard 1 soft 0 temp 0.00 loss 3.03 i_con 5.59 plddt 0.27 ptm 0.86 i_ptm 0.25 energy -5.26
158 models [3] recycles 0 hard 1 soft 0 temp 0.00 loss 0.91 i_con 3.48 plddt 0.35 ptm 0.87 i_ptm 0.62 energy -5.26
159 models [2] recycles 0 hard 1 soft 0 temp 0.00 loss 1.91 i_con 4.46 plddt 0.26 ptm 0.85 i_ptm 0.24 energy -5.26
160 models [1] recycles 0 hard 1 soft 0 temp 0.00 loss 3.03 i_con 5.59 plddt 0.27 ptm 0.86 i_ptm 0.25 energy -5.26
161 models [4] recycles 0 hard 1 soft 0 temp 0.00 loss 2.59 i_con 5.14 plddt 0.18 ptm 0.87 i_ptm 0.11 energy -5.26
162 models [3] recycles 0 hard 1 soft 0 temp 0.00 loss 0.91 i_con 3.48 plddt 0.35 ptm 0.87 i_ptm 0.62 energy -5.26
163 models [4] recycles 0 hard 1 soft 0 temp 0.00 loss 2.59 i_con 5.14 plddt 0.18 ptm 0.87 i_ptm 0.11 energy -5.26
164 models [1] recycles 0 hard 1 soft 0 temp 0.00 loss 3.03 i_con 5.59 plddt 0.27 ptm 0.86 i_ptm 0.25 energy -5.26
165 models [1] recycles 0 hard 1 soft 0 temp 0.00 loss 3.03 i_con 5.59 plddt 0.27 ptm 0.86 i_ptm 0.25 energy -5.26
166 models [2] recycles 0 hard 1 soft 0 temp 0.00 loss 1.91 i_con 4.46 plddt 0.26 ptm 0.85 i_ptm 0.24 energy -5.26
167 models [0] recycles 0 hard 1 soft 0 temp 0.00 loss 1.22 i_con 3.79 plddt 0.34 ptm 0.85 i_ptm 0.50 energy -5.26
168 models [1] recycles 0 hard 1 soft 0 temp 0.00 loss 3.03 i_con 5.59 plddt 0.27 ptm 0.86 i_ptm 0.25 energy -5.26
169 models [4] recycles 0 hard 1 soft 0 temp 0.00 loss 2.59 i_con 5.14 plddt 0.18 ptm 0.87 i_ptm 0.11 energy -5.26
170 models [0] recycles 0 hard 1 soft 0 temp 0.00 loss 1.22 i_con 3.79 plddt 0.34 ptm 0.85 i_ptm 0.50 energy -5.26
171 models [2] recycles 0 hard 1 soft 0 temp 0.00 loss 1.91 i_con 4.46 plddt 0.26 ptm 0.85 i_ptm 0.24 energy -5.26
172 models [2] recycles 0 hard 1 soft 0 temp 0.00 loss 1.91 i_con 4.46 plddt 0.26 ptm 0.85 i_ptm 0.24 energy -5.26
173 models [1] recycles 0 hard 1 soft 0 temp 0.00 loss 3.03 i_con 5.59 plddt 0.27 ptm 0.86 i_ptm 0.25 energy -5.26
174 models [1] recycles 0 hard 1 soft 0 temp 0.00 loss 3.03 i_con 5.59 plddt 0.27 ptm 0.86 i_ptm 0.25 energy -5.26
175 models [3] recycles 0 hard 1 soft 0 temp 0.00 loss 0.91 i_con 3.48 plddt 0.35 ptm 0.87 i_ptm 0.62 energy -5.26
176 models [2] recycles 0 hard 1 soft 0 temp 0.00 loss 1.91 i_con 4.46 plddt 0.26 ptm 0.85 i_ptm 0.24 energy -5.26
177 models [3] recycles 0 hard 1 soft 0 temp 0.00 loss 0.91 i_con 3.48 plddt 0.35 ptm 0.87 i_ptm 0.62 energy -5.26
178 models [1] recycles 0 hard 1 soft 0 temp 0.00 loss 3.03 i_con 5.59 plddt 0.27 ptm 0.86 i_ptm 0.25 energy -5.26
179 models [2] recycles 0 hard 1 soft 0 temp 0.00 loss 1.91 i_con 4.46 plddt 0.26 ptm 0.85 i_ptm 0.24 energy -5.26
180 models [3] recycles 0 hard 1 soft 0 temp 0.00 loss 0.91 i_con 3.48 plddt 0.35 ptm 0.87 i_ptm 0.62 energy -5.26
  seq=AIRPKIWWLAWQEFC  loss=0.9109  loss_af=3.5427  energy=-5.2637  i_ptm=0.6159
[8/20] seed=7 ...
1 models [0] recycles 0 hard 0 soft 1 temp 1 loss 5.83 i_con 5.38 plddt 0.26 ptm 0.84 i_ptm 0.26 energy 7.40
2 models [1] recycles 0 hard 0 soft 1 temp 1 loss 4.70 i_con 4.28 plddt 0.23 ptm 0.87 i_ptm 0.25 energy 6.83
3 models [4] recycles 0 hard 0 soft 1 temp 1 loss 4.77 i_con 4.38 plddt 0.27 ptm 0.87 i_ptm 0.27 energy 6.37
4 models [3] recycles 0 hard 0 soft 1 temp 1 loss 4.29 i_con 3.92 plddt 0.31 ptm 0.86 i_ptm 0.41 energy 6.08
5 models [1] recycles 0 hard 0 soft 1 temp 1 loss 4.49 i_con 4.14 plddt 0.25 ptm 0.87 i_ptm 0.30 energy 5.40
6 models [2] recycles 0 hard 0 soft 1 temp 1 loss 4.26 i_con 3.94 plddt 0.31 ptm 0.86 i_ptm 0.40 energy 5.02
7 models [4] recycles 0 hard 0 soft 1 temp 1 loss 4.21 i_con 3.92 plddt 0.30 ptm 0.88 i_ptm 0.39 energy 4.41
8 models [1] recycles 0 hard 0 soft 1 temp 1 loss 4.53 i_con 4.26 plddt 0.25 ptm 0.86 i_ptm 0.22 energy 3.90
9 models [3] recycles 0 hard 0 soft 1 temp 1 loss 3.96 i_con 3.71 plddt 0.36 ptm 0.87 i_ptm 0.51 energy 3.68
10 models [0] recycles 0 hard 0 soft 1 temp 1 loss 5.27 i_con 5.04 plddt 0.23 ptm 0.83 i_ptm 0.13 energy 3.22
11 models [3] recycles 0 hard 0 soft 1 temp 1 loss 5.39 i_con 5.17 plddt 0.24 ptm 0.84 i_ptm 0.16 energy 2.93
12 models [0] recycles 0 hard 0 soft 1 temp 1 loss 5.28 i_con 5.06 plddt 0.23 ptm 0.83 i_ptm 0.09 energy 2.94
13 models [0] recycles 0 hard 0 soft 1 temp 1 loss 4.27 i_con 4.06 plddt 0.32 ptm 0.85 i_ptm 0.37 energy 2.85
14 models [0] recycles 0 hard 0 soft 1 temp 1 loss 4.12 i_con 3.92 plddt 0.31 ptm 0.85 i_ptm 0.42 energy 2.57
15 models [3] recycles 0 hard 0 soft 1 temp 1 loss 3.84 i_con 3.66 plddt 0.36 ptm 0.87 i_ptm 0.47 energy 2.16
16 models [4] recycles 0 hard 0 soft 1 temp 1 loss 4.34 i_con 4.17 plddt 0.27 ptm 0.88 i_ptm 0.31 energy 1.89
17 models [2] recycles 0 hard 0 soft 1 temp 1 loss 3.99 i_con 3.83 plddt 0.33 ptm 0.87 i_ptm 0.44 energy 1.72
18 models [2] recycles 0 hard 0 soft 1 temp 1 loss 3.83 i_con 3.70 plddt 0.40 ptm 0.87 i_ptm 0.52 energy 1.35
19 models [4] recycles 0 hard 0 soft 1 temp 1 loss 4.14 i_con 4.02 plddt 0.33 ptm 0.88 i_ptm 0.40 energy 1.07
20 models [0] recycles 0 hard 0 soft 1 temp 1 loss 4.15 i_con 4.04 plddt 0.32 ptm 0.85 i_ptm 0.36 energy 0.75
21 models [1] recycles 0 hard 0 soft 1 temp 1 loss 4.45 i_con 4.34 plddt 0.22 ptm 0.86 i_ptm 0.19 energy 0.65
22 models [2] recycles 0 hard 0 soft 1 temp 1 loss 3.99 i_con 3.88 plddt 0.30 ptm 0.86 i_ptm 0.37 energy 0.85
23 models [1] recycles 0 hard 0 soft 1 temp 1 loss 4.11 i_con 4.02 plddt 0.28 ptm 0.86 i_ptm 0.29 energy 0.36
24 models [3] recycles 0 hard 0 soft 1 temp 1 loss 3.75 i_con 3.68 plddt 0.36 ptm 0.86 i_ptm 0.51 energy 0.24
25 models [0] recycles 0 hard 0 soft 1 temp 1 loss 3.93 i_con 3.87 plddt 0.36 ptm 0.85 i_ptm 0.43 energy -0.04
26 models [3] recycles 0 hard 0 soft 1 temp 1 loss 3.72 i_con 3.67 plddt 0.38 ptm 0.86 i_ptm 0.50 energy -0.26
27 models [0] recycles 0 hard 0 soft 1 temp 1 loss 4.02 i_con 3.97 plddt 0.34 ptm 0.84 i_ptm 0.36 energy -0.40
28 models [0] recycles 0 hard 0 soft 1 temp 1 loss 3.81 i_con 3.78 plddt 0.40 ptm 0.86 i_ptm 0.48 energy -0.56
29 models [3] recycles 0 hard 0 soft 1 temp 1 loss 3.74 i_con 3.71 plddt 0.38 ptm 0.87 i_ptm 0.48 energy -0.66
30 models [4] recycles 0 hard 0 soft 1 temp 1 loss 3.95 i_con 3.91 plddt 0.29 ptm 0.88 i_ptm 0.39 energy -0.74
31 models [2] recycles 0 hard 0 soft 1 temp 1 loss 3.86 i_con 3.83 plddt 0.33 ptm 0.87 i_ptm 0.46 energy -0.81
32 models [0] recycles 0 hard 0 soft 1 temp 1 loss 3.79 i_con 3.78 plddt 0.39 ptm 0.85 i_ptm 0.49 energy -1.00
33 models [1] recycles 0 hard 0 soft 1 temp 1 loss 3.93 i_con 3.92 plddt 0.32 ptm 0.87 i_ptm 0.38 energy -1.17
34 models [3] recycles 0 hard 0 soft 1 temp 1 loss 3.70 i_con 3.70 plddt 0.37 ptm 0.87 i_ptm 0.50 energy -1.18
35 models [4] recycles 0 hard 0 soft 1 temp 1 loss 3.71 i_con 3.72 plddt 0.38 ptm 0.89 i_ptm 0.54 energy -1.41
36 models [3] recycles 0 hard 0 soft 1 temp 1 loss 3.68 i_con 3.69 plddt 0.36 ptm 0.87 i_ptm 0.50 energy -1.63
37 models [4] recycles 0 hard 0 soft 1 temp 1 loss 4.00 i_con 4.00 plddt 0.27 ptm 0.88 i_ptm 0.35 energy -1.54
38 models [1] recycles 0 hard 0 soft 1 temp 1 loss 4.24 i_con 4.25 plddt 0.24 ptm 0.86 i_ptm 0.21 energy -1.77
39 models [2] recycles 0 hard 0 soft 1 temp 1 loss 3.72 i_con 3.73 plddt 0.36 ptm 0.87 i_ptm 0.49 energy -1.64
40 models [3] recycles 0 hard 0 soft 1 temp 1 loss 3.48 i_con 3.52 plddt 0.39 ptm 0.87 i_ptm 0.58 energy -1.92
41 models [4] recycles 0 hard 0 soft 1 temp 1 loss 3.79 i_con 3.81 plddt 0.34 ptm 0.88 i_ptm 0.46 energy -1.82
42 models [4] recycles 0 hard 0 soft 1 temp 1 loss 3.64 i_con 3.68 plddt 0.37 ptm 0.89 i_ptm 0.54 energy -1.98
43 models [2] recycles 0 hard 0 soft 1 temp 1 loss 3.63 i_con 3.67 plddt 0.39 ptm 0.87 i_ptm 0.50 energy -2.14
44 models [3] recycles 0 hard 0 soft 1 temp 1 loss 3.56 i_con 3.61 plddt 0.41 ptm 0.87 i_ptm 0.57 energy -2.21
45 models [0] recycles 0 hard 0 soft 1 temp 1 loss 3.79 i_con 3.83 plddt 0.33 ptm 0.85 i_ptm 0.46 energy -2.27
46 models [0] recycles 0 hard 0 soft 1 temp 1 loss 3.44 i_con 3.50 plddt 0.42 ptm 0.87 i_ptm 0.57 energy -2.36
47 models [0] recycles 0 hard 0 soft 1 temp 1 loss 3.72 i_con 3.78 plddt 0.36 ptm 0.85 i_ptm 0.46 energy -2.41
48 models [1] recycles 0 hard 0 soft 1 temp 1 loss 3.83 i_con 3.88 plddt 0.32 ptm 0.88 i_ptm 0.42 energy -2.45
49 models [4] recycles 0 hard 0 soft 1 temp 1 loss 3.57 i_con 3.64 plddt 0.41 ptm 0.89 i_ptm 0.55 energy -2.46
50 models [4] recycles 0 hard 0 soft 1 temp 1 loss 3.73 i_con 3.79 plddt 0.33 ptm 0.88 i_ptm 0.46 energy -2.54
51 models [1] recycles 0 hard 0 soft 1 temp 1 loss 3.19 i_con 3.66 plddt 0.39 ptm 0.88 i_ptm 0.54 energy -2.62
52 models [4] recycles 0 hard 0 soft 1 temp 1 loss 3.25 i_con 3.71 plddt 0.36 ptm 0.89 i_ptm 0.53 energy -2.63
53 models [4] recycles 0 hard 0 soft 1 temp 1 loss 3.28 i_con 3.79 plddt 0.34 ptm 0.89 i_ptm 0.51 energy -2.84
54 models [3] recycles 0 hard 0 soft 1 temp 1 loss 3.14 i_con 3.67 plddt 0.41 ptm 0.87 i_ptm 0.56 energy -2.94
55 models [3] recycles 0 hard 0 soft 1 temp 1 loss 2.98 i_con 3.51 plddt 0.43 ptm 0.87 i_ptm 0.62 energy -2.95
56 models [2] recycles 0 hard 0 soft 1 temp 1 loss 3.07 i_con 3.61 plddt 0.45 ptm 0.88 i_ptm 0.57 energy -2.98
57 models [1] recycles 0 hard 0 soft 1 temp 1 loss 3.31 i_con 3.88 plddt 0.30 ptm 0.87 i_ptm 0.39 energy -3.20
58 models [3] recycles 0 hard 0 soft 1 temp 1 loss 3.09 i_con 3.70 plddt 0.35 ptm 0.87 i_ptm 0.50 energy -3.36
59 models [4] recycles 0 hard 0 soft 1 temp 1 loss 3.01 i_con 3.63 plddt 0.43 ptm 0.88 i_ptm 0.55 energy -3.34
60 models [4] recycles 0 hard 0 soft 1 temp 1 loss 3.03 i_con 3.67 plddt 0.44 ptm 0.89 i_ptm 0.57 energy -3.44
61 models [1] recycles 0 hard 0 soft 1 temp 1 loss 3.06 i_con 3.71 plddt 0.41 ptm 0.88 i_ptm 0.54 energy -3.54
62 models [0] recycles 0 hard 0 soft 1 temp 1 loss 3.18 i_con 3.82 plddt 0.36 ptm 0.86 i_ptm 0.49 energy -3.50
63 models [4] recycles 0 hard 0 soft 1 temp 1 loss 3.02 i_con 3.66 plddt 0.41 ptm 0.89 i_ptm 0.57 energy -3.51
64 models [2] recycles 0 hard 0 soft 1 temp 1 loss 2.98 i_con 3.64 plddt 0.44 ptm 0.87 i_ptm 0.56 energy -3.59
65 models [0] recycles 0 hard 0 soft 1 temp 1 loss 2.95 i_con 3.65 plddt 0.41 ptm 0.86 i_ptm 0.54 energy -3.80
66 models [2] recycles 0 hard 0 soft 1 temp 1 loss 3.00 i_con 3.71 plddt 0.42 ptm 0.87 i_ptm 0.52 energy -3.87
67 models [3] recycles 0 hard 0 soft 1 temp 1 loss 2.92 i_con 3.67 plddt 0.37 ptm 0.87 i_ptm 0.55 energy -4.09
68 models [0] recycles 0 hard 0 soft 1 temp 1 loss 2.72 i_con 3.49 plddt 0.44 ptm 0.86 i_ptm 0.59 energy -4.16
69 models [3] recycles 0 hard 0 soft 1 temp 1 loss 2.90 i_con 3.70 plddt 0.37 ptm 0.86 i_ptm 0.57 energy -4.32
70 models [0] recycles 0 hard 0 soft 1 temp 1 loss 2.94 i_con 3.77 plddt 0.43 ptm 0.86 i_ptm 0.50 energy -4.40
71 models [1] recycles 0 hard 0 soft 1 temp 1 loss 3.55 i_con 4.36 plddt 0.24 ptm 0.86 i_ptm 0.19 energy -4.41
72 models [4] recycles 0 hard 0 soft 1 temp 1 loss 3.01 i_con 3.82 plddt 0.38 ptm 0.89 i_ptm 0.48 energy -4.36
73 models [3] recycles 0 hard 0 soft 1 temp 1 loss 2.73 i_con 3.57 plddt 0.41 ptm 0.87 i_ptm 0.62 energy -4.50
74 models [1] recycles 0 hard 0 soft 1 temp 1 loss 3.17 i_con 4.01 plddt 0.31 ptm 0.87 i_ptm 0.36 energy -4.53
75 models [0] recycles 0 hard 0 soft 1 temp 1 loss 2.76 i_con 3.59 plddt 0.42 ptm 0.86 i_ptm 0.60 energy -4.45
76 models [4] recycles 0 hard 0 soft 1 temp 1 loss 2.95 i_con 3.78 plddt 0.36 ptm 0.88 i_ptm 0.48 energy -4.47
77 models [0] recycles 0 hard 0 soft 1 temp 1 loss 2.91 i_con 3.77 plddt 0.39 ptm 0.86 i_ptm 0.51 energy -4.59
78 models [0] recycles 0 hard 0 soft 1 temp 1 loss 2.60 i_con 3.48 plddt 0.43 ptm 0.86 i_ptm 0.61 energy -4.70
79 models [3] recycles 0 hard 0 soft 1 temp 1 loss 2.67 i_con 3.56 plddt 0.42 ptm 0.87 i_ptm 0.62 energy -4.73
80 models [2] recycles 0 hard 0 soft 1 temp 1 loss 2.94 i_con 3.82 plddt 0.37 ptm 0.87 i_ptm 0.47 energy -4.72
81 models [4] recycles 0 hard 0 soft 1 temp 1 loss 2.76 i_con 3.66 plddt 0.44 ptm 0.89 i_ptm 0.56 energy -4.79
82 models [1] recycles 0 hard 0 soft 1 temp 1 loss 4.36 i_con 5.27 plddt 0.22 ptm 0.86 i_ptm 0.11 energy -4.90
83 models [1] recycles 0 hard 0 soft 1 temp 1 loss 3.27 i_con 4.16 plddt 0.29 ptm 0.86 i_ptm 0.28 energy -4.84
84 models [1] recycles 0 hard 0 soft 1 temp 1 loss 4.07 i_con 4.93 plddt 0.24 ptm 0.86 i_ptm 0.15 energy -4.70
85 models [2] recycles 0 hard 0 soft 1 temp 1 loss 3.72 i_con 4.56 plddt 0.27 ptm 0.85 i_ptm 0.17 energy -4.60
86 models [2] recycles 0 hard 0 soft 1 temp 1 loss 2.70 i_con 3.57 plddt 0.45 ptm 0.88 i_ptm 0.61 energy -4.61
87 models [3] recycles 0 hard 0 soft 1 temp 1 loss 2.73 i_con 3.59 plddt 0.40 ptm 0.87 i_ptm 0.60 energy -4.55
88 models [4] recycles 0 hard 0 soft 1 temp 1 loss 2.94 i_con 3.79 plddt 0.38 ptm 0.88 i_ptm 0.47 energy -4.55
89 models [1] recycles 0 hard 0 soft 1 temp 1 loss 3.11 i_con 3.97 plddt 0.28 ptm 0.87 i_ptm 0.37 energy -4.68
90 models [2] recycles 0 hard 0 soft 1 temp 1 loss 2.89 i_con 3.73 plddt 0.41 ptm 0.87 i_ptm 0.53 energy -4.50
91 models [2] recycles 0 hard 0 soft 1 temp 1 loss 2.91 i_con 3.79 plddt 0.35 ptm 0.87 i_ptm 0.49 energy -4.72
92 models [1] recycles 0 hard 0 soft 1 temp 1 loss 3.77 i_con 4.64 plddt 0.21 ptm 0.85 i_ptm 0.15 energy -4.73
93 models [0] recycles 0 hard 0 soft 1 temp 1 loss 2.99 i_con 3.82 plddt 0.36 ptm 0.86 i_ptm 0.42 energy -4.49
94 models [1] recycles 0 hard 0 soft 1 temp 1 loss 3.56 i_con 4.42 plddt 0.23 ptm 0.86 i_ptm 0.17 energy -4.70
95 models [4] recycles 0 hard 0 soft 1 temp 1 loss 2.81 i_con 3.66 plddt 0.43 ptm 0.89 i_ptm 0.56 energy -4.58
96 models [4] recycles 0 hard 0 soft 1 temp 1 loss 2.86 i_con 3.74 plddt 0.38 ptm 0.89 i_ptm 0.53 energy -4.67
97 models [1] recycles 0 hard 0 soft 1 temp 1 loss 3.65 i_con 4.55 plddt 0.25 ptm 0.86 i_ptm 0.14 energy -4.85
98 models [4] recycles 0 hard 0 soft 1 temp 1 loss 2.81 i_con 3.69 plddt 0.38 ptm 0.89 i_ptm 0.52 energy -4.67
99 models [3] recycles 0 hard 0 soft 1 temp 1 loss 2.69 i_con 3.59 plddt 0.40 ptm 0.87 i_ptm 0.60 energy -4.80
100 models [3] recycles 0 hard 0 soft 1 temp 1 loss 2.99 i_con 3.91 plddt 0.35 ptm 0.85 i_ptm 0.43 energy -4.92
101 models [2] recycles 0 hard 0 soft 0 temp 1 loss 4.50 i_con 5.59 plddt 0.24 ptm 0.85 i_ptm 0.16 energy -23.16
102 models [4] recycles 0 hard 0 soft 0 temp 0.98 loss 4.88 i_con 5.96 plddt 0.22 ptm 0.87 i_ptm 0.15 energy -23.23
103 models [0] recycles 0 hard 0 soft 0 temp 0.96 loss 2.76 i_con 3.87 plddt 0.39 ptm 0.85 i_ptm 0.46 energy -23.43
104 models [1] recycles 0 hard 0 soft 0 temp 0.94 loss 4.91 i_con 6.05 plddt 0.26 ptm 0.87 i_ptm 0.19 energy -24.26
105 models [4] recycles 0 hard 0 soft 0 temp 0.92 loss 2.73 i_con 3.88 plddt 0.31 ptm 0.88 i_ptm 0.40 energy -24.32
106 models [3] recycles 0 hard 0 soft 0 temp 0.90 loss 2.60 i_con 3.79 plddt 0.34 ptm 0.86 i_ptm 0.46 energy -25.18
107 models [1] recycles 0 hard 0 soft 0 temp 0.88 loss 2.80 i_con 4.01 plddt 0.30 ptm 0.87 i_ptm 0.37 energy -25.46
108 models [3] recycles 0 hard 0 soft 0 temp 0.86 loss 2.57 i_con 3.79 plddt 0.33 ptm 0.86 i_ptm 0.46 energy -25.76
109 models [1] recycles 0 hard 0 soft 0 temp 0.84 loss 3.55 i_con 4.78 plddt 0.21 ptm 0.85 i_ptm 0.11 energy -26.15
110 models [2] recycles 0 hard 0 soft 0 temp 0.82 loss 2.55 i_con 3.80 plddt 0.38 ptm 0.87 i_ptm 0.48 energy -26.12
111 models [4] recycles 0 hard 0 soft 0 temp 0.80 loss 2.57 i_con 3.85 plddt 0.34 ptm 0.88 i_ptm 0.45 energy -26.91
112 models [4] recycles 0 hard 0 soft 0 temp 0.78 loss 2.22 i_con 3.57 plddt 0.45 ptm 0.89 i_ptm 0.58 energy -28.16
113 models [2] recycles 0 hard 0 soft 0 temp 0.76 loss 2.32 i_con 3.70 plddt 0.40 ptm 0.88 i_ptm 0.54 energy -28.86
114 models [0] recycles 0 hard 0 soft 0 temp 0.74 loss 2.31 i_con 3.71 plddt 0.43 ptm 0.86 i_ptm 0.52 energy -29.18
115 models [4] recycles 0 hard 0 soft 0 temp 0.72 loss 2.38 i_con 3.79 plddt 0.33 ptm 0.88 i_ptm 0.45 energy -29.51
116 models [0] recycles 0 hard 0 soft 0 temp 0.70 loss 2.29 i_con 3.74 plddt 0.40 ptm 0.86 i_ptm 0.51 energy -30.14
117 models [3] recycles 0 hard 0 soft 0 temp 0.68 loss 2.62 i_con 4.09 plddt 0.30 ptm 0.85 i_ptm 0.31 energy -30.75
118 models [2] recycles 0 hard 0 soft 0 temp 0.66 loss 2.19 i_con 3.68 plddt 0.41 ptm 0.88 i_ptm 0.54 energy -31.06
119 models [1] recycles 0 hard 0 soft 0 temp 0.64 loss 2.47 i_con 3.98 plddt 0.30 ptm 0.87 i_ptm 0.35 energy -31.74
120 models [0] recycles 0 hard 0 soft 0 temp 0.62 loss 2.28 i_con 3.83 plddt 0.38 ptm 0.85 i_ptm 0.46 energy -32.12
121 models [0] recycles 0 hard 0 soft 0 temp 0.60 loss 2.13 i_con 3.73 plddt 0.41 ptm 0.85 i_ptm 0.54 energy -33.00
122 models [0] recycles 0 hard 0 soft 0 temp 0.58 loss 2.13 i_con 3.76 plddt 0.40 ptm 0.85 i_ptm 0.52 energy -33.80
123 models [0] recycles 0 hard 0 soft 0 temp 0.56 loss 2.09 i_con 3.75 plddt 0.41 ptm 0.85 i_ptm 0.51 energy -34.31
124 models [2] recycles 0 hard 0 soft 0 temp 0.54 loss 1.85 i_con 3.56 plddt 0.47 ptm 0.88 i_ptm 0.58 energy -35.22
125 models [0] recycles 0 hard 0 soft 0 temp 0.52 loss 1.97 i_con 3.73 plddt 0.40 ptm 0.85 i_ptm 0.52 energy -36.27
126 models [1] recycles 0 hard 0 soft 0 temp 0.50 loss 2.11 i_con 3.86 plddt 0.37 ptm 0.87 i_ptm 0.42 energy -36.29
127 models [2] recycles 0 hard 0 soft 0 temp 0.48 loss 1.98 i_con 3.74 plddt 0.41 ptm 0.87 i_ptm 0.51 energy -36.29
128 models [4] recycles 0 hard 0 soft 0 temp 0.46 loss 1.75 i_con 3.52 plddt 0.45 ptm 0.89 i_ptm 0.59 energy -36.46
129 models [0] recycles 0 hard 0 soft 0 temp 0.44 loss 2.00 i_con 3.77 plddt 0.36 ptm 0.85 i_ptm 0.50 energy -36.77
130 models [1] recycles 0 hard 0 soft 0 temp 0.42 loss 2.14 i_con 3.93 plddt 0.30 ptm 0.87 i_ptm 0.38 energy -37.19
131 models [4] recycles 0 hard 0 soft 0 temp 0.40 loss 1.59 i_con 3.39 plddt 0.51 ptm 0.90 i_ptm 0.65 energy -37.07
132 models [1] recycles 0 hard 0 soft 0 temp 0.38 loss 2.15 i_con 3.95 plddt 0.33 ptm 0.86 i_ptm 0.38 energy -37.51
133 models [1] recycles 0 hard 0 soft 0 temp 0.36 loss 1.98 i_con 3.80 plddt 0.33 ptm 0.88 i_ptm 0.46 energy -37.85
134 models [3] recycles 0 hard 0 soft 0 temp 0.34 loss 1.81 i_con 3.69 plddt 0.34 ptm 0.87 i_ptm 0.51 energy -38.83
135 models [1] recycles 0 hard 0 soft 0 temp 0.32 loss 4.07 i_con 5.96 plddt 0.26 ptm 0.86 i_ptm 0.21 energy -39.32
136 models [3] recycles 0 hard 0 soft 0 temp 0.30 loss 1.61 i_con 3.52 plddt 0.37 ptm 0.87 i_ptm 0.59 energy -39.47
137 models [3] recycles 0 hard 0 soft 0 temp 0.28 loss 1.57 i_con 3.50 plddt 0.41 ptm 0.87 i_ptm 0.60 energy -39.73
138 models [2] recycles 0 hard 0 soft 0 temp 0.26 loss 1.83 i_con 3.76 plddt 0.36 ptm 0.87 i_ptm 0.50 energy -39.88
139 models [3] recycles 0 hard 0 soft 0 temp 0.24 loss 1.69 i_con 3.63 plddt 0.38 ptm 0.87 i_ptm 0.56 energy -40.22
140 models [2] recycles 0 hard 0 soft 0 temp 0.22 loss 1.58 i_con 3.57 plddt 0.42 ptm 0.87 i_ptm 0.58 energy -40.87
141 models [3] recycles 0 hard 0 soft 0 temp 0.20 loss 2.56 i_con 4.57 plddt 0.19 ptm 0.22 i_ptm 0.09 energy -41.87
142 models [3] recycles 0 hard 0 soft 0 temp 0.18 loss 1.54 i_con 3.58 plddt 0.37 ptm 0.87 i_ptm 0.58 energy -42.03
143 models [3] recycles 0 hard 0 soft 0 temp 0.16 loss 1.67 i_con 3.73 plddt 0.33 ptm 0.87 i_ptm 0.51 energy -42.45
144 models [4] recycles 0 hard 0 soft 0 temp 0.14 loss 1.63 i_con 3.69 plddt 0.40 ptm 0.89 i_ptm 0.54 energy -42.34
145 models [4] recycles 0 hard 0 soft 0 temp 0.12 loss 1.45 i_con 3.51 plddt 0.44 ptm 0.89 i_ptm 0.57 energy -42.45
146 models [0] recycles 0 hard 0 soft 0 temp 0.10 loss 1.77 i_con 3.82 plddt 0.37 ptm 0.86 i_ptm 0.48 energy -42.35
147 models [1] recycles 0 hard 0 soft 0 temp 0.08 loss 2.27 i_con 4.40 plddt 0.24 ptm 0.85 i_ptm 0.18 energy -43.98
148 models [1] recycles 0 hard 0 soft 0 temp 0.06 loss 1.77 i_con 3.88 plddt 0.34 ptm 0.87 i_ptm 0.41 energy -43.71
149 models [1] recycles 0 hard 0 soft 0 temp 0.04 loss 1.95 i_con 4.08 plddt 0.29 ptm 0.86 i_ptm 0.33 energy -44.07
150 models [3] recycles 0 hard 0 soft 0 temp 0.02 loss 1.56 i_con 3.71 plddt 0.38 ptm 0.87 i_ptm 0.54 energy -44.19
151 models [2] recycles 0 hard 1 soft 0 temp 0.00 loss 0.82 i_con 3.71 plddt 0.36 ptm 0.88 i_ptm 0.57 energy -5.89
152 models [3] recycles 0 hard 1 soft 0 temp 0.00 loss 0.45 i_con 3.34 plddt 0.40 ptm 0.88 i_ptm 0.71 energy -5.89
153 models [4] recycles 0 hard 1 soft 0 temp 0.00 loss 0.75 i_con 3.64 plddt 0.41 ptm 0.90 i_ptm 0.60 energy -5.89
154 models [2] recycles 0 hard 1 soft 0 temp 0.00 loss 0.82 i_con 3.71 plddt 0.36 ptm 0.88 i_ptm 0.57 energy -5.89
155 models [0] recycles 0 hard 1 soft 0 temp 0.00 loss 0.90 i_con 3.79 plddt 0.43 ptm 0.85 i_ptm 0.53 energy -5.89
156 models [4] recycles 0 hard 1 soft 0 temp 0.00 loss 0.75 i_con 3.64 plddt 0.41 ptm 0.90 i_ptm 0.60 energy -5.89
157 models [0] recycles 0 hard 1 soft 0 temp 0.00 loss 0.90 i_con 3.79 plddt 0.43 ptm 0.85 i_ptm 0.53 energy -5.89
158 models [0] recycles 0 hard 1 soft 0 temp 0.00 loss 0.90 i_con 3.79 plddt 0.43 ptm 0.85 i_ptm 0.53 energy -5.89
159 models [1] recycles 0 hard 1 soft 0 temp 0.00 loss 2.59 i_con 5.46 plddt 0.26 ptm 0.86 i_ptm 0.25 energy -5.89
160 models [1] recycles 0 hard 1 soft 0 temp 0.00 loss 2.59 i_con 5.46 plddt 0.26 ptm 0.86 i_ptm 0.25 energy -5.89
161 models [0] recycles 0 hard 1 soft 0 temp 0.00 loss 0.90 i_con 3.79 plddt 0.43 ptm 0.85 i_ptm 0.53 energy -5.89
162 models [3] recycles 0 hard 1 soft 0 temp 0.00 loss 0.45 i_con 3.34 plddt 0.40 ptm 0.88 i_ptm 0.71 energy -5.89
163 models [3] recycles 0 hard 1 soft 0 temp 0.00 loss 0.45 i_con 3.34 plddt 0.40 ptm 0.88 i_ptm 0.71 energy -5.89
164 models [4] recycles 0 hard 1 soft 0 temp 0.00 loss 0.75 i_con 3.64 plddt 0.41 ptm 0.90 i_ptm 0.60 energy -5.89
165 models [2] recycles 0 hard 1 soft 0 temp 0.00 loss 0.82 i_con 3.71 plddt 0.36 ptm 0.88 i_ptm 0.57 energy -5.89
166 models [4] recycles 0 hard 1 soft 0 temp 0.00 loss 0.75 i_con 3.64 plddt 0.41 ptm 0.90 i_ptm 0.60 energy -5.89
167 models [2] recycles 0 hard 1 soft 0 temp 0.00 loss 0.82 i_con 3.71 plddt 0.36 ptm 0.88 i_ptm 0.57 energy -5.89
168 models [2] recycles 0 hard 1 soft 0 temp 0.00 loss 0.82 i_con 3.71 plddt 0.36 ptm 0.88 i_ptm 0.57 energy -5.89
169 models [1] recycles 0 hard 1 soft 0 temp 0.00 loss 2.59 i_con 5.46 plddt 0.26 ptm 0.86 i_ptm 0.25 energy -5.89
170 models [0] recycles 0 hard 1 soft 0 temp 0.00 loss 0.90 i_con 3.79 plddt 0.43 ptm 0.85 i_ptm 0.53 energy -5.89
171 models [4] recycles 0 hard 1 soft 0 temp 0.00 loss 0.75 i_con 3.64 plddt 0.41 ptm 0.90 i_ptm 0.60 energy -5.89
172 models [1] recycles 0 hard 1 soft 0 temp 0.00 loss 2.59 i_con 5.46 plddt 0.26 ptm 0.86 i_ptm 0.25 energy -5.89
173 models [4] recycles 0 hard 1 soft 0 temp 0.00 loss 0.75 i_con 3.64 plddt 0.41 ptm 0.90 i_ptm 0.60 energy -5.89
174 models [3] recycles 0 hard 1 soft 0 temp 0.00 loss 0.45 i_con 3.34 plddt 0.40 ptm 0.88 i_ptm 0.71 energy -5.89
175 models [2] recycles 0 hard 1 soft 0 temp 0.00 loss 0.82 i_con 3.71 plddt 0.36 ptm 0.88 i_ptm 0.57 energy -5.89
176 models [4] recycles 0 hard 1 soft 0 temp 0.00 loss 0.75 i_con 3.64 plddt 0.41 ptm 0.90 i_ptm 0.60 energy -5.89
177 models [2] recycles 0 hard 1 soft 0 temp 0.00 loss 0.82 i_con 3.71 plddt 0.36 ptm 0.88 i_ptm 0.57 energy -5.89
178 models [0] recycles 0 hard 1 soft 0 temp 0.00 loss 0.90 i_con 3.79 plddt 0.43 ptm 0.85 i_ptm 0.53 energy -5.89
179 models [3] recycles 0 hard 1 soft 0 temp 0.00 loss 0.45 i_con 3.34 plddt 0.40 ptm 0.88 i_ptm 0.71 energy -5.89
180 models [2] recycles 0 hard 1 soft 0 temp 0.00 loss 0.82 i_con 3.71 plddt 0.36 ptm 0.88 i_ptm 0.57 energy -5.89
  seq=TAKNRALHVAWQWGC  loss=0.8250  loss_af=3.7718  energy=-5.8936  i_ptm=0.5745
[9/20] seed=8 ...
1 models [3] recycles 0 hard 0 soft 1 temp 1 loss 4.39 i_con 3.95 plddt 0.32 ptm 0.86 i_ptm 0.38 energy 7.40
2 models [1] recycles 0 hard 0 soft 1 temp 1 loss 5.66 i_con 5.24 plddt 0.21 ptm 0.86 i_ptm 0.14 energy 6.73
3 models [3] recycles 0 hard 0 soft 1 temp 1 loss 4.13 i_con 3.75 plddt 0.35 ptm 0.87 i_ptm 0.50 energy 6.44
4 models [2] recycles 0 hard 0 soft 1 temp 1 loss 4.19 i_con 3.83 plddt 0.38 ptm 0.87 i_ptm 0.49 energy 5.96
5 models [2] recycles 0 hard 0 soft 1 temp 1 loss 4.19 i_con 3.85 plddt 0.31 ptm 0.86 i_ptm 0.38 energy 5.39
6 models [3] recycles 0 hard 0 soft 1 temp 1 loss 4.16 i_con 3.85 plddt 0.32 ptm 0.86 i_ptm 0.43 energy 4.81
7 models [4] recycles 0 hard 0 soft 1 temp 1 loss 4.24 i_con 3.95 plddt 0.31 ptm 0.88 i_ptm 0.39 energy 4.35
8 models [0] recycles 0 hard 0 soft 1 temp 1 loss 4.27 i_con 4.00 plddt 0.31 ptm 0.84 i_ptm 0.40 energy 3.95
9 models [0] recycles 0 hard 0 soft 1 temp 1 loss 4.59 i_con 4.34 plddt 0.27 ptm 0.83 i_ptm 0.23 energy 3.53
10 models [1] recycles 0 hard 0 soft 1 temp 1 loss 5.14 i_con 4.89 plddt 0.19 ptm 0.85 i_ptm 0.14 energy 3.41
11 models [3] recycles 0 hard 0 soft 1 temp 1 loss 4.05 i_con 3.81 plddt 0.32 ptm 0.86 i_ptm 0.44 energy 3.43
12 models [0] recycles 0 hard 0 soft 1 temp 1 loss 4.28 i_con 4.07 plddt 0.30 ptm 0.84 i_ptm 0.35 energy 2.75
13 models [1] recycles 0 hard 0 soft 1 temp 1 loss 4.60 i_con 4.40 plddt 0.21 ptm 0.86 i_ptm 0.17 energy 2.49
14 models [2] recycles 0 hard 0 soft 1 temp 1 loss 4.08 i_con 3.90 plddt 0.35 ptm 0.86 i_ptm 0.46 energy 2.33
15 models [2] recycles 0 hard 0 soft 1 temp 1 loss 4.00 i_con 3.83 plddt 0.35 ptm 0.87 i_ptm 0.47 energy 2.16
16 models [4] recycles 0 hard 0 soft 1 temp 1 loss 4.09 i_con 3.93 plddt 0.31 ptm 0.88 i_ptm 0.39 energy 1.95
17 models [0] recycles 0 hard 0 soft 1 temp 1 loss 4.62 i_con 4.46 plddt 0.27 ptm 0.83 i_ptm 0.17 energy 1.61
18 models [2] recycles 0 hard 0 soft 1 temp 1 loss 4.01 i_con 3.86 plddt 0.35 ptm 0.87 i_ptm 0.45 energy 1.75
19 models [1] recycles 0 hard 0 soft 1 temp 1 loss 4.53 i_con 4.38 plddt 0.23 ptm 0.86 i_ptm 0.18 energy 1.58
20 models [1] recycles 0 hard 0 soft 1 temp 1 loss 4.81 i_con 4.65 plddt 0.25 ptm 0.86 i_ptm 0.13 energy 1.74
21 models [4] recycles 0 hard 0 soft 1 temp 1 loss 4.11 i_con 3.95 plddt 0.29 ptm 0.88 i_ptm 0.37 energy 1.80
22 models [3] recycles 0 hard 0 soft 1 temp 1 loss 3.86 i_con 3.72 plddt 0.37 ptm 0.87 i_ptm 0.49 energy 1.65
23 models [2] recycles 0 hard 0 soft 1 temp 1 loss 3.95 i_con 3.82 plddt 0.38 ptm 0.87 i_ptm 0.49 energy 1.41
24 models [0] recycles 0 hard 0 soft 1 temp 1 loss 4.15 i_con 4.02 plddt 0.29 ptm 0.85 i_ptm 0.32 energy 1.12
25 models [0] recycles 0 hard 0 soft 1 temp 1 loss 4.74 i_con 4.62 plddt 0.27 ptm 0.84 i_ptm 0.23 energy 0.93
26 models [2] recycles 0 hard 0 soft 1 temp 1 loss 3.83 i_con 3.74 plddt 0.39 ptm 0.88 i_ptm 0.53 energy 0.51
27 models [4] recycles 0 hard 0 soft 1 temp 1 loss 3.99 i_con 3.92 plddt 0.31 ptm 0.88 i_ptm 0.39 energy 0.10
28 models [1] recycles 0 hard 0 soft 1 temp 1 loss 4.88 i_con 4.81 plddt 0.22 ptm 0.85 i_ptm 0.13 energy -0.10
29 models [4] recycles 0 hard 0 soft 1 temp 1 loss 3.90 i_con 3.84 plddt 0.33 ptm 0.88 i_ptm 0.44 energy -0.10
30 models [1] recycles 0 hard 0 soft 1 temp 1 loss 4.28 i_con 4.22 plddt 0.24 ptm 0.87 i_ptm 0.22 energy -0.39
31 models [3] recycles 0 hard 0 soft 1 temp 1 loss 3.72 i_con 3.69 plddt 0.38 ptm 0.87 i_ptm 0.51 energy -0.56
32 models [2] recycles 0 hard 0 soft 1 temp 1 loss 3.75 i_con 3.74 plddt 0.39 ptm 0.87 i_ptm 0.53 energy -0.93
33 models [3] recycles 0 hard 0 soft 1 temp 1 loss 3.75 i_con 3.75 plddt 0.35 ptm 0.86 i_ptm 0.49 energy -1.37
34 models [3] recycles 0 hard 0 soft 1 temp 1 loss 3.75 i_con 3.76 plddt 0.33 ptm 0.87 i_ptm 0.45 energy -1.54
35 models [4] recycles 0 hard 0 soft 1 temp 1 loss 3.77 i_con 3.79 plddt 0.33 ptm 0.89 i_ptm 0.45 energy -1.78
36 models [2] recycles 0 hard 0 soft 1 temp 1 loss 3.72 i_con 3.75 plddt 0.36 ptm 0.87 i_ptm 0.48 energy -1.76
37 models [0] recycles 0 hard 0 soft 1 temp 1 loss 3.83 i_con 3.87 plddt 0.34 ptm 0.85 i_ptm 0.42 energy -2.12
38 models [2] recycles 0 hard 0 soft 1 temp 1 loss 3.73 i_con 3.76 plddt 0.37 ptm 0.87 i_ptm 0.49 energy -1.96
39 models [3] recycles 0 hard 0 soft 1 temp 1 loss 3.71 i_con 3.75 plddt 0.36 ptm 0.86 i_ptm 0.45 energy -2.01
40 models [0] recycles 0 hard 0 soft 1 temp 1 loss 4.53 i_con 4.56 plddt 0.27 ptm 0.83 i_ptm 0.17 energy -2.15
41 models [3] recycles 0 hard 0 soft 1 temp 1 loss 3.68 i_con 3.73 plddt 0.38 ptm 0.86 i_ptm 0.48 energy -2.14
42 models [4] recycles 0 hard 0 soft 1 temp 1 loss 3.66 i_con 3.71 plddt 0.37 ptm 0.89 i_ptm 0.50 energy -2.17
43 models [3] recycles 0 hard 0 soft 1 temp 1 loss 4.47 i_con 4.51 plddt 0.28 ptm 0.85 i_ptm 0.24 energy -2.31
44 models [1] recycles 0 hard 0 soft 1 temp 1 loss 4.17 i_con 4.21 plddt 0.23 ptm 0.86 i_ptm 0.21 energy -2.37
45 models [2] recycles 0 hard 0 soft 1 temp 1 loss 3.71 i_con 3.76 plddt 0.38 ptm 0.88 i_ptm 0.49 energy -2.26
46 models [4] recycles 0 hard 0 soft 1 temp 1 loss 3.69 i_con 3.75 plddt 0.36 ptm 0.89 i_ptm 0.50 energy -2.41
47 models [4] recycles 0 hard 0 soft 1 temp 1 loss 3.65 i_con 3.71 plddt 0.35 ptm 0.89 i_ptm 0.46 energy -2.52
48 models [1] recycles 0 hard 0 soft 1 temp 1 loss 4.03 i_con 4.10 plddt 0.29 ptm 0.86 i_ptm 0.28 energy -2.78
49 models [2] recycles 0 hard 0 soft 1 temp 1 loss 3.68 i_con 3.76 plddt 0.43 ptm 0.87 i_ptm 0.52 energy -2.68
50 models [0] recycles 0 hard 0 soft 1 temp 1 loss 3.77 i_con 3.85 plddt 0.36 ptm 0.85 i_ptm 0.45 energy -2.83
51 models [3] recycles 0 hard 0 soft 1 temp 1 loss 3.27 i_con 3.77 plddt 0.34 ptm 0.86 i_ptm 0.45 energy -2.84
52 models [2] recycles 0 hard 0 soft 1 temp 1 loss 5.20 i_con 5.73 plddt 0.35 ptm 0.87 i_ptm 0.38 energy -2.97
53 models [1] recycles 0 hard 0 soft 1 temp 1 loss 3.65 i_con 4.16 plddt 0.26 ptm 0.86 i_ptm 0.28 energy -2.94
54 models [0] recycles 0 hard 0 soft 1 temp 1 loss 3.23 i_con 3.78 plddt 0.37 ptm 0.85 i_ptm 0.47 energy -3.07
55 models [0] recycles 0 hard 0 soft 1 temp 1 loss 3.26 i_con 3.87 plddt 0.34 ptm 0.84 i_ptm 0.39 energy -3.41
56 models [4] recycles 0 hard 0 soft 1 temp 1 loss 3.13 i_con 3.81 plddt 0.35 ptm 0.88 i_ptm 0.47 energy -3.75
57 models [0] recycles 0 hard 0 soft 1 temp 1 loss 3.35 i_con 4.07 plddt 0.35 ptm 0.84 i_ptm 0.32 energy -3.93
58 models [2] recycles 0 hard 0 soft 1 temp 1 loss 3.01 i_con 3.73 plddt 0.36 ptm 0.87 i_ptm 0.49 energy -3.96
59 models [3] recycles 0 hard 0 soft 1 temp 1 loss 2.99 i_con 3.78 plddt 0.34 ptm 0.86 i_ptm 0.45 energy -4.27
60 models [4] recycles 0 hard 0 soft 1 temp 1 loss 3.00 i_con 3.79 plddt 0.35 ptm 0.88 i_ptm 0.45 energy -4.31
61 models [3] recycles 0 hard 0 soft 1 temp 1 loss 2.84 i_con 3.69 plddt 0.37 ptm 0.86 i_ptm 0.49 energy -4.58
62 models [3] recycles 0 hard 0 soft 1 temp 1 loss 2.94 i_con 3.82 plddt 0.32 ptm 0.86 i_ptm 0.43 energy -4.70
63 models [4] recycles 0 hard 0 soft 1 temp 1 loss 2.88 i_con 3.81 plddt 0.36 ptm 0.88 i_ptm 0.46 energy -4.98
64 models [1] recycles 0 hard 0 soft 1 temp 1 loss 3.94 i_con 4.85 plddt 0.22 ptm 0.85 i_ptm 0.14 energy -4.92
65 models [3] recycles 0 hard 0 soft 1 temp 1 loss 2.81 i_con 3.69 plddt 0.39 ptm 0.87 i_ptm 0.49 energy -4.73
66 models [1] recycles 0 hard 0 soft 1 temp 1 loss 3.60 i_con 4.53 plddt 0.22 ptm 0.85 i_ptm 0.12 energy -5.04
67 models [1] recycles 0 hard 0 soft 1 temp 1 loss 2.99 i_con 3.89 plddt 0.32 ptm 0.87 i_ptm 0.42 energy -4.81
68 models [3] recycles 0 hard 0 soft 1 temp 1 loss 2.94 i_con 3.84 plddt 0.34 ptm 0.86 i_ptm 0.46 energy -4.80
69 models [0] recycles 0 hard 0 soft 1 temp 1 loss 2.99 i_con 3.92 plddt 0.33 ptm 0.85 i_ptm 0.39 energy -4.96
70 models [4] recycles 0 hard 0 soft 1 temp 1 loss 2.71 i_con 3.69 plddt 0.40 ptm 0.89 i_ptm 0.50 energy -5.20
71 models [2] recycles 0 hard 0 soft 1 temp 1 loss 2.83 i_con 3.84 plddt 0.36 ptm 0.87 i_ptm 0.47 energy -5.37
72 models [0] recycles 0 hard 0 soft 1 temp 1 loss 2.86 i_con 3.91 plddt 0.35 ptm 0.85 i_ptm 0.40 energy -5.59
73 models [2] recycles 0 hard 0 soft 1 temp 1 loss 2.72 i_con 3.80 plddt 0.37 ptm 0.87 i_ptm 0.47 energy -5.73
74 models [4] recycles 0 hard 0 soft 1 temp 1 loss 2.65 i_con 3.76 plddt 0.38 ptm 0.88 i_ptm 0.48 energy -5.88
75 models [0] recycles 0 hard 0 soft 1 temp 1 loss 2.90 i_con 4.01 plddt 0.33 ptm 0.85 i_ptm 0.38 energy -5.90
76 models [2] recycles 0 hard 0 soft 1 temp 1 loss 2.68 i_con 3.83 plddt 0.39 ptm 0.86 i_ptm 0.48 energy -6.08
77 models [4] recycles 0 hard 0 soft 1 temp 1 loss 2.59 i_con 3.78 plddt 0.34 ptm 0.88 i_ptm 0.44 energy -6.32
78 models [4] recycles 0 hard 0 soft 1 temp 1 loss 2.65 i_con 3.86 plddt 0.34 ptm 0.88 i_ptm 0.45 energy -6.39
79 models [4] recycles 0 hard 0 soft 1 temp 1 loss 2.54 i_con 3.78 plddt 0.36 ptm 0.88 i_ptm 0.48 energy -6.49
80 models [1] recycles 0 hard 0 soft 1 temp 1 loss 4.45 i_con 5.71 plddt 0.26 ptm 0.85 i_ptm 0.17 energy -6.68
81 models [2] recycles 0 hard 0 soft 1 temp 1 loss 2.67 i_con 3.91 plddt 0.35 ptm 0.86 i_ptm 0.45 energy -6.52
82 models [4] recycles 0 hard 0 soft 1 temp 1 loss 2.79 i_con 4.01 plddt 0.31 ptm 0.88 i_ptm 0.39 energy -6.45
83 models [0] recycles 0 hard 0 soft 1 temp 1 loss 2.60 i_con 3.84 plddt 0.36 ptm 0.85 i_ptm 0.40 energy -6.50
84 models [4] recycles 0 hard 0 soft 1 temp 1 loss 2.63 i_con 3.90 plddt 0.30 ptm 0.87 i_ptm 0.41 energy -6.74
85 models [0] recycles 0 hard 0 soft 1 temp 1 loss 2.62 i_con 3.95 plddt 0.36 ptm 0.84 i_ptm 0.40 energy -6.93
86 models [4] recycles 0 hard 0 soft 1 temp 1 loss 2.77 i_con 4.11 plddt 0.27 ptm 0.88 i_ptm 0.34 energy -7.07
87 models [3] recycles 0 hard 0 soft 1 temp 1 loss 2.49 i_con 3.81 plddt 0.32 ptm 0.86 i_ptm 0.43 energy -6.95
88 models [3] recycles 0 hard 0 soft 1 temp 1 loss 2.82 i_con 4.18 plddt 0.27 ptm 0.85 i_ptm 0.27 energy -7.18
89 models [3] recycles 0 hard 0 soft 1 temp 1 loss 2.67 i_con 4.02 plddt 0.31 ptm 0.85 i_ptm 0.36 energy -7.12
90 models [1] recycles 0 hard 0 soft 1 temp 1 loss 3.85 i_con 5.20 plddt 0.25 ptm 0.86 i_ptm 0.15 energy -7.12
91 models [3] recycles 0 hard 0 soft 1 temp 1 loss 2.68 i_con 4.02 plddt 0.32 ptm 0.85 i_ptm 0.36 energy -7.05
92 models [2] recycles 0 hard 0 soft 1 temp 1 loss 2.72 i_con 4.07 plddt 0.32 ptm 0.86 i_ptm 0.36 energy -7.06
93 models [1] recycles 0 hard 0 soft 1 temp 1 loss 4.26 i_con 5.56 plddt 0.25 ptm 0.86 i_ptm 0.16 energy -6.90
94 models [4] recycles 0 hard 0 soft 1 temp 1 loss 2.55 i_con 3.86 plddt 0.33 ptm 0.88 i_ptm 0.44 energy -6.89
95 models [2] recycles 0 hard 0 soft 1 temp 1 loss 2.52 i_con 3.85 plddt 0.34 ptm 0.86 i_ptm 0.43 energy -7.01
96 models [3] recycles 0 hard 0 soft 1 temp 1 loss 2.40 i_con 3.77 plddt 0.34 ptm 0.87 i_ptm 0.45 energy -7.18
97 models [0] recycles 0 hard 0 soft 1 temp 1 loss 2.65 i_con 4.05 plddt 0.32 ptm 0.84 i_ptm 0.35 energy -7.35
98 models [2] recycles 0 hard 0 soft 1 temp 1 loss 2.54 i_con 3.93 plddt 0.32 ptm 0.87 i_ptm 0.41 energy -7.32
99 models [0] recycles 0 hard 0 soft 1 temp 1 loss 2.53 i_con 3.96 plddt 0.31 ptm 0.85 i_ptm 0.41 energy -7.51
100 models [1] recycles 0 hard 0 soft 1 temp 1 loss 3.96 i_con 5.41 plddt 0.25 ptm 0.85 i_ptm 0.16 energy -7.60
101 models [3] recycles 0 hard 0 soft 0 temp 1 loss 3.70 i_con 5.54 plddt 0.27 ptm 0.85 i_ptm 0.21 energy -38.26
102 models [2] recycles 0 hard 0 soft 0 temp 0.98 loss 3.34 i_con 5.19 plddt 0.25 ptm 0.85 i_ptm 0.14 energy -38.48
103 models [2] recycles 0 hard 0 soft 0 temp 0.96 loss 3.72 i_con 5.57 plddt 0.26 ptm 0.86 i_ptm 0.20 energy -38.51
104 models [1] recycles 0 hard 0 soft 0 temp 0.94 loss 4.47 i_con 6.32 plddt 0.26 ptm 0.86 i_ptm 0.18 energy -38.50
105 models [1] recycles 0 hard 0 soft 0 temp 0.92 loss 4.41 i_con 6.28 plddt 0.25 ptm 0.86 i_ptm 0.17 energy -38.87
106 models [1] recycles 0 hard 0 soft 0 temp 0.90 loss 4.37 i_con 6.26 plddt 0.25 ptm 0.86 i_ptm 0.16 energy -39.37
107 models [1] recycles 0 hard 0 soft 0 temp 0.88 loss 4.26 i_con 6.17 plddt 0.26 ptm 0.85 i_ptm 0.16 energy -39.76
108 models [0] recycles 0 hard 0 soft 0 temp 0.86 loss 3.13 i_con 5.07 plddt 0.22 ptm 0.82 i_ptm 0.11 energy -40.49
109 models [2] recycles 0 hard 0 soft 0 temp 0.84 loss 3.59 i_con 5.55 plddt 0.24 ptm 0.85 i_ptm 0.17 energy -40.80
110 models [1] recycles 0 hard 0 soft 0 temp 0.82 loss 3.90 i_con 5.86 plddt 0.24 ptm 0.86 i_ptm 0.12 energy -40.72
111 models [0] recycles 0 hard 0 soft 0 temp 0.80 loss 2.84 i_con 4.81 plddt 0.20 ptm 0.83 i_ptm 0.11 energy -41.02
112 models [4] recycles 0 hard 0 soft 0 temp 0.78 loss 3.80 i_con 5.77 plddt 0.23 ptm 0.87 i_ptm 0.15 energy -40.96
113 models [1] recycles 0 hard 0 soft 0 temp 0.76 loss 3.59 i_con 5.59 plddt 0.24 ptm 0.85 i_ptm 0.11 energy -41.67
114 models [3] recycles 0 hard 0 soft 0 temp 0.74 loss 2.64 i_con 4.66 plddt 0.22 ptm 0.84 i_ptm 0.14 energy -42.08
115 models [0] recycles 0 hard 0 soft 0 temp 0.72 loss 2.33 i_con 4.37 plddt 0.22 ptm 0.83 i_ptm 0.24 energy -42.26
116 models [1] recycles 0 hard 0 soft 0 temp 0.70 loss 3.96 i_con 6.01 plddt 0.25 ptm 0.86 i_ptm 0.15 energy -42.36
117 models [3] recycles 0 hard 0 soft 0 temp 0.68 loss 3.25 i_con 5.31 plddt 0.23 ptm 0.85 i_ptm 0.16 energy -42.68
118 models [1] recycles 0 hard 0 soft 0 temp 0.66 loss 3.98 i_con 6.04 plddt 0.24 ptm 0.85 i_ptm 0.16 energy -42.65
119 models [3] recycles 0 hard 0 soft 0 temp 0.64 loss 3.55 i_con 5.62 plddt 0.24 ptm 0.85 i_ptm 0.15 energy -42.97
120 models [4] recycles 0 hard 0 soft 0 temp 0.62 loss 3.76 i_con 5.85 plddt 0.22 ptm 0.87 i_ptm 0.19 energy -43.42
121 models [4] recycles 0 hard 0 soft 0 temp 0.60 loss 2.72 i_con 4.82 plddt 0.23 ptm 0.87 i_ptm 0.19 energy -43.52
122 models [2] recycles 0 hard 0 soft 0 temp 0.58 loss 3.37 i_con 5.47 plddt 0.22 ptm 0.85 i_ptm 0.14 energy -43.55
123 models [3] recycles 0 hard 0 soft 0 temp 0.56 loss 2.35 i_con 4.43 plddt 0.25 ptm 0.85 i_ptm 0.26 energy -43.22
124 models [3] recycles 0 hard 0 soft 0 temp 0.54 loss 1.91 i_con 4.05 plddt 0.25 ptm 0.85 i_ptm 0.34 energy -44.23
125 models [4] recycles 0 hard 0 soft 0 temp 0.52 loss 2.94 i_con 5.11 plddt 0.21 ptm 0.87 i_ptm 0.13 energy -45.03
126 models [4] recycles 0 hard 0 soft 0 temp 0.50 loss 3.31 i_con 5.49 plddt 0.22 ptm 0.87 i_ptm 0.16 energy -45.10
127 models [4] recycles 0 hard 0 soft 0 temp 0.48 loss 2.03 i_con 4.22 plddt 0.24 ptm 0.87 i_ptm 0.29 energy -45.46
128 models [0] recycles 0 hard 0 soft 0 temp 0.46 loss 2.03 i_con 4.23 plddt 0.22 ptm 0.83 i_ptm 0.26 energy -45.57
129 models [4] recycles 0 hard 0 soft 0 temp 0.44 loss 2.89 i_con 5.09 plddt 0.21 ptm 0.87 i_ptm 0.21 energy -45.59
130 models [4] recycles 0 hard 0 soft 0 temp 0.42 loss 3.00 i_con 5.20 plddt 0.19 ptm 0.87 i_ptm 0.12 energy -45.80
131 models [0] recycles 0 hard 0 soft 0 temp 0.40 loss 2.01 i_con 4.21 plddt 0.26 ptm 0.83 i_ptm 0.24 energy -45.52
132 models [2] recycles 0 hard 0 soft 0 temp 0.38 loss 2.68 i_con 4.87 plddt 0.20 ptm 0.85 i_ptm 0.13 energy -45.39
133 models [3] recycles 0 hard 0 soft 0 temp 0.36 loss 2.52 i_con 4.71 plddt 0.22 ptm 0.85 i_ptm 0.17 energy -45.33
134 models [0] recycles 0 hard 0 soft 0 temp 0.34 loss 1.93 i_con 4.13 plddt 0.26 ptm 0.84 i_ptm 0.31 energy -45.49
135 models [1] recycles 0 hard 0 soft 0 temp 0.32 loss 3.74 i_con 5.99 plddt 0.24 ptm 0.85 i_ptm 0.17 energy -46.50
136 models [0] recycles 0 hard 0 soft 0 temp 0.30 loss 1.69 i_con 3.97 plddt 0.25 ptm 0.85 i_ptm 0.38 energy -47.06
137 models [3] recycles 0 hard 0 soft 0 temp 0.28 loss 1.74 i_con 4.07 plddt 0.28 ptm 0.86 i_ptm 0.33 energy -48.15
138 models [4] recycles 0 hard 0 soft 0 temp 0.26 loss 2.27 i_con 4.61 plddt 0.24 ptm 0.88 i_ptm 0.20 energy -48.38
139 models [2] recycles 0 hard 0 soft 0 temp 0.24 loss 1.39 i_con 3.77 plddt 0.36 ptm 0.88 i_ptm 0.46 energy -48.98
140 models [1] recycles 0 hard 0 soft 0 temp 0.22 loss 3.52 i_con 5.97 plddt 0.25 ptm 0.85 i_ptm 0.17 energy -50.58
141 models [2] recycles 0 hard 0 soft 0 temp 0.20 loss 1.46 i_con 3.95 plddt 0.29 ptm 0.87 i_ptm 0.38 energy -51.24
142 models [4] recycles 0 hard 0 soft 0 temp 0.18 loss 2.05 i_con 4.60 plddt 0.20 ptm 0.87 i_ptm 0.15 energy -52.55
143 models [1] recycles 0 hard 0 soft 0 temp 0.16 loss 3.15 i_con 5.73 plddt 0.27 ptm 0.86 i_ptm 0.19 energy -53.17
144 models [1] recycles 0 hard 0 soft 0 temp 0.14 loss 3.21 i_con 5.81 plddt 0.25 ptm 0.86 i_ptm 0.15 energy -53.63
145 models [2] recycles 0 hard 0 soft 0 temp 0.12 loss 1.91 i_con 4.53 plddt 0.30 ptm 0.86 i_ptm 0.26 energy -53.85
146 models [2] recycles 0 hard 0 soft 0 temp 0.10 loss 1.16 i_con 3.83 plddt 0.33 ptm 0.88 i_ptm 0.44 energy -54.62
147 models [4] recycles 0 hard 0 soft 0 temp 0.08 loss 2.22 i_con 4.88 plddt 0.23 ptm 0.87 i_ptm 0.14 energy -54.76
148 models [0] recycles 0 hard 0 soft 0 temp 0.06 loss 1.87 i_con 4.55 plddt 0.26 ptm 0.83 i_ptm 0.19 energy -54.99
149 models [3] recycles 0 hard 0 soft 0 temp 0.04 loss 1.21 i_con 3.89 plddt 0.28 ptm 0.85 i_ptm 0.37 energy -55.13
150 models [3] recycles 0 hard 0 soft 0 temp 0.02 loss 1.32 i_con 4.05 plddt 0.27 ptm 0.86 i_ptm 0.34 energy -56.15
151 models [1] recycles 0 hard 1 soft 0 temp 0.00 loss 1.49 i_con 5.59 plddt 0.25 ptm 0.85 i_ptm 0.18 energy -8.36
152 models [2] recycles 0 hard 1 soft 0 temp 0.00 loss 0.21 i_con 4.31 plddt 0.24 ptm 0.86 i_ptm 0.27 energy -8.36
153 models [0] recycles 0 hard 1 soft 0 temp 0.00 loss -0.05 i_con 4.06 plddt 0.28 ptm 0.84 i_ptm 0.36 energy -8.36
154 models [4] recycles 0 hard 1 soft 0 temp 0.00 loss 0.98 i_con 5.07 plddt 0.20 ptm 0.87 i_ptm 0.22 energy -8.36
155 models [4] recycles 0 hard 1 soft 0 temp 0.00 loss 0.98 i_con 5.07 plddt 0.20 ptm 0.87 i_ptm 0.22 energy -8.36
156 models [2] recycles 0 hard 1 soft 0 temp 0.00 loss 0.21 i_con 4.31 plddt 0.24 ptm 0.86 i_ptm 0.27 energy -8.36
157 models [1] recycles 0 hard 1 soft 0 temp 0.00 loss 1.49 i_con 5.59 plddt 0.25 ptm 0.85 i_ptm 0.18 energy -8.36
158 models [2] recycles 0 hard 1 soft 0 temp 0.00 loss 0.21 i_con 4.31 plddt 0.24 ptm 0.86 i_ptm 0.27 energy -8.36
159 models [3] recycles 0 hard 1 soft 0 temp 0.00 loss 0.95 i_con 5.05 plddt 0.24 ptm 0.85 i_ptm 0.22 energy -8.36
160 models [0] recycles 0 hard 1 soft 0 temp 0.00 loss -0.05 i_con 4.06 plddt 0.28 ptm 0.84 i_ptm 0.36 energy -8.36
161 models [3] recycles 0 hard 1 soft 0 temp 0.00 loss 0.95 i_con 5.05 plddt 0.24 ptm 0.85 i_ptm 0.22 energy -8.36
162 models [2] recycles 0 hard 1 soft 0 temp 0.00 loss 0.21 i_con 4.31 plddt 0.24 ptm 0.86 i_ptm 0.27 energy -8.36
163 models [1] recycles 0 hard 1 soft 0 temp 0.00 loss 1.49 i_con 5.59 plddt 0.25 ptm 0.85 i_ptm 0.18 energy -8.36
164 models [3] recycles 0 hard 1 soft 0 temp 0.00 loss 0.95 i_con 5.05 plddt 0.24 ptm 0.85 i_ptm 0.22 energy -8.36
165 models [4] recycles 0 hard 1 soft 0 temp 0.00 loss 0.98 i_con 5.07 plddt 0.20 ptm 0.87 i_ptm 0.22 energy -8.36
166 models [4] recycles 0 hard 1 soft 0 temp 0.00 loss 0.98 i_con 5.07 plddt 0.20 ptm 0.87 i_ptm 0.22 energy -8.36
167 models [2] recycles 0 hard 1 soft 0 temp 0.00 loss 0.21 i_con 4.31 plddt 0.24 ptm 0.86 i_ptm 0.27 energy -8.36
168 models [0] recycles 0 hard 1 soft 0 temp 0.00 loss -0.05 i_con 4.06 plddt 0.28 ptm 0.84 i_ptm 0.36 energy -8.36
169 models [1] recycles 0 hard 1 soft 0 temp 0.00 loss 1.49 i_con 5.59 plddt 0.25 ptm 0.85 i_ptm 0.18 energy -8.36
170 models [0] recycles 0 hard 1 soft 0 temp 0.00 loss -0.05 i_con 4.06 plddt 0.28 ptm 0.84 i_ptm 0.36 energy -8.36
171 models [2] recycles 0 hard 1 soft 0 temp 0.00 loss 0.21 i_con 4.31 plddt 0.24 ptm 0.86 i_ptm 0.27 energy -8.36
172 models [4] recycles 0 hard 1 soft 0 temp 0.00 loss 0.98 i_con 5.07 plddt 0.20 ptm 0.87 i_ptm 0.22 energy -8.36
173 models [3] recycles 0 hard 1 soft 0 temp 0.00 loss 0.95 i_con 5.05 plddt 0.24 ptm 0.85 i_ptm 0.22 energy -8.36
174 models [4] recycles 0 hard 1 soft 0 temp 0.00 loss 0.98 i_con 5.07 plddt 0.20 ptm 0.87 i_ptm 0.22 energy -8.36
175 models [3] recycles 0 hard 1 soft 0 temp 0.00 loss 0.95 i_con 5.05 plddt 0.24 ptm 0.85 i_ptm 0.22 energy -8.36
176 models [3] recycles 0 hard 1 soft 0 temp 0.00 loss 0.95 i_con 5.05 plddt 0.24 ptm 0.85 i_ptm 0.22 energy -8.36
177 models [0] recycles 0 hard 1 soft 0 temp 0.00 loss -0.05 i_con 4.06 plddt 0.28 ptm 0.84 i_ptm 0.36 energy -8.36
178 models [3] recycles 0 hard 1 soft 0 temp 0.00 loss 0.95 i_con 5.05 plddt 0.24 ptm 0.85 i_ptm 0.22 energy -8.36
179 models [1] recycles 0 hard 1 soft 0 temp 0.00 loss 1.49 i_con 5.59 plddt 0.25 ptm 0.85 i_ptm 0.18 energy -8.36
180 models [3] recycles 0 hard 1 soft 0 temp 0.00 loss 0.95 i_con 5.05 plddt 0.24 ptm 0.85 i_ptm 0.22 energy -8.36
  seq=AIGLWWWESNYYGFC  loss=0.9510  loss_af=5.1290  energy=-8.3561  i_ptm=0.2168
[10/20] seed=9 ...
1 models [4] recycles 0 hard 0 soft 1 temp 1 loss 5.09 i_con 4.65 plddt 0.23 ptm 0.87 i_ptm 0.19 energy 7.37
2 models [0] recycles 0 hard 0 soft 1 temp 1 loss 4.73 i_con 4.30 plddt 0.30 ptm 0.84 i_ptm 0.31 energy 7.26
3 models [1] recycles 0 hard 0 soft 1 temp 1 loss 4.73 i_con 4.30 plddt 0.25 ptm 0.86 i_ptm 0.23 energy 6.99
4 models [4] recycles 0 hard 0 soft 1 temp 1 loss 4.31 i_con 3.92 plddt 0.35 ptm 0.87 i_ptm 0.44 energy 6.58
5 models [0] recycles 0 hard 0 soft 1 temp 1 loss 4.06 i_con 3.70 plddt 0.45 ptm 0.86 i_ptm 0.53 energy 6.08
6 models [3] recycles 0 hard 0 soft 1 temp 1 loss 4.65 i_con 4.31 plddt 0.27 ptm 0.85 i_ptm 0.21 energy 5.37
7 models [3] recycles 0 hard 0 soft 1 temp 1 loss 4.52 i_con 4.18 plddt 0.24 ptm 0.85 i_ptm 0.27 energy 5.26
8 models [3] recycles 0 hard 0 soft 1 temp 1 loss 4.15 i_con 3.84 plddt 0.32 ptm 0.86 i_ptm 0.42 energy 4.89
9 models [2] recycles 0 hard 0 soft 1 temp 1 loss 4.55 i_con 4.26 plddt 0.26 ptm 0.85 i_ptm 0.27 energy 4.32
10 models [0] recycles 0 hard 0 soft 1 temp 1 loss 4.58 i_con 4.29 plddt 0.26 ptm 0.83 i_ptm 0.24 energy 4.18
11 models [3] recycles 0 hard 0 soft 1 temp 1 loss 4.04 i_con 3.78 plddt 0.32 ptm 0.86 i_ptm 0.44 energy 3.89
12 models [0] recycles 0 hard 0 soft 1 temp 1 loss 4.18 i_con 3.95 plddt 0.32 ptm 0.85 i_ptm 0.38 energy 3.25
13 models [2] recycles 0 hard 0 soft 1 temp 1 loss 4.06 i_con 3.85 plddt 0.35 ptm 0.87 i_ptm 0.46 energy 2.86
14 models [1] recycles 0 hard 0 soft 1 temp 1 loss 4.13 i_con 3.93 plddt 0.29 ptm 0.87 i_ptm 0.38 energy 2.57
15 models [3] recycles 0 hard 0 soft 1 temp 1 loss 3.86 i_con 3.67 plddt 0.36 ptm 0.87 i_ptm 0.50 energy 2.48
16 models [1] recycles 0 hard 0 soft 1 temp 1 loss 4.32 i_con 4.13 plddt 0.26 ptm 0.87 i_ptm 0.30 energy 2.36
17 models [0] recycles 0 hard 0 soft 1 temp 1 loss 4.34 i_con 4.15 plddt 0.30 ptm 0.84 i_ptm 0.30 energy 2.32
18 models [0] recycles 0 hard 0 soft 1 temp 1 loss 3.97 i_con 3.80 plddt 0.38 ptm 0.85 i_ptm 0.50 energy 2.22
19 models [0] recycles 0 hard 0 soft 1 temp 1 loss 3.96 i_con 3.80 plddt 0.41 ptm 0.86 i_ptm 0.48 energy 2.07
20 models [4] recycles 0 hard 0 soft 1 temp 1 loss 3.89 i_con 3.74 plddt 0.40 ptm 0.88 i_ptm 0.51 energy 1.82
21 models [4] recycles 0 hard 0 soft 1 temp 1 loss 3.97 i_con 3.82 plddt 0.39 ptm 0.88 i_ptm 0.49 energy 1.71
22 models [0] recycles 0 hard 0 soft 1 temp 1 loss 4.23 i_con 4.08 plddt 0.31 ptm 0.84 i_ptm 0.32 energy 1.55
23 models [1] recycles 0 hard 0 soft 1 temp 1 loss 4.32 i_con 4.17 plddt 0.25 ptm 0.86 i_ptm 0.25 energy 1.38
24 models [1] recycles 0 hard 0 soft 1 temp 1 loss 4.08 i_con 3.94 plddt 0.31 ptm 0.87 i_ptm 0.38 energy 1.32
25 models [4] recycles 0 hard 0 soft 1 temp 1 loss 3.73 i_con 3.61 plddt 0.45 ptm 0.88 i_ptm 0.59 energy 1.22
26 models [1] recycles 0 hard 0 soft 1 temp 1 loss 3.82 i_con 3.70 plddt 0.37 ptm 0.88 i_ptm 0.49 energy 1.16
27 models [3] recycles 0 hard 0 soft 1 temp 1 loss 3.72 i_con 3.63 plddt 0.42 ptm 0.86 i_ptm 0.53 energy 0.78
28 models [3] recycles 0 hard 0 soft 1 temp 1 loss 3.70 i_con 3.61 plddt 0.41 ptm 0.87 i_ptm 0.53 energy 0.61
29 models [4] recycles 0 hard 0 soft 1 temp 1 loss 3.90 i_con 3.81 plddt 0.38 ptm 0.88 i_ptm 0.49 energy 0.57
30 models [0] recycles 0 hard 0 soft 1 temp 1 loss 3.85 i_con 3.79 plddt 0.41 ptm 0.86 i_ptm 0.50 energy 0.18
31 models [3] recycles 0 hard 0 soft 1 temp 1 loss 3.80 i_con 3.73 plddt 0.38 ptm 0.86 i_ptm 0.50 energy 0.10
32 models [2] recycles 0 hard 0 soft 1 temp 1 loss 3.77 i_con 3.72 plddt 0.43 ptm 0.88 i_ptm 0.56 energy -0.08
33 models [3] recycles 0 hard 0 soft 1 temp 1 loss 3.57 i_con 3.55 plddt 0.47 ptm 0.87 i_ptm 0.61 energy -0.63
34 models [4] recycles 0 hard 0 soft 1 temp 1 loss 3.86 i_con 3.83 plddt 0.38 ptm 0.89 i_ptm 0.48 energy -0.63
35 models [0] recycles 0 hard 0 soft 1 temp 1 loss 3.80 i_con 3.78 plddt 0.40 ptm 0.85 i_ptm 0.48 energy -0.79
36 models [3] recycles 0 hard 0 soft 1 temp 1 loss 3.48 i_con 3.47 plddt 0.50 ptm 0.87 i_ptm 0.64 energy -0.92
37 models [4] recycles 0 hard 0 soft 1 temp 1 loss 3.70 i_con 3.69 plddt 0.40 ptm 0.89 i_ptm 0.55 energy -0.97
38 models [2] recycles 0 hard 0 soft 1 temp 1 loss 3.67 i_con 3.67 plddt 0.44 ptm 0.87 i_ptm 0.57 energy -1.17
39 models [4] recycles 0 hard 0 soft 1 temp 1 loss 3.69 i_con 3.70 plddt 0.41 ptm 0.89 i_ptm 0.57 energy -1.36
40 models [1] recycles 0 hard 0 soft 1 temp 1 loss 3.89 i_con 3.91 plddt 0.35 ptm 0.87 i_ptm 0.43 energy -1.71
41 models [1] recycles 0 hard 0 soft 1 temp 1 loss 3.79 i_con 3.81 plddt 0.35 ptm 0.87 i_ptm 0.46 energy -1.74
42 models [0] recycles 0 hard 0 soft 1 temp 1 loss 3.78 i_con 3.82 plddt 0.40 ptm 0.85 i_ptm 0.47 energy -1.99
43 models [0] recycles 0 hard 0 soft 1 temp 1 loss 3.55 i_con 3.60 plddt 0.49 ptm 0.86 i_ptm 0.59 energy -2.09
44 models [4] recycles 0 hard 0 soft 1 temp 1 loss 3.69 i_con 3.73 plddt 0.39 ptm 0.89 i_ptm 0.55 energy -2.12
45 models [3] recycles 0 hard 0 soft 1 temp 1 loss 3.53 i_con 3.58 plddt 0.40 ptm 0.88 i_ptm 0.60 energy -2.19
46 models [0] recycles 0 hard 0 soft 1 temp 1 loss 3.69 i_con 3.75 plddt 0.43 ptm 0.85 i_ptm 0.54 energy -2.27
47 models [1] recycles 0 hard 0 soft 1 temp 1 loss 3.81 i_con 3.86 plddt 0.33 ptm 0.87 i_ptm 0.43 energy -2.23
48 models [3] recycles 0 hard 0 soft 1 temp 1 loss 4.00 i_con 4.03 plddt 0.30 ptm 0.85 i_ptm 0.30 energy -2.12
49 models [0] recycles 0 hard 0 soft 1 temp 1 loss 3.58 i_con 3.63 plddt 0.44 ptm 0.86 i_ptm 0.57 energy -2.25
50 models [1] recycles 0 hard 0 soft 1 temp 1 loss 3.81 i_con 3.86 plddt 0.35 ptm 0.87 i_ptm 0.45 energy -2.33
51 models [3] recycles 0 hard 0 soft 1 temp 1 loss 3.18 i_con 3.60 plddt 0.45 ptm 0.88 i_ptm 0.60 energy -2.38
52 models [1] recycles 0 hard 0 soft 1 temp 1 loss 3.36 i_con 3.81 plddt 0.32 ptm 0.87 i_ptm 0.45 energy -2.55
53 models [3] recycles 0 hard 0 soft 1 temp 1 loss 3.33 i_con 3.81 plddt 0.35 ptm 0.87 i_ptm 0.47 energy -2.68
54 models [2] recycles 0 hard 0 soft 1 temp 1 loss 3.25 i_con 3.74 plddt 0.41 ptm 0.87 i_ptm 0.53 energy -2.74
55 models [3] recycles 0 hard 0 soft 1 temp 1 loss 3.12 i_con 3.63 plddt 0.40 ptm 0.87 i_ptm 0.54 energy -2.87
56 models [4] recycles 0 hard 0 soft 1 temp 1 loss 3.28 i_con 3.80 plddt 0.38 ptm 0.88 i_ptm 0.50 energy -2.89
57 models [1] recycles 0 hard 0 soft 1 temp 1 loss 3.69 i_con 4.19 plddt 0.25 ptm 0.86 i_ptm 0.21 energy -2.89
58 models [4] recycles 0 hard 0 soft 1 temp 1 loss 3.17 i_con 3.67 plddt 0.42 ptm 0.89 i_ptm 0.55 energy -2.81
59 models [1] recycles 0 hard 0 soft 1 temp 1 loss 3.23 i_con 3.73 plddt 0.34 ptm 0.88 i_ptm 0.51 energy -2.88
60 models [4] recycles 0 hard 0 soft 1 temp 1 loss 3.33 i_con 3.86 plddt 0.34 ptm 0.89 i_ptm 0.46 energy -2.99
61 models [4] recycles 0 hard 0 soft 1 temp 1 loss 3.24 i_con 3.79 plddt 0.36 ptm 0.89 i_ptm 0.47 energy -3.08
62 models [0] recycles 0 hard 0 soft 1 temp 1 loss 3.23 i_con 3.81 plddt 0.38 ptm 0.85 i_ptm 0.45 energy -3.18
63 models [1] recycles 0 hard 0 soft 1 temp 1 loss 3.39 i_con 3.99 plddt 0.30 ptm 0.87 i_ptm 0.35 energy -3.32
64 models [1] recycles 0 hard 0 soft 1 temp 1 loss 3.24 i_con 3.83 plddt 0.36 ptm 0.88 i_ptm 0.46 energy -3.27
65 models [2] recycles 0 hard 0 soft 1 temp 1 loss 3.06 i_con 3.67 plddt 0.39 ptm 0.87 i_ptm 0.54 energy -3.40
66 models [2] recycles 0 hard 0 soft 1 temp 1 loss 3.14 i_con 3.77 plddt 0.39 ptm 0.88 i_ptm 0.52 energy -3.44
67 models [4] recycles 0 hard 0 soft 1 temp 1 loss 3.31 i_con 3.95 plddt 0.28 ptm 0.88 i_ptm 0.38 energy -3.56
68 models [0] recycles 0 hard 0 soft 1 temp 1 loss 3.10 i_con 3.80 plddt 0.37 ptm 0.86 i_ptm 0.48 energy -3.77
69 models [1] recycles 0 hard 0 soft 1 temp 1 loss 3.30 i_con 4.00 plddt 0.30 ptm 0.87 i_ptm 0.36 energy -3.84
70 models [4] recycles 0 hard 0 soft 1 temp 1 loss 2.97 i_con 3.63 plddt 0.41 ptm 0.89 i_ptm 0.55 energy -3.62
71 models [0] recycles 0 hard 0 soft 1 temp 1 loss 3.14 i_con 3.83 plddt 0.33 ptm 0.86 i_ptm 0.43 energy -3.78
72 models [1] recycles 0 hard 0 soft 1 temp 1 loss 3.14 i_con 3.86 plddt 0.31 ptm 0.88 i_ptm 0.42 energy -3.98
73 models [2] recycles 0 hard 0 soft 1 temp 1 loss 2.86 i_con 3.56 plddt 0.41 ptm 0.88 i_ptm 0.60 energy -3.82
74 models [4] recycles 0 hard 0 soft 1 temp 1 loss 2.93 i_con 3.67 plddt 0.37 ptm 0.89 i_ptm 0.54 energy -4.02
75 models [0] recycles 0 hard 0 soft 1 temp 1 loss 2.99 i_con 3.74 plddt 0.40 ptm 0.86 i_ptm 0.50 energy -4.03
76 models [4] recycles 0 hard 0 soft 1 temp 1 loss 3.01 i_con 3.71 plddt 0.35 ptm 0.89 i_ptm 0.49 energy -3.82
77 models [4] recycles 0 hard 0 soft 1 temp 1 loss 3.00 i_con 3.75 plddt 0.34 ptm 0.89 i_ptm 0.49 energy -4.09
78 models [3] recycles 0 hard 0 soft 1 temp 1 loss 2.52 i_con 3.28 plddt 0.43 ptm 0.88 i_ptm 0.67 energy -4.09
79 models [1] recycles 0 hard 0 soft 1 temp 1 loss 3.00 i_con 3.72 plddt 0.36 ptm 0.88 i_ptm 0.49 energy -3.94
80 models [2] recycles 0 hard 0 soft 1 temp 1 loss 2.90 i_con 3.67 plddt 0.43 ptm 0.87 i_ptm 0.55 energy -4.15
81 models [0] recycles 0 hard 0 soft 1 temp 1 loss 2.50 i_con 3.32 plddt 0.57 ptm 0.87 i_ptm 0.71 energy -4.32
82 models [2] recycles 0 hard 0 soft 1 temp 1 loss 3.02 i_con 3.82 plddt 0.34 ptm 0.87 i_ptm 0.48 energy -4.36
83 models [0] recycles 0 hard 0 soft 1 temp 1 loss 2.88 i_con 3.71 plddt 0.39 ptm 0.86 i_ptm 0.52 energy -4.48
84 models [1] recycles 0 hard 0 soft 1 temp 1 loss 4.21 i_con 5.06 plddt 0.23 ptm 0.86 i_ptm 0.13 energy -4.62
85 models [2] recycles 0 hard 0 soft 1 temp 1 loss 2.77 i_con 3.61 plddt 0.41 ptm 0.88 i_ptm 0.57 energy -4.48
86 models [0] recycles 0 hard 0 soft 1 temp 1 loss 2.83 i_con 3.70 plddt 0.42 ptm 0.87 i_ptm 0.52 energy -4.64
87 models [2] recycles 0 hard 0 soft 1 temp 1 loss 2.79 i_con 3.67 plddt 0.40 ptm 0.88 i_ptm 0.55 energy -4.72
88 models [0] recycles 0 hard 0 soft 1 temp 1 loss 3.19 i_con 4.09 plddt 0.30 ptm 0.84 i_ptm 0.35 energy -4.86
89 models [1] recycles 0 hard 0 soft 1 temp 1 loss 4.77 i_con 5.65 plddt 0.22 ptm 0.86 i_ptm 0.14 energy -4.76
90 models [1] recycles 0 hard 0 soft 1 temp 1 loss 4.47 i_con 5.32 plddt 0.23 ptm 0.86 i_ptm 0.15 energy -4.66
91 models [0] recycles 0 hard 0 soft 1 temp 1 loss 3.20 i_con 4.04 plddt 0.29 ptm 0.85 i_ptm 0.33 energy -4.51
92 models [0] recycles 0 hard 0 soft 1 temp 1 loss 2.99 i_con 3.86 plddt 0.30 ptm 0.86 i_ptm 0.39 energy -4.71
93 models [4] recycles 0 hard 0 soft 1 temp 1 loss 2.92 i_con 3.80 plddt 0.35 ptm 0.89 i_ptm 0.47 energy -4.72
94 models [4] recycles 0 hard 0 soft 1 temp 1 loss 2.88 i_con 3.79 plddt 0.32 ptm 0.89 i_ptm 0.47 energy -4.85
95 models [4] recycles 0 hard 0 soft 1 temp 1 loss 2.96 i_con 3.88 plddt 0.31 ptm 0.88 i_ptm 0.43 energy -4.91
96 models [1] recycles 0 hard 0 soft 1 temp 1 loss 2.99 i_con 3.93 plddt 0.30 ptm 0.87 i_ptm 0.40 energy -5.03
97 models [4] recycles 0 hard 0 soft 1 temp 1 loss 2.78 i_con 3.73 plddt 0.35 ptm 0.89 i_ptm 0.48 energy -5.06
98 models [1] recycles 0 hard 0 soft 1 temp 1 loss 4.41 i_con 5.36 plddt 0.24 ptm 0.86 i_ptm 0.12 energy -5.13
99 models [3] recycles 0 hard 0 soft 1 temp 1 loss 2.78 i_con 3.71 plddt 0.38 ptm 0.87 i_ptm 0.51 energy -5.00
100 models [1] recycles 0 hard 0 soft 1 temp 1 loss 3.88 i_con 4.84 plddt 0.23 ptm 0.86 i_ptm 0.14 energy -5.16
101 models [4] recycles 0 hard 0 soft 0 temp 1 loss 3.29 i_con 4.80 plddt 0.22 ptm 0.87 i_ptm 0.13 energy -31.85
102 models [4] recycles 0 hard 0 soft 0 temp 0.98 loss 2.82 i_con 4.34 plddt 0.20 ptm 0.88 i_ptm 0.19 energy -32.00
103 models [0] recycles 0 hard 0 soft 0 temp 0.96 loss 2.26 i_con 3.79 plddt 0.36 ptm 0.85 i_ptm 0.46 energy -32.06
104 models [1] recycles 0 hard 0 soft 0 temp 0.94 loss 4.48 i_con 6.04 plddt 0.26 ptm 0.86 i_ptm 0.19 energy -32.78
105 models [3] recycles 0 hard 0 soft 0 temp 0.92 loss 1.87 i_con 3.45 plddt 0.45 ptm 0.87 i_ptm 0.60 energy -32.65
106 models [3] recycles 0 hard 0 soft 0 temp 0.90 loss 1.79 i_con 3.39 plddt 0.48 ptm 0.88 i_ptm 0.63 energy -33.14
107 models [0] recycles 0 hard 0 soft 0 temp 0.88 loss 2.38 i_con 3.97 plddt 0.32 ptm 0.84 i_ptm 0.38 energy -33.08
108 models [2] recycles 0 hard 0 soft 0 temp 0.86 loss 3.15 i_con 4.74 plddt 0.17 ptm 0.14 i_ptm 0.26 energy -33.54
109 models [2] recycles 0 hard 0 soft 0 temp 0.84 loss 2.69 i_con 4.30 plddt 0.24 ptm 0.24 i_ptm 0.36 energy -33.58
110 models [0] recycles 0 hard 0 soft 0 temp 0.82 loss 2.22 i_con 3.84 plddt 0.36 ptm 0.85 i_ptm 0.44 energy -33.62
111 models [2] recycles 0 hard 0 soft 0 temp 0.80 loss 2.88 i_con 4.51 plddt 0.25 ptm 0.86 i_ptm 0.15 energy -34.12
112 models [2] recycles 0 hard 0 soft 0 temp 0.78 loss 2.26 i_con 3.88 plddt 0.34 ptm 0.88 i_ptm 0.44 energy -33.67
113 models [3] recycles 0 hard 0 soft 0 temp 0.76 loss 2.07 i_con 3.72 plddt 0.40 ptm 0.87 i_ptm 0.51 energy -34.11
114 models [4] recycles 0 hard 0 soft 0 temp 0.74 loss 2.23 i_con 3.89 plddt 0.31 ptm 0.89 i_ptm 0.43 energy -34.61
115 models [2] recycles 0 hard 0 soft 0 temp 0.72 loss 2.06 i_con 3.75 plddt 0.38 ptm 0.88 i_ptm 0.51 energy -35.15
116 models [2] recycles 0 hard 0 soft 0 temp 0.70 loss 1.87 i_con 3.58 plddt 0.44 ptm 0.88 i_ptm 0.55 energy -35.38
117 models [1] recycles 0 hard 0 soft 0 temp 0.68 loss 3.83 i_con 5.56 plddt 0.26 ptm 0.85 i_ptm 0.16 energy -36.08
118 models [1] recycles 0 hard 0 soft 0 temp 0.66 loss 2.09 i_con 3.82 plddt 0.34 ptm 0.87 i_ptm 0.44 energy -35.93
119 models [0] recycles 0 hard 0 soft 0 temp 0.64 loss 2.03 i_con 3.78 plddt 0.40 ptm 0.86 i_ptm 0.48 energy -36.23
120 models [3] recycles 0 hard 0 soft 0 temp 0.62 loss 1.71 i_con 3.53 plddt 0.43 ptm 0.87 i_ptm 0.59 energy -37.45
121 models [3] recycles 0 hard 0 soft 0 temp 0.60 loss 1.87 i_con 3.68 plddt 0.38 ptm 0.87 i_ptm 0.51 energy -37.51
122 models [1] recycles 0 hard 0 soft 0 temp 0.58 loss 2.06 i_con 3.90 plddt 0.33 ptm 0.87 i_ptm 0.41 energy -38.15
123 models [1] recycles 0 hard 0 soft 0 temp 0.56 loss 2.02 i_con 3.87 plddt 0.32 ptm 0.87 i_ptm 0.45 energy -38.47
124 models [3] recycles 0 hard 0 soft 0 temp 0.54 loss 1.75 i_con 3.64 plddt 0.42 ptm 0.87 i_ptm 0.54 energy -38.85
125 models [2] recycles 0 hard 0 soft 0 temp 0.52 loss 1.74 i_con 3.64 plddt 0.42 ptm 0.88 i_ptm 0.55 energy -39.15
126 models [4] recycles 0 hard 0 soft 0 temp 0.50 loss 1.77 i_con 3.68 plddt 0.41 ptm 0.89 i_ptm 0.54 energy -39.45
127 models [3] recycles 0 hard 0 soft 0 temp 0.48 loss 1.69 i_con 3.67 plddt 0.40 ptm 0.87 i_ptm 0.52 energy -40.78
128 models [3] recycles 0 hard 0 soft 0 temp 0.46 loss 1.25 i_con 3.28 plddt 0.50 ptm 0.88 i_ptm 0.62 energy -41.71
129 models [0] recycles 0 hard 0 soft 0 temp 0.44 loss 1.16 i_con 3.20 plddt 0.54 ptm 0.86 i_ptm 0.68 energy -41.71
130 models [2] recycles 0 hard 0 soft 0 temp 0.42 loss 1.66 i_con 3.70 plddt 0.38 ptm 0.87 i_ptm 0.53 energy -42.01
131 models [3] recycles 0 hard 0 soft 0 temp 0.40 loss 1.41 i_con 3.49 plddt 0.46 ptm 0.87 i_ptm 0.58 energy -42.52
132 models [4] recycles 0 hard 0 soft 0 temp 0.38 loss 1.71 i_con 3.81 plddt 0.35 ptm 0.89 i_ptm 0.47 energy -43.18
133 models [1] recycles 0 hard 0 soft 0 temp 0.36 loss 2.15 i_con 4.25 plddt 0.29 ptm 0.86 i_ptm 0.25 energy -43.39
134 models [3] recycles 0 hard 0 soft 0 temp 0.34 loss 1.62 i_con 3.73 plddt 0.38 ptm 0.87 i_ptm 0.53 energy -43.31
135 models [3] recycles 0 hard 0 soft 0 temp 0.32 loss 1.08 i_con 3.25 plddt 0.53 ptm 0.88 i_ptm 0.67 energy -44.37
136 models [4] recycles 0 hard 0 soft 0 temp 0.30 loss 1.57 i_con 3.74 plddt 0.38 ptm 0.89 i_ptm 0.50 energy -44.65
137 models [1] recycles 0 hard 0 soft 0 temp 0.28 loss 1.88 i_con 4.09 plddt 0.30 ptm 0.86 i_ptm 0.31 energy -45.54
138 models [2] recycles 0 hard 0 soft 0 temp 0.26 loss 1.34 i_con 3.57 plddt 0.46 ptm 0.88 i_ptm 0.57 energy -45.63
139 models [1] recycles 0 hard 0 soft 0 temp 0.24 loss 2.76 i_con 4.97 plddt 0.26 ptm 0.85 i_ptm 0.18 energy -45.64
140 models [1] recycles 0 hard 0 soft 0 temp 0.22 loss 0.89 i_con 3.11 plddt 0.55 ptm 0.89 i_ptm 0.71 energy -45.31
141 models [2] recycles 0 hard 0 soft 0 temp 0.20 loss 1.37 i_con 3.60 plddt 0.45 ptm 0.88 i_ptm 0.57 energy -45.76
142 models [1] recycles 0 hard 0 soft 0 temp 0.18 loss 1.49 i_con 3.71 plddt 0.41 ptm 0.87 i_ptm 0.54 energy -45.54
143 models [0] recycles 0 hard 0 soft 0 temp 0.16 loss 1.22 i_con 3.44 plddt 0.49 ptm 0.87 i_ptm 0.63 energy -45.54
144 models [4] recycles 0 hard 0 soft 0 temp 0.14 loss 1.29 i_con 3.55 plddt 0.45 ptm 0.89 i_ptm 0.60 energy -46.35
145 models [1] recycles 0 hard 0 soft 0 temp 0.12 loss 2.36 i_con 4.61 plddt 0.25 ptm 0.85 i_ptm 0.12 energy -46.58
146 models [0] recycles 0 hard 0 soft 0 temp 0.10 loss 1.34 i_con 3.59 plddt 0.44 ptm 0.86 i_ptm 0.55 energy -46.10
147 models [3] recycles 0 hard 0 soft 0 temp 0.08 loss 1.07 i_con 3.38 plddt 0.50 ptm 0.88 i_ptm 0.65 energy -47.19
148 models [1] recycles 0 hard 0 soft 0 temp 0.06 loss 1.76 i_con 4.06 plddt 0.29 ptm 0.86 i_ptm 0.32 energy -47.38
149 models [3] recycles 0 hard 0 soft 0 temp 0.04 loss 0.80 i_con 3.14 plddt 0.55 ptm 0.88 i_ptm 0.68 energy -47.80
150 models [4] recycles 0 hard 0 soft 0 temp 0.02 loss 1.33 i_con 3.66 plddt 0.41 ptm 0.89 i_ptm 0.54 energy -47.77
151 models [1] recycles 0 hard 1 soft 0 temp 0.00 loss 4.15 i_con 6.66 plddt 0.28 ptm 0.86 i_ptm 0.35 energy -5.17
152 models [1] recycles 0 hard 1 soft 0 temp 0.00 loss 4.15 i_con 6.66 plddt 0.28 ptm 0.86 i_ptm 0.35 energy -5.17
153 models [2] recycles 0 hard 1 soft 0 temp 0.00 loss 0.40 i_con 2.94 plddt 0.61 ptm 0.89 i_ptm 0.77 energy -5.17
154 models [2] recycles 0 hard 1 soft 0 temp 0.00 loss 0.40 i_con 2.94 plddt 0.61 ptm 0.89 i_ptm 0.77 energy -5.17
155 models [2] recycles 0 hard 1 soft 0 temp 0.00 loss 0.40 i_con 2.94 plddt 0.61 ptm 0.89 i_ptm 0.77 energy -5.17
156 models [2] recycles 0 hard 1 soft 0 temp 0.00 loss 0.40 i_con 2.94 plddt 0.61 ptm 0.89 i_ptm 0.77 energy -5.17
157 models [1] recycles 0 hard 1 soft 0 temp 0.00 loss 4.15 i_con 6.66 plddt 0.28 ptm 0.86 i_ptm 0.35 energy -5.17
158 models [2] recycles 0 hard 1 soft 0 temp 0.00 loss 0.40 i_con 2.94 plddt 0.61 ptm 0.89 i_ptm 0.77 energy -5.17
159 models [4] recycles 0 hard 1 soft 0 temp 0.00 loss 2.84 i_con 5.35 plddt 0.21 ptm 0.87 i_ptm 0.19 energy -5.17
160 models [3] recycles 0 hard 1 soft 0 temp 0.00 loss 0.96 i_con 3.48 plddt 0.43 ptm 0.88 i_ptm 0.61 energy -5.17
161 models [0] recycles 0 hard 1 soft 0 temp 0.00 loss 1.35 i_con 3.86 plddt 0.28 ptm 0.85 i_ptm 0.40 energy -5.17
162 models [4] recycles 0 hard 1 soft 0 temp 0.00 loss 2.84 i_con 5.35 plddt 0.21 ptm 0.87 i_ptm 0.19 energy -5.17
163 models [1] recycles 0 hard 1 soft 0 temp 0.00 loss 4.15 i_con 6.66 plddt 0.28 ptm 0.86 i_ptm 0.35 energy -5.17
164 models [2] recycles 0 hard 1 soft 0 temp 0.00 loss 0.40 i_con 2.94 plddt 0.61 ptm 0.89 i_ptm 0.77 energy -5.17
165 models [2] recycles 0 hard 1 soft 0 temp 0.00 loss 0.40 i_con 2.94 plddt 0.61 ptm 0.89 i_ptm 0.77 energy -5.17
166 models [3] recycles 0 hard 1 soft 0 temp 0.00 loss 0.96 i_con 3.48 plddt 0.43 ptm 0.88 i_ptm 0.61 energy -5.17
167 models [3] recycles 0 hard 1 soft 0 temp 0.00 loss 0.96 i_con 3.48 plddt 0.43 ptm 0.88 i_ptm 0.61 energy -5.17
168 models [1] recycles 0 hard 1 soft 0 temp 0.00 loss 4.15 i_con 6.66 plddt 0.28 ptm 0.86 i_ptm 0.35 energy -5.17
169 models [3] recycles 0 hard 1 soft 0 temp 0.00 loss 0.96 i_con 3.48 plddt 0.43 ptm 0.88 i_ptm 0.61 energy -5.17
170 models [2] recycles 0 hard 1 soft 0 temp 0.00 loss 0.40 i_con 2.94 plddt 0.61 ptm 0.89 i_ptm 0.77 energy -5.17
171 models [2] recycles 0 hard 1 soft 0 temp 0.00 loss 0.40 i_con 2.94 plddt 0.61 ptm 0.89 i_ptm 0.77 energy -5.17
172 models [0] recycles 0 hard 1 soft 0 temp 0.00 loss 1.35 i_con 3.86 plddt 0.28 ptm 0.85 i_ptm 0.40 energy -5.17
173 models [1] recycles 0 hard 1 soft 0 temp 0.00 loss 4.15 i_con 6.66 plddt 0.28 ptm 0.86 i_ptm 0.35 energy -5.17
174 models [1] recycles 0 hard 1 soft 0 temp 0.00 loss 4.15 i_con 6.66 plddt 0.28 ptm 0.86 i_ptm 0.35 energy -5.17
175 models [4] recycles 0 hard 1 soft 0 temp 0.00 loss 2.84 i_con 5.35 plddt 0.21 ptm 0.87 i_ptm 0.19 energy -5.17
176 models [0] recycles 0 hard 1 soft 0 temp 0.00 loss 1.35 i_con 3.86 plddt 0.28 ptm 0.85 i_ptm 0.40 energy -5.17
177 models [4] recycles 0 hard 1 soft 0 temp 0.00 loss 2.84 i_con 5.35 plddt 0.21 ptm 0.87 i_ptm 0.19 energy -5.17
178 models [0] recycles 0 hard 1 soft 0 temp 0.00 loss 1.35 i_con 3.86 plddt 0.28 ptm 0.85 i_ptm 0.40 energy -5.17
179 models [4] recycles 0 hard 1 soft 0 temp 0.00 loss 2.84 i_con 5.35 plddt 0.21 ptm 0.87 i_ptm 0.19 energy -5.17
180 models [0] recycles 0 hard 1 soft 0 temp 0.00 loss 1.35 i_con 3.86 plddt 0.28 ptm 0.85 i_ptm 0.40 energy -5.17
  seq=AKSKAWCHVFFGGPC  loss=1.3477  loss_af=3.9338  energy=-5.1722  i_ptm=0.3967
[11/20] seed=10 ...
1 models [0] recycles 0 hard 0 soft 1 temp 1 loss 4.89 i_con 4.44 plddt 0.24 ptm 0.84 i_ptm 0.17 energy 7.39
2 models [3] recycles 0 hard 0 soft 1 temp 1 loss 4.26 i_con 3.84 plddt 0.33 ptm 0.86 i_ptm 0.40 energy 7.14
3 models [0] recycles 0 hard 0 soft 1 temp 1 loss 4.95 i_con 4.55 plddt 0.26 ptm 0.83 i_ptm 0.18 energy 6.52
4 models [1] recycles 0 hard 0 soft 1 temp 1 loss 4.74 i_con 4.34 plddt 0.23 ptm 0.86 i_ptm 0.21 energy 6.30
5 models [1] recycles 0 hard 0 soft 1 temp 1 loss 4.62 i_con 4.25 plddt 0.24 ptm 0.86 i_ptm 0.23 energy 5.94
6 models [4] recycles 0 hard 0 soft 1 temp 1 loss 4.46 i_con 4.12 plddt 0.28 ptm 0.88 i_ptm 0.32 energy 5.44
7 models [3] recycles 0 hard 0 soft 1 temp 1 loss 4.11 i_con 3.81 plddt 0.34 ptm 0.86 i_ptm 0.43 energy 4.82
8 models [1] recycles 0 hard 0 soft 1 temp 1 loss 4.52 i_con 4.22 plddt 0.24 ptm 0.86 i_ptm 0.25 energy 4.39
9 models [0] recycles 0 hard 0 soft 1 temp 1 loss 4.50 i_con 4.22 plddt 0.27 ptm 0.84 i_ptm 0.27 energy 4.04
10 models [0] recycles 0 hard 0 soft 1 temp 1 loss 4.46 i_con 4.20 plddt 0.26 ptm 0.84 i_ptm 0.25 energy 3.66
11 models [2] recycles 0 hard 0 soft 1 temp 1 loss 4.11 i_con 3.88 plddt 0.34 ptm 0.87 i_ptm 0.44 energy 3.39
12 models [3] recycles 0 hard 0 soft 1 temp 1 loss 4.07 i_con 3.85 plddt 0.32 ptm 0.85 i_ptm 0.39 energy 3.02
13 models [2] recycles 0 hard 0 soft 1 temp 1 loss 3.81 i_con 3.61 plddt 0.40 ptm 0.88 i_ptm 0.53 energy 2.78
14 models [0] recycles 0 hard 0 soft 1 temp 1 loss 4.22 i_con 4.02 plddt 0.30 ptm 0.84 i_ptm 0.35 energy 2.69
15 models [3] recycles 0 hard 0 soft 1 temp 1 loss 3.98 i_con 3.78 plddt 0.34 ptm 0.86 i_ptm 0.46 energy 2.62
16 models [3] recycles 0 hard 0 soft 1 temp 1 loss 3.97 i_con 3.78 plddt 0.34 ptm 0.87 i_ptm 0.43 energy 2.45
17 models [3] recycles 0 hard 0 soft 1 temp 1 loss 4.01 i_con 3.84 plddt 0.32 ptm 0.86 i_ptm 0.43 energy 2.10
18 models [1] recycles 0 hard 0 soft 1 temp 1 loss 4.52 i_con 4.36 plddt 0.22 ptm 0.85 i_ptm 0.19 energy 1.68
19 models [3] recycles 0 hard 0 soft 1 temp 1 loss 3.82 i_con 3.67 plddt 0.35 ptm 0.86 i_ptm 0.49 energy 1.73
20 models [1] recycles 0 hard 0 soft 1 temp 1 loss 4.17 i_con 4.02 plddt 0.27 ptm 0.87 i_ptm 0.30 energy 1.53
21 models [0] recycles 0 hard 0 soft 1 temp 1 loss 4.07 i_con 3.94 plddt 0.31 ptm 0.84 i_ptm 0.40 energy 1.17
22 models [0] recycles 0 hard 0 soft 1 temp 1 loss 4.03 i_con 3.92 plddt 0.32 ptm 0.84 i_ptm 0.39 energy 0.88
23 models [0] recycles 0 hard 0 soft 1 temp 1 loss 3.92 i_con 3.82 plddt 0.35 ptm 0.85 i_ptm 0.45 energy 0.58
24 models [3] recycles 0 hard 0 soft 1 temp 1 loss 3.76 i_con 3.69 plddt 0.40 ptm 0.86 i_ptm 0.50 energy 0.20
25 models [3] recycles 0 hard 0 soft 1 temp 1 loss 3.81 i_con 3.73 plddt 0.33 ptm 0.86 i_ptm 0.43 energy 0.21
26 models [1] recycles 0 hard 0 soft 1 temp 1 loss 4.24 i_con 4.17 plddt 0.27 ptm 0.86 i_ptm 0.27 energy -0.05
27 models [2] recycles 0 hard 0 soft 1 temp 1 loss 3.79 i_con 3.73 plddt 0.37 ptm 0.86 i_ptm 0.48 energy -0.19
28 models [0] recycles 0 hard 0 soft 1 temp 1 loss 3.85 i_con 3.81 plddt 0.36 ptm 0.85 i_ptm 0.45 energy -0.55
29 models [3] recycles 0 hard 0 soft 1 temp 1 loss 3.82 i_con 3.79 plddt 0.34 ptm 0.86 i_ptm 0.43 energy -0.71
30 models [4] recycles 0 hard 0 soft 1 temp 1 loss 3.79 i_con 3.77 plddt 0.36 ptm 0.88 i_ptm 0.46 energy -0.84
31 models [1] recycles 0 hard 0 soft 1 temp 1 loss 3.90 i_con 3.88 plddt 0.31 ptm 0.88 i_ptm 0.38 energy -1.10
32 models [0] recycles 0 hard 0 soft 1 temp 1 loss 3.94 i_con 3.94 plddt 0.30 ptm 0.85 i_ptm 0.39 energy -1.43
33 models [2] recycles 0 hard 0 soft 1 temp 1 loss 3.75 i_con 3.77 plddt 0.34 ptm 0.86 i_ptm 0.47 energy -1.74
34 models [1] recycles 0 hard 0 soft 1 temp 1 loss 5.33 i_con 5.34 plddt 0.24 ptm 0.85 i_ptm 0.21 energy -1.83
35 models [3] recycles 0 hard 0 soft 1 temp 1 loss 3.68 i_con 3.72 plddt 0.36 ptm 0.87 i_ptm 0.47 energy -2.01
36 models [3] recycles 0 hard 0 soft 1 temp 1 loss 3.66 i_con 3.71 plddt 0.35 ptm 0.86 i_ptm 0.45 energy -2.36
37 models [1] recycles 0 hard 0 soft 1 temp 1 loss 3.86 i_con 3.92 plddt 0.30 ptm 0.86 i_ptm 0.37 energy -2.57
38 models [1] recycles 0 hard 0 soft 1 temp 1 loss 4.03 i_con 4.09 plddt 0.27 ptm 0.86 i_ptm 0.27 energy -2.67
39 models [2] recycles 0 hard 0 soft 1 temp 1 loss 3.62 i_con 3.70 plddt 0.38 ptm 0.86 i_ptm 0.49 energy -2.92
40 models [1] recycles 0 hard 0 soft 1 temp 1 loss 3.91 i_con 3.99 plddt 0.27 ptm 0.86 i_ptm 0.33 energy -3.02
41 models [2] recycles 0 hard 0 soft 1 temp 1 loss 3.69 i_con 3.78 plddt 0.35 ptm 0.87 i_ptm 0.44 energy -3.07
42 models [0] recycles 0 hard 0 soft 1 temp 1 loss 3.78 i_con 3.87 plddt 0.33 ptm 0.85 i_ptm 0.41 energy -3.12
43 models [3] recycles 0 hard 0 soft 1 temp 1 loss 3.67 i_con 3.76 plddt 0.37 ptm 0.87 i_ptm 0.47 energy -3.12
44 models [0] recycles 0 hard 0 soft 1 temp 1 loss 3.75 i_con 3.85 plddt 0.34 ptm 0.85 i_ptm 0.42 energy -3.20
45 models [1] recycles 0 hard 0 soft 1 temp 1 loss 3.77 i_con 3.86 plddt 0.31 ptm 0.87 i_ptm 0.39 energy -3.23
46 models [1] recycles 0 hard 0 soft 1 temp 1 loss 3.83 i_con 3.92 plddt 0.30 ptm 0.86 i_ptm 0.36 energy -3.27
47 models [2] recycles 0 hard 0 soft 1 temp 1 loss 3.64 i_con 3.74 plddt 0.34 ptm 0.87 i_ptm 0.45 energy -3.30
48 models [2] recycles 0 hard 0 soft 1 temp 1 loss 3.68 i_con 3.78 plddt 0.35 ptm 0.88 i_ptm 0.43 energy -3.34
49 models [2] recycles 0 hard 0 soft 1 temp 1 loss 3.57 i_con 3.67 plddt 0.38 ptm 0.87 i_ptm 0.51 energy -3.31
50 models [4] recycles 0 hard 0 soft 1 temp 1 loss 3.55 i_con 3.65 plddt 0.38 ptm 0.89 i_ptm 0.52 energy -3.33
51 models [4] recycles 0 hard 0 soft 1 temp 1 loss 3.06 i_con 3.67 plddt 0.38 ptm 0.89 i_ptm 0.49 energy -3.36
52 models [4] recycles 0 hard 0 soft 1 temp 1 loss 3.07 i_con 3.71 plddt 0.37 ptm 0.89 i_ptm 0.47 energy -3.54
53 models [0] recycles 0 hard 0 soft 1 temp 1 loss 3.20 i_con 3.86 plddt 0.35 ptm 0.85 i_ptm 0.43 energy -3.65
54 models [0] recycles 0 hard 0 soft 1 temp 1 loss 3.18 i_con 3.88 plddt 0.35 ptm 0.84 i_ptm 0.40 energy -3.83
55 models [4] recycles 0 hard 0 soft 1 temp 1 loss 3.05 i_con 3.79 plddt 0.36 ptm 0.88 i_ptm 0.48 energy -4.03
56 models [0] recycles 0 hard 0 soft 1 temp 1 loss 3.07 i_con 3.83 plddt 0.37 ptm 0.84 i_ptm 0.45 energy -4.14
57 models [1] recycles 0 hard 0 soft 1 temp 1 loss 3.11 i_con 3.89 plddt 0.32 ptm 0.86 i_ptm 0.39 energy -4.26
58 models [2] recycles 0 hard 0 soft 1 temp 1 loss 3.05 i_con 3.88 plddt 0.32 ptm 0.86 i_ptm 0.43 energy -4.46
59 models [1] recycles 0 hard 0 soft 1 temp 1 loss 3.39 i_con 4.23 plddt 0.25 ptm 0.86 i_ptm 0.21 energy -4.60
60 models [1] recycles 0 hard 0 soft 1 temp 1 loss 3.22 i_con 4.06 plddt 0.27 ptm 0.86 i_ptm 0.30 energy -4.56
61 models [0] recycles 0 hard 0 soft 1 temp 1 loss 2.92 i_con 3.80 plddt 0.36 ptm 0.86 i_ptm 0.45 energy -4.69
62 models [2] recycles 0 hard 0 soft 1 temp 1 loss 3.00 i_con 3.90 plddt 0.32 ptm 0.86 i_ptm 0.42 energy -4.80
63 models [3] recycles 0 hard 0 soft 1 temp 1 loss 2.75 i_con 3.65 plddt 0.38 ptm 0.86 i_ptm 0.49 energy -4.83
64 models [1] recycles 0 hard 0 soft 1 temp 1 loss 2.85 i_con 3.77 plddt 0.33 ptm 0.87 i_ptm 0.45 energy -4.93
65 models [2] recycles 0 hard 0 soft 1 temp 1 loss 2.88 i_con 3.82 plddt 0.33 ptm 0.86 i_ptm 0.45 energy -5.04
66 models [0] recycles 0 hard 0 soft 1 temp 1 loss 2.92 i_con 3.86 plddt 0.37 ptm 0.85 i_ptm 0.43 energy -5.03
67 models [3] recycles 0 hard 0 soft 1 temp 1 loss 2.74 i_con 3.70 plddt 0.40 ptm 0.86 i_ptm 0.50 energy -5.08
68 models [2] recycles 0 hard 0 soft 1 temp 1 loss 2.71 i_con 3.70 plddt 0.38 ptm 0.87 i_ptm 0.49 energy -5.25
69 models [4] recycles 0 hard 0 soft 1 temp 1 loss 2.68 i_con 3.69 plddt 0.39 ptm 0.88 i_ptm 0.49 energy -5.35
70 models [4] recycles 0 hard 0 soft 1 temp 1 loss 2.66 i_con 3.68 plddt 0.38 ptm 0.89 i_ptm 0.48 energy -5.39
71 models [4] recycles 0 hard 0 soft 1 temp 1 loss 2.67 i_con 3.70 plddt 0.37 ptm 0.88 i_ptm 0.48 energy -5.46
72 models [2] recycles 0 hard 0 soft 1 temp 1 loss 2.67 i_con 3.72 plddt 0.41 ptm 0.86 i_ptm 0.50 energy -5.54
73 models [2] recycles 0 hard 0 soft 1 temp 1 loss 2.65 i_con 3.71 plddt 0.38 ptm 0.87 i_ptm 0.50 energy -5.61
74 models [3] recycles 0 hard 0 soft 1 temp 1 loss 2.71 i_con 3.78 plddt 0.33 ptm 0.86 i_ptm 0.46 energy -5.69
75 models [0] recycles 0 hard 0 soft 1 temp 1 loss 2.74 i_con 3.81 plddt 0.37 ptm 0.85 i_ptm 0.45 energy -5.71
76 models [3] recycles 0 hard 0 soft 1 temp 1 loss 2.61 i_con 3.71 plddt 0.37 ptm 0.87 i_ptm 0.48 energy -5.80
77 models [0] recycles 0 hard 0 soft 1 temp 1 loss 2.65 i_con 3.77 plddt 0.39 ptm 0.85 i_ptm 0.49 energy -5.87
78 models [4] recycles 0 hard 0 soft 1 temp 1 loss 2.52 i_con 3.65 plddt 0.40 ptm 0.89 i_ptm 0.49 energy -5.94
79 models [2] recycles 0 hard 0 soft 1 temp 1 loss 2.61 i_con 3.74 plddt 0.35 ptm 0.87 i_ptm 0.49 energy -5.96
80 models [0] recycles 0 hard 0 soft 1 temp 1 loss 2.79 i_con 3.93 plddt 0.31 ptm 0.84 i_ptm 0.41 energy -6.05
81 models [3] recycles 0 hard 0 soft 1 temp 1 loss 2.57 i_con 3.73 plddt 0.38 ptm 0.86 i_ptm 0.48 energy -6.10
82 models [1] recycles 0 hard 0 soft 1 temp 1 loss 3.78 i_con 4.95 plddt 0.23 ptm 0.86 i_ptm 0.17 energy -6.27
83 models [2] recycles 0 hard 0 soft 1 temp 1 loss 2.64 i_con 3.81 plddt 0.36 ptm 0.87 i_ptm 0.46 energy -6.16
84 models [3] recycles 0 hard 0 soft 1 temp 1 loss 3.34 i_con 4.51 plddt 0.31 ptm 0.85 i_ptm 0.23 energy -6.18
85 models [4] recycles 0 hard 0 soft 1 temp 1 loss 2.72 i_con 3.89 plddt 0.30 ptm 0.88 i_ptm 0.40 energy -6.20
86 models [2] recycles 0 hard 0 soft 1 temp 1 loss 2.52 i_con 3.69 plddt 0.39 ptm 0.87 i_ptm 0.52 energy -6.16
87 models [0] recycles 0 hard 0 soft 1 temp 1 loss 2.91 i_con 4.10 plddt 0.29 ptm 0.84 i_ptm 0.26 energy -6.29
88 models [3] recycles 0 hard 0 soft 1 temp 1 loss 2.62 i_con 3.83 plddt 0.34 ptm 0.86 i_ptm 0.43 energy -6.38
89 models [4] recycles 0 hard 0 soft 1 temp 1 loss 2.63 i_con 3.84 plddt 0.32 ptm 0.88 i_ptm 0.41 energy -6.40
90 models [4] recycles 0 hard 0 soft 1 temp 1 loss 2.62 i_con 3.83 plddt 0.34 ptm 0.88 i_ptm 0.43 energy -6.37
91 models [0] recycles 0 hard 0 soft 1 temp 1 loss 2.77 i_con 4.00 plddt 0.33 ptm 0.85 i_ptm 0.33 energy -6.45
92 models [2] recycles 0 hard 0 soft 1 temp 1 loss 2.58 i_con 3.80 plddt 0.35 ptm 0.87 i_ptm 0.43 energy -6.43
93 models [2] recycles 0 hard 0 soft 1 temp 1 loss 2.49 i_con 3.72 plddt 0.39 ptm 0.87 i_ptm 0.50 energy -6.47
94 models [2] recycles 0 hard 0 soft 1 temp 1 loss 2.60 i_con 3.85 plddt 0.33 ptm 0.87 i_ptm 0.42 energy -6.58
95 models [4] recycles 0 hard 0 soft 1 temp 1 loss 2.69 i_con 3.95 plddt 0.32 ptm 0.88 i_ptm 0.35 energy -6.65
96 models [1] recycles 0 hard 0 soft 1 temp 1 loss 4.15 i_con 5.43 plddt 0.27 ptm 0.85 i_ptm 0.19 energy -6.79
97 models [3] recycles 0 hard 0 soft 1 temp 1 loss 2.43 i_con 3.71 plddt 0.39 ptm 0.86 i_ptm 0.50 energy -6.70
98 models [0] recycles 0 hard 0 soft 1 temp 1 loss 2.98 i_con 4.27 plddt 0.25 ptm 0.84 i_ptm 0.21 energy -6.80
99 models [0] recycles 0 hard 0 soft 1 temp 1 loss 3.13 i_con 4.43 plddt 0.24 ptm 0.83 i_ptm 0.19 energy -6.90
100 models [1] recycles 0 hard 0 soft 1 temp 1 loss 2.76 i_con 4.07 plddt 0.28 ptm 0.87 i_ptm 0.29 energy -6.94
101 models [2] recycles 0 hard 0 soft 0 temp 1 loss 3.98 i_con 5.95 plddt 0.27 ptm 0.86 i_ptm 0.23 energy -40.75
102 models [0] recycles 0 hard 0 soft 0 temp 0.98 loss 2.45 i_con 4.41 plddt 0.23 ptm 0.84 i_ptm 0.18 energy -40.67
103 models [4] recycles 0 hard 0 soft 0 temp 0.96 loss 4.00 i_con 5.96 plddt 0.21 ptm 0.83 i_ptm 0.14 energy -40.84
104 models [4] recycles 0 hard 0 soft 0 temp 0.94 loss 3.58 i_con 5.54 plddt 0.22 ptm 0.73 i_ptm 0.09 energy -40.74
105 models [0] recycles 0 hard 0 soft 0 temp 0.92 loss 4.26 i_con 6.23 plddt 0.29 ptm 0.84 i_ptm 0.15 energy -40.79
106 models [1] recycles 0 hard 0 soft 0 temp 0.90 loss 3.85 i_con 5.84 plddt 0.25 ptm 0.86 i_ptm 0.14 energy -41.36
107 models [3] recycles 0 hard 0 soft 0 temp 0.88 loss 3.04 i_con 5.04 plddt 0.23 ptm 0.85 i_ptm 0.17 energy -41.43
108 models [0] recycles 0 hard 0 soft 0 temp 0.86 loss 2.12 i_con 4.11 plddt 0.27 ptm 0.84 i_ptm 0.30 energy -41.15
109 models [0] recycles 0 hard 0 soft 0 temp 0.84 loss 2.49 i_con 4.50 plddt 0.24 ptm 0.83 i_ptm 0.16 energy -41.64
110 models [1] recycles 0 hard 0 soft 0 temp 0.82 loss 3.50 i_con 5.50 plddt 0.24 ptm 0.85 i_ptm 0.13 energy -41.68
111 models [1] recycles 0 hard 0 soft 0 temp 0.80 loss 3.74 i_con 5.74 plddt 0.24 ptm 0.85 i_ptm 0.12 energy -41.66
112 models [0] recycles 0 hard 0 soft 0 temp 0.78 loss 2.68 i_con 4.70 plddt 0.24 ptm 0.83 i_ptm 0.15 energy -41.96
113 models [2] recycles 0 hard 0 soft 0 temp 0.76 loss 3.67 i_con 5.71 plddt 0.24 ptm 0.85 i_ptm 0.16 energy -42.36
114 models [3] recycles 0 hard 0 soft 0 temp 0.74 loss 2.80 i_con 4.86 plddt 0.25 ptm 0.84 i_ptm 0.22 energy -42.68
115 models [2] recycles 0 hard 0 soft 0 temp 0.72 loss 3.81 i_con 5.87 plddt 0.26 ptm 0.85 i_ptm 0.16 energy -42.64
116 models [0] recycles 0 hard 0 soft 0 temp 0.70 loss 2.40 i_con 4.46 plddt 0.24 ptm 0.84 i_ptm 0.19 energy -42.71
117 models [4] recycles 0 hard 0 soft 0 temp 0.68 loss 3.61 i_con 5.66 plddt 0.22 ptm 0.88 i_ptm 0.15 energy -42.47
118 models [1] recycles 0 hard 0 soft 0 temp 0.66 loss 3.98 i_con 6.03 plddt 0.27 ptm 0.86 i_ptm 0.14 energy -42.37
119 models [3] recycles 0 hard 0 soft 0 temp 0.64 loss 3.38 i_con 5.45 plddt 0.21 ptm 0.83 i_ptm 0.22 energy -42.95
120 models [3] recycles 0 hard 0 soft 0 temp 0.62 loss -0.03 i_con 2.05 plddt 0.25 ptm 0.56 i_ptm 0.57 energy -43.01
121 models [4] recycles 0 hard 0 soft 0 temp 0.60 loss 1.92 i_con 3.98 plddt 0.20 ptm 0.33 i_ptm 0.41 energy -42.83
122 models [3] recycles 0 hard 0 soft 0 temp 0.58 loss -1.72 i_con 0.38 plddt 0.45 ptm 0.77 i_ptm 0.75 energy -43.08
123 models [2] recycles 0 hard 0 soft 0 temp 0.56 loss 3.21 i_con 5.29 plddt 0.20 ptm 0.37 i_ptm 0.17 energy -43.27
124 models [2] recycles 0 hard 0 soft 0 temp 0.54 loss 3.34 i_con 5.46 plddt 0.24 ptm 0.73 i_ptm 0.13 energy -43.80
125 models [4] recycles 0 hard 0 soft 0 temp 0.52 loss 1.63 i_con 3.75 plddt 0.17 ptm 0.30 i_ptm 0.34 energy -44.11
126 models [3] recycles 0 hard 0 soft 0 temp 0.50 loss 3.58 i_con 5.72 plddt 0.25 ptm 0.82 i_ptm 0.14 energy -44.28
127 models [3] recycles 0 hard 0 soft 0 temp 0.48 loss -1.52 i_con 0.64 plddt 0.38 ptm 0.81 i_ptm 0.81 energy -44.57
128 models [4] recycles 0 hard 0 soft 0 temp 0.46 loss 3.99 i_con 6.15 plddt 0.21 ptm 0.86 i_ptm 0.11 energy -44.75
129 models [4] recycles 0 hard 0 soft 0 temp 0.44 loss -1.78 i_con 0.37 plddt 0.22 ptm 0.92 i_ptm 0.91 energy -44.54
130 models [0] recycles 0 hard 0 soft 0 temp 0.42 loss 2.21 i_con 4.35 plddt 0.21 ptm 0.38 i_ptm 0.47 energy -44.37
131 models [3] recycles 0 hard 0 soft 0 temp 0.40 loss -1.82 i_con 0.33 plddt 0.29 ptm 0.86 i_ptm 0.86 energy -44.45
132 models [1] recycles 0 hard 0 soft 0 temp 0.38 loss -0.32 i_con 1.82 plddt 0.24 ptm 0.75 i_ptm 0.68 energy -44.35
133 models [4] recycles 0 hard 0 soft 0 temp 0.36 loss -2.07 i_con 0.08 plddt 0.32 ptm 0.95 i_ptm 0.95 energy -44.39
134 models [1] recycles 0 hard 0 soft 0 temp 0.34 loss 2.59 i_con 4.75 plddt 0.25 ptm 0.83 i_ptm 0.07 energy -44.62
135 models [3] recycles 0 hard 0 soft 0 temp 0.32 loss 2.90 i_con 5.06 plddt 0.21 ptm 0.86 i_ptm 0.12 energy -44.62
136 models [2] recycles 0 hard 0 soft 0 temp 0.30 loss 2.44 i_con 4.61 plddt 0.21 ptm 0.80 i_ptm 0.11 energy -44.94
137 models [3] recycles 0 hard 0 soft 0 temp 0.28 loss 3.17 i_con 5.36 plddt 0.21 ptm 0.85 i_ptm 0.11 energy -45.24
138 models [4] recycles 0 hard 0 soft 0 temp 0.26 loss 3.12 i_con 5.31 plddt 0.19 ptm 0.87 i_ptm 0.10 energy -45.43
139 models [1] recycles 0 hard 0 soft 0 temp 0.24 loss 3.68 i_con 5.87 plddt 0.28 ptm 0.86 i_ptm 0.15 energy -45.18
140 models [4] recycles 0 hard 0 soft 0 temp 0.22 loss 3.39 i_con 5.56 plddt 0.22 ptm 0.85 i_ptm 0.13 energy -44.99
141 models [1] recycles 0 hard 0 soft 0 temp 0.20 loss 2.74 i_con 4.90 plddt 0.26 ptm 0.84 i_ptm 0.11 energy -44.79
142 models [0] recycles 0 hard 0 soft 0 temp 0.18 loss 2.80 i_con 4.97 plddt 0.21 ptm 0.14 i_ptm 0.09 energy -44.84
143 models [3] recycles 0 hard 0 soft 0 temp 0.16 loss 2.28 i_con 4.46 plddt 0.20 ptm 0.24 i_ptm 0.44 energy -45.11
144 models [3] recycles 0 hard 0 soft 0 temp 0.14 loss 2.50 i_con 4.67 plddt 0.22 ptm 0.85 i_ptm 0.13 energy -44.82
145 models [2] recycles 0 hard 0 soft 0 temp 0.12 loss 0.88 i_con 3.04 plddt 0.27 ptm 0.58 i_ptm 0.49 energy -44.64
146 models [4] recycles 0 hard 0 soft 0 temp 0.10 loss 2.17 i_con 4.33 plddt 0.17 ptm 0.39 i_ptm 0.39 energy -44.91
147 models [1] recycles 0 hard 0 soft 0 temp 0.08 loss 1.60 i_con 3.76 plddt 0.24 ptm 0.64 i_ptm 0.54 energy -44.80
148 models [2] recycles 0 hard 0 soft 0 temp 0.06 loss -1.24 i_con 0.94 plddt 0.32 ptm 0.63 i_ptm 0.68 energy -44.92
149 models [4] recycles 0 hard 0 soft 0 temp 0.04 loss 0.18 i_con 2.34 plddt 0.35 ptm 0.72 i_ptm 0.64 energy -44.48
150 models [2] recycles 0 hard 0 soft 0 temp 0.02 loss 0.84 i_con 2.99 plddt 0.28 ptm 0.59 i_ptm 0.57 energy -44.45
151 models [4] recycles 0 hard 1 soft 0 temp 0.00 loss 0.83 i_con 4.44 plddt 0.22 ptm 0.87 i_ptm 0.25 energy -7.38
152 models [1] recycles 0 hard 1 soft 0 temp 0.00 loss 1.87 i_con 5.48 plddt 0.23 ptm 0.85 i_ptm 0.17 energy -7.38
153 models [3] recycles 0 hard 1 soft 0 temp 0.00 loss 0.40 i_con 4.01 plddt 0.27 ptm 0.85 i_ptm 0.35 energy -7.38
154 models [1] recycles 0 hard 1 soft 0 temp 0.00 loss 1.87 i_con 5.48 plddt 0.23 ptm 0.85 i_ptm 0.17 energy -7.38
155 models [1] recycles 0 hard 1 soft 0 temp 0.00 loss 1.87 i_con 5.48 plddt 0.23 ptm 0.85 i_ptm 0.17 energy -7.38
156 models [1] recycles 0 hard 1 soft 0 temp 0.00 loss 1.87 i_con 5.48 plddt 0.23 ptm 0.85 i_ptm 0.17 energy -7.38
157 models [0] recycles 0 hard 1 soft 0 temp 0.00 loss 0.27 i_con 3.89 plddt 0.30 ptm 0.84 i_ptm 0.40 energy -7.38
158 models [4] recycles 0 hard 1 soft 0 temp 0.00 loss 0.83 i_con 4.44 plddt 0.22 ptm 0.87 i_ptm 0.25 energy -7.38
159 models [2] recycles 0 hard 1 soft 0 temp 0.00 loss 0.51 i_con 4.12 plddt 0.26 ptm 0.86 i_ptm 0.31 energy -7.38
160 models [4] recycles 0 hard 1 soft 0 temp 0.00 loss 0.83 i_con 4.44 plddt 0.22 ptm 0.87 i_ptm 0.25 energy -7.38
161 models [1] recycles 0 hard 1 soft 0 temp 0.00 loss 1.87 i_con 5.48 plddt 0.23 ptm 0.85 i_ptm 0.17 energy -7.38
162 models [3] recycles 0 hard 1 soft 0 temp 0.00 loss 0.40 i_con 4.01 plddt 0.27 ptm 0.85 i_ptm 0.35 energy -7.38
163 models [4] recycles 0 hard 1 soft 0 temp 0.00 loss 0.83 i_con 4.44 plddt 0.22 ptm 0.87 i_ptm 0.25 energy -7.38
164 models [0] recycles 0 hard 1 soft 0 temp 0.00 loss 0.27 i_con 3.89 plddt 0.30 ptm 0.84 i_ptm 0.40 energy -7.38
165 models [1] recycles 0 hard 1 soft 0 temp 0.00 loss 1.87 i_con 5.48 plddt 0.23 ptm 0.85 i_ptm 0.17 energy -7.38
166 models [1] recycles 0 hard 1 soft 0 temp 0.00 loss 1.87 i_con 5.48 plddt 0.23 ptm 0.85 i_ptm 0.17 energy -7.38
167 models [1] recycles 0 hard 1 soft 0 temp 0.00 loss 1.87 i_con 5.48 plddt 0.23 ptm 0.85 i_ptm 0.17 energy -7.38
168 models [0] recycles 0 hard 1 soft 0 temp 0.00 loss 0.27 i_con 3.89 plddt 0.30 ptm 0.84 i_ptm 0.40 energy -7.38
169 models [3] recycles 0 hard 1 soft 0 temp 0.00 loss 0.40 i_con 4.01 plddt 0.27 ptm 0.85 i_ptm 0.35 energy -7.38
170 models [2] recycles 0 hard 1 soft 0 temp 0.00 loss 0.51 i_con 4.12 plddt 0.26 ptm 0.86 i_ptm 0.31 energy -7.38
171 models [1] recycles 0 hard 1 soft 0 temp 0.00 loss 1.87 i_con 5.48 plddt 0.23 ptm 0.85 i_ptm 0.17 energy -7.38
172 models [4] recycles 0 hard 1 soft 0 temp 0.00 loss 0.83 i_con 4.44 plddt 0.22 ptm 0.87 i_ptm 0.25 energy -7.38
173 models [4] recycles 0 hard 1 soft 0 temp 0.00 loss 0.83 i_con 4.44 plddt 0.22 ptm 0.87 i_ptm 0.25 energy -7.38
174 models [2] recycles 0 hard 1 soft 0 temp 0.00 loss 0.51 i_con 4.12 plddt 0.26 ptm 0.86 i_ptm 0.31 energy -7.38
175 models [2] recycles 0 hard 1 soft 0 temp 0.00 loss 0.51 i_con 4.12 plddt 0.26 ptm 0.86 i_ptm 0.31 energy -7.38
176 models [0] recycles 0 hard 1 soft 0 temp 0.00 loss 0.27 i_con 3.89 plddt 0.30 ptm 0.84 i_ptm 0.40 energy -7.38
177 models [0] recycles 0 hard 1 soft 0 temp 0.00 loss 0.27 i_con 3.89 plddt 0.30 ptm 0.84 i_ptm 0.40 energy -7.38
178 models [2] recycles 0 hard 1 soft 0 temp 0.00 loss 0.51 i_con 4.12 plddt 0.26 ptm 0.86 i_ptm 0.31 energy -7.38
179 models [1] recycles 0 hard 1 soft 0 temp 0.00 loss 1.87 i_con 5.48 plddt 0.23 ptm 0.85 i_ptm 0.17 energy -7.38
180 models [4] recycles 0 hard 1 soft 0 temp 0.00 loss 0.83 i_con 4.44 plddt 0.22 ptm 0.87 i_ptm 0.25 energy -7.38
  seq=DWFWSSAMLNYNKDA  loss=0.8258  loss_af=4.5143  energy=-7.3769  i_ptm=0.2533
[12/20] seed=11 ...
1 models [0] recycles 0 hard 0 soft 1 temp 1 loss 5.78 i_con 5.33 plddt 0.24 ptm 0.84 i_ptm 0.23 energy 7.38
2 models [0] recycles 0 hard 0 soft 1 temp 1 loss 4.55 i_con 4.14 plddt 0.28 ptm 0.85 i_ptm 0.29 energy 6.87
3 models [2] recycles 0 hard 0 soft 1 temp 1 loss 4.28 i_con 3.91 plddt 0.33 ptm 0.87 i_ptm 0.39 energy 6.24
4 models [0] recycles 0 hard 0 soft 1 temp 1 loss 4.44 i_con 4.08 plddt 0.28 ptm 0.84 i_ptm 0.31 energy 5.67
5 models [3] recycles 0 hard 0 soft 1 temp 1 loss 4.20 i_con 3.87 plddt 0.31 ptm 0.86 i_ptm 0.41 energy 5.20
6 models [0] recycles 0 hard 0 soft 1 temp 1 loss 4.59 i_con 4.29 plddt 0.26 ptm 0.84 i_ptm 0.24 energy 4.61
7 models [4] recycles 0 hard 0 soft 1 temp 1 loss 4.09 i_con 3.82 plddt 0.36 ptm 0.88 i_ptm 0.46 energy 4.14
8 models [3] recycles 0 hard 0 soft 1 temp 1 loss 4.00 i_con 3.75 plddt 0.36 ptm 0.86 i_ptm 0.46 energy 3.67
9 models [0] recycles 0 hard 0 soft 1 temp 1 loss 4.50 i_con 4.26 plddt 0.28 ptm 0.83 i_ptm 0.25 energy 3.40
10 models [2] recycles 0 hard 0 soft 1 temp 1 loss 3.96 i_con 3.73 plddt 0.38 ptm 0.87 i_ptm 0.48 energy 3.28
11 models [3] recycles 0 hard 0 soft 1 temp 1 loss 3.96 i_con 3.75 plddt 0.35 ptm 0.86 i_ptm 0.46 energy 2.97
12 models [3] recycles 0 hard 0 soft 1 temp 1 loss 3.94 i_con 3.74 plddt 0.35 ptm 0.86 i_ptm 0.46 energy 2.65
13 models [0] recycles 0 hard 0 soft 1 temp 1 loss 4.74 i_con 4.55 plddt 0.22 ptm 0.83 i_ptm 0.17 energy 2.29
14 models [2] recycles 0 hard 0 soft 1 temp 1 loss 4.06 i_con 3.88 plddt 0.34 ptm 0.86 i_ptm 0.40 energy 2.28
15 models [0] recycles 0 hard 0 soft 1 temp 1 loss 4.33 i_con 4.16 plddt 0.29 ptm 0.84 i_ptm 0.29 energy 2.00
16 models [2] recycles 0 hard 0 soft 1 temp 1 loss 5.37 i_con 5.19 plddt 0.23 ptm 0.84 i_ptm 0.15 energy 2.02
17 models [2] recycles 0 hard 0 soft 1 temp 1 loss 3.92 i_con 3.76 plddt 0.36 ptm 0.87 i_ptm 0.45 energy 1.88
18 models [1] recycles 0 hard 0 soft 1 temp 1 loss 4.25 i_con 4.10 plddt 0.26 ptm 0.87 i_ptm 0.29 energy 1.59
19 models [4] recycles 0 hard 0 soft 1 temp 1 loss 3.91 i_con 3.77 plddt 0.33 ptm 0.88 i_ptm 0.42 energy 1.44
20 models [3] recycles 0 hard 0 soft 1 temp 1 loss 3.79 i_con 3.67 plddt 0.36 ptm 0.86 i_ptm 0.47 energy 1.10
21 models [1] recycles 0 hard 0 soft 1 temp 1 loss 4.24 i_con 4.13 plddt 0.26 ptm 0.86 i_ptm 0.27 energy 0.72
22 models [1] recycles 0 hard 0 soft 1 temp 1 loss 4.80 i_con 4.71 plddt 0.26 ptm 0.85 i_ptm 0.19 energy 0.48
23 models [2] recycles 0 hard 0 soft 1 temp 1 loss 3.87 i_con 3.80 plddt 0.35 ptm 0.87 i_ptm 0.45 energy 0.20
24 models [4] recycles 0 hard 0 soft 1 temp 1 loss 3.87 i_con 3.81 plddt 0.29 ptm 0.88 i_ptm 0.45 energy -0.16
25 models [3] recycles 0 hard 0 soft 1 temp 1 loss 3.83 i_con 3.79 plddt 0.34 ptm 0.86 i_ptm 0.44 energy -0.55
26 models [2] recycles 0 hard 0 soft 1 temp 1 loss 3.65 i_con 3.63 plddt 0.42 ptm 0.86 i_ptm 0.54 energy -0.65
27 models [4] recycles 0 hard 0 soft 1 temp 1 loss 3.73 i_con 3.71 plddt 0.36 ptm 0.88 i_ptm 0.50 energy -0.87
28 models [0] recycles 0 hard 0 soft 1 temp 1 loss 3.93 i_con 3.92 plddt 0.33 ptm 0.85 i_ptm 0.39 energy -1.15
29 models [2] recycles 0 hard 0 soft 1 temp 1 loss 3.77 i_con 3.80 plddt 0.38 ptm 0.87 i_ptm 0.46 energy -1.75
30 models [2] recycles 0 hard 0 soft 1 temp 1 loss 3.77 i_con 3.81 plddt 0.36 ptm 0.86 i_ptm 0.46 energy -2.10
31 models [3] recycles 0 hard 0 soft 1 temp 1 loss 3.73 i_con 3.77 plddt 0.35 ptm 0.86 i_ptm 0.44 energy -2.11
32 models [1] recycles 0 hard 0 soft 1 temp 1 loss 4.87 i_con 4.92 plddt 0.27 ptm 0.85 i_ptm 0.15 energy -2.44
33 models [4] recycles 0 hard 0 soft 1 temp 1 loss 3.71 i_con 3.77 plddt 0.34 ptm 0.88 i_ptm 0.45 energy -2.48
34 models [4] recycles 0 hard 0 soft 1 temp 1 loss 4.84 i_con 4.90 plddt 0.26 ptm 0.86 i_ptm 0.19 energy -2.67
35 models [0] recycles 0 hard 0 soft 1 temp 1 loss 4.50 i_con 4.56 plddt 0.27 ptm 0.83 i_ptm 0.16 energy -2.72
36 models [4] recycles 0 hard 0 soft 1 temp 1 loss 3.84 i_con 3.91 plddt 0.28 ptm 0.88 i_ptm 0.38 energy -2.85
37 models [0] recycles 0 hard 0 soft 1 temp 1 loss 3.83 i_con 3.90 plddt 0.33 ptm 0.85 i_ptm 0.43 energy -2.83
38 models [1] recycles 0 hard 0 soft 1 temp 1 loss 3.88 i_con 3.94 plddt 0.27 ptm 0.86 i_ptm 0.37 energy -2.67
39 models [0] recycles 0 hard 0 soft 1 temp 1 loss 3.71 i_con 3.78 plddt 0.36 ptm 0.85 i_ptm 0.47 energy -2.63
40 models [1] recycles 0 hard 0 soft 1 temp 1 loss 4.68 i_con 4.74 plddt 0.23 ptm 0.85 i_ptm 0.12 energy -2.83
41 models [3] recycles 0 hard 0 soft 1 temp 1 loss 3.71 i_con 3.78 plddt 0.34 ptm 0.86 i_ptm 0.46 energy -2.70
42 models [3] recycles 0 hard 0 soft 1 temp 1 loss 3.66 i_con 3.74 plddt 0.35 ptm 0.87 i_ptm 0.49 energy -2.86
43 models [4] recycles 0 hard 0 soft 1 temp 1 loss 3.76 i_con 3.85 plddt 0.33 ptm 0.88 i_ptm 0.44 energy -3.05
44 models [3] recycles 0 hard 0 soft 1 temp 1 loss 3.60 i_con 3.69 plddt 0.35 ptm 0.87 i_ptm 0.49 energy -3.15
45 models [2] recycles 0 hard 0 soft 1 temp 1 loss 3.82 i_con 3.92 plddt 0.33 ptm 0.86 i_ptm 0.40 energy -3.34
46 models [4] recycles 0 hard 0 soft 1 temp 1 loss 3.67 i_con 3.76 plddt 0.33 ptm 0.88 i_ptm 0.46 energy -3.23
47 models [3] recycles 0 hard 0 soft 1 temp 1 loss 3.65 i_con 3.75 plddt 0.35 ptm 0.87 i_ptm 0.50 energy -3.17
48 models [4] recycles 0 hard 0 soft 1 temp 1 loss 3.73 i_con 3.82 plddt 0.31 ptm 0.88 i_ptm 0.42 energy -3.34
49 models [1] recycles 0 hard 0 soft 1 temp 1 loss 3.70 i_con 3.80 plddt 0.33 ptm 0.87 i_ptm 0.43 energy -3.27
50 models [0] recycles 0 hard 0 soft 1 temp 1 loss 3.81 i_con 3.91 plddt 0.33 ptm 0.84 i_ptm 0.40 energy -3.31
51 models [1] recycles 0 hard 0 soft 1 temp 1 loss 4.78 i_con 5.38 plddt 0.23 ptm 0.86 i_ptm 0.13 energy -3.34
52 models [4] recycles 0 hard 0 soft 1 temp 1 loss 3.08 i_con 3.69 plddt 0.35 ptm 0.88 i_ptm 0.49 energy -3.36
53 models [0] recycles 0 hard 0 soft 1 temp 1 loss 3.21 i_con 3.84 plddt 0.35 ptm 0.85 i_ptm 0.44 energy -3.48
54 models [2] recycles 0 hard 0 soft 1 temp 1 loss 3.08 i_con 3.77 plddt 0.35 ptm 0.87 i_ptm 0.46 energy -3.77
55 models [0] recycles 0 hard 0 soft 1 temp 1 loss 3.12 i_con 3.84 plddt 0.36 ptm 0.84 i_ptm 0.45 energy -3.90
56 models [4] recycles 0 hard 0 soft 1 temp 1 loss 3.20 i_con 3.96 plddt 0.28 ptm 0.88 i_ptm 0.34 energy -4.16
57 models [0] recycles 0 hard 0 soft 1 temp 1 loss 3.04 i_con 3.82 plddt 0.31 ptm 0.85 i_ptm 0.42 energy -4.24
58 models [4] recycles 0 hard 0 soft 1 temp 1 loss 2.94 i_con 3.71 plddt 0.35 ptm 0.88 i_ptm 0.48 energy -4.20
59 models [1] recycles 0 hard 0 soft 1 temp 1 loss 3.93 i_con 4.73 plddt 0.24 ptm 0.85 i_ptm 0.15 energy -4.37
60 models [4] recycles 0 hard 0 soft 1 temp 1 loss 3.04 i_con 3.84 plddt 0.31 ptm 0.88 i_ptm 0.43 energy -4.37
61 models [2] recycles 0 hard 0 soft 1 temp 1 loss 2.90 i_con 3.76 plddt 0.36 ptm 0.87 i_ptm 0.47 energy -4.64
62 models [3] recycles 0 hard 0 soft 1 temp 1 loss 2.76 i_con 3.61 plddt 0.39 ptm 0.86 i_ptm 0.53 energy -4.55
63 models [3] recycles 0 hard 0 soft 1 temp 1 loss 2.92 i_con 3.79 plddt 0.35 ptm 0.86 i_ptm 0.47 energy -4.68
64 models [1] recycles 0 hard 0 soft 1 temp 1 loss 4.69 i_con 5.55 plddt 0.24 ptm 0.86 i_ptm 0.18 energy -4.69
65 models [0] recycles 0 hard 0 soft 1 temp 1 loss 3.01 i_con 3.84 plddt 0.33 ptm 0.85 i_ptm 0.44 energy -4.53
66 models [1] recycles 0 hard 0 soft 1 temp 1 loss 3.26 i_con 4.14 plddt 0.27 ptm 0.86 i_ptm 0.27 energy -4.76
67 models [4] recycles 0 hard 0 soft 1 temp 1 loss 3.05 i_con 3.93 plddt 0.30 ptm 0.88 i_ptm 0.38 energy -4.73
68 models [1] recycles 0 hard 0 soft 1 temp 1 loss 3.10 i_con 3.98 plddt 0.30 ptm 0.87 i_ptm 0.36 energy -4.76
69 models [2] recycles 0 hard 0 soft 1 temp 1 loss 2.83 i_con 3.72 plddt 0.37 ptm 0.87 i_ptm 0.47 energy -4.77
70 models [0] recycles 0 hard 0 soft 1 temp 1 loss 3.02 i_con 3.90 plddt 0.35 ptm 0.84 i_ptm 0.40 energy -4.74
71 models [4] recycles 0 hard 0 soft 1 temp 1 loss 2.93 i_con 3.84 plddt 0.30 ptm 0.88 i_ptm 0.45 energy -4.91
72 models [0] recycles 0 hard 0 soft 1 temp 1 loss 2.93 i_con 3.89 plddt 0.36 ptm 0.85 i_ptm 0.44 energy -5.12
73 models [0] recycles 0 hard 0 soft 1 temp 1 loss 2.90 i_con 3.87 plddt 0.35 ptm 0.85 i_ptm 0.42 energy -5.17
74 models [1] recycles 0 hard 0 soft 1 temp 1 loss 3.18 i_con 4.16 plddt 0.28 ptm 0.86 i_ptm 0.29 energy -5.26
75 models [1] recycles 0 hard 0 soft 1 temp 1 loss 3.12 i_con 4.08 plddt 0.27 ptm 0.86 i_ptm 0.30 energy -5.18
76 models [0] recycles 0 hard 0 soft 1 temp 1 loss 2.92 i_con 3.88 plddt 0.34 ptm 0.84 i_ptm 0.42 energy -5.14
77 models [4] recycles 0 hard 0 soft 1 temp 1 loss 3.18 i_con 4.14 plddt 0.26 ptm 0.87 i_ptm 0.29 energy -5.14
78 models [4] recycles 0 hard 0 soft 1 temp 1 loss 2.95 i_con 3.88 plddt 0.31 ptm 0.88 i_ptm 0.42 energy -5.02
79 models [1] recycles 0 hard 0 soft 1 temp 1 loss 4.02 i_con 4.98 plddt 0.23 ptm 0.85 i_ptm 0.12 energy -5.22
80 models [3] recycles 0 hard 0 soft 1 temp 1 loss 3.18 i_con 4.13 plddt 0.25 ptm 0.85 i_ptm 0.25 energy -5.09
81 models [2] recycles 0 hard 0 soft 1 temp 1 loss 2.85 i_con 3.81 plddt 0.34 ptm 0.87 i_ptm 0.46 energy -5.13
82 models [2] recycles 0 hard 0 soft 1 temp 1 loss 2.76 i_con 3.71 plddt 0.40 ptm 0.87 i_ptm 0.50 energy -5.10
83 models [4] recycles 0 hard 0 soft 1 temp 1 loss 2.86 i_con 3.85 plddt 0.32 ptm 0.88 i_ptm 0.43 energy -5.32
84 models [0] recycles 0 hard 0 soft 1 temp 1 loss 2.98 i_con 3.97 plddt 0.34 ptm 0.85 i_ptm 0.38 energy -5.27
85 models [4] recycles 0 hard 0 soft 1 temp 1 loss 2.73 i_con 3.73 plddt 0.35 ptm 0.88 i_ptm 0.51 energy -5.35
86 models [4] recycles 0 hard 0 soft 1 temp 1 loss 2.97 i_con 3.98 plddt 0.33 ptm 0.87 i_ptm 0.39 energy -5.39
87 models [0] recycles 0 hard 0 soft 1 temp 1 loss 3.10 i_con 4.12 plddt 0.32 ptm 0.84 i_ptm 0.32 energy -5.47
88 models [4] recycles 0 hard 0 soft 1 temp 1 loss 2.78 i_con 3.81 plddt 0.34 ptm 0.88 i_ptm 0.44 energy -5.52
89 models [4] recycles 0 hard 0 soft 1 temp 1 loss 2.64 i_con 3.71 plddt 0.37 ptm 0.89 i_ptm 0.51 energy -5.67
90 models [2] recycles 0 hard 0 soft 1 temp 1 loss 2.81 i_con 3.90 plddt 0.34 ptm 0.86 i_ptm 0.45 energy -5.79
91 models [2] recycles 0 hard 0 soft 1 temp 1 loss 2.71 i_con 3.81 plddt 0.36 ptm 0.87 i_ptm 0.50 energy -5.82
92 models [0] recycles 0 hard 0 soft 1 temp 1 loss 2.84 i_con 3.97 plddt 0.30 ptm 0.85 i_ptm 0.41 energy -5.98
93 models [2] recycles 0 hard 0 soft 1 temp 1 loss 2.76 i_con 3.91 plddt 0.33 ptm 0.86 i_ptm 0.41 energy -6.08
94 models [2] recycles 0 hard 0 soft 1 temp 1 loss 2.69 i_con 3.87 plddt 0.32 ptm 0.87 i_ptm 0.45 energy -6.23
95 models [2] recycles 0 hard 0 soft 1 temp 1 loss 2.57 i_con 3.76 plddt 0.36 ptm 0.86 i_ptm 0.48 energy -6.24
96 models [4] recycles 0 hard 0 soft 1 temp 1 loss 2.87 i_con 4.06 plddt 0.28 ptm 0.87 i_ptm 0.35 energy -6.31
97 models [2] recycles 0 hard 0 soft 1 temp 1 loss 2.80 i_con 3.96 plddt 0.30 ptm 0.86 i_ptm 0.40 energy -6.18
98 models [4] recycles 0 hard 0 soft 1 temp 1 loss 2.61 i_con 3.79 plddt 0.34 ptm 0.89 i_ptm 0.49 energy -6.23
99 models [4] recycles 0 hard 0 soft 1 temp 1 loss 2.54 i_con 3.76 plddt 0.39 ptm 0.88 i_ptm 0.50 energy -6.40
100 models [4] recycles 0 hard 0 soft 1 temp 1 loss 2.84 i_con 4.04 plddt 0.27 ptm 0.88 i_ptm 0.35 energy -6.38
101 models [3] recycles 0 hard 0 soft 0 temp 1 loss 3.68 i_con 5.15 plddt 0.23 ptm 0.85 i_ptm 0.15 energy -30.87
102 models [4] recycles 0 hard 0 soft 0 temp 0.98 loss 4.12 i_con 5.60 plddt 0.25 ptm 0.87 i_ptm 0.15 energy -31.08
103 models [0] recycles 0 hard 0 soft 0 temp 0.96 loss 2.59 i_con 4.08 plddt 0.27 ptm 0.84 i_ptm 0.33 energy -31.28
104 models [3] recycles 0 hard 0 soft 0 temp 0.94 loss 3.81 i_con 5.32 plddt 0.26 ptm 0.85 i_ptm 0.20 energy -31.70
105 models [0] recycles 0 hard 0 soft 0 temp 0.92 loss 2.56 i_con 4.07 plddt 0.30 ptm 0.84 i_ptm 0.34 energy -31.56
106 models [0] recycles 0 hard 0 soft 0 temp 0.90 loss 2.44 i_con 3.98 plddt 0.30 ptm 0.84 i_ptm 0.40 energy -32.29
107 models [2] recycles 0 hard 0 soft 0 temp 0.88 loss 2.43 i_con 4.03 plddt 0.27 ptm 0.86 i_ptm 0.37 energy -33.36
108 models [3] recycles 0 hard 0 soft 0 temp 0.86 loss 2.27 i_con 3.86 plddt 0.29 ptm 0.86 i_ptm 0.39 energy -33.28
109 models [2] recycles 0 hard 0 soft 0 temp 0.84 loss 2.15 i_con 3.80 plddt 0.34 ptm 0.87 i_ptm 0.45 energy -34.26
110 models [0] recycles 0 hard 0 soft 0 temp 0.82 loss 2.32 i_con 4.03 plddt 0.32 ptm 0.84 i_ptm 0.39 energy -35.55
111 models [4] recycles 0 hard 0 soft 0 temp 0.80 loss 3.91 i_con 5.67 plddt 0.26 ptm 0.88 i_ptm 0.27 energy -36.53
112 models [1] recycles 0 hard 0 soft 0 temp 0.78 loss 3.88 i_con 5.66 plddt 0.28 ptm 0.86 i_ptm 0.17 energy -37.08
113 models [0] recycles 0 hard 0 soft 0 temp 0.76 loss 2.34 i_con 4.13 plddt 0.27 ptm 0.84 i_ptm 0.29 energy -37.22
114 models [2] recycles 0 hard 0 soft 0 temp 0.74 loss 2.06 i_con 3.87 plddt 0.29 ptm 0.87 i_ptm 0.44 energy -37.57
115 models [3] recycles 0 hard 0 soft 0 temp 0.72 loss 2.32 i_con 4.17 plddt 0.26 ptm 0.85 i_ptm 0.28 energy -38.48
116 models [4] recycles 0 hard 0 soft 0 temp 0.70 loss 2.01 i_con 3.87 plddt 0.28 ptm 0.88 i_ptm 0.40 energy -38.80
117 models [0] recycles 0 hard 0 soft 0 temp 0.68 loss 1.98 i_con 3.88 plddt 0.32 ptm 0.85 i_ptm 0.42 energy -39.29
118 models [3] recycles 0 hard 0 soft 0 temp 0.66 loss 1.84 i_con 3.81 plddt 0.32 ptm 0.86 i_ptm 0.44 energy -40.79
119 models [0] recycles 0 hard 0 soft 0 temp 0.64 loss 1.87 i_con 3.89 plddt 0.30 ptm 0.84 i_ptm 0.41 energy -41.92
120 models [3] recycles 0 hard 0 soft 0 temp 0.62 loss 1.67 i_con 3.74 plddt 0.34 ptm 0.86 i_ptm 0.47 energy -42.60
121 models [4] recycles 0 hard 0 soft 0 temp 0.60 loss 3.15 i_con 5.28 plddt 0.22 ptm 0.87 i_ptm 0.15 energy -44.20
122 models [4] recycles 0 hard 0 soft 0 temp 0.58 loss 2.01 i_con 4.13 plddt 0.24 ptm 0.88 i_ptm 0.30 energy -44.06
123 models [4] recycles 0 hard 0 soft 0 temp 0.56 loss 1.63 i_con 3.77 plddt 0.31 ptm 0.89 i_ptm 0.45 energy -44.05
124 models [1] recycles 0 hard 0 soft 0 temp 0.54 loss 3.60 i_con 5.79 plddt 0.26 ptm 0.86 i_ptm 0.20 energy -45.17
125 models [3] recycles 0 hard 0 soft 0 temp 0.52 loss 1.60 i_con 3.81 plddt 0.33 ptm 0.86 i_ptm 0.43 energy -45.56
126 models [0] recycles 0 hard 0 soft 0 temp 0.50 loss 1.58 i_con 3.82 plddt 0.35 ptm 0.85 i_ptm 0.45 energy -46.10
127 models [2] recycles 0 hard 0 soft 0 temp 0.48 loss 1.46 i_con 3.75 plddt 0.34 ptm 0.87 i_ptm 0.49 energy -47.19
128 models [4] recycles 0 hard 0 soft 0 temp 0.46 loss 1.48 i_con 3.83 plddt 0.31 ptm 0.89 i_ptm 0.45 energy -48.41
129 models [2] recycles 0 hard 0 soft 0 temp 0.44 loss 1.29 i_con 3.72 plddt 0.32 ptm 0.88 i_ptm 0.49 energy -49.86
130 models [4] recycles 0 hard 0 soft 0 temp 0.42 loss 1.32 i_con 3.83 plddt 0.29 ptm 0.88 i_ptm 0.43 energy -51.50
131 models [3] recycles 0 hard 0 soft 0 temp 0.40 loss 1.35 i_con 3.88 plddt 0.32 ptm 0.86 i_ptm 0.42 energy -51.92
132 models [4] recycles 0 hard 0 soft 0 temp 0.38 loss 1.17 i_con 3.72 plddt 0.34 ptm 0.88 i_ptm 0.46 energy -52.32
133 models [2] recycles 0 hard 0 soft 0 temp 0.36 loss 1.14 i_con 3.77 plddt 0.33 ptm 0.87 i_ptm 0.43 energy -54.02
134 models [1] recycles 0 hard 0 soft 0 temp 0.34 loss 3.07 i_con 5.73 plddt 0.27 ptm 0.86 i_ptm 0.18 energy -54.85
135 models [3] recycles 0 hard 0 soft 0 temp 0.32 loss 1.13 i_con 3.81 plddt 0.31 ptm 0.86 i_ptm 0.43 energy -54.98
136 models [4] recycles 0 hard 0 soft 0 temp 0.30 loss 0.99 i_con 3.74 plddt 0.32 ptm 0.89 i_ptm 0.43 energy -56.32
137 models [0] recycles 0 hard 0 soft 0 temp 0.28 loss 1.14 i_con 3.92 plddt 0.28 ptm 0.84 i_ptm 0.39 energy -57.04
138 models [2] recycles 0 hard 0 soft 0 temp 0.26 loss 1.04 i_con 3.88 plddt 0.32 ptm 0.87 i_ptm 0.44 energy -58.14
139 models [2] recycles 0 hard 0 soft 0 temp 0.24 loss 0.85 i_con 3.72 plddt 0.37 ptm 0.88 i_ptm 0.49 energy -58.66
140 models [1] recycles 0 hard 0 soft 0 temp 0.22 loss 0.93 i_con 3.85 plddt 0.29 ptm 0.87 i_ptm 0.41 energy -59.82
141 models [4] recycles 0 hard 0 soft 0 temp 0.20 loss 1.05 i_con 3.99 plddt 0.27 ptm 0.88 i_ptm 0.34 energy -60.25
142 models [0] recycles 0 hard 0 soft 0 temp 0.18 loss 0.90 i_con 3.85 plddt 0.33 ptm 0.85 i_ptm 0.41 energy -60.45
143 models [3] recycles 0 hard 0 soft 0 temp 0.16 loss 0.76 i_con 3.73 plddt 0.33 ptm 0.87 i_ptm 0.48 energy -60.70
144 models [3] recycles 0 hard 0 soft 0 temp 0.14 loss 0.77 i_con 3.74 plddt 0.34 ptm 0.86 i_ptm 0.46 energy -60.70
145 models [1] recycles 0 hard 0 soft 0 temp 0.12 loss 1.04 i_con 4.03 plddt 0.28 ptm 0.87 i_ptm 0.33 energy -61.35
146 models [3] recycles 0 hard 0 soft 0 temp 0.10 loss 0.65 i_con 3.70 plddt 0.35 ptm 0.87 i_ptm 0.48 energy -62.14
147 models [0] recycles 0 hard 0 soft 0 temp 0.08 loss 0.89 i_con 3.96 plddt 0.28 ptm 0.84 i_ptm 0.35 energy -62.92
148 models [2] recycles 0 hard 0 soft 0 temp 0.06 loss 0.53 i_con 3.62 plddt 0.41 ptm 0.87 i_ptm 0.52 energy -62.99
149 models [3] recycles 0 hard 0 soft 0 temp 0.04 loss 0.66 i_con 3.79 plddt 0.34 ptm 0.86 i_ptm 0.45 energy -63.84
150 models [2] recycles 0 hard 0 soft 0 temp 0.02 loss 0.58 i_con 3.75 plddt 0.36 ptm 0.87 i_ptm 0.47 energy -64.70
151 models [0] recycles 0 hard 1 soft 0 temp 0.00 loss 1.42 i_con 4.49 plddt 0.26 ptm 0.82 i_ptm 0.15 energy -6.28
152 models [3] recycles 0 hard 1 soft 0 temp 0.00 loss 2.28 i_con 5.34 plddt 0.24 ptm 0.84 i_ptm 0.21 energy -6.28
153 models [4] recycles 0 hard 1 soft 0 temp 0.00 loss 2.29 i_con 5.35 plddt 0.22 ptm 0.87 i_ptm 0.13 energy -6.28
154 models [1] recycles 0 hard 1 soft 0 temp 0.00 loss 3.34 i_con 6.41 plddt 0.29 ptm 0.86 i_ptm 0.25 energy -6.28
155 models [4] recycles 0 hard 1 soft 0 temp 0.00 loss 2.29 i_con 5.35 plddt 0.22 ptm 0.87 i_ptm 0.13 energy -6.28
156 models [0] recycles 0 hard 1 soft 0 temp 0.00 loss 1.42 i_con 4.49 plddt 0.26 ptm 0.82 i_ptm 0.15 energy -6.28
157 models [2] recycles 0 hard 1 soft 0 temp 0.00 loss 2.82 i_con 5.89 plddt 0.29 ptm 0.86 i_ptm 0.28 energy -6.28
158 models [1] recycles 0 hard 1 soft 0 temp 0.00 loss 3.34 i_con 6.41 plddt 0.29 ptm 0.86 i_ptm 0.25 energy -6.28
159 models [2] recycles 0 hard 1 soft 0 temp 0.00 loss 2.82 i_con 5.89 plddt 0.29 ptm 0.86 i_ptm 0.28 energy -6.28
160 models [3] recycles 0 hard 1 soft 0 temp 0.00 loss 2.28 i_con 5.34 plddt 0.24 ptm 0.84 i_ptm 0.21 energy -6.28
161 models [1] recycles 0 hard 1 soft 0 temp 0.00 loss 3.34 i_con 6.41 plddt 0.29 ptm 0.86 i_ptm 0.25 energy -6.28
162 models [2] recycles 0 hard 1 soft 0 temp 0.00 loss 2.82 i_con 5.89 plddt 0.29 ptm 0.86 i_ptm 0.28 energy -6.28
163 models [1] recycles 0 hard 1 soft 0 temp 0.00 loss 3.34 i_con 6.41 plddt 0.29 ptm 0.86 i_ptm 0.25 energy -6.28
164 models [1] recycles 0 hard 1 soft 0 temp 0.00 loss 3.34 i_con 6.41 plddt 0.29 ptm 0.86 i_ptm 0.25 energy -6.28
165 models [0] recycles 0 hard 1 soft 0 temp 0.00 loss 1.42 i_con 4.49 plddt 0.26 ptm 0.82 i_ptm 0.15 energy -6.28
166 models [2] recycles 0 hard 1 soft 0 temp 0.00 loss 2.82 i_con 5.89 plddt 0.29 ptm 0.86 i_ptm 0.28 energy -6.28
167 models [0] recycles 0 hard 1 soft 0 temp 0.00 loss 1.42 i_con 4.49 plddt 0.26 ptm 0.82 i_ptm 0.15 energy -6.28
168 models [3] recycles 0 hard 1 soft 0 temp 0.00 loss 2.28 i_con 5.34 plddt 0.24 ptm 0.84 i_ptm 0.21 energy -6.28
169 models [2] recycles 0 hard 1 soft 0 temp 0.00 loss 2.82 i_con 5.89 plddt 0.29 ptm 0.86 i_ptm 0.28 energy -6.28
170 models [3] recycles 0 hard 1 soft 0 temp 0.00 loss 2.28 i_con 5.34 plddt 0.24 ptm 0.84 i_ptm 0.21 energy -6.28
171 models [0] recycles 0 hard 1 soft 0 temp 0.00 loss 1.42 i_con 4.49 plddt 0.26 ptm 0.82 i_ptm 0.15 energy -6.28
172 models [3] recycles 0 hard 1 soft 0 temp 0.00 loss 2.28 i_con 5.34 plddt 0.24 ptm 0.84 i_ptm 0.21 energy -6.28
173 models [4] recycles 0 hard 1 soft 0 temp 0.00 loss 2.29 i_con 5.35 plddt 0.22 ptm 0.87 i_ptm 0.13 energy -6.28
174 models [1] recycles 0 hard 1 soft 0 temp 0.00 loss 3.34 i_con 6.41 plddt 0.29 ptm 0.86 i_ptm 0.25 energy -6.28
175 models [3] recycles 0 hard 1 soft 0 temp 0.00 loss 2.28 i_con 5.34 plddt 0.24 ptm 0.84 i_ptm 0.21 energy -6.28
176 models [1] recycles 0 hard 1 soft 0 temp 0.00 loss 3.34 i_con 6.41 plddt 0.29 ptm 0.86 i_ptm 0.25 energy -6.28
177 models [2] recycles 0 hard 1 soft 0 temp 0.00 loss 2.82 i_con 5.89 plddt 0.29 ptm 0.86 i_ptm 0.28 energy -6.28
178 models [3] recycles 0 hard 1 soft 0 temp 0.00 loss 2.28 i_con 5.34 plddt 0.24 ptm 0.84 i_ptm 0.21 energy -6.28
179 models [2] recycles 0 hard 1 soft 0 temp 0.00 loss 2.82 i_con 5.89 plddt 0.29 ptm 0.86 i_ptm 0.28 energy -6.28
180 models [0] recycles 0 hard 1 soft 0 temp 0.00 loss 1.42 i_con 4.49 plddt 0.26 ptm 0.82 i_ptm 0.15 energy -6.28
  seq=AIWWWCWESFYCRFA  loss=1.4243  loss_af=4.5657  energy=-6.2827  i_ptm=0.1515
[13/20] seed=12 ...
1 models [0] recycles 0 hard 0 soft 1 temp 1 loss 5.62 i_con 5.17 plddt 0.23 ptm 0.84 i_ptm 0.17 energy 7.36
2 models [0] recycles 0 hard 0 soft 1 temp 1 loss 5.00 i_con 4.58 plddt 0.23 ptm 0.83 i_ptm 0.20 energy 6.78
3 models [3] recycles 0 hard 0 soft 1 temp 1 loss 4.94 i_con 4.53 plddt 0.25 ptm 0.84 i_ptm 0.16 energy 6.56
4 models [4] recycles 0 hard 0 soft 1 temp 1 loss 4.61 i_con 4.21 plddt 0.26 ptm 0.87 i_ptm 0.28 energy 6.52
5 models [0] recycles 0 hard 0 soft 1 temp 1 loss 4.58 i_con 4.20 plddt 0.27 ptm 0.83 i_ptm 0.27 energy 6.19
6 models [3] recycles 0 hard 0 soft 1 temp 1 loss 4.12 i_con 3.77 plddt 0.39 ptm 0.86 i_ptm 0.48 energy 5.78
7 models [4] recycles 0 hard 0 soft 1 temp 1 loss 4.27 i_con 3.95 plddt 0.34 ptm 0.88 i_ptm 0.40 energy 5.05
8 models [3] recycles 0 hard 0 soft 1 temp 1 loss 4.03 i_con 3.73 plddt 0.38 ptm 0.86 i_ptm 0.49 energy 4.62
9 models [3] recycles 0 hard 0 soft 1 temp 1 loss 4.01 i_con 3.75 plddt 0.37 ptm 0.87 i_ptm 0.46 energy 3.96
10 models [4] recycles 0 hard 0 soft 1 temp 1 loss 4.31 i_con 4.08 plddt 0.29 ptm 0.88 i_ptm 0.33 energy 3.32
11 models [0] recycles 0 hard 0 soft 1 temp 1 loss 4.05 i_con 3.83 plddt 0.36 ptm 0.85 i_ptm 0.48 energy 3.09
12 models [0] recycles 0 hard 0 soft 1 temp 1 loss 4.02 i_con 3.82 plddt 0.38 ptm 0.85 i_ptm 0.49 energy 2.69
13 models [2] recycles 0 hard 0 soft 1 temp 1 loss 4.03 i_con 3.85 plddt 0.37 ptm 0.87 i_ptm 0.49 energy 2.48
14 models [4] recycles 0 hard 0 soft 1 temp 1 loss 4.06 i_con 3.89 plddt 0.32 ptm 0.88 i_ptm 0.43 energy 2.11
15 models [2] recycles 0 hard 0 soft 1 temp 1 loss 3.93 i_con 3.77 plddt 0.40 ptm 0.87 i_ptm 0.52 energy 2.00
16 models [4] recycles 0 hard 0 soft 1 temp 1 loss 4.01 i_con 3.86 plddt 0.33 ptm 0.89 i_ptm 0.45 energy 1.72
17 models [4] recycles 0 hard 0 soft 1 temp 1 loss 3.97 i_con 3.83 plddt 0.37 ptm 0.89 i_ptm 0.49 energy 1.49
18 models [2] recycles 0 hard 0 soft 1 temp 1 loss 3.98 i_con 3.85 plddt 0.36 ptm 0.87 i_ptm 0.49 energy 1.28
19 models [4] recycles 0 hard 0 soft 1 temp 1 loss 3.90 i_con 3.79 plddt 0.37 ptm 0.89 i_ptm 0.49 energy 1.09
20 models [2] recycles 0 hard 0 soft 1 temp 1 loss 3.88 i_con 3.78 plddt 0.37 ptm 0.88 i_ptm 0.48 energy 0.81
21 models [3] recycles 0 hard 0 soft 1 temp 1 loss 3.85 i_con 3.76 plddt 0.36 ptm 0.86 i_ptm 0.47 energy 0.53
22 models [0] recycles 0 hard 0 soft 1 temp 1 loss 4.04 i_con 3.97 plddt 0.33 ptm 0.85 i_ptm 0.38 energy 0.22
23 models [0] recycles 0 hard 0 soft 1 temp 1 loss 3.92 i_con 3.85 plddt 0.36 ptm 0.85 i_ptm 0.46 energy 0.07
24 models [1] recycles 0 hard 0 soft 1 temp 1 loss 3.89 i_con 3.84 plddt 0.34 ptm 0.87 i_ptm 0.46 energy -0.19
25 models [1] recycles 0 hard 0 soft 1 temp 1 loss 3.92 i_con 3.88 plddt 0.31 ptm 0.87 i_ptm 0.41 energy -0.42
26 models [4] recycles 0 hard 0 soft 1 temp 1 loss 3.76 i_con 3.72 plddt 0.40 ptm 0.89 i_ptm 0.53 energy -0.45
27 models [3] recycles 0 hard 0 soft 1 temp 1 loss 3.73 i_con 3.69 plddt 0.37 ptm 0.86 i_ptm 0.49 energy -0.50
28 models [3] recycles 0 hard 0 soft 1 temp 1 loss 3.58 i_con 3.56 plddt 0.43 ptm 0.87 i_ptm 0.56 energy -0.68
29 models [1] recycles 0 hard 0 soft 1 temp 1 loss 3.77 i_con 3.75 plddt 0.38 ptm 0.88 i_ptm 0.49 energy -0.70
30 models [2] recycles 0 hard 0 soft 1 temp 1 loss 3.53 i_con 3.51 plddt 0.42 ptm 0.88 i_ptm 0.58 energy -0.78
31 models [3] recycles 0 hard 0 soft 1 temp 1 loss 3.66 i_con 3.65 plddt 0.41 ptm 0.87 i_ptm 0.53 energy -0.88
32 models [4] recycles 0 hard 0 soft 1 temp 1 loss 4.09 i_con 4.08 plddt 0.28 ptm 0.87 i_ptm 0.29 energy -1.18
33 models [1] recycles 0 hard 0 soft 1 temp 1 loss 3.92 i_con 3.91 plddt 0.34 ptm 0.87 i_ptm 0.40 energy -1.07
34 models [3] recycles 0 hard 0 soft 1 temp 1 loss 3.68 i_con 3.69 plddt 0.41 ptm 0.88 i_ptm 0.54 energy -1.36
35 models [4] recycles 0 hard 0 soft 1 temp 1 loss 4.28 i_con 4.30 plddt 0.27 ptm 0.88 i_ptm 0.22 energy -1.82
36 models [2] recycles 0 hard 0 soft 1 temp 1 loss 3.63 i_con 3.65 plddt 0.40 ptm 0.87 i_ptm 0.55 energy -1.75
37 models [1] recycles 0 hard 0 soft 1 temp 1 loss 4.20 i_con 4.23 plddt 0.31 ptm 0.86 i_ptm 0.25 energy -2.00
38 models [1] recycles 0 hard 0 soft 1 temp 1 loss 4.15 i_con 4.17 plddt 0.28 ptm 0.86 i_ptm 0.24 energy -1.95
39 models [2] recycles 0 hard 0 soft 1 temp 1 loss 3.67 i_con 3.70 plddt 0.41 ptm 0.87 i_ptm 0.52 energy -1.96
40 models [1] recycles 0 hard 0 soft 1 temp 1 loss 4.01 i_con 4.05 plddt 0.31 ptm 0.87 i_ptm 0.31 energy -2.22
41 models [3] recycles 0 hard 0 soft 1 temp 1 loss 3.53 i_con 3.59 plddt 0.46 ptm 0.87 i_ptm 0.61 energy -2.19
42 models [3] recycles 0 hard 0 soft 1 temp 1 loss 3.49 i_con 3.54 plddt 0.42 ptm 0.88 i_ptm 0.63 energy -2.24
43 models [1] recycles 0 hard 0 soft 1 temp 1 loss 3.63 i_con 3.68 plddt 0.40 ptm 0.88 i_ptm 0.53 energy -2.30
44 models [0] recycles 0 hard 0 soft 1 temp 1 loss 3.69 i_con 3.75 plddt 0.43 ptm 0.86 i_ptm 0.50 energy -2.32
45 models [0] recycles 0 hard 0 soft 1 temp 1 loss 3.60 i_con 3.68 plddt 0.47 ptm 0.85 i_ptm 0.55 energy -2.52
46 models [2] recycles 0 hard 0 soft 1 temp 1 loss 3.55 i_con 3.63 plddt 0.45 ptm 0.87 i_ptm 0.57 energy -2.67
47 models [0] recycles 0 hard 0 soft 1 temp 1 loss 3.55 i_con 3.64 plddt 0.48 ptm 0.86 i_ptm 0.56 energy -2.78
48 models [0] recycles 0 hard 0 soft 1 temp 1 loss 3.67 i_con 3.75 plddt 0.42 ptm 0.85 i_ptm 0.50 energy -2.88
49 models [0] recycles 0 hard 0 soft 1 temp 1 loss 3.53 i_con 3.62 plddt 0.48 ptm 0.86 i_ptm 0.58 energy -2.91
50 models [3] recycles 0 hard 0 soft 1 temp 1 loss 3.41 i_con 3.50 plddt 0.41 ptm 0.88 i_ptm 0.62 energy -2.95
51 models [0] recycles 0 hard 0 soft 1 temp 1 loss 3.11 i_con 3.67 plddt 0.45 ptm 0.86 i_ptm 0.56 energy -3.04
52 models [2] recycles 0 hard 0 soft 1 temp 1 loss 2.84 i_con 3.40 plddt 0.47 ptm 0.88 i_ptm 0.67 energy -3.07
53 models [4] recycles 0 hard 0 soft 1 temp 1 loss 2.96 i_con 3.54 plddt 0.44 ptm 0.90 i_ptm 0.59 energy -3.22
54 models [3] recycles 0 hard 0 soft 1 temp 1 loss 4.27 i_con 4.86 plddt 0.26 ptm 0.84 i_ptm 0.16 energy -3.31
55 models [3] recycles 0 hard 0 soft 1 temp 1 loss 2.97 i_con 3.58 plddt 0.41 ptm 0.87 i_ptm 0.63 energy -3.31
56 models [1] recycles 0 hard 0 soft 1 temp 1 loss 3.52 i_con 4.12 plddt 0.33 ptm 0.86 i_ptm 0.32 energy -3.36
57 models [2] recycles 0 hard 0 soft 1 temp 1 loss 2.83 i_con 3.42 plddt 0.44 ptm 0.88 i_ptm 0.67 energy -3.26
58 models [2] recycles 0 hard 0 soft 1 temp 1 loss 2.86 i_con 3.48 plddt 0.44 ptm 0.88 i_ptm 0.64 energy -3.39
59 models [0] recycles 0 hard 0 soft 1 temp 1 loss 2.80 i_con 3.46 plddt 0.43 ptm 0.86 i_ptm 0.64 energy -3.56
60 models [4] recycles 0 hard 0 soft 1 temp 1 loss 2.90 i_con 3.58 plddt 0.39 ptm 0.89 i_ptm 0.62 energy -3.70
61 models [1] recycles 0 hard 0 soft 1 temp 1 loss 4.69 i_con 5.39 plddt 0.26 ptm 0.85 i_ptm 0.17 energy -3.88
62 models [0] recycles 0 hard 0 soft 1 temp 1 loss 2.95 i_con 3.66 plddt 0.46 ptm 0.85 i_ptm 0.56 energy -3.85
63 models [2] recycles 0 hard 0 soft 1 temp 1 loss 2.86 i_con 3.60 plddt 0.44 ptm 0.87 i_ptm 0.61 energy -3.99
64 models [4] recycles 0 hard 0 soft 1 temp 1 loss 2.74 i_con 3.49 plddt 0.41 ptm 0.90 i_ptm 0.64 energy -4.06
65 models [1] recycles 0 hard 0 soft 1 temp 1 loss 4.75 i_con 5.51 plddt 0.30 ptm 0.85 i_ptm 0.18 energy -4.18
66 models [3] recycles 0 hard 0 soft 1 temp 1 loss 2.80 i_con 3.57 plddt 0.43 ptm 0.88 i_ptm 0.64 energy -4.13
67 models [0] recycles 0 hard 0 soft 1 temp 1 loss 2.64 i_con 3.45 plddt 0.44 ptm 0.87 i_ptm 0.67 energy -4.32
68 models [2] recycles 0 hard 0 soft 1 temp 1 loss 2.82 i_con 3.63 plddt 0.41 ptm 0.87 i_ptm 0.60 energy -4.35
69 models [4] recycles 0 hard 0 soft 1 temp 1 loss 4.97 i_con 5.77 plddt 0.31 ptm 0.87 i_ptm 0.22 energy -4.36
70 models [1] recycles 0 hard 0 soft 1 temp 1 loss 4.64 i_con 5.45 plddt 0.33 ptm 0.86 i_ptm 0.20 energy -4.42
71 models [0] recycles 0 hard 0 soft 1 temp 1 loss 2.63 i_con 3.46 plddt 0.42 ptm 0.86 i_ptm 0.67 energy -4.43
72 models [1] recycles 0 hard 0 soft 1 temp 1 loss 4.62 i_con 5.46 plddt 0.32 ptm 0.86 i_ptm 0.21 energy -4.53
73 models [1] recycles 0 hard 0 soft 1 temp 1 loss 4.83 i_con 5.67 plddt 0.34 ptm 0.86 i_ptm 0.20 energy -4.53
74 models [2] recycles 0 hard 0 soft 1 temp 1 loss 2.68 i_con 3.52 plddt 0.47 ptm 0.88 i_ptm 0.63 energy -4.50
75 models [1] recycles 0 hard 0 soft 1 temp 1 loss 4.44 i_con 5.29 plddt 0.32 ptm 0.86 i_ptm 0.23 energy -4.57
76 models [4] recycles 0 hard 0 soft 1 temp 1 loss 2.58 i_con 3.44 plddt 0.46 ptm 0.90 i_ptm 0.67 energy -4.55
77 models [3] recycles 0 hard 0 soft 1 temp 1 loss 2.49 i_con 3.36 plddt 0.43 ptm 0.87 i_ptm 0.70 energy -4.59
78 models [2] recycles 0 hard 0 soft 1 temp 1 loss 2.51 i_con 3.39 plddt 0.46 ptm 0.88 i_ptm 0.69 energy -4.64
79 models [2] recycles 0 hard 0 soft 1 temp 1 loss 2.44 i_con 3.34 plddt 0.48 ptm 0.88 i_ptm 0.70 energy -4.75
80 models [4] recycles 0 hard 0 soft 1 temp 1 loss 2.63 i_con 3.52 plddt 0.41 ptm 0.89 i_ptm 0.63 energy -4.77
81 models [4] recycles 0 hard 0 soft 1 temp 1 loss 2.61 i_con 3.49 plddt 0.44 ptm 0.89 i_ptm 0.66 energy -4.69
82 models [2] recycles 0 hard 0 soft 1 temp 1 loss 2.57 i_con 3.45 plddt 0.45 ptm 0.88 i_ptm 0.67 energy -4.68
83 models [3] recycles 0 hard 0 soft 1 temp 1 loss 2.52 i_con 3.42 plddt 0.42 ptm 0.88 i_ptm 0.69 energy -4.80
84 models [0] recycles 0 hard 0 soft 1 temp 1 loss 2.67 i_con 3.57 plddt 0.40 ptm 0.86 i_ptm 0.58 energy -4.81
85 models [2] recycles 0 hard 0 soft 1 temp 1 loss 2.33 i_con 3.25 plddt 0.49 ptm 0.89 i_ptm 0.73 energy -4.86
86 models [4] recycles 0 hard 0 soft 1 temp 1 loss 2.61 i_con 3.52 plddt 0.45 ptm 0.89 i_ptm 0.64 energy -4.87
87 models [2] recycles 0 hard 0 soft 1 temp 1 loss 2.47 i_con 3.37 plddt 0.47 ptm 0.88 i_ptm 0.69 energy -4.80
88 models [3] recycles 0 hard 0 soft 1 temp 1 loss 2.22 i_con 3.17 plddt 0.46 ptm 0.88 i_ptm 0.76 energy -5.00
89 models [3] recycles 0 hard 0 soft 1 temp 1 loss 2.42 i_con 3.39 plddt 0.44 ptm 0.88 i_ptm 0.68 energy -5.10
90 models [2] recycles 0 hard 0 soft 1 temp 1 loss 2.34 i_con 3.31 plddt 0.46 ptm 0.88 i_ptm 0.72 energy -5.12
91 models [3] recycles 0 hard 0 soft 1 temp 1 loss 2.05 i_con 3.05 plddt 0.49 ptm 0.88 i_ptm 0.77 energy -5.26
92 models [0] recycles 0 hard 0 soft 1 temp 1 loss 2.17 i_con 3.16 plddt 0.49 ptm 0.86 i_ptm 0.76 energy -5.19
93 models [4] recycles 0 hard 0 soft 1 temp 1 loss 2.30 i_con 3.28 plddt 0.47 ptm 0.89 i_ptm 0.70 energy -5.16
94 models [2] recycles 0 hard 0 soft 1 temp 1 loss 2.60 i_con 3.59 plddt 0.49 ptm 0.88 i_ptm 0.61 energy -5.24
95 models [4] recycles 0 hard 0 soft 1 temp 1 loss 2.51 i_con 3.53 plddt 0.49 ptm 0.89 i_ptm 0.61 energy -5.36
96 models [4] recycles 0 hard 0 soft 1 temp 1 loss 2.55 i_con 3.60 plddt 0.46 ptm 0.89 i_ptm 0.59 energy -5.50
97 models [4] recycles 0 hard 0 soft 1 temp 1 loss 2.94 i_con 3.98 plddt 0.37 ptm 0.87 i_ptm 0.40 energy -5.50
98 models [0] recycles 0 hard 0 soft 1 temp 1 loss 2.77 i_con 3.81 plddt 0.42 ptm 0.84 i_ptm 0.46 energy -5.49
99 models [0] recycles 0 hard 0 soft 1 temp 1 loss 2.08 i_con 3.14 plddt 0.47 ptm 0.87 i_ptm 0.75 energy -5.57
100 models [4] recycles 0 hard 0 soft 1 temp 1 loss 2.38 i_con 3.44 plddt 0.44 ptm 0.89 i_ptm 0.67 energy -5.58
101 models [1] recycles 0 hard 0 soft 0 temp 1 loss 5.01 i_con 6.46 plddt 0.27 ptm 0.87 i_ptm 0.23 energy -30.47
102 models [4] recycles 0 hard 0 soft 0 temp 0.98 loss 4.54 i_con 6.00 plddt 0.22 ptm 0.87 i_ptm 0.15 energy -30.70
103 models [0] recycles 0 hard 0 soft 0 temp 0.96 loss 2.80 i_con 4.26 plddt 0.28 ptm 0.84 i_ptm 0.27 energy -30.76
104 models [4] recycles 0 hard 0 soft 0 temp 0.94 loss 4.42 i_con 5.89 plddt 0.23 ptm 0.88 i_ptm 0.18 energy -30.88
105 models [4] recycles 0 hard 0 soft 0 temp 0.92 loss 4.82 i_con 6.27 plddt 0.23 ptm 0.88 i_ptm 0.17 energy -30.70
106 models [1] recycles 0 hard 0 soft 0 temp 0.90 loss 4.21 i_con 5.67 plddt 0.24 ptm 0.86 i_ptm 0.17 energy -30.70
107 models [1] recycles 0 hard 0 soft 0 temp 0.88 loss 2.90 i_con 4.36 plddt 0.19 ptm 0.22 i_ptm 0.62 energy -30.78
108 models [1] recycles 0 hard 0 soft 0 temp 0.86 loss 3.80 i_con 5.25 plddt 0.21 ptm 0.84 i_ptm 0.16 energy -30.47
109 models [1] recycles 0 hard 0 soft 0 temp 0.84 loss -0.51 i_con 0.96 plddt 0.35 ptm 0.61 i_ptm 0.67 energy -30.65
110 models [2] recycles 0 hard 0 soft 0 temp 0.82 loss 3.79 i_con 5.24 plddt 0.22 ptm 0.81 i_ptm 0.24 energy -30.61
111 models [4] recycles 0 hard 0 soft 0 temp 0.80 loss 4.50 i_con 5.96 plddt 0.22 ptm 0.83 i_ptm 0.10 energy -30.82
112 models [2] recycles 0 hard 0 soft 0 temp 0.78 loss 4.08 i_con 5.54 plddt 0.21 ptm 0.83 i_ptm 0.23 energy -30.63
113 models [4] recycles 0 hard 0 soft 0 temp 0.76 loss 2.85 i_con 4.32 plddt 0.18 ptm 0.31 i_ptm 0.25 energy -31.01
114 models [1] recycles 0 hard 0 soft 0 temp 0.74 loss 3.30 i_con 4.77 plddt 0.18 ptm 0.12 i_ptm 0.12 energy -31.15
115 models [1] recycles 0 hard 0 soft 0 temp 0.72 loss 3.05 i_con 4.52 plddt 0.16 ptm 0.31 i_ptm 0.49 energy -31.05
116 models [1] recycles 0 hard 0 soft 0 temp 0.70 loss 2.12 i_con 3.59 plddt 0.26 ptm 0.40 i_ptm 0.55 energy -31.06
117 models [4] recycles 0 hard 0 soft 0 temp 0.68 loss 1.90 i_con 3.40 plddt 0.31 ptm 0.46 i_ptm 0.67 energy -31.30
118 models [1] recycles 0 hard 0 soft 0 temp 0.66 loss 3.59 i_con 5.09 plddt 0.17 ptm 0.73 i_ptm 0.65 energy -31.61
119 models [0] recycles 0 hard 0 soft 0 temp 0.64 loss 1.83 i_con 3.36 plddt 0.31 ptm 0.36 i_ptm 0.49 energy -31.88
120 models [4] recycles 0 hard 0 soft 0 temp 0.62 loss 1.30 i_con 2.83 plddt 0.27 ptm 0.52 i_ptm 0.67 energy -31.99
121 models [2] recycles 0 hard 0 soft 0 temp 0.60 loss 0.96 i_con 2.50 plddt 0.29 ptm 0.59 i_ptm 0.71 energy -32.25
122 models [4] recycles 0 hard 0 soft 0 temp 0.58 loss 1.10 i_con 2.64 plddt 0.33 ptm 0.57 i_ptm 0.81 energy -32.24
123 models [3] recycles 0 hard 0 soft 0 temp 0.56 loss -0.55 i_con 1.01 plddt 0.41 ptm 0.74 i_ptm 0.74 energy -32.53
124 models [1] recycles 0 hard 0 soft 0 temp 0.54 loss 3.22 i_con 4.76 plddt 0.19 ptm 0.67 i_ptm 0.55 energy -32.52
125 models [2] recycles 0 hard 0 soft 0 temp 0.52 loss 0.59 i_con 2.15 plddt 0.27 ptm 0.65 i_ptm 0.74 energy -32.64
126 models [0] recycles 0 hard 0 soft 0 temp 0.50 loss 1.46 i_con 3.01 plddt 0.25 ptm 0.61 i_ptm 0.63 energy -32.54
127 models [0] recycles 0 hard 0 soft 0 temp 0.48 loss 0.71 i_con 2.26 plddt 0.32 ptm 0.68 i_ptm 0.67 energy -32.41
128 models [1] recycles 0 hard 0 soft 0 temp 0.46 loss -0.56 i_con 1.00 plddt 0.42 ptm 0.77 i_ptm 0.72 energy -32.31
129 models [2] recycles 0 hard 0 soft 0 temp 0.44 loss 0.51 i_con 2.06 plddt 0.27 ptm 0.64 i_ptm 0.83 energy -32.41
130 models [4] recycles 0 hard 0 soft 0 temp 0.42 loss 0.58 i_con 2.13 plddt 0.25 ptm 0.61 i_ptm 0.72 energy -32.41
131 models [1] recycles 0 hard 0 soft 0 temp 0.40 loss 2.38 i_con 3.93 plddt 0.15 ptm 0.34 i_ptm 0.66 energy -32.70
132 models [0] recycles 0 hard 0 soft 0 temp 0.38 loss 0.94 i_con 2.49 plddt 0.30 ptm 0.70 i_ptm 0.61 energy -32.46
133 models [1] recycles 0 hard 0 soft 0 temp 0.36 loss 0.04 i_con 1.59 plddt 0.33 ptm 0.74 i_ptm 0.68 energy -32.42
134 models [2] recycles 0 hard 0 soft 0 temp 0.34 loss 0.61 i_con 2.16 plddt 0.22 ptm 0.66 i_ptm 0.77 energy -32.52
135 models [2] recycles 0 hard 0 soft 0 temp 0.32 loss 0.75 i_con 2.30 plddt 0.24 ptm 0.66 i_ptm 0.74 energy -32.53
136 models [0] recycles 0 hard 0 soft 0 temp 0.30 loss 1.56 i_con 3.10 plddt 0.20 ptm 0.56 i_ptm 0.63 energy -32.36
137 models [3] recycles 0 hard 0 soft 0 temp 0.28 loss -1.34 i_con 0.23 plddt 0.41 ptm 0.88 i_ptm 0.87 energy -32.50
138 models [2] recycles 0 hard 0 soft 0 temp 0.26 loss 0.45 i_con 1.99 plddt 0.30 ptm 0.60 i_ptm 0.64 energy -32.35
139 models [4] recycles 0 hard 0 soft 0 temp 0.24 loss 1.25 i_con 2.80 plddt 0.19 ptm 0.63 i_ptm 0.73 energy -32.67
140 models [2] recycles 0 hard 0 soft 0 temp 0.22 loss 0.24 i_con 1.80 plddt 0.26 ptm 0.61 i_ptm 0.79 energy -32.63
141 models [3] recycles 0 hard 0 soft 0 temp 0.20 loss 1.01 i_con 2.57 plddt 0.31 ptm 0.64 i_ptm 0.73 energy -32.59
142 models [3] recycles 0 hard 0 soft 0 temp 0.18 loss 0.68 i_con 2.24 plddt 0.23 ptm 0.73 i_ptm 0.73 energy -32.73
143 models [0] recycles 0 hard 0 soft 0 temp 0.16 loss 3.11 i_con 4.67 plddt 0.22 ptm 0.83 i_ptm 0.14 energy -32.90
144 models [0] recycles 0 hard 0 soft 0 temp 0.14 loss 2.85 i_con 4.43 plddt 0.22 ptm 0.83 i_ptm 0.16 energy -33.11
145 models [3] recycles 0 hard 0 soft 0 temp 0.12 loss 4.10 i_con 5.68 plddt 0.25 ptm 0.85 i_ptm 0.19 energy -33.26
146 models [3] recycles 0 hard 0 soft 0 temp 0.10 loss 4.34 i_con 5.94 plddt 0.22 ptm 0.85 i_ptm 0.18 energy -33.48
147 models [0] recycles 0 hard 0 soft 0 temp 0.08 loss 2.90 i_con 4.50 plddt 0.24 ptm 0.84 i_ptm 0.18 energy -33.61
148 models [1] recycles 0 hard 0 soft 0 temp 0.06 loss 4.41 i_con 6.02 plddt 0.24 ptm 0.86 i_ptm 0.16 energy -33.71
149 models [0] recycles 0 hard 0 soft 0 temp 0.04 loss 2.60 i_con 4.22 plddt 0.30 ptm 0.83 i_ptm 0.27 energy -33.74
150 models [3] recycles 0 hard 0 soft 0 temp 0.02 loss 3.38 i_con 4.99 plddt 0.23 ptm 0.85 i_ptm 0.15 energy -33.75
151 models [0] recycles 0 hard 1 soft 0 temp 0.00 loss 0.54 i_con 3.41 plddt 0.41 ptm 0.86 i_ptm 0.68 energy -5.86
152 models [2] recycles 0 hard 1 soft 0 temp 0.00 loss 0.44 i_con 3.31 plddt 0.44 ptm 0.88 i_ptm 0.71 energy -5.86
153 models [4] recycles 0 hard 1 soft 0 temp 0.00 loss 0.19 i_con 3.07 plddt 0.46 ptm 0.90 i_ptm 0.78 energy -5.86
154 models [1] recycles 0 hard 1 soft 0 temp 0.00 loss 2.48 i_con 5.33 plddt 0.27 ptm 0.86 i_ptm 0.27 energy -5.86
155 models [3] recycles 0 hard 1 soft 0 temp 0.00 loss 0.54 i_con 3.41 plddt 0.39 ptm 0.87 i_ptm 0.68 energy -5.86
156 models [4] recycles 0 hard 1 soft 0 temp 0.00 loss 0.19 i_con 3.07 plddt 0.46 ptm 0.90 i_ptm 0.78 energy -5.86
157 models [2] recycles 0 hard 1 soft 0 temp 0.00 loss 0.44 i_con 3.31 plddt 0.44 ptm 0.88 i_ptm 0.71 energy -5.86
158 models [2] recycles 0 hard 1 soft 0 temp 0.00 loss 0.44 i_con 3.31 plddt 0.44 ptm 0.88 i_ptm 0.71 energy -5.86
159 models [2] recycles 0 hard 1 soft 0 temp 0.00 loss 0.44 i_con 3.31 plddt 0.44 ptm 0.88 i_ptm 0.71 energy -5.86
160 models [4] recycles 0 hard 1 soft 0 temp 0.00 loss 0.19 i_con 3.07 plddt 0.46 ptm 0.90 i_ptm 0.78 energy -5.86
161 models [2] recycles 0 hard 1 soft 0 temp 0.00 loss 0.44 i_con 3.31 plddt 0.44 ptm 0.88 i_ptm 0.71 energy -5.86
162 models [2] recycles 0 hard 1 soft 0 temp 0.00 loss 0.44 i_con 3.31 plddt 0.44 ptm 0.88 i_ptm 0.71 energy -5.86
163 models [3] recycles 0 hard 1 soft 0 temp 0.00 loss 0.54 i_con 3.41 plddt 0.39 ptm 0.87 i_ptm 0.68 energy -5.86
164 models [2] recycles 0 hard 1 soft 0 temp 0.00 loss 0.44 i_con 3.31 plddt 0.44 ptm 0.88 i_ptm 0.71 energy -5.86
165 models [1] recycles 0 hard 1 soft 0 temp 0.00 loss 2.48 i_con 5.33 plddt 0.27 ptm 0.86 i_ptm 0.27 energy -5.86
166 models [1] recycles 0 hard 1 soft 0 temp 0.00 loss 2.48 i_con 5.33 plddt 0.27 ptm 0.86 i_ptm 0.27 energy -5.86
167 models [4] recycles 0 hard 1 soft 0 temp 0.00 loss 0.19 i_con 3.07 plddt 0.46 ptm 0.90 i_ptm 0.78 energy -5.86
168 models [3] recycles 0 hard 1 soft 0 temp 0.00 loss 0.54 i_con 3.41 plddt 0.39 ptm 0.87 i_ptm 0.68 energy -5.86
169 models [2] recycles 0 hard 1 soft 0 temp 0.00 loss 0.44 i_con 3.31 plddt 0.44 ptm 0.88 i_ptm 0.71 energy -5.86
170 models [1] recycles 0 hard 1 soft 0 temp 0.00 loss 2.48 i_con 5.33 plddt 0.27 ptm 0.86 i_ptm 0.27 energy -5.86
171 models [4] recycles 0 hard 1 soft 0 temp 0.00 loss 0.19 i_con 3.07 plddt 0.46 ptm 0.90 i_ptm 0.78 energy -5.86
172 models [4] recycles 0 hard 1 soft 0 temp 0.00 loss 0.19 i_con 3.07 plddt 0.46 ptm 0.90 i_ptm 0.78 energy -5.86
173 models [0] recycles 0 hard 1 soft 0 temp 0.00 loss 0.54 i_con 3.41 plddt 0.41 ptm 0.86 i_ptm 0.68 energy -5.86
174 models [0] recycles 0 hard 1 soft 0 temp 0.00 loss 0.54 i_con 3.41 plddt 0.41 ptm 0.86 i_ptm 0.68 energy -5.86
175 models [4] recycles 0 hard 1 soft 0 temp 0.00 loss 0.19 i_con 3.07 plddt 0.46 ptm 0.90 i_ptm 0.78 energy -5.86
176 models [3] recycles 0 hard 1 soft 0 temp 0.00 loss 0.54 i_con 3.41 plddt 0.39 ptm 0.87 i_ptm 0.68 energy -5.86
177 models [1] recycles 0 hard 1 soft 0 temp 0.00 loss 2.48 i_con 5.33 plddt 0.27 ptm 0.86 i_ptm 0.27 energy -5.86
178 models [2] recycles 0 hard 1 soft 0 temp 0.00 loss 0.44 i_con 3.31 plddt 0.44 ptm 0.88 i_ptm 0.71 energy -5.86
179 models [1] recycles 0 hard 1 soft 0 temp 0.00 loss 2.48 i_con 5.33 plddt 0.27 ptm 0.86 i_ptm 0.27 energy -5.86
180 models [2] recycles 0 hard 1 soft 0 temp 0.00 loss 0.44 i_con 3.31 plddt 0.44 ptm 0.88 i_ptm 0.71 energy -5.86
  seq=NHERAVWWVAWQCFC  loss=0.4356  loss_af=3.3640  energy=-5.8566  i_ptm=0.7079
[14/20] seed=13 ...
1 models [3] recycles 0 hard 0 soft 1 temp 1 loss 4.33 i_con 3.90 plddt 0.33 ptm 0.86 i_ptm 0.41 energy 7.43
2 models [1] recycles 0 hard 0 soft 1 temp 1 loss 4.94 i_con 4.51 plddt 0.21 ptm 0.85 i_ptm 0.17 energy 6.90
3 models [4] recycles 0 hard 0 soft 1 temp 1 loss 4.73 i_con 4.32 plddt 0.26 ptm 0.87 i_ptm 0.25 energy 6.87
4 models [3] recycles 0 hard 0 soft 1 temp 1 loss 4.22 i_con 3.82 plddt 0.33 ptm 0.87 i_ptm 0.43 energy 6.74
5 models [2] recycles 0 hard 0 soft 1 temp 1 loss 4.38 i_con 4.01 plddt 0.31 ptm 0.86 i_ptm 0.38 energy 6.03
6 models [0] recycles 0 hard 0 soft 1 temp 1 loss 4.42 i_con 4.07 plddt 0.29 ptm 0.84 i_ptm 0.33 energy 5.65
7 models [3] recycles 0 hard 0 soft 1 temp 1 loss 4.12 i_con 3.80 plddt 0.34 ptm 0.86 i_ptm 0.45 energy 5.07
8 models [3] recycles 0 hard 0 soft 1 temp 1 loss 4.05 i_con 3.77 plddt 0.34 ptm 0.86 i_ptm 0.45 energy 4.36
9 models [3] recycles 0 hard 0 soft 1 temp 1 loss 3.92 i_con 3.67 plddt 0.39 ptm 0.87 i_ptm 0.50 energy 3.66
10 models [3] recycles 0 hard 0 soft 1 temp 1 loss 3.98 i_con 3.75 plddt 0.33 ptm 0.87 i_ptm 0.44 energy 3.18
11 models [2] recycles 0 hard 0 soft 1 temp 1 loss 4.19 i_con 3.99 plddt 0.29 ptm 0.86 i_ptm 0.35 energy 2.74
12 models [2] recycles 0 hard 0 soft 1 temp 1 loss 3.99 i_con 3.80 plddt 0.35 ptm 0.87 i_ptm 0.43 energy 2.53
13 models [2] recycles 0 hard 0 soft 1 temp 1 loss 3.98 i_con 3.81 plddt 0.35 ptm 0.87 i_ptm 0.45 energy 2.23
14 models [4] recycles 0 hard 0 soft 1 temp 1 loss 4.03 i_con 3.86 plddt 0.34 ptm 0.88 i_ptm 0.41 energy 2.07
15 models [3] recycles 0 hard 0 soft 1 temp 1 loss 3.92 i_con 3.76 plddt 0.33 ptm 0.86 i_ptm 0.45 energy 1.83
16 models [0] recycles 0 hard 0 soft 1 temp 1 loss 4.50 i_con 4.35 plddt 0.22 ptm 0.83 i_ptm 0.20 energy 1.57
17 models [0] recycles 0 hard 0 soft 1 temp 1 loss 4.33 i_con 4.18 plddt 0.27 ptm 0.83 i_ptm 0.27 energy 1.54
18 models [2] recycles 0 hard 0 soft 1 temp 1 loss 3.92 i_con 3.78 plddt 0.34 ptm 0.86 i_ptm 0.44 energy 1.34
19 models [2] recycles 0 hard 0 soft 1 temp 1 loss 3.78 i_con 3.66 plddt 0.36 ptm 0.87 i_ptm 0.48 energy 1.04
20 models [1] recycles 0 hard 0 soft 1 temp 1 loss 4.47 i_con 4.36 plddt 0.23 ptm 0.86 i_ptm 0.20 energy 0.69
21 models [0] recycles 0 hard 0 soft 1 temp 1 loss 3.94 i_con 3.84 plddt 0.31 ptm 0.85 i_ptm 0.43 energy 0.64
22 models [2] recycles 0 hard 0 soft 1 temp 1 loss 3.84 i_con 3.77 plddt 0.35 ptm 0.87 i_ptm 0.46 energy -0.04
23 models [0] recycles 0 hard 0 soft 1 temp 1 loss 4.03 i_con 3.98 plddt 0.28 ptm 0.84 i_ptm 0.32 energy -0.56
24 models [2] recycles 0 hard 0 soft 1 temp 1 loss 3.76 i_con 3.74 plddt 0.34 ptm 0.87 i_ptm 0.46 energy -0.92
25 models [0] recycles 0 hard 0 soft 1 temp 1 loss 3.95 i_con 3.95 plddt 0.31 ptm 0.85 i_ptm 0.36 energy -1.28
26 models [4] recycles 0 hard 0 soft 1 temp 1 loss 3.69 i_con 3.70 plddt 0.36 ptm 0.89 i_ptm 0.51 energy -1.49
27 models [1] recycles 0 hard 0 soft 1 temp 1 loss 4.10 i_con 4.13 plddt 0.26 ptm 0.86 i_ptm 0.25 energy -1.94
28 models [0] recycles 0 hard 0 soft 1 temp 1 loss 3.89 i_con 3.92 plddt 0.31 ptm 0.85 i_ptm 0.38 energy -2.02
29 models [2] recycles 0 hard 0 soft 1 temp 1 loss 3.70 i_con 3.75 plddt 0.35 ptm 0.87 i_ptm 0.47 energy -2.21
30 models [3] recycles 0 hard 0 soft 1 temp 1 loss 3.72 i_con 3.77 plddt 0.34 ptm 0.86 i_ptm 0.45 energy -2.21
31 models [1] recycles 0 hard 0 soft 1 temp 1 loss 4.27 i_con 4.31 plddt 0.24 ptm 0.85 i_ptm 0.19 energy -2.43
32 models [3] recycles 0 hard 0 soft 1 temp 1 loss 3.71 i_con 3.76 plddt 0.35 ptm 0.86 i_ptm 0.45 energy -2.38
33 models [0] recycles 0 hard 0 soft 1 temp 1 loss 3.97 i_con 4.03 plddt 0.33 ptm 0.84 i_ptm 0.34 energy -2.53
34 models [4] recycles 0 hard 0 soft 1 temp 1 loss 4.21 i_con 4.26 plddt 0.23 ptm 0.87 i_ptm 0.26 energy -2.54
35 models [1] recycles 0 hard 0 soft 1 temp 1 loss 3.99 i_con 4.05 plddt 0.28 ptm 0.87 i_ptm 0.29 energy -2.59
36 models [3] recycles 0 hard 0 soft 1 temp 1 loss 3.75 i_con 3.81 plddt 0.34 ptm 0.86 i_ptm 0.44 energy -2.43
37 models [2] recycles 0 hard 0 soft 1 temp 1 loss 3.70 i_con 3.76 plddt 0.37 ptm 0.86 i_ptm 0.46 energy -2.62
38 models [0] recycles 0 hard 0 soft 1 temp 1 loss 3.88 i_con 3.95 plddt 0.34 ptm 0.84 i_ptm 0.36 energy -2.70
39 models [3] recycles 0 hard 0 soft 1 temp 1 loss 3.65 i_con 3.71 plddt 0.35 ptm 0.86 i_ptm 0.49 energy -2.68
40 models [2] recycles 0 hard 0 soft 1 temp 1 loss 3.58 i_con 3.67 plddt 0.43 ptm 0.87 i_ptm 0.53 energy -2.79
41 models [2] recycles 0 hard 0 soft 1 temp 1 loss 3.66 i_con 3.74 plddt 0.37 ptm 0.87 i_ptm 0.48 energy -2.86
42 models [2] recycles 0 hard 0 soft 1 temp 1 loss 3.55 i_con 3.63 plddt 0.39 ptm 0.87 i_ptm 0.52 energy -2.97
43 models [2] recycles 0 hard 0 soft 1 temp 1 loss 3.59 i_con 3.68 plddt 0.38 ptm 0.87 i_ptm 0.50 energy -2.96
44 models [0] recycles 0 hard 0 soft 1 temp 1 loss 3.91 i_con 3.99 plddt 0.34 ptm 0.84 i_ptm 0.34 energy -3.04
45 models [3] recycles 0 hard 0 soft 1 temp 1 loss 3.63 i_con 3.72 plddt 0.35 ptm 0.87 i_ptm 0.47 energy -3.02
46 models [1] recycles 0 hard 0 soft 1 temp 1 loss 4.20 i_con 4.28 plddt 0.27 ptm 0.86 i_ptm 0.23 energy -3.11
47 models [3] recycles 0 hard 0 soft 1 temp 1 loss 3.61 i_con 3.70 plddt 0.34 ptm 0.86 i_ptm 0.49 energy -3.02
48 models [3] recycles 0 hard 0 soft 1 temp 1 loss 3.61 i_con 3.71 plddt 0.36 ptm 0.86 i_ptm 0.49 energy -3.19
49 models [1] recycles 0 hard 0 soft 1 temp 1 loss 4.15 i_con 4.24 plddt 0.28 ptm 0.86 i_ptm 0.22 energy -3.21
50 models [1] recycles 0 hard 0 soft 1 temp 1 loss 4.83 i_con 4.91 plddt 0.22 ptm 0.85 i_ptm 0.11 energy -3.20
51 models [1] recycles 0 hard 0 soft 1 temp 1 loss 3.46 i_con 4.01 plddt 0.29 ptm 0.87 i_ptm 0.32 energy -3.12
52 models [0] recycles 0 hard 0 soft 1 temp 1 loss 3.67 i_con 4.25 plddt 0.33 ptm 0.84 i_ptm 0.26 energy -3.25
53 models [4] recycles 0 hard 0 soft 1 temp 1 loss 3.16 i_con 3.74 plddt 0.36 ptm 0.88 i_ptm 0.46 energy -3.23
54 models [1] recycles 0 hard 0 soft 1 temp 1 loss 3.75 i_con 4.36 plddt 0.27 ptm 0.86 i_ptm 0.21 energy -3.39
55 models [3] recycles 0 hard 0 soft 1 temp 1 loss 2.99 i_con 3.61 plddt 0.44 ptm 0.87 i_ptm 0.54 energy -3.35
56 models [1] recycles 0 hard 0 soft 1 temp 1 loss 3.24 i_con 3.87 plddt 0.35 ptm 0.88 i_ptm 0.43 energy -3.50
57 models [2] recycles 0 hard 0 soft 1 temp 1 loss 2.99 i_con 3.66 plddt 0.42 ptm 0.87 i_ptm 0.51 energy -3.64
58 models [3] recycles 0 hard 0 soft 1 temp 1 loss 3.88 i_con 4.55 plddt 0.26 ptm 0.84 i_ptm 0.17 energy -3.73
59 models [2] recycles 0 hard 0 soft 1 temp 1 loss 2.93 i_con 3.62 plddt 0.46 ptm 0.87 i_ptm 0.54 energy -3.71
60 models [4] recycles 0 hard 0 soft 1 temp 1 loss 2.91 i_con 3.61 plddt 0.42 ptm 0.89 i_ptm 0.52 energy -3.78
61 models [2] recycles 0 hard 0 soft 1 temp 1 loss 2.92 i_con 3.63 plddt 0.43 ptm 0.87 i_ptm 0.52 energy -3.87
62 models [2] recycles 0 hard 0 soft 1 temp 1 loss 2.86 i_con 3.61 plddt 0.45 ptm 0.87 i_ptm 0.52 energy -4.01
63 models [2] recycles 0 hard 0 soft 1 temp 1 loss 2.88 i_con 3.63 plddt 0.45 ptm 0.88 i_ptm 0.54 energy -4.01
64 models [1] recycles 0 hard 0 soft 1 temp 1 loss 3.37 i_con 4.11 plddt 0.30 ptm 0.86 i_ptm 0.29 energy -4.05
65 models [3] recycles 0 hard 0 soft 1 temp 1 loss 2.82 i_con 3.58 plddt 0.46 ptm 0.87 i_ptm 0.54 energy -4.11
66 models [4] recycles 0 hard 0 soft 1 temp 1 loss 2.93 i_con 3.71 plddt 0.38 ptm 0.89 i_ptm 0.47 energy -4.19
67 models [4] recycles 0 hard 0 soft 1 temp 1 loss 2.81 i_con 3.60 plddt 0.43 ptm 0.89 i_ptm 0.53 energy -4.25
68 models [4] recycles 0 hard 0 soft 1 temp 1 loss 2.91 i_con 3.72 plddt 0.37 ptm 0.88 i_ptm 0.46 energy -4.35
69 models [4] recycles 0 hard 0 soft 1 temp 1 loss 3.63 i_con 4.44 plddt 0.28 ptm 0.87 i_ptm 0.19 energy -4.38
70 models [1] recycles 0 hard 0 soft 1 temp 1 loss 4.36 i_con 5.16 plddt 0.28 ptm 0.85 i_ptm 0.14 energy -4.37
71 models [2] recycles 0 hard 0 soft 1 temp 1 loss 2.88 i_con 3.68 plddt 0.36 ptm 0.87 i_ptm 0.50 energy -4.32
72 models [0] recycles 0 hard 0 soft 1 temp 1 loss 3.09 i_con 3.91 plddt 0.33 ptm 0.86 i_ptm 0.40 energy -4.44
73 models [0] recycles 0 hard 0 soft 1 temp 1 loss 3.01 i_con 3.86 plddt 0.37 ptm 0.84 i_ptm 0.41 energy -4.56
74 models [4] recycles 0 hard 0 soft 1 temp 1 loss 2.96 i_con 3.81 plddt 0.34 ptm 0.88 i_ptm 0.42 energy -4.56
75 models [1] recycles 0 hard 0 soft 1 temp 1 loss 3.32 i_con 4.16 plddt 0.24 ptm 0.86 i_ptm 0.24 energy -4.57
76 models [0] recycles 0 hard 0 soft 1 temp 1 loss 3.02 i_con 3.86 plddt 0.31 ptm 0.86 i_ptm 0.40 energy -4.52
77 models [3] recycles 0 hard 0 soft 1 temp 1 loss 2.91 i_con 3.78 plddt 0.35 ptm 0.86 i_ptm 0.45 energy -4.64
78 models [0] recycles 0 hard 0 soft 1 temp 1 loss 3.00 i_con 3.88 plddt 0.35 ptm 0.86 i_ptm 0.41 energy -4.69
79 models [3] recycles 0 hard 0 soft 1 temp 1 loss 4.16 i_con 5.07 plddt 0.32 ptm 0.85 i_ptm 0.25 energy -4.85
80 models [0] recycles 0 hard 0 soft 1 temp 1 loss 3.00 i_con 3.88 plddt 0.32 ptm 0.84 i_ptm 0.40 energy -4.77
81 models [2] recycles 0 hard 0 soft 1 temp 1 loss 2.83 i_con 3.74 plddt 0.34 ptm 0.87 i_ptm 0.50 energy -4.88
82 models [4] recycles 0 hard 0 soft 1 temp 1 loss 2.83 i_con 3.74 plddt 0.36 ptm 0.89 i_ptm 0.45 energy -4.86
83 models [1] recycles 0 hard 0 soft 1 temp 1 loss 4.15 i_con 5.07 plddt 0.27 ptm 0.85 i_ptm 0.14 energy -4.97
84 models [2] recycles 0 hard 0 soft 1 temp 1 loss 2.70 i_con 3.62 plddt 0.43 ptm 0.87 i_ptm 0.53 energy -4.86
85 models [1] recycles 0 hard 0 soft 1 temp 1 loss 4.12 i_con 5.03 plddt 0.25 ptm 0.86 i_ptm 0.13 energy -4.94
86 models [2] recycles 0 hard 0 soft 1 temp 1 loss 2.78 i_con 3.70 plddt 0.39 ptm 0.87 i_ptm 0.50 energy -4.90
87 models [0] recycles 0 hard 0 soft 1 temp 1 loss 3.05 i_con 3.99 plddt 0.32 ptm 0.85 i_ptm 0.35 energy -5.01
88 models [0] recycles 0 hard 0 soft 1 temp 1 loss 2.87 i_con 3.81 plddt 0.33 ptm 0.85 i_ptm 0.43 energy -5.02
89 models [2] recycles 0 hard 0 soft 1 temp 1 loss 2.70 i_con 3.70 plddt 0.39 ptm 0.87 i_ptm 0.49 energy -5.33
90 models [0] recycles 0 hard 0 soft 1 temp 1 loss 2.84 i_con 3.86 plddt 0.34 ptm 0.85 i_ptm 0.42 energy -5.44
91 models [2] recycles 0 hard 0 soft 1 temp 1 loss 2.68 i_con 3.74 plddt 0.38 ptm 0.87 i_ptm 0.49 energy -5.64
92 models [1] recycles 0 hard 0 soft 1 temp 1 loss 3.76 i_con 4.80 plddt 0.27 ptm 0.85 i_ptm 0.16 energy -5.55
93 models [3] recycles 0 hard 0 soft 1 temp 1 loss 2.67 i_con 3.71 plddt 0.37 ptm 0.86 i_ptm 0.46 energy -5.54
94 models [3] recycles 0 hard 0 soft 1 temp 1 loss 2.64 i_con 3.71 plddt 0.40 ptm 0.87 i_ptm 0.48 energy -5.65
95 models [1] recycles 0 hard 0 soft 1 temp 1 loss 3.74 i_con 4.83 plddt 0.25 ptm 0.86 i_ptm 0.18 energy -5.85
96 models [0] recycles 0 hard 0 soft 1 temp 1 loss 2.87 i_con 3.95 plddt 0.35 ptm 0.85 i_ptm 0.39 energy -5.74
97 models [2] recycles 0 hard 0 soft 1 temp 1 loss 2.54 i_con 3.64 plddt 0.42 ptm 0.88 i_ptm 0.51 energy -5.79
98 models [3] recycles 0 hard 0 soft 1 temp 1 loss 2.60 i_con 3.71 plddt 0.37 ptm 0.86 i_ptm 0.49 energy -5.89
99 models [2] recycles 0 hard 0 soft 1 temp 1 loss 2.52 i_con 3.63 plddt 0.44 ptm 0.87 i_ptm 0.51 energy -5.84
100 models [1] recycles 0 hard 0 soft 1 temp 1 loss 4.30 i_con 5.42 plddt 0.22 ptm 0.86 i_ptm 0.13 energy -5.97
101 models [0] recycles 0 hard 0 soft 0 temp 1 loss 2.92 i_con 4.41 plddt 0.25 ptm 0.83 i_ptm 0.22 energy -31.23
102 models [1] recycles 0 hard 0 soft 0 temp 0.98 loss 3.82 i_con 5.31 plddt 0.23 ptm 0.86 i_ptm 0.12 energy -31.29
103 models [3] recycles 0 hard 0 soft 0 temp 0.96 loss 4.08 i_con 5.55 plddt 0.25 ptm 0.85 i_ptm 0.18 energy -30.99
104 models [1] recycles 0 hard 0 soft 0 temp 0.94 loss 4.33 i_con 5.82 plddt 0.24 ptm 0.86 i_ptm 0.15 energy -31.21
105 models [0] recycles 0 hard 0 soft 0 temp 0.92 loss 2.70 i_con 4.19 plddt 0.26 ptm 0.84 i_ptm 0.26 energy -31.20
106 models [3] recycles 0 hard 0 soft 0 temp 0.90 loss 3.06 i_con 4.58 plddt 0.22 ptm 0.84 i_ptm 0.16 energy -31.98
107 models [2] recycles 0 hard 0 soft 0 temp 0.88 loss 2.88 i_con 4.40 plddt 0.23 ptm 0.86 i_ptm 0.21 energy -31.86
108 models [1] recycles 0 hard 0 soft 0 temp 0.86 loss 2.70 i_con 4.21 plddt 0.26 ptm 0.86 i_ptm 0.26 energy -31.61
109 models [0] recycles 0 hard 0 soft 0 temp 0.84 loss 2.31 i_con 3.82 plddt 0.36 ptm 0.86 i_ptm 0.42 energy -31.48
110 models [2] recycles 0 hard 0 soft 0 temp 0.82 loss 2.36 i_con 3.89 plddt 0.35 ptm 0.87 i_ptm 0.41 energy -31.80
111 models [4] recycles 0 hard 0 soft 0 temp 0.80 loss 3.67 i_con 5.19 plddt 0.20 ptm 0.73 i_ptm 0.08 energy -32.06
112 models [0] recycles 0 hard 0 soft 0 temp 0.78 loss 1.86 i_con 3.41 plddt 0.43 ptm 0.86 i_ptm 0.54 energy -32.22
113 models [4] recycles 0 hard 0 soft 0 temp 0.76 loss 2.55 i_con 4.12 plddt 0.22 ptm 0.22 i_ptm 0.33 energy -33.00
114 models [4] recycles 0 hard 0 soft 0 temp 0.74 loss 3.43 i_con 5.01 plddt 0.21 ptm 0.86 i_ptm 0.12 energy -33.28
115 models [4] recycles 0 hard 0 soft 0 temp 0.72 loss 2.89 i_con 4.48 plddt 0.23 ptm 0.87 i_ptm 0.19 energy -33.43
116 models [4] recycles 0 hard 0 soft 0 temp 0.70 loss 3.35 i_con 4.95 plddt 0.23 ptm 0.87 i_ptm 0.14 energy -33.49
117 models [3] recycles 0 hard 0 soft 0 temp 0.68 loss 3.79 i_con 5.39 plddt 0.26 ptm 0.84 i_ptm 0.20 energy -33.51
118 models [3] recycles 0 hard 0 soft 0 temp 0.66 loss 2.60 i_con 4.19 plddt 0.28 ptm 0.85 i_ptm 0.28 energy -33.40
119 models [4] recycles 0 hard 0 soft 0 temp 0.64 loss 2.34 i_con 3.96 plddt 0.31 ptm 0.88 i_ptm 0.36 energy -33.76
120 models [0] recycles 0 hard 0 soft 0 temp 0.62 loss 2.70 i_con 4.35 plddt 0.26 ptm 0.84 i_ptm 0.23 energy -34.44
121 models [4] recycles 0 hard 0 soft 0 temp 0.60 loss 2.26 i_con 3.91 plddt 0.29 ptm 0.88 i_ptm 0.38 energy -34.44
122 models [3] recycles 0 hard 0 soft 0 temp 0.58 loss 2.46 i_con 4.13 plddt 0.30 ptm 0.86 i_ptm 0.31 energy -34.78
123 models [4] recycles 0 hard 0 soft 0 temp 0.56 loss 2.28 i_con 3.94 plddt 0.31 ptm 0.88 i_ptm 0.36 energy -34.47
124 models [4] recycles 0 hard 0 soft 0 temp 0.54 loss 2.33 i_con 4.00 plddt 0.28 ptm 0.87 i_ptm 0.32 energy -34.99
125 models [3] recycles 0 hard 0 soft 0 temp 0.52 loss 2.90 i_con 4.60 plddt 0.23 ptm 0.84 i_ptm 0.16 energy -35.52
126 models [4] recycles 0 hard 0 soft 0 temp 0.50 loss 2.13 i_con 3.84 plddt 0.30 ptm 0.89 i_ptm 0.43 energy -35.64
127 models [2] recycles 0 hard 0 soft 0 temp 0.48 loss 2.48 i_con 4.21 plddt 0.27 ptm 0.86 i_ptm 0.27 energy -36.00
128 models [2] recycles 0 hard 0 soft 0 temp 0.46 loss 1.97 i_con 3.72 plddt 0.39 ptm 0.87 i_ptm 0.48 energy -36.15
129 models [3] recycles 0 hard 0 soft 0 temp 0.44 loss 2.42 i_con 4.17 plddt 0.30 ptm 0.85 i_ptm 0.30 energy -36.37
130 models [1] recycles 0 hard 0 soft 0 temp 0.42 loss 2.20 i_con 3.97 plddt 0.32 ptm 0.87 i_ptm 0.38 energy -36.71
131 models [4] recycles 0 hard 0 soft 0 temp 0.40 loss 2.05 i_con 3.84 plddt 0.31 ptm 0.88 i_ptm 0.40 energy -37.05
132 models [4] recycles 0 hard 0 soft 0 temp 0.38 loss 2.04 i_con 3.84 plddt 0.32 ptm 0.88 i_ptm 0.40 energy -37.43
133 models [4] recycles 0 hard 0 soft 0 temp 0.36 loss 1.82 i_con 3.65 plddt 0.40 ptm 0.89 i_ptm 0.50 energy -37.76
134 models [2] recycles 0 hard 0 soft 0 temp 0.34 loss 1.78 i_con 3.62 plddt 0.39 ptm 0.88 i_ptm 0.51 energy -38.09
135 models [0] recycles 0 hard 0 soft 0 temp 0.32 loss 2.15 i_con 4.00 plddt 0.31 ptm 0.84 i_ptm 0.35 energy -38.44
136 models [1] recycles 0 hard 0 soft 0 temp 0.30 loss 2.82 i_con 4.67 plddt 0.24 ptm 0.86 i_ptm 0.15 energy -38.55
137 models [4] recycles 0 hard 0 soft 0 temp 0.28 loss 1.54 i_con 3.41 plddt 0.43 ptm 0.89 i_ptm 0.57 energy -38.46
138 models [0] recycles 0 hard 0 soft 0 temp 0.26 loss 1.50 i_con 3.36 plddt 0.43 ptm 0.87 i_ptm 0.55 energy -38.42
139 models [1] recycles 0 hard 0 soft 0 temp 0.24 loss 1.79 i_con 3.64 plddt 0.37 ptm 0.87 i_ptm 0.46 energy -38.36
140 models [2] recycles 0 hard 0 soft 0 temp 0.22 loss 1.60 i_con 3.47 plddt 0.44 ptm 0.88 i_ptm 0.57 energy -38.44
141 models [4] recycles 0 hard 0 soft 0 temp 0.20 loss 2.24 i_con 4.14 plddt 0.28 ptm 0.87 i_ptm 0.29 energy -39.40
142 models [4] recycles 0 hard 0 soft 0 temp 0.18 loss 1.25 i_con 3.17 plddt 0.47 ptm 0.89 i_ptm 0.63 energy -39.51
143 models [3] recycles 0 hard 0 soft 0 temp 0.16 loss 1.56 i_con 3.50 plddt 0.43 ptm 0.87 i_ptm 0.55 energy -39.92
144 models [0] recycles 0 hard 0 soft 0 temp 0.14 loss 1.41 i_con 3.34 plddt 0.45 ptm 0.87 i_ptm 0.58 energy -39.69
145 models [0] recycles 0 hard 0 soft 0 temp 0.12 loss 2.09 i_con 4.00 plddt 0.30 ptm 0.85 i_ptm 0.35 energy -39.68
146 models [3] recycles 0 hard 0 soft 0 temp 0.10 loss 1.15 i_con 3.11 plddt 0.50 ptm 0.88 i_ptm 0.63 energy -40.16
147 models [3] recycles 0 hard 0 soft 0 temp 0.08 loss 1.22 i_con 3.18 plddt 0.49 ptm 0.88 i_ptm 0.62 energy -40.16
148 models [0] recycles 0 hard 0 soft 0 temp 0.06 loss 1.43 i_con 3.39 plddt 0.44 ptm 0.86 i_ptm 0.57 energy -40.28
149 models [1] recycles 0 hard 0 soft 0 temp 0.04 loss 1.07 i_con 3.04 plddt 0.47 ptm 0.89 i_ptm 0.60 energy -40.56
150 models [1] recycles 0 hard 0 soft 0 temp 0.02 loss 2.05 i_con 4.01 plddt 0.21 ptm 0.15 i_ptm 0.19 energy -40.81
151 models [2] recycles 0 hard 1 soft 0 temp 0.00 loss 0.68 i_con 3.86 plddt 0.35 ptm 0.87 i_ptm 0.47 energy -6.48
152 models [2] recycles 0 hard 1 soft 0 temp 0.00 loss 0.68 i_con 3.86 plddt 0.35 ptm 0.87 i_ptm 0.47 energy -6.48
153 models [4] recycles 0 hard 1 soft 0 temp 0.00 loss 1.36 i_con 4.53 plddt 0.29 ptm 0.88 i_ptm 0.31 energy -6.48
154 models [4] recycles 0 hard 1 soft 0 temp 0.00 loss 1.36 i_con 4.53 plddt 0.29 ptm 0.88 i_ptm 0.31 energy -6.48
155 models [4] recycles 0 hard 1 soft 0 temp 0.00 loss 1.36 i_con 4.53 plddt 0.29 ptm 0.88 i_ptm 0.31 energy -6.48
156 models [3] recycles 0 hard 1 soft 0 temp 0.00 loss 1.26 i_con 4.44 plddt 0.33 ptm 0.85 i_ptm 0.31 energy -6.48
157 models [4] recycles 0 hard 1 soft 0 temp 0.00 loss 1.36 i_con 4.53 plddt 0.29 ptm 0.88 i_ptm 0.31 energy -6.48
158 models [2] recycles 0 hard 1 soft 0 temp 0.00 loss 0.68 i_con 3.86 plddt 0.35 ptm 0.87 i_ptm 0.47 energy -6.48
159 models [2] recycles 0 hard 1 soft 0 temp 0.00 loss 0.68 i_con 3.86 plddt 0.35 ptm 0.87 i_ptm 0.47 energy -6.48
160 models [4] recycles 0 hard 1 soft 0 temp 0.00 loss 1.36 i_con 4.53 plddt 0.29 ptm 0.88 i_ptm 0.31 energy -6.48
161 models [1] recycles 0 hard 1 soft 0 temp 0.00 loss 1.50 i_con 4.67 plddt 0.29 ptm 0.86 i_ptm 0.29 energy -6.48
162 models [3] recycles 0 hard 1 soft 0 temp 0.00 loss 1.26 i_con 4.44 plddt 0.33 ptm 0.85 i_ptm 0.31 energy -6.48
163 models [1] recycles 0 hard 1 soft 0 temp 0.00 loss 1.50 i_con 4.67 plddt 0.29 ptm 0.86 i_ptm 0.29 energy -6.48
164 models [0] recycles 0 hard 1 soft 0 temp 0.00 loss 1.40 i_con 4.56 plddt 0.25 ptm 0.82 i_ptm 0.21 energy -6.48
165 models [3] recycles 0 hard 1 soft 0 temp 0.00 loss 1.26 i_con 4.44 plddt 0.33 ptm 0.85 i_ptm 0.31 energy -6.48
166 models [3] recycles 0 hard 1 soft 0 temp 0.00 loss 1.26 i_con 4.44 plddt 0.33 ptm 0.85 i_ptm 0.31 energy -6.48
167 models [4] recycles 0 hard 1 soft 0 temp 0.00 loss 1.36 i_con 4.53 plddt 0.29 ptm 0.88 i_ptm 0.31 energy -6.48
168 models [1] recycles 0 hard 1 soft 0 temp 0.00 loss 1.50 i_con 4.67 plddt 0.29 ptm 0.86 i_ptm 0.29 energy -6.48
169 models [3] recycles 0 hard 1 soft 0 temp 0.00 loss 1.26 i_con 4.44 plddt 0.33 ptm 0.85 i_ptm 0.31 energy -6.48
170 models [4] recycles 0 hard 1 soft 0 temp 0.00 loss 1.36 i_con 4.53 plddt 0.29 ptm 0.88 i_ptm 0.31 energy -6.48
171 models [3] recycles 0 hard 1 soft 0 temp 0.00 loss 1.26 i_con 4.44 plddt 0.33 ptm 0.85 i_ptm 0.31 energy -6.48
172 models [0] recycles 0 hard 1 soft 0 temp 0.00 loss 1.40 i_con 4.56 plddt 0.25 ptm 0.82 i_ptm 0.21 energy -6.48
173 models [2] recycles 0 hard 1 soft 0 temp 0.00 loss 0.68 i_con 3.86 plddt 0.35 ptm 0.87 i_ptm 0.47 energy -6.48
174 models [3] recycles 0 hard 1 soft 0 temp 0.00 loss 1.26 i_con 4.44 plddt 0.33 ptm 0.85 i_ptm 0.31 energy -6.48
175 models [4] recycles 0 hard 1 soft 0 temp 0.00 loss 1.36 i_con 4.53 plddt 0.29 ptm 0.88 i_ptm 0.31 energy -6.48
176 models [0] recycles 0 hard 1 soft 0 temp 0.00 loss 1.40 i_con 4.56 plddt 0.25 ptm 0.82 i_ptm 0.21 energy -6.48
177 models [0] recycles 0 hard 1 soft 0 temp 0.00 loss 1.40 i_con 4.56 plddt 0.25 ptm 0.82 i_ptm 0.21 energy -6.48
178 models [1] recycles 0 hard 1 soft 0 temp 0.00 loss 1.50 i_con 4.67 plddt 0.29 ptm 0.86 i_ptm 0.29 energy -6.48
179 models [2] recycles 0 hard 1 soft 0 temp 0.00 loss 0.68 i_con 3.86 plddt 0.35 ptm 0.87 i_ptm 0.47 energy -6.48
180 models [1] recycles 0 hard 1 soft 0 temp 0.00 loss 1.50 i_con 4.67 plddt 0.29 ptm 0.86 i_ptm 0.29 energy -6.48
  seq=NWRLWIWWVNAQKTS  loss=1.4971  loss_af=4.7368  energy=-6.4792  i_ptm=0.2931
[15/20] seed=14 ...
1 models [4] recycles 0 hard 0 soft 1 temp 1 loss 4.88 i_con 4.43 plddt 0.24 ptm 0.87 i_ptm 0.21 energy 7.41
2 models [1] recycles 0 hard 0 soft 1 temp 1 loss 4.60 i_con 4.17 plddt 0.23 ptm 0.86 i_ptm 0.26 energy 7.14
3 models [4] recycles 0 hard 0 soft 1 temp 1 loss 4.63 i_con 4.22 plddt 0.26 ptm 0.88 i_ptm 0.29 energy 6.72
4 models [2] recycles 0 hard 0 soft 1 temp 1 loss 4.43 i_con 4.05 plddt 0.34 ptm 0.86 i_ptm 0.39 energy 6.30
5 models [0] recycles 0 hard 0 soft 1 temp 1 loss 4.42 i_con 4.05 plddt 0.28 ptm 0.84 i_ptm 0.32 energy 5.82
6 models [3] recycles 0 hard 0 soft 1 temp 1 loss 4.90 i_con 4.57 plddt 0.25 ptm 0.84 i_ptm 0.20 energy 5.15
7 models [0] recycles 0 hard 0 soft 1 temp 1 loss 4.29 i_con 3.97 plddt 0.32 ptm 0.84 i_ptm 0.37 energy 5.04
8 models [2] recycles 0 hard 0 soft 1 temp 1 loss 4.02 i_con 3.74 plddt 0.34 ptm 0.87 i_ptm 0.47 energy 4.28
9 models [1] recycles 0 hard 0 soft 1 temp 1 loss 4.38 i_con 4.12 plddt 0.25 ptm 0.86 i_ptm 0.29 energy 3.76
10 models [2] recycles 0 hard 0 soft 1 temp 1 loss 4.02 i_con 3.78 plddt 0.33 ptm 0.87 i_ptm 0.46 energy 3.43
11 models [0] recycles 0 hard 0 soft 1 temp 1 loss 4.30 i_con 4.08 plddt 0.27 ptm 0.84 i_ptm 0.30 energy 2.92
12 models [4] recycles 0 hard 0 soft 1 temp 1 loss 4.07 i_con 3.87 plddt 0.31 ptm 0.88 i_ptm 0.40 energy 2.59
13 models [3] recycles 0 hard 0 soft 1 temp 1 loss 4.02 i_con 3.84 plddt 0.32 ptm 0.86 i_ptm 0.42 energy 2.37
14 models [2] recycles 0 hard 0 soft 1 temp 1 loss 3.88 i_con 3.72 plddt 0.39 ptm 0.87 i_ptm 0.51 energy 2.03
15 models [4] recycles 0 hard 0 soft 1 temp 1 loss 4.08 i_con 3.92 plddt 0.31 ptm 0.88 i_ptm 0.39 energy 1.76
16 models [1] recycles 0 hard 0 soft 1 temp 1 loss 4.26 i_con 4.11 plddt 0.25 ptm 0.86 i_ptm 0.29 energy 1.56
17 models [0] recycles 0 hard 0 soft 1 temp 1 loss 4.21 i_con 4.07 plddt 0.31 ptm 0.84 i_ptm 0.34 energy 1.37
18 models [1] recycles 0 hard 0 soft 1 temp 1 loss 4.26 i_con 4.13 plddt 0.24 ptm 0.86 i_ptm 0.28 energy 1.16
19 models [3] recycles 0 hard 0 soft 1 temp 1 loss 3.81 i_con 3.69 plddt 0.36 ptm 0.86 i_ptm 0.49 energy 1.17
20 models [3] recycles 0 hard 0 soft 1 temp 1 loss 3.92 i_con 3.80 plddt 0.33 ptm 0.86 i_ptm 0.44 energy 0.91
21 models [0] recycles 0 hard 0 soft 1 temp 1 loss 4.11 i_con 4.01 plddt 0.30 ptm 0.84 i_ptm 0.35 energy 0.54
22 models [0] recycles 0 hard 0 soft 1 temp 1 loss 4.14 i_con 4.06 plddt 0.30 ptm 0.84 i_ptm 0.31 energy 0.34
23 models [0] recycles 0 hard 0 soft 1 temp 1 loss 3.98 i_con 3.90 plddt 0.31 ptm 0.85 i_ptm 0.39 energy 0.27
24 models [1] recycles 0 hard 0 soft 1 temp 1 loss 4.01 i_con 3.95 plddt 0.29 ptm 0.87 i_ptm 0.34 energy -0.15
25 models [4] recycles 0 hard 0 soft 1 temp 1 loss 3.88 i_con 3.83 plddt 0.33 ptm 0.88 i_ptm 0.46 energy -0.46
26 models [1] recycles 0 hard 0 soft 1 temp 1 loss 4.05 i_con 4.03 plddt 0.29 ptm 0.86 i_ptm 0.32 energy -0.88
27 models [3] recycles 0 hard 0 soft 1 temp 1 loss 3.76 i_con 3.75 plddt 0.35 ptm 0.86 i_ptm 0.46 energy -1.11
28 models [1] recycles 0 hard 0 soft 1 temp 1 loss 4.16 i_con 4.17 plddt 0.29 ptm 0.86 i_ptm 0.25 energy -1.76
29 models [4] recycles 0 hard 0 soft 1 temp 1 loss 3.70 i_con 3.73 plddt 0.35 ptm 0.88 i_ptm 0.48 energy -1.92
30 models [0] recycles 0 hard 0 soft 1 temp 1 loss 3.90 i_con 3.95 plddt 0.37 ptm 0.84 i_ptm 0.39 energy -2.24
31 models [3] recycles 0 hard 0 soft 1 temp 1 loss 3.64 i_con 3.69 plddt 0.38 ptm 0.86 i_ptm 0.50 energy -2.26
32 models [2] recycles 0 hard 0 soft 1 temp 1 loss 3.68 i_con 3.73 plddt 0.39 ptm 0.87 i_ptm 0.52 energy -2.34
33 models [4] recycles 0 hard 0 soft 1 temp 1 loss 3.56 i_con 3.62 plddt 0.42 ptm 0.88 i_ptm 0.55 energy -2.38
34 models [2] recycles 0 hard 0 soft 1 temp 1 loss 3.62 i_con 3.68 plddt 0.41 ptm 0.88 i_ptm 0.54 energy -2.45
35 models [2] recycles 0 hard 0 soft 1 temp 1 loss 3.65 i_con 3.72 plddt 0.40 ptm 0.87 i_ptm 0.52 energy -2.59
36 models [4] recycles 0 hard 0 soft 1 temp 1 loss 3.61 i_con 3.69 plddt 0.41 ptm 0.89 i_ptm 0.55 energy -2.69
37 models [1] recycles 0 hard 0 soft 1 temp 1 loss 3.83 i_con 3.89 plddt 0.30 ptm 0.87 i_ptm 0.40 energy -2.76
38 models [1] recycles 0 hard 0 soft 1 temp 1 loss 3.95 i_con 4.02 plddt 0.31 ptm 0.86 i_ptm 0.34 energy -2.70
39 models [2] recycles 0 hard 0 soft 1 temp 1 loss 3.58 i_con 3.65 plddt 0.39 ptm 0.87 i_ptm 0.51 energy -2.69
40 models [4] recycles 0 hard 0 soft 1 temp 1 loss 3.62 i_con 3.69 plddt 0.35 ptm 0.89 i_ptm 0.50 energy -2.80
41 models [4] recycles 0 hard 0 soft 1 temp 1 loss 3.56 i_con 3.64 plddt 0.38 ptm 0.89 i_ptm 0.51 energy -2.97
42 models [3] recycles 0 hard 0 soft 1 temp 1 loss 3.55 i_con 3.65 plddt 0.40 ptm 0.87 i_ptm 0.53 energy -3.06
43 models [0] recycles 0 hard 0 soft 1 temp 1 loss 3.83 i_con 3.93 plddt 0.34 ptm 0.85 i_ptm 0.41 energy -3.26
44 models [3] recycles 0 hard 0 soft 1 temp 1 loss 3.56 i_con 3.66 plddt 0.37 ptm 0.86 i_ptm 0.53 energy -3.27
45 models [4] recycles 0 hard 0 soft 1 temp 1 loss 3.67 i_con 3.77 plddt 0.34 ptm 0.88 i_ptm 0.49 energy -3.33
46 models [3] recycles 0 hard 0 soft 1 temp 1 loss 3.50 i_con 3.61 plddt 0.40 ptm 0.86 i_ptm 0.52 energy -3.43
47 models [1] recycles 0 hard 0 soft 1 temp 1 loss 3.70 i_con 3.81 plddt 0.34 ptm 0.87 i_ptm 0.42 energy -3.49
48 models [3] recycles 0 hard 0 soft 1 temp 1 loss 3.58 i_con 3.69 plddt 0.41 ptm 0.86 i_ptm 0.50 energy -3.45
49 models [3] recycles 0 hard 0 soft 1 temp 1 loss 3.50 i_con 3.61 plddt 0.41 ptm 0.86 i_ptm 0.52 energy -3.49
50 models [4] recycles 0 hard 0 soft 1 temp 1 loss 3.53 i_con 3.65 plddt 0.42 ptm 0.88 i_ptm 0.51 energy -3.59
51 models [1] recycles 0 hard 0 soft 1 temp 1 loss 3.81 i_con 4.48 plddt 0.22 ptm 0.86 i_ptm 0.15 energy -3.76
52 models [2] recycles 0 hard 0 soft 1 temp 1 loss 2.92 i_con 3.59 plddt 0.41 ptm 0.87 i_ptm 0.53 energy -3.67
53 models [1] recycles 0 hard 0 soft 1 temp 1 loss 3.21 i_con 3.91 plddt 0.31 ptm 0.87 i_ptm 0.41 energy -3.84
54 models [1] recycles 0 hard 0 soft 1 temp 1 loss 3.17 i_con 3.89 plddt 0.31 ptm 0.87 i_ptm 0.38 energy -3.93
55 models [4] recycles 0 hard 0 soft 1 temp 1 loss 2.91 i_con 3.65 plddt 0.37 ptm 0.89 i_ptm 0.51 energy -3.99
56 models [2] recycles 0 hard 0 soft 1 temp 1 loss 2.92 i_con 3.64 plddt 0.42 ptm 0.87 i_ptm 0.55 energy -3.93
57 models [3] recycles 0 hard 0 soft 1 temp 1 loss 2.89 i_con 3.66 plddt 0.36 ptm 0.87 i_ptm 0.49 energy -4.15
58 models [0] recycles 0 hard 0 soft 1 temp 1 loss 3.06 i_con 3.88 plddt 0.36 ptm 0.85 i_ptm 0.41 energy -4.41
59 models [1] recycles 0 hard 0 soft 1 temp 1 loss 3.10 i_con 3.92 plddt 0.35 ptm 0.86 i_ptm 0.42 energy -4.45
60 models [3] recycles 0 hard 0 soft 1 temp 1 loss 2.87 i_con 3.72 plddt 0.37 ptm 0.86 i_ptm 0.49 energy -4.55
61 models [0] recycles 0 hard 0 soft 1 temp 1 loss 2.87 i_con 3.75 plddt 0.38 ptm 0.85 i_ptm 0.45 energy -4.69
62 models [1] recycles 0 hard 0 soft 1 temp 1 loss 4.34 i_con 5.25 plddt 0.23 ptm 0.86 i_ptm 0.15 energy -4.92
63 models [0] recycles 0 hard 0 soft 1 temp 1 loss 3.00 i_con 3.91 plddt 0.37 ptm 0.84 i_ptm 0.41 energy -4.91
64 models [3] recycles 0 hard 0 soft 1 temp 1 loss 2.73 i_con 3.69 plddt 0.38 ptm 0.87 i_ptm 0.50 energy -5.12
65 models [2] recycles 0 hard 0 soft 1 temp 1 loss 2.71 i_con 3.71 plddt 0.40 ptm 0.87 i_ptm 0.50 energy -5.31
66 models [1] recycles 0 hard 0 soft 1 temp 1 loss 3.92 i_con 4.91 plddt 0.23 ptm 0.85 i_ptm 0.12 energy -5.32
67 models [3] recycles 0 hard 0 soft 1 temp 1 loss 2.69 i_con 3.69 plddt 0.38 ptm 0.86 i_ptm 0.48 energy -5.31
68 models [0] recycles 0 hard 0 soft 1 temp 1 loss 2.99 i_con 4.01 plddt 0.32 ptm 0.85 i_ptm 0.37 energy -5.44
69 models [4] recycles 0 hard 0 soft 1 temp 1 loss 2.72 i_con 3.79 plddt 0.33 ptm 0.88 i_ptm 0.44 energy -5.66
70 models [4] recycles 0 hard 0 soft 1 temp 1 loss 2.92 i_con 4.01 plddt 0.33 ptm 0.87 i_ptm 0.33 energy -5.80
71 models [1] recycles 0 hard 0 soft 1 temp 1 loss 2.97 i_con 4.08 plddt 0.30 ptm 0.86 i_ptm 0.35 energy -5.90
72 models [4] recycles 0 hard 0 soft 1 temp 1 loss 2.60 i_con 3.73 plddt 0.36 ptm 0.88 i_ptm 0.47 energy -6.00
73 models [1] recycles 0 hard 0 soft 1 temp 1 loss 2.98 i_con 4.16 plddt 0.30 ptm 0.87 i_ptm 0.29 energy -6.22
74 models [3] recycles 0 hard 0 soft 1 temp 1 loss 2.64 i_con 3.82 plddt 0.36 ptm 0.85 i_ptm 0.42 energy -6.18
75 models [4] recycles 0 hard 0 soft 1 temp 1 loss 2.65 i_con 3.79 plddt 0.34 ptm 0.88 i_ptm 0.44 energy -6.00
76 models [4] recycles 0 hard 0 soft 1 temp 1 loss 2.52 i_con 3.69 plddt 0.36 ptm 0.88 i_ptm 0.47 energy -6.13
77 models [4] recycles 0 hard 0 soft 1 temp 1 loss 2.50 i_con 3.70 plddt 0.38 ptm 0.88 i_ptm 0.48 energy -6.29
78 models [4] recycles 0 hard 0 soft 1 temp 1 loss 2.59 i_con 3.82 plddt 0.34 ptm 0.89 i_ptm 0.43 energy -6.46
79 models [1] recycles 0 hard 0 soft 1 temp 1 loss 3.93 i_con 5.20 plddt 0.26 ptm 0.85 i_ptm 0.13 energy -6.69
80 models [2] recycles 0 hard 0 soft 1 temp 1 loss 2.43 i_con 3.69 plddt 0.40 ptm 0.87 i_ptm 0.49 energy -6.62
81 models [3] recycles 0 hard 0 soft 1 temp 1 loss 2.44 i_con 3.74 plddt 0.38 ptm 0.86 i_ptm 0.48 energy -6.82
82 models [1] recycles 0 hard 0 soft 1 temp 1 loss 4.12 i_con 5.43 plddt 0.27 ptm 0.86 i_ptm 0.15 energy -6.88
83 models [4] recycles 0 hard 0 soft 1 temp 1 loss 2.39 i_con 3.70 plddt 0.38 ptm 0.88 i_ptm 0.49 energy -6.89
84 models [0] recycles 0 hard 0 soft 1 temp 1 loss 2.64 i_con 3.97 plddt 0.35 ptm 0.84 i_ptm 0.37 energy -6.99
85 models [3] recycles 0 hard 0 soft 1 temp 1 loss 2.36 i_con 3.71 plddt 0.39 ptm 0.86 i_ptm 0.48 energy -7.06
86 models [1] recycles 0 hard 0 soft 1 temp 1 loss 3.59 i_con 4.94 plddt 0.26 ptm 0.85 i_ptm 0.11 energy -7.15
87 models [1] recycles 0 hard 0 soft 1 temp 1 loss 3.66 i_con 5.03 plddt 0.25 ptm 0.86 i_ptm 0.11 energy -7.19
88 models [4] recycles 0 hard 0 soft 1 temp 1 loss 2.51 i_con 3.87 plddt 0.35 ptm 0.88 i_ptm 0.42 energy -7.11
89 models [0] recycles 0 hard 0 soft 1 temp 1 loss 2.65 i_con 4.00 plddt 0.34 ptm 0.84 i_ptm 0.33 energy -7.09
90 models [1] recycles 0 hard 0 soft 1 temp 1 loss 3.18 i_con 4.54 plddt 0.24 ptm 0.86 i_ptm 0.10 energy -7.16
91 models [1] recycles 0 hard 0 soft 1 temp 1 loss 2.64 i_con 3.99 plddt 0.32 ptm 0.87 i_ptm 0.33 energy -7.09
92 models [4] recycles 0 hard 0 soft 1 temp 1 loss 2.49 i_con 3.83 plddt 0.34 ptm 0.88 i_ptm 0.41 energy -7.03
93 models [4] recycles 0 hard 0 soft 1 temp 1 loss 2.48 i_con 3.84 plddt 0.33 ptm 0.88 i_ptm 0.40 energy -7.14
94 models [3] recycles 0 hard 0 soft 1 temp 1 loss 2.18 i_con 3.56 plddt 0.45 ptm 0.86 i_ptm 0.55 energy -7.18
95 models [4] recycles 0 hard 0 soft 1 temp 1 loss 2.32 i_con 3.70 plddt 0.39 ptm 0.89 i_ptm 0.47 energy -7.24
96 models [1] recycles 0 hard 0 soft 1 temp 1 loss 4.06 i_con 5.47 plddt 0.24 ptm 0.86 i_ptm 0.13 energy -7.39
97 models [4] recycles 0 hard 0 soft 1 temp 1 loss 2.48 i_con 3.90 plddt 0.35 ptm 0.88 i_ptm 0.39 energy -7.40
98 models [0] recycles 0 hard 0 soft 1 temp 1 loss 2.40 i_con 3.82 plddt 0.38 ptm 0.84 i_ptm 0.42 energy -7.43
99 models [2] recycles 0 hard 0 soft 1 temp 1 loss 2.28 i_con 3.71 plddt 0.40 ptm 0.87 i_ptm 0.49 energy -7.46
100 models [3] recycles 0 hard 0 soft 1 temp 1 loss 2.34 i_con 3.79 plddt 0.36 ptm 0.86 i_ptm 0.43 energy -7.58
101 models [2] recycles 0 hard 0 soft 0 temp 1 loss 2.90 i_con 4.80 plddt 0.18 ptm 0.25 i_ptm 0.46 energy -39.62
102 models [2] recycles 0 hard 0 soft 0 temp 0.98 loss 2.04 i_con 3.93 plddt 0.19 ptm 0.32 i_ptm 0.53 energy -39.55
103 models [1] recycles 0 hard 0 soft 0 temp 0.96 loss 4.09 i_con 5.99 plddt 0.28 ptm 0.86 i_ptm 0.17 energy -39.31
104 models [1] recycles 0 hard 0 soft 0 temp 0.94 loss 2.75 i_con 4.63 plddt 0.19 ptm 0.12 i_ptm 0.12 energy -39.21
105 models [3] recycles 0 hard 0 soft 0 temp 0.92 loss 2.66 i_con 4.54 plddt 0.15 ptm 0.58 i_ptm 0.15 energy -39.15
106 models [3] recycles 0 hard 0 soft 0 temp 0.90 loss 1.85 i_con 3.72 plddt 0.17 ptm 0.36 i_ptm 0.36 energy -39.03
107 models [1] recycles 0 hard 0 soft 0 temp 0.88 loss 2.67 i_con 4.56 plddt 0.21 ptm 0.15 i_ptm 0.13 energy -39.31
108 models [2] recycles 0 hard 0 soft 0 temp 0.86 loss 1.61 i_con 3.50 plddt 0.26 ptm 0.29 i_ptm 0.37 energy -39.36
109 models [1] recycles 0 hard 0 soft 0 temp 0.84 loss 2.30 i_con 4.20 plddt 0.19 ptm 0.21 i_ptm 0.20 energy -39.46
110 models [3] recycles 0 hard 0 soft 0 temp 0.82 loss 0.17 i_con 2.07 plddt 0.24 ptm 0.54 i_ptm 0.53 energy -39.57
111 models [1] recycles 0 hard 0 soft 0 temp 0.80 loss 3.37 i_con 5.27 plddt 0.19 ptm 0.67 i_ptm 0.54 energy -39.77
112 models [3] recycles 0 hard 0 soft 0 temp 0.78 loss 0.77 i_con 2.69 plddt 0.28 ptm 0.45 i_ptm 0.42 energy -39.91
113 models [4] recycles 0 hard 0 soft 0 temp 0.76 loss 3.04 i_con 4.93 plddt 0.15 ptm 0.72 i_ptm 0.11 energy -39.56
114 models [1] recycles 0 hard 0 soft 0 temp 0.74 loss 1.64 i_con 3.55 plddt 0.29 ptm 0.57 i_ptm 0.64 energy -39.73
115 models [3] recycles 0 hard 0 soft 0 temp 0.72 loss 1.82 i_con 3.71 plddt 0.20 ptm 0.33 i_ptm 0.43 energy -39.36
116 models [0] recycles 0 hard 0 soft 0 temp 0.70 loss 1.82 i_con 3.72 plddt 0.21 ptm 0.29 i_ptm 0.49 energy -39.58
117 models [1] recycles 0 hard 0 soft 0 temp 0.68 loss 2.99 i_con 4.89 plddt 0.20 ptm 0.74 i_ptm 0.23 energy -39.63
118 models [3] recycles 0 hard 0 soft 0 temp 0.66 loss 1.84 i_con 3.74 plddt 0.21 ptm 0.31 i_ptm 0.44 energy -39.54
119 models [2] recycles 0 hard 0 soft 0 temp 0.64 loss -1.82 i_con 0.08 plddt 0.22 ptm 0.83 i_ptm 0.82 energy -39.52
120 models [2] recycles 0 hard 0 soft 0 temp 0.62 loss -1.14 i_con 0.78 plddt 0.19 ptm 0.78 i_ptm 0.70 energy -39.90
121 models [3] recycles 0 hard 0 soft 0 temp 0.60 loss -1.69 i_con 0.24 plddt 0.29 ptm 0.84 i_ptm 0.84 energy -39.94
122 models [0] recycles 0 hard 0 soft 0 temp 0.58 loss 2.58 i_con 4.49 plddt 0.22 ptm 0.25 i_ptm 0.41 energy -39.90
123 models [3] recycles 0 hard 0 soft 0 temp 0.56 loss 1.41 i_con 3.33 plddt 0.21 ptm 0.51 i_ptm 0.50 energy -39.95
124 models [0] recycles 0 hard 0 soft 0 temp 0.54 loss 1.94 i_con 3.85 plddt 0.23 ptm 0.44 i_ptm 0.46 energy -39.82
125 models [0] recycles 0 hard 0 soft 0 temp 0.52 loss 2.32 i_con 4.23 plddt 0.20 ptm 0.26 i_ptm 0.24 energy -39.85
126 models [3] recycles 0 hard 0 soft 0 temp 0.50 loss 0.26 i_con 2.18 plddt 0.30 ptm 0.57 i_ptm 0.60 energy -39.90
127 models [1] recycles 0 hard 0 soft 0 temp 0.48 loss 1.50 i_con 3.42 plddt 0.24 ptm 0.61 i_ptm 0.61 energy -39.99
128 models [1] recycles 0 hard 0 soft 0 temp 0.46 loss 1.76 i_con 3.68 plddt 0.28 ptm 0.55 i_ptm 0.58 energy -39.89
129 models [4] recycles 0 hard 0 soft 0 temp 0.44 loss -0.48 i_con 1.45 plddt 0.29 ptm 0.79 i_ptm 0.79 energy -40.19
130 models [0] recycles 0 hard 0 soft 0 temp 0.42 loss -0.06 i_con 1.88 plddt 0.25 ptm 0.59 i_ptm 0.58 energy -40.26
131 models [4] recycles 0 hard 0 soft 0 temp 0.40 loss -0.53 i_con 1.42 plddt 0.26 ptm 0.75 i_ptm 0.66 energy -40.47
132 models [0] recycles 0 hard 0 soft 0 temp 0.38 loss 2.25 i_con 4.19 plddt 0.19 ptm 0.40 i_ptm 0.37 energy -40.42
133 models [1] recycles 0 hard 0 soft 0 temp 0.36 loss 1.51 i_con 3.45 plddt 0.29 ptm 0.57 i_ptm 0.53 energy -40.12
134 models [0] recycles 0 hard 0 soft 0 temp 0.34 loss 2.30 i_con 4.22 plddt 0.16 ptm 0.22 i_ptm 0.27 energy -40.22
135 models [3] recycles 0 hard 0 soft 0 temp 0.32 loss -1.90 i_con 0.05 plddt 0.40 ptm 0.80 i_ptm 0.81 energy -40.04
136 models [4] recycles 0 hard 0 soft 0 temp 0.30 loss 2.91 i_con 4.82 plddt 0.15 ptm 0.45 i_ptm 0.29 energy -39.95
137 models [4] recycles 0 hard 0 soft 0 temp 0.28 loss 3.09 i_con 4.99 plddt 0.18 ptm 0.60 i_ptm 0.18 energy -39.78
138 models [3] recycles 0 hard 0 soft 0 temp 0.26 loss 0.26 i_con 2.18 plddt 0.26 ptm 0.66 i_ptm 0.61 energy -39.76
139 models [2] recycles 0 hard 0 soft 0 temp 0.24 loss 3.57 i_con 5.47 plddt 0.21 ptm 0.79 i_ptm 0.11 energy -39.59
140 models [1] recycles 0 hard 0 soft 0 temp 0.22 loss 2.58 i_con 4.49 plddt 0.22 ptm 0.18 i_ptm 0.16 energy -39.66
141 models [1] recycles 0 hard 0 soft 0 temp 0.20 loss 3.58 i_con 5.49 plddt 0.21 ptm 0.51 i_ptm 0.08 energy -39.85
142 models [2] recycles 0 hard 0 soft 0 temp 0.18 loss 2.43 i_con 4.34 plddt 0.17 ptm 0.45 i_ptm 0.40 energy -39.78
143 models [0] recycles 0 hard 0 soft 0 temp 0.16 loss 3.15 i_con 5.06 plddt 0.20 ptm 0.58 i_ptm 0.23 energy -39.88
144 models [3] recycles 0 hard 0 soft 0 temp 0.14 loss 2.19 i_con 4.11 plddt 0.16 ptm 0.34 i_ptm 0.50 energy -40.18
145 models [4] recycles 0 hard 0 soft 0 temp 0.12 loss 1.92 i_con 3.87 plddt 0.20 ptm 0.41 i_ptm 0.49 energy -40.59
146 models [0] recycles 0 hard 0 soft 0 temp 0.10 loss 1.18 i_con 3.14 plddt 0.22 ptm 0.56 i_ptm 0.54 energy -40.81
147 models [1] recycles 0 hard 0 soft 0 temp 0.08 loss 0.46 i_con 2.45 plddt 0.36 ptm 0.79 i_ptm 0.63 energy -41.07
148 models [1] recycles 0 hard 0 soft 0 temp 0.06 loss 0.29 i_con 2.28 plddt 0.24 ptm 0.59 i_ptm 0.62 energy -41.24
149 models [2] recycles 0 hard 0 soft 0 temp 0.04 loss -0.80 i_con 1.19 plddt 0.27 ptm 0.61 i_ptm 0.69 energy -41.36
150 models [4] recycles 0 hard 0 soft 0 temp 0.02 loss -1.88 i_con 0.12 plddt 0.33 ptm 0.85 i_ptm 0.84 energy -41.31
151 models [2] recycles 0 hard 1 soft 0 temp 0.00 loss 0.26 i_con 3.75 plddt 0.32 ptm 0.87 i_ptm 0.49 energy -7.13
152 models [4] recycles 0 hard 1 soft 0 temp 0.00 loss 0.25 i_con 3.75 plddt 0.31 ptm 0.89 i_ptm 0.46 energy -7.13
153 models [3] recycles 0 hard 1 soft 0 temp 0.00 loss 0.32 i_con 3.81 plddt 0.32 ptm 0.86 i_ptm 0.45 energy -7.13
154 models [0] recycles 0 hard 1 soft 0 temp 0.00 loss 0.48 i_con 3.97 plddt 0.28 ptm 0.84 i_ptm 0.36 energy -7.13
155 models [3] recycles 0 hard 1 soft 0 temp 0.00 loss 0.32 i_con 3.81 plddt 0.32 ptm 0.86 i_ptm 0.45 energy -7.13
156 models [2] recycles 0 hard 1 soft 0 temp 0.00 loss 0.26 i_con 3.75 plddt 0.32 ptm 0.87 i_ptm 0.49 energy -7.13
157 models [0] recycles 0 hard 1 soft 0 temp 0.00 loss 0.48 i_con 3.97 plddt 0.28 ptm 0.84 i_ptm 0.36 energy -7.13
158 models [2] recycles 0 hard 1 soft 0 temp 0.00 loss 0.26 i_con 3.75 plddt 0.32 ptm 0.87 i_ptm 0.49 energy -7.13
159 models [1] recycles 0 hard 1 soft 0 temp 0.00 loss 1.17 i_con 4.66 plddt 0.26 ptm 0.85 i_ptm 0.18 energy -7.13
160 models [1] recycles 0 hard 1 soft 0 temp 0.00 loss 1.17 i_con 4.66 plddt 0.26 ptm 0.85 i_ptm 0.18 energy -7.13
161 models [4] recycles 0 hard 1 soft 0 temp 0.00 loss 0.25 i_con 3.75 plddt 0.31 ptm 0.89 i_ptm 0.46 energy -7.13
162 models [3] recycles 0 hard 1 soft 0 temp 0.00 loss 0.32 i_con 3.81 plddt 0.32 ptm 0.86 i_ptm 0.45 energy -7.13
163 models [3] recycles 0 hard 1 soft 0 temp 0.00 loss 0.32 i_con 3.81 plddt 0.32 ptm 0.86 i_ptm 0.45 energy -7.13
164 models [3] recycles 0 hard 1 soft 0 temp 0.00 loss 0.32 i_con 3.81 plddt 0.32 ptm 0.86 i_ptm 0.45 energy -7.13
165 models [4] recycles 0 hard 1 soft 0 temp 0.00 loss 0.25 i_con 3.75 plddt 0.31 ptm 0.89 i_ptm 0.46 energy -7.13
166 models [0] recycles 0 hard 1 soft 0 temp 0.00 loss 0.48 i_con 3.97 plddt 0.28 ptm 0.84 i_ptm 0.36 energy -7.13
167 models [3] recycles 0 hard 1 soft 0 temp 0.00 loss 0.32 i_con 3.81 plddt 0.32 ptm 0.86 i_ptm 0.45 energy -7.13
168 models [4] recycles 0 hard 1 soft 0 temp 0.00 loss 0.25 i_con 3.75 plddt 0.31 ptm 0.89 i_ptm 0.46 energy -7.13
169 models [0] recycles 0 hard 1 soft 0 temp 0.00 loss 0.48 i_con 3.97 plddt 0.28 ptm 0.84 i_ptm 0.36 energy -7.13
170 models [4] recycles 0 hard 1 soft 0 temp 0.00 loss 0.25 i_con 3.75 plddt 0.31 ptm 0.89 i_ptm 0.46 energy -7.13
171 models [4] recycles 0 hard 1 soft 0 temp 0.00 loss 0.25 i_con 3.75 plddt 0.31 ptm 0.89 i_ptm 0.46 energy -7.13
172 models [2] recycles 0 hard 1 soft 0 temp 0.00 loss 0.26 i_con 3.75 plddt 0.32 ptm 0.87 i_ptm 0.49 energy -7.13
173 models [2] recycles 0 hard 1 soft 0 temp 0.00 loss 0.26 i_con 3.75 plddt 0.32 ptm 0.87 i_ptm 0.49 energy -7.13
174 models [3] recycles 0 hard 1 soft 0 temp 0.00 loss 0.32 i_con 3.81 plddt 0.32 ptm 0.86 i_ptm 0.45 energy -7.13
175 models [3] recycles 0 hard 1 soft 0 temp 0.00 loss 0.32 i_con 3.81 plddt 0.32 ptm 0.86 i_ptm 0.45 energy -7.13
176 models [0] recycles 0 hard 1 soft 0 temp 0.00 loss 0.48 i_con 3.97 plddt 0.28 ptm 0.84 i_ptm 0.36 energy -7.13
177 models [1] recycles 0 hard 1 soft 0 temp 0.00 loss 1.17 i_con 4.66 plddt 0.26 ptm 0.85 i_ptm 0.18 energy -7.13
178 models [0] recycles 0 hard 1 soft 0 temp 0.00 loss 0.48 i_con 3.97 plddt 0.28 ptm 0.84 i_ptm 0.36 energy -7.13
179 models [4] recycles 0 hard 1 soft 0 temp 0.00 loss 0.25 i_con 3.75 plddt 0.31 ptm 0.89 i_ptm 0.46 energy -7.13
180 models [4] recycles 0 hard 1 soft 0 temp 0.00 loss 0.25 i_con 3.75 plddt 0.31 ptm 0.89 i_ptm 0.46 energy -7.13
  seq=AWWYWAQDVNHQKTG  loss=0.2549  loss_af=3.8187  energy=-7.1274  i_ptm=0.4616
[16/20] seed=15 ...
1 models [0] recycles 0 hard 0 soft 1 temp 1 loss 5.65 i_con 5.20 plddt 0.25 ptm 0.84 i_ptm 0.23 energy 7.39
2 models [0] recycles 0 hard 0 soft 1 temp 1 loss 4.54 i_con 4.11 plddt 0.28 ptm 0.84 i_ptm 0.32 energy 7.14
3 models [0] recycles 0 hard 0 soft 1 temp 1 loss 4.58 i_con 4.19 plddt 0.31 ptm 0.82 i_ptm 0.29 energy 6.52
4 models [2] recycles 0 hard 0 soft 1 temp 1 loss 4.14 i_con 3.78 plddt 0.35 ptm 0.87 i_ptm 0.46 energy 5.89
5 models [4] recycles 0 hard 0 soft 1 temp 1 loss 4.34 i_con 4.01 plddt 0.29 ptm 0.88 i_ptm 0.35 energy 5.22
6 models [0] recycles 0 hard 0 soft 1 temp 1 loss 4.54 i_con 4.24 plddt 0.27 ptm 0.83 i_ptm 0.25 energy 4.61
7 models [0] recycles 0 hard 0 soft 1 temp 1 loss 4.33 i_con 4.05 plddt 0.27 ptm 0.84 i_ptm 0.32 energy 4.17
8 models [3] recycles 0 hard 0 soft 1 temp 1 loss 4.15 i_con 3.91 plddt 0.33 ptm 0.86 i_ptm 0.40 energy 3.52
9 models [0] recycles 0 hard 0 soft 1 temp 1 loss 4.26 i_con 4.02 plddt 0.29 ptm 0.85 i_ptm 0.36 energy 3.29
10 models [4] recycles 0 hard 0 soft 1 temp 1 loss 4.09 i_con 3.87 plddt 0.31 ptm 0.88 i_ptm 0.40 energy 3.02
11 models [3] recycles 0 hard 0 soft 1 temp 1 loss 4.02 i_con 3.81 plddt 0.32 ptm 0.85 i_ptm 0.42 energy 2.85
12 models [0] recycles 0 hard 0 soft 1 temp 1 loss 4.15 i_con 3.96 plddt 0.31 ptm 0.85 i_ptm 0.38 energy 2.44
13 models [3] recycles 0 hard 0 soft 1 temp 1 loss 3.99 i_con 3.81 plddt 0.35 ptm 0.86 i_ptm 0.42 energy 2.13
14 models [1] recycles 0 hard 0 soft 1 temp 1 loss 4.20 i_con 4.04 plddt 0.25 ptm 0.87 i_ptm 0.30 energy 1.72
15 models [1] recycles 0 hard 0 soft 1 temp 1 loss 4.24 i_con 4.10 plddt 0.27 ptm 0.87 i_ptm 0.29 energy 1.44
16 models [1] recycles 0 hard 0 soft 1 temp 1 loss 4.41 i_con 4.27 plddt 0.25 ptm 0.86 i_ptm 0.24 energy 1.18
17 models [4] recycles 0 hard 0 soft 1 temp 1 loss 3.86 i_con 3.74 plddt 0.34 ptm 0.88 i_ptm 0.47 energy 1.06
18 models [4] recycles 0 hard 0 soft 1 temp 1 loss 3.85 i_con 3.75 plddt 0.35 ptm 0.89 i_ptm 0.47 energy 0.82
19 models [4] recycles 0 hard 0 soft 1 temp 1 loss 3.82 i_con 3.73 plddt 0.39 ptm 0.89 i_ptm 0.50 energy 0.50
20 models [3] recycles 0 hard 0 soft 1 temp 1 loss 3.71 i_con 3.64 plddt 0.40 ptm 0.87 i_ptm 0.51 energy 0.09
21 models [4] recycles 0 hard 0 soft 1 temp 1 loss 4.15 i_con 4.09 plddt 0.28 ptm 0.88 i_ptm 0.30 energy -0.25
22 models [0] recycles 0 hard 0 soft 1 temp 1 loss 3.99 i_con 3.94 plddt 0.30 ptm 0.85 i_ptm 0.37 energy -0.35
23 models [2] recycles 0 hard 0 soft 1 temp 1 loss 3.70 i_con 3.66 plddt 0.37 ptm 0.87 i_ptm 0.52 energy -0.58
24 models [0] recycles 0 hard 0 soft 1 temp 1 loss 4.09 i_con 4.07 plddt 0.30 ptm 0.84 i_ptm 0.32 energy -0.99
25 models [4] recycles 0 hard 0 soft 1 temp 1 loss 3.74 i_con 3.74 plddt 0.37 ptm 0.88 i_ptm 0.49 energy -1.10
26 models [4] recycles 0 hard 0 soft 1 temp 1 loss 3.63 i_con 3.63 plddt 0.40 ptm 0.89 i_ptm 0.54 energy -1.19
27 models [0] recycles 0 hard 0 soft 1 temp 1 loss 3.74 i_con 3.75 plddt 0.37 ptm 0.85 i_ptm 0.48 energy -1.36
28 models [3] recycles 0 hard 0 soft 1 temp 1 loss 3.83 i_con 3.85 plddt 0.34 ptm 0.84 i_ptm 0.43 energy -1.87
29 models [3] recycles 0 hard 0 soft 1 temp 1 loss 3.69 i_con 3.74 plddt 0.38 ptm 0.86 i_ptm 0.49 energy -2.12
30 models [4] recycles 0 hard 0 soft 1 temp 1 loss 3.72 i_con 3.78 plddt 0.34 ptm 0.89 i_ptm 0.47 energy -2.44
31 models [3] recycles 0 hard 0 soft 1 temp 1 loss 3.65 i_con 3.72 plddt 0.38 ptm 0.87 i_ptm 0.47 energy -2.61
32 models [2] recycles 0 hard 0 soft 1 temp 1 loss 3.70 i_con 3.77 plddt 0.39 ptm 0.86 i_ptm 0.49 energy -2.66
33 models [1] recycles 0 hard 0 soft 1 temp 1 loss 3.73 i_con 3.79 plddt 0.32 ptm 0.87 i_ptm 0.42 energy -2.66
34 models [4] recycles 0 hard 0 soft 1 temp 1 loss 3.64 i_con 3.71 plddt 0.37 ptm 0.89 i_ptm 0.54 energy -2.74
35 models [2] recycles 0 hard 0 soft 1 temp 1 loss 3.53 i_con 3.61 plddt 0.42 ptm 0.87 i_ptm 0.55 energy -2.86
36 models [4] recycles 0 hard 0 soft 1 temp 1 loss 3.61 i_con 3.69 plddt 0.37 ptm 0.88 i_ptm 0.49 energy -2.90
37 models [2] recycles 0 hard 0 soft 1 temp 1 loss 3.63 i_con 3.72 plddt 0.40 ptm 0.86 i_ptm 0.49 energy -2.89
38 models [2] recycles 0 hard 0 soft 1 temp 1 loss 3.55 i_con 3.64 plddt 0.43 ptm 0.88 i_ptm 0.54 energy -3.02
39 models [2] recycles 0 hard 0 soft 1 temp 1 loss 3.59 i_con 3.69 plddt 0.44 ptm 0.87 i_ptm 0.56 energy -3.10
40 models [3] recycles 0 hard 0 soft 1 temp 1 loss 3.60 i_con 3.69 plddt 0.35 ptm 0.86 i_ptm 0.47 energy -3.01
41 models [3] recycles 0 hard 0 soft 1 temp 1 loss 3.59 i_con 3.69 plddt 0.41 ptm 0.86 i_ptm 0.52 energy -3.10
42 models [3] recycles 0 hard 0 soft 1 temp 1 loss 3.54 i_con 3.64 plddt 0.41 ptm 0.87 i_ptm 0.52 energy -3.21
43 models [2] recycles 0 hard 0 soft 1 temp 1 loss 3.56 i_con 3.66 plddt 0.41 ptm 0.88 i_ptm 0.58 energy -3.19
44 models [4] recycles 0 hard 0 soft 1 temp 1 loss 3.59 i_con 3.69 plddt 0.39 ptm 0.89 i_ptm 0.53 energy -3.21
45 models [4] recycles 0 hard 0 soft 1 temp 1 loss 3.62 i_con 3.72 plddt 0.40 ptm 0.88 i_ptm 0.53 energy -3.22
46 models [0] recycles 0 hard 0 soft 1 temp 1 loss 3.83 i_con 3.93 plddt 0.36 ptm 0.84 i_ptm 0.41 energy -3.22
47 models [1] recycles 0 hard 0 soft 1 temp 1 loss 4.04 i_con 4.12 plddt 0.27 ptm 0.86 i_ptm 0.30 energy -3.21
48 models [4] recycles 0 hard 0 soft 1 temp 1 loss 3.53 i_con 3.63 plddt 0.41 ptm 0.89 i_ptm 0.54 energy -3.21
49 models [4] recycles 0 hard 0 soft 1 temp 1 loss 3.53 i_con 3.63 plddt 0.40 ptm 0.89 i_ptm 0.54 energy -3.26
50 models [3] recycles 0 hard 0 soft 1 temp 1 loss 3.60 i_con 3.72 plddt 0.41 ptm 0.86 i_ptm 0.50 energy -3.42
51 models [4] recycles 0 hard 0 soft 1 temp 1 loss 3.01 i_con 3.65 plddt 0.44 ptm 0.88 i_ptm 0.54 energy -3.48
52 models [2] recycles 0 hard 0 soft 1 temp 1 loss 3.01 i_con 3.65 plddt 0.43 ptm 0.87 i_ptm 0.57 energy -3.51
53 models [3] recycles 0 hard 0 soft 1 temp 1 loss 3.02 i_con 3.68 plddt 0.37 ptm 0.86 i_ptm 0.47 energy -3.60
54 models [1] recycles 0 hard 0 soft 1 temp 1 loss 3.28 i_con 3.97 plddt 0.32 ptm 0.87 i_ptm 0.35 energy -3.79
55 models [1] recycles 0 hard 0 soft 1 temp 1 loss 3.38 i_con 4.07 plddt 0.28 ptm 0.86 i_ptm 0.31 energy -3.81
56 models [2] recycles 0 hard 0 soft 1 temp 1 loss 3.07 i_con 3.78 plddt 0.40 ptm 0.87 i_ptm 0.49 energy -3.83
57 models [4] recycles 0 hard 0 soft 1 temp 1 loss 2.94 i_con 3.68 plddt 0.39 ptm 0.89 i_ptm 0.52 energy -4.00
58 models [3] recycles 0 hard 0 soft 1 temp 1 loss 3.01 i_con 3.77 plddt 0.36 ptm 0.87 i_ptm 0.46 energy -4.10
59 models [1] recycles 0 hard 0 soft 1 temp 1 loss 4.05 i_con 4.82 plddt 0.26 ptm 0.85 i_ptm 0.14 energy -4.22
60 models [4] recycles 0 hard 0 soft 1 temp 1 loss 2.83 i_con 3.62 plddt 0.43 ptm 0.89 i_ptm 0.55 energy -4.26
61 models [2] recycles 0 hard 0 soft 1 temp 1 loss 2.85 i_con 3.68 plddt 0.42 ptm 0.87 i_ptm 0.55 energy -4.46
62 models [3] recycles 0 hard 0 soft 1 temp 1 loss 2.87 i_con 3.71 plddt 0.37 ptm 0.86 i_ptm 0.46 energy -4.50
63 models [1] recycles 0 hard 0 soft 1 temp 1 loss 3.30 i_con 4.16 plddt 0.25 ptm 0.86 i_ptm 0.24 energy -4.65
64 models [3] recycles 0 hard 0 soft 1 temp 1 loss 2.81 i_con 3.68 plddt 0.39 ptm 0.86 i_ptm 0.50 energy -4.67
65 models [3] recycles 0 hard 0 soft 1 temp 1 loss 2.79 i_con 3.69 plddt 0.38 ptm 0.86 i_ptm 0.49 energy -4.84
66 models [1] recycles 0 hard 0 soft 1 temp 1 loss 2.98 i_con 3.92 plddt 0.31 ptm 0.87 i_ptm 0.39 energy -5.05
67 models [3] recycles 0 hard 0 soft 1 temp 1 loss 2.87 i_con 3.83 plddt 0.33 ptm 0.86 i_ptm 0.42 energy -5.14
68 models [2] recycles 0 hard 0 soft 1 temp 1 loss 2.77 i_con 3.76 plddt 0.37 ptm 0.87 i_ptm 0.48 energy -5.29
69 models [3] recycles 0 hard 0 soft 1 temp 1 loss 2.78 i_con 3.79 plddt 0.35 ptm 0.86 i_ptm 0.46 energy -5.38
70 models [2] recycles 0 hard 0 soft 1 temp 1 loss 2.63 i_con 3.66 plddt 0.44 ptm 0.87 i_ptm 0.56 energy -5.40
71 models [2] recycles 0 hard 0 soft 1 temp 1 loss 2.71 i_con 3.76 plddt 0.39 ptm 0.87 i_ptm 0.50 energy -5.52
72 models [1] recycles 0 hard 0 soft 1 temp 1 loss 2.85 i_con 3.89 plddt 0.32 ptm 0.88 i_ptm 0.40 energy -5.54
73 models [1] recycles 0 hard 0 soft 1 temp 1 loss 2.96 i_con 4.00 plddt 0.29 ptm 0.86 i_ptm 0.35 energy -5.55
74 models [3] recycles 0 hard 0 soft 1 temp 1 loss 2.77 i_con 3.81 plddt 0.35 ptm 0.86 i_ptm 0.45 energy -5.52
75 models [3] recycles 0 hard 0 soft 1 temp 1 loss 2.65 i_con 3.71 plddt 0.37 ptm 0.86 i_ptm 0.48 energy -5.57
76 models [4] recycles 0 hard 0 soft 1 temp 1 loss 2.55 i_con 3.62 plddt 0.41 ptm 0.88 i_ptm 0.53 energy -5.65
77 models [3] recycles 0 hard 0 soft 1 temp 1 loss 2.64 i_con 3.76 plddt 0.37 ptm 0.86 i_ptm 0.48 energy -5.89
78 models [4] recycles 0 hard 0 soft 1 temp 1 loss 2.78 i_con 3.92 plddt 0.34 ptm 0.87 i_ptm 0.39 energy -6.05
79 models [3] recycles 0 hard 0 soft 1 temp 1 loss 2.55 i_con 3.70 plddt 0.39 ptm 0.86 i_ptm 0.52 energy -6.05
80 models [4] recycles 0 hard 0 soft 1 temp 1 loss 2.52 i_con 3.69 plddt 0.39 ptm 0.88 i_ptm 0.50 energy -6.17
81 models [0] recycles 0 hard 0 soft 1 temp 1 loss 2.61 i_con 3.78 plddt 0.37 ptm 0.85 i_ptm 0.48 energy -6.15
82 models [4] recycles 0 hard 0 soft 1 temp 1 loss 2.47 i_con 3.67 plddt 0.36 ptm 0.88 i_ptm 0.50 energy -6.29
83 models [1] recycles 0 hard 0 soft 1 temp 1 loss 3.94 i_con 5.14 plddt 0.28 ptm 0.86 i_ptm 0.15 energy -6.35
84 models [4] recycles 0 hard 0 soft 1 temp 1 loss 2.61 i_con 3.79 plddt 0.37 ptm 0.88 i_ptm 0.47 energy -6.26
85 models [1] recycles 0 hard 0 soft 1 temp 1 loss 4.18 i_con 5.41 plddt 0.33 ptm 0.86 i_ptm 0.19 energy -6.48
86 models [4] recycles 0 hard 0 soft 1 temp 1 loss 2.72 i_con 3.91 plddt 0.31 ptm 0.88 i_ptm 0.43 energy -6.32
87 models [0] recycles 0 hard 0 soft 1 temp 1 loss 2.55 i_con 3.78 plddt 0.40 ptm 0.85 i_ptm 0.50 energy -6.44
88 models [4] recycles 0 hard 0 soft 1 temp 1 loss 2.55 i_con 3.77 plddt 0.36 ptm 0.89 i_ptm 0.49 energy -6.44
89 models [0] recycles 0 hard 0 soft 1 temp 1 loss 2.57 i_con 3.83 plddt 0.39 ptm 0.84 i_ptm 0.49 energy -6.60
90 models [0] recycles 0 hard 0 soft 1 temp 1 loss 2.59 i_con 3.82 plddt 0.38 ptm 0.84 i_ptm 0.46 energy -6.46
91 models [0] recycles 0 hard 0 soft 1 temp 1 loss 2.60 i_con 3.86 plddt 0.37 ptm 0.84 i_ptm 0.43 energy -6.60
92 models [1] recycles 0 hard 0 soft 1 temp 1 loss 4.65 i_con 5.87 plddt 0.27 ptm 0.86 i_ptm 0.17 energy -6.44
93 models [1] recycles 0 hard 0 soft 1 temp 1 loss 4.26 i_con 5.48 plddt 0.27 ptm 0.86 i_ptm 0.16 energy -6.46
94 models [0] recycles 0 hard 0 soft 1 temp 1 loss 2.63 i_con 3.85 plddt 0.38 ptm 0.85 i_ptm 0.45 energy -6.37
95 models [1] recycles 0 hard 0 soft 1 temp 1 loss 3.93 i_con 5.17 plddt 0.29 ptm 0.85 i_ptm 0.17 energy -6.56
96 models [3] recycles 0 hard 0 soft 1 temp 1 loss 2.40 i_con 3.64 plddt 0.43 ptm 0.86 i_ptm 0.51 energy -6.53
97 models [1] recycles 0 hard 0 soft 1 temp 1 loss 4.47 i_con 5.71 plddt 0.30 ptm 0.86 i_ptm 0.18 energy -6.54
98 models [1] recycles 0 hard 0 soft 1 temp 1 loss 4.53 i_con 5.78 plddt 0.28 ptm 0.85 i_ptm 0.17 energy -6.62
99 models [1] recycles 0 hard 0 soft 1 temp 1 loss 4.32 i_con 5.53 plddt 0.32 ptm 0.85 i_ptm 0.18 energy -6.37
100 models [0] recycles 0 hard 0 soft 1 temp 1 loss 2.88 i_con 4.08 plddt 0.33 ptm 0.83 i_ptm 0.31 energy -6.34
101 models [4] recycles 0 hard 0 soft 0 temp 1 loss 3.99 i_con 5.87 plddt 0.20 ptm 0.66 i_ptm 0.11 energy -39.15
102 models [4] recycles 0 hard 0 soft 0 temp 0.98 loss 3.86 i_con 5.74 plddt 0.21 ptm 0.83 i_ptm 0.13 energy -39.21
103 models [4] recycles 0 hard 0 soft 0 temp 0.96 loss 1.99 i_con 3.86 plddt 0.15 ptm 0.26 i_ptm 0.30 energy -39.18
104 models [0] recycles 0 hard 0 soft 0 temp 0.94 loss 2.54 i_con 4.40 plddt 0.19 ptm 0.20 i_ptm 0.24 energy -38.85
105 models [2] recycles 0 hard 0 soft 0 temp 0.92 loss 2.43 i_con 4.28 plddt 0.14 ptm 0.27 i_ptm 0.34 energy -38.80
106 models [0] recycles 0 hard 0 soft 0 temp 0.90 loss 3.05 i_con 4.91 plddt 0.26 ptm 0.84 i_ptm 0.12 energy -38.65
107 models [2] recycles 0 hard 0 soft 0 temp 0.88 loss 4.08 i_con 5.93 plddt 0.27 ptm 0.86 i_ptm 0.15 energy -38.59
108 models [0] recycles 0 hard 0 soft 0 temp 0.86 loss 3.55 i_con 5.41 plddt 0.26 ptm 0.84 i_ptm 0.12 energy -38.58
109 models [4] recycles 0 hard 0 soft 0 temp 0.84 loss 3.81 i_con 5.63 plddt 0.21 ptm 0.87 i_ptm 0.14 energy -37.92
110 models [1] recycles 0 hard 0 soft 0 temp 0.82 loss 4.47 i_con 6.30 plddt 0.26 ptm 0.87 i_ptm 0.17 energy -38.10
111 models [4] recycles 0 hard 0 soft 0 temp 0.80 loss 3.67 i_con 5.48 plddt 0.20 ptm 0.86 i_ptm 0.13 energy -37.78
112 models [1] recycles 0 hard 0 soft 0 temp 0.78 loss 3.88 i_con 5.70 plddt 0.26 ptm 0.81 i_ptm 0.12 energy -37.91
113 models [0] recycles 0 hard 0 soft 0 temp 0.76 loss 2.52 i_con 4.35 plddt 0.24 ptm 0.84 i_ptm 0.19 energy -38.26
114 models [0] recycles 0 hard 0 soft 0 temp 0.74 loss 2.33 i_con 4.17 plddt 0.27 ptm 0.84 i_ptm 0.27 energy -38.30
115 models [4] recycles 0 hard 0 soft 0 temp 0.72 loss 1.73 i_con 3.62 plddt 0.23 ptm 0.42 i_ptm 0.46 energy -39.25
116 models [2] recycles 0 hard 0 soft 0 temp 0.70 loss 3.87 i_con 5.74 plddt 0.23 ptm 0.81 i_ptm 0.13 energy -38.89
117 models [0] recycles 0 hard 0 soft 0 temp 0.68 loss 2.43 i_con 4.31 plddt 0.23 ptm 0.84 i_ptm 0.19 energy -39.20
118 models [2] recycles 0 hard 0 soft 0 temp 0.66 loss 3.46 i_con 5.34 plddt 0.22 ptm 0.86 i_ptm 0.12 energy -39.24
119 models [4] recycles 0 hard 0 soft 0 temp 0.64 loss 1.94 i_con 3.83 plddt 0.20 ptm 0.32 i_ptm 0.34 energy -39.32
120 models [3] recycles 0 hard 0 soft 0 temp 0.62 loss 3.44 i_con 5.35 plddt 0.23 ptm 0.83 i_ptm 0.10 energy -39.64
121 models [1] recycles 0 hard 0 soft 0 temp 0.60 loss 3.43 i_con 5.34 plddt 0.27 ptm 0.42 i_ptm 0.11 energy -39.66
122 models [2] recycles 0 hard 0 soft 0 temp 0.58 loss 3.02 i_con 4.93 plddt 0.18 ptm 0.41 i_ptm 0.12 energy -39.75
123 models [3] recycles 0 hard 0 soft 0 temp 0.56 loss 1.92 i_con 3.83 plddt 0.23 ptm 0.26 i_ptm 0.39 energy -39.89
124 models [3] recycles 0 hard 0 soft 0 temp 0.54 loss -1.05 i_con 0.88 plddt 0.30 ptm 0.82 i_ptm 0.83 energy -40.12
125 models [2] recycles 0 hard 0 soft 0 temp 0.52 loss 1.13 i_con 3.06 plddt 0.24 ptm 0.48 i_ptm 0.60 energy -40.18
126 models [0] recycles 0 hard 0 soft 0 temp 0.50 loss 3.65 i_con 5.58 plddt 0.23 ptm 0.78 i_ptm 0.11 energy -40.04
127 models [3] recycles 0 hard 0 soft 0 temp 0.48 loss 3.58 i_con 5.51 plddt 0.22 ptm 0.84 i_ptm 0.15 energy -40.23
128 models [4] recycles 0 hard 0 soft 0 temp 0.46 loss 2.36 i_con 4.30 plddt 0.18 ptm 0.30 i_ptm 0.37 energy -40.41
129 models [2] recycles 0 hard 0 soft 0 temp 0.44 loss 2.41 i_con 4.34 plddt 0.16 ptm 0.35 i_ptm 0.33 energy -40.34
130 models [0] recycles 0 hard 0 soft 0 temp 0.42 loss 3.15 i_con 5.07 plddt 0.19 ptm 0.33 i_ptm 0.51 energy -40.12
131 models [2] recycles 0 hard 0 soft 0 temp 0.40 loss 0.16 i_con 2.11 plddt 0.36 ptm 0.73 i_ptm 0.74 energy -40.28
132 models [0] recycles 0 hard 0 soft 0 temp 0.38 loss 3.62 i_con 5.55 plddt 0.22 ptm 0.82 i_ptm 0.14 energy -40.19
133 models [1] recycles 0 hard 0 soft 0 temp 0.36 loss 3.77 i_con 5.71 plddt 0.24 ptm 0.85 i_ptm 0.11 energy -40.43
134 models [3] recycles 0 hard 0 soft 0 temp 0.34 loss 2.90 i_con 4.86 plddt 0.21 ptm 0.49 i_ptm 0.20 energy -40.85
135 models [0] recycles 0 hard 0 soft 0 temp 0.32 loss 3.27 i_con 5.26 plddt 0.24 ptm 0.82 i_ptm 0.13 energy -41.36
136 models [1] recycles 0 hard 0 soft 0 temp 0.30 loss 2.33 i_con 4.34 plddt 0.25 ptm 0.41 i_ptm 0.36 energy -41.60
137 models [3] recycles 0 hard 0 soft 0 temp 0.28 loss -0.19 i_con 1.81 plddt 0.29 ptm 0.57 i_ptm 0.55 energy -41.31
138 models [3] recycles 0 hard 0 soft 0 temp 0.26 loss 1.66 i_con 3.65 plddt 0.25 ptm 0.40 i_ptm 0.52 energy -41.29
139 models [0] recycles 0 hard 0 soft 0 temp 0.24 loss 2.96 i_con 4.95 plddt 0.21 ptm 0.81 i_ptm 0.11 energy -41.35
140 models [2] recycles 0 hard 0 soft 0 temp 0.22 loss 2.31 i_con 4.30 plddt 0.19 ptm 0.35 i_ptm 0.50 energy -41.29
141 models [2] recycles 0 hard 0 soft 0 temp 0.20 loss 0.12 i_con 2.12 plddt 0.34 ptm 0.76 i_ptm 0.76 energy -41.42
142 models [2] recycles 0 hard 0 soft 0 temp 0.18 loss 0.65 i_con 2.63 plddt 0.25 ptm 0.68 i_ptm 0.69 energy -41.23
143 models [3] recycles 0 hard 0 soft 0 temp 0.16 loss -0.18 i_con 1.83 plddt 0.36 ptm 0.74 i_ptm 0.75 energy -41.45
144 models [3] recycles 0 hard 0 soft 0 temp 0.14 loss 1.59 i_con 3.59 plddt 0.21 ptm 0.55 i_ptm 0.63 energy -41.58
145 models [0] recycles 0 hard 0 soft 0 temp 0.12 loss 1.74 i_con 3.74 plddt 0.18 ptm 0.44 i_ptm 0.65 energy -41.59
146 models [0] recycles 0 hard 0 soft 0 temp 0.10 loss 0.68 i_con 2.68 plddt 0.20 ptm 0.46 i_ptm 0.49 energy -41.75
147 models [4] recycles 0 hard 0 soft 0 temp 0.08 loss -0.33 i_con 1.70 plddt 0.24 ptm 0.80 i_ptm 0.79 energy -42.06
148 models [3] recycles 0 hard 0 soft 0 temp 0.06 loss -1.59 i_con 0.45 plddt 0.43 ptm 0.80 i_ptm 0.80 energy -41.91
149 models [1] recycles 0 hard 0 soft 0 temp 0.04 loss 0.52 i_con 2.54 plddt 0.29 ptm 0.67 i_ptm 0.72 energy -41.77
150 models [1] recycles 0 hard 0 soft 0 temp 0.02 loss 1.13 i_con 3.15 plddt 0.26 ptm 0.72 i_ptm 0.67 energy -41.84
151 models [1] recycles 0 hard 1 soft 0 temp 0.00 loss 1.50 i_con 5.06 plddt 0.22 ptm 0.85 i_ptm 0.12 energy -7.27
152 models [1] recycles 0 hard 1 soft 0 temp 0.00 loss 1.50 i_con 5.06 plddt 0.22 ptm 0.85 i_ptm 0.12 energy -7.27
153 models [1] recycles 0 hard 1 soft 0 temp 0.00 loss 1.50 i_con 5.06 plddt 0.22 ptm 0.85 i_ptm 0.12 energy -7.27
154 models [0] recycles 0 hard 1 soft 0 temp 0.00 loss 0.54 i_con 4.10 plddt 0.26 ptm 0.84 i_ptm 0.31 energy -7.27
155 models [0] recycles 0 hard 1 soft 0 temp 0.00 loss 0.54 i_con 4.10 plddt 0.26 ptm 0.84 i_ptm 0.31 energy -7.27
156 models [4] recycles 0 hard 1 soft 0 temp 0.00 loss 0.88 i_con 4.44 plddt 0.22 ptm 0.87 i_ptm 0.22 energy -7.27
157 models [1] recycles 0 hard 1 soft 0 temp 0.00 loss 1.50 i_con 5.06 plddt 0.22 ptm 0.85 i_ptm 0.12 energy -7.27
158 models [4] recycles 0 hard 1 soft 0 temp 0.00 loss 0.88 i_con 4.44 plddt 0.22 ptm 0.87 i_ptm 0.22 energy -7.27
159 models [4] recycles 0 hard 1 soft 0 temp 0.00 loss 0.88 i_con 4.44 plddt 0.22 ptm 0.87 i_ptm 0.22 energy -7.27
160 models [1] recycles 0 hard 1 soft 0 temp 0.00 loss 1.50 i_con 5.06 plddt 0.22 ptm 0.85 i_ptm 0.12 energy -7.27
161 models [2] recycles 0 hard 1 soft 0 temp 0.00 loss 0.31 i_con 3.87 plddt 0.30 ptm 0.87 i_ptm 0.44 energy -7.27
162 models [0] recycles 0 hard 1 soft 0 temp 0.00 loss 0.54 i_con 4.10 plddt 0.26 ptm 0.84 i_ptm 0.31 energy -7.27
163 models [0] recycles 0 hard 1 soft 0 temp 0.00 loss 0.54 i_con 4.10 plddt 0.26 ptm 0.84 i_ptm 0.31 energy -7.27
164 models [2] recycles 0 hard 1 soft 0 temp 0.00 loss 0.31 i_con 3.87 plddt 0.30 ptm 0.87 i_ptm 0.44 energy -7.27
165 models [2] recycles 0 hard 1 soft 0 temp 0.00 loss 0.31 i_con 3.87 plddt 0.30 ptm 0.87 i_ptm 0.44 energy -7.27
166 models [1] recycles 0 hard 1 soft 0 temp 0.00 loss 1.50 i_con 5.06 plddt 0.22 ptm 0.85 i_ptm 0.12 energy -7.27
167 models [3] recycles 0 hard 1 soft 0 temp 0.00 loss 0.25 i_con 3.82 plddt 0.29 ptm 0.86 i_ptm 0.45 energy -7.27
168 models [4] recycles 0 hard 1 soft 0 temp 0.00 loss 0.88 i_con 4.44 plddt 0.22 ptm 0.87 i_ptm 0.22 energy -7.27
169 models [1] recycles 0 hard 1 soft 0 temp 0.00 loss 1.50 i_con 5.06 plddt 0.22 ptm 0.85 i_ptm 0.12 energy -7.27
170 models [4] recycles 0 hard 1 soft 0 temp 0.00 loss 0.88 i_con 4.44 plddt 0.22 ptm 0.87 i_ptm 0.22 energy -7.27
171 models [2] recycles 0 hard 1 soft 0 temp 0.00 loss 0.31 i_con 3.87 plddt 0.30 ptm 0.87 i_ptm 0.44 energy -7.27
172 models [0] recycles 0 hard 1 soft 0 temp 0.00 loss 0.54 i_con 4.10 plddt 0.26 ptm 0.84 i_ptm 0.31 energy -7.27
173 models [0] recycles 0 hard 1 soft 0 temp 0.00 loss 0.54 i_con 4.10 plddt 0.26 ptm 0.84 i_ptm 0.31 energy -7.27
174 models [3] recycles 0 hard 1 soft 0 temp 0.00 loss 0.25 i_con 3.82 plddt 0.29 ptm 0.86 i_ptm 0.45 energy -7.27
175 models [4] recycles 0 hard 1 soft 0 temp 0.00 loss 0.88 i_con 4.44 plddt 0.22 ptm 0.87 i_ptm 0.22 energy -7.27
176 models [4] recycles 0 hard 1 soft 0 temp 0.00 loss 0.88 i_con 4.44 plddt 0.22 ptm 0.87 i_ptm 0.22 energy -7.27
177 models [4] recycles 0 hard 1 soft 0 temp 0.00 loss 0.88 i_con 4.44 plddt 0.22 ptm 0.87 i_ptm 0.22 energy -7.27
178 models [3] recycles 0 hard 1 soft 0 temp 0.00 loss 0.25 i_con 3.82 plddt 0.29 ptm 0.86 i_ptm 0.45 energy -7.27
179 models [4] recycles 0 hard 1 soft 0 temp 0.00 loss 0.88 i_con 4.44 plddt 0.22 ptm 0.87 i_ptm 0.22 energy -7.27
180 models [3] recycles 0 hard 1 soft 0 temp 0.00 loss 0.25 i_con 3.82 plddt 0.29 ptm 0.86 i_ptm 0.45 energy -7.27
  seq=DWNWWSWNLNYNKDA  loss=0.2539  loss_af=3.8867  energy=-7.2656  i_ptm=0.4463
[17/20] seed=16 ...
1 models [3] recycles 0 hard 0 soft 1 temp 1 loss 5.16 i_con 4.71 plddt 0.23 ptm 0.84 i_ptm 0.15 energy 7.40
2 models [0] recycles 0 hard 0 soft 1 temp 1 loss 4.61 i_con 4.18 plddt 0.27 ptm 0.84 i_ptm 0.27 energy 7.18
3 models [2] recycles 0 hard 0 soft 1 temp 1 loss 4.39 i_con 3.98 plddt 0.33 ptm 0.87 i_ptm 0.38 energy 6.86
4 models [0] recycles 0 hard 0 soft 1 temp 1 loss 4.57 i_con 4.18 plddt 0.27 ptm 0.83 i_ptm 0.27 energy 6.46
5 models [1] recycles 0 hard 0 soft 1 temp 1 loss 4.90 i_con 4.52 plddt 0.22 ptm 0.86 i_ptm 0.17 energy 6.05
6 models [3] recycles 0 hard 0 soft 1 temp 1 loss 4.19 i_con 3.83 plddt 0.32 ptm 0.87 i_ptm 0.42 energy 6.01
7 models [3] recycles 0 hard 0 soft 1 temp 1 loss 4.05 i_con 3.71 plddt 0.34 ptm 0.86 i_ptm 0.47 energy 5.37
8 models [4] recycles 0 hard 0 soft 1 temp 1 loss 4.16 i_con 3.85 plddt 0.34 ptm 0.89 i_ptm 0.44 energy 4.80
9 models [3] recycles 0 hard 0 soft 1 temp 1 loss 4.06 i_con 3.79 plddt 0.32 ptm 0.86 i_ptm 0.44 energy 4.23
10 models [2] recycles 0 hard 0 soft 1 temp 1 loss 4.20 i_con 3.95 plddt 0.33 ptm 0.87 i_ptm 0.40 energy 3.67
11 models [3] recycles 0 hard 0 soft 1 temp 1 loss 3.87 i_con 3.65 plddt 0.40 ptm 0.86 i_ptm 0.51 energy 3.14
12 models [4] recycles 0 hard 0 soft 1 temp 1 loss 4.05 i_con 3.84 plddt 0.32 ptm 0.89 i_ptm 0.44 energy 2.78
13 models [0] recycles 0 hard 0 soft 1 temp 1 loss 4.13 i_con 3.95 plddt 0.32 ptm 0.85 i_ptm 0.41 energy 2.32
14 models [2] recycles 0 hard 0 soft 1 temp 1 loss 4.08 i_con 3.90 plddt 0.33 ptm 0.86 i_ptm 0.39 energy 2.20
15 models [0] recycles 0 hard 0 soft 1 temp 1 loss 4.00 i_con 3.84 plddt 0.33 ptm 0.86 i_ptm 0.47 energy 1.83
16 models [1] recycles 0 hard 0 soft 1 temp 1 loss 4.20 i_con 4.05 plddt 0.28 ptm 0.87 i_ptm 0.34 energy 1.55
17 models [4] recycles 0 hard 0 soft 1 temp 1 loss 4.09 i_con 3.95 plddt 0.32 ptm 0.88 i_ptm 0.40 energy 1.39
18 models [0] recycles 0 hard 0 soft 1 temp 1 loss 4.34 i_con 4.20 plddt 0.27 ptm 0.84 i_ptm 0.28 energy 1.23
19 models [4] recycles 0 hard 0 soft 1 temp 1 loss 4.00 i_con 3.89 plddt 0.36 ptm 0.88 i_ptm 0.43 energy 0.92
20 models [3] recycles 0 hard 0 soft 1 temp 1 loss 3.66 i_con 3.57 plddt 0.46 ptm 0.87 i_ptm 0.58 energy 0.81
21 models [3] recycles 0 hard 0 soft 1 temp 1 loss 3.79 i_con 3.70 plddt 0.39 ptm 0.86 i_ptm 0.52 energy 0.62
22 models [1] recycles 0 hard 0 soft 1 temp 1 loss 4.21 i_con 4.11 plddt 0.24 ptm 0.86 i_ptm 0.28 energy 0.33
23 models [3] recycles 0 hard 0 soft 1 temp 1 loss 3.70 i_con 3.62 plddt 0.38 ptm 0.87 i_ptm 0.53 energy 0.24
24 models [3] recycles 0 hard 0 soft 1 temp 1 loss 3.58 i_con 3.51 plddt 0.39 ptm 0.87 i_ptm 0.57 energy 0.10
25 models [0] recycles 0 hard 0 soft 1 temp 1 loss 3.69 i_con 3.63 plddt 0.42 ptm 0.86 i_ptm 0.58 energy -0.00
26 models [1] recycles 0 hard 0 soft 1 temp 1 loss 4.15 i_con 4.08 plddt 0.25 ptm 0.87 i_ptm 0.29 energy -0.09
27 models [4] recycles 0 hard 0 soft 1 temp 1 loss 3.96 i_con 3.91 plddt 0.33 ptm 0.88 i_ptm 0.43 energy -0.24
28 models [0] recycles 0 hard 0 soft 1 temp 1 loss 4.00 i_con 3.95 plddt 0.34 ptm 0.85 i_ptm 0.39 energy -0.32
29 models [3] recycles 0 hard 0 soft 1 temp 1 loss 3.68 i_con 3.65 plddt 0.43 ptm 0.86 i_ptm 0.54 energy -0.45
30 models [1] recycles 0 hard 0 soft 1 temp 1 loss 3.90 i_con 3.87 plddt 0.31 ptm 0.87 i_ptm 0.43 energy -0.75
31 models [4] recycles 0 hard 0 soft 1 temp 1 loss 3.89 i_con 3.87 plddt 0.32 ptm 0.88 i_ptm 0.44 energy -0.81
32 models [0] recycles 0 hard 0 soft 1 temp 1 loss 3.52 i_con 3.52 plddt 0.44 ptm 0.86 i_ptm 0.62 energy -1.09
33 models [0] recycles 0 hard 0 soft 1 temp 1 loss 3.84 i_con 3.84 plddt 0.36 ptm 0.85 i_ptm 0.43 energy -1.29
34 models [4] recycles 0 hard 0 soft 1 temp 1 loss 4.33 i_con 4.33 plddt 0.26 ptm 0.87 i_ptm 0.22 energy -1.43
35 models [0] recycles 0 hard 0 soft 1 temp 1 loss 3.37 i_con 3.39 plddt 0.43 ptm 0.87 i_ptm 0.68 energy -1.51
36 models [4] recycles 0 hard 0 soft 1 temp 1 loss 3.72 i_con 3.74 plddt 0.41 ptm 0.89 i_ptm 0.52 energy -1.70
37 models [4] recycles 0 hard 0 soft 1 temp 1 loss 3.79 i_con 3.81 plddt 0.35 ptm 0.88 i_ptm 0.47 energy -1.84
38 models [2] recycles 0 hard 0 soft 1 temp 1 loss 3.66 i_con 3.69 plddt 0.44 ptm 0.88 i_ptm 0.53 energy -1.81
39 models [1] recycles 0 hard 0 soft 1 temp 1 loss 4.12 i_con 4.14 plddt 0.27 ptm 0.86 i_ptm 0.27 energy -1.93
40 models [4] recycles 0 hard 0 soft 1 temp 1 loss 3.82 i_con 3.85 plddt 0.34 ptm 0.88 i_ptm 0.44 energy -2.08
41 models [2] recycles 0 hard 0 soft 1 temp 1 loss 3.58 i_con 3.63 plddt 0.45 ptm 0.88 i_ptm 0.57 energy -2.05
42 models [3] recycles 0 hard 0 soft 1 temp 1 loss 4.47 i_con 4.51 plddt 0.31 ptm 0.85 i_ptm 0.26 energy -2.17
43 models [4] recycles 0 hard 0 soft 1 temp 1 loss 3.73 i_con 3.78 plddt 0.37 ptm 0.88 i_ptm 0.49 energy -2.08
44 models [4] recycles 0 hard 0 soft 1 temp 1 loss 3.57 i_con 3.62 plddt 0.42 ptm 0.89 i_ptm 0.57 energy -2.14
45 models [0] recycles 0 hard 0 soft 1 temp 1 loss 3.38 i_con 3.44 plddt 0.42 ptm 0.87 i_ptm 0.66 energy -2.37
46 models [0] recycles 0 hard 0 soft 1 temp 1 loss 3.76 i_con 3.82 plddt 0.40 ptm 0.84 i_ptm 0.45 energy -2.38
47 models [0] recycles 0 hard 0 soft 1 temp 1 loss 3.57 i_con 3.63 plddt 0.42 ptm 0.86 i_ptm 0.56 energy -2.27
48 models [0] recycles 0 hard 0 soft 1 temp 1 loss 3.44 i_con 3.51 plddt 0.45 ptm 0.87 i_ptm 0.61 energy -2.45
49 models [2] recycles 0 hard 0 soft 1 temp 1 loss 3.64 i_con 3.71 plddt 0.42 ptm 0.87 i_ptm 0.56 energy -2.58
50 models [0] recycles 0 hard 0 soft 1 temp 1 loss 3.41 i_con 3.49 plddt 0.43 ptm 0.86 i_ptm 0.64 energy -2.64
51 models [2] recycles 0 hard 0 soft 1 temp 1 loss 3.19 i_con 3.66 plddt 0.47 ptm 0.87 i_ptm 0.55 energy -2.62
52 models [4] recycles 0 hard 0 soft 1 temp 1 loss 3.09 i_con 3.59 plddt 0.43 ptm 0.89 i_ptm 0.58 energy -2.80
53 models [2] recycles 0 hard 0 soft 1 temp 1 loss 3.63 i_con 4.19 plddt 0.33 ptm 0.86 i_ptm 0.28 energy -3.10
54 models [0] recycles 0 hard 0 soft 1 temp 1 loss 3.12 i_con 3.67 plddt 0.42 ptm 0.86 i_ptm 0.55 energy -3.08
55 models [2] recycles 0 hard 0 soft 1 temp 1 loss 3.10 i_con 3.71 plddt 0.42 ptm 0.87 i_ptm 0.55 energy -3.32
56 models [0] recycles 0 hard 0 soft 1 temp 1 loss 2.81 i_con 3.44 plddt 0.42 ptm 0.86 i_ptm 0.65 energy -3.43
57 models [0] recycles 0 hard 0 soft 1 temp 1 loss 3.91 i_con 4.57 plddt 0.32 ptm 0.83 i_ptm 0.19 energy -3.63
58 models [4] recycles 0 hard 0 soft 1 temp 1 loss 3.21 i_con 3.85 plddt 0.34 ptm 0.88 i_ptm 0.46 energy -3.53
59 models [3] recycles 0 hard 0 soft 1 temp 1 loss 2.89 i_con 3.55 plddt 0.49 ptm 0.87 i_ptm 0.60 energy -3.56
60 models [3] recycles 0 hard 0 soft 1 temp 1 loss 2.98 i_con 3.63 plddt 0.39 ptm 0.87 i_ptm 0.56 energy -3.53
61 models [4] recycles 0 hard 0 soft 1 temp 1 loss 2.88 i_con 3.55 plddt 0.41 ptm 0.89 i_ptm 0.58 energy -3.64
62 models [3] recycles 0 hard 0 soft 1 temp 1 loss 2.94 i_con 3.61 plddt 0.42 ptm 0.87 i_ptm 0.55 energy -3.66
63 models [4] recycles 0 hard 0 soft 1 temp 1 loss 2.98 i_con 3.70 plddt 0.40 ptm 0.88 i_ptm 0.51 energy -3.88
64 models [4] recycles 0 hard 0 soft 1 temp 1 loss 2.91 i_con 3.66 plddt 0.40 ptm 0.88 i_ptm 0.55 energy -4.03
65 models [1] recycles 0 hard 0 soft 1 temp 1 loss 3.35 i_con 4.10 plddt 0.31 ptm 0.86 i_ptm 0.32 energy -4.05
66 models [1] recycles 0 hard 0 soft 1 temp 1 loss 3.29 i_con 4.02 plddt 0.33 ptm 0.87 i_ptm 0.33 energy -4.01
67 models [0] recycles 0 hard 0 soft 1 temp 1 loss 2.65 i_con 3.41 plddt 0.43 ptm 0.86 i_ptm 0.66 energy -4.09
68 models [1] recycles 0 hard 0 soft 1 temp 1 loss 3.58 i_con 4.33 plddt 0.27 ptm 0.86 i_ptm 0.20 energy -4.13
69 models [3] recycles 0 hard 0 soft 1 temp 1 loss 3.76 i_con 4.50 plddt 0.29 ptm 0.85 i_ptm 0.24 energy -4.07
70 models [4] recycles 0 hard 0 soft 1 temp 1 loss 2.92 i_con 3.69 plddt 0.40 ptm 0.88 i_ptm 0.54 energy -4.18
71 models [4] recycles 0 hard 0 soft 1 temp 1 loss 2.57 i_con 3.43 plddt 0.45 ptm 0.89 i_ptm 0.65 energy -4.54
72 models [3] recycles 0 hard 0 soft 1 temp 1 loss 2.69 i_con 3.57 plddt 0.42 ptm 0.87 i_ptm 0.59 energy -4.68
73 models [2] recycles 0 hard 0 soft 1 temp 1 loss 2.87 i_con 3.76 plddt 0.42 ptm 0.87 i_ptm 0.48 energy -4.74
74 models [1] recycles 0 hard 0 soft 1 temp 1 loss 2.82 i_con 3.74 plddt 0.42 ptm 0.87 i_ptm 0.49 energy -4.91
75 models [0] recycles 0 hard 0 soft 1 temp 1 loss 2.58 i_con 3.57 plddt 0.39 ptm 0.86 i_ptm 0.60 energy -5.24
76 models [1] recycles 0 hard 0 soft 1 temp 1 loss 2.51 i_con 3.55 plddt 0.41 ptm 0.88 i_ptm 0.60 energy -5.49
77 models [2] recycles 0 hard 0 soft 1 temp 1 loss 2.66 i_con 3.73 plddt 0.44 ptm 0.87 i_ptm 0.54 energy -5.62
78 models [3] recycles 0 hard 0 soft 1 temp 1 loss 2.34 i_con 3.44 plddt 0.54 ptm 0.87 i_ptm 0.66 energy -5.71
79 models [4] recycles 0 hard 0 soft 1 temp 1 loss 2.45 i_con 3.58 plddt 0.44 ptm 0.89 i_ptm 0.59 energy -5.92
80 models [3] recycles 0 hard 0 soft 1 temp 1 loss 2.47 i_con 3.64 plddt 0.44 ptm 0.87 i_ptm 0.58 energy -6.15
81 models [2] recycles 0 hard 0 soft 1 temp 1 loss 2.49 i_con 3.70 plddt 0.47 ptm 0.88 i_ptm 0.55 energy -6.32
82 models [1] recycles 0 hard 0 soft 1 temp 1 loss 2.96 i_con 4.22 plddt 0.31 ptm 0.86 i_ptm 0.30 energy -6.61
83 models [3] recycles 0 hard 0 soft 1 temp 1 loss 2.44 i_con 3.69 plddt 0.43 ptm 0.87 i_ptm 0.55 energy -6.55
84 models [3] recycles 0 hard 0 soft 1 temp 1 loss 2.76 i_con 3.99 plddt 0.29 ptm 0.86 i_ptm 0.36 energy -6.54
85 models [0] recycles 0 hard 0 soft 1 temp 1 loss 3.23 i_con 4.51 plddt 0.25 ptm 0.84 i_ptm 0.19 energy -6.77
86 models [1] recycles 0 hard 0 soft 1 temp 1 loss 2.09 i_con 3.38 plddt 0.44 ptm 0.88 i_ptm 0.66 energy -6.77
87 models [4] recycles 0 hard 0 soft 1 temp 1 loss 3.79 i_con 5.07 plddt 0.29 ptm 0.87 i_ptm 0.24 energy -6.75
88 models [0] recycles 0 hard 0 soft 1 temp 1 loss 2.37 i_con 3.65 plddt 0.41 ptm 0.86 i_ptm 0.57 energy -6.71
89 models [3] recycles 0 hard 0 soft 1 temp 1 loss 2.28 i_con 3.61 plddt 0.45 ptm 0.87 i_ptm 0.57 energy -6.92
90 models [1] recycles 0 hard 0 soft 1 temp 1 loss 2.28 i_con 3.65 plddt 0.42 ptm 0.87 i_ptm 0.54 energy -7.13
91 models [0] recycles 0 hard 0 soft 1 temp 1 loss 2.86 i_con 4.23 plddt 0.32 ptm 0.84 i_ptm 0.26 energy -7.19
92 models [3] recycles 0 hard 0 soft 1 temp 1 loss 2.29 i_con 3.65 plddt 0.45 ptm 0.87 i_ptm 0.57 energy -7.07
93 models [0] recycles 0 hard 0 soft 1 temp 1 loss 2.30 i_con 3.68 plddt 0.42 ptm 0.86 i_ptm 0.55 energy -7.17
94 models [0] recycles 0 hard 0 soft 1 temp 1 loss 2.55 i_con 3.95 plddt 0.37 ptm 0.85 i_ptm 0.40 energy -7.35
95 models [4] recycles 0 hard 0 soft 1 temp 1 loss 2.09 i_con 3.51 plddt 0.44 ptm 0.89 i_ptm 0.62 energy -7.36
96 models [1] recycles 0 hard 0 soft 1 temp 1 loss 3.56 i_con 4.97 plddt 0.24 ptm 0.85 i_ptm 0.13 energy -7.43
97 models [3] recycles 0 hard 0 soft 1 temp 1 loss 2.31 i_con 3.72 plddt 0.42 ptm 0.87 i_ptm 0.53 energy -7.35
98 models [1] recycles 0 hard 0 soft 1 temp 1 loss 2.54 i_con 3.99 plddt 0.34 ptm 0.87 i_ptm 0.40 energy -7.57
99 models [1] recycles 0 hard 0 soft 1 temp 1 loss 2.44 i_con 3.87 plddt 0.38 ptm 0.88 i_ptm 0.47 energy -7.46
100 models [3] recycles 0 hard 0 soft 1 temp 1 loss 2.21 i_con 3.65 plddt 0.40 ptm 0.86 i_ptm 0.58 energy -7.50
101 models [2] recycles 0 hard 0 soft 0 temp 1 loss 3.80 i_con 5.47 plddt 0.20 ptm 0.69 i_ptm 0.31 energy -35.14
102 models [2] recycles 0 hard 0 soft 0 temp 0.98 loss 3.66 i_con 5.33 plddt 0.20 ptm 0.79 i_ptm 0.08 energy -35.07
103 models [4] recycles 0 hard 0 soft 0 temp 0.96 loss 3.07 i_con 4.76 plddt 0.23 ptm 0.87 i_ptm 0.16 energy -35.29
104 models [0] recycles 0 hard 0 soft 0 temp 0.94 loss 3.45 i_con 5.15 plddt 0.24 ptm 0.83 i_ptm 0.12 energy -35.44
105 models [4] recycles 0 hard 0 soft 0 temp 0.92 loss 3.78 i_con 5.47 plddt 0.21 ptm 0.87 i_ptm 0.14 energy -35.35
106 models [0] recycles 0 hard 0 soft 0 temp 0.90 loss 2.93 i_con 4.61 plddt 0.25 ptm 0.83 i_ptm 0.15 energy -35.16
107 models [4] recycles 0 hard 0 soft 0 temp 0.88 loss 4.11 i_con 5.78 plddt 0.24 ptm 0.87 i_ptm 0.15 energy -34.93
108 models [2] recycles 0 hard 0 soft 0 temp 0.86 loss 2.38 i_con 4.08 plddt 0.31 ptm 0.86 i_ptm 0.34 energy -35.29
109 models [2] recycles 0 hard 0 soft 0 temp 0.84 loss 2.53 i_con 4.27 plddt 0.27 ptm 0.85 i_ptm 0.25 energy -36.23
110 models [0] recycles 0 hard 0 soft 0 temp 0.82 loss 2.76 i_con 4.53 plddt 0.25 ptm 0.84 i_ptm 0.16 energy -36.79
111 models [1] recycles 0 hard 0 soft 0 temp 0.80 loss 4.02 i_con 5.77 plddt 0.27 ptm 0.87 i_ptm 0.15 energy -36.51
112 models [4] recycles 0 hard 0 soft 0 temp 0.78 loss 2.38 i_con 4.14 plddt 0.27 ptm 0.88 i_ptm 0.30 energy -36.74
113 models [3] recycles 0 hard 0 soft 0 temp 0.76 loss 3.69 i_con 5.44 plddt 0.25 ptm 0.85 i_ptm 0.19 energy -36.59
114 models [0] recycles 0 hard 0 soft 0 temp 0.74 loss 3.12 i_con 4.88 plddt 0.25 ptm 0.84 i_ptm 0.16 energy -36.80
115 models [2] recycles 0 hard 0 soft 0 temp 0.72 loss 2.54 i_con 4.31 plddt 0.27 ptm 0.86 i_ptm 0.26 energy -36.86
116 models [0] recycles 0 hard 0 soft 0 temp 0.70 loss 2.68 i_con 4.45 plddt 0.25 ptm 0.83 i_ptm 0.17 energy -36.92
117 models [3] recycles 0 hard 0 soft 0 temp 0.68 loss 2.31 i_con 4.14 plddt 0.29 ptm 0.86 i_ptm 0.29 energy -38.00
118 models [2] recycles 0 hard 0 soft 0 temp 0.66 loss 2.16 i_con 3.99 plddt 0.32 ptm 0.87 i_ptm 0.39 energy -37.96
119 models [2] recycles 0 hard 0 soft 0 temp 0.64 loss 2.24 i_con 4.11 plddt 0.29 ptm 0.86 i_ptm 0.31 energy -38.75
120 models [0] recycles 0 hard 0 soft 0 temp 0.62 loss 2.12 i_con 4.04 plddt 0.30 ptm 0.85 i_ptm 0.35 energy -39.90
121 models [4] recycles 0 hard 0 soft 0 temp 0.60 loss 2.10 i_con 4.10 plddt 0.28 ptm 0.87 i_ptm 0.31 energy -41.48
122 models [1] recycles 0 hard 0 soft 0 temp 0.58 loss 4.03 i_con 6.06 plddt 0.28 ptm 0.86 i_ptm 0.17 energy -42.14
123 models [1] recycles 0 hard 0 soft 0 temp 0.56 loss 3.19 i_con 5.22 plddt 0.23 ptm 0.86 i_ptm 0.11 energy -42.04
124 models [2] recycles 0 hard 0 soft 0 temp 0.54 loss 1.69 i_con 3.74 plddt 0.39 ptm 0.88 i_ptm 0.51 energy -42.20
125 models [2] recycles 0 hard 0 soft 0 temp 0.52 loss 1.87 i_con 3.94 plddt 0.35 ptm 0.87 i_ptm 0.41 energy -42.83
126 models [0] recycles 0 hard 0 soft 0 temp 0.50 loss 1.76 i_con 3.91 plddt 0.32 ptm 0.85 i_ptm 0.40 energy -44.31
127 models [2] recycles 0 hard 0 soft 0 temp 0.48 loss 1.76 i_con 3.94 plddt 0.36 ptm 0.87 i_ptm 0.41 energy -44.77
128 models [3] recycles 0 hard 0 soft 0 temp 0.46 loss 1.90 i_con 4.10 plddt 0.28 ptm 0.85 i_ptm 0.31 energy -45.63
129 models [0] recycles 0 hard 0 soft 0 temp 0.44 loss 2.07 i_con 4.28 plddt 0.27 ptm 0.84 i_ptm 0.25 energy -45.64
130 models [0] recycles 0 hard 0 soft 0 temp 0.42 loss 2.22 i_con 4.45 plddt 0.25 ptm 0.83 i_ptm 0.16 energy -46.01
131 models [1] recycles 0 hard 0 soft 0 temp 0.40 loss 3.37 i_con 5.58 plddt 0.23 ptm 0.85 i_ptm 0.14 energy -45.79
132 models [4] recycles 0 hard 0 soft 0 temp 0.38 loss 1.49 i_con 3.71 plddt 0.39 ptm 0.89 i_ptm 0.51 energy -45.60
133 models [2] recycles 0 hard 0 soft 0 temp 0.36 loss 1.89 i_con 4.16 plddt 0.31 ptm 0.87 i_ptm 0.33 energy -46.70
134 models [2] recycles 0 hard 0 soft 0 temp 0.34 loss 1.50 i_con 3.79 plddt 0.42 ptm 0.88 i_ptm 0.51 energy -46.92
135 models [0] recycles 0 hard 0 soft 0 temp 0.32 loss 1.50 i_con 3.81 plddt 0.35 ptm 0.86 i_ptm 0.48 energy -47.49
136 models [3] recycles 0 hard 0 soft 0 temp 0.30 loss 1.47 i_con 3.78 plddt 0.36 ptm 0.87 i_ptm 0.47 energy -47.59
137 models [1] recycles 0 hard 0 soft 0 temp 0.28 loss 2.78 i_con 5.12 plddt 0.26 ptm 0.86 i_ptm 0.13 energy -48.14
138 models [2] recycles 0 hard 0 soft 0 temp 0.26 loss 1.45 i_con 3.80 plddt 0.36 ptm 0.88 i_ptm 0.49 energy -48.19
139 models [4] recycles 0 hard 0 soft 0 temp 0.24 loss 1.39 i_con 3.79 plddt 0.37 ptm 0.89 i_ptm 0.48 energy -49.24
140 models [0] recycles 0 hard 0 soft 0 temp 0.22 loss 1.57 i_con 4.00 plddt 0.32 ptm 0.84 i_ptm 0.39 energy -50.00
141 models [1] recycles 0 hard 0 soft 0 temp 0.20 loss 1.78 i_con 4.23 plddt 0.27 ptm 0.86 i_ptm 0.26 energy -50.59
142 models [0] recycles 0 hard 0 soft 0 temp 0.18 loss 1.93 i_con 4.40 plddt 0.24 ptm 0.83 i_ptm 0.19 energy -51.04
143 models [2] recycles 0 hard 0 soft 0 temp 0.16 loss 1.54 i_con 4.03 plddt 0.32 ptm 0.87 i_ptm 0.39 energy -51.15
144 models [4] recycles 0 hard 0 soft 0 temp 0.14 loss 1.40 i_con 3.91 plddt 0.30 ptm 0.88 i_ptm 0.42 energy -51.63
145 models [2] recycles 0 hard 0 soft 0 temp 0.12 loss 1.29 i_con 3.83 plddt 0.39 ptm 0.88 i_ptm 0.47 energy -52.07
146 models [1] recycles 0 hard 0 soft 0 temp 0.10 loss 1.47 i_con 4.02 plddt 0.31 ptm 0.87 i_ptm 0.39 energy -52.52
147 models [4] recycles 0 hard 0 soft 0 temp 0.08 loss 1.29 i_con 3.87 plddt 0.31 ptm 0.89 i_ptm 0.43 energy -53.02
148 models [2] recycles 0 hard 0 soft 0 temp 0.06 loss 1.13 i_con 3.78 plddt 0.39 ptm 0.87 i_ptm 0.50 energy -54.15
149 models [1] recycles 0 hard 0 soft 0 temp 0.04 loss 1.21 i_con 3.88 plddt 0.34 ptm 0.87 i_ptm 0.44 energy -54.53
150 models [0] recycles 0 hard 0 soft 0 temp 0.02 loss 1.22 i_con 3.90 plddt 0.33 ptm 0.85 i_ptm 0.45 energy -55.00
151 models [0] recycles 0 hard 1 soft 0 temp 0.00 loss 0.47 i_con 4.68 plddt 0.18 ptm 0.83 i_ptm 0.13 energy -8.58
152 models [2] recycles 0 hard 1 soft 0 temp 0.00 loss -0.55 i_con 3.68 plddt 0.40 ptm 0.88 i_ptm 0.55 energy -8.58
153 models [4] recycles 0 hard 1 soft 0 temp 0.00 loss -0.31 i_con 3.91 plddt 0.26 ptm 0.89 i_ptm 0.41 energy -8.58
154 models [0] recycles 0 hard 1 soft 0 temp 0.00 loss 0.47 i_con 4.68 plddt 0.18 ptm 0.83 i_ptm 0.13 energy -8.58
155 models [0] recycles 0 hard 1 soft 0 temp 0.00 loss 0.47 i_con 4.68 plddt 0.18 ptm 0.83 i_ptm 0.13 energy -8.58
156 models [2] recycles 0 hard 1 soft 0 temp 0.00 loss -0.55 i_con 3.68 plddt 0.40 ptm 0.88 i_ptm 0.55 energy -8.58
157 models [4] recycles 0 hard 1 soft 0 temp 0.00 loss -0.31 i_con 3.91 plddt 0.26 ptm 0.89 i_ptm 0.41 energy -8.58
158 models [1] recycles 0 hard 1 soft 0 temp 0.00 loss 0.69 i_con 4.90 plddt 0.18 ptm 0.85 i_ptm 0.11 energy -8.58
159 models [0] recycles 0 hard 1 soft 0 temp 0.00 loss 0.47 i_con 4.68 plddt 0.18 ptm 0.83 i_ptm 0.13 energy -8.58
160 models [0] recycles 0 hard 1 soft 0 temp 0.00 loss 0.47 i_con 4.68 plddt 0.18 ptm 0.83 i_ptm 0.13 energy -8.58
161 models [0] recycles 0 hard 1 soft 0 temp 0.00 loss 0.47 i_con 4.68 plddt 0.18 ptm 0.83 i_ptm 0.13 energy -8.58
162 models [4] recycles 0 hard 1 soft 0 temp 0.00 loss -0.31 i_con 3.91 plddt 0.26 ptm 0.89 i_ptm 0.41 energy -8.58
163 models [4] recycles 0 hard 1 soft 0 temp 0.00 loss -0.31 i_con 3.91 plddt 0.26 ptm 0.89 i_ptm 0.41 energy -8.58
164 models [0] recycles 0 hard 1 soft 0 temp 0.00 loss 0.47 i_con 4.68 plddt 0.18 ptm 0.83 i_ptm 0.13 energy -8.58
165 models [2] recycles 0 hard 1 soft 0 temp 0.00 loss -0.55 i_con 3.68 plddt 0.40 ptm 0.88 i_ptm 0.55 energy -8.58
166 models [1] recycles 0 hard 1 soft 0 temp 0.00 loss 0.69 i_con 4.90 plddt 0.18 ptm 0.85 i_ptm 0.11 energy -8.58
167 models [4] recycles 0 hard 1 soft 0 temp 0.00 loss -0.31 i_con 3.91 plddt 0.26 ptm 0.89 i_ptm 0.41 energy -8.58
168 models [0] recycles 0 hard 1 soft 0 temp 0.00 loss 0.47 i_con 4.68 plddt 0.18 ptm 0.83 i_ptm 0.13 energy -8.58
169 models [0] recycles 0 hard 1 soft 0 temp 0.00 loss 0.47 i_con 4.68 plddt 0.18 ptm 0.83 i_ptm 0.13 energy -8.58
170 models [1] recycles 0 hard 1 soft 0 temp 0.00 loss 0.69 i_con 4.90 plddt 0.18 ptm 0.85 i_ptm 0.11 energy -8.58
171 models [2] recycles 0 hard 1 soft 0 temp 0.00 loss -0.55 i_con 3.68 plddt 0.40 ptm 0.88 i_ptm 0.55 energy -8.58
172 models [0] recycles 0 hard 1 soft 0 temp 0.00 loss 0.47 i_con 4.68 plddt 0.18 ptm 0.83 i_ptm 0.13 energy -8.58
173 models [2] recycles 0 hard 1 soft 0 temp 0.00 loss -0.55 i_con 3.68 plddt 0.40 ptm 0.88 i_ptm 0.55 energy -8.58
174 models [3] recycles 0 hard 1 soft 0 temp 0.00 loss -0.43 i_con 3.80 plddt 0.36 ptm 0.87 i_ptm 0.51 energy -8.58
175 models [3] recycles 0 hard 1 soft 0 temp 0.00 loss -0.43 i_con 3.80 plddt 0.36 ptm 0.87 i_ptm 0.51 energy -8.58
176 models [0] recycles 0 hard 1 soft 0 temp 0.00 loss 0.47 i_con 4.68 plddt 0.18 ptm 0.83 i_ptm 0.13 energy -8.58
177 models [2] recycles 0 hard 1 soft 0 temp 0.00 loss -0.55 i_con 3.68 plddt 0.40 ptm 0.88 i_ptm 0.55 energy -8.58
178 models [1] recycles 0 hard 1 soft 0 temp 0.00 loss 0.69 i_con 4.90 plddt 0.18 ptm 0.85 i_ptm 0.11 energy -8.58
179 models [3] recycles 0 hard 1 soft 0 temp 0.00 loss -0.43 i_con 3.80 plddt 0.36 ptm 0.87 i_ptm 0.51 energy -8.58
180 models [2] recycles 0 hard 1 soft 0 temp 0.00 loss -0.55 i_con 3.68 plddt 0.40 ptm 0.88 i_ptm 0.55 energy -8.58
  seq=NIKKRAQHVNFYGTC  loss=-0.5461  loss_af=3.7447  energy=-8.5817  i_ptm=0.5507
[18/20] seed=17 ...
1 models [3] recycles 0 hard 0 soft 1 temp 1 loss 4.63 i_con 4.18 plddt 0.26 ptm 0.85 i_ptm 0.28 energy 7.38
2 models [2] recycles 0 hard 0 soft 1 temp 1 loss 4.32 i_con 3.90 plddt 0.34 ptm 0.87 i_ptm 0.42 energy 7.15
3 models [1] recycles 0 hard 0 soft 1 temp 1 loss 4.90 i_con 4.49 plddt 0.20 ptm 0.86 i_ptm 0.15 energy 6.46
4 models [1] recycles 0 hard 0 soft 1 temp 1 loss 4.63 i_con 4.24 plddt 0.23 ptm 0.86 i_ptm 0.24 energy 6.40
5 models [4] recycles 0 hard 0 soft 1 temp 1 loss 4.45 i_con 4.08 plddt 0.26 ptm 0.88 i_ptm 0.31 energy 5.98
6 models [4] recycles 0 hard 0 soft 1 temp 1 loss 4.53 i_con 4.18 plddt 0.27 ptm 0.87 i_ptm 0.31 energy 5.50
7 models [1] recycles 0 hard 0 soft 1 temp 1 loss 4.47 i_con 4.13 plddt 0.25 ptm 0.86 i_ptm 0.29 energy 5.13
8 models [2] recycles 0 hard 0 soft 1 temp 1 loss 4.20 i_con 3.90 plddt 0.32 ptm 0.87 i_ptm 0.41 energy 4.64
9 models [3] recycles 0 hard 0 soft 1 temp 1 loss 3.81 i_con 3.54 plddt 0.40 ptm 0.87 i_ptm 0.58 energy 4.32
10 models [3] recycles 0 hard 0 soft 1 temp 1 loss 4.17 i_con 3.90 plddt 0.32 ptm 0.86 i_ptm 0.40 energy 3.98
11 models [4] recycles 0 hard 0 soft 1 temp 1 loss 4.18 i_con 3.94 plddt 0.30 ptm 0.88 i_ptm 0.39 energy 3.39
12 models [3] recycles 0 hard 0 soft 1 temp 1 loss 3.89 i_con 3.67 plddt 0.35 ptm 0.86 i_ptm 0.52 energy 3.06
13 models [4] recycles 0 hard 0 soft 1 temp 1 loss 4.34 i_con 4.13 plddt 0.30 ptm 0.88 i_ptm 0.31 energy 2.80
14 models [3] recycles 0 hard 0 soft 1 temp 1 loss 3.99 i_con 3.79 plddt 0.34 ptm 0.87 i_ptm 0.45 energy 2.60
15 models [3] recycles 0 hard 0 soft 1 temp 1 loss 3.93 i_con 3.75 plddt 0.35 ptm 0.86 i_ptm 0.46 energy 2.35
16 models [4] recycles 0 hard 0 soft 1 temp 1 loss 4.21 i_con 4.04 plddt 0.33 ptm 0.88 i_ptm 0.37 energy 2.05
17 models [0] recycles 0 hard 0 soft 1 temp 1 loss 4.53 i_con 4.36 plddt 0.28 ptm 0.83 i_ptm 0.22 energy 2.02
18 models [4] recycles 0 hard 0 soft 1 temp 1 loss 4.86 i_con 4.69 plddt 0.24 ptm 0.88 i_ptm 0.19 energy 1.95
19 models [0] recycles 0 hard 0 soft 1 temp 1 loss 3.98 i_con 3.81 plddt 0.39 ptm 0.86 i_ptm 0.50 energy 2.05
20 models [4] recycles 0 hard 0 soft 1 temp 1 loss 4.12 i_con 3.98 plddt 0.32 ptm 0.89 i_ptm 0.44 energy 1.52
21 models [3] recycles 0 hard 0 soft 1 temp 1 loss 3.85 i_con 3.71 plddt 0.36 ptm 0.86 i_ptm 0.47 energy 1.46
22 models [1] recycles 0 hard 0 soft 1 temp 1 loss 5.24 i_con 5.11 plddt 0.21 ptm 0.86 i_ptm 0.15 energy 1.12
23 models [3] recycles 0 hard 0 soft 1 temp 1 loss 3.95 i_con 3.83 plddt 0.34 ptm 0.86 i_ptm 0.41 energy 1.10
24 models [3] recycles 0 hard 0 soft 1 temp 1 loss 3.93 i_con 3.82 plddt 0.34 ptm 0.86 i_ptm 0.42 energy 0.78
25 models [0] recycles 0 hard 0 soft 1 temp 1 loss 4.16 i_con 4.05 plddt 0.32 ptm 0.85 i_ptm 0.34 energy 0.81
26 models [2] recycles 0 hard 0 soft 1 temp 1 loss 3.98 i_con 3.88 plddt 0.34 ptm 0.87 i_ptm 0.42 energy 0.56
27 models [0] recycles 0 hard 0 soft 1 temp 1 loss 3.98 i_con 3.91 plddt 0.33 ptm 0.85 i_ptm 0.39 energy 0.12
28 models [4] recycles 0 hard 0 soft 1 temp 1 loss 4.12 i_con 4.05 plddt 0.29 ptm 0.88 i_ptm 0.35 energy -0.01
29 models [3] recycles 0 hard 0 soft 1 temp 1 loss 3.72 i_con 3.67 plddt 0.41 ptm 0.87 i_ptm 0.52 energy -0.18
30 models [0] recycles 0 hard 0 soft 1 temp 1 loss 3.91 i_con 3.87 plddt 0.33 ptm 0.86 i_ptm 0.42 energy -0.48
31 models [3] recycles 0 hard 0 soft 1 temp 1 loss 3.81 i_con 3.78 plddt 0.33 ptm 0.86 i_ptm 0.44 energy -0.84
32 models [2] recycles 0 hard 0 soft 1 temp 1 loss 3.84 i_con 3.82 plddt 0.33 ptm 0.86 i_ptm 0.43 energy -0.90
33 models [4] recycles 0 hard 0 soft 1 temp 1 loss 4.02 i_con 4.00 plddt 0.28 ptm 0.88 i_ptm 0.36 energy -1.12
34 models [1] recycles 0 hard 0 soft 1 temp 1 loss 3.81 i_con 3.82 plddt 0.32 ptm 0.87 i_ptm 0.42 energy -1.45
35 models [1] recycles 0 hard 0 soft 1 temp 1 loss 3.89 i_con 3.90 plddt 0.32 ptm 0.87 i_ptm 0.39 energy -1.64
36 models [4] recycles 0 hard 0 soft 1 temp 1 loss 4.52 i_con 4.53 plddt 0.23 ptm 0.87 i_ptm 0.19 energy -1.79
37 models [1] recycles 0 hard 0 soft 1 temp 1 loss 3.82 i_con 3.84 plddt 0.30 ptm 0.87 i_ptm 0.41 energy -1.77
38 models [2] recycles 0 hard 0 soft 1 temp 1 loss 3.66 i_con 3.70 plddt 0.35 ptm 0.87 i_ptm 0.48 energy -1.94
39 models [2] recycles 0 hard 0 soft 1 temp 1 loss 3.70 i_con 3.74 plddt 0.35 ptm 0.87 i_ptm 0.47 energy -2.03
40 models [4] recycles 0 hard 0 soft 1 temp 1 loss 3.78 i_con 3.82 plddt 0.31 ptm 0.88 i_ptm 0.43 energy -2.18
41 models [0] recycles 0 hard 0 soft 1 temp 1 loss 3.90 i_con 3.95 plddt 0.31 ptm 0.85 i_ptm 0.36 energy -2.29
42 models [4] recycles 0 hard 0 soft 1 temp 1 loss 3.72 i_con 3.77 plddt 0.34 ptm 0.88 i_ptm 0.44 energy -2.16
43 models [0] recycles 0 hard 0 soft 1 temp 1 loss 3.88 i_con 3.93 plddt 0.35 ptm 0.85 i_ptm 0.37 energy -2.40
44 models [4] recycles 0 hard 0 soft 1 temp 1 loss 3.61 i_con 3.68 plddt 0.42 ptm 0.89 i_ptm 0.54 energy -2.44
45 models [3] recycles 0 hard 0 soft 1 temp 1 loss 3.77 i_con 3.83 plddt 0.34 ptm 0.86 i_ptm 0.43 energy -2.47
46 models [0] recycles 0 hard 0 soft 1 temp 1 loss 3.76 i_con 3.81 plddt 0.34 ptm 0.85 i_ptm 0.43 energy -2.38
47 models [2] recycles 0 hard 0 soft 1 temp 1 loss 3.65 i_con 3.70 plddt 0.37 ptm 0.87 i_ptm 0.49 energy -2.37
48 models [0] recycles 0 hard 0 soft 1 temp 1 loss 3.65 i_con 3.72 plddt 0.40 ptm 0.85 i_ptm 0.48 energy -2.48
49 models [3] recycles 0 hard 0 soft 1 temp 1 loss 3.81 i_con 3.87 plddt 0.32 ptm 0.86 i_ptm 0.41 energy -2.62
50 models [0] recycles 0 hard 0 soft 1 temp 1 loss 3.53 i_con 3.60 plddt 0.44 ptm 0.86 i_ptm 0.55 energy -2.36
51 models [1] recycles 0 hard 0 soft 1 temp 1 loss 3.35 i_con 3.80 plddt 0.37 ptm 0.87 i_ptm 0.46 energy -2.57
52 models [4] recycles 0 hard 0 soft 1 temp 1 loss 3.29 i_con 3.73 plddt 0.35 ptm 0.89 i_ptm 0.49 energy -2.50
53 models [1] recycles 0 hard 0 soft 1 temp 1 loss 3.37 i_con 3.85 plddt 0.31 ptm 0.88 i_ptm 0.42 energy -2.73
54 models [2] recycles 0 hard 0 soft 1 temp 1 loss 3.22 i_con 3.70 plddt 0.40 ptm 0.87 i_ptm 0.53 energy -2.72
55 models [1] recycles 0 hard 0 soft 1 temp 1 loss 3.43 i_con 3.92 plddt 0.32 ptm 0.87 i_ptm 0.41 energy -2.78
56 models [1] recycles 0 hard 0 soft 1 temp 1 loss 3.27 i_con 3.75 plddt 0.34 ptm 0.88 i_ptm 0.47 energy -2.77
57 models [4] recycles 0 hard 0 soft 1 temp 1 loss 3.19 i_con 3.70 plddt 0.38 ptm 0.89 i_ptm 0.53 energy -2.85
58 models [3] recycles 0 hard 0 soft 1 temp 1 loss 3.09 i_con 3.62 plddt 0.42 ptm 0.87 i_ptm 0.56 energy -2.94
59 models [4] recycles 0 hard 0 soft 1 temp 1 loss 3.39 i_con 3.93 plddt 0.29 ptm 0.88 i_ptm 0.37 energy -3.09
60 models [2] recycles 0 hard 0 soft 1 temp 1 loss 3.22 i_con 3.78 plddt 0.36 ptm 0.87 i_ptm 0.48 energy -3.12
61 models [3] recycles 0 hard 0 soft 1 temp 1 loss 4.57 i_con 5.14 plddt 0.28 ptm 0.84 i_ptm 0.17 energy -3.21
62 models [0] recycles 0 hard 0 soft 1 temp 1 loss 3.17 i_con 3.74 plddt 0.40 ptm 0.85 i_ptm 0.48 energy -3.13
63 models [0] recycles 0 hard 0 soft 1 temp 1 loss 3.21 i_con 3.76 plddt 0.41 ptm 0.86 i_ptm 0.49 energy -3.05
64 models [2] recycles 0 hard 0 soft 1 temp 1 loss 3.16 i_con 3.74 plddt 0.39 ptm 0.87 i_ptm 0.51 energy -3.19
65 models [1] recycles 0 hard 0 soft 1 temp 1 loss 3.80 i_con 4.37 plddt 0.23 ptm 0.85 i_ptm 0.17 energy -3.23
66 models [4] recycles 0 hard 0 soft 1 temp 1 loss 3.13 i_con 3.69 plddt 0.39 ptm 0.89 i_ptm 0.53 energy -3.11
67 models [1] recycles 0 hard 0 soft 1 temp 1 loss 3.86 i_con 4.43 plddt 0.22 ptm 0.85 i_ptm 0.16 energy -3.28
68 models [1] recycles 0 hard 0 soft 1 temp 1 loss 3.15 i_con 3.72 plddt 0.37 ptm 0.88 i_ptm 0.49 energy -3.19
69 models [0] recycles 0 hard 0 soft 1 temp 1 loss 2.99 i_con 3.57 plddt 0.45 ptm 0.87 i_ptm 0.58 energy -3.16
70 models [1] recycles 0 hard 0 soft 1 temp 1 loss 3.23 i_con 3.81 plddt 0.32 ptm 0.88 i_ptm 0.48 energy -3.26
71 models [4] recycles 0 hard 0 soft 1 temp 1 loss 2.85 i_con 3.44 plddt 0.50 ptm 0.89 i_ptm 0.64 energy -3.19
72 models [3] recycles 0 hard 0 soft 1 temp 1 loss 3.12 i_con 3.73 plddt 0.41 ptm 0.87 i_ptm 0.53 energy -3.33
73 models [3] recycles 0 hard 0 soft 1 temp 1 loss 3.07 i_con 3.67 plddt 0.44 ptm 0.86 i_ptm 0.57 energy -3.28
74 models [0] recycles 0 hard 0 soft 1 temp 1 loss 3.03 i_con 3.64 plddt 0.47 ptm 0.86 i_ptm 0.56 energy -3.32
75 models [2] recycles 0 hard 0 soft 1 temp 1 loss 2.92 i_con 3.54 plddt 0.49 ptm 0.88 i_ptm 0.62 energy -3.36
76 models [2] recycles 0 hard 0 soft 1 temp 1 loss 2.82 i_con 3.46 plddt 0.53 ptm 0.88 i_ptm 0.65 energy -3.40
77 models [3] recycles 0 hard 0 soft 1 temp 1 loss 3.03 i_con 3.63 plddt 0.42 ptm 0.87 i_ptm 0.55 energy -3.30
78 models [3] recycles 0 hard 0 soft 1 temp 1 loss 2.89 i_con 3.54 plddt 0.46 ptm 0.88 i_ptm 0.60 energy -3.52
79 models [0] recycles 0 hard 0 soft 1 temp 1 loss 3.04 i_con 3.67 plddt 0.43 ptm 0.86 i_ptm 0.53 energy -3.45
80 models [3] recycles 0 hard 0 soft 1 temp 1 loss 3.99 i_con 4.66 plddt 0.26 ptm 0.84 i_ptm 0.20 energy -3.72
81 models [4] recycles 0 hard 0 soft 1 temp 1 loss 3.42 i_con 4.08 plddt 0.26 ptm 0.87 i_ptm 0.29 energy -3.68
82 models [2] recycles 0 hard 0 soft 1 temp 1 loss 2.98 i_con 3.66 plddt 0.47 ptm 0.87 i_ptm 0.57 energy -3.67
83 models [0] recycles 0 hard 0 soft 1 temp 1 loss 3.16 i_con 3.86 plddt 0.36 ptm 0.85 i_ptm 0.43 energy -3.82
84 models [0] recycles 0 hard 0 soft 1 temp 1 loss 2.92 i_con 3.65 plddt 0.45 ptm 0.86 i_ptm 0.56 energy -3.91
85 models [0] recycles 0 hard 0 soft 1 temp 1 loss 3.34 i_con 4.09 plddt 0.30 ptm 0.84 i_ptm 0.31 energy -4.08
86 models [1] recycles 0 hard 0 soft 1 temp 1 loss 2.59 i_con 3.36 plddt 0.51 ptm 0.89 i_ptm 0.65 energy -4.11
87 models [3] recycles 0 hard 0 soft 1 temp 1 loss 2.96 i_con 3.69 plddt 0.41 ptm 0.87 i_ptm 0.54 energy -3.92
88 models [1] recycles 0 hard 0 soft 1 temp 1 loss 4.24 i_con 5.02 plddt 0.23 ptm 0.85 i_ptm 0.13 energy -4.28
89 models [4] recycles 0 hard 0 soft 1 temp 1 loss 2.97 i_con 3.72 plddt 0.35 ptm 0.88 i_ptm 0.49 energy -4.11
90 models [4] recycles 0 hard 0 soft 1 temp 1 loss 3.08 i_con 3.87 plddt 0.32 ptm 0.88 i_ptm 0.40 energy -4.33
91 models [1] recycles 0 hard 0 soft 1 temp 1 loss 3.90 i_con 4.69 plddt 0.20 ptm 0.85 i_ptm 0.12 energy -4.36
92 models [2] recycles 0 hard 0 soft 1 temp 1 loss 2.85 i_con 3.66 plddt 0.45 ptm 0.87 i_ptm 0.56 energy -4.33
93 models [1] recycles 0 hard 0 soft 1 temp 1 loss 3.67 i_con 4.49 plddt 0.27 ptm 0.86 i_ptm 0.25 energy -4.45
94 models [0] recycles 0 hard 0 soft 1 temp 1 loss 2.87 i_con 3.71 plddt 0.45 ptm 0.86 i_ptm 0.55 energy -4.48
95 models [1] recycles 0 hard 0 soft 1 temp 1 loss 3.60 i_con 4.47 plddt 0.23 ptm 0.85 i_ptm 0.13 energy -4.74
96 models [3] recycles 0 hard 0 soft 1 temp 1 loss 2.71 i_con 3.60 plddt 0.46 ptm 0.87 i_ptm 0.59 energy -4.73
97 models [3] recycles 0 hard 0 soft 1 temp 1 loss 3.12 i_con 4.02 plddt 0.32 ptm 0.85 i_ptm 0.35 energy -4.86
98 models [1] recycles 0 hard 0 soft 1 temp 1 loss 2.86 i_con 3.76 plddt 0.37 ptm 0.88 i_ptm 0.48 energy -4.85
99 models [1] recycles 0 hard 0 soft 1 temp 1 loss 3.13 i_con 4.03 plddt 0.29 ptm 0.87 i_ptm 0.36 energy -4.86
100 models [1] recycles 0 hard 0 soft 1 temp 1 loss 3.18 i_con 4.09 plddt 0.28 ptm 0.87 i_ptm 0.33 energy -4.90
101 models [3] recycles 0 hard 0 soft 0 temp 1 loss 2.57 i_con 3.79 plddt 0.35 ptm 0.87 i_ptm 0.45 energy -25.82
102 models [0] recycles 0 hard 0 soft 0 temp 0.98 loss 2.70 i_con 3.95 plddt 0.33 ptm 0.85 i_ptm 0.42 energy -26.29
103 models [2] recycles 0 hard 0 soft 0 temp 0.96 loss 4.22 i_con 5.52 plddt 0.25 ptm 0.85 i_ptm 0.24 energy -27.41
104 models [2] recycles 0 hard 0 soft 0 temp 0.94 loss 2.65 i_con 3.96 plddt 0.33 ptm 0.86 i_ptm 0.41 energy -27.49
105 models [1] recycles 0 hard 0 soft 0 temp 0.92 loss 4.21 i_con 5.54 plddt 0.24 ptm 0.86 i_ptm 0.17 energy -28.19
106 models [0] recycles 0 hard 0 soft 0 temp 0.90 loss 2.52 i_con 3.86 plddt 0.34 ptm 0.85 i_ptm 0.45 energy -28.20
107 models [4] recycles 0 hard 0 soft 0 temp 0.88 loss 2.49 i_con 3.89 plddt 0.30 ptm 0.89 i_ptm 0.43 energy -29.24
108 models [2] recycles 0 hard 0 soft 0 temp 0.86 loss 3.38 i_con 4.81 plddt 0.26 ptm 0.86 i_ptm 0.19 energy -30.11
109 models [3] recycles 0 hard 0 soft 0 temp 0.84 loss 2.34 i_con 3.78 plddt 0.35 ptm 0.86 i_ptm 0.45 energy -30.11
110 models [1] recycles 0 hard 0 soft 0 temp 0.82 loss 4.81 i_con 6.30 plddt 0.27 ptm 0.86 i_ptm 0.20 energy -31.22
111 models [4] recycles 0 hard 0 soft 0 temp 0.80 loss 2.46 i_con 3.96 plddt 0.28 ptm 0.87 i_ptm 0.35 energy -31.48
112 models [0] recycles 0 hard 0 soft 0 temp 0.78 loss 2.35 i_con 3.86 plddt 0.36 ptm 0.85 i_ptm 0.44 energy -31.53
113 models [0] recycles 0 hard 0 soft 0 temp 0.76 loss 2.31 i_con 3.85 plddt 0.36 ptm 0.85 i_ptm 0.46 energy -32.12
114 models [1] recycles 0 hard 0 soft 0 temp 0.74 loss 3.00 i_con 4.55 plddt 0.23 ptm 0.86 i_ptm 0.17 energy -32.54
115 models [0] recycles 0 hard 0 soft 0 temp 0.72 loss 2.28 i_con 3.85 plddt 0.35 ptm 0.86 i_ptm 0.46 energy -32.58
116 models [1] recycles 0 hard 0 soft 0 temp 0.70 loss 2.57 i_con 4.14 plddt 0.25 ptm 0.86 i_ptm 0.29 energy -32.86
117 models [0] recycles 0 hard 0 soft 0 temp 0.68 loss 2.24 i_con 3.85 plddt 0.35 ptm 0.85 i_ptm 0.46 energy -33.47
118 models [1] recycles 0 hard 0 soft 0 temp 0.66 loss 3.73 i_con 5.34 plddt 0.25 ptm 0.86 i_ptm 0.17 energy -33.76
119 models [0] recycles 0 hard 0 soft 0 temp 0.64 loss 2.16 i_con 3.78 plddt 0.38 ptm 0.85 i_ptm 0.51 energy -33.76
120 models [0] recycles 0 hard 0 soft 0 temp 0.62 loss 2.21 i_con 3.91 plddt 0.31 ptm 0.85 i_ptm 0.42 energy -35.21
121 models [3] recycles 0 hard 0 soft 0 temp 0.60 loss 2.02 i_con 3.72 plddt 0.35 ptm 0.86 i_ptm 0.48 energy -35.24
122 models [3] recycles 0 hard 0 soft 0 temp 0.58 loss 2.16 i_con 3.90 plddt 0.31 ptm 0.86 i_ptm 0.40 energy -36.17
123 models [0] recycles 0 hard 0 soft 0 temp 0.56 loss 2.15 i_con 3.89 plddt 0.30 ptm 0.85 i_ptm 0.42 energy -36.17
124 models [1] recycles 0 hard 0 soft 0 temp 0.54 loss 3.34 i_con 5.12 plddt 0.21 ptm 0.85 i_ptm 0.13 energy -37.16
125 models [2] recycles 0 hard 0 soft 0 temp 0.52 loss 2.42 i_con 4.23 plddt 0.27 ptm 0.86 i_ptm 0.29 energy -37.59
126 models [0] recycles 0 hard 0 soft 0 temp 0.50 loss 1.97 i_con 3.80 plddt 0.39 ptm 0.85 i_ptm 0.49 energy -37.88
127 models [2] recycles 0 hard 0 soft 0 temp 0.48 loss 1.93 i_con 3.80 plddt 0.37 ptm 0.87 i_ptm 0.49 energy -38.69
128 models [2] recycles 0 hard 0 soft 0 temp 0.46 loss 2.08 i_con 4.02 plddt 0.37 ptm 0.86 i_ptm 0.39 energy -39.91
129 models [3] recycles 0 hard 0 soft 0 temp 0.44 loss 1.80 i_con 3.75 plddt 0.35 ptm 0.87 i_ptm 0.46 energy -40.28
130 models [4] recycles 0 hard 0 soft 0 temp 0.42 loss 3.34 i_con 5.35 plddt 0.28 ptm 0.88 i_ptm 0.31 energy -41.61
131 models [0] recycles 0 hard 0 soft 0 temp 0.40 loss 1.84 i_con 3.88 plddt 0.36 ptm 0.85 i_ptm 0.44 energy -42.11
132 models [3] recycles 0 hard 0 soft 0 temp 0.38 loss 1.78 i_con 3.82 plddt 0.31 ptm 0.86 i_ptm 0.41 energy -42.19
133 models [4] recycles 0 hard 0 soft 0 temp 0.36 loss 1.80 i_con 3.88 plddt 0.28 ptm 0.88 i_ptm 0.40 energy -42.93
134 models [4] recycles 0 hard 0 soft 0 temp 0.34 loss 1.67 i_con 3.75 plddt 0.34 ptm 0.89 i_ptm 0.46 energy -42.99
135 models [0] recycles 0 hard 0 soft 0 temp 0.32 loss 1.66 i_con 3.81 plddt 0.37 ptm 0.85 i_ptm 0.48 energy -44.18
136 models [2] recycles 0 hard 0 soft 0 temp 0.30 loss 1.55 i_con 3.72 plddt 0.42 ptm 0.87 i_ptm 0.53 energy -44.53
137 models [4] recycles 0 hard 0 soft 0 temp 0.28 loss 2.91 i_con 5.13 plddt 0.27 ptm 0.87 i_ptm 0.28 energy -45.87
138 models [1] recycles 0 hard 0 soft 0 temp 0.26 loss 1.76 i_con 3.99 plddt 0.28 ptm 0.86 i_ptm 0.33 energy -46.21
139 models [3] recycles 0 hard 0 soft 0 temp 0.24 loss 1.52 i_con 3.80 plddt 0.34 ptm 0.86 i_ptm 0.45 energy -47.02
140 models [1] recycles 0 hard 0 soft 0 temp 0.22 loss 1.59 i_con 3.92 plddt 0.32 ptm 0.87 i_ptm 0.41 energy -47.83
141 models [3] recycles 0 hard 0 soft 0 temp 0.20 loss 1.39 i_con 3.76 plddt 0.37 ptm 0.87 i_ptm 0.47 energy -48.58
142 models [2] recycles 0 hard 0 soft 0 temp 0.18 loss 1.37 i_con 3.76 plddt 0.42 ptm 0.87 i_ptm 0.52 energy -48.92
143 models [3] recycles 0 hard 0 soft 0 temp 0.16 loss 1.34 i_con 3.79 plddt 0.35 ptm 0.86 i_ptm 0.45 energy -50.42
144 models [2] recycles 0 hard 0 soft 0 temp 0.14 loss 1.21 i_con 3.69 plddt 0.44 ptm 0.88 i_ptm 0.55 energy -50.69
145 models [4] recycles 0 hard 0 soft 0 temp 0.12 loss 1.36 i_con 3.85 plddt 0.31 ptm 0.89 i_ptm 0.44 energy -51.09
146 models [3] recycles 0 hard 0 soft 0 temp 0.10 loss 1.23 i_con 3.77 plddt 0.39 ptm 0.86 i_ptm 0.48 energy -51.93
147 models [4] recycles 0 hard 0 soft 0 temp 0.08 loss 1.13 i_con 3.69 plddt 0.36 ptm 0.89 i_ptm 0.51 energy -52.43
148 models [2] recycles 0 hard 0 soft 0 temp 0.06 loss 1.18 i_con 3.77 plddt 0.39 ptm 0.88 i_ptm 0.51 energy -52.91
149 models [3] recycles 0 hard 0 soft 0 temp 0.04 loss 1.18 i_con 3.78 plddt 0.34 ptm 0.86 i_ptm 0.46 energy -53.31
150 models [1] recycles 0 hard 0 soft 0 temp 0.02 loss 2.83 i_con 5.45 plddt 0.24 ptm 0.85 i_ptm 0.14 energy -53.86
151 models [0] recycles 0 hard 1 soft 0 temp 0.00 loss 0.16 i_con 3.70 plddt 0.38 ptm 0.85 i_ptm 0.54 energy -7.20
152 models [3] recycles 0 hard 1 soft 0 temp 0.00 loss 1.37 i_con 4.90 plddt 0.24 ptm 0.85 i_ptm 0.24 energy -7.20
153 models [1] recycles 0 hard 1 soft 0 temp 0.00 loss 1.97 i_con 5.49 plddt 0.24 ptm 0.85 i_ptm 0.20 energy -7.20
154 models [0] recycles 0 hard 1 soft 0 temp 0.00 loss 0.16 i_con 3.70 plddt 0.38 ptm 0.85 i_ptm 0.54 energy -7.20
155 models [1] recycles 0 hard 1 soft 0 temp 0.00 loss 1.97 i_con 5.49 plddt 0.24 ptm 0.85 i_ptm 0.20 energy -7.20
156 models [2] recycles 0 hard 1 soft 0 temp 0.00 loss 2.61 i_con 6.14 plddt 0.29 ptm 0.86 i_ptm 0.35 energy -7.20
157 models [1] recycles 0 hard 1 soft 0 temp 0.00 loss 1.97 i_con 5.49 plddt 0.24 ptm 0.85 i_ptm 0.20 energy -7.20
158 models [0] recycles 0 hard 1 soft 0 temp 0.00 loss 0.16 i_con 3.70 plddt 0.38 ptm 0.85 i_ptm 0.54 energy -7.20
159 models [4] recycles 0 hard 1 soft 0 temp 0.00 loss 2.38 i_con 5.90 plddt 0.25 ptm 0.88 i_ptm 0.28 energy -7.20
160 models [3] recycles 0 hard 1 soft 0 temp 0.00 loss 1.37 i_con 4.90 plddt 0.24 ptm 0.85 i_ptm 0.24 energy -7.20
161 models [4] recycles 0 hard 1 soft 0 temp 0.00 loss 2.38 i_con 5.90 plddt 0.25 ptm 0.88 i_ptm 0.28 energy -7.20
162 models [4] recycles 0 hard 1 soft 0 temp 0.00 loss 2.38 i_con 5.90 plddt 0.25 ptm 0.88 i_ptm 0.28 energy -7.20
163 models [0] recycles 0 hard 1 soft 0 temp 0.00 loss 0.16 i_con 3.70 plddt 0.38 ptm 0.85 i_ptm 0.54 energy -7.20
164 models [0] recycles 0 hard 1 soft 0 temp 0.00 loss 0.16 i_con 3.70 plddt 0.38 ptm 0.85 i_ptm 0.54 energy -7.20
165 models [1] recycles 0 hard 1 soft 0 temp 0.00 loss 1.97 i_con 5.49 plddt 0.24 ptm 0.85 i_ptm 0.20 energy -7.20
166 models [0] recycles 0 hard 1 soft 0 temp 0.00 loss 0.16 i_con 3.70 plddt 0.38 ptm 0.85 i_ptm 0.54 energy -7.20
167 models [1] recycles 0 hard 1 soft 0 temp 0.00 loss 1.97 i_con 5.49 plddt 0.24 ptm 0.85 i_ptm 0.20 energy -7.20
168 models [4] recycles 0 hard 1 soft 0 temp 0.00 loss 2.38 i_con 5.90 plddt 0.25 ptm 0.88 i_ptm 0.28 energy -7.20
169 models [3] recycles 0 hard 1 soft 0 temp 0.00 loss 1.37 i_con 4.90 plddt 0.24 ptm 0.85 i_ptm 0.24 energy -7.20
170 models [0] recycles 0 hard 1 soft 0 temp 0.00 loss 0.16 i_con 3.70 plddt 0.38 ptm 0.85 i_ptm 0.54 energy -7.20
171 models [4] recycles 0 hard 1 soft 0 temp 0.00 loss 2.38 i_con 5.90 plddt 0.25 ptm 0.88 i_ptm 0.28 energy -7.20
172 models [4] recycles 0 hard 1 soft 0 temp 0.00 loss 2.38 i_con 5.90 plddt 0.25 ptm 0.88 i_ptm 0.28 energy -7.20
173 models [3] recycles 0 hard 1 soft 0 temp 0.00 loss 1.37 i_con 4.90 plddt 0.24 ptm 0.85 i_ptm 0.24 energy -7.20
174 models [2] recycles 0 hard 1 soft 0 temp 0.00 loss 2.61 i_con 6.14 plddt 0.29 ptm 0.86 i_ptm 0.35 energy -7.20
175 models [2] recycles 0 hard 1 soft 0 temp 0.00 loss 2.61 i_con 6.14 plddt 0.29 ptm 0.86 i_ptm 0.35 energy -7.20
176 models [2] recycles 0 hard 1 soft 0 temp 0.00 loss 2.61 i_con 6.14 plddt 0.29 ptm 0.86 i_ptm 0.35 energy -7.20
177 models [0] recycles 0 hard 1 soft 0 temp 0.00 loss 0.16 i_con 3.70 plddt 0.38 ptm 0.85 i_ptm 0.54 energy -7.20
178 models [4] recycles 0 hard 1 soft 0 temp 0.00 loss 2.38 i_con 5.90 plddt 0.25 ptm 0.88 i_ptm 0.28 energy -7.20
179 models [4] recycles 0 hard 1 soft 0 temp 0.00 loss 2.38 i_con 5.90 plddt 0.25 ptm 0.88 i_ptm 0.28 energy -7.20
180 models [4] recycles 0 hard 1 soft 0 temp 0.00 loss 2.38 i_con 5.90 plddt 0.25 ptm 0.88 i_ptm 0.28 energy -7.20
  seq=AIGRAWCDVFYQGFC  loss=2.3788  loss_af=5.9792  energy=-7.2009  i_ptm=0.2847
[19/20] seed=18 ...
