Job ID       : 289990
Array task   : 11  →  protocol: opt_anneal_energy_C
Node         : aar018
Start time   : Fri Apr  3 17:02:01 CEST 2026
---------------------------------------------
Fri Apr  3 17:02:01 2026       
+-----------------------------------------------------------------------------------------+
| NVIDIA-SMI 560.35.03              Driver Version: 560.35.03      CUDA Version: 12.6     |
|-----------------------------------------+------------------------+----------------------+
| GPU  Name                 Persistence-M | Bus-Id          Disp.A | Volatile Uncorr. ECC |
| Fan  Temp   Perf          Pwr:Usage/Cap |           Memory-Usage | GPU-Util  Compute M. |
|                                         |                        |               MIG M. |
|=========================================+========================+======================|
|   0  NVIDIA A30                     Off |   00000000:65:00.0 Off |                    0 |
| N/A   59C    P0             44W /  165W |       1MiB /  24576MiB |      0%      Default |
|                                         |                        |             Disabled |
+-----------------------------------------+------------------------+----------------------+
                                                                                         
+-----------------------------------------------------------------------------------------+
| Processes:                                                                              |
---------------------------------------------
JAX devices: [cuda(id=0)]
GPU check passed: cuda:0
Output file  : /home/share_nfs/342-Projets_BGE/342.3-Gen-Chem/342.3.2-BioInfo/342.3.2.8-SeqModels/protein_design/colabdesign_energy_guidance/prg/PA_PB1/results/opt_anneal_energy_C.json
Running protocol: opt_anneal_energy_C ...
py3Dmol not installed
/home/share_nfs/342-Projets_BGE/342.3-Gen-Chem/342.3.2-BioInfo/342.3.2.8-SeqModels/protein_design/energy_model_params/PAPB1pep/PNB_2R_3lay_negbinom_energy_model_weights.json
[1/20] input=CHGYVYDHHKNQEVL  seed=0 ...
1 models [1] recycles 0 hard 0 soft 0 temp 1 loss 6.47 i_con 6.42 plddt 0.36 ptm 0.88 i_ptm 0.11 energy -0.23
2 models [0] recycles 0 hard 0 soft 0 temp 0.98 loss 5.61 i_con 5.71 plddt 0.32 ptm 0.87 i_ptm 0.13 energy -3.35
3 models [0] recycles 0 hard 0 soft 0 temp 0.96 loss 5.22 i_con 5.35 plddt 0.35 ptm 0.87 i_ptm 0.14 energy -3.85
4 models [1] recycles 0 hard 0 soft 0 temp 0.94 loss 5.62 i_con 5.78 plddt 0.43 ptm 0.88 i_ptm 0.11 energy -4.26
5 models [0] recycles 0 hard 0 soft 0 temp 0.92 loss 5.24 i_con 5.41 plddt 0.38 ptm 0.87 i_ptm 0.11 energy -4.51
6 models [0] recycles 0 hard 0 soft 0 temp 0.90 loss 4.40 i_con 4.57 plddt 0.33 ptm 0.87 i_ptm 0.18 energy -4.78
7 models [0] recycles 0 hard 0 soft 0 temp 0.88 loss 4.29 i_con 4.50 plddt 0.34 ptm 0.87 i_ptm 0.20 energy -5.34
8 models [0] recycles 0 hard 0 soft 0 temp 0.86 loss 3.99 i_con 4.20 plddt 0.34 ptm 0.87 i_ptm 0.26 energy -5.59
9 models [0] recycles 0 hard 0 soft 0 temp 0.84 loss 4.02 i_con 4.24 plddt 0.35 ptm 0.87 i_ptm 0.26 energy -5.69
10 models [0] recycles 0 hard 0 soft 0 temp 0.82 loss 3.97 i_con 4.21 plddt 0.36 ptm 0.88 i_ptm 0.28 energy -6.03
11 models [0] recycles 0 hard 0 soft 0 temp 0.80 loss 4.02 i_con 4.29 plddt 0.35 ptm 0.87 i_ptm 0.24 energy -6.66
12 models [1] recycles 0 hard 0 soft 0 temp 0.78 loss 4.44 i_con 4.73 plddt 0.37 ptm 0.88 i_ptm 0.15 energy -7.09
13 models [1] recycles 0 hard 0 soft 0 temp 0.76 loss 4.20 i_con 4.49 plddt 0.39 ptm 0.88 i_ptm 0.19 energy -7.18
14 models [0] recycles 0 hard 0 soft 0 temp 0.74 loss 3.96 i_con 4.27 plddt 0.37 ptm 0.87 i_ptm 0.23 energy -7.46
15 models [1] recycles 0 hard 0 soft 0 temp 0.72 loss 4.23 i_con 4.55 plddt 0.37 ptm 0.88 i_ptm 0.16 energy -7.63
16 models [1] recycles 0 hard 0 soft 0 temp 0.70 loss 3.89 i_con 4.22 plddt 0.37 ptm 0.89 i_ptm 0.22 energy -7.90
17 models [1] recycles 0 hard 0 soft 0 temp 0.68 loss 3.77 i_con 4.12 plddt 0.39 ptm 0.89 i_ptm 0.25 energy -8.19
18 models [1] recycles 0 hard 0 soft 0 temp 0.66 loss 3.85 i_con 4.20 plddt 0.39 ptm 0.89 i_ptm 0.23 energy -8.24
19 models [1] recycles 0 hard 0 soft 0 temp 0.64 loss 3.87 i_con 4.23 plddt 0.37 ptm 0.89 i_ptm 0.24 energy -8.36
20 models [0] recycles 0 hard 0 soft 0 temp 0.62 loss 3.85 i_con 4.22 plddt 0.38 ptm 0.87 i_ptm 0.27 energy -8.69
21 models [1] recycles 0 hard 0 soft 0 temp 0.60 loss 3.76 i_con 4.14 plddt 0.40 ptm 0.89 i_ptm 0.25 energy -8.91
22 models [0] recycles 0 hard 0 soft 0 temp 0.58 loss 3.44 i_con 3.84 plddt 0.37 ptm 0.87 i_ptm 0.35 energy -9.25
23 models [0] recycles 0 hard 0 soft 0 temp 0.56 loss 3.54 i_con 3.97 plddt 0.37 ptm 0.87 i_ptm 0.30 energy -9.91
24 models [1] recycles 0 hard 0 soft 0 temp 0.54 loss 3.96 i_con 4.41 plddt 0.36 ptm 0.89 i_ptm 0.23 energy -10.24
25 models [1] recycles 0 hard 0 soft 0 temp 0.52 loss 3.34 i_con 3.80 plddt 0.42 ptm 0.89 i_ptm 0.33 energy -10.37
26 models [0] recycles 0 hard 0 soft 0 temp 0.50 loss 3.46 i_con 3.92 plddt 0.38 ptm 0.88 i_ptm 0.32 energy -10.60
27 models [0] recycles 0 hard 0 soft 0 temp 0.48 loss 3.47 i_con 3.96 plddt 0.39 ptm 0.87 i_ptm 0.31 energy -10.88
28 models [0] recycles 0 hard 0 soft 0 temp 0.46 loss 3.41 i_con 3.90 plddt 0.37 ptm 0.88 i_ptm 0.30 energy -11.12
29 models [0] recycles 0 hard 0 soft 0 temp 0.44 loss 3.37 i_con 3.90 plddt 0.39 ptm 0.87 i_ptm 0.35 energy -11.76
30 models [1] recycles 0 hard 0 soft 0 temp 0.42 loss 3.29 i_con 3.85 plddt 0.41 ptm 0.89 i_ptm 0.29 energy -12.48
31 models [0] recycles 0 hard 0 soft 0 temp 0.40 loss 3.30 i_con 3.88 plddt 0.36 ptm 0.87 i_ptm 0.34 energy -12.92
32 models [1] recycles 0 hard 0 soft 0 temp 0.38 loss 3.18 i_con 3.77 plddt 0.42 ptm 0.89 i_ptm 0.31 energy -12.92
33 models [0] recycles 0 hard 0 soft 0 temp 0.36 loss 3.07 i_con 3.67 plddt 0.39 ptm 0.87 i_ptm 0.35 energy -13.15
34 models [1] recycles 0 hard 0 soft 0 temp 0.34 loss 2.97 i_con 3.59 plddt 0.43 ptm 0.89 i_ptm 0.31 energy -13.46
35 models [0] recycles 0 hard 0 soft 0 temp 0.32 loss 2.99 i_con 3.61 plddt 0.43 ptm 0.88 i_ptm 0.35 energy -13.55
36 models [0] recycles 0 hard 0 soft 0 temp 0.30 loss 2.94 i_con 3.57 plddt 0.40 ptm 0.88 i_ptm 0.39 energy -13.99
37 models [1] recycles 0 hard 0 soft 0 temp 0.28 loss 2.79 i_con 3.45 plddt 0.45 ptm 0.89 i_ptm 0.38 energy -14.32
38 models [0] recycles 0 hard 0 soft 0 temp 0.26 loss 2.92 i_con 3.58 plddt 0.41 ptm 0.87 i_ptm 0.37 energy -14.40
39 models [0] recycles 0 hard 0 soft 0 temp 0.24 loss 2.85 i_con 3.54 plddt 0.43 ptm 0.88 i_ptm 0.39 energy -14.90
40 models [1] recycles 0 hard 0 soft 0 temp 0.22 loss 3.02 i_con 3.73 plddt 0.40 ptm 0.89 i_ptm 0.32 energy -15.25
41 models [1] recycles 0 hard 0 soft 0 temp 0.20 loss 2.61 i_con 3.33 plddt 0.47 ptm 0.89 i_ptm 0.40 energy -15.42
42 models [0] recycles 0 hard 0 soft 0 temp 0.18 loss 3.07 i_con 3.79 plddt 0.40 ptm 0.88 i_ptm 0.33 energy -15.65
43 models [1] recycles 0 hard 0 soft 0 temp 0.16 loss 2.49 i_con 3.24 plddt 0.45 ptm 0.89 i_ptm 0.40 energy -15.98
44 models [0] recycles 0 hard 0 soft 0 temp 0.14 loss 2.62 i_con 3.38 plddt 0.42 ptm 0.88 i_ptm 0.38 energy -16.30
45 models [0] recycles 0 hard 0 soft 0 temp 0.12 loss 2.59 i_con 3.37 plddt 0.43 ptm 0.88 i_ptm 0.42 energy -16.76
46 models [0] recycles 0 hard 0 soft 0 temp 0.10 loss 2.70 i_con 3.50 plddt 0.43 ptm 0.88 i_ptm 0.40 energy -17.03
47 models [0] recycles 0 hard 0 soft 0 temp 0.08 loss 2.33 i_con 3.13 plddt 0.47 ptm 0.88 i_ptm 0.43 energy -17.11
48 models [0] recycles 0 hard 0 soft 0 temp 0.06 loss 2.33 i_con 3.16 plddt 0.48 ptm 0.88 i_ptm 0.44 energy -17.66
49 models [1] recycles 0 hard 0 soft 0 temp 0.04 loss 2.26 i_con 3.10 plddt 0.50 ptm 0.89 i_ptm 0.45 energy -17.97
50 models [0] recycles 0 hard 0 soft 0 temp 0.02 loss 2.37 i_con 3.22 plddt 0.47 ptm 0.88 i_ptm 0.44 energy -18.17
51 models [1] recycles 0 hard 1 soft 0 temp 0.00 loss 4.58 i_con 5.52 plddt 0.35 ptm 0.89 i_ptm 0.14 energy -2.00
52 models [0] recycles 0 hard 1 soft 0 temp 0.00 loss 4.28 i_con 5.21 plddt 0.28 ptm 0.87 i_ptm 0.16 energy -2.00
53 models [0] recycles 0 hard 1 soft 0 temp 0.00 loss 4.28 i_con 5.21 plddt 0.28 ptm 0.87 i_ptm 0.16 energy -2.00
54 models [0] recycles 0 hard 1 soft 0 temp 0.00 loss 4.28 i_con 5.21 plddt 0.28 ptm 0.87 i_ptm 0.16 energy -2.00
55 models [0] recycles 0 hard 1 soft 0 temp 0.00 loss 4.28 i_con 5.21 plddt 0.28 ptm 0.87 i_ptm 0.16 energy -2.00
56 models [1] recycles 0 hard 1 soft 0 temp 0.00 loss 4.58 i_con 5.52 plddt 0.35 ptm 0.89 i_ptm 0.14 energy -2.00
57 models [0] recycles 0 hard 1 soft 0 temp 0.00 loss 4.28 i_con 5.21 plddt 0.28 ptm 0.87 i_ptm 0.16 energy -2.00
58 models [1] recycles 0 hard 1 soft 0 temp 0.00 loss 4.58 i_con 5.52 plddt 0.35 ptm 0.89 i_ptm 0.14 energy -2.00
59 models [1] recycles 0 hard 1 soft 0 temp 0.00 loss 4.58 i_con 5.52 plddt 0.35 ptm 0.89 i_ptm 0.14 energy -2.00
60 models [0] recycles 0 hard 1 soft 0 temp 0.00 loss 4.28 i_con 5.21 plddt 0.28 ptm 0.87 i_ptm 0.16 energy -2.00
61 models [0] recycles 0 hard 1 soft 0 temp 0.00 loss 4.28 i_con 5.21 plddt 0.28 ptm 0.87 i_ptm 0.16 energy -2.00
62 models [1] recycles 0 hard 1 soft 0 temp 0.00 loss 4.58 i_con 5.52 plddt 0.35 ptm 0.89 i_ptm 0.14 energy -2.00
63 models [0] recycles 0 hard 1 soft 0 temp 0.00 loss 4.28 i_con 5.21 plddt 0.28 ptm 0.87 i_ptm 0.16 energy -2.00
64 models [1] recycles 0 hard 1 soft 0 temp 0.00 loss 4.58 i_con 5.52 plddt 0.35 ptm 0.89 i_ptm 0.14 energy -2.00
65 models [0] recycles 0 hard 1 soft 0 temp 0.00 loss 4.28 i_con 5.21 plddt 0.28 ptm 0.87 i_ptm 0.16 energy -2.00
66 models [1] recycles 0 hard 1 soft 0 temp 0.00 loss 4.58 i_con 5.52 plddt 0.35 ptm 0.89 i_ptm 0.14 energy -2.00
67 models [1] recycles 0 hard 1 soft 0 temp 0.00 loss 4.58 i_con 5.52 plddt 0.35 ptm 0.89 i_ptm 0.14 energy -2.00
68 models [1] recycles 0 hard 1 soft 0 temp 0.00 loss 4.58 i_con 5.52 plddt 0.35 ptm 0.89 i_ptm 0.14 energy -2.00
69 models [1] recycles 0 hard 1 soft 0 temp 0.00 loss 4.58 i_con 5.52 plddt 0.35 ptm 0.89 i_ptm 0.14 energy -2.00
70 models [1] recycles 0 hard 1 soft 0 temp 0.00 loss 4.58 i_con 5.52 plddt 0.35 ptm 0.89 i_ptm 0.14 energy -2.00
71 models [0] recycles 0 hard 1 soft 0 temp 0.00 loss 4.28 i_con 5.21 plddt 0.28 ptm 0.87 i_ptm 0.16 energy -2.00
72 models [0] recycles 0 hard 1 soft 0 temp 0.00 loss 4.28 i_con 5.21 plddt 0.28 ptm 0.87 i_ptm 0.16 energy -2.00
73 models [1] recycles 0 hard 1 soft 0 temp 0.00 loss 4.58 i_con 5.52 plddt 0.35 ptm 0.89 i_ptm 0.14 energy -2.00
74 models [1] recycles 0 hard 1 soft 0 temp 0.00 loss 4.58 i_con 5.52 plddt 0.35 ptm 0.89 i_ptm 0.14 energy -2.00
75 models [1] recycles 0 hard 1 soft 0 temp 0.00 loss 4.58 i_con 5.52 plddt 0.35 ptm 0.89 i_ptm 0.14 energy -2.00
76 models [0] recycles 0 hard 1 soft 0 temp 0.00 loss 4.28 i_con 5.21 plddt 0.28 ptm 0.87 i_ptm 0.16 energy -2.00
77 models [0] recycles 0 hard 1 soft 0 temp 0.00 loss 4.28 i_con 5.21 plddt 0.28 ptm 0.87 i_ptm 0.16 energy -2.00
78 models [1] recycles 0 hard 1 soft 0 temp 0.00 loss 4.58 i_con 5.52 plddt 0.35 ptm 0.89 i_ptm 0.14 energy -2.00
79 models [0] recycles 0 hard 1 soft 0 temp 0.00 loss 4.28 i_con 5.21 plddt 0.28 ptm 0.87 i_ptm 0.16 energy -2.00
80 models [1] recycles 0 hard 1 soft 0 temp 0.00 loss 4.58 i_con 5.52 plddt 0.35 ptm 0.89 i_ptm 0.14 energy -2.00
  → seq=CMIYPYDHHKNQEVL  loss=4.5837  loss_af=5.5829  energy=-1.9983  i_ptm=0.1447
[2/20] input=CHGYVYDHHKNQEVL  seed=1 ...
1 models [0] recycles 0 hard 0 soft 0 temp 1 loss 6.09 i_con 6.03 plddt 0.33 ptm 0.87 i_ptm 0.19 energy -0.23
2 models [0] recycles 0 hard 0 soft 0 temp 0.98 loss 5.64 i_con 5.73 plddt 0.30 ptm 0.87 i_ptm 0.13 energy -3.31
3 models [1] recycles 0 hard 0 soft 0 temp 0.96 loss 5.93 i_con 6.07 plddt 0.43 ptm 0.88 i_ptm 0.11 energy -3.97
4 models [1] recycles 0 hard 0 soft 0 temp 0.94 loss 5.66 i_con 5.82 plddt 0.41 ptm 0.88 i_ptm 0.11 energy -4.30
5 models [0] recycles 0 hard 0 soft 0 temp 0.92 loss 5.21 i_con 5.37 plddt 0.33 ptm 0.87 i_ptm 0.14 energy -4.49
6 models [0] recycles 0 hard 0 soft 0 temp 0.90 loss 5.15 i_con 5.30 plddt 0.32 ptm 0.87 i_ptm 0.12 energy -4.52
7 models [0] recycles 0 hard 0 soft 0 temp 0.88 loss 4.87 i_con 5.04 plddt 0.29 ptm 0.87 i_ptm 0.13 energy -4.72
8 models [0] recycles 0 hard 0 soft 0 temp 0.86 loss 4.41 i_con 4.58 plddt 0.31 ptm 0.87 i_ptm 0.17 energy -4.82
9 models [0] recycles 0 hard 0 soft 0 temp 0.84 loss 4.47 i_con 4.64 plddt 0.32 ptm 0.87 i_ptm 0.17 energy -4.84
10 models [1] recycles 0 hard 0 soft 0 temp 0.82 loss 4.77 i_con 4.96 plddt 0.33 ptm 0.88 i_ptm 0.10 energy -4.99
11 models [1] recycles 0 hard 0 soft 0 temp 0.80 loss 4.59 i_con 4.77 plddt 0.33 ptm 0.88 i_ptm 0.16 energy -4.92
12 models [0] recycles 0 hard 0 soft 0 temp 0.78 loss 4.15 i_con 4.34 plddt 0.35 ptm 0.87 i_ptm 0.29 energy -5.10
13 models [1] recycles 0 hard 0 soft 0 temp 0.76 loss 4.22 i_con 4.42 plddt 0.39 ptm 0.89 i_ptm 0.24 energy -5.25
14 models [0] recycles 0 hard 0 soft 0 temp 0.74 loss 4.04 i_con 4.26 plddt 0.38 ptm 0.87 i_ptm 0.28 energy -5.54
15 models [0] recycles 0 hard 0 soft 0 temp 0.72 loss 3.81 i_con 4.05 plddt 0.39 ptm 0.87 i_ptm 0.31 energy -5.98
16 models [1] recycles 0 hard 0 soft 0 temp 0.70 loss 4.05 i_con 4.30 plddt 0.40 ptm 0.89 i_ptm 0.28 energy -6.26
17 models [1] recycles 0 hard 0 soft 0 temp 0.68 loss 3.69 i_con 3.96 plddt 0.43 ptm 0.89 i_ptm 0.37 energy -6.56
18 models [0] recycles 0 hard 0 soft 0 temp 0.66 loss 3.59 i_con 3.88 plddt 0.41 ptm 0.88 i_ptm 0.40 energy -6.88
19 models [1] recycles 0 hard 0 soft 0 temp 0.64 loss 3.63 i_con 3.94 plddt 0.41 ptm 0.89 i_ptm 0.38 energy -7.31
20 models [1] recycles 0 hard 0 soft 0 temp 0.62 loss 3.40 i_con 3.73 plddt 0.47 ptm 0.90 i_ptm 0.48 energy -7.52
21 models [1] recycles 0 hard 0 soft 0 temp 0.60 loss 3.29 i_con 3.63 plddt 0.48 ptm 0.90 i_ptm 0.48 energy -7.90
22 models [0] recycles 0 hard 0 soft 0 temp 0.58 loss 3.55 i_con 3.88 plddt 0.42 ptm 0.87 i_ptm 0.38 energy -7.72
23 models [1] recycles 0 hard 0 soft 0 temp 0.56 loss 2.76 i_con 3.14 plddt 0.58 ptm 0.90 i_ptm 0.64 energy -8.41
24 models [1] recycles 0 hard 0 soft 0 temp 0.54 loss 2.53 i_con 2.92 plddt 0.64 ptm 0.91 i_ptm 0.72 energy -8.44
25 models [0] recycles 0 hard 0 soft 0 temp 0.52 loss 3.31 i_con 3.68 plddt 0.46 ptm 0.88 i_ptm 0.48 energy -8.52
26 models [1] recycles 0 hard 0 soft 0 temp 0.50 loss 2.42 i_con 2.81 plddt 0.65 ptm 0.91 i_ptm 0.72 energy -8.54
27 models [1] recycles 0 hard 0 soft 0 temp 0.48 loss 2.19 i_con 2.60 plddt 0.69 ptm 0.91 i_ptm 0.78 energy -8.71
28 models [1] recycles 0 hard 0 soft 0 temp 0.46 loss 2.22 i_con 2.63 plddt 0.67 ptm 0.91 i_ptm 0.78 energy -8.82
29 models [0] recycles 0 hard 0 soft 0 temp 0.44 loss 2.83 i_con 3.23 plddt 0.58 ptm 0.89 i_ptm 0.66 energy -8.92
30 models [1] recycles 0 hard 0 soft 0 temp 0.42 loss 2.15 i_con 2.58 plddt 0.69 ptm 0.91 i_ptm 0.77 energy -9.36
31 models [1] recycles 0 hard 0 soft 0 temp 0.40 loss 1.99 i_con 2.44 plddt 0.72 ptm 0.91 i_ptm 0.81 energy -9.49
32 models [1] recycles 0 hard 0 soft 0 temp 0.38 loss 1.96 i_con 2.41 plddt 0.72 ptm 0.91 i_ptm 0.80 energy -9.72
33 models [0] recycles 0 hard 0 soft 0 temp 0.36 loss 2.68 i_con 3.13 plddt 0.58 ptm 0.89 i_ptm 0.67 energy -9.89
34 models [0] recycles 0 hard 0 soft 0 temp 0.34 loss 2.64 i_con 3.10 plddt 0.60 ptm 0.89 i_ptm 0.70 energy -10.11
35 models [0] recycles 0 hard 0 soft 0 temp 0.32 loss 2.82 i_con 3.29 plddt 0.57 ptm 0.88 i_ptm 0.65 energy -10.26
36 models [0] recycles 0 hard 0 soft 0 temp 0.30 loss 2.50 i_con 2.98 plddt 0.63 ptm 0.89 i_ptm 0.70 energy -10.49
37 models [0] recycles 0 hard 0 soft 0 temp 0.28 loss 2.48 i_con 2.97 plddt 0.61 ptm 0.89 i_ptm 0.72 energy -10.64
38 models [1] recycles 0 hard 0 soft 0 temp 0.26 loss 1.89 i_con 2.40 plddt 0.74 ptm 0.91 i_ptm 0.82 energy -10.68
39 models [1] recycles 0 hard 0 soft 0 temp 0.24 loss 1.66 i_con 2.18 plddt 0.77 ptm 0.92 i_ptm 0.85 energy -10.81
40 models [1] recycles 0 hard 0 soft 0 temp 0.22 loss 1.83 i_con 2.36 plddt 0.75 ptm 0.91 i_ptm 0.83 energy -11.00
41 models [0] recycles 0 hard 0 soft 0 temp 0.20 loss 2.03 i_con 2.56 plddt 0.70 ptm 0.90 i_ptm 0.79 energy -11.08
42 models [0] recycles 0 hard 0 soft 0 temp 0.18 loss 2.34 i_con 2.88 plddt 0.65 ptm 0.89 i_ptm 0.72 energy -11.39
43 models [0] recycles 0 hard 0 soft 0 temp 0.16 loss 2.09 i_con 2.65 plddt 0.72 ptm 0.90 i_ptm 0.79 energy -11.60
44 models [0] recycles 0 hard 0 soft 0 temp 0.14 loss 2.14 i_con 2.69 plddt 0.68 ptm 0.89 i_ptm 0.76 energy -11.72
45 models [0] recycles 0 hard 0 soft 0 temp 0.12 loss 2.20 i_con 2.76 plddt 0.69 ptm 0.90 i_ptm 0.76 energy -11.73
46 models [0] recycles 0 hard 0 soft 0 temp 0.10 loss 2.00 i_con 2.56 plddt 0.73 ptm 0.90 i_ptm 0.81 energy -11.83
47 models [1] recycles 0 hard 0 soft 0 temp 0.08 loss 1.66 i_con 2.25 plddt 0.77 ptm 0.92 i_ptm 0.85 energy -12.24
48 models [0] recycles 0 hard 0 soft 0 temp 0.06 loss 1.79 i_con 2.39 plddt 0.74 ptm 0.90 i_ptm 0.83 energy -12.45
49 models [0] recycles 0 hard 0 soft 0 temp 0.04 loss 2.24 i_con 2.87 plddt 0.68 ptm 0.89 i_ptm 0.76 energy -13.20
50 models [1] recycles 0 hard 0 soft 0 temp 0.02 loss 1.46 i_con 2.10 plddt 0.80 ptm 0.92 i_ptm 0.87 energy -13.14
51 models [1] recycles 0 hard 1 soft 0 temp 0.00 loss 3.67 i_con 5.22 plddt 0.31 ptm 0.89 i_ptm 0.10 energy -3.23
52 models [0] recycles 0 hard 1 soft 0 temp 0.00 loss 3.04 i_con 4.58 plddt 0.27 ptm 0.87 i_ptm 0.15 energy -3.23
53 models [1] recycles 0 hard 1 soft 0 temp 0.00 loss 3.67 i_con 5.22 plddt 0.31 ptm 0.89 i_ptm 0.10 energy -3.23
54 models [1] recycles 0 hard 1 soft 0 temp 0.00 loss 3.67 i_con 5.22 plddt 0.31 ptm 0.89 i_ptm 0.10 energy -3.23
55 models [0] recycles 0 hard 1 soft 0 temp 0.00 loss 3.04 i_con 4.58 plddt 0.27 ptm 0.87 i_ptm 0.15 energy -3.23
56 models [0] recycles 0 hard 1 soft 0 temp 0.00 loss 3.04 i_con 4.58 plddt 0.27 ptm 0.87 i_ptm 0.15 energy -3.23
57 models [0] recycles 0 hard 1 soft 0 temp 0.00 loss 3.04 i_con 4.58 plddt 0.27 ptm 0.87 i_ptm 0.15 energy -3.23
58 models [1] recycles 0 hard 1 soft 0 temp 0.00 loss 3.67 i_con 5.22 plddt 0.31 ptm 0.89 i_ptm 0.10 energy -3.23
59 models [0] recycles 0 hard 1 soft 0 temp 0.00 loss 3.04 i_con 4.58 plddt 0.27 ptm 0.87 i_ptm 0.15 energy -3.23
60 models [1] recycles 0 hard 1 soft 0 temp 0.00 loss 3.67 i_con 5.22 plddt 0.31 ptm 0.89 i_ptm 0.10 energy -3.23
61 models [1] recycles 0 hard 1 soft 0 temp 0.00 loss 3.67 i_con 5.22 plddt 0.31 ptm 0.89 i_ptm 0.10 energy -3.23
62 models [0] recycles 0 hard 1 soft 0 temp 0.00 loss 3.04 i_con 4.58 plddt 0.27 ptm 0.87 i_ptm 0.15 energy -3.23
63 models [0] recycles 0 hard 1 soft 0 temp 0.00 loss 3.04 i_con 4.58 plddt 0.27 ptm 0.87 i_ptm 0.15 energy -3.23
64 models [1] recycles 0 hard 1 soft 0 temp 0.00 loss 3.67 i_con 5.22 plddt 0.31 ptm 0.89 i_ptm 0.10 energy -3.23
65 models [0] recycles 0 hard 1 soft 0 temp 0.00 loss 3.04 i_con 4.58 plddt 0.27 ptm 0.87 i_ptm 0.15 energy -3.23
66 models [0] recycles 0 hard 1 soft 0 temp 0.00 loss 3.04 i_con 4.58 plddt 0.27 ptm 0.87 i_ptm 0.15 energy -3.23
67 models [0] recycles 0 hard 1 soft 0 temp 0.00 loss 3.04 i_con 4.58 plddt 0.27 ptm 0.87 i_ptm 0.15 energy -3.23
68 models [0] recycles 0 hard 1 soft 0 temp 0.00 loss 3.04 i_con 4.58 plddt 0.27 ptm 0.87 i_ptm 0.15 energy -3.23
69 models [1] recycles 0 hard 1 soft 0 temp 0.00 loss 3.67 i_con 5.22 plddt 0.31 ptm 0.89 i_ptm 0.10 energy -3.23
70 models [1] recycles 0 hard 1 soft 0 temp 0.00 loss 3.67 i_con 5.22 plddt 0.31 ptm 0.89 i_ptm 0.10 energy -3.23
71 models [0] recycles 0 hard 1 soft 0 temp 0.00 loss 3.04 i_con 4.58 plddt 0.27 ptm 0.87 i_ptm 0.15 energy -3.23
72 models [0] recycles 0 hard 1 soft 0 temp 0.00 loss 3.04 i_con 4.58 plddt 0.27 ptm 0.87 i_ptm 0.15 energy -3.23
73 models [1] recycles 0 hard 1 soft 0 temp 0.00 loss 3.67 i_con 5.22 plddt 0.31 ptm 0.89 i_ptm 0.10 energy -3.23
74 models [1] recycles 0 hard 1 soft 0 temp 0.00 loss 3.67 i_con 5.22 plddt 0.31 ptm 0.89 i_ptm 0.10 energy -3.23
75 models [1] recycles 0 hard 1 soft 0 temp 0.00 loss 3.67 i_con 5.22 plddt 0.31 ptm 0.89 i_ptm 0.10 energy -3.23
76 models [1] recycles 0 hard 1 soft 0 temp 0.00 loss 3.67 i_con 5.22 plddt 0.31 ptm 0.89 i_ptm 0.10 energy -3.23
77 models [0] recycles 0 hard 1 soft 0 temp 0.00 loss 3.04 i_con 4.58 plddt 0.27 ptm 0.87 i_ptm 0.15 energy -3.23
78 models [0] recycles 0 hard 1 soft 0 temp 0.00 loss 3.04 i_con 4.58 plddt 0.27 ptm 0.87 i_ptm 0.15 energy -3.23
79 models [0] recycles 0 hard 1 soft 0 temp 0.00 loss 3.04 i_con 4.58 plddt 0.27 ptm 0.87 i_ptm 0.15 energy -3.23
80 models [1] recycles 0 hard 1 soft 0 temp 0.00 loss 3.67 i_con 5.22 plddt 0.31 ptm 0.89 i_ptm 0.10 energy -3.23
  → seq=SHGYVYDLHKNMEVL  loss=3.6713  loss_af=5.2845  energy=-3.2264  i_ptm=0.1047
[3/20] input=CHGYVYDHHKNQEVL  seed=2 ...
1 models [1] recycles 0 hard 0 soft 0 temp 1 loss 6.54 i_con 6.49 plddt 0.40 ptm 0.88 i_ptm 0.15 energy -0.23
2 models [0] recycles 0 hard 0 soft 0 temp 0.98 loss 5.74 i_con 5.83 plddt 0.35 ptm 0.87 i_ptm 0.13 energy -3.15
3 models [0] recycles 0 hard 0 soft 0 temp 0.96 loss 5.66 i_con 5.78 plddt 0.33 ptm 0.87 i_ptm 0.13 energy -3.62
4 models [1] recycles 0 hard 0 soft 0 temp 0.94 loss 6.16 i_con 6.32 plddt 0.42 ptm 0.88 i_ptm 0.10 energy -4.45
5 models [1] recycles 0 hard 0 soft 0 temp 0.92 loss 5.57 i_con 5.74 plddt 0.43 ptm 0.88 i_ptm 0.10 energy -4.49
6 models [0] recycles 0 hard 0 soft 0 temp 0.90 loss 4.59 i_con 4.75 plddt 0.31 ptm 0.87 i_ptm 0.19 energy -4.62
7 models [1] recycles 0 hard 0 soft 0 temp 0.88 loss 5.11 i_con 5.28 plddt 0.32 ptm 0.88 i_ptm 0.11 energy -4.66
8 models [0] recycles 0 hard 0 soft 0 temp 0.86 loss 4.48 i_con 4.64 plddt 0.34 ptm 0.87 i_ptm 0.20 energy -4.56
9 models [1] recycles 0 hard 0 soft 0 temp 0.84 loss 4.53 i_con 4.72 plddt 0.35 ptm 0.88 i_ptm 0.12 energy -4.97
10 models [0] recycles 0 hard 0 soft 0 temp 0.82 loss 4.11 i_con 4.29 plddt 0.37 ptm 0.87 i_ptm 0.27 energy -5.00
11 models [1] recycles 0 hard 0 soft 0 temp 0.80 loss 3.99 i_con 4.18 plddt 0.37 ptm 0.89 i_ptm 0.27 energy -5.22
12 models [0] recycles 0 hard 0 soft 0 temp 0.78 loss 4.01 i_con 4.22 plddt 0.34 ptm 0.87 i_ptm 0.27 energy -5.61
13 models [0] recycles 0 hard 0 soft 0 temp 0.76 loss 3.85 i_con 4.07 plddt 0.38 ptm 0.87 i_ptm 0.35 energy -5.83
14 models [0] recycles 0 hard 0 soft 0 temp 0.74 loss 3.69 i_con 3.96 plddt 0.36 ptm 0.88 i_ptm 0.34 energy -6.61
15 models [0] recycles 0 hard 0 soft 0 temp 0.72 loss 3.70 i_con 3.99 plddt 0.37 ptm 0.87 i_ptm 0.33 energy -7.17
16 models [0] recycles 0 hard 0 soft 0 temp 0.70 loss 3.56 i_con 3.89 plddt 0.37 ptm 0.88 i_ptm 0.39 energy -7.85
17 models [0] recycles 0 hard 0 soft 0 temp 0.68 loss 3.53 i_con 3.89 plddt 0.37 ptm 0.88 i_ptm 0.35 energy -8.56
18 models [0] recycles 0 hard 0 soft 0 temp 0.66 loss 3.61 i_con 4.00 plddt 0.36 ptm 0.87 i_ptm 0.31 energy -9.04
19 models [1] recycles 0 hard 0 soft 0 temp 0.64 loss 3.44 i_con 3.85 plddt 0.42 ptm 0.89 i_ptm 0.38 energy -9.48
20 models [1] recycles 0 hard 0 soft 0 temp 0.62 loss 3.47 i_con 3.88 plddt 0.41 ptm 0.90 i_ptm 0.38 energy -9.51
21 models [1] recycles 0 hard 0 soft 0 temp 0.60 loss 3.44 i_con 3.86 plddt 0.41 ptm 0.89 i_ptm 0.40 energy -9.58
22 models [1] recycles 0 hard 0 soft 0 temp 0.58 loss 3.25 i_con 3.67 plddt 0.45 ptm 0.90 i_ptm 0.46 energy -9.42
23 models [0] recycles 0 hard 0 soft 0 temp 0.56 loss 3.44 i_con 3.85 plddt 0.40 ptm 0.88 i_ptm 0.41 energy -9.53
24 models [0] recycles 0 hard 0 soft 0 temp 0.54 loss 3.45 i_con 3.88 plddt 0.38 ptm 0.88 i_ptm 0.41 energy -9.87
25 models [0] recycles 0 hard 0 soft 0 temp 0.52 loss 3.31 i_con 3.77 plddt 0.41 ptm 0.88 i_ptm 0.43 energy -10.27
26 models [1] recycles 0 hard 0 soft 0 temp 0.50 loss 2.99 i_con 3.46 plddt 0.49 ptm 0.90 i_ptm 0.54 energy -10.39
27 models [1] recycles 0 hard 0 soft 0 temp 0.48 loss 2.95 i_con 3.42 plddt 0.48 ptm 0.90 i_ptm 0.57 energy -10.43
28 models [1] recycles 0 hard 0 soft 0 temp 0.46 loss 2.57 i_con 3.04 plddt 0.56 ptm 0.90 i_ptm 0.67 energy -10.44
29 models [0] recycles 0 hard 0 soft 0 temp 0.44 loss 3.13 i_con 3.60 plddt 0.46 ptm 0.88 i_ptm 0.50 energy -10.40
30 models [0] recycles 0 hard 0 soft 0 temp 0.42 loss 3.01 i_con 3.49 plddt 0.45 ptm 0.88 i_ptm 0.54 energy -10.71
31 models [0] recycles 0 hard 0 soft 0 temp 0.40 loss 3.06 i_con 3.57 plddt 0.45 ptm 0.88 i_ptm 0.50 energy -11.16
32 models [1] recycles 0 hard 0 soft 0 temp 0.38 loss 2.53 i_con 3.07 plddt 0.55 ptm 0.91 i_ptm 0.68 energy -11.68
33 models [1] recycles 0 hard 0 soft 0 temp 0.36 loss 2.24 i_con 2.79 plddt 0.63 ptm 0.91 i_ptm 0.75 energy -11.75
34 models [0] recycles 0 hard 0 soft 0 temp 0.34 loss 2.91 i_con 3.46 plddt 0.48 ptm 0.88 i_ptm 0.55 energy -11.92
35 models [1] recycles 0 hard 0 soft 0 temp 0.32 loss 2.36 i_con 2.92 plddt 0.59 ptm 0.91 i_ptm 0.70 energy -12.11
36 models [1] recycles 0 hard 0 soft 0 temp 0.30 loss 2.23 i_con 2.80 plddt 0.64 ptm 0.91 i_ptm 0.76 energy -12.13
37 models [0] recycles 0 hard 0 soft 0 temp 0.28 loss 2.87 i_con 3.45 plddt 0.49 ptm 0.88 i_ptm 0.55 energy -12.56
38 models [0] recycles 0 hard 0 soft 0 temp 0.26 loss 2.80 i_con 3.38 plddt 0.49 ptm 0.88 i_ptm 0.55 energy -12.71
39 models [0] recycles 0 hard 0 soft 0 temp 0.24 loss 2.65 i_con 3.24 plddt 0.52 ptm 0.89 i_ptm 0.61 energy -12.63
40 models [1] recycles 0 hard 0 soft 0 temp 0.22 loss 1.98 i_con 2.59 plddt 0.64 ptm 0.91 i_ptm 0.75 energy -12.95
41 models [1] recycles 0 hard 0 soft 0 temp 0.20 loss 1.78 i_con 2.41 plddt 0.68 ptm 0.91 i_ptm 0.80 energy -13.25
42 models [1] recycles 0 hard 0 soft 0 temp 0.18 loss 1.83 i_con 2.46 plddt 0.67 ptm 0.91 i_ptm 0.77 energy -13.37
43 models [1] recycles 0 hard 0 soft 0 temp 0.16 loss 1.55 i_con 2.20 plddt 0.69 ptm 0.92 i_ptm 0.81 energy -13.50
44 models [0] recycles 0 hard 0 soft 0 temp 0.14 loss 2.24 i_con 2.90 plddt 0.60 ptm 0.90 i_ptm 0.72 energy -14.03
45 models [0] recycles 0 hard 0 soft 0 temp 0.12 loss 1.98 i_con 2.64 plddt 0.64 ptm 0.90 i_ptm 0.77 energy -13.99
46 models [0] recycles 0 hard 0 soft 0 temp 0.10 loss 1.79 i_con 2.46 plddt 0.67 ptm 0.89 i_ptm 0.76 energy -14.11
47 models [0] recycles 0 hard 0 soft 0 temp 0.08 loss 2.09 i_con 2.77 plddt 0.61 ptm 0.89 i_ptm 0.72 energy -14.39
48 models [1] recycles 0 hard 0 soft 0 temp 0.06 loss 1.44 i_con 2.15 plddt 0.73 ptm 0.92 i_ptm 0.82 energy -14.61
49 models [1] recycles 0 hard 0 soft 0 temp 0.04 loss 1.59 i_con 2.32 plddt 0.71 ptm 0.91 i_ptm 0.80 energy -15.07
50 models [1] recycles 0 hard 0 soft 0 temp 0.02 loss 1.62 i_con 2.36 plddt 0.70 ptm 0.91 i_ptm 0.79 energy -15.54
51 models [1] recycles 0 hard 1 soft 0 temp 0.00 loss 2.35 i_con 3.75 plddt 0.41 ptm 0.90 i_ptm 0.49 energy -2.92
52 models [1] recycles 0 hard 1 soft 0 temp 0.00 loss 2.35 i_con 3.75 plddt 0.41 ptm 0.90 i_ptm 0.49 energy -2.92
53 models [1] recycles 0 hard 1 soft 0 temp 0.00 loss 2.35 i_con 3.75 plddt 0.41 ptm 0.90 i_ptm 0.49 energy -2.92
54 models [1] recycles 0 hard 1 soft 0 temp 0.00 loss 2.35 i_con 3.75 plddt 0.41 ptm 0.90 i_ptm 0.49 energy -2.92
55 models [1] recycles 0 hard 1 soft 0 temp 0.00 loss 2.35 i_con 3.75 plddt 0.41 ptm 0.90 i_ptm 0.49 energy -2.92
56 models [0] recycles 0 hard 1 soft 0 temp 0.00 loss 2.44 i_con 3.83 plddt 0.36 ptm 0.88 i_ptm 0.40 energy -2.92
57 models [0] recycles 0 hard 1 soft 0 temp 0.00 loss 2.44 i_con 3.83 plddt 0.36 ptm 0.88 i_ptm 0.40 energy -2.92
58 models [0] recycles 0 hard 1 soft 0 temp 0.00 loss 2.44 i_con 3.83 plddt 0.36 ptm 0.88 i_ptm 0.40 energy -2.92
59 models [0] recycles 0 hard 1 soft 0 temp 0.00 loss 2.44 i_con 3.83 plddt 0.36 ptm 0.88 i_ptm 0.40 energy -2.92
60 models [0] recycles 0 hard 1 soft 0 temp 0.00 loss 2.44 i_con 3.83 plddt 0.36 ptm 0.88 i_ptm 0.40 energy -2.92
61 models [1] recycles 0 hard 1 soft 0 temp 0.00 loss 2.35 i_con 3.75 plddt 0.41 ptm 0.90 i_ptm 0.49 energy -2.92
62 models [1] recycles 0 hard 1 soft 0 temp 0.00 loss 2.35 i_con 3.75 plddt 0.41 ptm 0.90 i_ptm 0.49 energy -2.92
63 models [1] recycles 0 hard 1 soft 0 temp 0.00 loss 2.35 i_con 3.75 plddt 0.41 ptm 0.90 i_ptm 0.49 energy -2.92
64 models [0] recycles 0 hard 1 soft 0 temp 0.00 loss 2.44 i_con 3.83 plddt 0.36 ptm 0.88 i_ptm 0.40 energy -2.92
65 models [1] recycles 0 hard 1 soft 0 temp 0.00 loss 2.35 i_con 3.75 plddt 0.41 ptm 0.90 i_ptm 0.49 energy -2.92
66 models [0] recycles 0 hard 1 soft 0 temp 0.00 loss 2.44 i_con 3.83 plddt 0.36 ptm 0.88 i_ptm 0.40 energy -2.92
67 models [0] recycles 0 hard 1 soft 0 temp 0.00 loss 2.44 i_con 3.83 plddt 0.36 ptm 0.88 i_ptm 0.40 energy -2.92
68 models [0] recycles 0 hard 1 soft 0 temp 0.00 loss 2.44 i_con 3.83 plddt 0.36 ptm 0.88 i_ptm 0.40 energy -2.92
69 models [1] recycles 0 hard 1 soft 0 temp 0.00 loss 2.35 i_con 3.75 plddt 0.41 ptm 0.90 i_ptm 0.49 energy -2.92
70 models [0] recycles 0 hard 1 soft 0 temp 0.00 loss 2.44 i_con 3.83 plddt 0.36 ptm 0.88 i_ptm 0.40 energy -2.92
71 models [0] recycles 0 hard 1 soft 0 temp 0.00 loss 2.44 i_con 3.83 plddt 0.36 ptm 0.88 i_ptm 0.40 energy -2.92
72 models [1] recycles 0 hard 1 soft 0 temp 0.00 loss 2.35 i_con 3.75 plddt 0.41 ptm 0.90 i_ptm 0.49 energy -2.92
73 models [1] recycles 0 hard 1 soft 0 temp 0.00 loss 2.35 i_con 3.75 plddt 0.41 ptm 0.90 i_ptm 0.49 energy -2.92
74 models [1] recycles 0 hard 1 soft 0 temp 0.00 loss 2.35 i_con 3.75 plddt 0.41 ptm 0.90 i_ptm 0.49 energy -2.92
75 models [0] recycles 0 hard 1 soft 0 temp 0.00 loss 2.44 i_con 3.83 plddt 0.36 ptm 0.88 i_ptm 0.40 energy -2.92
76 models [0] recycles 0 hard 1 soft 0 temp 0.00 loss 2.44 i_con 3.83 plddt 0.36 ptm 0.88 i_ptm 0.40 energy -2.92
77 models [0] recycles 0 hard 1 soft 0 temp 0.00 loss 2.44 i_con 3.83 plddt 0.36 ptm 0.88 i_ptm 0.40 energy -2.92
78 models [0] recycles 0 hard 1 soft 0 temp 0.00 loss 2.44 i_con 3.83 plddt 0.36 ptm 0.88 i_ptm 0.40 energy -2.92
79 models [1] recycles 0 hard 1 soft 0 temp 0.00 loss 2.35 i_con 3.75 plddt 0.41 ptm 0.90 i_ptm 0.49 energy -2.92
80 models [1] recycles 0 hard 1 soft 0 temp 0.00 loss 2.35 i_con 3.75 plddt 0.41 ptm 0.90 i_ptm 0.49 energy -2.92
  → seq=SHGYVYDALWNMEVL  loss=2.3517  loss_af=3.8097  energy=-2.9160  i_ptm=0.4950
[4/20] input=CHGYVYDHHKNQEVL  seed=3 ...
1 models [1] recycles 0 hard 0 soft 0 temp 1 loss 6.63 i_con 6.59 plddt 0.40 ptm 0.88 i_ptm 0.14 energy -0.23
2 models [1] recycles 0 hard 0 soft 0 temp 0.98 loss 6.17 i_con 6.28 plddt 0.44 ptm 0.88 i_ptm 0.11 energy -3.22
3 models [0] recycles 0 hard 0 soft 0 temp 0.96 loss 5.67 i_con 5.78 plddt 0.31 ptm 0.87 i_ptm 0.15 energy -3.50
4 models [0] recycles 0 hard 0 soft 0 temp 0.94 loss 5.55 i_con 5.68 plddt 0.32 ptm 0.87 i_ptm 0.12 energy -3.93
5 models [1] recycles 0 hard 0 soft 0 temp 0.92 loss 5.95 i_con 6.11 plddt 0.46 ptm 0.88 i_ptm 0.13 energy -4.31
6 models [1] recycles 0 hard 0 soft 0 temp 0.90 loss 5.88 i_con 6.05 plddt 0.46 ptm 0.88 i_ptm 0.11 energy -4.49
7 models [1] recycles 0 hard 0 soft 0 temp 0.88 loss 5.15 i_con 5.32 plddt 0.41 ptm 0.88 i_ptm 0.10 energy -4.58
8 models [0] recycles 0 hard 0 soft 0 temp 0.86 loss 4.51 i_con 4.67 plddt 0.30 ptm 0.87 i_ptm 0.16 energy -4.49
9 models [0] recycles 0 hard 0 soft 0 temp 0.84 loss 4.36 i_con 4.52 plddt 0.31 ptm 0.86 i_ptm 0.18 energy -4.52
10 models [0] recycles 0 hard 0 soft 0 temp 0.82 loss 4.58 i_con 4.76 plddt 0.32 ptm 0.87 i_ptm 0.13 energy -5.02
11 models [1] recycles 0 hard 0 soft 0 temp 0.80 loss 4.70 i_con 4.88 plddt 0.37 ptm 0.88 i_ptm 0.11 energy -5.01
12 models [0] recycles 0 hard 0 soft 0 temp 0.78 loss 4.33 i_con 4.51 plddt 0.31 ptm 0.87 i_ptm 0.16 energy -5.07
13 models [0] recycles 0 hard 0 soft 0 temp 0.76 loss 4.38 i_con 4.58 plddt 0.31 ptm 0.87 i_ptm 0.17 energy -5.29
14 models [0] recycles 0 hard 0 soft 0 temp 0.74 loss 4.27 i_con 4.47 plddt 0.29 ptm 0.87 i_ptm 0.15 energy -5.47
15 models [1] recycles 0 hard 0 soft 0 temp 0.72 loss 4.56 i_con 4.78 plddt 0.36 ptm 0.89 i_ptm 0.12 energy -5.76
16 models [0] recycles 0 hard 0 soft 0 temp 0.70 loss 4.03 i_con 4.26 plddt 0.33 ptm 0.87 i_ptm 0.21 energy -5.87
17 models [0] recycles 0 hard 0 soft 0 temp 0.68 loss 4.06 i_con 4.30 plddt 0.33 ptm 0.87 i_ptm 0.21 energy -6.03
18 models [1] recycles 0 hard 0 soft 0 temp 0.66 loss 4.04 i_con 4.31 plddt 0.35 ptm 0.88 i_ptm 0.19 energy -6.64
19 models [1] recycles 0 hard 0 soft 0 temp 0.64 loss 4.05 i_con 4.33 plddt 0.33 ptm 0.89 i_ptm 0.19 energy -6.95
20 models [1] recycles 0 hard 0 soft 0 temp 0.62 loss 3.85 i_con 4.14 plddt 0.35 ptm 0.88 i_ptm 0.22 energy -7.07
21 models [1] recycles 0 hard 0 soft 0 temp 0.60 loss 3.68 i_con 3.99 plddt 0.35 ptm 0.89 i_ptm 0.23 energy -7.50
22 models [0] recycles 0 hard 0 soft 0 temp 0.58 loss 3.59 i_con 3.93 plddt 0.35 ptm 0.87 i_ptm 0.27 energy -8.05
23 models [0] recycles 0 hard 0 soft 0 temp 0.56 loss 3.53 i_con 3.91 plddt 0.39 ptm 0.87 i_ptm 0.29 energy -8.95
24 models [1] recycles 0 hard 0 soft 0 temp 0.54 loss 3.61 i_con 4.04 plddt 0.36 ptm 0.89 i_ptm 0.25 energy -9.83
25 models [1] recycles 0 hard 0 soft 0 temp 0.52 loss 3.60 i_con 4.05 plddt 0.35 ptm 0.89 i_ptm 0.25 energy -10.29
26 models [1] recycles 0 hard 0 soft 0 temp 0.50 loss 3.35 i_con 3.83 plddt 0.37 ptm 0.89 i_ptm 0.28 energy -10.92
27 models [0] recycles 0 hard 0 soft 0 temp 0.48 loss 3.45 i_con 3.98 plddt 0.36 ptm 0.87 i_ptm 0.25 energy -11.75
28 models [1] recycles 0 hard 0 soft 0 temp 0.46 loss 3.23 i_con 3.81 plddt 0.40 ptm 0.89 i_ptm 0.32 energy -12.78
29 models [1] recycles 0 hard 0 soft 0 temp 0.44 loss 3.38 i_con 3.98 plddt 0.40 ptm 0.89 i_ptm 0.28 energy -13.26
30 models [1] recycles 0 hard 0 soft 0 temp 0.42 loss 3.26 i_con 3.89 plddt 0.38 ptm 0.89 i_ptm 0.28 energy -13.88
31 models [1] recycles 0 hard 0 soft 0 temp 0.40 loss 3.07 i_con 3.74 plddt 0.39 ptm 0.89 i_ptm 0.35 energy -14.61
32 models [0] recycles 0 hard 0 soft 0 temp 0.38 loss 3.29 i_con 3.98 plddt 0.35 ptm 0.87 i_ptm 0.26 energy -15.16
33 models [1] recycles 0 hard 0 soft 0 temp 0.36 loss 3.14 i_con 3.87 plddt 0.37 ptm 0.89 i_ptm 0.29 energy -15.86
34 models [0] recycles 0 hard 0 soft 0 temp 0.34 loss 3.13 i_con 3.88 plddt 0.36 ptm 0.88 i_ptm 0.29 energy -16.33
35 models [0] recycles 0 hard 0 soft 0 temp 0.32 loss 3.06 i_con 3.83 plddt 0.37 ptm 0.87 i_ptm 0.28 energy -16.61
36 models [1] recycles 0 hard 0 soft 0 temp 0.30 loss 2.89 i_con 3.72 plddt 0.43 ptm 0.89 i_ptm 0.36 energy -17.81
37 models [0] recycles 0 hard 0 soft 0 temp 0.28 loss 2.89 i_con 3.76 plddt 0.36 ptm 0.88 i_ptm 0.28 energy -18.66
38 models [1] recycles 0 hard 0 soft 0 temp 0.26 loss 2.77 i_con 3.68 plddt 0.40 ptm 0.89 i_ptm 0.34 energy -19.48
39 models [1] recycles 0 hard 0 soft 0 temp 0.24 loss 2.94 i_con 3.89 plddt 0.40 ptm 0.89 i_ptm 0.28 energy -20.30
40 models [0] recycles 0 hard 0 soft 0 temp 0.22 loss 2.88 i_con 3.88 plddt 0.40 ptm 0.87 i_ptm 0.29 energy -21.16
41 models [0] recycles 0 hard 0 soft 0 temp 0.20 loss 2.84 i_con 3.87 plddt 0.36 ptm 0.87 i_ptm 0.29 energy -21.80
42 models [1] recycles 0 hard 0 soft 0 temp 0.18 loss 2.70 i_con 3.77 plddt 0.40 ptm 0.89 i_ptm 0.33 energy -22.57
43 models [1] recycles 0 hard 0 soft 0 temp 0.16 loss 2.77 i_con 3.87 plddt 0.41 ptm 0.89 i_ptm 0.31 energy -23.26
44 models [0] recycles 0 hard 0 soft 0 temp 0.14 loss 2.63 i_con 3.77 plddt 0.40 ptm 0.87 i_ptm 0.31 energy -23.99
45 models [1] recycles 0 hard 0 soft 0 temp 0.12 loss 2.38 i_con 3.57 plddt 0.42 ptm 0.89 i_ptm 0.40 energy -24.92
46 models [0] recycles 0 hard 0 soft 0 temp 0.10 loss 2.59 i_con 3.80 plddt 0.40 ptm 0.87 i_ptm 0.27 energy -25.34
47 models [1] recycles 0 hard 0 soft 0 temp 0.08 loss 2.58 i_con 3.83 plddt 0.40 ptm 0.89 i_ptm 0.28 energy -26.36
48 models [0] recycles 0 hard 0 soft 0 temp 0.06 loss 2.46 i_con 3.75 plddt 0.39 ptm 0.87 i_ptm 0.32 energy -26.92
49 models [0] recycles 0 hard 0 soft 0 temp 0.04 loss 2.51 i_con 3.83 plddt 0.40 ptm 0.88 i_ptm 0.32 energy -27.58
50 models [0] recycles 0 hard 0 soft 0 temp 0.02 loss 2.28 i_con 3.64 plddt 0.40 ptm 0.88 i_ptm 0.36 energy -28.40
51 models [0] recycles 0 hard 1 soft 0 temp 0.00 loss 3.01 i_con 4.26 plddt 0.28 ptm 0.87 i_ptm 0.20 energy -2.64
52 models [1] recycles 0 hard 1 soft 0 temp 0.00 loss 3.28 i_con 4.53 plddt 0.29 ptm 0.89 i_ptm 0.17 energy -2.64
53 models [0] recycles 0 hard 1 soft 0 temp 0.00 loss 3.01 i_con 4.26 plddt 0.28 ptm 0.87 i_ptm 0.20 energy -2.64
54 models [1] recycles 0 hard 1 soft 0 temp 0.00 loss 3.28 i_con 4.53 plddt 0.29 ptm 0.89 i_ptm 0.17 energy -2.64
55 models [1] recycles 0 hard 1 soft 0 temp 0.00 loss 3.28 i_con 4.53 plddt 0.29 ptm 0.89 i_ptm 0.17 energy -2.64
56 models [0] recycles 0 hard 1 soft 0 temp 0.00 loss 3.01 i_con 4.26 plddt 0.28 ptm 0.87 i_ptm 0.20 energy -2.64
57 models [0] recycles 0 hard 1 soft 0 temp 0.00 loss 3.01 i_con 4.26 plddt 0.28 ptm 0.87 i_ptm 0.20 energy -2.64
58 models [0] recycles 0 hard 1 soft 0 temp 0.00 loss 3.01 i_con 4.26 plddt 0.28 ptm 0.87 i_ptm 0.20 energy -2.64
59 models [1] recycles 0 hard 1 soft 0 temp 0.00 loss 3.28 i_con 4.53 plddt 0.29 ptm 0.89 i_ptm 0.17 energy -2.64
60 models [1] recycles 0 hard 1 soft 0 temp 0.00 loss 3.28 i_con 4.53 plddt 0.29 ptm 0.89 i_ptm 0.17 energy -2.64
61 models [1] recycles 0 hard 1 soft 0 temp 0.00 loss 3.28 i_con 4.53 plddt 0.29 ptm 0.89 i_ptm 0.17 energy -2.64
62 models [0] recycles 0 hard 1 soft 0 temp 0.00 loss 3.01 i_con 4.26 plddt 0.28 ptm 0.87 i_ptm 0.20 energy -2.64
63 models [1] recycles 0 hard 1 soft 0 temp 0.00 loss 3.28 i_con 4.53 plddt 0.29 ptm 0.89 i_ptm 0.17 energy -2.64
64 models [1] recycles 0 hard 1 soft 0 temp 0.00 loss 3.28 i_con 4.53 plddt 0.29 ptm 0.89 i_ptm 0.17 energy -2.64
65 models [1] recycles 0 hard 1 soft 0 temp 0.00 loss 3.28 i_con 4.53 plddt 0.29 ptm 0.89 i_ptm 0.17 energy -2.64
66 models [0] recycles 0 hard 1 soft 0 temp 0.00 loss 3.01 i_con 4.26 plddt 0.28 ptm 0.87 i_ptm 0.20 energy -2.64
67 models [1] recycles 0 hard 1 soft 0 temp 0.00 loss 3.28 i_con 4.53 plddt 0.29 ptm 0.89 i_ptm 0.17 energy -2.64
68 models [1] recycles 0 hard 1 soft 0 temp 0.00 loss 3.28 i_con 4.53 plddt 0.29 ptm 0.89 i_ptm 0.17 energy -2.64
69 models [0] recycles 0 hard 1 soft 0 temp 0.00 loss 3.01 i_con 4.26 plddt 0.28 ptm 0.87 i_ptm 0.20 energy -2.64
70 models [0] recycles 0 hard 1 soft 0 temp 0.00 loss 3.01 i_con 4.26 plddt 0.28 ptm 0.87 i_ptm 0.20 energy -2.64
71 models [1] recycles 0 hard 1 soft 0 temp 0.00 loss 3.28 i_con 4.53 plddt 0.29 ptm 0.89 i_ptm 0.17 energy -2.64
72 models [1] recycles 0 hard 1 soft 0 temp 0.00 loss 3.28 i_con 4.53 plddt 0.29 ptm 0.89 i_ptm 0.17 energy -2.64
73 models [0] recycles 0 hard 1 soft 0 temp 0.00 loss 3.01 i_con 4.26 plddt 0.28 ptm 0.87 i_ptm 0.20 energy -2.64
74 models [0] recycles 0 hard 1 soft 0 temp 0.00 loss 3.01 i_con 4.26 plddt 0.28 ptm 0.87 i_ptm 0.20 energy -2.64
75 models [0] recycles 0 hard 1 soft 0 temp 0.00 loss 3.01 i_con 4.26 plddt 0.28 ptm 0.87 i_ptm 0.20 energy -2.64
76 models [1] recycles 0 hard 1 soft 0 temp 0.00 loss 3.28 i_con 4.53 plddt 0.29 ptm 0.89 i_ptm 0.17 energy -2.64
77 models [0] recycles 0 hard 1 soft 0 temp 0.00 loss 3.01 i_con 4.26 plddt 0.28 ptm 0.87 i_ptm 0.20 energy -2.64
78 models [0] recycles 0 hard 1 soft 0 temp 0.00 loss 3.01 i_con 4.26 plddt 0.28 ptm 0.87 i_ptm 0.20 energy -2.64
79 models [0] recycles 0 hard 1 soft 0 temp 0.00 loss 3.01 i_con 4.26 plddt 0.28 ptm 0.87 i_ptm 0.20 energy -2.64
80 models [0] recycles 0 hard 1 soft 0 temp 0.00 loss 3.01 i_con 4.26 plddt 0.28 ptm 0.87 i_ptm 0.20 energy -2.64
  → seq=DHGYVYEHHKNLFVL  loss=3.0129  loss_af=4.3347  energy=-2.6436  i_ptm=0.1982
[5/20] input=YVCNVYDHFARKEVL  seed=0 ...
1 models [1] recycles 0 hard 0 soft 0 temp 1 loss 5.72 i_con 5.59 plddt 0.34 ptm 0.88 i_ptm 0.13 energy 1.26
2 models [0] recycles 0 hard 0 soft 0 temp 0.98 loss 4.87 i_con 4.97 plddt 0.30 ptm 0.87 i_ptm 0.15 energy -3.43
3 models [0] recycles 0 hard 0 soft 0 temp 0.96 loss 4.32 i_con 4.46 plddt 0.36 ptm 0.87 i_ptm 0.26 energy -4.10
4 models [1] recycles 0 hard 0 soft 0 temp 0.94 loss 4.67 i_con 4.83 plddt 0.33 ptm 0.88 i_ptm 0.15 energy -4.52
5 models [0] recycles 0 hard 0 soft 0 temp 0.92 loss 4.40 i_con 4.58 plddt 0.33 ptm 0.87 i_ptm 0.22 energy -4.93
6 models [0] recycles 0 hard 0 soft 0 temp 0.90 loss 4.06 i_con 4.26 plddt 0.34 ptm 0.87 i_ptm 0.24 energy -5.29
7 models [0] recycles 0 hard 0 soft 0 temp 0.88 loss 3.94 i_con 4.19 plddt 0.34 ptm 0.87 i_ptm 0.29 energy -6.35
8 models [0] recycles 0 hard 0 soft 0 temp 0.86 loss 3.83 i_con 4.14 plddt 0.33 ptm 0.87 i_ptm 0.29 energy -7.43
9 models [0] recycles 0 hard 0 soft 0 temp 0.84 loss 3.72 i_con 4.08 plddt 0.36 ptm 0.87 i_ptm 0.30 energy -8.51
10 models [0] recycles 0 hard 0 soft 0 temp 0.82 loss 3.87 i_con 4.29 plddt 0.34 ptm 0.87 i_ptm 0.26 energy -9.73
11 models [0] recycles 0 hard 0 soft 0 temp 0.80 loss 3.58 i_con 4.01 plddt 0.34 ptm 0.87 i_ptm 0.30 energy -9.89
12 models [1] recycles 0 hard 0 soft 0 temp 0.78 loss 3.71 i_con 4.19 plddt 0.39 ptm 0.89 i_ptm 0.29 energy -10.82
13 models [1] recycles 0 hard 0 soft 0 temp 0.76 loss 3.59 i_con 4.10 plddt 0.40 ptm 0.89 i_ptm 0.29 energy -11.42
14 models [0] recycles 0 hard 0 soft 0 temp 0.74 loss 3.48 i_con 4.03 plddt 0.36 ptm 0.87 i_ptm 0.33 energy -12.29
15 models [1] recycles 0 hard 0 soft 0 temp 0.72 loss 3.55 i_con 4.12 plddt 0.33 ptm 0.89 i_ptm 0.29 energy -12.84
16 models [1] recycles 0 hard 0 soft 0 temp 0.70 loss 3.47 i_con 4.10 plddt 0.38 ptm 0.89 i_ptm 0.30 energy -13.84
17 models [1] recycles 0 hard 0 soft 0 temp 0.68 loss 3.42 i_con 4.08 plddt 0.35 ptm 0.89 i_ptm 0.30 energy -14.56
18 models [1] recycles 0 hard 0 soft 0 temp 0.66 loss 3.38 i_con 4.08 plddt 0.39 ptm 0.89 i_ptm 0.31 energy -15.17
19 models [1] recycles 0 hard 0 soft 0 temp 0.64 loss 3.30 i_con 4.01 plddt 0.38 ptm 0.89 i_ptm 0.32 energy -15.44
20 models [0] recycles 0 hard 0 soft 0 temp 0.62 loss 3.33 i_con 4.06 plddt 0.38 ptm 0.87 i_ptm 0.32 energy -15.82
21 models [1] recycles 0 hard 0 soft 0 temp 0.60 loss 3.17 i_con 3.95 plddt 0.41 ptm 0.89 i_ptm 0.35 energy -16.76
22 models [0] recycles 0 hard 0 soft 0 temp 0.58 loss 3.08 i_con 3.87 plddt 0.40 ptm 0.88 i_ptm 0.40 energy -16.99
23 models [0] recycles 0 hard 0 soft 0 temp 0.56 loss 3.08 i_con 3.91 plddt 0.38 ptm 0.87 i_ptm 0.37 energy -18.01
24 models [1] recycles 0 hard 0 soft 0 temp 0.54 loss 2.90 i_con 3.81 plddt 0.46 ptm 0.89 i_ptm 0.43 energy -19.20
25 models [1] recycles 0 hard 0 soft 0 temp 0.52 loss 2.60 i_con 3.52 plddt 0.49 ptm 0.90 i_ptm 0.51 energy -19.48
26 models [0] recycles 0 hard 0 soft 0 temp 0.50 loss 2.90 i_con 3.82 plddt 0.40 ptm 0.88 i_ptm 0.40 energy -19.72
27 models [0] recycles 0 hard 0 soft 0 temp 0.48 loss 2.82 i_con 3.78 plddt 0.42 ptm 0.88 i_ptm 0.41 energy -20.26
28 models [0] recycles 0 hard 0 soft 0 temp 0.46 loss 2.86 i_con 3.87 plddt 0.41 ptm 0.88 i_ptm 0.39 energy -21.41
29 models [0] recycles 0 hard 0 soft 0 temp 0.44 loss 2.76 i_con 3.83 plddt 0.42 ptm 0.88 i_ptm 0.42 energy -22.56
30 models [1] recycles 0 hard 0 soft 0 temp 0.42 loss 2.55 i_con 3.65 plddt 0.46 ptm 0.89 i_ptm 0.49 energy -23.13
31 models [0] recycles 0 hard 0 soft 0 temp 0.40 loss 2.68 i_con 3.80 plddt 0.43 ptm 0.88 i_ptm 0.43 energy -23.51
32 models [1] recycles 0 hard 0 soft 0 temp 0.38 loss 2.19 i_con 3.33 plddt 0.50 ptm 0.90 i_ptm 0.56 energy -23.73
33 models [0] recycles 0 hard 0 soft 0 temp 0.36 loss 2.43 i_con 3.58 plddt 0.45 ptm 0.88 i_ptm 0.51 energy -24.05
34 models [1] recycles 0 hard 0 soft 0 temp 0.34 loss 2.22 i_con 3.42 plddt 0.53 ptm 0.90 i_ptm 0.54 energy -24.91
35 models [0] recycles 0 hard 0 soft 0 temp 0.32 loss 2.43 i_con 3.62 plddt 0.47 ptm 0.88 i_ptm 0.49 energy -24.70
36 models [0] recycles 0 hard 0 soft 0 temp 0.30 loss 2.59 i_con 3.81 plddt 0.44 ptm 0.88 i_ptm 0.43 energy -25.45
37 models [1] recycles 0 hard 0 soft 0 temp 0.28 loss 2.07 i_con 3.34 plddt 0.54 ptm 0.90 i_ptm 0.58 energy -26.15
38 models [0] recycles 0 hard 0 soft 0 temp 0.26 loss 2.35 i_con 3.62 plddt 0.49 ptm 0.88 i_ptm 0.50 energy -26.41
39 models [0] recycles 0 hard 0 soft 0 temp 0.24 loss 2.46 i_con 3.74 plddt 0.47 ptm 0.88 i_ptm 0.46 energy -26.60
40 models [1] recycles 0 hard 0 soft 0 temp 0.22 loss 1.87 i_con 3.19 plddt 0.58 ptm 0.90 i_ptm 0.62 energy -27.20
41 models [1] recycles 0 hard 0 soft 0 temp 0.20 loss 1.64 i_con 2.98 plddt 0.64 ptm 0.90 i_ptm 0.65 energy -27.50
42 models [0] recycles 0 hard 0 soft 0 temp 0.18 loss 2.32 i_con 3.67 plddt 0.46 ptm 0.88 i_ptm 0.48 energy -28.12
43 models [1] recycles 0 hard 0 soft 0 temp 0.16 loss 1.31 i_con 2.70 plddt 0.70 ptm 0.91 i_ptm 0.74 energy -28.48
44 models [0] recycles 0 hard 0 soft 0 temp 0.14 loss 2.04 i_con 3.42 plddt 0.53 ptm 0.88 i_ptm 0.56 energy -28.48
45 models [0] recycles 0 hard 0 soft 0 temp 0.12 loss 1.82 i_con 3.23 plddt 0.57 ptm 0.89 i_ptm 0.65 energy -29.13
46 models [0] recycles 0 hard 0 soft 0 temp 0.10 loss 2.05 i_con 3.47 plddt 0.53 ptm 0.88 i_ptm 0.57 energy -29.43
47 models [0] recycles 0 hard 0 soft 0 temp 0.08 loss 1.93 i_con 3.36 plddt 0.54 ptm 0.89 i_ptm 0.57 energy -29.60
48 models [0] recycles 0 hard 0 soft 0 temp 0.06 loss 2.18 i_con 3.62 plddt 0.51 ptm 0.88 i_ptm 0.50 energy -29.93
49 models [1] recycles 0 hard 0 soft 0 temp 0.04 loss 1.45 i_con 2.92 plddt 0.65 ptm 0.90 i_ptm 0.71 energy -30.09
50 models [0] recycles 0 hard 0 soft 0 temp 0.02 loss 1.60 i_con 3.10 plddt 0.62 ptm 0.89 i_ptm 0.66 energy -30.75
51 models [1] recycles 0 hard 1 soft 0 temp 0.00 loss 3.87 i_con 4.50 plddt 0.34 ptm 0.89 i_ptm 0.22 energy -1.40
52 models [0] recycles 0 hard 1 soft 0 temp 0.00 loss 3.43 i_con 4.07 plddt 0.36 ptm 0.88 i_ptm 0.33 energy -1.40
53 models [0] recycles 0 hard 1 soft 0 temp 0.00 loss 3.43 i_con 4.07 plddt 0.36 ptm 0.88 i_ptm 0.33 energy -1.40
54 models [0] recycles 0 hard 1 soft 0 temp 0.00 loss 3.43 i_con 4.07 plddt 0.36 ptm 0.88 i_ptm 0.33 energy -1.40
55 models [0] recycles 0 hard 1 soft 0 temp 0.00 loss 3.43 i_con 4.07 plddt 0.36 ptm 0.88 i_ptm 0.33 energy -1.40
56 models [1] recycles 0 hard 1 soft 0 temp 0.00 loss 3.87 i_con 4.50 plddt 0.34 ptm 0.89 i_ptm 0.22 energy -1.40
57 models [0] recycles 0 hard 1 soft 0 temp 0.00 loss 3.43 i_con 4.07 plddt 0.36 ptm 0.88 i_ptm 0.33 energy -1.40
58 models [1] recycles 0 hard 1 soft 0 temp 0.00 loss 3.87 i_con 4.50 plddt 0.34 ptm 0.89 i_ptm 0.22 energy -1.40
59 models [1] recycles 0 hard 1 soft 0 temp 0.00 loss 3.87 i_con 4.50 plddt 0.34 ptm 0.89 i_ptm 0.22 energy -1.40
60 models [0] recycles 0 hard 1 soft 0 temp 0.00 loss 3.43 i_con 4.07 plddt 0.36 ptm 0.88 i_ptm 0.33 energy -1.40
61 models [0] recycles 0 hard 1 soft 0 temp 0.00 loss 3.43 i_con 4.07 plddt 0.36 ptm 0.88 i_ptm 0.33 energy -1.40
62 models [1] recycles 0 hard 1 soft 0 temp 0.00 loss 3.87 i_con 4.50 plddt 0.34 ptm 0.89 i_ptm 0.22 energy -1.40
63 models [0] recycles 0 hard 1 soft 0 temp 0.00 loss 3.43 i_con 4.07 plddt 0.36 ptm 0.88 i_ptm 0.33 energy -1.40
64 models [1] recycles 0 hard 1 soft 0 temp 0.00 loss 3.87 i_con 4.50 plddt 0.34 ptm 0.89 i_ptm 0.22 energy -1.40
65 models [0] recycles 0 hard 1 soft 0 temp 0.00 loss 3.43 i_con 4.07 plddt 0.36 ptm 0.88 i_ptm 0.33 energy -1.40
66 models [1] recycles 0 hard 1 soft 0 temp 0.00 loss 3.87 i_con 4.50 plddt 0.34 ptm 0.89 i_ptm 0.22 energy -1.40
67 models [1] recycles 0 hard 1 soft 0 temp 0.00 loss 3.87 i_con 4.50 plddt 0.34 ptm 0.89 i_ptm 0.22 energy -1.40
68 models [1] recycles 0 hard 1 soft 0 temp 0.00 loss 3.87 i_con 4.50 plddt 0.34 ptm 0.89 i_ptm 0.22 energy -1.40
69 models [1] recycles 0 hard 1 soft 0 temp 0.00 loss 3.87 i_con 4.50 plddt 0.34 ptm 0.89 i_ptm 0.22 energy -1.40
70 models [1] recycles 0 hard 1 soft 0 temp 0.00 loss 3.87 i_con 4.50 plddt 0.34 ptm 0.89 i_ptm 0.22 energy -1.40
71 models [0] recycles 0 hard 1 soft 0 temp 0.00 loss 3.43 i_con 4.07 plddt 0.36 ptm 0.88 i_ptm 0.33 energy -1.40
72 models [0] recycles 0 hard 1 soft 0 temp 0.00 loss 3.43 i_con 4.07 plddt 0.36 ptm 0.88 i_ptm 0.33 energy -1.40
73 models [1] recycles 0 hard 1 soft 0 temp 0.00 loss 3.87 i_con 4.50 plddt 0.34 ptm 0.89 i_ptm 0.22 energy -1.40
74 models [1] recycles 0 hard 1 soft 0 temp 0.00 loss 3.87 i_con 4.50 plddt 0.34 ptm 0.89 i_ptm 0.22 energy -1.40
75 models [1] recycles 0 hard 1 soft 0 temp 0.00 loss 3.87 i_con 4.50 plddt 0.34 ptm 0.89 i_ptm 0.22 energy -1.40
76 models [0] recycles 0 hard 1 soft 0 temp 0.00 loss 3.43 i_con 4.07 plddt 0.36 ptm 0.88 i_ptm 0.33 energy -1.40
77 models [0] recycles 0 hard 1 soft 0 temp 0.00 loss 3.43 i_con 4.07 plddt 0.36 ptm 0.88 i_ptm 0.33 energy -1.40
78 models [1] recycles 0 hard 1 soft 0 temp 0.00 loss 3.87 i_con 4.50 plddt 0.34 ptm 0.89 i_ptm 0.22 energy -1.40
79 models [0] recycles 0 hard 1 soft 0 temp 0.00 loss 3.43 i_con 4.07 plddt 0.36 ptm 0.88 i_ptm 0.33 energy -1.40
80 models [1] recycles 0 hard 1 soft 0 temp 0.00 loss 3.87 i_con 4.50 plddt 0.34 ptm 0.89 i_ptm 0.22 energy -1.40
  → seq=YVGNVFDHFARKELL  loss=3.8672  loss_af=4.5672  energy=-1.4000  i_ptm=0.2195
[6/20] input=YVCNVYDHFARKEVL  seed=1 ...
1 models [0] recycles 0 hard 0 soft 0 temp 1 loss 5.81 i_con 5.68 plddt 0.31 ptm 0.87 i_ptm 0.20 energy 1.26
2 models [0] recycles 0 hard 0 soft 0 temp 0.98 loss 4.69 i_con 4.81 plddt 0.29 ptm 0.87 i_ptm 0.18 energy -3.85
3 models [1] recycles 0 hard 0 soft 0 temp 0.96 loss 5.17 i_con 5.32 plddt 0.39 ptm 0.88 i_ptm 0.12 energy -4.36
4 models [1] recycles 0 hard 0 soft 0 temp 0.94 loss 4.32 i_con 4.48 plddt 0.36 ptm 0.89 i_ptm 0.22 energy -4.55
5 models [0] recycles 0 hard 0 soft 0 temp 0.92 loss 4.04 i_con 4.22 plddt 0.34 ptm 0.87 i_ptm 0.29 energy -4.84
6 models [0] recycles 0 hard 0 soft 0 temp 0.90 loss 4.20 i_con 4.40 plddt 0.33 ptm 0.87 i_ptm 0.25 energy -5.43
7 models [0] recycles 0 hard 0 soft 0 temp 0.88 loss 3.98 i_con 4.20 plddt 0.32 ptm 0.87 i_ptm 0.30 energy -5.86
8 models [0] recycles 0 hard 0 soft 0 temp 0.86 loss 3.98 i_con 4.23 plddt 0.33 ptm 0.87 i_ptm 0.26 energy -6.30
9 models [0] recycles 0 hard 0 soft 0 temp 0.84 loss 3.97 i_con 4.25 plddt 0.35 ptm 0.87 i_ptm 0.26 energy -6.87
10 models [1] recycles 0 hard 0 soft 0 temp 0.82 loss 3.98 i_con 4.29 plddt 0.33 ptm 0.88 i_ptm 0.23 energy -7.57
11 models [1] recycles 0 hard 0 soft 0 temp 0.80 loss 3.90 i_con 4.24 plddt 0.35 ptm 0.89 i_ptm 0.26 energy -8.09
12 models [0] recycles 0 hard 0 soft 0 temp 0.78 loss 3.89 i_con 4.26 plddt 0.34 ptm 0.87 i_ptm 0.28 energy -8.74
13 models [1] recycles 0 hard 0 soft 0 temp 0.76 loss 3.77 i_con 4.18 plddt 0.38 ptm 0.89 i_ptm 0.29 energy -9.33
14 models [0] recycles 0 hard 0 soft 0 temp 0.74 loss 3.67 i_con 4.10 plddt 0.37 ptm 0.87 i_ptm 0.29 energy -10.03
15 models [0] recycles 0 hard 0 soft 0 temp 0.72 loss 3.59 i_con 4.06 plddt 0.36 ptm 0.87 i_ptm 0.31 energy -10.56
16 models [1] recycles 0 hard 0 soft 0 temp 0.70 loss 3.56 i_con 4.07 plddt 0.39 ptm 0.89 i_ptm 0.31 energy -11.40
17 models [1] recycles 0 hard 0 soft 0 temp 0.68 loss 3.46 i_con 3.99 plddt 0.37 ptm 0.89 i_ptm 0.31 energy -11.82
18 models [0] recycles 0 hard 0 soft 0 temp 0.66 loss 3.36 i_con 3.90 plddt 0.37 ptm 0.88 i_ptm 0.36 energy -12.21
19 models [1] recycles 0 hard 0 soft 0 temp 0.64 loss 3.27 i_con 3.88 plddt 0.40 ptm 0.89 i_ptm 0.39 energy -13.36
20 models [1] recycles 0 hard 0 soft 0 temp 0.62 loss 3.37 i_con 4.03 plddt 0.39 ptm 0.89 i_ptm 0.34 energy -14.33
21 models [1] recycles 0 hard 0 soft 0 temp 0.60 loss 3.32 i_con 4.00 plddt 0.39 ptm 0.89 i_ptm 0.34 energy -14.91
22 models [0] recycles 0 hard 0 soft 0 temp 0.58 loss 2.69 i_con 3.40 plddt 0.49 ptm 0.88 i_ptm 0.57 energy -15.08
23 models [1] recycles 0 hard 0 soft 0 temp 0.56 loss 3.18 i_con 3.87 plddt 0.37 ptm 0.89 i_ptm 0.35 energy -15.19
24 models [1] recycles 0 hard 0 soft 0 temp 0.54 loss 3.32 i_con 4.05 plddt 0.35 ptm 0.89 i_ptm 0.29 energy -15.93
25 models [0] recycles 0 hard 0 soft 0 temp 0.52 loss 3.03 i_con 3.77 plddt 0.39 ptm 0.88 i_ptm 0.44 energy -16.05
26 models [1] recycles 0 hard 0 soft 0 temp 0.50 loss 3.22 i_con 3.97 plddt 0.36 ptm 0.89 i_ptm 0.30 energy -16.16
27 models [1] recycles 0 hard 0 soft 0 temp 0.48 loss 3.04 i_con 3.84 plddt 0.38 ptm 0.89 i_ptm 0.39 energy -17.38
28 models [1] recycles 0 hard 0 soft 0 temp 0.46 loss 3.01 i_con 3.85 plddt 0.41 ptm 0.89 i_ptm 0.39 energy -18.02
29 models [0] recycles 0 hard 0 soft 0 temp 0.44 loss 2.79 i_con 3.67 plddt 0.42 ptm 0.88 i_ptm 0.50 energy -18.72
30 models [1] recycles 0 hard 0 soft 0 temp 0.42 loss 2.81 i_con 3.73 plddt 0.38 ptm 0.89 i_ptm 0.41 energy -19.50
31 models [1] recycles 0 hard 0 soft 0 temp 0.40 loss 3.07 i_con 4.00 plddt 0.37 ptm 0.89 i_ptm 0.34 energy -19.74
32 models [1] recycles 0 hard 0 soft 0 temp 0.38 loss 2.51 i_con 3.44 plddt 0.43 ptm 0.90 i_ptm 0.53 energy -19.80
33 models [0] recycles 0 hard 0 soft 0 temp 0.36 loss 3.00 i_con 3.93 plddt 0.38 ptm 0.88 i_ptm 0.37 energy -19.92
34 models [0] recycles 0 hard 0 soft 0 temp 0.34 loss 2.89 i_con 3.85 plddt 0.38 ptm 0.88 i_ptm 0.40 energy -20.45
35 models [0] recycles 0 hard 0 soft 0 temp 0.32 loss 2.61 i_con 3.62 plddt 0.43 ptm 0.88 i_ptm 0.49 energy -21.30
36 models [0] recycles 0 hard 0 soft 0 temp 0.30 loss 2.68 i_con 3.71 plddt 0.42 ptm 0.88 i_ptm 0.48 energy -21.67
37 models [0] recycles 0 hard 0 soft 0 temp 0.28 loss 2.36 i_con 3.40 plddt 0.46 ptm 0.88 i_ptm 0.55 energy -21.88
38 models [1] recycles 0 hard 0 soft 0 temp 0.26 loss 2.58 i_con 3.62 plddt 0.38 ptm 0.89 i_ptm 0.46 energy -22.01
39 models [1] recycles 0 hard 0 soft 0 temp 0.24 loss 1.94 i_con 2.99 plddt 0.48 ptm 0.90 i_ptm 0.64 energy -22.18
40 models [1] recycles 0 hard 0 soft 0 temp 0.22 loss 2.65 i_con 3.71 plddt 0.40 ptm 0.89 i_ptm 0.48 energy -22.41
41 models [0] recycles 0 hard 0 soft 0 temp 0.20 loss 2.45 i_con 3.53 plddt 0.41 ptm 0.88 i_ptm 0.53 energy -22.65
42 models [0] recycles 0 hard 0 soft 0 temp 0.18 loss 2.63 i_con 3.72 plddt 0.40 ptm 0.88 i_ptm 0.44 energy -22.93
43 models [0] recycles 0 hard 0 soft 0 temp 0.16 loss 2.57 i_con 3.67 plddt 0.43 ptm 0.88 i_ptm 0.45 energy -23.08
44 models [0] recycles 0 hard 0 soft 0 temp 0.14 loss 2.23 i_con 3.35 plddt 0.45 ptm 0.88 i_ptm 0.57 energy -23.67
45 models [0] recycles 0 hard 0 soft 0 temp 0.12 loss 2.26 i_con 3.40 plddt 0.47 ptm 0.88 i_ptm 0.57 energy -23.82
46 models [0] recycles 0 hard 0 soft 0 temp 0.10 loss 2.16 i_con 3.31 plddt 0.45 ptm 0.88 i_ptm 0.57 energy -24.16
47 models [1] recycles 0 hard 0 soft 0 temp 0.08 loss 1.57 i_con 2.74 plddt 0.50 ptm 0.91 i_ptm 0.65 energy -24.44
48 models [0] recycles 0 hard 0 soft 0 temp 0.06 loss 2.16 i_con 3.36 plddt 0.43 ptm 0.88 i_ptm 0.56 energy -25.09
49 models [0] recycles 0 hard 0 soft 0 temp 0.04 loss 2.04 i_con 3.26 plddt 0.44 ptm 0.88 i_ptm 0.57 energy -25.40
50 models [1] recycles 0 hard 0 soft 0 temp 0.02 loss 1.69 i_con 2.93 plddt 0.48 ptm 0.91 i_ptm 0.65 energy -25.70
51 models [1] recycles 0 hard 1 soft 0 temp 0.00 loss 4.42 i_con 5.41 plddt 0.37 ptm 0.89 i_ptm 0.13 energy -2.12
52 models [0] recycles 0 hard 1 soft 0 temp 0.00 loss 4.31 i_con 5.30 plddt 0.29 ptm 0.87 i_ptm 0.16 energy -2.12
53 models [1] recycles 0 hard 1 soft 0 temp 0.00 loss 4.42 i_con 5.41 plddt 0.37 ptm 0.89 i_ptm 0.13 energy -2.12
54 models [1] recycles 0 hard 1 soft 0 temp 0.00 loss 4.42 i_con 5.41 plddt 0.37 ptm 0.89 i_ptm 0.13 energy -2.12
55 models [0] recycles 0 hard 1 soft 0 temp 0.00 loss 4.31 i_con 5.30 plddt 0.29 ptm 0.87 i_ptm 0.16 energy -2.12
56 models [0] recycles 0 hard 1 soft 0 temp 0.00 loss 4.31 i_con 5.30 plddt 0.29 ptm 0.87 i_ptm 0.16 energy -2.12
57 models [0] recycles 0 hard 1 soft 0 temp 0.00 loss 4.31 i_con 5.30 plddt 0.29 ptm 0.87 i_ptm 0.16 energy -2.12
58 models [1] recycles 0 hard 1 soft 0 temp 0.00 loss 4.42 i_con 5.41 plddt 0.37 ptm 0.89 i_ptm 0.13 energy -2.12
59 models [0] recycles 0 hard 1 soft 0 temp 0.00 loss 4.31 i_con 5.30 plddt 0.29 ptm 0.87 i_ptm 0.16 energy -2.12
60 models [1] recycles 0 hard 1 soft 0 temp 0.00 loss 4.42 i_con 5.41 plddt 0.37 ptm 0.89 i_ptm 0.13 energy -2.12
61 models [1] recycles 0 hard 1 soft 0 temp 0.00 loss 4.42 i_con 5.41 plddt 0.37 ptm 0.89 i_ptm 0.13 energy -2.12
62 models [0] recycles 0 hard 1 soft 0 temp 0.00 loss 4.31 i_con 5.30 plddt 0.29 ptm 0.87 i_ptm 0.16 energy -2.12
63 models [0] recycles 0 hard 1 soft 0 temp 0.00 loss 4.31 i_con 5.30 plddt 0.29 ptm 0.87 i_ptm 0.16 energy -2.12
64 models [1] recycles 0 hard 1 soft 0 temp 0.00 loss 4.42 i_con 5.41 plddt 0.37 ptm 0.89 i_ptm 0.13 energy -2.12
65 models [0] recycles 0 hard 1 soft 0 temp 0.00 loss 4.31 i_con 5.30 plddt 0.29 ptm 0.87 i_ptm 0.16 energy -2.12
66 models [0] recycles 0 hard 1 soft 0 temp 0.00 loss 4.31 i_con 5.30 plddt 0.29 ptm 0.87 i_ptm 0.16 energy -2.12
67 models [0] recycles 0 hard 1 soft 0 temp 0.00 loss 4.31 i_con 5.30 plddt 0.29 ptm 0.87 i_ptm 0.16 energy -2.12
68 models [0] recycles 0 hard 1 soft 0 temp 0.00 loss 4.31 i_con 5.30 plddt 0.29 ptm 0.87 i_ptm 0.16 energy -2.12
69 models [1] recycles 0 hard 1 soft 0 temp 0.00 loss 4.42 i_con 5.41 plddt 0.37 ptm 0.89 i_ptm 0.13 energy -2.12
70 models [1] recycles 0 hard 1 soft 0 temp 0.00 loss 4.42 i_con 5.41 plddt 0.37 ptm 0.89 i_ptm 0.13 energy -2.12
71 models [0] recycles 0 hard 1 soft 0 temp 0.00 loss 4.31 i_con 5.30 plddt 0.29 ptm 0.87 i_ptm 0.16 energy -2.12
72 models [0] recycles 0 hard 1 soft 0 temp 0.00 loss 4.31 i_con 5.30 plddt 0.29 ptm 0.87 i_ptm 0.16 energy -2.12
73 models [1] recycles 0 hard 1 soft 0 temp 0.00 loss 4.42 i_con 5.41 plddt 0.37 ptm 0.89 i_ptm 0.13 energy -2.12
74 models [1] recycles 0 hard 1 soft 0 temp 0.00 loss 4.42 i_con 5.41 plddt 0.37 ptm 0.89 i_ptm 0.13 energy -2.12
75 models [1] recycles 0 hard 1 soft 0 temp 0.00 loss 4.42 i_con 5.41 plddt 0.37 ptm 0.89 i_ptm 0.13 energy -2.12
76 models [1] recycles 0 hard 1 soft 0 temp 0.00 loss 4.42 i_con 5.41 plddt 0.37 ptm 0.89 i_ptm 0.13 energy -2.12
77 models [0] recycles 0 hard 1 soft 0 temp 0.00 loss 4.31 i_con 5.30 plddt 0.29 ptm 0.87 i_ptm 0.16 energy -2.12
78 models [0] recycles 0 hard 1 soft 0 temp 0.00 loss 4.31 i_con 5.30 plddt 0.29 ptm 0.87 i_ptm 0.16 energy -2.12
79 models [0] recycles 0 hard 1 soft 0 temp 0.00 loss 4.31 i_con 5.30 plddt 0.29 ptm 0.87 i_ptm 0.16 energy -2.12
80 models [1] recycles 0 hard 1 soft 0 temp 0.00 loss 4.42 i_con 5.41 plddt 0.37 ptm 0.89 i_ptm 0.13 energy -2.12
  → seq=YVCNIFELFARKEVL  loss=4.4161  loss_af=5.4783  energy=-2.1244  i_ptm=0.1305
[7/20] input=YVCNVYDHFARKEVL  seed=2 ...
1 models [1] recycles 0 hard 0 soft 0 temp 1 loss 5.82 i_con 5.70 plddt 0.37 ptm 0.88 i_ptm 0.14 energy 1.26
2 models [0] recycles 0 hard 0 soft 0 temp 0.98 loss 4.95 i_con 5.05 plddt 0.30 ptm 0.87 i_ptm 0.14 energy -3.50
3 models [0] recycles 0 hard 0 soft 0 temp 0.96 loss 4.85 i_con 4.99 plddt 0.32 ptm 0.87 i_ptm 0.15 energy -4.08
4 models [1] recycles 0 hard 0 soft 0 temp 0.94 loss 4.79 i_con 4.96 plddt 0.33 ptm 0.88 i_ptm 0.11 energy -4.66
5 models [1] recycles 0 hard 0 soft 0 temp 0.92 loss 4.34 i_con 4.53 plddt 0.34 ptm 0.88 i_ptm 0.18 energy -5.09
6 models [0] recycles 0 hard 0 soft 0 temp 0.90 loss 4.25 i_con 4.48 plddt 0.33 ptm 0.87 i_ptm 0.24 energy -5.83
7 models [1] recycles 0 hard 0 soft 0 temp 0.88 loss 4.56 i_con 4.81 plddt 0.31 ptm 0.88 i_ptm 0.13 energy -6.36
8 models [0] recycles 0 hard 0 soft 0 temp 0.86 loss 4.09 i_con 4.34 plddt 0.34 ptm 0.87 i_ptm 0.25 energy -6.43
9 models [1] recycles 0 hard 0 soft 0 temp 0.84 loss 4.35 i_con 4.66 plddt 0.36 ptm 0.88 i_ptm 0.19 energy -7.44
10 models [0] recycles 0 hard 0 soft 0 temp 0.82 loss 3.89 i_con 4.22 plddt 0.34 ptm 0.87 i_ptm 0.27 energy -7.96
11 models [1] recycles 0 hard 0 soft 0 temp 0.80 loss 3.86 i_con 4.22 plddt 0.36 ptm 0.89 i_ptm 0.26 energy -8.54
12 models [0] recycles 0 hard 0 soft 0 temp 0.78 loss 3.84 i_con 4.23 plddt 0.33 ptm 0.87 i_ptm 0.27 energy -9.09
13 models [0] recycles 0 hard 0 soft 0 temp 0.76 loss 3.79 i_con 4.22 plddt 0.36 ptm 0.87 i_ptm 0.30 energy -10.05
14 models [0] recycles 0 hard 0 soft 0 temp 0.74 loss 3.53 i_con 4.01 plddt 0.38 ptm 0.87 i_ptm 0.32 energy -10.82
15 models [0] recycles 0 hard 0 soft 0 temp 0.72 loss 3.41 i_con 3.93 plddt 0.37 ptm 0.87 i_ptm 0.35 energy -11.71
16 models [0] recycles 0 hard 0 soft 0 temp 0.70 loss 3.26 i_con 3.83 plddt 0.37 ptm 0.88 i_ptm 0.41 energy -12.64
17 models [0] recycles 0 hard 0 soft 0 temp 0.68 loss 3.33 i_con 3.94 plddt 0.37 ptm 0.87 i_ptm 0.33 energy -13.47
18 models [0] recycles 0 hard 0 soft 0 temp 0.66 loss 3.44 i_con 4.10 plddt 0.37 ptm 0.87 i_ptm 0.29 energy -14.43
19 models [1] recycles 0 hard 0 soft 0 temp 0.64 loss 3.35 i_con 4.05 plddt 0.41 ptm 0.89 i_ptm 0.31 energy -15.15
20 models [1] recycles 0 hard 0 soft 0 temp 0.62 loss 3.05 i_con 3.78 plddt 0.44 ptm 0.90 i_ptm 0.43 energy -15.79
21 models [1] recycles 0 hard 0 soft 0 temp 0.60 loss 2.98 i_con 3.72 plddt 0.43 ptm 0.89 i_ptm 0.44 energy -15.92
22 models [1] recycles 0 hard 0 soft 0 temp 0.58 loss 3.24 i_con 3.98 plddt 0.38 ptm 0.89 i_ptm 0.32 energy -16.05
23 models [0] recycles 0 hard 0 soft 0 temp 0.56 loss 3.10 i_con 3.87 plddt 0.39 ptm 0.88 i_ptm 0.39 energy -16.68
24 models [0] recycles 0 hard 0 soft 0 temp 0.54 loss 3.13 i_con 3.90 plddt 0.39 ptm 0.88 i_ptm 0.43 energy -16.73
25 models [0] recycles 0 hard 0 soft 0 temp 0.52 loss 3.18 i_con 3.99 plddt 0.39 ptm 0.88 i_ptm 0.37 energy -17.56
26 models [1] recycles 0 hard 0 soft 0 temp 0.50 loss 2.88 i_con 3.71 plddt 0.47 ptm 0.89 i_ptm 0.43 energy -17.70
27 models [1] recycles 0 hard 0 soft 0 temp 0.48 loss 2.73 i_con 3.56 plddt 0.48 ptm 0.90 i_ptm 0.51 energy -17.70
28 models [1] recycles 0 hard 0 soft 0 temp 0.46 loss 2.57 i_con 3.43 plddt 0.50 ptm 0.90 i_ptm 0.52 energy -18.22
29 models [0] recycles 0 hard 0 soft 0 temp 0.44 loss 3.13 i_con 4.00 plddt 0.41 ptm 0.87 i_ptm 0.35 energy -18.67
30 models [0] recycles 0 hard 0 soft 0 temp 0.42 loss 2.60 i_con 3.50 plddt 0.48 ptm 0.88 i_ptm 0.57 energy -18.98
31 models [0] recycles 0 hard 0 soft 0 temp 0.40 loss 2.21 i_con 3.13 plddt 0.57 ptm 0.89 i_ptm 0.65 energy -19.25
32 models [1] recycles 0 hard 0 soft 0 temp 0.38 loss 2.26 i_con 3.18 plddt 0.55 ptm 0.90 i_ptm 0.62 energy -19.39
33 models [1] recycles 0 hard 0 soft 0 temp 0.36 loss 2.30 i_con 3.24 plddt 0.56 ptm 0.90 i_ptm 0.65 energy -19.80
34 models [0] recycles 0 hard 0 soft 0 temp 0.34 loss 2.64 i_con 3.58 plddt 0.48 ptm 0.88 i_ptm 0.54 energy -19.87
35 models [1] recycles 0 hard 0 soft 0 temp 0.32 loss 2.44 i_con 3.38 plddt 0.52 ptm 0.90 i_ptm 0.57 energy -19.79
36 models [1] recycles 0 hard 0 soft 0 temp 0.30 loss 1.87 i_con 2.83 plddt 0.64 ptm 0.91 i_ptm 0.71 energy -19.90
37 models [0] recycles 0 hard 0 soft 0 temp 0.28 loss 2.26 i_con 3.22 plddt 0.54 ptm 0.88 i_ptm 0.60 energy -20.02
38 models [0] recycles 0 hard 0 soft 0 temp 0.26 loss 2.21 i_con 3.15 plddt 0.57 ptm 0.89 i_ptm 0.65 energy -19.82
39 models [0] recycles 0 hard 0 soft 0 temp 0.24 loss 1.75 i_con 2.73 plddt 0.65 ptm 0.89 i_ptm 0.72 energy -20.31
40 models [1] recycles 0 hard 0 soft 0 temp 0.22 loss 2.00 i_con 2.98 plddt 0.57 ptm 0.90 i_ptm 0.67 energy -20.46
41 models [1] recycles 0 hard 0 soft 0 temp 0.20 loss 2.58 i_con 3.56 plddt 0.48 ptm 0.90 i_ptm 0.55 energy -20.63
42 models [1] recycles 0 hard 0 soft 0 temp 0.18 loss 2.13 i_con 3.11 plddt 0.54 ptm 0.90 i_ptm 0.63 energy -20.56
43 models [1] recycles 0 hard 0 soft 0 temp 0.16 loss 1.42 i_con 2.42 plddt 0.69 ptm 0.91 i_ptm 0.78 energy -20.60
44 models [0] recycles 0 hard 0 soft 0 temp 0.14 loss 1.94 i_con 2.97 plddt 0.60 ptm 0.89 i_ptm 0.70 energy -21.23
45 models [0] recycles 0 hard 0 soft 0 temp 0.12 loss 1.72 i_con 2.75 plddt 0.66 ptm 0.89 i_ptm 0.78 energy -21.29
46 models [0] recycles 0 hard 0 soft 0 temp 0.10 loss 1.23 i_con 2.27 plddt 0.80 ptm 0.90 i_ptm 0.86 energy -21.27
47 models [0] recycles 0 hard 0 soft 0 temp 0.08 loss 1.59 i_con 2.64 plddt 0.69 ptm 0.89 i_ptm 0.79 energy -21.72
48 models [1] recycles 0 hard 0 soft 0 temp 0.06 loss 1.89 i_con 2.93 plddt 0.60 ptm 0.91 i_ptm 0.68 energy -21.54
49 models [1] recycles 0 hard 0 soft 0 temp 0.04 loss 1.08 i_con 2.16 plddt 0.81 ptm 0.91 i_ptm 0.86 energy -21.97
50 models [1] recycles 0 hard 0 soft 0 temp 0.02 loss 1.42 i_con 2.51 plddt 0.67 ptm 0.91 i_ptm 0.74 energy -22.49
51 models [1] recycles 0 hard 1 soft 0 temp 0.00 loss 4.32 i_con 5.80 plddt 0.39 ptm 0.89 i_ptm 0.15 energy -3.08
52 models [1] recycles 0 hard 1 soft 0 temp 0.00 loss 4.32 i_con 5.80 plddt 0.39 ptm 0.89 i_ptm 0.15 energy -3.08
53 models [1] recycles 0 hard 1 soft 0 temp 0.00 loss 4.32 i_con 5.80 plddt 0.39 ptm 0.89 i_ptm 0.15 energy -3.08
54 models [1] recycles 0 hard 1 soft 0 temp 0.00 loss 4.32 i_con 5.80 plddt 0.39 ptm 0.89 i_ptm 0.15 energy -3.08
55 models [1] recycles 0 hard 1 soft 0 temp 0.00 loss 4.32 i_con 5.80 plddt 0.39 ptm 0.89 i_ptm 0.15 energy -3.08
56 models [0] recycles 0 hard 1 soft 0 temp 0.00 loss 3.36 i_con 4.83 plddt 0.29 ptm 0.87 i_ptm 0.13 energy -3.08
57 models [0] recycles 0 hard 1 soft 0 temp 0.00 loss 3.36 i_con 4.83 plddt 0.29 ptm 0.87 i_ptm 0.13 energy -3.08
58 models [0] recycles 0 hard 1 soft 0 temp 0.00 loss 3.36 i_con 4.83 plddt 0.29 ptm 0.87 i_ptm 0.13 energy -3.08
59 models [0] recycles 0 hard 1 soft 0 temp 0.00 loss 3.36 i_con 4.83 plddt 0.29 ptm 0.87 i_ptm 0.13 energy -3.08
60 models [0] recycles 0 hard 1 soft 0 temp 0.00 loss 3.36 i_con 4.83 plddt 0.29 ptm 0.87 i_ptm 0.13 energy -3.08
61 models [1] recycles 0 hard 1 soft 0 temp 0.00 loss 4.32 i_con 5.80 plddt 0.39 ptm 0.89 i_ptm 0.15 energy -3.08
62 models [1] recycles 0 hard 1 soft 0 temp 0.00 loss 4.32 i_con 5.80 plddt 0.39 ptm 0.89 i_ptm 0.15 energy -3.08
63 models [1] recycles 0 hard 1 soft 0 temp 0.00 loss 4.32 i_con 5.80 plddt 0.39 ptm 0.89 i_ptm 0.15 energy -3.08
64 models [0] recycles 0 hard 1 soft 0 temp 0.00 loss 3.36 i_con 4.83 plddt 0.29 ptm 0.87 i_ptm 0.13 energy -3.08
65 models [1] recycles 0 hard 1 soft 0 temp 0.00 loss 4.32 i_con 5.80 plddt 0.39 ptm 0.89 i_ptm 0.15 energy -3.08
66 models [0] recycles 0 hard 1 soft 0 temp 0.00 loss 3.36 i_con 4.83 plddt 0.29 ptm 0.87 i_ptm 0.13 energy -3.08
67 models [0] recycles 0 hard 1 soft 0 temp 0.00 loss 3.36 i_con 4.83 plddt 0.29 ptm 0.87 i_ptm 0.13 energy -3.08
68 models [0] recycles 0 hard 1 soft 0 temp 0.00 loss 3.36 i_con 4.83 plddt 0.29 ptm 0.87 i_ptm 0.13 energy -3.08
69 models [1] recycles 0 hard 1 soft 0 temp 0.00 loss 4.32 i_con 5.80 plddt 0.39 ptm 0.89 i_ptm 0.15 energy -3.08
70 models [0] recycles 0 hard 1 soft 0 temp 0.00 loss 3.36 i_con 4.83 plddt 0.29 ptm 0.87 i_ptm 0.13 energy -3.08
71 models [0] recycles 0 hard 1 soft 0 temp 0.00 loss 3.36 i_con 4.83 plddt 0.29 ptm 0.87 i_ptm 0.13 energy -3.08
72 models [1] recycles 0 hard 1 soft 0 temp 0.00 loss 4.32 i_con 5.80 plddt 0.39 ptm 0.89 i_ptm 0.15 energy -3.08
73 models [1] recycles 0 hard 1 soft 0 temp 0.00 loss 4.32 i_con 5.80 plddt 0.39 ptm 0.89 i_ptm 0.15 energy -3.08
74 models [1] recycles 0 hard 1 soft 0 temp 0.00 loss 4.32 i_con 5.80 plddt 0.39 ptm 0.89 i_ptm 0.15 energy -3.08
75 models [0] recycles 0 hard 1 soft 0 temp 0.00 loss 3.36 i_con 4.83 plddt 0.29 ptm 0.87 i_ptm 0.13 energy -3.08
76 models [0] recycles 0 hard 1 soft 0 temp 0.00 loss 3.36 i_con 4.83 plddt 0.29 ptm 0.87 i_ptm 0.13 energy -3.08
77 models [0] recycles 0 hard 1 soft 0 temp 0.00 loss 3.36 i_con 4.83 plddt 0.29 ptm 0.87 i_ptm 0.13 energy -3.08
78 models [0] recycles 0 hard 1 soft 0 temp 0.00 loss 3.36 i_con 4.83 plddt 0.29 ptm 0.87 i_ptm 0.13 energy -3.08
79 models [1] recycles 0 hard 1 soft 0 temp 0.00 loss 4.32 i_con 5.80 plddt 0.39 ptm 0.89 i_ptm 0.15 energy -3.08
80 models [1] recycles 0 hard 1 soft 0 temp 0.00 loss 4.32 i_con 5.80 plddt 0.39 ptm 0.89 i_ptm 0.15 energy -3.08
  → seq=YVCNVFLHFARKETL  loss=4.3194  loss_af=5.8597  energy=-3.0806  i_ptm=0.1503
[8/20] input=YVCNVYDHFARKEVL  seed=3 ...
1 models [1] recycles 0 hard 0 soft 0 temp 1 loss 5.98 i_con 5.85 plddt 0.36 ptm 0.88 i_ptm 0.13 energy 1.26
2 models [1] recycles 0 hard 0 soft 0 temp 0.98 loss 5.09 i_con 5.19 plddt 0.35 ptm 0.88 i_ptm 0.12 energy -3.37
3 models [0] recycles 0 hard 0 soft 0 temp 0.96 loss 4.72 i_con 4.85 plddt 0.28 ptm 0.87 i_ptm 0.16 energy -4.04
4 models [0] recycles 0 hard 0 soft 0 temp 0.94 loss 4.17 i_con 4.32 plddt 0.33 ptm 0.87 i_ptm 0.23 energy -4.38
5 models [1] recycles 0 hard 0 soft 0 temp 0.92 loss 4.46 i_con 4.67 plddt 0.34 ptm 0.89 i_ptm 0.20 energy -5.37
6 models [1] recycles 0 hard 0 soft 0 temp 0.90 loss 4.25 i_con 4.48 plddt 0.37 ptm 0.89 i_ptm 0.21 energy -5.72
7 models [1] recycles 0 hard 0 soft 0 temp 0.88 loss 4.29 i_con 4.57 plddt 0.33 ptm 0.88 i_ptm 0.20 energy -6.88
8 models [0] recycles 0 hard 0 soft 0 temp 0.86 loss 3.81 i_con 4.11 plddt 0.32 ptm 0.87 i_ptm 0.28 energy -7.35
9 models [0] recycles 0 hard 0 soft 0 temp 0.84 loss 3.68 i_con 4.05 plddt 0.35 ptm 0.87 i_ptm 0.32 energy -8.62
10 models [0] recycles 0 hard 0 soft 0 temp 0.82 loss 3.71 i_con 4.12 plddt 0.32 ptm 0.87 i_ptm 0.29 energy -9.59
11 models [1] recycles 0 hard 0 soft 0 temp 0.80 loss 3.67 i_con 4.12 plddt 0.37 ptm 0.89 i_ptm 0.29 energy -10.25
12 models [0] recycles 0 hard 0 soft 0 temp 0.78 loss 3.59 i_con 4.04 plddt 0.35 ptm 0.87 i_ptm 0.31 energy -10.33
13 models [0] recycles 0 hard 0 soft 0 temp 0.76 loss 3.57 i_con 4.04 plddt 0.34 ptm 0.87 i_ptm 0.31 energy -10.69
14 models [0] recycles 0 hard 0 soft 0 temp 0.74 loss 3.57 i_con 4.08 plddt 0.33 ptm 0.87 i_ptm 0.28 energy -11.42
15 models [1] recycles 0 hard 0 soft 0 temp 0.72 loss 3.51 i_con 4.06 plddt 0.39 ptm 0.89 i_ptm 0.33 energy -12.23
16 models [0] recycles 0 hard 0 soft 0 temp 0.70 loss 3.42 i_con 3.99 plddt 0.36 ptm 0.87 i_ptm 0.32 energy -12.59
17 models [0] recycles 0 hard 0 soft 0 temp 0.68 loss 3.36 i_con 4.00 plddt 0.40 ptm 0.88 i_ptm 0.37 energy -13.92
18 models [1] recycles 0 hard 0 soft 0 temp 0.66 loss 3.28 i_con 3.96 plddt 0.41 ptm 0.89 i_ptm 0.36 energy -14.75
19 models [1] recycles 0 hard 0 soft 0 temp 0.64 loss 3.41 i_con 4.09 plddt 0.37 ptm 0.89 i_ptm 0.31 energy -14.76
20 models [1] recycles 0 hard 0 soft 0 temp 0.62 loss 2.74 i_con 3.45 plddt 0.52 ptm 0.90 i_ptm 0.60 energy -15.05
21 models [1] recycles 0 hard 0 soft 0 temp 0.60 loss 2.79 i_con 3.50 plddt 0.49 ptm 0.90 i_ptm 0.52 energy -15.24
22 models [0] recycles 0 hard 0 soft 0 temp 0.58 loss 3.09 i_con 3.80 plddt 0.42 ptm 0.88 i_ptm 0.47 energy -15.27
23 models [0] recycles 0 hard 0 soft 0 temp 0.56 loss 3.13 i_con 3.86 plddt 0.38 ptm 0.88 i_ptm 0.36 energy -15.78
24 models [1] recycles 0 hard 0 soft 0 temp 0.54 loss 2.79 i_con 3.56 plddt 0.50 ptm 0.90 i_ptm 0.51 energy -16.35
25 models [1] recycles 0 hard 0 soft 0 temp 0.52 loss 2.47 i_con 3.26 plddt 0.55 ptm 0.90 i_ptm 0.64 energy -16.56
26 models [1] recycles 0 hard 0 soft 0 temp 0.50 loss 2.05 i_con 2.84 plddt 0.63 ptm 0.91 i_ptm 0.73 energy -16.59
27 models [0] recycles 0 hard 0 soft 0 temp 0.48 loss 2.69 i_con 3.48 plddt 0.50 ptm 0.89 i_ptm 0.60 energy -16.72
28 models [1] recycles 0 hard 0 soft 0 temp 0.46 loss 2.18 i_con 2.98 plddt 0.60 ptm 0.91 i_ptm 0.71 energy -16.94
29 models [1] recycles 0 hard 0 soft 0 temp 0.44 loss 2.07 i_con 2.89 plddt 0.62 ptm 0.91 i_ptm 0.74 energy -17.18
30 models [1] recycles 0 hard 0 soft 0 temp 0.42 loss 1.99 i_con 2.81 plddt 0.62 ptm 0.91 i_ptm 0.70 energy -16.98
31 models [1] recycles 0 hard 0 soft 0 temp 0.40 loss 1.69 i_con 2.52 plddt 0.65 ptm 0.91 i_ptm 0.77 energy -17.36
32 models [0] recycles 0 hard 0 soft 0 temp 0.38 loss 2.79 i_con 3.63 plddt 0.48 ptm 0.88 i_ptm 0.57 energy -17.80
33 models [1] recycles 0 hard 0 soft 0 temp 0.36 loss 1.71 i_con 2.56 plddt 0.65 ptm 0.91 i_ptm 0.76 energy -17.75
34 models [0] recycles 0 hard 0 soft 0 temp 0.34 loss 2.14 i_con 3.00 plddt 0.60 ptm 0.89 i_ptm 0.71 energy -17.95
35 models [0] recycles 0 hard 0 soft 0 temp 0.32 loss 2.60 i_con 3.47 plddt 0.48 ptm 0.88 i_ptm 0.56 energy -18.47
36 models [1] recycles 0 hard 0 soft 0 temp 0.30 loss 1.56 i_con 2.44 plddt 0.69 ptm 0.91 i_ptm 0.78 energy -18.36
37 models [0] recycles 0 hard 0 soft 0 temp 0.28 loss 2.05 i_con 2.94 plddt 0.59 ptm 0.89 i_ptm 0.71 energy -18.67
38 models [1] recycles 0 hard 0 soft 0 temp 0.26 loss 1.32 i_con 2.24 plddt 0.74 ptm 0.91 i_ptm 0.82 energy -19.00
39 models [1] recycles 0 hard 0 soft 0 temp 0.24 loss 1.36 i_con 2.30 plddt 0.72 ptm 0.91 i_ptm 0.81 energy -19.36
40 models [0] recycles 0 hard 0 soft 0 temp 0.22 loss 2.05 i_con 3.01 plddt 0.61 ptm 0.89 i_ptm 0.70 energy -19.97
41 models [0] recycles 0 hard 0 soft 0 temp 0.20 loss 1.72 i_con 2.69 plddt 0.65 ptm 0.89 i_ptm 0.75 energy -19.93
42 models [1] recycles 0 hard 0 soft 0 temp 0.18 loss 1.13 i_con 2.17 plddt 0.75 ptm 0.92 i_ptm 0.82 energy -21.14
43 models [1] recycles 0 hard 0 soft 0 temp 0.16 loss 1.22 i_con 2.26 plddt 0.73 ptm 0.92 i_ptm 0.82 energy -21.30
44 models [0] recycles 0 hard 0 soft 0 temp 0.14 loss 1.61 i_con 2.67 plddt 0.66 ptm 0.89 i_ptm 0.75 energy -21.81
45 models [1] recycles 0 hard 0 soft 0 temp 0.12 loss 1.21 i_con 2.27 plddt 0.74 ptm 0.91 i_ptm 0.81 energy -21.82
46 models [0] recycles 0 hard 0 soft 0 temp 0.10 loss 2.06 i_con 3.16 plddt 0.58 ptm 0.89 i_ptm 0.67 energy -22.84
47 models [1] recycles 0 hard 0 soft 0 temp 0.08 loss 1.33 i_con 2.45 plddt 0.73 ptm 0.91 i_ptm 0.79 energy -22.98
48 models [0] recycles 0 hard 0 soft 0 temp 0.06 loss 1.72 i_con 2.85 plddt 0.63 ptm 0.89 i_ptm 0.72 energy -23.32
49 models [0] recycles 0 hard 0 soft 0 temp 0.04 loss 1.79 i_con 2.92 plddt 0.62 ptm 0.89 i_ptm 0.72 energy -23.36
50 models [0] recycles 0 hard 0 soft 0 temp 0.02 loss 1.20 i_con 2.33 plddt 0.72 ptm 0.90 i_ptm 0.79 energy -23.24
51 models [0] recycles 0 hard 1 soft 0 temp 0.00 loss 4.13 i_con 4.24 plddt 0.32 ptm 0.88 i_ptm 0.29 energy -0.35
52 models [1] recycles 0 hard 1 soft 0 temp 0.00 loss 4.30 i_con 4.41 plddt 0.34 ptm 0.89 i_ptm 0.26 energy -0.35
53 models [0] recycles 0 hard 1 soft 0 temp 0.00 loss 4.13 i_con 4.24 plddt 0.32 ptm 0.88 i_ptm 0.29 energy -0.35
54 models [1] recycles 0 hard 1 soft 0 temp 0.00 loss 4.30 i_con 4.41 plddt 0.34 ptm 0.89 i_ptm 0.26 energy -0.35
55 models [1] recycles 0 hard 1 soft 0 temp 0.00 loss 4.30 i_con 4.41 plddt 0.34 ptm 0.89 i_ptm 0.26 energy -0.35
56 models [0] recycles 0 hard 1 soft 0 temp 0.00 loss 4.13 i_con 4.24 plddt 0.32 ptm 0.88 i_ptm 0.29 energy -0.35
57 models [0] recycles 0 hard 1 soft 0 temp 0.00 loss 4.13 i_con 4.24 plddt 0.32 ptm 0.88 i_ptm 0.29 energy -0.35
58 models [0] recycles 0 hard 1 soft 0 temp 0.00 loss 4.13 i_con 4.24 plddt 0.32 ptm 0.88 i_ptm 0.29 energy -0.35
59 models [1] recycles 0 hard 1 soft 0 temp 0.00 loss 4.30 i_con 4.41 plddt 0.34 ptm 0.89 i_ptm 0.26 energy -0.35
60 models [1] recycles 0 hard 1 soft 0 temp 0.00 loss 4.30 i_con 4.41 plddt 0.34 ptm 0.89 i_ptm 0.26 energy -0.35
61 models [1] recycles 0 hard 1 soft 0 temp 0.00 loss 4.30 i_con 4.41 plddt 0.34 ptm 0.89 i_ptm 0.26 energy -0.35
62 models [0] recycles 0 hard 1 soft 0 temp 0.00 loss 4.13 i_con 4.24 plddt 0.32 ptm 0.88 i_ptm 0.29 energy -0.35
63 models [1] recycles 0 hard 1 soft 0 temp 0.00 loss 4.30 i_con 4.41 plddt 0.34 ptm 0.89 i_ptm 0.26 energy -0.35
64 models [1] recycles 0 hard 1 soft 0 temp 0.00 loss 4.30 i_con 4.41 plddt 0.34 ptm 0.89 i_ptm 0.26 energy -0.35
65 models [1] recycles 0 hard 1 soft 0 temp 0.00 loss 4.30 i_con 4.41 plddt 0.34 ptm 0.89 i_ptm 0.26 energy -0.35
66 models [0] recycles 0 hard 1 soft 0 temp 0.00 loss 4.13 i_con 4.24 plddt 0.32 ptm 0.88 i_ptm 0.29 energy -0.35
67 models [1] recycles 0 hard 1 soft 0 temp 0.00 loss 4.30 i_con 4.41 plddt 0.34 ptm 0.89 i_ptm 0.26 energy -0.35
68 models [1] recycles 0 hard 1 soft 0 temp 0.00 loss 4.30 i_con 4.41 plddt 0.34 ptm 0.89 i_ptm 0.26 energy -0.35
69 models [0] recycles 0 hard 1 soft 0 temp 0.00 loss 4.13 i_con 4.24 plddt 0.32 ptm 0.88 i_ptm 0.29 energy -0.35
70 models [0] recycles 0 hard 1 soft 0 temp 0.00 loss 4.13 i_con 4.24 plddt 0.32 ptm 0.88 i_ptm 0.29 energy -0.35
71 models [1] recycles 0 hard 1 soft 0 temp 0.00 loss 4.30 i_con 4.41 plddt 0.34 ptm 0.89 i_ptm 0.26 energy -0.35
72 models [1] recycles 0 hard 1 soft 0 temp 0.00 loss 4.30 i_con 4.41 plddt 0.34 ptm 0.89 i_ptm 0.26 energy -0.35
73 models [0] recycles 0 hard 1 soft 0 temp 0.00 loss 4.13 i_con 4.24 plddt 0.32 ptm 0.88 i_ptm 0.29 energy -0.35
74 models [0] recycles 0 hard 1 soft 0 temp 0.00 loss 4.13 i_con 4.24 plddt 0.32 ptm 0.88 i_ptm 0.29 energy -0.35
75 models [0] recycles 0 hard 1 soft 0 temp 0.00 loss 4.13 i_con 4.24 plddt 0.32 ptm 0.88 i_ptm 0.29 energy -0.35
76 models [1] recycles 0 hard 1 soft 0 temp 0.00 loss 4.30 i_con 4.41 plddt 0.34 ptm 0.89 i_ptm 0.26 energy -0.35
77 models [0] recycles 0 hard 1 soft 0 temp 0.00 loss 4.13 i_con 4.24 plddt 0.32 ptm 0.88 i_ptm 0.29 energy -0.35
78 models [0] recycles 0 hard 1 soft 0 temp 0.00 loss 4.13 i_con 4.24 plddt 0.32 ptm 0.88 i_ptm 0.29 energy -0.35
79 models [0] recycles 0 hard 1 soft 0 temp 0.00 loss 4.13 i_con 4.24 plddt 0.32 ptm 0.88 i_ptm 0.29 energy -0.35
80 models [0] recycles 0 hard 1 soft 0 temp 0.00 loss 4.13 i_con 4.24 plddt 0.32 ptm 0.88 i_ptm 0.29 energy -0.35
  → seq=YVCNVFDAFARMEVL  loss=4.1346  loss_af=4.3109  energy=-0.3525  i_ptm=0.2927
[9/20] input=YHPQVEGSPEMKKCL  seed=0 ...
1 models [1] recycles 0 hard 0 soft 0 temp 1 loss 6.42 i_con 6.53 plddt 0.40 ptm 0.88 i_ptm 0.10 energy -3.51
2 models [0] recycles 0 hard 0 soft 0 temp 0.98 loss 6.13 i_con 6.38 plddt 0.35 ptm 0.87 i_ptm 0.20 energy -6.26
3 models [0] recycles 0 hard 0 soft 0 temp 0.96 loss 6.05 i_con 6.37 plddt 0.35 ptm 0.87 i_ptm 0.21 energy -7.76
4 models [1] recycles 0 hard 0 soft 0 temp 0.94 loss 5.40 i_con 5.79 plddt 0.42 ptm 0.88 i_ptm 0.12 energy -8.84
5 models [0] recycles 0 hard 0 soft 0 temp 0.92 loss 5.52 i_con 5.95 plddt 0.33 ptm 0.87 i_ptm 0.16 energy -9.94
6 models [0] recycles 0 hard 0 soft 0 temp 0.90 loss 4.66 i_con 5.14 plddt 0.37 ptm 0.87 i_ptm 0.14 energy -10.93
7 models [0] recycles 0 hard 0 soft 0 temp 0.88 loss 4.36 i_con 4.86 plddt 0.34 ptm 0.87 i_ptm 0.13 energy -11.33
8 models [0] recycles 0 hard 0 soft 0 temp 0.86 loss 4.64 i_con 5.11 plddt 0.33 ptm 0.87 i_ptm 0.13 energy -10.87
9 models [0] recycles 0 hard 0 soft 0 temp 0.84 loss 4.40 i_con 4.91 plddt 0.33 ptm 0.87 i_ptm 0.16 energy -11.50
10 models [0] recycles 0 hard 0 soft 0 temp 0.82 loss 4.64 i_con 5.18 plddt 0.33 ptm 0.87 i_ptm 0.12 energy -12.16
11 models [0] recycles 0 hard 0 soft 0 temp 0.80 loss 4.32 i_con 4.87 plddt 0.32 ptm 0.87 i_ptm 0.12 energy -12.42
12 models [1] recycles 0 hard 0 soft 0 temp 0.78 loss 4.66 i_con 5.25 plddt 0.43 ptm 0.88 i_ptm 0.11 energy -12.83
13 models [1] recycles 0 hard 0 soft 0 temp 0.76 loss 4.39 i_con 5.00 plddt 0.44 ptm 0.88 i_ptm 0.11 energy -13.33
14 models [0] recycles 0 hard 0 soft 0 temp 0.74 loss 4.23 i_con 4.87 plddt 0.35 ptm 0.86 i_ptm 0.13 energy -14.18
15 models [1] recycles 0 hard 0 soft 0 temp 0.72 loss 4.00 i_con 4.66 plddt 0.39 ptm 0.88 i_ptm 0.11 energy -14.48
16 models [1] recycles 0 hard 0 soft 0 temp 0.70 loss 3.92 i_con 4.60 plddt 0.36 ptm 0.88 i_ptm 0.13 energy -14.88
17 models [1] recycles 0 hard 0 soft 0 temp 0.68 loss 3.93 i_con 4.65 plddt 0.40 ptm 0.88 i_ptm 0.13 energy -15.59
18 models [1] recycles 0 hard 0 soft 0 temp 0.66 loss 3.78 i_con 4.54 plddt 0.33 ptm 0.88 i_ptm 0.13 energy -16.45
19 models [1] recycles 0 hard 0 soft 0 temp 0.64 loss 3.77 i_con 4.59 plddt 0.37 ptm 0.88 i_ptm 0.13 energy -17.66
20 models [0] recycles 0 hard 0 soft 0 temp 0.62 loss 3.76 i_con 4.64 plddt 0.32 ptm 0.87 i_ptm 0.15 energy -18.89
21 models [1] recycles 0 hard 0 soft 0 temp 0.60 loss 4.03 i_con 4.96 plddt 0.45 ptm 0.88 i_ptm 0.10 energy -19.55
22 models [0] recycles 0 hard 0 soft 0 temp 0.58 loss 3.45 i_con 4.38 plddt 0.33 ptm 0.87 i_ptm 0.19 energy -19.99
23 models [0] recycles 0 hard 0 soft 0 temp 0.56 loss 3.54 i_con 4.54 plddt 0.36 ptm 0.87 i_ptm 0.15 energy -21.30
24 models [1] recycles 0 hard 0 soft 0 temp 0.54 loss 3.77 i_con 4.73 plddt 0.37 ptm 0.88 i_ptm 0.12 energy -20.40
25 models [1] recycles 0 hard 0 soft 0 temp 0.52 loss 3.13 i_con 4.13 plddt 0.35 ptm 0.89 i_ptm 0.22 energy -21.35
26 models [0] recycles 0 hard 0 soft 0 temp 0.50 loss 3.24 i_con 4.27 plddt 0.33 ptm 0.87 i_ptm 0.20 energy -22.06
27 models [0] recycles 0 hard 0 soft 0 temp 0.48 loss 3.14 i_con 4.23 plddt 0.38 ptm 0.87 i_ptm 0.21 energy -23.01
28 models [0] recycles 0 hard 0 soft 0 temp 0.46 loss 3.03 i_con 4.18 plddt 0.36 ptm 0.87 i_ptm 0.21 energy -24.19
29 models [0] recycles 0 hard 0 soft 0 temp 0.44 loss 2.87 i_con 4.08 plddt 0.36 ptm 0.87 i_ptm 0.24 energy -25.50
30 models [1] recycles 0 hard 0 soft 0 temp 0.42 loss 3.03 i_con 4.32 plddt 0.37 ptm 0.88 i_ptm 0.22 energy -27.20
31 models [0] recycles 0 hard 0 soft 0 temp 0.40 loss 2.89 i_con 4.21 plddt 0.33 ptm 0.87 i_ptm 0.22 energy -27.71
32 models [1] recycles 0 hard 0 soft 0 temp 0.38 loss 2.70 i_con 4.05 plddt 0.35 ptm 0.89 i_ptm 0.25 energy -28.15
33 models [0] recycles 0 hard 0 soft 0 temp 0.36 loss 2.80 i_con 4.19 plddt 0.37 ptm 0.87 i_ptm 0.21 energy -29.07
34 models [1] recycles 0 hard 0 soft 0 temp 0.34 loss 2.63 i_con 4.11 plddt 0.37 ptm 0.88 i_ptm 0.21 energy -30.86
35 models [0] recycles 0 hard 0 soft 0 temp 0.32 loss 2.57 i_con 4.08 plddt 0.38 ptm 0.87 i_ptm 0.24 energy -31.50
36 models [0] recycles 0 hard 0 soft 0 temp 0.30 loss 2.35 i_con 3.92 plddt 0.38 ptm 0.87 i_ptm 0.30 energy -32.62
37 models [1] recycles 0 hard 0 soft 0 temp 0.28 loss 2.52 i_con 4.16 plddt 0.35 ptm 0.89 i_ptm 0.25 energy -34.07
38 models [0] recycles 0 hard 0 soft 0 temp 0.26 loss 2.26 i_con 3.97 plddt 0.39 ptm 0.87 i_ptm 0.29 energy -35.45
39 models [0] recycles 0 hard 0 soft 0 temp 0.24 loss 2.18 i_con 3.95 plddt 0.38 ptm 0.87 i_ptm 0.27 energy -36.69
40 models [1] recycles 0 hard 0 soft 0 temp 0.22 loss 2.20 i_con 4.05 plddt 0.39 ptm 0.89 i_ptm 0.26 energy -38.15
41 models [1] recycles 0 hard 0 soft 0 temp 0.20 loss 2.22 i_con 4.05 plddt 0.39 ptm 0.89 i_ptm 0.27 energy -37.93
42 models [0] recycles 0 hard 0 soft 0 temp 0.18 loss 2.06 i_con 3.96 plddt 0.38 ptm 0.87 i_ptm 0.27 energy -39.19
43 models [1] recycles 0 hard 0 soft 0 temp 0.16 loss 2.11 i_con 4.08 plddt 0.40 ptm 0.89 i_ptm 0.25 energy -40.53
44 models [0] recycles 0 hard 0 soft 0 temp 0.14 loss 2.04 i_con 4.08 plddt 0.35 ptm 0.87 i_ptm 0.26 energy -42.10
45 models [0] recycles 0 hard 0 soft 0 temp 0.12 loss 1.79 i_con 3.89 plddt 0.38 ptm 0.87 i_ptm 0.31 energy -43.32
46 models [0] recycles 0 hard 0 soft 0 temp 0.10 loss 1.69 i_con 3.88 plddt 0.40 ptm 0.87 i_ptm 0.33 energy -45.06
47 models [0] recycles 0 hard 0 soft 0 temp 0.08 loss 1.69 i_con 3.96 plddt 0.39 ptm 0.87 i_ptm 0.29 energy -46.53
48 models [0] recycles 0 hard 0 soft 0 temp 0.06 loss 1.64 i_con 3.95 plddt 0.40 ptm 0.88 i_ptm 0.30 energy -47.45
49 models [1] recycles 0 hard 0 soft 0 temp 0.04 loss 1.39 i_con 3.78 plddt 0.42 ptm 0.89 i_ptm 0.37 energy -48.94
50 models [0] recycles 0 hard 0 soft 0 temp 0.02 loss 1.47 i_con 3.95 plddt 0.42 ptm 0.87 i_ptm 0.32 energy -50.64
51 models [1] recycles 0 hard 1 soft 0 temp 0.00 loss 4.57 i_con 5.90 plddt 0.51 ptm 0.89 i_ptm 0.10 energy -2.75
52 models [0] recycles 0 hard 1 soft 0 temp 0.00 loss 4.10 i_con 5.42 plddt 0.44 ptm 0.87 i_ptm 0.12 energy -2.75
53 models [0] recycles 0 hard 1 soft 0 temp 0.00 loss 4.10 i_con 5.42 plddt 0.44 ptm 0.87 i_ptm 0.12 energy -2.75
54 models [0] recycles 0 hard 1 soft 0 temp 0.00 loss 4.10 i_con 5.42 plddt 0.44 ptm 0.87 i_ptm 0.12 energy -2.75
55 models [0] recycles 0 hard 1 soft 0 temp 0.00 loss 4.10 i_con 5.42 plddt 0.44 ptm 0.87 i_ptm 0.12 energy -2.75
56 models [1] recycles 0 hard 1 soft 0 temp 0.00 loss 4.57 i_con 5.90 plddt 0.51 ptm 0.89 i_ptm 0.10 energy -2.75
57 models [0] recycles 0 hard 1 soft 0 temp 0.00 loss 4.10 i_con 5.42 plddt 0.44 ptm 0.87 i_ptm 0.12 energy -2.75
58 models [1] recycles 0 hard 1 soft 0 temp 0.00 loss 4.57 i_con 5.90 plddt 0.51 ptm 0.89 i_ptm 0.10 energy -2.75
59 models [1] recycles 0 hard 1 soft 0 temp 0.00 loss 4.57 i_con 5.90 plddt 0.51 ptm 0.89 i_ptm 0.10 energy -2.75
60 models [0] recycles 0 hard 1 soft 0 temp 0.00 loss 4.10 i_con 5.42 plddt 0.44 ptm 0.87 i_ptm 0.12 energy -2.75
61 models [0] recycles 0 hard 1 soft 0 temp 0.00 loss 4.10 i_con 5.42 plddt 0.44 ptm 0.87 i_ptm 0.12 energy -2.75
62 models [1] recycles 0 hard 1 soft 0 temp 0.00 loss 4.57 i_con 5.90 plddt 0.51 ptm 0.89 i_ptm 0.10 energy -2.75
63 models [0] recycles 0 hard 1 soft 0 temp 0.00 loss 4.10 i_con 5.42 plddt 0.44 ptm 0.87 i_ptm 0.12 energy -2.75
64 models [1] recycles 0 hard 1 soft 0 temp 0.00 loss 4.57 i_con 5.90 plddt 0.51 ptm 0.89 i_ptm 0.10 energy -2.75
65 models [0] recycles 0 hard 1 soft 0 temp 0.00 loss 4.10 i_con 5.42 plddt 0.44 ptm 0.87 i_ptm 0.12 energy -2.75
66 models [1] recycles 0 hard 1 soft 0 temp 0.00 loss 4.57 i_con 5.90 plddt 0.51 ptm 0.89 i_ptm 0.10 energy -2.75
67 models [1] recycles 0 hard 1 soft 0 temp 0.00 loss 4.57 i_con 5.90 plddt 0.51 ptm 0.89 i_ptm 0.10 energy -2.75
68 models [1] recycles 0 hard 1 soft 0 temp 0.00 loss 4.57 i_con 5.90 plddt 0.51 ptm 0.89 i_ptm 0.10 energy -2.75
69 models [1] recycles 0 hard 1 soft 0 temp 0.00 loss 4.57 i_con 5.90 plddt 0.51 ptm 0.89 i_ptm 0.10 energy -2.75
70 models [1] recycles 0 hard 1 soft 0 temp 0.00 loss 4.57 i_con 5.90 plddt 0.51 ptm 0.89 i_ptm 0.10 energy -2.75
71 models [0] recycles 0 hard 1 soft 0 temp 0.00 loss 4.10 i_con 5.42 plddt 0.44 ptm 0.87 i_ptm 0.12 energy -2.75
72 models [0] recycles 0 hard 1 soft 0 temp 0.00 loss 4.10 i_con 5.42 plddt 0.44 ptm 0.87 i_ptm 0.12 energy -2.75
73 models [1] recycles 0 hard 1 soft 0 temp 0.00 loss 4.57 i_con 5.90 plddt 0.51 ptm 0.89 i_ptm 0.10 energy -2.75
74 models [1] recycles 0 hard 1 soft 0 temp 0.00 loss 4.57 i_con 5.90 plddt 0.51 ptm 0.89 i_ptm 0.10 energy -2.75
75 models [1] recycles 0 hard 1 soft 0 temp 0.00 loss 4.57 i_con 5.90 plddt 0.51 ptm 0.89 i_ptm 0.10 energy -2.75
76 models [0] recycles 0 hard 1 soft 0 temp 0.00 loss 4.10 i_con 5.42 plddt 0.44 ptm 0.87 i_ptm 0.12 energy -2.75
77 models [0] recycles 0 hard 1 soft 0 temp 0.00 loss 4.10 i_con 5.42 plddt 0.44 ptm 0.87 i_ptm 0.12 energy -2.75
78 models [1] recycles 0 hard 1 soft 0 temp 0.00 loss 4.57 i_con 5.90 plddt 0.51 ptm 0.89 i_ptm 0.10 energy -2.75
79 models [0] recycles 0 hard 1 soft 0 temp 0.00 loss 4.10 i_con 5.42 plddt 0.44 ptm 0.87 i_ptm 0.12 energy -2.75
80 models [1] recycles 0 hard 1 soft 0 temp 0.00 loss 4.57 i_con 5.90 plddt 0.51 ptm 0.89 i_ptm 0.10 energy -2.75
  → seq=YHPQVEISPEMKKFL  loss=4.5748  loss_af=5.9521  energy=-2.7546  i_ptm=0.1013
[10/20] input=YHPQVEGSPEMKKCL  seed=1 ...
1 models [0] recycles 0 hard 0 soft 0 temp 1 loss 6.65 i_con 6.76 plddt 0.35 ptm 0.87 i_ptm 0.26 energy -3.51
2 models [0] recycles 0 hard 0 soft 0 temp 0.98 loss 5.99 i_con 6.21 plddt 0.35 ptm 0.86 i_ptm 0.16 energy -5.64
3 models [1] recycles 0 hard 0 soft 0 temp 0.96 loss 6.05 i_con 6.35 plddt 0.43 ptm 0.88 i_ptm 0.12 energy -7.09
4 models [1] recycles 0 hard 0 soft 0 temp 0.94 loss 5.77 i_con 6.13 plddt 0.44 ptm 0.88 i_ptm 0.11 energy -8.50
5 models [0] recycles 0 hard 0 soft 0 temp 0.92 loss 5.22 i_con 5.62 plddt 0.37 ptm 0.87 i_ptm 0.14 energy -9.20
6 models [0] recycles 0 hard 0 soft 0 temp 0.90 loss 4.85 i_con 5.29 plddt 0.31 ptm 0.87 i_ptm 0.13 energy -10.17
7 models [0] recycles 0 hard 0 soft 0 temp 0.88 loss 4.38 i_con 4.84 plddt 0.31 ptm 0.87 i_ptm 0.15 energy -10.56
8 models [0] recycles 0 hard 0 soft 0 temp 0.86 loss 4.19 i_con 4.69 plddt 0.31 ptm 0.87 i_ptm 0.15 energy -11.45
9 models [0] recycles 0 hard 0 soft 0 temp 0.84 loss 4.08 i_con 4.62 plddt 0.34 ptm 0.87 i_ptm 0.16 energy -12.14
10 models [1] recycles 0 hard 0 soft 0 temp 0.82 loss 4.84 i_con 5.44 plddt 0.39 ptm 0.88 i_ptm 0.11 energy -13.32
11 models [1] recycles 0 hard 0 soft 0 temp 0.80 loss 4.44 i_con 5.07 plddt 0.39 ptm 0.88 i_ptm 0.10 energy -13.66
12 models [0] recycles 0 hard 0 soft 0 temp 0.78 loss 3.95 i_con 4.56 plddt 0.36 ptm 0.87 i_ptm 0.19 energy -13.56
13 models [1] recycles 0 hard 0 soft 0 temp 0.76 loss 4.39 i_con 5.08 plddt 0.41 ptm 0.88 i_ptm 0.11 energy -15.06
14 models [0] recycles 0 hard 0 soft 0 temp 0.74 loss 3.63 i_con 4.38 plddt 0.35 ptm 0.87 i_ptm 0.19 energy -16.27
15 models [0] recycles 0 hard 0 soft 0 temp 0.72 loss 3.65 i_con 4.48 plddt 0.35 ptm 0.87 i_ptm 0.20 energy -17.98
16 models [1] recycles 0 hard 0 soft 0 temp 0.70 loss 3.77 i_con 4.68 plddt 0.40 ptm 0.88 i_ptm 0.14 energy -19.31
17 models [1] recycles 0 hard 0 soft 0 temp 0.68 loss 3.59 i_con 4.53 plddt 0.37 ptm 0.88 i_ptm 0.17 energy -20.14
18 models [0] recycles 0 hard 0 soft 0 temp 0.66 loss 3.18 i_con 4.14 plddt 0.36 ptm 0.87 i_ptm 0.23 energy -20.56
19 models [1] recycles 0 hard 0 soft 0 temp 0.64 loss 3.61 i_con 4.60 plddt 0.37 ptm 0.88 i_ptm 0.16 energy -21.16
20 models [1] recycles 0 hard 0 soft 0 temp 0.62 loss 3.26 i_con 4.30 plddt 0.36 ptm 0.89 i_ptm 0.19 energy -22.07
21 models [1] recycles 0 hard 0 soft 0 temp 0.60 loss 3.13 i_con 4.22 plddt 0.37 ptm 0.89 i_ptm 0.20 energy -23.07
22 models [0] recycles 0 hard 0 soft 0 temp 0.58 loss 2.82 i_con 3.94 plddt 0.35 ptm 0.87 i_ptm 0.28 energy -23.84
23 models [1] recycles 0 hard 0 soft 0 temp 0.56 loss 3.03 i_con 4.20 plddt 0.36 ptm 0.88 i_ptm 0.22 energy -24.74
24 models [1] recycles 0 hard 0 soft 0 temp 0.54 loss 3.09 i_con 4.32 plddt 0.36 ptm 0.88 i_ptm 0.18 energy -26.00
25 models [0] recycles 0 hard 0 soft 0 temp 0.52 loss 2.91 i_con 4.17 plddt 0.34 ptm 0.87 i_ptm 0.24 energy -26.45
26 models [1] recycles 0 hard 0 soft 0 temp 0.50 loss 2.81 i_con 4.15 plddt 0.36 ptm 0.89 i_ptm 0.22 energy -28.14
27 models [1] recycles 0 hard 0 soft 0 temp 0.48 loss 2.82 i_con 4.25 plddt 0.36 ptm 0.88 i_ptm 0.20 energy -29.89
28 models [1] recycles 0 hard 0 soft 0 temp 0.46 loss 2.50 i_con 3.95 plddt 0.37 ptm 0.89 i_ptm 0.29 energy -30.28
29 models [0] recycles 0 hard 0 soft 0 temp 0.44 loss 2.60 i_con 4.08 plddt 0.37 ptm 0.87 i_ptm 0.27 energy -30.85
30 models [1] recycles 0 hard 0 soft 0 temp 0.42 loss 2.23 i_con 3.78 plddt 0.42 ptm 0.89 i_ptm 0.35 energy -32.13
31 models [1] recycles 0 hard 0 soft 0 temp 0.40 loss 2.64 i_con 4.26 plddt 0.39 ptm 0.89 i_ptm 0.22 energy -33.75
32 models [1] recycles 0 hard 0 soft 0 temp 0.38 loss 2.26 i_con 3.95 plddt 0.40 ptm 0.89 i_ptm 0.29 energy -34.92
33 models [0] recycles 0 hard 0 soft 0 temp 0.36 loss 2.44 i_con 4.14 plddt 0.39 ptm 0.87 i_ptm 0.28 energy -35.20
34 models [0] recycles 0 hard 0 soft 0 temp 0.34 loss 2.23 i_con 4.00 plddt 0.36 ptm 0.87 i_ptm 0.27 energy -36.72
35 models [0] recycles 0 hard 0 soft 0 temp 0.32 loss 2.25 i_con 4.12 plddt 0.39 ptm 0.87 i_ptm 0.26 energy -38.59
36 models [0] recycles 0 hard 0 soft 0 temp 0.30 loss 2.13 i_con 4.05 plddt 0.39 ptm 0.87 i_ptm 0.29 energy -39.67
37 models [0] recycles 0 hard 0 soft 0 temp 0.28 loss 2.16 i_con 4.11 plddt 0.36 ptm 0.87 i_ptm 0.24 energy -40.21
38 models [1] recycles 0 hard 0 soft 0 temp 0.26 loss 2.10 i_con 4.14 plddt 0.37 ptm 0.89 i_ptm 0.24 energy -41.98
39 models [1] recycles 0 hard 0 soft 0 temp 0.24 loss 2.04 i_con 4.12 plddt 0.38 ptm 0.89 i_ptm 0.24 energy -42.78
40 models [1] recycles 0 hard 0 soft 0 temp 0.22 loss 2.04 i_con 4.13 plddt 0.39 ptm 0.89 i_ptm 0.25 energy -43.17
41 models [0] recycles 0 hard 0 soft 0 temp 0.20 loss 1.73 i_con 3.86 plddt 0.37 ptm 0.88 i_ptm 0.31 energy -43.98
42 models [0] recycles 0 hard 0 soft 0 temp 0.18 loss 1.65 i_con 3.88 plddt 0.37 ptm 0.87 i_ptm 0.31 energy -45.85
43 models [0] recycles 0 hard 0 soft 0 temp 0.16 loss 1.63 i_con 3.96 plddt 0.43 ptm 0.87 i_ptm 0.31 energy -47.86
44 models [0] recycles 0 hard 0 soft 0 temp 0.14 loss 1.46 i_con 3.86 plddt 0.42 ptm 0.87 i_ptm 0.34 energy -49.14
45 models [0] recycles 0 hard 0 soft 0 temp 0.12 loss 1.48 i_con 3.95 plddt 0.42 ptm 0.87 i_ptm 0.29 energy -50.49
46 models [0] recycles 0 hard 0 soft 0 temp 0.10 loss 1.40 i_con 3.93 plddt 0.43 ptm 0.87 i_ptm 0.31 energy -51.75
47 models [1] recycles 0 hard 0 soft 0 temp 0.08 loss 1.44 i_con 4.03 plddt 0.44 ptm 0.89 i_ptm 0.29 energy -53.09
48 models [0] recycles 0 hard 0 soft 0 temp 0.06 loss 1.11 i_con 3.75 plddt 0.43 ptm 0.88 i_ptm 0.39 energy -54.04
49 models [0] recycles 0 hard 0 soft 0 temp 0.04 loss 1.42 i_con 4.13 plddt 0.40 ptm 0.87 i_ptm 0.30 energy -55.32
50 models [1] recycles 0 hard 0 soft 0 temp 0.02 loss 0.89 i_con 3.63 plddt 0.42 ptm 0.89 i_ptm 0.37 energy -56.10
51 models [1] recycles 0 hard 1 soft 0 temp 0.00 loss 4.07 i_con 6.34 plddt 0.40 ptm 0.89 i_ptm 0.12 energy -4.66
52 models [0] recycles 0 hard 1 soft 0 temp 0.00 loss 3.80 i_con 6.07 plddt 0.33 ptm 0.87 i_ptm 0.14 energy -4.66
53 models [1] recycles 0 hard 1 soft 0 temp 0.00 loss 4.07 i_con 6.34 plddt 0.40 ptm 0.89 i_ptm 0.12 energy -4.66
54 models [1] recycles 0 hard 1 soft 0 temp 0.00 loss 4.07 i_con 6.34 plddt 0.40 ptm 0.89 i_ptm 0.12 energy -4.66
55 models [0] recycles 0 hard 1 soft 0 temp 0.00 loss 3.80 i_con 6.07 plddt 0.33 ptm 0.87 i_ptm 0.14 energy -4.66
56 models [0] recycles 0 hard 1 soft 0 temp 0.00 loss 3.80 i_con 6.07 plddt 0.33 ptm 0.87 i_ptm 0.14 energy -4.66
57 models [0] recycles 0 hard 1 soft 0 temp 0.00 loss 3.80 i_con 6.07 plddt 0.33 ptm 0.87 i_ptm 0.14 energy -4.66
58 models [1] recycles 0 hard 1 soft 0 temp 0.00 loss 4.07 i_con 6.34 plddt 0.40 ptm 0.89 i_ptm 0.12 energy -4.66
59 models [0] recycles 0 hard 1 soft 0 temp 0.00 loss 3.80 i_con 6.07 plddt 0.33 ptm 0.87 i_ptm 0.14 energy -4.66
60 models [1] recycles 0 hard 1 soft 0 temp 0.00 loss 4.07 i_con 6.34 plddt 0.40 ptm 0.89 i_ptm 0.12 energy -4.66
61 models [1] recycles 0 hard 1 soft 0 temp 0.00 loss 4.07 i_con 6.34 plddt 0.40 ptm 0.89 i_ptm 0.12 energy -4.66
62 models [0] recycles 0 hard 1 soft 0 temp 0.00 loss 3.80 i_con 6.07 plddt 0.33 ptm 0.87 i_ptm 0.14 energy -4.66
63 models [0] recycles 0 hard 1 soft 0 temp 0.00 loss 3.80 i_con 6.07 plddt 0.33 ptm 0.87 i_ptm 0.14 energy -4.66
64 models [1] recycles 0 hard 1 soft 0 temp 0.00 loss 4.07 i_con 6.34 plddt 0.40 ptm 0.89 i_ptm 0.12 energy -4.66
65 models [0] recycles 0 hard 1 soft 0 temp 0.00 loss 3.80 i_con 6.07 plddt 0.33 ptm 0.87 i_ptm 0.14 energy -4.66
66 models [0] recycles 0 hard 1 soft 0 temp 0.00 loss 3.80 i_con 6.07 plddt 0.33 ptm 0.87 i_ptm 0.14 energy -4.66
67 models [0] recycles 0 hard 1 soft 0 temp 0.00 loss 3.80 i_con 6.07 plddt 0.33 ptm 0.87 i_ptm 0.14 energy -4.66
68 models [0] recycles 0 hard 1 soft 0 temp 0.00 loss 3.80 i_con 6.07 plddt 0.33 ptm 0.87 i_ptm 0.14 energy -4.66
69 models [1] recycles 0 hard 1 soft 0 temp 0.00 loss 4.07 i_con 6.34 plddt 0.40 ptm 0.89 i_ptm 0.12 energy -4.66
70 models [1] recycles 0 hard 1 soft 0 temp 0.00 loss 4.07 i_con 6.34 plddt 0.40 ptm 0.89 i_ptm 0.12 energy -4.66
71 models [0] recycles 0 hard 1 soft 0 temp 0.00 loss 3.80 i_con 6.07 plddt 0.33 ptm 0.87 i_ptm 0.14 energy -4.66
72 models [0] recycles 0 hard 1 soft 0 temp 0.00 loss 3.80 i_con 6.07 plddt 0.33 ptm 0.87 i_ptm 0.14 energy -4.66
73 models [1] recycles 0 hard 1 soft 0 temp 0.00 loss 4.07 i_con 6.34 plddt 0.40 ptm 0.89 i_ptm 0.12 energy -4.66
74 models [1] recycles 0 hard 1 soft 0 temp 0.00 loss 4.07 i_con 6.34 plddt 0.40 ptm 0.89 i_ptm 0.12 energy -4.66
75 models [1] recycles 0 hard 1 soft 0 temp 0.00 loss 4.07 i_con 6.34 plddt 0.40 ptm 0.89 i_ptm 0.12 energy -4.66
76 models [1] recycles 0 hard 1 soft 0 temp 0.00 loss 4.07 i_con 6.34 plddt 0.40 ptm 0.89 i_ptm 0.12 energy -4.66
77 models [0] recycles 0 hard 1 soft 0 temp 0.00 loss 3.80 i_con 6.07 plddt 0.33 ptm 0.87 i_ptm 0.14 energy -4.66
78 models [0] recycles 0 hard 1 soft 0 temp 0.00 loss 3.80 i_con 6.07 plddt 0.33 ptm 0.87 i_ptm 0.14 energy -4.66
79 models [0] recycles 0 hard 1 soft 0 temp 0.00 loss 3.80 i_con 6.07 plddt 0.33 ptm 0.87 i_ptm 0.14 energy -4.66
80 models [1] recycles 0 hard 1 soft 0 temp 0.00 loss 4.07 i_con 6.34 plddt 0.40 ptm 0.89 i_ptm 0.12 energy -4.66
  → seq=YHPLVESSPEVKKCL  loss=4.0710  loss_af=6.4030  energy=-4.6640  i_ptm=0.1204
[11/20] input=YHPQVEGSPEMKKCL  seed=2 ...
1 models [1] recycles 0 hard 0 soft 0 temp 1 loss 6.31 i_con 6.42 plddt 0.41 ptm 0.88 i_ptm 0.10 energy -3.51
2 models [0] recycles 0 hard 0 soft 0 temp 0.98 loss 6.28 i_con 6.50 plddt 0.36 ptm 0.87 i_ptm 0.21 energy -5.77
3 models [0] recycles 0 hard 0 soft 0 temp 0.96 loss 5.52 i_con 5.80 plddt 0.40 ptm 0.86 i_ptm 0.11 energy -6.65
4 models [1] recycles 0 hard 0 soft 0 temp 0.94 loss 5.92 i_con 6.25 plddt 0.48 ptm 0.88 i_ptm 0.10 energy -7.64
5 models [1] recycles 0 hard 0 soft 0 temp 0.92 loss 5.50 i_con 5.88 plddt 0.49 ptm 0.88 i_ptm 0.09 energy -8.50
6 models [0] recycles 0 hard 0 soft 0 temp 0.90 loss 4.43 i_con 4.80 plddt 0.34 ptm 0.87 i_ptm 0.14 energy -8.68
7 models [1] recycles 0 hard 0 soft 0 temp 0.88 loss 5.57 i_con 5.99 plddt 0.45 ptm 0.88 i_ptm 0.10 energy -9.59
8 models [0] recycles 0 hard 0 soft 0 temp 0.86 loss 5.05 i_con 5.47 plddt 0.36 ptm 0.87 i_ptm 0.12 energy -9.58
9 models [1] recycles 0 hard 0 soft 0 temp 0.84 loss 4.32 i_con 4.78 plddt 0.40 ptm 0.88 i_ptm 0.11 energy -10.51
10 models [0] recycles 0 hard 0 soft 0 temp 0.82 loss 4.02 i_con 4.48 plddt 0.32 ptm 0.87 i_ptm 0.16 energy -10.66
11 models [1] recycles 0 hard 0 soft 0 temp 0.80 loss 4.42 i_con 4.94 plddt 0.45 ptm 0.88 i_ptm 0.12 energy -11.35
12 models [0] recycles 0 hard 0 soft 0 temp 0.78 loss 3.85 i_con 4.37 plddt 0.33 ptm 0.87 i_ptm 0.18 energy -11.77
13 models [0] recycles 0 hard 0 soft 0 temp 0.76 loss 3.53 i_con 4.11 plddt 0.36 ptm 0.87 i_ptm 0.23 energy -12.80
14 models [0] recycles 0 hard 0 soft 0 temp 0.74 loss 3.73 i_con 4.37 plddt 0.36 ptm 0.87 i_ptm 0.20 energy -14.00
15 models [0] recycles 0 hard 0 soft 0 temp 0.72 loss 3.49 i_con 4.21 plddt 0.36 ptm 0.87 i_ptm 0.20 energy -15.68
16 models [0] recycles 0 hard 0 soft 0 temp 0.70 loss 3.24 i_con 4.01 plddt 0.37 ptm 0.87 i_ptm 0.23 energy -16.75
17 models [0] recycles 0 hard 0 soft 0 temp 0.68 loss 3.28 i_con 4.12 plddt 0.35 ptm 0.87 i_ptm 0.21 energy -17.99
18 models [0] recycles 0 hard 0 soft 0 temp 0.66 loss 3.19 i_con 4.05 plddt 0.37 ptm 0.87 i_ptm 0.22 energy -18.47
19 models [1] recycles 0 hard 0 soft 0 temp 0.64 loss 3.64 i_con 4.55 plddt 0.39 ptm 0.88 i_ptm 0.14 energy -19.34
20 models [1] recycles 0 hard 0 soft 0 temp 0.62 loss 3.58 i_con 4.49 plddt 0.36 ptm 0.88 i_ptm 0.14 energy -19.49
21 models [1] recycles 0 hard 0 soft 0 temp 0.60 loss 3.36 i_con 4.28 plddt 0.34 ptm 0.88 i_ptm 0.19 energy -19.76
22 models [1] recycles 0 hard 0 soft 0 temp 0.58 loss 3.32 i_con 4.29 plddt 0.34 ptm 0.88 i_ptm 0.17 energy -20.72
23 models [0] recycles 0 hard 0 soft 0 temp 0.56 loss 3.17 i_con 4.18 plddt 0.36 ptm 0.87 i_ptm 0.21 energy -21.52
24 models [0] recycles 0 hard 0 soft 0 temp 0.54 loss 2.99 i_con 4.04 plddt 0.35 ptm 0.87 i_ptm 0.24 energy -22.45
25 models [0] recycles 0 hard 0 soft 0 temp 0.52 loss 2.88 i_con 3.98 plddt 0.34 ptm 0.87 i_ptm 0.24 energy -23.35
26 models [1] recycles 0 hard 0 soft 0 temp 0.50 loss 2.85 i_con 4.05 plddt 0.35 ptm 0.88 i_ptm 0.21 energy -25.28
27 models [1] recycles 0 hard 0 soft 0 temp 0.48 loss 2.91 i_con 4.14 plddt 0.33 ptm 0.89 i_ptm 0.22 energy -25.95
28 models [1] recycles 0 hard 0 soft 0 temp 0.46 loss 2.75 i_con 4.06 plddt 0.40 ptm 0.88 i_ptm 0.21 energy -27.42
29 models [0] recycles 0 hard 0 soft 0 temp 0.44 loss 2.79 i_con 4.17 plddt 0.36 ptm 0.87 i_ptm 0.20 energy -28.87
30 models [0] recycles 0 hard 0 soft 0 temp 0.42 loss 2.53 i_con 3.93 plddt 0.36 ptm 0.87 i_ptm 0.26 energy -29.22
31 models [0] recycles 0 hard 0 soft 0 temp 0.40 loss 2.45 i_con 3.92 plddt 0.35 ptm 0.87 i_ptm 0.24 energy -30.65
32 models [1] recycles 0 hard 0 soft 0 temp 0.38 loss 2.74 i_con 4.30 plddt 0.33 ptm 0.88 i_ptm 0.18 energy -32.44
33 models [1] recycles 0 hard 0 soft 0 temp 0.36 loss 2.42 i_con 3.98 plddt 0.41 ptm 0.89 i_ptm 0.27 energy -32.53
34 models [0] recycles 0 hard 0 soft 0 temp 0.34 loss 2.43 i_con 4.00 plddt 0.40 ptm 0.87 i_ptm 0.23 energy -32.47
35 models [1] recycles 0 hard 0 soft 0 temp 0.32 loss 2.42 i_con 4.06 plddt 0.35 ptm 0.89 i_ptm 0.24 energy -34.10
36 models [1] recycles 0 hard 0 soft 0 temp 0.30 loss 2.37 i_con 4.07 plddt 0.34 ptm 0.89 i_ptm 0.23 energy -35.26
37 models [0] recycles 0 hard 0 soft 0 temp 0.28 loss 2.19 i_con 3.96 plddt 0.37 ptm 0.87 i_ptm 0.27 energy -36.60
38 models [0] recycles 0 hard 0 soft 0 temp 0.26 loss 2.09 i_con 3.89 plddt 0.38 ptm 0.87 i_ptm 0.24 energy -37.13
39 models [0] recycles 0 hard 0 soft 0 temp 0.24 loss 2.05 i_con 3.89 plddt 0.36 ptm 0.87 i_ptm 0.28 energy -38.03
40 models [1] recycles 0 hard 0 soft 0 temp 0.22 loss 2.01 i_con 3.91 plddt 0.36 ptm 0.89 i_ptm 0.29 energy -39.27
41 models [1] recycles 0 hard 0 soft 0 temp 0.20 loss 2.05 i_con 4.03 plddt 0.36 ptm 0.88 i_ptm 0.25 energy -40.92
42 models [1] recycles 0 hard 0 soft 0 temp 0.18 loss 2.02 i_con 4.02 plddt 0.37 ptm 0.89 i_ptm 0.24 energy -41.23
43 models [1] recycles 0 hard 0 soft 0 temp 0.16 loss 1.95 i_con 3.98 plddt 0.37 ptm 0.89 i_ptm 0.28 energy -41.81
44 models [0] recycles 0 hard 0 soft 0 temp 0.14 loss 1.83 i_con 3.90 plddt 0.38 ptm 0.88 i_ptm 0.30 energy -42.53
45 models [0] recycles 0 hard 0 soft 0 temp 0.12 loss 1.76 i_con 3.90 plddt 0.36 ptm 0.87 i_ptm 0.32 energy -44.15
46 models [0] recycles 0 hard 0 soft 0 temp 0.10 loss 1.61 i_con 3.82 plddt 0.40 ptm 0.87 i_ptm 0.32 energy -45.34
47 models [0] recycles 0 hard 0 soft 0 temp 0.08 loss 1.63 i_con 3.92 plddt 0.36 ptm 0.87 i_ptm 0.29 energy -47.00
48 models [1] recycles 0 hard 0 soft 0 temp 0.06 loss 1.47 i_con 3.86 plddt 0.40 ptm 0.89 i_ptm 0.34 energy -48.84
49 models [1] recycles 0 hard 0 soft 0 temp 0.04 loss 1.31 i_con 3.73 plddt 0.45 ptm 0.89 i_ptm 0.39 energy -49.61
50 models [1] recycles 0 hard 0 soft 0 temp 0.02 loss 1.36 i_con 3.81 plddt 0.44 ptm 0.89 i_ptm 0.36 energy -50.11
51 models [1] recycles 0 hard 1 soft 0 temp 0.00 loss 3.98 i_con 5.57 plddt 0.44 ptm 0.89 i_ptm 0.10 energy -3.29
52 models [1] recycles 0 hard 1 soft 0 temp 0.00 loss 3.98 i_con 5.57 plddt 0.44 ptm 0.89 i_ptm 0.10 energy -3.29
53 models [1] recycles 0 hard 1 soft 0 temp 0.00 loss 3.98 i_con 5.57 plddt 0.44 ptm 0.89 i_ptm 0.10 energy -3.29
54 models [1] recycles 0 hard 1 soft 0 temp 0.00 loss 3.98 i_con 5.57 plddt 0.44 ptm 0.89 i_ptm 0.10 energy -3.29
55 models [1] recycles 0 hard 1 soft 0 temp 0.00 loss 3.98 i_con 5.57 plddt 0.44 ptm 0.89 i_ptm 0.10 energy -3.29
56 models [0] recycles 0 hard 1 soft 0 temp 0.00 loss 3.47 i_con 5.05 plddt 0.37 ptm 0.87 i_ptm 0.13 energy -3.29
57 models [0] recycles 0 hard 1 soft 0 temp 0.00 loss 3.47 i_con 5.05 plddt 0.37 ptm 0.87 i_ptm 0.13 energy -3.29
58 models [0] recycles 0 hard 1 soft 0 temp 0.00 loss 3.47 i_con 5.05 plddt 0.37 ptm 0.87 i_ptm 0.13 energy -3.29
59 models [0] recycles 0 hard 1 soft 0 temp 0.00 loss 3.47 i_con 5.05 plddt 0.37 ptm 0.87 i_ptm 0.13 energy -3.29
60 models [0] recycles 0 hard 1 soft 0 temp 0.00 loss 3.47 i_con 5.05 plddt 0.37 ptm 0.87 i_ptm 0.13 energy -3.29
61 models [1] recycles 0 hard 1 soft 0 temp 0.00 loss 3.98 i_con 5.57 plddt 0.44 ptm 0.89 i_ptm 0.10 energy -3.29
62 models [1] recycles 0 hard 1 soft 0 temp 0.00 loss 3.98 i_con 5.57 plddt 0.44 ptm 0.89 i_ptm 0.10 energy -3.29
63 models [1] recycles 0 hard 1 soft 0 temp 0.00 loss 3.98 i_con 5.57 plddt 0.44 ptm 0.89 i_ptm 0.10 energy -3.29
64 models [0] recycles 0 hard 1 soft 0 temp 0.00 loss 3.47 i_con 5.05 plddt 0.37 ptm 0.87 i_ptm 0.13 energy -3.29
65 models [1] recycles 0 hard 1 soft 0 temp 0.00 loss 3.98 i_con 5.57 plddt 0.44 ptm 0.89 i_ptm 0.10 energy -3.29
66 models [0] recycles 0 hard 1 soft 0 temp 0.00 loss 3.47 i_con 5.05 plddt 0.37 ptm 0.87 i_ptm 0.13 energy -3.29
67 models [0] recycles 0 hard 1 soft 0 temp 0.00 loss 3.47 i_con 5.05 plddt 0.37 ptm 0.87 i_ptm 0.13 energy -3.29
68 models [0] recycles 0 hard 1 soft 0 temp 0.00 loss 3.47 i_con 5.05 plddt 0.37 ptm 0.87 i_ptm 0.13 energy -3.29
69 models [1] recycles 0 hard 1 soft 0 temp 0.00 loss 3.98 i_con 5.57 plddt 0.44 ptm 0.89 i_ptm 0.10 energy -3.29
70 models [0] recycles 0 hard 1 soft 0 temp 0.00 loss 3.47 i_con 5.05 plddt 0.37 ptm 0.87 i_ptm 0.13 energy -3.29
71 models [0] recycles 0 hard 1 soft 0 temp 0.00 loss 3.47 i_con 5.05 plddt 0.37 ptm 0.87 i_ptm 0.13 energy -3.29
72 models [1] recycles 0 hard 1 soft 0 temp 0.00 loss 3.98 i_con 5.57 plddt 0.44 ptm 0.89 i_ptm 0.10 energy -3.29
73 models [1] recycles 0 hard 1 soft 0 temp 0.00 loss 3.98 i_con 5.57 plddt 0.44 ptm 0.89 i_ptm 0.10 energy -3.29
74 models [1] recycles 0 hard 1 soft 0 temp 0.00 loss 3.98 i_con 5.57 plddt 0.44 ptm 0.89 i_ptm 0.10 energy -3.29
75 models [0] recycles 0 hard 1 soft 0 temp 0.00 loss 3.47 i_con 5.05 plddt 0.37 ptm 0.87 i_ptm 0.13 energy -3.29
76 models [0] recycles 0 hard 1 soft 0 temp 0.00 loss 3.47 i_con 5.05 plddt 0.37 ptm 0.87 i_ptm 0.13 energy -3.29
77 models [0] recycles 0 hard 1 soft 0 temp 0.00 loss 3.47 i_con 5.05 plddt 0.37 ptm 0.87 i_ptm 0.13 energy -3.29
78 models [0] recycles 0 hard 1 soft 0 temp 0.00 loss 3.47 i_con 5.05 plddt 0.37 ptm 0.87 i_ptm 0.13 energy -3.29
79 models [1] recycles 0 hard 1 soft 0 temp 0.00 loss 3.98 i_con 5.57 plddt 0.44 ptm 0.89 i_ptm 0.10 energy -3.29
80 models [1] recycles 0 hard 1 soft 0 temp 0.00 loss 3.98 i_con 5.57 plddt 0.44 ptm 0.89 i_ptm 0.10 energy -3.29
  → seq=QHPQVEISPELKSFL  loss=3.9849  loss_af=5.6286  energy=-3.2874  i_ptm=0.1006
[12/20] input=YHPQVEGSPEMKKCL  seed=3 ...
1 models [1] recycles 0 hard 0 soft 0 temp 1 loss 6.49 i_con 6.61 plddt 0.43 ptm 0.88 i_ptm 0.12 energy -3.51
2 models [1] recycles 0 hard 0 soft 0 temp 0.98 loss 6.23 i_con 6.46 plddt 0.42 ptm 0.88 i_ptm 0.11 energy -5.83
3 models [0] recycles 0 hard 0 soft 0 temp 0.96 loss 5.90 i_con 6.18 plddt 0.34 ptm 0.87 i_ptm 0.12 energy -6.83
4 models [0] recycles 0 hard 0 soft 0 temp 0.94 loss 5.33 i_con 5.66 plddt 0.37 ptm 0.87 i_ptm 0.13 energy -7.74
5 models [1] recycles 0 hard 0 soft 0 temp 0.92 loss 5.41 i_con 5.77 plddt 0.50 ptm 0.88 i_ptm 0.10 energy -8.10
6 models [1] recycles 0 hard 0 soft 0 temp 0.90 loss 5.89 i_con 6.27 plddt 0.52 ptm 0.88 i_ptm 0.10 energy -8.64
7 models [1] recycles 0 hard 0 soft 0 temp 0.88 loss 5.07 i_con 5.45 plddt 0.45 ptm 0.88 i_ptm 0.10 energy -8.83
8 models [0] recycles 0 hard 0 soft 0 temp 0.86 loss 4.25 i_con 4.66 plddt 0.31 ptm 0.87 i_ptm 0.17 energy -9.54
9 models [0] recycles 0 hard 0 soft 0 temp 0.84 loss 4.36 i_con 4.81 plddt 0.34 ptm 0.86 i_ptm 0.14 energy -10.29
10 models [0] recycles 0 hard 0 soft 0 temp 0.82 loss 4.67 i_con 5.13 plddt 0.36 ptm 0.87 i_ptm 0.12 energy -10.45
11 models [1] recycles 0 hard 0 soft 0 temp 0.80 loss 4.44 i_con 4.92 plddt 0.44 ptm 0.88 i_ptm 0.10 energy -10.88
12 models [0] recycles 0 hard 0 soft 0 temp 0.78 loss 4.61 i_con 5.11 plddt 0.35 ptm 0.86 i_ptm 0.12 energy -11.30
13 models [0] recycles 0 hard 0 soft 0 temp 0.76 loss 4.39 i_con 4.92 plddt 0.34 ptm 0.86 i_ptm 0.12 energy -11.89
14 models [0] recycles 0 hard 0 soft 0 temp 0.74 loss 4.36 i_con 4.89 plddt 0.34 ptm 0.87 i_ptm 0.13 energy -11.87
15 models [1] recycles 0 hard 0 soft 0 temp 0.72 loss 4.39 i_con 4.97 plddt 0.42 ptm 0.89 i_ptm 0.11 energy -12.86
16 models [0] recycles 0 hard 0 soft 0 temp 0.70 loss 3.88 i_con 4.46 plddt 0.33 ptm 0.87 i_ptm 0.18 energy -12.94
17 models [0] recycles 0 hard 0 soft 0 temp 0.68 loss 3.80 i_con 4.42 plddt 0.34 ptm 0.87 i_ptm 0.20 energy -13.79
18 models [1] recycles 0 hard 0 soft 0 temp 0.66 loss 4.14 i_con 4.76 plddt 0.39 ptm 0.88 i_ptm 0.14 energy -13.73
19 models [1] recycles 0 hard 0 soft 0 temp 0.64 loss 3.88 i_con 4.56 plddt 0.34 ptm 0.88 i_ptm 0.14 energy -14.81
20 models [1] recycles 0 hard 0 soft 0 temp 0.62 loss 3.91 i_con 4.60 plddt 0.37 ptm 0.88 i_ptm 0.16 energy -15.10
21 models [1] recycles 0 hard 0 soft 0 temp 0.60 loss 3.52 i_con 4.24 plddt 0.38 ptm 0.88 i_ptm 0.21 energy -15.65
22 models [0] recycles 0 hard 0 soft 0 temp 0.58 loss 3.45 i_con 4.22 plddt 0.34 ptm 0.87 i_ptm 0.21 energy -16.60
23 models [0] recycles 0 hard 0 soft 0 temp 0.56 loss 3.38 i_con 4.14 plddt 0.35 ptm 0.87 i_ptm 0.21 energy -16.47
24 models [1] recycles 0 hard 0 soft 0 temp 0.54 loss 3.61 i_con 4.43 plddt 0.37 ptm 0.89 i_ptm 0.21 energy -17.56
25 models [1] recycles 0 hard 0 soft 0 temp 0.52 loss 3.70 i_con 4.54 plddt 0.35 ptm 0.88 i_ptm 0.18 energy -17.98
26 models [1] recycles 0 hard 0 soft 0 temp 0.50 loss 3.22 i_con 4.08 plddt 0.37 ptm 0.89 i_ptm 0.21 energy -18.49
27 models [0] recycles 0 hard 0 soft 0 temp 0.48 loss 3.21 i_con 4.10 plddt 0.34 ptm 0.87 i_ptm 0.21 energy -19.14
28 models [1] recycles 0 hard 0 soft 0 temp 0.46 loss 2.94 i_con 3.90 plddt 0.35 ptm 0.89 i_ptm 0.28 energy -20.40
29 models [1] recycles 0 hard 0 soft 0 temp 0.44 loss 3.09 i_con 4.12 plddt 0.36 ptm 0.89 i_ptm 0.24 energy -21.83
30 models [1] recycles 0 hard 0 soft 0 temp 0.42 loss 3.02 i_con 4.11 plddt 0.37 ptm 0.89 i_ptm 0.23 energy -22.93
31 models [1] recycles 0 hard 0 soft 0 temp 0.40 loss 2.70 i_con 3.85 plddt 0.38 ptm 0.89 i_ptm 0.33 energy -24.19
32 models [0] recycles 0 hard 0 soft 0 temp 0.38 loss 2.76 i_con 3.95 plddt 0.37 ptm 0.87 i_ptm 0.27 energy -25.08
33 models [1] recycles 0 hard 0 soft 0 temp 0.36 loss 2.59 i_con 3.84 plddt 0.38 ptm 0.89 i_ptm 0.32 energy -26.39
34 models [0] recycles 0 hard 0 soft 0 temp 0.34 loss 2.55 i_con 3.89 plddt 0.36 ptm 0.88 i_ptm 0.28 energy -28.11
35 models [0] recycles 0 hard 0 soft 0 temp 0.32 loss 2.53 i_con 3.95 plddt 0.38 ptm 0.87 i_ptm 0.26 energy -29.48
36 models [1] recycles 0 hard 0 soft 0 temp 0.30 loss 2.32 i_con 3.82 plddt 0.41 ptm 0.89 i_ptm 0.34 energy -31.16
37 models [0] recycles 0 hard 0 soft 0 temp 0.28 loss 2.28 i_con 3.84 plddt 0.38 ptm 0.87 i_ptm 0.30 energy -32.44
38 models [1] recycles 0 hard 0 soft 0 temp 0.26 loss 2.18 i_con 3.86 plddt 0.39 ptm 0.89 i_ptm 0.30 energy -34.67
39 models [1] recycles 0 hard 0 soft 0 temp 0.24 loss 2.44 i_con 4.17 plddt 0.37 ptm 0.89 i_ptm 0.22 energy -35.89
40 models [0] recycles 0 hard 0 soft 0 temp 0.22 loss 2.21 i_con 4.01 plddt 0.38 ptm 0.87 i_ptm 0.24 energy -37.28
41 models [0] recycles 0 hard 0 soft 0 temp 0.20 loss 2.10 i_con 3.93 plddt 0.37 ptm 0.87 i_ptm 0.29 energy -37.82
42 models [1] recycles 0 hard 0 soft 0 temp 0.18 loss 1.95 i_con 3.83 plddt 0.41 ptm 0.89 i_ptm 0.37 energy -38.92
43 models [1] recycles 0 hard 0 soft 0 temp 0.16 loss 1.92 i_con 3.87 plddt 0.39 ptm 0.89 i_ptm 0.31 energy -40.20
44 models [0] recycles 0 hard 0 soft 0 temp 0.14 loss 1.95 i_con 3.93 plddt 0.39 ptm 0.87 i_ptm 0.30 energy -40.73
45 models [1] recycles 0 hard 0 soft 0 temp 0.12 loss 1.81 i_con 3.87 plddt 0.37 ptm 0.89 i_ptm 0.29 energy -42.42
46 models [0] recycles 0 hard 0 soft 0 temp 0.10 loss 1.76 i_con 3.89 plddt 0.40 ptm 0.87 i_ptm 0.32 energy -43.97
47 models [1] recycles 0 hard 0 soft 0 temp 0.08 loss 1.71 i_con 3.93 plddt 0.43 ptm 0.89 i_ptm 0.32 energy -45.54
48 models [0] recycles 0 hard 0 soft 0 temp 0.06 loss 1.57 i_con 3.82 plddt 0.39 ptm 0.87 i_ptm 0.35 energy -46.20
49 models [0] recycles 0 hard 0 soft 0 temp 0.04 loss 1.70 i_con 4.02 plddt 0.38 ptm 0.87 i_ptm 0.29 energy -47.82
50 models [0] recycles 0 hard 0 soft 0 temp 0.02 loss 1.32 i_con 3.71 plddt 0.42 ptm 0.88 i_ptm 0.39 energy -48.86
51 models [0] recycles 0 hard 1 soft 0 temp 0.00 loss 3.46 i_con 4.68 plddt 0.32 ptm 0.87 i_ptm 0.14 energy -2.58
52 models [1] recycles 0 hard 1 soft 0 temp 0.00 loss 4.18 i_con 5.41 plddt 0.41 ptm 0.89 i_ptm 0.10 energy -2.58
53 models [0] recycles 0 hard 1 soft 0 temp 0.00 loss 3.46 i_con 4.68 plddt 0.32 ptm 0.87 i_ptm 0.14 energy -2.58
54 models [1] recycles 0 hard 1 soft 0 temp 0.00 loss 4.18 i_con 5.41 plddt 0.41 ptm 0.89 i_ptm 0.10 energy -2.58
55 models [1] recycles 0 hard 1 soft 0 temp 0.00 loss 4.18 i_con 5.41 plddt 0.41 ptm 0.89 i_ptm 0.10 energy -2.58
56 models [0] recycles 0 hard 1 soft 0 temp 0.00 loss 3.46 i_con 4.68 plddt 0.32 ptm 0.87 i_ptm 0.14 energy -2.58
57 models [0] recycles 0 hard 1 soft 0 temp 0.00 loss 3.46 i_con 4.68 plddt 0.32 ptm 0.87 i_ptm 0.14 energy -2.58
58 models [0] recycles 0 hard 1 soft 0 temp 0.00 loss 3.46 i_con 4.68 plddt 0.32 ptm 0.87 i_ptm 0.14 energy -2.58
59 models [1] recycles 0 hard 1 soft 0 temp 0.00 loss 4.18 i_con 5.41 plddt 0.41 ptm 0.89 i_ptm 0.10 energy -2.58
60 models [1] recycles 0 hard 1 soft 0 temp 0.00 loss 4.18 i_con 5.41 plddt 0.41 ptm 0.89 i_ptm 0.10 energy -2.58
61 models [1] recycles 0 hard 1 soft 0 temp 0.00 loss 4.18 i_con 5.41 plddt 0.41 ptm 0.89 i_ptm 0.10 energy -2.58
62 models [0] recycles 0 hard 1 soft 0 temp 0.00 loss 3.46 i_con 4.68 plddt 0.32 ptm 0.87 i_ptm 0.14 energy -2.58
63 models [1] recycles 0 hard 1 soft 0 temp 0.00 loss 4.18 i_con 5.41 plddt 0.41 ptm 0.89 i_ptm 0.10 energy -2.58
64 models [1] recycles 0 hard 1 soft 0 temp 0.00 loss 4.18 i_con 5.41 plddt 0.41 ptm 0.89 i_ptm 0.10 energy -2.58
65 models [1] recycles 0 hard 1 soft 0 temp 0.00 loss 4.18 i_con 5.41 plddt 0.41 ptm 0.89 i_ptm 0.10 energy -2.58
66 models [0] recycles 0 hard 1 soft 0 temp 0.00 loss 3.46 i_con 4.68 plddt 0.32 ptm 0.87 i_ptm 0.14 energy -2.58
67 models [1] recycles 0 hard 1 soft 0 temp 0.00 loss 4.18 i_con 5.41 plddt 0.41 ptm 0.89 i_ptm 0.10 energy -2.58
68 models [1] recycles 0 hard 1 soft 0 temp 0.00 loss 4.18 i_con 5.41 plddt 0.41 ptm 0.89 i_ptm 0.10 energy -2.58
69 models [0] recycles 0 hard 1 soft 0 temp 0.00 loss 3.46 i_con 4.68 plddt 0.32 ptm 0.87 i_ptm 0.14 energy -2.58
70 models [0] recycles 0 hard 1 soft 0 temp 0.00 loss 3.46 i_con 4.68 plddt 0.32 ptm 0.87 i_ptm 0.14 energy -2.58
71 models [1] recycles 0 hard 1 soft 0 temp 0.00 loss 4.18 i_con 5.41 plddt 0.41 ptm 0.89 i_ptm 0.10 energy -2.58
72 models [1] recycles 0 hard 1 soft 0 temp 0.00 loss 4.18 i_con 5.41 plddt 0.41 ptm 0.89 i_ptm 0.10 energy -2.58
73 models [0] recycles 0 hard 1 soft 0 temp 0.00 loss 3.46 i_con 4.68 plddt 0.32 ptm 0.87 i_ptm 0.14 energy -2.58
74 models [0] recycles 0 hard 1 soft 0 temp 0.00 loss 3.46 i_con 4.68 plddt 0.32 ptm 0.87 i_ptm 0.14 energy -2.58
75 models [0] recycles 0 hard 1 soft 0 temp 0.00 loss 3.46 i_con 4.68 plddt 0.32 ptm 0.87 i_ptm 0.14 energy -2.58
76 models [1] recycles 0 hard 1 soft 0 temp 0.00 loss 4.18 i_con 5.41 plddt 0.41 ptm 0.89 i_ptm 0.10 energy -2.58
77 models [0] recycles 0 hard 1 soft 0 temp 0.00 loss 3.46 i_con 4.68 plddt 0.32 ptm 0.87 i_ptm 0.14 energy -2.58
78 models [0] recycles 0 hard 1 soft 0 temp 0.00 loss 3.46 i_con 4.68 plddt 0.32 ptm 0.87 i_ptm 0.14 energy -2.58
79 models [0] recycles 0 hard 1 soft 0 temp 0.00 loss 3.46 i_con 4.68 plddt 0.32 ptm 0.87 i_ptm 0.14 energy -2.58
80 models [0] recycles 0 hard 1 soft 0 temp 0.00 loss 3.46 i_con 4.68 plddt 0.32 ptm 0.87 i_ptm 0.14 energy -2.58
  → seq=YHPQVEISPEMYKFL  loss=3.4553  loss_af=4.7457  energy=-2.5807  i_ptm=0.1410
[13/20] input=GWKQPTCSMKICKKL  seed=0 ...
1 models [1] recycles 0 hard 0 soft 0 temp 1 loss 6.44 i_con 6.55 plddt 0.39 ptm 0.88 i_ptm 0.13 energy -3.47
2 models [0] recycles 0 hard 0 soft 0 temp 0.98 loss 5.82 i_con 6.05 plddt 0.36 ptm 0.87 i_ptm 0.17 energy -5.96
3 models [0] recycles 0 hard 0 soft 0 temp 0.96 loss 5.50 i_con 5.83 plddt 0.42 ptm 0.87 i_ptm 0.15 energy -7.71
4 models [1] recycles 0 hard 0 soft 0 temp 0.94 loss 5.51 i_con 5.88 plddt 0.43 ptm 0.88 i_ptm 0.12 energy -8.49
5 models [0] recycles 0 hard 0 soft 0 temp 0.92 loss 5.14 i_con 5.53 plddt 0.36 ptm 0.87 i_ptm 0.17 energy -9.04
6 models [0] recycles 0 hard 0 soft 0 temp 0.90 loss 4.89 i_con 5.33 plddt 0.41 ptm 0.87 i_ptm 0.16 energy -10.03
7 models [0] recycles 0 hard 0 soft 0 temp 0.88 loss 4.80 i_con 5.29 plddt 0.36 ptm 0.87 i_ptm 0.18 energy -11.17
8 models [0] recycles 0 hard 0 soft 0 temp 0.86 loss 4.81 i_con 5.32 plddt 0.38 ptm 0.87 i_ptm 0.17 energy -11.42
9 models [0] recycles 0 hard 0 soft 0 temp 0.84 loss 4.84 i_con 5.37 plddt 0.34 ptm 0.87 i_ptm 0.18 energy -11.96
10 models [0] recycles 0 hard 0 soft 0 temp 0.82 loss 4.37 i_con 4.93 plddt 0.34 ptm 0.87 i_ptm 0.20 energy -12.61
11 models [0] recycles 0 hard 0 soft 0 temp 0.80 loss 4.36 i_con 4.98 plddt 0.37 ptm 0.87 i_ptm 0.21 energy -13.79
12 models [1] recycles 0 hard 0 soft 0 temp 0.78 loss 4.80 i_con 5.45 plddt 0.37 ptm 0.88 i_ptm 0.13 energy -14.24
13 models [1] recycles 0 hard 0 soft 0 temp 0.76 loss 4.64 i_con 5.35 plddt 0.40 ptm 0.88 i_ptm 0.13 energy -15.29
14 models [0] recycles 0 hard 0 soft 0 temp 0.74 loss 3.99 i_con 4.73 plddt 0.37 ptm 0.87 i_ptm 0.21 energy -16.06
15 models [1] recycles 0 hard 0 soft 0 temp 0.72 loss 4.45 i_con 5.22 plddt 0.39 ptm 0.88 i_ptm 0.15 energy -16.61
16 models [1] recycles 0 hard 0 soft 0 temp 0.70 loss 4.19 i_con 4.96 plddt 0.36 ptm 0.88 i_ptm 0.20 energy -16.49
17 models [1] recycles 0 hard 0 soft 0 temp 0.68 loss 4.04 i_con 4.86 plddt 0.37 ptm 0.89 i_ptm 0.20 energy -17.79
18 models [1] recycles 0 hard 0 soft 0 temp 0.66 loss 3.98 i_con 4.86 plddt 0.37 ptm 0.89 i_ptm 0.22 energy -18.93
19 models [1] recycles 0 hard 0 soft 0 temp 0.64 loss 4.18 i_con 5.11 plddt 0.36 ptm 0.88 i_ptm 0.15 energy -19.99
20 models [0] recycles 0 hard 0 soft 0 temp 0.62 loss 3.77 i_con 4.68 plddt 0.36 ptm 0.87 i_ptm 0.21 energy -19.48
21 models [1] recycles 0 hard 0 soft 0 temp 0.60 loss 4.21 i_con 5.17 plddt 0.40 ptm 0.88 i_ptm 0.16 energy -20.44
22 models [0] recycles 0 hard 0 soft 0 temp 0.58 loss 3.75 i_con 4.72 plddt 0.34 ptm 0.87 i_ptm 0.23 energy -20.79
23 models [0] recycles 0 hard 0 soft 0 temp 0.56 loss 3.49 i_con 4.51 plddt 0.34 ptm 0.87 i_ptm 0.21 energy -21.77
24 models [1] recycles 0 hard 0 soft 0 temp 0.54 loss 3.90 i_con 4.99 plddt 0.35 ptm 0.88 i_ptm 0.15 energy -22.99
25 models [1] recycles 0 hard 0 soft 0 temp 0.52 loss 3.45 i_con 4.54 plddt 0.35 ptm 0.88 i_ptm 0.23 energy -23.15
26 models [0] recycles 0 hard 0 soft 0 temp 0.50 loss 3.43 i_con 4.54 plddt 0.37 ptm 0.87 i_ptm 0.27 energy -23.31
27 models [0] recycles 0 hard 0 soft 0 temp 0.48 loss 3.48 i_con 4.61 plddt 0.37 ptm 0.87 i_ptm 0.23 energy -23.87
28 models [0] recycles 0 hard 0 soft 0 temp 0.46 loss 3.44 i_con 4.65 plddt 0.35 ptm 0.87 i_ptm 0.23 energy -25.32
29 models [0] recycles 0 hard 0 soft 0 temp 0.44 loss 3.32 i_con 4.57 plddt 0.37 ptm 0.87 i_ptm 0.24 energy -26.27
30 models [1] recycles 0 hard 0 soft 0 temp 0.42 loss 3.21 i_con 4.49 plddt 0.38 ptm 0.88 i_ptm 0.25 energy -26.91
31 models [0] recycles 0 hard 0 soft 0 temp 0.40 loss 3.22 i_con 4.50 plddt 0.36 ptm 0.87 i_ptm 0.29 energy -26.95
32 models [1] recycles 0 hard 0 soft 0 temp 0.38 loss 3.41 i_con 4.74 plddt 0.33 ptm 0.88 i_ptm 0.16 energy -27.96
33 models [0] recycles 0 hard 0 soft 0 temp 0.36 loss 3.17 i_con 4.50 plddt 0.35 ptm 0.87 i_ptm 0.26 energy -27.89
34 models [1] recycles 0 hard 0 soft 0 temp 0.34 loss 3.26 i_con 4.66 plddt 0.37 ptm 0.88 i_ptm 0.21 energy -29.13
35 models [0] recycles 0 hard 0 soft 0 temp 0.32 loss 3.00 i_con 4.37 plddt 0.38 ptm 0.87 i_ptm 0.32 energy -28.70
36 models [0] recycles 0 hard 0 soft 0 temp 0.30 loss 3.18 i_con 4.60 plddt 0.36 ptm 0.87 i_ptm 0.24 energy -29.76
37 models [1] recycles 0 hard 0 soft 0 temp 0.28 loss 3.17 i_con 4.61 plddt 0.38 ptm 0.89 i_ptm 0.25 energy -30.15
38 models [0] recycles 0 hard 0 soft 0 temp 0.26 loss 3.21 i_con 4.69 plddt 0.32 ptm 0.87 i_ptm 0.19 energy -30.76
39 models [0] recycles 0 hard 0 soft 0 temp 0.24 loss 3.02 i_con 4.54 plddt 0.40 ptm 0.87 i_ptm 0.29 energy -31.61
40 models [1] recycles 0 hard 0 soft 0 temp 0.22 loss 3.81 i_con 5.37 plddt 0.44 ptm 0.88 i_ptm 0.12 energy -32.23
41 models [1] recycles 0 hard 0 soft 0 temp 0.20 loss 2.54 i_con 4.09 plddt 0.40 ptm 0.89 i_ptm 0.36 energy -32.30
42 models [0] recycles 0 hard 0 soft 0 temp 0.18 loss 2.87 i_con 4.41 plddt 0.38 ptm 0.87 i_ptm 0.29 energy -32.09
43 models [1] recycles 0 hard 0 soft 0 temp 0.16 loss 2.52 i_con 4.10 plddt 0.39 ptm 0.89 i_ptm 0.36 energy -32.79
44 models [0] recycles 0 hard 0 soft 0 temp 0.14 loss 2.68 i_con 4.25 plddt 0.35 ptm 0.87 i_ptm 0.31 energy -32.66
45 models [0] recycles 0 hard 0 soft 0 temp 0.12 loss 2.86 i_con 4.46 plddt 0.35 ptm 0.87 i_ptm 0.28 energy -33.37
46 models [0] recycles 0 hard 0 soft 0 temp 0.10 loss 2.62 i_con 4.27 plddt 0.41 ptm 0.87 i_ptm 0.35 energy -34.11
47 models [0] recycles 0 hard 0 soft 0 temp 0.08 loss 2.66 i_con 4.32 plddt 0.38 ptm 0.87 i_ptm 0.30 energy -34.49
48 models [0] recycles 0 hard 0 soft 0 temp 0.06 loss 2.85 i_con 4.51 plddt 0.37 ptm 0.87 i_ptm 0.26 energy -34.54
49 models [1] recycles 0 hard 0 soft 0 temp 0.04 loss 2.76 i_con 4.46 plddt 0.40 ptm 0.88 i_ptm 0.26 energy -35.34
50 models [0] recycles 0 hard 0 soft 0 temp 0.02 loss 2.41 i_con 4.14 plddt 0.39 ptm 0.87 i_ptm 0.36 energy -35.87
51 models [1] recycles 0 hard 1 soft 0 temp 0.00 loss 4.97 i_con 6.50 plddt 0.37 ptm 0.89 i_ptm 0.11 energy -3.18
52 models [0] recycles 0 hard 1 soft 0 temp 0.00 loss 4.67 i_con 6.19 plddt 0.31 ptm 0.87 i_ptm 0.21 energy -3.18
53 models [0] recycles 0 hard 1 soft 0 temp 0.00 loss 4.67 i_con 6.19 plddt 0.31 ptm 0.87 i_ptm 0.21 energy -3.18
54 models [0] recycles 0 hard 1 soft 0 temp 0.00 loss 4.67 i_con 6.19 plddt 0.31 ptm 0.87 i_ptm 0.21 energy -3.18
55 models [0] recycles 0 hard 1 soft 0 temp 0.00 loss 4.67 i_con 6.19 plddt 0.31 ptm 0.87 i_ptm 0.21 energy -3.18
56 models [1] recycles 0 hard 1 soft 0 temp 0.00 loss 4.97 i_con 6.50 plddt 0.37 ptm 0.89 i_ptm 0.11 energy -3.18
57 models [0] recycles 0 hard 1 soft 0 temp 0.00 loss 4.67 i_con 6.19 plddt 0.31 ptm 0.87 i_ptm 0.21 energy -3.18
58 models [1] recycles 0 hard 1 soft 0 temp 0.00 loss 4.97 i_con 6.50 plddt 0.37 ptm 0.89 i_ptm 0.11 energy -3.18
59 models [1] recycles 0 hard 1 soft 0 temp 0.00 loss 4.97 i_con 6.50 plddt 0.37 ptm 0.89 i_ptm 0.11 energy -3.18
60 models [0] recycles 0 hard 1 soft 0 temp 0.00 loss 4.67 i_con 6.19 plddt 0.31 ptm 0.87 i_ptm 0.21 energy -3.18
61 models [0] recycles 0 hard 1 soft 0 temp 0.00 loss 4.67 i_con 6.19 plddt 0.31 ptm 0.87 i_ptm 0.21 energy -3.18
62 models [1] recycles 0 hard 1 soft 0 temp 0.00 loss 4.97 i_con 6.50 plddt 0.37 ptm 0.89 i_ptm 0.11 energy -3.18
63 models [0] recycles 0 hard 1 soft 0 temp 0.00 loss 4.67 i_con 6.19 plddt 0.31 ptm 0.87 i_ptm 0.21 energy -3.18
64 models [1] recycles 0 hard 1 soft 0 temp 0.00 loss 4.97 i_con 6.50 plddt 0.37 ptm 0.89 i_ptm 0.11 energy -3.18
65 models [0] recycles 0 hard 1 soft 0 temp 0.00 loss 4.67 i_con 6.19 plddt 0.31 ptm 0.87 i_ptm 0.21 energy -3.18
66 models [1] recycles 0 hard 1 soft 0 temp 0.00 loss 4.97 i_con 6.50 plddt 0.37 ptm 0.89 i_ptm 0.11 energy -3.18
67 models [1] recycles 0 hard 1 soft 0 temp 0.00 loss 4.97 i_con 6.50 plddt 0.37 ptm 0.89 i_ptm 0.11 energy -3.18
68 models [1] recycles 0 hard 1 soft 0 temp 0.00 loss 4.97 i_con 6.50 plddt 0.37 ptm 0.89 i_ptm 0.11 energy -3.18
69 models [1] recycles 0 hard 1 soft 0 temp 0.00 loss 4.97 i_con 6.50 plddt 0.37 ptm 0.89 i_ptm 0.11 energy -3.18
70 models [1] recycles 0 hard 1 soft 0 temp 0.00 loss 4.97 i_con 6.50 plddt 0.37 ptm 0.89 i_ptm 0.11 energy -3.18
71 models [0] recycles 0 hard 1 soft 0 temp 0.00 loss 4.67 i_con 6.19 plddt 0.31 ptm 0.87 i_ptm 0.21 energy -3.18
72 models [0] recycles 0 hard 1 soft 0 temp 0.00 loss 4.67 i_con 6.19 plddt 0.31 ptm 0.87 i_ptm 0.21 energy -3.18
73 models [1] recycles 0 hard 1 soft 0 temp 0.00 loss 4.97 i_con 6.50 plddt 0.37 ptm 0.89 i_ptm 0.11 energy -3.18
74 models [1] recycles 0 hard 1 soft 0 temp 0.00 loss 4.97 i_con 6.50 plddt 0.37 ptm 0.89 i_ptm 0.11 energy -3.18
75 models [1] recycles 0 hard 1 soft 0 temp 0.00 loss 4.97 i_con 6.50 plddt 0.37 ptm 0.89 i_ptm 0.11 energy -3.18
76 models [0] recycles 0 hard 1 soft 0 temp 0.00 loss 4.67 i_con 6.19 plddt 0.31 ptm 0.87 i_ptm 0.21 energy -3.18
77 models [0] recycles 0 hard 1 soft 0 temp 0.00 loss 4.67 i_con 6.19 plddt 0.31 ptm 0.87 i_ptm 0.21 energy -3.18
78 models [1] recycles 0 hard 1 soft 0 temp 0.00 loss 4.97 i_con 6.50 plddt 0.37 ptm 0.89 i_ptm 0.11 energy -3.18
79 models [0] recycles 0 hard 1 soft 0 temp 0.00 loss 4.67 i_con 6.19 plddt 0.31 ptm 0.87 i_ptm 0.21 energy -3.18
80 models [1] recycles 0 hard 1 soft 0 temp 0.00 loss 4.97 i_con 6.50 plddt 0.37 ptm 0.89 i_ptm 0.11 energy -3.18
  → seq=GWKQPTASMKICKKL  loss=4.9735  loss_af=6.5658  energy=-3.1846  i_ptm=0.1142
[14/20] input=GWKQPTCSMKICKKL  seed=1 ...
1 models [0] recycles 0 hard 0 soft 0 temp 1 loss 6.29 i_con 6.40 plddt 0.37 ptm 0.87 i_ptm 0.23 energy -3.47
2 models [0] recycles 0 hard 0 soft 0 temp 0.98 loss 5.63 i_con 5.85 plddt 0.34 ptm 0.86 i_ptm 0.16 energy -5.81
3 models [1] recycles 0 hard 0 soft 0 temp 0.96 loss 6.03 i_con 6.36 plddt 0.43 ptm 0.88 i_ptm 0.10 energy -7.67
4 models [1] recycles 0 hard 0 soft 0 temp 0.94 loss 6.04 i_con 6.40 plddt 0.39 ptm 0.88 i_ptm 0.14 energy -8.46
5 models [0] recycles 0 hard 0 soft 0 temp 0.92 loss 5.41 i_con 5.83 plddt 0.42 ptm 0.87 i_ptm 0.16 energy -9.58
6 models [0] recycles 0 hard 0 soft 0 temp 0.90 loss 4.85 i_con 5.29 plddt 0.35 ptm 0.87 i_ptm 0.15 energy -10.11
7 models [0] recycles 0 hard 0 soft 0 temp 0.88 loss 4.55 i_con 5.03 plddt 0.37 ptm 0.87 i_ptm 0.16 energy -10.83
8 models [0] recycles 0 hard 0 soft 0 temp 0.86 loss 4.53 i_con 5.02 plddt 0.36 ptm 0.87 i_ptm 0.17 energy -11.19
9 models [0] recycles 0 hard 0 soft 0 temp 0.84 loss 4.49 i_con 5.02 plddt 0.37 ptm 0.87 i_ptm 0.16 energy -11.91
10 models [1] recycles 0 hard 0 soft 0 temp 0.82 loss 5.06 i_con 5.66 plddt 0.46 ptm 0.88 i_ptm 0.10 energy -13.03
11 models [1] recycles 0 hard 0 soft 0 temp 0.80 loss 5.13 i_con 5.75 plddt 0.43 ptm 0.88 i_ptm 0.10 energy -13.59
12 models [0] recycles 0 hard 0 soft 0 temp 0.78 loss 4.70 i_con 5.31 plddt 0.41 ptm 0.87 i_ptm 0.16 energy -13.39
13 models [1] recycles 0 hard 0 soft 0 temp 0.76 loss 4.83 i_con 5.51 plddt 0.50 ptm 0.88 i_ptm 0.10 energy -14.52
14 models [0] recycles 0 hard 0 soft 0 temp 0.74 loss 4.15 i_con 4.86 plddt 0.37 ptm 0.87 i_ptm 0.17 energy -15.40
15 models [0] recycles 0 hard 0 soft 0 temp 0.72 loss 4.18 i_con 4.95 plddt 0.36 ptm 0.86 i_ptm 0.16 energy -16.72
16 models [1] recycles 0 hard 0 soft 0 temp 0.70 loss 3.94 i_con 4.74 plddt 0.45 ptm 0.88 i_ptm 0.13 energy -17.06
17 models [1] recycles 0 hard 0 soft 0 temp 0.68 loss 3.73 i_con 4.60 plddt 0.37 ptm 0.88 i_ptm 0.17 energy -18.72
18 models [0] recycles 0 hard 0 soft 0 temp 0.66 loss 3.51 i_con 4.43 plddt 0.37 ptm 0.87 i_ptm 0.20 energy -19.73
19 models [1] recycles 0 hard 0 soft 0 temp 0.64 loss 3.61 i_con 4.55 plddt 0.36 ptm 0.88 i_ptm 0.16 energy -20.06
20 models [1] recycles 0 hard 0 soft 0 temp 0.62 loss 3.49 i_con 4.48 plddt 0.36 ptm 0.89 i_ptm 0.18 energy -21.24
21 models [1] recycles 0 hard 0 soft 0 temp 0.60 loss 3.21 i_con 4.24 plddt 0.36 ptm 0.89 i_ptm 0.21 energy -21.84
22 models [0] recycles 0 hard 0 soft 0 temp 0.58 loss 3.18 i_con 4.22 plddt 0.36 ptm 0.87 i_ptm 0.23 energy -22.05
23 models [1] recycles 0 hard 0 soft 0 temp 0.56 loss 3.32 i_con 4.43 plddt 0.37 ptm 0.88 i_ptm 0.18 energy -23.64
24 models [1] recycles 0 hard 0 soft 0 temp 0.54 loss 3.30 i_con 4.48 plddt 0.35 ptm 0.88 i_ptm 0.18 energy -24.79
25 models [0] recycles 0 hard 0 soft 0 temp 0.52 loss 2.98 i_con 4.22 plddt 0.35 ptm 0.87 i_ptm 0.24 energy -25.95
26 models [1] recycles 0 hard 0 soft 0 temp 0.50 loss 2.96 i_con 4.28 plddt 0.37 ptm 0.88 i_ptm 0.20 energy -27.52
27 models [1] recycles 0 hard 0 soft 0 temp 0.48 loss 2.82 i_con 4.17 plddt 0.36 ptm 0.88 i_ptm 0.22 energy -28.38
28 models [1] recycles 0 hard 0 soft 0 temp 0.46 loss 2.69 i_con 4.09 plddt 0.37 ptm 0.89 i_ptm 0.25 energy -29.35
29 models [0] recycles 0 hard 0 soft 0 temp 0.44 loss 2.80 i_con 4.26 plddt 0.37 ptm 0.87 i_ptm 0.23 energy -30.53
30 models [1] recycles 0 hard 0 soft 0 temp 0.42 loss 2.57 i_con 4.08 plddt 0.39 ptm 0.89 i_ptm 0.28 energy -31.39
31 models [1] recycles 0 hard 0 soft 0 temp 0.40 loss 2.76 i_con 4.29 plddt 0.40 ptm 0.89 i_ptm 0.23 energy -31.78
32 models [1] recycles 0 hard 0 soft 0 temp 0.38 loss 2.48 i_con 4.06 plddt 0.40 ptm 0.89 i_ptm 0.29 energy -32.79
33 models [0] recycles 0 hard 0 soft 0 temp 0.36 loss 2.66 i_con 4.29 plddt 0.37 ptm 0.87 i_ptm 0.23 energy -33.90
34 models [0] recycles 0 hard 0 soft 0 temp 0.34 loss 2.45 i_con 4.15 plddt 0.34 ptm 0.87 i_ptm 0.24 energy -35.25
35 models [0] recycles 0 hard 0 soft 0 temp 0.32 loss 2.42 i_con 4.17 plddt 0.37 ptm 0.87 i_ptm 0.24 energy -36.29
36 models [0] recycles 0 hard 0 soft 0 temp 0.30 loss 2.27 i_con 4.11 plddt 0.37 ptm 0.87 i_ptm 0.25 energy -38.09
37 models [0] recycles 0 hard 0 soft 0 temp 0.28 loss 2.20 i_con 4.11 plddt 0.34 ptm 0.87 i_ptm 0.23 energy -39.48
38 models [1] recycles 0 hard 0 soft 0 temp 0.26 loss 2.20 i_con 4.20 plddt 0.38 ptm 0.89 i_ptm 0.22 energy -41.25
39 models [1] recycles 0 hard 0 soft 0 temp 0.24 loss 2.07 i_con 4.08 plddt 0.36 ptm 0.89 i_ptm 0.25 energy -41.53
40 models [1] recycles 0 hard 0 soft 0 temp 0.22 loss 2.02 i_con 4.13 plddt 0.37 ptm 0.89 i_ptm 0.24 energy -43.39
41 models [0] recycles 0 hard 0 soft 0 temp 0.20 loss 1.86 i_con 4.05 plddt 0.36 ptm 0.87 i_ptm 0.27 energy -45.12
42 models [0] recycles 0 hard 0 soft 0 temp 0.18 loss 1.76 i_con 4.01 plddt 0.36 ptm 0.87 i_ptm 0.24 energy -46.24
43 models [0] recycles 0 hard 0 soft 0 temp 0.16 loss 1.65 i_con 3.96 plddt 0.41 ptm 0.87 i_ptm 0.26 energy -47.33
44 models [0] recycles 0 hard 0 soft 0 temp 0.14 loss 1.61 i_con 3.98 plddt 0.39 ptm 0.87 i_ptm 0.29 energy -48.68
45 models [0] recycles 0 hard 0 soft 0 temp 0.12 loss 1.51 i_con 3.94 plddt 0.38 ptm 0.87 i_ptm 0.26 energy -49.92
46 models [0] recycles 0 hard 0 soft 0 temp 0.10 loss 1.72 i_con 4.24 plddt 0.37 ptm 0.87 i_ptm 0.22 energy -51.61
47 models [1] recycles 0 hard 0 soft 0 temp 0.08 loss 1.58 i_con 4.17 plddt 0.36 ptm 0.89 i_ptm 0.24 energy -53.06
48 models [0] recycles 0 hard 0 soft 0 temp 0.06 loss 1.33 i_con 3.99 plddt 0.39 ptm 0.87 i_ptm 0.27 energy -54.42
49 models [0] recycles 0 hard 0 soft 0 temp 0.04 loss 1.22 i_con 3.95 plddt 0.39 ptm 0.87 i_ptm 0.29 energy -55.82
50 models [1] recycles 0 hard 0 soft 0 temp 0.02 loss 1.22 i_con 4.02 plddt 0.39 ptm 0.89 i_ptm 0.24 energy -57.22
51 models [1] recycles 0 hard 1 soft 0 temp 0.00 loss 2.75 i_con 5.53 plddt 0.38 ptm 0.89 i_ptm 0.10 energy -5.68
52 models [0] recycles 0 hard 1 soft 0 temp 0.00 loss 2.34 i_con 5.12 plddt 0.32 ptm 0.87 i_ptm 0.13 energy -5.68
53 models [1] recycles 0 hard 1 soft 0 temp 0.00 loss 2.75 i_con 5.53 plddt 0.38 ptm 0.89 i_ptm 0.10 energy -5.68
54 models [1] recycles 0 hard 1 soft 0 temp 0.00 loss 2.75 i_con 5.53 plddt 0.38 ptm 0.89 i_ptm 0.10 energy -5.68
55 models [0] recycles 0 hard 1 soft 0 temp 0.00 loss 2.34 i_con 5.12 plddt 0.32 ptm 0.87 i_ptm 0.13 energy -5.68
56 models [0] recycles 0 hard 1 soft 0 temp 0.00 loss 2.34 i_con 5.12 plddt 0.32 ptm 0.87 i_ptm 0.13 energy -5.68
57 models [0] recycles 0 hard 1 soft 0 temp 0.00 loss 2.34 i_con 5.12 plddt 0.32 ptm 0.87 i_ptm 0.13 energy -5.68
58 models [1] recycles 0 hard 1 soft 0 temp 0.00 loss 2.75 i_con 5.53 plddt 0.38 ptm 0.89 i_ptm 0.10 energy -5.68
59 models [0] recycles 0 hard 1 soft 0 temp 0.00 loss 2.34 i_con 5.12 plddt 0.32 ptm 0.87 i_ptm 0.13 energy -5.68
60 models [1] recycles 0 hard 1 soft 0 temp 0.00 loss 2.75 i_con 5.53 plddt 0.38 ptm 0.89 i_ptm 0.10 energy -5.68
61 models [1] recycles 0 hard 1 soft 0 temp 0.00 loss 2.75 i_con 5.53 plddt 0.38 ptm 0.89 i_ptm 0.10 energy -5.68
62 models [0] recycles 0 hard 1 soft 0 temp 0.00 loss 2.34 i_con 5.12 plddt 0.32 ptm 0.87 i_ptm 0.13 energy -5.68
63 models [0] recycles 0 hard 1 soft 0 temp 0.00 loss 2.34 i_con 5.12 plddt 0.32 ptm 0.87 i_ptm 0.13 energy -5.68
64 models [1] recycles 0 hard 1 soft 0 temp 0.00 loss 2.75 i_con 5.53 plddt 0.38 ptm 0.89 i_ptm 0.10 energy -5.68
65 models [0] recycles 0 hard 1 soft 0 temp 0.00 loss 2.34 i_con 5.12 plddt 0.32 ptm 0.87 i_ptm 0.13 energy -5.68
66 models [0] recycles 0 hard 1 soft 0 temp 0.00 loss 2.34 i_con 5.12 plddt 0.32 ptm 0.87 i_ptm 0.13 energy -5.68
67 models [0] recycles 0 hard 1 soft 0 temp 0.00 loss 2.34 i_con 5.12 plddt 0.32 ptm 0.87 i_ptm 0.13 energy -5.68
68 models [0] recycles 0 hard 1 soft 0 temp 0.00 loss 2.34 i_con 5.12 plddt 0.32 ptm 0.87 i_ptm 0.13 energy -5.68
69 models [1] recycles 0 hard 1 soft 0 temp 0.00 loss 2.75 i_con 5.53 plddt 0.38 ptm 0.89 i_ptm 0.10 energy -5.68
70 models [1] recycles 0 hard 1 soft 0 temp 0.00 loss 2.75 i_con 5.53 plddt 0.38 ptm 0.89 i_ptm 0.10 energy -5.68
71 models [0] recycles 0 hard 1 soft 0 temp 0.00 loss 2.34 i_con 5.12 plddt 0.32 ptm 0.87 i_ptm 0.13 energy -5.68
72 models [0] recycles 0 hard 1 soft 0 temp 0.00 loss 2.34 i_con 5.12 plddt 0.32 ptm 0.87 i_ptm 0.13 energy -5.68
73 models [1] recycles 0 hard 1 soft 0 temp 0.00 loss 2.75 i_con 5.53 plddt 0.38 ptm 0.89 i_ptm 0.10 energy -5.68
74 models [1] recycles 0 hard 1 soft 0 temp 0.00 loss 2.75 i_con 5.53 plddt 0.38 ptm 0.89 i_ptm 0.10 energy -5.68
75 models [1] recycles 0 hard 1 soft 0 temp 0.00 loss 2.75 i_con 5.53 plddt 0.38 ptm 0.89 i_ptm 0.10 energy -5.68
76 models [1] recycles 0 hard 1 soft 0 temp 0.00 loss 2.75 i_con 5.53 plddt 0.38 ptm 0.89 i_ptm 0.10 energy -5.68
77 models [0] recycles 0 hard 1 soft 0 temp 0.00 loss 2.34 i_con 5.12 plddt 0.32 ptm 0.87 i_ptm 0.13 energy -5.68
78 models [0] recycles 0 hard 1 soft 0 temp 0.00 loss 2.34 i_con 5.12 plddt 0.32 ptm 0.87 i_ptm 0.13 energy -5.68
79 models [0] recycles 0 hard 1 soft 0 temp 0.00 loss 2.34 i_con 5.12 plddt 0.32 ptm 0.87 i_ptm 0.13 energy -5.68
80 models [1] recycles 0 hard 1 soft 0 temp 0.00 loss 2.75 i_con 5.53 plddt 0.38 ptm 0.89 i_ptm 0.10 energy -5.68
  → seq=LWLQPLSSMKICKEC  loss=2.7532  loss_af=5.5939  energy=-5.6813  i_ptm=0.1029
[15/20] input=GWKQPTCSMKICKKL  seed=2 ...
1 models [1] recycles 0 hard 0 soft 0 temp 1 loss 6.47 i_con 6.59 plddt 0.44 ptm 0.88 i_ptm 0.14 energy -3.47
2 models [0] recycles 0 hard 0 soft 0 temp 0.98 loss 5.95 i_con 6.19 plddt 0.35 ptm 0.87 i_ptm 0.20 energy -6.09
3 models [0] recycles 0 hard 0 soft 0 temp 0.96 loss 5.45 i_con 5.79 plddt 0.38 ptm 0.86 i_ptm 0.15 energy -8.00
4 models [1] recycles 0 hard 0 soft 0 temp 0.94 loss 5.63 i_con 6.02 plddt 0.46 ptm 0.88 i_ptm 0.12 energy -8.89
5 models [1] recycles 0 hard 0 soft 0 temp 0.92 loss 5.48 i_con 5.91 plddt 0.50 ptm 0.88 i_ptm 0.12 energy -9.62
6 models [0] recycles 0 hard 0 soft 0 temp 0.90 loss 5.04 i_con 5.46 plddt 0.37 ptm 0.87 i_ptm 0.18 energy -9.67
7 models [1] recycles 0 hard 0 soft 0 temp 0.88 loss 5.58 i_con 6.01 plddt 0.38 ptm 0.88 i_ptm 0.13 energy -9.83
8 models [0] recycles 0 hard 0 soft 0 temp 0.86 loss 5.17 i_con 5.62 plddt 0.36 ptm 0.87 i_ptm 0.17 energy -10.45
9 models [1] recycles 0 hard 0 soft 0 temp 0.84 loss 4.95 i_con 5.45 plddt 0.41 ptm 0.88 i_ptm 0.16 energy -11.07
10 models [0] recycles 0 hard 0 soft 0 temp 0.82 loss 4.43 i_con 4.95 plddt 0.34 ptm 0.87 i_ptm 0.19 energy -11.72
11 models [1] recycles 0 hard 0 soft 0 temp 0.80 loss 4.68 i_con 5.24 plddt 0.44 ptm 0.88 i_ptm 0.19 energy -12.45
12 models [0] recycles 0 hard 0 soft 0 temp 0.78 loss 4.33 i_con 4.91 plddt 0.35 ptm 0.87 i_ptm 0.23 energy -12.97
13 models [0] recycles 0 hard 0 soft 0 temp 0.76 loss 4.00 i_con 4.66 plddt 0.37 ptm 0.87 i_ptm 0.24 energy -14.40
14 models [0] recycles 0 hard 0 soft 0 temp 0.74 loss 4.09 i_con 4.83 plddt 0.35 ptm 0.87 i_ptm 0.21 energy -16.00
15 models [0] recycles 0 hard 0 soft 0 temp 0.72 loss 4.00 i_con 4.76 plddt 0.37 ptm 0.87 i_ptm 0.20 energy -16.45
16 models [0] recycles 0 hard 0 soft 0 temp 0.70 loss 3.86 i_con 4.67 plddt 0.35 ptm 0.87 i_ptm 0.22 energy -17.47
17 models [0] recycles 0 hard 0 soft 0 temp 0.68 loss 3.94 i_con 4.79 plddt 0.37 ptm 0.87 i_ptm 0.23 energy -18.20
18 models [0] recycles 0 hard 0 soft 0 temp 0.66 loss 3.68 i_con 4.57 plddt 0.38 ptm 0.87 i_ptm 0.24 energy -19.01
19 models [1] recycles 0 hard 0 soft 0 temp 0.64 loss 3.79 i_con 4.71 plddt 0.40 ptm 0.89 i_ptm 0.26 energy -19.57
20 models [1] recycles 0 hard 0 soft 0 temp 0.62 loss 3.67 i_con 4.60 plddt 0.40 ptm 0.89 i_ptm 0.28 energy -19.80
21 models [1] recycles 0 hard 0 soft 0 temp 0.60 loss 4.04 i_con 4.95 plddt 0.37 ptm 0.88 i_ptm 0.22 energy -19.53
22 models [1] recycles 0 hard 0 soft 0 temp 0.58 loss 3.86 i_con 4.80 plddt 0.40 ptm 0.88 i_ptm 0.25 energy -19.98
23 models [0] recycles 0 hard 0 soft 0 temp 0.56 loss 3.77 i_con 4.71 plddt 0.37 ptm 0.87 i_ptm 0.24 energy -20.06
24 models [0] recycles 0 hard 0 soft 0 temp 0.54 loss 3.54 i_con 4.48 plddt 0.37 ptm 0.87 i_ptm 0.28 energy -20.10
25 models [0] recycles 0 hard 0 soft 0 temp 0.52 loss 3.35 i_con 4.35 plddt 0.38 ptm 0.87 i_ptm 0.30 energy -21.27
26 models [1] recycles 0 hard 0 soft 0 temp 0.50 loss 3.67 i_con 4.68 plddt 0.38 ptm 0.88 i_ptm 0.20 energy -21.43
27 models [1] recycles 0 hard 0 soft 0 temp 0.48 loss 3.72 i_con 4.78 plddt 0.40 ptm 0.89 i_ptm 0.25 energy -22.39
28 models [1] recycles 0 hard 0 soft 0 temp 0.46 loss 4.27 i_con 5.35 plddt 0.44 ptm 0.88 i_ptm 0.13 energy -22.61
29 models [0] recycles 0 hard 0 soft 0 temp 0.44 loss 3.52 i_con 4.59 plddt 0.37 ptm 0.87 i_ptm 0.26 energy -22.68
30 models [0] recycles 0 hard 0 soft 0 temp 0.42 loss 3.03 i_con 4.14 plddt 0.42 ptm 0.87 i_ptm 0.37 energy -23.32
31 models [0] recycles 0 hard 0 soft 0 temp 0.40 loss 2.85 i_con 3.98 plddt 0.47 ptm 0.88 i_ptm 0.43 energy -23.82
32 models [1] recycles 0 hard 0 soft 0 temp 0.38 loss 3.78 i_con 4.92 plddt 0.38 ptm 0.88 i_ptm 0.19 energy -24.07
33 models [1] recycles 0 hard 0 soft 0 temp 0.36 loss 3.71 i_con 4.85 plddt 0.41 ptm 0.89 i_ptm 0.23 energy -24.00
34 models [0] recycles 0 hard 0 soft 0 temp 0.34 loss 3.22 i_con 4.39 plddt 0.42 ptm 0.87 i_ptm 0.30 energy -24.63
35 models [1] recycles 0 hard 0 soft 0 temp 0.32 loss 2.96 i_con 4.15 plddt 0.47 ptm 0.89 i_ptm 0.36 energy -24.89
36 models [1] recycles 0 hard 0 soft 0 temp 0.30 loss 3.43 i_con 4.64 plddt 0.43 ptm 0.89 i_ptm 0.27 energy -25.30
37 models [0] recycles 0 hard 0 soft 0 temp 0.28 loss 2.79 i_con 3.98 plddt 0.49 ptm 0.87 i_ptm 0.40 energy -24.79
38 models [0] recycles 0 hard 0 soft 0 temp 0.26 loss 3.30 i_con 4.54 plddt 0.39 ptm 0.87 i_ptm 0.25 energy -25.89
39 models [0] recycles 0 hard 0 soft 0 temp 0.24 loss 2.93 i_con 4.18 plddt 0.43 ptm 0.87 i_ptm 0.36 energy -26.18
40 models [1] recycles 0 hard 0 soft 0 temp 0.22 loss 2.40 i_con 3.67 plddt 0.54 ptm 0.90 i_ptm 0.49 energy -26.32
41 models [1] recycles 0 hard 0 soft 0 temp 0.20 loss 2.66 i_con 3.96 plddt 0.47 ptm 0.89 i_ptm 0.40 energy -27.14
42 models [1] recycles 0 hard 0 soft 0 temp 0.18 loss 2.47 i_con 3.79 plddt 0.50 ptm 0.90 i_ptm 0.46 energy -27.44
43 models [1] recycles 0 hard 0 soft 0 temp 0.16 loss 3.07 i_con 4.40 plddt 0.42 ptm 0.89 i_ptm 0.30 energy -27.89
44 models [0] recycles 0 hard 0 soft 0 temp 0.14 loss 2.81 i_con 4.14 plddt 0.43 ptm 0.88 i_ptm 0.36 energy -27.75
45 models [0] recycles 0 hard 0 soft 0 temp 0.12 loss 2.75 i_con 4.11 plddt 0.43 ptm 0.87 i_ptm 0.39 energy -28.26
46 models [0] recycles 0 hard 0 soft 0 temp 0.10 loss 2.66 i_con 4.04 plddt 0.44 ptm 0.87 i_ptm 0.35 energy -28.78
47 models [0] recycles 0 hard 0 soft 0 temp 0.08 loss 2.15 i_con 3.55 plddt 0.50 ptm 0.88 i_ptm 0.51 energy -28.92
48 models [1] recycles 0 hard 0 soft 0 temp 0.06 loss 2.15 i_con 3.60 plddt 0.55 ptm 0.90 i_ptm 0.49 energy -29.96
49 models [1] recycles 0 hard 0 soft 0 temp 0.04 loss 1.86 i_con 3.31 plddt 0.58 ptm 0.90 i_ptm 0.57 energy -29.76
50 models [1] recycles 0 hard 0 soft 0 temp 0.02 loss 2.41 i_con 3.89 plddt 0.50 ptm 0.89 i_ptm 0.43 energy -30.45
51 models [1] recycles 0 hard 1 soft 0 temp 0.00 loss 5.07 i_con 6.74 plddt 0.38 ptm 0.89 i_ptm 0.11 energy -3.47
52 models [1] recycles 0 hard 1 soft 0 temp 0.00 loss 5.07 i_con 6.74 plddt 0.38 ptm 0.89 i_ptm 0.11 energy -3.47
53 models [1] recycles 0 hard 1 soft 0 temp 0.00 loss 5.07 i_con 6.74 plddt 0.38 ptm 0.89 i_ptm 0.11 energy -3.47
54 models [1] recycles 0 hard 1 soft 0 temp 0.00 loss 5.07 i_con 6.74 plddt 0.38 ptm 0.89 i_ptm 0.11 energy -3.47
55 models [1] recycles 0 hard 1 soft 0 temp 0.00 loss 5.07 i_con 6.74 plddt 0.38 ptm 0.89 i_ptm 0.11 energy -3.47
56 models [0] recycles 0 hard 1 soft 0 temp 0.00 loss 4.52 i_con 6.19 plddt 0.31 ptm 0.87 i_ptm 0.17 energy -3.47
57 models [0] recycles 0 hard 1 soft 0 temp 0.00 loss 4.52 i_con 6.19 plddt 0.31 ptm 0.87 i_ptm 0.17 energy -3.47
58 models [0] recycles 0 hard 1 soft 0 temp 0.00 loss 4.52 i_con 6.19 plddt 0.31 ptm 0.87 i_ptm 0.17 energy -3.47
59 models [0] recycles 0 hard 1 soft 0 temp 0.00 loss 4.52 i_con 6.19 plddt 0.31 ptm 0.87 i_ptm 0.17 energy -3.47
60 models [0] recycles 0 hard 1 soft 0 temp 0.00 loss 4.52 i_con 6.19 plddt 0.31 ptm 0.87 i_ptm 0.17 energy -3.47
61 models [1] recycles 0 hard 1 soft 0 temp 0.00 loss 5.07 i_con 6.74 plddt 0.38 ptm 0.89 i_ptm 0.11 energy -3.47
62 models [1] recycles 0 hard 1 soft 0 temp 0.00 loss 5.07 i_con 6.74 plddt 0.38 ptm 0.89 i_ptm 0.11 energy -3.47
63 models [1] recycles 0 hard 1 soft 0 temp 0.00 loss 5.07 i_con 6.74 plddt 0.38 ptm 0.89 i_ptm 0.11 energy -3.47
64 models [0] recycles 0 hard 1 soft 0 temp 0.00 loss 4.52 i_con 6.19 plddt 0.31 ptm 0.87 i_ptm 0.17 energy -3.47
65 models [1] recycles 0 hard 1 soft 0 temp 0.00 loss 5.07 i_con 6.74 plddt 0.38 ptm 0.89 i_ptm 0.11 energy -3.47
66 models [0] recycles 0 hard 1 soft 0 temp 0.00 loss 4.52 i_con 6.19 plddt 0.31 ptm 0.87 i_ptm 0.17 energy -3.47
67 models [0] recycles 0 hard 1 soft 0 temp 0.00 loss 4.52 i_con 6.19 plddt 0.31 ptm 0.87 i_ptm 0.17 energy -3.47
68 models [0] recycles 0 hard 1 soft 0 temp 0.00 loss 4.52 i_con 6.19 plddt 0.31 ptm 0.87 i_ptm 0.17 energy -3.47
69 models [1] recycles 0 hard 1 soft 0 temp 0.00 loss 5.07 i_con 6.74 plddt 0.38 ptm 0.89 i_ptm 0.11 energy -3.47
70 models [0] recycles 0 hard 1 soft 0 temp 0.00 loss 4.52 i_con 6.19 plddt 0.31 ptm 0.87 i_ptm 0.17 energy -3.47
71 models [0] recycles 0 hard 1 soft 0 temp 0.00 loss 4.52 i_con 6.19 plddt 0.31 ptm 0.87 i_ptm 0.17 energy -3.47
72 models [1] recycles 0 hard 1 soft 0 temp 0.00 loss 5.07 i_con 6.74 plddt 0.38 ptm 0.89 i_ptm 0.11 energy -3.47
73 models [1] recycles 0 hard 1 soft 0 temp 0.00 loss 5.07 i_con 6.74 plddt 0.38 ptm 0.89 i_ptm 0.11 energy -3.47
74 models [1] recycles 0 hard 1 soft 0 temp 0.00 loss 5.07 i_con 6.74 plddt 0.38 ptm 0.89 i_ptm 0.11 energy -3.47
75 models [0] recycles 0 hard 1 soft 0 temp 0.00 loss 4.52 i_con 6.19 plddt 0.31 ptm 0.87 i_ptm 0.17 energy -3.47
76 models [0] recycles 0 hard 1 soft 0 temp 0.00 loss 4.52 i_con 6.19 plddt 0.31 ptm 0.87 i_ptm 0.17 energy -3.47
77 models [0] recycles 0 hard 1 soft 0 temp 0.00 loss 4.52 i_con 6.19 plddt 0.31 ptm 0.87 i_ptm 0.17 energy -3.47
78 models [0] recycles 0 hard 1 soft 0 temp 0.00 loss 4.52 i_con 6.19 plddt 0.31 ptm 0.87 i_ptm 0.17 energy -3.47
79 models [1] recycles 0 hard 1 soft 0 temp 0.00 loss 5.07 i_con 6.74 plddt 0.38 ptm 0.89 i_ptm 0.11 energy -3.47
80 models [1] recycles 0 hard 1 soft 0 temp 0.00 loss 5.07 i_con 6.74 plddt 0.38 ptm 0.89 i_ptm 0.11 energy -3.47
  → seq=GWKQPTCSMKICKKL  loss=5.0704  loss_af=6.8049  energy=-3.4690  i_ptm=0.1064
[16/20] input=GWKQPTCSMKICKKL  seed=3 ...
1 models [1] recycles 0 hard 0 soft 0 temp 1 loss 6.45 i_con 6.56 plddt 0.40 ptm 0.88 i_ptm 0.13 energy -3.47
2 models [1] recycles 0 hard 0 soft 0 temp 0.98 loss 6.07 i_con 6.32 plddt 0.42 ptm 0.88 i_ptm 0.09 energy -6.17
3 models [0] recycles 0 hard 0 soft 0 temp 0.96 loss 5.80 i_con 6.11 plddt 0.36 ptm 0.86 i_ptm 0.15 energy -7.51
4 models [0] recycles 0 hard 0 soft 0 temp 0.94 loss 5.40 i_con 5.78 plddt 0.36 ptm 0.87 i_ptm 0.17 energy -8.87
5 models [1] recycles 0 hard 0 soft 0 temp 0.92 loss 5.65 i_con 6.09 plddt 0.48 ptm 0.88 i_ptm 0.14 energy -9.87
6 models [1] recycles 0 hard 0 soft 0 temp 0.90 loss 5.32 i_con 5.75 plddt 0.43 ptm 0.88 i_ptm 0.13 energy -9.89
7 models [1] recycles 0 hard 0 soft 0 temp 0.88 loss 4.82 i_con 5.28 plddt 0.36 ptm 0.88 i_ptm 0.16 energy -10.39
8 models [0] recycles 0 hard 0 soft 0 temp 0.86 loss 4.71 i_con 5.18 plddt 0.34 ptm 0.86 i_ptm 0.18 energy -10.75
9 models [0] recycles 0 hard 0 soft 0 temp 0.84 loss 4.59 i_con 5.10 plddt 0.35 ptm 0.86 i_ptm 0.16 energy -11.58
10 models [0] recycles 0 hard 0 soft 0 temp 0.82 loss 4.59 i_con 5.10 plddt 0.36 ptm 0.87 i_ptm 0.20 energy -11.37
11 models [1] recycles 0 hard 0 soft 0 temp 0.80 loss 4.63 i_con 5.18 plddt 0.41 ptm 0.88 i_ptm 0.19 energy -12.16
12 models [0] recycles 0 hard 0 soft 0 temp 0.78 loss 4.31 i_con 4.86 plddt 0.36 ptm 0.87 i_ptm 0.22 energy -12.28
13 models [0] recycles 0 hard 0 soft 0 temp 0.76 loss 4.20 i_con 4.76 plddt 0.36 ptm 0.87 i_ptm 0.23 energy -12.61
14 models [0] recycles 0 hard 0 soft 0 temp 0.74 loss 4.22 i_con 4.82 plddt 0.35 ptm 0.87 i_ptm 0.21 energy -13.40
15 models [1] recycles 0 hard 0 soft 0 temp 0.72 loss 4.48 i_con 5.13 plddt 0.39 ptm 0.89 i_ptm 0.17 energy -14.20
16 models [0] recycles 0 hard 0 soft 0 temp 0.70 loss 4.00 i_con 4.66 plddt 0.34 ptm 0.87 i_ptm 0.22 energy -14.49
17 models [0] recycles 0 hard 0 soft 0 temp 0.68 loss 3.82 i_con 4.54 plddt 0.38 ptm 0.87 i_ptm 0.28 energy -15.68
18 models [1] recycles 0 hard 0 soft 0 temp 0.66 loss 4.23 i_con 4.97 plddt 0.38 ptm 0.88 i_ptm 0.19 energy -16.00
19 models [1] recycles 0 hard 0 soft 0 temp 0.64 loss 4.13 i_con 4.90 plddt 0.37 ptm 0.89 i_ptm 0.21 energy -16.82
20 models [1] recycles 0 hard 0 soft 0 temp 0.62 loss 4.21 i_con 5.04 plddt 0.39 ptm 0.88 i_ptm 0.19 energy -17.97
21 models [1] recycles 0 hard 0 soft 0 temp 0.60 loss 4.16 i_con 4.99 plddt 0.39 ptm 0.88 i_ptm 0.22 energy -17.80
22 models [0] recycles 0 hard 0 soft 0 temp 0.58 loss 3.80 i_con 4.67 plddt 0.39 ptm 0.87 i_ptm 0.25 energy -18.47
23 models [0] recycles 0 hard 0 soft 0 temp 0.56 loss 3.71 i_con 4.61 plddt 0.37 ptm 0.87 i_ptm 0.24 energy -19.36
24 models [1] recycles 0 hard 0 soft 0 temp 0.54 loss 4.21 i_con 5.18 plddt 0.41 ptm 0.88 i_ptm 0.22 energy -20.55
25 models [1] recycles 0 hard 0 soft 0 temp 0.52 loss 4.17 i_con 5.13 plddt 0.38 ptm 0.88 i_ptm 0.20 energy -20.44
26 models [1] recycles 0 hard 0 soft 0 temp 0.50 loss 4.03 i_con 5.02 plddt 0.39 ptm 0.88 i_ptm 0.18 energy -20.89
27 models [0] recycles 0 hard 0 soft 0 temp 0.48 loss 3.63 i_con 4.67 plddt 0.37 ptm 0.87 i_ptm 0.24 energy -22.03
28 models [1] recycles 0 hard 0 soft 0 temp 0.46 loss 3.59 i_con 4.64 plddt 0.39 ptm 0.89 i_ptm 0.28 energy -22.27
29 models [1] recycles 0 hard 0 soft 0 temp 0.44 loss 3.56 i_con 4.62 plddt 0.38 ptm 0.89 i_ptm 0.30 energy -22.42
30 models [1] recycles 0 hard 0 soft 0 temp 0.42 loss 3.39 i_con 4.49 plddt 0.41 ptm 0.89 i_ptm 0.31 energy -23.05
31 models [1] recycles 0 hard 0 soft 0 temp 0.40 loss 3.62 i_con 4.72 plddt 0.41 ptm 0.89 i_ptm 0.25 energy -23.25
32 models [0] recycles 0 hard 0 soft 0 temp 0.38 loss 3.42 i_con 4.56 plddt 0.34 ptm 0.87 i_ptm 0.26 energy -24.04
33 models [1] recycles 0 hard 0 soft 0 temp 0.36 loss 3.13 i_con 4.28 plddt 0.45 ptm 0.89 i_ptm 0.41 energy -24.11
34 models [0] recycles 0 hard 0 soft 0 temp 0.34 loss 3.80 i_con 4.96 plddt 0.34 ptm 0.87 i_ptm 0.19 energy -24.34
35 models [0] recycles 0 hard 0 soft 0 temp 0.32 loss 3.44 i_con 4.62 plddt 0.34 ptm 0.87 i_ptm 0.22 energy -24.84
36 models [1] recycles 0 hard 0 soft 0 temp 0.30 loss 3.40 i_con 4.65 plddt 0.39 ptm 0.89 i_ptm 0.27 energy -26.11
37 models [0] recycles 0 hard 0 soft 0 temp 0.28 loss 2.97 i_con 4.25 plddt 0.39 ptm 0.88 i_ptm 0.35 energy -26.81
38 models [1] recycles 0 hard 0 soft 0 temp 0.26 loss 3.37 i_con 4.70 plddt 0.41 ptm 0.89 i_ptm 0.28 energy -27.77
39 models [1] recycles 0 hard 0 soft 0 temp 0.24 loss 3.56 i_con 4.87 plddt 0.38 ptm 0.88 i_ptm 0.22 energy -27.28
40 models [0] recycles 0 hard 0 soft 0 temp 0.22 loss 3.01 i_con 4.36 plddt 0.41 ptm 0.87 i_ptm 0.34 energy -28.15
41 models [0] recycles 0 hard 0 soft 0 temp 0.20 loss 2.75 i_con 4.13 plddt 0.42 ptm 0.87 i_ptm 0.38 energy -28.74
42 models [1] recycles 0 hard 0 soft 0 temp 0.18 loss 2.89 i_con 4.29 plddt 0.44 ptm 0.89 i_ptm 0.38 energy -29.23
43 models [1] recycles 0 hard 0 soft 0 temp 0.16 loss 2.99 i_con 4.40 plddt 0.46 ptm 0.89 i_ptm 0.35 energy -29.33
44 models [0] recycles 0 hard 0 soft 0 temp 0.14 loss 2.93 i_con 4.33 plddt 0.39 ptm 0.87 i_ptm 0.29 energy -29.13
45 models [1] recycles 0 hard 0 soft 0 temp 0.12 loss 2.76 i_con 4.18 plddt 0.42 ptm 0.89 i_ptm 0.40 energy -29.42
46 models [0] recycles 0 hard 0 soft 0 temp 0.10 loss 2.90 i_con 4.36 plddt 0.44 ptm 0.87 i_ptm 0.35 energy -30.36
47 models [1] recycles 0 hard 0 soft 0 temp 0.08 loss 3.15 i_con 4.62 plddt 0.41 ptm 0.89 i_ptm 0.30 energy -30.70
48 models [0] recycles 0 hard 0 soft 0 temp 0.06 loss 3.11 i_con 4.62 plddt 0.40 ptm 0.87 i_ptm 0.24 energy -31.21
49 models [0] recycles 0 hard 0 soft 0 temp 0.04 loss 3.03 i_con 4.56 plddt 0.44 ptm 0.87 i_ptm 0.33 energy -31.66
50 models [0] recycles 0 hard 0 soft 0 temp 0.02 loss 2.48 i_con 4.04 plddt 0.43 ptm 0.87 i_ptm 0.40 energy -32.37
51 models [0] recycles 0 hard 1 soft 0 temp 0.00 loss 3.72 i_con 5.54 plddt 0.30 ptm 0.87 i_ptm 0.15 energy -3.77
52 models [1] recycles 0 hard 1 soft 0 temp 0.00 loss 4.48 i_con 6.30 plddt 0.39 ptm 0.89 i_ptm 0.11 energy -3.77
53 models [0] recycles 0 hard 1 soft 0 temp 0.00 loss 3.72 i_con 5.54 plddt 0.30 ptm 0.87 i_ptm 0.15 energy -3.77
54 models [1] recycles 0 hard 1 soft 0 temp 0.00 loss 4.48 i_con 6.30 plddt 0.39 ptm 0.89 i_ptm 0.11 energy -3.77
55 models [1] recycles 0 hard 1 soft 0 temp 0.00 loss 4.48 i_con 6.30 plddt 0.39 ptm 0.89 i_ptm 0.11 energy -3.77
56 models [0] recycles 0 hard 1 soft 0 temp 0.00 loss 3.72 i_con 5.54 plddt 0.30 ptm 0.87 i_ptm 0.15 energy -3.77
57 models [0] recycles 0 hard 1 soft 0 temp 0.00 loss 3.72 i_con 5.54 plddt 0.30 ptm 0.87 i_ptm 0.15 energy -3.77
58 models [0] recycles 0 hard 1 soft 0 temp 0.00 loss 3.72 i_con 5.54 plddt 0.30 ptm 0.87 i_ptm 0.15 energy -3.77
59 models [1] recycles 0 hard 1 soft 0 temp 0.00 loss 4.48 i_con 6.30 plddt 0.39 ptm 0.89 i_ptm 0.11 energy -3.77
60 models [1] recycles 0 hard 1 soft 0 temp 0.00 loss 4.48 i_con 6.30 plddt 0.39 ptm 0.89 i_ptm 0.11 energy -3.77
61 models [1] recycles 0 hard 1 soft 0 temp 0.00 loss 4.48 i_con 6.30 plddt 0.39 ptm 0.89 i_ptm 0.11 energy -3.77
62 models [0] recycles 0 hard 1 soft 0 temp 0.00 loss 3.72 i_con 5.54 plddt 0.30 ptm 0.87 i_ptm 0.15 energy -3.77
63 models [1] recycles 0 hard 1 soft 0 temp 0.00 loss 4.48 i_con 6.30 plddt 0.39 ptm 0.89 i_ptm 0.11 energy -3.77
64 models [1] recycles 0 hard 1 soft 0 temp 0.00 loss 4.48 i_con 6.30 plddt 0.39 ptm 0.89 i_ptm 0.11 energy -3.77
65 models [1] recycles 0 hard 1 soft 0 temp 0.00 loss 4.48 i_con 6.30 plddt 0.39 ptm 0.89 i_ptm 0.11 energy -3.77
66 models [0] recycles 0 hard 1 soft 0 temp 0.00 loss 3.72 i_con 5.54 plddt 0.30 ptm 0.87 i_ptm 0.15 energy -3.77
67 models [1] recycles 0 hard 1 soft 0 temp 0.00 loss 4.48 i_con 6.30 plddt 0.39 ptm 0.89 i_ptm 0.11 energy -3.77
68 models [1] recycles 0 hard 1 soft 0 temp 0.00 loss 4.48 i_con 6.30 plddt 0.39 ptm 0.89 i_ptm 0.11 energy -3.77
69 models [0] recycles 0 hard 1 soft 0 temp 0.00 loss 3.72 i_con 5.54 plddt 0.30 ptm 0.87 i_ptm 0.15 energy -3.77
70 models [0] recycles 0 hard 1 soft 0 temp 0.00 loss 3.72 i_con 5.54 plddt 0.30 ptm 0.87 i_ptm 0.15 energy -3.77
71 models [1] recycles 0 hard 1 soft 0 temp 0.00 loss 4.48 i_con 6.30 plddt 0.39 ptm 0.89 i_ptm 0.11 energy -3.77
72 models [1] recycles 0 hard 1 soft 0 temp 0.00 loss 4.48 i_con 6.30 plddt 0.39 ptm 0.89 i_ptm 0.11 energy -3.77
73 models [0] recycles 0 hard 1 soft 0 temp 0.00 loss 3.72 i_con 5.54 plddt 0.30 ptm 0.87 i_ptm 0.15 energy -3.77
74 models [0] recycles 0 hard 1 soft 0 temp 0.00 loss 3.72 i_con 5.54 plddt 0.30 ptm 0.87 i_ptm 0.15 energy -3.77
75 models [0] recycles 0 hard 1 soft 0 temp 0.00 loss 3.72 i_con 5.54 plddt 0.30 ptm 0.87 i_ptm 0.15 energy -3.77
76 models [1] recycles 0 hard 1 soft 0 temp 0.00 loss 4.48 i_con 6.30 plddt 0.39 ptm 0.89 i_ptm 0.11 energy -3.77
77 models [0] recycles 0 hard 1 soft 0 temp 0.00 loss 3.72 i_con 5.54 plddt 0.30 ptm 0.87 i_ptm 0.15 energy -3.77
78 models [0] recycles 0 hard 1 soft 0 temp 0.00 loss 3.72 i_con 5.54 plddt 0.30 ptm 0.87 i_ptm 0.15 energy -3.77
79 models [0] recycles 0 hard 1 soft 0 temp 0.00 loss 3.72 i_con 5.54 plddt 0.30 ptm 0.87 i_ptm 0.15 energy -3.77
80 models [0] recycles 0 hard 1 soft 0 temp 0.00 loss 3.72 i_con 5.54 plddt 0.30 ptm 0.87 i_ptm 0.15 energy -3.77
  → seq=DWKQPTCSMKIIKKL  loss=3.7238  loss_af=5.6095  energy=-3.7714  i_ptm=0.1548
[17/20] input=FWLSRMSSPNMKEWA  seed=0 ...
1 models [1] recycles 0 hard 0 soft 0 temp 1 loss 5.38 i_con 5.47 plddt 0.39 ptm 0.88 i_ptm 0.10 energy -2.98
2 models [0] recycles 0 hard 0 soft 0 temp 0.98 loss 4.46 i_con 4.64 plddt 0.34 ptm 0.87 i_ptm 0.19 energy -4.85
3 models [0] recycles 0 hard 0 soft 0 temp 0.96 loss 4.40 i_con 4.69 plddt 0.35 ptm 0.87 i_ptm 0.19 energy -6.95
4 models [1] recycles 0 hard 0 soft 0 temp 0.94 loss 4.44 i_con 4.84 plddt 0.39 ptm 0.88 i_ptm 0.10 energy -9.24
5 models [0] recycles 0 hard 0 soft 0 temp 0.92 loss 4.31 i_con 4.77 plddt 0.33 ptm 0.87 i_ptm 0.16 energy -10.48
6 models [0] recycles 0 hard 0 soft 0 temp 0.90 loss 3.89 i_con 4.39 plddt 0.36 ptm 0.87 i_ptm 0.20 energy -11.29
7 models [0] recycles 0 hard 0 soft 0 temp 0.88 loss 3.95 i_con 4.53 plddt 0.34 ptm 0.87 i_ptm 0.19 energy -12.91
8 models [0] recycles 0 hard 0 soft 0 temp 0.86 loss 3.47 i_con 4.10 plddt 0.34 ptm 0.87 i_ptm 0.22 energy -13.93
9 models [0] recycles 0 hard 0 soft 0 temp 0.84 loss 3.40 i_con 4.10 plddt 0.34 ptm 0.87 i_ptm 0.25 energy -15.39
10 models [0] recycles 0 hard 0 soft 0 temp 0.82 loss 3.38 i_con 4.17 plddt 0.36 ptm 0.87 i_ptm 0.24 energy -17.09
11 models [0] recycles 0 hard 0 soft 0 temp 0.80 loss 3.31 i_con 4.18 plddt 0.36 ptm 0.87 i_ptm 0.22 energy -18.61
12 models [1] recycles 0 hard 0 soft 0 temp 0.78 loss 3.73 i_con 4.64 plddt 0.38 ptm 0.88 i_ptm 0.17 energy -19.45
13 models [1] recycles 0 hard 0 soft 0 temp 0.76 loss 3.58 i_con 4.55 plddt 0.38 ptm 0.88 i_ptm 0.17 energy -20.75
14 models [0] recycles 0 hard 0 soft 0 temp 0.74 loss 3.02 i_con 4.03 plddt 0.39 ptm 0.87 i_ptm 0.24 energy -21.44
15 models [1] recycles 0 hard 0 soft 0 temp 0.72 loss 3.36 i_con 4.41 plddt 0.38 ptm 0.88 i_ptm 0.17 energy -22.34
16 models [1] recycles 0 hard 0 soft 0 temp 0.70 loss 3.28 i_con 4.36 plddt 0.35 ptm 0.88 i_ptm 0.20 energy -22.90
17 models [1] recycles 0 hard 0 soft 0 temp 0.68 loss 3.06 i_con 4.22 plddt 0.39 ptm 0.89 i_ptm 0.21 energy -24.35
18 models [1] recycles 0 hard 0 soft 0 temp 0.66 loss 3.20 i_con 4.40 plddt 0.38 ptm 0.89 i_ptm 0.21 energy -25.07
19 models [1] recycles 0 hard 0 soft 0 temp 0.64 loss 3.01 i_con 4.25 plddt 0.37 ptm 0.89 i_ptm 0.21 energy -26.16
20 models [0] recycles 0 hard 0 soft 0 temp 0.62 loss 2.83 i_con 4.13 plddt 0.39 ptm 0.87 i_ptm 0.23 energy -27.32
21 models [1] recycles 0 hard 0 soft 0 temp 0.60 loss 2.64 i_con 4.00 plddt 0.42 ptm 0.89 i_ptm 0.25 energy -28.32
22 models [0] recycles 0 hard 0 soft 0 temp 0.58 loss 2.61 i_con 4.02 plddt 0.40 ptm 0.87 i_ptm 0.27 energy -29.30
23 models [0] recycles 0 hard 0 soft 0 temp 0.56 loss 2.50 i_con 3.98 plddt 0.38 ptm 0.87 i_ptm 0.25 energy -30.86
24 models [1] recycles 0 hard 0 soft 0 temp 0.54 loss 2.49 i_con 4.06 plddt 0.39 ptm 0.89 i_ptm 0.28 energy -32.51
25 models [1] recycles 0 hard 0 soft 0 temp 0.52 loss 1.93 i_con 3.55 plddt 0.43 ptm 0.89 i_ptm 0.36 energy -33.38
26 models [0] recycles 0 hard 0 soft 0 temp 0.50 loss 2.35 i_con 3.95 plddt 0.36 ptm 0.87 i_ptm 0.26 energy -33.40
27 models [0] recycles 0 hard 0 soft 0 temp 0.48 loss 2.05 i_con 3.74 plddt 0.41 ptm 0.87 i_ptm 0.29 energy -35.04
28 models [0] recycles 0 hard 0 soft 0 temp 0.46 loss 2.11 i_con 3.88 plddt 0.39 ptm 0.87 i_ptm 0.29 energy -36.51
29 models [0] recycles 0 hard 0 soft 0 temp 0.44 loss 2.17 i_con 4.00 plddt 0.41 ptm 0.87 i_ptm 0.24 energy -37.90
30 models [1] recycles 0 hard 0 soft 0 temp 0.42 loss 1.39 i_con 3.30 plddt 0.46 ptm 0.89 i_ptm 0.37 energy -39.17
31 models [0] recycles 0 hard 0 soft 0 temp 0.40 loss 1.97 i_con 3.91 plddt 0.38 ptm 0.87 i_ptm 0.27 energy -40.08
32 models [1] recycles 0 hard 0 soft 0 temp 0.38 loss 1.40 i_con 3.39 plddt 0.46 ptm 0.89 i_ptm 0.39 energy -40.89
33 models [0] recycles 0 hard 0 soft 0 temp 0.36 loss 1.73 i_con 3.73 plddt 0.40 ptm 0.87 i_ptm 0.31 energy -41.19
34 models [1] recycles 0 hard 0 soft 0 temp 0.34 loss 1.36 i_con 3.42 plddt 0.45 ptm 0.89 i_ptm 0.38 energy -42.33
35 models [0] recycles 0 hard 0 soft 0 temp 0.32 loss 1.59 i_con 3.70 plddt 0.47 ptm 0.88 i_ptm 0.33 energy -43.32
36 models [0] recycles 0 hard 0 soft 0 temp 0.30 loss 1.43 i_con 3.61 plddt 0.41 ptm 0.87 i_ptm 0.35 energy -44.79
37 models [1] recycles 0 hard 0 soft 0 temp 0.28 loss 1.26 i_con 3.47 plddt 0.46 ptm 0.89 i_ptm 0.38 energy -45.14
38 models [0] recycles 0 hard 0 soft 0 temp 0.26 loss 1.37 i_con 3.63 plddt 0.43 ptm 0.87 i_ptm 0.35 energy -46.36
39 models [0] recycles 0 hard 0 soft 0 temp 0.24 loss 0.79 i_con 3.09 plddt 0.51 ptm 0.88 i_ptm 0.48 energy -46.94
40 models [1] recycles 0 hard 0 soft 0 temp 0.22 loss 0.84 i_con 3.17 plddt 0.49 ptm 0.90 i_ptm 0.45 energy -47.57
41 models [1] recycles 0 hard 0 soft 0 temp 0.20 loss 0.87 i_con 3.22 plddt 0.53 ptm 0.89 i_ptm 0.45 energy -47.99
42 models [0] recycles 0 hard 0 soft 0 temp 0.18 loss 1.08 i_con 3.45 plddt 0.46 ptm 0.88 i_ptm 0.43 energy -48.38
43 models [1] recycles 0 hard 0 soft 0 temp 0.16 loss 0.46 i_con 2.92 plddt 0.53 ptm 0.90 i_ptm 0.53 energy -49.95
44 models [0] recycles 0 hard 0 soft 0 temp 0.14 loss 0.75 i_con 3.24 plddt 0.48 ptm 0.88 i_ptm 0.46 energy -50.83
45 models [0] recycles 0 hard 0 soft 0 temp 0.12 loss 0.59 i_con 3.13 plddt 0.49 ptm 0.88 i_ptm 0.50 energy -51.78
46 models [0] recycles 0 hard 0 soft 0 temp 0.10 loss 0.84 i_con 3.43 plddt 0.46 ptm 0.87 i_ptm 0.43 energy -52.85
47 models [0] recycles 0 hard 0 soft 0 temp 0.08 loss 0.24 i_con 2.85 plddt 0.55 ptm 0.88 i_ptm 0.55 energy -52.99
48 models [0] recycles 0 hard 0 soft 0 temp 0.06 loss 0.51 i_con 3.18 plddt 0.52 ptm 0.88 i_ptm 0.48 energy -54.31
49 models [1] recycles 0 hard 0 soft 0 temp 0.04 loss 0.41 i_con 3.09 plddt 0.57 ptm 0.89 i_ptm 0.49 energy -54.51
50 models [0] recycles 0 hard 0 soft 0 temp 0.02 loss 0.65 i_con 3.37 plddt 0.53 ptm 0.88 i_ptm 0.48 energy -55.22
51 models [1] recycles 0 hard 1 soft 0 temp 0.00 loss 2.47 i_con 4.82 plddt 0.30 ptm 0.89 i_ptm 0.12 energy -4.84
52 models [0] recycles 0 hard 1 soft 0 temp 0.00 loss 1.85 i_con 4.20 plddt 0.29 ptm 0.87 i_ptm 0.21 energy -4.84
53 models [0] recycles 0 hard 1 soft 0 temp 0.00 loss 1.85 i_con 4.20 plddt 0.29 ptm 0.87 i_ptm 0.21 energy -4.84
54 models [0] recycles 0 hard 1 soft 0 temp 0.00 loss 1.85 i_con 4.20 plddt 0.29 ptm 0.87 i_ptm 0.21 energy -4.84
55 models [0] recycles 0 hard 1 soft 0 temp 0.00 loss 1.85 i_con 4.20 plddt 0.29 ptm 0.87 i_ptm 0.21 energy -4.84
56 models [1] recycles 0 hard 1 soft 0 temp 0.00 loss 2.47 i_con 4.82 plddt 0.30 ptm 0.89 i_ptm 0.12 energy -4.84
57 models [0] recycles 0 hard 1 soft 0 temp 0.00 loss 1.85 i_con 4.20 plddt 0.29 ptm 0.87 i_ptm 0.21 energy -4.84
58 models [1] recycles 0 hard 1 soft 0 temp 0.00 loss 2.47 i_con 4.82 plddt 0.30 ptm 0.89 i_ptm 0.12 energy -4.84
59 models [1] recycles 0 hard 1 soft 0 temp 0.00 loss 2.47 i_con 4.82 plddt 0.30 ptm 0.89 i_ptm 0.12 energy -4.84
60 models [0] recycles 0 hard 1 soft 0 temp 0.00 loss 1.85 i_con 4.20 plddt 0.29 ptm 0.87 i_ptm 0.21 energy -4.84
61 models [0] recycles 0 hard 1 soft 0 temp 0.00 loss 1.85 i_con 4.20 plddt 0.29 ptm 0.87 i_ptm 0.21 energy -4.84
62 models [1] recycles 0 hard 1 soft 0 temp 0.00 loss 2.47 i_con 4.82 plddt 0.30 ptm 0.89 i_ptm 0.12 energy -4.84
63 models [0] recycles 0 hard 1 soft 0 temp 0.00 loss 1.85 i_con 4.20 plddt 0.29 ptm 0.87 i_ptm 0.21 energy -4.84
64 models [1] recycles 0 hard 1 soft 0 temp 0.00 loss 2.47 i_con 4.82 plddt 0.30 ptm 0.89 i_ptm 0.12 energy -4.84
65 models [0] recycles 0 hard 1 soft 0 temp 0.00 loss 1.85 i_con 4.20 plddt 0.29 ptm 0.87 i_ptm 0.21 energy -4.84
66 models [1] recycles 0 hard 1 soft 0 temp 0.00 loss 2.47 i_con 4.82 plddt 0.30 ptm 0.89 i_ptm 0.12 energy -4.84
67 models [1] recycles 0 hard 1 soft 0 temp 0.00 loss 2.47 i_con 4.82 plddt 0.30 ptm 0.89 i_ptm 0.12 energy -4.84
68 models [1] recycles 0 hard 1 soft 0 temp 0.00 loss 2.47 i_con 4.82 plddt 0.30 ptm 0.89 i_ptm 0.12 energy -4.84
69 models [1] recycles 0 hard 1 soft 0 temp 0.00 loss 2.47 i_con 4.82 plddt 0.30 ptm 0.89 i_ptm 0.12 energy -4.84
70 models [1] recycles 0 hard 1 soft 0 temp 0.00 loss 2.47 i_con 4.82 plddt 0.30 ptm 0.89 i_ptm 0.12 energy -4.84
71 models [0] recycles 0 hard 1 soft 0 temp 0.00 loss 1.85 i_con 4.20 plddt 0.29 ptm 0.87 i_ptm 0.21 energy -4.84
72 models [0] recycles 0 hard 1 soft 0 temp 0.00 loss 1.85 i_con 4.20 plddt 0.29 ptm 0.87 i_ptm 0.21 energy -4.84
73 models [1] recycles 0 hard 1 soft 0 temp 0.00 loss 2.47 i_con 4.82 plddt 0.30 ptm 0.89 i_ptm 0.12 energy -4.84
74 models [1] recycles 0 hard 1 soft 0 temp 0.00 loss 2.47 i_con 4.82 plddt 0.30 ptm 0.89 i_ptm 0.12 energy -4.84
75 models [1] recycles 0 hard 1 soft 0 temp 0.00 loss 2.47 i_con 4.82 plddt 0.30 ptm 0.89 i_ptm 0.12 energy -4.84
76 models [0] recycles 0 hard 1 soft 0 temp 0.00 loss 1.85 i_con 4.20 plddt 0.29 ptm 0.87 i_ptm 0.21 energy -4.84
77 models [0] recycles 0 hard 1 soft 0 temp 0.00 loss 1.85 i_con 4.20 plddt 0.29 ptm 0.87 i_ptm 0.21 energy -4.84
78 models [1] recycles 0 hard 1 soft 0 temp 0.00 loss 2.47 i_con 4.82 plddt 0.30 ptm 0.89 i_ptm 0.12 energy -4.84
79 models [0] recycles 0 hard 1 soft 0 temp 0.00 loss 1.85 i_con 4.20 plddt 0.29 ptm 0.87 i_ptm 0.21 energy -4.84
80 models [1] recycles 0 hard 1 soft 0 temp 0.00 loss 2.47 i_con 4.82 plddt 0.30 ptm 0.89 i_ptm 0.12 energy -4.84
  → seq=FWLNLMSSPNMKEWA  loss=2.4715  loss_af=4.8904  energy=-4.8377  i_ptm=0.1214
[18/20] input=FWLSRMSSPNMKEWA  seed=1 ...
1 models [0] recycles 0 hard 0 soft 0 temp 1 loss 4.74 i_con 4.82 plddt 0.35 ptm 0.87 i_ptm 0.16 energy -2.98
2 models [0] recycles 0 hard 0 soft 0 temp 0.98 loss 4.20 i_con 4.42 plddt 0.31 ptm 0.87 i_ptm 0.20 energy -5.71
3 models [1] recycles 0 hard 0 soft 0 temp 0.96 loss 5.09 i_con 5.43 plddt 0.40 ptm 0.88 i_ptm 0.10 energy -7.93
4 models [1] recycles 0 hard 0 soft 0 temp 0.94 loss 4.60 i_con 4.97 plddt 0.36 ptm 0.88 i_ptm 0.12 energy -8.62
5 models [0] recycles 0 hard 0 soft 0 temp 0.92 loss 4.29 i_con 4.72 plddt 0.36 ptm 0.87 i_ptm 0.18 energy -9.97
6 models [0] recycles 0 hard 0 soft 0 temp 0.90 loss 4.02 i_con 4.51 plddt 0.36 ptm 0.87 i_ptm 0.18 energy -11.02
7 models [0] recycles 0 hard 0 soft 0 temp 0.88 loss 3.75 i_con 4.27 plddt 0.33 ptm 0.87 i_ptm 0.24 energy -11.63
8 models [0] recycles 0 hard 0 soft 0 temp 0.86 loss 3.62 i_con 4.20 plddt 0.34 ptm 0.87 i_ptm 0.20 energy -12.96
9 models [0] recycles 0 hard 0 soft 0 temp 0.84 loss 3.48 i_con 4.12 plddt 0.36 ptm 0.87 i_ptm 0.23 energy -14.15
10 models [1] recycles 0 hard 0 soft 0 temp 0.82 loss 4.10 i_con 4.80 plddt 0.40 ptm 0.88 i_ptm 0.10 energy -15.35
11 models [1] recycles 0 hard 0 soft 0 temp 0.80 loss 3.74 i_con 4.45 plddt 0.37 ptm 0.88 i_ptm 0.17 energy -15.57
12 models [0] recycles 0 hard 0 soft 0 temp 0.78 loss 3.64 i_con 4.43 plddt 0.38 ptm 0.87 i_ptm 0.21 energy -17.06
13 models [1] recycles 0 hard 0 soft 0 temp 0.76 loss 3.82 i_con 4.63 plddt 0.39 ptm 0.89 i_ptm 0.17 energy -17.53
14 models [0] recycles 0 hard 0 soft 0 temp 0.74 loss 3.25 i_con 4.11 plddt 0.38 ptm 0.87 i_ptm 0.22 energy -18.50
15 models [0] recycles 0 hard 0 soft 0 temp 0.72 loss 3.26 i_con 4.20 plddt 0.39 ptm 0.87 i_ptm 0.23 energy -20.17
16 models [1] recycles 0 hard 0 soft 0 temp 0.70 loss 3.19 i_con 4.19 plddt 0.44 ptm 0.89 i_ptm 0.24 energy -21.06
17 models [1] recycles 0 hard 0 soft 0 temp 0.68 loss 3.29 i_con 4.34 plddt 0.40 ptm 0.88 i_ptm 0.23 energy -22.14
18 models [0] recycles 0 hard 0 soft 0 temp 0.66 loss 2.96 i_con 4.01 plddt 0.37 ptm 0.87 i_ptm 0.24 energy -22.43
19 models [1] recycles 0 hard 0 soft 0 temp 0.64 loss 3.05 i_con 4.18 plddt 0.40 ptm 0.89 i_ptm 0.24 energy -23.83
20 models [1] recycles 0 hard 0 soft 0 temp 0.62 loss 2.96 i_con 4.13 plddt 0.42 ptm 0.89 i_ptm 0.22 energy -24.61
21 models [1] recycles 0 hard 0 soft 0 temp 0.60 loss 2.58 i_con 3.79 plddt 0.40 ptm 0.89 i_ptm 0.29 energy -25.26
22 models [0] recycles 0 hard 0 soft 0 temp 0.58 loss 2.59 i_con 3.82 plddt 0.38 ptm 0.87 i_ptm 0.28 energy -25.85
23 models [1] recycles 0 hard 0 soft 0 temp 0.56 loss 2.25 i_con 3.55 plddt 0.43 ptm 0.89 i_ptm 0.35 energy -27.29
24 models [1] recycles 0 hard 0 soft 0 temp 0.54 loss 2.53 i_con 3.87 plddt 0.40 ptm 0.89 i_ptm 0.28 energy -27.91
25 models [0] recycles 0 hard 0 soft 0 temp 0.52 loss 2.62 i_con 3.97 plddt 0.36 ptm 0.87 i_ptm 0.26 energy -28.31
26 models [1] recycles 0 hard 0 soft 0 temp 0.50 loss 1.87 i_con 3.27 plddt 0.45 ptm 0.90 i_ptm 0.42 energy -29.03
27 models [1] recycles 0 hard 0 soft 0 temp 0.48 loss 2.28 i_con 3.69 plddt 0.39 ptm 0.89 i_ptm 0.33 energy -29.39
28 models [1] recycles 0 hard 0 soft 0 temp 0.46 loss 1.54 i_con 2.99 plddt 0.49 ptm 0.90 i_ptm 0.53 energy -29.89
29 models [0] recycles 0 hard 0 soft 0 temp 0.44 loss 2.54 i_con 4.03 plddt 0.40 ptm 0.87 i_ptm 0.27 energy -31.16
30 models [1] recycles 0 hard 0 soft 0 temp 0.42 loss 2.03 i_con 3.57 plddt 0.43 ptm 0.89 i_ptm 0.36 energy -32.03
31 models [1] recycles 0 hard 0 soft 0 temp 0.40 loss 2.11 i_con 3.65 plddt 0.44 ptm 0.89 i_ptm 0.34 energy -31.76
32 models [1] recycles 0 hard 0 soft 0 temp 0.38 loss 1.85 i_con 3.42 plddt 0.45 ptm 0.89 i_ptm 0.43 energy -32.42
33 models [0] recycles 0 hard 0 soft 0 temp 0.36 loss 2.37 i_con 3.98 plddt 0.43 ptm 0.87 i_ptm 0.28 energy -33.35
34 models [0] recycles 0 hard 0 soft 0 temp 0.34 loss 2.17 i_con 3.84 plddt 0.39 ptm 0.87 i_ptm 0.29 energy -34.73
35 models [0] recycles 0 hard 0 soft 0 temp 0.32 loss 2.14 i_con 3.87 plddt 0.38 ptm 0.87 i_ptm 0.27 energy -35.68
36 models [0] recycles 0 hard 0 soft 0 temp 0.30 loss 2.06 i_con 3.90 plddt 0.39 ptm 0.87 i_ptm 0.29 energy -37.92
37 models [0] recycles 0 hard 0 soft 0 temp 0.28 loss 1.88 i_con 3.77 plddt 0.41 ptm 0.88 i_ptm 0.32 energy -38.92
38 models [1] recycles 0 hard 0 soft 0 temp 0.26 loss 1.72 i_con 3.64 plddt 0.43 ptm 0.89 i_ptm 0.36 energy -39.40
39 models [1] recycles 0 hard 0 soft 0 temp 0.24 loss 1.13 i_con 3.06 plddt 0.52 ptm 0.90 i_ptm 0.52 energy -39.62
40 models [1] recycles 0 hard 0 soft 0 temp 0.22 loss 1.39 i_con 3.34 plddt 0.47 ptm 0.89 i_ptm 0.44 energy -40.10
41 models [0] recycles 0 hard 0 soft 0 temp 0.20 loss 1.69 i_con 3.69 plddt 0.42 ptm 0.88 i_ptm 0.36 energy -41.23
42 models [0] recycles 0 hard 0 soft 0 temp 0.18 loss 1.67 i_con 3.70 plddt 0.40 ptm 0.88 i_ptm 0.36 energy -41.79
43 models [0] recycles 0 hard 0 soft 0 temp 0.16 loss 1.78 i_con 3.88 plddt 0.45 ptm 0.87 i_ptm 0.32 energy -43.01
44 models [0] recycles 0 hard 0 soft 0 temp 0.14 loss 1.20 i_con 3.36 plddt 0.47 ptm 0.88 i_ptm 0.44 energy -44.31
45 models [0] recycles 0 hard 0 soft 0 temp 0.12 loss 1.51 i_con 3.69 plddt 0.42 ptm 0.88 i_ptm 0.35 energy -44.80
46 models [0] recycles 0 hard 0 soft 0 temp 0.10 loss 1.25 i_con 3.49 plddt 0.45 ptm 0.88 i_ptm 0.38 energy -45.89
47 models [1] recycles 0 hard 0 soft 0 temp 0.08 loss 1.17 i_con 3.48 plddt 0.45 ptm 0.89 i_ptm 0.38 energy -47.29
48 models [0] recycles 0 hard 0 soft 0 temp 0.06 loss 0.96 i_con 3.30 plddt 0.47 ptm 0.88 i_ptm 0.45 energy -47.86
49 models [0] recycles 0 hard 0 soft 0 temp 0.04 loss 0.88 i_con 3.27 plddt 0.48 ptm 0.88 i_ptm 0.47 energy -48.88
50 models [1] recycles 0 hard 0 soft 0 temp 0.02 loss 1.00 i_con 3.41 plddt 0.45 ptm 0.89 i_ptm 0.42 energy -49.41
51 models [1] recycles 0 hard 1 soft 0 temp 0.00 loss 1.96 i_con 4.53 plddt 0.31 ptm 0.89 i_ptm 0.15 energy -5.27
52 models [0] recycles 0 hard 1 soft 0 temp 0.00 loss 1.42 i_con 3.99 plddt 0.33 ptm 0.88 i_ptm 0.28 energy -5.27
53 models [1] recycles 0 hard 1 soft 0 temp 0.00 loss 1.96 i_con 4.53 plddt 0.31 ptm 0.89 i_ptm 0.15 energy -5.27
54 models [1] recycles 0 hard 1 soft 0 temp 0.00 loss 1.96 i_con 4.53 plddt 0.31 ptm 0.89 i_ptm 0.15 energy -5.27
55 models [0] recycles 0 hard 1 soft 0 temp 0.00 loss 1.42 i_con 3.99 plddt 0.33 ptm 0.88 i_ptm 0.28 energy -5.27
56 models [0] recycles 0 hard 1 soft 0 temp 0.00 loss 1.42 i_con 3.99 plddt 0.33 ptm 0.88 i_ptm 0.28 energy -5.27
57 models [0] recycles 0 hard 1 soft 0 temp 0.00 loss 1.42 i_con 3.99 plddt 0.33 ptm 0.88 i_ptm 0.28 energy -5.27
58 models [1] recycles 0 hard 1 soft 0 temp 0.00 loss 1.96 i_con 4.53 plddt 0.31 ptm 0.89 i_ptm 0.15 energy -5.27
59 models [0] recycles 0 hard 1 soft 0 temp 0.00 loss 1.42 i_con 3.99 plddt 0.33 ptm 0.88 i_ptm 0.28 energy -5.27
60 models [1] recycles 0 hard 1 soft 0 temp 0.00 loss 1.96 i_con 4.53 plddt 0.31 ptm 0.89 i_ptm 0.15 energy -5.27
61 models [1] recycles 0 hard 1 soft 0 temp 0.00 loss 1.96 i_con 4.53 plddt 0.31 ptm 0.89 i_ptm 0.15 energy -5.27
62 models [0] recycles 0 hard 1 soft 0 temp 0.00 loss 1.42 i_con 3.99 plddt 0.33 ptm 0.88 i_ptm 0.28 energy -5.27
63 models [0] recycles 0 hard 1 soft 0 temp 0.00 loss 1.42 i_con 3.99 plddt 0.33 ptm 0.88 i_ptm 0.28 energy -5.27
64 models [1] recycles 0 hard 1 soft 0 temp 0.00 loss 1.96 i_con 4.53 plddt 0.31 ptm 0.89 i_ptm 0.15 energy -5.27
65 models [0] recycles 0 hard 1 soft 0 temp 0.00 loss 1.42 i_con 3.99 plddt 0.33 ptm 0.88 i_ptm 0.28 energy -5.27
66 models [0] recycles 0 hard 1 soft 0 temp 0.00 loss 1.42 i_con 3.99 plddt 0.33 ptm 0.88 i_ptm 0.28 energy -5.27
67 models [0] recycles 0 hard 1 soft 0 temp 0.00 loss 1.42 i_con 3.99 plddt 0.33 ptm 0.88 i_ptm 0.28 energy -5.27
68 models [0] recycles 0 hard 1 soft 0 temp 0.00 loss 1.42 i_con 3.99 plddt 0.33 ptm 0.88 i_ptm 0.28 energy -5.27
69 models [1] recycles 0 hard 1 soft 0 temp 0.00 loss 1.96 i_con 4.53 plddt 0.31 ptm 0.89 i_ptm 0.15 energy -5.27
70 models [1] recycles 0 hard 1 soft 0 temp 0.00 loss 1.96 i_con 4.53 plddt 0.31 ptm 0.89 i_ptm 0.15 energy -5.27
71 models [0] recycles 0 hard 1 soft 0 temp 0.00 loss 1.42 i_con 3.99 plddt 0.33 ptm 0.88 i_ptm 0.28 energy -5.27
72 models [0] recycles 0 hard 1 soft 0 temp 0.00 loss 1.42 i_con 3.99 plddt 0.33 ptm 0.88 i_ptm 0.28 energy -5.27
73 models [1] recycles 0 hard 1 soft 0 temp 0.00 loss 1.96 i_con 4.53 plddt 0.31 ptm 0.89 i_ptm 0.15 energy -5.27
74 models [1] recycles 0 hard 1 soft 0 temp 0.00 loss 1.96 i_con 4.53 plddt 0.31 ptm 0.89 i_ptm 0.15 energy -5.27
75 models [1] recycles 0 hard 1 soft 0 temp 0.00 loss 1.96 i_con 4.53 plddt 0.31 ptm 0.89 i_ptm 0.15 energy -5.27
76 models [1] recycles 0 hard 1 soft 0 temp 0.00 loss 1.96 i_con 4.53 plddt 0.31 ptm 0.89 i_ptm 0.15 energy -5.27
77 models [0] recycles 0 hard 1 soft 0 temp 0.00 loss 1.42 i_con 3.99 plddt 0.33 ptm 0.88 i_ptm 0.28 energy -5.27
78 models [0] recycles 0 hard 1 soft 0 temp 0.00 loss 1.42 i_con 3.99 plddt 0.33 ptm 0.88 i_ptm 0.28 energy -5.27
79 models [0] recycles 0 hard 1 soft 0 temp 0.00 loss 1.42 i_con 3.99 plddt 0.33 ptm 0.88 i_ptm 0.28 energy -5.27
80 models [1] recycles 0 hard 1 soft 0 temp 0.00 loss 1.96 i_con 4.53 plddt 0.31 ptm 0.89 i_ptm 0.15 energy -5.27
  → seq=FWLDWMSSPNMKEWA  loss=1.9634  loss_af=4.5996  energy=-5.2724  i_ptm=0.1541
[19/20] input=FWLSRMSSPNMKEWA  seed=2 ...
1 models [1] recycles 0 hard 0 soft 0 temp 1 loss 5.64 i_con 5.73 plddt 0.43 ptm 0.88 i_ptm 0.10 energy -2.98
2 models [0] recycles 0 hard 0 soft 0 temp 0.98 loss 4.57 i_con 4.80 plddt 0.34 ptm 0.87 i_ptm 0.16 energy -5.78
3 models [0] recycles 0 hard 0 soft 0 temp 0.96 loss 4.48 i_con 4.81 plddt 0.34 ptm 0.87 i_ptm 0.16 energy -7.89
4 models [1] recycles 0 hard 0 soft 0 temp 0.94 loss 4.55 i_con 4.95 plddt 0.39 ptm 0.88 i_ptm 0.11 energy -9.25
5 models [1] recycles 0 hard 0 soft 0 temp 0.92 loss 4.49 i_con 5.00 plddt 0.40 ptm 0.88 i_ptm 0.10 energy -11.34
6 models [0] recycles 0 hard 0 soft 0 temp 0.90 loss 4.05 i_con 4.57 plddt 0.34 ptm 0.87 i_ptm 0.19 energy -11.63
7 models [1] recycles 0 hard 0 soft 0 temp 0.88 loss 4.78 i_con 5.37 plddt 0.37 ptm 0.88 i_ptm 0.09 energy -13.14
8 models [0] recycles 0 hard 0 soft 0 temp 0.86 loss 3.72 i_con 4.30 plddt 0.36 ptm 0.87 i_ptm 0.23 energy -12.88
9 models [1] recycles 0 hard 0 soft 0 temp 0.84 loss 4.24 i_con 4.86 plddt 0.40 ptm 0.88 i_ptm 0.13 energy -13.59
10 models [0] recycles 0 hard 0 soft 0 temp 0.82 loss 3.48 i_con 4.19 plddt 0.33 ptm 0.87 i_ptm 0.23 energy -15.68
11 models [1] recycles 0 hard 0 soft 0 temp 0.80 loss 4.04 i_con 4.78 plddt 0.40 ptm 0.88 i_ptm 0.18 energy -16.07
12 models [0] recycles 0 hard 0 soft 0 temp 0.78 loss 3.68 i_con 4.47 plddt 0.35 ptm 0.87 i_ptm 0.20 energy -17.13
13 models [0] recycles 0 hard 0 soft 0 temp 0.76 loss 3.30 i_con 4.17 plddt 0.39 ptm 0.87 i_ptm 0.25 energy -18.53
14 models [0] recycles 0 hard 0 soft 0 temp 0.74 loss 3.36 i_con 4.24 plddt 0.42 ptm 0.87 i_ptm 0.25 energy -18.69
15 models [0] recycles 0 hard 0 soft 0 temp 0.72 loss 3.25 i_con 4.15 plddt 0.39 ptm 0.87 i_ptm 0.27 energy -19.37
16 models [0] recycles 0 hard 0 soft 0 temp 0.70 loss 2.93 i_con 3.92 plddt 0.40 ptm 0.87 i_ptm 0.30 energy -20.87
17 models [0] recycles 0 hard 0 soft 0 temp 0.68 loss 3.12 i_con 4.13 plddt 0.42 ptm 0.87 i_ptm 0.27 energy -21.36
18 models [0] recycles 0 hard 0 soft 0 temp 0.66 loss 3.30 i_con 4.32 plddt 0.41 ptm 0.87 i_ptm 0.22 energy -21.66
19 models [1] recycles 0 hard 0 soft 0 temp 0.64 loss 3.33 i_con 4.42 plddt 0.38 ptm 0.88 i_ptm 0.20 energy -22.94
20 models [1] recycles 0 hard 0 soft 0 temp 0.62 loss 3.11 i_con 4.23 plddt 0.39 ptm 0.89 i_ptm 0.22 energy -23.59
21 models [1] recycles 0 hard 0 soft 0 temp 0.60 loss 2.79 i_con 3.92 plddt 0.37 ptm 0.89 i_ptm 0.28 energy -23.81
22 models [1] recycles 0 hard 0 soft 0 temp 0.58 loss 2.98 i_con 4.15 plddt 0.40 ptm 0.89 i_ptm 0.24 energy -24.61
23 models [0] recycles 0 hard 0 soft 0 temp 0.56 loss 3.20 i_con 4.41 plddt 0.41 ptm 0.87 i_ptm 0.22 energy -25.21
24 models [0] recycles 0 hard 0 soft 0 temp 0.54 loss 2.11 i_con 3.33 plddt 0.43 ptm 0.88 i_ptm 0.42 energy -25.53
25 models [0] recycles 0 hard 0 soft 0 temp 0.52 loss 2.21 i_con 3.48 plddt 0.42 ptm 0.87 i_ptm 0.37 energy -26.49
26 models [1] recycles 0 hard 0 soft 0 temp 0.50 loss 2.40 i_con 3.74 plddt 0.43 ptm 0.89 i_ptm 0.29 energy -27.90
27 models [1] recycles 0 hard 0 soft 0 temp 0.48 loss 2.65 i_con 4.01 plddt 0.41 ptm 0.89 i_ptm 0.29 energy -28.41
28 models [1] recycles 0 hard 0 soft 0 temp 0.46 loss 1.91 i_con 3.31 plddt 0.47 ptm 0.89 i_ptm 0.38 energy -29.19
29 models [0] recycles 0 hard 0 soft 0 temp 0.44 loss 2.19 i_con 3.65 plddt 0.45 ptm 0.87 i_ptm 0.36 energy -30.17
30 models [0] recycles 0 hard 0 soft 0 temp 0.42 loss 1.76 i_con 3.23 plddt 0.47 ptm 0.88 i_ptm 0.41 energy -30.51
31 models [0] recycles 0 hard 0 soft 0 temp 0.40 loss 2.02 i_con 3.53 plddt 0.44 ptm 0.88 i_ptm 0.37 energy -31.38
32 models [1] recycles 0 hard 0 soft 0 temp 0.38 loss 1.63 i_con 3.20 plddt 0.46 ptm 0.89 i_ptm 0.42 energy -32.50
33 models [1] recycles 0 hard 0 soft 0 temp 0.36 loss 1.64 i_con 3.24 plddt 0.49 ptm 0.90 i_ptm 0.40 energy -33.00
34 models [0] recycles 0 hard 0 soft 0 temp 0.34 loss 1.34 i_con 3.01 plddt 0.48 ptm 0.88 i_ptm 0.43 energy -34.34
35 models [1] recycles 0 hard 0 soft 0 temp 0.32 loss 1.56 i_con 3.25 plddt 0.47 ptm 0.90 i_ptm 0.39 energy -34.98
36 models [1] recycles 0 hard 0 soft 0 temp 0.30 loss 1.48 i_con 3.21 plddt 0.48 ptm 0.89 i_ptm 0.41 energy -35.46
37 models [0] recycles 0 hard 0 soft 0 temp 0.28 loss 1.94 i_con 3.71 plddt 0.49 ptm 0.87 i_ptm 0.36 energy -36.28
38 models [0] recycles 0 hard 0 soft 0 temp 0.26 loss 1.47 i_con 3.24 plddt 0.45 ptm 0.88 i_ptm 0.42 energy -36.61
39 models [0] recycles 0 hard 0 soft 0 temp 0.24 loss 1.32 i_con 3.15 plddt 0.48 ptm 0.88 i_ptm 0.42 energy -37.66
40 models [1] recycles 0 hard 0 soft 0 temp 0.22 loss 1.28 i_con 3.16 plddt 0.47 ptm 0.89 i_ptm 0.40 energy -38.69
41 models [1] recycles 0 hard 0 soft 0 temp 0.20 loss 1.31 i_con 3.21 plddt 0.45 ptm 0.89 i_ptm 0.39 energy -39.19
42 models [1] recycles 0 hard 0 soft 0 temp 0.18 loss 1.65 i_con 3.59 plddt 0.46 ptm 0.89 i_ptm 0.33 energy -39.80
43 models [1] recycles 0 hard 0 soft 0 temp 0.16 loss 1.12 i_con 3.08 plddt 0.48 ptm 0.90 i_ptm 0.41 energy -40.29
44 models [0] recycles 0 hard 0 soft 0 temp 0.14 loss 1.36 i_con 3.36 plddt 0.46 ptm 0.88 i_ptm 0.39 energy -41.09
45 models [0] recycles 0 hard 0 soft 0 temp 0.12 loss 1.09 i_con 3.11 plddt 0.49 ptm 0.88 i_ptm 0.45 energy -41.39
46 models [0] recycles 0 hard 0 soft 0 temp 0.10 loss 1.07 i_con 3.13 plddt 0.48 ptm 0.88 i_ptm 0.42 energy -42.26
47 models [0] recycles 0 hard 0 soft 0 temp 0.08 loss 0.97 i_con 3.09 plddt 0.45 ptm 0.88 i_ptm 0.44 energy -43.60
48 models [1] recycles 0 hard 0 soft 0 temp 0.06 loss 1.11 i_con 3.29 plddt 0.50 ptm 0.89 i_ptm 0.40 energy -44.67
49 models [1] recycles 0 hard 0 soft 0 temp 0.04 loss 0.76 i_con 2.99 plddt 0.53 ptm 0.89 i_ptm 0.41 energy -45.51
50 models [1] recycles 0 hard 0 soft 0 temp 0.02 loss 0.48 i_con 2.72 plddt 0.53 ptm 0.90 i_ptm 0.47 energy -45.77
51 models [1] recycles 0 hard 1 soft 0 temp 0.00 loss 4.36 i_con 5.71 plddt 0.35 ptm 0.89 i_ptm 0.08 energy -2.82
52 models [1] recycles 0 hard 1 soft 0 temp 0.00 loss 4.36 i_con 5.71 plddt 0.35 ptm 0.89 i_ptm 0.08 energy -2.82
53 models [1] recycles 0 hard 1 soft 0 temp 0.00 loss 4.36 i_con 5.71 plddt 0.35 ptm 0.89 i_ptm 0.08 energy -2.82
54 models [1] recycles 0 hard 1 soft 0 temp 0.00 loss 4.36 i_con 5.71 plddt 0.35 ptm 0.89 i_ptm 0.08 energy -2.82
55 models [1] recycles 0 hard 1 soft 0 temp 0.00 loss 4.36 i_con 5.71 plddt 0.35 ptm 0.89 i_ptm 0.08 energy -2.82
56 models [0] recycles 0 hard 1 soft 0 temp 0.00 loss 3.76 i_con 5.10 plddt 0.29 ptm 0.87 i_ptm 0.12 energy -2.82
57 models [0] recycles 0 hard 1 soft 0 temp 0.00 loss 3.76 i_con 5.10 plddt 0.29 ptm 0.87 i_ptm 0.12 energy -2.82
58 models [0] recycles 0 hard 1 soft 0 temp 0.00 loss 3.76 i_con 5.10 plddt 0.29 ptm 0.87 i_ptm 0.12 energy -2.82
59 models [0] recycles 0 hard 1 soft 0 temp 0.00 loss 3.76 i_con 5.10 plddt 0.29 ptm 0.87 i_ptm 0.12 energy -2.82
60 models [0] recycles 0 hard 1 soft 0 temp 0.00 loss 3.76 i_con 5.10 plddt 0.29 ptm 0.87 i_ptm 0.12 energy -2.82
61 models [1] recycles 0 hard 1 soft 0 temp 0.00 loss 4.36 i_con 5.71 plddt 0.35 ptm 0.89 i_ptm 0.08 energy -2.82
62 models [1] recycles 0 hard 1 soft 0 temp 0.00 loss 4.36 i_con 5.71 plddt 0.35 ptm 0.89 i_ptm 0.08 energy -2.82
63 models [1] recycles 0 hard 1 soft 0 temp 0.00 loss 4.36 i_con 5.71 plddt 0.35 ptm 0.89 i_ptm 0.08 energy -2.82
64 models [0] recycles 0 hard 1 soft 0 temp 0.00 loss 3.76 i_con 5.10 plddt 0.29 ptm 0.87 i_ptm 0.12 energy -2.82
65 models [1] recycles 0 hard 1 soft 0 temp 0.00 loss 4.36 i_con 5.71 plddt 0.35 ptm 0.89 i_ptm 0.08 energy -2.82
66 models [0] recycles 0 hard 1 soft 0 temp 0.00 loss 3.76 i_con 5.10 plddt 0.29 ptm 0.87 i_ptm 0.12 energy -2.82
67 models [0] recycles 0 hard 1 soft 0 temp 0.00 loss 3.76 i_con 5.10 plddt 0.29 ptm 0.87 i_ptm 0.12 energy -2.82
68 models [0] recycles 0 hard 1 soft 0 temp 0.00 loss 3.76 i_con 5.10 plddt 0.29 ptm 0.87 i_ptm 0.12 energy -2.82
69 models [1] recycles 0 hard 1 soft 0 temp 0.00 loss 4.36 i_con 5.71 plddt 0.35 ptm 0.89 i_ptm 0.08 energy -2.82
70 models [0] recycles 0 hard 1 soft 0 temp 0.00 loss 3.76 i_con 5.10 plddt 0.29 ptm 0.87 i_ptm 0.12 energy -2.82
71 models [0] recycles 0 hard 1 soft 0 temp 0.00 loss 3.76 i_con 5.10 plddt 0.29 ptm 0.87 i_ptm 0.12 energy -2.82
72 models [1] recycles 0 hard 1 soft 0 temp 0.00 loss 4.36 i_con 5.71 plddt 0.35 ptm 0.89 i_ptm 0.08 energy -2.82
73 models [1] recycles 0 hard 1 soft 0 temp 0.00 loss 4.36 i_con 5.71 plddt 0.35 ptm 0.89 i_ptm 0.08 energy -2.82
74 models [1] recycles 0 hard 1 soft 0 temp 0.00 loss 4.36 i_con 5.71 plddt 0.35 ptm 0.89 i_ptm 0.08 energy -2.82
75 models [0] recycles 0 hard 1 soft 0 temp 0.00 loss 3.76 i_con 5.10 plddt 0.29 ptm 0.87 i_ptm 0.12 energy -2.82
76 models [0] recycles 0 hard 1 soft 0 temp 0.00 loss 3.76 i_con 5.10 plddt 0.29 ptm 0.87 i_ptm 0.12 energy -2.82
77 models [0] recycles 0 hard 1 soft 0 temp 0.00 loss 3.76 i_con 5.10 plddt 0.29 ptm 0.87 i_ptm 0.12 energy -2.82
78 models [0] recycles 0 hard 1 soft 0 temp 0.00 loss 3.76 i_con 5.10 plddt 0.29 ptm 0.87 i_ptm 0.12 energy -2.82
79 models [1] recycles 0 hard 1 soft 0 temp 0.00 loss 4.36 i_con 5.71 plddt 0.35 ptm 0.89 i_ptm 0.08 energy -2.82
80 models [1] recycles 0 hard 1 soft 0 temp 0.00 loss 4.36 i_con 5.71 plddt 0.35 ptm 0.89 i_ptm 0.08 energy -2.82
  → seq=MWLSRMSSPNMKEWA  loss=4.3643  loss_af=5.7726  energy=-2.8165  i_ptm=0.0824
[20/20] input=FWLSRMSSPNMKEWA  seed=3 ...
1 models [1] recycles 0 hard 0 soft 0 temp 1 loss 5.51 i_con 5.60 plddt 0.39 ptm 0.88 i_ptm 0.09 energy -2.98
2 models [1] recycles 0 hard 0 soft 0 temp 0.98 loss 5.16 i_con 5.37 plddt 0.38 ptm 0.88 i_ptm 0.09 energy -5.33
3 models [0] recycles 0 hard 0 soft 0 temp 0.96 loss 4.34 i_con 4.58 plddt 0.32 ptm 0.87 i_ptm 0.18 energy -6.14
4 models [0] recycles 0 hard 0 soft 0 temp 0.94 loss 4.22 i_con 4.58 plddt 0.31 ptm 0.87 i_ptm 0.19 energy -8.59
5 models [1] recycles 0 hard 0 soft 0 temp 0.92 loss 4.50 i_con 4.92 plddt 0.38 ptm 0.88 i_ptm 0.10 energy -9.76
6 models [1] recycles 0 hard 0 soft 0 temp 0.90 loss 4.77 i_con 5.19 plddt 0.41 ptm 0.88 i_ptm 0.09 energy -9.57
7 models [1] recycles 0 hard 0 soft 0 temp 0.88 loss 4.26 i_con 4.73 plddt 0.40 ptm 0.88 i_ptm 0.17 energy -10.57
8 models [0] recycles 0 hard 0 soft 0 temp 0.86 loss 3.81 i_con 4.34 plddt 0.34 ptm 0.87 i_ptm 0.21 energy -11.87
9 models [0] recycles 0 hard 0 soft 0 temp 0.84 loss 3.64 i_con 4.21 plddt 0.34 ptm 0.87 i_ptm 0.23 energy -12.81
10 models [0] recycles 0 hard 0 soft 0 temp 0.82 loss 3.69 i_con 4.34 plddt 0.34 ptm 0.87 i_ptm 0.25 energy -14.34
11 models [1] recycles 0 hard 0 soft 0 temp 0.80 loss 3.79 i_con 4.50 plddt 0.36 ptm 0.89 i_ptm 0.17 energy -15.47
12 models [0] recycles 0 hard 0 soft 0 temp 0.78 loss 3.49 i_con 4.25 plddt 0.36 ptm 0.87 i_ptm 0.24 energy -16.58
13 models [0] recycles 0 hard 0 soft 0 temp 0.76 loss 3.26 i_con 4.07 plddt 0.37 ptm 0.87 i_ptm 0.27 energy -17.53
14 models [0] recycles 0 hard 0 soft 0 temp 0.74 loss 3.37 i_con 4.18 plddt 0.35 ptm 0.87 i_ptm 0.24 energy -17.49
15 models [1] recycles 0 hard 0 soft 0 temp 0.72 loss 3.40 i_con 4.28 plddt 0.39 ptm 0.89 i_ptm 0.23 energy -18.77
16 models [0] recycles 0 hard 0 soft 0 temp 0.70 loss 3.01 i_con 3.88 plddt 0.38 ptm 0.87 i_ptm 0.30 energy -18.79
17 models [0] recycles 0 hard 0 soft 0 temp 0.68 loss 2.94 i_con 3.88 plddt 0.39 ptm 0.87 i_ptm 0.30 energy -19.94
18 models [1] recycles 0 hard 0 soft 0 temp 0.66 loss 3.38 i_con 4.37 plddt 0.38 ptm 0.88 i_ptm 0.21 energy -21.08
19 models [1] recycles 0 hard 0 soft 0 temp 0.64 loss 2.96 i_con 3.99 plddt 0.39 ptm 0.89 i_ptm 0.27 energy -21.80
20 models [1] recycles 0 hard 0 soft 0 temp 0.62 loss 3.01 i_con 4.07 plddt 0.40 ptm 0.89 i_ptm 0.25 energy -22.26
21 models [1] recycles 0 hard 0 soft 0 temp 0.60 loss 2.64 i_con 3.69 plddt 0.41 ptm 0.89 i_ptm 0.31 energy -22.23
22 models [0] recycles 0 hard 0 soft 0 temp 0.58 loss 2.90 i_con 3.99 plddt 0.42 ptm 0.87 i_ptm 0.28 energy -22.97
23 models [0] recycles 0 hard 0 soft 0 temp 0.56 loss 2.48 i_con 3.62 plddt 0.40 ptm 0.88 i_ptm 0.35 energy -23.86
24 models [1] recycles 0 hard 0 soft 0 temp 0.54 loss 2.68 i_con 3.84 plddt 0.43 ptm 0.89 i_ptm 0.29 energy -24.33
25 models [1] recycles 0 hard 0 soft 0 temp 0.52 loss 2.35 i_con 3.55 plddt 0.44 ptm 0.89 i_ptm 0.32 energy -25.02
26 models [1] recycles 0 hard 0 soft 0 temp 0.50 loss 2.28 i_con 3.49 plddt 0.42 ptm 0.89 i_ptm 0.34 energy -25.31
27 models [0] recycles 0 hard 0 soft 0 temp 0.48 loss 2.68 i_con 3.94 plddt 0.42 ptm 0.87 i_ptm 0.31 energy -26.54
28 models [1] recycles 0 hard 0 soft 0 temp 0.46 loss 2.33 i_con 3.64 plddt 0.41 ptm 0.89 i_ptm 0.33 energy -27.51
29 models [1] recycles 0 hard 0 soft 0 temp 0.44 loss 2.33 i_con 3.68 plddt 0.43 ptm 0.89 i_ptm 0.31 energy -28.17
30 models [1] recycles 0 hard 0 soft 0 temp 0.42 loss 2.13 i_con 3.50 plddt 0.41 ptm 0.89 i_ptm 0.33 energy -28.39
31 models [1] recycles 0 hard 0 soft 0 temp 0.40 loss 1.94 i_con 3.30 plddt 0.44 ptm 0.90 i_ptm 0.38 energy -28.30
32 models [0] recycles 0 hard 0 soft 0 temp 0.38 loss 2.49 i_con 3.91 plddt 0.38 ptm 0.87 i_ptm 0.29 energy -29.70
33 models [1] recycles 0 hard 0 soft 0 temp 0.36 loss 1.85 i_con 3.32 plddt 0.43 ptm 0.89 i_ptm 0.36 energy -30.55
34 models [0] recycles 0 hard 0 soft 0 temp 0.34 loss 2.04 i_con 3.55 plddt 0.43 ptm 0.88 i_ptm 0.37 energy -31.46
35 models [0] recycles 0 hard 0 soft 0 temp 0.32 loss 1.82 i_con 3.36 plddt 0.45 ptm 0.88 i_ptm 0.41 energy -31.88
36 models [1] recycles 0 hard 0 soft 0 temp 0.30 loss 2.15 i_con 3.72 plddt 0.45 ptm 0.89 i_ptm 0.33 energy -32.32
37 models [0] recycles 0 hard 0 soft 0 temp 0.28 loss 2.01 i_con 3.61 plddt 0.42 ptm 0.88 i_ptm 0.35 energy -33.20
38 models [1] recycles 0 hard 0 soft 0 temp 0.26 loss 1.50 i_con 3.15 plddt 0.46 ptm 0.89 i_ptm 0.41 energy -34.05
39 models [1] recycles 0 hard 0 soft 0 temp 0.24 loss 1.46 i_con 3.16 plddt 0.47 ptm 0.89 i_ptm 0.38 energy -35.14
40 models [0] recycles 0 hard 0 soft 0 temp 0.22 loss 1.67 i_con 3.42 plddt 0.49 ptm 0.87 i_ptm 0.37 energy -36.07
41 models [0] recycles 0 hard 0 soft 0 temp 0.20 loss 1.40 i_con 3.20 plddt 0.48 ptm 0.88 i_ptm 0.44 energy -36.88
42 models [1] recycles 0 hard 0 soft 0 temp 0.18 loss 1.59 i_con 3.46 plddt 0.50 ptm 0.89 i_ptm 0.35 energy -38.53
43 models [1] recycles 0 hard 0 soft 0 temp 0.16 loss 1.42 i_con 3.33 plddt 0.52 ptm 0.89 i_ptm 0.36 energy -39.23
44 models [0] recycles 0 hard 0 soft 0 temp 0.14 loss 1.44 i_con 3.37 plddt 0.42 ptm 0.87 i_ptm 0.39 energy -39.80
45 models [1] recycles 0 hard 0 soft 0 temp 0.12 loss 1.28 i_con 3.25 plddt 0.50 ptm 0.89 i_ptm 0.38 energy -40.29
46 models [0] recycles 0 hard 0 soft 0 temp 0.10 loss 1.62 i_con 3.61 plddt 0.48 ptm 0.87 i_ptm 0.37 energy -40.85
47 models [1] recycles 0 hard 0 soft 0 temp 0.08 loss 1.24 i_con 3.28 plddt 0.47 ptm 0.89 i_ptm 0.38 energy -41.89
48 models [0] recycles 0 hard 0 soft 0 temp 0.06 loss 1.29 i_con 3.34 plddt 0.46 ptm 0.88 i_ptm 0.41 energy -41.96
49 models [0] recycles 0 hard 0 soft 0 temp 0.04 loss 1.70 i_con 3.77 plddt 0.45 ptm 0.87 i_ptm 0.34 energy -42.47
50 models [0] recycles 0 hard 0 soft 0 temp 0.02 loss 1.11 i_con 3.22 plddt 0.45 ptm 0.88 i_ptm 0.42 energy -43.21
51 models [0] recycles 0 hard 1 soft 0 temp 0.00 loss 3.45 i_con 4.87 plddt 0.31 ptm 0.87 i_ptm 0.15 energy -2.98
52 models [1] recycles 0 hard 1 soft 0 temp 0.00 loss 4.04 i_con 5.46 plddt 0.35 ptm 0.89 i_ptm 0.09 energy -2.98
53 models [0] recycles 0 hard 1 soft 0 temp 0.00 loss 3.45 i_con 4.87 plddt 0.31 ptm 0.87 i_ptm 0.15 energy -2.98
54 models [1] recycles 0 hard 1 soft 0 temp 0.00 loss 4.04 i_con 5.46 plddt 0.35 ptm 0.89 i_ptm 0.09 energy -2.98
55 models [1] recycles 0 hard 1 soft 0 temp 0.00 loss 4.04 i_con 5.46 plddt 0.35 ptm 0.89 i_ptm 0.09 energy -2.98
56 models [0] recycles 0 hard 1 soft 0 temp 0.00 loss 3.45 i_con 4.87 plddt 0.31 ptm 0.87 i_ptm 0.15 energy -2.98
57 models [0] recycles 0 hard 1 soft 0 temp 0.00 loss 3.45 i_con 4.87 plddt 0.31 ptm 0.87 i_ptm 0.15 energy -2.98
58 models [0] recycles 0 hard 1 soft 0 temp 0.00 loss 3.45 i_con 4.87 plddt 0.31 ptm 0.87 i_ptm 0.15 energy -2.98
59 models [1] recycles 0 hard 1 soft 0 temp 0.00 loss 4.04 i_con 5.46 plddt 0.35 ptm 0.89 i_ptm 0.09 energy -2.98
60 models [1] recycles 0 hard 1 soft 0 temp 0.00 loss 4.04 i_con 5.46 plddt 0.35 ptm 0.89 i_ptm 0.09 energy -2.98
61 models [1] recycles 0 hard 1 soft 0 temp 0.00 loss 4.04 i_con 5.46 plddt 0.35 ptm 0.89 i_ptm 0.09 energy -2.98
62 models [0] recycles 0 hard 1 soft 0 temp 0.00 loss 3.45 i_con 4.87 plddt 0.31 ptm 0.87 i_ptm 0.15 energy -2.98
63 models [1] recycles 0 hard 1 soft 0 temp 0.00 loss 4.04 i_con 5.46 plddt 0.35 ptm 0.89 i_ptm 0.09 energy -2.98
64 models [1] recycles 0 hard 1 soft 0 temp 0.00 loss 4.04 i_con 5.46 plddt 0.35 ptm 0.89 i_ptm 0.09 energy -2.98
65 models [1] recycles 0 hard 1 soft 0 temp 0.00 loss 4.04 i_con 5.46 plddt 0.35 ptm 0.89 i_ptm 0.09 energy -2.98
66 models [0] recycles 0 hard 1 soft 0 temp 0.00 loss 3.45 i_con 4.87 plddt 0.31 ptm 0.87 i_ptm 0.15 energy -2.98
67 models [1] recycles 0 hard 1 soft 0 temp 0.00 loss 4.04 i_con 5.46 plddt 0.35 ptm 0.89 i_ptm 0.09 energy -2.98
68 models [1] recycles 0 hard 1 soft 0 temp 0.00 loss 4.04 i_con 5.46 plddt 0.35 ptm 0.89 i_ptm 0.09 energy -2.98
69 models [0] recycles 0 hard 1 soft 0 temp 0.00 loss 3.45 i_con 4.87 plddt 0.31 ptm 0.87 i_ptm 0.15 energy -2.98
70 models [0] recycles 0 hard 1 soft 0 temp 0.00 loss 3.45 i_con 4.87 plddt 0.31 ptm 0.87 i_ptm 0.15 energy -2.98
71 models [1] recycles 0 hard 1 soft 0 temp 0.00 loss 4.04 i_con 5.46 plddt 0.35 ptm 0.89 i_ptm 0.09 energy -2.98
72 models [1] recycles 0 hard 1 soft 0 temp 0.00 loss 4.04 i_con 5.46 plddt 0.35 ptm 0.89 i_ptm 0.09 energy -2.98
73 models [0] recycles 0 hard 1 soft 0 temp 0.00 loss 3.45 i_con 4.87 plddt 0.31 ptm 0.87 i_ptm 0.15 energy -2.98
74 models [0] recycles 0 hard 1 soft 0 temp 0.00 loss 3.45 i_con 4.87 plddt 0.31 ptm 0.87 i_ptm 0.15 energy -2.98
75 models [0] recycles 0 hard 1 soft 0 temp 0.00 loss 3.45 i_con 4.87 plddt 0.31 ptm 0.87 i_ptm 0.15 energy -2.98
76 models [1] recycles 0 hard 1 soft 0 temp 0.00 loss 4.04 i_con 5.46 plddt 0.35 ptm 0.89 i_ptm 0.09 energy -2.98
77 models [0] recycles 0 hard 1 soft 0 temp 0.00 loss 3.45 i_con 4.87 plddt 0.31 ptm 0.87 i_ptm 0.15 energy -2.98
78 models [0] recycles 0 hard 1 soft 0 temp 0.00 loss 3.45 i_con 4.87 plddt 0.31 ptm 0.87 i_ptm 0.15 energy -2.98
79 models [0] recycles 0 hard 1 soft 0 temp 0.00 loss 3.45 i_con 4.87 plddt 0.31 ptm 0.87 i_ptm 0.15 energy -2.98
80 models [0] recycles 0 hard 1 soft 0 temp 0.00 loss 3.45 i_con 4.87 plddt 0.31 ptm 0.87 i_ptm 0.15 energy -2.98
  → seq=FWLSRMSSPNMKEWA  loss=3.4451  loss_af=4.9352  energy=-2.9801  i_ptm=0.1493

Saved 20 results to /home/share_nfs/342-Projets_BGE/342.3-Gen-Chem/342.3.2-BioInfo/342.3.2.8-SeqModels/protein_design/colabdesign_energy_guidance/prg/PA_PB1/results/opt_anneal_energy_C.json

==============================================================================================================
SUMMARY
==============================================================================================================
 seed  loss_total   loss_af    energy   i_ptm     ptm   plddt  input_seq  →  seq
--------------------------------------------------------------------------------------------------------------
    0      4.5837    5.5829   -1.9983  0.1447  0.8862  0.3462  CHGYVYDHHKNQEVL  →  CMIYPYDHHKNQEVL
    1      3.6713    5.2845   -3.2264  0.1047  0.8857  0.3147  CHGYVYDHHKNQEVL  →  SHGYVYDLHKNMEVL
    2      2.3517    3.8097   -2.9160  0.4950  0.9021  0.4095  CHGYVYDHHKNQEVL  →  SHGYVYDALWNMEVL
    3      3.0129    4.3347   -2.6436  0.1982  0.8736  0.2842  CHGYVYDHHKNQEVL  →  DHGYVYEHHKNLFVL
    0      3.8672    4.5672   -1.4000  0.2195  0.8887  0.3391  YVCNVYDHFARKEVL  →  YVGNVFDHFARKELL
    1      4.4161    5.4783   -2.1244  0.1305  0.8853  0.3659  YVCNVYDHFARKEVL  →  YVCNIFELFARKEVL
    2      4.3194    5.8597   -3.0806  0.1503  0.8857  0.3851  YVCNVYDHFARKEVL  →  YVCNVFLHFARKETL
    3      4.1346    4.3109   -0.3525  0.2927  0.8757  0.3167  YVCNVYDHFARKEVL  →  YVCNVFDAFARMEVL
    0      4.5748    5.9521   -2.7546  0.1013  0.8859  0.5119  YHPQVEGSPEMKKCL  →  YHPQVEISPEMKKFL
    1      4.0710    6.4030   -4.6640  0.1204  0.8859  0.4025  YHPQVEGSPEMKKCL  →  YHPLVESSPEVKKCL
    2      3.9849    5.6286   -3.2874  0.1006  0.8861  0.4365  YHPQVEGSPEMKKCL  →  QHPQVEISPELKSFL
    3      3.4553    4.7457   -2.5807  0.1410  0.8708  0.3196  YHPQVEGSPEMKKCL  →  YHPQVEISPEMYKFL
    0      4.9735    6.5658   -3.1846  0.1142  0.8853  0.3736  GWKQPTCSMKICKKL  →  GWKQPTASMKICKKL
    1      2.7532    5.5939   -5.6813  0.1029  0.8856  0.3775  GWKQPTCSMKICKKL  →  LWLQPLSSMKICKEC
    2      5.0704    6.8049   -3.4690  0.1064  0.8853  0.3827  GWKQPTCSMKICKKL  →  GWKQPTCSMKICKKL
    3      3.7238    5.6095   -3.7714  0.1548  0.8699  0.3030  GWKQPTCSMKICKKL  →  DWKQPTCSMKIIKKL
    0      2.4715    4.8904   -4.8377  0.1214  0.8867  0.3044  FWLSRMSSPNMKEWA  →  FWLNLMSSPNMKEWA
    1      1.9634    4.5996   -5.2724  0.1541  0.8877  0.3121  FWLSRMSSPNMKEWA  →  FWLDWMSSPNMKEWA
    2      4.3643    5.7726   -2.8165  0.0824  0.8853  0.3525  FWLSRMSSPNMKEWA  →  MWLSRMSSPNMKEWA
    3      3.4451    4.9352   -2.9801  0.1493  0.8712  0.3054  FWLSRMSSPNMKEWA  →  FWLSRMSSPNMKEWA
---------------------------------------------
End time : Fri Apr  3 18:54:06 CEST 2026
