Job ID       : 290067
Array task   : 9  →  protocol: opt_anneal_energy_A
Node         : aar018
Start time   : Fri Apr  3 13:17:48 CEST 2026
---------------------------------------------
Fri Apr  3 13:17:48 2026       
+-----------------------------------------------------------------------------------------+
| NVIDIA-SMI 560.35.03              Driver Version: 560.35.03      CUDA Version: 12.6     |
|-----------------------------------------+------------------------+----------------------+
| GPU  Name                 Persistence-M | Bus-Id          Disp.A | Volatile Uncorr. ECC |
| Fan  Temp   Perf          Pwr:Usage/Cap |           Memory-Usage | GPU-Util  Compute M. |
|                                         |                        |               MIG M. |
|=========================================+========================+======================|
|   0  NVIDIA A30                     Off |   00000000:65:00.0 Off |                    0 |
| N/A   57C    P0             43W /  165W |       1MiB /  24576MiB |      0%      Default |
|                                         |                        |             Disabled |
+-----------------------------------------+------------------------+----------------------+
                                                                                         
+-----------------------------------------------------------------------------------------+
| Processes:                                                                              |
---------------------------------------------
JAX devices: [cuda(id=0)]
GPU check passed: cuda:0
Output file  : /home/share_nfs/342-Projets_BGE/342.3-Gen-Chem/342.3.2-BioInfo/342.3.2.8-SeqModels/protein_design/colabdesign_energy_guidance/prg/PA_PB1/results/opt_anneal_energy_A.json
Running protocol: opt_anneal_energy_A ...
py3Dmol not installed
/home/share_nfs/342-Projets_BGE/342.3-Gen-Chem/342.3.2-BioInfo/342.3.2.8-SeqModels/protein_design/energy_model_params/PAPB1pep/PNB_2R_3lay_negbinom_energy_model_weights.json
[1/20] input=CHGYVYDHHKNQEVL  seed=0 ...
1 models [1] recycles 0 hard 0 soft 0 temp 1 loss 6.48 i_con 6.42 plddt 0.36 ptm 0.88 i_ptm 0.11 energy -0.23
2 models [0] recycles 0 hard 0 soft 0 temp 0.98 loss 5.67 i_con 5.65 plddt 0.32 ptm 0.87 i_ptm 0.13 energy -2.33
3 models [0] recycles 0 hard 0 soft 0 temp 0.96 loss 5.29 i_con 5.28 plddt 0.34 ptm 0.87 i_ptm 0.14 energy -3.16
4 models [1] recycles 0 hard 0 soft 0 temp 0.94 loss 5.67 i_con 5.68 plddt 0.43 ptm 0.88 i_ptm 0.11 energy -3.43
5 models [0] recycles 0 hard 0 soft 0 temp 0.92 loss 5.36 i_con 5.37 plddt 0.38 ptm 0.87 i_ptm 0.11 energy -3.48
6 models [0] recycles 0 hard 0 soft 0 temp 0.90 loss 4.53 i_con 4.53 plddt 0.33 ptm 0.87 i_ptm 0.19 energy -3.68
7 models [0] recycles 0 hard 0 soft 0 temp 0.88 loss 4.42 i_con 4.43 plddt 0.35 ptm 0.87 i_ptm 0.22 energy -4.01
8 models [0] recycles 0 hard 0 soft 0 temp 0.86 loss 4.19 i_con 4.21 plddt 0.34 ptm 0.87 i_ptm 0.26 energy -4.20
9 models [0] recycles 0 hard 0 soft 0 temp 0.84 loss 4.20 i_con 4.23 plddt 0.36 ptm 0.87 i_ptm 0.27 energy -4.42
10 models [0] recycles 0 hard 0 soft 0 temp 0.82 loss 4.16 i_con 4.19 plddt 0.36 ptm 0.88 i_ptm 0.28 energy -4.74
11 models [0] recycles 0 hard 0 soft 0 temp 0.80 loss 4.20 i_con 4.24 plddt 0.35 ptm 0.87 i_ptm 0.26 energy -5.14
12 models [1] recycles 0 hard 0 soft 0 temp 0.78 loss 4.52 i_con 4.57 plddt 0.37 ptm 0.88 i_ptm 0.18 energy -5.64
13 models [1] recycles 0 hard 0 soft 0 temp 0.76 loss 4.27 i_con 4.32 plddt 0.40 ptm 0.89 i_ptm 0.22 energy -5.76
14 models [0] recycles 0 hard 0 soft 0 temp 0.74 loss 4.24 i_con 4.29 plddt 0.36 ptm 0.87 i_ptm 0.24 energy -5.80
15 models [1] recycles 0 hard 0 soft 0 temp 0.72 loss 4.25 i_con 4.30 plddt 0.39 ptm 0.89 i_ptm 0.22 energy -5.85
16 models [1] recycles 0 hard 0 soft 0 temp 0.70 loss 3.98 i_con 4.04 plddt 0.38 ptm 0.89 i_ptm 0.28 energy -6.09
17 models [1] recycles 0 hard 0 soft 0 temp 0.68 loss 3.82 i_con 3.89 plddt 0.40 ptm 0.89 i_ptm 0.31 energy -6.11
18 models [1] recycles 0 hard 0 soft 0 temp 0.66 loss 3.66 i_con 3.72 plddt 0.42 ptm 0.89 i_ptm 0.35 energy -6.19
19 models [1] recycles 0 hard 0 soft 0 temp 0.64 loss 3.86 i_con 3.92 plddt 0.40 ptm 0.89 i_ptm 0.31 energy -6.30
20 models [0] recycles 0 hard 0 soft 0 temp 0.62 loss 4.02 i_con 4.09 plddt 0.38 ptm 0.87 i_ptm 0.32 energy -6.56
21 models [1] recycles 0 hard 0 soft 0 temp 0.60 loss 3.78 i_con 3.86 plddt 0.41 ptm 0.89 i_ptm 0.35 energy -6.92
22 models [0] recycles 0 hard 0 soft 0 temp 0.58 loss 3.67 i_con 3.75 plddt 0.38 ptm 0.87 i_ptm 0.38 energy -7.17
23 models [0] recycles 0 hard 0 soft 0 temp 0.56 loss 3.76 i_con 3.84 plddt 0.38 ptm 0.87 i_ptm 0.33 energy -7.39
24 models [1] recycles 0 hard 0 soft 0 temp 0.54 loss 3.88 i_con 3.98 plddt 0.41 ptm 0.89 i_ptm 0.33 energy -7.96
25 models [1] recycles 0 hard 0 soft 0 temp 0.52 loss 3.65 i_con 3.76 plddt 0.42 ptm 0.89 i_ptm 0.36 energy -8.19
26 models [0] recycles 0 hard 0 soft 0 temp 0.50 loss 3.75 i_con 3.85 plddt 0.37 ptm 0.88 i_ptm 0.34 energy -8.52
27 models [0] recycles 0 hard 0 soft 0 temp 0.48 loss 3.79 i_con 3.90 plddt 0.39 ptm 0.87 i_ptm 0.33 energy -8.63
28 models [0] recycles 0 hard 0 soft 0 temp 0.46 loss 3.66 i_con 3.78 plddt 0.40 ptm 0.88 i_ptm 0.36 energy -9.08
29 models [0] recycles 0 hard 0 soft 0 temp 0.44 loss 3.72 i_con 3.84 plddt 0.39 ptm 0.87 i_ptm 0.36 energy -9.24
30 models [1] recycles 0 hard 0 soft 0 temp 0.42 loss 3.54 i_con 3.68 plddt 0.42 ptm 0.89 i_ptm 0.38 energy -9.80
31 models [0] recycles 0 hard 0 soft 0 temp 0.40 loss 3.66 i_con 3.79 plddt 0.37 ptm 0.87 i_ptm 0.37 energy -9.89
32 models [1] recycles 0 hard 0 soft 0 temp 0.38 loss 3.33 i_con 3.47 plddt 0.46 ptm 0.90 i_ptm 0.42 energy -9.95
33 models [0] recycles 0 hard 0 soft 0 temp 0.36 loss 3.53 i_con 3.67 plddt 0.42 ptm 0.88 i_ptm 0.40 energy -9.87
34 models [1] recycles 0 hard 0 soft 0 temp 0.34 loss 3.43 i_con 3.59 plddt 0.43 ptm 0.89 i_ptm 0.39 energy -10.46
35 models [0] recycles 0 hard 0 soft 0 temp 0.32 loss 3.45 i_con 3.60 plddt 0.43 ptm 0.88 i_ptm 0.41 energy -10.39
36 models [0] recycles 0 hard 0 soft 0 temp 0.30 loss 3.44 i_con 3.60 plddt 0.41 ptm 0.88 i_ptm 0.42 energy -10.68
37 models [1] recycles 0 hard 0 soft 0 temp 0.28 loss 3.38 i_con 3.54 plddt 0.46 ptm 0.89 i_ptm 0.39 energy -10.83
38 models [0] recycles 0 hard 0 soft 0 temp 0.26 loss 3.46 i_con 3.62 plddt 0.41 ptm 0.88 i_ptm 0.41 energy -10.70
39 models [0] recycles 0 hard 0 soft 0 temp 0.24 loss 3.58 i_con 3.74 plddt 0.40 ptm 0.88 i_ptm 0.39 energy -11.08
40 models [1] recycles 0 hard 0 soft 0 temp 0.22 loss 3.15 i_con 3.32 plddt 0.46 ptm 0.89 i_ptm 0.44 energy -11.22
41 models [1] recycles 0 hard 0 soft 0 temp 0.20 loss 3.35 i_con 3.52 plddt 0.46 ptm 0.89 i_ptm 0.40 energy -11.34
42 models [0] recycles 0 hard 0 soft 0 temp 0.18 loss 3.45 i_con 3.62 plddt 0.41 ptm 0.88 i_ptm 0.41 energy -11.44
43 models [1] recycles 0 hard 0 soft 0 temp 0.16 loss 3.48 i_con 3.66 plddt 0.41 ptm 0.89 i_ptm 0.38 energy -11.86
44 models [0] recycles 0 hard 0 soft 0 temp 0.14 loss 3.44 i_con 3.61 plddt 0.41 ptm 0.88 i_ptm 0.38 energy -11.73
45 models [0] recycles 0 hard 0 soft 0 temp 0.12 loss 3.32 i_con 3.50 plddt 0.42 ptm 0.87 i_ptm 0.42 energy -11.92
46 models [0] recycles 0 hard 0 soft 0 temp 0.10 loss 3.58 i_con 3.76 plddt 0.40 ptm 0.87 i_ptm 0.38 energy -11.88
47 models [0] recycles 0 hard 0 soft 0 temp 0.08 loss 3.49 i_con 3.67 plddt 0.41 ptm 0.88 i_ptm 0.38 energy -11.74
48 models [0] recycles 0 hard 0 soft 0 temp 0.06 loss 3.26 i_con 3.45 plddt 0.43 ptm 0.88 i_ptm 0.46 energy -12.23
49 models [1] recycles 0 hard 0 soft 0 temp 0.04 loss 3.15 i_con 3.34 plddt 0.45 ptm 0.89 i_ptm 0.45 energy -12.56
50 models [0] recycles 0 hard 0 soft 0 temp 0.02 loss 3.36 i_con 3.56 plddt 0.43 ptm 0.88 i_ptm 0.43 energy -12.68
51 models [1] recycles 0 hard 1 soft 0 temp 0.00 loss 4.42 i_con 4.44 plddt 0.33 ptm 0.89 i_ptm 0.23 energy -1.72
52 models [0] recycles 0 hard 1 soft 0 temp 0.00 loss 4.07 i_con 4.08 plddt 0.31 ptm 0.88 i_ptm 0.30 energy -1.72
53 models [0] recycles 0 hard 1 soft 0 temp 0.00 loss 4.07 i_con 4.08 plddt 0.31 ptm 0.88 i_ptm 0.30 energy -1.72
54 models [0] recycles 0 hard 1 soft 0 temp 0.00 loss 4.07 i_con 4.08 plddt 0.31 ptm 0.88 i_ptm 0.30 energy -1.72
55 models [0] recycles 0 hard 1 soft 0 temp 0.00 loss 4.07 i_con 4.08 plddt 0.31 ptm 0.88 i_ptm 0.30 energy -1.72
56 models [1] recycles 0 hard 1 soft 0 temp 0.00 loss 4.42 i_con 4.44 plddt 0.33 ptm 0.89 i_ptm 0.23 energy -1.72
57 models [0] recycles 0 hard 1 soft 0 temp 0.00 loss 4.07 i_con 4.08 plddt 0.31 ptm 0.88 i_ptm 0.30 energy -1.72
58 models [1] recycles 0 hard 1 soft 0 temp 0.00 loss 4.42 i_con 4.44 plddt 0.33 ptm 0.89 i_ptm 0.23 energy -1.72
59 models [1] recycles 0 hard 1 soft 0 temp 0.00 loss 4.42 i_con 4.44 plddt 0.33 ptm 0.89 i_ptm 0.23 energy -1.72
60 models [0] recycles 0 hard 1 soft 0 temp 0.00 loss 4.07 i_con 4.08 plddt 0.31 ptm 0.88 i_ptm 0.30 energy -1.72
61 models [0] recycles 0 hard 1 soft 0 temp 0.00 loss 4.07 i_con 4.08 plddt 0.31 ptm 0.88 i_ptm 0.30 energy -1.72
62 models [1] recycles 0 hard 1 soft 0 temp 0.00 loss 4.42 i_con 4.44 plddt 0.33 ptm 0.89 i_ptm 0.23 energy -1.72
63 models [0] recycles 0 hard 1 soft 0 temp 0.00 loss 4.07 i_con 4.08 plddt 0.31 ptm 0.88 i_ptm 0.30 energy -1.72
64 models [1] recycles 0 hard 1 soft 0 temp 0.00 loss 4.42 i_con 4.44 plddt 0.33 ptm 0.89 i_ptm 0.23 energy -1.72
65 models [0] recycles 0 hard 1 soft 0 temp 0.00 loss 4.07 i_con 4.08 plddt 0.31 ptm 0.88 i_ptm 0.30 energy -1.72
66 models [1] recycles 0 hard 1 soft 0 temp 0.00 loss 4.42 i_con 4.44 plddt 0.33 ptm 0.89 i_ptm 0.23 energy -1.72
67 models [1] recycles 0 hard 1 soft 0 temp 0.00 loss 4.42 i_con 4.44 plddt 0.33 ptm 0.89 i_ptm 0.23 energy -1.72
68 models [1] recycles 0 hard 1 soft 0 temp 0.00 loss 4.42 i_con 4.44 plddt 0.33 ptm 0.89 i_ptm 0.23 energy -1.72
69 models [1] recycles 0 hard 1 soft 0 temp 0.00 loss 4.42 i_con 4.44 plddt 0.33 ptm 0.89 i_ptm 0.23 energy -1.72
70 models [1] recycles 0 hard 1 soft 0 temp 0.00 loss 4.42 i_con 4.44 plddt 0.33 ptm 0.89 i_ptm 0.23 energy -1.72
71 models [0] recycles 0 hard 1 soft 0 temp 0.00 loss 4.07 i_con 4.08 plddt 0.31 ptm 0.88 i_ptm 0.30 energy -1.72
72 models [0] recycles 0 hard 1 soft 0 temp 0.00 loss 4.07 i_con 4.08 plddt 0.31 ptm 0.88 i_ptm 0.30 energy -1.72
73 models [1] recycles 0 hard 1 soft 0 temp 0.00 loss 4.42 i_con 4.44 plddt 0.33 ptm 0.89 i_ptm 0.23 energy -1.72
74 models [1] recycles 0 hard 1 soft 0 temp 0.00 loss 4.42 i_con 4.44 plddt 0.33 ptm 0.89 i_ptm 0.23 energy -1.72
75 models [1] recycles 0 hard 1 soft 0 temp 0.00 loss 4.42 i_con 4.44 plddt 0.33 ptm 0.89 i_ptm 0.23 energy -1.72
76 models [0] recycles 0 hard 1 soft 0 temp 0.00 loss 4.07 i_con 4.08 plddt 0.31 ptm 0.88 i_ptm 0.30 energy -1.72
77 models [0] recycles 0 hard 1 soft 0 temp 0.00 loss 4.07 i_con 4.08 plddt 0.31 ptm 0.88 i_ptm 0.30 energy -1.72
78 models [1] recycles 0 hard 1 soft 0 temp 0.00 loss 4.42 i_con 4.44 plddt 0.33 ptm 0.89 i_ptm 0.23 energy -1.72
79 models [0] recycles 0 hard 1 soft 0 temp 0.00 loss 4.07 i_con 4.08 plddt 0.31 ptm 0.88 i_ptm 0.30 energy -1.72
80 models [1] recycles 0 hard 1 soft 0 temp 0.00 loss 4.42 i_con 4.44 plddt 0.33 ptm 0.89 i_ptm 0.23 energy -1.72
  → seq=VFGFIYDHHKNQEVL  loss=4.4231  loss_af=4.5090  energy=-1.7176  i_ptm=0.2266
[2/20] input=CHGYVYDHHKNQEVL  seed=1 ...
1 models [0] recycles 0 hard 0 soft 0 temp 1 loss 6.10 i_con 6.03 plddt 0.33 ptm 0.87 i_ptm 0.19 energy -0.23
2 models [0] recycles 0 hard 0 soft 0 temp 0.98 loss 5.73 i_con 5.70 plddt 0.31 ptm 0.87 i_ptm 0.13 energy -2.32
3 models [1] recycles 0 hard 0 soft 0 temp 0.96 loss 6.05 i_con 6.06 plddt 0.42 ptm 0.88 i_ptm 0.11 energy -3.31
4 models [1] recycles 0 hard 0 soft 0 temp 0.94 loss 5.78 i_con 5.79 plddt 0.41 ptm 0.88 i_ptm 0.11 energy -3.54
5 models [0] recycles 0 hard 0 soft 0 temp 0.92 loss 5.10 i_con 5.11 plddt 0.32 ptm 0.87 i_ptm 0.13 energy -3.67
6 models [0] recycles 0 hard 0 soft 0 temp 0.90 loss 5.26 i_con 5.27 plddt 0.34 ptm 0.87 i_ptm 0.13 energy -3.57
7 models [0] recycles 0 hard 0 soft 0 temp 0.88 loss 4.85 i_con 4.85 plddt 0.30 ptm 0.87 i_ptm 0.14 energy -3.74
8 models [0] recycles 0 hard 0 soft 0 temp 0.86 loss 4.49 i_con 4.49 plddt 0.30 ptm 0.87 i_ptm 0.18 energy -3.66
9 models [0] recycles 0 hard 0 soft 0 temp 0.84 loss 4.40 i_con 4.41 plddt 0.36 ptm 0.87 i_ptm 0.25 energy -3.68
10 models [1] recycles 0 hard 0 soft 0 temp 0.82 loss 4.97 i_con 4.97 plddt 0.33 ptm 0.88 i_ptm 0.11 energy -3.58
11 models [1] recycles 0 hard 0 soft 0 temp 0.80 loss 4.64 i_con 4.64 plddt 0.33 ptm 0.88 i_ptm 0.18 energy -3.49
12 models [0] recycles 0 hard 0 soft 0 temp 0.78 loss 4.22 i_con 4.23 plddt 0.35 ptm 0.87 i_ptm 0.32 energy -3.74
13 models [1] recycles 0 hard 0 soft 0 temp 0.76 loss 4.44 i_con 4.45 plddt 0.39 ptm 0.89 i_ptm 0.24 energy -3.89
14 models [0] recycles 0 hard 0 soft 0 temp 0.74 loss 4.18 i_con 4.20 plddt 0.38 ptm 0.87 i_ptm 0.30 energy -3.98
15 models [0] recycles 0 hard 0 soft 0 temp 0.72 loss 3.95 i_con 3.97 plddt 0.41 ptm 0.87 i_ptm 0.34 energy -3.92
16 models [1] recycles 0 hard 0 soft 0 temp 0.70 loss 4.17 i_con 4.19 plddt 0.41 ptm 0.89 i_ptm 0.30 energy -4.39
17 models [1] recycles 0 hard 0 soft 0 temp 0.68 loss 3.79 i_con 3.82 plddt 0.45 ptm 0.89 i_ptm 0.44 energy -4.43
18 models [0] recycles 0 hard 0 soft 0 temp 0.66 loss 3.73 i_con 3.77 plddt 0.44 ptm 0.88 i_ptm 0.44 energy -4.45
19 models [1] recycles 0 hard 0 soft 0 temp 0.64 loss 3.59 i_con 3.64 plddt 0.53 ptm 0.90 i_ptm 0.51 energy -4.75
20 models [1] recycles 0 hard 0 soft 0 temp 0.62 loss 3.33 i_con 3.37 plddt 0.55 ptm 0.90 i_ptm 0.61 energy -4.39
21 models [1] recycles 0 hard 0 soft 0 temp 0.60 loss 3.16 i_con 3.20 plddt 0.59 ptm 0.90 i_ptm 0.65 energy -4.41
22 models [0] recycles 0 hard 0 soft 0 temp 0.58 loss 3.46 i_con 3.50 plddt 0.51 ptm 0.88 i_ptm 0.54 energy -4.32
23 models [1] recycles 0 hard 0 soft 0 temp 0.56 loss 2.64 i_con 2.70 plddt 0.67 ptm 0.91 i_ptm 0.76 energy -4.64
24 models [1] recycles 0 hard 0 soft 0 temp 0.54 loss 2.76 i_con 2.82 plddt 0.65 ptm 0.91 i_ptm 0.75 energy -4.85
25 models [0] recycles 0 hard 0 soft 0 temp 0.52 loss 3.50 i_con 3.55 plddt 0.50 ptm 0.88 i_ptm 0.53 energy -4.92
26 models [1] recycles 0 hard 0 soft 0 temp 0.50 loss 2.69 i_con 2.75 plddt 0.66 ptm 0.91 i_ptm 0.73 energy -4.96
27 models [1] recycles 0 hard 0 soft 0 temp 0.48 loss 2.78 i_con 2.84 plddt 0.65 ptm 0.91 i_ptm 0.75 energy -5.03
28 models [1] recycles 0 hard 0 soft 0 temp 0.46 loss 2.46 i_con 2.53 plddt 0.70 ptm 0.91 i_ptm 0.80 energy -5.04
29 models [0] recycles 0 hard 0 soft 0 temp 0.44 loss 2.99 i_con 3.06 plddt 0.61 ptm 0.89 i_ptm 0.71 energy -5.37
30 models [1] recycles 0 hard 0 soft 0 temp 0.42 loss 2.47 i_con 2.55 plddt 0.70 ptm 0.91 i_ptm 0.79 energy -5.65
31 models [1] recycles 0 hard 0 soft 0 temp 0.40 loss 2.29 i_con 2.37 plddt 0.73 ptm 0.91 i_ptm 0.82 energy -5.53
32 models [1] recycles 0 hard 0 soft 0 temp 0.38 loss 2.50 i_con 2.59 plddt 0.70 ptm 0.91 i_ptm 0.78 energy -5.82
33 models [0] recycles 0 hard 0 soft 0 temp 0.36 loss 2.84 i_con 2.92 plddt 0.62 ptm 0.89 i_ptm 0.71 energy -5.91
34 models [0] recycles 0 hard 0 soft 0 temp 0.34 loss 2.86 i_con 2.95 plddt 0.62 ptm 0.89 i_ptm 0.73 energy -6.17
35 models [0] recycles 0 hard 0 soft 0 temp 0.32 loss 3.06 i_con 3.14 plddt 0.60 ptm 0.89 i_ptm 0.69 energy -6.27
36 models [0] recycles 0 hard 0 soft 0 temp 0.30 loss 2.81 i_con 2.90 plddt 0.64 ptm 0.89 i_ptm 0.72 energy -6.40
37 models [0] recycles 0 hard 0 soft 0 temp 0.28 loss 2.68 i_con 2.78 plddt 0.66 ptm 0.89 i_ptm 0.77 energy -6.70
38 models [1] recycles 0 hard 0 soft 0 temp 0.26 loss 2.21 i_con 2.32 plddt 0.76 ptm 0.91 i_ptm 0.85 energy -6.65
39 models [1] recycles 0 hard 0 soft 0 temp 0.24 loss 2.02 i_con 2.14 plddt 0.79 ptm 0.92 i_ptm 0.86 energy -7.07
40 models [1] recycles 0 hard 0 soft 0 temp 0.22 loss 1.99 i_con 2.11 plddt 0.79 ptm 0.92 i_ptm 0.86 energy -7.15
41 models [0] recycles 0 hard 0 soft 0 temp 0.20 loss 2.36 i_con 2.48 plddt 0.72 ptm 0.90 i_ptm 0.81 energy -7.68
42 models [0] recycles 0 hard 0 soft 0 temp 0.18 loss 2.42 i_con 2.55 plddt 0.71 ptm 0.89 i_ptm 0.77 energy -8.32
43 models [0] recycles 0 hard 0 soft 0 temp 0.16 loss 2.35 i_con 2.49 plddt 0.74 ptm 0.90 i_ptm 0.80 energy -8.46
44 models [0] recycles 0 hard 0 soft 0 temp 0.14 loss 2.33 i_con 2.47 plddt 0.73 ptm 0.90 i_ptm 0.81 energy -8.45
45 models [0] recycles 0 hard 0 soft 0 temp 0.12 loss 2.37 i_con 2.53 plddt 0.73 ptm 0.90 i_ptm 0.79 energy -9.04
46 models [0] recycles 0 hard 0 soft 0 temp 0.10 loss 2.28 i_con 2.45 plddt 0.75 ptm 0.90 i_ptm 0.82 energy -9.52
47 models [1] recycles 0 hard 0 soft 0 temp 0.08 loss 1.98 i_con 2.15 plddt 0.79 ptm 0.92 i_ptm 0.86 energy -9.82
48 models [0] recycles 0 hard 0 soft 0 temp 0.06 loss 2.18 i_con 2.36 plddt 0.73 ptm 0.90 i_ptm 0.82 energy -10.05
49 models [0] recycles 0 hard 0 soft 0 temp 0.04 loss 2.36 i_con 2.54 plddt 0.73 ptm 0.90 i_ptm 0.80 energy -10.53
50 models [1] recycles 0 hard 0 soft 0 temp 0.02 loss 2.00 i_con 2.19 plddt 0.79 ptm 0.92 i_ptm 0.87 energy -10.28
51 models [1] recycles 0 hard 1 soft 0 temp 0.00 loss 4.98 i_con 5.02 plddt 0.32 ptm 0.89 i_ptm 0.11 energy -2.10
52 models [0] recycles 0 hard 1 soft 0 temp 0.00 loss 4.41 i_con 4.44 plddt 0.31 ptm 0.87 i_ptm 0.21 energy -2.10
53 models [1] recycles 0 hard 1 soft 0 temp 0.00 loss 4.98 i_con 5.02 plddt 0.32 ptm 0.89 i_ptm 0.11 energy -2.10
54 models [1] recycles 0 hard 1 soft 0 temp 0.00 loss 4.98 i_con 5.02 plddt 0.32 ptm 0.89 i_ptm 0.11 energy -2.10
55 models [0] recycles 0 hard 1 soft 0 temp 0.00 loss 4.41 i_con 4.44 plddt 0.31 ptm 0.87 i_ptm 0.21 energy -2.10
56 models [0] recycles 0 hard 1 soft 0 temp 0.00 loss 4.41 i_con 4.44 plddt 0.31 ptm 0.87 i_ptm 0.21 energy -2.10
57 models [0] recycles 0 hard 1 soft 0 temp 0.00 loss 4.41 i_con 4.44 plddt 0.31 ptm 0.87 i_ptm 0.21 energy -2.10
58 models [1] recycles 0 hard 1 soft 0 temp 0.00 loss 4.98 i_con 5.02 plddt 0.32 ptm 0.89 i_ptm 0.11 energy -2.10
59 models [0] recycles 0 hard 1 soft 0 temp 0.00 loss 4.41 i_con 4.44 plddt 0.31 ptm 0.87 i_ptm 0.21 energy -2.10
60 models [1] recycles 0 hard 1 soft 0 temp 0.00 loss 4.98 i_con 5.02 plddt 0.32 ptm 0.89 i_ptm 0.11 energy -2.10
61 models [1] recycles 0 hard 1 soft 0 temp 0.00 loss 4.98 i_con 5.02 plddt 0.32 ptm 0.89 i_ptm 0.11 energy -2.10
62 models [0] recycles 0 hard 1 soft 0 temp 0.00 loss 4.41 i_con 4.44 plddt 0.31 ptm 0.87 i_ptm 0.21 energy -2.10
63 models [0] recycles 0 hard 1 soft 0 temp 0.00 loss 4.41 i_con 4.44 plddt 0.31 ptm 0.87 i_ptm 0.21 energy -2.10
64 models [1] recycles 0 hard 1 soft 0 temp 0.00 loss 4.98 i_con 5.02 plddt 0.32 ptm 0.89 i_ptm 0.11 energy -2.10
65 models [0] recycles 0 hard 1 soft 0 temp 0.00 loss 4.41 i_con 4.44 plddt 0.31 ptm 0.87 i_ptm 0.21 energy -2.10
66 models [0] recycles 0 hard 1 soft 0 temp 0.00 loss 4.41 i_con 4.44 plddt 0.31 ptm 0.87 i_ptm 0.21 energy -2.10
67 models [0] recycles 0 hard 1 soft 0 temp 0.00 loss 4.41 i_con 4.44 plddt 0.31 ptm 0.87 i_ptm 0.21 energy -2.10
68 models [0] recycles 0 hard 1 soft 0 temp 0.00 loss 4.41 i_con 4.44 plddt 0.31 ptm 0.87 i_ptm 0.21 energy -2.10
69 models [1] recycles 0 hard 1 soft 0 temp 0.00 loss 4.98 i_con 5.02 plddt 0.32 ptm 0.89 i_ptm 0.11 energy -2.10
70 models [1] recycles 0 hard 1 soft 0 temp 0.00 loss 4.98 i_con 5.02 plddt 0.32 ptm 0.89 i_ptm 0.11 energy -2.10
71 models [0] recycles 0 hard 1 soft 0 temp 0.00 loss 4.41 i_con 4.44 plddt 0.31 ptm 0.87 i_ptm 0.21 energy -2.10
72 models [0] recycles 0 hard 1 soft 0 temp 0.00 loss 4.41 i_con 4.44 plddt 0.31 ptm 0.87 i_ptm 0.21 energy -2.10
73 models [1] recycles 0 hard 1 soft 0 temp 0.00 loss 4.98 i_con 5.02 plddt 0.32 ptm 0.89 i_ptm 0.11 energy -2.10
74 models [1] recycles 0 hard 1 soft 0 temp 0.00 loss 4.98 i_con 5.02 plddt 0.32 ptm 0.89 i_ptm 0.11 energy -2.10
75 models [1] recycles 0 hard 1 soft 0 temp 0.00 loss 4.98 i_con 5.02 plddt 0.32 ptm 0.89 i_ptm 0.11 energy -2.10
76 models [1] recycles 0 hard 1 soft 0 temp 0.00 loss 4.98 i_con 5.02 plddt 0.32 ptm 0.89 i_ptm 0.11 energy -2.10
77 models [0] recycles 0 hard 1 soft 0 temp 0.00 loss 4.41 i_con 4.44 plddt 0.31 ptm 0.87 i_ptm 0.21 energy -2.10
78 models [0] recycles 0 hard 1 soft 0 temp 0.00 loss 4.41 i_con 4.44 plddt 0.31 ptm 0.87 i_ptm 0.21 energy -2.10
79 models [0] recycles 0 hard 1 soft 0 temp 0.00 loss 4.41 i_con 4.44 plddt 0.31 ptm 0.87 i_ptm 0.21 energy -2.10
80 models [1] recycles 0 hard 1 soft 0 temp 0.00 loss 4.98 i_con 5.02 plddt 0.32 ptm 0.89 i_ptm 0.11 energy -2.10
  → seq=SHGYVYDWHKNMEVL  loss=4.9832  loss_af=5.0882  energy=-2.1016  i_ptm=0.1067
[3/20] input=CHGYVYDHHKNQEVL  seed=2 ...
1 models [1] recycles 0 hard 0 soft 0 temp 1 loss 6.55 i_con 6.49 plddt 0.40 ptm 0.88 i_ptm 0.15 energy -0.23
2 models [0] recycles 0 hard 0 soft 0 temp 0.98 loss 5.83 i_con 5.81 plddt 0.35 ptm 0.87 i_ptm 0.13 energy -2.10
3 models [0] recycles 0 hard 0 soft 0 temp 0.96 loss 5.78 i_con 5.77 plddt 0.33 ptm 0.87 i_ptm 0.13 energy -3.00
4 models [1] recycles 0 hard 0 soft 0 temp 0.94 loss 6.23 i_con 6.25 plddt 0.42 ptm 0.88 i_ptm 0.10 energy -3.69
5 models [1] recycles 0 hard 0 soft 0 temp 0.92 loss 5.83 i_con 5.85 plddt 0.45 ptm 0.88 i_ptm 0.10 energy -3.71
6 models [0] recycles 0 hard 0 soft 0 temp 0.90 loss 4.93 i_con 4.93 plddt 0.31 ptm 0.87 i_ptm 0.18 energy -3.64
7 models [1] recycles 0 hard 0 soft 0 temp 0.88 loss 5.39 i_con 5.39 plddt 0.34 ptm 0.88 i_ptm 0.11 energy -3.74
8 models [0] recycles 0 hard 0 soft 0 temp 0.86 loss 4.60 i_con 4.61 plddt 0.35 ptm 0.87 i_ptm 0.21 energy -3.70
9 models [1] recycles 0 hard 0 soft 0 temp 0.84 loss 4.77 i_con 4.78 plddt 0.38 ptm 0.88 i_ptm 0.13 energy -3.94
10 models [0] recycles 0 hard 0 soft 0 temp 0.82 loss 4.23 i_con 4.24 plddt 0.36 ptm 0.87 i_ptm 0.28 energy -3.89
11 models [1] recycles 0 hard 0 soft 0 temp 0.80 loss 4.32 i_con 4.34 plddt 0.37 ptm 0.89 i_ptm 0.22 energy -4.06
12 models [0] recycles 0 hard 0 soft 0 temp 0.78 loss 4.18 i_con 4.20 plddt 0.34 ptm 0.87 i_ptm 0.28 energy -4.24
13 models [0] recycles 0 hard 0 soft 0 temp 0.76 loss 4.13 i_con 4.16 plddt 0.37 ptm 0.87 i_ptm 0.31 energy -4.40
14 models [0] recycles 0 hard 0 soft 0 temp 0.74 loss 3.86 i_con 3.89 plddt 0.38 ptm 0.88 i_ptm 0.35 energy -4.55
15 models [0] recycles 0 hard 0 soft 0 temp 0.72 loss 3.94 i_con 3.98 plddt 0.37 ptm 0.87 i_ptm 0.32 energy -4.96
16 models [0] recycles 0 hard 0 soft 0 temp 0.70 loss 3.85 i_con 3.89 plddt 0.37 ptm 0.88 i_ptm 0.36 energy -5.13
17 models [0] recycles 0 hard 0 soft 0 temp 0.68 loss 3.87 i_con 3.91 plddt 0.37 ptm 0.88 i_ptm 0.32 energy -5.41
18 models [0] recycles 0 hard 0 soft 0 temp 0.66 loss 3.97 i_con 4.02 plddt 0.39 ptm 0.87 i_ptm 0.29 energy -5.60
19 models [1] recycles 0 hard 0 soft 0 temp 0.64 loss 4.09 i_con 4.15 plddt 0.37 ptm 0.89 i_ptm 0.27 energy -5.88
20 models [1] recycles 0 hard 0 soft 0 temp 0.62 loss 3.90 i_con 3.96 plddt 0.38 ptm 0.89 i_ptm 0.34 energy -6.09
21 models [1] recycles 0 hard 0 soft 0 temp 0.60 loss 3.95 i_con 4.01 plddt 0.37 ptm 0.89 i_ptm 0.32 energy -6.15
22 models [1] recycles 0 hard 0 soft 0 temp 0.58 loss 3.98 i_con 4.05 plddt 0.38 ptm 0.89 i_ptm 0.30 energy -6.24
23 models [0] recycles 0 hard 0 soft 0 temp 0.56 loss 3.84 i_con 3.91 plddt 0.38 ptm 0.87 i_ptm 0.35 energy -6.48
24 models [0] recycles 0 hard 0 soft 0 temp 0.54 loss 3.91 i_con 3.98 plddt 0.37 ptm 0.87 i_ptm 0.34 energy -6.73
25 models [0] recycles 0 hard 0 soft 0 temp 0.52 loss 3.77 i_con 3.85 plddt 0.38 ptm 0.88 i_ptm 0.35 energy -7.09
26 models [1] recycles 0 hard 0 soft 0 temp 0.50 loss 3.90 i_con 3.98 plddt 0.37 ptm 0.89 i_ptm 0.31 energy -7.24
27 models [1] recycles 0 hard 0 soft 0 temp 0.48 loss 3.90 i_con 3.99 plddt 0.35 ptm 0.89 i_ptm 0.33 energy -7.36
28 models [1] recycles 0 hard 0 soft 0 temp 0.46 loss 3.81 i_con 3.89 plddt 0.40 ptm 0.89 i_ptm 0.34 energy -7.20
29 models [0] recycles 0 hard 0 soft 0 temp 0.44 loss 3.75 i_con 3.84 plddt 0.39 ptm 0.87 i_ptm 0.33 energy -7.36
30 models [0] recycles 0 hard 0 soft 0 temp 0.42 loss 3.62 i_con 3.72 plddt 0.39 ptm 0.88 i_ptm 0.40 energy -7.84
31 models [0] recycles 0 hard 0 soft 0 temp 0.40 loss 3.63 i_con 3.74 plddt 0.39 ptm 0.88 i_ptm 0.40 energy -8.42
32 models [1] recycles 0 hard 0 soft 0 temp 0.38 loss 3.77 i_con 3.88 plddt 0.39 ptm 0.89 i_ptm 0.38 energy -8.48
33 models [1] recycles 0 hard 0 soft 0 temp 0.36 loss 3.63 i_con 3.75 plddt 0.45 ptm 0.90 i_ptm 0.45 energy -8.61
34 models [0] recycles 0 hard 0 soft 0 temp 0.34 loss 3.51 i_con 3.62 plddt 0.43 ptm 0.88 i_ptm 0.46 energy -8.38
35 models [1] recycles 0 hard 0 soft 0 temp 0.32 loss 3.52 i_con 3.63 plddt 0.44 ptm 0.90 i_ptm 0.50 energy -8.49
36 models [1] recycles 0 hard 0 soft 0 temp 0.30 loss 3.24 i_con 3.36 plddt 0.49 ptm 0.90 i_ptm 0.56 energy -8.81
37 models [0] recycles 0 hard 0 soft 0 temp 0.28 loss 3.39 i_con 3.52 plddt 0.48 ptm 0.88 i_ptm 0.51 energy -8.87
38 models [0] recycles 0 hard 0 soft 0 temp 0.26 loss 3.51 i_con 3.63 plddt 0.44 ptm 0.88 i_ptm 0.46 energy -8.84
39 models [0] recycles 0 hard 0 soft 0 temp 0.24 loss 3.51 i_con 3.63 plddt 0.44 ptm 0.88 i_ptm 0.49 energy -9.06
40 models [1] recycles 0 hard 0 soft 0 temp 0.22 loss 3.17 i_con 3.30 plddt 0.49 ptm 0.90 i_ptm 0.58 energy -9.05
41 models [1] recycles 0 hard 0 soft 0 temp 0.20 loss 3.20 i_con 3.33 plddt 0.49 ptm 0.90 i_ptm 0.59 energy -8.99
42 models [1] recycles 0 hard 0 soft 0 temp 0.18 loss 2.90 i_con 3.05 plddt 0.55 ptm 0.90 i_ptm 0.63 energy -9.44
43 models [1] recycles 0 hard 0 soft 0 temp 0.16 loss 3.22 i_con 3.36 plddt 0.49 ptm 0.90 i_ptm 0.58 energy -9.64
44 models [0] recycles 0 hard 0 soft 0 temp 0.14 loss 3.49 i_con 3.62 plddt 0.42 ptm 0.89 i_ptm 0.50 energy -9.64
45 models [0] recycles 0 hard 0 soft 0 temp 0.12 loss 3.37 i_con 3.52 plddt 0.46 ptm 0.88 i_ptm 0.57 energy -10.02
46 models [0] recycles 0 hard 0 soft 0 temp 0.10 loss 3.38 i_con 3.53 plddt 0.45 ptm 0.88 i_ptm 0.50 energy -10.16
47 models [0] recycles 0 hard 0 soft 0 temp 0.08 loss 3.05 i_con 3.20 plddt 0.51 ptm 0.88 i_ptm 0.62 energy -10.10
48 models [1] recycles 0 hard 0 soft 0 temp 0.06 loss 2.58 i_con 2.75 plddt 0.62 ptm 0.91 i_ptm 0.71 energy -10.21
49 models [1] recycles 0 hard 0 soft 0 temp 0.04 loss 2.40 i_con 2.58 plddt 0.66 ptm 0.90 i_ptm 0.75 energy -10.31
50 models [1] recycles 0 hard 0 soft 0 temp 0.02 loss 2.62 i_con 2.79 plddt 0.62 ptm 0.90 i_ptm 0.72 energy -10.36
51 models [1] recycles 0 hard 1 soft 0 temp 0.00 loss 5.39 i_con 5.29 plddt 0.33 ptm 0.89 i_ptm 0.11 energy 0.60
52 models [1] recycles 0 hard 1 soft 0 temp 0.00 loss 5.39 i_con 5.29 plddt 0.33 ptm 0.89 i_ptm 0.11 energy 0.60
53 models [1] recycles 0 hard 1 soft 0 temp 0.00 loss 5.39 i_con 5.29 plddt 0.33 ptm 0.89 i_ptm 0.11 energy 0.60
54 models [1] recycles 0 hard 1 soft 0 temp 0.00 loss 5.39 i_con 5.29 plddt 0.33 ptm 0.89 i_ptm 0.11 energy 0.60
55 models [1] recycles 0 hard 1 soft 0 temp 0.00 loss 5.39 i_con 5.29 plddt 0.33 ptm 0.89 i_ptm 0.11 energy 0.60
56 models [0] recycles 0 hard 1 soft 0 temp 0.00 loss 4.78 i_con 4.67 plddt 0.26 ptm 0.87 i_ptm 0.14 energy 0.60
57 models [0] recycles 0 hard 1 soft 0 temp 0.00 loss 4.78 i_con 4.67 plddt 0.26 ptm 0.87 i_ptm 0.14 energy 0.60
58 models [0] recycles 0 hard 1 soft 0 temp 0.00 loss 4.78 i_con 4.67 plddt 0.26 ptm 0.87 i_ptm 0.14 energy 0.60
59 models [0] recycles 0 hard 1 soft 0 temp 0.00 loss 4.78 i_con 4.67 plddt 0.26 ptm 0.87 i_ptm 0.14 energy 0.60
60 models [0] recycles 0 hard 1 soft 0 temp 0.00 loss 4.78 i_con 4.67 plddt 0.26 ptm 0.87 i_ptm 0.14 energy 0.60
61 models [1] recycles 0 hard 1 soft 0 temp 0.00 loss 5.39 i_con 5.29 plddt 0.33 ptm 0.89 i_ptm 0.11 energy 0.60
62 models [1] recycles 0 hard 1 soft 0 temp 0.00 loss 5.39 i_con 5.29 plddt 0.33 ptm 0.89 i_ptm 0.11 energy 0.60
63 models [1] recycles 0 hard 1 soft 0 temp 0.00 loss 5.39 i_con 5.29 plddt 0.33 ptm 0.89 i_ptm 0.11 energy 0.60
64 models [0] recycles 0 hard 1 soft 0 temp 0.00 loss 4.78 i_con 4.67 plddt 0.26 ptm 0.87 i_ptm 0.14 energy 0.60
65 models [1] recycles 0 hard 1 soft 0 temp 0.00 loss 5.39 i_con 5.29 plddt 0.33 ptm 0.89 i_ptm 0.11 energy 0.60
66 models [0] recycles 0 hard 1 soft 0 temp 0.00 loss 4.78 i_con 4.67 plddt 0.26 ptm 0.87 i_ptm 0.14 energy 0.60
67 models [0] recycles 0 hard 1 soft 0 temp 0.00 loss 4.78 i_con 4.67 plddt 0.26 ptm 0.87 i_ptm 0.14 energy 0.60
68 models [0] recycles 0 hard 1 soft 0 temp 0.00 loss 4.78 i_con 4.67 plddt 0.26 ptm 0.87 i_ptm 0.14 energy 0.60
69 models [1] recycles 0 hard 1 soft 0 temp 0.00 loss 5.39 i_con 5.29 plddt 0.33 ptm 0.89 i_ptm 0.11 energy 0.60
70 models [0] recycles 0 hard 1 soft 0 temp 0.00 loss 4.78 i_con 4.67 plddt 0.26 ptm 0.87 i_ptm 0.14 energy 0.60
71 models [0] recycles 0 hard 1 soft 0 temp 0.00 loss 4.78 i_con 4.67 plddt 0.26 ptm 0.87 i_ptm 0.14 energy 0.60
72 models [1] recycles 0 hard 1 soft 0 temp 0.00 loss 5.39 i_con 5.29 plddt 0.33 ptm 0.89 i_ptm 0.11 energy 0.60
73 models [1] recycles 0 hard 1 soft 0 temp 0.00 loss 5.39 i_con 5.29 plddt 0.33 ptm 0.89 i_ptm 0.11 energy 0.60
74 models [1] recycles 0 hard 1 soft 0 temp 0.00 loss 5.39 i_con 5.29 plddt 0.33 ptm 0.89 i_ptm 0.11 energy 0.60
75 models [0] recycles 0 hard 1 soft 0 temp 0.00 loss 4.78 i_con 4.67 plddt 0.26 ptm 0.87 i_ptm 0.14 energy 0.60
76 models [0] recycles 0 hard 1 soft 0 temp 0.00 loss 4.78 i_con 4.67 plddt 0.26 ptm 0.87 i_ptm 0.14 energy 0.60
77 models [0] recycles 0 hard 1 soft 0 temp 0.00 loss 4.78 i_con 4.67 plddt 0.26 ptm 0.87 i_ptm 0.14 energy 0.60
78 models [0] recycles 0 hard 1 soft 0 temp 0.00 loss 4.78 i_con 4.67 plddt 0.26 ptm 0.87 i_ptm 0.14 energy 0.60
79 models [1] recycles 0 hard 1 soft 0 temp 0.00 loss 5.39 i_con 5.29 plddt 0.33 ptm 0.89 i_ptm 0.11 energy 0.60
80 models [1] recycles 0 hard 1 soft 0 temp 0.00 loss 5.39 i_con 5.29 plddt 0.33 ptm 0.89 i_ptm 0.11 energy 0.60
  → seq=DHGYVYDLHLNQEVL  loss=5.3896  loss_af=5.3595  energy=0.6025  i_ptm=0.1145
[4/20] input=CHGYVYDHHKNQEVL  seed=3 ...
1 models [1] recycles 0 hard 0 soft 0 temp 1 loss 6.64 i_con 6.59 plddt 0.40 ptm 0.88 i_ptm 0.14 energy -0.23
2 models [1] recycles 0 hard 0 soft 0 temp 0.98 loss 6.25 i_con 6.24 plddt 0.44 ptm 0.88 i_ptm 0.11 energy -2.22
3 models [0] recycles 0 hard 0 soft 0 temp 0.96 loss 5.78 i_con 5.77 plddt 0.31 ptm 0.87 i_ptm 0.15 energy -2.94
4 models [0] recycles 0 hard 0 soft 0 temp 0.94 loss 5.68 i_con 5.68 plddt 0.32 ptm 0.87 i_ptm 0.12 energy -3.39
5 models [1] recycles 0 hard 0 soft 0 temp 0.92 loss 6.08 i_con 6.10 plddt 0.45 ptm 0.88 i_ptm 0.13 energy -3.68
6 models [1] recycles 0 hard 0 soft 0 temp 0.90 loss 6.11 i_con 6.13 plddt 0.46 ptm 0.88 i_ptm 0.11 energy -3.58
7 models [1] recycles 0 hard 0 soft 0 temp 0.88 loss 5.55 i_con 5.56 plddt 0.40 ptm 0.88 i_ptm 0.11 energy -3.44
8 models [0] recycles 0 hard 0 soft 0 temp 0.86 loss 4.62 i_con 4.62 plddt 0.32 ptm 0.87 i_ptm 0.16 energy -3.40
9 models [0] recycles 0 hard 0 soft 0 temp 0.84 loss 4.54 i_con 4.54 plddt 0.31 ptm 0.86 i_ptm 0.18 energy -3.64
10 models [0] recycles 0 hard 0 soft 0 temp 0.82 loss 4.39 i_con 4.40 plddt 0.31 ptm 0.87 i_ptm 0.16 energy -3.62
11 models [1] recycles 0 hard 0 soft 0 temp 0.80 loss 4.75 i_con 4.76 plddt 0.35 ptm 0.88 i_ptm 0.13 energy -3.67
12 models [0] recycles 0 hard 0 soft 0 temp 0.78 loss 4.36 i_con 4.36 plddt 0.30 ptm 0.87 i_ptm 0.18 energy -3.53
13 models [0] recycles 0 hard 0 soft 0 temp 0.76 loss 4.38 i_con 4.39 plddt 0.31 ptm 0.87 i_ptm 0.19 energy -3.86
14 models [0] recycles 0 hard 0 soft 0 temp 0.74 loss 4.44 i_con 4.45 plddt 0.30 ptm 0.87 i_ptm 0.15 energy -3.88
15 models [1] recycles 0 hard 0 soft 0 temp 0.72 loss 4.65 i_con 4.67 plddt 0.35 ptm 0.89 i_ptm 0.15 energy -4.48
16 models [0] recycles 0 hard 0 soft 0 temp 0.70 loss 4.15 i_con 4.17 plddt 0.35 ptm 0.87 i_ptm 0.23 energy -4.49
17 models [0] recycles 0 hard 0 soft 0 temp 0.68 loss 4.39 i_con 4.41 plddt 0.34 ptm 0.87 i_ptm 0.21 energy -4.72
18 models [1] recycles 0 hard 0 soft 0 temp 0.66 loss 4.33 i_con 4.36 plddt 0.35 ptm 0.89 i_ptm 0.18 energy -4.85
19 models [1] recycles 0 hard 0 soft 0 temp 0.64 loss 4.08 i_con 4.12 plddt 0.37 ptm 0.89 i_ptm 0.25 energy -4.84
20 models [1] recycles 0 hard 0 soft 0 temp 0.62 loss 4.08 i_con 4.11 plddt 0.36 ptm 0.89 i_ptm 0.25 energy -4.72
21 models [1] recycles 0 hard 0 soft 0 temp 0.60 loss 3.95 i_con 3.99 plddt 0.38 ptm 0.89 i_ptm 0.27 energy -5.05
22 models [0] recycles 0 hard 0 soft 0 temp 0.58 loss 3.87 i_con 3.91 plddt 0.36 ptm 0.87 i_ptm 0.30 energy -5.06
23 models [0] recycles 0 hard 0 soft 0 temp 0.56 loss 3.79 i_con 3.84 plddt 0.38 ptm 0.88 i_ptm 0.33 energy -5.62
24 models [1] recycles 0 hard 0 soft 0 temp 0.54 loss 3.86 i_con 3.92 plddt 0.41 ptm 0.89 i_ptm 0.33 energy -5.93
25 models [1] recycles 0 hard 0 soft 0 temp 0.52 loss 3.83 i_con 3.89 plddt 0.40 ptm 0.89 i_ptm 0.34 energy -6.13
26 models [1] recycles 0 hard 0 soft 0 temp 0.50 loss 3.66 i_con 3.72 plddt 0.41 ptm 0.89 i_ptm 0.37 energy -6.28
27 models [0] recycles 0 hard 0 soft 0 temp 0.48 loss 3.73 i_con 3.80 plddt 0.40 ptm 0.88 i_ptm 0.36 energy -6.74
28 models [1] recycles 0 hard 0 soft 0 temp 0.46 loss 3.53 i_con 3.62 plddt 0.45 ptm 0.89 i_ptm 0.44 energy -7.14
29 models [1] recycles 0 hard 0 soft 0 temp 0.44 loss 3.67 i_con 3.76 plddt 0.42 ptm 0.89 i_ptm 0.37 energy -7.50
30 models [1] recycles 0 hard 0 soft 0 temp 0.42 loss 3.55 i_con 3.65 plddt 0.43 ptm 0.89 i_ptm 0.43 energy -7.74
31 models [1] recycles 0 hard 0 soft 0 temp 0.40 loss 3.30 i_con 3.41 plddt 0.46 ptm 0.90 i_ptm 0.52 energy -8.24
32 models [0] recycles 0 hard 0 soft 0 temp 0.38 loss 3.55 i_con 3.66 plddt 0.42 ptm 0.88 i_ptm 0.44 energy -8.48
33 models [1] recycles 0 hard 0 soft 0 temp 0.36 loss 3.12 i_con 3.25 plddt 0.51 ptm 0.90 i_ptm 0.57 energy -9.03
34 models [0] recycles 0 hard 0 soft 0 temp 0.34 loss 3.54 i_con 3.67 plddt 0.43 ptm 0.88 i_ptm 0.45 energy -9.27
35 models [0] recycles 0 hard 0 soft 0 temp 0.32 loss 3.57 i_con 3.71 plddt 0.46 ptm 0.88 i_ptm 0.44 energy -9.55
36 models [1] recycles 0 hard 0 soft 0 temp 0.30 loss 3.21 i_con 3.35 plddt 0.48 ptm 0.90 i_ptm 0.53 energy -9.89
37 models [0] recycles 0 hard 0 soft 0 temp 0.28 loss 3.35 i_con 3.50 plddt 0.48 ptm 0.88 i_ptm 0.49 energy -10.41
38 models [1] recycles 0 hard 0 soft 0 temp 0.26 loss 2.81 i_con 2.99 plddt 0.60 ptm 0.90 i_ptm 0.62 energy -10.84
39 models [1] recycles 0 hard 0 soft 0 temp 0.24 loss 2.81 i_con 2.99 plddt 0.60 ptm 0.90 i_ptm 0.64 energy -10.65
40 models [0] recycles 0 hard 0 soft 0 temp 0.22 loss 3.43 i_con 3.59 plddt 0.46 ptm 0.88 i_ptm 0.45 energy -10.56
41 models [0] recycles 0 hard 0 soft 0 temp 0.20 loss 3.23 i_con 3.40 plddt 0.51 ptm 0.88 i_ptm 0.54 energy -10.95
42 models [1] recycles 0 hard 0 soft 0 temp 0.18 loss 2.94 i_con 3.12 plddt 0.58 ptm 0.90 i_ptm 0.61 energy -11.09
43 models [1] recycles 0 hard 0 soft 0 temp 0.16 loss 2.67 i_con 2.86 plddt 0.60 ptm 0.91 i_ptm 0.65 energy -11.45
44 models [0] recycles 0 hard 0 soft 0 temp 0.14 loss 2.96 i_con 3.14 plddt 0.57 ptm 0.89 i_ptm 0.63 energy -11.56
45 models [1] recycles 0 hard 0 soft 0 temp 0.12 loss 3.09 i_con 3.27 plddt 0.51 ptm 0.90 i_ptm 0.55 energy -11.65
46 models [0] recycles 0 hard 0 soft 0 temp 0.10 loss 3.13 i_con 3.32 plddt 0.54 ptm 0.88 i_ptm 0.57 energy -11.53
47 models [1] recycles 0 hard 0 soft 0 temp 0.08 loss 2.65 i_con 2.85 plddt 0.61 ptm 0.91 i_ptm 0.66 energy -11.95
48 models [0] recycles 0 hard 0 soft 0 temp 0.06 loss 2.91 i_con 3.11 plddt 0.54 ptm 0.88 i_ptm 0.60 energy -12.34
49 models [0] recycles 0 hard 0 soft 0 temp 0.04 loss 2.93 i_con 3.13 plddt 0.57 ptm 0.89 i_ptm 0.61 energy -12.25
50 models [0] recycles 0 hard 0 soft 0 temp 0.02 loss 2.64 i_con 2.84 plddt 0.62 ptm 0.89 i_ptm 0.69 energy -11.95
51 models [0] recycles 0 hard 1 soft 0 temp 0.00 loss 4.60 i_con 4.25 plddt 0.31 ptm 0.87 i_ptm 0.24 energy 5.65
52 models [1] recycles 0 hard 1 soft 0 temp 0.00 loss 4.89 i_con 4.54 plddt 0.30 ptm 0.89 i_ptm 0.16 energy 5.65
53 models [0] recycles 0 hard 1 soft 0 temp 0.00 loss 4.60 i_con 4.25 plddt 0.31 ptm 0.87 i_ptm 0.24 energy 5.65
54 models [1] recycles 0 hard 1 soft 0 temp 0.00 loss 4.89 i_con 4.54 plddt 0.30 ptm 0.89 i_ptm 0.16 energy 5.65
55 models [1] recycles 0 hard 1 soft 0 temp 0.00 loss 4.89 i_con 4.54 plddt 0.30 ptm 0.89 i_ptm 0.16 energy 5.65
56 models [0] recycles 0 hard 1 soft 0 temp 0.00 loss 4.60 i_con 4.25 plddt 0.31 ptm 0.87 i_ptm 0.24 energy 5.65
57 models [0] recycles 0 hard 1 soft 0 temp 0.00 loss 4.60 i_con 4.25 plddt 0.31 ptm 0.87 i_ptm 0.24 energy 5.65
58 models [0] recycles 0 hard 1 soft 0 temp 0.00 loss 4.60 i_con 4.25 plddt 0.31 ptm 0.87 i_ptm 0.24 energy 5.65
59 models [1] recycles 0 hard 1 soft 0 temp 0.00 loss 4.89 i_con 4.54 plddt 0.30 ptm 0.89 i_ptm 0.16 energy 5.65
60 models [1] recycles 0 hard 1 soft 0 temp 0.00 loss 4.89 i_con 4.54 plddt 0.30 ptm 0.89 i_ptm 0.16 energy 5.65
61 models [1] recycles 0 hard 1 soft 0 temp 0.00 loss 4.89 i_con 4.54 plddt 0.30 ptm 0.89 i_ptm 0.16 energy 5.65
62 models [0] recycles 0 hard 1 soft 0 temp 0.00 loss 4.60 i_con 4.25 plddt 0.31 ptm 0.87 i_ptm 0.24 energy 5.65
63 models [1] recycles 0 hard 1 soft 0 temp 0.00 loss 4.89 i_con 4.54 plddt 0.30 ptm 0.89 i_ptm 0.16 energy 5.65
64 models [1] recycles 0 hard 1 soft 0 temp 0.00 loss 4.89 i_con 4.54 plddt 0.30 ptm 0.89 i_ptm 0.16 energy 5.65
65 models [1] recycles 0 hard 1 soft 0 temp 0.00 loss 4.89 i_con 4.54 plddt 0.30 ptm 0.89 i_ptm 0.16 energy 5.65
66 models [0] recycles 0 hard 1 soft 0 temp 0.00 loss 4.60 i_con 4.25 plddt 0.31 ptm 0.87 i_ptm 0.24 energy 5.65
67 models [1] recycles 0 hard 1 soft 0 temp 0.00 loss 4.89 i_con 4.54 plddt 0.30 ptm 0.89 i_ptm 0.16 energy 5.65
68 models [1] recycles 0 hard 1 soft 0 temp 0.00 loss 4.89 i_con 4.54 plddt 0.30 ptm 0.89 i_ptm 0.16 energy 5.65
69 models [0] recycles 0 hard 1 soft 0 temp 0.00 loss 4.60 i_con 4.25 plddt 0.31 ptm 0.87 i_ptm 0.24 energy 5.65
70 models [0] recycles 0 hard 1 soft 0 temp 0.00 loss 4.60 i_con 4.25 plddt 0.31 ptm 0.87 i_ptm 0.24 energy 5.65
71 models [1] recycles 0 hard 1 soft 0 temp 0.00 loss 4.89 i_con 4.54 plddt 0.30 ptm 0.89 i_ptm 0.16 energy 5.65
72 models [1] recycles 0 hard 1 soft 0 temp 0.00 loss 4.89 i_con 4.54 plddt 0.30 ptm 0.89 i_ptm 0.16 energy 5.65
73 models [0] recycles 0 hard 1 soft 0 temp 0.00 loss 4.60 i_con 4.25 plddt 0.31 ptm 0.87 i_ptm 0.24 energy 5.65
74 models [0] recycles 0 hard 1 soft 0 temp 0.00 loss 4.60 i_con 4.25 plddt 0.31 ptm 0.87 i_ptm 0.24 energy 5.65
75 models [0] recycles 0 hard 1 soft 0 temp 0.00 loss 4.60 i_con 4.25 plddt 0.31 ptm 0.87 i_ptm 0.24 energy 5.65
76 models [1] recycles 0 hard 1 soft 0 temp 0.00 loss 4.89 i_con 4.54 plddt 0.30 ptm 0.89 i_ptm 0.16 energy 5.65
77 models [0] recycles 0 hard 1 soft 0 temp 0.00 loss 4.60 i_con 4.25 plddt 0.31 ptm 0.87 i_ptm 0.24 energy 5.65
78 models [0] recycles 0 hard 1 soft 0 temp 0.00 loss 4.60 i_con 4.25 plddt 0.31 ptm 0.87 i_ptm 0.24 energy 5.65
79 models [0] recycles 0 hard 1 soft 0 temp 0.00 loss 4.60 i_con 4.25 plddt 0.31 ptm 0.87 i_ptm 0.24 energy 5.65
80 models [0] recycles 0 hard 1 soft 0 temp 0.00 loss 4.60 i_con 4.25 plddt 0.31 ptm 0.87 i_ptm 0.24 energy 5.65
  → seq=MHGYVYDWHKNMEFL  loss=4.5963  loss_af=4.3137  energy=5.6516  i_ptm=0.2429
[5/20] input=YVCNVYDHFARKEVL  seed=0 ...
1 models [1] recycles 0 hard 0 soft 0 temp 1 loss 5.68 i_con 5.59 plddt 0.34 ptm 0.88 i_ptm 0.13 energy 1.26
2 models [0] recycles 0 hard 0 soft 0 temp 0.98 loss 4.94 i_con 4.91 plddt 0.30 ptm 0.87 i_ptm 0.19 energy -1.71
3 models [0] recycles 0 hard 0 soft 0 temp 0.96 loss 4.42 i_con 4.42 plddt 0.36 ptm 0.87 i_ptm 0.26 energy -3.20
4 models [1] recycles 0 hard 0 soft 0 temp 0.94 loss 4.77 i_con 4.77 plddt 0.33 ptm 0.88 i_ptm 0.17 energy -3.31
5 models [0] recycles 0 hard 0 soft 0 temp 0.92 loss 4.54 i_con 4.54 plddt 0.34 ptm 0.87 i_ptm 0.22 energy -3.33
6 models [0] recycles 0 hard 0 soft 0 temp 0.90 loss 4.15 i_con 4.16 plddt 0.35 ptm 0.87 i_ptm 0.26 energy -3.64
7 models [0] recycles 0 hard 0 soft 0 temp 0.88 loss 4.16 i_con 4.17 plddt 0.33 ptm 0.87 i_ptm 0.29 energy -3.80
8 models [0] recycles 0 hard 0 soft 0 temp 0.86 loss 4.07 i_con 4.09 plddt 0.33 ptm 0.87 i_ptm 0.33 energy -4.26
9 models [0] recycles 0 hard 0 soft 0 temp 0.84 loss 4.00 i_con 4.03 plddt 0.36 ptm 0.87 i_ptm 0.33 energy -5.06
10 models [0] recycles 0 hard 0 soft 0 temp 0.82 loss 4.05 i_con 4.09 plddt 0.34 ptm 0.88 i_ptm 0.32 energy -5.37
11 models [0] recycles 0 hard 0 soft 0 temp 0.80 loss 3.77 i_con 3.82 plddt 0.38 ptm 0.88 i_ptm 0.39 energy -5.77
12 models [1] recycles 0 hard 0 soft 0 temp 0.78 loss 3.95 i_con 4.01 plddt 0.37 ptm 0.89 i_ptm 0.32 energy -6.07
13 models [1] recycles 0 hard 0 soft 0 temp 0.76 loss 3.95 i_con 4.02 plddt 0.43 ptm 0.89 i_ptm 0.34 energy -6.38
14 models [0] recycles 0 hard 0 soft 0 temp 0.74 loss 3.56 i_con 3.64 plddt 0.45 ptm 0.88 i_ptm 0.50 energy -6.51
15 models [1] recycles 0 hard 0 soft 0 temp 0.72 loss 4.00 i_con 4.06 plddt 0.33 ptm 0.89 i_ptm 0.31 energy -6.29
16 models [1] recycles 0 hard 0 soft 0 temp 0.70 loss 3.80 i_con 3.87 plddt 0.42 ptm 0.89 i_ptm 0.41 energy -6.45
17 models [1] recycles 0 hard 0 soft 0 temp 0.68 loss 3.54 i_con 3.62 plddt 0.46 ptm 0.90 i_ptm 0.54 energy -6.79
18 models [1] recycles 0 hard 0 soft 0 temp 0.66 loss 3.90 i_con 3.98 plddt 0.42 ptm 0.89 i_ptm 0.36 energy -6.86
19 models [1] recycles 0 hard 0 soft 0 temp 0.64 loss 3.64 i_con 3.72 plddt 0.44 ptm 0.90 i_ptm 0.48 energy -6.77
20 models [0] recycles 0 hard 0 soft 0 temp 0.62 loss 3.76 i_con 3.84 plddt 0.40 ptm 0.88 i_ptm 0.47 energy -6.88
21 models [1] recycles 0 hard 0 soft 0 temp 0.60 loss 3.29 i_con 3.37 plddt 0.49 ptm 0.90 i_ptm 0.60 energy -6.49
22 models [0] recycles 0 hard 0 soft 0 temp 0.58 loss 3.73 i_con 3.80 plddt 0.37 ptm 0.88 i_ptm 0.40 energy -6.45
23 models [0] recycles 0 hard 0 soft 0 temp 0.56 loss 3.57 i_con 3.64 plddt 0.41 ptm 0.88 i_ptm 0.46 energy -6.66
24 models [1] recycles 0 hard 0 soft 0 temp 0.54 loss 3.19 i_con 3.29 plddt 0.56 ptm 0.90 i_ptm 0.66 energy -7.11
25 models [1] recycles 0 hard 0 soft 0 temp 0.52 loss 3.04 i_con 3.13 plddt 0.56 ptm 0.91 i_ptm 0.67 energy -6.66
26 models [0] recycles 0 hard 0 soft 0 temp 0.50 loss 3.09 i_con 3.16 plddt 0.47 ptm 0.88 i_ptm 0.55 energy -6.33
27 models [0] recycles 0 hard 0 soft 0 temp 0.48 loss 3.11 i_con 3.19 plddt 0.49 ptm 0.88 i_ptm 0.58 energy -6.49
28 models [0] recycles 0 hard 0 soft 0 temp 0.46 loss 3.47 i_con 3.54 plddt 0.43 ptm 0.88 i_ptm 0.51 energy -6.23
29 models [0] recycles 0 hard 0 soft 0 temp 0.44 loss 3.17 i_con 3.24 plddt 0.46 ptm 0.88 i_ptm 0.54 energy -6.41
30 models [1] recycles 0 hard 0 soft 0 temp 0.42 loss 2.75 i_con 2.84 plddt 0.58 ptm 0.90 i_ptm 0.73 energy -6.71
31 models [0] recycles 0 hard 0 soft 0 temp 0.40 loss 3.08 i_con 3.17 plddt 0.51 ptm 0.89 i_ptm 0.63 energy -6.77
32 models [1] recycles 0 hard 0 soft 0 temp 0.38 loss 2.48 i_con 2.59 plddt 0.67 ptm 0.91 i_ptm 0.78 energy -6.82
33 models [0] recycles 0 hard 0 soft 0 temp 0.36 loss 2.80 i_con 2.89 plddt 0.51 ptm 0.88 i_ptm 0.61 energy -6.89
34 models [1] recycles 0 hard 0 soft 0 temp 0.34 loss 2.57 i_con 2.67 plddt 0.66 ptm 0.91 i_ptm 0.77 energy -6.49
35 models [0] recycles 0 hard 0 soft 0 temp 0.32 loss 2.82 i_con 2.89 plddt 0.52 ptm 0.89 i_ptm 0.57 energy -6.27
36 models [0] recycles 0 hard 0 soft 0 temp 0.30 loss 2.77 i_con 2.85 plddt 0.51 ptm 0.88 i_ptm 0.58 energy -6.17
37 models [1] recycles 0 hard 0 soft 0 temp 0.28 loss 2.45 i_con 2.55 plddt 0.65 ptm 0.91 i_ptm 0.77 energy -6.71
38 models [0] recycles 0 hard 0 soft 0 temp 0.26 loss 3.22 i_con 3.30 plddt 0.47 ptm 0.88 i_ptm 0.55 energy -6.52
39 models [0] recycles 0 hard 0 soft 0 temp 0.24 loss 3.01 i_con 3.10 plddt 0.53 ptm 0.89 i_ptm 0.63 energy -6.90
40 models [1] recycles 0 hard 0 soft 0 temp 0.22 loss 2.21 i_con 2.33 plddt 0.74 ptm 0.91 i_ptm 0.82 energy -7.15
41 models [1] recycles 0 hard 0 soft 0 temp 0.20 loss 2.16 i_con 2.27 plddt 0.78 ptm 0.91 i_ptm 0.85 energy -6.87
42 models [0] recycles 0 hard 0 soft 0 temp 0.18 loss 2.51 i_con 2.62 plddt 0.60 ptm 0.89 i_ptm 0.70 energy -7.25
43 models [1] recycles 0 hard 0 soft 0 temp 0.16 loss 2.14 i_con 2.26 plddt 0.79 ptm 0.91 i_ptm 0.86 energy -7.24
44 models [0] recycles 0 hard 0 soft 0 temp 0.14 loss 2.71 i_con 2.82 plddt 0.59 ptm 0.89 i_ptm 0.68 energy -7.43
45 models [0] recycles 0 hard 0 soft 0 temp 0.12 loss 2.56 i_con 2.66 plddt 0.53 ptm 0.88 i_ptm 0.60 energy -7.34
46 models [0] recycles 0 hard 0 soft 0 temp 0.10 loss 2.66 i_con 2.77 plddt 0.56 ptm 0.88 i_ptm 0.62 energy -7.72
47 models [0] recycles 0 hard 0 soft 0 temp 0.08 loss 2.39 i_con 2.50 plddt 0.60 ptm 0.89 i_ptm 0.69 energy -7.63
48 models [0] recycles 0 hard 0 soft 0 temp 0.06 loss 2.29 i_con 2.40 plddt 0.61 ptm 0.89 i_ptm 0.70 energy -7.90
49 models [1] recycles 0 hard 0 soft 0 temp 0.04 loss 2.18 i_con 2.32 plddt 0.74 ptm 0.91 i_ptm 0.82 energy -8.36
50 models [0] recycles 0 hard 0 soft 0 temp 0.02 loss 2.17 i_con 2.31 plddt 0.69 ptm 0.89 i_ptm 0.77 energy -8.26
51 models [1] recycles 0 hard 1 soft 0 temp 0.00 loss 5.03 i_con 4.93 plddt 0.31 ptm 0.89 i_ptm 0.15 energy 0.73
52 models [0] recycles 0 hard 1 soft 0 temp 0.00 loss 4.77 i_con 4.66 plddt 0.28 ptm 0.87 i_ptm 0.21 energy 0.73
53 models [0] recycles 0 hard 1 soft 0 temp 0.00 loss 4.77 i_con 4.66 plddt 0.28 ptm 0.87 i_ptm 0.21 energy 0.73
54 models [0] recycles 0 hard 1 soft 0 temp 0.00 loss 4.77 i_con 4.66 plddt 0.28 ptm 0.87 i_ptm 0.21 energy 0.73
55 models [0] recycles 0 hard 1 soft 0 temp 0.00 loss 4.77 i_con 4.66 plddt 0.28 ptm 0.87 i_ptm 0.21 energy 0.73
56 models [1] recycles 0 hard 1 soft 0 temp 0.00 loss 5.03 i_con 4.93 plddt 0.31 ptm 0.89 i_ptm 0.15 energy 0.73
57 models [0] recycles 0 hard 1 soft 0 temp 0.00 loss 4.77 i_con 4.66 plddt 0.28 ptm 0.87 i_ptm 0.21 energy 0.73
58 models [1] recycles 0 hard 1 soft 0 temp 0.00 loss 5.03 i_con 4.93 plddt 0.31 ptm 0.89 i_ptm 0.15 energy 0.73
59 models [1] recycles 0 hard 1 soft 0 temp 0.00 loss 5.03 i_con 4.93 plddt 0.31 ptm 0.89 i_ptm 0.15 energy 0.73
60 models [0] recycles 0 hard 1 soft 0 temp 0.00 loss 4.77 i_con 4.66 plddt 0.28 ptm 0.87 i_ptm 0.21 energy 0.73
61 models [0] recycles 0 hard 1 soft 0 temp 0.00 loss 4.77 i_con 4.66 plddt 0.28 ptm 0.87 i_ptm 0.21 energy 0.73
62 models [1] recycles 0 hard 1 soft 0 temp 0.00 loss 5.03 i_con 4.93 plddt 0.31 ptm 0.89 i_ptm 0.15 energy 0.73
63 models [0] recycles 0 hard 1 soft 0 temp 0.00 loss 4.77 i_con 4.66 plddt 0.28 ptm 0.87 i_ptm 0.21 energy 0.73
64 models [1] recycles 0 hard 1 soft 0 temp 0.00 loss 5.03 i_con 4.93 plddt 0.31 ptm 0.89 i_ptm 0.15 energy 0.73
65 models [0] recycles 0 hard 1 soft 0 temp 0.00 loss 4.77 i_con 4.66 plddt 0.28 ptm 0.87 i_ptm 0.21 energy 0.73
66 models [1] recycles 0 hard 1 soft 0 temp 0.00 loss 5.03 i_con 4.93 plddt 0.31 ptm 0.89 i_ptm 0.15 energy 0.73
67 models [1] recycles 0 hard 1 soft 0 temp 0.00 loss 5.03 i_con 4.93 plddt 0.31 ptm 0.89 i_ptm 0.15 energy 0.73
68 models [1] recycles 0 hard 1 soft 0 temp 0.00 loss 5.03 i_con 4.93 plddt 0.31 ptm 0.89 i_ptm 0.15 energy 0.73
69 models [1] recycles 0 hard 1 soft 0 temp 0.00 loss 5.03 i_con 4.93 plddt 0.31 ptm 0.89 i_ptm 0.15 energy 0.73
70 models [1] recycles 0 hard 1 soft 0 temp 0.00 loss 5.03 i_con 4.93 plddt 0.31 ptm 0.89 i_ptm 0.15 energy 0.73
71 models [0] recycles 0 hard 1 soft 0 temp 0.00 loss 4.77 i_con 4.66 plddt 0.28 ptm 0.87 i_ptm 0.21 energy 0.73
72 models [0] recycles 0 hard 1 soft 0 temp 0.00 loss 4.77 i_con 4.66 plddt 0.28 ptm 0.87 i_ptm 0.21 energy 0.73
73 models [1] recycles 0 hard 1 soft 0 temp 0.00 loss 5.03 i_con 4.93 plddt 0.31 ptm 0.89 i_ptm 0.15 energy 0.73
74 models [1] recycles 0 hard 1 soft 0 temp 0.00 loss 5.03 i_con 4.93 plddt 0.31 ptm 0.89 i_ptm 0.15 energy 0.73
75 models [1] recycles 0 hard 1 soft 0 temp 0.00 loss 5.03 i_con 4.93 plddt 0.31 ptm 0.89 i_ptm 0.15 energy 0.73
76 models [0] recycles 0 hard 1 soft 0 temp 0.00 loss 4.77 i_con 4.66 plddt 0.28 ptm 0.87 i_ptm 0.21 energy 0.73
77 models [0] recycles 0 hard 1 soft 0 temp 0.00 loss 4.77 i_con 4.66 plddt 0.28 ptm 0.87 i_ptm 0.21 energy 0.73
78 models [1] recycles 0 hard 1 soft 0 temp 0.00 loss 5.03 i_con 4.93 plddt 0.31 ptm 0.89 i_ptm 0.15 energy 0.73
79 models [0] recycles 0 hard 1 soft 0 temp 0.00 loss 4.77 i_con 4.66 plddt 0.28 ptm 0.87 i_ptm 0.21 energy 0.73
80 models [1] recycles 0 hard 1 soft 0 temp 0.00 loss 5.03 i_con 4.93 plddt 0.31 ptm 0.89 i_ptm 0.15 energy 0.73
  → seq=VVCNVFDWQARKEVL  loss=5.0338  loss_af=4.9972  energy=0.7321  i_ptm=0.1490
[6/20] input=YVCNVYDHFARKEVL  seed=1 ...
1 models [0] recycles 0 hard 0 soft 0 temp 1 loss 5.77 i_con 5.68 plddt 0.31 ptm 0.87 i_ptm 0.20 energy 1.26
2 models [0] recycles 0 hard 0 soft 0 temp 0.98 loss 4.73 i_con 4.71 plddt 0.29 ptm 0.87 i_ptm 0.20 energy -2.70
3 models [1] recycles 0 hard 0 soft 0 temp 0.96 loss 5.25 i_con 5.26 plddt 0.38 ptm 0.88 i_ptm 0.12 energy -3.71
4 models [1] recycles 0 hard 0 soft 0 temp 0.94 loss 4.35 i_con 4.36 plddt 0.37 ptm 0.89 i_ptm 0.24 energy -3.80
5 models [0] recycles 0 hard 0 soft 0 temp 0.92 loss 4.15 i_con 4.15 plddt 0.35 ptm 0.87 i_ptm 0.30 energy -3.56
6 models [0] recycles 0 hard 0 soft 0 temp 0.90 loss 4.40 i_con 4.41 plddt 0.34 ptm 0.87 i_ptm 0.24 energy -3.93
7 models [0] recycles 0 hard 0 soft 0 temp 0.88 loss 4.13 i_con 4.14 plddt 0.33 ptm 0.88 i_ptm 0.31 energy -4.14
8 models [0] recycles 0 hard 0 soft 0 temp 0.86 loss 4.03 i_con 4.06 plddt 0.34 ptm 0.87 i_ptm 0.30 energy -4.67
9 models [0] recycles 0 hard 0 soft 0 temp 0.84 loss 4.17 i_con 4.20 plddt 0.35 ptm 0.87 i_ptm 0.27 energy -4.79
10 models [1] recycles 0 hard 0 soft 0 temp 0.82 loss 4.25 i_con 4.29 plddt 0.33 ptm 0.88 i_ptm 0.24 energy -5.07
11 models [1] recycles 0 hard 0 soft 0 temp 0.80 loss 4.28 i_con 4.32 plddt 0.33 ptm 0.89 i_ptm 0.23 energy -5.31
12 models [0] recycles 0 hard 0 soft 0 temp 0.78 loss 3.98 i_con 4.03 plddt 0.36 ptm 0.88 i_ptm 0.36 energy -5.70
13 models [1] recycles 0 hard 0 soft 0 temp 0.76 loss 4.12 i_con 4.18 plddt 0.40 ptm 0.89 i_ptm 0.29 energy -5.98
14 models [0] recycles 0 hard 0 soft 0 temp 0.74 loss 3.95 i_con 4.01 plddt 0.38 ptm 0.87 i_ptm 0.33 energy -6.12
15 models [0] recycles 0 hard 0 soft 0 temp 0.72 loss 3.71 i_con 3.78 plddt 0.44 ptm 0.88 i_ptm 0.47 energy -6.05
16 models [1] recycles 0 hard 0 soft 0 temp 0.70 loss 3.85 i_con 3.91 plddt 0.41 ptm 0.89 i_ptm 0.36 energy -6.08
17 models [1] recycles 0 hard 0 soft 0 temp 0.68 loss 3.84 i_con 3.91 plddt 0.40 ptm 0.89 i_ptm 0.35 energy -6.54
18 models [0] recycles 0 hard 0 soft 0 temp 0.66 loss 3.70 i_con 3.77 plddt 0.40 ptm 0.88 i_ptm 0.43 energy -6.48
19 models [1] recycles 0 hard 0 soft 0 temp 0.64 loss 3.57 i_con 3.65 plddt 0.45 ptm 0.90 i_ptm 0.48 energy -6.69
20 models [1] recycles 0 hard 0 soft 0 temp 0.62 loss 3.85 i_con 3.94 plddt 0.42 ptm 0.89 i_ptm 0.38 energy -6.99
21 models [1] recycles 0 hard 0 soft 0 temp 0.60 loss 3.59 i_con 3.69 plddt 0.46 ptm 0.90 i_ptm 0.49 energy -7.28
22 models [0] recycles 0 hard 0 soft 0 temp 0.58 loss 3.37 i_con 3.46 plddt 0.47 ptm 0.88 i_ptm 0.54 energy -7.18
23 models [1] recycles 0 hard 0 soft 0 temp 0.56 loss 3.73 i_con 3.81 plddt 0.36 ptm 0.89 i_ptm 0.38 energy -6.97
24 models [1] recycles 0 hard 0 soft 0 temp 0.54 loss 3.86 i_con 3.95 plddt 0.36 ptm 0.89 i_ptm 0.33 energy -7.44
25 models [0] recycles 0 hard 0 soft 0 temp 0.52 loss 3.47 i_con 3.57 plddt 0.41 ptm 0.88 i_ptm 0.48 energy -7.92
26 models [1] recycles 0 hard 0 soft 0 temp 0.50 loss 3.91 i_con 4.00 plddt 0.34 ptm 0.89 i_ptm 0.29 energy -7.83
27 models [1] recycles 0 hard 0 soft 0 temp 0.48 loss 3.84 i_con 3.94 plddt 0.35 ptm 0.89 i_ptm 0.32 energy -8.45
28 models [1] recycles 0 hard 0 soft 0 temp 0.46 loss 3.39 i_con 3.51 plddt 0.45 ptm 0.90 i_ptm 0.49 energy -8.69
29 models [0] recycles 0 hard 0 soft 0 temp 0.44 loss 3.50 i_con 3.61 plddt 0.44 ptm 0.88 i_ptm 0.51 energy -8.64
30 models [1] recycles 0 hard 0 soft 0 temp 0.42 loss 3.04 i_con 3.17 plddt 0.56 ptm 0.90 i_ptm 0.65 energy -8.76
31 models [1] recycles 0 hard 0 soft 0 temp 0.40 loss 3.17 i_con 3.29 plddt 0.53 ptm 0.90 i_ptm 0.58 energy -8.46
32 models [1] recycles 0 hard 0 soft 0 temp 0.38 loss 2.69 i_con 2.83 plddt 0.62 ptm 0.91 i_ptm 0.73 energy -8.65
33 models [0] recycles 0 hard 0 soft 0 temp 0.36 loss 3.48 i_con 3.60 plddt 0.47 ptm 0.88 i_ptm 0.55 energy -8.42
34 models [0] recycles 0 hard 0 soft 0 temp 0.34 loss 3.52 i_con 3.65 plddt 0.47 ptm 0.88 i_ptm 0.54 energy -9.08
35 models [0] recycles 0 hard 0 soft 0 temp 0.32 loss 3.75 i_con 3.87 plddt 0.42 ptm 0.87 i_ptm 0.45 energy -9.02
36 models [0] recycles 0 hard 0 soft 0 temp 0.30 loss 3.23 i_con 3.38 plddt 0.54 ptm 0.89 i_ptm 0.63 energy -9.43
37 models [0] recycles 0 hard 0 soft 0 temp 0.28 loss 2.81 i_con 2.96 plddt 0.59 ptm 0.89 i_ptm 0.70 energy -9.41
38 models [1] recycles 0 hard 0 soft 0 temp 0.26 loss 2.38 i_con 2.54 plddt 0.69 ptm 0.91 i_ptm 0.79 energy -9.82
39 models [1] recycles 0 hard 0 soft 0 temp 0.24 loss 2.39 i_con 2.55 plddt 0.69 ptm 0.91 i_ptm 0.77 energy -9.23
40 models [1] recycles 0 hard 0 soft 0 temp 0.22 loss 2.29 i_con 2.44 plddt 0.70 ptm 0.91 i_ptm 0.78 energy -9.03
41 models [0] recycles 0 hard 0 soft 0 temp 0.20 loss 2.75 i_con 2.89 plddt 0.60 ptm 0.89 i_ptm 0.73 energy -9.00
42 models [0] recycles 0 hard 0 soft 0 temp 0.18 loss 2.81 i_con 2.96 plddt 0.60 ptm 0.89 i_ptm 0.68 energy -9.53
43 models [0] recycles 0 hard 0 soft 0 temp 0.16 loss 2.40 i_con 2.55 plddt 0.69 ptm 0.89 i_ptm 0.76 energy -9.18
44 models [0] recycles 0 hard 0 soft 0 temp 0.14 loss 2.22 i_con 2.39 plddt 0.68 ptm 0.89 i_ptm 0.79 energy -9.87
45 models [0] recycles 0 hard 0 soft 0 temp 0.12 loss 2.64 i_con 2.81 plddt 0.62 ptm 0.89 i_ptm 0.71 energy -10.04
46 models [0] recycles 0 hard 0 soft 0 temp 0.10 loss 2.28 i_con 2.44 plddt 0.70 ptm 0.90 i_ptm 0.77 energy -9.80
47 models [1] recycles 0 hard 0 soft 0 temp 0.08 loss 2.01 i_con 2.19 plddt 0.77 ptm 0.91 i_ptm 0.81 energy -10.13
48 models [0] recycles 0 hard 0 soft 0 temp 0.06 loss 2.40 i_con 2.57 plddt 0.67 ptm 0.89 i_ptm 0.76 energy -10.46
49 models [0] recycles 0 hard 0 soft 0 temp 0.04 loss 2.36 i_con 2.54 plddt 0.69 ptm 0.89 i_ptm 0.77 energy -10.69
50 models [1] recycles 0 hard 0 soft 0 temp 0.02 loss 1.81 i_con 2.00 plddt 0.78 ptm 0.92 i_ptm 0.85 energy -10.50
51 models [1] recycles 0 hard 1 soft 0 temp 0.00 loss 4.22 i_con 4.17 plddt 0.38 ptm 0.89 i_ptm 0.33 energy -0.13
52 models [0] recycles 0 hard 1 soft 0 temp 0.00 loss 4.65 i_con 4.59 plddt 0.29 ptm 0.87 i_ptm 0.22 energy -0.13
53 models [1] recycles 0 hard 1 soft 0 temp 0.00 loss 4.22 i_con 4.17 plddt 0.38 ptm 0.89 i_ptm 0.33 energy -0.13
54 models [1] recycles 0 hard 1 soft 0 temp 0.00 loss 4.22 i_con 4.17 plddt 0.38 ptm 0.89 i_ptm 0.33 energy -0.13
55 models [0] recycles 0 hard 1 soft 0 temp 0.00 loss 4.65 i_con 4.59 plddt 0.29 ptm 0.87 i_ptm 0.22 energy -0.13
56 models [0] recycles 0 hard 1 soft 0 temp 0.00 loss 4.65 i_con 4.59 plddt 0.29 ptm 0.87 i_ptm 0.22 energy -0.13
57 models [0] recycles 0 hard 1 soft 0 temp 0.00 loss 4.65 i_con 4.59 plddt 0.29 ptm 0.87 i_ptm 0.22 energy -0.13
58 models [1] recycles 0 hard 1 soft 0 temp 0.00 loss 4.22 i_con 4.17 plddt 0.38 ptm 0.89 i_ptm 0.33 energy -0.13
59 models [0] recycles 0 hard 1 soft 0 temp 0.00 loss 4.65 i_con 4.59 plddt 0.29 ptm 0.87 i_ptm 0.22 energy -0.13
60 models [1] recycles 0 hard 1 soft 0 temp 0.00 loss 4.22 i_con 4.17 plddt 0.38 ptm 0.89 i_ptm 0.33 energy -0.13
61 models [1] recycles 0 hard 1 soft 0 temp 0.00 loss 4.22 i_con 4.17 plddt 0.38 ptm 0.89 i_ptm 0.33 energy -0.13
62 models [0] recycles 0 hard 1 soft 0 temp 0.00 loss 4.65 i_con 4.59 plddt 0.29 ptm 0.87 i_ptm 0.22 energy -0.13
63 models [0] recycles 0 hard 1 soft 0 temp 0.00 loss 4.65 i_con 4.59 plddt 0.29 ptm 0.87 i_ptm 0.22 energy -0.13
64 models [1] recycles 0 hard 1 soft 0 temp 0.00 loss 4.22 i_con 4.17 plddt 0.38 ptm 0.89 i_ptm 0.33 energy -0.13
65 models [0] recycles 0 hard 1 soft 0 temp 0.00 loss 4.65 i_con 4.59 plddt 0.29 ptm 0.87 i_ptm 0.22 energy -0.13
66 models [0] recycles 0 hard 1 soft 0 temp 0.00 loss 4.65 i_con 4.59 plddt 0.29 ptm 0.87 i_ptm 0.22 energy -0.13
67 models [0] recycles 0 hard 1 soft 0 temp 0.00 loss 4.65 i_con 4.59 plddt 0.29 ptm 0.87 i_ptm 0.22 energy -0.13
68 models [0] recycles 0 hard 1 soft 0 temp 0.00 loss 4.65 i_con 4.59 plddt 0.29 ptm 0.87 i_ptm 0.22 energy -0.13
69 models [1] recycles 0 hard 1 soft 0 temp 0.00 loss 4.22 i_con 4.17 plddt 0.38 ptm 0.89 i_ptm 0.33 energy -0.13
70 models [1] recycles 0 hard 1 soft 0 temp 0.00 loss 4.22 i_con 4.17 plddt 0.38 ptm 0.89 i_ptm 0.33 energy -0.13
71 models [0] recycles 0 hard 1 soft 0 temp 0.00 loss 4.65 i_con 4.59 plddt 0.29 ptm 0.87 i_ptm 0.22 energy -0.13
72 models [0] recycles 0 hard 1 soft 0 temp 0.00 loss 4.65 i_con 4.59 plddt 0.29 ptm 0.87 i_ptm 0.22 energy -0.13
73 models [1] recycles 0 hard 1 soft 0 temp 0.00 loss 4.22 i_con 4.17 plddt 0.38 ptm 0.89 i_ptm 0.33 energy -0.13
74 models [1] recycles 0 hard 1 soft 0 temp 0.00 loss 4.22 i_con 4.17 plddt 0.38 ptm 0.89 i_ptm 0.33 energy -0.13
75 models [1] recycles 0 hard 1 soft 0 temp 0.00 loss 4.22 i_con 4.17 plddt 0.38 ptm 0.89 i_ptm 0.33 energy -0.13
76 models [1] recycles 0 hard 1 soft 0 temp 0.00 loss 4.22 i_con 4.17 plddt 0.38 ptm 0.89 i_ptm 0.33 energy -0.13
77 models [0] recycles 0 hard 1 soft 0 temp 0.00 loss 4.65 i_con 4.59 plddt 0.29 ptm 0.87 i_ptm 0.22 energy -0.13
78 models [0] recycles 0 hard 1 soft 0 temp 0.00 loss 4.65 i_con 4.59 plddt 0.29 ptm 0.87 i_ptm 0.22 energy -0.13
79 models [0] recycles 0 hard 1 soft 0 temp 0.00 loss 4.65 i_con 4.59 plddt 0.29 ptm 0.87 i_ptm 0.22 energy -0.13
80 models [1] recycles 0 hard 1 soft 0 temp 0.00 loss 4.22 i_con 4.17 plddt 0.38 ptm 0.89 i_ptm 0.33 energy -0.13
  → seq=SVCNVFDFFARCELL  loss=4.2239  loss_af=4.2305  energy=-0.1330  i_ptm=0.3286
[7/20] input=YVCNVYDHFARKEVL  seed=2 ...
1 models [1] recycles 0 hard 0 soft 0 temp 1 loss 5.78 i_con 5.70 plddt 0.37 ptm 0.88 i_ptm 0.14 energy 1.26
2 models [0] recycles 0 hard 0 soft 0 temp 0.98 loss 5.02 i_con 4.99 plddt 0.31 ptm 0.87 i_ptm 0.14 energy -2.08
3 models [0] recycles 0 hard 0 soft 0 temp 0.96 loss 4.98 i_con 4.97 plddt 0.32 ptm 0.87 i_ptm 0.16 energy -2.99
4 models [1] recycles 0 hard 0 soft 0 temp 0.94 loss 5.23 i_con 5.23 plddt 0.32 ptm 0.88 i_ptm 0.10 energy -3.59
5 models [1] recycles 0 hard 0 soft 0 temp 0.92 loss 4.50 i_con 4.50 plddt 0.33 ptm 0.88 i_ptm 0.18 energy -3.27
6 models [0] recycles 0 hard 0 soft 0 temp 0.90 loss 4.33 i_con 4.34 plddt 0.32 ptm 0.87 i_ptm 0.26 energy -3.83
7 models [1] recycles 0 hard 0 soft 0 temp 0.88 loss 4.67 i_con 4.69 plddt 0.33 ptm 0.88 i_ptm 0.19 energy -4.25
8 models [0] recycles 0 hard 0 soft 0 temp 0.86 loss 4.22 i_con 4.24 plddt 0.35 ptm 0.87 i_ptm 0.28 energy -4.24
9 models [1] recycles 0 hard 0 soft 0 temp 0.84 loss 4.45 i_con 4.48 plddt 0.37 ptm 0.88 i_ptm 0.21 energy -4.85
10 models [0] recycles 0 hard 0 soft 0 temp 0.82 loss 4.08 i_con 4.12 plddt 0.35 ptm 0.87 i_ptm 0.28 energy -5.29
11 models [1] recycles 0 hard 0 soft 0 temp 0.80 loss 3.83 i_con 3.89 plddt 0.43 ptm 0.89 i_ptm 0.38 energy -5.47
12 models [0] recycles 0 hard 0 soft 0 temp 0.78 loss 4.08 i_con 4.12 plddt 0.33 ptm 0.87 i_ptm 0.28 energy -5.41
13 models [0] recycles 0 hard 0 soft 0 temp 0.76 loss 3.97 i_con 4.02 plddt 0.39 ptm 0.87 i_ptm 0.37 energy -5.49
14 models [0] recycles 0 hard 0 soft 0 temp 0.74 loss 3.89 i_con 3.95 plddt 0.41 ptm 0.87 i_ptm 0.34 energy -6.19
15 models [0] recycles 0 hard 0 soft 0 temp 0.72 loss 3.70 i_con 3.77 plddt 0.41 ptm 0.87 i_ptm 0.43 energy -6.22
16 models [0] recycles 0 hard 0 soft 0 temp 0.70 loss 3.59 i_con 3.67 plddt 0.43 ptm 0.88 i_ptm 0.44 energy -6.85
17 models [0] recycles 0 hard 0 soft 0 temp 0.68 loss 3.68 i_con 3.77 plddt 0.42 ptm 0.88 i_ptm 0.40 energy -7.53
18 models [0] recycles 0 hard 0 soft 0 temp 0.66 loss 3.89 i_con 3.99 plddt 0.39 ptm 0.87 i_ptm 0.36 energy -7.80
19 models [1] recycles 0 hard 0 soft 0 temp 0.64 loss 3.65 i_con 3.76 plddt 0.46 ptm 0.89 i_ptm 0.44 energy -8.20
20 models [1] recycles 0 hard 0 soft 0 temp 0.62 loss 3.58 i_con 3.69 plddt 0.42 ptm 0.90 i_ptm 0.46 energy -8.45
21 models [1] recycles 0 hard 0 soft 0 temp 0.60 loss 3.34 i_con 3.46 plddt 0.47 ptm 0.90 i_ptm 0.55 energy -8.74
22 models [1] recycles 0 hard 0 soft 0 temp 0.58 loss 3.43 i_con 3.55 plddt 0.46 ptm 0.90 i_ptm 0.50 energy -8.66
23 models [0] recycles 0 hard 0 soft 0 temp 0.56 loss 3.72 i_con 3.83 plddt 0.39 ptm 0.88 i_ptm 0.39 energy -8.85
24 models [0] recycles 0 hard 0 soft 0 temp 0.54 loss 3.63 i_con 3.75 plddt 0.41 ptm 0.88 i_ptm 0.47 energy -8.91
25 models [0] recycles 0 hard 0 soft 0 temp 0.52 loss 3.71 i_con 3.84 plddt 0.41 ptm 0.88 i_ptm 0.41 energy -9.80
26 models [1] recycles 0 hard 0 soft 0 temp 0.50 loss 2.92 i_con 3.08 plddt 0.57 ptm 0.90 i_ptm 0.63 energy -10.06
27 models [1] recycles 0 hard 0 soft 0 temp 0.48 loss 3.14 i_con 3.29 plddt 0.52 ptm 0.90 i_ptm 0.60 energy -9.91
28 models [1] recycles 0 hard 0 soft 0 temp 0.46 loss 3.34 i_con 3.49 plddt 0.49 ptm 0.90 i_ptm 0.52 energy -10.12
29 models [0] recycles 0 hard 0 soft 0 temp 0.44 loss 3.42 i_con 3.57 plddt 0.47 ptm 0.88 i_ptm 0.50 energy -10.21
30 models [0] recycles 0 hard 0 soft 0 temp 0.42 loss 3.47 i_con 3.62 plddt 0.44 ptm 0.88 i_ptm 0.50 energy -10.43
31 models [0] recycles 0 hard 0 soft 0 temp 0.40 loss 3.48 i_con 3.65 plddt 0.46 ptm 0.88 i_ptm 0.49 energy -11.06
32 models [1] recycles 0 hard 0 soft 0 temp 0.38 loss 3.04 i_con 3.21 plddt 0.51 ptm 0.90 i_ptm 0.57 energy -11.28
33 models [1] recycles 0 hard 0 soft 0 temp 0.36 loss 3.32 i_con 3.50 plddt 0.49 ptm 0.90 i_ptm 0.54 energy -11.73
34 models [0] recycles 0 hard 0 soft 0 temp 0.34 loss 3.17 i_con 3.36 plddt 0.50 ptm 0.88 i_ptm 0.55 energy -11.97
35 models [1] recycles 0 hard 0 soft 0 temp 0.32 loss 3.02 i_con 3.22 plddt 0.52 ptm 0.90 i_ptm 0.58 energy -12.10
36 models [1] recycles 0 hard 0 soft 0 temp 0.30 loss 3.01 i_con 3.20 plddt 0.52 ptm 0.90 i_ptm 0.60 energy -11.79
37 models [0] recycles 0 hard 0 soft 0 temp 0.28 loss 3.33 i_con 3.52 plddt 0.47 ptm 0.88 i_ptm 0.48 energy -11.98
38 models [0] recycles 0 hard 0 soft 0 temp 0.26 loss 3.13 i_con 3.32 plddt 0.49 ptm 0.88 i_ptm 0.55 energy -12.09
39 models [0] recycles 0 hard 0 soft 0 temp 0.24 loss 3.04 i_con 3.23 plddt 0.54 ptm 0.89 i_ptm 0.60 energy -12.16
40 models [1] recycles 0 hard 0 soft 0 temp 0.22 loss 2.58 i_con 2.79 plddt 0.63 ptm 0.91 i_ptm 0.72 energy -12.29
41 models [1] recycles 0 hard 0 soft 0 temp 0.20 loss 2.59 i_con 2.80 plddt 0.62 ptm 0.91 i_ptm 0.73 energy -12.63
42 models [1] recycles 0 hard 0 soft 0 temp 0.18 loss 2.48 i_con 2.71 plddt 0.66 ptm 0.91 i_ptm 0.75 energy -13.10
43 models [1] recycles 0 hard 0 soft 0 temp 0.16 loss 2.38 i_con 2.61 plddt 0.69 ptm 0.91 i_ptm 0.80 energy -13.21
44 models [0] recycles 0 hard 0 soft 0 temp 0.14 loss 3.04 i_con 3.26 plddt 0.53 ptm 0.89 i_ptm 0.62 energy -13.13
45 models [0] recycles 0 hard 0 soft 0 temp 0.12 loss 3.01 i_con 3.22 plddt 0.53 ptm 0.89 i_ptm 0.64 energy -13.16
46 models [0] recycles 0 hard 0 soft 0 temp 0.10 loss 2.82 i_con 3.04 plddt 0.61 ptm 0.89 i_ptm 0.73 energy -13.17
47 models [0] recycles 0 hard 0 soft 0 temp 0.08 loss 2.69 i_con 2.91 plddt 0.63 ptm 0.89 i_ptm 0.76 energy -13.18
48 models [1] recycles 0 hard 0 soft 0 temp 0.06 loss 2.31 i_con 2.54 plddt 0.75 ptm 0.91 i_ptm 0.82 energy -13.09
49 models [1] recycles 0 hard 0 soft 0 temp 0.04 loss 2.11 i_con 2.35 plddt 0.78 ptm 0.91 i_ptm 0.86 energy -13.47
50 models [1] recycles 0 hard 0 soft 0 temp 0.02 loss 2.25 i_con 2.50 plddt 0.76 ptm 0.91 i_ptm 0.84 energy -13.98
51 models [1] recycles 0 hard 1 soft 0 temp 0.00 loss 5.06 i_con 5.10 plddt 0.32 ptm 0.89 i_ptm 0.11 energy -2.08
52 models [1] recycles 0 hard 1 soft 0 temp 0.00 loss 5.06 i_con 5.10 plddt 0.32 ptm 0.89 i_ptm 0.11 energy -2.08
53 models [1] recycles 0 hard 1 soft 0 temp 0.00 loss 5.06 i_con 5.10 plddt 0.32 ptm 0.89 i_ptm 0.11 energy -2.08
54 models [1] recycles 0 hard 1 soft 0 temp 0.00 loss 5.06 i_con 5.10 plddt 0.32 ptm 0.89 i_ptm 0.11 energy -2.08
55 models [1] recycles 0 hard 1 soft 0 temp 0.00 loss 5.06 i_con 5.10 plddt 0.32 ptm 0.89 i_ptm 0.11 energy -2.08
56 models [0] recycles 0 hard 1 soft 0 temp 0.00 loss 5.22 i_con 5.26 plddt 0.28 ptm 0.87 i_ptm 0.14 energy -2.08
57 models [0] recycles 0 hard 1 soft 0 temp 0.00 loss 5.22 i_con 5.26 plddt 0.28 ptm 0.87 i_ptm 0.14 energy -2.08
58 models [0] recycles 0 hard 1 soft 0 temp 0.00 loss 5.22 i_con 5.26 plddt 0.28 ptm 0.87 i_ptm 0.14 energy -2.08
59 models [0] recycles 0 hard 1 soft 0 temp 0.00 loss 5.22 i_con 5.26 plddt 0.28 ptm 0.87 i_ptm 0.14 energy -2.08
60 models [0] recycles 0 hard 1 soft 0 temp 0.00 loss 5.22 i_con 5.26 plddt 0.28 ptm 0.87 i_ptm 0.14 energy -2.08
61 models [1] recycles 0 hard 1 soft 0 temp 0.00 loss 5.06 i_con 5.10 plddt 0.32 ptm 0.89 i_ptm 0.11 energy -2.08
62 models [1] recycles 0 hard 1 soft 0 temp 0.00 loss 5.06 i_con 5.10 plddt 0.32 ptm 0.89 i_ptm 0.11 energy -2.08
63 models [1] recycles 0 hard 1 soft 0 temp 0.00 loss 5.06 i_con 5.10 plddt 0.32 ptm 0.89 i_ptm 0.11 energy -2.08
64 models [0] recycles 0 hard 1 soft 0 temp 0.00 loss 5.22 i_con 5.26 plddt 0.28 ptm 0.87 i_ptm 0.14 energy -2.08
65 models [1] recycles 0 hard 1 soft 0 temp 0.00 loss 5.06 i_con 5.10 plddt 0.32 ptm 0.89 i_ptm 0.11 energy -2.08
66 models [0] recycles 0 hard 1 soft 0 temp 0.00 loss 5.22 i_con 5.26 plddt 0.28 ptm 0.87 i_ptm 0.14 energy -2.08
67 models [0] recycles 0 hard 1 soft 0 temp 0.00 loss 5.22 i_con 5.26 plddt 0.28 ptm 0.87 i_ptm 0.14 energy -2.08
68 models [0] recycles 0 hard 1 soft 0 temp 0.00 loss 5.22 i_con 5.26 plddt 0.28 ptm 0.87 i_ptm 0.14 energy -2.08
69 models [1] recycles 0 hard 1 soft 0 temp 0.00 loss 5.06 i_con 5.10 plddt 0.32 ptm 0.89 i_ptm 0.11 energy -2.08
70 models [0] recycles 0 hard 1 soft 0 temp 0.00 loss 5.22 i_con 5.26 plddt 0.28 ptm 0.87 i_ptm 0.14 energy -2.08
71 models [0] recycles 0 hard 1 soft 0 temp 0.00 loss 5.22 i_con 5.26 plddt 0.28 ptm 0.87 i_ptm 0.14 energy -2.08
72 models [1] recycles 0 hard 1 soft 0 temp 0.00 loss 5.06 i_con 5.10 plddt 0.32 ptm 0.89 i_ptm 0.11 energy -2.08
73 models [1] recycles 0 hard 1 soft 0 temp 0.00 loss 5.06 i_con 5.10 plddt 0.32 ptm 0.89 i_ptm 0.11 energy -2.08
74 models [1] recycles 0 hard 1 soft 0 temp 0.00 loss 5.06 i_con 5.10 plddt 0.32 ptm 0.89 i_ptm 0.11 energy -2.08
75 models [0] recycles 0 hard 1 soft 0 temp 0.00 loss 5.22 i_con 5.26 plddt 0.28 ptm 0.87 i_ptm 0.14 energy -2.08
76 models [0] recycles 0 hard 1 soft 0 temp 0.00 loss 5.22 i_con 5.26 plddt 0.28 ptm 0.87 i_ptm 0.14 energy -2.08
77 models [0] recycles 0 hard 1 soft 0 temp 0.00 loss 5.22 i_con 5.26 plddt 0.28 ptm 0.87 i_ptm 0.14 energy -2.08
78 models [0] recycles 0 hard 1 soft 0 temp 0.00 loss 5.22 i_con 5.26 plddt 0.28 ptm 0.87 i_ptm 0.14 energy -2.08
79 models [1] recycles 0 hard 1 soft 0 temp 0.00 loss 5.06 i_con 5.10 plddt 0.32 ptm 0.89 i_ptm 0.11 energy -2.08
80 models [1] recycles 0 hard 1 soft 0 temp 0.00 loss 5.06 i_con 5.10 plddt 0.32 ptm 0.89 i_ptm 0.11 energy -2.08
  → seq=YVCNVADWAARKAVL  loss=5.0595  loss_af=5.1636  energy=-2.0813  i_ptm=0.1116
[8/20] input=YVCNVYDHFARKEVL  seed=3 ...
1 models [1] recycles 0 hard 0 soft 0 temp 1 loss 5.94 i_con 5.85 plddt 0.36 ptm 0.88 i_ptm 0.13 energy 1.26
2 models [1] recycles 0 hard 0 soft 0 temp 0.98 loss 5.16 i_con 5.13 plddt 0.33 ptm 0.88 i_ptm 0.12 energy -1.67
3 models [0] recycles 0 hard 0 soft 0 temp 0.96 loss 4.78 i_con 4.78 plddt 0.29 ptm 0.87 i_ptm 0.17 energy -3.37
4 models [0] recycles 0 hard 0 soft 0 temp 0.94 loss 4.29 i_con 4.29 plddt 0.33 ptm 0.87 i_ptm 0.24 energy -3.41
5 models [1] recycles 0 hard 0 soft 0 temp 0.92 loss 4.60 i_con 4.61 plddt 0.34 ptm 0.89 i_ptm 0.20 energy -4.07
6 models [1] recycles 0 hard 0 soft 0 temp 0.90 loss 4.45 i_con 4.47 plddt 0.37 ptm 0.89 i_ptm 0.20 energy -3.78
7 models [1] recycles 0 hard 0 soft 0 temp 0.88 loss 4.45 i_con 4.47 plddt 0.34 ptm 0.88 i_ptm 0.22 energy -4.32
8 models [0] recycles 0 hard 0 soft 0 temp 0.86 loss 4.11 i_con 4.13 plddt 0.32 ptm 0.87 i_ptm 0.27 energy -4.13
9 models [0] recycles 0 hard 0 soft 0 temp 0.84 loss 4.01 i_con 4.05 plddt 0.35 ptm 0.87 i_ptm 0.33 energy -5.12
10 models [0] recycles 0 hard 0 soft 0 temp 0.82 loss 4.05 i_con 4.10 plddt 0.32 ptm 0.87 i_ptm 0.31 energy -5.97
11 models [1] recycles 0 hard 0 soft 0 temp 0.80 loss 3.85 i_con 3.90 plddt 0.36 ptm 0.89 i_ptm 0.37 energy -6.08
12 models [0] recycles 0 hard 0 soft 0 temp 0.78 loss 3.98 i_con 4.04 plddt 0.33 ptm 0.87 i_ptm 0.29 energy -6.38
13 models [0] recycles 0 hard 0 soft 0 temp 0.76 loss 3.96 i_con 4.03 plddt 0.33 ptm 0.87 i_ptm 0.31 energy -7.13
14 models [0] recycles 0 hard 0 soft 0 temp 0.74 loss 4.03 i_con 4.11 plddt 0.31 ptm 0.87 i_ptm 0.27 energy -7.51
15 models [1] recycles 0 hard 0 soft 0 temp 0.72 loss 3.95 i_con 4.06 plddt 0.36 ptm 0.89 i_ptm 0.30 energy -8.51
16 models [0] recycles 0 hard 0 soft 0 temp 0.70 loss 3.81 i_con 3.91 plddt 0.34 ptm 0.87 i_ptm 0.34 energy -8.59
17 models [0] recycles 0 hard 0 soft 0 temp 0.68 loss 3.84 i_con 3.97 plddt 0.38 ptm 0.87 i_ptm 0.33 energy -9.48
18 models [1] recycles 0 hard 0 soft 0 temp 0.66 loss 3.75 i_con 3.90 plddt 0.39 ptm 0.89 i_ptm 0.36 energy -10.44
19 models [1] recycles 0 hard 0 soft 0 temp 0.64 loss 3.91 i_con 4.06 plddt 0.35 ptm 0.89 i_ptm 0.32 energy -10.77
20 models [1] recycles 0 hard 0 soft 0 temp 0.62 loss 3.78 i_con 3.94 plddt 0.37 ptm 0.89 i_ptm 0.32 energy -11.01
21 models [1] recycles 0 hard 0 soft 0 temp 0.60 loss 3.68 i_con 3.84 plddt 0.37 ptm 0.89 i_ptm 0.35 energy -11.32
22 models [0] recycles 0 hard 0 soft 0 temp 0.58 loss 3.75 i_con 3.93 plddt 0.35 ptm 0.87 i_ptm 0.32 energy -11.79
23 models [0] recycles 0 hard 0 soft 0 temp 0.56 loss 3.82 i_con 4.00 plddt 0.33 ptm 0.87 i_ptm 0.30 energy -12.04
24 models [1] recycles 0 hard 0 soft 0 temp 0.54 loss 3.73 i_con 3.91 plddt 0.38 ptm 0.89 i_ptm 0.37 energy -12.26
25 models [1] recycles 0 hard 0 soft 0 temp 0.52 loss 3.58 i_con 3.75 plddt 0.38 ptm 0.89 i_ptm 0.41 energy -11.90
26 models [1] recycles 0 hard 0 soft 0 temp 0.50 loss 3.53 i_con 3.72 plddt 0.44 ptm 0.90 i_ptm 0.43 energy -12.05
27 models [0] recycles 0 hard 0 soft 0 temp 0.48 loss 3.70 i_con 3.88 plddt 0.39 ptm 0.88 i_ptm 0.39 energy -12.25
28 models [1] recycles 0 hard 0 soft 0 temp 0.46 loss 3.35 i_con 3.56 plddt 0.45 ptm 0.90 i_ptm 0.50 energy -13.09
29 models [1] recycles 0 hard 0 soft 0 temp 0.44 loss 3.69 i_con 3.91 plddt 0.40 ptm 0.89 i_ptm 0.38 energy -13.84
30 models [1] recycles 0 hard 0 soft 0 temp 0.42 loss 3.34 i_con 3.56 plddt 0.48 ptm 0.90 i_ptm 0.50 energy -13.62
31 models [1] recycles 0 hard 0 soft 0 temp 0.40 loss 3.13 i_con 3.36 plddt 0.49 ptm 0.90 i_ptm 0.57 energy -14.01
32 models [0] recycles 0 hard 0 soft 0 temp 0.38 loss 3.80 i_con 4.03 plddt 0.37 ptm 0.88 i_ptm 0.31 energy -14.54
33 models [1] recycles 0 hard 0 soft 0 temp 0.36 loss 2.89 i_con 3.14 plddt 0.55 ptm 0.90 i_ptm 0.64 energy -14.75
34 models [0] recycles 0 hard 0 soft 0 temp 0.34 loss 3.51 i_con 3.75 plddt 0.38 ptm 0.88 i_ptm 0.42 energy -15.04
35 models [0] recycles 0 hard 0 soft 0 temp 0.32 loss 3.59 i_con 3.84 plddt 0.39 ptm 0.87 i_ptm 0.38 energy -15.56
36 models [1] recycles 0 hard 0 soft 0 temp 0.30 loss 3.04 i_con 3.30 plddt 0.52 ptm 0.90 i_ptm 0.60 energy -15.38
37 models [0] recycles 0 hard 0 soft 0 temp 0.28 loss 3.55 i_con 3.80 plddt 0.41 ptm 0.88 i_ptm 0.41 energy -15.50
38 models [1] recycles 0 hard 0 soft 0 temp 0.26 loss 3.60 i_con 3.86 plddt 0.37 ptm 0.89 i_ptm 0.38 energy -16.11
39 models [1] recycles 0 hard 0 soft 0 temp 0.24 loss 2.98 i_con 3.26 plddt 0.54 ptm 0.90 i_ptm 0.58 energy -16.29
40 models [0] recycles 0 hard 0 soft 0 temp 0.22 loss 3.53 i_con 3.80 plddt 0.42 ptm 0.87 i_ptm 0.38 energy -16.29
41 models [0] recycles 0 hard 0 soft 0 temp 0.20 loss 3.55 i_con 3.82 plddt 0.42 ptm 0.87 i_ptm 0.42 energy -16.51
42 models [1] recycles 0 hard 0 soft 0 temp 0.18 loss 3.26 i_con 3.54 plddt 0.46 ptm 0.90 i_ptm 0.51 energy -16.84
43 models [1] recycles 0 hard 0 soft 0 temp 0.16 loss 3.13 i_con 3.42 plddt 0.49 ptm 0.90 i_ptm 0.57 energy -16.80
44 models [0] recycles 0 hard 0 soft 0 temp 0.14 loss 3.46 i_con 3.74 plddt 0.38 ptm 0.88 i_ptm 0.40 energy -17.12
45 models [1] recycles 0 hard 0 soft 0 temp 0.12 loss 2.52 i_con 2.85 plddt 0.63 ptm 0.91 i_ptm 0.71 energy -18.12
46 models [0] recycles 0 hard 0 soft 0 temp 0.10 loss 3.60 i_con 3.91 plddt 0.42 ptm 0.87 i_ptm 0.36 energy -18.47
47 models [1] recycles 0 hard 0 soft 0 temp 0.08 loss 2.37 i_con 2.71 plddt 0.66 ptm 0.91 i_ptm 0.73 energy -18.45
48 models [0] recycles 0 hard 0 soft 0 temp 0.06 loss 3.51 i_con 3.82 plddt 0.38 ptm 0.88 i_ptm 0.40 energy -18.76
49 models [0] recycles 0 hard 0 soft 0 temp 0.04 loss 3.53 i_con 3.85 plddt 0.40 ptm 0.88 i_ptm 0.40 energy -18.72
50 models [0] recycles 0 hard 0 soft 0 temp 0.02 loss 3.37 i_con 3.69 plddt 0.45 ptm 0.88 i_ptm 0.48 energy -18.86
51 models [0] recycles 0 hard 1 soft 0 temp 0.00 loss 4.51 i_con 4.56 plddt 0.31 ptm 0.87 i_ptm 0.22 energy -2.48
52 models [1] recycles 0 hard 1 soft 0 temp 0.00 loss 5.10 i_con 5.16 plddt 0.37 ptm 0.89 i_ptm 0.12 energy -2.48
53 models [0] recycles 0 hard 1 soft 0 temp 0.00 loss 4.51 i_con 4.56 plddt 0.31 ptm 0.87 i_ptm 0.22 energy -2.48
54 models [1] recycles 0 hard 1 soft 0 temp 0.00 loss 5.10 i_con 5.16 plddt 0.37 ptm 0.89 i_ptm 0.12 energy -2.48
55 models [1] recycles 0 hard 1 soft 0 temp 0.00 loss 5.10 i_con 5.16 plddt 0.37 ptm 0.89 i_ptm 0.12 energy -2.48
56 models [0] recycles 0 hard 1 soft 0 temp 0.00 loss 4.51 i_con 4.56 plddt 0.31 ptm 0.87 i_ptm 0.22 energy -2.48
57 models [0] recycles 0 hard 1 soft 0 temp 0.00 loss 4.51 i_con 4.56 plddt 0.31 ptm 0.87 i_ptm 0.22 energy -2.48
58 models [0] recycles 0 hard 1 soft 0 temp 0.00 loss 4.51 i_con 4.56 plddt 0.31 ptm 0.87 i_ptm 0.22 energy -2.48
59 models [1] recycles 0 hard 1 soft 0 temp 0.00 loss 5.10 i_con 5.16 plddt 0.37 ptm 0.89 i_ptm 0.12 energy -2.48
60 models [1] recycles 0 hard 1 soft 0 temp 0.00 loss 5.10 i_con 5.16 plddt 0.37 ptm 0.89 i_ptm 0.12 energy -2.48
61 models [1] recycles 0 hard 1 soft 0 temp 0.00 loss 5.10 i_con 5.16 plddt 0.37 ptm 0.89 i_ptm 0.12 energy -2.48
62 models [0] recycles 0 hard 1 soft 0 temp 0.00 loss 4.51 i_con 4.56 plddt 0.31 ptm 0.87 i_ptm 0.22 energy -2.48
63 models [1] recycles 0 hard 1 soft 0 temp 0.00 loss 5.10 i_con 5.16 plddt 0.37 ptm 0.89 i_ptm 0.12 energy -2.48
64 models [1] recycles 0 hard 1 soft 0 temp 0.00 loss 5.10 i_con 5.16 plddt 0.37 ptm 0.89 i_ptm 0.12 energy -2.48
65 models [1] recycles 0 hard 1 soft 0 temp 0.00 loss 5.10 i_con 5.16 plddt 0.37 ptm 0.89 i_ptm 0.12 energy -2.48
66 models [0] recycles 0 hard 1 soft 0 temp 0.00 loss 4.51 i_con 4.56 plddt 0.31 ptm 0.87 i_ptm 0.22 energy -2.48
67 models [1] recycles 0 hard 1 soft 0 temp 0.00 loss 5.10 i_con 5.16 plddt 0.37 ptm 0.89 i_ptm 0.12 energy -2.48
68 models [1] recycles 0 hard 1 soft 0 temp 0.00 loss 5.10 i_con 5.16 plddt 0.37 ptm 0.89 i_ptm 0.12 energy -2.48
69 models [0] recycles 0 hard 1 soft 0 temp 0.00 loss 4.51 i_con 4.56 plddt 0.31 ptm 0.87 i_ptm 0.22 energy -2.48
70 models [0] recycles 0 hard 1 soft 0 temp 0.00 loss 4.51 i_con 4.56 plddt 0.31 ptm 0.87 i_ptm 0.22 energy -2.48
71 models [1] recycles 0 hard 1 soft 0 temp 0.00 loss 5.10 i_con 5.16 plddt 0.37 ptm 0.89 i_ptm 0.12 energy -2.48
72 models [1] recycles 0 hard 1 soft 0 temp 0.00 loss 5.10 i_con 5.16 plddt 0.37 ptm 0.89 i_ptm 0.12 energy -2.48
73 models [0] recycles 0 hard 1 soft 0 temp 0.00 loss 4.51 i_con 4.56 plddt 0.31 ptm 0.87 i_ptm 0.22 energy -2.48
74 models [0] recycles 0 hard 1 soft 0 temp 0.00 loss 4.51 i_con 4.56 plddt 0.31 ptm 0.87 i_ptm 0.22 energy -2.48
75 models [0] recycles 0 hard 1 soft 0 temp 0.00 loss 4.51 i_con 4.56 plddt 0.31 ptm 0.87 i_ptm 0.22 energy -2.48
76 models [1] recycles 0 hard 1 soft 0 temp 0.00 loss 5.10 i_con 5.16 plddt 0.37 ptm 0.89 i_ptm 0.12 energy -2.48
77 models [0] recycles 0 hard 1 soft 0 temp 0.00 loss 4.51 i_con 4.56 plddt 0.31 ptm 0.87 i_ptm 0.22 energy -2.48
78 models [0] recycles 0 hard 1 soft 0 temp 0.00 loss 4.51 i_con 4.56 plddt 0.31 ptm 0.87 i_ptm 0.22 energy -2.48
79 models [0] recycles 0 hard 1 soft 0 temp 0.00 loss 4.51 i_con 4.56 plddt 0.31 ptm 0.87 i_ptm 0.22 energy -2.48
80 models [0] recycles 0 hard 1 soft 0 temp 0.00 loss 4.51 i_con 4.56 plddt 0.31 ptm 0.87 i_ptm 0.22 energy -2.48
  → seq=YVCNVFEHFARKELL  loss=4.5079  loss_af=4.6319  energy=-2.4801  i_ptm=0.2250
[9/20] input=YHPQVEGSPEMKKCL  seed=0 ...
1 models [1] recycles 0 hard 0 soft 0 temp 1 loss 6.52 i_con 6.53 plddt 0.40 ptm 0.88 i_ptm 0.10 energy -3.51
2 models [0] recycles 0 hard 0 soft 0 temp 0.98 loss 6.32 i_con 6.36 plddt 0.35 ptm 0.87 i_ptm 0.21 energy -5.12
3 models [0] recycles 0 hard 0 soft 0 temp 0.96 loss 6.20 i_con 6.26 plddt 0.35 ptm 0.87 i_ptm 0.19 energy -6.16
4 models [1] recycles 0 hard 0 soft 0 temp 0.94 loss 5.84 i_con 5.92 plddt 0.43 ptm 0.88 i_ptm 0.12 energy -6.76
5 models [0] recycles 0 hard 0 soft 0 temp 0.92 loss 5.96 i_con 6.04 plddt 0.35 ptm 0.87 i_ptm 0.17 energy -7.33
6 models [0] recycles 0 hard 0 soft 0 temp 0.90 loss 5.41 i_con 5.49 plddt 0.36 ptm 0.87 i_ptm 0.14 energy -7.34
7 models [0] recycles 0 hard 0 soft 0 temp 0.88 loss 5.06 i_con 5.15 plddt 0.35 ptm 0.87 i_ptm 0.13 energy -7.66
8 models [0] recycles 0 hard 0 soft 0 temp 0.86 loss 5.34 i_con 5.41 plddt 0.32 ptm 0.87 i_ptm 0.12 energy -7.22
9 models [0] recycles 0 hard 0 soft 0 temp 0.84 loss 5.09 i_con 5.17 plddt 0.32 ptm 0.87 i_ptm 0.15 energy -7.64
10 models [0] recycles 0 hard 0 soft 0 temp 0.82 loss 5.32 i_con 5.40 plddt 0.33 ptm 0.87 i_ptm 0.13 energy -7.43
11 models [0] recycles 0 hard 0 soft 0 temp 0.80 loss 4.53 i_con 4.61 plddt 0.29 ptm 0.87 i_ptm 0.15 energy -7.83
12 models [1] recycles 0 hard 0 soft 0 temp 0.78 loss 4.89 i_con 5.00 plddt 0.39 ptm 0.88 i_ptm 0.12 energy -8.50
13 models [1] recycles 0 hard 0 soft 0 temp 0.76 loss 4.65 i_con 4.76 plddt 0.36 ptm 0.88 i_ptm 0.11 energy -8.56
14 models [0] recycles 0 hard 0 soft 0 temp 0.74 loss 4.59 i_con 4.71 plddt 0.33 ptm 0.86 i_ptm 0.15 energy -9.33
15 models [1] recycles 0 hard 0 soft 0 temp 0.72 loss 4.44 i_con 4.56 plddt 0.35 ptm 0.88 i_ptm 0.14 energy -9.13
16 models [1] recycles 0 hard 0 soft 0 temp 0.70 loss 4.60 i_con 4.74 plddt 0.35 ptm 0.88 i_ptm 0.12 energy -10.06
17 models [1] recycles 0 hard 0 soft 0 temp 0.68 loss 4.43 i_con 4.56 plddt 0.34 ptm 0.89 i_ptm 0.15 energy -10.01
18 models [1] recycles 0 hard 0 soft 0 temp 0.66 loss 4.25 i_con 4.39 plddt 0.31 ptm 0.89 i_ptm 0.20 energy -10.33
19 models [1] recycles 0 hard 0 soft 0 temp 0.64 loss 4.32 i_con 4.47 plddt 0.34 ptm 0.89 i_ptm 0.16 energy -11.00
20 models [0] recycles 0 hard 0 soft 0 temp 0.62 loss 4.36 i_con 4.51 plddt 0.31 ptm 0.87 i_ptm 0.18 energy -11.04
21 models [1] recycles 0 hard 0 soft 0 temp 0.60 loss 4.35 i_con 4.51 plddt 0.36 ptm 0.89 i_ptm 0.19 energy -11.10
22 models [0] recycles 0 hard 0 soft 0 temp 0.58 loss 4.23 i_con 4.39 plddt 0.31 ptm 0.87 i_ptm 0.20 energy -11.60
23 models [0] recycles 0 hard 0 soft 0 temp 0.56 loss 4.11 i_con 4.29 plddt 0.36 ptm 0.87 i_ptm 0.19 energy -12.08
24 models [1] recycles 0 hard 0 soft 0 temp 0.54 loss 4.33 i_con 4.50 plddt 0.34 ptm 0.88 i_ptm 0.19 energy -11.89
25 models [1] recycles 0 hard 0 soft 0 temp 0.52 loss 3.83 i_con 4.01 plddt 0.39 ptm 0.89 i_ptm 0.26 energy -12.14
26 models [0] recycles 0 hard 0 soft 0 temp 0.50 loss 4.11 i_con 4.30 plddt 0.33 ptm 0.87 i_ptm 0.21 energy -12.98
27 models [0] recycles 0 hard 0 soft 0 temp 0.48 loss 3.93 i_con 4.13 plddt 0.36 ptm 0.87 i_ptm 0.22 energy -12.99
28 models [0] recycles 0 hard 0 soft 0 temp 0.46 loss 4.00 i_con 4.21 plddt 0.35 ptm 0.87 i_ptm 0.21 energy -13.67
29 models [0] recycles 0 hard 0 soft 0 temp 0.44 loss 3.92 i_con 4.13 plddt 0.34 ptm 0.87 i_ptm 0.24 energy -14.10
30 models [1] recycles 0 hard 0 soft 0 temp 0.42 loss 3.84 i_con 4.08 plddt 0.37 ptm 0.89 i_ptm 0.26 energy -14.89
31 models [0] recycles 0 hard 0 soft 0 temp 0.40 loss 3.85 i_con 4.10 plddt 0.35 ptm 0.87 i_ptm 0.25 energy -15.41
32 models [1] recycles 0 hard 0 soft 0 temp 0.38 loss 3.80 i_con 4.04 plddt 0.36 ptm 0.89 i_ptm 0.27 energy -15.31
33 models [0] recycles 0 hard 0 soft 0 temp 0.36 loss 3.96 i_con 4.21 plddt 0.36 ptm 0.87 i_ptm 0.20 energy -16.04
34 models [1] recycles 0 hard 0 soft 0 temp 0.34 loss 3.81 i_con 4.08 plddt 0.37 ptm 0.88 i_ptm 0.21 energy -16.50
35 models [0] recycles 0 hard 0 soft 0 temp 0.32 loss 3.68 i_con 3.95 plddt 0.39 ptm 0.87 i_ptm 0.29 energy -16.80
36 models [0] recycles 0 hard 0 soft 0 temp 0.30 loss 3.66 i_con 3.94 plddt 0.35 ptm 0.87 i_ptm 0.28 energy -17.25
37 models [1] recycles 0 hard 0 soft 0 temp 0.28 loss 3.67 i_con 3.97 plddt 0.37 ptm 0.89 i_ptm 0.30 energy -18.05
38 models [0] recycles 0 hard 0 soft 0 temp 0.26 loss 3.49 i_con 3.80 plddt 0.38 ptm 0.87 i_ptm 0.32 energy -18.55
39 models [0] recycles 0 hard 0 soft 0 temp 0.24 loss 3.48 i_con 3.80 plddt 0.38 ptm 0.88 i_ptm 0.33 energy -18.97
40 models [1] recycles 0 hard 0 soft 0 temp 0.22 loss 3.52 i_con 3.85 plddt 0.40 ptm 0.89 i_ptm 0.33 energy -19.34
41 models [1] recycles 0 hard 0 soft 0 temp 0.20 loss 3.59 i_con 3.94 plddt 0.39 ptm 0.89 i_ptm 0.32 energy -20.40
42 models [0] recycles 0 hard 0 soft 0 temp 0.18 loss 3.61 i_con 3.95 plddt 0.37 ptm 0.87 i_ptm 0.28 energy -20.49
43 models [1] recycles 0 hard 0 soft 0 temp 0.16 loss 3.51 i_con 3.87 plddt 0.41 ptm 0.89 i_ptm 0.32 energy -21.07
44 models [0] recycles 0 hard 0 soft 0 temp 0.14 loss 3.51 i_con 3.87 plddt 0.36 ptm 0.87 i_ptm 0.29 energy -21.04
45 models [0] recycles 0 hard 0 soft 0 temp 0.12 loss 3.43 i_con 3.80 plddt 0.37 ptm 0.87 i_ptm 0.32 energy -21.82
46 models [0] recycles 0 hard 0 soft 0 temp 0.10 loss 3.33 i_con 3.72 plddt 0.40 ptm 0.87 i_ptm 0.36 energy -22.78
47 models [0] recycles 0 hard 0 soft 0 temp 0.08 loss 3.42 i_con 3.82 plddt 0.40 ptm 0.87 i_ptm 0.34 energy -22.92
48 models [0] recycles 0 hard 0 soft 0 temp 0.06 loss 3.28 i_con 3.70 plddt 0.42 ptm 0.88 i_ptm 0.38 energy -23.87
49 models [1] recycles 0 hard 0 soft 0 temp 0.04 loss 3.03 i_con 3.46 plddt 0.48 ptm 0.89 i_ptm 0.50 energy -24.14
50 models [0] recycles 0 hard 0 soft 0 temp 0.02 loss 3.17 i_con 3.60 plddt 0.45 ptm 0.88 i_ptm 0.44 energy -24.38
51 models [1] recycles 0 hard 1 soft 0 temp 0.00 loss 5.12 i_con 5.19 plddt 0.33 ptm 0.89 i_ptm 0.12 energy -2.77
52 models [0] recycles 0 hard 1 soft 0 temp 0.00 loss 5.07 i_con 5.14 plddt 0.27 ptm 0.87 i_ptm 0.16 energy -2.77
53 models [0] recycles 0 hard 1 soft 0 temp 0.00 loss 5.07 i_con 5.14 plddt 0.27 ptm 0.87 i_ptm 0.16 energy -2.77
54 models [0] recycles 0 hard 1 soft 0 temp 0.00 loss 5.07 i_con 5.14 plddt 0.27 ptm 0.87 i_ptm 0.16 energy -2.77
55 models [0] recycles 0 hard 1 soft 0 temp 0.00 loss 5.07 i_con 5.14 plddt 0.27 ptm 0.87 i_ptm 0.16 energy -2.77
56 models [1] recycles 0 hard 1 soft 0 temp 0.00 loss 5.12 i_con 5.19 plddt 0.33 ptm 0.89 i_ptm 0.12 energy -2.77
57 models [0] recycles 0 hard 1 soft 0 temp 0.00 loss 5.07 i_con 5.14 plddt 0.27 ptm 0.87 i_ptm 0.16 energy -2.77
58 models [1] recycles 0 hard 1 soft 0 temp 0.00 loss 5.12 i_con 5.19 plddt 0.33 ptm 0.89 i_ptm 0.12 energy -2.77
59 models [1] recycles 0 hard 1 soft 0 temp 0.00 loss 5.12 i_con 5.19 plddt 0.33 ptm 0.89 i_ptm 0.12 energy -2.77
60 models [0] recycles 0 hard 1 soft 0 temp 0.00 loss 5.07 i_con 5.14 plddt 0.27 ptm 0.87 i_ptm 0.16 energy -2.77
61 models [0] recycles 0 hard 1 soft 0 temp 0.00 loss 5.07 i_con 5.14 plddt 0.27 ptm 0.87 i_ptm 0.16 energy -2.77
62 models [1] recycles 0 hard 1 soft 0 temp 0.00 loss 5.12 i_con 5.19 plddt 0.33 ptm 0.89 i_ptm 0.12 energy -2.77
63 models [0] recycles 0 hard 1 soft 0 temp 0.00 loss 5.07 i_con 5.14 plddt 0.27 ptm 0.87 i_ptm 0.16 energy -2.77
64 models [1] recycles 0 hard 1 soft 0 temp 0.00 loss 5.12 i_con 5.19 plddt 0.33 ptm 0.89 i_ptm 0.12 energy -2.77
65 models [0] recycles 0 hard 1 soft 0 temp 0.00 loss 5.07 i_con 5.14 plddt 0.27 ptm 0.87 i_ptm 0.16 energy -2.77
66 models [1] recycles 0 hard 1 soft 0 temp 0.00 loss 5.12 i_con 5.19 plddt 0.33 ptm 0.89 i_ptm 0.12 energy -2.77
67 models [1] recycles 0 hard 1 soft 0 temp 0.00 loss 5.12 i_con 5.19 plddt 0.33 ptm 0.89 i_ptm 0.12 energy -2.77
68 models [1] recycles 0 hard 1 soft 0 temp 0.00 loss 5.12 i_con 5.19 plddt 0.33 ptm 0.89 i_ptm 0.12 energy -2.77
69 models [1] recycles 0 hard 1 soft 0 temp 0.00 loss 5.12 i_con 5.19 plddt 0.33 ptm 0.89 i_ptm 0.12 energy -2.77
70 models [1] recycles 0 hard 1 soft 0 temp 0.00 loss 5.12 i_con 5.19 plddt 0.33 ptm 0.89 i_ptm 0.12 energy -2.77
71 models [0] recycles 0 hard 1 soft 0 temp 0.00 loss 5.07 i_con 5.14 plddt 0.27 ptm 0.87 i_ptm 0.16 energy -2.77
72 models [0] recycles 0 hard 1 soft 0 temp 0.00 loss 5.07 i_con 5.14 plddt 0.27 ptm 0.87 i_ptm 0.16 energy -2.77
73 models [1] recycles 0 hard 1 soft 0 temp 0.00 loss 5.12 i_con 5.19 plddt 0.33 ptm 0.89 i_ptm 0.12 energy -2.77
74 models [1] recycles 0 hard 1 soft 0 temp 0.00 loss 5.12 i_con 5.19 plddt 0.33 ptm 0.89 i_ptm 0.12 energy -2.77
75 models [1] recycles 0 hard 1 soft 0 temp 0.00 loss 5.12 i_con 5.19 plddt 0.33 ptm 0.89 i_ptm 0.12 energy -2.77
76 models [0] recycles 0 hard 1 soft 0 temp 0.00 loss 5.07 i_con 5.14 plddt 0.27 ptm 0.87 i_ptm 0.16 energy -2.77
77 models [0] recycles 0 hard 1 soft 0 temp 0.00 loss 5.07 i_con 5.14 plddt 0.27 ptm 0.87 i_ptm 0.16 energy -2.77
78 models [1] recycles 0 hard 1 soft 0 temp 0.00 loss 5.12 i_con 5.19 plddt 0.33 ptm 0.89 i_ptm 0.12 energy -2.77
79 models [0] recycles 0 hard 1 soft 0 temp 0.00 loss 5.07 i_con 5.14 plddt 0.27 ptm 0.87 i_ptm 0.16 energy -2.77
80 models [1] recycles 0 hard 1 soft 0 temp 0.00 loss 5.12 i_con 5.19 plddt 0.33 ptm 0.89 i_ptm 0.12 energy -2.77
  → seq=YHPQVEGSPEFFKCL  loss=5.1173  loss_af=5.2556  energy=-2.7653  i_ptm=0.1171
[10/20] input=YHPQVEGSPEMKKCL  seed=1 ...
1 models [0] recycles 0 hard 0 soft 0 temp 1 loss 6.75 i_con 6.76 plddt 0.35 ptm 0.87 i_ptm 0.26 energy -3.51
2 models [0] recycles 0 hard 0 soft 0 temp 0.98 loss 6.17 i_con 6.20 plddt 0.35 ptm 0.86 i_ptm 0.16 energy -4.60
3 models [1] recycles 0 hard 0 soft 0 temp 0.96 loss 6.32 i_con 6.38 plddt 0.44 ptm 0.88 i_ptm 0.12 energy -5.89
4 models [1] recycles 0 hard 0 soft 0 temp 0.94 loss 6.04 i_con 6.12 plddt 0.43 ptm 0.88 i_ptm 0.11 energy -6.77
5 models [0] recycles 0 hard 0 soft 0 temp 0.92 loss 5.42 i_con 5.50 plddt 0.36 ptm 0.87 i_ptm 0.14 energy -7.60
6 models [0] recycles 0 hard 0 soft 0 temp 0.90 loss 5.08 i_con 5.17 plddt 0.31 ptm 0.87 i_ptm 0.13 energy -7.85
7 models [0] recycles 0 hard 0 soft 0 temp 0.88 loss 4.60 i_con 4.69 plddt 0.30 ptm 0.87 i_ptm 0.17 energy -8.11
8 models [0] recycles 0 hard 0 soft 0 temp 0.86 loss 4.47 i_con 4.57 plddt 0.31 ptm 0.87 i_ptm 0.16 energy -8.27
9 models [0] recycles 0 hard 0 soft 0 temp 0.84 loss 4.53 i_con 4.63 plddt 0.33 ptm 0.87 i_ptm 0.16 energy -8.51
10 models [1] recycles 0 hard 0 soft 0 temp 0.82 loss 5.11 i_con 5.23 plddt 0.38 ptm 0.88 i_ptm 0.12 energy -8.96
11 models [1] recycles 0 hard 0 soft 0 temp 0.80 loss 5.00 i_con 5.11 plddt 0.38 ptm 0.88 i_ptm 0.10 energy -8.87
12 models [0] recycles 0 hard 0 soft 0 temp 0.78 loss 4.40 i_con 4.52 plddt 0.34 ptm 0.87 i_ptm 0.18 energy -8.98
13 models [1] recycles 0 hard 0 soft 0 temp 0.76 loss 4.82 i_con 4.95 plddt 0.39 ptm 0.88 i_ptm 0.11 energy -9.66
14 models [0] recycles 0 hard 0 soft 0 temp 0.74 loss 4.25 i_con 4.39 plddt 0.34 ptm 0.87 i_ptm 0.19 energy -10.47
15 models [0] recycles 0 hard 0 soft 0 temp 0.72 loss 4.40 i_con 4.57 plddt 0.34 ptm 0.87 i_ptm 0.19 energy -11.50
16 models [1] recycles 0 hard 0 soft 0 temp 0.70 loss 4.45 i_con 4.64 plddt 0.38 ptm 0.88 i_ptm 0.15 energy -12.35
17 models [1] recycles 0 hard 0 soft 0 temp 0.68 loss 4.38 i_con 4.56 plddt 0.35 ptm 0.88 i_ptm 0.17 energy -12.59
18 models [0] recycles 0 hard 0 soft 0 temp 0.66 loss 4.00 i_con 4.19 plddt 0.33 ptm 0.87 i_ptm 0.22 energy -12.68
19 models [1] recycles 0 hard 0 soft 0 temp 0.64 loss 4.36 i_con 4.55 plddt 0.34 ptm 0.88 i_ptm 0.17 energy -12.95
20 models [1] recycles 0 hard 0 soft 0 temp 0.62 loss 4.30 i_con 4.50 plddt 0.37 ptm 0.89 i_ptm 0.16 energy -13.00
21 models [1] recycles 0 hard 0 soft 0 temp 0.60 loss 4.09 i_con 4.30 plddt 0.35 ptm 0.88 i_ptm 0.18 energy -13.42
22 models [0] recycles 0 hard 0 soft 0 temp 0.58 loss 3.71 i_con 3.93 plddt 0.36 ptm 0.87 i_ptm 0.27 energy -14.15
23 models [1] recycles 0 hard 0 soft 0 temp 0.56 loss 3.90 i_con 4.13 plddt 0.37 ptm 0.89 i_ptm 0.25 energy -14.58
24 models [1] recycles 0 hard 0 soft 0 temp 0.54 loss 4.03 i_con 4.26 plddt 0.34 ptm 0.89 i_ptm 0.23 energy -14.80
25 models [0] recycles 0 hard 0 soft 0 temp 0.52 loss 3.76 i_con 3.98 plddt 0.33 ptm 0.87 i_ptm 0.27 energy -14.43
26 models [1] recycles 0 hard 0 soft 0 temp 0.50 loss 3.85 i_con 4.10 plddt 0.36 ptm 0.89 i_ptm 0.26 energy -15.43
27 models [1] recycles 0 hard 0 soft 0 temp 0.48 loss 3.55 i_con 3.79 plddt 0.37 ptm 0.89 i_ptm 0.32 energy -15.43
28 models [1] recycles 0 hard 0 soft 0 temp 0.46 loss 3.82 i_con 4.08 plddt 0.36 ptm 0.89 i_ptm 0.28 energy -16.01
29 models [0] recycles 0 hard 0 soft 0 temp 0.44 loss 3.89 i_con 4.16 plddt 0.37 ptm 0.87 i_ptm 0.28 energy -16.58
30 models [1] recycles 0 hard 0 soft 0 temp 0.42 loss 4.12 i_con 4.40 plddt 0.38 ptm 0.89 i_ptm 0.22 energy -17.17
31 models [1] recycles 0 hard 0 soft 0 temp 0.40 loss 3.98 i_con 4.25 plddt 0.37 ptm 0.89 i_ptm 0.22 energy -16.95
32 models [1] recycles 0 hard 0 soft 0 temp 0.38 loss 3.58 i_con 3.86 plddt 0.39 ptm 0.89 i_ptm 0.31 energy -16.63
33 models [0] recycles 0 hard 0 soft 0 temp 0.36 loss 3.81 i_con 4.08 plddt 0.37 ptm 0.87 i_ptm 0.28 energy -16.64
34 models [0] recycles 0 hard 0 soft 0 temp 0.34 loss 3.68 i_con 3.96 plddt 0.37 ptm 0.87 i_ptm 0.29 energy -16.76
35 models [0] recycles 0 hard 0 soft 0 temp 0.32 loss 3.66 i_con 3.96 plddt 0.37 ptm 0.87 i_ptm 0.31 energy -17.88
36 models [0] recycles 0 hard 0 soft 0 temp 0.30 loss 3.62 i_con 3.91 plddt 0.37 ptm 0.88 i_ptm 0.32 energy -17.73
37 models [0] recycles 0 hard 0 soft 0 temp 0.28 loss 3.72 i_con 4.01 plddt 0.32 ptm 0.87 i_ptm 0.28 energy -18.10
38 models [1] recycles 0 hard 0 soft 0 temp 0.26 loss 3.70 i_con 4.02 plddt 0.38 ptm 0.89 i_ptm 0.29 energy -18.70
39 models [1] recycles 0 hard 0 soft 0 temp 0.24 loss 3.44 i_con 3.77 plddt 0.38 ptm 0.89 i_ptm 0.33 energy -19.20
40 models [1] recycles 0 hard 0 soft 0 temp 0.22 loss 3.51 i_con 3.82 plddt 0.39 ptm 0.89 i_ptm 0.33 energy -18.61
41 models [0] recycles 0 hard 0 soft 0 temp 0.20 loss 3.50 i_con 3.82 plddt 0.37 ptm 0.88 i_ptm 0.34 energy -19.28
42 models [0] recycles 0 hard 0 soft 0 temp 0.18 loss 3.53 i_con 3.85 plddt 0.37 ptm 0.87 i_ptm 0.32 energy -18.98
43 models [0] recycles 0 hard 0 soft 0 temp 0.16 loss 3.48 i_con 3.82 plddt 0.42 ptm 0.88 i_ptm 0.32 energy -19.96
44 models [0] recycles 0 hard 0 soft 0 temp 0.14 loss 3.27 i_con 3.61 plddt 0.40 ptm 0.87 i_ptm 0.37 energy -19.91
45 models [0] recycles 0 hard 0 soft 0 temp 0.12 loss 3.31 i_con 3.67 plddt 0.42 ptm 0.88 i_ptm 0.36 energy -20.68
46 models [0] recycles 0 hard 0 soft 0 temp 0.10 loss 3.40 i_con 3.76 plddt 0.40 ptm 0.88 i_ptm 0.35 energy -21.13
47 models [1] recycles 0 hard 0 soft 0 temp 0.08 loss 3.31 i_con 3.67 plddt 0.39 ptm 0.89 i_ptm 0.35 energy -20.96
48 models [0] recycles 0 hard 0 soft 0 temp 0.06 loss 3.51 i_con 3.88 plddt 0.38 ptm 0.88 i_ptm 0.32 energy -21.57
49 models [0] recycles 0 hard 0 soft 0 temp 0.04 loss 3.34 i_con 3.72 plddt 0.40 ptm 0.88 i_ptm 0.37 energy -22.12
50 models [1] recycles 0 hard 0 soft 0 temp 0.02 loss 3.16 i_con 3.55 plddt 0.43 ptm 0.90 i_ptm 0.40 energy -22.19
51 models [1] recycles 0 hard 1 soft 0 temp 0.00 loss 5.19 i_con 5.26 plddt 0.35 ptm 0.89 i_ptm 0.12 energy -2.71
52 models [0] recycles 0 hard 1 soft 0 temp 0.00 loss 4.80 i_con 4.86 plddt 0.30 ptm 0.87 i_ptm 0.15 energy -2.71
53 models [1] recycles 0 hard 1 soft 0 temp 0.00 loss 5.19 i_con 5.26 plddt 0.35 ptm 0.89 i_ptm 0.12 energy -2.71
54 models [1] recycles 0 hard 1 soft 0 temp 0.00 loss 5.19 i_con 5.26 plddt 0.35 ptm 0.89 i_ptm 0.12 energy -2.71
55 models [0] recycles 0 hard 1 soft 0 temp 0.00 loss 4.80 i_con 4.86 plddt 0.30 ptm 0.87 i_ptm 0.15 energy -2.71
56 models [0] recycles 0 hard 1 soft 0 temp 0.00 loss 4.80 i_con 4.86 plddt 0.30 ptm 0.87 i_ptm 0.15 energy -2.71
57 models [0] recycles 0 hard 1 soft 0 temp 0.00 loss 4.80 i_con 4.86 plddt 0.30 ptm 0.87 i_ptm 0.15 energy -2.71
58 models [1] recycles 0 hard 1 soft 0 temp 0.00 loss 5.19 i_con 5.26 plddt 0.35 ptm 0.89 i_ptm 0.12 energy -2.71
59 models [0] recycles 0 hard 1 soft 0 temp 0.00 loss 4.80 i_con 4.86 plddt 0.30 ptm 0.87 i_ptm 0.15 energy -2.71
60 models [1] recycles 0 hard 1 soft 0 temp 0.00 loss 5.19 i_con 5.26 plddt 0.35 ptm 0.89 i_ptm 0.12 energy -2.71
61 models [1] recycles 0 hard 1 soft 0 temp 0.00 loss 5.19 i_con 5.26 plddt 0.35 ptm 0.89 i_ptm 0.12 energy -2.71
62 models [0] recycles 0 hard 1 soft 0 temp 0.00 loss 4.80 i_con 4.86 plddt 0.30 ptm 0.87 i_ptm 0.15 energy -2.71
63 models [0] recycles 0 hard 1 soft 0 temp 0.00 loss 4.80 i_con 4.86 plddt 0.30 ptm 0.87 i_ptm 0.15 energy -2.71
64 models [1] recycles 0 hard 1 soft 0 temp 0.00 loss 5.19 i_con 5.26 plddt 0.35 ptm 0.89 i_ptm 0.12 energy -2.71
65 models [0] recycles 0 hard 1 soft 0 temp 0.00 loss 4.80 i_con 4.86 plddt 0.30 ptm 0.87 i_ptm 0.15 energy -2.71
66 models [0] recycles 0 hard 1 soft 0 temp 0.00 loss 4.80 i_con 4.86 plddt 0.30 ptm 0.87 i_ptm 0.15 energy -2.71
67 models [0] recycles 0 hard 1 soft 0 temp 0.00 loss 4.80 i_con 4.86 plddt 0.30 ptm 0.87 i_ptm 0.15 energy -2.71
68 models [0] recycles 0 hard 1 soft 0 temp 0.00 loss 4.80 i_con 4.86 plddt 0.30 ptm 0.87 i_ptm 0.15 energy -2.71
69 models [1] recycles 0 hard 1 soft 0 temp 0.00 loss 5.19 i_con 5.26 plddt 0.35 ptm 0.89 i_ptm 0.12 energy -2.71
70 models [1] recycles 0 hard 1 soft 0 temp 0.00 loss 5.19 i_con 5.26 plddt 0.35 ptm 0.89 i_ptm 0.12 energy -2.71
71 models [0] recycles 0 hard 1 soft 0 temp 0.00 loss 4.80 i_con 4.86 plddt 0.30 ptm 0.87 i_ptm 0.15 energy -2.71
72 models [0] recycles 0 hard 1 soft 0 temp 0.00 loss 4.80 i_con 4.86 plddt 0.30 ptm 0.87 i_ptm 0.15 energy -2.71
73 models [1] recycles 0 hard 1 soft 0 temp 0.00 loss 5.19 i_con 5.26 plddt 0.35 ptm 0.89 i_ptm 0.12 energy -2.71
74 models [1] recycles 0 hard 1 soft 0 temp 0.00 loss 5.19 i_con 5.26 plddt 0.35 ptm 0.89 i_ptm 0.12 energy -2.71
75 models [1] recycles 0 hard 1 soft 0 temp 0.00 loss 5.19 i_con 5.26 plddt 0.35 ptm 0.89 i_ptm 0.12 energy -2.71
76 models [1] recycles 0 hard 1 soft 0 temp 0.00 loss 5.19 i_con 5.26 plddt 0.35 ptm 0.89 i_ptm 0.12 energy -2.71
77 models [0] recycles 0 hard 1 soft 0 temp 0.00 loss 4.80 i_con 4.86 plddt 0.30 ptm 0.87 i_ptm 0.15 energy -2.71
78 models [0] recycles 0 hard 1 soft 0 temp 0.00 loss 4.80 i_con 4.86 plddt 0.30 ptm 0.87 i_ptm 0.15 energy -2.71
79 models [0] recycles 0 hard 1 soft 0 temp 0.00 loss 4.80 i_con 4.86 plddt 0.30 ptm 0.87 i_ptm 0.15 energy -2.71
80 models [1] recycles 0 hard 1 soft 0 temp 0.00 loss 5.19 i_con 5.26 plddt 0.35 ptm 0.89 i_ptm 0.12 energy -2.71
  → seq=YFPQVEGSPELKKEL  loss=5.1904  loss_af=5.3258  energy=-2.7085  i_ptm=0.1190
[11/20] input=YHPQVEGSPEMKKCL  seed=2 ...
1 models [1] recycles 0 hard 0 soft 0 temp 1 loss 6.41 i_con 6.42 plddt 0.41 ptm 0.88 i_ptm 0.10 energy -3.51
2 models [0] recycles 0 hard 0 soft 0 temp 0.98 loss 6.47 i_con 6.50 plddt 0.36 ptm 0.87 i_ptm 0.21 energy -4.61
3 models [0] recycles 0 hard 0 soft 0 temp 0.96 loss 5.81 i_con 5.86 plddt 0.40 ptm 0.87 i_ptm 0.11 energy -5.23
4 models [1] recycles 0 hard 0 soft 0 temp 0.94 loss 6.20 i_con 6.27 plddt 0.48 ptm 0.88 i_ptm 0.10 energy -6.13
5 models [1] recycles 0 hard 0 soft 0 temp 0.92 loss 5.91 i_con 6.00 plddt 0.51 ptm 0.88 i_ptm 0.09 energy -6.66
6 models [0] recycles 0 hard 0 soft 0 temp 0.90 loss 4.77 i_con 4.84 plddt 0.34 ptm 0.87 i_ptm 0.14 energy -6.55
7 models [1] recycles 0 hard 0 soft 0 temp 0.88 loss 5.98 i_con 6.06 plddt 0.44 ptm 0.88 i_ptm 0.10 energy -7.17
8 models [0] recycles 0 hard 0 soft 0 temp 0.86 loss 5.14 i_con 5.23 plddt 0.38 ptm 0.87 i_ptm 0.13 energy -7.66
9 models [1] recycles 0 hard 0 soft 0 temp 0.84 loss 5.58 i_con 5.69 plddt 0.51 ptm 0.88 i_ptm 0.10 energy -8.04
10 models [0] recycles 0 hard 0 soft 0 temp 0.82 loss 4.54 i_con 4.63 plddt 0.35 ptm 0.87 i_ptm 0.14 energy -7.96
11 models [1] recycles 0 hard 0 soft 0 temp 0.80 loss 4.49 i_con 4.58 plddt 0.39 ptm 0.88 i_ptm 0.14 energy -7.76
12 models [0] recycles 0 hard 0 soft 0 temp 0.78 loss 4.36 i_con 4.47 plddt 0.33 ptm 0.87 i_ptm 0.18 energy -8.66
13 models [0] recycles 0 hard 0 soft 0 temp 0.76 loss 3.93 i_con 4.04 plddt 0.35 ptm 0.87 i_ptm 0.25 energy -9.01
14 models [0] recycles 0 hard 0 soft 0 temp 0.74 loss 4.21 i_con 4.34 plddt 0.37 ptm 0.87 i_ptm 0.21 energy -9.55
15 models [0] recycles 0 hard 0 soft 0 temp 0.72 loss 4.06 i_con 4.19 plddt 0.33 ptm 0.87 i_ptm 0.20 energy -9.56
16 models [0] recycles 0 hard 0 soft 0 temp 0.70 loss 3.86 i_con 4.00 plddt 0.35 ptm 0.87 i_ptm 0.25 energy -10.23
17 models [0] recycles 0 hard 0 soft 0 temp 0.68 loss 3.94 i_con 4.07 plddt 0.34 ptm 0.87 i_ptm 0.23 energy -9.90
18 models [0] recycles 0 hard 0 soft 0 temp 0.66 loss 3.78 i_con 3.93 plddt 0.38 ptm 0.87 i_ptm 0.24 energy -10.72
19 models [1] recycles 0 hard 0 soft 0 temp 0.64 loss 3.93 i_con 4.10 plddt 0.36 ptm 0.88 i_ptm 0.19 energy -11.60
20 models [1] recycles 0 hard 0 soft 0 temp 0.62 loss 4.09 i_con 4.26 plddt 0.34 ptm 0.89 i_ptm 0.18 energy -12.10
21 models [1] recycles 0 hard 0 soft 0 temp 0.60 loss 3.93 i_con 4.12 plddt 0.35 ptm 0.88 i_ptm 0.22 energy -12.46
22 models [1] recycles 0 hard 0 soft 0 temp 0.58 loss 4.02 i_con 4.21 plddt 0.34 ptm 0.88 i_ptm 0.19 energy -12.95
23 models [0] recycles 0 hard 0 soft 0 temp 0.56 loss 3.93 i_con 4.13 plddt 0.35 ptm 0.87 i_ptm 0.22 energy -13.04
24 models [0] recycles 0 hard 0 soft 0 temp 0.54 loss 3.78 i_con 3.98 plddt 0.35 ptm 0.87 i_ptm 0.25 energy -13.16
25 models [0] recycles 0 hard 0 soft 0 temp 0.52 loss 3.81 i_con 4.02 plddt 0.34 ptm 0.87 i_ptm 0.25 energy -13.50
26 models [1] recycles 0 hard 0 soft 0 temp 0.50 loss 3.70 i_con 3.92 plddt 0.36 ptm 0.89 i_ptm 0.25 energy -14.11
27 models [1] recycles 0 hard 0 soft 0 temp 0.48 loss 3.82 i_con 4.04 plddt 0.33 ptm 0.89 i_ptm 0.23 energy -14.36
28 models [1] recycles 0 hard 0 soft 0 temp 0.46 loss 3.70 i_con 3.95 plddt 0.40 ptm 0.88 i_ptm 0.22 energy -15.61
29 models [0] recycles 0 hard 0 soft 0 temp 0.44 loss 3.77 i_con 4.02 plddt 0.36 ptm 0.87 i_ptm 0.23 energy -15.94
30 models [0] recycles 0 hard 0 soft 0 temp 0.42 loss 3.59 i_con 3.86 plddt 0.35 ptm 0.87 i_ptm 0.28 energy -16.70
31 models [0] recycles 0 hard 0 soft 0 temp 0.40 loss 3.60 i_con 3.89 plddt 0.37 ptm 0.87 i_ptm 0.26 energy -17.53
32 models [1] recycles 0 hard 0 soft 0 temp 0.38 loss 3.80 i_con 4.10 plddt 0.33 ptm 0.88 i_ptm 0.21 energy -17.95
33 models [1] recycles 0 hard 0 soft 0 temp 0.36 loss 3.57 i_con 3.88 plddt 0.43 ptm 0.89 i_ptm 0.31 energy -18.49
34 models [0] recycles 0 hard 0 soft 0 temp 0.34 loss 3.66 i_con 3.96 plddt 0.39 ptm 0.87 i_ptm 0.26 energy -18.44
35 models [1] recycles 0 hard 0 soft 0 temp 0.32 loss 3.54 i_con 3.85 plddt 0.37 ptm 0.89 i_ptm 0.32 energy -18.61
36 models [1] recycles 0 hard 0 soft 0 temp 0.30 loss 3.50 i_con 3.83 plddt 0.37 ptm 0.89 i_ptm 0.31 energy -19.78
37 models [0] recycles 0 hard 0 soft 0 temp 0.28 loss 3.41 i_con 3.75 plddt 0.40 ptm 0.87 i_ptm 0.29 energy -19.99
38 models [0] recycles 0 hard 0 soft 0 temp 0.26 loss 3.46 i_con 3.83 plddt 0.37 ptm 0.87 i_ptm 0.26 energy -21.35
39 models [0] recycles 0 hard 0 soft 0 temp 0.24 loss 3.48 i_con 3.85 plddt 0.36 ptm 0.87 i_ptm 0.28 energy -21.87
40 models [1] recycles 0 hard 0 soft 0 temp 0.22 loss 3.35 i_con 3.74 plddt 0.38 ptm 0.89 i_ptm 0.34 energy -22.39
41 models [1] recycles 0 hard 0 soft 0 temp 0.20 loss 3.38 i_con 3.78 plddt 0.37 ptm 0.89 i_ptm 0.31 energy -23.08
42 models [1] recycles 0 hard 0 soft 0 temp 0.18 loss 3.34 i_con 3.75 plddt 0.39 ptm 0.89 i_ptm 0.31 energy -23.40
43 models [1] recycles 0 hard 0 soft 0 temp 0.16 loss 3.33 i_con 3.74 plddt 0.38 ptm 0.89 i_ptm 0.35 energy -23.54
44 models [0] recycles 0 hard 0 soft 0 temp 0.14 loss 3.31 i_con 3.73 plddt 0.39 ptm 0.88 i_ptm 0.32 energy -24.15
45 models [0] recycles 0 hard 0 soft 0 temp 0.12 loss 3.29 i_con 3.70 plddt 0.37 ptm 0.87 i_ptm 0.36 energy -24.01
46 models [0] recycles 0 hard 0 soft 0 temp 0.10 loss 3.27 i_con 3.69 plddt 0.38 ptm 0.87 i_ptm 0.33 energy -24.03
47 models [0] recycles 0 hard 0 soft 0 temp 0.08 loss 3.33 i_con 3.74 plddt 0.39 ptm 0.87 i_ptm 0.34 energy -24.01
48 models [1] recycles 0 hard 0 soft 0 temp 0.06 loss 3.12 i_con 3.56 plddt 0.42 ptm 0.90 i_ptm 0.39 energy -25.14
49 models [1] recycles 0 hard 0 soft 0 temp 0.04 loss 3.00 i_con 3.46 plddt 0.46 ptm 0.89 i_ptm 0.43 energy -25.41
50 models [1] recycles 0 hard 0 soft 0 temp 0.02 loss 3.06 i_con 3.53 plddt 0.46 ptm 0.89 i_ptm 0.43 energy -26.25
51 models [1] recycles 0 hard 1 soft 0 temp 0.00 loss 4.91 i_con 4.94 plddt 0.32 ptm 0.89 i_ptm 0.10 energy -1.81
52 models [1] recycles 0 hard 1 soft 0 temp 0.00 loss 4.91 i_con 4.94 plddt 0.32 ptm 0.89 i_ptm 0.10 energy -1.81
53 models [1] recycles 0 hard 1 soft 0 temp 0.00 loss 4.91 i_con 4.94 plddt 0.32 ptm 0.89 i_ptm 0.10 energy -1.81
54 models [1] recycles 0 hard 1 soft 0 temp 0.00 loss 4.91 i_con 4.94 plddt 0.32 ptm 0.89 i_ptm 0.10 energy -1.81
55 models [1] recycles 0 hard 1 soft 0 temp 0.00 loss 4.91 i_con 4.94 plddt 0.32 ptm 0.89 i_ptm 0.10 energy -1.81
56 models [0] recycles 0 hard 1 soft 0 temp 0.00 loss 4.43 i_con 4.44 plddt 0.27 ptm 0.87 i_ptm 0.17 energy -1.81
57 models [0] recycles 0 hard 1 soft 0 temp 0.00 loss 4.43 i_con 4.44 plddt 0.27 ptm 0.87 i_ptm 0.17 energy -1.81
58 models [0] recycles 0 hard 1 soft 0 temp 0.00 loss 4.43 i_con 4.44 plddt 0.27 ptm 0.87 i_ptm 0.17 energy -1.81
59 models [0] recycles 0 hard 1 soft 0 temp 0.00 loss 4.43 i_con 4.44 plddt 0.27 ptm 0.87 i_ptm 0.17 energy -1.81
60 models [0] recycles 0 hard 1 soft 0 temp 0.00 loss 4.43 i_con 4.44 plddt 0.27 ptm 0.87 i_ptm 0.17 energy -1.81
61 models [1] recycles 0 hard 1 soft 0 temp 0.00 loss 4.91 i_con 4.94 plddt 0.32 ptm 0.89 i_ptm 0.10 energy -1.81
62 models [1] recycles 0 hard 1 soft 0 temp 0.00 loss 4.91 i_con 4.94 plddt 0.32 ptm 0.89 i_ptm 0.10 energy -1.81
63 models [1] recycles 0 hard 1 soft 0 temp 0.00 loss 4.91 i_con 4.94 plddt 0.32 ptm 0.89 i_ptm 0.10 energy -1.81
64 models [0] recycles 0 hard 1 soft 0 temp 0.00 loss 4.43 i_con 4.44 plddt 0.27 ptm 0.87 i_ptm 0.17 energy -1.81
65 models [1] recycles 0 hard 1 soft 0 temp 0.00 loss 4.91 i_con 4.94 plddt 0.32 ptm 0.89 i_ptm 0.10 energy -1.81
66 models [0] recycles 0 hard 1 soft 0 temp 0.00 loss 4.43 i_con 4.44 plddt 0.27 ptm 0.87 i_ptm 0.17 energy -1.81
67 models [0] recycles 0 hard 1 soft 0 temp 0.00 loss 4.43 i_con 4.44 plddt 0.27 ptm 0.87 i_ptm 0.17 energy -1.81
68 models [0] recycles 0 hard 1 soft 0 temp 0.00 loss 4.43 i_con 4.44 plddt 0.27 ptm 0.87 i_ptm 0.17 energy -1.81
69 models [1] recycles 0 hard 1 soft 0 temp 0.00 loss 4.91 i_con 4.94 plddt 0.32 ptm 0.89 i_ptm 0.10 energy -1.81
70 models [0] recycles 0 hard 1 soft 0 temp 0.00 loss 4.43 i_con 4.44 plddt 0.27 ptm 0.87 i_ptm 0.17 energy -1.81
71 models [0] recycles 0 hard 1 soft 0 temp 0.00 loss 4.43 i_con 4.44 plddt 0.27 ptm 0.87 i_ptm 0.17 energy -1.81
72 models [1] recycles 0 hard 1 soft 0 temp 0.00 loss 4.91 i_con 4.94 plddt 0.32 ptm 0.89 i_ptm 0.10 energy -1.81
73 models [1] recycles 0 hard 1 soft 0 temp 0.00 loss 4.91 i_con 4.94 plddt 0.32 ptm 0.89 i_ptm 0.10 energy -1.81
74 models [1] recycles 0 hard 1 soft 0 temp 0.00 loss 4.91 i_con 4.94 plddt 0.32 ptm 0.89 i_ptm 0.10 energy -1.81
75 models [0] recycles 0 hard 1 soft 0 temp 0.00 loss 4.43 i_con 4.44 plddt 0.27 ptm 0.87 i_ptm 0.17 energy -1.81
76 models [0] recycles 0 hard 1 soft 0 temp 0.00 loss 4.43 i_con 4.44 plddt 0.27 ptm 0.87 i_ptm 0.17 energy -1.81
77 models [0] recycles 0 hard 1 soft 0 temp 0.00 loss 4.43 i_con 4.44 plddt 0.27 ptm 0.87 i_ptm 0.17 energy -1.81
78 models [0] recycles 0 hard 1 soft 0 temp 0.00 loss 4.43 i_con 4.44 plddt 0.27 ptm 0.87 i_ptm 0.17 energy -1.81
79 models [1] recycles 0 hard 1 soft 0 temp 0.00 loss 4.91 i_con 4.94 plddt 0.32 ptm 0.89 i_ptm 0.10 energy -1.81
80 models [1] recycles 0 hard 1 soft 0 temp 0.00 loss 4.91 i_con 4.94 plddt 0.32 ptm 0.89 i_ptm 0.10 energy -1.81
  → seq=YHPQVEGSPEMKLFL  loss=4.9128  loss_af=5.0034  energy=-1.8127  i_ptm=0.1037
[12/20] input=YHPQVEGSPEMKKCL  seed=3 ...
1 models [1] recycles 0 hard 0 soft 0 temp 1 loss 6.60 i_con 6.61 plddt 0.43 ptm 0.88 i_ptm 0.12 energy -3.51
2 models [1] recycles 0 hard 0 soft 0 temp 0.98 loss 6.40 i_con 6.44 plddt 0.43 ptm 0.88 i_ptm 0.11 energy -4.72
3 models [0] recycles 0 hard 0 soft 0 temp 0.96 loss 6.18 i_con 6.23 plddt 0.35 ptm 0.86 i_ptm 0.12 energy -5.53
4 models [0] recycles 0 hard 0 soft 0 temp 0.94 loss 6.04 i_con 6.10 plddt 0.36 ptm 0.87 i_ptm 0.18 energy -6.21
5 models [1] recycles 0 hard 0 soft 0 temp 0.92 loss 5.30 i_con 5.38 plddt 0.46 ptm 0.88 i_ptm 0.11 energy -6.72
6 models [1] recycles 0 hard 0 soft 0 temp 0.90 loss 5.08 i_con 5.16 plddt 0.41 ptm 0.88 i_ptm 0.11 energy -6.94
7 models [1] recycles 0 hard 0 soft 0 temp 0.88 loss 4.65 i_con 4.73 plddt 0.39 ptm 0.88 i_ptm 0.13 energy -7.07
8 models [0] recycles 0 hard 0 soft 0 temp 0.86 loss 4.09 i_con 4.18 plddt 0.32 ptm 0.87 i_ptm 0.22 energy -7.63
9 models [0] recycles 0 hard 0 soft 0 temp 0.84 loss 4.09 i_con 4.18 plddt 0.34 ptm 0.86 i_ptm 0.22 energy -7.89
10 models [0] recycles 0 hard 0 soft 0 temp 0.82 loss 4.19 i_con 4.29 plddt 0.33 ptm 0.87 i_ptm 0.20 energy -8.38
11 models [1] recycles 0 hard 0 soft 0 temp 0.80 loss 4.30 i_con 4.41 plddt 0.35 ptm 0.88 i_ptm 0.14 energy -8.71
12 models [0] recycles 0 hard 0 soft 0 temp 0.78 loss 4.04 i_con 4.16 plddt 0.35 ptm 0.87 i_ptm 0.21 energy -9.14
13 models [0] recycles 0 hard 0 soft 0 temp 0.76 loss 4.18 i_con 4.30 plddt 0.34 ptm 0.87 i_ptm 0.24 energy -9.80
14 models [0] recycles 0 hard 0 soft 0 temp 0.74 loss 4.09 i_con 4.22 plddt 0.32 ptm 0.87 i_ptm 0.20 energy -10.00
15 models [1] recycles 0 hard 0 soft 0 temp 0.72 loss 4.65 i_con 4.80 plddt 0.37 ptm 0.89 i_ptm 0.12 energy -10.46
16 models [0] recycles 0 hard 0 soft 0 temp 0.70 loss 3.96 i_con 4.10 plddt 0.33 ptm 0.87 i_ptm 0.22 energy -10.22
17 models [0] recycles 0 hard 0 soft 0 temp 0.68 loss 4.06 i_con 4.22 plddt 0.35 ptm 0.87 i_ptm 0.22 energy -11.15
18 models [1] recycles 0 hard 0 soft 0 temp 0.66 loss 4.16 i_con 4.35 plddt 0.38 ptm 0.88 i_ptm 0.17 energy -12.22
19 models [1] recycles 0 hard 0 soft 0 temp 0.64 loss 4.21 i_con 4.39 plddt 0.37 ptm 0.89 i_ptm 0.16 energy -12.19
20 models [1] recycles 0 hard 0 soft 0 temp 0.62 loss 4.22 i_con 4.42 plddt 0.35 ptm 0.88 i_ptm 0.16 energy -12.89
21 models [1] recycles 0 hard 0 soft 0 temp 0.60 loss 3.86 i_con 4.05 plddt 0.37 ptm 0.88 i_ptm 0.20 energy -12.72
22 models [0] recycles 0 hard 0 soft 0 temp 0.58 loss 3.87 i_con 4.08 plddt 0.35 ptm 0.87 i_ptm 0.23 energy -13.45
23 models [0] recycles 0 hard 0 soft 0 temp 0.56 loss 3.76 i_con 3.96 plddt 0.35 ptm 0.87 i_ptm 0.23 energy -13.68
24 models [1] recycles 0 hard 0 soft 0 temp 0.54 loss 3.91 i_con 4.13 plddt 0.37 ptm 0.89 i_ptm 0.24 energy -13.89
25 models [1] recycles 0 hard 0 soft 0 temp 0.52 loss 3.79 i_con 4.02 plddt 0.34 ptm 0.89 i_ptm 0.25 energy -14.66
26 models [1] recycles 0 hard 0 soft 0 temp 0.50 loss 3.66 i_con 3.89 plddt 0.37 ptm 0.89 i_ptm 0.26 energy -14.80
27 models [0] recycles 0 hard 0 soft 0 temp 0.48 loss 3.69 i_con 3.94 plddt 0.34 ptm 0.87 i_ptm 0.25 energy -15.53
28 models [1] recycles 0 hard 0 soft 0 temp 0.46 loss 3.70 i_con 3.96 plddt 0.34 ptm 0.89 i_ptm 0.27 energy -15.98
29 models [1] recycles 0 hard 0 soft 0 temp 0.44 loss 3.68 i_con 3.95 plddt 0.35 ptm 0.89 i_ptm 0.27 energy -16.70
30 models [1] recycles 0 hard 0 soft 0 temp 0.42 loss 3.63 i_con 3.90 plddt 0.36 ptm 0.89 i_ptm 0.27 energy -16.69
31 models [1] recycles 0 hard 0 soft 0 temp 0.40 loss 3.43 i_con 3.72 plddt 0.39 ptm 0.89 i_ptm 0.36 energy -17.49
32 models [0] recycles 0 hard 0 soft 0 temp 0.38 loss 3.68 i_con 3.98 plddt 0.36 ptm 0.87 i_ptm 0.26 energy -17.99
33 models [1] recycles 0 hard 0 soft 0 temp 0.36 loss 3.50 i_con 3.80 plddt 0.38 ptm 0.89 i_ptm 0.33 energy -18.26
34 models [0] recycles 0 hard 0 soft 0 temp 0.34 loss 3.53 i_con 3.84 plddt 0.35 ptm 0.88 i_ptm 0.27 energy -18.63
35 models [0] recycles 0 hard 0 soft 0 temp 0.32 loss 3.62 i_con 3.94 plddt 0.37 ptm 0.87 i_ptm 0.25 energy -19.14
36 models [1] recycles 0 hard 0 soft 0 temp 0.30 loss 3.41 i_con 3.74 plddt 0.42 ptm 0.89 i_ptm 0.36 energy -19.24
37 models [0] recycles 0 hard 0 soft 0 temp 0.28 loss 3.51 i_con 3.83 plddt 0.34 ptm 0.87 i_ptm 0.28 energy -19.50
38 models [1] recycles 0 hard 0 soft 0 temp 0.26 loss 3.34 i_con 3.69 plddt 0.38 ptm 0.89 i_ptm 0.36 energy -20.79
39 models [1] recycles 0 hard 0 soft 0 temp 0.24 loss 3.33 i_con 3.69 plddt 0.40 ptm 0.89 i_ptm 0.38 energy -21.21
40 models [0] recycles 0 hard 0 soft 0 temp 0.22 loss 3.54 i_con 3.90 plddt 0.37 ptm 0.87 i_ptm 0.26 energy -21.09
41 models [0] recycles 0 hard 0 soft 0 temp 0.20 loss 3.50 i_con 3.88 plddt 0.36 ptm 0.87 i_ptm 0.27 energy -22.11
42 models [1] recycles 0 hard 0 soft 0 temp 0.18 loss 3.36 i_con 3.76 plddt 0.38 ptm 0.89 i_ptm 0.37 energy -22.96
43 models [1] recycles 0 hard 0 soft 0 temp 0.16 loss 3.36 i_con 3.77 plddt 0.37 ptm 0.89 i_ptm 0.33 energy -23.43
44 models [0] recycles 0 hard 0 soft 0 temp 0.14 loss 3.34 i_con 3.76 plddt 0.40 ptm 0.87 i_ptm 0.36 energy -23.79
45 models [1] recycles 0 hard 0 soft 0 temp 0.12 loss 3.34 i_con 3.77 plddt 0.39 ptm 0.89 i_ptm 0.35 energy -24.99
46 models [0] recycles 0 hard 0 soft 0 temp 0.10 loss 3.39 i_con 3.83 plddt 0.40 ptm 0.87 i_ptm 0.33 energy -25.03
47 models [1] recycles 0 hard 0 soft 0 temp 0.08 loss 3.18 i_con 3.63 plddt 0.41 ptm 0.89 i_ptm 0.39 energy -25.61
48 models [0] recycles 0 hard 0 soft 0 temp 0.06 loss 3.28 i_con 3.73 plddt 0.39 ptm 0.87 i_ptm 0.36 energy -25.58
49 models [0] recycles 0 hard 0 soft 0 temp 0.04 loss 3.43 i_con 3.91 plddt 0.40 ptm 0.88 i_ptm 0.32 energy -27.00
50 models [0] recycles 0 hard 0 soft 0 temp 0.02 loss 3.12 i_con 3.60 plddt 0.41 ptm 0.88 i_ptm 0.41 energy -27.02
51 models [0] recycles 0 hard 1 soft 0 temp 0.00 loss 4.53 i_con 4.48 plddt 0.28 ptm 0.87 i_ptm 0.18 energy -0.39
52 models [1] recycles 0 hard 1 soft 0 temp 0.00 loss 4.83 i_con 4.78 plddt 0.30 ptm 0.89 i_ptm 0.12 energy -0.39
53 models [0] recycles 0 hard 1 soft 0 temp 0.00 loss 4.53 i_con 4.48 plddt 0.28 ptm 0.87 i_ptm 0.18 energy -0.39
54 models [1] recycles 0 hard 1 soft 0 temp 0.00 loss 4.83 i_con 4.78 plddt 0.30 ptm 0.89 i_ptm 0.12 energy -0.39
55 models [1] recycles 0 hard 1 soft 0 temp 0.00 loss 4.83 i_con 4.78 plddt 0.30 ptm 0.89 i_ptm 0.12 energy -0.39
56 models [0] recycles 0 hard 1 soft 0 temp 0.00 loss 4.53 i_con 4.48 plddt 0.28 ptm 0.87 i_ptm 0.18 energy -0.39
57 models [0] recycles 0 hard 1 soft 0 temp 0.00 loss 4.53 i_con 4.48 plddt 0.28 ptm 0.87 i_ptm 0.18 energy -0.39
58 models [0] recycles 0 hard 1 soft 0 temp 0.00 loss 4.53 i_con 4.48 plddt 0.28 ptm 0.87 i_ptm 0.18 energy -0.39
59 models [1] recycles 0 hard 1 soft 0 temp 0.00 loss 4.83 i_con 4.78 plddt 0.30 ptm 0.89 i_ptm 0.12 energy -0.39
60 models [1] recycles 0 hard 1 soft 0 temp 0.00 loss 4.83 i_con 4.78 plddt 0.30 ptm 0.89 i_ptm 0.12 energy -0.39
61 models [1] recycles 0 hard 1 soft 0 temp 0.00 loss 4.83 i_con 4.78 plddt 0.30 ptm 0.89 i_ptm 0.12 energy -0.39
62 models [0] recycles 0 hard 1 soft 0 temp 0.00 loss 4.53 i_con 4.48 plddt 0.28 ptm 0.87 i_ptm 0.18 energy -0.39
63 models [1] recycles 0 hard 1 soft 0 temp 0.00 loss 4.83 i_con 4.78 plddt 0.30 ptm 0.89 i_ptm 0.12 energy -0.39
64 models [1] recycles 0 hard 1 soft 0 temp 0.00 loss 4.83 i_con 4.78 plddt 0.30 ptm 0.89 i_ptm 0.12 energy -0.39
65 models [1] recycles 0 hard 1 soft 0 temp 0.00 loss 4.83 i_con 4.78 plddt 0.30 ptm 0.89 i_ptm 0.12 energy -0.39
66 models [0] recycles 0 hard 1 soft 0 temp 0.00 loss 4.53 i_con 4.48 plddt 0.28 ptm 0.87 i_ptm 0.18 energy -0.39
67 models [1] recycles 0 hard 1 soft 0 temp 0.00 loss 4.83 i_con 4.78 plddt 0.30 ptm 0.89 i_ptm 0.12 energy -0.39
68 models [1] recycles 0 hard 1 soft 0 temp 0.00 loss 4.83 i_con 4.78 plddt 0.30 ptm 0.89 i_ptm 0.12 energy -0.39
69 models [0] recycles 0 hard 1 soft 0 temp 0.00 loss 4.53 i_con 4.48 plddt 0.28 ptm 0.87 i_ptm 0.18 energy -0.39
70 models [0] recycles 0 hard 1 soft 0 temp 0.00 loss 4.53 i_con 4.48 plddt 0.28 ptm 0.87 i_ptm 0.18 energy -0.39
71 models [1] recycles 0 hard 1 soft 0 temp 0.00 loss 4.83 i_con 4.78 plddt 0.30 ptm 0.89 i_ptm 0.12 energy -0.39
72 models [1] recycles 0 hard 1 soft 0 temp 0.00 loss 4.83 i_con 4.78 plddt 0.30 ptm 0.89 i_ptm 0.12 energy -0.39
73 models [0] recycles 0 hard 1 soft 0 temp 0.00 loss 4.53 i_con 4.48 plddt 0.28 ptm 0.87 i_ptm 0.18 energy -0.39
74 models [0] recycles 0 hard 1 soft 0 temp 0.00 loss 4.53 i_con 4.48 plddt 0.28 ptm 0.87 i_ptm 0.18 energy -0.39
75 models [0] recycles 0 hard 1 soft 0 temp 0.00 loss 4.53 i_con 4.48 plddt 0.28 ptm 0.87 i_ptm 0.18 energy -0.39
76 models [1] recycles 0 hard 1 soft 0 temp 0.00 loss 4.83 i_con 4.78 plddt 0.30 ptm 0.89 i_ptm 0.12 energy -0.39
77 models [0] recycles 0 hard 1 soft 0 temp 0.00 loss 4.53 i_con 4.48 plddt 0.28 ptm 0.87 i_ptm 0.18 energy -0.39
78 models [0] recycles 0 hard 1 soft 0 temp 0.00 loss 4.53 i_con 4.48 plddt 0.28 ptm 0.87 i_ptm 0.18 energy -0.39
79 models [0] recycles 0 hard 1 soft 0 temp 0.00 loss 4.53 i_con 4.48 plddt 0.28 ptm 0.87 i_ptm 0.18 energy -0.39
80 models [0] recycles 0 hard 1 soft 0 temp 0.00 loss 4.53 i_con 4.48 plddt 0.28 ptm 0.87 i_ptm 0.18 energy -0.39
  → seq=YHPQVEGSPEMLLCL  loss=4.5310  loss_af=4.5503  energy=-0.3860  i_ptm=0.1820
[13/20] input=GWKQPTCSMKICKKL  seed=0 ...
1 models [1] recycles 0 hard 0 soft 0 temp 1 loss 6.54 i_con 6.55 plddt 0.39 ptm 0.88 i_ptm 0.13 energy -3.47
2 models [0] recycles 0 hard 0 soft 0 temp 0.98 loss 6.01 i_con 6.04 plddt 0.36 ptm 0.87 i_ptm 0.17 energy -4.88
3 models [0] recycles 0 hard 0 soft 0 temp 0.96 loss 5.73 i_con 5.79 plddt 0.44 ptm 0.87 i_ptm 0.16 energy -6.04
4 models [1] recycles 0 hard 0 soft 0 temp 0.94 loss 5.77 i_con 5.84 plddt 0.45 ptm 0.88 i_ptm 0.13 energy -6.58
5 models [0] recycles 0 hard 0 soft 0 temp 0.92 loss 5.66 i_con 5.73 plddt 0.37 ptm 0.87 i_ptm 0.17 energy -6.84
6 models [0] recycles 0 hard 0 soft 0 temp 0.90 loss 5.37 i_con 5.47 plddt 0.41 ptm 0.87 i_ptm 0.15 energy -7.56
7 models [0] recycles 0 hard 0 soft 0 temp 0.88 loss 5.18 i_con 5.27 plddt 0.37 ptm 0.87 i_ptm 0.19 energy -7.80
8 models [0] recycles 0 hard 0 soft 0 temp 0.86 loss 5.12 i_con 5.22 plddt 0.37 ptm 0.87 i_ptm 0.18 energy -7.78
9 models [0] recycles 0 hard 0 soft 0 temp 0.84 loss 5.31 i_con 5.41 plddt 0.35 ptm 0.87 i_ptm 0.19 energy -8.30
10 models [0] recycles 0 hard 0 soft 0 temp 0.82 loss 4.79 i_con 4.90 plddt 0.35 ptm 0.87 i_ptm 0.22 energy -8.68
11 models [0] recycles 0 hard 0 soft 0 temp 0.80 loss 4.78 i_con 4.88 plddt 0.38 ptm 0.87 i_ptm 0.23 energy -8.20
12 models [1] recycles 0 hard 0 soft 0 temp 0.78 loss 5.57 i_con 5.69 plddt 0.43 ptm 0.88 i_ptm 0.11 energy -9.13
13 models [1] recycles 0 hard 0 soft 0 temp 0.76 loss 5.29 i_con 5.41 plddt 0.40 ptm 0.88 i_ptm 0.15 energy -9.06
14 models [0] recycles 0 hard 0 soft 0 temp 0.74 loss 4.59 i_con 4.72 plddt 0.40 ptm 0.87 i_ptm 0.26 energy -9.17
15 models [1] recycles 0 hard 0 soft 0 temp 0.72 loss 5.06 i_con 5.18 plddt 0.39 ptm 0.89 i_ptm 0.19 energy -9.01
16 models [1] recycles 0 hard 0 soft 0 temp 0.70 loss 4.79 i_con 4.93 plddt 0.40 ptm 0.89 i_ptm 0.22 energy -9.75
17 models [1] recycles 0 hard 0 soft 0 temp 0.68 loss 4.59 i_con 4.72 plddt 0.38 ptm 0.89 i_ptm 0.27 energy -9.65
18 models [1] recycles 0 hard 0 soft 0 temp 0.66 loss 4.49 i_con 4.63 plddt 0.39 ptm 0.89 i_ptm 0.30 energy -10.05
19 models [1] recycles 0 hard 0 soft 0 temp 0.64 loss 4.52 i_con 4.66 plddt 0.39 ptm 0.89 i_ptm 0.29 energy -10.06
20 models [0] recycles 0 hard 0 soft 0 temp 0.62 loss 4.58 i_con 4.72 plddt 0.37 ptm 0.87 i_ptm 0.24 energy -10.08
21 models [1] recycles 0 hard 0 soft 0 temp 0.60 loss 4.71 i_con 4.86 plddt 0.41 ptm 0.89 i_ptm 0.26 energy -10.57
22 models [0] recycles 0 hard 0 soft 0 temp 0.58 loss 4.23 i_con 4.39 plddt 0.38 ptm 0.87 i_ptm 0.34 energy -10.78
23 models [0] recycles 0 hard 0 soft 0 temp 0.56 loss 4.32 i_con 4.48 plddt 0.37 ptm 0.87 i_ptm 0.28 energy -10.92
24 models [1] recycles 0 hard 0 soft 0 temp 0.54 loss 4.31 i_con 4.47 plddt 0.41 ptm 0.89 i_ptm 0.31 energy -11.09
25 models [1] recycles 0 hard 0 soft 0 temp 0.52 loss 4.36 i_con 4.52 plddt 0.42 ptm 0.89 i_ptm 0.31 energy -11.03
26 models [0] recycles 0 hard 0 soft 0 temp 0.50 loss 4.01 i_con 4.17 plddt 0.42 ptm 0.87 i_ptm 0.41 energy -10.95
27 models [0] recycles 0 hard 0 soft 0 temp 0.48 loss 4.45 i_con 4.60 plddt 0.39 ptm 0.87 i_ptm 0.28 energy -10.79
28 models [0] recycles 0 hard 0 soft 0 temp 0.46 loss 4.37 i_con 4.53 plddt 0.37 ptm 0.87 i_ptm 0.31 energy -11.34
29 models [0] recycles 0 hard 0 soft 0 temp 0.44 loss 4.36 i_con 4.53 plddt 0.42 ptm 0.87 i_ptm 0.31 energy -11.83
30 models [1] recycles 0 hard 0 soft 0 temp 0.42 loss 4.15 i_con 4.33 plddt 0.42 ptm 0.89 i_ptm 0.33 energy -11.99
31 models [0] recycles 0 hard 0 soft 0 temp 0.40 loss 3.96 i_con 4.14 plddt 0.43 ptm 0.87 i_ptm 0.45 energy -11.93
32 models [1] recycles 0 hard 0 soft 0 temp 0.38 loss 4.68 i_con 4.86 plddt 0.37 ptm 0.88 i_ptm 0.18 energy -12.10
33 models [0] recycles 0 hard 0 soft 0 temp 0.36 loss 3.60 i_con 3.79 plddt 0.49 ptm 0.88 i_ptm 0.49 energy -11.98
34 models [1] recycles 0 hard 0 soft 0 temp 0.34 loss 3.55 i_con 3.73 plddt 0.51 ptm 0.89 i_ptm 0.46 energy -11.82
35 models [0] recycles 0 hard 0 soft 0 temp 0.32 loss 3.86 i_con 4.06 plddt 0.46 ptm 0.88 i_ptm 0.44 energy -12.40
36 models [0] recycles 0 hard 0 soft 0 temp 0.30 loss 3.79 i_con 3.98 plddt 0.46 ptm 0.87 i_ptm 0.44 energy -12.38
37 models [1] recycles 0 hard 0 soft 0 temp 0.28 loss 3.61 i_con 3.81 plddt 0.50 ptm 0.90 i_ptm 0.45 energy -12.65
38 models [0] recycles 0 hard 0 soft 0 temp 0.26 loss 3.85 i_con 4.04 plddt 0.45 ptm 0.87 i_ptm 0.42 energy -12.33
39 models [0] recycles 0 hard 0 soft 0 temp 0.24 loss 3.81 i_con 4.02 plddt 0.49 ptm 0.88 i_ptm 0.45 energy -12.73
40 models [1] recycles 0 hard 0 soft 0 temp 0.22 loss 4.76 i_con 4.96 plddt 0.41 ptm 0.88 i_ptm 0.20 energy -12.93
41 models [1] recycles 0 hard 0 soft 0 temp 0.20 loss 3.60 i_con 3.81 plddt 0.47 ptm 0.89 i_ptm 0.46 energy -13.01
42 models [0] recycles 0 hard 0 soft 0 temp 0.18 loss 3.50 i_con 3.71 plddt 0.51 ptm 0.88 i_ptm 0.50 energy -12.94
43 models [1] recycles 0 hard 0 soft 0 temp 0.16 loss 3.47 i_con 3.68 plddt 0.50 ptm 0.89 i_ptm 0.48 energy -12.98
44 models [0] recycles 0 hard 0 soft 0 temp 0.14 loss 3.60 i_con 3.81 plddt 0.47 ptm 0.88 i_ptm 0.50 energy -13.06
45 models [0] recycles 0 hard 0 soft 0 temp 0.12 loss 3.43 i_con 3.64 plddt 0.52 ptm 0.88 i_ptm 0.52 energy -12.73
46 models [0] recycles 0 hard 0 soft 0 temp 0.10 loss 3.21 i_con 3.43 plddt 0.56 ptm 0.88 i_ptm 0.58 energy -13.04
47 models [0] recycles 0 hard 0 soft 0 temp 0.08 loss 3.30 i_con 3.51 plddt 0.56 ptm 0.88 i_ptm 0.57 energy -12.66
48 models [0] recycles 0 hard 0 soft 0 temp 0.06 loss 3.46 i_con 3.67 plddt 0.53 ptm 0.88 i_ptm 0.52 energy -12.99
49 models [1] recycles 0 hard 0 soft 0 temp 0.04 loss 3.01 i_con 3.22 plddt 0.59 ptm 0.90 i_ptm 0.59 energy -12.84
50 models [0] recycles 0 hard 0 soft 0 temp 0.02 loss 3.27 i_con 3.48 plddt 0.57 ptm 0.88 i_ptm 0.60 energy -12.97
51 models [1] recycles 0 hard 1 soft 0 temp 0.00 loss 6.05 i_con 6.15 plddt 0.40 ptm 0.89 i_ptm 0.09 energy -3.07
52 models [0] recycles 0 hard 1 soft 0 temp 0.00 loss 5.03 i_con 5.12 plddt 0.32 ptm 0.87 i_ptm 0.19 energy -3.07
53 models [0] recycles 0 hard 1 soft 0 temp 0.00 loss 5.03 i_con 5.12 plddt 0.32 ptm 0.87 i_ptm 0.19 energy -3.07
54 models [0] recycles 0 hard 1 soft 0 temp 0.00 loss 5.03 i_con 5.12 plddt 0.32 ptm 0.87 i_ptm 0.19 energy -3.07
55 models [0] recycles 0 hard 1 soft 0 temp 0.00 loss 5.03 i_con 5.12 plddt 0.32 ptm 0.87 i_ptm 0.19 energy -3.07
56 models [1] recycles 0 hard 1 soft 0 temp 0.00 loss 6.05 i_con 6.15 plddt 0.40 ptm 0.89 i_ptm 0.09 energy -3.07
57 models [0] recycles 0 hard 1 soft 0 temp 0.00 loss 5.03 i_con 5.12 plddt 0.32 ptm 0.87 i_ptm 0.19 energy -3.07
58 models [1] recycles 0 hard 1 soft 0 temp 0.00 loss 6.05 i_con 6.15 plddt 0.40 ptm 0.89 i_ptm 0.09 energy -3.07
59 models [1] recycles 0 hard 1 soft 0 temp 0.00 loss 6.05 i_con 6.15 plddt 0.40 ptm 0.89 i_ptm 0.09 energy -3.07
60 models [0] recycles 0 hard 1 soft 0 temp 0.00 loss 5.03 i_con 5.12 plddt 0.32 ptm 0.87 i_ptm 0.19 energy -3.07
61 models [0] recycles 0 hard 1 soft 0 temp 0.00 loss 5.03 i_con 5.12 plddt 0.32 ptm 0.87 i_ptm 0.19 energy -3.07
62 models [1] recycles 0 hard 1 soft 0 temp 0.00 loss 6.05 i_con 6.15 plddt 0.40 ptm 0.89 i_ptm 0.09 energy -3.07
63 models [0] recycles 0 hard 1 soft 0 temp 0.00 loss 5.03 i_con 5.12 plddt 0.32 ptm 0.87 i_ptm 0.19 energy -3.07
64 models [1] recycles 0 hard 1 soft 0 temp 0.00 loss 6.05 i_con 6.15 plddt 0.40 ptm 0.89 i_ptm 0.09 energy -3.07
65 models [0] recycles 0 hard 1 soft 0 temp 0.00 loss 5.03 i_con 5.12 plddt 0.32 ptm 0.87 i_ptm 0.19 energy -3.07
66 models [1] recycles 0 hard 1 soft 0 temp 0.00 loss 6.05 i_con 6.15 plddt 0.40 ptm 0.89 i_ptm 0.09 energy -3.07
67 models [1] recycles 0 hard 1 soft 0 temp 0.00 loss 6.05 i_con 6.15 plddt 0.40 ptm 0.89 i_ptm 0.09 energy -3.07
68 models [1] recycles 0 hard 1 soft 0 temp 0.00 loss 6.05 i_con 6.15 plddt 0.40 ptm 0.89 i_ptm 0.09 energy -3.07
69 models [1] recycles 0 hard 1 soft 0 temp 0.00 loss 6.05 i_con 6.15 plddt 0.40 ptm 0.89 i_ptm 0.09 energy -3.07
70 models [1] recycles 0 hard 1 soft 0 temp 0.00 loss 6.05 i_con 6.15 plddt 0.40 ptm 0.89 i_ptm 0.09 energy -3.07
71 models [0] recycles 0 hard 1 soft 0 temp 0.00 loss 5.03 i_con 5.12 plddt 0.32 ptm 0.87 i_ptm 0.19 energy -3.07
72 models [0] recycles 0 hard 1 soft 0 temp 0.00 loss 5.03 i_con 5.12 plddt 0.32 ptm 0.87 i_ptm 0.19 energy -3.07
73 models [1] recycles 0 hard 1 soft 0 temp 0.00 loss 6.05 i_con 6.15 plddt 0.40 ptm 0.89 i_ptm 0.09 energy -3.07
74 models [1] recycles 0 hard 1 soft 0 temp 0.00 loss 6.05 i_con 6.15 plddt 0.40 ptm 0.89 i_ptm 0.09 energy -3.07
75 models [1] recycles 0 hard 1 soft 0 temp 0.00 loss 6.05 i_con 6.15 plddt 0.40 ptm 0.89 i_ptm 0.09 energy -3.07
76 models [0] recycles 0 hard 1 soft 0 temp 0.00 loss 5.03 i_con 5.12 plddt 0.32 ptm 0.87 i_ptm 0.19 energy -3.07
77 models [0] recycles 0 hard 1 soft 0 temp 0.00 loss 5.03 i_con 5.12 plddt 0.32 ptm 0.87 i_ptm 0.19 energy -3.07
78 models [1] recycles 0 hard 1 soft 0 temp 0.00 loss 6.05 i_con 6.15 plddt 0.40 ptm 0.89 i_ptm 0.09 energy -3.07
79 models [0] recycles 0 hard 1 soft 0 temp 0.00 loss 5.03 i_con 5.12 plddt 0.32 ptm 0.87 i_ptm 0.19 energy -3.07
80 models [1] recycles 0 hard 1 soft 0 temp 0.00 loss 6.05 i_con 6.15 plddt 0.40 ptm 0.89 i_ptm 0.09 energy -3.07
  → seq=GWKQPTESMKIIKKL  loss=6.0526  loss_af=6.2061  energy=-3.0710  i_ptm=0.0905
[14/20] input=GWKQPTCSMKICKKL  seed=1 ...
1 models [0] recycles 0 hard 0 soft 0 temp 1 loss 6.39 i_con 6.40 plddt 0.37 ptm 0.87 i_ptm 0.23 energy -3.47
2 models [0] recycles 0 hard 0 soft 0 temp 0.98 loss 5.80 i_con 5.83 plddt 0.34 ptm 0.86 i_ptm 0.16 energy -4.86
3 models [1] recycles 0 hard 0 soft 0 temp 0.96 loss 6.32 i_con 6.38 plddt 0.43 ptm 0.88 i_ptm 0.10 energy -5.92
4 models [1] recycles 0 hard 0 soft 0 temp 0.94 loss 6.32 i_con 6.39 plddt 0.40 ptm 0.88 i_ptm 0.13 energy -6.51
5 models [0] recycles 0 hard 0 soft 0 temp 0.92 loss 5.74 i_con 5.83 plddt 0.39 ptm 0.87 i_ptm 0.17 energy -7.42
6 models [0] recycles 0 hard 0 soft 0 temp 0.90 loss 5.25 i_con 5.34 plddt 0.36 ptm 0.87 i_ptm 0.16 energy -7.80
7 models [0] recycles 0 hard 0 soft 0 temp 0.88 loss 5.07 i_con 5.17 plddt 0.39 ptm 0.87 i_ptm 0.18 energy -8.51
8 models [0] recycles 0 hard 0 soft 0 temp 0.86 loss 5.08 i_con 5.18 plddt 0.37 ptm 0.87 i_ptm 0.19 energy -8.26
9 models [0] recycles 0 hard 0 soft 0 temp 0.84 loss 5.29 i_con 5.40 plddt 0.37 ptm 0.87 i_ptm 0.17 energy -8.42
10 models [1] recycles 0 hard 0 soft 0 temp 0.82 loss 5.57 i_con 5.69 plddt 0.45 ptm 0.88 i_ptm 0.12 energy -8.80
11 models [1] recycles 0 hard 0 soft 0 temp 0.80 loss 5.22 i_con 5.33 plddt 0.40 ptm 0.88 i_ptm 0.16 energy -8.88
12 models [0] recycles 0 hard 0 soft 0 temp 0.78 loss 4.96 i_con 5.06 plddt 0.37 ptm 0.87 i_ptm 0.21 energy -8.51
13 models [1] recycles 0 hard 0 soft 0 temp 0.76 loss 4.88 i_con 5.01 plddt 0.41 ptm 0.89 i_ptm 0.24 energy -9.08
14 models [0] recycles 0 hard 0 soft 0 temp 0.74 loss 4.82 i_con 4.95 plddt 0.38 ptm 0.87 i_ptm 0.22 energy -9.69
15 models [0] recycles 0 hard 0 soft 0 temp 0.72 loss 4.77 i_con 4.91 plddt 0.39 ptm 0.87 i_ptm 0.20 energy -10.08
16 models [1] recycles 0 hard 0 soft 0 temp 0.70 loss 5.22 i_con 5.38 plddt 0.47 ptm 0.88 i_ptm 0.13 energy -10.54
17 models [1] recycles 0 hard 0 soft 0 temp 0.68 loss 4.70 i_con 4.85 plddt 0.40 ptm 0.88 i_ptm 0.20 energy -10.56
18 models [0] recycles 0 hard 0 soft 0 temp 0.66 loss 4.52 i_con 4.68 plddt 0.38 ptm 0.87 i_ptm 0.23 energy -11.05
19 models [1] recycles 0 hard 0 soft 0 temp 0.64 loss 4.83 i_con 4.99 plddt 0.38 ptm 0.88 i_ptm 0.20 energy -11.17
20 models [1] recycles 0 hard 0 soft 0 temp 0.62 loss 4.67 i_con 4.82 plddt 0.39 ptm 0.89 i_ptm 0.25 energy -10.59
21 models [1] recycles 0 hard 0 soft 0 temp 0.60 loss 4.76 i_con 4.93 plddt 0.39 ptm 0.88 i_ptm 0.24 energy -11.46
22 models [0] recycles 0 hard 0 soft 0 temp 0.58 loss 4.55 i_con 4.71 plddt 0.38 ptm 0.87 i_ptm 0.26 energy -11.18
23 models [1] recycles 0 hard 0 soft 0 temp 0.56 loss 4.57 i_con 4.74 plddt 0.40 ptm 0.88 i_ptm 0.26 energy -11.39
24 models [1] recycles 0 hard 0 soft 0 temp 0.54 loss 4.61 i_con 4.79 plddt 0.38 ptm 0.89 i_ptm 0.27 energy -11.73
25 models [0] recycles 0 hard 0 soft 0 temp 0.52 loss 4.32 i_con 4.49 plddt 0.37 ptm 0.87 i_ptm 0.32 energy -11.42
26 models [1] recycles 0 hard 0 soft 0 temp 0.50 loss 4.27 i_con 4.45 plddt 0.41 ptm 0.89 i_ptm 0.30 energy -11.62
27 models [1] recycles 0 hard 0 soft 0 temp 0.48 loss 4.60 i_con 4.78 plddt 0.38 ptm 0.88 i_ptm 0.26 energy -11.77
28 models [1] recycles 0 hard 0 soft 0 temp 0.46 loss 4.10 i_con 4.29 plddt 0.43 ptm 0.89 i_ptm 0.38 energy -12.30
29 models [0] recycles 0 hard 0 soft 0 temp 0.44 loss 4.66 i_con 4.84 plddt 0.37 ptm 0.87 i_ptm 0.22 energy -12.30
30 models [1] recycles 0 hard 0 soft 0 temp 0.42 loss 4.45 i_con 4.62 plddt 0.39 ptm 0.89 i_ptm 0.30 energy -11.94
31 models [1] recycles 0 hard 0 soft 0 temp 0.40 loss 4.29 i_con 4.49 plddt 0.43 ptm 0.89 i_ptm 0.33 energy -12.44
32 models [1] recycles 0 hard 0 soft 0 temp 0.38 loss 4.21 i_con 4.41 plddt 0.44 ptm 0.89 i_ptm 0.34 energy -12.57
33 models [0] recycles 0 hard 0 soft 0 temp 0.36 loss 3.61 i_con 3.81 plddt 0.47 ptm 0.88 i_ptm 0.51 energy -12.55
34 models [0] recycles 0 hard 0 soft 0 temp 0.34 loss 3.73 i_con 3.94 plddt 0.47 ptm 0.88 i_ptm 0.45 energy -13.07
35 models [0] recycles 0 hard 0 soft 0 temp 0.32 loss 4.02 i_con 4.22 plddt 0.44 ptm 0.87 i_ptm 0.42 energy -13.21
36 models [0] recycles 0 hard 0 soft 0 temp 0.30 loss 3.91 i_con 4.12 plddt 0.44 ptm 0.88 i_ptm 0.40 energy -13.30
37 models [0] recycles 0 hard 0 soft 0 temp 0.28 loss 3.70 i_con 3.92 plddt 0.46 ptm 0.88 i_ptm 0.45 energy -13.50
38 models [1] recycles 0 hard 0 soft 0 temp 0.26 loss 3.43 i_con 3.66 plddt 0.51 ptm 0.89 i_ptm 0.50 energy -13.63
39 models [1] recycles 0 hard 0 soft 0 temp 0.24 loss 3.27 i_con 3.50 plddt 0.56 ptm 0.90 i_ptm 0.53 energy -13.49
40 models [1] recycles 0 hard 0 soft 0 temp 0.22 loss 2.97 i_con 3.20 plddt 0.57 ptm 0.90 i_ptm 0.62 energy -13.58
41 models [0] recycles 0 hard 0 soft 0 temp 0.20 loss 3.60 i_con 3.80 plddt 0.46 ptm 0.88 i_ptm 0.46 energy -13.02
42 models [0] recycles 0 hard 0 soft 0 temp 0.18 loss 4.29 i_con 4.49 plddt 0.42 ptm 0.87 i_ptm 0.31 energy -12.95
43 models [0] recycles 0 hard 0 soft 0 temp 0.16 loss 3.41 i_con 3.62 plddt 0.53 ptm 0.88 i_ptm 0.52 energy -12.82
44 models [0] recycles 0 hard 0 soft 0 temp 0.14 loss 3.34 i_con 3.55 plddt 0.50 ptm 0.88 i_ptm 0.51 energy -13.18
45 models [0] recycles 0 hard 0 soft 0 temp 0.12 loss 3.56 i_con 3.78 plddt 0.52 ptm 0.88 i_ptm 0.49 energy -13.43
46 models [0] recycles 0 hard 0 soft 0 temp 0.10 loss 3.18 i_con 3.42 plddt 0.55 ptm 0.88 i_ptm 0.57 energy -13.93
47 models [1] recycles 0 hard 0 soft 0 temp 0.08 loss 4.02 i_con 4.25 plddt 0.45 ptm 0.89 i_ptm 0.36 energy -13.99
48 models [0] recycles 0 hard 0 soft 0 temp 0.06 loss 3.22 i_con 3.46 plddt 0.51 ptm 0.88 i_ptm 0.53 energy -14.07
49 models [0] recycles 0 hard 0 soft 0 temp 0.04 loss 3.51 i_con 3.74 plddt 0.50 ptm 0.88 i_ptm 0.49 energy -14.19
50 models [1] recycles 0 hard 0 soft 0 temp 0.02 loss 3.06 i_con 3.30 plddt 0.57 ptm 0.90 i_ptm 0.57 energy -14.11
51 models [1] recycles 0 hard 1 soft 0 temp 0.00 loss 6.28 i_con 6.41 plddt 0.41 ptm 0.89 i_ptm 0.09 energy -3.74
52 models [0] recycles 0 hard 1 soft 0 temp 0.00 loss 5.48 i_con 5.60 plddt 0.31 ptm 0.87 i_ptm 0.15 energy -3.74
53 models [1] recycles 0 hard 1 soft 0 temp 0.00 loss 6.28 i_con 6.41 plddt 0.41 ptm 0.89 i_ptm 0.09 energy -3.74
54 models [1] recycles 0 hard 1 soft 0 temp 0.00 loss 6.28 i_con 6.41 plddt 0.41 ptm 0.89 i_ptm 0.09 energy -3.74
55 models [0] recycles 0 hard 1 soft 0 temp 0.00 loss 5.48 i_con 5.60 plddt 0.31 ptm 0.87 i_ptm 0.15 energy -3.74
56 models [0] recycles 0 hard 1 soft 0 temp 0.00 loss 5.48 i_con 5.60 plddt 0.31 ptm 0.87 i_ptm 0.15 energy -3.74
57 models [0] recycles 0 hard 1 soft 0 temp 0.00 loss 5.48 i_con 5.60 plddt 0.31 ptm 0.87 i_ptm 0.15 energy -3.74
58 models [1] recycles 0 hard 1 soft 0 temp 0.00 loss 6.28 i_con 6.41 plddt 0.41 ptm 0.89 i_ptm 0.09 energy -3.74
59 models [0] recycles 0 hard 1 soft 0 temp 0.00 loss 5.48 i_con 5.60 plddt 0.31 ptm 0.87 i_ptm 0.15 energy -3.74
60 models [1] recycles 0 hard 1 soft 0 temp 0.00 loss 6.28 i_con 6.41 plddt 0.41 ptm 0.89 i_ptm 0.09 energy -3.74
61 models [1] recycles 0 hard 1 soft 0 temp 0.00 loss 6.28 i_con 6.41 plddt 0.41 ptm 0.89 i_ptm 0.09 energy -3.74
62 models [0] recycles 0 hard 1 soft 0 temp 0.00 loss 5.48 i_con 5.60 plddt 0.31 ptm 0.87 i_ptm 0.15 energy -3.74
63 models [0] recycles 0 hard 1 soft 0 temp 0.00 loss 5.48 i_con 5.60 plddt 0.31 ptm 0.87 i_ptm 0.15 energy -3.74
64 models [1] recycles 0 hard 1 soft 0 temp 0.00 loss 6.28 i_con 6.41 plddt 0.41 ptm 0.89 i_ptm 0.09 energy -3.74
65 models [0] recycles 0 hard 1 soft 0 temp 0.00 loss 5.48 i_con 5.60 plddt 0.31 ptm 0.87 i_ptm 0.15 energy -3.74
66 models [0] recycles 0 hard 1 soft 0 temp 0.00 loss 5.48 i_con 5.60 plddt 0.31 ptm 0.87 i_ptm 0.15 energy -3.74
67 models [0] recycles 0 hard 1 soft 0 temp 0.00 loss 5.48 i_con 5.60 plddt 0.31 ptm 0.87 i_ptm 0.15 energy -3.74
68 models [0] recycles 0 hard 1 soft 0 temp 0.00 loss 5.48 i_con 5.60 plddt 0.31 ptm 0.87 i_ptm 0.15 energy -3.74
69 models [1] recycles 0 hard 1 soft 0 temp 0.00 loss 6.28 i_con 6.41 plddt 0.41 ptm 0.89 i_ptm 0.09 energy -3.74
70 models [1] recycles 0 hard 1 soft 0 temp 0.00 loss 6.28 i_con 6.41 plddt 0.41 ptm 0.89 i_ptm 0.09 energy -3.74
71 models [0] recycles 0 hard 1 soft 0 temp 0.00 loss 5.48 i_con 5.60 plddt 0.31 ptm 0.87 i_ptm 0.15 energy -3.74
72 models [0] recycles 0 hard 1 soft 0 temp 0.00 loss 5.48 i_con 5.60 plddt 0.31 ptm 0.87 i_ptm 0.15 energy -3.74
73 models [1] recycles 0 hard 1 soft 0 temp 0.00 loss 6.28 i_con 6.41 plddt 0.41 ptm 0.89 i_ptm 0.09 energy -3.74
74 models [1] recycles 0 hard 1 soft 0 temp 0.00 loss 6.28 i_con 6.41 plddt 0.41 ptm 0.89 i_ptm 0.09 energy -3.74
75 models [1] recycles 0 hard 1 soft 0 temp 0.00 loss 6.28 i_con 6.41 plddt 0.41 ptm 0.89 i_ptm 0.09 energy -3.74
76 models [1] recycles 0 hard 1 soft 0 temp 0.00 loss 6.28 i_con 6.41 plddt 0.41 ptm 0.89 i_ptm 0.09 energy -3.74
77 models [0] recycles 0 hard 1 soft 0 temp 0.00 loss 5.48 i_con 5.60 plddt 0.31 ptm 0.87 i_ptm 0.15 energy -3.74
78 models [0] recycles 0 hard 1 soft 0 temp 0.00 loss 5.48 i_con 5.60 plddt 0.31 ptm 0.87 i_ptm 0.15 energy -3.74
79 models [0] recycles 0 hard 1 soft 0 temp 0.00 loss 5.48 i_con 5.60 plddt 0.31 ptm 0.87 i_ptm 0.15 energy -3.74
80 models [1] recycles 0 hard 1 soft 0 temp 0.00 loss 6.28 i_con 6.41 plddt 0.41 ptm 0.89 i_ptm 0.09 energy -3.74
  → seq=GWKQPTCSMKIIKKL  loss=6.2844  loss_af=6.4715  energy=-3.7414  i_ptm=0.0945
[15/20] input=GWKQPTCSMKICKKL  seed=2 ...
1 models [1] recycles 0 hard 0 soft 0 temp 1 loss 6.57 i_con 6.59 plddt 0.44 ptm 0.88 i_ptm 0.14 energy -3.47
2 models [0] recycles 0 hard 0 soft 0 temp 0.98 loss 6.15 i_con 6.19 plddt 0.35 ptm 0.87 i_ptm 0.20 energy -4.98
3 models [0] recycles 0 hard 0 soft 0 temp 0.96 loss 5.68 i_con 5.74 plddt 0.38 ptm 0.86 i_ptm 0.15 energy -6.53
4 models [1] recycles 0 hard 0 soft 0 temp 0.94 loss 5.84 i_con 5.93 plddt 0.44 ptm 0.88 i_ptm 0.13 energy -7.34
5 models [1] recycles 0 hard 0 soft 0 temp 0.92 loss 5.67 i_con 5.78 plddt 0.47 ptm 0.88 i_ptm 0.13 energy -7.91
6 models [0] recycles 0 hard 0 soft 0 temp 0.90 loss 5.19 i_con 5.28 plddt 0.37 ptm 0.87 i_ptm 0.19 energy -7.59
7 models [1] recycles 0 hard 0 soft 0 temp 0.88 loss 5.81 i_con 5.90 plddt 0.37 ptm 0.88 i_ptm 0.14 energy -7.76
8 models [0] recycles 0 hard 0 soft 0 temp 0.86 loss 5.49 i_con 5.59 plddt 0.36 ptm 0.87 i_ptm 0.18 energy -8.24
9 models [1] recycles 0 hard 0 soft 0 temp 0.84 loss 5.23 i_con 5.34 plddt 0.42 ptm 0.88 i_ptm 0.16 energy -8.45
10 models [0] recycles 0 hard 0 soft 0 temp 0.82 loss 4.89 i_con 5.00 plddt 0.33 ptm 0.87 i_ptm 0.19 energy -8.56
11 models [1] recycles 0 hard 0 soft 0 temp 0.80 loss 5.04 i_con 5.17 plddt 0.44 ptm 0.88 i_ptm 0.20 energy -9.06
12 models [0] recycles 0 hard 0 soft 0 temp 0.78 loss 4.75 i_con 4.86 plddt 0.35 ptm 0.87 i_ptm 0.22 energy -9.11
13 models [0] recycles 0 hard 0 soft 0 temp 0.76 loss 4.54 i_con 4.68 plddt 0.36 ptm 0.86 i_ptm 0.23 energy -10.00
14 models [0] recycles 0 hard 0 soft 0 temp 0.74 loss 4.62 i_con 4.77 plddt 0.36 ptm 0.87 i_ptm 0.22 energy -10.65
15 models [0] recycles 0 hard 0 soft 0 temp 0.72 loss 4.55 i_con 4.71 plddt 0.38 ptm 0.87 i_ptm 0.20 energy -11.45
16 models [0] recycles 0 hard 0 soft 0 temp 0.70 loss 4.48 i_con 4.65 plddt 0.36 ptm 0.87 i_ptm 0.23 energy -11.70
17 models [0] recycles 0 hard 0 soft 0 temp 0.68 loss 4.64 i_con 4.82 plddt 0.35 ptm 0.87 i_ptm 0.21 energy -12.27
18 models [0] recycles 0 hard 0 soft 0 temp 0.66 loss 4.42 i_con 4.60 plddt 0.38 ptm 0.87 i_ptm 0.26 energy -12.39
19 models [1] recycles 0 hard 0 soft 0 temp 0.64 loss 4.63 i_con 4.83 plddt 0.40 ptm 0.88 i_ptm 0.23 energy -13.23
20 models [1] recycles 0 hard 0 soft 0 temp 0.62 loss 4.40 i_con 4.61 plddt 0.40 ptm 0.89 i_ptm 0.28 energy -13.37
21 models [1] recycles 0 hard 0 soft 0 temp 0.60 loss 4.90 i_con 5.10 plddt 0.36 ptm 0.88 i_ptm 0.20 energy -13.58
22 models [1] recycles 0 hard 0 soft 0 temp 0.58 loss 4.51 i_con 4.72 plddt 0.40 ptm 0.88 i_ptm 0.25 energy -13.53
23 models [0] recycles 0 hard 0 soft 0 temp 0.56 loss 4.46 i_con 4.67 plddt 0.38 ptm 0.87 i_ptm 0.24 energy -13.40
24 models [0] recycles 0 hard 0 soft 0 temp 0.54 loss 4.33 i_con 4.54 plddt 0.38 ptm 0.87 i_ptm 0.28 energy -13.56
25 models [0] recycles 0 hard 0 soft 0 temp 0.52 loss 4.21 i_con 4.44 plddt 0.37 ptm 0.87 i_ptm 0.28 energy -14.29
26 models [1] recycles 0 hard 0 soft 0 temp 0.50 loss 4.49 i_con 4.70 plddt 0.39 ptm 0.88 i_ptm 0.20 energy -13.82
27 models [1] recycles 0 hard 0 soft 0 temp 0.48 loss 4.78 i_con 4.99 plddt 0.39 ptm 0.88 i_ptm 0.20 energy -14.02
28 models [1] recycles 0 hard 0 soft 0 temp 0.46 loss 4.91 i_con 5.13 plddt 0.42 ptm 0.88 i_ptm 0.18 energy -14.04
29 models [0] recycles 0 hard 0 soft 0 temp 0.44 loss 4.19 i_con 4.42 plddt 0.41 ptm 0.87 i_ptm 0.30 energy -14.33
30 models [0] recycles 0 hard 0 soft 0 temp 0.42 loss 3.92 i_con 4.17 plddt 0.43 ptm 0.87 i_ptm 0.37 energy -14.92
31 models [0] recycles 0 hard 0 soft 0 temp 0.40 loss 4.28 i_con 4.53 plddt 0.40 ptm 0.87 i_ptm 0.29 energy -15.46
32 models [1] recycles 0 hard 0 soft 0 temp 0.38 loss 4.38 i_con 4.62 plddt 0.38 ptm 0.88 i_ptm 0.25 energy -15.43
33 models [1] recycles 0 hard 0 soft 0 temp 0.36 loss 4.51 i_con 4.76 plddt 0.44 ptm 0.89 i_ptm 0.24 energy -15.58
34 models [0] recycles 0 hard 0 soft 0 temp 0.34 loss 4.22 i_con 4.48 plddt 0.42 ptm 0.87 i_ptm 0.30 energy -16.07
35 models [1] recycles 0 hard 0 soft 0 temp 0.32 loss 3.93 i_con 4.20 plddt 0.49 ptm 0.89 i_ptm 0.34 energy -16.23
36 models [1] recycles 0 hard 0 soft 0 temp 0.30 loss 4.14 i_con 4.41 plddt 0.44 ptm 0.89 i_ptm 0.32 energy -16.13
37 models [0] recycles 0 hard 0 soft 0 temp 0.28 loss 3.57 i_con 3.84 plddt 0.50 ptm 0.87 i_ptm 0.46 energy -15.99
38 models [0] recycles 0 hard 0 soft 0 temp 0.26 loss 4.15 i_con 4.41 plddt 0.39 ptm 0.87 i_ptm 0.28 energy -16.19
39 models [0] recycles 0 hard 0 soft 0 temp 0.24 loss 3.48 i_con 3.76 plddt 0.47 ptm 0.88 i_ptm 0.47 energy -16.68
40 models [1] recycles 0 hard 0 soft 0 temp 0.22 loss 3.72 i_con 4.00 plddt 0.48 ptm 0.89 i_ptm 0.42 energy -16.95
41 models [1] recycles 0 hard 0 soft 0 temp 0.20 loss 4.22 i_con 4.49 plddt 0.41 ptm 0.88 i_ptm 0.28 energy -16.59
42 models [1] recycles 0 hard 0 soft 0 temp 0.18 loss 4.09 i_con 4.36 plddt 0.44 ptm 0.89 i_ptm 0.34 energy -16.66
43 models [1] recycles 0 hard 0 soft 0 temp 0.16 loss 3.93 i_con 4.21 plddt 0.45 ptm 0.89 i_ptm 0.35 energy -16.63
44 models [0] recycles 0 hard 0 soft 0 temp 0.14 loss 3.91 i_con 4.19 plddt 0.41 ptm 0.88 i_ptm 0.36 energy -16.91
45 models [0] recycles 0 hard 0 soft 0 temp 0.12 loss 3.70 i_con 3.99 plddt 0.42 ptm 0.87 i_ptm 0.40 energy -17.21
46 models [0] recycles 0 hard 0 soft 0 temp 0.10 loss 3.38 i_con 3.67 plddt 0.52 ptm 0.88 i_ptm 0.47 energy -16.72
47 models [0] recycles 0 hard 0 soft 0 temp 0.08 loss 3.49 i_con 3.79 plddt 0.47 ptm 0.88 i_ptm 0.47 energy -17.65
48 models [1] recycles 0 hard 0 soft 0 temp 0.06 loss 4.17 i_con 4.47 plddt 0.44 ptm 0.89 i_ptm 0.26 energy -17.68
49 models [1] recycles 0 hard 0 soft 0 temp 0.04 loss 3.11 i_con 3.42 plddt 0.55 ptm 0.90 i_ptm 0.52 energy -17.50
50 models [1] recycles 0 hard 0 soft 0 temp 0.02 loss 3.63 i_con 3.94 plddt 0.51 ptm 0.89 i_ptm 0.43 energy -17.97
51 models [1] recycles 0 hard 1 soft 0 temp 0.00 loss 6.28 i_con 6.41 plddt 0.41 ptm 0.89 i_ptm 0.09 energy -3.74
52 models [1] recycles 0 hard 1 soft 0 temp 0.00 loss 6.28 i_con 6.41 plddt 0.41 ptm 0.89 i_ptm 0.09 energy -3.74
53 models [1] recycles 0 hard 1 soft 0 temp 0.00 loss 6.28 i_con 6.41 plddt 0.41 ptm 0.89 i_ptm 0.09 energy -3.74
54 models [1] recycles 0 hard 1 soft 0 temp 0.00 loss 6.28 i_con 6.41 plddt 0.41 ptm 0.89 i_ptm 0.09 energy -3.74
55 models [1] recycles 0 hard 1 soft 0 temp 0.00 loss 6.28 i_con 6.41 plddt 0.41 ptm 0.89 i_ptm 0.09 energy -3.74
56 models [0] recycles 0 hard 1 soft 0 temp 0.00 loss 5.48 i_con 5.60 plddt 0.31 ptm 0.87 i_ptm 0.15 energy -3.74
57 models [0] recycles 0 hard 1 soft 0 temp 0.00 loss 5.48 i_con 5.60 plddt 0.31 ptm 0.87 i_ptm 0.15 energy -3.74
58 models [0] recycles 0 hard 1 soft 0 temp 0.00 loss 5.48 i_con 5.60 plddt 0.31 ptm 0.87 i_ptm 0.15 energy -3.74
59 models [0] recycles 0 hard 1 soft 0 temp 0.00 loss 5.48 i_con 5.60 plddt 0.31 ptm 0.87 i_ptm 0.15 energy -3.74
60 models [0] recycles 0 hard 1 soft 0 temp 0.00 loss 5.48 i_con 5.60 plddt 0.31 ptm 0.87 i_ptm 0.15 energy -3.74
61 models [1] recycles 0 hard 1 soft 0 temp 0.00 loss 6.28 i_con 6.41 plddt 0.41 ptm 0.89 i_ptm 0.09 energy -3.74
62 models [1] recycles 0 hard 1 soft 0 temp 0.00 loss 6.28 i_con 6.41 plddt 0.41 ptm 0.89 i_ptm 0.09 energy -3.74
63 models [1] recycles 0 hard 1 soft 0 temp 0.00 loss 6.28 i_con 6.41 plddt 0.41 ptm 0.89 i_ptm 0.09 energy -3.74
64 models [0] recycles 0 hard 1 soft 0 temp 0.00 loss 5.48 i_con 5.60 plddt 0.31 ptm 0.87 i_ptm 0.15 energy -3.74
65 models [1] recycles 0 hard 1 soft 0 temp 0.00 loss 6.28 i_con 6.41 plddt 0.41 ptm 0.89 i_ptm 0.09 energy -3.74
66 models [0] recycles 0 hard 1 soft 0 temp 0.00 loss 5.48 i_con 5.60 plddt 0.31 ptm 0.87 i_ptm 0.15 energy -3.74
67 models [0] recycles 0 hard 1 soft 0 temp 0.00 loss 5.48 i_con 5.60 plddt 0.31 ptm 0.87 i_ptm 0.15 energy -3.74
68 models [0] recycles 0 hard 1 soft 0 temp 0.00 loss 5.48 i_con 5.60 plddt 0.31 ptm 0.87 i_ptm 0.15 energy -3.74
69 models [1] recycles 0 hard 1 soft 0 temp 0.00 loss 6.28 i_con 6.41 plddt 0.41 ptm 0.89 i_ptm 0.09 energy -3.74
70 models [0] recycles 0 hard 1 soft 0 temp 0.00 loss 5.48 i_con 5.60 plddt 0.31 ptm 0.87 i_ptm 0.15 energy -3.74
71 models [0] recycles 0 hard 1 soft 0 temp 0.00 loss 5.48 i_con 5.60 plddt 0.31 ptm 0.87 i_ptm 0.15 energy -3.74
72 models [1] recycles 0 hard 1 soft 0 temp 0.00 loss 6.28 i_con 6.41 plddt 0.41 ptm 0.89 i_ptm 0.09 energy -3.74
73 models [1] recycles 0 hard 1 soft 0 temp 0.00 loss 6.28 i_con 6.41 plddt 0.41 ptm 0.89 i_ptm 0.09 energy -3.74
74 models [1] recycles 0 hard 1 soft 0 temp 0.00 loss 6.28 i_con 6.41 plddt 0.41 ptm 0.89 i_ptm 0.09 energy -3.74
75 models [0] recycles 0 hard 1 soft 0 temp 0.00 loss 5.48 i_con 5.60 plddt 0.31 ptm 0.87 i_ptm 0.15 energy -3.74
76 models [0] recycles 0 hard 1 soft 0 temp 0.00 loss 5.48 i_con 5.60 plddt 0.31 ptm 0.87 i_ptm 0.15 energy -3.74
77 models [0] recycles 0 hard 1 soft 0 temp 0.00 loss 5.48 i_con 5.60 plddt 0.31 ptm 0.87 i_ptm 0.15 energy -3.74
78 models [0] recycles 0 hard 1 soft 0 temp 0.00 loss 5.48 i_con 5.60 plddt 0.31 ptm 0.87 i_ptm 0.15 energy -3.74
79 models [1] recycles 0 hard 1 soft 0 temp 0.00 loss 6.28 i_con 6.41 plddt 0.41 ptm 0.89 i_ptm 0.09 energy -3.74
80 models [1] recycles 0 hard 1 soft 0 temp 0.00 loss 6.28 i_con 6.41 plddt 0.41 ptm 0.89 i_ptm 0.09 energy -3.74
  → seq=GWKQPTCSMKIIKKL  loss=6.2844  loss_af=6.4715  energy=-3.7414  i_ptm=0.0945
[16/20] input=GWKQPTCSMKICKKL  seed=3 ...
1 models [1] recycles 0 hard 0 soft 0 temp 1 loss 6.55 i_con 6.56 plddt 0.40 ptm 0.88 i_ptm 0.13 energy -3.47
2 models [1] recycles 0 hard 0 soft 0 temp 0.98 loss 6.24 i_con 6.29 plddt 0.42 ptm 0.88 i_ptm 0.09 energy -5.26
3 models [0] recycles 0 hard 0 soft 0 temp 0.96 loss 6.05 i_con 6.11 plddt 0.36 ptm 0.86 i_ptm 0.15 energy -6.06
4 models [0] recycles 0 hard 0 soft 0 temp 0.94 loss 5.65 i_con 5.73 plddt 0.36 ptm 0.87 i_ptm 0.18 energy -7.18
5 models [1] recycles 0 hard 0 soft 0 temp 0.92 loss 5.77 i_con 5.87 plddt 0.44 ptm 0.88 i_ptm 0.15 energy -8.16
6 models [1] recycles 0 hard 0 soft 0 temp 0.90 loss 5.58 i_con 5.69 plddt 0.42 ptm 0.88 i_ptm 0.14 energy -8.30
7 models [1] recycles 0 hard 0 soft 0 temp 0.88 loss 5.30 i_con 5.41 plddt 0.37 ptm 0.88 i_ptm 0.14 energy -8.64
8 models [0] recycles 0 hard 0 soft 0 temp 0.86 loss 5.09 i_con 5.19 plddt 0.34 ptm 0.86 i_ptm 0.18 energy -8.32
9 models [0] recycles 0 hard 0 soft 0 temp 0.84 loss 4.88 i_con 5.00 plddt 0.34 ptm 0.86 i_ptm 0.17 energy -8.95
10 models [0] recycles 0 hard 0 soft 0 temp 0.82 loss 4.92 i_con 5.03 plddt 0.37 ptm 0.87 i_ptm 0.21 energy -8.65
11 models [1] recycles 0 hard 0 soft 0 temp 0.80 loss 5.08 i_con 5.20 plddt 0.41 ptm 0.88 i_ptm 0.19 energy -8.87
12 models [0] recycles 0 hard 0 soft 0 temp 0.78 loss 4.71 i_con 4.83 plddt 0.37 ptm 0.87 i_ptm 0.23 energy -9.24
13 models [0] recycles 0 hard 0 soft 0 temp 0.76 loss 4.74 i_con 4.86 plddt 0.36 ptm 0.87 i_ptm 0.23 energy -9.04
14 models [0] recycles 0 hard 0 soft 0 temp 0.74 loss 4.65 i_con 4.78 plddt 0.35 ptm 0.87 i_ptm 0.22 energy -9.55
15 models [1] recycles 0 hard 0 soft 0 temp 0.72 loss 4.94 i_con 5.08 plddt 0.38 ptm 0.89 i_ptm 0.18 energy -9.88
16 models [0] recycles 0 hard 0 soft 0 temp 0.70 loss 4.49 i_con 4.62 plddt 0.35 ptm 0.87 i_ptm 0.23 energy -9.88
17 models [0] recycles 0 hard 0 soft 0 temp 0.68 loss 4.43 i_con 4.58 plddt 0.37 ptm 0.87 i_ptm 0.27 energy -10.54
18 models [1] recycles 0 hard 0 soft 0 temp 0.66 loss 4.74 i_con 4.89 plddt 0.38 ptm 0.88 i_ptm 0.21 energy -10.88
19 models [1] recycles 0 hard 0 soft 0 temp 0.64 loss 4.73 i_con 4.88 plddt 0.38 ptm 0.89 i_ptm 0.23 energy -10.52
20 models [1] recycles 0 hard 0 soft 0 temp 0.62 loss 4.55 i_con 4.70 plddt 0.41 ptm 0.89 i_ptm 0.28 energy -10.70
21 models [1] recycles 0 hard 0 soft 0 temp 0.60 loss 4.77 i_con 4.92 plddt 0.40 ptm 0.88 i_ptm 0.23 energy -10.88
22 models [0] recycles 0 hard 0 soft 0 temp 0.58 loss 4.28 i_con 4.44 plddt 0.40 ptm 0.87 i_ptm 0.31 energy -11.14
23 models [0] recycles 0 hard 0 soft 0 temp 0.56 loss 4.48 i_con 4.63 plddt 0.36 ptm 0.87 i_ptm 0.25 energy -10.81
24 models [1] recycles 0 hard 0 soft 0 temp 0.54 loss 4.85 i_con 5.02 plddt 0.39 ptm 0.89 i_ptm 0.24 energy -11.58
25 models [1] recycles 0 hard 0 soft 0 temp 0.52 loss 4.78 i_con 4.95 plddt 0.36 ptm 0.88 i_ptm 0.22 energy -11.53
26 models [1] recycles 0 hard 0 soft 0 temp 0.50 loss 4.76 i_con 4.94 plddt 0.41 ptm 0.89 i_ptm 0.23 energy -11.96
27 models [0] recycles 0 hard 0 soft 0 temp 0.48 loss 4.50 i_con 4.68 plddt 0.36 ptm 0.87 i_ptm 0.25 energy -11.79
28 models [1] recycles 0 hard 0 soft 0 temp 0.46 loss 4.29 i_con 4.47 plddt 0.39 ptm 0.89 i_ptm 0.34 energy -11.98
29 models [1] recycles 0 hard 0 soft 0 temp 0.44 loss 4.33 i_con 4.52 plddt 0.40 ptm 0.89 i_ptm 0.33 energy -12.28
30 models [1] recycles 0 hard 0 soft 0 temp 0.42 loss 4.27 i_con 4.45 plddt 0.40 ptm 0.89 i_ptm 0.32 energy -12.02
31 models [1] recycles 0 hard 0 soft 0 temp 0.40 loss 4.21 i_con 4.40 plddt 0.41 ptm 0.89 i_ptm 0.31 energy -12.49
32 models [0] recycles 0 hard 0 soft 0 temp 0.38 loss 4.42 i_con 4.61 plddt 0.35 ptm 0.87 i_ptm 0.27 energy -12.86
33 models [1] recycles 0 hard 0 soft 0 temp 0.36 loss 4.28 i_con 4.47 plddt 0.41 ptm 0.89 i_ptm 0.34 energy -12.63
34 models [0] recycles 0 hard 0 soft 0 temp 0.34 loss 4.75 i_con 4.95 plddt 0.34 ptm 0.87 i_ptm 0.19 energy -13.25
35 models [0] recycles 0 hard 0 soft 0 temp 0.32 loss 4.44 i_con 4.64 plddt 0.35 ptm 0.87 i_ptm 0.25 energy -13.25
36 models [1] recycles 0 hard 0 soft 0 temp 0.30 loss 4.13 i_con 4.34 plddt 0.38 ptm 0.89 i_ptm 0.29 energy -13.63
37 models [0] recycles 0 hard 0 soft 0 temp 0.28 loss 3.87 i_con 4.10 plddt 0.44 ptm 0.88 i_ptm 0.42 energy -14.19
38 models [1] recycles 0 hard 0 soft 0 temp 0.26 loss 4.03 i_con 4.26 plddt 0.42 ptm 0.89 i_ptm 0.33 energy -14.35
39 models [1] recycles 0 hard 0 soft 0 temp 0.24 loss 4.51 i_con 4.73 plddt 0.37 ptm 0.88 i_ptm 0.22 energy -14.14
40 models [0] recycles 0 hard 0 soft 0 temp 0.22 loss 3.84 i_con 4.06 plddt 0.44 ptm 0.87 i_ptm 0.43 energy -13.93
41 models [0] recycles 0 hard 0 soft 0 temp 0.20 loss 3.60 i_con 3.84 plddt 0.47 ptm 0.88 i_ptm 0.48 energy -14.33
42 models [1] recycles 0 hard 0 soft 0 temp 0.18 loss 3.84 i_con 4.08 plddt 0.42 ptm 0.89 i_ptm 0.35 energy -14.61
43 models [1] recycles 0 hard 0 soft 0 temp 0.16 loss 3.48 i_con 3.73 plddt 0.51 ptm 0.90 i_ptm 0.48 energy -14.60
44 models [0] recycles 0 hard 0 soft 0 temp 0.14 loss 3.74 i_con 3.96 plddt 0.48 ptm 0.87 i_ptm 0.43 energy -13.68
45 models [1] recycles 0 hard 0 soft 0 temp 0.12 loss 3.55 i_con 3.77 plddt 0.45 ptm 0.89 i_ptm 0.44 energy -13.62
46 models [0] recycles 0 hard 0 soft 0 temp 0.10 loss 3.84 i_con 4.07 plddt 0.48 ptm 0.87 i_ptm 0.45 energy -14.14
47 models [1] recycles 0 hard 0 soft 0 temp 0.08 loss 3.11 i_con 3.36 plddt 0.57 ptm 0.90 i_ptm 0.56 energy -14.45
48 models [0] recycles 0 hard 0 soft 0 temp 0.06 loss 3.76 i_con 4.00 plddt 0.44 ptm 0.87 i_ptm 0.39 energy -14.60
49 models [0] recycles 0 hard 0 soft 0 temp 0.04 loss 3.97 i_con 4.22 plddt 0.47 ptm 0.87 i_ptm 0.41 energy -15.18
50 models [0] recycles 0 hard 0 soft 0 temp 0.02 loss 3.50 i_con 3.76 plddt 0.47 ptm 0.88 i_ptm 0.49 energy -15.65
51 models [0] recycles 0 hard 1 soft 0 temp 0.00 loss 5.48 i_con 5.60 plddt 0.31 ptm 0.87 i_ptm 0.15 energy -3.74
52 models [1] recycles 0 hard 1 soft 0 temp 0.00 loss 6.28 i_con 6.41 plddt 0.41 ptm 0.89 i_ptm 0.09 energy -3.74
53 models [0] recycles 0 hard 1 soft 0 temp 0.00 loss 5.48 i_con 5.60 plddt 0.31 ptm 0.87 i_ptm 0.15 energy -3.74
54 models [1] recycles 0 hard 1 soft 0 temp 0.00 loss 6.28 i_con 6.41 plddt 0.41 ptm 0.89 i_ptm 0.09 energy -3.74
55 models [1] recycles 0 hard 1 soft 0 temp 0.00 loss 6.28 i_con 6.41 plddt 0.41 ptm 0.89 i_ptm 0.09 energy -3.74
56 models [0] recycles 0 hard 1 soft 0 temp 0.00 loss 5.48 i_con 5.60 plddt 0.31 ptm 0.87 i_ptm 0.15 energy -3.74
57 models [0] recycles 0 hard 1 soft 0 temp 0.00 loss 5.48 i_con 5.60 plddt 0.31 ptm 0.87 i_ptm 0.15 energy -3.74
58 models [0] recycles 0 hard 1 soft 0 temp 0.00 loss 5.48 i_con 5.60 plddt 0.31 ptm 0.87 i_ptm 0.15 energy -3.74
59 models [1] recycles 0 hard 1 soft 0 temp 0.00 loss 6.28 i_con 6.41 plddt 0.41 ptm 0.89 i_ptm 0.09 energy -3.74
60 models [1] recycles 0 hard 1 soft 0 temp 0.00 loss 6.28 i_con 6.41 plddt 0.41 ptm 0.89 i_ptm 0.09 energy -3.74
61 models [1] recycles 0 hard 1 soft 0 temp 0.00 loss 6.28 i_con 6.41 plddt 0.41 ptm 0.89 i_ptm 0.09 energy -3.74
62 models [0] recycles 0 hard 1 soft 0 temp 0.00 loss 5.48 i_con 5.60 plddt 0.31 ptm 0.87 i_ptm 0.15 energy -3.74
63 models [1] recycles 0 hard 1 soft 0 temp 0.00 loss 6.28 i_con 6.41 plddt 0.41 ptm 0.89 i_ptm 0.09 energy -3.74
64 models [1] recycles 0 hard 1 soft 0 temp 0.00 loss 6.28 i_con 6.41 plddt 0.41 ptm 0.89 i_ptm 0.09 energy -3.74
65 models [1] recycles 0 hard 1 soft 0 temp 0.00 loss 6.28 i_con 6.41 plddt 0.41 ptm 0.89 i_ptm 0.09 energy -3.74
66 models [0] recycles 0 hard 1 soft 0 temp 0.00 loss 5.48 i_con 5.60 plddt 0.31 ptm 0.87 i_ptm 0.15 energy -3.74
67 models [1] recycles 0 hard 1 soft 0 temp 0.00 loss 6.28 i_con 6.41 plddt 0.41 ptm 0.89 i_ptm 0.09 energy -3.74
68 models [1] recycles 0 hard 1 soft 0 temp 0.00 loss 6.28 i_con 6.41 plddt 0.41 ptm 0.89 i_ptm 0.09 energy -3.74
69 models [0] recycles 0 hard 1 soft 0 temp 0.00 loss 5.48 i_con 5.60 plddt 0.31 ptm 0.87 i_ptm 0.15 energy -3.74
70 models [0] recycles 0 hard 1 soft 0 temp 0.00 loss 5.48 i_con 5.60 plddt 0.31 ptm 0.87 i_ptm 0.15 energy -3.74
71 models [1] recycles 0 hard 1 soft 0 temp 0.00 loss 6.28 i_con 6.41 plddt 0.41 ptm 0.89 i_ptm 0.09 energy -3.74
72 models [1] recycles 0 hard 1 soft 0 temp 0.00 loss 6.28 i_con 6.41 plddt 0.41 ptm 0.89 i_ptm 0.09 energy -3.74
73 models [0] recycles 0 hard 1 soft 0 temp 0.00 loss 5.48 i_con 5.60 plddt 0.31 ptm 0.87 i_ptm 0.15 energy -3.74
74 models [0] recycles 0 hard 1 soft 0 temp 0.00 loss 5.48 i_con 5.60 plddt 0.31 ptm 0.87 i_ptm 0.15 energy -3.74
75 models [0] recycles 0 hard 1 soft 0 temp 0.00 loss 5.48 i_con 5.60 plddt 0.31 ptm 0.87 i_ptm 0.15 energy -3.74
76 models [1] recycles 0 hard 1 soft 0 temp 0.00 loss 6.28 i_con 6.41 plddt 0.41 ptm 0.89 i_ptm 0.09 energy -3.74
77 models [0] recycles 0 hard 1 soft 0 temp 0.00 loss 5.48 i_con 5.60 plddt 0.31 ptm 0.87 i_ptm 0.15 energy -3.74
78 models [0] recycles 0 hard 1 soft 0 temp 0.00 loss 5.48 i_con 5.60 plddt 0.31 ptm 0.87 i_ptm 0.15 energy -3.74
79 models [0] recycles 0 hard 1 soft 0 temp 0.00 loss 5.48 i_con 5.60 plddt 0.31 ptm 0.87 i_ptm 0.15 energy -3.74
80 models [0] recycles 0 hard 1 soft 0 temp 0.00 loss 5.48 i_con 5.60 plddt 0.31 ptm 0.87 i_ptm 0.15 energy -3.74
  → seq=GWKQPTCSMKIIKKL  loss=5.4770  loss_af=5.6640  energy=-3.7414  i_ptm=0.1524
[17/20] input=FWLSRMSSPNMKEWA  seed=0 ...
1 models [1] recycles 0 hard 0 soft 0 temp 1 loss 5.47 i_con 5.47 plddt 0.39 ptm 0.88 i_ptm 0.10 energy -2.98
2 models [0] recycles 0 hard 0 soft 0 temp 0.98 loss 4.61 i_con 4.61 plddt 0.34 ptm 0.87 i_ptm 0.20 energy -3.20
3 models [0] recycles 0 hard 0 soft 0 temp 0.96 loss 4.62 i_con 4.65 plddt 0.35 ptm 0.87 i_ptm 0.19 energy -4.64
4 models [1] recycles 0 hard 0 soft 0 temp 0.94 loss 4.72 i_con 4.78 plddt 0.38 ptm 0.88 i_ptm 0.12 energy -6.37
5 models [0] recycles 0 hard 0 soft 0 temp 0.92 loss 4.61 i_con 4.71 plddt 0.32 ptm 0.87 i_ptm 0.17 energy -8.67
6 models [0] recycles 0 hard 0 soft 0 temp 0.90 loss 4.34 i_con 4.46 plddt 0.35 ptm 0.87 i_ptm 0.18 energy -9.32
7 models [0] recycles 0 hard 0 soft 0 temp 0.88 loss 4.35 i_con 4.48 plddt 0.33 ptm 0.87 i_ptm 0.19 energy -9.91
8 models [0] recycles 0 hard 0 soft 0 temp 0.86 loss 3.95 i_con 4.09 plddt 0.33 ptm 0.87 i_ptm 0.23 energy -10.38
9 models [0] recycles 0 hard 0 soft 0 temp 0.84 loss 4.06 i_con 4.23 plddt 0.33 ptm 0.87 i_ptm 0.23 energy -11.49
10 models [0] recycles 0 hard 0 soft 0 temp 0.82 loss 4.03 i_con 4.19 plddt 0.34 ptm 0.87 i_ptm 0.25 energy -11.56
11 models [0] recycles 0 hard 0 soft 0 temp 0.80 loss 3.96 i_con 4.14 plddt 0.36 ptm 0.87 i_ptm 0.25 energy -12.16
12 models [1] recycles 0 hard 0 soft 0 temp 0.78 loss 4.46 i_con 4.66 plddt 0.37 ptm 0.88 i_ptm 0.17 energy -12.95
13 models [1] recycles 0 hard 0 soft 0 temp 0.76 loss 4.07 i_con 4.28 plddt 0.38 ptm 0.88 i_ptm 0.21 energy -13.24
14 models [0] recycles 0 hard 0 soft 0 temp 0.74 loss 3.69 i_con 3.88 plddt 0.39 ptm 0.87 i_ptm 0.30 energy -12.61
15 models [1] recycles 0 hard 0 soft 0 temp 0.72 loss 4.32 i_con 4.52 plddt 0.37 ptm 0.88 i_ptm 0.18 energy -12.91
16 models [1] recycles 0 hard 0 soft 0 temp 0.70 loss 3.85 i_con 4.03 plddt 0.36 ptm 0.89 i_ptm 0.23 energy -12.45
17 models [1] recycles 0 hard 0 soft 0 temp 0.68 loss 3.69 i_con 3.89 plddt 0.40 ptm 0.89 i_ptm 0.27 energy -13.27
18 models [1] recycles 0 hard 0 soft 0 temp 0.66 loss 4.01 i_con 4.22 plddt 0.38 ptm 0.89 i_ptm 0.23 energy -13.38
19 models [1] recycles 0 hard 0 soft 0 temp 0.64 loss 3.99 i_con 4.19 plddt 0.37 ptm 0.89 i_ptm 0.24 energy -13.14
20 models [0] recycles 0 hard 0 soft 0 temp 0.62 loss 3.73 i_con 3.92 plddt 0.36 ptm 0.87 i_ptm 0.29 energy -12.75
21 models [1] recycles 0 hard 0 soft 0 temp 0.60 loss 3.54 i_con 3.75 plddt 0.40 ptm 0.89 i_ptm 0.30 energy -13.40
22 models [0] recycles 0 hard 0 soft 0 temp 0.58 loss 3.41 i_con 3.64 plddt 0.38 ptm 0.87 i_ptm 0.36 energy -14.54
23 models [0] recycles 0 hard 0 soft 0 temp 0.56 loss 3.47 i_con 3.70 plddt 0.39 ptm 0.87 i_ptm 0.35 energy -14.50
24 models [1] recycles 0 hard 0 soft 0 temp 0.54 loss 3.38 i_con 3.60 plddt 0.39 ptm 0.89 i_ptm 0.33 energy -14.22
25 models [1] recycles 0 hard 0 soft 0 temp 0.52 loss 3.32 i_con 3.54 plddt 0.40 ptm 0.89 i_ptm 0.33 energy -14.36
26 models [0] recycles 0 hard 0 soft 0 temp 0.50 loss 3.27 i_con 3.51 plddt 0.38 ptm 0.88 i_ptm 0.36 energy -15.26
27 models [0] recycles 0 hard 0 soft 0 temp 0.48 loss 3.06 i_con 3.31 plddt 0.45 ptm 0.88 i_ptm 0.39 energy -15.37
28 models [0] recycles 0 hard 0 soft 0 temp 0.46 loss 3.15 i_con 3.43 plddt 0.40 ptm 0.88 i_ptm 0.37 energy -16.91
29 models [0] recycles 0 hard 0 soft 0 temp 0.44 loss 3.27 i_con 3.55 plddt 0.43 ptm 0.87 i_ptm 0.36 energy -16.92
30 models [1] recycles 0 hard 0 soft 0 temp 0.42 loss 3.06 i_con 3.34 plddt 0.44 ptm 0.89 i_ptm 0.37 energy -16.78
31 models [0] recycles 0 hard 0 soft 0 temp 0.40 loss 3.35 i_con 3.64 plddt 0.40 ptm 0.87 i_ptm 0.34 energy -17.61
32 models [1] recycles 0 hard 0 soft 0 temp 0.38 loss 3.20 i_con 3.48 plddt 0.42 ptm 0.89 i_ptm 0.37 energy -16.98
33 models [0] recycles 0 hard 0 soft 0 temp 0.36 loss 3.10 i_con 3.40 plddt 0.45 ptm 0.88 i_ptm 0.39 energy -17.90
34 models [1] recycles 0 hard 0 soft 0 temp 0.34 loss 2.75 i_con 3.06 plddt 0.46 ptm 0.89 i_ptm 0.46 energy -18.14
35 models [0] recycles 0 hard 0 soft 0 temp 0.32 loss 2.85 i_con 3.17 plddt 0.43 ptm 0.88 i_ptm 0.41 energy -18.85
36 models [0] recycles 0 hard 0 soft 0 temp 0.30 loss 2.85 i_con 3.19 plddt 0.44 ptm 0.88 i_ptm 0.43 energy -19.69
37 models [1] recycles 0 hard 0 soft 0 temp 0.28 loss 3.10 i_con 3.43 plddt 0.43 ptm 0.89 i_ptm 0.35 energy -19.57
38 models [0] recycles 0 hard 0 soft 0 temp 0.26 loss 3.00 i_con 3.34 plddt 0.42 ptm 0.88 i_ptm 0.40 energy -19.83
39 models [0] recycles 0 hard 0 soft 0 temp 0.24 loss 2.83 i_con 3.19 plddt 0.46 ptm 0.88 i_ptm 0.41 energy -20.71
40 models [1] recycles 0 hard 0 soft 0 temp 0.22 loss 2.78 i_con 3.14 plddt 0.46 ptm 0.89 i_ptm 0.44 energy -20.56
41 models [1] recycles 0 hard 0 soft 0 temp 0.20 loss 2.44 i_con 2.80 plddt 0.51 ptm 0.90 i_ptm 0.47 energy -20.55
42 models [0] recycles 0 hard 0 soft 0 temp 0.18 loss 3.05 i_con 3.42 plddt 0.47 ptm 0.88 i_ptm 0.37 energy -21.11
43 models [1] recycles 0 hard 0 soft 0 temp 0.16 loss 2.60 i_con 2.98 plddt 0.48 ptm 0.89 i_ptm 0.43 energy -21.19
44 models [0] recycles 0 hard 0 soft 0 temp 0.14 loss 2.82 i_con 3.20 plddt 0.43 ptm 0.88 i_ptm 0.41 energy -22.08
45 models [0] recycles 0 hard 0 soft 0 temp 0.12 loss 2.71 i_con 3.10 plddt 0.45 ptm 0.88 i_ptm 0.43 energy -22.00
46 models [0] recycles 0 hard 0 soft 0 temp 0.10 loss 2.73 i_con 3.12 plddt 0.46 ptm 0.88 i_ptm 0.42 energy -22.10
47 models [0] recycles 0 hard 0 soft 0 temp 0.08 loss 2.37 i_con 2.78 plddt 0.48 ptm 0.88 i_ptm 0.48 energy -23.02
48 models [0] recycles 0 hard 0 soft 0 temp 0.06 loss 2.57 i_con 2.98 plddt 0.46 ptm 0.88 i_ptm 0.46 energy -23.09
49 models [1] recycles 0 hard 0 soft 0 temp 0.04 loss 2.92 i_con 3.34 plddt 0.46 ptm 0.89 i_ptm 0.36 energy -23.75
50 models [0] recycles 0 hard 0 soft 0 temp 0.02 loss 2.63 i_con 3.06 plddt 0.49 ptm 0.88 i_ptm 0.42 energy -23.76
51 models [1] recycles 0 hard 1 soft 0 temp 0.00 loss 4.92 i_con 5.08 plddt 0.33 ptm 0.89 i_ptm 0.09 energy -4.59
52 models [0] recycles 0 hard 1 soft 0 temp 0.00 loss 4.60 i_con 4.76 plddt 0.32 ptm 0.87 i_ptm 0.18 energy -4.59
53 models [0] recycles 0 hard 1 soft 0 temp 0.00 loss 4.60 i_con 4.76 plddt 0.32 ptm 0.87 i_ptm 0.18 energy -4.59
54 models [0] recycles 0 hard 1 soft 0 temp 0.00 loss 4.60 i_con 4.76 plddt 0.32 ptm 0.87 i_ptm 0.18 energy -4.59
55 models [0] recycles 0 hard 1 soft 0 temp 0.00 loss 4.60 i_con 4.76 plddt 0.32 ptm 0.87 i_ptm 0.18 energy -4.59
56 models [1] recycles 0 hard 1 soft 0 temp 0.00 loss 4.92 i_con 5.08 plddt 0.33 ptm 0.89 i_ptm 0.09 energy -4.59
57 models [0] recycles 0 hard 1 soft 0 temp 0.00 loss 4.60 i_con 4.76 plddt 0.32 ptm 0.87 i_ptm 0.18 energy -4.59
58 models [1] recycles 0 hard 1 soft 0 temp 0.00 loss 4.92 i_con 5.08 plddt 0.33 ptm 0.89 i_ptm 0.09 energy -4.59
59 models [1] recycles 0 hard 1 soft 0 temp 0.00 loss 4.92 i_con 5.08 plddt 0.33 ptm 0.89 i_ptm 0.09 energy -4.59
60 models [0] recycles 0 hard 1 soft 0 temp 0.00 loss 4.60 i_con 4.76 plddt 0.32 ptm 0.87 i_ptm 0.18 energy -4.59
61 models [0] recycles 0 hard 1 soft 0 temp 0.00 loss 4.60 i_con 4.76 plddt 0.32 ptm 0.87 i_ptm 0.18 energy -4.59
62 models [1] recycles 0 hard 1 soft 0 temp 0.00 loss 4.92 i_con 5.08 plddt 0.33 ptm 0.89 i_ptm 0.09 energy -4.59
63 models [0] recycles 0 hard 1 soft 0 temp 0.00 loss 4.60 i_con 4.76 plddt 0.32 ptm 0.87 i_ptm 0.18 energy -4.59
64 models [1] recycles 0 hard 1 soft 0 temp 0.00 loss 4.92 i_con 5.08 plddt 0.33 ptm 0.89 i_ptm 0.09 energy -4.59
65 models [0] recycles 0 hard 1 soft 0 temp 0.00 loss 4.60 i_con 4.76 plddt 0.32 ptm 0.87 i_ptm 0.18 energy -4.59
66 models [1] recycles 0 hard 1 soft 0 temp 0.00 loss 4.92 i_con 5.08 plddt 0.33 ptm 0.89 i_ptm 0.09 energy -4.59
67 models [1] recycles 0 hard 1 soft 0 temp 0.00 loss 4.92 i_con 5.08 plddt 0.33 ptm 0.89 i_ptm 0.09 energy -4.59
68 models [1] recycles 0 hard 1 soft 0 temp 0.00 loss 4.92 i_con 5.08 plddt 0.33 ptm 0.89 i_ptm 0.09 energy -4.59
69 models [1] recycles 0 hard 1 soft 0 temp 0.00 loss 4.92 i_con 5.08 plddt 0.33 ptm 0.89 i_ptm 0.09 energy -4.59
70 models [1] recycles 0 hard 1 soft 0 temp 0.00 loss 4.92 i_con 5.08 plddt 0.33 ptm 0.89 i_ptm 0.09 energy -4.59
71 models [0] recycles 0 hard 1 soft 0 temp 0.00 loss 4.60 i_con 4.76 plddt 0.32 ptm 0.87 i_ptm 0.18 energy -4.59
72 models [0] recycles 0 hard 1 soft 0 temp 0.00 loss 4.60 i_con 4.76 plddt 0.32 ptm 0.87 i_ptm 0.18 energy -4.59
73 models [1] recycles 0 hard 1 soft 0 temp 0.00 loss 4.92 i_con 5.08 plddt 0.33 ptm 0.89 i_ptm 0.09 energy -4.59
74 models [1] recycles 0 hard 1 soft 0 temp 0.00 loss 4.92 i_con 5.08 plddt 0.33 ptm 0.89 i_ptm 0.09 energy -4.59
75 models [1] recycles 0 hard 1 soft 0 temp 0.00 loss 4.92 i_con 5.08 plddt 0.33 ptm 0.89 i_ptm 0.09 energy -4.59
76 models [0] recycles 0 hard 1 soft 0 temp 0.00 loss 4.60 i_con 4.76 plddt 0.32 ptm 0.87 i_ptm 0.18 energy -4.59
77 models [0] recycles 0 hard 1 soft 0 temp 0.00 loss 4.60 i_con 4.76 plddt 0.32 ptm 0.87 i_ptm 0.18 energy -4.59
78 models [1] recycles 0 hard 1 soft 0 temp 0.00 loss 4.92 i_con 5.08 plddt 0.33 ptm 0.89 i_ptm 0.09 energy -4.59
79 models [0] recycles 0 hard 1 soft 0 temp 0.00 loss 4.60 i_con 4.76 plddt 0.32 ptm 0.87 i_ptm 0.18 energy -4.59
80 models [1] recycles 0 hard 1 soft 0 temp 0.00 loss 4.92 i_con 5.08 plddt 0.33 ptm 0.89 i_ptm 0.09 energy -4.59
  → seq=FWLFRMSSPNMKEWA  loss=4.9185  loss_af=5.1481  energy=-4.5924  i_ptm=0.0882
[18/20] input=FWLSRMSSPNMKEWA  seed=1 ...
1 models [0] recycles 0 hard 0 soft 0 temp 1 loss 4.83 i_con 4.82 plddt 0.35 ptm 0.87 i_ptm 0.16 energy -2.98
2 models [0] recycles 0 hard 0 soft 0 temp 0.98 loss 4.37 i_con 4.39 plddt 0.32 ptm 0.87 i_ptm 0.20 energy -4.34
3 models [1] recycles 0 hard 0 soft 0 temp 0.96 loss 5.24 i_con 5.30 plddt 0.39 ptm 0.88 i_ptm 0.09 energy -5.62
4 models [1] recycles 0 hard 0 soft 0 temp 0.94 loss 4.86 i_con 4.91 plddt 0.35 ptm 0.88 i_ptm 0.14 energy -5.97
5 models [0] recycles 0 hard 0 soft 0 temp 0.92 loss 4.37 i_con 4.45 plddt 0.36 ptm 0.87 i_ptm 0.19 energy -7.08
6 models [0] recycles 0 hard 0 soft 0 temp 0.90 loss 4.26 i_con 4.35 plddt 0.37 ptm 0.87 i_ptm 0.20 energy -7.67
7 models [0] recycles 0 hard 0 soft 0 temp 0.88 loss 4.06 i_con 4.16 plddt 0.33 ptm 0.87 i_ptm 0.25 energy -8.50
8 models [0] recycles 0 hard 0 soft 0 temp 0.86 loss 3.97 i_con 4.10 plddt 0.34 ptm 0.87 i_ptm 0.21 energy -9.32
9 models [0] recycles 0 hard 0 soft 0 temp 0.84 loss 3.89 i_con 4.03 plddt 0.36 ptm 0.87 i_ptm 0.24 energy -10.20
10 models [1] recycles 0 hard 0 soft 0 temp 0.82 loss 4.45 i_con 4.61 plddt 0.37 ptm 0.88 i_ptm 0.17 energy -11.04
11 models [1] recycles 0 hard 0 soft 0 temp 0.80 loss 4.16 i_con 4.34 plddt 0.36 ptm 0.88 i_ptm 0.18 energy -12.64
12 models [0] recycles 0 hard 0 soft 0 temp 0.78 loss 4.13 i_con 4.32 plddt 0.39 ptm 0.87 i_ptm 0.22 energy -12.83
13 models [1] recycles 0 hard 0 soft 0 temp 0.76 loss 4.16 i_con 4.35 plddt 0.38 ptm 0.89 i_ptm 0.22 energy -12.66
14 models [0] recycles 0 hard 0 soft 0 temp 0.74 loss 3.86 i_con 4.06 plddt 0.38 ptm 0.87 i_ptm 0.23 energy -13.30
15 models [0] recycles 0 hard 0 soft 0 temp 0.72 loss 3.89 i_con 4.11 plddt 0.36 ptm 0.87 i_ptm 0.24 energy -14.18
16 models [1] recycles 0 hard 0 soft 0 temp 0.70 loss 3.83 i_con 4.06 plddt 0.40 ptm 0.89 i_ptm 0.25 energy -14.55
17 models [1] recycles 0 hard 0 soft 0 temp 0.68 loss 3.90 i_con 4.12 plddt 0.38 ptm 0.88 i_ptm 0.27 energy -14.28
18 models [0] recycles 0 hard 0 soft 0 temp 0.66 loss 3.65 i_con 3.87 plddt 0.35 ptm 0.87 i_ptm 0.27 energy -14.31
19 models [1] recycles 0 hard 0 soft 0 temp 0.64 loss 3.66 i_con 3.89 plddt 0.41 ptm 0.89 i_ptm 0.30 energy -14.80
20 models [1] recycles 0 hard 0 soft 0 temp 0.62 loss 3.80 i_con 4.04 plddt 0.41 ptm 0.89 i_ptm 0.25 energy -14.66
21 models [1] recycles 0 hard 0 soft 0 temp 0.60 loss 3.19 i_con 3.43 plddt 0.41 ptm 0.89 i_ptm 0.37 energy -15.17
22 models [0] recycles 0 hard 0 soft 0 temp 0.58 loss 3.56 i_con 3.80 plddt 0.38 ptm 0.87 i_ptm 0.28 energy -15.14
23 models [1] recycles 0 hard 0 soft 0 temp 0.56 loss 3.33 i_con 3.59 plddt 0.42 ptm 0.89 i_ptm 0.36 energy -16.09
24 models [1] recycles 0 hard 0 soft 0 temp 0.54 loss 3.52 i_con 3.77 plddt 0.40 ptm 0.89 i_ptm 0.33 energy -15.63
25 models [0] recycles 0 hard 0 soft 0 temp 0.52 loss 3.60 i_con 3.85 plddt 0.37 ptm 0.88 i_ptm 0.30 energy -15.31
26 models [1] recycles 0 hard 0 soft 0 temp 0.50 loss 3.27 i_con 3.53 plddt 0.42 ptm 0.89 i_ptm 0.35 energy -15.72
27 models [1] recycles 0 hard 0 soft 0 temp 0.48 loss 3.94 i_con 4.20 plddt 0.37 ptm 0.88 i_ptm 0.22 energy -15.88
28 models [1] recycles 0 hard 0 soft 0 temp 0.46 loss 2.90 i_con 3.15 plddt 0.44 ptm 0.90 i_ptm 0.43 energy -15.39
29 models [0] recycles 0 hard 0 soft 0 temp 0.44 loss 3.56 i_con 3.81 plddt 0.37 ptm 0.87 i_ptm 0.27 energy -15.38
30 models [1] recycles 0 hard 0 soft 0 temp 0.42 loss 3.09 i_con 3.36 plddt 0.45 ptm 0.89 i_ptm 0.39 energy -16.36
31 models [1] recycles 0 hard 0 soft 0 temp 0.40 loss 3.17 i_con 3.45 plddt 0.44 ptm 0.89 i_ptm 0.38 energy -17.04
32 models [1] recycles 0 hard 0 soft 0 temp 0.38 loss 3.10 i_con 3.38 plddt 0.44 ptm 0.89 i_ptm 0.42 energy -16.45
33 models [0] recycles 0 hard 0 soft 0 temp 0.36 loss 3.55 i_con 3.81 plddt 0.39 ptm 0.88 i_ptm 0.32 energy -16.28
34 models [0] recycles 0 hard 0 soft 0 temp 0.34 loss 3.30 i_con 3.58 plddt 0.37 ptm 0.88 i_ptm 0.35 energy -17.07
35 models [0] recycles 0 hard 0 soft 0 temp 0.32 loss 3.41 i_con 3.69 plddt 0.40 ptm 0.87 i_ptm 0.33 energy -16.98
36 models [0] recycles 0 hard 0 soft 0 temp 0.30 loss 3.36 i_con 3.66 plddt 0.41 ptm 0.88 i_ptm 0.36 energy -17.65
37 models [0] recycles 0 hard 0 soft 0 temp 0.28 loss 3.10 i_con 3.40 plddt 0.42 ptm 0.88 i_ptm 0.40 energy -17.81
38 models [1] recycles 0 hard 0 soft 0 temp 0.26 loss 3.23 i_con 3.53 plddt 0.41 ptm 0.89 i_ptm 0.38 energy -17.89
39 models [1] recycles 0 hard 0 soft 0 temp 0.24 loss 2.91 i_con 3.22 plddt 0.44 ptm 0.90 i_ptm 0.44 energy -18.24
40 models [1] recycles 0 hard 0 soft 0 temp 0.22 loss 3.17 i_con 3.48 plddt 0.42 ptm 0.89 i_ptm 0.40 energy -18.58
41 models [0] recycles 0 hard 0 soft 0 temp 0.20 loss 3.11 i_con 3.43 plddt 0.41 ptm 0.88 i_ptm 0.41 energy -18.96
42 models [0] recycles 0 hard 0 soft 0 temp 0.18 loss 3.23 i_con 3.54 plddt 0.39 ptm 0.88 i_ptm 0.39 energy -18.81
43 models [0] recycles 0 hard 0 soft 0 temp 0.16 loss 3.20 i_con 3.52 plddt 0.44 ptm 0.88 i_ptm 0.37 energy -18.88
44 models [0] recycles 0 hard 0 soft 0 temp 0.14 loss 2.88 i_con 3.21 plddt 0.45 ptm 0.88 i_ptm 0.45 energy -19.10
45 models [0] recycles 0 hard 0 soft 0 temp 0.12 loss 3.09 i_con 3.42 plddt 0.43 ptm 0.88 i_ptm 0.39 energy -19.05
46 models [0] recycles 0 hard 0 soft 0 temp 0.10 loss 2.95 i_con 3.28 plddt 0.44 ptm 0.88 i_ptm 0.43 energy -19.09
47 models [1] recycles 0 hard 0 soft 0 temp 0.08 loss 3.20 i_con 3.53 plddt 0.42 ptm 0.89 i_ptm 0.35 energy -19.20
48 models [0] recycles 0 hard 0 soft 0 temp 0.06 loss 2.65 i_con 2.98 plddt 0.47 ptm 0.88 i_ptm 0.49 energy -19.21
49 models [0] recycles 0 hard 0 soft 0 temp 0.04 loss 2.78 i_con 3.12 plddt 0.48 ptm 0.88 i_ptm 0.51 energy -19.45
50 models [1] recycles 0 hard 0 soft 0 temp 0.02 loss 2.66 i_con 3.00 plddt 0.50 ptm 0.90 i_ptm 0.51 energy -19.52
51 models [1] recycles 0 hard 1 soft 0 temp 0.00 loss 4.62 i_con 4.70 plddt 0.31 ptm 0.89 i_ptm 0.15 energy -3.09
52 models [0] recycles 0 hard 1 soft 0 temp 0.00 loss 4.06 i_con 4.14 plddt 0.31 ptm 0.87 i_ptm 0.22 energy -3.09
53 models [1] recycles 0 hard 1 soft 0 temp 0.00 loss 4.62 i_con 4.70 plddt 0.31 ptm 0.89 i_ptm 0.15 energy -3.09
54 models [1] recycles 0 hard 1 soft 0 temp 0.00 loss 4.62 i_con 4.70 plddt 0.31 ptm 0.89 i_ptm 0.15 energy -3.09
55 models [0] recycles 0 hard 1 soft 0 temp 0.00 loss 4.06 i_con 4.14 plddt 0.31 ptm 0.87 i_ptm 0.22 energy -3.09
56 models [0] recycles 0 hard 1 soft 0 temp 0.00 loss 4.06 i_con 4.14 plddt 0.31 ptm 0.87 i_ptm 0.22 energy -3.09
57 models [0] recycles 0 hard 1 soft 0 temp 0.00 loss 4.06 i_con 4.14 plddt 0.31 ptm 0.87 i_ptm 0.22 energy -3.09
58 models [1] recycles 0 hard 1 soft 0 temp 0.00 loss 4.62 i_con 4.70 plddt 0.31 ptm 0.89 i_ptm 0.15 energy -3.09
59 models [0] recycles 0 hard 1 soft 0 temp 0.00 loss 4.06 i_con 4.14 plddt 0.31 ptm 0.87 i_ptm 0.22 energy -3.09
60 models [1] recycles 0 hard 1 soft 0 temp 0.00 loss 4.62 i_con 4.70 plddt 0.31 ptm 0.89 i_ptm 0.15 energy -3.09
61 models [1] recycles 0 hard 1 soft 0 temp 0.00 loss 4.62 i_con 4.70 plddt 0.31 ptm 0.89 i_ptm 0.15 energy -3.09
62 models [0] recycles 0 hard 1 soft 0 temp 0.00 loss 4.06 i_con 4.14 plddt 0.31 ptm 0.87 i_ptm 0.22 energy -3.09
63 models [0] recycles 0 hard 1 soft 0 temp 0.00 loss 4.06 i_con 4.14 plddt 0.31 ptm 0.87 i_ptm 0.22 energy -3.09
64 models [1] recycles 0 hard 1 soft 0 temp 0.00 loss 4.62 i_con 4.70 plddt 0.31 ptm 0.89 i_ptm 0.15 energy -3.09
65 models [0] recycles 0 hard 1 soft 0 temp 0.00 loss 4.06 i_con 4.14 plddt 0.31 ptm 0.87 i_ptm 0.22 energy -3.09
66 models [0] recycles 0 hard 1 soft 0 temp 0.00 loss 4.06 i_con 4.14 plddt 0.31 ptm 0.87 i_ptm 0.22 energy -3.09
67 models [0] recycles 0 hard 1 soft 0 temp 0.00 loss 4.06 i_con 4.14 plddt 0.31 ptm 0.87 i_ptm 0.22 energy -3.09
68 models [0] recycles 0 hard 1 soft 0 temp 0.00 loss 4.06 i_con 4.14 plddt 0.31 ptm 0.87 i_ptm 0.22 energy -3.09
69 models [1] recycles 0 hard 1 soft 0 temp 0.00 loss 4.62 i_con 4.70 plddt 0.31 ptm 0.89 i_ptm 0.15 energy -3.09
70 models [1] recycles 0 hard 1 soft 0 temp 0.00 loss 4.62 i_con 4.70 plddt 0.31 ptm 0.89 i_ptm 0.15 energy -3.09
71 models [0] recycles 0 hard 1 soft 0 temp 0.00 loss 4.06 i_con 4.14 plddt 0.31 ptm 0.87 i_ptm 0.22 energy -3.09
72 models [0] recycles 0 hard 1 soft 0 temp 0.00 loss 4.06 i_con 4.14 plddt 0.31 ptm 0.87 i_ptm 0.22 energy -3.09
73 models [1] recycles 0 hard 1 soft 0 temp 0.00 loss 4.62 i_con 4.70 plddt 0.31 ptm 0.89 i_ptm 0.15 energy -3.09
74 models [1] recycles 0 hard 1 soft 0 temp 0.00 loss 4.62 i_con 4.70 plddt 0.31 ptm 0.89 i_ptm 0.15 energy -3.09
75 models [1] recycles 0 hard 1 soft 0 temp 0.00 loss 4.62 i_con 4.70 plddt 0.31 ptm 0.89 i_ptm 0.15 energy -3.09
76 models [1] recycles 0 hard 1 soft 0 temp 0.00 loss 4.62 i_con 4.70 plddt 0.31 ptm 0.89 i_ptm 0.15 energy -3.09
77 models [0] recycles 0 hard 1 soft 0 temp 0.00 loss 4.06 i_con 4.14 plddt 0.31 ptm 0.87 i_ptm 0.22 energy -3.09
78 models [0] recycles 0 hard 1 soft 0 temp 0.00 loss 4.06 i_con 4.14 plddt 0.31 ptm 0.87 i_ptm 0.22 energy -3.09
79 models [0] recycles 0 hard 1 soft 0 temp 0.00 loss 4.06 i_con 4.14 plddt 0.31 ptm 0.87 i_ptm 0.22 energy -3.09
80 models [1] recycles 0 hard 1 soft 0 temp 0.00 loss 4.62 i_con 4.70 plddt 0.31 ptm 0.89 i_ptm 0.15 energy -3.09
  → seq=FYLMMMSSPNMKEWA  loss=4.6166  loss_af=4.7712  energy=-3.0930  i_ptm=0.1492
[19/20] input=FWLSRMSSPNMKEWA  seed=2 ...
1 models [1] recycles 0 hard 0 soft 0 temp 1 loss 5.73 i_con 5.73 plddt 0.43 ptm 0.88 i_ptm 0.10 energy -2.98
2 models [0] recycles 0 hard 0 soft 0 temp 0.98 loss 4.76 i_con 4.77 plddt 0.34 ptm 0.87 i_ptm 0.16 energy -3.98
3 models [0] recycles 0 hard 0 soft 0 temp 0.96 loss 4.75 i_con 4.79 plddt 0.34 ptm 0.87 i_ptm 0.17 energy -5.34
4 models [1] recycles 0 hard 0 soft 0 temp 0.94 loss 4.88 i_con 4.96 plddt 0.40 ptm 0.88 i_ptm 0.11 energy -6.99
5 models [1] recycles 0 hard 0 soft 0 temp 0.92 loss 4.80 i_con 4.92 plddt 0.39 ptm 0.88 i_ptm 0.11 energy -8.75
6 models [0] recycles 0 hard 0 soft 0 temp 0.90 loss 4.41 i_con 4.52 plddt 0.34 ptm 0.87 i_ptm 0.20 energy -8.83
7 models [1] recycles 0 hard 0 soft 0 temp 0.88 loss 5.01 i_con 5.15 plddt 0.36 ptm 0.88 i_ptm 0.09 energy -9.85
8 models [0] recycles 0 hard 0 soft 0 temp 0.86 loss 4.06 i_con 4.19 plddt 0.35 ptm 0.87 i_ptm 0.24 energy -9.35
9 models [1] recycles 0 hard 0 soft 0 temp 0.84 loss 4.71 i_con 4.84 plddt 0.38 ptm 0.88 i_ptm 0.13 energy -9.53
10 models [0] recycles 0 hard 0 soft 0 temp 0.82 loss 4.02 i_con 4.18 plddt 0.33 ptm 0.87 i_ptm 0.23 energy -10.94
11 models [1] recycles 0 hard 0 soft 0 temp 0.80 loss 4.53 i_con 4.68 plddt 0.38 ptm 0.88 i_ptm 0.20 energy -10.67
12 models [0] recycles 0 hard 0 soft 0 temp 0.78 loss 4.33 i_con 4.48 plddt 0.33 ptm 0.87 i_ptm 0.20 energy -10.81
13 models [0] recycles 0 hard 0 soft 0 temp 0.76 loss 3.93 i_con 4.09 plddt 0.38 ptm 0.87 i_ptm 0.26 energy -11.37
14 models [0] recycles 0 hard 0 soft 0 temp 0.74 loss 4.00 i_con 4.17 plddt 0.40 ptm 0.87 i_ptm 0.25 energy -11.50
15 models [0] recycles 0 hard 0 soft 0 temp 0.72 loss 3.91 i_con 4.08 plddt 0.38 ptm 0.87 i_ptm 0.28 energy -11.44
16 models [0] recycles 0 hard 0 soft 0 temp 0.70 loss 3.68 i_con 3.87 plddt 0.38 ptm 0.87 i_ptm 0.29 energy -12.53
17 models [0] recycles 0 hard 0 soft 0 temp 0.68 loss 3.70 i_con 3.89 plddt 0.38 ptm 0.87 i_ptm 0.29 energy -12.48
18 models [0] recycles 0 hard 0 soft 0 temp 0.66 loss 3.91 i_con 4.10 plddt 0.38 ptm 0.87 i_ptm 0.24 energy -12.49
19 models [1] recycles 0 hard 0 soft 0 temp 0.64 loss 4.05 i_con 4.25 plddt 0.38 ptm 0.88 i_ptm 0.22 energy -12.81
20 models [1] recycles 0 hard 0 soft 0 temp 0.62 loss 3.88 i_con 4.07 plddt 0.37 ptm 0.89 i_ptm 0.24 energy -12.70
21 models [1] recycles 0 hard 0 soft 0 temp 0.60 loss 3.51 i_con 3.71 plddt 0.38 ptm 0.89 i_ptm 0.32 energy -12.67
22 models [1] recycles 0 hard 0 soft 0 temp 0.58 loss 3.75 i_con 3.95 plddt 0.40 ptm 0.89 i_ptm 0.27 energy -12.97
23 models [0] recycles 0 hard 0 soft 0 temp 0.56 loss 4.07 i_con 4.27 plddt 0.36 ptm 0.87 i_ptm 0.21 energy -13.20
24 models [0] recycles 0 hard 0 soft 0 temp 0.54 loss 3.43 i_con 3.62 plddt 0.36 ptm 0.87 i_ptm 0.31 energy -12.65
25 models [0] recycles 0 hard 0 soft 0 temp 0.52 loss 3.56 i_con 3.76 plddt 0.37 ptm 0.87 i_ptm 0.29 energy -13.40
26 models [1] recycles 0 hard 0 soft 0 temp 0.50 loss 3.82 i_con 4.04 plddt 0.38 ptm 0.89 i_ptm 0.25 energy -14.08
27 models [1] recycles 0 hard 0 soft 0 temp 0.48 loss 3.88 i_con 4.11 plddt 0.37 ptm 0.89 i_ptm 0.25 energy -14.81
28 models [1] recycles 0 hard 0 soft 0 temp 0.46 loss 3.27 i_con 3.52 plddt 0.44 ptm 0.89 i_ptm 0.37 energy -14.87
29 models [0] recycles 0 hard 0 soft 0 temp 0.44 loss 3.50 i_con 3.73 plddt 0.39 ptm 0.87 i_ptm 0.30 energy -14.70
30 models [0] recycles 0 hard 0 soft 0 temp 0.42 loss 3.40 i_con 3.64 plddt 0.40 ptm 0.87 i_ptm 0.32 energy -14.96
31 models [0] recycles 0 hard 0 soft 0 temp 0.40 loss 3.27 i_con 3.51 plddt 0.43 ptm 0.88 i_ptm 0.35 energy -15.04
32 models [1] recycles 0 hard 0 soft 0 temp 0.38 loss 3.01 i_con 3.27 plddt 0.45 ptm 0.89 i_ptm 0.43 energy -15.43
33 models [1] recycles 0 hard 0 soft 0 temp 0.36 loss 2.94 i_con 3.20 plddt 0.49 ptm 0.90 i_ptm 0.43 energy -15.46
34 models [0] recycles 0 hard 0 soft 0 temp 0.34 loss 3.11 i_con 3.38 plddt 0.42 ptm 0.87 i_ptm 0.37 energy -16.11
35 models [1] recycles 0 hard 0 soft 0 temp 0.32 loss 3.29 i_con 3.56 plddt 0.46 ptm 0.90 i_ptm 0.36 energy -16.12
36 models [1] recycles 0 hard 0 soft 0 temp 0.30 loss 2.86 i_con 3.12 plddt 0.47 ptm 0.90 i_ptm 0.46 energy -15.88
37 models [0] recycles 0 hard 0 soft 0 temp 0.28 loss 3.23 i_con 3.51 plddt 0.47 ptm 0.87 i_ptm 0.38 energy -16.44
38 models [0] recycles 0 hard 0 soft 0 temp 0.26 loss 3.08 i_con 3.34 plddt 0.44 ptm 0.88 i_ptm 0.41 energy -16.16
39 models [0] recycles 0 hard 0 soft 0 temp 0.24 loss 2.82 i_con 3.09 plddt 0.52 ptm 0.88 i_ptm 0.46 energy -15.97
40 models [1] recycles 0 hard 0 soft 0 temp 0.22 loss 2.77 i_con 3.05 plddt 0.48 ptm 0.90 i_ptm 0.46 energy -16.73
41 models [1] recycles 0 hard 0 soft 0 temp 0.20 loss 2.55 i_con 2.84 plddt 0.51 ptm 0.90 i_ptm 0.51 energy -16.87
42 models [1] recycles 0 hard 0 soft 0 temp 0.18 loss 2.89 i_con 3.19 plddt 0.50 ptm 0.90 i_ptm 0.43 energy -17.66
43 models [1] recycles 0 hard 0 soft 0 temp 0.16 loss 2.66 i_con 2.96 plddt 0.49 ptm 0.90 i_ptm 0.49 energy -17.36
44 models [0] recycles 0 hard 0 soft 0 temp 0.14 loss 2.73 i_con 3.04 plddt 0.50 ptm 0.88 i_ptm 0.45 energy -17.73
45 models [0] recycles 0 hard 0 soft 0 temp 0.12 loss 2.86 i_con 3.16 plddt 0.46 ptm 0.88 i_ptm 0.43 energy -17.52
46 models [0] recycles 0 hard 0 soft 0 temp 0.10 loss 2.74 i_con 3.04 plddt 0.49 ptm 0.88 i_ptm 0.45 energy -17.94
47 models [0] recycles 0 hard 0 soft 0 temp 0.08 loss 2.72 i_con 3.05 plddt 0.50 ptm 0.88 i_ptm 0.47 energy -18.79
48 models [1] recycles 0 hard 0 soft 0 temp 0.06 loss 2.42 i_con 2.75 plddt 0.56 ptm 0.90 i_ptm 0.52 energy -18.78
49 models [1] recycles 0 hard 0 soft 0 temp 0.04 loss 2.30 i_con 2.65 plddt 0.57 ptm 0.90 i_ptm 0.54 energy -19.23
50 models [1] recycles 0 hard 0 soft 0 temp 0.02 loss 2.28 i_con 2.65 plddt 0.56 ptm 0.90 i_ptm 0.53 energy -20.43
51 models [1] recycles 0 hard 1 soft 0 temp 0.00 loss 5.38 i_con 5.46 plddt 0.35 ptm 0.89 i_ptm 0.09 energy -2.98
52 models [1] recycles 0 hard 1 soft 0 temp 0.00 loss 5.38 i_con 5.46 plddt 0.35 ptm 0.89 i_ptm 0.09 energy -2.98
53 models [1] recycles 0 hard 1 soft 0 temp 0.00 loss 5.38 i_con 5.46 plddt 0.35 ptm 0.89 i_ptm 0.09 energy -2.98
54 models [1] recycles 0 hard 1 soft 0 temp 0.00 loss 5.38 i_con 5.46 plddt 0.35 ptm 0.89 i_ptm 0.09 energy -2.98
55 models [1] recycles 0 hard 1 soft 0 temp 0.00 loss 5.38 i_con 5.46 plddt 0.35 ptm 0.89 i_ptm 0.09 energy -2.98
56 models [0] recycles 0 hard 1 soft 0 temp 0.00 loss 4.79 i_con 4.87 plddt 0.31 ptm 0.87 i_ptm 0.15 energy -2.98
57 models [0] recycles 0 hard 1 soft 0 temp 0.00 loss 4.79 i_con 4.87 plddt 0.31 ptm 0.87 i_ptm 0.15 energy -2.98
58 models [0] recycles 0 hard 1 soft 0 temp 0.00 loss 4.79 i_con 4.87 plddt 0.31 ptm 0.87 i_ptm 0.15 energy -2.98
59 models [0] recycles 0 hard 1 soft 0 temp 0.00 loss 4.79 i_con 4.87 plddt 0.31 ptm 0.87 i_ptm 0.15 energy -2.98
60 models [0] recycles 0 hard 1 soft 0 temp 0.00 loss 4.79 i_con 4.87 plddt 0.31 ptm 0.87 i_ptm 0.15 energy -2.98
61 models [1] recycles 0 hard 1 soft 0 temp 0.00 loss 5.38 i_con 5.46 plddt 0.35 ptm 0.89 i_ptm 0.09 energy -2.98
62 models [1] recycles 0 hard 1 soft 0 temp 0.00 loss 5.38 i_con 5.46 plddt 0.35 ptm 0.89 i_ptm 0.09 energy -2.98
63 models [1] recycles 0 hard 1 soft 0 temp 0.00 loss 5.38 i_con 5.46 plddt 0.35 ptm 0.89 i_ptm 0.09 energy -2.98
64 models [0] recycles 0 hard 1 soft 0 temp 0.00 loss 4.79 i_con 4.87 plddt 0.31 ptm 0.87 i_ptm 0.15 energy -2.98
65 models [1] recycles 0 hard 1 soft 0 temp 0.00 loss 5.38 i_con 5.46 plddt 0.35 ptm 0.89 i_ptm 0.09 energy -2.98
66 models [0] recycles 0 hard 1 soft 0 temp 0.00 loss 4.79 i_con 4.87 plddt 0.31 ptm 0.87 i_ptm 0.15 energy -2.98
67 models [0] recycles 0 hard 1 soft 0 temp 0.00 loss 4.79 i_con 4.87 plddt 0.31 ptm 0.87 i_ptm 0.15 energy -2.98
68 models [0] recycles 0 hard 1 soft 0 temp 0.00 loss 4.79 i_con 4.87 plddt 0.31 ptm 0.87 i_ptm 0.15 energy -2.98
69 models [1] recycles 0 hard 1 soft 0 temp 0.00 loss 5.38 i_con 5.46 plddt 0.35 ptm 0.89 i_ptm 0.09 energy -2.98
70 models [0] recycles 0 hard 1 soft 0 temp 0.00 loss 4.79 i_con 4.87 plddt 0.31 ptm 0.87 i_ptm 0.15 energy -2.98
71 models [0] recycles 0 hard 1 soft 0 temp 0.00 loss 4.79 i_con 4.87 plddt 0.31 ptm 0.87 i_ptm 0.15 energy -2.98
72 models [1] recycles 0 hard 1 soft 0 temp 0.00 loss 5.38 i_con 5.46 plddt 0.35 ptm 0.89 i_ptm 0.09 energy -2.98
73 models [1] recycles 0 hard 1 soft 0 temp 0.00 loss 5.38 i_con 5.46 plddt 0.35 ptm 0.89 i_ptm 0.09 energy -2.98
74 models [1] recycles 0 hard 1 soft 0 temp 0.00 loss 5.38 i_con 5.46 plddt 0.35 ptm 0.89 i_ptm 0.09 energy -2.98
75 models [0] recycles 0 hard 1 soft 0 temp 0.00 loss 4.79 i_con 4.87 plddt 0.31 ptm 0.87 i_ptm 0.15 energy -2.98
76 models [0] recycles 0 hard 1 soft 0 temp 0.00 loss 4.79 i_con 4.87 plddt 0.31 ptm 0.87 i_ptm 0.15 energy -2.98
77 models [0] recycles 0 hard 1 soft 0 temp 0.00 loss 4.79 i_con 4.87 plddt 0.31 ptm 0.87 i_ptm 0.15 energy -2.98
78 models [0] recycles 0 hard 1 soft 0 temp 0.00 loss 4.79 i_con 4.87 plddt 0.31 ptm 0.87 i_ptm 0.15 energy -2.98
79 models [1] recycles 0 hard 1 soft 0 temp 0.00 loss 5.38 i_con 5.46 plddt 0.35 ptm 0.89 i_ptm 0.09 energy -2.98
80 models [1] recycles 0 hard 1 soft 0 temp 0.00 loss 5.38 i_con 5.46 plddt 0.35 ptm 0.89 i_ptm 0.09 energy -2.98
  → seq=FWLSRMSSPNMKEWA  loss=5.3798  loss_af=5.5288  energy=-2.9801  i_ptm=0.0851
[20/20] input=FWLSRMSSPNMKEWA  seed=3 ...
1 models [1] recycles 0 hard 0 soft 0 temp 1 loss 5.60 i_con 5.60 plddt 0.39 ptm 0.88 i_ptm 0.09 energy -2.98
2 models [1] recycles 0 hard 0 soft 0 temp 0.98 loss 5.28 i_con 5.29 plddt 0.39 ptm 0.88 i_ptm 0.09 energy -3.78
3 models [0] recycles 0 hard 0 soft 0 temp 0.96 loss 4.56 i_con 4.56 plddt 0.32 ptm 0.87 i_ptm 0.18 energy -3.69
4 models [0] recycles 0 hard 0 soft 0 temp 0.94 loss 4.46 i_con 4.51 plddt 0.31 ptm 0.87 i_ptm 0.19 energy -5.89
5 models [1] recycles 0 hard 0 soft 0 temp 0.92 loss 4.74 i_con 4.82 plddt 0.38 ptm 0.88 i_ptm 0.11 energy -7.06
6 models [1] recycles 0 hard 0 soft 0 temp 0.90 loss 5.00 i_con 5.09 plddt 0.41 ptm 0.88 i_ptm 0.09 energy -7.49
7 models [1] recycles 0 hard 0 soft 0 temp 0.88 loss 4.50 i_con 4.59 plddt 0.40 ptm 0.88 i_ptm 0.18 energy -7.56
8 models [0] recycles 0 hard 0 soft 0 temp 0.86 loss 4.05 i_con 4.15 plddt 0.34 ptm 0.87 i_ptm 0.23 energy -8.15
9 models [0] recycles 0 hard 0 soft 0 temp 0.84 loss 4.00 i_con 4.10 plddt 0.34 ptm 0.87 i_ptm 0.24 energy -8.52
10 models [0] recycles 0 hard 0 soft 0 temp 0.82 loss 4.08 i_con 4.21 plddt 0.33 ptm 0.87 i_ptm 0.24 energy -9.80
11 models [1] recycles 0 hard 0 soft 0 temp 0.80 loss 4.17 i_con 4.32 plddt 0.40 ptm 0.89 i_ptm 0.22 energy -10.34
12 models [0] recycles 0 hard 0 soft 0 temp 0.78 loss 3.82 i_con 3.96 plddt 0.36 ptm 0.87 i_ptm 0.27 energy -10.49
13 models [0] recycles 0 hard 0 soft 0 temp 0.76 loss 3.86 i_con 4.02 plddt 0.35 ptm 0.87 i_ptm 0.25 energy -11.42
14 models [0] recycles 0 hard 0 soft 0 temp 0.74 loss 4.06 i_con 4.23 plddt 0.31 ptm 0.87 i_ptm 0.21 energy -12.17
15 models [1] recycles 0 hard 0 soft 0 temp 0.72 loss 4.02 i_con 4.20 plddt 0.38 ptm 0.89 i_ptm 0.22 energy -12.40
16 models [0] recycles 0 hard 0 soft 0 temp 0.70 loss 3.65 i_con 3.83 plddt 0.36 ptm 0.87 i_ptm 0.27 energy -12.38
17 models [0] recycles 0 hard 0 soft 0 temp 0.68 loss 3.76 i_con 3.96 plddt 0.37 ptm 0.87 i_ptm 0.27 energy -13.12
18 models [1] recycles 0 hard 0 soft 0 temp 0.66 loss 3.99 i_con 4.21 plddt 0.36 ptm 0.89 i_ptm 0.21 energy -14.09
19 models [1] recycles 0 hard 0 soft 0 temp 0.64 loss 4.02 i_con 4.26 plddt 0.36 ptm 0.89 i_ptm 0.23 energy -15.07
20 models [1] recycles 0 hard 0 soft 0 temp 0.62 loss 3.95 i_con 4.20 plddt 0.38 ptm 0.88 i_ptm 0.23 energy -15.50
21 models [1] recycles 0 hard 0 soft 0 temp 0.60 loss 3.52 i_con 3.78 plddt 0.39 ptm 0.89 i_ptm 0.28 energy -16.15
22 models [0] recycles 0 hard 0 soft 0 temp 0.58 loss 3.75 i_con 4.00 plddt 0.37 ptm 0.87 i_ptm 0.25 energy -15.94
23 models [0] recycles 0 hard 0 soft 0 temp 0.56 loss 3.36 i_con 3.63 plddt 0.38 ptm 0.88 i_ptm 0.34 energy -16.54
24 models [1] recycles 0 hard 0 soft 0 temp 0.54 loss 3.91 i_con 4.18 plddt 0.38 ptm 0.89 i_ptm 0.25 energy -16.62
25 models [1] recycles 0 hard 0 soft 0 temp 0.52 loss 3.57 i_con 3.85 plddt 0.40 ptm 0.89 i_ptm 0.28 energy -17.00
26 models [1] recycles 0 hard 0 soft 0 temp 0.50 loss 3.47 i_con 3.75 plddt 0.41 ptm 0.89 i_ptm 0.30 energy -16.99
27 models [0] recycles 0 hard 0 soft 0 temp 0.48 loss 3.71 i_con 3.99 plddt 0.38 ptm 0.87 i_ptm 0.28 energy -17.04
28 models [1] recycles 0 hard 0 soft 0 temp 0.46 loss 3.36 i_con 3.65 plddt 0.38 ptm 0.89 i_ptm 0.31 energy -17.42
29 models [1] recycles 0 hard 0 soft 0 temp 0.44 loss 3.80 i_con 4.09 plddt 0.36 ptm 0.89 i_ptm 0.26 energy -17.69
30 models [1] recycles 0 hard 0 soft 0 temp 0.42 loss 3.33 i_con 3.63 plddt 0.41 ptm 0.89 i_ptm 0.31 energy -17.94
31 models [1] recycles 0 hard 0 soft 0 temp 0.40 loss 3.19 i_con 3.50 plddt 0.43 ptm 0.89 i_ptm 0.33 energy -18.15
32 models [0] recycles 0 hard 0 soft 0 temp 0.38 loss 3.51 i_con 3.82 plddt 0.38 ptm 0.87 i_ptm 0.29 energy -18.52
33 models [1] recycles 0 hard 0 soft 0 temp 0.36 loss 3.23 i_con 3.56 plddt 0.40 ptm 0.89 i_ptm 0.34 energy -19.23
34 models [0] recycles 0 hard 0 soft 0 temp 0.34 loss 3.47 i_con 3.79 plddt 0.39 ptm 0.88 i_ptm 0.32 energy -19.20
35 models [0] recycles 0 hard 0 soft 0 temp 0.32 loss 3.17 i_con 3.49 plddt 0.38 ptm 0.87 i_ptm 0.37 energy -19.09
36 models [1] recycles 0 hard 0 soft 0 temp 0.30 loss 3.26 i_con 3.59 plddt 0.42 ptm 0.89 i_ptm 0.35 energy -19.21
37 models [0] recycles 0 hard 0 soft 0 temp 0.28 loss 3.43 i_con 3.74 plddt 0.37 ptm 0.87 i_ptm 0.32 energy -18.93
38 models [1] recycles 0 hard 0 soft 0 temp 0.26 loss 2.74 i_con 3.08 plddt 0.43 ptm 0.90 i_ptm 0.44 energy -19.48
39 models [1] recycles 0 hard 0 soft 0 temp 0.24 loss 3.16 i_con 3.51 plddt 0.42 ptm 0.89 i_ptm 0.33 energy -20.34
40 models [0] recycles 0 hard 0 soft 0 temp 0.22 loss 3.32 i_con 3.68 plddt 0.42 ptm 0.87 i_ptm 0.32 energy -20.62
41 models [0] recycles 0 hard 0 soft 0 temp 0.20 loss 3.06 i_con 3.41 plddt 0.42 ptm 0.88 i_ptm 0.38 energy -20.72
42 models [1] recycles 0 hard 0 soft 0 temp 0.18 loss 2.91 i_con 3.28 plddt 0.44 ptm 0.89 i_ptm 0.40 energy -21.32
43 models [1] recycles 0 hard 0 soft 0 temp 0.16 loss 3.16 i_con 3.54 plddt 0.44 ptm 0.89 i_ptm 0.33 energy -21.81
44 models [0] recycles 0 hard 0 soft 0 temp 0.14 loss 2.88 i_con 3.25 plddt 0.40 ptm 0.87 i_ptm 0.40 energy -21.28
45 models [1] recycles 0 hard 0 soft 0 temp 0.12 loss 2.91 i_con 3.29 plddt 0.47 ptm 0.89 i_ptm 0.39 energy -21.85
46 models [0] recycles 0 hard 0 soft 0 temp 0.10 loss 3.09 i_con 3.48 plddt 0.48 ptm 0.87 i_ptm 0.39 energy -21.91
47 models [1] recycles 0 hard 0 soft 0 temp 0.08 loss 2.89 i_con 3.28 plddt 0.45 ptm 0.89 i_ptm 0.39 energy -22.40
48 models [0] recycles 0 hard 0 soft 0 temp 0.06 loss 3.07 i_con 3.46 plddt 0.42 ptm 0.88 i_ptm 0.38 energy -22.45
49 models [0] recycles 0 hard 0 soft 0 temp 0.04 loss 3.38 i_con 3.78 plddt 0.42 ptm 0.87 i_ptm 0.34 energy -22.88
50 models [0] recycles 0 hard 0 soft 0 temp 0.02 loss 2.75 i_con 3.15 plddt 0.43 ptm 0.88 i_ptm 0.43 energy -23.27
51 models [0] recycles 0 hard 1 soft 0 temp 0.00 loss 4.79 i_con 4.87 plddt 0.31 ptm 0.87 i_ptm 0.15 energy -2.98
52 models [1] recycles 0 hard 1 soft 0 temp 0.00 loss 5.38 i_con 5.46 plddt 0.35 ptm 0.89 i_ptm 0.09 energy -2.98
53 models [0] recycles 0 hard 1 soft 0 temp 0.00 loss 4.79 i_con 4.87 plddt 0.31 ptm 0.87 i_ptm 0.15 energy -2.98
54 models [1] recycles 0 hard 1 soft 0 temp 0.00 loss 5.38 i_con 5.46 plddt 0.35 ptm 0.89 i_ptm 0.09 energy -2.98
55 models [1] recycles 0 hard 1 soft 0 temp 0.00 loss 5.38 i_con 5.46 plddt 0.35 ptm 0.89 i_ptm 0.09 energy -2.98
56 models [0] recycles 0 hard 1 soft 0 temp 0.00 loss 4.79 i_con 4.87 plddt 0.31 ptm 0.87 i_ptm 0.15 energy -2.98
57 models [0] recycles 0 hard 1 soft 0 temp 0.00 loss 4.79 i_con 4.87 plddt 0.31 ptm 0.87 i_ptm 0.15 energy -2.98
58 models [0] recycles 0 hard 1 soft 0 temp 0.00 loss 4.79 i_con 4.87 plddt 0.31 ptm 0.87 i_ptm 0.15 energy -2.98
59 models [1] recycles 0 hard 1 soft 0 temp 0.00 loss 5.38 i_con 5.46 plddt 0.35 ptm 0.89 i_ptm 0.09 energy -2.98
60 models [1] recycles 0 hard 1 soft 0 temp 0.00 loss 5.38 i_con 5.46 plddt 0.35 ptm 0.89 i_ptm 0.09 energy -2.98
61 models [1] recycles 0 hard 1 soft 0 temp 0.00 loss 5.38 i_con 5.46 plddt 0.35 ptm 0.89 i_ptm 0.09 energy -2.98
62 models [0] recycles 0 hard 1 soft 0 temp 0.00 loss 4.79 i_con 4.87 plddt 0.31 ptm 0.87 i_ptm 0.15 energy -2.98
63 models [1] recycles 0 hard 1 soft 0 temp 0.00 loss 5.38 i_con 5.46 plddt 0.35 ptm 0.89 i_ptm 0.09 energy -2.98
64 models [1] recycles 0 hard 1 soft 0 temp 0.00 loss 5.38 i_con 5.46 plddt 0.35 ptm 0.89 i_ptm 0.09 energy -2.98
65 models [1] recycles 0 hard 1 soft 0 temp 0.00 loss 5.38 i_con 5.46 plddt 0.35 ptm 0.89 i_ptm 0.09 energy -2.98
66 models [0] recycles 0 hard 1 soft 0 temp 0.00 loss 4.79 i_con 4.87 plddt 0.31 ptm 0.87 i_ptm 0.15 energy -2.98
67 models [1] recycles 0 hard 1 soft 0 temp 0.00 loss 5.38 i_con 5.46 plddt 0.35 ptm 0.89 i_ptm 0.09 energy -2.98
68 models [1] recycles 0 hard 1 soft 0 temp 0.00 loss 5.38 i_con 5.46 plddt 0.35 ptm 0.89 i_ptm 0.09 energy -2.98
69 models [0] recycles 0 hard 1 soft 0 temp 0.00 loss 4.79 i_con 4.87 plddt 0.31 ptm 0.87 i_ptm 0.15 energy -2.98
70 models [0] recycles 0 hard 1 soft 0 temp 0.00 loss 4.79 i_con 4.87 plddt 0.31 ptm 0.87 i_ptm 0.15 energy -2.98
71 models [1] recycles 0 hard 1 soft 0 temp 0.00 loss 5.38 i_con 5.46 plddt 0.35 ptm 0.89 i_ptm 0.09 energy -2.98
72 models [1] recycles 0 hard 1 soft 0 temp 0.00 loss 5.38 i_con 5.46 plddt 0.35 ptm 0.89 i_ptm 0.09 energy -2.98
73 models [0] recycles 0 hard 1 soft 0 temp 0.00 loss 4.79 i_con 4.87 plddt 0.31 ptm 0.87 i_ptm 0.15 energy -2.98
74 models [0] recycles 0 hard 1 soft 0 temp 0.00 loss 4.79 i_con 4.87 plddt 0.31 ptm 0.87 i_ptm 0.15 energy -2.98
75 models [0] recycles 0 hard 1 soft 0 temp 0.00 loss 4.79 i_con 4.87 plddt 0.31 ptm 0.87 i_ptm 0.15 energy -2.98
76 models [1] recycles 0 hard 1 soft 0 temp 0.00 loss 5.38 i_con 5.46 plddt 0.35 ptm 0.89 i_ptm 0.09 energy -2.98
77 models [0] recycles 0 hard 1 soft 0 temp 0.00 loss 4.79 i_con 4.87 plddt 0.31 ptm 0.87 i_ptm 0.15 energy -2.98
78 models [0] recycles 0 hard 1 soft 0 temp 0.00 loss 4.79 i_con 4.87 plddt 0.31 ptm 0.87 i_ptm 0.15 energy -2.98
79 models [0] recycles 0 hard 1 soft 0 temp 0.00 loss 4.79 i_con 4.87 plddt 0.31 ptm 0.87 i_ptm 0.15 energy -2.98
80 models [0] recycles 0 hard 1 soft 0 temp 0.00 loss 4.79 i_con 4.87 plddt 0.31 ptm 0.87 i_ptm 0.15 energy -2.98
  → seq=FWLSRMSSPNMKEWA  loss=4.7862  loss_af=4.9352  energy=-2.9801  i_ptm=0.1493

Saved 20 results to /home/share_nfs/342-Projets_BGE/342.3-Gen-Chem/342.3.2-BioInfo/342.3.2.8-SeqModels/protein_design/colabdesign_energy_guidance/prg/PA_PB1/results/opt_anneal_energy_A.json

==============================================================================================================
SUMMARY
==============================================================================================================
 seed  loss_total   loss_af    energy   i_ptm     ptm   plddt  input_seq  →  seq
--------------------------------------------------------------------------------------------------------------
    0      4.4231    4.5090   -1.7176  0.2266  0.8897  0.3299  CHGYVYDHHKNQEVL  →  VFGFIYDHHKNQEVL
    1      4.9832    5.0882   -2.1016  0.1067  0.8859  0.3175  CHGYVYDHHKNQEVL  →  SHGYVYDWHKNMEVL
    2      5.3896    5.3595    0.6025  0.1145  0.8858  0.3274  CHGYVYDHHKNQEVL  →  DHGYVYDLHLNQEVL
    3      4.5963    4.3137    5.6516  0.2429  0.8748  0.3147  CHGYVYDHHKNQEVL  →  MHGYVYDWHKNMEFL
    0      5.0338    4.9972    0.7321  0.1490  0.8871  0.3102  YVCNVYDHFARKEVL  →  VVCNVFDWQARKEVL
    1      4.2239    4.2305   -0.1330  0.3286  0.8928  0.3790  YVCNVYDHFARKEVL  →  SVCNVFDFFARCELL
    2      5.0595    5.1636   -2.0813  0.1116  0.8859  0.3212  YVCNVYDHFARKEVL  →  YVCNVADWAARKAVL
    3      4.5079    4.6319   -2.4801  0.2250  0.8728  0.3062  YVCNVYDHFARKEVL  →  YVCNVFEHFARKELL
    0      5.1173    5.2556   -2.7653  0.1171  0.8859  0.3290  YHPQVEGSPEMKKCL  →  YHPQVEGSPEFFKCL
    1      5.1904    5.3258   -2.7085  0.1190  0.8859  0.3536  YHPQVEGSPEMKKCL  →  YFPQVEGSPELKKEL
    2      4.9128    5.0034   -1.8127  0.1037  0.8866  0.3197  YHPQVEGSPEMKKCL  →  YHPQVEGSPEMKLFL
    3      4.5310    4.5503   -0.3860  0.1820  0.8728  0.2814  YHPQVEGSPEMKKCL  →  YHPQVEGSPEMLLCL
    0      6.0526    6.2061   -3.0710  0.0905  0.8852  0.3993  GWKQPTCSMKICKKL  →  GWKQPTESMKIIKKL
    1      6.2844    6.4715   -3.7414  0.0945  0.8852  0.4119  GWKQPTCSMKICKKL  →  GWKQPTCSMKIIKKL
    2      6.2844    6.4715   -3.7414  0.0945  0.8852  0.4119  GWKQPTCSMKICKKL  →  GWKQPTCSMKIIKKL
    3      5.4770    5.6640   -3.7414  0.1524  0.8697  0.3141  GWKQPTCSMKICKKL  →  GWKQPTCSMKIIKKL
    0      4.9185    5.1481   -4.5924  0.0882  0.8856  0.3299  FWLSRMSSPNMKEWA  →  FWLFRMSSPNMKEWA
    1      4.6166    4.7712   -3.0930  0.1492  0.8870  0.3130  FWLSRMSSPNMKEWA  →  FYLMMMSSPNMKEWA
    2      5.3798    5.5288   -2.9801  0.0851  0.8855  0.3542  FWLSRMSSPNMKEWA  →  FWLSRMSSPNMKEWA
    3      4.7862    4.9352   -2.9801  0.1493  0.8712  0.3054  FWLSRMSSPNMKEWA  →  FWLSRMSSPNMKEWA
---------------------------------------------
End time : Fri Apr  3 15:09:43 CEST 2026
