Job ID       : 289997
Array task   : 5  →  protocol: opt_anneal_noenergy
Node         : aar018
Start time   : Fri Apr  3 10:51:10 CEST 2026
---------------------------------------------
Fri Apr  3 10:51:10 2026       
+-----------------------------------------------------------------------------------------+
| NVIDIA-SMI 560.35.03              Driver Version: 560.35.03      CUDA Version: 12.6     |
|-----------------------------------------+------------------------+----------------------+
| GPU  Name                 Persistence-M | Bus-Id          Disp.A | Volatile Uncorr. ECC |
| Fan  Temp   Perf          Pwr:Usage/Cap |           Memory-Usage | GPU-Util  Compute M. |
|                                         |                        |               MIG M. |
|=========================================+========================+======================|
|   0  NVIDIA A30                     Off |   00000000:65:00.0 Off |                    0 |
| N/A   58C    P0             43W /  165W |       1MiB /  24576MiB |      0%      Default |
|                                         |                        |             Disabled |
+-----------------------------------------+------------------------+----------------------+
                                                                                         
+-----------------------------------------------------------------------------------------+
| Processes:                                                                              |
---------------------------------------------
JAX devices: [cuda(id=0)]
GPU check passed: cuda:0
Output file  : /home/share_nfs/342-Projets_BGE/342.3-Gen-Chem/342.3.2-BioInfo/342.3.2.8-SeqModels/protein_design/colabdesign_energy_guidance/prg/PA_PB1/results/opt_anneal_noenergy.json
Running protocol: opt_anneal_noenergy ...
py3Dmol not installed
/home/share_nfs/342-Projets_BGE/342.3-Gen-Chem/342.3.2-BioInfo/342.3.2.8-SeqModels/protein_design/energy_model_params/PAPB1pep/PNB_2R_3lay_negbinom_energy_model_weights.json
[1/20] input=CHGYVYDHHKNQEVL  seed=0 ...
1 models [1] recycles 0 hard 0 soft 0 temp 1 loss 6.48 i_con 6.42 plddt 0.36 ptm 0.88 i_ptm 0.11
2 models [0] recycles 0 hard 0 soft 0 temp 0.98 loss 5.72 i_con 5.65 plddt 0.32 ptm 0.87 i_ptm 0.13
3 models [0] recycles 0 hard 0 soft 0 temp 0.96 loss 5.38 i_con 5.31 plddt 0.32 ptm 0.87 i_ptm 0.14
4 models [1] recycles 0 hard 0 soft 0 temp 0.94 loss 5.72 i_con 5.66 plddt 0.42 ptm 0.88 i_ptm 0.11
5 models [0] recycles 0 hard 0 soft 0 temp 0.92 loss 5.42 i_con 5.35 plddt 0.37 ptm 0.87 i_ptm 0.11
6 models [0] recycles 0 hard 0 soft 0 temp 0.90 loss 4.64 i_con 4.58 plddt 0.33 ptm 0.87 i_ptm 0.18
7 models [0] recycles 0 hard 0 soft 0 temp 0.88 loss 4.56 i_con 4.50 plddt 0.35 ptm 0.87 i_ptm 0.21
8 models [0] recycles 0 hard 0 soft 0 temp 0.86 loss 4.36 i_con 4.29 plddt 0.33 ptm 0.87 i_ptm 0.24
9 models [0] recycles 0 hard 0 soft 0 temp 0.84 loss 4.34 i_con 4.28 plddt 0.35 ptm 0.87 i_ptm 0.26
10 models [0] recycles 0 hard 0 soft 0 temp 0.82 loss 4.30 i_con 4.24 plddt 0.36 ptm 0.88 i_ptm 0.28
11 models [0] recycles 0 hard 0 soft 0 temp 0.80 loss 4.29 i_con 4.22 plddt 0.35 ptm 0.87 i_ptm 0.26
12 models [1] recycles 0 hard 0 soft 0 temp 0.78 loss 4.73 i_con 4.66 plddt 0.36 ptm 0.88 i_ptm 0.17
13 models [1] recycles 0 hard 0 soft 0 temp 0.76 loss 4.65 i_con 4.59 plddt 0.41 ptm 0.88 i_ptm 0.18
14 models [0] recycles 0 hard 0 soft 0 temp 0.74 loss 4.42 i_con 4.36 plddt 0.37 ptm 0.87 i_ptm 0.22
15 models [1] recycles 0 hard 0 soft 0 temp 0.72 loss 4.45 i_con 4.39 plddt 0.35 ptm 0.89 i_ptm 0.19
16 models [1] recycles 0 hard 0 soft 0 temp 0.70 loss 4.13 i_con 4.07 plddt 0.38 ptm 0.89 i_ptm 0.26
17 models [1] recycles 0 hard 0 soft 0 temp 0.68 loss 4.18 i_con 4.12 plddt 0.39 ptm 0.89 i_ptm 0.24
18 models [1] recycles 0 hard 0 soft 0 temp 0.66 loss 4.09 i_con 4.03 plddt 0.40 ptm 0.89 i_ptm 0.29
19 models [1] recycles 0 hard 0 soft 0 temp 0.64 loss 4.24 i_con 4.18 plddt 0.39 ptm 0.89 i_ptm 0.25
20 models [0] recycles 0 hard 0 soft 0 temp 0.62 loss 4.34 i_con 4.28 plddt 0.36 ptm 0.87 i_ptm 0.27
21 models [1] recycles 0 hard 0 soft 0 temp 0.60 loss 4.15 i_con 4.09 plddt 0.40 ptm 0.89 i_ptm 0.27
22 models [0] recycles 0 hard 0 soft 0 temp 0.58 loss 3.95 i_con 3.89 plddt 0.37 ptm 0.87 i_ptm 0.34
23 models [0] recycles 0 hard 0 soft 0 temp 0.56 loss 3.98 i_con 3.92 plddt 0.37 ptm 0.87 i_ptm 0.31
24 models [1] recycles 0 hard 0 soft 0 temp 0.54 loss 4.23 i_con 4.17 plddt 0.38 ptm 0.89 i_ptm 0.30
25 models [1] recycles 0 hard 0 soft 0 temp 0.52 loss 3.92 i_con 3.87 plddt 0.41 ptm 0.89 i_ptm 0.34
26 models [0] recycles 0 hard 0 soft 0 temp 0.50 loss 3.97 i_con 3.91 plddt 0.38 ptm 0.88 i_ptm 0.33
27 models [0] recycles 0 hard 0 soft 0 temp 0.48 loss 4.07 i_con 4.00 plddt 0.38 ptm 0.87 i_ptm 0.31
28 models [0] recycles 0 hard 0 soft 0 temp 0.46 loss 3.92 i_con 3.85 plddt 0.39 ptm 0.88 i_ptm 0.32
29 models [0] recycles 0 hard 0 soft 0 temp 0.44 loss 4.03 i_con 3.97 plddt 0.39 ptm 0.87 i_ptm 0.32
30 models [1] recycles 0 hard 0 soft 0 temp 0.42 loss 4.05 i_con 3.99 plddt 0.40 ptm 0.89 i_ptm 0.28
31 models [0] recycles 0 hard 0 soft 0 temp 0.40 loss 3.99 i_con 3.93 plddt 0.35 ptm 0.87 i_ptm 0.33
32 models [1] recycles 0 hard 0 soft 0 temp 0.38 loss 3.82 i_con 3.76 plddt 0.43 ptm 0.89 i_ptm 0.36
33 models [0] recycles 0 hard 0 soft 0 temp 0.36 loss 3.83 i_con 3.77 plddt 0.39 ptm 0.88 i_ptm 0.37
34 models [1] recycles 0 hard 0 soft 0 temp 0.34 loss 3.93 i_con 3.87 plddt 0.40 ptm 0.89 i_ptm 0.31
35 models [0] recycles 0 hard 0 soft 0 temp 0.32 loss 3.79 i_con 3.73 plddt 0.41 ptm 0.88 i_ptm 0.37
36 models [0] recycles 0 hard 0 soft 0 temp 0.30 loss 3.85 i_con 3.78 plddt 0.38 ptm 0.88 i_ptm 0.37
37 models [1] recycles 0 hard 0 soft 0 temp 0.28 loss 3.56 i_con 3.50 plddt 0.45 ptm 0.90 i_ptm 0.41
38 models [0] recycles 0 hard 0 soft 0 temp 0.26 loss 3.87 i_con 3.80 plddt 0.38 ptm 0.87 i_ptm 0.35
39 models [0] recycles 0 hard 0 soft 0 temp 0.24 loss 3.77 i_con 3.71 plddt 0.40 ptm 0.88 i_ptm 0.38
40 models [1] recycles 0 hard 0 soft 0 temp 0.22 loss 3.73 i_con 3.67 plddt 0.44 ptm 0.89 i_ptm 0.36
41 models [1] recycles 0 hard 0 soft 0 temp 0.20 loss 3.49 i_con 3.44 plddt 0.46 ptm 0.89 i_ptm 0.45
42 models [0] recycles 0 hard 0 soft 0 temp 0.18 loss 3.79 i_con 3.73 plddt 0.40 ptm 0.88 i_ptm 0.39
43 models [1] recycles 0 hard 0 soft 0 temp 0.16 loss 3.72 i_con 3.66 plddt 0.40 ptm 0.89 i_ptm 0.38
44 models [0] recycles 0 hard 0 soft 0 temp 0.14 loss 3.73 i_con 3.67 plddt 0.40 ptm 0.88 i_ptm 0.36
45 models [0] recycles 0 hard 0 soft 0 temp 0.12 loss 3.51 i_con 3.45 plddt 0.43 ptm 0.88 i_ptm 0.43
46 models [0] recycles 0 hard 0 soft 0 temp 0.10 loss 3.80 i_con 3.74 plddt 0.39 ptm 0.87 i_ptm 0.38
47 models [0] recycles 0 hard 0 soft 0 temp 0.08 loss 3.82 i_con 3.76 plddt 0.40 ptm 0.88 i_ptm 0.36
48 models [0] recycles 0 hard 0 soft 0 temp 0.06 loss 3.45 i_con 3.40 plddt 0.44 ptm 0.88 i_ptm 0.46
49 models [1] recycles 0 hard 0 soft 0 temp 0.04 loss 3.50 i_con 3.44 plddt 0.44 ptm 0.89 i_ptm 0.44
50 models [0] recycles 0 hard 0 soft 0 temp 0.02 loss 3.59 i_con 3.54 plddt 0.43 ptm 0.88 i_ptm 0.44
51 models [1] recycles 0 hard 1 soft 0 temp 0.00 loss 4.53 i_con 4.46 plddt 0.35 ptm 0.89 i_ptm 0.19
52 models [0] recycles 0 hard 1 soft 0 temp 0.00 loss 4.25 i_con 4.19 plddt 0.33 ptm 0.88 i_ptm 0.25
53 models [0] recycles 0 hard 1 soft 0 temp 0.00 loss 4.25 i_con 4.19 plddt 0.33 ptm 0.88 i_ptm 0.25
54 models [0] recycles 0 hard 1 soft 0 temp 0.00 loss 4.25 i_con 4.19 plddt 0.33 ptm 0.88 i_ptm 0.25
55 models [0] recycles 0 hard 1 soft 0 temp 0.00 loss 4.25 i_con 4.19 plddt 0.33 ptm 0.88 i_ptm 0.25
56 models [1] recycles 0 hard 1 soft 0 temp 0.00 loss 4.53 i_con 4.46 plddt 0.35 ptm 0.89 i_ptm 0.19
57 models [0] recycles 0 hard 1 soft 0 temp 0.00 loss 4.25 i_con 4.19 plddt 0.33 ptm 0.88 i_ptm 0.25
58 models [1] recycles 0 hard 1 soft 0 temp 0.00 loss 4.53 i_con 4.46 plddt 0.35 ptm 0.89 i_ptm 0.19
59 models [1] recycles 0 hard 1 soft 0 temp 0.00 loss 4.53 i_con 4.46 plddt 0.35 ptm 0.89 i_ptm 0.19
60 models [0] recycles 0 hard 1 soft 0 temp 0.00 loss 4.25 i_con 4.19 plddt 0.33 ptm 0.88 i_ptm 0.25
61 models [0] recycles 0 hard 1 soft 0 temp 0.00 loss 4.25 i_con 4.19 plddt 0.33 ptm 0.88 i_ptm 0.25
62 models [1] recycles 0 hard 1 soft 0 temp 0.00 loss 4.53 i_con 4.46 plddt 0.35 ptm 0.89 i_ptm 0.19
63 models [0] recycles 0 hard 1 soft 0 temp 0.00 loss 4.25 i_con 4.19 plddt 0.33 ptm 0.88 i_ptm 0.25
64 models [1] recycles 0 hard 1 soft 0 temp 0.00 loss 4.53 i_con 4.46 plddt 0.35 ptm 0.89 i_ptm 0.19
65 models [0] recycles 0 hard 1 soft 0 temp 0.00 loss 4.25 i_con 4.19 plddt 0.33 ptm 0.88 i_ptm 0.25
66 models [1] recycles 0 hard 1 soft 0 temp 0.00 loss 4.53 i_con 4.46 plddt 0.35 ptm 0.89 i_ptm 0.19
67 models [1] recycles 0 hard 1 soft 0 temp 0.00 loss 4.53 i_con 4.46 plddt 0.35 ptm 0.89 i_ptm 0.19
68 models [1] recycles 0 hard 1 soft 0 temp 0.00 loss 4.53 i_con 4.46 plddt 0.35 ptm 0.89 i_ptm 0.19
69 models [1] recycles 0 hard 1 soft 0 temp 0.00 loss 4.53 i_con 4.46 plddt 0.35 ptm 0.89 i_ptm 0.19
70 models [1] recycles 0 hard 1 soft 0 temp 0.00 loss 4.53 i_con 4.46 plddt 0.35 ptm 0.89 i_ptm 0.19
71 models [0] recycles 0 hard 1 soft 0 temp 0.00 loss 4.25 i_con 4.19 plddt 0.33 ptm 0.88 i_ptm 0.25
72 models [0] recycles 0 hard 1 soft 0 temp 0.00 loss 4.25 i_con 4.19 plddt 0.33 ptm 0.88 i_ptm 0.25
73 models [1] recycles 0 hard 1 soft 0 temp 0.00 loss 4.53 i_con 4.46 plddt 0.35 ptm 0.89 i_ptm 0.19
74 models [1] recycles 0 hard 1 soft 0 temp 0.00 loss 4.53 i_con 4.46 plddt 0.35 ptm 0.89 i_ptm 0.19
75 models [1] recycles 0 hard 1 soft 0 temp 0.00 loss 4.53 i_con 4.46 plddt 0.35 ptm 0.89 i_ptm 0.19
76 models [0] recycles 0 hard 1 soft 0 temp 0.00 loss 4.25 i_con 4.19 plddt 0.33 ptm 0.88 i_ptm 0.25
77 models [0] recycles 0 hard 1 soft 0 temp 0.00 loss 4.25 i_con 4.19 plddt 0.33 ptm 0.88 i_ptm 0.25
78 models [1] recycles 0 hard 1 soft 0 temp 0.00 loss 4.53 i_con 4.46 plddt 0.35 ptm 0.89 i_ptm 0.19
79 models [0] recycles 0 hard 1 soft 0 temp 0.00 loss 4.25 i_con 4.19 plddt 0.33 ptm 0.88 i_ptm 0.25
80 models [1] recycles 0 hard 1 soft 0 temp 0.00 loss 4.53 i_con 4.46 plddt 0.35 ptm 0.89 i_ptm 0.19
  → seq=FFGYVYPHHKNQEVL  loss=4.5252  loss_af=4.5252  energy=1.1337  i_ptm=0.1932
[2/20] input=CHGYVYDHHKNQEVL  seed=1 ...
1 models [0] recycles 0 hard 0 soft 0 temp 1 loss 6.10 i_con 6.03 plddt 0.33 ptm 0.87 i_ptm 0.19
2 models [0] recycles 0 hard 0 soft 0 temp 0.98 loss 5.75 i_con 5.68 plddt 0.31 ptm 0.87 i_ptm 0.13
3 models [1] recycles 0 hard 0 soft 0 temp 0.96 loss 6.10 i_con 6.04 plddt 0.41 ptm 0.88 i_ptm 0.11
4 models [1] recycles 0 hard 0 soft 0 temp 0.94 loss 5.81 i_con 5.75 plddt 0.41 ptm 0.88 i_ptm 0.11
5 models [0] recycles 0 hard 0 soft 0 temp 0.92 loss 5.13 i_con 5.06 plddt 0.32 ptm 0.87 i_ptm 0.13
6 models [0] recycles 0 hard 0 soft 0 temp 0.90 loss 5.38 i_con 5.31 plddt 0.33 ptm 0.87 i_ptm 0.12
7 models [0] recycles 0 hard 0 soft 0 temp 0.88 loss 4.80 i_con 4.73 plddt 0.29 ptm 0.87 i_ptm 0.17
8 models [0] recycles 0 hard 0 soft 0 temp 0.86 loss 4.63 i_con 4.56 plddt 0.30 ptm 0.87 i_ptm 0.18
9 models [0] recycles 0 hard 0 soft 0 temp 0.84 loss 4.45 i_con 4.39 plddt 0.38 ptm 0.87 i_ptm 0.26
10 models [1] recycles 0 hard 0 soft 0 temp 0.82 loss 4.96 i_con 4.89 plddt 0.33 ptm 0.88 i_ptm 0.11
11 models [1] recycles 0 hard 0 soft 0 temp 0.80 loss 4.67 i_con 4.60 plddt 0.35 ptm 0.89 i_ptm 0.20
12 models [0] recycles 0 hard 0 soft 0 temp 0.78 loss 4.37 i_con 4.31 plddt 0.35 ptm 0.87 i_ptm 0.30
13 models [1] recycles 0 hard 0 soft 0 temp 0.76 loss 4.51 i_con 4.45 plddt 0.39 ptm 0.89 i_ptm 0.25
14 models [0] recycles 0 hard 0 soft 0 temp 0.74 loss 4.31 i_con 4.24 plddt 0.38 ptm 0.87 i_ptm 0.28
15 models [0] recycles 0 hard 0 soft 0 temp 0.72 loss 3.99 i_con 3.93 plddt 0.41 ptm 0.87 i_ptm 0.37
16 models [1] recycles 0 hard 0 soft 0 temp 0.70 loss 4.26 i_con 4.20 plddt 0.41 ptm 0.89 i_ptm 0.30
17 models [1] recycles 0 hard 0 soft 0 temp 0.68 loss 3.94 i_con 3.89 plddt 0.43 ptm 0.89 i_ptm 0.39
18 models [0] recycles 0 hard 0 soft 0 temp 0.66 loss 3.90 i_con 3.84 plddt 0.41 ptm 0.88 i_ptm 0.39
19 models [1] recycles 0 hard 0 soft 0 temp 0.64 loss 3.39 i_con 3.34 plddt 0.58 ptm 0.90 i_ptm 0.58
20 models [1] recycles 0 hard 0 soft 0 temp 0.62 loss 3.37 i_con 3.32 plddt 0.55 ptm 0.91 i_ptm 0.63
21 models [1] recycles 0 hard 0 soft 0 temp 0.60 loss 3.17 i_con 3.13 plddt 0.60 ptm 0.90 i_ptm 0.67
22 models [0] recycles 0 hard 0 soft 0 temp 0.58 loss 3.67 i_con 3.62 plddt 0.49 ptm 0.88 i_ptm 0.51
23 models [1] recycles 0 hard 0 soft 0 temp 0.56 loss 2.71 i_con 2.67 plddt 0.67 ptm 0.91 i_ptm 0.76
24 models [1] recycles 0 hard 0 soft 0 temp 0.54 loss 2.88 i_con 2.84 plddt 0.65 ptm 0.91 i_ptm 0.74
25 models [0] recycles 0 hard 0 soft 0 temp 0.52 loss 3.43 i_con 3.39 plddt 0.54 ptm 0.89 i_ptm 0.60
26 models [1] recycles 0 hard 0 soft 0 temp 0.50 loss 2.79 i_con 2.75 plddt 0.66 ptm 0.91 i_ptm 0.73
27 models [1] recycles 0 hard 0 soft 0 temp 0.48 loss 2.62 i_con 2.59 plddt 0.69 ptm 0.91 i_ptm 0.79
28 models [1] recycles 0 hard 0 soft 0 temp 0.46 loss 2.52 i_con 2.49 plddt 0.71 ptm 0.91 i_ptm 0.81
29 models [0] recycles 0 hard 0 soft 0 temp 0.44 loss 3.00 i_con 2.97 plddt 0.63 ptm 0.89 i_ptm 0.73
30 models [1] recycles 0 hard 0 soft 0 temp 0.42 loss 2.35 i_con 2.32 plddt 0.76 ptm 0.91 i_ptm 0.82
31 models [1] recycles 0 hard 0 soft 0 temp 0.40 loss 2.20 i_con 2.18 plddt 0.77 ptm 0.92 i_ptm 0.85
32 models [1] recycles 0 hard 0 soft 0 temp 0.38 loss 2.35 i_con 2.33 plddt 0.77 ptm 0.91 i_ptm 0.84
33 models [0] recycles 0 hard 0 soft 0 temp 0.36 loss 2.55 i_con 2.52 plddt 0.71 ptm 0.90 i_ptm 0.80
34 models [0] recycles 0 hard 0 soft 0 temp 0.34 loss 2.61 i_con 2.59 plddt 0.71 ptm 0.90 i_ptm 0.81
35 models [0] recycles 0 hard 0 soft 0 temp 0.32 loss 2.83 i_con 2.80 plddt 0.68 ptm 0.89 i_ptm 0.77
36 models [0] recycles 0 hard 0 soft 0 temp 0.30 loss 2.70 i_con 2.67 plddt 0.70 ptm 0.90 i_ptm 0.77
37 models [0] recycles 0 hard 0 soft 0 temp 0.28 loss 2.51 i_con 2.48 plddt 0.72 ptm 0.90 i_ptm 0.82
38 models [1] recycles 0 hard 0 soft 0 temp 0.26 loss 2.32 i_con 2.30 plddt 0.76 ptm 0.91 i_ptm 0.85
39 models [1] recycles 0 hard 0 soft 0 temp 0.24 loss 2.02 i_con 2.00 plddt 0.81 ptm 0.92 i_ptm 0.88
40 models [1] recycles 0 hard 0 soft 0 temp 0.22 loss 2.05 i_con 2.04 plddt 0.80 ptm 0.92 i_ptm 0.88
41 models [0] recycles 0 hard 0 soft 0 temp 0.20 loss 2.39 i_con 2.37 plddt 0.74 ptm 0.90 i_ptm 0.82
42 models [0] recycles 0 hard 0 soft 0 temp 0.18 loss 2.52 i_con 2.49 plddt 0.71 ptm 0.89 i_ptm 0.79
43 models [0] recycles 0 hard 0 soft 0 temp 0.16 loss 2.37 i_con 2.35 plddt 0.77 ptm 0.90 i_ptm 0.83
44 models [0] recycles 0 hard 0 soft 0 temp 0.14 loss 2.32 i_con 2.30 plddt 0.75 ptm 0.90 i_ptm 0.83
45 models [0] recycles 0 hard 0 soft 0 temp 0.12 loss 2.36 i_con 2.34 plddt 0.76 ptm 0.90 i_ptm 0.82
46 models [0] recycles 0 hard 0 soft 0 temp 0.10 loss 2.30 i_con 2.28 plddt 0.77 ptm 0.90 i_ptm 0.84
47 models [1] recycles 0 hard 0 soft 0 temp 0.08 loss 2.08 i_con 2.06 plddt 0.78 ptm 0.92 i_ptm 0.86
48 models [0] recycles 0 hard 0 soft 0 temp 0.06 loss 2.21 i_con 2.18 plddt 0.74 ptm 0.90 i_ptm 0.83
49 models [0] recycles 0 hard 0 soft 0 temp 0.04 loss 2.41 i_con 2.38 plddt 0.73 ptm 0.90 i_ptm 0.80
50 models [1] recycles 0 hard 0 soft 0 temp 0.02 loss 2.01 i_con 1.99 plddt 0.80 ptm 0.92 i_ptm 0.87
51 models [1] recycles 0 hard 1 soft 0 temp 0.00 loss 4.71 i_con 4.65 plddt 0.34 ptm 0.89 i_ptm 0.20
52 models [0] recycles 0 hard 1 soft 0 temp 0.00 loss 4.42 i_con 4.36 plddt 0.34 ptm 0.88 i_ptm 0.26
53 models [1] recycles 0 hard 1 soft 0 temp 0.00 loss 4.71 i_con 4.65 plddt 0.34 ptm 0.89 i_ptm 0.20
54 models [1] recycles 0 hard 1 soft 0 temp 0.00 loss 4.71 i_con 4.65 plddt 0.34 ptm 0.89 i_ptm 0.20
55 models [0] recycles 0 hard 1 soft 0 temp 0.00 loss 4.42 i_con 4.36 plddt 0.34 ptm 0.88 i_ptm 0.26
56 models [0] recycles 0 hard 1 soft 0 temp 0.00 loss 4.42 i_con 4.36 plddt 0.34 ptm 0.88 i_ptm 0.26
57 models [0] recycles 0 hard 1 soft 0 temp 0.00 loss 4.42 i_con 4.36 plddt 0.34 ptm 0.88 i_ptm 0.26
58 models [1] recycles 0 hard 1 soft 0 temp 0.00 loss 4.71 i_con 4.65 plddt 0.34 ptm 0.89 i_ptm 0.20
59 models [0] recycles 0 hard 1 soft 0 temp 0.00 loss 4.42 i_con 4.36 plddt 0.34 ptm 0.88 i_ptm 0.26
60 models [1] recycles 0 hard 1 soft 0 temp 0.00 loss 4.71 i_con 4.65 plddt 0.34 ptm 0.89 i_ptm 0.20
61 models [1] recycles 0 hard 1 soft 0 temp 0.00 loss 4.71 i_con 4.65 plddt 0.34 ptm 0.89 i_ptm 0.20
62 models [0] recycles 0 hard 1 soft 0 temp 0.00 loss 4.42 i_con 4.36 plddt 0.34 ptm 0.88 i_ptm 0.26
63 models [0] recycles 0 hard 1 soft 0 temp 0.00 loss 4.42 i_con 4.36 plddt 0.34 ptm 0.88 i_ptm 0.26
64 models [1] recycles 0 hard 1 soft 0 temp 0.00 loss 4.71 i_con 4.65 plddt 0.34 ptm 0.89 i_ptm 0.20
65 models [0] recycles 0 hard 1 soft 0 temp 0.00 loss 4.42 i_con 4.36 plddt 0.34 ptm 0.88 i_ptm 0.26
66 models [0] recycles 0 hard 1 soft 0 temp 0.00 loss 4.42 i_con 4.36 plddt 0.34 ptm 0.88 i_ptm 0.26
67 models [0] recycles 0 hard 1 soft 0 temp 0.00 loss 4.42 i_con 4.36 plddt 0.34 ptm 0.88 i_ptm 0.26
68 models [0] recycles 0 hard 1 soft 0 temp 0.00 loss 4.42 i_con 4.36 plddt 0.34 ptm 0.88 i_ptm 0.26
69 models [1] recycles 0 hard 1 soft 0 temp 0.00 loss 4.71 i_con 4.65 plddt 0.34 ptm 0.89 i_ptm 0.20
70 models [1] recycles 0 hard 1 soft 0 temp 0.00 loss 4.71 i_con 4.65 plddt 0.34 ptm 0.89 i_ptm 0.20
71 models [0] recycles 0 hard 1 soft 0 temp 0.00 loss 4.42 i_con 4.36 plddt 0.34 ptm 0.88 i_ptm 0.26
72 models [0] recycles 0 hard 1 soft 0 temp 0.00 loss 4.42 i_con 4.36 plddt 0.34 ptm 0.88 i_ptm 0.26
73 models [1] recycles 0 hard 1 soft 0 temp 0.00 loss 4.71 i_con 4.65 plddt 0.34 ptm 0.89 i_ptm 0.20
74 models [1] recycles 0 hard 1 soft 0 temp 0.00 loss 4.71 i_con 4.65 plddt 0.34 ptm 0.89 i_ptm 0.20
75 models [1] recycles 0 hard 1 soft 0 temp 0.00 loss 4.71 i_con 4.65 plddt 0.34 ptm 0.89 i_ptm 0.20
76 models [1] recycles 0 hard 1 soft 0 temp 0.00 loss 4.71 i_con 4.65 plddt 0.34 ptm 0.89 i_ptm 0.20
77 models [0] recycles 0 hard 1 soft 0 temp 0.00 loss 4.42 i_con 4.36 plddt 0.34 ptm 0.88 i_ptm 0.26
78 models [0] recycles 0 hard 1 soft 0 temp 0.00 loss 4.42 i_con 4.36 plddt 0.34 ptm 0.88 i_ptm 0.26
79 models [0] recycles 0 hard 1 soft 0 temp 0.00 loss 4.42 i_con 4.36 plddt 0.34 ptm 0.88 i_ptm 0.26
80 models [1] recycles 0 hard 1 soft 0 temp 0.00 loss 4.71 i_con 4.65 plddt 0.34 ptm 0.89 i_ptm 0.20
  → seq=SHGYVYDWWKNQEVL  loss=4.7124  loss_af=4.7124  energy=-1.2077  i_ptm=0.2048
[3/20] input=CHGYVYDHHKNQEVL  seed=2 ...
1 models [1] recycles 0 hard 0 soft 0 temp 1 loss 6.55 i_con 6.49 plddt 0.40 ptm 0.88 i_ptm 0.15
2 models [0] recycles 0 hard 0 soft 0 temp 0.98 loss 5.88 i_con 5.82 plddt 0.35 ptm 0.87 i_ptm 0.13
3 models [0] recycles 0 hard 0 soft 0 temp 0.96 loss 5.84 i_con 5.77 plddt 0.33 ptm 0.87 i_ptm 0.13
4 models [1] recycles 0 hard 0 soft 0 temp 0.94 loss 6.22 i_con 6.17 plddt 0.44 ptm 0.88 i_ptm 0.10
5 models [1] recycles 0 hard 0 soft 0 temp 0.92 loss 5.98 i_con 5.92 plddt 0.44 ptm 0.88 i_ptm 0.10
6 models [0] recycles 0 hard 0 soft 0 temp 0.90 loss 5.27 i_con 5.20 plddt 0.31 ptm 0.87 i_ptm 0.14
7 models [1] recycles 0 hard 0 soft 0 temp 0.88 loss 6.07 i_con 6.01 plddt 0.40 ptm 0.88 i_ptm 0.10
8 models [0] recycles 0 hard 0 soft 0 temp 0.86 loss 4.70 i_con 4.64 plddt 0.32 ptm 0.87 i_ptm 0.19
9 models [1] recycles 0 hard 0 soft 0 temp 0.84 loss 5.21 i_con 5.15 plddt 0.40 ptm 0.88 i_ptm 0.11
10 models [0] recycles 0 hard 0 soft 0 temp 0.82 loss 4.30 i_con 4.24 plddt 0.36 ptm 0.87 i_ptm 0.27
11 models [1] recycles 0 hard 0 soft 0 temp 0.80 loss 4.40 i_con 4.34 plddt 0.35 ptm 0.89 i_ptm 0.22
12 models [0] recycles 0 hard 0 soft 0 temp 0.78 loss 4.40 i_con 4.33 plddt 0.34 ptm 0.87 i_ptm 0.27
13 models [0] recycles 0 hard 0 soft 0 temp 0.76 loss 4.17 i_con 4.11 plddt 0.37 ptm 0.87 i_ptm 0.33
14 models [0] recycles 0 hard 0 soft 0 temp 0.74 loss 4.05 i_con 3.98 plddt 0.35 ptm 0.88 i_ptm 0.33
15 models [0] recycles 0 hard 0 soft 0 temp 0.72 loss 3.97 i_con 3.91 plddt 0.37 ptm 0.87 i_ptm 0.34
16 models [0] recycles 0 hard 0 soft 0 temp 0.70 loss 4.02 i_con 3.96 plddt 0.38 ptm 0.87 i_ptm 0.34
17 models [0] recycles 0 hard 0 soft 0 temp 0.68 loss 3.98 i_con 3.92 plddt 0.36 ptm 0.87 i_ptm 0.34
18 models [0] recycles 0 hard 0 soft 0 temp 0.66 loss 4.04 i_con 3.98 plddt 0.37 ptm 0.87 i_ptm 0.31
19 models [1] recycles 0 hard 0 soft 0 temp 0.64 loss 4.03 i_con 3.97 plddt 0.41 ptm 0.89 i_ptm 0.31
20 models [1] recycles 0 hard 0 soft 0 temp 0.62 loss 3.79 i_con 3.73 plddt 0.45 ptm 0.90 i_ptm 0.45
21 models [1] recycles 0 hard 0 soft 0 temp 0.60 loss 4.07 i_con 4.01 plddt 0.37 ptm 0.89 i_ptm 0.34
22 models [1] recycles 0 hard 0 soft 0 temp 0.58 loss 3.80 i_con 3.75 plddt 0.42 ptm 0.89 i_ptm 0.41
23 models [0] recycles 0 hard 0 soft 0 temp 0.56 loss 3.91 i_con 3.85 plddt 0.38 ptm 0.88 i_ptm 0.39
24 models [0] recycles 0 hard 0 soft 0 temp 0.54 loss 4.00 i_con 3.94 plddt 0.37 ptm 0.88 i_ptm 0.36
25 models [0] recycles 0 hard 0 soft 0 temp 0.52 loss 3.93 i_con 3.87 plddt 0.38 ptm 0.88 i_ptm 0.36
26 models [1] recycles 0 hard 0 soft 0 temp 0.50 loss 3.97 i_con 3.90 plddt 0.38 ptm 0.89 i_ptm 0.35
27 models [1] recycles 0 hard 0 soft 0 temp 0.48 loss 3.53 i_con 3.47 plddt 0.47 ptm 0.90 i_ptm 0.55
28 models [1] recycles 0 hard 0 soft 0 temp 0.46 loss 3.36 i_con 3.32 plddt 0.51 ptm 0.90 i_ptm 0.56
29 models [0] recycles 0 hard 0 soft 0 temp 0.44 loss 3.79 i_con 3.74 plddt 0.42 ptm 0.88 i_ptm 0.41
30 models [0] recycles 0 hard 0 soft 0 temp 0.42 loss 3.25 i_con 3.20 plddt 0.53 ptm 0.89 i_ptm 0.61
31 models [0] recycles 0 hard 0 soft 0 temp 0.40 loss 3.82 i_con 3.76 plddt 0.37 ptm 0.88 i_ptm 0.38
32 models [1] recycles 0 hard 0 soft 0 temp 0.38 loss 3.26 i_con 3.21 plddt 0.54 ptm 0.90 i_ptm 0.60
33 models [1] recycles 0 hard 0 soft 0 temp 0.36 loss 2.82 i_con 2.78 plddt 0.63 ptm 0.91 i_ptm 0.71
34 models [0] recycles 0 hard 0 soft 0 temp 0.34 loss 3.74 i_con 3.68 plddt 0.43 ptm 0.88 i_ptm 0.45
35 models [1] recycles 0 hard 0 soft 0 temp 0.32 loss 2.54 i_con 2.51 plddt 0.68 ptm 0.91 i_ptm 0.77
36 models [1] recycles 0 hard 0 soft 0 temp 0.30 loss 2.41 i_con 2.38 plddt 0.70 ptm 0.91 i_ptm 0.79
37 models [0] recycles 0 hard 0 soft 0 temp 0.28 loss 3.25 i_con 3.20 plddt 0.55 ptm 0.88 i_ptm 0.60
38 models [0] recycles 0 hard 0 soft 0 temp 0.26 loss 3.05 i_con 3.00 plddt 0.58 ptm 0.89 i_ptm 0.66
39 models [0] recycles 0 hard 0 soft 0 temp 0.24 loss 2.96 i_con 2.92 plddt 0.60 ptm 0.89 i_ptm 0.67
40 models [1] recycles 0 hard 0 soft 0 temp 0.22 loss 2.36 i_con 2.33 plddt 0.70 ptm 0.91 i_ptm 0.79
41 models [1] recycles 0 hard 0 soft 0 temp 0.20 loss 2.37 i_con 2.34 plddt 0.70 ptm 0.91 i_ptm 0.77
42 models [1] recycles 0 hard 0 soft 0 temp 0.18 loss 2.23 i_con 2.20 plddt 0.73 ptm 0.91 i_ptm 0.80
43 models [1] recycles 0 hard 0 soft 0 temp 0.16 loss 2.21 i_con 2.18 plddt 0.73 ptm 0.92 i_ptm 0.81
44 models [0] recycles 0 hard 0 soft 0 temp 0.14 loss 2.88 i_con 2.84 plddt 0.61 ptm 0.90 i_ptm 0.70
45 models [0] recycles 0 hard 0 soft 0 temp 0.12 loss 2.60 i_con 2.56 plddt 0.66 ptm 0.89 i_ptm 0.76
46 models [0] recycles 0 hard 0 soft 0 temp 0.10 loss 2.50 i_con 2.47 plddt 0.68 ptm 0.89 i_ptm 0.76
47 models [0] recycles 0 hard 0 soft 0 temp 0.08 loss 2.54 i_con 2.51 plddt 0.66 ptm 0.89 i_ptm 0.74
48 models [1] recycles 0 hard 0 soft 0 temp 0.06 loss 2.02 i_con 2.00 plddt 0.76 ptm 0.92 i_ptm 0.82
49 models [1] recycles 0 hard 0 soft 0 temp 0.04 loss 2.05 i_con 2.03 plddt 0.77 ptm 0.91 i_ptm 0.82
50 models [1] recycles 0 hard 0 soft 0 temp 0.02 loss 2.10 i_con 2.07 plddt 0.75 ptm 0.91 i_ptm 0.82
51 models [1] recycles 0 hard 1 soft 0 temp 0.00 loss 2.95 i_con 2.91 plddt 0.55 ptm 0.91 i_ptm 0.70
52 models [1] recycles 0 hard 1 soft 0 temp 0.00 loss 2.95 i_con 2.91 plddt 0.55 ptm 0.91 i_ptm 0.70
53 models [1] recycles 0 hard 1 soft 0 temp 0.00 loss 2.95 i_con 2.91 plddt 0.55 ptm 0.91 i_ptm 0.70
54 models [1] recycles 0 hard 1 soft 0 temp 0.00 loss 2.95 i_con 2.91 plddt 0.55 ptm 0.91 i_ptm 0.70
55 models [1] recycles 0 hard 1 soft 0 temp 0.00 loss 2.95 i_con 2.91 plddt 0.55 ptm 0.91 i_ptm 0.70
56 models [0] recycles 0 hard 1 soft 0 temp 0.00 loss 3.12 i_con 3.07 plddt 0.53 ptm 0.89 i_ptm 0.66
57 models [0] recycles 0 hard 1 soft 0 temp 0.00 loss 3.12 i_con 3.07 plddt 0.53 ptm 0.89 i_ptm 0.66
58 models [0] recycles 0 hard 1 soft 0 temp 0.00 loss 3.12 i_con 3.07 plddt 0.53 ptm 0.89 i_ptm 0.66
59 models [0] recycles 0 hard 1 soft 0 temp 0.00 loss 3.12 i_con 3.07 plddt 0.53 ptm 0.89 i_ptm 0.66
60 models [0] recycles 0 hard 1 soft 0 temp 0.00 loss 3.12 i_con 3.07 plddt 0.53 ptm 0.89 i_ptm 0.66
61 models [1] recycles 0 hard 1 soft 0 temp 0.00 loss 2.95 i_con 2.91 plddt 0.55 ptm 0.91 i_ptm 0.70
62 models [1] recycles 0 hard 1 soft 0 temp 0.00 loss 2.95 i_con 2.91 plddt 0.55 ptm 0.91 i_ptm 0.70
63 models [1] recycles 0 hard 1 soft 0 temp 0.00 loss 2.95 i_con 2.91 plddt 0.55 ptm 0.91 i_ptm 0.70
64 models [0] recycles 0 hard 1 soft 0 temp 0.00 loss 3.12 i_con 3.07 plddt 0.53 ptm 0.89 i_ptm 0.66
65 models [1] recycles 0 hard 1 soft 0 temp 0.00 loss 2.95 i_con 2.91 plddt 0.55 ptm 0.91 i_ptm 0.70
66 models [0] recycles 0 hard 1 soft 0 temp 0.00 loss 3.12 i_con 3.07 plddt 0.53 ptm 0.89 i_ptm 0.66
67 models [0] recycles 0 hard 1 soft 0 temp 0.00 loss 3.12 i_con 3.07 plddt 0.53 ptm 0.89 i_ptm 0.66
68 models [0] recycles 0 hard 1 soft 0 temp 0.00 loss 3.12 i_con 3.07 plddt 0.53 ptm 0.89 i_ptm 0.66
69 models [1] recycles 0 hard 1 soft 0 temp 0.00 loss 2.95 i_con 2.91 plddt 0.55 ptm 0.91 i_ptm 0.70
70 models [0] recycles 0 hard 1 soft 0 temp 0.00 loss 3.12 i_con 3.07 plddt 0.53 ptm 0.89 i_ptm 0.66
71 models [0] recycles 0 hard 1 soft 0 temp 0.00 loss 3.12 i_con 3.07 plddt 0.53 ptm 0.89 i_ptm 0.66
72 models [1] recycles 0 hard 1 soft 0 temp 0.00 loss 2.95 i_con 2.91 plddt 0.55 ptm 0.91 i_ptm 0.70
73 models [1] recycles 0 hard 1 soft 0 temp 0.00 loss 2.95 i_con 2.91 plddt 0.55 ptm 0.91 i_ptm 0.70
74 models [1] recycles 0 hard 1 soft 0 temp 0.00 loss 2.95 i_con 2.91 plddt 0.55 ptm 0.91 i_ptm 0.70
75 models [0] recycles 0 hard 1 soft 0 temp 0.00 loss 3.12 i_con 3.07 plddt 0.53 ptm 0.89 i_ptm 0.66
76 models [0] recycles 0 hard 1 soft 0 temp 0.00 loss 3.12 i_con 3.07 plddt 0.53 ptm 0.89 i_ptm 0.66
77 models [0] recycles 0 hard 1 soft 0 temp 0.00 loss 3.12 i_con 3.07 plddt 0.53 ptm 0.89 i_ptm 0.66
78 models [0] recycles 0 hard 1 soft 0 temp 0.00 loss 3.12 i_con 3.07 plddt 0.53 ptm 0.89 i_ptm 0.66
79 models [1] recycles 0 hard 1 soft 0 temp 0.00 loss 2.95 i_con 2.91 plddt 0.55 ptm 0.91 i_ptm 0.70
80 models [1] recycles 0 hard 1 soft 0 temp 0.00 loss 2.95 i_con 2.91 plddt 0.55 ptm 0.91 i_ptm 0.70
  → seq=RYAYLMDHFLNQEVL  loss=2.9523  loss_af=2.9523  energy=9.3513  i_ptm=0.6994
[4/20] input=CHGYVYDHHKNQEVL  seed=3 ...
1 models [1] recycles 0 hard 0 soft 0 temp 1 loss 6.65 i_con 6.59 plddt 0.40 ptm 0.88 i_ptm 0.14
2 models [1] recycles 0 hard 0 soft 0 temp 0.98 loss 6.29 i_con 6.24 plddt 0.44 ptm 0.88 i_ptm 0.11
3 models [0] recycles 0 hard 0 soft 0 temp 0.96 loss 5.83 i_con 5.76 plddt 0.31 ptm 0.87 i_ptm 0.15
4 models [0] recycles 0 hard 0 soft 0 temp 0.94 loss 5.72 i_con 5.65 plddt 0.33 ptm 0.87 i_ptm 0.12
5 models [1] recycles 0 hard 0 soft 0 temp 0.92 loss 6.12 i_con 6.06 plddt 0.45 ptm 0.88 i_ptm 0.13
6 models [1] recycles 0 hard 0 soft 0 temp 0.90 loss 5.98 i_con 5.92 plddt 0.45 ptm 0.88 i_ptm 0.11
7 models [1] recycles 0 hard 0 soft 0 temp 0.88 loss 5.51 i_con 5.45 plddt 0.39 ptm 0.88 i_ptm 0.11
8 models [0] recycles 0 hard 0 soft 0 temp 0.86 loss 4.77 i_con 4.70 plddt 0.31 ptm 0.87 i_ptm 0.16
9 models [0] recycles 0 hard 0 soft 0 temp 0.84 loss 4.45 i_con 4.38 plddt 0.32 ptm 0.86 i_ptm 0.21
10 models [0] recycles 0 hard 0 soft 0 temp 0.82 loss 4.41 i_con 4.34 plddt 0.31 ptm 0.87 i_ptm 0.17
11 models [1] recycles 0 hard 0 soft 0 temp 0.80 loss 4.81 i_con 4.75 plddt 0.36 ptm 0.88 i_ptm 0.12
12 models [0] recycles 0 hard 0 soft 0 temp 0.78 loss 4.35 i_con 4.28 plddt 0.32 ptm 0.87 i_ptm 0.19
13 models [0] recycles 0 hard 0 soft 0 temp 0.76 loss 4.39 i_con 4.33 plddt 0.32 ptm 0.87 i_ptm 0.21
14 models [0] recycles 0 hard 0 soft 0 temp 0.74 loss 4.42 i_con 4.35 plddt 0.30 ptm 0.87 i_ptm 0.17
15 models [1] recycles 0 hard 0 soft 0 temp 0.72 loss 4.54 i_con 4.47 plddt 0.35 ptm 0.89 i_ptm 0.19
16 models [0] recycles 0 hard 0 soft 0 temp 0.70 loss 4.19 i_con 4.13 plddt 0.37 ptm 0.87 i_ptm 0.25
17 models [0] recycles 0 hard 0 soft 0 temp 0.68 loss 4.45 i_con 4.38 plddt 0.34 ptm 0.87 i_ptm 0.21
18 models [1] recycles 0 hard 0 soft 0 temp 0.66 loss 4.46 i_con 4.39 plddt 0.36 ptm 0.89 i_ptm 0.19
19 models [1] recycles 0 hard 0 soft 0 temp 0.64 loss 4.13 i_con 4.07 plddt 0.37 ptm 0.89 i_ptm 0.26
20 models [1] recycles 0 hard 0 soft 0 temp 0.62 loss 4.15 i_con 4.09 plddt 0.37 ptm 0.89 i_ptm 0.28
21 models [1] recycles 0 hard 0 soft 0 temp 0.60 loss 3.94 i_con 3.88 plddt 0.40 ptm 0.89 i_ptm 0.30
22 models [0] recycles 0 hard 0 soft 0 temp 0.58 loss 3.95 i_con 3.89 plddt 0.37 ptm 0.87 i_ptm 0.30
23 models [0] recycles 0 hard 0 soft 0 temp 0.56 loss 3.86 i_con 3.79 plddt 0.39 ptm 0.88 i_ptm 0.34
24 models [1] recycles 0 hard 0 soft 0 temp 0.54 loss 3.96 i_con 3.90 plddt 0.41 ptm 0.89 i_ptm 0.34
25 models [1] recycles 0 hard 0 soft 0 temp 0.52 loss 3.86 i_con 3.80 plddt 0.39 ptm 0.89 i_ptm 0.37
26 models [1] recycles 0 hard 0 soft 0 temp 0.50 loss 3.73 i_con 3.68 plddt 0.42 ptm 0.89 i_ptm 0.38
27 models [0] recycles 0 hard 0 soft 0 temp 0.48 loss 3.82 i_con 3.76 plddt 0.41 ptm 0.88 i_ptm 0.38
28 models [1] recycles 0 hard 0 soft 0 temp 0.46 loss 3.68 i_con 3.63 plddt 0.45 ptm 0.89 i_ptm 0.44
29 models [1] recycles 0 hard 0 soft 0 temp 0.44 loss 3.82 i_con 3.76 plddt 0.42 ptm 0.89 i_ptm 0.38
30 models [1] recycles 0 hard 0 soft 0 temp 0.42 loss 3.71 i_con 3.65 plddt 0.43 ptm 0.89 i_ptm 0.43
31 models [1] recycles 0 hard 0 soft 0 temp 0.40 loss 3.42 i_con 3.37 plddt 0.47 ptm 0.90 i_ptm 0.54
32 models [0] recycles 0 hard 0 soft 0 temp 0.38 loss 3.80 i_con 3.74 plddt 0.39 ptm 0.88 i_ptm 0.41
33 models [1] recycles 0 hard 0 soft 0 temp 0.36 loss 3.43 i_con 3.38 plddt 0.48 ptm 0.90 i_ptm 0.54
34 models [0] recycles 0 hard 0 soft 0 temp 0.34 loss 3.70 i_con 3.64 plddt 0.44 ptm 0.88 i_ptm 0.46
35 models [0] recycles 0 hard 0 soft 0 temp 0.32 loss 3.72 i_con 3.66 plddt 0.46 ptm 0.88 i_ptm 0.47
36 models [1] recycles 0 hard 0 soft 0 temp 0.30 loss 3.24 i_con 3.20 plddt 0.54 ptm 0.90 i_ptm 0.59
37 models [0] recycles 0 hard 0 soft 0 temp 0.28 loss 3.66 i_con 3.61 plddt 0.47 ptm 0.88 i_ptm 0.47
38 models [1] recycles 0 hard 0 soft 0 temp 0.26 loss 2.97 i_con 2.93 plddt 0.62 ptm 0.91 i_ptm 0.67
39 models [1] recycles 0 hard 0 soft 0 temp 0.24 loss 2.92 i_con 2.88 plddt 0.64 ptm 0.91 i_ptm 0.70
40 models [0] recycles 0 hard 0 soft 0 temp 0.22 loss 3.52 i_con 3.47 plddt 0.50 ptm 0.88 i_ptm 0.49
41 models [0] recycles 0 hard 0 soft 0 temp 0.20 loss 2.94 i_con 2.90 plddt 0.63 ptm 0.89 i_ptm 0.69
42 models [1] recycles 0 hard 0 soft 0 temp 0.18 loss 3.05 i_con 3.01 plddt 0.60 ptm 0.91 i_ptm 0.66
43 models [1] recycles 0 hard 0 soft 0 temp 0.16 loss 2.70 i_con 2.66 plddt 0.65 ptm 0.91 i_ptm 0.71
44 models [0] recycles 0 hard 0 soft 0 temp 0.14 loss 3.04 i_con 3.00 plddt 0.62 ptm 0.89 i_ptm 0.69
45 models [1] recycles 0 hard 0 soft 0 temp 0.12 loss 2.94 i_con 2.90 plddt 0.62 ptm 0.91 i_ptm 0.68
46 models [0] recycles 0 hard 0 soft 0 temp 0.10 loss 3.07 i_con 3.04 plddt 0.61 ptm 0.89 i_ptm 0.66
47 models [1] recycles 0 hard 0 soft 0 temp 0.08 loss 2.64 i_con 2.61 plddt 0.68 ptm 0.91 i_ptm 0.74
48 models [0] recycles 0 hard 0 soft 0 temp 0.06 loss 3.13 i_con 3.09 plddt 0.58 ptm 0.89 i_ptm 0.64
49 models [0] recycles 0 hard 0 soft 0 temp 0.04 loss 2.94 i_con 2.91 plddt 0.63 ptm 0.89 i_ptm 0.69
50 models [0] recycles 0 hard 0 soft 0 temp 0.02 loss 2.75 i_con 2.71 plddt 0.66 ptm 0.89 i_ptm 0.73
51 models [0] recycles 0 hard 1 soft 0 temp 0.00 loss 5.07 i_con 5.00 plddt 0.27 ptm 0.87 i_ptm 0.16
52 models [1] recycles 0 hard 1 soft 0 temp 0.00 loss 5.36 i_con 5.29 plddt 0.32 ptm 0.89 i_ptm 0.12
53 models [0] recycles 0 hard 1 soft 0 temp 0.00 loss 5.07 i_con 5.00 plddt 0.27 ptm 0.87 i_ptm 0.16
54 models [1] recycles 0 hard 1 soft 0 temp 0.00 loss 5.36 i_con 5.29 plddt 0.32 ptm 0.89 i_ptm 0.12
55 models [1] recycles 0 hard 1 soft 0 temp 0.00 loss 5.36 i_con 5.29 plddt 0.32 ptm 0.89 i_ptm 0.12
56 models [0] recycles 0 hard 1 soft 0 temp 0.00 loss 5.07 i_con 5.00 plddt 0.27 ptm 0.87 i_ptm 0.16
57 models [0] recycles 0 hard 1 soft 0 temp 0.00 loss 5.07 i_con 5.00 plddt 0.27 ptm 0.87 i_ptm 0.16
58 models [0] recycles 0 hard 1 soft 0 temp 0.00 loss 5.07 i_con 5.00 plddt 0.27 ptm 0.87 i_ptm 0.16
59 models [1] recycles 0 hard 1 soft 0 temp 0.00 loss 5.36 i_con 5.29 plddt 0.32 ptm 0.89 i_ptm 0.12
60 models [1] recycles 0 hard 1 soft 0 temp 0.00 loss 5.36 i_con 5.29 plddt 0.32 ptm 0.89 i_ptm 0.12
61 models [1] recycles 0 hard 1 soft 0 temp 0.00 loss 5.36 i_con 5.29 plddt 0.32 ptm 0.89 i_ptm 0.12
62 models [0] recycles 0 hard 1 soft 0 temp 0.00 loss 5.07 i_con 5.00 plddt 0.27 ptm 0.87 i_ptm 0.16
63 models [1] recycles 0 hard 1 soft 0 temp 0.00 loss 5.36 i_con 5.29 plddt 0.32 ptm 0.89 i_ptm 0.12
64 models [1] recycles 0 hard 1 soft 0 temp 0.00 loss 5.36 i_con 5.29 plddt 0.32 ptm 0.89 i_ptm 0.12
65 models [1] recycles 0 hard 1 soft 0 temp 0.00 loss 5.36 i_con 5.29 plddt 0.32 ptm 0.89 i_ptm 0.12
66 models [0] recycles 0 hard 1 soft 0 temp 0.00 loss 5.07 i_con 5.00 plddt 0.27 ptm 0.87 i_ptm 0.16
67 models [1] recycles 0 hard 1 soft 0 temp 0.00 loss 5.36 i_con 5.29 plddt 0.32 ptm 0.89 i_ptm 0.12
68 models [1] recycles 0 hard 1 soft 0 temp 0.00 loss 5.36 i_con 5.29 plddt 0.32 ptm 0.89 i_ptm 0.12
69 models [0] recycles 0 hard 1 soft 0 temp 0.00 loss 5.07 i_con 5.00 plddt 0.27 ptm 0.87 i_ptm 0.16
70 models [0] recycles 0 hard 1 soft 0 temp 0.00 loss 5.07 i_con 5.00 plddt 0.27 ptm 0.87 i_ptm 0.16
71 models [1] recycles 0 hard 1 soft 0 temp 0.00 loss 5.36 i_con 5.29 plddt 0.32 ptm 0.89 i_ptm 0.12
72 models [1] recycles 0 hard 1 soft 0 temp 0.00 loss 5.36 i_con 5.29 plddt 0.32 ptm 0.89 i_ptm 0.12
73 models [0] recycles 0 hard 1 soft 0 temp 0.00 loss 5.07 i_con 5.00 plddt 0.27 ptm 0.87 i_ptm 0.16
74 models [0] recycles 0 hard 1 soft 0 temp 0.00 loss 5.07 i_con 5.00 plddt 0.27 ptm 0.87 i_ptm 0.16
75 models [0] recycles 0 hard 1 soft 0 temp 0.00 loss 5.07 i_con 5.00 plddt 0.27 ptm 0.87 i_ptm 0.16
76 models [1] recycles 0 hard 1 soft 0 temp 0.00 loss 5.36 i_con 5.29 plddt 0.32 ptm 0.89 i_ptm 0.12
77 models [0] recycles 0 hard 1 soft 0 temp 0.00 loss 5.07 i_con 5.00 plddt 0.27 ptm 0.87 i_ptm 0.16
78 models [0] recycles 0 hard 1 soft 0 temp 0.00 loss 5.07 i_con 5.00 plddt 0.27 ptm 0.87 i_ptm 0.16
79 models [0] recycles 0 hard 1 soft 0 temp 0.00 loss 5.07 i_con 5.00 plddt 0.27 ptm 0.87 i_ptm 0.16
80 models [0] recycles 0 hard 1 soft 0 temp 0.00 loss 5.07 i_con 5.00 plddt 0.27 ptm 0.87 i_ptm 0.16
  → seq=MHGYVYDWHKNMECL  loss=5.0729  loss_af=5.0729  energy=4.2013  i_ptm=0.1640
[5/20] input=YVCNVYDHFARKEVL  seed=0 ...
1 models [1] recycles 0 hard 0 soft 0 temp 1 loss 5.66 i_con 5.59 plddt 0.34 ptm 0.88 i_ptm 0.13
2 models [0] recycles 0 hard 0 soft 0 temp 0.98 loss 4.95 i_con 4.88 plddt 0.30 ptm 0.87 i_ptm 0.20
3 models [0] recycles 0 hard 0 soft 0 temp 0.96 loss 4.43 i_con 4.37 plddt 0.36 ptm 0.87 i_ptm 0.26
4 models [1] recycles 0 hard 0 soft 0 temp 0.94 loss 4.79 i_con 4.73 plddt 0.34 ptm 0.88 i_ptm 0.18
5 models [0] recycles 0 hard 0 soft 0 temp 0.92 loss 4.60 i_con 4.54 plddt 0.34 ptm 0.87 i_ptm 0.22
6 models [0] recycles 0 hard 0 soft 0 temp 0.90 loss 4.20 i_con 4.13 plddt 0.35 ptm 0.87 i_ptm 0.27
7 models [0] recycles 0 hard 0 soft 0 temp 0.88 loss 4.19 i_con 4.12 plddt 0.37 ptm 0.87 i_ptm 0.32
8 models [0] recycles 0 hard 0 soft 0 temp 0.86 loss 4.06 i_con 4.00 plddt 0.37 ptm 0.87 i_ptm 0.34
9 models [0] recycles 0 hard 0 soft 0 temp 0.84 loss 4.05 i_con 3.99 plddt 0.38 ptm 0.87 i_ptm 0.32
10 models [0] recycles 0 hard 0 soft 0 temp 0.82 loss 4.16 i_con 4.10 plddt 0.36 ptm 0.88 i_ptm 0.31
11 models [0] recycles 0 hard 0 soft 0 temp 0.80 loss 3.89 i_con 3.83 plddt 0.40 ptm 0.88 i_ptm 0.37
12 models [1] recycles 0 hard 0 soft 0 temp 0.78 loss 4.04 i_con 3.99 plddt 0.44 ptm 0.89 i_ptm 0.37
13 models [1] recycles 0 hard 0 soft 0 temp 0.76 loss 3.86 i_con 3.80 plddt 0.45 ptm 0.89 i_ptm 0.43
14 models [0] recycles 0 hard 0 soft 0 temp 0.74 loss 3.90 i_con 3.84 plddt 0.42 ptm 0.87 i_ptm 0.40
15 models [1] recycles 0 hard 0 soft 0 temp 0.72 loss 3.38 i_con 3.33 plddt 0.52 ptm 0.90 i_ptm 0.58
16 models [1] recycles 0 hard 0 soft 0 temp 0.70 loss 3.74 i_con 3.69 plddt 0.45 ptm 0.90 i_ptm 0.46
17 models [1] recycles 0 hard 0 soft 0 temp 0.68 loss 3.58 i_con 3.53 plddt 0.47 ptm 0.90 i_ptm 0.51
18 models [1] recycles 0 hard 0 soft 0 temp 0.66 loss 3.16 i_con 3.11 plddt 0.58 ptm 0.91 i_ptm 0.64
19 models [1] recycles 0 hard 0 soft 0 temp 0.64 loss 3.14 i_con 3.10 plddt 0.59 ptm 0.91 i_ptm 0.66
20 models [0] recycles 0 hard 0 soft 0 temp 0.62 loss 3.98 i_con 3.92 plddt 0.41 ptm 0.88 i_ptm 0.39
21 models [1] recycles 0 hard 0 soft 0 temp 0.60 loss 2.99 i_con 2.95 plddt 0.60 ptm 0.91 i_ptm 0.69
22 models [0] recycles 0 hard 0 soft 0 temp 0.58 loss 3.71 i_con 3.65 plddt 0.44 ptm 0.88 i_ptm 0.49
23 models [0] recycles 0 hard 0 soft 0 temp 0.56 loss 3.80 i_con 3.74 plddt 0.43 ptm 0.88 i_ptm 0.45
24 models [1] recycles 0 hard 0 soft 0 temp 0.54 loss 2.97 i_con 2.93 plddt 0.63 ptm 0.91 i_ptm 0.69
25 models [1] recycles 0 hard 0 soft 0 temp 0.52 loss 2.94 i_con 2.90 plddt 0.60 ptm 0.91 i_ptm 0.67
26 models [0] recycles 0 hard 0 soft 0 temp 0.50 loss 3.84 i_con 3.78 plddt 0.40 ptm 0.88 i_ptm 0.42
27 models [0] recycles 0 hard 0 soft 0 temp 0.48 loss 3.41 i_con 3.36 plddt 0.52 ptm 0.89 i_ptm 0.61
28 models [0] recycles 0 hard 0 soft 0 temp 0.46 loss 3.91 i_con 3.85 plddt 0.41 ptm 0.88 i_ptm 0.40
29 models [0] recycles 0 hard 0 soft 0 temp 0.44 loss 3.65 i_con 3.60 plddt 0.48 ptm 0.88 i_ptm 0.52
30 models [1] recycles 0 hard 0 soft 0 temp 0.42 loss 2.74 i_con 2.71 plddt 0.65 ptm 0.91 i_ptm 0.78
31 models [0] recycles 0 hard 0 soft 0 temp 0.40 loss 3.68 i_con 3.62 plddt 0.44 ptm 0.88 i_ptm 0.50
32 models [1] recycles 0 hard 0 soft 0 temp 0.38 loss 2.73 i_con 2.69 plddt 0.65 ptm 0.91 i_ptm 0.74
33 models [0] recycles 0 hard 0 soft 0 temp 0.36 loss 3.36 i_con 3.32 plddt 0.54 ptm 0.88 i_ptm 0.62
34 models [1] recycles 0 hard 0 soft 0 temp 0.34 loss 2.60 i_con 2.57 plddt 0.68 ptm 0.91 i_ptm 0.76
35 models [0] recycles 0 hard 0 soft 0 temp 0.32 loss 3.18 i_con 3.14 plddt 0.58 ptm 0.89 i_ptm 0.64
36 models [0] recycles 0 hard 0 soft 0 temp 0.30 loss 3.24 i_con 3.19 plddt 0.58 ptm 0.89 i_ptm 0.64
37 models [1] recycles 0 hard 0 soft 0 temp 0.28 loss 2.75 i_con 2.71 plddt 0.65 ptm 0.91 i_ptm 0.74
38 models [0] recycles 0 hard 0 soft 0 temp 0.26 loss 3.02 i_con 2.98 plddt 0.60 ptm 0.89 i_ptm 0.67
39 models [0] recycles 0 hard 0 soft 0 temp 0.24 loss 2.85 i_con 2.82 plddt 0.63 ptm 0.89 i_ptm 0.70
40 models [1] recycles 0 hard 0 soft 0 temp 0.22 loss 2.49 i_con 2.46 plddt 0.69 ptm 0.91 i_ptm 0.78
41 models [1] recycles 0 hard 0 soft 0 temp 0.20 loss 2.35 i_con 2.32 plddt 0.72 ptm 0.91 i_ptm 0.79
42 models [0] recycles 0 hard 0 soft 0 temp 0.18 loss 3.03 i_con 2.99 plddt 0.60 ptm 0.89 i_ptm 0.68
43 models [1] recycles 0 hard 0 soft 0 temp 0.16 loss 2.51 i_con 2.48 plddt 0.71 ptm 0.91 i_ptm 0.78
44 models [0] recycles 0 hard 0 soft 0 temp 0.14 loss 2.64 i_con 2.60 plddt 0.67 ptm 0.89 i_ptm 0.74
45 models [0] recycles 0 hard 0 soft 0 temp 0.12 loss 2.79 i_con 2.76 plddt 0.64 ptm 0.89 i_ptm 0.74
46 models [0] recycles 0 hard 0 soft 0 temp 0.10 loss 2.56 i_con 2.53 plddt 0.71 ptm 0.89 i_ptm 0.76
47 models [0] recycles 0 hard 0 soft 0 temp 0.08 loss 2.71 i_con 2.68 plddt 0.67 ptm 0.89 i_ptm 0.73
48 models [0] recycles 0 hard 0 soft 0 temp 0.06 loss 2.75 i_con 2.71 plddt 0.66 ptm 0.89 i_ptm 0.73
49 models [1] recycles 0 hard 0 soft 0 temp 0.04 loss 2.36 i_con 2.33 plddt 0.74 ptm 0.91 i_ptm 0.82
50 models [0] recycles 0 hard 0 soft 0 temp 0.02 loss 2.58 i_con 2.55 plddt 0.70 ptm 0.89 i_ptm 0.75
51 models [1] recycles 0 hard 1 soft 0 temp 0.00 loss 4.57 i_con 4.51 plddt 0.38 ptm 0.89 i_ptm 0.27
52 models [0] recycles 0 hard 1 soft 0 temp 0.00 loss 4.29 i_con 4.22 plddt 0.36 ptm 0.87 i_ptm 0.29
53 models [0] recycles 0 hard 1 soft 0 temp 0.00 loss 4.29 i_con 4.22 plddt 0.36 ptm 0.87 i_ptm 0.29
54 models [0] recycles 0 hard 1 soft 0 temp 0.00 loss 4.29 i_con 4.22 plddt 0.36 ptm 0.87 i_ptm 0.29
55 models [0] recycles 0 hard 1 soft 0 temp 0.00 loss 4.29 i_con 4.22 plddt 0.36 ptm 0.87 i_ptm 0.29
56 models [1] recycles 0 hard 1 soft 0 temp 0.00 loss 4.57 i_con 4.51 plddt 0.38 ptm 0.89 i_ptm 0.27
57 models [0] recycles 0 hard 1 soft 0 temp 0.00 loss 4.29 i_con 4.22 plddt 0.36 ptm 0.87 i_ptm 0.29
58 models [1] recycles 0 hard 1 soft 0 temp 0.00 loss 4.57 i_con 4.51 plddt 0.38 ptm 0.89 i_ptm 0.27
59 models [1] recycles 0 hard 1 soft 0 temp 0.00 loss 4.57 i_con 4.51 plddt 0.38 ptm 0.89 i_ptm 0.27
60 models [0] recycles 0 hard 1 soft 0 temp 0.00 loss 4.29 i_con 4.22 plddt 0.36 ptm 0.87 i_ptm 0.29
61 models [0] recycles 0 hard 1 soft 0 temp 0.00 loss 4.29 i_con 4.22 plddt 0.36 ptm 0.87 i_ptm 0.29
62 models [1] recycles 0 hard 1 soft 0 temp 0.00 loss 4.57 i_con 4.51 plddt 0.38 ptm 0.89 i_ptm 0.27
63 models [0] recycles 0 hard 1 soft 0 temp 0.00 loss 4.29 i_con 4.22 plddt 0.36 ptm 0.87 i_ptm 0.29
64 models [1] recycles 0 hard 1 soft 0 temp 0.00 loss 4.57 i_con 4.51 plddt 0.38 ptm 0.89 i_ptm 0.27
65 models [0] recycles 0 hard 1 soft 0 temp 0.00 loss 4.29 i_con 4.22 plddt 0.36 ptm 0.87 i_ptm 0.29
66 models [1] recycles 0 hard 1 soft 0 temp 0.00 loss 4.57 i_con 4.51 plddt 0.38 ptm 0.89 i_ptm 0.27
67 models [1] recycles 0 hard 1 soft 0 temp 0.00 loss 4.57 i_con 4.51 plddt 0.38 ptm 0.89 i_ptm 0.27
68 models [1] recycles 0 hard 1 soft 0 temp 0.00 loss 4.57 i_con 4.51 plddt 0.38 ptm 0.89 i_ptm 0.27
69 models [1] recycles 0 hard 1 soft 0 temp 0.00 loss 4.57 i_con 4.51 plddt 0.38 ptm 0.89 i_ptm 0.27
70 models [1] recycles 0 hard 1 soft 0 temp 0.00 loss 4.57 i_con 4.51 plddt 0.38 ptm 0.89 i_ptm 0.27
71 models [0] recycles 0 hard 1 soft 0 temp 0.00 loss 4.29 i_con 4.22 plddt 0.36 ptm 0.87 i_ptm 0.29
72 models [0] recycles 0 hard 1 soft 0 temp 0.00 loss 4.29 i_con 4.22 plddt 0.36 ptm 0.87 i_ptm 0.29
73 models [1] recycles 0 hard 1 soft 0 temp 0.00 loss 4.57 i_con 4.51 plddt 0.38 ptm 0.89 i_ptm 0.27
74 models [1] recycles 0 hard 1 soft 0 temp 0.00 loss 4.57 i_con 4.51 plddt 0.38 ptm 0.89 i_ptm 0.27
75 models [1] recycles 0 hard 1 soft 0 temp 0.00 loss 4.57 i_con 4.51 plddt 0.38 ptm 0.89 i_ptm 0.27
76 models [0] recycles 0 hard 1 soft 0 temp 0.00 loss 4.29 i_con 4.22 plddt 0.36 ptm 0.87 i_ptm 0.29
77 models [0] recycles 0 hard 1 soft 0 temp 0.00 loss 4.29 i_con 4.22 plddt 0.36 ptm 0.87 i_ptm 0.29
78 models [1] recycles 0 hard 1 soft 0 temp 0.00 loss 4.57 i_con 4.51 plddt 0.38 ptm 0.89 i_ptm 0.27
79 models [0] recycles 0 hard 1 soft 0 temp 0.00 loss 4.29 i_con 4.22 plddt 0.36 ptm 0.87 i_ptm 0.29
80 models [1] recycles 0 hard 1 soft 0 temp 0.00 loss 4.57 i_con 4.51 plddt 0.38 ptm 0.89 i_ptm 0.27
  → seq=YVQAVFDYFARKEVL  loss=4.5677  loss_af=4.5677  energy=8.2712  i_ptm=0.2660
[6/20] input=YVCNVYDHFARKEVL  seed=1 ...
1 models [0] recycles 0 hard 0 soft 0 temp 1 loss 5.75 i_con 5.68 plddt 0.31 ptm 0.87 i_ptm 0.20
2 models [0] recycles 0 hard 0 soft 0 temp 0.98 loss 4.75 i_con 4.68 plddt 0.30 ptm 0.87 i_ptm 0.20
3 models [1] recycles 0 hard 0 soft 0 temp 0.96 loss 5.13 i_con 5.07 plddt 0.35 ptm 0.88 i_ptm 0.12
4 models [1] recycles 0 hard 0 soft 0 temp 0.94 loss 4.42 i_con 4.35 plddt 0.37 ptm 0.89 i_ptm 0.24
5 models [0] recycles 0 hard 0 soft 0 temp 0.92 loss 4.21 i_con 4.14 plddt 0.35 ptm 0.87 i_ptm 0.30
6 models [0] recycles 0 hard 0 soft 0 temp 0.90 loss 4.26 i_con 4.19 plddt 0.34 ptm 0.87 i_ptm 0.29
7 models [0] recycles 0 hard 0 soft 0 temp 0.88 loss 4.16 i_con 4.09 plddt 0.33 ptm 0.88 i_ptm 0.31
8 models [0] recycles 0 hard 0 soft 0 temp 0.86 loss 4.03 i_con 3.97 plddt 0.35 ptm 0.87 i_ptm 0.34
9 models [0] recycles 0 hard 0 soft 0 temp 0.84 loss 4.19 i_con 4.13 plddt 0.36 ptm 0.87 i_ptm 0.28
10 models [1] recycles 0 hard 0 soft 0 temp 0.82 loss 4.25 i_con 4.18 plddt 0.33 ptm 0.89 i_ptm 0.27
11 models [1] recycles 0 hard 0 soft 0 temp 0.80 loss 4.04 i_con 3.98 plddt 0.40 ptm 0.89 i_ptm 0.32
12 models [0] recycles 0 hard 0 soft 0 temp 0.78 loss 3.97 i_con 3.90 plddt 0.37 ptm 0.88 i_ptm 0.41
13 models [1] recycles 0 hard 0 soft 0 temp 0.76 loss 4.29 i_con 4.23 plddt 0.36 ptm 0.89 i_ptm 0.27
14 models [0] recycles 0 hard 0 soft 0 temp 0.74 loss 3.97 i_con 3.91 plddt 0.38 ptm 0.87 i_ptm 0.39
15 models [0] recycles 0 hard 0 soft 0 temp 0.72 loss 3.63 i_con 3.58 plddt 0.45 ptm 0.88 i_ptm 0.50
16 models [1] recycles 0 hard 0 soft 0 temp 0.70 loss 3.59 i_con 3.53 plddt 0.46 ptm 0.90 i_ptm 0.53
17 models [1] recycles 0 hard 0 soft 0 temp 0.68 loss 3.62 i_con 3.57 plddt 0.47 ptm 0.89 i_ptm 0.52
18 models [0] recycles 0 hard 0 soft 0 temp 0.66 loss 3.12 i_con 3.07 plddt 0.56 ptm 0.89 i_ptm 0.66
19 models [1] recycles 0 hard 0 soft 0 temp 0.64 loss 3.48 i_con 3.43 plddt 0.50 ptm 0.90 i_ptm 0.58
20 models [1] recycles 0 hard 0 soft 0 temp 0.62 loss 3.78 i_con 3.73 plddt 0.45 ptm 0.90 i_ptm 0.48
21 models [1] recycles 0 hard 0 soft 0 temp 0.60 loss 3.80 i_con 3.75 plddt 0.44 ptm 0.90 i_ptm 0.48
22 models [0] recycles 0 hard 0 soft 0 temp 0.58 loss 3.08 i_con 3.04 plddt 0.58 ptm 0.89 i_ptm 0.67
23 models [1] recycles 0 hard 0 soft 0 temp 0.56 loss 3.37 i_con 3.32 plddt 0.51 ptm 0.90 i_ptm 0.58
24 models [1] recycles 0 hard 0 soft 0 temp 0.54 loss 2.82 i_con 2.78 plddt 0.62 ptm 0.91 i_ptm 0.72
25 models [0] recycles 0 hard 0 soft 0 temp 0.52 loss 3.28 i_con 3.23 plddt 0.48 ptm 0.88 i_ptm 0.56
26 models [1] recycles 0 hard 0 soft 0 temp 0.50 loss 3.62 i_con 3.56 plddt 0.44 ptm 0.89 i_ptm 0.45
27 models [1] recycles 0 hard 0 soft 0 temp 0.48 loss 3.03 i_con 2.99 plddt 0.58 ptm 0.90 i_ptm 0.69
28 models [1] recycles 0 hard 0 soft 0 temp 0.46 loss 2.49 i_con 2.46 plddt 0.72 ptm 0.91 i_ptm 0.80
29 models [0] recycles 0 hard 0 soft 0 temp 0.44 loss 2.84 i_con 2.80 plddt 0.62 ptm 0.89 i_ptm 0.72
30 models [1] recycles 0 hard 0 soft 0 temp 0.42 loss 2.40 i_con 2.37 plddt 0.73 ptm 0.91 i_ptm 0.82
31 models [1] recycles 0 hard 0 soft 0 temp 0.40 loss 2.38 i_con 2.36 plddt 0.73 ptm 0.91 i_ptm 0.81
32 models [1] recycles 0 hard 0 soft 0 temp 0.38 loss 2.21 i_con 2.19 plddt 0.76 ptm 0.91 i_ptm 0.85
33 models [0] recycles 0 hard 0 soft 0 temp 0.36 loss 3.07 i_con 3.02 plddt 0.57 ptm 0.89 i_ptm 0.66
34 models [0] recycles 0 hard 0 soft 0 temp 0.34 loss 2.88 i_con 2.84 plddt 0.62 ptm 0.89 i_ptm 0.73
35 models [0] recycles 0 hard 0 soft 0 temp 0.32 loss 2.56 i_con 2.53 plddt 0.69 ptm 0.89 i_ptm 0.76
36 models [0] recycles 0 hard 0 soft 0 temp 0.30 loss 2.53 i_con 2.50 plddt 0.72 ptm 0.90 i_ptm 0.78
37 models [0] recycles 0 hard 0 soft 0 temp 0.28 loss 2.28 i_con 2.26 plddt 0.74 ptm 0.90 i_ptm 0.81
38 models [1] recycles 0 hard 0 soft 0 temp 0.26 loss 2.04 i_con 2.02 plddt 0.81 ptm 0.92 i_ptm 0.87
39 models [1] recycles 0 hard 0 soft 0 temp 0.24 loss 1.97 i_con 1.96 plddt 0.84 ptm 0.92 i_ptm 0.89
40 models [1] recycles 0 hard 0 soft 0 temp 0.22 loss 1.96 i_con 1.94 plddt 0.83 ptm 0.92 i_ptm 0.89
41 models [0] recycles 0 hard 0 soft 0 temp 0.20 loss 2.19 i_con 2.17 plddt 0.75 ptm 0.90 i_ptm 0.83
42 models [0] recycles 0 hard 0 soft 0 temp 0.18 loss 2.51 i_con 2.49 plddt 0.71 ptm 0.89 i_ptm 0.79
43 models [0] recycles 0 hard 0 soft 0 temp 0.16 loss 2.23 i_con 2.21 plddt 0.78 ptm 0.90 i_ptm 0.84
44 models [0] recycles 0 hard 0 soft 0 temp 0.14 loss 2.18 i_con 2.15 plddt 0.74 ptm 0.90 i_ptm 0.81
45 models [0] recycles 0 hard 0 soft 0 temp 0.12 loss 2.17 i_con 2.15 plddt 0.78 ptm 0.90 i_ptm 0.84
46 models [0] recycles 0 hard 0 soft 0 temp 0.10 loss 2.15 i_con 2.13 plddt 0.78 ptm 0.90 i_ptm 0.84
47 models [1] recycles 0 hard 0 soft 0 temp 0.08 loss 1.83 i_con 1.81 plddt 0.85 ptm 0.92 i_ptm 0.89
48 models [0] recycles 0 hard 0 soft 0 temp 0.06 loss 2.06 i_con 2.04 plddt 0.80 ptm 0.90 i_ptm 0.87
49 models [0] recycles 0 hard 0 soft 0 temp 0.04 loss 2.08 i_con 2.06 plddt 0.78 ptm 0.90 i_ptm 0.85
50 models [1] recycles 0 hard 0 soft 0 temp 0.02 loss 1.81 i_con 1.80 plddt 0.86 ptm 0.92 i_ptm 0.91
51 models [1] recycles 0 hard 1 soft 0 temp 0.00 loss 5.87 i_con 5.81 plddt 0.40 ptm 0.89 i_ptm 0.13
52 models [0] recycles 0 hard 1 soft 0 temp 0.00 loss 5.63 i_con 5.56 plddt 0.29 ptm 0.87 i_ptm 0.12
53 models [1] recycles 0 hard 1 soft 0 temp 0.00 loss 5.87 i_con 5.81 plddt 0.40 ptm 0.89 i_ptm 0.13
54 models [1] recycles 0 hard 1 soft 0 temp 0.00 loss 5.87 i_con 5.81 plddt 0.40 ptm 0.89 i_ptm 0.13
55 models [0] recycles 0 hard 1 soft 0 temp 0.00 loss 5.63 i_con 5.56 plddt 0.29 ptm 0.87 i_ptm 0.12
56 models [0] recycles 0 hard 1 soft 0 temp 0.00 loss 5.63 i_con 5.56 plddt 0.29 ptm 0.87 i_ptm 0.12
57 models [0] recycles 0 hard 1 soft 0 temp 0.00 loss 5.63 i_con 5.56 plddt 0.29 ptm 0.87 i_ptm 0.12
58 models [1] recycles 0 hard 1 soft 0 temp 0.00 loss 5.87 i_con 5.81 plddt 0.40 ptm 0.89 i_ptm 0.13
59 models [0] recycles 0 hard 1 soft 0 temp 0.00 loss 5.63 i_con 5.56 plddt 0.29 ptm 0.87 i_ptm 0.12
60 models [1] recycles 0 hard 1 soft 0 temp 0.00 loss 5.87 i_con 5.81 plddt 0.40 ptm 0.89 i_ptm 0.13
61 models [1] recycles 0 hard 1 soft 0 temp 0.00 loss 5.87 i_con 5.81 plddt 0.40 ptm 0.89 i_ptm 0.13
62 models [0] recycles 0 hard 1 soft 0 temp 0.00 loss 5.63 i_con 5.56 plddt 0.29 ptm 0.87 i_ptm 0.12
63 models [0] recycles 0 hard 1 soft 0 temp 0.00 loss 5.63 i_con 5.56 plddt 0.29 ptm 0.87 i_ptm 0.12
64 models [1] recycles 0 hard 1 soft 0 temp 0.00 loss 5.87 i_con 5.81 plddt 0.40 ptm 0.89 i_ptm 0.13
65 models [0] recycles 0 hard 1 soft 0 temp 0.00 loss 5.63 i_con 5.56 plddt 0.29 ptm 0.87 i_ptm 0.12
66 models [0] recycles 0 hard 1 soft 0 temp 0.00 loss 5.63 i_con 5.56 plddt 0.29 ptm 0.87 i_ptm 0.12
67 models [0] recycles 0 hard 1 soft 0 temp 0.00 loss 5.63 i_con 5.56 plddt 0.29 ptm 0.87 i_ptm 0.12
68 models [0] recycles 0 hard 1 soft 0 temp 0.00 loss 5.63 i_con 5.56 plddt 0.29 ptm 0.87 i_ptm 0.12
69 models [1] recycles 0 hard 1 soft 0 temp 0.00 loss 5.87 i_con 5.81 plddt 0.40 ptm 0.89 i_ptm 0.13
70 models [1] recycles 0 hard 1 soft 0 temp 0.00 loss 5.87 i_con 5.81 plddt 0.40 ptm 0.89 i_ptm 0.13
71 models [0] recycles 0 hard 1 soft 0 temp 0.00 loss 5.63 i_con 5.56 plddt 0.29 ptm 0.87 i_ptm 0.12
72 models [0] recycles 0 hard 1 soft 0 temp 0.00 loss 5.63 i_con 5.56 plddt 0.29 ptm 0.87 i_ptm 0.12
73 models [1] recycles 0 hard 1 soft 0 temp 0.00 loss 5.87 i_con 5.81 plddt 0.40 ptm 0.89 i_ptm 0.13
74 models [1] recycles 0 hard 1 soft 0 temp 0.00 loss 5.87 i_con 5.81 plddt 0.40 ptm 0.89 i_ptm 0.13
75 models [1] recycles 0 hard 1 soft 0 temp 0.00 loss 5.87 i_con 5.81 plddt 0.40 ptm 0.89 i_ptm 0.13
76 models [1] recycles 0 hard 1 soft 0 temp 0.00 loss 5.87 i_con 5.81 plddt 0.40 ptm 0.89 i_ptm 0.13
77 models [0] recycles 0 hard 1 soft 0 temp 0.00 loss 5.63 i_con 5.56 plddt 0.29 ptm 0.87 i_ptm 0.12
78 models [0] recycles 0 hard 1 soft 0 temp 0.00 loss 5.63 i_con 5.56 plddt 0.29 ptm 0.87 i_ptm 0.12
79 models [0] recycles 0 hard 1 soft 0 temp 0.00 loss 5.63 i_con 5.56 plddt 0.29 ptm 0.87 i_ptm 0.12
80 models [1] recycles 0 hard 1 soft 0 temp 0.00 loss 5.87 i_con 5.81 plddt 0.40 ptm 0.89 i_ptm 0.13
  → seq=VVCNIYDILARKEVL  loss=5.8692  loss_af=5.8692  energy=0.4152  i_ptm=0.1278
[7/20] input=YVCNVYDHFARKEVL  seed=2 ...
1 models [1] recycles 0 hard 0 soft 0 temp 1 loss 5.76 i_con 5.70 plddt 0.37 ptm 0.88 i_ptm 0.14
2 models [0] recycles 0 hard 0 soft 0 temp 0.98 loss 4.98 i_con 4.91 plddt 0.31 ptm 0.87 i_ptm 0.14
3 models [0] recycles 0 hard 0 soft 0 temp 0.96 loss 4.97 i_con 4.90 plddt 0.32 ptm 0.87 i_ptm 0.17
4 models [1] recycles 0 hard 0 soft 0 temp 0.94 loss 4.90 i_con 4.83 plddt 0.32 ptm 0.88 i_ptm 0.17
5 models [1] recycles 0 hard 0 soft 0 temp 0.92 loss 4.45 i_con 4.38 plddt 0.34 ptm 0.88 i_ptm 0.20
6 models [0] recycles 0 hard 0 soft 0 temp 0.90 loss 4.38 i_con 4.31 plddt 0.33 ptm 0.87 i_ptm 0.26
7 models [1] recycles 0 hard 0 soft 0 temp 0.88 loss 4.65 i_con 4.59 plddt 0.32 ptm 0.88 i_ptm 0.20
8 models [0] recycles 0 hard 0 soft 0 temp 0.86 loss 4.25 i_con 4.19 plddt 0.36 ptm 0.87 i_ptm 0.29
9 models [1] recycles 0 hard 0 soft 0 temp 0.84 loss 4.46 i_con 4.40 plddt 0.38 ptm 0.89 i_ptm 0.23
10 models [0] recycles 0 hard 0 soft 0 temp 0.82 loss 4.13 i_con 4.06 plddt 0.36 ptm 0.87 i_ptm 0.30
11 models [1] recycles 0 hard 0 soft 0 temp 0.80 loss 3.86 i_con 3.80 plddt 0.44 ptm 0.89 i_ptm 0.41
12 models [0] recycles 0 hard 0 soft 0 temp 0.78 loss 4.12 i_con 4.06 plddt 0.35 ptm 0.87 i_ptm 0.30
13 models [0] recycles 0 hard 0 soft 0 temp 0.76 loss 4.08 i_con 4.02 plddt 0.38 ptm 0.87 i_ptm 0.36
14 models [0] recycles 0 hard 0 soft 0 temp 0.74 loss 3.92 i_con 3.87 plddt 0.41 ptm 0.88 i_ptm 0.36
15 models [0] recycles 0 hard 0 soft 0 temp 0.72 loss 3.83 i_con 3.77 plddt 0.41 ptm 0.87 i_ptm 0.42
16 models [0] recycles 0 hard 0 soft 0 temp 0.70 loss 3.78 i_con 3.72 plddt 0.43 ptm 0.88 i_ptm 0.42
17 models [0] recycles 0 hard 0 soft 0 temp 0.68 loss 3.79 i_con 3.74 plddt 0.43 ptm 0.88 i_ptm 0.41
18 models [0] recycles 0 hard 0 soft 0 temp 0.66 loss 4.00 i_con 3.94 plddt 0.40 ptm 0.88 i_ptm 0.37
19 models [1] recycles 0 hard 0 soft 0 temp 0.64 loss 3.73 i_con 3.67 plddt 0.46 ptm 0.89 i_ptm 0.46
20 models [1] recycles 0 hard 0 soft 0 temp 0.62 loss 3.65 i_con 3.60 plddt 0.43 ptm 0.90 i_ptm 0.48
21 models [1] recycles 0 hard 0 soft 0 temp 0.60 loss 3.38 i_con 3.33 plddt 0.50 ptm 0.90 i_ptm 0.58
22 models [1] recycles 0 hard 0 soft 0 temp 0.58 loss 3.79 i_con 3.74 plddt 0.41 ptm 0.89 i_ptm 0.43
23 models [0] recycles 0 hard 0 soft 0 temp 0.56 loss 3.88 i_con 3.82 plddt 0.39 ptm 0.88 i_ptm 0.39
24 models [0] recycles 0 hard 0 soft 0 temp 0.54 loss 3.78 i_con 3.72 plddt 0.42 ptm 0.88 i_ptm 0.47
25 models [0] recycles 0 hard 0 soft 0 temp 0.52 loss 3.83 i_con 3.77 plddt 0.42 ptm 0.88 i_ptm 0.44
26 models [1] recycles 0 hard 0 soft 0 temp 0.50 loss 3.46 i_con 3.41 plddt 0.49 ptm 0.90 i_ptm 0.55
27 models [1] recycles 0 hard 0 soft 0 temp 0.48 loss 3.51 i_con 3.46 plddt 0.46 ptm 0.90 i_ptm 0.53
28 models [1] recycles 0 hard 0 soft 0 temp 0.46 loss 3.55 i_con 3.50 plddt 0.47 ptm 0.90 i_ptm 0.52
29 models [0] recycles 0 hard 0 soft 0 temp 0.44 loss 3.78 i_con 3.72 plddt 0.42 ptm 0.88 i_ptm 0.43
30 models [0] recycles 0 hard 0 soft 0 temp 0.42 loss 3.53 i_con 3.48 plddt 0.46 ptm 0.88 i_ptm 0.55
31 models [0] recycles 0 hard 0 soft 0 temp 0.40 loss 3.66 i_con 3.61 plddt 0.48 ptm 0.88 i_ptm 0.50
32 models [1] recycles 0 hard 0 soft 0 temp 0.38 loss 3.40 i_con 3.34 plddt 0.47 ptm 0.90 i_ptm 0.55
33 models [1] recycles 0 hard 0 soft 0 temp 0.36 loss 3.07 i_con 3.03 plddt 0.59 ptm 0.91 i_ptm 0.68
34 models [0] recycles 0 hard 0 soft 0 temp 0.34 loss 3.50 i_con 3.45 plddt 0.50 ptm 0.88 i_ptm 0.53
35 models [1] recycles 0 hard 0 soft 0 temp 0.32 loss 3.36 i_con 3.31 plddt 0.49 ptm 0.90 i_ptm 0.56
36 models [1] recycles 0 hard 0 soft 0 temp 0.30 loss 3.01 i_con 2.96 plddt 0.59 ptm 0.90 i_ptm 0.67
37 models [0] recycles 0 hard 0 soft 0 temp 0.28 loss 3.53 i_con 3.48 plddt 0.48 ptm 0.88 i_ptm 0.51
38 models [0] recycles 0 hard 0 soft 0 temp 0.26 loss 3.29 i_con 3.24 plddt 0.52 ptm 0.88 i_ptm 0.59
39 models [0] recycles 0 hard 0 soft 0 temp 0.24 loss 3.23 i_con 3.19 plddt 0.55 ptm 0.89 i_ptm 0.60
40 models [1] recycles 0 hard 0 soft 0 temp 0.22 loss 3.24 i_con 3.19 plddt 0.51 ptm 0.90 i_ptm 0.59
41 models [1] recycles 0 hard 0 soft 0 temp 0.20 loss 3.21 i_con 3.16 plddt 0.49 ptm 0.90 i_ptm 0.57
42 models [1] recycles 0 hard 0 soft 0 temp 0.18 loss 3.00 i_con 2.96 plddt 0.56 ptm 0.90 i_ptm 0.65
43 models [1] recycles 0 hard 0 soft 0 temp 0.16 loss 2.93 i_con 2.89 plddt 0.58 ptm 0.91 i_ptm 0.68
44 models [0] recycles 0 hard 0 soft 0 temp 0.14 loss 3.13 i_con 3.08 plddt 0.55 ptm 0.89 i_ptm 0.64
45 models [0] recycles 0 hard 0 soft 0 temp 0.12 loss 3.46 i_con 3.41 plddt 0.49 ptm 0.88 i_ptm 0.58
46 models [0] recycles 0 hard 0 soft 0 temp 0.10 loss 3.09 i_con 3.05 plddt 0.57 ptm 0.89 i_ptm 0.65
47 models [0] recycles 0 hard 0 soft 0 temp 0.08 loss 3.19 i_con 3.14 plddt 0.51 ptm 0.88 i_ptm 0.61
48 models [1] recycles 0 hard 0 soft 0 temp 0.06 loss 2.61 i_con 2.58 plddt 0.68 ptm 0.91 i_ptm 0.75
49 models [1] recycles 0 hard 0 soft 0 temp 0.04 loss 2.48 i_con 2.45 plddt 0.70 ptm 0.91 i_ptm 0.78
50 models [1] recycles 0 hard 0 soft 0 temp 0.02 loss 2.43 i_con 2.40 plddt 0.72 ptm 0.91 i_ptm 0.80
51 models [1] recycles 0 hard 1 soft 0 temp 0.00 loss 4.45 i_con 4.39 plddt 0.35 ptm 0.89 i_ptm 0.23
52 models [1] recycles 0 hard 1 soft 0 temp 0.00 loss 4.45 i_con 4.39 plddt 0.35 ptm 0.89 i_ptm 0.23
53 models [1] recycles 0 hard 1 soft 0 temp 0.00 loss 4.45 i_con 4.39 plddt 0.35 ptm 0.89 i_ptm 0.23
54 models [1] recycles 0 hard 1 soft 0 temp 0.00 loss 4.45 i_con 4.39 plddt 0.35 ptm 0.89 i_ptm 0.23
55 models [1] recycles 0 hard 1 soft 0 temp 0.00 loss 4.45 i_con 4.39 plddt 0.35 ptm 0.89 i_ptm 0.23
56 models [0] recycles 0 hard 1 soft 0 temp 0.00 loss 4.33 i_con 4.26 plddt 0.32 ptm 0.87 i_ptm 0.28
57 models [0] recycles 0 hard 1 soft 0 temp 0.00 loss 4.33 i_con 4.26 plddt 0.32 ptm 0.87 i_ptm 0.28
58 models [0] recycles 0 hard 1 soft 0 temp 0.00 loss 4.33 i_con 4.26 plddt 0.32 ptm 0.87 i_ptm 0.28
59 models [0] recycles 0 hard 1 soft 0 temp 0.00 loss 4.33 i_con 4.26 plddt 0.32 ptm 0.87 i_ptm 0.28
60 models [0] recycles 0 hard 1 soft 0 temp 0.00 loss 4.33 i_con 4.26 plddt 0.32 ptm 0.87 i_ptm 0.28
61 models [1] recycles 0 hard 1 soft 0 temp 0.00 loss 4.45 i_con 4.39 plddt 0.35 ptm 0.89 i_ptm 0.23
62 models [1] recycles 0 hard 1 soft 0 temp 0.00 loss 4.45 i_con 4.39 plddt 0.35 ptm 0.89 i_ptm 0.23
63 models [1] recycles 0 hard 1 soft 0 temp 0.00 loss 4.45 i_con 4.39 plddt 0.35 ptm 0.89 i_ptm 0.23
64 models [0] recycles 0 hard 1 soft 0 temp 0.00 loss 4.33 i_con 4.26 plddt 0.32 ptm 0.87 i_ptm 0.28
65 models [1] recycles 0 hard 1 soft 0 temp 0.00 loss 4.45 i_con 4.39 plddt 0.35 ptm 0.89 i_ptm 0.23
66 models [0] recycles 0 hard 1 soft 0 temp 0.00 loss 4.33 i_con 4.26 plddt 0.32 ptm 0.87 i_ptm 0.28
67 models [0] recycles 0 hard 1 soft 0 temp 0.00 loss 4.33 i_con 4.26 plddt 0.32 ptm 0.87 i_ptm 0.28
68 models [0] recycles 0 hard 1 soft 0 temp 0.00 loss 4.33 i_con 4.26 plddt 0.32 ptm 0.87 i_ptm 0.28
69 models [1] recycles 0 hard 1 soft 0 temp 0.00 loss 4.45 i_con 4.39 plddt 0.35 ptm 0.89 i_ptm 0.23
70 models [0] recycles 0 hard 1 soft 0 temp 0.00 loss 4.33 i_con 4.26 plddt 0.32 ptm 0.87 i_ptm 0.28
71 models [0] recycles 0 hard 1 soft 0 temp 0.00 loss 4.33 i_con 4.26 plddt 0.32 ptm 0.87 i_ptm 0.28
72 models [1] recycles 0 hard 1 soft 0 temp 0.00 loss 4.45 i_con 4.39 plddt 0.35 ptm 0.89 i_ptm 0.23
73 models [1] recycles 0 hard 1 soft 0 temp 0.00 loss 4.45 i_con 4.39 plddt 0.35 ptm 0.89 i_ptm 0.23
74 models [1] recycles 0 hard 1 soft 0 temp 0.00 loss 4.45 i_con 4.39 plddt 0.35 ptm 0.89 i_ptm 0.23
75 models [0] recycles 0 hard 1 soft 0 temp 0.00 loss 4.33 i_con 4.26 plddt 0.32 ptm 0.87 i_ptm 0.28
76 models [0] recycles 0 hard 1 soft 0 temp 0.00 loss 4.33 i_con 4.26 plddt 0.32 ptm 0.87 i_ptm 0.28
77 models [0] recycles 0 hard 1 soft 0 temp 0.00 loss 4.33 i_con 4.26 plddt 0.32 ptm 0.87 i_ptm 0.28
78 models [0] recycles 0 hard 1 soft 0 temp 0.00 loss 4.33 i_con 4.26 plddt 0.32 ptm 0.87 i_ptm 0.28
79 models [1] recycles 0 hard 1 soft 0 temp 0.00 loss 4.45 i_con 4.39 plddt 0.35 ptm 0.89 i_ptm 0.23
80 models [1] recycles 0 hard 1 soft 0 temp 0.00 loss 4.45 i_con 4.39 plddt 0.35 ptm 0.89 i_ptm 0.23
  → seq=YVVGVFDHFARKEVL  loss=4.4534  loss_af=4.4534  energy=4.9125  i_ptm=0.2330
[8/20] input=YVCNVYDHFARKEVL  seed=3 ...
1 models [1] recycles 0 hard 0 soft 0 temp 1 loss 5.91 i_con 5.85 plddt 0.36 ptm 0.88 i_ptm 0.13
2 models [1] recycles 0 hard 0 soft 0 temp 0.98 loss 5.15 i_con 5.08 plddt 0.33 ptm 0.88 i_ptm 0.12
3 models [0] recycles 0 hard 0 soft 0 temp 0.96 loss 4.72 i_con 4.65 plddt 0.29 ptm 0.87 i_ptm 0.19
4 models [0] recycles 0 hard 0 soft 0 temp 0.94 loss 4.35 i_con 4.28 plddt 0.33 ptm 0.87 i_ptm 0.25
5 models [1] recycles 0 hard 0 soft 0 temp 0.92 loss 4.65 i_con 4.59 plddt 0.34 ptm 0.89 i_ptm 0.20
6 models [1] recycles 0 hard 0 soft 0 temp 0.90 loss 4.50 i_con 4.43 plddt 0.38 ptm 0.89 i_ptm 0.21
7 models [1] recycles 0 hard 0 soft 0 temp 0.88 loss 4.51 i_con 4.44 plddt 0.33 ptm 0.88 i_ptm 0.22
8 models [0] recycles 0 hard 0 soft 0 temp 0.86 loss 4.16 i_con 4.09 plddt 0.33 ptm 0.87 i_ptm 0.29
9 models [0] recycles 0 hard 0 soft 0 temp 0.84 loss 4.06 i_con 3.99 plddt 0.35 ptm 0.87 i_ptm 0.34
10 models [0] recycles 0 hard 0 soft 0 temp 0.82 loss 4.08 i_con 4.01 plddt 0.33 ptm 0.88 i_ptm 0.33
11 models [1] recycles 0 hard 0 soft 0 temp 0.80 loss 3.98 i_con 3.92 plddt 0.36 ptm 0.89 i_ptm 0.34
12 models [0] recycles 0 hard 0 soft 0 temp 0.78 loss 4.03 i_con 3.96 plddt 0.34 ptm 0.87 i_ptm 0.33
13 models [0] recycles 0 hard 0 soft 0 temp 0.76 loss 3.97 i_con 3.91 plddt 0.34 ptm 0.88 i_ptm 0.35
14 models [0] recycles 0 hard 0 soft 0 temp 0.74 loss 4.07 i_con 4.00 plddt 0.34 ptm 0.87 i_ptm 0.31
15 models [1] recycles 0 hard 0 soft 0 temp 0.72 loss 4.07 i_con 4.00 plddt 0.34 ptm 0.89 i_ptm 0.31
16 models [0] recycles 0 hard 0 soft 0 temp 0.70 loss 3.70 i_con 3.65 plddt 0.43 ptm 0.88 i_ptm 0.48
17 models [0] recycles 0 hard 0 soft 0 temp 0.68 loss 3.91 i_con 3.85 plddt 0.39 ptm 0.88 i_ptm 0.42
18 models [1] recycles 0 hard 0 soft 0 temp 0.66 loss 3.90 i_con 3.84 plddt 0.39 ptm 0.89 i_ptm 0.39
19 models [1] recycles 0 hard 0 soft 0 temp 0.64 loss 3.57 i_con 3.51 plddt 0.46 ptm 0.90 i_ptm 0.54
20 models [1] recycles 0 hard 0 soft 0 temp 0.62 loss 3.48 i_con 3.43 plddt 0.50 ptm 0.90 i_ptm 0.60
21 models [1] recycles 0 hard 0 soft 0 temp 0.60 loss 2.92 i_con 2.88 plddt 0.61 ptm 0.91 i_ptm 0.71
22 models [0] recycles 0 hard 0 soft 0 temp 0.58 loss 3.56 i_con 3.51 plddt 0.42 ptm 0.88 i_ptm 0.51
23 models [0] recycles 0 hard 0 soft 0 temp 0.56 loss 3.51 i_con 3.45 plddt 0.43 ptm 0.88 i_ptm 0.48
24 models [1] recycles 0 hard 0 soft 0 temp 0.54 loss 3.91 i_con 3.85 plddt 0.36 ptm 0.89 i_ptm 0.39
25 models [1] recycles 0 hard 0 soft 0 temp 0.52 loss 3.48 i_con 3.43 plddt 0.48 ptm 0.90 i_ptm 0.57
26 models [1] recycles 0 hard 0 soft 0 temp 0.50 loss 3.45 i_con 3.40 plddt 0.51 ptm 0.90 i_ptm 0.59
27 models [0] recycles 0 hard 0 soft 0 temp 0.48 loss 3.74 i_con 3.68 plddt 0.41 ptm 0.88 i_ptm 0.45
28 models [1] recycles 0 hard 0 soft 0 temp 0.46 loss 2.58 i_con 2.54 plddt 0.66 ptm 0.91 i_ptm 0.76
29 models [1] recycles 0 hard 0 soft 0 temp 0.44 loss 3.02 i_con 2.98 plddt 0.55 ptm 0.91 i_ptm 0.66
30 models [1] recycles 0 hard 0 soft 0 temp 0.42 loss 2.67 i_con 2.64 plddt 0.63 ptm 0.91 i_ptm 0.73
31 models [1] recycles 0 hard 0 soft 0 temp 0.40 loss 2.62 i_con 2.59 plddt 0.62 ptm 0.91 i_ptm 0.74
32 models [0] recycles 0 hard 0 soft 0 temp 0.38 loss 3.31 i_con 3.25 plddt 0.47 ptm 0.88 i_ptm 0.54
33 models [1] recycles 0 hard 0 soft 0 temp 0.36 loss 2.61 i_con 2.57 plddt 0.64 ptm 0.91 i_ptm 0.78
34 models [0] recycles 0 hard 0 soft 0 temp 0.34 loss 2.69 i_con 2.64 plddt 0.54 ptm 0.89 i_ptm 0.60
35 models [0] recycles 0 hard 0 soft 0 temp 0.32 loss 2.80 i_con 2.76 plddt 0.59 ptm 0.89 i_ptm 0.71
36 models [1] recycles 0 hard 0 soft 0 temp 0.30 loss 2.49 i_con 2.46 plddt 0.70 ptm 0.91 i_ptm 0.80
37 models [0] recycles 0 hard 0 soft 0 temp 0.28 loss 2.77 i_con 2.72 plddt 0.55 ptm 0.89 i_ptm 0.67
38 models [1] recycles 0 hard 0 soft 0 temp 0.26 loss 2.20 i_con 2.18 plddt 0.77 ptm 0.92 i_ptm 0.86
39 models [1] recycles 0 hard 0 soft 0 temp 0.24 loss 2.10 i_con 2.07 plddt 0.77 ptm 0.92 i_ptm 0.86
40 models [0] recycles 0 hard 0 soft 0 temp 0.22 loss 2.52 i_con 2.48 plddt 0.62 ptm 0.89 i_ptm 0.70
41 models [0] recycles 0 hard 0 soft 0 temp 0.20 loss 2.59 i_con 2.55 plddt 0.60 ptm 0.89 i_ptm 0.69
42 models [1] recycles 0 hard 0 soft 0 temp 0.18 loss 2.10 i_con 2.08 plddt 0.80 ptm 0.92 i_ptm 0.87
43 models [1] recycles 0 hard 0 soft 0 temp 0.16 loss 1.96 i_con 1.94 plddt 0.82 ptm 0.92 i_ptm 0.88
44 models [0] recycles 0 hard 0 soft 0 temp 0.14 loss 2.36 i_con 2.33 plddt 0.68 ptm 0.89 i_ptm 0.77
45 models [1] recycles 0 hard 0 soft 0 temp 0.12 loss 1.86 i_con 1.85 plddt 0.85 ptm 0.92 i_ptm 0.89
46 models [0] recycles 0 hard 0 soft 0 temp 0.10 loss 2.26 i_con 2.23 plddt 0.72 ptm 0.90 i_ptm 0.80
47 models [1] recycles 0 hard 0 soft 0 temp 0.08 loss 2.19 i_con 2.17 plddt 0.76 ptm 0.92 i_ptm 0.84
48 models [0] recycles 0 hard 0 soft 0 temp 0.06 loss 2.41 i_con 2.38 plddt 0.70 ptm 0.89 i_ptm 0.79
49 models [0] recycles 0 hard 0 soft 0 temp 0.04 loss 2.20 i_con 2.18 plddt 0.77 ptm 0.90 i_ptm 0.84
50 models [0] recycles 0 hard 0 soft 0 temp 0.02 loss 2.42 i_con 2.38 plddt 0.69 ptm 0.90 i_ptm 0.78
51 models [0] recycles 0 hard 1 soft 0 temp 0.00 loss 4.79 i_con 4.72 plddt 0.26 ptm 0.87 i_ptm 0.14
52 models [1] recycles 0 hard 1 soft 0 temp 0.00 loss 4.51 i_con 4.44 plddt 0.33 ptm 0.89 i_ptm 0.24
53 models [0] recycles 0 hard 1 soft 0 temp 0.00 loss 4.79 i_con 4.72 plddt 0.26 ptm 0.87 i_ptm 0.14
54 models [1] recycles 0 hard 1 soft 0 temp 0.00 loss 4.51 i_con 4.44 plddt 0.33 ptm 0.89 i_ptm 0.24
55 models [1] recycles 0 hard 1 soft 0 temp 0.00 loss 4.51 i_con 4.44 plddt 0.33 ptm 0.89 i_ptm 0.24
56 models [0] recycles 0 hard 1 soft 0 temp 0.00 loss 4.79 i_con 4.72 plddt 0.26 ptm 0.87 i_ptm 0.14
57 models [0] recycles 0 hard 1 soft 0 temp 0.00 loss 4.79 i_con 4.72 plddt 0.26 ptm 0.87 i_ptm 0.14
58 models [0] recycles 0 hard 1 soft 0 temp 0.00 loss 4.79 i_con 4.72 plddt 0.26 ptm 0.87 i_ptm 0.14
59 models [1] recycles 0 hard 1 soft 0 temp 0.00 loss 4.51 i_con 4.44 plddt 0.33 ptm 0.89 i_ptm 0.24
60 models [1] recycles 0 hard 1 soft 0 temp 0.00 loss 4.51 i_con 4.44 plddt 0.33 ptm 0.89 i_ptm 0.24
61 models [1] recycles 0 hard 1 soft 0 temp 0.00 loss 4.51 i_con 4.44 plddt 0.33 ptm 0.89 i_ptm 0.24
62 models [0] recycles 0 hard 1 soft 0 temp 0.00 loss 4.79 i_con 4.72 plddt 0.26 ptm 0.87 i_ptm 0.14
63 models [1] recycles 0 hard 1 soft 0 temp 0.00 loss 4.51 i_con 4.44 plddt 0.33 ptm 0.89 i_ptm 0.24
64 models [1] recycles 0 hard 1 soft 0 temp 0.00 loss 4.51 i_con 4.44 plddt 0.33 ptm 0.89 i_ptm 0.24
65 models [1] recycles 0 hard 1 soft 0 temp 0.00 loss 4.51 i_con 4.44 plddt 0.33 ptm 0.89 i_ptm 0.24
66 models [0] recycles 0 hard 1 soft 0 temp 0.00 loss 4.79 i_con 4.72 plddt 0.26 ptm 0.87 i_ptm 0.14
67 models [1] recycles 0 hard 1 soft 0 temp 0.00 loss 4.51 i_con 4.44 plddt 0.33 ptm 0.89 i_ptm 0.24
68 models [1] recycles 0 hard 1 soft 0 temp 0.00 loss 4.51 i_con 4.44 plddt 0.33 ptm 0.89 i_ptm 0.24
69 models [0] recycles 0 hard 1 soft 0 temp 0.00 loss 4.79 i_con 4.72 plddt 0.26 ptm 0.87 i_ptm 0.14
70 models [0] recycles 0 hard 1 soft 0 temp 0.00 loss 4.79 i_con 4.72 plddt 0.26 ptm 0.87 i_ptm 0.14
71 models [1] recycles 0 hard 1 soft 0 temp 0.00 loss 4.51 i_con 4.44 plddt 0.33 ptm 0.89 i_ptm 0.24
72 models [1] recycles 0 hard 1 soft 0 temp 0.00 loss 4.51 i_con 4.44 plddt 0.33 ptm 0.89 i_ptm 0.24
73 models [0] recycles 0 hard 1 soft 0 temp 0.00 loss 4.79 i_con 4.72 plddt 0.26 ptm 0.87 i_ptm 0.14
74 models [0] recycles 0 hard 1 soft 0 temp 0.00 loss 4.79 i_con 4.72 plddt 0.26 ptm 0.87 i_ptm 0.14
75 models [0] recycles 0 hard 1 soft 0 temp 0.00 loss 4.79 i_con 4.72 plddt 0.26 ptm 0.87 i_ptm 0.14
76 models [1] recycles 0 hard 1 soft 0 temp 0.00 loss 4.51 i_con 4.44 plddt 0.33 ptm 0.89 i_ptm 0.24
77 models [0] recycles 0 hard 1 soft 0 temp 0.00 loss 4.79 i_con 4.72 plddt 0.26 ptm 0.87 i_ptm 0.14
78 models [0] recycles 0 hard 1 soft 0 temp 0.00 loss 4.79 i_con 4.72 plddt 0.26 ptm 0.87 i_ptm 0.14
79 models [0] recycles 0 hard 1 soft 0 temp 0.00 loss 4.79 i_con 4.72 plddt 0.26 ptm 0.87 i_ptm 0.14
80 models [0] recycles 0 hard 1 soft 0 temp 0.00 loss 4.79 i_con 4.72 plddt 0.26 ptm 0.87 i_ptm 0.14
  → seq=FVCNVYDLFARAEVL  loss=4.7914  loss_af=4.7914  energy=1.7479  i_ptm=0.1412
[9/20] input=YHPQVEGSPEMKKCL  seed=0 ...
1 models [1] recycles 0 hard 0 soft 0 temp 1 loss 6.59 i_con 6.53 plddt 0.40 ptm 0.88 i_ptm 0.10
2 models [0] recycles 0 hard 0 soft 0 temp 0.98 loss 6.43 i_con 6.36 plddt 0.35 ptm 0.87 i_ptm 0.20
3 models [0] recycles 0 hard 0 soft 0 temp 0.96 loss 6.31 i_con 6.25 plddt 0.35 ptm 0.87 i_ptm 0.18
4 models [1] recycles 0 hard 0 soft 0 temp 0.94 loss 6.48 i_con 6.43 plddt 0.45 ptm 0.88 i_ptm 0.12
5 models [0] recycles 0 hard 0 soft 0 temp 0.92 loss 6.25 i_con 6.18 plddt 0.34 ptm 0.87 i_ptm 0.16
6 models [0] recycles 0 hard 0 soft 0 temp 0.90 loss 5.53 i_con 5.46 plddt 0.36 ptm 0.87 i_ptm 0.14
7 models [0] recycles 0 hard 0 soft 0 temp 0.88 loss 4.70 i_con 4.63 plddt 0.35 ptm 0.87 i_ptm 0.16
8 models [0] recycles 0 hard 0 soft 0 temp 0.86 loss 4.95 i_con 4.88 plddt 0.33 ptm 0.87 i_ptm 0.14
9 models [0] recycles 0 hard 0 soft 0 temp 0.84 loss 4.93 i_con 4.86 plddt 0.30 ptm 0.87 i_ptm 0.14
10 models [0] recycles 0 hard 0 soft 0 temp 0.82 loss 5.47 i_con 5.41 plddt 0.34 ptm 0.87 i_ptm 0.13
11 models [0] recycles 0 hard 0 soft 0 temp 0.80 loss 4.92 i_con 4.85 plddt 0.33 ptm 0.87 i_ptm 0.14
12 models [1] recycles 0 hard 0 soft 0 temp 0.78 loss 4.79 i_con 4.72 plddt 0.34 ptm 0.88 i_ptm 0.12
13 models [1] recycles 0 hard 0 soft 0 temp 0.76 loss 4.75 i_con 4.69 plddt 0.36 ptm 0.88 i_ptm 0.14
14 models [0] recycles 0 hard 0 soft 0 temp 0.74 loss 4.70 i_con 4.63 plddt 0.31 ptm 0.87 i_ptm 0.17
15 models [1] recycles 0 hard 0 soft 0 temp 0.72 loss 4.38 i_con 4.31 plddt 0.35 ptm 0.89 i_ptm 0.18
16 models [1] recycles 0 hard 0 soft 0 temp 0.70 loss 4.54 i_con 4.47 plddt 0.34 ptm 0.88 i_ptm 0.17
17 models [1] recycles 0 hard 0 soft 0 temp 0.68 loss 4.48 i_con 4.41 plddt 0.36 ptm 0.89 i_ptm 0.17
18 models [1] recycles 0 hard 0 soft 0 temp 0.66 loss 4.60 i_con 4.54 plddt 0.32 ptm 0.88 i_ptm 0.15
19 models [1] recycles 0 hard 0 soft 0 temp 0.64 loss 4.50 i_con 4.44 plddt 0.34 ptm 0.89 i_ptm 0.16
20 models [0] recycles 0 hard 0 soft 0 temp 0.62 loss 4.46 i_con 4.39 plddt 0.32 ptm 0.87 i_ptm 0.19
21 models [1] recycles 0 hard 0 soft 0 temp 0.60 loss 4.53 i_con 4.47 plddt 0.36 ptm 0.89 i_ptm 0.18
22 models [0] recycles 0 hard 0 soft 0 temp 0.58 loss 4.16 i_con 4.10 plddt 0.33 ptm 0.87 i_ptm 0.22
23 models [0] recycles 0 hard 0 soft 0 temp 0.56 loss 4.26 i_con 4.19 plddt 0.36 ptm 0.87 i_ptm 0.19
24 models [1] recycles 0 hard 0 soft 0 temp 0.54 loss 4.23 i_con 4.16 plddt 0.34 ptm 0.89 i_ptm 0.22
25 models [1] recycles 0 hard 0 soft 0 temp 0.52 loss 3.98 i_con 3.92 plddt 0.37 ptm 0.89 i_ptm 0.31
26 models [0] recycles 0 hard 0 soft 0 temp 0.50 loss 4.04 i_con 3.98 plddt 0.33 ptm 0.87 i_ptm 0.26
27 models [0] recycles 0 hard 0 soft 0 temp 0.48 loss 3.96 i_con 3.90 plddt 0.37 ptm 0.87 i_ptm 0.27
28 models [0] recycles 0 hard 0 soft 0 temp 0.46 loss 4.00 i_con 3.94 plddt 0.38 ptm 0.87 i_ptm 0.27
29 models [0] recycles 0 hard 0 soft 0 temp 0.44 loss 3.94 i_con 3.88 plddt 0.35 ptm 0.87 i_ptm 0.31
30 models [1] recycles 0 hard 0 soft 0 temp 0.42 loss 3.86 i_con 3.80 plddt 0.39 ptm 0.89 i_ptm 0.37
31 models [0] recycles 0 hard 0 soft 0 temp 0.40 loss 3.80 i_con 3.74 plddt 0.36 ptm 0.87 i_ptm 0.32
32 models [1] recycles 0 hard 0 soft 0 temp 0.38 loss 3.82 i_con 3.75 plddt 0.37 ptm 0.89 i_ptm 0.35
33 models [0] recycles 0 hard 0 soft 0 temp 0.36 loss 3.92 i_con 3.86 plddt 0.38 ptm 0.87 i_ptm 0.27
34 models [1] recycles 0 hard 0 soft 0 temp 0.34 loss 3.83 i_con 3.77 plddt 0.41 ptm 0.89 i_ptm 0.36
35 models [0] recycles 0 hard 0 soft 0 temp 0.32 loss 3.75 i_con 3.69 plddt 0.41 ptm 0.88 i_ptm 0.35
36 models [0] recycles 0 hard 0 soft 0 temp 0.30 loss 3.64 i_con 3.58 plddt 0.40 ptm 0.88 i_ptm 0.38
37 models [1] recycles 0 hard 0 soft 0 temp 0.28 loss 3.84 i_con 3.78 plddt 0.40 ptm 0.89 i_ptm 0.37
38 models [0] recycles 0 hard 0 soft 0 temp 0.26 loss 3.59 i_con 3.53 plddt 0.41 ptm 0.88 i_ptm 0.42
39 models [0] recycles 0 hard 0 soft 0 temp 0.24 loss 3.51 i_con 3.45 plddt 0.42 ptm 0.88 i_ptm 0.45
40 models [1] recycles 0 hard 0 soft 0 temp 0.22 loss 3.58 i_con 3.53 plddt 0.45 ptm 0.90 i_ptm 0.44
41 models [1] recycles 0 hard 0 soft 0 temp 0.20 loss 3.33 i_con 3.28 plddt 0.47 ptm 0.90 i_ptm 0.49
42 models [0] recycles 0 hard 0 soft 0 temp 0.18 loss 3.46 i_con 3.41 plddt 0.43 ptm 0.88 i_ptm 0.45
43 models [1] recycles 0 hard 0 soft 0 temp 0.16 loss 3.12 i_con 3.07 plddt 0.48 ptm 0.90 i_ptm 0.52
44 models [0] recycles 0 hard 0 soft 0 temp 0.14 loss 3.60 i_con 3.54 plddt 0.40 ptm 0.88 i_ptm 0.39
45 models [0] recycles 0 hard 0 soft 0 temp 0.12 loss 3.58 i_con 3.52 plddt 0.40 ptm 0.88 i_ptm 0.41
46 models [0] recycles 0 hard 0 soft 0 temp 0.10 loss 3.54 i_con 3.48 plddt 0.43 ptm 0.88 i_ptm 0.45
47 models [0] recycles 0 hard 0 soft 0 temp 0.08 loss 3.35 i_con 3.30 plddt 0.46 ptm 0.88 i_ptm 0.48
48 models [0] recycles 0 hard 0 soft 0 temp 0.06 loss 3.45 i_con 3.40 plddt 0.45 ptm 0.88 i_ptm 0.47
49 models [1] recycles 0 hard 0 soft 0 temp 0.04 loss 3.02 i_con 2.97 plddt 0.48 ptm 0.90 i_ptm 0.55
50 models [0] recycles 0 hard 0 soft 0 temp 0.02 loss 3.27 i_con 3.22 plddt 0.47 ptm 0.88 i_ptm 0.50
51 models [1] recycles 0 hard 1 soft 0 temp 0.00 loss 4.71 i_con 4.64 plddt 0.29 ptm 0.89 i_ptm 0.13
52 models [0] recycles 0 hard 1 soft 0 temp 0.00 loss 4.44 i_con 4.37 plddt 0.29 ptm 0.87 i_ptm 0.19
53 models [0] recycles 0 hard 1 soft 0 temp 0.00 loss 4.44 i_con 4.37 plddt 0.29 ptm 0.87 i_ptm 0.19
54 models [0] recycles 0 hard 1 soft 0 temp 0.00 loss 4.44 i_con 4.37 plddt 0.29 ptm 0.87 i_ptm 0.19
55 models [0] recycles 0 hard 1 soft 0 temp 0.00 loss 4.44 i_con 4.37 plddt 0.29 ptm 0.87 i_ptm 0.19
56 models [1] recycles 0 hard 1 soft 0 temp 0.00 loss 4.71 i_con 4.64 plddt 0.29 ptm 0.89 i_ptm 0.13
57 models [0] recycles 0 hard 1 soft 0 temp 0.00 loss 4.44 i_con 4.37 plddt 0.29 ptm 0.87 i_ptm 0.19
58 models [1] recycles 0 hard 1 soft 0 temp 0.00 loss 4.71 i_con 4.64 plddt 0.29 ptm 0.89 i_ptm 0.13
59 models [1] recycles 0 hard 1 soft 0 temp 0.00 loss 4.71 i_con 4.64 plddt 0.29 ptm 0.89 i_ptm 0.13
60 models [0] recycles 0 hard 1 soft 0 temp 0.00 loss 4.44 i_con 4.37 plddt 0.29 ptm 0.87 i_ptm 0.19
61 models [0] recycles 0 hard 1 soft 0 temp 0.00 loss 4.44 i_con 4.37 plddt 0.29 ptm 0.87 i_ptm 0.19
62 models [1] recycles 0 hard 1 soft 0 temp 0.00 loss 4.71 i_con 4.64 plddt 0.29 ptm 0.89 i_ptm 0.13
63 models [0] recycles 0 hard 1 soft 0 temp 0.00 loss 4.44 i_con 4.37 plddt 0.29 ptm 0.87 i_ptm 0.19
64 models [1] recycles 0 hard 1 soft 0 temp 0.00 loss 4.71 i_con 4.64 plddt 0.29 ptm 0.89 i_ptm 0.13
65 models [0] recycles 0 hard 1 soft 0 temp 0.00 loss 4.44 i_con 4.37 plddt 0.29 ptm 0.87 i_ptm 0.19
66 models [1] recycles 0 hard 1 soft 0 temp 0.00 loss 4.71 i_con 4.64 plddt 0.29 ptm 0.89 i_ptm 0.13
67 models [1] recycles 0 hard 1 soft 0 temp 0.00 loss 4.71 i_con 4.64 plddt 0.29 ptm 0.89 i_ptm 0.13
68 models [1] recycles 0 hard 1 soft 0 temp 0.00 loss 4.71 i_con 4.64 plddt 0.29 ptm 0.89 i_ptm 0.13
69 models [1] recycles 0 hard 1 soft 0 temp 0.00 loss 4.71 i_con 4.64 plddt 0.29 ptm 0.89 i_ptm 0.13
70 models [1] recycles 0 hard 1 soft 0 temp 0.00 loss 4.71 i_con 4.64 plddt 0.29 ptm 0.89 i_ptm 0.13
71 models [0] recycles 0 hard 1 soft 0 temp 0.00 loss 4.44 i_con 4.37 plddt 0.29 ptm 0.87 i_ptm 0.19
72 models [0] recycles 0 hard 1 soft 0 temp 0.00 loss 4.44 i_con 4.37 plddt 0.29 ptm 0.87 i_ptm 0.19
73 models [1] recycles 0 hard 1 soft 0 temp 0.00 loss 4.71 i_con 4.64 plddt 0.29 ptm 0.89 i_ptm 0.13
74 models [1] recycles 0 hard 1 soft 0 temp 0.00 loss 4.71 i_con 4.64 plddt 0.29 ptm 0.89 i_ptm 0.13
75 models [1] recycles 0 hard 1 soft 0 temp 0.00 loss 4.71 i_con 4.64 plddt 0.29 ptm 0.89 i_ptm 0.13
76 models [0] recycles 0 hard 1 soft 0 temp 0.00 loss 4.44 i_con 4.37 plddt 0.29 ptm 0.87 i_ptm 0.19
77 models [0] recycles 0 hard 1 soft 0 temp 0.00 loss 4.44 i_con 4.37 plddt 0.29 ptm 0.87 i_ptm 0.19
78 models [1] recycles 0 hard 1 soft 0 temp 0.00 loss 4.71 i_con 4.64 plddt 0.29 ptm 0.89 i_ptm 0.13
79 models [0] recycles 0 hard 1 soft 0 temp 0.00 loss 4.44 i_con 4.37 plddt 0.29 ptm 0.87 i_ptm 0.19
80 models [1] recycles 0 hard 1 soft 0 temp 0.00 loss 4.71 i_con 4.64 plddt 0.29 ptm 0.89 i_ptm 0.13
  → seq=YHPQVEGSPELWMCL  loss=4.7110  loss_af=4.7110  energy=-0.8045  i_ptm=0.1313
[10/20] input=YHPQVEGSPEMKKCL  seed=1 ...
1 models [0] recycles 0 hard 0 soft 0 temp 1 loss 6.82 i_con 6.76 plddt 0.35 ptm 0.87 i_ptm 0.26
2 models [0] recycles 0 hard 0 soft 0 temp 0.98 loss 6.27 i_con 6.20 plddt 0.35 ptm 0.86 i_ptm 0.16
3 models [1] recycles 0 hard 0 soft 0 temp 0.96 loss 6.42 i_con 6.37 plddt 0.44 ptm 0.88 i_ptm 0.12
4 models [1] recycles 0 hard 0 soft 0 temp 0.94 loss 6.27 i_con 6.21 plddt 0.42 ptm 0.88 i_ptm 0.11
5 models [0] recycles 0 hard 0 soft 0 temp 0.92 loss 5.50 i_con 5.44 plddt 0.37 ptm 0.87 i_ptm 0.13
6 models [0] recycles 0 hard 0 soft 0 temp 0.90 loss 5.63 i_con 5.57 plddt 0.34 ptm 0.87 i_ptm 0.14
7 models [0] recycles 0 hard 0 soft 0 temp 0.88 loss 5.10 i_con 5.03 plddt 0.31 ptm 0.87 i_ptm 0.16
8 models [0] recycles 0 hard 0 soft 0 temp 0.86 loss 5.46 i_con 5.39 plddt 0.34 ptm 0.87 i_ptm 0.15
9 models [0] recycles 0 hard 0 soft 0 temp 0.84 loss 5.51 i_con 5.45 plddt 0.38 ptm 0.87 i_ptm 0.12
10 models [1] recycles 0 hard 0 soft 0 temp 0.82 loss 5.28 i_con 5.22 plddt 0.40 ptm 0.88 i_ptm 0.10
11 models [1] recycles 0 hard 0 soft 0 temp 0.80 loss 5.14 i_con 5.08 plddt 0.39 ptm 0.88 i_ptm 0.10
12 models [0] recycles 0 hard 0 soft 0 temp 0.78 loss 5.09 i_con 5.03 plddt 0.35 ptm 0.87 i_ptm 0.15
13 models [1] recycles 0 hard 0 soft 0 temp 0.76 loss 5.26 i_con 5.20 plddt 0.40 ptm 0.88 i_ptm 0.11
14 models [0] recycles 0 hard 0 soft 0 temp 0.74 loss 5.32 i_con 5.26 plddt 0.34 ptm 0.87 i_ptm 0.13
15 models [0] recycles 0 hard 0 soft 0 temp 0.72 loss 4.91 i_con 4.85 plddt 0.33 ptm 0.87 i_ptm 0.16
16 models [1] recycles 0 hard 0 soft 0 temp 0.70 loss 4.91 i_con 4.85 plddt 0.39 ptm 0.88 i_ptm 0.12
17 models [1] recycles 0 hard 0 soft 0 temp 0.68 loss 4.45 i_con 4.38 plddt 0.33 ptm 0.88 i_ptm 0.18
18 models [0] recycles 0 hard 0 soft 0 temp 0.66 loss 4.38 i_con 4.31 plddt 0.32 ptm 0.87 i_ptm 0.20
19 models [1] recycles 0 hard 0 soft 0 temp 0.64 loss 4.62 i_con 4.55 plddt 0.34 ptm 0.89 i_ptm 0.16
20 models [1] recycles 0 hard 0 soft 0 temp 0.62 loss 4.29 i_con 4.22 plddt 0.33 ptm 0.89 i_ptm 0.19
21 models [1] recycles 0 hard 0 soft 0 temp 0.60 loss 4.23 i_con 4.16 plddt 0.34 ptm 0.89 i_ptm 0.21
22 models [0] recycles 0 hard 0 soft 0 temp 0.58 loss 4.11 i_con 4.05 plddt 0.33 ptm 0.87 i_ptm 0.24
23 models [1] recycles 0 hard 0 soft 0 temp 0.56 loss 4.12 i_con 4.06 plddt 0.34 ptm 0.89 i_ptm 0.23
24 models [1] recycles 0 hard 0 soft 0 temp 0.54 loss 4.13 i_con 4.06 plddt 0.32 ptm 0.89 i_ptm 0.23
25 models [0] recycles 0 hard 0 soft 0 temp 0.52 loss 4.12 i_con 4.05 plddt 0.31 ptm 0.87 i_ptm 0.23
26 models [1] recycles 0 hard 0 soft 0 temp 0.50 loss 4.06 i_con 4.00 plddt 0.34 ptm 0.89 i_ptm 0.25
27 models [1] recycles 0 hard 0 soft 0 temp 0.48 loss 3.99 i_con 3.93 plddt 0.36 ptm 0.88 i_ptm 0.28
28 models [1] recycles 0 hard 0 soft 0 temp 0.46 loss 3.98 i_con 3.91 plddt 0.33 ptm 0.89 i_ptm 0.26
29 models [0] recycles 0 hard 0 soft 0 temp 0.44 loss 3.91 i_con 3.84 plddt 0.36 ptm 0.87 i_ptm 0.26
30 models [1] recycles 0 hard 0 soft 0 temp 0.42 loss 3.92 i_con 3.86 plddt 0.38 ptm 0.89 i_ptm 0.30
31 models [1] recycles 0 hard 0 soft 0 temp 0.40 loss 4.12 i_con 4.05 plddt 0.35 ptm 0.89 i_ptm 0.26
32 models [1] recycles 0 hard 0 soft 0 temp 0.38 loss 3.97 i_con 3.90 plddt 0.38 ptm 0.89 i_ptm 0.28
33 models [0] recycles 0 hard 0 soft 0 temp 0.36 loss 4.05 i_con 3.99 plddt 0.35 ptm 0.87 i_ptm 0.25
34 models [0] recycles 0 hard 0 soft 0 temp 0.34 loss 3.93 i_con 3.87 plddt 0.36 ptm 0.87 i_ptm 0.26
35 models [0] recycles 0 hard 0 soft 0 temp 0.32 loss 3.94 i_con 3.87 plddt 0.35 ptm 0.87 i_ptm 0.26
36 models [0] recycles 0 hard 0 soft 0 temp 0.30 loss 3.96 i_con 3.89 plddt 0.34 ptm 0.87 i_ptm 0.25
37 models [0] recycles 0 hard 0 soft 0 temp 0.28 loss 3.83 i_con 3.77 plddt 0.36 ptm 0.87 i_ptm 0.29
38 models [1] recycles 0 hard 0 soft 0 temp 0.26 loss 3.93 i_con 3.87 plddt 0.35 ptm 0.89 i_ptm 0.29
39 models [1] recycles 0 hard 0 soft 0 temp 0.24 loss 3.83 i_con 3.77 plddt 0.38 ptm 0.89 i_ptm 0.30
40 models [1] recycles 0 hard 0 soft 0 temp 0.22 loss 3.85 i_con 3.78 plddt 0.37 ptm 0.89 i_ptm 0.31
41 models [0] recycles 0 hard 0 soft 0 temp 0.20 loss 3.84 i_con 3.78 plddt 0.36 ptm 0.88 i_ptm 0.30
42 models [0] recycles 0 hard 0 soft 0 temp 0.18 loss 3.90 i_con 3.84 plddt 0.36 ptm 0.87 i_ptm 0.28
43 models [0] recycles 0 hard 0 soft 0 temp 0.16 loss 3.84 i_con 3.78 plddt 0.38 ptm 0.87 i_ptm 0.29
44 models [0] recycles 0 hard 0 soft 0 temp 0.14 loss 3.78 i_con 3.72 plddt 0.39 ptm 0.87 i_ptm 0.30
45 models [0] recycles 0 hard 0 soft 0 temp 0.12 loss 3.90 i_con 3.83 plddt 0.37 ptm 0.87 i_ptm 0.29
46 models [0] recycles 0 hard 0 soft 0 temp 0.10 loss 3.70 i_con 3.64 plddt 0.39 ptm 0.87 i_ptm 0.32
47 models [1] recycles 0 hard 0 soft 0 temp 0.08 loss 3.84 i_con 3.78 plddt 0.36 ptm 0.89 i_ptm 0.31
48 models [0] recycles 0 hard 0 soft 0 temp 0.06 loss 3.80 i_con 3.74 plddt 0.37 ptm 0.88 i_ptm 0.30
49 models [0] recycles 0 hard 0 soft 0 temp 0.04 loss 3.72 i_con 3.66 plddt 0.36 ptm 0.87 i_ptm 0.32
50 models [1] recycles 0 hard 0 soft 0 temp 0.02 loss 3.81 i_con 3.74 plddt 0.36 ptm 0.89 i_ptm 0.35
51 models [1] recycles 0 hard 1 soft 0 temp 0.00 loss 4.74 i_con 4.67 plddt 0.29 ptm 0.89 i_ptm 0.13
52 models [0] recycles 0 hard 1 soft 0 temp 0.00 loss 4.51 i_con 4.44 plddt 0.28 ptm 0.87 i_ptm 0.18
53 models [1] recycles 0 hard 1 soft 0 temp 0.00 loss 4.74 i_con 4.67 plddt 0.29 ptm 0.89 i_ptm 0.13
54 models [1] recycles 0 hard 1 soft 0 temp 0.00 loss 4.74 i_con 4.67 plddt 0.29 ptm 0.89 i_ptm 0.13
55 models [0] recycles 0 hard 1 soft 0 temp 0.00 loss 4.51 i_con 4.44 plddt 0.28 ptm 0.87 i_ptm 0.18
56 models [0] recycles 0 hard 1 soft 0 temp 0.00 loss 4.51 i_con 4.44 plddt 0.28 ptm 0.87 i_ptm 0.18
57 models [0] recycles 0 hard 1 soft 0 temp 0.00 loss 4.51 i_con 4.44 plddt 0.28 ptm 0.87 i_ptm 0.18
58 models [1] recycles 0 hard 1 soft 0 temp 0.00 loss 4.74 i_con 4.67 plddt 0.29 ptm 0.89 i_ptm 0.13
59 models [0] recycles 0 hard 1 soft 0 temp 0.00 loss 4.51 i_con 4.44 plddt 0.28 ptm 0.87 i_ptm 0.18
60 models [1] recycles 0 hard 1 soft 0 temp 0.00 loss 4.74 i_con 4.67 plddt 0.29 ptm 0.89 i_ptm 0.13
61 models [1] recycles 0 hard 1 soft 0 temp 0.00 loss 4.74 i_con 4.67 plddt 0.29 ptm 0.89 i_ptm 0.13
62 models [0] recycles 0 hard 1 soft 0 temp 0.00 loss 4.51 i_con 4.44 plddt 0.28 ptm 0.87 i_ptm 0.18
63 models [0] recycles 0 hard 1 soft 0 temp 0.00 loss 4.51 i_con 4.44 plddt 0.28 ptm 0.87 i_ptm 0.18
64 models [1] recycles 0 hard 1 soft 0 temp 0.00 loss 4.74 i_con 4.67 plddt 0.29 ptm 0.89 i_ptm 0.13
65 models [0] recycles 0 hard 1 soft 0 temp 0.00 loss 4.51 i_con 4.44 plddt 0.28 ptm 0.87 i_ptm 0.18
66 models [0] recycles 0 hard 1 soft 0 temp 0.00 loss 4.51 i_con 4.44 plddt 0.28 ptm 0.87 i_ptm 0.18
67 models [0] recycles 0 hard 1 soft 0 temp 0.00 loss 4.51 i_con 4.44 plddt 0.28 ptm 0.87 i_ptm 0.18
68 models [0] recycles 0 hard 1 soft 0 temp 0.00 loss 4.51 i_con 4.44 plddt 0.28 ptm 0.87 i_ptm 0.18
69 models [1] recycles 0 hard 1 soft 0 temp 0.00 loss 4.74 i_con 4.67 plddt 0.29 ptm 0.89 i_ptm 0.13
70 models [1] recycles 0 hard 1 soft 0 temp 0.00 loss 4.74 i_con 4.67 plddt 0.29 ptm 0.89 i_ptm 0.13
71 models [0] recycles 0 hard 1 soft 0 temp 0.00 loss 4.51 i_con 4.44 plddt 0.28 ptm 0.87 i_ptm 0.18
72 models [0] recycles 0 hard 1 soft 0 temp 0.00 loss 4.51 i_con 4.44 plddt 0.28 ptm 0.87 i_ptm 0.18
73 models [1] recycles 0 hard 1 soft 0 temp 0.00 loss 4.74 i_con 4.67 plddt 0.29 ptm 0.89 i_ptm 0.13
74 models [1] recycles 0 hard 1 soft 0 temp 0.00 loss 4.74 i_con 4.67 plddt 0.29 ptm 0.89 i_ptm 0.13
75 models [1] recycles 0 hard 1 soft 0 temp 0.00 loss 4.74 i_con 4.67 plddt 0.29 ptm 0.89 i_ptm 0.13
76 models [1] recycles 0 hard 1 soft 0 temp 0.00 loss 4.74 i_con 4.67 plddt 0.29 ptm 0.89 i_ptm 0.13
77 models [0] recycles 0 hard 1 soft 0 temp 0.00 loss 4.51 i_con 4.44 plddt 0.28 ptm 0.87 i_ptm 0.18
78 models [0] recycles 0 hard 1 soft 0 temp 0.00 loss 4.51 i_con 4.44 plddt 0.28 ptm 0.87 i_ptm 0.18
79 models [0] recycles 0 hard 1 soft 0 temp 0.00 loss 4.51 i_con 4.44 plddt 0.28 ptm 0.87 i_ptm 0.18
80 models [1] recycles 0 hard 1 soft 0 temp 0.00 loss 4.74 i_con 4.67 plddt 0.29 ptm 0.89 i_ptm 0.13
  → seq=YHPQVEGSPELLLCL  loss=4.7362  loss_af=4.7362  energy=0.6411  i_ptm=0.1335
[11/20] input=YHPQVEGSPEMKKCL  seed=2 ...
1 models [1] recycles 0 hard 0 soft 0 temp 1 loss 6.48 i_con 6.42 plddt 0.41 ptm 0.88 i_ptm 0.10
2 models [0] recycles 0 hard 0 soft 0 temp 0.98 loss 6.60 i_con 6.53 plddt 0.36 ptm 0.87 i_ptm 0.21
3 models [0] recycles 0 hard 0 soft 0 temp 0.96 loss 6.25 i_con 6.19 plddt 0.37 ptm 0.87 i_ptm 0.12
4 models [1] recycles 0 hard 0 soft 0 temp 0.94 loss 6.29 i_con 6.24 plddt 0.44 ptm 0.88 i_ptm 0.10
5 models [1] recycles 0 hard 0 soft 0 temp 0.92 loss 6.21 i_con 6.15 plddt 0.46 ptm 0.88 i_ptm 0.10
6 models [0] recycles 0 hard 0 soft 0 temp 0.90 loss 5.76 i_con 5.70 plddt 0.36 ptm 0.87 i_ptm 0.12
7 models [1] recycles 0 hard 0 soft 0 temp 0.88 loss 5.90 i_con 5.84 plddt 0.40 ptm 0.88 i_ptm 0.10
8 models [0] recycles 0 hard 0 soft 0 temp 0.86 loss 5.65 i_con 5.59 plddt 0.39 ptm 0.87 i_ptm 0.11
9 models [1] recycles 0 hard 0 soft 0 temp 0.84 loss 5.43 i_con 5.37 plddt 0.41 ptm 0.88 i_ptm 0.11
10 models [0] recycles 0 hard 0 soft 0 temp 0.82 loss 4.49 i_con 4.42 plddt 0.30 ptm 0.87 i_ptm 0.17
11 models [1] recycles 0 hard 0 soft 0 temp 0.80 loss 4.82 i_con 4.76 plddt 0.40 ptm 0.88 i_ptm 0.14
12 models [0] recycles 0 hard 0 soft 0 temp 0.78 loss 4.51 i_con 4.44 plddt 0.33 ptm 0.87 i_ptm 0.18
13 models [0] recycles 0 hard 0 soft 0 temp 0.76 loss 4.25 i_con 4.18 plddt 0.33 ptm 0.87 i_ptm 0.21
14 models [0] recycles 0 hard 0 soft 0 temp 0.74 loss 4.50 i_con 4.43 plddt 0.32 ptm 0.87 i_ptm 0.20
15 models [0] recycles 0 hard 0 soft 0 temp 0.72 loss 4.41 i_con 4.34 plddt 0.36 ptm 0.87 i_ptm 0.20
16 models [0] recycles 0 hard 0 soft 0 temp 0.70 loss 4.16 i_con 4.10 plddt 0.35 ptm 0.87 i_ptm 0.24
17 models [0] recycles 0 hard 0 soft 0 temp 0.68 loss 4.17 i_con 4.10 plddt 0.35 ptm 0.87 i_ptm 0.23
18 models [0] recycles 0 hard 0 soft 0 temp 0.66 loss 4.15 i_con 4.09 plddt 0.37 ptm 0.87 i_ptm 0.22
19 models [1] recycles 0 hard 0 soft 0 temp 0.64 loss 4.09 i_con 4.02 plddt 0.36 ptm 0.89 i_ptm 0.25
20 models [1] recycles 0 hard 0 soft 0 temp 0.62 loss 4.37 i_con 4.30 plddt 0.35 ptm 0.89 i_ptm 0.23
21 models [1] recycles 0 hard 0 soft 0 temp 0.60 loss 3.95 i_con 3.88 plddt 0.39 ptm 0.89 i_ptm 0.36
22 models [1] recycles 0 hard 0 soft 0 temp 0.58 loss 4.04 i_con 3.98 plddt 0.37 ptm 0.89 i_ptm 0.27
23 models [0] recycles 0 hard 0 soft 0 temp 0.56 loss 4.26 i_con 4.19 plddt 0.35 ptm 0.87 i_ptm 0.22
24 models [0] recycles 0 hard 0 soft 0 temp 0.54 loss 4.11 i_con 4.05 plddt 0.36 ptm 0.87 i_ptm 0.25
25 models [0] recycles 0 hard 0 soft 0 temp 0.52 loss 4.10 i_con 4.03 plddt 0.35 ptm 0.87 i_ptm 0.27
26 models [1] recycles 0 hard 0 soft 0 temp 0.50 loss 3.86 i_con 3.80 plddt 0.39 ptm 0.89 i_ptm 0.34
27 models [1] recycles 0 hard 0 soft 0 temp 0.48 loss 3.86 i_con 3.79 plddt 0.36 ptm 0.89 i_ptm 0.34
28 models [1] recycles 0 hard 0 soft 0 temp 0.46 loss 3.78 i_con 3.72 plddt 0.43 ptm 0.89 i_ptm 0.36
29 models [0] recycles 0 hard 0 soft 0 temp 0.44 loss 4.27 i_con 4.21 plddt 0.34 ptm 0.87 i_ptm 0.24
30 models [0] recycles 0 hard 0 soft 0 temp 0.42 loss 3.91 i_con 3.85 plddt 0.36 ptm 0.87 i_ptm 0.30
31 models [0] recycles 0 hard 0 soft 0 temp 0.40 loss 3.85 i_con 3.79 plddt 0.39 ptm 0.88 i_ptm 0.34
32 models [1] recycles 0 hard 0 soft 0 temp 0.38 loss 3.81 i_con 3.75 plddt 0.38 ptm 0.89 i_ptm 0.37
33 models [1] recycles 0 hard 0 soft 0 temp 0.36 loss 3.88 i_con 3.82 plddt 0.40 ptm 0.89 i_ptm 0.34
34 models [0] recycles 0 hard 0 soft 0 temp 0.34 loss 3.93 i_con 3.87 plddt 0.37 ptm 0.87 i_ptm 0.27
35 models [1] recycles 0 hard 0 soft 0 temp 0.32 loss 3.81 i_con 3.75 plddt 0.38 ptm 0.90 i_ptm 0.37
36 models [1] recycles 0 hard 0 soft 0 temp 0.30 loss 3.68 i_con 3.62 plddt 0.42 ptm 0.89 i_ptm 0.42
37 models [0] recycles 0 hard 0 soft 0 temp 0.28 loss 3.74 i_con 3.68 plddt 0.41 ptm 0.87 i_ptm 0.39
38 models [0] recycles 0 hard 0 soft 0 temp 0.26 loss 3.89 i_con 3.83 plddt 0.35 ptm 0.87 i_ptm 0.27
39 models [0] recycles 0 hard 0 soft 0 temp 0.24 loss 3.91 i_con 3.84 plddt 0.36 ptm 0.87 i_ptm 0.30
40 models [1] recycles 0 hard 0 soft 0 temp 0.22 loss 3.64 i_con 3.58 plddt 0.41 ptm 0.89 i_ptm 0.42
41 models [1] recycles 0 hard 0 soft 0 temp 0.20 loss 3.88 i_con 3.82 plddt 0.35 ptm 0.89 i_ptm 0.32
42 models [1] recycles 0 hard 0 soft 0 temp 0.18 loss 3.61 i_con 3.55 plddt 0.40 ptm 0.89 i_ptm 0.41
43 models [1] recycles 0 hard 0 soft 0 temp 0.16 loss 3.57 i_con 3.51 plddt 0.39 ptm 0.89 i_ptm 0.44
44 models [0] recycles 0 hard 0 soft 0 temp 0.14 loss 3.70 i_con 3.64 plddt 0.39 ptm 0.88 i_ptm 0.37
45 models [0] recycles 0 hard 0 soft 0 temp 0.12 loss 3.75 i_con 3.69 plddt 0.37 ptm 0.87 i_ptm 0.35
46 models [0] recycles 0 hard 0 soft 0 temp 0.10 loss 3.70 i_con 3.63 plddt 0.37 ptm 0.87 i_ptm 0.36
47 models [0] recycles 0 hard 0 soft 0 temp 0.08 loss 3.63 i_con 3.57 plddt 0.40 ptm 0.88 i_ptm 0.41
48 models [1] recycles 0 hard 0 soft 0 temp 0.06 loss 3.73 i_con 3.67 plddt 0.40 ptm 0.89 i_ptm 0.37
49 models [1] recycles 0 hard 0 soft 0 temp 0.04 loss 3.36 i_con 3.30 plddt 0.47 ptm 0.89 i_ptm 0.50
50 models [1] recycles 0 hard 0 soft 0 temp 0.02 loss 3.64 i_con 3.58 plddt 0.45 ptm 0.89 i_ptm 0.45
51 models [1] recycles 0 hard 1 soft 0 temp 0.00 loss 4.54 i_con 4.47 plddt 0.28 ptm 0.89 i_ptm 0.15
52 models [1] recycles 0 hard 1 soft 0 temp 0.00 loss 4.54 i_con 4.47 plddt 0.28 ptm 0.89 i_ptm 0.15
53 models [1] recycles 0 hard 1 soft 0 temp 0.00 loss 4.54 i_con 4.47 plddt 0.28 ptm 0.89 i_ptm 0.15
54 models [1] recycles 0 hard 1 soft 0 temp 0.00 loss 4.54 i_con 4.47 plddt 0.28 ptm 0.89 i_ptm 0.15
55 models [1] recycles 0 hard 1 soft 0 temp 0.00 loss 4.54 i_con 4.47 plddt 0.28 ptm 0.89 i_ptm 0.15
56 models [0] recycles 0 hard 1 soft 0 temp 0.00 loss 4.11 i_con 4.04 plddt 0.29 ptm 0.87 i_ptm 0.23
57 models [0] recycles 0 hard 1 soft 0 temp 0.00 loss 4.11 i_con 4.04 plddt 0.29 ptm 0.87 i_ptm 0.23
58 models [0] recycles 0 hard 1 soft 0 temp 0.00 loss 4.11 i_con 4.04 plddt 0.29 ptm 0.87 i_ptm 0.23
59 models [0] recycles 0 hard 1 soft 0 temp 0.00 loss 4.11 i_con 4.04 plddt 0.29 ptm 0.87 i_ptm 0.23
60 models [0] recycles 0 hard 1 soft 0 temp 0.00 loss 4.11 i_con 4.04 plddt 0.29 ptm 0.87 i_ptm 0.23
61 models [1] recycles 0 hard 1 soft 0 temp 0.00 loss 4.54 i_con 4.47 plddt 0.28 ptm 0.89 i_ptm 0.15
62 models [1] recycles 0 hard 1 soft 0 temp 0.00 loss 4.54 i_con 4.47 plddt 0.28 ptm 0.89 i_ptm 0.15
63 models [1] recycles 0 hard 1 soft 0 temp 0.00 loss 4.54 i_con 4.47 plddt 0.28 ptm 0.89 i_ptm 0.15
64 models [0] recycles 0 hard 1 soft 0 temp 0.00 loss 4.11 i_con 4.04 plddt 0.29 ptm 0.87 i_ptm 0.23
65 models [1] recycles 0 hard 1 soft 0 temp 0.00 loss 4.54 i_con 4.47 plddt 0.28 ptm 0.89 i_ptm 0.15
66 models [0] recycles 0 hard 1 soft 0 temp 0.00 loss 4.11 i_con 4.04 plddt 0.29 ptm 0.87 i_ptm 0.23
67 models [0] recycles 0 hard 1 soft 0 temp 0.00 loss 4.11 i_con 4.04 plddt 0.29 ptm 0.87 i_ptm 0.23
68 models [0] recycles 0 hard 1 soft 0 temp 0.00 loss 4.11 i_con 4.04 plddt 0.29 ptm 0.87 i_ptm 0.23
69 models [1] recycles 0 hard 1 soft 0 temp 0.00 loss 4.54 i_con 4.47 plddt 0.28 ptm 0.89 i_ptm 0.15
70 models [0] recycles 0 hard 1 soft 0 temp 0.00 loss 4.11 i_con 4.04 plddt 0.29 ptm 0.87 i_ptm 0.23
71 models [0] recycles 0 hard 1 soft 0 temp 0.00 loss 4.11 i_con 4.04 plddt 0.29 ptm 0.87 i_ptm 0.23
72 models [1] recycles 0 hard 1 soft 0 temp 0.00 loss 4.54 i_con 4.47 plddt 0.28 ptm 0.89 i_ptm 0.15
73 models [1] recycles 0 hard 1 soft 0 temp 0.00 loss 4.54 i_con 4.47 plddt 0.28 ptm 0.89 i_ptm 0.15
74 models [1] recycles 0 hard 1 soft 0 temp 0.00 loss 4.54 i_con 4.47 plddt 0.28 ptm 0.89 i_ptm 0.15
75 models [0] recycles 0 hard 1 soft 0 temp 0.00 loss 4.11 i_con 4.04 plddt 0.29 ptm 0.87 i_ptm 0.23
76 models [0] recycles 0 hard 1 soft 0 temp 0.00 loss 4.11 i_con 4.04 plddt 0.29 ptm 0.87 i_ptm 0.23
77 models [0] recycles 0 hard 1 soft 0 temp 0.00 loss 4.11 i_con 4.04 plddt 0.29 ptm 0.87 i_ptm 0.23
78 models [0] recycles 0 hard 1 soft 0 temp 0.00 loss 4.11 i_con 4.04 plddt 0.29 ptm 0.87 i_ptm 0.23
79 models [1] recycles 0 hard 1 soft 0 temp 0.00 loss 4.54 i_con 4.47 plddt 0.28 ptm 0.89 i_ptm 0.15
80 models [1] recycles 0 hard 1 soft 0 temp 0.00 loss 4.54 i_con 4.47 plddt 0.28 ptm 0.89 i_ptm 0.15
  → seq=YHPQVEGSPELAMFL  loss=4.5434  loss_af=4.5434  energy=-0.4430  i_ptm=0.1526
[12/20] input=YHPQVEGSPEMKKCL  seed=3 ...
1 models [1] recycles 0 hard 0 soft 0 temp 1 loss 6.67 i_con 6.61 plddt 0.43 ptm 0.88 i_ptm 0.12
2 models [1] recycles 0 hard 0 soft 0 temp 0.98 loss 6.49 i_con 6.44 plddt 0.43 ptm 0.88 i_ptm 0.11
3 models [0] recycles 0 hard 0 soft 0 temp 0.96 loss 6.34 i_con 6.27 plddt 0.35 ptm 0.87 i_ptm 0.12
4 models [0] recycles 0 hard 0 soft 0 temp 0.94 loss 6.12 i_con 6.06 plddt 0.36 ptm 0.87 i_ptm 0.17
5 models [1] recycles 0 hard 0 soft 0 temp 0.92 loss 5.20 i_con 5.14 plddt 0.41 ptm 0.88 i_ptm 0.11
6 models [1] recycles 0 hard 0 soft 0 temp 0.90 loss 5.63 i_con 5.57 plddt 0.43 ptm 0.88 i_ptm 0.10
7 models [1] recycles 0 hard 0 soft 0 temp 0.88 loss 5.03 i_con 4.97 plddt 0.40 ptm 0.88 i_ptm 0.12
8 models [0] recycles 0 hard 0 soft 0 temp 0.86 loss 4.52 i_con 4.45 plddt 0.31 ptm 0.87 i_ptm 0.20
9 models [0] recycles 0 hard 0 soft 0 temp 0.84 loss 4.60 i_con 4.53 plddt 0.34 ptm 0.86 i_ptm 0.18
10 models [0] recycles 0 hard 0 soft 0 temp 0.82 loss 5.68 i_con 5.62 plddt 0.37 ptm 0.87 i_ptm 0.13
11 models [1] recycles 0 hard 0 soft 0 temp 0.80 loss 4.73 i_con 4.67 plddt 0.40 ptm 0.88 i_ptm 0.14
12 models [0] recycles 0 hard 0 soft 0 temp 0.78 loss 4.71 i_con 4.64 plddt 0.36 ptm 0.86 i_ptm 0.16
13 models [0] recycles 0 hard 0 soft 0 temp 0.76 loss 4.46 i_con 4.39 plddt 0.33 ptm 0.87 i_ptm 0.24
14 models [0] recycles 0 hard 0 soft 0 temp 0.74 loss 4.45 i_con 4.38 plddt 0.30 ptm 0.87 i_ptm 0.19
15 models [1] recycles 0 hard 0 soft 0 temp 0.72 loss 4.62 i_con 4.56 plddt 0.35 ptm 0.89 i_ptm 0.16
16 models [0] recycles 0 hard 0 soft 0 temp 0.70 loss 4.30 i_con 4.23 plddt 0.32 ptm 0.87 i_ptm 0.21
17 models [0] recycles 0 hard 0 soft 0 temp 0.68 loss 4.41 i_con 4.34 plddt 0.34 ptm 0.87 i_ptm 0.21
18 models [1] recycles 0 hard 0 soft 0 temp 0.66 loss 4.47 i_con 4.41 plddt 0.36 ptm 0.88 i_ptm 0.18
19 models [1] recycles 0 hard 0 soft 0 temp 0.64 loss 4.29 i_con 4.22 plddt 0.35 ptm 0.89 i_ptm 0.19
20 models [1] recycles 0 hard 0 soft 0 temp 0.62 loss 4.16 i_con 4.10 plddt 0.34 ptm 0.88 i_ptm 0.21
21 models [1] recycles 0 hard 0 soft 0 temp 0.60 loss 4.22 i_con 4.16 plddt 0.35 ptm 0.88 i_ptm 0.19
22 models [0] recycles 0 hard 0 soft 0 temp 0.58 loss 4.12 i_con 4.05 plddt 0.33 ptm 0.87 i_ptm 0.23
23 models [0] recycles 0 hard 0 soft 0 temp 0.56 loss 4.05 i_con 3.98 plddt 0.34 ptm 0.87 i_ptm 0.25
24 models [1] recycles 0 hard 0 soft 0 temp 0.54 loss 4.29 i_con 4.23 plddt 0.36 ptm 0.89 i_ptm 0.22
25 models [1] recycles 0 hard 0 soft 0 temp 0.52 loss 4.14 i_con 4.07 plddt 0.33 ptm 0.89 i_ptm 0.22
26 models [1] recycles 0 hard 0 soft 0 temp 0.50 loss 4.01 i_con 3.94 plddt 0.35 ptm 0.89 i_ptm 0.24
27 models [0] recycles 0 hard 0 soft 0 temp 0.48 loss 4.00 i_con 3.93 plddt 0.35 ptm 0.87 i_ptm 0.24
28 models [1] recycles 0 hard 0 soft 0 temp 0.46 loss 3.82 i_con 3.75 plddt 0.36 ptm 0.89 i_ptm 0.37
29 models [1] recycles 0 hard 0 soft 0 temp 0.44 loss 3.80 i_con 3.74 plddt 0.37 ptm 0.89 i_ptm 0.34
30 models [1] recycles 0 hard 0 soft 0 temp 0.42 loss 3.68 i_con 3.62 plddt 0.40 ptm 0.89 i_ptm 0.38
31 models [1] recycles 0 hard 0 soft 0 temp 0.40 loss 3.60 i_con 3.54 plddt 0.40 ptm 0.90 i_ptm 0.43
32 models [0] recycles 0 hard 0 soft 0 temp 0.38 loss 4.05 i_con 3.98 plddt 0.35 ptm 0.87 i_ptm 0.26
33 models [1] recycles 0 hard 0 soft 0 temp 0.36 loss 3.42 i_con 3.36 plddt 0.44 ptm 0.90 i_ptm 0.49
34 models [0] recycles 0 hard 0 soft 0 temp 0.34 loss 3.87 i_con 3.81 plddt 0.35 ptm 0.88 i_ptm 0.30
35 models [0] recycles 0 hard 0 soft 0 temp 0.32 loss 3.98 i_con 3.92 plddt 0.34 ptm 0.87 i_ptm 0.28
36 models [1] recycles 0 hard 0 soft 0 temp 0.30 loss 3.51 i_con 3.45 plddt 0.44 ptm 0.90 i_ptm 0.46
37 models [0] recycles 0 hard 0 soft 0 temp 0.28 loss 3.73 i_con 3.66 plddt 0.38 ptm 0.88 i_ptm 0.34
38 models [1] recycles 0 hard 0 soft 0 temp 0.26 loss 3.40 i_con 3.34 plddt 0.41 ptm 0.90 i_ptm 0.46
39 models [1] recycles 0 hard 0 soft 0 temp 0.24 loss 3.12 i_con 3.07 plddt 0.48 ptm 0.90 i_ptm 0.53
40 models [0] recycles 0 hard 0 soft 0 temp 0.22 loss 3.75 i_con 3.69 plddt 0.37 ptm 0.87 i_ptm 0.33
41 models [0] recycles 0 hard 0 soft 0 temp 0.20 loss 3.67 i_con 3.61 plddt 0.38 ptm 0.88 i_ptm 0.41
42 models [1] recycles 0 hard 0 soft 0 temp 0.18 loss 3.18 i_con 3.13 plddt 0.46 ptm 0.90 i_ptm 0.53
43 models [1] recycles 0 hard 0 soft 0 temp 0.16 loss 3.29 i_con 3.23 plddt 0.44 ptm 0.90 i_ptm 0.48
44 models [0] recycles 0 hard 0 soft 0 temp 0.14 loss 3.54 i_con 3.48 plddt 0.41 ptm 0.88 i_ptm 0.43
45 models [1] recycles 0 hard 0 soft 0 temp 0.12 loss 2.98 i_con 2.92 plddt 0.49 ptm 0.90 i_ptm 0.55
46 models [0] recycles 0 hard 0 soft 0 temp 0.10 loss 3.86 i_con 3.80 plddt 0.39 ptm 0.87 i_ptm 0.31
47 models [1] recycles 0 hard 0 soft 0 temp 0.08 loss 3.15 i_con 3.09 plddt 0.47 ptm 0.90 i_ptm 0.51
48 models [0] recycles 0 hard 0 soft 0 temp 0.06 loss 3.50 i_con 3.44 plddt 0.41 ptm 0.88 i_ptm 0.42
49 models [0] recycles 0 hard 0 soft 0 temp 0.04 loss 3.67 i_con 3.61 plddt 0.39 ptm 0.88 i_ptm 0.37
50 models [0] recycles 0 hard 0 soft 0 temp 0.02 loss 3.39 i_con 3.33 plddt 0.41 ptm 0.88 i_ptm 0.44
51 models [0] recycles 0 hard 1 soft 0 temp 0.00 loss 4.37 i_con 4.30 plddt 0.26 ptm 0.87 i_ptm 0.18
52 models [1] recycles 0 hard 1 soft 0 temp 0.00 loss 5.00 i_con 4.93 plddt 0.31 ptm 0.89 i_ptm 0.11
53 models [0] recycles 0 hard 1 soft 0 temp 0.00 loss 4.37 i_con 4.30 plddt 0.26 ptm 0.87 i_ptm 0.18
54 models [1] recycles 0 hard 1 soft 0 temp 0.00 loss 5.00 i_con 4.93 plddt 0.31 ptm 0.89 i_ptm 0.11
55 models [1] recycles 0 hard 1 soft 0 temp 0.00 loss 5.00 i_con 4.93 plddt 0.31 ptm 0.89 i_ptm 0.11
56 models [0] recycles 0 hard 1 soft 0 temp 0.00 loss 4.37 i_con 4.30 plddt 0.26 ptm 0.87 i_ptm 0.18
57 models [0] recycles 0 hard 1 soft 0 temp 0.00 loss 4.37 i_con 4.30 plddt 0.26 ptm 0.87 i_ptm 0.18
58 models [0] recycles 0 hard 1 soft 0 temp 0.00 loss 4.37 i_con 4.30 plddt 0.26 ptm 0.87 i_ptm 0.18
59 models [1] recycles 0 hard 1 soft 0 temp 0.00 loss 5.00 i_con 4.93 plddt 0.31 ptm 0.89 i_ptm 0.11
60 models [1] recycles 0 hard 1 soft 0 temp 0.00 loss 5.00 i_con 4.93 plddt 0.31 ptm 0.89 i_ptm 0.11
61 models [1] recycles 0 hard 1 soft 0 temp 0.00 loss 5.00 i_con 4.93 plddt 0.31 ptm 0.89 i_ptm 0.11
62 models [0] recycles 0 hard 1 soft 0 temp 0.00 loss 4.37 i_con 4.30 plddt 0.26 ptm 0.87 i_ptm 0.18
63 models [1] recycles 0 hard 1 soft 0 temp 0.00 loss 5.00 i_con 4.93 plddt 0.31 ptm 0.89 i_ptm 0.11
64 models [1] recycles 0 hard 1 soft 0 temp 0.00 loss 5.00 i_con 4.93 plddt 0.31 ptm 0.89 i_ptm 0.11
65 models [1] recycles 0 hard 1 soft 0 temp 0.00 loss 5.00 i_con 4.93 plddt 0.31 ptm 0.89 i_ptm 0.11
66 models [0] recycles 0 hard 1 soft 0 temp 0.00 loss 4.37 i_con 4.30 plddt 0.26 ptm 0.87 i_ptm 0.18
67 models [1] recycles 0 hard 1 soft 0 temp 0.00 loss 5.00 i_con 4.93 plddt 0.31 ptm 0.89 i_ptm 0.11
68 models [1] recycles 0 hard 1 soft 0 temp 0.00 loss 5.00 i_con 4.93 plddt 0.31 ptm 0.89 i_ptm 0.11
69 models [0] recycles 0 hard 1 soft 0 temp 0.00 loss 4.37 i_con 4.30 plddt 0.26 ptm 0.87 i_ptm 0.18
70 models [0] recycles 0 hard 1 soft 0 temp 0.00 loss 4.37 i_con 4.30 plddt 0.26 ptm 0.87 i_ptm 0.18
71 models [1] recycles 0 hard 1 soft 0 temp 0.00 loss 5.00 i_con 4.93 plddt 0.31 ptm 0.89 i_ptm 0.11
72 models [1] recycles 0 hard 1 soft 0 temp 0.00 loss 5.00 i_con 4.93 plddt 0.31 ptm 0.89 i_ptm 0.11
73 models [0] recycles 0 hard 1 soft 0 temp 0.00 loss 4.37 i_con 4.30 plddt 0.26 ptm 0.87 i_ptm 0.18
74 models [0] recycles 0 hard 1 soft 0 temp 0.00 loss 4.37 i_con 4.30 plddt 0.26 ptm 0.87 i_ptm 0.18
75 models [0] recycles 0 hard 1 soft 0 temp 0.00 loss 4.37 i_con 4.30 plddt 0.26 ptm 0.87 i_ptm 0.18
76 models [1] recycles 0 hard 1 soft 0 temp 0.00 loss 5.00 i_con 4.93 plddt 0.31 ptm 0.89 i_ptm 0.11
77 models [0] recycles 0 hard 1 soft 0 temp 0.00 loss 4.37 i_con 4.30 plddt 0.26 ptm 0.87 i_ptm 0.18
78 models [0] recycles 0 hard 1 soft 0 temp 0.00 loss 4.37 i_con 4.30 plddt 0.26 ptm 0.87 i_ptm 0.18
79 models [0] recycles 0 hard 1 soft 0 temp 0.00 loss 4.37 i_con 4.30 plddt 0.26 ptm 0.87 i_ptm 0.18
80 models [0] recycles 0 hard 1 soft 0 temp 0.00 loss 4.37 i_con 4.30 plddt 0.26 ptm 0.87 i_ptm 0.18
  → seq=YHPQVEGSPELLLSL  loss=4.3699  loss_af=4.3699  energy=0.5464  i_ptm=0.1780
[13/20] input=GWKQPTCSMKICKKL  seed=0 ...
1 models [1] recycles 0 hard 0 soft 0 temp 1 loss 6.61 i_con 6.55 plddt 0.39 ptm 0.88 i_ptm 0.13
2 models [0] recycles 0 hard 0 soft 0 temp 0.98 loss 6.08 i_con 6.01 plddt 0.36 ptm 0.87 i_ptm 0.17
3 models [0] recycles 0 hard 0 soft 0 temp 0.96 loss 5.84 i_con 5.78 plddt 0.42 ptm 0.87 i_ptm 0.16
4 models [1] recycles 0 hard 0 soft 0 temp 0.94 loss 5.89 i_con 5.84 plddt 0.47 ptm 0.88 i_ptm 0.13
5 models [0] recycles 0 hard 0 soft 0 temp 0.92 loss 5.79 i_con 5.73 plddt 0.36 ptm 0.87 i_ptm 0.17
6 models [0] recycles 0 hard 0 soft 0 temp 0.90 loss 5.60 i_con 5.54 plddt 0.42 ptm 0.87 i_ptm 0.16
7 models [0] recycles 0 hard 0 soft 0 temp 0.88 loss 5.34 i_con 5.27 plddt 0.36 ptm 0.87 i_ptm 0.19
8 models [0] recycles 0 hard 0 soft 0 temp 0.86 loss 5.23 i_con 5.16 plddt 0.35 ptm 0.87 i_ptm 0.19
9 models [0] recycles 0 hard 0 soft 0 temp 0.84 loss 5.43 i_con 5.36 plddt 0.35 ptm 0.86 i_ptm 0.20
10 models [0] recycles 0 hard 0 soft 0 temp 0.82 loss 4.99 i_con 4.92 plddt 0.35 ptm 0.87 i_ptm 0.23
11 models [0] recycles 0 hard 0 soft 0 temp 0.80 loss 4.86 i_con 4.80 plddt 0.38 ptm 0.87 i_ptm 0.26
12 models [1] recycles 0 hard 0 soft 0 temp 0.78 loss 5.52 i_con 5.45 plddt 0.38 ptm 0.88 i_ptm 0.13
13 models [1] recycles 0 hard 0 soft 0 temp 0.76 loss 5.18 i_con 5.13 plddt 0.43 ptm 0.88 i_ptm 0.20
14 models [0] recycles 0 hard 0 soft 0 temp 0.74 loss 4.69 i_con 4.63 plddt 0.41 ptm 0.87 i_ptm 0.29
15 models [1] recycles 0 hard 0 soft 0 temp 0.72 loss 5.33 i_con 5.27 plddt 0.39 ptm 0.88 i_ptm 0.19
16 models [1] recycles 0 hard 0 soft 0 temp 0.70 loss 4.81 i_con 4.75 plddt 0.39 ptm 0.89 i_ptm 0.26
17 models [1] recycles 0 hard 0 soft 0 temp 0.68 loss 4.81 i_con 4.75 plddt 0.38 ptm 0.89 i_ptm 0.27
18 models [1] recycles 0 hard 0 soft 0 temp 0.66 loss 4.82 i_con 4.76 plddt 0.36 ptm 0.89 i_ptm 0.24
19 models [1] recycles 0 hard 0 soft 0 temp 0.64 loss 4.82 i_con 4.76 plddt 0.40 ptm 0.89 i_ptm 0.27
20 models [0] recycles 0 hard 0 soft 0 temp 0.62 loss 4.88 i_con 4.82 plddt 0.38 ptm 0.87 i_ptm 0.25
21 models [1] recycles 0 hard 0 soft 0 temp 0.60 loss 5.04 i_con 4.98 plddt 0.42 ptm 0.89 i_ptm 0.23
22 models [0] recycles 0 hard 0 soft 0 temp 0.58 loss 4.68 i_con 4.61 plddt 0.36 ptm 0.87 i_ptm 0.29
23 models [0] recycles 0 hard 0 soft 0 temp 0.56 loss 4.57 i_con 4.50 plddt 0.37 ptm 0.87 i_ptm 0.29
24 models [1] recycles 0 hard 0 soft 0 temp 0.54 loss 5.22 i_con 5.16 plddt 0.38 ptm 0.88 i_ptm 0.16
25 models [1] recycles 0 hard 0 soft 0 temp 0.52 loss 4.30 i_con 4.24 plddt 0.41 ptm 0.89 i_ptm 0.36
26 models [0] recycles 0 hard 0 soft 0 temp 0.50 loss 4.19 i_con 4.14 plddt 0.42 ptm 0.87 i_ptm 0.41
27 models [0] recycles 0 hard 0 soft 0 temp 0.48 loss 4.35 i_con 4.29 plddt 0.40 ptm 0.87 i_ptm 0.35
28 models [0] recycles 0 hard 0 soft 0 temp 0.46 loss 4.26 i_con 4.20 plddt 0.43 ptm 0.87 i_ptm 0.38
29 models [0] recycles 0 hard 0 soft 0 temp 0.44 loss 4.29 i_con 4.23 plddt 0.45 ptm 0.87 i_ptm 0.39
30 models [1] recycles 0 hard 0 soft 0 temp 0.42 loss 4.59 i_con 4.53 plddt 0.39 ptm 0.88 i_ptm 0.26
31 models [0] recycles 0 hard 0 soft 0 temp 0.40 loss 4.16 i_con 4.11 plddt 0.44 ptm 0.87 i_ptm 0.43
32 models [1] recycles 0 hard 0 soft 0 temp 0.38 loss 4.89 i_con 4.83 plddt 0.37 ptm 0.88 i_ptm 0.19
33 models [0] recycles 0 hard 0 soft 0 temp 0.36 loss 4.08 i_con 4.02 plddt 0.42 ptm 0.87 i_ptm 0.41
34 models [1] recycles 0 hard 0 soft 0 temp 0.34 loss 4.41 i_con 4.35 plddt 0.44 ptm 0.89 i_ptm 0.32
35 models [0] recycles 0 hard 0 soft 0 temp 0.32 loss 3.81 i_con 3.76 plddt 0.49 ptm 0.88 i_ptm 0.48
36 models [0] recycles 0 hard 0 soft 0 temp 0.30 loss 4.13 i_con 4.07 plddt 0.42 ptm 0.87 i_ptm 0.40
37 models [1] recycles 0 hard 0 soft 0 temp 0.28 loss 4.23 i_con 4.17 plddt 0.43 ptm 0.89 i_ptm 0.36
38 models [0] recycles 0 hard 0 soft 0 temp 0.26 loss 4.33 i_con 4.27 plddt 0.40 ptm 0.87 i_ptm 0.33
39 models [0] recycles 0 hard 0 soft 0 temp 0.24 loss 3.89 i_con 3.84 plddt 0.50 ptm 0.88 i_ptm 0.48
40 models [1] recycles 0 hard 0 soft 0 temp 0.22 loss 5.10 i_con 5.03 plddt 0.40 ptm 0.88 i_ptm 0.18
41 models [1] recycles 0 hard 0 soft 0 temp 0.20 loss 4.86 i_con 4.79 plddt 0.38 ptm 0.88 i_ptm 0.22
42 models [0] recycles 0 hard 0 soft 0 temp 0.18 loss 4.00 i_con 3.94 plddt 0.44 ptm 0.88 i_ptm 0.42
43 models [1] recycles 0 hard 0 soft 0 temp 0.16 loss 4.08 i_con 4.03 plddt 0.46 ptm 0.89 i_ptm 0.39
44 models [0] recycles 0 hard 0 soft 0 temp 0.14 loss 4.40 i_con 4.34 plddt 0.39 ptm 0.87 i_ptm 0.33
45 models [0] recycles 0 hard 0 soft 0 temp 0.12 loss 4.16 i_con 4.10 plddt 0.43 ptm 0.87 i_ptm 0.40
46 models [0] recycles 0 hard 0 soft 0 temp 0.10 loss 3.72 i_con 3.67 plddt 0.51 ptm 0.88 i_ptm 0.50
47 models [0] recycles 0 hard 0 soft 0 temp 0.08 loss 4.10 i_con 4.05 plddt 0.46 ptm 0.87 i_ptm 0.39
48 models [0] recycles 0 hard 0 soft 0 temp 0.06 loss 3.91 i_con 3.86 plddt 0.50 ptm 0.88 i_ptm 0.48
49 models [1] recycles 0 hard 0 soft 0 temp 0.04 loss 4.33 i_con 4.28 plddt 0.46 ptm 0.89 i_ptm 0.34
50 models [0] recycles 0 hard 0 soft 0 temp 0.02 loss 3.74 i_con 3.69 plddt 0.50 ptm 0.88 i_ptm 0.49
51 models [1] recycles 0 hard 1 soft 0 temp 0.00 loss 6.47 i_con 6.41 plddt 0.42 ptm 0.89 i_ptm 0.09
52 models [0] recycles 0 hard 1 soft 0 temp 0.00 loss 6.20 i_con 6.13 plddt 0.35 ptm 0.87 i_ptm 0.11
53 models [0] recycles 0 hard 1 soft 0 temp 0.00 loss 6.20 i_con 6.13 plddt 0.35 ptm 0.87 i_ptm 0.11
54 models [0] recycles 0 hard 1 soft 0 temp 0.00 loss 6.20 i_con 6.13 plddt 0.35 ptm 0.87 i_ptm 0.11
55 models [0] recycles 0 hard 1 soft 0 temp 0.00 loss 6.20 i_con 6.13 plddt 0.35 ptm 0.87 i_ptm 0.11
56 models [1] recycles 0 hard 1 soft 0 temp 0.00 loss 6.47 i_con 6.41 plddt 0.42 ptm 0.89 i_ptm 0.09
57 models [0] recycles 0 hard 1 soft 0 temp 0.00 loss 6.20 i_con 6.13 plddt 0.35 ptm 0.87 i_ptm 0.11
58 models [1] recycles 0 hard 1 soft 0 temp 0.00 loss 6.47 i_con 6.41 plddt 0.42 ptm 0.89 i_ptm 0.09
59 models [1] recycles 0 hard 1 soft 0 temp 0.00 loss 6.47 i_con 6.41 plddt 0.42 ptm 0.89 i_ptm 0.09
60 models [0] recycles 0 hard 1 soft 0 temp 0.00 loss 6.20 i_con 6.13 plddt 0.35 ptm 0.87 i_ptm 0.11
61 models [0] recycles 0 hard 1 soft 0 temp 0.00 loss 6.20 i_con 6.13 plddt 0.35 ptm 0.87 i_ptm 0.11
62 models [1] recycles 0 hard 1 soft 0 temp 0.00 loss 6.47 i_con 6.41 plddt 0.42 ptm 0.89 i_ptm 0.09
63 models [0] recycles 0 hard 1 soft 0 temp 0.00 loss 6.20 i_con 6.13 plddt 0.35 ptm 0.87 i_ptm 0.11
64 models [1] recycles 0 hard 1 soft 0 temp 0.00 loss 6.47 i_con 6.41 plddt 0.42 ptm 0.89 i_ptm 0.09
65 models [0] recycles 0 hard 1 soft 0 temp 0.00 loss 6.20 i_con 6.13 plddt 0.35 ptm 0.87 i_ptm 0.11
66 models [1] recycles 0 hard 1 soft 0 temp 0.00 loss 6.47 i_con 6.41 plddt 0.42 ptm 0.89 i_ptm 0.09
67 models [1] recycles 0 hard 1 soft 0 temp 0.00 loss 6.47 i_con 6.41 plddt 0.42 ptm 0.89 i_ptm 0.09
68 models [1] recycles 0 hard 1 soft 0 temp 0.00 loss 6.47 i_con 6.41 plddt 0.42 ptm 0.89 i_ptm 0.09
69 models [1] recycles 0 hard 1 soft 0 temp 0.00 loss 6.47 i_con 6.41 plddt 0.42 ptm 0.89 i_ptm 0.09
70 models [1] recycles 0 hard 1 soft 0 temp 0.00 loss 6.47 i_con 6.41 plddt 0.42 ptm 0.89 i_ptm 0.09
71 models [0] recycles 0 hard 1 soft 0 temp 0.00 loss 6.20 i_con 6.13 plddt 0.35 ptm 0.87 i_ptm 0.11
72 models [0] recycles 0 hard 1 soft 0 temp 0.00 loss 6.20 i_con 6.13 plddt 0.35 ptm 0.87 i_ptm 0.11
73 models [1] recycles 0 hard 1 soft 0 temp 0.00 loss 6.47 i_con 6.41 plddt 0.42 ptm 0.89 i_ptm 0.09
74 models [1] recycles 0 hard 1 soft 0 temp 0.00 loss 6.47 i_con 6.41 plddt 0.42 ptm 0.89 i_ptm 0.09
75 models [1] recycles 0 hard 1 soft 0 temp 0.00 loss 6.47 i_con 6.41 plddt 0.42 ptm 0.89 i_ptm 0.09
76 models [0] recycles 0 hard 1 soft 0 temp 0.00 loss 6.20 i_con 6.13 plddt 0.35 ptm 0.87 i_ptm 0.11
77 models [0] recycles 0 hard 1 soft 0 temp 0.00 loss 6.20 i_con 6.13 plddt 0.35 ptm 0.87 i_ptm 0.11
78 models [1] recycles 0 hard 1 soft 0 temp 0.00 loss 6.47 i_con 6.41 plddt 0.42 ptm 0.89 i_ptm 0.09
79 models [0] recycles 0 hard 1 soft 0 temp 0.00 loss 6.20 i_con 6.13 plddt 0.35 ptm 0.87 i_ptm 0.11
80 models [1] recycles 0 hard 1 soft 0 temp 0.00 loss 6.47 i_con 6.41 plddt 0.42 ptm 0.89 i_ptm 0.09
  → seq=GWKQPTESMKIQKKL  loss=6.4663  loss_af=6.4663  energy=-3.3797  i_ptm=0.0897
[14/20] input=GWKQPTCSMKICKKL  seed=1 ...
1 models [0] recycles 0 hard 0 soft 0 temp 1 loss 6.46 i_con 6.40 plddt 0.37 ptm 0.87 i_ptm 0.23
2 models [0] recycles 0 hard 0 soft 0 temp 0.98 loss 5.89 i_con 5.83 plddt 0.34 ptm 0.86 i_ptm 0.16
3 models [1] recycles 0 hard 0 soft 0 temp 0.96 loss 6.50 i_con 6.44 plddt 0.41 ptm 0.88 i_ptm 0.10
4 models [1] recycles 0 hard 0 soft 0 temp 0.94 loss 6.44 i_con 6.38 plddt 0.40 ptm 0.88 i_ptm 0.14
5 models [0] recycles 0 hard 0 soft 0 temp 0.92 loss 5.96 i_con 5.89 plddt 0.38 ptm 0.87 i_ptm 0.20
6 models [0] recycles 0 hard 0 soft 0 temp 0.90 loss 5.33 i_con 5.27 plddt 0.38 ptm 0.87 i_ptm 0.16
7 models [0] recycles 0 hard 0 soft 0 temp 0.88 loss 5.24 i_con 5.18 plddt 0.39 ptm 0.87 i_ptm 0.19
8 models [0] recycles 0 hard 0 soft 0 temp 0.86 loss 5.25 i_con 5.19 plddt 0.37 ptm 0.87 i_ptm 0.19
9 models [0] recycles 0 hard 0 soft 0 temp 0.84 loss 5.23 i_con 5.17 plddt 0.36 ptm 0.87 i_ptm 0.18
10 models [1] recycles 0 hard 0 soft 0 temp 0.82 loss 5.40 i_con 5.34 plddt 0.39 ptm 0.88 i_ptm 0.16
11 models [1] recycles 0 hard 0 soft 0 temp 0.80 loss 5.14 i_con 5.08 plddt 0.39 ptm 0.88 i_ptm 0.20
12 models [0] recycles 0 hard 0 soft 0 temp 0.78 loss 4.99 i_con 4.93 plddt 0.36 ptm 0.87 i_ptm 0.22
13 models [1] recycles 0 hard 0 soft 0 temp 0.76 loss 5.01 i_con 4.95 plddt 0.42 ptm 0.89 i_ptm 0.25
14 models [0] recycles 0 hard 0 soft 0 temp 0.74 loss 4.80 i_con 4.74 plddt 0.39 ptm 0.87 i_ptm 0.26
15 models [0] recycles 0 hard 0 soft 0 temp 0.72 loss 4.95 i_con 4.89 plddt 0.37 ptm 0.87 i_ptm 0.23
16 models [1] recycles 0 hard 0 soft 0 temp 0.70 loss 5.11 i_con 5.05 plddt 0.41 ptm 0.88 i_ptm 0.17
17 models [1] recycles 0 hard 0 soft 0 temp 0.68 loss 4.81 i_con 4.75 plddt 0.39 ptm 0.88 i_ptm 0.24
18 models [0] recycles 0 hard 0 soft 0 temp 0.66 loss 4.60 i_con 4.54 plddt 0.38 ptm 0.87 i_ptm 0.26
19 models [1] recycles 0 hard 0 soft 0 temp 0.64 loss 4.95 i_con 4.89 plddt 0.39 ptm 0.89 i_ptm 0.23
20 models [1] recycles 0 hard 0 soft 0 temp 0.62 loss 4.83 i_con 4.77 plddt 0.38 ptm 0.89 i_ptm 0.23
21 models [1] recycles 0 hard 0 soft 0 temp 0.60 loss 4.94 i_con 4.87 plddt 0.37 ptm 0.88 i_ptm 0.21
22 models [0] recycles 0 hard 0 soft 0 temp 0.58 loss 4.40 i_con 4.34 plddt 0.40 ptm 0.87 i_ptm 0.31
23 models [1] recycles 0 hard 0 soft 0 temp 0.56 loss 4.73 i_con 4.67 plddt 0.40 ptm 0.88 i_ptm 0.26
24 models [1] recycles 0 hard 0 soft 0 temp 0.54 loss 3.87 i_con 3.82 plddt 0.50 ptm 0.90 i_ptm 0.48
25 models [0] recycles 0 hard 0 soft 0 temp 0.52 loss 4.37 i_con 4.31 plddt 0.39 ptm 0.87 i_ptm 0.35
26 models [1] recycles 0 hard 0 soft 0 temp 0.50 loss 3.97 i_con 3.91 plddt 0.48 ptm 0.89 i_ptm 0.43
27 models [1] recycles 0 hard 0 soft 0 temp 0.48 loss 4.34 i_con 4.28 plddt 0.41 ptm 0.88 i_ptm 0.33
28 models [1] recycles 0 hard 0 soft 0 temp 0.46 loss 3.81 i_con 3.76 plddt 0.48 ptm 0.89 i_ptm 0.45
29 models [0] recycles 0 hard 0 soft 0 temp 0.44 loss 4.26 i_con 4.21 plddt 0.43 ptm 0.87 i_ptm 0.37
30 models [1] recycles 0 hard 0 soft 0 temp 0.42 loss 4.35 i_con 4.29 plddt 0.42 ptm 0.89 i_ptm 0.33
31 models [1] recycles 0 hard 0 soft 0 temp 0.40 loss 3.44 i_con 3.39 plddt 0.55 ptm 0.90 i_ptm 0.55
32 models [1] recycles 0 hard 0 soft 0 temp 0.38 loss 3.52 i_con 3.47 plddt 0.54 ptm 0.90 i_ptm 0.54
33 models [0] recycles 0 hard 0 soft 0 temp 0.36 loss 3.87 i_con 3.81 plddt 0.47 ptm 0.88 i_ptm 0.48
34 models [0] recycles 0 hard 0 soft 0 temp 0.34 loss 3.73 i_con 3.68 plddt 0.50 ptm 0.88 i_ptm 0.52
35 models [0] recycles 0 hard 0 soft 0 temp 0.32 loss 3.90 i_con 3.85 plddt 0.48 ptm 0.87 i_ptm 0.51
36 models [0] recycles 0 hard 0 soft 0 temp 0.30 loss 3.91 i_con 3.86 plddt 0.49 ptm 0.88 i_ptm 0.49
37 models [0] recycles 0 hard 0 soft 0 temp 0.28 loss 3.64 i_con 3.58 plddt 0.49 ptm 0.88 i_ptm 0.51
38 models [1] recycles 0 hard 0 soft 0 temp 0.26 loss 3.45 i_con 3.40 plddt 0.54 ptm 0.90 i_ptm 0.55
39 models [1] recycles 0 hard 0 soft 0 temp 0.24 loss 4.07 i_con 4.01 plddt 0.47 ptm 0.89 i_ptm 0.36
40 models [1] recycles 0 hard 0 soft 0 temp 0.22 loss 3.17 i_con 3.13 plddt 0.58 ptm 0.90 i_ptm 0.62
41 models [0] recycles 0 hard 0 soft 0 temp 0.20 loss 3.53 i_con 3.48 plddt 0.50 ptm 0.88 i_ptm 0.53
42 models [0] recycles 0 hard 0 soft 0 temp 0.18 loss 3.81 i_con 3.76 plddt 0.48 ptm 0.87 i_ptm 0.51
43 models [0] recycles 0 hard 0 soft 0 temp 0.16 loss 3.52 i_con 3.47 plddt 0.53 ptm 0.88 i_ptm 0.54
44 models [0] recycles 0 hard 0 soft 0 temp 0.14 loss 3.33 i_con 3.29 plddt 0.54 ptm 0.88 i_ptm 0.56
45 models [0] recycles 0 hard 0 soft 0 temp 0.12 loss 3.74 i_con 3.70 plddt 0.53 ptm 0.88 i_ptm 0.50
46 models [0] recycles 0 hard 0 soft 0 temp 0.10 loss 3.40 i_con 3.36 plddt 0.54 ptm 0.88 i_ptm 0.57
47 models [1] recycles 0 hard 0 soft 0 temp 0.08 loss 4.10 i_con 4.04 plddt 0.46 ptm 0.89 i_ptm 0.40
48 models [0] recycles 0 hard 0 soft 0 temp 0.06 loss 3.49 i_con 3.44 plddt 0.52 ptm 0.88 i_ptm 0.54
49 models [0] recycles 0 hard 0 soft 0 temp 0.04 loss 4.05 i_con 4.00 plddt 0.45 ptm 0.87 i_ptm 0.42
50 models [1] recycles 0 hard 0 soft 0 temp 0.02 loss 3.39 i_con 3.35 plddt 0.56 ptm 0.90 i_ptm 0.56
51 models [1] recycles 0 hard 1 soft 0 temp 0.00 loss 5.97 i_con 5.91 plddt 0.39 ptm 0.89 i_ptm 0.10
52 models [0] recycles 0 hard 1 soft 0 temp 0.00 loss 5.19 i_con 5.12 plddt 0.30 ptm 0.87 i_ptm 0.17
53 models [1] recycles 0 hard 1 soft 0 temp 0.00 loss 5.97 i_con 5.91 plddt 0.39 ptm 0.89 i_ptm 0.10
54 models [1] recycles 0 hard 1 soft 0 temp 0.00 loss 5.97 i_con 5.91 plddt 0.39 ptm 0.89 i_ptm 0.10
55 models [0] recycles 0 hard 1 soft 0 temp 0.00 loss 5.19 i_con 5.12 plddt 0.30 ptm 0.87 i_ptm 0.17
56 models [0] recycles 0 hard 1 soft 0 temp 0.00 loss 5.19 i_con 5.12 plddt 0.30 ptm 0.87 i_ptm 0.17
57 models [0] recycles 0 hard 1 soft 0 temp 0.00 loss 5.19 i_con 5.12 plddt 0.30 ptm 0.87 i_ptm 0.17
58 models [1] recycles 0 hard 1 soft 0 temp 0.00 loss 5.97 i_con 5.91 plddt 0.39 ptm 0.89 i_ptm 0.10
59 models [0] recycles 0 hard 1 soft 0 temp 0.00 loss 5.19 i_con 5.12 plddt 0.30 ptm 0.87 i_ptm 0.17
60 models [1] recycles 0 hard 1 soft 0 temp 0.00 loss 5.97 i_con 5.91 plddt 0.39 ptm 0.89 i_ptm 0.10
61 models [1] recycles 0 hard 1 soft 0 temp 0.00 loss 5.97 i_con 5.91 plddt 0.39 ptm 0.89 i_ptm 0.10
62 models [0] recycles 0 hard 1 soft 0 temp 0.00 loss 5.19 i_con 5.12 plddt 0.30 ptm 0.87 i_ptm 0.17
63 models [0] recycles 0 hard 1 soft 0 temp 0.00 loss 5.19 i_con 5.12 plddt 0.30 ptm 0.87 i_ptm 0.17
64 models [1] recycles 0 hard 1 soft 0 temp 0.00 loss 5.97 i_con 5.91 plddt 0.39 ptm 0.89 i_ptm 0.10
65 models [0] recycles 0 hard 1 soft 0 temp 0.00 loss 5.19 i_con 5.12 plddt 0.30 ptm 0.87 i_ptm 0.17
66 models [0] recycles 0 hard 1 soft 0 temp 0.00 loss 5.19 i_con 5.12 plddt 0.30 ptm 0.87 i_ptm 0.17
67 models [0] recycles 0 hard 1 soft 0 temp 0.00 loss 5.19 i_con 5.12 plddt 0.30 ptm 0.87 i_ptm 0.17
68 models [0] recycles 0 hard 1 soft 0 temp 0.00 loss 5.19 i_con 5.12 plddt 0.30 ptm 0.87 i_ptm 0.17
69 models [1] recycles 0 hard 1 soft 0 temp 0.00 loss 5.97 i_con 5.91 plddt 0.39 ptm 0.89 i_ptm 0.10
70 models [1] recycles 0 hard 1 soft 0 temp 0.00 loss 5.97 i_con 5.91 plddt 0.39 ptm 0.89 i_ptm 0.10
71 models [0] recycles 0 hard 1 soft 0 temp 0.00 loss 5.19 i_con 5.12 plddt 0.30 ptm 0.87 i_ptm 0.17
72 models [0] recycles 0 hard 1 soft 0 temp 0.00 loss 5.19 i_con 5.12 plddt 0.30 ptm 0.87 i_ptm 0.17
73 models [1] recycles 0 hard 1 soft 0 temp 0.00 loss 5.97 i_con 5.91 plddt 0.39 ptm 0.89 i_ptm 0.10
74 models [1] recycles 0 hard 1 soft 0 temp 0.00 loss 5.97 i_con 5.91 plddt 0.39 ptm 0.89 i_ptm 0.10
75 models [1] recycles 0 hard 1 soft 0 temp 0.00 loss 5.97 i_con 5.91 plddt 0.39 ptm 0.89 i_ptm 0.10
76 models [1] recycles 0 hard 1 soft 0 temp 0.00 loss 5.97 i_con 5.91 plddt 0.39 ptm 0.89 i_ptm 0.10
77 models [0] recycles 0 hard 1 soft 0 temp 0.00 loss 5.19 i_con 5.12 plddt 0.30 ptm 0.87 i_ptm 0.17
78 models [0] recycles 0 hard 1 soft 0 temp 0.00 loss 5.19 i_con 5.12 plddt 0.30 ptm 0.87 i_ptm 0.17
79 models [0] recycles 0 hard 1 soft 0 temp 0.00 loss 5.19 i_con 5.12 plddt 0.30 ptm 0.87 i_ptm 0.17
80 models [1] recycles 0 hard 1 soft 0 temp 0.00 loss 5.97 i_con 5.91 plddt 0.39 ptm 0.89 i_ptm 0.10
  → seq=GWKQPTVSMKIIKKL  loss=5.9669  loss_af=5.9669  energy=-2.9032  i_ptm=0.1013
[15/20] input=GWKQPTCSMKICKKL  seed=2 ...
1 models [1] recycles 0 hard 0 soft 0 temp 1 loss 6.64 i_con 6.59 plddt 0.44 ptm 0.88 i_ptm 0.14
2 models [0] recycles 0 hard 0 soft 0 temp 0.98 loss 6.26 i_con 6.20 plddt 0.35 ptm 0.87 i_ptm 0.20
3 models [0] recycles 0 hard 0 soft 0 temp 0.96 loss 5.82 i_con 5.76 plddt 0.37 ptm 0.86 i_ptm 0.15
4 models [1] recycles 0 hard 0 soft 0 temp 0.94 loss 6.00 i_con 5.94 plddt 0.44 ptm 0.88 i_ptm 0.13
5 models [1] recycles 0 hard 0 soft 0 temp 0.92 loss 5.53 i_con 5.48 plddt 0.41 ptm 0.88 i_ptm 0.17
6 models [0] recycles 0 hard 0 soft 0 temp 0.90 loss 5.69 i_con 5.62 plddt 0.37 ptm 0.87 i_ptm 0.17
7 models [1] recycles 0 hard 0 soft 0 temp 0.88 loss 5.97 i_con 5.91 plddt 0.39 ptm 0.88 i_ptm 0.13
8 models [0] recycles 0 hard 0 soft 0 temp 0.86 loss 5.71 i_con 5.65 plddt 0.36 ptm 0.87 i_ptm 0.17
9 models [1] recycles 0 hard 0 soft 0 temp 0.84 loss 5.46 i_con 5.40 plddt 0.42 ptm 0.88 i_ptm 0.18
10 models [0] recycles 0 hard 0 soft 0 temp 0.82 loss 4.98 i_con 4.91 plddt 0.36 ptm 0.87 i_ptm 0.21
11 models [1] recycles 0 hard 0 soft 0 temp 0.80 loss 5.25 i_con 5.19 plddt 0.41 ptm 0.88 i_ptm 0.21
12 models [0] recycles 0 hard 0 soft 0 temp 0.78 loss 5.14 i_con 5.07 plddt 0.36 ptm 0.87 i_ptm 0.22
13 models [0] recycles 0 hard 0 soft 0 temp 0.76 loss 5.13 i_con 5.07 plddt 0.40 ptm 0.86 i_ptm 0.22
14 models [0] recycles 0 hard 0 soft 0 temp 0.74 loss 4.94 i_con 4.88 plddt 0.42 ptm 0.87 i_ptm 0.25
15 models [0] recycles 0 hard 0 soft 0 temp 0.72 loss 5.01 i_con 4.95 plddt 0.39 ptm 0.87 i_ptm 0.21
16 models [0] recycles 0 hard 0 soft 0 temp 0.70 loss 4.87 i_con 4.81 plddt 0.39 ptm 0.87 i_ptm 0.22
17 models [0] recycles 0 hard 0 soft 0 temp 0.68 loss 4.90 i_con 4.84 plddt 0.42 ptm 0.87 i_ptm 0.25
18 models [0] recycles 0 hard 0 soft 0 temp 0.66 loss 4.75 i_con 4.69 plddt 0.41 ptm 0.87 i_ptm 0.24
19 models [1] recycles 0 hard 0 soft 0 temp 0.64 loss 4.66 i_con 4.60 plddt 0.44 ptm 0.89 i_ptm 0.32
20 models [1] recycles 0 hard 0 soft 0 temp 0.62 loss 4.49 i_con 4.44 plddt 0.47 ptm 0.89 i_ptm 0.37
21 models [1] recycles 0 hard 0 soft 0 temp 0.60 loss 5.11 i_con 5.05 plddt 0.41 ptm 0.88 i_ptm 0.19
22 models [1] recycles 0 hard 0 soft 0 temp 0.58 loss 5.05 i_con 4.99 plddt 0.40 ptm 0.88 i_ptm 0.24
23 models [0] recycles 0 hard 0 soft 0 temp 0.56 loss 4.65 i_con 4.59 plddt 0.43 ptm 0.87 i_ptm 0.28
24 models [0] recycles 0 hard 0 soft 0 temp 0.54 loss 4.68 i_con 4.62 plddt 0.40 ptm 0.87 i_ptm 0.32
25 models [0] recycles 0 hard 0 soft 0 temp 0.52 loss 4.41 i_con 4.35 plddt 0.42 ptm 0.87 i_ptm 0.38
26 models [1] recycles 0 hard 0 soft 0 temp 0.50 loss 4.58 i_con 4.53 plddt 0.46 ptm 0.89 i_ptm 0.34
27 models [1] recycles 0 hard 0 soft 0 temp 0.48 loss 4.10 i_con 4.06 plddt 0.51 ptm 0.89 i_ptm 0.47
28 models [1] recycles 0 hard 0 soft 0 temp 0.46 loss 4.16 i_con 4.11 plddt 0.49 ptm 0.89 i_ptm 0.42
29 models [0] recycles 0 hard 0 soft 0 temp 0.44 loss 4.53 i_con 4.48 plddt 0.44 ptm 0.87 i_ptm 0.33
30 models [0] recycles 0 hard 0 soft 0 temp 0.42 loss 4.56 i_con 4.50 plddt 0.43 ptm 0.87 i_ptm 0.35
31 models [0] recycles 0 hard 0 soft 0 temp 0.40 loss 4.45 i_con 4.39 plddt 0.47 ptm 0.87 i_ptm 0.36
32 models [1] recycles 0 hard 0 soft 0 temp 0.38 loss 4.11 i_con 4.06 plddt 0.53 ptm 0.89 i_ptm 0.49
33 models [1] recycles 0 hard 0 soft 0 temp 0.36 loss 3.98 i_con 3.94 plddt 0.56 ptm 0.90 i_ptm 0.47
34 models [0] recycles 0 hard 0 soft 0 temp 0.34 loss 4.22 i_con 4.17 plddt 0.49 ptm 0.87 i_ptm 0.43
35 models [1] recycles 0 hard 0 soft 0 temp 0.32 loss 3.97 i_con 3.93 plddt 0.58 ptm 0.90 i_ptm 0.52
36 models [1] recycles 0 hard 0 soft 0 temp 0.30 loss 3.53 i_con 3.49 plddt 0.67 ptm 0.91 i_ptm 0.68
37 models [0] recycles 0 hard 0 soft 0 temp 0.28 loss 4.20 i_con 4.15 plddt 0.50 ptm 0.87 i_ptm 0.46
38 models [0] recycles 0 hard 0 soft 0 temp 0.26 loss 4.10 i_con 4.05 plddt 0.51 ptm 0.88 i_ptm 0.46
39 models [0] recycles 0 hard 0 soft 0 temp 0.24 loss 4.20 i_con 4.15 plddt 0.50 ptm 0.87 i_ptm 0.45
40 models [1] recycles 0 hard 0 soft 0 temp 0.22 loss 3.45 i_con 3.42 plddt 0.67 ptm 0.91 i_ptm 0.68
41 models [1] recycles 0 hard 0 soft 0 temp 0.20 loss 3.47 i_con 3.44 plddt 0.67 ptm 0.90 i_ptm 0.69
42 models [1] recycles 0 hard 0 soft 0 temp 0.18 loss 3.76 i_con 3.72 plddt 0.61 ptm 0.90 i_ptm 0.60
43 models [1] recycles 0 hard 0 soft 0 temp 0.16 loss 3.41 i_con 3.37 plddt 0.68 ptm 0.91 i_ptm 0.71
44 models [0] recycles 0 hard 0 soft 0 temp 0.14 loss 3.86 i_con 3.82 plddt 0.56 ptm 0.89 i_ptm 0.56
45 models [0] recycles 0 hard 0 soft 0 temp 0.12 loss 4.06 i_con 4.01 plddt 0.50 ptm 0.88 i_ptm 0.49
46 models [0] recycles 0 hard 0 soft 0 temp 0.10 loss 3.77 i_con 3.73 plddt 0.59 ptm 0.88 i_ptm 0.56
47 models [0] recycles 0 hard 0 soft 0 temp 0.08 loss 3.73 i_con 3.69 plddt 0.59 ptm 0.88 i_ptm 0.57
48 models [1] recycles 0 hard 0 soft 0 temp 0.06 loss 3.59 i_con 3.55 plddt 0.61 ptm 0.90 i_ptm 0.58
49 models [1] recycles 0 hard 0 soft 0 temp 0.04 loss 3.21 i_con 3.18 plddt 0.69 ptm 0.90 i_ptm 0.70
50 models [1] recycles 0 hard 0 soft 0 temp 0.02 loss 3.25 i_con 3.22 plddt 0.70 ptm 0.91 i_ptm 0.72
51 models [1] recycles 0 hard 1 soft 0 temp 0.00 loss 6.53 i_con 6.47 plddt 0.40 ptm 0.89 i_ptm 0.11
52 models [1] recycles 0 hard 1 soft 0 temp 0.00 loss 6.53 i_con 6.47 plddt 0.40 ptm 0.89 i_ptm 0.11
53 models [1] recycles 0 hard 1 soft 0 temp 0.00 loss 6.53 i_con 6.47 plddt 0.40 ptm 0.89 i_ptm 0.11
54 models [1] recycles 0 hard 1 soft 0 temp 0.00 loss 6.53 i_con 6.47 plddt 0.40 ptm 0.89 i_ptm 0.11
55 models [1] recycles 0 hard 1 soft 0 temp 0.00 loss 6.53 i_con 6.47 plddt 0.40 ptm 0.89 i_ptm 0.11
56 models [0] recycles 0 hard 1 soft 0 temp 0.00 loss 5.87 i_con 5.80 plddt 0.30 ptm 0.87 i_ptm 0.20
57 models [0] recycles 0 hard 1 soft 0 temp 0.00 loss 5.87 i_con 5.80 plddt 0.30 ptm 0.87 i_ptm 0.20
58 models [0] recycles 0 hard 1 soft 0 temp 0.00 loss 5.87 i_con 5.80 plddt 0.30 ptm 0.87 i_ptm 0.20
59 models [0] recycles 0 hard 1 soft 0 temp 0.00 loss 5.87 i_con 5.80 plddt 0.30 ptm 0.87 i_ptm 0.20
60 models [0] recycles 0 hard 1 soft 0 temp 0.00 loss 5.87 i_con 5.80 plddt 0.30 ptm 0.87 i_ptm 0.20
61 models [1] recycles 0 hard 1 soft 0 temp 0.00 loss 6.53 i_con 6.47 plddt 0.40 ptm 0.89 i_ptm 0.11
62 models [1] recycles 0 hard 1 soft 0 temp 0.00 loss 6.53 i_con 6.47 plddt 0.40 ptm 0.89 i_ptm 0.11
63 models [1] recycles 0 hard 1 soft 0 temp 0.00 loss 6.53 i_con 6.47 plddt 0.40 ptm 0.89 i_ptm 0.11
64 models [0] recycles 0 hard 1 soft 0 temp 0.00 loss 5.87 i_con 5.80 plddt 0.30 ptm 0.87 i_ptm 0.20
65 models [1] recycles 0 hard 1 soft 0 temp 0.00 loss 6.53 i_con 6.47 plddt 0.40 ptm 0.89 i_ptm 0.11
66 models [0] recycles 0 hard 1 soft 0 temp 0.00 loss 5.87 i_con 5.80 plddt 0.30 ptm 0.87 i_ptm 0.20
67 models [0] recycles 0 hard 1 soft 0 temp 0.00 loss 5.87 i_con 5.80 plddt 0.30 ptm 0.87 i_ptm 0.20
68 models [0] recycles 0 hard 1 soft 0 temp 0.00 loss 5.87 i_con 5.80 plddt 0.30 ptm 0.87 i_ptm 0.20
69 models [1] recycles 0 hard 1 soft 0 temp 0.00 loss 6.53 i_con 6.47 plddt 0.40 ptm 0.89 i_ptm 0.11
70 models [0] recycles 0 hard 1 soft 0 temp 0.00 loss 5.87 i_con 5.80 plddt 0.30 ptm 0.87 i_ptm 0.20
71 models [0] recycles 0 hard 1 soft 0 temp 0.00 loss 5.87 i_con 5.80 plddt 0.30 ptm 0.87 i_ptm 0.20
72 models [1] recycles 0 hard 1 soft 0 temp 0.00 loss 6.53 i_con 6.47 plddt 0.40 ptm 0.89 i_ptm 0.11
73 models [1] recycles 0 hard 1 soft 0 temp 0.00 loss 6.53 i_con 6.47 plddt 0.40 ptm 0.89 i_ptm 0.11
74 models [1] recycles 0 hard 1 soft 0 temp 0.00 loss 6.53 i_con 6.47 plddt 0.40 ptm 0.89 i_ptm 0.11
75 models [0] recycles 0 hard 1 soft 0 temp 0.00 loss 5.87 i_con 5.80 plddt 0.30 ptm 0.87 i_ptm 0.20
76 models [0] recycles 0 hard 1 soft 0 temp 0.00 loss 5.87 i_con 5.80 plddt 0.30 ptm 0.87 i_ptm 0.20
77 models [0] recycles 0 hard 1 soft 0 temp 0.00 loss 5.87 i_con 5.80 plddt 0.30 ptm 0.87 i_ptm 0.20
78 models [0] recycles 0 hard 1 soft 0 temp 0.00 loss 5.87 i_con 5.80 plddt 0.30 ptm 0.87 i_ptm 0.20
79 models [1] recycles 0 hard 1 soft 0 temp 0.00 loss 6.53 i_con 6.47 plddt 0.40 ptm 0.89 i_ptm 0.11
80 models [1] recycles 0 hard 1 soft 0 temp 0.00 loss 6.53 i_con 6.47 plddt 0.40 ptm 0.89 i_ptm 0.11
  → seq=GWKQVTCSMPIQKKL  loss=6.5336  loss_af=6.5336  energy=-0.5729  i_ptm=0.1063
[16/20] input=GWKQPTCSMKICKKL  seed=3 ...
1 models [1] recycles 0 hard 0 soft 0 temp 1 loss 6.62 i_con 6.56 plddt 0.40 ptm 0.88 i_ptm 0.13
2 models [1] recycles 0 hard 0 soft 0 temp 0.98 loss 6.33 i_con 6.28 plddt 0.42 ptm 0.88 i_ptm 0.09
3 models [0] recycles 0 hard 0 soft 0 temp 0.96 loss 6.16 i_con 6.10 plddt 0.36 ptm 0.86 i_ptm 0.15
4 models [0] recycles 0 hard 0 soft 0 temp 0.94 loss 5.87 i_con 5.80 plddt 0.36 ptm 0.87 i_ptm 0.17
5 models [1] recycles 0 hard 0 soft 0 temp 0.92 loss 5.92 i_con 5.86 plddt 0.42 ptm 0.88 i_ptm 0.15
6 models [1] recycles 0 hard 0 soft 0 temp 0.90 loss 5.70 i_con 5.64 plddt 0.40 ptm 0.88 i_ptm 0.16
7 models [1] recycles 0 hard 0 soft 0 temp 0.88 loss 5.30 i_con 5.24 plddt 0.36 ptm 0.88 i_ptm 0.17
8 models [0] recycles 0 hard 0 soft 0 temp 0.86 loss 5.21 i_con 5.15 plddt 0.35 ptm 0.87 i_ptm 0.20
9 models [0] recycles 0 hard 0 soft 0 temp 0.84 loss 5.10 i_con 5.03 plddt 0.34 ptm 0.86 i_ptm 0.18
10 models [0] recycles 0 hard 0 soft 0 temp 0.82 loss 4.84 i_con 4.77 plddt 0.36 ptm 0.87 i_ptm 0.21
11 models [1] recycles 0 hard 0 soft 0 temp 0.80 loss 5.22 i_con 5.16 plddt 0.41 ptm 0.88 i_ptm 0.21
12 models [0] recycles 0 hard 0 soft 0 temp 0.78 loss 4.88 i_con 4.82 plddt 0.37 ptm 0.87 i_ptm 0.24
13 models [0] recycles 0 hard 0 soft 0 temp 0.76 loss 4.81 i_con 4.75 plddt 0.37 ptm 0.87 i_ptm 0.25
14 models [0] recycles 0 hard 0 soft 0 temp 0.74 loss 4.86 i_con 4.80 plddt 0.35 ptm 0.87 i_ptm 0.22
15 models [1] recycles 0 hard 0 soft 0 temp 0.72 loss 5.13 i_con 5.07 plddt 0.38 ptm 0.89 i_ptm 0.19
16 models [0] recycles 0 hard 0 soft 0 temp 0.70 loss 4.73 i_con 4.67 plddt 0.36 ptm 0.87 i_ptm 0.23
17 models [0] recycles 0 hard 0 soft 0 temp 0.68 loss 4.67 i_con 4.61 plddt 0.38 ptm 0.87 i_ptm 0.26
18 models [1] recycles 0 hard 0 soft 0 temp 0.66 loss 4.84 i_con 4.78 plddt 0.39 ptm 0.89 i_ptm 0.24
19 models [1] recycles 0 hard 0 soft 0 temp 0.64 loss 4.88 i_con 4.82 plddt 0.38 ptm 0.89 i_ptm 0.25
20 models [1] recycles 0 hard 0 soft 0 temp 0.62 loss 4.46 i_con 4.41 plddt 0.44 ptm 0.89 i_ptm 0.36
21 models [1] recycles 0 hard 0 soft 0 temp 0.60 loss 4.89 i_con 4.83 plddt 0.40 ptm 0.88 i_ptm 0.25
22 models [0] recycles 0 hard 0 soft 0 temp 0.58 loss 4.55 i_con 4.49 plddt 0.40 ptm 0.87 i_ptm 0.29
23 models [0] recycles 0 hard 0 soft 0 temp 0.56 loss 4.89 i_con 4.82 plddt 0.34 ptm 0.87 i_ptm 0.23
24 models [1] recycles 0 hard 0 soft 0 temp 0.54 loss 4.90 i_con 4.84 plddt 0.40 ptm 0.89 i_ptm 0.28
25 models [1] recycles 0 hard 0 soft 0 temp 0.52 loss 4.90 i_con 4.84 plddt 0.37 ptm 0.89 i_ptm 0.26
26 models [1] recycles 0 hard 0 soft 0 temp 0.50 loss 5.01 i_con 4.95 plddt 0.41 ptm 0.89 i_ptm 0.24
27 models [0] recycles 0 hard 0 soft 0 temp 0.48 loss 4.80 i_con 4.73 plddt 0.37 ptm 0.87 i_ptm 0.26
28 models [1] recycles 0 hard 0 soft 0 temp 0.46 loss 4.38 i_con 4.32 plddt 0.41 ptm 0.89 i_ptm 0.38
29 models [1] recycles 0 hard 0 soft 0 temp 0.44 loss 4.60 i_con 4.54 plddt 0.40 ptm 0.89 i_ptm 0.34
30 models [1] recycles 0 hard 0 soft 0 temp 0.42 loss 4.44 i_con 4.38 plddt 0.41 ptm 0.89 i_ptm 0.35
31 models [1] recycles 0 hard 0 soft 0 temp 0.40 loss 4.45 i_con 4.39 plddt 0.41 ptm 0.89 i_ptm 0.34
32 models [0] recycles 0 hard 0 soft 0 temp 0.38 loss 4.46 i_con 4.39 plddt 0.37 ptm 0.87 i_ptm 0.33
33 models [1] recycles 0 hard 0 soft 0 temp 0.36 loss 4.21 i_con 4.15 plddt 0.47 ptm 0.90 i_ptm 0.48
34 models [0] recycles 0 hard 0 soft 0 temp 0.34 loss 4.96 i_con 4.89 plddt 0.33 ptm 0.87 i_ptm 0.18
35 models [0] recycles 0 hard 0 soft 0 temp 0.32 loss 4.72 i_con 4.65 plddt 0.35 ptm 0.87 i_ptm 0.25
36 models [1] recycles 0 hard 0 soft 0 temp 0.30 loss 4.47 i_con 4.41 plddt 0.41 ptm 0.89 i_ptm 0.33
37 models [0] recycles 0 hard 0 soft 0 temp 0.28 loss 4.29 i_con 4.23 plddt 0.41 ptm 0.88 i_ptm 0.39
38 models [1] recycles 0 hard 0 soft 0 temp 0.26 loss 4.24 i_con 4.18 plddt 0.45 ptm 0.89 i_ptm 0.43
39 models [1] recycles 0 hard 0 soft 0 temp 0.24 loss 4.86 i_con 4.79 plddt 0.37 ptm 0.88 i_ptm 0.24
40 models [0] recycles 0 hard 0 soft 0 temp 0.22 loss 4.29 i_con 4.23 plddt 0.41 ptm 0.87 i_ptm 0.39
41 models [0] recycles 0 hard 0 soft 0 temp 0.20 loss 4.07 i_con 4.01 plddt 0.44 ptm 0.87 i_ptm 0.45
42 models [1] recycles 0 hard 0 soft 0 temp 0.18 loss 4.51 i_con 4.45 plddt 0.39 ptm 0.89 i_ptm 0.33
43 models [1] recycles 0 hard 0 soft 0 temp 0.16 loss 4.35 i_con 4.30 plddt 0.45 ptm 0.89 i_ptm 0.38
44 models [0] recycles 0 hard 0 soft 0 temp 0.14 loss 4.43 i_con 4.37 plddt 0.38 ptm 0.87 i_ptm 0.33
45 models [1] recycles 0 hard 0 soft 0 temp 0.12 loss 4.39 i_con 4.33 plddt 0.39 ptm 0.89 i_ptm 0.36
46 models [0] recycles 0 hard 0 soft 0 temp 0.10 loss 4.19 i_con 4.13 plddt 0.44 ptm 0.87 i_ptm 0.43
47 models [1] recycles 0 hard 0 soft 0 temp 0.08 loss 4.43 i_con 4.37 plddt 0.43 ptm 0.89 i_ptm 0.37
48 models [0] recycles 0 hard 0 soft 0 temp 0.06 loss 4.40 i_con 4.34 plddt 0.41 ptm 0.87 i_ptm 0.34
49 models [0] recycles 0 hard 0 soft 0 temp 0.04 loss 4.43 i_con 4.37 plddt 0.43 ptm 0.87 i_ptm 0.37
50 models [0] recycles 0 hard 0 soft 0 temp 0.02 loss 4.11 i_con 4.05 plddt 0.42 ptm 0.87 i_ptm 0.41
51 models [0] recycles 0 hard 1 soft 0 temp 0.00 loss 5.66 i_con 5.60 plddt 0.31 ptm 0.87 i_ptm 0.15
52 models [1] recycles 0 hard 1 soft 0 temp 0.00 loss 6.47 i_con 6.41 plddt 0.41 ptm 0.89 i_ptm 0.09
53 models [0] recycles 0 hard 1 soft 0 temp 0.00 loss 5.66 i_con 5.60 plddt 0.31 ptm 0.87 i_ptm 0.15
54 models [1] recycles 0 hard 1 soft 0 temp 0.00 loss 6.47 i_con 6.41 plddt 0.41 ptm 0.89 i_ptm 0.09
55 models [1] recycles 0 hard 1 soft 0 temp 0.00 loss 6.47 i_con 6.41 plddt 0.41 ptm 0.89 i_ptm 0.09
56 models [0] recycles 0 hard 1 soft 0 temp 0.00 loss 5.66 i_con 5.60 plddt 0.31 ptm 0.87 i_ptm 0.15
57 models [0] recycles 0 hard 1 soft 0 temp 0.00 loss 5.66 i_con 5.60 plddt 0.31 ptm 0.87 i_ptm 0.15
58 models [0] recycles 0 hard 1 soft 0 temp 0.00 loss 5.66 i_con 5.60 plddt 0.31 ptm 0.87 i_ptm 0.15
59 models [1] recycles 0 hard 1 soft 0 temp 0.00 loss 6.47 i_con 6.41 plddt 0.41 ptm 0.89 i_ptm 0.09
60 models [1] recycles 0 hard 1 soft 0 temp 0.00 loss 6.47 i_con 6.41 plddt 0.41 ptm 0.89 i_ptm 0.09
61 models [1] recycles 0 hard 1 soft 0 temp 0.00 loss 6.47 i_con 6.41 plddt 0.41 ptm 0.89 i_ptm 0.09
62 models [0] recycles 0 hard 1 soft 0 temp 0.00 loss 5.66 i_con 5.60 plddt 0.31 ptm 0.87 i_ptm 0.15
63 models [1] recycles 0 hard 1 soft 0 temp 0.00 loss 6.47 i_con 6.41 plddt 0.41 ptm 0.89 i_ptm 0.09
64 models [1] recycles 0 hard 1 soft 0 temp 0.00 loss 6.47 i_con 6.41 plddt 0.41 ptm 0.89 i_ptm 0.09
65 models [1] recycles 0 hard 1 soft 0 temp 0.00 loss 6.47 i_con 6.41 plddt 0.41 ptm 0.89 i_ptm 0.09
66 models [0] recycles 0 hard 1 soft 0 temp 0.00 loss 5.66 i_con 5.60 plddt 0.31 ptm 0.87 i_ptm 0.15
67 models [1] recycles 0 hard 1 soft 0 temp 0.00 loss 6.47 i_con 6.41 plddt 0.41 ptm 0.89 i_ptm 0.09
68 models [1] recycles 0 hard 1 soft 0 temp 0.00 loss 6.47 i_con 6.41 plddt 0.41 ptm 0.89 i_ptm 0.09
69 models [0] recycles 0 hard 1 soft 0 temp 0.00 loss 5.66 i_con 5.60 plddt 0.31 ptm 0.87 i_ptm 0.15
70 models [0] recycles 0 hard 1 soft 0 temp 0.00 loss 5.66 i_con 5.60 plddt 0.31 ptm 0.87 i_ptm 0.15
71 models [1] recycles 0 hard 1 soft 0 temp 0.00 loss 6.47 i_con 6.41 plddt 0.41 ptm 0.89 i_ptm 0.09
72 models [1] recycles 0 hard 1 soft 0 temp 0.00 loss 6.47 i_con 6.41 plddt 0.41 ptm 0.89 i_ptm 0.09
73 models [0] recycles 0 hard 1 soft 0 temp 0.00 loss 5.66 i_con 5.60 plddt 0.31 ptm 0.87 i_ptm 0.15
74 models [0] recycles 0 hard 1 soft 0 temp 0.00 loss 5.66 i_con 5.60 plddt 0.31 ptm 0.87 i_ptm 0.15
75 models [0] recycles 0 hard 1 soft 0 temp 0.00 loss 5.66 i_con 5.60 plddt 0.31 ptm 0.87 i_ptm 0.15
76 models [1] recycles 0 hard 1 soft 0 temp 0.00 loss 6.47 i_con 6.41 plddt 0.41 ptm 0.89 i_ptm 0.09
77 models [0] recycles 0 hard 1 soft 0 temp 0.00 loss 5.66 i_con 5.60 plddt 0.31 ptm 0.87 i_ptm 0.15
78 models [0] recycles 0 hard 1 soft 0 temp 0.00 loss 5.66 i_con 5.60 plddt 0.31 ptm 0.87 i_ptm 0.15
79 models [0] recycles 0 hard 1 soft 0 temp 0.00 loss 5.66 i_con 5.60 plddt 0.31 ptm 0.87 i_ptm 0.15
80 models [0] recycles 0 hard 1 soft 0 temp 0.00 loss 5.66 i_con 5.60 plddt 0.31 ptm 0.87 i_ptm 0.15
  → seq=GWKQPTCSMKIIKKL  loss=5.6640  loss_af=5.6640  energy=-3.7414  i_ptm=0.1524
[17/20] input=FWLSRMSSPNMKEWA  seed=0 ...
1 models [1] recycles 0 hard 0 soft 0 temp 1 loss 5.53 i_con 5.47 plddt 0.39 ptm 0.88 i_ptm 0.10
2 models [0] recycles 0 hard 0 soft 0 temp 0.98 loss 4.69 i_con 4.62 plddt 0.34 ptm 0.87 i_ptm 0.20
3 models [0] recycles 0 hard 0 soft 0 temp 0.96 loss 4.72 i_con 4.65 plddt 0.34 ptm 0.87 i_ptm 0.19
4 models [1] recycles 0 hard 0 soft 0 temp 0.94 loss 4.86 i_con 4.80 plddt 0.38 ptm 0.88 i_ptm 0.13
5 models [0] recycles 0 hard 0 soft 0 temp 0.92 loss 4.73 i_con 4.66 plddt 0.32 ptm 0.87 i_ptm 0.17
6 models [0] recycles 0 hard 0 soft 0 temp 0.90 loss 4.46 i_con 4.40 plddt 0.36 ptm 0.87 i_ptm 0.19
7 models [0] recycles 0 hard 0 soft 0 temp 0.88 loss 4.52 i_con 4.45 plddt 0.33 ptm 0.87 i_ptm 0.19
8 models [0] recycles 0 hard 0 soft 0 temp 0.86 loss 4.07 i_con 4.00 plddt 0.33 ptm 0.87 i_ptm 0.25
9 models [0] recycles 0 hard 0 soft 0 temp 0.84 loss 4.17 i_con 4.10 plddt 0.33 ptm 0.87 i_ptm 0.26
10 models [0] recycles 0 hard 0 soft 0 temp 0.82 loss 4.09 i_con 4.02 plddt 0.34 ptm 0.87 i_ptm 0.27
11 models [0] recycles 0 hard 0 soft 0 temp 0.80 loss 4.06 i_con 4.00 plddt 0.36 ptm 0.87 i_ptm 0.26
12 models [1] recycles 0 hard 0 soft 0 temp 0.78 loss 4.14 i_con 4.08 plddt 0.36 ptm 0.89 i_ptm 0.23
13 models [1] recycles 0 hard 0 soft 0 temp 0.76 loss 3.82 i_con 3.76 plddt 0.40 ptm 0.89 i_ptm 0.31
14 models [0] recycles 0 hard 0 soft 0 temp 0.74 loss 3.97 i_con 3.91 plddt 0.39 ptm 0.87 i_ptm 0.29
15 models [1] recycles 0 hard 0 soft 0 temp 0.72 loss 4.00 i_con 3.94 plddt 0.37 ptm 0.89 i_ptm 0.27
16 models [1] recycles 0 hard 0 soft 0 temp 0.70 loss 3.87 i_con 3.81 plddt 0.36 ptm 0.89 i_ptm 0.28
17 models [1] recycles 0 hard 0 soft 0 temp 0.68 loss 3.52 i_con 3.46 plddt 0.39 ptm 0.89 i_ptm 0.36
18 models [1] recycles 0 hard 0 soft 0 temp 0.66 loss 4.12 i_con 4.05 plddt 0.37 ptm 0.89 i_ptm 0.25
19 models [1] recycles 0 hard 0 soft 0 temp 0.64 loss 3.79 i_con 3.72 plddt 0.38 ptm 0.89 i_ptm 0.32
20 models [0] recycles 0 hard 0 soft 0 temp 0.62 loss 3.97 i_con 3.91 plddt 0.35 ptm 0.87 i_ptm 0.28
21 models [1] recycles 0 hard 0 soft 0 temp 0.60 loss 3.42 i_con 3.37 plddt 0.41 ptm 0.89 i_ptm 0.35
22 models [0] recycles 0 hard 0 soft 0 temp 0.58 loss 3.63 i_con 3.57 plddt 0.37 ptm 0.87 i_ptm 0.34
23 models [0] recycles 0 hard 0 soft 0 temp 0.56 loss 3.54 i_con 3.48 plddt 0.38 ptm 0.87 i_ptm 0.35
24 models [1] recycles 0 hard 0 soft 0 temp 0.54 loss 3.06 i_con 3.00 plddt 0.43 ptm 0.90 i_ptm 0.43
25 models [1] recycles 0 hard 0 soft 0 temp 0.52 loss 3.48 i_con 3.42 plddt 0.40 ptm 0.89 i_ptm 0.34
26 models [0] recycles 0 hard 0 soft 0 temp 0.50 loss 3.62 i_con 3.56 plddt 0.36 ptm 0.88 i_ptm 0.34
27 models [0] recycles 0 hard 0 soft 0 temp 0.48 loss 3.43 i_con 3.37 plddt 0.41 ptm 0.88 i_ptm 0.37
28 models [0] recycles 0 hard 0 soft 0 temp 0.46 loss 3.42 i_con 3.36 plddt 0.39 ptm 0.88 i_ptm 0.37
29 models [0] recycles 0 hard 0 soft 0 temp 0.44 loss 3.47 i_con 3.41 plddt 0.39 ptm 0.87 i_ptm 0.36
30 models [1] recycles 0 hard 0 soft 0 temp 0.42 loss 3.07 i_con 3.01 plddt 0.43 ptm 0.89 i_ptm 0.42
31 models [0] recycles 0 hard 0 soft 0 temp 0.40 loss 3.52 i_con 3.46 plddt 0.36 ptm 0.87 i_ptm 0.34
32 models [1] recycles 0 hard 0 soft 0 temp 0.38 loss 3.43 i_con 3.36 plddt 0.39 ptm 0.89 i_ptm 0.39
33 models [0] recycles 0 hard 0 soft 0 temp 0.36 loss 3.34 i_con 3.28 plddt 0.39 ptm 0.87 i_ptm 0.38
34 models [1] recycles 0 hard 0 soft 0 temp 0.34 loss 2.96 i_con 2.90 plddt 0.43 ptm 0.89 i_ptm 0.45
35 models [0] recycles 0 hard 0 soft 0 temp 0.32 loss 3.05 i_con 2.99 plddt 0.42 ptm 0.88 i_ptm 0.42
36 models [0] recycles 0 hard 0 soft 0 temp 0.30 loss 3.22 i_con 3.16 plddt 0.41 ptm 0.88 i_ptm 0.41
37 models [1] recycles 0 hard 0 soft 0 temp 0.28 loss 3.13 i_con 3.07 plddt 0.43 ptm 0.90 i_ptm 0.42
38 models [0] recycles 0 hard 0 soft 0 temp 0.26 loss 3.23 i_con 3.17 plddt 0.41 ptm 0.88 i_ptm 0.41
39 models [0] recycles 0 hard 0 soft 0 temp 0.24 loss 3.11 i_con 3.05 plddt 0.43 ptm 0.88 i_ptm 0.41
40 models [1] recycles 0 hard 0 soft 0 temp 0.22 loss 3.08 i_con 3.02 plddt 0.45 ptm 0.90 i_ptm 0.47
41 models [1] recycles 0 hard 0 soft 0 temp 0.20 loss 2.78 i_con 2.73 plddt 0.49 ptm 0.90 i_ptm 0.49
42 models [0] recycles 0 hard 0 soft 0 temp 0.18 loss 3.45 i_con 3.39 plddt 0.42 ptm 0.88 i_ptm 0.37
43 models [1] recycles 0 hard 0 soft 0 temp 0.16 loss 2.97 i_con 2.92 plddt 0.46 ptm 0.89 i_ptm 0.44
44 models [0] recycles 0 hard 0 soft 0 temp 0.14 loss 3.13 i_con 3.07 plddt 0.42 ptm 0.88 i_ptm 0.42
45 models [0] recycles 0 hard 0 soft 0 temp 0.12 loss 2.98 i_con 2.93 plddt 0.44 ptm 0.88 i_ptm 0.45
46 models [0] recycles 0 hard 0 soft 0 temp 0.10 loss 3.25 i_con 3.19 plddt 0.40 ptm 0.88 i_ptm 0.39
47 models [0] recycles 0 hard 0 soft 0 temp 0.08 loss 2.84 i_con 2.79 plddt 0.46 ptm 0.88 i_ptm 0.47
48 models [0] recycles 0 hard 0 soft 0 temp 0.06 loss 3.13 i_con 3.08 plddt 0.42 ptm 0.88 i_ptm 0.44
49 models [1] recycles 0 hard 0 soft 0 temp 0.04 loss 2.81 i_con 2.76 plddt 0.47 ptm 0.90 i_ptm 0.47
50 models [0] recycles 0 hard 0 soft 0 temp 0.02 loss 3.20 i_con 3.14 plddt 0.44 ptm 0.88 i_ptm 0.41
51 models [1] recycles 0 hard 1 soft 0 temp 0.00 loss 4.82 i_con 4.75 plddt 0.33 ptm 0.89 i_ptm 0.12
52 models [0] recycles 0 hard 1 soft 0 temp 0.00 loss 4.66 i_con 4.59 plddt 0.30 ptm 0.87 i_ptm 0.17
53 models [0] recycles 0 hard 1 soft 0 temp 0.00 loss 4.66 i_con 4.59 plddt 0.30 ptm 0.87 i_ptm 0.17
54 models [0] recycles 0 hard 1 soft 0 temp 0.00 loss 4.66 i_con 4.59 plddt 0.30 ptm 0.87 i_ptm 0.17
55 models [0] recycles 0 hard 1 soft 0 temp 0.00 loss 4.66 i_con 4.59 plddt 0.30 ptm 0.87 i_ptm 0.17
56 models [1] recycles 0 hard 1 soft 0 temp 0.00 loss 4.82 i_con 4.75 plddt 0.33 ptm 0.89 i_ptm 0.12
57 models [0] recycles 0 hard 1 soft 0 temp 0.00 loss 4.66 i_con 4.59 plddt 0.30 ptm 0.87 i_ptm 0.17
58 models [1] recycles 0 hard 1 soft 0 temp 0.00 loss 4.82 i_con 4.75 plddt 0.33 ptm 0.89 i_ptm 0.12
59 models [1] recycles 0 hard 1 soft 0 temp 0.00 loss 4.82 i_con 4.75 plddt 0.33 ptm 0.89 i_ptm 0.12
60 models [0] recycles 0 hard 1 soft 0 temp 0.00 loss 4.66 i_con 4.59 plddt 0.30 ptm 0.87 i_ptm 0.17
61 models [0] recycles 0 hard 1 soft 0 temp 0.00 loss 4.66 i_con 4.59 plddt 0.30 ptm 0.87 i_ptm 0.17
62 models [1] recycles 0 hard 1 soft 0 temp 0.00 loss 4.82 i_con 4.75 plddt 0.33 ptm 0.89 i_ptm 0.12
63 models [0] recycles 0 hard 1 soft 0 temp 0.00 loss 4.66 i_con 4.59 plddt 0.30 ptm 0.87 i_ptm 0.17
64 models [1] recycles 0 hard 1 soft 0 temp 0.00 loss 4.82 i_con 4.75 plddt 0.33 ptm 0.89 i_ptm 0.12
65 models [0] recycles 0 hard 1 soft 0 temp 0.00 loss 4.66 i_con 4.59 plddt 0.30 ptm 0.87 i_ptm 0.17
66 models [1] recycles 0 hard 1 soft 0 temp 0.00 loss 4.82 i_con 4.75 plddt 0.33 ptm 0.89 i_ptm 0.12
67 models [1] recycles 0 hard 1 soft 0 temp 0.00 loss 4.82 i_con 4.75 plddt 0.33 ptm 0.89 i_ptm 0.12
68 models [1] recycles 0 hard 1 soft 0 temp 0.00 loss 4.82 i_con 4.75 plddt 0.33 ptm 0.89 i_ptm 0.12
69 models [1] recycles 0 hard 1 soft 0 temp 0.00 loss 4.82 i_con 4.75 plddt 0.33 ptm 0.89 i_ptm 0.12
70 models [1] recycles 0 hard 1 soft 0 temp 0.00 loss 4.82 i_con 4.75 plddt 0.33 ptm 0.89 i_ptm 0.12
71 models [0] recycles 0 hard 1 soft 0 temp 0.00 loss 4.66 i_con 4.59 plddt 0.30 ptm 0.87 i_ptm 0.17
72 models [0] recycles 0 hard 1 soft 0 temp 0.00 loss 4.66 i_con 4.59 plddt 0.30 ptm 0.87 i_ptm 0.17
73 models [1] recycles 0 hard 1 soft 0 temp 0.00 loss 4.82 i_con 4.75 plddt 0.33 ptm 0.89 i_ptm 0.12
74 models [1] recycles 0 hard 1 soft 0 temp 0.00 loss 4.82 i_con 4.75 plddt 0.33 ptm 0.89 i_ptm 0.12
75 models [1] recycles 0 hard 1 soft 0 temp 0.00 loss 4.82 i_con 4.75 plddt 0.33 ptm 0.89 i_ptm 0.12
76 models [0] recycles 0 hard 1 soft 0 temp 0.00 loss 4.66 i_con 4.59 plddt 0.30 ptm 0.87 i_ptm 0.17
77 models [0] recycles 0 hard 1 soft 0 temp 0.00 loss 4.66 i_con 4.59 plddt 0.30 ptm 0.87 i_ptm 0.17
78 models [1] recycles 0 hard 1 soft 0 temp 0.00 loss 4.82 i_con 4.75 plddt 0.33 ptm 0.89 i_ptm 0.12
79 models [0] recycles 0 hard 1 soft 0 temp 0.00 loss 4.66 i_con 4.59 plddt 0.30 ptm 0.87 i_ptm 0.17
80 models [1] recycles 0 hard 1 soft 0 temp 0.00 loss 4.82 i_con 4.75 plddt 0.33 ptm 0.89 i_ptm 0.12
  → seq=MWLFRPSSPNMKEWA  loss=4.8211  loss_af=4.8211  energy=-5.1960  i_ptm=0.1173
[18/20] input=FWLSRMSSPNMKEWA  seed=1 ...
1 models [0] recycles 0 hard 0 soft 0 temp 1 loss 4.89 i_con 4.82 plddt 0.35 ptm 0.87 i_ptm 0.16
2 models [0] recycles 0 hard 0 soft 0 temp 0.98 loss 4.45 i_con 4.38 plddt 0.32 ptm 0.87 i_ptm 0.20
3 models [1] recycles 0 hard 0 soft 0 temp 0.96 loss 5.34 i_con 5.28 plddt 0.39 ptm 0.88 i_ptm 0.09
4 models [1] recycles 0 hard 0 soft 0 temp 0.94 loss 4.98 i_con 4.91 plddt 0.36 ptm 0.88 i_ptm 0.14
5 models [0] recycles 0 hard 0 soft 0 temp 0.92 loss 4.56 i_con 4.49 plddt 0.35 ptm 0.87 i_ptm 0.19
6 models [0] recycles 0 hard 0 soft 0 temp 0.90 loss 4.45 i_con 4.39 plddt 0.37 ptm 0.87 i_ptm 0.19
7 models [0] recycles 0 hard 0 soft 0 temp 0.88 loss 4.28 i_con 4.21 plddt 0.33 ptm 0.87 i_ptm 0.24
8 models [0] recycles 0 hard 0 soft 0 temp 0.86 loss 4.19 i_con 4.13 plddt 0.34 ptm 0.87 i_ptm 0.21
9 models [0] recycles 0 hard 0 soft 0 temp 0.84 loss 4.06 i_con 4.00 plddt 0.36 ptm 0.87 i_ptm 0.24
10 models [1] recycles 0 hard 0 soft 0 temp 0.82 loss 4.70 i_con 4.64 plddt 0.35 ptm 0.88 i_ptm 0.14
11 models [1] recycles 0 hard 0 soft 0 temp 0.80 loss 4.50 i_con 4.44 plddt 0.36 ptm 0.88 i_ptm 0.16
12 models [0] recycles 0 hard 0 soft 0 temp 0.78 loss 4.50 i_con 4.44 plddt 0.38 ptm 0.87 i_ptm 0.21
13 models [1] recycles 0 hard 0 soft 0 temp 0.76 loss 4.71 i_con 4.65 plddt 0.38 ptm 0.88 i_ptm 0.15
14 models [0] recycles 0 hard 0 soft 0 temp 0.74 loss 4.12 i_con 4.06 plddt 0.37 ptm 0.87 i_ptm 0.23
15 models [0] recycles 0 hard 0 soft 0 temp 0.72 loss 4.18 i_con 4.11 plddt 0.36 ptm 0.87 i_ptm 0.24
16 models [1] recycles 0 hard 0 soft 0 temp 0.70 loss 4.34 i_con 4.28 plddt 0.39 ptm 0.89 i_ptm 0.23
17 models [1] recycles 0 hard 0 soft 0 temp 0.68 loss 4.21 i_con 4.14 plddt 0.38 ptm 0.88 i_ptm 0.26
18 models [0] recycles 0 hard 0 soft 0 temp 0.66 loss 3.97 i_con 3.90 plddt 0.36 ptm 0.87 i_ptm 0.27
19 models [1] recycles 0 hard 0 soft 0 temp 0.64 loss 4.20 i_con 4.14 plddt 0.38 ptm 0.89 i_ptm 0.25
20 models [1] recycles 0 hard 0 soft 0 temp 0.62 loss 4.24 i_con 4.18 plddt 0.37 ptm 0.89 i_ptm 0.24
21 models [1] recycles 0 hard 0 soft 0 temp 0.60 loss 3.68 i_con 3.62 plddt 0.39 ptm 0.89 i_ptm 0.34
22 models [0] recycles 0 hard 0 soft 0 temp 0.58 loss 3.86 i_con 3.79 plddt 0.36 ptm 0.87 i_ptm 0.28
23 models [1] recycles 0 hard 0 soft 0 temp 0.56 loss 3.75 i_con 3.69 plddt 0.41 ptm 0.89 i_ptm 0.34
24 models [1] recycles 0 hard 0 soft 0 temp 0.54 loss 4.04 i_con 3.98 plddt 0.38 ptm 0.89 i_ptm 0.30
25 models [0] recycles 0 hard 0 soft 0 temp 0.52 loss 3.98 i_con 3.92 plddt 0.33 ptm 0.87 i_ptm 0.27
26 models [1] recycles 0 hard 0 soft 0 temp 0.50 loss 3.76 i_con 3.70 plddt 0.42 ptm 0.89 i_ptm 0.33
27 models [1] recycles 0 hard 0 soft 0 temp 0.48 loss 3.69 i_con 3.63 plddt 0.41 ptm 0.89 i_ptm 0.36
28 models [1] recycles 0 hard 0 soft 0 temp 0.46 loss 3.36 i_con 3.30 plddt 0.42 ptm 0.90 i_ptm 0.43
29 models [0] recycles 0 hard 0 soft 0 temp 0.44 loss 3.86 i_con 3.79 plddt 0.36 ptm 0.87 i_ptm 0.29
30 models [1] recycles 0 hard 0 soft 0 temp 0.42 loss 3.33 i_con 3.28 plddt 0.45 ptm 0.89 i_ptm 0.42
31 models [1] recycles 0 hard 0 soft 0 temp 0.40 loss 3.51 i_con 3.46 plddt 0.43 ptm 0.89 i_ptm 0.37
32 models [1] recycles 0 hard 0 soft 0 temp 0.38 loss 3.36 i_con 3.30 plddt 0.44 ptm 0.89 i_ptm 0.45
33 models [0] recycles 0 hard 0 soft 0 temp 0.36 loss 4.00 i_con 3.93 plddt 0.38 ptm 0.87 i_ptm 0.27
34 models [0] recycles 0 hard 0 soft 0 temp 0.34 loss 3.65 i_con 3.59 plddt 0.37 ptm 0.87 i_ptm 0.33
35 models [0] recycles 0 hard 0 soft 0 temp 0.32 loss 3.86 i_con 3.79 plddt 0.37 ptm 0.87 i_ptm 0.29
36 models [0] recycles 0 hard 0 soft 0 temp 0.30 loss 3.79 i_con 3.73 plddt 0.37 ptm 0.88 i_ptm 0.30
37 models [0] recycles 0 hard 0 soft 0 temp 0.28 loss 3.59 i_con 3.52 plddt 0.39 ptm 0.88 i_ptm 0.36
38 models [1] recycles 0 hard 0 soft 0 temp 0.26 loss 3.37 i_con 3.32 plddt 0.43 ptm 0.89 i_ptm 0.41
39 models [1] recycles 0 hard 0 soft 0 temp 0.24 loss 3.25 i_con 3.19 plddt 0.44 ptm 0.89 i_ptm 0.43
40 models [1] recycles 0 hard 0 soft 0 temp 0.22 loss 3.40 i_con 3.35 plddt 0.43 ptm 0.89 i_ptm 0.44
41 models [0] recycles 0 hard 0 soft 0 temp 0.20 loss 3.63 i_con 3.56 plddt 0.38 ptm 0.88 i_ptm 0.36
42 models [0] recycles 0 hard 0 soft 0 temp 0.18 loss 3.77 i_con 3.71 plddt 0.39 ptm 0.87 i_ptm 0.34
43 models [0] recycles 0 hard 0 soft 0 temp 0.16 loss 3.44 i_con 3.39 plddt 0.45 ptm 0.88 i_ptm 0.42
44 models [0] recycles 0 hard 0 soft 0 temp 0.14 loss 3.30 i_con 3.24 plddt 0.45 ptm 0.88 i_ptm 0.45
45 models [0] recycles 0 hard 0 soft 0 temp 0.12 loss 3.36 i_con 3.30 plddt 0.43 ptm 0.88 i_ptm 0.41
46 models [0] recycles 0 hard 0 soft 0 temp 0.10 loss 3.54 i_con 3.49 plddt 0.41 ptm 0.88 i_ptm 0.36
47 models [1] recycles 0 hard 0 soft 0 temp 0.08 loss 3.59 i_con 3.53 plddt 0.42 ptm 0.89 i_ptm 0.41
48 models [0] recycles 0 hard 0 soft 0 temp 0.06 loss 3.10 i_con 3.05 plddt 0.46 ptm 0.88 i_ptm 0.46
49 models [0] recycles 0 hard 0 soft 0 temp 0.04 loss 3.24 i_con 3.18 plddt 0.45 ptm 0.88 i_ptm 0.46
50 models [1] recycles 0 hard 0 soft 0 temp 0.02 loss 2.89 i_con 2.84 plddt 0.52 ptm 0.90 i_ptm 0.55
51 models [1] recycles 0 hard 1 soft 0 temp 0.00 loss 4.94 i_con 4.87 plddt 0.31 ptm 0.89 i_ptm 0.09
52 models [0] recycles 0 hard 1 soft 0 temp 0.00 loss 4.63 i_con 4.56 plddt 0.31 ptm 0.87 i_ptm 0.18
53 models [1] recycles 0 hard 1 soft 0 temp 0.00 loss 4.94 i_con 4.87 plddt 0.31 ptm 0.89 i_ptm 0.09
54 models [1] recycles 0 hard 1 soft 0 temp 0.00 loss 4.94 i_con 4.87 plddt 0.31 ptm 0.89 i_ptm 0.09
55 models [0] recycles 0 hard 1 soft 0 temp 0.00 loss 4.63 i_con 4.56 plddt 0.31 ptm 0.87 i_ptm 0.18
56 models [0] recycles 0 hard 1 soft 0 temp 0.00 loss 4.63 i_con 4.56 plddt 0.31 ptm 0.87 i_ptm 0.18
57 models [0] recycles 0 hard 1 soft 0 temp 0.00 loss 4.63 i_con 4.56 plddt 0.31 ptm 0.87 i_ptm 0.18
58 models [1] recycles 0 hard 1 soft 0 temp 0.00 loss 4.94 i_con 4.87 plddt 0.31 ptm 0.89 i_ptm 0.09
59 models [0] recycles 0 hard 1 soft 0 temp 0.00 loss 4.63 i_con 4.56 plddt 0.31 ptm 0.87 i_ptm 0.18
60 models [1] recycles 0 hard 1 soft 0 temp 0.00 loss 4.94 i_con 4.87 plddt 0.31 ptm 0.89 i_ptm 0.09
61 models [1] recycles 0 hard 1 soft 0 temp 0.00 loss 4.94 i_con 4.87 plddt 0.31 ptm 0.89 i_ptm 0.09
62 models [0] recycles 0 hard 1 soft 0 temp 0.00 loss 4.63 i_con 4.56 plddt 0.31 ptm 0.87 i_ptm 0.18
63 models [0] recycles 0 hard 1 soft 0 temp 0.00 loss 4.63 i_con 4.56 plddt 0.31 ptm 0.87 i_ptm 0.18
64 models [1] recycles 0 hard 1 soft 0 temp 0.00 loss 4.94 i_con 4.87 plddt 0.31 ptm 0.89 i_ptm 0.09
65 models [0] recycles 0 hard 1 soft 0 temp 0.00 loss 4.63 i_con 4.56 plddt 0.31 ptm 0.87 i_ptm 0.18
66 models [0] recycles 0 hard 1 soft 0 temp 0.00 loss 4.63 i_con 4.56 plddt 0.31 ptm 0.87 i_ptm 0.18
67 models [0] recycles 0 hard 1 soft 0 temp 0.00 loss 4.63 i_con 4.56 plddt 0.31 ptm 0.87 i_ptm 0.18
68 models [0] recycles 0 hard 1 soft 0 temp 0.00 loss 4.63 i_con 4.56 plddt 0.31 ptm 0.87 i_ptm 0.18
69 models [1] recycles 0 hard 1 soft 0 temp 0.00 loss 4.94 i_con 4.87 plddt 0.31 ptm 0.89 i_ptm 0.09
70 models [1] recycles 0 hard 1 soft 0 temp 0.00 loss 4.94 i_con 4.87 plddt 0.31 ptm 0.89 i_ptm 0.09
71 models [0] recycles 0 hard 1 soft 0 temp 0.00 loss 4.63 i_con 4.56 plddt 0.31 ptm 0.87 i_ptm 0.18
72 models [0] recycles 0 hard 1 soft 0 temp 0.00 loss 4.63 i_con 4.56 plddt 0.31 ptm 0.87 i_ptm 0.18
73 models [1] recycles 0 hard 1 soft 0 temp 0.00 loss 4.94 i_con 4.87 plddt 0.31 ptm 0.89 i_ptm 0.09
74 models [1] recycles 0 hard 1 soft 0 temp 0.00 loss 4.94 i_con 4.87 plddt 0.31 ptm 0.89 i_ptm 0.09
75 models [1] recycles 0 hard 1 soft 0 temp 0.00 loss 4.94 i_con 4.87 plddt 0.31 ptm 0.89 i_ptm 0.09
76 models [1] recycles 0 hard 1 soft 0 temp 0.00 loss 4.94 i_con 4.87 plddt 0.31 ptm 0.89 i_ptm 0.09
77 models [0] recycles 0 hard 1 soft 0 temp 0.00 loss 4.63 i_con 4.56 plddt 0.31 ptm 0.87 i_ptm 0.18
78 models [0] recycles 0 hard 1 soft 0 temp 0.00 loss 4.63 i_con 4.56 plddt 0.31 ptm 0.87 i_ptm 0.18
79 models [0] recycles 0 hard 1 soft 0 temp 0.00 loss 4.63 i_con 4.56 plddt 0.31 ptm 0.87 i_ptm 0.18
80 models [1] recycles 0 hard 1 soft 0 temp 0.00 loss 4.94 i_con 4.87 plddt 0.31 ptm 0.89 i_ptm 0.09
  → seq=FYLFRMSSPNMKEWA  loss=4.9410  loss_af=4.9410  energy=-4.0161  i_ptm=0.0933
[19/20] input=FWLSRMSSPNMKEWA  seed=2 ...
1 models [1] recycles 0 hard 0 soft 0 temp 1 loss 5.79 i_con 5.73 plddt 0.43 ptm 0.88 i_ptm 0.10
2 models [0] recycles 0 hard 0 soft 0 temp 0.98 loss 4.83 i_con 4.76 plddt 0.35 ptm 0.87 i_ptm 0.16
3 models [0] recycles 0 hard 0 soft 0 temp 0.96 loss 4.84 i_con 4.78 plddt 0.34 ptm 0.87 i_ptm 0.17
4 models [1] recycles 0 hard 0 soft 0 temp 0.94 loss 5.03 i_con 4.97 plddt 0.40 ptm 0.88 i_ptm 0.12
5 models [1] recycles 0 hard 0 soft 0 temp 0.92 loss 4.98 i_con 4.92 plddt 0.38 ptm 0.88 i_ptm 0.11
6 models [0] recycles 0 hard 0 soft 0 temp 0.90 loss 4.59 i_con 4.52 plddt 0.34 ptm 0.87 i_ptm 0.19
7 models [1] recycles 0 hard 0 soft 0 temp 0.88 loss 5.12 i_con 5.05 plddt 0.35 ptm 0.88 i_ptm 0.09
8 models [0] recycles 0 hard 0 soft 0 temp 0.86 loss 4.37 i_con 4.30 plddt 0.36 ptm 0.87 i_ptm 0.22
9 models [1] recycles 0 hard 0 soft 0 temp 0.84 loss 4.83 i_con 4.77 plddt 0.39 ptm 0.88 i_ptm 0.16
10 models [0] recycles 0 hard 0 soft 0 temp 0.82 loss 4.10 i_con 4.03 plddt 0.34 ptm 0.87 i_ptm 0.26
11 models [1] recycles 0 hard 0 soft 0 temp 0.80 loss 4.43 i_con 4.37 plddt 0.38 ptm 0.88 i_ptm 0.23
12 models [0] recycles 0 hard 0 soft 0 temp 0.78 loss 4.61 i_con 4.54 plddt 0.33 ptm 0.87 i_ptm 0.18
13 models [0] recycles 0 hard 0 soft 0 temp 0.76 loss 4.06 i_con 4.00 plddt 0.36 ptm 0.87 i_ptm 0.25
14 models [0] recycles 0 hard 0 soft 0 temp 0.74 loss 4.11 i_con 4.04 plddt 0.38 ptm 0.87 i_ptm 0.25
15 models [0] recycles 0 hard 0 soft 0 temp 0.72 loss 4.09 i_con 4.02 plddt 0.36 ptm 0.87 i_ptm 0.24
16 models [0] recycles 0 hard 0 soft 0 temp 0.70 loss 3.96 i_con 3.90 plddt 0.36 ptm 0.87 i_ptm 0.26
17 models [0] recycles 0 hard 0 soft 0 temp 0.68 loss 4.12 i_con 4.05 plddt 0.38 ptm 0.87 i_ptm 0.24
18 models [0] recycles 0 hard 0 soft 0 temp 0.66 loss 4.08 i_con 4.01 plddt 0.37 ptm 0.87 i_ptm 0.23
19 models [1] recycles 0 hard 0 soft 0 temp 0.64 loss 4.28 i_con 4.22 plddt 0.38 ptm 0.88 i_ptm 0.22
20 models [1] recycles 0 hard 0 soft 0 temp 0.62 loss 4.14 i_con 4.07 plddt 0.35 ptm 0.89 i_ptm 0.25
21 models [1] recycles 0 hard 0 soft 0 temp 0.60 loss 4.18 i_con 4.11 plddt 0.35 ptm 0.88 i_ptm 0.25
22 models [1] recycles 0 hard 0 soft 0 temp 0.58 loss 4.23 i_con 4.17 plddt 0.35 ptm 0.88 i_ptm 0.24
23 models [0] recycles 0 hard 0 soft 0 temp 0.56 loss 4.15 i_con 4.08 plddt 0.34 ptm 0.87 i_ptm 0.22
24 models [0] recycles 0 hard 0 soft 0 temp 0.54 loss 3.92 i_con 3.86 plddt 0.35 ptm 0.87 i_ptm 0.27
25 models [0] recycles 0 hard 0 soft 0 temp 0.52 loss 3.83 i_con 3.77 plddt 0.34 ptm 0.87 i_ptm 0.29
26 models [1] recycles 0 hard 0 soft 0 temp 0.50 loss 4.03 i_con 3.96 plddt 0.35 ptm 0.89 i_ptm 0.28
27 models [1] recycles 0 hard 0 soft 0 temp 0.48 loss 4.10 i_con 4.04 plddt 0.35 ptm 0.89 i_ptm 0.28
28 models [1] recycles 0 hard 0 soft 0 temp 0.46 loss 4.03 i_con 3.96 plddt 0.37 ptm 0.88 i_ptm 0.25
29 models [0] recycles 0 hard 0 soft 0 temp 0.44 loss 3.82 i_con 3.75 plddt 0.36 ptm 0.87 i_ptm 0.29
30 models [0] recycles 0 hard 0 soft 0 temp 0.42 loss 3.72 i_con 3.65 plddt 0.36 ptm 0.87 i_ptm 0.32
31 models [0] recycles 0 hard 0 soft 0 temp 0.40 loss 3.72 i_con 3.66 plddt 0.36 ptm 0.88 i_ptm 0.32
32 models [1] recycles 0 hard 0 soft 0 temp 0.38 loss 3.71 i_con 3.64 plddt 0.39 ptm 0.89 i_ptm 0.37
33 models [1] recycles 0 hard 0 soft 0 temp 0.36 loss 3.60 i_con 3.54 plddt 0.41 ptm 0.89 i_ptm 0.41
34 models [0] recycles 0 hard 0 soft 0 temp 0.34 loss 3.60 i_con 3.54 plddt 0.39 ptm 0.87 i_ptm 0.33
35 models [1] recycles 0 hard 0 soft 0 temp 0.32 loss 3.89 i_con 3.83 plddt 0.37 ptm 0.89 i_ptm 0.32
36 models [1] recycles 0 hard 0 soft 0 temp 0.30 loss 3.62 i_con 3.56 plddt 0.41 ptm 0.89 i_ptm 0.37
37 models [0] recycles 0 hard 0 soft 0 temp 0.28 loss 3.48 i_con 3.42 plddt 0.41 ptm 0.87 i_ptm 0.38
38 models [0] recycles 0 hard 0 soft 0 temp 0.26 loss 3.57 i_con 3.51 plddt 0.38 ptm 0.88 i_ptm 0.35
39 models [0] recycles 0 hard 0 soft 0 temp 0.24 loss 3.52 i_con 3.46 plddt 0.40 ptm 0.87 i_ptm 0.37
40 models [1] recycles 0 hard 0 soft 0 temp 0.22 loss 3.47 i_con 3.41 plddt 0.41 ptm 0.89 i_ptm 0.39
41 models [1] recycles 0 hard 0 soft 0 temp 0.20 loss 3.55 i_con 3.49 plddt 0.38 ptm 0.89 i_ptm 0.33
42 models [1] recycles 0 hard 0 soft 0 temp 0.18 loss 3.67 i_con 3.60 plddt 0.39 ptm 0.89 i_ptm 0.34
43 models [1] recycles 0 hard 0 soft 0 temp 0.16 loss 3.54 i_con 3.48 plddt 0.39 ptm 0.89 i_ptm 0.39
44 models [0] recycles 0 hard 0 soft 0 temp 0.14 loss 3.69 i_con 3.63 plddt 0.37 ptm 0.88 i_ptm 0.31
45 models [0] recycles 0 hard 0 soft 0 temp 0.12 loss 3.43 i_con 3.37 plddt 0.38 ptm 0.87 i_ptm 0.36
46 models [0] recycles 0 hard 0 soft 0 temp 0.10 loss 3.31 i_con 3.25 plddt 0.40 ptm 0.87 i_ptm 0.35
47 models [0] recycles 0 hard 0 soft 0 temp 0.08 loss 3.58 i_con 3.52 plddt 0.38 ptm 0.87 i_ptm 0.34
48 models [1] recycles 0 hard 0 soft 0 temp 0.06 loss 3.29 i_con 3.24 plddt 0.43 ptm 0.89 i_ptm 0.39
49 models [1] recycles 0 hard 0 soft 0 temp 0.04 loss 3.03 i_con 2.97 plddt 0.46 ptm 0.89 i_ptm 0.41
50 models [1] recycles 0 hard 0 soft 0 temp 0.02 loss 3.06 i_con 3.01 plddt 0.47 ptm 0.89 i_ptm 0.42
51 models [1] recycles 0 hard 1 soft 0 temp 0.00 loss 4.85 i_con 4.79 plddt 0.31 ptm 0.89 i_ptm 0.12
52 models [1] recycles 0 hard 1 soft 0 temp 0.00 loss 4.85 i_con 4.79 plddt 0.31 ptm 0.89 i_ptm 0.12
53 models [1] recycles 0 hard 1 soft 0 temp 0.00 loss 4.85 i_con 4.79 plddt 0.31 ptm 0.89 i_ptm 0.12
54 models [1] recycles 0 hard 1 soft 0 temp 0.00 loss 4.85 i_con 4.79 plddt 0.31 ptm 0.89 i_ptm 0.12
55 models [1] recycles 0 hard 1 soft 0 temp 0.00 loss 4.85 i_con 4.79 plddt 0.31 ptm 0.89 i_ptm 0.12
56 models [0] recycles 0 hard 1 soft 0 temp 0.00 loss 4.33 i_con 4.26 plddt 0.30 ptm 0.87 i_ptm 0.20
57 models [0] recycles 0 hard 1 soft 0 temp 0.00 loss 4.33 i_con 4.26 plddt 0.30 ptm 0.87 i_ptm 0.20
58 models [0] recycles 0 hard 1 soft 0 temp 0.00 loss 4.33 i_con 4.26 plddt 0.30 ptm 0.87 i_ptm 0.20
59 models [0] recycles 0 hard 1 soft 0 temp 0.00 loss 4.33 i_con 4.26 plddt 0.30 ptm 0.87 i_ptm 0.20
60 models [0] recycles 0 hard 1 soft 0 temp 0.00 loss 4.33 i_con 4.26 plddt 0.30 ptm 0.87 i_ptm 0.20
61 models [1] recycles 0 hard 1 soft 0 temp 0.00 loss 4.85 i_con 4.79 plddt 0.31 ptm 0.89 i_ptm 0.12
62 models [1] recycles 0 hard 1 soft 0 temp 0.00 loss 4.85 i_con 4.79 plddt 0.31 ptm 0.89 i_ptm 0.12
63 models [1] recycles 0 hard 1 soft 0 temp 0.00 loss 4.85 i_con 4.79 plddt 0.31 ptm 0.89 i_ptm 0.12
64 models [0] recycles 0 hard 1 soft 0 temp 0.00 loss 4.33 i_con 4.26 plddt 0.30 ptm 0.87 i_ptm 0.20
65 models [1] recycles 0 hard 1 soft 0 temp 0.00 loss 4.85 i_con 4.79 plddt 0.31 ptm 0.89 i_ptm 0.12
66 models [0] recycles 0 hard 1 soft 0 temp 0.00 loss 4.33 i_con 4.26 plddt 0.30 ptm 0.87 i_ptm 0.20
67 models [0] recycles 0 hard 1 soft 0 temp 0.00 loss 4.33 i_con 4.26 plddt 0.30 ptm 0.87 i_ptm 0.20
68 models [0] recycles 0 hard 1 soft 0 temp 0.00 loss 4.33 i_con 4.26 plddt 0.30 ptm 0.87 i_ptm 0.20
69 models [1] recycles 0 hard 1 soft 0 temp 0.00 loss 4.85 i_con 4.79 plddt 0.31 ptm 0.89 i_ptm 0.12
70 models [0] recycles 0 hard 1 soft 0 temp 0.00 loss 4.33 i_con 4.26 plddt 0.30 ptm 0.87 i_ptm 0.20
71 models [0] recycles 0 hard 1 soft 0 temp 0.00 loss 4.33 i_con 4.26 plddt 0.30 ptm 0.87 i_ptm 0.20
72 models [1] recycles 0 hard 1 soft 0 temp 0.00 loss 4.85 i_con 4.79 plddt 0.31 ptm 0.89 i_ptm 0.12
73 models [1] recycles 0 hard 1 soft 0 temp 0.00 loss 4.85 i_con 4.79 plddt 0.31 ptm 0.89 i_ptm 0.12
74 models [1] recycles 0 hard 1 soft 0 temp 0.00 loss 4.85 i_con 4.79 plddt 0.31 ptm 0.89 i_ptm 0.12
75 models [0] recycles 0 hard 1 soft 0 temp 0.00 loss 4.33 i_con 4.26 plddt 0.30 ptm 0.87 i_ptm 0.20
76 models [0] recycles 0 hard 1 soft 0 temp 0.00 loss 4.33 i_con 4.26 plddt 0.30 ptm 0.87 i_ptm 0.20
77 models [0] recycles 0 hard 1 soft 0 temp 0.00 loss 4.33 i_con 4.26 plddt 0.30 ptm 0.87 i_ptm 0.20
78 models [0] recycles 0 hard 1 soft 0 temp 0.00 loss 4.33 i_con 4.26 plddt 0.30 ptm 0.87 i_ptm 0.20
79 models [1] recycles 0 hard 1 soft 0 temp 0.00 loss 4.85 i_con 4.79 plddt 0.31 ptm 0.89 i_ptm 0.12
80 models [1] recycles 0 hard 1 soft 0 temp 0.00 loss 4.85 i_con 4.79 plddt 0.31 ptm 0.89 i_ptm 0.12
  → seq=FWLAAPSSPNMKEWA  loss=4.8546  loss_af=4.8546  energy=-5.8782  i_ptm=0.1177
[20/20] input=FWLSRMSSPNMKEWA  seed=3 ...
1 models [1] recycles 0 hard 0 soft 0 temp 1 loss 5.66 i_con 5.60 plddt 0.39 ptm 0.88 i_ptm 0.09
2 models [1] recycles 0 hard 0 soft 0 temp 0.98 loss 5.33 i_con 5.27 plddt 0.39 ptm 0.88 i_ptm 0.09
3 models [0] recycles 0 hard 0 soft 0 temp 0.96 loss 4.64 i_con 4.57 plddt 0.32 ptm 0.87 i_ptm 0.18
4 models [0] recycles 0 hard 0 soft 0 temp 0.94 loss 4.61 i_con 4.54 plddt 0.32 ptm 0.87 i_ptm 0.19
5 models [1] recycles 0 hard 0 soft 0 temp 0.92 loss 4.89 i_con 4.83 plddt 0.37 ptm 0.88 i_ptm 0.12
6 models [1] recycles 0 hard 0 soft 0 temp 0.90 loss 5.13 i_con 5.07 plddt 0.41 ptm 0.88 i_ptm 0.10
7 models [1] recycles 0 hard 0 soft 0 temp 0.88 loss 4.62 i_con 4.56 plddt 0.40 ptm 0.88 i_ptm 0.19
8 models [0] recycles 0 hard 0 soft 0 temp 0.86 loss 4.38 i_con 4.31 plddt 0.33 ptm 0.87 i_ptm 0.21
9 models [0] recycles 0 hard 0 soft 0 temp 0.84 loss 4.16 i_con 4.10 plddt 0.34 ptm 0.87 i_ptm 0.24
10 models [0] recycles 0 hard 0 soft 0 temp 0.82 loss 4.31 i_con 4.25 plddt 0.34 ptm 0.87 i_ptm 0.24
11 models [1] recycles 0 hard 0 soft 0 temp 0.80 loss 4.41 i_con 4.35 plddt 0.39 ptm 0.89 i_ptm 0.21
12 models [0] recycles 0 hard 0 soft 0 temp 0.78 loss 4.02 i_con 3.96 plddt 0.36 ptm 0.87 i_ptm 0.26
13 models [0] recycles 0 hard 0 soft 0 temp 0.76 loss 4.10 i_con 4.03 plddt 0.35 ptm 0.87 i_ptm 0.24
14 models [0] recycles 0 hard 0 soft 0 temp 0.74 loss 4.26 i_con 4.19 plddt 0.32 ptm 0.87 i_ptm 0.21
15 models [1] recycles 0 hard 0 soft 0 temp 0.72 loss 4.28 i_con 4.21 plddt 0.36 ptm 0.89 i_ptm 0.22
16 models [0] recycles 0 hard 0 soft 0 temp 0.70 loss 3.93 i_con 3.87 plddt 0.36 ptm 0.87 i_ptm 0.27
17 models [0] recycles 0 hard 0 soft 0 temp 0.68 loss 4.05 i_con 3.99 plddt 0.36 ptm 0.87 i_ptm 0.26
18 models [1] recycles 0 hard 0 soft 0 temp 0.66 loss 4.31 i_con 4.25 plddt 0.36 ptm 0.89 i_ptm 0.21
19 models [1] recycles 0 hard 0 soft 0 temp 0.64 loss 4.47 i_con 4.40 plddt 0.36 ptm 0.89 i_ptm 0.21
20 models [1] recycles 0 hard 0 soft 0 temp 0.62 loss 4.33 i_con 4.27 plddt 0.37 ptm 0.88 i_ptm 0.20
21 models [1] recycles 0 hard 0 soft 0 temp 0.60 loss 4.09 i_con 4.02 plddt 0.38 ptm 0.89 i_ptm 0.24
22 models [0] recycles 0 hard 0 soft 0 temp 0.58 loss 4.03 i_con 3.96 plddt 0.36 ptm 0.87 i_ptm 0.26
23 models [0] recycles 0 hard 0 soft 0 temp 0.56 loss 3.79 i_con 3.73 plddt 0.37 ptm 0.88 i_ptm 0.30
24 models [1] recycles 0 hard 0 soft 0 temp 0.54 loss 4.23 i_con 4.16 plddt 0.37 ptm 0.89 i_ptm 0.25
25 models [1] recycles 0 hard 0 soft 0 temp 0.52 loss 3.99 i_con 3.92 plddt 0.38 ptm 0.89 i_ptm 0.27
26 models [1] recycles 0 hard 0 soft 0 temp 0.50 loss 3.65 i_con 3.59 plddt 0.44 ptm 0.89 i_ptm 0.32
27 models [0] recycles 0 hard 0 soft 0 temp 0.48 loss 3.91 i_con 3.84 plddt 0.37 ptm 0.87 i_ptm 0.27
28 models [1] recycles 0 hard 0 soft 0 temp 0.46 loss 3.77 i_con 3.71 plddt 0.38 ptm 0.89 i_ptm 0.33
29 models [1] recycles 0 hard 0 soft 0 temp 0.44 loss 4.15 i_con 4.09 plddt 0.36 ptm 0.89 i_ptm 0.26
30 models [1] recycles 0 hard 0 soft 0 temp 0.42 loss 3.51 i_con 3.45 plddt 0.43 ptm 0.89 i_ptm 0.39
31 models [1] recycles 0 hard 0 soft 0 temp 0.40 loss 3.30 i_con 3.25 plddt 0.45 ptm 0.90 i_ptm 0.40
32 models [0] recycles 0 hard 0 soft 0 temp 0.38 loss 4.09 i_con 4.02 plddt 0.34 ptm 0.87 i_ptm 0.26
33 models [1] recycles 0 hard 0 soft 0 temp 0.36 loss 3.59 i_con 3.53 plddt 0.40 ptm 0.89 i_ptm 0.34
34 models [0] recycles 0 hard 0 soft 0 temp 0.34 loss 3.84 i_con 3.77 plddt 0.37 ptm 0.88 i_ptm 0.33
35 models [0] recycles 0 hard 0 soft 0 temp 0.32 loss 3.91 i_con 3.85 plddt 0.35 ptm 0.87 i_ptm 0.28
36 models [1] recycles 0 hard 0 soft 0 temp 0.30 loss 3.43 i_con 3.38 plddt 0.42 ptm 0.90 i_ptm 0.40
37 models [0] recycles 0 hard 0 soft 0 temp 0.28 loss 3.73 i_con 3.67 plddt 0.38 ptm 0.88 i_ptm 0.33
38 models [1] recycles 0 hard 0 soft 0 temp 0.26 loss 3.36 i_con 3.30 plddt 0.41 ptm 0.89 i_ptm 0.39
39 models [1] recycles 0 hard 0 soft 0 temp 0.24 loss 3.15 i_con 3.09 plddt 0.47 ptm 0.90 i_ptm 0.44
40 models [0] recycles 0 hard 0 soft 0 temp 0.22 loss 3.88 i_con 3.82 plddt 0.37 ptm 0.87 i_ptm 0.30
41 models [0] recycles 0 hard 0 soft 0 temp 0.20 loss 3.69 i_con 3.63 plddt 0.38 ptm 0.87 i_ptm 0.34
42 models [1] recycles 0 hard 0 soft 0 temp 0.18 loss 3.29 i_con 3.23 plddt 0.43 ptm 0.89 i_ptm 0.42
43 models [1] recycles 0 hard 0 soft 0 temp 0.16 loss 3.10 i_con 3.05 plddt 0.45 ptm 0.90 i_ptm 0.44
44 models [0] recycles 0 hard 0 soft 0 temp 0.14 loss 3.43 i_con 3.37 plddt 0.40 ptm 0.88 i_ptm 0.40
45 models [1] recycles 0 hard 0 soft 0 temp 0.12 loss 2.78 i_con 2.73 plddt 0.50 ptm 0.90 i_ptm 0.49
46 models [0] recycles 0 hard 0 soft 0 temp 0.10 loss 3.42 i_con 3.36 plddt 0.43 ptm 0.87 i_ptm 0.40
47 models [1] recycles 0 hard 0 soft 0 temp 0.08 loss 3.15 i_con 3.09 plddt 0.42 ptm 0.90 i_ptm 0.44
48 models [0] recycles 0 hard 0 soft 0 temp 0.06 loss 3.41 i_con 3.35 plddt 0.41 ptm 0.88 i_ptm 0.42
49 models [0] recycles 0 hard 0 soft 0 temp 0.04 loss 3.79 i_con 3.73 plddt 0.39 ptm 0.88 i_ptm 0.35
50 models [0] recycles 0 hard 0 soft 0 temp 0.02 loss 3.41 i_con 3.36 plddt 0.42 ptm 0.88 i_ptm 0.41
51 models [0] recycles 0 hard 1 soft 0 temp 0.00 loss 4.30 i_con 4.23 plddt 0.30 ptm 0.87 i_ptm 0.21
52 models [1] recycles 0 hard 1 soft 0 temp 0.00 loss 4.91 i_con 4.84 plddt 0.30 ptm 0.89 i_ptm 0.12
53 models [0] recycles 0 hard 1 soft 0 temp 0.00 loss 4.30 i_con 4.23 plddt 0.30 ptm 0.87 i_ptm 0.21
54 models [1] recycles 0 hard 1 soft 0 temp 0.00 loss 4.91 i_con 4.84 plddt 0.30 ptm 0.89 i_ptm 0.12
55 models [1] recycles 0 hard 1 soft 0 temp 0.00 loss 4.91 i_con 4.84 plddt 0.30 ptm 0.89 i_ptm 0.12
56 models [0] recycles 0 hard 1 soft 0 temp 0.00 loss 4.30 i_con 4.23 plddt 0.30 ptm 0.87 i_ptm 0.21
57 models [0] recycles 0 hard 1 soft 0 temp 0.00 loss 4.30 i_con 4.23 plddt 0.30 ptm 0.87 i_ptm 0.21
58 models [0] recycles 0 hard 1 soft 0 temp 0.00 loss 4.30 i_con 4.23 plddt 0.30 ptm 0.87 i_ptm 0.21
59 models [1] recycles 0 hard 1 soft 0 temp 0.00 loss 4.91 i_con 4.84 plddt 0.30 ptm 0.89 i_ptm 0.12
60 models [1] recycles 0 hard 1 soft 0 temp 0.00 loss 4.91 i_con 4.84 plddt 0.30 ptm 0.89 i_ptm 0.12
61 models [1] recycles 0 hard 1 soft 0 temp 0.00 loss 4.91 i_con 4.84 plddt 0.30 ptm 0.89 i_ptm 0.12
62 models [0] recycles 0 hard 1 soft 0 temp 0.00 loss 4.30 i_con 4.23 plddt 0.30 ptm 0.87 i_ptm 0.21
63 models [1] recycles 0 hard 1 soft 0 temp 0.00 loss 4.91 i_con 4.84 plddt 0.30 ptm 0.89 i_ptm 0.12
64 models [1] recycles 0 hard 1 soft 0 temp 0.00 loss 4.91 i_con 4.84 plddt 0.30 ptm 0.89 i_ptm 0.12
65 models [1] recycles 0 hard 1 soft 0 temp 0.00 loss 4.91 i_con 4.84 plddt 0.30 ptm 0.89 i_ptm 0.12
66 models [0] recycles 0 hard 1 soft 0 temp 0.00 loss 4.30 i_con 4.23 plddt 0.30 ptm 0.87 i_ptm 0.21
67 models [1] recycles 0 hard 1 soft 0 temp 0.00 loss 4.91 i_con 4.84 plddt 0.30 ptm 0.89 i_ptm 0.12
68 models [1] recycles 0 hard 1 soft 0 temp 0.00 loss 4.91 i_con 4.84 plddt 0.30 ptm 0.89 i_ptm 0.12
69 models [0] recycles 0 hard 1 soft 0 temp 0.00 loss 4.30 i_con 4.23 plddt 0.30 ptm 0.87 i_ptm 0.21
70 models [0] recycles 0 hard 1 soft 0 temp 0.00 loss 4.30 i_con 4.23 plddt 0.30 ptm 0.87 i_ptm 0.21
71 models [1] recycles 0 hard 1 soft 0 temp 0.00 loss 4.91 i_con 4.84 plddt 0.30 ptm 0.89 i_ptm 0.12
72 models [1] recycles 0 hard 1 soft 0 temp 0.00 loss 4.91 i_con 4.84 plddt 0.30 ptm 0.89 i_ptm 0.12
73 models [0] recycles 0 hard 1 soft 0 temp 0.00 loss 4.30 i_con 4.23 plddt 0.30 ptm 0.87 i_ptm 0.21
74 models [0] recycles 0 hard 1 soft 0 temp 0.00 loss 4.30 i_con 4.23 plddt 0.30 ptm 0.87 i_ptm 0.21
75 models [0] recycles 0 hard 1 soft 0 temp 0.00 loss 4.30 i_con 4.23 plddt 0.30 ptm 0.87 i_ptm 0.21
76 models [1] recycles 0 hard 1 soft 0 temp 0.00 loss 4.91 i_con 4.84 plddt 0.30 ptm 0.89 i_ptm 0.12
77 models [0] recycles 0 hard 1 soft 0 temp 0.00 loss 4.30 i_con 4.23 plddt 0.30 ptm 0.87 i_ptm 0.21
78 models [0] recycles 0 hard 1 soft 0 temp 0.00 loss 4.30 i_con 4.23 plddt 0.30 ptm 0.87 i_ptm 0.21
79 models [0] recycles 0 hard 1 soft 0 temp 0.00 loss 4.30 i_con 4.23 plddt 0.30 ptm 0.87 i_ptm 0.21
80 models [0] recycles 0 hard 1 soft 0 temp 0.00 loss 4.30 i_con 4.23 plddt 0.30 ptm 0.87 i_ptm 0.21
  → seq=FYLSLMSSPNMKELA  loss=4.2960  loss_af=4.2960  energy=1.0798  i_ptm=0.2073

Saved 20 results to /home/share_nfs/342-Projets_BGE/342.3-Gen-Chem/342.3.2-BioInfo/342.3.2.8-SeqModels/protein_design/colabdesign_energy_guidance/prg/PA_PB1/results/opt_anneal_noenergy.json

==============================================================================================================
SUMMARY
==============================================================================================================
 seed  loss_total   loss_af    energy   i_ptm     ptm   plddt  input_seq  →  seq
--------------------------------------------------------------------------------------------------------------
    0      4.5252    4.5252    1.1337  0.1932  0.8890  0.3456  CHGYVYDHHKNQEVL  →  FFGYVYPHHKNQEVL
    1      4.7124    4.7124   -1.2077  0.2048  0.8889  0.3403  CHGYVYDHHKNQEVL  →  SHGYVYDWWKNQEVL
    2      2.9523    2.9523    9.3513  0.6994  0.9107  0.5529  CHGYVYDHHKNQEVL  →  RYAYLMDHFLNQEVL
    3      5.0729    5.0729    4.2013  0.1640  0.8709  0.2727  CHGYVYDHHKNQEVL  →  MHGYVYDWHKNMECL
    0      4.5677    4.5677    8.2712  0.2660  0.8903  0.3781  YVCNVYDHFARKEVL  →  YVQAVFDYFARKEVL
    1      5.8692    5.8692    0.4152  0.1278  0.8855  0.4045  YVCNVYDHFARKEVL  →  VVCNIYDILARKEVL
    2      4.4534    4.4534    4.9125  0.2330  0.8900  0.3452  YVCNVYDHFARKEVL  →  YVVGVFDHFARKEVL
    3      4.7914    4.7914    1.7479  0.1412  0.8699  0.2560  YVCNVYDHFARKEVL  →  FVCNVYDLFARAEVL
    0      4.7110    4.7110   -0.8045  0.1313  0.8872  0.2873  YHPQVEGSPEMKKCL  →  YHPQVEGSPELWMCL
    1      4.7362    4.7362    0.6411  0.1335  0.8874  0.2940  YHPQVEGSPEMKKCL  →  YHPQVEGSPELLLCL
    2      4.5434    4.5434   -0.4430  0.1526  0.8877  0.2839  YHPQVEGSPEMKKCL  →  YHPQVEGSPELAMFL
    3      4.3699    4.3699    0.5464  0.1780  0.8729  0.2644  YHPQVEGSPEMKKCL  →  YHPQVEGSPELLLSL
    0      6.4663    6.4663   -3.3797  0.0897  0.8852  0.4224  GWKQPTCSMKICKKL  →  GWKQPTESMKIQKKL
    1      5.9669    5.9669   -2.9032  0.1013  0.8854  0.3916  GWKQPTCSMKICKKL  →  GWKQPTVSMKIIKKL
    2      6.5336    6.5336   -0.5729  0.1063  0.8852  0.4002  GWKQPTCSMKICKKL  →  GWKQVTCSMPIQKKL
    3      5.6640    5.6640   -3.7414  0.1524  0.8697  0.3141  GWKQPTCSMKICKKL  →  GWKQPTCSMKIIKKL
    0      4.8211    4.8211   -5.1960  0.1173  0.8860  0.3276  FWLSRMSSPNMKEWA  →  MWLFRPSSPNMKEWA
    1      4.9410    4.9410   -4.0161  0.0933  0.8857  0.3129  FWLSRMSSPNMKEWA  →  FYLFRMSSPNMKEWA
    2      4.8546    4.8546   -5.8782  0.1177  0.8864  0.3115  FWLSRMSSPNMKEWA  →  FWLAAPSSPNMKEWA
    3      4.2960    4.2960    1.0798  0.2073  0.8741  0.2954  FWLSRMSSPNMKEWA  →  FYLSLMSSPNMKELA
---------------------------------------------
End time : Fri Apr  3 12:43:17 CEST 2026
